abaixa-ho	ə β 'a ʃ ə uw
abandona	ə β ə n d 'o n ə
abandonament	ə β ə n d u n ə m 'e n
abandonaments	ə β ə n d u n ə m 'e n s
abandonen	ə β ə n d 'o n ə n
abandonessin	ə β ə n d u n 'e s i n
abandoni	ə β ə n d 'o n i
abandonin	ə β ə n d 'o n i n
abandono	ə β ə n d 'o n u
abaratiment	ə β ə ɾ ə t i m 'e n
abaratiments	ə β ə ɾ ə t i m 'e n s
abarrocament	ə β ə r u k ə m 'e n
abassegadora	ə β ə s ə ɣ ə ð 'o ɾ ə
abastament	ə β ə s t ə m 'e n
abastiment	ə β ə s t i m 'e n
abatiment	ə β ə t i m 'e n
abatre'l	ə β 'a t ɾ ə l
abdomen	ə b d 'o m ə n
ablacions	ə β l ə s i 'o n s
ablació	ə β l ə s i 'o
aboca	ə β 'o k ə
abocament	ə β u k ə m 'e n
abocaments	ə β u k ə m 'e n s
abona	ə β 'o n ə
abonament	ə β u n ə m 'e n
abonaments	ə β u n ə m 'e n s
abonen	ə β 'o n ə n
aboni	ə β 'o n i
aboquen	ə β 'o k ə n
aboqui	ə β 'o k i
aborda	ə β 'o ɾ ð ə
aborden	ə β 'o ɾ ð ə n
abordessin	ə β u ɾ ð 'e s i n
abordi	ə β 'o ɾ ð i
abordin	ə β 'o ɾ ð i n
abraona	ə β ɾ ə 'o n ə
abruptament	ə β ɾ u p t ə m 'e n
absent	ə p s 'e n
absenta	ə p s 'e n t ə
absents	ə p s 'e n s
absolt	ə p s 'ɔ l t
absolts	ə p s 'ɔ l t s
absolutament	ə p s u l u t ə m 'e n
absorbent	ə p s u ɾ β 'e n
absort	ə p s 'ɔ r t
abstinents	ə p s t i n 'e n s
abstrets	ə p s t ɾ 'e t s
abstreure's	ə p s t ɾ 'ɛ uw ɾ ə s
absurd	ə p s 'u r t
absurdament	ə p s u ɾ ð ə m 'e n
abundantment	ə β u n d ə m m 'e n
abundosa	ə β u n d 'o z ə
acabament	ə k ə β ə m 'e n
acabessin	ə k ə β 'e s i n
acadèmicament	ə k ə ð ə m i k ə m 'e n
acarament	ə k ə ɾ ə m 'e n
acarnissament	ə k ə r n i s ə m 'e n
acarona	ə k ə ɾ 'o n ə
acatament	ə k ə t ə m 'e n
accelera	ə k s ə l 'e ɾ ə
acceleradament	ə k s ə l ə ɾ ə ð ə m 'e n
acceleren	ə k s ə l 'e ɾ ə n
accent	ə k s 'e n
accents	ə k s 'e n s
accepta	ə k s 'e p t ə
acceptablement	ə k s ə p t ə b b l ə m 'e n
accepten	ə k s 'e p t ə n
acceptes	ə k s 'e p t ə s
acceptessin	ə k s ə p t 'e s i n
accepti	ə k s 'e p t i
acceptin	ə k s 'e p t i n
accepto	ə k s 'e p t u
accessos	ə k s 'e s u s
accident	ə k s i ð 'e n
accidentalment	ə k s i ð ə n t ə l m 'e n
accidents	ə k s i ð 'e n s
acciona	ə k s i 'o n ə
acciones	ə k s i 'o n ə s
acer	ə s 'e r
aclaparadora	ə k l ə p ə ɾ ə ð 'o ɾ ə
aclaparadorament	ə k l ə p ə ɾ ə ð u ɾ ə m 'e n
aclaparadores	ə k l ə p ə ɾ ə ð 'o ɾ ə s
aclaridora	ə k l ə ɾ i ð 'o ɾ ə
aclariment	ə k l ə ɾ i m 'e n
aclariments	ə k l ə ɾ i m 'e n s
acoblament	ə k u b b l ə m 'e n
acoblen	ə k 'o b b l ə n
acollidora	ə k u ʎ i ð 'o ɾ ə
acolliment	ə k u ʎ i m 'e n
acomiadament	ə k u m i ə ð ə m 'e n
acomiadaments	ə k u m i ə ð ə m 'e n s
acomodament	ə k u m u ð ə m 'e n
acompanyament	ə k u m p ə ɲ ə m 'e n
acompanyaments	ə k u m p ə ɲ ə m 'e n s
acompliment	ə k u m p l i m 'e n
aconsella	ə k u n s 'e ʎ ə
aconsellen	ə k u n s 'e ʎ ə n
aconselli	ə k u n s 'e ʎ i
aconsellin	ə k u n s 'e ʎ i n
aconsello	ə k u n s 'e ʎ u
acontenta	ə k u n t 'e n t ə
acontenten	ə k u n t 'e n t ə n
acord	ə k 'ɔ r t
acordessin	ə k u ɾ ð 'e s i n
acords	ə k 'ɔ r s
acosta't	ə k 'ɔ s t ə t
acosta-t'hi	ə k 'ɔ s t ə t i
acostament	ə k u s t ə m 'e n
acostaments	ə k u s t ə m 'e n s
acostessin	ə k u s t 'e s i n
acríticament	ə k ɾ i t i k ə m 'e n
activament	ə k t i β ə m 'e n
actores	ə k t 'o ɾ ə s
actors-ballarins	ə k t u z β ə ʎ ə ɾ 'i n s
actors-directors	ə k t u z ð i ɾ ə k t 'o s
actualment	ə k t u ə l m 'e n
actuessin	ə k t u 'e s i n
actuïn	ə k t 'u i n
acuradament	ə k u ɾ ə ð ə m 'e n
acusadora	ə k u z ə ð 'o ɾ ə
adaptessin	ə ð ə p t 'e s i n
addicionalment	ə d d i s i u n ə l m 'e n
adell	ə ð 'e ʎ
adeptes	ə ð 'e p t ə s
adequa	ə ð 'e k w ə
adequadament	ə ð ə k w ə ð ə m 'e n
adeqüi	ə ð 'e k w i
adient	ə ð i 'e n
adients	ə ð i 'e n s
adjacent	ə d ʒ ə s 'e n
adjacents	ə d ʒ ə s 'e n s
admetent	ə d m ə t 'e n
admetre-ho	ə d m 'ɛ t ɾ ə uw
administrativament	ə d m i n i s t ɾ ə t i β ə m 'e n
admirablement	ə d m i ɾ ə b b l ə m 'e n
admiradora	ə d m i ɾ ə ð 'o ɾ ə
admiradores	ə d m i ɾ ə ð 'o ɾ ə s
adoctrinament	ə ð u k t ɾ i n ə m 'e n
adolescent	ə ð u l ə s 'e n
adolescents	ə ð u l ə s 'e n s
adona	ə ð 'o n ə
adonar-me'n	ə ð u n 'a r m ə n
adonar-nos-en	ə ð u n 'a r n u z ə n
adonar-se'n	ə ð u n 'a r s ə n
adonar-vos-en	ə ð u n 'a ɾ β u z ə n
adonen	ə ð 'o n ə n
adones	ə ð 'o n ə s
adonessin	ə ð u n 'e s i n
adoni	ə ð 'o n i
adonin	ə ð 'o n i n
adonis	ə ð 'o n i s
adono	ə ð 'o n u
adopta	ə ð 'o p t ə
adopten	ə ð 'o p t ə n
adora	ə ð 'o ɾ ə
adoren	ə ð 'o ɾ ə n
adorm	ə ð 'o r m
adormo	ə ð 'o r m u
adorna	ə ð 'o r n ə
adornen	ə ð 'o r n ə n
adquirent	ə t k i ɾ 'e n
adrecen	ə ð ɾ 'e s ə n
adreces	ə ð ɾ 'e s ə s
adreci	ə ð ɾ 'e s i
adreça	ə ð ɾ 'e s ə
adreço	ə ð ɾ 'e s u
adveniment	ə d b ə n i m 'e n
advertiment	ə d b ə r t i m 'e n
advertiments	ə d b ə r t i m 'e n s
advoca	ə d b 'o k ə
advoquen	ə d b 'o k ə n
advoqui	ə d b 'o k i
adàgio	a ð 'a ʒ i o
adéu-siau	ə ð ə uw s i 'a uw
adúlter	ə ð 'u l t ə r
aeroport	ə ə ɾ u p 'ɔ r t
aeroports	ə ə ɾ u p 'ɔ r s
aerosols	ə ə ɾ u s 'ɔ l s
afavoridora	ə f ə β u ɾ i ð 'o ɾ ə
afavoriment	ə f ə β u ɾ i m 'e n
afebliment	ə f ə b b l i m 'e n
afecta	ə f 'e k t ə
afecte	ə f 'e k t ə
afecten	ə f 'e k t ə n
afectes	ə f 'e k t ə s
afectessin	ə f ə k t 'e s i n
afecti	ə f 'e k t i
afectin	ə f 'e k t i n
afectivament	ə f ə k t i β ə m 'e n
afectuosa	ə f ə k t u 'o z ə
afectuoses	ə f ə k t u 'o z ə s
afectuosos	ə f ə k t u 'o z u s
afegir-n'hi	ə f ə ʒ 'i n i
afer	ə f 'e r
aferrissadament	ə f ə r i s ə ð ə m 'e n
afers	ə f 'e r s
afgano-pakistanesa	ə v ɣ ə n u p ə k i s t ə n 'ɛ z ə
afgà	ə v ɣ 'a
afirmativament	ə f i r m ə t i β ə m 'e n
aflorament	ə f l u ɾ ə m 'e n
afloraments	ə f l u ɾ ə m 'e n s
afluent	ə f l u 'e n
afluents	ə f l u 'e n s
afora	ə f 'o ɾ ə
aforament	ə f u ɾ ə m 'e n
aforaments	ə f u ɾ ə m 'e n s
afortunadament	ə f u r t u n ə ð ə m 'e n
afronta	ə f ɾ 'o n t ə
afronten	ə f ɾ 'o n t ə n
afronti	ə f ɾ 'o n t i
afrontin	ə f ɾ 'o n t i n
afronto	ə f ɾ 'o n t u
afruitat	ə f ɾ u j t 'a t
aftosa	ə f t 'o z ə
afuselladament	ə f u z ə ʎ ə ð ə m 'e n
afusellament	ə f u z ə ʎ ə m 'e n
afusellaments	ə f u z ə ʎ ə m 'e n s
agafa'm	ə ɣ 'a f ə m
agafant-me	ə ɣ ə f 'a m m ə
agafar-se-la	ə ɣ ə f 'a r s ə l ə
agafar-vos-ho	ə ɣ ə f 'a ɾ β u z u
agafessin	ə ɣ ə f 'e s i n
agafeu-vos-ho	ə ɣ ə f 'ɛ uw β u z u
agenda	ə ʒ 'e n d ə
agendes	ə ʒ 'e n d ə s
agent	ə ʒ 'e n
agents	ə ʒ 'e n s
agermanament	ə ʒ ə r m ə n ə m 'e n
agermanaments	ə ʒ ə r m ə n ə m 'e n s
aglutinadora	ə ɣ l u t i n ə ð 'o ɾ ə
agnelli	ə g n 'e ʎ i
agosarament	ə ɣ u z ə ɾ ə m 'e n
agradablement	ə ɣ ɾ ə ð ə b b l ə m 'e n
agradessin	ə ɣ ɾ ə ð 'e s i n
agrair-li	ə ɣ ɾ ə 'i r l i
agrairé	ə ɣ ɾ ə i ɾ 'e
agraïment	ə ɣ ɾ ə i m 'e n
agraïments	ə ɣ ɾ ə i m 'e n s
agredolces	ə ɣ ɾ ə ð 'o l s ə s
agredolça	ə ɣ ɾ ə ð 'o l s ə
agrega	ə ɣ ɾ 'e ɣ ə
agressivament	ə ɣ ɾ ə s i β ə m 'e n
agressora	ə ɣ ɾ ə s 'o ɾ ə
agreujament	ə ɣ ɾ ə uw ʒ ə m 'e n
agroindustrial	ə ɣ ɾ u j n d u s t ɾ i 'a l
agrupa'ls	ə ɣ ɾ 'u p ə l s
agrupament	ə ɣ ɾ u p ə m 'e n
aguantament	ə ɣ w ə n t ə m 'e n
agudells	ə ɣ u ð 'e ʎ s
agustí	ə ɣ u s t 'i
aiatol·là	ə y ə t u ʎ 'a
aiatol·làs	ə y ə t u ʎ 'a s
aiguafort	ə j ɣ w ə f 'ɔ r t
aiguaforts	ə j ɣ w ə f 'ɔ r s
aiguamolls	ə j ɣ w ə m 'ɔ ʎ s
aiguaneu	ə j ɣ w ə n 'e uw
aiguardent	ə j ɣ w ə ɾ ð 'e n
aigüera	ə j ɣ w 'e ɾ ə
aimara	ə j m 'a ɾ ə
airosament	ə j ɾ u z ə m 'e n
aixeca	ə ʃ 'e k ə
aixecament	ə ʃ ə k ə m 'e n
aixeco	ə ʃ 'e k u
aixella	ə ʃ 'e ʎ ə
aixelles	ə ʃ 'e ʎ ə s
aixequen	ə ʃ 'e k ə n
aixeques	ə ʃ 'e k ə s
aixequi	ə ʃ 'e k i
aixequin	ə ʃ 'e k i n
ajorna	ə ʒ 'o r n ə
ajornament	ə ʒ u r n ə m 'e n
ajornaments	ə ʒ u r n ə m 'e n s
ajornen	ə ʒ 'o r n ə n
ajorni	ə ʒ 'o r n i
ajornin	ə ʒ 'o r n i n
ajorno	ə ʒ 'o r n u
ajuda'm	ə ʒ 'u ð ə m
ajudessin	ə ʒ u ð 'e s i n
ajuntament	ə ʒ u n t ə m 'e n
ajuntaments	ə ʒ u n t ə m 'e n s
ajustadament	ə ʒ u s t ə ð ə m 'e n
ajustament	ə ʒ u s t ə m 'e n
ajustaments	ə ʒ u s t ə m 'e n s
ala-pivot	ə l ə p i β 'ɔ t
alauita	ə l ə w 'i t ə
albanokosovars	ə l β ə n u k u z u β 'a s
alberg	ə l β 'ɛ r k
albergs	ə l β 'ɛ r k s
albufera	ə l β u f 'e ɾ ə
alcohol	ə l k u 'ɔ l
alcohols	ə l k u 'ɔ l s
alcàsser	ə l k 'a s ə r
aldea	ə l d 'e ə
aldees	ə l d 'e ə s
aleatòriament	ə l e ə t u ɾ i ə m 'e n
alegra	ə l 'e ɣ ɾ ə
alegre	ə l 'e ɣ ɾ ə
alegrement	ə l ə ɣ ɾ ə m 'e n
alegren	ə l 'e ɣ ɾ ə n
alegres	ə l 'e ɣ ɾ ə s
alegro	ə l 'e ɣ ɾ u
alella	ə l 'e ʎ ə
alentiment	ə l ə n t i m 'e n
aler	ə l 'e
alers	ə l 'e s
alicients	ə l i s i 'e n s
aligots	ə l i ɣ 'ɔ t s
aliment	ə l i m 'e n
alimenta	ə l i m 'e n t ə
alimenten	ə l i m 'e n t ə n
alimenti	ə l i m 'e n t i
alimentin	ə l i m 'e n t i n
alimento	ə l i m 'e n t u
aliments	ə l i m 'e n s
alinea	ə l i n 'e ə
alineament	ə l i n e ə m 'e n
alineen	ə l i n 'e ə n
allargament	ə ʎ ə ɾ ɣ ə m 'e n
allargs	ə ʎ 'a r k s
aller	ə ʎ 'e
alleta	ə ʎ 'e t ə
alletin	ə ʎ 'e t i n
alleugeriment	ə ʎ ə uw ʒ ə ɾ i m 'e n
alleujament	ə ʎ ə uw ʒ ə m 'e n
allibera	ə ʎ i β 'e ɾ ə
alliberadora	ə ʎ i β ə ɾ ə ð 'o ɾ ə
alliberament	ə ʎ i β ə ɾ ə m 'e n
alliberen	ə ʎ i β 'e ɾ ə n
alliçonadora	ə ʎ i s u n ə ð 'o ɾ ə
allotjament	ə ʎ u d ʒ ə m 'e n
allotjaments	ə ʎ u d ʒ ə m 'e n s
allunyament	ə ʎ u ɲ ə m 'e n
allunyaments	ə ʎ u ɲ ə m 'e n s
almoiner	ə l m u j n 'e
altament	ə l t ə m 'e n
altera	ə l t 'e ɾ ə
alteren	ə l t 'e ɾ ə n
alternativament	ə l t ə r n ə t i β ə m 'e n
altisonants	ə l t i s u n 'a n s
altrament	ə l t ɾ ə m 'e n
al·licient	ə l i s i 'e n
al·lots	ə l 'ɔ t s
alçament	ə l s ə m 'e n
amablement	ə m ə b b l ə m 'e n
amarg	ə m 'a r k
amargament	ə m ə ɾ ɣ ə m 'e n
amargs	ə m 'a r k s
amatent	ə m ə t 'e n
amatents	ə m ə t 'e n s
amazones	ə m ə z 'o n ə s
amb	ə m
ambaixadora	ə m b ə ʃ ə ð 'o ɾ ə
ambaixadores	ə m b ə ʃ ə ð 'o ɾ ə s
ambdues	ə m d 'u ə s
ambdós	ə m d 'o s
ambiciosa	ə m b i s i 'o z ə
ambicioses	ə m b i s i 'o z ə s
ambiciosos	ə m b i s i 'o z u s
ambient	ə m b i 'e n
ambienta	ə m b i 'e n t ə
ambientalment	ə m b i ə n t ə l m 'e n
ambients	ə m b i 'e n s
ambigu	ə m b 'i ɣ u
ambigus	ə m b 'i ɣ u s
ambivalent	ə m b i β ə l 'e n
ambivalents	ə m b i β ə l 'e n s
amenacessin	ə m ə n ə s 'e s i n
amenaçadora	ə m ə n ə s ə ð 'o ɾ ə
amenaçadores	ə m ə n ə s ə ð 'o ɾ ə s
ametller	ə m ə ʎ ʎ 'e
ametllers	ə m ə ʎ ʎ 'e s
amfitriona	ə m f i t ɾ i 'o n ə
amfitriones	ə m f i t ɾ i 'o n ə s
amicalment	ə m i k ə l m 'e n
amistosa	ə m i s t 'o z ə
amistosament	ə m i s t u z ə m 'e n
amistoses	ə m i s t 'o z ə s
amistosos	ə m i s t 'o z u s
amor	ə m 'o r
amores	ə m 'o ɾ ə s
amorosa	ə m u ɾ 'o z ə
amorosament	ə m u ɾ u z ə m 'e n
amoroses	ə m u ɾ 'o z ə s
amorosos	ə m u ɾ 'o z u s
amors	ə m 'o r s
amotinament	ə m u t i n ə m 'e n
amours	ə m 'ɔ uw s
amplament	ə m p l ə m 'e n
ampliament	ə m p l i ə m 'e n
ampliïn	ə m p l 'i i n
ampolla	ə m p 'o ʎ ə
ampolles	ə m p 'o ʎ ə s
ampul·losa	ə m p u l 'o z ə
amuntegament	ə m u n t ə ɣ ə m 'e n
anaconda	ə n ə k 'o n d ə
anar-me'n	ə n 'a r m ə n
anar-se'n	ə n 'a r s ə n
anar-se-la	ə n 'a r s ə l ə
ancestre	ə n s 'e s t ɾ ə
ancestres	ə n s 'e s t ɾ ə s
ancora	ə ŋ k 'o ɾ ə
andorra	ə n d 'o r ə
andreu	ə n d ɾ 'e uw
anell	ə n 'e ʎ
anella	ə n 'e ʎ ə
anelles	ə n 'e ʎ ə s
anells	ə n 'e ʎ s
anessin	ə n 'e s i n
anessis	ə n 'e s i s
angloholandesa	ə ŋ g l u l ə n d 'ɛ z ə
anglosaxona	ə ŋ g l u s ə k s 'o n ə
anglosaxones	ə ŋ g l u s ə k s 'o n ə s
anglosaxons	ə ŋ g l u s ə k s 'o n s
anglosaxó	ə ŋ g l u s ə k s 'o
angoixa	ə ŋ g 'o ʃ ə
angoixes	ə ŋ g 'o ʃ ə s
angoixosa	ə ŋ g u ʃ 'o z ə
angoixosos	ə ŋ g u ʃ 'o z u s
angular	ə ŋ g u l 'a r
angulosos	ə ŋ g u l 'o z u s
animadora	ə n i m ə ð 'o ɾ ə
animadores	ə n i m ə ð 'o ɾ ə s
animosos	ə n i m 'o z u s
aniquilar	ə n i k i l 'a
anivellament	ə n i β ə ʎ ə m 'e n
annexa	ə n n 'e k s ə
anorreament	ə n u r e ə m 'e n
anotadora	ə n u t ə ð 'o ɾ ə
ansiosa	ə n s i 'o z ə
ansioses	ə n s i 'o z ə s
ansiosos	ə n s i 'o z u s
antecedent	ə n t ə s ə ð 'e n
antecedents	ə n t ə s ə ð 'e n s
antecessora	ə n t ə s ə s 'o ɾ ə
anterior	ə n t ə ɾ i 'o r
anteriorment	ə n t ə ɾ i u r m 'e n
anteriors	ə n t ə ɾ i 'o r s
antiacord	ə n t i ə k 'ɔ r t
antiavalots	ə n t i ə β ə l 'ɔ t s
antibloqueig	ə n t i β l u k 'ɛ tʃ
anticipadament	ə n t i s i p ə ð ə m 'e n
antifamosos	ə n t i f ə m 'o z u s
antigament	ə n t i ɣ ə m 'e n
antiglobalitzadora	ə n t i ɣ l u β ə l i d z ə ð 'o ɾ ə
antiglobalitzadores	ə n t i ɣ l u β ə l i d z ə ð 'o ɾ ə s
antiheroi	ə n t i ə ɾ 'ɔ j
antiherois	ə n t i ə ɾ 'ɔ j s
antiimmigració	ə n t i m m i ɣ ɾ ə s i 'o
antiinflamatoris	ə n t i m f l ə m ə t 'ɔ ɾ i s
antiislàmic	ə n t i z l 'a m i k
antiisraeliana	ə n t i z r ə e l i 'a n ə
antiisraelians	ə n t i z r ə e l i 'a n s
antiisraelià	ə n t i z r ə e l i 'a
antinord-americans	ə n t i n u r t ə m ə ɾ i k 'a n s
antinuclears	ə n t i n u k l e 'a r s
antipersona	ə n t i p ə r s 'o n ə
antiracista	ə n t i r ə s 'i s t ə
antiretroviral	ə n t i r ə t ɾ u β i ɾ 'a l
antirobatori	ə n t i r u β ə t 'ɔ ɾ i
antisemita	ə n t i s ə m 'i t ə
antisemites	ə n t i s ə m 'i t ə s
antisemitisme	ə n t i s ə m i t 'i z m ə
antisida	ə n t i s 'i ð ə
antisistema	ə n t i s i s t 'e m ə
antisocial	ə n t i s u s i 'a l
antisocialista	ə n t i s u s i ə l 'i s t ə
antisocials	ə n t i s u s i 'a l s
antitanc	ə n t i t 'a ŋ
antitransvasament	ə n t i t ɾ ə n z β ə z ə m 'e n
anualment	ə n u ə l m 'e n
anular	ə n u l 'a r
anunciessin	ə n u n s i 'e s i n
anunciïn	ə n u n s 'i i n
anyell	ə ɲ 'e ʎ
anyells	ə ɲ 'e ʎ s
anàrquicament	ə n ə r k i k ə m 'e n
anímicament	ə n i m i k ə m 'e n
anònimament	ə n u n i m ə m 'e n
apadrinament	ə p ə ð ɾ i n ə m 'e n
apaivagament	ə p ə j β ə ɣ ə m 'e n
apalancament	ə p ə l ə ŋ k ə m 'e n
apallissament	ə p ə ʎ i s ə m 'e n
aparatosa	ə p ə ɾ ə t 'o z ə
aparatoses	ə p ə ɾ ə t 'o z ə s
aparatosos	ə p ə ɾ ə t 'o z u s
aparcament	ə p ə r k ə m 'e n
aparcaments	ə p ə r k ə m 'e n s
aparegueren	ə p ə ɾ ə ɣ 'e ɾ ə n
apareguessin	ə p ə ɾ ə ɣ 'e s i n
apareixent	ə p ə ɾ ə ʃ 'e n
aparellament	ə p ə ɾ ə ʎ ə m 'e n
aparent	ə p ə ɾ 'e n
aparenta	ə p ə ɾ 'e n t ə
aparentment	ə p ə ɾ ə m m 'e n
aparents	ə p ə ɾ 'e n s
apart	ə p 'a r t
apartament	ə p ə r t ə m 'e n
apartaments	ə p ə r t ə m 'e n s
apassiona	ə p ə s i 'o n ə
apassionadament	ə p ə s i u n ə ð ə m 'e n
apassionament	ə p ə s i u n ə m 'e n
aplaudiment	ə p l ə uw ð i m 'e n
aplaudiments	ə p l ə uw ð i m 'e n s
apliquessin	ə p l i k 'e s i n
apodera	ə p u ð 'e ɾ ə
apoderen	ə p u ð 'e ɾ ə n
aportessin	ə p u r t 'e s i n
apoteosi	ə p u t ə 'ɔ z i
apoteòsic	ə p u t ə 'ɔ z i k
apreci	ə p ɾ 'e s i
apreciablement	ə p ɾ ə s i ə b b l ə m 'e n
aprendran	ə p ə n d ɾ 'a n
aprendre'n	ə p 'ɛ n d ɾ ə n
aprendre'ns	ə p 'ɛ n d ɾ ə n s
aprendre-la	ə p 'ɛ n d ɾ ə l ə
aprendrem	ə p ə n d ɾ 'ɛ m
aprendreu	ə p ə n d ɾ 'ɛ uw
aprendrà	ə p ə n d ɾ 'a
aprenent	ə p ɾ ə n 'e n
aprenents	ə p ɾ ə n 'e n s
apressa	ə p ɾ 'e s ə
apressen	ə p ɾ 'e s ə n
apretar-me-les	ə p ɾ ə t 'a r m ə l ə s
aprimament	ə p ɾ i m ə m 'e n
aprofitament	ə p ɾ u f i t ə m 'e n
aprofitaments	ə p ɾ u f i t ə m 'e n s
aprofitar-se'n	ə p ɾ u f i t 'a r s ə n
aprofitessin	ə p ɾ u f i t 'e s i n
aprofundiment	ə p ɾ u f u n d i m 'e n
aprop	ə p ɾ 'ɔ p
apropament	ə p ɾ u p ə m 'e n
apropaments	ə p ɾ u p ə m 'e n s
apropen	ə p ɾ 'o p ə n
apropo	ə p ɾ 'o p u
aproven	ə p ɾ 'o β ə n
aprovessin	ə p ɾ u β 'e s i n
aprovisionament	ə p ɾ u β i z i u n ə m 'e n
aprovisiones	ə p ɾ u β i z i 'o n ə s
aprox	ə p ɾ 'ɔ k s
aproximadament	ə p ɾ u k s i m ə ð ə m 'e n
apèndix	ə p 'ɛ n d i k s
aquest	ə k 'ɛ t
aquests	ə k 'ɛ t s
aqüífer	ə k w 'i f ə r
arbitràriament	ə ɾ β i t ɾ ə ɾ i ə m 'e n
arbre	'a β ɾ ə
arbre-home	ə β ɾ ə 'ɔ m ə
arbres	'a β ɾ ə s
ardent	ə ɾ ð 'e n
ardents	ə ɾ ð 'e n s
arestes	ə ɾ 'e s t ə s
argent	ə r ʒ 'e n
argot	ə ɾ ɣ 'ɔ t
argots	ə ɾ ɣ 'ɔ t s
argument	ə ɾ ɣ u m 'e n
argumenta	ə ɾ ɣ u m 'e n t ə
argumentalment	ə ɾ ɣ u m ə n t ə l m 'e n
argumenten	ə ɾ ɣ u m 'e n t ə n
argumentes	ə ɾ ɣ u m 'e n t ə s
argumenti	ə ɾ ɣ u m 'e n t i
arguments	ə ɾ ɣ u m 'e n s
argüint	ə ɾ ɣ u 'i n
argüir	ə ɾ ɣ u 'i
ariadna	ə ɾ i 'a n n ə
aritmèticament	ə ɾ i d m ə t i k ə m 'e n
armament	ə r m ə m 'e n
armaments	ə r m ə m 'e n s
aroma	ə ɾ 'o m ə
aromes	ə ɾ 'o m ə s
arquer	ə r k 'e
arraconament	ə r ə k u n ə m 'e n
arracono	ə r ə k 'o n u
arranjament	ə r ə n ʒ ə m 'e n
arranjaments	ə r ə n ʒ ə m 'e n s
arregla	ə r 'e g g l ə
arreglen	ə r 'e g g l ə n
arregli	ə r 'e g g l i
arreglin	ə r 'e g g l i n
arreglo	ə r 'e g g l u
arrelament	ə r ə l ə m 'e n
arrelaments	ə r ə l ə m 'e n s
arrendament	ə r ə n d ə m 'e n
arrendaments	ə r ə n d ə m 'e n s
arrest	ə r 'e s t
arresta	ə r 'e s t ə
arresti	ə r 'e s t i
arresto	ə r 'e s t u
arrestos	ə r 'e s t u s
arribessin	ə r i β 'e s i n
arrodoniment	ə r u ð u n i m 'e n
arrodoniments	ə r u ð u n i m 'e n s
arronsa	ə r 'o n s ə
arronsava	ə r u n s 'a β ə
arrossegament	ə r u s ə ɣ ə m 'e n
arrosseres	ə r u s 'e ɾ ə s
arrossos	ə r 'o s u s
arruinada	ə r u j n 'a ð ə
arruinats	ə r u j n 'a t s
artell	ə r t 'e ʎ
artells	ə r t 'e ʎ s
artesanalment	ə r t ə z ə n ə l m 'e n
artesanament	ə r t ə z ə n ə m 'e n
artificialment	ə r t i f i s i ə l m 'e n
artificiers	ə r t i f i s i 'e s
artificiosa	ə r t i f i s i 'o z ə
artur	ə r t 'u r
artísticament	ə r t i s t i k ə m 'e n
arxiprestos	ə r ʃ i p ɾ 'e s t u s
arxirival	ə r ʃ i r i β 'a l
arxivament	ə r ʃ i β ə m 'e n
arxiver	ə r ʃ i β 'e
arxivers	ə r ʃ i β 'e s
aràcnid	ə ɾ 'a g n i t
arítmia	ə r 'i d m i ə
ascendent	ə s ə n d 'e n
ascendents	ə s ə n d 'e n s
asfalt	ə s f 'a l t
asimetria	ə s i m ə t ɾ 'i ə
asimetries	ə s i m ə t ɾ 'i ə s
asimètric	ə s i m 'ɛ t ɾ i k
asimètrica	ə s i m 'ɛ t ɾ i k ə
asimètrics	ə s i m 'ɛ t ɾ i k s
asimètriques	ə s i m 'ɛ t ɾ i k ə s
aspecte	ə s p 'e k t ə
aspectes	ə s p 'e k t ə s
aspiradores	ə s p i ɾ ə ð 'o ɾ ə s
assabenta	ə s ə β 'e n t ə
assabenten	ə s ə β 'e n t ə n
assabentes	ə s ə β 'e n t ə s
assabenti	ə s ə β 'e n t i
assabentin	ə s ə β 'e n t i n
assabento	ə s ə β 'e n t u
assassinessin	ə s ə s i n 'e s i n
asseguradora	ə s ə ɣ u ɾ ə ð 'o ɾ ə
asseguradores	ə s ə ɣ u ɾ ə ð 'o ɾ ə s
assemblea	ə s ə m b l 'e ə
assemblees	ə s ə m b l 'e ə s
assenta	ə s 'e n t ə
assentament	ə s ə n t ə m 'e n
assentaments	ə s ə n t ə m 'e n s
assentiment	ə s ə n t i m 'e n
assenyala-li	ə s ə ɲ 'a l ə l i
assessora	ə s ə s 'o ɾ ə
assessorament	ə s ə s u ɾ ə m 'e n
assessoren	ə s ə s 'o ɾ ə n
assetgen	ə s 'e d ʒ ə n
assetja	ə s 'e d ʒ ə
assetjament	ə s ə d ʒ ə m 'e n
asseure'm	ə s 'ɛ uw ɾ ə m
asseure'ns	ə s 'ɛ uw ɾ ə n s
asseure's	ə s 'ɛ uw ɾ ə s
assevera	ə s ə β 'e ɾ ə
assistent	ə s i s t 'e n
assistenta	ə s i s t 'e n t ə
assistents	ə s i s t 'e n s
assoliment	ə s u l i m 'e n
assoliments	ə s u l i m 'e n s
assortiment	ə s u r t i m 'e n
assot	ə s 'ɔ t
assumpció	ə s u m s i 'o
assíduament	ə s i ð u ə m 'e n
astorament	ə s t u ɾ ə m 'e n
asímptotes	ə s 'i m t u t ə s
ataquessin	ə t ə k 'e s i n
atempta	ə t 'e m t ə
atempten	ə t 'e m t ə n
atempti	ə t 'e m t i
atemptin	ə t 'e m t i n
atendre	ə t 'e n d ɾ ə
atendre'l	ə t 'e n d ɾ ə l
atendre'ls	ə t 'e n d ɾ ə l s
atenent	ə t ə n 'e n
atengui	ə t 'e ŋ g i
atenguin	ə t 'e ŋ g i n
atent	ə t 'e n
atenta	ə t 'e n t ə
atentament	ə t ə n t ə m 'e n
atentes	ə t 'e n t ə s
atents	ə t 'e n s
aterridora	ə t ə r i ð 'o ɾ ə
ateu	ə t 'e uw
ateus	ə t 'e uw s
atlas	'a l l ə s
atles	'a l l ə s
atleta	ə l l 'ɛ t ə
atletes	ə l l 'ɛ t ə s
atletisme	ə l l ə t 'i z m ə
atlàntic	ə l l 'a n t i k
atlàntica	ə l l 'a n t i k ə
atlètic	ə l l 'ɛ t i k
atlètica	ə l l 'ɛ t i k ə
atlètics	ə l l 'ɛ t i k s
atlètiques	ə l l 'ɛ t i k ə s
atmosfera	ə d m u s f 'e ɾ ə
atmosferes	ə d m u s f 'e ɾ ə s
atocha	ə t 'ɔ tʃ ə
atorgament	ə t u ɾ ɣ ə m 'e n
atotxa	ə t 'o t ʃ ə
atracadores	ə t ɾ ə k ə ð 'o ɾ ə s
atracament	ə t ɾ ə k ə m 'e n
atracaments	ə t ɾ ə k ə m 'e n s
atraient	ə t ɾ ə y 'e n
atraients	ə t ɾ ə y 'e n s
atraure's	ə t ɾ 'a uw ɾ ə s
atret	ə t ɾ 'e t
atreta	ə t ɾ 'e t ə
atretes	ə t ɾ 'e t ə s
atrets	ə t ɾ 'e t s
atreviment	ə t ɾ ə β i m 'e n
atribuint-se	ə t ɾ i β u 'i n s ə
atribuir-ho	ə t ɾ i β u 'i ɾ u
atribuir-la	ə t ɾ i β u 'i r l ə
atribuir-li	ə t ɾ i β u 'i r l i
atribuir-lo	ə t ɾ i β u 'i r l u
atribuir-se	ə t ɾ i β u 'i r s ə
atropella	ə t ɾ u p 'e ʎ ə
atropellament	ə t ɾ u p ə ʎ ə m 'e n
atropellaments	ə t ɾ u p ə ʎ ə m 'e n s
atroç	ə t ɾ 'ɔ s
attrezzo	ə t ɾ 'e z z u
atur	ə t 'u r
aturessin	ə t u ɾ 'e s i n
atzar	ə d z 'a r
atzarosa	ə d z ə ɾ 'o z ə
auditora	ə uw ð i t 'o ɾ ə
augment	ə uw g m 'e n
augmenta	ə uw g m 'e n t ə
augmenten	ə uw g m 'e n t ə n
augmentessin	ə uw g m ə n t 'e s i n
augmenti	ə uw g m 'e n t i
augmentin	ə uw g m 'e n t i n
augments	ə uw g m 'e n s
auricular	ə uw ɾ i k u l 'a r
aurora	ə uw ɾ 'o ɾ ə
auster	ə uw s t 'e r
austera	ə uw s t 'e ɾ ə
austers	ə uw s t 'e r s
autocar	ə uw t u k 'a r
autocars	ə uw t u k 'a r s
autocartera	ə uw t u k ə r t 'e ɾ ə
autocomplaent	ə uw t u k u m p l ə 'e n
autoconeixement	ə uw t u k u n ə ʃ ə m 'e n
autocontrol	ə uw t u k u n t ɾ 'ɔ l
autoconvenciment	ə uw t u k u m b ə n s i m 'e n
autodestruir-se	ə uw t u ð ə s t ɾ u 'i r s ə
autoestop	ə uw t u ə s t 'ɔ p
autofinançament	ə uw t u f i n ə n s ə m 'e n
autogol	ə uw t u ɣ 'ɔ l
autohomenatge	ə uw t u m ə n 'a d ʒ ə
automàticament	ə uw t u m ə t i k ə m 'e n
autoocupació	ə uw t u k u p ə s i 'o
autora	ə uw t 'o ɾ ə
autorals	ə uw t u r 'a l s
autoreconeixement	ə uw t u r ə k u n ə ʃ ə m 'e n
autoreforma	ə uw t u r ə f 'o r m ə
autoregalar-se	ə uw t u r ə ɣ ə l 'a r s ə
autoregulació	ə uw t u r ə ɣ u l ə s i 'o
autoreparar	ə uw t u r ə p ə ɾ 'a
autores	ə uw t 'o ɾ ə s
autoretrat	ə uw t u r ə t ɾ 'a t
autoretrats	ə uw t u r ə t ɾ 'a t s
autosatisfacció	ə uw t u s ə t i s f ə k s i 'o
autoservei	ə uw t u s ə ɾ β 'ɛ j
autoservit	ə uw t u s ə ɾ β 'i t
autosuficient	ə uw t u s u f i s i 'e n
autosuficients	ə uw t u s u f i s i 'e n s
autotests	ə uw t u t 'e s t s
autènticament	ə uw t ə n t i k ə m 'e n
autònomament	ə uw t u n u m ə m 'e n
avalots	ə β ə l 'ɔ t s
avancessin	ə β ə n s 'e s i n
avantatjosa	ə β ə n t ə d ʒ 'o z ə
avantatjoses	ə β ə n t ə d ʒ 'o z ə s
avantatjosos	ə β ə n t ə d ʒ 'o z u s
avantbraç	ə β ə m b ɾ 'a s
avantguarda	ə β ə ŋ g w 'a ɾ ð ə
avantguardes	ə β ə ŋ g w 'a ɾ ð ə s
avantguardisme	ə β ə ŋ g w ə ɾ ð 'i z m ə
avantguardista	ə β ə ŋ g w ə ɾ ð 'i s t ə
avantguardistes	ə β ə ŋ g w ə ɾ ð 'i s t ə s
avantpassat	ə β ə m p ə s 'a t
avantpassats	ə β ə m p ə s 'a t s
avantprojecte	ə β ə m p ɾ u ʒ 'e k t ə
avantprojectes	ə β ə m p ɾ u ʒ 'e k t ə s
avançament	ə β ə n s ə m 'e n
avançaments	ə β ə n s ə m 'e n s
avar	ə β 'a r
avellaners	ə β ə ʎ ə n 'e s
aventurer	ə β ə n t u ɾ 'e
aventurera	ə β ə n t u ɾ 'e ɾ ə
aventureres	ə β ə n t u ɾ 'e ɾ ə s
aventurers	ə β ə n t u ɾ 'e s
aviadora	ə β i ə ð 'o ɾ ə
avinent	ə β i n 'e n
avisa'm	ə β 'i z ə m
avistament	ə β i s t ə m 'e n
avituallament	ə β i t u ə ʎ ə m 'e n
avorriment	ə β u r i m 'e n
avorriments	ə β u r i m 'e n s
avorta	ə β 'o r t ə
avortament	ə β u r t ə m 'e n
avortaments	ə β u r t ə m 'e n s
axioma	ə k s i 'o m ə
axiomes	ə k s i 'o m ə s
aïlladament	ə i ʎ ə ð ə m 'e n
aïllament	ə i ʎ ə m 'e n
bable	b 'a β l ə
badajoz	b ə ð ə ʒ 'o s
badalona	b ə ð ə l 'o n ə
badocs	b ə ð 'ɔ k s
baells	b ə 'e ʎ s
baixessin	b ə ʃ 'e s i n
balaguer	b ə l ə ɣ 'e
baldament	b ə l d ə m 'e n
balder	b ə l d 'e
balear	b ə l e 'a r
balears	b ə l e 'a r s
ballester	b ə ʎ ə s t 'e
baluard	b ə l u 'a r t
bananera	b ə n ə n 'e ɾ ə
banc	b 'a ŋ
bancs	b 'a ŋ s
bandera	b ə n d 'e ɾ ə
banderer	b ə n d ə ɾ 'e
banderes	b ə n d 'e ɾ ə s
bandoler	b ə n d u l 'e
bandolers	b ə n d u l 'e s
banotti	b ə n 'ɔ t i
banquer	b ə ŋ k 'e
banquers	b ə ŋ k 'e s
banyera	b ə ɲ 'e ɾ ə
bar	b 'a r
barbacoa	b ə ɾ β ə k 'o ə
barber	b ə ɾ β 'e
barcelona	b ə r s ə l 'o n ə
bard	b 'a r t
barraquer	b ə r ə k 'e
barrera	b ə r 'e ɾ ə
barreres	b ə r 'e ɾ ə s
barrinadora	b ə r i n ə ð 'o ɾ ə
barroc	b ə r 'ɔ k
barrocs	b ə r 'ɔ k s
barroer	b ə r u 'e
barroera	b ə r u 'e ɾ ə
barroerament	b ə r u ə ɾ ə m 'e n
barroeres	b ə r u 'e ɾ ə s
barroers	b ə r u 'e s
barrots	b ə r 'ɔ t s
basament	b ə z ə m 'e n
basc-espanyol	b ə s k ə s p ə ɲ 'ɔ l
bascular	b ə s k u l 'a r
bastament	b ə s t ə m 'e n
bastard	b ə s t 'a r t
bastiment	b ə s t i m 'e n
bastoners	b ə s t u n 'e s
batalladora	b ə t ə ʎ ə ð 'o ɾ ə
batedora	b ə t ə ð 'o ɾ ə
batedores	b ə t ə ð 'o ɾ ə s
batent	b ə t 'e n
batre'l	b 'a t ɾ ə l
batre's	b 'a t ɾ ə s
batxiller	b ə t ʃ i ʎ 'e r
batxillers	b ə t ʃ i ʎ 'e r s
be	b 'e
beisbol	b ə j z β 'ɔ l
beix	b 'e ʃ
belgrad	b ə l ɣ ɾ 'a t
bell	b 'e ʎ
bella	b 'e ʎ ə
belles	b 'e ʎ ə s
bells	b 'e ʎ s
bellver	b ə ʎ β 'e r
bel·licosos	b ə l i k 'o z u s
bemoll	b ə m 'ɔ ʎ
ben	b 'e n
benefactora	b ə n ə f ə k t 'o ɾ ə
benefactores	b ə n ə f ə k t 'o ɾ ə s
beneficiosa	b ə n ə f i s i 'o z ə
beneficioses	b ə n ə f i s i 'o z ə s
beneficiosos	b ə n ə f i s i 'o z u s
beneficiïn	b ə n ə f i s 'i i n
benidorm	b ə n i ð 'o r m
benpensant	b ə m p ə n s 'a n
benpensants	b ə m p ə n s 'a n s
bens	b 'e n s
benzinera	b ə n z i n 'e ɾ ə
benzineres	b ə n z i n 'e ɾ ə s
berber	b ə ɾ β 'e
berbers	b ə ɾ β 'e s
berga	b 'e ɾ ɣ ə
bes	b 'e s
beso	b 'e z u
bessona	b ə s 'o n ə
bessones	b ə s 'o n ə s
bestreta	b ə s t ɾ 'e t ə
betatesters	b ə t ə t ə s t 'e s
bevent	b ə β 'e n
biatleta	b i ə l l 'ɛ t ə
biatló	b i ə l l 'o
bicoca	b i k 'o k ə
bidell	b i ð 'e ʎ
bilateralment	b i l ə t ə ɾ ə l m 'e n
billar	b i ʎ 'a r
billars	b i ʎ 'a r s
bimestralment	b i m ə s t ɾ ə l m 'e n
bimotor	b i m u t 'o r
binocular	b i n u k u l 'a r
biològicament	b i u l u ʒ i k ə m 'e n
biosfera	b i u s f 'e ɾ ə
bipolar	b i p u l 'a r
bitlleter	b i ʎ ʎ ə t 'e
blanc-i-negres	b l ə ŋ i n 'ɛ ɣ ɾ ə s
blanc-i-verd	b l ə ŋ i β 'ɛ r t
blavosa	b l ə β 'o z ə
bloc	b l 'ɔ k
blocs	b l 'ɔ k s
bloquegessin	b l u k ə ʒ 'e s i n
bo	b 'ɔ
boca	b 'o k ə
bocamoll	b u k ə m 'ɔ ʎ
bocaterrosa	b u k ə t ə r 'o z ə
boda	b 'o ð ə
bodes	b 'o ð ə s
boga	b 'o ɣ ə
bogatell	b u ɣ ə t 'e ʎ
boi	b 'ɔ j
boicot	b u j k 'ɔ t
boicots	b u j k 'ɔ t s
boig	b 'ɔ tʃ
boirina	b u j ɾ 'i n ə
boirines	b u j ɾ 'i n ə s
boirosa	b u j ɾ 'o z ə
boixa	b 'o ʃ ə
boixos	b 'o ʃ u s
bojament	b u ʒ ə m 'e n
bol	b 'ɔ l
bolca	b 'o l k ə
bolero	b u l 'e ɾ u
boleros	b u l 'e ɾ u s
bolquen	b 'o l k ə n
bolquer	b u l k 'e
bolquers	b u l k 'e s
bomba	b 'o m b ə
bombarder	b u m b ə ɾ ð 'e
bombarders	b u m b ə ɾ ð 'e s
bomber	b u m b 'e
bombers	b u m b 'e s
bombes	b 'o m b ə s
bombo	b 'o m b u
bombolla	b u m b 'o ʎ ə
bombolles	b u m b 'o ʎ ə s
bombona	b u m b 'o n ə
bombones	b u m b 'o n ə s
bombos	b 'o m b u s
bon	b 'ɔ n
bonament	b u n ə m 'e n
bondadosa	b u n d ə ð 'o z ə
bonmenjar	b u m m ə n ʒ 'a
bons	b 'ɔ n s
boques	b 'o k ə s
bord	b 'o r t
borda	b 'o ɾ ð ə
bordell	b u ɾ ð 'e ʎ
bordells	b u ɾ ð 'e ʎ s
borden	b 'o ɾ ð ə n
bordo	b 'o ɾ ð u
borinot	b u ɾ i n 'ɔ t
borrascosos	b u r ə s k 'o z u s
borratxera	b u r ə t ʃ 'e ɾ ə
borratxeres	b u r ə t ʃ 'e ɾ ə s
borregos	b u r 'e ɣ u s
borrell	b u r 'e ʎ
borrosa	b u r 'o z ə
borsa	b 'o r s ə
borses	b 'o r s ə s
bosc	b 'ɔ s k
boscosa	b u s k 'o z ə
boscoses	b u s k 'o z ə s
bossa	b 'o s ə
bosses	b 'o s ə s
bota	b 'o t ə
botella	b u t 'e ʎ ə
botelles	b u t 'e ʎ ə s
boters	b u t 'e s
botes	b 'o t ə s
boti	b 'o t i
botifler	b u t i f l 'e
botiflera	b u t i f l 'e ɾ ə
botiflers	b u t i f l 'e s
botiguer	b u t i ɣ 'e
botiguera	b u t i ɣ 'e ɾ ə
botiguers	b u t i ɣ 'e s
bou	b 'ɔ uw
bous	b 'ɔ uw s
brasiler	b ɾ ə z i l 'e
brasilera	b ɾ ə z i l 'e ɾ ə
brasileres	b ɾ ə z i l 'e ɾ ə s
brasilers	b ɾ ə z i l 'e s
brasília	b ɾ ə z 'i l i ə
bravo	b ɾ 'a β o
bressol	b ɾ ə s 'ɔ l
bressols	b ɾ ə s 'ɔ l s
bretona	b ɾ ə t 'o n ə
bretones	b ɾ ə t 'o n ə s
bretxa	b ɾ 'e t ʃ ə
breu	b ɾ 'e uw
breument	b ɾ ə uw m 'e n
breus	b ɾ 'e uw s
brigadier	b ɾ i ɣ ə ð i 'e
brillantment	b ɾ i ʎ ə m m 'e n
britànico-holandesa	b ɾ i t ə n i k u l ə n d 'ɛ z ə
broc	b ɾ 'ɔ k
brocanters	b ɾ u k ə n t 'e s
broda	b ɾ 'o ð ə
brolla	b ɾ 'o ʎ ə
brollen	b ɾ 'o ʎ ə n
broma	b ɾ 'o m ə
bromera	b ɾ u m 'e ɾ ə
bromes	b ɾ 'o m ə s
bronze	b ɾ 'o n z ə
bronzejament	b ɾ u n z ə ʒ ə m 'e n
bronzes	b ɾ 'o n z ə s
brota	b ɾ 'o t ə
brou	b ɾ 'ɔ uw
bruguera	b ɾ u ɣ 'e ɾ ə
bruixot	b ɾ u ʃ 'ɔ t
bruixots	b ɾ u ʃ 'ɔ t s
brumbol	b ɾ u m b 'ɔ l
bruscament	b ɾ u s k ə m 'e n
brutalment	b ɾ u t ə l m 'e n
budells	b u ð 'e ʎ s
bufera	b u f 'e ɾ ə
bufona	b u f 'o n ə
buldòzers	b u l d 'ɔ z ə s
bulevard	b u l ə β 'a r t
bullent	b u ʎ 'e n
bungalou	b u ŋ g ə l 'ɔ uw
bunyol	b u ɲ 'ɔ l
bunyols	b u ɲ 'ɔ l s
busca-raons	b u s k ə r ə 'o n s
butaner	b u t ə n 'e
bàrbar	b 'a ɾ β ə
bàrbars	b 'a ɾ β ə s
bàsicament	b ə z i k ə m 'e n
búlgar	b 'u l ɣ ə r
cabareter	k ə β ə ɾ ə t 'e
cabaretera	k ə β ə ɾ ə t 'e ɾ ə
cabdell	k ə b d 'e ʎ
cabellera	k ə β ə ʎ 'e ɾ ə
cabelleres	k ə β ə ʎ 'e ɾ ə s
cabrera	k ə β ɾ 'e ɾ ə
cacera	k ə s 'e ɾ ə
caceres	k ə s 'e ɾ ə s
cadell	k ə ð 'e ʎ
cadells	k ə ð 'e ʎ s
cadira-robot	k ə ð i ɾ ə r u β 'ɔ t
cafetera	k ə f ə t 'e ɾ ə
cafè-teatre	k ə f ə t e 'a t ɾ ə
caganer	k ə ɣ ə n 'e
caganers	k ə ɣ ə n 'e s
caient	k ə y 'e n
caiguessin	k ə j ɣ 'e s i n
caixer	k ə ʃ 'e
caixera	k ə ʃ 'e ɾ ə
caixeres	k ə ʃ 'e ɾ ə s
caixers	k ə ʃ 'e s
calabossos	k ə l ə β 'o s u s
calaixera	k ə l ə ʃ 'e ɾ ə
calaixeres	k ə l ə ʃ 'e ɾ ə s
calamars	k ə l ə m 'a r s
calavera	k ə l ə β 'e ɾ ə
calaveres	k ə l ə β 'e ɾ ə s
calb	k 'a l p
calculadora	k ə l k u l ə ð 'o ɾ ə
calculadores	k ə l k u l ə ð 'o ɾ ə s
caldera	k ə l d 'e ɾ ə
calderers	k ə l d ə ɾ 'e s
calderos	k ə l d 'e ɾ u s
calent	k ə l 'e n
calenta	k ə l 'e n t ə
calentes	k ə l 'e n t ə s
calents	k ə l 'e n s
calorosa	k ə l u ɾ 'o z ə
calorosament	k ə l u ɾ u z ə m 'e n
calorosos	k ə l u ɾ 'o z u s
calçot	k ə l s 'ɔ t
calçots	k ə l s 'ɔ t s
camarasenc	k ə m ə r ə z 'ɛ ŋ
cambrer	k ə m b ɾ 'e
cambrera	k ə m b ɾ 'e ɾ ə
cambreres	k ə m b ɾ 'e ɾ ə s
cambrers	k ə m b ɾ 'e s
camell	k ə m 'e ʎ
camells	k ə m 'e ʎ s
camioner	k ə m i u n 'e
camioners	k ə m i u n 'e s
campament	k ə m p ə m 'e n
campaments	k ə m p ə m 'e n s
camperol	k ə m p ə ɾ 'ɔ l
camperols	k ə m p ə ɾ 'ɔ l s
campestre	k ə m p 'e s t ɾ ə
campiona	k ə m p i 'o n ə
campiones	k ə m p i 'o n ə s
camps	k 'a m s
canceller	k ə n s ə ʎ 'e
canceroses	k ə n s ə ɾ 'o z ə s
candent	k ə n d 'e n
candents	k ə n d 'e n s
canell	k ə n 'e ʎ
canells	k ə n 'e ʎ s
canicular	k ə n i k u l 'a r
canoa	k ə n 'o ə
canoners	k ə n u n 'e s
cansament	k ə n s ə m 'e n
cantarella	k ə n t ə ɾ 'e ʎ ə
cantautora	k ə n t ə uw t 'o ɾ ə
cantells	k ə n t 'e ʎ s
cantoneres	k ə n t u n 'e ɾ ə s
canviessin	k ə m b i 'e s i n
canviïn	k ə m b 'i i n
canyella	k ə ɲ 'e ʎ ə
canyelles	k ə ɲ 'e ʎ ə s
cançoner	k ə n s u n 'e
caos	k 'a o s
capbussa	k ə b b 'u s ə
capbussament	k ə b b u s ə m 'e n
capdavanter	k ə b d ə β ə n t 'e
capdavantera	k ə b d ə β ə n t 'e ɾ ə
capdavanteres	k ə b d ə β ə n t 'e ɾ ə s
capdavanters	k ə b d ə β ə n t 'e s
capdesetmanaire	k ə b d ə z ə d m ə n 'a j ɾ ə
capell	k ə p 'e ʎ
capella	k ə p 'e ʎ ə
capelles	k ə p 'e ʎ ə s
capficament	k ə p f i k ə m 'e n
capgira	k ə b ʒ 'i ɾ ə
capgirament	k ə b ʒ i ɾ ə m 'e n
capgiren	k ə b ʒ 'i ɾ ə n
capgrossos	k ə b g ɾ 'ɔ s u s
capgròs	k ə b g ɾ 'ɔ s
capir	k ə p 'i r
capitells	k ə p i t 'e ʎ s
capitost	k ə p i t 'ɔ s t
capmàs	k ə b m 'a s
capot	k ə p 'ɔ t
capriciosa	k ə p ɾ i s i 'o z ə
capricorn	k ə p ɾ i k 'ɔ r n
capritxosa	k ə p ɾ i t ʃ 'o z ə
capteniment	k ə p t ə n i m 'e n
capteniments	k ə p t ə n i m 'e n s
captivadora	k ə p t i β ə ð 'o ɾ ə
capvespre	k ə b b 'e s p ɾ ə
capvespres	k ə b b 'e s p ɾ ə s
capvesprol	k ə b b ə s p ɾ 'ɔ l
capçalera	k ə p s ə l 'e ɾ ə
capçaleres	k ə p s ə l 'e ɾ ə s
car	k 'a r
caragols	k ə ɾ ə ɣ 'ɔ l s
caramelles	k ə ɾ ə m 'e ʎ ə s
carboncle	k ə ɾ β 'o ŋ k l ə
carboncles	k ə ɾ β 'o ŋ k l ə s
card	k 'a r t
cardener	k ə ɾ ð ə n 'e
cardiorespiratòria	k ə ɾ ð i u r ə s p i ɾ ə t 'ɔ ɾ i ə
cardiovascular	k ə ɾ ð i u β ə s k u l 'a r
cargol	k ə ɾ ɣ 'ɔ l
cargols	k ə ɾ ɣ 'ɔ l s
carinyosament	k ə ɾ i ɲ u z ə m 'e n
carinyosos	k ə ɾ i ɲ 'o z u s
carnero	k ə r n 'e ɾ u
carnisser	k ə r n i s 'e
carnissers	k ə r n i s 'e s
carrabiner	k ə r ə β i n 'e
carrabiners	k ə r ə β i n 'e s
carrega-la	k ə r 'ɛ ɣ ə l ə
carregament	k ə r ə ɣ ə m 'e n
carrer	k ə r 'e
carrera	k ə r 'e ɾ ə
carreras	k ə r 'e ɾ ə s
carreres	k ə r 'e ɾ ə s
carrers	k ə r 'e s
carretera	k ə r ə t 'e ɾ ə
carreteres	k ə r ə t 'e ɾ ə s
carrilers	k ə r i l 'e s
carrinclona	k ə r i ŋ k l 'o n ə
cars	k 'a r s
cartell	k ə r t 'e ʎ
cartellera	k ə r t ə ʎ 'e ɾ ə
cartelleres	k ə r t ə ʎ 'e ɾ ə s
cartells	k ə r t 'e ʎ s
carter	k ə r t 'e
cartera	k ə r t 'e ɾ ə
carteres	k ə r t 'e ɾ ə s
carters	k ə r t 'e s
cartilaginoses	k ə r t i l ə ʒ i n 'o z ə s
cartoixa	k ə r t 'o ʃ ə
cartutx	k ə r t 'u tʃ
caràcter	k ə ɾ 'a k t ə r
casalot	k ə z ə l 'ɔ t
casament	k ə z ə m 'e n
casaments	k ə z ə m 'e n s
casella	k ə z 'e ʎ ə
caselles	k ə z 'e ʎ ə s
casposa	k ə s p 'o z ə
castanyer	k ə s t ə ɲ 'e
castell	k ə s t 'e ʎ
castella	k ə s t 'e ʎ ə
casteller	k ə s t ə ʎ 'e
castellera	k ə s t ə ʎ 'e ɾ ə
castelleres	k ə s t ə ʎ 'e ɾ ə s
castellers	k ə s t ə ʎ 'e s
castells	k ə s t 'e ʎ s
castellterçol	k ə s t ə ʎ t ə r s 'ɔ l
castellà-català	k ə s t ə ʎ ə k ə t ə l 'a
castradora	k ə s t ɾ ə ð 'o ɾ ə
casts	k 'a s t s
casualment	k ə z u ə l m 'e n
català-anglès	k ə t ə l ə ə ŋ g l 'ɛ s
català-valencià-balear	k ə t ə l ə β ə l ə n s i ə β ə l e 'a r
categòricament	k ə t ə ɣ u ɾ i k ə m 'e n
catorze	k ə t 'o r z ə
caure'ls	k 'a uw ɾ ə l s
caure-li	k 'a uw ɾ ə l i
causa-efecte	k ə uw z ə f 'e k t ə
causessin	k ə uw z 'e s i n
cautelarment	k ə uw t ə l ə r m 'e n
cautelosa	k ə uw t ə l 'o z ə
cautelosos	k ə uw t ə l 'o z u s
cavaller	k ə β ə ʎ 'e
cavallers	k ə β ə ʎ 'e s
caviar	k ə β i 'a r
caçabombarders	k ə s ə β u m b ə ɾ ð 'e s
caçadora	k ə s ə ð 'o ɾ ə
caçadores	k ə s ə ð 'o ɾ ə s
caçatalents	k ə s ə t ə l 'e n s
cd-rom	k r 'o m
ce	s 'e
ceballots	s ə β ə ʎ 'ɔ t s
cebes	s 'e β ə s
cec	s 'e k
cecs	s 'e k s
cega	s 'e ɣ ə
cegament	s ə ɣ ə m 'e n
cegues	s 'e ɣ ə s
celebra	s ə l 'e β ɾ ə
celebren	s ə l 'e β ɾ ə n
celebressin	s ə l ə β ɾ 'e s i n
celebri	s ə l 'e β ɾ i
celebrin	s ə l 'e β ɾ i n
celebro	s ə l 'e β ɾ u
celestes	s ə l 'e s t ə s
celler	s ə ʎ 'e
cellers	s ə ʎ 'e s
cells	s 'e ʎ s
cel·lulars	s ə l u l 'a s
cel·lulosa	s ə l u l 'o z ə
cendrer	s ə n d ɾ 'e
cendrers	s ə n d ɾ 'e s
censora	s ə n s 'o ɾ ə
cent	s 'e n
centelles	s ə n t 'e ʎ ə s
centes	s 'e n t ə s
centra	s 'e n t ɾ ə
centralitzadora	s ə n t ɾ ə l i d z ə ð 'o ɾ ə
centre	s 'e n t ɾ ə
centreamericans	s ə n t ɾ ə m ə ɾ i k 'a n s
centreamericà	s ə n t ɾ ə m ə ɾ i k 'a
centreasiàtic	s ə n t ɾ ə z i 'a t i k
centreesquerra	s ə n t ɾ ə s k 'ɛ r ə
centreeuropea	s ə n t ɾ ə uw ɾ u p 'ɛ ə
centreeuropeu	s ə n t ɾ ə uw ɾ u p 'ɛ uw
centreeuropeus	s ə n t ɾ ə uw ɾ u p 'ɛ uw s
centren	s 'e n t ɾ ə n
centres	s 'e n t ɾ ə s
centressin	s ə n t ɾ 'e s i n
centri	s 'e n t ɾ i
centrin	s 'e n t ɾ i n
centro	s 'e n t ɾ u
cents	s 'e n s
centígrads	s ə n t 'i ɣ ɾ ə t s
ceptre	s 'e p t ɾ ə
cercle	s 'e r k l ə
cercles	s 'e r k l ə s
ceres	s 'e ɾ ə s
certament	s ə r t ə m 'e n
certs	s 'ɛ r s
cervell	s ə ɾ β 'e ʎ
cervells	s ə ɾ β 'e ʎ s
cervera	s ə ɾ β 'e ɾ ə
cerveser	s ə ɾ β ə z 'e
cervesera	s ə ɾ β ə z 'e ɾ ə
cessa	s 'e s ə
cessament	s ə s ə m 'e n
cessaments	s ə s ə m 'e n s
cessen	s 'e s ə n
cessi	s 'e s i
cessin	s 'e s i n
chamonix	tʃ ə m u n 'i k s
cheng	tʃ 'ɛ ŋ
chicago	tʃ i k 'a ɣ u
chirac	tʃ i ɾ 'a k
chocolat	tʃ u k u l 'a t
cianur	s i ə n 'u r
ciberenquestes	s i β ə ɾ ə ŋ k 'e s t ə s
ciclomotor	s i k l u m u t 'o r
ciclomotors	s i k l u m u t 'o r s
cient	s i 'e n
científicament	s i ə n t i f i k ə m 'e n
científico-tècniques	s i ə n t i f i k u t 'ɛ g n i k ə s
cigar	s i ɣ 'a r
cigarrera	s i ɣ ə r 'e ɾ ə
cigars	s i ɣ 'a r s
cigonyes	s i ɣ 'o ɲ ə s
ciment	s i m 'e n
cimentera	s i m ə n t 'e ɾ ə
ciments	s i m 'e n s
cimera	s i m 'e ɾ ə
cimeres	s i m 'e ɾ ə s
cinc-centes	s i ŋ s 'e n t ə s
cinc-cents	s i ŋ s 'e n s
cinematogràficament	s i n ə m ə t u ɣ ɾ ə f i k ə m 'e n
cineme	s i n 'e m ə
cinglera	s i ŋ g l 'e ɾ ə
cingleres	s i ŋ g l 'e ɾ ə s
cinquanta-dos	s i ŋ k w ə n t ə ð 'o s
cinquanta-nou	s i ŋ k w ə n t ə n 'ɔ uw
cinquanta-sis	s i ŋ k w ə n t ə s 'i s
cinquanta-tres	s i ŋ k w ə n t ə t ɾ 'ɛ s
cinquanta-u	s i ŋ k w ə n t ə 'u
cir	s 'i r
circulars	s i r k u l 'a s
circumval·lació	s i r k u m b 'a l ə s i 'o
cirera	s i ɾ 'e ɾ ə
cirerers	s i ɾ ə ɾ 'e s
cireres	s i ɾ 'e ɾ ə s
cisallament	s i z ə ʎ ə m 'e n
cisjordana	s i ʒ u ɾ ð 'a n ə
cisjordà	s i ʒ u ɾ ð 'a
cistell	s i s t 'e ʎ
cistella	s i s t 'e ʎ ə
cistelles	s i s t 'e ʎ ə s
ciutadella	s i uw t ə ð 'e ʎ ə
civilitzadament	s i β i l i d z ə ð ə m 'e n
civilitzadora	s i β i l i d z ə ð 'o ɾ ə
civilment	s i β i l m 'e n
ciència-ficció	s i ə n s i ə f i k s i 'o
clamorosa	k l ə m u ɾ 'o z ə
clamorosament	k l ə m u ɾ u z ə m 'e n
clamorosos	k l ə m u ɾ 'o z u s
clandestinament	k l ə n d ə s t i n ə m 'e n
clarament	k l ə ɾ ə m 'e n
clarificadora	k l ə ɾ i f i k ə ð 'o ɾ ə
clarivident	k l ə ɾ i β i ð 'e n
clarividents	k l ə ɾ i β i ð 'e n s
claríssimament	k l ə ɾ i s i m ə m 'e n
clatell	k l ə t 'e ʎ
claudàtor	k l ə uw ð 'a t o r
claudàtors	k l ə uw ð 'a t o r s
clauer	k l ə w 'e
clauers	k l ə w 'e s
claveguera	k l ə β ə ɣ 'e ɾ ə
clavegueres	k l ə β ə ɣ 'e ɾ ə s
clavells	k l ə β 'e ʎ s
clemenza	k l ə m 'e n z ə
client	k l i 'e n
clienta	k l i 'e n t ə
clientes	k l i 'e n t ə s
clients	k l i 'e n s
clixé	k l i ʃ 'e
clixés	k l i ʃ 'e s
cloenda	k l u 'e n d ə
clon	k l 'ɔ n
clor	k l 'ɔ r
clos	k l 'ɔ s
clot	k l 'ɔ t
clou	k l 'ɔ uw
cloure's	k l 'ɔ uw ɾ ə s
clínicament	k l i n i k ə m 'e n
clústers	k l 'u s t ə s
coautora	k u ə uw t 'o ɾ ə
coberts	k u β 'ɛ r s
cobla	k 'o b b l ə
cobles	k 'o b b l ə s
cobrament	k u β ɾ ə m 'e n
cobraments	k u β ɾ ə m 'e n s
cobressin	k u β ɾ 'e s i n
cobriment	k u β ɾ i m 'e n
coc	k 'ɔ k
coca	k 'o k ə
coclear	k u k l e 'a r
coco	k 'o k u
coctelera	k u k t ə l 'e ɾ ə
codesenvolupament	k u ð ə z ə m b u l u p ə m 'e n
codirectora	k u ð i ɾ ə k t 'o ɾ ə
coeficient	k u ə f i s i 'e n
coeficients	k u ə f i s i 'e n s
coent	k u 'e n
cofinançament	k u f i n ə n s ə m 'e n
cofoi	k u f 'ɔ j
cofois	k u f 'ɔ j s
cofundadora	k u f u n d ə ð 'o ɾ ə
cognom	k u g n 'ɔ m
cognoms	k u g n 'ɔ m s
cogombre	k u ɣ 'o m b ɾ ə
coherent	k u ə ɾ 'e n
coherentment	k u ə ɾ ə m m 'e n
coherents	k u ə ɾ 'e n s
cohesiona	k u ə z i 'o n ə
coincident	k u i n s i ð 'e n
coincidents	k u i n s i ð 'e n s
coiot	k u y 'ɔ t
coiots	k u y 'ɔ t s
coit	k 'ɔ j t
coixa	k 'o ʃ ə
colesterol	k u l ə s t ə ɾ 'ɔ l
coll	k 'ɔ ʎ
colls	k 'ɔ ʎ s
colltort	k u ʎ t 'ɔ r t
colona	k u l 'o n ə
colonitzadora	k u l u n i d z ə ð 'o ɾ ə
colossos	k u l 'o s u s
colpidora	k u l p i ð 'o ɾ ə
colpidores	k u l p i ð 'o ɾ ə s
cols	k 'ɔ l s
colze	k 'o l z ə
colzes	k 'o l z ə s
col·labora	k u l ə β 'o ɾ ə
col·laboradora	k u l ə β u ɾ ə ð 'o ɾ ə
col·laboradores	k u l ə β u ɾ ə ð 'o ɾ ə s
col·laboren	k u l ə β 'o ɾ ə n
col·laboressin	k u l ə β u ɾ 'e s i n
col·laboro	k u l ə β 'o ɾ u
col·lecciona	k u l ə k s i 'o n ə
col·lecta	k u l 'e k t ə
col·lectivament	k u l ə k t i β ə m 'e n
col·loquialment	k u l u k i ə l m 'e n
colíders	k u l 'i ð ə s
coma	k 'o m ə
comandament	k u m ə n d ə m 'e n
comandaments	k u m ə n d ə m 'e n s
combatent	k u m b ə t 'e n
combatents	k u m b ə t 'e n s
combatre'l	k u m b 'a t ɾ ə l
combatre-ho	k u m b 'a t ɾ ə uw
combatre-la	k u m b 'a t ɾ ə l ə
combinessin	k u m b i n 'e s i n
comboi	k u m b 'ɔ j
combois	k u m b 'ɔ j s
combrega	k u m b ɾ 'e ɣ ə
combrego	k u m b ɾ 'e ɣ u
combreguen	k u m b ɾ 'e ɣ ə n
comencessin	k u m ə n s 'e s i n
comenta	k u m 'e n t ə
comenten	k u m 'e n t ə n
comentes	k u m 'e n t ə s
comento	k u m 'e n t u
començament	k u m ə n s ə m 'e n
començaments	k u m ə n s ə m 'e n s
comercialitzadora	k u m ə r s i ə l i d z ə ð 'o ɾ ə
comercialitzadores	k u m ə r s i ə l i d z ə ð 'o ɾ ə s
comercialitzessin	k u m ə r s i ə l i d z 'e s i n
comercialment	k u m ə r s i ə l m 'e n
cometent	k u m ə t 'e n
cometessin	k u m ə t 'e s i n
commemora	k u m m ə m 'o ɾ ə
commemoren	k u m m ə m 'o ɾ ə n
commociona	k u m m u s i 'o n ə
commou	k u m m 'ɔ uw
commovedora	k u m m u β ə ð 'o ɾ ə
comparativament	k u m p ə ɾ ə t i β ə m 'e n
compareixent	k u m p ə ɾ ə ʃ 'e n
compareixents	k u m p ə ɾ ə ʃ 'e n s
comparsero	k u m p ə r s 'e ɾ u
comparseros	k u m p ə r s 'e ɾ u s
compartiment	k u m p ə r t i m 'e n
compartiments	k u m p ə r t i m 'e n s
compensessin	k u m p ə n s 'e s i n
competent	k u m p ə t 'e n
competents	k u m p ə t 'e n s
competidora	k u m p ə t i ð 'o ɾ ə
competidores	k u m p ə t i ð 'o ɾ ə s
complaent	k u m p l ə 'e n
complaents	k u m p l ə 'e n s
complement	k u m p l ə m 'e n
complementa	k u m p l ə m 'e n t ə
complementen	k u m p l ə m 'e n t ə n
complementi	k u m p l ə m 'e n t i
complementin	k u m p l ə m 'e n t i n
complements	k u m p l ə m 'e n s
complementàriament	k u m p l ə m ə n t ə ɾ i ə m 'e n
completa-la	k u m p l 'ɛ t ə l ə
completament	k u m p l ə t ə m 'e n
compliment	k u m p l i m 'e n
complot	k u m p l 'ɔ t
compon	k u m p 'ɔ n
componc	k u m p 'ɔ ŋ
component	k u m p u n 'e n
components	k u m p u n 'e n s
comportament	k u m p u r t ə m 'e n
comportaments	k u m p u r t ə m 'e n s
composa	k u m p 'o z ə
composen	k u m p 'o z ə n
compositora	k u m p u z i t 'o ɾ ə
compositores	k u m p u z i t 'o ɾ ə s
compost	k u m p 'ɔ s t
compostadores	k u m p u s t ə ð 'o ɾ ə s
compra	k 'o m p ɾ ə
compra-la	k 'o m p ɾ ə l ə
compradora	k u m p ɾ ə ð 'o ɾ ə
compren	k 'o m p ɾ ə n
comprendre'l	k u m p 'ɛ n d ɾ ə l
comprendre'n	k u m p 'ɛ n d ɾ ə n
comprendre-ho	k u m p 'ɛ n d ɾ ə uw
comprendreu	k u m p ə n d ɾ 'ɛ uw
comprendria	k u m p ə n d ɾ 'i ə
comprendrà	k u m p ə n d ɾ 'a
comprenent	k u m p ɾ ə n 'e n
comprensiblement	k u m p ɾ ə n s i b b l ə m 'e n
compres	k 'o m p ɾ ə s
compressin	k u m p ɾ 'e s i n
compro	k 'o m p ɾ u
comprometent	k u m p ɾ u m ə t 'e n
comprometent-se	k u m p ɾ u m ə t 'e n s ə
comprometessin	k u m p ɾ u m ə t 'e s i n
comprometre's	k u m p ɾ u m 'ɛ t ɾ ə s
comproven	k u m p ɾ 'o β ə n
comprovi'l	k u m p ɾ 'ɔ β i l
comprovi-ho	k u m p ɾ 'ɔ β i uw
comprovo	k u m p ɾ 'o β u
compta	k 'o m t ə
comptadores	k u m t ə ð 'o ɾ ə s
comptagotes	k u m t ə ɣ 'o t ə s
comptant	k u m t 'a n
comptant-hi	k u m t 'a n t i
compte	k 'o m t ə
compten	k 'o m t ə n
comptes	k 'o m t ə s
compteu	k u m t 'ɛ uw
compti	k 'o m t i
comptin	k 'o m t i n
compto	k 'o m t u
compulsivament	k u m p u l s i β ə m 'e n
computadora	k u m p u t ə ð 'o ɾ ə
computadores	k u m p u t ə ð 'o ɾ ə s
comte	k 'o m t ə
comtes	k 'o m t ə s
comunament	k u m u n ə m 'e n
conca	k 'o ŋ k ə
conceben	k u n s 'e β ə n
concentra	k u n s 'e n t ɾ ə
concentren	k u n s 'e n t ɾ ə n
concentri	k u n s 'e n t ɾ i
concentrin	k u n s 'e n t ɾ i n
concepte	k u n s 'e p t ə
conceptes	k u n s 'e p t ə s
conceptualment	k u n s ə p t u ə l m 'e n
concerts	k u n s 'ɛ r s
conciliadora	k u n s i l i ə ð 'o ɾ ə
conciliadores	k u n s i l i ə ð 'o ɾ ə s
conciliar	k u n s i l i 'a r
concloent	k u ŋ k l u 'e n
concloents	k u ŋ k l u 'e n s
conclosa	k u ŋ k l 'o z ə
conclou	k u ŋ k l 'ɔ uw
concorre	k u ŋ k 'o r ə
concorren	k u ŋ k 'o r ə n
concret	k u ŋ k ɾ 'e t
concreta	k u ŋ k ɾ 'e t ə
concretament	k u ŋ k ɾ ə t ə m 'e n
concreten	k u ŋ k ɾ 'e t ə n
concretes	k u ŋ k ɾ 'e t ə s
concreti	k u ŋ k ɾ 'e t i
concretin	k u ŋ k ɾ 'e t i n
concreto	k u ŋ k ɾ 'e t u
concrets	k u ŋ k ɾ 'e t s
condecora	k u n d ə k 'o ɾ ə
condemna	k u n d 'e m n ə
condemnen	k u n d 'e m n ə n
condemnes	k u n d 'e m n ə s
condemni	k u n d 'e m n i
condemnin	k u n d 'e m n i n
condemno	k u n d 'e m n u
condescendent	k u n d ə s ə n d 'e n
condescendents	k u n d ə s ə n d 'e n s
condiciona	k u n d i s i 'o n ə
condicionament	k u n d i s i u n ə m 'e n
condicionaments	k u n d i s i u n ə m 'e n s
condicionen	k u n d i s i 'o n ə n
condiciones	k u n d i s i 'o n ə s
condimenta	k u n d i m 'e n t ə
condiments	k u n d i m 'e n s
condol	k u n d 'ɔ l
condols	k u n d 'ɔ l s
conductora	k u n d u k t 'o ɾ ə
conductores	k u n d u k t 'o ɾ ə s
conduir-lo	k u n d u 'i r l u
conduir-nos	k u n d u 'i r n u s
coneguessin	k u n ə ɣ 'e s i n
coneixe'l	k u n 'ɛ ʃ ə l
coneixe'ls	k u n 'ɛ ʃ ə l s
coneixedora	k u n ə ʃ ə ð 'o ɾ ə
coneixedores	k u n ə ʃ ə ð 'o ɾ ə s
coneixement	k u n ə ʃ ə m 'e n
coneixements	k u n ə ʃ ə m 'e n s
coneixent	k u n ə ʃ 'e n
confecciona	k u m f ə k s i 'o n ə
confessa	k u m f 'e s ə
confessen	k u m f 'e s ə n
confessessis	k u m f ə s 'e s i s
confessi	k u m f 'e s i
confesso	k u m f 'e s u
confessos	k u m f 'e s u s
confident	k u m f i ð 'e n
confidents	k u m f i ð 'e n s
confinament	k u m f i n ə m 'e n
confirmessin	k u m f i r m 'e s i n
confiïn	k u m f 'i i n
confondre	k u m f 'o n d ɾ ə
confondre'l	k u m f 'o n d ɾ ə l
confondre's	k u m f 'o n d ɾ ə s
confondre-les	k u m f 'o n d ɾ ə l ə s
confonen	k u m f 'o n ə n
confonent	k u m f u n 'e n
confongui	k u m f 'o ŋ g i
confonguin	k u m f 'o ŋ g i n
confonguis	k u m f 'o ŋ g i s
conforma	k u m f 'o r m ə
conforme	k u m f 'o r m ə
conformen	k u m f 'o r m ə n
conformes	k u m f 'o r m ə s
conformo	k u m f 'o r m u
confort	k u m f 'ɔ r t
confortablement	k u m f u r t ə b b l ə m 'e n
confosa	k u m f 'o z ə
confosos	k u m f 'o z u s
confronta	k u m f ɾ 'o n t ə
confronten	k u m f ɾ 'o n t ə n
conga	k 'o ŋ g ə
congrega	k u ŋ g ɾ 'e ɣ ə
congreguen	k u ŋ g ɾ 'e ɣ ə n
congres	k 'o ŋ g ɾ ə s
congressos	k u ŋ g ɾ 'e s u s
congruent	k u ŋ g ɾ u 'e n
conjuntament	k u n ʒ u n t ə m 'e n
conjunturalment	k u n ʒ u n t u ɾ ə l m 'e n
conjur	k u n ʒ 'u r
connecta	k u n n 'e k t ə
connecta'm	k u n n 'e k t ə m
connecten	k u n n 'e k t ə n
connectes	k u n n 'e k t ə s
connecti	k u n n 'e k t i
connectin	k u n n 'e k t i n
connecto	k u n n 'e k t u
conques	k 'o ŋ k ə s
conquesta	k u ŋ k 'e s t ə
conquestes	k u ŋ k 'e s t ə s
conquistadores	k u ŋ k i s t ə ð 'o ɾ ə s
conreus	k u n r 'ɛ uw s
conscient	k u n s i 'e n
conscientment	k u n s i ə m m 'e n
conscients	k u n s i 'e n s
consecutivament	k u n s ə k u t i β ə m 'e n
consegüent	k u n s ə ɣ w 'e n
consegüentment	k u n s ə ɣ w ə m m 'e n
consegüents	k u n s ə ɣ w 'e n s
conseller	k u n s ə ʎ 'e
consellera	k u n s ə ʎ 'e ɾ ə
conselleres	k u n s ə ʎ 'e ɾ ə s
consellers	k u n s ə ʎ 'e s
consent	k u n s 'e n
consentiment	k u n s ə n t i m 'e n
conseqüent	k u n s ə k w 'e n
conseqüentment	k u n s ə k w ə m m 'e n
conseqüents	k u n s ə k w 'e n s
conserva	k u n s 'e ɾ β ə
conservadora	k u n s ə ɾ β ə ð 'o ɾ ə
conservadores	k u n s ə ɾ β ə ð 'o ɾ ə s
conserven	k u n s 'e ɾ β ə n
conserves	k u n s 'e ɾ β ə s
conservi	k u n s 'e ɾ β i
conservin	k u n s 'e ɾ β i n
conservo	k u n s 'e ɾ β u
considera	k u n s i ð 'e ɾ ə
considerablement	k u n s i ð ə ɾ ə b b l ə m 'e n
consideren	k u n s i ð 'e ɾ ə n
consideres	k u n s i ð 'e ɾ ə s
consideressin	k u n s i ð ə ɾ 'e s i n
consideri	k u n s i ð 'e ɾ i
considerin	k u n s i ð 'e ɾ i n
considero	k u n s i ð 'e ɾ u
consistent	k u n s i s t 'e n
consistents	k u n s i s t 'e n s
consol	k u n s 'ɔ l
consta	k 'o n s t ə
constantment	k u n s t ə m m 'e n
consten	k 'o n s t ə n
constitucionalment	k u n s t i t u s i u n ə l m 'e n
constituent	k u n s t i t u 'e n
constituents	k u n s t i t u 'e n s
constituir-se	k u n s t i t u 'i r s ə
constrenyiment	k u n s t ɾ ə ɲ i m 'e n
constructivament	k u n s t ɾ u k t i β ə m 'e n
constructora	k u n s t ɾ u k t 'o ɾ ə
constructores	k u n s t ɾ u k t 'o ɾ ə s
construir-hi	k u n s t ɾ u 'i ɾ i
construir-la	k u n s t ɾ u 'i r l ə
construir-lo	k u n s t ɾ u 'i r l u
construir-ne	k u n s t ɾ u 'i r n ə
construir-se	k u n s t ɾ u 'i r s ə
consular	k u n s u l 'a r
consultora	k u n s u l t 'o ɾ ə
consultores	k u n s u l t 'o ɾ ə s
consumer	k u n s u m 'e
consumidora	k u n s u m i ð 'o ɾ ə
consumidores	k u n s u m i ð 'o ɾ ə s
conta	k 'o n t ə
contacontes	k u n t ə k 'o n t ə s
contagiosa	k u n t ə ʒ i 'o z ə
contagioses	k u n t ə ʒ i 'o z ə s
contagiosos	k u n t ə ʒ i 'o z u s
conte	k 'o n t ə
contempla	k u n t 'e m p l ə
contemplen	k u n t 'e m p l ə n
contempli	k u n t 'e m p l i
contemplin	k u n t 'e m p l i n
conten	k 'o n t ə n
contenciosa	k u n t ə n s i 'o z ə
contenciosos	k u n t ə n s i 'o z u s
contendents	k u n t ə n d 'e n s
contenen	k u n t 'e n ə n
content	k u n t 'e n
contenta	k u n t 'e n t ə
contentes	k u n t 'e n t ə s
contents	k u n t 'e n s
contes	k 'o n t ə s
contesta	k u n t 'e s t ə
contesten	k u n t 'e s t ə n
contestes	k u n t 'e s t ə s
contesti	k u n t 'e s t i
contestis	k u n t 'e s t i s
contesto	k u n t 'e s t u
context	k u n t 'e k s t
contextos	k u n t 'e k s t u s
contigu	k u n t 'i ɣ u
continent	k u n t i n 'e n
continente	k u n t i n 'e n t ə
continents	k u n t i n 'e n s
contingent	k u n t i n ʒ 'e n
contingents	k u n t i n ʒ 'e n s
continuessin	k u n t i n u 'e s i n
continuïn	k u n t i n 'u i n
continuïs	k u n t i n 'u i s
contraalmirall	k u n t ɾ ə l m i ɾ 'a ʎ
contraanàlisi	k u n t ɾ ə n 'a l i z i
contraatac	k u n t ɾ ə t 'a k
contraataca	k u n t ɾ ə t 'a k ə
contraatacar	k u n t ɾ ə t ə k 'a
contraatacs	k u n t ɾ ə t 'a k s
contracimera	k u n t ɾ ə s i m 'e ɾ ə
contracop	k u n t ɾ ə k 'ɔ p
contracops	k u n t ɾ ə k 'ɔ p s
contracor	k u n t ɾ ə k 'ɔ r
contracorrent	k u n t ɾ ə k u r 'e n
contractualment	k u n t ɾ ə k t u ə l m 'e n
contradient	k u n t ɾ ə ð i 'e n
contraespionatge	k u n t ɾ ə s p i u n 'a d ʒ ə
contraexemple	k u n t ɾ ə g z 'e m p l ə
contrafoc	k u n t ɾ ə f 'ɔ k
contraforts	k u n t ɾ ə f 'ɔ r s
contrainforme	k u n t ɾ ə i m f 'o r m ə
contralt	k u n t ɾ 'a l t
contraproduent	k u n t ɾ ə p ɾ u ð u 'e n
contraproduents	k u n t ɾ ə p ɾ u ð u 'e n s
contrareforma	k u n t ɾ ə r ə f 'o r m ə
contrarellotge	k u n t ɾ ə r ə ʎ 'ɔ d ʒ ə
contrarellotges	k u n t ɾ ə r ə ʎ 'ɔ d ʒ ə s
contraresta	k u n t ɾ ə r 'e s t ə
contrarestada	k u n t ɾ ə r ə s t 'a ð ə
contrarestar	k u n t ɾ ə r ə s t 'a
contrarestat	k u n t ɾ ə r ə s t 'a t
contrarevolució	k u n t ɾ ə r ə β u l u s i 'o
contrarèplica	k u n t ɾ ə r 'ɛ p l i k ə
contrasentit	k u n t ɾ ə s ə n t 'i t
contrasentits	k u n t ɾ ə s ə n t 'i t s
contrasts	k u n t ɾ 'a s t s
contratemps	k u n t ɾ ə t 'e m s
contratenor	k u n t ɾ ə t ə n 'o r
contratenors	k u n t ɾ ə t ə n 'o r s
contrau	k u n t ɾ ə 'u
contres	k 'o n t ɾ ə s
contret	k u n t ɾ 'e t
contreta	k u n t ɾ 'e t ə
contrets	k u n t ɾ 'e t s
contribuent	k u n t ɾ i β u 'e n
contribuents	k u n t ɾ i β u 'e n s
contribuir-hi	k u n t ɾ i β u 'i ɾ i
control	k u n t ɾ 'ɔ l
controladora	k u n t ɾ u l ə ð 'o ɾ ə
controlessin	k u n t ɾ u l 'e s i n
controls	k u n t ɾ 'ɔ l s
contràriament	k u n t ɾ ə ɾ i ə m 'e n
contundent	k u n t u n d 'e n
contundentment	k u n t u n d ə m m 'e n
contundents	k u n t u n d 'e n s
contínuament	k u n t i n u ə m 'e n
convalescent	k u m b ə l ə s 'e n
convencent	k u m b ə n s 'e n
convenciment	k u m b ə n s i m 'e n
convenen	k u m b 'e n ə n
convenient	k u m b ə n i 'e n
convenientment	k u m b ə n i ə m m 'e n
convenients	k u m b ə n i 'e n s
convent	k u m b 'e n
convents	k u m b 'e n s
convergent	k u m b ə r ʒ 'e n
convergents	k u m b ə r ʒ 'e n s
convincent	k u m b i n s 'e n
convincents	k u m b i n s 'e n s
conviure-hi	k u m b 'i uw ɾ ə j
convoca	k u m b 'o k ə
convoquen	k u m b 'o k ə n
convoquessin	k u m b u k 'e s i n
convoqui	k u m b 'o k i
convoquin	k u m b 'o k i n
conya	k 'o ɲ ə
coopera	k u u p 'e ɾ ə
cooperen	k u u p 'e ɾ ə n
cooperi	k u u p 'e ɾ i
cooperin	k u u p 'e ɾ i n
coordinadament	k u u ɾ ð i n ə ð ə m 'e n
coordinadora	k u u ɾ ð i n ə ð 'o ɾ ə
coordinadores	k u u ɾ ð i n ə ð 'o ɾ ə s
cop	k 'ɔ p
copa	k 'o p ə
copen	k 'o p ə n
copes	k 'o p ə s
copia-la	k u p 'i ə l ə
copiessin	k u p i 'e s i n
copilot	k u p i l 'ɔ t
copiosa	k u p i 'o z ə
copla	k 'o p l ə
copresident	k u p ɾ ə z i ð 'e n
copresidents	k u p ɾ ə z i ð 'e n s
coproductora	k u p ɾ u ð u k t 'o ɾ ə
cops	k 'ɔ p s
copsa	k 'o p s ə
copyright	k u p i r 'a j t
coques	k 'o k ə s
cor	k 'ɔ r
coral·lines	k u ɾ 'a l 'i n ə s
coratjosa	k u ɾ ə d ʒ 'o z ə
corba	k 'o ɾ β ə
corbes	k 'o ɾ β ə s
corbs	k 'o r p s
cordialment	k u ɾ ð i ə l m 'e n
corea	k u ɾ 'e ə
corejats	k u r ə ʒ 'a t s
coreligionaris	k u r ə l i ʒ i u n 'a ɾ i s
coreografiada	k u r ə u ɣ ɾ ə f i 'a ð ə
coreografiat	k u r ə u ɣ ɾ ə f i 'a t
corfbol	k u r v β 'ɔ l
corifeus	k u r i f 'ɛ uw s
cornella	k u r n 'e ʎ ə
corol·lari	k u r u l 'a ɾ i
corona	k u ɾ 'o n ə
coronament	k u ɾ u n ə m 'e n
coronant-los	k u r u n 'a n l u s
corones	k u ɾ 'o n ə s
corprenedora	k u r p ɾ ə n ə ð 'o ɾ ə
corprenedores	k u r p ɾ ə n ə ð 'o ɾ ə s
corpulent	k u r p u l 'e n
corre	k 'o r ə
correbous	k u r ə β 'ɔ uw s
correctament	k u r ə k t ə m 'e n
correctores	k u r ə k t 'o ɾ ə s
corredora	k u r ə ð 'o ɾ ə
corredores	k u r ə ð 'o ɾ ə s
correfoc	k u r ə f 'ɔ k
correfocs	k u r ə f 'ɔ k s
corren	k 'o r ə n
corrent	k u r 'e n
corrents	k u r 'e n s
corres	k 'o r ə s
correspon	k u r ə s p 'ɔ n
corresponent	k u r ə s p u n 'e n
corresponents	k u r ə s p u n 'e n s
correspost	k u r ə s p 'ɔ s t
corretger	k u r ə d ʒ 'e
corretges	k u r 'e d ʒ ə s
corri	k 'o r i
corrin	k 'o r i n
corriol	k u r i 'ɔ l
corriols	k u r i 'ɔ l s
corro	k 'o r u
corrobora	k u r u β 'o ɾ ə
corroboren	k u r u β 'o ɾ ə n
corrompre	k u r 'o m p ɾ ə
cors	k 'ɔ r s
corsa	k 'o r s ə
corses	k 'o r s ə s
corsos	k 'o r s u s
corts	k 'o r s
corunya	k u r 'u ɲ ə
corunyesa	k u r u ɲ 'ɛ z ə
corunyesos	k u r u ɲ 'ɛ z u s
corunyès	k u r u ɲ 'ɛ s
corànics	k u r 'a n i k s
cos	k 'ɔ s
cosinus	k u s 'i n u s
cost	k 'ɔ s t
cost-consum	k u s k u n s 'u m
costa-riquenys	k u s t ə r i k 'ɛ ɲ s
costaner	k u s t ə n 'e
costanera	k u s t ə n 'e ɾ ə
costaneres	k u s t ə n 'e ɾ ə s
costaners	k u s t ə n 'e s
costella	k u s t 'e ʎ ə
costelles	k u s t 'e ʎ ə s
costera	k u s t 'e ɾ ə
costosa	k u s t 'o z ə
costoses	k u s t 'o z ə s
costosos	k u s t 'o z u s
costs	k 'ɔ s t s
cot	k 'ɔ t
cotoners	k u t u n 'e s
cotorres	k u t 'o r ə s
cotxe	k 'o t ʃ ə
cotxera	k u t ʃ 'e ɾ ə
cotxeres	k u t ʃ 'e ɾ ə s
cotxes	k 'o t ʃ ə s
cou	k 'ɔ uw
covard	k u β 'a r t
cox	k 'ɔ k s
crakers	k ɾ ə k 'e s
cranc	k ɾ 'a ŋ
crea	k ɾ 'e ə
creadora	k ɾ e ə ð 'o ɾ ə
creadores	k ɾ e ə ð 'o ɾ ə s
creativament	k ɾ e ə t i β ə m 'e n
creditores	k ɾ ə ð i t 'o ɾ ə s
creen	k ɾ 'e ə n
crees	k ɾ 'e ə s
creessin	k ɾ ə 'e s i n
cregueren	k ɾ ə ɣ 'e ɾ ə n
creguessin	k ɾ ə ɣ 'e s i n
cregui'm	k ɾ 'ɛ ɣ i m
creient	k ɾ ə y 'e n
creient-se	k ɾ ə y 'e n s ə
creients	k ɾ ə y 'e n s
creix	k ɾ 'e ʃ
creixement	k ɾ ə ʃ ə m 'e n
creixements	k ɾ ə ʃ ə m 'e n s
creixen	k ɾ 'e ʃ ə n
creixent	k ɾ ə ʃ 'e n
creixentment	k ɾ ə ʃ ə m m 'e n
creixents	k ɾ ə ʃ 'e n s
creixi	k ɾ 'e ʃ i
creixin	k ɾ 'e ʃ i n
crema	k ɾ 'e m ə
cremallera	k ɾ ə m ə ʎ 'e ɾ ə
creme	k ɾ 'e m ə
cremen	k ɾ 'e m ə n
cremes	k ɾ 'e m ə s
cremessin	k ɾ ə m 'e s i n
cremi	k ɾ 'e m i
cremin	k ɾ 'e m i n
crepuscular	k ɾ ə p u s k u l 'a r
crescendo	k ɾ ə s 'e n d u
crespo	k ɾ 'e s p u
crestes	k ɾ 'e s t ə s
creuament	k ɾ ə w ə m 'e n
creuem	k ɾ ə w 'ɛ m
creuer	k ɾ ə w 'e
creuers	k ɾ ə w 'e s
creui	k ɾ 'ɛ w i
creure'ns	k ɾ 'ɛ uw ɾ ə n s
creure's	k ɾ 'ɛ uw ɾ ə s
creure't	k ɾ 'ɛ uw ɾ ə t
creure-hi	k ɾ 'ɛ uw ɾ ə j
creure-ho	k ɾ 'ɛ uw ɾ ə uw
creï	k ɾ 'e i
creïn	k ɾ 'e i n
cridaner	k ɾ i ð ə n 'e
cridanera	k ɾ i ð ə n 'e ɾ ə
cridaneres	k ɾ i ð ə n 'e ɾ ə s
cridaners	k ɾ i ð ə n 'e s
cridessin	k ɾ i ð 'e s i n
criolla	k ɾ i 'o ʎ ə
cromos	k ɾ 'o m u s
cromosoma	k ɾ u m u z 'o m ə
cromosomes	k ɾ u m u z 'o m ə s
cronològicament	k ɾ u n u l u ʒ i k ə m 'e n
cruament	k ɾ u ə m 'e n
cruelment	k ɾ u ə l m 'e n
cruent	k ɾ u 'e n
cruenta	k ɾ u 'e n t ə
cruentes	k ɾ u 'e n t ə s
cruents	k ɾ u 'e n s
cràter	k ɾ 'a t ə r
críticament	k ɾ i t i k ə m 'e n
cubell	k u β 'e ʎ
cubelles	k u β 'e ʎ ə s
cubells	k u β 'e ʎ s
cuer	k u 'e
cuers	k u 'e s
cuinar	k u j n 'a
cuiner	k u j n 'e
cuinera	k u j n 'e ɾ ə
cuiners	k u j n 'e s
cuir	k 'u j r
culer	k u l 'e
culers	k u l 'e s
cullera	k u ʎ 'e ɾ ə
culleres	k u ʎ 'e ɾ ə s
culturalment	k u l t u ɾ ə l m 'e n
cumplidores	k u m p l i ð 'o ɾ ə s
cuneïformes	k u n ə i f 'o r m ə s
curandero	k u ɾ ə n d 'e ɾ u
curanderos	k u ɾ ə n d 'e ɾ u s
curiosa	k u ɾ i 'o z ə
curiosament	k u ɾ i u z ə m 'e n
curioses	k u ɾ i 'o z ə s
curiosos	k u ɾ i 'o z u s
curosa	k u ɾ 'o z ə
curosament	k u ɾ u z ə m 'e n
curosos	k u ɾ 'o z u s
curricular	k u r i k u l 'a r
curts	k 'u r s
càncer	k 'a n s ə r
càntir	k 'a n t i r
càtar	k 'a t ə r
cèsar	s 'ɛ z ə r
cíclicament	s i k l i k ə m 'e n
cínicament	s i n i k ə m 'e n
cívicament	s i β i k ə m 'e n
còmodament	k u m u ð ə m 'e n
còndor	k 'ɔ n d u r
còrner	k 'ɔ r n ə r
d'acord	d ə k 'ɔ r t
dactilar	d ə k t i l 'a r
dactilars	d ə k t i l 'a r s
dansa-jazz	d ə n s ə ʒ 'a z s
dansa-teatre	d ə n s ə t e 'a t ɾ ə
dansant	d ə n s 'a n
danyosos	d ə ɲ 'o z u s
dard	d 'a r t
darrer	d ə r 'e
darrera	d ə r 'e ɾ ə
darrerament	d ə r ə ɾ ə m 'e n
darrere	d ə r 'e ɾ ə
darreres	d ə r 'e ɾ ə s
darrers	d ə r 'e s
davanter	d ə β ə n t 'e
davantera	d ə β ə n t 'e ɾ ə
davanters	d ə β ə n t 'e s
debatent	d ə β ə t 'e n
debatre's	d ə β 'a t ɾ ə s
debilitament	d ə β i l i t ə m 'e n
decadent	d ə k ə ð 'e n
decadents	d ə k ə ð 'e n s
decaient	d ə k ə y 'e n
decatló	d ə k ə l l 'o
decaïment	d ə k ə i m 'e n
decebedora	d ə s ə β ə ð 'o ɾ ə
decebedores	d ə s ə β ə ð 'o ɾ ə s
decebre't	d ə s 'ɛ β ɾ ə t
decent	d ə s 'e n
decents	d ə s 'e n s
decepciona	d ə s ə p s i 'o n ə
decididament	d ə s i ð i ð ə m 'e n
decisivament	d ə s i z i β ə m 'e n
declaradament	d ə k l ə ɾ ə ð ə m 'e n
declaressin	d ə k l ə ɾ 'e s i n
decodificadores	d ə k u ð i f i k ə ð 'o ɾ ə s
decor	d ə k 'o r
decora	d ə k 'o ɾ ə
decoren	d ə k 'o ɾ ə n
decreix	d ə k ɾ 'e ʃ
decreixement	d ə k ɾ ə ʃ ə m 'e n
decreixent	d ə k ɾ ə ʃ 'e n
decret	d ə k ɾ 'e t
decret-llei	d ə k ɾ ə d ʎ 'e j
decreta	d ə k ɾ 'e t ə
decreten	d ə k ɾ 'e t ə n
decreti	d ə k ɾ 'e t i
decreto	d ə k ɾ 'e t u
decrets	d ə k ɾ 'e t s
dediquessin	d ə ð i k 'e s i n
deduir-ne	d ə ð u 'i r n ə
deduir-se	d ə ð u 'i r s ə
defalliment	d ə f ə ʎ i m 'e n
defaults	d ə f 'a uw l s
defecte	d ə f 'e k t ə
defectes	d ə f 'e k t ə s
defectuosa	d ə f ə k t u 'o z ə
defectuosos	d ə f ə k t u 'o z u s
defenent	d ə f ə n 'e n
defensa-atac	d ə f ə n s ə t 'a k
defensivament	d ə f ə n s i β ə m 'e n
defensora	d ə f ə n s 'o ɾ ə
defensores	d ə f ə n s 'o ɾ ə s
deficient	d ə f i s i 'e n
deficients	d ə f i s i 'e n s
definitivament	d ə f i n i t i β ə m 'e n
deforma	d ə f 'o r m ə
deforme	d ə f 'o r m ə
degenera	d ə ʒ ə n 'e ɾ ə
degollament	d ə ɣ u ʎ ə m 'e n
degudament	d ə ɣ u ð ə m 'e n
degustació	d ə ɣ u s t ə s i 'o
degustadors	d ə ɣ u s t ə ð 'o s
degustant	d ə ɣ u s t 'a n
degustar	d ə ɣ u s t 'a
deix	d 'e ʃ
deixa	d 'e ʃ ə
deixa'm	d 'e ʃ ə m
deixa't	d 'e ʃ ə t
deixa-ho	d 'e ʃ ə uw
deixar-vos-hi	d ə ʃ 'a ɾ β u z i
deixebla	d ə ʃ 'e b b l ə
deixeble	d ə ʃ 'e b b l ə
deixebles	d ə ʃ 'e b b l ə s
deixem'ho	d ə ʃ ə m 'o
deixen	d 'e ʃ ə n
deixes	d 'e ʃ ə s
deixessin	d ə ʃ 'e s i n
deixi	d 'e ʃ i
deixi'm	d 'e ʃ i m
deixin	d 'e ʃ i n
deixis	d 'e ʃ i s
deixo	d 'e ʃ u
delecta	d ə l 'e k t ə
delega	d ə l 'e ɣ ə
delerosa	d ə l ə ɾ 'o z ə
delerosos	d ə l ə ɾ 'o z u s
deliberadament	d ə l i β ə ɾ ə ð ə m 'e n
delicadament	d ə l i k ə ð ə m 'e n
deliciosa	d ə l i s i 'o z ə
deliciosament	d ə l i s i u z ə m 'e n
delicioses	d ə l i s i 'o z ə s
deliciosos	d ə l i s i 'o z u s
delinqüent	d ə l i ŋ k w 'e n
delinqüents	d ə l i ŋ k w 'e n s
demagog	d ə m ə ɣ 'ɔ k
demagogs	d ə m ə ɣ 'ɔ k s
demagògicament	d ə m ə ɣ u ʒ i k ə m 'e n
demana'l	d ə m 'a n ə l
demanar-nos-ho	d ə m ə n 'a r n u z u
demanessin	d ə m ə n 'e s i n
demanessis	d ə m ə n 'e s i s
dement	d ə m 'e n
dementre	d ə m 'e n t ɾ ə
dements	d ə m 'e n s
democràticament	d ə m u k ɾ ə t i k ə m 'e n
demogràficament	d ə m u ɣ ɾ ə f i k ə m 'e n
demolidora	d ə m u l i ð 'o ɾ ə
demora	d ə m 'o ɾ ə
demores	d ə m 'o ɾ ə s
demostressin	d ə m u s t ɾ 'e s i n
denega	d ə n 'e ɣ ə
deneguen	d ə n 'e ɣ ə n
denoten	d ə n 'o t ə n
densament	d ə n s ə m 'e n
dent	d 'e n
dentro	d 'e n t ɾ u
dents	d 'e n s
denunciessin	d ə n u n s i 'e s i n
denunciïn	d ə n u n s 'i i n
departament	d ə p ə r t ə m 'e n
departaments	d ə p ə r t ə m 'e n s
dependent	d ə p ə n d 'e n
dependenta	d ə p ə n d 'e n t ə
dependentes	d ə p ə n d 'e n t ə s
dependents	d ə p ə n d 'e n s
depenent	d ə p ə n 'e n
depredadora	d ə p ɾ ə ð ə ð 'o ɾ ə
depredadores	d ə p ɾ ə ð ə ð 'o ɾ ə s
depriment	d ə p ɾ i m 'e n
depriments	d ə p ɾ i m 'e n s
depuradora	d ə p u ɾ ə ð 'o ɾ ə
depuradores	d ə p u ɾ ə ð 'o ɾ ə s
derrocament	d ə r u k ə m 'e n
derroten	d ə r 'o t ə n
des	d 'e s
desa	d 'e z ə
desaccelera	d ə z ə k s ə l 'e ɾ ə
desacomplexadament	d ə z ə k u m p l ə k s ə ð ə m 'e n
desacomplexament	d ə z ə k u m p l ə k s ə m 'e n
desaconsella	d ə z ə k u n s 'e ʎ ə
desacord	d ə z ə k 'ɔ r t
desafiament	d ə z ə f i ə m 'e n
desafiaments	d ə z ə f i ə m 'e n s
desaforadament	d ə z ə f u ɾ ə ð ə m 'e n
desafortunadament	d ə z ə f u r t u n ə ð ə m 'e n
desagradablement	d ə z ə ɣ ɾ ə ð ə b b l ə m 'e n
desajustament	d ə z ə ʒ u s t ə m 'e n
desajustaments	d ə z ə ʒ u s t ə m 'e n s
desallotjament	d ə z ə ʎ u d ʒ ə m 'e n
desallotjaments	d ə z ə ʎ u d ʒ ə m 'e n s
desamor	d ə z ə m 'o r
desamors	d ə z ə m 'o r s
desapareguessin	d ə z ə p ə ɾ ə ɣ 'e s i n
desapareixent	d ə z ə p ə ɾ ə ʃ 'e n
desaproven	d ə z ə p ɾ 'o β ə n
desapunta't	d ə z ə p 'u n t ə t
desarmament	d ə z ə r m ə m 'e n
desarrelament	d ə z ə r ə l ə m 'e n
desastrosa	d ə z ə s t ɾ 'o z ə
desastroses	d ə z ə s t ɾ 'o z ə s
desastrosos	d ə z ə s t ɾ 'o z u s
desatendre	d ə z ə t 'e n d ɾ ə
desatenent	d ə z ə t ə n 'e n
desballestament	d ə z β ə ʎ ə s t ə m 'e n
desbordament	d ə z β u ɾ ð ə m 'e n
descaradament	d ə s k ə ɾ ə ð ə m 'e n
descarnadament	d ə s k ə r n ə ð ə m 'e n
descarrega't	d ə s k ə r 'ɛ ɣ ə t
descarrilament	d ə s k ə r i l ə m 'e n
descendent	d ə s ə n d 'e n
descendents	d ə s ə n d 'e n s
descentralitzadora	d ə s ə n t ɾ ə l i d z ə ð 'o ɾ ə
desclot	d ə s k l 'ɔ t
descoberts	d ə s k u β 'ɛ r s
descobriment	d ə s k u β ɾ i m 'e n
descobriments	d ə s k u β ɾ i m 'e n s
descompta	d ə s k 'o m t ə
descomptant	d ə s k u m t 'a n
descompte	d ə s k 'o m t ə
descompten	d ə s k 'o m t ə n
descomptes	d ə s k 'o m t ə s
descompto	d ə s k 'o m t u
desconeixement	d ə s k u n ə ʃ ə m 'e n
desconnecta	d ə s k u n n 'e k t ə
desconsol	d ə s k u n s 'ɔ l
descontent	d ə s k u n t 'e n
descontenta	d ə s k u n t 'e n t ə
descontentament	d ə s k u n t ə n t ə m 'e n
descontentes	d ə s k u n t 'e n t ə s
descontents	d ə s k u n t 'e n s
descontrol	d ə s k u n t ɾ 'ɔ l
desconvoca	d ə s k u m b 'o k ə
desconvoquen	d ə s k u m b 'o k ə n
descriptores	d ə s k ɾ i p t 'o ɾ ə s
descriure'l	d ə s k ɾ 'i uw ɾ ə l
descriure-la	d ə s k ɾ 'i uw ɾ ə l ə
descubriment	d ə s k u β ɾ i m 'e n
descubrimientos	d ə s k u β ɾ i m i 'e n t u s
desdobla	d ə z ð 'o b b l ə
desdoblament	d ə z ð u b b l ə m 'e n
desdoblaments	d ə z ð u b b l ə m 'e n s
desembarcament	d ə z ə m b ə r k ə m 'e n
desembarcaments	d ə z ə m b ə r k ə m 'e n s
desemboca	d ə z ə m b 'o k ə
desemboquen	d ə z ə m b 'o k ə n
desemboqui	d ə z ə m b 'o k i
desemborsament	d ə z ə m b u r s ə m 'e n
desemborsaments	d ə z ə m b u r s ə m 'e n s
desemborses	d ə z ə m b 'o r s ə s
desembre	d ə z 'e m b ɾ ə
desemmascarament	d ə z ə m m ə s k ə ɾ ə m 'e n
desemparament	d ə z ə m p ə ɾ ə m 'e n
desencantament	d ə z ə ŋ k ə n t ə m 'e n
desencerts	d ə z ə n s 'ɛ r s
desenfrenament	d ə z ə m f ɾ ə n ə m 'e n
desenrunament	d ə z ə n r u n ə m 'e n
desentendre	d ə z ə n t 'e n d ɾ ə
desentendre's	d ə z ə n t 'ɛ n d ɾ ə s
desenvolupament	d ə z ə m b u l u p ə m 'e n
desenvolupaments	d ə z ə m b u l u p ə m 'e n s
desenvolupessin	d ə z ə m b u l u p 'e s i n
desesper	d ə z ə s p 'e r
desespera	d ə z ə s p 'e ɾ ə
desesperadament	d ə z ə s p ə ɾ ə ð ə m 'e n
desesperis	d ə z ə s p 'e ɾ i s
desestabilitzadora	d ə z ə s t ə β i l i d z ə ð 'o ɾ ə
desfasament	d ə s f ə z ə m 'e n
desfent	d ə s f 'e n
desfent-se	d ə s f 'e n s ə
desfer	d ə s f 'e
desfer-li	d ə s f 'e r l i
desfer-me	d ə s f 'e r m ə
desfer-se	d ə s f 'e r s ə
desfet	d ə s f 'e t
desfeta	d ə s f 'e t ə
desfetes	d ə s f 'e t ə s
desgavell	d ə z ɣ ə β 'e ʎ
desgavells	d ə z ɣ ə β 'e ʎ s
desgel	d ə ʒ 'ɛ l
desglossament	d ə z ɣ l u s ə m 'e n
desgraciadament	d ə z ɣ ɾ ə s i ə ð ə m 'e n
desgreuge	d ə z ɣ ɾ 'e uw ʒ ə
deshonest	d ə z u n 'e s t
deshonor	d ə z u n 'o r
desi	d 'e z i
desig	d ə z 'i tʃ
desigs	d ə z 'i tʃ s
desimbolt	d ə z i m b 'ɔ l t
desintegra	d ə z i n t 'e ɣ ɾ ə
desinteressadament	d ə z i n t ə ɾ ə s ə ð ə m 'e n
desitgessin	d ə z i d ʒ 'e s i n
desitjosos	d ə z i d ʒ 'o z u s
deslliurament	d ə z ʎ i uw ɾ ə m 'e n
desmantella	d ə z m ə n t 'e ʎ ə
desmantellament	d ə z m ə n t ə ʎ ə m 'e n
desmarcament	d ə z m ə r k ə m 'e n
desmarcar-se'n	d ə z m ə r k 'a r s ə n
desmentiment	d ə z m ə n t i m 'e n
desmentiments	d ə z m ə n t i m 'e n s
desmesuradament	d ə z m ə z u ɾ ə ð ə m 'e n
desmitificadora	d ə z m i t i f i k ə ð 'o ɾ ə
desnivell	d ə z n i β 'e ʎ
desnivells	d ə z n i β 'e ʎ s
desnonament	d ə z n u n ə m 'e n
deso	d 'e z u
desobedients	d ə z u β ə ð i 'e n s
desoladora	d ə z u l ə ð 'o ɾ ə
desordre	d ə z 'o ɾ ð ɾ ə
desordres	d ə z 'o ɾ ð ɾ ə s
desorienten	d ə z u ɾ i 'e n t ə n
desoxiribonucleic	d ə z u k s i r i β u n u k l 'ɛ j k
despatx	d ə s p 'a tʃ
despectivament	d ə s p ə k t i β ə m 'e n
despendre's	d ə s p 'ɛ n d ɾ ə s
despenja	d ə s p 'e n ʒ ə
despenjament	d ə s p ə n ʒ ə m 'e n
desperfecte	d ə s p ə r f 'e k t ə
desperfectes	d ə s p ə r f 'e k t ə s
despertessin	d ə s p ə r t 'e s i n
desplacessin	d ə s p l ə s 'e s i n
desplaçament	d ə s p l ə s ə m 'e n
desplaçaments	d ə s p l ə s ə m 'e n s
desplegament	d ə s p l ə ɣ ə m 'e n
desplegaments	d ə s p l ə ɣ ə m 'e n s
desploma	d ə s p l 'o m ə
desplomen	d ə s p l 'o m ə n
despoblament	d ə s p u b b l ə m 'e n
despreci	d ə s p ɾ 'e s i
desprendre's	d ə s p ɾ 'ɛ n d ɾ ə s
desprendrà	d ə s p ə n d ɾ 'a
despreniment	d ə s p ɾ ə n i m 'e n
despreniments	d ə s p ɾ ə n i m 'e n s
desproporcionadament	d ə s p ɾ u p u r s i u n ə ð ə m 'e n
despullament	d ə s p u ʎ ə m 'e n
despòticament	d ə s p u t i k ə m 'e n
dessaladores	d ə s ə l ə ð 'o ɾ ə s
dessalinitzadora	d ə s ə l i n i d z ə ð 'o ɾ ə
dessalinitzadores	d ə s ə l i n i d z ə ð 'o ɾ ə s
dessota	d ə s 'o t ə
destacament	d ə s t ə k ə m 'e n
destacaments	d ə s t ə k ə m 'e n s
destemps	d ə s t 'e m s
desterrament	d ə s t ə r ə m 'e n
destituir-lo	d ə s t i t u 'i r l u
destorb	d ə s t 'o r p
destorben	d ə s t 'o ɾ β ə n
destra	d 'e s t ɾ ə
destraler	d ə s t ɾ ə l 'e
destres	d 'e s t ɾ ə s
destructora	d ə s t ɾ u k t 'o ɾ ə
destruir-la	d ə s t ɾ u 'i r l ə
destruir-lo	d ə s t ɾ u 'i r l u
destruir-los	d ə s t ɾ u 'i r l u s
destruir-se	d ə s t ɾ u 'i r s ə
desvergonyiment	d ə z β ə ɾ ɣ u ɲ i m 'e n
desvetlla	d ə z β 'e ʎ ʎ ə
desvetllament	d ə z β ə ʎ ʎ ə m 'e n
desvetllen	d ə z β 'e ʎ ʎ ə n
desvetlli	d ə z β 'e ʎ ʎ i
desviament	d ə z β i ə m 'e n
desviaments	d ə z β i ə m 'e n s
desviïn	d ə z β 'i i n
desxiframent	d ə ʃ i f ɾ ə m 'e n
detalladament	d ə t ə ʎ ə ð ə m 'e n
detecta	d ə t 'e k t ə
detecten	d ə t 'e k t ə n
detectes	d ə t 'e k t ə s
detectessin	d ə t ə k t 'e s i n
detecti	d ə t 'e k t i
detectin	d ə t 'e k t i n
detecto	d ə t 'e k t u
deteniment	d ə t ə n i m 'e n
detergent	d ə t ə r ʒ 'e n
detergents	d ə t ə r ʒ 'e n s
deteriora	d ə t ə ɾ i 'o ɾ ə
deteriorament	d ə t ə ɾ i u ɾ ə m 'e n
deterioren	d ə t ə ɾ i 'o ɾ ə n
detesta	d ə t 'e s t ə
detesten	d ə t 'e s t ə n
detesto	d ə t 'e s t u
detingudament	d ə t i ŋ g u ð ə m 'e n
detinguessin	d ə t i ŋ g 'e s i n
detlef	d ə l l 'e f
detriment	d ə t ɾ i m 'e n
detroit	d ə t ɾ 'ɔ j t
deutora	d ə uw t 'o ɾ ə
devastadora	d ə β ə s t ə ð 'o ɾ ə
devastadores	d ə β ə s t ə ð 'o ɾ ə s
devoradora	d ə β u ɾ ə ð 'o ɾ ə
devoradores	d ə β u ɾ ə ð 'o ɾ ə s
devoro	d ə β 'o ɾ u
devot	d ə β 'ɔ t
devots	d ə β 'ɔ t s
diametralment	d i ə m ə t ɾ ə l m 'e n
diarrea	d i ə r 'e ə
diarrees	d i ə r 'e ə s
dicroic	d i k ɾ 'ɔ j k
dient	d i 'e n
dient-li	d i 'e n l i
dient-los	d i 'e n l u s
dient-me	d i 'e m m ə
dient-nos	d i 'e n n u s
dient-se	d i 'e n s ə
diferent	d i f ə ɾ 'e n
diferents	d i f ə ɾ 'e n s
dificultosa	d i f i k u l t 'o z ə
difondre	d i f 'o n d ɾ ə
difondre'l	d i f 'o n d ɾ ə l
difondre's	d i f 'o n d ɾ ə s
difondre-la	d i f 'o n d ɾ ə l ə
difonen	d i f 'o n ə n
difonent	d i f u n 'e n
difongui	d i f 'o ŋ g i
difonguin	d i f 'o ŋ g i n
difosa	d i f 'o z ə
difoses	d i f 'o z ə s
difosos	d i f 'o z u s
difusora	d i f u z 'o ɾ ə
difícilment	d i f i s i l m 'e n
digitalment	d i ʒ i t ə l m 'e n
dignament	d i g n ə m 'e n
digue'ls-hi	d 'i ɣ ə l z i
diguem-ho	d i ʒ 'ɛ m u
digueren	d i ɣ 'e ɾ ə n
diguessin	d i ɣ 'e s i n
diguessis	d i ɣ 'e s i s
digui'm	d 'i ɣ i m
dijous	d i ʒ 'ɔ uw s
diligent	d i l i ʒ 'e n
diligentment	d i l i ʒ ə m m 'e n
diluir-se	d i l u 'i r s ə
dimecres	d i m 'e k ɾ ə s
diner	d i n 'e
diners	d i n 'e s
dinou	d i n 'ɔ uw
dinàmicament	d i n ə m i k ə m 'e n
diploma	d i p l 'o m ə
diplomes	d i p l 'o m ə s
diplomàticament	d i p l u m ə t i k ə m 'e n
dipositessin	d i p u z i t 'e s i n
dir-l'hi	d 'i l i
dir-li-ho	d 'i r l i uw
directament	d i ɾ ə k t ə m 'e n
directora	d i ɾ ə k t 'o ɾ ə
directores	d i ɾ ə k t 'o ɾ ə s
dirigeixi's	d i ɾ i ʒ 'ɛ ʃ i s
dirigent	d i ɾ i ʒ 'e n
dirigents	d i ɾ i ʒ 'e n s
disciplinadament	d i s i p l i n ə ð ə m 'e n
discjòqueis	d i s g ʒ 'ɔ k ə j s
discman	d i s g m 'a n
discogràficament	d i s k u ɣ ɾ ə f i k ə m 'e n
disconforme	d i s k u m f 'o r m ə
disconformes	d i s k u m f 'o r m ə s
discorre	d i s k 'o r ə
discotequer	d i s k u t ə k 'e
discotequera	d i s k u t ə k 'e ɾ ə
discrepa	d i s k ɾ 'e p ə
discrepen	d i s k ɾ 'e p ə n
discrepi	d i s k ɾ 'e p i
discrepin	d i s k ɾ 'e p i n
discrepo	d i s k ɾ 'e p u
discret	d i s k ɾ 'e t
discreta	d i s k ɾ 'e t ə
discretament	d i s k ɾ ə t ə m 'e n
discretes	d i s k ɾ 'e t ə s
discrets	d i s k ɾ 'e t s
disculpa'm	d i s k 'u l p ə m
disjuntiva	d i ʒ u n t 'i β ə
disney	d i z n 'e j
dispar	d i s p 'a r
disparessin	d i s p ə ɾ 'e s i n
displicent	d i s p l i s 'e n
disposa	d i s p 'o z ə
disposen	d i s p 'o z ə n
disposes	d i s p 'o z ə s
disposessin	d i s p u z 'e s i n
disposo	d i s p 'o z u
disputessin	d i s p u t 'e s i n
disquetera	d i s k ə t 'e ɾ ə
dissabte	d i s 'a p t ə
dissabtes	d i s 'a p t ə s
dissecciona	d i s ə k s i 'o n ə
dissenyadora	d i s ə ɲ ə ð 'o ɾ ə
dissident	d i s i ð 'e n
dissidents	d i s i ð 'e n s
dissimuladament	d i s i m u l ə ð ə m 'e n
dissol	d i s 'ɔ l
dissoldre's	d i s 'ɔ l d ɾ ə s
dissolt	d i s 'ɔ l t
dissolvent	d i s u l β 'e n
dissolvents	d i s u l β 'e n s
dissort	d i s 'ɔ r t
dissortadament	d i s u r t ə ð ə m 'e n
distanciament	d i s t ə n s i ə m 'e n
distanciaments	d i s t ə n s i ə m 'e n s
distendre	d i s t 'e n d ɾ ə
distorsiona	d i s t u r s i 'o n ə
distorsionen	d i s t u r s i 'o n ə n
distret	d i s t ɾ 'e t
distreta	d i s t ɾ 'e t ə
distrets	d i s t ɾ 'e t s
distreure'm	d i s t ɾ 'ɛ uw ɾ ə m
distreure's	d i s t ɾ 'ɛ uw ɾ ə s
distribuir-la	d i s t ɾ i β u 'i r l ə
distribuir-lo	d i s t ɾ i β u 'i r l u
distribuir-se	d i s t ɾ i β u 'i r s ə
distribuïdora	d i s t ɾ i β u i ð 'o ɾ ə
distribuïdores	d i s t ɾ i β u i ð 'o ɾ ə s
diumenge	d i uw m 'e n ʒ ə
diumenges	d i uw m 'e n ʒ ə s
divergents	d i β ə r ʒ 'e n s
divertidament	d i β ə r t i ð ə m 'e n
divertiment	d i β ə r t i m 'e n
dividend	d i β i ð 'e n
dividends	d i β i ð 'e n s
divulgadora	d i β u l ɣ ə ð 'o ɾ ə
diàriament	d i ə ɾ i ə m 'e n
do	d 'ɔ
dobla	d 'o b b l ə
doble	d 'o b b l ə
doblement	d u b b l ə m 'e n
doblen	d 'o b b l ə n
doblers	d u b b l 'e s
dobles	d 'o b b l ə s
doc	d 'ɔ k
docent	d u s 'e n
docentes	d u s 'e n t ə s
docents	d u s 'e n s
doctora	d u k t 'o ɾ ə
doctores	d u k t 'o ɾ ə s
document	d u k u m 'e n
documenta	d u k u m 'e n t ə
documentadament	d u k u m ə n t ə ð ə m 'e n
documentalment	d u k u m ə n t ə l m 'e n
documenten	d u k u m 'e n t ə n
documento	d u k u m 'e n t u
documents	d u k u m 'e n s
dodecaedre	d u ð ə k ə 'e ð ɾ ə
dodecàedres	d u ð ə k 'a e ð ɾ ə s
dogma	d 'o g m ə
dogmes	d 'o g m ə s
dol	d 'ɔ l
dolces	d 'o l s ə s
dolent	d u l 'e n
dolenta	d u l 'e n t ə
dolentes	d u l 'e n t ə s
dolentot	d u l ə n t 'ɔ t
dolents	d u l 'e n s
dolorosa	d u l u ɾ 'o z ə
dolorosament	d u l u ɾ u z ə m 'e n
doloroses	d u l u ɾ 'o z ə s
dolorosos	d u l u ɾ 'o z u s
dols	d 'ɔ l s
dolça	d 'o l s ə
dolçament	d u l s ə m 'e n
dolços	d 'o l s u s
dominadora	d u m i n ə ð 'o ɾ ə
dona'm	d 'ɔ n ə m
doncs	d 'ɔ n s
donen	d 'o n ə n
donessin	d u n 'e s i n
donessis	d u n 'e s i s
doni	d 'o n i
doni'm	d 'o n i m
donin	d 'o n i n
donis	d 'o n i s
dono	d 'o n u
dons	d 'ɔ n s
donzella	d u n z 'e ʎ ə
dora	d 'o ɾ ə
dorm	d 'ɔ r m
dorment	d u r m 'e n
dorments	d u r m 'e n s
dorms	d 'ɔ r m s
doro	d 'o ɾ u
dors	d 'ɔ r s
dos-cents	d u s 'e n s
dosos	d 'o z u s
dossier	d u s i 'e
dossiers	d u s i 'e s
dot	d 'ɔ t
dots	d 'ɔ t s
dotze	d 'o d z ə
dracma	d ɾ 'a g m ə
dramaturg	d ɾ ə m ə t 'u r k
dramaturgs	d ɾ ə m ə t 'u r k s
dramatúrgicament	d ɾ ə m ə t u r ʒ i k ə m 'e n
dramàticament	d ɾ ə m ə t i k ə m 'e n
dreamweaver	d ɾ e ə m b e ə β 'e
drecera	d ɾ ə s 'e ɾ ə
dreceres	d ɾ ə s 'e ɾ ə s
dreta-esquerra	d ɾ ə t ə s k 'ɛ r ə
dreça	d ɾ 'e s ə
drogodependents	d ɾ u ɣ u ð ə p ə n d 'e n s
dropos	d ɾ 'o p u s
dràsticament	d ɾ ə s t i k ə m 'e n
dríblings	d ɾ 'i b b l i ŋ s
duaner	d u ə n 'e
duanera	d u ə n 'e ɾ ə
duaneres	d u ə n 'e ɾ ə s
duaners	d u ə n 'e s
dublin	d 'u β l i n
dublín	d u β l 'i n
dubtosa	d u p t 'o z ə
dubtosament	d u p t u z ə m 'e n
dubtoses	d u p t 'o z ə s
dubtosos	d u p t 'o z u s
duent	d u 'e n
dues-centes	d u ə s 'e n t ə s
duguessin	d u ɣ 'e s i n
dunars	d u n 'a s
duo	d 'u o
duos	d 'u o s
duradora	d u ɾ ə ð 'o ɾ ə
duradores	d u ɾ ə ð 'o ɾ ə s
durament	d u ɾ ə m 'e n
dípters	d 'i p t ə s
dòcilment	d u s i l m 'e n
ebre	'e β ɾ ə
ecohumà	ə k u u m 'a
ecològicament	ə k u l u ʒ i k ə m 'e n
economicofinancer	ə k u n u m i k u f i n ə n s 'e
economicofinancera	ə k u n u m i k u f i n ə n s 'e ɾ ə
econòmic-territorial	ə k u n u m i k t ə r i t u ɾ i 'a l
econòmicament	ə k u n u m i k ə m 'e n
ecos	'e k u s
ecosistema	ə k u s i s t 'e m ə
edgar	'ɛ d g ə r
edgard	ə d g 'a r t
editora	ə ð i t 'o ɾ ə
editores	ə ð i t 'o ɾ ə s
eduard	ə ð u 'a r t
educadament	ə ð u k ə ð ə m 'e n
educadora	ə ð u k ə ð 'o ɾ ə
educadores	ə ð u k ə ð 'o ɾ ə s
edward	ə ð b 'a r t
efecte	ə f 'e k t ə
efectes	ə f 'e k t ə s
efectivament	ə f ə k t i β ə m 'e n
efectuïn	ə f ə k t 'u i n
efervescent	ə f ə ɾ β ə s 'e n
eficaçment	ə f i k ə z m 'e n
eficient	ə f i s i 'e n
eficients	ə f i s i 'e n s
efusivament	ə f u z i β ə m 'e n
efímer	ə f 'i m ə r
eh	'e
ei	'e j
eindhoven	ə j n d 'o β ə n
eivissa	ə j β 'i s ə
eivissenc	ə j β i s 'ɛ ŋ
eivissenca	ə j β i s 'ɛ ŋ k ə
eivissencs	ə j β i s 'ɛ ŋ s
eix	'e ʃ
eixamplament	ə ʃ ə m p l ə m 'e n
eixordadora	ə ʃ u ɾ ð ə ð 'o ɾ ə
eixos	'e ʃ u s
ela	'e l ə
elabora	ə l ə β 'o ɾ ə
elaboren	ə l ə β 'o ɾ ə n
elabori	ə l ə β 'o ɾ i
elaborin	ə l ə β 'o ɾ i n
electoralment	ə l ə k t u ɾ ə l m 'e n
electrons	ə l 'ɛ k t ɾ u n s
electrònicament	ə l ə k t ɾ u n i k ə m 'e n
elegantment	ə l ə ɣ ə m m 'e n
element	ə l ə m 'e n
elementos	ə l ə m 'e n t u s
elements	ə l ə m 'e n s
eleva	ə l 'e β ə
elevadores	ə l ə β ə ð 'o ɾ ə s
eleven	ə l 'e β ə n
elevi	ə l 'e β i
elisenda	ə l i z 'e n d ə
ell	'e ʎ
ella	'e ʎ ə
elles	'e ʎ ə s
ells	'e ʎ s
elogioses	ə l u ʒ i 'o z ə s
elogiosos	ə l u ʒ i 'o z u s
eloi	ə l 'ɔ j
eloqüent	ə l u k w 'e n
eloqüents	ə l u k w 'e n s
elx	'ɛ l ʃ
ema	'e m ə
embafadora	ə m b ə f ə ð 'o ɾ ə
embafosa	ə m b ə f 'o z ə
embarcament	ə m b ə r k ə m 'e n
embargament	ə m b ə ɾ ɣ ə m 'e n
embargaments	ə m b ə ɾ ɣ ə m 'e n s
embassament	ə m b ə s ə m 'e n
embassaments	ə m b ə s ə m 'e n s
embla	'e m b l ə
embolcalladora	ə m b u l k ə ʎ ə ð 'o ɾ ə
embosso	ə m b 'o s u
embotiment	ə m b u t i m 'e n
emergent	ə m ə r ʒ 'e n
emergents	ə m ə r ʒ 'e n s
emetent	ə m ə t 'e n
emetre's	ə m 'ɛ t ɾ ə s
emetre-les	ə m 'ɛ t ɾ ə l ə s
emfàticament	ə m f ə t i k ə m 'e n
eminent	ə m i n 'e n
eminentment	ə m i n ə m m 'e n
eminents	ə m i n 'e n s
emir	ə m 'i r
emissora	ə m i s 'o ɾ ə
emissores	ə m i s 'o ɾ ə s
emmagatzemament	ə m m ə ɣ ə d z ə m ə m 'e n
emociona	ə m u s i 'o n ə
emocionalment	ə m u s i u n ə l m 'e n
emocionen	ə m u s i 'o n ə n
emociones	ə m u s i 'o n ə s
emociono	ə m u s i 'o n u
emotivament	ə m u t i β ə m 'e n
empadronament	ə m p ə ð ɾ u n ə m 'e n
empaitessin	ə m p ə j t 'e s i n
emparellament	ə m p ə ɾ ə ʎ ə m 'e n
emparellaments	ə m p ə ɾ ə ʎ ə m 'e n s
emparenta	ə m p ə ɾ 'e n t ə
emparenten	ə m p ə ɾ 'e n t ə n
empeltament	ə m p ə l t ə m 'e n
empenyent	ə m p ə ɲ 'e n
empenyessin	ə m p ə ɲ 'e s i n
empitjora	ə m p i d ʒ 'o ɾ ə
empitjorament	ə m p i d ʒ u ɾ ə m 'e n
empitjoren	ə m p i d ʒ 'o ɾ ə n
empitjori	ə m p i d ʒ 'o ɾ i
emplaçament	ə m p l ə s ə m 'e n
emplaçaments	ə m p l ə s ə m 'e n s
empobriment	ə m p u β ɾ i m 'e n
emportessin	ə m p u r t 'e s i n
empra	'e m p ɾ ə
empre	'e m p ɾ ə
empremta	ə m p ɾ 'e m t ə
empremtes	ə m p ɾ 'e m t ə s
empren	'e m p ɾ ə n
emprendran	ə m p ə n d ɾ 'a n
emprendre	ə m p 'ɛ n d ɾ ə
emprendrà	ə m p ə n d ɾ 'a
emprenedora	ə m p ɾ ə n ə ð 'o ɾ ə
emprenedores	ə m p ɾ ə n ə ð 'o ɾ ə s
empresas	ə m p ɾ 'e z ə s
empresona	ə m p ɾ ə z 'o n ə
empresonament	ə m p ɾ ə z u n ə m 'e n
empresonaments	ə m p ɾ ə z u n ə m 'e n s
empri	'e m p ɾ i
empíricament	ə m p i ɾ i k ə m 'e n
emulessin	ə m u l 'e s i n
ena	'e n ə
enaltiment	ə n ə l t i m 'e n
enamora	ə n ə m 'o ɾ ə
enamorament	ə n ə m u ɾ ə m 'e n
enamoren	ə n ə m 'o ɾ ə n
enamori	ə n ə m 'o ɾ i
enamoro	ə n ə m 'o ɾ u
encadenament	ə ŋ k ə ð ə n ə m 'e n
encantadora	ə ŋ k ə n t ə ð 'o ɾ ə
encapçalament	ə ŋ k ə p s ə l ə m 'e n
encarcarament	ə ŋ k ə r k ə ɾ ə m 'e n
encaridament	ə ŋ k ə ɾ i ð ə m 'e n
encariment	ə ŋ k ə ɾ i m 'e n
encariments	ə ŋ k ə ɾ i m 'e n s
encarrega'ls	ə ŋ k ə r 'ɛ ɣ ə l s
encarrilament	ə ŋ k ə r i l ə m 'e n
encasellament	ə ŋ k ə z ə ʎ ə m 'e n
encegadora	ə n s ə ɣ ə ð 'o ɾ ə
encegament	ə n s ə ɣ ə m 'e n
encenc	ə n s 'e ŋ
encendre	ə n s 'e n d ɾ ə
encendre's	ə n s 'ɛ n d ɾ ə s
encenent	ə n s ə n 'e n
encens	ə n s 'e n s
encercla	ə n s 'e r k l ə
encertadament	ə n s ə r t ə ð ə m 'e n
encerts	ə n s 'ɛ r s
enceta	ə n s 'e t ə
enceten	ə n s 'e t ə n
enceti	ə n s 'e t i
enceto	ə n s 'e t u
encimera	ə n s i m 'e ɾ ə
encisadora	ə n s i z ə ð 'o ɾ ə
enclavament	ə ŋ k l ə β ə m 'e n
enclavaments	ə ŋ k l ə β ə m 'e n s
encoberts	ə ŋ k u β 'ɛ r s
encobriment	ə ŋ k u β ɾ i m 'e n
encontre	ə ŋ k 'o n t ɾ ə
encontres	ə ŋ k 'o n t ɾ ə s
encoratjadora	ə ŋ k u ɾ ə d ʒ ə ð 'o ɾ ə
encoratjadores	ə ŋ k u ɾ ə d ʒ ə ð 'o ɾ ə s
encoratjament	ə ŋ k u ɾ ə d ʒ ə m 'e n
encreuament	ə ŋ k ɾ ə w ə m 'e n
encreuaments	ə ŋ k ɾ ə w ə m 'e n s
encunyadores	ə ŋ k u ɲ ə ð 'o ɾ ə s
endarrere	ə n d ə r 'e ɾ ə
endarreriment	ə n d ə r ə ɾ i m 'e n
endarreriments	ə n d ə r ə ɾ i m 'e n s
enderroc	ə n d ə r 'ɔ k
enderrocament	ə n d ə r u k ə m 'e n
enderrocs	ə n d ə r 'ɔ k s
endeutament	ə n d ə uw t ə m 'e n
endevinessin	ə n d ə β i n 'e s i n
endimoniadament	ə n d i m u n i ə ð ə m 'e n
endinsa	ə n d 'i n z ə
endinsant-se	ə n d i n z 'a n s ə
endinsar	ə n d i n z 'a
endinsar-nos	ə n d i n z 'a r n u s
endinsar-se	ə n d i n z 'a r s ə
endinsarà	ə n d i n z ə ɾ 'a
endinsat	ə n d i n z 'a t
endinsava	ə n d i n z 'a β ə
endinsem	ə n d i n z 'ɛ m
endinsen	ə n d 'i n z ə n
endinsis	ə n d 'i n z i s
endollament	ə n d u ʎ ə m 'e n
endosaré	ə n d u s ə ɾ 'e
endreça	ə n d ɾ 'e s ə
endreço	ə n d ɾ 'e s u
endreços	ə n d ɾ 'e s u s
endur-se'n	ə n d 'u r s ə n
enduriment	ə n d u ɾ i m 'e n
enduu	'e n d u uw
ene	'e n ə
enfoca	ə m f 'o k ə
enfocament	ə m f u k ə m 'e n
enfocaments	ə m f u k ə m 'e n s
enfonsa	ə m f 'o n z ə
enfonsades	ə m f u n z 'a ð ə s
enfonsament	ə m f u n z ə m 'e n
enfonsant	ə m f u n z 'a n
enfonsant-lo	ə m f u n z 'a n l u
enfonsar	ə m f u n z 'a
enfonsar-se	ə m f u n z 'a r s ə
enfonsar-te	ə m f u n z 'a r t ə
enfonsat	ə m f u n z 'a t
enfonsats	ə m f u n z 'a t s
enfonsen	ə m f 'o n z ə n
enfonsi	ə m f 'o n z i
enfonsà	ə m f u n z 'a
enfonsés	ə m f u n z 'e s
enfoquen	ə m f 'o k ə n
enfortiment	ə m f u r t i m 'e n
enfronta	ə m f ɾ 'o n t ə
enfrontament	ə m f ɾ u n t ə m 'e n
enfrontaments	ə m f ɾ u n t ə m 'e n s
enfronten	ə m f ɾ 'o n t ə n
enfrontessin	ə m f ɾ u n t 'e s i n
enfronti	ə m f ɾ 'o n t i
enfrontin	ə m f ɾ 'o n t i n
engalzament	ə ŋ g ə l z ə m 'e n
enganxosa	ə ŋ g ə n ʃ 'o z ə
enganxoses	ə ŋ g ə n ʃ 'o z ə s
enganyosa	ə ŋ g ə ɲ 'o z ə
enganyosament	ə ŋ g ə ɲ u z ə m 'e n
enganyoses	ə ŋ g ə ɲ 'o z ə s
enganyosos	ə ŋ g ə ɲ 'o z u s
engega	ə n ʒ 'e ɣ ə
engego	ə n ʒ 'e ɣ u
engeguen	ə n ʒ 'e ɣ ə n
engendren	ə n ʒ 'e n d ɾ ə n
enginyer	ə n ʒ i ɲ 'e
enginyera	ə n ʒ i ɲ 'e ɾ ə
enginyers	ə n ʒ i ɲ 'e s
enginyosa	ə n ʒ i ɲ 'o z ə
enginyoses	ə n ʒ i ɲ 'o z ə s
enginyosos	ə n ʒ i ɲ 'o z u s
engloben	ə ŋ g l 'o β ə n
engreix	ə ŋ g ɾ 'e ʃ
engreixen	ə ŋ g ɾ 'e ʃ ə n
engrescadora	ə ŋ g ɾ ə s k ə ð 'o ɾ ə
engrescadores	ə ŋ g ɾ ə s k ə ð 'o ɾ ə s
enjudiciament	ə n ʒ u ð i s i ə m 'e n
enlairament	ə n l ə j ɾ ə m 'e n
enlairem	ə n l ə i ɾ 'ɛ m
enlloc	ə n ʎ 'ɔ k
enlluernadora	ə n ʎ u ə r n ə ð 'o ɾ ə
enlluernament	ə n ʎ u ə r n ə m 'e n
enmig	ə m m 'i tʃ
ennoblit	ə n n u b b l 'i t
enorme	ə n 'o r m ə
enormement	ə n u r m ə m 'e n
enormes	ə n 'o r m ə s
enquadrament	ə ŋ k w ə ð ɾ ə m 'e n
enquadraments	ə ŋ k w ə ð ɾ ə m 'e n s
enquesta	ə ŋ k 'e s t ə
enquestes	ə ŋ k 'e s t ə s
enquistament	ə ŋ k i s t ə m 'e n
enraona	ə n r ə 'o n ə
enraono	ə n r ə 'o n u
enregistradora	ə n r ə ʒ i s t ɾ ə ð 'o ɾ ə
enregistrament	ə n r ə ʒ i s t ɾ ə m 'e n
enregistraments	ə n r ə ʒ i s t ɾ ə m 'e n s
enrenou	ə n r ə n 'ɔ uw
enrenous	ə n r ə n 'ɔ uw s
enrera	ə n r 'e ɾ ə
enrere	ə n r 'e ɾ ə
enriquidora	ə n r i k i ð 'o ɾ ə
enriquidores	ə n r i k i ð 'o ɾ ə s
enriquiment	ə n r i k i m 'e n
enroc	ə n r 'ɔ k
enrocament	ə n r u k ə m 'e n
enrocs	ə n r 'ɔ k s
enrotllo	ə n r 'o ʎ ʎ u
ensems	ə n s 'e m s
ensenya'ns	ə n s 'ɛ ɲ ə n s
ensenyament	ə n s ə ɲ ə m 'e n
ensenyaments	ə n s ə ɲ ə m 'e n s
ensinistrament	ə n s i n i s t ɾ ə m 'e n
ensonyament	ə n s u ɲ ə m 'e n
ensopiment	ə n s u p i m 'e n
ensorra	ə n s 'o r ə
ensorrament	ə n s u r ə m 'e n
ensorren	ə n s 'o r ə n
ensucrament	ə n s u k ɾ ə m 'e n
ensurts	ə n s 'u r s
entenc	ə n t 'e ŋ
entendre	ə n t 'e n d ɾ ə
entendre'l	ə n t 'e n d ɾ ə l
entendre'ls	ə n t 'e n d ɾ ə l s
entendre'n	ə n t 'e n d ɾ ə n
entendre'ns	ə n t 'e n d ɾ ə n s
entendre't	ə n t 'e n d ɾ ə t
entendre-ho	ə n t 'e n d ɾ ə uw
entendre-la	ə n t 'e n d ɾ ə l ə
entendre-les	ə n t 'e n d ɾ ə l ə s
entendridora	ə n t ə n d ɾ i ð 'o ɾ ə
entenedora	ə n t ə n ə ð 'o ɾ ə
entenedores	ə n t ə n ə ð 'o ɾ ə s
entenen	ə n t 'e n ə n
entenent	ə n t ə n 'e n
entenguessin	ə n t ə ŋ g 'e s i n
entengui	ə n t 'e ŋ g i
entenguin	ə n t 'e ŋ g i n
enteniment	ə n t ə n i m 'e n
entens	ə n t 'e n s
enter	ə n t 'e r
enterament	ə n t ə ɾ ə m 'e n
enterrament	ə n t ə r ə m 'e n
enterraments	ə n t ə r ə m 'e n s
enterramorts	ə n t ə r ə m 'ɔ r s
enters	ə n t 'e r s
entesta	ə n t 'e s t ə
entestament	ə n t ə s t ə m 'e n
entesten	ə n t 'e s t ə n
entesti	ə n t 'e s t i
entestin	ə n t 'e s t i n
entoma	ə n t 'o m ə
entorno	ə n t 'o r n u
entossudiment	ə n t u s u ð i m 'e n
entra	'e n t ɾ ə
entre	'e n t ɾ ə
entreacte	ə n t ɾ ə 'a k t ə
entreactes	ə n t ɾ ə 'a k t ə s
entrebanc	ə n t ɾ ə β 'a ŋ
entrebancs	ə n t ɾ ə β 'a ŋ s
entrega	ə n t ɾ 'e ɣ ə
entrego	ə n t ɾ 'e ɣ u
entreguen	ə n t ɾ 'e ɣ ə n
entregues	ə n t ɾ 'e ɣ ə s
entregui	ə n t ɾ 'e ɣ i
entreguin	ə n t ɾ 'e ɣ i n
entren	'e n t ɾ ə n
entrenadora	ə n t ɾ ə n ə ð 'o ɾ ə
entrenament	ə n t ɾ ə n ə m 'e n
entrenaments	ə n t ɾ ə n ə m 'e n s
entres	'e n t ɾ ə s
entresol	ə n t ɾ ə s 'ɔ l
entressin	ə n t ɾ 'e s i n
entretenen	ə n t ɾ ə t 'e n ə n
entreteniment	ə n t ɾ ə t ə n i m 'e n
entreteniments	ə n t ɾ ə t ə n i m 'e n s
entrevistadora	ə n t ɾ ə β i s t ə ð 'o ɾ ə
entrevistessin	ə n t ɾ ə β i s t 'e s i n
entri	'e n t ɾ i
entrin	'e n t ɾ i n
entris	'e n t ɾ i s
entro	'e n t ɾ u
entronca	ə n t ɾ 'o ŋ k ə
entronquen	ə n t ɾ 'o ŋ k ə n
entusiàsticament	ə n t u z i ə s t i k ə m 'e n
enumera	ə n u m 'e ɾ ə
enumeren	ə n u m 'e ɾ ə n
envair-me	ə m b ə 'i r m ə
envair-nos	ə m b ə 'i r n u s
envairà	ə m b ə i ɾ 'a
envasament	ə m b ə z ə m 'e n
envejosos	ə m b ə ʒ 'o z u s
envelliment	ə m b ə ʎ i m 'e n
enverinament	ə m b ə ɾ i n ə m 'e n
envia'm	ə m b 'i ə m
enviament	ə m b i ə m 'e n
enviaments	ə m b i ə m 'e n s
enviessin	ə m b i 'e s i n
enviïn	ə m b 'i i n
enviïs	ə m b 'i i s
enyor	ə ɲ 'o r
enyora	ə ɲ 'o ɾ ə
enyorament	ə ɲ u ɾ ə m 'e n
enyoren	ə ɲ 'o ɾ ə n
enyoro	ə ɲ 'o ɾ u
enèrgicament	ə n ə r ʒ i k ə m 'e n
ep	'e p
epicentre	ə p i s 'e n t ɾ ə
epistolar	ə p i s t u l 'a r
equilibradament	ə k i l i β ɾ ə ð ə m 'e n
equipament	ə k i p ə m 'e n
equipaments	ə k i p ə m 'e n s
equitativament	ə k i t ə t i β ə m 'e n
equivalent	ə k i β ə l 'e n
equivalents	ə k i β ə l 'e n s
equivoca	ə k i β 'o k ə
equivocadament	ə k i β u k ə ð ə m 'e n
equivoco	ə k i β 'o k u
equivoquen	ə k i β 'o k ə n
equivoques	ə k i β 'o k ə s
equivoqui	ə k i β 'o k i
equivoquin	ə k i β 'o k i n
equivoquis	ə k i β 'o k i s
eqüestres	ə k w 'e s t ɾ ə s
era	'e ɾ ə
eren	'e ɾ ə n
eres	'e ɾ ə s
ergo	'e ɾ ɣ o
ernest	ə r n 'e s t
erosiona	ə ɾ u z i 'o n ə
erra	'e r ə
erres	'e r ə s
error	ə r 'o r
errors	ə r 'o r s
erròniament	ə r u n i ə m 'e n
esbarzer	ə z β ə r z 'e
esbojarradament	ə z β u ʒ ə r ə ð ə m 'e n
esborra	ə z β 'o r ə
esborren	ə z β 'o r ə n
esborri	ə z β 'o r i
esborrin	ə z β 'o r i n
esborris	ə z β 'o r i s
esborrona	ə z β u r 'o n ə
esbossa	ə z β 'o s ə
esbossen	ə z β 'o s ə n
esbossos	ə z β 'o s u s
escabroses	ə s k ə β ɾ 'o z ə s
escabrosos	ə s k ə β ɾ 'o z u s
escadussera	ə s k ə ð u s 'e ɾ ə
escaient	ə s k ə y 'e n
escaients	ə s k ə y 'e n s
escalfament	ə s k ə l f ə m 'e n
escalones	ə s k ə l 'o n ə s
escamot	ə s k ə m 'ɔ t
escamots	ə s k ə m 'ɔ t s
escandalosa	ə s k ə n d ə l 'o z ə
escandalosament	ə s k ə n d ə l u z ə m 'e n
escandaloses	ə s k ə n d ə l 'o z ə s
escandalosos	ə s k ə n d ə l 'o z u s
escanyament	ə s k ə ɲ ə m 'e n
escapament	ə s k ə p ə m 'e n
escaquer	ə s k ə k 'e
escarment	ə s k ə r m 'e n
escarransida	ə s k ə r ə n s 'i ð ə
escassament	ə s k ə s ə m 'e n
escaure-li	ə s k 'a uw ɾ ə l i
escletxa	ə s k l 'e t ʃ ə
escletxes	ə s k l 'e t ʃ ə s
esclops	ə s k l 'ɔ p s
escola't	ə s k 'ɔ l ə t
escolar	ə s k u l 'a r
escolta	ə s k 'o l t ə
escolta'm	ə s k 'o l t ə m
escolten	ə s k 'o l t ə n
escoltes	ə s k 'o l t ə s
escoltessin	ə s k u l t 'e s i n
escolti	ə s k 'o l t i
escolti'm	ə s k 'o l t i m
escoltin	ə s k 'o l t i n
escolto	ə s k 'o l t u
escombra	ə s k 'o m b ɾ ə
escorcolla	ə s k u r k 'o ʎ ə
escorta	ə s k 'o r t ə
escortes	ə s k 'o r t ə s
escot	ə s k 'ɔ t
escots	ə s k 'ɔ t s
escreix	ə s k ɾ 'e ʃ
escriptora	ə s k ɾ i p t 'o ɾ ə
escriptores	ə s k ɾ i p t 'o ɾ ə s
escriure'l	ə s k ɾ 'i uw ɾ ə l
escriure'n	ə s k ɾ 'i uw ɾ ə n
escriure't	ə s k ɾ 'i uw ɾ ə t
escriure-hi	ə s k ɾ 'i uw ɾ ə j
escriure-la	ə s k ɾ 'i uw ɾ ə l ə
escruixidora	ə s k ɾ u ʃ i ð 'o ɾ ə
escruixidores	ə s k ɾ u ʃ i ð 'o ɾ ə s
escrupolosa	ə s k ɾ u p u l 'o z ə
escrupolosament	ə s k ɾ u p u l u z ə m 'e n
escudella	ə s k u ð 'e ʎ ə
escudellers	ə s k u ð ə ʎ 'e s
escudelles	ə s k u ð 'e ʎ ə s
escuder	ə s k u ð 'e
escullera	ə s k u ʎ 'e ɾ ə
esculleres	ə s k u ʎ 'e ɾ ə s
escultora	ə s k u l t 'o ɾ ə
escuradents	ə s k u ɾ ə ð 'e n s
escurçament	ə s k u r s ə m 'e n
escàners	ə s k 'a n ə s
escènicament	ə s ə n i k ə m 'e n
esdevenen	ə z ð ə β 'e n ə n
esdeveniment	ə z ð ə β ə n i m 'e n
esdeveniments	ə z ð ə β ə n i m 'e n s
esfera	ə s f 'e ɾ ə
esferes	ə s f 'e ɾ ə s
esfereïdora	ə s f ə ɾ ə i ð 'o ɾ ə
esfereïdores	ə s f ə ɾ ə i ð 'o ɾ ə s
esfinx	ə s f 'i n ʃ
esfondrament	ə s f u n d ɾ ə m 'e n
esfondraments	ə s f u n d ɾ ə m 'e n s
esforç	ə s f 'ɔ r s
esforçadament	ə s f u r s ə ð ə m 'e n
esgarrifosa	ə z ɣ ə r i f 'o z ə
esgarrifoses	ə z ɣ ə r i f 'o z ə s
esgarrifosos	ə z ɣ ə r i f 'o z u s
esgotadora	ə z ɣ u t ə ð 'o ɾ ə
esgotadores	ə z ɣ u t ə ð 'o ɾ ə s
esgotament	ə z ɣ u t ə m 'e n
esgoten	ə z ɣ 'o t ə n
esgoti	ə z ɣ 'o t i
esgrogueint-se	ə z ɣ ɾ u ɣ ə 'i n s ə
esguard	ə z ɣ w 'a r t
esllanguiment	ə z ʎ ə ŋ g i m 'e n
eslora	ə z l 'o ɾ ə
esment	ə z m 'e n
esmenta	ə z m 'e n t ə
esmenten	ə z m 'e n t ə n
esmentes	ə z m 'e n t ə s
esmenti	ə z m 'e n t i
esmento	ə z m 'e n t u
esmicola	ə z m i k 'o l ə
esmorzen	ə z m 'o r z ə n
esnob	ə z n 'ɔ p
eso	'e s o
espaiosa	ə s p ə y 'o z ə
espantosa	ə s p ə n t 'o z ə
espantoses	ə s p ə n t 'o z ə s
espantosos	ə s p ə n t 'o z u s
espanyol	ə s p ə ɲ 'ɔ l
espanyols	ə s p ə ɲ 'ɔ l s
especialment	ə s p ə s i ə l m 'e n
especialmente	ə s p ə s i ə l m 'e n t ə
espectacular	ə s p ə k t ə k u l 'a r
espectacularment	ə s p ə k t ə k u l ə r m 'e n
espectadora	ə s p ə k t ə ð 'o ɾ ə
espectadores	ə s p ə k t ə ð 'o ɾ ə s
espectadors-internautes	ə s p ə k t ə ð u z i n t ə r n 'a uw t ə s
espectre	ə s p 'e k t ɾ ə
espectres	ə s p 'e k t ɾ ə s
especuladora	ə s p ə k u l ə ð 'o ɾ ə
especuladores	ə s p ə k u l ə ð 'o ɾ ə s
específicament	ə s p ə s i f i k ə m 'e n
espera	ə s p 'e ɾ ə
espera'm	ə s p 'e ɾ ə m
esperançadora	ə s p ə ɾ ə n s ə ð 'o ɾ ə
esperançadores	ə s p ə ɾ ə n s ə ð 'o ɾ ə s
esperen	ə s p 'e ɾ ə n
esperes	ə s p 'e ɾ ə s
esperessin	ə s p ə ɾ 'e s i n
esperessis	ə s p ə ɾ 'e s i s
esperi	ə s p 'e ɾ i
esperin	ə s p 'e ɾ i n
esperis	ə s p 'e ɾ i s
espermatozou	ə s p ə r m ə t u z 'ɔ uw
espermatozous	ə s p ə r m ə t u z 'ɔ uw s
espero	ə s p 'e ɾ u
esperona	ə s p ə ɾ 'o n ə
esperpent	ə s p ə r p 'e n
espiell	ə s p i 'e ʎ
espigoladora	ə s p i ɣ u l ə ð 'o ɾ ə
espinosa	ə s p i n 'o z ə
espinosos	ə s p i n 'o z u s
espiritualment	ə s p i ɾ i t u ə l m 'e n
esplendores	ə s p l ə n d 'o ɾ ə s
esplendorosa	ə s p l ə n d u ɾ 'o z ə
esplendoroses	ə s p l ə n d u ɾ 'o z ə s
esplendorosos	ə s p l ə n d u ɾ 'o z u s
esplèndidament	ə s p l ə n d i ð ə m 'e n
espongiforme	ə s p u n ʒ i f 'o r m ə
espongiformes	ə s p u n ʒ i f 'o r m ə s
espontàniament	ə s p u n t ə n i ə m 'e n
espora	ə s p 'o ɾ ə
espores	ə s p 'o ɾ ə s
esport	ə s p 'ɔ r t
esportivament	ə s p u r t i β ə m 'e n
esports	ə s p 'ɔ r s
esporàdicament	ə s p u ɾ ə ð i k ə m 'e n
espot	ə s p 'ɔ t
espots	ə s p 'ɔ t s
esprémer	ə s p ɾ 'e m ə
espònsor	ə s p 'ɔ n s u
espònsors	ə s p 'ɔ n s u s
esquelles	ə s k 'e ʎ ə s
esquer	ə s k 'e
esquerranosos	ə s k ə r ə n 'o z u s
esquers	ə s k 'e s
esquetx	ə s k 'e tʃ
esquetxos	ə s k 'e t ʃ u s
esquiadora	ə s k i ə ð 'o ɾ ə
esquiadores	ə s k i ə ð 'o ɾ ə s
esquirol	ə s k i ɾ 'ɔ l
esquirols	ə s k i ɾ 'ɔ l s
esquists	ə s k 'i s t s
esquitllentes	ə s k i ʎ ʎ 'e n t ə s
essencialment	ə s ə n s i ə l m 'e n
essent	ə s 'e n
est	'e s t
est-oest	ə s t u 'e s t
esta	'e s t ə
establiment	ə s t ə b b l i m 'e n
establiments	ə s t ə b b l i m 'e n s
estacionament	ə s t ə s i u n ə m 'e n
estacionen	ə s t ə s i 'o n ə n
estadounidenc	ə s t ə ð o uw n i ð 'ɛ ŋ
estadísticament	ə s t ə ð i s t i k ə m 'e n
estafadora	ə s t ə f ə ð 'o ɾ ə
estafadores	ə s t ə f ə ð 'o ɾ ə s
estalviïn	ə s t ə l β 'i i n
estament	ə s t ə m 'e n
estaments	ə s t ə m 'e n s
estanc	ə s t 'a ŋ
estancament	ə s t ə ŋ k ə m 'e n
estanquera	ə s t ə ŋ k 'e ɾ ə
estaquirot	ə s t ə k i ɾ 'ɔ t
estats-nació	ə s t ə d z n ə s i 'o
estatutàriament	ə s t ə t u t ə ɾ i ə m 'e n
estavella	ə s t ə β 'e ʎ ə
estavellament	ə s t ə β ə ʎ ə m 'e n
estavellen	ə s t ə β 'e ʎ ə n
estendard	ə s t ə n d 'a r t
estendre	ə s t 'e n d ɾ ə
estendre'ls	ə s t 'e n d ɾ ə l s
estendre's	ə s t 'ɛ n d ɾ ə s
estendre-les	ə s t 'e n d ɾ ə l ə s
estenent	ə s t ə n 'e n
estenent-se	ə s t ə n 'e n s ə
estengui	ə s t 'e ŋ g i
estenguin	ə s t 'e ŋ g i n
ester	ə s t 'e r
estiguessin	ə s t i ɣ 'e s i n
estilísticament	ə s t i l i s t i k ə m 'e n
estira-i-arronsa	ə s t i ɾ ə i ə r 'o n s ə
estirabot	ə s t i ɾ ə β 'ɔ t
estirabots	ə s t i ɾ ə β 'ɔ t s
estirament	ə s t i ɾ ə m 'e n
estiraments	ə s t i ɾ ə m 'e n s
estiueig	ə s t i w 'ɛ tʃ
estiueja	ə s t i w 'ɛ ʒ ə
estiuet	ə s t i w 'ɛ t
estoc	ə s t 'ɔ k
estocs	ə s t 'ɔ k s
estofa	ə s t 'o f ə
estoicament	ə s t u j k ə m 'e n
estoig	ə s t 'ɔ tʃ
estol	ə s t 'ɔ l
estona	ə s t 'o n ə
estones	ə s t 'o n ə s
estopa	ə s t 'o p ə
estora	ə s t 'o ɾ ə
estornells	ə s t u r n 'e ʎ s
estos	'e s t u s
estrafets	ə s t ɾ ə f 'e t s
estranger	ə s t ɾ ə n ʒ 'e
estrangera	ə s t ɾ ə n ʒ 'e ɾ ə
estrangeres	ə s t ɾ ə n ʒ 'e ɾ ə s
estrangers	ə s t ɾ ə n ʒ 'e s
estrangulament	ə s t ɾ ə ŋ g u l ə m 'e n
estranyament	ə s t ɾ ə ɲ ə m 'e n
estrateg	ə s t ɾ ə t 'ɛ k
estrategs	ə s t ɾ ə t 'e k s
estratosfera	ə s t ɾ ə t u s f 'e ɾ ə
estratègicament	ə s t ɾ ə t ə ʒ i k ə m 'e n
estrella	ə s t ɾ 'e ʎ ə
estrelles	ə s t ɾ 'e ʎ ə s
estrenyent	ə s t ɾ ə ɲ 'e n
estrenyent-me	ə s t ɾ ə ɲ 'e m m ə
estrepitosa	ə s t ɾ ə p i t 'o z ə
estrepitosament	ə s t ɾ ə p i t u z ə m 'e n
estreps	ə s t ɾ 'e p s
estretament	ə s t ɾ ə t ə m 'e n
estrictament	ə s t ɾ i k t ə m 'e n
estrident	ə s t ɾ i ð 'e n
estridents	ə s t ɾ i ð 'e n s
estructuralment	ə s t ɾ u k t u ɾ ə l m 'e n
estudiosa	ə s t u ð i 'o z ə
estudiosos	ə s t u ð i 'o z u s
estudiïn	ə s t u ð 'i i n
estupefaents	ə s t u p ə f ə 'e n s
estupend	ə s t u p 'ɛ n
estupendes	ə s t u p 'e n d ə s
estuvieras	ə s t u β i 'e ɾ ə s
estàndard	ə s t 'a n d ə r t
estèreo	ə s t 'ɛ ɾ ə o
estèticament	ə s t ə t i k ə m 'e n
esvair-se	ə z β ə 'i r s ə
esvaïment	ə z β ə i m 'e n
esvera	ə z β 'e ɾ ə
esverament	ə z β ə ɾ ə m 'e n
esvoranc	ə z β u ɾ 'a ŋ
etc	'e t k
eternament	ə t ə r n ə m 'e n
ets	'e t s
eufemísticament	ə uw f ə m i s t i k ə m 'e n
eurocimera	ə uw ɾ u s i m 'e ɾ ə
euromoneder	ə uw ɾ u m u n ə ð 'e
euromoneders	ə uw ɾ u m u n ə ð 'e s
euroregions	ə uw ɾ u r ə ʒ i 'o n s
euroregió	ə uw ɾ u r ə ʒ i 'o
eurozona	ə uw ɾ u z 'o n ə
euríbor	ə uw ɾ 'i β u
euskera	ə uw s k 'e ɾ ə
eventualment	ə β ə n t u ə l m 'e n
evident	ə β i ð 'e n
evidentment	ə β i ð ə m m 'e n
evidents	ə β i ð 'e n s
evitessin	ə β i t 'e s i n
evoca	ə β 'o k ə
evocadora	ə β u k ə ð 'o ɾ ə
evocadores	ə β u k ə ð 'o ɾ ə s
evoluciona	ə β u l u s i 'o n ə
evolucionen	ə β u l u s i 'o n ə n
evoquen	ə β 'o k ə n
ex-agent	ə g z ə ʒ 'e n
exactament	ə g z ə k t ə m 'e n
exagera	ə g z ə ʒ 'e ɾ ə
exageradament	ə g z ə ʒ ə ɾ ə ð ə m 'e n
exageren	ə g z ə ʒ 'e ɾ ə n
exagero	ə g z ə ʒ 'e ɾ u
exbanquer	ə g z β ə ŋ k 'e
excampiona	ə k s k ə m p i 'o n ə
excanceller	ə k s k ə n s ə ʎ 'e
excavadora	ə k s k ə β ə ð 'o ɾ ə
excavadores	ə k s k ə β ə ð 'o ɾ ə s
excedent	ə k s ə ð 'e n
excedents	ə k s ə ð 'e n s
excel·lent	ə k s ə l 'e n
excel·lentment	ə k s ə l ə m m 'e n
excel·lents	ə k s ə l 'e n s
excepcionalment	ə k s ə p s i u n ə l m 'e n
excepte	ə k s 'e p t ə
excessivament	ə k s ə s i β ə m 'e n
excessos	ə k s 'e s u s
excloent	ə k s k l u 'e n
excloent-ne	ə k s k l u 'e n n ə
excloents	ə k s k l u 'e n s
exclou	ə k s k l 'ɔ uw
excloure'n	ə k s k l 'ɔ uw ɾ ə n
exclusivament	ə k s k l u z i β ə m 'e n
excombatent	ə k s k u m b ə t 'e n
excombatents	ə k s k u m b ə t 'e n s
excomponent	ə k s k u m p u n 'e n
exconseller	ə k s k u n s ə ʎ 'e
exconsellera	ə k s k u n s ə ʎ 'e ɾ ə
exconsellers	ə k s k u n s ə ʎ 'e s
excopresident	ə k s k u p ɾ ə z i ð 'e n
excrements	ə k s k ɾ ə m 'e n s
exdavanter	ə g z ð ə β ə n t 'e
exdelinqüent	ə g z ð ə l i ŋ k w 'e n
exdirectora	ə g z ð i ɾ ə k t 'o ɾ ə
exdirigent	ə g z ð i ɾ i ʒ 'e n
exdirigents	ə g z ð i ɾ i ʒ 'e n s
exempcions	ə g z ə m s i 'o n s
exempció	ə g z ə m s i 'o
exemplar	ə g z ə m p l 'a r
exemplarment	ə g z ə m p l ə r m 'e n
exemplars	ə g z ə m p l 'a r s
exemple	ə g z 'e m p l ə
exemples	ə g z 'e m p l ə s
exempt	ə g z 'e m t
exempta	ə g z 'e m t ə
exemptes	ə g z 'e m t ə s
exempts	ə g z 'e m t s
exestrella	ə g z ə s t ɾ 'e ʎ ə
exgeneral	ə g ʒ ə n ə ɾ 'a l
exgerent	ə g ʒ ə ɾ 'e n
exguerriller	ə g z ɣ ə r i ʎ 'e
exhaustivament	ə g z ə uw s t i β ə m 'e n
exigent	ə g z i ʒ 'e n
exigents	ə g z i ʒ 'e n s
exigu	ə g z 'i ɣ u
eximent	ə g z i m 'e n
existent	ə g z i s t 'e n
existents	ə g z i s t 'e n s
exitosa	ə g z i t 'o z ə
exitoses	ə g z i t 'o z ə s
exitosos	ə g z i t 'o z u s
exiugoslàvia	ə g z y u ɣ u z l 'a β i ə
exjugador	ə g ʒ u ɣ ə ð 'o
exjugadors	ə g ʒ u ɣ ə ð 'o s
exjutge	ə g ʒ 'u d ʒ ə
exlehendakari	ə g z l ə ə n d ə k 'a ɾ i
exmembre	ə g z m 'e m b ɾ ə
exmembres	ə g z m 'e m b ɾ ə s
exmilitar	ə g z m i l i t 'a r
exmilitars	ə g z m i l i t 'a r s
exmuller	ə g z m u ʎ 'e
expedient	ə k s p ə ð i 'e n
expedients	ə k s p ə ð i 'e n s
expenedora	ə k s p ə n ə ð 'o ɾ ə
expenedores	ə k s p ə n ə ð 'o ɾ ə s
experiment	ə k s p ə ɾ i m 'e n
experimenta	ə k s p ə ɾ i m 'e n t ə
experimentalment	ə k s p ə ɾ i m ə n t ə l m 'e n
experimenten	ə k s p ə ɾ i m 'e n t ə n
experimenti	ə k s p ə ɾ i m 'e n t i
experimento	ə k s p ə ɾ i m 'e n t u
experiments	ə k s p ə ɾ i m 'e n s
expilot	ə k s p i l 'ɔ t
expivot	ə k s p i β 'ɔ t
explica'ls	ə k s p l 'i k ə l s
explica'ns	ə k s p l 'i k ə n s
explica-ho	ə k s p l 'i k ə uw
expliquessin	ə k s p l i k 'e s i n
expliquessis	ə k s p l i k 'e s i s
explora	ə k s p l 'o ɾ ə
exploren	ə k s p l 'o ɾ ə n
explosiona	ə k s p l u z i 'o n ə
explota	ə k s p l 'o t ə
explotadora	ə k s p l u t ə ð 'o ɾ ə
exploten	ə k s p l 'o t ə n
exploti	ə k s p l 'o t i
explotin	ə k s p l 'o t i n
explícitament	ə k s p l i s i t ə m 'e n
expo	ə k s p 'o
expoliar	ə k s p u l i 'a r
exponencialment	ə k s p u n ə n s i ə l m 'e n
exponent	ə k s p u n 'e n
exponents	ə k s p u n 'e n s
exportadora	ə k s p u r t ə ð 'o ɾ ə
exportadores	ə k s p u r t ə ð 'o ɾ ə s
exporter	ə k s p u r t 'e
exprefecte	ə k s p ɾ ə f 'e k t ə
expresident	ə k s p ɾ ə z i ð 'e n
expresidenta	ə k s p ɾ ə z i ð 'e n t ə
expresidents	ə k s p ɾ ə z i ð 'e n s
expressa	ə k s p ɾ 'e s ə
expressament	ə k s p ɾ ə s ə m 'e n
expressen	ə k s p ɾ 'e s ə n
expresses	ə k s p ɾ 'e s ə s
expressessin	ə k s p ɾ ə s 'e s i n
expressi	ə k s p ɾ 'e s i
expressin	ə k s p ɾ 'e s i n
expresso	ə k s p ɾ 'e s u
expressos	ə k s p ɾ 'e s u s
exprimer	ə k s p ɾ i m 'e
exprimera	ə k s p ɾ i m 'e ɾ ə
exquisidament	ə k s k i z i ð ə m 'e n
exregidora	ə g z r ə ʒ i ð 'o ɾ ə
exrei	ə g z r 'e j
exreina	ə g z r 'e j n ə
exsubinspector	ə k s u p i n s p ə k t 'o
extensament	ə k s t ə n s ə m 'e n
exterior	ə k s t ə ɾ i 'o r
exteriorment	ə k s t ə ɾ i u r m 'e n
exteriors	ə k s t ə ɾ i 'o r s
externament	ə k s t ə r n ə m 'e n
extinent	ə k s t i n 'e n
extitular	ə k s t i t u l 'a r
extraacadèmiques	ə k s t ɾ ə k ə ð 'ɛ m i k ə s
extractores	ə k s t ɾ ə k t 'o ɾ ə s
extraescolars	ə k s t ɾ ə s k u l 'a r s
extraient	ə k s t ɾ ə y 'e n
extraoficialment	ə k s t ɾ ə u f i s i ə l m 'e n
extraordinàriament	ə k s t ɾ ə u ɾ ð i n ə ɾ i ə m 'e n
extraradi	ə k s t ɾ ə r 'a ð i
extrasensorial	ə k s t ɾ ə s ə n s u ɾ i 'a l
extrasensorials	ə k s t ɾ ə s ə n s u ɾ i 'a l s
extraterrestre	ə k s t ɾ ə t ə r 'e s t ɾ ə
extraterrestres	ə k s t ɾ ə t ə r 'e s t ɾ ə s
extreballadores	ə k s t ɾ ə β ə ʎ ə ð 'o ɾ ə s
extrem	ə k s t ɾ 'e m
extrema	ə k s t ɾ 'e m ə
extremadament	ə k s t ɾ ə m ə ð ə m 'e n
extremament	ə k s t ɾ ə m ə m 'e n
extremes	ə k s t ɾ 'e m ə s
extremessin	ə k s t ɾ ə m 'e s i n
extremi	ə k s t ɾ 'e m i
extremin	ə k s t ɾ 'e m i n
extremis	ə k s t ɾ 'e m i s
extremo	ə k s t ɾ 'e m u
extrems	ə k s t ɾ 'e m s
extresorer	ə k s t ɾ ə z u ɾ 'e
extret	ə k s t ɾ 'e t
extreta	ə k s t ɾ 'e t ə
extretes	ə k s t ɾ 'e t ə s
extrets	ə k s t ɾ 'e t s
extreure'n	ə k s t ɾ 'ɛ uw ɾ ə n
exvicelehendakari	ə g z β i s ə l ə ə n d ə k 'a ɾ i
exvicepresident	ə g z β i s ə p ɾ ə z i ð 'e n
exviceprimer	ə g z β i s ə p ɾ i m 'e
exvicerector	ə g z β i s ə r ə k t 'o
exvots	ə g z β 'ɔ t s
fabuleux	f ə β u l 'ɛ uw k s
fabulosa	f ə β u l 'o z ə
fabuloses	f ə β u l 'o z ə s
fabulosos	f ə β u l 'o z u s
facilitar-los-hi	f ə s i l i t 'a r l u z i
facilitessin	f ə s i l i t 'e s i n
factores	f ə k t 'o ɾ ə s
fagot	f ə ɣ 'ɔ t
fagots	f ə ɣ 'ɔ t s
falconers	f ə l k u n 'e s
faldiller	f ə l d i ʎ 'e
faller	f ə ʎ 'e
falleres	f ə ʎ 'e ɾ ə s
fallessin	f ə ʎ 'e s i n
falsament	f ə l s ə m 'e n
falsejament	f ə l s ə ʒ ə m 'e n
fal·lera	f ə l 'e ɾ ə
familiar	f ə m i l i 'a r
familiarment	f ə m i l i ə r m 'e n
familiars	f ə m i l i 'a r s
famosa	f ə m 'o z ə
famoses	f ə m 'o z ə s
famosos	f ə m 'o z u s
fanalers	f ə n ə l 'e s
fantasia	f ə n t ə z 'i ə
fantasies	f ə n t ə z 'i ə s
fantasiosa	f ə n t ə z i 'o z ə
fantasiosos	f ə n t ə z i 'o z u s
fantasiós	f ə n t ə z i 'o s
faquir	f ə k 'i r
far	f 'a r
farcell	f ə r s 'e ʎ
farciment	f ə r s i m 'e n
fardells	f ə ɾ ð 'e ʎ s
farigola	f ə ɾ i ɣ 'o l ə
faristol	f ə ɾ i s t 'ɔ l
faristols	f ə ɾ i s t 'ɔ l s
farners	f ə r n 'e s
farol	f ə ɾ 'ɔ l
fastigosa	f ə s t i ɣ 'o z ə
fastigosos	f ə s t i ɣ 'o z u s
fastuosa	f ə s t u 'o z ə
fastuosos	f ə s t u 'o z u s
fatalment	f ə t ə l m 'e n
fatxendes	f ə t ʃ 'e n d ə s
favor	f ə β 'o r
favorablement	f ə β u ɾ ə b b l ə m 'e n
favors	f ə β 'o r s
feble	f 'e b b l ə
feblement	f ə b b l ə m 'e n
febles	f 'e b b l ə s
febre	f 'e β ɾ ə
febrer	f ə β ɾ 'e
febres	f 'e β ɾ ə s
fecund	f ə k 'u n
fefaent	f ə f ə 'e n
fefaents	f ə f ə 'e n s
feiner	f ə j n 'e
feiners	f ə j n 'e s
feix	f 'e ʃ
feixos	f 'e ʃ u s
feldspat	f ə l ts p 'a t
feliçment	f ə l i z m 'e n
femella	f ə m 'e ʎ ə
femelles	f ə m 'e ʎ ə s
femer	f ə m 'e
fems	f 'e m s
fen	f 'e n
fent	f 'e n
fent-hi	f 'e n t i
fent-ho	f 'e n t u
fent-la	f 'e n l ə
fent-les	f 'e n l ə s
fent-li	f 'e n l i
fent-lo	f 'e n l u
fent-los	f 'e n l u s
fent-me	f 'e m m ə
fent-ne	f 'e n n ə
fent-nos	f 'e n n u s
fent-se	f 'e n s ə
fent-vos	f 'e m b u s
fer	f 'e
fer-hi	f 'e ɾ i
fer-ho	f 'e ɾ u
fer-la	f 'e r l ə
fer-les	f 'e r l ə s
fer-li	f 'e r l i
fer-lo	f 'e r l u
fer-los	f 'e r l u s
fer-me	f 'e r m ə
fer-ne	f 'e r n ə
fer-nos	f 'e r n u s
fer-nos-en	f 'e r n u z ə n
fer-s'ho	f 'e r s u
fer-se	f 'e r s ə
fer-se'n	f 'e r s ə n
fer-te	f 'e r t ə
fer-vos	f 'e ɾ β u s
fera	f 'e ɾ ə
feren	f 'e ɾ ə n
feres	f 'e ɾ ə s
feridora	f ə ɾ i ð 'o ɾ ə
fermament	f ə r m ə m 'e n
ferotgement	f ə ɾ u d ʒ ə m 'e n
ferramenta	f ə r ə m 'e n t ə
ferrer	f ə r 'e
fervent	f ə ɾ β 'e n
ferventment	f ə ɾ β ə m m 'e n
fervents	f ə ɾ β 'e n s
fervor	f ə ɾ β 'o r
fervorosament	f ə ɾ β u ɾ u z ə m 'e n
fes	f 'e s
fes-t'ho	f 'e s t u
fesols	f ə z 'ɔ l s
fessin	f 'e s i n
fessis	f 'e s i s
festa	f 'e s t ə
festes	f 'e s t ə s
fet	f 'e t
feta	f 'e t ə
fetes	f 'e t ə s
fetge	f 'e d ʒ ə
fetillers	f ə t i ʎ 'e s
fets	f 'e t s
fidelment	f i ð ə l m 'e n
figuera	f i ɣ 'e ɾ ə
figueres	f i ɣ 'e ɾ ə s
figuressin	f i ɣ u ɾ 'e s i n
filaments	f i l ə m 'e n s
filantrop	f i l ə n t ɾ 'ɔ p
filera	f i l 'e ɾ ə
fileres	f i l 'e ɾ ə s
filosòficament	f i l u z u f i k ə m 'e n
finalment	f i n ə l m 'e n
finament	f i n ə m 'e n
financer	f i n ə n s 'e
financera	f i n ə n s 'e ɾ ə
financerament	f i n ə n s ə ɾ ə m 'e n
financeres	f i n ə n s 'e ɾ ə s
financers	f i n ə n s 'e s
finançament	f i n ə n s ə m 'e n
finançaments	f i n ə n s ə m 'e n s
finestra	f i n 'e s t ɾ ə
finestres	f i n 'e s t ɾ ə s
finisecular	f i n i z ə k u l 'a
finley	f i n l 'e j
fiquessin	f i k 'e s i n
firmament	f i r m ə m 'e n
firmessin	f i r m 'e s i n
fiscalment	f i s k ə l m 'e n
fischler	f i s k l 'e
fisgones	f i z ɣ 'o n ə s
fitoplàncton	f i t u p l 'a ŋ k t o n
fitosanitari	f i t u s ə n i t 'a ɾ i
fitosanitaris	f i t u s ə n i t 'a ɾ i s
fitxer	f i t ʃ 'e
fitxers	f i t ʃ 'e s
fixa't	f 'i k s ə t
fixa-t'hi	f 'i k s ə t i
fixacions	f i ʃ ə s i 'o n s
fixament	f i k s ə m 'e n
fixe	f 'i ʃ ə
fixeu-vos-hi	f i k s 'ɛ uw β u z i
fixi's	f 'i k s i s
flabiol	f l ə β i 'ɔ l
flabiols	f l ə β i 'ɔ l s
flagell	f l ə ʒ 'e ʎ
flasquer	f l ə s k 'e
fletxa	f l 'e t ʃ ə
fletxes	f l 'e t ʃ ə s
flexiblement	f l ə k s i b b l ə m 'e n
floc	f l 'ɔ k
flocs	f l 'ɔ k s
flor	f l 'ɔ
florent	f l u ɾ 'e n
flores	f l 'o ɾ ə s
floringuelles	f l u ɾ i ŋ g 'e ʎ ə s
flors	f l 'ɔ s
fluorescents	f l u u ɾ ə s 'e n s
foc	f 'ɔ k
foca	f 'o k ə
focs	f 'ɔ k s
focus	f 'o k u s
fogosa	f u ɣ 'o z ə
fogots	f u ɣ 'ɔ t s
foguer	f u ɣ 'e
foguera	f u ɣ 'e ɾ ə
fogueres	f u ɣ 'e ɾ ə s
folguera	f u l ɣ 'e ɾ ə
folk	f 'ɔ l k
folla	f 'o ʎ ə
follament	f u ʎ ə m 'e n
folles	f 'o ʎ ə s
folre	f 'o l r ə
foment	f u m 'e n
fomenta	f u m 'e n t ə
fomenten	f u m 'e n t ə n
fomenti	f u m 'e n t i
fomentin	f u m 'e n t i n
fomento	f u m 'e n t u
fonament	f u n ə m 'e n
fonamenta	f u n ə m 'e n t ə
fonamentalment	f u n ə m ə n t ə l m 'e n
fonamenten	f u n ə m 'e n t ə n
fonamenti	f u n ə m 'e n t i
fonaments	f u n ə m 'e n s
fonda	f 'o n d ə
fondes	f 'o n d ə s
fondo	f 'o n d u
fondos	f 'o n d u s
fondre	f 'o n d ɾ ə
fondre's	f 'o n d ɾ ə s
fonent-se	f u n 'e n s ə
foner	f u n 'e
font	f 'ɔ n
fonts	f 'ɔ n s
foques	f 'o k ə s
forar-se	f 'ɔ ɾ ə r s ə
foraster	f u ɾ ə s t 'e
forastera	f u ɾ ə s t 'e ɾ ə
forasters	f u ɾ ə s t 'e s
forca	f 'o r k ə
forcejament	f u r s ə ʒ ə m 'e n
foren	f 'o ɾ ə n
fores	f 'o ɾ ə s
forfets	f u r f 'e t s
forma	f 'o r m ə
formalment	f u r m ə l m 'e n
formen	f 'o r m ə n
formes	f 'o r m ə s
formessin	f u r m 'e s i n
formi	f 'o r m i
formigoneres	f u r m i ɣ u n 'e ɾ ə s
formiguer	f u r m i ɣ 'e
formin	f 'o r m i n
formo	f 'o r m u
formol	f u r m 'ɔ l
formosa	f u r m 'o z ə
formoses	f u r m 'o z ə s
fornells	f u r n 'e ʎ s
forner	f u r n 'e
fornera	f u r n 'e ɾ ə
forners	f u r n 'e s
forques	f 'o r k ə s
forro	f 'o r u
fort	f 'ɔ r t
fortament	f u r t ə m 'e n
forts	f 'ɔ r s
fortuïtament	f u r t u i t ə m 'e n
forçadament	f u r s ə ð ə m 'e n
forçosa	f u r s 'o z ə
forçosament	f u r s u z ə m 'e n
forçoses	f u r s 'o z ə s
forçosos	f u r s 'o z u s
fosa	f 'o z ə
fosca	f 'o s k ə
foscos	f 'o s k u s
foses	f 'o z ə s
fosforescent	f u s f u ɾ ə s 'e n
fosforescents	f u s f u ɾ ə s 'e n s
fosques	f 'o s k ə s
fossen	f 'o s ə n
fossers	f u s 'e s
fossilífers	f u s i l 'i f ə s
fossin	f 'o s i n
fossis	f 'o s i s
fote't	f 'o t ə t
foten	f 'o t ə n
fotent	f u t 'e n
foti	f 'o t i
fotimer	f u t i m 'e
fotin	f 'o t i n
fotis	f 'o t i s
foto	f 'o t u
fotocopiadores	f u t u k u p i ə ð 'o ɾ ə s
fotos	f 'o t u s
fotre	f 'o t ɾ ə
fotre's	f 'o t ɾ ə s
fotre-li	f 'o t ɾ ə l i
fragment	f ɾ ə g m 'e n
fragments	f ɾ ə g m 'e n s
francament	f ɾ ə ŋ k ə m 'e n
franco-espanyols	f ɾ ə ŋ k u ə s p ə ɲ 'ɔ l s
franctirador	f ɾ ə ŋ t i ɾ ə ð 'o
franctiradors	f ɾ ə ŋ t i ɾ ə ð 'o s
frankfurt	f ɾ ə ŋ k f 'u r t
fraudulent	f ɾ ə uw ð u l 'e n
fraudulenta	f ɾ ə uw ð u l 'e n t ə
fraudulentament	f ɾ ə uw ð u l ə n t ə m 'e n
fraudulents	f ɾ ə uw ð u l 'e n s
fredament	f ɾ ə ð ə m 'e n
fregaments	f ɾ ə ɣ ə m 'e n s
fregidores	f ɾ ə ʒ i ð 'o ɾ ə s
frenessin	f ɾ ə n 'e s i n
frenèticament	f ɾ ə n ə t i k ə m 'e n
freqüent	f ɾ ə k w 'e n
freqüenta	f ɾ ə k w 'e n t ə
freqüenten	f ɾ ə k w 'e n t ə n
freqüentment	f ɾ ə k w ə m m 'e n
freqüents	f ɾ ə k w 'e n s
frescosa	f ɾ ə s k 'o z ə
freudiana	f ɾ u j ð i 'a n ə
freudians	f ɾ u j ð i 'a n s
freudià	f ɾ u j ð i 'a
frisona	f ɾ i z 'o n ə
frisosos	f ɾ i z 'o z u s
frondosos	f ɾ u n d 'o z u s
frontalment	f ɾ u n t ə l m 'e n
frontera	f ɾ u n t 'e ɾ ə
fronterer	f ɾ u n t ə ɾ 'e
fronterera	f ɾ u n t ə ɾ 'e ɾ ə
frontereres	f ɾ u n t ə ɾ 'e ɾ ə s
fronterers	f ɾ u n t ə ɾ 'e s
fronteres	f ɾ u n t 'e ɾ ə s
fructífer	f ɾ u k t 'i f ə r
fruiters	f ɾ u j t 'e s
fugaçment	f u ɣ ə z m 'e n
fugisser	f u ʒ i s 'e
fugissera	f u ʒ i s 'e ɾ ə
fugisseres	f u ʒ i s 'e ɾ ə s
fumadora	f u m ə ð 'o ɾ ə
fumadores	f u m ə ð 'o ɾ ə s
fumera	f u m 'e ɾ ə
funciona	f u n s i 'o n ə
funcionament	f u n s i u n ə m 'e n
funcionen	f u n s i 'o n ə n
funcionessin	f u n s i u n 'e s i n
funcioni	f u n s i 'o n i
funcionin	f u n s i 'o n i n
fundadora	f u n d ə ð 'o ɾ ə
funest	f u n 'e s t
funesta	f u n 'e s t ə
funestes	f u n 'e s t ə s
funicular	f u n i k u l 'a r
furiosa	f u ɾ i 'o z ə
furor	f u ɾ 'o r
furts	f 'u r s
fusell	f u z 'e ʎ
fusells	f u z 'e ʎ s
fusiona	f u z i 'o n ə
fusionen	f u z i 'o n ə n
fusionessin	f u z i u n 'e s i n
fusionin	f u z i 'o n i n
fuster	f u s t 'e
futbol	f u b b 'ɔ l
futbolísticament	f u d b u l i s t i k ə m 'e n
futvòlei	f u d b 'ɔ l ə j
fàcilment	f ə s i l m 'e n
fèmur	f 'ɛ m u r
fènix	f 'ɛ n i k s
fèrriament	f ə r i ə m 'e n
físicament	f i z i k ə m 'e n
gairell	g ə j ɾ 'e ʎ
gaiter	g ə j t 'e
galdosa	g ə l d 'o z ə
galera	g ə l 'e ɾ ə
galliner	g ə ʎ i n 'e
galop	g ə l 'ɔ p
gamper	g ə m p 'e
ganz	g 'a n s
gargot	g ə ɾ ɣ 'ɔ t
garolera	g ə ɾ u l 'e ɾ ə
garona	g ə ɾ 'o n ə
garrepes	g ə r 'e p ə s
garrofer	g ə r u f 'e
garrofers	g ə r u f 'e s
garrot	g ə r 'ɔ t
garrots	g ə r 'ɔ t s
gasoil	g ə z 'ɔ j l
gasoils	g ə z 'ɔ j l s
gasol	g ə z 'ɔ l
gasolinera	g ə z u l i n 'e ɾ ə
gasolineres	g ə z u l i n 'e ɾ ə s
gasosa	g ə z 'o z ə
gasosos	g ə z 'o z u s
gaspart	g ə s p 'a r t
geganters	ʒ ə ɣ ə n t 'e s
gelaters	ʒ ə l ə t 'e s
gelea	ʒ ə l 'e ə
gelosa	ʒ ə l 'o z ə
gelosament	ʒ ə l u z ə m 'e n
geloses	ʒ ə l 'o z ə s
gelosos	ʒ ə l 'o z u s
gema	ʒ 'e m ə
gemec	ʒ ə m 'e k
gemecs	ʒ ə m 'e k s
gemma	ʒ 'e m m ə
gener	ʒ ə n 'e
genera	ʒ ə n 'e ɾ ə
generadora	ʒ ə n ə ɾ ə ð 'o ɾ ə
generadores	ʒ ə n ə ɾ ə ð 'o ɾ ə s
generalment	ʒ ə n ə ɾ ə l m 'e n
generen	ʒ ə n 'e ɾ ə n
generosa	ʒ ə n ə ɾ 'o z ə
generosament	ʒ ə n ə ɾ u z ə m 'e n
generoses	ʒ ə n ə ɾ 'o z ə s
generosos	ʒ ə n ə ɾ 'o z u s
genoma	ʒ ə n 'o m ə
genomes	ʒ ə n 'o m ə s
gens	ʒ 'e n s
gent	ʒ 'e n
genuïnament	ʒ ə n u i n ə m 'e n
genèricament	ʒ ə n ə ɾ i k ə m 'e n
genèticament	ʒ ə n ə t i k ə m 'e n
geogràficament	ʒ ə u ɣ ɾ ə f i k ə m 'e n
geològicament	ʒ ə u l u ʒ i k ə m 'e n
geoposicionament	ʒ ə u p u z i s i u n ə m 'e n
gerent	ʒ ə ɾ 'e n
gerents	ʒ ə ɾ 'e n s
gespa	ʒ 'e s p ə
gest	ʒ 'e s t
gesta	ʒ 'e s t ə
gestes	ʒ 'e s t ə s
gestiona	ʒ ə s t i 'o n ə
gestionen	ʒ ə s t i 'o n ə n
gestiones	ʒ ə s t i 'o n ə s
gestionessin	ʒ ə s t i u n 'e s i n
gestora	ʒ ə s t 'o ɾ ə
gestos	ʒ 'e s t u s
gigahertz	ʒ i ɣ ə 'ɛ r ts
gigahertzs	ʒ i ɣ ə 'ɛ r s s
ginebra	ʒ i n 'e β ɾ ə
ginesta	ʒ i n 'e s t ə
gir	ʒ 'i r
gira-sols	ʒ i ɾ ə s 'ɔ l s
giragonses	ʒ i ɾ ə ɣ 'o n s ə s
giravolt	ʒ i ɾ ə β 'ɔ l
giravolts	ʒ i ɾ ə β 'ɔ l s
glacera	g l ə s 'e ɾ ə
glaceres	g l ə s 'e ɾ ə s
glamur	g l ə m 'u
glamurosos	g l ə m u ɾ 'o z u s
glaucoma	g l ə uw k 'o m ə
globalitzadora	g l u β ə l i d z ə ð 'o ɾ ə
globalment	g l u β ə l m 'e n
gloriosa	g l u ɾ i 'o z ə
gloriosament	g l u ɾ i u z ə m 'e n
glorioses	g l u ɾ i 'o z ə s
gloriosos	g l u ɾ i 'o z u s
glotones	g l u t 'o n ə s
glucosa	g l u k 'o z ə
goig	g 'ɔ tʃ
goigs	g 'ɔ tʃ s
gol	g 'ɔ l
gola	g 'o l ə
golejadora	g u l ə ʒ ə ð 'o ɾ ə
golf	g 'ɔ l f
golfa	g 'o l f ə
golfes	g 'o l f ə s
golfo	g 'o l f u
gols	g 'ɔ l s
goma	g 'o m ə
gomes	g 'o m ə s
gorg	g 'o r k
gosa	g 'o z ə
gosen	g 'o z ə n
goses	g 'o z ə s
goso	g 'o z u
gossa	g 'o s ə
gossera	g u s 'e ɾ ə
gossos	g 'o s u s
got	g 'ɔ t
gota	g 'o t ə
gotera	g u t 'e ɾ ə
goteres	g u t 'e ɾ ə s
gotes	g 'o t ə s
gots	g 'ɔ t s
governadora	g u β ə r n ə ð 'o ɾ ə
governessin	g u β ə r n 'e s i n
graciosa	g ɾ ə s i 'o z ə
gracioses	g ɾ ə s i 'o z ə s
graciosos	g ɾ ə s i 'o z u s
gradualment	g ɾ ə ð u ə l m 'e n
graella	g ɾ ə 'e ʎ ə
graelles	g ɾ ə 'e ʎ ə s
grallers	g ɾ ə ʎ 'e s
grandiloqüent	g ɾ ə n d i l u k w 'e n
grandiloqüents	g ɾ ə n d i l u k w 'e n s
grandiosa	g ɾ ə n d i 'o z ə
graner	g ɾ ə n 'e
granger	g ɾ ə n ʒ 'e
grangers	g ɾ ə n ʒ 'e s
granollers	g ɾ ə n u ʎ 'e s
gratament	g ɾ ə t ə m 'e n
gratuïtament	g ɾ ə t u i t ə m 'e n
graux	g ɾ 'a uw k s
gravadora	g ɾ ə β ə ð 'o ɾ ə
gravadores	g ɾ ə β ə ð 'o ɾ ə s
grec	g ɾ 'e k
grecoromana	g ɾ ə k u r u m 'a n ə
grecoromanes	g ɾ ə k u r u m 'a n ə s
grecs	g ɾ 'e k s
grega	g ɾ 'e ɣ ə
gregues	g ɾ 'e ɣ ə s
greix	g ɾ 'e ʃ
greixos	g ɾ 'e ʃ u s
grenoble	g ɾ ə n 'o b b l ə
gresol	g ɾ ə z 'ɔ l
greu	g ɾ 'e uw
greuge	g ɾ 'e uw ʒ ə
greuges	g ɾ 'e uw ʒ ə s
greument	g ɾ ə uw m 'e n
greus	g ɾ 'e uw s
grier	g ɾ i 'e
grisosos	g ɾ i z 'o z u s
groc	g ɾ 'ɔ k
grocs	g ɾ 'ɔ k s
grog	g ɾ 'ɔ k
grogosos	g ɾ u ɣ 'o z u s
groller	g ɾ u ʎ 'e
grollera	g ɾ u ʎ 'e ɾ ə
grollerament	g ɾ u ʎ ə ɾ ə m 'e n
grolleres	g ɾ u ʎ 'e ɾ ə s
grollers	g ɾ u ʎ 'e s
gronxa	g ɾ 'o n ʃ ə
gronxadora	g ɾ u n ʃ ə ð 'o ɾ ə
gronxar-m'hi	g ɾ u n ʃ 'a m i
gros	g ɾ 'ɔ s
grotescos	g ɾ u t 'e s k u s
gràficament	g ɾ ə f i k ə m 'e n
guantera	g w ə n t 'e ɾ ə
guanyadora	g w ə ɲ ə ð 'o ɾ ə
guanyadores	g w ə ɲ ə ð 'o ɾ ə s
guanyessin	g w ə ɲ 'e s i n
guard	g w 'a r t
guarda-roba	g w ə ɾ ð ə r 'ɔ β ə
guardaespatlles	g w ə ɾ ð ə s p 'a ʎ ʎ ə s
guardona	g w ə ɾ ð 'o n ə
guardonen	g w ə ɾ ð 'o n ə n
guariment	g w ə ɾ i m 'e n
guarniment	g w ə r n i m 'e n
guarniments	g w ə r n i m 'e n s
guerrer	g ə r 'e
guerrera	g ə r 'e ɾ ə
guerreres	g ə r 'e ɾ ə s
guerrers	g ə r 'e s
guerriller	g ə r i ʎ 'e
guerrillera	g ə r i ʎ 'e ɾ ə
guerrilleres	g ə r i ʎ 'e ɾ ə s
guerrillers	g ə r i ʎ 'e s
guetos	g 'e t u s
guia'm	g 'i ə m
guinyol	g i ɲ 'ɔ l
guinyols	g i ɲ 'ɔ l s
guitarrera	g i t ə r 'e ɾ ə
guix	g 'i ʃ
guixots	g i ʃ 'ɔ t s
gurmet	g u r m 'ɛ t
guspira	g u s p 'i ɾ ə
guspires	g u s p 'i ɾ ə s
gustaria	g u s t ə ɾ 'i ə
gustosament	g u s t u z ə m 'e n
gustós	g u s t 'o s
guturals	g u t u ɾ 'a l s
guèiser	g 'ɛ j z ə r
guíxols	g 'i k s u l s
gàngster	g 'a ŋ g s t ə r
gàngsters	g 'a ŋ g s t ə r s
güell	g w 'e ʎ
günther	g w n t 'e r
habitualment	ə β i t u ə l m 'e n
haguera	ə ɣ 'e ɾ ə
hagueren	ə ɣ 'e ɾ ə n
hagueres	ə ɣ 'e ɾ ə s
haguessin	ə ɣ 'e s i n
haguessis	ə ɣ 'e s i s
haia	'a y ə
handbol	ə n d b 'ɔ l
hangar	ə ŋ g 'a r
hannover	ə n n u β 'e
hardware	'a ɾ u ə
harmoniosa	ə r m u n i 'o z ə
harmoniosament	ə r m u n i u z ə m 'e n
harmonioses	ə r m u n i 'o z ə s
harmoniosos	ə r m u n i 'o z u s
harmònicament	ə r m u n i k ə m 'e n
havanera	ə β ə n 'e ɾ ə
havaneres	ə β ə n 'e ɾ ə s
haver	ə β 'ɛ
haver-n'hi	ə β 'ɛ n i
haver-se'n	ə β 'ɛ r s ə n
he	'e
hebrea	ə β ɾ 'e ə
hebrees	ə β ɾ 'e ə s
hebreu	ə β ɾ 'e uw
hebreus	ə β ɾ 'e uw s
hecatombe	ə k ə t 'o m b ə
heidi	'ɛ j ð i
helicòpter	ə l i k 'ɔ p t ə r
heliport	ə l i p 'ɔ r t
hematoma	ə m ə t 'o m ə
hematomes	ə m ə t 'o m ə s
henna	'e n n ə
herba	'e ɾ β ə
herbes	'e ɾ β ə s
hereta	ə ɾ 'e t ə
hereten	ə ɾ 'e t ə n
heretges	ə ɾ 'e d ʒ ə s
hermèticament	ə r m ə t i k ə m 'e n
heroi	ə ɾ 'ɔ j
heroic	ə ɾ 'ɔ j k
heroicament	ə ɾ u j k ə m 'e n
heroics	ə ɾ 'ɔ j k s
herois	ə ɾ 'ɔ j s
heterodox	ə t ə ɾ u ð 'ɔ k s
heterodoxa	ə t ə ɾ u ð 'o k s ə
heterozigots	ə t ə ɾ u z i ɣ 'ɔ t s
hienes	y 'ɛ n ə s
hieràtic	y ə ɾ 'a t i k
hieràtics	y ə ɾ 'a t i k s
hipertext	i p ə r t 'e k s t
hipnotisme	i b n u t 'i z m ə
hipnotitza	i b n u t 'i d z ə
hipnotitzador	i b n u t i d z ə ð 'o
hipnotitzant	i b n u t i d z 'a n
hipnotitzar	i b n u t i d z 'a
hipotètic-deductiu	i p u t ə t i g d ə ð u k t 'i uw
hipotèticament	i p u t ə t i k ə m 'e n
hipòcritament	i p u k ɾ i t ə m 'e n
hisenda	i z 'e n d ə
hisendes	i z 'e n d ə s
historiadora	i s t u ɾ i ə ð 'o ɾ ə
històricament	i s t u ɾ i k ə m 'e n
hitchcockianes	i t k k u k i 'a n ə s
hitchcockià	i t k k u k i 'a
hitleriana	i l l ə ɾ i 'a n ə
hitlerians	i l l ə ɾ i 'a n s
hitlerià	i l l ə ɾ i 'a
hom	'ɔ m
homenot	u m ə n 'ɔ t
homenots	u m ə n 'ɔ t s
homo	'o m u
homosexuals	u m u z ə k s u 'a l s
honest	u n 'e s t
honesta	u n 'e s t ə
honestament	u n ə s t ə m 'e n
honestes	u n 'e s t ə s
honestos	u n 'e s t u s
honor	u n 'o r
honora	u n 'o ɾ ə
honors	u n 'o r s
honra	'o n r ə
honradament	u n r ə ð ə m 'e n
honrosa	u n r 'o z ə
honroses	u n r 'o z ə s
horitzontalment	u ɾ i d z u n t ə l m 'e n
hormona	u r m 'o n ə
hormones	u r m 'o n ə s
horriblement	u r i b b l ə m 'e n
horror	u r 'o r
horrorosa	u r u ɾ 'o z ə
horroroses	u r u ɾ 'o z ə s
horrorosos	u r u ɾ 'o z u s
horrors	u r 'o r s
hort	'ɔ r t
horts	'ɔ r s
hostaler	u s t ə l 'e
hostalera	u s t ə l 'e ɾ ə
hoteler	u t ə l 'e
hotelera	u t ə l 'e ɾ ə
hoteleres	u t ə l 'e ɾ ə s
hotelers	u t ə l 'e s
houston	o uw s t 'o n
huc	'u k
hug	'u k
hui	w 'i
humanament	u m ə n ə m 'e n
humilment	u m i l m 'e n
humor	u m 'o r
humus	'u m u s
hurra	'u r ə
hàbilment	ə β i l m 'e n
hàcker	'a k ə
hàckers	'a k ə s
hàmster	'a m s t ə r
hèlsinki	'ɛ l s i ŋ k i
híbrid	'i β ɾ i t
híbrids	'i β ɾ i t s
híper	'i p ə r
hípers	'i p ə s
hípica	'i p i k ə
iaia	y 'a y ə
iaies	y 'a y ə s
iaio	y 'a y u
iarda	y 'a ɾ ð ə
iardes	y 'a ɾ ð ə s
ibarretxe	i β ə r 'e t ʃ ə
iber	i β 'e r
ibera	i β 'e ɾ ə
ibers	i β 'e r s
iceberg	i s ə β 'ɛ r k
icebergs	i s ə β 'ɛ r k s
icona	i k 'o n ə
icones	i k 'o n ə s
idea	i ð 'e ə
idealment	i ð e ə l m 'e n
ideen	i ð 'e ə n
idees	i ð 'e ə s
identifiquessin	i ð ə n t i f i k 'e s i n
ideològicament	i ð ə u l u ʒ i k ə m 'e n
idioma	i ð i 'o m ə
idiomes	i ð i 'o m ə s
idiosincràsia	i ð i u s i ŋ k ɾ 'a s i ə
idiosincràsies	i ð i u s i ŋ k ɾ 'a s i ə s
iemenita	y ə m ə n 'i t ə
iemenites	y ə m ə n 'i t ə s
ien	y 'e n
iens	y 'ɛ n s
ignominiosa	i g n u m i n i 'o z ə
ignora	i g n 'o ɾ ə
ignoren	i g n 'o ɾ ə n
ignoro	i g n 'o ɾ u
igualment	i ɣ w ə l m 'e n
illot	i ʎ 'ɔ t
illots	i ʎ 'ɔ t s
il·legalment	i l ə ɣ ə l m 'e n
il·limitadament	i l i m i t ə ð ə m 'e n
il·lusiona	i l u z i 'o n ə
il·lustradora	i l u s t ɾ ə ð 'o ɾ ə
imaginar-se-la	i m ə ʒ i n 'a r s ə l ə
imbuint-vos	i m b u 'i m b u s
imbuir-vos	i m b u 'i ɾ β u s
immadurs	i m m ə ð 'u s
immanent	i m m ə n 'e n
immediatament	i m m ə ð i ə t ə m 'e n
immensament	i m m ə n s ə m 'e n
imminent	i m m i n 'e n
imminents	i m m i n 'e n s
impacient	i m p ə s i 'e n
impacients	i m p ə s i 'e n s
impagament	i m p ə ɣ ə m 'e n
impagaments	i m p ə ɣ ə m 'e n s
imparells	i m p ə ɾ 'e ʎ s
impecablement	i m p ə k ə b b l ə m 'e n
impediment	i m p ə ð i m 'e n
impediments	i m p ə ð i m 'e n s
impenitent	i m p ə n i t 'e n
impera	i m p 'e ɾ ə
imperen	i m p 'e ɾ ə n
imperfecta	i m p ə r f 'e k t ə
imperfecte	i m p ə r f 'e k t ə
imperfectes	i m p ə r f 'e k t ə s
imperiosa	i m p ə ɾ i 'o z ə
imperiosament	i m p ə ɾ i u z ə m 'e n
impertinent	i m p ə r t i n 'e n
impertinents	i m p ə r t i n 'e n s
impetuosa	i m p ə t u 'o z ə
implacablement	i m p l ə k ə b b l ə m 'e n
implícitament	i m p l i s i t ə m 'e n
imponent	i m p u n 'e n
imponents	i m p u n 'e n s
impopular	i m p u p u l 'a r
import	i m p 'ɔ r t
importadora	i m p u r t ə ð 'o ɾ ə
importadores	i m p u r t ə ð 'o ɾ ə s
imports	i m p 'ɔ r s
imposa	i m p 'o z ə
imposen	i m p 'o z ə n
imposessin	i m p u z 'e s i n
impost	i m p 'ɔ s t
impotent	i m p u t 'e n
impotents	i m p u t 'e n s
impregna	i m p ɾ 'e g n ə
impremta	i m p ɾ 'e m t ə
impremtes	i m p ɾ 'e m t ə s
impressiona	i m p ɾ ə s i 'o n ə
impressionen	i m p ɾ ə s i 'o n ə n
impressora	i m p ɾ ə s 'o ɾ ə
impressores	i m p ɾ ə s 'o ɾ ə s
improcedent	i m p ɾ u s ə ð 'e n
improcedents	i m p ɾ u s ə ð 'e n s
imprudent	i m p ɾ u ð 'e n
imprudentment	i m p ɾ u ð ə m m 'e n
imprudents	i m p ɾ u ð 'e n s
impròpiament	i m p ɾ u p i ə m 'e n
impulsivament	i m p u l s i β ə m 'e n
impulsora	i m p u l s 'o ɾ ə
impulsores	i m p u l s 'o ɾ ə s
impunement	i m p u n ə m 'e n
impúdicament	i m p u ð i k ə m 'e n
inaprehensible	i n ə p ɾ ə ə n s 'i b b l ə
incandescent	i ŋ k ə n d ə s 'e n
incansablement	i ŋ k ə n s ə b b l ə m 'e n
incentivadores	i n s ə n t i β ə ð 'o ɾ ə s
incerts	i n s 'ɛ r s
incest	i n s 'e s t
incident	i n s i ð 'e n
incidents	i n s i ð 'e n s
incineradora	i n s i n ə ɾ ə ð 'o ɾ ə
incineradores	i n s i n ə ɾ ə ð 'o ɾ ə s
incipient	i n s i p i 'e n
incipients	i n s i p i 'e n s
incitadora	i n s i t ə ð 'o ɾ ə
inclement	i ŋ k l ə m 'e n
incloc	i ŋ k l 'ɔ k
incloent	i ŋ k l u 'e n
incloent-hi	i ŋ k l u 'e n t i
inclosa	i ŋ k l 'o z ə
incloses	i ŋ k l 'o z ə s
inclosos	i ŋ k l 'o z u s
inclou	i ŋ k l 'ɔ uw
incloure'l	i ŋ k l 'ɔ uw ɾ ə l
incloure'ls	i ŋ k l 'ɔ uw ɾ ə l s
incloure's	i ŋ k l 'ɔ uw ɾ ə s
incloure-hi	i ŋ k l 'ɔ uw ɾ ə j
incloure-les	i ŋ k l 'ɔ uw ɾ ə l ə s
inclous	i ŋ k l 'ɔ uw s
inclusivament	i ŋ k l u z i β ə m 'e n
incoa	i ŋ k 'o ə
incoherent	i ŋ k u ə ɾ 'e n
incoherents	i ŋ k u ə ɾ 'e n s
incomparablement	i ŋ k u m p ə ɾ ə b b l ə m 'e n
incompetent	i ŋ k u m p ə t 'e n
incompetents	i ŋ k u m p ə t 'e n s
incompliment	i ŋ k u m p l i m 'e n
incompliments	i ŋ k u m p l i m 'e n s
incomprensiblement	i ŋ k u m p ɾ ə n s i b b l ə m 'e n
inconcret	i ŋ k u ŋ k ɾ 'e t
incondicionalment	i ŋ k u n d i s i u n ə l m 'e n
incongruent	i ŋ k u ŋ g ɾ u 'e n
inconscient	i ŋ k u n s i 'e n
inconscientment	i ŋ k u n s i ə m m 'e n
inconscients	i ŋ k u n s i 'e n s
inconsistent	i ŋ k u n s i s t 'e n
inconsistents	i ŋ k u n s i s t 'e n s
inconvenient	i ŋ k u m b ə n i 'e n
inconvenients	i ŋ k u m b ə n i 'e n s
incorpora	i ŋ k u r p 'o ɾ ə
incorporen	i ŋ k u r p 'o ɾ ə n
incorporessin	i ŋ k u r p u ɾ 'e s i n
incorre	i ŋ k 'o r ə
incorrectament	i ŋ k u r ə k t ə m 'e n
incorren	i ŋ k 'o r ə n
incorrent	i ŋ k u r 'e n
increment	i ŋ k ɾ ə m 'e n
incrementa	i ŋ k ɾ ə m 'e n t ə
incrementen	i ŋ k ɾ ə m 'e n t ə n
incrementi	i ŋ k ɾ ə m 'e n t i
incrementin	i ŋ k ɾ ə m 'e n t i n
increments	i ŋ k ɾ ə m 'e n s
increïblement	i ŋ k ɾ ə i b b l ə m 'e n
incruent	i ŋ k ɾ u 'e n
incruenta	i ŋ k ɾ u 'e n t ə
incubadora	i ŋ k u β ə ð 'o ɾ ə
incubadores	i ŋ k u β ə ð 'o ɾ ə s
indecent	i n d ə s 'e n
indefectiblement	i n d ə f ə k t i b b l ə m 'e n
indefinidament	i n d ə f i n i ð ə m 'e n
indefugiblement	i n d ə f u ʒ i b b l ə m 'e n
indegudament	i n d ə ɣ u ð ə m 'e n
indeleble	i n d ə l 'e b b l ə
independent	i n d ə p ə n d 'e n
independentista-autonomista	i n d ə p ə n d ə n t i s t ə uw t u n u m 'i s t ə
independentment	i n d ə p ə n d ə m m 'e n
independents	i n d ə p ə n d 'e n s
indexa	i n d 'e k s ə
indicadores	i n d i k ə ð 'o ɾ ə s
indiferent	i n d i f ə ɾ 'e n
indiferents	i n d i f ə ɾ 'e n s
indigent	i n d i ʒ 'e n
indigents	i n d i ʒ 'e n s
indigest	i n d i ʒ 'e s t
indigesta	i n d i ʒ 'e s t ə
indirectament	i n d i ɾ ə k t ə m 'e n
indiscret	i n d i s k ɾ 'e t
indiscreta	i n d i s k ɾ 'e t ə
indiscrets	i n d i s k ɾ 'e t s
indiscriminadament	i n d i s k ɾ i m i n ə ð ə m 'e n
indiscutiblement	i n d i s k u t i b b l ə m 'e n
indistintament	i n d i s t i n t ə m 'e n
individualment	i n d i β i ð u ə l m 'e n
indo-pakistanesa	i n d u p ə k i s t ə n 'ɛ z ə
indolent	i n d u l 'e n
indubtablement	i n d u p t ə b b l ə m 'e n
inductores	i n d u k t 'o ɾ ə s
indulgent	i n d u l ʒ 'e n
industrialment	i n d u s t ɾ i ə l m 'e n
industriosa	i n d u s t ɾ i 'o z ə
ineficient	i n ə f i s i 'e n
ineluctablement	i n ə l u k t ə b b l ə m 'e n
ineptes	i n 'e p t ə s
inequívocament	i n ə k i β u k ə m 'e n
inesperadament	i n ə s p ə ɾ ə ð ə m 'e n
inevitablement	i n ə β i t ə b b l ə m 'e n
inexistent	i n ə g z i s t 'e n
inexistents	i n ə g z i s t 'e n s
inexorablement	i n ə g z u ɾ ə b b l ə m 'e n
inexplicablement	i n ə k s p l i k ə b b l ə m 'e n
infecciosa	i m f ə k s i 'o z ə
infeccioses	i m f ə k s i 'o z ə s
infecciosos	i m f ə k s i 'o z u s
infecta	i m f 'e k t ə
infecten	i m f 'e k t ə n
inferior	i m f ə ɾ i 'o r
inferiorment	i m f ə ɾ i u r m 'e n
inferiors	i m f ə ɾ i 'o r s
infermer	i m f ə r m 'e
infermera	i m f ə r m 'e ɾ ə
infermeres	i m f ə r m 'e ɾ ə s
infermers	i m f ə r m 'e s
infinitament	i m f i n i t ə m 'e n
influent	i m f l u 'e n
influents	i m f l u 'e n s
influir-hi	i m f l u 'i ɾ i
infondre	i m f 'o n d ɾ ə
informa	i m f 'o r m ə
informadores	i m f u r m ə ð 'o ɾ ə s
informalment	i m f u r m ə l m 'e n
informativament	i m f u r m ə t i β ə m 'e n
informe	i m f 'o r m ə
informen	i m f 'o r m ə n
informes	i m f 'o r m ə s
informi	i m f 'o r m i
informin	i m f 'o r m i n
informo	i m f 'o r m u
informàticament	i m f u r m ə t i k ə m 'e n
infraestructura	i m f ɾ ə s t ɾ u k t 'u ɾ ə
infraestructural	i m f ɾ ə s t ɾ u k t u ɾ 'a l
infraestructurals	i m f ɾ ə s t ɾ u k t u ɾ 'a l s
infraestructures	i m f ɾ ə s t ɾ u k t 'u ɾ ə s
infrahumanes	i m f ɾ ə u m 'a n ə s
infraroja	i m f ɾ ə r 'ɔ ʒ ə
infrarojos	i m f ɾ ə r 'ɔ ʒ u s
infreqüent	i m f ɾ ə k w 'e n
infructuosa	i m f ɾ u k t u 'o z ə
infructuosament	i m f ɾ u k t u u z ə m 'e n
infructuoses	i m f ɾ u k t u 'o z ə s
infructuosos	i m f ɾ u k t u 'o z u s
ingent	i n ʒ 'e n
ingents	i n ʒ 'e n s
ingenus	i n ʒ 'e n u s
ingesta	i n ʒ 'e s t ə
ingredient	i ŋ g ɾ ə ð i 'e n
ingredients	i ŋ g ɾ ə ð i 'e n s
ingressa	i ŋ g ɾ 'e s ə
ingressen	i ŋ g ɾ 'e s ə n
ingresses	i ŋ g ɾ 'e s ə s
ingressi	i ŋ g ɾ 'e s i
ingressin	i ŋ g ɾ 'e s i n
ingresso	i ŋ g ɾ 'e s u
ingressos	i ŋ g ɾ 'e s u s
ingènuament	i n ʒ ə n u ə m 'e n
inherent	i n ə ɾ 'e n
inherents	i n ə ɾ 'e n s
inicialment	i n i s i ə l m 'e n
iniciessin	i n i s i 'e s i n
iniciïn	i n i s 'i i n
ininterrompudament	i n i n t ə r u m p u ð ə m 'e n
injecta	i n ʒ 'e k t ə
injustament	i n ʒ u s t ə m 'e n
injustificadament	i n ʒ u s t i f i k ə ð ə m 'e n
innecessàriament	i n n ə s ə s ə ɾ i ə m 'e n
innegablement	i n n ə ɣ ə b b l ə m 'e n
innocent	i n n u s 'e n
innocentment	i n n u s ə m m 'e n
innocents	i n n u s 'e n s
innovadora	i n n u β ə ð 'o ɾ ə
innovadores	i n n u β ə ð 'o ɾ ə s
inodor	i n u ð 'o r
inquiet	i ŋ k i 'e t
inquieta	i ŋ k i 'e t ə
inquieten	i ŋ k i 'e t ə n
inquietes	i ŋ k i 'e t ə s
inquietin	i ŋ k i 'e t i n
inquieto	i ŋ k i 'e t u
inquiets	i ŋ k i 'e t s
insatisfet	i n s ə t i s f 'e t
insatisfeta	i n s ə t i s f 'e t ə
insatisfets	i n s ə t i s f 'e t s
inscriure's	i n s k ɾ 'i uw ɾ ə s
inscriure't	i n s k ɾ 'i uw ɾ ə t
inscriure-hi	i n s k ɾ 'i uw ɾ ə j
inscriure-s'hi	i n s k ɾ 'i uw ɾ ə s i
inscriure-us	i n s k ɾ 'i uw ɾ ə uw s
insecte	i n s 'e k t ə
insectes	i n s 'e k t ə s
insegurs	i n s ə ɣ 'u s
insistent	i n s i s t 'e n
insistentment	i n s i s t ə m m 'e n
insistents	i n s i s t 'e n s
insolent	i n s u l 'e n
insolentes	i n s u l 'e n t ə s
insolents	i n s u l 'e n s
insolvent	i n s u l β 'e n
insolvents	i n s u l β 'e n s
inspectora	i n s p ə k t 'o ɾ ə
inspectores	i n s p ə k t 'o ɾ ə s
inspiradora	i n s p i ɾ ə ð 'o ɾ ə
instal·ladora	i n s t ə l ə ð 'o ɾ ə
instal·ladores	i n s t ə l ə ð 'o ɾ ə s
instantàniament	i n s t ə n t ə n i ə m 'e n
instintivament	i n s t i n t i β ə m 'e n
institucionalment	i n s t i t u s i u n ə l m 'e n
instructora	i n s t ɾ u k t 'o ɾ ə
instrument	i n s t ɾ u m 'e n
instruments	i n s t ɾ u m 'e n s
insuficient	i n s u f i s i 'e n
insuficients	i n s u f i s i 'e n s
insular	i n s u l 'a r
insult	i n s 'u l
insuportablement	i n s u p u r t ə b b l ə m 'e n
insurgent	i n s u r ʒ 'e n
insurgents	i n s u r ʒ 'e n s
insòlitament	i n s u l i t ə m 'e n
integra	i n t 'e ɣ ɾ ə
integradora	i n t ə ɣ ɾ ə ð 'o ɾ ə
integrament	i n t ə ɣ ɾ ə m 'e n
integren	i n t 'e ɣ ɾ ə n
integri	i n t 'e ɣ ɾ i
integrin	i n t 'e ɣ ɾ i n
intel·lecte	i n t ə l 'e k t ə
intel·lectualment	i n t ə l ə k t u ə l m 'e n
intel·ligent	i n t ə l i ʒ 'e n
intel·ligentment	i n t ə l i ʒ ə m m 'e n
intel·ligents	i n t ə l i ʒ 'e n s
intencionadament	i n t ə n s i u n ə ð ə m 'e n
intendent	i n t ə n d 'e n
intensament	i n t ə n s ə m 'e n
intent	i n t 'e n
intenta	i n t 'e n t ə
intenten	i n t 'e n t ə n
intentes	i n t 'e n t ə s
intentessin	i n t ə n t 'e s i n
intenti	i n t 'e n t i
intentin	i n t 'e n t i n
intento	i n t 'e n t u
intents	i n t 'e n s
interaccionen	i n t ə ɾ ə k s i 'o n ə n
interactuïn	i n t ə ɾ ə k t 'u i n
intercanviïn	i n t ə r k ə m b 'i i n
intercentres	i n t ə r s 'e n t ɾ ə s
intercepta	i n t ə r s 'e p t ə
interceptin	i n t ə r s 'e p t i n
interconnecta	i n t ə r k u n n 'e k t ə
interdependent	i n t ə ɾ ð ə p ə n d 'e n
interdependents	i n t ə ɾ ð ə p ə n d 'e n s
interessadament	i n t ə ɾ ə s ə ð ə m 'e n
interior	i n t ə ɾ i 'o r
interiorització	i n t ə r y u ɾ i d z ə s i 'o
interiorment	i n t ə ɾ i u r m 'e n
interiors	i n t ə ɾ i 'o r s
interlocutora	i n t ə r l u k u t 'o ɾ ə
intermitent	i n t ə r m i t 'e n
intermitentment	i n t ə r m i t ə m m 'e n
intermitents	i n t ə r m i t 'e n s
internacionalment	i n t ə r n ə s i u n ə l m 'e n
internament	i n t ə r n ə m 'e n
interpreta	i n t ə r p ɾ 'e t ə
interpreten	i n t ə r p ɾ 'e t ə n
interpretessin	i n t ə r p ɾ ə t 'e s i n
interpreti	i n t ə r p ɾ 'e t i
interpretin	i n t ə r p ɾ 'e t i n
interpreto	i n t ə r p ɾ 'e t u
interrelacionen	i n t ə r ə l ə s i 'o n ə n
interrompre	i n t ə r 'o m p ɾ ə
intervenen	i n t ə ɾ β 'e n ə n
intervinguessin	i n t ə ɾ β i ŋ g 'e s i n
intranquil·litat	i n t ɾ ə n k i l i t 'a t
intranscendent	i n t ɾ ə s ə n d 'e n
intranscendents	i n t ɾ ə s ə n d 'e n s
intransigent	i n t ɾ ə n z i ʒ 'e n
intransigents	i n t ɾ ə n z i ʒ 'e n s
intransigència	i n t ɾ ə n z i ʒ 'ɛ n s i ə
intravenosa	i n t ɾ ə β ə n 'o z ə
intravenoses	i n t ɾ ə β ə n 'o z ə s
introduint	i n t ɾ u ð 'u j n
introduir-hi	i n t ɾ u ð u 'i ɾ i
introduir-la	i n t ɾ u ð u 'i r l ə
introduir-lo	i n t ɾ u ð u 'i r l u
introduir-s'hi	i n t ɾ u ð u 'i r s i
introduir-se	i n t ɾ u ð u 'i r s ə
intrínsecament	i n t ɾ i n s ə k ə m 'e n
intuïtivament	i n t u i t i β ə m 'e n
inusualment	i n u z u ə l m 'e n
invariablement	i m b ə ɾ i ə b b l ə m 'e n
invasora	i m b ə z 'o ɾ ə
invasores	i m b ə z 'o ɾ ə s
invent	i m b 'e n
inventa	i m b 'e n t ə
inventen	i m b 'e n t ə n
inventin	i m b 'e n t i n
invento	i m b 'e n t u
inventores	i m b ə n t 'o ɾ ə s
invents	i m b 'e n s
inversament	i m b ə r s ə m 'e n
inversora	i m b ə r s 'o ɾ ə
investigadora	i m b ə s t i ɣ ə ð 'o ɾ ə
investigadores	i m b ə s t i ɣ ə ð 'o ɾ ə s
invident	i m b i ð 'e n
invidents	i m b i ð 'e n s
invoca	i m b 'o k ə
involuntàriament	i m b u l u n t ə ɾ i ə m 'e n
invoquen	i m b 'o k ə n
invoqui	i m b 'o k i
inútilment	i n u t i l m 'e n
iogurts	y u ɣ 'u r s
ions	y 'o n s
iots	y 'ɔ t s
iradament	i ɾ ə ð ə m 'e n
irracionalment	i r ə s i u n ə l m 'e n
irredempts	i r ə ð 'e m t s
irregular	i r ə ɣ u l 'a r
irregularment	i r ə ɣ u l ə r m 'e n
irremeiablement	i r ə m ə y ə b b l ə m 'e n
irremissiblement	i r ə m i s i b b l ə m 'e n
irresistiblement	i r ə z i s t i b b l ə m 'e n
irresolts	i r ə z 'ɔ l t s
irrespectuosa	i r ə s p ə k t u 'o z ə
irresponsablement	i r ə s p u n s ə b b l ə m 'e n
irreverent	i r ə β ə ɾ 'e n
irreverents	i r ə β ə ɾ 'e n s
irreversiblement	i r ə β ə r s i b b l ə m 'e n
irrompen	i r 'o m p ə n
irrompre	i r 'o m p ɾ ə
irònicament	i ɾ u n i k ə m 'e n
italobrasiler	i t ə l u β ɾ ə z i l 'e
iuan	y u 'a n
ixirà	i ʃ i ɾ 'a
iònica	y 'ɔ n i k ə
jaciment	ʒ ə s i m 'e n
jaciments	ʒ ə s i m 'e n s
jaguar	ʒ ə ɣ w 'a r
jardiner	ʒ ə ɾ ð i n 'e
jardinera	ʒ ə ɾ ð i n 'e ɾ ə
jardiners	ʒ ə ɾ ð i n 'e s
jazz	ʒ 'a s
jean-pierr	ʒ e ə m p i 'ɛ r
jeràrquicament	ʒ ə ɾ ə r k i k ə m 'e n
jo	ʒ 'ɔ
joc	ʒ 'ɔ k
jocs	ʒ 'ɔ k s
jofre	ʒ 'o f ɾ ə
joglar	ʒ u ɣ l 'a r
joglars	ʒ u ɣ l 'a r s
joier	ʒ u y 'e
joiera	ʒ u y 'e ɾ ə
joiers	ʒ u y 'e s
joiosa	ʒ u y 'o z ə
joioses	ʒ u y 'o z ə s
joiosos	ʒ u y 'o z u s
jonc	ʒ 'o ŋ
joncs	ʒ 'o ŋ s
jonqueres	ʒ u ŋ k 'e ɾ ə s
jornalers	ʒ u r n ə l 'e s
jove	ʒ 'o β ə
jovent	ʒ u β 'e n
joves	ʒ 'o β ə s
judicialment	ʒ u ð i s i ə l m 'e n
judo	ʒ 'u ð o
jueu	ʒ u 'e uw
jueus	ʒ u 'e uw s
jueva	ʒ u 'e β ə
jugadora	ʒ u ɣ ə ð 'o ɾ ə
jugadores	ʒ u ɣ ə ð 'o ɾ ə s
juganer	ʒ u ɣ ə n 'e
juganera	ʒ u ɣ ə n 'e ɾ ə
juganeres	ʒ u ɣ ə n 'e ɾ ə s
jugant-s'hi	ʒ u ɣ 'a n s i
jugar-se-la	ʒ u ɣ 'a r s ə l ə
juguessin	ʒ u ɣ 'e s i n
juliol	ʒ u l i 'ɔ l
juliols	ʒ u l i 'ɔ l s
juntament	ʒ u n t ə m 'e n
jurament	ʒ u ɾ ə m 'e n
jurídicament	ʒ u ɾ i ð i k ə m 'e n
justament	ʒ u s t ə m 'e n
justicier	ʒ u s t i s i 'e
justiciera	ʒ u s t i s i 'e ɾ ə
justiciers	ʒ u s t i s i 'e s
justificadament	ʒ u s t i f i k ə ð ə m 'e n
júnior	ʒ 'u n i o r
júniors	ʒ 'u n i o r s
kabarett	k ə β ə ɾ 'e t
khmer	k m 'e r
khàzars	k 'a z ə s
kingston	k i ŋ g s t 'o n
kinkel	k i ŋ k 'ɛ l
kirsten	k 'i r s t ə n
kosovars	k u z u β 'a s
kíev	k 'i ə p
labor	l ə β 'o r
labora	l ə β 'o ɾ ə
laboralment	l ə β u ɾ ə l m 'e n
laboren	l ə β 'o ɾ ə n
laboriosa	l ə β u ɾ i 'o z ə
laboriosos	l ə β u ɾ i 'o z u s
labors	l ə β 'o r s
lacrosse	l ə k ɾ 'o s ə
lacònicament	l ə k u n i k ə m 'e n
lament	l ə m 'e n
lamenta	l ə m 'e n t ə
lamentablement	l ə m ə n t ə b b l ə m 'e n
lamenten	l ə m 'e n t ə n
lamento	l ə m 'e n t u
laments	l ə m 'e n s
lanzarote	l ə n z ə ɾ 'o t ə
lapona	l ə p 'o n ə
lar	l 'a r
latent	l ə t 'e n
latents	l ə t 'e n s
lateralment	l ə t ə ɾ ə l m 'e n
le	l 'e
lectora	l ə k t 'o ɾ ə
lectores	l ə k t 'o ɾ ə s
legalment	l ə ɣ ə l m 'e n
legos	l 'e ɣ u s
legítimament	l ə ʒ i t i m ə m 'e n
lema	l 'e m ə
lemes	l 'e m ə s
lent	l 'e n
lenta	l 'e n t ə
lentament	l ə n t ə m 'e n
lentes	l 'e n t ə s
lents	l 'e n s
lepra	l 'e p ɾ ə
leprosa	l ə p ɾ 'o z ə
lesiona	l ə z i 'o n ə
lesionen	l ə z i 'o n ə n
leyla	l 'e j l ə
li'n	l i n
liberalitzadora	l i β ə ɾ ə l i d z ə ð 'o ɾ ə
liberalitzadores	l i β ə ɾ ə l i d z ə ð 'o ɾ ə s
libidinosa	l i β i ð i n 'o z ə
libèrrimament	l i β ə r i m ə m 'e n
licor	l i k 'o r
licors	l i k 'o r s
lidera	l i ð 'e ɾ ə
lideren	l i ð 'e ɾ ə n
liechtenstein	l i ə k t 'ɛ n s t ə j n
light	l 'i ɣ t
limfomes	l i m f 'o m ə s
limitessin	l i m i t 'e s i n
linguae	l i ŋ g w 'a e
lingüísticament	l i ŋ g w i s t i k ə m 'e n
linier	l i n i 'e
linxament	l i n ʃ ə m 'e n
liquidadora	l i k i ð ə ð 'o ɾ ə
lisboa	l i z β 'o ə
literalment	l i t ə ɾ ə l m 'e n
literàriament	l i t ə ɾ ə ɾ i ə m 'e n
litosfera	l i t u s f 'e ɾ ə
liverpool	l i β ə r p u 'ɔ l
lladregots	ʎ ə ð ɾ ə ɣ 'ɔ t s
llagosta	ʎ ə ɣ 'o s t ə
llagostes	ʎ ə ɣ 'o s t ə s
llaminer	ʎ ə m i n 'e
llaminera	ʎ ə m i n 'e ɾ ə
llaminers	ʎ ə m i n 'e s
llamps	ʎ 'a m s
llancessin	ʎ ə n s 'e s i n
llancívola	ʎ ə n s 'i β u l ə
llançadora	ʎ ə n s ə ð 'o ɾ ə
llançadores	ʎ ə n s ə ð 'o ɾ ə s
llançament	ʎ ə n s ə m 'e n
llançaments	ʎ ə n s ə m 'e n s
llar	ʎ 'a r
llardosos	ʎ ə ɾ ð 'o z u s
llarg	ʎ 'a r k
llargament	ʎ ə ɾ ɣ ə m 'e n
llargs	ʎ 'a r k s
llars	ʎ 'a r s
llastimosa	ʎ ə s t i m 'o z ə
llavors	ʎ ə β 'ɔ r s
llaütista	ʎ ə u t 'i s t ə
llebre	ʎ 'e β ɾ ə
llebrers	ʎ ə β ɾ 'e s
lledoner	ʎ ə ð u n 'e
llega	ʎ 'e ɣ ə
llegeix-ho	ʎ ə ʒ 'ɛ ʒ u
llegeixi's	ʎ ə ʒ 'ɛ ʃ i s
llegenda	ʎ ə ʒ 'e n d ə
llegendes	ʎ ə ʒ 'e n d ə s
llegües	ʎ 'e ɣ w ə s
llei	ʎ 'e j
lleida	ʎ 'e j ð ə
lleig	ʎ 'e tʃ
lleis	ʎ 'e j s
lleixa	ʎ 'e ʃ ə
lleixes	ʎ 'e ʃ ə s
llengua	ʎ 'e ŋ g w ə
llengües	ʎ 'e ŋ g w ə s
llenya	ʎ 'e ɲ ə
llençol	ʎ ə n s 'ɔ l
llençols	ʎ ə n s 'ɔ l s
llenços	ʎ 'e n s u s
lleona	ʎ ə 'o n ə
lleones	ʎ ə 'o n ə s
lleopard	ʎ ə u p 'a r t
llepa	ʎ 'e p ə
llepen	ʎ 'e p ə n
llera	ʎ 'e ɾ ə
llest	ʎ 'e s t
llesta	ʎ 'e s t ə
llestes	ʎ 'e s t ə s
llestos	ʎ 'e s t u s
llet	ʎ 'e t
lletera	ʎ ə t 'e ɾ ə
lletges	ʎ 'e d ʒ ə s
lletja	ʎ 'e d ʒ ə
lletjos	ʎ 'e d ʒ u s
lleu	ʎ 'e uw
lleuger	ʎ ə uw ʒ 'e
lleugera	ʎ ə uw ʒ 'e ɾ ə
lleugerament	ʎ ə uw ʒ ə ɾ ə m 'e n
lleugeres	ʎ ə uw ʒ 'e ɾ ə s
lleugers	ʎ ə uw ʒ 'e s
lleument	ʎ ə uw m 'e n
lleus	ʎ 'e uw s
lleva	ʎ 'e β ə
llevadora	ʎ ə β ə ð 'o ɾ ə
llevadores	ʎ ə β ə ð 'o ɾ ə s
lleves	ʎ 'e β ə s
llevo	ʎ 'e β u
llibrer	ʎ i β ɾ 'e
llibrers	ʎ i β ɾ 'e s
llibreter	ʎ i β ɾ ə t 'e
llibreters	ʎ i β ɾ ə t 'e s
lligament	ʎ i ɣ ə m 'e n
lligaments	ʎ i ɣ ə m 'e n s
lliguera	ʎ i ɣ 'e ɾ ə
llimona	ʎ i m 'o n ə
llimonera	ʎ i m u n 'e ɾ ə
llitera	ʎ i t 'e ɾ ə
lliteres	ʎ i t 'e ɾ ə s
lliurament	ʎ i uw ɾ ə m 'e n
lliuraments	ʎ i uw ɾ ə m 'e n s
lliurement	ʎ i uw ɾ ə m 'e n
lloa	ʎ 'o ə
lloba	ʎ 'o β ə
lloc	ʎ 'ɔ k
llocs	ʎ 'ɔ k s
lloctinent	ʎ u k t i n 'e n
lloctinents	ʎ u k t i n 'e n s
lloen	ʎ 'o ə n
llogater	ʎ u ɣ ə t 'e
llogaters	ʎ u ɣ ə t 'e s
lloguer	ʎ u ɣ 'e
lloguers	ʎ u ɣ 'e s
llora	ʎ 'o ɾ ə
llorer	ʎ u ɾ 'e
llorers	ʎ u ɾ 'e s
llores	ʎ 'o ɾ ə s
lloros	ʎ 'o ɾ u s
lluent	ʎ u 'e n
lluenta	ʎ u 'e n t ə
lluents	ʎ u 'e n s
lluir-se	ʎ u 'i r s ə
lluiran	ʎ u i ɾ 'a n
lluirà	ʎ u i ɾ 'a
lluitadora	ʎ u j t ə ð 'o ɾ ə
lluitessin	ʎ u j t 'e s i n
lluminosa	ʎ u m i n 'o z ə
lluminoses	ʎ u m i n 'o z ə s
lluminosos	ʎ u m i n 'o z u s
llunyanament	ʎ u ɲ ə n ə m 'e n
lluïment	ʎ u i m 'e n
lluïments	ʎ u i m 'e n s
localment	l u k ə l m 'e n
locomotora	l u k u m u t 'o ɾ ə
locomotores	l u k u m u t 'o ɾ ə s
locutora	l u k u t 'o ɾ ə
locutores	l u k u t 'o ɾ ə s
lona	l 'o n ə
londres	l 'o n d ɾ ə s
lord	l 'ɔ r t
lot	l 'ɔ t
lots	l 'ɔ t s
louvre	l 'ɔ uw b r ə
luctuoses	l u k t u 'o z ə s
luctuosos	l u k t u 'o z u s
lumbar	l u m b 'a r
lunar	l u n 'a r
luxosa	l u k s 'o z ə
luxosament	l u k s u z ə m 'e n
luxoses	l u k s 'o z ə s
luxosos	l u k s 'o z u s
làsers	l 'a z ə s
lèmurs	l 'ɛ m u s
lícitament	l i s i t ə m 'e n
líders	l 'i ð ə s
límpid	l 'i m p i t
líquid	l 'i k i t
líricament	l i ɾ i k ə m 'e n
lògicament	l u ʒ i k ə m 'e n
lúcidament	l u s i ð ə m 'e n
lúdico-esportiu	l u ð i k u ə s p u r t 'i uw
macba	m 'a g b ə
macdonalds	m ə g d u n 'a l s
macroenquesta	m ə k ɾ u ə ŋ k 'e s t ə
macrofesta	m ə k ɾ u f 'e s t ə
macrofestes	m ə k ɾ u f 'e s t ə s
macroilla	m ə k ɾ u 'i ʎ ə
macrooperació	m ə k ɾ u p ə ɾ ə s i 'o
mad	m 'a t
madrid	m ə ð ɾ 'i t
maduixer	m ə ð u ʃ 'e
maduixot	m ə ð u ʃ 'ɔ t
maduixots	m ə ð u ʃ 'ɔ t s
madurs	m ə ð 'u s
mafiosa	m ə f i 'o z ə
mafioses	m ə f i 'o z ə s
mafiosos	m ə f i 'o z u s
magistralment	m ə ʒ i s t ɾ ə l m 'e n
magnificent	m ə g n i f i s 'e n
magníficament	m ə g n i f i k ə m 'e n
magog	m ə ɣ 'ɔ k
maharajàs	m ə ə ɾ ə ʒ 'a s
mahogany	m ə u ɣ 'a ɲ
mahometans	m ə u m ə t 'a n s
mainadera	m ə j n ə ð 'e ɾ ə
mainaderes	m ə j n ə ð 'e ɾ ə s
maixella	m ə ʃ 'e ʎ ə
majestuosa	m ə ʒ ə s t u 'o z ə
majestuosament	m ə ʒ ə s t u u z ə m 'e n
majestuosos	m ə ʒ ə s t u 'o z u s
majordom	m ə ʒ u ɾ ð 'ɔ m
majoritàriament	m ə ʒ u ɾ i t ə ɾ i ə m 'e n
majorment	m ə ʒ u r m 'e n
malabars	m ə l ə β 'a r s
malament	m ə l ə m 'e n
malauradament	m ə l ə uw ɾ ə ð ə m 'e n
malbaratament	m ə l β ə ɾ ə t ə m 'e n
maldestra	m ə l d 'e s t ɾ ə
maldestre	m ə l d 'e s t ɾ ə
maldestres	m ə l d 'e s t ɾ ə s
maleint-me	m ə l ə 'i m m ə
maleter	m ə l ə t 'e
maliciosa	m ə l i s i 'o z ə
malicioses	m ə l i s i 'o z ə s
maliciosos	m ə l i s i 'o z u s
malifeta	m ə l i f 'e t ə
malintencionadament	m ə l i n t ə n s i u n ə ð ə m 'e n
malinterpreta	m ə l i n t ə r p ɾ 'e t ə
malinterpreti	m ə l i n t ə r p ɾ 'e t i
mallot	m ə ʎ 'ɔ t
malmesos	m ə l m 'e z u s
malmetent	m ə l m ə t 'e n
malnom	m ə l n 'ɔ m
malone	m ə l 'o n ə
malson	m ə l s 'ɔ n
malsons	m ə l s 'ɔ n s
maltractament	m ə l t ɾ ə k t ə m 'e n
maltractaments	m ə l t ɾ ə k t ə m 'e n s
malvens	m ə l β 'e n s
mamella	m ə m 'e ʎ ə
mamífers	m ə m 'i f ə s
manament	m ə n ə m 'e n
manaments	m ə n ə m 'e n s
manc	m 'a ŋ
manchester	m ə ŋ tʃ ə s t 'e
mandrosa	m ə n d ɾ 'o z ə
mandrosament	m ə n d ɾ u z ə m 'e n
mandrosos	m ə n d ɾ 'o z u s
manera	m ə n 'e ɾ ə
maneres	m ə n 'e ɾ ə s
mangueres	m ə ŋ g 'e ɾ ə s
manifest	m ə n i f 'e s t
manifesta	m ə n i f 'e s t ə
manifestament	m ə n i f ə s t ə m 'e n
manifesten	m ə n i f 'e s t ə n
manifestes	m ə n i f 'e s t ə s
manifestessin	m ə n i f ə s t 'e s i n
manifesti	m ə n i f 'e s t i
manifestin	m ə n i f 'e s t i n
manifesto	m ə n i f 'e s t u
manifestos	m ə n i f 'e s t u s
manifests	m ə n i f 'e s t s
manipuladora	m ə n i p u l ə ð 'o ɾ ə
manipulessin	m ə n i p u l 'e s i n
manlleu	m ə n ʎ 'e uw
manlleus	m ə n ʎ 'e uw s
manovella	m ə n u β 'e ʎ ə
manresa	m ə n r 'ɛ z ə
mansament	m ə n s ə m 'e n
mantell	m ə n t 'e ʎ
mantenen	m ə n t 'e n ə n
manteniment	m ə n t ə n i m 'e n
mantingueren	m ə n t i ŋ g 'e ɾ ə n
mantinguessin	m ə n t i ŋ g 'e s i n
manualment	m ə n u ə l m 'e n
manufacturer	m ə n u f ə k t u ɾ 'e
manufacturera	m ə n u f ə k t u ɾ 'e ɾ ə
manyoc	m ə ɲ 'ɔ k
maquilladora	m ə k i ʎ ə ð 'o ɾ ə
marcadament	m ə r k ə ð ə m 'e n
marea	m ə ɾ 'e ə
marees	m ə ɾ 'e ə s
mariner	m ə ɾ i n 'e
marinera	m ə ɾ i n 'e ɾ ə
marineres	m ə ɾ i n 'e ɾ ə s
mariners	m ə ɾ i n 'e s
mart	m 'a r t
martell	m ə r t 'e ʎ
martells	m ə r t 'e ʎ s
marxessin	m ə r ʃ 'e s i n
mas-colell	m ə s k u l 'e ʎ
masmorres	m ə z m 'o r ə s
massivament	m ə s i β ə m 'e n
mastegot	m ə s t ə ɣ 'ɔ t
mastegots	m ə s t ə ɣ 'ɔ t s
mastercard	m ə s t ə r k 'a r t
mastodont	m ə s t u ð 'ɔ n
matalasser	m ə t ə l ə s 'e
matalassera	m ə t ə l ə s 'e ɾ ə
matalassers	m ə t ə l ə s 'e s
mateix	m ə t 'e ʃ
mateixa	m ə t 'e ʃ ə
mateixes	m ə t 'e ʃ ə s
mateixos	m ə t 'e ʃ u s
matemàticament	m ə t ə m ə t i k ə m 'e n
materialment	m ə t ə ɾ i ə l m 'e n
matessin	m ə t 'e s i n
matiner	m ə t i n 'e
matinera	m ə t i n 'e ɾ ə
matineres	m ə t i n 'e ɾ ə s
matiners	m ə t i n 'e s
matrimoniera	m ə t ɾ i m u n i 'e ɾ ə
matusser	m ə t u s 'e
matussera	m ə t u s 'e ɾ ə
matusseres	m ə t u s 'e ɾ ə s
matxs	m 'a tʃ
mckenna	m k 'e n n ə
me'n	m 'e n
mecànicament	m ə k ə n i k ə m 'e n
medaller	m ə ð ə ʎ 'e
mediadora	m ə ð i ə ð 'o ɾ ə
mediadores	m ə ð i ə ð 'o ɾ ə s
mediambient	m ə ð i ə m b i 'e n
mediambientalment	m ə ð i ə m b i ə n t ə l m 'e n
medicament	m ə ð i k ə m 'e n
medicaments	m ə ð i k ə m 'e n s
mediàticament	m ə ð i ə t i k ə m 'e n
medul·lars	m ə ð u l 'a s
megahertzs	m ə ɣ ə 'ɛ r s s
melangiosa	m ə l ə n ʒ i 'o z ə
melangiosos	m ə l ə n ʒ i 'o z u s
melanoma	m ə l ə n 'o m ə
melanomes	m ə l ə n 'o m ə s
melodiosa	m ə l u ð i 'o z ə
melopea	m ə l u p 'e ə
melosa	m ə l 'o z ə
meloses	m ə l 'o z ə s
membre	m 'e m b ɾ ə
membres	m 'e m b ɾ ə s
memento	m ə m 'e n t u
menciona	m ə n s i 'o n ə
menciones	m ə n s i 'o n ə s
menester	m ə n ə s t 'e
mengen	m 'e n ʒ ə n
menges	m 'e n ʒ ə s
mengi	m 'e n ʒ i
mengin	m 'e n ʒ i n
menhir	m ə n 'i r
menja	m 'e n ʒ ə
menjadora	m ə n ʒ ə ð 'o ɾ ə
menjar-me'l	m ə n ʒ 'a r m ə l
menjar-se'l	m ə n ʒ 'a r s ə l
menjo	m 'e n ʒ u
menor	m ə n 'o r
menors	m ə n 'o r s
mensualment	m ə n s u ə l m 'e n
ment	m 'e n
menta	m 'e n t ə
mentalment	m ə n t ə l m 'e n
mentes	m 'e n t ə s
mentider	m ə n t i ð 'e
mentidera	m ə n t i ð 'e ɾ ə
mentideres	m ə n t i ð 'e ɾ ə s
mentiders	m ə n t i ð 'e s
mentre	m 'e n t ɾ ə
ments	m 'e n s
menysprea	m ə ɲ s p ɾ 'e ə
menyspreen	m ə ɲ s p ɾ 'e ə n
menystenen	m ə ɲ s t 'e n ə n
menysteniment	m ə ɲ s t ə n i m 'e n
mer	m 'e r
mera	m 'e ɾ ə
merament	m ə ɾ ə m 'e n
meravella	m ə ɾ ə β 'e ʎ ə
meravelles	m ə ɾ ə β 'e ʎ ə s
meravellosa	m ə ɾ ə β ə ʎ 'o z ə
meravellosament	m ə ɾ ə β ə ʎ u z ə m 'e n
meravelloses	m ə ɾ ə β ə ʎ 'o z ə s
meravellosos	m ə ɾ ə β ə ʎ 'o z u s
mercader	m ə r k ə ð 'e
mercaders	m ə r k ə ð 'e s
merder	m ə ɾ ð 'e
mereixedora	m ə ɾ ə ʃ ə ð 'o ɾ ə
mereixement	m ə ɾ ə ʃ ə m 'e n
mereixements	m ə ɾ ə ʃ ə m 'e n s
meres	m 'e ɾ ə s
merescudament	m ə ɾ ə s k u ð ə m 'e n
meritosa	m ə ɾ i t 'o z ə
merlot	m ə r l 'ɔ t
mero	m 'e ɾ u
mers	m 'e r s
mes	m 'e s
mesclen	m 'e s k l ə n
mesell	m ə z 'e ʎ
mesells	m ə z 'e ʎ s
mesos	m 'e z u s
mesotelioma	m ə z u t ə l i 'o m ə
mesurament	m ə z u ɾ ə m 'e n
mesuraments	m ə z u ɾ ə m 'e n s
metafòricament	m ə t ə f u ɾ i k ə m 'e n
metaners	m ə t ə n 'e s
metatars	m ə t ə t 'a r s
metge	m 'e d ʒ ə
metge-pacient	m ə d ʒ ə p ə s i 'e n
metges	m 'e d ʒ ə s
meticulosa	m ə t i k u l 'o z ə
meticulosament	m ə t i k u l u z ə m 'e n
metodològicament	m ə t u ð u l u ʒ i k ə m 'e n
metralladora	m ə t ɾ ə ʎ ə ð 'o ɾ ə
metralladores	m ə t ɾ ə ʎ ə ð 'o ɾ ə s
metros	m 'e t ɾ u s
metxa	m 'e t ʃ ə
metòdicament	m ə t u ð i k ə m 'e n
meu	m 'e uw
meus	m 'e uw s
meva	m 'e β ə
meves	m 'e β ə s
mezzosoprano	m ə d z u s u p ɾ 'a n u
microona	m i k ɾ u 'o n ə
microones	m i k ɾ u 'o n ə s
microorganisme	m i k ɾ u ɾ ɣ ə n 'i z m ə
microorganismes	m i k ɾ u ɾ ɣ ə n 'i z m ə s
micropagament	m i k ɾ u p ə ɣ ə m 'e n
microruptura	m i k ɾ u r u p t 'u ɾ ə
microsocòpics	m i k ɾ u s u k 'ɔ p i k s
microweb	m i k ɾ u β 'e p
microxip	m i k ɾ u ʃ 'i p
migcentre	m i tʃ s 'e n t ɾ ə
migfondista	m i tʃ f u n d 'i s t ə
migfondistes	m i tʃ f u n d 'i s t ə s
migjorn	m i d ʒ 'o r n
migmetratge	m i dʒ m ə t ɾ 'a d ʒ ə
migmetratges	m i dʒ m ə t ɾ 'a d ʒ ə s
migpartir	m i tʃ p ə r t 'i
migracions	m i dʒ r ə s i 'o n s
miler	m i l 'e
milers	m i l 'e s
militar	m i l i t 'a r
militarment	m i l i t ə r m 'e n
militars	m i l i t 'a r s
millora	m i ʎ 'o ɾ ə
millorament	m i ʎ u ɾ ə m 'e n
milloren	m i ʎ 'o ɾ ə n
millores	m i ʎ 'o ɾ ə s
millori	m i ʎ 'o ɾ i
millorin	m i ʎ 'o ɾ i n
mil·limètricament	m i l i m ə t ɾ i k ə m 'e n
mimosa	m i m 'o z ə
mimèticament	m i m ə t i k ə m 'e n
miner	m i n 'e
minera	m i n 'e ɾ ə
mineres	m i n 'e ɾ ə s
miners	m i n 'e s
minibar	m i n i β 'a r
minicimera	m i n i s i m 'e ɾ ə
minigolf	m i n i ɣ 'ɔ l f
minirevolució	m i n i r ə β u l u s i 'o
minisèrie	m i n i s 'ɛ ɾ i ə
minisèries	m i n i s 'ɛ ɾ i ə s
minitransvasament	m i n i t ɾ ə n z β ə z ə m 'e n
minores	m i n 'o ɾ ə s
minuciosa	m i n u s i 'o z ə
minuciosament	m i n u s i u z ə m 'e n
minucioses	m i n u s i 'o z ə s
minyona	m i ɲ 'o n ə
minyones	m i ɲ 'o n ə s
miols	m i 'ɔ l s
miop	m i 'ɔ p
miops	m i 'ɔ p s
mira'm	m 'i ɾ ə m
miraculosa	m i ɾ ə k u l 'o z ə
miraculosament	m i ɾ ə k u l u z ə m 'e n
miraculoses	m i ɾ ə k u l 'o z ə s
miraculosos	m i ɾ ə k u l 'o z u s
mirament	m i ɾ ə m 'e n
miraments	m i ɾ ə m 'e n s
mirant-se'l	m i ɾ 'a n s ə l
miressin	m i ɾ 'e s i n
misantrop	m i z ə n t ɾ 'ɔ p
miserablement	m i z ə ɾ ə b b l ə m 'e n
miseriosos	m i z ə ɾ i 'o z u s
missatger	m i s ə d ʒ 'e
missatgers	m i s ə d ʒ 'e s
missioner	m i s i u n 'e
missionera	m i s i u n 'e ɾ ə
missioners	m i s i u n 'e s
misteriosa	m i s t ə ɾ i 'o z ə
misteriosament	m i s t ə ɾ i u z ə m 'e n
misterioses	m i s t ə ɾ i 'o z ə s
misteriosos	m i s t ə ɾ i 'o z u s
mitjanament	m i d ʒ ə n ə m 'e n
mitjancer	m i d ʒ ə n s 'e
mitjancera	m i d ʒ ə n s 'e ɾ ə
mitjancers	m i d ʒ ə n s 'e s
moa	m 'o ə
mobilitzadora	m u β i l i d z ə ð 'o ɾ ə
moc	m 'ɔ k
modera	m u ð 'e ɾ ə
moderadament	m u ð ə ɾ ə ð ə m 'e n
moderadora	m u ð ə ɾ ə ð 'o ɾ ə
moderen	m u ð 'e ɾ ə n
modernament	m u ð ə r n ə m 'e n
modernitzadora	m u ð ə r n i d z ə ð 'o ɾ ə
modero	m u ð 'e ɾ u
modest	m u ð 'e s t
modesta	m u ð 'e s t ə
modestament	m u ð ə s t ə m 'e n
modestes	m u ð 'e s t ə s
modestos	m u ð 'e s t u s
modifiquessin	m u ð i f i k 'e s i n
moduladores	m u ð u l ə ð 'o ɾ ə s
modulars	m u ð u l 'a s
modus	m 'o ð u s
mohamed	m u ə m 'ɛ t
moixos	m 'o ʃ u s
mol	m 'ɔ l
molecular	m u l ə k u l 'a r
molest	m u l 'e s t
molesta	m u l 'e s t ə
molesten	m u l 'e s t ə n
molestes	m u l 'e s t ə s
molesti	m u l 'e s t i
molestin	m u l 'e s t i n
molestis	m u l 'e s t i s
molesto	m u l 'e s t u
molestos	m u l 'e s t u s
moliner	m u l i n 'e
molinera	m u l i n 'e ɾ ə
moll	m 'ɔ ʎ
molls	m 'ɔ ʎ s
molotov	m u l u t 'o p
mols	m 'ɔ l s
molsa	m 'o l s ə
molta	m 'o l t ə
moltes	m 'o l t ə s
moment	m u m 'e n
moments	m u m 'e n s
momentàniament	m u m ə n t ə n i ə m 'e n
mona	m 'o n ə
moneder	m u n ə ð 'e
moneders	m u n ə ð 'e s
mones	m 'o n ə s
mongol	m u ŋ g 'ɔ l
mongols	m u ŋ g 'ɔ l s
monitora	m u n i t 'o ɾ ə
monobloc	m u n u β l 'ɔ k
monogràficament	m u n u ɣ ɾ ə f i k ə m 'e n
mononucleosi	m u n u n u k l ə 'ɔ z i
monstruosa	m u n s t ɾ u 'o z ə
monstruosament	m u n s t ɾ u u z ə m 'e n
monstruoses	m u n s t ɾ u 'o z ə s
monstruosos	m u n s t ɾ u 'o z u s
montargull	m u n ə ɾ ɣ 'u ʎ
montbau	m u m b 'a uw
montblanc	m u m b l 'a ŋ
montcada	m u ŋ k 'a ð ə
montclar	m u ŋ k l 'a
montenegrines	m u n ə n ə ɣ ɾ 'i n ə s
montenegrins	m u n ə n ə ɣ ɾ 'i n s
montenegrí	m u n ə n ə ɣ ɾ 'i
montesa	m u n 'ɛ z ə
montevideo	m u n ə β i ð 'e u
montferri	m u m f 'ɛ r i
montgat	m u ŋ g 'a t
montjuïc	m u n ʒ u 'i k
montmell	m u m m 'e ʎ
montse	m 'o n s e
monument	m u n u m 'e n
monuments	m u n u m 'e n s
monòmers	m u n 'ɔ m ə s
mor	m 'ɔ r
moralitzadora	m u ɾ ə l i d z ə ð 'o ɾ ə
moralment	m u ɾ ə l m 'e n
morbosa	m u ɾ β 'o z ə
morboses	m u ɾ β 'o z ə s
morbosos	m u ɾ β 'o z u s
mordent	m u ɾ ð 'e n
morell	m u ɾ 'e ʎ
morera	m u ɾ 'e ɾ ə
moreres	m u ɾ 'e ɾ ə s
morosos	m u ɾ 'o z u s
morro	m 'o r u
morros	m 'o r u s
mors	m 'ɔ r s
morses	m 'o r s ə s
mort	m 'ɔ r t
mortalment	m u r t ə l m 'e n
morter	m u r t 'e
morters	m u r t 'e s
mortificadora	m u r t i f i k ə ð 'o ɾ ə
morts	m 'ɔ r s
mortífers	m u r t 'i f ə s
mosca	m 'o s k ə
mosques	m 'o s k ə s
mosqueter	m u s k ə t 'e
mosqueters	m u s k ə t 'e s
mossa	m 'o s ə
mosso	m 'o s u
mossos	m 'o s u s
mostressin	m u s t ɾ 'e s i n
moto	m 'o t u
motor	m u t 'o r
motora	m u t 'o ɾ ə
motores	m u t 'o ɾ ə s
motors	m u t 'o r s
motos	m 'o t u s
mou	m 'ɔ uw
moure'ns	m 'ɔ uw ɾ ə n s
moure's	m 'ɔ uw ɾ ə s
moure't	m 'ɔ uw ɾ ə t
moure-us	m 'ɔ uw ɾ ə uw s
mous	m 'ɔ uw s
movent	m u β 'e n
movent-se	m u β 'e n s ə
moviment	m u β i m 'e n
moviments	m u β i m 'e n s
mp3	m
mucoses	m u k 'o z ə s
mudèjars	m u ð 'ɛ ʒ ə s
mujahidins	m u ʒ ə i ð 'i n s
mullader	m u ʎ ə ð 'e
muller	m u ʎ 'e
mullers	m u ʎ 'e s
multiforme	m u l t i f 'o r m ə
multiformes	m u l t i f 'o r m ə s
multiinstrumentista	m u l t i n s t ɾ u m ə n t 'i s t ə
multipolar	m u l t i p u l 'a r
multiracial	m u l t i r ə s i 'a l
multireincident	m u l t i r ə i n s i ð 'e n
multireincidents	m u l t i r ə i n s i ð 'e n s
multireincidència	m u l t i r ə i n s i ð 'ɛ n s i ə
multisala	m u l t i s 'a l ə
multisales	m u l t i s 'a l ə s
multisectorial	m u l t i s ə k t u ɾ i 'a l
multisecular	m u l t i s ə k u l 'a r
multiusos	m u l t i 'u z u s
mundialment	m u n d i ə l m 'e n
munich	m u n 'i k
muntaner	m u n t ə n 'e
muntanyosa	m u n t ə ɲ 'o z ə
muntanyoses	m u n t ə ɲ 'o z ə s
muscular	m u s k u l 'a r
musculars	m u s k u l 'a s
musculosa	m u s k u l 'o z ə
musculosos	m u s k u l 'o z u s
music-hall	m u z i k 'a ʎ
musicalment	m u z i k ə l m 'e n
mussol	m u s 'ɔ l
mussols	m u s 'ɔ l s
mànager	m 'a n ə ʒ ə r
màrketing	m 'a r k ə t i ŋ
màrtir	m 'a r t i r
màsters	m 'a s t ə s
mínimament	m i n i m ə m 'e n
mòrbid	m 'ɔ ɾ β i t
múixers	m 'u ʃ ə s
mútuament	m u t u ə m 'e n
müller	m u ʎ 'e
n'adona	n ə ð 'o n ə
n'adoni	n ə ð 'o n i
n'adono	n ə ð 'o n u
n'anessin	n ə n 'e s i n
n'edgard	n ə d g 'a r t
n'era	n 'e ɾ ə
n'he	n 'e
n'hi	n 'i
nacionalment	n ə s i u n ə l m 'e n
naixement	n ə ʃ ə m 'e n
naixements	n ə ʃ ə m 'e n s
naixent	n ə ʃ 'e n
naixeren	n ə ʃ 'e ɾ ə n
nandrolona	n ə n d ɾ u l 'o n ə
narradora	n ə r ə ð 'o ɾ ə
narradores	n ə r ə ð 'o ɾ ə s
narrativament	n ə r ə t i β ə m 'e n
naturalment	n ə t u ɾ ə l m 'e n
navilier	n ə β i l i 'e
naviliera	n ə β i l i 'e ɾ ə
neboda	n ə β 'o ð ə
nebodes	n ə β 'o ð ə s
nebulosa	n ə β u l 'o z ə
necesser	n ə s ə s 'e
necessàriament	n ə s ə s ə ɾ i ə m 'e n
neda	n 'e ð ə
nedadora	n ə ð ə ð 'o ɾ ə
nedadores	n ə ð ə ð 'o ɾ ə s
neden	n 'e ð ə n
nedes	n 'e ð ə s
nega	n 'e ɣ ə
negativament	n ə ɣ ə t i β ə m 'e n
negligent	n ə ɣ l i ʒ 'e n
negligents	n ə ɣ l i ʒ 'e n s
negociadora	n ə ɣ u s i ə ð 'o ɾ ə
negociadores	n ə ɣ u s i ə ð 'o ɾ ə s
negociïn	n ə ɣ u s 'i i n
negrer	n ə ɣ ɾ 'e
negrers	n ə ɣ ɾ 'e s
neguen	n 'e ɣ ə n
negues	n 'e ɣ ə s
neguessin	n ə ɣ 'e s i n
negui	n 'e ɣ i
neguin	n 'e ɣ i n
neguitosa	n ə ɣ i t 'o z ə
neguitosos	n ə ɣ i t 'o z u s
neix	n 'e ʃ
neixen	n 'e ʃ ə n
neixi	n 'e ʃ i
neixin	n 'e ʃ i n
neofamosos	n ə u f ə m 'o z u s
neogen	n ə u ʒ 'ɛ n
nerviosa	n ə ɾ β i 'o z ə
nervioses	n ə ɾ β i 'o z ə s
nerviosos	n ə ɾ β i 'o z u s
netament	n ə t ə m 'e n
netegessin	n ə t ə ʒ 'e s i n
netejadora	n ə t ə ʒ ə ð 'o ɾ ə
netscape	n ə ts k 'a p ə
neu	n 'e uw
neulers	n ə uw l 'e s
neules	n 'e uw l ə s
neurona	n ə uw ɾ 'o n ə
neurones	n ə uw ɾ 'o n ə s
neus	n 'e uw s
neva	n 'e β ə
nevera	n ə β 'e ɾ ə
neveres	n ə β 'e ɾ ə s
newtoniana	n ə β t u n i 'a n ə
ninot	n i n 'ɔ t
ninots	n i n 'ɔ t s
nipona	n i p 'o n ə
nipones	n i p 'o n ə s
nivell	n i β 'e ʎ
nivells	n i β 'e ʎ s
no-res	n u r 'ɛ s
noble	n 'o b b l ə
nobles	n 'o b b l ə s
nodriment	n u ð ɾ i m 'e n
nodriments	n u ð ɾ i m 'e n s
nogensmenys	n u ʒ ə n z m 'ɛ ɲ s
noguera	n u ɣ 'e ɾ ə
noi	n 'ɔ j
nois	n 'ɔ j s
nom	n 'ɔ m
nombrosa	n u m b ɾ 'o z ə
nombroses	n u m b ɾ 'o z ə s
nombrosos	n u m b ɾ 'o z u s
nomenament	n u m ə n ə m 'e n
nomenaments	n u m ə n ə m 'e n s
nomenclàtor	n u m ə ŋ k l 'a t u
nominalment	n u m i n ə l m 'e n
noms	n 'ɔ m s
noranta-dos	n u ɾ ə n t ə ð 'o s
noranta-nou	n u ɾ ə n t ə n 'ɔ uw
noranta-sis	n u ɾ ə n t ə s 'i s
noranta-tres	n u ɾ ə n t ə t ɾ 'ɛ s
noranta-u	n u ɾ ə n t ə 'u
nord	n 'ɔ r t
nord-africana	n u r t ə f ɾ i k 'a n ə
nord-americana	n u r t ə m ə ɾ i k 'a n ə
nord-americanes	n u r t ə m ə ɾ i k 'a n ə s
nord-americans	n u r t ə m ə ɾ i k 'a n s
nord-americà	n u r t ə m ə ɾ i k 'a
nord-catalanes	n u r k ə t ə l 'a n ə s
nord-est	n u r t 'e s t
nord-oest	n u r t u 'e s t
normalment	n u r m ə l m 'e n
normativitzadora	n u r m ə t i β i d z ə ð 'o ɾ ə
nort-est	n u r t 'e s t
notablement	n u t ə b b l ə m 'e n
notarialment	n u t ə ɾ i ə l m 'e n
noten	n 'o t ə n
noto	n 'o t u
notòriament	n u t u ɾ i ə m 'e n
nou	n 'ɔ uw
nou-centes	n u uw s 'e n t ə s
nou-cents	n u uw s 'e n s
nounat	n u uw n 'a t
nounats	n u uw n 'a t s
nous	n 'ɔ uw s
nousnats	n u uw z n 'a t s
novament	n u β ə m 'e n
novedosos	n u β ə ð 'o z u s
novell	n u β 'e ʎ
novella	n u β 'e ʎ ə
novelles	n u β 'e ʎ ə s
novells	n u β 'e ʎ s
novel·la	n u β 'ɛ l ə
novel·les	n u β 'ɛ l ə s
novembre	n u β 'e m b ɾ ə
nuclear	n u k l e 'a r
nuclears	n u k l e 'a r s
nueve	n u 'e β ə
numera	n u m 'e ɾ ə
numeren	n u m 'e ɾ ə n
numero	n u m 'e ɾ u
numèricament	n u m ə ɾ i k ə m 'e n
nutrients	n u t ɾ i 'e n s
nèctar	n 'ɛ k t ə r
nítidament	n i t i ð ə m 'e n
o	'ɔ
obedient	u β ə ð i 'e n
obedients	u β ə ð i 'e n s
obertament	u β ə r t ə m 'e n
oberts	u β 'ɛ r s
objecta	u b ʒ 'e k t ə
objecte	u b ʒ 'e k t ə
objectes	u b ʒ 'e k t ə s
objectivament	u b ʒ ə k t i β ə m 'e n
oblidar-se'n	u β l i ð 'a r s ə n
oblidessin	u β l i ð 'e s i n
obligatòriament	u β l i ɣ ə t u ɾ i ə m 'e n
obliguessin	u β l i ɣ 'e s i n
obliquament	u β l i k w ə m 'e n
obrer	u β ɾ 'e
obrera	u β ɾ 'e ɾ ə
obreres	u β ɾ 'e ɾ ə s
obrers	u β ɾ 'e s
observa	u p s 'e ɾ β ə
observadora	u p s ə ɾ β ə ð 'o ɾ ə
observadores	u p s ə ɾ β ə ð 'o ɾ ə s
observen	u p s 'e ɾ β ə n
observi	u p s 'e ɾ β i
observin	u p s 'e ɾ β i n
observo	u p s 'e ɾ β u
obsessiona	u p s ə s i 'o n ə
obsessivament	u p s ə s i β ə m 'e n
obsessos	u p s 'e s u s
obsolescent	u p s u l ə s 'e n
obsta	'o p s t ə
obstinadament	u p s t i n ə ð ə m 'e n
obtenen	u p t 'e n ə n
obtinguessin	u p t i ŋ g 'e s i n
ocasiona	u k ə z i 'o n ə
ocasionalment	u k ə z i u n ə l m 'e n
ocasionen	u k ə z i 'o n ə n
occident	u k s i ð 'e n
ocell	u s 'e ʎ
ocells	u s 'e ʎ s
ocorre	u k 'o r ə
ocorren	u k 'o r ə n
ocular	u k u l 'a r
ocults	u k 'u l t s
ocurrent	u k u r 'e n
ocurrents	u k u r 'e n s
odiosa	u ð i 'o z ə
odioses	u ð i 'o z ə s
odiosos	u ð i 'o z u s
odissea	u ð i s 'e ə
oest	u 'e s t
ofegament	u f ə ɣ ə m 'e n
ofendre's	u f 'ɛ n d ɾ ə s
ofensivament	u f ə n s i β ə m 'e n
oferents	u f ə ɾ 'e n s
oferiment	u f ə ɾ i m 'e n
oferiments	u f ə ɾ i m 'e n s
oficialment	u f i s i ə l m 'e n
oficiosa	u f i s i 'o z ə
oficiosament	u f i s i u z ə m 'e n
oficioses	u f i s i 'o z ə s
oh	'ɔ
oi	'ɔ j
oient	u y 'e n
oients	u y 'e n s
oliosos	u l i 'o z u s
oliver	u l i β 'e
olivera	u l i β 'e ɾ ə
oliverer	u l i β ə ɾ 'e
oliverera	u l i β ə ɾ 'e ɾ ə
oliveres	u l i β 'e ɾ ə s
olivers	u l i β 'e s
oller	u ʎ 'e
oloro	u l 'o ɾ u
olot	u l 'ɔ t
olímpicament	u l i m p i k ə m 'e n
ombra	'o m b ɾ ə
ombres	'o m b ɾ ə s
ominoses	u m i n 'o z ə s
omnipotent	u m n i p u t 'e n
omnipresent	u m n i p ɾ ə z 'e n
omnipresents	u m n i p ɾ ə z 'e n s
omple	'o m p l ə
omplen	'o m p l ə n
omples	'o m p l ə s
omplo	'o m p l u
ona	'o n ə
oncle	'o ŋ k l ə
oncles	'o ŋ k l ə s
onda	'o n d ə
onerosa	u n ə ɾ 'o z ə
oneroses	u n ə ɾ 'o z ə s
ones	'o n ə s
onze	'o n z ə
onzes	'o n z ə s
opera	u p 'e ɾ ə
operadora	u p ə ɾ ə ð 'o ɾ ə
operadores	u p ə ɾ ə ð 'o ɾ ə s
operen	u p 'e ɾ ə n
oponent	u p u n 'e n
oponents	u p u n 'e n s
oportunament	u p u r t u n ə m 'e n
oposa	u p 'o z ə
oposen	u p 'o z ə n
opositora	u p u z i t 'o ɾ ə
oposo	u p 'o z u
opta	'o p t ə
opten	'o p t ə n
optessin	u p t 'e s i n
opto	'o p t u
opulent	u p u l 'e n
opulenta	u p u l 'e n t ə
opulentes	u p u l 'e n t ə s
opulents	u p u l 'e n s
or	'ɔ r
ora	'o ɾ ə
oralment	u ɾ ə l m 'e n
orangutan	u ɾ ə ŋ g u t 'a n
orangutans	u ɾ ə ŋ g u t 'a n s
orca	'o r k ə
orde	'o ɾ ð ə
ordena	u ɾ ð 'e n ə
ordenadament	u ɾ ð ə n ə ð ə m 'e n
ordenadores	u ɾ ð ə n ə ð 'o ɾ ə s
ordenament	u ɾ ð ə n ə m 'e n
ordenen	u ɾ ð 'e n ə n
ordeni	u ɾ ð 'e n i
ordeno	u ɾ ð 'e n u
ordes	'o ɾ ð ə s
ordre	'o ɾ ð ɾ ə
ordres	'o ɾ ð ɾ ə s
orfebre	u r f 'e β ɾ ə
orfebres	u r f 'e β ɾ ə s
organitzadora	u ɾ ɣ ə n i d z ə ð 'o ɾ ə
organitzadores	u ɾ ɣ ə n i d z ə ð 'o ɾ ə s
orgullosa	u ɾ ɣ u ʎ 'o z ə
orgullosament	u ɾ ɣ u ʎ u z ə m 'e n
orgullosos	u ɾ ɣ u ʎ 'o z u s
orgànicament	u ɾ ɣ ə n i k ə m 'e n
orient	u ɾ i 'e n
orienta	u ɾ i 'e n t ə
orientadora	u ɾ i ə n t ə ð 'o ɾ ə
orienten	u ɾ i 'e n t ə n
orienti	u ɾ i 'e n t i
orientin	u ɾ i 'e n t i n
originalment	u ɾ i ʒ i n ə l m 'e n
originàriament	u ɾ i ʒ i n ə ɾ i ə m 'e n
oriol	u ɾ i 'ɔ l
oripells	u ɾ i p 'e ʎ s
ornament	u r n ə m 'e n
ornaments	u r n ə m 'e n s
orques	'o r k ə s
orquestra	u r k 'e s t ɾ ə
orquestres	u r k 'e s t ɾ ə s
ors	'ɔ r s
ortodox	u r t u ð 'ɔ k s
ortodoxa	u r t u ð 'o k s ə
os	'ɔ s
oso	'o z u
ostensiblement	u s t ə n s i b b l ə m 'e n
ostenta	u s t 'e n t ə
ostenten	u s t 'e n t ə n
ostentosa	u s t ə n t 'o z ə
ostentosament	u s t ə n t u z ə m 'e n
ou	'ɔ uw
ous	'ɔ uw s
ovaciona	u β ə s i 'o n ə
pacient	p ə s i 'e n
pacientment	p ə s i ə m m 'e n
pacients	p ə s i 'e n s
pacificadora	p ə s i f i k ə ð 'o ɾ ə
pactessin	p ə k t 'e s i n
pacíficament	p ə s i f i k ə m 'e n
paella	p ə 'e ʎ ə
paelles	p ə 'e ʎ ə s
pagament	p ə ɣ ə m 'e n
pagaments	p ə ɣ ə m 'e n s
paguessin	p ə ɣ 'e s i n
pair-ho	p ə 'i ɾ u
pakistanesa	p ə k i s t ə n 'ɛ z ə
pakistaneses	p ə k i s t ə n 'ɛ z ə s
pakistanesos	p ə k i s t ə n 'ɛ z u s
pakistanès	p ə k i s t ə n 'ɛ s
palanquejament	p ə l ə ŋ k ə ʒ ə m 'e n
palauet	p ə l ə w 'ɛ t
palesament	p ə l ə z ə m 'e n
palestra	p ə l 'e s t ɾ ə
paller	p ə ʎ 'e
palmell	p ə l m 'e ʎ
palmer	p ə l m 'e
palmera	p ə l m 'e ɾ ə
palmeres	p ə l m 'e ɾ ə s
panacea	p ə n ə s 'e ə
panadera	p ə n ə ð 'e ɾ ə
panell	p ə n 'e ʎ
panells	p ə n 'e ʎ s
paner	p ə n 'e
panera	p ə n 'e ɾ ə
pantanoses	p ə n t ə n 'o z ə s
pantanosos	p ə n t ə n 'o z u s
pantera	p ə n t 'e ɾ ə
pantocràtor	p ə n t o k ɾ 'a t o r
panxacontenta	p ə n ʃ ə k u n t 'e n t ə
panxacontents	p ə n ʃ ə k u n t 'e n s
papallona	p ə p ə ʎ 'o n ə
papallones	p ə p ə ʎ 'o n ə s
paper	p ə p 'e
paperer	p ə p ə ɾ 'e
paperera	p ə p ə ɾ 'e ɾ ə
papereres	p ə p ə ɾ 'e ɾ ə s
paperot	p ə p ə ɾ 'ɔ t
paperots	p ə p ə ɾ 'ɔ t s
papers	p ə p 'e s
par	p 'a r
paradoxalment	p ə ɾ ə ð u k s ə l m 'e n
parallamps	p ə ɾ ə ʎ 'a m s
paral·lelament	p ə ɾ ə l ə l ə m 'e n
parament	p ə ɾ ə m 'e n
paranoic	p ə ɾ ə n 'ɔ j k
paranoics	p ə ɾ ə n 'ɔ j k s
paravents	p ə ɾ ə β 'e n s
parcialment	p ə r s i ə l m 'e n
parent	p ə ɾ 'e n
parenta	p ə ɾ 'e n t ə
parentes	p ə ɾ 'e n t ə s
parents	p ə ɾ 'e n s
parers	p ə ɾ 'e s
paressin	p ə ɾ 'e s i n
parkinsonisme	p ə r k i n s u n 'i z m ə
parlament	p ə r l ə m 'e n
parlamento	p ə r l ə m 'e n t u
parlaments	p ə r l ə m 'e n s
parlamentàriament	p ə r l ə m ə n t ə ɾ i ə m 'e n
parlessin	p ə r l 'e s i n
parpella	p ə r p 'e ʎ ə
parpelles	p ə r p 'e ʎ ə s
part	p 'a r t
parteres	p ə r t 'e ɾ ə s
participessin	p ə r t i s i p 'e s i n
particular	p ə r t i k u l 'a r
particularment	p ə r t i k u l ə r m 'e n
pasdoble	p ə z ð 'o b b l ə
pasdobles	p ə z ð 'o b b l ə s
pasiflora	p ə z i f l 'o ɾ ə
passa'm	p 'a s ə m
passa'ns-ho	p 'a s ə n z u
passaport	p ə s ə p 'ɔ r t
passaports	p ə s ə p 'ɔ r s
passar-nos-ho	p ə s 'a r n u z u
passar-se-la	p ə s 'a r s ə l ə
passar-vos-ho	p ə s 'a ɾ β u z u
passatemps	p ə s ə t 'e m s
passatger	p ə s ə d ʒ 'e
passatgera	p ə s ə d ʒ 'e ɾ ə
passatgers	p ə s ə d ʒ 'e s
passegessin	p ə s ə ʒ 'e s i n
passerell	p ə s ə ɾ 'e ʎ
passerells	p ə s ə ɾ 'e ʎ s
passeres	p ə s 'e ɾ ə s
passessin	p ə s 'e s i n
passi-ho	p 'a s i uw
passivament	p ə s i β ə m 'e n
pastera	p ə s t 'e ɾ ə
pasteres	p ə s t 'e ɾ ə s
pastisser	p ə s t i s 'e
pastissera	p ə s t i s 'e ɾ ə
pastissers	p ə s t i s 'e s
pastosa	p ə s t 'o z ə
patateres	p ə t ə t 'e ɾ ə s
patent	p ə t 'e n
patents	p ə t 'e n s
pateres	p ə t 'e ɾ ə s
patidora	p ə t i ð 'o ɾ ə
patiment	p ə t i m 'e n
patiments	p ə t i m 'e n s
patinadora	p ə t i n ə ð 'o ɾ ə
patrocinadora	p ə t ɾ u s i n ə ð 'o ɾ ə
patrocinadores	p ə t ɾ u s i n ə ð 'o ɾ ə s
patrona	p ə t ɾ 'o n ə
patrullera	p ə t ɾ u ʎ 'e ɾ ə
patrulleres	p ə t ɾ u ʎ 'e ɾ ə s
patèticament	p ə t ə t i k ə m 'e n
paulatinament	p ə uw l ə t i n ə m 'e n
pausadament	p ə uw z ə ð ə m 'e n
paviment	p ə β i m 'e n
paviments	p ə β i m 'e n s
pebrot	p ə β ɾ 'ɔ t
pebrots	p ə β ɾ 'ɔ t s
pecadora	p ə k ə ð 'o ɾ ə
pecadores	p ə k ə ð 'o ɾ ə s
peces	p 'e s ə s
peculiar	p ə k u l i 'a r
peculiars	p ə k u l i 'a r s
pedagog	p ə ð ə ɣ 'ɔ k
pedagogs	p ə ð ə ɣ 'ɔ k s
pedagògicament	p ə ð ə ɣ u ʒ i k ə m 'e n
pedra	p 'e ð ɾ ə
pedrera	p ə ð ɾ 'e ɾ ə
pedreres	p ə ð ɾ 'e ɾ ə s
pedres	p 'e ð ɾ ə s
pega	p 'e ɣ ə
pego	p 'e ɣ u
peguen	p 'e ɣ ə n
pegues	p 'e ɣ ə s
peix	p 'e ʃ
peixatera	p ə ʃ ə t 'e ɾ ə
peixateres	p ə ʃ ə t 'e ɾ ə s
peixera	p ə ʃ 'e ɾ ə
peixeres	p ə ʃ 'e ɾ ə s
peixos	p 'e ʃ u s
pell	p 'e ʎ
pells	p 'e ʎ s
penalment	p ə n ə l m 'e n
pendent	p ə n d 'e n
pendents	p ə n d 'e n s
penediment	p ə n ə ð i m 'e n
penell	p ə n 'e ʎ
penetra	p ə n 'e t ɾ ə
penetren	p ə n 'e t ɾ ə n
pengen	p 'e n ʒ ə n
penges	p 'e n ʒ ə s
pengi	p 'e n ʒ i
pengin	p 'e n ʒ i n
peninsular	p ə n i n s u l 'a r
penja	p 'e n ʒ ə
penjaments	p ə n ʒ ə m 'e n s
penjo	p 'e n ʒ u
penjolls	p ə n ʒ 'ɔ ʎ s
penombra	p ə n 'o m b ɾ ə
penombres	p ə n 'o m b ɾ ə s
penosa	p ə n 'o z ə
penosament	p ə n u z ə m 'e n
penoses	p ə n 'o z ə s
penosos	p ə n 'o z u s
pensa-hi	p 'ɛ n s ə j
pensa-t'ho	p 'ɛ n s ə t u
pensadores	p ə n s ə ð 'o ɾ ə s
pensament	p ə n s ə m 'e n
pensaments	p ə n s ə m 'e n s
pensar-m'ho	p ə n s 'a m u
pensessin	p ə n s 'e s i n
pentinella	p ə n t i n 'e ʎ ə
penya-segat	p ə ɲ ə s ə ɣ 'a t
penya-segats	p ə ɲ ə s ə ɣ 'a t s
penyora	p ə ɲ 'o ɾ ə
penyores	p ə ɲ 'o ɾ ə s
perceben	p ə r s 'e β ə n
percebent	p ə r s ə β 'e n
percebi	p ə r s 'e β i
percebin	p ə r s 'e β i n
percebo	p ə r s 'e β u
percentualment	p ə r s ə n t u ə l m 'e n
perceptiblement	p ə r s ə p t i b b l ə m 'e n
perd	p 'ɛ r t
perdedora	p ə ɾ ð ə ð 'o ɾ ə
perdent	p ə ɾ ð 'e n
perdessin	p ə ɾ ð 'e s i n
perdiguers	p ə ɾ ð i ɣ 'e s
perdona	p ə ɾ ð 'o n ə
perdona'm	p ə ɾ ð 'o n ə m
perdonen	p ə ɾ ð 'o n ə n
perdono	p ə ɾ ð 'o n u
perdre'l	p 'ɛ ɾ ð ɾ ə l
perdre'm	p 'ɛ ɾ ð ɾ ə m
perdre'n	p 'ɛ ɾ ð ɾ ə n
perdre's	p 'ɛ ɾ ð ɾ ə s
perdre-hi	p 'ɛ ɾ ð ɾ ə j
perdre-ho	p 'ɛ ɾ ð ɾ ə uw
perdre-la	p 'ɛ ɾ ð ɾ ə l ə
perdre-les	p 'ɛ ɾ ð ɾ ə l ə s
perdudament	p ə ɾ ð u ð ə m 'e n
pere	p 'e ɾ ə
perecamps	p ə ɾ ə k 'a m s
peres	p 'e ɾ ə s
perfecciona	p ə r f ə k s i 'o n ə
perfeccionament	p ə r f ə k s i u n ə m 'e n
perfecta	p ə r f 'e k t ə
perfectament	p ə r f ə k t ə m 'e n
perfecte	p ə r f 'e k t ə
perfectes	p ə r f 'e k t ə s
perfet	p ə r f 'e t
perforen	p ə r f 'o ɾ ə n
perillosa	p ə ɾ i ʎ 'o z ə
perillosament	p ə ɾ i ʎ u z ə m 'e n
perilloses	p ə ɾ i ʎ 'o z ə s
perillosos	p ə ɾ i ʎ 'o z u s
periodísticament	p ə ɾ i u ð i s t i k ə m 'e n
periòdicament	p ə ɾ i u ð i k ə m 'e n
perllonga	p ə r ʎ 'o ŋ g ə
permanent	p ə r m ə n 'e n
permanentment	p ə r m ə n ə m m 'e n
permanents	p ə r m ə n 'e n s
permanyer	p ə r m ə ɲ 'e
permetent	p ə r m ə t 'e n
permeteren	p ə r m ə t 'e ɾ ə n
permetessin	p ə r m ə t 'e s i n
permeti'm	p ə r m 'ɛ t i m
permetin-me	p ə r m 'ɛ t i m m ə
permetre'm	p ə r m 'ɛ t ɾ ə m
permetre'ns	p ə r m 'ɛ t ɾ ə n s
permetre's	p ə r m 'ɛ t ɾ ə s
permetre-li	p ə r m 'ɛ t ɾ ə l i
perniciosa	p ə r n i s i 'o z ə
perniciosos	p ə r n i s i 'o z u s
perol	p ə ɾ 'ɔ l
perpendicular	p ə r p ə n d i k u l 'a r
perpetra	p ə r p 'e t ɾ ə
perpetren	p ə r p 'e t ɾ ə n
perplexa	p ə r p l 'e k s ə
perpètuament	p ə r p ə t u ə m 'e n
perruquer	p ə r u k 'e
perruquera	p ə r u k 'e ɾ ə
perruqueres	p ə r u k 'e ɾ ə s
perruquers	p ə r u k 'e s
pers	p 'e r s
persistent	p ə r s i s t 'e n
persistents	p ə r s i s t 'e n s
persona	p ə r s 'o n ə
personalment	p ə r s u n ə l m 'e n
persones	p ə r s 'o n ə s
pertanyent	p ə r t ə ɲ 'e n
pertanyents	p ə r t ə ɲ 'e n s
pertinent	p ə r t i n 'e n
pertinentment	p ə r t i n ə m m 'e n
pertinents	p ə r t i n 'e n s
pertorbadora	p ə r t u ɾ β ə ð 'o ɾ ə
pertorbadores	p ə r t u ɾ β ə ð 'o ɾ ə s
pertot	p ə r t 'ɔ t
perversament	p ə ɾ β ə r s ə m 'e n
pesa	p 'e z ə
pesadament	p ə z ə ð ə m 'e n
pesarosament	p ə z ə ɾ u z ə m 'e n
pescadora	p ə s k ə ð 'o ɾ ə
pescadores	p ə s k ə ð 'o ɾ ə s
pesen	p 'e z ə n
peses	p 'e z ə s
pesi	p 'e z i
peso	p 'e z u
pesquer	p ə s k 'e
pesquera	p ə s k 'e ɾ ə
pesqueres	p ə s k 'e ɾ ə s
pesquers	p ə s k 'e s
pessebre	p ə s 'e β ɾ ə
pessebres	p ə s 'e β ɾ ə s
pesseter	p ə s ə t 'e
pesta	p 'e s t ə
pestilent	p ə s t i l 'e n
petard	p ə t 'a r t
peter	p ə t 'e
petges	p 'e d ʒ ə s
petitburgesa	p ə t i d b u r ʒ 'ɛ z ə
petitburgès	p ə t i d b u r ʒ 'ɛ s
petitona	p ə t i t 'o n ə
petja	p 'e d ʒ ə
petroler	p ə t ɾ u l 'e
petrolier	p ə t ɾ u l i 'e
petroliera	p ə t ɾ u l i 'e ɾ ə
petrolieres	p ə t ɾ u l i 'e ɾ ə s
petroliers	p ə t ɾ u l i 'e s
petrolífer	p ə t ɾ u l 'i f ə r
peuets	p ə w 'ɛ t s
peveter	p ə β ə t 'e
peça	p 'e s ə
picarols	p i k ə ɾ 'ɔ l s
pickleball	p i k l ə β 'a ʎ
piconadora	p i k u n ə ð 'o ɾ ə
pietosos	p i ə t 'o z u s
pigment	p i g m 'e n
pigments	p i g m 'e n s
pilot	p i l 'ɔ t
piloters	p i l u t 'e s
piloto	p i l 'o t u
pilots	p i l 'ɔ t s
pime	p 'i m e
ping-pong	p i ŋ p 'o ŋ
pingu	p 'i ŋ g u
pinot	p i n 'ɔ t
pintora	p i n t 'o ɾ ə
pintores	p i n t 'o ɾ ə s
pintorescos	p i n t u ɾ 'e s k u s
pinyol	p i ɲ 'ɔ l
pinyols	p i ɲ 'ɔ l s
pinzell	p i n z 'e ʎ
pinzells	p i n z 'e ʎ s
pinçament	p i n s ə m 'e n
pioner	p i u n 'e
pionera	p i u n 'e ɾ ə
pioneres	p i u n 'e ɾ ə s
pioners	p i u n 'e s
piquer	p i k 'e
pistoler	p i s t u l 'e
pistolers	p i s t u l 'e s
pitbull	p i d b 'u ʎ
pitbulls	p i d b 'u ʎ s
pitof	p i t 'ɔ f
pitrera	p i t ɾ 'e ɾ ə
pitxer	p i t ʃ 'e
piu-piu	p i uw p 'i uw
pivetti	p i β 'e t i
pivot	p i β 'ɔ t
pizza	p 'i d z ə
placard	p l ə k 'a r t
placenta	p l ə s 'e n t ə
placer	p l ə s 'e
plaent	p l ə 'e n
plaents	p l ə 'e n s
planament	p l ə n ə m 'e n
planejament	p l ə n ə ʒ ə m 'e n
planer	p l ə n 'e
planera	p l ə n 'e ɾ ə
planerament	p l ə n ə ɾ ə m 'e n
plantegessin	p l ə n t ə ʒ 'e s i n
plantejament	p l ə n t ə ʒ ə m 'e n
plantejaments	p l ə n t ə ʒ ə m 'e n s
planter	p l ə n t 'e
planters	p l ə n t 'e s
plantígrads	p l ə n t 'i ɣ ɾ ə t s
plataforma	p l ə t ə f 'o r m ə
plataformes	p l ə t ə f 'o r m ə s
plataners	p l ə t ə n 'e s
platea	p l ə t 'e ə
play-off	p l ə y 'ɔ f
play-offs	p l ə y 'o f s
plenament	p l ə n ə m 'e n
plet	p l 'e t
plets	p l 'e t s
plis-plas	p l i s p l 'a s
ploma	p l 'o m ə
plomes	p l 'o m ə s
plomo	p l 'o m u
plor	p l 'ɔ
ploraner	p l u ɾ ə n 'e
ploraneres	p l u ɾ ə n 'e ɾ ə s
plors	p l 'ɔ s
plou	p l 'ɔ uw
plovent	p l u β 'e n
plujosa	p l u ʒ 'o z ə
plumero	p l u m 'e ɾ u
plàcidament	p l ə s i ð ə m 'e n
plàncton	p l 'a ŋ k t o n
plàsticament	p l ə s t i k ə m 'e n
poblament	p u b b l ə m 'e n
poblen	p 'o b b l ə n
poblessin	p u b b l 'e s i n
pobrament	p u β ɾ ə m 'e n
poc	p 'ɔ k
poca-solta	p u k ə s 'ɔ l t ə
pocavergonya	p u k ə β ə ɾ ɣ 'o ɲ ə
pocs	p 'ɔ k s
poderosa	p u ð ə ɾ 'o z ə
poderosament	p u ð ə ɾ u z ə m 'e n
poderoses	p u ð ə ɾ 'o z ə s
poderosos	p u ð ə ɾ 'o z u s
podi	p 'o ð i
podis	p 'o ð i s
podrimener	p u ð ɾ i m ə n 'e
pogueren	p u ɣ 'e ɾ ə n
poguessin	p u ɣ 'e s i n
pol	p 'ɔ l
polar	p u l 'a r
polca	p 'o l k ə
policialment	p u l i s i ə l m 'e n
poliment	p u l i m 'e n
polisèmia	p u l i s 'ɛ m i ə
politicofinancer	p u l i t i k u f i n ə n s 'e
politicofinancers	p u l i t i k u f i n ə n s 'e s
politicosocial	p u l i t i k u s u s i 'a l
politicosocials	p u l i t i k u s u s i 'a l s
politiquer	p u l i t i k 'e
poliuretà	p u l i u ɾ ə t 'a
polivalent	p u l i β ə l 'e n
polivalents	p u l i β ə l 'e n s
polla	p 'o ʎ ə
polleguera	p u ʎ ə ɣ 'e ɾ ə
polpa	p 'o l p ə
polques	p 'o l k ə s
polsegosa	p u l s ə ɣ 'o z ə
polseguera	p u l s ə ɣ 'e ɾ ə
polseres	p u l s 'e ɾ ə s
poltre	p 'o l t ɾ ə
poltrona	p u l t ɾ 'o n ə
poltrones	p u l t ɾ 'o n ə s
polze	p 'o l z ə
política-ficció	p u l i t i k ə f i k s i 'o
políticament	p u l i t i k ə m 'e n
poma	p 'o m ə
pomers	p u m 'e s
pomes	p 'o m ə s
pompa	p 'o m p ə
pompidou	p u m p i ð 'ɔ uw
pomposes	p u m p 'o z ə s
pomposos	p u m p 'o z u s
pon	p 'ɔ n
pondera	p u n d 'e ɾ ə
ponent	p u n 'e n
ponents	p u n 'e n s
pons	p 'ɔ n s
pont	p 'ɔ n
pontevedra	p u n t ə β 'e ð ɾ ə
ponts	p 'ɔ n s
ponç	p 'ɔ n s
popa	p 'o p ə
poprock	p u p ɾ 'ɔ k
popular	p u p u l 'a r
popularment	p u p u l ə r m 'e n
porc	p 'ɔ r k
porcelanosa	p u r s ə l ə n 'o z ə
porcs	p 'ɔ r k s
porno	p 'o r n u
porpra	p 'o r p ɾ ə
porqueres	p u r k 'e ɾ ə s
porra	p 'o r ə
porres	p 'o r ə s
porro	p 'o r u
porros	p 'o r u s
pors	p 'o s
port	p 'ɔ r t
porta-me-les	p 'ɔ r t ə m ə l ə s
portaavions	p u r t ə β i 'o n s
portadora	p u r t ə ð 'o ɾ ə
portadores	p u r t ə ð 'o ɾ ə s
portalliteres	p u r t ə ʎ i t 'e ɾ ə s
portapapers	p u r t ə p ə p 'e s
portell	p u r t 'e ʎ
portella	p u r t 'e ʎ ə
portent	p u r t 'e n
portentosa	p u r t ə n t 'o z ə
portentoses	p u r t ə n t 'o z ə s
porter	p u r t 'e
portera	p u r t 'e ɾ ə
porters	p u r t 'e s
portessin	p u r t 'e s i n
ports	p 'ɔ r s
porus	p 'o ɾ u s
posa-hi	p 'ɔ z ə j
posar-m'hi	p u z 'a m i
posar-nos-hi	p u z 'a r n u z i
posessin	p u z 'e s i n
posessis	p u z 'e s i s
posiciona	p u z i s i 'o n ə
posicionament	p u z i s i u n ə m 'e n
posicionaments	p u z i s i u n ə m 'e n s
positivament	p u z i t i β ə m 'e n
posposa	p u s p 'o z ə
posposessin	p u s p u z 'e s i n
posseïdora	p u s ə i ð 'o ɾ ə
posseïdores	p u s ə i ð 'o ɾ ə s
possiblement	p u s i b b l ə m 'e n
post	p 'ɔ s t
postcursa	p u s k 'u r s ə
postdata	p u z ð 'a t ə
posterior	p u s t ə ɾ i 'o r
posteriorment	p u s t ə ɾ i u r m 'e n
posteriors	p u s t ə ɾ i 'o r s
postfranquisme	p u s f ɾ ə ŋ k 'i z m ə
postfranquista	p u s f ɾ ə ŋ k 'i s t ə
postgraduats	p u z ɣ ɾ ə ð u 'a t s
postgrau	p u z ɣ ɾ 'a uw
postgraus	p u z ɣ ɾ 'a uw s
postguerra	p u z ɣ 'ɛ r ə
postil·lar	p u s t i ʎ 'a
postluminiscència	p u z l u m i n i s 'ɛ n s i ə
postmodern	p u z m u ð 'ɛ r n
postmoderna	p u z m u ð 'ɛ r n ə
postmodernes	p u z m u ð 'ɛ r n ə s
postmodernisme	p u z m u ð ə r n 'i z m ə
postmodernitat	p u z m u ð ə r n i t 'a t
postmoderns	p u z m u ð 'ɛ r n s
postpart	p u s p 'a r t
postrina	p u z r 'i n ə
postromàntic	p u z r u m 'a n t i k
postromàntica	p u z r u m 'a n t i k ə
posts	p 'ɔ s t s
postvenda	p u z β 'ɛ n d ə
pot	p 'ɔ t
potabilitzadora	p u t ə β i l i d z ə ð 'o ɾ ə
potencialment	p u t ə n s i ə l m 'e n
potenciïn	p u t ə n s 'i i n
potent	p u t 'e n
potents	p u t 'e n s
pots	p 'ɔ t s
potser	p u t s 'e
poèticament	p u ə t i k ə m 'e n
poètico-musical	p u ə t i k u m u z i k 'a l
pradera	p ɾ ə ð 'e ɾ ə
praderes	p ɾ ə ð 'e ɾ ə s
preacord	p ɾ ə ə k 'ɔ r t
prealimentació	p ɾ ə ə l i m ə n t ə s i 'o
prealimentar	p ɾ ə ə l i m ə n t 'a
prebendes	p ɾ ə β 'e n d ə s
prebèl·lic	p ɾ ə β 'ɛ ʎ i k
prebèl·lica	p ɾ ə β 'ɛ ʎ i k ə
prec	p ɾ 'e k
precedent	p ɾ ə s ə ð 'e n
precedents	p ɾ ə s ə ð 'e n s
precendents	p ɾ ə s ə n d 'e n s
precepte	p ɾ ə s 'e p t ə
preceptes	p ɾ ə s 'e p t ə s
preciosa	p ɾ ə s i 'o z ə
precioses	p ɾ ə s i 'o z ə s
preciosos	p ɾ ə s i 'o z u s
precipitadament	p ɾ ə s i p i t ə ð ə m 'e n
precisament	p ɾ ə s i z ə m 'e n
precoç	p ɾ ə k 'ɔ s
precs	p ɾ 'e k s
precursora	p ɾ ə k u r s 'o ɾ ə
precursores	p ɾ ə k u r s 'o ɾ ə s
precàriament	p ɾ ə k ə ɾ i ə m 'e n
predecessora	p ɾ ə ð ə s ə s 'o ɾ ə
predicament	p ɾ ə ð i k ə m 'e n
predominantment	p ɾ ə ð u m i n ə m m 'e n
preeminent	p ɾ e ə m i n 'e n
preescolar	p ɾ ə ə s k u l 'a r
preestablert	p ɾ e ə s t ə b b l 'ɛ r t
preestablerta	p ɾ e ə s t ə b b l 'ɛ r t ə
preestablerts	p ɾ e ə s t ə b b l 'ɛ r s
preexistent	p ɾ e ə g z i s t 'e n
preexistents	p ɾ e ə g z i s t 'e n s
prefecte	p ɾ ə f 'e k t ə
preferent	p ɾ ə f ə ɾ 'e n
preferentment	p ɾ ə f ə ɾ ə m m 'e n
preferents	p ɾ ə f ə ɾ 'e n s
prega	p ɾ 'e ɣ ə
prego	p ɾ 'e ɣ u
pregona	p ɾ ə ɣ 'o n ə
pregonament	p ɾ ə ɣ u n ə m 'e n
pregoner	p ɾ ə ɣ u n 'e
preguntessin	p ɾ ə ɣ u n t 'e s i n
preinstal·lat	p ɾ ə i n s t ə ʎ 'a t
prem	p ɾ 'e m
prematur	p ɾ ə m ə t 'u r
prematurament	p ɾ ə m ə t u ɾ ə m 'e n
premeditadament	p ɾ ə m ə ð i t ə ð ə m 'e n
prement	p ɾ ə m 'e n
premsa	p ɾ 'e m s ə
prendran	p ə n d ɾ 'a n
prendre'l	p 'ɛ n d ɾ ə l
prendre'ls	p 'ɛ n d ɾ ə l s
prendre'n	p 'ɛ n d ɾ ə n
prendre'ns	p 'ɛ n d ɾ ə n s
prendre's	p 'ɛ n d ɾ ə s
prendre-hi	p 'ɛ n d ɾ ə j
prendre-la	p 'ɛ n d ɾ ə l ə
prendre-li	p 'ɛ n d ɾ ə l i
prendre-s'ho	p 'ɛ n d ɾ ə s u
prendre-us	p 'ɛ n d ɾ ə uw s
prendrem	p ə n d ɾ 'ɛ m
prendria	p ə n d ɾ 'i ə
prendrien	p ə n d ɾ 'i ə n
prendrà	p ə n d ɾ 'a
prendré	p ə n d ɾ 'e
prenent	p ɾ ə n 'e n
prenent-se	p ɾ ə n 'e n s ə
prengueren	p ɾ ə ŋ g 'e ɾ ə n
prenguessin	p ɾ ə ŋ g 'e s i n
preocupantment	p ɾ ə u k u p ə m m 'e n
preocupessin	p ɾ ə u k u p 'e s i n
prepagament	p ɾ ə p ə ɣ ə m 'e n
preparadores	p ɾ ə p ə ɾ ə ð 'o ɾ ə s
preparessin	p ɾ ə p ə ɾ 'e s i n
prepotent	p ɾ ə p u t 'e n
prepotents	p ɾ ə p u t 'e n s
prerafaelites	p ɾ ə r ə f ə e l 'i t ə s
preromàntics	p ɾ ə r u m 'a n t i k s
preseleccionades	p ɾ ə s ə l ə k s i u n 'a ð ə s
preseleccionat	p ɾ ə s ə l ə k s i u n 'a t
preseleccionats	p ɾ ə s ə l ə k s i u n 'a t s
preselecció	p ɾ ə s ə l ə k s i 'o
presencialment	p ɾ ə z ə n s i ə l m 'e n
present	p ɾ ə z 'e n
presenta	p ɾ ə z 'e n t ə
presenta-me'l	p ɾ ə z 'e n t ə m ə l
presentadora	p ɾ ə z ə n t ə ð 'o ɾ ə
presentadores	p ɾ ə z ə n t ə ð 'o ɾ ə s
presenten	p ɾ ə z 'e n t ə n
presentes	p ɾ ə z 'e n t ə s
presentessin	p ɾ ə z ə n t 'e s i n
presenti	p ɾ ə z 'e n t i
presentin	p ɾ ə z 'e n t i n
presento	p ɾ ə z 'e n t u
presents	p ɾ ə z 'e n s
preserva	p ɾ ə z 'e ɾ β ə
preservi	p ɾ ə z 'e ɾ β i
preservin	p ɾ ə z 'e ɾ β i n
president	p ɾ ə z i ð 'e n
president-director	p ɾ ə z i ð ə n d i ɾ ə k t 'o
presidenta	p ɾ ə z i ð 'e n t ə
presidentes	p ɾ ə z i ð 'e n t ə s
presidents	p ɾ ə z i ð 'e n s
presoner	p ɾ ə z u n 'e
presonera	p ɾ ə z u n 'e ɾ ə
presoneres	p ɾ ə z u n 'e ɾ ə s
presoners	p ɾ ə z u n 'e s
pressa	p ɾ 'e s ə
pressentiment	p ɾ ə s ə n t i m 'e n
pressento	p ɾ ə s 'e n t u
presses	p ɾ 'e s ə s
pressiona	p ɾ ə s i 'o n ə
pressionen	p ɾ ə s i 'o n ə n
pressioni	p ɾ ə s i 'o n i
pressionin	p ɾ ə s i 'o n i n
pressupost	p ɾ ə s u p 'ɔ s t
prest	p ɾ 'e s t
presta	p ɾ 'e s t ə
presten	p ɾ 'e s t ə n
prestes	p ɾ 'e s t ə s
prestessis	p ɾ ə s t 'e s i s
presti	p ɾ 'e s t i
prestigiosa	p ɾ ə s t i ʒ i 'o z ə
prestigioses	p ɾ ə s t i ʒ i 'o z ə s
prestigiosos	p ɾ ə s t i ʒ i 'o z u s
prestin	p ɾ 'e s t i n
presto	p ɾ 'e s t u
presumiblement	p ɾ ə z u m i b b l ə m 'e n
presumpció	p ɾ ə z u m s i 'o
presumptament	p ɾ ə z u m t ə m 'e n
presumptuosa	p ɾ ə z u m t u 'o z ə
pretenc	p ɾ ə t 'e ŋ
pretendent	p ɾ ə t ə n d 'e n
pretendents	p ɾ ə t ə n d 'e n s
pretendre	p ɾ ə t 'e n d ɾ ə
pretendre-ho	p ɾ ə t 'e n d ɾ ə uw
pretenen	p ɾ ə t 'e n ə n
pretenent	p ɾ ə t ə n 'e n
pretengui	p ɾ ə t 'e ŋ g i
pretenguin	p ɾ ə t 'e ŋ g i n
pretens	p ɾ ə t 'e n s
pretensiosa	p ɾ ə t ə n s i 'o z ə
pretensiosament	p ɾ ə t ə n s i u z ə m 'e n
pretensiosos	p ɾ ə t ə n s i 'o z u s
pretesament	p ɾ ə t ə z ə m 'e n
pretext	p ɾ ə t 'e k s t
pretextos	p ɾ ə t 'e k s t u s
preveient	p ɾ ə β ə y 'e n
preventivament	p ɾ ə β ə n t i β ə m 'e n
preveres	p ɾ ə β 'e ɾ ə s
previsiblement	p ɾ ə β i z i b b l ə m 'e n
preàmbuls	p ɾ ə 'a m b u l s
primavera	p ɾ i m ə β 'e ɾ ə
primaveres	p ɾ i m ə β 'e ɾ ə s
primer	p ɾ i m 'e
primera	p ɾ i m 'e ɾ ə
primerament	p ɾ i m ə ɾ ə m 'e n
primeres	p ɾ i m 'e ɾ ə s
primers	p ɾ i m 'e s
primordialment	p ɾ i m u ɾ ð i ə l m 'e n
principalment	p ɾ i n s i p ə l m 'e n
prior	p ɾ i 'o r
prioritàriament	p ɾ i u ɾ i t ə ɾ i ə m 'e n
privadament	p ɾ i β ə ð ə m 'e n
privatitzadora	p ɾ i β ə t i d z ə ð 'o ɾ ə
pro	p ɾ 'ɔ
proa	p ɾ 'o ə
probablement	p ɾ u β ə b b l ə m 'e n
problemàtic	p ɾ u β l ə m 'a t i k
problemàtica	p ɾ u β l ə m 'a t i k ə
problemàtics	p ɾ u β l ə m 'a t i k s
problemàtiques	p ɾ u β l ə m 'a t i k ə s
procedent	p ɾ u s ə ð 'e n
procedents	p ɾ u s ə ð 'e n s
procediment	p ɾ u s ə ð i m 'e n
procediments	p ɾ u s ə ð i m 'e n s
processa	p ɾ u s 'e s ə
processament	p ɾ u s ə s ə m 'e n
processaments	p ɾ u s ə s ə m 'e n s
processen	p ɾ u s 'e s ə n
processi	p ɾ u s 'e s i
processos	p ɾ u s 'e s u s
procrea	p ɾ u k ɾ 'e ə
prodigiosa	p ɾ u ð i ʒ i 'o z ə
prodigiosament	p ɾ u ð i ʒ i u z ə m 'e n
prodigioses	p ɾ u ð i ʒ i 'o z ə s
prodigiosos	p ɾ u ð i ʒ i 'o z u s
productora	p ɾ u ð u k t 'o ɾ ə
productores	p ɾ u ð u k t 'o ɾ ə s
produint-se	p ɾ u ð u 'i n s ə
produir-la	p ɾ u ð u 'i r l ə
produir-li	p ɾ u ð u 'i r l i
produir-ne	p ɾ u ð u 'i r n ə
produir-se	p ɾ u ð u 'i r s ə
professa	p ɾ u f 'e s ə
professen	p ɾ u f 'e s ə n
professionalment	p ɾ u f ə s i u n ə l m 'e n
professora	p ɾ u f ə s 'o ɾ ə
professores	p ɾ u f ə s 'o ɾ ə s
profitosa	p ɾ u f i t 'o z ə
profitoses	p ɾ u f i t 'o z ə s
profitosos	p ɾ u f i t 'o z u s
proforma	p ɾ u f 'o r m ə
profundament	p ɾ u f u n d ə m 'e n
profusament	p ɾ u f u z ə m 'e n
progenitora	p ɾ u ʒ ə n i t 'o ɾ ə
progesterona	p ɾ u ʒ ə s t ə ɾ 'o n ə
programadora	p ɾ u ɣ ɾ ə m ə ð 'o ɾ ə
programadores	p ɾ u ɣ ɾ ə m ə ð 'o ɾ ə s
progressa	p ɾ u ɣ ɾ 'e s ə
progressen	p ɾ u ɣ ɾ 'e s ə n
progressi	p ɾ u ɣ ɾ 'e s i
progressivament	p ɾ u ɣ ɾ ə s i β ə m 'e n
progressos	p ɾ u ɣ ɾ 'e s u s
proirlandesos	p ɾ u j r l ə n d 'ɛ z u s
projecta	p ɾ u ʒ 'e k t ə
projecte	p ɾ u ʒ 'e k t ə
projecten	p ɾ u ʒ 'e k t ə n
projectes	p ɾ u ʒ 'e k t ə s
projecti	p ɾ u ʒ 'e k t i
projectin	p ɾ u ʒ 'e k t i n
prolegomen	p ɾ u l ə ɣ 'o m ə n
proliferen	p ɾ u l i f 'e ɾ ə n
proliferessin	p ɾ u l i f ə ɾ 'e s i n
prolonga	p ɾ u l 'o ŋ g ə
prometedora	p ɾ u m ə t ə ð 'o ɾ ə
prometedores	p ɾ u m ə t ə ð 'o ɾ ə s
prometent	p ɾ u m ə t 'e n
prometre'm	p ɾ u m 'ɛ t ɾ ə m
prominent	p ɾ u m i n 'e n
prominents	p ɾ u m i n 'e n s
promociona	p ɾ u m u s i 'o n ə
promocionen	p ɾ u m u s i 'o n ə n
promos	p ɾ 'o m u s
promotora	p ɾ u m u t 'o ɾ ə
promotores	p ɾ u m u t 'o ɾ ə s
promou	p ɾ u m 'ɔ uw
promoure'n	p ɾ u m 'ɔ uw ɾ ə n
promoure-hi	p ɾ u m 'ɔ uw ɾ ə j
promoure-la	p ɾ u m 'ɔ uw ɾ ə l ə
promovent	p ɾ u m u β 'e n
prompte	p ɾ 'o m t ə
pronom	p ɾ u n 'ɔ m
pronoms	p ɾ u n 'ɔ m s
pronunciament	p ɾ u n u n s i ə m 'e n
pronunciaments	p ɾ u n u n s i ə m 'e n s
pronunciessin	p ɾ u n u n s i 'e s i n
pronunciïn	p ɾ u n u n s 'i i n
prop	p ɾ 'ɔ p
proper	p ɾ u p 'e
propera	p ɾ u p 'e ɾ ə
properament	p ɾ u p ə ɾ ə m 'e n
properes	p ɾ u p 'e ɾ ə s
propers	p ɾ u p 'e s
proporciona	p ɾ u p u r s i 'o n ə
proporcionalment	p ɾ u p u r s i u n ə l m 'e n
proporcionen	p ɾ u p u r s i 'o n ə n
proporcioni	p ɾ u p u r s i 'o n i
proporcionin	p ɾ u p u r s i 'o n i n
proposessin	p ɾ u p u z 'e s i n
propvinent	p ɾ u b b i n 'e n
proses	p ɾ 'o z ə s
prospecte	p ɾ u s p 'e k t ə
prospectes	p ɾ u s p 'e k t ə s
prospera	p ɾ u s p 'e ɾ ə
prosperen	p ɾ u s p 'e ɾ ə n
prosperessin	p ɾ u s p ə ɾ 'e s i n
prostituir-se	p ɾ u s t i t u 'i r s ə
protectora	p ɾ u t ə k t 'o ɾ ə
protectores	p ɾ u t ə k t 'o ɾ ə s
protesta	p ɾ u t 'e s t ə
protesten	p ɾ u t 'e s t ə n
protestes	p ɾ u t 'e s t ə s
protesti	p ɾ u t 'e s t i
protestin	p ɾ u t 'e s t i n
protesto	p ɾ u t 'e s t u
protocol	p ɾ u t u k 'ɔ l
protocols	p ɾ u t u k 'ɔ l s
protocol·lari	p ɾ u t u k u ʎ 'a ɾ i
protocol·laris	p ɾ u t u k u ʎ 'a ɾ i s
protocol·lària	p ɾ u t u k u ʎ 'a ɾ i ə
protons	p ɾ 'o t u n s
protozous	p ɾ u t u z 'ɔ uw s
prou	p ɾ 'ɔ uw
prova-ho	p ɾ 'ɔ β ə uw
proveir-me	p ɾ u β ə 'i r m ə
proveir-se	p ɾ u β ə 'i r s ə
proveirà	p ɾ u β ə i ɾ 'a
proven	p ɾ 'o β ə n
proveïdora	p ɾ u β ə i ð 'o ɾ ə
proveïdores	p ɾ u β ə i ð 'o ɾ ə s
proveïment	p ɾ u β ə i m 'e n
provinent	p ɾ u β i n 'e n
provinents	p ɾ u β i n 'e n s
provisionalment	p ɾ u β i z i u n ə l m 'e n
provisionament	p ɾ u β i z i u n ə m 'e n
provoca	p ɾ u β 'o k ə
provocadora	p ɾ u β u k ə ð 'o ɾ ə
provocadores	p ɾ u β u k ə ð 'o ɾ ə s
provoquen	p ɾ u β 'o k ə n
provoquessin	p ɾ u β u k 'e s i n
provoqui	p ɾ u β 'o k i
provoquin	p ɾ u β 'o k i n
prudent	p ɾ u ð 'e n
prudentment	p ɾ u ð ə m m 'e n
prudents	p ɾ u ð 'e n s
pràcticament	p ɾ ə k t i k ə m 'e n
prèviament	p ɾ ə β i ə m 'e n
prémer	p ɾ 'e m ə
pròpiament	p ɾ u p i ə m 'e n
pròximament	p ɾ u k s i m ə m 'e n
pseudotranscendentalitat	p s ə uw ð u t ɾ ə s ə n d ə n t ə l i t 'a t
psicològicament	p s i k u l u ʒ i k ə m 'e n
psíquicament	p s i k i k ə m 'e n
publicitàriament	p u β l i s i t ə ɾ i ə m 'e n
pudent	p u ð 'e n
pugessin	p u ʒ 'e s i n
pujol	p u ʒ 'ɔ l
pujols	p u ʒ 'ɔ l s
pulmonar	p u l m u n 'a r
pul·lulava	p u ʎ u l 'a β ə
pul·lulaven	p u ʎ u l 'a β ə n
punk-rock	p u ŋ g r 'ɔ k
punter	p u n t 'e
puntera	p u n t 'e ɾ ə
punteres	p u n t 'e ɾ ə s
punters	p u n t 'e s
puntualment	p u n t u ə l m 'e n
punyatero	p u ɲ ə t 'e ɾ u
punyent	p u ɲ 'e n
punyents	p u ɲ 'e n s
punyeter	p u ɲ ə t 'e
punyetera	p u ɲ ə t 'e ɾ ə
purament	p u ɾ ə m 'e n
pèl-roig	p ə l r 'ɔ tʃ
pèl-roja	p ə l r 'ɔ ʒ ə
pèrfid	p 'ɛ r f i t
pòster	p 'ɔ s t ə r
pòstumament	p u s t u m ə m 'e n
públicament	p u β l i k ə m 'e n
quadrilàter	k w ə ð ɾ i l 'a t ə r
quadrimestre	k w ə ð ɾ i m 'e s t ɾ ə
qualitativament	k w ə l i t ə t i β ə m 'e n
qualsevol	k w ə l s ə β 'ɔ l
qualssevol	k w ə l s ə β 'ɔ l
quantitativament	k w ə n t i t ə t i β ə m 'e n
quaranta-dos	k w ə ɾ ə n t ə ð 'o s
quaranta-nou	k w ə ɾ ə n t ə n 'ɔ uw
quaranta-sis	k w ə ɾ ə n t ə s 'i s
quaranta-tres	k w ə ɾ ə n t ə t ɾ 'ɛ s
quaranta-u	k w ə ɾ ə n t ə 'u
quarter	k w ə r t 'e
quarters	k w ə r t 'e s
quatre-centes	k w ə t ɾ ə s 'e n t ə s
quatre-cents	k w ə t ɾ ə s 'e n s
quatrecents	k w ə t ɾ ə s 'e n s
quecos	k 'e k u s
queda	k 'e ð ə
quedar-m'hi	k ə ð 'a m i
quedar-s'hi	k ə ð 'a r s i
quedar-se'n	k ə ð 'a r s ə n
queden	k 'e ð ə n
quedes	k 'e ð ə s
quedessin	k ə ð 'e s i n
quedi	k 'e ð i
quedin	k 'e ð i n
quedin-se	k 'e ð i n s ə
quedis	k 'e ð i s
quedo	k 'e ð u
quefer	k ə f 'e r
queixa	k 'e ʃ ə
queixes	k 'e ʃ ə s
queixosos	k ə ʃ 'o z u s
quelcom	k ə l k 'ɔ m
querella	k ə ɾ 'e ʎ ə
querelles	k ə ɾ 'e ʎ ə s
querol	k ə ɾ 'ɔ l
quest	k 'e s t
questa	k 'e s t ə
questes	k 'e s t ə s
quests	k 'e s t s
quid	k 'i t
quieres	k i 'e ɾ ə s
quiet	k i 'e t
quieta	k i 'e t ə
quietes	k i 'e t ə s
quiets	k i 'e t s
quilowatt	k i l u β 'a t
quimera	k i m 'e ɾ ə
quimeres	k i m 'e ɾ ə s
quimono	k i m 'o n u
quiosc	k i 'ɔ s k
quioscs	k i 'ɔ s k s
quiosquer	k i u s k 'e
quir	k 'i r
quirúrgicament	k i ɾ u r ʒ i k ə m 'e n
quixot	k i ʃ 'ɔ t
quocient	k w u s i 'e n
quocients	k w u s i 'e n s
quotidianament	k w u t i ð i ə n ə m 'e n
qüestiona	k w ə s t i 'o n ə
qüestionament	k w ə s t i u n ə m 'e n
qüestionaments	k w ə s t i u n ə m 'e n s
qüestionen	k w ə s t i 'o n ə n
qüestiono	k w ə s t i 'o n u
rabassers	r ə β ə s 'e s
rabent	r ə β 'e n
rabiosa	r ə β i 'o z ə
rabiosament	r ə β i u z ə m 'e n
rabiosos	r ə β i 'o z u s
raboses	r ə β 'o z ə s
racionalment	r ə s i u n ə l m 'e n
racionament	r ə s i u n ə m 'e n
radar	r ə ð 'a r
radars	r ə ð 'a r s
radera	r ə ð 'e ɾ ə
radicalment	r ə ð i k ə l m 'e n
radiooient	r ə ð i u y 'e n
radiooients	r ə ð i u y 'e n s
raigràs	r ə j ɣ ɾ 'a s
ramader	r ə m ə ð 'e
ramadera	r ə m ə ð 'e ɾ ə
ramaderes	r ə m ə ð 'e ɾ ə s
ramaders	r ə m ə ð 'e s
rampell	r ə m p 'e ʎ
rampells	r ə m p 'e ʎ s
ranxer	r ə n ʃ 'e
ranxeres	r ə n ʃ 'e ɾ ə s
raona	r ə 'o n ə
raonablement	r ə u n ə b b l ə m 'e n
raonadament	r ə u n ə ð ə m 'e n
raonament	r ə u n ə m 'e n
raonaments	r ə u n ə m 'e n s
rar	r 'a r
rarament	r ə ɾ ə m 'e n
rars	r 'a r s
rasposa	r ə s p 'o z ə
raster	r ə s t 'e
ratera	r ə t 'e ɾ ə
ratonera	r ə t u n 'e ɾ ə
rau-rau	r ə uw r 'a uw
re	r 'ɛ
rea	r 'e ə
reacciona	r e ə k s i 'o n ə
reaccionen	r e ə k s i 'o n ə n
reaccionessin	r e ə k s i u n 'e s i n
reaccioni	r e ə k s i 'o n i
reaccionin	r e ə k s i 'o n i n
reagrupament	r e ə ɣ ɾ u p ə m 'e n
reajustament	r e ə ʒ u s t ə m 'e n
reajustaments	r e ə ʒ u s t ə m 'e n s
realitzadora	r e ə l i d z ə ð 'o ɾ ə
realitzadores	r e ə l i d z ə ð 'o ɾ ə s
reallotjament	r e ə ʎ u d ʒ ə m 'e n
realment	r e ə l m 'e n
rearmament	r e ə r m ə m 'e n
reasseguradores	r e ə s ə ɣ u ɾ ə ð 'o ɾ ə s
rebatre'l	r ə β 'a t ɾ ə l
rebel·la	r ə β 'e ʎ ə
rebel·lar-se	r ə β ə ʎ 'a r s ə
rebel·lar-vos	r ə β ə ʎ 'a ɾ β u s
rebel·len	r ə β 'e ʎ ə n
rebent	r ə β 'e n
rebenta	r ə β 'e n t ə
rebenten	r ə β 'e n t ə n
reberen	r ə β 'e ɾ ə n
rebessin	r ə β 'e s i n
rebla	r 'e b b l ə
rebost	r ə β 'ɔ s t
reboten	r ə β 'o t ə n
rebre'l	r 'ɛ β ɾ ə l
rebre'ls	r 'ɛ β ɾ ə l s
rebre'n	r 'ɛ β ɾ ə n
rebre-hi	r 'ɛ β ɾ ə j
rebre-la	r 'ɛ β ɾ ə l ə
rebre-les	r 'ɛ β ɾ ə l ə s
rebroti	r ə β ɾ 'o t i
rebutgessin	r ə β u d ʒ 'e s i n
rec	r 'e k
reca	r 'e k ə
recargolament	r ə k ə ɾ ɣ u l ə m 'e n
recelosa	r ə s ə l 'o z ə
recelosos	r ə s ə l 'o z u s
recent	r ə s 'e n
recentment	r ə s ə m m 'e n
recents	r ə s 'e n s
recepta	r ə s 'e p t ə
receptes	r ə s 'e p t ə s
receptora	r ə s ə p t 'o ɾ ə
receptores	r ə s ə p t 'o ɾ ə s
recer	r ə s 'e
recipient	r ə s i p i 'e n
recipients	r ə s i p i 'e n s
reclosa	r ə k l 'o z ə
recloses	r ə k l 'o z ə s
reclosos	r ə k l 'o z u s
reclutament	r ə k l u t ə m 'e n
recoberts	r ə k u β 'ɛ r s
recobrament	r ə k u β ɾ ə m 'e n
recobriment	r ə k u β ɾ i m 'e n
recobriments	r ə k u β ɾ i m 'e n s
recolliment	r ə k u ʎ i m 'e n
recolza	r ə k 'o l z ə
recolzament	r ə k u l z ə m 'e n
recolzaments	r ə k u l z ə m 'e n s
recolzen	r ə k 'o l z ə n
recolzo	r ə k 'o l z u
recol·lecta	r ə k u ʎ 'e k t ə
recol·locant	r ə k u ʎ u k 'a n
recomençament	r ə k u m ə n s ə m 'e n
recompon	r ə k u m p 'ɔ n
recompra	r ə k 'o m p ɾ ə
recompte	r ə k 'o m t ə
recomptes	r ə k 'o m t ə s
reconduir-lo	r ə k u n d u 'i r l u
reconegueren	r ə k u n ə ɣ 'e ɾ ə n
reconeguessin	r ə k u n ə ɣ 'e s i n
reconeixe'ls	r ə k u n 'ɛ ʃ ə l s
reconeixement	r ə k u n ə ʃ ə m 'e n
reconeixements	r ə k u n ə ʃ ə m 'e n s
reconeixent	r ə k u n ə ʃ 'e n
reconeixent-ne	r ə k u n ə ʃ 'e n n ə
reconquesta	r ə k u ŋ k 'e s t ə
reconstruir-la	r ə k u n s t ɾ u 'i r l ə
reconstruir-ne	r ə k u n s t ɾ u 'i r n ə
reconstruir-se	r ə k u n s t ɾ u 'i r s ə
record	r ə k 'ɔ r t
recorda'm	r ə k 'ɔ ɾ ð ə m
recordessin	r ə k u ɾ ð 'e s i n
records	r ə k 'ɔ r s
recorre	r ə k 'o r ə
recorren	r ə k 'o r ə n
recorrent	r ə k u r 'e n
recrea	r ə k ɾ 'e ə
recreen	r ə k ɾ 'e ə n
recreixement	r ə k ɾ ə ʃ ə m 'e n
recreo	r ə k ɾ 'e u
recs	r 'e k s
rectangulars	r ə k t ə ŋ g u l 'a s
rectora	r ə k t 'o ɾ ə
recupera	r ə k u p 'e ɾ ə
recuperadora	r ə k u p ə ɾ ə ð 'o ɾ ə
recuperen	r ə k u p 'e ɾ ə n
recuperessin	r ə k u p ə ɾ 'e s i n
recurrent	r ə k u r 'e n
recurrents	r ə k u r 'e n s
recurs	r ə k 'u s
recíprocament	r ə s i p ɾ u k ə m 'e n
redactessin	r ə ð ə k t 'e s i n
redactora	r ə ð ə k t 'o ɾ ə
redactores	r ə ð ə k t 'o ɾ ə s
redempcions	r ə ð ə m s i 'o n s
redempció	r ə ð ə m s i 'o
redemptora	r ə ð ə m t 'o ɾ ə
redescobriment	r ə ð ə s k u β ɾ i m 'e n
redimensiona	r ə ð i m ə n s i 'o n ə
redimensionament	r ə ð i m ə n s i u n ə m 'e n
redirecciona	r ə ð i ɾ ə k s i 'o n ə
redireccionament	r ə ð i ɾ ə k s i u n ə m 'e n
redireccionen	r ə ð i ɾ ə k s i 'o n ə n
redreçament	r ə ð ɾ ə s ə m 'e n
reductora	r ə ð u k t 'o ɾ ə
reduir-la	r ə ð u 'i r l ə
reduir-lo	r ə ð u 'i r l u
reduir-los	r ə ð u 'i r l u s
reduir-ne	r ə ð u 'i r n ə
reduir-se	r ə ð u 'i r s ə
reduïu	r ə ð u 'i uw
reeducadores	r e ə ð u k ə ð 'o ɾ ə s
reeixida	r ə ə ʃ 'i ð ə
reeixides	r ə ə ʃ 'i ð ə s
reeiximent	r ə ə ʃ i m 'e n
reeixir	r ə ə ʃ 'i
reeixir-hi	r ə ə ʃ 'i ɾ i
reeixit	r ə ə ʃ 'i t
reeixits	r ə ə ʃ 'i t s
reelabora	r e ə l ə β 'o ɾ ə
reembors	r e ə m b 'o r s
reemborsa'm	r e ə m b 'o r s ə m
reemborsament	r e ə m b u r s ə m 'e n
reemborsaments	r e ə m b u r s ə m 'e n s
reemborso	r e ə m b 'o r s u
reembossament	r e ə m b u s ə m 'e n
reemplaçament	r e ə m p l ə s ə m 'e n
reencontre	r e ə ŋ k 'o n t ɾ ə
reenviament	r e ə m b i ə m 'e n
rees	r 'e ə s
reescalfament	r e ə s k ə l f ə m 'e n
refent	r ə f 'e n
refer	r ə f 'e
refer-se	r ə f 'e r s ə
refer-vos	r ə f 'e ɾ β u s
referent	r ə f ə ɾ 'e n
referents	r ə f ə ɾ 'e n s
refermament	r ə f ə r m ə m 'e n
refet	r ə f 'e t
refeta	r ə f 'e t ə
refinament	r ə f i n ə m 'e n
refinaments	r ə f i n ə m 'e n s
refinançament	r ə f i n ə n s ə m 'e n
refiïn	r ə f 'i i n
refiïs	r ə f 'i i s
reflexa	r ə f l 'e k s ə
reflexen	r ə f l 'e k s ə n
reflexiona	r ə f l ə k s i 'o n ə
reflexionen	r ə f l ə k s i 'o n ə n
reflexiones	r ə f l ə k s i 'o n ə s
reflotament	r ə f l u t ə m 'e n
reforma	r ə f 'o r m ə
reformadores	r ə f u r m ə ð 'o ɾ ə s
reformes	r ə f 'o r m ə s
reformi	r ə f 'o r m i
reformin	r ə f 'o r m i n
reforç	r ə f 'ɔ r s
reforçament	r ə f u r s ə m 'e n
refosa	r ə f 'o z ə
refoses	r ə f 'o z ə s
refot	r ə f 'ɔ t
refredadora	r ə f ɾ ə ð ə ð 'o ɾ ə
refredament	r ə f ɾ ə ð ə m 'e n
refrescos	r ə f ɾ 'e s k u s
refulgent	r ə f u l ʒ 'e n
refulgents	r ə f u l ʒ 'e n s
rega	r 'e ɣ ə
regadora	r ə ɣ ə ð 'o ɾ ə
regasificadora	r ə ɣ ə z i f i k ə ð 'o ɾ ə
regeneradora	r ə ʒ ə n ə ɾ ə ð 'o ɾ ə
regent	r ə ʒ 'e n
regenta	r ə ʒ 'e n t ə
regenten	r ə ʒ 'e n t ə n
regidora	r ə ʒ i ð 'o ɾ ə
regidores	r ə ʒ i ð 'o ɾ ə s
regiment	r ə ʒ i m 'e n
regiments	r ə ʒ i m 'e n s
registradora	r ə ʒ i s t ɾ ə ð 'o ɾ ə
registradores	r ə ʒ i s t ɾ ə ð 'o ɾ ə s
registrant-me	r ə ʒ i s t ɾ 'a m m ə
registressin	r ə ʒ i s t ɾ 'e s i n
regla	r 'e g g l ə
reglament	r ə g g l ə m 'e n
reglaments	r ə g g l ə m 'e n s
reglamentàriament	r ə g g l ə m ə n t ə ɾ i ə m 'e n
regles	r 'e g g l ə s
regna	r 'e g n ə
regne	r 'e g n ə
regnen	r 'e g n ə n
regnes	r 'e g n ə s
regni	r 'e g n i
regravadores	r ə ɣ ɾ ə β ə ð 'o ɾ ə s
regs	r 'e k s
reguerol	r ə ɣ ə ɾ 'ɔ l
reguitzell	r ə ɣ i d z 'e ʎ
reguladora	r ə ɣ u l ə ð 'o ɾ ə
reguladores	r ə ɣ u l ə ð 'o ɾ ə s
regularment	r ə ɣ u l ə r m 'e n
regulars	r ə ɣ u l 'a s
rei	r 'e j
reia	r ə y 'a
reien	r ə y 'e n
reig	r 'e tʃ
reina	r 'e j n ə
reincident	r ə i n s i ð 'e n
reincidents	r ə i n s i ð 'e n s
reincorpora	r ə i ŋ k u r p 'o ɾ ə
reines	r 'e j n ə s
reinetes	r ə j n 'ɛ t ə s
reinstal·lar	r ə i n s t ə ʎ 'a
reinstal·larà	r ə i n s t ə ʎ ə ɾ 'a
reintegrament	r ə i n t ə ɣ ɾ ə m 'e n
reintegraments	r ə i n t ə ɣ ɾ ə m 'e n s
reintent	r ə i n t 'e n
reintenta	r ə i n t 'e n t ə
reinterpreta	r ə i n t ə r p ɾ 'e t ə
reinventa	r ə i m b 'e n t ə
reis	r 'e j s
reitera	r ə i t 'e ɾ ə
reiteradament	r ə i t ə ɾ ə ð ə m 'e n
reiteren	r ə i t 'e ɾ ə n
reitero	r ə i t 'e ɾ u
reixa	r 'e ʃ ə
reixes	r 'e ʃ ə s
rejoveniment	r ə ʒ u β ə n i m 'e n
relaciona	r ə l ə s i 'o n ə
relacionen	r ə l ə s i 'o n ə n
relaciono	r ə l ə s i 'o n u
relativament	r ə l ə t i β ə m 'e n
relativitzadora	r ə l ə t i β i d z ə ð 'o ɾ ə
relaxament	r ə l ə k s ə m 'e n
relega	r ə l 'e ɣ ə
religiosa	r ə l i ʒ i 'o z ə
religiosament	r ə l i ʒ i u z ə m 'e n
religioses	r ə l i ʒ i 'o z ə s
religiosos	r ə l i ʒ i 'o z u s
rellançament	r ə ʎ ə n s ə m 'e n
relleu	r ə ʎ 'e uw
relleus	r ə ʎ 'e uw s
relleva	r ə ʎ 'e β ə
rellevi	r ə ʎ 'e β i
relliscosa	r ə ʎ i s k 'o z ə
relliscosos	r ə ʎ i s k 'o z u s
rellotge-calculadora	r ə ʎ u d ʒ ə k ə l k u l ə ð 'o ɾ ə
rellotge.	r ə ʎ 'ɔ d ʒ ə
rematadament	r ə m ə t ə ð ə m 'e n
rematadora	r ə m ə t ə ð 'o ɾ ə
rememora	r ə m ə m 'o ɾ ə
rememoren	r ə m ə m 'o ɾ ə n
remescles	r ə m 'e s k l ə s
remetent	r ə m ə t 'e n
remetre'ns	r ə m 'ɛ t ɾ ə n s
remetre's	r ə m 'ɛ t ɾ ə s
remetre-la	r ə m 'ɛ t ɾ ə l ə
remitent	r ə m i t 'e n
remordiment	r ə m u ɾ ð i m 'e n
remordiments	r ə m u ɾ ð i m 'e n s
remot	r ə m 'ɔ t
remotament	r ə m u t ə m 'e n
remots	r ə m 'ɔ t s
remou	r ə m 'ɔ uw
removent-se	r ə m u β 'e n s ə
renaixement	r ə n ə ʃ ə m 'e n
renault	r ə n 'a uw l
rencontre	r ə ŋ k 'o n t ɾ ə
renda	r 'e n d ə
rendes	r 'e n d ə s
rendiment	r ə n d i m 'e n
rendiments	r ə n d i m 'e n s
renec	r ə n 'e k
renecs	r ə n 'e k s
renega	r ə n 'e ɣ ə
reneix	r ə n 'e ʃ
renfe	r 'e m f ə
rengleres	r ə ŋ g l 'e ɾ ə s
renom	r ə n 'ɔ m
renou	r ə n 'ɔ uw
renovadora	r ə n u β ə ð 'o ɾ ə
renovadores	r ə n u β ə ð 'o ɾ ə s
renoven	r ə n 'o β ə n
renta	r 'e n t ə
rentadora	r ə n t ə ð 'o ɾ ə
rentadores	r ə n t ə ð 'o ɾ ə s
renten	r 'e n t ə n
rentessin	r ə n t 'e s i n
renti	r 'e n t i
rentin	r 'e n t i n
renunciessin	r ə n u n s i 'e s i n
renunciïn	r ə n u n s 'i i n
reobre	r ə 'o β ɾ ə
reordena	r ə u ɾ ð 'e n ə
reordenament	r ə u ɾ ð ə n ə m 'e n
reorienta	r ə u ɾ i 'e n t ə
repara-ho	r ə p 'a ɾ ə uw
reparadora	r ə p ə ɾ ə ð 'o ɾ ə
repartiment	r ə p ə r t i m 'e n
repartiments	r ə p ə r t i m 'e n s
repel·lent	r ə p ə l 'e n
repensar-nos-ho	r ə p ə n s 'a r n u z u
repetidament	r ə p ə t i ð ə m 'e n
replantejament	r ə p l ə n t ə ʒ ə m 'e n
replantejaments	r ə p l ə n t ə ʒ ə m 'e n s
replegament	r ə p l ə ɣ ə m 'e n
replegaments	r ə p l ə ɣ ə m 'e n s
report	r ə p 'ɔ r t
reporter	r ə p u r t 'e
reportera	r ə p u r t 'e ɾ ə
reporteres	r ə p u r t 'e ɾ ə s
reporters	r ə p u r t 'e s
reprendran	r ə p ə n d ɾ 'a n
reprendre'l	r ə p 'ɛ n d ɾ ə l
reprendre's	r ə p ɾ 'ɛ n d ɾ ə s
reprendrem	r ə p ə n d ɾ 'ɛ m
reprendreu	r ə p ə n d ɾ 'ɛ uw
reprendria	r ə p ə n d ɾ 'i ə
reprendrà	r ə p ə n d ɾ 'a
reprenent	r ə p ɾ ə n 'e n
representa	r ə p ɾ ə z 'e n t ə
representen	r ə p ɾ ə z 'e n t ə n
representessin	r ə p ɾ ə z ə n t 'e s i n
representi	r ə p ɾ ə z 'e n t i
representin	r ə p ɾ ə z 'e n t i n
represento	r ə p ɾ ə z 'e n t u
repressora	r ə p ɾ ə s 'o ɾ ə
repressores	r ə p ɾ ə s 'o ɾ ə s
reprimenda	r ə p ɾ i m 'e n d ə
reproductora	r ə p ɾ u ð u k t 'o ɾ ə
reproductores	r ə p ɾ u ð u k t 'o ɾ ə s
reproduint-la	r ə p ɾ u ð u 'i n l ə
reproduir-la	r ə p ɾ u ð u 'i r l ə
reproduir-se	r ə p ɾ u ð u 'i r s ə
reproven	r ə p ɾ 'o β ə n
repta	r 'e p t ə
repte	r 'e p t ə
reptes	r 'e p t ə s
repto	r 'e p t u
requeriment	r ə k ə ɾ i m 'e n
requeriments	r ə k ə ɾ i m 'e n s
rera	r 'e ɾ ə
rere	r 'e ɾ ə
resa	r 'e z ə
resant	r ə s 'a n
resen	r 'e z ə n
reserva	r ə z 'e ɾ β ə
reserven	r ə z 'e ɾ β ə n
reserves	r ə z 'e ɾ β ə s
reservi	r ə z 'e ɾ β i
reservo	r ə z 'e ɾ β u
resguard	r ə z ɣ w 'a r t
resident	r ə z i ð 'e n
residents	r ə z i ð 'e n s
resignada	r ə s i g n 'a ð ə
resignadament	r ə z i g n ə ð ə m 'e n
resignat	r ə s i g n 'a t
resignats	r ə s i g n 'a t s
resistencialisme	r ə s i s t ə n s i ə l 'i z m ə
resistent	r ə z i s t 'e n
resistents	r ə z i s t 'e n s
resitua	r ə s i t 'u ə
resituant	r ə s i t u 'a n
resituar	r ə s i t u 'a
resituat	r ə s i t u 'a t
reso	r 'e z u
resol	r ə z 'ɔ l
resoldre'l	r ə z 'ɔ l d ɾ ə l
resoldre'ls	r ə z 'ɔ l d ɾ ə l s
resoldre's	r ə z 'ɔ l d ɾ ə s
resoldre-ho	r ə z 'ɔ l d ɾ ə uw
resoldre-la	r ə z 'ɔ l d ɾ ə l ə
resoldre-les	r ə z 'ɔ l d ɾ ə l ə s
resolent	r ə z u l 'e n
resolguessin	r ə z u l ɣ 'e s i n
resolt	r ə z 'ɔ l t
resolts	r ə z 'ɔ l t s
respatller	r ə s p ə ʎ ʎ 'e
respatllers	r ə s p ə ʎ ʎ 'e s
respecta	r ə s p 'e k t ə
respecte	r ə s p 'e k t ə
respecten	r ə s p 'e k t ə n
respectes	r ə s p 'e k t ə s
respectessin	r ə s p ə k t 'e s i n
respecti	r ə s p 'e k t i
respectin	r ə s p 'e k t i n
respectivament	r ə s p ə k t i β ə m 'e n
respecto	r ə s p 'e k t u
respectuosa	r ə s p ə k t u 'o z ə
respectuosament	r ə s p ə k t u u z ə m 'e n
respectuoses	r ə s p ə k t u 'o z ə s
respectuosos	r ə s p ə k t u 'o z u s
respir	r ə s p 'i r
resplendent	r ə s p l ə n d 'e n
resplendents	r ə s p l ə n d 'e n s
respon	r ə s p 'ɔ n
responc	r ə s p 'ɔ ŋ
respondre't	r ə s p 'ɔ n d ɾ ə t
respondre-hi	r ə s p 'ɔ n d ɾ ə j
respondre-li	r ə s p 'ɔ n d ɾ ə l i
responent	r ə s p u n 'e n
responguessin	r ə s p u ŋ g 'e s i n
respons	r ə s p 'ɔ n s
responsablement	r ə s p u n s ə b b l ə m 'e n
respost	r ə s p 'ɔ s t
ressent	r ə s 'e n
ressentiment	r ə s ə n t i m 'e n
ressentiments	r ə s ə n t i m 'e n s
ressol	r ə s 'ɔ l
ressona	r ə s 'o n ə
ressonen	r ə s 'o n ə n
ressorgiment	r ə s u r ʒ i m 'e n
ressort	r ə s 'ɔ r t
ressorts	r ə s 'ɔ r s
resta	r 'e s t ə
restabliment	r ə s t ə b b l i m 'e n
restallera	r ə s t ə ʎ 'e ɾ ə
restauradora	r ə s t ə uw ɾ ə ð 'o ɾ ə
resten	r 'e s t ə n
restes	r 'e s t ə s
resti	r 'e s t i
restin	r 'e s t i n
resto	r 'e s t u
restrenyiment	r ə s t ɾ ə ɲ i m 'e n
restrictivament	r ə s t ɾ i k t i β ə m 'e n
resultessin	r ə z u l t 'e s i n
resumen	r ə s 'u m ə n
ret	r 'e t
retard	r ə t 'a r t
retenen	r ə t 'e n ə n
reticent	r ə t i s 'e n
reticents	r ə t i s 'e n s
retinguessin	r ə t i ŋ g 'e s i n
retir	r ə t 'i r
retirar-se'n	r ə t i ɾ 'a r s ə n
retiressin	r ə t i ɾ 'e s i n
retoc	r ə t 'ɔ k
retocs	r ə t 'ɔ k s
retorna	r ə t 'o r n ə
retornen	r ə t 'o r n ə n
retornes	r ə t 'o r n ə s
retorno	r ə t 'o r n u
retorts	r ə t 'ɔ r s
retransmetre-les	r ə t ɾ ə n z m 'ɛ t ɾ ə l ə s
retraïment	r ə t ɾ ə i m 'e n
retre-li	r 'ɛ t ɾ ə l i
retret	r ə t ɾ 'e t
retrets	r ə t ɾ 'e t s
retreure'ls	r ə t ɾ 'ɛ uw ɾ ə l s
retreure-li	r ə t ɾ 'ɛ uw ɾ ə l i
retrobament	r ə t ɾ u β ə m 'e n
retrobaments	r ə t ɾ u β ə m 'e n s
retroben	r ə t ɾ 'o β ə n
retrobessin	r ə t ɾ u β 'e s i n
retrobo	r ə t ɾ 'o β u
retrocessos	r ə t ɾ u s 'e s u s
retrona	r ə t ɾ 'o n ə
retrògrad	r ə t ɾ 'ɔ ɣ ɾ ə t
retrògrads	r ə t ɾ 'ɔ ɣ ɾ ə t s
retòricament	r ə t u ɾ i k ə m 'e n
reurbanització	r ə u ɾ β ə n i d z ə s i 'o
reutilització	r ə u t i l i d z ə s i 'o
reutilitzar	r ə u t i l i d z 'a
reveladora	r ə β ə l ə ð 'o ɾ ə
revenent	r ə β ə n 'e n
revenges	r ə β 'e n ʒ ə s
revenja	r ə β 'e n ʒ ə
reverend	r ə β ə ɾ 'e n
reverent	r ə β ə ɾ 'e n
revessos	r ə β 'e s u s
revestiment	r ə β ə s t i m 'e n
revestiments	r ə β ə s t i m 'e n s
revetlla	r ə β 'e ʎ ʎ ə
revetlles	r ə β 'e ʎ ʎ ə s
revifament	r ə β i f ə m 'e n
reviscolament	r ə β i s k u l ə m 'e n
revoca	r ə β 'o k ə
revolt	r ə β 'ɔ l
revolts	r ə β 'ɔ l s
revoluciona	r ə β u l u s i 'o n ə
revoqui	r ə β 'o k i
riad	r i 'a t
rialler	r i ə ʎ 'e
riallera	r i ə ʎ 'e ɾ ə
rialleres	r i ə ʎ 'e ɾ ə s
riallers	r i ə ʎ 'e s
ribagorça	r i β ə ɣ 'o r s ə
ribelles	r i β 'e ʎ ə s
ribera	r i β 'e ɾ ə
riberes	r i β 'e ɾ ə s
ricament	r i k ə m 'e n
ricard	r i k 'a r t
ridículament	r i ð i k u l ə m 'e n
rient	r i 'e n
riera	r i 'e ɾ ə
rieres	r i 'e ɾ ə s
rierol	r i ə ɾ 'ɔ l
rierols	r i ə ɾ 'ɔ l s
rigor	r i ɣ 'o r
rigorosa	r i ɣ u ɾ 'o z ə
rigorosament	r i ɣ u ɾ u z ə m 'e n
rigoroses	r i ɣ u ɾ 'o z ə s
rigorosos	r i ɣ u ɾ 'o z u s
rigors	r i ɣ 'o r s
rimer	r i m 'e
ring-ring	r i ŋ r 'i ŋ
riure-se'n	r 'i uw ɾ ə s ə n
robe	r 'o β ə
roben	r 'o β ə n
robo	r 'o β u
robot	r u β 'ɔ t
robots	r u β 'ɔ t s
roc	r 'ɔ k
rocafort	r u k ə f 'ɔ r t
rock	r 'ɔ k
rockeres	r u k 'e ɾ ə s
rocosa	r u k 'o z ə
rocosos	r u k 'o z u s
rodessin	r u ð 'e s i n
rodona	r u ð 'o n ə
rodones	r u ð 'o n ə s
roent	r u 'e n
rogallosa	r u ɣ ə ʎ 'o z ə
roger	r u ʒ 'e
roig	r 'ɔ tʃ
rol	r 'ɔ l
rols	r 'ɔ l s
roma	r 'o m ə
romanc	r u m 'a ŋ
romanent	r u m ə n 'e n
rombe	r 'o m b ə
rombes	r 'o m b ə s
rompecorazones	r u m p ə k u ɾ ə z 'o n ə s
rompre	r 'o m p ɾ ə
ronc	r 'o ŋ
ronca	r 'o ŋ k ə
ronda	r 'o n d ə
ronden	r 'o n d ə n
rondes	r 'o n d ə s
rondo	r 'o n d u
ronquera	r u ŋ k 'e ɾ ə
ronya	r 'o ɲ ə
ronyosa	r u ɲ 'o z ə
roser	r u z 'e
rosers	r u z 'e s
rossa	r 'o s ə
rosses	r 'o s ə s
rossinyol	r u s i ɲ 'ɔ l
rossinyols	r u s i ɲ 'ɔ l s
rossos	r 'o s u s
rota	r 'o t ə
roti	r 'o t i
rotonda	r u t 'o n d ə
rotondes	r u t 'o n d ə s
rotundament	r u t u n d ə m 'e n
roure	r 'o uw ɾ ə
roures	r 'o uw ɾ ə s
rubor	r u β 'o r
rugbi	r 'u g b i
rugosa	r u ɣ 'o z ə
rulot	r u l 'ɔ t
rumor	r u m 'o r
rutinàriament	r u t i n ə ɾ i ə m 'e n
ruïnosa	r u i n 'o z ə
ruïnosos	r u i n 'o z u s
ràpidament	r ə p i ð ə m 'e n
rígidament	r i ʒ i ð ə m 'e n
rítmicament	r i d m i k ə m 'e n
s'aboquen	s ə β 'o k ə n
s'accelera	s ə k s ə l 'e ɾ ə
s'accepten	s ə k s 'e p t ə n
s'adona	s ə ð 'o n ə
s'adonen	s ə ð 'o n ə n
s'adonessin	s ə ð u n 'e s i n
s'adonin	s ə ð 'o n i n
s'adreça	s ə ð ɾ 'e s ə
s'aixeca	s ə ʃ 'e k ə
s'aixequen	s ə ʃ 'e k ə n
s'aixequi	s ə ʃ 'e k i
s'alimenta	s ə l i m 'e n t ə
s'alimenten	s ə l i m 'e n t ə n
s'amaguessin	s ə m ə ɣ 'e s i n
s'elabora	s ə l ə β 'o ɾ ə
s'empitjori	s ə m p i d ʒ 'o ɾ i
s'endinsen	s ə n d 'i n z ə n
s'enduu	s 'e n d u uw
s'enfadessin	s ə m f ə ð 'e s i n
s'engega	s ə n ʒ 'e ɣ ə
s'enreda	s ə n r 'e ð ə
s'equivoquen	s ə k i β 'o k ə n
s'escolten	s ə s k 'ɔ l t ə n
s'esgoten	s ə z ɣ 'o t ə n
s'espera	s ə s p 'e ɾ ə
s'espolsa	s ə s p 'o l s ə
s'oposen	s u p 'o z ə n
s'opta	s 'o p t ə
sabadell	s ə β ə ð 'e ʎ
sabater	s ə β ə t 'e
sabaters	s ə β ə t 'e s
saberen	s ə β 'e ɾ ə n
sabers	s ə β 'e s
sabessin	s ə β 'e s i n
sabor	s ə β 'o r
saborosa	s ə β u ɾ 'o z ə
saboroses	s ə β u ɾ 'o z ə s
saborosos	s ə β u ɾ 'o z u s
sabors	s ə β 'o r s
sacerdot	s ə s ə ɾ ð 'ɔ t
sacerdots	s ə s ə ɾ ð 'ɔ t s
sacramento	s ə k ɾ ə m 'e n t u
sacrosant	s ə k ɾ u s 'a n
sacrosanta	s ə k ɾ u s 'a n t ə
sagrament	s ə ɣ ɾ ə m 'e n
sagrera	s ə ɣ ɾ 'e ɾ ə
saguer	s ə ɣ 'e
sahariana	s ə ə ɾ i 'a n ə
sahrauí	s ə r ə w 'i
sahrauís	s ə r ə w 'i s
salmorra	s ə l m 'o r ə
salou	s ə l 'ɔ uw
salpebra	s ə l p 'e β ɾ ə
salsera	s ə l s 'e ɾ ə
saltadora	s ə l t ə ð 'o ɾ ə
saltadores	s ə l t ə ð 'o ɾ ə s
saltataulells	s ə l t ə t ə uw l 'e ʎ s
saludablement	s ə l u ð ə b b l ə m 'e n
salutífers	s ə l u t 'i f ə s
salvadora	s ə l β ə ð 'o ɾ ə
salvament	s ə l β ə m 'e n
salvatgement	s ə l β ə d ʒ ə m 'e n
samarreta-record	s ə m ə r ə t ə r ə k 'ɔ r t
sanament	s ə n ə m 'e n
sanciona	s ə n s i 'o n ə
sancionadora	s ə n s i u n ə ð 'o ɾ ə
sancionadores	s ə n s i u n ə ð 'o ɾ ə s
sancionen	s ə n s i 'o n ə n
sanejament	s ə n ə ʒ ə m 'e n
sanejaments	s ə n ə ʒ ə m 'e n s
sangoneres	s ə ŋ g u n 'e ɾ ə s
sanguinolent	s ə ŋ g i n u l 'e n
sanguinolenta	s ə ŋ g i n u l 'e n t ə
sanguinolents	s ə ŋ g i n u l 'e n s
sanitàriament	s ə n i t ə ɾ i ə m 'e n
santament	s ə n t ə m 'e n
santander	s ə n t ə n d 'e r
santer	s ə n t 'e
sapiguent	s ə p i ɣ 'e n
sarcàsticament	s ə r k ə s t i k ə m 'e n
satisfactòriament	s ə t i s f ə k t u ɾ i ə m 'e n
satisfent	s ə t i s f 'e n
satisfer	s ə t i s f 'e
satisfer-les	s ə t i s f 'e r l ə s
satisfet	s ə t i s f 'e t
satisfeta	s ə t i s f 'e t ə
satisfetes	s ə t i s f 'e t ə s
satisfets	s ə t i s f 'e t s
saxofon	s ə k s u f 'ɔ n
scherzo	s tʃ 'ɛ r z u
schubertià	s tʃ u β ə r t i 'a
se'l	s ə l
se'ls	s ə l s
se'm	s ə m
se'n	s ə n
se'ns	s ə n s
seas	s 'e ə s
secret	s ə k ɾ 'e t
secreta	s ə k ɾ 'e t ə
secretament	s ə k ɾ ə t ə m 'e n
secretes	s ə k ɾ 'e t ə s
secrets	s ə k ɾ 'e t s
sectorialment	s ə k t u ɾ i ə l m 'e n
secular	s ə k u l 'a r
secularment	s ə k u l ə r m 'e n
sediments	s ə ð i m 'e n s
sedosa	s ə ð 'o z ə
seductora	s ə ð u k t 'o ɾ ə
seductores	s ə ð u k t 'o ɾ ə s
seduir-la	s ə ð u 'i r l ə
sega	s 'e ɣ ə
segadora	s ə ɣ ə ð 'o ɾ ə
segell	s ə ʒ 'e ʎ
segellen	s ə ʒ 'e ʎ ə n
segells	s ə ʒ 'e ʎ s
segle	s 'e g g l ə
segles	s 'e g g l ə s
segment	s ə g m 'e n
segments	s ə g m 'e n s
segona	s ə ɣ 'o n ə
segonament	s ə ɣ u n ə m 'e n
segones	s ə ɣ 'o n ə s
segreguen	s ə ɣ ɾ 'e ɣ ə n
segrest	s ə ɣ ɾ 'e s t
segresta	s ə ɣ ɾ 'e s t ə
segresten	s ə ɣ ɾ 'e s t ə n
segrestin	s ə ɣ ɾ 'e s t i n
segrestos	s ə ɣ ɾ 'e s t u s
segueix-me	s ə ɣ 'ɛ ʒ m ə
seguidament	s ə ɣ i ð ə m 'e n
seguidora	s ə ɣ i ð 'o ɾ ə
seguidores	s ə ɣ i ð 'o ɾ ə s
seguiment	s ə ɣ i m 'e n
seguiments	s ə ɣ i m 'e n s
segurament	s ə ɣ u ɾ ə m 'e n
segurs	s ə ɣ 'u s
següent	s ə ɣ w 'e n
següents	s ə ɣ w 'e n s
seient	s ə y 'e n
seients	s ə y 'e n s
seitons	s ə j t 'o n s
seixanta-dos	s ə ʃ ə n t ə ð 'o s
seixanta-nou	s ə ʃ ə n t ə n 'ɔ uw
seixanta-sis	s ə ʃ ə n t ə s 'i s
seixanta-tres	s ə ʃ ə n t ə t ɾ 'ɛ s
seixanta-u	s ə ʃ ə n t ə 'u
selecciona	s ə l ə k s i 'o n ə
seleccionadora	s ə l ə k s i u n ə ð 'o ɾ ə
seleccionen	s ə l ə k s i 'o n ə n
selecciones	s ə l ə k s i 'o n ə s
seleccioni	s ə l ə k s i 'o n i
seleccionin	s ə l ə k s i 'o n i n
selectivament	s ə l ə k t i β ə m 'e n
sellers	s ə ʎ 'e s
semblantment	s ə m b l ə m m 'e n
semblessin	s ə m b l 'e s i n
sembra	s 'e m b ɾ ə
sembren	s 'e m b ɾ ə n
semiruïnoses	s ə m i r u i n 'o z ə s
semitons	s ə m i t 'ɔ n s
sempre	s 'e m p ɾ ə
semànticament	s ə m ə n t i k ə m 'e n
senadora	s ə n ə ð 'o ɾ ə
sencers	s ə n s 'ɛ s
senda	s 'e n d ə
sender	s ə n d 'e
senders	s ə n d 'e s
sens	s 'e n s
sensatament	s ə n s ə t ə m 'e n
sense	s 'e n s ə
sensibilitzadores	s ə n s i β i l i d z ə ð 'o ɾ ə s
sensiblement	s ə n s i b b l ə m 'e n
sensiblera	s ə n s i b b l 'e ɾ ə
sent	s 'e n
sent-ho	s 'e n t u
senten	s 'e n t ə n
sentenciessin	s ə n t ə n s i 'e s i n
senti	s 'e n t i
sentiment	s ə n t i m 'e n
sentimentalment	s ə n t i m ə n t ə l m 'e n
sentiments	s ə n t i m 'e n s
sentin	s 'e n t i n
sentinella	s ə n t i n 'e ʎ ə
sentinelles	s ə n t i n 'e ʎ ə s
sentir-se'n	s ə n t 'i r s ə n
sentis	s 'e n t i s
sento	s 'e n t u
sents	s 'e n s
senyera	s ə ɲ 'e ɾ ə
senyeres	s ə ɲ 'e ɾ ə s
senyora	s ə ɲ 'o ɾ ə
senyores	s ə ɲ 'o ɾ ə s
senzillament	s ə n z i ʎ ə m 'e n
separadament	s ə p ə ɾ ə ð ə m 'e n
sequera	s ə k 'e ɾ ə
sequeres	s ə k 'e ɾ ə s
ser	s 'e
ser-hi	s 'e ɾ i
ser-ho	s 'e ɾ u
ser-li	s 'e r l i
ser-ne	s 'e r n ə
serenament	s ə ɾ ə n ə m 'e n
sergent	s ə r ʒ 'e n
sergents	s ə r ʒ 'e n s
seriosa	s ə ɾ i 'o z ə
seriosament	s ə ɾ i u z ə m 'e n
serioses	s ə ɾ i 'o z ə s
seriosos	s ə ɾ i 'o z u s
sermonejadora	s ə r m u n ə ʒ ə ð 'o ɾ ə
serp	s 'e r p
serps	s 'e r p s
serrell	s ə r 'e ʎ
serrells	s ə r 'e ʎ s
sers	s 'e r s
serva	s 'e ɾ β ə
servent	s ə ɾ β 'e n
serventa	s ə ɾ β 'e n t ə
servents	s ə ɾ β 'e n s
servera	s ə ɾ β 'e ɾ ə
servidora	s ə ɾ β i ð 'o ɾ ə
servidores	s ə ɾ β i ð 'o ɾ ə s
servir-se'n	s ə ɾ β 'i r s ə n
setembre	s ə t 'e m b ɾ ə
setge	s 'e d ʒ ə
setges	s 'e d ʒ ə s
setmana	s ə m m 'a n ə
setmanalment	s ə m m ə n ə l m 'e n
setmanes	s ə m m 'a n ə s
setrilleres	s ə t ɾ i ʎ 'e ɾ ə s
seu	s 'e uw
seues	s 'ɛ w ə s
seus	s 'e uw s
seva	s 'e β ə
sever	s ə β 'e r
severa	s ə β 'e ɾ ə
severament	s ə β ə ɾ ə m 'e n
severes	s ə β 'e ɾ ə s
severs	s ə β 'e r s
seves	s 'e β ə s
sex-shops	s ə k s 'ɔ p s
sexagesimal	s ə k s ə ʒ ə z i m 'a l
sexi	s 'e k s i
sexualment	s ə k s u ə l m 'e n
shakespearià	ʃ ə s p i ɾ i 'a
siete	s i 'e t ə
sigilosament	s i ʒ i l u z ə m 'e n
signessin	s i g n 'e s i n
significativament	s i g n i f i k ə t i β ə m 'e n
silenciosa	s i l ə n s i 'o z ə
silencioses	s i l ə n s i 'o z ə s
silenciosos	s i l ə n s i 'o z u s
silent	s i l 'e n
silicona	s i l i k 'o n ə
silur	s i l 'u
silvestre	s i l β 'e s t ɾ ə
silvestres	s i l β 'e s t ɾ ə s
simbòlicament	s i m b u l i k ə m 'e n
simiescos	s i m i 'e s k u s
similar	s i m i l 'a r
similars	s i m i l 'a r s
simplement	s i m p l ə m 'e n
simplificadora	s i m p l i f i k ə ð 'o ɾ ə
simplistament	s i m p l i s t ə m 'e n
simptomàticament	s i m t u m ə t i k ə m 'e n
simultàniament	s i m u l t ə n i ə m 'e n
sincer	s i n s 'e
sincera	s i n s 'e ɾ ə
sincerament	s i n s ə ɾ ə m 'e n
sinceres	s i n s 'e ɾ ə s
sincers	s i n s 'e s
sindicalment	s i n d i k ə l m 'e n
singular	s i ŋ g u l 'a r
singularment	s i ŋ g u l ə r m 'e n
sintàcticament	s i n t ə k t i k ə m 'e n
sinuosa	s i n u 'o z ə
sinuoses	s i n u 'o z ə s
sinuosos	s i n u 'o z u s
sistema	s i s t 'e m ə
sistemes	s i s t 'e m ə s
sistemàticament	s i s t ə m ə t i k ə m 'e n
situïn	s i t 'u i n
siurells	s i uw ɾ 'e ʎ s
sivella	s i β 'e ʎ ə
sobradament	s u β ɾ ə ð ə m 'e n
sobre	s 'o β ɾ ə
sobreabundància	s u β ɾ ə β u n d 'a n s i ə
sobreactuació	s u β ɾ ə k t u ə s i 'o
sobreactuada	s u β ɾ ə k t u 'a ð ə
sobrealimentació	s u β ɾ ə l i m ə n t ə s i 'o
sobrecost	s u β ɾ ə k 'ɔ s t
sobreentesos	s u β ɾ ə n t 'ɛ z u s
sobreesforç	s u β ɾ ə s f 'ɔ r s
sobreexplotació	s u β ɾ ə k s p l u t ə s i 'o
sobren	s 'o β ɾ ə n
sobrenom	s u β ɾ ə n 'ɔ m
sobrenoms	s u β ɾ ə n 'ɔ m s
sobrer	s u β ɾ 'e
sobrera	s u β ɾ 'e ɾ ə
sobrerament	s u β ɾ ə ɾ ə m 'e n
sobreres	s u β ɾ 'e ɾ ə s
sobrers	s u β ɾ 'e s
sobres	s 'o β ɾ ə s
sobresalt	s u β ɾ ə s 'a l
sobresalts	s u β ɾ ə s 'a l s
sobresaturació	s u β ɾ ə s ə t u ɾ ə s i 'o
sobresaturat	s u β ɾ ə s ə t u ɾ 'a t
sobreseïment	s u β ɾ ə s ə i m 'e n
sobresortia	s u β ɾ ə s u r t 'i ə
sobresortir	s u β ɾ ə s u r t 'i
sobresortirà	s u β ɾ ə s u r t i ɾ 'a
sobresou	s u β ɾ ə s 'o uw
sobresous	s u β ɾ ə s 'ɔ uw s
sobresubscrita	s u β ɾ ə s u p s k ɾ 'i t ə
sobresurt	s u β ɾ ə s 'u r t
sobresurten	s u β ɾ ə s 'u r t ə n
sobrevisqueren	s u β ɾ ə β i s k 'e ɾ ə n
sobreviure-hi	s u β ɾ ə β 'i uw ɾ ə j
sobta	s 'o p t ə
sobtadament	s u p t ə ð ə m 'e n
soc	s 'ɔ k
socarrells	s u k ə r 'e ʎ s
socialment	s u s i ə l m 'e n
sociològicament	s u s i u l u ʒ i k ə m 'e n
sociosanitari	s u s i u s ə n i t 'a ɾ i
sociosanitaris	s u s i u s ə n i t 'a ɾ i s
sociosanitària	s u s i u s ə n i t 'a ɾ i ə
socorro	s u k 'o r u
socors	s u k 'ɔ r s
sofre	s 'o f ɾ ə
sofres	s 'o f ɾ ə s
sofriment	s u f ɾ i m 'e n
sofriments	s u f ɾ i m 'e n s
softbol	s u f d b 'ɔ l
sol	s 'ɔ l
solament	s u l ə m 'e n
solapament	s u l ə p ə m 'e n
solar	s u l 'a r
solas	s 'o l ə s
solc	s 'ɔ l k
solemnement	s u l ə m n ə m 'e n
solera	s u l 'e ɾ ə
solidàriament	s u l i ð ə ɾ i ə m 'e n
solquen	s 'o l k ə n
sols	s 'ɔ l s
solter	s u l t 'e
soltera	s u l t 'e ɾ ə
solteres	s u l t 'e ɾ ə s
solters	s u l t 'e s
solts	s 'ɔ l t s
soluciona	s u l u s i 'o n ə
solucionen	s u l u s i 'o n ə n
soluciones	s u l u s i 'o n ə s
solucioni	s u l u s i 'o n i
solucionin	s u l u s i 'o n i n
solvent	s u l β 'e n
solvents	s u l β 'e n s
sol·licitar-hi	s u ʎ i s i t 'a ɾ i
sol·licitar-la	s u ʎ i s i t 'a r l ə
sol·licitava	s u ʎ i s i t 'a β ə
sol·licitaven	s u ʎ i s i t 'a β ə n
sol·licitessin	s u l i s i t 'e s i n
som-hi	s 'o m i
somiadora	s u m i ə ð 'o ɾ ə
somniadora	s u m n i ə ð 'o ɾ ə
somort	s u m 'ɔ r t
somrient	s u m r i 'e n
somrient-li	s u m r i 'e n l i
somrients	s u m r i 'e n s
son	s 'ɔ n
sonda	s 'o n d ə
sondes	s 'o n d ə s
sonessin	s u n 'e s i n
sono	s 'o n u
sonor	s u n 'o r
sonora	s u n 'o ɾ ə
sonorament	s u n u ɾ ə m 'e n
sonoras	s u n 'o ɾ ə s
sonores	s u n 'o ɾ ə s
sonors	s u n 'o r s
sons	s 'ɔ n s
sopa	s 'o p ə
sopars	s u p 'a s
sopen	s 'o p ə n
sopes	s 'o p ə s
sopor	s u p 'o r
soporífer	s u p u ɾ 'i f ə r
sord	s 'o r t
sorda	s 'o ɾ ð ə
sordes	s 'o ɾ ð ə s
sordmut	s u r m 'u t
sorgiment	s u r ʒ i m 'e n
sorna	s 'o r n ə
sorneguer	s u r n ə ɣ 'e
sorneguera	s u r n ə ɣ 'e ɾ ə
sorolla	s u ɾ 'o ʎ ə
sorollen	s u ɾ 'o ʎ ə n
sorollosa	s u ɾ u ʎ 'o z ə
sorollosament	s u ɾ u ʎ u z ə m 'e n
sorolloses	s u ɾ u ʎ 'o z ə s
sorollosos	s u ɾ u ʎ 'o z u s
sorprendre'l	s u r p 'ɛ n d ɾ ə l
sorprendre'ls	s u r p 'ɛ n d ɾ ə l s
sorprendre'ns	s u r p 'ɛ n d ɾ ə n s
sorprendre's	s u r p 'ɛ n d ɾ ə s
sorprendre-us	s u r p 'ɛ n d ɾ ə uw s
sorprenent	s u r p ɾ ə n 'e n
sorprenent-nos	s u r p ɾ ə n 'e n n u s
sorprenent-vos	s u r p ɾ ə n 'e m b u s
sorprenentment	s u r p ɾ ə n ə m m 'e n
sorprenents	s u r p ɾ ə n 'e n s
sorra	s 'o r ə
sort	s 'ɔ r t
sorteo	s u r t 'e u
sortir-nos-en	s u r t 'i r n u z ə n
sortir-se'n	s u r t 'i r s ə n
sortir-vos-en	s u r t 'i ɾ β u z ə n
sortosament	s u r t u z ə m 'e n
sosa	s 'o z ə
sospesa	s u s p 'e z ə
sospesen	s u s p 'e z ə n
sospir	s u s p 'i r
sospitosa	s u s p i t 'o z ə
sospitosament	s u s p i t u z ə m 'e n
sospitoses	s u s p i t 'o z ə s
sospitosos	s u s p i t 'o z u s
sosteniment	s u s t ə n i m 'e n
sostreure-la	s u s t ɾ 'ɛ uw ɾ ə l ə
sot	s 'ɔ t
sota	s 'o t ə
sotabosc	s u t ə β 'ɔ s k
sotacost	s u t ə k 'ɔ s t
sotapressupost	s u t ə p ɾ ə s u p 'ɔ s t
soterrament	s u t ə r ə m 'e n
sotmetent	s u d m ə t 'e n
sotmetent-les	s u d m ə t 'e n l ə s
sotmetessis	s u d m ə t 'e s i s
sotmetiment	s u d m ə t i m 'e n
sotmetre'l	s u d m 'ɛ t ɾ ə l
sotmetre'ls	s u d m 'ɛ t ɾ ə l s
sotmetre's	s u d m 'ɛ t ɾ ə s
sotmetre-la	s u d m 'ɛ t ɾ ə l ə
sots	s 'o ts
sotsdirector	s u dz ð i ɾ ə k t 'o
soul	s 'ɔ uw l
soulier	s o uw l i 'e
sous	s 'ɔ uw s
souvenirs	s o uw β ə n 'i s
soy	s 'o j
spencer	s p ə n s 'e
suaument	s u ə uw m 'e n
subaltern	s u p ə l t 'ɛ r n
subalterna	s u p ə l t 'ɛ r n ə
subalternes	s u p ə l t 'ɛ r n ə s
subalternitat	s u p ə l t ə r n i t 'a t
subalterns	s u p ə l t 'ɛ r n s
subapartat	s u p ə p ə r t 'a t
subaquàtic	s u p ə k w 'a t i k
subaquàtiques	s u p ə k w 'a t i k ə s
subcampiona	s u p k ə m p i 'o n ə
subconscient	s u p k u n s i 'e n
subconscientment	s u p k u n s i ə m m 'e n
subcontinent	s u p k u n t i n 'e n
subdesenvolupament	s u b d ə z ə m b u l u p ə m 'e n
subdirectora	s u b d i ɾ ə k t 'o ɾ ə
subfusell	s u p f u z 'e ʎ
subfusells	s u p f u z 'e ʎ s
subhastadora	s u β ə s t ə ð 'o ɾ ə
subinspector	s u p i n s p ə k t 'o
subjacent	s u b ʒ ə s 'e n
subjacents	s u b ʒ ə s 'e n s
subjecta	s u b ʒ 'e k t ə
subjecte	s u b ʒ 'e k t ə
subjectes	s u b ʒ 'e k t ə s
sublevació	s u b l ə β ə s i 'o
sublevats	s u β l ə β 'a t s
subliminals	s u b l i m i n 'a l s
sublimitat	s u b l i m i t 'a t
sublunar	s u b l u n 'a r
subluxació	s u b l u k s ə s i 'o
subministradora	s u b m i n i s t ɾ ə ð 'o ɾ ə
subministradores	s u b m i n i s t ɾ ə ð 'o ɾ ə s
subministrament	s u b m i n i s t ɾ ə m 'e n
subministraments	s u b m i n i s t ɾ ə m 'e n s
subministressin	s u b m i n i s t ɾ 'e s i n
suboficial	s u p u f i s i 'a l
suboficials	s u p u f i s i 'a l s
subratlla	s u b r 'a ʎ ʎ ə
subratllada	s u b r ə ʎ ʎ 'a ð ə
subratllant	s u b r ə ʎ ʎ 'a n
subratllar	s u b r ə ʎ ʎ 'a
subratllar-ho	s u b r ə ʎ ʎ 'a ɾ u
subratllaries	s u b r ə ʎ ʎ ə ɾ 'i ə s
subratllat	s u b r ə ʎ ʎ 'a t
subratllats	s u b r ə ʎ ʎ 'a t s
subratllava	s u b r ə ʎ ʎ 'a β ə
subratllaven	s u b r ə ʎ ʎ 'a β ə n
subratllem	s u b r ə ʎ ʎ 'ɛ m
subratllen	s u b r 'a ʎ ʎ ə n
subratlli	s u b r 'a ʎ ʎ i
subratllo	s u b r 'a ʎ ʎ u
subreptíciament	s u b r ə p t i s i ə m 'e n
subrogar	s u b r u ɣ 'a
subsahariana	s u p s ə ə ɾ i 'a n ə
subsaharianes	s u p s ə ə ɾ i 'a n ə s
subsaharians	s u p s ə ə ɾ i 'a n s
subsaharià	s u p s ə ə ɾ i 'a
subscriptores	s u p s k ɾ i p t 'o ɾ ə s
subscriure's	s u p s k ɾ 'i uw ɾ ə s
subsegüent	s u p s ə ɣ w 'e n
subsidiàriament	s u p s i ð i ə ɾ i ə m 'e n
subsistema	s u p s i s t 'e m ə
substancialment	s u p s t ə n s i ə l m 'e n
substanciosa	s u p s t ə n s i 'o z ə
substancioses	s u p s t ə n s i 'o z ə s
substanciosos	s u p s t ə n s i 'o z u s
substituir-la	s u p s t i t u 'i r l ə
substituir-les	s u p s t i t u 'i r l ə s
substituir-lo	s u p s t i t u 'i r l u
substituir-los	s u p s t i t u 'i r l u s
subtema	s u p t 'e m ə
subtemes	s u p t 'e m ə s
subterràniament	s u p t ə r ə n i ə m 'e n
subtilment	s u p t i l m 'e n
subtinent	s u p t i n 'e n
subtitular	s u p t i t u l 'a r
subvenciona	s u b b ə n s i 'o n ə
subvencionen	s u b b ə n s i 'o n ə n
succeint-se	s u k s ə 'i n s ə
succeir-lo	s u k s ə 'i r l u
succeir-se	s u k s ə 'i r s ə
successivament	s u k s ə s i β ə m 'e n
successora	s u k s ə s 'o ɾ ə
successos	s u k s 'e s u s
sucosa	s u k 'o z ə
sucoses	s u k 'o z ə s
sucosos	s u k 'o z u s
suculent	s u k u l 'e n
suculenta	s u k u l 'e n t ə
suculentes	s u k u l 'e n t ə s
suculents	s u k u l 'e n s
sud-africana	s u t ə f ɾ i k 'a n ə
sud-africans	s u t ə f ɾ i k 'a n s
sud-africà	s u t ə f ɾ i k 'a
sud-americana	s u t ə m ə ɾ i k 'a n ə
sud-americanes	s u t ə m ə ɾ i k 'a n ə s
sud-americans	s u t ə m ə ɾ i k 'a n s
sud-americà	s u t ə m ə ɾ i k 'a
sud-amèrica	s u t ə m 'ɛ ɾ i k ə
sud-est	s u t 'e s t
sud-oest	s u t u 'e s t
sud-àfrica	s u t 'a f ɾ i k ə
sudcoreans	s u t k u ɾ e 'a n s
suficient	s u f i s i 'e n
suficientment	s u f i s i ə m m 'e n
suficients	s u f i s i 'e n s
suggerent	s u g ʒ ə ɾ 'e n
suggerents	s u g ʒ ə ɾ 'e n s
suggeridora	s u g ʒ ə ɾ i ð 'o ɾ ə
suggeridores	s u g ʒ ə ɾ i ð 'o ɾ ə s
suggeriment	s u g ʒ ə ɾ i m 'e n
suggeriments	s u g ʒ ə ɾ i m 'e n s
sumessin	s u m 'e s i n
summament	s u m m ə m 'e n
sumptuosa	s u m t u 'o z ə
sumptuoses	s u m t u 'o z ə s
sumptuosos	s u m t u 'o z u s
sunyer	s u ɲ 'e
supera	s u p 'e ɾ ə
superb	s u p 'ɛ r p
superbs	s 'u p ə ɾ β s
superen	s u p 'e ɾ ə n
superessin	s u p ə ɾ 'e s i n
superestrella	s u p ə ɾ ə s t ɾ 'e ʎ ə
superestrelles	s u p ə ɾ ə s t ɾ 'e ʎ ə s
superficialment	s u p ə r f i s i ə l m 'e n
superheroi	s u p ə ɾ ə ɾ 'ɔ j
superherois	s u p ə ɾ ə ɾ 'ɔ j s
superi	s u p 'e ɾ i
superin	s u p 'e ɾ i n
superior	s u p ə ɾ i 'o r
superiora	s u p ə ɾ i 'o ɾ ə
superiores	s u p ə ɾ i 'o ɾ ə s
superiors	s u p ə ɾ i 'o r s
supermentider	s u p ə r m ə n t i ð 'e
supero	s u p 'e ɾ u
supersticiosa	s u p ə r s t i s i 'o z ə
supersticiosos	s u p ə r s t i s i 'o z u s
supervisora	s u p ə ɾ β i z 'o ɾ ə
supervisores	s u p ə ɾ β i z 'o ɾ ə s
supervivent	s u p ə ɾ β i β 'e n
supervivents	s u p ə ɾ β i β 'e n s
suplement	s u p l ə m 'e n
suplements	s u p l ə m 'e n s
suplent	s u p l 'e n
suplents	s u p l 'e n s
suport	s u p 'ɔ r t
suports	s u p 'ɔ r s
suposadament	s u p u z ə ð ə m 'e n
suprem	s u p ɾ 'e m
suprema	s u p ɾ 'e m ə
supremes	s u p ɾ 'e m ə s
suprems	s u p ɾ 'e m s
surts	s 'u r s
suspectes	s u s p 'e k t ə s
suspendre'l	s u s p 'ɛ n d ɾ ə l
suspendre's	s u s p 'ɛ n d ɾ ə s
suspenent	s u s p ə n 'e n
suspenent-se	s u s p ə n 'e n s ə
sustent	s u s t 'e n
sustenta	s u s t 'e n t ə
sustenten	s u s t 'e n t ə n
sustenti	s u s t 'e n t i
suèter	s u 'ɛ t ə r
sàviament	s ə β i ə m 'e n
sòbriament	s u β ɾ i ə m 'e n
sòlidament	s u l i ð ə m 'e n
súpers	s 'u p ə s
t'adones	t ə ð 'o n ə s
t'aixeques	t ə ʃ 'e k ə s
t'enyoro	t ə ɲ 'o ɾ u
t'escolto	t ə s k 'ɔ l t u
t'he	t 'e
t'hi	t 'i
t'ho	t u
tabaquer	t ə β ə k 'e
tabaquera	t ə β ə k 'e ɾ ə
tabaqueres	t ə β ə k 'e ɾ ə s
tabernera	t ə β ə r n 'e ɾ ə
taekwondo	t ə e k β 'o n d u
tafaner	t ə f ə n 'e
tafanera	t ə f ə n 'e ɾ ə
tafaners	t ə f ə n 'e s
tai-chi	t ə j tʃ 'i
taipei	t ə j p 'ɛ j
takraw	t ə k ɾ 'a β
talent	t ə l 'e n
talents	t ə l 'e n s
tallafoc	t ə ʎ ə f 'ɔ k
tallafocs	t ə ʎ ə f 'ɔ k s
taller	t ə ʎ 'e
tallers	t ə ʎ 'e s
tallessin	t ə ʎ 'e s i n
talment	t ə l m 'e n
tampoc	t ə m p 'ɔ k
tancadament	t ə ŋ k ə ð ə m 'e n
tancament	t ə ŋ k ə m 'e n
tancaments	t ə ŋ k ə m 'e n s
tangencialment	t ə n ʒ ə n s i ə l m 'e n
tangent	t ə n ʒ 'e n
tangents	t ə n ʒ 'e n s
tanmateix	t ə m m ə t 'e ʃ
tanquessin	t ə ŋ k 'e s i n
tapadora	t ə p ə ð 'o ɾ ə
tapadores	t ə p ə ð 'o ɾ ə s
taquiller	t ə k i ʎ 'e
taquillera	t ə k i ʎ 'e ɾ ə
taquilleres	t ə k i ʎ 'e ɾ ə s
taquillers	t ə k i ʎ 'e s
taral·lejant	t ə ɾ ə ʎ ə ʒ 'a n
tararots	t ə ɾ ə ɾ 'ɔ t s
tard	t 'a r t
tardanament	t ə ɾ ð ə n ə m 'e n
tarongers	t ə ɾ u n ʒ 'e s
tarot	t ə ɾ 'ɔ t
tarragona	t ə r ə ɣ 'o n ə
tartera	t ə r t 'e ɾ ə
tast	t 'a s t
tasts	t 'a s t s
taulell	t ə uw l 'e ʎ
taulells	t ə uw l 'e ʎ s
tauler	t ə uw l 'e
taulers	t ə uw l 'e s
taverner	t ə β ə r n 'e
taxativament	t ə k s ə t i β ə m 'e n
te'l	t ə l
te'm	t ə m
te'n	t ə n
teatralment	t e ə t ɾ ə l m 'e n
teatre-societat	t e ə t ɾ ə s u s i ə t 'a t
tebeos	t ə β 'e u s
tecla	t 'e k l ə
tecles	t 'e k l ə s
tecnicolor	t ə g n i k u l 'o r
tecnicosanitària	t ə g n i k u s ə n i t 'a ɾ i ə
tecnològicament	t ə g n u l u ʒ i k ə m 'e n
tediosa	t ə ð i 'o z ə
tediosament	t ə ð i u z ə m 'e n
tediosos	t ə ð i 'o z u s
teix	t 'e ʃ
teleassistència	t ə l ə s i s t 'ɛ n s i ə
telecentre	t ə l ə s 'e n t ɾ ə
telecentres	t ə l ə s 'e n t ɾ ə s
telecompra	t ə l ə k 'o m p ɾ ə
telecos	t ə l ə k 'ɔ s
teleespectador	t ə l ə s p ə k t ə ð 'o
teleespectadors	t ə l ə s p ə k t ə ð 'o s
telefona	t ə l ə f 'o n ə
telefònicament	t ə l ə f u n i k ə m 'e n
telenovel·la	t ə l ə n u β 'e ʎ ə
telenovel·les	t ə l ə n u β 'e ʎ ə s
teler	t ə l 'e
teleradiologia	t ə l ə r ə ð i u l u ʒ 'i ə
telers	t ə l 'e s
teletext	t ə l ə t 'e k s t
televident	t ə l ə β i ð 'e n
televidentes	t ə l ə β i ð 'e n t ə s
televidents	t ə l ə β i ð 'e n s
televisivament	t ə l ə β i z i β ə m 'e n
teloner	t ə l u n 'e
teloners	t ə l u n 'e s
tem	t 'e m
tema	t 'e m ə
temen	t 'e m ə n
tement	t ə m 'e n
temes	t 'e m ə s
temo	t 'e m u
temor	t ə m 'o r
temorosa	t ə m u ɾ 'o z ə
temorosos	t ə m u ɾ 'o z u s
temors	t ə m 'o r s
temperament	t ə m p ə ɾ ə m 'e n
tempesta	t ə m p 'e s t ə
tempestes	t ə m p 'e s t ə s
tempestuosa	t ə m p ə s t u 'o z ə
templa	t 'e m p l ə
temple	t 'e m p l ə
templers	t ə m p l 'e s
temples	t 'e m p l ə s
temporalment	t ə m p u ɾ ə l m 'e n
temporer	t ə m p u ɾ 'e
temporeres	t ə m p u ɾ 'e ɾ ə s
temporers	t ə m p u ɾ 'e s
temps	t 'e m s
tempta	t 'e m t ə
temptadora	t ə m t ə ð 'o ɾ ə
temptadores	t ə m t ə ð 'o ɾ ə s
tems	t 'e m s
temàticament	t ə m ə t i k ə m 'e n
tenda	t 'e n d ə
tendenciosa	t ə n d ə n s i 'o z ə
tendenciosament	t ə n d ə n s i u z ə m 'e n
tendencioses	t ə n d ə n s i 'o z ə s
tendenciosos	t ə n d ə n s i 'o z u s
tendes	t 'e n d ə s
tendrament	t ə n d ɾ ə m 'e n
tenebra	t ə n 'e β ɾ ə
tenebres	t ə n 'e β ɾ ə s
tenebrosa	t ə n ə β ɾ 'o z ə
tenebroses	t ə n ə β ɾ 'o z ə s
tenebrosos	t ə n ə β ɾ 'o z u s
tenen	t 'e n ə n
tenor	t ə n 'o r
tenora	t ə n 'o ɾ ə
tenores	t ə n 'o ɾ ə s
tenors	t ə n 'o r s
tens	t 'e n s
tenyidores	t ə ɲ i ð 'o ɾ ə s
tenísticament	t ə n i s t i k ə m 'e n
ter	t 'e r
tercer	t ə r s 'e
tercera	t ə r s 'e ɾ ə
terceres	t ə r s 'e ɾ ə s
tercermundista	t ə r s ə m u n d 'i s t ə
tercers	t ə r s 'e s
terme	t 'e r m ə
termes	t 'e r m ə s
terminantment	t ə r m i n ə m m 'e n
terol	t ə ɾ 'ɔ l
terraqüi	t ə r 'a k w i
terrasa	t 'ɛ r ə s ə
terratinent	t ə r ə t i n 'e n
terratinents	t ə r ə t i n 'e n s
terrestre	t ə r 'e s t ɾ ə
terrestres	t ə r 'e s t ɾ ə s
terriblement	t ə r i b b l ə m 'e n
terriers	t ə r i 'e s
terrissers	t ə r i s 'e s
territorialment	t ə r i t u ɾ i ə l m 'e n
terror	t ə r 'o r
terrors	t ə r 'o r s
test	t 'e s t
testa	t 'e s t ə
testament	t ə s t ə m 'e n
testaments	t ə s t ə m 'e n s
tester	t ə s t 'e
testicular	t ə s t i k u l 'a r
testos	t 'e s t u s
testosterona	t ə s t u s t ə ɾ 'o n ə
tests	t 'e s t s
tetracampiona	t ə t ɾ ə k ə m p i 'o n ə
teu	t 'e uw
teus	t 'e uw s
teva	t 'e β ə
teves	t 'e β ə s
text	t 'e k s t
textos	t 'e k s t u s
textualment	t ə k s t u ə l m 'e n
teòricament	t ə u ɾ i k ə m 'e n
thriller	t r i ʎ 'e
thrillers	t r i ʎ 'e s
timbaler	t i m b ə l 'e
timoner	t i m u n 'e
tinent	t i n 'e n
tinenta	t i n 'e n t ə
tinents	t i n 'e n s
tinguent	t i ŋ g 'e n
tingueren	t i ŋ g 'e ɾ ə n
tinguessin	t i ŋ g 'e s i n
tinguessis	t i ŋ g 'e s i s
tinter	t i n t 'e
tir	t 'i r
tirallonga	t i ɾ ə ʎ 'o ŋ g ə
tirallongues	t i ɾ ə ʎ 'o ŋ g ə s
tiressin	t i ɾ 'e s i n
tirs	t 'i r s
tisora	t i z 'o ɾ ə
tisores	t i z 'o ɾ ə s
titella	t i t 'e ʎ ə
titelles	t i t 'e ʎ ə s
titot	t i t 'ɔ t
titular	t i t u l 'a r
to	t 'ɔ
toc	t 'ɔ k
toca'm	t 'ɔ k ə m
tocaments	t u k ə m 'e n s
tocs	t 'ɔ k s
tolera	t u l 'e ɾ ə
toleren	t u l 'e ɾ ə n
toma	t 'o m ə
tomba	t 'o m b ə
tombarelles	t u m b ə ɾ 'e ʎ ə s
tomben	t 'o m b ə n
tombes	t 'o m b ə s
tona	t 'o n ə
tones	t 'o n ə s
tons	t 'ɔ n s
tonto	t 'o n t u
top	t 'ɔ p
topen	t 'o p ə n
topi	t 'o p i
topin	t 'o p i n
topo	t 'o p u
tops	t 'ɔ p s
toquessin	t u k 'e s i n
tora	t 'o ɾ ə
torba	t 'o ɾ β ə
torbadora	t u ɾ β ə ð 'o ɾ ə
torbadores	t u ɾ β ə ð 'o ɾ ə s
torben	t 'o ɾ β ə n
torera	t u ɾ 'e ɾ ə
torero	t u ɾ 'e ɾ u
toreros	t u ɾ 'e ɾ u s
torna	t 'o r n ə
torna-la	t 'o r n ə l ə
tornados	t u r n ə ð 'o s
tornen	t 'o r n ə n
tornes	t 'o r n ə s
tornessin	t u r n 'e s i n
torni	t 'o r n i
tornin	t 'o r n i n
tornis	t 'o r n i s
torno	t 'o r n u
torradora	t u r ə ð 'o ɾ ə
torradores	t u r ə ð 'o ɾ ə s
torre	t 'o r ə
torrent	t u r 'e n
torrents	t u r 'e n s
torres	t 'o r ə s
tors	t 'ɔ r s
tort	t 'ɔ r t
tortell	t u r t 'e ʎ
tortuosa	t u r t u 'o z ə
tortuoses	t u r t u 'o z ə s
tortuosos	t u r t u 'o z u s
torturadora	t u r t u ɾ ə ð 'o ɾ ə
torça'l	t 'ɔ r s ə l
tosca	t 'o s k ə
tossudament	t u s u ð ə m 'e n
tota	t 'o t ə
totalitzadora	t u t ə l i d z ə ð 'o ɾ ə
totalment	t u t ə l m 'e n
totes	t 'o t ə s
tothom	t u t 'ɔ m
totipotents	t u t i p u t 'e n s
totpoderosa	t u t p u ð ə ɾ 'o z ə
totxo	t 'o t ʃ u
tour	t 'ɔ uw r
tova	t 'o β ə
tractament	t ɾ ə k t ə m 'e n
tractaments	t ɾ ə k t ə m 'e n s
tractessin	t ɾ ə k t 'e s i n
tradicionalment	t ɾ ə ð i s i u n ə l m 'e n
traductora	t ɾ ə ð u k t 'o ɾ ə
traductores	t ɾ ə ð u k t 'o ɾ ə s
traduir-la	t ɾ ə ð u 'i r l ə
traduir-les	t ɾ ə ð u 'i r l ə s
traduir-lo	t ɾ ə ð u 'i r l u
traduir-me	t ɾ ə ð u 'i r m ə
traduir-se	t ɾ ə ð u 'i r s ə
traginers	t ɾ ə ʒ i n 'e s
traguessin	t ɾ ə ɣ 'e s i n
traient	t ɾ ə y 'e n
traient-li	t ɾ ə y 'e n l i
traient-ne	t ɾ ə y 'e n n ə
traient-se	t ɾ ə y 'e n s ə
trair-lo	t ɾ ə 'i r l u
trair-se	t ɾ ə 'i r s ə
trajecte	t ɾ ə ʒ 'e k t ə
trajectes	t ɾ ə ʒ 'e k t ə s
tramposa	t ɾ ə m p 'o z ə
tramposes	t ɾ ə m p 'o z ə s
tramposos	t ɾ ə m p 'o z u s
tranquil·la	t ɾ ə ŋ k 'i ʎ ə
tranquil·lament	t ɾ ə ŋ k i ʎ ə m 'e n
tranquil·les	t ɾ ə ŋ k 'i ʎ ə s
tranquil·litat	t ɾ ə ŋ k i ʎ i t 'a t
tranquil·litza	t ɾ ə ŋ k i ʎ 'i d z ə
tranquil·litzador	t ɾ ə ŋ k i ʎ i d z ə ð 'o
tranquil·litzadora	t ɾ ə ŋ k i ʎ i d z ə ð 'o ɾ ə
tranquil·litzadors	t ɾ ə ŋ k i ʎ i d z ə ð 'o s
tranquil·litzant	t ɾ ə ŋ k i ʎ i d z 'a n
tranquil·litzants	t ɾ ə ŋ k i ʎ i d z 'a n s
tranquil·litzar	t ɾ ə ŋ k i ʎ i d z 'a
tranquil·litzar-nos	t ɾ ə ŋ k i ʎ i d z 'a r n u s
tranquil·litzar-vos	t ɾ ə ŋ k i ʎ i d z 'a ɾ β u s
tranquil·litzarà	t ɾ ə ŋ k i ʎ i d z ə ɾ 'a
tranquil·litzat	t ɾ ə ŋ k i ʎ i d z 'a t
tranquil·litzen	t ɾ ə ŋ k i ʎ 'i d z ə n
tranquil·litzeu-vos	t ɾ ə ŋ k i ʎ i d z 'ɛ uw β u s
transatlàntic	t ɾ ə n z ə l l 'a n t i k
transatlàntics	t ɾ ə n z ə l l 'a n t i k s
transatlàntiques	t ɾ ə n z ə l l 'a n t i k ə s
transbordament	t ɾ ə n z β u ɾ ð ə m 'e n
transcendeix	t ɾ ə s ə n d 'ɛ ʃ
transcendeixen	t ɾ ə s ə n d 'ɛ ʃ ə n
transcendeixi	t ɾ ə s ə n d 'ɛ ʃ i
transcendent	t ɾ ə s ə n d 'e n
transcendental	t ɾ ə s ə n d ə n t 'a l
transcendentalisme	t ɾ ə s ə n d ə n t ə l 'i z m ə
transcendentals	t ɾ ə s ə n d ə n t 'a l s
transcendents	t ɾ ə s ə n d 'e n s
transcendia	t ɾ ə s ə n d 'i ə
transcendir	t ɾ ə s ə n d 'i
transcendir-se	t ɾ ə s ə n d 'i r s ə
transcendit	t ɾ ə s ə n d 'i t
transcendència	t ɾ ə s ə n d 'ɛ n s i ə
transcendències	t ɾ ə s ə n d 'ɛ n s i ə s
transcendís	t ɾ ə s ə n d 'i s
transcorre	t ɾ ə n s k 'o r ə
transcorren	t ɾ ə n s k 'o r ə n
transcorrent	t ɾ ə n s k u r 'e n
transeuropees	t ɾ ə n z ə uw ɾ u p 'ɛ ə s
transeünts	t ɾ ə n z ə 'u n s
transforma	t ɾ ə n s f 'o r m ə
transformadora	t ɾ ə n s f u r m ə ð 'o ɾ ə
transformadores	t ɾ ə n s f u r m ə ð 'o ɾ ə s
transformen	t ɾ ə n s f 'o r m ə n
transfronterers	t ɾ ə n s f ɾ u n t ə ɾ 'e s
transgressora	t ɾ ə n z ɣ ɾ ə s 'o ɾ ə
transgressores	t ɾ ə n z ɣ ɾ ə s 'o ɾ ə s
transgènic	t ɾ ə n ʒ 'ɛ n i k
transgènica	t ɾ ə n ʒ 'ɛ n i k ə
transgènics	t ɾ ə n ʒ 'ɛ n i k s
transhumància	t ɾ ə n z u m 'a n s i ə
transicions	t ɾ ə n z i s i 'o n s
transició	t ɾ ə n z i s i 'o
transigeix	t ɾ ə n z i ʒ 'ɛ ʃ
transiten	t ɾ ə n z 'i t ə n
transiti	t ɾ ə n z 'i t i
transitòriament	t ɾ ə n z i t u ɾ i ə m 'e n
transmetent	t ɾ ə n z m ə t 'e n
transmetent-me	t ɾ ə n z m ə t 'e m m ə
transmeteren	t ɾ ə n z m ə t 'e ɾ ə n
transmetre'ls	t ɾ ə n z m 'ɛ t ɾ ə l s
transmetre-ho	t ɾ ə n z m 'ɛ t ɾ ə uw
transmetre-la	t ɾ ə n z m 'ɛ t ɾ ə l ə
transmetre-li	t ɾ ə n z m 'ɛ t ɾ ə l i
transmissora	t ɾ ə n z m i s 'o ɾ ə
transmissores	t ɾ ə n z m i s 'o ɾ ə s
transoceànic	t ɾ ə n z u s e 'a n i k
transoceànics	t ɾ ə n z u s e 'a n i k s
transparent	t ɾ ə n s p ə ɾ 'e n
transparenta	t ɾ ə n s p ə ɾ 'e n t ə
transparents	t ɾ ə n s p ə ɾ 'e n s
transport	t ɾ ə n s p 'ɔ r t
transports	t ɾ ə n s p 'ɔ r s
transvasament	t ɾ ə n z β ə z ə m 'e n
transvasaments	t ɾ ə n z β ə z ə m 'e n s
transversalment	t ɾ ə n z β ə r s ə l m 'e n
trapella	t ɾ ə p 'e ʎ ə
trasbalsadora	t ɾ ə z β ə l s ə ð 'o ɾ ə
traslladessin	t ɾ ə z ʎ ə ð 'e s i n
trasplantament	t ɾ ə s p l ə n t ə m 'e n
trasplantaments	t ɾ ə s p l ə n t ə m 'e n s
trasplantessin	t ɾ ə s p l ə n t 'e s i n
traster	t ɾ ə s t 'e
travessa	t ɾ ə β 'e s ə
travessen	t ɾ ə β 'e s ə n
travesser	t ɾ ə β ə s 'e
travessera	t ɾ ə β ə s 'e ɾ ə
travesseres	t ɾ ə β ə s 'e ɾ ə s
travesses	t ɾ ə β 'e s ə s
travessi	t ɾ ə β 'e s i
travesso	t ɾ ə β 'e s u
traïdora	t ɾ ə i ð 'o ɾ ə
traïdores	t ɾ ə i ð 'o ɾ ə s
treballadora	t ɾ ə β ə ʎ ə ð 'o ɾ ə
treballadores	t ɾ ə β ə ʎ ə ð 'o ɾ ə s
treballessin	t ɾ ə β ə ʎ 'e s i n
treient	t ɾ ə y 'e n
trekking	t ɾ ə k k 'i ŋ
trema	t ɾ 'e m ə
tremend	t ɾ ə m 'e n
tremenda	t ɾ ə m 'e n d ə
tremendament	t ɾ ə m ə n d ə m 'e n
tremendes	t ɾ ə m 'e n d ə s
tremolosa	t ɾ ə m u l 'o z ə
tremolosos	t ɾ ə m u l 'o z u s
tremp	t ɾ 'e m
trempera	t ɾ ə m p 'e ɾ ə
trencacolls	t ɾ ə ŋ k ə k 'ɔ ʎ s
trencadora	t ɾ ə ŋ k ə ð 'o ɾ ə
trencadores	t ɾ ə ŋ k ə ð 'o ɾ ə s
trencament	t ɾ ə ŋ k ə m 'e n
trencaments	t ɾ ə ŋ k ə m 'e n s
trencanous	t ɾ ə ŋ k ə n 'ɔ uw s
trenquessin	t ɾ ə ŋ k 'e s i n
trenta-dos	t ɾ ə n t ə ð 'o s
trenta-nou	t ɾ ə n t ə n 'ɔ uw
trenta-sis	t ɾ ə n t ə s 'i s
trenta-sisena	t ɾ ə n t ə s i z 'ɛ n ə
trenta-tres	t ɾ ə n t ə t ɾ 'ɛ s
trenta-u	t ɾ ə n t ə 'u
trepa	t ɾ 'e p ə
trepes	t ɾ 'e p ə s
trepig	t ɾ ə p 'i tʃ
tres-centes	t ɾ ə s 'e n t ə s
tres-cents	t ɾ ə s 'e n s
tresor	t ɾ ə z 'ɔ r
tresorer	t ɾ ə z u ɾ 'e
tresorera	t ɾ ə z u ɾ 'e ɾ ə
tresors	t ɾ ə z 'ɔ r s
tret	t ɾ 'e t
treta	t ɾ 'e t ə
tretes	t ɾ 'e t ə s
trets	t ɾ 'e t s
tretze	t ɾ 'e d z ə
treure'l	t ɾ 'ɛ uw ɾ ə l
treure'ls	t ɾ 'ɛ uw ɾ ə l s
treure'm	t ɾ 'ɛ uw ɾ ə m
treure'n	t ɾ 'ɛ uw ɾ ə n
treure'ns	t ɾ 'ɛ uw ɾ ə n s
treure's	t ɾ 'ɛ uw ɾ ə s
treure't	t ɾ 'ɛ uw ɾ ə t
treure-hi	t ɾ 'ɛ uw ɾ ə j
treure-la	t ɾ 'ɛ uw ɾ ə l ə
treure-les	t ɾ 'ɛ uw ɾ ə l ə s
treure-li	t ɾ 'ɛ uw ɾ ə l i
treure-vos	t ɾ 'ɛ uw ɾ ə β u s
treva	t ɾ 'e β ə
triangulars	t ɾ i ə ŋ g u l 'a s
triatló	t ɾ i ə l l 'o
trident	t ɾ i ð 'e n
trimestralment	t ɾ i m ə s t ɾ ə l m 'e n
trinxera	t ɾ i n ʃ 'e ɾ ə
trinxeres	t ɾ i n ʃ 'e ɾ ə s
triomfa	t ɾ i 'o m f ə
triomfadora	t ɾ i u m f ə ð 'o ɾ ə
triomfadores	t ɾ i u m f ə ð 'o ɾ ə s
triomfalment	t ɾ i u m f ə l m 'e n
triomfen	t ɾ i 'o m f ə n
tripijoc	t ɾ i p i ʒ 'ɔ k
tripijocs	t ɾ i p i ʒ 'ɔ k s
triplement	t ɾ i p l ə m 'e n
tristament	t ɾ i s t ə m 'e n
trituradora	t ɾ i t u ɾ ə ð 'o ɾ ə
triïn	t ɾ 'i i n
tro	t ɾ 'ɔ
trobar-se'l	t ɾ u β 'a r s ə l
trobessin	t ɾ u β 'e s i n
trodheim	t ɾ u ð 'ɛ j m
tromba	t ɾ 'o m b ə
trombes	t ɾ 'o m b ə s
trompa	t ɾ 'o m p ə
trompes	t ɾ 'o m p ə s
tron	t ɾ 'ɔ n
tronc	t ɾ 'o ŋ
troncs	t ɾ 'o ŋ s
tronera	t ɾ u n 'e ɾ ə
trono	t ɾ 'o n u
trontolla	t ɾ u n t 'o ʎ ə
trontollen	t ɾ u n t 'o ʎ ə n
tronxo	t ɾ 'o n ʃ u
tronxos	t ɾ 'o n ʃ u s
tropa	t ɾ 'o p ə
tropes	t ɾ 'o p ə s
tros	t ɾ 'ɔ s
trotskisme	t ɾ u ts k 'i z m ə
trotskista	t ɾ u ts k 'i s t ə
trotskistes	t ɾ u ts k 'i s t ə s
truca'm	t ɾ 'u k ə m
truculent	t ɾ u k u l 'e n
truculenta	t ɾ u k u l 'e n t ə
truculents	t ɾ u k u l 'e n s
tràgicament	t ɾ ə ʒ i k ə m 'e n
tsar	ts 'a r
tsarista	ts ə ɾ 'i s t ə
tsars	ts 'a r s
tubular	t u β u l 'a r
tumor	t u m 'o r
tumultuoses	t u m u l t u 'o z ə s
tungstat	t u ŋ g s t 'a t
turbiedad	t u ɾ β i ə ð 'a t
turbulent	t u ɾ β u l 'e n
turbulenta	t u ɾ β u l 'e n t ə
turbulentes	t u ɾ β u l 'e n t ə s
turbulents	t u ɾ β u l 'e n s
turcmans	t u r g m 'a n s
turmell	t u r m 'e ʎ
turmells	t u r m 'e ʎ s
turment	t u r m 'e n
turmenta	t u r m 'e n t ə
turmentosa	t u r m ə n t 'o z ə
turísticament	t u ɾ i s t i k ə m 'e n
txa	tʃ 'a
txa-txa-txa	tʃ ə tʃ ə tʃ 'a
txec	tʃ 'ɛ k
txeca	tʃ 'ɛ k ə
txecs	tʃ 'ɛ k s
txeques	tʃ 'ɛ k ə s
txetxena	tʃ ə t ʃ 'ɛ n ə
txetxenes	tʃ ə t ʃ 'ɛ n ə s
txetxens	tʃ ə t ʃ 'ɛ n s
txetxè	tʃ ə t ʃ 'ɛ
txetxènia	tʃ ə t ʃ 'ɛ n i ə
tàcitament	t ə s i t ə m 'e n
tàcticament	t ə k t i k ə m 'e n
tàrtar	t 'a r t ə r
tècnicament	t ə g n i k ə m 'e n
témer	t 'e m ə
tímidament	t i m i ð ə m 'e n
típicament	t i p i k ə m 'e n
tòpicament	t u p i k ə m 'e n
uafse	w 'a f s ə
udolo	u ð 'o l u
ufanosos	u f ə n 'o z u s
uigurs	w i ɣ 'u s
ulcerosa	u l s ə ɾ 'o z ə
ulldemol	u ʎ d ə m 'ɔ l
ulleres	u ʎ 'e ɾ ə s
ulterior	u l t ə ɾ i 'o r
ulteriors	u l t ə ɾ i 'o r s
ultraconservadora	u l t ɾ ə k u n s ə ɾ β ə ð 'o ɾ ə
ultraespanyolisme	u l t ɾ ə s p ə ɲ u l 'i z m ə
ultraespanyolista	u l t ɾ ə s p ə ɲ u l 'i s t ə
ultralleugers	u l t ɾ ə ʎ ə uw ʒ 'e s
ultramar	u l t ɾ ə m 'a r
ultrasons	u l t ɾ ə s 'ɔ n s
ultrasurs	u l t ɾ ə s 'u r s
ultratomba	u l t ɾ ə t 'o m b ə
uneix-t'hi	u n 'ɛ ʃ t i
unicode	u n i k 'o ð ə
unificadora	u n i f i k ə ð 'o ɾ ə
uniformadora	u n i f u r m ə ð 'o ɾ ə
uniforme	u n i f 'o r m ə
uniformement	u n i f u r m ə m 'e n
uniformes	u n i f 'o r m ə s
uniformitzadora	u n i f u r m i d z ə ð 'o ɾ ə
uniformitzadores	u n i f u r m i d z ə ð 'o ɾ ə s
unilateralment	u n i l ə t ə ɾ ə l m 'e n
unitàriament	u n i t ə ɾ i ə m 'e n
universalment	u n i β ə r s ə l m 'e n
unànimement	u n ə n i m ə m 'e n
uníson	u n 'i s u n
urbanísticament	u ɾ β ə n i s t i k ə m 'e n
urea	u ɾ 'e ə
usurers	u z u ɾ 'e s
utilitzessin	u t i l i d z 'e s i n
valenta	b ə l 'e n t ə
valentes	b ə l 'e n t ə s
valents	b ə l 'e n s
valladolid	b ə ʎ ə ð u l 'i t
valldossera	b ə ʎ d u s 'e ɾ ə
vallespinosa	b ə ʎ ə s p i n 'o z ə
valona	b ə l 'o n ə
valones	b ə l 'o n ə s
valor	b ə l 'o r
valora	b ə l 'o ɾ ə
valoren	b ə l 'o ɾ ə n
valores	b ə l 'o ɾ ə s
valoro	b ə l 'o ɾ u
valors	b ə l 'o r s
valuosa	b ə l u 'o z ə
valuoses	b ə l u 'o z ə s
valuosos	b ə l u 'o z u s
vampir	b ə m p 'i r
vanitosos	b ə n i t 'o z u s
vaquers	b ə k 'e s
ve	b 'e
vehement	b ə ə m 'e n
vehemència	b ə ə m 'ɛ n s i ə
veient	b ə y 'e n
veiessin	b ə y 'e s i n
veler	b ə l 'e
velers	b ə l 'e s
vell	b 'e ʎ
vella	b 'e ʎ ə
velles	b 'e ʎ ə s
vells	b 'e ʎ s
veloç	b ə l 'ɔ s
ven	b 'e n
vencent	b ə n s 'e n
venciment	b ə n s i m 'e n
venciments	b ə n s i m 'e n s
vendre'ls	b 'ɛ n d ɾ ə l s
vendre'n	b 'ɛ n d ɾ ə n
vendre'ns	b 'ɛ n d ɾ ə n s
vendre's	b 'ɛ n d ɾ ə s
vendrell	b ə n d ɾ 'e ʎ
venenosa	b ə n ə n 'o z ə
venera	b ə n 'e ɾ ə
veneren	b ə n 'e ɾ ə n
vent	b 'e n
venta	b 'e n t ə
ventafocs	b ə n t ə f 'ɔ k s
ventes	b 'e n t ə s
ventre	b 'e n t ɾ ə
vents	b 'e n s
vera	b 'e ɾ ə
verament	b ə ɾ ə m 'e n
verb	b 'ɛ r p
verbalment	b ə ɾ β ə l m 'e n
verd	b 'ɛ r t
verdosos	b ə ɾ ð 'o z u s
veres	b 'e ɾ ə s
vergonya	b ə ɾ ɣ 'o ɲ ə
verinosa	b ə ɾ i n 'o z ə
verinoses	b ə ɾ i n 'o z ə s
verinosos	b ə ɾ i n 'o z u s
vermellosos	b ə r m ə ʎ 'o z u s
verres	b 'e r ə s
versiona	b ə r s i 'o n ə
vertaderes	b ə r t ə ð 'e ɾ ə s
ves	b 'e s
vescomte	b ə s k 'o m t ə
vespa	b 'e s p ə
vesper	b ə s p 'e
vespes	b 'e s p ə s
vespre	b 'e s p ɾ ə
vespres	b 'e s p ɾ ə s
vessament	b ə s ə m 'e n
vessaments	b ə s ə m 'e n s
vessen	b 'e s ə n
vestimenta	b ə s t i m 'e n t ə
vestimentes	b ə s t i m 'e n t ə s
vetlles	b 'e ʎ ʎ ə s
vetlli	b 'e ʎ ʎ i
veure'l	b 'ɛ uw ɾ ə l
veure'm	b 'ɛ uw ɾ ə m
veure'n	b 'ɛ uw ɾ ə n
veure's	b 'ɛ uw ɾ ə s
veure't	b 'ɛ uw ɾ ə t
veure-hi	b 'ɛ uw ɾ ə j
veure-ho	b 'ɛ uw ɾ ə uw
veure-la	b 'ɛ uw ɾ ə l ə
veure-t'hi	b 'ɛ uw ɾ ə t i
vexacions	b ə k s ə s i 'o n s
vexació	b ə k s ə s i 'o
viatgers	b i ə d ʒ 'e s
viciosa	b i s i 'o z ə
victoriosa	b i k t u ɾ i 'o z ə
victoriosos	b i k t u ɾ i 'o z u s
vident	b i ð 'e n
videoinstal·lació	b i ð ə u j n s t ə l ə s i 'o
videojoc	b i ð ə u ʒ 'ɔ k
videojocs	b i ð ə u ʒ 'ɔ k s
vidriera	b i ð ɾ i 'e ɾ ə
vidrieres	b i ð ɾ i 'e ɾ ə s
vidriosos	b i ð ɾ i 'o z u s
viella	b i 'e ʎ ə
vigents	b i ʒ 'e n s
vigor	b i ɣ 'o r
vila-robau	b i l ə r u β 'a uw
vinaters	b i n ə t 'e s
vinent	b i n 'e n
vinents	b i n 'e n s
vingueren	b i ŋ g 'e ɾ ə n
vinguessis	b i ŋ g 'e s i s
vint-i-cinc	b i n t i s 'i ŋ
vint-i-dos	b i n t i ð 'o s
vint-i-nou	b i n t i n 'ɔ uw
vint-i-set	b i n t i s 'ɛ t
vint-i-sis	b i n t i s 'i s
vint-i-tres	b i n t i t ɾ 'ɛ s
vint-i-u	b i n y 'u
vint-i-unè	b i n t i u n 'ɛ
vint-i-ú	b i n y 'u
violent	b i u l 'e n
violenta	b i u l 'e n t ə
violentes	b i u l 'e n t ə s
violento	b i u l 'e n t u
violents	b i u l 'e n s
virrei	b i r 'e j
virtuoses	b i r t u 'o z ə s
virulenta	b i ɾ u l 'e n t ə
virulentament	b i ɾ u l ə n t ə m 'e n
virulentes	b i ɾ u l 'e n t ə s
virulents	b i ɾ u l 'e n s
visera	b i z 'e ɾ ə
visiblement	b i z i b b l ə m 'e n
visiones	b i z i 'o n ə s
vistosa	b i s t 'o z ə
vistoses	b i s t 'o z ə s
vistosos	b i s t 'o z u s
viure-ho	b 'i uw ɾ ə uw
vivenda	b i β 'e n d ə
vivendes	b i β 'e n d ə s
vivent	b i β 'e n
vivers	b i β 'e s
vodka	b 'o t k ə
vol	b 'ɔ l
volandera	b u l ə n d 'e ɾ ə
volea	b u l 'e ə
voleiu	b u l 'ɛ y u
voler	b u l 'ɛ
volessin	b u l 'e s i n
vols	b 'ɔ l s
voluminosa	b u l u m i n 'o z ə
voluminoses	b u l u m i n 'o z ə s
voluminosos	b u l u m i n 'o z u s
voluntariosa	b u l u n t ə ɾ i 'o z ə
voluntarioses	b u l u n t ə ɾ i 'o z ə s
voluntàriament	b u l u n t ə ɾ i ə m 'e n
voluptuosa	b u l u p t u 'o z ə
vorera	b u ɾ 'e ɾ ə
voreres	b u ɾ 'e ɾ ə s
voten	b 'o t ə n
votessin	b u t 'e s i n
voto	b 'o t u
vots	b 'ɔ t s
vuit-centes	b u j t s 'e n t ə s
vuit-cents	b u j t s 'e n s
vuitanta-dos	b u j t ə n t ə ð 'o s
vuitanta-nou	b u j t ə n t ə n 'ɔ uw
vuitanta-sis	b u j t ə n t ə s 'i s
vuitanta-tres	b u j t ə n t ə t ɾ 'ɛ s
vuitanta-u	b u j t ə n t ə 'u
vulgar	b u l ɣ 'a r
vulgars	b u l ɣ 'a r s
vulnera	b u l n 'e ɾ ə
vulneren	b u l n 'e ɾ ə n
vàters	b 'a t ə s
víctor	b 'i k t u
walter	b ə l t 'e
web	b 'e p
webs	b 'e p s
weissmann	b ə j s m 'a n n
wellington	b ə ʎ i ŋ g t 'o n
whisky	w 'i s k i
windows	b i n d 'o p s
xafogosa	ʃ ə f u ɣ 'o z ə
xaloc	ʃ ə l 'ɔ k
xarop	ʃ ə ɾ 'ɔ p
xavier	ʃ ə β i 'e
xe	ʃ 'e
xicot	ʃ i k 'ɔ t
xicots	ʃ i k 'ɔ t s
xiprer	ʃ i p ɾ 'e
xiprers	ʃ i p ɾ 'e s
xiuxiueig	ʃ i uw ʃ i w 'ɛ tʃ
xiuxiueja	ʃ i uw ʃ i w 'ɛ ʒ ə
xiuxiuejar	ʃ i uw ʃ i w ə ʒ 'a
xiuxiuejar-li	ʃ i uw ʃ i w ə ʒ 'a r l i
xiuxiuejava	ʃ i uw ʃ i w ə ʒ 'a β ə
xoc	ʃ 'ɔ k
xocolateres	ʃ u k u l ə t 'e ɾ ə s
xocs	ʃ 'ɔ k s
xofer	ʃ u f 'e
xofers	ʃ u f 'e s
xopa	ʃ 'o p ə
xou	ʃ 'ɔ uw
xòfers	ʃ 'ɔ f ə s
yakarta	y ə k 'a r t ə
zagreb	z ə ɣ ɾ 'e p
zamora	z ə m 'o ɾ ə
zona	z 'o n ə
zones	z 'o n ə s
zoo	z 'o o
zürich	z u ɾ 'i k
àgilment	ə ʒ i l m 'e n
àlgid	'a l ʒ i t
àmpliament	ə m p l i ə m 'e n
àrab-català	ə ɾ ə p k ə t ə l 'a
àrabo-israelià	ə ɾ ə β u i z r ə e l i 'a
àudio	'a uw ð i o
àvidament	ə β i ð ə m 'e n
ço	s 'ɔ
èlia	'ɛ l i ə
èticament	ə t i k ə m 'e n
ètnicament	ə d n i k ə m 'e n
èxit	'ɛ g z i t
èxits	'ɛ g z i t s
èxode	'ɛ g z u ð ə
èxodes	'ɛ g z u ð ə s
ésser	'e s ə r
índexs	'i n d ə k s
índia	'i n d i ə
íntegrament	i n t ə ɣ ɾ ə m 'e n
íntimament	i n t i m ə m 'e n
òbviament	u b b i ə m 'e n
òpera-fòrums	u p ə ɾ ə f 'ɔ ɾ u m s
òscar	'ɔ s k ə r
últimament	u l t i m ə m 'e n
únicament	u n i k ə m 'e n
ús	'u s
úter	'u t ə r
