a	a
abadiano	a b a d i a n o
abendu	a b e n d u
abendualdi	a b e n d u a l d i
aberasturi	a b e ɾ a s̺ t u ɾ i
abkhazia	a b k a s̻ i a
aboitiz	a b o i̯ t i s̺
abundi	a b u n d i
abundio	a b u n d i o
adolba	a d o l b a
afganistan	a f ɡ a n i s̺ t a n
afganistanek	a f ɡ a n i s̺ t a n e k
agirre	a ɡ i r e
agoitz	a ɡ o i̯ t͡s̻
aimar	a i̯ m a r
ainara	a i̯ n a ɾ a
aingeru	a i̯ n ɡ e ɾ u
ainhoa	a i̯ n o a
aintzane	a i̯ n t͡s̻ a n e
aitor	a i̯ t o r
aitziber	a i̯ t͡s̻ i b e r
aitzol	a i̯ t͡s̻ o l
aketx	a k e t͡ʃ
aketza	a k e t͡s̻ a
akitania	a k i t a n i a
alain	a l a i̯ n
albania	a l b a n i a
alemania	a l e m a n i a
algarbe	a l ɡ a r b e
aljeria	a l x e ɾ i a
altsasu	a l t͡s̺ a s̺ u
altzaga	a l t͡s̻ a ɡ a
amaia	a m a i̯ a
andaia	a n d a i̯ a
andaluzia	a n d a l u s̺ i a
ander	a n d e r
andoain	a n d o a i̯ n
andoni	a n d o n i
andorra	a n d o r a
angola	a n ɡ o l a
antartika	a n t a r t i k a
antigua	a n t i ɡ w a
anton	a n t o n
antsoain	a n t͡s̺ o a i̯ n
antton	a n c o n
antxieta	a n t͡ʃ i e t a
antxon	a n t͡ʃ o n
apolo	a p o l o
araba	a ɾ a b a
arantxa	a ɾ a n t͡ʃ a
arantzazu	a ɾ a n t͡s̻ a s̺ u
arbona	a r b o n a
arellano	a ɾ e ʎ a n o
argentina	a r ɡ e n t i n a
aristotele	a ɾ i s̺ t o t e l e
armenia	a r m e n i a
arnaut	a r n a u̯ t
aroztegi	a ɾ o s̺ t e ɡ i
arrangoitze	a r a n ɡ o i̯ t͡s̻ e
arrasate	a r a s̺ a t e
arrieta	a r i e t a
arrigorriaga	a r i ɡ o r i a ɡ a
artizarra	a r t i s̺ a r a
atena	a t e n a
australia	a u̯ s̺ t r a l i a
austria	a u̯ s̺ t r i a
azerbaijan	a s̺ e r b a i̯ d͡ʒ a n
azkarate	a s̺ k a ɾ a t e
azkarraga	a s̻ k a r a ɡ a
azkoitia	a s̺ k o i̯ t i a
azpeitia	a s̺ p e i̯ t i a
b	b e
baiona	b a i̯ o n a
bangladesh	b a n ɡ l a d e s̺
barbuda	b a r b u d a
barrundia	b a r u n d i a
basajaun	b a s̺ a d͡ʒ a u̯ n
basusarri	b a s̺ u s̺ a r i
beasain	b e a s̺ a i̯ n
belgika	b e l ɡ i k a
bentaberri	b e n t a b e r i
bentaberrik	b e n t a b e r i k
bentaberriko	b e n t a b e r i k o
bentaberrin	b e n t a b e r i n
bentaberrira	b e n t a b e r i ɾ a
bentaberriraino	b e n t a b e r i ɾ a i̯ n o
bentaberrirako	b e n t a b e r i ɾ a k o
bentaberrirantz	b e n t a b e r i ɾ a n t͡s̻
bentaberrirekin	b e n t a b e r i ɾ e k i n
bentaberriren	b e n t a b e r i ɾ e n
bentaberrirengan	b e n t a b e r i ɾ e n ɡ a n
bentaberrirengana	b e n t a b e r i ɾ e n ɡ a n a
bentaberrirenganaino	b e n t a b e r i ɾ e n ɡ a n a i̯ n o
bentaberrirenganako	b e n t a b e r i ɾ e n ɡ a n a k o
bentaberrirenganantz	b e n t a b e r i ɾ e n ɡ a n a n t͡s̻
bentaberrirengandik	b e n t a b e r i ɾ e n ɡ a n d i k
bentaberrirengatik	b e n t a b e r i ɾ e n ɡ a t i k
bentaberrirentzat	b e n t a b e r i ɾ e n t͡s̻ a t
bentaberriri	b e n t a b e r i ɾ i
bentaberririk	b e n t a b e r i ɾ i k
bentaberritik	b e n t a b e r i t i k
bentaberritzat	b e n t a b e r i t͡s̻ a t
bentaberriz	b e n t a b e r i s̺
benás	b e n a s̺
berastegi	b e ɾ a s̺ t e ɡ i
bergara	b e r ɡ a ɾ a
bernart	b e r n a r t
bernedo	b e r n e d o
beñat	b e ɲ a t
bidarte	b i d a r t e
bielorrusia	b i e l o r u s̺ i a
bikendi	b i k e n d i
bilbo	b i l b o
bingen	b i n ɡ e n
bixente	b i ʃ e n t e
bixintxo	b i ʃ i n t͡ʃ o
bizen	b i s̺ e n
bizente	b i s̺ e n t e
bizkaia	b i s̺ k a i̯ a
bolibar	b o l i b a r
bulgaria	b u l ɡ a ɾ i a
bulgarian	b u l ɡ a ɾ i a n
c	k
cancer	k a n s̺ e r
capricornus	k a p r i k o r n u s̺
corpus	k o r p u s̺
d	d e
dabi	d a b i
dabid	d a b i d
danimarka	d a n i m a r k a
donejakue	d o n e d͡ʒ a k u e
donostia	d o n o s̺ t i a
e	e
eder	e d e r
edorta	e d o r t a
egipto	e ɡ i p t o
eguberri	e ɡ u b e r i
eibar	e i̯ b a r
ekuador	e k w a d o r
elexpuru	e l e ʃ p u ɾ u
elgoibar	e l ɡ o i̯ b a r
enara	e n a ɾ a
eneko	e n e k o
eneritz	e n e ɾ i t͡s̻
errenteria	e r e n t e ɾ i a
errumania	e r u m a n i a
errusia	e r u s̺ i a
ertzaintza	e r t͡s̻ a i̯ n t͡s̻ a
eskibel	e s̺ k i b e l
eskozia	e s̺ k o s̺ i a
eslovakia	e s̺ l o b a k i a
eslovenia	e s̺ l o b e n i a
espainia	e s̺ p a i̯ n i a
estonia	e s̺ t o n i a
estoniako	e s̺ t o n i a k o
estonian	e s̺ t o n i a n
etsai	e t͡s̺ a i̯
etxague	e t͡ʃ a ɡ u e
etxano	e t͡ʃ a n o
etxeberria	e t͡ʃ e b e r i a
euskadi	e u̯ s̺ k a d i
euskaltzaindia	e u̯ s̺ k a l t͡s̻ a i̯ n d i a
euzkadi	e u̯ s̺ k a d i
ezkarai	e s̺ k a ɾ a i̯
ezkibel	e s̺ k i b e l
ezpeleta	e s̺ p e l e t a
eztegui	e s̻ t e ɡ u i̯
eñaut	e ɲ a u̯ t
f	e f e
filipinak	f i l i p i n a k
finlandia	f i n l a n d i a
frantzia	f r a n t͡s̻ i a
frantzisko	f r a n t͡s̻ i s̺ k o
g	ɡ e
galdakao	ɡ a l d a k a o
galder	ɡ a l d e r
gales	ɡ a l e s̺
garbiñe	ɡ a r b i ɲ e
garikoitz	ɡ a ɾ i k o i̯ t͡s̻
garizuma	ɡ a ɾ i s̺ u m a
garona	ɡ a ɾ o n a
gasteiz	ɡ a s̺ t e i̯ s̺
gaztela	ɡ a s̺ t e l a
gebara	ɡ e b a ɾ a
georgia	ɡ e o r ɡ i a
geraxane	ɡ e ɾ a ʃ a n e
german	ɡ e r m a n
germana	ɡ e r m a n a
gernika	ɡ e r n i k a
getaria	ɡ e t a ɾ i a
ghana	ɡ a n a
ghanan	ɡ a n a n
gil	ɡ i l
gilermo	ɡ i l e r m o
gillermo	ɡ i ʎ e r m o
ginea	ɡ i n e a
gipuzkoa	ɡ i p u s̺ k o a
gipuzkoan	ɡ i p u s̺ k o a n
giralda	ɡ i ɾ a l d a
gisela	ɡ i s̺ e l a
gixane	ɡ i ʃ a n e
gizakunde	ɡ i s̺ a k u n d e
gizane	ɡ i s̺ a n e
godantzia	ɡ o d a n t͡s̻ i a
goikoetxea	ɡ o i̯ k o e t͡ʃ e a
gorka	ɡ o r k a
gorospe	ɡ o ɾ o s̺ p e
grezia	ɡ r e s̺ i a
h	a t͡ʃ e
haitz	a i̯ t͡s̻
haritz	a ɾ i t͡s̻
harkaitz	a r k a i̯ t͡s̻
hegoalde	e ɡ o a l d e
hendaia	e n d a i̯ a
herbehereak	e r b e ɾ e a k
hibai	i b a i̯
hungaria	h u n ɡ a ɾ i a
hungariako	h u n ɡ a ɾ i a k o
hungarian	h u n ɡ a ɾ i a n
i	i
ibai	i b a i̯
ibarreta	i b a r e t a
idiazabal	i d i a s̺ a b a l
iker	i k e r
ilargia	i l a r ɡ i a
imanol	i m a n o l
india	i n d i a
ingalaterra	i n ɡ a l a t e r a
ion	d͡ʒ o n
ioritz	i o ɾ i t͡s̻
iran	i ɾ a n
iratxe	i ɾ a t͡ʃ e
irlanda	i r l a n d a
irulegi	i ɾ u l e ɡ i
iruña	i ɾ u ɲ a
iruñea	i ɾ u ɲ e a
islandia	i s̺ l a n d i a
italia	i t a l i a
italian	i t a l i a n
itsasu	i t͡s̺ a s̺ u
iturralde	i t u r a l d e
itxaso	i t͡ʃ a s̺ o
itziar	i t͡s̻ i a r
izaro	i s̺ a ɾ o
iñaki	i ɲ a k i
j	j o t a
jainkoa	d͡ʒ a i̯ n k o a
japonia	d͡ʒ a p o n i a
jaungoikoa	d͡ʒ a u̯ n ɡ o i̯ k o a
joana	d͡ʒ o a n a
joane	d͡ʒ o a n e
jokin	d͡ʒ o k i n
jon	d͡ʒ o n
jone	d͡ʒ o n e
jordania	d͡ʒ o r d a n i a
joritz	d͡ʒ o ɾ i t͡s̻
joseba	d͡ʒ o s̺ e b a
jugoslavia	d͡ʒ u ɡ o s̺ l a b i a
jugoslavian	d͡ʒ u ɡ o s̺ l a b i a n
julen	d͡ʒ u l e n
k	k a
kamerun	k a m e ɾ u n
kanbodia	k a m b o d i a
karmele	k a r m e l e
karramarroa	k a r a m a r o a
kartago	k a r t a ɡ o
katalunia	k a t a l u n i a
kazakhstan	k a s̺ a x s̺ t a n
kepa	k e p a
kimetz	k i m e t͡s̻
kirgizistan	k i r ɡ i s̺ i s̺ t a n
kirmen	k i r m e n
koldo	k o l d o
kordoba	k o r d o b a
kroazia	k r o a s̺ i a
kuba	k u b a
l	e l e
laia	l a i̯ a
labaien	l a b a i̯ e n
laos	l a o s̺
lapurdi	l a p u r d i
lardizabal	l a r d i s̺ a b a l
lasarte	l a s̺ a r t e
legarda	l e ɡ a r d a
legazpi	l e ɡ a s̺ p i
lehen	l e h e n
lekubarri	l e k u b a r i
lekunberri	l e k u m b e r i
leonora	l e o n o ɾ a
leopoldo	l e o p o l d o
lerate	l e ɾ a t e
letizia	l e t i s̺ i a
letonia	l e t o n i a
leza	l e s̺ a
lezaeta	l e s̺ a e t a
lezana	l e s̺ a n a
lezeta	l e s̺ e t a
lezo	l e s̺ o
libano	l i b a n o
libe	l i b e
lide	l i d e
lidia	l i d i a
liechtenstein	l i t͡ʃ e s̺ t a i̯ n
lierni	l i e r n i
lilian	l i l i a n
lino	l i n o
lionel	l i o n e l
lirain	l i ɾ a i̯ n
lisabe	l i s̺ a b e
lituania	l i t u a n i a
lizardi	l i s̺ a r d i
lizarra	l i s̺ a r a
londres	l o n d r e s̺
luhuso	l u h u s̺ o
lurra	l u r a
luxenburgo	l u k s̺ e m b u r ɡ o
m	e m e
madariaga	m a d a ɾ i a ɡ a
madril	m a d r i l
maiorga	m a i̯ o r ɡ a
maite	m a i̯ t e
makaronesia	m a k a ɾ o n e s̺ i a
makea	m a k e a
mali	m a l i
malin	m a l i n
malta	m a l t a
manex	m a n e ʃ
manez	m a n e s̺
maroko	m a ɾ o k o
mayte	m a i̯ t e
mendiola	m e n d i o l a
mendoza	m e n d o s̺ a
miarritze	m i a r i t͡s̻ e
mikel	m i k e l
miren	m i ɾ e n
moldavia	m o l d a b i a
moldavian	m o l d a b i a n
monako	m o n a k o
mongolia	m o n ɡ o l i a
montenegro	m o n t e n e ɡ r o
n	e n e
nafarroa	n a f a r o a
nagore	n a ɡ o ɾ e
nekane	n e k a n e
nerea	n e ɾ e a
norvegia	n o r b e ɡ i a
o	o
ohe	o e
olano	o l a n o
olarte	o l a r t e
ondarroa	o n d a r o a
orendain	o ɾ e n d a i̯ n
orreaga	o r e a ɡ a
ortiz	o r t i s̺
oñati	o ɲ a t i
p	p e
palestina	p a l e s̺ t i n a
pandora	p a n d o ɾ a
peirahorada	p e i̯ ɾ a h o ɾ a d a
petri	p e t r i
pirinioak	p i ɾ i n i o a k
polonia	p o l o n i a
polonian	p o l o n i a n
portugal	p o r t u ɡ a l
q	k u
r	e r e
s	e s̺ e
sabin	s̺ a b i n
salaberria	s̺ a l a b e r i a
salvoch	s̺ a l b o k
san	s̺ a n
sarriegi	s̺ a r i e ɡ i
satan	s̺ a t a n
serbia	s̺ e r b i a
singapur	s̺ i n ɡ a p u r
sofokles	s̺ o f o k l e s̺
suedia	s̺ u e d i a
suitza	s̺ u i̯ t͡s̻ a
t	t e
txema	t͡ʃ e m a
ternua	t e r n u a
transnistria	t r a n s̺ n i s̺ t r i a
tunisia	t u n i s̺ i a
tunisian	t u n i s̺ i a n
turkia	t u r k i a
txekia	t͡ʃ e k i a
txile	t͡ʃ i l e
txina	t͡ʃ i n a
txomin	t͡ʃ o m i n
u	u
ubalde	u b a l d e
ugalde	u ɡ a l d e
ukraina	u k r a i̯ n a
ukrainan	u k r a i̯ n a n
unai	u n a i̯
urizaharra	u ɾ i s̺ a r a
v	u b e
valentzia	b a l e n t͡s̻ i a
vietnam	b i e t n a m
wikiztegia	w i k i s̺ t e ɡ i a
x	i ʃ a
xabier	ʃ a b i e r
xelena	ʃ e l e n a
xemark	ʃ e m a r k
xemartin	ʃ e m a r t i n
xemein	ʃ e m e i̯ n
ximena	ʃ i m e n a
ximon	ʃ i m o n
ximun	ʃ i m u n
xobadin	ʃ o b a d i n
xuban	ʃ u b a n
xuntako	ʃ u n t a k o
z	s̻ e t a
zabala	s̺ a b a l a
zaldarriaga	s̺ a l d a r i a ɡ a
zaldibar	s̺ a l d i b a r
zangoza	s̺ a n ɡ o s̺ a
zarautz	s̺ a ɾ a u̯ t͡s̻
zipre	s̺ i p r e
zornotza	s̺ o r n o t͡s̻ a
zuberoa	s̺ u b e ɾ o a
zubiaga	s̺ u b i a ɡ a
zubieta	s̺ u b i e t a
zubiri	s̺ u b i ɾ i
zulueta	s̺ u l u e t a
zumarraga	s̺ u m a r a ɡ a
zuraide	s̺ u ɾ a i̯ d e
zuriñe	s̺ u ɾ i ɲ e
zuñiga	s̺ u ɲ i ɡ a
aba	a b a
ababor	a b a b o r
abade	a b a d e
abadegai	a b a d e ɡ a i̯
abadegintza	a b a d e ɡ i n t͡s̻ a
abadeki	a b a d e k i
abadesa	a b a d e s̺ a
abadetar	a b a d e t a r
abadetasun	a b a d e t a s̺ u n
abadetu	a b a d e t u
abadetza	a b a d e t͡s̻ a
abadia	a b a d i a
abadot	a b a d o t
abagune	a b a ɡ u n e
abail	a b a i̯ l
abaila	a b a i̯ l a
abaildu	a b a i̯ l d u
abaildura	a b a i̯ l d u ɾ a
abakando	a b a k a n d o
abako	a b a k o
abal	a b a l
abalatu	a b a l a t u
abaldun	a b a l d u n
abalkide	a b a l k i d e
abandonatu	a b a n d o n a t u
abandonu	a b a n d o n u
abangoardia	a b a n ɡ o a r d i a
abangoardismo	a b a n ɡ o a r d i s̺ m o
abangoardista	a b a n ɡ o a r d i s̺ t a
abant	a b a n t
abantada	a b a n t a d a
abantaila	a b a n t a i̯ l a
abantailatsu	a b a n t a i̯ l a t͡s̺ u
abantailatu	a b a n t a i̯ l a t u
abantailatuki	a b a n t a i̯ l a t u k i
abantailos	a b a n t a i̯ l o s̺
abantailoski	a b a n t a i̯ l o s̺ k i
abantari	a b a n t a ɾ i
abantean	a b a n t e a n
abantzamendu	a b a n t͡s̻ a m e n d u
abantzatu	a b a n t͡s̻ a t u
abantzu	a b a n t͡s̻ u
abantzuño	a b a n t͡s̻ u ɲ o
abao	a b a o
abar	a b a r
abaraska	a b a ɾ a s̺ k a
abaritz	a b a ɾ i t͡s̻
abarizia	a b a ɾ i s̺ i a
abarizti	a b a ɾ i s̺ t i
abarka	a b a r k a
abarkadun	a b a r k a d u n
abarkagile	a b a r k a ɡ i l e
abarkagin	a b a r k a ɡ i n
abarkagintza	a b a r k a ɡ i n t͡s̻ a
abarkari	a b a r k a ɾ i
abarketa	a b a r k e t a
abarketari	a b a r k e t a ɾ i
abaro	a b a ɾ o
abarotsu	a b a ɾ o t͡s̺ u
abarrakitu	a b a r a k i t u
abarreria	a b a r e ɾ i a
abarreztatu	a b a r e s̺ t a t u
abarrots	a b a r o t͡s̺
abartegi	a b a r t e ɡ i
abartsu	a b a r t͡s̺ u
abartu	a b a r t u
abata	a b a t a
abatari	a b a t a ɾ i
abatz	a b a t͡s̻
abdika	a b d i k a
abdikatu	a b d i k a t u
abdikazio	a b d i k a s̺ i o
abdomen	a b d o m e n
abdukzio	a b d u k s̺ i o
abduzi	a b d u s̺ i
abegi	a b e ɡ i
abegikor	a b e ɡ i k o r
abegitsu	a b e ɡ i t͡s̺ u
abelazkuntza	a b e l a s̺ k u n t͡s̻ a
abelbide	a b e l b i d e
abelburu	a b e l b u ɾ u
abeldar	a b e l d a r
abeldun	a b e l d u n
abeletxe	a b e l e t͡ʃ e
abelgorri	a b e l ɡ o r i
abelgorriki	a b e l ɡ o r i k i
abeltegi	a b e l t e ɡ i
abeltzain	a b e l t͡s̻ a i̯ n
abeltzainak	a b e l t͡s̻ a i̯ n a k
abeltzaini	a b e l t͡s̻ a i̯ n i
abeltzainik	a b e l t͡s̻ a i̯ n i k
abeltzaintza	a b e l t͡s̻ a i̯ n t͡s̻ a
abemaria	a b e m a ɾ i a
abemarietako	a b e m a ɾ i e t a k o
abenka	a b e n k a
abentura	a b e n t u ɾ a
abenturazale	a b e n t u ɾ a s̺ a l e
aberasbide	a b e ɾ a s̺ b i d e
aberasgarri	a b e ɾ a s̺ ɡ a r i
aberaskeria	a b e ɾ a s̺ k e ɾ i a
aberasketa	a b e ɾ a s̺ k e t a
aberaski	a b e ɾ a s̺ k i
aberaskume	a b e ɾ a s̺ k u m e
aberastasun	a b e ɾ a s̺ t a s̺ u n
aberaste	a b e ɾ a s̺ t e
aberastu	a b e ɾ a s̺ t u
aberats	a b e ɾ a t͡s̺
abere	a b e ɾ e
aberekeria	a b e ɾ e k e ɾ i a
abereki	a b e ɾ e k i
aberekoi	a b e ɾ e k o i̯
aberetasun	a b e ɾ e t a s̺ u n
aberetiar	a b e ɾ e t i a r
aberetu	a b e ɾ e t u
aberetzar	a b e ɾ e t͡s̻ a r
aberezale	a b e ɾ e s̺ a l e
aberezko	a b e ɾ e s̺ k o
aberrazio	a b e r a s̺ i o
aberri	a b e r i
aberrigabe	a b e r i ɡ a b e
aberriratu	a b e r i ɾ a t u
abertzale	a b e r t͡s̻ a l e
abertzalego	a b e r t͡s̻ a l e ɡ o
abertzalekeria	a b e r t͡s̻ a l e k e ɾ i a
abertzaletasun	a b e r t͡s̻ a l e t a s̺ u n
abertzaletu	a b e r t͡s̻ a l e t u
abes	a b e s̺
abesbatza	a b e s̺ b a t͡s̻ a
abeslari	a b e s̺ l a ɾ i
abestalde	a b e s̺ t a l d e
abestaldi	a b e s̺ t a l d i
abeste	a b e s̺ t e
abesten	a b e s̺ t e n
abesti	a b e s̺ t i
abestu	a b e s̺ t u
abestuko	a b e s̺ t u k o
abia	a b i a
abiaburu	a b i a b u ɾ u
abiada	a b i a d a
abiadan	a b i a d a n
abiadura	a b i a d u ɾ a
abiagailu	a b i a ɡ a i̯ l u
abiagune	a b i a ɡ u n e
abialdi	a b i a l d i
abiamen	a b i a m e n
abian	a b i a n
abiapuntu	a b i a p u n t u
abiarazi	a b i a ɾ a s̺ i
abiarazle	a b i a ɾ a s̺ l e
abiasari	a b i a s̺ a ɾ i
abiatu	a b i a t u
abiatzaile	a b i a t͡s̻ a i̯ l e
abiazio	a b i a s̺ i o
abil	a b i l
abildu	a b i l d u
abilezia	a b i l e s̺ i a
abilidade	a b i l i d a d e
abilki	a b i l k i
abiltasun	a b i l t a s̺ u n
abio	a b i o
abioneta	a b i o n e t a
abisal	a b i s̺ a l
abisatu	a b i s̺ a t u
abisu	a b i s̺ u
abitu	a b i t u
abixoi	a b i ʃ o i̯
abizari	a b i s̺ a ɾ i
abizen	a b i s̺ e n
abkhazera	a b k a s̻ e ɾ a
abkhaziar	a b k a s̻ i a r
abkhaziera	a b k a s̻ i e ɾ a
ablatibo	a b l a t i b o
ablazio	a b l a s̺ i o
aboatu	a b o a t u
abokatu	a b o k a t u
abokatuk	a b o k a t u k
abokaturik	a b o k a t u ɾ i k
abokatutza	a b o k a t u t͡s̻ a
aboli	a b o l i
abolitu	a b o l i t u
abolizio	a b o l i s̺ i o
abolizionismo	a b o l i s̺ i o n i s̺ m o
abolizionista	a b o l i s̺ i o n i s̺ t a
abonamendu	a b o n a m e n d u
abonatu	a b o n a t u
abondo	a b o n d o
abonitu	a b o n i t u
abonu	a b o n u
abordatu	a b o r d a t u
abordatze	a b o r d a t͡s̻ e
aborigen	a b o ɾ i ɡ e n
aborin	a b o ɾ i n
aborritu	a b o r i t u
abortatu	a b o r t a t u
abortatze	a b o r t a t͡s̻ e
abortu	a b o r t u
abortza	a b o r t͡s̻ a
abrasio	a b r a s̺ i o
abrigo	a b r i ɡ o
abrigu	a b r i ɡ u
abrikot	a b r i k o t
abrikotondo	a b r i k o t o n d o
abruska	a b r u s̺ k a
absente	a b s̺ e n t e
absentismo	a b s̺ e n t i s̺ m o
absentzia	a b s̺ e n t͡s̻ i a
abside	a b s̺ i d e
absolbitu	a b s̺ o l b i t u
absolutibo	a b s̺ o l u t i b o
absolutismo	a b s̺ o l u t i s̺ m o
absolutista	a b s̺ o l u t i s̺ t a
absolutu	a b s̺ o l u t u
absolutuki	a b s̺ o l u t u k i
absolututasun	a b s̺ o l u t u t a s̺ u n
absoluzio	a b s̺ o l u s̺ i o
absorbatu	a b s̺ o r b a t u
absortzio	a b s̺ o r t͡s̻ i o
abstenitu	a b s̺ t e n i t u
abstentzio	a b s̺ t e n t͡s̻ i o
abstinentzia	a b s̺ t i n e n t͡s̻ i a
abstraitu	a b s̺ t r a i̯ t u
abstraktu	a b s̺ t r a k t u
abstrakzio	a b s̺ t r a k s̺ i o
absurdo	a b s̺ u r d o
abu	a b u
aburna	a b u r n a
aburu	a b u ɾ u
aburukide	a b u ɾ u k i d e
aburumenka	a b u ɾ u m e n k a
aburuz	a b u ɾ u s̺
abusatu	a b u s̺ a t u
abusu	a b u s̺ u
abuztu	a b u s̺ t u
abzesu	a b s̺ e s̺ u
abzisa	a b s̺ i s̺ a
accesit	a k s̺ e s̺ i t
adabaki	a d a b a k i
adabakitu	a d a b a k i t u
adabatu	a d a b a t u
adabegi	a d a b e ɡ i
adabegitsu	a d a b e ɡ i t͡s̺ u
adabeso	a d a b e s̺ o
adaburu	a d a b u ɾ u
adaburutu	a d a b u ɾ u t u
adagio	a d a ɡ i o
adaje	a d a x e
adakera	a d a k e ɾ a
adaki	a d a k i
adakitu	a d a k i t u
adaptatu	a d a p t a t u
adar	a d a r
adarbakar	a d a r b a k a r
adarbakoitz	a d a r b a k o i̯ t͡s̻
adardun	a d a r d u n
adargabe	a d a r ɡ a b e
adarjotzaile	a d a r d͡ʒ o t͡s̻ a ʎ e
adarjotze	a d a r d͡ʒ o t͡s̻ e
adarka	a d a r k a
adarkada	a d a r k a d a
adarkadura	a d a r k a d u ɾ a
adarkari	a d a r k a ɾ i
adarkatu	a d a r k a t u
adarki	a d a r k i
adarmotz	a d a r m o t͡s̻
adaro	a d a ɾ o
adarreko	a d a r e k o
adarrondo	a d a r o n d o
adarrondotsu	a d a r o n d o t͡s̺ u
adartsu	a d a r t͡s̺ u
adartu	a d a r t u
adarzabal	a d a r s̺ a b a l
adasdun	a d a s̺ d u n
adastu	a d a s̺ t u
adats	a d a t͡s̺
adausi	a d a u̯ s̺ i
adausika	a d a u̯ s̺ i k a
adaxka	a d a ʃ k a
adberbial	a d b e r b i a l
adberbio	a d b e r b i o
adegi	a d e ɡ i
adei	a d e i̯
adeitasun	a d e i̯ t a s̺ u n
adeitasunez	a d e i̯ t a s̺ u n e s̺
adeitasunezko	a d e i̯ t a s̺ u n e s̺ k o
adeitsu	a d e i̯ t͡s̺ u
adeitsuki	a d e i̯ t͡s̺ u k i
adelatu	a d e l a t u
adelazale	a d e l a s̺ a l e
adelu	a d e l u
adenina	a d e n i n a
adi	a d i
adia	a d i a
adiabatiko	a d i a b a t i k o
adiagile	a d i a ɡ i l e
adiaka	a d i a k a
adiakari	a d i a k a ɾ i
adiakatu	a d i a k a t u
adian	a d i a n
adibide	a d i b i d e
adibidetegi	a d i b i d e t e ɡ i
adibidez	a d i b i d e s̺
adiera	a d i e ɾ a
adierabakar	a d i e ɾ a b a k a r
adierazezin	a d i e ɾ a s̺ e s̺ i n
adierazgarri	a d i e ɾ a s̺ ɡ a r i
adierazgarritasun	a d i e ɾ a s̺ ɡ a r i t a s̺ u n
adierazi	a d i e ɾ a s̺ i
adierazkaitz	a d i e ɾ a s̺ k a i̯ t͡s̻
adierazkizun	a d i e ɾ a s̺ k i s̺ u n
adierazkor	a d i e ɾ a s̺ k o r
adierazkortasun	a d i e ɾ a s̺ k o r t a s̺ u n
adierazle	a d i e ɾ a s̺ l e
adierazmolde	a d i e ɾ a s̺ m o l d e
adierazpen	a d i e ɾ a s̺ p e n
adierazpide	a d i e ɾ a s̺ p i d e
adierazte	a d i e ɾ a s̺ t e
adierraz	a d i e r a s̺
adierraztasun	a d i e r a s̺ t a s̺ u n
adiezin	a d i e s̺ i n
adigabe	a d i ɡ a b e
adigabetu	a d i ɡ a b e t u
adigai	a d i ɡ a i̯
adigaitz	a d i ɡ a i̯ t͡s̻
adigaiztasun	a d i ɡ a i̯ s̺ t a s̺ u n
adigalkor	a d i ɡ a l k o r
adigarri	a d i ɡ a r i
adigarritasun	a d i ɡ a r i t a s̺ u n
adigogor	a d i ɡ o ɡ o r
adiguri	a d i ɡ u ɾ i
adiguritsu	a d i ɡ u ɾ i t͡s̺ u
adikatu	a d i k a t u
adikor	a d i k o r
adikune	a d i k u n e
adimen	a d i m e n
adimendu	a d i m e n d u
adimendun	a d i m e n d u n
adimengabe	a d i m e n ɡ a b e
adimentsu	a d i m e n t͡s̺ u
adin	a d i n
adiskide	a d i s̺ k i d e
adiskidetasun	a d i s̺ k i d e t a s̺ u n
aditu	a d i t u
aditz	a d i t͡s̻
aditzondo	a d i t͡s̻ o n d o
adizki	a d i s̺ k i
adizkitegi	a d i s̺ k i t e ɡ i
administratzaile	a d m i n i s̺ t r a t͡s̻ a i̯ l e
adore	a d o ɾ e
ados	a d o s̺
adoste	a d o s̺ t e
adosten	a d o s̺ t e n
adostu	a d o s̺ t u
adostuko	a d o s̺ t u k o
adreilu	a d r e i̯ l u
adur	a d u r
aerobik	a e ɾ o b i k
aerobiko	a e ɾ o b i k o
aerobio	a e ɾ o b i o
aerodinamika	a e ɾ o d i n a m i k a
aerodinamiko	a e ɾ o d i n a m i k o
aerodromo	a e ɾ o d r o m o
aeroespazial	a e ɾ o e s̺ p a s̻ i a l
aeroklub	a e ɾ o k l u b
aerolabaingailu	a e ɾ o l a b a i̯ n ɡ a i̯ l u
aerolito	a e ɾ o l i t o
aerometro	a e ɾ o m e t r o
aeromodelismo	a e ɾ o m o d e l i s̺ m o
aeronauta	a e ɾ o n a u̯ t a
aeronautika	a e ɾ o n a u̯ t i k a
aeronautiko	a e ɾ o n a u̯ t i k o
aeroplano	a e ɾ o p l a n o
aerosol	a e ɾ o s̺ o l
aerosorgailu	a e ɾ o s̺ o r ɡ a i̯ l u
aerostatika	a e ɾ o s̺ t a t i k a
aerostato	a e ɾ o s̺ t a t o
afaitatu	a f a i̯ t a t u
afalaitzin	a f a l a i̯ t͡s̻ i n
afalaurre	a f a l a u̯ r e
afaldu	a f a l d u
afari	a f a ɾ i
afariketa	a f a ɾ i k e t a
afganistandar	a f ɡ a n i s̺ t a n d a r
agata	a ɡ a t a
agate	a ɡ a t e
ageriko	a ɡ e ɾ i k o
agerkunde	a ɡ e r k u n d e
agertoki	a ɡ e r t o k i
agertu	a ɡ e r t u
agi	a ɡ i
agian	a ɡ i a n
aginpide	a ɡ i m p i d e
agitu	a ɡ i t u
agor	a ɡ o r
agorril	a ɡ o r i l
agortu	a ɡ o r t u
agresibo	a ɡ r e s̺ i b o
agur	a ɡ u r
agure	a ɡ u ɾ e
agurgarri	a ɡ u r ɡ a r i
agurgarritasun	a ɡ u r ɡ a r i t a s̺ u n
ahabe	ã h ã b e
ahabia	a b i a
ahai	a h̃ a i
ahal	a h a l
ahaldun	a h a l d u n
ahalguztidun	a h a l ɡ u s̻ t i d u n
ahalguztiduntasun	a h a l ɡ u s̻ t i d u n t a s̺ u n
ahalke	a h a l k e
ahardi	a h a r d i
ahari	a h a ɾ i
aharra	a h a r a
ahate	a h a t e
ahatebeltz	a h a t e b e l t͡s̻
ahateki	a h a t e k i
ahatekume	a h a t e k u m e
ahatettipi	a h a t e c i p i
ahatetxo	a h a t e t͡ʃ o
ahatz	a h a t͡s̻
ahazte	a h a s̻ t e
ahazten	a h a s̻ t e n
ahaztu	a h a s̻ t u
ahaztuko	a h a s̻ t u k o
ahizpa	a h i s̻ p a
aho	a h o
ahobero	a h o b e ɾ o
ahora	a h o ɾ a
ahoskera	a h o s̺ k e ɾ a
ahots	a h o t͡s̺
ahul	a h u l
ahuldu	a h u l d u
ahuntz	a h u n t͡s̻
aihen	a i̯ e n
aiherkunde	a i̯ e r k u n d e
ailegatu	a i̯ l e ɡ a t u
ainarba	a i̯ n a r b a
aingira	a i̯ n ɡ i ɾ a
aingura	a i̯ n ɡ u ɾ a
ainguragile	a i̯ n ɡ u ɾ a ɡ i l e
ainguraleku	a i̯ n ɡ u ɾ a l e k u
ainguratoki	a i̯ n ɡ u ɾ a t o k i
aintzatespen	a i̯ n t͡s̻ a t e s̺ p e n
aintzira	a i̯ n t͡s̻ i ɾ a
aiots	a i̯ o t͡s̺
aire	a i̯ ɾ e
aireportu	a i̯ ɾ e p o r t u
aireratu	a i̯ ɾ e ɾ a t u
aise	a i̯ s̺ e
aita	a i̯ t a
aitaginarreba	a i̯ t a ɡ i n a r e b a
aitaginarrebakide	a i̯ t a ɡ i n a r e b a k i d e
aitaorde	a i̯ t a o r d e
aitasantutza	a i̯ t a s̺ a n t u t͡s̻ a
aitatasun	a i̯ t a t a s̺ u n
aitatxi	a i̯ t a t͡ʃ i
aitona	a i̯ t o n a
aitzur	a i̯ t͡s̻ u r
aizkolari	a i̯ s̺ k o l a ɾ i
aizkora	a i̯ s̺ k o ɾ a
aizto	a i̯ s̺ t o
aizu	a i̯ s̺ u
akabatu	a k a b a t u
akademiko	a k a d e m i k o
akain	a k a i̯ n
akelarre	a k e l a r e
aker	a k e r
akordeoi	a k o r d e o i̯
akrobata	a k r o b a t a
aktiba	a k t i b a
aktibatu	a k t i b a t u
aktibatuko	a k t i b a t u k o
aktibatze	a k t i b a t͡s̻ e
aktibatzen	a k t i b a t͡s̻ e n
aktibo	a k t i b o
aktore	a k t o ɾ e
akura	a k u ɾ a
akuratu	a k u ɾ a t u
al	a l
ala	a l a
alaba	a l a b a
alafede	a l a f e d e
alai	a l a i̯
albaitari	a l b a i̯ t a ɾ i
albaniar	a l b a n i a r
albaniera	a l b a n i e ɾ a
albarikoke	a l b a ɾ i k o k e
alboroke	a l b o ɾ o k e
alda	a l d a
aldaketa	a l d a k e t a
aldapa	a l d a p a
aldatu	a l d a t u
aldatuko	a l d a t u k o
aldatze	a l d a t͡s̻ e
aldatzen	a l d a t͡s̻ e n
alde	a l d e
aldea	a l d e a
aldeak	a l d e a k
aldean	a l d e a n
aldearekin	a l d e a ɾ e k i n
aldearen	a l d e a ɾ e n
aldearengatik	a l d e a ɾ e n ɡ a t i k
aldearentzat	a l d e a ɾ e n t͡s̻ a t
aldeari	a l d e a ɾ i
aldeaz	a l d e a s̺
aldeei	a l d e e i̯
aldeek	a l d e e k
aldeekin	a l d e e k i n
aldeen	a l d e e n
aldeengatik	a l d e e n ɡ a t i k
aldeentzat	a l d e e n t͡s̻ a t
aldeetako	a l d e e t a k o
aldeetan	a l d e e t a n
aldeetara	a l d e e t a ɾ a
aldeetaraino	a l d e e t a ɾ a i̯ n o
aldeetarako	a l d e e t a ɾ a k o
aldeetarantz	a l d e e t a ɾ a n t͡s̻
aldeetatik	a l d e e t a t i k
aldeez	a l d e e s̺
aldek	a l d e k
aldeko	a l d e k o
aldera	a l d e ɾ a
alderaino	a l d e ɾ a i̯ n o
alderako	a l d e ɾ a k o
alderantz	a l d e ɾ a n t͡s̻
alderekin	a l d e ɾ e k i n
alderen	a l d e ɾ e n
alderengatik	a l d e ɾ e n ɡ a t i k
alderentzat	a l d e ɾ e n t͡s̻ a t
alderi	a l d e ɾ i
alderik	a l d e ɾ i k
aldetako	a l d e t a k o
aldetan	a l d e t a n
aldetara	a l d e t a ɾ a
aldetaraino	a l d e t a ɾ a i̯ n o
aldetarako	a l d e t a ɾ a k o
aldetarantz	a l d e t a ɾ a n t͡s̻
aldetatik	a l d e t a t i k
aldetik	a l d e t i k
aldetzat	a l d e t͡s̻ a t
aldez	a l d e s̺
aldeztu	a l d e s̺ t u
aldizkari	a l d i s̺ k a ɾ i
aleman	a l e m a n
alemanera	a l e m a n e ɾ a
alemaniar	a l e m a n i a r
alertze	a l e r t͡s̻ e
aletegi	a l e t e ɡ i
algara	a l ɡ a ɾ a
alienatu	a l i e n a t u
alkandora	a l k a n d o ɾ a
alkandorak	a l k a n d o ɾ a k
alkandorek	a l k a n d o ɾ e k
alkate	a l k a t e
alkatxofa	a l k a t͡ʃ o f a
alkohol	a l k o h o l
alkohola	a l k o h o l a
alkoholan	a l k o h o l a n
alkoholen	a l k o h o l e n
alkoholi	a l k o h o l i
alkoholik	a l k o h o l i k
alokatu	a l o k a t u
alor	a l o r
alta	a l t a
alternatibo	a l t e r n a t i b o
altu	a l t u
altxaprima	a l t͡ʃ a p r i m a
altxatu	a l t͡ʃ a t u
altxoin	a l t͡ʃ o i̯ n
altxor	a l t͡ʃ o r
altzari	a l t͡s̻ a ɾ i
alu	a l u
aluminio	a l u m i n i o
ama	a m a
amaginarreba	a m a ɡ i n a r e b a
amaginarrebakide	a m a ɡ i n a r e b a k i d e
amai	a m a i̯
amaiera	a m a i̯ e ɾ a
amaitu	a m a i̯ t u
amama	a m a m a
amaraun	a m a ɾ a u̯ n
amatasun	a m a t a s̺ u n
amatatu	a m a t a t u
amerikano	a m e ɾ i k a n o
amesgaizto	a m e s̺ ɡ a i̯ s̺ t o
amestu	a m e s̺ t u
amets	a m e t͡s̺
ametz	a m e t͡s̻
amiamoko	a m i a m o k o
amildu	a m i l d u
amodio	a m o d i o
amona	a m o n a
amore	a m o ɾ e
amorratu	a m o r a t u
amu	a m u
anabasa	a n a b a s̺ a
anagrama	a n a ɡ r a m a
anaia	a n a i̯ a
anakroniko	a n a k r o n i k o
anakronismo	a n a k r o n i s̺ m o
anana	a n a n a
anarkia	a n a r k i a
anarkismo	a n a r k i s̺ m o
anarkista	a n a r k i s̺ t a
anatomia	a n a t o m i a
anbulantzia	a m b u l a n t͡s̻ i a
andeatu	a n d e a t u
andere	a n d e ɾ e
andereño	a n d e ɾ e ɲ o
andorratar	a n d o r a t a r
andorratarra	a n d o r a t a r a
andorratarrak	a n d o r a t a r a k
andorratarraren	a n d o r a t a r a ɾ e n
andorratarrari	a n d o r a t a r a ɾ i
andorratarrei	a n d o r a t a r e i̯
andorratarrek	a n d o r a t a r e k
andorratarren	a n d o r a t a r e n
andorratarri	a n d o r a t a r i
andre	a n d r e
andregai	a n d r e ɡ a i̯
angelu	a n ɡ e l u
angula	a n ɡ u l a
angurri	a n ɡ u r i
animalia	a n i m a l i a
animatu	a n i m a t u
anime	a n i m e
anker	a n k e r
antiheroi	a n t i e ɾ o i̯
antilope	a n t i l o p e
antimikrobiar	a n t i m i k r o b i a r
antolakunde	a n t o l a k u n d e
antropologia	a n t r o p o l o ɡ i a
antxeta	a n t͡ʃ e t a
antxoa	a n t͡ʃ o a
antz	a n t͡s̻
antzara	a n t͡s̻ a ɾ a
antzeratu	a n t͡s̻ e ɾ a t u
antzerki	a n t͡s̻ e r k i
apaiz	a p a i̯ s̺
apaizgai	a p a i̯ s̺ ɡ a i̯
apal	a p a l
apaldu	a p a l d u
apar	a p a r
aparkaleku	a p a r k a l e k u
aparkatu	a p a r k a t u
apez	a p e s̺
apezpiku	a p e s̺ p i k u
apiril	a p i ɾ i l
apo	a p o
aporofobia	a p o ɾ o f o b i a
aprobetxategi	a p r o b e t͡ʃ a t e ɡ i
apur	a p u r
apurtu	a p u r t u
ar	a r
arabera	a ɾ a b e ɾ a
arabiera	a ɾ a b i e ɾ a
arabisagar	a ɾ a b i s̺ a ɡ a r
aragoiera	a ɾ a ɡ o i̯ e ɾ a
aramu	a ɾ a m u
aran	a ɾ a n
aranondo	a ɾ a n o n d o
arantza	a ɾ a n t͡s̻ a
arazi	a ɾ a s̺ i
arbaso	a r b a s̺ o
arbel	a r b e l
arbela	a r b e l a
arbeletxeko	a r b e l e t͡ʃ e k o
arbola	a r b o l a
ardi	a r d i
ardo	a r d o
ardogile	a r d o ɡ i l e
ardura	a r d u ɾ a
arduratu	a r d u ɾ a t u
are	a ɾ e
argazki	a r ɡ a s̺ k i
argazkigintza	a r ɡ a s̺ k i ɡ i n t͡s̻ a
argazkilari	a r ɡ a s̺ k i l a ɾ i
argazkilaritza	a r ɡ a s̺ k i l a ɾ i t͡s̻ a
argi	a r ɡ i
argitsu	a r ɡ i t͡s̺ u
ari	a ɾ i
ariketa	a ɾ i k e t a
arin	a ɾ i n
aristokratiko	a ɾ i s̺ t o k r a t i k o
aristokrazia	a ɾ i s̺ t o k r a s̺ i a
aritz	a ɾ i t͡s̻
arkakuso	a r k a k u s̺ o
arkela	a r k e l a
arkume	a r k u m e
armairu	a r m a i̯ ɾ u
armeniar	a r m e n i a r
armeniera	a r m e n i e ɾ a
armiarma	a r m i a r m a
arnasa	a r n a s̺ a
arnegu	a r n e ɡ u
aro	a ɾ o
arotz	a ɾ o t͡s̻
arpoi	a r p o i̯
arrain	a r a i̯ n
arrano	a r a n o
arranotegi	a r a n o t e ɡ i
arrantzale	a r a n t͡s̻ a l e
arraro	a r a ɾ o
arrastatu	a r a s̺ t a t u
arratoi	a r a t o i̯
arrats	a r a t͡s̺
arratsaldi	a r a t͡s̺ a l d i
arraun	a r a u̯ n
arrautza	a r a u̯ t͡s̻ a
arrautzopil	a r a u̯ t͡s̻ o p i l
arraza	a r a s̺ a
arrazoi	a r a s̺ o i̯
arre	a r e
arreba	a r e b a
arreta	a r e t a
arriskatu	a r i s̺ k a t u
arrisku	a r i s̺ k u
arriskutsu	a r i s̺ k u t͡s̺ u
arroda	a r o d a
arropa	a r o p a
arrosa	a r o s̺ a
arrotz	a r o t͡s̻
arroz	a r o s̺
arrunt	a r u n t
artaburu	a r t a b u ɾ u
arte	a r t e
artifizial	a r t i f i s̺ i a l
artile	a r t i l e
artillari	a r t i ʎ a ɾ i
artisau	a r t i s̺ a u̯
artista	a r t i s̺ t a
artizar	a r t i s̺ a r
arto	a r t o
artseniko	a r t͡s̺ e n i k o
artxipelago	a r t͡ʃ i p e l a ɡ o
artzain	a r t͡s̻ a i̯ n
asaba	a s̺ a b a
asaldatu	a s̺ a l d a t u
asimila	a s̺ i m i l a
asimilatu	a s̺ i m i l a t u
asimilazio	a s̺ i m i l a s̺ i o
askatasun	a s̺ k a t a s̺ u n
askatu	a s̺ k a t u
aske	a s̺ k e
aski	a s̺ k i
asko	a s̺ k o
asmatu	a s̺ m a t u
asmo	a s̺ m o
asperkunde	a s̺ p e r k u n d e
aspertu	a s̺ p e r t u
aspertuta	a s̺ p e r t u t a
aste	a s̺ t e
astearte	a s̺ t e a r t e
asteartero	a s̺ t e a r t e ɾ o
asteazken	a s̺ t e a s̺ k e n
asteazkenero	a s̺ t e a s̺ k e n e ɾ o
asteburu	a s̺ t e b u ɾ u
astelehen	a s̺ t e l e h e n
astelehenero	a s̺ t e l e h e n e ɾ o
astero	a s̺ t e ɾ o
asteroide	a s̺ t e ɾ o i̯ d e
astigar	a s̺ t i ɡ a r
astindu	a s̺ t i n d u
asto	a s̺ t o
astronautika	a s̺ t r o n a u̯ t i k a
astronomia	a s̺ t r o n o m i a
asturiera	a s̺ t u ɾ i e ɾ a
asun	a s̺ u n
atari	a t a ɾ i
atariko	a t a ɾ i k o
ate	a t e
ateismo	a t e i s̺ m o
atera	a t e ɾ a
aterpe	a t e r p e
atoi	a t o i̯
atorra	a t o r a
atsegin	a t͡s̺ e ɡ i n
atso	a t͡s̺ o
atsokeria	a t͡s̺ o k e ɾ i a
atsotitz	a t͡s̺ o t i t͡s̻
atsotitza	a t͡s̺ o t i t͡s̻ a
atsotitzik	a t͡s̺ o t i t͡s̻ i k
atsotizlari	a t͡s̺ o t i s̻ l a ɾ i
atsotu	a t͡s̺ o t u
atun	a t u n
atxeki	a t͡ʃ e k i
atxekiko	a t͡ʃ e k i k o
atxekitze	a t͡ʃ e k i t͡s̻ e
atxekitzen	a t͡ʃ e k i t͡s̻ e n
atxiki	a t͡ʃ i k i
atxilotu	a t͡ʃ i l o t u
atzamar	a t͡s̻ a m a r
atzapar	a t͡s̻ a p a r
atze	a t͡s̻ e
atzealde	a t͡s̻ e a l d e
atzean	a t͡s̻ e a n
atzelari	a t͡s̻ e l a ɾ i
atzera	a t͡s̻ e ɾ a
atzerritar	a t͡s̻ e r i t a r
atzo	a t͡s̻ o
atzodanik	a t͡s̻ o d a n i k
atzoko	a t͡s̻ o k o
atzotik	a t͡s̻ o t i k
audifono	a u̯ d i f o n o
auhen	a u̯ e n
auhendatu	a u̯ e n d a t u
aukera	a u̯ k e ɾ a
aukeraketa	a u̯ k e ɾ a k e t a
aukeratu	a u̯ k e ɾ a t u
aukeratuko	a u̯ k e ɾ a t u k o
aukeratze	a u̯ k e ɾ a t͡s̻ e
aukeratzen	a u̯ k e ɾ a t͡s̻ e n
aulki	a u̯ l k i
aulkigile	a u̯ l k i ɡ i l e
aupa	a u̯ p a
aurba	a u̯ r b a
aurka	a u̯ r k a
aurki	a u̯ r k i
aurkikunde	a u̯ r k i k u n d e
aurkitu	a u̯ r k i t u
aurkituko	a u̯ r k i t u k o
aurkitze	a u̯ r k i t͡s̻ e
aurkitzen	a u̯ r k i t͡s̻ e n
aurpegi	a u̯ r p e ɡ i
aurre	a u̯ r e
aurrera	a u̯ r e ɾ a
aurrerabide	a u̯ r e ɾ a b i d e
aurten	a u̯ r t e n
ausart	a u̯ s̺ a r t
ausartu	a u̯ s̺ a r t u
auskalo	a u̯ s̺ k a l o
austriar	a u̯ s̺ t r i a r
autismo	a u̯ t i s̺ m o
auto	a u̯ t o
autobide	a u̯ t o b i d e
automatiko	a u̯ t o m a t i k o
auzo	a u̯ s̺ o
axo	a ʃ o
aza	a s̺ a
azal	a s̺ a l
azaldu	a s̺ a l d u
azalore	a s̺ a l o ɾ e
azalpen	a s̺ a l p e n
azaro	a s̺ a ɾ o
azazkal	a s̺ a s̺ k a l
azenario	a s̺ e n a ɾ i o
azerbaijandar	a s̺ e r b a i̯ d͡ʒ a n d a r
azerbaijanera	a s̺ e r b a i̯ d͡ʒ a n e ɾ a
azeri	a s̺ e ɾ i
azerikeria	a s̺ e ɾ i k e ɾ i a
azeriki	a s̺ e ɾ i k i
azerikume	a s̺ e ɾ i k u m e
azeritegi	a s̺ e ɾ i t e ɡ i
azido	a s̺ i d o
azienda	a s̺ i e n d a
azkar	a s̺ k a r
azkarregi	a s̺ k a r e ɡ i
azken	a s̺ k e n
azkenean	a s̺ k e n e a n
azkonar	a s̺ k o n a r
azoka	a s̺ o k a
azpi	a s̺ p i
azpian	a s̺ p i a n
azpiegitura	a s̺ p i e ɡ i t u ɾ a
azpimarratu	a s̺ p i m a r a t u
azpititulu	a s̺ p i t i t u l u
aztarna	a s̺ t a r n a
azterketa	a s̺ t e r k e t a
aztertu	a s̺ t e r t u
aztertzaile	a s̺ t e r t͡s̻ a ʎ e
azti	a s̺ t i
azukre	a s̺ u k r e
ba	b a
baba	b a b a
babazorro	b a b a s̺ o r o
babestu	b a b e s̺ t u
babil	b a b i l
badabil	b a d a b i l
badabilkie	b a d a b i l k i e
badabilkigu	b a d a b i l k i ɡ u
badabilkik	b a d a b i l k i k
badabilkin	b a d a b i l k i n
badabilkio	b a d a b i l k i o
badabilkit	b a d a b i l k i t
badabilkizu	b a d a b i l k i s̺ u
badabilkizue	b a d a b i l k i s̺ u e
badabiltza	b a d a b i l t͡s̻ a
badabilzkie	b a d a b i l s̺ k i e
badabilzkigu	b a d a b i l s̺ k i ɡ u
badabilzkik	b a d a b i l s̺ k i k
badabilzkin	b a d a b i l s̺ k i n
badabilzkio	b a d a b i l s̺ k i o
badabilzkit	b a d a b i l s̺ k i t
badabilzkizu	b a d a b i l s̺ k i s̺ u
badabilzkizue	b a d a b i l s̺ k i s̺ u e
badadi	b a d a d i
badago	b a d a ɡ o
badagokie	b a d a ɡ o k i e
badagokigu	b a d a ɡ o k i ɡ u
badagokik	b a d a ɡ o k i k
badagokin	b a d a ɡ o k i n
badagokio	b a d a ɡ o k i o
badagokit	b a d a ɡ o k i t
badagokizu	b a d a ɡ o k i s̺ u
badagokizue	b a d a ɡ o k i s̺ u e
badagozkie	b a d a ɡ o s̺ k i e
badagozkigu	b a d a ɡ o s̺ k i ɡ u
badagozkik	b a d a ɡ o s̺ k i k
badagozkin	b a d a ɡ o s̺ k i n
badagozkio	b a d a ɡ o s̺ k i o
badagozkit	b a d a ɡ o s̺ k i t
badagozkizu	b a d a ɡ o s̺ k i s̺ u
badagozkizue	b a d a ɡ o s̺ k i s̺ u e
badaitez	b a d a i̯ t e s̺
badator	b a d a t o r
badatorkie	b a d a t o r k i e
badatorkigu	b a d a t o r k i ɡ u
badatorkik	b a d a t o r k i k
badatorkin	b a d a t o r k i n
badatorkio	b a d a t o r k i o
badatorkit	b a d a t o r k i t
badatorkizu	b a d a t o r k i s̺ u
badatorkizue	b a d a t o r k i s̺ u e
badatoz	b a d a t o s̺
badatozkie	b a d a t o s̺ k i e
badatozkigu	b a d a t o s̺ k i ɡ u
badatozkik	b a d a t o s̺ k i k
badatozkin	b a d a t o s̺ k i n
badatozkio	b a d a t o s̺ k i o
badatozkit	b a d a t o s̺ k i t
badatozkizu	b a d a t o s̺ k i s̺ u
badatozkizue	b a d a t o s̺ k i s̺ u e
badaude	b a d a u̯ d e
badeza	b a d e s̺ a
badezagu	b a d e s̺ a ɡ u
badezak	b a d e s̺ a k
badezan	b a d e s̺ a n
badezat	b a d e s̺ a t
badezate	b a d e s̺ a t e
badezazu	b a d e s̺ a s̺ u
badezazue	b a d e s̺ a s̺ u e
badia	b a d i a
badihoakie	b a d i h o a k i e
badihoakigu	b a d i h o a k i ɡ u
badihoakik	b a d i h o a k i k
badihoakin	b a d i h o a k i n
badihoakio	b a d i h o a k i o
badihoakit	b a d i h o a k i t
badihoakizu	b a d i h o a k i s̻ u
badihoakizue	b a d i h o a k i s̻ u e
badihoazkie	b a d i h o a s̻ k i e
badihoazkigu	b a d i h o a s̻ k i ɡ u
badihoazkik	b a d i h o a s̻ k i k
badihoazkin	b a d i h o a s̻ k i n
badihoazkio	b a d i h o a s̻ k i o
badihoazkit	b a d i h o a s̻ k i t
badihoazkizu	b a d i h o a s̻ k i s̻ u
badihoazkizue	b a d i h o a s̻ k i s̻ u e
baditza	b a d i t͡s̻ a
baditzagu	b a d i t͡s̻ a ɡ u
baditzak	b a d i t͡s̻ a k
baditzan	b a d i t͡s̻ a n
baditzat	b a d i t͡s̻ a t
baditzate	b a d i t͡s̻ a t e
baditzazu	b a d i t͡s̻ a s̺ u
baditzazue	b a d i t͡s̻ a s̺ u e
badoa	b a d o a
badoakie	b a d o a k i e
badoakigu	b a d o a k i ɡ u
badoakik	b a d o a k i k
badoakin	b a d o a k i n
badoakio	b a d o a k i o
badoakit	b a d o a k i t
badoakizu	b a d o a k i s̺ u
badoakizue	b a d o a k i s̺ u e
badoaz	b a d o a s̺
badoazkie	b a d o a s̺ k i e
badoazkigu	b a d o a s̺ k i ɡ u
badoazkik	b a d o a s̺ k i k
badoazkin	b a d o a s̺ k i n
badoazkio	b a d o a s̺ k i o
badoazkit	b a d o a s̺ k i t
badoazkizu	b a d o a s̺ k i s̺ u
badoazkizue	b a d o a s̺ k i s̺ u e
bagabiltza	b a ɡ a b i l t͡s̻ a
bagabilzkie	b a ɡ a b i l s̺ k i e
bagabilzkik	b a ɡ a b i l s̺ k i k
bagabilzkin	b a ɡ a b i l s̺ k i n
bagabilzkio	b a ɡ a b i l s̺ k i o
bagabilzkizu	b a ɡ a b i l s̺ k i s̺ u
bagabilzkizue	b a ɡ a b i l s̺ k i s̺ u e
bagagozkie	b a ɡ a ɡ o s̺ k i e
bagagozkik	b a ɡ a ɡ o s̺ k i k
bagagozkin	b a ɡ a ɡ o s̺ k i n
bagagozkio	b a ɡ a ɡ o s̺ k i o
bagagozkizu	b a ɡ a ɡ o s̺ k i s̺ u
bagagozkizue	b a ɡ a ɡ o s̺ k i s̺ u e
bagaitez	b a ɡ a i̯ t e s̺
bagaitza	b a ɡ a i̯ t͡s̻ a
bagaitzak	b a ɡ a i̯ t͡s̻ a k
bagaitzan	b a ɡ a i̯ t͡s̻ a n
bagaitzate	b a ɡ a i̯ t͡s̻ a t e
bagaitzazu	b a ɡ a i̯ t͡s̻ a s̺ u
bagaitzazue	b a ɡ a i̯ t͡s̻ a s̺ u e
bagatoz	b a ɡ a t o s̺
bagatozkie	b a ɡ a t o s̺ k i e
bagatozkik	b a ɡ a t o s̺ k i k
bagatozkin	b a ɡ a t o s̺ k i n
bagatozkio	b a ɡ a t o s̺ k i o
bagatozkizu	b a ɡ a t o s̺ k i s̺ u
bagatozkizue	b a ɡ a t o s̺ k i s̺ u e
bagaude	b a ɡ a u̯ d e
bagenbiltza	b a ɡ e m b i l t͡s̻ a
bagenbilzkie	b a ɡ e m b i l s̺ k i e
bagenbilzkik	b a ɡ e m b i l s̺ k i k
bagenbilzkin	b a ɡ e m b i l s̺ k i n
bagenbilzkio	b a ɡ e m b i l s̺ k i o
bagenbilzkizu	b a ɡ e m b i l s̺ k i s̺ u
bagenbilzkizue	b a ɡ e m b i l s̺ k i s̺ u e
bagenegi	b a ɡ e n e ɡ i
bagenegie	b a ɡ e n e ɡ i e
bagenegik	b a ɡ e n e ɡ i k
bagenegin	b a ɡ e n e ɡ i n
bagenegio	b a ɡ e n e ɡ i o
bagenegitza	b a ɡ e n e ɡ i t͡s̻ a
bagenegizkie	b a ɡ e n e ɡ i s̺ k i e
bagenegizkik	b a ɡ e n e ɡ i s̺ k i k
bagenegizkin	b a ɡ e n e ɡ i s̺ k i n
bagenegizkio	b a ɡ e n e ɡ i s̺ k i o
bagenegizkizu	b a ɡ e n e ɡ i s̺ k i s̺ u
bagenegizkizue	b a ɡ e n e ɡ i s̺ k i s̺ u e
bagenegizu	b a ɡ e n e ɡ i s̺ u
bagenegizue	b a ɡ e n e ɡ i s̺ u e
bageneki	b a ɡ e n e k i
bagenekizki	b a ɡ e n e k i s̺ k i
bagenekusa	b a ɡ e n e k u s̺ a
bagenekuski	b a ɡ e n e k u s̺ k i
bagenentzu	b a ɡ e n e n t͡s̻ u
bagenentzuzki	b a ɡ e n e n t͡s̻ u s̺ k i
bagenerakuski	b a ɡ e n e ɾ a k u s̺ k i
bagenerakutsa	b a ɡ e n e ɾ a k u t͡s̺ a
bageneritza	b a ɡ e n e ɾ i t͡s̻ a
bageneritze	b a ɡ e n e ɾ i t͡s̻ e
bageneritzo	b a ɡ e n e ɾ i t͡s̻ o
bageneritzu	b a ɡ e n e ɾ i t͡s̻ u
bageneritzue	b a ɡ e n e ɾ i t͡s̻ u e
bagenerizk	b a ɡ e n e ɾ i s̺ k
bagenerizna	b a ɡ e n e ɾ i s̺ n a
bagenerizte	b a ɡ e n e ɾ i s̺ t e
bageneuka	b a ɡ e n e u̯ k a
bageneuzka	b a ɡ e n e u̯ s̺ k a
bageneza	b a ɡ e n e s̺ a
bagenezagu	b a ɡ e n e s̺ a ɡ u
bagenezaguzki	b a ɡ e n e s̺ a ɡ u s̺ k i
bagengozkie	b a ɡ e n ɡ o s̺ k i e
bagengozkik	b a ɡ e n ɡ o s̺ k i k
bagengozkin	b a ɡ e n ɡ o s̺ k i n
bagengozkio	b a ɡ e n ɡ o s̺ k i o
bagengozkizu	b a ɡ e n ɡ o s̺ k i s̺ u
bagengozkizue	b a ɡ e n ɡ o s̺ k i s̺ u e
bagenihardu	b a ɡ e n i a r d u
bageniharduka	b a ɡ e n i a r d u k a
bagenirau	b a ɡ e n i ɾ a u̯
bagenirudi	b a ɡ e n i ɾ u d i
bagenitu	b a ɡ e n i t u
bagenitza	b a ɡ e n i t͡s̻ a
bagentoz	b a ɡ e n t o s̺
bagentozkie	b a ɡ e n t o s̺ k i e
bagentozkik	b a ɡ e n t o s̺ k i k
bagentozkin	b a ɡ e n t o s̺ k i n
bagentozkio	b a ɡ e n t o s̺ k i o
bagentozkizu	b a ɡ e n t o s̺ k i s̺ u
bagentozkizue	b a ɡ e n t o s̺ k i s̺ u e
bagenu	b a ɡ e n u
bageunde	b a ɡ e u̯ n d e
bagil	b a ɡ i l
bagina	b a ɡ i n a
bagindezaguzki	b a ɡ i n d e s̺ a ɡ u s̺ k i
bagindezaguzkik	b a ɡ i n d e s̺ a ɡ u s̺ k i k
bagindezaguzkin	b a ɡ i n d e s̺ a ɡ u s̺ k i n
bagindezaguzkite	b a ɡ i n d e s̺ a ɡ u s̺ k i t e
bagindezaguzkizu	b a ɡ i n d e s̺ a ɡ u s̺ k i s̺ u
bagindezaguzkizue	b a ɡ i n d e s̺ a ɡ u s̺ k i s̺ u e
bagindoaz	b a ɡ i n d o a s̺
bagindoazkie	b a ɡ i n d o a s̺ k i e
bagindoazkik	b a ɡ i n d o a s̺ k i k
bagindoazkin	b a ɡ i n d o a s̺ k i n
bagindoazkio	b a ɡ i n d o a s̺ k i o
bagindoazkizu	b a ɡ i n d o a s̺ k i s̺ u
bagindoazkizue	b a ɡ i n d o a s̺ k i s̺ u e
baginduzka	b a ɡ i n d u s̺ k a
baginduzkak	b a ɡ i n d u s̺ k a k
baginduzkan	b a ɡ i n d u s̺ k a n
baginduzkate	b a ɡ i n d u s̺ k a t e
baginduzkazu	b a ɡ i n d u s̺ k a s̺ u
baginduzkazue	b a ɡ i n d u s̺ k a s̺ u e
bagintez	b a ɡ i n t e s̺
bagintu	b a ɡ i n t u
bagintuk	b a ɡ i n t u k
bagintun	b a ɡ i n t u n
bagintuzte	b a ɡ i n t u s̺ t e
bagintuzu	b a ɡ i n t u s̺ u
bagintuzue	b a ɡ i n t u s̺ u e
bagintza	b a ɡ i n t͡s̻ a
bagintzak	b a ɡ i n t͡s̻ a k
bagintzan	b a ɡ i n t͡s̻ a n
bagintzate	b a ɡ i n t͡s̻ a t e
bagintzazu	b a ɡ i n t͡s̻ a s̺ u
bagintzazue	b a ɡ i n t͡s̻ a s̺ u e
bagoaz	b a ɡ o a s̺
bagoazkie	b a ɡ o a s̺ k i e
bagoazkik	b a ɡ o a s̺ k i k
bagoazkin	b a ɡ o a s̺ k i n
bagoazkio	b a ɡ o a s̺ k i o
bagoazkizu	b a ɡ o a s̺ k i s̺ u
bagoazkizue	b a ɡ o a s̺ k i s̺ u e
bagoi	b a ɡ o i̯
bahabil	b a b i l
bahabilkie	b a b i l k i e
bahabilkigu	b a b i l k i ɡ u
bahabilkio	b a b i l k i o
bahabilkit	b a b i l k i t
bahadi	b a a d i
bahago	b a a ɡ o
bahagokie	b a h a ɡ o k i e
bahagokigu	b a h a ɡ o k i ɡ u
bahagokio	b a h a ɡ o k i o
bahagokit	b a h a ɡ o k i t
bahator	b a h a t o r
bahatorkie	b a a t o r k i e
bahatorkigu	b a a t o r k i ɡ u
bahatorkio	b a a t o r k i ɡ u
bahatorkit	b a a t o r k i t
bahaza	b a a s̺ a
bahazagu	b a h a s̻ a ɡ u
bahazat	b a h a s̻ a t
bahazate	b a a s̺ a t e
bahe	b a e
bahegi	b a e ɡ i
bahegie	b a e ɡ i e
bahegigu	b a e ɡ i ɡ u
bahegio	b a e ɡ i o
bahegit	b a e ɡ i t
bahegitza	b a e ɡ i t͡s̻ a
bahegizkie	b a e ɡ i s̺ k i e
bahegizkigu	b a e ɡ i s̺ k i ɡ u
bahegizkio	b a e ɡ i s̺ k i o
bahegizkit	b a e ɡ i s̺ k i t
baheki	b a e k i
bahekizki	b a e k i s̺ k i
bahekusa	b a e k u s̺ a
bahekuski	b a e k u s̺ k i
bahenbil	b a e m b i l
bahenbilkie	b a e m b i l k i e
bahenbilkigu	b a e m b i l k i ɡ u
bahenbilkio	b a e m b i l k i o
bahenbilkit	b a e m b i l k i t
bahendi	b a e n d i
bahengo	b a e n ɡ o
bahengokie	b a e n ɡ o k i e
bahengokigu	b a e n ɡ o k i ɡ u
bahengokio	b a e n ɡ o k i o
bahengokit	b a e n ɡ o k i t
bahentor	b a e n t o r
bahentorkie	b a e n t o r k i e
bahentorkigu	b a e n t o r k i ɡ u
bahentorkio	b a e n t o r k i o
bahentorkit	b a e n t o r k i t
bahentzu	b a e n t͡s̻ u
bahentzuzki	b a e n t͡s̻ u s̺ k i
baherakuski	b a e ɾ a k u s̺ k i
baherakutsa	b a e ɾ a k u t͡s̺ a
baheritza	b a e ɾ i t͡s̻ a
baheritze	b a e ɾ i t͡s̻ e
baheritzo	b a e ɾ i t͡s̻ o
baherizku	b a e ɾ i s̺ k u
baherizt	b a e ɾ i s̺ t
baherizte	b a e ɾ i s̺ t e
baheuka	b a e u̯ k a
baheuzka	b a e u̯ s̺ k a
baheza	b a e s̺ a
bahezagu	b a e s̺ a ɡ u
bahezaguzki	b a e s̺ a ɡ u s̺ k i
bahihardu	b a h i h a r d u
bahiharduka	b a h i h a r d u k a
bahindezagu	b a h i n d e s̻ a ɡ u
bahindezagugu	b a h i n d e s̻ a ɡ u ɡ u
bahindezagut	b a h i n d e s̻ a ɡ u t
bahindezagute	b a h i n d e s̻ a ɡ u t e
bahindoa	b a h i n d o a
bahindoakie	b a h i n d o a k i e
bahindoakigu	b a h i n d o a k i ɡ u
bahindoakio	b a h i n d o a k i o
bahindoakit	b a h i n d o a k i t
bahindu	b a h i n d u
bahindugu	b a h i n d u ɡ u
bahinduka	b a h i n d u k a
bahindukagu	b a h i n d u k a ɡ u
bahindukat	b a h i n d u k a t
bahindukate	b a h i n d u k a t e
bahindut	b a h i n d u t
bahindute	b a h i n d u t e
bahintz	b a h i n t͡s̻
bahintza	b a h i n t͡s̻ a
bahintzagu	b a h i n t͡s̻ a ɡ u
bahintzat	b a h i n t͡s̻ a t
bahintzate	b a h i n t͡s̻ a t e
bahirau	b a h i ɾ a u̯
bahirudi	b a h i ɾ u d i
bahit	b a h i t
bahitu	b a h i t u
bahitza	b a h i t͡s̻ a
bahizkit	b a h i s̻ k i t
bahoa	b a h o a
bahoakie	b a h o a k i e
bahoakigu	b a h o a k i ɡ u
bahoakio	b a h o a k i o
bahoakit	b a h o a k i t
bahu	b a h u
bai	b a i̯
baietz	b a i̯ e t͡s̻
baina	b a i̯ n a
baino	b a i̯ n o
bainu	b a i̯ n u
bainuetxe	b a i̯ n u e t͡ʃ e
bainugela	b a i̯ n u ɡ e l a
bainujantzi	b a i̯ n u ɟ a n t͡s̻ i
bainulari	b a i̯ n u l a ɾ i
bainuontzi	b a i̯ n u o n t͡s̻ i
bainutegi	b a i̯ n u t e ɡ i
bainutoki	b a i̯ n u t o k i
baita	b a i̯ t a
bakailao	b a k a i̯ l a o
bakar	b a k a r
bakarrik	b a k a r i k
bake	b a k e
bakegile	b a k e ɡ i l e
baketu	b a k e t u
baketuko	b a k e t u k o
baketze	b a k e t͡s̻ e
baketzen	b a k e t͡s̻ e n
bakoitz	b a k o i̯ t͡s̻
bakoitza	b a k o i̯ t͡s̻ a
bakteriofago	b a k t e ɾ i o f a ɡ o
balakatu	b a l a k a t u
baldin	b a l d i n
bale	b a l e
balea	b a l e a
balebil	b a l e b i l
balebilkie	b a l e b i l k i e
balebilkigu	b a l e b i l k i ɡ u
balebilkik	b a l e b i l k i k
balebilkin	b a l e b i l k i n
balebilkio	b a l e b i l k i o
balebilkit	b a l e b i l k i t
balebilkizu	b a l e b i l k i s̺ u
balebilkizue	b a l e b i l k i s̺ u e
balebiltza	b a l e b i l t͡s̻ a
balebilzkie	b a l e b i l s̺ k i e
balebilzkigu	b a l e b i l s̺ k i ɡ u
balebilzkik	b a l e b i l s̺ k i k
balebilzkin	b a l e b i l s̺ k i n
balebilzkio	b a l e b i l s̺ k i o
balebilzkit	b a l e b i l s̺ k i t
balebilzkizu	b a l e b i l s̺ k i s̺ u
balebilzkizue	b a l e b i l s̺ k i s̺ u e
baledi	b a l e d i
balegi	b a l e ɡ i
balegiate	b a l e ɡ i a t e
balegidate	b a l e ɡ i d a t e
balegie	b a l e ɡ i e
balegiete	b a l e ɡ i e t e
balegigu	b a l e ɡ i ɡ u
balegigute	b a l e ɡ i ɡ u t e
balegik	b a l e ɡ i k
balegin	b a l e ɡ i n
baleginate	b a l e ɡ i n a t e
balegio	b a l e ɡ i o
balegiote	b a l e ɡ i o t e
balegit	b a l e ɡ i t
balegite	b a l e ɡ i t e
balegitza	b a l e ɡ i t͡s̻ a
balegitzate	b a l e ɡ i t͡s̻ a t e
balegizkiate	b a l e ɡ i s̺ k i a t e
balegizkidate	b a l e ɡ i s̺ k i d a t e
balegizkie	b a l e ɡ i s̺ k i e
balegizkiete	b a l e ɡ i s̺ k i e t e
balegizkigu	b a l e ɡ i s̺ k i ɡ u
balegizkigute	b a l e ɡ i s̺ k i ɡ u t e
balegizkik	b a l e ɡ i s̺ k i k
balegizkin	b a l e ɡ i s̺ k i n
balegizkinate	b a l e ɡ i s̺ k i ɲ a t e
balegizkio	b a l e ɡ i s̺ k i o
balegizkiote	b a l e ɡ i s̺ k i o t e
balegizkit	b a l e ɡ i s̺ k i t
balegizkizu	b a l e ɡ i s̺ k i s̺ u
balegizkizue	b a l e ɡ i s̺ k i s̺ u e
balegizkizuete	b a l e ɡ i s̺ k i s̺ u e t e
balegizkizute	b a l e ɡ i s̺ k i s̺ u t e
balegizu	b a l e ɡ i s̺ u
balegizue	b a l e ɡ i s̺ u e
balegizuete	b a l e ɡ i s̺ u e t e
balegizute	b a l e ɡ i s̺ u t e
balego	b a l e ɡ o
balegokie	b a l e ɡ o k i e
balegokigu	b a l e ɡ o k i ɡ u
balegokik	b a l e ɡ o k i k
balegokin	b a l e ɡ o k i n
balegokio	b a l e ɡ o k i o
balegokit	b a l e ɡ o k i t
balegokizu	b a l e ɡ o k i s̺ u
balegokizue	b a l e ɡ o k i s̺ u e
balegozkie	b a l e ɡ o s̺ k i e
balegozkigu	b a l e ɡ o s̺ k i ɡ u
balegozkik	b a l e ɡ o s̺ k i k
balegozkin	b a l e ɡ o s̺ k i n
balegozkio	b a l e ɡ o s̺ k i o
balegozkit	b a l e ɡ o s̺ k i t
balegozkizu	b a l e ɡ o s̺ k i s̺ u
balegozkizue	b a l e ɡ o s̺ k i s̺ u e
baleki	b a l e k i
balekite	b a l e k i t e
balekizki	b a l e k i s̺ k i
balekizkite	b a l e k i s̺ k i t e
balekusa	b a l e k u s̺ a
balekusate	b a l e k u s̺ a t e
balekuski	b a l e k u s̺ k i
balekuskite	b a l e k u s̺ k i t e
balentzu	b a l e n t͡s̻ u
balentzute	b a l e n t͡s̻ u t e
balentzuzki	b a l e n t͡s̻ u s̺ k i
balentzuzkite	b a l e n t͡s̻ u s̺ k i t e
balerakuski	b a l e ɾ a k u s̺ k i
balerakuskite	b a l e ɾ a k u s̺ k i t e
balerakutsa	b a l e ɾ a k u t͡s̺ a
balerakutsate	b a l e ɾ a k u t͡s̺ a t e
baleritza	b a l e ɾ i t͡s̻ a
baleritzate	b a l e ɾ i t͡s̻ a t e
baleritze	b a l e ɾ i t͡s̻ e
baleritzete	b a l e ɾ i t͡s̻ e t e
baleritzo	b a l e ɾ i t͡s̻ o
baleritzote	b a l e ɾ i t͡s̻ o t e
baleritzu	b a l e ɾ i t͡s̻ u
baleritzue	b a l e ɾ i t͡s̻ u e
baleritzuete	b a l e ɾ i t͡s̻ u e t e
baleritzute	b a l e ɾ i t͡s̻ u t e
balerizate	b a l e ɾ i s̺ a t e
balerizk	b a l e ɾ i s̺ k
balerizku	b a l e ɾ i s̺ k u
balerizkute	b a l e ɾ i s̺ k u t e
balerizna	b a l e ɾ i s̺ n a
baleriznate	b a l e ɾ i s̺ n a t e
balerizt	b a l e ɾ i s̺ t
baleriztate	b a l e ɾ i s̺ t a t e
balerizte	b a l e ɾ i s̺ t e
baleriztete	b a l e ɾ i s̺ t e t e
baletor	b a l e t o r
baletorkie	b a l e t o r k i e
baletorkigu	b a l e t o r k i ɡ u
baletorkik	b a l e t o r k i k
baletorkin	b a l e t o r k i n
baletorkio	b a l e t o r k i o
baletorkit	b a l e t o r k i t
baletorkizu	b a l e t o r k i s̺ u
baletorkizue	b a l e t o r k i s̺ u e
baletoz	b a l e t o s̺
baletozkie	b a l e t o s̺ k i e
baletozkigu	b a l e t o s̺ k i ɡ u
baletozkik	b a l e t o s̺ k i k
baletozkin	b a l e t o s̺ k i n
baletozkio	b a l e t o s̺ k i o
baletozkit	b a l e t o s̺ k i t
baletozkizu	b a l e t o s̺ k i s̺ u
baletozkizue	b a l e t o s̺ k i s̺ u e
baleude	b a l e u̯ d e
baleuka	b a l e u̯ k a
baleukate	b a l e u̯ k a t e
baleutse	b a l e u̯ t͡s̺ e
baleutso	b a l e u̯ t͡s̺ o
baleutsote	b a l e u̯ t͡s̺ o t e
baleuzka	b a l e u̯ s̺ k a
baleuzkate	b a l e u̯ s̺ k a t e
baleza	b a l e s̺ a
balezagu	b a l e s̺ a ɡ u
balezagute	b a l e s̺ a ɡ u t e
balezaguzki	b a l e s̺ a ɡ u s̺ k i
balezaguzkite	b a l e s̺ a ɡ u s̺ k i t e
balezate	b a l e s̺ a t e
baliabide	b a l i a b i d e
balidate	b a l i d a t e
balie	b a l i e
balihardu	b a l i a r d u
baliharduka	b a l i a r d u k a
balihardukate	b a l i a r d u k a t e
balihardute	b a l i a r d u t e
balihoa	b a l i h o a
balihoakie	b a l i h o a k i e
balihoakigu	b a l i h o a k i ɡ u
balihoakik	b a l i h o a k i k
balihoakin	b a l i h o a k i n
balihoakio	b a l i h o a k i o
balihoakit	b a l i h o a k i t
balihoakizu	b a l i h o a k i s̻ u
balihoakizue	b a l i h o a k i s̻ u e
balihoaz	b a l i h o a s̻
balihoazkie	b a l i h o a s̻ k i e
balihoazkigu	b a l i h o a s̻ k i ɡ u
balihoazkik	b a l i h o a s̻ k i k
balihoazkin	b a l i h o a s̻ k i n
balihoazkio	b a l i h o a s̻ k i o
balihoazkit	b a l i h o a s̻ k i t
balihoazkizu	b a l i h o a s̻ k i s̻ u
balihoazkizue	b a l i h o a s̻ k i s̻ u e
balio	b a l i o
balira	b a l i ɾ a
balirau	b a l i ɾ a u̯
baliraute	b a l i ɾ a u̯ t e
balirudi	b a l i ɾ u d i
balirudite	b a l i ɾ u d i t e
balit	b a l i t
balitez	b a l i t e s̺
balitu	b a l i t u
balituzte	b a l i t u s̺ t e
balitz	b a l i t͡s̻
balitza	b a l i t͡s̻ a
balitzate	b a l i t͡s̻ a t e
balizkidate	b a l i s̺ k i d a t e
balizkio	b a l i s̺ k i o
balizkit	b a l i s̺ k i t
balkoi	b a l k o i̯
baloi	b a l o i̯
balu	b a l u
balute	b a l u t e
bana	b a n a
banabil	b a n a b i l
banabilkie	b a n a b i l k i e
banabilkik	b a n a b i l k i k
banabilkin	b a n a b i l k i n
banabilkio	b a n a b i l k i o
banabilkizu	b a n a b i l k i s̺ u
banabilkizue	b a n a b i l k i s̺ u e
banadi	b a n a d i
banago	b a n a ɡ o
banagokie	b a n a ɡ o k i e
banagokik	b a n a ɡ o k i k
banagokin	b a n a ɡ o k i n
banagokio	b a n a ɡ o k i o
banagokizu	b a n a ɡ o k i s̺ u
banagokizue	b a n a ɡ o k i s̺ u e
bananondo	b a n a n o n d o
banator	b a n a t o r
banatorkie	b a n a t o r k i e
banatorkik	b a n a t o r k i k
banatorkin	b a n a t o r k i n
banatorkio	b a n a t o r k i o
banatorkizu	b a n a t o r k i s̺ u
banatorkizue	b a n a t o r k i s̺ u e
banatu	b a n a t u
banatuko	b a n a t u k o
banatze	b a n a t͡s̻ e
banatzen	b a n a t͡s̻ e n
banaza	b a n a s̺ a
banazak	b a n a s̺ a k
banazan	b a n a s̺ a n
banazate	b a n a s̺ a t e
banazazu	b a n a s̺ a s̺ u
banazazue	b a n a s̺ a s̺ u e
bandalismo	b a n d a l i s̺ m o
bandera	b a n d e ɾ a
banegi	b a n e ɡ i
banegie	b a n e ɡ i e
banegik	b a n e ɡ i k
banegin	b a n e ɡ i n
banegio	b a n e ɡ i o
banegitza	b a n e ɡ i t͡s̻ a
banegizkie	b a n e ɡ i s̺ k i e
banegizkik	b a n e ɡ i s̺ k i k
banegizkin	b a n e ɡ i s̺ k i n
banegizkio	b a n e ɡ i s̺ k i o
banegizkizu	b a n e ɡ i s̺ k i s̺ u
banegizkizue	b a n e ɡ i s̺ k i s̺ u e
banegizu	b a n e ɡ i s̺ u
banegizue	b a n e ɡ i s̺ u e
baneki	b a n e k i
banekizki	b a n e k i s̺ k i
banekusa	b a n e k u s̺ a
banekuski	b a n e k u s̺ k i
banenbil	b a n e m b i l
banenbilkie	b a n e m b i l k i e
banenbilkik	b a n e m b i l k i k
banenbilkin	b a n e m b i l k i n
banenbilkio	b a n e m b i l k i o
banenbilkizu	b a n e m b i l k i s̺ u
banenbilkizue	b a n e m b i l k i s̺ u e
banendi	b a n e n d i
banengo	b a n e n ɡ o
banengokie	b a n e n ɡ o k i e
banengokik	b a n e n ɡ o k i k
banengokin	b a n e n ɡ o k i n
banengokio	b a n e n ɡ o k i o
banengokizu	b a n e n ɡ o k i s̺ u
banengokizue	b a n e n ɡ o k i s̺ u e
banentor	b a n e n t o r
banentorkie	b a n e n t o r k i e
banentorkik	b a n e n t o r k i k
banentorkin	b a n e n t o r k i n
banentorkio	b a n e n t o r k i o
banentorkizu	b a n e n t o r k i s̺ u
banentorkizue	b a n e n t o r k i s̺ u e
banentzu	b a n e n t͡s̻ u
banentzuzki	b a n e n t͡s̻ u s̺ k i
banerakuski	b a n e ɾ a k u s̺ k i
banerakutsa	b a n e ɾ a k u t͡s̺ a
baneritza	b a n e ɾ i t͡s̻ a
baneritze	b a n e ɾ i t͡s̻ e
baneritzo	b a n e ɾ i t͡s̻ o
baneritzu	b a n e ɾ i t͡s̻ u
baneritzue	b a n e ɾ i t͡s̻ u e
banerizk	b a n e ɾ i s̺ k
banerizna	b a n e ɾ i s̺ n a
banerizte	b a n e ɾ i s̺ t e
baneuka	b a n e u̯ k a
baneuzka	b a n e u̯ s̺ k a
baneza	b a n e s̺ a
banezagu	b a n e s̺ a ɡ u
banezaguzki	b a n e s̺ a ɡ u s̺ k i
bangladeshtar	b a n ɡ l a d e s̺ t a r
banie	b a n i e
banihardu	b a n i a r d u
baniharduka	b a n i a r d u k a
banindezagu	b a n i n d e s̺ a ɡ u
banindezaguk	b a n i n d e s̺ a ɡ u k
banindezagun	b a n i n d e s̺ a ɡ u n
banindezagute	b a n i n d e s̺ a ɡ u t e
banindezaguzu	b a n i n d e s̺ a ɡ u s̺ u
banindezaguzue	b a n i n d e s̺ a ɡ u s̺ u e
banindoa	b a n i n d o a
banindoakie	b a n i n d o a k i e
banindoakik	b a n i n d o a k i k
banindoakin	b a n i n d o a k i n
banindoakio	b a n i n d o a k i o
banindoakizu	b a n i n d o a k i s̺ u
banindoakizue	b a n i n d o a k i s̺ u e
banindu	b a n i n d u
baninduk	b a n i n d u k
baninduka	b a n i n d u k a
banindukak	b a n i n d u k a k
banindukan	b a n i n d u k a n
banindukate	b a n i n d u k a t e
banindukazu	b a n i n d u k a s̺ u
banindukazue	b a n i n d u k a s̺ u e
banindun	b a n i n d u n
banindute	b a n i n d u t e
baninduzu	b a n i n d u s̺ u
baninduzue	b a n i n d u s̺ u e
banintz	b a n i n t͡s̻
banintza	b a n i n t͡s̻ a
banintzak	b a n i n t͡s̻ a k
banintzan	b a n i n t͡s̻ a n
banintzate	b a n i n t͡s̻ a t e
banintzazu	b a n i n t͡s̻ a s̺ u
banintzazue	b a n i n t͡s̻ a s̺ u e
banio	b a n i o
banirau	b a n i ɾ a u̯
banirudi	b a n i ɾ u d i
banitu	b a n i t u
banitza	b a n i t͡s̻ a
banizkio	b a n i s̺ k i o
banketxe	b a n k e t͡ʃ e
banoa	b a n o a
banoakie	b a n o a k i e
banoakik	b a n o a k i k
banoakin	b a n o a k i n
banoakio	b a n o a k i o
banoakizu	b a n o a k i s̺ u
banoakizue	b a n o a k i s̺ u e
banpiro	b a m p i ɾ o
banu	b a n u
bapore	b a p o ɾ e
barantaila	b a ɾ a n t a i̯ l a
baratxuri	b a ɾ a t͡ʃ u ɾ i
baratze	b a ɾ a t͡s̻ e
barazkari	b a ɾ a s̺ k a ɾ i
barazki	b a ɾ a s̺ k i
bare	b a ɾ e
bariku	b a ɾ i k u
barkatu	b a r k a t u
barna	b a r n a
barne	b a r n e
barnean	b a r n e a n
barrabil	b a r a b i l
barraskilo	b a r a s̺ k i l o
barre	b a r e
barren	b a r e n
barrena	b a r e n a
barri	b a r i
bart	b a r t
basakatu	b a s̺ a k a t u
basamortu	b a s̺ a m o r t u
basara	b a s̺ a ɾ a
basaran	b a s̺ a ɾ a n
basarte	b a s̺ a r t e
basarto	b a s̺ a r t o
basate	b a s̺ a t e
basati	b a s̺ a t i
baseliza	b a s̺ e l i s̺ a
baserri	b a s̺ e r i
baserritar	b a s̺ e r i t a r
baserritartu	b a s̺ e r i t a r t u
baserritartuko	b a s̺ e r i t a r t u k o
baserritartze	b a s̺ e r i t a r t͡s̻ e
baserritartzen	b a s̺ e r i t a r t͡s̻ e n
baso	b a s̺ o
basolo	b a s̺ o l o
basurde	b a s̺ u r d e
bat	b a t
bata	b a t a
bataiatu	b a t a i̯ a t u
bataio	b a t a i̯ o
batak	b a t a k
batasun	b a t a s̺ u n
batean	b a t e a n
batek	b a t e k
batel	b a t e l
baten	b a t e n
batera	b a t e ɾ a
batez	b a t e s̺
bati	b a t i
batu	b a t u
batxiler	b a t͡ʃ i l e r
batxilergo	b a t͡ʃ i l e r ɡ o
batzoki	b a t͡s̻ o k i
batzuetan	b a t͡s̻ u e t a n
batzuk	b a t͡s̻ u k
bautsete	b a u̯ t͡s̺ e t e
baxu	b a ʃ u
bazabiltza	b a s̺ a b i l t͡s̻ a
bazabiltzate	b a s̺ a b i l t͡s̻ a t e
bazabilzkidate	b a s̺ a b i l s̺ k i d a t e
bazabilzkie	b a s̺ a b i l s̺ k i e
bazabilzkiete	b a s̺ a b i l s̺ k i e t e
bazabilzkigu	b a s̺ a b i l s̺ k i ɡ u
bazabilzkigute	b a s̺ a b i l s̺ k i ɡ u t e
bazabilzkio	b a s̺ a b i l s̺ k i o
bazabilzkiote	b a s̺ a b i l s̺ k i o t e
bazabilzkit	b a s̺ a b i l s̺ k i t
bazagozkidate	b a s̺ a ɡ o s̺ k i d a t e
bazagozkie	b a s̺ a ɡ o s̺ k i e
bazagozkiete	b a s̺ a ɡ o s̺ k i e t e
bazagozkigu	b a s̺ a ɡ o s̺ k i ɡ u
bazagozkigute	b a s̺ a ɡ o s̺ k i ɡ u t e
bazagozkio	b a s̺ a ɡ o s̺ k i o
bazagozkiote	b a s̺ a ɡ o s̺ k i o t e
bazagozkit	b a s̺ a ɡ o s̺ k i t
bazaitez	b a s̺ a i̯ t e s̺
bazaitezte	b a s̺ a i̯ t e s̺ t e
bazaitza	b a s̺ a i̯ t͡s̻ a
bazaitzagu	b a s̺ a i̯ t͡s̻ a ɡ u
bazaitzat	b a s̺ a i̯ t͡s̻ a t
bazaitzate	b a s̺ a i̯ t͡s̻ a t e
bazaitzategu	b a s̺ a i̯ t͡s̻ a t e ɡ u
bazaitzatet	b a s̺ a i̯ t͡s̻ a t e t
bazaitzatete	b a s̺ a i̯ t͡s̻ a t e t e
bazatoz	b a s̺ a t o s̺
bazatozkidate	b a s̺ a t o s̺ k i d a t e
bazatozkie	b a s̺ a t o s̺ k i e
bazatozkiete	b a s̺ a t o s̺ k i e t e
bazatozkigu	b a s̺ a t o s̺ k i ɡ u
bazatozkigute	b a s̺ a t o s̺ k i ɡ u t e
bazatozkio	b a s̺ a t o s̺ k i o
bazatozkiote	b a s̺ a t o s̺ k i o t e
bazatozkit	b a s̺ a t o s̺ k i t
bazatozte	b a s̺ a t o s̺ t e
bazaude	b a s̺ a u̯ d e
bazaudete	b a s̺ a u̯ d e t e
bazenbiltza	b a s̺ e m b i l t͡s̻ a
bazenbiltzate	b a s̺ e m b i l t͡s̻ a t e
bazenbilzkidate	b a s̺ e m b i l s̺ k i d a t e
bazenbilzkie	b a s̺ e m b i l s̺ k i e
bazenbilzkiete	b a s̺ e m b i l s̺ k i e t e
bazenbilzkigu	b a s̺ e m b i l s̺ k i ɡ u
bazenbilzkigute	b a s̺ e m b i l s̺ k i ɡ u t e
bazenbilzkio	b a s̺ e m b i l s̺ k i o
bazenbilzkiote	b a s̺ e m b i l s̺ k i o t e
bazenbilzkit	b a s̺ e m b i l s̺ k i t
bazenegi	b a s̺ e n e ɡ i
bazenegidate	b a s̺ e n e ɡ i d a t e
bazenegie	b a s̺ e n e ɡ i e
bazenegiete	b a s̺ e n e ɡ i e t e
bazenegigu	b a s̺ e n e ɡ i ɡ u
bazenegigute	b a s̺ e n e ɡ i ɡ u t e
bazenegio	b a s̺ e n e ɡ i o
bazenegiote	b a s̺ e n e ɡ i o t e
bazenegit	b a s̺ e n e ɡ i t
bazenegite	b a s̺ e n e ɡ i t e
bazenegitza	b a s̺ e n e ɡ i t͡s̻ a
bazenegitzate	b a s̺ e n e ɡ i t͡s̻ a t e
bazenegizkidate	b a s̺ e n e ɡ i s̺ k i d a t e
bazenegizkie	b a s̺ e n e ɡ i s̺ k i e
bazenegizkiete	b a s̺ e n e ɡ i s̺ k i e t e
bazenegizkigu	b a s̺ e n e ɡ i s̺ k i ɡ u
bazenegizkigute	b a s̺ e n e ɡ i s̺ k i ɡ u t e
bazenegizkio	b a s̺ e n e ɡ i s̺ k i o
bazenegizkiote	b a s̺ e n e ɡ i s̺ k i o t e
bazenegizkit	b a s̺ e n e ɡ i s̺ k i t
bazeneki	b a s̺ e n e k i
bazenekite	b a s̺ e n e k i t e
bazenekizki	b a s̺ e n e k i s̺ k i
bazenekizkite	b a s̺ e n e k i s̺ k i t e
bazenekusa	b a s̺ e n e k u s̺ a
bazenekusate	b a s̺ e n e k u s̺ a t e
bazenekuski	b a s̺ e n e k u s̺ k i
bazenekuskite	b a s̺ e n e k u s̺ k i t e
bazenentzu	b a s̺ e n e n t͡s̻ u
bazenentzute	b a s̺ e n e n t͡s̻ u t e
bazenentzuzki	b a s̺ e n e n t͡s̻ u s̺ k i
bazenentzuzkite	b a s̺ e n e n t͡s̻ u s̺ k i t e
bazenerakuski	b a s̺ e n e ɾ a k u s̺ k i
bazenerakuskite	b a s̺ e n e ɾ a k u s̺ k i t e
bazenerakutsa	b a s̺ e n e ɾ a k u t͡s̻ a
bazenerakutsate	b a s̺ e n e ɾ a k u t͡s̻ a t e
bazeneritza	b a s̺ e n e ɾ i t͡s̻ a
bazeneritzate	b a s̺ e n e ɾ i t͡s̻ a t e
bazeneritze	b a s̺ e n e ɾ i t͡s̻ e
bazeneritzete	b a s̺ e n e ɾ i t͡s̻ e t e
bazeneritzo	b a s̺ e n e ɾ i t͡s̻ o
bazeneritzote	b a s̺ e n e ɾ i t͡s̻ o t e
bazenerizku	b a s̺ e n e ɾ i s̺ k u
bazenerizkute	b a s̺ e n e ɾ i s̺ k u t e
bazenerizt	b a s̺ e n e ɾ i s̺ t
bazeneriztate	b a s̺ e n e ɾ i s̺ t a t e
bazenerizte	b a s̺ e n e ɾ i s̺ t e
bazeneriztete	b a s̺ e n e ɾ i s̺ t e t e
bazeneuka	b a s̺ e n e u̯ k a
bazeneukate	b a s̺ e n e u̯ k a t e
bazeneuzka	b a s̺ e n e u̯ s̺ k a
bazeneuzkate	b a s̺ e n e u̯ s̺ k a t e
bazeneza	b a s̺ e n e s̺ a
bazenezagu	b a s̺ e n e s̺ a ɡ u
bazenezagute	b a s̺ e n e s̺ a ɡ u t e
bazenezaguzki	b a s̺ e n e s̺ a ɡ u s̺ k i
bazenezaguzkite	b a s̺ e n e s̺ a ɡ u s̺ k i t e
bazenezate	b a s̺ e n e s̺ a t e
bazengozkidate	b a s̺ e n ɡ o s̺ k i d a t e
bazengozkie	b a s̺ e n ɡ o s̺ k i e
bazengozkiete	b a s̺ e n ɡ o s̺ k i e t e
bazengozkigu	b a s̺ e n ɡ o s̺ k i ɡ u
bazengozkigute	b a s̺ e n ɡ o s̺ k i ɡ u t e
bazengozkio	b a s̺ e n ɡ o s̺ k i o
bazengozkiote	b a s̺ e n ɡ o s̺ k i o t e
bazengozkit	b a s̺ e n ɡ o s̺ k i t
bazenidate	b a s̺ e n i d a t e
bazenihardu	b a s̺ e n i a r d u
bazeniharduka	b a s̺ e n i a r d u k a
bazenihardukate	b a s̺ e n i a r d u k a t e
bazenihardute	b a s̺ e n i a r d u t e
bazenirau	b a s̺ e n i ɾ a u̯
bazeniraute	b a s̺ e n i ɾ a u̯ t e
bazenirudi	b a s̺ e n i ɾ u d i
bazenirudite	b a s̺ e n i ɾ u d i t e
bazenit	b a s̺ e n i t
bazenitu	b a s̺ e n i t u
bazenituzte	b a s̺ e n i t u s̺ t e
bazenitza	b a s̺ e n i t͡s̻ a
bazenitzate	b a s̺ e n i t͡s̻ a t e
bazenizkidate	b a s̺ e n i s̺ k i d a t e
bazenizkit	b a s̺ e n i s̺ k i t
bazentoz	b a s̺ e n t o s̺
bazentozkidate	b a s̺ e n t o s̺ k i d a t e
bazentozkie	b a s̺ e n t o s̺ k i e
bazentozkiete	b a s̺ e n t o s̺ k i e t e
bazentozkigu	b a s̺ e n t o s̺ k i ɡ u
bazentozkigute	b a s̺ e n t o s̺ k i ɡ u t e
bazentozkio	b a s̺ e n t o s̺ k i o
bazentozkiote	b a s̺ e n t o s̺ k i o t e
bazentozkit	b a s̺ e n t o s̺ k i t
bazentozte	b a s̺ e n t o s̺ t e
bazenu	b a s̺ e n u
bazenute	b a s̺ e n u t e
bazeunde	b a s̺ e u̯ n d e
bazeundete	b a s̺ e u̯ n d e t e
bazina	b a s̺ i ɲ a
bazindezaguzki	b a s̺ i n d e s̺ a ɡ u s̺ k i
bazindezaguzkigu	b a s̺ i n d e s̺ a ɡ u s̺ k i ɡ u
bazindezaguzkit	b a s̺ i n d e s̺ a ɡ u s̺ k i t
bazindezaguzkite	b a s̺ i n d e s̺ a ɡ u s̺ k i t e
bazindezaguzte	b a s̺ i n d e s̺ a ɡ u s̺ t e
bazindezaguztegu	b a s̺ i n d e s̺ a ɡ u s̺ t e ɡ u
bazindezaguztet	b a s̺ i n d e s̺ a ɡ u s̺ t e t
bazindezaguztete	b a s̺ i n d e s̺ a ɡ u s̺ t e t e
bazindoaz	b a s̺ i n d o a s̺
bazindoazkidate	b a s̺ i n d o a s̺ k i d a t e
bazindoazkie	b a s̺ i n d o a s̺ k i e
bazindoazkiete	b a s̺ i n d o a s̺ k i e t e
bazindoazkigu	b a s̺ i n d o a s̺ k i ɡ u
bazindoazkigute	b a s̺ i n d o a s̺ k i ɡ u t e
bazindoazkio	b a s̺ i n d o a s̺ k i o
bazindoazkiote	b a s̺ i n d o a s̺ k i o t e
bazindoazkit	b a s̺ i n d o a s̺ k i t
bazindoazte	b a s̺ i n d o a s̺ t e
bazinduzka	b a s̺ i n d u s̺ k a
bazinduzkagu	b a s̺ i n d u s̺ k a ɡ u
bazinduzkat	b a s̺ i n d u s̺ k a t
bazinduzkate	b a s̺ i n d u s̺ k a t e
bazinduzkategu	b a s̺ i n d u s̺ k a t e ɡ u
bazinduzkatet	b a s̺ i n d u s̺ k a t e t
bazinduzkatete	b a s̺ i n d u s̺ k a t e t e
bazinete	b a s̺ i ɲ e t e
bazintez	b a s̺ i n t e s̺
bazintezte	b a s̺ i n t e s̺ t e
bazintu	b a s̺ i n t u
bazintugu	b a s̺ i n t u ɡ u
bazintut	b a s̺ i n t u t
bazintuzte	b a s̺ i n t u s̺ t e
bazintuztegu	b a s̺ i n t u s̺ t e ɡ u
bazintuztet	b a s̺ i n t u s̺ t e t
bazintuztete	b a s̺ i n t u s̺ t e t e
bazintza	b a s̺ i n t͡s̻ a
bazintzagu	b a s̺ i n t͡s̻ a ɡ u
bazintzat	b a s̺ i n t͡s̻ a t
bazintzate	b a s̺ i n t͡s̻ a t e
bazintzategu	b a s̺ i n t͡s̻ a t e ɡ u
bazintzatet	b a s̺ i n t͡s̻ a t e t
bazintzatete	b a s̺ i n t͡s̻ a t e t e
bazkaldu	b a s̻ k a l d u
bazkari	b a s̺ k a ɾ i
bazoaz	b a s̺ o a s̺
bazoazkidate	b a s̺ o a s̺ k i d a t e
bazoazkie	b a s̺ o a s̺ k i e
bazoazkiete	b a s̺ o a s̺ k i e t e
bazoazkigu	b a s̺ o a s̺ k i ɡ u
bazoazkigute	b a s̺ o a s̺ k i ɡ u t e
bazoazkio	b a s̺ o a s̺ k i o
bazoazkiote	b a s̺ o a s̺ k i o t e
bazoazkit	b a s̺ o a s̺ k i t
bazoazte	b a s̺ o a s̺ t e
bazter	b a s̺ t e r
baztertu	b a s̺ t e r t u
be	b e
bebil	b e b i l
bebilkie	b e b i l k i e
bebilkigu	b e b i l k i ɡ u
bebilkik	b e b i l k i k
bebilkin	b e b i l k i n
bebilkio	b e b i l k i o
bebilkit	b e b i l k i t
bebilkizu	b e b i l k i s̺ u
bebilkizue	b e b i l k i s̺ u e
bebiltza	b e b i l t͡s̻ a
bebilzkie	b e b i l s̺ k i e
bebilzkigu	b e b i l s̺ k i ɡ u
bebilzkik	b e b i l s̺ k i k
bebilzkin	b e b i l s̺ k i n
bebilzkio	b e b i l s̺ k i o
bebilzkit	b e b i l s̺ k i t
bebilzkizu	b e b i l s̺ k i s̺ u
bebilzkizue	b e b i l s̺ k i s̺ u e
becquerel	b e k e ɾ e l
bedeinkatu	b e d e i̯ n k a t u
bederatzi	b e d e ɾ a t͡s̻ i
bederatzigarren	b e d e ɾ a t͡s̻ i ɡ a r e n
bedi	b e d i
begi	b e ɡ i
begiluze	b e ɡ i l u s̻ e
begira	b e ɡ i ɾ a
begiratu	b e ɡ i ɾ a t u
begiratuko	b e ɡ i ɾ a t u k o
begiratze	b e ɡ i ɾ a t͡s̻ e
begiratzen	b e ɡ i ɾ a t͡s̻ e n
begite	b e ɡ i t e
begitza	b e ɡ i t͡s̻ a
begitzate	b e ɡ i t͡s̻ a t e
bego	b e ɡ o
begokie	b e ɡ o k i e
begokigu	b e ɡ o k i ɡ u
begokik	b e ɡ o k i k
begokin	b e ɡ o k i n
begokio	b e ɡ o k i o
begokit	b e ɡ o k i t
begokizu	b e ɡ o k i s̺ u
begokizue	b e ɡ o k i s̺ u e
begozkie	b e ɡ o s̺ k i e
begozkigu	b e ɡ o s̺ k i ɡ u
begozkik	b e ɡ o s̺ k i k
begozkin	b e ɡ o s̺ k i n
begozkio	b e ɡ o s̺ k i o
begozkit	b e ɡ o s̺ k i t
begozkizu	b e ɡ o s̺ k i s̺ u
begozkizue	b e ɡ o s̺ k i s̺ u e
behar	b e a r
behartsu	b e a r t͡s̺ u
behartu	b e a r t u
behatz	b e a t͡s̻
behe	b e
behi	b e h i
behikunde	b e h i k u n d e
behor	b e h o r
beira	b e i̯ ɾ a
bekain	b e k a i̯ n
bekar	b e k a r
bekarkiate	b e k a r k i a t e
bekarkidate	b e k a r k i d a t e
bekarkie	b e k a r k i e
bekarkiete	b e k a r k i e t e
bekarkigu	b e k a r k i ɡ u
bekarkigute	b e k a r k i ɡ u t e
bekarkik	b e k a r k i k
bekarkin	b e k a r k i n
bekarkinate	b e k a r k i n a t e
bekarkio	b e k a r k i o
bekarkiote	b e k a r k i o t e
bekarkit	b e k a r k i t
bekarkizu	b e k a r k i s̺ u
bekarkizue	b e k a r k i s̺ u e
bekarkizuete	b e k a r k i s̺ u e t e
bekarkizute	b e k a r k i s̺ u t e
bekarte	b e k a r t e
bekartza	b e k a r t͡s̻ a
bekartzate	b e k a r t͡s̻ a t e
bekarzkiate	b e k a r s̺ k i a t e
bekarzkidate	b e k a r s̺ k i d a t e
bekarzkie	b e k a r s̺ k i e
bekarzkiete	b e k a r s̺ k i e t e
bekarzkigu	b e k a r s̺ k i ɡ u
bekarzkigute	b e k a r s̺ k i ɡ u t e
bekarzkik	b e k a r s̺ k i k
bekarzkin	b e k a r s̺ k i n
bekarzkinate	b e k a r s̺ k i ɲ a t e
bekarzkio	b e k a r s̺ k i o
bekarzkiote	b e k a r s̺ k i o t e
bekarzkit	b e k a r s̺ k i t
bekarzkizu	b e k a r s̺ k i s̺ u
bekarzkizue	b e k a r s̺ k i s̺ u e
bekarzkizuete	b e k a r s̺ k i s̺ u e t e
bekarzkizute	b e k a r s̺ k i s̺ u t e
bekatu	b e k a t u
beki	b e k i
bekie	b e k i e
bekio	b e k i o
bekite	b e k i t e
bekizki	b e k i s̺ k i
bekizkie	b e k i s̺ k i e
bekizkio	b e k i s̺ k i o
bekizkite	b e k i s̺ k i t e
bekusa	b e k u s̺ a
bekusate	b e k u s̺ a t e
bekuski	b e k u s̺ k i
bekuskite	b e k u s̺ k i t e
belar	b e l a r
belarri	b e l a r i
belarritako	b e l a r i t a k o
belaun	b e l a u̯ n
belaunburu	b e l a u̯ m b u ɾ u
beldar	b e l d a r
beldur	b e l d u r
bele	b e l e
belgikar	b e l ɡ i k a r
beltx	b e l t͡ʃ
beltxarga	b e l t͡ʃ a r ɡ a
beltz	b e l t͡s̻
belz	b e l s̺
benta	b e n t a
bentak	b e n t a k
bentari	b e n t a ɾ i
bentek	b e n t e k
bentzu	b e n t͡s̻ u
bentzute	b e n t͡s̻ u t e
bentzuzki	b e n t͡s̻ u s̺ k i
bentzuzkite	b e n t͡s̻ u s̺ k i t e
bepuru	b e p u ɾ u
bera	b e ɾ a
berabil	b e ɾ a b i l
berabilte	b e ɾ a b i l t e
berabiltza	b e ɾ a b i l t͡s̻ a
berabiltzate	b e ɾ a b i l t͡s̻ a t e
berakuski	b e ɾ a k u s̺ k i
berakuskite	b e ɾ a k u s̺ k i t e
berakutsa	b e ɾ a k u t͡s̺ a
berakutsate	b e ɾ a k u t͡s̺ a t e
berama	b e ɾ a m a
beramate	b e ɾ a m a t e
beramatza	b e ɾ a m a t͡s̻ a
beramatzate	b e ɾ a m a t͡s̻ a t e
beraz	b e ɾ a s̺
berba	b e r b a
berde	b e r d e
berdin	b e r d i n
berdindu	b e r d i n d u
berdintasun	b e r d i n t a s̺ u n
berdintsu	b e r d i n t͡s̺ u
berdintza	b e r d i n t͡s̻ a
bere	b e ɾ e
berebil	b e ɾ e b i l
beren	b e ɾ e n
bereziki	b e ɾ e s̺ i k i
berezitasun	b e ɾ e s̺ i t a s̺ u n
beribil	b e ɾ i b i l
berie	b e ɾ i e
berigu	b e ɾ i ɡ u
berik	b e ɾ i k
berilio	b e ɾ i l i o
berin	b e ɾ i n
berio	b e ɾ i o
berit	b e ɾ i t
beritza	b e ɾ i t͡s̻ a
beritzate	b e ɾ i t͡s̻ a t e
beritze	b e ɾ i t͡s̻ e
beritzete	b e ɾ i t͡s̻ e t e
beritzo	b e ɾ i t͡s̻ o
beritzote	b e ɾ i t͡s̻ o t e
beritzu	b e ɾ i t͡s̻ u
beritzue	b e ɾ i t͡s̻ u e
beritzuete	b e ɾ i t͡s̻ u e t e
beritzute	b e ɾ i t͡s̻ u t e
berizate	b e ɾ i s̺ a t e
berizk	b e ɾ i s̺ k
berizkie	b e ɾ i s̺ k i e
berizkigu	b e ɾ i s̺ k i ɡ u
berizkik	b e ɾ i s̺ k i k
berizkin	b e ɾ i s̺ k i n
berizkio	b e ɾ i s̺ k i o
berizkit	b e ɾ i s̺ k i t
berizkizu	b e ɾ i s̺ k i s̺ u
berizkizue	b e ɾ i s̺ k i s̺ u e
berizku	b e ɾ i s̺ k u
berizkute	b e ɾ i s̺ k u t e
berizna	b e ɾ i s̺ n a
beriznate	b e ɾ i s̺ n a t e
berizt	b e ɾ i s̺ t
beriztate	b e ɾ i s̺ t a t e
berizu	b e ɾ i s̺ u
berizue	b e ɾ i s̺ u e
bermatu	b e r m a t u
berme	b e r m e
bero	b e ɾ o
beroa	b e ɾ o a
beroate	b e ɾ o a t e
beroatza	b e ɾ o a t͡s̻ a
beroatzate	b e ɾ o a t͡s̻ a t e
berogailu	b e ɾ o ɡ a i̯ l u
berori	b e ɾ o ɾ i
berpiztu	b e r p i s̺ t u
berraie	b e r a i̯ e
berraigu	b e r a i̯ ɡ u
berraik	b e r a i̯ k
berrain	b e r a i̯ n
berraio	b e r a i̯ o
berrait	b e r a i̯ t
berraizkie	b e r a i̯ s̺ k i e
berraizkigu	b e r a i̯ s̺ k i ɡ u
berraizkik	b e r a i̯ s̺ k i k
berraizkin	b e r a i̯ s̺ k i n
berraizkio	b e r a i̯ s̺ k i o
berraizkit	b e r a i̯ s̺ k i t
berraizkizu	b e r a i̯ s̺ k i s̺ u
berraizkizue	b e r a i̯ s̺ k i s̺ u e
berraizu	b e r a i̯ s̺ u
berraizue	b e r a i̯ s̺ u e
berregin	b e r e ɡ i n
berri	b e r i
berriro	b e r i ɾ o
berritu	b e r i t u
berrogei	b e r o ɡ e i̯
bertikal	b e r t i k a l
bertso	b e r t͡s̺ o
bertsolari	b e r t͡s̺ o l a ɾ i
berun	b e ɾ u n
besape	b e s̺ a p e
besarkada	b e s̺ a r k a d a
besarkatu	b e s̺ a r k a t u
beso	b e s̺ o
besoetako	b e s̺ o e t a k o
beste	b e s̺ t e
bestengusu	b e s̺ t e n ɡ u s̺ u
besterendu	b e s̺ t e ɾ e n d u
betaurreko	b e t a u̯ r e k o
betazal	b e t a s̺ a l
bete	b e t e
beti	b e t i
betile	b e t i l e
betilun	b e t i l u n
betor	b e t o r
betorkie	b e t o r k i e
betorkigu	b e t o r k i ɡ u
betorkik	b e t o r k i k
betorkin	b e t o r k i n
betorkio	b e t o r k i o
betorkit	b e t o r k i t
betorkizu	b e t o r k i s̺ u
betorkizue	b e t o r k i s̺ u e
betoz	b e t o s̺
betozkie	b e t o s̺ k i e
betozkigu	b e t o s̺ k i ɡ u
betozkik	b e t o s̺ k i k
betozkin	b e t o s̺ k i n
betozkio	b e t o s̺ k i o
betozkit	b e t o s̺ k i t
betozkizu	b e t o s̺ k i s̺ u
betozkizue	b e t o s̺ k i s̺ u e
betxekie	b e t͡ʃ e k i e
betxekigu	b e t͡ʃ e k i ɡ u
betxekik	b e t͡ʃ e k i k
betxekin	b e t͡ʃ e k i n
betxekio	b e t͡ʃ e k i o
betxekit	b e t͡ʃ e k i t
betxekizu	b e t͡ʃ e k i s̺ u
betxekizue	b e t͡ʃ e k i s̺ u e
betxezkie	b e t͡ʃ e s̺ k i e
betxezkigu	b e t͡ʃ e s̺ k i ɡ u
betxezkik	b e t͡ʃ e s̺ k i k
betxezkin	b e t͡ʃ e s̺ k i n
betxezkio	b e t͡ʃ e s̺ k i o
betxezkit	b e t͡ʃ e s̺ k i t
betxezkizu	b e t͡ʃ e s̺ k i s̺ u
betxezkizue	b e t͡ʃ e s̺ k i s̺ u e
betza	b e t͡s̻ a
betzulo	b e t͡s̻ u l o
beude	b e u̯ d e
beuka	b e u̯ k a
beukate	b e u̯ k a t e
beutse	b e u̯ t͡s̺ e
beutsete	b e u̯ t͡s̺ e t e
beutso	b e u̯ t͡s̺ o
beutsote	b e u̯ t͡s̺ o t e
beutza	b e u̯ t͡s̻ a
beuzka	b e u̯ s̺ k a
beuzkate	b e u̯ s̺ k a t e
beza	b e s̺ a
bezagu	b e s̺ a ɡ u
bezagute	b e s̺ a ɡ u t e
bezaguzki	b e s̺ a ɡ u s̺ k i
bezaguzkite	b e s̺ a ɡ u s̺ k i t e
bezala	b e s̺ a l a
bezate	b e s̺ a t e
bi	b i
bibote	b i b o t e
bidaia	b i d a i̯ a
bide	b i d e
bidegorri	b i d e ɡ o r i
bidesari	b i d e s̺ a ɾ i
bielorrusiera	b i e l o r u s̺ i e ɾ a
biera	b i e ɾ a
bigarren	b i ɡ a r e n
bihar	b i a r
bihardu	b i a r d u
biharduka	b i a r d u k a
bihardukate	b i a r d u k a t e
bihardute	b i a r d u t e
biharko	b i a r k o
biharrera	b i a r e ɾ a
bihartik	b i a r t i k
bihitegi	b i h i t e ɡ i
bihoa	b i h o a
bihoakie	b i h o a k i e
bihoakigu	b i h o a k i ɡ u
bihoakik	b i h o a k i k
bihoakin	b i h o a k i n
bihoakio	b i h o a k i o
bihoakit	b i h o a k i t
bihoakizu	b i h o a k i s̻ u
bihoakizue	b i h o a k i s̻ u e
bihoaz	b i h o a s̻
bihoazkie	b i h o a s̻ k i e
bihoazkigu	b i h o a s̻ k i ɡ u
bihoazkik	b i h o a s̻ k i k
bihoazkin	b i h o a s̻ k i n
bihoazkio	b i h o a s̻ k i o
bihoazkit	b i h o a s̻ k i t
bihoazkizu	b i h o a s̻ k i s̻ u
bihoazkizue	b i h o a s̻ k i s̻ u e
bihotz	b i h o t͡s̻
bihotzerre	b i h o t͡s̻ e r e
bihur	b i h u r
bihurri	b i h u r i
bihurritu	b i h u r i t u
bihurtu	b i h u r t u
bikain	b i k a i̯ n
bikoitz	b i k o i̯ t͡s̻
bikote	b i k o t e
bila	b i l a
bilaketa	b i l a k e t a
bilatu	b i l a t u
bilbotar	b i l b o t a r
bildil	b i l d i l
bildots	b i l d o t͡s̺
bildu	b i l d u
bildumagile	b i l d u m a ɡ i l e
bilur	b i l u r
biologia	b i o l o ɡ i a
biologiak	b i o l o ɡ i a k
biologo	b i o l o ɡ o
bira	b i ɾ a
birao	b i ɾ a o
birau	b i ɾ a u̯
biraute	b i ɾ a u̯ t e
biribilketa	b i ɾ i b i l k e t a
birika	b i ɾ i k a
birudi	b i ɾ u d i
birudite	b i ɾ u d i t e
bisexualitate	b i s̺ e k s̺ u a l i t a t e
bisita	b i s̺ i t a
bista	b i s̺ t a
bisuts	b i s̺ u t͡s̺
bitartean	b i t a r t e a n
bitez	b i t e s̺
bitza	b i t͡s̻ a
bitzate	b i t͡s̻ a t e
biz	b i s̺
bizar	b i s̺ a r
bizargile	b i s̺ a r ɡ i ʎ e
bizi	b i s̺ i
bizikleta	b i s̺ i k l e t a
bizimodu	b i s̺ i m o d u
bizitza	b i s̺ i t͡s̻ a
bizkar	b i s̺ k a r
bizkor	b i s̺ k o r
bizpahiru	b i s̺ p a i̯ ɾ u
bizpahirunaka	b i s̺ p a i̯ ɾ u n a k a
biztanle	b i s̺ t a n l e
bloke	b l o k e
boilur	b o i̯ l u r
bolada	b o l a d a
bolante	b o l a n t e
boli	b o l i
boligrafo	b o l i ɡ r a f o
borda	b o r d a
bordak	b o r d a k
bordako	b o r d a k o
bordalde	b o r d a l d e
bordaldea	b o r d a l d e a
bordaldeak	b o r d a l d e a k
bordaldean	b o r d a l d e a n
bordaldearekin	b o r d a l d e a ɾ e k i n
bordaldearen	b o r d a l d e a ɾ e n
bordaldearengatik	b o r d a l d e a ɾ e n ɡ a t i k
bordaldearentzat	b o r d a l d e a ɾ e n t͡s̻ a t
bordaldeari	b o r d a l d e a ɾ i
bordaldeaz	b o r d a l d e a s̺
bordaldeei	b o r d a l d e e i̯
bordaldeek	b o r d a l d e e k
bordaldeekin	b o r d a l d e e k i n
bordaldeen	b o r d a l d e e n
bordaldeengatik	b o r d a l d e e n ɡ a t i k
bordaldeentzat	b o r d a l d e e n t͡s̻ a t
bordaldeetako	b o r d a l d e e t a k o
bordaldeetan	b o r d a l d e e t a n
bordaldeetara	b o r d a l d e e t a ɾ a
bordaldeetaraino	b o r d a l d e e t a ɾ a i̯ n o
bordaldeetarako	b o r d a l d e e t a ɾ a k o
bordaldeetarantz	b o r d a l d e e t a ɾ a n t͡s̻
bordaldeetatik	b o r d a l d e e t a t i k
bordaldeez	b o r d a l d e e s̺
bordaldek	b o r d a l d e k
bordaldeko	b o r d a l d e k o
bordaldera	b o r d a l d e ɾ a
bordalderaino	b o r d a l d e ɾ a i̯ n o
bordalderako	b o r d a l d e ɾ a k o
bordalderantz	b o r d a l d e ɾ a n t͡s̻
bordalderekin	b o r d a l d e ɾ e k i n
bordalderen	b o r d a l d e ɾ e n
bordalderengatik	b o r d a l d e ɾ e n ɡ a t i k
bordalderentzat	b o r d a l d e ɾ e n t͡s̻ a t
bordalderi	b o r d a l d e ɾ i
bordalderik	b o r d a l d e ɾ i k
bordaldetako	b o r d a l d e t a k o
bordaldetan	b o r d a l d e t a n
bordaldetara	b o r d a l d e t a ɾ a
bordaldetaraino	b o r d a l d e t a ɾ a i̯ n o
bordaldetarako	b o r d a l d e t a ɾ a k o
bordaldetarantz	b o r d a l d e t a ɾ a n t͡s̻
bordaldetatik	b o r d a l d e t a t i k
bordaldetik	b o r d a l d e t i k
bordaldetzat	b o r d a l d e t͡s̻ a t
bordaldez	b o r d a l d e s̺
bordan	b o r d a n
bordara	b o r d a ɾ a
bordaraino	b o r d a ɾ a i̯ n o
bordarako	b o r d a ɾ a k o
bordarantz	b o r d a ɾ a n t͡s̻
bordarekin	b o r d a ɾ e k i n
bordaren	b o r d a ɾ e n
bordarengatik	b o r d a ɾ e n ɡ a t i k
bordarentzat	b o r d a ɾ e n t͡s̻ a t
bordari	b o r d a ɾ i
bordaria	b o r d a ɾ i a
bordariak	b o r d a ɾ i a k
bordarian	b o r d a ɾ i a n
bordariarekin	b o r d a ɾ i a ɾ e k i n
bordariaren	b o r d a ɾ i a ɾ e n
bordariarengan	b o r d a ɾ i a ɾ e n ɡ a n
bordariarengana	b o r d a ɾ i a ɾ e n ɡ a n a
bordariarenganaino	b o r d a ɾ i a ɾ e n ɡ a n a i̯ n o
bordariarenganako	b o r d a ɾ i a ɾ e n ɡ a n a k o
bordariarenganantz	b o r d a ɾ i a ɾ e n ɡ a n a n t͡s̻
bordariarengandik	b o r d a ɾ i a ɾ e n ɡ a n d i k
bordariarengatik	b o r d a ɾ i a ɾ e n ɡ a t i k
bordariarentzat	b o r d a ɾ i a ɾ e n t͡s̻ a t
bordariari	b o r d a ɾ i a ɾ i
bordariaz	b o r d a ɾ i a s̺
bordariei	b o r d a ɾ i e i̯
bordariek	b o r d a ɾ i e k
bordariekin	b o r d a ɾ i e k i n
bordarien	b o r d a ɾ i e n
bordariengan	b o r d a ɾ i e n ɡ a n
bordariengana	b o r d a ɾ i e n ɡ a n a
bordarienganaino	b o r d a ɾ i e n ɡ a n a i̯ n o
bordarienganako	b o r d a ɾ i e n ɡ a n a k o
bordarienganantz	b o r d a ɾ i e n ɡ a n a n t͡s̻
bordariengandik	b o r d a ɾ i e n ɡ a n d i k
bordariengatik	b o r d a ɾ i e n ɡ a t i k
bordarientzat	b o r d a ɾ i e n t͡s̻ a t
bordarietako	b o r d a ɾ i e t a k o
bordarietan	b o r d a ɾ i e t a n
bordarietara	b o r d a ɾ i e t a ɾ a
bordarietaraino	b o r d a ɾ i e t a ɾ a i̯ n o
bordarietarako	b o r d a ɾ i e t a ɾ a k o
bordarietarantz	b o r d a ɾ i e t a ɾ a n t͡s̻
bordarietatik	b o r d a ɾ i e t a t i k
bordariez	b o r d a ɾ i e s̺
bordarik	b o r d a ɾ i k
bordariko	b o r d a ɾ i k o
bordarira	b o r d a ɾ i ɾ a
bordariraino	b o r d a ɾ i ɾ a i̯ n o
bordarirako	b o r d a ɾ i ɾ a k o
bordarirantz	b o r d a ɾ i ɾ a n t͡s̻
bordarirekin	b o r d a ɾ i ɾ e k i n
bordariren	b o r d a ɾ i ɾ e n
bordarirengan	b o r d a ɾ i ɾ e n ɡ a n
bordarirengana	b o r d a ɾ i ɾ e n ɡ a n a
bordarirenganaino	b o r d a ɾ i ɾ e n ɡ a n a i̯ n o
bordarirenganako	b o r d a ɾ i ɾ e n ɡ a n a k o
bordarirenganantz	b o r d a ɾ i ɾ e n ɡ a n a n t͡s̻
bordarirengandik	b o r d a ɾ i ɾ e n ɡ a n d i k
bordarirengatik	b o r d a ɾ i ɾ e n ɡ a t i k
bordarirentzat	b o r d a ɾ i ɾ e n t͡s̻ a t
bordariri	b o r d a ɾ i ɾ i
bordaririk	b o r d a ɾ i ɾ i k
bordaritako	b o r d a ɾ i t a k o
bordaritan	b o r d a ɾ i t a n
bordaritara	b o r d a ɾ i t a ɾ a
bordaritaraino	b o r d a ɾ i t a ɾ a i̯ n o
bordaritarako	b o r d a ɾ i t a ɾ a k o
bordaritarantz	b o r d a ɾ i t a ɾ a n t͡s̻
bordaritatik	b o r d a ɾ i t a t i k
bordaritik	b o r d a ɾ i t i k
bordaritzat	b o r d a ɾ i t͡s̻ a t
bordariz	b o r d a ɾ i s̺
bordatako	b o r d a t a k o
bordatan	b o r d a t a n
bordatara	b o r d a t a ɾ a
bordataraino	b o r d a t a ɾ a i̯ n o
bordatarako	b o r d a t a ɾ a k o
bordatarantz	b o r d a t a ɾ a n t͡s̻
bordatatik	b o r d a t a t i k
bordatik	b o r d a t i k
bordatxo	b o r d a t͡ʃ o
bordatzat	b o r d a t͡s̻ a t
bordaz	b o r d a s̺
bordei	b o r d e i̯
bordek	b o r d e k
bordekin	b o r d e k i n
borden	b o r d e n
bordengatik	b o r d e n ɡ a t i k
bordentzat	b o r d e n t͡s̻ a t
bordetako	b o r d e t a k o
bordetan	b o r d e t a n
bordetara	b o r d e t a ɾ a
bordetaraino	b o r d e t a ɾ a i̯ n o
bordetarako	b o r d e t a ɾ a k o
bordetarantz	b o r d e t a ɾ a n t͡s̻
bordetatik	b o r d e t a t i k
bordez	b o r d e s̺
boro	b o ɾ o
borondate	b o ɾ o n d a t e
boronde	b o ɾ o n d e
borrero	b o r e ɾ o
bosgarren	b o s̺ ɡ a r e n
boskoitz	b o s̺ k o i̯ t͡s̻
bosniera	b o s̺ n i e ɾ a
bost	b o s̺
bosten	b o s̺ t e n
bostortz	b o s̺ t o r t͡s̻
bota	b o t a
botere	b o t e ɾ e
botila	b o t i l a
boto	b o t o
botoi	b o t o i̯
boz	b o s̺
bozkatu	b o s̺ k a t u
bozketa	b o s̺ k e t a
bretoiera	b r e t o i̯ e ɾ a
brusa	b r u s̺ a
bukaera	b u k a e ɾ a
bukatu	b u k a t u
bular	b u l a r
bularki	b u l a r k i
bularretako	b u l a r e t a k o
bulegari	b u l e ɡ a ɾ i
bulego	b u l e ɡ o
bulgariera	b u l ɡ a ɾ i e ɾ a
bumeran	b u m e ɾ a n
burdina	b u r d i n a
burdinbide	b u r d i m b i d e
burdingintza	b u r d i n ɡ i n t͡s̻ a
burezur	b u ɾ e s̺ u r
burko	b u r k o
buru	b u ɾ u
burugogor	b u ɾ u ɡ o ɡ o r
buruil	b u ɾ u i̯ l
burukomin	b u ɾ u k o m i n
burumuin	b u ɾ u m u i̯ n
burusoil	b u ɾ u s̺ o i̯ l
buruz	b u ɾ u s̺
busti	b u s̺ t i
bustialdi	b u s̺ t i a l d i
bustidura	b u s̺ t i d u ɾ a
buztan	b u s̺ t a n
buztingile	b u s̺ t i n ɡ i ʎ e
bypass	b a i̯ p a s̺
byte	b a i̯ t
büü	b y y
caboverdetar	k a b o b e r d e t a r
camembert	k a m e m b e r
camping	k a m p i n
campus	k a m p u s̺
capoeira	k a p o e i̯ ɾ a
casting	k a s̺ t i n
catering	k a t e ɾ i n
cava	k a b a
cello	t͡ʃ e l o
chantilly	ʃ a n t i ʎ i
charleston	t͡ʃ a r l e s̺ t o n
charter	t͡ʃ a r t e r
chauvinista	t͡ʃ o b i n i s̺ t a
chef	t͡ʃ e f
chihuahua	t͡ʃ i w a w a
cicerone	s̺ i s̺ e ɾ o n e
clown	k l a u̯ n
collage	k o l a ʃ
collie	k o l i
copyleft	k o p i l e f t
copyright	k o p i r a i̯ t
costarricar	k o s̺ t a r i k a r
coulomb	k u l o m
country	k a u̯ n t r i
cowboy	k a u̯ b o i̯
cricket	k r i k e t
croissant	k r w a s̺ a n
cromlech	k r o m l e t͡ʃ
cross	k r o s̺
cumbia	k u m b i a
curling	k u r l i n
curriculum	k u r i k u l u m
curry	k u r i
da	d a
dabil	d a b i l
dabilela	d a b i l e l a
dabilen	d a b i l e n
dabilke	d a b i l k e
dabilkiake	d a b i l k i a k e
dabilkian	d a b i l k i a n
dabilkidake	d a b i l k i d a k e
dabilkidan	d a b i l k i d a n
dabilkie	d a b i l k i e
dabilkieke	d a b i l k i e k e
dabilkien	d a b i l k i e n
dabilkigu	d a b i l k i ɡ u
dabilkiguke	d a b i l k i ɡ u k e
dabilkigun	d a b i l k i ɡ u n
dabilkik	d a b i l k i k
dabilkin	d a b i l k i n
dabilkinake	d a b i l k i n a k e
dabilkinan	d a b i l k i n a n
dabilkio	d a b i l k i o
dabilkioke	d a b i l k i o k e
dabilkion	d a b i l k i o n
dabilkit	d a b i l k i t
dabilkizu	d a b i l k i s̺ u
dabilkizue	d a b i l k i s̺ u e
dabilkizueke	d a b i l k i s̺ u e k e
dabilkizuen	d a b i l k i s̺ u e n
dabilkizuke	d a b i l k i s̺ u k e
dabilkizun	d a b i l k i s̺ u n
dabiltza	d a b i l t͡s̻ a
dabiltzala	d a b i l t͡s̻ a l a
dabiltzan	d a b i l t͡s̻ a n
dabilzke	d a b i l s̺ k e
dabilzkiake	d a b i l s̺ k i a k e
dabilzkian	d a b i l s̺ k i a n
dabilzkidake	d a b i l s̺ k i d a k e
dabilzkidan	d a b i l s̺ k i d a n
dabilzkie	d a b i l s̺ k i e
dabilzkieke	d a b i l s̺ k i e k e
dabilzkien	d a b i l s̺ k i e n
dabilzkigu	d a b i l s̺ k i ɡ u
dabilzkiguke	d a b i l s̺ k i ɡ u k e
dabilzkigun	d a b i l s̺ k i ɡ u n
dabilzkik	d a b i l s̺ k i k
dabilzkin	d a b i l s̺ k i n
dabilzkinake	d a b i l s̺ k i ɲ a k e
dabilzkinan	d a b i l s̺ k i ɲ a n
dabilzkio	d a b i l s̺ k i o
dabilzkioke	d a b i l s̺ k i o k e
dabilzkion	d a b i l s̺ k i o n
dabilzkit	d a b i l s̺ k i t
dabilzkizu	d a b i l s̺ k i s̺ u
dabilzkizue	d a b i l s̺ k i s̺ u e
dabilzkizueke	d a b i l s̺ k i s̺ u e k e
dabilzkizuen	d a b i l s̺ k i s̺ u e n
dabilzkizuke	d a b i l s̺ k i s̺ u k e
dabilzkizun	d a b i l s̺ k i s̺ u n
dadila	d a d i l a
dadin	d a d i n
dagi	d a ɡ i
dagigu	d a ɡ i ɡ u
dagik	d a ɡ i k
dagin	d a ɡ i n
dagit	d a ɡ i t
dagite	d a ɡ i t e
dagitza	d a ɡ i t͡s̻ a
dagitzagu	d a ɡ i t͡s̻ a ɡ u
dagitzak	d a ɡ i t͡s̻ a k
dagitzan	d a ɡ i t͡s̻ a n
dagitzat	d a ɡ i t͡s̻ a t
dagitzate	d a ɡ i t͡s̻ a t e
dagitzazu	d a ɡ i t͡s̻ a s̺ u
dagitzazue	d a ɡ i t͡s̻ a s̺ u e
dagizu	d a ɡ i s̺ u
dagizue	d a ɡ i s̺ u e
dago	d a ɡ o
dagoela	d a ɡ o e l a
dagoen	d a ɡ o e n
dagoke	d a ɡ o k e
dagokiake	d a ɡ o k i a k e
dagokian	d a ɡ o k i a n
dagokidake	d a ɡ o k i d a k e
dagokidan	d a ɡ o k i d a n
dagokie	d a ɡ o k i e
dagokieke	d a ɡ o k i e k e
dagokien	d a ɡ o k i e n
dagokigu	d a ɡ o k i ɡ u
dagokiguke	d a ɡ o k i ɡ u k e
dagokigun	d a ɡ o k i ɡ u n
dagokik	d a ɡ o k i k
dagokin	d a ɡ o k i n
dagokinake	d a ɡ o k i n a k e
dagokinan	d a ɡ o k i n a n
dagokio	d a ɡ o k i o
dagokioke	d a ɡ o k i o k e
dagokion	d a ɡ o k i o n
dagokit	d a ɡ o k i t
dagokizu	d a ɡ o k i s̺ u
dagokizue	d a ɡ o k i s̺ u e
dagokizueke	d a ɡ o k i s̺ u e k e
dagokizuen	d a ɡ o k i s̺ u e n
dagokizuke	d a ɡ o k i s̺ u k e
dagokizun	d a ɡ o k i s̺ u n
dagonil	d a ɡ o n i l
dagozkiake	d a ɡ o s̺ k i a k e
dagozkian	d a ɡ o s̺ k i a n
dagozkidake	d a ɡ o s̺ k i d a k e
dagozkidan	d a ɡ o s̺ k i d a n
dagozkie	d a ɡ o s̺ k i e
dagozkieke	d a ɡ o s̺ k i e k e
dagozkien	d a ɡ o s̺ k i e n
dagozkigu	d a ɡ o s̺ k i ɡ u
dagozkiguke	d a ɡ o s̺ k i ɡ u k e
dagozkigun	d a ɡ o s̺ k i ɡ u n
dagozkik	d a ɡ o s̺ k i k
dagozkin	d a ɡ o s̺ k i n
dagozkinake	d a ɡ o s̺ k i ɲ a k e
dagozkinan	d a ɡ o s̺ k i ɲ a n
dagozkio	d a ɡ o s̺ k i o
dagozkioke	d a ɡ o s̺ k i o k e
dagozkion	d a ɡ o s̺ k i o n
dagozkit	d a ɡ o s̺ k i t
dagozkizu	d a ɡ o s̺ k i s̺ u
dagozkizue	d a ɡ o s̺ k i s̺ u e
dagozkizueke	d a ɡ o s̺ k i s̺ u e k e
dagozkizuen	d a ɡ o s̺ k i s̺ u e n
dagozkizuke	d a ɡ o s̺ k i s̺ u k e
dagozkizun	d a ɡ o s̺ k i s̺ u n
daiteke	d a i̯ t e k e
daitekek	d a i̯ t e k e k
daiteken	d a i̯ t e k e n
daitezela	d a i̯ t e s̺ e l a
daitezen	d a i̯ t e s̺ e n
daitezke	d a i̯ t e s̺ k e
daitezkek	d a i̯ t e s̺ k e k
daitezken	d a i̯ t e s̺ k e n
dakar	d a k a r
dakargu	d a k a r ɡ u
dakark	d a k a r k
dakarkiagu	d a k a r k i a ɡ u
dakarkiat	d a k a r k i a t
dakarkiate	d a k a r k i a t e
dakarkidak	d a k a r k i d a k
dakarkidan	d a k a r k i d a n
dakarkidate	d a k a r k i d a t e
dakarkidazu	d a k a r k i d a s̺ u
dakarkidazue	d a k a r k i d a s̺ u e
dakarkie	d a k a r k i e
dakarkiegu	d a k a r k i e ɡ u
dakarkiek	d a k a r k i e k
dakarkien	d a k a r k i e n
dakarkiet	d a k a r k i e t
dakarkiete	d a k a r k i e t e
dakarkiezu	d a k a r k i e s̺ u
dakarkiezue	d a k a r k i e s̺ u e
dakarkigu	d a k a r k i ɡ u
dakarkiguk	d a k a r k i ɡ u k
dakarkigun	d a k a r k i ɡ u n
dakarkigute	d a k a r k i ɡ u t e
dakarkiguzu	d a k a r k i ɡ u s̺ u
dakarkiguzue	d a k a r k i ɡ u s̺ u e
dakarkik	d a k a r k i k
dakarkin	d a k a r k i n
dakarkinagu	d a k a r k i n a ɡ u
dakarkinat	d a k a r k i n a t
dakarkinate	d a k a r k i n a t e
dakarkio	d a k a r k i o
dakarkiogu	d a k a r k i o ɡ u
dakarkiok	d a k a r k i o k
dakarkion	d a k a r k i o n
dakarkiot	d a k a r k i o t
dakarkiote	d a k a r k i o t e
dakarkiozu	d a k a r k i o s̺ u
dakarkiozue	d a k a r k i o s̺ u e
dakarkit	d a k a r k i t
dakarkizu	d a k a r k i s̺ u
dakarkizue	d a k a r k i s̺ u e
dakarkizuegu	d a k a r k i s̺ u e ɡ u
dakarkizuet	d a k a r k i s̺ u e t
dakarkizuete	d a k a r k i s̺ u e t e
dakarkizugu	d a k a r k i s̺ u ɡ u
dakarkizut	d a k a r k i s̺ u t
dakarkizute	d a k a r k i s̺ u t e
dakarna	d a k a r n a
dakart	d a k a r t
dakarte	d a k a r t e
dakartza	d a k a r t͡s̻ a
dakartzagu	d a k a r t͡s̻ a ɡ u
dakartzak	d a k a r t͡s̻ a k
dakartzan	d a k a r t͡s̻ a n
dakartzat	d a k a r t͡s̻ a t
dakartzate	d a k a r t͡s̻ a t e
dakartzazu	d a k a r t͡s̻ a s̺ u
dakartzazue	d a k a r t͡s̻ a s̺ u e
dakarzkiagu	d a k a r s̺ k i a ɡ u
dakarzkiat	d a k a r s̺ k i a t
dakarzkiate	d a k a r s̺ k i a t e
dakarzkidak	d a k a r s̺ k i d a k
dakarzkidan	d a k a r s̺ k i d a n
dakarzkidate	d a k a r s̺ k i d a t e
dakarzkidazu	d a k a r s̺ k i d a s̺ u
dakarzkidazue	d a k a r s̺ k i d a s̺ u e
dakarzkie	d a k a r s̺ k i e
dakarzkiegu	d a k a r s̺ k i e ɡ u
dakarzkiek	d a k a r s̺ k i e k
dakarzkien	d a k a r s̺ k i e n
dakarzkiet	d a k a r s̺ k i e t
dakarzkiete	d a k a r s̺ k i e t e
dakarzkiezu	d a k a r s̺ k i e s̺ u
dakarzkiezue	d a k a r s̺ k i e s̺ u e
dakarzkigu	d a k a r s̺ k i ɡ u
dakarzkiguk	d a k a r s̺ k i ɡ u k
dakarzkigun	d a k a r s̺ k i ɡ u n
dakarzkigute	d a k a r s̺ k i ɡ u t e
dakarzkiguzu	d a k a r s̺ k i ɡ u s̺ u
dakarzkiguzue	d a k a r s̺ k i ɡ u s̺ u e
dakarzkik	d a k a r s̺ k i k
dakarzkin	d a k a r s̺ k i n
dakarzkinagu	d a k a r s̺ k i ɲ a ɡ u
dakarzkinat	d a k a r s̺ k i ɲ a t
dakarzkinate	d a k a r s̺ k i ɲ a t e
dakarzkio	d a k a r s̺ k i o
dakarzkiogu	d a k a r s̺ k i o ɡ u
dakarzkiok	d a k a r s̺ k i o k
dakarzkion	d a k a r s̺ k i o n
dakarzkiot	d a k a r s̺ k i o t
dakarzkiote	d a k a r s̺ k i o t e
dakarzkiozu	d a k a r s̺ k i o s̺ u
dakarzkiozue	d a k a r s̺ k i o s̺ u e
dakarzkit	d a k a r s̺ k i t
dakarzkizu	d a k a r s̺ k i s̺ u
dakarzkizue	d a k a r s̺ k i s̺ u e
dakarzkizuegu	d a k a r s̺ k i s̺ u e ɡ u
dakarzkizuet	d a k a r s̺ k i s̺ u e t
dakarzkizuete	d a k a r s̺ k i s̺ u e t e
dakarzkizugu	d a k a r s̺ k i s̺ u ɡ u
dakarzkizut	d a k a r s̺ k i s̺ u t
dakarzkizute	d a k a r s̺ k i s̺ u t e
dakarzu	d a k a r s̺ u
dakarzue	d a k a r s̺ u e
daki	d a k i
dakigu	d a k i ɡ u
dakik	d a k i k
dakin	d a k i n
dakit	d a k i t
dakite	d a k i t e
dakizki	d a k i s̺ k i
dakizkigu	d a k i s̺ k i ɡ u
dakizkik	d a k i s̺ k i k
dakizkin	d a k i s̺ k i n
dakizkit	d a k i s̺ k i t
dakizkite	d a k i s̺ k i t e
dakizkizu	d a k i s̺ k i s̺ u
dakizkizue	d a k i s̺ k i s̺ u e
dakizu	d a k i s̺ u
dakizue	d a k i s̺ u e
dakusa	d a k u s̺ a
dakusagu	d a k u s̺ a ɡ u
dakusak	d a k u s̺ a k
dakusan	d a k u s̺ a n
dakusat	d a k u s̺ a t
dakusate	d a k u s̺ a t e
dakusazu	d a k u s̺ a s̺ u
dakusazue	d a k u s̺ a s̺ u e
dakuski	d a k u s̺ k i
dakuskigu	d a k u s̺ k i ɡ u
dakuskik	d a k u s̺ k i k
dakuskin	d a k u s̺ k i n
dakuskit	d a k u s̺ k i t
dakuskite	d a k u s̺ k i t e
dakuskizu	d a k u s̺ k i s̺ u
dakuskizue	d a k u s̺ k i s̺ u e
damu	d a m u
damutu	d a m u t u
daniera	d a n i e ɾ a
dantza	d a n t͡s̻ a
dantzu	d a n t͡s̻ u
dantzugu	d a n t͡s̻ u ɡ u
dantzuk	d a n t͡s̻ u k
dantzun	d a n t͡s̻ u n
dantzut	d a n t͡s̻ u t
dantzute	d a n t͡s̻ u t e
dantzuzki	d a n t͡s̻ u s̺ k i
dantzuzkigu	d a n t͡s̻ u s̺ k i ɡ u
dantzuzkik	d a n t͡s̻ u s̺ k i k
dantzuzkin	d a n t͡s̻ u s̺ k i n
dantzuzkit	d a n t͡s̻ u s̺ k i t
dantzuzkite	d a n t͡s̻ u s̺ k i t e
dantzuzkizu	d a n t͡s̻ u s̺ k i s̺ u
dantzuzkizue	d a n t͡s̻ u s̺ k i s̺ u e
dantzuzu	d a n t͡s̻ u s̺ u
dantzuzue	d a n t͡s̻ u s̺ u e
darabil	d a ɾ a b i l
darabilgu	d a ɾ a b i l ɡ u
darabilk	d a ɾ a b i l k
darabilkiagu	d a ɾ a b i l k i a ɡ u
darabilkiat	d a ɾ a b i l k i a t
darabilkiate	d a ɾ a b i l k i a t e
darabilkidak	d a ɾ a b i l k i d a k
darabilkidan	d a ɾ a b i l k i d a n
darabilkidate	d a ɾ a b i l k i d a t e
darabilkidazu	d a ɾ a b i l k i d a s̺ u
darabilkidazue	d a ɾ a b i l k i d a s̺ u e
darabilkik	d a ɾ a b i l k i k
darabilkin	d a ɾ a b i l k i n
darabilkinagu	d a ɾ a b i l k i n a ɡ u
darabilkinat	d a ɾ a b i l k i n a t
darabilkinate	d a ɾ a b i l k i n a t e
darabilkit	d a ɾ a b i l k i t
darabilna	d a ɾ a b i l n a
darabilt	d a ɾ a b i l t
darabilte	d a ɾ a b i l t e
darabiltza	d a ɾ a b i l t͡s̻ a
darabiltzagu	d a ɾ a b i l t͡s̻ a ɡ u
darabiltzak	d a ɾ a b i l t͡s̻ a k
darabiltzan	d a ɾ a b i l t͡s̻ a n
darabiltzat	d a ɾ a b i l t͡s̻ a t
darabiltzate	d a ɾ a b i l t͡s̻ a t e
darabiltzazu	d a ɾ a b i l t͡s̻ a s̺ u
darabiltzazue	d a ɾ a b i l t͡s̻ a s̺ u e
darabilzkiagu	d a ɾ a b i l s̺ k i a ɡ u
darabilzkiat	d a ɾ a b i l s̺ k i a t
darabilzkiate	d a ɾ a b i l s̺ k i a t e
darabilzkidak	d a ɾ a b i l s̺ k i d a k
darabilzkidan	d a ɾ a b i l s̺ k i d a n
darabilzkidate	d a ɾ a b i l s̺ k i d a t e
darabilzkidazu	d a ɾ a b i l s̺ k i d a s̺ u
darabilzkidazue	d a ɾ a b i l s̺ k i d a s̺ u e
darabilzkik	d a ɾ a b i l s̺ k i k
darabilzkin	d a ɾ a b i l s̺ k i n
darabilzkinagu	d a ɾ a b i l s̺ k i ɲ a ɡ u
darabilzkinat	d a ɾ a b i l s̺ k i ɲ a t
darabilzkinate	d a ɾ a b i l s̺ k i ɲ a t e
darabilzkit	d a ɾ a b i l s̺ k i t
darabilzu	d a ɾ a b i l s̺ u
darabilzue	d a ɾ a b i l s̺ u e
darakuski	d a ɾ a k u s̺ k i
darakuskigu	d a ɾ a k u s̺ k i ɡ u
darakuskik	d a ɾ a k u s̺ k i k
darakuskin	d a ɾ a k u s̺ k i n
darakuskit	d a ɾ a k u s̺ k i t
darakuskite	d a ɾ a k u s̺ k i t e
darakuskizu	d a ɾ a k u s̺ k i s̺ u
darakuskizue	d a ɾ a k u s̺ k i s̺ u e
darakutsa	d a ɾ a k u t͡s̺ a
darakutsagu	d a ɾ a k u t͡s̺ a ɡ u
darakutsak	d a ɾ a k u t͡s̺ a k
darakutsan	d a ɾ a k u t͡s̺ a n
darakutsat	d a ɾ a k u t͡s̺ a t
darakutsate	d a ɾ a k u t͡s̺ a t e
darakutsazu	d a ɾ a k u t͡s̺ a s̻ u
darakutsazue	d a ɾ a k u t͡s̺ a s̻ u e
darama	d a ɾ a m a
daramagu	d a ɾ a m a ɡ u
daramak	d a ɾ a m a k
daramakio	d a ɾ a m a k i o
daraman	d a ɾ a m a n
daramat	d a ɾ a m a t
daramate	d a ɾ a m a t e
daramatza	d a ɾ a m a t͡s̻ a
daramatzagu	d a ɾ a m a t͡s̻ a ɡ u
daramatzak	d a ɾ a m a t͡s̻ a k
daramatzan	d a ɾ a m a t͡s̻ a n
daramatzat	d a ɾ a m a t͡s̻ a t
daramatzate	d a ɾ a m a t͡s̻ a t e
daramatzazu	d a ɾ a m a t͡s̻ a s̺ u
daramatzazue	d a ɾ a m a t͡s̻ a s̺ u e
daramazu	d a ɾ a m a s̺ u
daramazue	d a ɾ a m a s̺ u e
daratulu	d a ɾ a t u l u
dardara	d a r d a ɾ a
dardaratu	d a r d a ɾ a t u
darie	d a ɾ i e
darigu	d a ɾ i ɡ u
darik	d a ɾ i k
darin	d a ɾ i n
dario	d a ɾ i o
darit	d a ɾ i t
darizkie	d a ɾ i s̺ k i e
darizkigu	d a ɾ i s̺ k i ɡ u
darizkik	d a ɾ i s̺ k i k
darizkin	d a ɾ i s̺ k i n
darizkio	d a ɾ i s̺ k i o
darizkit	d a ɾ i s̺ k i t
darizkizu	d a ɾ i s̺ k i s̺ u
darizkizue	d a ɾ i s̺ k i s̺ u e
darizu	d a ɾ i s̺ u
darizue	d a ɾ i s̺ u e
daroa	d a ɾ o a
daroagu	d a ɾ o a ɡ u
daroak	d a ɾ o a k
daroan	d a ɾ o a n
daroat	d a ɾ o a t
daroate	d a ɾ o a t e
daroatza	d a ɾ o a t͡s̻ a
daroatzagu	d a ɾ o a t͡s̻ a ɡ u
daroatzak	d a ɾ o a t͡s̻ a k
daroatzan	d a ɾ o a t͡s̻ a n
daroatzat	d a ɾ o a t͡s̻ a t
daroatzate	d a ɾ o a t͡s̻ a t e
daroatzazu	d a ɾ o a t͡s̻ a s̺ u
daroatzazue	d a ɾ o a t͡s̻ a s̺ u e
daroazu	d a ɾ o a s̺ u
daroazue	d a ɾ o a s̺ u e
darraie	d a r a i̯ e
darraigu	d a r a i̯ ɡ u
darraik	d a r a i̯ k
darrain	d a r a i̯ n
darraio	d a r a i̯ o
darrait	d a r a i̯ t
darraizkie	d a r a i̯ s̺ k i e
darraizkigu	d a r a i̯ s̺ k i ɡ u
darraizkik	d a r a i̯ s̺ k i k
darraizkin	d a r a i̯ s̺ k i n
darraizkio	d a r a i̯ s̺ k i o
darraizkit	d a r a i̯ s̺ k i t
darraizkizu	d a r a i̯ s̺ k i s̺ u
darraizkizue	d a r a i̯ s̺ k i s̺ u e
darraizu	d a r a i̯ s̺ u
darraizue	d a r a i̯ s̺ u e
dateke	d a t e k e
datibo	d a t i b o
dator	d a t o r
datorke	d a t o r k e
datorkiake	d a t o r k i a k e
datorkian	d a t o r k i a n
datorkidake	d a t o r k i d a k e
datorkidan	d a t o r k i d a n
datorkie	d a t o r k i e
datorkieke	d a t o r k i e k e
datorkien	d a t o r k i e n
datorkigu	d a t o r k i ɡ u
datorkiguke	d a t o r k i ɡ u k e
datorkigun	d a t o r k i ɡ u n
datorkik	d a t o r k i k
datorkin	d a t o r k i n
datorkinake	d a t o r k i n a k e
datorkinan	d a t o r k i n a n
datorkio	d a t o r k i o
datorkioke	d a t o r k i o k e
datorkion	d a t o r k i o n
datorkit	d a t o r k i t
datorkizu	d a t o r k i s̺ u
datorkizue	d a t o r k i s̺ u e
datorkizueke	d a t o r k i s̺ u e k e
datorkizuen	d a t o r k i s̺ u e n
datorkizuke	d a t o r k i s̺ u k e
datorkizun	d a t o r k i s̺ u n
datorrela	d a t o r e l a
datorren	d a t o r e n
datoz	d a t o s̺
datozela	d a t o s̺ e l a
datozen	d a t o s̺ e n
datozke	d a t o s̺ k e
datozkiake	d a t o s̺ k i a k e
datozkian	d a t o s̺ k i a n
datozkidake	d a t o s̺ k i d a k e
datozkidan	d a t o s̺ k i d a n
datozkie	d a t o s̺ k i e
datozkieke	d a t o s̺ k i e k e
datozkien	d a t o s̺ k i e n
datozkigu	d a t o s̺ k i ɡ u
datozkiguke	d a t o s̺ k i ɡ u k e
datozkigun	d a t o s̺ k i ɡ u n
datozkik	d a t o s̺ k i k
datozkin	d a t o s̺ k i n
datozkinake	d a t o s̺ k i ɲ a k e
datozkinan	d a t o s̺ k i ɲ a n
datozkio	d a t o s̺ k i o
datozkioke	d a t o s̺ k i o k e
datozkion	d a t o s̺ k i o n
datozkit	d a t o s̺ k i t
datozkizu	d a t o s̺ k i s̺ u
datozkizue	d a t o s̺ k i s̺ u e
datozkizueke	d a t o s̺ k i s̺ u e k e
datozkizuen	d a t o s̺ k i s̺ u e n
datozkizuke	d a t o s̺ k i s̺ u k e
datozkizun	d a t o s̺ k i s̺ u n
datu	d a t u
datxa	d a t͡ʃ a
datxekie	d a t͡ʃ e k i e
datxekigu	d a t͡ʃ e k i ɡ u
datxekik	d a t͡ʃ e k i k
datxekin	d a t͡ʃ e k i n
datxekio	d a t͡ʃ e k i o
datxekit	d a t͡ʃ e k i t
datxekizu	d a t͡ʃ e k i s̺ u
datxekizue	d a t͡ʃ e k i s̺ u e
datxezkie	d a t͡ʃ e s̺ k i e
datxezkigu	d a t͡ʃ e s̺ k i ɡ u
datxezkik	d a t͡ʃ e s̺ k i k
datxezkin	d a t͡ʃ e s̺ k i n
datxezkio	d a t͡ʃ e s̺ k i o
datxezkit	d a t͡ʃ e s̺ k i t
datxezkizu	d a t͡ʃ e s̺ k i s̺ u
datxezkizue	d a t͡ʃ e s̺ k i s̺ u e
datza	d a t͡s̻ a
daude	d a u̯ d e
daudeke	d a u̯ d e k e
daudela	d a u̯ d e l a
dauden	d a u̯ d e n
dauka	d a u̯ k a
daukagu	d a u̯ k a ɡ u
daukak	d a u̯ k a k
daukan	d a u̯ k a n
daukat	d a u̯ k a t
daukate	d a u̯ k a t e
daukazu	d a u̯ k a s̺ u
daukazue	d a u̯ k a s̺ u e
dautza	d a u̯ t͡s̻ a
dauzka	d a u̯ s̺ k a
dauzkagu	d a u̯ s̺ k a ɡ u
dauzkak	d a u̯ s̺ k a k
dauzkan	d a u̯ s̺ k a n
dauzkat	d a u̯ s̺ k a t
dauzkate	d a u̯ s̺ k a t e
dauzkazu	d a u̯ s̺ k a s̺ u
dauzkazue	d a u̯ s̺ k a s̺ u e
dazagu	d a s̺ a ɡ u
dazagugu	d a s̺ a ɡ u ɡ u
dazaguk	d a s̺ a ɡ u k
dazagun	d a s̺ a ɡ u n
dazagut	d a s̺ a ɡ u t
dazagute	d a s̺ a ɡ u t e
dazaguzki	d a s̺ a ɡ u s̺ k i
dazaguzkigu	d a s̺ a ɡ u s̺ k i ɡ u
dazaguzkik	d a s̺ a ɡ u s̺ k i k
dazaguzkin	d a s̺ a ɡ u s̺ k i n
dazaguzkit	d a s̺ a ɡ u s̺ k i t
dazaguzkite	d a s̺ a ɡ u s̺ k i t e
dazaguzkizu	d a s̺ a ɡ u s̺ k i s̺ u
dazaguzkizue	d a s̺ a ɡ u s̺ k i s̺ u e
dazaguzu	d a s̺ a ɡ u s̺ u
dazaguzue	d a s̺ a ɡ u s̺ u e
de	d e
deabru	d e a b r u
deabrukeria	d e a b r u k e ɾ i a
degiagu	d e ɡ i a ɡ u
degiat	d e ɡ i a t
degiate	d e ɡ i a t e
degidak	d e ɡ i d a k
degidan	d e ɡ i d a n
degidate	d e ɡ i d a t e
degidazu	d e ɡ i d a s̺ u
degidazue	d e ɡ i d a s̺ u e
degie	d e ɡ i e
degiegu	d e ɡ i e ɡ u
degiek	d e ɡ i e k
degien	d e ɡ i e n
degiet	d e ɡ i e t
degiete	d e ɡ i e t e
degiezu	d e ɡ i e s̺ u
degiezue	d e ɡ i e s̺ u e
degigu	d e ɡ i ɡ u
degiguk	d e ɡ i ɡ u k
degigun	d e ɡ i ɡ u n
degigute	d e ɡ i ɡ u t e
degiguzu	d e ɡ i ɡ u s̺ u
degiguzue	d e ɡ i ɡ u s̺ u e
degik	d e ɡ i k
degin	d e ɡ i n
deginagu	d e ɡ i n a ɡ u
deginat	d e ɡ i n a t
deginate	d e ɡ i n a t e
degio	d e ɡ i o
degiogu	d e ɡ i o ɡ u
degiok	d e ɡ i o k
degion	d e ɡ i o n
degiot	d e ɡ i o t
degiote	d e ɡ i o t e
degiozu	d e ɡ i o s̺ u
degiozue	d e ɡ i o s̺ u e
degit	d e ɡ i t
degizkiagu	d e ɡ i s̺ k i a ɡ u
degizkiat	d e ɡ i s̺ k i a t
degizkiate	d e ɡ i s̺ k i a t e
degizkidak	d e ɡ i s̺ k i d a k
degizkidan	d e ɡ i s̺ k i d a n
degizkidate	d e ɡ i s̺ k i d a t e
degizkidazu	d e ɡ i s̺ k i d a s̺ u
degizkidazue	d e ɡ i s̺ k i d a s̺ u e
degizkie	d e ɡ i s̺ k i e
degizkiegu	d e ɡ i s̺ k i e ɡ u
degizkiek	d e ɡ i s̺ k i e k
degizkien	d e ɡ i s̺ k i e n
degizkiet	d e ɡ i s̺ k i e t
degizkiete	d e ɡ i s̺ k i e t e
degizkiezu	d e ɡ i s̺ k i e s̺ u
degizkiezue	d e ɡ i s̺ k i e s̺ u e
degizkigu	d e ɡ i s̺ k i ɡ u
degizkiguk	d e ɡ i s̺ k i ɡ u k
degizkigun	d e ɡ i s̺ k i ɡ u n
degizkigute	d e ɡ i s̺ k i ɡ u t e
degizkiguzu	d e ɡ i s̺ k i ɡ u s̺ u
degizkiguzue	d e ɡ i s̺ k i ɡ u s̺ u e
degizkik	d e ɡ i s̺ k i k
degizkin	d e ɡ i s̺ k i n
degizkinagu	d e ɡ i s̺ k i ɲ a ɡ u
degizkinat	d e ɡ i s̺ k i ɲ a t
degizkinate	d e ɡ i s̺ k i ɲ a t e
degizkio	d e ɡ i s̺ k i o
degizkiogu	d e ɡ i s̺ k i o ɡ u
degizkiok	d e ɡ i s̺ k i o k
degizkion	d e ɡ i s̺ k i o n
degizkiot	d e ɡ i s̺ k i o t
degizkiote	d e ɡ i s̺ k i o t e
degizkiozu	d e ɡ i s̺ k i o s̺ u
degizkiozue	d e ɡ i s̺ k i o s̺ u e
degizkit	d e ɡ i s̺ k i t
degizkizu	d e ɡ i s̺ k i s̺ u
degizkizue	d e ɡ i s̺ k i s̺ u e
degizkizuegu	d e ɡ i s̺ k i s̺ u e ɡ u
degizkizuet	d e ɡ i s̺ k i s̺ u e t
degizkizuete	d e ɡ i s̺ k i s̺ u e t e
degizkizugu	d e ɡ i s̺ k i s̺ u ɡ u
degizkizut	d e ɡ i s̺ k i s̺ u t
degizkizute	d e ɡ i s̺ k i s̺ u t e
degizu	d e ɡ i s̺ u
degizue	d e ɡ i s̺ u e
degizuegu	d e ɡ i s̺ u e ɡ u
degizuet	d e ɡ i s̺ u e t
degizuete	d e ɡ i s̺ u e t e
degizugu	d e ɡ i s̺ u ɡ u
degizut	d e ɡ i s̺ u t
degizute	d e ɡ i s̺ u t e
dei	d e i̯
deia	d e i̯ a
deien	d e i̯ e n
deiez	d e i̯ e s̺
deira	d e i̯ ɾ a
deiri	d e i̯ ɾ i
deitara	d e i̯ t a ɾ a
deitu	d e i̯ t u
deitura	d e i̯ t u ɾ a
deklara	d e k l a ɾ a
deklaratu	d e k l a ɾ a t u
deklarazio	d e k l a ɾ a s̺ i o
dekoratibo	d e k o ɾ a t i b o
dekoratu	d e k o ɾ a t u
dekorazio	d e k o ɾ a s̺ i o
delitugile	d e l i t u ɡ i l e
demadan	d e m a d a n
demagun	d e m a ɡ u n
dematzadan	d e m a t͡s̻ a d a n
dematzagun	d e m a t͡s̻ a ɡ u n
demokrata	d e m o k r a t a
demokratiko	d e m o k r a t i k o
demokratizatu	d e m o k r a t i s̺ a t u
demokratizazio	d e m o k r a t i s̺ a s̺ i o
demokrazia	d e m o k r a s̺ i a
denda	d e n d a
dendari	d e n d a ɾ i
deritza	d e ɾ i t͡s̻ a
deritzagu	d e ɾ i t͡s̻ a ɡ u
deritzak	d e ɾ i t͡s̻ a k
deritzan	d e ɾ i t͡s̻ a n
deritzat	d e ɾ i t͡s̻ a t
deritzate	d e ɾ i t͡s̻ a t e
deritzazu	d e ɾ i t͡s̻ a s̺ u
deritzazue	d e ɾ i t͡s̻ a s̺ u e
deritze	d e ɾ i t͡s̻ e
deritzegu	d e ɾ i t͡s̻ e ɡ u
deritzek	d e ɾ i t͡s̻ e k
deritzen	d e ɾ i t͡s̻ e n
deritzet	d e ɾ i t͡s̻ e t
deritzete	d e ɾ i t͡s̻ e t e
deritzezu	d e ɾ i t͡s̻ e s̺ u
deritzezue	d e ɾ i t͡s̻ e s̺ u e
deritzo	d e ɾ i t͡s̻ o
deritzogu	d e ɾ i t͡s̻ o ɡ u
deritzok	d e ɾ i t͡s̻ o k
deritzon	d e ɾ i t͡s̻ o n
deritzot	d e ɾ i t͡s̻ o t
deritzote	d e ɾ i t͡s̻ o t e
deritzozu	d e ɾ i t͡s̻ o s̺ u
deritzozue	d e ɾ i t͡s̻ o s̺ u e
deritzu	d e ɾ i t͡s̻ u
deritzue	d e ɾ i t͡s̻ u e
deritzuegu	d e ɾ i t͡s̻ u e ɡ u
deritzuet	d e ɾ i t͡s̻ u e t
deritzuete	d e ɾ i t͡s̻ u e t e
deritzugu	d e ɾ i t͡s̻ u ɡ u
deritzut	d e ɾ i t͡s̻ u t
deritzute	d e ɾ i t͡s̻ u t e
derizagu	d e ɾ i s̺ a ɡ u
derizat	d e ɾ i s̺ a t
derizate	d e ɾ i s̺ a t e
derizk	d e ɾ i s̺ k
derizku	d e ɾ i s̺ k u
derizkuk	d e ɾ i s̺ k u k
derizkun	d e ɾ i s̺ k u n
derizkute	d e ɾ i s̺ k u t e
derizkuzu	d e ɾ i s̺ k u s̺ u
derizkuzue	d e ɾ i s̺ k u s̺ u e
derizna	d e ɾ i s̺ n a
deriznagu	d e ɾ i s̺ n a ɡ u
deriznat	d e ɾ i s̺ n a t
deriznate	d e ɾ i s̺ n a t e
derizt	d e ɾ i s̺ t
deriztak	d e ɾ i s̺ t a k
deriztan	d e ɾ i s̺ t a n
deriztate	d e ɾ i s̺ t a t e
deriztazu	d e ɾ i s̺ t a s̺ u
deriztazue	d e ɾ i s̺ t a s̺ u e
derizte	d e ɾ i s̺ t e
deriztegu	d e ɾ i s̺ t e ɡ u
deriztek	d e ɾ i s̺ t e k
derizten	d e ɾ i s̺ t e n
deriztet	d e ɾ i s̺ t e t
deriztete	d e ɾ i s̺ t e t e
deriztezu	d e ɾ i s̺ t e s̺ u
deriztezue	d e ɾ i s̺ t e s̺ u e
derrigortu	d e r i ɡ o r t u
desagertu	d e s̺ a ɡ e r t u
desberdin	d e s̺ b e r d i n
desberdintasun	d e s̺ b e r d i n t a s̺ u n
desegigo	d e s̺ e ɡ i ɡ o
desegin	d e s̺ e ɡ i n
desindustrializa	d e s̺ i n d u s̺ t r i a l i s̺ a
desindustrializatu	d e s̺ i n d u s̺ t r i a l i s̺ a t u
desindustrializazio	d e s̺ i n d u s̺ t r i a l i s̺ a s̺ i o
desira	d e s̺ i ɾ a
desiratu	d e s̺ i ɾ a t u
deskargatu	d e s̺ k a r ɡ a t u
deskolonizatu	d e s̺ k o l o n i s̺ a t u
deskolonizazio	d e s̺ k o l o n i s̺ a s̺ i o
desmilitariza	d e s̺ m i l i t a ɾ i s̺ a
desmilitarizatu	d e s̺ m i l i t a ɾ i s̺ a t u
desmilitarizazio	d e s̺ m i l i t a ɾ i s̺ a s̺ i o
desnazifikatu	d e s̺ n a s̺ i f i k a t u
desnazifikazio	d e s̺ n a s̺ i f i k a s̺ i o
despit	d e s̺ p i t
deutse	d e u̯ t͡s̺ e
deutsete	d e u̯ t͡s̺ e t e
deutso	d e u̯ t͡s̺ o
deutsote	d e u̯ t͡s̺ o t e
dezaala	d e s̺ a a l a
dezaan	d e s̺ a a n
dezadala	d e s̺ a d a l a
dezadan	d e s̺ a d a n
dezagula	d e s̺ a ɡ u l a
dezagun	d e s̺ a ɡ u n
dezake	d e s̺ a k e
dezakegu	d e s̺ a k e ɡ u
dezakek	d e s̺ a k e k
dezaken	d e s̺ a k e n
dezaket	d e s̺ a k e t
dezakete	d e s̺ a k e t e
dezakezu	d e s̺ a k e s̺ u
dezakezue	d e s̺ a k e s̺ u e
dezala	d e s̺ a l a
dezan	d e s̺ a n
dezanala	d e s̺ a n a l a
dezanan	d e s̺ a n a n
dezatela	d e s̺ a t e l a
dezaten	d e s̺ a t e n
dezazuela	d e s̺ a s̺ u e l a
dezazuen	d e s̺ a s̺ u e n
dezazula	d e s̺ a s̺ u l a
dezazun	d e s̺ a s̺ u n
diagu	d i a ɡ u
diat	d i a t
diate	d i a t e
dibertitu	d i b e r t i t u
dibertsio	d i b e r t͡s̺ i o
dibertsitate	d i b e r t͡s̺ i t a t e
dibinitate	d i b i n i t a t e
didak	d i d a k
didan	d i d a n
didate	d i d a t e
didazu	d i d a s̺ u
didazue	d i d a s̺ u e
die	d i e
diegu	d i e ɡ u
diek	d i e k
dien	d i e n
diet	d i e t
diete	d i e t e
diezu	d i e s̺ u
diezue	d i e s̺ u e
digu	d i ɡ u
diguk	d i ɡ u k
digun	d i ɡ u n
digute	d i ɡ u t e
diguzu	d i ɡ u s̺ u
diguzue	d i ɡ u s̺ u e
dihardu	d i a r d u
dihardugu	d i a r d u ɡ u
diharduk	d i a r d u k
diharduka	d i a r d u k a
dihardukagu	d i a r d u k a ɡ u
dihardukak	d i a r d u k a k
dihardukan	d i a r d u k a n
dihardukat	d i a r d u k a t
dihardukate	d i a r d u k a t e
dihardukazu	d i a r d u k a s̺ u
dihardukazue	d i a r d u k a s̺ u e
dihardun	d i a r d u n
dihardut	d i a r d u t
dihardute	d i a r d u t e
diharduzu	d i a r d u s̺ u
diharduzue	d i a r d u s̺ u e
dihoakiake	d i h o a k i a k e
dihoakian	d i h o a k i a n
dihoakidake	d i h o a k i d a k e
dihoakidan	d i h o a k i d a n
dihoakie	d i h o a k i e
dihoakieke	d i h o a k i e k e
dihoakien	d i h o a k i e n
dihoakigu	d i h o a k i ɡ u
dihoakiguke	d i h o a k i ɡ u k e
dihoakigun	d i h o a k i ɡ u n
dihoakik	d i h o a k i k
dihoakin	d i h o a k i n
dihoakinake	d i h o a k i n a k e
dihoakinan	d i h o a k i n a n
dihoakio	d i h o a k i o
dihoakioke	d i h o a k i o k e
dihoakion	d i h o a k i o n
dihoakit	d i h o a k i t
dihoakizu	d i h o a k i s̻ u
dihoakizue	d i h o a k i s̻ u e
dihoakizueke	d i h o a k i s̻ u e k e
dihoakizuen	d i h o a k i s̻ u e n
dihoakizuke	d i h o a k i s̻ u k e
dihoakizun	d i h o a k i s̻ u n
dihoazkiake	d i h o a s̻ k i a k e
dihoazkian	d i h o a s̻ k i a n
dihoazkidake	d i h o a s̻ k i d a k e
dihoazkidan	d i h o a s̻ k i d a n
dihoazkie	d i h o a s̻ k i e
dihoazkieke	d i h o a s̻ k i e k e
dihoazkien	d i h o a s̻ k i e n
dihoazkigu	d i h o a s̻ k i ɡ u
dihoazkiguke	d i h o a s̻ k i ɡ u k e
dihoazkigun	d i h o a s̻ k i ɡ u n
dihoazkik	d i h o a s̻ k i k
dihoazkin	d i h o a s̻ k i n
dihoazkinake	d i h o a s̻ k i n a k e
dihoazkinan	d i h o a s̻ k i n a n
dihoazkio	d i h o a s̻ k i o
dihoazkioke	d i h o a s̻ k i o k e
dihoazkion	d i h o a s̻ k i o n
dihoazkit	d i h o a s̻ k i t
dihoazkizu	d i h o a s̻ k i s̻ u
dihoazkizue	d i h o a s̻ k i s̻ u e
dihoazkizueke	d i h o a s̻ k i s̻ u e k e
dihoazkizuen	d i h o a s̻ k i s̻ u e n
dihoazkizuke	d i h o a s̻ k i s̻ u k e
dihoazkizun	d i h o a s̻ k i s̻ u n
dik	d i k
dikeagu	d i k e a ɡ u
dikeat	d i k e a t
dikek	d i k e k
diken	d i k e n
dikenagu	d i k e n a ɡ u
dikenat	d i k e n a t
diketek	d i k e t e k
diketen	d i k e t e n
din	d i n
dinagu	d i n a ɡ u
dinat	d i n a t
dinate	d i n a t e
dio	d i o
diodo	d i o d o
diogu	d i o ɡ u
diok	d i o k
dion	d i o n
diot	d i o t
diote	d i o t e
diozu	d i o s̺ u
diozue	d i o s̺ u e
diplomatiko	d i p l o m a t i k o
diplomazia	d i p l o m a s̺ i a
dira	d i ɾ a
dirateke	d i ɾ a t e k e
dirau	d i ɾ a u̯
diraugu	d i ɾ a u̯ ɡ u
dirauk	d i ɾ a u̯ k
diraun	d i ɾ a u̯ n
diraut	d i ɾ a u̯ t
diraute	d i ɾ a u̯ t e
dirauzu	d i ɾ a u̯ s̺ u
dirauzue	d i ɾ a u̯ s̺ u e
diro	d i ɾ o
dirogu	d i ɾ o ɡ u
dirok	d i ɾ o k
diron	d i ɾ o n
dirot	d i ɾ o t
dirote	d i ɾ o t e
dirozu	d i ɾ o s̺ u
dirozue	d i ɾ o s̺ u e
diru	d i ɾ u
dirudi	d i ɾ u d i
dirudigu	d i ɾ u d i ɡ u
dirudik	d i ɾ u d i k
dirudin	d i ɾ u d i n
dirudit	d i ɾ u d i t
dirudite	d i ɾ u d i t e
dirudizu	d i ɾ u d i s̺ u
dirudizue	d i ɾ u d i s̺ u e
diseinugile	d i s̺ e i̯ n u ɡ i l e
disfrutatu	d i s̺ f r u t a t u
disko	d i s̺ k o
diskoetxe	d i s̺ k o e t͡ʃ e
dit	d i t
ditek	d i t e k
diten	d i t e n
ditiagu	d i t i a ɡ u
ditiat	d i t i a t
ditik	d i t i k
ditin	d i t i n
ditinagu	d i t i n a ɡ u
ditinat	d i t i n a t
ditizkeagu	d i t i s̺ k e a ɡ u
ditizkeat	d i t i s̺ k e a t
ditizkek	d i t i s̺ k e k
ditizken	d i t i s̺ k e n
ditizkenagu	d i t i s̺ k e n a ɡ u
ditizkenat	d i t i s̺ k e n a t
ditizketek	d i t i s̺ k e t e k
ditizketen	d i t i s̺ k e t e n
ditiztek	d i t i s̺ t e k
ditizten	d i t i s̺ t e n
ditu	d i t u
ditugu	d i t u ɡ u
dituk	d i t u k
ditun	d i t u n
ditut	d i t u t
dituzke	d i t u s̺ k e
dituzkegu	d i t u s̺ k e ɡ u
dituzkek	d i t u s̺ k e k
dituzken	d i t u s̺ k e n
dituzket	d i t u s̺ k e t
dituzkete	d i t u s̺ k e t e
dituzkezu	d i t u s̺ k e s̺ u
dituzkezue	d i t u s̺ k e s̺ u e
dituzte	d i t u s̺ t e
dituzu	d i t u s̺ u
dituzue	d i t u s̺ u e
ditzaala	d i t͡s̻ a a l a
ditzaan	d i t͡s̻ a a n
ditzadala	d i t͡s̻ a d a l a
ditzadan	d i t͡s̻ a d a n
ditzagula	d i t͡s̻ a ɡ u l a
ditzagun	d i t͡s̻ a ɡ u n
ditzake	d i t͡s̻ a k e
ditzakegu	d i t͡s̻ a k e ɡ u
ditzakek	d i t͡s̻ a k e k
ditzaken	d i t͡s̻ a k e n
ditzaket	d i t͡s̻ a k e t
ditzakete	d i t͡s̻ a k e t e
ditzakezu	d i t͡s̻ a k e s̺ u
ditzakezue	d i t͡s̻ a k e s̺ u e
ditzala	d i t͡s̻ a l a
ditzan	d i t͡s̻ a n
ditzanala	d i t͡s̻ a n a l a
ditzanan	d i t͡s̻ a n a n
ditzatela	d i t͡s̻ a t e l a
ditzaten	d i t͡s̻ a t e n
ditzazuela	d i t͡s̻ a s̺ u e l a
ditzazuen	d i t͡s̻ a s̺ u e n
ditzazula	d i t͡s̻ a s̺ u l a
ditzazun	d i t͡s̻ a s̺ u n
dizipulu	d i s̺ i p u l u
dizkiagu	d i s̺ k i a ɡ u
dizkiat	d i s̺ k i a t
dizkiate	d i s̺ k i a t e
dizkidak	d i s̺ k i d a k
dizkidan	d i s̺ k i d a n
dizkidate	d i s̺ k i d a t e
dizkidazu	d i s̺ k i d a s̺ u
dizkidazue	d i s̺ k i d a s̺ u e
dizkie	d i s̺ k i e
dizkiegu	d i s̺ k i e ɡ u
dizkiek	d i s̺ k i e k
dizkien	d i s̺ k i e n
dizkiet	d i s̺ k i e t
dizkiete	d i s̺ k i e t e
dizkiezu	d i s̺ k i e s̺ u
dizkiezue	d i s̺ k i e s̺ u e
dizkigu	d i s̺ k i ɡ u
dizkiguk	d i s̺ k i ɡ u k
dizkigun	d i s̺ k i ɡ u n
dizkigute	d i s̺ k i ɡ u t e
dizkiguzu	d i s̺ k i ɡ u s̺ u
dizkiguzue	d i s̺ k i ɡ u s̺ u e
dizkik	d i s̺ k i k
dizkin	d i s̺ k i n
dizkinagu	d i s̺ k i ɲ a ɡ u
dizkinat	d i s̺ k i ɲ a t
dizkinate	d i s̺ k i ɲ a t e
dizkio	d i s̺ k i o
dizkiogu	d i s̺ k i o ɡ u
dizkiok	d i s̺ k i o k
dizkion	d i s̺ k i o n
dizkiot	d i s̺ k i o t
dizkiote	d i s̺ k i o t e
dizkiozu	d i s̺ k i o s̺ u
dizkiozue	d i s̺ k i o s̺ u e
dizkit	d i s̺ k i t
dizkizu	d i s̺ k i s̺ u
dizkizue	d i s̺ k i s̺ u e
dizkizuegu	d i s̺ k i s̺ u e ɡ u
dizkizuet	d i s̺ k i s̺ u e t
dizkizuete	d i s̺ k i s̺ u e t e
dizkizugu	d i s̺ k i s̺ u ɡ u
dizkizut	d i s̺ k i s̺ u t
dizkizute	d i s̺ k i s̺ u t e
dizu	d i s̺ u
dizue	d i s̺ u e
dizuegu	d i s̺ u e ɡ u
dizuet	d i s̺ u e t
dizuete	d i s̺ u e t e
dizugu	d i s̺ u ɡ u
dizut	d i s̺ u t
dizute	d i s̺ u t e
doa	d o a
doake	d o a k e
doakiake	d o a k i a k e
doakian	d o a k i a n
doakidake	d o a k i d a k e
doakidan	d o a k i d a n
doakie	d o a k i e
doakieke	d o a k i e k e
doakien	d o a k i e n
doakigu	d o a k i ɡ u
doakiguke	d o a k i ɡ u k e
doakigun	d o a k i ɡ u n
doakik	d o a k i k
doakin	d o a k i n
doakinake	d o a k i n a k e
doakinan	d o a k i n a n
doakio	d o a k i o
doakioke	d o a k i o k e
doakion	d o a k i o n
doakit	d o a k i t
doakizu	d o a k i s̺ u
doakizue	d o a k i s̺ u e
doakizueke	d o a k i s̺ u e k e
doakizuen	d o a k i s̺ u e n
doakizuke	d o a k i s̺ u k e
doakizun	d o a k i s̺ u n
doan	d o a n
doaz	d o a s̺
doazen	d o a s̺ e n
doazke	d o a s̺ k e
doazkiake	d o a s̺ k i a k e
doazkian	d o a s̺ k i a n
doazkidake	d o a s̺ k i d a k e
doazkidan	d o a s̺ k i d a n
doazkie	d o a s̺ k i e
doazkieke	d o a s̺ k i e k e
doazkien	d o a s̺ k i e n
doazkigu	d o a s̺ k i ɡ u
doazkiguke	d o a s̺ k i ɡ u k e
doazkigun	d o a s̺ k i ɡ u n
doazkik	d o a s̺ k i k
doazkin	d o a s̺ k i n
doazkinake	d o a s̺ k i ɲ a k e
doazkinan	d o a s̺ k i ɲ a n
doazkio	d o a s̺ k i o
doazkioke	d o a s̺ k i o k e
doazkion	d o a s̺ k i o n
doazkit	d o a s̺ k i t
doazkizu	d o a s̺ k i s̺ u
doazkizue	d o a s̺ k i s̺ u e
doazkizueke	d o a s̺ k i s̺ u e k e
doazkizuen	d o a s̺ k i s̺ u e n
doazkizuke	d o a s̺ k i s̺ u k e
doazkizun	d o a s̺ k i s̺ u n
dohainik	d o a ɲ i k
doinu	d o i̯ n u
dokumentu	d o k u m e n t u
dolar	d o l a r
domeka	d o m e k a
domina	d o m i n a
dominatu	d o m i n a t u
dominazio	d o m i n a s̺ i o
done	d o n e
donostiar	d o n o s̺ t i a r
dorretxe	d o r e t͡ʃ e
dortoka	d o r t o k a
dotore	d o t o ɾ e
dozena	d o s̺ e n a
dramagile	d r a m a ɡ i l e
droga	d r o ɡ a
dromedario	d r o m e d a ɾ i o
du	d u
duela	d u e l a
dugu	d u ɡ u
duk	d u k
duke	d u k e
dukegu	d u k e ɡ u
dukek	d u k e k
duken	d u k e n
duket	d u k e t
dukete	d u k e t e
dukezu	d u k e s̺ u
dukezue	d u k e s̺ u e
dun	d u n
durundi	d u ɾ u n d i
dut	d u t
dute	d u t e
duzu	d u s̺ u
duzue	d u s̺ u e
dzast	d s̺ a s̺ t
ea	e a
ebaki	e b a k i
ebanjelio	e b a n d͡ʒ e l i o
ebiakoitz	e b i a k o i̯ t͡s̻
edan	e d a n
edari	e d a ɾ i
edertasun	e d e r t a s̺ u n
edifika	e d i f i k a
edin	e d i n
edo	e d o
edonor	e d o n o r
edozein	e d o s̺ e i̯ n
edozer	e d o s̺ e r
eduka	e d u k a
eduki	e d u k i
edukiko	e d u k i k o
edukitze	e d u k i t͡s̻ e
edukitzen	e d u k i t͡s̻ e n
edun	e d u n
efe	e f e
egarri	e ɡ a r i
egia	e ɡ i a
egiaz	e ɡ i a s̺
egiazko	e ɡ i a s̺ k o
egiaztatu	e ɡ i a s̺ t a t u
egik	e ɡ i k
egile	e ɡ i l e
egin	e ɡ i n
egingo	e ɡ i n ɡ o
egitasmo	e ɡ i t a s̺ m o
egite	e ɡ i t e
egiten	e ɡ i t e n
egitzak	e ɡ i t͡s̻ a k
egitzan	e ɡ i t͡s̻ a n
egitzazu	e ɡ i t͡s̻ a s̺ u
egitzazue	e ɡ i t͡s̻ a s̺ u e
egizu	e ɡ i s̺ u
egizue	e ɡ i s̺ u e
egokitu	e ɡ o k i t u
egon	e ɡ o n
egongela	e ɡ o n ɡ e l a
egongo	e ɡ o n ɡ o
egosi	e ɡ o s̺ i
egote	e ɡ o t e
egoten	e ɡ o t e n
egotzi	e ɡ o t͡s̻ i
eguazten	e ɡ u a s̺ t e n
egubakoitz	e ɡ u b a k o i̯ t͡s̻
eguen	e ɡ u e n
eguerdi	e ɡ u e r d i
eguerdiro	e ɡ u e r d i ɾ o
egun	e ɡ u n
egunero	e ɡ u n e ɾ o
egungo	e ɡ u n ɡ o
egunkari	e ɡ u n k a ɾ i
egunsenti	e ɡ u n s̺ e n t i
egur	e ɡ u r
eguraldi	e ɡ u ɾ a l d i
egurgile	e ɡ u r ɡ i l e
eguzki	e ɡ u s̺ k i
eguzkitsu	e ɡ u s̺ k i t͡s̻ u
ehe	e h e
ehiza	e h i s̻ a
ehiztari	e h i s̻ t a ɾ i
eho	e h o
ehun	e h u n
ehundu	e h u n d u
eihera	e i̯ e ɾ a
ekain	e k a i̯ n
ekaitz	e k a i̯ t͡s̻
ekaiztsu	e k a i̯ s̺ t͡s̻ u
ekardak	e k a r d a k
ekardan	e k a r d a n
ekardazu	e k a r d a s̺ u
ekardazue	e k a r d a s̺ u e
ekarguk	e k a r ɡ u k
ekargun	e k a r ɡ u n
ekarguzu	e k a r ɡ u s̺ u
ekarguzue	e k a r ɡ u s̺ u e
ekark	e k a r k
ekarna	e k a r n a
ekarri	e k a r i
ekarriek	e k a r i e k
ekarrien	e k a r i e n
ekarriezu	e k a r i e s̺ u
ekarriezue	e k a r i e s̺ u e
ekarriok	e k a r i o k
ekarrion	e k a r i o n
ekarriozu	e k a r i o s̺ u
ekarriozue	e k a r i o s̺ u e
ekartzak	e k a r t͡s̻ a k
ekartzan	e k a r t͡s̻ a n
ekartzazu	e k a r t͡s̻ a s̺ u
ekartzazue	e k a r t͡s̻ a s̺ u e
ekarzkidak	e k a r s̺ k i d a k
ekarzkidan	e k a r s̺ k i d a n
ekarzkidazu	e k a r s̺ k i d a s̺ u
ekarzkidazue	e k a r s̺ k i d a s̺ u e
ekarzkiek	e k a r s̺ k i e k
ekarzkien	e k a r s̺ k i e n
ekarzkiezu	e k a r s̺ k i e s̺ u
ekarzkiezue	e k a r s̺ k i e s̺ u e
ekarzkiguk	e k a r s̺ k i ɡ u k
ekarzkigun	e k a r s̺ k i ɡ u n
ekarzkiguzu	e k a r s̺ k i ɡ u s̺ u
ekarzkiguzue	e k a r s̺ k i ɡ u s̺ u e
ekarzkiok	e k a r s̺ k i o k
ekarzkion	e k a r s̺ k i o n
ekarzkiozu	e k a r s̺ k i o s̺ u
ekarzkiozue	e k a r s̺ k i o s̺ u e
ekarzu	e k a r s̺ u
ekarzue	e k a r s̺ u e
ekialde	e k i a l d e
ekilore	e k i l o ɾ e
ekonomiko	e k o n o m i k o
elauso	e l a u̯ s̺ o
eldarnio	e l d a r n i o
elder	e l d e r
ele	e l e
eleberri	e l e b e r i
eleberrigile	e l e b e r i ɡ i l e
elefante	e l e f a n t e
elhauso	e l a u̯ s̺ o
eliza	e l i s̺ a
elizbarruti	e l i s̺ b a r u t i
elkar	e l k a r
elkarlan	e l k a r l a n
elkarrekin	e l k a r e k i n
elkarren	e l k a r e n
elkarrengan	e l k a r e n ɡ a n
elkarrengana	e l k a r e n ɡ a n a
elkarrenganaino	e l k a r e n ɡ a n a i̯ n o
elkarrenganako	e l k a r e n ɡ a n a k o
elkarrenganantz	e l k a r e n ɡ a n a n t͡s̻
elkarrengandik	e l k a r e n ɡ a n d i k
elkarrengatik	e l k a r e n ɡ a t i k
elkarrentzat	e l k a r e n t͡s̻ a t
elkarrez	e l k a r e s̺
elkarri	e l k a r i
elkartasun	e l k a r t a s̺ u n
elkartu	e l k a r t u
eltxo	e l t͡ʃ o
eltzegile	e l t͡s̻ e ɡ i l e
elur	e l u r
emagaldu	e m a ɡ a l d u
emagizon	e m a ɡ i s̺ o n
emakume	e m a k u m e
eman	e m a n
emaztegai	e m a s̺ t e ɡ a i̯
eme	e m e
enbor	e m b o r
ene	e n e
enegan	e n e ɡ a n
enigmatiko	e n i ɡ m a t i k o
entziklopedia	e n t͡s̻ i k l o p e d i a
entzuk	e n t͡s̻ u k
entzun	e n t͡s̻ u n
entzungor	e n t͡s̻ u n ɡ o r
entzuzu	e n t͡s̻ u s̺ u
entzuzue	e n t͡s̻ u s̺ u e
epai	e p a i̯
epaikari	e p a i̯ k a ɾ i
epaiketa	e p a i̯ k e t a
epail	e p a i̯ l
epaile	e p a i̯ l e
epaitegi	e p a i̯ t e ɡ i
epaitu	e p a i̯ t u
eper	e p e r
epidemiologiko	e p i d e m i o l o ɡ i k o
erabaki	e ɾ a b a k i
erabakitze	e ɾ a b a k i t͡s̻ e
erabili	e ɾ a b i l i
erabilk	e ɾ a b i l k
erabilketa	e ɾ a b i l k e t a
erabilna	e ɾ a b i l n a
erabiltzaile	e ɾ a b i l t͡s̻ a i̯ l e
erabiltzak	e ɾ a b i l t͡s̻ a k
erabiltzan	e ɾ a b i l t͡s̻ a n
erabiltzazu	e ɾ a b i l t͡s̻ a s̺ u
erabiltzazue	e ɾ a b i l t͡s̻ a s̺ u e
erabilzu	e ɾ a b i l s̺ u
erabilzue	e ɾ a b i l s̺ u e
eragin	e ɾ a ɡ i n
eraiki	e ɾ a i̯ k i
eraikin	e ɾ a i̯ k i n
eraikitzaile	e ɾ a i̯ k i t͡s̻ a i̯ l e
erail	e ɾ a i̯ l
eraile	e ɾ a i̯ l e
erakuskuk	e ɾ a k u s̺ k u k
erakuskun	e ɾ a k u s̺ k u n
erakuskuzu	e ɾ a k u s̺ k u s̺ u
erakuskuzue	e ɾ a k u s̺ k u s̺ u e
erakusmahai	e ɾ a k u s̺ m a h a i̯
erakustak	e ɾ a k u s̺ t a k
erakustan	e ɾ a k u s̺ t a n
erakustazu	e ɾ a k u s̺ t a s̺ u
erakustazue	e ɾ a k u s̺ t a s̺ u e
erakutsak	e ɾ a k u t͡s̺ a k
erakutsan	e ɾ a k u t͡s̺ a n
erakutsazkidak	e ɾ a k u t͡s̺ a s̻ k i d a k
erakutsazkidan	e ɾ a k u t͡s̺ a s̻ k i d a n
erakutsazkidazu	e ɾ a k u t͡s̺ a s̻ k i d a s̻ u
erakutsazkidazue	e ɾ a k u t͡s̺ a s̻ k i d a s̻ u e
erakutsazkiek	e ɾ a k u t͡s̺ a s̻ k i e k
erakutsazkien	e ɾ a k u t͡s̺ a s̻ k i e n
erakutsazkiezu	e ɾ a k u t͡s̺ a s̻ k i e s̻ u
erakutsazkiezue	e ɾ a k u t͡s̺ a s̻ k i e s̻ u e
erakutsazkiguk	e ɾ a k u t͡s̺ a s̻ k i ɡ u k
erakutsazkigun	e ɾ a k u t͡s̺ a s̻ k i ɡ u n
erakutsazkiguzu	e ɾ a k u t͡s̺ a s̻ k i ɡ u s̻ u
erakutsazkiguzue	e ɾ a k u t͡s̺ a s̻ k i ɡ u s̻ u e
erakutsazkiok	e ɾ a k u t͡s̺ a s̻ k i o k
erakutsazkion	e ɾ a k u t͡s̺ a s̻ k i o n
erakutsazkiozu	e ɾ a k u t͡s̺ a s̻ k i o s̻ u
erakutsazkiozue	e ɾ a k u t͡s̺ a s̻ k i o s̻ u e
erakutsazu	e ɾ a k u t͡s̺ a s̻ u
erakutsazue	e ɾ a k u t͡s̺ a s̻ u e
erakutsi	e ɾ a k u t͡s̺ i
erakutsiek	e ɾ a k u t͡s̺ i e k
erakutsien	e ɾ a k u t͡s̺ i e n
erakutsiezu	e ɾ a k u t͡s̺ i e s̻ u
erakutsiezue	e ɾ a k u t͡s̺ i e s̻ u e
erakutsiok	e ɾ a k u t͡s̺ i o k
erakutsion	e ɾ a k u t͡s̺ i o n
erakutsiozu	e ɾ a k u t͡s̺ i o s̻ u
erakutsiozue	e ɾ a k u t͡s̺ i o s̻ u e
eramaitzak	e ɾ a m a i̯ t͡s̻ a k
eramaitzan	e ɾ a m a i̯ t͡s̻ a n
eramaitzazu	e ɾ a m a i̯ t͡s̻ a s̺ u
eramaitzazue	e ɾ a m a i̯ t͡s̻ a s̺ u e
eramak	e ɾ a m a k
eraman	e ɾ a m a n
eramankor	e ɾ a m a n k o r
eramazu	e ɾ a m a s̺ u
eramazue	e ɾ a m a s̺ u e
eranskailu	e ɾ a n s̺ k a i̯ l u
erantsi	e ɾ a n t͡s̺ i
erantzi	e ɾ a n t͡s̻ i
erantzun	e ɾ a n t͡s̻ u n
eratorri	e ɾ a t o r i
erbi	e r b i
erdaldun	e r d a l d u n
erdaldundu	e r d a l d u n d u
erdalkeria	e r d a l k e ɾ i a
erdara	e r d a ɾ a
erdarakada	e r d a ɾ a k a d a
erdera	e r d e ɾ a
erdi	e r d i
erdietsi	e r d i e t͡s̺ i
erdigune	e r d i ɡ u n e
erditu	e r d i t u
ere	e ɾ e
ereiaro	e ɾ e i̯ a ɾ o
ereinotz	e ɾ e i̯ n o t͡s̻
ergel	e r ɡ e l
eri	e ɾ i
erietxe	e ɾ i e t͡ʃ e
erion	e ɾ i o n
eritasun	e ɾ i t a s̺ u n
eritziek	e ɾ i t͡s̻ i e k
eritzien	e ɾ i t͡s̻ i e n
eritziezu	e ɾ i t͡s̻ i e s̺ u
eritziezue	e ɾ i t͡s̻ i e s̺ u e
eritziok	e ɾ i t͡s̻ i o k
eritzion	e ɾ i t͡s̻ i o n
eritziozu	e ɾ i t͡s̻ i o s̺ u
eritziozue	e ɾ i t͡s̻ i o s̺ u e
erkidego	e r k i d e ɡ o
erlategi	e r l a t e ɡ i
erlauntza	e r l a u̯ n t͡s̻ a
erle	e r l e
erlezain	e r l e s̺ a i̯ n
ermita	e r m i t a
erne	e r n e
ero	e ɾ o
eroak	e ɾ o a k
eroan	e ɾ o a n
eroango	e ɾ o a n ɡ o
eroate	e ɾ o a t e
eroaten	e ɾ o a t e n
eroazu	e ɾ o a s̺ u
eroazue	e ɾ o a s̺ u e
erori	e ɾ o ɾ i
eros	e ɾ o s̺
erosak	e ɾ o s̺ a k
erosan	e ɾ o s̺ a n
erosazkidak	e ɾ o s̺ a s̺ k i d a k
erosazkidan	e ɾ o s̺ a s̺ k i d a n
erosazkidazu	e ɾ o s̺ a s̺ k i d a s̺ u
erosazkidazue	e ɾ o s̺ a s̺ k i d a s̺ u e
erosazkiek	e ɾ o s̺ a s̺ k i e k
erosazkien	e ɾ o s̺ a s̺ k i e n
erosazkiezu	e ɾ o s̺ a s̺ k i e s̺ u
erosazkiezue	e ɾ o s̺ a s̺ k i e s̺ u e
erosazkiguk	e ɾ o s̺ a s̺ k i ɡ u k
erosazkigun	e ɾ o s̺ a s̺ k i ɡ u n
erosazkiguzu	e ɾ o s̺ a s̺ k i ɡ u s̺ u
erosazkiguzue	e ɾ o s̺ a s̺ k i ɡ u s̺ u e
erosazkiok	e ɾ o s̺ a s̺ k i o k
erosazkion	e ɾ o s̺ a s̺ k i o n
erosazkiozu	e ɾ o s̺ a s̺ k i o s̺ u
erosazkiozue	e ɾ o s̺ a s̺ k i o s̺ u e
erosazu	e ɾ o s̺ a s̺ u
erosazue	e ɾ o s̺ a s̺ u e
erosi	e ɾ o s̺ i
erosiek	e ɾ o s̺ i e k
erosien	e ɾ o s̺ i e n
erosiezu	e ɾ o s̺ i e s̺ u
erosiezue	e ɾ o s̺ i e s̺ u e
erosiok	e ɾ o s̺ i o k
erosion	e ɾ o s̺ i o n
erosiozu	e ɾ o s̺ i o s̺ u
erosiozue	e ɾ o s̺ i o s̺ u e
erosketa	e ɾ o s̺ k e t a
eroskuk	e ɾ o s̺ k u k
eroskun	e ɾ o s̺ k u n
eroskuzu	e ɾ o s̺ k u s̺ u
eroskuzue	e ɾ o s̺ k u s̺ u e
erosle	e ɾ o s̺ l e
erostak	e ɾ o s̺ t a k
erostan	e ɾ o s̺ t a n
erostazu	e ɾ o s̺ t a s̺ u
erostazue	e ɾ o s̺ t a s̺ u e
erpuru	e r p u ɾ u
erradar	e r a d a r
errain	e r a i̯ n
erraldoi	e r a l d o i̯
erramu	e r a m u
erran	e r a n
errape	e r a p e
erratza	e r a t͡s̻ a
errauts	e r a u̯ t͡s̺
erraz	e r a s̺
erre	e r e
erreferentzia	e r e f e ɾ e n t͡s̻ i a
errege	e r e ɡ e
erregela	e r e ɡ e l a
erregina	e r e ɡ i n a
erreka	e r e k a
errementari	e r e m e n t a ɾ i
errepide	e r e p i d e
errepika	e r e p i k a
errepikatu	e r e p i k a t u
erreproduzi	e r e p r o d u s̺ i
errepublika	e r e p u b l i k a
erresidentzia	e r e s̺ i d e n t͡s̻ i a
erresistentzia	e r e s̺ i s̺ t e n t͡s̻ i a
erresuma	e r e s̺ u m a
errez	e r e s̺
erro	e r o
erroi	e r o i̯
erromes	e r o m e s̺
errota	e r o t a
erru	e r u
errudun	e r u d u n
errumaniar	e r u m a n i a r
errumaniera	e r u m a n i e ɾ a
errun	e r u n
errusiar	e r u s̺ i a r
errusiera	e r u s̺ i e ɾ a
ertz	e r t͡s̻
ertzain	e r t͡s̻ a i̯ n
ertzaina	e r t͡s̻ a i̯ n a
esaldi	e s̺ a l d i
esan	e s̺ a n
esanahi	e s̺ a n a h i
esaneko	e s̺ a n e k o
esango	e s̺ a n ɡ o
esanguratsu	e s̺ a n ɡ u ɾ a t͡s̺ u
esate	e s̺ a t e
ese	e s̺ e
eseki	e s̺ e k i
esekitoki	e s̺ e k i t o k i
eseri	e s̺ e ɾ i
eskabide	e s̺ k a b i d e
eskailera	e s̺ k a i̯ l e ɾ a
eskaini	e s̺ k a i̯ n i
eskari	e s̺ k a ɾ i
eskatu	e s̺ k a t u
esker	e s̺ k e r
eskertu	e s̺ k e r t u
eskinoso	e s̺ k i n o s̺ o
eskizofrenia	e s̺ k i s̺ o f r e n i a
eskola	e s̺ k o l a
eskribitu	e s̺ k r i b i t u
esku	e s̺ k u
eskubila	e s̺ k u b i l a
eskuin	e s̺ k u i̯ n
eskumuturreko	e s̺ k u m u t u r e k o
eskutitz	e s̺ k u t i t͡s̻
eskuzabal	e s̺ k u s̺ a b a l
eslogan	e s̺ l o ɡ a n
eslovakiar	e s̺ l o b a k i a r
eslovakiera	e s̺ l o b a k i e ɾ a
esloveniar	e s̺ l o b e n i a r
esloveniera	e s̺ l o b e n i e ɾ a
esnatu	e s̺ n a t u
esne	e s̺ n e
espainiar	e s̺ p a i̯ n i a r
espainiera	e s̺ p a i̯ n i e ɾ a
esperanto	e s̺ p e ɾ a n t o
espezia	e s̺ p e s̺ i a
espezie	e s̺ p e s̺ i e
espioi	e s̺ p i o i̯
esportatu	e s̺ p o r t a t u
esportazio	e s̺ p o r t a s̺ i o
espresuki	e s̺ p r e s̺ u k i
estalgune	e s̺ t a l ɡ u n e
estali	e s̺ t a l i
estalki	e s̺ t a l k i
estatu	e s̺ t a t u
estatua	e s̺ t a t u a
estoniar	e s̺ t o n i a r
estoniera	e s̺ t o n i e ɾ a
estralurtar	e s̺ t r a l u r t a r
estrata	e s̺ t r a t a
estrategia	e s̺ t r a t e ɡ i a
estutu	e s̺ t u t u
eta	e t a
eten	e t e n
etete	e t e t e
etor	e t o r
etorkin	e t o r k i n
etorri	e t o r i
etorriko	e t o r i k o
etortze	e t o r t͡s̻ e
etortzen	e t o r t͡s̻ e n
etxe	e t͡ʃ e
etxea	e t͡ʃ e a
etxeak	e t͡ʃ e a k
etxean	e t͡ʃ e a n
etxearekin	e t͡ʃ e a ɾ e k i n
etxearen	e t͡ʃ e a ɾ e n
etxearengatik	e t͡ʃ e a ɾ e n ɡ a t i k
etxearentzat	e t͡ʃ e a ɾ e n t͡s̻ a t
etxeari	e t͡ʃ e a ɾ i
etxeaz	e t͡ʃ e a s̺
etxeei	e t͡ʃ e e i̯
etxeek	e t͡ʃ e e k
etxeekin	e t͡ʃ e e k i n
etxeen	e t͡ʃ e e n
etxeengatik	e t͡ʃ e e n ɡ a t i k
etxeentzat	e t͡ʃ e e n t͡s̻ a t
etxeetako	e t͡ʃ e e t a k o
etxeetan	e t͡ʃ e e t a n
etxeetara	e t͡ʃ e e t a ɾ a
etxeetaraino	e t͡ʃ e e t a ɾ a i̯ n o
etxeetarako	e t͡ʃ e e t a ɾ a k o
etxeetarantz	e t͡ʃ e e t a ɾ a n t͡s̻
etxeetatik	e t͡ʃ e e t a t i k
etxeez	e t͡ʃ e e s̺
etxek	e t͡ʃ e k
etxeko	e t͡ʃ e k o
etxekoandre	e t͡ʃ e k o a n d r e
etxera	e t͡ʃ e ɾ a
etxeraino	e t͡ʃ e ɾ a i̯ n o
etxerako	e t͡ʃ e ɾ a k o
etxerantz	e t͡ʃ e ɾ a n t͡s̻
etxerekin	e t͡ʃ e ɾ e k i n
etxeren	e t͡ʃ e ɾ e n
etxerengatik	e t͡ʃ e ɾ e n ɡ a t i k
etxerentzat	e t͡ʃ e ɾ e n t͡s̻ a t
etxeri	e t͡ʃ e ɾ i
etxerik	e t͡ʃ e ɾ i k
etxetako	e t͡ʃ e t a k o
etxetan	e t͡ʃ e t a n
etxetara	e t͡ʃ e t a ɾ a
etxetaraino	e t͡ʃ e t a ɾ a i̯ n o
etxetarako	e t͡ʃ e t a ɾ a k o
etxetarantz	e t͡ʃ e t a ɾ a n t͡s̻
etxetatik	e t͡ʃ e t a t i k
etxetik	e t͡ʃ e t i k
etxetzat	e t͡ʃ e t͡s̻ a t
etxez	e t͡ʃ e s̺
etzan	e t͡s̻ a n
etzango	e t͡s̻ a n ɡ o
etzate	e t͡s̻ a t e
etzaten	e t͡s̻ a t e n
etzi	e t͡s̻ i
eukak	e u̯ k a k
eukan	e u̯ k a n
eukazu	e u̯ k a s̺ u
eukazue	e u̯ k a s̺ u e
euli	e u̯ l i
eultzitu	e u̯ l t͡s̻ i t u
eurak	e u̯ ɾ a k
euri	e u̯ ɾ i
euritako	e u̯ ɾ i t a k o
euritsu	e u̯ ɾ i t͡s̺ u
eurok	e u̯ ɾ o k
euskal	e u̯ s̺ k a l
euskaldun	e u̯ s̺ k a l d u n
euskalki	e u̯ s̺ k a l k i
euskaltegi	e u̯ s̺ k a l t e ɡ i
euskaltzale	e u̯ s̺ k a l t͡s̻ a l e
euskara	e u̯ s̺ k a ɾ a
euskera	e u̯ s̺ k e ɾ a
eusko	e u̯ s̺ k o
euskuk	e u̯ s̺ k u k
euskun	e u̯ s̺ k u n
euskuzu	e u̯ s̺ k u s̺ u
euskuzue	e u̯ s̺ k u s̺ u e
eustak	e u̯ s̺ t a k
eustan	e u̯ s̺ t a n
eustazu	e u̯ s̺ t a s̺ u
eustazue	e u̯ s̺ t a s̺ u e
eutsi	e u̯ t͡s̺ i
eutsiek	e u̯ t͡s̺ i e k
eutsien	e u̯ t͡s̺ i e n
eutsiezu	e u̯ t͡s̺ i e s̻ u
eutsiezue	e u̯ t͡s̺ i e s̻ u e
eutsiok	e u̯ t͡s̺ i o k
eutsion	e u̯ t͡s̺ i o n
eutsiozu	e u̯ t͡s̺ i o s̻ u
eutsiozue	e u̯ t͡s̺ i o s̻ u e
euzkak	e u̯ s̺ k a k
euzkan	e u̯ s̺ k a n
euzkazu	e u̯ s̺ k a s̺ u
euzkazue	e u̯ s̺ k a s̺ u e
existitu	e k s̺ i s̺ t i t u
ez	e s̺
ezaguk	e s̺ a ɡ u k
ezagun	e s̺ a ɡ u n
ezagut	e s̺ a ɡ u t
ezagutu	e s̺ a ɡ u t u
ezagutuko	e s̺ a ɡ u t u k o
ezagutze	e s̺ a ɡ u t͡s̻ e
ezagutzen	e s̺ a ɡ u t͡s̻ e n
ezaguzu	e s̺ a ɡ u s̺ u
ezaguzue	e s̺ a ɡ u s̺ u e
ezak	e s̺ a k
ezan	e s̺ a n
ezarri	e s̺ a r i
ezazu	e s̺ a s̺ u
ezazue	e s̺ a s̺ u e
ezberdin	e s̺ b e r d i n
ezberdintasun	e s̺ b e r d i n t a s̺ u n
ezer	e s̺ e r
ezeri	e s̺ e ɾ i
ezetz	e s̺ e t͡s̻
ezezagun	e s̺ e s̺ a ɡ u n
ezin	e s̺ i n
ezjakin	e s̺ d͡ʒ a k i n
ezker	e s̺ k e r
ezkerra	e s̺ k e r a
ezki	e s̺ k i
ezko	e s̺ k o
ezkondu	e s̺ k o n d u
ezkongabe	e s̺ k o n ɡ a b e
ezkontza	e s̺ k o n t͡s̻ a
ezkor	e s̺ k o r
ezkortasun	e s̺ k o r t a s̺ u n
ezkutatu	e s̺ k u t a t u
ezpain	e s̺ p a i̯ n
ezpata	e s̺ p a t a
ezpel	e s̺ p e l
eztainu	e s̺ t a ɲ u
eztarri	e s̺ t a r i
ezti	e s̺ t i
eñe	e ɲ e
fakokero	f a k o k e ɾ o
falta	f a l t a
faltsu	f a l t͡s̺ u
famatu	f a m a t u
familia	f a m i l i a
fanfarroi	f a n f a r o i̯
fardel	f a r d e l
fase	f a s̺ e
fatxada	f a t͡ʃ a d a
fede	f e d e
feltro	f e l t r o
feria	f e ɾ i a
festa	f e s̺ t a
fetitxe	f e t i t͡ʃ e
fetitxismo	f e t i t͡ʃ i s̺ m o
fidatu	f i d a t u
fidelitate	f i d e l i t a t e
filosofia	f i l o s̺ o f i a
filosofo	f i l o s̺ o f o
fin	f i n
finlandiar	f i n l a n d i a r
finlandiera	f i n l a n d i e ɾ a
fisika	f i s̺ i k a
flatulentzia	f l a t u l e n t͡s̻ i a
fluor	f l u o r
fonologia	f o n o l o ɡ i a
forma	f o r m a
franko	f r a n k o
frantses	f r a n t͡s̺ e s̺
frantziar	f r a n t͡s̻ i a r
fresko	f r e s̺ k o
frisiera	f r i s̺ i e ɾ a
froga	f r o ɡ a
frustra	f r u s̺ t r a
fruta	f r u t a
fundatu	f u n d a t u
funsgabe	f u n s̺ ɡ a b e
funsgabeki	f u n s̺ ɡ a b e k i
funsgabeko	f u n s̺ ɡ a b e k o
funsgabetasun	f u n s̺ ɡ a b e t a s̺ u n
funts	f u n t͡s̺
funtsezko	f u n t͡s̺ e s̻ k o
funtsezkotasun	f u n t͡s̺ e s̻ k o t a s̺ u n
funtzionatu	f u n t͡s̻ i o n a t u
fusilari	f u s̺ i l a ɾ i
futbol	f u t b o l
gabarra	ɡ a b a r a
gabe	ɡ a b e
gabentza	ɡ a b e n t͡s̻ a
gabez	ɡ a b e s̺
gabiltza	ɡ a b i l t͡s̻ a
gabiltzak	ɡ a b i l t͡s̻ a k
gabiltzan	ɡ a b i l t͡s̻ a n
gabilzke	ɡ a b i l s̺ k e
gabilzkek	ɡ a b i l s̺ k e k
gabilzken	ɡ a b i l s̺ k e n
gabilzkiake	ɡ a b i l s̺ k i a k e
gabilzkian	ɡ a b i l s̺ k i a n
gabilzkie	ɡ a b i l s̺ k i e
gabilzkiek	ɡ a b i l s̺ k i e k
gabilzkieke	ɡ a b i l s̺ k i e k e
gabilzkiekek	ɡ a b i l s̺ k i e k e k
gabilzkieken	ɡ a b i l s̺ k i e k e n
gabilzkien	ɡ a b i l s̺ k i e n
gabilzkik	ɡ a b i l s̺ k i k
gabilzkin	ɡ a b i l s̺ k i n
gabilzkinake	ɡ a b i l s̺ k i ɲ a k e
gabilzkinan	ɡ a b i l s̺ k i ɲ a n
gabilzkio	ɡ a b i l s̺ k i o
gabilzkiok	ɡ a b i l s̺ k i o k
gabilzkioke	ɡ a b i l s̺ k i o k e
gabilzkiokek	ɡ a b i l s̺ k i o k e k
gabilzkioken	ɡ a b i l s̺ k i o k e n
gabilzkion	ɡ a b i l s̺ k i o n
gabilzkizu	ɡ a b i l s̺ k i s̺ u
gabilzkizue	ɡ a b i l s̺ k i s̺ u e
gabilzkizueke	ɡ a b i l s̺ k i s̺ u e k e
gabilzkizuen	ɡ a b i l s̺ k i s̺ u e n
gabilzkizuke	ɡ a b i l s̺ k i s̺ u k e
gabilzkizun	ɡ a b i l s̺ k i s̺ u n
gabon	ɡ a b o n
gagozkiake	ɡ a ɡ o s̺ k i a k e
gagozkian	ɡ a ɡ o s̺ k i a n
gagozkie	ɡ a ɡ o s̺ k i e
gagozkiek	ɡ a ɡ o s̺ k i e k
gagozkieke	ɡ a ɡ o s̺ k i e k e
gagozkiekek	ɡ a ɡ o s̺ k i e k e k
gagozkieken	ɡ a ɡ o s̺ k i e k e n
gagozkien	ɡ a ɡ o s̺ k i e n
gagozkik	ɡ a ɡ o s̺ k i k
gagozkin	ɡ a ɡ o s̺ k i n
gagozkinake	ɡ a ɡ o s̺ k i ɲ a k e
gagozkinan	ɡ a ɡ o s̺ k i ɲ a n
gagozkio	ɡ a ɡ o s̺ k i o
gagozkiok	ɡ a ɡ o s̺ k i o k
gagozkioke	ɡ a ɡ o s̺ k i o k e
gagozkiokek	ɡ a ɡ o s̺ k i o k e k
gagozkioken	ɡ a ɡ o s̺ k i o k e n
gagozkion	ɡ a ɡ o s̺ k i o n
gagozkizu	ɡ a ɡ o s̺ k i s̺ u
gagozkizue	ɡ a ɡ o s̺ k i s̺ u e
gagozkizueke	ɡ a ɡ o s̺ k i s̺ u e k e
gagozkizuen	ɡ a ɡ o s̺ k i s̺ u e n
gagozkizuke	ɡ a ɡ o s̺ k i s̺ u k e
gagozkizun	ɡ a ɡ o s̺ k i s̺ u n
gai	ɡ a i̯
gailu	ɡ a i̯ l u
gailur	ɡ a i̯ l u r
gain	ɡ a i̯ n
gaitezela	ɡ a i̯ t e s̺ e l a
gaitezen	ɡ a i̯ t e s̺ e n
gaitezke	ɡ a i̯ t e s̺ k e
gaitezkek	ɡ a i̯ t e s̺ k e k
gaitezken	ɡ a i̯ t e s̺ k e n
gaitik	ɡ a i̯ t i k
gaitin	ɡ a i̯ t i n
gaitizkek	ɡ a i̯ t i s̺ k e k
gaitizken	ɡ a i̯ t i s̺ k e n
gaitizketek	ɡ a i̯ t i s̺ k e t e k
gaitizketen	ɡ a i̯ t i s̺ k e t e n
gaitiztek	ɡ a i̯ t i s̺ t e k
gaitizten	ɡ a i̯ t i s̺ t e n
gaitu	ɡ a i̯ t u
gaituk	ɡ a i̯ t u k
gaitun	ɡ a i̯ t u n
gaituzke	ɡ a i̯ t u s̺ k e
gaituzkek	ɡ a i̯ t u s̺ k e k
gaituzken	ɡ a i̯ t u s̺ k e n
gaituzkete	ɡ a i̯ t u s̺ k e t e
gaituzkezu	ɡ a i̯ t u s̺ k e s̺ u
gaituzkezue	ɡ a i̯ t u s̺ k e s̺ u e
gaituzte	ɡ a i̯ t u s̺ t e
gaituzu	ɡ a i̯ t u s̺ u
gaituzue	ɡ a i̯ t u s̺ u e
gaitzaala	ɡ a i̯ t͡s̻ a a l a
gaitzaan	ɡ a i̯ t͡s̻ a a n
gaitzak	ɡ a i̯ t͡s̻ a k
gaitzake	ɡ a i̯ t͡s̻ a k e
gaitzakek	ɡ a i̯ t͡s̻ a k e k
gaitzaken	ɡ a i̯ t͡s̻ a k e n
gaitzakete	ɡ a i̯ t͡s̻ a k e t e
gaitzaketek	ɡ a i̯ t͡s̻ a k e t e k
gaitzaketen	ɡ a i̯ t͡s̻ a k e t e n
gaitzakezu	ɡ a i̯ t͡s̻ a k e s̺ u
gaitzakezue	ɡ a i̯ t͡s̻ a k e s̺ u e
gaitzala	ɡ a i̯ t͡s̻ a l a
gaitzan	ɡ a i̯ t͡s̻ a n
gaitzanala	ɡ a i̯ t͡s̻ a n a l a
gaitzanan	ɡ a i̯ t͡s̻ a n a n
gaitzatela	ɡ a i̯ t͡s̻ a t e l a
gaitzaten	ɡ a i̯ t͡s̻ a t e n
gaitzazu	ɡ a i̯ t͡s̻ a s̺ u
gaitzazue	ɡ a i̯ t͡s̻ a s̺ u e
gaitzazuela	ɡ a i̯ t͡s̻ a s̺ u e l a
gaitzazuen	ɡ a i̯ t͡s̻ a s̺ u e n
gaitzazula	ɡ a i̯ t͡s̻ a s̺ u l a
gaitzazun	ɡ a i̯ t͡s̻ a s̺ u n
gaixo	ɡ a i̯ ʃ o
gaixorik	ɡ a i̯ ʃ o ɾ i k
gaixotasun	ɡ a i̯ ʃ o t a s̺ u n
gaizki	ɡ a i̯ s̺ k i
gaizkile	ɡ a i̯ s̺ k i ʎ e
gaizto	ɡ a i̯ s̺ t o
gakartza	ɡ a k a r t͡s̻ a
gakartzak	ɡ a k a r t͡s̻ a k
gakartzan	ɡ a k a r t͡s̻ a n
gakartzate	ɡ a k a r t͡s̻ a t e
gakartzatek	ɡ a k a r t͡s̻ a t e k
gakartzaten	ɡ a k a r t͡s̻ a t e n
gakartzazu	ɡ a k a r t͡s̻ a s̺ u
gakartzazue	ɡ a k a r t͡s̻ a s̺ u e
gakizkien	ɡ a k i s̺ k i e n
gakizkion	ɡ a k i s̺ k i o n
galdegai	ɡ a l d e ɡ a i̯
galdetu	ɡ a l d e t u
galdu	ɡ a l d u
gale	ɡ a l e
galeper	ɡ a l e p e r
galesera	ɡ a l e s̺ e ɾ a
galiziar	ɡ a l i s̻ i a r
galtzak	ɡ a l t͡s̻ a k
galtzarbe	ɡ a l t͡s̻ a r b e
galtzari	ɡ a l t͡s̻ a ɾ i
galtzerdi	ɡ a l t͡s̻ e r d i
galtzetin	ɡ a l t͡s̻ e t i n
gamelu	ɡ a m e l u
ganibet	ɡ a n i b e t
gantz	ɡ a n t͡s̻
gara	ɡ a ɾ a
garabi	ɡ a ɾ a b i
garabiltza	ɡ a ɾ a b i l t͡s̻ a
garabiltzak	ɡ a ɾ a b i l t͡s̻ a k
garabiltzan	ɡ a ɾ a b i l t͡s̻ a n
garabiltzate	ɡ a ɾ a b i l t͡s̻ a t e
garabiltzatek	ɡ a ɾ a b i l t͡s̻ a t e k
garabiltzaten	ɡ a ɾ a b i l t͡s̻ a t e n
garabiltzazu	ɡ a ɾ a b i l t͡s̻ a s̺ u
garabiltzazue	ɡ a ɾ a b i l t͡s̻ a s̺ u e
garagar	ɡ a ɾ a ɡ a r
garagardo	ɡ a ɾ a ɡ a r d o
garagardogile	ɡ a ɾ a ɡ a r d o ɡ i l e
garagardogintza	ɡ a ɾ a ɡ a r d o ɡ i n t͡s̻ a
garagardotegi	ɡ a ɾ a ɡ a r d o t e ɡ i
garagarril	ɡ a ɾ a ɡ a r i l
garai	ɡ a ɾ a i̯
garaile	ɡ a ɾ a i̯ l e
garaipen	ɡ a ɾ a i̯ p e n
garaitu	ɡ a ɾ a i̯ t u
garamatza	ɡ a ɾ a m a t͡s̻ a
garamatzak	ɡ a ɾ a m a t͡s̻ a k
garamatzan	ɡ a ɾ a m a t͡s̻ a n
garamatzate	ɡ a ɾ a m a t͡s̻ a t e
garamatzazu	ɡ a ɾ a m a t͡s̻ a s̺ u
garamatzazue	ɡ a ɾ a m a t͡s̻ a s̺ u e
garateke	ɡ a ɾ a t e k e
garatu	ɡ a ɾ a t u
garatxo	ɡ a ɾ a t͡ʃ o
garau	ɡ a ɾ a u̯
garautegi	ɡ a ɾ a u̯ t e ɡ i
garbantzu	ɡ a r b a n t͡s̻ u
garbi	ɡ a r b i
garbigailu	ɡ a r b i ɡ a i̯ l u
garbitu	ɡ a r b i t u
garbitzaile	ɡ a r b i t͡s̻ a i̯ l e
garesti	ɡ a ɾ e s̺ t i
garestitu	ɡ a ɾ e s̺ t i t u
gari	ɡ a ɾ i
garil	ɡ a ɾ i l
garraizkie	ɡ a r a i̯ s̺ k i e
garraizkiek	ɡ a r a i̯ s̺ k i e k
garraizkien	ɡ a r a i̯ s̺ k i e n
garraizkik	ɡ a r a i̯ s̺ k i k
garraizkin	ɡ a r a i̯ s̺ k i n
garraizkio	ɡ a r a i̯ s̺ k i o
garraizkiok	ɡ a r a i̯ s̺ k i o k
garraizkion	ɡ a r a i̯ s̺ k i o n
garraizkizu	ɡ a r a i̯ s̺ k i s̺ u
garraizkizue	ɡ a r a i̯ s̺ k i s̺ u e
garrantzi	ɡ a r a n t͡s̻ i
garrantzitsu	ɡ a r a n t͡s̻ i t͡s̺ u
garri	ɡ a r i
garun	ɡ a ɾ u n
gasteiztar	ɡ a s̺ t e i̯ s̺ t a r
gatazka	ɡ a t a s̺ k a
gatoz	ɡ a t o s̺
gatozak	ɡ a t o s̺ a k
gatozan	ɡ a t o s̺ a n
gatozen	ɡ a t o s̺ e n
gatozke	ɡ a t o s̺ k e
gatozkek	ɡ a t o s̺ k e k
gatozken	ɡ a t o s̺ k e n
gatozkiake	ɡ a t o s̺ k i a k e
gatozkian	ɡ a t o s̺ k i a n
gatozkie	ɡ a t o s̺ k i e
gatozkiek	ɡ a t o s̺ k i e k
gatozkieke	ɡ a t o s̺ k i e k e
gatozkiekek	ɡ a t o s̺ k i e k e k
gatozkieken	ɡ a t o s̺ k i e k e n
gatozkien	ɡ a t o s̺ k i e n
gatozkik	ɡ a t o s̺ k i k
gatozkin	ɡ a t o s̺ k i n
gatozkinake	ɡ a t o s̺ k i ɲ a k e
gatozkinan	ɡ a t o s̺ k i ɲ a n
gatozkio	ɡ a t o s̺ k i o
gatozkiok	ɡ a t o s̺ k i o k
gatozkioke	ɡ a t o s̺ k i o k e
gatozkiokek	ɡ a t o s̺ k i o k e k
gatozkioken	ɡ a t o s̺ k i o k e n
gatozkion	ɡ a t o s̺ k i o n
gatozkizu	ɡ a t o s̺ k i s̺ u
gatozkizue	ɡ a t o s̺ k i s̺ u e
gatozkizueke	ɡ a t o s̺ k i s̺ u e k e
gatozkizuen	ɡ a t o s̺ k i s̺ u e n
gatozkizuke	ɡ a t o s̺ k i s̺ u k e
gatozkizun	ɡ a t o s̺ k i s̺ u n
gatxezkie	ɡ a t͡ʃ e s̺ k i e
gatxezkiek	ɡ a t͡ʃ e s̺ k i e k
gatxezkien	ɡ a t͡ʃ e s̺ k i e n
gatxezkik	ɡ a t͡ʃ e s̺ k i k
gatxezkin	ɡ a t͡ʃ e s̺ k i n
gatxezkio	ɡ a t͡ʃ e s̺ k i o
gatxezkiok	ɡ a t͡ʃ e s̺ k i o k
gatxezkion	ɡ a t͡ʃ e s̺ k i o n
gatxezkizu	ɡ a t͡ʃ e s̺ k i s̺ u
gatxezkizue	ɡ a t͡ʃ e s̺ k i s̺ u e
gatz	ɡ a t͡s̻
gatzaizkie	ɡ a t͡s̻ a i̯ s̺ k i e
gatzaizkik	ɡ a t͡s̻ a i̯ s̺ k i k
gatzaizkin	ɡ a t͡s̻ a i̯ s̺ k i n
gatzaizkio	ɡ a t͡s̻ a i̯ s̺ k i o
gatzaizkizu	ɡ a t͡s̻ a i̯ s̺ k i s̺ u
gatzaizkizue	ɡ a t͡s̻ a i̯ s̺ k i s̺ u e
gau	ɡ a u̯
gaude	ɡ a u̯ d e
gaudek	ɡ a u̯ d e k
gaudeke	ɡ a u̯ d e k e
gaudekek	ɡ a u̯ d e k e k
gaudeken	ɡ a u̯ d e k e n
gauden	ɡ a u̯ d e n
gauenara	ɡ a b e n a ɾ a
gauero	ɡ a b e ɾ o
gaupasa	ɡ a u̯ p a s̺ a
gaur	ɡ a u̯ r
gautza	ɡ a u̯ t͡s̻ a
gautzak	ɡ a u̯ t͡s̻ a k
gautzan	ɡ a u̯ t͡s̻ a n
gauza	ɡ a u̯ s̺ a
gauzatu	ɡ a u̯ s̺ a t u
gauzka	ɡ a u̯ s̺ k a
gauzkak	ɡ a u̯ s̺ k a k
gauzkan	ɡ a u̯ s̺ k a n
gauzkate	ɡ a u̯ s̺ k a t e
gauzkatek	ɡ a u̯ s̺ k a t e k
gauzkaten	ɡ a u̯ s̺ k a t e n
gauzkazu	ɡ a u̯ s̺ k a s̺ u
gauzkazue	ɡ a u̯ s̺ k a s̺ u e
gazaguzki	ɡ a s̺ a ɡ u s̺ k i
gazaguzkik	ɡ a s̺ a ɡ u s̺ k i k
gazaguzkin	ɡ a s̺ a ɡ u s̺ k i n
gazaguzkite	ɡ a s̺ a ɡ u s̺ k i t e
gazaguzkitek	ɡ a s̺ a ɡ u s̺ k i t e k
gazaguzkiten	ɡ a s̺ a ɡ u s̺ k i t e n
gazaguzkizu	ɡ a s̺ a ɡ u s̺ k i s̺ u
gazaguzkizue	ɡ a s̺ a ɡ u s̺ k i s̺ u e
gazi	ɡ a s̺ i
gazta	ɡ a s̺ t a
gaztaina	ɡ a s̺ t a ɲ a
gaztainondo	ɡ a s̺ t a ɲ o n d o
gazte	ɡ a s̺ t e
gaztelania	ɡ a s̺ t e l a n i a
gaztelera	ɡ a s̺ t e l e ɾ a
gaztelu	ɡ a s̺ t e l u
gazteria	ɡ a s̺ t e ɾ i a
gaztetxe	ɡ a s̺ t e t͡ʃ e
gazur	ɡ a s̺ u ɾ
ge	ɡ e
gehiegizko	ɡ e h i e ɡ i s̻ k o
gehienbat	ɡ e h i e m b a t
gehitu	ɡ e h i t u
gela	ɡ e l a
geltoki	ɡ e l t o k i
geltokiburu	ɡ e l t o k i b u ɾ u
geltokiek	ɡ e l t o k i e k
geltokiz	ɡ e l t o k i s̺
genbiltzaan	ɡ e m b i l t͡s̻ a a n
genbiltzan	ɡ e m b i l t͡s̻ a n
genbiltzanan	ɡ e m b i l t͡s̻ a n a n
genbilzke	ɡ e m b i l s̺ k e
genbilzkean	ɡ e m b i l s̺ k e a n
genbilzkeen	ɡ e m b i l s̺ k e e n
genbilzkek	ɡ e m b i l s̺ k e k
genbilzken	ɡ e m b i l s̺ k e n
genbilzkenan	ɡ e m b i l s̺ k e n a n
genbilzkiake	ɡ e m b i l s̺ k i a k e
genbilzkiakeen	ɡ e m b i l s̺ k i a k e e n
genbilzkian	ɡ e m b i l s̺ k i a n
genbilzkiean	ɡ e m b i l s̺ k i e a n
genbilzkieke	ɡ e m b i l s̺ k i e k e
genbilzkiekean	ɡ e m b i l s̺ k i e k e a n
genbilzkiekeen	ɡ e m b i l s̺ k i e k e e n
genbilzkiekek	ɡ e m b i l s̺ k i e k e k
genbilzkieken	ɡ e m b i l s̺ k i e k e n
genbilzkiekenan	ɡ e m b i l s̺ k i e k e n a n
genbilzkien	ɡ e m b i l s̺ k i e n
genbilzkienan	ɡ e m b i l s̺ k i e n a n
genbilzkinake	ɡ e m b i l s̺ k i ɲ a k e
genbilzkinakeen	ɡ e m b i l s̺ k i ɲ a k e e n
genbilzkinan	ɡ e m b i l s̺ k i ɲ a n
genbilzkioan	ɡ e m b i l s̺ k i o a n
genbilzkioke	ɡ e m b i l s̺ k i o k e
genbilzkiokean	ɡ e m b i l s̺ k i o k e a n
genbilzkiokeen	ɡ e m b i l s̺ k i o k e e n
genbilzkiokek	ɡ e m b i l s̺ k i o k e k
genbilzkioken	ɡ e m b i l s̺ k i o k e n
genbilzkiokenan	ɡ e m b i l s̺ k i o k e n a n
genbilzkion	ɡ e m b i l s̺ k i o n
genbilzkionan	ɡ e m b i l s̺ k i o n a n
genbilzkizueke	ɡ e m b i l s̺ k i s̺ u e k e
genbilzkizuekeen	ɡ e m b i l s̺ k i s̺ u e k e e n
genbilzkizuen	ɡ e m b i l s̺ k i s̺ u e n
genbilzkizuke	ɡ e m b i l s̺ k i s̺ u k e
genbilzkizukeen	ɡ e m b i l s̺ k i s̺ u k e e n
genbilzkizun	ɡ e m b i l s̺ k i s̺ u n
genegian	ɡ e n e ɡ i a n
genegiean	ɡ e n e ɡ i e a n
genegien	ɡ e n e ɡ i e n
genegienan	ɡ e n e ɡ i e n a n
genegike	ɡ e n e ɡ i k e
genegikek	ɡ e n e ɡ i k e k
genegiken	ɡ e n e ɡ i k e n
geneginan	ɡ e n e ɡ i n a n
genegion	ɡ e n e ɡ i o n
genegitzaan	ɡ e n e ɡ i t͡s̻ a a n
genegitzake	ɡ e n e ɡ i t͡s̻ a k e
genegitzakek	ɡ e n e ɡ i t͡s̻ a k e k
genegitzaken	ɡ e n e ɡ i t͡s̻ a k e n
genegitzan	ɡ e n e ɡ i t͡s̻ a n
genegitzanan	ɡ e n e ɡ i t͡s̻ a n a n
genegizkian	ɡ e n e ɡ i s̺ k i a n
genegizkien	ɡ e n e ɡ i s̺ k i e n
genegizkinan	ɡ e n e ɡ i s̺ k i ɲ a n
genegizkion	ɡ e n e ɡ i s̺ k i o n
genegizkizuen	ɡ e n e ɡ i s̺ k i s̺ u e n
genegizkizun	ɡ e n e ɡ i s̺ k i s̺ u n
genegizuen	ɡ e n e ɡ i s̺ u e n
genegizun	ɡ e n e ɡ i s̺ u n
genekarkian	ɡ e n e k a r k i a n
genekarkiean	ɡ e n e k a r k i e a n
genekarkien	ɡ e n e k a r k i e n
genekarkienan	ɡ e n e k a r k i e n a n
genekarkinan	ɡ e n e k a r k i n a n
genekarkioan	ɡ e n e k a r k i o a n
genekarkion	ɡ e n e k a r k i o n
genekarkionan	ɡ e n e k a r k i o n a n
genekarkizuen	ɡ e n e k a r k i s̺ u e n
genekarkizun	ɡ e n e k a r k i s̺ u n
genekarrean	ɡ e n e k a r e a n
genekarren	ɡ e n e k a r e n
genekarrenan	ɡ e n e k a r e n a n
genekartzaan	ɡ e n e k a r t͡s̻ a a n
genekartzan	ɡ e n e k a r t͡s̻ a n
genekartzanan	ɡ e n e k a r t͡s̻ a n a n
genekarzkian	ɡ e n e k a r s̺ k i a n
genekarzkiean	ɡ e n e k a r s̺ k i e a n
genekarzkien	ɡ e n e k a r s̺ k i e n
genekarzkienan	ɡ e n e k a r s̺ k i e n a n
genekarzkinan	ɡ e n e k a r s̺ k i ɲ a n
genekarzkioan	ɡ e n e k a r s̺ k i o a n
genekarzkion	ɡ e n e k a r s̺ k i o n
genekarzkionan	ɡ e n e k a r s̺ k i o n a n
genekarzkizuen	ɡ e n e k a r s̺ k i s̺ u e n
genekarzkizun	ɡ e n e k a r s̺ k i s̺ u n
genekian	ɡ e n e k i a n
genekien	ɡ e n e k i e n
genekike	ɡ e n e k i k e
genekikek	ɡ e n e k i k e k
genekiken	ɡ e n e k i k e n
genekinan	ɡ e n e k i n a n
genekizke	ɡ e n e k i s̺ k e
genekizkek	ɡ e n e k i s̺ k e k
genekizken	ɡ e n e k i s̺ k e n
genekizkian	ɡ e n e k i s̺ k i a n
genekizkien	ɡ e n e k i s̺ k i e n
genekizkinan	ɡ e n e k i s̺ k i ɲ a n
genekusaan	ɡ e n e k u s̺ a a n
genekusan	ɡ e n e k u s̺ a n
genekusanan	ɡ e n e k u s̺ a n a n
genekusazke	ɡ e n e k u s̺ a s̺ k e
genekusazkek	ɡ e n e k u s̺ a s̺ k e k
genekusazken	ɡ e n e k u s̺ a s̺ k e n
genekuske	ɡ e n e k u s̺ k e
genekuskek	ɡ e n e k u s̺ k e k
genekusken	ɡ e n e k u s̺ k e n
genekuskian	ɡ e n e k u s̺ k i a n
genekuskien	ɡ e n e k u s̺ k i e n
genekuskinan	ɡ e n e k u s̺ k i n a n
genentzuan	ɡ e n e n t͡s̻ u a n
genentzuen	ɡ e n e n t͡s̻ u e n
genentzuke	ɡ e n e n t͡s̻ u k e
genentzukek	ɡ e n e n t͡s̻ u k e k
genentzuken	ɡ e n e n t͡s̻ u k e n
genentzunan	ɡ e n e n t͡s̻ u n a n
genentzuzke	ɡ e n e n t͡s̻ u s̺ k e
genentzuzkek	ɡ e n e n t͡s̻ u s̺ k e k
genentzuzken	ɡ e n e n t͡s̻ u s̺ k e n
genentzuzkian	ɡ e n e n t͡s̻ u s̺ k i a n
genentzuzkien	ɡ e n e n t͡s̻ u s̺ k i e n
genentzuzkinan	ɡ e n e n t͡s̻ u s̺ k i ɲ a n
generabilean	ɡ e n e ɾ a b i l e a n
generabilen	ɡ e n e ɾ a b i l e n
generabilenan	ɡ e n e ɾ a b i l e n a n
generabilkiean	ɡ e n e ɾ a b i l k i e a n
generabilkienan	ɡ e n e ɾ a b i l k i e n a n
generabilkioan	ɡ e n e ɾ a b i l k i o a n
generabilkionan	ɡ e n e ɾ a b i l k i o n a n
generabiltzaan	ɡ e n e ɾ a b i l t͡s̻ a a n
generabiltzan	ɡ e n e ɾ a b i l t͡s̻ a n
generabiltzanan	ɡ e n e ɾ a b i l t͡s̻ a n a n
generabilzkiean	ɡ e n e ɾ a b i l s̺ k i e a n
generabilzkienan	ɡ e n e ɾ a b i l s̺ k i e n a n
generabilzkioan	ɡ e n e ɾ a b i l s̺ k i o a n
generabilzkionan	ɡ e n e ɾ a b i l s̺ k i o n a n
generakuske	ɡ e n e ɾ a k u s̺ k e
generakuskek	ɡ e n e ɾ a k u s̺ k e k
generakusken	ɡ e n e ɾ a k u s̺ k e n
generakuskian	ɡ e n e ɾ a k u s̺ k i a n
generakuskien	ɡ e n e ɾ a k u s̺ k i e n
generakuskinan	ɡ e n e ɾ a k u s̺ k i n a n
generakutsaan	ɡ e n e ɾ a k u t͡s̺ a a n
generakutsan	ɡ e n e ɾ a k u t͡s̺ a n
generakutsanan	ɡ e n e ɾ a k u t͡s̺ a n a n
generakutsazke	ɡ e n e ɾ a k u t͡s̺ a s̻ k e
generakutsazkek	ɡ e n e ɾ a k u t͡s̺ a s̻ k e k
generakutsazken	ɡ e n e ɾ a k u t͡s̺ a s̻ k e n
generaman	ɡ e n e ɾ a m a n
generamatzan	ɡ e n e ɾ a m a t͡s̻ a n
generitzaan	ɡ e n e ɾ i t͡s̻ a a n
generitzake	ɡ e n e ɾ i t͡s̻ a k e
generitzakek	ɡ e n e ɾ i t͡s̻ a k e k
generitzaken	ɡ e n e ɾ i t͡s̻ a k e n
generitzan	ɡ e n e ɾ i t͡s̻ a n
generitzanan	ɡ e n e ɾ i t͡s̻ a n a n
generitzean	ɡ e n e ɾ i t͡s̻ e a n
generitzeke	ɡ e n e ɾ i t͡s̻ e k e
generitzekek	ɡ e n e ɾ i t͡s̻ e k e k
generitzeken	ɡ e n e ɾ i t͡s̻ e k e n
generitzen	ɡ e n e ɾ i t͡s̻ e n
generitzenan	ɡ e n e ɾ i t͡s̻ e n a n
generitzoan	ɡ e n e ɾ i t͡s̻ o a n
generitzoke	ɡ e n e ɾ i t͡s̻ o k e
generitzokek	ɡ e n e ɾ i t͡s̻ o k e k
generitzoken	ɡ e n e ɾ i t͡s̻ o k e n
generitzon	ɡ e n e ɾ i t͡s̻ o n
generitzonan	ɡ e n e ɾ i t͡s̻ o n a n
generitzueke	ɡ e n e ɾ i t͡s̻ u e k e
generitzuen	ɡ e n e ɾ i t͡s̻ u e n
generitzuke	ɡ e n e ɾ i t͡s̻ u k e
generitzun	ɡ e n e ɾ i t͡s̻ u n
generizake	ɡ e n e ɾ i s̺ a k e
generizan	ɡ e n e ɾ i s̺ a n
generiznake	ɡ e n e ɾ i s̺ n a k e
generiznan	ɡ e n e ɾ i s̺ n a n
generiztean	ɡ e n e ɾ i s̺ t e a n
generizteke	ɡ e n e ɾ i s̺ t e k e
generiztekek	ɡ e n e ɾ i s̺ t e k e k
generizteken	ɡ e n e ɾ i s̺ t e k e n
generizten	ɡ e n e ɾ i s̺ t e n
generiztenan	ɡ e n e ɾ i s̺ t e n a n
generoaan	ɡ e n e ɾ o a a n
generoake	ɡ e n e ɾ o a k e
generoakek	ɡ e n e ɾ o a k e k
generoaken	ɡ e n e ɾ o a k e n
generoan	ɡ e n e ɾ o a n
generoanan	ɡ e n e ɾ o a n a n
generoatzaan	ɡ e n e ɾ o a t͡s̻ a a n
generoatzan	ɡ e n e ɾ o a t͡s̻ a n
generoatzanan	ɡ e n e ɾ o a t͡s̻ a n a n
generoazke	ɡ e n e ɾ o a s̺ k e
generoazkek	ɡ e n e ɾ o a s̺ k e k
generoazken	ɡ e n e ɾ o a s̺ k e n
geneukaan	ɡ e n e u̯ k a a n
geneukake	ɡ e n e u̯ k a k e
geneukakek	ɡ e n e u̯ k a k e k
geneukaken	ɡ e n e u̯ k a k e n
geneukan	ɡ e n e u̯ k a n
geneukanan	ɡ e n e u̯ k a n a n
geneuzkaan	ɡ e n e u̯ s̺ k a a n
geneuzkake	ɡ e n e u̯ s̺ k a k e
geneuzkakek	ɡ e n e u̯ s̺ k a k e k
geneuzkaken	ɡ e n e u̯ s̺ k a k e n
geneuzkan	ɡ e n e u̯ s̺ k a n
geneuzkanan	ɡ e n e u̯ s̺ k a n a n
genezaguan	ɡ e n e s̺ a ɡ u a n
genezaguen	ɡ e n e s̺ a ɡ u e n
genezaguke	ɡ e n e s̺ a ɡ u k e
genezagukek	ɡ e n e s̺ a ɡ u k e k
genezaguken	ɡ e n e s̺ a ɡ u k e n
genezagunan	ɡ e n e s̺ a ɡ u n a n
genezaguzke	ɡ e n e s̺ a ɡ u s̺ k e
genezaguzkek	ɡ e n e s̺ a ɡ u s̺ k e k
genezaguzken	ɡ e n e s̺ a ɡ u s̺ k e n
genezaguzkian	ɡ e n e s̺ a ɡ u s̺ k i a n
genezaguzkien	ɡ e n e s̺ a ɡ u s̺ k i e n
genezaguzkinan	ɡ e n e s̺ a ɡ u s̺ k i ɲ a n
genezake	ɡ e n e s̺ a k e
genezakean	ɡ e n e s̺ a k e a n
genezakeen	ɡ e n e s̺ a k e e n
genezakek	ɡ e n e s̺ a k e k
genezaken	ɡ e n e s̺ a k e n
genezakenan	ɡ e n e s̺ a k e n a n
genezala	ɡ e n e s̺ a l a
genezan	ɡ e n e s̺ a n
gengozkiake	ɡ e n ɡ o s̺ k i a k e
gengozkiakeen	ɡ e n ɡ o s̺ k i a k e e n
gengozkian	ɡ e n ɡ o s̺ k i a n
gengozkiean	ɡ e n ɡ o s̺ k i e a n
gengozkieke	ɡ e n ɡ o s̺ k i e k e
gengozkiekean	ɡ e n ɡ o s̺ k i e k e a n
gengozkiekeen	ɡ e n ɡ o s̺ k i e k e e n
gengozkiekek	ɡ e n ɡ o s̺ k i e k e k
gengozkieken	ɡ e n ɡ o s̺ k i e k e n
gengozkiekenan	ɡ e n ɡ o s̺ k i e k e n a n
gengozkien	ɡ e n ɡ o s̺ k i e n
gengozkienan	ɡ e n ɡ o s̺ k i e n a n
gengozkinake	ɡ e n ɡ o s̺ k i ɲ a k e
gengozkinakeen	ɡ e n ɡ o s̺ k i ɲ a k e e n
gengozkinan	ɡ e n ɡ o s̺ k i ɲ a n
gengozkioan	ɡ e n ɡ o s̺ k i o a n
gengozkioke	ɡ e n ɡ o s̺ k i o k e
gengozkiokean	ɡ e n ɡ o s̺ k i o k e a n
gengozkiokeen	ɡ e n ɡ o s̺ k i o k e e n
gengozkiokek	ɡ e n ɡ o s̺ k i o k e k
gengozkioken	ɡ e n ɡ o s̺ k i o k e n
gengozkiokenan	ɡ e n ɡ o s̺ k i o k e n a n
gengozkion	ɡ e n ɡ o s̺ k i o n
gengozkionan	ɡ e n ɡ o s̺ k i o n a n
gengozkizueke	ɡ e n ɡ o s̺ k i s̺ u e k e
gengozkizuekeen	ɡ e n ɡ o s̺ k i s̺ u e k e e n
gengozkizuen	ɡ e n ɡ o s̺ k i s̺ u e n
gengozkizuke	ɡ e n ɡ o s̺ k i s̺ u k e
gengozkizukeen	ɡ e n ɡ o s̺ k i s̺ u k e e n
gengozkizun	ɡ e n ɡ o s̺ k i s̺ u n
genian	ɡ e n i a n
geniean	ɡ e n i e a n
genien	ɡ e n i e n
genienan	ɡ e n i e n a n
geniezaiekean	ɡ e n i e s̺ a i̯ e k e a n
geniezaiekenan	ɡ e n i e s̺ a i̯ e k e n a n
geniezaiokean	ɡ e n i e s̺ a i̯ o k e a n
geniezaiokenan	ɡ e n i e s̺ a i̯ o k e n a n
geniezazkiekean	ɡ e n i e s̺ a s̺ k i e k e a n
geniezazkiekenan	ɡ e n i e s̺ a s̺ k i e k e n a n
geniezazkiokean	ɡ e n i e s̺ a s̺ k i o k e a n
geniezazkiokenan	ɡ e n i e s̺ a s̺ k i o k e n a n
geniharduan	ɡ e n i a r d u a n
geniharduen	ɡ e n i a r d u e n
genihardukaan	ɡ e n i a r d u k a a n
genihardukake	ɡ e n i a r d u k a k e
genihardukakek	ɡ e n i a r d u k a k e k
genihardukaken	ɡ e n i a r d u k a k e n
genihardukan	ɡ e n i a r d u k a n
genihardukanan	ɡ e n i a r d u k a n a n
geniharduke	ɡ e n i a r d u k e
genihardukek	ɡ e n i a r d u k e k
geniharduken	ɡ e n i a r d u k e n
genihardunan	ɡ e n i a r d u n a n
genikean	ɡ e n i k e a n
genikek	ɡ e n i k e k
geniken	ɡ e n i k e n
genikenan	ɡ e n i k e n a n
geninan	ɡ e n i n a n
genioan	ɡ e n i o a n
genion	ɡ e n i o n
genionan	ɡ e n i o n a n
genirauan	ɡ e n i ɾ a u̯ a n
genirauen	ɡ e n i ɾ a u̯ e n
genirauke	ɡ e n i ɾ a u̯ k e
geniraukek	ɡ e n i ɾ a u̯ k e k
genirauken	ɡ e n i ɾ a u̯ k e n
geniraunan	ɡ e n i ɾ a u̯ n a n
geniro	ɡ e n i ɾ o
geniroan	ɡ e n i ɾ o a n
geniroen	ɡ e n i ɾ o e n
genirok	ɡ e n i ɾ o k
geniron	ɡ e n i ɾ o n
genironan	ɡ e n i ɾ o n a n
genirudian	ɡ e n i ɾ u d i a n
genirudien	ɡ e n i ɾ u d i e n
genirudike	ɡ e n i ɾ u d i k e
genirudikek	ɡ e n i ɾ u d i k e k
genirudiken	ɡ e n i ɾ u d i k e n
genirudinan	ɡ e n i ɾ u d i n a n
genitian	ɡ e n i t i a n
genitinan	ɡ e n i t i n a n
genitizkean	ɡ e n i t i s̺ k e a n
genitizkek	ɡ e n i t i s̺ k e k
genitizken	ɡ e n i t i s̺ k e n
genitizkenan	ɡ e n i t i s̺ k e n a n
genituen	ɡ e n i t u e n
genituzke	ɡ e n i t u s̺ k e
genituzkeen	ɡ e n i t u s̺ k e e n
genitzake	ɡ e n i t͡s̻ a k e
genitzakean	ɡ e n i t͡s̻ a k e a n
genitzakeen	ɡ e n i t͡s̻ a k e e n
genitzakek	ɡ e n i t͡s̻ a k e k
genitzaken	ɡ e n i t͡s̻ a k e n
genitzakenan	ɡ e n i t͡s̻ a k e n a n
genitzala	ɡ e n i t͡s̻ a l a
genitzan	ɡ e n i t͡s̻ a n
genizkian	ɡ e n i s̺ k i a n
genizkiean	ɡ e n i s̺ k i e a n
genizkien	ɡ e n i s̺ k i e n
genizkienan	ɡ e n i s̺ k i e n a n
genizkinan	ɡ e n i s̺ k i ɲ a n
genizkioan	ɡ e n i s̺ k i o a n
genizkion	ɡ e n i s̺ k i o n
genizkionan	ɡ e n i s̺ k i o n a n
genizkizuen	ɡ e n i s̺ k i s̺ u e n
genizkizun	ɡ e n i s̺ k i s̺ u n
genizuen	ɡ e n i s̺ u e n
genizun	ɡ e n i s̺ u n
genkizkieke	ɡ e n k i s̺ k i e k e
genkizkiekek	ɡ e n k i s̺ k i e k e k
genkizkieken	ɡ e n k i s̺ k i e k e n
genkizkien	ɡ e n k i s̺ k i e n
genkizkioke	ɡ e n k i s̺ k i o k e
genkizkiokek	ɡ e n k i s̺ k i o k e k
genkizkioken	ɡ e n k i s̺ k i o k e n
genkizkion	ɡ e n k i s̺ k i o n
genozidio	ɡ e n o s̺ i d i o
gentozaan	ɡ e n t o s̺ a a n
gentozanan	ɡ e n t o s̺ a n a n
gentozen	ɡ e n t o s̺ e n
gentozke	ɡ e n t o s̺ k e
gentozkean	ɡ e n t o s̺ k e a n
gentozkeen	ɡ e n t o s̺ k e e n
gentozkek	ɡ e n t o s̺ k e k
gentozken	ɡ e n t o s̺ k e n
gentozkenan	ɡ e n t o s̺ k e n a n
gentozkiake	ɡ e n t o s̺ k i a k e
gentozkiakeen	ɡ e n t o s̺ k i a k e e n
gentozkian	ɡ e n t o s̺ k i a n
gentozkiean	ɡ e n t o s̺ k i e a n
gentozkieke	ɡ e n t o s̺ k i e k e
gentozkiekean	ɡ e n t o s̺ k i e k e a n
gentozkiekeen	ɡ e n t o s̺ k i e k e e n
gentozkiekek	ɡ e n t o s̺ k i e k e k
gentozkieken	ɡ e n t o s̺ k i e k e n
gentozkiekenan	ɡ e n t o s̺ k i e k e n a n
gentozkien	ɡ e n t o s̺ k i e n
gentozkienan	ɡ e n t o s̺ k i e n a n
gentozkinake	ɡ e n t o s̺ k i ɲ a k e
gentozkinakeen	ɡ e n t o s̺ k i ɲ a k e e n
gentozkinan	ɡ e n t o s̺ k i ɲ a n
gentozkioan	ɡ e n t o s̺ k i o a n
gentozkioke	ɡ e n t o s̺ k i o k e
gentozkiokean	ɡ e n t o s̺ k i o k e a n
gentozkiokeen	ɡ e n t o s̺ k i o k e e n
gentozkiokek	ɡ e n t o s̺ k i o k e k
gentozkioken	ɡ e n t o s̺ k i o k e n
gentozkiokenan	ɡ e n t o s̺ k i o k e n a n
gentozkion	ɡ e n t o s̺ k i o n
gentozkionan	ɡ e n t o s̺ k i o n a n
gentozkizueke	ɡ e n t o s̺ k i s̺ u e k e
gentozkizuekeen	ɡ e n t o s̺ k i s̺ u e k e e n
gentozkizuen	ɡ e n t o s̺ k i s̺ u e n
gentozkizuke	ɡ e n t o s̺ k i s̺ u k e
gentozkizukeen	ɡ e n t o s̺ k i s̺ u k e e n
gentozkizun	ɡ e n t o s̺ k i s̺ u n
gentxezkiake	ɡ e n t͡ʃ e s̺ k i a k e
gentxezkian	ɡ e n t͡ʃ e s̺ k i a n
gentxezkiean	ɡ e n t͡ʃ e s̺ k i e a n
gentxezkieke	ɡ e n t͡ʃ e s̺ k i e k e
gentxezkiekek	ɡ e n t͡ʃ e s̺ k i e k e k
gentxezkieken	ɡ e n t͡ʃ e s̺ k i e k e n
gentxezkien	ɡ e n t͡ʃ e s̺ k i e n
gentxezkienan	ɡ e n t͡ʃ e s̺ k i e n a n
gentxezkinake	ɡ e n t͡ʃ e s̺ k i ɲ a k e
gentxezkinan	ɡ e n t͡ʃ e s̺ k i ɲ a n
gentxezkioan	ɡ e n t͡ʃ e s̺ k i o a n
gentxezkioke	ɡ e n t͡ʃ e s̺ k i o k e
gentxezkiokek	ɡ e n t͡ʃ e s̺ k i o k e k
gentxezkioken	ɡ e n t͡ʃ e s̺ k i o k e n
gentxezkion	ɡ e n t͡ʃ e s̺ k i o n
gentxezkionan	ɡ e n t͡ʃ e s̺ k i o n a n
gentxezkizueke	ɡ e n t͡ʃ e s̺ k i s̺ u e k e
gentxezkizuen	ɡ e n t͡ʃ e s̺ k i s̺ u e n
gentxezkizuke	ɡ e n t͡ʃ e s̺ k i s̺ u k e
gentxezkizun	ɡ e n t͡ʃ e s̺ k i s̺ u n
genuen	ɡ e n u e n
genuke	ɡ e n u k e
genukeen	ɡ e n u k e e n
geografia	ɡ e o ɡ r a f i a
georgiar	ɡ e o r ɡ i a r
georgiera	ɡ e o r ɡ i e ɾ a
geraleku	ɡ e ɾ a l e k u
gerezi	ɡ e ɾ e s̺ i
gereziondo	ɡ e ɾ e s̺ i o n d o
gernu	ɡ e r n u
gero	ɡ e ɾ o
gerra	ɡ e r a
gerri	ɡ e r i
gerriko	ɡ e r i k o
gertaera	ɡ e r t a e ɾ a
gertatu	ɡ e r t a t u
gertu	ɡ e r t u
geu	ɡ e u̯
geundean	ɡ e u̯ n d e a n
geundeke	ɡ e u̯ n d e k e
geundekean	ɡ e u̯ n d e k e a n
geundekeen	ɡ e u̯ n d e k e e n
geundekek	ɡ e u̯ n d e k e k
geundeken	ɡ e u̯ n d e k e n
geundekenan	ɡ e u̯ n d e k e n a n
geunden	ɡ e u̯ n d e n
geundenan	ɡ e u̯ n d e n a n
geuntzaan	ɡ e u̯ n t͡s̻ a a n
geuntzake	ɡ e u̯ n t͡s̻ a k e
geuntzakek	ɡ e u̯ n t͡s̻ a k e k
geuntzaken	ɡ e u̯ n t͡s̻ a k e n
geuntzan	ɡ e u̯ n t͡s̻ a n
geuntzanan	ɡ e u̯ n t͡s̻ a n a n
geure	ɡ e u̯ ɾ e
gezi	ɡ e s̺ i
gezur	ɡ e s̺ u r
gezurti	ɡ e s̺ u r t i
gibel	ɡ i b e l
gidatu	ɡ i d a t u
giltza	ɡ i l t͡s̻ a
giltzarrapo	ɡ i l t͡s̻ a r a p o
giltzurrun	ɡ i l t͡s̻ u r u n
gimnasio	ɡ i m n a s̺ i o
ginarreba	ɡ i n a r e b a
ginateke	ɡ i n a t e k e
ginatekeen	ɡ i n a t e k e e n
gindekartzaan	ɡ i n d e k a r t͡s̻ a a n
gindekartzan	ɡ i n d e k a r t͡s̻ a n
gindekartzanan	ɡ i n d e k a r t͡s̻ a n a n
gindekartzatean	ɡ i n d e k a r t͡s̻ a t e a n
gindekartzaten	ɡ i n d e k a r t͡s̻ a t e n
gindekartzatenan	ɡ i n d e k a r t͡s̻ a t e n a n
gindekartzazuen	ɡ i n d e k a r t͡s̻ a s̺ u e n
gindekartzazun	ɡ i n d e k a r t͡s̻ a s̺ u n
ginderabiltzaan	ɡ i n d e ɾ a b i l t͡s̻ a a n
ginderabiltzan	ɡ i n d e ɾ a b i l t͡s̻ a n
ginderabiltzanan	ɡ i n d e ɾ a b i l t͡s̻ a n a n
ginderabiltzatean	ɡ i n d e ɾ a b i l t͡s̻ a t e a n
ginderabiltzaten	ɡ i n d e ɾ a b i l t͡s̻ a t e n
ginderabiltzatenan	ɡ i n d e ɾ a b i l t͡s̻ a t e n a n
ginderabiltzazuen	ɡ i n d e ɾ a b i l t͡s̻ a s̺ u e n
ginderabiltzazun	ɡ i n d e ɾ a b i l t͡s̻ a s̺ u n
ginderamatzaan	ɡ i n d e ɾ a m a t͡s̻ a a n
ginderamatzan	ɡ i n d e ɾ a m a t͡s̻ a n
ginderamatzanan	ɡ i n d e ɾ a m a t͡s̻ a n a n
ginderamatzaten	ɡ i n d e ɾ a m a t͡s̻ a t e n
ginderamatzazuen	ɡ i n d e ɾ a m a t͡s̻ a s̺ u e n
ginderamatzazun	ɡ i n d e ɾ a m a t͡s̻ a s̺ u n
ginderraizkiake	ɡ i n d e r a i̯ s̺ k i a k e
ginderraizkian	ɡ i n d e r a i̯ s̺ k i a n
ginderraizkiean	ɡ i n d e r a i̯ s̺ k i e a n
ginderraizkieke	ɡ i n d e r a i̯ s̺ k i e k e
ginderraizkiekek	ɡ i n d e r a i̯ s̺ k i e k e k
ginderraizkieken	ɡ i n d e r a i̯ s̺ k i e k e n
ginderraizkien	ɡ i n d e r a i̯ s̺ k i e n
ginderraizkienan	ɡ i n d e r a i̯ s̺ k i e n a n
ginderraizkinake	ɡ i n d e r a i̯ s̺ k i ɲ a k e
ginderraizkinan	ɡ i n d e r a i̯ s̺ k i ɲ a n
ginderraizkioan	ɡ i n d e r a i̯ s̺ k i o a n
ginderraizkioke	ɡ i n d e r a i̯ s̺ k i o k e
ginderraizkiokek	ɡ i n d e r a i̯ s̺ k i o k e k
ginderraizkioken	ɡ i n d e r a i̯ s̺ k i o k e n
ginderraizkion	ɡ i n d e r a i̯ s̺ k i o n
ginderraizkionan	ɡ i n d e r a i̯ s̺ k i o n a n
ginderraizkizueke	ɡ i n d e r a i̯ s̺ k i s̺ u e k e
ginderraizkizuen	ɡ i n d e r a i̯ s̺ k i s̺ u e n
ginderraizkizuke	ɡ i n d e r a i̯ s̺ k i s̺ u k e
ginderraizkizun	ɡ i n d e r a i̯ s̺ k i s̺ u n
gindezaguzke	ɡ i n d e s̺ a ɡ u s̺ k e
gindezaguzkek	ɡ i n d e s̺ a ɡ u s̺ k e k
gindezaguzken	ɡ i n d e s̺ a ɡ u s̺ k e n
gindezaguzkete	ɡ i n d e s̺ a ɡ u s̺ k e t e
gindezaguzketek	ɡ i n d e s̺ a ɡ u s̺ k e t e k
gindezaguzketen	ɡ i n d e s̺ a ɡ u s̺ k e t e n
gindezaguzkezu	ɡ i n d e s̺ a ɡ u s̺ k e s̺ u
gindezaguzkezue	ɡ i n d e s̺ a ɡ u s̺ k e s̺ u e
gindezaguzkian	ɡ i n d e s̺ a ɡ u s̺ k i a n
gindezaguzkien	ɡ i n d e s̺ a ɡ u s̺ k i e n
gindezaguzkinan	ɡ i n d e s̺ a ɡ u s̺ k i ɲ a n
gindezaguzkitean	ɡ i n d e s̺ a ɡ u s̺ k i t e a n
gindezaguzkiten	ɡ i n d e s̺ a ɡ u s̺ k i t e n
gindezaguzkitenan	ɡ i n d e s̺ a ɡ u s̺ k i t e n a n
gindezaguzkizuen	ɡ i n d e s̺ a ɡ u s̺ k i s̺ u e n
gindezaguzkizun	ɡ i n d e s̺ a ɡ u s̺ k i s̺ u n
gindoazaan	ɡ i n d o a s̺ a a n
gindoazanan	ɡ i n d o a s̺ a n a n
gindoazen	ɡ i n d o a s̺ e n
gindoazke	ɡ i n d o a s̺ k e
gindoazkean	ɡ i n d o a s̺ k e a n
gindoazkeen	ɡ i n d o a s̺ k e e n
gindoazkek	ɡ i n d o a s̺ k e k
gindoazken	ɡ i n d o a s̺ k e n
gindoazkenan	ɡ i n d o a s̺ k e n a n
gindoazkiake	ɡ i n d o a s̺ k i a k e
gindoazkiakeen	ɡ i n d o a s̺ k i a k e e n
gindoazkian	ɡ i n d o a s̺ k i a n
gindoazkiean	ɡ i n d o a s̺ k i e a n
gindoazkieke	ɡ i n d o a s̺ k i e k e
gindoazkiekean	ɡ i n d o a s̺ k i e k e a n
gindoazkiekeen	ɡ i n d o a s̺ k i e k e e n
gindoazkiekek	ɡ i n d o a s̺ k i e k e k
gindoazkieken	ɡ i n d o a s̺ k i e k e n
gindoazkiekenan	ɡ i n d o a s̺ k i e k e n a n
gindoazkien	ɡ i n d o a s̺ k i e n
gindoazkienan	ɡ i n d o a s̺ k i e n a n
gindoazkinake	ɡ i n d o a s̺ k i ɲ a k e
gindoazkinakeen	ɡ i n d o a s̺ k i ɲ a k e e n
gindoazkinan	ɡ i n d o a s̺ k i ɲ a n
gindoazkioan	ɡ i n d o a s̺ k i o a n
gindoazkioke	ɡ i n d o a s̺ k i o k e
gindoazkiokean	ɡ i n d o a s̺ k i o k e a n
gindoazkiokeen	ɡ i n d o a s̺ k i o k e e n
gindoazkiokek	ɡ i n d o a s̺ k i o k e k
gindoazkioken	ɡ i n d o a s̺ k i o k e n
gindoazkiokenan	ɡ i n d o a s̺ k i o k e n a n
gindoazkion	ɡ i n d o a s̺ k i o n
gindoazkionan	ɡ i n d o a s̺ k i o n a n
gindoazkizueke	ɡ i n d o a s̺ k i s̺ u e k e
gindoazkizuekeen	ɡ i n d o a s̺ k i s̺ u e k e e n
gindoazkizuen	ɡ i n d o a s̺ k i s̺ u e n
gindoazkizuke	ɡ i n d o a s̺ k i s̺ u k e
gindoazkizukeen	ɡ i n d o a s̺ k i s̺ u k e e n
gindoazkizun	ɡ i n d o a s̺ k i s̺ u n
ginduzkaan	ɡ i n d u s̺ k a a n
ginduzkake	ɡ i n d u s̺ k a k e
ginduzkakek	ɡ i n d u s̺ k a k e k
ginduzkaken	ɡ i n d u s̺ k a k e n
ginduzkakete	ɡ i n d u s̺ k a k e t e
ginduzkaketek	ɡ i n d u s̺ k a k e t e k
ginduzkaketen	ɡ i n d u s̺ k a k e t e n
ginduzkakezu	ɡ i n d u s̺ k a k e s̺ u
ginduzkakezue	ɡ i n d u s̺ k a k e s̺ u e
ginduzkan	ɡ i n d u s̺ k a n
ginduzkanan	ɡ i n d u s̺ k a n a n
ginduzkatean	ɡ i n d u s̺ k a t e a n
ginduzkaten	ɡ i n d u s̺ k a t e n
ginduzkatenan	ɡ i n d u s̺ k a t e n a n
ginduzkazuen	ɡ i n d u s̺ k a s̺ u e n
ginduzkazun	ɡ i n d u s̺ k a s̺ u n
ginen	ɡ i n e n
gintezela	ɡ i n t e s̺ e l a
gintezen	ɡ i n t e s̺ e n
gintezke	ɡ i n t e s̺ k e
gintezkean	ɡ i n t e s̺ k e a n
gintezkeen	ɡ i n t e s̺ k e e n
gintezkek	ɡ i n t e s̺ k e k
gintezken	ɡ i n t e s̺ k e n
gintezkenan	ɡ i n t e s̺ k e n a n
gintian	ɡ i n t i a n
gintinan	ɡ i n t i n a n
gintizkean	ɡ i n t i s̺ k e a n
gintizkek	ɡ i n t i s̺ k e k
gintizken	ɡ i n t i s̺ k e n
gintizkenan	ɡ i n t i s̺ k e n a n
gintizketean	ɡ i n t i s̺ k e t e a n
gintizketek	ɡ i n t i s̺ k e t e k
gintizketen	ɡ i n t i s̺ k e t e n
gintizketenan	ɡ i n t i s̺ k e t e n a n
gintiztean	ɡ i n t i s̺ t e a n
gintiztenan	ɡ i n t i s̺ t e n a n
gintuan	ɡ i n t u a n
gintuen	ɡ i n t u e n
gintunan	ɡ i n t u n a n
gintuzke	ɡ i n t u s̺ k e
gintuzkean	ɡ i n t u s̺ k e a n
gintuzkeen	ɡ i n t u s̺ k e e n
gintuzkek	ɡ i n t u s̺ k e k
gintuzken	ɡ i n t u s̺ k e n
gintuzkenan	ɡ i n t u s̺ k e n a n
gintuzkete	ɡ i n t u s̺ k e t e
gintuzketen	ɡ i n t u s̺ k e t e n
gintuzkezu	ɡ i n t u s̺ k e s̺ u
gintuzkezue	ɡ i n t u s̺ k e s̺ u e
gintuzkezuen	ɡ i n t u s̺ k e s̺ u e n
gintuzkezun	ɡ i n t u s̺ k e s̺ u n
gintuzten	ɡ i n t u s̺ t e n
gintuzuen	ɡ i n t u s̺ u e n
gintuzun	ɡ i n t u s̺ u n
gintzaala	ɡ i n t͡s̻ a a l a
gintzaan	ɡ i n t͡s̻ a a n
gintzake	ɡ i n t͡s̻ a k e
gintzakean	ɡ i n t͡s̻ a k e a n
gintzakeen	ɡ i n t͡s̻ a k e e n
gintzakek	ɡ i n t͡s̻ a k e k
gintzaken	ɡ i n t͡s̻ a k e n
gintzakenan	ɡ i n t͡s̻ a k e n a n
gintzakete	ɡ i n t͡s̻ a k e t e
gintzaketean	ɡ i n t͡s̻ a k e t e a n
gintzaketek	ɡ i n t͡s̻ a k e t e k
gintzaketen	ɡ i n t͡s̻ a k e t e n
gintzaketenan	ɡ i n t͡s̻ a k e t e n a n
gintzakezu	ɡ i n t͡s̻ a k e s̺ u
gintzakezue	ɡ i n t͡s̻ a k e s̺ u e
gintzakezuen	ɡ i n t͡s̻ a k e s̺ u e n
gintzakezun	ɡ i n t͡s̻ a k e s̺ u n
gintzala	ɡ i n t͡s̻ a l a
gintzan	ɡ i n t͡s̻ a n
gintzanala	ɡ i n t͡s̻ a n a l a
gintzanan	ɡ i n t͡s̻ a n a n
gintzatela	ɡ i n t͡s̻ a t e l a
gintzaten	ɡ i n t͡s̻ a t e n
gintzazuela	ɡ i n t͡s̻ a s̺ u e l a
gintzazuen	ɡ i n t͡s̻ a s̺ u e n
gintzazula	ɡ i n t͡s̻ a s̺ u l a
gintzazun	ɡ i n t͡s̻ a s̺ u n
giputz	ɡ i p u t͡s̻
gipuzkoar	ɡ i p u s̺ k o a r
gisa	ɡ i s̺ a
gisako	ɡ i s̺ a k o
gisan	ɡ i s̺ a n
gisatu	ɡ i s̺ a t u
gizarte	ɡ i s̺ a r t e
gizatasun	ɡ i s̺ a t a s̺ u n
gizon	ɡ i s̺ o n
gizongai	ɡ i s̺ o n ɡ a i̯
glaziar	ɡ l a s̺ i a r
goaz	ɡ o a s̺
goazak	ɡ o a s̺ a k
goazan	ɡ o a s̺ a n
goazen	ɡ o a s̺ e n
goazke	ɡ o a s̺ k e
goazkek	ɡ o a s̺ k e k
goazken	ɡ o a s̺ k e n
goazkiake	ɡ o a s̺ k i a k e
goazkian	ɡ o a s̺ k i a n
goazkie	ɡ o a s̺ k i e
goazkiek	ɡ o a s̺ k i e k
goazkieke	ɡ o a s̺ k i e k e
goazkiekek	ɡ o a s̺ k i e k e k
goazkieken	ɡ o a s̺ k i e k e n
goazkien	ɡ o a s̺ k i e n
goazkik	ɡ o a s̺ k i k
goazkin	ɡ o a s̺ k i n
goazkinake	ɡ o a s̺ k i ɲ a k e
goazkinan	ɡ o a s̺ k i ɲ a n
goazkio	ɡ o a s̺ k i o
goazkiok	ɡ o a s̺ k i o k
goazkioke	ɡ o a s̺ k i o k e
goazkiokek	ɡ o a s̺ k i o k e k
goazkioken	ɡ o a s̺ k i o k e n
goazkion	ɡ o a s̺ k i o n
goazkizu	ɡ o a s̺ k i s̺ u
goazkizue	ɡ o a s̺ k i s̺ u e
goazkizueke	ɡ o a s̺ k i s̺ u e k e
goazkizuen	ɡ o a s̺ k i s̺ u e n
goazkizuke	ɡ o a s̺ k i s̺ u k e
goazkizun	ɡ o a s̺ k i s̺ u n
gogo	ɡ o ɡ o
gogor	ɡ o ɡ o r
gogortu	ɡ o ɡ o r t u
gogotsu	ɡ o ɡ o t͡s̺ u
goibeldu	ɡ o i̯ b e l d u
goilara	ɡ o i̯ l a ɾ a
goiz	ɡ o i̯ s̺
gol	ɡ o l
gonbidatu	ɡ o m b i d a t u
gontz	ɡ o n t͡s̻
gora	ɡ o ɾ a
gorakada	ɡ o ɾ a k a d a
gorde	ɡ o r d e
gordin	ɡ o r d i n
gorosti	ɡ o ɾ o s̺ t i
gorotzil	ɡ o ɾ o t͡s̻ i l
gorputz	ɡ o r p u t͡s̻
gorri	ɡ o r i
gorrimin	ɡ o r i m i n
gorrimotel	ɡ o r i m o t e l
gorringo	ɡ o r i n ɡ o
gorrotatu	ɡ o r o t a t u
gosaldu	ɡ o s̺ a l d u
gosari	ɡ o s̺ a ɾ i
gotorleku	ɡ o t o r l e k u
gotzon	ɡ o t͡s̻ o n
gozatu	ɡ o s̺ a t u
gozo	ɡ o s̺ o
gramatika	ɡ r a m a t i k a
granadari	ɡ r a n a d a ɾ i
grapagailu	ɡ r a p a ɡ a i̯ l u
greba	ɡ r e b a
greko	ɡ r e k o
gris	ɡ r i s̺
gu	ɡ u
guda	ɡ u d a
gudari	ɡ u d a ɾ i
gudaroste	ɡ u d a ɾ o s̺ t e
guk	ɡ u k
gune	ɡ u n e
guneka	ɡ u n e k a
guraize	ɡ u ɾ a i̯ s̺ e
guraso	ɡ u ɾ a s̺ o
gurdi	ɡ u r d i
gure	ɡ u ɾ e
guren	ɡ u ɾ e n
guri	ɡ u ɾ i
gurin	ɡ u ɾ i n
gurpil	ɡ u r p i l
gurutze	ɡ u ɾ u t͡s̻ e
gustatu	ɡ u s̺ t a t u
gutizia	ɡ u t i s̺ i a
gutun	ɡ u t u n
guzti	ɡ u s̺ t i
guztia	ɡ u s̺ t i a
guztiak	ɡ u s̺ t i a k
guztiok	ɡ u s̺ t i o k
habe	a b e
habia	a b i a
habil	a b i l
habilen	a b i ʎ e n
habilke	a b i l k e
habilkidake	a b i l k i d a k e
habilkidan	a b i l k i d a n
habilkie	a b i l k i e
habilkieke	a b i l k i e k e
habilkien	a b i l k i e n
habilkigu	a b i l k i ɡ u
habilkiguke	a b i l k i ɡ u k e
habilkigun	a b i l k i ɡ u n
habilkio	a b i l k i o
habilkioke	a b i l k i o k e
habilkion	a b i l k i o n
habilkit	a b i l k i t
hadi	a d i
hadila	a d i ʎ a
hadin	a d i n
hagin	a ɡ i n
hago	a ɡ o
hagoen	a ɡ o e n
hagoke	a ɡ o k e
hagokidake	a ɡ o k i d a k e
hagokidan	a ɡ o k i d a n
hagokie	a ɡ o k i e
hagokieke	a ɡ o k i e k e
hagokien	a ɡ o k i e n
hagokigu	a ɡ o k i ɡ u
hagokiguke	a ɡ o k i ɡ u k e
hagokigun	a ɡ o k i ɡ u n
hagokio	a ɡ o k i o
hagokioke	a ɡ o k i o k e
hagokion	a ɡ o k i o n
hagokit	a ɡ o k i t
haiei	a i̯ e i̯
haiek	a i̯ e k
haien	a i̯ e n
haiteke	a i̯ t e k e
haiz	a i̯ s̺
haizateke	a i̯ s̺ a t e k e
haize	a i̯ s̺ e
haizetsu	a i̯ s̺ e t͡s̻ u
hakar	a k a r
hakargu	a k a r ɡ u
hakart	a k a r t
hakarte	a k a r t e
hakie	a k i e
hakien	a k i e n
hakio	a k i o
hala	a l a
halakotz	a l a k o t͡s̻
haltz	a l t͡s̻
hamabi	a m a b i
hamabigarren	a m a b i ɡ a r e n
hamabost	a m a b o s̺ t
hamabostero	a m a b o s̺ t e ɾ o
hamabosteroko	a m a b o s̺ t e ɾ o k o
hamahiru	a m a i̯ ɾ u
hamahirugarren	a m a i̯ ɾ u ɡ a r e n
hamaika	a m a i̯ k a
hamaikagarren	a m a i̯ k a ɡ a r e n
hamairu	a m a i̯ ɾ u
hamalau	a m a l a u̯
hamalaugarren	a m a l a u̯ ɡ a r e n
hamar	a m a r
hamargarren	a m a r ɡ a r e n
hamarren	a m a r e n
hamasei	a m a s̺ e i̯
hamazazpi	a m a s̺ a s̺ p i
hamazortzi	a m a s̺ o r t͡s̻ i
han	a n
handi	a n d i
handitu	a n d i t u
harabil	a ɾ a b i l
harabilgu	a ɾ a b i l ɡ u
harabilt	a ɾ a b i l t
harabilte	a ɾ a b i l t e
haragi	a ɾ a ɡ i
haragijale	a ɾ a ɡ i d͡ʒ a l e
harakin	a ɾ a k i n
harama	a ɾ a m a
haramagu	a ɾ a m a ɡ u
haramat	a ɾ a m a t
haramate	a ɾ a m a t e
haran	a ɾ a n
harategi	a ɾ a t e ɡ i
haratustel	a ɾ a t u s̺ t e l
harea	a ɾ e a
haren	a ɾ e n
hari	a ɾ i
haritzezko	a ɾ i t͡s̻ e s̺ k o
harizki	a ɾ i s̺ k i
hark	a r k
harrabots	a r a b o t͡s̺
harraie	a r a i̯ e
harraigu	a r a i̯ ɡ u
harraio	a r a i̯ o
harrait	a r a i̯ t
harri	a r i
harro	a r o
harrotu	a r o t u
hartan	a r t a n
hartara	a r t a ɾ a
hartarat	a r t a ɾ a t
hartu	a r t u
hartz	a r t͡s̻
hartzitu	a r t͡s̻ i t u
haserretu	a s̺ e r e t u
hasi	a s̺ i
haste	a s̺ t e
hasten	a s̺ t e n
hator	a t o r
hatorke	a t o r k e
hatorkidake	a t o r k i d a k e
hatorkidan	a t o r k i d a n
hatorkie	a t o r k i e
hatorkieke	a t o r k i e k e
hatorkien	a t o r k i e n
hatorkigu	a t o r k i ɡ u
hatorkiguke	a t o r k i ɡ u k e
hatorkigun	a t o r k i ɡ u n
hatorkio	a t o r k i o
hatorkioke	a t o r k i o k e
hatorkion	a t o r k i o n
hatorkit	a t o r k i t
hatorren	a t o r e n
hatxe	a t͡ʃ e
hatxekie	a t͡ʃ e k i e
hatxekigu	a t͡ʃ e k i ɡ u
hatxekio	a t͡ʃ e k i o
hatxekit	a t͡ʃ e k i t
hatz	a t͡s̻
hatza	a t͡s̻ a
hatzaie	a t͡s̻ a i̯ e
hatzaigu	a t͡s̻ a i̯ ɡ u
hatzaio	a t͡s̻ a i̯ o
hatzait	a t͡s̻ a i̯ t
hau	a u̯
hauei	a u̯ e i
hauek	a u̯ e k
hauen	a u̯ e n
hauetako	a u̯ e t a k o
hauetan	a u̯ e t a n
hauetara	a u̯ e t a ɾ a
haugu	a u̯ ɡ u
hauka	a u̯ k a
haukagu	a u̯ k a ɡ u
haukat	a u̯ k a t
haukate	a u̯ k a t e
hauke	a u̯ k e
haukegu	a u̯ k e ɡ u
hauket	a u̯ k e t
haukete	a u̯ k e t e
haur	a u̯ r
haut	a u̯ t
hauta	a u̯ t a
hautatu	a u̯ t a t u
haute	a u̯ t e
hauts	a u̯ t͡s̺
hautsi	a u̯ t͡s̺ i
hazadala	a s̺ a d a l a
hazadan	a s̺ a d a n
hazagu	a s̺ a ɡ u
hazagugu	a s̺ a ɡ u ɡ u
hazagula	a s̺ a ɡ u l a
hazagun	a s̺ a ɡ u n
hazagut	a s̺ a ɡ u t
hazagute	a s̺ a ɡ u t e
hazake	a s̺ a k e
hazakegu	a s̺ a k e ɡ u
hazaket	a s̺ a k e t
hazakete	a s̺ a k e t e
hazala	a s̺ a l a
hazan	a s̺ a n
hazatela	a s̺ a t e l a
hazaten	a s̺ a t e n
hazi	a s̺ i
hazil	a s̻ i l
hebreera	e b r e e ɾ a
hega	e ɡ a
hegal	e ɡ a l
hegalari	e ɡ a l a ɾ i
hegaldatu	e ɡ a l d a t u
hegats	e ɡ a t͡s̺
hegazkin	e ɡ a s̺ k i n
hegazti	e ɡ a s̻ t i
hegi	e ɡ i
hegidan	e ɡ i d a n
hegien	e ɡ i e n
hegigun	e ɡ i ɡ u n
hegike	e ɡ i k e
hegion	e ɡ i o n
hegitzake	e ɡ i t͡s̻ a k e
hegitzan	e ɡ i t͡s̻ a n
hegizkidan	e ɡ i s̺ k i d a n
hegizkien	e ɡ i s̺ k i e n
hegizkigun	e ɡ i s̺ k i ɡ u n
hegizkion	e ɡ i s̺ k i o n
hego	e ɡ o
hekarkidan	e k a r k i d a n
hekarkien	e k a r k i e n
hekarkigun	e k a r k i ɡ u n
hekarkion	e k a r k i o n
hekarren	e k a r e n
hekartzan	e k a r t͡s̻ a n
hekarzkidan	e k a r s̺ k i d a n
hekarzkien	e k a r s̺ k i e n
hekarzkigun	e k a r s̺ k i ɡ u n
hekarzkion	e k a r s̺ k i o n
hekien	e k i e n
hekike	e k i k e
hekizke	e k i s̺ k e
hekizkien	e k i s̺ k i e n
hekusan	e k u s̺ a n
hekusazke	e k u s̺ a s̺ k e
hekuske	e k u s̺ k e
hekuskien	e k u s̺ k i e n
helburu	e l b u ɾ u
heldu	e l d u
helikoptero	e l i k o p t e ɾ o
helio	e l i o
helize	e l i s̺ e
hemen	e m e n
hemeretzi	e m e ɾ e t͡s̻ i
hemezortzi	e m e s̺ o r t͡s̻ i
henbilen	e m b i ʎ e n
henbilke	e m b i l k e
henbilkeen	e m b i l k e e n
henbilkidake	e m b i l k i d a k e
henbilkidakeen	e m b i l k i d a k e e n
henbilkidan	e m b i l k i d a n
henbilkieke	e m b i l k i e k e
henbilkiekeen	e m b i l k i e k e e n
henbilkien	e m b i l k i e n
henbilkiguke	e m b i l k i ɡ u k e
henbilkigukeen	e m b i l k i ɡ u k e e n
henbilkigun	e m b i l k i ɡ u n
henbilkioke	e m b i l k i o k e
henbilkiokeen	e m b i l k i o k e e n
henbilkion	e m b i l k i o n
hendila	e n d i ʎ a
hendin	e n d i n
hengoen	e n ɡ o e n
hengoke	e n ɡ o k e
hengokeen	e n ɡ o k e e n
hengokidake	e n ɡ o k i d a k e
hengokidakeen	e n ɡ o k i d a k e e n
hengokidan	e n ɡ o k i d a n
hengokieke	e n ɡ o k i e k e
hengokiekeen	e n ɡ o k i e k e e n
hengokien	e n ɡ o k i e n
hengokiguke	e n ɡ o k i ɡ u k e
hengokigukeen	e n ɡ o k i ɡ u k e e n
hengokigun	e n ɡ o k i ɡ u n
hengokioke	e n ɡ o k i o k e
hengokiokeen	e n ɡ o k i o k e e n
hengokion	e n ɡ o k i o n
henkieke	e n k i e k e
henkien	e n k i e n
henkioke	e n k i o k e
henkion	e n k i o n
hentorke	e n t o r k e
hentorkeen	e n t o r k e e n
hentorkidake	e n t o r k i d a k e
hentorkidakeen	e n t o r k i d a k e e n
hentorkidan	e n t o r k i d a n
hentorkieke	e n t o r k i e k e
hentorkiekeen	e n t o r k i e k e e n
hentorkien	e n t o r k i e n
hentorkiguke	e n t o r k i ɡ u k e
hentorkigukeen	e n t o r k i ɡ u k e e n
hentorkigun	e n t o r k i ɡ u n
hentorkioke	e n t o r k i o k e
hentorkiokeen	e n t o r k i o k e e n
hentorkion	e n t o r k i o n
hentorren	e n t o r e n
hentxekidake	e n t͡ʃ e k i d a k e
hentxekidan	e n t͡ʃ e k i d a n
hentxekieke	e n t͡ʃ e k i e k e
hentxekien	e n t͡ʃ e k i e n
hentxekiguke	e n t͡ʃ e k i ɡ u k e
hentxekigun	e n t͡ʃ e k i ɡ u n
hentxekioke	e n t͡ʃ e k i o k e
hentxekion	e n t͡ʃ e k i o n
hentzake	e n t͡s̻ a k e
hentzan	e n t͡s̻ a n
hentzuen	e n t͡s̻ u e n
hentzuke	e n t͡s̻ u k e
hentzuzke	e n t͡s̻ u s̺ k e
hentzuzkien	e n t͡s̻ u s̺ k i e n
herabilen	e ɾ a b i ʎ e n
herabiltzan	e ɾ a b i l t͡s̻ a n
herakuske	e ɾ a k u s̺ k e
herakuskien	e ɾ a k u s̺ k i e n
herakutsan	e ɾ a k u t͡s̺ a n
herakutsazke	e ɾ a k u t͡s̺ a s̻ k e
heraman	e ɾ a m a n
heramatzan	e ɾ a m a t͡s̻ a n
herdoil	e r d o i̯ l
heren	e ɾ e n
herenegun	e ɾ e n e ɡ u n
herensuge	e ɾ e n s̺ u ɡ e
heriotza	e ɾ i o t͡s̻ a
heritzake	e ɾ i t͡s̻ a k e
heritzan	e ɾ i t͡s̻ a n
heritzeke	e ɾ i t͡s̻ e k e
heritzen	e ɾ i t͡s̻ e n
heritzoke	e ɾ i t͡s̻ o k e
heritzon	e ɾ i t͡s̻ o n
herizkuke	e ɾ i s̺ k u k e
herizkun	e ɾ i s̺ k u n
heriztake	e ɾ i s̺ t a k e
heriztan	e ɾ i s̺ t a n
herizteke	e ɾ i s̺ t e k e
herizten	e ɾ i s̺ t e n
heroake	e ɾ o a k e
heroan	e ɾ o a n
heroatzan	e ɾ o a t͡s̻ a n
heroazke	e ɾ o a s̺ k e
heroi	e ɾ o i̯
herri	e r i
herrikoi	e r i k o i̯
herritar	e r i t a r
heu	e u̯
heuk	e u̯ k
heukake	e u̯ k a k e
heukan	e u̯ k a n
heure	e u̯ ɾ e
heuzkake	e u̯ s̺ k a k e
heuzkan	e u̯ s̺ k a n
hezaguen	e s̺ a ɡ u e n
hezaguke	e s̺ a ɡ u k e
hezaguzke	e s̺ a ɡ u s̺ k e
hezaguzkien	e s̺ a ɡ u s̺ k i e n
hezake	e s̺ a k e
hezakeen	e s̺ a k e e n
hezala	e s̺ a l a
hezan	e s̺ a n
hezi	e s̺ i
hezte	e s̺ t e
hezten	e s̺ t e n
hezueri	e s̺ u e ɾ i
hezur	e s̺ u r
hezurdura	e s̺ u r d u ɾ a
hezurtegi	e s̺ u r t e ɡ i
hi	h i
hidan	h i d a n
hidrogeno	h i d r o ɡ e n o
hien	h i e n
hiena	h i e n a
hierarkia	i e ɾ a r k i a
higan	h i ɡ a n
higun	h i ɡ u n
hiharduen	h i h a r d u e n
hihardukake	h i h a r d u k a k e
hihardukan	h i h a r d u k a n
hiharduke	h i h a r d u k e
hik	h i k
hika	h i k a
hiketa	h i k e t a
hil	h i l
hilabete	h i l a b e t e
hilero	h i l e ɾ o
hileroko	h i l e ɾ o k o
hilerri	h i l e r i
hiltzaile	h i l t͡s̻ a i̯ l e
hiltze	h i l t͡s̻ e
hindekardan	h i n d e k a r d a n
hindekargun	h i n d e k a r ɡ u n
hindekarren	h i n d e k a r e n
hindekarten	h i n d e k a r t e n
hinderabildan	h i n d e ɾ a b i l d a n
hinderabilen	h i n d e ɾ a b i l e n
hinderabilgun	h i n d e ɾ a b i l ɡ u n
hinderabilten	h i n d e ɾ a b i l t e n
hinderamadan	h i n d e ɾ a m a d a n
hinderamagun	h i n d e ɾ a m a ɡ u n
hinderaman	h i n d e ɾ a m a n
hinderamaten	h i n d e ɾ a m a t e n
hinderraidake	h i n d e r a i̯ d a k e
hinderraidan	h i n d e r a i̯ d a n
hinderraieke	h i n d e r a i̯ e k e
hinderraien	h i n d e r a i̯ e n
hinderraiguke	h i n d e r a i̯ ɡ u k e
hinderraigun	h i n d e r a i̯ ɡ u n
hinderraioke	h i n d e r a i̯ o k e
hinderraion	h i n d e r a i̯ o n
hindezagudan	h i n d e s̻ a ɡ u d a n
hindezaguen	h i n d e s̻ a ɡ u e n
hindezagugun	h i n d e s̻ a ɡ u ɡ u n
hindezaguke	h i n d e s̻ a ɡ u k e
hindezagukegu	h i n d e s̻ a ɡ u k e ɡ u
hindezaguket	h i n d e s̻ a ɡ u k e t
hindezagukete	h i n d e s̻ a ɡ u k e t e
hindezaguten	h i n d e s̻ a ɡ u t e n
hindoake	h i n d o a k e
hindoakeen	h i n d o a k e e n
hindoakidake	h i n d o a k i d a k e
hindoakidakeen	h i n d o a k i d a k e e n
hindoakidan	h i n d o a k i d a n
hindoakieke	h i n d o a k i e k e
hindoakiekeen	h i n d o a k i e k e e n
hindoakien	h i n d o a k i e n
hindoakiguke	h i n d o a k i ɡ u k e
hindoakigukeen	h i n d o a k i ɡ u k e e n
hindoakigun	h i n d o a k i ɡ u n
hindoakioke	h i n d o a k i o k e
hindoakiokeen	h i n d o a k i o k e e n
hindoakion	h i n d o a k i o n
hindoan	h i n d o a n
hindudan	h i n d u d a n
hinduen	h i n d u e n
hindugun	h i n d u ɡ u n
hindukadan	h i n d u k a d a n
hindukagun	h i n d u k a ɡ u n
hindukake	h i n d u k a k e
hindukakegu	h i n d u k a k e ɡ u
hindukaket	h i n d u k a k e t
hindukakete	h i n d u k a k e t e
hindukan	h i n d u k a n
hindukaten	h i n d u k a t e n
hinduke	h i n d u k e
hindukedan	h i n d u k e d a n
hindukeen	h i n d u k e e n
hindukegu	h i n d u k e ɡ u
hindukegun	h i n d u k e ɡ u n
hinduket	h i n d u k e t
hindukete	h i n d u k e t e
hinduketen	h i n d u k e t e n
hinduten	h i n d u t e n
hinteke	h i n t e k e
hintekeen	h i n t e k e e n
hintzadala	h i n t͡s̻ a d a l a
hintzadan	h i n t͡s̻ a d a n
hintzagula	h i n t͡s̻ a ɡ u l a
hintzagun	h i n t͡s̻ a ɡ u n
hintzake	h i n t͡s̻ a k e
hintzakedan	h i n t͡s̻ a k e d a n
hintzakeen	h i n t͡s̻ a k e e n
hintzakegu	h i n t͡s̻ a k e ɡ u
hintzakegun	h i n t͡s̻ a k e ɡ u n
hintzaket	h i n t͡s̻ a k e t
hintzakete	h i n t͡s̻ a k e t e
hintzaketen	h i n t͡s̻ a k e t e n
hintzala	h i n t͡s̻ a l a
hintzan	h i n t͡s̻ a n
hintzateke	h i n t͡s̻ a t e k e
hintzatekeen	h i n t͡s̻ a t e k e e n
hintzatela	h i n t͡s̻ a t e l a
hintzaten	h i n t͡s̻ a t e n
hintzen	h i n t͡s̻ e n
hioke	h i o k e
hion	h i o n
hipersoniko	i p e r s̺ o n i k o
hipopotamo	h i p o p o t a m o
hirauen	h i ɾ a u̯ e n
hirauke	h i ɾ a u̯ k e
hire	h i ɾ e
hiregan	h i ɾ e ɡ a n
hiri	h i ɾ i
hiriburu	h i ɾ i b u ɾ u
hirigile	h i ɾ i ɡ i l e
hirigintza	h i ɾ i ɡ i n t͡s̻ a
hiriko	h i ɾ i k o
hiro	h i ɾ o
hiroen	h i ɾ o e n
hiru	h i ɾ u
hirudien	h i ɾ u d i e n
hirudike	h i ɾ u d i k e
hirugarren	h i ɾ u ɡ a r e n
hiruhortz	h i ɾ u h o r t͡s̻
hirukoitz	h i ɾ u k o i̯ t͡s̻
hirurogei	h i ɾ u ɾ o ɡ e i̯
historia	h i s̺ t o ɾ i a
hitan	h i t a n
hituen	h i t u e n
hituzke	h i t u s̻ k e
hituzkeen	h i t u s̻ k e e n
hitz	h i t͡s̻
hitzake	h i t͡s̻ a k e
hitzakeen	h i t͡s̻ a k e e n
hitzala	h i t͡s̻ a l a
hitzan	h i t͡s̻ a n
hitzordu	h i t͡s̻ o r d u
hizkidan	h i s̻ k i d a n
hizkien	h i s̻ k i e n
hizkigun	h i s̻ k i ɡ u n
hizkion	h i s̻ k i o n
hizkuntza	h i s̻ k u n t͡s̻ a
hizkuntzalari	h i s̻ k u n t͡s̻ a l a ɾ i
hizkuntzalaritza	h i s̻ k u n t͡s̻ a l a ɾ i t͡s̻ a
hiztegi	h i s̻ t e ɡ i
hiztun	h i s̻ t u n
hoa	h o a
hoake	h o a k e
hoakidake	h o a k i d a k e
hoakidan	h o a k i d a n
hoakie	h o a k i e
hoakieke	h o a k i e k e
hoakien	h o a k i e n
hoakigu	h o a k i ɡ u
hoakiguke	h o a k i ɡ u k e
hoakigun	h o a k i ɡ u n
hoakio	h o a k i o
hoakioke	h o a k i o k e
hoakion	h o a k i o n
hoakit	h o a k i t
hoan	h o a n
hobeki	h o b e k i
hobekien	h o b e k i e n
hoberen	h o b e ɾ e n
hobeto	h o b e t o
hodei	h o d e i̯
hodeitsu	h o d e i̯ t͡s̺ u
hogei	h o ɡ e i̯
homosexual	o m o s̺ e k s̺ u a l
homosexualitate	o m o s̺ e k s̺ u a l i t a t e
hondamen	h o n d a m e n
hondar	h o n d a r
hondartza	h o n d a r t͡s̻ a
hondatu	h o n d a t u
honek	h o n e k
honen	h o n e n
honetako	h o n e t a k o
honetan	h o n e t a n
honetara	h o n e t a ɾ a
honetatik	h o n e t a t i k
honetaz	h o n e t a s̻
honi	h o n i
hontz	h o n t͡s̻
hor	h o r
hori	h o ɾ i
horixe	h o ɾ i ʃ e
hornitu	h o r n i t u
horrek	h o r e k
horrela	h o r e l a
horren	h o r e n
horri	h o r i
hortz	h o r t͡s̻
hostaro	h o s̺ t a ɾ o
hosto	h o s̺ t o
hots	h o t͡s̺
hotz	h o t͡s̻
hozkailu	h o s̻ k a i̯ l u
hozkatu	h o s̻ k a t u
huen	h u e n
huke	h u k e
hukeen	h u k e e n
hungariar	h u n ɡ a ɾ i a r
hungariera	h u n ɡ a ɾ i e ɾ a
huntz	h u n t͡s̻
hur	h u r
hura	h u ɾ a
hurbil	h u r b i l
hurrondo	h u r o n d o
huskune	h u s̺ k u n e
hustu	h u s̺ t u
huts	h u t͡s̺
hutsik	h u t͡s̺ i k
huñ	ɦ u ɲ
hür	h y ʁ
ia	i a
iaz	i a s̺
ibaiadar	i b a i̯ a d a r
ibaibarren	i b a i̯ b a r e n
ibaiburu	i b a i̯ b u ɾ u
ibaiertz	i b a i̯ e r t͡s̻
ibairatu	i b a i̯ ɾ a t u
ibar	i b a r
ibilgailu	i b i l ɡ a i̯ l u
ibili	i b i l i
idatzi	i d a t͡s̻ i
idazle	i d a s̺ l e
idazlea	i d a s̺ l e a
idazleak	i d a s̺ l e a k
idazlearekin	i d a s̺ l e a ɾ e k i n
idazlearen	i d a s̺ l e a ɾ e n
idazlearengan	i d a s̺ l e a ɾ e n ɡ a n
idazlearentzat	i d a s̺ l e a ɾ e n t͡s̻ a t
idazleari	i d a s̺ l e a ɾ i
idazleaz	i d a s̺ l e a s̺
idazleei	i d a s̺ l e e i̯
idazleek	i d a s̺ l e e k
idazleekin	i d a s̺ l e e k i n
idazleen	i d a s̺ l e e n
idazleengan	i d a s̺ l e e n ɡ a n
idazleentzat	i d a s̺ l e e n t͡s̻ a t
idazleez	i d a s̺ l e e s̺
idazlek	i d a s̺ l e k
idazlerekin	i d a s̺ l e ɾ e k i n
idazleren	i d a s̺ l e ɾ e n
idazlerengan	i d a s̺ l e ɾ e n ɡ a n
idazlerentzat	i d a s̺ l e ɾ e n t͡s̻ a t
idazleri	i d a s̺ l e ɾ i
idazlerik	i d a s̺ l e ɾ i k
idazletzat	i d a s̺ l e t͡s̻ a t
idazlez	i d a s̺ l e s̺
identifika	i d e n t i f i k a
identifikatu	i d e n t i f i k a t u
identifikazio	i d e n t i f i k a s̺ i o
identitate	i d e n t i t a t e
idi	i d i
ido	i d o
igali	i ɡ a l i
igande	i ɡ a n d e
igandekari	i ɡ a n d e k a ɾ i
igandero	i ɡ a n d e ɾ o
igante	i ɡ a n t e
igaraba	i ɡ a ɾ a b a
igarbide	i ɡ a r b i d e
igargaitz	i ɡ a r ɡ a i̯ t͡s̻
igarketa	i ɡ a r k e t a
igarkizun	i ɡ a r k i s̺ u n
igarle	i ɡ a r l e
igarmen	i ɡ a r m e n
igaro	i ɡ a ɾ o
igaroaldi	i ɡ a ɾ o a l d i
igarobide	i ɡ a ɾ o b i d e
igarogaitz	i ɡ a ɾ o ɡ a i̯ t͡s̻
igaroko	i ɡ a ɾ o k o
igarokor	i ɡ a ɾ o k o r
igarokortasun	i ɡ a ɾ o k o r t a s̺ u n
igaroleku	i ɡ a ɾ o l e k u
igarpen	i ɡ a r p e n
igarri	i ɡ a r i
igaz	i ɡ a s̺
igebelar	i ɡ e b e l a r
igel	i ɡ e l
igeltsatu	i ɡ e l t͡s̺ a t u
igeltsero	i ɡ e l t͡s̺ e ɾ o
igeltserotza	i ɡ e l t͡s̺ e ɾ o t͡s̻ a
igeltsu	i ɡ e l t͡s̺ u
igeltsugin	i ɡ e l t͡s̺ u ɡ i n
igeltsugintza	i ɡ e l t͡s̺ u ɡ i n t͡s̻ a
igeltsutegi	i ɡ e l t͡s̺ u t e ɡ i
igeltsuztatu	i ɡ e l t͡s̺ u s̻ t a t u
igeri	i ɡ e ɾ i
igerialdi	i ɡ e ɾ i a l d i
igerian	i ɡ e ɾ i a n
igerigailu	i ɡ e ɾ i ɡ a i̯ l u
igerika	i ɡ e ɾ i k a
igerikan	i ɡ e ɾ i k a n
igerikari	i ɡ e ɾ i k a ɾ i
igerikatu	i ɡ e ɾ i k a t u
igeriketa	i ɡ e ɾ i k e t a
igerilari	i ɡ e ɾ i l a ɾ i
igerileku	i ɡ e ɾ i l e k u
igeritako	i ɡ e ɾ i t a k o
igita	i ɡ i t a
igitai	i ɡ i t a i̯
igitaldi	i ɡ i t a l d i
igitari	i ɡ i t a ɾ i
igitatu	i ɡ i t a t u
iglu	i ɡ l u
igneo	i ɡ n e o
igo	i ɡ o
igogailu	i ɡ o ɡ a i̯ l u
igordak	i ɡ o r d a k
igordan	i ɡ o r d a n
igordazu	i ɡ o r d a s̺ u
igordazue	i ɡ o r d a s̺ u e
igorguk	i ɡ o r ɡ u k
igorgun	i ɡ o r ɡ u n
igorguzu	i ɡ o r ɡ u s̺ u
igorguzue	i ɡ o r ɡ u s̺ u e
igork	i ɡ o r k
igorna	i ɡ o r n a
igorri	i ɡ o r i
igorriek	i ɡ o r i e k
igorrien	i ɡ o r i e n
igorriezu	i ɡ o r i e s̺ u
igorriezue	i ɡ o r i e s̺ u e
igorriok	i ɡ o r i o k
igorrion	i ɡ o r i o n
igorriozu	i ɡ o r i o s̺ u
igorriozue	i ɡ o r i o s̺ u e
igorzkidak	i ɡ o r s̺ k i d a k
igorzkidan	i ɡ o r s̺ k i d a n
igorzkidazu	i ɡ o r s̺ k i d a s̺ u
igorzkidazue	i ɡ o r s̺ k i d a s̺ u e
igorzkiek	i ɡ o r s̺ k i e k
igorzkien	i ɡ o r s̺ k i e n
igorzkiezu	i ɡ o r s̺ k i e s̺ u
igorzkiezue	i ɡ o r s̺ k i e s̺ u e
igorzkiguk	i ɡ o r s̺ k i ɡ u k
igorzkigun	i ɡ o r s̺ k i ɡ u n
igorzkiguzu	i ɡ o r s̺ k i ɡ u s̺ u
igorzkiguzue	i ɡ o r s̺ k i ɡ u s̺ u e
igorzkiok	i ɡ o r s̺ k i o k
igorzkion	i ɡ o r s̺ k i o n
igorzkiozu	i ɡ o r s̺ k i o s̺ u
igorzkiozue	i ɡ o r s̺ k i o s̺ u e
igorzu	i ɡ o r s̺ u
igorzue	i ɡ o r s̺ u e
ihar	i a r
iharduk	i a r d u k
ihardukak	i a r d u k a k
ihardukan	i a r d u k a n
ihardukazu	i a r d u k a s̺ u
ihardukazue	i a r d u k a s̺ u e
iharduki	i a r d u k i
ihardun	i a r d u n
iharduzu	i a r d u s̺ u
iharduzue	i a r d u s̺ u e
ihartu	i a r t u
ihes	i e s̺
ihi	i
ijito	i x i t o
ijitokeria	i x i t o k e ɾ i a
ikasbide	i k a s̺ b i d e
ikasgai	i k a s̺ ɡ a i̯
ikasgela	i k a s̺ ɡ e l a
ikasi	i k a s̺ i
ikasketa	i k a s̺ k e t a
ikaskide	i k a s̺ k i d e
ikaskuntza	i k a s̺ k u n t͡s̻ a
ikasle	i k a s̺ l e
ikasleria	i k a s̺ l e ɾ i a
ikasliburu	i k a s̺ l i b u ɾ u
ikasmahai	i k a s̺ m a h a i̯
ikastaldi	i k a s̺ t a l d i
ikastaro	i k a s̺ t a ɾ o
ikastegi	i k a s̺ t e ɡ i
ikastetxe	i k a s̺ t e t͡ʃ e
ikastola	i k a s̺ t o l a
ikastordu	i k a s̺ t o r d u
ikastun	i k a s̺ t u n
ikasturte	i k a s̺ t u r t e
ikatz	i k a t͡s̻
ikertu	i k e r t u
ikhusi	i kʰ u s̺ i
ikur	i k u r
ikus	i k u s̺
ikusak	i k u s̺ a k
ikusan	i k u s̺ a n
ikusazu	i k u s̺ a s̺ u
ikusazue	i k u s̺ a s̺ u e
ikusi	i k u s̺ i
ikusiko	i k u s̺ i k o
ikuste	i k u s̺ t e
ikusten	i k u s̺ t e n
ilar	i l a r
ilara	i l a ɾ a
ilargi	i l a r ɡ i
ilargitar	i l a r ɡ i t a r
ilbeltz	i l b e l t͡s̻
ile	i l e
ilen	i l e n
ilertz	i l e r t͡s̻
iloba	i l o b a
ilun	i l u n
iman	i m a n
imita	i m i t a
imitatu	i m i t a t u
imitazio	i m i t a s̺ i o
inbaditu	i m b a d i t u
inbutu	i m b u t u
indaba	i n d a b a
indar	i n d a r
indarberritu	i n d a r b e r i t u
indarretxe	i n d a r e t͡ʃ e
indartsu	i n d a r t͡s̺ u
independente	i n d e p e n d e n t e
independentzia	i n d e p e n d e n t͡s̻ i a
indioilar	i n d i o i̯ l a r
indonesiera	i n d o n e s̺ i e ɾ a
industrializa	i n d u s̺ t r i a l i s̺ a
industrializatu	i n d u s̺ t r i a l i s̺ a t u
industrializazio	i n d u s̺ t r i a l i s̺ a s̺ i o
infiltra	i n f i l t r a
infiltratu	i n f i l t r a t u
infiltrazio	i n f i l t r a s̺ i o
informazio	i n f o r m a s̺ i o
ingelera	i n ɡ e l e ɾ a
ingeles	i n ɡ e l e s̺
ingude	i n ɡ u d e
inguru	i n ɡ u ɾ u
inon	i n o n
inor	i n o r
inora	i n o ɾ a
inoren	i n o ɾ e n
inori	i n o ɾ i
institutu	i n s̺ t i t u t u
interesgarri	i n t e ɾ e s̺ ɡ a r i
internazional	i n t e r n a s̺ i o n a l
internazionalismo	i n t e r n a s̺ i o n a l i s̺ m o
internazionalismoa	i n t e r n a s̺ i o n a l i s̺ m o a
intsektu	i n t͡s̺ e k t u
intxaur	i n t͡ʃ a u̯ r
inurri	i n u r i
inurritegi	i n u r i t e ɡ i
ipar	i p a r
iparrorratz	i p a r o r a t͡s̻
ipini	i p i n i
ipotx	i p o t͡ʃ
ipurdi	i p u r d i
ipurtzulo	i p u r t͡s̻ u l o
ira	i ɾ a
irabazi	i ɾ a b a s̺ i
irail	i ɾ a i̯ l
irain	i ɾ a i̯ n
irakaskuk	i ɾ a k a s̺ k u k
irakaskun	i ɾ a k a s̺ k u n
irakaskuzu	i ɾ a k a s̺ k u s̺ u
irakaskuzue	i ɾ a k a s̺ k u s̺ u e
irakasle	i ɾ a k a s̺ l e
irakastak	i ɾ a k a s̺ t a k
irakastan	i ɾ a k a s̺ t a n
irakastazu	i ɾ a k a s̺ t a s̺ u
irakastazue	i ɾ a k a s̺ t a s̺ u e
irakatsak	i ɾ a k a t͡s̺ a k
irakatsan	i ɾ a k a t͡s̺ a n
irakatsazkidak	i ɾ a k a t͡s̺ a s̻ k i d a k
irakatsazkidan	i ɾ a k a t͡s̺ a s̻ k i d a n
irakatsazkidazu	i ɾ a k a t͡s̺ a s̻ k i d a s̻ u
irakatsazkidazue	i ɾ a k a t͡s̺ a s̻ k i d a s̻ u e
irakatsazkiek	i ɾ a k a t͡s̺ a s̻ k i e k
irakatsazkien	i ɾ a k a t͡s̺ a s̻ k i e n
irakatsazkiezu	i ɾ a k a t͡s̺ a s̻ k i e s̻ u
irakatsazkiezue	i ɾ a k a t͡s̺ a s̻ k i e s̻ u e
irakatsazkiguk	i ɾ a k a t͡s̺ a s̻ k i ɡ u k
irakatsazkigun	i ɾ a k a t͡s̺ a s̻ k i ɡ u n
irakatsazkiguzu	i ɾ a k a t͡s̺ a s̻ k i ɡ u s̻ u
irakatsazkiguzue	i ɾ a k a t͡s̺ a s̻ k i ɡ u s̻ u e
irakatsazkiok	i ɾ a k a t͡s̺ a s̻ k i o k
irakatsazkion	i ɾ a k a t͡s̺ a s̻ k i o n
irakatsazkiozu	i ɾ a k a t͡s̺ a s̻ k i o s̻ u
irakatsazkiozue	i ɾ a k a t͡s̺ a s̻ k i o s̻ u e
irakatsazu	i ɾ a k a t͡s̺ a s̻ u
irakatsazue	i ɾ a k a t͡s̺ a s̻ u e
irakatsi	i ɾ a k a t͡s̺ i
irakatsiek	i ɾ a k a t͡s̺ i e k
irakatsien	i ɾ a k a t͡s̺ i e n
irakatsiezu	i ɾ a k a t͡s̺ i e s̻ u
irakatsiezue	i ɾ a k a t͡s̺ i e s̻ u e
irakatsiok	i ɾ a k a t͡s̺ i o k
irakatsion	i ɾ a k a t͡s̺ i o n
irakatsiozu	i ɾ a k a t͡s̺ i o s̻ u
irakatsiozue	i ɾ a k a t͡s̺ i o s̻ u e
irakin	i ɾ a k i n
irakurgela	i ɾ a k u r ɡ e l a
irakurle	i ɾ a k u r l e
irakurri	i ɾ a k u r i
irakurterraz	i ɾ a k u r t e r a s̺
iraniar	i ɾ a n i a r
irauk	i ɾ a u̯ k
iraun	i ɾ a u̯ n
irauzu	i ɾ a u̯ s̺ u
irauzue	i ɾ a u̯ s̺ u e
ireki	i ɾ e k i
irin	i ɾ i n
iritsi	i ɾ i t͡s̺ i
iritzi	i ɾ i t͡s̻ i
irla	i r l a
irrati	i r a t i
irris	i r i s̺
irten	i r t e n
irudi	i ɾ u d i
irudik	i ɾ u d i k
irudiko	i ɾ u d i k o
irudin	i ɾ u d i n
iruditu	i ɾ u d i t u
irudizu	i ɾ u d i s̺ u
irudizue	i ɾ u d i s̺ u e
iruzur	i ɾ u s̺ u r
iruzurti	i ɾ u s̺ u r t i
isats	i s̺ a t͡s̺
isiltasun	i s̺ i l t a s̺ u n
isilune	i s̺ i l u n e
isla	i s̺ l a
islandiar	i s̺ l a n d i a r
islandiera	i s̺ l a n d i e ɾ a
ispilu	i s̺ p i l u
istil	i s̺ t i l
isun	i s̺ u n
isuri	i s̺ u ɾ i
italiar	i t a l i a r
italiera	i t a l i e ɾ a
itaundu	i t a u̯ n d u
ito	i t o
itsasadar	i t͡s̺ a s̺ a d a r
itsasalde	i t͡s̺ a s̺ a l d e
itsasargi	i t͡s̺ a s̺ a r ɡ i
itsasgabe	i t͡s̺ a s̺ ɡ a b e
itsasgaitz	i t͡s̺ a s̺ ɡ a i̯ t͡s̻
itsasgarri	i t͡s̺ a s̺ ɡ a r i
itsaskor	i t͡s̺ a s̺ k o r
itsaso	i t͡s̺ a s̺ o
itsasontzi	i t͡s̺ a s̺ o n t͡s̻ i
itsasoratu	i t͡s̺ a s̺ o ɾ a t u
itsaspen	i t͡s̺ a s̺ p e n
itsatsi	i t͡s̺ a t͡s̺ i
itsu	i t͡s̺ u
itsusi	i t͡s̺ u s̺ i
iturgin	i t u r ɡ i n
iturri	i t u r i
itxaron	i t͡ʃ a ɾ o n
itxoin	i t͡ʃ o i̯ n
itxura	i t͡ʃ u ɾ a
itzak	i t͡s̻ a k
itzal	i t͡s̻ a l
itzali	i t͡s̻ a l i
itzan	i t͡s̻ a n
itzazu	i t͡s̻ a s̺ u
itzazue	i t͡s̻ a s̺ u e
itzuli	i t͡s̻ u l i
itzulpen	i t͡s̻ u l p e n
itzultzaile	i t͡s̻ u l t͡s̻ a i̯ l e
itzuri	i t͡s̻ u ɾ i
ixa	i ʃ a
izaera	i s̺ a e ɾ a
izain	i s̺ a i̯ n
izan	i s̺ a n
izango	i s̺ a n ɡ o
izar	i s̺ a r
izate	i s̺ a t e
izaten	i s̺ a t e n
izeba	i s̺ e b a
izeko	i s̺ e k o
izen	i s̺ e n
izenburu	i s̺ e m b u ɾ u
izenlagun	i s̻ e n l a ɡ u n
izenordain	i s̺ e n o r d a i̯ n
izerdi	i s̺ e r d i
izkina	i s̺ k i ɲ a
izkira	i s̺ k i ɾ a
izokin	i s̺ o k i n
izotz	i s̺ o t͡s̻
izotzil	i s̺ o t͡s̻ i l
izozkailu	i s̺ o s̺ k a ʎ u
izozki	i s̺ o s̺ k i
izozmendi	i s̺ o s̺ m e n d i
iztai	i s̺ t a i̯
izter	i s̻ t e r
izurde	i s̺ u r d e
jadanik	d͡ʒ a d a n i k
jagon	d͡ʒ a ɡ o n
jai	d͡ʒ a i̯
jaiegun	d͡ʒ a i̯ e ɡ u n
jainko	d͡ʒ a i̯ n k o
jainkoilo	d͡ʒ a i̯ n k o ʎ o
jainkojale	d͡ʒ a i̯ n k o d͡ʒ a l e
jainkosa	d͡ʒ a i̯ n k o s̺ a
jainkozale	d͡ʒ a i̯ n k o s̺ a l e
jainkozaletasun	d͡ʒ a i̯ n k o s̺ a l e t a s̺ u n
jaio	d͡ʒ a i̯ o
jaitsi	d͡ʒ a i̯ t͡s̻ i
jaka	d͡ʒ a k a
jakadun	d͡ʒ a k a d u n
jakik	d͡ʒ a k i k
jakin	d͡ʒ a k i n
jakitzak	d͡ʒ a k i t͡s̻ a k
jakitzan	d͡ʒ a k i t͡s̻ a n
jakitzazu	d͡ʒ a k i t͡s̻ a s̺ u
jakitzazue	d͡ʒ a k i t͡s̻ a s̺ u e
jakizu	d͡ʒ a k i s̺ u
jakizue	d͡ʒ a k i s̺ u e
jan	d͡ʒ a n
janari	d͡ʒ a n a ɾ i
jangarri	d͡ʒ a n ɡ a r i
jantzi	d͡ʒ a n t͡s̻ i
japoniera	d͡ʒ a p o n i e ɾ a
jardun	d͡ʒ a r d u n
jariatu	d͡ʒ a ɾ i a t u
jario	d͡ʒ a ɾ i o
jarraiki	d͡ʒ a r a i̯ k i
jarraitu	d͡ʒ a r a i̯ t u
jarri	d͡ʒ a r i
jaso	d͡ʒ a s̺ o
jatetxe	d͡ʒ a t e t͡ʃ e
jaugin	d͡ʒ a u̯ ɡ i n
jaun	d͡ʒ a u̯ n
jauregi	d͡ʒ a u̯ ɾ e ɡ i
jauregitar	d͡ʒ a u̯ ɾ e ɡ i t a r
jaurtiki	d͡ʒ a u̯ r t i k i
jausi	d͡ʒ a u̯ s̺ i
jautsi	j a u̯ t͡s̺ i
jauzi	d͡ʒ a u̯ s̺ i
jeltzale	d͡ʒ e l t͡s̻ a l e
jende	d͡ʒ e n d e
jendetza	d͡ʒ e n d e t͡s̻ a
jengibre	d͡ʒ e n ɡ i b r e
jipoitu	j i p o i̯ t u
jirafa	d͡ʒ i ɾ a f a
jiratu	x i ɾ a t u
jo	d͡ʒ o
joan	d͡ʒ o a n
joera	d͡ʒ o e ɾ a
joka	d͡ʒ o k a
jokatu	d͡ʒ o k a t u
joko	d͡ʒ o k o
jordaniar	d͡ʒ o r d a n i a r
jorrail	d͡ʒ o r a i̯ l
josi	d͡ʒ o s̺ i
jostailu	d͡ʒ o s̺ t a ʎ u
jostun	d͡ʒ o s̺ t u n
jota	j o t a
justifikatu	d͡ʒ u s̺ t i f i k a t u
justifikazio	d͡ʒ u s̺ t i f i k a s̺ i o
ka	k a
kafeina	k a f e i n a
kafeinagabe	k a f e i̯ n a ɡ a b e
kafesne	k a f e s̺ n e
kaio	k a i̯ o
kaixo	k a i̯ ʃ o
kaka	k a k a
kakahuete	k a k a h u e t e
kakalardo	k a k a l a r d o
kakazte	k a k a s̺ t e
kako	k a k o
kalabaza	k a l a b a s̺ a
kale	k a l e
kalimotxo	k a l i m o t͡ʃ o
kaltegarri	k a l t e ɡ a r i
kaltzio	k a l t͡s̻ i o
kaltzita	k a l t͡s̻ i t a
kameu	k a m e u
kamuts	k a m u t͡s̺
kanbodiar	k a m b o d i a r
kandela	k a n d e l a
kandelak	k a n d e l a k
kanguru	k a n ɡ u ɾ u
kanixe	k a n i ʃ e
kanpai	k a m p a i̯
kanpotar	k a m p o t a r
kapar	k a p a r
kapare	k a p a ɾ e
kapera	k a p e ɾ a
kapitalismo	k a p i t a l i s̺ m o
kapitalista	k a p i t a l i s̺ t a
kapo	k a p o
karaoke	k a ɾ a o k e
karbono	k a r b o n o
karlistada	k a r l i s̺ t a d a
karlistaldi	k a r l i s̺ t a l d i
karmeldar	k a r m e l d a r
karramarro	k a r a m a r o
karroin	k a r o i̯ n
kastore	k a s̺ t o ɾ e
katagorri	k a t a ɡ o r i
katakume	k a t a k u m e
katamotz	k a t a m o t͡s̻
kate	k a t e
katea	k a t e a
katoliko	k a t o l i k o
katu	k a t u
katuarrain	k a t u a r a i̯ n
kaxa	k a ʃ a
kazakhera	k a s̺ a x e ɾ a
ke	k e
kemen	k e m e n
kendu	k e n d u
kerubin	k e ɾ u b i n
ketsu	k e t͡s̺ u
kikara	k i k a ɾ a
kikarakada	k i k a ɾ a k a d a
kilate	k i l a t e
kilogramo	k i l o ɡ r a m o
kilotoi	k i l o t o i̯
kimika	k i m i k a
kimiko	k i m i k o
kimu	k i m u
kiribil	k i ɾ i b i l
kirol	k i ɾ o l
kirolari	k i ɾ o l a ɾ i
kiroldegi	k i ɾ o l d e ɡ i
klera	k l e ɾ a
kloroformo	k l o ɾ o f o r m o
koaderno	k o a d e r n o
koala	k o a l a
kobre	k o b r e
kode	k o d e
koilara	k o i̯ l a ɾ a
koilarakada	k o i̯ l a ɾ a k a d a
koinata	k o i̯ n a t a
koinatu	k o i̯ n a t u
koipe	k o i̯ p e
koke	k o k e
kokots	k o k o t͡s̺
kokotx	k o k o t͡ʃ
koldar	k o l d a r
kolera	k o l e ɾ a
kolonizatu	k o l o n i s̺ a t u
kolonizazio	k o l o n i s̺ a s̺ i o
koltxoi	k o l t͡ʃ o i̯
komentu	k o m e n t u
kometa	k o m e t a
komunismo	k o m u n i s̺ m o
komunista	k o m u n i s̺ t a
konbentzitu	k o m b e n t͡s̻ i t u
kondaira	k o n d a i̯ ɾ a
kondentsadore	k o n d e n t͡s̺ a d o ɾ e
kondizio	k o n d i s̺ i o
kondizional	k o n d i s̺ i o n a l
kono	k o n o
konponbide	k o m p o m b i d e
konpondu	k o m p o n d u
konstituzio	k o n s̺ t i t u s̺ i o
kontagailu	k o n t a ɡ a i̯ l u
kontentatu	k o n t e n t a t u
kontu	k o n t u
konturatu	k o n t u ɾ a t u
kontzeptu	k o n t͡s̻ e p t u
kontzientzia	k o n t͡s̻ i e n t͡s̻ i a
koral	k o ɾ a l
korapilatsu	k o ɾ a p i l a t͡s̺ u
koronabirus	k o ɾ o n a b i ɾ u s̺
korronte	k o r o n t e
korsikera	k o r s̺ i k e ɾ a
kortxea	k o r t͡ʃ e a
kortxeaerdi	k o r t͡ʃ e a e r d i
koru	k o ɾ u
kosmonauta	k o s̺ m o n a u̯ t a
kostatu	k o s̺ t a t u
kotxe	k o t͡ʃ e
krater	k r a t e r
kreatu	k r e a t u
kriket	k r i k e t
kristau	k r i s̺ t a u̯
kroaziar	k r o a s̺ i a r
kroaziera	k r o a s̺ i e ɾ a
krokodilo	k r o k o d i l o
kronologia	k r o n o l o ɡ i a
kros	k r o s̺
ku	k u
kuantu	k w a n t u
kuku	k u k u
kukutxeztul	k u k u t͡ʃ e s̺ t u l
kulero	k u l e ɾ o
kultu	k u l t u
kulunkatu	k u l u n k a t u
kume	k u m e
kurrilo	k u r i l o
kurrinka	k u r i n k a
kurrinkatu	k u r i n k a t u
kuttun	k u c u n
kutun	k u t u n
labana	l a b a n a
labar	l a b a r
labe	l a b e
labezomorro	l a b e s̺ o m o r o
labezomorroa	l a b e s̺ o m o r o a
labezomorroak	l a b e s̺ o m o r o a k
labezomorroarenganako	l a b e s̺ o m o r o a ɾ e n ɡ a n a k o
labezomorroarenganantz	l a b e s̺ o m o r o a ɾ e n ɡ a n a n t͡s̻
labezomorroek	l a b e s̺ o m o r o e k
labezomorroenganantz	l a b e s̺ o m o r o e n ɡ a n a n t͡s̻
labezomorrok	l a b e s̺ o m o r o k
labezomorrorenganako	l a b e s̺ o m o r o ɾ e n ɡ a n a k o
labezomorrorenganantz	l a b e s̺ o m o r o ɾ e n ɡ a n a n t͡s̻
labezomorrorengandik	l a b e s̺ o m o r o ɾ e n ɡ a n d i k
labezomorrorik	l a b e s̺ o m o r o ɾ i k
labezomorrotzat	l a b e s̺ o m o r o t͡s̻ a t
labur	l a b u r
laga	l a ɡ a
lagun	l a ɡ u n
lagundi	l a ɡ u n d i
lagundu	l a ɡ u n d u
laguntza	l a ɡ u n t͡s̻ a
lagün	l a ɡ y n
lahar	l a h a r
lain	l a i̯ n
laino	l a i̯ n o
laket	l a k e t
laku	l a k u
lama	l a m a
lan	l a n
lanbas	l a m b a s̺
lanbro	l a m b r o
landa	l a n d a
landare	l a n d a ɾ e
langile	l a n ɡ i l e
lantegi	l a n t e ɡ i
laosera	l a o s̺ e ɾ a
laostar	l a o s̺ t a r
lapar	l a p a r
lapur	l a p u r
lapurkume	l a p u r k u m e
lapurreria	l a p u r e ɾ i a
lapurreta	l a p u r e t a
lapurtu	l a p u r t u
lapurtxori	l a p u r t͡ʃ o ɾ i
laranja	l a ɾ a n d͡ʒ a
laranjondo	l a ɾ a n d͡ʒ o n d o
laratro	l a ɾ a t r o
lari	l a ɾ i
laritz	l a ɾ i t͡s̻
larunbat	l a ɾ u m b a t
larunbatero	l a ɾ u m b a t e ɾ o
lasaitu	l a s̺ a i̯ t u
lastail	l a s̺ t a i̯ l
laster	l a s̺ t e r
lats	l a t͡s̺
lau	l a u̯
lauburu	l a u̯ b u ɾ u
laugarren	l a u̯ ɡ a r e n
lauhortz	l a u̯ h o r t͡s̻
laukizuzen	l a u̯ k i s̺ u s̺ e n
laukoitz	l a u̯ k o i̯ t͡s̻
laurden	l a u̯ r d e n
laurogei	l a u̯ ɾ o ɡ e i̯
lebilke	l e b i l k e
lebilkek	l e b i l k e k
lebilken	l e b i l k e n
lebilkiake	l e b i l k i a k e
lebilkidake	l e b i l k i d a k e
lebilkidakek	l e b i l k i d a k e k
lebilkidaken	l e b i l k i d a k e n
lebilkieke	l e b i l k i e k e
lebilkiekek	l e b i l k i e k e k
lebilkieken	l e b i l k i e k e n
lebilkiguke	l e b i l k i ɡ u k e
lebilkigukek	l e b i l k i ɡ u k e k
lebilkiguken	l e b i l k i ɡ u k e n
lebilkinake	l e b i l k i n a k e
lebilkioke	l e b i l k i o k e
lebilkiokek	l e b i l k i o k e k
lebilkioken	l e b i l k i o k e n
lebilkizueke	l e b i l k i s̺ u e k e
lebilkizuke	l e b i l k i s̺ u k e
lebilzke	l e b i l s̺ k e
lebilzkek	l e b i l s̺ k e k
lebilzken	l e b i l s̺ k e n
lebilzkiake	l e b i l s̺ k i a k e
lebilzkidake	l e b i l s̺ k i d a k e
lebilzkidakek	l e b i l s̺ k i d a k e k
lebilzkidaken	l e b i l s̺ k i d a k e n
lebilzkieke	l e b i l s̺ k i e k e
lebilzkiekek	l e b i l s̺ k i e k e k
lebilzkieken	l e b i l s̺ k i e k e n
lebilzkiguke	l e b i l s̺ k i ɡ u k e
lebilzkigukek	l e b i l s̺ k i ɡ u k e k
lebilzkiguken	l e b i l s̺ k i ɡ u k e n
lebilzkinake	l e b i l s̺ k i ɲ a k e
lebilzkioke	l e b i l s̺ k i o k e
lebilzkiokek	l e b i l s̺ k i o k e k
lebilzkioken	l e b i l s̺ k i o k e n
lebilzkizueke	l e b i l s̺ k i s̺ u e k e
lebilzkizuke	l e b i l s̺ k i s̺ u k e
ledin	l e d i n
legar	l e ɡ a r
legebiltzar	l e ɡ e b i l t͡s̻ a r
legezko	l e ɡ e s̺ k o
legike	l e ɡ i k e
legikek	l e ɡ i k e k
legiken	l e ɡ i k e n
legikete	l e ɡ i k e t e
legiketek	l e ɡ i k e t e k
legiketen	l e ɡ i k e t e n
legitzake	l e ɡ i t͡s̻ a k e
legitzakek	l e ɡ i t͡s̻ a k e k
legitzaken	l e ɡ i t͡s̻ a k e n
legitzakete	l e ɡ i t͡s̻ a k e t e
legitzaketek	l e ɡ i t͡s̻ a k e t e k
legitzaketen	l e ɡ i t͡s̻ a k e t e n
legoke	l e ɡ o k e
legokek	l e ɡ o k e k
legoken	l e ɡ o k e n
legokiake	l e ɡ o k i a k e
legokidake	l e ɡ o k i d a k e
legokidakek	l e ɡ o k i d a k e k
legokidaken	l e ɡ o k i d a k e n
legokieke	l e ɡ o k i e k e
legokiekek	l e ɡ o k i e k e k
legokieken	l e ɡ o k i e k e n
legokiguke	l e ɡ o k i ɡ u k e
legokigukek	l e ɡ o k i ɡ u k e k
legokiguken	l e ɡ o k i ɡ u k e n
legokinake	l e ɡ o k i n a k e
legokioke	l e ɡ o k i o k e
legokiokek	l e ɡ o k i o k e k
legokioken	l e ɡ o k i o k e n
legokizueke	l e ɡ o k i s̺ u e k e
legokizuke	l e ɡ o k i s̺ u k e
legozkiake	l e ɡ o s̺ k i a k e
legozkidake	l e ɡ o s̺ k i d a k e
legozkidakek	l e ɡ o s̺ k i d a k e k
legozkidaken	l e ɡ o s̺ k i d a k e n
legozkieke	l e ɡ o s̺ k i e k e
legozkiekek	l e ɡ o s̺ k i e k e k
legozkieken	l e ɡ o s̺ k i e k e n
legozkiguke	l e ɡ o s̺ k i ɡ u k e
legozkigukek	l e ɡ o s̺ k i ɡ u k e k
legozkiguken	l e ɡ o s̺ k i ɡ u k e n
legozkinake	l e ɡ o s̺ k i ɲ a k e
legozkioke	l e ɡ o s̺ k i o k e
legozkiokek	l e ɡ o s̺ k i o k e k
legozkioken	l e ɡ o s̺ k i o k e n
legozkizueke	l e ɡ o s̺ k i s̺ u e k e
legozkizuke	l e ɡ o s̺ k i s̺ u k e
lehendabizi	l e h e n d a b i s̻ i
lehendakari	l e h e n d a k a ɾ i
leher	l e h e r
lehoi	l e h o i̯
lehoia	l e h o i̯ a
lehoiak	l e h o i̯ a k
lehor	l e h o r
lei	l e i̯
leiho	l e i̯ h o
leitu	l e i̯ t u
lekieke	l e k i e k e
lekiekek	l e k i e k e k
lekieken	l e k i e k e n
lekike	l e k i k e
lekikek	l e k i k e k
lekiken	l e k i k e n
lekikete	l e k i k e t e
lekiketek	l e k i k e t e k
lekiketen	l e k i k e t e n
lekioke	l e k i o k e
lekiokek	l e k i o k e k
lekioken	l e k i o k e n
lekizke	l e k i s̺ k e
lekizkek	l e k i s̺ k e k
lekizken	l e k i s̺ k e n
lekizkete	l e k i s̺ k e t e
lekizketek	l e k i s̺ k e t e k
lekizketen	l e k i s̺ k e t e n
lekizkieke	l e k i s̺ k i e k e
lekizkiekek	l e k i s̺ k i e k e k
lekizkieken	l e k i s̺ k i e k e n
lekizkioke	l e k i s̺ k i o k e
lekizkiokek	l e k i s̺ k i o k e k
lekizkioken	l e k i s̺ k i o k e n
lekusazke	l e k u s̺ a s̺ k e
lekusazkek	l e k u s̺ a s̺ k e k
lekusazken	l e k u s̺ a s̺ k e n
lekusazkete	l e k u s̺ a s̺ k e t e
lekusazketek	l e k u s̺ a s̺ k e t e k
lekusazketen	l e k u s̺ a s̺ k e t e n
lekuske	l e k u s̺ k e
lekuskek	l e k u s̺ k e k
lekusken	l e k u s̺ k e n
lekuskete	l e k u s̺ k e t e
lekusketek	l e k u s̺ k e t e k
lekusketen	l e k u s̺ k e t e n
lelo	l e l o
lentzeria	l e n t͡s̻ e ɾ i a
lentzuke	l e n t͡s̻ u k e
lentzukek	l e n t͡s̻ u k e k
lentzuken	l e n t͡s̻ u k e n
lentzukete	l e n t͡s̻ u k e t e
lentzuketek	l e n t͡s̻ u k e t e k
lentzuketen	l e n t͡s̻ u k e t e n
lentzuzke	l e n t͡s̻ u s̺ k e
lentzuzkek	l e n t͡s̻ u s̺ k e k
lentzuzken	l e n t͡s̻ u s̺ k e n
lentzuzkete	l e n t͡s̻ u s̺ k e t e
lentzuzketek	l e n t͡s̻ u s̺ k e t e k
lentzuzketen	l e n t͡s̻ u s̺ k e t e n
lepho	l e pʰ o
lepo	l e p o
lepoko	l e p o k o
ler	l e r
lera	l e ɾ a
lerak	l e ɾ a k
lerakuske	l e ɾ a k u s̺ k e
lerakuskek	l e ɾ a k u s̺ k e k
lerakusken	l e ɾ a k u s̺ k e n
lerakuskete	l e ɾ a k u s̺ k e t e
lerakusketek	l e ɾ a k u s̺ k e t e k
lerakusketen	l e ɾ a k u s̺ k e t e n
lerakutsazke	l e ɾ a k u t͡s̺ a s̻ k e
lerakutsazkek	l e ɾ a k u t͡s̺ a s̻ k e k
lerakutsazken	l e ɾ a k u t͡s̺ a s̻ k e n
lerakutsazkete	l e ɾ a k u t͡s̺ a s̻ k e t e
lerakutsazketek	l e ɾ a k u t͡s̺ a s̻ k e t e k
lerakutsazketen	l e ɾ a k u t͡s̺ a s̻ k e t e n
leraren	l e ɾ a ɾ e n
lerari	l e ɾ a ɾ i
lerei	l e ɾ e i
lerek	l e ɾ e k
leriake	l e ɾ i a k e
leridake	l e ɾ i d a k e
leridakek	l e ɾ i d a k e k
leridaken	l e ɾ i d a k e n
lerieke	l e ɾ i e k e
leriekek	l e ɾ i e k e k
lerieken	l e ɾ i e k e n
leriguke	l e ɾ i ɡ u k e
lerigukek	l e ɾ i ɡ u k e k
leriguken	l e ɾ i ɡ u k e n
lerinake	l e ɾ i n a k e
lerioke	l e ɾ i o k e
leriokek	l e ɾ i o k e k
lerioken	l e ɾ i o k e n
leritzake	l e ɾ i t͡s̻ a k e
leritzakek	l e ɾ i t͡s̻ a k e k
leritzaken	l e ɾ i t͡s̻ a k e n
leritzakete	l e ɾ i t͡s̻ a k e t e
leritzaketek	l e ɾ i t͡s̻ a k e t e k
leritzaketen	l e ɾ i t͡s̻ a k e t e n
leritzeke	l e ɾ i t͡s̻ e k e
leritzekek	l e ɾ i t͡s̻ e k e k
leritzeken	l e ɾ i t͡s̻ e k e n
leritzekete	l e ɾ i t͡s̻ e k e t e
leritzeketek	l e ɾ i t͡s̻ e k e t e k
leritzeketen	l e ɾ i t͡s̻ e k e t e n
leritzoke	l e ɾ i t͡s̻ o k e
leritzokek	l e ɾ i t͡s̻ o k e k
leritzoken	l e ɾ i t͡s̻ o k e n
leritzokete	l e ɾ i t͡s̻ o k e t e
leritzoketek	l e ɾ i t͡s̻ o k e t e k
leritzoketen	l e ɾ i t͡s̻ o k e t e n
leritzueke	l e ɾ i t͡s̻ u e k e
leritzuekete	l e ɾ i t͡s̻ u e k e t e
leritzuke	l e ɾ i t͡s̻ u k e
leritzukete	l e ɾ i t͡s̻ u k e t e
lerizake	l e ɾ i s̺ a k e
lerizakete	l e ɾ i s̺ a k e t e
lerizkiake	l e ɾ i s̺ k i a k e
lerizkidake	l e ɾ i s̺ k i d a k e
lerizkidakek	l e ɾ i s̺ k i d a k e k
lerizkidaken	l e ɾ i s̺ k i d a k e n
lerizkieke	l e ɾ i s̺ k i e k e
lerizkiekek	l e ɾ i s̺ k i e k e k
lerizkieken	l e ɾ i s̺ k i e k e n
lerizkiguke	l e ɾ i s̺ k i ɡ u k e
lerizkigukek	l e ɾ i s̺ k i ɡ u k e k
lerizkiguken	l e ɾ i s̺ k i ɡ u k e n
lerizkinake	l e ɾ i s̺ k i ɲ a k e
lerizkioke	l e ɾ i s̺ k i o k e
lerizkiokek	l e ɾ i s̺ k i o k e k
lerizkioken	l e ɾ i s̺ k i o k e n
lerizkizueke	l e ɾ i s̺ k i s̺ u e k e
lerizkizuke	l e ɾ i s̺ k i s̺ u k e
lerizkuke	l e ɾ i s̺ k u k e
lerizkukek	l e ɾ i s̺ k u k e k
lerizkuken	l e ɾ i s̺ k u k e n
lerizkukete	l e ɾ i s̺ k u k e t e
lerizkuketek	l e ɾ i s̺ k u k e t e k
lerizkuketen	l e ɾ i s̺ k u k e t e n
leriznake	l e ɾ i s̺ n a k e
leriznakete	l e ɾ i s̺ n a k e t e
leriztake	l e ɾ i s̺ t a k e
leriztakek	l e ɾ i s̺ t a k e k
leriztaken	l e ɾ i s̺ t a k e n
leriztakete	l e ɾ i s̺ t a k e t e
leriztaketek	l e ɾ i s̺ t a k e t e k
leriztaketen	l e ɾ i s̺ t a k e t e n
lerizteke	l e ɾ i s̺ t e k e
leriztekek	l e ɾ i s̺ t e k e k
lerizteken	l e ɾ i s̺ t e k e n
leriztekete	l e ɾ i s̺ t e k e t e
lerizteketek	l e ɾ i s̺ t e k e t e k
lerizteketen	l e ɾ i s̺ t e k e t e n
lerizueke	l e ɾ i s̺ u e k e
lerizuke	l e ɾ i s̺ u k e
leroake	l e ɾ o a k e
leroakek	l e ɾ o a k e k
leroaken	l e ɾ o a k e n
leroakete	l e ɾ o a k e t e
leroaketek	l e ɾ o a k e t e k
leroaketen	l e ɾ o a k e t e n
leroazke	l e ɾ o a s̺ k e
leroazkek	l e ɾ o a s̺ k e k
leroazken	l e ɾ o a s̺ k e n
leroazkete	l e ɾ o a s̺ k e t e
leroazketek	l e ɾ o a s̺ k e t e k
leroazketen	l e ɾ o a s̺ k e t e n
lerraiake	l e r a i̯ a k e
lerraidake	l e r a i̯ d a k e
lerraidakek	l e r a i̯ d a k e k
lerraidaken	l e r a i̯ d a k e n
lerraieke	l e r a i̯ e k e
lerraiekek	l e r a i̯ e k e k
lerraieken	l e r a i̯ e k e n
lerraiguke	l e r a i̯ ɡ u k e
lerraigukek	l e r a i̯ ɡ u k e k
lerraiguken	l e r a i̯ ɡ u k e n
lerrainake	l e r a i̯ n a k e
lerraioke	l e r a i̯ o k e
lerraiokek	l e r a i̯ o k e k
lerraioken	l e r a i̯ o k e n
lerraizkiake	l e r a i̯ s̺ k i a k e
lerraizkidake	l e r a i̯ s̺ k i d a k e
lerraizkidakek	l e r a i̯ s̺ k i d a k e k
lerraizkidaken	l e r a i̯ s̺ k i d a k e n
lerraizkieke	l e r a i̯ s̺ k i e k e
lerraizkiekek	l e r a i̯ s̺ k i e k e k
lerraizkieken	l e r a i̯ s̺ k i e k e n
lerraizkiguke	l e r a i̯ s̺ k i ɡ u k e
lerraizkigukek	l e r a i̯ s̺ k i ɡ u k e k
lerraizkiguken	l e r a i̯ s̺ k i ɡ u k e n
lerraizkinake	l e r a i̯ s̺ k i ɲ a k e
lerraizkioke	l e r a i̯ s̺ k i o k e
lerraizkiokek	l e r a i̯ s̺ k i o k e k
lerraizkioken	l e r a i̯ s̺ k i o k e n
lerraizkizueke	l e r a i̯ s̺ k i s̺ u e k e
lerraizkizuke	l e r a i̯ s̺ k i s̺ u k e
lerraizueke	l e r a i̯ s̺ u e k e
lerraizuke	l e r a i̯ s̺ u k e
lerro	l e r o
lertxun	l e r t͡ʃ u n
letoniera	l e t o n i e ɾ a
letorke	l e t o r k e
letorkek	l e t o r k e k
letorken	l e t o r k e n
letorkiake	l e t o r k i a k e
letorkidake	l e t o r k i d a k e
letorkidakek	l e t o r k i d a k e k
letorkidaken	l e t o r k i d a k e n
letorkieke	l e t o r k i e k e
letorkiekek	l e t o r k i e k e k
letorkieken	l e t o r k i e k e n
letorkiguke	l e t o r k i ɡ u k e
letorkigukek	l e t o r k i ɡ u k e k
letorkiguken	l e t o r k i ɡ u k e n
letorkinake	l e t o r k i n a k e
letorkioke	l e t o r k i o k e
letorkiokek	l e t o r k i o k e k
letorkioken	l e t o r k i o k e n
letorkizueke	l e t o r k i s̺ u e k e
letorkizuke	l e t o r k i s̺ u k e
letozke	l e t o s̺ k e
letozkek	l e t o s̺ k e k
letozken	l e t o s̺ k e n
letozkiake	l e t o s̺ k i a k e
letozkidake	l e t o s̺ k i d a k e
letozkidakek	l e t o s̺ k i d a k e k
letozkidaken	l e t o s̺ k i d a k e n
letozkieke	l e t o s̺ k i e k e
letozkiekek	l e t o s̺ k i e k e k
letozkieken	l e t o s̺ k i e k e n
letozkiguke	l e t o s̺ k i ɡ u k e
letozkigukek	l e t o s̺ k i ɡ u k e k
letozkiguken	l e t o s̺ k i ɡ u k e n
letozkinake	l e t o s̺ k i ɲ a k e
letozkioke	l e t o s̺ k i o k e
letozkiokek	l e t o s̺ k i o k e k
letozkioken	l e t o s̺ k i o k e n
letozkizueke	l e t o s̺ k i s̺ u e k e
letozkizuke	l e t o s̺ k i s̺ u k e
letra	l e t r a
letreiatu	l e t r e i̯ a t u
letxekiake	l e t͡ʃ e k i a k e
letxekidake	l e t͡ʃ e k i d a k e
letxekidakek	l e t͡ʃ e k i d a k e k
letxekidaken	l e t͡ʃ e k i d a k e n
letxekieke	l e t͡ʃ e k i e k e
letxekiekek	l e t͡ʃ e k i e k e k
letxekieken	l e t͡ʃ e k i e k e n
letxekiguke	l e t͡ʃ e k i ɡ u k e
letxekigukek	l e t͡ʃ e k i ɡ u k e k
letxekiguken	l e t͡ʃ e k i ɡ u k e n
letxekinake	l e t͡ʃ e k i n a k e
letxekioke	l e t͡ʃ e k i o k e
letxekiokek	l e t͡ʃ e k i o k e k
letxekioken	l e t͡ʃ e k i o k e n
letxekizueke	l e t͡ʃ e k i s̺ u e k e
letxekizuke	l e t͡ʃ e k i s̺ u k e
letxezkiake	l e t͡ʃ e s̺ k i a k e
letxezkidake	l e t͡ʃ e s̺ k i d a k e
letxezkidakek	l e t͡ʃ e s̺ k i d a k e k
letxezkidaken	l e t͡ʃ e s̺ k i d a k e n
letxezkieke	l e t͡ʃ e s̺ k i e k e
letxezkiekek	l e t͡ʃ e s̺ k i e k e k
letxezkieken	l e t͡ʃ e s̺ k i e k e n
letxezkiguke	l e t͡ʃ e s̺ k i ɡ u k e
letxezkigukek	l e t͡ʃ e s̺ k i ɡ u k e k
letxezkiguken	l e t͡ʃ e s̺ k i ɡ u k e n
letxezkinake	l e t͡ʃ e s̺ k i ɲ a k e
letxezkioke	l e t͡ʃ e s̺ k i o k e
letxezkiokek	l e t͡ʃ e s̺ k i o k e k
letxezkioken	l e t͡ʃ e s̺ k i o k e n
letxezkizueke	l e t͡ʃ e s̺ k i s̺ u e k e
letxezkizuke	l e t͡ʃ e s̺ k i s̺ u k e
letzake	l e t͡s̻ a k e
letzakek	l e t͡s̻ a k e k
letzaken	l e t͡s̻ a k e n
leudeke	l e u̯ d e k e
leudekek	l e u̯ d e k e k
leudeken	l e u̯ d e k e n
leukake	l e u̯ k a k e
leukakek	l e u̯ k a k e k
leukaken	l e u̯ k a k e n
leukakete	l e u̯ k a k e t e
leukaketek	l e u̯ k a k e t e k
leukaketen	l e u̯ k a k e t e n
leun	l e u̯ n
leutseke	l e u̯ t͡s̺ e k e
leutsekek	l e u̯ t͡s̺ e k e k
leutseken	l e u̯ t͡s̺ e k e n
leutsekete	l e u̯ t͡s̺ e k e t e
leutseketek	l e u̯ t͡s̺ e k e t e k
leutseketen	l e u̯ t͡s̺ e k e t e n
leutsoke	l e u̯ t͡s̺ o k e
leutsokek	l e u̯ t͡s̺ o k e k
leutsoken	l e u̯ t͡s̺ o k e n
leutsokete	l e u̯ t͡s̺ o k e t e
leutsoketek	l e u̯ t͡s̺ o k e t e k
leutsoketen	l e u̯ t͡s̺ o k e t e n
leutzake	l e u̯ t͡s̻ a k e
leutzakek	l e u̯ t͡s̻ a k e k
leutzaken	l e u̯ t͡s̻ a k e n
leuzkake	l e u̯ s̺ k a k e
leuzkakek	l e u̯ s̺ k a k e k
leuzkaken	l e u̯ s̺ k a k e n
leuzkakete	l e u̯ s̺ k a k e t e
leuzkaketek	l e u̯ s̺ k a k e t e k
leuzkaketen	l e u̯ s̺ k a k e t e n
lezaguke	l e s̺ a ɡ u k e
lezagukek	l e s̺ a ɡ u k e k
lezaguken	l e s̺ a ɡ u k e n
lezagukete	l e s̺ a ɡ u k e t e
lezaguketek	l e s̺ a ɡ u k e t e k
lezaguketen	l e s̺ a ɡ u k e t e n
lezaguzke	l e s̺ a ɡ u s̺ k e
lezaguzkek	l e s̺ a ɡ u s̺ k e k
lezaguzken	l e s̺ a ɡ u s̺ k e n
lezaguzkete	l e s̺ a ɡ u s̺ k e t e
lezaguzketek	l e s̺ a ɡ u s̺ k e t e k
lezaguzketen	l e s̺ a ɡ u s̺ k e t e n
lezake	l e s̺ a k e
lezakek	l e s̺ a k e k
lezaken	l e s̺ a k e n
lezakete	l e s̺ a k e t e
lezaketek	l e s̺ a k e t e k
lezaketen	l e s̺ a k e t e n
lezan	l e s̺ a n
lezaten	l e s̺ a t e n
lezka	l e s̺ k a
libanoar	l i b a n o a r
libreto	l i b r e t o
liburu	l i b u ɾ u
liburutegi	l i b u ɾ u t e ɡ i
lieke	l i e k e
liezaieketek	l i e s̺ a i̯ e k e t e k
liezaieketen	l i e s̺ a i̯ e k e t e n
liezazkieketek	l i e s̺ a s̺ k i e k e t e k
liezazkieketen	l i e s̺ a s̺ k i e k e t e n
lihardukake	l i a r d u k a k e
lihardukakek	l i a r d u k a k e k
lihardukaken	l i a r d u k a k e n
lihardukakete	l i a r d u k a k e t e
lihardukaketek	l i a r d u k a k e t e k
lihardukaketen	l i a r d u k a k e t e n
liharduke	l i a r d u k e
lihardukek	l i a r d u k e k
liharduken	l i a r d u k e n
lihardukete	l i a r d u k e t e
liharduketek	l i a r d u k e t e k
liharduketen	l i a r d u k e t e n
lihoake	l i h o a k e
lihoakek	l i h o a k e k
lihoaken	l i h o a k e n
lihoakiake	l i h o a k i a k e
lihoakidake	l i h o a k i d a k e
lihoakidakek	l i h o a k i d a k e k
lihoakidaken	l i h o a k i d a k e n
lihoakieke	l i h o a k i e k e
lihoakiekek	l i h o a k i e k e k
lihoakieken	l i h o a k i e k e n
lihoakiguke	l i h o a k i ɡ u k e
lihoakigukek	l i h o a k i ɡ u k e k
lihoakiguken	l i h o a k i ɡ u k e n
lihoakinake	l i h o a k i n a k e
lihoakioke	l i h o a k i o k e
lihoakiokek	l i h o a k i o k e k
lihoakioken	l i h o a k i o k e n
lihoakizueke	l i h o a k i s̻ u e k e
lihoakizuke	l i h o a k i s̻ u k e
lihoazke	l i h o a s̻ k e
lihoazkek	l i h o a s̻ k e k
lihoazken	l i h o a s̻ k e n
lihoazkiake	l i h o a s̻ k i a k e
lihoazkidake	l i h o a s̻ k i d a k e
lihoazkidakek	l i h o a s̻ k i d a k e k
lihoazkidaken	l i h o a s̻ k i d a k e n
lihoazkieke	l i h o a s̻ k i e k e
lihoazkiekek	l i h o a s̻ k i e k e k
lihoazkieken	l i h o a s̻ k i e k e n
lihoazkiguke	l i h o a s̻ k i ɡ u k e
lihoazkigukek	l i h o a s̻ k i ɡ u k e k
lihoazkiguken	l i h o a s̻ k i ɡ u k e n
lihoazkinake	l i h o a s̻ k i n a k e
lihoazkioke	l i h o a s̻ k i o k e
lihoazkiokek	l i h o a s̻ k i o k e k
lihoazkioken	l i h o a s̻ k i o k e n
lihoazkizueke	l i h o a s̻ k i s̻ u e k e
lihoazkizuke	l i h o a s̻ k i s̻ u k e
likek	l i k e k
liken	l i k e n
liketek	l i k e t e k
liketen	l i k e t e n
liluragarri	l i l u ɾ a ɡ a r i
lima	l i m a
limoi	l i m o i̯
limoiondo	l i m o i̯ o n d o
linguistika	l i n ɡ w i s̺ t i k a
lipschitzar	l i p ʃ i t͡s̻ a r
lirateke	l i ɾ a t e k e
lirauke	l i ɾ a u̯ k e
liraukek	l i ɾ a u̯ k e k
lirauken	l i ɾ a u̯ k e n
liraukete	l i ɾ a u̯ k e t e
lirauketek	l i ɾ a u̯ k e t e k
lirauketen	l i ɾ a u̯ k e t e n
liro	l i ɾ o
lirok	l i ɾ o k
liron	l i ɾ o n
lirote	l i ɾ o t e
lirotek	l i ɾ o t e k
liroten	l i ɾ o t e n
lirudike	l i ɾ u d i k e
lirudikek	l i ɾ u d i k e k
lirudiken	l i ɾ u d i k e n
lirudikete	l i ɾ u d i k e t e
lirudiketek	l i ɾ u d i k e t e k
lirudiketen	l i ɾ u d i k e t e n
liteke	l i t e k e
litekek	l i t e k e k
liteken	l i t e k e n
litera	l i t e ɾ a
litezen	l i t e s̺ e n
litezke	l i t e s̺ k e
litezkek	l i t e s̺ k e k
litezken	l i t e s̺ k e n
litio	l i t i o
litizkek	l i t i s̺ k e k
litizken	l i t i s̺ k e n
litizketek	l i t i s̺ k e t e k
litizketen	l i t i s̺ k e t e n
lituaniera	l i t u a n i e ɾ a
lituzke	l i t u s̺ k e
lituzkek	l i t u s̺ k e k
lituzken	l i t u s̺ k e n
lituzkete	l i t u s̺ k e t e
litzake	l i t͡s̻ a k e
litzakek	l i t͡s̻ a k e k
litzaken	l i t͡s̻ a k e n
litzakete	l i t͡s̻ a k e t e
litzaketek	l i t͡s̻ a k e t e k
litzaketen	l i t͡s̻ a k e t e n
litzan	l i t͡s̻ a n
litzateke	l i t͡s̻ a t e k e
litzaten	l i t͡s̻ a t e n
lizar	l i s̺ a r
lizarki	l i s̺ a r k i
liztor	l i s̺ t o r
llabur	ʎ a b u r
llama	ʎ a m a
llollo	ʎ o ʎ o
llollobelar	ʎ o ʎ o b e l a r
lo	l o
lodi	l o d i
lodikor	l o d i k o r
logela	l o ɡ e l a
logika	l o ɡ i k a
logura	l o ɡ u ɾ a
lohi	l o h i
lokailu	l o k a i̯ l u
lorail	l o ɾ a i̯ l
lorategi	l o ɾ a t e ɡ i
loratu	l o ɾ a t u
lore	l o ɾ e
loredenda	l o ɾ e d e n d a
lortu	l o r t u
lotazil	l o t a s̺ i l
lotsa	l o t͡s̺ a
lotsakor	l o t͡s̺ a k o r
lotsati	l o t͡s̺ a t i
lotu	l o t u
lu	l u
lubaki	l u b a k i
luke	l u k e
lukek	l u k e k
luken	l u k e n
lukete	l u k e t e
luki	l u k i
luma	l u m a
lur	l u r
lurreratu	l u r e ɾ a t u
lurrikara	l u r i k a ɾ a
luzatu	l u s̺ a t u
luze	l u s̺ e
luzetasun	l u s̻ e t a s̺ u n
madari	m a d a ɾ i
madarika	m a d a ɾ i k a
madarikatu	m a d a ɾ i k a t u
madarikatuko	m a d a ɾ i k a t u k o
madarikatze	m a d a ɾ i k a t͡s̻ e
madarikatzen	m a d a ɾ i k a t͡s̻ e n
madariondo	m a d a ɾ i o n d o
mahai	m a h a i̯
mahasti	m a h a s̺ t i
mahats	m a h a t͡s̺
mahuka	m a h u k a
maiatz	m a i̯ a t͡s̻
maila	m a i̯ l a
mairu	m a i̯ ɾ u
mairuilar	m a i̯ ɾ u i̯ l a r
maitasun	m a i̯ t a s̺ u n
maitatu	m a i̯ t a t u
maitemin	m a i̯ t e m i n
maiz	m a i̯ s̺
maketo	m a k e t o
makila	m a k i l a
makito	m a k i t o
makur	m a k u r
makurtu	m a k u r t u
malda	m a l d a
malko	m a l k o
maltera	m a l t e ɾ a
mandarina	m a n d a ɾ i n a
mandarinondo	m a n d a ɾ i n o n d o
mapa	m a p a
marasma	m a ɾ a s̺ m a
margotu	m a r ɡ o t u
margoztatu	m a r ɡ o s̻ t a t u
marikoi	m a ɾ i k o i̯
marka	m a r k a
marra	m a r a
marrazo	m a r a s̺ o
marroi	m a r o i̯
marrubi	m a r u b i
marti	m a r t i
martitzen	m a r t i t͡s̻ e n
martopil	m a r t o p i l
martxo	m a r t͡ʃ o
marxista	m a r ʃ i s̺ t a
maskulinotasun	m a s̺ k u l i n o t a s̺ u n
masturba	m a s̺ t u r b a
masturbatu	m a s̺ t u r b a t u
masturbazio	m a s̺ t u r b a s̺ i o
masusta	m a s̺ u s̺ t a
masustondo	m a s̺ u s̺ t o n d o
matxinada	m a t͡ʃ i n a d a
matxinatu	m a t͡ʃ i n a t u
matxino	m a t͡ʃ i n o
mauka	m a u̯ k a
mauser	m a u̯ s̺ e r
mazedoniera	m a s̺ e d o n i e ɾ a
mea	m e a
meatze	m e a t͡s̻ e
mediku	m e d i k u
mehatxatu	m e a t͡ʃ a t u
mehatxu	m e a t͡ʃ u
mehe	m e
mekanizatu	m e k a n i s̺ a t u
mekanizazio	m e k a n i s̺ a s̺ i o
menda	m e n d a
mendate	m e n d a t e
mendebal	m e n d e b a l
mendi	m e n d i
menditsu	m e n d i t͡s̺ u
merkatu	m e r k a t u
merkatü	m e r k a t y
merke	m e r k e
merkhatü	m e r kʰ a t y
mertxika	m e r t͡ʃ i k a
mertxikondo	m e r t͡ʃ i k o n d o
mesede	m e s̺ e d e
mesedez	m e s̺ e d e s̺
meza	m e s̺ a
mezu	m e s̺ u
mezulari	m e s̺ u l a ɾ i
mezularitza	m e s̺ u l a ɾ i t͡s̻ a
mihi	m i
mihura	m i h u ɾ a
mika	m i k a
mila	m i l a
milesker	m i l e s̺ k e r
militarismo	m i l i t a ɾ i s̺ m o
militariza	m i l i t a ɾ i s̺ a
militarizatu	m i l i t a ɾ i s̺ a t u
militarizazio	m i l i t a ɾ i s̺ a s̺ i o
min	m i n
mina	m i n a
minatu	m i n a t u
minbizi	m i m b i s̺ i
minbizidun	m i m b i s̺ i d u n
mindu	m i n d u
mingrana	m i n ɡ r a n a
mintzatu	m i n t͡s̻ a t u
mirabe	m i ɾ a b e
miretsi	m i ɾ e t͡s̺ i
misantropo	m i s̺ a n t r o p o
misantropok	m i s̺ a n t r o p o k
misantropotzat	m i s̺ a n t r o p o t͡s̻ a t
misil	m i s̺ i l
mitiko	m i t i k o
mito	m i t o
mizpira	m i s̺ p i ɾ a
mizpirondo	m i s̺ p i ɾ o n d o
modifika	m o d i f i k a
modifikatu	m o d i f i k a t u
modifikazio	m o d i f i k a s̺ i o
modu	m o d u
moduko	m o d u k o
momentu	m o m e n t u
monarka	m o n a r k a
monarkia	m o n a r k i a
monarkiko	m o n a r k i k o
monasterio	m o n a s̺ t e ɾ i o
mongoliar	m o n ɡ o l i a r
mongoliera	m o n ɡ o l i e ɾ a
monitore	m o n i t o ɾ e
moralitate	m o ɾ a l i t a t e
more	m o ɾ e
mosketari	m o s̺ k e t a ɾ i
mota	m o t a
motozikleta	m o t o s̺ i k l e t a
motz	m o t͡s̻
mozkor	m o s̺ k o r
mozorro	m o s̺ o r o
moztu	m o s̺ t u
muga	m u ɡ a
mugagabe	m u ɡ a ɡ a b e
mugimendu	m u ɡ i m e n d u
mugitu	m u ɡ i t u
mugurdi	m u ɡ u r d i
muino	m u i̯ n o
multinazional	m u l t i n a s̻ i o n a l
multzo	m u l t͡s̻ o
mundu	m u n d u
murtxikatu	m u r t͡ʃ i k a t u
musika	m u s̺ i k a
musikazale	m u s̺ i k a s̺ a l e
musker	m u s̺ k e r
muskertu	m u s̺ k e r t u
mutiko	m u t i k o
mutil	m u t i l
naba	n a b a
nabar	n a b a r
nabaritu	n a b a ɾ i t u
nabil	n a b i l
nabilek	n a b i l e k
nabilen	n a b i l e n
nabilke	n a b i l k e
nabilkek	n a b i l k e k
nabilken	n a b i l k e n
nabilkiake	n a b i l k i a k e
nabilkian	n a b i l k i a n
nabilkie	n a b i l k i e
nabilkiek	n a b i l k i e k
nabilkieke	n a b i l k i e k e
nabilkiekek	n a b i l k i e k e k
nabilkieken	n a b i l k i e k e n
nabilkien	n a b i l k i e n
nabilkik	n a b i l k i k
nabilkin	n a b i l k i n
nabilkinake	n a b i l k i n a k e
nabilkinan	n a b i l k i n a n
nabilkio	n a b i l k i o
nabilkiok	n a b i l k i o k
nabilkioke	n a b i l k i o k e
nabilkiokek	n a b i l k i o k e k
nabilkioken	n a b i l k i o k e n
nabilkion	n a b i l k i o n
nabilkizu	n a b i l k i s̺ u
nabilkizue	n a b i l k i s̺ u e
nabilkizueke	n a b i l k i s̺ u e k e
nabilkizuen	n a b i l k i s̺ u e n
nabilkizuke	n a b i l k i s̺ u k e
nabilkizun	n a b i l k i s̺ u n
nadila	n a d i l a
nadin	n a d i n
nafar	n a f a r
nago	n a ɡ o
nagoen	n a ɡ o e n
nagok	n a ɡ o k
nagoke	n a ɡ o k e
nagokek	n a ɡ o k e k
nagoken	n a ɡ o k e n
nagokiake	n a ɡ o k i a k e
nagokian	n a ɡ o k i a n
nagokie	n a ɡ o k i e
nagokiek	n a ɡ o k i e k
nagokieke	n a ɡ o k i e k e
nagokiekek	n a ɡ o k i e k e k
nagokieken	n a ɡ o k i e k e n
nagokien	n a ɡ o k i e n
nagokik	n a ɡ o k i k
nagokin	n a ɡ o k i n
nagokinake	n a ɡ o k i n a k e
nagokinan	n a ɡ o k i n a n
nagokio	n a ɡ o k i o
nagokiok	n a ɡ o k i o k
nagokioke	n a ɡ o k i o k e
nagokiokek	n a ɡ o k i o k e k
nagokioken	n a ɡ o k i o k e n
nagokion	n a ɡ o k i o n
nagokizu	n a ɡ o k i s̺ u
nagokizue	n a ɡ o k i s̺ u e
nagokizueke	n a ɡ o k i s̺ u e k e
nagokizuen	n a ɡ o k i s̺ u e n
nagokizuke	n a ɡ o k i s̺ u k e
nagokizun	n a ɡ o k i s̺ u n
nagon	n a ɡ o n
nagusi	n a ɡ u s̺ i
nahasi	n a h a s̺ i
nahasiki	n a h a s̺ i k i
nahasmen	n a h a s̺ m e n
nahi	n a h i
nahiko	n a h i k o
nahikoa	n a h i k o a
nahita	n a h i t a
naik	n a i̯ k
naikek	n a i̯ k e k
naiken	n a i̯ k e n
naiketek	n a i̯ k e t e k
naiketen	n a i̯ k e t e n
nain	n a i̯ n
naitek	n a i̯ t e k
naiteke	n a i̯ t e k e
naitekek	n a i̯ t e k e k
naiteken	n a i̯ t e k e n
naiten	n a i̯ t e n
naiz	n a i̯ s̺
naizateke	n a i̯ s̺ a t e k e
nakar	n a k a r
nakark	n a k a r k
nakarna	n a k a r n a
nakarrek	n a k a r e k
nakarren	n a k a r e n
nakarte	n a k a r t e
nakartek	n a k a r t e k
nakarten	n a k a r t e n
nakarzu	n a k a r s̺ u
nakarzue	n a k a r s̺ u e
nakie	n a k i e
nakien	n a k i e n
nakio	n a k i o
nakion	n a k i o n
nano	n a n o
narabil	n a ɾ a b i l
narabilek	n a ɾ a b i l e k
narabilen	n a ɾ a b i l e n
narabilk	n a ɾ a b i l k
narabilna	n a ɾ a b i l n a
narabilte	n a ɾ a b i l t e
narabiltek	n a ɾ a b i l t e k
narabilten	n a ɾ a b i l t e n
narabilzu	n a ɾ a b i l s̺ u
narabilzue	n a ɾ a b i l s̺ u e
narama	n a ɾ a m a
naramak	n a ɾ a m a k
naraman	n a ɾ a m a n
naramate	n a ɾ a m a t e
naramazu	n a ɾ a m a s̺ u
naramazue	n a ɾ a m a s̺ u e
nare	n a ɾ e
narea	n a ɾ e a
narraie	n a r a i̯ e
narraiek	n a r a i̯ e k
narraien	n a r a i̯ e n
narraik	n a r a i̯ k
narrain	n a r a i̯ n
narraio	n a r a i̯ o
narraiok	n a r a i̯ o k
narraion	n a r a i̯ o n
narraizu	n a r a i̯ s̺ u
narraizue	n a r a i̯ s̺ u e
nasa	n a s̺ a
nasai	n a s̺ a i̯
naski	n a s̺ k i
nator	n a t o r
natorke	n a t o r k e
natorkek	n a t o r k e k
natorken	n a t o r k e n
natorkiake	n a t o r k i a k e
natorkian	n a t o r k i a n
natorkie	n a t o r k i e
natorkiek	n a t o r k i e k
natorkieke	n a t o r k i e k e
natorkiekek	n a t o r k i e k e k
natorkieken	n a t o r k i e k e n
natorkien	n a t o r k i e n
natorkik	n a t o r k i k
natorkin	n a t o r k i n
natorkinake	n a t o r k i n a k e
natorkinan	n a t o r k i n a n
natorkio	n a t o r k i o
natorkiok	n a t o r k i o k
natorkioke	n a t o r k i o k e
natorkiokek	n a t o r k i o k e k
natorkioken	n a t o r k i o k e n
natorkion	n a t o r k i o n
natorkizu	n a t o r k i s̺ u
natorkizue	n a t o r k i s̺ u e
natorkizueke	n a t o r k i s̺ u e k e
natorkizuen	n a t o r k i s̺ u e n
natorkizuke	n a t o r k i s̺ u k e
natorkizun	n a t o r k i s̺ u n
natorrek	n a t o r e k
natorren	n a t o r e n
natxekie	n a t͡ʃ e k i e
natxekiek	n a t͡ʃ e k i e k
natxekien	n a t͡ʃ e k i e n
natxekik	n a t͡ʃ e k i k
natxekin	n a t͡ʃ e k i n
natxekio	n a t͡ʃ e k i o
natxekiok	n a t͡ʃ e k i o k
natxekion	n a t͡ʃ e k i o n
natxekizu	n a t͡ʃ e k i s̺ u
natxekizue	n a t͡ʃ e k i s̺ u e
natza	n a t͡s̻ a
natzaie	n a t͡s̻ a i̯ e
natzaiek	n a t͡s̻ a i̯ e k
natzaien	n a t͡s̻ a i̯ e n
natzaik	n a t͡s̻ a i̯ k
natzain	n a t͡s̻ a i̯ n
natzaio	n a t͡s̻ a i̯ o
natzaiok	n a t͡s̻ a i̯ o k
natzaion	n a t͡s̻ a i̯ o n
natzaizu	n a t͡s̻ a i̯ s̺ u
natzaizue	n a t͡s̻ a i̯ s̺ u e
natzak	n a t͡s̻ a k
natzan	n a t͡s̻ a n
nau	n a u̯
nauk	n a u̯ k
nauka	n a u̯ k a
naukak	n a u̯ k a k
naukan	n a u̯ k a n
naukate	n a u̯ k a t e
naukatek	n a u̯ k a t e k
naukaten	n a u̯ k a t e n
naukazu	n a u̯ k a s̺ u
naukazue	n a u̯ k a s̺ u e
nauke	n a u̯ k e
naukek	n a u̯ k e k
nauken	n a u̯ k e n
naukete	n a u̯ k e t e
naukezu	n a u̯ k e s̺ u
naukezue	n a u̯ k e s̺ u e
naun	n a u̯ n
naute	n a u̯ t e
nauzu	n a u̯ s̺ u
nauzue	n a u̯ s̺ u e
nazaala	n a s̺ a a l a
nazaan	n a s̺ a a n
nazagu	n a s̺ a ɡ u
nazaguk	n a s̺ a ɡ u k
nazagun	n a s̺ a ɡ u n
nazagute	n a s̺ a ɡ u t e
nazagutek	n a s̺ a ɡ u t e k
nazaguten	n a s̺ a ɡ u t e n
nazaguzu	n a s̺ a ɡ u s̺ u
nazaguzue	n a s̺ a ɡ u s̺ u e
nazak	n a s̺ a k
nazake	n a s̺ a k e
nazakek	n a s̺ a k e k
nazaken	n a s̺ a k e n
nazakete	n a s̺ a k e t e
nazaketek	n a s̺ a k e t e k
nazaketen	n a s̺ a k e t e n
nazakezu	n a s̺ a k e s̺ u
nazakezue	n a s̺ a k e s̺ u e
nazala	n a s̺ a l a
nazan	n a s̺ a n
nazanala	n a s̺ a n a l a
nazanan	n a s̺ a n a n
nazatela	n a s̺ a t e l a
nazaten	n a s̺ a t e n
nazazu	n a s̺ a s̺ u
nazazue	n a s̺ a s̺ u e
nazazuela	n a s̺ a s̺ u e l a
nazazuen	n a s̺ a s̺ u e n
nazazula	n a s̺ a s̺ u l a
nazazun	n a s̺ a s̺ u n
nazioarteko	n a s̺ i o a r t e k o
nazional	n a s̺ i o n a l
nazionalismo	n a s̺ i o n a l i s̺ m o
nazionalista	n a s̺ i o n a l i s̺ t a
nazionalitate	n a s̺ i o n a l i t a t e
nazionalsozialismo	n a s̺ i o n a l s̺ o s̺ i a l i s̺ m o
nazkatu	n a s̺ k a t u
neba	n e b a
nederlandera	n e d e r l a n d e ɾ a
negian	n e ɡ i a n
negiean	n e ɡ i e a n
negien	n e ɡ i e n
negienan	n e ɡ i e n a n
negike	n e ɡ i k e
negikek	n e ɡ i k e k
negiken	n e ɡ i k e n
neginan	n e ɡ i n a n
negion	n e ɡ i o n
negitzaan	n e ɡ i t͡s̻ a a n
negitzake	n e ɡ i t͡s̻ a k e
negitzakek	n e ɡ i t͡s̻ a k e k
negitzaken	n e ɡ i t͡s̻ a k e n
negitzan	n e ɡ i t͡s̻ a n
negitzanan	n e ɡ i t͡s̻ a n a n
negizkian	n e ɡ i s̺ k i a n
negizkien	n e ɡ i s̺ k i e n
negizkinan	n e ɡ i s̺ k i ɲ a n
negizkion	n e ɡ i s̺ k i o n
negizkizuen	n e ɡ i s̺ k i s̺ u e n
negizkizun	n e ɡ i s̺ k i s̺ u n
negizuen	n e ɡ i s̺ u e n
negizun	n e ɡ i s̺ u n
negu	n e ɡ u
neguero	n e ɡ u e ɾ o
neguil	n e ɡ u i̯ l
nekarkian	n e k a r k i a n
nekarkiean	n e k a r k i e a n
nekarkien	n e k a r k i e n
nekarkienan	n e k a r k i e n a n
nekarkinan	n e k a r k i n a n
nekarkioan	n e k a r k i o a n
nekarkion	n e k a r k i o n
nekarkionan	n e k a r k i o n a n
nekarkizuen	n e k a r k i s̺ u e n
nekarkizun	n e k a r k i s̺ u n
nekarrean	n e k a r e a n
nekarren	n e k a r e n
nekarrenan	n e k a r e n a n
nekartzaan	n e k a r t͡s̻ a a n
nekartzan	n e k a r t͡s̻ a n
nekartzanan	n e k a r t͡s̻ a n a n
nekarzkian	n e k a r s̺ k i a n
nekarzkiean	n e k a r s̺ k i e a n
nekarzkien	n e k a r s̺ k i e n
nekarzkienan	n e k a r s̺ k i e n a n
nekarzkinan	n e k a r s̺ k i ɲ a n
nekarzkioan	n e k a r s̺ k i o a n
nekarzkion	n e k a r s̺ k i o n
nekarzkionan	n e k a r s̺ k i o n a n
nekarzkizuen	n e k a r s̺ k i s̺ u e n
nekarzkizun	n e k a r s̺ k i s̺ u n
nekatu	n e k a t u
nekazari	n e k a s̺ a ɾ i
nekazaritza	n e k a s̺ a ɾ i t͡s̻ a
neke	n e k e
nekian	n e k i a n
nekien	n e k i e n
nekike	n e k i k e
nekikek	n e k i k e k
nekiken	n e k i k e n
nekinan	n e k i n a n
nekizke	n e k i s̺ k e
nekizkek	n e k i s̺ k e k
nekizken	n e k i s̺ k e n
nekizkian	n e k i s̺ k i a n
nekizkien	n e k i s̺ k i e n
nekizkinan	n e k i s̺ k i ɲ a n
nekusaan	n e k u s̺ a a n
nekusan	n e k u s̺ a n
nekusanan	n e k u s̺ a n a n
nekusazke	n e k u s̺ a s̺ k e
nekusazkek	n e k u s̺ a s̺ k e k
nekusazken	n e k u s̺ a s̺ k e n
nekuske	n e k u s̺ k e
nekuskek	n e k u s̺ k e k
nekusken	n e k u s̺ k e n
nekuskian	n e k u s̺ k i a n
nekuskien	n e k u s̺ k i e n
nekuskinan	n e k u s̺ k i n a n
nenbilean	n e m b i l e a n
nenbilen	n e m b i l e n
nenbilenan	n e m b i l e n a n
nenbilke	n e m b i l k e
nenbilkean	n e m b i l k e a n
nenbilkeen	n e m b i l k e e n
nenbilkek	n e m b i l k e k
nenbilken	n e m b i l k e n
nenbilkenan	n e m b i l k e n a n
nenbilkiake	n e m b i l k i a k e
nenbilkiakeen	n e m b i l k i a k e e n
nenbilkian	n e m b i l k i a n
nenbilkiean	n e m b i l k i e a n
nenbilkieke	n e m b i l k i e k e
nenbilkiekean	n e m b i l k i e k e a n
nenbilkiekeen	n e m b i l k i e k e e n
nenbilkiekek	n e m b i l k i e k e k
nenbilkieken	n e m b i l k i e k e n
nenbilkiekenan	n e m b i l k i e k e n a n
nenbilkien	n e m b i l k i e n
nenbilkienan	n e m b i l k i e n a n
nenbilkinake	n e m b i l k i n a k e
nenbilkinakeen	n e m b i l k i n a k e e n
nenbilkinan	n e m b i l k i n a n
nenbilkioan	n e m b i l k i o a n
nenbilkioke	n e m b i l k i o k e
nenbilkiokean	n e m b i l k i o k e a n
nenbilkiokeen	n e m b i l k i o k e e n
nenbilkiokek	n e m b i l k i o k e k
nenbilkioken	n e m b i l k i o k e n
nenbilkiokenan	n e m b i l k i o k e n a n
nenbilkion	n e m b i l k i o n
nenbilkionan	n e m b i l k i o n a n
nenbilkizueke	n e m b i l k i s̺ u e k e
nenbilkizuekeen	n e m b i l k i s̺ u e k e e n
nenbilkizuen	n e m b i l k i s̺ u e n
nenbilkizuke	n e m b i l k i s̺ u k e
nenbilkizukeen	n e m b i l k i s̺ u k e e n
nenbilkizun	n e m b i l k i s̺ u n
nendila	n e n d i l a
nendin	n e n d i n
nengoan	n e n ɡ o a n
nengoen	n e n ɡ o e n
nengoke	n e n ɡ o k e
nengokean	n e n ɡ o k e a n
nengokeen	n e n ɡ o k e e n
nengokek	n e n ɡ o k e k
nengoken	n e n ɡ o k e n
nengokenan	n e n ɡ o k e n a n
nengokiake	n e n ɡ o k i a k e
nengokiakeen	n e n ɡ o k i a k e e n
nengokian	n e n ɡ o k i a n
nengokiean	n e n ɡ o k i e a n
nengokieke	n e n ɡ o k i e k e
nengokiekean	n e n ɡ o k i e k e a n
nengokiekeen	n e n ɡ o k i e k e e n
nengokiekek	n e n ɡ o k i e k e k
nengokieken	n e n ɡ o k i e k e n
nengokiekenan	n e n ɡ o k i e k e n a n
nengokien	n e n ɡ o k i e n
nengokienan	n e n ɡ o k i e n a n
nengokinake	n e n ɡ o k i n a k e
nengokinakeen	n e n ɡ o k i n a k e e n
nengokinan	n e n ɡ o k i n a n
nengokioan	n e n ɡ o k i o a n
nengokioke	n e n ɡ o k i o k e
nengokiokean	n e n ɡ o k i o k e a n
nengokiokeen	n e n ɡ o k i o k e e n
nengokiokek	n e n ɡ o k i o k e k
nengokioken	n e n ɡ o k i o k e n
nengokiokenan	n e n ɡ o k i o k e n a n
nengokion	n e n ɡ o k i o n
nengokionan	n e n ɡ o k i o n a n
nengokizueke	n e n ɡ o k i s̺ u e k e
nengokizuekeen	n e n ɡ o k i s̺ u e k e e n
nengokizuen	n e n ɡ o k i s̺ u e n
nengokizuke	n e n ɡ o k i s̺ u k e
nengokizukeen	n e n ɡ o k i s̺ u k e e n
nengokizun	n e n ɡ o k i s̺ u n
nengonan	n e n ɡ o n a n
nenkieke	n e n k i e k e
nenkiekek	n e n k i e k e k
nenkieken	n e n k i e k e n
nenkien	n e n k i e n
nenkioke	n e n k i o k e
nenkiokek	n e n k i o k e k
nenkioken	n e n k i o k e n
nenkion	n e n k i o n
nentorke	n e n t o r k e
nentorkean	n e n t o r k e a n
nentorkeen	n e n t o r k e e n
nentorkek	n e n t o r k e k
nentorken	n e n t o r k e n
nentorkenan	n e n t o r k e n a n
nentorkiake	n e n t o r k i a k e
nentorkiakeen	n e n t o r k i a k e e n
nentorkian	n e n t o r k i a n
nentorkiean	n e n t o r k i e a n
nentorkieke	n e n t o r k i e k e
nentorkiekean	n e n t o r k i e k e a n
nentorkiekeen	n e n t o r k i e k e e n
nentorkiekek	n e n t o r k i e k e k
nentorkieken	n e n t o r k i e k e n
nentorkiekenan	n e n t o r k i e k e n a n
nentorkien	n e n t o r k i e n
nentorkienan	n e n t o r k i e n a n
nentorkinake	n e n t o r k i n a k e
nentorkinakeen	n e n t o r k i n a k e e n
nentorkinan	n e n t o r k i n a n
nentorkioan	n e n t o r k i o a n
nentorkioke	n e n t o r k i o k e
nentorkiokean	n e n t o r k i o k e a n
nentorkiokeen	n e n t o r k i o k e e n
nentorkiokek	n e n t o r k i o k e k
nentorkioken	n e n t o r k i o k e n
nentorkiokenan	n e n t o r k i o k e n a n
nentorkion	n e n t o r k i o n
nentorkionan	n e n t o r k i o n a n
nentorkizueke	n e n t o r k i s̺ u e k e
nentorkizuekeen	n e n t o r k i s̺ u e k e e n
nentorkizuen	n e n t o r k i s̺ u e n
nentorkizuke	n e n t o r k i s̺ u k e
nentorkizukeen	n e n t o r k i s̺ u k e e n
nentorkizun	n e n t o r k i s̺ u n
nentorrean	n e n t o r e a n
nentorren	n e n t o r e n
nentorrenan	n e n t o r e n a n
nentxekiake	n e n t͡ʃ e k i a k e
nentxekian	n e n t͡ʃ e k i a n
nentxekiean	n e n t͡ʃ e k i e a n
nentxekieke	n e n t͡ʃ e k i e k e
nentxekiekek	n e n t͡ʃ e k i e k e k
nentxekieken	n e n t͡ʃ e k i e k e n
nentxekien	n e n t͡ʃ e k i e n
nentxekienan	n e n t͡ʃ e k i e n a n
nentxekinake	n e n t͡ʃ e k i n a k e
nentxekinan	n e n t͡ʃ e k i n a n
nentxekioan	n e n t͡ʃ e k i o a n
nentxekioke	n e n t͡ʃ e k i o k e
nentxekiokek	n e n t͡ʃ e k i o k e k
nentxekioken	n e n t͡ʃ e k i o k e n
nentxekion	n e n t͡ʃ e k i o n
nentxekionan	n e n t͡ʃ e k i o n a n
nentxekizueke	n e n t͡ʃ e k i s̺ u e k e
nentxekizuen	n e n t͡ʃ e k i s̺ u e n
nentxekizuke	n e n t͡ʃ e k i s̺ u k e
nentxekizun	n e n t͡ʃ e k i s̺ u n
nentzaan	n e n t͡s̻ a a n
nentzake	n e n t͡s̻ a k e
nentzakek	n e n t͡s̻ a k e k
nentzaken	n e n t͡s̻ a k e n
nentzan	n e n t͡s̻ a n
nentzanan	n e n t͡s̻ a n a n
nentzuan	n e n t͡s̻ u a n
nentzuen	n e n t͡s̻ u e n
nentzuke	n e n t͡s̻ u k e
nentzukek	n e n t͡s̻ u k e k
nentzuken	n e n t͡s̻ u k e n
nentzunan	n e n t͡s̻ u n a n
nentzuzke	n e n t͡s̻ u s̺ k e
nentzuzkek	n e n t͡s̻ u s̺ k e k
nentzuzken	n e n t͡s̻ u s̺ k e n
nentzuzkian	n e n t͡s̻ u s̺ k i a n
nentzuzkien	n e n t͡s̻ u s̺ k i e n
nentzuzkinan	n e n t͡s̻ u s̺ k i ɲ a n
nenufar	n e n u f a r
neon	n e o n
nerabe	n e ɾ a b e
nerabilean	n e ɾ a b i l e a n
nerabilen	n e ɾ a b i l e n
nerabilenan	n e ɾ a b i l e n a n
nerabilkiean	n e ɾ a b i l k i e a n
nerabilkienan	n e ɾ a b i l k i e n a n
nerabilkioan	n e ɾ a b i l k i o a n
nerabilkionan	n e ɾ a b i l k i o n a n
nerabiltzaan	n e ɾ a b i l t͡s̻ a a n
nerabiltzan	n e ɾ a b i l t͡s̻ a n
nerabiltzanan	n e ɾ a b i l t͡s̻ a n a n
nerabilzkiean	n e ɾ a b i l s̺ k i e a n
nerabilzkienan	n e ɾ a b i l s̺ k i e n a n
nerabilzkioan	n e ɾ a b i l s̺ k i o a n
nerabilzkionan	n e ɾ a b i l s̺ k i o n a n
nerakuske	n e ɾ a k u s̺ k e
nerakuskek	n e ɾ a k u s̺ k e k
nerakusken	n e ɾ a k u s̺ k e n
nerakuskian	n e ɾ a k u s̺ k i a n
nerakuskien	n e ɾ a k u s̺ k i e n
nerakuskinan	n e ɾ a k u s̺ k i n a n
nerakutsaan	n e ɾ a k u t͡s̺ a a n
nerakutsan	n e ɾ a k u t͡s̺ a n
nerakutsanan	n e ɾ a k u t͡s̺ a n a n
nerakutsazke	n e ɾ a k u t͡s̺ a s̻ k e
nerakutsazkek	n e ɾ a k u t͡s̺ a s̻ k e k
nerakutsazken	n e ɾ a k u t͡s̺ a s̻ k e n
neraman	n e ɾ a m a n
neramatzan	n e ɾ a m a t͡s̻ a n
neritzaan	n e ɾ i t͡s̻ a a n
neritzake	n e ɾ i t͡s̻ a k e
neritzakek	n e ɾ i t͡s̻ a k e k
neritzaken	n e ɾ i t͡s̻ a k e n
neritzan	n e ɾ i t͡s̻ a n
neritzanan	n e ɾ i t͡s̻ a n a n
neritzean	n e ɾ i t͡s̻ e a n
neritzeke	n e ɾ i t͡s̻ e k e
neritzekek	n e ɾ i t͡s̻ e k e k
neritzeken	n e ɾ i t͡s̻ e k e n
neritzen	n e ɾ i t͡s̻ e n
neritzenan	n e ɾ i t͡s̻ e n a n
neritzoan	n e ɾ i t͡s̻ o a n
neritzoke	n e ɾ i t͡s̻ o k e
neritzokek	n e ɾ i t͡s̻ o k e k
neritzoken	n e ɾ i t͡s̻ o k e n
neritzon	n e ɾ i t͡s̻ o n
neritzonan	n e ɾ i t͡s̻ o n a n
neritzueke	n e ɾ i t͡s̻ u e k e
neritzuen	n e ɾ i t͡s̻ u e n
neritzuke	n e ɾ i t͡s̻ u k e
neritzun	n e ɾ i t͡s̻ u n
nerizake	n e ɾ i s̺ a k e
nerizan	n e ɾ i s̺ a n
neriznake	n e ɾ i s̺ n a k e
neriznan	n e ɾ i s̺ n a n
neriztean	n e ɾ i s̺ t e a n
nerizteke	n e ɾ i s̺ t e k e
neriztekek	n e ɾ i s̺ t e k e k
nerizteken	n e ɾ i s̺ t e k e n
nerizten	n e ɾ i s̺ t e n
neriztenan	n e ɾ i s̺ t e n a n
neroaan	n e ɾ o a a n
neroake	n e ɾ o a k e
neroakek	n e ɾ o a k e k
neroaken	n e ɾ o a k e n
neroan	n e ɾ o a n
neroanan	n e ɾ o a n a n
neroatzaan	n e ɾ o a t͡s̻ a a n
neroatzan	n e ɾ o a t͡s̻ a n
neroatzanan	n e ɾ o a t͡s̻ a n a n
neroazke	n e ɾ o a s̺ k e
neroazkek	n e ɾ o a s̺ k e k
neroazken	n e ɾ o a s̺ k e n
neska	n e s̺ k a
neskatila	n e s̺ k a t i l a
neskenegun	n e s̺ k e n e ɡ u n
neu	n e u̯
neuk	n e u̯ k
neukaan	n e u̯ k a a n
neukake	n e u̯ k a k e
neukakek	n e u̯ k a k e k
neukaken	n e u̯ k a k e n
neukan	n e u̯ k a n
neukanan	n e u̯ k a n a n
neure	n e u̯ ɾ e
neurekin	n e u̯ ɾ e k i n
neuri	n e u̯ ɾ i
neurologia	n e u̯ ɾ o l o ɡ i a
neurozientzia	n e u̯ ɾ o s̺ i e n t͡s̻ i a
neurri	n e u̯ r i
neurtu	n e u̯ r t u
neuzkaan	n e u̯ s̺ k a a n
neuzkake	n e u̯ s̺ k a k e
neuzkakek	n e u̯ s̺ k a k e k
neuzkaken	n e u̯ s̺ k a k e n
neuzkan	n e u̯ s̺ k a n
neuzkanan	n e u̯ s̺ k a n a n
nezaguan	n e s̺ a ɡ u a n
nezaguen	n e s̺ a ɡ u e n
nezaguke	n e s̺ a ɡ u k e
nezagukek	n e s̺ a ɡ u k e k
nezaguken	n e s̺ a ɡ u k e n
nezagunan	n e s̺ a ɡ u n a n
nezaguzke	n e s̺ a ɡ u s̺ k e
nezaguzkek	n e s̺ a ɡ u s̺ k e k
nezaguzken	n e s̺ a ɡ u s̺ k e n
nezaguzkian	n e s̺ a ɡ u s̺ k i a n
nezaguzkien	n e s̺ a ɡ u s̺ k i e n
nezaguzkinan	n e s̺ a ɡ u s̺ k i ɲ a n
nezake	n e s̺ a k e
nezakean	n e s̺ a k e a n
nezakeen	n e s̺ a k e e n
nezakek	n e s̺ a k e k
nezaken	n e s̺ a k e n
nezakenan	n e s̺ a k e n a n
nezala	n e s̺ a l a
nezan	n e s̺ a n
ni	n i
nian	n i a n
niean	n i e a n
nieke	n i e k e
nien	n i e n
nienan	n i e n a n
niezaiekean	n i e s̺ a i̯ e k e a n
niezaiekenan	n i e s̺ a i̯ e k e n a n
niezaiokean	n i e s̺ a i̯ o k e a n
niezaiokenan	n i e s̺ a i̯ o k e n a n
niezazkiekean	n i e s̺ a s̺ k i e k e a n
niezazkiekenan	n i e s̺ a s̺ k i e k e n a n
niezazkiokean	n i e s̺ a s̺ k i o k e a n
niezazkiokenan	n i e s̺ a s̺ k i o k e n a n
nigan	n i ɡ a n
niharduan	n i a r d u a n
niharduen	n i a r d u e n
nihardukaan	n i a r d u k a a n
nihardukake	n i a r d u k a k e
nihardukakek	n i a r d u k a k e k
nihardukaken	n i a r d u k a k e n
nihardukan	n i a r d u k a n
nihardukanan	n i a r d u k a n a n
niharduke	n i a r d u k e
nihardukek	n i a r d u k e k
niharduken	n i a r d u k e n
nihardunan	n i a r d u n a n
nik	n i k
nikean	n i k e a n
nikek	n i k e k
niken	n i k e n
nikenan	n i k e n a n
ninan	n i n a n
nindekarnan	n i n d e k a r n a n
nindekarran	n i n d e k a r a n
nindekarrean	n i n d e k a r e a n
nindekarren	n i n d e k a r e n
nindekarrenan	n i n d e k a r e n a n
nindekartean	n i n d e k a r t e a n
nindekarten	n i n d e k a r t e n
nindekartenan	n i n d e k a r t e n a n
nindekarzuen	n i n d e k a r s̺ u e n
nindekarzun	n i n d e k a r s̺ u n
ninderabilan	n i n d e ɾ a b i l a n
ninderabilean	n i n d e ɾ a b i l e a n
ninderabilen	n i n d e ɾ a b i l e n
ninderabilenan	n i n d e ɾ a b i l e n a n
ninderabilnan	n i n d e ɾ a b i l n a n
ninderabiltean	n i n d e ɾ a b i l t e a n
ninderabilten	n i n d e ɾ a b i l t e n
ninderabiltenan	n i n d e ɾ a b i l t e n a n
ninderabilzuen	n i n d e ɾ a b i l s̺ u e n
ninderabilzun	n i n d e ɾ a b i l s̺ u n
ninderamaan	n i n d e ɾ a m a a n
ninderaman	n i n d e ɾ a m a n
ninderamanan	n i n d e ɾ a m a n a n
ninderamaten	n i n d e ɾ a m a t e n
ninderamazuen	n i n d e ɾ a m a s̺ u e n
ninderamazun	n i n d e ɾ a m a s̺ u n
ninderraiake	n i n d e r a i̯ a k e
ninderraian	n i n d e r a i̯ a n
ninderraiean	n i n d e r a i̯ e a n
ninderraieke	n i n d e r a i̯ e k e
ninderraiekek	n i n d e r a i̯ e k e k
ninderraieken	n i n d e r a i̯ e k e n
ninderraien	n i n d e r a i̯ e n
ninderraienan	n i n d e r a i̯ e n a n
ninderrainake	n i n d e r a i̯ n a k e
ninderrainan	n i n d e r a i̯ n a n
ninderraioan	n i n d e r a i̯ o a n
ninderraioke	n i n d e r a i̯ o k e
ninderraiokek	n i n d e r a i̯ o k e k
ninderraioken	n i n d e r a i̯ o k e n
ninderraion	n i n d e r a i̯ o n
ninderraionan	n i n d e r a i̯ o n a n
ninderraizueke	n i n d e r a i̯ s̺ u e k e
ninderraizuen	n i n d e r a i̯ s̺ u e n
ninderraizuke	n i n d e r a i̯ s̺ u k e
ninderraizun	n i n d e r a i̯ s̺ u n
nindezaguan	n i n d e s̺ a ɡ u a n
nindezaguen	n i n d e s̺ a ɡ u e n
nindezaguke	n i n d e s̺ a ɡ u k e
nindezagukek	n i n d e s̺ a ɡ u k e k
nindezaguken	n i n d e s̺ a ɡ u k e n
nindezagukete	n i n d e s̺ a ɡ u k e t e
nindezaguketek	n i n d e s̺ a ɡ u k e t e k
nindezaguketen	n i n d e s̺ a ɡ u k e t e n
nindezagukezu	n i n d e s̺ a ɡ u k e s̺ u
nindezagukezue	n i n d e s̺ a ɡ u k e s̺ u e
nindezagunan	n i n d e s̺ a ɡ u n a n
nindezagutean	n i n d e s̺ a ɡ u t e a n
nindezaguten	n i n d e s̺ a ɡ u t e n
nindezagutenan	n i n d e s̺ a ɡ u t e n a n
nindezaguzuen	n i n d e s̺ a ɡ u s̺ u e n
nindezaguzun	n i n d e s̺ a ɡ u s̺ u n
nindian	n i n d i a n
nindikean	n i n d i k e a n
nindikek	n i n d i k e k
nindiken	n i n d i k e n
nindikenan	n i n d i k e n a n
nindiketean	n i n d i k e t e a n
nindiketek	n i n d i k e t e k
nindiketen	n i n d i k e t e n
nindiketenan	n i n d i k e t e n a n
nindinan	n i n d i n a n
ninditean	n i n d i t e a n
ninditenan	n i n d i t e n a n
nindoaan	n i n d o a a n
nindoake	n i n d o a k e
nindoakean	n i n d o a k e a n
nindoakeen	n i n d o a k e e n
nindoakek	n i n d o a k e k
nindoaken	n i n d o a k e n
nindoakenan	n i n d o a k e n a n
nindoakiake	n i n d o a k i a k e
nindoakiakeen	n i n d o a k i a k e e n
nindoakian	n i n d o a k i a n
nindoakiean	n i n d o a k i e a n
nindoakieke	n i n d o a k i e k e
nindoakiekean	n i n d o a k i e k e a n
nindoakiekeen	n i n d o a k i e k e e n
nindoakiekek	n i n d o a k i e k e k
nindoakieken	n i n d o a k i e k e n
nindoakiekenan	n i n d o a k i e k e n a n
nindoakien	n i n d o a k i e n
nindoakienan	n i n d o a k i e n a n
nindoakinake	n i n d o a k i n a k e
nindoakinakeen	n i n d o a k i n a k e e n
nindoakinan	n i n d o a k i n a n
nindoakioan	n i n d o a k i o a n
nindoakioke	n i n d o a k i o k e
nindoakiokean	n i n d o a k i o k e a n
nindoakiokeen	n i n d o a k i o k e e n
nindoakiokek	n i n d o a k i o k e k
nindoakioken	n i n d o a k i o k e n
nindoakiokenan	n i n d o a k i o k e n a n
nindoakion	n i n d o a k i o n
nindoakionan	n i n d o a k i o n a n
nindoakizueke	n i n d o a k i s̺ u e k e
nindoakizuekeen	n i n d o a k i s̺ u e k e e n
nindoakizuen	n i n d o a k i s̺ u e n
nindoakizuke	n i n d o a k i s̺ u k e
nindoakizukeen	n i n d o a k i s̺ u k e e n
nindoakizun	n i n d o a k i s̺ u n
nindoan	n i n d o a n
nindoanan	n i n d o a n a n
ninduan	n i n d u a n
ninduen	n i n d u e n
nindukaan	n i n d u k a a n
nindukake	n i n d u k a k e
nindukakek	n i n d u k a k e k
nindukaken	n i n d u k a k e n
nindukakete	n i n d u k a k e t e
nindukaketek	n i n d u k a k e t e k
nindukaketen	n i n d u k a k e t e n
nindukakezu	n i n d u k a k e s̺ u
nindukakezue	n i n d u k a k e s̺ u e
nindukan	n i n d u k a n
nindukanan	n i n d u k a n a n
nindukatean	n i n d u k a t e a n
nindukaten	n i n d u k a t e n
nindukatenan	n i n d u k a t e n a n
nindukazuen	n i n d u k a s̺ u e n
nindukazun	n i n d u k a s̺ u n
ninduke	n i n d u k e
nindukean	n i n d u k e a n
nindukeen	n i n d u k e e n
nindukek	n i n d u k e k
ninduken	n i n d u k e n
nindukenan	n i n d u k e n a n
nindukete	n i n d u k e t e
ninduketen	n i n d u k e t e n
nindukezu	n i n d u k e s̺ u
nindukezue	n i n d u k e s̺ u e
nindukezuen	n i n d u k e s̺ u e n
nindukezun	n i n d u k e s̺ u n
nindunan	n i n d u n a n
ninduten	n i n d u t e n
ninduzuen	n i n d u s̺ u e n
ninduzun	n i n d u s̺ u n
ninteke	n i n t e k e
nintekean	n i n t e k e a n
nintekeen	n i n t e k e e n
nintekek	n i n t e k e k
ninteken	n i n t e k e n
nintekenan	n i n t e k e n a n
nintzaala	n i n t͡s̻ a a l a
nintzaan	n i n t͡s̻ a a n
nintzake	n i n t͡s̻ a k e
nintzakean	n i n t͡s̻ a k e a n
nintzakeen	n i n t͡s̻ a k e e n
nintzakek	n i n t͡s̻ a k e k
nintzaken	n i n t͡s̻ a k e n
nintzakenan	n i n t͡s̻ a k e n a n
nintzakete	n i n t͡s̻ a k e t e
nintzaketean	n i n t͡s̻ a k e t e a n
nintzaketek	n i n t͡s̻ a k e t e k
nintzaketen	n i n t͡s̻ a k e t e n
nintzaketenan	n i n t͡s̻ a k e t e n a n
nintzakezu	n i n t͡s̻ a k e s̺ u
nintzakezue	n i n t͡s̻ a k e s̺ u e
nintzakezuen	n i n t͡s̻ a k e s̺ u e n
nintzakezun	n i n t͡s̻ a k e s̺ u n
nintzala	n i n t͡s̻ a l a
nintzan	n i n t͡s̻ a n
nintzanala	n i n t͡s̻ a n a l a
nintzanan	n i n t͡s̻ a n a n
nintzateke	n i n t͡s̻ a t e k e
nintzatekeen	n i n t͡s̻ a t e k e e n
nintzatela	n i n t͡s̻ a t e l a
nintzaten	n i n t͡s̻ a t e n
nintzazuela	n i n t͡s̻ a s̺ u e l a
nintzazuen	n i n t͡s̻ a s̺ u e n
nintzazula	n i n t͡s̻ a s̺ u l a
nintzazun	n i n t͡s̻ a s̺ u n
nintzen	n i n t͡s̻ e n
nioan	n i o a n
nioke	n i o k e
nion	n i o n
nionan	n i o n a n
nirauan	n i ɾ a u̯ a n
nirauen	n i ɾ a u̯ e n
nirauke	n i ɾ a u̯ k e
niraukek	n i ɾ a u̯ k e k
nirauken	n i ɾ a u̯ k e n
niraunan	n i ɾ a u̯ n a n
nire	n i ɾ e
niregan	n i ɾ e ɡ a n
niro	n i ɾ o
niroan	n i ɾ o a n
niroen	n i ɾ o e n
nirok	n i ɾ o k
niron	n i ɾ o n
nironan	n i ɾ o n a n
nirudian	n i ɾ u d i a n
nirudien	n i ɾ u d i e n
nirudike	n i ɾ u d i k e
nirudikek	n i ɾ u d i k e k
nirudiken	n i ɾ u d i k e n
nirudinan	n i ɾ u d i n a n
nitan	n i t a n
nitian	n i t i a n
nitinan	n i t i n a n
nitizkean	n i t i s̺ k e a n
nitizkek	n i t i s̺ k e k
nitizken	n i t i s̺ k e n
nitizkenan	n i t i s̺ k e n a n
nitrogeno	n i t r o ɡ e n o
nituen	n i t u e n
nituzke	n i t u s̺ k e
nituzkeen	n i t u s̺ k e e n
nitzake	n i t͡s̻ a k e
nitzakean	n i t͡s̻ a k e a n
nitzakeen	n i t͡s̻ a k e e n
nitzakek	n i t͡s̻ a k e k
nitzaken	n i t͡s̻ a k e n
nitzakenan	n i t͡s̻ a k e n a n
nitzala	n i t͡s̻ a l a
nitzan	n i t͡s̻ a n
nizkian	n i s̺ k i a n
nizkiean	n i s̺ k i e a n
nizkien	n i s̺ k i e n
nizkienan	n i s̺ k i e n a n
nizkinan	n i s̺ k i ɲ a n
nizkioan	n i s̺ k i o a n
nizkion	n i s̺ k i o n
nizkionan	n i s̺ k i o n a n
nizkizuen	n i s̺ k i s̺ u e n
nizkizun	n i s̺ k i s̺ u n
nizuen	n i s̺ u e n
nizun	n i s̺ u n
noa	n o a
noak	n o a k
noake	n o a k e
noakek	n o a k e k
noaken	n o a k e n
noakiake	n o a k i a k e
noakian	n o a k i a n
noakie	n o a k i e
noakiek	n o a k i e k
noakieke	n o a k i e k e
noakiekek	n o a k i e k e k
noakieken	n o a k i e k e n
noakien	n o a k i e n
noakik	n o a k i k
noakin	n o a k i n
noakinake	n o a k i n a k e
noakinan	n o a k i n a n
noakio	n o a k i o
noakiok	n o a k i o k
noakioke	n o a k i o k e
noakiokek	n o a k i o k e k
noakioken	n o a k i o k e n
noakion	n o a k i o n
noakizu	n o a k i s̺ u
noakizue	n o a k i s̺ u e
noakizueke	n o a k i s̺ u e k e
noakizuen	n o a k i s̺ u e n
noakizuke	n o a k i s̺ u k e
noakizun	n o a k i s̺ u n
noan	n o a n
nogat	n o ɡ a t
noiz	n o i̯ s̺
noizarte	n o i̯ s̺ a r t e
noizdaino	n o i̯ s̺ d a ɲ o
noizko	n o i̯ s̺ k o
noiztsu	n o i̯ s̺ t͡s̻ u
nola	n o l a
nolako	n o l a k o
nolakotasun	n o l a k o t a s̺ u n
nolakotsu	n o l a k o t͡s̺ u
nominatibo	n o m i n a t i b o
non	n o n
nor	n o r
nora	n o ɾ a
norbait	n o r b a i̯ t
nori	n o ɾ i
nork	n o r k
nortzuk	n o r t͡s̻ u k
norvegiera	n o r b e ɡ i e ɾ a
noski	n o s̺ k i
nuen	n u e n
nuke	n u k e
nukeen	n u k e e n
oasi	o a s̺ i
objektifikatu	o b d͡ʒ e k t i f i k a t u
objektifikazio	o b d͡ʒ e k t i f i k a s̺ i o
objektu	o b j e k t u
odol	o d o l
odoltsu	o d o l t͡s̺ u
odolustu	o d o l u s̺ t u
odolzale	o d o l s̺ a l e
ofentsiba	o f e n t͡s̺ i b a
ogale	o ɡ a l e
ogasun	o ɡ a s̺ u n
ogerleko	o ɡ e r l e k o
ogi	o ɡ i
ogitarteko	o ɡ i t a r t e k o
ogro	o ɡ r o
oheratu	o e ɾ a t u
ohoin	o h o i̯ n
ohore	o h o ɾ e
oihan	o i̯ a n
oilar	o i̯ l a r
oilartu	o i̯ l a r t u
oilasko	o i̯ l a s̺ k o
oilaur	o i̯ l a u̯ r
oilo	o i̯ l o
oin	o i̯ n
oinarri	o i̯ n a r i
oinarrizko	o i̯ n a r i s̻ k o
oinetako	o i̯ n e t a k o
oinezko	o i̯ n e s̻ k o
oka	o k a
okela	o k e l a
okin	o k i n
okindegi	o k i n d e ɡ i
okzitaniera	o k s̺ i t a n i e ɾ a
olagarro	o l a ɡ a r o
oleazio	o l e a s̺ i o
olerkari	o l e r k a ɾ i
olerkaritza	o l e r k a ɾ i t͡s̻ a
olerki	o l e r k i
olerkigintza	o l e r k i ɡ i n t͡s̻ a
olibondo	o l i b o n d o
oligarka	o l i ɡ a r k a
oligarkia	o l i ɡ a r k i a
oligarkiko	o l i ɡ a r k i k o
olo	o l o
omen	o m e n
omonier	o m o n i e ɾ
on	o n
onartu	o n a r t u
onddo	o n ɟ o
onddoketari	o n ɟ o k e t a ɾ i
ondo	o n d o
ondoegi	o n d o e ɡ i
ondoen	o n d o e n
ondoren	o n d o ɾ e n
ondorio	o n d o ɾ i o
ongi	o n ɡ i
ongiegi	o n ɡ i e ɡ i
ongietorri	o n ɡ i e t o r i
ongizate	o n ɡ i s̺ a t e
onil	o n i l
ontzi	o n t͡s̻ i
opa	o p a
opagai	o p a ɡ a i̯
opagarri	o p a ɡ a r i
opaka	o p a k a
opakizun	o p a k i s̺ u n
opaku	o p a k u
opaldu	o p a l d u
opalo	o p a l o
opari	o p a ɾ i
oparigai	o p a ɾ i ɡ a i̯
oparitu	o p a ɾ i t u
oparo	o p a ɾ o
oparoaldi	o p a ɾ o a l d i
oparotasun	o p a ɾ o t a s̺ u n
oparotsu	o p a ɾ o t͡s̺ u
oparri	o p a r i
opatu	o p a t u
ope	o p e
opera	o p e ɾ a
operadore	o p e ɾ a d o ɾ e
operatibo	o p e ɾ a t i b o
operatu	o p e ɾ a t u
operatzaile	o p e ɾ a t͡s̻ a i̯ l e
operazio	o p e ɾ a s̺ i o
opereta	o p e ɾ e t a
operkulu	o p e r k u l u
opetsi	o p e t͡s̺ i
opil	o p i l
or	o ɾ
orain	o ɾ a i̯ n
oratu	o ɾ a t u
orburu	o r b u ɾ u
ordenagailu	o r d e n a ɡ a i̯ l u
ordenatu	o r d e n a t u
ordots	o r d o t͡s̺
ore	o ɾ e
orein	o ɾ e i̯ n
oreka	o ɾ e k a
oren	o ɾ e n
organiza	o r ɡ a n i s̺ a
organizatu	o r ɡ a n i s̺ a t u
organizazio	o r ɡ a n i s̺ a s̺ i o
orgasmo	o r ɡ a s̺ m o
orkatila	o r k a t i l a
orlegi	o r l e ɡ i
oro	o ɾ o
oroitu	o ɾ o i̯ t u
orokor	o ɾ o k o r
orpo	o r p o
orratz	o r a t͡s̻
orri	o r i
orrialde	o r i a l d e
orril	o r i l
ortzadar	o r t͡s̻ a d a r
ortzegun	o r t͡s̻ e ɡ u n
ortzi	o r t͡s̻ i
ortzirale	o r t͡s̻ i ɾ a l e
osaba	o s̺ a b a
osasun	o s̺ a s̺ u n
oskol	o s̺ k o l
oso	o s̺ o
osoki	o s̺ o k i
osoko	o s̺ o k o
ospatu	o s̺ p a t u
ospe	o s̺ p e
ospetsu	o s̺ p e t͡s̺ u
ospitale	o s̺ p i t a l e
ostadar	o s̺ t a d a r
oste	o s̺ t e
ostean	o s̺ t e a n
ostegun	o s̺ t e ɡ u n
ostegunero	o s̺ t e ɡ u n e ɾ o
ostiral	o s̺ t i ɾ a l
ostiralero	o s̺ t i ɾ a l e ɾ o
ostots	o s̺ t o t͡s̺
otarregile	o t a r e ɡ i l e
otarteko	o t a r t e k o
ote	o t e
oteka	o t e k a
otordu	o t o r d u
otsail	o t͡s̺ a i̯ l
otsalizar	o t͡s̺ a l i s̻ a r
otsein	o t͡s̺ e i̯ n
otso	o t͡s̺ o
otxar	o t͡ʃ a r
otxardi	o t͡ʃ a r d i
oxigeno	o k s̺ i x e n o
ozeano	o s̺ e a n o
ozpin	o s̺ p i n
oztin	o s̺ t i n
pago	p a ɡ o
paita	p a i̯ t a
pakete	p a k e t e
palestinar	p a l e s̺ t i n a r
pandemia	p a n d e m i a
panparroi	p a m p a r o i̯
papar	p a p a r
paper	p a p e ɾ
pasaporte	p a s̺ a p o r t e
pasatu	p a s̺ a t u
pase	p a s̺ e
paseko	p a s̺ e k o
patata	p a t a t a
pattal	p a c a l
pattaldu	p a c a l d u
patxaran	p a t͡ʃ a ɾ a n
pauso	p a u̯ s̺ o
pe	p e
peak	p e a k
pelikula	p e l i k u l a
penintsula	p e n i n t͡s̺ u l a
pentagrama	p e n t a ɡ r a m a
pentsaera	p e n t͡s̺ a e ɾ a
pentsatu	p e n t͡s̺ a t u
perla	p e r l a
perpaus	p e r p a u̯ s̺
perretxiko	p e r e t͡ʃ i k o
pertsonal	p e r t͡s̺ o n a l
pika	p i k a
pikondo	p i k o n d o
piku	p i k u
pila	p i l a
pilota	p i l o t a
pilotaleku	p i l o t a l e k u
pinaburu	p i n a b u ɾ u
pinpilinpauxa	p i m p i l i m p a u̯ ʃ a
pintxo	p i n t͡ʃ o
pinu	p i n u
piraña	p i ɾ a ɲ a
pistoi	p i s̺ t o i̯
pistola	p i s̺ t o l a
pisu	p i s̺ u
pixa	p i ʃ a
piztu	p i s̺ t u
plaia	p l a i̯ a
plangintza	p l a n ɡ i n t͡s̻ a
planta	p l a n t a
plantain	p l a n t a i̯ n
plastiko	p l a s̺ t i k o
plater	p l a t e ɾ
plaza	p l a s̺ a
plutokrazia	p l u t o k r a s̺ i a
pobrezia	p o b r e s̺ i a
poeta	p o e t a
poker	p o k e r
polaritate	p o l a ɾ i t a t e
polariza	p o l a ɾ i s̺ a
polarizatu	p o l a ɾ i s̺ a t u
polarizazio	p o l a ɾ i s̺ a s̺ i o
polen	p o l e n
polit	p o l i t
politikari	p o l i t i k a ɾ i
politiko	p o l i t i k o
polje	p o ʎ e
poloniera	p o l o n i e ɾ a
poltsa	p o l t͡s̺ a
ponte	p o n t e
porlan	p o r l a n
pornografia	p o r n o ɡ r a f i a
pornografiko	p o r n o ɡ r a f i k o
porrot	p o r o t
porru	p o r u
porrusalda	p o r u s̺ a l d a
portugaldar	p o r t u ɡ a l d a r
portugalera	p o r t u ɡ a l e ɾ a
portuges	p o r t u ɡ e s̺
potasio	p o t a s̺ i o
potentzia	p o t e n t͡s̻ i a
potolo	p o t o l o
pozoi	p o s̺ o i̯
pozoidun	p o s̺ o i̯ d u n
pozoidura	p o s̻ o i̯ d u ɾ a
pozoitasun	p o s̻ o i̯ t a s̺ u n
pozoitsu	p o s̻ o i̯ t͡s̺ u
pozoitu	p o s̺ o i̯ t u
prepuzio	p r e p u s̺ i o
presa	p r e s̺ a
presidente	p r e s̺ i d e n t e
primadera	p r i m a d e ɾ a
primerako	p r i m e ɾ a k o
primeran	p r i m e ɾ a n
probabilitate	p r o b a b i l i t a t e
probintzia	p r o b i n t͡s̻ i a
produktibo	p r o d u k t i b o
produkzio	p r o d u k s̺ i o
produzi	p r o d u s̺ i
prostituzio	p r o s̺ t i t u s̺ i o
psikologia	s̺ i k o l o ɡ i a
publizitate	p u b l i s̺ i t a t e
punta	p u n t a
puntu	p u n t u
purifikatu	p u ɾ i f i k a t u
purifikazio	p u ɾ i f i k a s̺ i o
puta	p u t a
putakume	p u t a k u m e
putetxe	p u t e t͡ʃ e
putre	p u t r e
putzu	p u t͡s̻ u
qatartar	k a t a r t a r
quad	k w a d
quantum	k w a n t u m
quark	k w a r k
quasar	k w a s̺ a r
quebectar	k e b e k t a r
quorum	k w o ɾ u m
rabbi	r a b i
radar	r a d a r
radian	r a d i a n
radio	r a d i o
radon	r a d o n
raid	r a i̯ d
raja	r a d͡ʒ a
ralenti	r a l e n t i
rally	r a l i
ramadan	r a m a d a n
rand	r a n d
rankin	r a n k i n
ranking	r a n k i n
rantxera	r a n t͡ʃ e ɾ a
rap	r a p
rapanui	r a p a n u i̯
rappel	r a p e l
rapsoda	r a p s̺ o d a
rapsodia	r a p s̺ o d j a
razionalismo	r a s̺ i o n a l i s̺ m o
requiem	r e k i e m
robot	r o b o t
robotika	r o b o t i k a
sabel	s̺ a b e l
sable	s̺ a b l e
sagar	s̺ a ɡ a r
sagardo	s̺ a ɡ a r d o
sagardogile	s̺ a ɡ a r d o ɡ i l e
sagarrondo	s̺ a ɡ a r o n d o
sagu	s̺ a ɡ u
saguzar	s̺ a ɡ u s̺ a r
sahats	s̺ a h a t͡s̺
saiatu	s̺ a i̯ a t u
sail	s̺ a i̯ l
saio	s̺ a i̯ o
sakela	s̺ a k e l a
sakon	s̺ a k o n
sakonera	s̺ a k o n e ɾ a
salatu	s̺ a l a t u
salbatu	s̺ a l b a t u
saldu	s̺ a l d u
salmenta	s̺ a l m e n t a
saltxitxa	s̺ a l t͡ʃ i t͡ʃ a
saltzaile	s̺ a l t͡s̻ a i̯ l e
sama	s̺ a m a
samar	s̺ a m a r
sanroke	s̺ a n r o k e
santutegi	s̺ a n t u t e ɡ i
sardexka	s̺ a r d e ʃ k a
sari	s̺ a ɾ i
sarraila	s̺ a r a i̯ l a
sarrera	s̺ a r e ɾ a
sarri	s̺ a r i
sartalde	s̺ a r t a l d e
sartu	s̺ a r t u
sasi	s̺ a s̺ i
sasoi	s̺ a s̺ o i̯
satandre	s̺ a t a n d r e
satitsu	s̺ a t i t͡s̺ u
sator	s̺ a t o r
satsu	s̺ a t͡s̺ u
segitu	s̺ e ɡ i t u
segurtatu	s̺ e ɡ u r t a t u
seguru	s̺ e ɡ u ɾ u
sei	s̺ e i̯
seigarren	s̺ e i̯ ɡ a r e n
seikoitz	s̺ e i̯ k o i̯ t͡s̻
seiren	s̺ e i̯ ɾ e n
sekretu	s̺ e k r e t u
sekularismo	s̺ e k u l a ɾ i s̺ m o
semaforo	s̺ e m a f o ɾ o
seme	s̺ e m e
senar	s̺ e n a r
senargai	s̺ e n a r ɡ a i̯
sendi	s̺ e n d i
senide	s̺ e n i d e
senidetasun	s̺ e n i d e t a s̺ u n
separa	s̺ e p a ɾ a
separatu	s̺ e p a ɾ a t u
separazio	s̺ e p a ɾ a s̺ i o
serafin	s̺ e ɾ a f i n
serbiera	s̺ e r b i e ɾ a
serbokroaziera	s̺ e r b o k r o a s̻ i e ɾ a
setemere	s̺ e t e m e ɾ e
setio	s̺ e t i o
sexismo	s̺ e k s̺ i s̺ m o
sexu	s̺ e ʃ u
sexualitate	s̺ e k s̺ u a l i t a t e
sinatu	s̺ i n a t u
sinekdoke	s̺ i n e k d o k e
sinestezin	s̺ i n e s̺ t e s̻ i n
sits	s̺ i t͡s̺
siziliera	s̺ i s̺ i l i e ɾ a
ska	e s̺ k a
skate	e s̺ k e i̯ t
skater	e s̺ k e i̯ t e r
slogan	e s̺ l o ɡ a n
so	s̺ o
soil	s̺ o i̯ l
soilik	s̺ o i̯ l i k
soin	s̺ o i̯ n
soinu	s̺ o i̯ n u
soka	s̺ o k a
sokamutur	s̺ o k a m u t u r
soldadu	s̺ o l d a d u
somaliera	s̺ o m a l i e ɾ a
sor	s̺ o r
sorbalda	s̺ o r b a l d a
sorgin	s̺ o r ɡ i n
sortalde	s̺ o r t a l d e
sortu	s̺ o r t u
sozial	s̺ o s̺ i a l
sozialismo	s̺ o s̺ i a l i s̺ m o
sozialista	s̺ o s̺ i a l i s̺ t a
squash	e s̺ k w a ʃ
su	s̺ u
sudur	s̺ u d u r
suebaki	s̺ u e b a k i
suediera	s̺ u e d i e ɾ a
sufre	s̺ u f r e
suge	s̺ u ɡ e
suharri	s̺ u a r i
suhi	s̺ u h i
suhiltzaile	s̺ u h i l t͡s̻ a i̯ l e
sukaldari	s̺ u k a l d a ɾ i
sukalde	s̺ u k a l d e
suma	s̺ u m a
sumendi	s̺ u m e n d i
suntsipen	s̺ u n t͡s̺ i p e n
suntsitu	s̺ u n t͡s̺ i t u
supazter	s̺ u p a s̺ t e r
sur	s̺ u r
sushi	s̺ u ʃ i
susmo	s̺ u s̺ m o
sutegi	s̺ u t e ɡ i
sutu	s̺ u t u
sü	s̺ y
ta	t a
taberna	t a b e r n a
tailandiera	t a i̯ l a n d i e ɾ a
talde	t a l d e
talka	t a l k a
talo	t a l o
tamaina	t a m a i̯ n a
taratulu	t a ɾ a t u l u
tarte	t a r t e
tarteka	t a r t e k a
tatami	t a t a m i
taupada	t a u̯ p a d a
taupadaka	t a u̯ p a d a k a
tauromakia	t a u̯ ɾ o m a k i a
taxilari	t a k s̺ i l a ɾ i
te	t e
teilatu	t e i̯ l a t u
tek	t e k
tekla	t e k l a
teknokrazia	t e k n o k r a s̺ i a
teknologia	t e k n o l o ɡ i a
teko	t e k o
teleaulki	t e l e a u̯ l k i
telebista	t e l e b i s̺ t a
telezabor	t e l e s̺ a b o r
teokrazia	t e o k r a s̺ i a
teologo	t e o l o ɡ o
terrorismo	t e r o ɾ i s̺ m o
testuinguru	t e s̺ t u i̯ n ɡ u ɾ u
tibia	t i b i a
tigre	t i ɡ r e
tigrea	t i ɡ r e a
tigreari	t i ɡ r e a ɾ i
tigrez	t i ɡ r e s̺
tinda	t i n d a
tindagai	t i n d a ɡ a i̯
tindatu	t i n d a t u
tipula	t i p u l a
tiro	t i ɾ o
tirrin	t i r i n
titulu	t i t u l u
tobera	t o b e ɾ a
toki	t o k i
tokik	t o k i k
tomate	t o m a t e
tona	t o n a
tontor	t o n t o r
tonu	t o n u
tonuerdi	t o n u e r d i
topa	t o p a
tori	t o ɾ i
tradizio	t r a d i s̺ i o
tradizional	t r a d i s̺ i o n a l
trafiko	t r a f i k o
traiektoria	t r a i̯ e k t o ɾ i a
trakea	t r a k e a
tramankulu	t r a m a n k u l u
tramankuluk	t r a m a n k u l u k
tramankuluren	t r a m a n k u l u ɾ e n
tramankulurik	t r a m a n k u l u ɾ i k
tramankulutzat	t r a m a n k u l u t͡s̻ a t
tranpa	t r a m p a
tren	t r e n
trenbide	t r e m b i d e
trepeta	t r e p e t a
tresna	t r e s̺ n a
trinitate	t r i n i t a t e
tronboi	t r o m b o i̯
tronu	t r o n u
truke	t r u k e
trukean	t r u k e a n
ttantta	c a n c a
ttipi	c i p i
turkiar	t u r k i a r
turkiera	t u r k i e ɾ a
turkmenera	t u r k m e n e ɾ a
tutu	t u t u
txahal	t͡ʃ a h a l
txahalki	t͡ʃ a h a l k i
txakaviera	t͡ʃ a k a b i e ɾ a
txakhür	t͡ʃ a kʰ y r
txakolin	t͡ʃ a k o l i n
txakur	t͡ʃ a k u r
txakurkume	t͡ʃ a k u r k u m e
txalupa	t͡ʃ a l u p a
txamarra	t͡ʃ a m a r a
txanda	t͡ʃ a n d a
txantxa	t͡ʃ a n t͡ʃ a
txantxangorri	t͡ʃ a n t͡ʃ a n ɡ o r i
txapel	t͡ʃ a p e l
txapeldun	t͡ʃ a p e l d u n
txapelketa	t͡ʃ a p e l k e t a
txar	t͡ʃ a r
txarrama	t͡ʃ a r a m a
txarri	t͡ʃ a r i
txartel	t͡ʃ a r t e l
txatxar	t͡ʃ a t͡ʃ a r
txatxarkeria	t͡ʃ a t͡ʃ a r k e ɾ i a
txekiera	t͡ʃ e k i e ɾ a
txermen	t͡ʃ e r m e n
txerri	t͡ʃ e r i
txerrik	t͡ʃ e r i k
txerriki	t͡ʃ e r i k i
txerrikume	t͡ʃ e r i k u m e
txerto	t͡ʃ e r t o
txetnik	t͡ʃ e t n i k
txibia	t͡ʃ i b i a
txigorgailu	t͡ʃ i ɡ o r ɡ a i̯ l u
txiki	t͡ʃ i k i
txikoria	t͡ʃ i k o ɾ i a
tximeleta	t͡ʃ i m e l e t a
tximinia	t͡ʃ i m i n i a
tximino	t͡ʃ i m i n o
tximista	t͡ʃ i m i s̺ t a
tximitxa	t͡ʃ i m i t͡ʃ a
txinera	t͡ʃ i n e ɾ a
txingor	t͡ʃ i n ɡ o r
txingurri	t͡ʃ i n ɡ u r i
txipiroi	t͡ʃ i p i ɾ o i̯
txirrin	t͡ʃ i r i n
txirrindu	t͡ʃ i r i n d u
txirrindulari	t͡ʃ i r i n d u l a ɾ i
txirrindularitza	t͡ʃ i r i n d u l a ɾ i t͡s̻ a
txiste	t͡ʃ i s̺ t e
txistu	t͡ʃ i s̺ t u
txiza	t͡ʃ i s̺ a
txoke	t͡ʃ o k e
txokolate	t͡ʃ o k o l a t e
txori	t͡ʃ o ɾ i
txorizo	t͡ʃ o ɾ i s̺ o
txotx	t͡ʃ o t͡ʃ
txukun	t͡ʃ u k u n
txuleta	t͡ʃ u l e t a
txuri	t͡ʃ u ɾ i
ubel	u b e l
uda	u d a
udaberri	u d a b e r i
udaberriro	u d a b e r i ɾ o
udal	u d a l
udalerri	u d a l e r i
udaletxe	u d a l e t͡ʃ e
udaltzain	u d a l t͡s̻ a i̯ n
udaltzainburu	u d a l t͡s̻ a i̯ m b u ɾ u
udaltzaingo	u d a l t͡s̻ a i̯ n ɡ o
udare	u d a ɾ e
udaro	u d a ɾ o
udazken	u d a s̺ k e n
udazkenero	u d a s̺ k e n e ɾ o
ugaldu	u ɡ a l d u
ugatz	u ɡ a t͡s̻
ugaztun	u ɡ a s̺ t u n
uhandre	u a n d r e
uharte	u a r t e
uhartedi	u a r t e d i
uhartegi	u a r t e ɡ i
uher	u e r
ukabil	u k a b i l
ukabilkada	u k a b i l k a d a
ukabilkatu	u k a b i l k a t u
ukan	u k a n
ukitu	u k i t u
ukondo	u k o n d o
ukrainera	u k r a i̯ n e ɾ a
ulertu	u l e r t u
ultzera	u l t͡s̻ e ɾ a
ulu	u l u
ume	u m e
umedun	u m e d u n
umezurztegi	u m e s̺ u r s̺ t e ɡ i
unibertsitate	u n i b e r t͡s̺ i t a t e
unide	u n i d e
unifika	u n i f i k a
untxi	u n t͡ʃ i
untxitegi	u n t͡ʃ i t e ɡ i
ur	u ɾ
urdandegi	u r d a n d e ɡ i
urdanga	u r d a n ɡ a
urde	u r d e
urdin	u r d i n
urin	u ɾ i n
urki	u r k i
urmael	u r m a e l
urrats	u r a t͡s̺
urratu	u r a t u
urre	u r e
urri	u r i
urrieta	u r i e t a
urril	u r i l
urtaro	u r t a ɾ o
urtarril	u r t a r i l
urte	u r t e
urtebete	u r t e b e t e
urtegi	u r t e ɡ i
urthe	u r tʰ e
urtu	u r t u
urtxintxa	u r t͡ʃ i n t͡ʃ a
urzo	u r s̺ o
usapal	u s̺ a p a l
usategi	u s̺ a t e ɡ i
uso	u s̺ o
ustel	u s̺ t e l
usteldu	u s̺ t e l d u
usteldura	u s̺ t e l d u ɾ a
utz	u t͡s̻
utzak	u t͡s̻ a k
utzan	u t͡s̻ a n
utzazkidak	u t͡s̻ a s̺ k i d a k
utzazkidan	u t͡s̻ a s̺ k i d a n
utzazkidazu	u t͡s̻ a s̺ k i d a s̺ u
utzazkidazue	u t͡s̻ a s̺ k i d a s̺ u e
utzazkiek	u t͡s̻ a s̺ k i e k
utzazkien	u t͡s̻ a s̺ k i e n
utzazkiezu	u t͡s̻ a s̺ k i e s̺ u
utzazkiezue	u t͡s̻ a s̺ k i e s̺ u e
utzazkiguk	u t͡s̻ a s̺ k i ɡ u k
utzazkigun	u t͡s̻ a s̺ k i ɡ u n
utzazkiguzu	u t͡s̻ a s̺ k i ɡ u s̺ u
utzazkiguzue	u t͡s̻ a s̺ k i ɡ u s̺ u e
utzazkiok	u t͡s̻ a s̺ k i o k
utzazkion	u t͡s̻ a s̺ k i o n
utzazkiozu	u t͡s̻ a s̺ k i o s̺ u
utzazkiozue	u t͡s̻ a s̺ k i o s̺ u e
utzazu	u t͡s̻ a s̺ u
utzazue	u t͡s̻ a s̺ u e
utzi	u t͡s̻ i
utziek	u t͡s̻ i e k
utzien	u t͡s̻ i e n
utziezu	u t͡s̻ i e s̺ u
utziezue	u t͡s̻ i e s̺ u e
utziok	u t͡s̻ i o k
utzion	u t͡s̻ i o n
utziozu	u t͡s̻ i o s̺ u
utziozue	u t͡s̻ i o s̺ u e
uve	u b e
uzbekera	u s̺ b e k e ɾ a
uzkuk	u s̺ k u k
uzkun	u s̺ k u n
uzkuzu	u s̺ k u s̺ u
uzkuzue	u s̺ k u s̺ u e
uzta	u s̺ t a
uztail	u s̺ t a i̯ l
uztak	u s̺ t a k
uztan	u s̺ t a n
uztazu	u s̺ t a s̺ u
uztazue	u s̺ t a s̺ u e
uñhu	u ɲ ɦ ũ
vietnamdar	b i e t n a m d a r
vietnamera	b i e t n a m e ɾ a
wagnertar	b a ɡ n e r t a r
webgune	w e b ɡ u n e
xaboi	ʃ a b o i̯
xake	ʃ a k e
xakelari	ʃ a k e l a ɾ i
xanpu	ʃ a m p u
xurgagailu	ʃ u r ɡ a ɡ a i̯ l u
yarda	d͡ʒ a r d a
zabal	s̺ a b a l
zabaldu	s̺ a b a l d u
zabilek	s̺ a b i ʎ e k
zabilen	s̺ a b i ʎ e n
zabilkek	s̺ a b i l k e k
zabilken	s̺ a b i l k e n
zabilkidak	s̺ a b i l k i d a k
zabilkidakek	s̺ a b i l k i d a k e k
zabilkidaken	s̺ a b i l k i d a k e n
zabilkidan	s̺ a b i l k i d a n
zabilkiek	s̺ a b i l k i e k
zabilkiekek	s̺ a b i l k i e k e k
zabilkieken	s̺ a b i l k i e k e n
zabilkien	s̺ a b i l k i e n
zabilkiguk	s̺ a b i l k i ɡ u k
zabilkigukek	s̺ a b i l k i ɡ u k e k
zabilkiguken	s̺ a b i l k i ɡ u k e n
zabilkigun	s̺ a b i l k i ɡ u n
zabilkiok	s̺ a b i l k i o k
zabilkiokek	s̺ a b i l k i o k e k
zabilkioken	s̺ a b i l k i o k e n
zabilkion	s̺ a b i l k i o n
zabiltza	s̺ a b i l t͡s̻ a
zabiltzak	s̺ a b i l t͡s̻ a k
zabiltzan	s̺ a b i l t͡s̻ a n
zabiltzate	s̺ a b i l t͡s̻ a t e
zabiltzaten	s̺ a b i l t͡s̻ a t e n
zabilzke	s̺ a b i l s̺ k e
zabilzkek	s̺ a b i l s̺ k e k
zabilzken	s̺ a b i l s̺ k e n
zabilzkete	s̺ a b i l s̺ k e t e
zabilzkidak	s̺ a b i l s̺ k i d a k
zabilzkidake	s̺ a b i l s̺ k i d a k e
zabilzkidakek	s̺ a b i l s̺ k i d a k e k
zabilzkidaken	s̺ a b i l s̺ k i d a k e n
zabilzkidakete	s̺ a b i l s̺ k i d a k e t e
zabilzkidan	s̺ a b i l s̺ k i d a n
zabilzkidate	s̺ a b i l s̺ k i d a t e
zabilzkidaten	s̺ a b i l s̺ k i d a t e n
zabilzkie	s̺ a b i l s̺ k i e
zabilzkiek	s̺ a b i l s̺ k i e k
zabilzkieke	s̺ a b i l s̺ k i e k e
zabilzkiekek	s̺ a b i l s̺ k i e k e k
zabilzkieken	s̺ a b i l s̺ k i e k e n
zabilzkiekete	s̺ a b i l s̺ k i e k e t e
zabilzkien	s̺ a b i l s̺ k i e n
zabilzkiete	s̺ a b i l s̺ k i e t e
zabilzkieten	s̺ a b i l s̺ k i e t e n
zabilzkigu	s̺ a b i l s̺ k i ɡ u
zabilzkiguk	s̺ a b i l s̺ k i ɡ u k
zabilzkiguke	s̺ a b i l s̺ k i ɡ u k e
zabilzkigukek	s̺ a b i l s̺ k i ɡ u k e k
zabilzkiguken	s̺ a b i l s̺ k i ɡ u k e n
zabilzkigukete	s̺ a b i l s̺ k i ɡ u k e t e
zabilzkigun	s̺ a b i l s̺ k i ɡ u n
zabilzkigute	s̺ a b i l s̺ k i ɡ u t e
zabilzkiguten	s̺ a b i l s̺ k i ɡ u t e n
zabilzkio	s̺ a b i l s̺ k i o
zabilzkiok	s̺ a b i l s̺ k i o k
zabilzkioke	s̺ a b i l s̺ k i o k e
zabilzkiokek	s̺ a b i l s̺ k i o k e k
zabilzkioken	s̺ a b i l s̺ k i o k e n
zabilzkiokete	s̺ a b i l s̺ k i o k e t e
zabilzkion	s̺ a b i l s̺ k i o n
zabilzkiote	s̺ a b i l s̺ k i o t e
zabilzkioten	s̺ a b i l s̺ k i o t e n
zabilzkit	s̺ a b i l s̺ k i t
zabor	s̺ a b o r
zabortegi	s̺ a b o r t e ɡ i
zagiagu	s̺ a ɡ i a ɡ u
zagiat	s̺ a ɡ i a t
zagik	s̺ a ɡ i k
zagin	s̺ a ɡ i n
zaginagu	s̺ a ɡ i ɲ a ɡ u
zaginat	s̺ a ɡ i ɲ a t
zagitek	s̺ a ɡ i t e k
zagiten	s̺ a ɡ i t e n
zagitzaagu	s̺ a ɡ i t͡s̻ a a ɡ u
zagitzaat	s̺ a ɡ i t͡s̻ a a t
zagitzak	s̺ a ɡ i t͡s̻ a k
zagitzan	s̺ a ɡ i t͡s̻ a n
zagitzanagu	s̺ a ɡ i t͡s̻ a n a ɡ u
zagitzanat	s̺ a ɡ i t͡s̻ a n a t
zagitzatek	s̺ a ɡ i t͡s̻ a t e k
zagitzaten	s̺ a ɡ i t͡s̻ a t e n
zagok	s̺ a ɡ o k
zagokek	s̺ a ɡ o k e k
zagoken	s̺ a ɡ o k e n
zagokidak	s̺ a ɡ o k i d a k
zagokidakek	s̺ a ɡ o k i d a k e k
zagokidaken	s̺ a ɡ o k i d a k e n
zagokidan	s̺ a ɡ o k i d a n
zagokiek	s̺ a ɡ o k i e k
zagokiekek	s̺ a ɡ o k i e k e k
zagokieken	s̺ a ɡ o k i e k e n
zagokien	s̺ a ɡ o k i e n
zagokiguk	s̺ a ɡ o k i ɡ u k
zagokigukek	s̺ a ɡ o k i ɡ u k e k
zagokiguken	s̺ a ɡ o k i ɡ u k e n
zagokigun	s̺ a ɡ o k i ɡ u n
zagokiok	s̺ a ɡ o k i o k
zagokiokek	s̺ a ɡ o k i o k e k
zagokioken	s̺ a ɡ o k i o k e n
zagokion	s̺ a ɡ o k i o n
zagon	s̺ a ɡ o n
zagozkidak	s̺ a ɡ o s̺ k i d a k
zagozkidake	s̺ a ɡ o s̺ k i d a k e
zagozkidakek	s̺ a ɡ o s̺ k i d a k e k
zagozkidaken	s̺ a ɡ o s̺ k i d a k e n
zagozkidakete	s̺ a ɡ o s̺ k i d a k e t e
zagozkidan	s̺ a ɡ o s̺ k i d a n
zagozkidate	s̺ a ɡ o s̺ k i d a t e
zagozkidaten	s̺ a ɡ o s̺ k i d a t e n
zagozkie	s̺ a ɡ o s̺ k i e
zagozkiek	s̺ a ɡ o s̺ k i e k
zagozkieke	s̺ a ɡ o s̺ k i e k e
zagozkiekek	s̺ a ɡ o s̺ k i e k e k
zagozkieken	s̺ a ɡ o s̺ k i e k e n
zagozkiekete	s̺ a ɡ o s̺ k i e k e t e
zagozkien	s̺ a ɡ o s̺ k i e n
zagozkiete	s̺ a ɡ o s̺ k i e t e
zagozkieten	s̺ a ɡ o s̺ k i e t e n
zagozkigu	s̺ a ɡ o s̺ k i ɡ u
zagozkiguk	s̺ a ɡ o s̺ k i ɡ u k
zagozkiguke	s̺ a ɡ o s̺ k i ɡ u k e
zagozkigukek	s̺ a ɡ o s̺ k i ɡ u k e k
zagozkiguken	s̺ a ɡ o s̺ k i ɡ u k e n
zagozkigukete	s̺ a ɡ o s̺ k i ɡ u k e t e
zagozkigun	s̺ a ɡ o s̺ k i ɡ u n
zagozkigute	s̺ a ɡ o s̺ k i ɡ u t e
zagozkiguten	s̺ a ɡ o s̺ k i ɡ u t e n
zagozkio	s̺ a ɡ o s̺ k i o
zagozkiok	s̺ a ɡ o s̺ k i o k
zagozkioke	s̺ a ɡ o s̺ k i o k e
zagozkiokek	s̺ a ɡ o s̺ k i o k e k
zagozkioken	s̺ a ɡ o s̺ k i o k e n
zagozkiokete	s̺ a ɡ o s̺ k i o k e t e
zagozkion	s̺ a ɡ o s̺ k i o n
zagozkiote	s̺ a ɡ o s̺ k i o t e
zagozkioten	s̺ a ɡ o s̺ k i o t e n
zagozkit	s̺ a ɡ o s̺ k i t
zahar	s̺ a r
zahi	s̺ a i̯
zaidan	s̺ a i̯ d a n
zaie	s̺ a i̯ e
zaigu	s̺ a i̯ ɡ u
zaik	s̺ a i̯ k
zail	s̺ a i̯ l
zain	s̺ a i̯ n
zaindu	s̺ a i̯ n d u
zaingorri	s̺ a i̯ n ɡ o r i
zaintxuri	s̺ a i̯ n t͡ʃ u ɾ i
zaintzuri	s̺ a i̯ n t͡s̻ u ɾ i
zainurdin	s̺ a ɲ u r d i n
zainzuri	s̺ a i̯ n s̺ u ɾ i
zaio	s̺ a i̯ o
zait	s̺ a i̯ t
zaitez	s̺ a i̯ t e s̺
zaitezela	s̺ a i̯ t e s̺ e l a
zaitezen	s̺ a i̯ t e s̺ e n
zaitezke	s̺ a i̯ t e s̺ k e
zaitezkete	s̺ a i̯ t e s̺ k e t e
zaitezte	s̺ a i̯ t e s̺ t e
zaiteztela	s̺ a i̯ t e s̺ t e l a
zaitezten	s̺ a i̯ t e s̺ t e n
zaitu	s̺ a i̯ t u
zaitugu	s̺ a i̯ t u ɡ u
zaitut	s̺ a i̯ t u t
zaituzke	s̺ a i̯ t u s̺ k e
zaituzkegu	s̺ a i̯ t u s̺ k e ɡ u
zaituzket	s̺ a i̯ t u s̺ k e t
zaituzkete	s̺ a i̯ t u s̺ k e t e
zaituzketegu	s̺ a i̯ t u s̺ k e t e ɡ u
zaituzketet	s̺ a i̯ t u s̺ k e t e t
zaituzketete	s̺ a i̯ t u s̺ k e t e t e
zaituzte	s̺ a i̯ t u s̺ t e
zaituztegu	s̺ a i̯ t u s̺ t e ɡ u
zaituztet	s̺ a i̯ t u s̺ t e t
zaituztete	s̺ a i̯ t u s̺ t e t e
zaitzadala	s̺ a i̯ t͡s̻ a d a l a
zaitzadan	s̺ a i̯ t͡s̻ a d a n
zaitzagula	s̺ a i̯ t͡s̻ a ɡ u l a
zaitzagun	s̺ a i̯ t͡s̻ a ɡ u n
zaitzake	s̺ a i̯ t͡s̻ a k e
zaitzakegu	s̺ a i̯ t͡s̻ a k e ɡ u
zaitzaket	s̺ a i̯ t͡s̻ a k e t
zaitzakete	s̺ a i̯ t͡s̻ a k e t e
zaitzaketegu	s̺ a i̯ t͡s̻ a k e t e ɡ u
zaitzaketet	s̺ a i̯ t͡s̻ a k e t e t
zaitzaketete	s̺ a i̯ t͡s̻ a k e t e t e
zaitzala	s̺ a i̯ t͡s̻ a l a
zaitzan	s̺ a i̯ t͡s̻ a n
zaitzatedala	s̺ a i̯ t͡s̻ a t e d a l a
zaitzatedan	s̺ a i̯ t͡s̻ a t e d a n
zaitzategula	s̺ a i̯ t͡s̻ a t e ɡ u l a
zaitzategun	s̺ a i̯ t͡s̻ a t e ɡ u n
zaitzatela	s̺ a i̯ t͡s̻ a t e l a
zaitzaten	s̺ a i̯ t͡s̻ a t e n
zaitzatetela	s̺ a i̯ t͡s̻ a t e t e l a
zaitzateten	s̺ a i̯ t͡s̻ a t e t e n
zaizkie	s̺ a i̯ s̺ k i e
zaizkigu	s̺ a i̯ s̺ k i ɡ u
zaizkik	s̺ a i̯ s̺ k i k
zaizkin	s̺ a i̯ s̺ k i n
zaizkio	s̺ a i̯ s̺ k i o
zaizkit	s̺ a i̯ s̺ k i t
zaizkizu	s̺ a i̯ s̺ k i s̺ u
zaizkizue	s̺ a i̯ s̺ k i s̺ u e
zaizu	s̺ a i̯ s̺ u
zaizue	s̺ a i̯ s̺ u e
zakarkidak	s̺ a k a r k i d a k
zakarkidan	s̺ a k a r k i d a n
zakarkidatek	s̺ a k a r k i d a t e k
zakarkidaten	s̺ a k a r k i d a t e n
zakarkieagu	s̺ a k a r k i e a ɡ u
zakarkieat	s̺ a k a r k i e a t
zakarkiek	s̺ a k a r k i e k
zakarkien	s̺ a k a r k i e n
zakarkienagu	s̺ a k a r k i e n a ɡ u
zakarkienat	s̺ a k a r k i e n a t
zakarkietek	s̺ a k a r k i e t e k
zakarkieten	s̺ a k a r k i e t e n
zakarkiguk	s̺ a k a r k i ɡ u k
zakarkigun	s̺ a k a r k i ɡ u n
zakarkigutek	s̺ a k a r k i ɡ u t e k
zakarkiguten	s̺ a k a r k i ɡ u t e n
zakarkioagu	s̺ a k a r k i o a ɡ u
zakarkioat	s̺ a k a r k i o a t
zakarkiok	s̺ a k a r k i o k
zakarkion	s̺ a k a r k i o n
zakarkionagu	s̺ a k a r k i o n a ɡ u
zakarkionat	s̺ a k a r k i o n a t
zakarkiotek	s̺ a k a r k i o t e k
zakarkioten	s̺ a k a r k i o t e n
zakarreagu	s̺ a k a r e a ɡ u
zakarreat	s̺ a k a r e a t
zakarrek	s̺ a k a r e k
zakarren	s̺ a k a r e n
zakarrenagu	s̺ a k a r e n a ɡ u
zakarrenat	s̺ a k a r e n a t
zakartek	s̺ a k a r t e k
zakarten	s̺ a k a r t e n
zakartza	s̺ a k a r t͡s̻ a
zakartzaagu	s̺ a k a r t͡s̻ a a ɡ u
zakartzaat	s̺ a k a r t͡s̻ a a t
zakartzagu	s̺ a k a r t͡s̻ a ɡ u
zakartzak	s̺ a k a r t͡s̻ a k
zakartzan	s̺ a k a r t͡s̻ a n
zakartzanagu	s̺ a k a r t͡s̻ a n a ɡ u
zakartzanat	s̺ a k a r t͡s̻ a n a t
zakartzat	s̺ a k a r t͡s̻ a t
zakartzate	s̺ a k a r t͡s̻ a t e
zakartzatek	s̺ a k a r t͡s̻ a t e k
zakartzaten	s̺ a k a r t͡s̻ a t e n
zakarzkidak	s̺ a k a r s̺ k i d a k
zakarzkidan	s̺ a k a r s̺ k i d a n
zakarzkidatek	s̺ a k a r s̺ k i d a t e k
zakarzkidaten	s̺ a k a r s̺ k i d a t e n
zakarzkieagu	s̺ a k a r s̺ k i e a ɡ u
zakarzkieat	s̺ a k a r s̺ k i e a t
zakarzkiek	s̺ a k a r s̺ k i e k
zakarzkien	s̺ a k a r s̺ k i e n
zakarzkienagu	s̺ a k a r s̺ k i e n a ɡ u
zakarzkienat	s̺ a k a r s̺ k i e n a t
zakarzkietek	s̺ a k a r s̺ k i e t e k
zakarzkieten	s̺ a k a r s̺ k i e t e n
zakarzkiguk	s̺ a k a r s̺ k i ɡ u k
zakarzkigun	s̺ a k a r s̺ k i ɡ u n
zakarzkigutek	s̺ a k a r s̺ k i ɡ u t e k
zakarzkiguten	s̺ a k a r s̺ k i ɡ u t e n
zakarzkioagu	s̺ a k a r s̺ k i o a ɡ u
zakarzkioat	s̺ a k a r s̺ k i o a t
zakarzkiok	s̺ a k a r s̺ k i o k
zakarzkion	s̺ a k a r s̺ k i o n
zakarzkionagu	s̺ a k a r s̺ k i o n a ɡ u
zakarzkionat	s̺ a k a r s̺ k i o n a t
zakarzkiotek	s̺ a k a r s̺ k i o t e k
zakarzkioten	s̺ a k a r s̺ k i o t e n
zakarzte	s̺ a k a r s̺ t e
zakarztegu	s̺ a k a r s̺ t e ɡ u
zakarztet	s̺ a k a r s̺ t e t
zakarztete	s̺ a k a r s̺ t e t e
zakatz	s̺ a k a t͡s̻
zakhur	z a kʰ u r
zakiagu	s̺ a k i a ɡ u
zakiat	s̺ a k i a t
zakik	s̺ a k i k
zakil	s̺ a k i l
zakilkada	s̺ a k i l k a d a
zakin	s̺ a k i n
zakinagu	s̺ a k i ɲ a ɡ u
zakinat	s̺ a k i ɲ a t
zakitek	s̺ a k i t e k
zakiten	s̺ a k i t e n
zakizkiagu	s̺ a k i s̺ k i a ɡ u
zakizkiat	s̺ a k i s̺ k i a t
zakizkie	s̺ a k i s̺ k i e
zakizkien	s̺ a k i s̺ k i e n
zakizkiete	s̺ a k i s̺ k i e t e
zakizkik	s̺ a k i s̺ k i k
zakizkin	s̺ a k i s̺ k i n
zakizkinagu	s̺ a k i s̺ k i ɲ a ɡ u
zakizkinat	s̺ a k i s̺ k i ɲ a t
zakizkio	s̺ a k i s̺ k i o
zakizkion	s̺ a k i s̺ k i o n
zakizkiote	s̺ a k i s̺ k i o t e
zakizkitek	s̺ a k i s̺ k i t e k
zakizkiten	s̺ a k i s̺ k i t e n
zakur	s̺ a k u r
zakusaagu	s̺ a k u s̺ a a ɡ u
zakusaat	s̺ a k u s̺ a a t
zakusak	s̺ a k u s̺ a k
zakusan	s̺ a k u s̺ a n
zakusanagu	s̺ a k u s̺ a n a ɡ u
zakusanat	s̺ a k u s̺ a n a t
zakuskiagu	s̺ a k u s̺ k i a ɡ u
zakuskiat	s̺ a k u s̺ k i a t
zakuskik	s̺ a k u s̺ k i k
zakuskin	s̺ a k u s̺ k i n
zakuskinagu	s̺ a k u s̺ k i ɲ a ɡ u
zakuskinat	s̺ a k u s̺ k i ɲ a t
zalantza	s̺ a l a n t͡s̻ a
zalaparta	s̺ a l a p a r t a
zaldi	s̺ a l d i
zaldun	s̺ a l d u n
zaltu	s̺ a l t u
zama	s̺ a m a
zamar	s̺ a m a r
zamari	s̺ a m a ɾ i
zantzuagu	s̺ a n t͡s̻ u a ɡ u
zantzuat	s̺ a n t͡s̻ u a t
zantzuk	s̺ a n t͡s̻ u k
zantzun	s̺ a n t͡s̻ u n
zantzunagu	s̺ a n t͡s̻ u n a ɡ u
zantzunat	s̺ a n t͡s̻ u n a t
zantzutek	s̺ a n t͡s̻ u t e k
zantzuten	s̺ a n t͡s̻ u t e n
zantzuzkiagu	s̺ a n t͡s̻ u s̺ k i a ɡ u
zantzuzkiat	s̺ a n t͡s̻ u s̺ k i a t
zantzuzkik	s̺ a n t͡s̻ u s̺ k i k
zantzuzkin	s̺ a n t͡s̻ u s̺ k i n
zantzuzkinagu	s̺ a n t͡s̻ u s̺ k i ɲ a ɡ u
zantzuzkinat	s̺ a n t͡s̻ u s̺ k i ɲ a t
zantzuzkitek	s̺ a n t͡s̻ u s̺ k i t e k
zantzuzkiten	s̺ a n t͡s̻ u s̺ k i t e n
zapaburu	s̺ a p a b u ɾ u
zapaldu	s̺ a p a l d u
zapalkeria	s̻ a p a l k e ɾ i a
zapalketa	s̻ a p a l k e t a
zapalkuntza	s̻ a p a l k u n t͡s̻ a
zapata	s̺ a p a t a
zapatu	s̺ a p a t u
zara	s̺ a ɾ a
zarabileagu	s̺ a ɾ a b i ʎ e a ɡ u
zarabileat	s̺ a ɾ a b i ʎ e a t
zarabilek	s̺ a ɾ a b i ʎ e k
zarabilen	s̺ a ɾ a b i ʎ e n
zarabilenagu	s̺ a ɾ a b i ʎ e n a ɡ u
zarabilenat	s̺ a ɾ a b i ʎ e n a t
zarabilkiagu	s̺ a ɾ a b i l k i a ɡ u
zarabilkiat	s̺ a ɾ a b i l k i a t
zarabilkidatek	s̺ a ɾ a b i l k i d a t e k
zarabilkidaten	s̺ a ɾ a b i l k i d a t e n
zarabilkieagu	s̺ a ɾ a b i l k i e a ɡ u
zarabilkieat	s̺ a ɾ a b i l k i e a t
zarabilkiek	s̺ a ɾ a b i l k i e k
zarabilkien	s̺ a ɾ a b i l k i e n
zarabilkienagu	s̺ a ɾ a b i l k i e n a ɡ u
zarabilkienat	s̺ a ɾ a b i l k i e n a t
zarabilkietek	s̺ a ɾ a b i l k i e t e k
zarabilkieten	s̺ a ɾ a b i l k i e t e n
zarabilkigutek	s̺ a ɾ a b i l k i ɡ u t e k
zarabilkiguten	s̺ a ɾ a b i l k i ɡ u t e n
zarabilkinagu	s̺ a ɾ a b i l k i ɲ a ɡ u
zarabilkinat	s̺ a ɾ a b i l k i ɲ a t
zarabilkioagu	s̺ a ɾ a b i l k i o a ɡ u
zarabilkioat	s̺ a ɾ a b i l k i o a t
zarabilkiok	s̺ a ɾ a b i l k i o k
zarabilkion	s̺ a ɾ a b i l k i o n
zarabilkionagu	s̺ a ɾ a b i l k i o n a ɡ u
zarabilkionat	s̺ a ɾ a b i l k i o n a t
zarabilkiotek	s̺ a ɾ a b i l k i o t e k
zarabilkioten	s̺ a ɾ a b i l k i o t e n
zarabiltek	s̺ a ɾ a b i l t e k
zarabilten	s̺ a ɾ a b i l t e n
zarabiltza	s̺ a ɾ a b i l t͡s̻ a
zarabiltzaagu	s̺ a ɾ a b i l t͡s̻ a a ɡ u
zarabiltzaat	s̺ a ɾ a b i l t͡s̻ a a t
zarabiltzagu	s̺ a ɾ a b i l t͡s̻ a ɡ u
zarabiltzak	s̺ a ɾ a b i l t͡s̻ a k
zarabiltzan	s̺ a ɾ a b i l t͡s̻ a n
zarabiltzanagu	s̺ a ɾ a b i l t͡s̻ a n a ɡ u
zarabiltzanat	s̺ a ɾ a b i l t͡s̻ a n a t
zarabiltzat	s̺ a ɾ a b i l t͡s̻ a t
zarabiltzate	s̺ a ɾ a b i l t͡s̻ a t e
zarabiltzatek	s̺ a ɾ a b i l t͡s̻ a t e k
zarabiltzaten	s̺ a ɾ a b i l t͡s̻ a t e n
zarabilzkiagu	s̺ a ɾ a b i l s̺ k i a ɡ u
zarabilzkiat	s̺ a ɾ a b i l s̺ k i a t
zarabilzkidatek	s̺ a ɾ a b i l s̺ k i d a t e k
zarabilzkidaten	s̺ a ɾ a b i l s̺ k i d a t e n
zarabilzkieagu	s̺ a ɾ a b i l s̺ k i e a ɡ u
zarabilzkieat	s̺ a ɾ a b i l s̺ k i e a t
zarabilzkiek	s̺ a ɾ a b i l s̺ k i e k
zarabilzkien	s̺ a ɾ a b i l s̺ k i e n
zarabilzkienagu	s̺ a ɾ a b i l s̺ k i e n a ɡ u
zarabilzkienat	s̺ a ɾ a b i l s̺ k i e n a t
zarabilzkietek	s̺ a ɾ a b i l s̺ k i e t e k
zarabilzkieten	s̺ a ɾ a b i l s̺ k i e t e n
zarabilzkigutek	s̺ a ɾ a b i l s̺ k i ɡ u t e k
zarabilzkiguten	s̺ a ɾ a b i l s̺ k i ɡ u t e n
zarabilzkinagu	s̺ a ɾ a b i l s̺ k i ɲ a ɡ u
zarabilzkinat	s̺ a ɾ a b i l s̺ k i ɲ a t
zarabilzkioagu	s̺ a ɾ a b i l s̺ k i o a ɡ u
zarabilzkioat	s̺ a ɾ a b i l s̺ k i o a t
zarabilzkiok	s̺ a ɾ a b i l s̺ k i o k
zarabilzkion	s̺ a ɾ a b i l s̺ k i o n
zarabilzkionagu	s̺ a ɾ a b i l s̺ k i o n a ɡ u
zarabilzkionat	s̺ a ɾ a b i l s̺ k i o n a t
zarabilzkiotek	s̺ a ɾ a b i l s̺ k i o t e k
zarabilzkioten	s̺ a ɾ a b i l s̺ k i o t e n
zarabilzte	s̺ a ɾ a b i l s̺ t e
zarabilztegu	s̺ a ɾ a b i l s̺ t e ɡ u
zarabilztet	s̺ a ɾ a b i l s̺ t e t
zarabilztete	s̺ a ɾ a b i l s̺ t e t e
zarakuskiagu	s̺ a ɾ a k u s̺ k i a ɡ u
zarakuskiat	s̺ a ɾ a k u s̺ k i a t
zarakuskik	s̺ a ɾ a k u s̺ k i k
zarakuskin	s̺ a ɾ a k u s̺ k i n
zarakuskinagu	s̺ a ɾ a k u s̺ k i ɲ a ɡ u
zarakuskinat	s̺ a ɾ a k u s̺ k i ɲ a t
zarakuskitek	s̺ a ɾ a k u s̺ k i t e k
zarakuskiten	s̺ a ɾ a k u s̺ k i t e n
zarakutsaagu	s̺ a ɾ a k u t͡s̻ a a ɡ u
zarakutsaat	s̺ a ɾ a k u t͡s̻ a a t
zarakutsak	s̺ a ɾ a k u t͡s̻ a k
zarakutsan	s̺ a ɾ a k u t͡s̻ a n
zarakutsanagu	s̺ a ɾ a k u t͡s̻ a n a ɡ u
zarakutsanat	s̺ a ɾ a k u t͡s̻ a n a t
zarakutsatek	s̺ a ɾ a k u t͡s̻ a t e k
zarakutsaten	s̺ a ɾ a k u t͡s̻ a t e n
zaramak	s̺ a ɾ a m a k
zaraman	s̺ a ɾ a m a n
zaramatza	s̺ a ɾ a m a t͡s̻ a
zaramatzagu	s̺ a ɾ a m a t͡s̻ a ɡ u
zaramatzak	s̺ a ɾ a m a t͡s̻ a k
zaramatzan	s̺ a ɾ a m a t͡s̻ a n
zaramatzat	s̺ a ɾ a m a t͡s̻ a t
zaramatzate	s̺ a ɾ a m a t͡s̻ a t e
zaramazte	s̺ a ɾ a m a s̺ t e
zaramaztegu	s̺ a ɾ a m a s̺ t e ɡ u
zaramaztet	s̺ a ɾ a m a s̺ t e t
zaramaztete	s̺ a ɾ a m a s̺ t e t e
zarata	s̺ a ɾ a t a
zaratatsu	s̺ a ɾ a t a t͡s̻ u
zarateke	s̺ a ɾ a t e k e
zaratekete	s̺ a ɾ a t e k e t e
zarete	s̺ a ɾ e t e
zaridak	s̺ a ɾ i d a k
zaridan	s̺ a ɾ i d a n
zariek	s̺ a ɾ i e k
zarien	s̺ a ɾ i e n
zariguk	s̺ a ɾ i ɡ u k
zarigun	s̺ a ɾ i ɡ u n
zariok	s̺ a ɾ i o k
zarion	s̺ a ɾ i o n
zarizkidak	s̺ a ɾ i s̺ k i d a k
zarizkidan	s̺ a ɾ i s̺ k i d a n
zarizkiek	s̺ a ɾ i s̺ k i e k
zarizkien	s̺ a ɾ i s̺ k i e n
zarizkiguk	s̺ a ɾ i s̺ k i ɡ u k
zarizkigun	s̺ a ɾ i s̺ k i ɡ u n
zarizkiok	s̺ a ɾ i s̺ k i o k
zarizkion	s̺ a ɾ i s̺ k i o n
zaroaagu	s̺ a ɾ o a a ɡ u
zaroaat	s̺ a ɾ o a a t
zaroak	s̺ a ɾ o a k
zaroan	s̺ a ɾ o a n
zaroanagu	s̺ a ɾ o a n a ɡ u
zaroanat	s̺ a ɾ o a n a t
zaroatek	s̺ a ɾ o a t e k
zaroaten	s̺ a ɾ o a t e n
zaroatzaagu	s̺ a ɾ o a t͡s̻ a a ɡ u
zaroatzaat	s̺ a ɾ o a t͡s̻ a a t
zaroatzak	s̺ a ɾ o a t͡s̻ a k
zaroatzanagu	s̺ a ɾ o a t͡s̻ a n a ɡ u
zaroatzanat	s̺ a ɾ o a t͡s̻ a n a t
zaroatzatek	s̺ a ɾ o a t͡s̻ a t e k
zaroatzaten	s̺ a ɾ o a t͡s̻ a t e n
zarraidak	s̺ a r a i̯ d a k
zarraidan	s̺ a r a i̯ d a n
zarraiek	s̺ a r a i̯ e k
zarraien	s̺ a r a i̯ e n
zarraiguk	s̺ a r a i̯ ɡ u k
zarraigun	s̺ a r a i̯ ɡ u n
zarraiok	s̺ a r a i̯ o k
zarraion	s̺ a r a i̯ o n
zarraizkidak	s̺ a r a i̯ s̺ k i d a k
zarraizkidan	s̺ a r a i̯ s̺ k i d a n
zarraizkidate	s̺ a r a i̯ s̺ k i d a t e
zarraizkie	s̺ a r a i̯ s̺ k i e
zarraizkiek	s̺ a r a i̯ s̺ k i e k
zarraizkien	s̺ a r a i̯ s̺ k i e n
zarraizkiete	s̺ a r a i̯ s̺ k i e t e
zarraizkigu	s̺ a r a i̯ s̺ k i ɡ u
zarraizkiguk	s̺ a r a i̯ s̺ k i ɡ u k
zarraizkigun	s̺ a r a i̯ s̺ k i ɡ u n
zarraizkigute	s̺ a r a i̯ s̺ k i ɡ u t e
zarraizkio	s̺ a r a i̯ s̺ k i o
zarraizkiok	s̺ a r a i̯ s̺ k i o k
zarraizkion	s̺ a r a i̯ s̺ k i o n
zarraizkiote	s̺ a r a i̯ s̺ k i o t e
zarraizkit	s̺ a r a i̯ s̺ k i t
zatekeen	s̺ a t e k e e n
zatitu	s̺ a t i t u
zatorkek	s̺ a t o r k e k
zatorken	s̺ a t o r k e n
zatorkidak	s̺ a t o r k i d a k
zatorkidakek	s̺ a t o r k i d a k e k
zatorkidaken	s̺ a t o r k i d a k e n
zatorkidan	s̺ a t o r k i d a n
zatorkiek	s̺ a t o r k i e k
zatorkiekek	s̺ a t o r k i e k e k
zatorkieken	s̺ a t o r k i e k e n
zatorkien	s̺ a t o r k i e n
zatorkiguk	s̺ a t o r k i ɡ u k
zatorkigukek	s̺ a t o r k i ɡ u k e k
zatorkiguken	s̺ a t o r k i ɡ u k e n
zatorkigun	s̺ a t o r k i ɡ u n
zatorkiok	s̺ a t o r k i o k
zatorkiokek	s̺ a t o r k i o k e k
zatorkioken	s̺ a t o r k i o k e n
zatorkion	s̺ a t o r k i o n
zatorrek	s̺ a t o r e k
zatorren	s̺ a t o r e n
zatoz	s̺ a t o s̺
zatozak	s̺ a t o s̺ a k
zatozan	s̺ a t o s̺ a n
zatozen	s̺ a t o s̺ e n
zatozke	s̺ a t o s̺ k e
zatozkek	s̺ a t o s̺ k e k
zatozken	s̺ a t o s̺ k e n
zatozkete	s̺ a t o s̺ k e t e
zatozkidak	s̺ a t o s̺ k i d a k
zatozkidake	s̺ a t o s̺ k i d a k e
zatozkidakek	s̺ a t o s̺ k i d a k e k
zatozkidaken	s̺ a t o s̺ k i d a k e n
zatozkidakete	s̺ a t o s̺ k i d a k e t e
zatozkidan	s̺ a t o s̺ k i d a n
zatozkidate	s̺ a t o s̺ k i d a t e
zatozkidaten	s̺ a t o s̺ k i d a t e n
zatozkie	s̺ a t o s̺ k i e
zatozkiek	s̺ a t o s̺ k i e k
zatozkieke	s̺ a t o s̺ k i e k e
zatozkiekek	s̺ a t o s̺ k i e k e k
zatozkieken	s̺ a t o s̺ k i e k e n
zatozkiekete	s̺ a t o s̺ k i e k e t e
zatozkien	s̺ a t o s̺ k i e n
zatozkiete	s̺ a t o s̺ k i e t e
zatozkieten	s̺ a t o s̺ k i e t e n
zatozkigu	s̺ a t o s̺ k i ɡ u
zatozkiguk	s̺ a t o s̺ k i ɡ u k
zatozkiguke	s̺ a t o s̺ k i ɡ u k e
zatozkigukek	s̺ a t o s̺ k i ɡ u k e k
zatozkiguken	s̺ a t o s̺ k i ɡ u k e n
zatozkigukete	s̺ a t o s̺ k i ɡ u k e t e
zatozkigun	s̺ a t o s̺ k i ɡ u n
zatozkigute	s̺ a t o s̺ k i ɡ u t e
zatozkiguten	s̺ a t o s̺ k i ɡ u t e n
zatozkio	s̺ a t o s̺ k i o
zatozkiok	s̺ a t o s̺ k i o k
zatozkioke	s̺ a t o s̺ k i o k e
zatozkiokek	s̺ a t o s̺ k i o k e k
zatozkioken	s̺ a t o s̺ k i o k e n
zatozkiokete	s̺ a t o s̺ k i o k e t e
zatozkion	s̺ a t o s̺ k i o n
zatozkiote	s̺ a t o s̺ k i o t e
zatozkioten	s̺ a t o s̺ k i o t e n
zatozkit	s̺ a t o s̺ k i t
zatozte	s̺ a t o s̺ t e
zatozten	s̺ a t o s̺ t e n
zatxekidak	s̺ a t͡ʃ e k i d a k
zatxekidan	s̺ a t͡ʃ e k i d a n
zatxekiek	s̺ a t͡ʃ e k i e k
zatxekien	s̺ a t͡ʃ e k i e n
zatxekiguk	s̺ a t͡ʃ e k i ɡ u k
zatxekigun	s̺ a t͡ʃ e k i ɡ u n
zatxekiok	s̺ a t͡ʃ e k i o k
zatxekion	s̺ a t͡ʃ e k i o n
zatxezkidak	s̺ a t͡ʃ e s̺ k i d a k
zatxezkidan	s̺ a t͡ʃ e s̺ k i d a n
zatxezkidate	s̺ a t͡ʃ e s̺ k i d a t e
zatxezkie	s̺ a t͡ʃ e s̺ k i e
zatxezkiek	s̺ a t͡ʃ e s̺ k i e k
zatxezkien	s̺ a t͡ʃ e s̺ k i e n
zatxezkiete	s̺ a t͡ʃ e s̺ k i e t e
zatxezkigu	s̺ a t͡ʃ e s̺ k i ɡ u
zatxezkiguk	s̺ a t͡ʃ e s̺ k i ɡ u k
zatxezkigun	s̺ a t͡ʃ e s̺ k i ɡ u n
zatxezkigute	s̺ a t͡ʃ e s̺ k i ɡ u t e
zatxezkio	s̺ a t͡ʃ e s̺ k i o
zatxezkiok	s̺ a t͡ʃ e s̺ k i o k
zatxezkion	s̺ a t͡ʃ e s̺ k i o n
zatxezkiote	s̺ a t͡ʃ e s̺ k i o t e
zatxezkit	s̺ a t͡ʃ e s̺ k i t
zatzaizkidate	s̺ a t͡s̻ a i̯ s̺ k i d a t e
zatzaizkie	s̺ a t͡s̻ a i̯ s̺ k i e
zatzaizkiete	s̺ a t͡s̻ a i̯ s̺ k i e t e
zatzaizkigu	s̺ a t͡s̻ a i̯ s̺ k i ɡ u
zatzaizkigute	s̺ a t͡s̻ a i̯ s̺ k i ɡ u t e
zatzaizkio	s̺ a t͡s̻ a i̯ s̺ k i o
zatzaizkiote	s̺ a t͡s̻ a i̯ s̺ k i o t e
zatzaizkit	s̺ a t͡s̻ a i̯ s̺ k i t
zatzak	s̺ a t͡s̻ a k
zatzan	s̺ a t͡s̻ a n
zaude	s̺ a u̯ d e
zaudek	s̺ a u̯ d e k
zaudeke	s̺ a u̯ d e k e
zaudekek	s̺ a u̯ d e k e k
zaudeken	s̺ a u̯ d e k e n
zaudekete	s̺ a u̯ d e k e t e
zauden	s̺ a u̯ d e n
zaudete	s̺ a u̯ d e t e
zaudeten	s̺ a u̯ d e t e n
zaukaagu	s̺ a u̯ k a a ɡ u
zaukaat	s̺ a u̯ k a a t
zaukak	s̺ a u̯ k a k
zaukan	s̺ a u̯ k a n
zaukanagu	s̺ a u̯ k a n a ɡ u
zaukanat	s̺ a u̯ k a n a t
zaukatek	s̺ a u̯ k a t e k
zaukaten	s̺ a u̯ k a t e n
zauri	s̺ a u̯ ɾ i
zautza	s̺ a u̯ t͡s̻ a
zautzak	s̺ a u̯ t͡s̻ a k
zautzan	s̺ a u̯ t͡s̻ a n
zautzate	s̺ a u̯ t͡s̻ a t e
zauzka	s̺ a u̯ s̺ k a
zauzkaagu	s̺ a u̯ s̺ k a a ɡ u
zauzkaat	s̺ a u̯ s̺ k a a t
zauzkagu	s̺ a u̯ s̺ k a ɡ u
zauzkak	s̺ a u̯ s̺ k a k
zauzkan	s̺ a u̯ s̺ k a n
zauzkanagu	s̺ a u̯ s̺ k a n a ɡ u
zauzkanat	s̺ a u̯ s̺ k a n a t
zauzkat	s̺ a u̯ s̺ k a t
zauzkate	s̺ a u̯ s̺ k a t e
zauzkategu	s̺ a u̯ s̺ k a t e ɡ u
zauzkatek	s̺ a u̯ s̺ k a t e k
zauzkaten	s̺ a u̯ s̺ k a t e n
zauzkatet	s̺ a u̯ s̺ k a t e t
zauzkatete	s̺ a u̯ s̺ k a t e t e
zazaguagu	s̺ a s̺ a ɡ u a ɡ u
zazaguat	s̺ a s̺ a ɡ u a t
zazaguk	s̺ a s̺ a ɡ u k
zazagun	s̺ a s̺ a ɡ u n
zazagunagu	s̺ a s̺ a ɡ u n a ɡ u
zazagunat	s̺ a s̺ a ɡ u n a t
zazagutek	s̺ a s̺ a ɡ u t e k
zazaguten	s̺ a s̺ a ɡ u t e n
zazaguzki	s̺ a s̺ a ɡ u s̺ k i
zazaguzkiagu	s̺ a s̺ a ɡ u s̺ k i a ɡ u
zazaguzkiat	s̺ a s̺ a ɡ u s̺ k i a t
zazaguzkigu	s̺ a s̺ a ɡ u s̺ k i ɡ u
zazaguzkik	s̺ a s̺ a ɡ u s̺ k i k
zazaguzkin	s̺ a s̺ a ɡ u s̺ k i n
zazaguzkinagu	s̺ a s̺ a ɡ u s̺ k i ɲ a ɡ u
zazaguzkinat	s̺ a s̺ a ɡ u s̺ k i ɲ a t
zazaguzkit	s̺ a s̺ a ɡ u s̺ k i t
zazaguzkite	s̺ a s̺ a ɡ u s̺ k i t e
zazaguzkitek	s̺ a s̺ a ɡ u s̺ k i t e k
zazaguzkiten	s̺ a s̺ a ɡ u s̺ k i t e n
zazaguzte	s̺ a s̺ a ɡ u s̺ t e
zazaguztegu	s̺ a s̺ a ɡ u s̺ t e ɡ u
zazaguztet	s̺ a s̺ a ɡ u s̺ t e t
zazaguztete	s̺ a s̺ a ɡ u s̺ t e t e
zazpi	s̺ a s̺ p i
zazpigarren	s̺ a s̺ p i ɡ a r e n
zazpikoitz	s̻ a s̻ p i k o i̯ t͡s̻
zazpiren	s̻ a s̻ p i ɾ e n
ze	s̺ e
zebilean	s̺ e b i ʎ e a n
zebilek	s̺ e b i ʎ e k
zebilen	s̺ e b i ʎ e n
zebilenan	s̺ e b i ʎ e n a n
zebilkean	s̺ e b i l k e a n
zebilkeen	s̺ e b i l k e e n
zebilkek	s̺ e b i l k e k
zebilken	s̺ e b i l k e n
zebilkenan	s̺ e b i l k e n a n
zebilkiakeen	s̺ e b i l k i a k e e n
zebilkian	s̺ e b i l k i a n
zebilkidaan	s̺ e b i l k i d a a n
zebilkidak	s̺ e b i l k i d a k
zebilkidakean	s̺ e b i l k i d a k e a n
zebilkidakeen	s̺ e b i l k i d a k e e n
zebilkidakek	s̺ e b i l k i d a k e k
zebilkidaken	s̺ e b i l k i d a k e n
zebilkidakenan	s̺ e b i l k i d a k e n a n
zebilkidan	s̺ e b i l k i d a n
zebilkidanan	s̺ e b i l k i d a n a n
zebilkiean	s̺ e b i l k i e a n
zebilkiek	s̺ e b i l k i e k
zebilkiekean	s̺ e b i l k i e k e a n
zebilkiekeen	s̺ e b i l k i e k e e n
zebilkiekek	s̺ e b i l k i e k e k
zebilkieken	s̺ e b i l k i e k e n
zebilkiekenan	s̺ e b i l k i e k e n a n
zebilkien	s̺ e b i l k i e n
zebilkienan	s̺ e b i l k i e n a n
zebilkiguan	s̺ e b i l k i ɡ u a n
zebilkiguk	s̺ e b i l k i ɡ u k
zebilkigukean	s̺ e b i l k i ɡ u k e a n
zebilkigukeen	s̺ e b i l k i ɡ u k e e n
zebilkigukek	s̺ e b i l k i ɡ u k e k
zebilkiguken	s̺ e b i l k i ɡ u k e n
zebilkigukenan	s̺ e b i l k i ɡ u k e n a n
zebilkigun	s̺ e b i l k i ɡ u n
zebilkigunan	s̺ e b i l k i ɡ u n a n
zebilkinakeen	s̺ e b i l k i ɲ a k e e n
zebilkinan	s̺ e b i l k i ɲ a n
zebilkioan	s̺ e b i l k i o a n
zebilkiok	s̺ e b i l k i o k
zebilkiokean	s̺ e b i l k i o k e a n
zebilkiokeen	s̺ e b i l k i o k e e n
zebilkiokek	s̺ e b i l k i o k e k
zebilkioken	s̺ e b i l k i o k e n
zebilkiokenan	s̺ e b i l k i o k e n a n
zebilkion	s̺ e b i l k i o n
zebilkionan	s̺ e b i l k i o n a n
zebilkizuekeen	s̺ e b i l k i s̺ u e k e e n
zebilkizuen	s̺ e b i l k i s̺ u e n
zebilkizukeen	s̺ e b i l k i s̺ u k e e n
zebilkizun	s̺ e b i l k i s̺ u n
zebiltzaan	s̺ e b i l t͡s̻ a a n
zebiltzak	s̺ e b i l t͡s̻ a k
zebiltzan	s̺ e b i l t͡s̻ a n
zebiltzanan	s̺ e b i l t͡s̻ a n a n
zebilzkean	s̺ e b i l s̺ k e a n
zebilzkeen	s̺ e b i l s̺ k e e n
zebilzkek	s̺ e b i l s̺ k e k
zebilzken	s̺ e b i l s̺ k e n
zebilzkenan	s̺ e b i l s̺ k e n a n
zebilzkiakeen	s̺ e b i l s̺ k i a k e e n
zebilzkian	s̺ e b i l s̺ k i a n
zebilzkidaan	s̺ e b i l s̺ k i d a a n
zebilzkidak	s̺ e b i l s̺ k i d a k
zebilzkidakean	s̺ e b i l s̺ k i d a k e a n
zebilzkidakeen	s̺ e b i l s̺ k i d a k e e n
zebilzkidakek	s̺ e b i l s̺ k i d a k e k
zebilzkidaken	s̺ e b i l s̺ k i d a k e n
zebilzkidakenan	s̺ e b i l s̺ k i d a k e n a n
zebilzkidan	s̺ e b i l s̺ k i d a n
zebilzkidanan	s̺ e b i l s̺ k i d a n a n
zebilzkiean	s̺ e b i l s̺ k i e a n
zebilzkiek	s̺ e b i l s̺ k i e k
zebilzkiekean	s̺ e b i l s̺ k i e k e a n
zebilzkiekeen	s̺ e b i l s̺ k i e k e e n
zebilzkiekek	s̺ e b i l s̺ k i e k e k
zebilzkieken	s̺ e b i l s̺ k i e k e n
zebilzkiekenan	s̺ e b i l s̺ k i e k e n a n
zebilzkien	s̺ e b i l s̺ k i e n
zebilzkienan	s̺ e b i l s̺ k i e n a n
zebilzkiguan	s̺ e b i l s̺ k i ɡ u a n
zebilzkiguk	s̺ e b i l s̺ k i ɡ u k
zebilzkigukean	s̺ e b i l s̺ k i ɡ u k e a n
zebilzkigukeen	s̺ e b i l s̺ k i ɡ u k e e n
zebilzkigukek	s̺ e b i l s̺ k i ɡ u k e k
zebilzkiguken	s̺ e b i l s̺ k i ɡ u k e n
zebilzkigukenan	s̺ e b i l s̺ k i ɡ u k e n a n
zebilzkigun	s̺ e b i l s̺ k i ɡ u n
zebilzkigunan	s̺ e b i l s̺ k i ɡ u n a n
zebilzkinakeen	s̺ e b i l s̺ k i ɲ a k e e n
zebilzkinan	s̺ e b i l s̺ k i ɲ a n
zebilzkioan	s̺ e b i l s̺ k i o a n
zebilzkiok	s̺ e b i l s̺ k i o k
zebilzkiokean	s̺ e b i l s̺ k i o k e a n
zebilzkiokeen	s̺ e b i l s̺ k i o k e e n
zebilzkiokek	s̺ e b i l s̺ k i o k e k
zebilzkioken	s̺ e b i l s̺ k i o k e n
zebilzkiokenan	s̺ e b i l s̺ k i o k e n a n
zebilzkion	s̺ e b i l s̺ k i o n
zebilzkionan	s̺ e b i l s̺ k i o n a n
zebilzkizuekeen	s̺ e b i l s̺ k i s̺ u e k e e n
zebilzkizuen	s̺ e b i l s̺ k i s̺ u e n
zebilzkizukeen	s̺ e b i l s̺ k i s̺ u k e e n
zebilzkizun	s̺ e b i l s̺ k i s̺ u n
zebra	s̺ e b r a
zedila	s̺ e d i ʎ a
zedin	s̺ e d i n
zegiagu	s̺ e ɡ i a ɡ u
zegian	s̺ e ɡ i a n
zegiat	s̺ e ɡ i a t
zegiaten	s̺ e ɡ i a t e n
zegidan	s̺ e ɡ i d a n
zegidaten	s̺ e ɡ i d a t e n
zegiean	s̺ e ɡ i e a n
zegien	s̺ e ɡ i e n
zegienan	s̺ e ɡ i e n a n
zegieten	s̺ e ɡ i e t e n
zegigun	s̺ e ɡ i ɡ u n
zegiguten	s̺ e ɡ i ɡ u t e n
zegik	s̺ e ɡ i k
zegin	s̺ e ɡ i n
zeginagu	s̺ e ɡ i ɲ a ɡ u
zeginan	s̺ e ɡ i ɲ a n
zeginat	s̺ e ɡ i ɲ a t
zeginaten	s̺ e ɡ i ɲ a t e n
zegion	s̺ e ɡ i o n
zegioten	s̺ e ɡ i o t e n
zegitean	s̺ e ɡ i t e a n
zegitek	s̺ e ɡ i t e k
zegiten	s̺ e ɡ i t e n
zegitenan	s̺ e ɡ i t e n a n
zegitzaagu	s̺ e ɡ i t͡s̻ a a ɡ u
zegitzaan	s̺ e ɡ i t͡s̻ a a n
zegitzaat	s̺ e ɡ i t͡s̻ a a t
zegitzak	s̺ e ɡ i t͡s̻ a k
zegitzan	s̺ e ɡ i t͡s̻ a n
zegitzanagu	s̺ e ɡ i t͡s̻ a n a ɡ u
zegitzanan	s̺ e ɡ i t͡s̻ a n a n
zegitzanat	s̺ e ɡ i t͡s̻ a n a t
zegitzatean	s̺ e ɡ i t͡s̻ a t e a n
zegitzatek	s̺ e ɡ i t͡s̻ a t e k
zegitzaten	s̺ e ɡ i t͡s̻ a t e n
zegitzatenan	s̺ e ɡ i t͡s̻ a t e n a n
zegizkian	s̺ e ɡ i s̺ k i a n
zegizkiaten	s̺ e ɡ i s̺ k i a t e n
zegizkidan	s̺ e ɡ i s̺ k i d a n
zegizkidaten	s̺ e ɡ i s̺ k i d a t e n
zegizkien	s̺ e ɡ i s̺ k i e n
zegizkietean	s̺ e ɡ i s̺ k i e t e a n
zegizkieten	s̺ e ɡ i s̺ k i e t e n
zegizkietenan	s̺ e ɡ i s̺ k i e t e n a n
zegizkigun	s̺ e ɡ i s̺ k i ɡ u n
zegizkiguten	s̺ e ɡ i s̺ k i ɡ u t e n
zegizkinan	s̺ e ɡ i s̺ k i ɲ a n
zegizkinaten	s̺ e ɡ i s̺ k i ɲ a t e n
zegizkion	s̺ e ɡ i s̺ k i o n
zegizkioten	s̺ e ɡ i s̺ k i o t e n
zegizkizuen	s̺ e ɡ i s̺ k i s̺ u e n
zegizkizueten	s̺ e ɡ i s̺ k i s̺ u e t e n
zegizkizun	s̺ e ɡ i s̺ k i s̺ u n
zegizkizuten	s̺ e ɡ i s̺ k i s̺ u t e n
zegizuen	s̺ e ɡ i s̺ u e n
zegizueten	s̺ e ɡ i s̺ u e t e n
zegizun	s̺ e ɡ i s̺ u n
zegizuten	s̺ e ɡ i s̺ u t e n
zegoan	s̺ e ɡ o a n
zegoen	s̺ e ɡ o e n
zegok	s̺ e ɡ o k
zegokean	s̺ e ɡ o k e a n
zegokeen	s̺ e ɡ o k e e n
zegokek	s̺ e ɡ o k e k
zegoken	s̺ e ɡ o k e n
zegokenan	s̺ e ɡ o k e n a n
zegokiakeen	s̺ e ɡ o k i a k e e n
zegokian	s̺ e ɡ o k i a n
zegokidaan	s̺ e ɡ o k i d a a n
zegokidak	s̺ e ɡ o k i d a k
zegokidakean	s̺ e ɡ o k i d a k e a n
zegokidakeen	s̺ e ɡ o k i d a k e e n
zegokidakek	s̺ e ɡ o k i d a k e k
zegokidaken	s̺ e ɡ o k i d a k e n
zegokidakenan	s̺ e ɡ o k i d a k e n a n
zegokidan	s̺ e ɡ o k i d a n
zegokidanan	s̺ e ɡ o k i d a n a n
zegokiean	s̺ e ɡ o k i e a n
zegokiek	s̺ e ɡ o k i e k
zegokiekean	s̺ e ɡ o k i e k e a n
zegokiekeen	s̺ e ɡ o k i e k e e n
zegokiekek	s̺ e ɡ o k i e k e k
zegokieken	s̺ e ɡ o k i e k e n
zegokiekenan	s̺ e ɡ o k i e k e n a n
zegokien	s̺ e ɡ o k i e n
zegokienan	s̺ e ɡ o k i e n a n
zegokiguan	s̺ e ɡ o k i ɡ u a n
zegokiguk	s̺ e ɡ o k i ɡ u k
zegokigukean	s̺ e ɡ o k i ɡ u k e a n
zegokigukeen	s̺ e ɡ o k i ɡ u k e e n
zegokigukek	s̺ e ɡ o k i ɡ u k e k
zegokiguken	s̺ e ɡ o k i ɡ u k e n
zegokigukenan	s̺ e ɡ o k i ɡ u k e n a n
zegokigun	s̺ e ɡ o k i ɡ u n
zegokigunan	s̺ e ɡ o k i ɡ u n a n
zegokinakeen	s̺ e ɡ o k i ɲ a k e e n
zegokinan	s̺ e ɡ o k i ɲ a n
zegokioan	s̺ e ɡ o k i o a n
zegokiok	s̺ e ɡ o k i o k
zegokiokean	s̺ e ɡ o k i o k e a n
zegokiokeen	s̺ e ɡ o k i o k e e n
zegokiokek	s̺ e ɡ o k i o k e k
zegokioken	s̺ e ɡ o k i o k e n
zegokiokenan	s̺ e ɡ o k i o k e n a n
zegokion	s̺ e ɡ o k i o n
zegokionan	s̺ e ɡ o k i o n a n
zegokizuekeen	s̺ e ɡ o k i s̺ u e k e e n
zegokizuen	s̺ e ɡ o k i s̺ u e n
zegokizukeen	s̺ e ɡ o k i s̺ u k e e n
zegokizun	s̺ e ɡ o k i s̺ u n
zegon	s̺ e ɡ o n
zegonan	s̺ e ɡ o n a n
zegozkiakeen	s̺ e ɡ o s̺ k i a k e e n
zegozkian	s̺ e ɡ o s̺ k i a n
zegozkidaan	s̺ e ɡ o s̺ k i d a a n
zegozkidak	s̺ e ɡ o s̺ k i d a k
zegozkidakean	s̺ e ɡ o s̺ k i d a k e a n
zegozkidakeen	s̺ e ɡ o s̺ k i d a k e e n
zegozkidakek	s̺ e ɡ o s̺ k i d a k e k
zegozkidaken	s̺ e ɡ o s̺ k i d a k e n
zegozkidakenan	s̺ e ɡ o s̺ k i d a k e n a n
zegozkidan	s̺ e ɡ o s̺ k i d a n
zegozkidanan	s̺ e ɡ o s̺ k i d a n a n
zegozkiean	s̺ e ɡ o s̺ k i e a n
zegozkiek	s̺ e ɡ o s̺ k i e k
zegozkiekean	s̺ e ɡ o s̺ k i e k e a n
zegozkiekeen	s̺ e ɡ o s̺ k i e k e e n
zegozkiekek	s̺ e ɡ o s̺ k i e k e k
zegozkieken	s̺ e ɡ o s̺ k i e k e n
zegozkiekenan	s̺ e ɡ o s̺ k i e k e n a n
zegozkien	s̺ e ɡ o s̺ k i e n
zegozkienan	s̺ e ɡ o s̺ k i e n a n
zegozkiguan	s̺ e ɡ o s̺ k i ɡ u a n
zegozkiguk	s̺ e ɡ o s̺ k i ɡ u k
zegozkigukean	s̺ e ɡ o s̺ k i ɡ u k e a n
zegozkigukeen	s̺ e ɡ o s̺ k i ɡ u k e e n
zegozkigukek	s̺ e ɡ o s̺ k i ɡ u k e k
zegozkiguken	s̺ e ɡ o s̺ k i ɡ u k e n
zegozkigukenan	s̺ e ɡ o s̺ k i ɡ u k e n a n
zegozkigun	s̺ e ɡ o s̺ k i ɡ u n
zegozkigunan	s̺ e ɡ o s̺ k i ɡ u n a n
zegozkinakeen	s̺ e ɡ o s̺ k i ɲ a k e e n
zegozkinan	s̺ e ɡ o s̺ k i ɲ a n
zegozkioan	s̺ e ɡ o s̺ k i o a n
zegozkiok	s̺ e ɡ o s̺ k i o k
zegozkiokean	s̺ e ɡ o s̺ k i o k e a n
zegozkiokeen	s̺ e ɡ o s̺ k i o k e e n
zegozkiokek	s̺ e ɡ o s̺ k i o k e k
zegozkioken	s̺ e ɡ o s̺ k i o k e n
zegozkiokenan	s̺ e ɡ o s̺ k i o k e n a n
zegozkion	s̺ e ɡ o s̺ k i o n
zegozkionan	s̺ e ɡ o s̺ k i o n a n
zegozkizuekeen	s̺ e ɡ o s̺ k i s̺ u e k e e n
zegozkizuen	s̺ e ɡ o s̺ k i s̺ u e n
zegozkizukeen	s̺ e ɡ o s̺ k i s̺ u k e e n
zegozkizun	s̺ e ɡ o s̺ k i s̺ u n
zehatz	s̺ e a t͡s̻
zehaztasun	s̺ e a s̺ t a s̺ u n
zein	s̺ e i̯ n
zekarkian	s̺ e k a r k i a n
zekarkiaten	s̺ e k a r k i a t e n
zekarkidaan	s̺ e k a r k i d a a n
zekarkidak	s̺ e k a r k i d a k
zekarkidan	s̺ e k a r k i d a n
zekarkidanan	s̺ e k a r k i d a n a n
zekarkidatean	s̺ e k a r k i d a t e a n
zekarkidatek	s̺ e k a r k i d a t e k
zekarkidaten	s̺ e k a r k i d a t e n
zekarkidatenan	s̺ e k a r k i d a t e n a n
zekarkieagu	s̺ e k a r k i e a ɡ u
zekarkiean	s̺ e k a r k i e a n
zekarkieat	s̺ e k a r k i e a t
zekarkiek	s̺ e k a r k i e k
zekarkien	s̺ e k a r k i e n
zekarkienagu	s̺ e k a r k i e n a ɡ u
zekarkienan	s̺ e k a r k i e n a n
zekarkienat	s̺ e k a r k i e n a t
zekarkietean	s̺ e k a r k i e t e a n
zekarkietek	s̺ e k a r k i e t e k
zekarkieten	s̺ e k a r k i e t e n
zekarkietenan	s̺ e k a r k i e t e n a n
zekarkiguan	s̺ e k a r k i ɡ u a n
zekarkiguk	s̺ e k a r k i ɡ u k
zekarkigun	s̺ e k a r k i ɡ u n
zekarkigunan	s̺ e k a r k i ɡ u n a n
zekarkigutean	s̺ e k a r k i ɡ u t e a n
zekarkigutek	s̺ e k a r k i ɡ u t e k
zekarkiguten	s̺ e k a r k i ɡ u t e n
zekarkigutenan	s̺ e k a r k i ɡ u t e n a n
zekarkinan	s̺ e k a r k i ɲ a n
zekarkinaten	s̺ e k a r k i ɲ a t e n
zekarkioagu	s̺ e k a r k i o a ɡ u
zekarkioan	s̺ e k a r k i o a n
zekarkioat	s̺ e k a r k i o a t
zekarkiok	s̺ e k a r k i o k
zekarkion	s̺ e k a r k i o n
zekarkionagu	s̺ e k a r k i o n a ɡ u
zekarkionan	s̺ e k a r k i o n a n
zekarkionat	s̺ e k a r k i o n a t
zekarkiotean	s̺ e k a r k i o t e a n
zekarkiotek	s̺ e k a r k i o t e k
zekarkioten	s̺ e k a r k i o t e n
zekarkiotenan	s̺ e k a r k i o t e n a n
zekarkizuen	s̺ e k a r k i s̺ u e n
zekarkizueten	s̺ e k a r k i s̺ u e t e n
zekarkizun	s̺ e k a r k i s̺ u n
zekarkizuten	s̺ e k a r k i s̺ u t e n
zekarreagu	s̺ e k a r e a ɡ u
zekarrean	s̺ e k a r e a n
zekarreat	s̺ e k a r e a t
zekarrek	s̺ e k a r e k
zekarren	s̺ e k a r e n
zekarrenagu	s̺ e k a r e n a ɡ u
zekarrenan	s̺ e k a r e n a n
zekarrenat	s̺ e k a r e n a t
zekartean	s̺ e k a r t e a n
zekartek	s̺ e k a r t e k
zekarten	s̺ e k a r t e n
zekartenan	s̺ e k a r t e n a n
zekartzaagu	s̺ e k a r t͡s̻ a a ɡ u
zekartzaan	s̺ e k a r t͡s̻ a a n
zekartzaat	s̺ e k a r t͡s̻ a a t
zekartzak	s̺ e k a r t͡s̻ a k
zekartzan	s̺ e k a r t͡s̻ a n
zekartzanagu	s̺ e k a r t͡s̻ a n a ɡ u
zekartzanan	s̺ e k a r t͡s̻ a n a n
zekartzanat	s̺ e k a r t͡s̻ a n a t
zekartzatean	s̺ e k a r t͡s̻ a t e a n
zekartzatek	s̺ e k a r t͡s̻ a t e k
zekartzaten	s̺ e k a r t͡s̻ a t e n
zekartzatenan	s̺ e k a r t͡s̻ a t e n a n
zekarzkian	s̺ e k a r s̺ k i a n
zekarzkiaten	s̺ e k a r s̺ k i a t e n
zekarzkidaan	s̺ e k a r s̺ k i d a a n
zekarzkidak	s̺ e k a r s̺ k i d a k
zekarzkidan	s̺ e k a r s̺ k i d a n
zekarzkidanan	s̺ e k a r s̺ k i d a n a n
zekarzkidatean	s̺ e k a r s̺ k i d a t e a n
zekarzkidatek	s̺ e k a r s̺ k i d a t e k
zekarzkidaten	s̺ e k a r s̺ k i d a t e n
zekarzkidatenan	s̺ e k a r s̺ k i d a t e n a n
zekarzkieagu	s̺ e k a r s̺ k i e a ɡ u
zekarzkiean	s̺ e k a r s̺ k i e a n
zekarzkieat	s̺ e k a r s̺ k i e a t
zekarzkiek	s̺ e k a r s̺ k i e k
zekarzkien	s̺ e k a r s̺ k i e n
zekarzkienagu	s̺ e k a r s̺ k i e n a ɡ u
zekarzkienan	s̺ e k a r s̺ k i e n a n
zekarzkienat	s̺ e k a r s̺ k i e n a t
zekarzkietean	s̺ e k a r s̺ k i e t e a n
zekarzkietek	s̺ e k a r s̺ k i e t e k
zekarzkieten	s̺ e k a r s̺ k i e t e n
zekarzkietenan	s̺ e k a r s̺ k i e t e n a n
zekarzkiguan	s̺ e k a r s̺ k i ɡ u a n
zekarzkiguk	s̺ e k a r s̺ k i ɡ u k
zekarzkigun	s̺ e k a r s̺ k i ɡ u n
zekarzkigunan	s̺ e k a r s̺ k i ɡ u n a n
zekarzkigutean	s̺ e k a r s̺ k i ɡ u t e a n
zekarzkigutek	s̺ e k a r s̺ k i ɡ u t e k
zekarzkiguten	s̺ e k a r s̺ k i ɡ u t e n
zekarzkigutenan	s̺ e k a r s̺ k i ɡ u t e n a n
zekarzkinan	s̺ e k a r s̺ k i ɲ a n
zekarzkinaten	s̺ e k a r s̺ k i ɲ a t e n
zekarzkioagu	s̺ e k a r s̺ k i o a ɡ u
zekarzkioan	s̺ e k a r s̺ k i o a n
zekarzkioat	s̺ e k a r s̺ k i o a t
zekarzkiok	s̺ e k a r s̺ k i o k
zekarzkion	s̺ e k a r s̺ k i o n
zekarzkionagu	s̺ e k a r s̺ k i o n a ɡ u
zekarzkionan	s̺ e k a r s̺ k i o n a n
zekarzkionat	s̺ e k a r s̺ k i o n a t
zekarzkiotean	s̺ e k a r s̺ k i o t e a n
zekarzkiotek	s̺ e k a r s̺ k i o t e k
zekarzkioten	s̺ e k a r s̺ k i o t e n
zekarzkiotenan	s̺ e k a r s̺ k i o t e n a n
zekarzkizuen	s̺ e k a r s̺ k i s̺ u e n
zekarzkizueten	s̺ e k a r s̺ k i s̺ u e t e n
zekarzkizun	s̺ e k a r s̺ k i s̺ u n
zekarzkizuten	s̺ e k a r s̺ k i s̺ u t e n
zekiagu	s̺ e k i a ɡ u
zekian	s̺ e k i a n
zekiat	s̺ e k i a t
zekiean	s̺ e k i e a n
zekien	s̺ e k i e n
zekienan	s̺ e k i e n a n
zekik	s̺ e k i k
zekin	s̺ e k i n
zekinagu	s̺ e k i ɲ a ɡ u
zekinan	s̺ e k i ɲ a n
zekinat	s̺ e k i ɲ a t
zekion	s̺ e k i o n
zekitean	s̺ e k i t e a n
zekitek	s̺ e k i t e k
zekiten	s̺ e k i t e n
zekitenan	s̺ e k i t e n a n
zekizkiagu	s̺ e k i s̺ k i a ɡ u
zekizkian	s̺ e k i s̺ k i a n
zekizkiat	s̺ e k i s̺ k i a t
zekizkiean	s̺ e k i s̺ k i e a n
zekizkien	s̺ e k i s̺ k i e n
zekizkienan	s̺ e k i s̺ k i e n a n
zekizkik	s̺ e k i s̺ k i k
zekizkin	s̺ e k i s̺ k i n
zekizkinagu	s̺ e k i s̺ k i ɲ a ɡ u
zekizkinan	s̺ e k i s̺ k i ɲ a n
zekizkinat	s̺ e k i s̺ k i ɲ a t
zekizkion	s̺ e k i s̺ k i o n
zekizkitean	s̺ e k i s̺ k i t e a n
zekizkitek	s̺ e k i s̺ k i t e k
zekizkiten	s̺ e k i s̺ k i t e n
zekizkitenan	s̺ e k i s̺ k i t e n a n
zekusaagu	s̺ e k u s̺ a a ɡ u
zekusaan	s̺ e k u s̺ a a n
zekusaat	s̺ e k u s̺ a a t
zekusak	s̺ e k u s̺ a k
zekusan	s̺ e k u s̺ a n
zekusanagu	s̺ e k u s̺ a n a ɡ u
zekusanan	s̺ e k u s̺ a n a n
zekusanat	s̺ e k u s̺ a n a t
zekusatean	s̺ e k u s̺ a t e a n
zekusaten	s̺ e k u s̺ a t e n
zekusatenan	s̺ e k u s̺ a t e n a n
zekuskiagu	s̺ e k u s̺ k i a ɡ u
zekuskian	s̺ e k u s̺ k i a n
zekuskiat	s̺ e k u s̺ k i a t
zekuskien	s̺ e k u s̺ k i e n
zekuskik	s̺ e k u s̺ k i k
zekuskin	s̺ e k u s̺ k i n
zekuskinagu	s̺ e k u s̺ k i ɲ a ɡ u
zekuskinan	s̺ e k u s̺ k i ɲ a n
zekuskinat	s̺ e k u s̺ k i ɲ a t
zekuskitean	s̺ e k u s̺ k i t e a n
zekuskiten	s̺ e k u s̺ k i t e n
zekuskitenan	s̺ e k u s̺ k i t e n a n
zelai	s̺ e l a i̯
zemendi	s̺ e m e n d i
zen	s̺ e n
zenbaki	s̺ e m b a k i
zenbat	s̺ e m b a t
zenbiltzan	s̺ e m b i l t͡s̻ a n
zenbiltzaten	s̺ e m b i l t͡s̻ a t e n
zenbilzke	s̺ e m b i l s̺ k e
zenbilzkeen	s̺ e m b i l s̺ k e e n
zenbilzkete	s̺ e m b i l s̺ k e t e
zenbilzketen	s̺ e m b i l s̺ k e t e n
zenbilzkidake	s̺ e m b i l s̺ k i d a k e
zenbilzkidakeen	s̺ e m b i l s̺ k i d a k e e n
zenbilzkidakete	s̺ e m b i l s̺ k i d a k e t e
zenbilzkidaketen	s̺ e m b i l s̺ k i d a k e t e n
zenbilzkidan	s̺ e m b i l s̺ k i d a n
zenbilzkidaten	s̺ e m b i l s̺ k i d a t e n
zenbilzkieke	s̺ e m b i l s̺ k i e k e
zenbilzkiekeen	s̺ e m b i l s̺ k i e k e e n
zenbilzkiekete	s̺ e m b i l s̺ k i e k e t e
zenbilzkieketen	s̺ e m b i l s̺ k i e k e t e n
zenbilzkien	s̺ e m b i l s̺ k i e n
zenbilzkieten	s̺ e m b i l s̺ k i e t e n
zenbilzkiguke	s̺ e m b i l s̺ k i ɡ u k e
zenbilzkigukeen	s̺ e m b i l s̺ k i ɡ u k e e n
zenbilzkigukete	s̺ e m b i l s̺ k i ɡ u k e t e
zenbilzkiguketen	s̺ e m b i l s̺ k i ɡ u k e t e n
zenbilzkigun	s̺ e m b i l s̺ k i ɡ u n
zenbilzkiguten	s̺ e m b i l s̺ k i ɡ u t e n
zenbilzkioke	s̺ e m b i l s̺ k i o k e
zenbilzkiokeen	s̺ e m b i l s̺ k i o k e e n
zenbilzkiokete	s̺ e m b i l s̺ k i o k e t e
zenbilzkioketen	s̺ e m b i l s̺ k i o k e t e n
zenbilzkion	s̺ e m b i l s̺ k i o n
zenbilzkioten	s̺ e m b i l s̺ k i o t e n
zenegidan	s̺ e n e ɡ i d a n
zenegidaten	s̺ e n e ɡ i d a t e n
zenegien	s̺ e n e ɡ i e n
zenegieten	s̺ e n e ɡ i e t e n
zenegigun	s̺ e n e ɡ i ɡ u n
zenegiguten	s̺ e n e ɡ i ɡ u t e n
zenegike	s̺ e n e ɡ i k e
zenegikete	s̺ e n e ɡ i k e t e
zenegion	s̺ e n e ɡ i o n
zenegioten	s̺ e n e ɡ i o t e n
zenegiten	s̺ e n e ɡ i t e n
zenegitzake	s̺ e n e ɡ i t͡s̻ a k e
zenegitzakete	s̺ e n e ɡ i t͡s̻ a k e t e
zenegitzan	s̺ e n e ɡ i t͡s̻ a n
zenegitzaten	s̺ e n e ɡ i t͡s̻ a t e n
zenegizkidan	s̺ e n e ɡ i s̺ k i d a n
zenegizkidaten	s̺ e n e ɡ i s̺ k i d a t e n
zenegizkien	s̺ e n e ɡ i s̺ k i e n
zenegizkieten	s̺ e n e ɡ i s̺ k i e t e n
zenegizkigun	s̺ e n e ɡ i s̺ k i ɡ u n
zenegizkiguten	s̺ e n e ɡ i s̺ k i ɡ u t e n
zenegizkion	s̺ e n e ɡ i s̺ k i o n
zenegizkioten	s̺ e n e ɡ i s̺ k i o t e n
zenekarkidan	s̺ e n e k a r k i d a n
zenekarkidaten	s̺ e n e k a r k i d a t e n
zenekarkien	s̺ e n e k a r k i e n
zenekarkieten	s̺ e n e k a r k i e t e n
zenekarkigun	s̺ e n e k a r k i ɡ u n
zenekarkiguten	s̺ e n e k a r k i ɡ u t e n
zenekarkion	s̺ e n e k a r k i o n
zenekarkioten	s̺ e n e k a r k i o t e n
zenekarren	s̺ e n e k a r e n
zenekarten	s̺ e n e k a r t e n
zenekartzan	s̺ e n e k a r t͡s̻ a n
zenekartzaten	s̺ e n e k a r t͡s̻ a t e n
zenekarzkidan	s̺ e n e k a r s̺ k i d a n
zenekarzkidaten	s̺ e n e k a r s̺ k i d a t e n
zenekarzkien	s̺ e n e k a r s̺ k i e n
zenekarzkieten	s̺ e n e k a r s̺ k i e t e n
zenekarzkigun	s̺ e n e k a r s̺ k i ɡ u n
zenekarzkiguten	s̺ e n e k a r s̺ k i ɡ u t e n
zenekarzkion	s̺ e n e k a r s̺ k i o n
zenekarzkioten	s̺ e n e k a r s̺ k i o t e n
zenekien	s̺ e n e k i e n
zenekike	s̺ e n e k i k e
zenekikete	s̺ e n e k i k e t e
zenekiten	s̺ e n e k i t e n
zenekizke	s̺ e n e k i s̺ k e
zenekizkete	s̺ e n e k i s̺ k e t e
zenekizkien	s̺ e n e k i s̺ k i e n
zenekizkiten	s̺ e n e k i s̺ k i t e n
zenekusan	s̺ e n e k u s̺ a n
zenekusaten	s̺ e n e k u s̺ a t e n
zenekusazke	s̺ e n e k u s̺ a s̺ k e
zenekusazkete	s̺ e n e k u s̺ a s̺ k e t e
zenekuske	s̺ e n e k u s̺ k e
zenekuskete	s̺ e n e k u s̺ k e t e
zenekuskien	s̺ e n e k u s̺ k i e n
zenekuskiten	s̺ e n e k u s̺ k i t e n
zenentzuen	s̺ e n e n t͡s̻ u e n
zenentzuke	s̺ e n e n t͡s̻ u k e
zenentzukete	s̺ e n e n t͡s̻ u k e t e
zenentzuten	s̺ e n e n t͡s̻ u t e n
zenentzuzke	s̺ e n e n t͡s̻ u s̺ k e
zenentzuzkete	s̺ e n e n t͡s̻ u s̺ k e t e
zenentzuzkien	s̺ e n e n t͡s̻ u s̺ k i e n
zenentzuzkiten	s̺ e n e n t͡s̻ u s̺ k i t e n
zenerabilen	s̺ e n e ɾ a b i ʎ e n
zenerabilten	s̺ e n e ɾ a b i l t e n
zenerabiltzan	s̺ e n e ɾ a b i l t͡s̻ a n
zenerabiltzaten	s̺ e n e ɾ a b i l t͡s̻ a t e n
zenerakuske	s̺ e n e ɾ a k u s̺ k e
zenerakuskete	s̺ e n e ɾ a k u s̺ k e t e
zenerakuskien	s̺ e n e ɾ a k u s̺ k i e n
zenerakuskiten	s̺ e n e ɾ a k u s̺ k i t e n
zenerakutsan	s̺ e n e ɾ a k u t͡s̻ a n
zenerakutsaten	s̺ e n e ɾ a k u t͡s̻ a t e n
zenerakutsazke	s̺ e n e ɾ a k u t͡s̻ a s̺ k e
zenerakutsazkete	s̺ e n e ɾ a k u t͡s̻ a s̺ k e t e
zeneraman	s̺ e n e ɾ a m a n
zeneramaten	s̺ e n e ɾ a m a t e n
zeneramatzan	s̺ e n e ɾ a m a t͡s̻ a n
zeneramatzaten	s̺ e n e ɾ a m a t͡s̻ a t e n
zeneritzake	s̺ e n e ɾ i t͡s̻ a k e
zeneritzakete	s̺ e n e ɾ i t͡s̻ a k e t e
zeneritzan	s̺ e n e ɾ i t͡s̻ a n
zeneritzaten	s̺ e n e ɾ i t͡s̻ a t e n
zeneritzeke	s̺ e n e ɾ i t͡s̻ e k e
zeneritzekete	s̺ e n e ɾ i t͡s̻ e k e t e
zeneritzen	s̺ e n e ɾ i t͡s̻ e n
zeneritzeten	s̺ e n e ɾ i t͡s̻ e t e n
zeneritzoke	s̺ e n e ɾ i t͡s̻ o k e
zeneritzokete	s̺ e n e ɾ i t͡s̻ o k e t e
zeneritzon	s̺ e n e ɾ i t͡s̻ o n
zeneritzoten	s̺ e n e ɾ i t͡s̻ o t e n
zenerizkuke	s̺ e n e ɾ i s̺ k u k e
zenerizkukete	s̺ e n e ɾ i s̺ k u k e t e
zenerizkun	s̺ e n e ɾ i s̺ k u n
zenerizkuten	s̺ e n e ɾ i s̺ k u t e n
zeneriztake	s̺ e n e ɾ i s̺ t a k e
zeneriztakete	s̺ e n e ɾ i s̺ t a k e t e
zeneriztan	s̺ e n e ɾ i s̺ t a n
zeneriztaten	s̺ e n e ɾ i s̺ t a t e n
zenerizteke	s̺ e n e ɾ i s̺ t e k e
zeneriztekete	s̺ e n e ɾ i s̺ t e k e t e
zenerizten	s̺ e n e ɾ i s̺ t e n
zenerizteten	s̺ e n e ɾ i s̺ t e t e n
zeneroake	s̺ e n e ɾ o a k e
zeneroakete	s̺ e n e ɾ o a k e t e
zeneroan	s̺ e n e ɾ o a n
zeneroaten	s̺ e n e ɾ o a t e n
zeneroatzan	s̺ e n e ɾ o a t͡s̻ a n
zeneroatzaten	s̺ e n e ɾ o a t͡s̻ a t e n
zeneroazke	s̺ e n e ɾ o a s̺ k e
zeneroazkete	s̺ e n e ɾ o a s̺ k e t e
zeneukake	s̺ e n e u̯ k a k e
zeneukakete	s̺ e n e u̯ k a k e t e
zeneukan	s̺ e n e u̯ k a n
zeneukaten	s̺ e n e u̯ k a t e n
zeneuzkake	s̺ e n e u̯ s̺ k a k e
zeneuzkakete	s̺ e n e u̯ s̺ k a k e t e
zeneuzkan	s̺ e n e u̯ s̺ k a n
zeneuzkaten	s̺ e n e u̯ s̺ k a t e n
zenezaguen	s̺ e n e s̺ a ɡ u e n
zenezaguke	s̺ e n e s̺ a ɡ u k e
zenezagukete	s̺ e n e s̺ a ɡ u k e t e
zenezaguten	s̺ e n e s̺ a ɡ u t e n
zenezaguzke	s̺ e n e s̺ a ɡ u s̺ k e
zenezaguzkete	s̺ e n e s̺ a ɡ u s̺ k e t e
zenezaguzkien	s̺ e n e s̺ a ɡ u s̺ k i e n
zenezaguzkiten	s̺ e n e s̺ a ɡ u s̺ k i t e n
zenezake	s̺ e n e s̺ a k e
zenezakeen	s̺ e n e s̺ a k e e n
zenezakete	s̺ e n e s̺ a k e t e
zenezaketen	s̺ e n e s̺ a k e t e n
zenezala	s̺ e n e s̺ a l a
zenezan	s̺ e n e s̺ a n
zenezatela	s̺ e n e s̺ a t e l a
zenezaten	s̺ e n e s̺ a t e n
zengozkidake	s̺ e n ɡ o s̺ k i d a k e
zengozkidakeen	s̺ e n ɡ o s̺ k i d a k e e n
zengozkidakete	s̺ e n ɡ o s̺ k i d a k e t e
zengozkidaketen	s̺ e n ɡ o s̺ k i d a k e t e n
zengozkidan	s̺ e n ɡ o s̺ k i d a n
zengozkidaten	s̺ e n ɡ o s̺ k i d a t e n
zengozkieke	s̺ e n ɡ o s̺ k i e k e
zengozkiekeen	s̺ e n ɡ o s̺ k i e k e e n
zengozkiekete	s̺ e n ɡ o s̺ k i e k e t e
zengozkieketen	s̺ e n ɡ o s̺ k i e k e t e n
zengozkien	s̺ e n ɡ o s̺ k i e n
zengozkieten	s̺ e n ɡ o s̺ k i e t e n
zengozkiguke	s̺ e n ɡ o s̺ k i ɡ u k e
zengozkigukeen	s̺ e n ɡ o s̺ k i ɡ u k e e n
zengozkigukete	s̺ e n ɡ o s̺ k i ɡ u k e t e
zengozkiguketen	s̺ e n ɡ o s̺ k i ɡ u k e t e n
zengozkigun	s̺ e n ɡ o s̺ k i ɡ u n
zengozkiguten	s̺ e n ɡ o s̺ k i ɡ u t e n
zengozkioke	s̺ e n ɡ o s̺ k i o k e
zengozkiokeen	s̺ e n ɡ o s̺ k i o k e e n
zengozkiokete	s̺ e n ɡ o s̺ k i o k e t e
zengozkioketen	s̺ e n ɡ o s̺ k i o k e t e n
zengozkion	s̺ e n ɡ o s̺ k i o n
zengozkioten	s̺ e n ɡ o s̺ k i o t e n
zenidan	s̺ e n i d a n
zenidaten	s̺ e n i d a t e n
zenien	s̺ e n i e n
zenieten	s̺ e n i e t e n
zenigun	s̺ e n i ɡ u n
zeniguten	s̺ e n i ɡ u t e n
zeniharduen	s̺ e n i a r d u e n
zenihardukake	s̺ e n i a r d u k a k e
zenihardukakete	s̺ e n i a r d u k a k e t e
zenihardukan	s̺ e n i a r d u k a n
zenihardukaten	s̺ e n i a r d u k a t e n
zeniharduke	s̺ e n i a r d u k e
zenihardukete	s̺ e n i a r d u k e t e
zeniharduten	s̺ e n i a r d u t e n
zenion	s̺ e n i o n
zenioten	s̺ e n i o t e n
zenirauen	s̺ e n i ɾ a u̯ e n
zenirauke	s̺ e n i ɾ a u̯ k e
zeniraukete	s̺ e n i ɾ a u̯ k e t e
zenirauten	s̺ e n i ɾ a u̯ t e n
zeniro	s̺ e n i ɾ o
zeniroen	s̺ e n i ɾ o e n
zenirote	s̺ e n i ɾ o t e
zeniroten	s̺ e n i ɾ o t e n
zenirudien	s̺ e n i ɾ u d i e n
zenirudike	s̺ e n i ɾ u d i k e
zenirudikete	s̺ e n i ɾ u d i k e t e
zeniruditen	s̺ e n i ɾ u d i t e n
zenituen	s̺ e n i t u e n
zenituzke	s̺ e n i t u s̺ k e
zenituzkeen	s̺ e n i t u s̺ k e e n
zenituzkete	s̺ e n i t u s̺ k e t e
zenituzketen	s̺ e n i t u s̺ k e t e n
zenituzten	s̺ e n i t u s̺ t e n
zenitzake	s̺ e n i t͡s̻ a k e
zenitzakeen	s̺ e n i t͡s̻ a k e e n
zenitzakete	s̺ e n i t͡s̻ a k e t e
zenitzaketen	s̺ e n i t͡s̻ a k e t e n
zenitzala	s̺ e n i t͡s̻ a l a
zenitzan	s̺ e n i t͡s̻ a n
zenitzatela	s̺ e n i t͡s̻ a t e l a
zenitzaten	s̺ e n i t͡s̻ a t e n
zenizkidan	s̺ e n i s̺ k i d a n
zenizkidaten	s̺ e n i s̺ k i d a t e n
zenizkien	s̺ e n i s̺ k i e n
zenizkieten	s̺ e n i s̺ k i e t e n
zenizkigun	s̺ e n i s̺ k i ɡ u n
zenizkiguten	s̺ e n i s̺ k i ɡ u t e n
zenizkion	s̺ e n i s̺ k i o n
zenizkioten	s̺ e n i s̺ k i o t e n
zenkizkieke	s̺ e n k i s̺ k i e k e
zenkizkiekete	s̺ e n k i s̺ k i e k e t e
zenkizkien	s̺ e n k i s̺ k i e n
zenkizkieten	s̺ e n k i s̺ k i e t e n
zenkizkioke	s̺ e n k i s̺ k i o k e
zenkizkiokete	s̺ e n k i s̺ k i o k e t e
zenkizkion	s̺ e n k i s̺ k i o n
zenkizkioten	s̺ e n k i s̺ k i o t e n
zentozen	s̺ e n t o s̺ e n
zentozke	s̺ e n t o s̺ k e
zentozkeen	s̺ e n t o s̺ k e e n
zentozkete	s̺ e n t o s̺ k e t e
zentozketen	s̺ e n t o s̺ k e t e n
zentozkidake	s̺ e n t o s̺ k i d a k e
zentozkidakeen	s̺ e n t o s̺ k i d a k e e n
zentozkidakete	s̺ e n t o s̺ k i d a k e t e
zentozkidaketen	s̺ e n t o s̺ k i d a k e t e n
zentozkidan	s̺ e n t o s̺ k i d a n
zentozkidaten	s̺ e n t o s̺ k i d a t e n
zentozkieke	s̺ e n t o s̺ k i e k e
zentozkiekeen	s̺ e n t o s̺ k i e k e e n
zentozkiekete	s̺ e n t o s̺ k i e k e t e
zentozkieketen	s̺ e n t o s̺ k i e k e t e n
zentozkien	s̺ e n t o s̺ k i e n
zentozkieten	s̺ e n t o s̺ k i e t e n
zentozkiguke	s̺ e n t o s̺ k i ɡ u k e
zentozkigukeen	s̺ e n t o s̺ k i ɡ u k e e n
zentozkigukete	s̺ e n t o s̺ k i ɡ u k e t e
zentozkiguketen	s̺ e n t o s̺ k i ɡ u k e t e n
zentozkigun	s̺ e n t o s̺ k i ɡ u n
zentozkiguten	s̺ e n t o s̺ k i ɡ u t e n
zentozkioke	s̺ e n t o s̺ k i o k e
zentozkiokeen	s̺ e n t o s̺ k i o k e e n
zentozkiokete	s̺ e n t o s̺ k i o k e t e
zentozkioketen	s̺ e n t o s̺ k i o k e t e n
zentozkion	s̺ e n t o s̺ k i o n
zentozkioten	s̺ e n t o s̺ k i o t e n
zentozten	s̺ e n t o s̺ t e n
zentxezkidake	s̺ e n t͡ʃ e s̺ k i d a k e
zentxezkidakete	s̺ e n t͡ʃ e s̺ k i d a k e t e
zentxezkidan	s̺ e n t͡ʃ e s̺ k i d a n
zentxezkidaten	s̺ e n t͡ʃ e s̺ k i d a t e n
zentxezkieke	s̺ e n t͡ʃ e s̺ k i e k e
zentxezkiekete	s̺ e n t͡ʃ e s̺ k i e k e t e
zentxezkien	s̺ e n t͡ʃ e s̺ k i e n
zentxezkieten	s̺ e n t͡ʃ e s̺ k i e t e n
zentxezkiguke	s̺ e n t͡ʃ e s̺ k i ɡ u k e
zentxezkigukete	s̺ e n t͡ʃ e s̺ k i ɡ u k e t e
zentxezkigun	s̺ e n t͡ʃ e s̺ k i ɡ u n
zentxezkiguten	s̺ e n t͡ʃ e s̺ k i ɡ u t e n
zentxezkioke	s̺ e n t͡ʃ e s̺ k i o k e
zentxezkiokete	s̺ e n t͡ʃ e s̺ k i o k e t e
zentxezkion	s̺ e n t͡ʃ e s̺ k i o n
zentxezkioten	s̺ e n t͡ʃ e s̺ k i o t e n
zentzuagu	s̺ e n t͡s̻ u a ɡ u
zentzuan	s̺ e n t͡s̻ u a n
zentzuat	s̺ e n t͡s̻ u a t
zentzuen	s̺ e n t͡s̻ u e n
zentzuk	s̺ e n t͡s̻ u k
zentzun	s̺ e n t͡s̻ u n
zentzunagu	s̺ e n t͡s̻ u n a ɡ u
zentzunan	s̺ e n t͡s̻ u n a n
zentzunat	s̺ e n t͡s̻ u n a t
zentzutean	s̺ e n t͡s̻ u t e a n
zentzutek	s̺ e n t͡s̻ u t e k
zentzuten	s̺ e n t͡s̻ u t e n
zentzutenan	s̺ e n t͡s̻ u t e n a n
zentzuzkiagu	s̺ e n t͡s̻ u s̺ k i a ɡ u
zentzuzkian	s̺ e n t͡s̻ u s̺ k i a n
zentzuzkiat	s̺ e n t͡s̻ u s̺ k i a t
zentzuzkien	s̺ e n t͡s̻ u s̺ k i e n
zentzuzkik	s̺ e n t͡s̻ u s̺ k i k
zentzuzkin	s̺ e n t͡s̻ u s̺ k i n
zentzuzkinagu	s̺ e n t͡s̻ u s̺ k i ɲ a ɡ u
zentzuzkinan	s̺ e n t͡s̻ u s̺ k i ɲ a n
zentzuzkinat	s̺ e n t͡s̻ u s̺ k i ɲ a t
zentzuzkitean	s̺ e n t͡s̻ u s̺ k i t e a n
zentzuzkitek	s̺ e n t͡s̻ u s̺ k i t e k
zentzuzkiten	s̺ e n t͡s̻ u s̺ k i t e n
zentzuzkitenan	s̺ e n t͡s̻ u s̺ k i t e n a n
zenuen	s̺ e n u e n
zenuke	s̺ e n u k e
zenukeen	s̺ e n u k e e n
zenukete	s̺ e n u k e t e
zenuketen	s̺ e n u k e t e n
zenuten	s̺ e n u t e n
zer	s̺ e ɾ
zera	s̺ e ɾ a
zerabileagu	s̺ e ɾ a b i ʎ e a ɡ u
zerabilean	s̺ e ɾ a b i ʎ e a n
zerabileat	s̺ e ɾ a b i ʎ e a t
zerabilek	s̺ e ɾ a b i ʎ e k
zerabilen	s̺ e ɾ a b i ʎ e n
zerabilenagu	s̺ e ɾ a b i ʎ e n a ɡ u
zerabilenan	s̺ e ɾ a b i ʎ e n a n
zerabilenat	s̺ e ɾ a b i ʎ e n a t
zerabilkiagu	s̺ e ɾ a b i l k i a ɡ u
zerabilkiat	s̺ e ɾ a b i l k i a t
zerabilkidaan	s̺ e ɾ a b i l k i d a a n
zerabilkidanan	s̺ e ɾ a b i l k i d a n a n
zerabilkidatean	s̺ e ɾ a b i l k i d a t e a n
zerabilkidatek	s̺ e ɾ a b i l k i d a t e k
zerabilkidaten	s̺ e ɾ a b i l k i d a t e n
zerabilkidatenan	s̺ e ɾ a b i l k i d a t e n a n
zerabilkieagu	s̺ e ɾ a b i l k i e a ɡ u
zerabilkiean	s̺ e ɾ a b i l k i e a n
zerabilkieat	s̺ e ɾ a b i l k i e a t
zerabilkiek	s̺ e ɾ a b i l k i e k
zerabilkien	s̺ e ɾ a b i l k i e n
zerabilkienagu	s̺ e ɾ a b i l k i e n a ɡ u
zerabilkienan	s̺ e ɾ a b i l k i e n a n
zerabilkienat	s̺ e ɾ a b i l k i e n a t
zerabilkietean	s̺ e ɾ a b i l k i e t e a n
zerabilkietek	s̺ e ɾ a b i l k i e t e k
zerabilkieten	s̺ e ɾ a b i l k i e t e n
zerabilkietenan	s̺ e ɾ a b i l k i e t e n a n
zerabilkiguan	s̺ e ɾ a b i l k i ɡ u a n
zerabilkigunan	s̺ e ɾ a b i l k i ɡ u n a n
zerabilkigutean	s̺ e ɾ a b i l k i ɡ u t e a n
zerabilkigutek	s̺ e ɾ a b i l k i ɡ u t e k
zerabilkiguten	s̺ e ɾ a b i l k i ɡ u t e n
zerabilkigutenan	s̺ e ɾ a b i l k i ɡ u t e n a n
zerabilkinagu	s̺ e ɾ a b i l k i ɲ a ɡ u
zerabilkinat	s̺ e ɾ a b i l k i ɲ a t
zerabilkioagu	s̺ e ɾ a b i l k i o a ɡ u
zerabilkioan	s̺ e ɾ a b i l k i o a n
zerabilkioat	s̺ e ɾ a b i l k i o a t
zerabilkiok	s̺ e ɾ a b i l k i o k
zerabilkion	s̺ e ɾ a b i l k i o n
zerabilkionagu	s̺ e ɾ a b i l k i o n a ɡ u
zerabilkionan	s̺ e ɾ a b i l k i o n a n
zerabilkionat	s̺ e ɾ a b i l k i o n a t
zerabilkiotean	s̺ e ɾ a b i l k i o t e a n
zerabilkiotek	s̺ e ɾ a b i l k i o t e k
zerabilkioten	s̺ e ɾ a b i l k i o t e n
zerabilkiotenan	s̺ e ɾ a b i l k i o t e n a n
zerabiltean	s̺ e ɾ a b i l t e a n
zerabiltek	s̺ e ɾ a b i l t e k
zerabilten	s̺ e ɾ a b i l t e n
zerabiltenan	s̺ e ɾ a b i l t e n a n
zerabiltzaagu	s̺ e ɾ a b i l t͡s̻ a a ɡ u
zerabiltzaan	s̺ e ɾ a b i l t͡s̻ a a n
zerabiltzaat	s̺ e ɾ a b i l t͡s̻ a a t
zerabiltzak	s̺ e ɾ a b i l t͡s̻ a k
zerabiltzan	s̺ e ɾ a b i l t͡s̻ a n
zerabiltzanagu	s̺ e ɾ a b i l t͡s̻ a n a ɡ u
zerabiltzanan	s̺ e ɾ a b i l t͡s̻ a n a n
zerabiltzanat	s̺ e ɾ a b i l t͡s̻ a n a t
zerabiltzatean	s̺ e ɾ a b i l t͡s̻ a t e a n
zerabiltzatek	s̺ e ɾ a b i l t͡s̻ a t e k
zerabiltzaten	s̺ e ɾ a b i l t͡s̻ a t e n
zerabiltzatenan	s̺ e ɾ a b i l t͡s̻ a t e n a n
zerabilzkiagu	s̺ e ɾ a b i l s̺ k i a ɡ u
zerabilzkiat	s̺ e ɾ a b i l s̺ k i a t
zerabilzkidaan	s̺ e ɾ a b i l s̺ k i d a a n
zerabilzkidanan	s̺ e ɾ a b i l s̺ k i d a n a n
zerabilzkidatean	s̺ e ɾ a b i l s̺ k i d a t e a n
zerabilzkidatek	s̺ e ɾ a b i l s̺ k i d a t e k
zerabilzkidaten	s̺ e ɾ a b i l s̺ k i d a t e n
zerabilzkidatenan	s̺ e ɾ a b i l s̺ k i d a t e n a n
zerabilzkieagu	s̺ e ɾ a b i l s̺ k i e a ɡ u
zerabilzkiean	s̺ e ɾ a b i l s̺ k i e a n
zerabilzkieat	s̺ e ɾ a b i l s̺ k i e a t
zerabilzkiek	s̺ e ɾ a b i l s̺ k i e k
zerabilzkien	s̺ e ɾ a b i l s̺ k i e n
zerabilzkienagu	s̺ e ɾ a b i l s̺ k i e n a ɡ u
zerabilzkienan	s̺ e ɾ a b i l s̺ k i e n a n
zerabilzkienat	s̺ e ɾ a b i l s̺ k i e n a t
zerabilzkietean	s̺ e ɾ a b i l s̺ k i e t e a n
zerabilzkietek	s̺ e ɾ a b i l s̺ k i e t e k
zerabilzkieten	s̺ e ɾ a b i l s̺ k i e t e n
zerabilzkietenan	s̺ e ɾ a b i l s̺ k i e t e n a n
zerabilzkiguan	s̺ e ɾ a b i l s̺ k i ɡ u a n
zerabilzkigunan	s̺ e ɾ a b i l s̺ k i ɡ u n a n
zerabilzkigutean	s̺ e ɾ a b i l s̺ k i ɡ u t e a n
zerabilzkigutek	s̺ e ɾ a b i l s̺ k i ɡ u t e k
zerabilzkiguten	s̺ e ɾ a b i l s̺ k i ɡ u t e n
zerabilzkigutenan	s̺ e ɾ a b i l s̺ k i ɡ u t e n a n
zerabilzkinagu	s̺ e ɾ a b i l s̺ k i ɲ a ɡ u
zerabilzkinat	s̺ e ɾ a b i l s̺ k i ɲ a t
zerabilzkioagu	s̺ e ɾ a b i l s̺ k i o a ɡ u
zerabilzkioan	s̺ e ɾ a b i l s̺ k i o a n
zerabilzkioat	s̺ e ɾ a b i l s̺ k i o a t
zerabilzkiok	s̺ e ɾ a b i l s̺ k i o k
zerabilzkion	s̺ e ɾ a b i l s̺ k i o n
zerabilzkionagu	s̺ e ɾ a b i l s̺ k i o n a ɡ u
zerabilzkionan	s̺ e ɾ a b i l s̺ k i o n a n
zerabilzkionat	s̺ e ɾ a b i l s̺ k i o n a t
zerabilzkiotean	s̺ e ɾ a b i l s̺ k i o t e a n
zerabilzkiotek	s̺ e ɾ a b i l s̺ k i o t e k
zerabilzkioten	s̺ e ɾ a b i l s̺ k i o t e n
zerabilzkiotenan	s̺ e ɾ a b i l s̺ k i o t e n a n
zerakuskiagu	s̺ e ɾ a k u s̺ k i a ɡ u
zerakuskian	s̺ e ɾ a k u s̺ k i a n
zerakuskiat	s̺ e ɾ a k u s̺ k i a t
zerakuskien	s̺ e ɾ a k u s̺ k i e n
zerakuskik	s̺ e ɾ a k u s̺ k i k
zerakuskin	s̺ e ɾ a k u s̺ k i n
zerakuskinagu	s̺ e ɾ a k u s̺ k i ɲ a ɡ u
zerakuskinan	s̺ e ɾ a k u s̺ k i ɲ a n
zerakuskinat	s̺ e ɾ a k u s̺ k i ɲ a t
zerakuskitean	s̺ e ɾ a k u s̺ k i t e a n
zerakuskitek	s̺ e ɾ a k u s̺ k i t e k
zerakuskiten	s̺ e ɾ a k u s̺ k i t e n
zerakuskitenan	s̺ e ɾ a k u s̺ k i t e n a n
zerakutsaagu	s̺ e ɾ a k u t͡s̻ a a ɡ u
zerakutsaan	s̺ e ɾ a k u t͡s̻ a a n
zerakutsaat	s̺ e ɾ a k u t͡s̻ a a t
zerakutsak	s̺ e ɾ a k u t͡s̻ a k
zerakutsan	s̺ e ɾ a k u t͡s̻ a n
zerakutsanagu	s̺ e ɾ a k u t͡s̻ a n a ɡ u
zerakutsanan	s̺ e ɾ a k u t͡s̻ a n a n
zerakutsanat	s̺ e ɾ a k u t͡s̻ a n a t
zerakutsatean	s̺ e ɾ a k u t͡s̻ a t e a n
zerakutsatek	s̺ e ɾ a k u t͡s̻ a t e k
zerakutsaten	s̺ e ɾ a k u t͡s̻ a t e n
zerakutsatenan	s̺ e ɾ a k u t͡s̻ a t e n a n
zeramaan	s̺ e ɾ a m a a n
zeramak	s̺ e ɾ a m a k
zeramakidaten	s̺ e ɾ a m a k i d a t e n
zeramakien	s̺ e ɾ a m a k i e n
zeramakietean	s̺ e ɾ a m a k i e t e a n
zeramakieten	s̺ e ɾ a m a k i e t e n
zeramakietenan	s̺ e ɾ a m a k i e t e n a n
zeramakiguten	s̺ e ɾ a m a k i ɡ u t e n
zeramakion	s̺ e ɾ a m a k i o n
zeramakioten	s̺ e ɾ a m a k i o t e n
zeraman	s̺ e ɾ a m a n
zeramanan	s̺ e ɾ a m a n a n
zeramaten	s̺ e ɾ a m a t e n
zeramatzaan	s̺ e ɾ a m a t͡s̻ a a n
zeramatzak	s̺ e ɾ a m a t͡s̻ a k
zeramatzan	s̺ e ɾ a m a t͡s̻ a n
zeramatzanan	s̺ e ɾ a m a t͡s̻ a n a n
zeramatzaten	s̺ e ɾ a m a t͡s̻ a t e n
zeramazkidaten	s̺ e ɾ a m a s̺ k i d a t e n
zeramazkien	s̺ e ɾ a m a s̺ k i e n
zeramazkieten	s̺ e ɾ a m a s̺ k i e t e n
zeramazkiguten	s̺ e ɾ a m a s̺ k i ɡ u t e n
zeramazkioan	s̺ e ɾ a m a s̺ k i o a n
zeramazkion	s̺ e ɾ a m a s̺ k i o n
zeramazkionan	s̺ e ɾ a m a s̺ k i o n a n
zeramazkioten	s̺ e ɾ a m a s̺ k i o t e n
zerauntsen	s̺ e ɾ a u̯ n t͡s̻ e n
zerauntsetean	s̺ e ɾ a u̯ n t͡s̻ e t e a n
zerauntseten	s̺ e ɾ a u̯ n t͡s̻ e t e n
zerauntsetenan	s̺ e ɾ a u̯ n t͡s̻ e t e n a n
zerauntson	s̺ e ɾ a u̯ n t͡s̻ o n
zerauntsoten	s̺ e ɾ a u̯ n t͡s̻ o t e n
zerbait	s̺ e r b a i̯ t
zerbeza	s̺ e r b e s̺ a
zerbitzu	s̺ e r b i t͡s̻ u
zerbitzugune	s̺ e r b i t͡s̻ u ɡ u n e
zerbütxü	s̻ e r b y t͡ʃ y
zerbütxügüne	s̻ e r b y t͡ʃ y ɡ y n e
zerekin	s̺ e ɾ e k i n
zeremonia	s̺ e ɾ e m o n i a
zeren	s̺ e ɾ e n
zerentzat	s̺ e ɾ e n t͡s̻ a t
zerez	s̺ e ɾ e s̺
zerga	s̺ e r ɡ a
zergatik	s̺ e r ɡ a t i k
zeri	s̺ e ɾ i
zerian	s̺ e ɾ i a n
zeridaan	s̺ e ɾ i d a a n
zeridak	s̺ e ɾ i d a k
zeridan	s̺ e ɾ i d a n
zeridanan	s̺ e ɾ i d a n a n
zeriean	s̺ e ɾ i e a n
zeriek	s̺ e ɾ i e k
zerien	s̺ e ɾ i e n
zerienan	s̺ e ɾ i e n a n
zeriguan	s̺ e ɾ i ɡ u a n
zeriguk	s̺ e ɾ i ɡ u k
zerigun	s̺ e ɾ i ɡ u n
zerigunan	s̺ e ɾ i ɡ u n a n
zerikusi	s̺ e ɾ i k u s̺ i
zerinan	s̺ e ɾ i ɲ a n
zerioan	s̺ e ɾ i o a n
zeriok	s̺ e ɾ i o k
zerion	s̺ e ɾ i o n
zerionan	s̺ e ɾ i o n a n
zeritzaagu	s̺ e ɾ i t͡s̻ a a ɡ u
zeritzaan	s̺ e ɾ i t͡s̻ a a n
zeritzaat	s̺ e ɾ i t͡s̻ a a t
zeritzak	s̺ e ɾ i t͡s̻ a k
zeritzan	s̺ e ɾ i t͡s̻ a n
zeritzanagu	s̺ e ɾ i t͡s̻ a n a ɡ u
zeritzanan	s̺ e ɾ i t͡s̻ a n a n
zeritzanat	s̺ e ɾ i t͡s̻ a n a t
zeritzatean	s̺ e ɾ i t͡s̻ a t e a n
zeritzatek	s̺ e ɾ i t͡s̻ a t e k
zeritzaten	s̺ e ɾ i t͡s̻ a t e n
zeritzatenan	s̺ e ɾ i t͡s̻ a t e n a n
zeritzeagu	s̺ e ɾ i t͡s̻ e a ɡ u
zeritzean	s̺ e ɾ i t͡s̻ e a n
zeritzeat	s̺ e ɾ i t͡s̻ e a t
zeritzek	s̺ e ɾ i t͡s̻ e k
zeritzen	s̺ e ɾ i t͡s̻ e n
zeritzenagu	s̺ e ɾ i t͡s̻ e n a ɡ u
zeritzenan	s̺ e ɾ i t͡s̻ e n a n
zeritzenat	s̺ e ɾ i t͡s̻ e n a t
zeritzetean	s̺ e ɾ i t͡s̻ e t e a n
zeritzetek	s̺ e ɾ i t͡s̻ e t e k
zeritzeten	s̺ e ɾ i t͡s̻ e t e n
zeritzetenan	s̺ e ɾ i t͡s̻ e t e n a n
zeritzoagu	s̺ e ɾ i t͡s̻ o a ɡ u
zeritzoan	s̺ e ɾ i t͡s̻ o a n
zeritzoat	s̺ e ɾ i t͡s̻ o a t
zeritzok	s̺ e ɾ i t͡s̻ o k
zeritzon	s̺ e ɾ i t͡s̻ o n
zeritzonagu	s̺ e ɾ i t͡s̻ o n a ɡ u
zeritzonan	s̺ e ɾ i t͡s̻ o n a n
zeritzonat	s̺ e ɾ i t͡s̻ o n a t
zeritzotean	s̺ e ɾ i t͡s̻ o t e a n
zeritzotek	s̺ e ɾ i t͡s̻ o t e k
zeritzoten	s̺ e ɾ i t͡s̻ o t e n
zeritzotenan	s̺ e ɾ i t͡s̻ o t e n a n
zeritzuen	s̺ e ɾ i t͡s̻ u e n
zeritzueten	s̺ e ɾ i t͡s̻ u e t e n
zeritzun	s̺ e ɾ i t͡s̻ u n
zeritzuten	s̺ e ɾ i t͡s̻ u t e n
zerizan	s̺ e ɾ i s̺ a n
zerizaten	s̺ e ɾ i s̺ a t e n
zerizkian	s̺ e ɾ i s̺ k i a n
zerizkidaan	s̺ e ɾ i s̺ k i d a a n
zerizkidak	s̺ e ɾ i s̺ k i d a k
zerizkidan	s̺ e ɾ i s̺ k i d a n
zerizkidanan	s̺ e ɾ i s̺ k i d a n a n
zerizkiean	s̺ e ɾ i s̺ k i e a n
zerizkiek	s̺ e ɾ i s̺ k i e k
zerizkien	s̺ e ɾ i s̺ k i e n
zerizkienan	s̺ e ɾ i s̺ k i e n a n
zerizkiguan	s̺ e ɾ i s̺ k i ɡ u a n
zerizkiguk	s̺ e ɾ i s̺ k i ɡ u k
zerizkigun	s̺ e ɾ i s̺ k i ɡ u n
zerizkigunan	s̺ e ɾ i s̺ k i ɡ u n a n
zerizkinan	s̺ e ɾ i s̺ k i ɲ a n
zerizkioan	s̺ e ɾ i s̺ k i o a n
zerizkiok	s̺ e ɾ i s̺ k i o k
zerizkion	s̺ e ɾ i s̺ k i o n
zerizkionan	s̺ e ɾ i s̺ k i o n a n
zerizkizuen	s̺ e ɾ i s̺ k i s̺ u e n
zerizkizun	s̺ e ɾ i s̺ k i s̺ u n
zerizkuan	s̺ e ɾ i s̺ k u a n
zerizkuk	s̺ e ɾ i s̺ k u k
zerizkun	s̺ e ɾ i s̺ k u n
zerizkunan	s̺ e ɾ i s̺ k u n a n
zerizkutean	s̺ e ɾ i s̺ k u t e a n
zerizkutek	s̺ e ɾ i s̺ k u t e k
zerizkuten	s̺ e ɾ i s̺ k u t e n
zerizkutenan	s̺ e ɾ i s̺ k u t e n a n
zeriznan	s̺ e ɾ i s̺ n a n
zeriznaten	s̺ e ɾ i s̺ n a t e n
zeriztaan	s̺ e ɾ i s̺ t a a n
zeriztak	s̺ e ɾ i s̺ t a k
zeriztan	s̺ e ɾ i s̺ t a n
zeriztanan	s̺ e ɾ i s̺ t a n a n
zeriztatean	s̺ e ɾ i s̺ t a t e a n
zeriztatek	s̺ e ɾ i s̺ t a t e k
zeriztaten	s̺ e ɾ i s̺ t a t e n
zeriztatenan	s̺ e ɾ i s̺ t a t e n a n
zerizteagu	s̺ e ɾ i s̺ t e a ɡ u
zeriztean	s̺ e ɾ i s̺ t e a n
zerizteat	s̺ e ɾ i s̺ t e a t
zeriztek	s̺ e ɾ i s̺ t e k
zerizten	s̺ e ɾ i s̺ t e n
zeriztenagu	s̺ e ɾ i s̺ t e n a ɡ u
zeriztenan	s̺ e ɾ i s̺ t e n a n
zeriztenat	s̺ e ɾ i s̺ t e n a t
zeriztetean	s̺ e ɾ i s̺ t e t e a n
zeriztetek	s̺ e ɾ i s̺ t e t e k
zerizteten	s̺ e ɾ i s̺ t e t e n
zeriztetenan	s̺ e ɾ i s̺ t e t e n a n
zerizuen	s̺ e ɾ i s̺ u e n
zerizun	s̺ e ɾ i s̺ u n
zerk	s̺ e r k
zero	s̺ e ɾ o
zeroaagu	s̺ e ɾ o a a ɡ u
zeroaan	s̺ e ɾ o a a n
zeroaat	s̺ e ɾ o a a t
zeroan	s̺ e ɾ o a n
zeroanagu	s̺ e ɾ o a n a ɡ u
zeroanan	s̺ e ɾ o a n a n
zeroanat	s̺ e ɾ o a n a t
zeroatean	s̺ e ɾ o a t e a n
zeroatek	s̺ e ɾ o a t e k
zeroaten	s̺ e ɾ o a t e n
zeroatenan	s̺ e ɾ o a t e n a n
zeroatzaagu	s̺ e ɾ o a t͡s̻ a a ɡ u
zeroatzaan	s̺ e ɾ o a t͡s̻ a a n
zeroatzaat	s̺ e ɾ o a t͡s̻ a a t
zeroatzak	s̺ e ɾ o a t͡s̻ a k
zeroatzan	s̺ e ɾ o a t͡s̻ a n
zeroatzanagu	s̺ e ɾ o a t͡s̻ a n a ɡ u
zeroatzanan	s̺ e ɾ o a t͡s̻ a n a n
zeroatzanat	s̺ e ɾ o a t͡s̻ a n a t
zeroatzatean	s̺ e ɾ o a t͡s̻ a t e a n
zeroatzatek	s̺ e ɾ o a t͡s̻ a t e k
zeroatzaten	s̺ e ɾ o a t͡s̻ a t e n
zeroatzatenan	s̺ e ɾ o a t͡s̻ a t e n a n
zerogarren	s̺ e ɾ o ɡ a r e n
zerra	s̺ e r a
zerraian	s̺ e r a i̯ a n
zerraidaan	s̺ e r a i̯ d a a n
zerraidak	s̺ e r a i̯ d a k
zerraidan	s̺ e r a i̯ d a n
zerraidanan	s̺ e r a i̯ d a n a n
zerraiean	s̺ e r a i̯ e a n
zerraiek	s̺ e r a i̯ e k
zerraien	s̺ e r a i̯ e n
zerraienan	s̺ e r a i̯ e n a n
zerraiguan	s̺ e r a i̯ ɡ u a n
zerraiguk	s̺ e r a i̯ ɡ u k
zerraigun	s̺ e r a i̯ ɡ u n
zerraigunan	s̺ e r a i̯ ɡ u n a n
zerrainan	s̺ e r a ɲ a n
zerraioan	s̺ e r a i̯ o a n
zerraiok	s̺ e r a i̯ o k
zerraion	s̺ e r a i̯ o n
zerraionan	s̺ e r a i̯ o n a n
zerraizkian	s̺ e r a i̯ s̺ k i a n
zerraizkidaan	s̺ e r a i̯ s̺ k i d a a n
zerraizkidak	s̺ e r a i̯ s̺ k i d a k
zerraizkidan	s̺ e r a i̯ s̺ k i d a n
zerraizkidanan	s̺ e r a i̯ s̺ k i d a n a n
zerraizkiean	s̺ e r a i̯ s̺ k i e a n
zerraizkiek	s̺ e r a i̯ s̺ k i e k
zerraizkien	s̺ e r a i̯ s̺ k i e n
zerraizkienan	s̺ e r a i̯ s̺ k i e n a n
zerraizkiguan	s̺ e r a i̯ s̺ k i ɡ u a n
zerraizkiguk	s̺ e r a i̯ s̺ k i ɡ u k
zerraizkigun	s̺ e r a i̯ s̺ k i ɡ u n
zerraizkigunan	s̺ e r a i̯ s̺ k i ɡ u n a n
zerraizkinan	s̺ e r a i̯ s̺ k i ɲ a n
zerraizkioan	s̺ e r a i̯ s̺ k i o a n
zerraizkiok	s̺ e r a i̯ s̺ k i o k
zerraizkion	s̺ e r a i̯ s̺ k i o n
zerraizkionan	s̺ e r a i̯ s̺ k i o n a n
zerraizkizuen	s̺ e r a i̯ s̺ k i s̺ u e n
zerraizkizun	s̺ e r a i̯ s̺ k i s̺ u n
zerraizuen	s̺ e r a i̯ s̺ u e n
zerraizun	s̺ e r a i̯ s̺ u n
zerrama	s̺ e r a m a
zerri	s̺ e r i
zertaz	s̺ e r t a s̺
zertzeta	s̺ e r t͡s̻ e t a
zeru	s̺ e ɾ u
zeta	s̺ e t a
zetorkean	s̺ e t o r k e a n
zetorkeen	s̺ e t o r k e e n
zetorkek	s̺ e t o r k e k
zetorken	s̺ e t o r k e n
zetorkenan	s̺ e t o r k e n a n
zetorkiakeen	s̺ e t o r k i a k e e n
zetorkian	s̺ e t o r k i a n
zetorkidaan	s̺ e t o r k i d a a n
zetorkidak	s̺ e t o r k i d a k
zetorkidakean	s̺ e t o r k i d a k e a n
zetorkidakeen	s̺ e t o r k i d a k e e n
zetorkidakek	s̺ e t o r k i d a k e k
zetorkidaken	s̺ e t o r k i d a k e n
zetorkidakenan	s̺ e t o r k i d a k e n a n
zetorkidan	s̺ e t o r k i d a n
zetorkidanan	s̺ e t o r k i d a n a n
zetorkiean	s̺ e t o r k i e a n
zetorkiek	s̺ e t o r k i e k
zetorkiekean	s̺ e t o r k i e k e a n
zetorkiekeen	s̺ e t o r k i e k e e n
zetorkiekek	s̺ e t o r k i e k e k
zetorkieken	s̺ e t o r k i e k e n
zetorkiekenan	s̺ e t o r k i e k e n a n
zetorkien	s̺ e t o r k i e n
zetorkienan	s̺ e t o r k i e n a n
zetorkiguan	s̺ e t o r k i ɡ u a n
zetorkiguk	s̺ e t o r k i ɡ u k
zetorkigukean	s̺ e t o r k i ɡ u k e a n
zetorkigukeen	s̺ e t o r k i ɡ u k e e n
zetorkigukek	s̺ e t o r k i ɡ u k e k
zetorkiguken	s̺ e t o r k i ɡ u k e n
zetorkigukenan	s̺ e t o r k i ɡ u k e n a n
zetorkigun	s̺ e t o r k i ɡ u n
zetorkigunan	s̺ e t o r k i ɡ u n a n
zetorkinakeen	s̺ e t o r k i ɲ a k e e n
zetorkinan	s̺ e t o r k i ɲ a n
zetorkioan	s̺ e t o r k i o a n
zetorkiok	s̺ e t o r k i o k
zetorkiokean	s̺ e t o r k i o k e a n
zetorkiokeen	s̺ e t o r k i o k e e n
zetorkiokek	s̺ e t o r k i o k e k
zetorkioken	s̺ e t o r k i o k e n
zetorkiokenan	s̺ e t o r k i o k e n a n
zetorkion	s̺ e t o r k i o n
zetorkionan	s̺ e t o r k i o n a n
zetorkizuekeen	s̺ e t o r k i s̺ u e k e e n
zetorkizuen	s̺ e t o r k i s̺ u e n
zetorkizukeen	s̺ e t o r k i s̺ u k e e n
zetorkizun	s̺ e t o r k i s̺ u n
zetorrean	s̺ e t o r e a n
zetorrek	s̺ e t o r e k
zetorren	s̺ e t o r e n
zetorrenan	s̺ e t o r e n a n
zetozaan	s̺ e t o s̺ a a n
zetozak	s̺ e t o s̺ a k
zetozan	s̺ e t o s̺ a n
zetozanan	s̺ e t o s̺ a n a n
zetozen	s̺ e t o s̺ e n
zetozkean	s̺ e t o s̺ k e a n
zetozkeen	s̺ e t o s̺ k e e n
zetozkek	s̺ e t o s̺ k e k
zetozken	s̺ e t o s̺ k e n
zetozkenan	s̺ e t o s̺ k e n a n
zetozkiakeen	s̺ e t o s̺ k i a k e e n
zetozkian	s̺ e t o s̺ k i a n
zetozkidaan	s̺ e t o s̺ k i d a a n
zetozkidak	s̺ e t o s̺ k i d a k
zetozkidakean	s̺ e t o s̺ k i d a k e a n
zetozkidakeen	s̺ e t o s̺ k i d a k e e n
zetozkidakek	s̺ e t o s̺ k i d a k e k
zetozkidaken	s̺ e t o s̺ k i d a k e n
zetozkidakenan	s̺ e t o s̺ k i d a k e n a n
zetozkidan	s̺ e t o s̺ k i d a n
zetozkidanan	s̺ e t o s̺ k i d a n a n
zetozkiean	s̺ e t o s̺ k i e a n
zetozkiek	s̺ e t o s̺ k i e k
zetozkiekean	s̺ e t o s̺ k i e k e a n
zetozkiekeen	s̺ e t o s̺ k i e k e e n
zetozkiekek	s̺ e t o s̺ k i e k e k
zetozkieken	s̺ e t o s̺ k i e k e n
zetozkiekenan	s̺ e t o s̺ k i e k e n a n
zetozkien	s̺ e t o s̺ k i e n
zetozkienan	s̺ e t o s̺ k i e n a n
zetozkiguan	s̺ e t o s̺ k i ɡ u a n
zetozkiguk	s̺ e t o s̺ k i ɡ u k
zetozkigukean	s̺ e t o s̺ k i ɡ u k e a n
zetozkigukeen	s̺ e t o s̺ k i ɡ u k e e n
zetozkigukek	s̺ e t o s̺ k i ɡ u k e k
zetozkiguken	s̺ e t o s̺ k i ɡ u k e n
zetozkigukenan	s̺ e t o s̺ k i ɡ u k e n a n
zetozkigun	s̺ e t o s̺ k i ɡ u n
zetozkigunan	s̺ e t o s̺ k i ɡ u n a n
zetozkinakeen	s̺ e t o s̺ k i ɲ a k e e n
zetozkinan	s̺ e t o s̺ k i ɲ a n
zetozkioan	s̺ e t o s̺ k i o a n
zetozkiok	s̺ e t o s̺ k i o k
zetozkiokean	s̺ e t o s̺ k i o k e a n
zetozkiokeen	s̺ e t o s̺ k i o k e e n
zetozkiokek	s̺ e t o s̺ k i o k e k
zetozkioken	s̺ e t o s̺ k i o k e n
zetozkiokenan	s̺ e t o s̺ k i o k e n a n
zetozkion	s̺ e t o s̺ k i o n
zetozkionan	s̺ e t o s̺ k i o n a n
zetozkizuekeen	s̺ e t o s̺ k i s̺ u e k e e n
zetozkizuen	s̺ e t o s̺ k i s̺ u e n
zetozkizukeen	s̺ e t o s̺ k i s̺ u k e e n
zetozkizun	s̺ e t o s̺ k i s̺ u n
zetxekian	s̺ e t͡ʃ e k i a n
zetxekidaan	s̺ e t͡ʃ e k i d a a n
zetxekidak	s̺ e t͡ʃ e k i d a k
zetxekidan	s̺ e t͡ʃ e k i d a n
zetxekidanan	s̺ e t͡ʃ e k i d a n a n
zetxekiean	s̺ e t͡ʃ e k i e a n
zetxekiek	s̺ e t͡ʃ e k i e k
zetxekien	s̺ e t͡ʃ e k i e n
zetxekienan	s̺ e t͡ʃ e k i e n a n
zetxekiguan	s̺ e t͡ʃ e k i ɡ u a n
zetxekiguk	s̺ e t͡ʃ e k i ɡ u k
zetxekigun	s̺ e t͡ʃ e k i ɡ u n
zetxekigunan	s̺ e t͡ʃ e k i ɡ u n a n
zetxekinan	s̺ e t͡ʃ e k i ɲ a n
zetxekioan	s̺ e t͡ʃ e k i o a n
zetxekiok	s̺ e t͡ʃ e k i o k
zetxekion	s̺ e t͡ʃ e k i o n
zetxekionan	s̺ e t͡ʃ e k i o n a n
zetxekizuen	s̺ e t͡ʃ e k i s̺ u e n
zetxekizun	s̺ e t͡ʃ e k i s̺ u n
zetxezkian	s̺ e t͡ʃ e s̺ k i a n
zetxezkidaan	s̺ e t͡ʃ e s̺ k i d a a n
zetxezkidak	s̺ e t͡ʃ e s̺ k i d a k
zetxezkidan	s̺ e t͡ʃ e s̺ k i d a n
zetxezkidanan	s̺ e t͡ʃ e s̺ k i d a n a n
zetxezkiean	s̺ e t͡ʃ e s̺ k i e a n
zetxezkiek	s̺ e t͡ʃ e s̺ k i e k
zetxezkien	s̺ e t͡ʃ e s̺ k i e n
zetxezkienan	s̺ e t͡ʃ e s̺ k i e n a n
zetxezkiguan	s̺ e t͡ʃ e s̺ k i ɡ u a n
zetxezkiguk	s̺ e t͡ʃ e s̺ k i ɡ u k
zetxezkigun	s̺ e t͡ʃ e s̺ k i ɡ u n
zetxezkigunan	s̺ e t͡ʃ e s̺ k i ɡ u n a n
zetxezkinan	s̺ e t͡ʃ e s̺ k i ɲ a n
zetxezkioan	s̺ e t͡ʃ e s̺ k i o a n
zetxezkiok	s̺ e t͡ʃ e s̺ k i o k
zetxezkion	s̺ e t͡ʃ e s̺ k i o n
zetxezkionan	s̺ e t͡ʃ e s̺ k i o n a n
zetxezkizuen	s̺ e t͡ʃ e s̺ k i s̺ u e n
zetxezkizun	s̺ e t͡ʃ e s̺ k i s̺ u n
zetzaan	s̺ e t͡s̻ a a n
zetzak	s̺ e t͡s̻ a k
zetzan	s̺ e t͡s̻ a n
zetzanan	s̺ e t͡s̻ a n a n
zeu	s̺ e u̯
zeudean	s̺ e u̯ d e a n
zeudek	s̺ e u̯ d e k
zeudekean	s̺ e u̯ d e k e a n
zeudekeen	s̺ e u̯ d e k e e n
zeudekek	s̺ e u̯ d e k e k
zeudeken	s̺ e u̯ d e k e n
zeudekenan	s̺ e u̯ d e k e n a n
zeuden	s̺ e u̯ d e n
zeudenan	s̺ e u̯ d e n a n
zeukaagu	s̺ e u̯ k a a ɡ u
zeukaan	s̺ e u̯ k a a n
zeukaat	s̺ e u̯ k a a t
zeukak	s̺ e u̯ k a k
zeukan	s̺ e u̯ k a n
zeukanagu	s̺ e u̯ k a n a ɡ u
zeukanan	s̺ e u̯ k a n a n
zeukanat	s̺ e u̯ k a n a t
zeukatean	s̺ e u̯ k a t e a n
zeukatek	s̺ e u̯ k a t e k
zeukaten	s̺ e u̯ k a t e n
zeukatenan	s̺ e u̯ k a t e n a n
zeundeke	s̺ e u̯ n d e k e
zeundekeen	s̺ e u̯ n d e k e e n
zeundekete	s̺ e u̯ n d e k e t e
zeundeketen	s̺ e u̯ n d e k e t e n
zeunden	s̺ e u̯ n d e n
zeundeten	s̺ e u̯ n d e t e n
zeuntzake	s̺ e u̯ n t͡s̻ a k e
zeuntzakete	s̺ e u̯ n t͡s̻ a k e t e
zeuntzan	s̺ e u̯ n t͡s̻ a n
zeuntzaten	s̺ e u̯ n t͡s̻ a t e n
zeure	s̺ e u̯ ɾ e
zeutsean	s̺ e u̯ t͡s̻ e a n
zeutsek	s̺ e u̯ t͡s̻ e k
zeutsen	s̺ e u̯ t͡s̻ e n
zeutsenan	s̺ e u̯ t͡s̻ e n a n
zeutsetean	s̺ e u̯ t͡s̻ e t e a n
zeutsetek	s̺ e u̯ t͡s̻ e t e k
zeutseten	s̺ e u̯ t͡s̻ e t e n
zeutsetenan	s̺ e u̯ t͡s̻ e t e n a n
zeutsoan	s̺ e u̯ t͡s̻ o a n
zeutsok	s̺ e u̯ t͡s̻ o k
zeutson	s̺ e u̯ t͡s̻ o n
zeutsonan	s̺ e u̯ t͡s̻ o n a n
zeutsotean	s̺ e u̯ t͡s̻ o t e a n
zeutsotek	s̺ e u̯ t͡s̻ o t e k
zeutsoten	s̺ e u̯ t͡s̻ o t e n
zeutsotenan	s̺ e u̯ t͡s̻ o t e n a n
zeutzaan	s̺ e u̯ t͡s̻ a a n
zeutzak	s̺ e u̯ t͡s̻ a k
zeutzan	s̺ e u̯ t͡s̻ a n
zeutzanan	s̺ e u̯ t͡s̻ a n a n
zeuzkaagu	s̺ e u̯ s̺ k a a ɡ u
zeuzkaan	s̺ e u̯ s̺ k a a n
zeuzkaat	s̺ e u̯ s̺ k a a t
zeuzkak	s̺ e u̯ s̺ k a k
zeuzkan	s̺ e u̯ s̺ k a n
zeuzkanagu	s̺ e u̯ s̺ k a n a ɡ u
zeuzkanan	s̺ e u̯ s̺ k a n a n
zeuzkanat	s̺ e u̯ s̺ k a n a t
zeuzkatean	s̺ e u̯ s̺ k a t e a n
zeuzkatek	s̺ e u̯ s̺ k a t e k
zeuzkaten	s̺ e u̯ s̺ k a t e n
zeuzkatenan	s̺ e u̯ s̺ k a t e n a n
zezaguagu	s̺ e s̺ a ɡ u a ɡ u
zezaguan	s̺ e s̺ a ɡ u a n
zezaguat	s̺ e s̺ a ɡ u a t
zezaguen	s̺ e s̺ a ɡ u e n
zezaguk	s̺ e s̺ a ɡ u k
zezagun	s̺ e s̺ a ɡ u n
zezagunagu	s̺ e s̺ a ɡ u n a ɡ u
zezagunan	s̺ e s̺ a ɡ u n a n
zezagunat	s̺ e s̺ a ɡ u n a t
zezagutean	s̺ e s̺ a ɡ u t e a n
zezagutek	s̺ e s̺ a ɡ u t e k
zezaguten	s̺ e s̺ a ɡ u t e n
zezagutenan	s̺ e s̺ a ɡ u t e n a n
zezaguzkiagu	s̺ e s̺ a ɡ u s̺ k i a ɡ u
zezaguzkian	s̺ e s̺ a ɡ u s̺ k i a n
zezaguzkiat	s̺ e s̺ a ɡ u s̺ k i a t
zezaguzkien	s̺ e s̺ a ɡ u s̺ k i e n
zezaguzkik	s̺ e s̺ a ɡ u s̺ k i k
zezaguzkin	s̺ e s̺ a ɡ u s̺ k i n
zezaguzkinagu	s̺ e s̺ a ɡ u s̺ k i ɲ a ɡ u
zezaguzkinan	s̺ e s̺ a ɡ u s̺ k i ɲ a n
zezaguzkinat	s̺ e s̺ a ɡ u s̺ k i ɲ a t
zezaguzkitean	s̺ e s̺ a ɡ u s̺ k i t e a n
zezaguzkitek	s̺ e s̺ a ɡ u s̺ k i t e k
zezaguzkiten	s̺ e s̺ a ɡ u s̺ k i t e n
zezaguzkitenan	s̺ e s̺ a ɡ u s̺ k i t e n a n
zezakeagu	s̺ e s̺ a k e a ɡ u
zezakean	s̺ e s̺ a k e a n
zezakeat	s̺ e s̺ a k e a t
zezakeen	s̺ e s̺ a k e e n
zezakek	s̺ e s̺ a k e k
zezaken	s̺ e s̺ a k e n
zezakenagu	s̺ e s̺ a k e n a ɡ u
zezakenan	s̺ e s̺ a k e n a n
zezakenat	s̺ e s̺ a k e n a t
zezaketean	s̺ e s̺ a k e t e a n
zezaketek	s̺ e s̺ a k e t e k
zezaketen	s̺ e s̺ a k e t e n
zezaketenan	s̺ e s̺ a k e t e n a n
zezala	s̺ e s̺ a l a
zezan	s̺ e s̺ a n
zezatela	s̺ e s̺ a t e l a
zezaten	s̺ e s̺ a t e n
zezeil	s̺ e s̺ e i̯ l
zezen	s̺ e s̺ e n
zezenkari	s̺ e s̺ e n k a ɾ i
zezensuzko	s̺ e s̺ e n s̺ u s̺ k o
zi	s̺ i
zian	s̺ i a n
ziape	s̺ i a p e
ziapeaz	s̺ i a p e a s̺
ziaperik	s̺ i a p e ɾ i k
ziaten	s̺ i a t e n
zibil	s̺ i b i l
zibilizatu	s̺ i b i l i s̺ a t u
zibilizazio	s̺ i b i l i s̺ a s̺ i o
zidaan	s̺ i d a a n
zidak	s̺ i d a k
zidaketek	s̺ i d a k e t e k
zidaketen	s̺ i d a k e t e n
zidan	s̺ i d a n
zidanan	s̺ i d a n a n
zidatean	s̺ i d a t e a n
zidatek	s̺ i d a t e k
zidaten	s̺ i d a t e n
zidatenan	s̺ i d a t e n a n
zieagu	s̺ i e a ɡ u
ziean	s̺ i e a n
zieat	s̺ i e a t
ziek	s̺ i e k
zieken	s̺ i e k e n
zieketean	s̺ i e k e t e a n
zieketek	s̺ i e k e t e k
zieketen	s̺ i e k e t e n
zieketenan	s̺ i e k e t e n a n
zien	s̺ i e n
zienagu	s̺ i e n a ɡ u
zienan	s̺ i e n a n
zienat	s̺ i e n a t
zientzia	s̺ i e n t͡s̻ i a
zientzialari	s̺ i e n t͡s̻ i a l a ɾ i
zietean	s̺ i e t e a n
zietek	s̺ i e t e k
zieten	s̺ i e t e n
zietenan	s̺ i e t e n a n
ziezadakean	s̺ i e s̺ a d a k e a n
ziezadakenan	s̺ i e s̺ a d a k e n a n
ziezadaketean	s̺ i e s̺ a d a k e t e a n
ziezadaketek	s̺ i e s̺ a d a k e t e k
ziezadaketen	s̺ i e s̺ a d a k e t e n
ziezadaketenan	s̺ i e s̺ a d a k e t e n a n
ziezagukean	s̺ i e s̺ a ɡ u k e a n
ziezagukenan	s̺ i e s̺ a ɡ u k e n a n
ziezaguketean	s̺ i e s̺ a ɡ u k e t e a n
ziezaguketek	s̺ i e s̺ a ɡ u k e t e k
ziezaguketen	s̺ i e s̺ a ɡ u k e t e n
ziezaguketenan	s̺ i e s̺ a ɡ u k e t e n a n
ziezaiekean	s̺ i e s̺ a i̯ e k e a n
ziezaiekenan	s̺ i e s̺ a i̯ e k e n a n
ziezaieketean	s̺ i e s̺ a i̯ e k e t e a n
ziezaieketek	s̺ i e s̺ a i̯ e k e t e k
ziezaieketen	s̺ i e s̺ a i̯ e k e t e n
ziezaieketenan	s̺ i e s̺ a i̯ e k e t e n a n
ziezaiokean	s̺ i e s̺ a i̯ o k e a n
ziezaiokenan	s̺ i e s̺ a i̯ o k e n a n
ziezaioketean	s̺ i e s̺ a i̯ o k e t e a n
ziezaioketek	s̺ i e s̺ a i̯ o k e t e k
ziezaioketen	s̺ i e s̺ a i̯ o k e t e n
ziezaioketenan	s̺ i e s̺ a i̯ o k e t e n a n
ziezazkidakean	s̺ i e s̺ a s̺ k i d a k e a n
ziezazkidakenan	s̺ i e s̺ a s̺ k i d a k e n a n
ziezazkidaketean	s̺ i e s̺ a s̺ k i d a k e t e a n
ziezazkidaketek	s̺ i e s̺ a s̺ k i d a k e t e k
ziezazkidaketen	s̺ i e s̺ a s̺ k i d a k e t e n
ziezazkidaketenan	s̺ i e s̺ a s̺ k i d a k e t e n a n
ziezazkiekean	s̺ i e s̺ a s̺ k i e k e a n
ziezazkiekenan	s̺ i e s̺ a s̺ k i e k e n a n
ziezazkieketean	s̺ i e s̺ a s̺ k i e k e t e a n
ziezazkieketek	s̺ i e s̺ a s̺ k i e k e t e k
ziezazkieketen	s̺ i e s̺ a s̺ k i e k e t e n
ziezazkieketenan	s̺ i e s̺ a s̺ k i e k e t e n a n
ziezazkigukean	s̺ i e s̺ a s̺ k i ɡ u k e a n
ziezazkigukenan	s̺ i e s̺ a s̺ k i ɡ u k e n a n
ziezazkiguketean	s̺ i e s̺ a s̺ k i ɡ u k e t e a n
ziezazkiguketek	s̺ i e s̺ a s̺ k i ɡ u k e t e k
ziezazkiguketen	s̺ i e s̺ a s̺ k i ɡ u k e t e n
ziezazkiguketenan	s̺ i e s̺ a s̺ k i ɡ u k e t e n a n
ziezazkiokean	s̺ i e s̺ a s̺ k i o k e a n
ziezazkiokenan	s̺ i e s̺ a s̺ k i o k e n a n
ziezazkioketean	s̺ i e s̺ a s̺ k i o k e t e a n
ziezazkioketek	s̺ i e s̺ a s̺ k i o k e t e k
ziezazkioketen	s̺ i e s̺ a s̺ k i o k e t e n
ziezazkioketenan	s̺ i e s̺ a s̺ k i o k e t e n a n
zigilu	s̺ i ɡ i ʎ u
zigor	s̺ i ɡ o r
zigortu	s̺ i ɡ o r t u
ziguan	s̺ i ɡ u a n
ziguk	s̺ i ɡ u k
ziguketek	s̺ i ɡ u k e t e k
ziguketen	s̺ i ɡ u k e t e n
zigun	s̺ i ɡ u n
zigunan	s̺ i ɡ u n a n
zigutean	s̺ i ɡ u t e a n
zigutek	s̺ i ɡ u t e k
ziguten	s̺ i ɡ u t e n
zigutenan	s̺ i ɡ u t e n a n
ziharduagu	s̺ i a r d u a ɡ u
ziharduan	s̺ i a r d u a n
ziharduat	s̺ i a r d u a t
ziharduen	s̺ i a r d u e n
ziharduk	s̺ i a r d u k
zihardukaagu	s̺ i a r d u k a a ɡ u
zihardukaan	s̺ i a r d u k a a n
zihardukaat	s̺ i a r d u k a a t
zihardukak	s̺ i a r d u k a k
zihardukan	s̺ i a r d u k a n
zihardukanagu	s̺ i a r d u k a n a ɡ u
zihardukanan	s̺ i a r d u k a n a n
zihardukanat	s̺ i a r d u k a n a t
zihardukatean	s̺ i a r d u k a t e a n
zihardukatek	s̺ i a r d u k a t e k
zihardukaten	s̺ i a r d u k a t e n
zihardukatenan	s̺ i a r d u k a t e n a n
zihardun	s̺ i a r d u n
zihardunagu	s̺ i a r d u n a ɡ u
zihardunan	s̺ i a r d u n a n
zihardunat	s̺ i a r d u n a t
zihardutean	s̺ i a r d u t e a n
zihardutek	s̺ i a r d u t e k
ziharduten	s̺ i a r d u t e n
zihardutenan	s̺ i a r d u t e n a n
zihoaan	s̺ i x o a a n
zihoakean	s̺ i x o a k e a n
zihoakeen	s̺ i x o a k e e n
zihoakenan	s̺ i x o a k e n a n
zihoakiakeen	s̺ i x o a k i a k e e n
zihoakian	s̺ i x o a k i a n
zihoakidaan	s̺ i x o a k i d a a n
zihoakidak	s̺ i x o a k i d a k
zihoakidakean	s̺ i x o a k i d a k e a n
zihoakidakeen	s̺ i x o a k i d a k e e n
zihoakidakek	s̺ i x o a k i d a k e k
zihoakidaken	s̺ i x o a k i d a k e n
zihoakidakenan	s̺ i x o a k i d a k e n a n
zihoakidan	s̺ i x o a k i d a n
zihoakidanan	s̺ i x o a k i d a n a n
zihoakiean	s̺ i x o a k i e a n
zihoakiek	s̺ i x o a k i e k
zihoakiekean	s̺ i x o a k i e k e a n
zihoakiekeen	s̺ i x o a k i e k e e n
zihoakiekek	s̺ i x o a k i e k e k
zihoakieken	s̺ i x o a k i e k e n
zihoakiekenan	s̺ i x o a k i e k e n a n
zihoakien	s̺ i x o a k i e n
zihoakienan	s̺ i x o a k i e n a n
zihoakiguan	s̺ i x o a k i ɡ u a n
zihoakiguk	s̺ i x o a k i ɡ u k
zihoakigukean	s̺ i x o a k i ɡ u k e a n
zihoakigukeen	s̺ i x o a k i ɡ u k e e n
zihoakigukek	s̺ i x o a k i ɡ u k e k
zihoakiguken	s̺ i x o a k i ɡ u k e n
zihoakigukenan	s̺ i x o a k i ɡ u k e n a n
zihoakigun	s̺ i x o a k i ɡ u n
zihoakigunan	s̺ i x o a k i ɡ u n a n
zihoakinakeen	s̺ i x o a k i ɲ a k e e n
zihoakinan	s̺ i x o a k i ɲ a n
zihoakioan	s̺ i x o a k i o a n
zihoakiok	s̺ i x o a k i o k
zihoakiokean	s̺ i x o a k i o k e a n
zihoakiokeen	s̺ i x o a k i o k e e n
zihoakiokek	s̺ i x o a k i o k e k
zihoakioken	s̺ i x o a k i o k e n
zihoakiokenan	s̺ i x o a k i o k e n a n
zihoakion	s̺ i x o a k i o n
zihoakionan	s̺ i x o a k i o n a n
zihoakizuekeen	s̺ i x o a k i s̺ u e k e e n
zihoakizuen	s̺ i x o a k i s̺ u e n
zihoakizukeen	s̺ i x o a k i s̺ u k e e n
zihoakizun	s̺ i x o a k i s̺ u n
zihoan	s̺ i x o a n
zihoanan	s̺ i x o a n a n
zihoazaan	s̺ i x o a s̺ a a n
zihoazanan	s̺ i x o a s̺ a n a n
zihoazen	s̺ i x o a s̺ e n
zihoazkean	s̺ i x o a s̺ k e a n
zihoazkeen	s̺ i x o a s̺ k e e n
zihoazkenan	s̺ i x o a s̺ k e n a n
zihoazkiakeen	s̺ i x o a s̺ k i a k e e n
zihoazkian	s̺ i x o a s̺ k i a n
zihoazkidaan	s̺ i x o a s̺ k i d a a n
zihoazkidak	s̺ i x o a s̺ k i d a k
zihoazkidakean	s̺ i x o a s̺ k i d a k e a n
zihoazkidakeen	s̺ i x o a s̺ k i d a k e e n
zihoazkidakek	s̺ i x o a s̺ k i d a k e k
zihoazkidaken	s̺ i x o a s̺ k i d a k e n
zihoazkidakenan	s̺ i x o a s̺ k i d a k e n a n
zihoazkidan	s̺ i x o a s̺ k i d a n
zihoazkidanan	s̺ i x o a s̺ k i d a n a n
zihoazkiean	s̺ i x o a s̺ k i e a n
zihoazkiek	s̺ i x o a s̺ k i e k
zihoazkiekean	s̺ i x o a s̺ k i e k e a n
zihoazkiekeen	s̺ i x o a s̺ k i e k e e n
zihoazkiekek	s̺ i x o a s̺ k i e k e k
zihoazkieken	s̺ i x o a s̺ k i e k e n
zihoazkiekenan	s̺ i x o a s̺ k i e k e n a n
zihoazkien	s̺ i x o a s̺ k i e n
zihoazkienan	s̺ i x o a s̺ k i e n a n
zihoazkiguan	s̺ i x o a s̺ k i ɡ u a n
zihoazkiguk	s̺ i x o a s̺ k i ɡ u k
zihoazkigukean	s̺ i x o a s̺ k i ɡ u k e a n
zihoazkigukeen	s̺ i x o a s̺ k i ɡ u k e e n
zihoazkigukek	s̺ i x o a s̺ k i ɡ u k e k
zihoazkiguken	s̺ i x o a s̺ k i ɡ u k e n
zihoazkigukenan	s̺ i x o a s̺ k i ɡ u k e n a n
zihoazkigun	s̺ i x o a s̺ k i ɡ u n
zihoazkigunan	s̺ i x o a s̺ k i ɡ u n a n
zihoazkinakeen	s̺ i x o a s̺ k i ɲ a k e e n
zihoazkinan	s̺ i x o a s̺ k i ɲ a n
zihoazkioan	s̺ i x o a s̺ k i o a n
zihoazkiok	s̺ i x o a s̺ k i o k
zihoazkiokean	s̺ i x o a s̺ k i o k e a n
zihoazkiokeen	s̺ i x o a s̺ k i o k e e n
zihoazkiokek	s̺ i x o a s̺ k i o k e k
zihoazkioken	s̺ i x o a s̺ k i o k e n
zihoazkiokenan	s̺ i x o a s̺ k i o k e n a n
zihoazkion	s̺ i x o a s̺ k i o n
zihoazkionan	s̺ i x o a s̺ k i o n a n
zihoazkizuekeen	s̺ i x o a s̺ k i s̺ u e k e e n
zihoazkizuen	s̺ i x o a s̺ k i s̺ u e n
zihoazkizukeen	s̺ i x o a s̺ k i s̺ u k e e n
zihoazkizun	s̺ i x o a s̺ k i s̺ u n
zikean	s̺ i k e a n
zikenan	s̺ i k e n a n
ziketean	s̺ i k e t e a n
ziketenan	s̺ i k e t e n a n
zikin	s̺ i k i n
ziklotroi	s̺ i k l o t r o i̯
zikoina	s̺ i k o ɲ a
zilar	s̺ i ʎ a r
zilargile	s̺ i ʎ a r ɡ i ʎ e
zilargin	s̺ i ʎ a r ɡ i n
zilarkara	s̺ i ʎ a r k a ɾ a
zilegitu	s̺ i ʎ e ɡ i t u
zimiko	s̺ i m i k o
zimitz	s̺ i m i t͡s̻
zinan	s̺ i ɲ a n
zinateke	s̺ i ɲ a t e k e
zinatekeen	s̺ i ɲ a t e k e e n
zinatekete	s̺ i ɲ a t e k e t e
zinateketen	s̺ i ɲ a t e k e t e n
zinaten	s̺ i ɲ a t e n
zindekartzadan	s̺ i n d e k a r t͡s̻ a d a n
zindekartzaguen	s̺ i n d e k a r t͡s̻ a ɡ u e n
zindekartzan	s̺ i n d e k a r t͡s̻ a n
zindekartzaten	s̺ i n d e k a r t͡s̻ a t e n
zindekarztedan	s̺ i n d e k a r s̺ t e d a n
zindekarztegun	s̺ i n d e k a r s̺ t e ɡ u n
zindekarzten	s̺ i n d e k a r s̺ t e n
zindekarzteten	s̺ i n d e k a r s̺ t e t e n
zinderabiltzadan	s̺ i n d e ɾ a b i l t͡s̻ a d a n
zinderabiltzagun	s̺ i n d e ɾ a b i l t͡s̻ a ɡ u n
zinderabiltzan	s̺ i n d e ɾ a b i l t͡s̻ a n
zinderabiltzaten	s̺ i n d e ɾ a b i l t͡s̻ a t e n
zinderabilztedan	s̺ i n d e ɾ a b i l s̺ t e d a n
zinderabilztegun	s̺ i n d e ɾ a b i l s̺ t e ɡ u n
zinderabilzten	s̺ i n d e ɾ a b i l s̺ t e n
zinderabilzteten	s̺ i n d e ɾ a b i l s̺ t e t e n
zinderamatzadan	s̺ i n d e ɾ a m a t͡s̻ a d a n
zinderamatzaguen	s̺ i n d e ɾ a m a t͡s̻ a ɡ u e n
zinderamatzan	s̺ i n d e ɾ a m a t͡s̻ a n
zinderamatzaten	s̺ i n d e ɾ a m a t͡s̻ a t e n
zinderamaztedan	s̺ i n d e ɾ a m a s̺ t e d a n
zinderamaztegun	s̺ i n d e ɾ a m a s̺ t e ɡ u n
zinderamazten	s̺ i n d e ɾ a m a s̺ t e n
zinderamazteten	s̺ i n d e ɾ a m a s̺ t e t e n
zinderraizkidake	s̺ i n d e r a i̯ s̺ k i d a k e
zinderraizkidakete	s̺ i n d e r a i̯ s̺ k i d a k e t e
zinderraizkidan	s̺ i n d e r a i̯ s̺ k i d a n
zinderraizkidaten	s̺ i n d e r a i̯ s̺ k i d a t e n
zinderraizkieke	s̺ i n d e r a i̯ s̺ k i e k e
zinderraizkiekete	s̺ i n d e r a i̯ s̺ k i e k e t e
zinderraizkien	s̺ i n d e r a i̯ s̺ k i e n
zinderraizkieten	s̺ i n d e r a i̯ s̺ k i e t e n
zinderraizkiguke	s̺ i n d e r a i̯ s̺ k i ɡ u k e
zinderraizkigukete	s̺ i n d e r a i̯ s̺ k i ɡ u k e t e
zinderraizkigun	s̺ i n d e r a i̯ s̺ k i ɡ u n
zinderraizkiguten	s̺ i n d e r a i̯ s̺ k i ɡ u t e n
zinderraizkioke	s̺ i n d e r a i̯ s̺ k i o k e
zinderraizkiokete	s̺ i n d e r a i̯ s̺ k i o k e t e
zinderraizkion	s̺ i n d e r a i̯ s̺ k i o n
zinderraizkioten	s̺ i n d e r a i̯ s̺ k i o t e n
zindezaguzke	s̺ i n d e s̺ a ɡ u s̺ k e
zindezaguzkegu	s̺ i n d e s̺ a ɡ u s̺ k e ɡ u
zindezaguzket	s̺ i n d e s̺ a ɡ u s̺ k e t
zindezaguzkete	s̺ i n d e s̺ a ɡ u s̺ k e t e
zindezaguzketegu	s̺ i n d e s̺ a ɡ u s̺ k e t e ɡ u
zindezaguzketet	s̺ i n d e s̺ a ɡ u s̺ k e t e t
zindezaguzketete	s̺ i n d e s̺ a ɡ u s̺ k e t e t e
zindezaguzkidan	s̺ i n d e s̺ a ɡ u s̺ k i d a n
zindezaguzkien	s̺ i n d e s̺ a ɡ u s̺ k i e n
zindezaguzkigun	s̺ i n d e s̺ a ɡ u s̺ k i ɡ u n
zindezaguzkiten	s̺ i n d e s̺ a ɡ u s̺ k i t e n
zindezaguztedan	s̺ i n d e s̺ a ɡ u s̺ t e d a n
zindezaguztegun	s̺ i n d e s̺ a ɡ u s̺ t e ɡ u n
zindezaguzten	s̺ i n d e s̺ a ɡ u s̺ t e n
zindezaguzteten	s̺ i n d e s̺ a ɡ u s̺ t e t e n
zindoazen	s̺ i n d o a s̺ e n
zindoazke	s̺ i n d o a s̺ k e
zindoazkeen	s̺ i n d o a s̺ k e e n
zindoazkete	s̺ i n d o a s̺ k e t e
zindoazketen	s̺ i n d o a s̺ k e t e n
zindoazkidake	s̺ i n d o a s̺ k i d a k e
zindoazkidakeen	s̺ i n d o a s̺ k i d a k e e n
zindoazkidakete	s̺ i n d o a s̺ k i d a k e t e
zindoazkidaketen	s̺ i n d o a s̺ k i d a k e t e n
zindoazkidan	s̺ i n d o a s̺ k i d a n
zindoazkidaten	s̺ i n d o a s̺ k i d a t e n
zindoazkieke	s̺ i n d o a s̺ k i e k e
zindoazkiekeen	s̺ i n d o a s̺ k i e k e e n
zindoazkiekete	s̺ i n d o a s̺ k i e k e t e
zindoazkieketen	s̺ i n d o a s̺ k i e k e t e n
zindoazkien	s̺ i n d o a s̺ k i e n
zindoazkieten	s̺ i n d o a s̺ k i e t e n
zindoazkiguke	s̺ i n d o a s̺ k i ɡ u k e
zindoazkigukeen	s̺ i n d o a s̺ k i ɡ u k e e n
zindoazkigukete	s̺ i n d o a s̺ k i ɡ u k e t e
zindoazkiguketen	s̺ i n d o a s̺ k i ɡ u k e t e n
zindoazkigun	s̺ i n d o a s̺ k i ɡ u n
zindoazkiguten	s̺ i n d o a s̺ k i ɡ u t e n
zindoazkioke	s̺ i n d o a s̺ k i o k e
zindoazkiokeen	s̺ i n d o a s̺ k i o k e e n
zindoazkiokete	s̺ i n d o a s̺ k i o k e t e
zindoazkioketen	s̺ i n d o a s̺ k i o k e t e n
zindoazkion	s̺ i n d o a s̺ k i o n
zindoazkioten	s̺ i n d o a s̺ k i o t e n
zindoazten	s̺ i n d o a s̺ t e n
zinduzkadan	s̺ i n d u s̺ k a d a n
zinduzkagun	s̺ i n d u s̺ k a ɡ u n
zinduzkake	s̺ i n d u s̺ k a k e
zinduzkakegu	s̺ i n d u s̺ k a k e ɡ u
zinduzkaket	s̺ i n d u s̺ k a k e t
zinduzkakete	s̺ i n d u s̺ k a k e t e
zinduzkaketegu	s̺ i n d u s̺ k a k e t e ɡ u
zinduzkaketet	s̺ i n d u s̺ k a k e t e t
zinduzkaketete	s̺ i n d u s̺ k a k e t e t e
zinduzkan	s̺ i n d u s̺ k a n
zinduzkatedan	s̺ i n d u s̺ k a t e d a n
zinduzkategun	s̺ i n d u s̺ k a t e ɡ u n
zinduzkaten	s̺ i n d u s̺ k a t e n
zinduzkateten	s̺ i n d u s̺ k a t e t e n
zinen	s̺ i ɲ e n
zineten	s̺ i ɲ e t e n
zintezela	s̺ i n t e s̺ e l a
zintezen	s̺ i n t e s̺ e n
zintezke	s̺ i n t e s̺ k e
zintezkeen	s̺ i n t e s̺ k e e n
zintezkete	s̺ i n t e s̺ k e t e
zintezketen	s̺ i n t e s̺ k e t e n
zinteztela	s̺ i n t e s̺ t e l a
zintezten	s̺ i n t e s̺ t e n
zintudan	s̺ i n t u d a n
zintuen	s̺ i n t u e n
zintugun	s̺ i n t u ɡ u n
zintuzke	s̺ i n t u s̺ k e
zintuzkedan	s̺ i n t u s̺ k e d a n
zintuzkeen	s̺ i n t u s̺ k e e n
zintuzkegu	s̺ i n t u s̺ k e ɡ u
zintuzkegun	s̺ i n t u s̺ k e ɡ u n
zintuzket	s̺ i n t u s̺ k e t
zintuzkete	s̺ i n t u s̺ k e t e
zintuzketedan	s̺ i n t u s̺ k e t e d a n
zintuzketegu	s̺ i n t u s̺ k e t e ɡ u
zintuzketegun	s̺ i n t u s̺ k e t e ɡ u n
zintuzketen	s̺ i n t u s̺ k e t e n
zintuzketet	s̺ i n t u s̺ k e t e t
zintuzketete	s̺ i n t u s̺ k e t e t e
zintuzketeten	s̺ i n t u s̺ k e t e t e n
zintuztedan	s̺ i n t u s̺ t e d a n
zintuztegun	s̺ i n t u s̺ t e ɡ u n
zintuzten	s̺ i n t u s̺ t e n
zintuzteten	s̺ i n t u s̺ t e t e n
zintzadala	s̺ i n t͡s̻ a d a l a
zintzadan	s̺ i n t͡s̻ a d a n
zintzagula	s̺ i n t͡s̻ a ɡ u l a
zintzagun	s̺ i n t͡s̻ a ɡ u n
zintzake	s̺ i n t͡s̻ a k e
zintzakedan	s̺ i n t͡s̻ a k e d a n
zintzakeen	s̺ i n t͡s̻ a k e e n
zintzakegu	s̺ i n t͡s̻ a k e ɡ u
zintzakegun	s̺ i n t͡s̻ a k e ɡ u n
zintzaket	s̺ i n t͡s̻ a k e t
zintzakete	s̺ i n t͡s̻ a k e t e
zintzaketedan	s̺ i n t͡s̻ a k e t e d a n
zintzaketegu	s̺ i n t͡s̻ a k e t e ɡ u
zintzaketegun	s̺ i n t͡s̻ a k e t e ɡ u n
zintzaketen	s̺ i n t͡s̻ a k e t e n
zintzaketet	s̺ i n t͡s̻ a k e t e t
zintzaketete	s̺ i n t͡s̻ a k e t e t e
zintzaketeten	s̺ i n t͡s̻ a k e t e t e n
zintzala	s̺ i n t͡s̻ a l a
zintzan	s̺ i n t͡s̻ a n
zintzatedala	s̺ i n t͡s̻ a t e d a l a
zintzatedan	s̺ i n t͡s̻ a t e d a n
zintzategula	s̺ i n t͡s̻ a t e ɡ u l a
zintzategun	s̺ i n t͡s̻ a t e ɡ u n
zintzatela	s̺ i n t͡s̻ a t e l a
zintzaten	s̺ i n t͡s̻ a t e n
zintzatetela	s̺ i n t͡s̻ a t e t e l a
zintzateten	s̺ i n t͡s̻ a t e t e n
zintzilikatu	s̺ i n t͡s̻ i ʎ i k a t u
zintzur	s̺ i n t͡s̻ u r
zioagu	s̺ i o a ɡ u
zioan	s̺ i o a n
zioat	s̺ i o a t
ziok	s̺ i o k
zioketek	s̺ i o k e t e k
zioketen	s̺ i o k e t e n
zion	s̺ i o n
ziona	s̺ i o n a
zionagu	s̺ i o n a ɡ u
zionan	s̺ i o n a n
zionat	s̺ i o n a t
zioskun	s̺ i o s̺ k u n
zioskuten	s̺ i o s̺ k u t e n
ziostan	s̺ i o s̺ t a n
ziostaten	s̺ i o s̺ t a t e n
ziotean	s̺ i o t e a n
ziotek	s̺ i o t e k
zioten	s̺ i o t e n
ziotenan	s̺ i o t e n a n
ziotsen	s̺ i o t͡s̻ e n
ziotsetean	s̺ i o t͡s̻ e t e a n
ziotseten	s̺ i o t͡s̻ e t e n
ziotsetenan	s̺ i o t͡s̻ e t e n a n
ziratekeen	s̺ i ɾ a t e k e e n
zirauagu	s̺ i ɾ a u̯ a ɡ u
zirauan	s̺ i ɾ a u̯ a n
zirauat	s̺ i ɾ a u̯ a t
zirauen	s̺ i ɾ a u̯ e n
zirauk	s̺ i ɾ a u̯ k
ziraun	s̺ i ɾ a u̯ n
ziraunagu	s̺ i ɾ a u̯ n a ɡ u
ziraunan	s̺ i ɾ a u̯ n a n
ziraunat	s̺ i ɾ a u̯ n a t
zirautean	s̺ i ɾ a u̯ t e a n
zirautek	s̺ i ɾ a u̯ t e k
zirauten	s̺ i ɾ a u̯ t e n
zirautenan	s̺ i ɾ a u̯ t e n a n
ziren	s̺ i ɾ e n
ziri	s̺ i ɾ i
zirimiri	s̺ i ɾ i m i ɾ i
zirkonio	s̺ i r k o n i o
zirku	s̺ i r k u
zirkulu	s̺ i r k u l u
ziroagu	s̺ i ɾ o a ɡ u
ziroan	s̺ i ɾ o a n
ziroat	s̺ i ɾ o a t
ziroen	s̺ i ɾ o e n
zirok	s̺ i ɾ o k
ziron	s̺ i ɾ o n
zironagu	s̺ i ɾ o n a ɡ u
zironan	s̺ i ɾ o n a n
zironat	s̺ i ɾ o n a t
zirotean	s̺ i ɾ o t e a n
zirotek	s̺ i ɾ o t e k
ziroten	s̺ i ɾ o t e n
zirotenan	s̺ i ɾ o t e n a n
zirudiagu	s̺ i ɾ u d i a ɡ u
zirudian	s̺ i ɾ u d i a n
zirudiat	s̺ i ɾ u d i a t
zirudien	s̺ i ɾ u d i e n
zirudik	s̺ i ɾ u d i k
zirudin	s̺ i ɾ u d i n
zirudinagu	s̺ i ɾ u d i ɲ a ɡ u
zirudinan	s̺ i ɾ u d i ɲ a n
zirudinat	s̺ i ɾ u d i ɲ a t
ziruditean	s̺ i ɾ u d i t e a n
ziruditek	s̺ i ɾ u d i t e k
ziruditen	s̺ i ɾ u d i t e n
ziruditenan	s̺ i ɾ u d i t e n a n
zitean	s̺ i t e a n
zitekean	s̺ i t e k e a n
zitekeen	s̺ i t e k e e n
zitekenan	s̺ i t e k e n a n
zitenan	s̺ i t e n a n
zitezela	s̺ i t e s̺ e l a
zitezen	s̺ i t e s̺ e n
zitezkean	s̺ i t e s̺ k e a n
zitezkeen	s̺ i t e s̺ k e e n
zitezkenan	s̺ i t e s̺ k e n a n
zitian	s̺ i t i a n
zitinan	s̺ i t i ɲ a n
zitizkean	s̺ i t i s̺ k e a n
zitizkenan	s̺ i t i s̺ k e n a n
zitizketean	s̺ i t i s̺ k e t e a n
zitizketenan	s̺ i t i s̺ k e t e n a n
zitiztean	s̺ i t i s̺ t e a n
zitiztenan	s̺ i t i s̺ t e n a n
zituan	s̺ i t u a n
zituen	s̺ i t u e n
zitunan	s̺ i t u n a n
zituzkean	s̺ i t u s̺ k e a n
zituzkeen	s̺ i t u s̺ k e e n
zituzkenan	s̺ i t u s̺ k e n a n
zituzketen	s̺ i t u s̺ k e t e n
zituzten	s̺ i t u s̺ t e n
zitzakeagu	s̺ i t͡s̻ a k e a ɡ u
zitzakean	s̺ i t͡s̻ a k e a n
zitzakeat	s̺ i t͡s̻ a k e a t
zitzakeen	s̺ i t͡s̻ a k e e n
zitzakek	s̺ i t͡s̻ a k e k
zitzaken	s̺ i t͡s̻ a k e n
zitzakenagu	s̺ i t͡s̻ a k e n a ɡ u
zitzakenan	s̺ i t͡s̻ a k e n a n
zitzakenat	s̺ i t͡s̻ a k e n a t
zitzaketean	s̺ i t͡s̻ a k e t e a n
zitzaketek	s̺ i t͡s̻ a k e t e k
zitzaketen	s̺ i t͡s̻ a k e t e n
zitzaketenan	s̺ i t͡s̻ a k e t e n a n
zitzala	s̺ i t͡s̻ a l a
zitzan	s̺ i t͡s̻ a n
zitzatela	s̺ i t͡s̻ a t e l a
zitzaten	s̺ i t͡s̻ a t e n
zizare	s̺ i s̺ a ɾ e
zizkian	s̺ i s̺ k i a n
zizkiaten	s̺ i s̺ k i a t e n
zizkidaan	s̺ i s̺ k i d a a n
zizkidak	s̺ i s̺ k i d a k
zizkidaketek	s̺ i s̺ k i d a k e t e k
zizkidaketen	s̺ i s̺ k i d a k e t e n
zizkidan	s̺ i s̺ k i d a n
zizkidanan	s̺ i s̺ k i d a n a n
zizkidatean	s̺ i s̺ k i d a t e a n
zizkidatek	s̺ i s̺ k i d a t e k
zizkidaten	s̺ i s̺ k i d a t e n
zizkidatenan	s̺ i s̺ k i d a t e n a n
zizkieagu	s̺ i s̺ k i e a ɡ u
zizkiean	s̺ i s̺ k i e a n
zizkieat	s̺ i s̺ k i e a t
zizkiek	s̺ i s̺ k i e k
zizkieketean	s̺ i s̺ k i e k e t e a n
zizkieketek	s̺ i s̺ k i e k e t e k
zizkieketen	s̺ i s̺ k i e k e t e n
zizkieketenan	s̺ i s̺ k i e k e t e n a n
zizkien	s̺ i s̺ k i e n
zizkienagu	s̺ i s̺ k i e n a ɡ u
zizkienan	s̺ i s̺ k i e n a n
zizkienat	s̺ i s̺ k i e n a t
zizkietean	s̺ i s̺ k i e t e a n
zizkietek	s̺ i s̺ k i e t e k
zizkieten	s̺ i s̺ k i e t e n
zizkietenan	s̺ i s̺ k i e t e n a n
zizkiguan	s̺ i s̺ k i ɡ u a n
zizkiguk	s̺ i s̺ k i ɡ u k
zizkiguketean	s̺ i s̺ k i ɡ u k e t e a n
zizkiguketek	s̺ i s̺ k i ɡ u k e t e k
zizkiguketen	s̺ i s̺ k i ɡ u k e t e n
zizkiguketenan	s̺ i s̺ k i ɡ u k e t e n a n
zizkigun	s̺ i s̺ k i ɡ u n
zizkigunan	s̺ i s̺ k i ɡ u n a n
zizkigutean	s̺ i s̺ k i ɡ u t e a n
zizkigutek	s̺ i s̺ k i ɡ u t e k
zizkiguten	s̺ i s̺ k i ɡ u t e n
zizkigutenan	s̺ i s̺ k i ɡ u t e n a n
zizkinan	s̺ i s̺ k i ɲ a n
zizkinaten	s̺ i s̺ k i ɲ a t e n
zizkioagu	s̺ i s̺ k i o a ɡ u
zizkioan	s̺ i s̺ k i o a n
zizkioat	s̺ i s̺ k i o a t
zizkiok	s̺ i s̺ k i o k
zizkioketek	s̺ i s̺ k i o k e t e k
zizkioketen	s̺ i s̺ k i o k e t e n
zizkion	s̺ i s̺ k i o n
zizkionagu	s̺ i s̺ k i o n a ɡ u
zizkionan	s̺ i s̺ k i o n a n
zizkionat	s̺ i s̺ k i o n a t
zizkiotean	s̺ i s̺ k i o t e a n
zizkiotek	s̺ i s̺ k i o t e k
zizkioten	s̺ i s̺ k i o t e n
zizkiotenan	s̺ i s̺ k i o t e n a n
zizkizuen	s̺ i s̺ k i s̺ u e n
zizkizueten	s̺ i s̺ k i s̺ u e t e n
zizkizun	s̺ i s̺ k i s̺ u n
zizkizuten	s̺ i s̺ k i s̺ u t e n
ziztatu	s̺ i s̺ t a t u
zizuen	s̺ i s̺ u e n
zizueten	s̺ i s̺ u e t e n
zizun	s̺ i s̺ u n
zizuten	s̺ i s̺ u t e n
zoak	s̺ o a k
zoakek	s̺ o a k e k
zoaken	s̺ o a k e n
zoakidak	s̺ o a k i d a k
zoakidakek	s̺ o a k i d a k e k
zoakidaken	s̺ o a k i d a k e n
zoakidan	s̺ o a k i d a n
zoakiek	s̺ o a k i e k
zoakiekek	s̺ o a k i e k e k
zoakieken	s̺ o a k i e k e n
zoakien	s̺ o a k i e n
zoakiguk	s̺ o a k i ɡ u k
zoakigukek	s̺ o a k i ɡ u k e k
zoakiguken	s̺ o a k i ɡ u k e n
zoakigun	s̺ o a k i ɡ u n
zoakiok	s̺ o a k i o k
zoakiokek	s̺ o a k i o k e k
zoakioken	s̺ o a k i o k e n
zoakion	s̺ o a k i o n
zoan	s̺ o a n
zoaz	s̺ o a s̺
zoazak	s̺ o a s̺ a k
zoazan	s̺ o a s̺ a n
zoazen	s̺ o a s̺ e n
zoazke	s̺ o a s̺ k e
zoazkek	s̺ o a s̺ k e k
zoazken	s̺ o a s̺ k e n
zoazkete	s̺ o a s̺ k e t e
zoazkidak	s̺ o a s̺ k i d a k
zoazkidake	s̺ o a s̺ k i d a k e
zoazkidakek	s̺ o a s̺ k i d a k e k
zoazkidaken	s̺ o a s̺ k i d a k e n
zoazkidakete	s̺ o a s̺ k i d a k e t e
zoazkidan	s̺ o a s̺ k i d a n
zoazkidate	s̺ o a s̺ k i d a t e
zoazkidaten	s̺ o a s̺ k i d a t e n
zoazkie	s̺ o a s̺ k i e
zoazkiek	s̺ o a s̺ k i e k
zoazkieke	s̺ o a s̺ k i e k e
zoazkiekek	s̺ o a s̺ k i e k e k
zoazkieken	s̺ o a s̺ k i e k e n
zoazkiekete	s̺ o a s̺ k i e k e t e
zoazkien	s̺ o a s̺ k i e n
zoazkiete	s̺ o a s̺ k i e t e
zoazkieten	s̺ o a s̺ k i e t e n
zoazkigu	s̺ o a s̺ k i ɡ u
zoazkiguk	s̺ o a s̺ k i ɡ u k
zoazkiguke	s̺ o a s̺ k i ɡ u k e
zoazkigukek	s̺ o a s̺ k i ɡ u k e k
zoazkiguken	s̺ o a s̺ k i ɡ u k e n
zoazkigukete	s̺ o a s̺ k i ɡ u k e t e
zoazkigun	s̺ o a s̺ k i ɡ u n
zoazkigute	s̺ o a s̺ k i ɡ u t e
zoazkiguten	s̺ o a s̺ k i ɡ u t e n
zoazkio	s̺ o a s̺ k i o
zoazkiok	s̺ o a s̺ k i o k
zoazkioke	s̺ o a s̺ k i o k e
zoazkiokek	s̺ o a s̺ k i o k e k
zoazkioken	s̺ o a s̺ k i o k e n
zoazkiokete	s̺ o a s̺ k i o k e t e
zoazkion	s̺ o a s̺ k i o n
zoazkiote	s̺ o a s̺ k i o t e
zoazkioten	s̺ o a s̺ k i o t e n
zoazkit	s̺ o a s̺ k i t
zoazte	s̺ o a s̺ t e
zoazten	s̺ o a s̺ t e n
zolda	s̺ o l d a
zomorro	s̺ o m o r o
zopa	s̺ o p a
zor	s̺ o r
zorabiatu	s̺ o ɾ a b i a t u
zoratu	s̺ o ɾ a t u
zori	s̺ o ɾ i
zorion	s̺ o ɾ i o n
zorionak	s̺ o ɾ i o n a k
zoriontsu	s̺ o ɾ i o n t͡s̻ u
zorne	s̺ o r n e
zorri	s̺ o r i
zorro	s̺ o r o
zorrotz	s̺ o r o t͡s̻
zorrozkailu	s̺ o r o s̺ k a ʎ u
zorroztu	s̺ o r o s̺ t u
zortzi	s̺ o r t͡s̻ i
zortzigarren	s̺ o r t͡s̻ i ɡ a r e n
zortziko	s̺ o r t͡s̻ i k o
zortzikoitz	s̻ o r t͡s̻ i k o i̯ t͡s̻
zortziren	s̻ o r t͡s̻ i ɾ e n
zotz	s̺ o t͡s̻
zozo	s̺ o s̺ o
zu	s̺ u
zuan	s̺ u a n
zubi	s̺ u b i
zubibide	s̺ u b i b i d e
zubizain	s̺ u b i s̺ a i̯ n
zuek	s̺ u e k
zuen	s̺ u e n
zuhaitz	s̺ u a i̯ t͡s̻
zuhaixka	s̺ u a i̯ ʃ k a
zuhamu	s̺ u a m u
zuhamuxka	s̺ u a m u ʃ k a
zuhur	s̺ u r
zuk	s̺ u k
zukean	s̺ u k e a n
zukeen	s̺ u k e e n
zukenan	s̺ u k e n a n
zuketen	s̺ u k e t e n
zulagailu	s̺ u l a ɡ a ʎ u
zulatu	s̺ u l a t u
zulo	s̺ u l o
zulogune	s̺ u l o ɡ u n e
zumake	s̺ u m a k e
zumar	s̺ u m a r
zunan	s̺ u n a n
zur	s̺ u ɾ
zure	s̺ u ɾ e
zurgin	s̺ u r ɡ i n
zurgina	s̺ u r ɡ i ɲ a
zurginak	s̺ u r ɡ i ɲ a k
zurginarekin	s̺ u r ɡ i ɲ a ɾ e k i n
zurginaren	s̺ u r ɡ i ɲ a ɾ e n
zurginarengan	s̺ u r ɡ i ɲ a ɾ e n ɡ a n
zurginarengana	s̺ u r ɡ i ɲ a ɾ e n ɡ a n a
zurginarenganaino	s̺ u r ɡ i ɲ a ɾ e n ɡ a n a ɲ o
zurginarenganako	s̺ u r ɡ i ɲ a ɾ e n ɡ a n a k o
zurginarenganantz	s̺ u r ɡ i ɲ a ɾ e n ɡ a n a n t͡s̻
zurginarengandik	s̺ u r ɡ i ɲ a ɾ e n ɡ a n d i k
zurginarengatik	s̺ u r ɡ i ɲ a ɾ e n ɡ a t i k
zurginarentzat	s̺ u r ɡ i ɲ a ɾ e n t͡s̻ a t
zurginari	s̺ u r ɡ i ɲ a ɾ i
zurginaz	s̺ u r ɡ i ɲ a s̺
zurgindegi	s̺ u r ɡ i n d e ɡ i
zurginei	s̺ u r ɡ i ɲ e i̯
zurginek	s̺ u r ɡ i ɲ e k
zurginekin	s̺ u r ɡ i ɲ e k i n
zurginen	s̺ u r ɡ i ɲ e n
zurginengan	s̺ u r ɡ i ɲ e n ɡ a n
zurginengana	s̺ u r ɡ i ɲ e n ɡ a n a
zurginenganaino	s̺ u r ɡ i ɲ e n ɡ a n a ɲ o
zurginenganako	s̺ u r ɡ i ɲ e n ɡ a n a k o
zurginenganantz	s̺ u r ɡ i ɲ e n ɡ a n a n t͡s̻
zurginengandik	s̺ u r ɡ i ɲ e n ɡ a n d i k
zurginengatik	s̺ u r ɡ i ɲ e n ɡ a t i k
zurginentzat	s̺ u r ɡ i ɲ e n t͡s̻ a t
zurginez	s̺ u r ɡ i ɲ e s̺
zurgini	s̺ u r ɡ i ɲ i
zurginik	s̺ u r ɡ i ɲ i k
zurgintza	s̺ u r ɡ i n t͡s̻ a
zurgintzat	s̺ u r ɡ i n t͡s̻ a t
zuri	s̺ u ɾ i
zuritu	s̺ u ɾ i t u
zurrumurru	s̺ u r u m u r u
zut	s̺ u t
zutarri	s̺ u t a r i
zuten	s̺ u t e n
zutik	s̺ u t i k
zuzen	s̺ u s̺ e n
zuzena	s̺ u s̺ e n a
zuzenbide	s̺ u s̺ e m b i d e
zuzenbidezko	s̺ u s̺ e m b i d e s̺ k o
zuzendu	s̺ u s̺ e n d u
zuzenean	s̺ u s̺ e n e a n
zuzentasun	s̺ u s̺ e n t a s̺ u n
zuzentzaile	s̺ u s̺ e n t͡s̻ a ʎ e
zuzi	s̺ u s̺ i
züntzür	s̻ y n t͡s̻ y r
ñ	ɲ
ü	y
üthürri	y tʰ y ʁ i
ĺ	ʎ
ŕ	r
