-procentig	p r ʊ s ɛ n t ɪ ɡ
-tonnare	t ɔ n a r ɛ
-vänlig	v ɛ n l ɪ ɡ
-väsen	v 'ɛː s ɛ n
-öring	øː r ɪ ŋ
a	ɑː
a-inkomst	²'ɑː ɪ n k 'ɔ m s t
a-kassa	²'ɑː k a s a
a-skatt	²'ɑː s k a t
aa	²s 'ɑː a
aachen	'ɑː k 'eː n
ab	²'ɑː b eː
abba	²s a b a
abbe	²s a b ɛ
abbedissa	²a b ɛ d 'ɪ s a
abbeshult	a b ɛ s h ɵ l t
abborre	²'a b ɔ r ɛ
abbot	a b ɔ t
abbé	a b 'eː
abc	ɑː b eː s 'eː
abc-bok	²'ɑː b eː s eː b uː k
abc-stridsmedel	²ɑː b eː s 'eː s t r ɪ t s m eː d ɛ l
abdikera	a b d ɪ k 'eː r a
abdikerar	a b d ɪ k 'eː r a r
aber	'ɑː b ɛ r
abf	ɑː b eː 'ɛ f
abnorm	a b n 'ɔ r m
aboensisk	a b ʊ ɛ n s ɪ s k
abonnemang	a b ɔ n ɛ m 'a ŋ
abonnent	a b ɔ n 'ɛ n t
abonnentförteckning	a b ɔ n ɛ n t f œ t ɛ k n ɪ ŋ
abonnera	a b ɔ n 'eː r a
abonnerar	a b ɔ n 'eː r a r
abort	a b 'ɔ t
abortrådgivning	²a b 'ɔ t r oː d j iː v n ɪ ŋ
abrakadabra	ɑː b r a k a d 'ɑː b r a
abrupt	a b r 'ɵ p t
absolut	a b s ʊ l 'ʉː t
absolutism	a b s ʊ l ɵ t 'ɪ s m
absolutist	a b s ʊ l ɵ t 'ɪ s t
absorbera	a b s ɔ r b 'eː r a
absorberar	a b s ɔ r b 'eː r a r
absorptionsförmåga	a b s ɔ r p ɧ ʊ n s f œ r m oː ɡ a
abstinens	a b s t ɪ n 'ɛ n s
abstinensbesvär	a b s t ɪ n ɛ n s b ɛ s v 'ɛː r
abstrahera	a b s t r a h 'eː r a
abstraherar	a b s t r a h 'eː r a r
abstrakt	a b s t r 'a k t
abstraktion	a b s t r a k ɧ 'uː n
absurd	a b s 'ɵ r d
acajounöt	a k a j ʊ n øː t
acajouträd	a k a j ʊ t r ɛː d
accelerera	a k s ɛ l ɛ r 'eː r a
accelererar	a k s ɛ l ɛ r 'eː r a r
accent	a k s 'ɛ n t
accentuera	a k s ɛ n t ɵ 'eː r a
accentuerar	a k s ɛ n t ɵ 'eː r a r
acceptabel	a k s ɛ p t 'ɑː b ɛ l
acceptera	a k s ɛ p t 'eː r a
accepterar	a k s ɛ p t 'eː r a r
accis	a k s 'iː s
aceton	a s ɛ t 'oː n
acetylsalicylsyra	a s ɛ t 'yː l s a l ɪ s 'yː l s 'yː r a
ack	a k
ackja	a k j a
acklamation	a k l a m a ɧ 'uː n
ackompanjera	a k ɔ m p a n j 'eː r a
ackompanjerar	a k ɔ m p a n j 'eː r a r
ackord	a k 'oː d
ackreditera	a k r ɛ d ɪ t 'eː r a
ackrediterar	a k r ɛ d ɪ t 'eː r a r
ackumulera	a k ɵ m ɵ l 'eː r a
ackumulerar	a k ɵ m ɵ l 'eː r a r
ackuratess	a k ɵ r a t 'ɛ s
ackusativ	a k ɵ s a t 'iː v
ackuschör	a k ɵ ɧ øː r
ackuschörska	a k ɵ ɧ œ ɕ k a
acne	²'a k n ɛ
action	'ɛ k ɧ ɛ n
actionhjälte	a k ɧ ɔ n j ɛ l t ɛ
ad	'ɑː d eː
adamsäpple	²'ɑː d a m s a p l ɛ
adb	ɑː d eː b 'eː
adde	²s a d ɛ
addera	a d 'eː r a
adderar	a d 'eː r a r
addition	a d ɪ ɧ 'uː n
adekvat	a d ɛ k v 'ɑː t
adel	'ɑː d ɛ l
adelssläkt	ɒ̀ː d ɛ l s ‿ s l ɛ k t
adept	a d 'ɛ p t
aderton	²'ɑː d ɛ t ɔ n
adhd	'ɑː d 'eː h oː d 'eː
adjektiv	²'a d j ɛ k t iː v
adjungera	a d j ɵ ŋ ɡ 'eː r a
adjungerar	a d j ɵ ŋ ɡ 'eː r a r
adjunkt	a d j 'ɵ ŋ k t
adjö	a j 'øː
adla	²'ɑː d l a
adlar	²'ɑː d l a r
adlig	'ɑː d l ɪ ɡ
administration	a d m ɪ n ɪ s t r a ɧ 'uː n
administrativ	a d m ɪ n ɪ s t r a t 'iː v
administrera	a d m ɪ n ɪ s t r 'eː r a
administrerar	a d m ɪ n ɪ s t r 'eː r a r
adoptera	a d ɔ p t 'eː r a
adopterar	a d ɔ p t 'eː r a r
adoption	a d ɔ p ɧ 'uː n
adoptivbarn	²a d ɔ p t 'iː v b ɑː n
adoptivförälder	²a d ɔ p t 'iː v f œ r ɛ l d ɛ r
adrenalin	a d r ɛ n a l 'iː n
adress	a d r 'ɛ s
adressat	a d r ɛ s 'ɑː t
adressera	a d r ɛ s 'eː r a
adresserar	a d r ɛ s 'eː r a r
adrätt	²s 'ɑː d r ɛ t
advent	a d v 'ɛ n t
adventsljusstake	a d ²s v ɛ n t s j s s s t 'ɑː k ɛ
adventsstjärna	a d v ɛ n t s ɧ ɛː r n a
adventssöndag	a d v ɛ n t s s œ n d 'ɑː ɡ
adverb	a d v 'ɛ r b
adverbial	a d v a r b ɪ 'ɑː l
advokat	a d v ʊ k 'ɑː t
advokatbyrå	²a d v ʊ k 'ɑː t b yː r ɔ
aero-	²a ɛ r ʊ
aerodynamisk	a ɛ r ʊ d ʏ n 'ɑː m ɪ s k
aerogram	a ɛ r ʊ ɡ r 'a m
afasi	a f a s 'iː
affekt	a f 'ɛ k t
affekterad	a f ɛ k t 'eː r a d
affektion	a f ɛ k ɧ 'uː n
affektionsvärde	²a f ɛ k ɧ 'uː n s v ɛː d ɛ
affisch	a f 'ɪ ɧ
affischera	a f ɪ ɧ 'eː r a
affischerar	a f ɪ ɧ 'eː r a r
affrikata	a f r ɪ k 'ɑː t a
affär	a f 'ɛː r
affärsbiträde	a f r ɕ b ɪ t r ɛː d ɛ
affärsidé	a f r ɕ 'iː d 'eː
affärskvinna	a f ɛː r s k v ɪ n a
affärsliv	a f r ɕ l 'iː v
affärsman	²a f 'ɛː ɕ m a n
affärsmässig	a f r ɕ m ɛ s ɪ ɡ
affärsresa	a f r ɕ r 'eː s a
aforism	a f ʊ r 'ɪ s m
afrika	'ɑː f r ɪ k a
afrikan	a f r ɪ k 'ɑː n
afrikansk	a f r ɪ k 'ɑː n s k
afrofrisyr	²'a f r ʊ f r ɪ s yː r
afse	²s a f s ɛ
afterski	'ɑː f t 'ɛː r s k 'iː
afterwork	'ɑː f t 'ɛː r w oː r k
afton	²'a f t ɔ n
aftonfalk	a f t ɔ n f a l k
aga	²'ɑː ɡ a
agar	²'ɑː ɡ a r
agat	a ɡ 'ɑː t
agb	ɑː ɡ eː b 'eː
agenda	a ɡ ɛ n d a
agent	a ɡ 'ɛ n t
agera	a ɡ 'eː r a
agerar	a ɡ 'eː r a r
agg	a ɡ
aggregat	a ɡ r ɛ ɡ 'ɑː t
aggression	a ɡ r ɛ ɧ 'uː n
aggressiv	a ɡ r ɛ s 'iː v
agitera	a ɡ ɪ t 'eː r a
agiterar	a ɡ ɪ t 'eː r a r
agn	a ŋ n
agna	a ŋ n a
agnar	²'a ŋ n a r
agneta	a ŋ ²s n 'eː t a
agnosticism	a ɡ n ɔ s t ɪ s ɪ s m
agnostiker	a ɡ n ɔ s t ɪ k ɛ r
agronom	a ɡ r ʊ n 'oː m
ags	ɑː ɡ eː 'ɛ s
aha-upplevelse	²a h 'ɑː ɵ p l eː v ɛ l s ɛ
ahlman	'ɑː l m a n
aids	ɛ j d s
aioli	a j oː l ɪ
aj	a j
ajdå	a j d oː
ajour	a ɧ 'uː r
ajournera	a ɧ ʊ n 'eː r a
ajournerar	a ɧ ʊ n 'eː r a r
ajö	a j øː
ajöken	a j øː k ɛ n
ajöss	a j œ s
akaciames	a k 'ɑː s ɪ j a m 'eː s
akademi	a k a d ɛ m 'iː
akademiker	a k a d 'eː m ɪ k ɛ r
akademisk	a k a d 'eː m ɪ s k
akilleshäl	²a k 'ɪ l ɛ s h ɛː l
akrobat	a k r ʊ b 'ɑː t
akryl	a k r 'yː l
akt	a k t
akta	²'a k t a
aktar	²'a k t a r
akter	'a k t ɛ r
akterseglad	²'a k t ɛ ɕ eː ɡ l a d
aktie	'a k t s ɪ ɛ
aktiebolag	²'a k t s ɪ ɛ b uː l ɑː ɡ
aktieägare	a k t s ɪ ɛ ɛː ɡ a r ɛ
aktinium	a k t 'iː n ɪ ɵ m
aktion	a k ɧ 'uː n
aktiv	'a k t iː v
aktivera	a k t ɪ v 'eː r a
aktiverar	a k t ɪ v 'eː r a r
aktivist	a k t ɪ v 'ɪ s t
aktivitet	a k t ɪ v ɪ t 'eː t
aktning	²'a k t n ɪ ŋ
aktningsvärd	a k t n ɪ ŋ s v ɛː r d
aktningsvärdhet	a k t n ɪ ŋ s v ɛː d h ɛ t
aktris	a k t r 'iː s
aktsam	²'a k t s a m
aktualisera	a k t ɵ a l ɪ s 'eː r a
aktualiserar	a k t ɵ a l ɪ s 'eː r a r
aktualitet	a k t ɵ a l ɪ t 'eː t
aktuell	a k t ɵ 'ɛ l
aktuellt	a k t ɵ 'ɛ l t
aktör	a k t 'øː r
akupunktur	a k ɵ p ɵ ŋ k t 'ʉː r
akustik	a k ɵ s t 'iː k
akustisk	a k 'ɵ s t ɪ s k
akut	a k 'ʉː t
akuten	a k 'ʉː t ɛ n
akutmottagning	²a k 'ʉː t m uː t ɑː ɡ n ɪ ŋ
akvarell	a k v a r 'ɛ l
akvarellmålare	a k v a r ɛ l m oː l a r ɛ
akvarium	²a k v 'ɑː r ɪ ɵ m
al	ɑː l
alabaster	a l a b 'a s t ɛ r
aladåb	a l a d 'oː b
alarmerande	a l a r m 'eː r a n d ɛ
alban	a l b 'ɑː n
albanien	a l b 'ɑː n j ɛ n
albansk	a l b 'ɑː n s k
albatross	a l b a t r ɔ s
albert	t a l b r t
albertina	a l b r ²s t 'iː n a
albin	t a l b ɪ n
albino	a l b 'iː n ʊ
album	'a l b ɵ m
aldrig	²'a l d r ɪ ɡ
alert	a l 'ɛ t
alfabet	²'a l f a b eː t
alfabetisera	a l f a b ɛ t ɪ s 'eː r a
alfabetiserar	a l f a b ɛ t ɪ s 'eː r a r
alfabetisk	a l f a b 'eː t ɪ s k
alfastrålning	a l f a s t r oː l n ɪ ŋ
alfågel	'ɑː l f oː ɡ ɛ l
alförrädare	'ɑː l f œ r ɛː d a r ɛ
alg	a l j
algerier	a l ɧ 'eː r ɪ ɛ r
algeriet	a l ɧ ɛ r 'iː ɛ t
algerisk	a l ɧ 'eː r ɪ s k
alias	'ɑː l ɪ a s
alibi	'ɑː l ɪ b ɪ
alienation	a l ɪ ɛ n a ɧ 'uː n
alienerad	a l ɪ ɛ n 'eː r a d
alika	²'a l ɪ k a
alingsås	'ɑː l ɪ ŋ s oː s
alkekung	a l k ɛ k ɵ ŋ
alkemi	a l ɕ ɛ m 'iː
alkohol	²'a l k ʊ h oː l
alkoholism	a l k ʊ h ɔ l 'ɪ s m
alkoholist	a l k ʊ h ɔ l 'ɪ s t
alkoholpoliklinik	²a l k ʊ h 'oː l p ʊ l ɪ k l ɪ n iː k
alkoholpåverkad	a l k ʊ h ɔ l p 'oː v ɛ r k a d
alkoläsk	a l k ʊ l ɛ s k
alkolås	a l k ʊ l oː s
alkotest	²'a l k ʊ t ɛ s t
alkov	a l k 'oː v
all	a l
alla	a l a
alldaglig	²'a l d ɑː ɡ l ɪ ɡ
alldeles	²'a l d ɛ l ɛ s
alldes	²s a l d ɛ s
allegori	a l ɛ ɡ ʊ r 'iː
allehanda	²'a l ɛ h a n d a
allemansrätt	²'a l ɛ m a n s r ɛ t
allena	a l 'eː n a
allenarådande	²a l 'eː n a r oː d a n d ɛ
allergi	a l a r ɡ 'iː
allergisk	a l 'ɛ r ɡ ɪ s k
allesamman	a l ɛ s 'a m a n
allesammans	a l ɛ s 'a m a n s
allestädes	²'a l ɛ s t ɛː d ɛ s
allestädesnärvaro	a l ɛ s t ɛː d s n r r v a r 'uː
allhelgonahelgen	²a l h 'ɛ l ɡ ɔ n a h ɛ l j ɛ n
allians	a l ɪ 'a n s
alliansfri	²a l ɪ 'a n s f r iː
allierad	a l ɪ 'eː r a d
allihop	a l ɪ h 'uː p
allihopa	a l ɪ h 'uː p a
allmoge	²'a l m uː ɡ ɛ
allmogespråk	a l m 'uː ɡ ɛ s p r oː k
allmosa	²'a l m uː s a
allmän	²'a l m ɛ n
allmänbildad	²'a l m ɛ n b ɪ l d a d
allmänbildning	²'a l m ɛ n b ɪ l d n ɪ ŋ
allmänfarlig	²'a l m ɛ n f ɑː l ɪ ɡ
allmängiltig	²'a l m ɛ n j ɪ l t ɪ ɡ
allmängiltighet	a l m ɛ n j ɪ l t ɪ ɡ h 'eː t
allmängods	²'a l m ɛ n ɡ ʊ t s
allmänhet	²'a l m ɛ n h eː t
allmänning	²'a l m ɛ n ɪ ŋ
allmännyttig	²'a l m ɛ n ʏ t ɪ ɡ
allmänordbok	a l m ɛ n 'uː d b 'uː k
allmänspråk	a l m ɛ n s p r oː k
allmänspråklig	a l m ɛ n s p r oː k l ɪ ɡ
allmänt	a l m ɛ n t
allmäntjänstgöring	a l m ɛ n t j ɛ n s t s j øː r ɪ ŋ
allofon	a l ʊ f oː n
allra	²'a l r a
allriskförsäkring	a l r ɪ s k f œ r s ɛː k r ɪ ŋ
allround	ɔ l r 'a ʊ n d
alls	a l s
allsidig	²'a l s iː d ɪ ɡ
allsköns	'a l ɧ œ n s
allsmäktig	²'a l s m ɛ k t ɪ ɡ
allsmäktigt	a l s m ɛ k t ɪ k t
allsvensk	²'a l s v ɛ n s k
allsvenskan	²'a l s v ɛ n s k a n
allsång	²'a l s ɔ ŋ
allt	a l t
allteftersom	'a l t ²'ɛ f t ɛ ɕ ɔ m
alltför	'a l t f øː r
alltiallo	²a l t ɪ 'a l ʊ
alltid	²'a l t ɪ d
alltifrån	'a l t ɪ f r oː n
alltihop	a l t ɪ h 'uː p
alltihopa	a l t ɪ h 'uː p a
allting	'a l t ɪ ŋ
alltjämt	a l t j 'ɛ m t
alltmer	a l t m 'eː r
alltmera	a l t m 'eː r a
alltnog	a l t n 'uː ɡ
alltsamman	a l t s 'a m a n
alltsammans	a l t s 'a m a n s
alltsedan	'a l t s eː d a n
alltså	'a l t s ɔ
allvar	²'a l v ɑː r
allvarlig	²'a l v ɑː l ɪ ɡ
allätare	a l ɛː t a r ɛ
allé	a l 'eː
alm	a l m
almanacka	²'a l m a n a k a
alperna	'a l p ɛ n a
alpglöd	a l p ɡ l øː d
alpin	a l p 'iː n
alpjärnsparv	a l p j 'ɛː n s p a r v
alpseglare	a l p s 'eː ɡ l a r ɛ
alster	'a l s t ɛ r
alstra	²'a l s t r a
alstrar	²'a l s t r a r
alt	a l t
altan	a l t 'ɑː n
altare	²'a l t a r ɛ
altblockflöjt	a l t b l ɔ k f l œ j t
alternativ	a l t a n a t 'iː v
alternativfält	a l t ɛ r n a t ɪ v f ɛ l t
alternativt	a l t a n a t 'iː v t
alternera	a l t a n 'eː r a
alternerar	a l t a n 'eː r a r
altruism	a l t r ɵ ɪ s m
altruist	a l t r ɵ 'ɪ s t
aluminium	a l ɵ m 'iː n ɪ ɵ m
alun	²s 'ɑː l ɵ n
alunda	'ɑː l ɵ n d a
alv	a l v
alveolar	a l v ɛ ʊ l 'ɑː r
amalgam	a m a l ɡ 'ɑː m
amanda	a ²s m a n d a
amason	a m a s 'oː n
amatör	a m a t 'øː r
amatörmässig	a m a t œ r m ɛ s ɪ ɡ
ambassad	a m b a s 'ɑː d
ambassadråd	a m b a s a d r 'ɑː d
ambassadör	a m b a s a d 'øː r
ambition	a m b ɪ ɧ 'uː n
ambitiös	a m b ɪ ɧ 'øː s
ambivalent	a m b ɪ v a l 'ɛ n t
ambulans	a m b ɵ l 'a n s
ambulera	a m b ɵ l 'eː r a
ambulerar	a m b ɵ l 'eː r a r
amen	'a m ɛ n
amerika	a m 'eː r ɪ k a
amerikan	a m ɛ r ɪ k 'ɑː n
amerikanare	²a m ɛ r ɪ k 'ɑː n a r ɛ
amerikansk	a m ɛ r ɪ k 'ɑː n s k
amerikat	a m 'eː r ɪ k a t
ametist	a m ɛ t ɪ s t
amfiteater	²'a m f ɪ t ɛ ɑː t ɛ r
amiral	a m ɪ r 'ɑː l
amma	²'a m a
ammar	²'a m a r
ammunition	a m ɵ n ɪ ɧ 'uː n
amnesti	a m n ɛ s t 'iː
amning	²'a m n ɪ ŋ
amok	a m 'ɔ k
amoralisk	a m ʊ r 'ɑː l ɪ s k
amortera	a m ʊ t 'eː r a
amorterar	a m ʊ t 'eː r a r
amortering	a m ʊ t 'eː r ɪ ŋ
ampel	²'a m p ɛ l
amper	a m p ɛ r
ampere	a m p 'ɛː r
ampull	a m p 'ɵ l
amputera	a m p ɵ t 'eː r a
amputerar	a m p ɵ t 'eː r a r
ams	a m s
amu	'ɑː m ɵ
amu-center	²'ɑː m ɵ s ɛ n t ɛ r
amulett	a m ɵ l 'ɛ t
amurfalk	'ɑː m ɵ r f a l k
ana	²'ɑː n a
anabol	a n a b 'oː l
anakronism	a n a k r ʊ n 'ɪ s m
analfabet	a n a l f a b 'eː t
analog	a n a l 'oː ɡ
analogi	a n a l ɔ ɡ 'iː
analys	a n a l 'yː s
analysera	a n a l ʏ s 'eː r a
analyserar	a n a l ʏ s 'eː r a r
analöppning	²a n 'ɑː l œ p n ɪ ŋ
anamma	a n 'a m a
anammar	a n 'a m a r
anamnes	a n a m n 'eː s
ananas	²'a n a n a s
anar	²'ɑː n a r
anarki	a n a r k 'iː
anarkist	a n a r k 'ɪ s t
anatolien	a n a t ɔ l ɪ ɛ n
anatomi	a n a t ɔ m 'iː
anbefalla	²'a n b ɛ f a l ɛ r
anblick	²'a n b l ɪ k
anbringa	²'a n b r ɪ ŋ a
anbringar	²'a n b r ɪ ŋ a r
anbud	²'a n b ʉː d
and	a n d
anda	²'a n d a
andakt	²'a n d a k t
andan	²'a n d a n
andas	²'a n d a s
ande	²'a n d ɛ
andedräkt	²'a n d ɛ d r ɛ k t
andel	²'a n d eː l
andelslägenhet	²'a n d eː l s l ɛː ɡ ɛ n h eː t
andemening	²'a n d ɛ m eː n ɪ ŋ
anden	²s a n d ɛ n
anders	â n d ɛ ɕ
andersson	â n d ɛ ɕ ɔ n
andetag	²'a n d ɛ t ɑː ɡ
andfådd	²'a n d f ɔ d
andhämtning	²'a n d h ɛ m t n ɪ ŋ
andlig	²'a n d l ɪ ɡ
andlös	²'a n d l øː s
andning	²'a n d n ɪ ŋ
andningsorgan	²'a n d n ɪ ŋ s ɔ r ɡ ɑː n
andnöd	²'a n d n øː d
andorra	a n d ɔ r a
andra	²'a n d r a
andrahandsaffär	²'a n d r a h a n d s a f ɛː r
andrahandslägenhet	²'a n d r a h a n d s l ɛː ɡ ɛ n h eː t
andrahandsvärde	²'a n d r a h a n d s v ɛː d ɛ
andrar	²'a n d r ɑː r
androgyn	a n d r ɔ j 'yː n
andrum	²'a n d r ɵ m
andré	a n d r 'eː
anekdot	a n ɛ k d 'oː t
anemi	a n ɛ m 'iː
anestesi	a n ɛ s t ɛ s 'iː
anfader	²'a n f ɑː d ɛ r
anfall	²'a n f a l
anfalla	²'a n f a l ɛ r
anfang	a n f 'a ŋ
anfordran	²'a n f uː d r a n
anfrätt	²'a n f r ɛ t
anfäkta	²'a n f ɛ k t a
anfäktar	²'a n f ɛ k t a r
anföll	²'a n f œ l
anföra	²'a n f øː r
anförande	²'a n f øː r a n d ɛ
anföring	²'a n f øː r ɪ ŋ
anförtro	²'a n f œ t r uː r
anförvant	²'a n f œ r v a n t
ang	²'a n ɡ oː ɛ n d ɛ
angav	²'a n ɡ ɑː v
ange	²'a n j eː r
angelstad	a ŋ ɛ l s t a
angelägen	²'a n j ɛ l ɛː ɡ ɛ n
angelägenhet	²'a n j ɛ l ɛː ɡ ɛ n h eː t
angenäm	²'a n j ɛ n ɛː m
angett	²'a n j ɛ t
angick	²'a n j ɪ k
angiven	²'a n j iː v ɛ n
angola	a n ɡ oː l a
angrep	²'a n ɡ r eː p
angrepp	²'a n ɡ r ɛ p
angripa	²'a n ɡ r iː p ɛ r
angränsande	²'a n ɡ r ɛ n s a n d ɛ
angå	²'a n ɡ oː r
angående	²'a n ɡ oː ɛ n d ɛ
angöra	²'a n j øː r
anhalt	²'a n h a l t
anhopning	²'a n h uː p n ɪ ŋ
anhängare	²'a n h ɛ ŋ a r ɛ
anhängiggöra	²s ²'a n h ɛ ŋ ɡ ɪ ɡ j œ́ː r a
anhålla	²'a n h ɔ l ɛ r
anhållan	²'a n h ɔ l a n
anhållande	²'a n h ɔ l a n d ɛ
anhöll	²'a n h œ l
anhörig	²'a n h øː r ɪ ɡ
animalisk	a n ɪ m 'ɑː l ɪ s k
animerad	a n ɪ m 'eː r a d
aning	²'ɑː n ɪ ŋ
aningslös	²ɑː n ɪ ŋ s l øː s
anis	'ɑː n ɪ s
anka	²'a ŋ k a
ankar	²'a ŋ k a r
ankare	²'a ŋ k a r ɛ
ankdamm	²'a ŋ k d a m
ankeborg	a ŋ k ɛ b ɔ r j
ankel	²'a ŋ k ɛ l
anklaga	²'a n k l ɑː ɡ a
anklagar	²'a n k l ɑː ɡ a r
anklagelse	²'a n k l ɑː ɡ ɛ l s ɛ
anklang	²'a n k l a ŋ
ankn	²'a n k n yː t n ɪ ŋ
anknyta	²'a n k n yː t ɛ r
anknytning	²'a n k n yː t n ɪ ŋ
anknytningsfall	²'a n k n yː t n ɪ ŋ s f a l
ankomma	²'a n k ɔ m ɛ r
ankomst	²'a n k ɔ m s t
ankra	²'a ŋ k r a
ankrar	²'a ŋ k r a r
anlag	²'a n l ɑː ɡ
anledning	²'a n l eː d n ɪ ŋ
anlete	²'a n l eː t ɛ
anlita	²'a n l iː t a
anlitar	²'a n l iː t a r
anlägga	²'a n l ɛ ɡ ɛ r
anläggning	²'a n l ɛ ɡ n ɪ ŋ
anlända	²'a n l ɛ n d ɛ r
anlöpa	²'a n l øː p ɛ r
anmana	²'a n m ɑː n a
anmanar	²'a n m ɑː n a r
anmoda	²'a n m uː d a
anmodan	²'a n m uː d a n
anmodar	²'a n m uː d a r
anmäla	²'a n m ɛː l ɛ r
anmälan	²'a n m ɛː l a n
anmälning	²'a n m ɛː l n ɪ ŋ
anmärka	²'a n m a r k ɛ r
anmärkning	²'a n m a r k n ɪ ŋ
anmärkningsvärd	²'a n m a r k n ɪ ŋ s v ɛː d
anna	²s a n a
annalkande	²'a n a l k a n d ɛ
annan	²'a n a n
annandag	²'a n a n d ɑː ɡ
annanstans	²'a n a n s t a n s
annars	²'a n a ɕ
annektera	a n ɛ k t 'eː r a
annekterar	a n ɛ k t 'eː r a r
annerstad	a n ɛ s t a
annex	a n 'ɛ k s
anno	a n 'uː
annons	a n 'ɔ n s
annonsera	a n ɔ n s 'eː r a
annonserar	a n ɔ n s 'eː r a r
annorlunda	²'a n ʊ l ɵ n d a
annorstädes	²'a n ʊ ɕ t ɛː d ɛ s
annullera	a n ɵ l 'eː r a
annullerar	a n ɵ l 'eː r a r
anod	a n oː d
anomali	a n ʊ m a l 'iː
anonym	a n ʊ n 'yː m
anor	²'ɑː n ʊ r
anorak	'a n ʊ r a k
anordna	²'a n oː d n a
anordnar	²'a n oː d n a r
anordning	²'a n oː d n ɪ ŋ
anorexi	a n ʊ r ɛ k s 'iː
anpassa	²'a n p a s a
anpassar	²'a n p a s a r
anpasslig	²'a n p a s l ɪ ɡ
anpassning	²'a n p a s n ɪ ŋ
anpassningsbidrag	²'a n p a s n ɪ ŋ s b iː d r ɑː ɡ
anpassningsgrupp	²'a n p a s n ɪ ŋ s ɡ r ɵ p
anrik	²'ɑː n r ɪ k
anrika	²'a n r iː k a
anrikar	²'a n r iː k a r
anropa	²'a n r uː p a
anropar	²'a n r uː p a r
anrätta	²'a n r ɛ t a
anrättar	²'a n r ɛ t a r
anrättning	²'a n r ɛ t n ɪ ŋ
ansa	²'a n s a
ansamling	²'a n s a m l ɪ ŋ
ansar	²'a n s a r
ansat	²s a n s a t
ansats	²'a n s a t s
ansatt	²s a n s a t
anse	²'a n s eː r
ansedd	²'a n s ɛ d
anseende	²'a n s eː ɛ n d ɛ
ansenlig	²'a n s eː n l ɪ ɡ
ansikte	²'a n s ɪ k t ɛ
ansiktslyftning	²'a n s ɪ k t s l ʏ f t n ɪ ŋ
ansjovis	a n ɧ 'uː v ɪ s
anskaffa	²'a n s k a f a
anskaffar	²'a n s k a f a r
anskrämlig	²'a n s k r ɛ m l ɪ ɡ
anslag	²'a n s l ɑː ɡ
ansluta	²'a n s l ʉː t ɛ r
anslutning	²'a n s l ʉː t n ɪ ŋ
anslå	²'a n s l oː
anslår	²'a n s l oː r
anspela	²'a n s p eː l a
anspelar	²'a n s p eː l a r
anspråk	²'a n s p r oː k
anspråkslös	²'a n s p r oː k s l øː s
anstalt	²'a n s t a l t
anstifta	²'a n s t ɪ f t a
anstiftar	²'a n s t ɪ f t a r
anstormning	²'a n s t ɔ r m n ɪ ŋ
anstränga	²'a n s t r ɛ ŋ ɛ r
ansträngning	²'a n s t r ɛ ŋ n ɪ ŋ
anställa	²'a n s t ɛ l ɛ r
anställd	²'a n s t ɛ l d
anställning	²'a n s t ɛ l n ɪ ŋ
anställningsskydd	²'a n s t ɛ l n ɪ ŋ s ɧ ʏ d
anständig	²'a n s t ɛ n d ɪ ɡ
anstå	²'a n s t oː
anstånd	²'a n s t ɔ n d
anstår	²'a n s t oː r
anstöt	²'a n s t øː t
anstötlig	²'a n s t øː t l ɪ ɡ
ansvar	²'a n s v ɑː r
ansvara	²'a n s v ɑː r a
ansvarar	²'a n s v ɑː r a r
ansvarig	²'a n s v ɑː r ɪ ɡ
ansvarsfrihet	²'a n s v ɑː ɕ f r iː h eː t
ansvarslös	²'a n s v ɑː ɕ l øː s
ansätta	²'a n s ɛ t ɛ r
ansåg	²'a n s oː ɡ
ansöka	²'a n s øː k ɛ r
ansökan	²'a n s øː k a n
ansökning	²'a n s øː k n ɪ ŋ
anta	²'a n t ɑː r
antagande	²'a n t ɑː ɡ a n d ɛ
antagandepoäng	²'a n t ɑː ɡ a n d ɛ p ʊ ɛ ŋ
antagit	²'a n t ɑː ɡ ɪ t
antagligen	²'a n t ɑː ɡ l ɪ ɡ ɛ n
antagonist	a n t a ɡ ʊ n 'ɪ s t
antal	²'a n t ɑː l
antarktis	a n t a r k t ɪ s
antasta	²'a n t a s t a
antastar	²'a n t a s t a r
anteckna	²'a n t ɛ k n a
antecknar	²'a n t ɛ k n a r
anteckning	²'a n t ɛ k n ɪ ŋ
antenn	a n t 'ɛ n
antepenultima	a n t ɛ p ɛ n ɵ l t ɪ m a
anti-	²'a n t ɪ
antibiotika	a n t ɪ b ɪ 'oː t ɪ k a
antihjälte	²'a n t ɪ j ɛ l t ɛ
antik	a n t 'iː k
antiken	a n t 'iː k ɛ n
antiklimax	²'a n t ɪ k l iː m a k s
antikropp	²'a n t ɪ k r ɔ p
antikvariat	a n t ɪ k v a r ɪ 'ɑː t
antikverad	a n t ɪ k v 'eː r a d
antikvitet	a n t ɪ k v ɪ t 'eː t
antimateria	²s a n t ɪ m a t 'eː r ɪ a
antimon	a n t ɪ m oː n
antingen	²'a n t ɪ ŋ ɛ n
antisemit	a n t ɪ s ɛ m 'iː t
antisemitisk	a n t ɪ s ɛ m 'iː t ɪ s k
antisemitism	a n t ɪ s ɛ m ɪ t ɪ s m
antiseptisk	a n t ɪ s 'ɛ p t ɪ s k
antog	²'a n t uː ɡ
antologi	a n t ɔ l ɔ ɡ 'iː
antropologi	a n t r ɔ p ɔ l ɔ ɡ 'iː
anträffa	²'a n t r ɛ f a
anträffar	²'a n t r ɛ f a r
antyda	²'a n t yː d ɛ r
antydan	²'a n t yː d a n
antydning	²'a n t yː d n ɪ ŋ
antända	²'a n t ɛ n d ɛ r
antågande	²'a n t oː ɡ a n d ɛ
anvisa	²'a n v iː s a
anvisar	²'a n v iː s a r
anvisning	²'a n v iː s n ɪ ŋ
använda	²'a n v ɛ n d ɛ r
användarnamn	²'a n v ɛ n d a n a m n
användbar	²'a n v ɛ n d b ɑː r
användning	²'a n v ɛ n d n ɪ ŋ
aorta	²a 'ɔ t a
ap-fonden	²'ɑː p eː f ɔ n d ɛ n
apa	²'ɑː p a
apanage	a p a n 'ɑː ɧ
apart	a p 'ɑː t
apartheid	a p 'ɑː t h ɛ j d
apati	a p a t 'iː
apatisk	a p 'ɑː t ɪ s k
apelsin	a p ɛ l s 'iː n
apelsinjuice	a p ɛ l ²s s 'iː n j 'uː s
aperitif	a p ɛ r ɪ t 'ɪ f
apokalyptisk	a p ʊ k a l 'ʏ p t ɪ s k
apostel	a p 'ɔ s t ɛ l
apostlagärningarna	'ɑː p ʊ s t l a j ɛː r n ɪ ŋ a r n a
apostrof	a p ʊ s t r 'oː f
apotek	a p ʊ t 'eː k
apparat	a p a r 'ɑː t
apparatur	a p a r a t 'ʉː r
appell	a p 'ɛ l
appellativ	²s a p ɛ l a t ɪ v
appellera	a p ɛ l 'eː r a
appellerar	a p ɛ l 'eː r a r
appendicit	a p ɛ n d ɪ s 'iː t
appendix	a p 'ɛ n d ɪ k s
appetit	a p ɛ t 'iː t
applicera	a p l ɪ s 'eː r a
applicerar	a p l ɪ s 'eː r a r
applikation	a p l ɪ k a ɧ 'uː n
applåd	a p l 'oː d
applådera	a p l ɔ d 'eː r a
applåderar	a p l ɔ d 'eː r a r
apport	a p 'ɔ t
apportera	a p ɔ t 'eː r a
apporterar	a p ɔ t 'eː r a r
approach	a p r 'ɔ ʊ t ɧ
aprikos	a p r ɪ k 'uː s
april	a p r 'ɪ l
aprilväder	²a p r 'ɪ l v ɛː d ɛ r
apropå	a p r ʊ p 'oː
aptera	a p t 'eː r a
apterar	a p t 'eː r a r
aptit	a p t 'iː t
aptitlig	a p t ǐː t l ɪ ɡ
aptitretande	a p t 'iː t r 'eː t a n d ɛ
aptitretare	a p t 'iː t r 'eː t a r ɛ
ara	²s 'ɑː r a
arab	a r 'ɑː b
arabförbundet	²a r 'ɑː b f œ r b ɵ n d ɛ t
arabiska	a r 'ɑː b ɪ s k a
arbeta	²'a r b eː t a
arbetar	²'a r b eː t a r
arbetare	²'a r b eː t a r ɛ
arbetarkommun	²'a r b eː t a r k ɔ m ʉː n
arbetarrörelse	²'a r b eː t a r øː r ɛ l s ɛ
arbetarskydd	²'a r b eː t a r ɧ ʏ d
arbetarskyddsnämnden	²'a r b eː t a r ɧ ʏ d s n ɛ m d ɛ n
arbete	²'a r b eː t ɛ
arbetsam	²'a r b eː t s a m
arbetsbiträde	²'a r b eː t s b iː t r ɛː d ɛ
arbetsdomstolen	²'a r b eː t s d ʊ m s t uː l ɛ n
arbetsför	²'a r b eː t s f øː r
arbetsförmedling	²'a r b eː t s f œ r m eː d l ɪ ŋ
arbetsgivaravgift	²'a r b eː t s j iː v a r ɑː v j ɪ f t
arbetsgivare	²'a r b eː t s j iː v a r ɛ
arbetsgivarverket	²'a r b eː t s j iː v a r v a r k ɛ t
arbetsgrupp	²'a r b eː t s ɡ r ɵ p
arbetskraft	²'a r b eː t s k r a f t
arbetslivserfarenhet	²'a r b eː t s l ɪ f s eː r f ɑː r ɛ n h eː t
arbetslös	²'a r b eː t s l øː s
arbetslöshet	²'a r b eː t s l øː s h eː t
arbetslöshetsförsäkring	²'a r b eː t s l øː s h eː t s f œ ɕ ɛː k r ɪ ŋ
arbetslöshetskassa	²'a r b eː t s l øː s h eː t s k a s a
arbetsmarknad	²'a r b eː t s m a r k n a d
arbetsmarknadsinstitut	²'a r b eː t s m a r k n a d s ɪ n s t ɪ t ʉː t
arbetsmarknadsstyrelsen	²'a r b eː t s m a r k n a d s t yː r ɛ l s ɛ n
arbetsmarknadsstöd	²'a r b eː t s m a r k n a d s t øː d
arbetsmarknadsutbildning	²'a r b eː t s m a r k n a d s ʉː t b ɪ l d n ɪ ŋ
arbetsmiljölagen	²'a r b eː t s m ɪ l j øː l ɑː ɡ ɛ n
arbetsnamn	²'a r b eː t s n a m n
arbetsnedläggelse	²'a r b eː t s n eː d l ɛ ɡ ɛ l s ɛ
arbetspensionsförsäkringsavgiftsbedrägeri	²s a r b ɛ t s p a n ɧ 'uː n s f œ r s ɛː k r ɪ ŋ s 'ɑː v j ɪ f t s b ɛ d r ɛː ɡ ɛ r 'iː
arbetsplats	²'a r b eː t s p l a t s
arbetsprövning	²'a r b eː t s p r øː v n ɪ ŋ
arbetsskada	²'a r b eː t s k ɑː d a
arbetsskadeförsäkring	²'a r b eː t s k ɑː d ɛ f œ ɕ ɛː k r ɪ ŋ
arbetsskygg	²'a r b eː t s ɧ ʏ ɡ
arbetsstyrka	²'a r b eː t s t ʏ r k a
arbetstagare	²'a r b eː t s t ɑː ɡ a r ɛ
arbetsterapeut	²'a r b eː t s t ɛ r a p ɛ v t
arbetsterapi	²'a r b eː t s t ɛ r a p iː
arbetstid	²s a r b 'eː t s t 'iː d
arbetstidslagen	²'a r b eː t s t iː d s l ɑː ɡ ɛ n
arbetstillstånd	²'a r b eː t s t ɪ l s t ɔ n d
arbetsträning	²'a r b eː t s t r ɛː n ɪ ŋ
arbetsvecka	²'a r b eː t s v ɛ k a
arbetsvägledare	²'a r b eː t s v ɛː ɡ l eː d a r ɛ
arbetsvägledning	²'a r b eː t s v ɛː ɡ l eː d n ɪ ŋ
arbetsvård	²'a r b eː t s v oː d
arbus	a r b ʉː s
area	'ɑː r ɛ a
areal	a r ɛ 'ɑː l
arena	²a r 'eː n a
arg	a r j
argentinare	²a r ɡ ɛ n t 'iː n a r ɛ
argentinsk	a r ɡ ɛ n t 'iː n s k
argon	a r ɡ oː n
argsint	²'a r j s ɪ n t
argt	a r j t
argument	a r ɡ ɵ m 'ɛ n t
argumentation	a r ɡ ɵ m ɛ n t a ɧ 'uː n
argumentera	a r ɡ ɵ m ɛ n t 'eː r a
argumenterar	a r ɡ ɵ m ɛ n t 'eː r a r
aria	'ɑː r j a
aristokrat	a r ɪ s t ʊ k r 'ɑː t
aristokrati	a r ɪ s t ʊ k r a t 'iː
aristokratisk	a r ɪ s t ʊ k r 'ɑː t ɪ s k
ark	a r k
arkad	a r k 'ɑː d
arkebusera	a r k ɛ b ɵ s 'eː r a
arkebuserar	a r k ɛ b ɵ s 'eː r a r
arkeolog	a r k ɛ ʊ l 'oː ɡ
arkeologi	a r k ɛ ʊ l ɔ ɡ 'iː
arketyp	a r k ɛ t 'yː p
arkiater	a r k ɪ 'ɑː t ɛ r
arkimedes	a r k ɪ m 'eː d ɛ s
arkipelag	a r k ɪ p ɛ l 'ɑː ɡ
arkitekt	a r k ɪ t 'ɛ k t
arkitektur	a r k ɪ t ɛ k t 'ʉː r
arkiv	a r k 'iː v
arla	'ɑː l a
arm	a r m
armatur	a r m a t 'ʉː r
armband	²'a r m b a n d
armbandsur	²'a r m b a n d s ʉː r
armbåga	²'a r m b oː ɡ a
armbågar	²'a r m b oː ɡ a r
armbåge	²'a r m b oː ɡ ɛ
armenien	a r m 'eː n ɪ ɛ n
armenier	a r m 'eː n ɪ ɛ r
armenisk	a r m 'eː n ɪ s k
armeniska	a r m 'eː n ɪ s k a
armera	a r m 'eː r a
armerar	a r m 'eː r a r
armering	a r m 'eː r ɪ ŋ
armhåla	²'a r m h oː l a
armod	²'a r m uː d
armé	a r m 'eː
arom	a r 'oː m
arr	a r
arrangemang	a r a n ɧ ɛ m 'a ŋ
arrangera	a r a n ɧ 'eː r a
arrangerar	a r a n ɧ 'eː r a r
arrangör	a r a n ɧ 'øː r
arrendator	²a r ɛ n d 'ɑː t ʊ r
arrende	²a r 'ɛ n d ɛ
arrendera	a r ɛ n d 'eː r a
arrenderar	a r ɛ n d 'eː r a r
arrest	a r 'ɛ s t
arrestera	a r ɛ s t 'eː r a
arresterar	a r ɛ s t 'eː r a r
arrogans	a r ʊ ɡ 'a n s
arrogant	a r ʊ ɡ 'a n t
arsel	²'a ɕ ɛ l
arsenal	a ɕ ɛ n 'ɑː l
arsenik	a r s ɛ n 'iː k
arsle	²'a ɕ l ɛ
art	ɑː t
artificiell	a t ɪ f ɪ s ɪ 'ɛ l
artig	²'ɑː t ɪ ɡ
artikel	a t 'ɪ k ɛ l
artikulera	a t ɪ k ɵ l 'eː r a
artikulerar	a t ɪ k ɵ l 'eː r a r
artilleri	a t ɪ l ɛ r 'iː
artist	a t 'ɪ s t
artistisk	a t 'ɪ s t ɪ s k
artnamn	²'ɑː t n a m n
arton	²'ɑː t ɔ n
artonhundratal	²'ɑː t ɔ n h ɵ n d r a t ɑː l
artär	a t 'ɛː r
arv	a r v
arvinge	²'a r v ɪ ŋ ɛ
arvlös	²'a r v l øː s
arvode	²'a r v uː d ɛ
arvsfonden	²'a r v s f ɔ n d ɛ n
arvskifte	²'a r v ɧ ɪ f t ɛ
arvsynd	²a r v s ʏ n d
arvtagare	²'a r v t ɑː ɡ a r ɛ
as	ɑː s
asbest	'a s b ɛ s t
asfalt	²'a s f a l t
asfaltera	a s f a l t 'eː r a
asfalterar	a s f a l t 'eː r a r
asiat	a s ɪ 'ɑː t
asiatisk	a s ɪ 'ɑː t ɪ s k
asien	'ɑː s ɪ ɛ n
asjett	a ɧ 'ɛ t
ask	a s k
aska	²'a s k a
askar	²'a s k a r
asket	a s k 'eː t
askfat	²'a s k f ɑː t
askkopp	²'a s k ɔ p
askonsdagen	²'a s k ʊ n s d ɑː ɡ ɛ n
asmara	a s ²s m 'ɑː r a
asocial	a s ʊ s ɪ 'ɑː l
asp	a s p
aspekt	a s p 'ɛ k t
aspig	²s a s p ɪ
aspirant	a s p ɪ r 'a n t
aspirera	a s p ɪ r 'eː r a
aspirerar	a s p ɪ r 'eː r a r
ass	a s
assiett	a ɧ 'ɛ t
assimilera	a s ɪ m ɪ l 'eː r a
assimilerar	a s ɪ m ɪ l 'eː r a r
assistans	a s ɪ s t 'a n s
assistent	a s ɪ s t 'ɛ n t
assistera	a s ɪ s t 'eː r a
assisterar	a s ɪ s t 'eː r a r
association	a s ʊ s ɪ a ɧ 'uː n
associera	a s ʊ s ɪ 'eː r a
associerar	a s ʊ s ɪ 'eː r a r
assurans	a s ɵ r 'a n s
assurera	a s ɵ r 'eː r a
assurerar	a s ɵ r 'eː r a r
assyrier	a s 'yː r ɪ ɛ r
assyrisk	a s 'yː r ɪ s k
aster	'a s t ɛ r
asterisk	a s t ɛ r 'ɪ s k
astigmatisk	a s t ɪ ɡ m 'ɑː t ɪ s k
astma	²'a s t m a
astrologi	a s t r ʊ l ɔ ɡ 'iː
astronaut	a s t r ʊ n 'a ʊ t
astronomi	a s t r ʊ n ɔ m 'iː
asturisk	a s t ɵ r ɪ s k a
asturiska	a s t ɵ r ɪ s k a
asyl	a s 'yː l
at	²'ɑː t eː
atavistisk	a t a v 'ɪ s t ɪ s k
ateist	a t ɛ 'ɪ s t
ateljé	a t ɛ l j 'eː
atlant-	²a t l 'a n t
atlanten	a t l 'a n t ɛ n
atlantpakten	²a t l 'a n t p a k t ɛ n
atlas	'a t l a s
atlet	a t l 'eː t
atmosfär	a t m ʊ s f 'ɛː r
atom	a t 'oː m
atombomb	²a t 'oː m b ɔ m b
atomkraft	²a t 'oː m k r a f t
atomvapen	²a t 'oː m v ɑː p ɛ n
atp	ɑː t eː p 'eː
atp-poäng	²ɑː t eː p 'eː p ʊ ɛ ŋ
att	a t
att.	a t
attaché	a t a ɧ 'eː
attachéväska	²a t a ɧ 'eː v ɛ s k a
attack	a t 'a k
attackera	a t a k 'eː r a
attackerar	a t a k 'eː r a r
attentat	a t ɛ n t 'ɑː t
attest	a t 'ɛ s t
attestera	a t ɛ s t 'eː r a
attesterar	a t ɛ s t 'eː r a r
attiralj	a t ɪ r 'a l j
attityd	a t ɪ t 'yː d
attrahera	a t r a h 'eː r a
attraherar	a t r a h 'eː r a r
attraktion	a t r a k ɧ 'uː n
attraktiv	a t r a k t 'iː v
attribut	a t r ɪ b 'ʉː t
aubergine	ɔ b ɛ r ɕ 'iː n
audiens	a ʊ d ɪ 'ɛ n s
audiovisuell	a ʊ d ɪ ʊ v ɪ s ɵ 'ɛ l
auditorium	²a ʊ d ɪ t 'uː r ɪ ɵ m
augusti	a ʊ ɡ 'ɵ s t ɪ
auktion	a ʊ k ɧ 'uː n
auktorisera	a ʊ k t ʊ r ɪ s 'eː r a
auktoriserar	a ʊ k t ʊ r ɪ s 'eː r a r
auktoritet	a ʊ k t ʊ r ɪ t 'eː t
auktoritär	a ʊ k t ʊ r ɪ t 'ɛː r
aula	'a ʊ l a
aura	a ʊ r a
auskultera	a ʊ s k ɵ l t 'eː r a
auskulterar	a ʊ s k ɵ l t 'eː r a r
australisk	a ʊ s t r 'ɑː l ɪ s k
autentisk	a ʊ t 'ɛ n t ɪ s k
autograf	a ʊ t ʊ ɡ r 'ɑː f
automat	a ʊ t ʊ m 'ɑː t
automatisera	a ʊ t ʊ m a t ɪ s 'eː r a
automatiserar	a ʊ t ʊ m a t ɪ s 'eː r a r
automatisk	a ʊ t ʊ m 'ɑː t ɪ s k
automatlåda	²a ʊ t ʊ m 'ɑː t l oː d a
autonom	a ʊ t ʊ n 'oː m
autoritär	a ʊ t ʊ r ɪ t 'ɛː r
av	ɑː v
av-hjälpmedel	'ɑː v eː j ɛ l p m eː d ɛ l
avancera	a v a n s 'eː r a
avancerad	a v a n s 'eː r a d
avancerar	a v a n s 'eː r a r
avantgarde	a v a ŋ ɡ 'ɑː d
avart	²'ɑː v ɑː r t
avbalka	²'ɑː v b a l k a
avbalkar	²'ɑː v b a l k a r
avbalkning	²'ɑː v b a l k n ɪ ŋ
avbeställa	²'ɑː v b ɛ s t ɛ l ɛ r
avbeställningssedel	²'ɑː v b ɛ s t ɛ l n ɪ ŋ s eː d ɛ l
avbetalning	²'ɑː v b ɛ t ɑː l n ɪ ŋ
avbetalningskontrakt	²'ɑː v b ɛ t ɑː l n ɪ ŋ s k ɔ n t r a k t
avbetalningsköp	²'ɑː v b ɛ t ɑː l n ɪ ŋ s ɕ øː p
avbild	²'ɑː v b ɪ l d
avbilda	²'ɑː v b ɪ l d a
avbildar	²'ɑː v b ɪ l d a r
avbrott	²'ɑː v b r ɔ t
avbruten	²'ɑː v b r ʉː t ɛ n
avbryta	²'ɑː v b r yː t ɛ r
avbräck	²'ɑː b r ɛ k
avbröt	²'ɑː v b r øː t
avbytare	²'ɑː v b yː t a r ɛ
avböja	²'ɑː v b œ j ɛ r
avbön	²'ɑː v b øː n
avd	²'ɑː v d eː l n ɪ ŋ
avdankad	²'ɑː v d a ŋ k a d
avdela	²'ɑː v d eː l a
avdelar	²'ɑː v d eː l a r
avdelning	²'ɑː v d eː l n ɪ ŋ
avdrag	²'ɑː v d r ɑː ɡ
avdragsgill	²'ɑː v d r ɑː ɡ s j ɪ l
avdramatisera	²'ɑː v d r a m a t ɪ s eː r a
avdramatiserar	²'ɑː v d r a m a t ɪ s eː r a r
avdunsta	²'ɑː v d ɵ n s t a
avdunstar	²'ɑː v d ɵ n s t a r
avel	'ɑː v ɛ l
aveny	a v ɛ n 'yː
aversion	a v a r ɧ 'uː n
avfall	²'ɑː v f a l
avfart	²'ɑː v f ɑː t
avfolkas	²'ɑː v f ɔ l k a s
avfyra	²'ɑː v f yː r a
avfyrar	²'ɑː v f yː r a r
avfälling	²'ɑː v f ɛ l ɪ ŋ
avfärd	²'ɑː v f ɛː d
avfärda	²'ɑː v f ɛː d a
avfärdar	²'ɑː v f ɛː d a r
avföring	²'ɑː v f øː r ɪ ŋ
avgas	²'ɑː v ɡ ɑː s
avge	²'ɑː v j eː r
avgick	²'ɑː v j ɪ k
avgift	²'ɑː v j ɪ f t
avgiftsfri	²'ɑː v j ɪ f t s f r iː
avgjord	²'ɑː v j uː d
avgjorde	²'ɑː v j uː d ɛ
avgjort	²'ɑː v j uː t
avgrund	²'ɑː v ɡ r ɵ n d
avgränsa	²'ɑː v ɡ r ɛ n s a
avgränsar	²'ɑː v ɡ r ɛ n s a r
avguda	²'ɑː v ɡ ʉː d a
avgudar	²'ɑː v ɡ ʉː d a r
avgå	²'ɑː v ɡ oː r
avgång	²'ɑː v ɡ ɔ ŋ
avgångsbetyg	²'ɑː v ɡ ɔ ŋ s b ɛ t yː ɡ
avgångsbidrag	²'ɑː v ɡ ɔ ŋ s b iː d r ɑː ɡ
avgöra	²'ɑː v j øː r
avgörande	²'ɑː v j øː r a n d ɛ
avhandling	²'ɑː v h a n d l ɪ ŋ
avhjälpa	²'ɑː v j ɛ l p ɛ r
avhopp	²'ɑː v h ɔ p
avhoppare	²'ɑː v h ɔ p a r ɛ
avhysa	²'ɑː v h yː s ɛ r
avhålla	²'ɑː v h ɔ l ɛ r
avhållsam	²'ɑː v h ɔ l s a m
avi	a v 'iː
avig	²'ɑː v ɪ ɡ
avigsida	²'ɑː v ɪ ɡ s iː d a
avisera	a v ɪ s 'eː r a
aviserar	a v ɪ s 'eː r a r
avkall	²'ɑː v k a l
avkastning	²'ɑː v k a s t n ɪ ŋ
avklarar	²'ɑː v k l ɑː r a r
avklädning	²'ɑː v k l ɛː d n ɪ ŋ
avkomling	²'ɑː v k ɔ m l ɪ ŋ
avkomma	²'ɑː v k ɔ m a
avkoppling	²'ɑː v k ɔ p l ɪ ŋ
avkrok	²'ɑː v k r uː k
avkräva	²'ɑː v k r ɛː v ɛ r
avkunna	²'ɑː v k ɵ n a
avkunnar	²'ɑː v k ɵ n a r
avla	²'ɑː v l a
avlade	²'ɑː v l ɑː d ɛ
avlagt	²'ɑː v l a k t
avlar	²'ɑː v l a r
avlasta	²'ɑː v l a s t a
avlastar	²'ɑː v l a s t a r
avlat	'ɑː v l ɑː t
avlatskrämare	'ɑː v l 'ɑː t s k r ɛː m a r ɛ
avled	²'ɑː v l eː d
avleda	²'ɑː v l eː d ɛ r
avlelse	²'ɑː v l ɛ l s ɛ
avlida	²'ɑː v l iː d ɛ r
avliva	²'ɑː v l iː v a
avlivar	²'ɑː v l iː v a r
avlopp	²'ɑː v l ɔ p
avlossa	²'ɑː v l ɔ s a
avlossar	²'ɑː v l ɔ s a r
avlyssna	²'ɑː v l ʏ s n a
avlyssnar	²'ɑː v l ʏ s n a r
avlägga	²'ɑː v l ɛ ɡ ɛ r
avlägsen	²'ɑː v l ɛː ɡ s ɛ n
avlägsna	²'ɑː v l ɛː ɡ s n a
avlägsnar	²'ɑː v l ɛː ɡ s n a r
avlämna	²'ɑː v l ɛ m n a
avlämnar	²'ɑː v l ɛ m n a r
avläsa	²'ɑː v l ɛː s ɛ r
avlång	²'ɑː v l ɔ ŋ
avlöna	²'ɑː v l øː n a
avlönar	²'ɑː v l øː n a r
avlöning	²'ɑː v l øː n ɪ ŋ
avlöpa	²'ɑː v l øː p ɛ r
avlösa	²'ɑː v l øː s ɛ r
avmagrad	²'ɑː v m ɑː ɡ r a d
avmätt	²'ɑː v m ɛ t
avnjuta	²'ɑː v n j ʉː t ɛ r
avnämare	²'ɑː v n ɛː m a r ɛ
avog	²'ɑː v ʊ ɡ
avokado	a v ʊ k 'ɑː d ʊ
avpassa	²'ɑː v p a s a
avpassad	²'ɑː v p a s a d
avpassar	²'ɑː v p a s a r
avregistrera	²'ɑː v r ɛ j ɪ s t r eː r a
avregistrerar	²'ɑː v r ɛ j ɪ s t r eː r a r
avresa	²'ɑː v r eː s a
avrunda	²'ɑː v r ɵ n d a
avrundar	²'ɑː v r ɵ n d a r
avrusta	²'ɑː v r ɵ s t a
avrustar	²'ɑː v r ɵ s t a r
avrätta	²'ɑː v r ɛ t a
avrättar	²'ɑː v r ɛ t a r
avråda	²'ɑː v r oː d ɛ r
avsaknad	²'ɑː v s ɑː k n a d
avsats	²'ɑː v s a t s
avse	²'ɑː v s eː r
avseende	²'ɑː v s eː ɛ n d ɛ
avsevärd	²'ɑː v s eː v ɛː d
avsevärt	²'ɑː v s eː v ɛː t
avsides	²'ɑː v s iː d ɛ s
avsikt	²'ɑː v s ɪ k t
avsiktlig	²'ɑː v s ɪ k t l ɪ ɡ
avskaffa	²'ɑː v s k a f a
avskaffar	²'ɑː v s k a f a r
avsked	²'ɑː v ɧ eː d
avskeda	²'ɑː v ɧ eː d a
avskedar	²'ɑː v ɧ eː d a r
avskild	²'ɑː v ɧ ɪ l d
avskilja	²'ɑː v ɧ ɪ l j ɛ r
avskrift	²'ɑː v s k r ɪ f t
avskrivning	²'ɑː v s k r iː v n ɪ ŋ
avskräcka	²'ɑː v s k r ɛ k ɛ r
avskräckande	²'ɑː v s k r ɛ k a n d ɛ
avskräde	²'ɑː v s k r ɛː d ɛ
avskum	²'ɑː v s k ɵ m
avsky	²'ɑː v ɧ yː
avskyr	²'ɑː v ɧ yː r
avskyvärd	²'ɑː v ɧ yː v ɛː d
avskärma	²'ɑː v ɧ a r m a
avskärmar	²'ɑː v ɧ a r m a r
avslag	²'ɑː v s l ɑː ɡ
avslagen	²'ɑː v s l ɑː ɡ ɛ n
avslagit	²'ɑː v s l ɑː ɡ ɪ t
avslog	²'ɑː v s l uː ɡ
avsluta	²'ɑː v s l ʉː t a
avslutar	²'ɑː v s l ʉː t a r
avslutning	²'ɑː v s l ʉː t n ɪ ŋ
avslå	²'ɑː v s l oː
avslår	²'ɑː v s l oː r
avslöja	²'ɑː v s l œ j a
avslöjar	²'ɑː v s l œ j a r
avsmak	²'ɑː v s m ɑː k
avsnitt	²'ɑː v s n ɪ t
avspegla	²'ɑː v s p eː ɡ l a
avspeglar	²'ɑː v s p eː ɡ l a r
avspelning	²'ɑː v s p eː l n ɪ ŋ
avspisa	²'ɑː v s p iː s a
avspisar	²'ɑː v s p iː s a r
avspänd	²'ɑː v s p ɛ n d
avspänning	²'ɑː v s p ɛ n ɪ ŋ
avspärra	²'ɑː v s p a r a
avspärrar	²'ɑː v s p a r a r
avstamp	²'ɑː v s t a m p
avstava	²'ɑː v s t ɑː v a
avstavar	²'ɑː v s t ɑː v a r
avsteg	²'ɑː v s t eː ɡ
avstickare	²'ɑː v s t ɪ k a r ɛ
avstyra	²'ɑː v s t yː r
avstyrka	²'ɑː v s t ʏ r k ɛ r
avställning	²'ɑː v s t ɛ l n ɪ ŋ
avstänger	²'ɑː v s t ɛ ŋ ɛ r
avstå	²'ɑː v s t oː r
avstånd	²'ɑː v s t ɔ n d
avsyna	²'ɑː v s yː n a
avsynar	²'ɑː v s yː n a r
avsändare	²'ɑː v s ɛ n d a r ɛ
avsätta	²'ɑː v s ɛ t ɛ r
avsättning	²'ɑː v s ɛ t n ɪ ŋ
avsåg	²'ɑː v s oː ɡ
avsöndra	²'ɑː v s œ n d r a
avsöndrar	²'ɑː v s œ n d r a r
avta	²'ɑː v t ɑː r
avtacka	²'ɑː v t a k a
avtackar	²'ɑː v t a k a r
avtagsväg	²'ɑː v t ɑː ɡ s v ɛː ɡ
avtal	²'ɑː v t ɑː l
avtala	²'ɑː v t ɑː l a
avtalar	²'ɑː v t ɑː l a r
avtalsenlig	²'ɑː v t ɑː l s eː n l ɪ ɡ
avtalsförhandling	²'ɑː v t ɑː l s f œ r h a n d l ɪ ŋ
avtjäna	²'ɑː v ɕ ɛː n a
avtjänar	²'ɑː v ɕ ɛː n a r
avtrubba	²'ɑː v t r ɵ b a
avtrubbar	²'ɑː v t r ɵ b a r
avtryckare	²'ɑː v t r ʏ k a r ɛ
avträda	²'ɑː v t r ɛː d ɛ r
avtåga	²'ɑː v t oː ɡ a
avtågar	²'ɑː v t oː ɡ a r
avund	²'ɑː v ɵ n d
avundas	²'ɑː v ɵ n d a s
avundsjuk	²'ɑː v ɵ n d ɧ ʉː k
avundsjuka	²'ɑː v ɵ n d ɧ ʉː k a
avvakta	²'ɑː v a k t a
avvaktar	²'ɑː v a k t a r
avvara	²'ɑː v ɑː r a
avvarar	²'ɑː v ɑː r a r
avveckla	²'ɑː v ɛ k l a
avvecklar	²'ɑː v ɛ k l a r
avverka	²'ɑː v a r k a
avverkar	²'ɑː v a r k a r
avvika	²'ɑː v iː k ɛ r
avvikelse	²'ɑː v iː k ɛ l s ɛ
avvisa	²'ɑː v iː s a
avvisar	²'ɑː v iː s a r
avvisning	²'ɑː v iː s n ɪ ŋ
avväga	²'ɑː v ɛː ɡ ɛ r
avvänja	²'ɑː v ɛ n j ɛ r
avvänjning	²'ɑː v ɛ n j n ɪ ŋ
avväpna	²'ɑː v ɛː p n a
avväpnande	²'ɑː v ɛː p n a n d ɛ
avväpnar	²'ɑː v ɛː p n a r
avvärja	²'ɑː v a r j ɛ r
avyttra	²'ɑː v ʏ t r a
avyttrar	²'ɑː v ʏ t r a r
aw	'ɑː v 'eː
ax	a k s
axel	'a k s ɛ l
axiom	a k s ɪ 'oː m
axla	²'a k s l a
axlar	²'a k s l a r
axplock	²'a k s p l ɔ k
ayatolla	²a j a t 'ɔ l a
azalea	²a s a l 'eː a
azerbajdzjan	a s ɛ r b a j d j a n
b	b
b-inkomst	²b 'eː ɪ n k ɔ m s t
b-språk	²b 'eː s p r oː k
ba	b a
ba-samtal	²b 'eː ɑː s a m t ɑː l
babbe	b a b ɛ
babbla	²b 'a b l a
babblar	²b 'a b l a r
babord	b 'ɑː b uː d
baby	b 'ɛ j b ɪ
babylift	b ɛ ɪ b ʏ l ɪ f t
bacill	b a s 'ɪ l
back	b a k
backa	²b 'a k a
backar	²b 'a k a r
backe	²b 'a k ɛ
backspegel	²b 'a k s p eː ɡ ɛ l
backström	b a k s t r œ m
backsvala	b a k s v 'ɑː l a
bacon	b 'ɛ j k ɔ n
bad	b ɑː d
bada	²b 'ɑː d a
badar	²b 'ɑː d a r
badbyxa	²b 'ɑː d b ʏ k s a
badda	²b 'a d a
baddar	²b 'a d a r
baddare	²b 'a d a r ɛ
baddräkt	²b 'ɑː d r ɛ k t
badensisk	b a d ɛ n s ɪ s k
badkar	²b 'ɑː d k ɑː r
badminton	b 'ɛ d m ɪ n t ɔ n
badort	²b ɑː d uː t
badrum	²b 'ɑː d r ɵ m
badstuga	²s b 'ɑː d s t ʉː ɡ a
bag	b a ɡ
bagage	b a ɡ 'ɑː ɧ
bagare	²b 'ɑː ɡ a r ɛ
bagatell	b a ɡ a t 'ɛ l
bageri	b ɑː ɡ ɛ r 'iː
bagett	b a ɡ 'ɛ t
baggböle	b a ɡ b øː l ɛ
bagge	²b 'a ɡ ɛ
baguette	b a ɡ ɛ t
baissa	²s b ɛː s a
baisse	b ɛː s
bajen	b a j ɛ n
bajonett	b a j ʊ n 'ɛ t
bajonettfattning	²b a j ʊ n 'ɛ t f a t n ɪ ŋ
bajs	b a j s
bajsa	²b 'a j s a
bajsar	²b 'a j s a r
bak	b ɑː k
baka	²b 'ɑː k a
bakar	²b 'ɑː k a r
bakbinda	²b 'ɑː k b ɪ n d ɛ r
bakbord	b a k b 'uː r d
bakelse	²b 'ɑː k ɛ l s ɛ
bakerst	b 'ɑː k ɛ ɕ t
bakficka	²b 'ɑː k f ɪ k a
bakfoten	²b 'ɑː k f uː t ɛ n
bakfram	²b 'ɑː k f r a m
bakfull	²b 'ɑː k f ɵ l
bakgrund	²b 'ɑː k ɡ r ɵ n d
bakhåll	²b 'ɑː k h ɔ l
bakifrån	²b 'ɑː k ɪ f r oː n
baklänges	²b 'ɑː k l ɛ ŋ ɛ s
bakläxa	²b 'ɑː k l ɛ k s a
bakom	²b 'ɑː k ɔ m
bakplåt	²b 'ɑː k p l oː t
bakpulver	²b 'ɑː k p ɵ l v ɛ r
bakre	b 'ɑː k r ɛ
bakrus	b 'ɑː k r ʉː s
baksida	²b 'ɑː k s iː d a
bakslag	²b 'ɑː k s l ɑː ɡ
baksmälla	²b 'ɑː k s m ɛ l a
bakstreck	²b ɑː k s t r ɛ k
baksäte	²b 'ɑː k s ɛː t ɛ
baktala	²b 'ɑː k t ɑː l a
baktalar	²b 'ɑː k t ɑː l a r
baktanke	²b 'ɑː k t a ŋ k ɛ
bakterie	b a k t 'eː r ɪ ɛ
baktill	²b 'ɑː k t ɪ l
bakverk	²b 'ɑː k v a r k
bakvänd	²b 'ɑː k v ɛ n d
bakåt	b 'ɑː k ɔ t
bal	b ɑː l
balans	b a l 'a n s
balansera	b a l a n s 'eː r a
balanserar	b a l a n s 'eː r a r
balansräkning	²b a l 'a n s r ɛː k n ɪ ŋ
balett	b a l 'ɛ t
balja	²b 'a l j a
balk	b a l k
balkanhalvön	b a l k a n h a l v øː n
balkansångare	b a l k a n s ɔ ŋ a r ɛ
balkong	b a l k 'ɔ ŋ
ball	b a l
ballad	b a l 'ɑː d
ballast	b 'ɑː l a s t
balle	b a l ɛ
ballerina	b a l ɛ r 'iː n a
ballong	b a l 'ɔ ŋ
balsam	²b 'a l s a m
balsamera	b a l s a m 'eː r a
balsamerar	b a l s a m 'eː r a r
balt	b a l t
baltisk	b 'a l t ɪ s k
balustrad	b a l ɵ s t r 'ɑː d
bamba	b a m b a
bambamat	²s b a m b a m 'ɑː t
bambarast	²s b a m b a r a s t
bambatant	²s b a m b a t a n t
bambu	b 'a m b ɵ
bana	²b 'ɑː n a
banal	b a n 'ɑː l
banan	b a n 'ɑː n
bananskal	b a n 'ɑː n s k 'ɑː l
banar	²b 'ɑː n a r
banbrytande	²b 'ɑː n b r yː t a n d ɛ
banbrytare	²b 'ɑː n b r yː t a r ɛ
band	b a n d
banda	²b 'a n d a
bandage	b a n d 'ɑː ɧ
bandar	²b 'a n d a r
banderoll	b a n d ɛ r 'ɔ l
bandit	b a n d 'iː t
bandspelare	²b 'a n d s p eː l a r ɛ
bandvagn	²b a n d v a ŋ n
bandy	b 'a n d ʏ
bane	²s b 'ɑː n ɛ
baneman	²b 'ɑː n ɛ m a n
baner	b a n 'eː r
bang	b a ŋ
bangård	²b 'ɑː n ɡ oː d
banhoppning	²b 'ɑː n h ɔ p n ɪ ŋ
bank	b a ŋ k
banka	²b 'a ŋ k a
bankar	²b 'a ŋ k a r
bankett	b a ŋ k 'ɛ t
bankfack	²b 'a ŋ k f a k
bankgiro	²b 'a ŋ k j iː r ʊ
bankir	b a ŋ k 'ɪ r
bankman	²b 'a ŋ k m a n
bankomat	b a ŋ k ʊ m 'ɑː t
bankrutt	b a ŋ k r 'ɵ t
bann	b a n
bannbulla	²b a n b ɵ l a
bannlysa	²b 'a n l yː s ɛ r
bannor	²b a n ʊ r
banta	²b 'a n t a
bantar	²b 'a n t a r
baptist	b a p t 'ɪ s t
bar	b ɑː r
bara	²b 'ɑː r a
barack	b a r 'a k
barbacka	²b 'ɑː r b a k a
barbarisk	b a r b 'ɑː r ɪ s k
barberare	²b a r b 'eː r a r ɛ
barcelona	b a ɕ ɛ ²s l oː n a
bard	b ɑː d
barfota	²b 'ɑː r f uː t a
barhuvad	²b 'ɑː r h ʉː v a d
bark	b a r k
barkass	b a r k 'a s
barkis	b 'a r k ɪ s
barlast	²b 'ɑː l a s t
barm	b a r m
barmhärtig	b a r m h 'ɛ t ɪ ɡ
barn	b ɑː n
barnasinne	²b 'ɑː n a s ɪ n ɛ
barnavård	²b 'ɑː n a v oː d
barnavårdscentral	²b 'ɑː n a v oː d ɕ ɛ n t r ɑː l
barnbarn	²b 'ɑː n b ɑː n
barnbegränsning	²b 'ɑː n b ɛ ɡ r ɛ n s n ɪ ŋ
barnbespisning	²s b 'ɑː r n b ɛ s p 'iː s n ɪ ŋ
barnbidrag	²b 'ɑː n b iː d r ɑː ɡ
barndaghem	²b 'ɑː n d ɑː ɡ h ɛ m
barndom	²b 'ɑː n d ʊ m
barnet	b 'ɑː n ɛ t
barnflicka	²b 'ɑː n f l ɪ k a
barnförlamning	²b 'ɑː n f œ l ɑː m n ɪ ŋ
barnhem	²b 'ɑː n h ɛ m
barnkoloni	²b 'ɑː n k ɔ l ɔ n iː
barnlek	²b 'ɑː n l eː k
barnmorska	²b 'ɑː n m ʊ ɕ k a
barnomsorg	²b 'ɑː n ɔ m s ɔ r j
barnpassning	²b 'ɑː n p a s n ɪ ŋ
barnpension	²b 'ɑː n p a n ɧ uː n
barnsben	²b 'a n ɕ b eː n
barnsbörd	²b 'ɑː n ɕ b øː d
barnsjukdom	²b 'a n ɧ ʉː k d ʊ m
barnslig	²b 'ɑː n ɕ l ɪ ɡ
barnstuga	²b 'ɑː n ɕ t ʉː ɡ a
barntillsyn	²b 'ɑː n t ɪ l s yː n
barntillägg	²b 'ɑː n t ɪ l ɛ ɡ
barnvakt	²b 'ɑː n v a k t
barnäktenskap	²s b 'ɑː n ɛ k t ɛ n s k a p
barock	b a r 'ɔ k
barometer	b a r ʊ m 'eː t ɛ r
baron	b a r 'uː n
barr	b a r
barrikad	b a r ɪ k 'ɑː d
barriär	b a r ɪ 'ɛː r
barsk	b a ɕ k
barskrapad	²b 'ɑː ɕ k r ɑː p a d
bartender	²b ɑː t ɛ n d ɛ r
baryton	b 'a r ʏ t ɔ n
bas	b ɑː s
basa	²b 'ɑː s a
basar	²b 'ɑː s a r
basbelopp	²b 'ɑː s b ɛ l ɔ p
basera	b a s 'eː r a
baserar	b a s 'eː r a r
basfiol	²b 'ɑː s f ɪ uː l
basilika	b a s 'iː l ɪ k a
basis	b 'ɑː s ɪ s
bask	b a s k
basker	b 'a s k ɛ r
basket	b 'ɑː s k ɛ t
basketboll	²b 'ɑː s k ɛ t b ɔ l
baskisk	b 'a s k ɪ s k
baslinje	²b 'ɑː s l ɪ n j ɛ
bassäng	b a s 'ɛ ŋ
bast	b a s t
basta	²b 'a s t a
bastant	b a s t 'a n t
bastar	²b 'a s t a r
bastard	b a s t 'ɑː d
bastion	b a s t ɪ 'uː n
bastu	²b 'a s t ɵ
basun	b a s 'ʉː n
batalj	b a t 'a l j
bataljon	b a t a l j 'uː n
batik	b a t 'iː k
batist	b a t 'ɪ s t
batong	b a t 'ɔ ŋ
batteri	b a t ɛ r 'iː
bautasten	b 'a ʊ t a s t eː n
baxna	²b 'a k s n a
baxnar	²b 'a k s n a r
bazooka	b a s 'uː k a
bb	²b 'eː b eː
be	b eː r
bea	²s b 'eː a
beakta	b ɛ 'a k t a
beaktar	b ɛ 'a k t a r
bearbeta	²b 'eː a r b eː t a
bearbetar	²b 'eː a r b eː t a r
beatnik	b 'iː t n ɪ k
bebo	b ɛ b 'uː r
bebodd	b ɛ b 'ʊ d
bebop	b 'iː b ɔ p
bebygga	b ɛ b 'ʏ ɡ ɛ r
bebyggelse	b ɛ b 'ʏ ɡ ɛ l s ɛ
bebåda	b ɛ b 'oː d a
bebådar	b ɛ b 'oː d a r
bebådelse	²b ɛ b 'oː d ɛ l s ɛ
beck	b ɛ k
beckasin	b ɛ k a s 'iː n
beckasinsnäppa	b ɛ k a s 'iː n s n ɛ p a
beckna	²s b ɛ k n a
becquerel	b ɛ k ɛ r 'ɛ l
bed	b eː d
bedagad	b ɛ d 'ɑː ɡ a d
bedarra	b ɛ d 'a r a
bedarrar	b ɛ d 'a r a r
beder	b 'eː d ɛ r
bedjande	²b 'eː d j a n d ɛ
bedra	b ɛ d r 'ɑː r
bedragare	²b ɛ d r 'ɑː ɡ a r ɛ
bedragit	b ɛ d r 'ɑː ɡ ɪ t
bedrift	b ɛ d r 'ɪ f t
bedriva	b ɛ d r 'iː v ɛ r
bedrog	b ɛ d r 'uː ɡ
bedrägeri	b ɛ d r ɛː ɡ ɛ r 'iː
bedräglig	b ɛ d r 'ɛː ɡ l ɪ ɡ
bedröva	b ɛ d r 'øː v a
bedrövad	b ɛ d r 'øː v a d
bedrövar	b ɛ d r 'øː v a r
bedrövelse	²b ɛ d r 'øː v ɛ l s ɛ
bedrövlig	b ɛ d r 'øː v l ɪ ɡ
beduin	b ɛ d ɵ 'iː n
bedyra	b ɛ d 'yː r a
bedyrar	b ɛ d 'yː r a r
bedåra	b ɛ d 'oː r a
bedårar	b ɛ d 'oː r a r
bedöma	b ɛ d 'œ m ɛ r
bedömare	b ɛ d œ m a r ɛ
bedömning	b ɛ d 'œ m n ɪ ŋ
bedövning	b ɛ d 'øː v n ɪ ŋ
befalla	b ɛ f 'a l ɛ r
befallning	b ɛ f 'a l n ɪ ŋ
befann	b ɛ f 'a n
befara	b ɛ f 'ɑː r a
befarar	b ɛ f 'ɑː r a r
befattning	b ɛ f 'a t n ɪ ŋ
befintlig	b ɛ f 'ɪ n t l ɪ ɡ
befläcka	b ɛ f l 'ɛ k a
befläckar	b ɛ f l 'ɛ k a r
befogad	b ɛ f 'uː ɡ a d
befogenhet	b ɛ f 'uː ɡ ɛ n h eː t
befolka	b ɛ f 'ɔ l k a
befolkar	b ɛ f 'ɔ l k a r
befolkning	b ɛ f 'ɔ l k n ɪ ŋ
befordra	b ɛ f 'uː d r a
befordran	b ɛ f 'uː d r a n
befordrar	b ɛ f 'uː d r a r
befria	b ɛ f r 'iː a
befriande	²b ɛ f r 'ɪ a n d ɛ
befriar	b ɛ f r 'iː a r
befrielse	b ɛ f r 'iː ɛ l s ɛ
befrukta	b ɛ f r 'ɵ k t a
befruktar	b ɛ f r 'ɵ k t a r
befruktning	b ɛ f r ɵ k t n ɪ ŋ
befrämja	b ɛ f r 'ɛ m j a
befrämjar	b ɛ f r 'ɛ m j a r
befunnit	b ɛ f 'ɵ n ɪ t
befäl	b ɛ f 'ɛː l
befängd	b ɛ f 'ɛ ŋ d
befästa	b ɛ f 'ɛ s t ɛ r
befästning	b ɛ f 'ɛ s t n ɪ ŋ
begagna	b ɛ ɡ 'a ŋ n a
begagnar	b ɛ ɡ 'a ŋ n a r
begeistrad	b ɛ ɡ 'a j s t r a d
begett	b ɛ j 'ɛ t
begivenhet	b ɛ j 'iː v ɛ n h eː t
begonia	b ɛ ɡ 'uː n ɪ a
begrava	b ɛ ɡ r 'ɑː v ɛ r
begravning	b ɛ ɡ r 'ɑː v n ɪ ŋ
begravningsbyrå	²b ɛ ɡ r 'ɑː v n ɪ ŋ s b yː r ɔ
begrep	b ɛ ɡ r 'eː p
begrepp	b ɛ ɡ r 'ɛ p
begripa	b ɛ ɡ r 'iː p ɛ r
begriplig	b ɛ ɡ r 'iː p l ɪ ɡ
begrunda	b ɛ ɡ r 'ɵ n d a
begrundar	b ɛ ɡ r 'ɵ n d a r
begränsa	b ɛ ɡ r 'ɛ n s a
begränsar	b ɛ ɡ r 'ɛ n s a r
begränsning	b ɛ ɡ r 'ɛ n s n ɪ ŋ
begråta	b ɛ ɡ r 'oː t ɛ r
begynnande	b ɛ j 'ʏ n a n d ɛ
begynnelse	b ɛ j 'ʏ n ɛ l s ɛ
begär	b ɛ j 'ɛː r
begära	b ɛ j 'ɛː r
begäran	b ɛ j 'ɛː r a n
begärlig	b ɛ j 'ɛː l ɪ ɡ
begå	b ɛ ɡ 'oː r
begåva	b ɛ ɡ 'oː v a
begåvad	b ɛ ɡ 'oː v a d
begåvar	b ɛ ɡ 'oː v a r
begåvning	b ɛ ɡ 'oː v n ɪ ŋ
behag	b ɛ h 'ɑː ɡ
behaga	b ɛ h 'ɑː ɡ a
behagar	b ɛ h 'ɑː ɡ a r
behaglig	b ɛ h 'ɑː ɡ l ɪ ɡ
behandla	b ɛ h 'a n d l a
behandlar	b ɛ h 'a n d l a r
behandling	b ɛ h 'a n d l ɪ ŋ
behaviorism	b ɪ h ɛ j v ɪ ʊ r 'ɪ s m
behjälplig	b ɛ j 'ɛ l p l ɪ ɡ
behjärtansvärd	²b ɛ j 'ɛ t a n s v ɛː d
behov	b ɛ h 'uː v
behovsprövning	²b ɛ h 'uː v s p r øː v n ɪ ŋ
behäftad	b ɛ h 'ɛ f t a d
behändig	b ɛ h 'ɛ n d ɪ ɡ
behärska	b ɛ h 'ɛ ɕ k a
behärskad	b ɛ h 'ɛ ɕ k a d
behärskar	b ɛ h 'ɛ ɕ k a r
behärskning	b ɛ h 'ɛ ɕ k n ɪ ŋ
behå	²b 'eː h oː
behålla	b ɛ h 'ɔ l ɛ r
behållare	b ɛ h 'ɔ l a r ɛ
behållning	b ɛ h 'ɔ l n ɪ ŋ
behöll	b ɛ h 'œ l
behörig	b ɛ h 'øː r ɪ ɡ
behöva	b ɛ h 'øː v ɛ r
behövande	b ɛ h 'øː v a n d ɛ
beige	b eː ɧ
beivra	b ɛ 'iː v r a
beivrar	b ɛ 'iː v r a r
bejaka	b ɛ j 'ɑː k a
bejakar	b ɛ j 'ɑː k a r
bekant	b ɛ k 'a n t
bekantskap	b ɛ k 'a n t s k ɑː p
beklaga	b ɛ k l 'ɑː ɡ a
beklagansvärd	²b ɛ k l 'ɑː ɡ a n s v ɛː d
beklagar	b ɛ k l 'ɑː ɡ a r
beklaglig	b ɛ k l 'ɑː ɡ l ɪ ɡ
bekläda	b ɛ k l 'ɛː d ɛ r
beklädnad	b ɛ k l 'ɛː d n a d
beklämd	b ɛ k l 'ɛ m d
beklämmande	b ɛ k l 'ɛ m a n d ɛ
bekomma	b ɛ k 'ɔ m ɛ r
bekosta	b ɛ k 'ɔ s t a
bekostar	b ɛ k 'ɔ s t a r
bekostnad	b ɛ k 'ɔ s t n a d
bekräfta	b ɛ k r 'ɛ f t a
bekräftar	b ɛ k r 'ɛ f t a r
bekräftelse	b ɛ k r 'ɛ f t ɛ l s ɛ
bekväm	b ɛ k v 'ɛː m
bekvämlighet	b ɛ k v 'ɛː m l ɪ ɡ h eː t
bekymmer	b ɛ ɕ 'ʏ m ɛ r
bekymrad	b ɛ ɕ 'ʏ m r a d
bekämpa	b ɛ ɕ 'ɛ m p a
bekämpar	b ɛ ɕ 'ɛ m p a r
bekämpning	b ɛ ɕ 'ɛ m p n ɪ ŋ
bekämpningsmedel	²b ɛ ɕ 'ɛ m p n ɪ ŋ s m eː d ɛ l
bekänna	b ɛ ɕ 'ɛ n ɛ r
bekännelse	b ɛ ɕ 'ɛ n ɛ l s ɛ
belackare	²b ɛ l 'a k a r ɛ
belamrad	b ɛ l 'a m r a d
belarus	b ɛ l a r ɵ s
belasta	b ɛ l 'a s t a
belastad	b ɛ l 'a s t a d
belastar	b ɛ l 'a s t a r
belastning	b ɛ l 'a s t n ɪ ŋ
beledsaga	b ɛ l 'eː d s ɑː ɡ a
beledsagar	b ɛ l 'eː d s ɑː ɡ a r
belevad	b ɛ l 'eː v a d
belgare	²b 'ɛ l ɡ a r ɛ
belgien	b ɛ l ɡ ɪ ɛ n
belgier	b 'ɛ l ɡ ɪ ɛ r
belgisk	b 'ɛ l ɡ ɪ s k
belopp	b ɛ l 'ɔ p
belysa	b ɛ l 'yː s ɛ r
belysning	b ɛ l 'yː s n ɪ ŋ
belägen	b ɛ l 'ɛː ɡ ɛ n
belägenhet	b ɛ l 'ɛː ɡ ɛ n h eː t
belägg	b ɛ l 'ɛ ɡ
belägga	b ɛ l 'ɛ ɡ ɛ r
beläggning	b ɛ l 'ɛ ɡ n ɪ ŋ
belägra	b ɛ l 'ɛː ɡ r a
belägrar	b ɛ l 'ɛː ɡ r a r
belägringstillstånd	²b ɛ l 'ɛː ɡ r ɪ ŋ s t ɪ l s t ɔ n d
beläst	b ɛ l 'ɛː s t
belåna	b ɛ l 'oː n a
belånar	b ɛ l 'oː n a r
belåning	b ɛ l 'oː n ɪ ŋ
belåten	b ɛ l 'oː t ɛ n
belåtenhet	b ɛ l 'oː t ɛ n h eː t
belöna	b ɛ l 'øː n a
belönar	b ɛ l 'øː n a r
belöning	b ɛ l 'øː n ɪ ŋ
bemanna	b ɛ m 'a n a
bemannar	b ɛ m 'a n a r
bemedlad	b ɛ m 'eː d l a d
bemyndiga	b ɛ m 'ʏ n d ɪ ɡ a
bemyndigande	²b ɛ m ʏ n d ɪ ɡ a n d ɛ
bemyndigar	b ɛ m 'ʏ n d ɪ ɡ a r
bemärkelse	b ɛ m 'ɛ r k ɛ l s ɛ
bemästra	b ɛ m 'ɛ s t r a
bemästrar	b ɛ m 'ɛ s t r a r
bemödande	b ɛ m 'øː d a n d ɛ
bemöta	b ɛ m 'øː t ɛ r
ben	b eː n
bena	²b 'eː n a
benar	²b 'eː n a r
benbrott	²b 'eː n b r ɔ t
benig	b 'eː n ɪ ɡ
benin	b ɛ n 'iː n
bensin	b ɛ n s 'iː n
benägen	b ɛ n 'ɛː ɡ ɛ n
benämna	b ɛ n 'ɛ m n ɛ r
benåda	b ɛ n 'oː d a
benådar	b ɛ n 'oː d a r
benådning	b ɛ n 'oː d n ɪ ŋ
beordra	b ɛ 'oː d r a
beordrar	b ɛ 'oː d r a r
beprövad	b ɛ p r 'øː v a d
bereda	b ɛ r 'eː d ɛ r
beredd	b ɛ r 'ɛ d
beredning	b ɛ r 'eː d n ɪ ŋ
beredskap	b ɛ r 'eː d s k ɑː p
beredvillig	²b ɛ r 'eː d v ɪ l ɪ ɡ
berest	b ɛ r 'eː s t
berg	b a r j
bergand	b ɛ r j a n d
bergen	b ɛ r j ɛ n
bergens	b ɛ r j ɛ n s
berget	b ɛ r j ɛ t
bergets	b ɛ r j ɛ t s
bergfast	²b 'ɛ r j f a s t
bergig	b 'ɛ r j ɪ ɡ
bergis	b 'ɛ r j ɪ s
bergling	b æ̂ r j l ɪ ŋ
bergrum	²b 'ɛ r j r ɵ m
bergs	b ɛ r j s
bergskedja	²b 'ɛ r j s ɕ eː d j a
bergspredikan	²b 'ɛ r j s p r ɛ d iː k a n
bergsprängare	²b 'ɛ r j s p r ɛ ŋ a r ɛ
bergsäker	²b 'ɛ r j s ɛː k ɛ r
bergsångare	b ɛ r j s ɔ ŋ a r ɛ
bergtajgasångare	b ɛ r j t a j ɡ a s ɔ ŋ a r ɛ
bergtita	b ɛ r j t 'iː t a
berguv	b ɛ r j ʉː v
berika	b ɛ r 'iː k a
berikar	b ɛ r 'iː k a r
beriktiga	²b ɛ r 'ɪ k t ɪ ɡ a
beriktigande	²b ɛ r 'ɪ k t ɪ ɡ a n d ɛ
beriktigar	²b ɛ r 'ɪ k t ɪ ɡ a r
berlin	b ɛ r l 'iː n
berlock	b a l 'ɔ k
bero	b ɛ r 'uː
beroende	b ɛ r 'uː ɛ n d ɛ
beror	b ɛ r 'uː r
berså	b ɛ ɕ 'oː
bert	b r t
berusad	b ɛ r 'ʉː s a d
berusning	b ɛ r 'ʉː s n ɪ ŋ
beryktad	b ɛ r 'ʏ k t a d
beryllium	b ɛ r ʏ l ɪ ɵ m
beräkna	b ɛ r 'ɛː k n a
beräknande	²b ɛ r 'ɛː k n a n d ɛ
beräknar	b ɛ r 'ɛː k n a r
beräkning	b ɛ r 'ɛː k n ɪ ŋ
berätta	b ɛ r 'ɛ t a
berättar	b ɛ r 'ɛ t a r
berättare	²b ɛ r 'ɛ t a r ɛ
berättelse	b ɛ r 'ɛ t ɛ l s ɛ
berättiga	²b ɛ r 'ɛ t ɪ ɡ a
berättigad	b ɛ r 'ɛ t ɪ ɡ a d
berättigande	b ɛ r 'ɛ t ɪ ɡ a n d ɛ
berättigar	²b ɛ r 'ɛ t ɪ ɡ a r
beröm	b ɛ r 'œ m
berömd	b ɛ r 'œ m d
berömdhet	b ɛ r 'øː m d h eː t
berömma	b ɛ r 'œ m ɛ r
berömmelse	b ɛ r 'œ m ɛ l s ɛ
beröra	b ɛ r 'øː r
beröring	b ɛ r 'øː r ɪ ŋ
beröringspunkt	²b ɛ r 'øː r ɪ ŋ s p ɵ ŋ k t
beröva	b ɛ r 'øː v a
berövar	b ɛ r 'øː v a r
besanna	b ɛ s 'a n a
besannar	b ɛ s 'a n a r
besatt	b ɛ s 'a t
besegla	b ɛ s 'eː ɡ l a
beseglar	b ɛ s 'eː ɡ l a r
besegra	b ɛ s 'eː ɡ r a
besegrar	b ɛ s 'eː ɡ r a r
besiktiga	b ɛ s 'ɪ k t ɪ ɡ a
besiktigar	b ɛ s 'ɪ k t ɪ ɡ a r
besiktning	b ɛ s 'ɪ k t n ɪ ŋ
besiktningsinstrument	²b ɛ s 'ɪ k t n ɪ ŋ s ɪ n s t r ɵ m ɛ n t
besinna	b ɛ s 'ɪ n a
besinnar	b ɛ s 'ɪ n a r
besinning	b ɛ s 'ɪ n ɪ ŋ
besitta	b ɛ s 'ɪ t ɛ r
besittning	b ɛ s 'ɪ t n ɪ ŋ
besittningsskydd	²b ɛ s 'ɪ t n ɪ ŋ s ɧ ʏ d
besjunga	b ɛ ɧ 'ɵ ŋ ɛ r
besjäla	b ɛ ɧ 'ɛː l a
besjälar	b ɛ ɧ 'ɛː l a r
besk	b ɛ s k
beskaffad	b ɛ s k 'a f a d
beskaffenhet	b ɛ s k 'a f ɛ n h eː t
beskatta	b ɛ s k 'a t a
beskattar	b ɛ s k 'a t a r
beskattning	b ɛ s k 'a t n ɪ ŋ
besked	b ɛ ɧ 'eː d
beskedlig	b ɛ ɧ 'eː d l ɪ ɡ
beskickning	b ɛ ɧ 'ɪ k n ɪ ŋ
beskita	b ɛ t ɧ 'iː t a
beskjuta	b ɛ ɧ 'ʉː t ɛ r
beskrev	b ɛ s k r 'eː v
beskriva	b ɛ s k r 'iː v ɛ r
beskrivning	b ɛ s k r 'iː v n ɪ ŋ
beskydd	b ɛ ɧ 'ʏ d
beskydda	b ɛ ɧ 'ʏ d a
beskyddar	b ɛ ɧ 'ʏ d a r
beskylla	b ɛ ɧ 'ʏ l ɛ r
beskyllning	b ɛ ɧ 'ʏ l n ɪ ŋ
beskäftig	b ɛ ɧ 'ɛ f t ɪ ɡ
beskära	b ɛ ɧ 'ɛː r
beskåda	b ɛ s k 'oː d a
beskådande	b ɛ s k 'oː d a n d ɛ
beskådar	b ɛ s k 'oː d a r
beslag	b ɛ s l 'ɑː ɡ
beslagta	²b ɛ s l 'ɑː ɡ t ɑː r
beslut	b ɛ s l 'ʉː t
besluta	b ɛ s l 'ʉː t a
beslutar	b ɛ s l 'ʉː t a r
besluten	b ɛ s l 'ʉː t ɛ n
beslutsam	b ɛ s l 'ʉː t s a m
besläktad	b ɛ s l 'ɛ k t a d
beslå	b ɛ s l 'oː
beslår	b ɛ s l 'oː r
beslöjad	b ɛ s l 'øː j a d
beslöt	b ɛ s l 'øː t
bespara	b ɛ s p 'ɑː r a
besparad	b ɛ s p 'ɑː r a d
besparar	b ɛ s p 'ɑː r a r
besparing	b ɛ s p 'ɑː r ɪ ŋ
bespisa	b ɛ s p 'iː s a
bespisning	b ɛ s p 'iː s n ɪ ŋ
bespotta	b ɛ s p 'ɔ t a
bespottar	b ɛ s p 'ɔ t a r
bespruta	b ɛ s p r 'ʉː t a
besprutar	b ɛ s p r 'ʉː t a r
bess	b ɛ s
best	b ɛ s t
bestialisk	b ɛ s t ɪ 'ɑː l ɪ s k
bestick	b ɛ s t 'ɪ k
bestickande	b ɛ s t 'ɪ k a n d ɛ
bestickning	b ɛ s t 'ɪ k n ɪ ŋ
bestiga	b ɛ s t 'iː ɡ ɛ r
bestod	b ɛ s t 'uː d
bestraffa	b ɛ s t r 'a f a
bestraffar	b ɛ s t r 'a f a r
bestraffning	b ɛ s t r 'a f n ɪ ŋ
bestrida	b ɛ s t r 'iː d ɛ r
bestryka	b ɛ s t r 'yː k ɛ r
bestråla	b ɛ s t r 'oː l a
bestrålar	b ɛ s t r 'oː l a r
beströ	b ɛ s t r 'øː r
bestseller	b 'ɛ s t s ɛ l ɛ r
bestulen	b ɛ s t 'ʉː l ɛ n
bestyckad	b ɛ s t 'ʏ k a d
bestyckning	b ɛ s t 'ʏ k n ɪ ŋ
bestyr	b ɛ s t 'yː r
bestyra	b ɛ s t 'yː r
bestyrka	b ɛ s t 'ʏ r k ɛ r
beställa	b ɛ s t 'ɛ l ɛ r
beställning	b ɛ s t 'ɛ l n ɪ ŋ
bestämd	b ɛ s t 'ɛ m d
bestämma	b ɛ s t 'ɛ m ɛ r
bestämmelse	b ɛ s t 'ɛ m ɛ l s ɛ
bestämt	b ɛ s t 'ɛ m t
beständig	b ɛ s t 'ɛ n d ɪ ɡ
bestå	b ɛ s t 'oː r
bestående	b ɛ s t 'oː ɛ n d ɛ
bestånd	b ɛ s t 'ɔ n d
beståndsdel	²b ɛ s t 'ɔ n d s d eː l
bestörtning	b ɛ s t 'œ t n ɪ ŋ
besudlad	b ɛ s 'ʉː d l a r
besutten	b ɛ s 'ɵ t ɛ n
besvara	b ɛ s v 'ɑː r a
besvarar	b ɛ s v 'ɑː r a r
besvika	b ɛ s v 'iː k a
besvikelse	b ɛ s v 'iː k ɛ l s ɛ
besviken	b ɛ s v 'iː k ɛ n
besvär	b ɛ s v 'ɛː r
besvära	b ɛ s v 'ɛː r a
besvärar	b ɛ s v 'ɛː r a r
besvärja	b ɛ s v 'ɛ r j ɛ r
besvärjelse	b ɛ s v 'ɛ r j ɛ l s ɛ
besvärlig	b ɛ s v 'ɛː l ɪ ɡ
besynnerlig	b ɛ s 'ʏ n ɛ l ɪ ɡ
besätta	b ɛ s 'ɛ t ɛ r
besättning	b ɛ s 'ɛ t n ɪ ŋ
besök	b ɛ s 'øː k
besöka	b ɛ s 'øː k ɛ r
besökare	b ɛ s 'øː k a r ɛ
bet	b eː t
beta	²b 'eː t a
betagen	b ɛ t 'ɑː ɡ ɛ n
betal-tv	²b ɛ t 'ɑː l t eː v ɛ
betala	b ɛ t 'ɑː l a
betalar	b ɛ t 'ɑː l a r
betalkort	²b ɛ t 'ɑː l k ʊ t
betalkurs	²b ɛ t 'ɑː l k ɵ ɕ
betalning	b ɛ t 'ɑː l n ɪ ŋ
betalningsföreläggande	²b ɛ t 'ɑː l n ɪ ŋ s f øː r ɛ l ɛ ɡ a n d ɛ
betalningsinställelse	²b ɛ t 'ɑː l n ɪ ŋ s ɪ n s t ɛ l ɛ l s ɛ
betar	²b 'eː t a r
bete	²b 'eː t ɛ
beteckna	b ɛ t 'ɛ k n a
betecknande	b ɛ t 'ɛ k n a n d ɛ
betecknar	b ɛ t 'ɛ k n a r
beteende	b ɛ t 'eː ɛ n d ɛ
beting	b ɛ t 'ɪ ŋ
betinga	b ɛ t 'ɪ ŋ a
betingad	b ɛ t 'ɪ ŋ a d
betingar	b ɛ t 'ɪ ŋ a r
betingelse	b ɛ t 'ɪ ŋ ɛ l s ɛ
betjäna	b ɛ ɕ 'ɛː n a
betjänar	b ɛ ɕ 'ɛː n a r
betjäning	b ɛ ɕ 'ɛː n ɪ ŋ
betjänt	b ɛ ɕ 'ɛː n t
betona	b ɛ t 'uː n a
betonar	b ɛ t 'uː n a r
betong	b ɛ t 'ɔ ŋ
betoning	b ɛ t 'uː n ɪ ŋ
betrakta	b ɛ t r 'a k t a
betraktande	b ɛ t r 'a k t a n d ɛ
betraktar	b ɛ t r 'a k t a r
betraktelse	b ɛ t r 'a k t ɛ l s ɛ
betrodd	b ɛ t r 'ʊ d
betryckt	b ɛ t r 'ʏ k t
betryggande	b ɛ t r 'ʏ ɡ a n d ɛ
beträda	b ɛ t r 'ɛː d ɛ r
beträffa	b ɛ t r 'ɛ f a
beträffande	b ɛ t r 'ɛ f a n d ɛ
beträffar	b ɛ t r 'ɛ f a r
beträngd	b ɛ t r 'ɛ ŋ d
bets	b ɛ t s
betsa	b 'ɛ t s a
betsar	b 'ɛ t s a r
betsel	b 'ɛ t s ɛ l
bett	b ɛ t
bettleri	b ɛ t l ɛ r 'iː
betunga	b ɛ t 'ɵ ŋ a
betungande	b ɛ t 'ɵ ŋ a n d ɛ
betungar	b ɛ t 'ɵ ŋ a r
betvinga	b ɛ t v 'ɪ ŋ a
betvingar	b ɛ t v 'ɪ ŋ a r
betvivla	b ɛ t v 'iː v l a
betvivlar	b ɛ t v 'iː v l a r
betyda	b ɛ t 'yː d ɛ r
betydande	b ɛ t 'yː d a n d ɛ
betydelse	b ɛ t 'yː d ɛ l s ɛ
betydlig	b ɛ t 'yː d l ɪ ɡ
betyg	b ɛ t 'yː ɡ
betyga	b ɛ t 'yː ɡ a
betygar	b ɛ t 'yː ɡ a r
betygelse	b ɛ t 'yː ɡ ɛ l s ɛ
betygsätta	²b ɛ t 'yː ɡ s ɛ t ɛ r
betäcka	b ɛ t 'ɛ k ɛ r
betäckning	b ɛ t 'ɛ k n ɪ ŋ
betänka	b ɛ t 'ɛ ŋ k ɛ r
betänkande	b ɛ t 'ɛ ŋ k a n d ɛ
betänketid	²b ɛ t 'ɛ ŋ k ɛ t iː d
betänklig	b ɛ t 'ɛ ŋ k l ɪ ɡ
betänklighet	b ɛ t 'ɛ ŋ k l ɪ ɡ h eː t
betänksam	b ɛ t 'ɛ ŋ k s a m
beundra	b ɛ 'ɵ n d r a
beundran	b ɛ 'ɵ n d r a n
beundrar	b ɛ 'ɵ n d r a r
bevaka	b ɛ v 'ɑː k a
bevakar	b ɛ v 'ɑː k a r
bevandrad	b ɛ v 'a n d r a d
bevara	b ɛ v 'ɑː r a
bevarar	b ɛ v 'ɑː r a r
bevars	b ɛ v 'a ɕ
bevattna	b ɛ v 'a t n a
bevattnar	b ɛ v 'a t n a r
beveka	b ɛ v 'eː k a
bevekande	b ɛ v 'eː k a n d ɛ
bevekar	b ɛ v 'eː k a r
bevekelsegrund	²b ɛ v 'eː k ɛ l s ɛ ɡ r ɵ n d
bevilja	b ɛ v 'ɪ l j a
beviljar	b ɛ v 'ɪ l j a r
bevingad	b ɛ v ɪ ŋ a d
bevis	b ɛ v 'iː s
bevisa	b ɛ v 'iː s a
bevisar	b ɛ v 'iː s a r
bevisbörda	²b ɛ v 'iː s b øː d a
bevisföring	²b ɛ v 'iː s f øː r ɪ ŋ
bevisligen	b ɛ v 'iː s l ɪ ɡ ɛ n
bevista	b ɛ v 'ɪ s t a
bevistar	b ɛ v 'ɪ s t a r
bevittna	b ɛ v 'ɪ t n a
bevittnar	b ɛ v 'ɪ t n a r
bevuxen	b ɛ v 'ɵ k s ɛ n
beväpna	b ɛ v 'ɛː p n a
beväpnar	b ɛ v 'ɛː p n a r
bevärdiga	b ɛ v 'ɛː d ɪ ɡ a
bevärdigar	b ɛ v 'ɛː d ɪ ɡ a r
bh	²b 'eː h oː
bi	b iː
biathlon	b 'iː a t l ɔ n
bibehålla	²b 'iː b ɛ h ɔ l ɛ r
bibel	b 'iː b ɛ l
bibliofil	b ɪ b l ɪ ɔ f 'iː l
bibliografi	b ɪ b l ɪ ɔ ɡ r a f 'iː
bibliotek	b ɪ b l ɪ ʊ t 'eː k
bibliotekarie	b ɪ b l ɪ ʊ t ɛ k 'ɑː r ɪ ɛ
bibringa	²b 'iː b r ɪ ŋ a
bibringar	²b 'iː b r ɪ ŋ a r
bida	²b iː d a
bidar	²b iː d a r
bidra	²b 'iː d r ɑː r
bidrag	²b 'iː d r ɑː ɡ
bidé	b ɪ d 'eː
biennal	b ɪ ɛ n 'ɑː l
bifall	²b 'iː f a l
bifalla	²b 'iː f a l ɛ r
biff	b ɪ f
bifftomat	²b 'ɪ f t ʊ m ɑː t
bifoga	²b 'iː f uː ɡ a
bifogar	²b 'iː f uː ɡ a r
bifokalglas	²b ɪ f ʊ k 'ɑː l ɡ l ɑː s
bigami	b ɪ ɡ a m 'iː
bigarrå	b ɪ ɡ a r 'oː
bigott	b ɪ ɡ 'ɔ t
bihang	²b 'iː h a ŋ
bihåla	²b 'iː h oː l a
bikarbonat	b iː k a r b ʊ n 'ɑː t
bikini	b ɪ k 'iː n ɪ
bikt	b ɪ k t
bikta	b 'ɪ k t a
biktar	b 'ɪ k t a r
bil	b iː l
bila	²b 'iː l a
bilabial	b 'iː l a b ɪ 'ɑː l
bilaga	²b 'iː l ɑː ɡ a
bilar	²b 'iː l a r
bilateral	b iː l a t ɛ r 'ɑː l
bilbesiktning	²b 'iː l b ɛ s ɪ k t n ɪ ŋ
bilbälte	²b 'iː l b ɛ l t ɛ
bild	b ɪ l d
bilda	²b 'ɪ l d a
bildad	²b 'ɪ l d a d
bildar	²b 'ɪ l d a r
bilderbok	²b 'ɪ l d ɛ r b uː k
bildlig	b 'ɪ l d l ɪ ɡ
bildläsare	²b 'ɪ l d l ɛː s a r ɛ
bildning	²b 'ɪ l d n ɪ ŋ
bildrör	²b 'ɪ l d r øː r
bildskärm	²b 'ɪ l d ɧ a r m
bildspråk	²b 'ɪ l d s p r oː k
bilism	b ɪ l 'ɪ s m
bilist	b ɪ l 'ɪ s t
biljard	b ɪ l j 'ɑː d
biljett	b ɪ l j 'ɛ t
biljon	b ɪ l j 'uː n
bill	b ɪ l
billig	²b 'ɪ l ɪ ɡ
billion	b ɪ l j 'uː n
bilparkering	b 'iː l p a r k 'eː r ɪ ŋ
bilprovning	²b 'iː l p r uː v n ɪ ŋ
bilregister	²b 'iː l r ɛ j ɪ s t ɛ r
bilskatt	²b 'iː l s k a t
bilägga	²b 'iː l ɛ ɡ ɛ r
binda	²b 'ɪ n d a
bindel	²b 'ɪ n d ɛ l
bindeord	²b 'ɪ n d ɛ uː d
binder	b 'ɪ n d ɛ r
bindestreck	²b 'ɪ n d ɛ s t r ɛ k
bindning	b ɪ n d n ɪ ŋ
binge	b ɪ ŋ ɛ
bingo	b 'ɪ ŋ ɡ ʊ
binär	b ɪ n 'ɛː r
bio	b 'iː ʊ
biodynamisk	b iː ʊ d ʏ n 'ɑː m ɪ s k
biograf	b iː ʊ ɡ r 'ɑː f
biografi	b iː ʊ ɡ r a f 'iː
biolog	b iː ʊ l 'oː ɡ
biologi	b iː ʊ l ɔ ɡ 'iː
biomassa	²b 'ɪ ʊ m a s a
biorytm	²b 'ɪ ʊ r ʏ t m
bira	b 'iː r a
birgitta	b ɪ r ²s ɡ ɪ t a
bisak	²b 'iː s ɑː k
bisarr	b ɪ s 'a r
bisats	²b 'iː s a t s
bisittare	²b 'iː s ɪ t a r ɛ
biskop	²b 'ɪ s k ɔ p
biskopsgården	b ɪ s k ɔ p s ɡ oː d ɛ n
biskopsstol	²b 'ɪ s k ɔ p s t uː l
bismak	²b 'iː s m ɑː k
bisp	b ɪ s p
bister	b 'ɪ s t ɛ r
bistro	b ɪ s t r 'oː
bistå	²b 'iː s t oː r
bistånd	²b 'iː s t ɔ n d
bit	b iː t
bita	b 'iː t ɛ r
bitande	²b 'iː t a n d ɛ
bitas	b ɪ t s
biträda	²b 'iː t r ɛː d ɛ r
biträde	²b 'iː t r ɛː d ɛ
bits	b 'iː t s
bitsk	b ɪ t s k
bitsocker	²b 'iː t s ɔ k ɛ r
bitter	b 'ɪ t ɛ r
bitterljuv	²b 'ɪ t ɛ r j ʉː v
bittida	²b 'ɪ t ɪ d a
bitvarg	²s b 'iː t v a r j
bitvis	²b 'iː t v iː s
biverkning	²b 'iː v a r k n ɪ ŋ
biätare	b 'iː ɛ t a r ɛ
bjuda	b j 'ʉː d ɛ r
bjudning	²b j 'ʉː d n ɪ ŋ
bjugg	b j ɵ ɡ
bjäfs	b j ɛ f s
bjälke	²b j 'ɛ l k ɛ
bjällra	²b j 'ɛ l r a
bjära	b j ɛː r a
bjässe	²b j 'ɛ s ɛ
bjöd	b j øː d
björk	b j œ r k
björn	b j øː n
björnbär	b j 'øː n b ɛː r
björntjänst	²b j 'øː n ɕ ɛ n s t
black	b l a k
blackout	b l a k 'a ʊ t
blad	b l ɑː d
bladdra	²b l 'a d r a
bladdrar	²b l 'a d r a r
blaj	b l a j
blamera	b l a m 'eː r a
blamerar	b l a m 'eː r a r
bland	b l a n d
blanda	²b l 'a n d a
blandar	²b l 'a n d a r
blandekonomi	²b l 'a n d ɛ k ʊ n ʊ m iː
blandinaviska	b l a n d ɪ n 'ɑː v ɪ s k a
blandning	²b l 'a n d n ɪ ŋ
blank	b l a ŋ k
blankett	b l a ŋ k 'ɛ t
blanko	b l 'a ŋ k ɔ
blankspola	²s b l a ŋ k s p 'uː l a
blankt	b l a ŋ k t
blaserad	b l a s 'eː r a d
blask	b l a s k
blaska	²b l 'a s k a
blast	b l a s t
blasé	b l a s 'eː
blazer	b l 'ɛː s ɛ r
bleck	b l ɛ k
blek	b l eː k
bleka	b l 'eː k ɛ r
blekansikte	²b l 'eː k a n s ɪ k t ɛ
blekinge	²b l 'eː k ɪ ŋ ɛ
blekna	²b l 'eː k n a
bleknar	²b l 'eː k n a r
blessyr	b l ɛ s 'ʏ r
blev	b l eː v
bli	b l iː r
blick	b l ɪ k
blicka	²b l 'ɪ k a
blickar	²b l 'ɪ k a r
blickfång	²b l 'ɪ k f ɔ ŋ
blickpunkt	²b l 'ɪ k p ɵ ŋ k t
blid	b l iː d
blida	b l 'iː d a
blidka	²b l 'ɪ d k a
blidkar	²b l 'ɪ d k a r
blidväder	²b l 'iː d v ɛː d ɛ r
blind	b l ɪ n d
blindbock	²b l 'ɪ n d b 'ɔ k
blindgångare	²b l 'ɪ n d ɡ ɔ ŋ a r ɛ
blindskrift	²b l 'ɪ n d s k r ɪ f t
blindskär	²b l 'ɪ n d ɧ ɛː r
blindtarm	²b l 'ɪ n d t a r m
blinka	²b l 'ɪ ŋ k a
blinkar	²b l 'ɪ ŋ k a r
blinker	b l 'ɪ ŋ k ɛ r
blire	b l 'iː r ɛ
bliver	b l 'iː v ɛ r
blivit	²b l 'iː v ɪ t
blixt	b l ɪ k s t
blixtlås	²b l 'ɪ k s t l oː s
blixtra	²b l 'ɪ k s t r a
blixtrar	²b l 'ɪ k s t r a r
block	b l ɔ k
blockad	b l ɔ k 'ɑː d
blockera	b l ɔ k 'eː r a
blockerad	b l ɔ k 'eː r a d
blockerar	b l ɔ k 'eː r a r
blockflöjt	²b l 'ɔ k f l œ j t
blockhus	²b l 'ɔ k h ʉː s
blod	b l uː d
blodbad	²b l 'uː d b ɑː d
blodbrist	²b l 'uː d b r ɪ s t
blodfattig	²b l 'uː d f a t ɪ ɡ
blodförgiftning	²b l 'uː d f œ r j ɪ f t n ɪ ŋ
blodgivare	²b l 'uː d j iː v a r ɛ
blodhund	²b l 'uː d h ɵ n d
blodig	²b l 'uː d ɪ ɡ
blodkropp	²b l 'uː d k r ɔ p
blodkärl	²b l 'uː d ɕ ɛː l
blodomlopp	²b l 'uː d ɔ m l ɔ p
blodpropp	²b l 'uː d p r ɔ p
blodprov	²b l 'uː d p r uː v
blodpudding	²b l 'uː d p ɵ d ɪ ŋ
blodröd	b l 'uː d r øː d
blodsband	²b l 'uː d s b a n d
blodsprängd	²b l 'uː d s p r ɛ ŋ d
blodsugare	²b l 'uː d s ʉː ɡ a r ɛ
blodsutgjutelse	²b l 'uː d s ʉː t j ʉː t ɛ l s ɛ
blodtransfusion	²b l 'uː d t r a n s f ɵ ɧ uː n
blodtörst	²s b l 'uː d t œ ɕ t
blodtörstig	²b l 'uː d t œ ɕ t ɪ ɡ
blodvite	²b l 'uː d v iː t ɛ
blogg	b l ɔ ɡ
blom	b l ʊ m
blomkål	²b l 'ʊ m k oː l
blomma	²b l 'ʊ m a
blommar	²b l 'ʊ m a r
blommig	²b l 'ʊ m ɪ ɡ
blommogram	b l ʊ m ʊ ɡ r 'a m
blomqvist	²s b l ʊ m k v ɪ s t
blomster	b l 'ɔ m s t ɛ r
blomstra	b l 'ɔ m s t r a
blomstrar	b l 'ɔ m s t r a r
blond	b l ɔ n d
blondin	b l ɔ n d 'iː n
bloss	b l ɔ s
blossa	²b l 'ɔ s a
blossar	²b l 'ɔ s a r
blot	b l uː t
blota	b l 'uː t a
blott	b l ɔ t
blotta	²b l 'ɔ t a
blottar	²b l 'ɔ t a r
blottare	²b l 'ɔ t a r ɛ
blottlägga	²b l 'ɔ t l ɛ ɡ ɛ r
blottställa	b l ɔ t s t ɛ l a
blues	b l uː s
bluff	b l ɵ f
bluffa	²b l 'ɵ f a
bluffar	²b l 'ɵ f a r
blund	b l ɵ n d
blunda	²b l 'ɵ n d a
blundar	²b l 'ɵ n d a r
blunder	b l 'ɵ n d ɛ r
blus	b l ʉː s
bly	b l yː
blyerts	²b l 'yː ɛ t ɕ
blyg	b l yː ɡ
blygd	b l ʏ ɡ d
blygsam	²b l 'yː ɡ s a m
blygsel	b l 'yː ɡ s ɛ l
bläck	b l ɛ k
bläckfisk	²b l 'ɛ k f ɪ s k
bläddra	²b l 'ɛ d r a
bläddrar	²b l 'ɛ d r a r
blända	²b l 'ɛ n d a
bländande	b l 'ɛ n d a n d ɛ
bländar	²b l 'ɛ n d a r
bländverk	²b l 'ɛ n d v a r k
blänga	b l 'ɛ ŋ ɛ r
blänka	b l 'ɛ ŋ k ɛ r
bläs	b l ɛ s
bläsand	b l ɛ s a n d
bläsgås	b l ɛ s ɡ oː s
blå	b l oː
blåbär	b l 'oː b ɛː r
blådåre	²b l 'oː d oː r ɛ
blågul	²b l 'oː ɡ ʉː l
blåhaj	b l oː h a j
blåklint	²b l 'oː k l ɪ n t
blåkråka	b l oː k r oː k a
blåljus	b l oː j ʉː s
blåljuscentral	²s b l oː j ʉː s ‿ s 'eː n t r 'ɑː l
blåljusfilter	²s b l oː j ʉː s f ɪ l t ɛ r
blåljusfordon	b l oː j ʉː s f 'uː r d 'uː n
blåljuspersonal	b l oː j ʉː s p ɛ ɕ ʊ n 'ɑː l
blåmärke	²b l 'oː m a r k ɛ
blåna	²b l 'oː n a
blånar	²b l 'oː n a r
blåneka	²b l 'oː n eː k a
blånekar	²b l 'oː n eː k a r
blåsa	²b l 'oː s a
blåsare	²b l 'oː s a r ɛ
blåser	b l 'oː s ɛ r
blåsig	²b l 'oː s ɪ ɡ
blåsippa	²b l 'oː s ɪ p a
blåskatarr	²b l 'oː s k a t a r
blåskägg	b l oː ɧ ɛ ɡ
blåsning	b l 'oː s n ɪ ŋ
blåst	b l oː s t
blåställ	²b l 'oː s t ɛ l
blåsväder	²b l 'oː s v ɛː d ɛ r
blåtand	²s b l oː t a n d
blåtira	²b l 'oː t iː r a
blåträ	²s b l oː t r ɛː
blått	b l ɔ t
blåögd	²b l 'oː œ ɡ d
blöda	b l 'øː d ɛ r
blödarsjuka	²b l 'øː d a r ɧ ʉː k a
blödig	²b l 'øː d ɪ ɡ
blödning	²b l 'øː d n ɪ ŋ
blöja	²b l 'œ j a
blöt	b l øː t
blöta	²b l 'øː t a
blötdjur	²b l 'øː t j ʉː r
blöter	b l 'øː t ɛ r
bnp	²b 'eː ɛ n p eː
bo	²b 'eː uː
boaorm	²b 'uː a uː r m
boardingcard	²b 'oː d ɪ ŋ k ɑː d
bobin	b ɔ b 'iː n
bock	b ɔ k
bocka	²b 'ɔ k a
bockar	²b 'ɔ k a r
bockrot	b ɔ k r 'uː t
bod	b uː d
bodelning	²b 'uː d eː l n ɪ ŋ
boden	b 'uː d ɛ n
bodil	t b 'uː d ɪ l
bodybuilding	b 'oː d ʏ b ɪ l d ɪ ŋ
boel	t b 'uː ɛ l
boende	²b 'uː ɛ n d ɛ
boett	b ʊ 'ɛ t
bofast	²b 'uː f a s t
bofink	²b 'uː f ɪ ŋ k
bog	b uː ɡ
bogsera	b ʊ k s 'eː r a
bogserar	b ʊ k s 'eː r a r
bohag	b 'uː h ɑː ɡ
bohem	b ʊ h 'eː m
bohuslän	b 'uː h ʉː s l ɛː n
boj	b ɔ j
boja	²b ɔ j a
bojkott	b ɔ j k 'ɔ t
bojkotta	b ɔ j k 'ɔ t a
bojkottar	b ɔ j k 'ɔ t a r
bok	b uː k
boka	²b 'uː k a
bokar	²b 'uː k a r
bokbuss	²b 'uː k b ɵ s
boken	²s b 'uː k ɛ n
bokföra	²b 'uː k f øː r
bokföring	²b 'uː k f øː r ɪ ŋ
bokhandel	²b 'uː k h a n d ɛ l
bokhylla	²b 'uː k h ʏ l a
bokmärke	²b 'uː k m a r k ɛ
bokslut	²b 'uː k s l ʉː t
bokstav	²b 'ʊ k s t ɑː v
bokstavera	b ʊ k s t a v 'eː r a
bokstaverar	b ʊ k s t a v 'eː r a r
bokstavlig	²b 'ʊ k s t ɑː v l ɪ ɡ
bokstavstro	²b 'ʊ k s t ɑː v s t r uː
bokstöd	²b 'uː k s t øː d
bola	²s b 'uː l a
bolag	²b 'uː l ɑː ɡ
bolaget	²s b 'uː l 'ɑː ɡ ɛ t
boliner	b ʊ l 'iː n ɛ r
boll	b ɔ l
bolla	²b 'ɔ l a
bollar	²b 'ɔ l a r
bollsinne	²b 'ɔ l s ɪ n ɛ
bolma	²b 'ɔ l m a
bolmar	²b 'ɔ l m a r
bolmen	b ɔ l m ɛ n
bolmstad	b ɔ l m s t a
bolmsö	b ɔ l m s øː
bolmört	²b 'ɔ l m œ t
bolsjevik	b ɔ l ɧ ɛ v 'iː k
bolster	b 'ɔ l s t ɛ r
bom	b ʊ m
bomb	b ɔ m b
bomba	²b 'ɔ m b a
bombar	²b 'ɔ m b a r
bombardera	b ɔ m b a d 'eː r a
bombarderar	b ɔ m b a d 'eː r a r
bombastisk	²b ɔ m b 'a s t ɪ s k
bombmatta	²b 'ɔ m b m a t a
bombning	²b 'ɔ m b n ɪ ŋ
bombsäker	b 'ʊ m b s ɛː k ɛ r
bomma	²b 'ʊ m a
bommar	²b 'ʊ m a r
bomull	²b 'ʊ m ɵ l
bon	b 'uː n
bona	²b 'uː n a
bonad	²b 'uː n a d
bonar	²b 'uː n a r
bonde	²b 'ʊ n d ɛ
bondfångare	²b 'ʊ n d f ɔ ŋ a r ɛ
bondgård	²b 'ʊ n d ɡ oː d
bondpermis	²b 'ʊ n d p a r m ɪ s
bondpermission	²b 'ʊ n d p ɛ r m ɪ ɧ uː n
bondsk	b ʊ n d s k
bondska	²s b ʊ n d s k a
bondvischan	²b 'ʊ n d v ɪ ɧ a n
boning	b 'uː n ɪ ŋ
bonus	b 'uː n ɵ s
boom	b uː m
boots	b uː t s
bop	b ɔ p
bor	b uː r
bord	b uː d
borda	²b uː d a
bordar	²b uː d a r
borde	²b 'uː d ɛ
bordell	b ʊ d 'ɛ l
bordlägga	²b 'uː d l ɛ ɡ ɛ r
bordläggning	²b 'uː d l ɛ ɡ n ɪ ŋ
bordsbön	b 'uː r d s b øː n
bordtennis	²b 'uː d t ɛ n ɪ s
boren	b 'oː r ɛ n
borg	b ɔ r j
borga	²b 'ɔ r j a
borgar	²b 'ɔ r j a r
borgare	²b 'ɔ r j a r ɛ
borgarråd	²b 'ɔ r j a r oː d
borgen	b 'ɔ r j ɛ n
borgenär	b ɔ r j ɛ n 'ɛː r
borgerlig	²b 'ɔ r j ɛ r l ɪ ɡ
borgmästare	²b 'ɔ r j m ɛ s t a r ɛ
borr	b ɔ r
borra	²b 'ɔ r a
borrar	²b 'ɔ r a r
borrigg	²b 'ɔ r ɪ ɡ
borrning	b 'ɔ r n ɪ ŋ
borrplattform	²b 'ɔ r p l a t f ɔ r m
borrtorn	²b 'ɔ r t uː n
borst	b ɔ ɕ t
borsta	²b 'ɔ ɕ t a
borstar	²b 'ɔ ɕ t a r
borste	²b 'ɔ ɕ t ɛ
bort	b ɔ t
borta	²b 'ɔ t a
bortaplan	²s b ɔ r t a p l 'ɑː n
bortblåst	²b 'ɔ t b l oː s t
borterst	b 'ɔ t ɛ ɕ t
bortfall	²b 'ɔ t f a l
bortförklara	²b 'ɔ t f œ r k l ɑː r a
bortförklarar	²b 'ɔ t f œ r k l ɑː r a r
bortgång	²b 'ɔ t ɡ ɔ ŋ
bortkastad	²b 'ɔ t k a s t a d
bortkommen	²b 'ɔ t k ɔ m ɛ n
bortom	²b 'ɔ t ɔ m
bortovaro	²b 'ɔ t ʊ v ɑː r ʊ
bortre	b 'ɔ t r ɛ
bortrest	²b 'ɔ t r eː s t
bortse	²b 'ɔ t ɕ eː r
bortskämd	²b 'ɔ t ɧ ɛ m d
bortskänka	²s b ɔ r t ɧ ɛ ŋ k a
bortåt	b 'ɔ t ɔ t
borås	b ʊ r oː s
bosatt	²b 'uː s a t
boskap	²b 'uː s k ɑː p
boskifte	²b 'uː ɧ ɪ f t ɛ
boskillnad	²b 'uː ɧ ɪ l n a d
bosnien	b ɔ s n ɪ ɛ n
bosnisk	b 'ɔ s n ɪ s k
bospara	²b 'uː s p ɑː r a
bosparar	²b 'uː s p ɑː r a r
boss	b ɔ s
bostad	²b 'uː s t ɑː d
bostadsanpassningsbidrag	²b 'uː s t ɑː d s a n p a s n ɪ ŋ s b iː d r ɑː ɡ
bostadsbidrag	²b 'uː s t ɑː d s b iː d r ɑː ɡ
bostadsdomstol	²b 'uː s t ɑː d s d ʊ m s t uː l
bostadsförmedling	²b 'uː s t ɑː d s f œ r m eː d l ɪ ŋ
bostadslån	²b 'uː s t ɑː d s l oː n
bostadsrätt	²b 'uː s t ɑː d s r ɛ t
bostadsrättsförening	²b 'uː s t ɑː d s r ɛ t s f œ r eː n ɪ ŋ
bostadsrättslägenhet	²b 'uː s t ɑː d s r ɛ t s l ɛː ɡ ɛ n h eː t
bostadssparande	²b 'uː s t ɑː d s p ɑː r a n d ɛ
bostadstillägg	²b 'uː s t ɑː d s t ɪ l ɛ ɡ
bosättning	²b 'uː s ɛ t n ɪ ŋ
bot	b uː t
bota	²b 'uː t a
botanik	b ʊ t a n 'iː k
botar	²b 'uː t a r
botemedel	²b 'uː t ɛ m eː d ɛ l
botfärdig	²b 'uː t f ɛː d ɪ ɡ
botkyrka	b 'uː t ɕ ʏ r k a
botswana	b ɔ t s v 'ɑː n a
bott	b ʊ t
botten	b 'ɔ t ɛ n
bottenlån	²b 'ɔ t ɛ n l oː n
bottennapp	²b 'ɔ t ɛ n a p
bottenskrap	²b 'ɔ t ɛ n s k r ɑː p
bottenskrapa	²b 'ɔ t ɛ n s k r ɑː p a
bottenskrapar	²b 'ɔ t ɛ n s k r ɑː p a r
bottna	²b 'ɔ t n a
bottnar	²b 'ɔ t n a r
boulevard	b ʊ l ɛ v 'ɑː d
bouppteckning	²b 'uː ɵ p t ɛ k n ɪ ŋ
bourgeoisie	b ɔ ɕ ɔ̯ a s 'iː
boutredning	²b 'uː ʉː t r eː d n ɪ ŋ
bov	b uː v
boverket	²b 'uː v a r k ɛ t
bovete	²b 'uː v eː t ɛ
bowling	b 'ɔ v l ɪ ŋ
box	b ɔ k s
boxare	²b 'ʊ k s a r ɛ
boxas	²b 'ʊ k s a s
boxning	²b 'ʊ k s n ɪ ŋ
bra	b r ɑː
bracka	²b r a k a
bragd	b r a ɡ d
braig	²s b r 'ɑː ɪ
brak	b r ɑː k
braka	²b r 'ɑː k a
brakar	²b r 'ɑː k a r
bralla	²b r 'a l a
brand	b r a n d
brandfackla	²b r 'a n d f a k l a
brandförsvar	²b r 'a n d f œ ɕ v ɑː r
brandgul	²b r 'a n d ɡ ʉː l
brandkår	²b r 'a n d k oː r
brandpost	b r 'a n d p ɔ s t
brandskatta	²s b r a n d s k a t a
brandtal	²b r 'a n d t ɑː l
brandvarnare	²b r 'a n v ɑː n a r ɛ
brandvägg	²b r 'a n d v ɛ ɡ
brann	b r a n
bransch	b r a n ɧ
brant	b r a n t
brasa	²b r 'ɑː s a
braskande	b r 'a s k a n d ɛ
brasklapp	²b r 'a s k l a p
brass	b r a s
brasserie	b r a s ɛ r 'iː
brast	b r a s t
bravad	b r a v 'ɑː d
bravo	b r 'ɑː v ʊ
bravur	b r a v 'ʉː r
bre	b r 'eː
bred	b r eː d
breda	b r 'eː d ɛ r
bredbar	²b r 'eː d b ɑː r
bredd	b r ɛ d
bredda	²b r 'ɛ d a
breddar	²b r 'ɛ d a r
bredsida	²b r 'eː d s iː d a
bredvid	²b r 'eː v 'iː d
brer	b r eː r
brev	b r eː v
brevbärare	²s b r 'eː v b 'ɛː r a r ɛ
brevlåda	²b r 'eː v l oː d a
brevväxla	²b r 'eː v ɛ k s l a
brevväxlar	²b r 'eː v ɛ k s l a r
bricka	²b r 'ɪ k a
bridge	b r ɪ d ɧ
brigad	b r ɪ ɡ 'ɑː d
briljans	b r ɪ l j 'a n s
briljant	b r ɪ l j 'a n t
briljera	b r ɪ l j 'eː r a
briljerar	b r ɪ l j 'eː r a r
brillor	²b r 'ɪ l ʊ r
bringa	²b r 'ɪ ŋ a
bringar	²b r 'ɪ ŋ a r
brink	b r ɪ ŋ k
brinna	b r 'ɪ n ɛ r
bris	b r iː s
brisera	b r ɪ s 'eː r a
briserar	b r ɪ s 'eː r a r
brist	b r ɪ s t
brista	b r 'ɪ s t ɛ r
bristfällig	²b r 'ɪ s t f ɛ l ɪ ɡ
bristyrke	²b r 'ɪ s t ʏ r k ɛ
brits	b r ɪ t s
britt	b r ɪ t
brittisk	b r 'ɪ t ɪ s k
brittsommar	²b r 'ɪ t s ɔ m a r
bro	b r uː
broccoli	b r 'ɔ k ʊ l ɪ
broder	²b r 'uː d ɛ r
brodera	b r ʊ d 'eː r a
broderar	b r ʊ d 'eː r a r
broderskap	²b r 'uː d ɛ ɕ k ɑː p
broiler	b r 'ɔ j l ɛ r
brokig	²b r 'uː k ɪ ɡ
brom	b r oː m
broms	b r ɔ m s
bromsa	²b r 'ɔ m s a
bromsar	²b r 'ɔ m s a r
bron	b r 'uː n
bronkit	b r ɔ ŋ k 'iː t
brons	b r ɔ n s
bronsibis	b r ɔ n s 'iː b ɪ s
bronsålder	²b r 'ɔ n s ɔ l d ɛ r
bror	b r uː r
brorsa	²b r 'ʊ ɕ a
brorson	²b r 'uː ɕ oː n
bros	b r 'uː s
brosch	b r oː ɧ
broschyr	b r ʊ ɧ 'yː r
brosk	b r ɔ s k
brott	b r ɔ t
brottare	²b r 'ɔ t a r ɛ
brottas	²b r 'ɔ t a s
brottning	²b r 'ɔ t n ɪ ŋ
brottsbalken	²b r 'ɔ t s b a l k ɛ n
brottslig	²b r 'ɔ t s l ɪ ɡ
brottslighet	²b r 'ɔ t s l ɪ ɡ h eː t
brottsling	²b r 'ɔ t s l ɪ ŋ
brottstycke	²b r 'ɔ t s t ʏ k ɛ
brud	b r ʉː d
brudgum	²b r 'ʉː d ɡ ɵ m
brudtärna	²b r 'ʉː d t ɛː n a
bruk	b r ʉː k
bruka	²b r 'ʉː k a
brukar	²b r 'ʉː k a r
bruklig	²b r 'ʉː k l ɪ ɡ
bruksvärde	²b r 'ʉː k s v ɛː d ɛ
brumma	²b r 'ɵ m a
brummar	²b r 'ɵ m a r
brun	b r ʉː n
brunand	b r ʉː n a n d
brunch	b r ɵ n ɧ
brunett	b r ɵ n 'ɛ t
brunn	b r ɵ n
brunnit	²b r 'ɵ n ɪ t
bruno	b r ʉː n ʊ
brunsenap	b r ʉː n s 'eː n a p
brunst	b r ɵ n s t
brunsångare	b r ʉː n s ɔ ŋ a r ɛ
brunögd	²b r 'ʉː n œ ɡ d
brus	b r ʉː s
brusa	²b r 'ʉː s a
brusar	²b r 'ʉː s a r
brushane	b r ʉː s h 'ɑː n ɛ
brustablett	²b r 'ʉː s t a b l ɛ t
brusten	²b r 'ɵ s t ɛ n
brustit	²b r 'ɵ s t ɪ t
brutal	b r ɵ t 'ɑː l
bruten	²b r 'ʉː t ɛ n
brutit	²b r 'ʉː t ɪ t
brutto	²b r 'ɵ t ʊ
bruttolön	²b r 'ɵ t ʊ l øː n
bruttonationalinkomst	²s b r ɵ t ʊː ²s n a t ɧ ʊ n a l ²s ɪ ŋ k ɔ m s t
bruttonationalprodukt	²b r ɵ t ʊ n a t ɧ ʊ n ɑː l p r ʊ d ɵ k t
bry	b r 'yː
bryderi	b r yː d ɛ r 'iː
brygd	b r ʏ ɡ d
brygga	²b r 'ʏ ɡ a
bryggare	²b r 'ʏ ɡ a r ɛ
bryggd	b r ʏ ɡ d
brygger	b r 'ʏ ɡ ɛ r
bryggeri	b r ʏ ɡ ɛ r 'iː
bryggmalen	²b r 'ʏ ɡ m ɑː l ɛ n
brylling	²s b r ʏ l ɪ ŋ
bryn	b r yː n
bryna	b r 'yː n ɛ r
bryne	²b r 'yː n ɛ
brysk	b r ʏ s k
bryta	b r 'yː t ɛ r
brytning	²b r 'yː t n ɪ ŋ
bräcka	b r 'ɛ k ɛ r
bräckjärn	²b r 'ɛ k j ɛː n
bräcklig	²b r 'ɛ k l ɪ ɡ
bräckt	b r ɛ k t
bräda	²b r 'ɛː d a
brädd	b r ɛ d
bräddfull	b r ɛ d f ɵ l
bräde	²b r 'ɛː d ɛ
brädsegla	²b r 'ɛː d s eː ɡ l a
brädseglar	²b r 'ɛː d s eː ɡ l a r
bräka	b r 'ɛː k ɛ r
bräm	b r ɛː m
bränd	b r ɛ n d
bränna	b r 'ɛ n ɛ r
brännande	b r 'ɛ n a n d ɛ
brännas	b r ɛ n s
brännbar	²b r 'ɛ n b ɑː r
brännboll	²b r 'ɛ n b ɔ l
bränning	b r 'ɛ n ɪ ŋ
brännmärka	²b r 'ɛ n m a r k ɛ r
brännpunkt	²b r 'ɛ n p ɵ ŋ k t
brännvin	²b r 'ɛ n v iː n
brännässla	²b r 'ɛ n ɛ s l a
bränsle	²b r 'ɛ n s l ɛ
bräsch	b r ɛː ɧ
brätte	b r 'ɛ t ɛ
bråck	b r ɔ k
bråd	b r oː d
bråddjup	²b r 'oː d j ʉː p
brådis	b r 'oː d ɪ s
brådmogen	²b r 'oː d m uː ɡ ɛ n
brådrasket	²s b r oː d r a s k ɛ t
brådska	²b r 'ɔ s k a
brådskande	²b r 'ɔ s k a n d ɛ
bråk	b r oː k
bråka	²b r 'oː k a
bråkar	²b r 'oː k a r
bråkdel	²b r 'oː k d eː l
bråkig	²b r 'oː k ɪ ɡ
bråkmakare	²b r 'oː k m ɑː k a r ɛ
bråte	²b r 'oː t ɛ
bråttom	²b r 'ɔ t ɔ m
bröd	b r øː d
brödföda	²b r 'øː d f øː d a
brödraskap	b r 'øː d r a s k ɑː p
brödrost	²b r 'øː d r ɔ s t
bröllop	²b r 'œ l ɔ p
bröst	b r œ s t
bröstarvinge	²b r 'œ s t a r v ɪ ŋ ɛ
bröstkorg	²b r 'œ s t k ɔ r j
bröstsim	²b r 'œ s t s ɪ m
bröt	b r øː t
bu	b ʉː
bua	²b 'ʉː a
buar	²b 'ʉː a r
bubbelpool	²b 'ɵ b ɛ l p uː l
bubbla	²b 'ɵ b l a
bubblar	²b 'ɵ b l a r
buckla	²b 'ɵ k l a
bucklar	²b 'ɵ k l a r
bucklig	²b 'ɵ k l ɪ ɡ
bud	b ʉː d
buddism	b ɵ d 'ɪ s m
budget	b 'ɵ d j ɛ t
budgetpromenaden	²s b ɵ d j ɛ t p r ʊ m ɛ n 'ɑː d ɛ n
budkavle	²b 'ʉː d k ɑː v l ɛ
budo	b 'ʉː d ʊ
budskap	²b 'ʉː d s k ɑː p
buffert	b 'ɵ f ɛ t
buffé	b ɵ f 'eː
buk	b ʉː k
bukett	b ɵ k 'ɛ t
bukig	b 'ʉː k ɪ ɡ
buklanda	²b 'ʉː k l a n d a
buklandar	²b 'ʉː k l a n d a r
bukspottkörtel	²b 'ʉː k s p ɔ t ɕ œ t ɛ l
bukt	b ɵ k t
bukta	²b 'ɵ k t a
buktar	²b 'ɵ k t a r
buktig	b 'ɵ k t ɪ ɡ
bula	²b 'ʉː l a
bulgar	b ɵ l ɡ 'ɑː r
bulgarien	b ɵ l ɡ 'ɑː r ɪ ɛ n
bulgarisk	b ɵ l ɡ 'ɑː r ɪ s k
buljong	b ɵ l j 'ɔ ŋ
bulla	²b 'ɵ l a
bulldogg	²b 'ɵ l d ɔ ɡ
bulle	²b 'ɵ l ɛ
buller	b 'ɵ l ɛ r
bullermatta	²b 'ɵ l ɛ r m a t a
bulletin	b ɵ l ɛ t 'iː n
bullra	²b 'ɵ l r a
bullrar	²b 'ɵ l r a r
bullrig	²b 'ɵ l r ɪ ɡ
bulnad	²b 'ʉː l n a d
bult	b ɵ l t
bulta	²b 'ɵ l t a
bultar	²b 'ɵ l t a r
bulvan	b ɵ l v 'ɑː n
bumerang	b ɵ m ɛ r 'a ŋ
bumling	²b 'ɵ m l ɪ ŋ
bums	b ɵ m s
bundit	²b 'ɵ n d ɪ t
bundsförvant	²b 'ɵ n d s f œ r v a n t
bungalow	b 'ɵ ŋ ɡ a l ɔ v
bunke	²b 'ɵ ŋ k ɛ
bunker	b 'ɵ ŋ k ɛ r
bunkra	²b 'ɵ ŋ k r a
bunkrar	²b 'ɵ ŋ k r a r
bunt	b ɵ n t
bunta	²b 'ɵ n t a
buntar	²b 'ɵ n t a r
bur	b ʉː r
burdus	b ɵ d 'ʉː s
buren	²s b ʉː r ɛ n
burgen	b 'ɵ r j ɛ n
burit	²b 'ʉː r ɪ t
burk	b ɵ r k
burlesk	b ɵ l 'ɛ s k
burspråk	²b 'ʉː ɕ p r oː k
burundi	b ɵ r ɵ n d ɪ
bus	b ʉː s
busa	²b 'ʉː s a
busar	²b 'ʉː s a r
buse	²b 'ʉː s ɛ
bush	b ɵ ɧ
busig	²b 'ʉː s ɪ ɡ
business	b 'ɪ s n ɪ s
buskablyg	²b 'ɵ s k a b l yː ɡ
buskage	b ɵ s k 'ɑː ɧ
buske	²b 'ɵ s k ɛ
buskis	b 'ɵ s k ɪ s
busksångare	b ɵ s k s ɔ ŋ a r ɛ
buss	b ɵ s
bussa	²b ɵ s a
bussar	²b ɵ s a r
bussarong	b ɵ s a r ɔ ŋ
bussig	²b 'ɵ s ɪ ɡ
busstation	²s b ɵ s ‿ s t a ɧ 'uː n
butelj	b ɵ t 'ɛ l j
butik	b ɵ t 'iː k
butter	b 'ɵ t ɛ r
by	b yː
byffé	b ʏ f 'eː
bygd	b ʏ ɡ d
bygel	²b 'yː ɡ ɛ l
bygga	b 'ʏ ɡ ɛ r
bygge	²b 'ʏ ɡ ɛ
bygglov	²b 'ʏ ɡ l oː v
byggmästare	²b 'ʏ ɡ m ɛ s t a r ɛ
byggnad	²b 'ʏ ɡ n a d
byggnadsförbud	²b 'ʏ ɡ n a d s f œ r b ʉː d
byggnadsnämnd	²b 'ʏ ɡ n a d s n ɛ m d
byggnadsställning	b t ɡ n a d s s t ɛ l n ɪ ŋ
byggnation	b ʏ ɡ n a ɧ 'uː n
byholma	b 'yː h ʊ l m a
byig	²b 'yː ɪ ɡ
byk	b yː k
byka	²s b 'yː ɡ a
byling	²b 'yː l ɪ ŋ
bylte	²b 'ʏ l t ɛ
byracka	²b 'yː r a k a
byrå	²b 'yː r ɔ
byråkrati	b ʏ r ɔ k r a t 'iː
byråkratisk	b ʏ r ɔ k r 'ɑː t ɪ s k
byst	b ʏ s t
byta	b 'yː t ɛ r
byte	²b 'yː t ɛ
bytesbalans	²b 'yː t ɛ s b a l a n s
bytesrätt	²b 'yː t ɛ s r ɛ t
byxa	²b 'ʏ k s a
byxis	t b ʏ k s ɪ s
bäbis	b 'ɛː b ɪ s
bäck	b ɛ k
bäckadräkt	²s b ɛ k a d r ɛ k t
bäcken	b 'ɛ k ɛ n
bäckna	²s b ɛ k n a
bädd	b ɛ d
bädda	²b 'ɛ d a
bäddar	²b 'ɛ d a r
bägare	²b 'ɛː ɡ a r ɛ
bägge	²b 'ɛ ɡ ɛ
bälg	b ɛ l j
bältdjur	b ɛ l t j ʉː r
bälte	²b 'ɛ l t ɛ
bända	b 'ɛ n d ɛ r
bäng	b ɛ ŋ
bänk	b ɛ ŋ k
bär	b ɛː r
bära	b ɛː r
bärare	²b 'ɛː r a r ɛ
bärga	²b 'ɛ r j a
bärgar	²b 'ɛ r j a r
bärgning	²b 'ɛ r j n ɪ ŋ
bärgningsbil	²b 'ɛ r j n ɪ ŋ s b iː l
bärighet	²b 'ɛː r ɪ ɡ h eː t
bäring	²b 'ɛː r ɪ ŋ
bärkraft	²b 'ɛː r k r a f t
bärnsten	²b 'ɛː n ɕ t eː n
bärs	b a ɕ
bärsa	²b a ɕ a
bärsärkagång	²b ɛː ɕ a r k a ɡ ɔ ŋ
bäst	b ɛ s t
bästis	b 'ɛ s t ɪ s
bästsäljare	²b 'ɛ s t s ɛ l j a r ɛ
bättre	b 'ɛ t r ɛ
bättring	²b 'ɛ t r ɪ ŋ
bäva	²b 'ɛː v a
bävan	²b 'ɛː v a n
bävar	²b 'ɛː v a r
bäver	b 'ɛː v ɛ r
bävergäll	b ɛː v ɛ r j ɛ l
båda	²b 'oː d a
bådadera	²b 'oː d a d eː r a
bådar	²b 'oː d a r
både	²b 'oː d ɛ
båg	b oː ɡ
båge	²b 'oː ɡ ɛ
bågfil	²b 'oː ɡ f iː l
bågna	²b 'oː ɡ n a
bågnar	²b 'oː ɡ n a r
bål	b oː l
bålverk	²b 'oː l v a r k
bångstyrig	²b 'ɔ ŋ s t yː r ɪ ɡ
bår	b oː r
bård	b oː d
bårhus	²b 'oː r h ʉː s
bås	b oː s
båt	b oː t
båtplats	²b 'oː t p l a t s
båtsman	b 'ɔ t s m a n
böcker	t b 'œ k ɛ r
böckling	²b 'œ k l ɪ ŋ
bödel	²b 'øː d ɛ l
bög	b øː ɡ
bögig	b øː ɡ ɪ
böja	b 'œ j ɛ r
böjd	b œ j d
böjelse	²b 'œ j ɛ l s ɛ
böjlig	²b 'œ j l ɪ ɡ
böjning	²b 'œ j n ɪ ŋ
böka	²b 'øː k a
bökar	²b 'øː k a r
bökig	²b 'øː k ɪ ɡ
böla	²b 'øː l a
bölar	²b 'øː l a r
böld	b œ l d
bölja	²b 'œ l j a
böljar	²b 'œ l j a r
bön	b øː n
böna	²b 'øː n a
bönar	²b 'øː n a r
böner	²s b øː n ɛ r
bönfalla	²b 'øː n f a l ɛ r
bönhus	²b 'øː n h ʉː s
bönhöra	²b 'øː n h øː r
bönor	²s b øː n ɛ r
böra	b øː r
börd	b øː d
börda	²b 'øː d a
bördig	²b 'øː d ɪ ɡ
börja	²b 'œ r j a
början	²b 'œ r j a n
börjar	²b 'œ r j a r
börs	b œ ɕ
bössa	²b 'œ s a
böta	²b 'øː t a
bötar	²b 'øː t a r
böter	b 'øː t ɛ r
bötfälla	²b 'øː t f ɛ l ɛ r
c	s eː
c-språk	²s 'eː s p r oː k
c/o	k 'ɛː r 'ɔ v
ca	²s 'ɪ r k a
cabriolet	k a b r ɪ ʊ l 'eː
cad	k a d
cafeteria	k a f ɛ t 'eː r ɪ a
café	k a f 'eː
californium	k a l ɪ f oː r n ɪ ɵ m
calla	k oː l a
calle	²s k a l ɛ
campa	²k 'a m p a
campar	²k 'a m p a r
campare	²k 'a m p a r ɛ
camping	k 'a m p ɪ ŋ
cancer	k 'a n s ɛ r
cancerogen	k a n s ɛ r ɔ j 'eː n
cannabis	k 'a n a b ɪ s
capita	k ɑː p ɪ t a
cappuccino	k a p ɵ t ɕ 'iː n ʊ
carina	k a ²s r 'iː n a
carl	k 'ɑː r l
carpmes	k a r p m 'eː s
carport	k 'a r p oː t
case	k ɛ j s
casen	k ɛ j s ɛ n
casens	k ɛ j s ɛ n s
caset	k ɛ j s ɛ t
casets	k ɛ j s ɛ t s
cash	k a ɧ
cd-romskiva	²s eː d eː r 'ɔ m ɧ iː v a
cd-romspelare	²s eː d eː r 'ɔ m s p eː l a r ɛ
cd-skiva	²s 'eː d eː ɧ iː v a
cd-spelare	²s 'eː d eː s p eː l a r ɛ
celeber	s ɛ l 'eː b ɛ r
celebritet	s ɛ l ɛ b r ɪ t 'eː t
celibat	s ɛ l ɪ b 'ɑː t
cell	s ɛ l
cellgift	²s ɛ l j ɪ f t
cellist	²s ɛ l 'ɪ s t
cello	s 'ɛ l ʊ
cellofan	s ɛ l ʊ f 'ɑː n
cellstoff	s 'ɛ l s t ɔ f
cellulosa	²s ɛ l ɵ l 'uː s a
cement	s ɛ m 'ɛ n t
censur	s ɛ n s 'ʉː r
censurera	s ɛ n s ɵ r 'eː r a
censurerar	s ɛ n s ɵ r 'eː r a r
center	s 'ɛ n t ɛ r
centerpartiet	²s 'ɛ n t ɛ r p a t iː ɛ t
centiliter	s ɛ n t ɪ l 'iː t ɛ r
centilong	s ɛ n t ɪ l 'ɔ ŋ
centimeter	s ɛ n t ɪ m 'eː t ɛ r
central	s ɛ n t r 'ɑː l
centralisera	s ɛ n t r a l ɪ s 'eː r a
centraliserar	s ɛ n t r a l ɪ s 'eː r a r
centralort	²s s ɛ n t r 'ɑː l ʊ r t
centralstyrd	²s ɛ n t r 'ɑː l s t yː d
centralvärme	²s ɛ n t r 'ɑː l v a r m ɛ
centrifug	s ɛ n t r ɪ f 'ʉː ɡ
centrifugera	s ɛ n t r ɪ f ɵ ɡ 'eː r a
centrifugerar	s ɛ n t r ɪ f ɵ ɡ 'eː r a r
centrum	s 'ɛ n t r ɵ m
cerat	s ɛ r 'ɑː t
ceremoni	s ɛ r ɛ m ʊ n 'iː
certifikat	s a t ɪ f ɪ k 'ɑː t
cesium	s 'eː s ɪ ɵ m
cess	s ɛ s
cettisångare	s ɛ t ɪ s ɔ ŋ a r ɛ
chaffis	ɧ a f ɪ s
champagne	ɧ a m p 'a n j
champinjon	ɧ a m p ɪ n j 'uː n
champion	ɧ 'a m p ɪ ɔ n
chans	ɕ a n s
chansa	²ɕ 'a n s a
chansar	²ɕ 'a n s a r
charad	ɧ a r 'ɑː d
chargé-d'affaires	ɧ a r ɧ eː d a f 'ɛː r
chark	ɧ a r k
charkuteri	ɧ a r k ɵ t ɛ r 'iː
charlatan	ɧ a l a t 'ɑː n
charlie	ɕ 'ɑː ɪ ɪ
charlotta	ɧ a r ²s ɪ ʊ t a
charlotte	ɧ a ɪ ʊ t
charm	ɧ a r m
charmig	²ɧ 'a r m ɪ ɡ
charmör	ɧ a r m ɶː r
charter-	²ɕ 'ɑː t ɛ r
chassi	ɧ 'a s ɪ
chatta	²ɕ 'a t a
chattar	²ɕ 'a t a r
chaufför	ɧ ɔ f 'øː r
chauvinism	ɧ ɔ v ɪ n 'ɪ s m
check	ɕ ɛ k
checka	²ɕ 'ɛ k a
checkar	²ɕ 'ɛ k a r
cheddar	ɕ ɛ d a r
chef	ɧ eː f
chefsstol	²ɧ 'eː f s t uː l
chic	ɕ ɪ k
chiffer	ɧ 'ɪ f ɛ r
chiffonjé	ɧ ɪ f ɔ n j 'eː
chilen	ɕ ɪ l 'eː n
chilensk	ɕ ɪ l 'eː n s k
chimär	ɧ ɪ m 'ɛː r
chips	ɕ ɪ p s
chock	ɧ ɔ k
chocka	²ɧ 'ɔ k a
chockar	²ɧ 'ɔ k a r
chockera	ɧ ɔ k 'eː r a
chockerar	ɧ ɔ k 'eː r a r
choke	ɕ oː k
choklad	ɧ ʊ k l 'ɑː d
chokladboll	ɧ ʊ k l 'ɑː d b ɔ l
chorizo	ɕ ʊ r ɪ t s ʊ
chosefri	²ɧ 'oː s f r iː
chèvre	ɕ ɛ v r 'eː
cider	s 'iː d ɛ r
cigarett	s ɪ ɡ a r 'ɛ t
cigarr	s ɪ ɡ 'a r
cineast	s ɪ n ɛ a s t
cirka	²s 'ɪ r k a
cirkapris	²s 'ɪ r k a p r iː s
cirkel	²s 'ɪ r k ɛ l
cirkla	²s 'ɪ r k l a
cirklar	²s 'ɪ r k l a r
cirkulation	s ɪ r k ɵ l a ɧ 'uː n
cirkulera	s ɪ r k ɵ l 'eː r a
cirkulerar	s ɪ r k ɵ l 'eː r a r
cirkulär	s ɪ r k ɵ l 'ɛː r
cirkus	s 'ɪ r k ɵ s
ciss	s ɪ s
cistern	s ɪ s t 'ɛː n
citat	s ɪ t 'ɑː t
citattecken	²s ɪ t 'ɑː t ɛ k ɛ n
citera	s ɪ t 'eː r a
citerar	s ɪ t 'eː r a r
citron	s ɪ t r 'uː n
citrusfrukt	²s iː t r ɵ s f r ɵ k t
city	s 'ɪ t ʏ
civil	s ɪ v 'iː l
civilekonom	²s ɪ v 'iː l ɛ k ʊ n oː m
civilförsvar	²s ɪ v 'iː l f œ ɕ v ɑː r
civilingenjör	²s ɪ v 'iː l ɪ n ɧ ɛ n j øː r
civilisation	s ɪ v ɪ l ɪ s a ɧ 'uː n
civilkurage	²s ɪ v 'iː l k ɵ r ɑː ɧ
civilstånd	²s ɪ v 'iː l s t ɔ n d
cl	s ɛ n t ɪ l 'iː t ɛ r
clipper	k l 'ɪ p ɛ r
clips	k l ɪ p s
clitoris	k l 'iː t ɔ r ɪ s
clown	k l a ʊ n
clownfisk	k l a ʊ n f ɪ s k
cm	s ɛ n t ɪ m 'eː t ɛ r
co	²k 'ɔ m p a n ɪ
cockerspaniel	²k 'ɔ k ɛ ɕ p a n j ɛ l
cockpit	k 'ɔ k p ɪ t
cocktail	k 'ɔ k t ɛ j l
collage	k ɔ l 'ɑː ɧ
college	k 'ɔ l ɪ t ɕ
collie	k 'ɔ l ɪ
comeback	k a m b 'ɛ k
container	k ɔ n t 'ɛ j n ɛ r
controller	k ɔ n t r 'ɔ l ɛ r
cooköarna	k 'uː k øː a r n a
cool	k uː l
copyright	k 'ɔ p ɪ r a j t
copywriter	k 'ɔ p ɪ r a j t ɛ r
cornflakes	k 'oː n f l ɛ j k s
cowboy	k 'a ʊ b ɔ j
cp	²s 'eː p eː
crawl	k r oː l
crawla	²k r 'oː l a
crawlar	²k r 'oː l a r
credo	k r 'eː d ɔ
croissant	k r ʊ a s 'a ŋ
crêpe	k r ɛ p
csn	s ɛ n t r 'ɑː l a ²s t 'ʉː d ɪ ɛ s t øː d s n ɛ m d ɛ n
cup	k ɵ p
curry	k 'ɵ r ʏ
cyberattack	s 'yː b ɛ r a t a k
cykel	²s 'yː k ɛ l
cykelbana	²s 'ʏ k ɛ l b ɑː n a
cykla	²s 'ʏ k l a
cyklar	²s 'ʏ k l a r
cyklist	s ʏ k l 'ɪ s t
cyklopöga	²s ʏ k l 'oː p øː ɡ a
cylinder	s ʏ l 'ɪ n d ɛ r
cyniker	s 'yː n ɪ k ɛ r
cynisk	s 'yː n ɪ s k
cynism	s ʏ n 'ɪ s m
cypern	s 'yː p ɛ r n
cysta	²s 'ʏ s t a
d	d ɛ
d.v.s.	²d eː v ɪ l s 'ɛ j a
dadda	²d 'a d a
daddar	²d 'a d a r
dadel	²d 'ɑː d ɛ l
dag	d ɑː ɡ
dagas	²d 'ɑː ɡ a s
dagbarn	²d 'ɑː ɡ b ɑː n
dagbarnvårdare	²d 'ɑː ɡ b ɑː n v oː d a r ɛ
dagbok	²d 'ɑː ɡ b uː k
dagbrott	²d 'ɑː ɡ b r ɔ t
dagbrytning	²d 'ɑː ɡ b r yː t n ɪ ŋ
dagcentral	²d 'ɑː ɡ s ɛ n t r ɑː l
dagdrivare	²d 'ɑː ɡ d r iː v a r ɛ
dagdrömma	²d 'ɑː ɡ d r œ m ɛ r
dager	d 'ɑː ɡ ɛ r
dagg	d a ɡ
daggmask	²d 'a ɡ m a s k
daghem	²d 'ɑː ɡ h ɛ m
dagis	d 'ɑː ɡ ɪ s
dagjämning	²d 'ɑː ɡ j ɛ m n ɪ ŋ
daglig	²d 'ɑː ɡ l ɪ ɡ
dagligen	²d 'ɑː ɡ l ɪ ɡ ɛ n
dagmamma	²d 'ɑː ɡ m a m a
dagordning	²d 'ɑː ɡ oː d n ɪ ŋ
dagpenning	²d 'ɑː ɡ p ɛ n ɪ ŋ
dags	d a k s
dagsbot	²d 'a k s b uː t
dagsböter	²d 'a k s b øː t ɛ r
dagsljus	²d 'a k s j ʉː s
dagslända	²d 'ɑː ɡ s l ɛ n d a
dagsmeja	²d 'a k s m ɛ j a
dagspress	²d 'a k s p r ɛ s
dagstidning	²d 'a k s t iː d n ɪ ŋ
dagsverke	²d 'a k s v a r k ɛ
dagtid	²d 'ɑː ɡ t iː d
dagtraktamente	²d 'ɑː ɡ t r a k t a m ɛ n t ɛ
dagunderstöd	²d 'ɑː ɡ ɵ n d ɛ ɕ t øː d
dal	d ɑː l
dal-	²d 'ɑː l
dala	²d 'ɑː l a
dalahäst	²d 'ɑː l a h ɛ s t
dalar	²d 'ɑː l a r
dalarna	²d 'ɑː l a n a
daller	d 'a l ɛ r
dalsland	d 'ɑː l s l a n d
dalta	²d 'a l t a
daltar	²d 'a l t a r
dam	d ɑː m
damasker	d a m 'a s k ɛ r
damast	d a m 'a s t
dambinda	²d 'ɑː m b ɪ n d a
damfrisering	²d 'ɑː m f r ɪ s eː r ɪ ŋ
damfrisör	²d 'ɑː m f r ɪ s øː r
damm	d a m
damma	²d 'a m a
dammar	²d 'a m a r
dammig	²d 'a m ɪ ɡ
dammsnäppa	d a m s n ɛ p a
dammsuga	²d 'a m s ʉː ɡ ɛ r
dammsugare	²d 'a m s ʉː ɡ a r ɛ
dammtrasa	²d 'a m t r ɑː s a
damrum	²d 'ɑː m r ɵ m
damspel	d 'ɑː m s p 'eː l
dan	d ɑː n
dana	²d 'ɑː n a
danar	²d 'ɑː n a r
danmark	t d a n m a r k
dans	d a n s
dansa	²d 'a n s a
dansar	²d 'a n s a r
dansbana	²d 'a n s b ɑː n a
dansk	d a n s k
danska	²d 'a n s k a
danskjävel	²s d a n s k j ɛː v ɛ l
dansör	d a n s 'øː r
dar	d ɑː r
darr	d a r
darra	²d 'a r a
darrar	²d 'a r a r
darrig	²d 'a r ɪ ɡ
dart	d ɑː t
dask	d a s k
dass	d a s
data	²d 'ɑː t a
data-	²d 'ɑː t a
databehandling	²d 'ɑː t a b ɛ h a n d l ɪ ŋ
datainspektionen	²d 'ɑː t a ɪ n s p ɛ k ɧ uː n ɛ n
datamaskin	²d 'ɑː t a m a ɧ iː n
dataregister	²d 'ɑː t a r ɛ j ɪ s t ɛ r
dataskärm	²d 'ɑː t a ɧ a r m
dataterminal	²d 'ɑː t a t a r m ɪ n ɑː l
datera	d a t 'eː r a
daterar	d a t 'eː r a r
dativ	d 'ɑː t 'iː v
dato	d 'ɑː t ʊ
dator	²d 'ɑː t ʊ r
dator-	²d 'ɑː t ʊ r
datorisera	d a t ʊ r ɪ s 'eː r a
datoriserar	d a t ʊ r ɪ s 'eː r a r
datorutrustning	²d 'ɑː t ʊ r ʉː t r ɵ s t n ɪ ŋ
datum	²d 'ɑː t ɵ m
datummärka	²d 'ɑː t ɵ m a r k ɛ r
david	²s d 'ɑː v ɪ d
davidsstjärna	²d 'ɑː v ɪ d s ɧ ɛː n a
deadline	d 'ɛ d l a j n
debatt	d ɛ b 'a t
debattera	d ɛ b a t 'eː r a
debatterar	d ɛ b a t 'eː r a r
debet	d 'eː b ɛ t
debetsedel	²d 'eː b ɛ t s eː d ɛ l
debitera	d ɛ b ɪ t 'eː r a
debiterar	d ɛ b ɪ t 'eː r a r
debut	d ɛ b 'ʉː t
debutera	d ɛ b ɵ t 'eː r a
debuterar	d ɛ b ɵ t 'eː r a r
december	d ɛ s 'ɛ m b ɛ r
decennium	d ɛ s 'ɛ n ɪ ɵ m
decentralisera	d ɛ s ɛ n t r a l ɪ s 'eː r a
decentraliserar	d ɛ s ɛ n t r a l ɪ s 'eː r a r
decibel	d ɛ s ɪ b 'ɛ l
deciliter	d ɛ s ɪ l 'iː t ɛ r
deciljon	d ɛ s ɪ l j 'uː n
decimal	d ɛ s ɪ m 'ɑː l
decimeter	d ɛ s ɪ m 'eː t ɛ r
deckare	²d 'ɛ k a r ɛ
dedicera	d ɛ d ɪ s 'eː r a
dedicerar	d ɛ d ɪ s 'eː r a r
dedikation	d ɛ d ɪ k a ɧ 'uː n
defekt	d ɛ f 'ɛ k t
defensiv	d ɛ f ɛ n s 'iː v
defilera	d ɛ f ɪ l 'eː r a
defilerar	d ɛ f ɪ l 'eː r a r
definiera	d ɛ f ɪ n ɪ 'eː r a
definierar	d ɛ f ɪ n ɪ 'eː r a r
definition	d ɛ f ɪ n ɪ ɧ 'uː n
definitiv	d ɛ f ɪ n ɪ t 'iː v
definitivt	d ɛ f ɪ n ɪ t 'iː v t
deformera	d ɛ f ɔ r m 'eː r a
deformerar	d ɛ f ɔ r m 'eː r a r
deg	d eː ɡ
dega	²d 'eː ɡ a
degar	²d 'eː ɡ a r
degel	²d 'eː ɡ ɛ l
degradera	d ɛ ɡ r a d 'eː r a
degraderar	d ɛ ɡ r a d 'eː r a r
dej	d ɛ j
dekadent	d ɛ k a d 'ɛ n t
dekal	d ɛ k 'ɑː l
dekameter	d ɛ k a m 'eː t ɛ r
dekis	d 'eː k ɪ s
deklamera	d ɛ k l a m 'eː r a
deklamerar	d ɛ k l a m 'eː r a r
deklaration	d ɛ k l a r a ɧ 'uː n
deklarera	d ɛ k l a r 'eː r a
deklarerar	d ɛ k l a r 'eː r a r
deklination	d ɛ k l ɪ n a ɧ 'uː n
dekoder	d ɛ k 'oː d ɛ r
dekor	d ɛ k 'oː r
dekoration	d ɛ k ʊ r a ɧ 'uː n
dekorativ	d ɛ k ʊ r a t 'iː v
del	d eː l
dela	²d 'eː l a
delaktig	²d 'eː l a k t ɪ ɡ
delar	²d 'eː l a r
delbar	d 'eː l b 'ɑː r
delegat	d ɛ l ɛ ɡ 'ɑː t
delegera	d ɛ l ɛ ɡ 'eː r a
delegerar	d ɛ l ɛ ɡ 'eː r a r
delfin	d ɛ l f 'iː n
delge	²d 'eː l j eː r
delikat	d ɛ l ɪ k 'ɑː t
delikatess	d ɛ l ɪ k a t 'ɛ s
delirium	d ɛ l 'iː r ɪ ɵ m
delpension	²d 'eː l p a n ɧ uː n
dels	d eː l s
delta	²d 'ɛ l t a
deltagande	²d 'eː l t ɑː ɡ a n d ɛ
deltagare	²d 'eː l t ɑː ɡ a r ɛ
deltar	²d 'eː l t ɑː r
deltid	²d 'eː l t iː d
deltidsarbete	²d 'eː l t iː d s a r b eː t ɛ
deltidsgrupp	²d 'eː l t iː d s ɡ r ɵ p
deltog	²d 'eː l t uː ɡ
delvis	²d 'eː l v iː s
delägare	²d 'eː l ɛː ɡ a r ɛ
dem	d ɛ m
demagog	d ɛ m a ɡ 'oː ɡ
dementera	d ɛ m ɛ n t 'eː r a
dementerar	d ɛ m ɛ n t 'eː r a r
demokrat	d ɛ m ʊ k r 'ɑː t
demokrati	d ɛ m ʊ k r a t 'iː
demokratisk	d ɛ m ʊ k r 'ɑː t ɪ s k
demon	d ɛ m 'oː n
demonstrant	d ɛ m ɔ n s t r 'a n t
demonstration	d ɛ m ɔ n s t r a ɧ 'uː n
demonstrationståg	d 'eː m ʊ n s t r a ɧ 'uː n s t oː ɡ
demonstrera	d ɛ m ɔ n s t r 'eː r a
demonstrerar	d ɛ m ɔ n s t r 'eː r a r
demontera	d ɛ m ɔ n t 'eː r a
den	d ɛ n
denim	d ɛ n 'ɪ m
denna	²d 'ɛ n a
denne	d ɛ n ɛ
dental	d ɛ n t 'ɑː l
deodorant	d ɛ ʊ d ʊ r 'a n t
departement	d ɛ p a t ɛ m 'ɛ n t
deponera	d ɛ p ʊ n 'eː r a
deponerar	d ɛ p ʊ n 'eː r a r
deportera	d ɛ p ɔ t 'eː r a
deporterar	d ɛ p ɔ t 'eː r a r
deppa	²d 'ɛ p a
deppad	²d 'ɛ p a d
deppar	²d 'ɛ p a r
deppig	²d 'ɛ p ɪ ɡ
depression	d ɛ p r ɛ ɧ 'uː n
deprimerad	d ɛ p r ɪ m 'eː r a d
depå	d ɛ p 'oː
deras	²d 'eː r a s
derby	d r r b ʏ
dermatologisk	d a r m a t ʊ l 'oː ɡ ɪ s k
desertera	d ɛ s a t 'eː r a
deserterar	d ɛ s a t 'eː r a r
design	d ɛ s 'a j n
designa	d ɪ s a j n a
desillusionerad	d ɛ s ɪ l ɵ ɧ ɔ n 'eː r a d
desinficera	d ɛ s ɪ n f ɪ s 'eː r a
desinficerar	d ɛ s ɪ n f ɪ s 'eː r a r
desinformation	d ɛ s ɪ n f ɔ r m a ɧ 'uː n
desperat	d ɛ s p ɛ r 'ɑː t
despot	d ɛ s p 'oː t
dess	d ɛ s
dessa	²d 'ɛ s a
dessbättre	d ɛ s b 'ɛ t r ɛ
dessert	d ɛ s 'ɛː r
dessförinnan	²d ɛ s f œ r 'ɪ n a n
dessutom	²d ɛ s 'ʉː t ɔ m
dessvärre	d ɛ s v 'ɛ r ɛ
destillation	d ɛ s t ɪ l a ɧ 'uː n
destillera	d ɛ s t ɪ l 'eː r a
destillerar	d ɛ s t ɪ l 'eː r a r
destination	d ɛ s t ɪ n a ɧ 'uː n
desto	d 'ɛ s t ʊ
destruktiv	d ɛ s t r ɵ k t 'iː v
det	d eː t
detachement	d ɛ t a ɕ ɛ m a ŋ
detalj	d ɛ t 'a l j
detaljerad	d ɛ t a l j 'eː r a d
detaljhandel	²d ɛ t 'a l j h a n d ɛ l
detektiv	d ɛ t ɛ k t 'iː v
detonera	d ɛ t ʊ n 'eː r a
detonerar	d ɛ t ʊ n 'eː r a r
detsamma	d eː t s 'a m a
detta	²d 'ɛ t a
devalvera	d ɛ v a l v 'eː r a
devalverar	d ɛ v a l v 'eː r a r
devis	d ɛ v 'iː s
dia	²d 'iː a
diabetes	d ɪ a b 'eː t ɛ s
diabetiker	d ɪ a b 'eː t ɪ k ɛ r
diadem	d ɪ a d 'eː m
diafragma	²d ɪ a f r 'a ɡ m a
diagnos	d ɪ a ɡ n 'oː s
diagnostisera	d ɪ a ɡ n ɔ s t ɪ s 'eː r a
diagnostiserar	d ɪ a ɡ n ɔ s t ɪ s 'eː r a r
diagnostisk	d ɪ a ɡ n 'ɔ s t ɪ s k
diagonal	d ɪ a ɡ ʊ n 'ɑː l
diagram	d ɪ a ɡ r 'a m
dialekt	d ɪ a l 'ɛ k t
dialog	d ɪ a l 'oː ɡ
diamant	d ɪ a m 'a n t
diameter	d ɪ a m 'eː t ɛ r
diapositiv	d ɪ a p ʊ s ɪ t 'iː v
diar	²d 'iː a r
diarium	d ɪ 'ɑː r ɪ ɵ m
diarré	d ɪ a r 'eː
diesel	d 'iː s ɛ l
dieselmotor	²d 'iː s ɛ l m uː t ʊ r
dieselolja	²d 'iː s ɛ l ɔ l j a
diet	d ɪ 'eː t
differens	d ɪ f ɛ r 'ɛ n s
differentiera	d ɪ f ɛ r ɛ n s ɪ 'eː r a
differentierar	d ɪ f ɛ r ɛ n s ɪ 'eː r a r
diffus	d ɪ f 'ʉː s
difteri	d ɪ f t ɛ r 'iː
dig	d ɛ j
diger	d 'iː ɡ ɛ r
digerdöden	²d 'iː ɡ ɛ d øː d ɛ n
digestive	d ɪ ɡ ɛ s t 'iː v ɛ
digga	²d 'ɪ ɡ a
diggar	²d 'ɪ ɡ a r
digital-	²d ɪ ɡ ɪ t 'ɑː l
digitalis	²d ɪ ɡ ɪ t 'ɑː l ɪ s
digitaliseringsminister	d ɪ ɡ ɪ t a l ɪ s 'eː r ɪ ŋ s m ɪ n ɪ s t ɛ r
digitalpengar	²d ɪ ɡ ɪ t 'ɑː l p ɛ ŋ a r
digna	²d 'ɪ ŋ n a
dignar	²d 'ɪ ŋ n a r
dignitet	d ɪ ŋ n ɪ t 'eː t
dike	²d 'iː k ɛ
dikt	d ɪ k t
dikta	²d 'ɪ k t a
diktamen	d ɪ k t 'ɑː m ɛ n
diktar	²d 'ɪ k t a r
diktare	²d 'ɪ k t a r ɛ
diktat	d ɪ k t 'ɑː t
diktator	²d ɪ k t 'ɑː t ʊ r
diktatur	d ɪ k t a t 'ʉː r
diktera	d ɪ k t 'eː r a
dikterar	d ɪ k t 'eː r a r
dilemma	²d ɪ l 'ɛ m a
dill	d ɪ l
dilla	²d 'ɪ l a
dillar	²d 'ɪ l a r
dille	²d 'ɪ l ɛ
dimension	d ɪ m ɛ n ɧ 'uː n
dimljus	²d 'ɪ m j ʉː s
dimma	²d 'ɪ m a
dimmig	²d 'ɪ m ɪ ɡ
dimpa	d 'ɪ m p ɛ r
din	d ɪ n
dina	²s d 'iː n a
ding	d ɪ ŋ
dingla	²d 'ɪ ŋ l a
dinglar	²d 'ɪ ŋ l a r
diplom	d ɪ p l 'oː m
diplomat	d ɪ p l ʊ m 'ɑː t
diplomatisk	d ɪ p l ʊ m 'ɑː t ɪ s k
dipp	d ɪ p
dippa	²d 'ɪ p a
dippar	²d 'ɪ p a r
direkt	d ɪ r 'ɛ k t
direktavkastning	d ɪ r ɛ k t a v k a s t n ɪ ŋ
direkthjälp	²d ɪ r 'ɛ k t j ɛ l p
direktion	d ɪ r ɛ k ɧ 'uː n
direktiv	d ɪ r ɛ k t 'iː v
direktör	d ɪ r ɛ k t 'øː r
dirigent	d ɪ r ɪ ɧ 'ɛ n t
dirigera	d ɪ r ɪ ɧ 'eː r a
dirigerar	d ɪ r ɪ ɧ 'eː r a r
dirr	d ɪ r
dis	d iː s
disciplin	d ɪ s ɪ p l 'iː n
disharmoni	d ɪ s h a r m ʊ n 'iː
disig	²d 'iː s ɪ ɡ
disk	d ɪ s k
diska	²d 'ɪ s k a
diskar	²d 'ɪ s k a r
diskare	²d 'ɪ s k a r ɛ
diskbråck	²d 'ɪ s k b r ɔ k
diskbänk	²d 'ɪ s k b ɛ ŋ k
diskett	d ɪ s k 'ɛ t
diskho	²d 'ɪ s k h uː
diskjockey	²d 'ɪ s k j ɔ k ɪ
diskmaskin	²d 'ɪ s k m a ɧ iː n
disko	d 'ɪ s k ʊ
diskomusik	²d ɪ s k ʊ m ɵ s iː k
diskotek	d ɪ s k ʊ t 'eː k
diskplockare	²d 'ɪ s k p l ɔ k a r ɛ
diskrepans	d ɪ s k r ɛ p a n s
diskret	d ɪ s k r 'eː t
diskretion	d ɪ s k r ɛ ɧ 'uː n
diskriminera	d ɪ s k r ɪ m ɪ n 'eː r a
diskriminerar	d ɪ s k r ɪ m ɪ n 'eː r a r
diskriminering	d ɪ s k r ɪ m ɪ n 'eː r ɪ ŋ
diskställ	²d 'ɪ s k s t ɛ l
diskus	d 'ɪ s k ɵ s
diskussion	d ɪ s k ɵ ɧ 'uː n
diskussionsgrupp	²d ɪ s k ɵ ɧ 'uː n s ɡ r ɵ p
diskutabel	d ɪ s k ɵ t 'ɑː b ɛ l
diskutera	d ɪ s k ɵ t 'eː r a
diskuterar	d ɪ s k ɵ t 'eː r a r
diskvalificera	d ɪ s k v a l ɪ f ɪ s 'eː r a
diskvalificerar	d ɪ s k v a l ɪ f ɪ s 'eː r a r
dispens	d ɪ s p 'a n s
dispensär	d ɪ s p ɛ n s 'ɛː r
disponent	d ɪ s p ʊ n 'ɛ n t
disponera	d ɪ s p ʊ n 'eː r a
disponerad	d ɪ s p ʊ n 'eː r a d
disponerar	d ɪ s p ʊ n 'eː r a r
disponibel	d ɪ s p ʊ n 'iː b ɛ l
disposition	d ɪ s p ʊ s ɪ ɧ 'uː n
disputation	d ɪ s p ɵ t a ɧ 'uː n
dispyt	d ɪ s p 'yː t
diss	d ɪ s
distans	d ɪ s t 'a n s
distansminut	²d ɪ s t 'a n s m ɪ n ʉː t
distingerad	d ɪ s t ɪ ŋ ɡ 'eː r a d
distinkt	d ɪ s t 'ɪ ŋ k t
distinktion	d ɪ s t ɪ ŋ k ɧ 'uː n
distrahera	d ɪ s t r a h 'eː r a
distraherar	d ɪ s t r a h 'eː r a r
distribuera	d ɪ s t r ɪ b ɵ 'eː r a
distribuerar	d ɪ s t r ɪ b ɵ 'eː r a r
distribution	d ɪ s t r ɪ b ɵ ɧ 'uː n
distributör	d ɪ s t r ɪ b ɵ t 'øː r
distrikt	d ɪ s t r 'ɪ k t
distriktsläkare	²d ɪ s t r 'ɪ k t s l ɛː k a r ɛ
distriktssköterska	²d ɪ s t r 'ɪ k t s ɧ øː t ɛ ɕ k a
disträ	d ɪ s t r 'ɛː
dit	d iː t
dito	d 'iː t ʊ
ditt	d ɪ t
dittills	d 'iː t ɪ l s
ditåt	d 'iː t ɔ t
diva	²d 'iː v a
diverse	²d ɪ v 'ɛ ɕ ɛ
dividera	d ɪ v ɪ d 'eː r a
dividerar	d ɪ v ɪ d 'eː r a r
division	d ɪ v ɪ ɧ 'uː n
djibouti	d j ɪ b 'uː t ɪ
djungel	j 'ɵ ŋ ɛ l
djup	j ʉː p
djupfrysa	²j 'ʉː p f r yː s ɛ r
djuphav	j ʉː p h 'ɑː v
djupsinnig	²j 'ʉː p s ɪ n ɪ ɡ
djupt	j ʉː p t
djur	j ʉː r
djurriket	²j 'ʉː r iː k ɛ t
djäkel	²j 'ɛː k ɛ l
djäkla	²j 'ɛː k l a
djäklar	²j 'ɛː k l a r
djärv	j a r v
djävel	²j 'ɛː v ɛ l
djävla	²j 'ɛː v l a
djävlar	²j 'ɛː v l a r
djävlig	²j 'ɛː v l ɪ ɡ
djävligt	²j 'ɛː v l ɪ k t
djävul	²j 'ɛː v ɵ l
djävulsk	²s j ɛː v ɵ l s k
doa	²d 'uː a
doar	²d 'uː a r
dobbel	d 'ɔ b ɛ l
dobbleri	d ɔ b l ɛ r 'iː
docent	d ʊ s 'ɛ n t
dock	d ɔ k
docka	²d 'ɔ k a
dockar	²d 'ɔ k a r
doft	d ɔ f t
dofta	²d 'ɔ f t a
doftar	²d 'ɔ f t a r
dog	d uː ɡ
dogg	d ɔ ɡ
dogm	d ɔ ɡ m
dogmatisk	d ɔ ɡ m 'ɑː t ɪ s k
doja	²d 'ɔ j a
doktor	d 'ɔ k t ʊ r
doktorera	d ɔ k t ʊ r 'eː r a
doktorerar	d ɔ k t ʊ r 'eː r a r
doktrin	d ɔ k t r 'iː n
dokument	d ʊ k ɵ m 'ɛ n t
dokumentation	d ʊ k ɵ m ɛ n t a ɧ 'uː n
dokumentera	d ʊ k ɵ m ɛ n t 'eː r a
dokumenterar	d ʊ k ɵ m ɛ n t 'eː r a r
dokumentär	d ʊ k ɵ m ɛ n t 'ɛː r
dold	d oː l d
dolde	²d 'oː l d ɛ
doldis	d 'oː l d ɪ s
dolk	d ɔ l k
dollar	d 'ɔ l a r
dolt	d oː l t
dom	d oː m
domare	²d 'ʊ m a r ɛ
domarring	²d 'ʊ m a r ɪ ŋ
domdera	d ɔ m d 'eː r a
domderar	d ɔ m d 'eː r a r
domedag	²d 'ʊ m ɛ d ɑː ɡ
domherre	²d 'ʊ m h a r ɛ
dominera	d ʊ m ɪ n 'eː r a
dominerar	d ʊ m ɪ n 'eː r a r
domino	d 'ɔ m ɪ n ʊ
domkapitel	²d 'ʊ m k a p ɪ t ɛ l
domkraft	²d 'ʊ m k r a f t
domkyrka	²d 'ʊ m ɕ ʏ r k a
domna	²d 'ɔ m n a
domnar	²d 'ɔ m n a r
domprost	²d 'ʊ m p r ʊ s t
domsaga	²d 'ʊ m s ɑː ɡ a
domslut	²d 'ʊ m s l ʉː t
domstol	²d 'ʊ m s t uː l
domän	d ʊ m 'ɛː n
domänadress	²d ʊ m 'ɛː n a d r ɛ s
don	d uː n
donation	d ʊ n a ɧ 'uː n
donera	d ʊ n 'eː r a
donerar	d ʊ n 'eː r a r
dop	d uː p
dopa	²d 'uː p a
dopar	²d 'uː p a r
dopfunt	²d 'uː p f ɵ n t
dopp	d ɔ p
doppa	²d 'ɔ p a
doppar	²d 'ɔ p a r
dopparedagen	²d 'ɔ p a r ɛ d ɑː ɡ ɛ n
dopping	²d 'ɔ p ɪ ŋ
dos	d uː s
dosa	²d 'uː s a
doseringsanvisning	²d ʊ s 'eː r ɪ ŋ s a n v iː s n ɪ ŋ
dossier	d ɔ s ɪ 'eː
dotter	²d 'ɔ t ɛ r
dotterbolag	²d 'ɔ t ɛ r b uː l ɑː ɡ
dov	d oː v
dovhjort	²d 'oː v j ʊ t
dra	d r ɑː r
drabba	²d r 'a b a
drabbar	²d r 'a b a r
drabbning	²d r 'a b n ɪ ŋ
drack	d r a k
drag	d r ɑː ɡ
dragen	²d r 'ɑː ɡ ɛ n
drager	d r 'ɑː ɡ ɛ r
dragg	d r a ɡ
dragga	²d r 'a ɡ a
draggar	²d r 'a ɡ a r
draghjälp	²d r 'ɑː ɡ j ɛ l p
dragig	²d r 'ɑː ɡ ɪ ɡ
dragit	²d r 'ɑː ɡ ɪ t
dragkamp	²d r 'ɑː ɡ k a m p
dragkedja	²d r 'ɑː ɡ ɕ eː d j a
dragning	²d r 'ɑː ɡ n ɪ ŋ
dragningskraft	²d r 'ɑː ɡ n ɪ ŋ s k r a f t
dragon	d r a ɡ 'uː n
dragplåster	²d r 'ɑː ɡ p l ɔ s t ɛ r
dragspel	²d r 'ɑː ɡ s p eː l
drake	²d r 'ɑː k ɛ
drama	²d r 'ɑː m a
dramatik	d r a m a t 'iː k
dramatisera	d r a m a t ɪ s 'eː r a
dramatiserar	d r a m a t ɪ s 'eː r a r
dramatisk	d r a m 'ɑː t ɪ s k
draperi	d r a p ɛ r 'iː
dras	d r a s
drastisk	d r 'a s t ɪ s k
drav	d r 'ɑː v
dregla	²d r 'ɛ ɡ l a r
dreglar	²d r 'ɛ ɡ l a r
dreja	²d r 'eː j a
drejar	²d r 'eː j a r
dress	d r ɛ s
dressera	d r ɛ s 'eː r a
dresserar	d r ɛ s 'eː r a r
dressing	d r 'ɛ s ɪ ŋ
drev	d r eː v
dribbla	²d r 'ɪ b l a
dribblar	²d r 'ɪ b l a r
dribbling	²d r 'ɪ b l ɪ ŋ
dricka	²d r 'ɪ k a
dricker	d r 'ɪ k ɛ r
dricks	d r ɪ k s
drickspeng	²d r 'ɪ k s p ɛ ŋ
dricksvatten	²d r 'ɪ k s v a t ɛ n
drift	d r ɪ f t
driftig	²d r 'ɪ f t ɪ ɡ
drill	d r ɪ l
drilla	²d r 'ɪ l a
drillar	²d r 'ɪ l a r
drillborr	²d r 'ɪ l b ɔ r
drillsnäppa	d r ɪ l s n ɛ p a
drink	d r ɪ ŋ k
driva	²d r 'iː v a
drivbänk	²d r 'iː v b ɛ ŋ k
drive	d r a j v
drive-in-	²d r a j v 'ɪ n
driven	²d r 'iː v ɛ n
driver	d r 'iː v ɛ r
drivhus	²d r 'iː v h ʉː s
drivit	²d r 'iː v ɪ t
drivkraft	²d r 'iː v k r a f t
drivmedel	²d r 'iː v m eː d ɛ l
drog	d r oː ɡ
drogpåverkad	²s d r 'oː ɡ p 'oː v 'eː r k a d
drogs	d r oː ɡ s
dromedar	d r ʊ m ɛ d 'ɑː r
dropp	d r ɔ p
droppa	²d r 'ɔ p a
droppar	²d r 'ɔ p a r
droppe	²d r 'ɔ p ɛ
droppen	d r ɔ p ɛ n
droska	²d r 'ɔ s k a
drottning	²d r 'ɔ t n ɪ ŋ
drottningsylt	²d r 'ɔ t n ɪ ŋ s ʏ l t
drucken	²d r 'ɵ k ɛ n
druckit	²d r 'ɵ k ɪ t
drul	d r ʉː l
drulle	²d r 'ɵ l ɛ
drummel	d r 'ɵ m ɛ l
drunkna	²d r 'ɵ ŋ k n a
drunknar	²d r 'ɵ ŋ k n a r
drunkning	²d r 'ɵ ŋ k n ɪ ŋ
drupit	²d r 'ʉː p ɪ t
druva	²d r 'ʉː v a
druvsocker	²d r 'ʉː v s ɔ k ɛ r
dryck	d r ʏ k
dryfta	²d r 'ʏ f t a
dryftar	²d r 'ʏ f t a r
dryg	d r yː ɡ
drygt	d r yː k t
drypa	d r 'yː p ɛ r
drypande	²d r 'yː p a n d ɛ
dräglig	²d r 'ɛː ɡ l ɪ ɡ
dräkt	d r ɛ k t
dräktig	d r 'ɛ k t ɪ ɡ
dräktighet	d r 'ɛ k t ɪ ɡ h eː t
drälla	d r 'ɛ l ɛ r
dränera	d r ɛ ²s n 'eː r a
dräng	d r ɛ ŋ
dränka	d r 'ɛ ŋ k ɛ r
dräpa	d r 'ɛː p ɛ r
dräpande	²d r 'ɛː p a n d ɛ
dråp	d r oː p
dråplig	²d r 'oː p l ɪ ɡ
dråpslag	²d r 'oː p s l ɑː ɡ
dråsa	²d r 'oː s a
dråsar	²d r 'oː s a r
dröja	d r 'œ j ɛ r
dröjsmål	²d r 'œ j s m oː l
dröm	d r œ m
drömma	d r 'œ m ɛ r
drömmare	²d r 'œ m a r ɛ
drönare	²d r 'øː n a r ɛ
dröp	d r øː p
drös	d r øː s
du	d ʉː
dua	²d 'ʉː a
duar	²d 'ʉː a r
dubb	d ɵ b
dubba	²d 'ɵ b a
dubbar	²d 'ɵ b a r
dubbel	d 'ɵ b ɛ l
dubbelbeckasin	d ɵ b ɛ l b ɛ k a s 'iː n
dubbelbottnad	²d 'ɵ b ɛ l b ɔ t n a d
dubbelgångare	²d 'ɵ b ɛ l ɡ ɔ ŋ a r ɛ
dubbelmoral	²d 'ɵ b ɛ l m ʊ r ɑː l
dubbelt	d 'ɵ b ɛ l t
dubbla	²d 'ɵ b l a
dubblar	²d 'ɵ b l a r
dubblera	d ɵ b l 'eː r a
dubblerar	d ɵ b l 'eː r a r
dubblett	d ɵ b l 'ɛ t
dubiös	d ɵ b ɪ t øː s
ducka	²d 'ɵ k a
duckar	²d 'ɵ k a r
duell	d ɵ 'ɛ l
duett	d ɵ 'ɛ t
duffel	d 'ɵ f ɛ l
duga	d 'ʉː ɡ ɛ r
dugga	²d 'ɵ ɡ a
duggar	²d 'ɵ ɡ a r
duggregn	²d 'ɵ ɡ r ɛ ŋ n
duglig	²d 'ʉː ɡ l ɪ ɡ
dugt	d ʉː k t
duk	d ʉː k
duka	²d 'ʉː k a
dukar	²d 'ʉː k a r
duktig	²d 'ɵ k t ɪ ɡ
dum	d ɵ m
dumbom	²d 'ɵ m b ʊ m
dumburk	²d 'ɵ m b ɵ r k
dumdristig	²d 'ɵ m d r ɪ s t ɪ ɡ
dumhet	²d 'ɵ m h eː t
dumhuvud	d ɵ m h ɵ v ɵ d
dumpa	²d 'ɵ m p a
dumpar	²d 'ɵ m p a r
dun	d ʉː n
dunder	d 'ɵ n d ɛ r
dundra	²d 'ɵ n d r a
dundrar	²d 'ɵ n d r a r
dunge	²d 'ɵ ŋ ɛ
dunk	d ɵ ŋ k
dunka	²d 'ɵ ŋ k a
dunkar	²d 'ɵ ŋ k a r
dunkel	d 'ɵ ŋ k ɛ l
duns	d ɵ n s
dunsa	²d 'ɵ n s a
dunsar	²d 'ɵ n s a r
dunsta	²d 'ɵ n s t a
dunstar	²d 'ɵ n s t a r
duo	d 'ʉː ʊ
duodeciljon	d ɵ ʊ d ɛ s ɪ l j 'uː n
dupera	d ɵ p 'eː r a
duperar	d ɵ p 'eː r a r
duplicera	d ɵ p l ɪ s 'eː r a
duplicerar	d ɵ p l ɪ s 'eː r a r
dur	d ʉː r
durk	d ɵ r k
durkdriven	²d 'ɵ r k d r iː v ɛ n
durkslag	²d 'ɵ r k s l ɑː ɡ
dusch	d ɵ ɧ
duscha	²d 'ɵ ɧ a
duschar	²d 'ɵ ɧ a r
dussin	²d 'ɵ s ɪ n
dust	d ɵ s t
duva	²d 'ʉː v a
duvunge	²d 'ʉː v ɵ ŋ ɛ
dvala	²d v 'ɑː l a
dvs.	²d eː t v ɪ l s 'ɛ j a
dvärg	d v a r j
dvärgalåt	²s d v ɛ r j a l oː t
dvärgbeckasin	d v ɛ r j b ɛ k a s 'iː n
dvärgkanadagås	d v ɛ r j k a n a d a ɡ oː s
dvärgmus	d v ɛ r j m ʉː s
dvärgmås	d v ɛ r j m oː s
dvärgskarv	d v ɛ r j s k a r v
dvärgspov	d v ɛ r j s p 'uː v
dvärgsumphöna	d v ɛ r j s ɵ m p h øː n a
dvärgsångare	d v ɛ r j s ɔ ŋ a r ɛ
dy	d yː
dyblöt	²d 'yː b l øː t
dygd	d ʏ ɡ d
dygn	d ʏ ŋ n
dygna	d ʏ ŋ n a
dyka	d 'yː k ɛ r
dykare	²d 'yː k a r ɛ
dykt	d yː k t
dylik	²d 'yː l ɪ k
dyn	d yː n
dyna	²d 'yː n a
dynamisk	d ʏ n 'ɑː m ɪ s k
dynamit	d ʏ n a m 'iː t
dynamo	d 'yː n a m ʊ
dynasti	d ʏ n a s t 'iː
dynga	²d 'ʏ ŋ a
dyngsur	d ʏ ŋ s ʉː r
dyning	²d 'yː n ɪ ŋ
dyr	d yː r
dyrbar	²d 'yː r b ɑː r
dyrgrip	²d 'yː r ɡ r iː p
dyrk	d ʏ r k
dyrka	²d 'ʏ r k a
dyrkar	²d 'ʏ r k a r
dyrköpt	²d 'yː r ɕ œ p t
dysenteri	d ʏ s ɛ n t ɛ r 'iː
dysfori	d t s f ʊ r 'iː
dyster	d 'ʏ s t ɛ r
dysterkvist	d ʏ s t ɛ r k v ɪ s t
dä	d 'ɛː
däck	²d ɛ k
däggdjur	²d 'ɛ ɡ j ʉː r
däka	²s d ɛː k a
dämma	d 'ɛ m ɛ r
dämpa	²d 'ɛ m p a
dämpar	²d 'ɛ m p a r
däng	d ɛ ŋ
där	d ɛː r
därborta	²d a r b 'ɔ t a
därefter	d a r 'ɛ f t ɛ r
däremot	d 'ɛː r ɛ m uː t
därför	d 'ɛ r f øː r
därhän	d a r h 'ɛː n
däri	d ɛː r 'ɪ
därifrån	d 'ɛː r ɪ f r oː n
därigenom	d 'ɛː r ɪ j eː n ɔ m
därmed	d 'ɛː r m eː d
därom	d 'ɛː r ɔ m
därpå	d 'ɛː r p oː
därtill	d 'ɛː t ɪ l
därutöver	d 'ɛː r ʉː t øː v ɛ r
därvidlag	d 'ɛː r v ɪ d l ɑː ɡ
däst	d ɛː s t
däven	²d 'ɛː v ɛ n
då	d oː
dåd	d oː d
dålig	²d 'oː l ɪ ɡ
dålighet	d 'oː l ɪ ɡ h eː t
dåligt	²d 'oː l ɪ k t
dån	d oː n
dåna	²d 'oː n a
dånar	²d 'oː n a r
dåre	²d 'oː r ɛ
dårå	t d oː r ɔ
dåsa	²d 'oː s a
dåsar	²d 'oː s a r
dåsig	²d 'oː s ɪ ɡ
dåvarande	²d 'oː v ɑː r a n d ɛ
dö	d øː r
död	d øː d
döda	²d 'øː d a
dödar	²d 'øː d a r
dödförklara	²d 'øː d f œ r k l ɑː r a
dödförklarar	²d 'øː d f œ r k l ɑː r a r
dödlig	²d 'øː d l ɪ ɡ
dödlighet	²d 'øː d l ɪ ɡ h eː t
dödläge	²d 'øː d l ɛː ɡ ɛ
dödprat	²s d øː d p r 'ɑː t
döds-	²d 'øː
dödsattest	²d 'œ t s a t ɛ s t
dödsbevis	²d 'œ t s b ɛ v iː s
dödsbo	²d 'œ t s b uː
dödsboanmälan	²d 'œ t s b uː a n m ɛː l a n
dödsfall	²d 'œ t s f a l
dödshjälp	²d 'œ t s j ɛ l p
dödshot	²s d œ t s h 'uː t
dödskalle	²d 'øː d s k a l ɛ
dödsruna	²d 'œ t s r ʉː n a
dödsstraff	²d 'œ t s t r a f
dödstrött	²d 'œ t s t r œ t
dög	d øː ɡ
dök	d øː k
dölja	d 'œ l j ɛ r
döma	d 'œ m ɛ r
döpa	d 'øː p ɛ r
dörarp	d r r a r p
dörr	d œ r
dörrknackning	²d 'œ r k n a k n ɪ ŋ
dött	d œ t
döttrar	²d 'œ t r a r
döv	d øː v
dövstum	²d 'øː v s t ɵ m
e	eː
e-post	²'eː p ɔ s t
e-postadress	²'eː p ɔ s t a d r ɛ s
ebb	ɛ b
ed	eː d
edda	²'ɛ d a
eder	'eː d ɛ r
edvin	'eː d v ɪ n
eeg	eː eː ɡ 'eː
effekt	ɛ f 'ɛ k t
effektiv	ɛ f ɛ k t 'iː v
effektivisera	ɛ f ɛ k t ɪ v ɪ s 'eː r a
effektiviserar	ɛ f ɛ k t ɪ v ɪ s 'eː r a r
effektivitet	ɛ f ɛ k t ɪ v ɪ t 'eː t
efor	ɛ f oː r
efter	²'ɛ f t ɛ r
efterapa	²'ɛ f t ɛ r ɑː p a
efterapar	²'ɛ f t ɛ r ɑː p a r
efterbliven	²'ɛ f t ɛ r b l iː v ɛ n
efterdyning	²'ɛ f t ɛ d yː n ɪ ŋ
efterforskning	²'ɛ f t ɛ r f ɔ ɕ k n ɪ ŋ
efterfråga	²'ɛ f t ɛ r f r oː ɡ a
efterfrågan	²'ɛ f t ɛ r f r oː ɡ a n
efterfrågar	²'ɛ f t ɛ r f r oː ɡ a r
efterföljande	²'ɛ f t ɛ r f œ l j a n d ɛ
efterföljd	²'ɛ f t ɛ r f œ l j d
eftergift	²'ɛ f t ɛ r j ɪ f t
eftergiven	²'ɛ f t ɛ r j iː v ɛ n
efterhand	ɛ f t ɛ r h 'a n d
efterhängsen	²'ɛ f t ɛ r h ɛ ŋ s ɛ n
efterhärmning	²'ɛ f t ɛ r h a r m n ɪ ŋ
efterkrigstid	²'ɛ f t ɛ r k r ɪ k s t iː d
efterkälken	²'ɛ f t ɛ r ɕ ɛ l k ɛ n
efterlevande	²'ɛ f t ɛ l eː v a n d ɛ
efterlevnad	²'ɛ f t ɛ l eː v n a d
efterlysa	²'ɛ f t ɛ l yː s ɛ r
efterlämna	²'ɛ f t ɛ l ɛ m n a
efterlämnar	²'ɛ f t ɛ l ɛ m n a r
efterlängtad	²'ɛ f t ɛ l ɛ ŋ t a d
eftermiddag	²'ɛ f t ɛ r m ɪ d ɑː ɡ
efternamn	²'ɛ f t ɛ n a m n
efterräkning	²'ɛ f t ɛ r ɛː k n ɪ ŋ
efterrätt	²'ɛ f t ɛ r ɛ t
eftersatt	²'ɛ f t ɛ ɕ a t
efterskott	²'ɛ f t ɛ ɕ k ɔ t
efterskänka	²'ɛ f t ɛ r ɧ ɛ ŋ k ɛ r
eftersläng	²'ɛ f t ɛ ɕ l ɛ ŋ
eftersläntrare	²'ɛ f t ɛ ɕ l ɛ n t r a r ɛ
eftersläpning	²'ɛ f t ɛ ɕ l ɛː p n ɪ ŋ
eftersmak	²'ɛ f t ɛ ɕ m ɑː k
eftersnack	²'ɛ f t ɛ ɕ n a k
eftersom	'ɛ f t ɛ ɕ ɔ m
efterspana	²'ɛ f t ɛ ɕ p ɑː n a
efterspanar	²'ɛ f t ɛ ɕ p ɑː n a r
efterspel	²'ɛ f t ɛ ɕ p eː l
eftersträva	²'ɛ f t ɛ ɕ t r ɛː v a
eftersträvar	²'ɛ f t ɛ ɕ t r ɛː v a r
eftersända	²'ɛ f t ɛ ɕ ɛ n d ɛ r
eftersökt	²'ɛ f t ɛ ɕ øː k t
eftertanke	²'ɛ f t ɛ t a ŋ k ɛ
eftertrakta	²'ɛ f t ɛ t r a k t a
eftertraktar	²'ɛ f t ɛ t r a k t a r
eftertryck	²'ɛ f t ɛ t r ʏ k
eftertrycklig	²'ɛ f t ɛ t r ʏ k l ɪ ɡ
efterträda	²'ɛ f t ɛ t r ɛː d ɛ r
efterträdare	²'ɛ f t ɛ t r ɛː d a r ɛ
eftertänksam	²'ɛ f t ɛ t ɛ ŋ k s a m
eftervärld	²'ɛ f t ɛ r v ɛː d
eftervård	²'ɛ f t ɛ r v oː d
efteråt	²'ɛ f t ɛ r oː t
eftr	²'ɛ f t ɛ t r ɛː d a r ɛ
egen	²'eː ɡ ɛ n
egenart	²'eː ɡ ɛ n ɑː t
egenavgift	²'eː ɡ ɛ n ɑː v j ɪ f t
egendom	²'eː ɡ ɛ n d ʊ m
egendomlig	²'eː ɡ ɛ n d ʊ m l ɪ ɡ
egenhet	²'eː ɡ ɛ n h eː t
egenhändig	²'eː ɡ ɛ n h ɛ n d ɪ ɡ
egenmäktig	²'eː ɡ ɛ n m ɛ k t ɪ ɡ
egennamn	²'eː ɡ ɛ n a m n
egennytta	²'eː ɡ ɛ n ʏ t a
egensinnig	²'eː ɡ ɛ n s ɪ n ɪ ɡ
egenskap	²'eː ɡ ɛ n s k ɑː p
egentlig	ɛ j 'ɛ n t l ɪ ɡ
egentligen	ɛ j 'ɛ n t l ɪ ɡ ɛ n
egg	ɛ ɡ
egga	²'ɛ ɡ a
eggar	²'ɛ ɡ a r
egnahem	eː ɡ n a h 'ɛ m
ego	'eː ɡ ʊ
egocentrisk	ɛ ɡ ʊ s 'ɛ n t r ɪ s k
egoism	ɛ ɡ ʊ 'ɪ s m
egoist	ɛ ɡ ʊ 'ɪ s t
egotripp	²'eː ɡ ʊ t r ɪ p
egypten	ɛ t j ʏ p t ɛ n
egyptier	ɛ j 'ʏ p t s ɪ ɛ r
einsteinium	a j n s t a j n ɪ ɵ m
eiss	ɛ ɪ s
ej	ɛ j
ejder	'ɛ j d ɛ r
ek	eː k
eka	²'eː k a
ekar	²'eː k a r
eker	'eː k ɛ r
ekerö	'eː k ɛ r øː
ekg	eː k oː ɡ 'eː
ekipage	ɛ k ɪ p 'ɑː ɧ
ekipering	ɛ k ɪ p 'eː r ɪ ŋ
ekivok	ɛ k ɪ v oː k
ekmes	'eː k m 'eː s
eko	'eː k ʊ
eko-	²'eː k ʊ
ekollon	²s 'eː k ɔ l ɔ n
ekologi	ɛ k ʊ l ʊ ɡ 'iː
ekonom	ɛ k ʊ n 'oː m
ekonomi	ɛ k ʊ n ʊ m 'iː
ekonomibiträde	²ɛ k ʊ n ʊ m 'iː b iː t r ɛː d ɛ
ekonomiklass	²ɛ k ʊ n ɔ m 'iː k l a s
ekonomisk	ɛ k ʊ n 'oː m ɪ s k
ekorre	²'ɛ k ɔ r ɛ
ekorrhjul	²'ɛ k ɔ r j ʉː l
eksem	ɛ k s 'eː m
eksångare	'eː k s ɔ ŋ a r ɛ
ekumenisk	ɛ k ɵ m 'eː n ɪ s k
ekvation	ɛ k v a ɧ 'uː n
ekvator	²ɛ k v 'ɑː t ʊ r
ekvatorialguinea	ɛ k v a t ʊ r ɪ 'ɑː l ɡ ɵ ɪ n 'eː a
el	eː l
elak	²'eː l a k
elakartad	²'eː l a k ɑː t a d
elakhet	²'eː l a k h eː t
elaking	'eː l a k ɪ ŋ
elastisk	ɛ l 'a s t ɪ s k
elbehov	'eː l b ɛ h 'uː v
elbil	'eː l b 'iː l
elcykel	'eː l s ʏ k ɛ l
eld	ɛ l d
elda	²'ɛ l d a
eldar	²'ɛ l d a r
eldbegängelsebyrå	²'ɛ l d b ɛ j ɛ ŋ ɛ l s ɛ b yː r ɔ
elddop	²'ɛ l d uː p
eldfarlig	²'ɛ l d f ɑː l ɪ ɡ
eldfast	²'ɛ l d f a s t
eldfängd	²'ɛ l d f ɛ ŋ d
eldgivning	²'ɛ l d j iː v n ɪ ŋ
eldhav	²'ɛ l d h ɑː v
eldning	²'ɛ l d n ɪ ŋ
eldorado	ɛ l d ʊ r 'ɑː d ʊ
eldprov	²'ɛ l d p r uː v
eldsjäl	²'ɛ l d ɧ ɛː l
eldslandet	ɛ l d s l a n d ɛ t
eldstad	²'ɛ l d s t ɑː d
eldsvåda	²'ɛ l d s v oː d a
elefant	ɛ l ɛ f 'a n t
elefanta	ɛ l ɛ f a n t a
elegans	ɛ l ɛ ɡ 'a n s
elegant	ɛ l ɛ ɡ 'a n t
elektricitet	ɛ l ɛ k t r ɪ s ɪ t 'eː t
elektriker	ɛ l 'ɛ k t r ɪ k ɛ r
elektrisk	ɛ l 'ɛ k t r ɪ s k
elektron	ɛ l ɛ k t r 'oː n
elektronik	ɛ l ɛ k t r ʊ n 'iː k
elektronisk	ɛ l ɛ k t r 'oː n ɪ s k
element	ɛ l ɛ m 'ɛ n t
elementär	ɛ l ɛ m ɛ n t 'ɛː r
eleonorafalk	ɛ l ɛ ɔ n oː r a f a l k
elev	ɛ l 'eː v
elevråd	²ɛ l 'eː v r oː d
elfenben	²'ɛ l f ɛ n b eː n
elfenbenskusten	ɛ l f ɛ n b 'eː n s k ɵ s t ɛ n
elfte	²'ɛ l f t ɛ
eliminera	ɛ l ɪ m ɪ n 'eː r a
eliminerar	ɛ l ɪ m ɪ n 'eː r a r
elit	ɛ l 'iː t
eljest	'ɛ l j ɛ s t
eller	'ɛ l ɛ r
ellips	ɛ l 'ɪ p s
elljus	²'eː l j ʉː s
elmätare	²'eː l m ɛː t a r ɛ
eloge	ɛ l 'oː ɧ
elsits	²'eː l s ɪ t s
elva	²'eː l v a
elverk	²'eː l v a r k
elände	²'eː l ɛ n d ɛ
eländig	²'eː l ɛ n d ɪ ɡ
em	²'eː ɛ m
emalj	ɛ m 'a l j
emancipation	ɛ m a n s ɪ p a ɧ 'uː n
emballage	ɛ m b a l 'ɑː ɧ
embargo	ɛ m b 'a r ɡ ʊ
embryo	'ɛ m b r ʏ ʊ
emedan	²ɛ m 'eː d a n
emellan	²ɛ m 'ɛ l a n
emellanåt	²ɛ m 'ɛ l a n oː t
emellertid	ɛ m 'ɛ l ɛ t iː d
emigrant	ɛ m ɪ ɡ r 'a n t
emigration	ɛ m ɪ ɡ r a ɧ 'uː n
emigrera	ɛ m ɪ ɡ r 'eː r a
emigrerar	ɛ m ɪ ɡ r 'eː r a r
emil	'eː m ɪ l
eminent	ɛ m ɪ n 'ɛ n t
emission	ɛ m ɪ ɧ 'uː n
emot	ɛ m 'uː t
emotionell	ɛ m ʊ t ɧ ʊ n 'ɛ l
emotse	²'eː m uː t s eː r
empirisk	ɛ m p 'iː r ɪ s k
emulera	ɛ m ɵ l 'eː r a
en	eː n
ena	²'eː n a
enahanda	²'eː n a h a n d a
enaktare	²'eː n a k t a r ɛ
enar	²'eː n a r
enarmad	²'eː n a r m a d
enastående	²'eː n a s t oː ɛ n d ɛ
enbart	²'eː n b ɑː t
enbent	²'eː n b eː n t
encyklopedi	ɛ n s ʏ k l ʊ p ɛ d 'iː
enda	²'ɛ n d a
endast	²'ɛ n d a s t
endera	'ɛ n d ɛ r a
endräkt	²'eː n d r ɛ k t
energi	ɛ n a r ɧ 'iː
energiknippe	²ɛ n a r ɧ 'iː k n ɪ p ɛ
energisk	ɛ n 'ɛ r ɡ ɪ s k
enfaldig	²'eː n f a l d ɪ ɡ
enformig	²'eː n f ɔ r m ɪ ɡ
enfärgad	²'eː n f a r j a d
engagemang	a ŋ ɡ a ɧ ɛ m 'a ŋ
engagera	a ŋ ɡ a ɧ 'eː r a
engagerar	a ŋ ɡ a ɧ 'eː r a r
engberg	ɛ ŋ b r r j
engelsk	'ɛ ŋ ɛ l s k
engelska	'ɛ ŋ ɛ l s k a
engelsman	²'ɛ ŋ ɛ l s m a n
engelsmän	ɛ ŋ ɛ l s m ɛ n
england	ɛ ŋ l a n d
engångs-	²'eː n ɡ ɔ ŋ s
enhet	²'eː n h eː t
enhetlig	²'eː n h eː t l ɪ ɡ
enhällig	²'eː n h ɛ l ɪ ɡ
enig	²'eː n ɪ ɡ
enighet	²'eː n ɪ ɡ h eː t
enkel	'ɛ ŋ k ɛ l
enkelbeckasin	ɛ n k ɛ l b ɛ k a s 'iː n
enkelhet	²'ɛ ŋ k ɛ l h eː t
enkelriktad	²'ɛ ŋ k ɛ l r ɪ k t a d
enkelspårig	²'ɛ ŋ k ɛ l s p oː r ɪ ɡ
enklav	ɛ ŋ k l 'ɑː v
enkom	²s 'eː n k ʊ m
enkrona	²'eː n k r uː n a
enkät	a ŋ k 'ɛː t
enl.	²'eː n l ɪ k t
enlighet	²'eː n l ɪ ɡ h ɛ t
enligt	²'eː n l ɪ ɡ t
enmans-	²'eː n m a n s
enorm	ɛ n 'ɔ r m
enrum	²'eː n r ɵ m
ens	ɛ n s
ensak	²'eː n s ɑː k
ensam	²'ɛ n s a m
ensamhet	²'ɛ n s a m h eː t
ensamstående	²'ɛ n s a m s t oː ɛ n d ɛ
ense	²'ɛ n s ɛ
ensemble	a ŋ s 'a m b ɛ l
ensidig	²'eː n s iː d ɪ ɡ
enskild	²'eː n ɧ ɪ l d
enslig	²'eː n s l ɪ ɡ
ensling	'ɛ n s l ɪ ŋ
enstaka	²'eː n s t ɑː k a
enstämmig	²'eː n s t ɛ m ɪ ɡ
enstöring	²'eː n s t øː r ɪ ŋ
entlediga	ɛ n t l 'eː d ɪ ɡ a
entledigar	ɛ n t l 'eː d ɪ ɡ a r
entrecôte	a n t r ɛ k oː
entreprenad	a ŋ t r ɛ p r ɛ n 'ɑː d
entreprenör	a ŋ t r ɛ p r ɛ n 'øː r
enträgen	²'eː n t r ɛː ɡ ɛ n
entré	a ŋ t r 'eː
entusiasm	a ŋ t ɵ s ɪ 'a s m
entusiastisk	a ŋ t ɵ s ɪ 'a s t ɪ s k
entydig	²'eː n t yː d ɪ ɡ
envar	ɛ n v 'ɑː r
enveten	²'eː n v eː t ɛ n
environg	a ŋ v ɪ r 'ɔ ŋ
envis	²'eː n v iː s
envisas	²'eː n v iː s a s
envishet	²'eː n v iː s h eː t
envälde	²'eː n v ɛ l d ɛ
enväldig	²'eː n v ɛ l d ɪ ɡ
envåldshärskare	²'eː n v ɔ l d s h a ɕ k a r ɛ
enzym	ɛ n t s 'yː m
epidemi	ɛ p ɪ d ɛ m 'iː
epiker	'eː p ɪ k ɛ r
epilepsi	ɛ p ɪ l ɛ p s 'iː
epileptiker	ɛ p ɪ l 'ɛ p t ɪ k ɛ r
epileptisk	ɛ p ɪ l 'ɛ p t ɪ s k
episk	'eː p ɪ s k
episod	ɛ p ɪ s 'uː d
epistel	ɛ p 'ɪ s t ɛ l
epok	ɛ p 'oː k
er	eː r
era	²'eː r a
erbarmlig	a r b a r m l ɪ ɡ
erbium	ɛ r b ɪ ɵ m
erbjuda	²'eː r b j ʉː d ɛ r
erbjudande	²'eː r b j ʉː d a n d ɛ
erektion	ɛ r ɛ k ɧ 'uː n
erfara	²'eː r f ɑː r
erfaren	²'eː r f ɑː r ɛ n
erfarenhet	²'eː r f ɑː r ɛ n h eː t
erforderlig	²'eː r f uː d ɛ l ɪ ɡ
erfordra	²'eː r f uː d r a
erfordrar	²'eː r f uː d r a r
ergonomi	a r ɡ ʊ n ɔ m 'iː
erhålla	²'eː r h ɔ l ɛ r
eriksgata	²'eː r ɪ k s ɡ ɑː t a
erinra	²'eː r ɪ n r a
erinran	²'eː r ɪ n r a n
erinrar	²'eː r ɪ n r a r
eritrea	ɛ r ɪ t r 'eː a
erkänna	²'eː r ɕ ɛ n ɛ r
erkännande	²'eː r ɕ ɛ n a n d ɛ
erkänt	'eː r ɕ ɛ n t
erlägga	²'eː l ɛ ɡ ɛ r
erotik	ɛ r ʊ t 'iː k
errata	ɛ r 'ɑː t a
ersätta	²'eː ɕ ɛ t ɛ r
ersättare	²'eː ɕ ɛ t a r ɛ
ersättning	²'eː ɕ ɛ t n ɪ ŋ
ertappa	²'eː t a p a
ertappar	²'eː t a p a r
erövra	²'eː r øː v r a
erövrar	²'eː r øː v r a r
eskilstuna	ɛ̂ s k ɪ l s t ʉː n a
eskimå	ɛ s k ɪ m 'oː
eskort	ɛ s k 'ɔ t
esperanto	ɛ s p ɛ r a n t ɔ
espresso	ɛ s p r ɛ s ʊ
ess	ɛ s
esse	²'ɛ s ɛ
essens	ɛ s 'ɛ n s
essä	ɛ s 'ɛː
estetisk	ɛ s t 'eː t ɪ s k
estland	ɛ s t l a n d
estnisk	'ɛ s t n ɪ s k
estniska	ɛ s t n ɪ s k a
estrad	ɛ s t r 'ɑː d
etablera	ɛ t a b l 'eː r a
etablerad	ɛ t a b l 'eː r a d
etablerar	ɛ t a b l 'eː r a r
etablissemang	ɛ t a b l ɪ s ɛ m 'a ŋ
etagevåning	²ɛ t 'ɑː ɧ v oː n ɪ ŋ
etapp	ɛ t 'a p
etc	ɛ t s 'ɛ t ɛ r a
eter	'eː t ɛ r
etermedier	²'eː t ɛ r m eː d ɪ ɛ r
etik	ɛ t 'iː k
etikett	ɛ t ɪ k 'ɛ t
etiopien	ɛ t ɪ 'uː p ɪ ɛ n
etisk	'eː t ɪ s k
etnisk	'ɛ t n ɪ s k
etsa	²'ɛ t s a
etsar	²'ɛ t s a r
ett	ɛ t
etta	²'ɛ t a
ettrig	²'ɛ t r ɪ ɡ
ettårig	²'ɛ t oː r ɪ ɡ
etui	ɛ t ɵ 'iː
euro	t j 'uː r ʊ
europa	ɛ r 'uː p a
europaparlamentsvalsundersökning	œ r ɔ p 'ɑː p 'ɑː r l a m a n t s v 'ɑː l s ɵ n d ɛ ɐ̯ s øː k n ɪ ŋ
europeisk	ɛ ɵ r ʊ p 'eː ɪ s k
europium	ɛ r 'uː p ɪ ɵ m
europé	ɛ ɵ r ʊ p 'eː
ev	ɛ v ɛ n t ɵ 'ɛ l
eva	²s 'eː v a
evakuera	ɛ v a k ɵ 'eː r a
evakuerar	ɛ v a k ɵ 'eː r a r
evakuering	ɛ v a k ɵ 'eː r ɪ ŋ
evangelisk	ɛ v a n j 'eː l ɪ s k
evangelium	ɛ v a n j 'eː l ɪ ɵ m
evelina	ɛ v ɛ ²s l 'iː n a
evenemang	ɛ v ɛ n ɛ m 'a ŋ
event	ɛ v ɛ n t
eventualitet	ɛ v ɛ n t ɵ a l ɪ t 'eː t
eventuell	ɛ v ɛ n t ɵ 'ɛ l
evergreen	'ɛ v ɛ r ɡ r iː n
evig	²'eː v ɪ ɡ
evighet	²'eː v ɪ ɡ h eː t
evighetsmaskin	²s 'eː v ɪ h 'eː t s m a ɧ 'iː n
evinnerlig	ɛ v 'ɪ n ɛ l ɪ ɡ
evolution	ɛ v ʊ l ɵ ɧ 'uː n
ex	ɛ k s 'ɛ m p ɛ l
ex-	²'ɛ k s
exakt	ɛ k s 'a k t
exalterad	ɛ k s a l t 'eː r a d
examen	ɛ k s 'ɑː m ɛ n
excel	ɛ k s ɛ l
excellens	ɛ k s ɛ l 'ɛ n s
excentrisk	ɛ k s 'ɛ n t r ɪ s k
exceptionell	ɛ k s ɛ p ɧ ʊ n 'ɛ l
exekution	ɛ k s ɛ k ɵ ɧ 'uː n
exekutiv	ɛ k s ɛ k ɵ t 'iː v
exempel	ɛ k s 'ɛ m p ɛ l
exempellös	²ɛ k s 'ɛ m p ɛ l øː s
exempelvis	²ɛ k s 'ɛ m p ɛ l v iː s
exemplar	ɛ k s ɛ m p l 'ɑː r
exemplarisk	ɛ k s ɛ m p l 'ɑː r ɪ s k
exemplifiera	ɛ k s ɛ m p l ɪ f ɪ 'eː r a
exemplifierar	ɛ k s ɛ m p l ɪ f ɪ 'eː r a r
exercis	ɛ k s ɛ ɕ 'iː s
exil	ɛ k s 'iː l
existens	ɛ k s ɪ s t 'ɛ n s
existensberättigande	²ɛ k s ɪ s t 'ɛ n s b ɛ r ɛ t ɪ ɡ a n d ɛ
existensminimum	²ɛ k s ɪ s t 'ɛ n s m iː n ɪ m ɵ m
existera	ɛ k s ɪ s t 'eː r a
existerar	ɛ k s ɪ s t 'eː r a r
exkl	ɛ k s k l ɵ s 'iː v ɛ
exklusiv	ɛ k s k l ɵ s 'iː v
exklusive	ɛ k s k l ɵ s 'iː v ɛ
exlibris	ɛ k s l 'ɪ b r ɪ s
exotisk	ɛ k s 'oː t ɪ s k
exp	ɛ k s p ɛ d ɪ ɧ 'uː n
expandera	ɛ k s p a n d 'eː r a
expanderar	ɛ k s p a n d 'eː r a r
expansion	ɛ k s p a n ɧ 'uː n
expansiv	ɛ k s p a n s 'iː v
expediera	ɛ k s p ɛ d ɪ 'eː r a
expedierar	ɛ k s p ɛ d ɪ 'eː r a r
expedit	ɛ k s p ɛ d 'iː t
expedition	ɛ k s p ɛ d ɪ ɧ 'uː n
experiment	ɛ k s p ɛ r ɪ m 'ɛ n t
experimentera	ɛ k s p ɛ r ɪ m ɛ n t 'eː r a
experimenterar	ɛ k s p ɛ r ɪ m ɛ n t 'eː r a r
expert	ɛ k s p 'ɛ t
expertis	ɛ k s p a t 'iː s
explicit	ɛ k s p l ɪ s 'iː t
exploatera	ɛ k s p l ʊ a t 'eː r a
exploaterar	ɛ k s p l ʊ a t 'eː r a r
exploatering	ɛ k s p l ʊ a t 'eː r ɪ ŋ
exploatör	ɛ k s p l ʊ a t 'øː r
explodera	ɛ k s p l ʊ d 'eː r a
exploderar	ɛ k s p l ʊ d 'eː r a r
explosion	ɛ k s p l ʊ ɧ 'uː n
explosiv	ɛ k s p l ʊ s 'iː v
expo	'ɛ k s p ʊ
exponera	ɛ k s p ʊ n 'eː r a
exponerar	ɛ k s p ʊ n 'eː r a r
export	ɛ k s p 'ɔ t
exportera	ɛ k s p ɔ t 'eː r a
exporterar	ɛ k s p ɔ t 'eː r a r
express	ɛ k s p r 'ɛ s
expressbrev	²ɛ k s p r 'ɛ s b r eː v
expressiv	ɛ k s p r ɛ s 'iː v
expropriation	ɛ k s p r ʊ p r ɪ a ɧ 'uː n
extas	ɛ k s t 'ɑː s
extatisk	ɛ k s t 'ɑː t ɪ s k
exteriör	ɛ k s t ɛ r ɪ 'øː r
extern	ɛ k s t 'ɛː n
extra	²'ɛ k s t r a
extraknäck	²'ɛ k s t r a k n ɛ k
extraknäcka	²'ɛ k s t r a k n ɛ k ɛ r
extrakt	ɛ k s t r 'a k t
extrapris	²'ɛ k s t r a p r iː s
extrem	ɛ k s t r 'eː m
extremhöger	ɛ k s t r ɛ m ²s h øː ɡ ɛ r
extremist	ɛ k s t r ɛ m 'ɪ s t
extremvänster	ɛ k s t r ɛ m v ɛ n s t ɛ r
eyeliner	'a j l a j n ɛ r
f	ɛ f
fabel	f 'ɑː b ɛ l
fabricera	f a b r ɪ s 'eː r a
fabricerar	f a b r ɪ s 'eː r a r
fabrik	f a b r 'iː k
fabrikant	f a b r ɪ k 'a n t
fabrikat	f a b r ɪ k 'ɑː t
fabulera	f a b ʉː l 'eː r a
fabulerar	f a b ʉː l 'eː r a r
facilitet	f a s ɪ l ɪ t 'eː t
facit	f 'ɑː s ɪ t
fack	f a k
fackförbund	²f 'a k f œ r b ɵ n d
fackförening	²f 'a k f œ r eː n ɪ ŋ
fackklubb	²f 'a k l ɵ b
fackla	²f 'a k l a
facklig	²f 'a k l ɪ ɡ
facklitteratur	²f 'a k l ɪ t ɛ r a t ʉː r
fackman	²f 'a k m a n
fackpress	²f 'a k p r ɛ s
fackverk	f a k v ɛ r k
fadd	f a d
fadder	f 'a d ɛ r
fader	²f 'ɑː d ɛ r
faderskap	²f 'ɑː d ɛ ɕ k ɑː p
fadäs	f a d 'ɛː s
fager	f 'ɑː ɡ ɛ r
fajtas	²f a j t a s
fakta	²f 'a k t a
faktisk	f 'a k t ɪ s k
faktiskt	f 'a k t ɪ s k t
faktor	²f 'a k t ʊ r
faktum	²f 'a k t ɵ m
faktura	²f a k t 'ʉː r a
fakultet	f a k ɵ l t 'eː t
falang	f a l 'a ŋ
falk	f a l k
fall	f a l
falla	f 'a l ɛ r
fallen	²f 'a l ɛ n
fallenhet	²f 'a l ɛ n h eː t
fallfärdig	²f 'a l f ɛː d ɪ ɡ
fallgrop	²f 'a l ɡ r uː p
fallit	²f 'a l ɪ t
fallrepet	²f 'a l r eː p ɛ t
fallskärm	²f 'a l ɧ a r m
falna	²f 'ɑː l n a
falnar	²f 'ɑː l n a r
fals	f a l s
falsett	f a l s 'ɛ t
falsk	f a l s k
falukorv	²f 'ɑː l ɵ k ɔ r v
falun	²s f 'ɑː l ɵ n
familj	f a m 'ɪ l j
familjedaghem	²f a m 'ɪ l j ɛ d ɑː ɡ h ɛ m
familjehem	²f a m 'ɪ l j ɛ h ɛ m
familjepedagog	²f a m 'ɪ l j ɛ p ɛ d a ɡ oː ɡ
familjepension	²f a m 'ɪ l j ɛ p a n ɧ uː n
familjeplanering	²f a m 'ɪ l j ɛ p l a n eː r ɪ ŋ
familjerådgivare	²f a m 'ɪ l j ɛ r oː d j iː v a r ɛ
familjär	f a m ɪ l j 'ɛː r
famla	²f 'a m l a
famlar	²f 'a m l a r
famn	f a m n
famntag	²f 'a m n t ɑː ɡ
famös	f a m 'øː s
fan	f ɑː n
fana	²f 'ɑː n a
fanatiker	f a n 'ɑː t ɪ k ɛ r
fanatisk	f a n 'ɑː t ɪ s k
fanatism	f a n a t 'ɪ s m
faner	f a n 'eː r
fanfar	f a n f 'ɑː r
fanjunkare	²f 'a n j ɵ ŋ k a r ɛ
fann	f a n
fanns	f a n s
fanskap	²f 'ɑː n s k ɑː p
fantasi	f a n t a s 'iː
fantast	f a n t 'a s t
fantastisk	f a n t 'a s t ɪ s k
fantastiskt	f a n t 'a s t ɪ s k t
fantisera	f a n t ɪ s 'eː r a
fantiserar	f a n t ɪ s 'eː r a r
fantom	f a n t 'oː m
far	f ɑː r
fara	²f 'ɑː r a
farbror	²f 'a r b r ʊ r
farfar	²f 'a r f a r
farföräldrar	²f 'ɑː r f œ r ɛ l d r a r
fargalt	²s f 'ɑː r ɡ a l t
farhåga	²f 'ɑː r h oː ɡ a
farin	f a r 'iː n
farinsocker	f a r 'iː n s ɔ k ɛ r
farit	²f 'ɑː r ɪ t
farkost	²f 'ɑː r k ɔ s t
farled	²f 'ɑː l eː d
farlig	²f 'ɑː l ɪ ɡ
farm	f a r m
farmaceut	f a r m a s 'ɛ v t
farmor	²f 'a r m ʊ r
farozon	²f 'ɑː r ʊ s uː n
fars	f a ɕ
farsa	²f 'a ɕ a
farsot	²f 'ɑː ɕ uː t
farstu	²f 'a ɕ t ɵ
fart	f ɑː t
fartkamera	f 'ɑː t k 'ɑː m ɛ r a
fartsyndare	²f 'ɑː t ɕ ʏ n d a r ɛ
fartyg	²f 'ɑː t yː ɡ
farvatten	²f 'ɑː r v a t ɛ n
farväl	f a r v 'ɛː l
fas	f ɑː s
fasa	²f 'ɑː s a
fasad	f a s 'ɑː d
fasan	f a s 'ɑː n
fasansfull	²f 'ɑː s a n s f ɵ l
fasar	²f 'ɑː s a r
fascinera	f a ɧ ɪ n 'eː r a
fascinerad	f a ɧ ɪ n 'eː r a d
fascinerande	f a ɧ ɪ n 'eː r a n d ɛ
fascinerar	f a ɧ ɪ n 'eː r a r
fascism	f a ɧ 'ɪ s m
fascist	f a ɧ 'ɪ s t
fasett	f a s 'ɛ t
fasetterad	f a s ɛ t 'eː r a d
fashionabel	f a ɧ ʊ n 'ɑː b ɛ l
faslig	²f 'ɑː s l ɪ ɡ
fason	f a s 'uː n
fast	f a s t
fasta	²f 'a s t a
fastar	²f 'a s t a r
faster	²f 'a s t ɛ r
fastighet	²f 'a s t ɪ ɡ h eː t
fastighetsdomstol	²f 'a s t ɪ ɡ h eː t s d ʊ m s t uː l
fastighetsmäklare	²f 'a s t ɪ ɡ h eː t s m ɛː k l a r ɛ
fastlagen	²f 'a s t l ɑː ɡ ɛ n
fastlagsbulle	²f 'a s t l ɑː ɡ s b ɵ l ɛ
fastlagssöndagen	²f 'a s t l ɑː ɡ s œ n d ɑː ɡ ɛ n
fastland	²f 'a s t l a n d
fastna	²f 'a s t n a
fastnar	²f 'a s t n a r
fastslår	²f 'a s t s l oː r
fastställa	²f 'a s t s t ɛ l ɛ r
fastän	f 'a s t ɛ n
fat	f ɑː t
fatabur	²s f 'ɑː t a b ʉː r
fatal	f a t 'ɑː l
fatta	²f 'a t a
fattar	²f 'a t a r
fattas	²f 'a t a s
fattig	²f 'a t ɪ ɡ
fattigdom	²f 'a t ɪ ɡ d ʊ m
fattiglapp	²f 'a t ɪ ɡ l a p
fattning	²f 'a t n ɪ ŋ
fauna	f 'a ʊ n a
favorisera	f a v ʊ r ɪ s 'eː r a
favoriserar	f a v ʊ r ɪ s 'eː r a r
favorit	f a v ʊ r 'iː t
favör	f a v 'øː r
fco	ɛ f s eː 'uː
fe	f eː
feature	f 'iː t ɕ ɛ r
feber	f 'eː b ɛ r
febrig	²f 'eː b r ɪ ɡ
febril	f ɛ b r 'iː l
februari	f ɛ b r ɵ 'ɑː r ɪ
federal	f ɛ d ɛ r 'ɑː l
federation	f ɛ d ɛ r a ɧ 'uː n
feedback	f 'iː d b a k
feg	f eː ɡ
feghet	²f 'eː ɡ h eː t
feja	²f 'eː j a
fejar	²f 'eː j a r
fejd	f ɛ j d
fejka	²f 'ɛ j k a
fejkar	²f 'ɛ j k a r
fejs	f ɛ j s
fel	f eː l
fela	²f 'eː l a
felaktig	²f 'eː l a k t ɪ ɡ
felar	²f 'eː l a r
fem	f ɛ m
femdagarsvecka	²f 'ɛ m d ɑː ɡ a ɕ v ɛ k a
femdygnsprognos	²f 'ɛ m d ʏ ŋ n s p r ʊ ɡ n oː s
feminin	f 'eː m ɪ n iː n
feminism	f ɛ m ɪ n 'ɪ s m
feminist	f ɛ m ɪ n 'ɪ s t
femkamp	²f 'ɛ m k a m p
femma	²f 'ɛ m a
femrummare	²f 'ɛ m r ɵ m a r ɛ
femtal	f ɛ m t 'ɑː l
femte	²f 'ɛ m t ɛ
femtielva	²f ɛ m t ɪ ʊ 'ɛ l v a
femtilapp	²f 'ɛ m t ɪ l a p
femtio	²f 'ɛ m t ɪ ʊ
femtionde	²f 'ɛ m t ɪ ɔ n d ɛ
femtiöring	²f 'ɛ m t ɪ øː r ɪ ŋ
femton	²f 'ɛ m t ɔ n
femtonde	²f 'ɛ m t ɔ n d ɛ
femöring	²f 'ɛ m øː r ɪ ŋ
fena	²f 'eː n a
fenomen	f ɛ n ʊ m 'eː n
fenomenal	f ɛ n ʊ m ɛ n 'ɑː l
feodal	f ɛ ʊ d 'ɑː l
feodalism	f ɛ ʊ d a l 'ɪ s m
ferie	f 'eː r ɪ ɛ
feriehem	²f 'eː r ɪ ɛ h ɛ m
fernissa	f a n 'ɪ s a
fernissar	f a n 'ɪ s a r
fertil	f a t 'iː l
fes	f 'eː s
fess	f ɛ s
fest	f ɛ s t
festa	²f 'ɛ s t a
festar	²f 'ɛ s t a r
festival	f ɛ s t ɪ v 'ɑː l
festlig	²f 'ɛ s t l ɪ ɡ
fet	f eː t
fetknopp	²f 'eː t k n ɔ p
fetma	²f 'ɛ t m a
fett	f ɛ t
fettisdag	²f eː t iː s d ɑː ɡ
fia	²f 'iː a
fiasko	f j 'a s k ʊ
fiber	f 'iː b ɛ r
fick	f ɪ k
ficka	²f 'ɪ k a
ficklampa	²f 'ɪ k l a m p a
fickpengar	²f 'ɪ k p ɛ ŋ a r
ficktjuv	²f 'ɪ k ɕ ʉː v
fiende	²f 'iː ɛ n d ɛ
fientlig	f ɪ 'ɛ n t l ɪ ɡ
fiffel	f 'ɪ f ɛ l
fiffig	²f 'ɪ f ɪ ɡ
fiffla	²f 'ɪ f l a
fifflar	²f 'ɪ f l a r
fifty-fifty	f ɪ f t ɪ f 'ɪ f t ɪ
figur	f ɪ ɡ 'ʉː r
figurera	f ɪ ɡ ɵ r 'eː r a
figurerar	f ɪ ɡ ɵ r 'eː r a r
fik	f iː k
fika	²f 'iː k a
fikar	²f 'iː k a r
fikarast	²s f 'iː k a r a s t
fikon	²f 'iː k ɔ n
fikonspråk	²f 'iː k ɔ n s p r oː k
fiktion	f ɪ k ɧ 'uː n
fiktiv	f ɪ k t 'iː v
fikus	f 'iː k ɵ s
fil	f iː l
fila	²f 'iː l a
filar	²f 'iː l a r
filharmoniker	f ɪ l h a r m 'uː n ɪ k ɛ r
filial	f ɪ l ɪ 'ɑː l
filippa	f ɪ ²s l ɪ p a
filippinerna	f ɪ l ɪ p ɪ n ɛ r n a
filippintörnskata	f ɪ l ɪ p 'iː n t øː r n s k 'ɑː t a
film	f ɪ l m
filma	²f 'ɪ l m a
filmar	²f 'ɪ l m a r
filmatisera	f ɪ l m a t ɪ s 'eː r a
filmatisering	f ɪ l m a t ɪ s 'eː r ɪ ŋ
filmduk	²f 'ɪ l m d ʉː k
filmjölk	²f 'iː l m j œ l k
filosof	f ɪ l ʊ s 'oː f
filosofera	f ɪ l ʊ s ʊ f 'eː r a
filosoferar	f ɪ l ʊ s ʊ f 'eː r a r
filosofi	f ɪ l ʊ s ɔ f 'iː
filosofie	f ɪ l ɔ s ɔ ²s f 'iː ɛ
filosofisk	f ɪ l ʊ s oː f ɪ s k
filt	f ɪ l t
filtrera	f ɪ l t r 'eː r a
filtrerar	f ɪ l t r 'eː r a r
filur	f ɪ l 'ʉː r
filé	f ɪ l 'eː
fimp	f ɪ m p
fimpa	²f 'ɪ m p a
fimpar	²f 'ɪ m p a r
fin	f iː n
final	f ɪ n 'ɑː l
finans	f ɪ n 'a n s
finansiera	f ɪ n a n s ɪ 'eː r a
finansierar	f ɪ n a n s ɪ 'eː r a r
finansiär	f ɪ n a n s ɪ 'ɛː r
finemang	f ɪ n ɛ m 'a ŋ
finess	f ɪ n 'ɛ s
finger	f 'ɪ ŋ ɛ r
fingera	f ɪ ŋ ɡ 'eː r a
fingerar	f ɪ ŋ ɡ 'eː r a r
fingerborg	²f 'ɪ ŋ ɛ r b ɔ r j
fingerfärdig	²f 'ɪ ŋ ɛ r f ɛː d ɪ ɡ
fingers	f ɪ ŋ ɛ r s
fingervisning	²f 'ɪ ŋ ɛ r v iː s n ɪ ŋ
fingra	²f 'ɪ ŋ r a
fingrar	²f 'ɪ ŋ r a r
finish	f 'ɪ n ɪ ɧ
finito	f ɪ n 'iː t ʊ
finka	²f 'ɪ ŋ k a
finkamma	²f 'iː n k a m a
finkammar	²f 'iː n k a m a r
finkänslig	²f 'iː n ɕ ɛ n s l ɪ ɡ
finland	f ɪ n l a n d
finlandssvensk	²f 'ɪ n l a n d s v ɛ n s k
finlandssvenska	²s f ɪ n l a n d s v ɛ n s k a
finlemmad	²f 'iː n l ɛ m a d
finländare	²f 'ɪ n l 'ɛ n d a r ɛ
finländsk	²f 'ɪ n l 'ɛ n d s k
finmaskig	²f 'iː n m a s k ɪ ɡ
finmekaniker	²f 'iː m ɛ k ɑː n ɪ k ɛ r
finna	f 'ɪ n ɛ r
finnas	f ɪ n s
finne	²f 'ɪ n ɛ
finnjävel	²s f ɪ n j ɛː v ɛ l
finsk	f ɪ n s k
finska	²f 'ɪ n s k a
finskuren	²f 'iː n s k ʉː r ɛ n
finslipa	²f 'iː n s l iː p a
finslipar	²f 'iː n s l iː p a r
finsmakare	²f 'iː n s m ɑː k a r ɛ
finstilt	²f 'iː n s t iː l t
finstämd	²f 'iː n s t ɛ m d
fint	f ɪ n t
finta	²f 'ɪ n t a
fintar	²f 'ɪ n t a r
finurlig	f ɪ n 'ʉː l ɪ ɡ
fiol	f ɪ 'uː l
fira	²f 'iː r a
firar	²f 'iː r a r
firma	²f 'ɪ r m a
firre	²s f ɪ r ɛ
fis	f 'iː s
fisa	f 'iː s ɛ r
fisk	f ɪ s k
fiska	²f 'ɪ s k a
fiskar	²f 'ɪ s k a r
fiskare	²f 'ɪ s k a r ɛ
fiskarna	f ɪ s k a r n a
fiske	²f 'ɪ s k ɛ
fiskebåt	²s f ɪ s k ɛ b oː t
fiskegräns	²f 'ɪ s k ɛ ɡ r ɛ n s
fiskekort	²f 'ɪ s k ɛ k ʊ t
fiskeläge	²f 'ɪ s k ɛ l ɛː ɡ ɛ
fisken	f ɪ s k ɛ n
fiskens	f ɪ s k ɛ n s
fiskmås	²f 'ɪ s k m oː s
fiskpinnar	²f 'ɪ s k p ɪ n a r
fisktärna	f ɪ s k t ɜ r n a
fiss	f ɪ s
fission	f ɪ ɧ 'uː n
fitta	²f 'ɪ t a
fittig	f ɪ t ɪ ɡ
fix	f ɪ k s
fixa	²f 'ɪ k s a
fixar	²f 'ɪ k s a r
fixare	²f 'ɪ k s a r ɛ
fixera	f ɪ k s 'eː r a
fixerar	f ɪ k s 'eː r a r
fjant	f j a n t
fjantig	²s f j a n t ɪ
fjol	f j uː l
fjolla	²f j 'ɔ l a
fjompig	f j ɔ m p ɪ
fjor	f j 'uː r
fjord	f j oː d
fjortis	f j oː t ɪ s
fjorton	²f j 'uː t ɔ n
fjortonde	²f j 'uː t ɔ n d ɛ
fjun	f j ʉː n
fjuttig	f j 'ɵ t ɪ ɡ
fjäder	f j 'ɛː d ɛ r
fjädra	²f j 'ɛː d r a
fjädrar	²f j 'ɛː d r a r
fjädring	²f j 'ɛː d r ɪ ŋ
fjäll	f j ɛ l
fjällabb	²s f j ɛ l l a b
fjällgås	f j ɛ l ɡ oː s
fjällpipare	f j ɛ l p 'iː p a r ɛ
fjällripa	f j ɛ l r 'iː p a
fjälluggla	f j ɛ l ɵ ɡ l a
fjärd	f j ɛː d
fjärde	²f j 'ɛː d ɛ
fjäril	²f j 'ɛː r ɪ l
fjärran	²f j 'ɛ r a n
fjärrstyrd	²f j 'ɛ r s t yː d
fjärrvärme	²f j 'ɛ r v a r m ɛ
fjärt	f j a r t
fjärta	²f j a r t a
fjärtar	²f j a r t a r
fjäsk	f j ɛ s k
fjäska	²f j 'ɛ s k a
fjäskar	²f j 'ɛ s k a r
fjäskig	²f j 'ɛ s k ɪ ɡ
fjättra	²f j 'ɛ t r a
fjättrar	²f j 'ɛ t r a r
flabb	f l a b
flabba	²f l 'a b a
flabbar	²f l 'a b a r
flack	f l a k
flacka	²f l 'a k a
flackar	²f l 'a k a r
fladdermus	²f l 'a d ɛ r m ʉː s
fladdra	²f l 'a d r a
fladdrar	²f l 'a d r a r
flaga	²f l 'ɑː ɡ a
flagar	²f l 'ɑː ɡ a r
flagg	f l a ɡ
flagga	²f l 'a ɡ a
flaggar	²f l 'a ɡ a r
flaggskepp	²f l 'a ɡ ɧ ɛ p
flagna	²f l 'ɑː ɡ n a
flagnar	²f l 'ɑː ɡ n a r
flagrant	f l a ɡ r 'a n t
flak	f l ɑː k
flambera	f l a m b 'eː r a
flamberar	f l a m b 'eː r a r
flamma	²f l 'a m a
flammar	²f l 'a m a r
flammig	²f l 'a m ɪ ɡ
flamskvävnad	²f l 'a m s k v ɛː v n a d
flanell	f l a n 'ɛ l
flanera	f l a n 'eː r a
flanerar	f l a n 'eː r a r
flarra	²s f l a r a
flaska	²f l 'a s k a
flaskhals	²f l 'a s k h a l s
flat	f l ɑː t
flata	f l 'ɑː t a
flathet	²f l 'ɑː t h eː t
flaxa	²f l 'a k s a
flaxar	²f l 'a k s a r
fleece	f l 'iː s
fler	f l eː r
flera	f l 'ɛ r a
flerfamiljshus	²f l 'eː r f a m ɪ l j s h ʉː s
flertal	²f l 'eː t ɑː l
flest	²f l 'ɛ s t
flesta	²f l 'ɛ s t a
flexa	²f l 'ɛ k s a
flexar	²f l 'ɛ k s a r
flexibel	f l ɛ k s 'iː b ɛ l
flextid	²f l 'ɛ k s t iː d
flicka	²f l 'ɪ k a
flickan	f l ɪ k a n
flicknamn	²f l 'ɪ k n a m n
flickor	f l ɪ k ʊ r
flickvän	²f l 'ɪ k v ɛ n
flik	f l iː k
flimmer	f l 'ɪ m ɛ r
flimra	²f l 'ɪ m r a
flimrar	²f l 'ɪ m r a r
flin	f l iː n
flina	²f l 'iː n a
flinar	²f l 'iː n a r
flinga	²f l 'ɪ ŋ a
flink	f l ɪ ŋ k
flint	f l ɪ n t
flinta	²f l 'ɪ n t a
flintskallig	²f l 'ɪ n t s k a l ɪ ɡ
flipperspel	²f l 'ɪ p ɛ ɕ p eː l
flirt	f l œ t
flis	f l iː s
flisa	²f l 'iː s a
flit	f l iː t
flitig	²f l 'iː t ɪ ɡ
flock	f l ɔ k
flod	f l uː d
flodhäst	f l 'uː d h ɛ s t
flodvåg	f l 'uː d v oː ɡ
flop	f l ɔ p
flor	f l uː r
flora	²f l 'uː r a
florera	f l ʊ r 'eː r a
florerar	f l ʊ r 'eː r a r
florsocker	²f l 'uː ɕ ɔ k ɛ r
flos	f l 'uː s
floskel	f l 'ɔ s k ɛ l
flott	f l ɔ t
flotta	²f l 'ɔ t a
flottar	²f l 'ɔ t a r
flotte	²f l 'ɔ t ɛ
flottilj	f l ɔ t 'ɪ l j
flottning	²f l 'ɔ t n ɪ ŋ
flottningsmärke	²s f l ɔ t n ɪ ŋ s m ɛ r k ɛ
fluga	²f l 'ʉː ɡ a
flugit	²f l 'ʉː ɡ ɪ t
flugsmälla	²f l 'ʉː ɡ s m ɛ l a
flugsnappare	²f l 'ʉː ɡ s n a p a r ɛ
flugsvamp	²f l 'ʉː ɡ s v a m p
fluktuera	f l ɵ k t ɵ 'eː r a
fluktuerar	f l ɵ k t ɵ 'eː r a r
flum	f l ɵ m
flummig	f l 'ɵ m ɪ ɡ
flundra	²f l 'ɵ n d r a
fluor	f l ɵ 'oː r
flutit	²f l 'ʉː t ɪ t
fly	f l yː r
flyg	f l yː ɡ
flyga	f l 'yː ɡ ɛ r
flygare	²f l 'yː ɡ a r ɛ
flygbiljett	f l 'yː ɡ b ɪ l j r t
flygblad	²f l 'yː ɡ b l ɑː d
flygel	²f l 'yː ɡ ɛ l
flyglarm	²f l 'yː ɡ l a r m
flygplan	²f l 'yː ɡ p l ɑː n
flygplats	²f l 'yː ɡ p l a t s
flygskam	f l 'yː ɡ s k a m
flygvapen	²f l 'yː ɡ v ɑː p ɛ n
flygvärdinna	²f l 'yː ɡ v a d ɪ n a
flyhänt	²f l 'yː h ɛ n t
flykt	f l ʏ k t
flyktig	²f l 'ʏ k t ɪ ɡ
flykting	²f l 'ʏ k t ɪ ŋ
flyt	f l yː t
flyta	f l 'yː t ɛ r
flytning	²f l 'yː t n ɪ ŋ
flytta	²f l 'ʏ t a
flyttar	²f l 'ʏ t a r
flyttbar	²f l 'ʏ t b ɑː r
flyttfågel	²f l 'ʏ t f oː ɡ ɛ l
flyttlass	²f l 'ʏ t l a s
flyttlasspolitik	²f l 'ʏ t l a s p ʊ l ɪ t iː k
flyttning	²f l 'ʏ t n ɪ ŋ
flyttningsanmälan	²f l 'ʏ t n ɪ ŋ s a n m ɛː l a n
flyttningsbidrag	²f l 'ʏ t n ɪ ŋ s b iː d r ɑː ɡ
flyttningshjälp	²f l 'ʏ t n ɪ ŋ s j ɛ l p
flytväst	²f l 'yː t v ɛ s t
fläck	f l ɛ k
fläckdrillsnäppa	f l ɛ k d r ɪ l s n ɛ p a
fläckig	²f l 'ɛ k ɪ ɡ
fläkt	f l ɛ k t
flämta	²f l 'ɛ m t a
flämtar	²f l 'ɛ m t a r
flärd	f l ɛː d
fläsk	f l ɛ s k
fläskpannkaka	²f l 'ɛ s k p a ŋ k ɑː k a
fläta	²f l 'ɛː t a
flätar	²f l 'ɛː t a r
flå	f l oː r
flår	f l oː r
flåsa	²f l 'oː s a
flåsar	²f l 'oː s a r
flåshurtig	²f l 'oː s h ɵ t ɪ ɡ
flöda	²f l 'øː d a
flödar	²f l 'øː d a r
flöde	²f l 'øː d ɛ
flög	f l øː ɡ
flöjt	f l œ j t
flört	f l œ t
flöt	f l øː t
flöte	²f l 'øː t ɛ
fn	²'ɛ f ɛ n
fnas	f n 'ɑː s
fnask	f n a s k
fnissa	²f n 'ɪ s a
fnissar	²f n 'ɪ s a r
fnittra	²f n 'ɪ t r a
fnittrar	²f n 'ɪ t r a r
fnurra	²f n 'ɵ r a
fnysa	f n 'yː s ɛ r
fnöske	²f n 'œ s k ɛ
foajé	f ʊ a j 'eː
fobi	f ʊ b 'iː
focka	f ɔ k a
foder	f 'uː d ɛ r
fodral	f ʊ d r 'ɑː l
fog	f uː ɡ
foga	²f 'uː ɡ a
fogar	²f 'uː ɡ a r
fogde	²f 'ʊ ɡ d ɛ
fokus	f 'uː k ɵ s
fokusera	f ʊ k ɵ s 'eː r a
folder	f 'ɔ l d ɛ r
folie	f 'uː l j ɛ
folk	f ɔ l k
folkbokföring	²f 'ɔ l k b uː k f øː r ɪ ŋ
folkgrupp	²f 'ɔ l k ɡ r ɵ p
folkhem	²f 'ɔ l k h ɛ m
folkhemmet	²f 'ɔ l k h ɛ m ɛ t
folkhögskola	²f 'ɔ l k h øː ɡ s k uː l a
folklig	²f 'ɔ l k l ɪ ɡ
folklore	f 'ɔ l k l oː r
folkmusik	²s f ɔ l k m ɵ s 'iː k
folkomröstning	²f 'ɔ l k ɔ m r œ s t n ɪ ŋ
folkpark	²f 'ɔ l k p a r k
folkpartiet	²f 'ɔ l k p a t iː ɛ t
folkpension	²f 'ɔ l k p a n ɧ uː n
folkrörelse	²f 'ɔ l k r øː r ɛ l s ɛ
folkskola	²f 'ɔ l k s k uː l a
folkslag	f 'ɔ l k s l ɑː ɡ
folkstorm	²f 'ɔ l k s t ɔ r m
folktandvård	²f 'ɔ l k t a n d v oː d
folköl	²f 'ɔ l k øː l
fond	f ɔ n d
fondue	f ɔ n d 'yː
fonetik	f ɔ n ɛ t 'iː k
fonolog	f ɔ n ɔ l oː ɡ
fonologi	f ɔ n ɔ l ʊ ɡ 'iː
fontän	f ɔ n t 'ɛː n
for	f uː r
fora	f 'uː r a
forcera	f ɔ ɕ 'eː r a
forcerar	f ɔ ɕ 'eː r a r
fordon	²f 'uː d uː n
fordonsskatt	²f 'uː d uː n s k a t
fordra	²f 'uː d r a
fordran	²f 'uː d r a n
fordrar	²f 'uː d r a r
fordring	²f 'uː d r ɪ ŋ
forell	f ʊ r 'ɛ l
form	f ɔ r m
forma	²f 'ɔ r m a
formalin	f ɔ r m a l 'iː n
formalism	f ɔ r m a l 'ɪ s m
formalitet	f ɔ r m a l ɪ t 'eː t
formar	²f 'ɔ r m a r
format	f ɔ r m 'ɑː t
formation	f ɔ r m a ɧ 'uː n
formbar	²f 'ɔ r m b ɑː r
formel	f 'ɔ r m ɛ l
formell	f ɔ r m 'ɛ l
formgivare	²f 'ɔ r m j iː v a r ɛ
formgivning	²f 'ɔ r m j iː v n ɪ ŋ
formlig	f 'ɔ r m l ɪ ɡ
formligen	f 'ɔ r m l ɪ ɡ ɛ n
formsak	²f 'ɔ r m s ɑː k
formulera	f ɔ r m ɵ l 'eː r a
formulerar	f ɔ r m ɵ l 'eː r a r
formulering	f ɔ r m ɵ l 'eː r ɪ ŋ
formulär	f ɔ r m ɵ l 'ɛː r
forn	f uː n
forntid	²f 'uː n t iː d
fors	f ɔ ɕ
forsa	²f 'ɔ ɕ a
forsar	²f 'ɔ ɕ a r
forska	²f 'ɔ ɕ k a
forskar	²f 'ɔ ɕ k a r
forskare	²f 'ɔ ɕ k a r ɛ
forskning	²f 'ɔ ɕ k n ɪ ŋ
forsla	²f 'ɔ ɕ l a
forslar	²f 'ɔ ɕ l a r
forstmästare	f ɔ r s t m ɛ s t a r ɛ
forstväsen	f ɔ r s t v 'eː s ɛ n
fort	f ʊ t
fortbestånd	²f 'ʊ t b ɛ s t ɔ n d
fortbildning	²f 'ʊ t b ɪ l d n ɪ ŋ
fortfarande	²f 'ʊ t f ɑː r a n d ɛ
fortgå	²f 'ʊ t ɡ oː r
fortkörare	²f 'ʊ t ɕ øː r a r ɛ
fortkörning	²f 'ʊ t ɕ øː n ɪ ŋ
fortlöpande	²f 'ʊ t l øː p a n d ɛ
fortskaffningsmedel	²f 'ʊ t ɕ k a f n ɪ ŋ s m eː d ɛ l
fortskrida	²f 'ʊ t ɕ k r iː d ɛ r
fortsätta	²f 'ʊ t ɕ ɛ t ɛ r
fortsättning	²f 'ʊ t ɕ ɛ t n ɪ ŋ
forum	²f 'uː r ɵ m
forward	f 'oː r v a d
fosfat	f ɔ s f 'ɑː t
fosfor	²f 'ɔ s f ɔ r
fossil	f ʊ s 'iː l
foster	f 'ʊ s t ɛ r
fosterbarn	²f 'ʊ s t ɛ r b ɑː n
fosterförälder	²f 'ʊ s t ɛ r f œ r ɛ l d ɛ r
fosterhem	²f 'ʊ s t ɛ r h ɛ m
fosterland	²f 'ʊ s t ɛ l a n d
fostra	²f 'ʊ s t r a
fostran	²f 'ʊ s t r a n
fostrar	²f 'ʊ s t r a r
fot	f uː t
fota	²f 'uː t a
fotar	²f 'uː t a r
fotboll	²f 'uː t b ɔ l
fotfolk	²f 'uː t f ɔ l k
fotfäste	²f 'uː t f ɛ s t ɛ
fotgängare	²f 'uː t j ɛ ŋ a r ɛ
fotnot	²f 'uː t n uː t
foto	²f 'uː t ʊ
foto-	²f 'uː t ʊ
fotogen	f ʊ t ʊ ɧ 'eː n
fotograf	f ʊ t ʊ ɡ r 'ɑː f
fotografera	f ʊ t ʊ ɡ r a f 'eː r a
fotograferar	f ʊ t ʊ ɡ r a f 'eː r a r
fotografering	f ʊ t ʊ ɡ r a f 'eː r ɪ ŋ
fotografi	f ʊ t ʊ ɡ r a f 'iː
fotokopia	²f uː t ʊ k ʊ p iː a
fotosättning	²f 'uː t ʊ s ɛ t n ɪ ŋ
fotspår	²f 'uː t s p oː r
fotsteg	²f 'uː t s t eː ɡ
foula	f a ʊ l a
foxterrier	²f 'ɔ k s t a r ɪ ɛ r
foxtrot	f ɔ k s t r ɔ t
frack	f r a k
fradga	²f r 'a d ɡ a
fragment	f r a ɡ m 'ɛ n t
frakt	f r a k t
frakta	²f r 'a k t a
fraktar	²f r 'a k t a r
fraktion	f r a k ɧ 'uː n
fraktur	f r a k t 'ʉː r
fram	f r a m
frambringa	²f r 'a m b r ɪ ŋ a
frambringar	²f r 'a m b r ɪ ŋ a r
framdeles	²f r 'a m d eː l ɛ s
framfart	²f r 'a m f ɑː t
framfusig	²f r 'a m f ʉː s ɪ ɡ
framför	²f r 'a m f œ r
framföra	²f r 'a m f øː r
framgent	f r a m j 'eː n t
framgå	²f r 'a m ɡ oː r
framgång	²f r 'a m ɡ ɔ ŋ
framhjul	²f r 'a m j ʉː l
framhärda	²f r 'a m h ɛː d a
framhärdar	²f r 'a m h ɛː d a r
framhäva	²f r 'a m h ɛː v ɛ r
framhålla	²f r 'a m h ɔ l ɛ r
framifrån	²f r 'a m ɪ f r oː n
framkalla	²f r 'a m k a l a
framkallar	²f r 'a m k a l a r
framkallning	²f r 'a m k a l n ɪ ŋ
framkasta	²f r 'a m k a s t a
framkastar	²f r 'a m k a s t a r
framkomlig	²f r 'a m k ɔ m l ɪ ɡ
framkomma	²f r 'a m k ɔ m ɛ r
framliden	²f r 'a m l iː d ɛ n
framlägga	²f r 'a m l ɛ ɡ ɛ r
framlänges	²f r 'a m l ɛ ŋ ɛ s
frammarsch	²f r 'a m a r ɧ
framme	²f r 'a m ɛ
framsida	²f r 'a m s iː d a
framskjuten	²f r 'a m ɧ ʉː t ɛ n
framskriden	²f r 'a m s k r iː d ɛ n
framsteg	²f r 'a m s t eː ɡ
framstupa	²f r 'a m s t ʉː p a
framställa	²f r 'a m s t ɛ l ɛ r
framställning	²f r 'a m s t ɛ l n ɪ ŋ
framstå	²f r 'a m s t oː r
framstående	²f r 'a m s t oː ɛ n d ɛ
framstöt	²f r 'a m s t øː t
framsynt	²f r 'a m s yː n t
framsäte	²f r 'a m s ɛː t ɛ
framtand	²f r 'a m t a n d
framtid	²f r 'a m t iː d
framtida	²f r 'a m t iː d a
framtill	²f r 'a m t ɪ l
framtoning	²f r 'a m t uː n ɪ ŋ
framträda	²f r 'a m t r ɛː d ɛ r
framträdande	²f r 'a m t r ɛː d a n d ɛ
framtvinga	²f r 'a m t v ɪ ŋ a
framtvingar	²f r 'a m t v ɪ ŋ a r
framåt	f r 'a m ɔ t
framåtanda	²f r 'a m ɔ t a n d a
framåtskridande	²f r 'a m ɔ t s k r iː d a n d ɛ
framöver	f r a m 'øː v ɛ r
frank	f r a ŋ k
frankera	f r a ŋ k 'eː r a
frankerar	f r a ŋ k 'eː r a r
frankrike	f r a n k r ɪ k ɛ
frans	f r a n s
fransk	f r a n s k
franska	²f r 'a n s k a
franskbröd	²f r 'a n s k b r øː d
fransman	²f r 'a n s m a n
fransyska	²f r a n s 'ʏ s k a
frappera	f r a p 'eː r a
frapperar	f r a p 'eː r a r
fras	f r ɑː s
frasa	²f r 'ɑː s a
frasar	²f r 'ɑː s a r
frasig	²f r 'ɑː s ɪ ɡ
fred	f r eː d
fredag	f r 'eː d a
fredagsmys	f r 'eː d a s m 'yː s
fredlig	²f r 'eː d l ɪ ɡ
fredlös	²f r 'eː d l øː s
fredrika	f r 'eː d ²s r 'iː k a
fredsplikt	²f r 'eː d s p l ɪ k t
fredstid	²f r 'eː d s t iː d
freestyle	²f r 'iː s t a j l
frekvens	f r ɛ k v 'ɛ n s
frenetisk	f r ɛ n 'eː t ɪ s k
fresta	²f r 'ɛ s t a
frestad	²f r 'ɛ s t a d
frestar	²f r 'ɛ s t a r
frestelse	²f r 'ɛ s t ɛ l s ɛ
fri	f r iː
fria	²f r 'iː a
friar	²f r 'iː a r
friare	²f r 'iː a r ɛ
frid	f r iː d
fridag	²f r 'iː d ɑː ɡ
fridfull	²f r 'iː d f ɵ l
fridlysa	²f r 'iː d l yː s ɛ r
frige	²f r 'iː j eː r
friggebod	²f r 'ɪ ɡ ɛ b uː d
frigid	f r ɪ ɡ 'iː d
frigjord	²f r 'iː j uː d
frigöra	²f r 'iː j øː r
frihandel	²f r 'iː h a n d ɛ l
friherre	²f r 'iː h a r ɛ
frihet	²f r 'iː h eː t
friidrott	²f r 'iː iː d r ɔ t
frikadeller	f r ɪ k a d 'ɛ l ɛ r
frikalla	²f r 'iː k a l a
frikallad	²f r 'iː k a l a d
frikallar	²f r 'iː k a l a r
frikort	²f r 'iː k ʊ t
frikostig	²f r 'iː k ɔ s t ɪ ɡ
friktion	f r ɪ k ɧ 'uː n
frikyrka	²f r 'iː ɕ ʏ r k a
frikyrklig	²f r 'iː ɕ ʏ r k l ɪ ɡ
frikänna	²f r 'iː ɕ ɛ n ɛ r
friköpa	²f r 'iː ɕ øː p ɛ r
frilans	²f r 'iː l a n s
frilufts-	²f r 'iː l ɵ f t s
friluftsfrämjandet	²f r 'iː l ɵ f t s f r ɛ m j a n d ɛ t
friluftsområde	²f r 'iː l ɵ f t s ɔ m r oː d ɛ
frimurare	²f r 'iː m ʉː r a r ɛ
frimärke	²f r 'iː m a r k ɛ
frireligiös	²f r 'iː r ɛ l ɪ ɧ øː s
frisbee	f r ɪ s b ɪ
frisinnad	²f r 'iː s ɪ n a d
frisk	f r ɪ s k
friskintyg	²f r 'ɪ s k ɪ n t yː ɡ
frisksportare	²f r 'ɪ s k s p ɔ t a r ɛ
frisläppa	²f r 'iː s l ɛ p ɛ r
frispråkig	²f r 'iː s p r oː k ɪ ɡ
frissa	²f r 'ɪ s a
frist	f r ɪ s t
fristad	²f r 'iː s t ɑː d
friställa	²f r 'iː s t ɛ l ɛ r
friställd	²f r 'iː s t ɛ l d
fristående	²f r 'iː s t oː ɛ n d ɛ
frisyr	f r ɪ s 'yː r
frisör	f r ɪ s 'øː r
frita	²f r 'iː t ɑː r
fritera	f r ɪ t 'eː r a
friterar	f r ɪ t 'eː r a r
fritid	²f r 'iː t iː d
fritidsgård	²f r 'iː t iː d s ɡ oː d
fritidshem	²f r 'iː t iː d s h ɛ m
fritidshus	²f r 'iː t iː d s h ʉː s
fritidsnämnd	²f r 'iː t iː d s n ɛ m d
fritiof	t f r ɪ t ɕ ɔ f
fritis	f r 'iː t ɪ s
frivillig	²f r 'iː v ɪ l ɪ ɡ
frodas	²f r 'uː d a s
frodig	²f r 'uː d ɪ ɡ
from	f r ʊ m
front	f r ɔ n t
frontal-	²f r ɔ n t 'ɑː l
frossa	²f r 'ɔ s a
frossar	²f r 'ɔ s a r
frost	f r ɔ s t
frotté	f r ɔ t 'eː
fru	f r ʉː
fruga	²f r 'ʉː ɡ a
frugge	²s f r ɵ ɡ ɛ
frukost	f r 'ɵ k ɔ s t
frukt	f r ɵ k t
frukta	²f r 'ɵ k t a
fruktan	²f r 'ɵ k t a n
fruktansvärd	²f r 'ɵ k t a n s v ɛː d
fruktar	²f r 'ɵ k t a r
fruktbar	²f r 'ɵ k t b ɑː r
fruktkräm	f r ɵ k t k r ɛː m
fruktlös	²f r 'ɵ k t l øː s
fruktsam	²f r 'ɵ k t s a m
frun	f r ʉː n
frunch	f r ɵ n ɧ
fruntimmer	²f r 'ɵ n t ɪ m ɛ r
fruntimmersveckan	²f r 'ɵ n t ɪ m ɛ ɕ v ɛ k a n
frusen	²f r 'ʉː s ɛ n
frusit	²f r 'ʉː s ɪ t
frusta	²f r 'ɵ s t a
frustar	²f r 'ɵ s t a r
frustration	f r ɵ s t r a ɧ 'uː n
frustrerad	f r ɵ s t r 'eː r a d
frys	f r yː s
frysa	f r 'yː s ɛ r
fräck	f r ɛ k
fräckis	f r 'ɛ k ɪ s
fräknar	²f r 'ɛː k n a r
fräknig	²f r 'ɛː k n ɪ ɡ
frälsa	f r 'ɛ l s ɛ r
frälsningsarmén	²f r 'ɛ l s n ɪ ŋ s a r m eː n
främja	²f r 'ɛ m j a
främjar	²f r 'ɛ m j a r
främling	²f r 'ɛ m l ɪ ŋ
främlingsfientlig	²s f r ɛ m l ɪ ŋ s f ɪ ɛ n t l ɪ
främlingsfientlighet	²s f r ɛ m l ɪ ŋ s f ɪ ɛ n t l ɪ h 'eː t
främlingspass	²f r 'ɛ m l ɪ ŋ s p a s
främmande	²f r 'ɛ m a n d ɛ
främmat	²s f r ɛ m a t
främre	f r 'ɛ m r ɛ
främst	f r ɛ m s t
frän	f r ɛː n
frände	f r ɛ n d ɛ
fräs	f r ɛː s
fräsa	f r 'ɛː s ɛ r
fräsch	f r ɛː ɧ
fräsig	²f r 'ɛː s ɪ ɡ
fräta	f r 'ɛː t ɛ r
fråga	²f r 'oː ɡ a
frågar	²f r 'oː ɡ a r
frågeställning	²f r 'oː ɡ ɛ s t ɛ l n ɪ ŋ
frågetecken	²f r 'oː ɡ ɛ t ɛ k ɛ n
frågvis	²f r 'oː ɡ v iː s
från	f r oː n
frånsett	²f r 'oː n s ɛ t
frånskild	²f r 'oː n ɧ ɪ l d
frånstötande	²f r 'oː n s t øː t a n d ɛ
frånvarande	²f r 'oː n v ɑː r a n d ɛ
frånvaro	²f r 'oː n v ɑː r ʊ
frö	f r øː
fröjd	f r œ j d
fröken	f r 'øː k ɛ n
frös	f r øː s
fubbick	f ɵ b ɪ k
fuffens	f 'ɵ f ɛ n s
fukt	f ɵ k t
fukta	²f 'ɵ k t a
fuktar	²f 'ɵ k t a r
fuktig	²f 'ɵ k t ɪ ɡ
ful	f ʉː l
fuling	f 'ʉː l ɪ ŋ
full	f ɵ l
fullbokad	²f 'ɵ l b uː k a d
fullborda	²f 'ɵ l b uː d a
fullbordar	²f 'ɵ l b uː d a r
fullfjädrad	²f 'ɵ l f j ɛː d r a d
fullfölja	²f 'ɵ l f œ l j ɛ r
fullföljdshänvisning	²f 'ɵ l f œ l j d s h ɛː n v iː s n ɪ ŋ
fullgöra	²f 'ɵ l j øː r
fullkomlig	²f 'ɵ l k ɔ m l ɪ ɡ
fullkorn	²f 'ɵ l k uː n
fullmakt	²f 'ɵ l m a k t
fullmäktige	²f 'ɵ l m ɛ k t ɪ ɡ ɛ
fullmåne	²f 'ɵ l m oː n ɛ
fullsatt	²f 'ɵ l s a t
fullständig	²f 'ɵ l s t ɛ n d ɪ ɡ
fullständigt	²f 'ɵ l s t ɛ n d ɪ k t
fulltalig	²f 'ɵ l t ɑː l ɪ ɡ
fullträff	²f 'ɵ l t r ɛ f
fullvuxen	²f 'ɵ l v ɵ k s ɛ n
fullvärdig	²f 'ɵ l v ɛː d ɪ ɡ
fulländad	²f 'ɵ l ɛ n d a d
fulsnygg	²f 'ʉː l s n ʏ ɡ
fumla	²f 'ɵ m l a
fumlar	²f 'ɵ m l a r
fumlig	²f 'ɵ m l ɪ ɡ
fundament	f ɵ n d a m 'ɛ n t
fundamental	f ɵ n d a m ɛ n t 'ɑː l
fundamentalist	f ɵ n d a m ɛ n t a l 'ɪ s t
fundera	f ɵ n d 'eː r a
funderar	f ɵ n d 'eː r a r
fungera	f ɵ ŋ ɡ 'eː r a
fungerar	f ɵ ŋ ɡ 'eː r a r
funka	²f 'ɵ ŋ k a
funkar	²f 'ɵ ŋ k a r
funkis	f 'ɵ ŋ k ɪ s
funktion	f ɵ ŋ k ɧ 'uː n
funktionalism	f ɵ ŋ k ɧ ʊ n a l 'ɪ s m
funktionell	f ɵ ŋ k ɧ ʊ n 'ɛ l
funktionär	f ɵ ŋ k ɧ ʊ n 'ɛː r
funnit	²f 'ɵ n ɪ t
funnits	²f 'ɵ n ɪ t s
fur	f ʉː r
fura	²f 'ʉː r a
furir	f ɵ r 'iː r
furnera	f ɵ r n 'eː r a
furste	²f 'ɵ ɕ t ɛ
furu	²f 'ʉː r ɵ
fusion	f ɵ ɧ 'uː n
fusk	f ɵ s k
fuska	²f 'ɵ s k a
fuskar	²f 'ɵ s k a r
futtig	²f 'ɵ t ɪ ɡ
futurum	²f ɵ t 'ʉː r ɵ m
fy	f yː
fylla	²f 'ʏ l a
fylld	f ʏ l d
fyller	f 'ʏ l ɛ r
fylleri	f ʏ l ɛ r 'iː
fyllerist	f ʏ l ɛ r 'ɪ s t
fyllig	²f 'ʏ l ɪ ɡ
fyllnads-	²f 'ʏ l n a d s
fyllo	f 'ʏ l ʊ
fyn	f 'yː n
fynd	f ʏ n d
fynda	²f 'ʏ n d a
fyndar	²f 'ʏ n d a r
fyndig	²f 'ʏ n d ɪ ɡ
fyndighet	²f 'ʏ n d ɪ ɡ h eː t
fyr	f yː r
fyra	²f 'yː r a
fyrkant	²f 'yː r k a n t
fyrkantig	²f 'yː r k a n t ɪ ɡ
fyrmänning	²s f 'yː r m ɛ n ɪ ŋ
fyrtal	f 'yː r t 'ɑː l
fyrtio	²f 'œ t ɪ ʊ
fyrtionde	²f 'œ t ɪ ɔ n d ɛ
fyrverkeri	f yː r v a r k ɛ r 'iː
fysik	f ʏ s 'iː k
fysikalisk	f ʏ s ɪ k 'ɑː l ɪ s k
fysiologisk	f ʏ s ɪ ʊ l 'oː ɡ ɪ s k
fysisk	f 'yː s ɪ s k
fä	f ɛː
fäbod	²s f ɛː b 'uː d
fädernesland	²f 'ɛː d ɛ n ɛ s l a n d
fägring	²f 'ɛː ɡ r ɪ ŋ
fähund	²f 'ɛː h ɵ n d
fäkta	²f 'ɛ k t a
fäktar	²f 'ɛ k t a r
fälad	²s f ɛː l a d
fälg	f ɛ l j
fälla	²f 'ɛ l a
fäller	f 'ɛ l ɛ r
fält	f ɛ l t
fält-	²f 'ɛ l t
fältassistent	²f 'ɛ l t a s ɪ s t ɛ n t
fältsångare	f ɛ l t s ɔ ŋ a r ɛ
fän	f ɛː n
fängelse	²f 'ɛ ŋ ɛ l s ɛ
fängsla	²f 'ɛ ŋ s l a
fängslande	²f 'ɛ ŋ s l a n d ɛ
fängslar	²f 'ɛ ŋ s l a r
fänkål	f ɛː n k oː l
fänrik	f 'ɛ n r ɪ k
färd	f ɛː d
färdas	²f 'ɛː d a s
färde	²f 'ɛː d ɛ
färdig	²f 'ɛː d ɪ ɡ
färdighet	²f 'ɛː d ɪ ɡ h eː t
färdigställa	²f 'ɛː d ɪ ɡ s t ɛ l ɛ r
färdtjänst	²f 'ɛː d ɕ ɛ n s t
färg	f a r j
färga	²f 'ɛ r j a
färgad	²f 'ɛ r j a d
färgar	²f 'ɛ r j a r
färgblind	²f 'ɛ r j b l ɪ n d
färgglad	²f 'ɛ r j ɡ l ɑː d
färghandel	²f 'ɛ r j h a n d ɛ l
färglägga	²f 'ɛ r j l ɛ ɡ ɛ r
färglös	²f 'ɛ r j l øː s
färgstark	²f 'ɛ r j s t a r k
färja	²f 'ɛ r j a
färre	f 'ɛ r ɛ
färs	f a ɕ
färsk	f a ɕ k
färskvatten	f ɛ r s k v a t ɛ n
färöarna	f ɛː r øː a r n a
fäst	f ɛ s t
fästa	f 'ɛ s t ɛ r
fäste	²f 'ɛ s t ɛ
fästing	²f 'ɛ s t ɪ ŋ
fästman	²f 'ɛ s t m a n
fästmö	²f 'ɛ s t m øː
fästning	²f 'ɛ s t n ɪ ŋ
få	f oː
fåfäng	²f 'oː f ɛ ŋ
fågel	f 'oː ɡ ɛ l
fågelsång	f oː ɡ ɛ l s ɔ ŋ
fåll	f ɔ l
fålla	²f 'ɔ l a
fållar	²f 'ɔ l a r
fåne	²f 'oː n ɛ
fång	f ɔ ŋ
fånga	²f 'ɔ ŋ a
fångar	²f 'ɔ ŋ a r
fånge	²f 'ɔ ŋ ɛ
fångenskap	²f 'ɔ ŋ ɛ n s k ɑː p
fångst	f ɔ ŋ s t
fånig	²f 'oː n ɪ ɡ
fåntratt	²f 'oː n t r a t
fåordig	²f 'oː uː d ɪ ɡ
får	f oː r
fåra	²f 'oː r a
fåraherde	²s f oː r a h 'eː r d ɛ
fårakläder	²s f oː r a k l ɛː d ɛ r
fårskalle	²f 'oː ɕ k a l ɛ
fåtal	²f 'oː t ɑː l
fått	f ɔ t
fåtölj	f ɔ t 'œ l j
föda	²f 'øː d a
födas	f øː d s
född	f œ d
födelse	²f 'øː d ɛ l s ɛ
födelsedag	²f 'øː d ɛ l s ɛ d ɑː ɡ
födelsedatum	²f 'øː d ɛ l s ɛ d ɑː t ɵ m
födelsekontroll	²f 'øː d ɛ l s ɛ k ɔ n t r ɔ l
födelsenummer	²f 'øː d ɛ l s ɛ n ɵ m ɛ r
födelsetid	²f 'øː d ɛ l s ɛ t iː d
föder	f 'øː d ɛ r
födsel	f 'øː d s ɛ l
föga	²f 'øː ɡ a
fögderi	f œ ɡ d ɛ r 'iː
föl	f øː l
följa	f 'œ l j ɛ r
följaktligen	²f 'œ l j a k t l ɪ ɡ ɛ n
följande	²f 'œ l j a n d ɛ
följd	f œ l j d
följdriktig	²f 'œ l j d r ɪ k t ɪ ɡ
följe	²f 'œ l j ɛ
följeslagare	²f 'œ l j ɛ s l ɑː ɡ a r ɛ
följetong	²f 'œ l j ɛ t ɔ ŋ
föll	f œ l
fönster	f 'œ n s t ɛ r
fönstertittarsjuka	²s f œ n s t ɛ r t ɪ t a r ɧ s k a
för	f øː r
föra	f øː r
förakt	f œ r 'a k t
förakta	f œ r 'a k t a
föraktar	f œ r 'a k t a r
föraktfull	f œ r 'a k t f ɵ l
föraktlig	f œ r 'a k t l ɪ ɡ
föraning	²f 'øː r ɑː n ɪ ŋ
förankra	f œ r 'a ŋ k r a
förankrar	f œ r 'a ŋ k r a r
förankring	f œ r 'a ŋ k r ɪ ŋ
föranleda	f 'øː r a n l eː d ɛ r
föranledd	²f 'øː r a n l ɛ d
föranlåten	²f 'øː r a n l oː t ɛ n
förare	²f 'øː r a r ɛ
förarga	f œ r 'a r j a
förargad	f œ r 'a r j a d
förargar	f œ r 'a r j a r
förargelse	f œ r 'a r j ɛ l s ɛ
förarglig	f œ r 'a r j l ɪ ɡ
förarprov	²f 'øː r a r p r uː v
förband	f œ r b 'a n d
förbanna	f œ r b 'a n a
förbannad	f œ r b 'a n a d
förbannar	f œ r b 'a n a r
förbannat	f œ r b 'a n a t
förbannelse	f œ r b 'a n ɛ l s ɛ
förbaskad	f œ r b 'a s k a d
förbaskat	f œ r b 'a s k a t
förbehåll	²f 'øː r b ɛ h ɔ l
förbehålla	²f 'øː r b ɛ h ɔ l ɛ r
förbereda	²f 'øː r b ɛ r eː d ɛ r
förberedelse	²f 'øː r b ɛ r eː d ɛ l s ɛ
förberedelseklass	²f 'øː r b ɛ r eː d ɛ l s ɛ k l a s
förbi	f œ r b 'iː
förbifart	²f 'øː r b iː f ɑː t
förbigå	f 'øː r b iː ɡ oː r
förbigående	²f 'øː r b iː ɡ oː ɛ n d ɛ
förbinda	f œ r b 'ɪ n d ɛ r
förbindelse	f œ r b 'ɪ n d ɛ l s ɛ
förbise	²f øː r b iː s eː r
förbiseende	²f 'øː r b iː s eː ɛ n d ɛ
förbistring	f œ r b 'ɪ s t r ɪ ŋ
förbjuda	f œ r b j 'ʉː d ɛ r
förbjuden	f œ r b j 'ʉː d ɛ n
förbjöd	f œ r b j 'øː d
förblev	f œ r b l 'eː v
förbli	f œ r b l 'iː r
förbluffa	f œ r b l 'ɵ f a
förbluffar	f œ r b l 'ɵ f a r
förblöda	f œ r b l 'øː d ɛ r
förbruka	f œ r b r 'ʉː k a
förbrukar	f œ r b r 'ʉː k a r
förbrukning	f œ r b r 'ʉː k n ɪ ŋ
förbrukningsartikel	²f œ r b r 'ʉː k n ɪ ŋ s a t ɪ k ɛ l
förbrylla	f œ r b r 'ʏ l a
förbryllar	f œ r b r 'ʏ l a r
förbrytare	f œ r b r 'yː t a r ɛ
förbrytelse	f œ r b r 'yː t ɛ l s ɛ
förbränna	f œ r b r 'ɛ n ɛ r
förbränning	f œ r b r 'ɛ n ɪ ŋ
förbud	f œ r b 'ʉː d
förbund	f œ r b 'ɵ n d
förbundit	f œ r b 'ɵ n d ɪ t
förbundskapten	f œ r ²s b ɵ n d s k a p t 'eː n
förbutik	f øː r b ʉː t 'iː k
förbättra	f œ r b 'ɛ t r a
förbättrar	f œ r b 'ɛ t r a r
förbättring	f œ r b 'ɛ t r ɪ ŋ
fördel	²f 'øː d eː l
fördela	f œ d 'eː l a
fördelaktig	²f 'øː d eː l a k t ɪ ɡ
fördelar	f œ d 'eː l a r
fördjupad	f œ r j 'ʉː p a d
fördom	²f 'øː d ʊ m
fördrag	f œ d r 'ɑː ɡ
fördriva	f œ d r 'iː v ɛ r
fördröja	f œ d r 'œ j ɛ r
fördubbla	f œ d 'ɵ b l a
fördubblar	f œ d 'ɵ b l a r
fördyrad	f œ d 'yː r a d
fördämning	f œ d 'ɛ m n ɪ ŋ
fördärva	f œ d 'ɛ r v a
fördärvar	f œ d 'ɛ r v a r
fördöma	f œ d 'œ m ɛ r
fördömande	f œ d 'œ m a n d ɛ
före	²f 'øː r ɛ
förebild	²f 'øː r ɛ b ɪ l d
förebrå	²f 'øː r ɛ b r oː r
förebud	²f 'øː r ɛ b ʉː d
förebygga	²f 'øː r ɛ b ʏ ɡ ɛ r
förebåda	²f 'øː r ɛ b oː d a
förebådar	²f 'øː r ɛ b oː d a r
föredra	²f 'øː r ɛ d r ɑː r
föredrag	²f 'øː r ɛ d r ɑː ɡ
föredöme	²f 'øː r ɛ d œ m ɛ
föredömlig	²f 'øː r ɛ d œ m l ɪ ɡ
förefalla	²f 'øː r ɛ f a l ɛ r
förege	²f 'øː r ɛ j eː r
föregripa	²f 'øː r ɛ ɡ r iː p ɛ r
föregå	²f 'øː r ɛ ɡ oː r
föregående	²f 'øː r ɛ ɡ oː ɛ n d ɛ
föregångare	²f 'øː r ɛ ɡ ɔ ŋ a r ɛ
förehavande	²f 'øː r ɛ h ɑː v a n d ɛ
förekomma	²f 'øː r ɛ k ɔ m ɛ r
förekomst	²f 'øː r ɛ k ɔ m s t
föreligga	²f 'øː r ɛ l ɪ ɡ ɛ r
förelägga	²f øː r ɛ l ɛ ɡ ɛ r
föreläggande	²f 'øː r ɛ l ɛ ɡ a n d ɛ
föreläsa	²f 'øː r ɛ l ɛː s ɛ r
föremål	²f 'øː r ɛ m oː l
förena	f œ r 'eː n a
förenar	f œ r 'eː n a r
förening	f œ r 'eː n ɪ ŋ
förenkla	f œ r 'ɛ ŋ k l a
förenklar	f œ r 'ɛ ŋ k l a r
förenlig	f œ r 'eː n l ɪ ɡ
föresats	²f 'øː r ɛ s a t s
föreskrift	²f 'øː r ɛ s k r ɪ f t
föreskriva	²f 'øː r ɛ s k r iː v ɛ r
föreslagit	²f 'øː r ɛ s l ɑː ɡ ɪ t
föreslog	²f 'øː r ɛ s l uː ɡ
föreslå	²f 'øː r ɛ s l oː
föreslår	²f 'øː r ɛ s l oː r
förespegla	²f 'øː r ɛ s p eː ɡ l a
förespeglar	²f 'øː r ɛ s p eː ɡ l a r
förespråka	²f 'øː r ɛ s p r oː k a
förespråkar	²f 'øː r ɛ s p r oː k a r
förespråkare	²f 'øː r ɛ s p r oː k a r ɛ
föreställa	²f 'øː r ɛ s t ɛ l ɛ r
föreställning	²f 'øː r ɛ s t ɛ l n ɪ ŋ
förestå	²f 'øː r ɛ s t oː r
föreståndare	²f 'øː r ɛ s t ɔ n d a r ɛ
föresväva	²f 'øː r ɛ s v ɛː v a
föresvävar	²f 'øː r ɛ s v ɛː v a r
företa	²f 'øː r ɛ t ɑː r
företag	²f 'øː r ɛ t ɑː ɡ
företagare	²f 'øː r ɛ t ɑː ɡ a r ɛ
företagsam	²f 'øː r ɛ t ɑː ɡ s a m
företagsamhet	²f 'øː r ɛ t ɑː ɡ s a m h eː t
företagshälsovård	²f 'øː r ɛ t ɑː ɡ s h ɛ l s ʊ v oː d
företal	²f 'øː r ɛ t ɑː l
förete	f øː r ɛ t 'eː
företeelse	²f 'øː r ɛ t eː ɛ l s ɛ
företräda	²f 'øː r ɛ t r ɛː d ɛ r
företrädare	²f 'øː r ɛ t r ɛː d a r ɛ
företräde	²f 'øː r ɛ t r ɛː d ɛ
företrädesvis	²f 'øː r ɛ t r ɛː d ɛ s v iː s
föreviga	f œ r 'eː v ɪ ɡ a
förevigar	f œ r 'eː v ɪ ɡ a r
förevändning	²f 'øː r ɛ v ɛ n d n ɪ ŋ
förfader	²f 'øː r f ɑː d ɛ r
förfall	f œ r f 'a l
förfalla	f œ r f 'a l ɛ r
förfallodag	²f œ r f 'a l ʊ d ɑː ɡ
förfalska	f œ r f 'a l s k a
förfalskar	f œ r f 'a l s k a r
förfalskning	f œ r f 'a l s k n ɪ ŋ
förfara	f œ r f 'ɑː r
förfarande	f œ r f 'ɑː r a n d ɛ
författa	f œ r f 'a t a
författar	f œ r f 'a t a r
författare	f œ r f 'a t a r ɛ
författning	f œ r f 'a t n ɪ ŋ
förfinad	f œ r f 'iː n a d
förfining	f œ r f 'iː n ɪ ŋ
förfluten	f œ r f l 'ʉː t ɛ n
förflyta	f œ r f l 'yː t ɛ r
förflytta	f œ r f l 'ʏ t a
förflyttar	f œ r f l 'ʏ t a r
förfoga	f œ r f 'uː ɡ a
förfogar	f œ r f 'uː ɡ a r
förfriskning	f œ r f r 'ɪ s k n ɪ ŋ
förfrusen	f œ r f r 'ʉː s ɛ n
förfrusit	f œ r f r 'ʉː s ɪ t
förfrysa	f œ r f r 'yː s ɛ r
förfrågan	f œ r f r 'oː ɡ a n
förfrös	f œ r f r 'øː s
förfuska	f œ r f 'ɵ s k a
förfuskar	f œ r f 'ɵ s k a r
förfäran	f œ r f 'ɛː r a n
förfärlig	f œ r f 'ɛː l ɪ ɡ
förfång	f œ r f 'ɔ ŋ
förfölja	f œ r f 'œ l j ɛ r
förföljelse	f œ r f 'œ l j ɛ l s ɛ
förföll	f œ r f 'œ l
förföra	f œ r f 'øː r
förgasare	f œ r ɡ 'ɑː s a r ɛ
förgifta	f œ r j 'ɪ f t a
förgiftar	f œ r j 'ɪ f t a r
förgiftning	f œ r j 'ɪ f t n ɪ ŋ
förglömma	f œ r ɡ l 'œ m ɛ r
förgrund	²f 'øː r ɡ r ɵ n d
förgrymmad	f œ r ɡ r 'ʏ m a d
förgylla	f œ r j 'ʏ l ɛ r
förgänglig	f œ r j 'ɛ ŋ l ɪ ɡ
förgätmigej	f œ r j ɛː t m ɪ ɡ 'ɛ j
förgäves	f œ r j 'ɛː v ɛ s
förgå	f œ r ɡ 'oː r
förgången	f œ r ɡ 'ɔ ŋ ɛ n
förgås	f œ r ɡ 'oː s
förgöra	f œ r j 'øː r
förhala	f œ r h 'ɑː l a
förhalar	f œ r h 'ɑː l a r
förhand	²f 'øː r h a n d
förhandla	f œ r h 'a n d l a
förhandlar	f œ r h 'a n d l a r
förhandling	f œ r h 'a n d l ɪ ŋ
förhandsbesked	²f 'øː r h a n d s b ɛ ɧ eː d
förhastad	f œ r h 'a s t a d
förhatlig	f œ r h a t l ɪ ɡ
förhinder	f œ r h 'ɪ n d ɛ r
förhindra	f œ r h 'ɪ n d r a
förhindrar	f œ r h 'ɪ n d r a r
förhistoria	²f 'øː r h ɪ s t uː r ɪ a
förhistorisk	²f 'øː r h ɪ s t uː r ɪ s k
förhoppning	f œ r h 'ɔ p n ɪ ŋ
förhoppningsvis	²f œ r h 'ɔ p n ɪ ŋ s v iː s
förhyrd	f œ r h 'yː d
förhållande	f œ r h 'ɔ l a n d ɛ
förhållandevis	²f œ r h 'ɔ l a n d ɛ v iː s
förhårdnad	f œ r h 'oː d n a d
förhöja	f œ r h 'œ j ɛ r
förhöjd	f œ r h 'œ j d
förhör	f œ r h 'øː r
förhöra	f œ r h 'øː r
förinta	f œ r 'ɪ n t a
förintar	f œ r 'ɪ n t a r
förkalkning	f œ r k 'a l k n ɪ ŋ
förkasta	f œ r k 'a s t a
förkastar	f œ r k 'a s t a r
förkastlig	f œ r k 'a s t l ɪ ɡ
förklara	f œ r k l 'ɑː r a
förklarar	f œ r k l 'ɑː r a r
förklaring	f œ r k l 'ɑː r ɪ ŋ
förklarlig	f œ r k l 'ɑː l ɪ ɡ
förklinga	f œ r k l 'ɪ ŋ a
förklingar	f œ r k l 'ɪ ŋ a r
förklädd	f œ r k l 'ɛ d
förkläde	²f 'œ r k l ɛː d ɛ
förknippa	f œ r k n 'ɪ p a
förknippar	f œ r k n 'ɪ p a r
förkommen	f œ r k 'ɔ m ɛ n
förkorta	f œ r k 'ɔ t a
förkortar	f œ r k 'ɔ t a r
förkortning	f œ r k 'ɔ t n ɪ ŋ
förkroma	f œ r k r 'oː m a
förkromar	f œ r k r 'oː m a r
förkroppsliga	f œ r k r 'ɔ p s l ɪ ɡ a
förkroppsligar	f œ r k r 'ɔ p s l ɪ ɡ a r
förkrossad	f œ r k r 'ɔ s a d
förkrossande	f œ r k r 'ɔ s a n d ɛ
förkunna	f œ r k 'ɵ n a
förkunnar	f œ r k 'ɵ n a r
förkväva	f œ r k v 'ɛː v ɛ r
förkyld	f œ r ɕ 'yː l d
förkylning	f œ r ɕ 'yː l n ɪ ŋ
förkämpe	²f 'øː r ɕ ɛ m p ɛ
förkärlek	²f 'øː r ɕ a l eː k
förköp	²f 'øː r ɕ øː p
förlag	f œ l 'ɑː ɡ
förlaga	²f 'øː l ɑː ɡ a
förlama	f œ l 'ɑː m a
förlamad	f œ l 'ɑː m a d
förlamar	f œ l 'ɑː m a r
förlamning	f œ l 'ɑː m n ɪ ŋ
förleda	f œ l 'eː d ɛ r
förlegad	f œ l 'eː ɡ a d
förlikas	f œ l 'iː k a s
förlikning	f œ l 'iː k n ɪ ŋ
förlisa	f œ l 'iː s ɛ r
förljugen	f œ r j 'ʉː ɡ ɛ n
förlopp	f œ l 'ɔ p
förlora	f œ l 'uː r a
förlorar	f œ l 'uː r a r
förlossa	²s f œ r l ɔ s a
förlossning	f œ l 'ɔ s n ɪ ŋ
förlovad	f œ l 'oː v a d
förlovning	f œ l 'oː v n ɪ ŋ
förlust	f œ l 'ɵ s t
förlägen	f œ l 'ɛː ɡ ɛ n
förlägga	f œ l 'ɛ ɡ ɛ r
förläggning	f œ l 'ɛ ɡ n ɪ ŋ
förlänga	f œ l 'ɛ ŋ ɛ r
förlängning	f œ l 'ɛ ŋ n ɪ ŋ
förlät	f œ l 'ɛː t
förlåt	f œ l 'oː t
förlåta	f œ l 'oː t ɛ r
förlåtelse	f œ l 'oː t ɛ l s ɛ
förlöjliga	f œ l 'œ j l ɪ ɡ a
förlöjligar	f œ l 'œ j l ɪ ɡ a r
förlösa	f œ l 'øː s ɛ r
förman	²f 'øː r m a n
förmaning	f œ r m 'ɑː n ɪ ŋ
förmedla	f œ r m 'eː d l a
förmedlar	f œ r m 'eː d l a r
förmedling	f œ r m 'eː d l ɪ ŋ
förment	f œ r m 'eː n t
förmer	f œ r m 'eː r
förmiddag	²f 'øː r m ɪ d ɑː ɡ
förmiddagen	²f 'øː r m ɪ d ɑː ɡ ɛ n
förmildrande	f œ r m 'ɪ l d r a n d ɛ
förmoda	f œ r m 'uː d a
förmodan	f œ r m 'uː d a n
förmodar	f œ r m 'uː d a r
förmodligen	f œ r m 'uː d l ɪ ɡ ɛ n
förmyndare	²f 'œ r m ʏ n d a r ɛ
förmäten	f œ r m 'ɛː t ɛ n
förmå	f œ r m 'oː r
förmåga	f œ r m 'oː ɡ a
förmån	²f 'øː r m oː n
förmögen	f œ r m 'øː ɡ ɛ n
förmögenhet	f œ r m 'øː ɡ ɛ n h eː t
förnamn	²f 'øː n a m n
förnedra	f œ n 'eː d r a
förnedrar	f œ n 'eː d r a r
förneka	f œ n 'eː k a
förnekar	f œ n 'eː k a r
förnimma	f œ n 'ɪ m ɛ r
förnimmelse	f œ n 'ɪ m ɛ l s ɛ
förnuft	f œ n 'ɵ f t
förnuftig	f œ n 'ɵ f t ɪ ɡ
förnya	f œ n 'yː a
förnyar	f œ n 'yː a r
förnyelse	f œ n 'yː ɛ l s ɛ
förnäm	f œ n 'ɛː m
förnämlig	f œ n 'ɛː m l ɪ ɡ
förnödenhet	f œ n 'øː d ɛ n h eː t
förnöjsam	f œ n 'œ j s a m
förolyckas	²f 'øː r ʊ l ʏ k a s
förolämpning	²f 'øː r ʊ l ɛ m p n ɪ ŋ
förord	²f 'øː r uː d
förorda	²f 'øː r uː d a
förordar	²f 'øː r uː d a r
förordna	f œ r 'oː d n a
förordnar	f œ r 'oː d n a r
förordning	f œ r 'oː d n ɪ ŋ
förorena	²f 'øː r ʊ r eː n a
förorenar	²f 'øː r ʊ r eː n a r
förorening	²f 'øː r ʊ r eː n ɪ ŋ
förorsaka	²f 'øː r ʊ ɕ ɑː k a
förorsakar	²f 'øː r ʊ ɕ ɑː k a r
förort	²f 'øː r uː t
förorättad	²f 'øː r uː r ɛ t a d
förpacka	f œ r p 'a k a
förpackar	f œ r p 'a k a r
förpackning	f œ r p 'a k n ɪ ŋ
förpassa	f œ r p 'a s a
förpassar	f œ r p 'a s a r
förpesta	f œ r p 'ɛ s t a
förpestar	f œ r p 'ɛ s t a r
förplikta	f œ r p l 'ɪ k t a
förpliktar	f œ r p l 'ɪ k t a r
förpliktelse	f œ r p l 'ɪ k t ɛ l s ɛ
förr	f œ r
förra	²f 'œ r a
förre	²f 'œ r ɛ
förresten	f œ r 'ɛ s t ɛ n
förrgår	f 'œ r ɡ oː r
förringa	f œ r ɪ ŋ a
förringar	f œ r ɪ ŋ a r
förruttnelse	f œ r 'ɵ t n ɛ l s ɛ
förrycka	f œ r 'ʏ k ɛ r
förryckt	f œ r 'ʏ k t
förrymd	f œ r 'ʏ m d
förrädare	f œ r 'ɛː d a r ɛ
förrädisk	f œ r 'ɛː d ɪ s k
förrän	f 'œ r 'ɛ n
förrätta	f œ r 'ɛ t a
förrättar	f œ r 'ɛ t a r
förrättning	f œ r 'ɛ t n ɪ ŋ
förråd	f œ r 'oː d
förråda	f œ r 'oː d ɛ r
försagd	f œ ɕ 'a ɡ d
försaka	f œ ɕ 'ɑː k a
försakar	f œ ɕ 'ɑː k a r
församlas	f œ ɕ 'a m l a s
församling	f œ ɕ 'a m l ɪ ŋ
förse	f œ ɕ 'eː r
förseelse	f œ ɕ 'eː ɛ l s ɛ
försegla	f œ ɕ 'eː ɡ l a
förseglar	f œ ɕ 'eː ɡ l a r
försegling	f œ ɕ 'eː ɡ l ɪ ŋ
försena	f œ ɕ 'eː n a
försenad	f œ ɕ 'eː n a d
försenar	f œ ɕ 'eː n a r
försening	f œ ɕ 'eː n ɪ ŋ
försent	f œ ɕ 'eː n t
försiggå	²f 'øː ɕ ɪ ɡ oː r
försigkommen	²f 'øː ɕ ɪ k ɔ m ɛ n
försiktig	f œ ɕ 'ɪ k t ɪ ɡ
försiktighet	f øː r s ɪ k t ɪ h 'eː t
försitta	f œ ɕ 'ɪ t ɛ r
försjunka	f œ r ɧ 'ɵ ŋ k ɛ r
förskingra	f œ r ɧ 'ɪ ŋ r a
förskingrar	f œ r ɧ 'ɪ ŋ r a r
förskingring	f œ r ɧ 'ɪ ŋ r ɪ ŋ
förskjuta	f œ r ɧ 'ʉː t ɛ r
förskjutning	f œ r ɧ 'ʉː t n ɪ ŋ
förskola	²f 'øː ɕ k uː l a
förskolelärare	f øː r s k 'uː l ɛ l ɛː r a r ɛ
förskoleålder	²f 'øː ɕ k uː l ɛ ɔ l d ɛ r
förskollärare	f øː r s k 'uː l ɛ l ɛː r a r ɛ
förskona	f œ ɕ k 'uː n a
förskonar	f œ ɕ k 'uː n a r
förskoning	f œ ɕ k 'uː n ɪ ŋ
förskott	²f 'øː ɕ k ɔ t
förskräckelse	f œ ɕ k r 'ɛ k ɛ l s ɛ
förskräcklig	f œ ɕ k r 'ɛ k l ɪ ɡ
förskräckt	f œ ɕ k r 'ɛ k t
förskärare	²f 'øː r ɧ ɛː r a r ɛ
försköna	f œ r ɧ 'øː n a
förskönar	f œ r ɧ 'øː n a r
förslag	f œ ɕ l 'ɑː ɡ
förslagsvis	²f œ ɕ l 'ɑː ɡ s v iː s
förslitning	f œ ɕ l 'iː t n ɪ ŋ
förslummas	f œ ɕ l 'ɵ m a s
förslå	f œ ɕ l 'oː
förslår	f œ ɕ l 'oː r
försmak	²f 'øː ɕ m ɑː k
försmädlig	f œ ɕ m 'ɛː d l ɪ ɡ
försmå	f œ ɕ m 'oː r
försnilla	f œ ɕ n 'ɪ l a
försnillar	f œ ɕ n 'ɪ l a r
försommar	²f 'øː ɕ ɔ m a r
försonas	f œ ɕ 'uː n a s
försoning	f œ ɕ 'uː n ɪ ŋ
försonlig	f œ ɕ 'uː n l ɪ ɡ
förspel	²f 'øː ɕ p eː l
förspilla	f œ ɕ p 'ɪ l ɛ r
försprång	²f 'øː ɕ p r ɔ ŋ
först	f œ ɕ t
första	²f 'œ ɕ t a
förstad	²f 'øː ɕ t ɑː d
förstahandskontrakt	²f 'œ ɕ t a h a n d s k ɔ n t r a k t
förstasida	²f 'œ ɕ t a s iː d a
förstatliga	f œ ɕ t 'ɑː t l ɪ ɡ a
förstatligar	f œ ɕ t 'ɑː t l ɪ ɡ a r
försteg	²f 'øː ɕ t eː ɡ
förstklassig	²f 'œ ɕ t k l a s ɪ ɡ
förstnämnd	²f 'œ ɕ t n ɛ m n d
förstod	f œ ɕ t 'uː d
förstoppning	f œ ɕ t 'ɔ p n ɪ ŋ
förstora	f œ ɕ t 'uː r a
förstorar	f œ ɕ t 'uː r a r
förstoring	f œ ɕ t 'uː r ɪ ŋ
förströ	f œ ɕ t r 'øː r
förströdd	f œ ɕ t r 'œ d
förstummas	f œ ɕ t 'ɵ m a s
förstärka	f œ ɕ t 'ɛ r k ɛ r
förstärkare	f œ ɕ t 'ɛ r k a r ɛ
förstärkningsinlärning	²s f œ ɕ t r r k n ɪ ŋ s ɪ n l 'ɛː n ɪ ŋ
förstärkningsvapen	f œ ɕ t ɛ r k n ɪ ŋ s v 'ɑː p ɛ n
förstå	f œ ɕ t 'oː r
förståelig	f œ ɕ t 'oː ɛ l ɪ ɡ
förståelse	f œ ɕ t 'oː ɛ l s ɛ
förstånd	f œ ɕ t 'ɔ n d
förståndig	f œ ɕ t 'ɔ n d ɪ ɡ
förstås	f œ ɕ t 'ɔ s
förstått	f œ ɕ t 'ɔ t
förstöra	f œ ɕ t 'øː r
förstörelse	f œ ɕ t 'øː r ɛ l s ɛ
försumlig	f œ ɕ 'ɵ m l ɪ ɡ
försumma	f œ ɕ 'ɵ m a
försummar	f œ ɕ 'ɵ m a r
försummelse	f œ ɕ 'ɵ m ɛ l s ɛ
försupen	f œ ɕ 'ʉː p ɛ n
försurning	f œ ɕ 'ʉː n ɪ ŋ
försvaga	f œ ɕ v 'ɑː ɡ a
försvagar	f œ ɕ v 'ɑː ɡ a r
försvann	f œ ɕ v 'a n
försvar	f œ ɕ v 'ɑː r
försvara	f œ ɕ v 'ɑː r a
försvarar	f œ ɕ v 'ɑː r a r
försvarare	f œ ɕ v 'ɑː r a r ɛ
försvarlig	f œ ɕ v 'ɑː l ɪ ɡ
försvarsadvokat	²f œ ɕ v 'ɑː ɕ a d v ʊ k ɑː t
försvarstal	f œ r ²s s v 'ɑː r s t 'ɑː l
försvenska	f œ ɕ v 'ɛ n s k a
försvenskar	f œ ɕ v 'ɛ n s k a r
försvinna	f œ ɕ v 'ɪ n ɛ r
försvinnande	f œ ɕ v 'ɪ n a n d ɛ
försvunnen	f œ ɕ v 'ɵ n ɛ n
försvunnit	f œ ɕ v 'ɵ n ɪ t
försvåra	f œ ɕ v 'oː r a
försvårar	f œ ɕ v 'oː r a r
försyn	f œ ɕ 'yː n
försynt	f œ ɕ 'yː n t
försäkra	f œ ɕ 'ɛː k r a
försäkran	f œ ɕ 'ɛː k r a n
försäkrar	f œ ɕ 'ɛː k r a r
försäkring	f œ ɕ 'ɛː k r ɪ ŋ
försäkringsbesked	²f œ ɕ 'ɛː k r ɪ ŋ s b ɛ ɧ eː d
försäkringsbolag	²f œ ɕ 'ɛː k r ɪ ŋ s b uː l ɑː ɡ
försäkringskassa	²f œ ɕ 'ɛː k r ɪ ŋ s k a s a
försäkringskassan	²f œ ɕ 'ɛː k r ɪ ŋ s k a s a n
försäkringspremie	²f œ ɕ 'ɛː k r ɪ ŋ s p r eː m ɪ ɛ
försäljare	f œ ɕ 'ɛ l j a r ɛ
försäljning	f œ ɕ 'ɛ l j n ɪ ŋ
försämra	f œ ɕ 'ɛ m r a
försämrar	f œ ɕ 'ɛ m r a r
försämring	f œ ɕ 'ɛ m r ɪ ŋ
försändelse	f œ ɕ 'ɛ n d ɛ l s ɛ
försätta	f œ ɕ 'ɛ t ɛ r
försåt	f œ ɕ 'oː t
försåtlig	f œ ɕ 'oː t l ɪ ɡ
försök	f œ ɕ 'øː k
försöka	f œ ɕ 'øː k ɛ r
försökskanin	²f œ ɕ 'øː k s k a n iː n
försörja	f œ ɕ 'œ r j ɛ r
försörjning	f œ ɕ 'œ r j n ɪ ŋ
försörjningsplikt	²f œ ɕ 'œ r j n ɪ ŋ s p l ɪ k t
förtal	f œ t 'ɑː l
förtala	f œ t 'ɑː l a
förtalar	f œ t 'ɑː l a r
förtecken	²f 'øː t ɛ k ɛ n
förteckning	f œ t 'ɛ k n ɪ ŋ
förtegen	f œ t 'eː ɡ ɛ n
förti	²f 'œ t ɪ
förtid	²f 'øː t iː d
förtidspension	²f 'øː t iː d s p a n ɧ uː n
förtiga	f œ t 'iː ɡ ɛ r
förtjusande	f œ r ɕ 'ʉː s a n d ɛ
förtjusning	f œ r ɕ 'ʉː s n ɪ ŋ
förtjust	f œ r ɕ 'ʉː s t
förtjäna	f œ r ɕ 'ɛː n a
förtjänar	f œ r ɕ 'ɛː n a r
förtjänst	f œ r ɕ 'ɛ n s t
förtjänt	f œ r ɕ 'ɛː n t
förtret	f œ t r 'eː t
förtroende	f œ t r 'uː ɛ n d ɛ
förtroendeingivande	²f œ t r 'uː ɛ n d ɛ ɪ n j iː v a n d ɛ
förtroendeman	²f œ t r 'uː ɛ n d ɛ m a n
förtroendeuppdrag	²f œ t r 'uː ɛ n d ɛ ɵ p d r ɑː ɡ
förtrogen	f œ t r 'uː ɡ ɛ n
förtrolig	f œ t r 'uː l ɪ ɡ
förtrolighet	f œ t r 'uː l ɪ ɡ h eː t
förtrollad	f œ t r 'ɔ l a d
förtrollning	f œ t r 'ɔ l n ɪ ŋ
förtryck	f œ t r 'ʏ k
förtrycka	f œ t r 'ʏ k ɛ r
förtryckt	f œ t r 'ʏ k t
förträfflig	f œ t r 'ɛ f l ɪ ɡ
förtränga	f œ t r 'ɛ ŋ ɛ r
förträngd	f œ t r 'ɛ ŋ d
förtröstan	f œ t r 'œ s t a n
förtulla	f œ t 'ɵ l a
förtullar	f œ t 'ɵ l a r
förtur	²f 'øː t ʉː r
förtvina	f œ t v 'iː n a
förtvinar	f œ t v 'iː n a r
förtvivla	f œ t v 'iː v l a
förtvivlad	f œ t v 'iː v l a d
förtvivlan	f œ t v 'iː v l a n
förtvivlar	f œ t v 'iː v l a r
förtydliga	f œ t 'ʏ d l ɪ ɡ a
förtydligande	f œ t 'yː d l ɪ ɡ a n d ɛ
förtydligar	f œ t 'ʏ d l ɪ ɡ a r
förtäckt	f œ t 'ɛ k t
förtälja	f œ t 'ɛ l j ɛ r
förtära	f œ t 'ɛː r
förtätad	f œ t 'ɛː t a d
förtöja	f œ t 'œ j ɛ r
förunderlig	f œ r 'ɵ n d ɛ l ɪ ɡ
förundersökning	²f 'øː r ɵ n d ɛ ɕ øː k n ɪ ŋ
förut	²f 'øː r ʉː t
förutan	f 'œ r ²s ʉː t a n
förutfattad	²f 'øː r ʉː t f a t a d
förutom	²f œ r 'ʉː t ɔ m
förutse	²f 'øː r ʉː t s eː r
förutsäga	²f 'øː r ʉː t s ɛ j ɛ r
förutsätta	²f 'øː r ʉː t s ɛ t ɛ r
förutsättning	²f 'øː r ʉː t s ɛ t n ɪ ŋ
förutsättningslös	²f 'øː r ʉː t s ɛ t n ɪ ŋ s l øː s
förutvarande	²f 'œ r ʉː t v ɑː r a n d ɛ
förvalta	f œ r v 'a l t a
förvaltar	f œ r v 'a l t a r
förvaltare	f œ r v 'a l t a r ɛ
förvaltning	f œ r v 'a l t n ɪ ŋ
förvaltningsdomstol	²f œ r v 'a l t n ɪ ŋ s d ʊ m s t uː l
förvandla	f œ r v 'a n d l a
förvandlar	f œ r v 'a n d l a r
förvandling	f œ r v 'a n d l ɪ ŋ
förvanska	f œ r v 'a n s k a
förvanskar	f œ r v 'a n s k a r
förvar	f œ r v 'ɑː r
förvara	f œ r v 'ɑː r a
förvarar	f œ r v 'ɑː r a r
förvaring	f œ r v 'ɑː r ɪ ŋ
förvaringsbox	²f œ r v 'ɑː r ɪ ŋ s b ɔ k s
förvarna	²f 'øː r v ɑː n a
förvarnar	²f 'øː r v ɑː n a r
förvarning	²f 'øː r v ɑː n ɪ ŋ
förveckling	f œ r v 'ɛ k l ɪ ŋ
förverka	f œ r v 'ɛ r k a
förverkar	f œ r v 'ɛ r k a r
förverkliga	f œ r v 'ɛ r k l ɪ ɡ a
förverkligar	f œ r v 'ɛ r k l ɪ ɡ a r
förvilla	f œ r v 'ɪ l a
förvillar	f œ r v 'ɪ l a r
förvirra	f œ r v 'ɪ r a
förvirrad	f œ r v 'ɪ r a d
förvirrar	f œ r v 'ɪ r a r
förvirring	f œ r v 'ɪ r ɪ ŋ
förvisning	f œ r v 'iː s n ɪ ŋ
förvissning	f œ r v 'ɪ s n ɪ ŋ
förvisso	²f œ r v 'ɪ s ʊ
förvränga	f œ r v r 'ɛ ŋ ɛ r
förvuxen	f œ r v 'ɵ k s ɛ n
förvägra	f œ r v 'ɛː ɡ r a
förvägrar	f œ r v 'ɛː ɡ r a r
förvälla	f œ r v 'ɛ l ɛ r
förvänta	f œ r v 'ɛ n t a
förväntan	f œ r v 'ɛ n t a n
förväntar	f œ r v 'ɛ n t a r
förväntning	f œ r v 'ɛ n t n ɪ ŋ
förvärra	f œ r v 'ɛ r a
förvärrar	f œ r v 'ɛ r a r
förvärras	f œ r v r r a s
förvärv	f œ r v 'ɛ r v
förvärva	f œ r v 'ɛ r v a
förvärvar	f œ r v 'ɛ r v a r
förvärvsarbeta	²f œ r v 'ɛ r v s a r b eː t a
förvärvsarbetar	²f œ r v 'ɛ r v s a r b eː t a r
förvärvsarbete	²f œ r v 'ɛ r v s a r b eː t ɛ
förvärvskälla	f œ r v 'ɛ r v s ɕ ɛ l a
förvärvstillstånd	²f œ r v 'ɛ r v s t ɪ l s t ɔ n d
förväxla	f œ r v 'ɛ k s l a
förväxlar	f œ r v 'ɛ k s l a r
förväxling	f œ r v 'ɛ k s l ɪ ŋ
förvåna	f œ r v 'oː n a
förvånad	f œ r v 'oː n a d
förvånar	f œ r v 'oː n a r
förvåning	f œ r v 'oː n ɪ ŋ
föryngra	f œ r 'ʏ ŋ r a
föryngrar	f œ r 'ʏ ŋ r a r
föryngring	f œ r 'ʏ ŋ r ɪ ŋ
förädla	f œ r 'ɛː d l a
förädlar	f œ r 'ɛː d l a r
förädling	f œ r 'ɛː d l ɪ ŋ
förälder	f œ r 'ɛ l d ɛ r
föräldraförsäkring	²f œ r 'ɛ l d r a f œ ɕ ɛː k r ɪ ŋ
föräldraledighet	²f œ r 'ɛ l d r a l eː d ɪ ɡ h eː t
föräldralös	²f œ r 'ɛ l d r a l øː s
föräldramöte	²f œ r 'ɛ l d r a m øː t ɛ
föräldrapenning	²f œ r 'ɛ l d r a p ɛ n ɪ ŋ
förälskad	f œ r 'ɛ l s k a d
förälskelse	²f œ r 'ɛ l s k ɛ l s ɛ
förändra	f œ r 'ɛ n d r a
förändrar	f œ r 'ɛ n d r a r
förändring	f œ r 'ɛ n d r ɪ ŋ
föråldrad	f œ r 'ɔ l d r a d
förödande	f œ r 'øː d a n d ɛ
förödelse	f œ r 'øː d ɛ l s ɛ
förödmjuka	²f 'øː r øː d m j ʉː k a
förödmjukar	²f 'øː r øː d m j ʉː k a r
förödmjukelse	²f 'øː r øː d m j ʉː k ɛ l s ɛ
föröva	f œ r 'øː v a
förövar	f œ r 'øː v a r
fösa	f 'øː s ɛ r
fötter	f 'œ t ɛ r
g	ɡ eː
gabardin	ɡ a b a d 'iː n
gabbe	²s ɡ a b ɛ
gabriel	ɡ 'ɑː b r ɪ ɛ l
gadd	ɡ a d
gaffel	ɡ 'a f ɛ l
gage	ɡ ɑː ɧ
gaggig	²ɡ 'a ɡ ɪ ɡ
gagn	ɡ a ŋ n
gagna	²ɡ a ŋ n a
gal	ɡ ɑː l
gala	²ɡ 'ɑː l a
galant	ɡ a l 'a n t
galax	ɡ a l 'a k s
gale	ɡ a l ɛ
galen	²ɡ 'ɑː l ɛ n
galenpanna	²ɡ 'ɑː l ɛ n p a n a
galge	²ɡ 'a l j ɛ
galghumor	²ɡ 'a l j h ʉː m ʊ r
galla	²ɡ 'a l a
galler	ɡ 'a l ɛ r
galleri	ɡ a l ɛ r 'iː
galleria	²ɡ a l ɛ r 'iː a
gallfeber	²ɡ 'a l f eː b ɛ r
gallra	²ɡ 'a l r a
gallrar	²ɡ 'a l r a r
gallskrika	²ɡ 'a l s k r iː k ɛ r
gallsten	²ɡ 'a l s t eː n
gallupundersökning	²ɡ 'a l ɵ p ɵ n d ɛ ɕ øː k n ɪ ŋ
galning	²ɡ 'ɑː l n ɪ ŋ
galopp	ɡ a l 'ɔ p
galoppera	ɡ a l ɔ p 'eː r a
galopperar	ɡ a l ɔ p 'eː r a r
galosch	ɡ a l 'ɔ ɧ
galt	ɡ a l t
galvanisera	ɡ a l v a n ɪ s 'eː r a
galvaniserar	ɡ a l v a n ɪ s 'eː r a r
galär	ɡ a l 'ɛː r
galären	ɡ a l 'ɛː r ɛ n
galärens	ɡ a l 'ɛː r ɛ n s
galärer	ɡ a l 'ɛː r ɛ r
galärerna	ɡ a l 'ɛː r ɛ r n a
galärernas	ɡ a l 'ɛː r ɛ r n a s
galärers	ɡ a l 'ɛː r ɛ r s
galärs	ɡ a l 'ɛː r s
gam	ɡ ɑː m
gambia	ɡ a m b ɪ a
game	ɡ eː m
gamling	²ɡ 'a m l ɪ ŋ
gammal	²ɡ 'a m a l
gammaldags	²ɡ 'a m a l d a k s
gammaldans	²ɡ 'a m a l d a n s
gammalmodig	²ɡ 'a m a l m uː d ɪ ɡ
gamme	²s ɡ a m ɛ
gammeldans	²s ɡ a m ɛ l d a n s
gammelgädda	²s ɡ a m ɛ l j ɛ d a
gammelmedia	²s ɡ a m ɛ l m 'eː d ɪ a
gangster	ɡ 'a ŋ s t ɛ r
ganska	²ɡ 'a n s k a
gap	ɡ ɑː p
gapa	²ɡ 'ɑː p a
gapar	²ɡ 'ɑː p a r
gaphals	²ɡ 'ɑː p h a l s
gapskratt	²ɡ 'ɑː p s k r a t
garage	ɡ a r 'ɑː ɧ
garant	ɡ a r 'a n t
garantera	ɡ a r a n t 'eː r a
garanterar	ɡ a r a n t 'eː r a r
garanti	ɡ a r a n t 'iː
garantibevis	²ɡ a r a n t 'iː b ɛ v iː s
garde	²ɡ 'ɑː d ɛ
gardera	ɡ a d 'eː r a
garderar	ɡ a d 'eː r a r
garderob	ɡ a d ɛ r 'oː b
gardin	ɡ a d 'iː n
garn	ɡ ɑː n
garnera	ɡ a n 'eː r a
garnerar	ɡ a n 'eː r a r
garnison	ɡ a n ɪ s 'uː n
garva	²ɡ 'a r v a
garvad	²ɡ 'a r v a d
garvar	²ɡ 'a r v a r
gas	ɡ ɑː s
gasbinda	²ɡ 'ɑː s b ɪ n d a
gasmask	²ɡ 'ɑː s m a s k
gasol	ɡ a s 'oː l
gassa	²ɡ 'a s a
gassar	²ɡ 'a s a r
gastkrama	²ɡ 'a s t k r ɑː m a
gastkramar	²ɡ 'a s t k r ɑː m a r
gastronomisk	ɡ a s t r ʊ n 'oː m ɪ s k
gata	²ɡ 'ɑː t a
gatlykta	²ɡ 'ɑː t l ʏ k t a
gav	ɡ ɑː v
gavel	ɡ 'ɑː v ɛ l
ge	j eː r
gebit	ɡ ɛ b 'iː t
gedigen	j ɛ d 'iː ɡ ɛ n
geggig	ɡ 'ɛ ɡ ɪ ɡ
gehör	j ɛ h 'øː r
gelike	j ɛ l 'iː k ɛ
gelé	ɧ ɛ l 'eː
gem	ɡ eː m
gemen	j ɛ m 'eː n
gemensam	j ɛ m 'eː n s a m
gemenskap	j ɛ m 'eː n s k ɑː p
gemytlig	j ɛ m 'yː t l ɪ ɡ
gemål	j ɛ m 'oː l
gen	j eː n
genant	ɧ ɛ n 'a n t
genast	²j 'eː n a s t
genera	ɧ ɛ n 'eː r a
generad	ɧ ɛ n 'eː r a d
general	j ɛ n ɛ r 'ɑː l
general-	²j ɛ n ɛ r 'ɑː l
generalförsamling	²j ɛ n ɛ r 'ɑː l f œ ɕ a m l ɪ ŋ
generalisera	ɧ ɛ n ɛ r a l ɪ s 'eː r a
generaliserar	ɧ ɛ n ɛ r a l ɪ s 'eː r a r
generalkonsul	²j ɛ n ɛ r 'ɑː l k ɔ n s ɵ l
generalplan	²j ɛ n ɛ r 'ɑː l p l ɑː n
generalrepetition	²j ɛ n ɛ r 'ɑː l r ɛ p ɛ t ɪ ɧ uː n
generalsekreterare	²j ɛ n ɛ r 'ɑː l s ɛ k r ɛ t eː r a r ɛ
generar	ɧ ɛ n 'eː r a r
generation	j ɛ n ɛ r a ɧ 'uː n
generator	²j ɛ n ɛ r 'ɑː t ʊ r
generell	ɧ ɛ n ɛ r 'ɛ l
generositet	ɧ ɛ n ɛ r ʊ s ɪ t 'eː t
generös	ɧ ɛ n ɛ r 'øː s
genetik	j ɛ n ɛ t 'iː k
genetisk	j ɛ n 'eː t ɪ s k
gengäld	²j 'eː n j ɛ l d
gengångare	²j 'eː n ɡ ɔ ŋ a r ɛ
geni	ɧ ɛ n 'iː
genial	j ɛ n ɪ 'ɑː l
geniförklara	²ɧ ɛ n 'iː f œ r k l ɑː r a
geniförklarar	²ɧ ɛ n 'iː f œ r k l ɑː r a r
genitiv	²j 'eː n ɪ t iː v
genmäle	²j 'eː n m ɛː l ɛ
genom	j 'eː n ɔ m
genom-	²j 'eː n ɔ m
genomarbeta	²j 'eː n ɔ m a r b eː t a
genomarbetar	²j 'eː n ɔ m a r b eː t a r
genombrott	²j 'eː n ɔ m b r ɔ t
genomdriva	²j 'eː n ɔ m d r iː v ɛ r
genomfart	²j 'eː n ɔ m f ɑː r t
genomföra	²j 'eː n ɔ m f øː r
genomgick	²j 'eː n ɔ m j ɪ k
genomgripande	²j 'eː n ɔ m ɡ r iː p a n d ɛ
genomgå	²j 'eː n ɔ m ɡ oː r
genomgående	²j 'eː n ɔ m ɡ oː ɛ n d ɛ
genomgång	²j 'eː n ɔ m ɡ ɔ ŋ
genomklappning	²j 'eː n ɔ m k l a p n ɪ ŋ
genomkörare	²j 'eː n ɔ m ɕ øː r a r ɛ
genomskinlig	²j 'eː n ɔ m ɧ iː n l ɪ ɡ
genomskärning	²j 'eː n ɔ m ɧ ɛː n ɪ ŋ
genomskåda	²j 'eː n ɔ m s k oː d a
genomskådar	²j 'eː n ɔ m s k oː d a r
genomslag	²j 'eː n ɔ m s l ɑː ɡ
genomsnitt	²j 'eː n ɔ m s n ɪ t
genomsyra	²j 'eː n ɔ m s yː r a
genomsyrar	²j 'eː n ɔ m s yː r a r
genomsöka	²j 'eː n ɔ m s øː k ɛ r
genomsökning	²s j ɛ n ɔ m ²s s œ k n ɪ ŋ
genomträngande	²j 'eː n ɔ m t r ɛ ŋ a n d ɛ
genre	ɧ 'a ŋ ɛ r
genren	ɧ a ŋ ɛ r n
genrep	²j 'eː n r eː p
genrer	ɧ a ŋ r a r
genrerna	ɧ a ŋ r a r n a
genskjuta	²j 'eː n ɧ ʉː t ɛ r
gensvar	²j 'eː n s v ɑː r
gentemot	j 'eː n t ɛ m uː t
gentil	ɧ a ŋ t 'iː l
gentjänst	²j 'eː n ɕ ɛ n s t
gentleman	²j 'ɛ n t l ɛ m a n
genuin	j ɛ n ɵ 'iː n
genus	j 'eː n ɵ s
genväg	²j 'eː n v ɛː ɡ
geografi	j ɛ ʊ ɡ r a f 'iː
geologi	j ɛ ʊ l ʊ ɡ 'iː
geometri	j ɛ ʊ m ɛ t r 'iː
geopolitisk	j 'eː 'uː p ʊ l k t ɪ s k
georg	j 'eː ɔ r j
georgien	j 'eː ɔ r ɡ ɪ ɛ n
ger	j 'eː r
gerilla	²ɡ ɛ r 'ɪ l a
german	j ɛ r m 'ɑː n
germanium	j ɛ r m 'ɑː n ɪ ɵ m
gert	j r t
geschäft	ɡ ɛ ɧ 'ɛ f t
gess	ɡ ɛ s
gest	ɧ ɛ s t
gestalt	j ɛ s t 'a l t
gestalta	j ɛ s t 'a l t a
gestaltar	j ɛ s t 'a l t a r
gestikulera	ɧ ɛ s t ɪ k ɵ l 'eː r a
gestikulerar	ɧ ɛ s t ɪ k ɵ l 'eː r a r
get	j eː t
geting	²j 'eː t ɪ ŋ
getingbo	²j 'eː t ɪ ŋ b uː
getruta	j 'eː t r ʉː t a
gett	j ɛ t
getto	ɡ 'ɛ t ʊ
geväder	j ɛ v ɛː d ɛ r
gevär	j ɛ v 'ɛː r
ghana	ɡ 'ɑː n a
gick	j ɪ k
giffel	²j 'ɪ f ɛ l
gift	j ɪ f t
gifte	²j 'ɪ f t ɛ
gifter	²s j ɪ f t ɛ r
giftermål	²j 'ɪ f t ɛ r m oː l
giftig	²j 'ɪ f t ɪ ɡ
giftinformationscentralen	²j 'ɪ f t ɪ n f ɔ r m a ɧ uː n s ɛ n t r ɑː l ɛ n
giftorätt	²j 'ɪ f t ʊ r ɛ t
giftorättsgods	²j 'ɪ f t ʊ r ɛ t s ɡ ʊ t s
giga	j 'iː ɡ a
gigant	j ɪ ɡ 'a n t
gigantisk	j ɪ ɡ 'a n t ɪ s k
gikt	j ɪ k t
giljotin	ɡ ɪ l j ɔ t 'iː n
gill	j ɪ l
gilla	²j 'ɪ l a
gillar	²j 'ɪ l a r
gillestuga	²j 'ɪ l ɛ s t ʉː ɡ a
gillra	²j 'ɪ l r a
gillrar	²j 'ɪ l r a r
giltig	²j 'ɪ l t ɪ ɡ
gimo	j 'iː m ʊ
gin	j ɪ n
ginst	ɡ ɪ n s t
gips	j ɪ p s
gipsa	²j 'ɪ p s a
gipsar	²j 'ɪ p s a r
gipsplatta	j ɪ p s p l a t a
gipsskiva	j ɪ p s ɧ 'iː v a
gir	j iː r
gira	²j 'iː r a
giraff	ɧ ɪ r 'a f
girar	²j 'iː r a r
girera	j ɪ r 'eː r a
girerar	j ɪ r 'eː r a r
girig	²j 'iː r ɪ ɡ
girigbuk	²j 'iː r ɪ ɡ b ʉː k
giro	j 'iː r ʊ
giss	ɡ ɪ s
gissa	²j 'ɪ s a
gissar	²j 'ɪ s a r
gissel	j 'ɪ s ɛ l
gisslan	²j 'ɪ s l a n
gissning	²j 'ɪ s n ɪ ŋ
gisten	²j 'ɪ s t ɛ n
gita	²s j 'iː t a
gitarr	j ɪ t 'a r
gitarrist	j ɪ t a r 'ɪ s t
gitta	j 'ɪ t ɛ r
giv	j iː v
giva	j 'iː v a
givakt	j ɪ v 'a k t
givande	²j 'iː v a n d ɛ
given	²j 'iː v ɛ n
giver	j 'iː v ɛ r
givetvis	²j 'iː v ɛ t v iː s
givit	²j 'iː v ɪ t
givmild	²j 'iː v m ɪ l d
gjord	j 'uː r d
gjorde	²j 'uː d ɛ
gjort	j uː t
gjuta	j 'ʉː t ɛ r
gjuteri	j ʉː t ɛ r 'iː
gjutit	²j 'ʉː t ɪ t
glaciär	ɡ l a s ɪ 'ɛː r
glad	ɡ l ɑː d
gladde	²ɡ l 'a d ɛ
gladlynt	²ɡ l 'ɑː d l ʏ n t
glamorös	ɡ l a m ʊ r 'øː s
glamour	ɡ l a m 'uː r
glans	ɡ l a n s
glansig	²ɡ l 'a n s ɪ ɡ
glapp	ɡ l a p
glappa	²ɡ l 'a p a
glappar	²ɡ l 'a p a r
glas	ɡ l ɑː s
glasbruk	²ɡ l 'ɑː s b r ʉː k
glashus	²s ɡ l 'ɑː s h ʉː s
glasmästare	²ɡ l 'ɑː s m ɛ s t a r ɛ
glasmästarsill	²s ɡ l 'ɑː s m ɛ s t a r s ɪ l
glass	ɡ l a s
glassmaskin	ɡ l a s m a ɧ 'iː n
glasyr	ɡ l a s 'yː r
glasögon	²ɡ l 'ɑː s øː ɡ ɔ n
glatt	ɡ l a t
gled	ɡ l eː d
gles	ɡ l eː s
glida	ɡ l 'iː d ɛ r
glidning	ɡ l 'iː d n ɪ ŋ
glidtackling	ɡ l 'iː d t a k l ɪ ŋ
glimma	²ɡ l 'ɪ m a
glimmar	²ɡ l 'ɪ m a r
glimt	ɡ l ɪ m t
gliring	²ɡ l 'iː r ɪ ŋ
glitter	ɡ l 'ɪ t ɛ r
glittra	²ɡ l 'ɪ t r a
glittrar	²ɡ l 'ɪ t r a r
glo	ɡ l uː r
glob	ɡ l uː b
global	ɡ l ʊ b 'ɑː l
gloria	ɡ l 'uː r ɪ a
glosa	²ɡ l 'uː s a
glotal	ɡ l ʊ t 'ɑː l
glufsa	²ɡ l 'ɵ f s a
glufsar	²ɡ l 'ɵ f s a r
glugg	ɡ l ɵ ɡ
glupsk	ɡ l ɵ p s k
gluttsnäppa	ɡ l ɵ t s n ɛ p a
glykol	ɡ l ʏ k 'oː l
glädja	ɡ l 'ɛː d ɛ r
glädjande	²ɡ l 'ɛː d j a n d ɛ
glädje	²ɡ l 'ɛː d j ɛ
gläfsa	ɡ l 'ɛ f s ɛ r
glänsa	ɡ l 'ɛ n s ɛ r
glänsande	²ɡ l 'ɛ n s a n d ɛ
glänt	ɡ l ɛ n t
glänta	²ɡ l 'ɛ n t a
gläntar	²ɡ l 'ɛ n t a r
glätta	²ɡ l 'ɛ t a
glättar	²ɡ l 'ɛ t a r
glåmig	²ɡ l 'oː m ɪ ɡ
glåpord	²ɡ l 'oː p uː d
glöd	ɡ l øː d
glöda	ɡ l 'øː d ɛ r
glödga	²ɡ l 'œ d ɡ a
glödgar	²ɡ l 'œ d ɡ a r
glödlampa	²ɡ l 'øː d l a m p a
glögg	ɡ l œ ɡ
glömma	ɡ l 'œ m ɛ r
glömsk	ɡ l œ m s k
glömska	²ɡ l 'œ m s k a
gm	j 'eː n ɔ m
gnabb	ɡ n a b
gnag	ɡ n 'ɑː ɡ
gnaga	ɡ n 'ɑː ɡ ɛ r
gned	ɡ n eː d
gnesta	ɡ n ěː s t a
gnetig	ɡ n 'eː t ɪ ɡ
gnid	ɡ n 'iː d
gnida	ɡ n 'iː d ɛ r
gniden	²ɡ n 'iː d ɛ n
gnidig	²ɡ n 'iː d ɪ ɡ
gnidit	²ɡ n 'iː d ɪ t
gnids	ɡ n 'iː d s
gnissel	ɡ n 'ɪ s ɛ l
gnissla	²ɡ n 'ɪ s l a
gnisslar	²ɡ n 'ɪ s l a r
gnista	²ɡ n 'ɪ s t a
gnistra	²ɡ n 'ɪ s t r a
gnistrar	²ɡ n 'ɪ s t r a r
gno	ɡ n uː r
gnola	²ɡ n 'uː l a
gnolar	²ɡ n 'uː l a r
gnugga	²ɡ n 'ɵ ɡ a
gnuggar	²ɡ n 'ɵ ɡ a r
gnutta	²ɡ n 'ɵ t a
gny	ɡ n yː r
gnägga	²ɡ n 'ɛ ɡ a
gnäggar	²ɡ n 'ɛ ɡ a r
gnäll	ɡ n ɛ l
gnälla	ɡ n 'ɛ l ɛ r
gnällig	²ɡ n 'ɛ l ɪ ɡ
go	ɡ uː
gobeläng	ɡ ɔ b ɛ l 'ɛ ŋ
god	ɡ uː d
godartad	²ɡ 'uː d ɑː t a d
godbit	²ɡ 'uː d b iː t
goddag	ɡ ʊ d 'ɑː ɡ
godhet	²ɡ 'uː d h eː t
godhetssignalering	ɡ 'uː d h 'eː t s s ɪ ɡ n a l 'eː r ɪ ŋ
goding	ɡ 'uː d ɪ ŋ
godis	ɡ 'uː d ɪ s
godkänna	²ɡ 'uː d ɕ ɛ n ɛ r
godmodig	²ɡ 'uː d m uː d ɪ ɡ
gods	ɡ ʊ t s
godsak	²ɡ 'uː d s ɑː k
godta	²ɡ 'uː d t ɑː r
godtagbar	²ɡ 'uː d t ɑː ɡ b ɑː r
godtrogen	²ɡ 'uː d t r uː ɡ ɛ n
godtycke	²ɡ 'uː d t ʏ k ɛ
godtycklig	²ɡ 'uː d t ʏ k l ɪ ɡ
gol	ɡ uː l
golf	ɡ ɔ l f
golv	ɡ ɔ l v
golva	²ɡ 'ɔ l v a
golvar	²ɡ 'ɔ l v a r
gom	ɡ ʊ m
gonorré	ɡ ɔ n ʊ r 'eː
googla	²s ɡ 'uː ɡ l a
gorilla	²ɡ ʊ r 'ɪ l a
gorma	²ɡ 'ɔ r m a
gormar	²ɡ 'ɔ r m a r
gosig	²ɡ 'uː s ɪ ɡ
gosse	²ɡ 'ɔ s ɛ
gotland	ɡ 'ɔ t l a n d
gott	ɡ ɔ t
gottegris	²ɡ 'ɔ t ɛ ɡ r iː s
gottfinnande	²ɡ 'ɔ t f ɪ n a n d ɛ
gottgöra	²ɡ 'ɔ t j øː r
grabb	ɡ r a b
graciös	ɡ r a s ɪ 'øː s
grad	ɡ r ɑː d
graderad	ɡ r a d 'eː r a d
gradu	ɡ r a d ɵ
gradvis	²ɡ r 'ɑː d v iː s
graf	ɡ r 'ɑː f
graffiti	ɡ r a f 'iː t ɪ
grafik	ɡ r a f 'iː k
grafisk	ɡ r 'ɑː f ɪ s k
grahamsmjöl	²ɡ r 'ɑː h a m s m j øː l
gram	ɡ r a m
grammatik	ɡ r a m a t 'iː k
grammofon	ɡ r a m ʊ f 'oː n
gran	ɡ r ɑː n
granat	ɡ r a n 'ɑː t
grandios	ɡ r a n d ɪ 'oː s
granit	ɡ r a n 'iː t
grann	ɡ r a n
granne	²ɡ r 'a n ɛ
grannlåt	²ɡ r 'a n l oː t
grannskap	²ɡ r 'a n s k ɑː p
granska	²ɡ r 'a n s k a
granskar	²ɡ r 'a n s k a r
gransångare	ɡ r 'ɑː n s ɔ ŋ a r ɛ
grapefrukt	²ɡ r 'ɛ j p f r ɵ k t
gratifikation	ɡ r a t ɪ f ɪ k a ɧ 'uː n
gratinera	ɡ r a t ɪ n 'eː r a
gratinerar	ɡ r a t ɪ n 'eː r a r
gratis	ɡ r 'ɑː t ɪ s
gratta	²ɡ r 'a t a
grattar	²ɡ r 'a t a r
grattis	ɡ r 'a t ɪ s
gratulation	ɡ r a t ɵ l a ɧ 'uː n
gratulera	ɡ r a t ɵ l 'eː r a
gratulerar	ɡ r a t ɵ l 'eː r a r
gratäng	ɡ r a t 'ɛ ŋ
grav	ɡ r ɑː v
grava	²ɡ r 'ɑː v a
gravand	ɡ r 'ɑː v a n d
gravar	²ɡ r 'ɑː v a r
gravationsbevis	²ɡ r a v a ɧ 'uː n s b ɛ v iː s
gravera	ɡ r a v 'eː r a
graverande	ɡ r a v 'eː r a n d ɛ
graverar	ɡ r a v 'eː r a r
gravid	ɡ r a v 'iː d
graviditet	ɡ r a v ɪ d ɪ t 'eː t
graviditetstest	²ɡ r a v ɪ d ɪ t 'eː t s t ɛ s t
gravitation	ɡ r a v ɪ t a ɧ 'uː n
gravlax	²ɡ r 'ɑː v l a k s
gravyr	ɡ r a v 'yː r
gravöl	²ɡ r 'ɑː v øː l
green	ɡ r 'iː n
grej	ɡ r ɛ j
greja	²ɡ r 'ɛ j a
grejar	²ɡ r 'ɛ j a r
grek	ɡ r eː k
grekisk	ɡ r 'eː k ɪ s k
grekland	ɡ r 'eː k l a n d
gren	ɡ r eː n
grensla	²ɡ r 'ɛ n s l a
grenslar	²ɡ r 'ɛ n s l a r
grensle	²ɡ r 'ɛ n s l ɛ
grep	ɡ r eː p
grepp	ɡ r ɛ p
greppa	²ɡ r 'ɛ p a
greppar	²ɡ r 'ɛ p a r
greve	²ɡ r 'eː v ɛ
grill	ɡ r ɪ l
grilla	²ɡ r 'ɪ l a
grillar	²ɡ r 'ɪ l a r
grimas	ɡ r ɪ m 'ɑː s
grimasera	ɡ r ɪ m a s 'eː r a
grimaserar	ɡ r ɪ m a s 'eː r a r
grimshult	ɡ r ɪ m s h ɵ l t
grin	ɡ r iː n
grina	²ɡ r 'iː n a
grinar	²ɡ r 'iː n a r
grind	ɡ r ɪ n d
grindstuga	ɡ r ɪ n d s t ʉː ɡ a
grinig	²ɡ r 'iː n ɪ ɡ
grip	ɡ r 'iː p
gripa	ɡ r 'iː p ɛ r
gripande	²ɡ r 'iː p a n d ɛ
gripen	²ɡ r 'iː p ɛ n
gris	ɡ r iː s
gro	ɡ r uː r
groda	²ɡ r 'uː d a
grodd	ɡ r ʊ d
grodman	²ɡ r 'uː d m a n
grodperspektiv	²ɡ r 'uː d p a ɕ p ɛ k t iː v
grogg	ɡ r ɔ ɡ
grogrund	²ɡ r 'uː ɡ r ɵ n d
groll	ɡ r ɔ l
grop	ɡ r uː p
gropig	²ɡ r 'uː p ɪ ɡ
gross	ɡ r ɔ s
grosshandlare	²ɡ r 'ɔ s h a n d l a r ɛ
grossist	ɡ r ɔ s 'ɪ s t
grotesk	ɡ r ʊ t 'ɛ s k
grotta	²ɡ r 'ɔ t a
grov	ɡ r uː v
grovarbete	²ɡ r 'uː v a r b eː t ɛ
grovkök	²ɡ r 'uː v ɕ øː k
grubbla	²ɡ r 'ɵ b l a
grubblar	²ɡ r 'ɵ b l a r
grumlig	²ɡ r 'ɵ m l ɪ ɡ
grund	ɡ r ɵ n d
grunda	²ɡ r 'ɵ n d a
grundar	²ɡ r 'ɵ n d a r
grundforskning	²ɡ r 'ɵ n d f ɔ ɕ k n ɪ ŋ
grundfärg	²ɡ r 'ɵ n d f a r j
grundlag	²ɡ r 'ɵ n d l ɑː ɡ
grundlig	²ɡ r 'ɵ n d l ɪ ɡ
grundlurad	²ɡ r 'ɵ n d l ʉː r a d
grundlägga	²ɡ r 'ɵ n d l ɛ ɡ ɛ r
grundläggande	²ɡ r 'ɵ n d l ɛ ɡ a n d ɛ
grundlös	²ɡ r 'ɵ n d l øː s
grundmurad	²ɡ r 'ɵ n d m ʉː r a d
grundskola	²ɡ r 'ɵ n d s k uː l a
grundsyn	²ɡ r 'ɵ n d s yː n
grundval	²ɡ r 'ɵ n d v ɑː l
grundvatten	²ɡ r 'ɵ n d v a t ɛ n
grundvux	²ɡ r 'ɵ n d v ɵ k s
grundämne	²ɡ r 'ɵ n d ɛ m n ɛ
grunka	²ɡ r 'ɵ ŋ k a
grunna	²ɡ r 'ɵ n a
grunnar	²ɡ r 'ɵ n a r
grupp	ɡ r ɵ p
gruppera	ɡ r ɵ p 'eː r a
grupperar	ɡ r ɵ p 'eː r a r
gruppering	ɡ r ɵ p 'eː r ɪ ŋ
gruppförsäkring	²ɡ r 'ɵ p f œ ɕ ɛː k r ɪ ŋ
grupplivförsäkring	²ɡ r 'ɵ p l iː v f œ ɕ ɛː k r ɪ ŋ
grus	ɡ r ʉː s
grusa	²ɡ r 'ʉː s a
grusar	²ɡ r 'ʉː s a r
gruva	²ɡ r 'ʉː v a
gruvlig	²ɡ r 'ʉː v l ɪ ɡ
gry	ɡ r yː r
grym	ɡ r ʏ m
grymta	²ɡ r 'ʏ m t a
grymtar	²ɡ r 'ʏ m t a r
gryn	ɡ r yː n
gryning	²ɡ r 'yː n ɪ ŋ
gryta	²ɡ r 'yː t a
grytlapp	²ɡ r 'yː t l a p
gräbba	ɡ r ɛ b a
grädda	²ɡ r 'ɛ d a
gräddar	²ɡ r 'ɛ d a r
gräddbulle	²s ɡ r ɛ d b ɵ l ɛ
grädde	²ɡ r 'ɛ d ɛ
gräddfil	ɡ r ɛ d f 'iː l
gräddig	²s ɡ r ɛ d ɪ
gräl	ɡ r ɛː l
gräla	²ɡ r 'ɛː l a
grälar	²ɡ r 'ɛː l a r
gräll	ɡ r ɛ l
gränd	ɡ r ɛ n d
gräns	ɡ r ɛ n s
gränsa	²ɡ r 'ɛ n s a
gränsar	²ɡ r 'ɛ n s a r
gränsfall	²ɡ r 'ɛ n s f a l
gränsle	²ɡ r 'ɛ n s l ɛ
gränslös	²ɡ r 'ɛ n s l øː s
gränssnitt	²ɡ r 'ɛ n s n ɪ t
gränsvärde	²ɡ r 'ɛ n s v ɛː d ɛ
gräs	ɡ r ɛː s
gräsand	ɡ r ɛː s a n d
gräshoppa	²ɡ r 'ɛː s h ɔ p a
gräsklippare	²ɡ r 'ɛː s k l ɪ p a r ɛ
gräslig	²ɡ r 'ɛː s l ɪ ɡ
gräslök	²ɡ r 'ɛː s l øː k
gräsmatta	²ɡ r 'ɛː s m a t a
gräsrot	²ɡ r 'ɛː s r uː t
gräsänka	²ɡ r 'ɛː s ɛ ŋ k a
gräsänkling	²ɡ r 'ɛː s ɛ ŋ k l ɪ ŋ
grät	ɡ r ɛː t
gräva	ɡ r 'ɛː v ɛ r
grävling	²ɡ r 'ɛː v l ɪ ŋ
grävskopa	²ɡ r 'ɛː v s k uː p a
grå	ɡ r oː
gråben	²s ɡ r oː b 'eː n
grådaskig	²ɡ r 'oː d a s k ɪ ɡ
grågam	ɡ r oː ɡ 'ɑː m
grågås	ɡ r oː ɡ oː s
gråhakedopping	ɡ r oː h 'ɑː k ɛ d ɔ p ɪ ŋ
gråhäger	ɡ r oː h ɛ ɡ ɛ r
gråna	²ɡ r 'oː n a
grånar	²ɡ r 'oː n a r
gråsparv	²ɡ r 'oː s p a r v
gråspett	ɡ r oː s p ɛ t
gråsprängd	²ɡ r 'oː s p r ɛ ŋ d
gråsäl	ɡ r oː s ɛː l
gråt	ɡ r oː t
gråta	ɡ r 'oː t ɛ r
gråtfärdig	²ɡ r 'oː t f ɛː d ɪ ɡ
gråtit	ɡ r 'oː t ɪ t
gråtrut	ɡ r oː t r ʉː t
gröda	²ɡ r 'øː d a
grön	ɡ r øː n
grönbena	ɡ r øː n b 'eː n a
gröngöling	²ɡ r 'øː n j øː l ɪ ŋ
grönkål	ɡ r øː n k oː l
grönköping	ɡ r øː n ɕ øː p ɪ ŋ
grönland	ɡ r øː n l a n d
grönmynta	²s ɡ r œ n m ʏ n t a
grönområde	²ɡ r 'øː n ɔ m r oː d ɛ
grönsak	²ɡ r 'øː n s ɑː k
grönsallat	²ɡ r 'øː n s a l a t
grönska	²ɡ r 'œ n s k a
grönskar	²ɡ r 'œ n s k a r
grönsångare	ɡ r øː n s ɔ ŋ a r ɛ
gröt	ɡ r øː t
grövre	ɡ r 'øː v r ɛ
grövst	ɡ r øː v s t
guatemala	ɡ ɵ a t ɛ ²s m 'ɑː l a
gubbe	²ɡ 'ɵ b ɛ
gud	ɡ ʉː d
gudabenådad	²ɡ 'ʉː d a b ɛ n oː d a d
gudbarn	²ɡ 'ʉː d b ɑː n
gudfar	²ɡ 'ʉː d f ɑː r
guding	²s ɡ ʉː d ɪ ŋ
gudinna	²ɡ ɵ d 'ɪ n a
gudmor	²ɡ 'ʉː d m uː r
gudomlig	ɡ ɵ d 'ʊ m l ɪ ɡ
guds	ɡ ɵ t s
gudskelov	ɡ ɵ ɧ ɛ l 'oː v
gudstjänst	²ɡ 'ɵ t s ɕ ɛ n s t
guide	ɡ a j d
guinea	ɡ ɵ ɪ n 'eː a
gul	ɡ ʉː l
gula	²ɡ 'ʉː l a
guld	ɡ ɵ l d
guldgruva	²ɡ 'ɵ l d ɡ r ʉː v a
gullgosse	²s ɡ ɵ l ɡ ɔ s ɛ
gullig	²ɡ 'ɵ l ɪ ɡ
gullviva	²ɡ 'ɵ l v iː v a
gulna	²ɡ 'ʉː l n a
gulnar	²ɡ 'ʉː l n a r
gulsot	²ɡ 'ʉː l s uː t
gumma	²ɡ 'ɵ m a
gummi	²ɡ 'ɵ m ɪ
gump	ɡ ɵ m p
gunga	²ɡ 'ɵ ŋ a
gungar	²ɡ 'ɵ ŋ a r
gungfly	²s ɡ ɵ ŋ f l 'yː
gunghäst	ɡ ɵ ŋ h r s t
gunst	ɡ ɵ n s t
gunstling	ɡ 'ɵ n s t l ɪ ŋ
gupp	ɡ ɵ p
guppa	²ɡ 'ɵ p a
guppar	²ɡ 'ɵ p a r
gurka	²ɡ 'ɵ r k a
gurra	²s ɡ ɵ r a
guru	ɡ s r ɵ
guss	ɡ ɵ s
gustaviansk	ɡ ɵ s t a v ɪ 'ɑː n s k
gutniska	ɡ ɵ t n ɪ s k a
gyckel	j 'ʏ k ɛ l
gylf	j ʏ l f
gyllene	²j 'ʏ l ɛ n ɛ
gym	j ʏ m
gymma	²s j ʏ m a
gymnasieskola	²j ʏ m n 'ɑː s ɪ ɛ s k uː l a
gymnasist	j ʏ m n a s 'ɪ s t
gymnasium	j ʏ m n 'ɑː s ɪ ɵ m
gymnast	j ʏ m n 'a s t
gymnastik	j ʏ m n a s t 'iː k
gymnastisera	j ʏ m n a s t ɪ s 'eː r a
gymnastiserar	j ʏ m n a s t ɪ s 'eː r a r
gymping	j 'ʏ m p ɪ ŋ
gynekolog	j ʏ n ɛ k ʊ l 'oː ɡ
gynna	²j 'ʏ n a
gynnar	²j 'ʏ n a r
gynnare	²j 'ʏ n a r ɛ
gynnsam	²j 'ʏ n s a m
gyros	j 'yː r ʊ s
gytter	j 'ʏ t ɛ r
gyttja	²j 'ʏ t j a
gyttjig	²j 'ʏ t j ɪ ɡ
gäck	j ɛ k
gädda	²j 'ɛ d a
gäl	j ɛː l
gälar	²j 'ɛː l a r
gäld	j ɛ l d
gäldenär	j ɛ l d ɛ n 'ɛː r
gäll	j ɛ l
gälla	j 'ɛ l ɛ r
gäng	j ɛ ŋ
gänga	²j 'ɛ ŋ a
gängar	²j 'ɛ ŋ a r
gängse	²j 'ɛ ŋ s ɛ
gärde	²j 'ɛː d ɛ
gärdsgård	j 'ɛ ɕ ɡ oː d
gäri	ɡ ɛː r ɪ
gärna	²j 'ɛː n a
gärning	²j 'ɛː n ɪ ŋ
gärningsman	²j 'ɛː n ɪ ŋ s m a n
gäspa	²j 'ɛ s p a
gäspar	²j 'ɛ s p a r
gäss	j ɛ s
gäst	j ɛ s t
gästa	²j 'ɛ s t a
gästar	²j 'ɛ s t a r
gästarbetare	²j 'ɛ s t a r b eː t a r ɛ
gästfri	²j 'ɛ s t f r iː
gästfrihet	j ɛ s t f r 'iː h 'eː t
gästgivargård	²j 'ɛ s t j iː v a r ɡ oː d
gästgiveri	j r s t j 'iː v ɛ r 'iː
gästhamn	²j 'ɛ s t h a m n
gästrikland	j 'ɛ s t r ɪ k l a n d
gästspel	²j 'ɛ s t s p eː l
gäststuderande	²j 'ɛ s t s t ɵ d eː r a n d ɛ
gävle	j ɛː v l ɛ
gävleborg	j ɛː v l ɛ b ɔ r j
gå	ɡ oː r
gående	²ɡ 'oː ɛ n d ɛ
gågata	²ɡ 'oː ɡ ɑː t a
gång	ɡ ɔ ŋ
gångbar	²ɡ 'ɔ ŋ b ɑː r
gången	ɡ ɔ ŋ ɛ n
gångjärn	²ɡ 'ɔ ŋ j ɛː n
gångtrafikant	²ɡ 'ɔ ŋ t r a f ɪ k a n t
går	ɡ oː r
gård	ɡ oː d
gås	ɡ oː s
gåshud	²ɡ 'oː s h ʉː d
gåskarl	ɡ oː s k 'ɑː r
gåsmarsch	²ɡ 'oː s m a r ɧ
gåstol	ɡ oː s t 'uː l
gåta	²ɡ 'oː t a
gått	ɡ ɔ t
gåva	²ɡ 'oː v a
gö	j øː
göda	j 'øː d ɛ r
gödsel	j 'œ s ɛ l
gödsla	²j 'œ s l a
gödslar	²j 'œ s l a r
gök	j øː k
göktyta	j øː k t 'yː t a
göl	j øː l
gömma	j 'œ m ɛ r
gömställe	²j 'œ m s t ɛ l ɛ
göra	j øː r
göran	j øː r a n
gördel	j œ r d ɛ l
göromål	²j 'øː r ʊ m oː l
gös	j øː s
göt	j øː t
götaland	²j 'øː t a l a n d
göteborg	j œ t ɛ b ɔ r j
göteborgare	²j øː t ɛ b 'ɔ r j a r ɛ
göteborgska	j œ t ɛ ²s b ɔ r j s k a
gött	j œ t
h	h oː
ha	h ɑː r
habil	h a b 'iː l
hack	h a k
hacka	²h 'a k a
hackar	²h 'a k a r
hackare	²h 'a k a r ɛ
hacker	h a k ɛ r
hackkyckling	²h 'a k ɕ ʏ k l ɪ ŋ
hackspett	²h 'a k s p ɛ t
hade	²h 'a d ɛ
haffa	²h 'a f a
haffar	²h 'a f a r
hafs	h a f s
hafsverk	²h 'a f s v a r k
haft	h a f t
hage	²h 'ɑː ɡ ɛ
hagel	h 'ɑː ɡ ɛ l
hagga	²h 'a ɡ a
hagla	²h 'ɑː ɡ l a
haglar	²h 'ɑː ɡ l a r
hagtorn	h a k t 'uː r n
haj	h a j
haja	²h 'a j a
hajar	²h 'a j a r
haka	²h 'ɑː k a
hake	²h 'ɑː k ɛ
hakkors	²h 'ɑː k ɔ ɕ
haklapp	²h 'ɑː k l a p
hakparentes	²h 'ɑː k p a r ɛ n t eː s
hal	h ɑː l
hala	²h 'ɑː l a
halar	²h 'ɑː l a r
halka	²h 'a l k a
halkar	²h 'a l k a r
halkig	²h 'a l k ɪ ɡ
hall	h a l
halland	h 'a l a n d
hallick	h 'a l ɪ k
hallon	²h 'a l ɔ n
hallucination	h a l ɵ s ɪ n a ɧ 'uː n
halländsk	²h 'a l ɛ n d s k
hallå	h a l 'oː
hallåman	²h a l 'oː m a n
halm	h a l m
halmbock	²s h a l m b ɔ k
halmstad	h â l m s t a
halmstrå	²h 'a l m s t r oː
hals	h a l s
halsa	²h 'a l s a
halsar	²h 'a l s a r
halsband	²h 'a l s b a n d
halsbloss	²h 'a l s b l ɔ s
halsbrytande	²h 'a l s b r yː t a n d ɛ
halsbränna	²h 'a l s b r ɛ n a
halsduk	²h 'a l s d ʉː k
halsfluss	²h 'a l s f l ɵ s
halsgrop	²h 'a l s ɡ r uː p
halshugga	²h 'a l s h ɵ ɡ ɛ r
halstra	²h 'a l s t r a
halstrar	²h 'a l s t r a r
halt	h a l t
halta	²h 'a l t a
haltar	²h 'a l t a r
halv	h a l v
halva	²h 'a l v a
halvannan	²h a l v 'a n a n
halvbror	²h 'a l v b r uː r
halvdan	²h 'a l v d a n
halvera	h a l v 'eː r a
halverar	h a l v 'eː r a r
halvfabrikat	²h 'a l v f a b r ɪ k ɑː t
halvförsäkring	²h 'a l v f œ ɕ ɛː k r ɪ ŋ
halvlek	²h 'a l v l eː k
halvljus	²h 'a l v j ʉː s
halvpension	²h 'a l v p a n ɧ uː n
halvstatlig	²h 'a l v s t ɑː t l ɪ ɡ
halvsula	²h 'a l v s ʉː l a
halvsular	²h 'a l v s ʉː l a r
halvsyster	²h 'a l v s ʏ s t ɛ r
halvtid	²h 'a l v t iː d
halvtimma	h a l v t ɪ m a
halvtimme	²h 'a l v t ɪ m ɛ
halvvägs	²h 'a l v ɛː ɡ s
halvår	²h 'a l v oː r
halvö	²h 'a l v øː
hambo	h 'a m b ʊ
hamburgare	²h 'a m b ɵ r j a r ɛ
hamburgerkött	²h 'a m b ɵ r j ɛ r ɕ œ t
hammare	²h 'a m a r ɛ
hamn	h a m n
hamna	²h 'a m n a
hamnar	²h 'a m n a r
hamneda	h a m n 'eː d a
hamra	²h 'a m r a
hamrar	²h 'a m r a r
hamstra	²h 'a m s t r a
hamstrar	²h 'a m s t r a r
han	h a n
hand	h a n d
handarbete	²h 'a n d a r b eː t ɛ
handbojor	²h 'a n d b oː j ʊ r
handbok	²h 'a n d b uː k
handboll	²h 'a n d b ɔ l
handbroms	²h 'a n d b r ɔ m s
handduk	²h 'a n d ʉː k
handel	h 'a n d ɛ l
handelsregister	²h 'a n d ɛ l s r ɛ j ɪ s t ɛ r
handelsrätt	²s h a n d ɛ l s r ɛ t
handfallen	²h 'a n d f a l ɛ n
handfast	²h 'a n d f a s t
handfat	²h 'a n d f ɑː t
handflata	²h 'a n d f l ɑː t a
handfull	²h 'a n d f ɵ l
handgemäng	²h 'a n d j ɛ m ɛ ŋ
handgjord	²h 'a n d j uː d
handgrepp	²h 'a n d ɡ r ɛ p
handgriplig	²h 'a n d ɡ r iː p l ɪ ɡ
handgången	²h 'a n d ɡ ɔ ŋ ɛ n
handha	²h 'a n d h ɑː r
handhjärta	h a n d j ɛ r t a
handikapp	h 'a n d ɪ k a p
handikappad	²h 'a n d ɪ k a p a d
handikappersättning	²h 'a n d ɪ k a p eː ɕ ɛ t n ɪ ŋ
handla	²h 'a n d l a
handlag	²h 'a n d l ɑː ɡ
handlar	²h 'a n d l a r
handled	²h 'a n d l eː d
handledare	²h 'a n d l eː d a r ɛ
handling	²h 'a n d l ɪ ŋ
handlov	²h 'a n d l uː v
handlägga	²h 'a n d l ɛ ɡ ɛ r
handlöst	²h 'a n d l øː s t
handpenning	²h 'a n d p ɛ n ɪ ŋ
handplocka	²h 'a n d p l ɔ k a
handplockar	²h 'a n d p l ɔ k a r
handske	²h 'a n d s k ɛ
handskrift	²h 'a n d s k r ɪ f t
handskriven	²h 'a n d s k r iː v ɛ n
handstil	²h 'a n d s t iː l
handtag	²h 'a n d t ɑː ɡ
handtryck	²s h a n d t r ʏ k
handväska	²h 'a n d v ɛ s k a
hane	²h 'ɑː n ɛ
hangar	h a ŋ ɡ 'ɑː r
hangarfartyg	²h a ŋ 'ɑː r f a t yː ɡ
haninge	h 'ɑː n ɪ ŋ ɛ
hann	h a n
hanne	²h 'a n ɛ
hanrej	h a n r ɛ j
hans	h a n s
hantera	h a n t 'eː r a
hanterar	h a n t 'eː r a r
hantlangare	²h 'a n t l a ŋ a r ɛ
hantverk	²h 'a n t v a r k
hantverkare	²h 'a n t v a r k a r ɛ
har	h 'ɑː r
hara	h 'ɑː r a
harang	h a r 'a ŋ
hare	²h 'ɑː r ɛ
harem	h 'ɑː r ɛ m
harm	h a r m
harmlös	²h 'a r m l øː s
harmoni	h a r m ʊ n 'iː
harmynt	²h 'ɑː r m ʏ n t
harpa	²h 'a r p a
hart	h ɑː t
harv	h a r v
hasa	²h 'ɑː s a
hasar	²h 'ɑː s a r
hasard	h a s 'ɑː d
hasch	h a ɧ
hasselnöt	²h 'a s ɛ l n øː t
hast	h a s t
hastig	²h 'a s t ɪ ɡ
hastighet	²h 'a s t ɪ ɡ h eː t
hat	h ɑː t
hata	²h 'ɑː t a
hatar	²h 'ɑː t a r
hatisk	h 'ɑː t ɪ s k
hatt	h a t
haussa	²s h oː s a
hausse	h oː s
hav	h ɑː v
havande	²h 'ɑː v a n d ɛ
havandeskap	²h 'ɑː v a n d ɛ s k ɑː p
havandeskapspenning	²h 'ɑː v a n d ɛ s k ɑː p s p ɛ n ɪ ŋ
haverera	h a v ɛ r 'eː r a
havererar	h a v ɛ r 'eː r a r
haveri	h a v ɛ r 'iː
havre	²h 'ɑː v r ɛ
havregryn	²h 'ɑː v r ɛ ɡ r yː n
havsband	²h 'a f s b a n d
havssula	h a v s ʉː l a
havstrut	h a v s t r ʉː t
havsörn	h a v s øː r n
he	h 'eː
heat	h iː t
hebreiska	h ɛ b r 'eː ɪ s k a
hed	h eː d
heder	h 'eː d ɛ r
hederlig	²h 'eː d ɛ l ɪ ɡ
hedersord	²h 'eː d ɛ ɕ uː d
hederssak	²h 'eː d ɛ ɕ ɑː k
hedning	²h 'eː d n ɪ ŋ
hednisk	h 'eː d n ɪ s k
hedra	²h 'eː d r a
hedrar	²h 'eː d r a r
hej	h ɛ j
heja	²h 'ɛ j a
hejar	²h 'ɛ j a r
hejare	²h 'ɛ j a r ɛ
hejda	²h 'ɛ j d a
hejdar	²h 'ɛ j d a r
hejsan	h 'ɛ j s a n
hektar	h ɛ k t 'ɑː r
hektisk	h 'ɛ k t ɪ s k
hekto	h 'ɛ k t ʊ
hel	h eː l
hela	²h 'eː l a
helförsäkring	²h 'eː l f œ ɕ ɛː k r ɪ ŋ
helg	h ɛ l j
helga	h ɛ l ɡ a
helgdag	²h 'ɛ l j d ɑː ɡ
helgerån	²h 'ɛ l ɡ ɛ r oː n
helgon	²h 'ɛ l ɡ ɔ n
helhet	²h 'eː l h eː t
helhjärtad	²h 'eː l j a t a d
helig	²h 'eː l ɪ ɡ
helikopter	h ɛ l ɪ k 'ɔ p t ɛ r
helium	h 'eː l ɪ ɵ m
heller	h 'ɛ l ɛ r
helljus	²h 'eː l j ʉː s
hellre	h 'ɛ l r ɛ
hellång	²h 'eː l ɔ ŋ
helpension	²h 'eː l p a n ɧ uː n
helsike	²h 'ɛ l s ɪ k ɛ
helsingborg	h ɛ l s ɪ ŋ b ɔ r j
helsingfors	h ɛ l s ɪ ŋ f ɔ r s
helsingör	h ɛ l s ɪ ŋ øː r
helskinnad	²h 'eː l ɧ ɪ n a d
helst	h ɛ l s t
helt	h eː l t
heltid	²h 'eː l t iː d
heltäckande	²h 'eː l t ɛ k a n d ɛ
heltäckningsmatta	²h 'eː l t ɛ k n ɪ ŋ s m a t a
helvete	²h 'ɛ l v ɛ t ɛ
helvetisk	h ɛ l v 'eː t ɪ s k
hem	h ɛ m
hembränd	²s h ɛ m b r ɛ n d
hembränning	²h 'ɛ m b r ɛ n ɪ ŋ
hembränt	²s h ɛ m b r ɛ n t
hembud	²h 'ɛ m b ʉː d
hembygd	²h 'ɛ m b ʏ ɡ d
hemdator	²h 'ɛ m d ɑː t ʊ r
hemester	h ɛ m ɛ s t ɛ r
hemfalla	²h 'ɛ m f a l ɛ r
hemförsäkring	²h 'ɛ m f œ ɕ ɛː k r ɪ ŋ
hemförsäljning	²h 'ɛ m f œ ɕ ɛ l j n ɪ ŋ
hemgift	²h 'ɛ m j ɪ f t
hemhjälp	²h 'ɛ m j ɛ l p
hemifrån	²h 'ɛ m ɪ f r oː n
hemkomst	²h 'ɛ m k ɔ m s t
hemkunskap	²h 'ɛ m k ɵ n s k ɑː p
hemlagad	²h 'ɛ m l ɑː ɡ a d
hemland	²h 'ɛ m l a n d
hemlig	²h 'ɛ m l ɪ ɡ
hemlighet	²h 'ɛ m l ɪ ɡ h eː t
hemlighålla	²h 'ɛ m l ɪ ɡ h ɔ l ɛ r
hemligstämpla	²h 'ɛ m l ɪ ɡ s t ɛ m p l a
hemligstämplar	²h 'ɛ m l ɪ ɡ s t ɛ m p l a r
hemläxa	²s h ɛ m l ɛ k s a
hemlös	²h 'ɛ m l øː s
hemma	²h 'ɛ m a
hemmafru	²h 'ɛ m a f r ʉː
hemmagjord	²h 'ɛ m a j uː d
hemmahosarbete	²h ɛ m a h 'uː s a r b eː t ɛ
hemmahörande	²h 'ɛ m a h øː r a n d ɛ
hemman	²h 'ɛ m a n
hemmansägare	²h 'ɛ m a n s ɛː ɡ a r ɛ
hemmaplan	²h 'ɛ m a p l ɑː n
hemmastadd	²h 'ɛ m a s t a d
hemorrojder	h ɛ m ʊ r 'ɔ j d ɛ r
hemort	²h 'ɛ m uː t
hemsida	²h 'ɛ m s iː d a
hemsk	h ɛ m s k
hemskt	h ɛ m s k t
hemslöjd	²h 'ɛ m s l œ j d
hemspråk	²h 'ɛ m s p r oː k
hemspråkslärare	²h 'ɛ m s p r oː k s l ɛː r a r ɛ
hemspråksträning	²h 'ɛ m s p r oː k s t r ɛː n ɪ ŋ
hemspråksundervisning	²h 'ɛ m s p r oː k s ɵ n d ɛ r v iː s n ɪ ŋ
hemställa	²h 'ɛ m s t ɛ l ɛ r
hemsändning	²h 'ɛ m s ɛ n d n ɪ ŋ
hemsöka	²h 'ɛ m s øː k ɛ r
hemtjänst	²h 'ɛ m ɕ ɛ n s t
hemtrevlig	²h 'ɛ m t r eː v l ɪ ɡ
hemul	h ɛ m ʉː l
hemvist	²h 'ɛ m v ɪ s t
hemväg	²h 'ɛ m v ɛː ɡ
hemvärn	²h 'ɛ m v ɛː n
hemåt	h 'ɛ m ɔ t
hen	h 'eː n
henne	²h 'ɛ n ɛ
hennes	²s h ɛ n ɛ s
henom	h ɛ n ɔ m
hens	h ɛ n s
heraldik	h ɛ r a l d 'iː k
heraldiken	h ɛ r a l d 'iː k ɛ n
heraldikens	h ɛ r a l d 'iː k ɛ n s
heraldiker	h ɛ r a l d ɪ k ɛ r
heraldikern	h ɛ r a l d ɪ k ɛ r n
heraldikerna	h ɛ r a l d ɪ k ɛ r n a
heraldikernas	h ɛ r a l d ɪ k ɛ r n a s
heraldikerns	h ɛ r a l d ɪ k ɛ r n s
heraldikers	h ɛ r a l d ɪ k ɛ r s
heraldiks	h ɛ r a l d 'iː k s
heraldisera	h ɛ r a l d ɪ s 'eː r a
heraldiserad	h ɛ r a l d ɪ s 'eː r a d
heraldiserade	h ɛ r a l d ɪ s 'eː r a d ɛ
heraldiserades	h ɛ r a l d ɪ s 'eː r a d ɛ s
heraldiserande	h ɛ r a l d ɪ s 'eː r a n d ɛ
heraldiserar	h ɛ r a l d ɪ s 'eː r a r
heraldiseras	h ɛ r a l d ɪ s 'eː r a s
heraldiserat	h ɛ r a l d ɪ s 'eː r a t
heraldiserats	h ɛ r a l d ɪ s 'eː r a t s
heraldisere	h ɛ r a l d ɪ s 'eː r ɛ
heraldiseren	h ɛ r a l d ɪ s 'eː r ɛ n
heraldiseres	h ɛ r a l d ɪ s 'eː r ɛ s
heraldisk	h ɛ r 'a l d ɪ s k
heraldiska	h ɛ r a l d ɪ s k a
heraldiske	h ɛ r a l d ɪ s k ɛ
heraldiskt	h ɛ r a l d ɪ s k t
herbert	t h r r b r t
herde	²h 'eː d ɛ
herdestund	²s h 'eː r d ɛ s t ɵ n d
here	h 'eː r 'eː
heroin	h ɛ r ʊ 'iː n
herr	h a r
herran	²s h ɛ r a n
herravälde	²h 'ɛ r a v ɛ l d ɛ
herre	²h 'ɛ r ɛ
herrekipering	²h 'ɛ r ɛ k ɪ p eː r ɪ ŋ
herren	²s h ɛ r ɛ n
herrgård	h 'ɛ r ɡ oː d
herrskap	²h 'ɛ ɕ k ɑː p
hertig	²h 'ɛ t ɪ ɡ
hertz	h r r t s
hes	h eː s
hest	h 'eː s t
het	h eː t
heta	h 'eː t ɛ r
hetat	²h 'eː t a t
heterogen	h ɛ t ɛ r ʊ j 'eː n
hetlevrad	²h 'eː t l eː v r a d
hets	h ɛ t s
hetsa	²h 'ɛ t s a
hetsar	²h 'ɛ t s a r
hetsig	²h 'ɛ t s ɪ ɡ
hetta	²h 'ɛ t a
hette	²h 'ɛ t ɛ
hetvägg	h 'eː t v ɛ ɡ
hia	²s h 'iː a
hialös	²s h 'iː a l øː s
hibiskus	h ɪ b 'ɪ s k ɵ s
hicka	²h 'ɪ k a
hickar	²h 'ɪ k a r
hierarki	h ɪ ɛ r a r k 'iː
himalaya	h ɪ m a ²s l a j a
himalayagyllenmes	h ɪ m 'ɑː l ɪ j a j ʏ l ɛ n m 'eː s
himla	²h 'ɪ m l a
himlakropp	²h 'ɪ m l a k r ɔ p
himmel	²h 'ɪ m ɛ l
hind	h ɪ n d
hinder	h 'ɪ n d ɛ r
hindersprövning	²h 'ɪ n d ɛ ɕ p r øː v n ɪ ŋ
hindra	²h 'ɪ n d r a
hindrar	²h 'ɪ n d r a r
hindu	h ɪ n d 'ʉː
hinduism	h ɪ n d ɵ 'ɪ s m
hingst	h ɪ ŋ s t
hink	h ɪ ŋ k
hinna	²h 'ɪ n a
hinner	h 'ɪ n ɛ r
hinsidan	²s h 'iː n s 'iː d a n
hisklig	²h 'ɪ s k ɛ l ɪ ɡ
hispa	²s h ɪ s p a
hispig	²s h ɪ s p ɪ
hiss	h ɪ s
hissa	²h 'ɪ s a
hissar	²h 'ɪ s a r
hissna	²h 'ɪ s n a
hissnar	²h 'ɪ s n a r
historia	h ɪ s t 'uː r ɪ a
historisk	h ɪ s t 'uː r ɪ s k
hit	h iː t
hitom	²h 'iː t ɔ m
hitre	h 'iː t r ɛ
hitta	²h 'ɪ t a
hittar	²h 'ɪ t a r
hittegods	²h 'ɪ t ɛ ɡ ʊ t s
hittelön	²h 'ɪ t ɛ l øː n
hittills	h 'iː t ɪ l s
hitåt	h iː t oː t
hiv	h oː iː v 'eː
hjord	j uː d
hjort	j ʊ t
hjorta	j ʊ r t a
hjortron	²j 'ʊ t r ɔ n
hjul	j ʉː l
hjälm	j ɛ l m
hjälp	j ɛ l p
hjälpa	j 'ɛ l p ɛ r
hjälpligt	²j 'ɛ l p l ɪ k t
hjälplös	²j 'ɛ l p l øː s
hjälpmedel	²j 'ɛ l p m eː d ɛ l
hjälpmedelscentral	²j 'ɛ l p m eː d ɛ l s ɛ n t r ɑː l
hjälpreda	²j 'ɛ l p r eː d a
hjälpsam	²j 'ɛ l p s a m
hjälpstation	²j 'ɛ l p s t a ɧ uː n
hjälptelefon	²j 'ɛ l p t ɛ l ɛ f oː n
hjälte	²j 'ɛ l t ɛ
hjärna	²j 'ɛː n a
hjärndöd	²j 'ɛː n d øː d
hjärninfarkt	²j 'ɛ n ɪ n f a r k t
hjärnskakning	²j 'ɛː n ɕ k ɑː k n ɪ ŋ
hjärntvätt	²j 'ɛː n t v ɛ t
hjärta	²j 'ɛ t a
hjärtansfröjd	²s j ɛ r t a n s ²s f r œ j d
hjärter	j 'ɛ t ɛ r
hjärtinfarkt	²j 'ɛ t ɪ n f a r k t
hjärtlig	²j 'ɛ t l ɪ ɡ
hjärtlös	²j 'ɛ t l øː s
hjärtskärande	²j 'ɛː t ɧ ɛː r a n d ɛ
hjässa	²j 'ɛ s a
ho	h uː
hobby	h 'ɔ b ʏ
hockey	h 'ɔ k ʏ
hockeyfrilla	h ɔ k ɪ f r ɪ l a
hoj	h ɔ j
hojta	²h 'ɔ j t a
hojtar	²h 'ɔ j t a r
holk	h ɔ l k
holländare	²h 'ɔ l ɛ n d a r ɛ
holländsk	²h 'ɔ l ɛ n d s k
holm	h ɔ l m ɛ
holme	²h 'ɔ l m ɛ
hologram	h ɔ l ɔ ɡ r 'a m
homofili	h ʊ m ʊ f ɪ l 'iː
homofob	h ʊ m ʊ f oː b
homofon	h ʊ m ʊ f oː n
homogen	h ʊ m ʊ j 'eː n
homosex	h 'uː m ʊ s ɛ k s
homosexuell	h ʊ m ʊ s ɛ k s ɵ 'ɛ l
hon	h ʊ n
hona	²h 'uː n a
honnör	h ʊ n 'øː r
honnörsord	²h ʊ n øː ɕ uː d
honom	²h 'ɔ n ɔ m
honorar	h ʊ n ʊ r 'ɑː r
honung	²h 'oː n ɵ ŋ
hop	h uː p
hop-	²h 'uː p
hopfällbar	²h 'uː p f ɛ l b ɑː r
hopp	h ɔ p
hoppa	²h 'ɔ p a
hoppar	²h 'ɔ p a r
hoppas	²h 'ɔ p a s
hoppeligen	h ɔ p ɛ l 'iː ɡ ɛ n
hoppla	h ɔ p l a
hopplös	²h 'ɔ p l øː s
hor	h 'uː r
hora	²h 'uː r a
horisont	h ʊ r ɪ s 'ɔ n t
horisontell	h ʊ r ɪ s ɔ n t 'ɛ l
hormon	h ʊ r m 'uː n
horn	h uː n
hornuggla	h ʊ r n ɵ ɡ l a
horoskop	h ʊ r ʊ s k 'oː p
horribel	h ʊ r 'iː b ɛ l
hos	h uː s
hosta	²h 'ʊ s t a
hostar	²h 'ʊ s t a r
hot	h uː t
hota	²h 'uː t a
hotar	²h 'uː t a r
hotell	h ʊ t 'ɛ l
hotelse	²h 'uː t ɛ l s ɛ
hov	h oː v
hovmästare	²h 'oː v m ɛ s t a r ɛ
hovrätt	²h 'oː v r ɛ t
hovtång	²h 'uː v t ɔ ŋ
hr	h a r
hud	h ʉː d
huddinge	h ɵ d ɪ ŋ ɛ
hudflänga	²h 'ʉː d f l ɛ ŋ ɛ r
hudsonspov	h a d s ɔ n s p 'uː v
hugad	h 'ʉː ɡ a d
hugg	h ɵ ɡ
hugga	h 'ɵ ɡ ɛ r
huggmejsel	h ɵ ɡ m ɛ j s ɛ l
huggorm	²h 'ɵ ɡ ʊ r m
hugskott	²h 'ʉː ɡ s k ɔ t
hull	h ɵ l
human	h ɵ m 'ɑː n
humanistisk	h ɵ m a n 'ɪ s t ɪ s k
humanitär	h ɵ m a n ɪ t 'ɛː r
humla	²h 'ɵ m l a
humle	²h 'ɵ m l ɛ
hummer	h 'ɵ m ɛ r
humor	h 'ʉː m ʊ r
humoristisk	h ɵ m ʊ r 'ɪ s t ɪ s k
humör	h ɵ m 'øː r
hund	h ɵ n d
hundra	h 'ɵ n d r a
hundradel	²h 'ɵ n d r a d eː l
hundralapp	²h 'ɵ n d r a l a p
hundratals	²h 'ɵ n d r a t ɑː l s
hundöra	²h 'ɵ n d øː r a
hunger	h 'ɵ ŋ ɛ r
hungra	²h 'ɵ ŋ r a
hungrar	²h 'ɵ ŋ r a r
hungrig	²h 'ɵ ŋ r ɪ ɡ
hunnit	²h 'ɵ n ɪ t
hunsa	²h 'ɵ n s a
hunsar	²h 'ɵ n s a r
hur	h ʉː r
hurdan	h 'ʉː d a n
hurra	²h 'ɵ r a
hurrar	²h 'ɵ r a r
hurring	²s h ɵ r ɪ ŋ
hurså	h ɵ ɕ 'oː
hurtig	²h 'ɵ t ɪ ɡ
hurts	h ɵ t ɕ
huruvida	²h ʉː r ɵ v 'iː d a
hus	h ʉː s
husa	²s h ʉː s a
husbonde	²h 'ʉː s b ʊ n d ɛ
husdjur	²h 'ʉː s j ʉː r
husgeråd	²h 'ʉː s j ɛ r oː d
hushåll	²h 'ʉː s h ɔ l
hushålla	²h 'ʉː s h ɔ l a
hushållar	²h 'ʉː s h ɔ l a r
hushållsassistent	²h 'ʉː s h ɔ l s a s ɪ s t ɛ n t
hushållsmaskin	²h 'ʉː s h ɔ l s m a ɧ iː n
hushållspapper	²h 'ʉː s h ɔ l s p a p ɛ r
huslig	²h 'ʉː s l ɪ ɡ
husmanskost	²h 'ʉː s m a n s k ɔ s t
husmor	²h 'ʉː s m uː r
husrannsakan	²h 'ʉː s r a n s ɑː k a n
husrum	²h 'ʉː s r ɵ m
husse	²h 'ɵ s ɛ
hussvala	h ʉː s s v 'ɑː l a
hustru	²h 'ɵ s t r ɵ
hustrutillägg	²h 'ɵ s t r ɵ t ɪ l ɛ ɡ
husvagn	²h 'ʉː s v a ŋ n
husvill	²h 'ʉː s v ɪ l
hutlös	²h 'ʉː t l øː s
huttra	²h 'ɵ t r a
huttrar	²h 'ɵ t r a r
huv	h ʉː v
huva	²h 'ʉː v a
huvud	²h 'ʉː v ɵ d
huvud-	²h 'ʉː v ɵ d
huvudavtal	²h 'ʉː v ɵ d ɑː v t ɑː l
huvudbonad	²h 'ʉː v ɵ d b uː n a d
huvudbry	²h 'ʉː v ɵ d b r yː
huvuddrag	²h 'ʉː v ɵ d r ɑː ɡ
huvudförhandling	²h 'ʉː v ɵ d f œ r h a n d l ɪ ŋ
huvudled	²h 'ʉː v ɵ d l eː d
huvudman	²h 'ʉː v ɵ d m a n
huvudpart	²h 'ʉː v ɵ d p ɑː t
huvudsak	²h 'ʉː v ɵ d s ɑː k
huvudspråk	²s h ʉː v ɛ s p r oː k
huvudstad	²h 'ʉː v ɵ d s t ɑː d
huvudstupa	²h 'ʉː v ɵ d s t ʉː p a
huvudvärk	²h 'ʉː v ɵ d v a r k
hy	h yː
hyacint	h ʏ a s 'ɪ n t
hybrid	h ʏ b r 'iː d
hyckla	²h 'ʏ k l a
hycklar	²h 'ʏ k l a r
hydda	²h 'ʏ d a
hydraulisk	h ʏ d r 'a ʊ l ɪ s k
hyena	²h ʏ 'eː n a
hyf	h 'yː f
hyfs	h ʏ f s
hyfsad	²h 'ʏ f s a d
hygge	²h 'ʏ ɡ ɛ
hygglig	²h 'ʏ ɡ l ɪ ɡ
hygien	h ʏ ɡ ɪ 'eː n
hygienisk	h ʏ ɡ ɪ 'eː n ɪ s k
hylla	²h 'ʏ l a
hyllar	²h 'ʏ l a r
hylsa	²h 'ʏ l s a
hylsnyckel	²h 'ʏ l s n ʏ k ɛ l
hymn	h ʏ m n
hynda	²h 'ʏ n d a
hyper-	²h 'yː p ɛ r
hyperdrift	²s h 'yː p ɛ r d r ɪ f t
hypnos	h ʏ p n 'oː s
hypotek	h ʏ p ʊ t 'eː k
hypotes	h ʏ p ʊ t 'eː s
hyr	h yː r
hyra	²h 'yː r a
hyresgäst	²h 'yː r ɛ s j ɛ s t
hyresgästförening	²h 'yː r ɛ s j ɛ s t f œ r eː n ɪ ŋ
hyreshus	²h 'yː r ɛ s h ʉː s
hyreskontrakt	²h 'yː r ɛ s k ɔ n t r a k t
hyreslägenhet	²h 'yː r ɛ s l ɛː ɡ ɛ n h eː t
hyresnämnd	²h 'yː r ɛ s n ɛ m d
hyresvärd	²h 'yː r ɛ s v ɛː d
hyrkanmes	h ʏ r k a n m 'eː s
hysa	h 'yː s ɛ r
hysch	h ʏ ɧ
hyscha	²s h ʏ ɧ a
hyska	²h 'ʏ s k a
hyss	h ʏ s
hyssja	²h 'ʏ ɧ j a r
hyssjar	²h 'ʏ ɧ j a r
hysteri	h ʏ s t ɛ r 'iː
hysterisk	h ʏ s t 'eː r ɪ s k
hytt	h ʏ t
hytta	²h 'ʏ t a
hytter	h 'ʏ t ɛ r
hyvel	²h 'yː v ɛ l
hyvelbänk	²h 'yː v ɛ l b ɛ ŋ k
hyvla	²h 'yː v l a
hyvlar	²h 'yː v l a r
hä	h 'ɛː
häck	h ɛ k
häcka	²h 'ɛ k a
häckar	²h 'ɛ k a r
häda	²h 'ɛː d a
hädanefter	²h 'ɛː d a n ɛ f t ɛ r
hädar	²h 'ɛː d a r
häfta	²h 'ɛ f t a
häftar	²h 'ɛ f t a r
häfte	²h 'ɛ f t ɛ
häftig	²h 'ɛ f t ɪ ɡ
häftstift	²h 'ɛ f t s t ɪ f t
hägg	h ɛ ɡ
hägna	h ɛ ŋ n a
hägra	²h 'ɛː ɡ r a
hägrar	²h 'ɛː ɡ r a r
hägring	²h 'ɛː ɡ r ɪ ŋ
häkta	²h 'ɛ k t a
häktar	²h 'ɛ k t a r
häkte	²h 'ɛ k t ɛ
häl	h ɛː l
hälare	²h 'ɛː l a r ɛ
häleri	h ɛː l ɛ r 'iː
hälft	h ɛ l f t
häll	h ɛ l
hälla	h 'ɛ l ɛ r
hällregn	²h 'ɛ l r ɛ ŋ n
hällristning	²h 'ɛ l r ɪ s t n ɪ ŋ
hälsa	²h 'ɛ l s a
hälsar	²h 'ɛ l s a r
hälsingland	h 'ɛ l s ɪ ŋ l a n d
hälsobrunn	²h 'ɛ l s ʊ b r ɵ n
hälsohem	²h 'ɛ l s ʊ h ɛ m
hälsokort	²h 'ɛ l s ʊ k ʊ t
hälsokost	²h 'ɛ l s ʊ k ɔ s t
hälsosam	²h 'ɛ l s ʊ s a m
hälsovådlig	h ɛ l s ʊ v oː d l ɪ ɡ
hälsovård	²h 'ɛ l s ʊ v oː d
hälsovårdsnämnd	²h 'ɛ l s ʊ v oː d ɕ n ɛ m d
hämma	²h 'ɛ m a
hämmad	²h 'ɛ m a d
hämmar	²h 'ɛ m a r
hämnas	²h 'ɛ m n a s
hämnd	h ɛ m d
hämning	²h 'ɛ m n ɪ ŋ
hämta	²h 'ɛ m t a
hämtar	²h 'ɛ m t a r
hän	h ɛː n
hända	h 'ɛ n d ɛ r
händelse	²h 'ɛ n d ɛ l s ɛ
händer	h 'ɛ n d ɛ r
händig	²h 'ɛ n d ɪ ɡ
hänföra	²h 'ɛː n f øː r
hänförd	²h 'ɛː n f øː d
hänga	h 'ɛ ŋ ɛ r
hängare	²h 'ɛ ŋ a r ɛ
hängavtal	²h 'ɛ ŋ ɑː v t ɑː l
hänge	²h 'ɛ ŋ ɛ
hängig	²h 'ɛ ŋ ɪ ɡ
hängiven	²h 'ɛː n j iː v ɛ n
hängmatta	²h 'ɛ ŋ m a t a
hängsle	²h 'ɛ ŋ s l ɛ
hänryckning	²h 'ɛː n r ʏ k n ɪ ŋ
hänseende	²h 'ɛː n s eː ɛ n d ɛ
hänsyn	²h 'ɛː n s yː n
hänvisa	²h 'ɛː n v iː s a
hänvisar	²h 'ɛː n v iː s a r
hänvisning	²h 'ɛː n v iː s n ɪ ŋ
häpen	²h 'ɛː p ɛ n
häpna	²h 'ɛː p n a
häpnad	²h 'ɛː p n a d
häpnadsväckande	²h 'ɛː p n a d s v ɛ k a n d ɛ
häpnar	²h 'ɛː p n a r
här	h ɛː r
härad	²h 'ɛː r a d
häradshövding	h 'ɛː r a d s h œ v d ɪ ŋ
häradsrätt	h 'ɛː r a d s r ɛ t
härav	h 'ɛː r ɑː v
härbärgera	h a r b a r j 'eː r a
härbärgerar	h a r b a r j 'eː r a r
härd	h 'ɛː d
härda	h 'ɛː d a
härdad	²h 'ɛː d a d
härför	h 'ɛː r f øː r
härförleden	h ɛː r f øː r l 'eː d ɛ n
härifrån	h 'ɛː r ɪ f r oː n
härja	²h 'ɛ r j a
härjar	²h 'ɛ r j a r
härjedalen	²h 'ɛ r j ɛ d ɑː l ɛ n
härk	h ɛ r k
härkomst	²h 'ɛː r k ɔ m s t
härlig	²h 'ɛː l ɪ ɡ
härma	²h 'ɛ r m a
härmar	²h 'ɛ r m a r
härmed	h 'ɛː r m eː d
härmsångare	h ɛ r m s ɔ ŋ a r ɛ
härnäst	h ɛː n 'ɛ s t
härold	²s h ɛː r ɔ l d
härom	h 'ɛː r ɔ m
häromdagen	h ɛː r ɔ m d 'ɑː ɡ ɛ n
härröra	²h 'ɛː r øː r
härska	²h 'ɛ ɕ k a
härskar	²h 'ɛ ɕ k a r
härsken	²h 'ɛ ɕ k ɛ n
härskna	²h 'ɛ ɕ k n a
härsknar	²h 'ɛ ɕ k n a r
härstamma	²h 'ɛː ɕ t a m a
härstammar	²h 'ɛː ɕ t a m a r
härtill	h 'ɛː t ɪ l
härva	²h 'ɛ r v a
härvidlag	h 'ɛː r v iː d l ɑː ɡ
häst	h ɛ s t
hästhov	²h 'ɛ s t h uː v
hästkur	²h 'ɛ s t k ʉː r
hästsvans	²h 'ɛ s t s v a n s
hätsk	h ɛ t s k
hätta	²h 'ɛ t a
häva	h 'ɛː v ɛ r
hävd	h ɛ v d
hävda	²h 'ɛ v d a
hävdar	²h 'ɛ v d a r
häxa	²h 'ɛ k s a
håg	h oː ɡ
hågad	²h 'oː ɡ a d
hågkomst	²h 'oː ɡ k ɔ m s t
håkker	h ɔ k ɜ r
hål	h oː l
håla	²h 'oː l a
hålfot	²h 'oː l f uː t
hålighet	²h 'oː l ɪ ɡ h eː t
håll	h ɔ l
hålla	h 'ɔ l ɛ r
hållare	²h 'ɔ l a r ɛ
hållbar	²h 'ɔ l b ɑː r
hållet	²h 'ɔ l ɛ t
hållfast	²h 'ɔ l f a s t
hålligång	h ɔ l ɪ ɡ 'ɔ ŋ
hållit	²h 'ɔ l ɪ t
hållning	²h 'ɔ l n ɪ ŋ
hållplats	²h 'ɔ l p l a t s
hållpunkt	²h 'ɔ l p ɵ ŋ k t
hålslag	²h 'oː l s l ɑː ɡ
håltimme	²h 'oː l t ɪ m ɛ
hån	h oː n
håna	²h 'oː n a
hånar	²h 'oː n a r
hångla	²h 'ɔ ŋ l a
hånglar	²h 'ɔ ŋ l a r
hår	h oː r
hård	h oː d
hårdför	²h 'oː d f øː r
hårdhänt	²h 'oː d h ɛ n t
hårding	h oː d ɪ ŋ
hårdkokt	²h 'oː d k ʊ k t
hårdna	²h 'oː d n a
hårdnackad	²h 'oː d n a k a d
hårdnar	²h 'oː d n a r
hårdrockare	h oː r d r ʊ k a r ɛ
hårdsmält	²h 'oː d ɕ m ɛ l t
hårdvara	²h 'oː d v ɑː r a
hårfin	²h 'oː r f iː n
hårgelé	h oː r ɡ ɛ l 'eː
hårig	²h 'oː r ɪ ɡ
hårlock	²s h oː r l ɔ k
hårnål	²h 'oː n oː l
hårnålskurva	²h 'oː n oː l s k ɵ r v a
hårresande	²h 'oː r eː s a n d ɛ
hårsmån	²h 'oː ɕ m oː n
hårspray	h oː r s p r ɛ ɪ
hårsprej	h oː r s p r ɛ ɪ
hårt	h oː t
hårtest	²h 'oː t ɛ s t
hårtork	²h 'oː t ɔ r k
håv	h oː v
hö	h øː
höbal	h øː b 'ɑː l
höft	h œ f t
hög	h øː ɡ
höga	h øː ɡ a
högaktningsfullt	²h øː ɡ a k t n ɪ ŋ s f ɵ l t
högborg	²h 'øː ɡ b ɔ r j
högdragen	²h 'øː ɡ d r ɑː ɡ ɛ n
höger	h 'øː ɡ ɛ r
högerhänt	²h 'øː ɡ ɛ r h ɛ n t
högfärd	²h 'øː ɡ f ɛː d
högfärdig	²h 'øː ɡ f ɛː d ɪ ɡ
högg	h œ ɡ
höghus	²h 'øː ɡ h ʉː s
höginkomsttagare	²h 'øː ɡ ɪ n k ɔ m s t ɑː ɡ a r ɛ
högkvarter	²h 'øː ɡ k v a t eː r
högljudd	²h 'øː ɡ j ɵ d
högljutt	²s h øː ɡ j ɵ t
högmod	²h 'øː ɡ m uː d
högmässa	²h 'øː ɡ m ɛ s a
högre	h 'øː ɡ r ɛ
högskola	²h 'øː ɡ s k uː l a
högst	h œ k s t
högstadium	²h 'øː ɡ s t ɑː d ɪ ɵ m
högsvenska	h øː ɡ s v ɛ n s k a
högsäsong	²h 'øː ɡ s a s ɔ ŋ
högt	h œ k t
högtalare	²h 'øː ɡ t ɑː l a r ɛ
högtid	²h 'øː ɡ t iː d
högtidlig	²h 'øː ɡ t iː d l ɪ ɡ
högtrafik	²h 'øː ɡ t r a f iː k
högtravande	²h 'øː ɡ t r ɑː v a n d ɛ
högtryck	²h 'øː ɡ t r ʏ k
högtstående	²h 'øː ɡ t s t oː ɛ n d ɛ
höja	h 'œ j ɛ r
höjd	h œ j d
höjdare	²h 'œ j d a r ɛ
höjdhopp	²h 'œ j d h ɔ p
höjdpunkt	²h 'œ j d p ɵ ŋ k t
hök	h øː k
hölja	h 'œ l j ɛ r
hölje	²h 'œ l j ɛ
höll	h œ l
höna	²h 'øː n a
höns	h œ n s
höra	h øː r
hörapparat	²h 'øː r a p a r ɑː t
höras	h øː ɕ
hörbar	²h 'øː r b ɑː r
hörcentral	²h 'øː ɕ ɛ n t r ɑː l
hörlur	²h 'øː l ʉː r
hörn	h øː n
hörna	²h 'øː n a
hörnsten	²h 'øː n ɕ t eː n
hörntand	²h 'øː n t a n d
hörsal	²h 'øː ɕ ɑː l
hörsamma	²h 'øː ɕ a m a
hörsammar	²h 'øː ɕ a m a r
hörsel	h 'œ ɕ ɛ l
hörselskadad	²h 'œ ɕ ɛ l s k ɑː d a d
hörsägen	²h 'øː ɕ ɛː ɡ ɛ n
hösnuva	²h 'øː s n ʉː v a
höst	h œ s t
höstas	²s h œ s t a s
höstdagjämning	²h 'œ s t d ɑː ɡ j ɛ m n ɪ ŋ
hötorgskonst	²h 'øː t ɔ r j s k ɔ n s t
hövding	²h 'œ v d ɪ ŋ
hövlig	²h 'øː v l ɪ ɡ
hövlighetsvisit	²h 'øː v l ɪ ɡ h eː t s v ɪ s iː t
i	iː
i-land	²'iː l a n d
iaktta	²'iː a k t ɑː r
iakttagelse	²'iː a k t ɑː ɡ ɛ l s ɛ
ibland	ɪ b l 'a n d
icke	²'ɪ k ɛ
id	'iː d
id-kort	²'iː d eː k ʊ t
idag	ɪ d 'ɑː
idas	iː d s
ide	²'iː d ɛ
ideal	ɪ d ɛ 'ɑː l
idealisk	ɪ d ɛ 'ɑː l ɪ s k
idealism	ɪ d ɛ a l 'ɪ s m
idealist	ɪ d ɛ a l 'ɪ s t
ideell	ɪ d ɛ 'ɛ l
idel	'iː d ɛ l
ideligen	²'iː d ɛ l iː ɡ ɛ n
identifiera	ɪ d ɛ n t ɪ f ɪ 'eː r a
identifierar	ɪ d ɛ n t ɪ f ɪ 'eː r a r
identisk	ɪ d 'ɛ n t ɪ s k
identitet	ɪ d ɛ n t ɪ t 'eː t
identitetshandling	²ɪ d ɛ n t ɪ t 'eː t s h a n d l ɪ ŋ
identitetskort	²ɪ d ɛ n t ɪ t 'eː t s k ʊ t
ideologi	ɪ d ɛ ʊ l ʊ ɡ 'iː
ideologisk	ɪ d ɛ ʊ l 'oː ɡ ɪ s k
idiom	ɪ d ɪ 'oː m
idiot	ɪ d ɪ 'uː t
idiotisk	ɪ d ɪ 'uː t ɪ s k
idiotsäker	²ɪ d ɪ 'uː s ɛː k ɛ r
idissla	²ɪ d ɪ s l a
idisslar	²ɪ d ɪ s l a r
idka	²'ɪ d k a
idkar	²'ɪ d k a r
idog	²'iː d ʊ ɡ
idol	ɪ d 'oː l
idrott	²'iː d r ɔ t
idrotta	²'iː d r ɔ t a
idrottar	²'iː d r ɔ t a r
idyll	ɪ d 'ʏ l
idé	ɪ d 'eː
ifall	ɪ f 'a l
ifatt	ɪ f 'a t
ifrågasätta	²ɪ f r 'oː ɡ a s ɛ t ɛ r
ifrån	ɪ f r 'oː n
igelkott	²'iː ɡ ɛ l k ɔ t
igen	ɪ j 'ɛ n
igenom	ɪ j 'eː n ɔ m
ignorera	ɪ ŋ n ɔ r 'eː r a
ignorerar	ɪ ŋ n ɔ r 'eː r a r
igång	ɪ ɡ 'ɔ ŋ
igår	ɪ ɡ 'oː r
ihjäl	ɪ j 'ɛː l
ihop	ɪ h 'uː p
ihärdig	²'iː h ɛː d ɪ ɡ
ihärdighet	ɪ h ɛː d ɪ ɡ h ɛ t
ihåg	ɪ h 'oː ɡ
ihålig	²'iː h oː l ɪ ɡ
ihållande	²'iː h ɔ l a n d ɛ
ikapp	ɪ k 'a p
ikc	iː k oː s 'eː
ikea	ɪ k 'eː a
ikon	ɪ k 'oː n
il	'iː l
il-	²'iː l
ila	²'iː l a
ilar	²'iː l a r
illa	²'ɪ l a
illamående	²'ɪ l a m oː ɛ n d ɛ
illavarslande	²'ɪ l a v ɑː ɕ l a n d ɛ
illdåd	²'ɪ l d oː d
illegal	ɪ l ɛ ɡ 'ɑː l
illusion	ɪ l ɵ ɧ 'uː n
illustration	ɪ l ɵ s t r a ɧ 'uː n
illustrera	ɪ l ɵ s t r 'eː r a
illustrerar	ɪ l ɵ s t r 'eː r a r
illvilja	²'ɪ l v ɪ l j a
ilning	²s 'iː l n ɪ ŋ
ilska	²'ɪ l s k a
ilsken	²'ɪ l s k ɛ n
image	'ɪ m ɪ t ɕ
imitation	ɪ m ɪ t a ɧ 'uː n
imitera	ɪ m ɪ t 'eː r a
imiterar	ɪ m ɪ t 'eː r a r
imma	²'ɪ m a
immig	²'ɪ m ɪ ɡ
immigrant	ɪ m ɪ ɡ r 'a n t
immigrantinstitutet	²ɪ m ɪ ɡ r 'a n t ɪ n s t ɪ t ʉː t ɛ t
immigration	ɪ m ɪ ɡ r a ɧ 'uː n
immigrera	ɪ m ɪ ɡ r 'eː r a
immigrerar	ɪ m ɪ ɡ r 'eː r a r
immun	ɪ m 'ʉː n
immunitet	ɪ m ɵ n ɪ t 'eː t
imperativ	²'ɪ m p ɛ r a t iː v
imperfekt	²'ɪ m p a r f ɛ k t
imperialism	ɪ m p ɛ r ɪ a l 'ɪ s m
imperialist	ɪ m p ɛ r ɪ a l 'ɪ s t
imperium	ɪ m p 'eː r ɪ ɵ m
impertinent	ɪ m p a t ɪ n 'ɛ n t
imponera	ɪ m p ʊ n 'eː r a
imponerande	ɪ m p ʊ n 'eː r a n d ɛ
imponerar	ɪ m p ʊ n 'eː r a r
impopulär	ɪ m p ʊ p ɵ l 'ɛː r
import	ɪ m p 'ɔ t
importera	ɪ m p ɔ t 'eː r a
importerar	ɪ m p ɔ t 'eː r a r
impotens	ɪ m p ʊ t 'ɛ n s
impregnera	ɪ m p r ɛ ŋ n 'eː r a
impregnerar	ɪ m p r ɛ ŋ n 'eː r a r
improduktiv	'ɪ m p r ʊ d ɵ k t 'iː v
improvisera	ɪ m p r ʊ v ɪ s 'eː r a
improviserar	ɪ m p r ʊ v ɪ s 'eː r a r
impuls	ɪ m p 'ɵ l s
impulsiv	ɪ m p ɵ l s 'iː v
in	ɪ n
ina	²s 'iː n a
inackordering	²'ɪ n a k ʊ d eː r ɪ ŋ
inackorderingstillägg	²'ɪ n a k ʊ d eː r ɪ ŋ s t ɪ l ɛ ɡ
inaktuell	ɪ n a k t ɵ 'ɛ l
inalles	ɪ n 'a l ɛ s
inandning	²s ɪ n a n d n ɪ ŋ
inavel	²'ɪ n ɑː v ɛ l
inbegripa	²'ɪ n b ɛ ɡ r iː p ɛ r
inbegripen	²'ɪ n b ɛ ɡ r iː p ɛ n
inbetalningskort	²'ɪ n b ɛ t ɑː l n ɪ ŋ s k ʊ t
inbillning	²'ɪ n b ɪ l n ɪ ŋ
inbilsk	²'ɪ n b ɪ l s k
inbiten	²'ɪ n b iː t ɛ n
inbjuda	²'ɪ n b j ʉː d ɛ r
inbjudan	²'ɪ n b j ʉː d a n
inbjöd	²'ɪ n b j øː d
inblandad	²'ɪ n b l a n d a d
inblandning	²'ɪ n b l a n d n ɪ ŋ
inblick	²'ɪ n b l ɪ k
inbringande	²'ɪ n b r ɪ ŋ a n d ɛ
inbrott	²'ɪ n b r ɔ t
inbrytning	²'ɪ n b r yː t n ɪ ŋ
inbunden	²'ɪ n b ɵ n d ɛ n
inbyggd	²'ɪ n b ʏ ɡ d
inbyte	²'ɪ n b yː t ɛ
inbördes	²'ɪ n b øː d ɛ s
inbördeskrig	²'ɪ n b øː d ɛ s k r iː ɡ
incest	ɪ n s 'ɛ s t
incheckning	²'ɪ n ɕ ɛ k n ɪ ŋ
incitament	ɪ n s ɪ t a m 'ɛ n t
indela	²'ɪ n d eː l a
indelar	²'ɪ n d eː l a r
index	'ɪ n d ɛ k s
indexreglering	²'ɪ n d ɛ k s r ɛ ɡ l eː r ɪ ŋ
indian	ɪ n d ɪ 'ɑː n
indicium	ɪ n d 'iː s ɪ ɵ m
indier	'ɪ n d ɪ ɛ r
indignation	ɪ n d ɪ ŋ n a ɧ 'uː n
indignerad	ɪ n d ɪ ŋ n 'eː r a d
indikation	ɪ n d ɪ k a ɧ 'uː n
indikera	ɪ n d ɪ k 'eː r a
indikerar	ɪ n d ɪ k 'eː r a r
indirekt	'ɪ n d ɪ r ɛ k t
indisk	'ɪ n d ɪ s k
individ	ɪ n d ɪ v 'iː d
individualist	ɪ n d ɪ v ɪ d ɵ a l 'ɪ s t
individuell	ɪ n d ɪ v ɪ d ɵ 'ɛ l
indoktrinering	ɪ n d ɔ k t r ɪ n 'eː r ɪ ŋ
indrar	²'ɪ n d r ɑː r
indrivning	²'ɪ n d r iː v n ɪ ŋ
industri	ɪ n d ɵ s t r 'iː
industriell	ɪ n d ɵ s t r ɪ 'ɛ l
industritjänstemannaförbundet	²ɪ n d ɵ s t r 'iː ɕ ɛ n s t ɛ m a n a f œ r b ɵ n d ɛ t
ineffektiv	'ɪ n ɛ f ɛ k t iː v
inemot	ɪ n ɛ m 'uː t
inez	'iː n ɛ s
infall	²'ɪ n f a l
infallsvinkel	²'ɪ n f a l s v ɪ ŋ k ɛ l
infanteri	ɪ n f a n t ɛ r 'iː
infantil	ɪ n f a n t 'iː l
infarkt	ɪ n f 'a r k t
infart	²'ɪ n f ɑː t
infattning	²'ɪ n f a t n ɪ ŋ
infekterad	ɪ n f ɛ k t 'eː r a d
infektion	ɪ n f ɛ k ɧ 'uː n
infiltrera	ɪ n f ɪ l t r 'eː r a
infiltrerar	ɪ n f ɪ l t r 'eː r a r
infinitiv	²'ɪ n f ɪ n ɪ t iː v
infinitivmärke	²'ɪ n f ɪ n ɪ t iː v m a r k ɛ
inflammation	ɪ n f l a m a ɧ 'uː n
inflammerad	ɪ n f l a m 'eː r a d
inflation	ɪ n f l a ɧ 'uː n
influensa	²ɪ n f l ɵ 'ɛ n s a
influera	ɪ n f l ɵ 'eː r a
influerar	ɪ n f l ɵ 'eː r a r
inflytande	²'ɪ n f l yː t a n d ɛ
inflytelserik	²'ɪ n f l yː t ɛ l s ɛ r iː k
inflyttning	²'ɪ n f l ʏ t n ɪ ŋ
infoga	²'ɪ n f uː ɡ a
infogar	²'ɪ n f uː ɡ a r
information	ɪ n f ɔ r m a ɧ 'uː n
informell	ɪ n f ɔ r m 'ɛ l
informera	ɪ n f ɔ r m 'eː r a
informerar	ɪ n f ɔ r m 'eː r a r
infrastruktur	²'ɪ n f r a s t r ɵ k t ʉː r
infria	²'ɪ n f r iː a
infriar	²'ɪ n f r iː a r
infödd	²'ɪ n f œ d
inföding	²'ɪ n f øː d ɪ ŋ
inför	'ɪ n f øː r
införa	²'ɪ n f øː r
införliva	²'ɪ n f œ l iː v a
införlivar	²'ɪ n f œ l iː v a r
införsel	²'ɪ n f œ ɕ ɛ l
införstådd	²'ɪ n f œ ɕ t ɔ d
inga	²'ɪ ŋ a
ingalunda	²'ɪ ŋ a l ɵ n d a
inge	²'ɪ n j eː r
ingefära	²'ɪ ŋ ɛ f ɛː r a
ingen	²'ɪ ŋ ɛ n
ingendera	²'ɪ ŋ ɛ n d eː r a
ingenjör	ɪ n ɧ ɛ n j 'øː r
ingenmansland	²'ɪ ŋ ɛ n m a n s l a n d
ingenstans	²ɪ ŋ ɛ n s t a n s
ingenting	²ɪ ŋ ɛ n t ɪ ŋ
inger	²s ɪ n j 'eː r
inget	²'ɪ ŋ ɛ t
ingick	²'ɪ n j ɪ k
ingift	²'ɪ n j ɪ f t
ingivelse	²'ɪ n j iː v ɛ l s ɛ
ingjuta	²'ɪ n j ʉː t ɛ r
ingrediens	ɪ n ɡ r ɛ d ɪ 'ɛ n s
ingrep	²'ɪ n ɡ r eː p
ingrepp	²'ɪ n ɡ r ɛ p
ingripa	²'ɪ n ɡ r iː p ɛ r
ingripande	²'ɪ n ɡ r iː p a n d ɛ
ingrodd	²'ɪ n ɡ r ʊ d
ingå	²'ɪ n ɡ oː r
ingående	²'ɪ n ɡ oː ɛ n d ɛ
ingång	²'ɪ n ɡ ɔ ŋ
ingångssida	²'ɪ n ɡ ɔ ŋ s iː d a
ingått	²'ɪ n ɡ ɔ t
inhemsk	²'ɪ n h ɛ m s k
inhopp	²'ɪ n h ɔ p
inhoppare	²'ɪ n h ɔ p a r ɛ
inhägna	²'ɪ n h ɛ ŋ n a
inhägnad	²'ɪ n h ɛ ŋ n a d
inhägnar	²'ɪ n h ɛ ŋ n a r
inhämta	²'ɪ n h ɛ m t a
inhämtar	²'ɪ n h ɛ m t a r
inifrån	²'ɪ n ɪ f r oː n
initial	ɪ n ɪ t s ɪ 'ɑː l
initial-	²ɪ n ɪ t s ɪ 'ɑː l
initiativ	ɪ n ɪ t s ɪ a t 'iː v
initiera	ɪ n ɪ t s ɪ 'eː r a
initierad	ɪ n ɪ t s ɪ 'eː r a d
initierar	ɪ n ɪ t s ɪ 'eː r a r
injaga	²'ɪ n j ɑː ɡ a
injagar	²'ɪ n j ɑː ɡ a r
injektion	ɪ n j ɛ k ɧ 'uː n
injicera	ɪ n j ɪ s 'eː r a
injicerar	ɪ n j ɪ s 'eː r a r
inkalla	²'ɪ n k a l a
inkallelseorder	²'ɪ n k a l ɛ l s ɛ oː d ɛ r
inkapabel	ɪ n k a p 'ɑː b ɛ l
inkassera	²'ɪ n k a s eː r a
inkasserar	²'ɪ n k a s eː r a r
inkasso	²'ɪ n k a s ʊ
inkassobyrå	²'ɪ n k a s ʊ b yː r ɔ
inkast	²'ɪ n k a s t
inkl	ɪ n k l ɵ s 'iː v ɛ
inkludera	ɪ n k l ɵ d 'eː r a
inkluderar	ɪ n k l ɵ d 'eː r a r
inklusive	ɪ n k l ɵ s 'iː v ɛ
inkognito	ɪ n k 'ɔ ŋ n ɪ t ʊ
inkompetent	ɪ n k ɔ m p ɛ t 'ɛ n t
inkomst	²'ɪ n k ɔ m s t
inkomsttagare	²'ɪ n k ɔ m s t ɑː ɡ a r ɛ
inkonsekvent	ɪ n k ɔ n s ɛ k v 'ɛ n t
inkorporera	ɪ n k ɔ r p ʊ r 'eː r a
inkorporerar	ɪ n k ɔ r p ʊ r 'eː r a r
inkräkta	²'ɪ n k r ɛ k t a
inkräktar	²'ɪ n k r ɛ k t a r
inkräktare	²'ɪ n k r ɛ k t a r ɛ
inkubationstid	²ɪ n k ɵ b a ɧ 'uː n s t iː d
inkvartera	²'ɪ n k v a t eː r a
inkvarterar	²'ɪ n k v a t eː r a r
inköp	²'ɪ n ɕ øː p
inkörd	²'ɪ n ɕ øː d
inkörning	²'ɪ n ɕ øː n ɪ ŋ
inkörsport	²'ɪ n ɕ øː ɕ p ʊ t
inlaga	²'ɪ n l ɑː ɡ a
inlagd	²'ɪ n l a ɡ d
inland	²'ɪ n l a n d
inleda	²'ɪ n l eː d ɛ r
inledning	²'ɪ n l eː d n ɪ ŋ
inledningsvis	²'ɪ n l eː d n ɪ ŋ s v iː s
inlemma	²'ɪ n l ɛ m a
inlemmar	²'ɪ n l ɛ m a r
inlevelse	²'ɪ n l eː v ɛ l s ɛ
inlopp	²'ɪ n l ɔ p
inlägg	²'ɪ n l ɛ ɡ
inlämning	²'ɪ n l ɛ m n ɪ ŋ
inlärning	²'ɪ n l ɛː n ɪ ŋ
inn	ɪ n
innan	²'ɪ n a n
innandöme	²'ɪ n a n d œ m ɛ
innanför	²'ɪ n a n f øː r
inne	²'ɪ n ɛ
inneboende	²'ɪ n ɛ b uː ɛ n d ɛ
innebränd	²'ɪ n ɛ b r ɛ n d
innebära	²'ɪ n ɛ b ɛː r
innebörd	²'ɪ n ɛ b øː d
innefatta	²'ɪ n n ɛ f a t a
innefattar	²'ɪ n n ɛ f a t a r
innegrej	²'ɪ n ɛ ɡ r ɛ j
innehav	²'ɪ n ɛ h ɑː v
innehavare	²'ɪ n ɛ h ɑː v a r ɛ
innehåll	²'ɪ n ɛ h ɔ l
innehålla	²'ɪ n ɛ h ɔ l ɛ r
innehållsförteckning	²'ɪ n ɛ h ɔ l s f œ t ɛ k n ɪ ŋ
inner	²'ɪ n ɛ r
inner-	²'ɪ n ɛ r
innerst	'ɪ n ɛ ɕ t
innestående	²'ɪ n ɛ s t oː ɛ n d ɛ
innevarande	²'ɪ n ɛ v ɑː r a n d ɛ
innevånare	²'ɪ n ɛ v oː n a r ɛ
innovation	ɪ n ʊ v a ɧ 'uː n
inom	²'ɪ n ɔ m
inomhus	²'ɪ n ɔ m h ʉː s
inpränta	²'ɪ n p r ɛ n t a
inpräntar	²'ɪ n p r ɛ n t a r
inpå	ɪ n p 'oː
inramning	²'ɪ n r ɑː m n ɪ ŋ
inre	'ɪ n r ɛ
inreda	²'ɪ n r eː d ɛ r
inredning	²'ɪ n r eː d n ɪ ŋ
inregistrera	²'ɪ n r ɛ j ɪ s t r eː r a
inregistrerar	²'ɪ n r ɛ j ɪ s t r eː r a r
inrikes	²s ɪ n r 'iː k ɛ s
inrikes-	²'ɪ n r iː k ɛ s
inriktning	²'ɪ n r ɪ k t n ɪ ŋ
inrotad	²'ɪ n r uː t a d
inrutad	²'ɪ n r ʉː t a d
inräknad	²'ɪ n r ɛː k n a d
inrätta	²'ɪ n r ɛ t a
inrättar	²'ɪ n r ɛ t a r
inrättning	²'ɪ n r ɛ t n ɪ ŋ
insamling	²'ɪ n s a m l ɪ ŋ
insats	²'ɪ n s a t s
insatslägenhet	²'ɪ n s a t s l ɛː ɡ ɛ n h eː t
inse	²'ɪ n s eː r
insekt	²'ɪ n s ɛ k t
insexnyckel	ɪ n s ɛ k s n ʏ k ɛ l
insida	²'ɪ n s iː d a
insikt	²'ɪ n s ɪ k t
insinuation	ɪ n s ɪ n ɵ a ɧ 'uː n
insinuera	ɪ n s ɪ n ɵ 'eː r a
insinuerar	ɪ n s ɪ n ɵ 'eː r a r
insistera	ɪ n s ɪ s t 'eː r a
insisterar	ɪ n s ɪ s t 'eː r a r
insjukna	²'ɪ n ɧ ʉː k n a
insjuknandedag	²'ɪ n ɧ ʉː k n a n d ɛ d ɑː ɡ
insjuknar	²'ɪ n ɧ ʉː k n a r
insjö	²'ɪ n ɧ øː
inskjuta	²'ɪ n ɧ ʉː t ɛ r
inskolning	²'ɪ n s k uː l n ɪ ŋ
inskrift	²'ɪ n s k r ɪ f t
inskriver	²'ɪ n s k r iː v ɛ r
inskrivning	²'ɪ n s k r iː v n ɪ ŋ
inskränka	²'ɪ n s k r ɛ ŋ k ɛ r
inskränkning	²'ɪ n s k r ɛ ŋ k n ɪ ŋ
inskränkt	²'ɪ n s k r ɛ ŋ k t
inslag	²'ɪ n s l ɑː ɡ
insnöad	²'ɪ n s n øː a d
inspektera	ɪ n s p ɛ k t 'eː r a
inspekterar	ɪ n s p ɛ k t 'eː r a r
inspektion	ɪ n s p ɛ k ɧ 'uː n
inspektör	ɪ n s p ɛ k t 'øː r
inspelning	²'ɪ n s p eː l n ɪ ŋ
inspiration	ɪ n s p ɪ r a ɧ 'uː n
inspirera	ɪ n s p ɪ r 'eː r a
inspirerar	ɪ n s p ɪ r 'eː r a r
installation	ɪ n s t a l a ɧ 'uː n
installera	ɪ n s t a l 'eː r a
installerar	ɪ n s t a l 'eː r a r
instans	ɪ n s t 'a n s
instinkt	²'ɪ n s t ɪ ŋ k t
institut	ɪ n s t ɪ t 'ʉː t
institution	ɪ n s t ɪ t ɵ ɧ 'uː n
instruera	ɪ n s t r ɵ 'eː r a
instruerar	ɪ n s t r ɵ 'eː r a r
instruktion	ɪ n s t r ɵ k ɧ 'uː n
instruktör	ɪ n s t r ɵ k t 'øː r
instrument	ɪ n s t r ɵ m 'ɛ n t
inställa	²ɪ n s t ɛ l ɛ r
inställning	²'ɪ n s t ɛ l n ɪ ŋ
inställsam	²'ɪ n s t ɛ l s a m
instämma	²'ɪ n s t ɛ m ɛ r
instängd	²'ɪ n s t ɛ ŋ d
insulin	ɪ n s ɵ l 'iː n
insyltad	²'ɪ n s ʏ l t a d
insyn	²'ɪ n s yː n
insändare	²'ɪ n s ɛ n d a r ɛ
insättning	²'ɪ n s ɛ t n ɪ ŋ
insåg	²'ɪ n s oː ɡ
inta	²'ɪ n t ɑː r
intagen	²'ɪ n t ɑː ɡ ɛ n
intagning	²'ɪ n t ɑː ɡ n ɪ ŋ
intagningspoäng	²'ɪ n t ɑː ɡ n ɪ ŋ s p ʊ ɛ ŋ
intakt	ɪ n t 'a k t
inte	²'ɪ n t ɛ
inteckna	²'ɪ n t ɛ k n a
intecknar	²'ɪ n t ɛ k n a r
inteckning	²'ɪ n t ɛ k n ɪ ŋ
integral	ɪ n t ɛ ɡ r 'ɑː l
integrationsverket	²ɪ n t ɛ ɡ r a ɧ 'uː s v a r k ɛ t
integrera	ɪ n t ɛ ɡ r 'eː r a
integrerar	ɪ n t ɛ ɡ r 'eː r a r
integritet	ɪ n t ɛ ɡ r ɪ t 'eː t
intellekt	ɪ n t ɛ l 'ɛ k t
intellektuell	ɪ n t ɛ l ɛ k t ɵ 'ɛ l
intelligens	ɪ n t ɛ l ɪ ɡ 'ɛ n s
intelligent	ɪ n t ɛ l ɪ ɡ 'ɛ n t
intendent	ɪ n t ɛ n d 'ɛ n t
intensifiera	ɪ n t ɛ n s ɪ f ɪ 'eː r a
intensifierar	ɪ n t ɛ n s ɪ f ɪ 'eː r a r
intensiv	ɪ n t ɛ n s 'iː v
intensivvård	ɪ n t ɛ n s 'iː v v 'oː r d
intensivvårdsavdelning	ɪ n t ɛ n s 'iː v v 'oː r d s a v d 'eː l n 'iː ŋ
interiör	ɪ n t ɛ r ɪ 'øː r
interjuv	ɪ n t ɛ r j ʉː v
intermezzo	ɪ n t ɛ r m 'ɛ s ʊ
intern	ɪ n t 'ɛː n
internat	ɪ n t ɛ n 'ɑː t
internationell	ɪ n t ɛ n a t ɧ ʊ n 'ɛ l
internering	ɪ n t ɛ n 'eː r ɪ ŋ
internet	'ɪ n t ɛ n ɛ t
internetadress	²'ɪ n t ɛ n ɛ t a d r ɛ s
internetleverantör	²'ɪ n t ɛ n ɛ t l ɛ v ɛ r a n t øː r
internordisk	ɪ n t ɛ n 'uː d ɪ s k
interpellation	ɪ n t ɛ r p ɛ l a ɧ 'uː n
interpellera	ɪ n t ɛ r p ɛ l 'eː r a
interpellerar	ɪ n t ɛ r p ɛ l 'eː r a r
intervall	ɪ n t ɛ r v 'a l
intervenera	ɪ n t ɛ r v ɛ n 'eː r a
intervenerar	ɪ n t ɛ r v ɛ n 'eː r a r
intervju	ɪ n t ɛ r v j 'ʉː
intervjua	ɪ n t ɛ r v j 'ʉː a
intervjuar	ɪ n t ɛ r v j 'ʉː a r
intet	²'ɪ n t ɛ t
intill	ɪ n t 'ɪ l
intim	ɪ n t 'iː m
intog	²'ɪ n t uː ɡ
intolerant	ɪ n t ʊ l ɛ r 'a n t
intonation	ɪ n t ɔ n a ɧ 'uː n
intranät	²'ɪ n t r a n ɛː t
intressant	ɪ n t r ɛ s 'a n t
intresse	²ɪ n t r 'ɛ s ɛ
intressera	ɪ n t r ɛ s 'eː r a
intresserad	ɪ n t r ɛ s 'eː r a d
intresserar	ɪ n t r ɛ s 'eː r a r
intrig	ɪ n t r 'iː ɡ
intrikat	ɪ n t r ɪ k 'ɑː t
introducera	ɪ n t r ʊ d ɵ s 'eː r a
introducerar	ɪ n t r ʊ d ɵ s 'eː r a r
introduktion	ɪ n t r ʊ d ɵ k ɧ 'uː n
intryck	²'ɪ n t r ʏ k
inträda	²'ɪ n t r ɛː d ɛ r
inträde	²'ɪ n t r ɛː d ɛ
inträdesavgift	²'ɪ n t r ɛː d ɛ s ɑː v j ɪ f t
inträffa	²'ɪ n t r ɛ f a
inträffar	²'ɪ n t r ɛ f a r
intrång	²'ɪ n t r ɔ ŋ
intuition	ɪ n t ɵ ɪ ɧ 'uː n
intyg	²'ɪ n t yː ɡ
intyga	²'ɪ n t yː ɡ a
intygar	²'ɪ n t yː ɡ a r
intäkt	²'ɪ n t ɛ k t
inuit	²'ɪ n ɵ iː t
inuti	²'ɪ n ɵ t iː
invadera	ɪ n v a d 'eː r a
invaderar	ɪ n v a d 'eː r a r
invagga	²'ɪ n v a ɡ a
invaggar	²'ɪ n v a ɡ a r
invalid	ɪ n v a l 'iː d
invaliditet	ɪ n v a l ɪ d ɪ t 'eː t
invandra	²'ɪ n v a n d r a
invandrar	²'ɪ n v a n d r a r
invandrarbyrå	²'ɪ n v a n d r a r b yː r ɔ
invandrare	²'ɪ n v a n d r a r ɛ
invandring	²'ɪ n v a n d r ɪ ŋ
invasion	ɪ n v a ɧ 'uː n
invecklad	²'ɪ n v ɛ k l a d
invektiv	ɪ n v ɛ k t 'iː v
inventarier	ɪ n v ɛ n t 'ɑː r ɪ ɛ r
inverka	²'ɪ n v a r k a
inverkan	²'ɪ n v a r k a n
inverkar	²'ɪ n v a r k a r
investera	ɪ n v ɛ s t 'eː r a
investerar	ɪ n v ɛ s t 'eː r a r
investering	ɪ n v ɛ s t 'eː r ɪ ŋ
invid	ɪ n v 'iː d
inviga	²'ɪ n v iː ɡ ɛ r
invigning	²'ɪ n v iː ɡ n ɪ ŋ
invit	ɪ n v 'iː t
invända	²'ɪ n v ɛ n d ɛ r
invändig	²s ɪ n v ɛ n d ɪ ɡ
invändigt	²'ɪ n v ɛ n d ɪ t
invänta	²'ɪ n v ɛ n t a
inväntar	²'ɪ n v ɛ n t a r
invärtes	²'ɪ n v a t ɛ s
invånare	²'ɪ n v oː n a r ɛ
inälva	ɪ n ɛ l v a
inälvor	²'ɪ n ɛ l v ʊ r
inåt	'ɪ n ɔ t
iordningställa	²ɪ 'oː d n ɪ ŋ s t ɛ l ɛ r
iq	²ɪ n t ɛ l ɪ ɡ 'ɛ n s k v uː t
irak	ɪ r 'ɑː k
irakier	ɪ r 'ɑː k ɪ ɛ r
iranier	ɪ r 'ɑː n ɪ ɛ r
iriomotemes	ɪ r ɪ j ɔ m ɔ t ɛ m 'eː s
irland	ɪ r l a n d
irländsk	²'iː l ɛ n d s k
ironi	ɪ r ʊ n 'iː
ironisk	ɪ r 'uː n ɪ s k
irra	²'ɪ r a
irrar	²'ɪ r a r
irrationell	ɪ r a t ɧ ʊ n 'ɛ l
irritation	ɪ r ɪ t a ɧ 'uː n
irritationsmoment	²ɪ r ɪ t a ɧ 'uː n s m ʊ m ɛ n t
irritera	ɪ r ɪ t 'eː r a
irriterad	ɪ r ɪ t 'eː r a d
irriterar	ɪ r ɪ t 'eː r a r
is	iː s
isabella	ɪ s a ²s b ɛ l a
isabellatörnskata	ɪ s a b ɛ l a t øː r n s k 'ɑː t a
isberg	²'iː s b a r j
isbrytare	²'iː s b r yː t a r ɛ
iscensätta	²ɪ s 'eː n s ɛ t ɛ r
ischias	'ɪ ɧ ɪ a s
isdubb	'iː s d ɵ b
isglass	²'iː s ɡ l a s
ishall	²'iː s h a l
ishockey	²'iː s h ɔ k ʏ
iskall	²'iː s k a l
islam	ɪ s l 'ɑː m
island	'iː s l a n d
isländsk	²'iː s l ɛ n d s k
islänning	²'iː s l ɛː n ɪ n ŋ
ismås	'iː s m oː s
isolera	ɪ s ʊ l 'eː r a
isolerad	ɪ s ʊ l 'eː r a d
isolerar	ɪ s ʊ l 'eː r a r
isolering	ɪ s ʊ l 'eː r ɪ ŋ
israel	ɪ s r a 'eː l
israelisk	ɪ s r a 'eː l ɪ s k
isterband	²'ɪ s t ɛ r b a n d
istid	'iː s t 'iː d
isär	ɪ s 'ɛː r
italien	ɪ t 'ɑː l ɪ ɛ n
italienare	²ɪ t a l ɪ 'eː n a r ɛ
italiensk	ɪ t a l ɪ 'eː n s k
itp	iː t eː p 'eː
itt	ɪ t
itu	ɪ t 'ʉː
iva	'iː v a
ivar	'iː v a r
iver	'iː v ɛ r
ivorian	ɪ v ʊ r ɪ 'ɑː n
ivrig	²'iː v r ɪ ɡ
iväg	ɪ v 'ɛː ɡ
iögonfallande	²ɪ 'øː ɡ ɔ n f a l a n d ɛ
j	j
ja	j ɑː
jack	j a k
jacka	²j 'a k a
jacke	²s j a k ɛ
jackpot	²j a k p ɔ t
jackpott	²j a k p ɔ t
jade	j ɛ j d
jag	j ɑː
jaga	²j 'ɑː ɡ a
jagar	²j 'ɑː ɡ a r
jagare	²j 'ɑː ɡ a r ɛ
jagis	t j 'ɑː ɡ ɪ s
jaha	j a h 'ɑː
jak	j 'ɑː k
jaka	²j 'ɑː k a
jakar	²j 'ɑː k a r
jakaranda	²ɧ a k a r 'a n d a
jakt	j a k t
jaktfalk	j a k t f a l k
jaktkort	²j 'a k t k ʊ t
jalla	j a l l a
jalu	ɧ a l ʉː
jalusi	ɧ a l ɵ s 'iː
jam	j 'ɑː m
jama	²j 'ɑː m a
jamar	²j 'ɑː m a r
jantelag	²j 'a n t ɛ l ɑː ɡ
januari	j a n ɵ 'ɑː r ɪ
japan	j a p 'ɑː n
japanare	j a p ²s 'ɑː n a r ɛ
japansk	j a p 'ɑː n s k
japanska	j a p 'ɑː n s k a
jargong	ɧ a r ɡ 'ɔ ŋ
jasmin	ɧ a s m 'iː n
jasmine	ɧ a s m 'iː n
jason	j 'ɑː s ɔ n
jaså	²j 'a s ɔ
javisst	j a v 'ɪ s t
jazz	j a s
jeans	j iː n s
jeep	j iː p
jehu	j ɛ h ʉː
jemen	j 'eː m ɛ n
jennie	t j ɛ n ɪ
jenny	t j ɛ n ʏ
jeppis	j ɛ p ɪ s
jerusalem	j ɛ ²s r ʉː s a l ɛ m
jesuit	j ɛ s ɵ 'iː t
jesus	j 'eː s ɵ s
jet	j ɛ t
jetset	²j 'eː t s ɛ t
jfr	²j 'ɛ m f øː r
jiddra	²s j ɪ d r a
jippo	j 'ɪ p ʊ
jo	²j 'iː uː
jobb	j ɔ b
jobba	²j 'ɔ b a
jobbansökan	j ɔ b a n s øː k a n
jobbar	²j 'ɔ b a r
jobbare	²j 'ɔ b a r ɛ
jobbarkompis	²j 'ɔ b a r k ɔ m p ɪ s
jobbig	²j 'ɔ b ɪ ɡ
jobspost	²j 'ɔ b s p ɔ s t
jocke	²s j ʊ k ɛ
jod	j ɔ d
jodå	j 'uː d ɔ
joel	²s j 'uː ɛ l
jogga	²j 'ɔ ɡ a
joggar	²j 'ɔ ɡ a r
johan	j ʊ a n
johanna	j ʊ ²s h a n a
joina	d͡ʒ ɔ j n a
joint	d ʒ ɔ ɪ n t
jojk	j ɔ j k
jojka	²s j ɔ j k a
jojo	j ʊ j ʊ
joker	j 'oː k ɛ r
jokk	j ɔ k
jolle	²j 'ɔ l ɛ
joller	j 'ɔ l ɛ r
jollra	²j 'ɔ l r a
jollrar	²j 'ɔ l r a r
jolm	j ɔ l m
jonas	j 'uː n a s
jonglera	ɧ ɔ ŋ l 'eː r a
jonglerar	ɧ ɔ ŋ l 'eː r a r
jonsson	j ʊ n s ɔ n
jonte	²s j ɔ n t ɛ
joppe	j ɔ p ɛ
jord	j uː d
jordafärd	²s j 'uː r d a f ɛː r d
jordbruk	²j 'uː d b r ʉː k
jordbrukare	²j 'uː d b r ʉː k a r ɛ
jordbävning	²j 'uː d b ɛː v n ɪ ŋ
jorden	j 'uː r d ɛ n
jordfästa	²j 'uː d f ɛ s t ɛ r
jordfästning	²j 'uː d f ɛ s t n ɪ ŋ
jordgubbe	²j 'uː d ɡ ɵ b ɛ
jordklot	²j 'uː d k l uː t
jordmån	²j 'uː d m oː n
jordnära	²j 'uː d n ɛː r a
jordskalv	²j 'uː d ɕ k a l v
jordskred	²j 'uː d ɕ k r eː d
jorduggla	j ʊ r d ɵ ɡ l a
jordvarg	j 'uː d v a r j
jos	j uː s
jota	²s j 'uː t a
joule	j uː l
jour	ɧ uː r
jourhavande	²ɧ 'uː r h ɑː v a n d ɛ
journal	ɧ ʊ n 'ɑː l
journalist	ɧ ʊ n a l 'ɪ s t
journalistik	ɧ ʊ r n a l ɪ s t 'iː k
jovisst	j ʊ v 'ɪ s t
jox	j ʊ k s
joxa	²j 'ʊ k s a
joxar	²j 'ʊ k s a r
ju	j ʉː
jubel	j 'ʉː b ɛ l
jubileum	²j ɵ b ɪ l 'eː ɵ m
jubla	²j 'ʉː b l a
jublar	²j 'ʉː b l a r
jude	²j 'ʉː d ɛ
juden	²s j ʉː d ɛ n
judesvin	²s j ʉː d ɛ s v 'iː n
judetyska	²s j ʉː d ɛ t ʏ s k a
judisk	j 'ʉː d ɪ s k
jugoslav	j ɵ ɡ ʊ s l 'ɑː v
jugoslavisk	j ɵ ɡ ʊ s l 'ɑː v ɪ s k
juice	j uː s
jukebox	j 'uː k b ɔ k s
jukkasjärvi	j ɵ̂ k a s j r r v ɪ
jul	j ʉː l
julafton	²j 'ʉː l a f t ɔ n
julas	²s j s l a s
julbock	²s j ʉː l b ɔ k
julbord	²j 'ʉː l b uː d
juldagen	²j 'ʉː l d ɑː ɡ ɛ n
julgran	²j 'ʉː l ɡ r ɑː n
julgranskula	²s j s l ɡ r 'ɑː n s k s l a
julgransplundring	²j 'ʉː l ɡ r ɑː n s p l ɵ n d r ɪ ŋ
juli	j 'ʉː l ɪ
julklapp	²j 'ʉː l k l a p
julkrubba	²j 'ʉː l k r ɵ b a
julmust	²s j s l m ɵ s t
julotta	²j 'ʉː l ʊ t a
julskinka	²j 'ʉː l ɧ ɪ ŋ k a
jultomte	²j 'ʉː l t ɔ m t ɛ
jumbo	j 'ɵ m b ʊ
jumbojet	²j 'ɵ m b ʊ j ɛ t
jumpa	²j 'ɵ m p a
jumpar	²j 'ɵ m p a r
jumper	j 'ɵ m p ɛ r
jun	j ʉː n
jungfru	²j 'ɵ ŋ f r ɵ
jungfru-	²j 'ɵ ŋ f r ɵ
jungfrukälla	j ɵ ŋ f r ʉː ɕ ɛ l a
jungfrun	²s j ɵ ŋ f r ʉː n
jungfrutrana	j ɵ ŋ f r ɵ t r 'ɑː n a
juni	j 'ʉː n ɪ
junior	j ɵ n ɪ 'oː r
junta	²j 'ɵ n t a
jupiter	j ʉː p ɪ t ɛ r
juridik	j ɵ r ɪ d 'iː k
juridisk	j ɵ r 'iː d ɪ s k
jurist	j ɵ r 'ɪ s t
jury	j 'ɵ r ʏ
just	j ɵ s t
justera	ɧ ʏ s t 'eː r a
justerad	ɧ ʏ s t 'eː r a d
justerar	ɧ ʏ s t 'eː r a r
justeringsman	²ɧ ʏ s t 'eː r ɪ ŋ s m a n
justitie-	²j ɵ s t 'iː t s ɪ ɛ
justitiekanslern	²j ɵ s t 'iː t s ɪ ɛ k a n s l ɛ r n
justitiemord	²j ɵ s t 'iː t s ɪ ɛ m uː d
justitieombudsman	²j ɵ s t 'iː t s ɪ ɛ ɔ m b ʉː d s m a n
juvel	j ɵ v 'eː l
juvelerare	²j ɵ v ɛ l 'eː r a r ɛ
juver	j 'ʉː v ɛ r
jycke	²j 'ʏ k ɛ
jägare	²j 'ɛː ɡ a r ɛ
jägmästare	²s j ɛː ɡ m ɛ s t a r ɛ
jäkel	²j 'ɛː k ɛ l
jäkla	²j 'ɛː k l a
jäklar	²j 'ɛː k l a r
jäkt	j ɛ k t
jäkta	²j 'ɛ k t a
jäktad	²j 'ɛ k t a d
jäktar	²j 'ɛ k t a r
jäktig	²j 'ɛ k t ɪ ɡ
jämbördig	²j 'ɛ m b øː d ɪ ɡ
jämföra	²j 'ɛ m f øː r
jämförbar	²j 'ɛ m f øː r b ɑː r
jämförelse	²j 'ɛ m f øː r ɛ l s ɛ
jämförelsevis	²j 'ɛ m f øː r ɛ l s ɛ v iː s
jämförpris	²j 'ɛ m f øː r p r iː s
jämka	²j 'ɛ m k a
jämkar	²j 'ɛ m k a r
jämkning	²j 'ɛ m k n ɪ ŋ
jämlik	²j 'ɛ m l iː k
jämlikhet	²j 'ɛ m l iː k h eː t
jämmer	j 'ɛ m ɛ r
jämn	j ɛ m n
jämn-	²j 'ɛ m n
jämnmod	²j 'ɛ m n m uː d
jämnt	j ɛ m n t
jämnårig	²j 'ɛ m n oː r ɪ ɡ
jämsides	²j 'ɛ m s iː d ɛ s
jämställa	²j 'ɛ m s t ɛ l ɛ r
jämställdhet	²j 'ɛ m s t ɛ l d h eː t
jämställdhetsombudsmannen	²j 'ɛ m s t ɛ l d h eː t s ʊ m b ʉː d s m a n ɛ n ²j 'ɛ m uː
jämt	j ɛ m t
jämte	²j 'ɛ m t ɛ
jämtland	j 'ɛ m t l a n d
jämvikt	²j 'ɛ m v ɪ k t
jänta	²j 'ɛ n t a
järfälla	j r r f ɛ l a
järn	j ɛː n
järngrepp	²j 'ɛː n ɡ r ɛ p
järnhand	²j 'ɛː n h a n d
järnhandel	²j 'ɛː n h a n d ɛ l
järnnätter	²j 'ɛː n ɛ t ɛ r
järnridån	²j 'ɛː n r ɪ d oː n
järnring	²j 'ɛː n r ɪ ŋ
järnverk	²j 'ɛː n v a r k
järnväg	²j 'ɛː n v ɛː ɡ
järnvägsknut	²j 'ɛː n v ɛː ɡ s k n ʉː t
järnvägsstation	²s j 'ɛː n v ɛː ɡ s s t a ɧ 'uː n
järpe	j ɛ r p ɛ
järv	j r r v
jäsa	j 'ɛː s ɛ r
jäsning	²j 'ɛː s n ɪ ŋ
jäst	j ɛ s t
jätte	²j 'ɛ t ɛ
jätte-	²j 'ɛ t ɛ
jättebra	²s j ɛ t ɛ b r 'ɑː
jättelik	²j 'ɛ t ɛ l iː k
jäv	j ɛː v
jävel	j ɛː v ɛ l
jävig	²j 'ɛː v ɪ ɡ
jävla	²j 'ɛː v l a
jävlig	²j 'ɛː v l ɪ ɡ
jönköping	j œ n ɕ øː p ɪ ŋ
jösses	²j 'œ s ɛ s
k	k
k-märka	²k 'oː m a r k ɛ r
k-pist	²k 'oː p ɪ s t
kabaré	k a b a r 'eː
kabel	²k 'ɑː b ɛ l
kabel-tv	²k 'ɑː b ɛ l t eː v ɛ
kabin	k a b 'iː n
kabinett	²k a b ɪ n 'ɛ t
kabinettssekreterare	²k a b ɪ n 'ɛ t s ɛ k r ɛ t eː r a r ɛ
kackerlacka	²k 'a k ɛ l a k a
kackig	k a k ɪ
kackla	²k 'a k l a
kacklar	²k 'a k l a r
kadaver	k a d 'ɑː v ɛ r
kadaverdisciplin	²k a d 'ɑː v ɛ d ɪ s ɪ p l iː n
kadmium	k a d m ɪ ɵ m
kafeteria	k a f ɛ t 'eː r ɪ a
kaffe	²k 'a f ɛ
kaffebryggare	²k 'a f ɛ b r ʏ ɡ a r ɛ
kaffegök	k a f ɛ j øː k
kaffepumla	²s k a f ɛ p ɵ m l a
kafé	k a f 'eː
kaj	k a j
kaja	²k 'a j a
kajak	k a j 'ɑː k
kajuta	²k a j 'ʉː t a
kaka	²k 'ɑː k a
kakao	²k 'ɑː k a ʊ
kakel	k 'ɑː k ɛ l
kaktus	k 'a k t ɵ s
kal	k ɑː l
kalabalik	k a l a b a l 'iː k
kalas	k a l 'ɑː s
kalas-	²k a l 'ɑː s
kalasa	k a l 'ɑː s a
kalasar	k a l 'ɑː s a r
kalasbyxa	²k a l 'ɑː s b ʏ k s a
kalaskula	²k a l 'ɑː s k ʉː l a
kalcium	k a l s ɪ ɵ m
kalender	k a l 'ɛ n d ɛ r
kalhugga	²k 'ɑː l h ɵ ɡ ɛ r
kalhygge	²k 'ɑː l h ʏ ɡ ɛ
kaliber	k a l 'iː b ɛ r
kalifornien	k a l ɪ f oː r n ɪ ɛ n
kalium	k 'ɑː l ɪ ɵ m
kalk	k a l k
kalka	²k 'a l k a
kalkar	²k 'a l k a r
kalkera	k a l k 'eː r a
kalkerar	k a l k 'eː r a r
kalkon	k a l k 'uː n
kalkyl	k a l k 'yː l
kalkylator	²k a l k ʏ l 'ɑː t ʊ r
kalkylera	k a l k ʏ l 'eː r a
kalkylerar	k a l k ʏ l 'eː r a r
kall	k a l
kalla	²k 'a l a
kallar	²k 'a l a r
kallblodig	²k 'a l b l uː d ɪ ɡ
kallbrand	²k 'a l b r a n d
kalldusch	²k 'a l d ɵ ɧ
kalle	²s k a l ɛ
kallelse	²k 'a l ɛ l s ɛ
kallna	²k 'a l n a
kallnar	²k 'a l n a r
kallprat	²s k a l p r 'ɑː t
kallsinnig	²k 'a l s ɪ n ɪ ɡ
kallskuret	²k 'a l s k ʉː r ɛ t
kallskänka	²k 'a l ɧ ɛ ŋ k a
kallsup	²k 'a l s ʉː p
kallsvett	²k 'a l s v ɛ t
kalmarit	k a l m a r 'iː t
kalops	k a l 'ɔ p s
kalori	k a l ʊ r 'iː
kalott	k a l 'ɔ t
kalsonger	k a l s 'ɔ ŋ ɛ r
kalufs	k a l 'ɵ f s
kalv	k a l v
kam	k a m
kamel	k a m 'eː l
kameleont	k a m ɛ l ɛ 'ɔ n t
kamera	k 'ɑː m ɛ r a
kamerun	k a m ɛ r ʉː n
kamin	k a m 'iː n
kamma	²k 'a m a
kammar	²k 'a m a r
kammare	²k 'a m a r ɛ
kammarmusik	²k 'a m a r m ɵ s iː k
kammarrätt	²k 'a m a r ɛ t
kamouflage	k a m ʊ f l 'ɑː ɧ
kamp	k a m p
kampanj	k a m p 'a n j
kampar	²k 'a m p a r
kamrat	k a m r 'ɑː t
kamratskap	²k a m r 'ɑː t s k ɑː p
kamrer	k a m r 'eː r
kan	k a n
kana	²k 'ɑː n a
kanada	k a n a d a
kanadagås	k a n a d a ɡ oː s
kanadames	k a n a d a m 'eː s
kanadensare	²k a n a d 'ɛ n s a r ɛ
kanadensisk	k a n a d ɛ n s ɪ s k
kanal	k a n 'ɑː l
kanalisera	k a n a l ɪ s 'eː r a
kanaliserar	k a n a l ɪ s 'eː r a r
kanar	²k 'ɑː n a r
kanariefågel	²k a n 'ɑː r ɪ ɛ f oː ɡ ɛ l
kand	k a n d
kandelaber	k a n d ɛ l 'ɑː b ɛ r
kandidat	k a n d ɪ d 'ɑː t
kandidatur	k a n d ɪ d a t 'ʉː r
kandidera	k a n d ɪ d 'eː r a
kandiderar	k a n d ɪ d 'eː r a r
kanel	k a n 'eː l
kanelbulle	k a n 'eː l b ɵ l ɛ
kanelsnäcka	k a n 'eː l s n ɛ k a
kanhända	²k a n h 'ɛ n d a
kanin	k a n 'iː n
kanna	²k 'a n a
kannibal	k a n ɪ b 'ɑː l
kanon	k a n 'uː n
kanon-	²k a n 'uː n
kanot	k a n 'uː t
kanske	²k 'a n ɧ ɛ
kansler	k 'a n s l ɛ r
kansli	k a n s l 'iː
kanslihuset	²k a n s l 'iː h ʉː s ɛ t
kanslisvenska	²k a n s l 'iː s v ɛ n s k a
kant	k a n t
kanta	²k 'a n t a
kantar	²k 'a n t a r
kantarell	k a n t a r 'ɛ l
kantig	²k 'a n t ɪ ɡ
kantin	k a n t 'iː n
kantor	²k 'a n t ʊ r
kantra	²k 'a n t r a
kantrar	²k 'a n t r a r
kanyl	k a n 'yː l
kaos	k 'ɑː ɔ s
kaotisk	k a 'uː t ɪ s k
kap	k ɑː p
kapa	²k 'ɑː p a
kapabel	k a p 'ɑː b ɛ l
kapacitet	k a p a s ɪ t 'eː t
kapar	²k 'ɑː p a r
kapell	k a p 'ɛ l
kapital	k a p ɪ t 'ɑː l
kapitalism	k a p ɪ t a l 'ɪ s m
kapitalist	k a p ɪ t a l 'ɪ s t
kapitalistisk	k a p ɪ t a l 'ɪ s t ɪ s k
kapitalvara	²k a p ɪ t 'ɑː l v ɑː r a
kapitel	k a p 'ɪ t ɛ l
kapitulera	k a p ɪ t ɵ l 'eː r a
kapitulerar	k a p ɪ t ɵ l 'eː r a r
kapmes	k 'ɑː p m 'eː s
kapning	²k 'ɑː p n ɪ ŋ
kappa	²k 'a p a
kapprum	²k 'a p r ɵ m
kapprustning	²k 'a p r ɵ s t n ɪ ŋ
kaprifol	k a p r ɪ f 'uː l
kapris	k 'ɑː p r ɪ s
kapsejsa	k a p s 'ɛ j s a
kapsejsar	k a p s 'ɛ j s a r
kapsel	²k 'a p s ɛ l
kapsyl	k a p s 'yː l
kapten	k a p t 'eː n
kapuschong	k a p ɵ ɧ 'ɔ ŋ
kar	k ɑː r
karaff	k a r 'a f
karakteristisk	k a r a k t ɛ r 'ɪ s t ɪ s k
karaktär	k a r a k t 'ɛː r
karaktärsroll	²k a r a k t 'ɛː ɕ r ɔ l
karaktärsskådespelare	²k a r a k t 'ɛː ɕ k oː d ɛ s p eː l a r ɛ
karamell	k a r a m 'ɛ l
karantän	k a r a n t 'ɛː n
karat	k a r 'ɑː t
karate	²k a r 'ɑː t ɛ
karaten	k a r 'ɑː t ɛ n
karatens	k a r 'ɑː t ɛ n s
karavan	k a r a v 'ɑː n
karbid	k a r b 'iː d
karbin	k a r b 'iː n
karbonpapper	²k a r b 'oː n p a p ɛ r
karda	²k 'ɑː d a
kardan	k a d 'ɑː n
kardemumma	²k a d ɛ m 'ɵ m a
kardinal	k a d ɪ n 'ɑː l
karenstid	²k a r 'ɛ n s t iː d
karg	k a r j
karies	k 'ɑː r ɪ ɛ s
karikatyr	k a r ɪ k a t 'yː r
karina	k a ²s r 'iː n a
karisma	²k a r 'ɪ s m a
karl	k ɑː r
karlskrona	k a r l s ²s k r 'uː n a
karm	k a r m
karneval	k a n ɛ v 'ɑː l
karolina	k a r ʊ ²s l 'iː n a
karolinasumphöna	k a r ʊ l 'iː n a s ɵ m p h øː n a
karolinatita	k a r ʊ l 'iː n a t 'iː t a
kaross	k a r 'ɔ s
karosseri	k a r ɔ s ɛ r 'iː
karott	k a r 'ɔ t
karriär	k a r ɪ 'ɛː r
karriärist	k a r ɪ a r 'ɪ s t
karré	k a r 'eː
karta	²k 'ɑː t a
kartell	k a t 'ɛ l
kartlägga	²k 'ɑː t l ɛ ɡ ɛ r
kartong	k a t 'ɔ ŋ
kartotek	k a t ʊ t 'eː k
karusell	k a r ɵ s 'ɛ l
karva	²k 'a r v a
karvar	²k 'a r v a r
kasern	k a s 'ɛː n
kasino	k a s 'iː n ʊ
kasperteater	²k 'a s p ɛ t ɛ ɑː t ɛ r
kass	k a s
kassa	²k 'a s a
kassarabatt	²k 'a s a r a b a t
kassaskåp	²k 'a s a s k oː p
kasse	²k 'a s ɛ
kassera	k a s 'eː r a
kasserar	k a s 'eː r a r
kassett	k a s 'ɛ t
kassettdäck	²k a s 'ɛ t d ɛ k
kassettradio	²k a s 'ɛ t r ɑː d ɪ ʊ
kassör	k a s 'øː r
kassörska	²k a s 'øː ɕ k a
kast	k a s t
kasta	²k 'a s t a
kastanj	k a s t 'a n j
kastar	²k 'a s t a r
kastrera	k a s t r 'eː r a
kastrerar	k a s t r 'eː r a r
kastrull	k a s t r 'ɵ l
kastspö	²k 'a s t s p øː
kasus	k 'ɑː s ɵ s
katalan	k a t 'ɑː l 'ɑː n
katalog	k a t a l 'oː ɡ
katalysator	²k a t a l ʏ s 'ɑː t ʊ r
katalytisk	k a t a l 'yː t ɪ s k
katarina	k a t a ²s r 'iː n a
katarr	k a t 'a r
katastrof	k a t a s t r 'oː f
katastrofal	k a t a s t r ɔ f 'ɑː l
kateder	k a t 'eː d ɛ r
katedral	k a t ɛ d r 'ɑː l
kategori	k a t ɛ ɡ ʊ r 'iː
kategorisk	k a t ɛ ɡ 'uː r ɪ s k
katharina	k a t a ²s r 'iː n a
katod	k a t oː d
katolicism	k a t ʊ l ɪ s 'ɪ s m
katolik	k a t ʊ l 'iː k
katolsk	k a t 'uː l s k
katrina	k a ²s t r 'iː n a
katrineholm	k a t r 'iː n ɛ h ɔ l m
katt	k a t
katten	²k 'a t ɛ n
kautschuk	k 'a ʊ t ɧ ɵ k
kavaj	k a v 'a j
kavaljer	k a v a l j 'eː r
kavalkad	k a v a l k 'ɑː d
kavalleri	k a v a l ɛ r 'iː
kavat	k a v 'ɑː t
kavel	²k 'ɑː v ɛ l
kaviar	k 'a v ɪ a r
kavla	²k 'ɑː v l a
kavlar	²k 'ɑː v l a r
kavring	²k 'ɑː v r ɪ ŋ
kaxig	k 'a k s ɪ ɡ
kazakstan	k a s a k s t 'ɑː n
kd	²k oː d eː
kedja	²ɕ 'eː d j a
kedjar	²ɕ 'eː d j a r
kedjehus	²ɕ 'eː d j ɛ h ʉː s
keff	k ɛ f
kejsare	²ɕ 'ɛ j s a r ɛ
kejsarsnitt	²ɕ 'ɛ j s a ɕ n ɪ t
kejsarörn	ɕ ɛ j s a r øː r n
kel	ɕ eː l
kela	²ɕ 'eː l a
kelar	²ɕ 'eː l a r
kelgris	²ɕ 'eː l ɡ r iː s
kemi	ɕ ɛ m 'iː
kemikalier	ɕ ɛ m ɪ k 'ɑː l ɪ ɛ r
kemisk	ɕ 'eː m ɪ s k
kemist	ɕ ɛ m 'ɪ s t
kemtvätt	²ɕ 'eː m t v ɛ t
kemtvätta	²ɕ 'eː m t v ɛ t a
kemtvättar	²ɕ 'eː m t v ɛ t a r
kennel	k 'ɛ n ɛ l
kenya	k 'eː n ʏ a
keps	k ɛ p s
keramik	ɕ ɛ r a m 'iː k
keramiker	ɕ ɛ r 'ɑː m ɪ k ɛ r
kerstin	²s ɕ r ɕ t ɪ n
keso	k 'eː s ʊ
kesusjön	ɕ ɛ s ɵ ɧ øː n
ketchup	k 'ɛ t ɕ ɵ p
kex	k ɛ k s
kf	²k 'oː ɛ f
kg	ɕ 'iː l ʊ
kgl	²k 'ɵ ŋ l ɪ ɡ a
kick	k ɪ k
kicka	²k 'ɪ k a
kickar	²k 'ɪ k a r
kidnappa	²k 'ɪ d n a p a
kidnappar	²k 'ɪ d n a p a r
kika	²ɕ 'iː k a
kikar	²ɕ 'iː k a r
kikare	²ɕ 'iː k a r ɛ
kikhosta	²ɕ 'iː k h ʊ s t a
kikna	²ɕ 'iː k n a
kiknar	²ɕ 'iː k n a r
kil	ɕ iː l
kila	²ɕ 'iː l a
kilar	²ɕ 'iː l a r
killa	²k 'ɪ l a
killar	²k 'ɪ l a r
kille	²k 'ɪ l ɛ
killing	²ɕ 'ɪ l ɪ ŋ
kilo	ɕ iː l ʊ
kilobyte	ɕ ɪ l ʊ b 'a j t
kilogram	ɕ ɪ l ʊ ɡ r 'a m
kilometer	ɕ ɪ l ʊ m 'eː t ɛ r
kilometerskatt	²ɕ ɪ l ʊ m 'eː t ɛ ɕ k a t
kilowatt	ɕ ɪ l ʊ v 'a t
kilskrift	²ɕ 'iː l s k r ɪ f t
kina	²s ɕ 'iː n a
kind	ɕ ɪ n d
kinders	ɕ ɪ n d ɛ r s
kindknota	²ɕ 'ɪ n d k n uː t a
kindtand	²ɕ 'ɪ n d t a n d
kines	ɕ ɪ n 'eː s
kinesa	ɕ ɪ n 'eː s a
kinesar	ɕ ɪ n 'eː s a r
kinesisk	ɕ ɪ n 'eː s ɪ s k
kinesiska	ɕ ɪ n 'eː s ɪ s k a
kinesjävel	²s ɕ ɪ n 'eː s j ɛː v ɛ l
kinkig	²ɕ 'ɪ ŋ k ɪ ɡ
kiosk	ɕ ɪ 'ɔ s k
kiosklitteratur	²ɕ 'ɔ s k l ɪ t ɛ r a t ʉː r
kioskmongo	ɕ ɔ s k m ɔ ŋ ɡ ʊ
kioskvältare	ɕ ʊ s k v ɛ l t a r ɛ
kippa	²ɕ 'ɪ p a
kippar	²ɕ 'ɪ p a r
kirgizistan	k ɪ r ɡ ɪ s ɪ s t 'ɑː n
kiropraktor	²ɕ ɪ r ʊ p r 'a k t ʊ r
kirra	²s k ɪ r a
kirurg	ɕ ɪ r 'ɵ r ɡ
kirurgi	ɕ ɪ r ɵ r ɡ 'iː
kirurgisk	ɕ ɪ r 'ɵ r ɡ ɪ s k
kis	k 'iː s
kisa	²ɕ 'iː s a
kisar	²ɕ 'iː s a r
kisel	ɕ 'iː s ɛ l
kiss	k ɪ s
kissa	²k 'ɪ s a
kissar	²k 'ɪ s a r
kisse	k 'ɪ s ɛ
kista	²ɕ 'ɪ s t a
kitsch	k ɪ t ɧ
kitschig	k ɪ t ɧ ɪ
kitslig	²ɕ 'ɪ t s l ɪ ɡ
kitt	ɕ ɪ t
kittel	²ɕ 'ɪ t ɛ l
kittla	²ɕ 'ɪ t l a
kittlar	²ɕ 'ɪ t l a r
kittlig	²ɕ 'ɪ t l ɪ ɡ
kivas	²ɕ 'iː v a s
kiwi	k 'iː v ɪ
kjell	ɕ ɛ l
kjellberg	ɕ ɛ l b r r j
kjol	ɕ uː l
kl	²k l 'ɔ k a n
klack	k l a k
klacka	²k l 'a k a
klackar	²k l 'a k a r
klackspark	²k l 'a k s p a r k
kladd	k l a d
kladda	²k l 'a d a
kladdar	²k l 'a d a r
kladdig	²k l 'a d ɪ ɡ
kladdkaka	²s k l a d k 'ɑː k a
klaff	k l a f
klaffa	²k l 'a f a
klaffar	²k l 'a f a r
klafsa	k l a f s a
klaga	²k l 'ɑː ɡ a
klagar	²k l 'ɑː ɡ a r
klagomur	²k l 'ɑː ɡ ʊ m ʉː r
klagomål	²k l 'ɑː ɡ ʊ m oː l
klammer	k l 'a m ɛ r
klammeri	k l a m ɛ r 'iː
klammerparentes	²k l 'a m ɛ r p a r ɛ n t eː s
klampa	²k l 'a m p a
klampar	²k l 'a m p a r
klamydia	k l a m 'yː d ɪ a
klander	k l 'a n d ɛ r
klandra	²k l 'a n d r a
klandrar	²k l 'a n d r a r
klang	k l a ŋ
klant	k l a n t
klantig	²k l 'a n t ɪ ɡ
klantskalle	²k l 'a n t s k a l ɛ
klapp	k l a p
klappa	²k l 'a p a
klappar	²k l 'a p a r
klappjakt	²k l a p j a k t
klar	k l ɑː r
klara	²k l 'ɑː r a
klarar	²k l 'ɑː r a r
klargöra	²k l 'ɑː r j øː r
klarhet	²k l 'ɑː r h eː t
klarinett	k l a r ɪ n 'ɛ t
klarlägga	²k l 'ɑː r l ɛ ɡ ɛ r
klarna	²k l 'ɑː n a
klarnar	²k l 'ɑː n a r
klarsignal	²k l 'ɑː ɕ ɪ ŋ n ɑː l
klarsyn	²k l 'ɑː ɕ yː n
klartecken	²k l 'ɑː t ɛ k ɛ n
klartext	²k l 'ɑː t ɛ k s t
klase	²k l 'ɑː s ɛ
klass	k l a s
klassa	²k l 'a s a
klassar	²k l 'a s a r
klassföreståndare	²k l 'a s f øː r ɛ s t ɔ n d a r ɛ
klassificera	k l a s ɪ f ɪ s 'eː r a
klassificerar	k l a s ɪ f ɪ s 'eː r a r
klassiker	²k l 'a s ɪ k ɛ r
klassisk	k l 'a s ɪ s k
klasslärare	²k l 'a s l ɛː r a r ɛ
klassmamma	²k l 'a s m a m a
klasspappa	²k l 'a s p a p a
klassrum	²k l 'a s r ɵ m
klatschig	²k l 'a t ɧ ɪ ɡ
klave	²k l 'ɑː v ɛ
klaver	k l a v 'eː r
klen	k l eː n
klenod	k l ɛ n 'uː d
kleta	²k l 'eː t a
kletar	²k l 'eː t a r
kletig	²k l 'eː t ɪ ɡ
klev	k l eː v
kli	k l iː
klia	²k l 'iː a
kliar	²k l 'iː a r
klibb	k l ɪ b
klibba	²k l 'ɪ b a
klibbar	²k l 'ɪ b a r
klibbig	²k l 'ɪ b ɪ ɡ
kliché	k l ɪ ɧ 'eː
klick	k l ɪ k
klicka	²k l 'ɪ k a
klickar	²k l 'ɪ k a r
klient	k l ɪ 'ɛ n t
klient-server	k l ɪ ɛ n t s 'œ r v ɛ r
klientel	k l ɪ ɛ n t 'eː l
klimakterium	k l ɪ m a k t 'eː r ɪ ɵ m
klimat	k l ɪ m 'ɑː t
klimax	k l 'iː m a k s
klimp	k l ɪ m p
klinga	²k l 'ɪ ŋ a
klingar	²k l 'ɪ ŋ a r
klingonska	k l ɪ ŋ ɔ n s k a
klinik	k l ɪ n 'iː k
klinka	²k l 'ɪ ŋ k a
klinkar	²k l 'ɪ ŋ k a r
klintbergare	²s k l ɪ n t b ɛ r j a r ɛ
klipp	k l ɪ p
klippa	²k l 'ɪ p a
klippare	k l ɪ p a r ɛ
klippduva	k l ɪ p d ʉː v a
klipper	k l 'ɪ p ɛ r
klippkaja	k l ɪ p k a j a
klippotek	k l ɪ p ʊ t 'eː k
klippsvala	k l ɪ p s v 'ɑː l a
klipsk	k l ɪ p s k
klirra	²k l 'ɪ r a
klirrar	²k l 'ɪ r a r
klister	k l 'ɪ s t ɛ r
klistra	²k l 'ɪ s t r a
klistrar	²k l 'ɪ s t r a r
klitoris	k l 'iː t ʊ r ɪ s
klittra	k l ɪ t r a
kliv	k l iː v
kliva	k l 'iː v ɛ r
klo	k l uː
kloak	k l ʊ 'ɑː k
klocka	²k l 'ɔ k a
klockren	²k l 'ɔ k r eː n
klockslag	²k l 'ɔ k s l ɑː ɡ
klok	k l uː k
klon	k l 'uː n
klonken	k l ɔ ŋ k ɛ n
klor	k l oː r
klorofyll	k l ʊ r ʊ f 'ʏ l
klosett	k l ʊ s 'ɛ t
kloss	k l ɔ s
kloster	k l 'ɔ s t ɛ r
klot	k l uː t
klotter	k l 'ɔ t ɛ r
klottra	²k l 'ɔ t r a
klottrar	²k l 'ɔ t r a r
klubb	k l ɵ b
klubba	²k l 'ɵ b a
klubbar	²k l 'ɵ b a r
klucka	²k l 'ɵ k a
kluckar	²k l 'ɵ k a r
klump	k l ɵ m p
klumpig	²k l 'ɵ m p ɪ ɡ
klunga	²k l 'ɵ ŋ a
klunk	k l ɵ ŋ k
klurig	k l 'ʉː r ɪ ɡ
kluring	k l 'ʉː r ɪ ŋ
kluven	²k l 'ʉː v ɛ n
kluvit	²k l 'ʉː v ɪ t
klyfta	²k l 'ʏ f t a
klyftig	²k l 'ʏ f t ɪ ɡ
klyka	²k l 'yː k a
klyscha	²k l 'ʏ ɧ a
klyva	k l 'yː v ɛ r
klä	k l ɛː r
kläcka	k l 'ɛ k ɛ r
kläde	k l ɛː d ɛ
kläder	k l 'ɛː d ɛ r
klädesplagg	²k l 'ɛː d ɛ s p l a ɡ
klädhängare	k l ɛ d h ɛ ŋ a r ɛ
klädnypa	²k l 'ɛː d n yː p a
klädsam	²k l 'ɛː d s a m
klädsel	k l 'ɛ d s ɛ l
klädstreck	²k l 'ɛː d s t r ɛ k
klämdag	²k l 'ɛ m d ɑː ɡ
klämma	²k l 'ɛ m a
klämmer	k l 'ɛ m ɛ r
klämmig	²k l 'ɛ m ɪ ɡ
klämta	²k l 'ɛ m t a
klämtar	²k l 'ɛ m t a r
klänga	k l 'ɛ ŋ ɛ r
klänning	²k l 'ɛ n ɪ ŋ
klättra	²k l 'ɛ t r a
klättrar	²k l 'ɛ t r a r
klå	k l oː r
klåda	²k l 'oː d a
klåfingrig	²k l 'oː f ɪ ŋ r ɪ ɡ
klåpare	²k l 'oː p a r ɛ
klår	k l oː r
klökas	²s k l øː k a s
klösa	k l 'øː s ɛ r
klöv	k l øː v
klövdjur	²s k l øː v j ʉː r
klöver	k l 'øː v ɛ r
km	ɕ ɪ l ʊ m 'eː t ɛ r
knacka	²k n 'a k a
knackar	²k n 'a k a r
knackig	²k n 'a k ɪ ɡ
knaffel	k n a f ɛ l
knagglig	²k n 'a ɡ l ɪ ɡ
knaka	²k n 'ɑː k a
knakar	²k n 'ɑː k a r
knall	k n a l
knall-	²k n 'a l
knalla	²k n 'a l a
knallar	²k n 'a l a r
knaper	k n 'ɑː p ɛ r
knapp	k n a p
knappast	²k n 'a p a s t
knapphändig	²k n 'a p h ɛ n d ɪ ɡ
knapphål	²k n 'a p h oː l
knappnål	²k n 'a p n oː l
knappologi	k n a p ʊ l ʊ ɡ 'iː
knappt	k n a p t
knapra	²k n 'ɑː p r a
knaprar	²k n 'ɑː p r a r
knaprig	²k n 'ɑː p r ɪ ɡ
knark	k n a r k
knarka	²k n 'a r k a
knarkar	²k n 'a r k a r
knarkare	²k n 'a r k a r ɛ
knarra	²k n 'a r a
knarrar	²k n 'a r a r
knasig	²k n 'ɑː s ɪ ɡ
knastra	²k n 'a s t r a
knastrar	²k n 'a s t r a r
knatte	²k n 'a t ɛ
knattra	²k n 'a t r a
knattrar	²k n 'a t r a r
kned	k n 'eː d
kneg	k n eː ɡ
knega	²k n 'eː ɡ a
knegar	²k n 'eː ɡ a r
knegare	²k n 'eː ɡ a r ɛ
knekt	k n ɛ k t
knep	k n eː p
knepig	²k n 'eː p ɪ ɡ
knip	k n iː p
knipa	²k n 'iː p a
kniper	k n 'iː p ɛ r
knippa	²k n 'ɪ p a
knippe	²k n 'ɪ p ɛ
kniv	k n iː v
knivig	²k n 'iː v ɪ ɡ
knixa	²k n 'ɪ k s a
knixar	²k n 'ɪ k s a r
knocka	²n 'ɔ k a
knockar	²n 'ɔ k a r
knockout	n ɔ k 'a ʊ t
knoga	²k n 'uː ɡ a
knogar	²k n 'uː ɡ a r
knoge	²k n 'uː ɡ ɛ
knop	k n uː p
knoparmoj	²s k n 'uː p a r m ɔ j
knopp	k n ɔ p
knorr	k n ɔ r
knorra	²k n 'ɔ r a
knorrar	²k n 'ɔ r a r
knota	²k n 'uː t a
knotar	²k n 'uː t a r
knotig	²k n 'uː t ɪ ɡ
knott	k n ɔ t
know-how	n ɔ ʊ h 'a ʊ
knubbig	²k n 'ɵ b ɪ ɡ
knubbsäl	k n ɵ b s ɛː l
knuff	k n ɵ f
knuffa	²k n 'ɵ f a
knuffar	²k n 'ɵ f a r
knuffas	²k n 'ɵ f a s
knulla	²k n 'ɵ l a
knullar	²k n 'ɵ l a r
knussla	²k n 'ɵ s l a
knusslar	²k n 'ɵ s l a r
knut	k n ʉː t
knuten	²s k n ʉː t ɛ n
knutit	²k n 'ʉː t ɪ t
knutte	²k n 'ɵ t ɛ
knyck	k n ʏ k
knycka	k n 'ʏ k ɛ r
knyppla	²k n 'ʏ p l a
knypplar	²k n 'ʏ p l a r
knysta	²k n 'ʏ s t a
knystar	²k n 'ʏ s t a r
knyta	k n 'yː t ɛ r
knyte	²k n 'yː t ɛ
knytkalas	²k n 'yː t k a l ɑː s
knytnäve	²k n 'yː t n ɛː v ɛ
knä	k n ɛː
knäa	²k n 'ɛː a
knäar	²k n 'ɛː a r
knäck	k n ɛ k
knäcka	k n 'ɛ k ɛ r
knäckebröd	²k n 'ɛ k ɛ b r øː d
knäpp	k n ɛ p
knäppa	k n 'ɛ p ɛ r
knäskål	²k n 'ɛː s k oː l
knäveck	²k n 'ɛː v ɛ k
knåda	²k n 'oː d a
knådar	²k n 'oː d a r
knåpa	²k n 'oː p a
knåpar	²k n 'oː p a r
knô	k n r
knö	k n r
knöl	k n øː l
knölig	²k n 'øː l ɪ ɡ
knölsvan	k n 'œ l s v 'ɑː n
knölsvärta	k n 'œ l s v ɛ t a
knöt	k n øː t
ko	²k 'oː uː
koagulera	k ʊ a ɡ ɵ l 'eː r a
koagulerar	k ʊ a ɡ ɵ l 'eː r a r
koalition	k ʊ a l ɪ ɧ 'uː n
kobbe	²k 'ɔ b ɛ
kobent	²k 'uː b eː n t
kobolt	k oː b ɔ l t
koboltmes	k 'uː b ɔ l t m 'eː s
kock	k ɔ k
kod	k oː d
koda	²k 'oː d a
kodar	²k 'oː d a r
kodein	k ʊ d ɛ 'iː n
koffein	k ɔ f ɛ 'iː n
koffert	k 'ɔ f ɛ t
kofot	²k 'uː f uː t
kofta	²k 'ɔ f t a
kofångare	²k 'uː f ɔ ŋ a r ɛ
kohandel	²k 'uː h a n d ɛ l
koj	k ɔ j
koja	²k 'ɔ j a
kok	k uː k
koka	²k 'uː k a
kokain	k ʊ k a 'iː n
kokar	²k 'uː k a r
kokbok	²k 'uː k b uː k
kokerska	²k 'uː k ɛ ɕ k a
kokett	k ʊ k 'ɛ t
kokkärl	²k 'uː k ɕ ɛː l
kokong	k ɔ k 'ɔ ŋ
kokosflingor	²k 'ʊ k ʊ s f l ɪ ŋ ʊ r
kokosnöt	²k 'ʊ k ʊ s n øː t
kokpunkt	²k 'uː k p ɵ ŋ k t
koks	k ɔ k s
kokvrå	²k 'uː k v r oː
kol	k oː l
kola	²k 'oː l a
kolar	²k 'uː l a r
kolasås	k ɔ l a s oː s
koldioxid	²k 'oː l d ɪ ɔ k s iː d
kolera	k 'uː l ɛ r a
kolhydrat	²k 'oː l h ʏ d r ɑː t
kolik	k ʊ l 'iː k
kolja	²k 'ɔ l j a
koll	k ɔ l
kolla	²k 'ɔ l a
kollaps	k ʊ l 'a p s
kollar	²k 'ɔ l a r
kollationera	k ɔ l a ɧ ʊ n 'eː r a
kollationerar	k ɔ l a ɧ ʊ n 'eː r a r
kollega	²k ʊ l 'eː ɡ a
kollegium	k ʊ l 'eː ɡ ɪ ɵ m
kollekt	k ɔ l 'ɛ k t
kollektion	k ɔ l ɛ k ɧ 'uː n
kollektiv	k ɔ l ɛ k t 'iː v
kollektivanslutning	²k ɔ l ɛ k t 'iː v a n s l ʉː t n ɪ ŋ
kollektivanställd	²k ɔ l ɛ k t 'iː v a n s t ɛ l d
kollektivavtal	²k ɔ l ɛ k t 'iː v ɑː v t ɑː l
kolli	k 'ɔ l ɪ
kollidera	k ɔ l ɪ d 'eː r a
kolliderar	k ɔ l ɪ d 'eː r a r
kollision	k ɔ l ɪ ɧ 'uː n
kollo	k 'ɔ l ɔ
kolmården	k ɔ l m oː d ɛ r n
kolon	k 'uː l ɔ n
koloni	k ɔ l ɔ n 'iː
kolonial-	²k ɔ l ɔ n ɪ 'ɑː l
kolonilott	²k ɔ l ɔ n 'iː l ɔ t
kolonistuga	²k ɔ l ɔ n 'iː s t ʉː ɡ a
kolonn	k ɔ l 'ɔ n
koloss	k ɔ l 'ɔ s
kolossal	k ɔ l ɔ s 'ɑː l
koloxid	²k 'oː l ɔ k s iː d
kolsvart	²k 'oː l s v a t
kolsyra	²k 'oː l s yː r a
kolumn	k ʊ l 'ɵ m n
kolv	k ɔ l v
kolymasnäppa	k ɔ l 'yː m a s n ɛ p a
kom	k ɔ m
koma	²k 'oː m a
kombi-	²k 'ɔ m b ɪ
kombination	k ɔ m b ɪ n a ɧ 'uː n
kombinera	k ɔ m b ɪ n 'eː r a
kombinerar	k ɔ m b ɪ n 'eː r a r
kombo	²s k ʊ m b 'uː
komedi	k ʊ m ɛ d 'iː
komet	k ʊ m 'eː t
komfort	k ɔ m f 'ɔ t
komiker	k 'uː m ɪ k ɛ r
komisk	k 'uː m ɪ s k
komma	²k 'ɔ m a
kommando	k ɔ m 'a n d ʊ
kommendera	k ɔ m ɛ n d 'eː r a
kommenderar	k ɔ m ɛ n d 'eː r a r
kommentar	k ɔ m ɛ n t 'ɑː r
kommentator	²k ɔ m ɛ n t 'ɑː t ʊ r
kommentera	k ɔ m ɛ n t 'eː r a
kommenterar	k ɔ m ɛ n t 'eː r a r
kommer	k 'ɔ m ɛ r
kommers	k ɔ m 'ɛ ɕ
kommersiell	k ɔ m ɛ ɕ ɪ 'ɛ l
komminister	k ɔ m ɪ n 'ɪ s t ɛ r
kommissarie	k ɔ m ɪ s 'ɑː r ɪ ɛ
kommission	k ɔ m ɪ ɧ 'uː n
kommitté	k ɔ m ɪ t 'eː
kommun	k ɔ m 'ʉː n
kommunal	k ɔ m ɵ n 'ɑː l
kommunalråd	²k ɔ m ɵ n 'ɑː l r oː d
kommunalskatt	²k ɔ m ɵ n 'ɑː l s k a t
kommunalval	²k ɔ m ɵ n 'ɑː l v ɑː l
kommunfullmäktige	²k ɔ m 'ʉː n f ɵ l m ɛ k t ɪ ɡ ɛ
kommunicera	k ɔ m ɵ n ɪ s 'eː r a
kommunicerar	k ɔ m ɵ n ɪ s 'eː r a r
kommunikation	k ɔ m ɵ n ɪ k a ɧ 'uː n
kommunikationsmedel	²k ɔ m ɵ n ɪ k a ɧ 'uː n s m eː d ɛ l
kommuniké	k ɔ m ɵ n ɪ k 'eː
kommunism	k ɔ m ɵ n 'ɪ s m
kommunist	k ɔ m ɵ n 'ɪ s t
kommunstyrelse	²k ɔ m 'ʉː n s t yː r ɛ l s ɛ
kommunvapen	k ɔ m ʉː n v 'ɑː p ɛ n
kommunvapens	k ɔ m ʉː n v 'ɑː p ɛ n s
kommunvapnen	k ɔ m ʉː n v 'ɑː p n ɛ n
kommunvapnens	k ɔ m ʉː n v 'ɑː p n ɛ n s
kommunvapnet	k ɔ m ʉː n v 'ɑː p n ɛ t
kommunvapnets	k ɔ m ʉː n v 'ɑː p n ɛ t s
komorerna	k ʊ m oː r ɛ r n a
komp	k ɔ m p
kompakt	k ɔ m p 'a k t
kompaktskiva	²k ɔ m p 'a k t ɧ iː v a
kompani	²k 'ɔ m p a n ɪ
kompanjon	k ɔ m p a n j 'uː n
komparation	k ɔ m p a r a ɧ 'uː n
kompass	k ɔ m p 'a s
kompendium	k ɔ m p 'ɛ n d ɪ ɵ m
kompensation	k ɔ m p ɛ n s a ɧ 'uː n
kompensera	k ɔ m p ɛ n s 'eː r a
kompenserar	k ɔ m p ɛ n s 'eː r a r
kompetens	k ɔ m p ɛ t 'ɛ n s
kompetent	k ɔ m p ɛ t 'ɛ n t
kompis	k 'ɔ m p ɪ s
kompledig	²k 'ɔ m p l eː d ɪ ɡ
komplement	k ɔ m p l ɛ m 'ɛ n t
komplett	k ɔ m p l 'ɛ t
komplettera	k ɔ m p l ɛ t 'eː r a
kompletterar	k ɔ m p l ɛ t 'eː r a r
komplex	k ɔ m p l 'ɛ k s
komplicera	k ɔ m p l ɪ s 'eː r a
komplicerad	k ɔ m p l ɪ s 'eː r a d
komplicerar	k ɔ m p l ɪ s 'eː r a r
komplikation	k ɔ m p l ɪ k a ɧ 'uː n
komplimang	k ɔ m p l ɪ m 'a ŋ
komplott	k ɔ m p l 'ɔ t
komponent	k ɔ m p ʊ n 'ɛ n t
komponera	k ɔ m p ʊ n 'eː r a
komponerar	k ɔ m p ʊ n 'eː r a r
komposition	k ɔ m p ʊ s ɪ ɧ 'uː n
kompositör	k ɔ m p ʊ s ɪ t 'øː r
kompott	k ɔ m p 'ɔ t
kompress	k ɔ m p r 'ɛ s
komprimera	k ɔ m p r ɪ m 'eː r a
komprimerar	k ɔ m p r ɪ m 'eː r a r
kompromiss	k ɔ m p r ʊ m 'ɪ s
kompromissa	k ɔ m p r ʊ m 'ɪ s a
kompromissar	k ɔ m p r ʊ m 'ɪ s a r
komvux	k 'ɔ m v ɵ k s
kon	k 'uː n
koncentrat	k ɔ n s ɛ n t r 'ɑː t
koncentration	k ɔ n s ɛ n t r a ɧ 'uː n
koncentrationsläger	²k ɔ n s ɛ n t r a ɧ 'uː n s l ɛː ɡ ɛ r
koncentrera	k ɔ n s ɛ n t r 'eː r a
koncentrerar	k ɔ n s ɛ n t r 'eː r a r
koncept	k ɔ n s 'ɛ p t
koncern	k ɔ n s 'ɛː n
koncession	k ɔ n s ɛ ɧ 'uː n
koncis	k ɔ n s 'iː s
kondens	k ɔ n d 'ɛ n s
kondensera	k ɔ n d ɛ n s 'eː r a
kondenserar	k ɔ n d ɛ n s 'eː r a r
kondis	k 'ɔ n d ɪ s
kondition	k ɔ n d ɪ ɧ 'uː n
konditor	²k ɔ n d 'iː t ʊ r
konditori	k ɔ n d ɪ t ʊ r 'iː
kondom	k ɔ n d 'oː m
kondor	k ɔ n d oː r
konduktör	k ɔ n d ɵ k t 'øː r
konfekt	k ɔ n f 'ɛ k t
konfektion	k ɔ n f ɛ k ɧ 'uː n
konferencier	k ɔ n f ɛ r a n s ɪ 'eː
konferens	k ɔ n f ɛ r 'ɛ n s
konfession	k ɔ n f ɛ ɧ 'uː n
konfetti	k ɔ n f 'ɛ t ɪ
konfidentiell	k ɔ n f ɪ d ɛ n t s ɪ 'ɛ l
konfirmand	k ɔ n f ɪ r m 'a n d
konfirmation	k ɔ n f ɪ r m a ɧ 'uː n
konfirmationsundervisning	²k ɔ n f ɪ r m a ɧ 'uː n s ɵ n d ɛ r v iː s n ɪ ŋ
konfirmera	k ɔ n f ɪ r m 'eː r a
konfirmerar	k ɔ n f ɪ r m 'eː r a r
konfiskera	k ɔ n f ɪ s k 'eː r a
konfiskerar	k ɔ n f ɪ s k 'eː r a r
konflikt	k ɔ n f l 'ɪ k t
konformism	k ɔ n f ɔ r m 'ɪ s m
konfrontation	k ɔ n f r ɔ n t a ɧ 'uː n
konfronteras	k ɔ n f r ɔ n t 'eː r a s
konfunderad	k ɔ n f ɵ n d 'eː r a d
konfys	k ɔ n f 'yː s
konglig	²s k ɔ ŋ l ɪ ɡ
kongo	k ɔ ŋ ɡ ʊ
kongress	k ɔ ŋ ɡ r 'ɛ s
konjak	k 'ɔ n j a k
konjunktion	k ɔ n j ɵ ŋ k ɧ 'uː n
konjunktur	k ɔ n j ɵ ŋ k t 'ʉː r
konkav	k ɔ ŋ k 'ɑː v
konklusion	k ɔ ŋ k l ɵ ɧ 'uː n
konkret	k ɔ ŋ k r 'eː t
konkurrens	k ɔ ŋ k ɵ r 'a ŋ s
konkurrensverket	²k ɔ ŋ k ɵ r 'a ŋ s v a r k ɛ t
konkurrent	k ɔ ŋ k ɵ r 'ɛ n t
konkurrera	k ɔ ŋ k ɵ r 'eː r a
konkurrerar	k ɔ ŋ k ɵ r 'eː r a r
konkurs	k ɔ ŋ k 'ɵ ɕ
konsekvens	k ɔ n s ɛ k v 'ɛ n s
konsekvent	k ɔ n s ɛ k v 'ɛ n t
konselj	k ɔ n s 'ɛ l j
konsert	k ɔ n s 'ɛː r
konserv	k ɔ n s 'ɛ r v
konservatism	k ɔ n s a r v a t 'ɪ s m
konservativ	k ɔ n s a r v a t 'iː v
konservator	k ɔ n s a r v 'ɑː t ʊ r
konservera	k ɔ n s ɛ r v 'eː r a
konserverar	k ɔ n s ɛ r v 'eː r a r
konservöppnare	²k ɔ n s 'ɛ r v œ p n a r ɛ
konsistens	k ɔ n s ɪ s t 'ɛ n s
konsol	k ɔ n s 'oː l
konsolidera	k ɔ n s ɔ l ɪ d 'eː r a
konsoliderar	k ɔ n s ɔ l ɪ d 'eː r a r
konsonant	k ɔ n s ʊ n 'a n t
konspiration	k ɔ n s p ɪ r a ɧ 'uː n
konspirationsteoretiker	k ɔ n s p ɪ r a ²s ɧ 'uː n s t ɛ ʊ r 'eː t ɪ k ɛ r
konspirationsteori	k ɔ n s p ɪ r a ²s ɧ 'uː n s t ɛ ʊ r 'iː
konspirera	k ɔ n s p ɪ r 'eː r a
konspirerar	k ɔ n s p ɪ r 'eː r a r
konst	k ɔ n s t
konstant	k ɔ n s t 'a n t
konstapel	k ɔ n s t 'ɑː p ɛ l
konstatera	k ɔ n s t a t 'eː r a
konstaterar	k ɔ n s t a t 'eː r a r
konstbefrukta	²s k ɔ n s t b ɛ f r ɵ k t a
konstbevattna	²s k ɔ n s t b ɛ v a t n a
konstbevattning	²s k ɔ n s t b ɛ v a t n ɪ ŋ
konstfiber	²s k ɔ n s t f 'iː b ɛ r
konstgjord	²k 'ɔ n s t j uː d
konsthantverk	²k 'ɔ n s t h a n t v a r k
konstig	²k 'ɔ n s t ɪ ɡ
konstitution	k ɔ n s t ɪ t ɵ ɧ 'uː n
konstlad	²k 'ɔ n s t l a d
konstläder	²s k ɔ n s t l ɛː d ɛ r
konstnär	²k 'ɔ n s t n ɛː r
konstnärlig	k ɔ n s t n 'ɛː r l ɪ ɡ
konstra	²k 'ɔ n s t r a
konstrar	²k 'ɔ n s t r a r
konstruera	k ɔ n s t r ɵ 'eː r a
konstruerar	k ɔ n s t r ɵ 'eː r a r
konstruktion	k ɔ n s t r ɵ k ɧ 'uː n
konstruktiv	k ɔ n s t r ɵ k t 'iː v
konstruktör	k ɔ n s t r ɵ k t 'øː r
konststycke	²k 'ɔ n s t s t ʏ k ɛ
konståkning	²k 'ɔ n s t oː k n ɪ ŋ
konsul	²k 'ɔ n s ɵ l
konsulat	k ɔ n s ɵ l 'ɑː t
konsulent	k ɔ n s ɵ l 'ɛ n t
konsult	k ɔ n s 'ɵ l t
konsultera	k ɔ n s ɵ l t 'eː r a
konsulterar	k ɔ n s ɵ l t 'eː r a r
konsum	²k 'ɔ n s ɵ m
konsument	k ɔ n s ɵ m 'ɛ n t
konsumentköplagen	²k ɔ n s ɵ m 'ɛ n t ɕ øː p l ɑː ɡ ɛ n
konsumentombudsman	²k ɔ n s ɵ m 'ɛ n t ɔ m b ʉː d s m a n
konsumentsekreterare	²k ɔ n s ɵ m 'ɛ n t s ɛ k r ɛ t eː r a r ɛ
konsumentupplysning	k ɔ n s ɵ m 'ɛ n t ɵ p l yː s n ɪ ŋ
konsumentverket	²k ɔ n s ɵ m 'ɛ n t v a r k ɛ t
konsumtion	k ɔ n s ɵ m ɧ 'uː n
konsumtionsvara	²k ɔ n s ɵ m ɧ 'uː n s v ɑː r a
kontakt	k ɔ n t 'a k t
kontakta	k ɔ n t 'a k t a
kontaktar	k ɔ n t 'a k t a r
kontaktfamilj	²k ɔ n t 'a k t f a m ɪ l j
kontaktlins	²k ɔ n t 'a k t l ɪ n s
kontaktperson	²k ɔ n t 'a k t p a ɕ uː n
kontant	k ɔ n t 'a n t
kontanter	k ɔ n t 'a n t ɛ r
kontantinsats	²k ɔ n t 'a n t ɪ n s a t s
kontantkort	²k ɔ n t 'a n t k ʊ t
kontenta	²k ɔ n t 'ɛ n t a
kontinent	k ɔ n t ɪ n 'ɛ n t
kontinuerlig	k ɔ n t ɪ n ɵ 'eː l ɪ ɡ
kontinuum	k ɔ n t 'iː n ʉː ɵ m
konto	²k 'ɔ n t ʊ
kontokort	²k 'ɔ n t ʊ k ʊ t
kontor	k ɔ n t 'uː r
kontorist	k ɔ n t ʊ r 'ɪ s t
kontra	²k 'ɔ n t r a
kontrabas	²k 'ɔ n t r a b ɑː s
kontrahent	k ɔ n t r a h 'ɛ n t
kontrakt	k ɔ n t r 'a k t
kontrar	²k 'ɔ n t r a r
kontrast	k ɔ n t r 'a s t
kontroll	k ɔ n t r 'ɔ l
kontrollant	k ɔ n t r ɔ l 'a n t
kontrollbesiktning	²k ɔ n t r 'ɔ l b ɛ s ɪ k t n ɪ ŋ
kontrollera	k ɔ n t r ɔ l 'eː r a
kontrollerar	k ɔ n t r ɔ l 'eː r a r
kontrollmärke	²k ɔ n t r 'ɔ l m a r k ɛ
kontrollområde	²k ɔ n t r 'ɔ l ɔ m r oː d ɛ
kontrolluppgift	²k ɔ n t r 'ɔ l ɵ p j ɪ f t
kontrovers	k ɔ n t r ɔ v 'ɛ ɕ
kontur	k ɔ n t 'ʉː r
konung	²k 'oː n ɵ ŋ
konungarike	k oː n ɵ ŋ a r 'iː k ɛ
konvalescent	k ɔ n v a l ɛ s 'ɛ n t
konvalescenthem	²k ɔ n v a l ɛ s 'ɛ n t h ɛ m
konvalescentvård	²k ɔ n v a l ɛ s 'ɛ n t v oː d
konvention	k ɔ n v ɛ n ɧ 'uː n
konventionell	k ɔ n v ɛ n ɧ ʊ n 'ɛ l
konversation	k ɔ n v a ɕ a ɧ 'uː n
konvertera	k ɔ n v a t 'eː r a
konverterar	k ɔ n v a t 'eː r a r
konvex	k ɔ n v 'ɛ k s
kooperation	k ʊ ʊ p ɛ r a ɧ 'uː n
kooperativ	k ɔ ʊ p ɛ r a t 'iː v
koordinera	k ʊ ɔ d ɪ n 'eː r a
koordinerar	k ʊ ɔ d ɪ n 'eː r a r
kopia	²k ʊ p 'iː a
kopiator	k ʊ p ɪ 'ɑː t ʊ r
kopiera	k ʊ p ɪ 'eː r a
kopierar	k ʊ p ɪ 'eː r a r
kopiering	k ʊ p ɪ 'eː r ɪ ŋ
kopiös	k ʊ p ɪ 'øː s
kopp	k ɔ p
koppar	²k 'ɔ p a r
kopparand	k ɔ p a r a n d
koppel	k 'ɔ p ɛ l
koppla	²k 'ɔ p l a
kopplar	²k 'ɔ p l a r
kopplare	²k 'ɔ p l a r ɛ
koppleri	k ɔ p l ɛ r 'iː
koppling	²k 'ɔ p l ɪ ŋ
kopplingskåpa	²s k ɔ p l ɪ ŋ s k oː p a
koppor	²k ɔ p ʊ r
kor	k uː r
kora	²k 'oː r a
koranen	k ʊ r 'ɑː n ɛ n
korar	²k 'oː r a r
kordong	k ɔ d 'ɔ ŋ
korea	k ʊ ²s r 'eː a
korean	k ʊ r 'eː a n
koreografi	k ɔ r ɛ ʊ ɡ r a f 'iː
korg	k ɔ r j
kork	k ɔ r k
korkad	²k 'ɔ r k a d
korkskruv	²k 'ɔ r k s k r ʉː v
korn	k uː n
kornknarr	k 'uː n k n a r
korp	k ɔ r p
korpen	k 'ɔ r p ɛ n
korpidrott	²k 'ɔ r p iː d r ɔ t
korporation	k ɔ r p ʊ r a ɧ 'uː n
korpral	k ɔ r p r 'ɑː l
korpulent	k ɔ r p ɵ l 'ɛ n t
korr	k ɔ r
korrekt	k ɔ r 'ɛ k t
korrektur	k ɔ r ɛ k t 'ʉː r
korrespondens	k ɔ r ɛ s p ɔ n d 'ɛ n s
korrespondent	k ɔ r ɛ s p ɔ n d 'ɛ n t
korridor	k ɔ r ɪ d 'oː r
korrigera	k ɔ r ɪ ɧ 'eː r a
korrigerar	k ɔ r ɪ ɧ 'eː r a r
korrigering	k ɔ r ɪ ɧ 'eː r ɪ ŋ
korrosion	k ɔ r ʊ ɧ 'uː n
korrugerad	k ɔ r ɵ ɡ 'eː r a d
korrumperad	k ɔ r ɵ m p 'eː r a d
korrupt	k ɔ r 'ɵ p t
korruption	k ɔ r ɵ p ɧ 'uː n
kors	k ɔ ɕ
korsa	²k 'ɔ ɕ a
korsar	²k 'ɔ ɕ a r
korsdrag	²k 'ɔ ɕ d r ɑː ɡ
korseld	²k 'ɔ ɕ ɛ l d
korsett	k ɔ ɕ 'ɛ t
korsfästa	²k 'ɔ ɕ f ɛ s t ɛ r
korsförhör	²k 'ɔ ɕ f œ r h øː r
korshänvisning	²s k ɔ r s h ɛː n v 'iː s n ɪ ŋ
korsning	²k 'ɔ ɕ n ɪ ŋ
korsord	²k 'ɔ ɕ uː d
korsrygg	²k 'ɔ ɕ r ʏ ɡ
korstecken	²k ɔ ɕ t ɛ k ɛ n
korståg	²k 'ɔ ɕ t oː ɡ
kort	k ɔ t
kortbyxor	²k ɔ t b ʏ k s ʊ r
kortege	k ɔ t 'eː ɧ
kortfattad	²k 'ɔ t f a t a d
kortfristig	²k 'ɔ t f r ɪ s t ɪ ɡ
korthet	²k 'ɔ t h eː t
korthus	²k 'ʊ t h ʉː s
kortklippt	²k 'ɔ t k l ɪ p t
kortkort	²k 'ɔ t k ɔ t
kortlek	²k 'ʊ t l eː k
kortlivad	²k 'ɔ t l iː v a d
kortsiktig	²k 'ɔ t ɕ ɪ k t ɪ ɡ
kortslutning	²k 'ɔ t ɕ l ʉː t n ɪ ŋ
kortsynt	²k 'ɔ t ɕ yː n t
korttålärka	k ɔ r t oː l ɛ r k a
kortvarig	²k 'ɔ t v ɑː r ɪ ɡ
korv	k ɔ r v
korvstoppning	²k 'ɔ r v s t ɔ p n ɪ ŋ
koscher	k oː ɧ ɛ r
kosing	²k 'uː s ɪ ŋ
kosmetika	k ɔ s m 'eː t ɪ k a
kosmonaut	k ɔ s m ʊ n 'a ʊ t
kosmopolitisk	k ɔ s m ʊ p ʊ l 'ɪ t ɪ s k
kosmos	k 'ɔ s m ɔ s
kosovo	k ɔ s ʊ v ʊ
kossa	²k 'ʊ s a
kost	k ɔ s t
kosta	²k 'ɔ s t a
kostar	²k 'ɔ s t a r
kostnad	²k 'ɔ s t n a d
kostnadsfri	²k 'ɔ s t n a d s f r iː
kostpris	k ɔ s t p r 'iː s
kostsam	²k 'ɔ s t s a m
kostym	k ɔ s t 'yː m
kota	²k 'uː t a
kotknackare	²k 'uː t k n a k a r ɛ
kotlett	k ɔ t l 'ɛ t
kotte	²k 'ɔ t ɛ
kotteri	k ɔ t ɛ r 'iː
kovan	k 'uː v a n
koxik	k ɔ k s ɪ k
koyot	k ʊ j oː t
kr	²k r 'uː n a
krabat	k r a b 'ɑː t
krabba	²k r 'a b a
krabbis	k r a b ɪ s
krafs	k r a f s
krafsa	²k r 'a f s a
krafsar	²k r 'a f s a r
kraft	k r a f t
kraftfull	k r a f t f ɵ l
kraftig	²k r 'a f t ɪ ɡ
kraftledning	²k r 'a f t l eː d n ɪ ŋ
kraftmätning	²k r 'a f t m ɛː t n ɪ ŋ
kraftstation	²k r 'a f t s t a ɧ uː n
kraftuttryck	²k r 'a f t ʉː t r ʏ k
kraftverk	²k r 'a f t v a r k
krage	²k r 'ɑː ɡ ɛ
kragtrapp	k r 'ɑː ɡ t r a p
krake	²k r 'ɑː k ɛ
kram	k r ɑː m
krama	²k r 'ɑː m a
kramar	²k r 'ɑː m a r
kramgod	²k r 'ɑː m ɡ uː d
kramp	k r a m p
krampaktig	²k r 'a m p a k t ɪ ɡ
krams	k r a m s
kramsnö	²k r 'ɑː m s n øː
kran	k r ɑː n
kranium	k r 'ɑː n ɪ ɵ m
krank	k r a ŋ k
krans	k r a n s
kras	k r ɑː s
krasch	k r a ɧ
krascha	²k r 'a ɧ a
kraschar	²k r 'a ɧ a r
krass	k r a s
krasse	²k r 'a s ɛ
krasslig	²k r 'a s l ɪ ɡ
kratta	²k r 'a t a
krattar	²k r 'a t a r
krav	k r ɑː v
kravaller	k r a v 'a l ɛ r
kravla	²k r 'a v l a r
kravlar	²k r 'a v l a r
kraxa	²k r 'a k s a
kraxar	²k r 'a k s a r
kreativ	k r 'eː a t iː v
kreatur	²k r 'eː a t ʉː r
kredit	k r 'eː d ɪ t
kreditkort	²k r ɛ d 'iː t k ʊ t
kreditköp	²k r ɛ d 'iː t ɕ øː p
kreditupplysning	²k r ɛ d 'iː t ɵ p l yː s n ɪ ŋ
krematorium	k r ɛ m a t 'uː r ɪ ɵ m
kremering	k r ɛ m 'eː r ɪ ŋ
kretensisk	k r ɛ t ɛ n s ɪ s k
krets	k r ɛ t s
kretsa	²k r 'ɛ t s a
kretsar	²k r 'ɛ t s a r
kretslopp	²k r 'ɛ t s l ɔ p
kretsschema	k r ɛ t s ɧ 'eː m a
krevad	k r ɛ v 'ɑː d
krig	k r iː ɡ
kriga	²k r 'iː ɡ a
krigar	²k r 'iː ɡ a r
krigare	²k r 'iː ɡ a r ɛ
krigföring	²k r 'iː ɡ f øː r ɪ ŋ
krigsförklaring	²s k r 'iː ɡ s f œ r k l a r ɪ ŋ
krigsmakt	²k r 'ɪ k s m a k t
krille	²s k r ɪ l ɛ
kriminal-	²k r ɪ m ɪ n 'ɑː l
kriminalisera	k r ɪ m ɪ n a l ɪ s 'eː r a
kriminaliserar	k r ɪ m ɪ n a l ɪ s 'eː r a r
kriminalist	k r ɪ m ɪ n a l ɪ s t
kriminalitet	k r ɪ m ɪ n a l ɪ t 'eː t
kriminalvård	²k r ɪ m ɪ n 'ɑː l v oː d
kriminell	k r ɪ m ɪ n 'ɛ l
krimskrams	²k r 'ɪ m s k r a m s
kring	k r ɪ ŋ
kringgärda	²k r 'ɪ ŋ j ɛː d a
kringgärdar	²k r 'ɪ ŋ j ɛː d a r
kringgå	²k r 'ɪ ŋ ɡ oː r
kringla	²k r 'ɪ ŋ l a
kris	k r iː s
kristall	k r ɪ s t 'a l
kristallkrona	²k r ɪ s t 'a l k r uː n a
kristen	²k r 'ɪ s t ɛ n
kristendom	²k r 'ɪ s t ɛ n d ʊ m
kristianstad	k r ɪ ɧ a n s t a
kristina	k r ɪ ²s s t 'iː n a
kristinestad	k r ɪ s t 'iː n ɛ s t 'ɑː d
kristinestads	k r ɪ s t 'iː n ɛ s t 'ɑː d s
krita	²k r 'iː t a
kriterium	k r ɪ t 'eː r ɪ ɵ m
kritik	k r ɪ t 'iː k
kritiker	k r 'iː t ɪ k ɛ r
kritisera	k r ɪ t ɪ s 'eː r a
kritiserar	k r ɪ t ɪ s 'eː r a r
kritisk	k r 'iː t ɪ s k
kroat	k r ʊ 'ɑː t
kroatien	k r ʊ 'ɑː t s ɪ ɛ n
kroatisk	k r ʊ 'ɑː t ɪ s k
krock	k r ɔ k
krocka	²k r 'ɔ k a
krockar	²k r 'ɔ k a r
krog	k r uː ɡ
krok	k r uː k
krokan	k r oː k 'ɑː n
krokben	²k r 'uː k b eː n
krokig	²k r 'uː k ɪ ɡ
krokna	²k r 'uː k n a
kroknar	²k r 'uː k n a r
krokodil	k r ʊ k ʊ d 'iː l
krokodiltårar	²k r ʊ k ʊ d 'iː l t oː r a r
krokus	k r 'uː k ɵ s
krom	k r oː m
kromosom	k r ʊ m ʊ s 'oː m
krona	²k r 'uː n a
kronan	²k r 'uː n a n
kronisk	k r 'uː n ɪ s k
krono-	²k r 'uː n ʊ
kronofogde	²k r 'uː n ʊ f ʊ ɡ d ɛ
kronologisk	k r ʊ n ʊ l 'oː ɡ ɪ s k
kronor	k r 'uː n ʊ r
kronprins	²k r 'uː n p r ɪ n s
kronärtskocka	²k r 'uː n a t ɕ k ɔ k a
kropp	k r ɔ p
kroppkaka	²k r 'ɔ p k ɑː k a
kroppsbyggare	²k r 'ɔ p s b ʏ ɡ a r ɛ
kroppsbyggnad	²k r 'ɔ p s b ʏ ɡ n a d
kroppsdel	k r ɔ p s d ɛ l
kroppslig	²k r 'ɔ p s l ɪ ɡ
kroppsspråk	²k r 'ɔ p s p r oː k
kroppsvisitation	²k r 'ɔ p s v ɪ s ɪ t a ɧ uː n
krossa	²k r 'ɔ s a
krossar	²k r 'ɔ s a r
krucifix	k r ɵ s ɪ f 'ɪ k s
kruka	²k r 'ʉː k a
krukväxt	²k r 'ʉː k v ɛ k s t
krullig	²k r 'ɵ l ɪ ɡ
krum	k r ɵ m
krumbukt	k r ɵ m b 'ɵ k t
krumelur	k r ɵ m ɛ l 'ʉː r
krupit	²k r 'ʉː p ɪ t
krupp	k r ɵ p
krus	k r ʉː s
krusa	²k r 'ʉː s a
krusar	²k r 'ʉː s a r
krusbär	k r 'ʉː s b ɛː r
krusidull	k r ɵ s ɪ d 'ɵ l
krusig	²k r 'ʉː s ɪ ɡ
krustad	k r ɵ s t 'ɑː d
krut	k r ʉː t
krutdurk	²k r 'ʉː t d ɵ r k
krux	k r ɵ k s
kry	k r yː
krycka	²k r 'ʏ k a
krydda	²k r 'ʏ d a
kryddar	²k r 'ʏ d a r
krylla	²k r 'ʏ l a
kryllar	²k r 'ʏ l a r
krympa	k r 'ʏ m p ɛ r
krympfri	²k r 'ʏ m p f r iː
krympling	²k r 'ʏ m p l ɪ ŋ
kryp	k r yː p
krypa	k r 'yː p ɛ r
kryphål	²k r 'yː p h oː l
krypin	k r yː p 'ɪ n
kryptisk	k r 'ʏ p t ɪ s k
kryss	k r ʏ s
kryssa	²k r 'ʏ s a
kryssar	²k r 'ʏ s a r
kryssare	²k r 'ʏ s a r ɛ
kryssning	²k r 'ʏ s n ɪ ŋ
krysta	²k r 'ʏ s t a
krystad	²k r 'ʏ s t a d
krystar	²k r 'ʏ s t a r
kräfta	²k r 'ɛ f t a
kräftan	²s k r ɛ f t a n
kräftgång	²k r 'ɛ f t ɡ ɔ ŋ
kräftskiva	²k r 'ɛ f t ɧ iː v a
kräk	k r ɛː k
kräkas	k r ɛː k s
kräla	²k r 'ɛː l a
krälar	²k r 'ɛː l a r
kräm	k r ɛː m
krämig	²s k r ɛː m ɪ
krämpa	²k r 'ɛ m p a
kränga	k r 'ɛ ŋ ɛ r
kränka	k r 'ɛ ŋ k ɛ r
kräpp	k r ɛ p
kräsen	²k r 'ɛː s ɛ n
kräva	k r 'ɛː v ɛ r
kråka	²k r 'oː k a
kråkfötter	²k r 'oː k f œ t ɛ r
krångel	k r 'ɔ ŋ ɛ l
krångla	²k r 'ɔ ŋ l a
krånglar	²k r 'ɔ ŋ l a r
krånglig	²k r 'ɔ ŋ l ɪ ɡ
krögare	²k r 'øː ɡ a r ɛ
krök	k r øː k
kröka	²k r 'øː k a
krökar	²k r 'øː k a r
kröker	k r 'øː k ɛ r
krön	k r øː n
kröna	k r 'øː n ɛ r
krönika	k r 'øː n ɪ k a
kröp	k r øː p
krösus	k r øː s ʊ s
kub	k ʉː b
kuba	k ʉː b a
kuban	k ɵ b 'ɑː n
kubansk	k ɵ b 'ɑː n s k
kubb	k ɵ b
kubikmeter	²k ɵ b 'iː k m eː t ɛ r
kudde	²k 'ɵ d ɛ
kuf	k ʉː f
kufisk	k 'ʉː f ɪ s k
kugga	²k 'ɵ ɡ a
kuggar	²k 'ɵ ɡ a r
kugge	²k 'ɵ ɡ ɛ
kuggfråga	²k 'ɵ ɡ f r oː ɡ a
kugghjul	²k 'ɵ ɡ j ʉː l
kuk	k ʉː k
kuksugare	²s k ʉː k s ʉː ɡ a r ɛ
kul	k ʉː l
kula	²k 'ʉː l a
kulen	²k 'ʉː l ɛ n
kuling	²k 'ʉː l ɪ ŋ
kuliss	k ɵ l 'ɪ s
kull	k ɵ l
kullager	²k 'ʉː l ɑː ɡ ɛ r
kulle	²k 'ɵ l ɛ
kullerbytta	²k 'ɵ l ɛ r b ʏ t a
kullersten	²k 'ɵ l ɛ ɕ t eː n
kullkasta	²k 'ɵ l k a s t a
kullkastar	²k 'ɵ l k a s t a r
kulmen	k 'ɵ l m ɛ n
kulminera	k ɵ l m ɪ n 'eː r a
kulminerar	k ɵ l m ɪ n 'eː r a r
kulpenna	²k 'ʉː l p ɛ n a
kulram	²k 'ʉː l r ɑː m
kulspetspenna	²k 'ʉː l s p ɛ t s p ɛ n a
kulspruta	²k 'ʉː l s p r ʉː t a
kulstötning	²k 'ʉː l s t øː t n ɪ ŋ
kult	k ɵ l t
kultiverad	k ɵ l t ɪ v 'eː r a d
kultur	k ɵ l t 'ʉː r
kulturell	k ɵ l t ɵ r 'ɛ l
kulturminnesmärka	²k ɵ l t 'ʉː r m ɪ n ɛ s m a r k ɛ r
kulturnämnd	²k ɵ l t 'ʉː r n ɛ m d
kulturrådet	²k ɵ l t 'ʉː r oː d ɛ t
kulvert	k 'ɵ l v ɛ t
kulör	k ɵ l 'øː r
kulört	k ɵ l 'øː t
kummin	²k 'ɵ m ɪ n
kumpan	k ɵ m p 'ɑː n
kund	k ɵ n d
kunde	²k 'ɵ n d ɛ
kung	k ɵ ŋ
kunglig	²k 'ɵ ŋ l ɪ ɡ
kungsfiskare	k ɵ ŋ s f ɪ s k a r ɛ
kungsfågel	k ɵ ŋ s f oː ɡ ɛ l
kungsfågelsångare	k ɵ ŋ s f oː ɡ ɛ l s ɔ ŋ a r ɛ
kungöra	²k 'ɵ n j øː r
kungörelse	²k 'ɵ n j øː r ɛ l s ɛ
kunna	²k 'ɵ n a
kunnande	²k 'ɵ n a n d ɛ
kunnat	²k 'ɵ n a t
kunnig	²k 'ɵ n ɪ ɡ
kunskap	²k 'ɵ n s k ɑː p
kupa	²k 'ʉː p a
kuperad	k ɵ p 'eː r a d
kupol	k ɵ p 'oː l
kupong	k ɵ p 'ɔ ŋ
kupp	k ɵ p
kupé	k ɵ p 'eː
kur	k ʉː r
kurage	k ɵ r 'ɑː ɧ
kurant	k ɵ r 'a n t
kurator	²k ɵ r 'ɑː t ʊ r
kurera	k ɵ r 'eː r a
kurerar	k ɵ r 'eː r a r
kuriositet	k ɵ r ɪ ʊ s ɪ t 'eː t
kurir	k ɵ r 'iː r
kuriös	k ɵ r ɪ 'øː s
kurort	²k 'ʉː r ʊ t
kurr	k ɵ r
kurra	²k 'ɵ r a
kurragömma	²k ɵ r a j 'œ m a
kurrar	²k 'ɵ r a r
kurs	k ɵ ɕ
kurva	²k 'ɵ r v a
kuse	²s k ʉː s ɛ
kusin	k ɵ s 'iː n
kusk	k ɵ s k
kuslig	²k 'ʉː s l ɪ ɡ
kust	k ɵ s t
kustlabb	k ɵ s t l a b
kustpipare	k ɵ s t p 'iː p a r ɛ
kustsnäppa	k ɵ s t s n ɛ p a
kut	k ʉː t
kuta	²k 'ʉː t a
kutar	²k 'ʉː t a r
kuttra	²k 'ɵ t r a
kuttrar	²k 'ɵ t r a r
kuttrasju	k ɵ t r a ɧ ʉː
kutym	k ɵ t 'yː m
kuva	²k 'ʉː v a
kuvar	²k 'ʉː v a r
kuvert	k ɵ v 'ɛː r
kuvös	k ɵ v 'øː s
kvacka	²k v 'a k a
kvackar	²k v 'a k a r
kvacksalvare	²k v 'a k s a l v a r ɛ
kvadda	²k v 'a d a
kvaddar	²k v 'a d a r
kvadrat	k v a d r 'ɑː t
kvadratmeter	²k v a d r 'ɑː t m eː t ɛ r
kvadriljard	k v a d r ɪ l j 'ɑː r d
kvadriljon	k v a d r ɪ l j 'uː n
kval	k v ɑː l
kvala	²k v 'ɑː l a
kvalar	²k v 'ɑː l a r
kvalificerad	k v a l ɪ f ɪ s 'eː r a d
kvalifikation	k v a l ɪ f ɪ k a ɧ 'uː n
kvalifikationsår	²k v a l ɪ f ɪ k a ɧ 'uː n s oː r
kvalitativ	k v a l ɪ t a t iː v
kvalitet	k v a l ɪ t 'eː t
kvalmig	k v 'a l m ɪ ɡ
kvantitativ	k v a n t ɪ t a t iː v
kvantitet	k v a n t ɪ t 'eː t
kvar	k v ɑː r
kvarg	k v a r j
kvarglömd	²k v 'ɑː r ɡ l œ m d
kvark	k v a r k
kvarleva	²k v 'ɑː l eː v a
kvarlåtenskap	²k v 'ɑː l oː t ɛ n s k ɑː p
kvarn	k v ɑː n
kvarskatt	²k v 'ɑː ɕ k a t
kvarstå	²k v 'ɑː ɕ t oː r
kvart	k v a t
kvartal	k v a t 'ɑː l
kvarter	k v a t 'eː r
kvartett	k v a t 'ɛ t
kvarvarande	²k v 'ɑː r v ɑː r a n d ɛ
kvasar	k v a s 'ɑː r
kvasi-	²k v 'ɑː s ɪ
kvast	k v a s t
kvav	k v ɑː v
kverulans	k v ɛ r ɵ l 'a n s
kverulant	k v ɛ r ɵ l 'a n t
kverulera	k v ɛ r ɵ l 'eː r a
kverulerar	k v ɛ r ɵ l 'eː r a r
kvick	k v ɪ k
kvicksilver	²k v 'ɪ k s ɪ l v ɛ r
kvida	k v 'iː d ɛ r
kviga	²k v 'iː ɡ a
kvinna	²k v 'ɪ n a
kvinnan	k v ɪ n a n
kvinnans	k v ɪ n a n s
kvinnas	k v ɪ n a s
kvinnlig	²k v 'ɪ n l ɪ ɡ
kvinnoklinik	²k v 'ɪ n ʊ k l ɪ n iː k
kvinnor	k v ɪ n n ʊ r
kvinnornas	k v ɪ n ʊ n a s
kvinnors	k v ɪ n ʊ ɕ
kvinnosakskvinna	²k v 'ɪ n ʊ s ɑː k s k v ɪ n a
kvinns	k v ɪ n s
kvintett	k v ɪ n t 'ɛ t
kvintiljard	k v ɪ n t ɪ ɪ l j 'ɑː r d
kvintiljon	k v ɪ n t ɪ l j 'uː n
kvirr	k v ɪ r
kviss	k v ɪ s
kvist	k v ɪ s t
kvitta	²k v 'ɪ t a
kvittar	²k v 'ɪ t a r
kvittens	k v ɪ t 'ɛ n s
kvittera	k v ɪ t 'eː r a
kvitterar	k v ɪ t 'eː r a r
kvitto	²k v 'ɪ t ʊ
kvittra	²k v 'ɪ t r a
kvittrar	²k v 'ɪ t r a r
kvm	²k v a d r 'ɑː t m eː t ɛ r
kvot	k v uː t
kvotera	k v ʊ t 'eː r a
kvoterar	k v ʊ t 'eː r a r
kväka	k v 'ɛː k ɛ r
kvälja	k v 'ɛ l j ɛ r
kväll	k v ɛ l
kvällskvist	²k v 'ɛ l s k v ɪ s t ɛ n
kvänska	²s k v ɛː n s k a
kväsa	k v 'ɛː s ɛ r
kväva	k v 'ɛː v ɛ r
kvävas	k v ɛː v s
kväve	²k v 'ɛː v ɛ
kyckling	²ɕ 'ʏ k l ɪ ŋ
kycklingmamma	²ɕ 'ʏ k l ɪ ŋ m a m a
kyffe	²ɕ 'ʏ f ɛ
kyl	ɕ yː l
kyla	²ɕ 'yː l a
kylare	²ɕ 'yː l a r ɛ
kyler	ɕ 'yː l ɛ r
kylig	²ɕ 'yː l ɪ ɡ
kylskåp	²ɕ 'yː l s k oː p
kymriska	k ʏ m r ɪ s k a
kynne	²ɕ 'ʏ n ɛ
kypare	²ɕ 'yː p a r ɛ
kyrka	²ɕ 'ʏ r k a
kyrklig	²ɕ 'ʏ r k l ɪ ɡ
kyrkobokföring	²ɕ 'ʏ r k ʊ b uː k f øː r ɪ ŋ
kyrkofullmäktige	²ɕ 'ʏ r k ʊ f ɵ l m ɛ k t ɪ ɡ ɛ
kyrkogård	²ɕ 'ʏ r k ʊ ɡ oː d
kyrkoherde	²ɕ 'ʏ r k ʊ h eː d ɛ
kyrkomöte	²ɕ 'ʏ r k ʊ m øː t ɛ
kyrkoval	²ɕ 'ʏ r k ʊ v ɑː l
kysk	ɕ ʏ s k
kyskhet	ɕ ʏ s k h 'eː t
kyss	ɕ ʏ s
kyssa	ɕ 'ʏ s ɛ r
käck	ɕ ɛ k
käft	ɕ ɛ f t
käfta	²ɕ 'ɛ f t a
käftar	²ɕ 'ɛ f t a r
käftis	ɕ ɛ f t ɪ s
kägla	²ɕ 'ɛː ɡ l a
käk	ɕ ɛː k
käka	²ɕ 'ɛː k a
käkar	²ɕ 'ɛː k a r
käke	²ɕ 'ɛː k ɛ
kälke	²ɕ 'ɛ l k ɛ
källa	²ɕ 'ɛ l a
källare	²ɕ 'ɛ l a r ɛ
källarmästare	²ɕ 'ɛ l a r m ɛ s t a r ɛ
källing	²s ɕ ɛ l ɪ ŋ
källskatt	²ɕ 'ɛ l s k a t
kämpa	²ɕ 'ɛ m p a
kämpar	²ɕ 'ɛ m p a r
kämpe	²ɕ 'ɛ m p ɛ
kämpig	²ɕ 'ɛ m p ɪ ɡ
känd	ɕ ɛ n d
kände	²ɕ 'ɛ n d ɛ
kändis	ɕ 'ɛ n d ɪ s
känga	²ɕ 'ɛ ŋ a
känguru	ɕ 'ɛ ŋ ɡ ɵ r ɵ
känna	ɕ 'ɛ n ɛ r
kännare	²ɕ 'ɛ n a r ɛ
kännas	ɕ ɛ n s
kännbar	²ɕ 'ɛ n b ɑː r
kännedom	²ɕ 'ɛ n ɛ d ʊ m
kännetecken	²ɕ 'ɛ n ɛ t ɛ k ɛ n
känneteckna	²ɕ 'ɛ n ɛ t ɛ k n a
kännetecknar	²ɕ 'ɛ n ɛ t ɛ k n a r
känning	²ɕ 'ɛ n ɪ ŋ
kännspak	t ɕ ɛ n s p 'ɑː k
känsel	ɕ 'ɛ n s ɛ l
känsla	²ɕ 'ɛ n s l a
känslig	²ɕ 'ɛ n s l ɪ ɡ
känslomässig	²ɕ 'ɛ n s l ʊ m ɛ s ɪ ɡ
känt	ɕ ɛ n t
käpp	ɕ ɛ p
käpphäst	²ɕ 'ɛ p h ɛ s t
kär	ɕ ɛː r
kära	ɕ ɛː r a
kärande	²ɕ 'ɛː r a n d ɛ
käring	²ɕ 'ɛː r ɪ ŋ
kärl	ɕ ɛː l
kärlek	²ɕ 'ɛː l eː k
kärlekskrank	²ɕ 'ɛː l eː k s k r a ŋ k
kärlkramp	²ɕ 'ɛː l k r a m p
kärn-	²ɕ 'ɛː n
kärna	²ɕ 'ɛː n a
kärnfamilj	²ɕ 'ɛː n f a m ɪ l j
kärnfrisk	²ɕ 'ɛː n f r ɪ s k
kärnmjölk	²ɕ 'ɛː n m j œ l k
käromål	²ɕ 'ɛː r ʊ m oː l
kärr	ɕ a r
kärra	²ɕ 'ɛ r a
kärrhök	ɕ ɛ r h øː k
kärring	²ɕ 'ɛ r ɪ ŋ
kärrsnäppa	ɕ ɛ r s n ɛ p a
kärrsångare	ɕ ɛ r s ɔ ŋ a r ɛ
kärrtärna	ɕ ɛ r t ɜ r n a
kärv	ɕ a r v
kärve	²ɕ 'ɛ r v ɛ
kättare	²ɕ 'ɛ t a r ɛ
kätting	²ɕ 'ɛ t ɪ ŋ
käx	k ɛ k s
kå	k oː
kåda	²k 'oː d a
kåk	k oː k
kål	k oː l
kålrabbi	²s k oː l r a b ɪ
kålrot	²k 'oː l r uː t
kånka	²k 'ɔ ŋ k a
kånkar	²k 'ɔ ŋ k a r
kånna	k ɔ n a
kåpa	²k 'oː p a
kår	k oː r
kåre	²k 'oː r ɛ
kåseri	k oː s ɛ r 'iː
kåsör	k ɔ s 'øː r
kåt	k oː t
kåta	²k 'oː t a
kôrka	²s ɕ 'œ r k a
kö	k øː
köa	²k 'øː a
köar	²k 'øː a r
kök	ɕ øː k
kökkenmödding	²s k œ k ɛ n m œ d ɪ ŋ
köksdörr	²s ɕ øː k s ²s d œ r
köl	ɕ øː l
kölapp	k øː l a p
köld	ɕ œ l d
kölna	²s ɕ øː l n a
kölvatten	²ɕ 'øː l v a t ɛ n
kön	ɕ øː n
könsorgan	²ɕ 'øː n s ɔ r ɡ ɑː n
könsroll	²ɕ 'øː n s r ɔ l
könssjukdom	²ɕ 'øː n s ɧ ʉː k d ʊ m
könsumgänge	²ɕ 'øː n s ɵ m j ɛ ŋ ɛ
köp	ɕ øː p
köpa	ɕ 'øː p ɛ r
köpare	²ɕ 'øː p a r ɛ
köpeavtal	²ɕ 'øː p ɛ ɑː v t ɑː l
köpekontrakt	²ɕ 'øː p ɛ k ɔ n t r a k t
köpenhamn	ɕ øː p ɛ n h a m n
köpeskilling	²ɕ 'øː p ɛ ɧ ɪ l ɪ ŋ
köping	²ɕ 'øː p ɪ ŋ
köpkraft	²ɕ 'øː p k r a f t
köpman	²ɕ 'øː p m a n
köpslå	²ɕ 'øː p s l oː
köpslår	²ɕ 'øː p s l oː r
köpstad	²s ɕ øː p s t 'ɑː d
kör	k øː r
köra	ɕ øː r
körandas	²s k øː r a n d a s
körandning	²s k øː r a n d n ɪ ŋ
körbana	²ɕ 'øː r b ɑː n a
körde	²ɕ 'øː d ɛ
körkort	²ɕ 'øː r k ʊ t
körkortstillstånd	ɕ 'øː r k ʊ t ɕ t ɪ l s t ɔ n d
körs	k r ɕ
körsbär	ɕ 'œ ɕ b ɛː r
körskola	²ɕ 'øː ɕ k uː l a
körsnär	ɕ œ ɕ n 'ɛː r
kört	ɕ øː t
körtel	²ɕ 'œ t ɛ l
kött	ɕ œ t
köttbullar	²ɕ 'œ t b ɵ l a r
köttbulle	ɕ œ t b ɵ l ɛ
köttfärs	²ɕ 'œ t f a ɕ
köttig	ɕ œ t ɪ ɡ
köttslig	ɕ œ t s l ɪ ɡ
la	l ɑː
labb	l a b
labial	l a b ɪ 'ɑː l
labil	l a b 'iː l
labiodental	l a b ɪ ʊ d ɛ n t 'ɑː l
laborant	l a b ʊ r 'a n t
laboration	l a b ʊ r a ɧ 'uː n
laboratorium	l a b ʊ r a t 'uː r ɪ ɵ m
laborera	l a b ʊ r 'eː r a
laborerar	l a b ʊ r 'eː r a r
labyrint	l a b ʏ r 'ɪ n t
lack	l a k
lacka	²l 'a k a
lackar	²l 'a k a r
lackera	l a k 'eː r a
lackerar	l a k 'eː r a r
lacknafta	²l 'a k n a f t a
lada	²l 'ɑː d a
ladda	²l 'a d a
laddad	²l 'a d a d
laddar	²l 'a d a r
laddning	²l 'a d n ɪ ŋ
lade	²l 'ɑː d ɛ
ladugård	²l 'ɑː d ɵ ɡ oː d
lag	l ɑː ɡ
laga	²l 'ɑː ɡ a
lagan	l 'ɑː ɡ a n
lagar	²l 'ɑː ɡ a r
lagd	l a ɡ d
lager	l 'ɑː ɡ ɛ r
lagerblad	²l 'ɑː ɡ ɛ r b l ɑː d
lagerkrans	²l 'ɑː ɡ ɛ r k r a n s
lagfart	²l 'ɑː ɡ f ɑː t
lagfästa	²l 'ɑː ɡ f ɛ s t ɛ r
laglig	²l 'ɑː ɡ l ɪ ɡ
laglott	²l 'ɑː ɡ l ɔ t
lagman	²l 'ɑː ɡ m a n
lagning	²l 'ɑː ɡ n ɪ ŋ
lagom	²l 'ɑː ɡ ɔ m
lagra	²l 'ɑː ɡ r a
lagrar	²l 'ɑː ɡ r a r
lags	l ɑː ɡ s
lagstadgad	²l 'ɑː ɡ s t a d ɡ a d
lagstifta	²l 'ɑː ɡ s t ɪ f t a
lagstiftar	²l 'ɑː ɡ s t ɪ f t a r
lagstiftning	²l 'ɑː ɡ s t ɪ f t n ɪ ŋ
lagstridig	²l 'ɑː ɡ s t r iː d ɪ ɡ
lagt	l a k t
lagts	l a k t s
lagård	l 'ɑː ɡ oː d
laholm	l a h ɔ l m
laja	²s l a j a
lajbans	l a j b a n s
lakan	²l 'ɑː k a n
lakonisk	l a k 'uː n ɪ s k
lakrits	l 'ɑː k r ɪ t s
lam	l ɑː m
lamell	l a m 'ɛ l
lamm	l a m
lammgam	l a m ɡ 'ɑː m
lammkött	²l 'a m ɕ œ t
lampa	²l 'a m p a
lamslå	²l 'a m s l oː
lamslår	²l 'a m s l oː r
lamé	l a m 'eː
lan	l 'ɑː n
land	l a n d
landa	²l 'a n d a
landar	²l 'a n d a r
landgång	²l 'a n d ɡ ɔ ŋ
landkrabba	²l 'a n d k r a b a
landsbygd	²l 'a n d s b ʏ ɡ d
landsflykt	²l 'a n d s f l ʏ k t
landshövding	²l 'a n d s h œ v d ɪ ŋ
landskamp	²l 'a n d s k a m p
landskap	²l 'a n d s k ɑː p
landskapsdjur	²s l a n d s k 'ɑː p s j ʉː r
landskommun	l a n d s k ɔ m ʉː n
landskommunsvapen	l a n d s k ɔ m ʉː n s v 'ɑː p ɛ n
landskronit	l a n d s k r ʊ n 'iː t
landslag	²l 'a n d s l ɑː ɡ
landsman	²l 'a n d s m a n
landsmål	l a n d s m oː l
landsorganisationen	²l 'a n d s ɔ r ɡ a n ɪ s a ɧ uː n ɛ n
landsort	²l 'a n d s ʊ t
landssorg	²l 'a n d s ɔ r j
landstiga	²l 'a n d s t iː ɡ a
landsting	²l 'a n d s t ɪ ŋ
landstingsval	²l 'a n d s t ɪ ŋ s v ɑː l
landsväg	²l 'a n d s v ɛː ɡ
landsätta	²l 'a n d s ɛ t ɛ r
landvinning	²l 'a n d v ɪ n ɪ ŋ
langa	²l 'a ŋ a
langar	²l 'a ŋ a r
langare	²l 'a ŋ a r ɛ
langust	l a ŋ ɡ ɵ s t
lans	l a n s
lansera	l a n s 'eː r a
lanserar	l a n s 'eː r a r
lant-	²l a n t
lantarbetare	²l 'a n t a r b eː t a r ɛ
lantbrevbärare	²l 'a n t b r eː v b ɛː r a r ɛ
lantbruk	²l 'a n t b r ʉː k
lantbrukare	²l 'a n t b r ʉː k a r ɛ
lanterna	l a n t 'ɛː n a
lantgård	²l 'a n t ɡ oː d
lantmäteri	l a n t m ɛː t ɛ r 'iː
lapa	²l 'ɑː p a
lapar	²l 'ɑː p a r
lapp	l a p
lappa	²l 'a p a
lappar	²l 'a p a r
lappland	l 'a p l a n d
lapplisa	²l 'a p l iː s a
lappmes	l a p m 'eː s
lappsjuka	²l 'a p ɧ ʉː k a
lappuggla	l a p ɵ ɡ l a
lapskojs	²l 'a p s k ɔ j s
lapsus	l 'a p s ɵ s
larm	l a r m
larma	²l 'a r m a
larmar	²l 'a r m a r
larv	l a r v
larvig	²l 'a r v ɪ ɡ
lasagne	l a s 'a n j ɛ
lasarett	l a s a r 'ɛ t
laser	l 'ɑː s ɛ r
lass	l a s
lassa	²l 'a s a
lassar	²l 'a s a r
lasse	l a s ɛ
lasso	l 'a s ʊ
last	l a s t
lasta	²l 'a s t a
lastar	²l 'a s t a r
lastbil	²l 'a s t b iː l
lastförskjutningsnät	²s l a s t f øː r ɧ s t n ɪ ŋ s n ɛː t
lastväxlare	l a s t v ɛ k s l a r ɛ
lat	l ɑː t
latent	l a t 'ɛ n t
later	²l 'ɑː t ɛ r
lathund	²l 'ɑː t h ɵ n d
latin	l a t 'iː n
latmask	²l 'ɑː t m a s k
lattja	²s l a t ɕ a
lattjo	l a t ɕ ʊ
lav	l ɑː v
lava	²l 'ɑː v a
lave	²l 'ɑː v ɛ
lavemang	l a v ɛ m 'a ŋ
lavin	l a v 'iː n
lavinartad	²l a v 'iː n ɑː t a d
lavoar	l a v ʊ 'ɑː r
lavskrika	²s l 'ɑː v s k r 'iː k a
lax	l a k s
laxermedel	²l a k s 'eː r m eː d ɛ l
layout	l ɛ j 'a ʊ t
le	l eː r
lealös	²s l 'eː a l øː s
leasa	²l 'iː s a
leasar	²l 'iː s a r
leasing	l 'iː s ɪ ŋ
led	l eː d
leda	²l 'eː d a
ledamot	²l 'eː d a m uː t
ledare	²l 'eː d a r ɛ
ledd	l ɛ d
leddjur	l 'eː d j ʉː r
leder	l 'eː d ɛ r
ledig	²l 'eː d ɪ ɡ
ledighet	²l 'eː d ɪ ɡ h eː t
ledning	²l 'eː d n ɪ ŋ
ledsaga	²l 'eː d s ɑː ɡ a
ledsagar	²l 'eː d s ɑː ɡ a r
ledsam	²l 'ɛ s a m
ledsen	²l 'ɛ s ɛ n
ledsna	²s l ɛ s n a
ledtråd	²l 'eː d t r oː d
leende	²l 'eː ɛ n d ɛ
leg	l ɛ ɡ
legal	l ɛ ɡ 'ɑː l
legat	²l 'eː ɡ a t
legation	l ɛ ɡ a ɧ 'uː n
legend	l ɛ ɡ 'ɛ n d
legering	l ɛ ɡ 'eː r ɪ ŋ
legitim	l ɛ ɡ ɪ t 'iː m
legitimation	l ɛ ɡ ɪ t ɪ m a ɧ 'uː n
legitimerad	l ɛ ɡ ɪ t ɪ m 'eː r a d
lego	l 'eː ɡ ʊ
legosoldat	²l 'eː ɡ ʊ s ʊ l d ɑː t
leidenflaska	l ɛ j d ɛ n f l a s k a
leif	l ɛ j f
leja	l 'ɛ j ɛ r
lejd	l ɛ j d
lejon	²l 'ɛ j ɔ n
lejonet	²s l ɛ j ɔ n ɛ t
lejonparten	²l 'eː j ʊ n p ɑː t ɛ n
lek	l eː k
leka	l 'eː k ɛ r
lekamen	l eː k 'ɑː m ɛ n
lekis	l 'eː k ɪ s
lekkamrat	²l 'eː k a m r ɑː t
lekman	²l 'eː k m a n
lekotek	l eː k ʊ t 'eː k
lekplats	²l 'eː k p l a t s
leksak	²l 'eː k s ɑː k
lekskola	²l 'eː k s k uː l a
lektion	l ɛ k ɧ 'uː n
lektor	l 'ɛ k t ʊ r
lektyr	l ɛ k t 'yː r
lem	l ɛ m
lemlästa	²l 'ɛ m l ɛ s t a
lemlästar	²l 'ɛ m l ɛ s t a r
lemur	l ɛ m ʉː r
len	l eː n
leopard	²l ɛ uː p a r d
lera	²l 'eː r a
lergods	²l 'eː r ɡ ʊ t s
lesbisk	l 'ɛ s b ɪ s k
lesotho	l ɛ s 'uː t ʊ
less	l ɛ s
leta	²l 'eː t a
letar	²l 'eː t a r
lett	l ɛ t
lettisk	l 'ɛ t ɪ s k
lettiska	l ɛ t ɪ s k a
lettland	l ɛ t l a n d
lev	l 'eː v
leva	l 'eː v ɛ r
levat	²l 'eː v a t
levde	²l 'eː v d ɛ
leve	l 'eː v ɛ
levebröd	²l 'eː v ɛ b r øː d
lever	l 'eː v ɛ r
leverans	l ɛ v ɛ r 'a n s
leverantör	l ɛ v ɛ r a n t 'øː r
leverera	l ɛ v ɛ r 'eː r a
levererar	l ɛ v ɛ r 'eː r a r
leverpastej	l 'eː v ɛ r p a s t ɛ j
levnad	²l 'eː v n a d
levt	l 'eː v t
lexikon	l 'ɛ k s ɪ k ɔ n
lian	l ɪ a n
libanes	l ɪ b a n 'eː s
liberal	l ɪ b ɛ r 'ɑː l
liberalism	l ɪ b ɛ r a l 'ɪ s m
liberia	l ɪ b 'eː r ɪ a
libyen	l 'iː b ʏ ɛ n
libyer	l 'iː b j ɛ r
licens	l ɪ s 'ɛ n s
lida	l 'iː d ɛ r
lidande	²l 'iː d a n d ɛ
lidelse	²l 'iː d ɛ l s ɛ
liderlig	l 'iː d ɛ l ɪ ɡ
lidhult	l 'iː d h ɵ l t
lie	²l 'iː ɛ
liechtenstein	l ɪ ɧ t ɛ n s t a j n
lift	l ɪ f t
lifta	²l 'ɪ f t a
liftar	²l 'ɪ f t a r
liga	²l 'iː ɡ a
ligg	l ɪ ɡ
ligga	l 'ɪ ɡ ɛ r
liggvagn	²l 'ɪ ɡ v a ŋ n
ligist	l ɪ ɡ 'ɪ s t
lik	l iː k
lika	²l 'iː k a
likaberättigad	²l 'iː k a b ɛ r ɛ t ɪ ɡ a d
likaberättigande	²l 'iː k a b ɛ r ɛ t ɪ ɡ a n d ɛ
likadan	l iː k a d 'a n
likalydande	²l 'iː k a l yː d a n d ɛ
likartad	²l 'iː k ɑː t a d
likaså	²l 'iː k a s oː
like	²l 'iː k ɛ
likformig	²l 'iː k f ɔ r m ɪ ɡ
likgiltig	²l 'iː k j ɪ l t ɪ ɡ
likhet	²l 'iː k h eː t
likhetstecken	²l 'iː k h eː t s t ɛ k ɛ n
likna	²l 'iː k n a
liknande	²l 'iː k n a n d ɛ
liknar	²l 'iː k n a r
liknelse	²l 'iː k n ɛ l s ɛ
liknöjd	²l 'iː k n œ j d
liksom	l 'iː k s ɔ m
liktorn	²l 'iː k t uː n
liktydig	²l 'iː k t yː d ɪ ɡ
likvid	l ɪ k v 'iː d
likvidera	l ɪ k v ɪ d 'eː r a
likviderar	l ɪ k v ɪ d 'eː r a r
likviditet	l ɪ k v ɪ d ɪ t 'eː t
likväl	l ɪ k v 'ɛː l
likvärdig	²l 'iː k v ɛː d ɪ ɡ
likör	l ɪ k 'øː r
lila	l 'iː l a
lilja	²l 'ɪ l j a
lilla	²l 'ɪ l a
lillejulafton	l ɪ l ɛ j s l a f t ɔ n
lillfinger	²l 'ɪ l f ɪ ŋ ɛ r
lim	l ɪ m
lima	²s l 'iː m a
lime	l a j m
limma	²l 'ɪ m a
limmar	²l 'ɪ m a r
limning	l 'ɪ m n ɪ ŋ
limpa	²l 'ɪ m p a
lin	l iː n
lina	²l 'iː n a
lind	l ɪ n d
linda	²l 'ɪ n d a
lindar	²l 'ɪ n d a r
lindgren	l ɪ n d ɡ r 'eː n
lindra	²l 'ɪ n d r a
lindrar	²l 'ɪ n d r a r
lindrig	²l 'ɪ n d r ɪ ɡ
lingon	²l 'ɪ ŋ ɔ n
lingonsylt	²s l ɪ ŋ ɔ n s ʏ l t
lingvist	l ɪ ŋ ɡ v 'ɪ s t
linjal	l ɪ n j 'ɑː l
linje	l 'ɪ n j ɛ
linjedomare	²l 'ɪ n j ɛ d ʊ m a r ɛ
linjera	l ɪ n j 'eː r a
linjerar	l ɪ n j 'eː r a r
linjär	l ɪ n j 'ɛː r
linköping	l ɪ n ɕ øː p ɪ ŋ
linne	²l 'ɪ n ɛ
linnea	l ɪ ²s n 'eː a
linné	l ɪ n 'eː
linnéa	l ɪ ²s n 'eː a
lins	l ɪ n s
lipa	²l 'iː p a
lipar	²l 'iː p a r
lipsill	l 'iː p s ɪ l
lira	²l 'iː r a
lirar	²l 'iː r a r
lirka	²l 'ɪ r k a
lirkar	²l 'ɪ r k a r
lisa	²l 'iː s a
lisas	²s l 'iː s a s
lisma	²l 'ɪ s m a
lismar	²l 'ɪ s m a r
list	l ɪ s t
lista	²l 'ɪ s t a
listig	²l 'ɪ s t ɪ ɡ
lita	²l 'iː t a
litar	²l 'iː t a r
litauen	l ɪ t a ʊ ɛ n
litauiska	l ɪ t a ɪ s k a
lite	²l 'iː t ɛ
liten	²l 'iː t ɛ n
liter	l 'iː t ɛ r
litium	l 'iː t s ɪ ɵ m
litteratur	l ɪ t ɛ r a t 'ʉː r
litterär	l ɪ t ɛ r 'ɛː r
liv	l iː v
livad	²l 'iː v a d
livförsäkring	²l 'iː v f œ ɕ ɛː k r ɪ ŋ
livlig	²l 'iː v l ɪ ɡ
livmoder	²l 'iː v m uː d ɛ r
livrem	²l 'iː v r ɛ m
livränta	²l 'iː v r ɛ n t a
livs	l ɪ f s
livsfara	²l 'ɪ f s f ɑː r a
livsfarlig	²l 'ɪ f s f ɑː l ɪ ɡ
livsfientlig	²s l 'iː v s f ɪ ɛ n t l ɪ
livsföring	²l 'ɪ f s f øː r ɪ ŋ
livskvalitet	²l 'ɪ f s k v a l ɪ t eː t
livsmedel	²l 'ɪ f s m eː d ɛ l
livsmedelsverket	²l 'ɪ f s m eː d ɛ l s v a r k ɛ t
livstid	²l 'ɪ f s t iː d
livsverk	²l 'ɪ f s v a r k
livsviktig	²l 'ɪ f s v ɪ k t ɪ ɡ
livsåskådning	²l 'ɪ f s oː s k oː d n ɪ ŋ
livvakt	²l 'iː v a k t
ljud	j ʉː d
ljuda	j 'ʉː d ɛ r
ljudband	²j 'ʉː d b a n d
ljuddämpare	²j 'ʉː d ɛ m p a r ɛ
ljuden	t j ʉː d ɛ n
ljudlös	²j 'ʉː d l øː s
ljudradio	²j 'ʉː d r ɑː d ɪ ʊ
ljug	²s j ʉː ɡ
ljuga	j 'ʉː ɡ ɛ r
ljum	j ɵ m
ljummen	²j 'ɵ m ɛ n
ljumske	²j 'ɵ m s k ɛ
ljung	j ɵ ŋ
ljungby	²s j ɵ ŋ b ʏ
ljungpipare	j ɵ ŋ p 'iː p a r ɛ
ljus	j ʉː s
ljushuvud	²j 'ʉː s h ʉː v ɵ d
ljushyllt	j ɵ s h ʏ l t
ljusna	²j 'ʉː s n a
ljusnar	²j 'ʉː s n a r
ljuspunkt	²j 'ʉː s p ɵ ŋ k t
ljusstake	²j 'ʉː s t ɑː k ɛ
ljusår	²j 'ʉː s oː r
ljuta	²s j ʉː t a
ljuv	j ʉː v
ljuvlig	²j 'ʉː v l ɪ ɡ
ljöd	j øː d
ljög	j øː ɡ
lo	²'ɛ l uː
lob	l 'uː b
lobby	l 'ɔ b ʏ
lock	l ɔ k
locka	²l 'ɔ k a
lockande	²l 'ɔ k a n d ɛ
lockar	²l 'ɔ k a r
lockbete	²l 'ɔ k b eː t ɛ
lockig	²l 'ɔ k ɪ ɡ
lockout	l ɔ k 'a ʊ t
lodis	l 'uː d ɪ s
lodjur	²l 'uː j ʉː r
lodrät	²l 'uː d r ɛː t
lodstreck	²l 'uː d s t r ɛ k
loft	l ɔ f t
loftgång	²l ɔ f t ɡ ɔ ŋ
log	l uː ɡ
loge	²l 'uː ɡ ɛ
loggbok	²l 'ɔ ɡ b uː k
logi	l ʊ ɧ 'iː
logik	l ʊ ɡ 'iː k
logisk	l 'oː ɡ ɪ s k
logo	l 'oː ɡ ʊ
logoped	l ɔ ɡ ʊ p 'eː d
logotyp	l ɔ ɡ ʊ t 'yː p
loj	l ɔ j
lojal	l ɔ j 'ɑː l
lojalitet	l ɔ j a l ɪ t 'eː t
lok	l uː k
lokal	l ʊ k 'ɑː l
lokalbedövning	²l ʊ k 'ɑː l b ɛ d øː v n ɪ ŋ
lokalisera	l ʊ k a l ɪ s 'eː r a
lokaliserar	l ʊ k a l ɪ s 'eː r a r
lokalradio	²l ʊ k 'ɑː l r ɑː d ɪ ʊ
lokalsamtal	²l ʊ k 'ɑː l s a m t ɑː l
lokalvårdare	²l ʊ k 'ɑː l v oː d a r ɛ
lom	l ʊ m
lomhörd	²l 'ʊ m h øː d
london	l ɔ n d ɔ n
look	l ʊ k
lopp	l ɔ p
loppa	²l 'ɔ p a
loppmarknad	²l 'ɔ p m a r k n a d
lort	l uː t
lortig	²l uː t ɪ ɡ
loska	²l 'ɔ s k a
loss	l ɔ s
lossa	²l 'ɔ s a
lossar	²l 'ɔ s a r
lossna	²l 'ɔ s n a
lossnar	²l 'ɔ s n a r
lossning	l 'ɔ s n ɪ ŋ
lots	l ʊ t s
lotsa	²l 'ʊ t s a
lotsar	²l 'ʊ t s a r
lott	l ɔ t
lotta	²l 'ɔ t a
lottar	²l 'ɔ t a r
lotteri	l ɔ t ɛ r 'iː
lottsedel	²l 'ɔ t s eː d ɛ l
lounge	²s l 'uː ɵ ŋ ɛ
lounges	l 'uː ɵ ŋ ɛ s
lov	l oː v
lova	²l 'oː v a
lovande	²l 'oː v a n d ɛ
lovar	²l 'oː v a r
love	l 'uː v ɛ
lovlig	²l 'oː v l ɪ ɡ
lovorda	²l 'oː v uː d a
lovordar	²l 'oː v uː d a r
lovsång	²s l 'uː v s ɔ ŋ
lp	²'ɛ l p eː
lrf	ɛ l a r 'ɛ f
lucia	²l ɵ s 'iː a
lucka	²l 'ɵ k a
luckra	²l ɵ k r a
luckrar	²l ɵ k r a r
ludd	l ɵ d
luddig	²l 'ɵ d ɪ ɡ
luden	²l 'ʉː d ɛ n
luder	l 'ʉː d ɛ r
luffare	²l 'ɵ f a r ɛ
lufsa	²l 'ɵ f s a
lufsar	²l 'ɵ f s a r
luft	l ɵ f t
lufta	²l 'ɵ f t a
luftar	²l 'ɵ f t a r
luftbro	²l 'ɵ f t b r uː
luftförorening	²l 'ɵ f t f øː r uː r eː n ɪ ŋ
luftig	²l 'ɵ f t ɪ ɡ
luftmadrass	²l 'ɵ f t m a d r a s
luftombyte	²l 'ɵ f t ɔ m b yː t ɛ
luftrör	²l 'ɵ f t r øː r
luftslott	²l 'ɵ f t s l ɔ t
luftstrupe	²l 'ɵ f t s t r ʉː p ɛ
luftvärn	²l 'ɵ f t v ɛː n
lugg	l ɵ ɡ
lugga	²l 'ɵ ɡ a
luggar	²l 'ɵ ɡ a r
luggsliten	²l 'ɵ ɡ s l iː t ɛ n
lugn	l ɵ ŋ n
lugna	²l 'ɵ ŋ n a
lugnar	²l 'ɵ ŋ n a r
lukrativ	l ɵ k r a t 'iː v
lukt	l ɵ k t
lukta	²l 'ɵ k t a
luktar	²l 'ɵ k t a r
lummig	²l 'ɵ m ɪ ɡ
lump	l ɵ m p
lumpen	²l 'ɵ m p ɛ n
lunch	l ɵ n ɧ
lunchdisco	²s l ɵ ɧ d ɪ s k ʊ
lunchrast	²s l ɵ n ɧ r a s t
lund	l ɵ n d
lundensisk	l ɵ n d ɛ n s ɪ s k
lundgren	²s l ɵ n d ɡ r 'eː n
lundsångare	l ɵ n d s ɔ ŋ a r ɛ
lunga	²l 'ɵ ŋ a
lunginflammation	²l 'ɵ ŋ ɪ n f l a m a ɧ uː n
lungsäck	²l 'ɵ ŋ s ɛ k
lungödem	²s l ɵ ŋ 'œ d 'eː m
lunka	²l 'ɵ ŋ k a
lunkar	²l 'ɵ ŋ k a r
lunta	²l 'ɵ n t a
lur	l ʉː r
lura	²l 'ʉː r a
lurar	²l 'ʉː r a r
lurendrejare	²l 'ʉː r ɛ n d r ɛ j a r ɛ
lurig	l 'ʉː r ɪ ɡ
lurvig	²l 'ɵ r v ɪ ɡ
lus	l ʉː s
lussa	²l 'ɵ s a
lussar	²l 'ɵ s a r
lussekatt	²l 'ɵ s ɛ k a t
lust	l ɵ s t
lusta	²l 'ɵ s t a
lustgas	²l 'ɵ s t ɡ ɑː s
lustgård	²l 'ɵ s t ɡ oː d
lusthus	²l 'ɵ s t h ʉː s
lustig	²l 'ɵ s t ɪ ɡ
lustigkurre	²l 'ɵ s t ɪ ɡ k ɵ r ɛ
lustspel	²l 'ɵ s t s p eː l
lut	l ʉː t
luta	²l 'ʉː t a
lutar	²l 'ʉː t a r
lutfisk	²l 'ʉː t f ɪ s k
lutning	²l 'ʉː t n ɪ ŋ
luttrad	l 'ɵ t r a d
luva	²l 'ʉː v a
luxemburg	l ɵ k s ɛ m b ɵ r ɡ
lvm	ɛ l v eː 'ɛ m
lvu	ɛ l v eː 'ʉː
lya	²l 'yː a
lycka	²l 'ʏ k a
lyckad	²l 'ʏ k a d
lyckas	²l 'ʏ k a s
lycklig	²l 'ʏ k l ɪ ɡ
lyckliggöra	²l 'ʏ k l ɪ ɡ j øː r
lyckligtvis	²l 'ʏ k l ɪ k t v iː s
lyckokast	²l 'ʏ k ʊ k a s t
lyckt	l ʏ k t
lyckta	²l 'ʏ k t a
lyckträff	²l 'ʏ k t r ɛ f
lyckönskan	²l 'ʏ k œ n s k a n
lyckönskning	²l 'ʏ k œ n s k n ɪ ŋ
lyda	l 'yː d ɛ r
lydde	²l 'ʏ d ɛ
lydelse	²l 'yː d ɛ l s ɛ
lydig	²l 'yː d ɪ ɡ
lydnad	²l 'yː d n a d
lyft	l ʏ f t
lyfta	l 'ʏ f t ɛ r
lyftkran	²l 'ʏ f t k r ɑː n
lyhörd	²l 'yː h œ d
lykta	²l 'ʏ k t a
lyktstolpe	²l 'ʏ k t s t ɔ l p ɛ
lymfa	²l 'ʏ m f a
lymfocyt	l ʏ m f ʊ s 'yː t
lymmel	²l 'ʏ m ɛ l
lyncha	²l 'ʏ n ɧ a
lynchar	²l 'ʏ n ɧ a r
lynne	²l 'ʏ n ɛ
lynnig	²l 'ʏ n ɪ ɡ
lyra	²l 'yː r a
lyrik	l ʏ r 'iː k
lyrisk	l 'yː r ɪ s k
lysa	l 'yː s ɛ r
lysande	²l 'yː s a n d ɛ
lyse	²s l 'yː s ɛ
lysning	²l 'yː s n ɪ ŋ
lysrör	²l 'yː s r øː r
lyssna	²l 'ʏ s n a
lyssnar	²l 'ʏ s n a r
lyssnare	²l 'ʏ s n a r ɛ
lysten	²l 'ʏ s t ɛ n
lyster	l 'ʏ s t ɛ r
lystra	²l 'ʏ s t r a
lystrar	²l 'ʏ s t r a r
lystring	²l 'ʏ s t r ɪ ŋ
lyte	²l 'yː t ɛ
lytt	l ʏ t
lyx	l ʏ k s
lyxhotell	l ʏ k s h ʊ t ɛ l
lä	l ɛː
läbbig	l 'ɛ b ɪ ɡ
läck	l ɛ k
läcka	²l 'ɛ k a
läcker	l 'ɛ k ɛ r
läder	l 'ɛː d ɛ r
läge	²l 'ɛː ɡ ɛ
lägenhet	²l 'ɛː ɡ ɛ n h eː t
lägenhetsdörr	l ɛː ɡ 'eː n h 'eː t s d œ r
läger	l 'ɛː ɡ ɛ r
lägerskola	²l 'ɛː ɡ ɛ ɕ k uː l a
lägga	l 'ɛ ɡ ɛ r
läggning	²l 'ɛ ɡ n ɪ ŋ
läglig	²l 'ɛː ɡ l ɪ ɡ
lägre	l 'ɛː ɡ r ɛ
lägst	l ɛː ɡ s t
läka	l 'ɛː k ɛ r
läkare	²l 'ɛː k a r ɛ
läkarintyg	²l 'ɛː k a r ɪ n t yː ɡ
läkarmottagning	l ɛː k a r m ɔ t a k n ɪ ŋ
läkarvård	²l 'ɛː k a r v oː d
läkarvårdstaxa	²l 'ɛː k a r v oː d ɕ t a k s a
läkemedel	²l 'ɛː k ɛ m eː d ɛ l
läkemedelsförsäkring	²l 'ɛː k ɛ m eː d ɛ l s f œ ɕ ɛː k r ɪ ŋ
läkemedelskort	²l 'ɛː k ɛ m eː d ɛ l s k ʊ t
läkemedelsrabatt	²l 'ɛː k ɛ m eː d ɛ l s r a b a t
läktare	²l 'ɛ k t a r ɛ
lämna	²l 'ɛ m n a
lämnar	²l 'ɛ m n a r
lämning	l 'ɛ m n ɪ ŋ
lämpad	²l 'ɛ m p a d
lämplig	²l 'ɛ m p l ɪ ɡ
län	l ɛː n
länder	l 'ɛ n d ɛ r
länga	²l 'ɛ ŋ a
längd	l ɛ ŋ d
längdhopp	²l 'ɛ ŋ d h ɔ p
länge	²l 'ɛ ŋ ɛ
längesedan	²l 'ɛ ŋ ɛ s eː d a n
längre	l 'ɛ ŋ r ɛ
längs	l ɛ ŋ s
längst	l ɛ ŋ s t
längta	²l 'ɛ ŋ t a
längtan	²l 'ɛ ŋ t a n
längtar	²l 'ɛ ŋ t a r
länk	l ɛ ŋ k
länkarna	²l 'ɛ ŋ k a n a
länsa	²l 'ɛ n s a
länsar	²l 'ɛ n s a r
länsarbetsnämnd	²l 'ɛː n s a r b eː t s n ɛ m d
länsrätt	²l 'ɛː n s r ɛ t
länsstyrelse	²l 'ɛː n s t yː r ɛ l s ɛ
länstol	²l 'ɛː n s t uː l
läpp	l ɛ p
läppja	²l 'ɛ p j a
läppjar	²l 'ɛ p j a r
lär	l ɛː r
lära	²l 'ɛː r a
lärare	²l 'ɛː r a r ɛ
lärarinna	²l ɛː r a r 'ɪ n a
lärd	l ɛː d
lärdom	²l 'ɛː d ʊ m
lärjunge	²l 'ɛː r j ɵ ŋ ɛ
lärka	²l 'ɛ r k a
lärling	²l 'ɛː l ɪ ŋ
lärobok	²l 'ɛː r ʊ b uː k
läromedel	²l 'ɛː r ʊ m eː d ɛ l
läroplan	²l 'ɛː r ʊ p l ɑː n
lärorik	²l 'ɛː r ʊ r iː k
läs	l ɛː s
läsa	l 'ɛː s ɛ r
läsebok	²l 'ɛː s ɛ b uː k
läsekrets	²l 'ɛː s ɛ k r ɛ t s
läser	l ɛ s ɛ r
läsesal	²s l ɛː s ɛ s 'ɑː l
läsk	l ɛ s k
läska	²l 'ɛ s k a
läskar	²l 'ɛ s k a r
läskeblask	l ɛ s k ɛ b l a s k
läskedryck	²l 'ɛ s k ɛ d r ʏ k
läskig	²l 'ɛ s k ɪ ɡ
läskpapper	²l 'ɛ s k p a p ɛ r
läslig	²l 'ɛː s l ɪ ɡ
läsning	²l 'ɛː s n ɪ ŋ
läspa	²l 'ɛ s p a
läspar	²l 'ɛ s p a r
läsuttal	²s l ɛː s ɵ t t 'ɑː l
läsår	²l 'ɛː s oː r
lät	l ɛː t
läte	²l 'ɛː t ɛ
lätt	l ɛ t
lätt-	²l 'ɛ t
lätta	²l 'ɛ t a
lättad	²l 'ɛ t a d
lättar	²l 'ɛ t a r
lätthet	²l 'ɛ t h eː t
lättillgänglig	²l 'ɛ t t ɪ l j ɛ ŋ l ɪ ɡ
lätting	²s l ɛ t ɪ ŋ
lättja	²l 'ɛ t j a
lättköpt	²l 'ɛ t ɕ øː p t
lättna	²l 'ɛ t n a
lättnad	²l 'ɛ t n a d
lättnar	²l 'ɛ t n a r
lättsinnig	²l 'ɛ t s ɪ n ɪ ɡ
lättskött	²l 'ɛ t ɧ œ t
lättvindig	²l 'ɛ t v ɪ n d ɪ ɡ
lättöl	²l 'ɛ t øː l
läxa	²l 'ɛ k s a
låda	²l 'oː d a
låg	l oː ɡ
låga	²l 'oː ɡ a
låglöneyrke	²l 'oː ɡ l øː n ɛ ʏ r k ɛ
lågmäld	²l 'oː ɡ m ɛː l d
lågpris	²l 'oː ɡ p r iː s
lågsko	²l 'oː ɡ s k uː
lågstadium	²l 'oː ɡ s t ɑː d ɪ ɵ m
lågtryck	²l 'oː ɡ t r ʏ k
lågvattenmärke	²l 'oː ɡ v a t ɛ n m a r k ɛ
lån	l oː n
låna	²l 'oː n a
lånar	²l 'oː n a r
lånekort	²l 'oː n ɛ k ʊ t
låneköp	²l 'oː n ɛ ɕ øː p
lång	l ɔ ŋ
långdragen	²l 'ɔ ŋ d r ɑː ɡ ɛ n
långfinger	²l ɔ ŋ f ɪ ŋ ɛ r
långfranska	²l 'ɔ ŋ f r a n s k a
långfredag	²l 'ɔ ŋ f r eː d ɑː ɡ
långfristig	²l 'ɔ ŋ f r ɪ s t ɪ ɡ
långgrund	²l 'ɔ ŋ ɡ r ɵ n d
långkörare	²l 'ɔ ŋ ɕ øː r a r ɛ
långrandig	²l 'ɔ ŋ r a n d ɪ ɡ
långsam	²l 'ɔ ŋ s a m
långsida	²l 'ɔ ŋ s iː d a
långsiktig	²l 'ɔ ŋ s ɪ k t ɪ ɡ
långsint	²l 'ɔ ŋ s ɪ n t
långsmal	l ɔ ŋ s m 'ɑː l
långsträckt	²l 'ɔ ŋ s t r ɛ k t
långsynt	²l 'ɔ ŋ s yː n t
långsökt	²l 'ɔ ŋ s øː k t
långt	l ɔ ŋ t
långtgående	²l 'ɔ ŋ t ɡ oː ɛ n d ɛ
långtidsvård	²l 'ɔ ŋ t iː d s v oː d
långtifrån	²l 'ɔ ŋ t ɪ f r 'oː n
långtradare	²l 'ɔ ŋ t r ɑː d a r ɛ
långtråkig	²l 'ɔ ŋ t r oː k ɪ ɡ
långtåsnäppa	l ɔ ŋ t oː s n ɛ p a
långvarig	²l 'ɔ ŋ v ɑː r ɪ ɡ
långväga	²l 'ɔ ŋ v ɛː ɡ a
långvård	²l 'ɔ ŋ v oː d
låntagare	²l 'oː n t ɑː ɡ a r ɛ
lår	l oː r
lårben	²l 'oː r b eː n
lås	l oː s
låsa	l 'oː s ɛ r
låt	l oː t
låta	l 'oː t ɛ r
låtsas	²l 'ɔ t s a s
löd	l øː d
löda	l 'øː d ɛ r
lödder	l 'œ d ɛ r
löddra	²l 'œ d r a
löddrar	²l 'œ d r a r
löfte	²l 'œ f t ɛ
lögn	l œ ŋ n
lögnhals	l 'œ ŋ n h a l s
löje	l 'œ j ɛ
löjeväckande	²l 'øː j ɛ v ɛ k a n d ɛ
löjlig	²l 'œ j l ɪ ɡ
löjtnant	²l 'œ j t n a n t
lök	l øː k
lömsk	l œ m s k
lön	l øː n
lönande	²l 'øː n a n d ɛ
löneanspråk	²l 'øː n ɛ a n s p r oː k
löneavdrag	²l 'øː n ɛ ɑː v d r ɑː ɡ
lönebidrag	²l 'øː n ɛ b iː d r ɑː ɡ
löneglidning	²l 'øː n ɛ ɡ l iː d n ɪ ŋ
lönelyft	²l 'øː n ɛ l ʏ f t
löneslav	l øː n ɛ s l 'ɑː v
löning	²l 'øː n ɪ ŋ
lönlös	²l 'øː n l øː s
lönn	l œ n
lönn-	²l œ n
lönndom	²s l œ n d ʊ m
lönnmord	²l 'œ n m uː d
lönsam	²l 'øː n s a m
lönsamhet	²l 'øː n s a m h eː t
lönt	l øː n t
löntagare	²l 'øː n t ɑː ɡ a r ɛ
löpa	l 'øː p ɛ r
löpare	²l 'øː p a r ɛ
löpeld	²l 'øː p ɛ l d
löpning	²l 'øː p n ɪ ŋ
löpsedel	²l 'øː p s eː d ɛ l
lördag	l 'øː d ɑː ɡ
lös	l øː s
lösa	l 'øː s ɛ r
lösdrivare	²l 'øː s d r iː v a r ɛ
lösegendom	²l 'øː s eː ɡ ɛ n d ʊ m
lösen	l 'øː s ɛ n
lösenord	²l 'øː s ɛ n uː d
lösning	²l 'øː s n ɪ ŋ
lösningsmedel	²l 'øː s n ɪ ŋ s m eː d ɛ l
lösnummer	²l 'øː s n ɵ m ɛ r
löss	l œ s
lösöre	²l 'øː s øː r ɛ
löv	l øː v
lövbiff	²l 'øː v b ɪ f
lövverk	l øː v v ɛ r k
mack	m a k
macka	²m 'a k a
madagaskar	m a d a ɡ a s k a r
madonna	m a d 'ɔ n a
madrass	m a d r 'a s
maffia	m 'a f ɪ a
maffig	m 'a f ɪ ɡ
mag	m a j 'ɪ s t ɛ r
magasin	m a ɡ a s 'iː n
mage	²m 'ɑː ɡ ɛ
mager	m 'ɑː ɡ ɛ r
magi	m a ɡ 'iː
magisk	m 'ɑː ɡ ɪ s k
magister	m a j 'ɪ s t ɛ r
magkatarr	²m 'ɑː ɡ k a t a r
magnecyl	m a ŋ n ɛ s 'yː l
magnesium	m a ŋ n 'eː s ɪ ɵ m
magnet	m a ŋ n 'eː t
magnetisera	m a ŋ n ɛ t ɪ s 'eː r a
magnetiserar	m a ŋ n ɛ t ɪ s 'eː r a r
magnetisk	m a ŋ n 'eː t ɪ s k
magnifik	m a ŋ n ɪ f 'iː k
magnolia	m a ŋ n 'uː l ɪ a
magnoliaskogssångare	m a ɡ n 'uː l ɪ j a s ɡ ʊ ɡ s ɔ ŋ a r ɛ
magnus	t m a ŋ n ɵ s
magra	²m 'ɑː ɡ r a
magrar	²m 'ɑː ɡ r a r
magstark	²m 'ɑː ɡ s t a r k
magsäck	²m 'ɑː ɡ s ɛ k
magsår	²m 'ɑː ɡ s oː r
mahogny	m a h 'ɔ ŋ n ɪ
maj	m a j
maj:t	m a j t
majblomma	²m 'a j b l ʊ m a
majestät	m a j ɛ s t 'ɛː t
majonnäs	m a j ʊ n 'ɛː s
major	m a j 'uː r
majoritet	m a j ʊ r ɪ t 'eː t
majs	m a j s
majstång	²m 'a j s t ɔ ŋ
majvor	m a j v ʊ r
maka	²m 'ɑː k a
makaber	m a k 'ɑː b ɛ r
makadam	m a k a d 'a m
makalös	²m 'ɑː k a l øː s
makar	²m 'ɑː k a r
makaroner	m a k a r 'uː n ɛ r
make	²m 'ɑː k ɛ
make-up	m ɛ j k 'a p
maklig	²m 'ɑː k l ɪ ɡ
makrill	²m 'a k r ɪ l
makt	m a k t
maktfaktor	²m 'a k t f a k t ʊ r
maktfullkomlig	²m 'a k t f ɵ l k ɔ m l ɪ ɡ
maktlysten	²m 'a k t l ʏ s t ɛ n
maktlös	²m 'a k t l øː s
maktspråk	²m 'a k t s p r oː k
makulera	m a k ɵ l 'eː r a
makulerar	m a k ɵ l 'eː r a r
mal	m ɑː l
mala	m ɑː l
malaj	m a l 'a j
malaria	m a t l 'ɑː r ɪ a
malawi	m a l 'ɑː v ɪ
malens	m 'ɑː l ɛ n s
mali	m 'ɑː l ɪ
malign	m a l 'ɪ ŋ n
malin	m a l 'iː n
mall	m a l
mallig	²m 'a l ɪ ɡ
mallis	t m a l ɪ s
malm	m a l m
malmö	²s m a l m øː
malmöit	m a l m 'œ 'iː t
malplacerad	m a l p l a s 'eː r a d
malpåse	m 'ɑː l p oː s ɛ
malt	m a l t
malta	²s m a l t a
malte	²s m a l t ɛ
malör	m a l 'øː r
malört	m 'ɑː l œ t
mambo	m a m b ʊ
mamma	²m 'a m a
mammografi	m a m ʊ ɡ r a f 'iː
man	m ɑː n
mana	²m 'ɑː n a
manar	²m 'ɑː n a r
manbyggnad	²m 'a n b ʏ ɡ n a d
manchester	m a n ɕ 'ɛ s t ɛ r
mandarin	m a n d a r 'iː n
mandat	m a n d 'ɑː t
mandel	²m 'a n d ɛ l
mandolin	m a n d ʊ l 'iː n
mandrom	²s m a n d r ɔ m
manen	m 'ɑː n ɛ n
maner	m a n 'eː r
manet	m a n 'eː t
manfall	²m 'a n f a l
manga	m a ŋ ɡ a
mangan	m a ŋ ɡ 'ɑː n
mangel	m 'a ŋ ɛ l
mangla	²m 'a ŋ l a
manglar	²m 'a ŋ l a r
mango	t m a ŋ ɡ ʊ
mangrant	²m 'a n ɡ r a n t
mangrove	m a ŋ ɡ r oː v ɛ
manhaftig	²m 'a n h a f t ɪ ɡ
mani	m a n 'iː
manick	m a n 'ɪ k
manifest	m a n ɪ f 'ɛ s t
manifestation	m a n ɪ f ɛ s t a ɧ 'uː n
maning	²m 'ɑː n ɪ ŋ
manipulera	m a n ɪ p ɵ l 'eː r a
manipulerar	m a n ɪ p ɵ l 'eː r a r
mankemang	m a ŋ k ɛ m 'a ŋ
mankera	m a ŋ k 'eː r a
mankerar	m a ŋ k 'eː r a r
manlig	²m 'a n l ɪ ɡ
manna	²m 'a n a
mannagryn	²m 'a n a ɡ r yː n
mannekäng	m a n ɛ k 'ɛ ŋ
mannen	m a n ɛ n
manschett	m a n ɧ 'ɛ t
mansgris	²m 'a n s ɡ r iː s
manskap	²m 'a n s k ɑː p
manstark	²m 'a n s t a r k
mantalsskriva	²m 'a n t ɑː l s k r iː v ɛ r
mantalsskrivning	²m 'a n t ɑː l s k r iː v n ɪ ŋ
mantel	m 'a n t ɛ l
manual	m a n ɵ 'ɑː l
manuell	m a n ɵ 'ɛ l
manus	m 'ɑː n ɵ s
manuskript	m a n ɵ s k r 'ɪ p t
manöver	m a n 'øː v ɛ r
manövrera	m a n œ v r 'eː r a
manövrerar	m a n œ v r 'eː r a r
mapp	m a p
mara	²s m 'ɑː r a
maracas	m a r a k a s
maraton	m 'ɑː r a t ɔ n
mardröm	²m 'ɑː d r œ m
margareta	m a r ɡ a ²s r 'eː t a
margarin	m a r ɡ a r 'iː n
marginal	m a r ɡ ɪ n 'ɑː l
marginalskatt	²m a r ɡ ɪ n 'ɑː l s k a t
marginell	m a r ɡ ɪ n 'ɛ l
maria	m a ²s r 'iː a
marig	²m 'ɑː r ɪ ɡ
marijuana	²m a r ɪ j ɵ 'ɑː n a
marika	m a ²s r 'iː k a
marin	m a r 'iː n
marina	m a r 'iː n a
marinad	m a r ɪ n 'ɑː d
marionett	m a r ɪ ʊ n 'ɛ t
mark	m a r k
markant	m a r k 'a n t
markera	m a r k 'eː r a
markerar	m a r k 'eː r a r
markis	m a r k 'iː s
marknad	²m 'a r k n a d
marknaden	m a r k n a d ɛ n
marknadsdomstolen	²m 'a r k n a d s d ʊ m s t uː l ɛ n
marknadsekonomi	²m 'a r k n a d s ɛ k ʊ n ɔ m iː
marknadsföra	²m 'a r k n a d s f øː r
marknadsföringslagen	²m 'a r k n a d s f øː r ɪ ŋ s l ɑː ɡ ɛ n
marknadsmässig	²m 'a r k n a d s m ɛ s ɪ ɡ
marknadspris	²m 'a r k n a d s p r iː s
marktjänst	²m 'a r k ɕ ɛ n s t
marmelad	m a r m ɛ l 'ɑː d
marmor	²m 'a r m ʊ r
marockan	m a r ʊ k 'ɑː n
marockansk	m a r ʊ k 'ɑː n s k
marocko	m a r ɔ k ʊ
mars	m a ɕ
marsch	m a r ɧ
marschall	m a r ɧ 'a l
marschera	m a r ɧ 'eː r a
marscherar	m a r ɧ 'eː r a r
marshmallow	m a ɕ m ɛ l ʊ w
marsipan	m a ɕ ɪ p 'ɑː n
marskalk	m 'a r ɧ a l k
marsvin	²m 'ɑː ɕ v iː n
martyr	m a t 'yː r
marxism	m a r k s 'ɪ s m
marxist	m a r k s 'ɪ s t
marxistisk	m a r k s 'ɪ s t ɪ s k
maräng	m a r 'ɛ ŋ
masa	²s m 'ɑː s a
mascara	m a s k 'ɑː r a
mask	m a s k
maska	²m 'a s k a
maskar	²m 'a s k a r
maskera	m a s k 'eː r a
maskerad	m a s k ɛ r 'ɑː d
maskerar	m a s k 'eː r a r
maskin	m a ɧ 'iː n
maskinell	m a ɧ ɪ n 'ɛ l
maskineri	m a ɧ ɪ n ɛ r 'iː
maskininlärning	²s m a ɧ 'iː n ɪ n l 'ɛː n ɪ ŋ
maskinist	m a ɧ ɪ n 'ɪ s t
maskinpark	²m a ɧ 'iː n p a r k
maskinskrivning	²m a ɧ 'iː n s k r iː v n ɪ ŋ
maskning	²m 'a s k n ɪ ŋ
maskopi	m a s k ʊ p 'iː
maskot	m 'a s k ɔ t
maskros	²m 'a s k r uː s
masktörnskata	m a s k t øː r n s k 'ɑː t a
maskulin	m 'a s k ɵ l iː n
maskulinum	m 'a s k ɵ l iː n ɵ m
masochist	m a s ɔ k 'ɪ s t
mass-	²m 'a s
massa	²m 'a s a
massage	m a s 'ɑː ɧ
massaker	m a s 'ɑː k ɛ r
massakrera	m a s a k r 'eː r a
massakrerar	m a s a k r 'eː r a r
massera	m a s 'eː r a
masserar	m a s 'eː r a r
massiv	m a s 'iː v
massmedium	²m 'a s m eː d ɪ ɵ m
mast	m a s t
mastig	²m 'a s t ɪ ɡ
mastodont-	m a s t ʊ d 'ɔ n t
masturbera	m a s t ɵ r b 'eː r a
masturberar	m a s t ɵ r b 'eː r a r
mat	m ɑː t
mata	²m 'ɑː t a
mataffär	²s m 'ɑː t a f ɛː r
matar	²m 'ɑː t a r
matarbuss	²m 'ɑː t a r b ɵ s
matberedare	²m 'ɑː t b ɛ r eː d a r ɛ
match	m a t ɕ
matcha	²m 'a t ɕ a
matchar	²m 'a t ɕ a r
matchfixning	²s m a ɕ f ɪ k s n ɪ ŋ
matematik	m a t ɛ m a t 'iː k
matematisk	m a t ɛ m 'ɑː t ɪ s k
materia	m a t 'eː r ɪ a
material	m a t ɛ r ɪ 'ɑː l
materialism	m a t ɛ r ɪ a l 'ɪ s m
materialist	m a t ɛ r ɪ a l 'ɪ s t
materiel	m a t ɛ r ɪ 'eː l
materiell	m a t ɛ r ɪ 'ɛ l
matiné	m a t ɪ n 'eː
matjessill	²m 'a t j ɛ s ɪ l
matlagning	²m 'ɑː t l ɑː ɡ n ɪ ŋ
matnyttig	²m 'ɑː t n ʏ t ɪ ɡ
matros	m a t r 'uː s
maträtt	²m 'ɑː t r ɛ t
matsal	²m 'ɑː t s ɑː l
matsedel	²m 'ɑː t s eː d ɛ l
matsilver	²m 'ɑː t s ɪ l v ɛ r
matsked	²m 'ɑː t ɧ eː d
matsmältning	²m 'ɑː t s m ɛ l t n ɪ ŋ
matsäck	²m 'ɑː t s ɛ k
matt	m a t
matta	²m 'a t a
mattant	²s m 'ɑː t t a n t
mattas	²m 'a t a s
matte	²m 'a t ɛ
mattias	m a t 'iː a s
matvana	²m 'ɑː t v ɑː n a
matvrak	²m 'ɑː t v r ɑː k
matvägrare	²m 'ɑː t v ɛː ɡ r a r ɛ
mauretanien	m a ʊ r ɛ t 'ɑː n ɪ ɛ n
max	m a k s
maximal	m a k s ɪ m 'ɑː l
maximum	m 'a k s ɪ m ɵ m
mazarin	m a s a r 'iː n
mbl	ɛ m b eː 'ɛ l
meckig	m ɛ k ɪ
med	m eː d
medalj	m ɛ d 'a l j
medaljong	m ɛ d a l j 'ɔ ŋ
medan	²m 'eː d a n
medansvar	²m 'eː d a n s v ɑː r
medarbetare	²m 'eː d a r b eː t a r ɛ
medbestämmandelagen	²m 'eː d b ɛ s t ɛ m a n d ɛ l ɑː ɡ ɛ n
medborgare	²m 'eː d b ɔ r j a r ɛ
medborgarskap	²m 'eː d b ɔ r j a ɕ k ɑː p
medborgerlig	²m 'eː d b ɔ r j ɛ l ɪ ɡ
meddela	²m 'eː d eː l a
meddelande	²m 'eː d eː l a n d ɛ
meddelar	²m 'eː d eː l a r
medel	m 'eː d ɛ l
medel-	²m 'eː d ɛ l
medelhavstrut	m 'eː d ɛ l h a v s t r ʉː t
medelklass	²m 'eː d ɛ l k l a s
medelmåtta	²m 'eː d ɛ l m ɔ t a
medelmåttig	²m 'eː d ɛ l m ɔ t ɪ ɡ
medelpad	m 'eː d ɛ l p ɑː d
medelpunkt	²m 'eː d ɛ l p ɵ ŋ k t
medelst	m 'eː d ɛ l s t
medeltal	²m 'eː d ɛ l t ɑː l
medeltid	²m 'eː d ɛ l t iː d
medelväg	²m 'eː d ɛ l v ɛː ɡ
medelålder	²m 'eː d ɛ l ɔ l d ɛ r
medelålders	²m 'eː d ɛ l ɔ l d ɛ ɕ
medfaren	²m 'eː d f ɑː r ɛ n
medfödd	²m 'eː d f œ d
medfölja	²m 'eː d f œ l j ɛ r
medföra	²m 'eː d f øː r
medge	²m 'eː d j eː r
medgivande	²m 'eː d j iː v a n d ɛ
medgång	²m 'eː d ɡ ɔ ŋ
medgörlig	²m 'eː d j øː l ɪ ɡ
medhjälpare	²m 'eː d j ɛ l p a r ɛ
medhåll	²m 'eː d h ɔ l
medhårs	²m 'eː d h oː ɕ
medicin	m ɛ d ɪ s 'iː n
medicinare	²m ɛ d ɪ s 'iː n a r ɛ
medicinera	m ɛ d ɪ s ɪ n 'eː r a
medicinerar	m ɛ d ɪ s ɪ n 'eː r a r
medicinsk	m ɛ d ɪ s 'iː n s k
medinflytande	²m 'eː d ɪ n f l yː t a n d ɛ
medioker	m ɛ d ɪ 'oː k ɛ r
medisterkorv	²m ɛ d 'ɪ s t ɛ r k ɔ r v
meditation	m ɛ d ɪ t a ɧ 'uː n
meditera	m ɛ d ɪ t 'eː r a
mediterar	m ɛ d ɪ t 'eː r a r
medium	m 'eː d ɪ ɵ m
medkänsla	²m 'eː d ɕ ɛ n s l a
medla	²m 'eː d l a
medlar	²m 'eː d l a r
medlem	²m 'eː d l ɛ m
medlidande	²m 'eː d l iː d a n d ɛ
medlidsam	²m 'eː d l iː d s a m
medljud	²m 'eː d j ʉː d
medlöpare	²m 'eː d l øː p a r ɛ
medmänniska	²m 'eː d m ɛ n ɪ ɧ a
medmänsklig	²m 'eː d m ɛ n s k l ɪ ɡ
medryckande	²m 'eː d r ʏ k a n d ɛ
medsols	²m 'eː d s uː l s
medtagen	²m 'eː d t ɑː ɡ ɛ n
medtävlare	²m 'eː d t ɛː v l a r ɛ
medverka	²m 'eː d v a r k a
medverkan	²m 'eː d v a r k a n
medverkar	²m 'eː d v a r k a r
medvetande	²m 'eː d v eː t a n d ɛ
medveten	²m 'eː d v eː t ɛ n
medvetet	²m 'eː d v eː t ɛ t
medvetslös	²m 'eː d v eː t s l øː s
medvind	²m 'eː d v ɪ n d
medvurst	²m 'eː d v ɵ ɕ t
medömkan	²m 'eː d œ m k a n
megabyte	m eː ɡ a b 'a j t
megafon	m ɛ ɡ a f 'uː n
megawatt	m 'eː ɡ a v a t
mej	m ɛ j
meja	²m 'eː j a
mejar	²m 'eː j a r
mejeri	m ɛ j ɛ r 'iː
mejram	²s m ɛ j r a m
mejsel	²m 'ɛ j s ɛ l
mejsla	²m 'ɛ j s l a
mejslar	²m 'ɛ j s l a r
meka	²m 'eː k a
mekaniker	m ɛ k 'ɑː n ɪ k ɛ r
mekanisk	m ɛ k 'ɑː n ɪ s k
mekanism	m ɛ k a n 'ɪ s m
mekar	²m 'eː k a r
melankoli	m ɛ l a n k ʊ l 'iː
melerad	m ɛ l 'eː r a d
mellan	²m 'ɛ l a n
mellangärde	²m 'ɛ l a n j ɛː d ɛ
mellanhand	²m 'ɛ l a n h a n d
mellanhavande	²m 'ɛ l a n h ɑː v a n d ɛ
mellanlanda	²m 'ɛ l a n l a n d a
mellanlandar	²m 'ɛ l a n l a n d a r
mellanmål	²m 'ɛ l a n m oː l
mellanrum	²m 'ɛ l a n r ɵ m
mellanskillnad	²m 'ɛ l a n ɧ ɪ l n a d
mellanslag	²m 'ɛ l a n s l ɑː ɡ
mellanspel	²m 'ɛ l a n s p eː l
mellanstadium	²m 'ɛ l a n s t ɑː d ɪ ɵ m
mellanting	²m 'ɛ l a n t ɪ ŋ
mellersta	m 'ɛ l ɛ ɕ t a
melodi	m ɛ l ʊ d 'iː
melodramatisk	m ɛ l ʊ d r a m 'ɑː t ɪ s k
melon	m ɛ l 'uː n
mem	m 'eː m
memoarer	m ɛ m ʊ 'ɑː r ɛ r
men	m eː n
mena	²m 'eː n a
menande	²m 'eː n a n d ɛ
menar	²m 'eː n a r
mened	²m 'eː n eː d
menig	²m 'eː n ɪ ɡ
mening	²m 'eː n ɪ ŋ
meningit	m ɛ n ɪ ŋ ɡ 'iː t
meningsfrände	m ɛ n ɪ ŋ ɡ s f r a n d ɛ
meningsfull	²m 'eː n ɪ ŋ s f ɵ l
meningslös	²m 'eː n ɪ ŋ s l øː s
meningslösa	m 'eː n ɪ ŋ s l øː s a
meningsskiljaktighet	²m 'eː n ɪ ŋ s ɧ ɪ l j a k t ɪ ɡ h eː t
menisk	m ɛ n 'ɪ s k
menlig	²m 'eː n l ɪ ɡ
menlös	²m 'eː n l øː s
mens	m ɛ n s
menstruation	m ɛ n s t r ɵ a ɧ 'uː n
mental	m ɛ n t 'ɑː l
mentalesiska	m ɛ n t a l 'eː s ɪ s k a
mentalitet	m ɛ n t a l ɪ t 'eː t
mentalsjuk	²m ɛ n t 'ɑː l ɧ ʉː k
mentalvård	²m ɛ n t 'ɑː l v oː d
meny	m ɛ n 'yː
menyn	m ɛ n 'yː n
mer	m eː r
mera	m 'eː r a
meridian	m ɛ r ɪ d ɪ 'ɑː n
merit	m ɛ r 'iː t
meritera	m ɛ r ɪ t 'eː r a
meriterar	m ɛ r ɪ t 'eː r a r
meritförteckning	²m ɛ r 'iː t f œ t ɛ k n ɪ ŋ
merkurius	m ɛ r k ʉː r ɪ ɵ s
merpart	²m 'eː r p ɑː t
mersmak	²m 'eː ɕ m ɑː k
mervärdeskatt	²m 'eː r v ɛː d ɛ s k a t
mes	m eː s
mesost	²m 'eː s ʊ s t
messmör	²s m 'eː s s m øː r
mest	m ɛ s t
mesta	²m 'ɛ s t a
mestadels	²m 'ɛ s t a d eː l s
meta	²m 'eː t a
metafor	m ɛ t a f 'uː r
metafysisk	m ɛ t a f 'yː s ɪ s k
metall	m ɛ t 'a l
metallarbetare	²m ɛ t 'a l a r b eː t a r ɛ
metan	m ɛ t 'ɑː n
metar	²m 'eː t a r
meteorolog	m ɛ t ɛ ʊ r ʊ l 'oː ɡ
meteorologi	m ɛ t ɛ ʊ r ʊ l ʊ ɡ 'iː
meter	m 'eː t ɛ r
metod	m ɛ t 'uː d
metodisk	m ɛ t 'uː d ɪ s k
metodist	m ɛ t ʊ d 'ɪ s t
metonym	m ɛ t ɔ n 'yː m
metro	m 'eː t r ʊ
metropol	m ɛ t r ʊ p 'uː l
mexikan	m ɛ k s ɪ k 'ɑː n
mexiko	m ɛ k s ɪ k ʊ
meänkieli	m 'eː ɛ n k ɪ ɛ l ɪ
mg	m ɪ l ɪ ɡ r 'a m
middag	m 'ɪ d ɑː ɡ
midja	²m 'iː d j a
midnatt	²m 'iː d n a t
midsommar	²m 'iː d s ɔ m a r
mig	m ɛ j
migrän	m ɪ ɡ r 'ɛː n
mikael	m 'iː k a ɛ l
miklagård	m 'iː k l a ɡ oː r d
mikro-	²m 'ɪ k r ʊ
mikrob	m ɪ k r oː b
mikrofon	m ɪ k r ʊ f 'oː n
mikroskop	m ɪ k r ʊ s k 'oː p
mikrovågsugn	²m 'ɪ k r ʊ v oː ɡ s ɵ ŋ n
mil	m iː l
mild	m ɪ l d
mildra	²m 'ɪ l d r a
mildrar	²m 'ɪ l d r a r
militant	m ɪ l ɪ t 'a n t
militarist	m ɪ l ɪ t 'ɛː r ɪ s t
militär	m ɪ l ɪ t 'ɛː r
militärtjänst	²m ɪ l ɪ t 'ɛː r ɕ ɛ n s t
militärtjänstgöring	²m ɪ l ɪ t 'ɛː r ɕ ɛ n s t j øː r ɪ ŋ
miljard	m ɪ l j 'ɑː d
miljon	m ɪ l j 'uː n
miljö	m ɪ l j 'øː
milkshake	²m 'ɪ l k ɧ ɛ j k
millennium	²m ɪ l l 'ɛ n ɪ ɵ m
milli-	m ɪ l ɪ
milliliter	m ɪ l ɪ l 'iː t ɛ r
millimeter	m ɪ l ɪ m 'eː t ɛ r
millimeterrättvisa	²m ɪ l ɪ m 'eː t ɛ r ɛ t v iː s a
milstolpe	²m 'iː l s t ɔ l p ɛ
mimik	m ɪ m 'iː k
min	m iː n
mina	²m 'iː n a
mindervärdeskomplex	²m 'ɪ n d ɛ r v ɛː d ɛ s k ɔ m p l ɛ k s
minderårig	²m 'ɪ n d ɛ r oː r ɪ ɡ
mindre	m 'ɪ n d r ɛ
mineral	m ɪ n ɛ r 'ɑː l
mineralvatten	²m ɪ n ɛ r 'ɑː l v a t ɛ n
mingel	m ɪ ŋ ɛ l
mini-	²m 'iː n ɪ
miniatyr	m ɪ n ɪ a t 'yː r
minikjol	m 'iː n ɪ ɕ 'uː l
minimal	m ɪ n ɪ m 'ɑː l
minimum	m 'iː n ɪ m ɵ m
miniräknare	²m 'iː n ɪ r ɛː k n a r ɛ
minister	m ɪ n 'ɪ s t ɛ r
ministerstyre	m ɪ n ɪ s t ɛ r s t 'yː r ɛ
ministär	m ɪ n ɪ s t 'ɛː r
mink	m ɪ ŋ k
minnas	m ɪ n s
minne	²m 'ɪ n ɛ
minnesbeta	²m 'ɪ n ɛ s b eː t a
minnesgod	²s m ɪ n ɛ s ɡ 'uː d
minnesmärke	²m 'ɪ n ɛ s m a r k ɛ
minoritet	m ɪ n ʊ r ɪ t 'eː t
minsann	m ɪ n s 'a n
minska	²m 'ɪ n s k a
minskar	²m 'ɪ n s k a r
minskning	²m 'ɪ n s k n ɪ ŋ
minspel	²m 'iː n s p eː l
minst	m ɪ n s t
minus	m 'iː n ɵ s
minut	m ɪ n 'ʉː t
minutiös	m ɪ n ɵ t s ɪ 'øː s
miombomes	m ɪ j ɔ m b ɔ m 'eː s
mirakel	m ɪ r 'ɑː k ɛ l
mischmasch	²m ɪ ɧ m a ɧ
miss	m ɪ s
miss-	²m 'ɪ s
missa	²m 'ɪ s a
missanpassad	²m 'ɪ s a n p a s a d
missar	²m 'ɪ s a r
missbelåten	²m 'ɪ s b ɛ l oː t ɛ n
missbildad	²m 'ɪ s b ɪ l d a d
missbruk	²m 'ɪ s b r ʉː k
missbruka	²m 'ɪ s b r ʉː k a
missbrukar	²m 'ɪ s b r ʉː k a r
missbrukare	²m 'ɪ s b r ʉː k a r ɛ
missfall	²m 'ɪ s f a l
missfoster	²m 'ɪ s f ʊ s t ɛ r
missförhållande	²m 'ɪ s f œ r h ɔ l a n d ɛ
missförstå	²m 'ɪ s f œ ɕ t oː r
missförstånd	²m 'ɪ s f œ ɕ t ɔ n d
missgrepp	²m 'ɪ s ɡ r ɛ p
missgynna	²m 'ɪ s j ʏ n a
missgynnar	²m 'ɪ s j ʏ n a r
missgärning	²m 'ɪ s j ɛː n ɪ ŋ
misshandel	²m 'ɪ s h a n d ɛ l
misshandla	²m 'ɪ s h a n d l a
misshandlar	²m 'ɪ s h a n d l a r
missil	m ɪ s 'iː l
mission	m ɪ ɧ 'uː n
missköta	²m 'ɪ s ɧ øː t ɛ r
missleda	²m 'ɪ s l eː d ɛ r
misslyckad	²m 'ɪ s l ʏ k a d
misslyckande	²m 'ɪ s l ʏ k a n d ɛ
misslyckas	²m 'ɪ s l ʏ k a s
missmodig	²m 'ɪ s m uː d ɪ ɡ
missnöjd	²m 'ɪ s n œ j d
missnöje	²m 'ɪ s n œ j ɛ
missriktad	²m 'ɪ s r ɪ k t a d
misstag	²m 'ɪ s t ɑː ɡ
misstanke	²m 'ɪ s t a ŋ k ɛ
misstro	²m 'ɪ s t r uː
misstroende	²m 'ɪ s t r uː ɛ n d ɛ
misstroendeförklaring	²m 'ɪ s t r uː ɛ n d ɛ f œ r k l ɑː r ɪ ŋ
misstror	²m 'ɪ s t r uː r
misströsta	²m 'ɪ s t r œ s t a
misströstar	²m 'ɪ s t r œ s t a r
misstycka	²m 'ɪ s t ʏ k ɛ r
misstänka	²m 'ɪ s t ɛ ŋ k ɛ r
misstänksam	²m 'ɪ s t ɛ ŋ k s a m
misstänkt	²m 'ɪ s t ɛ ŋ k t
missunna	²m 'ɪ s ɵ n a
missunnar	²m 'ɪ s ɵ n a r
missuppfatta	²m 'ɪ s ɵ p f a t a
missuppfattar	²m 'ɪ s ɵ p f a t a r
missuppfattning	²m 'ɪ s ɵ p f a t n ɪ ŋ
missvisande	²m 'ɪ s v iː s a n d ɛ
missväxt	²m 'ɪ s v ɛ k s t
missöde	²m 'ɪ s øː d ɛ
mista	m 'ɪ s t ɛ r
misär	m ɪ s 'ɛː r
mitella	²m ɪ t 'ɛ l a
mitt	m ɪ t
mittemot	m ɪ t ɛ m 'uː t
mittenpartierna	²m 'ɪ t ɛ n p a t iː ɛ n a
mix	m ɪ k s
mixer	m 'ɪ k s ɛ r
mjuk	m j ʉː k
mjuklanda	²m j 'ʉː k l a n d a
mjukna	²m j 'ʉː k n a
mjuknar	²m j 'ʉː k n a r
mjukvara	²m j 'ʉː k v ɑː r a
mjäll	m j ɛ l
mjälte	²m j 'ɛ l t ɛ
mjöd	m j øː d
mjöl	m j øː l
mjölk	m j œ l k
mjölka	²m j 'œ l k a
mjölkar	²m j 'œ l k a r
mjölktand	²m j 'œ l k t a n d
mjölner	m j œ l n ɪ r
mnkr	m ɪ l j 'uː n ɛ r ²k r 'uː n ʊ r
mobb	m ɔ b
mobba	²m 'ɔ b a
mobbar	²m 'ɔ b a r
mobilisera	m ʊ b ɪ l ɪ s 'eː r a
mobiliserar	m ʊ b ɪ l ɪ s 'eː r a r
mobilisering	m ʊ b ɪ l ɪ s 'eː r ɪ ŋ
mobiltelefon	²m ʊ b 'iː l t ɛ l ɛ f oː n
mocka	²m 'ɔ k a
mockar	²m 'ɔ k a r
mod	m uː d
modd	m ɔ d
mode	²m 'uː d ɛ
modelejon	²m 'uː d ɛ l eː j ɔ n
modell	m ʊ d 'ɛ l
modem	m ʊ d 'eː m
moder	²m 'uː d ɛ r
moderat	m ʊ d ɛ r 'ɑː t
moderbolag	²m 'uː d ɛ r b uː l ɑː ɡ
modern	m ʊ d 'ɛː n
modernisera	m ʊ d a n ɪ s 'eː r a
moderniserar	m ʊ d a n ɪ s 'eː r a r
modersmjölk	²m 'uː d ɛ ɕ m j œ l k
modersmål	²m 'uː d ɛ ɕ m oː l
modersmålselev	²m 'uː d ɛ ɕ m oː l
modersmålslärare	²m 'uː d ɛ ɕ m oː l
modersmålsstöd	²m 'uː d ɛ ɕ m oː l
modevisning	m 'uː d ɛ v 'iː s n ɪ ŋ
modfälld	²m 'uː d f ɛ l d
modifiera	m ʊ d ɪ f ɪ 'eː r a
modifierar	m ʊ d ɪ f ɪ 'eː r a r
modifikation	m ʊ d ɪ f ɪ k a ɧ 'uː n
modig	²m 'uː d ɪ ɡ
modul	m ʊ d 'ʉː l
mogen	²m 'uː ɡ ɛ n
mogna	²m 'uː ɡ n a
mognar	²m 'uː ɡ n a r
mojna	²m 'ɔ j n a
mojnar	²m 'ɔ j n a r
mojäng	m ʊ j 'ɛ ŋ
mola	²m 'uː l a
molar	²m 'uː l a r
moldavien	m ɔ l d 'ɑː v ɪ ɛ n
molekyl	m ʊ l ɛ k 'yː l
moll	m ɔ l
moln	m oː l n
moloken	²m 'uː l uː k ɛ n
molybden	m ɔ l ʏ b d 'eː n
mom	m ʊ m 'ɛ n t
moment	m ʊ m 'ɛ n t
moms	m ɔ m s
mona	²s m oː n a
monaco	m ɔ n a k ʊ
monarki	m ʊ n a r k 'iː
mongo	m ɔ ŋ ɡ ʊ
mongolpipare	m ɔ ŋ ɡ ʊ l p 'iː p a r ɛ
monitor	m ɔ n ɪ t ʊ r
mono-	m ʊ n ʊ
monogami	m ʊ n ʊ ɡ a m 'iː
monogram	m ʊ n ʊ ɡ r 'a m
monolog	m ʊ n ʊ l 'oː ɡ
monopol	m ʊ n ʊ p 'oː l
monoteist	m ɔ n ʊ t ɛ ɪ s t
monoton	m ʊ n ʊ t 'oː n
monster	m 'ɔ n s t ɛ r
montage	m ɔ n t 'ɑː ɧ
montenegro	m ɔ n t ɛ n 'eː ɡ r ʊ
monter	m 'ɔ n t ɛ r
montera	m ɔ n t 'eː r a
monterar	m ɔ n t 'eː r a r
montör	m ɔ n t 'øː r
monument	m ʊ n ɵ m 'ɛ n t
moped	m ʊ p 'eː d
mopedist	m ʊ p ɛ d 'ɪ s t
mopp	m ɔ p
mops	m ɔ p s
mor	m uː r
moraklocka	²m 'uː r a k l ɔ k a
moral	m ʊ r 'ɑː l
moralisera	m ʊ r a l ɪ s 'eː r a
moraliserar	m ʊ r a l ɪ s 'eː r a r
moralisk	m ʊ r 'ɑː l ɪ s k
moralkaka	²m 'uː r ɑː l k ɑː k a
morbror	²m 'ʊ r b r ʊ r
mord	m uː d
morfar	²m 'ʊ r f a r
morfin	m ʊ r f 'iː n
morföräldrar	²m 'uː r f œ r ɛ l d r a r
morgnar	²s m oː r n a r
morgnarna	²s m oː n a n a
morgon	²m 'ɔ r ɡ ɔ n
morgondag	²m 'ɔ r ɡ ɔ n d ɑː ɡ
morgonluft	²m 'ɔ r ɡ ɔ n l ɵ f t
morgonsamling	²m 'ɔ r ɡ ɔ n s a m l ɪ ŋ
morkulla	m 'uː r k ɵ l a
mormor	²m 'ʊ r m ʊ r
morot	²m 'uː r uː t
morra	²m 'ɔ r a
morrar	²m 'ɔ r a r
mors	m ɔ ɕ
morsa	²m 'ʊ ɕ a
morse	²s m ɔ r s ɛ
morsealfabet	²m 'ɔ ɕ ɛ a l f a b eː t
morsk	m ʊ ɕ k
morsning	m ɔ r s n ɪ ŋ
mortel	²m 'uː t ɛ l
morötter	²m 'uː r œ t ɛ r
mos	m uː s
mosa	²m 'uː s a
mosaik	m ʊ s a 'iː k
mosaisk	m ʊ s 'ɑː ɪ s k
mosar	²m 'uː s a r
moscha	m ʊ ɕ a
moskva	m ʊ s k v 'ɑː
moské	m ʊ s k 'eː
mosnäppa	m 'uː s n ɛ p a
mossa	²m 'ɔ s a
mosse	²m 'ɔ s ɛ
moster	²m 'ʊ s t ɛ r
mot	m uː t
mota	²m 'uː t a
motar	²m 'uː t a r
motarbeta	²m 'uː t a r b eː t a
motarbetar	²m 'uː t a r b eː t a r
motbild	²m 'uː t b ɪ l d
motbjudande	²m 'uː t b j ʉː d a n d ɛ
motbok	²m 'uː t b uː k
motell	m ʊ t 'ɛ l
motgift	²m 'uː t j ɪ f t
motgång	²m 'uː t ɡ ɔ ŋ
motion	m ʊ t ɧ 'uː n
motiv	m ʊ t 'iː v
motivation	m ʊ t ɪ v a ɧ 'uː n
motivera	m ʊ t ɪ v 'eː r a
motiverad	m ʊ t ɪ v 'eː r a d
motiverar	m ʊ t ɪ v 'eː r a r
motor	²m 'uː t ʊ r
motorcykel	²m 'uː t ʊ ɕ ʏ k ɛ l
motorcykelhjälm	m 'uː t ɔ r s ʏ k ɛ l j ɛ l m
motorfordon	²m 'uː t ʊ r f uː d ʊ n
motorförare	²m 'uː t ʊ r f øː r a r ɛ
motorsåg	m oː t ɔ r s oː ɡ
motortrafikled	²m 'uː t ʊ t r a f iː k l eː d
motorväg	²m 'uː t ʊ r v ɛː ɡ
motpart	²m 'uː t p ɑː t
motpol	²m 'uː t p uː l
motsade	²s m 'uː t s 'ɑː d ɛ
motsats	²m 'uː t s a t s
motsatt	²m 'uː t s a t
motsols	²m 'uː t s uː l s
motspänstig	²m 'uː t s p ɛ n s t ɪ ɡ
motstridig	²m 'uː t s t r iː d ɪ ɡ
motsträvig	²m 'uː t s t r ɛː v ɪ ɡ
motstycke	²m 'uː t s t ʏ k ɛ
motstå	²m 'uː t s t oː r
motstånd	²m 'uː t s t ɔ n d
motståndare	²m 'uː t s t ɔ n d a r ɛ
motståndskraft	²m 'uː t s t ɔ n d s k r a f t
motståndskraftig	²m 'uː t s t ɔ n d s k r a f t ɪ ɡ
motsvara	²m 'uː t s v ɑː r a
motsvarande	²m 'uː t s v ɑː r a n d ɛ
motsvarar	²m 'uː t s v ɑː r a r
motsvarighet	²m 'uː t s v ɑː r ɪ ɡ h eː t
motsäga	²m 'uː t s ɛː j ɛ r
motsägande	²m 'uː t s ɛː ɡ a n d ɛ
motsägelse	²m 'uː t s ɛː ɡ ɛ l s ɛ
motsättning	²m 'uː t s ɛ t n ɪ ŋ
mott	m ɔ t
motta	²m 'uː t ɑː r
mottagande	²m 'uː t ɑː ɡ a n d ɛ
mottagare	²m 'uː t ɑː ɡ a r ɛ
mottaglig	²m 'uː t ɑː ɡ l ɪ ɡ
mottagning	²m 'uː t ɑː ɡ n ɪ ŋ
mottagningsbevis	²m 'uː t ɑː ɡ n ɪ ŋ s b ɛ v iː s
motto	²m 'ɔ t ʊ
motverka	²m 'uː t v a r k a
motverkar	²m 'uː t v a r k a r
motvikt	²m 'uː t v ɪ k t
motvilja	²m 'uː t v ɪ l j a
motvillig	²m 'uː t v ɪ l ɪ ɡ
motvilligt	²m 'uː t v ɪ l ɪ k t
motvind	²m 'uː t v ɪ n d
motvärn	²m 'uː t v ɛː n
motåtgärd	²m 'uː t oː t j ɛː d
mousse	m ʊ s
ms	²'ɛ m ɛ s
msk	²m 'ɑː t ɧ eː d
mu	m ʉː
muck	m ɵ k
mucka	²m 'ɵ k a
muckar	²m 'ɵ k a r
muddra	²m 'ɵ d r a
muddrar	²m 'ɵ d r a r
muffin	m 'ɵ f ɪ n
mugg	m ɵ ɡ
muhammedan	m ʊ h a m ɛ d 'ɑː n
mujka	m ɵ j k a
mula	²s m ʉː l a
mulatt	m ɵ l 'a t
mule	²m 'ʉː l ɛ
mulen	²m 'ʉː l ɛ n
mull	m ɵ l
mullig	²m 'ɵ l ɪ ɡ
mullra	²m 'ɵ l r a
mullrar	²m 'ɵ l r a r
mullvad	²m 'ɵ l v ɑː d
mulna	²m 'ʉː l n a
mulnar	²m 'ʉː l n a r
multi-	²m 'ɵ l t ɪ
multilateral	m ɵ l t ɪ l a t ɛ r 'ɑː l
multimedie-	²m ɵ l t ɪ m 'eː d ɪ ɛ
multinationell	m ɵ l t ɪ n a t ɧ ʊ n 'ɛ l
multiplicera	m ɵ l t ɪ p l ɪ s 'eː r a
multiplicerar	m ɵ l t ɪ p l ɪ s 'eː r a r
multiplikation	m ɵ l t ɪ p l ɪ k a ɧ 'uː n
multna	²m 'ɵ l t n a
multnar	²m 'ɵ l t n a r
mumie	²m 'ɵ m ɪ ɛ
mumintroll	m ɵ m 'iː n t r ɔ l
mumla	²m 'ɵ m l a
mumlar	²m 'ɵ m l a r
mummel	m 'ɵ m ɛ l
mumrik	m ɵ m r ɪ k
mums	m ɵ m s
mumsa	²m 'ɵ m s a
mumsar	²m 'ɵ m s a r
mun	m ɵ n
mun-mot-mun-metoden	²m ɵ n m uː t m 'ɵ n m ɛ t uː d ɛ n
mundering	m ɵ n d 'eː r ɪ ŋ
mundiarré	²s m ɵ n d ɪ a r 'eː
mungiga	²m 'ɵ n j iː ɡ a
mungipa	²m 'ɵ n j iː p a
munhuggas	²m 'ɵ n h ɵ ɡ s
munk	m ɵ ŋ k
munkavle	²m 'ɵ n k ɑː v l ɛ
munkorg	²m 'ɵ n k ɔ r j
munsbit	²m 'ɵ n s b iː t
munskydd	²m 'ɵ n ɧ ʏ d
munspel	²m 'ɵ n s p eː l
munstycke	²m 'ɵ n s t ʏ k ɛ
munter	m 'ɵ n t ɛ r
muntergök	²m 'ɵ n t ɛ r j øː k
munterhet	²m 'ɵ n t ɛ r h eː t
muntlig	²m 'ɵ n t l ɪ ɡ
mur	m ʉː r
mura	²m 'ʉː r a
murar	²m 'ʉː r a r
murare	²m 'ʉː r a r ɛ
murbruk	²m 'ʉː r b r ʉː k
murgröna	²m 'ʉː r ɡ r øː n a
murken	²m 'ɵ r k ɛ n
murkla	²m 'ɵ r k l a
murpelare	²s m s r p 'eː l a r ɛ
murvel	²m 'ɵ r v ɛ l
mus	m ʉː s
museer	m ɵ s 'eː ɛ r
museum	²m ɵ s 'eː ɵ m
musik	m ɵ s 'iː k
musikal	m ɵ s ɪ k 'ɑː l
musikalisk	m ɵ s ɪ k 'ɑː l ɪ s k
musikant	m ɵ s ɪ k 'a n t
musikdirektör	²m ɵ s 'iː k d ɪ r ɛ k t øː r
musiker	m 'ʉː s ɪ k ɛ r
muskedunder	m ɵ s k ɛ d ɵ n d ɛ r
muskel	m 'ɵ s k ɛ l
muskulatur	m ɵ s k ɵ l a t 'ʉː r
muskulös	m ɵ s k ɵ l 'øː s
muslim	m ɵ s l 'iː m
musseron	m ɵ s ɛ r ɔ n
mussla	²m 'ɵ s l a
must	m ɵ s t
mustasch	m ɵ s t 'ɑː ɧ
mustig	²m 'ɵ s t ɪ ɡ
muta	²m 'ʉː t a
mutar	²m 'ʉː t a r
mutkolv	²m 'ʉː t k ɔ l v
mutter	m 'ɵ t ɛ r
muttra	²m 'ɵ t r a
muttrar	²m 'ɵ t r a r
mycket	²m 'ʏ k ɛ t
mygel	m 'yː ɡ ɛ l
mygg	m ʏ ɡ
mygga	²m 'ʏ ɡ a
mygla	²m 'yː ɡ l a
myglar	²m 'yː ɡ l a r
myla	²s m 'yː l a
mylla	²m 'ʏ l a
myller	m 'ʏ l ɛ r
myllra	²m 'ʏ l r a
myllrar	²m 'ʏ l r a r
myndig	²m 'ʏ n d ɪ ɡ
myndighet	²m 'ʏ n d ɪ ɡ h eː t
mynna	²m 'ʏ n a
mynnar	²m 'ʏ n a r
mynning	²m 'ʏ n ɪ ŋ
mynt	m ʏ n t
mynta	²m 'ʏ n t a
myntar	²m 'ʏ n t a r
myr	m yː r
myra	²m 'yː r a
myrsnäppa	m t r s n ɛ p a
myrspov	m 'yː r s p 'uː v
mys	m 'yː s
mysa	m 'yː s ɛ r
mysig	²m 'yː s ɪ ɡ
mysli	m 'ʏ s l ɪ
mysterium	m ʏ s t 'eː r ɪ ɵ m
mystisk	m 'ʏ s t ɪ s k
myt	m yː t
myteri	m ʏ t ɛ r 'iː
mytologi	m ʏ t ʊ l ʊ ɡ 'iː
mäkla	²s m ɛ k l a
mäklare	²m 'ɛː k l a r ɛ
mäkta	²m 'ɛ k t a
mäktar	²m 'ɛ k t a r
mäktig	²m 'ɛ k t ɪ ɡ
män	m ɛ n
mängd	m ɛ ŋ d
människa	²m 'ɛ n ɪ ɧ a
mänsklig	²m 'ɛ n s k l ɪ ɡ
mänsklighet	²m 'ɛ n s k l ɪ ɡ h eː t
märg	m a r j
märka	m 'ɛ r k ɛ r
märkbar	²m 'ɛ r k b ɑː r
märke	²m 'ɛ r k ɛ
märklig	²m 'ɛ r k l ɪ ɡ
märkvärdig	²m 'ɛ r k v ɛː d ɪ ɡ
märr	m a r
mässa	²m 'ɛ s a
mässing	²m 'ɛ s ɪ ŋ
mässingsinstrument	²m 'ɛ s ɪ ŋ s ɪ n s t r ɵ m ɛ n t
mässling	²m 'ɛ s l ɪ ŋ
mästare	²m 'ɛ s t a r ɛ
mäster	m ɛ s t ɛ r
mästerskap	²m 'ɛ s t ɛ ɕ k ɑː p
mästerverk	²m 'ɛ s t ɛ r v a r k
mästra	²m 'ɛ s t r a
mästrar	²m 'ɛ s t r a r
mäta	m 'ɛː t ɛ r
mätare	²m 'ɛː t a r ɛ
mätning	²m 'ɛː t n ɪ ŋ
mätt	m ɛ t
mätta	²m 'ɛ t a
mättad	²m 'ɛ t a d
mättar	²m 'ɛ t a r
mättnad	²m 'ɛ t n a d
må	m oː
måfå	²m 'oː f oː
måg	m oː ɡ
måhända	²m ɔ h 'ɛ n d a
mål	m oː l
måla	²m 'oː l a
målande	²m 'oː l a n d ɛ
målar	²m 'oː l a r
målare	²m 'oː l a r ɛ
målaskog	m oː l a s k 'uː ɡ
målbrott	²m 'oː l b r ɔ t
mållös	²m 'oː l l øː s
målmedveten	²m 'oː l m eː d v eː t ɛ n
målning	²m 'oː l n ɪ ŋ
målsman	²m 'oː l s m a n
målsägande	²m 'oː l s ɛː ɡ a n d ɛ
målsättning	²m 'oː l s ɛ t n ɪ ŋ
måltavla	²m 'oː l t ɑː v l a
måltid	²m 'oː l t iː d
mån	m oː n
måna	²m 'oː n a
månad	²m 'oː n a d
månadsinkomst	m oː n a d s ɪ n k 'uː m s t
månadslön	²m 'oː n a d s l øː n
månadspeng	m oː n a d s p ɛ ŋ
månar	²m 'oː n a r
månatlig	m ɔ n 'ɑː t l ɪ ɡ
måndag	m 'ɔ n d ɑː ɡ
månde	²m 'ɔ n d ɛ
måne	²m 'oː n ɛ
många	²m 'ɔ ŋ a
mångata	m oː n ɡ 'ɑː t a
mången	²m 'ɔ ŋ ɛ n
mångfald	²m 'ɔ ŋ f a l d
mångsidig	²m 'ɔ ŋ s iː d ɪ ɡ
mångsysslare	m ʊ ŋ s ʏ s l 'ɑː r ɛ
mångtydig	²m 'ɔ ŋ t yː d ɪ ɡ
månntro	²s m ɔ n t t r 'uː
månsing	²s m ɔ n s ɪ ŋ
mår	m oː r
mårka	²s m ɔ r k a
mårtensgås	m ɔ r t ɛ n ɡ oː s
mås	m oː s
måste	²m 'oː s t ɛ
mått	m ɔ t
måtta	²m 'ɔ t a
måttband	²m 'ɔ t b a n d
måttbestämd	²s m ɔ t b ɛ s t ɛ m d
måtte	²m 'ɔ t ɛ
måttlig	²m 'ɔ t l ɪ ɡ
mö	m øː
möbel	m 'øː b ɛ l
möblemang	m œ b l ɛ m 'a ŋ
möblera	m œ b l 'eː r a
möblerar	m œ b l 'eː r a r
möda	²m 'øː d a
mödomshinna	²m 'øː d ʊ m s h ɪ n a
mödosam	²m 'øː d ʊ s a m
mödraundervisning	²m 'øː d r a ɵ n d ɛ r v iː s n ɪ ŋ
mödravårdscentral	²m 'øː d r a v oː d ɕ ɛ n t r ɑː l
mög	m øː ɡ
mögel	m 'øː ɡ ɛ l
mögla	²m 'øː ɡ l a
möglar	²m 'øː ɡ l a r
möglig	²m 'øː ɡ l ɪ ɡ
möhippa	²m 'øː h ɪ p a
möjlig	²m 'œ j l ɪ ɡ
möjligen	²m 'œ j l ɪ ɡ ɛ n
möjliggöra	²m 'œ j l ɪ ɡ j øː r
möjlighet	²m 'œ j l ɪ ɡ h eː t
möjligtvis	²m 'œ j l ɪ k t v iː s
mölla	²s m œ l a
mönster	m 'œ n s t ɛ r
mönstergill	²m 'œ n s t ɛ r j ɪ l
mönstra	²m 'œ n s t r a
mönstrar	²m 'œ n s t r a r
möp	m øː p
mör	m øː r
mörbultad	²m 'øː r b ɵ l t a d
mörda	²m 'øː d a
mördande	²m 'øː d a n d ɛ
mördar	²m 'øː d a r
mördare	²m 'øː d a r ɛ
mördeg	²m 'øː d eː ɡ
mörk	m œ r k
mörkblå	²m 'œ r k b l oː
mörker	m 'œ r k ɛ r
mörkhyad	²m 'œ r k h yː a d
mörklägga	²m 'œ r k l ɛ ɡ ɛ r
mörkna	²m 'œ r k n a
mörknar	²m 'œ r k n a r
mörkrädd	²m 'œ r k r ɛ d
mört	m œ t
möss	m œ s
mössa	²m 'œ s a
möta	m 'øː t ɛ r
mötas	m øː t s
möte	²m 'øː t ɛ
mötesplats	²s m øː t ɛ s p l a t s
nacka	²n 'a k a
nackar	²n 'a k a r
nackdel	²n 'a k d eː l
nacke	²n 'a k ɛ
nackskinn	n a k ɧ ɪ n
nackspärr	²n 'a k s p a r
nackstöd	n a k s t øː d
nafs	n a f s
nafsa	²n 'a f s a
nafsar	²n 'a f s a r
nagel	n 'ɑː ɡ ɛ l
nagelfara	²n 'ɑː ɡ ɛ l f ɑː r
nagga	²n 'a ɡ a
naggar	²n 'a ɡ a r
naiv	n a 'iː v
naken	²n 'ɑː k ɛ n
nalkas	²n 'a l k a s
nalla	²n 'a l a
nallar	²n 'a l a r
nalle	²n 'a l ɛ
namn	n a m n
namna	²n 'a m n a
namnar	²n 'a m n a r
namne	²n 'a m n ɛ
namninsamling	²n 'a m n ɪ n s a m l ɪ ŋ
namnkunnig	²n 'a m n k ɵ n ɪ ɡ
namnsdag	n 'a m n s d ɑː ɡ
namnteckning	²n 'a m n t ɛ k n ɪ ŋ
napalm	n a p 'a l m
napp	n a p
nappa	²n 'a p a
nappar	²n 'a p a r
narig	²n 'ɑː r ɪ ɡ
narkoman	n a r k ʊ m 'ɑː n
narkomani	n a r k ʊ m a n 'iː
narkos	n a r k 'oː s
narkotika	n a r k 'oː t ɪ k a
narr	n a r
nasa	²s n 'ɑː s a
nasal	n a s 'ɑː l
nasare	²s n 'ɑː s a r ɛ
nasaré	n a s a r 'eː
nasse	²n 'a s ɛ
nation	n a t ɧ 'uː n
national-	²n a t ɧ ʊ n 'ɑː l
nationalförsamling	²n a t ɧ ʊ n 'ɑː l f œ ɕ a m l ɪ ŋ
nationalisera	n a t ɧ ʊ n a l ɪ s 'eː r a
nationaliserar	n a t ɧ ʊ n a l ɪ s 'eː r a r
nationalism	n a t ɧ ʊ n a l 'ɪ s m
nationalist	n a t ɧ ʊ n a l 'ɪ s t
nationalitet	n a t ɧ ʊ n a l ɪ t 'eː t
nationalpark	²n a t ɧ ʊ n 'ɑː l p a r k
nationalsång	²n a t ɧ ɪ ʊ n 'ɑː l s ɔ ŋ
nationell	n a t ɧ ʊ n 'ɛ l
nativitet	n a t ɪ v ɪ t 'eː t
nato	n 'ɑː t ʊ
natrium	n 'ɑː t r ɪ ɵ m
natt	n a t
natta	²n 'a t a
nattar	²n 'a t a r
nattduksbord	²n 'a t ʉː k s b uː d
nattetid	²n 'a t ɛ t iː d
natthäger	n a t h ɛ ɡ ɛ r
nattklubb	²n 'a t k l ɵ b
nattlig	²n 'a t l ɪ ɡ
nattlinne	²n 'a t l ɪ n ɛ
nattmangling	²n 'a t m a ŋ l ɪ ŋ
nattmössa	²n 'a t m œ s a
nattskjorta	²n 'a t ɧ 'uː t a
nattvard	²n 'a t v ɑː d
natur	n a t 'ʉː r
naturaförmån	²n a t 'ʉː r a f øː r m oː n
naturalisation	n a t ɵ r a l ɪ s a ɧ 'uː n
naturbarn	²n a t 'ʉː r b ɑː n
naturbehov	²n a t 'ʉː r b ɛ h uː v
naturell	n a t ɵ r 'ɛ l
naturkatastrof	²n a t 'ʉː r k a t a s t r oː f
naturkunskap	²n a t 'ʉː r k ɵ n s k ɑː p
naturlig	n a t 'ʉː l ɪ ɡ
naturligtvis	n a t 'ʉː l ɪ k t v iː s
naturmedel	²n a t 'ʉː r m eː d ɛ l
naturvetenskap	²n a t 'ʉː r v eː t ɛ n s k ɑː p
naturvård	²n a t 'ʉː r v oː d
naturvårdsområde	²n a t 'ʉː r v oː d ɕ ɔ m r oː d ɛ
naturvårdsverket	²n a t 'ʉː r v oː d ɕ v a r k ɛ t
nauru	n a ʉː r ʊ
nav	n ɑː v
navel	²n 'ɑː v ɛ l
navelskådare	²n 'ɑː v ɛ l s k oː d a r ɛ
navelsträng	²n 'ɑː v ɛ l s t r ɛ ŋ
navigatör	n a v ɪ ɡ a t 'øː r
navigera	n a v ɪ ɡ 'eː r a
navigerar	n a v ɪ ɡ 'eː r a r
nazism	n a s 'ɪ s m
nazist	n a s 'ɪ s t
necessär	n ɛ s ɛ s 'ɛː r
ned	n eː d
nedan	²n 'eː d a n
nedanför	²n 'eː d a n f øː r
nedbantad	²n 'eː d b a n t a d
nedblodad	²n 'eː d b l uː d a d
nedbruten	²n 'eː d b r ʉː t ɛ n
neder	n 'eː d ɛ r
nederbörd	²n 'eː d ɛ r b øː d
nederlag	²n 'eː d ɛ l ɑː ɡ
nederländerna	n 'eː d ɛ r l ɛ n d ɛ r n a
nederländsk	²n 'eː d ɛ l ɛ n d s k
nederst	n 'eː d ɛ ɕ t
nedfall	²n 'eː d f a l
nedför	n 'eː d f øː r
nedgång	²n 'eː d ɡ ɔ ŋ
nedgången	²n 'eː d ɡ ɔ ŋ ɛ n
nedgörande	²n 'eː d ɡ øː r a n d ɛ
nedkomst	²n 'eː d k ɔ m s t
nedladdning	²s n 'eː d l a d n ɪ ŋ
nedlägger	²n 'eː d l ɛ ɡ ɛ r
nedläggning	²n 'eː d l ɛ ɡ n ɪ ŋ
nedlåtande	²n 'eː d l oː t a n d ɛ
nedre	n 'eː d r ɛ
nedrig	n 'eː d r ɪ ɡ
nedringd	²n 'eː d r ɪ ŋ d
nedrustning	²n 'eː d r ɵ s t n ɪ ŋ
nedräkning	²n 'eː d r ɛː k n ɪ ŋ
nedsatt	²n 'eː d s a t
nedskrivning	²n 'eː d s k r ɪ v n ɪ n ɡ
nedslag	²n 'eː d s l ɑː ɡ
nedslagen	²n 'eː d s l ɑː ɡ ɛ n
nedslående	²n 'eː d s l oː ɛ n d ɛ
nedsmutsad	²n 'eː d s m ɵ t s a d
nedstoppad	²n 'eː d s t ɔ p a d
nedstämd	²n 'eː d s t ɛ m d
nedsättande	²n 'eː d s ɛ t a n d ɛ
nedtill	²n 'eː d t ɪ l
nedtrappning	²n 'eː d t r a p n ɪ ŋ
nedärvd	²n 'eː d a r v d
nedåt	n 'eː d ɔ t
neg	n eː ɡ
negation	n ɛ ɡ a ɧ 'uː n
negativ	n 'ɛ ɡ a t iː v
neger	n 'eː ɡ ɛ r
negligera	n ɛ ɡ l ɪ ɧ 'eː r a
negligerar	n ɛ ɡ l ɪ ɧ 'eː r a r
nej	n ɛ j
nejd	n ɛ j d
nejlika	²n 'ɛ j l ɪ k a
neka	²n 'eː k a
nekar	²n 'eː k a r
nektarin	n ɛ k t a r 'iː n
nellie	t n ɛ l ɪ
nelly	t n ɛ l ʏ
neodym	n 'eː ʊ d 'yː m
neon	n ɛ oː n
neonljus	²n ɛ 'oː n j ʉː s
nepalesisk	n ɛ p a l 'eː s ɪ s k
neptunium	n ɛ p t ʉː n ɪ ɵ m
neptunus	n ɛ p t ʉː n ɵ s
ner	n eː r
nere	²n 'eː r ɛ
nerför	n 'eː r f øː r
nerladdning	²s n 'eː r l a d n ɪ ŋ
nerv	n a r v
nervkittlande	²n 'ɛ r v ɕ ɪ t l a n d ɛ
nervositet	n a r v ʊ s ɪ t 'eː t
nervös	n a r v 'øː s
netto	²n 'ɛ t ʊ
neuro-	²n 'ɛ v r ʊ
neurointensivvårdsavdelning	n ɛ v r ʊ ɪ n t 'eː n s 'iː v oː r d s a v d 'eː l n 'iː ŋ
neurointensivvårdsavdelningen	n ɛ v r ʊ ɪ n t 'eː n s 'iː v oː r d s a v d 'eː l n 'iː ŋ ɛ n
neuros	n ɛ v r 'oː s
neurotisk	n ɛ v r 'oː t ɪ s k
neutral	n ɛ ɵ t r 'ɑː l
neutralitet	n ɛ ɵ t r a l ɪ t 'eː t
neutron	n 'eː ɵ t r oː n
neutronbomb	²n ɛ ɵ t r 'oː n b ɔ m b
neutrum	n 'eː ɵ t r ɵ m
ni	n iː
nia	²n 'iː a
niar	²n 'iː a r
nick	n ɪ k
nicka	²n 'ɪ k a
nickar	²n 'ɪ k a r
nicke	²s n ɪ k ɛ
nidbild	²n 'iː d b ɪ l d
nidingsdåd	²n ɪ d 'ɪ ŋ s d oː d
niga	n 'iː ɡ ɛ r
niger	n 'iː j ɛ r
nigeria	n ɪ ɡ 'eː r ɪ a
nigerian	n ɪ ɡ ɛ r ɪ 'ɑː n
nigger	n ɪ ɡ ɛ r
nigning	n 'iː ɡ n ɪ ŋ
nikotin	n ɪ k ʊ t 'iː n
nilgås	n 'iː l ɡ oː s
nim	n ɪ m
nimma	²s n ɪ m a
nio	²n 'iː ʊ
nionde	n 'iː ɔ n d ɛ
niondel	²n 'iː ɔ n d eː l
nisch	n ɪ ɧ
nisse	²n 'ɪ s ɛ
nit	n iː t
nitisk	n 'iː t ɪ s k
nitning	²n 'iː t n ɪ ŋ
nittio	²n 'ɪ t ɪ ʊ
nittiotvå	²s n ɪ t ɪ t 'uː
nitton	²n 'ɪ t ɔ n
niva	n 'iː v a
nivå	n ɪ v 'oː
nix	n ɪ k s
nja	n j a
njalla	n j a l a
njugg	n j ɵ ɡ
njure	²n j 'ʉː r ɛ
njut	n j ʉː t
njuta	n j 'ʉː t ɛ r
njutning	²n j 'ʉː t n ɪ ŋ
njöt	n j øː t
nobba	²n 'ɔ b a
nobbar	²n 'ɔ b a r
nobben	n ɔ b ɛ n
nobel	n ʊ b ɛ l
nobelpris	²n ʊ b 'ɛ l p r iː s
nock	n ɔ k
nod	n uː d
nog	n uː ɡ
noga	²n 'uː ɡ a
noggrann	²n 'uː ɡ r a n
nogräknad	²n 'uː ɡ r ɛː k n a d
noja	²n 'ɔ j a
nojs	n ɔ j s
nojsa	²n 'ɔ j s a
nojsar	²n 'ɔ j s a r
noll	n ɔ l
nolla	²n 'ɔ l a
nollställd	²n 'ɔ l s t ɛ l d
nolltaxera	²n 'ɔ l t a k s eː r a
nolltaxerar	²n 'ɔ l t a k s eː r a r
nomad	n ʊ m 'ɑː d
nomenklatur	n ʊ m ɛ n k l a t 'ʉː r
nominativ	n ʊ m ɪ n a t 'iː v
nominell	n ʊ m ɪ n 'ɛ l
nominera	n ʊ m ɪ n 'eː r a
nominerar	n ʊ m ɪ n 'eː r a r
nonchalans	n ɔ n ɧ a l 'a n s
nonchalant	n ɔ n ɧ a l 'a n t
nonchalera	n ɔ n ɧ a l 'eː r a
nonchalerar	n ɔ n ɧ a l 'eː r a r
noniljon	n ʊ n ɪ l j 'uː n
nonsens	n 'ɔ n s ɛ n s
nonstop	n ɔ n s t 'ɔ p
noppa	n ɔ p a
nor	n 'uː r
nord	n uː d
nordamerika	n 'uː r d a m 'eː r ɪ k a
nordan	²n 'uː d a n
nordanvind	n 'uː r d a n v ɪ n d
nordanvinden	n 'uː r d a n v ɪ n d ɛ n
nordbo	²s n 'uː r d b 'uː
norden	n 'uː d ɛ n
nordirland	n 'uː r d ɪ r l a n d
nordisk	n 'uː d ɪ s k
nordist	n ʊ d 'ɪ s t
nordkorea	²s n 'uː d k ʊ r 'eː a
nordlig	²n 'uː d l ɪ ɡ
nordmakedonien	n 'uː r d m a k a d 'uː n ɪ ɛ n
nordost	n ʊ r d ʊ s t
nordpolen	²n 'uː d p uː l ɛ n
nordqvist	n 'uː r d k v ɪ s t
nordsångare	n 'uː r d s ɔ ŋ a r ɛ
nordväst	n ʊ r d v ɛ s t
nordöst	n ʊ r d œ s t
norge	n ɔ r j ɛ
norm	n ɔ r m
normal	n ɔ r m 'ɑː l
normalisera	n ɔ r m a l ɪ s 'eː r a
normaliserar	n ɔ r m a l ɪ s 'eː r a r
normalt	n ɔ r m 'ɑː l t
norpa	²n 'ɔ r p a
norpar	²n 'ɔ r p a r
norr	n ɔ r
norrbotten	²n 'ɔ r b ɔ t ɛ n
norrköping	²s n ɔ r ɕ øː p ɪ ŋ
norrland	n 'ɔ r l a n d
norrlandskörd	²s n ɔ r l a n d s ɕ œ r d
norrländsk	²n 'ɔ r l ɛ n d s k
norrmalmstorgssyndrom	n ɔ r m a l m s ²s t ɔ r j s s ʏ n d r oː m
norrman	²n 'ɔ r m a n
norrsken	²n 'ɔ r ɧ eː n
norrtälje	n ɔ t ɛ l j ɛ
norrut	n 'ɔ r ʉː t
norsk	n ɔ ɕ k
norska	²n 'ɔ ɕ k a
nos	n uː s
nosa	²n 'uː s a
nosar	²n 'uː s a r
noshörning	²n 'uː s h øː n ɪ ŋ
nostalgi	n ɔ s t a l ɡ 'iː
nostalgisk	n ɔ s t 'a l ɡ ɪ s k
not	n uː t
nota	²n 'uː t a
notam	²n 'uː t a m
notarie	n ʊ t 'ɑː r ɪ ɛ
notera	n ʊ t 'eː r a
noterar	n ʊ t 'eː r a r
notering	n ʊ t 'eː r ɪ ŋ
notis	n ʊ t 'iː s
notorisk	n ʊ t 'uː r 'ɪ s k
nougat	n ʊ ɡ 'ɑː t
novell	n ʊ v 'ɛ l
november	n ʊ v 'ɛ m b ɛ r
novis	n ʊ v 'iː s
nr	n 'ɵ m ɛ r
nu	n ʉː
nubb	n ɵ b
nubbe	²n 'ɵ b ɛ
nucka	²n 'ɵ k a
nudda	²n 'ɵ d a
nuddar	²n 'ɵ d a r
nudist	n ɵ d 'ɪ s t
nudlar	²n 'ʉː d l a r
numera	n 'ʉː m eː r a
numerär	n ɵ m ɛ r 'ɛː r
nummer	n 'ɵ m ɛ r
nummerlapp	²n 'ɵ m ɛ l a p
numrera	n ɵ m r 'eː r a
numrerar	n ɵ m r 'eː r a r
nuna	²n 'ʉː n a
nunatak	n s n a t a k
nunna	²n 'ɵ n a
nupit	²n 'ʉː p ɪ t
nusvenska	²s n s s v ɛ n s k a
nutida	²n 'ʉː t iː d a
nuvarande	²n 'ʉː v ɑː r a n d ɛ
ny	n yː
ny-	²n 'yː
nya	²s n 'yː a
nyans	n ʏ 'a n s
nyansera	n ʏ a n s 'eː r a
nyanserar	n ʏ a n s 'eː r a r
nybakad	²n 'yː b ɑː k a d
nybyggare	²n 'yː b ʏ ɡ a r ɛ
nybygge	²n 'yː b ʏ ɡ ɛ
nybyggnad	²n 'yː b ʏ ɡ n a d
nybörjare	²n 'yː b œ r j a r ɛ
nyck	n ʏ k
nyckel	²n 'ʏ k ɛ l
nyckelben	²n 'ʏ k ɛ l b eː n
nyckelkort	n ʏ k ɛ l k ʊ r t
nyckelpiga	²n 'ʏ k ɛ l p iː ɡ a
nydana	²n 'yː d ɑː n a
nydanar	²n 'yː d ɑː n a r
nyfiken	²n 'yː f iː k ɛ n
nyhet	²n 'yː h eː t
nyhetsbyrå	²n 'yː h eː t s b yː r ɔ
nying	²s n 'yː ɪ ŋ
nykomling	²n 'yː k ɔ m l ɪ ŋ
nykter	n 'ʏ k t ɛ r
nykterhet	²n 'ʏ k t ɛ r h eː t
nykterhetsvård	²n 'ʏ k t ɛ r h eː t s v oː d
nykterist	n ʏ k t ɛ r 'ɪ s t
nyligen	²n 'yː l ɪ ɡ ɛ n
nylle	²n 'ʏ l ɛ
nylon	n ʏ l 'oː n
nymodig	²n 'yː m uː d ɪ ɡ
nynna	²n 'ʏ n a
nynnar	²n 'ʏ n a r
nynäshamn	n 'yː n ɛ s h a m n
nypa	²n 'yː p a
nyper	n 'yː p ɛ r
nypon	²n 'yː p ɔ n
nyps	n 'yː p s
nysa	n 'yː s ɛ r
nyss	n ʏ s
nysta	²n ʏ s t a
nystan	²n 'ʏ s t a n
nystar	²n ʏ s t a r
nytta	²n 'ʏ t a
nyttig	²n 'ʏ t ɪ ɡ
nyttja	²n 'ʏ t j a
nyttjanderätt	²n 'ʏ t j a n d ɛ r ɛ t
nyttjar	²n 'ʏ t j a r
nytänkande	²s n 'yː t ɛ ŋ k a n d ɛ
nyval	²n 'yː v ɑː l
nyår	²n 'yː oː r
nä	n ɛː
näbb	n ɛ b
näbbdjur	n ɛ b j ʉː r
näck	n ɛ k
näckros	²n 'ɛ k r uː s
näktergal	²n 'ɛ k t ɛ r ɡ ɑː l
nämen	n ɛ m ɛ n
nämligen	²n 'ɛ m l ɪ ɡ ɛ n
nämna	n 'ɛ m n ɛ r
nämnare	²n 'ɛ m n a r ɛ
nämnd	n ɛ m d
nämndeman	²n 'ɛ m d ɛ m a n
nämnvärd	²n 'ɛ m n v ɛː d
nännas	²s n ɛ n a s
näpen	²n 'ɛː p ɛ n
när	n ɛː r
när-	²n 'ɛː r
nära	²n 'ɛː r a
närande	²n 'ɛː r a n d ɛ
närapå	²n 'ɛː r a p oː
närbild	²n 'ɛː r b ɪ l d
närgången	²n 'ɛː r ɡ ɔ ŋ ɛ n
närhet	²n 'ɛː r h eː t
näring	²n 'ɛː r ɪ ŋ
näringshjälp	²n 'ɛː r ɪ ŋ s j ɛ l p
näringsliv	²n 'ɛː r ɪ ŋ s l iː v
näringstillstånd	²n 'ɛː r ɪ ŋ s t ɪ l s t ɔ n d
närke	n 'ɛ r k ɛ
närmare	²n 'ɛ r m a r ɛ
närmast	²n 'ɛ r m a s t
närstående	²n 'ɛː ɕ t oː ɛ n d ɛ
närsynt	²n 'ɛː ɕ yː n t
närtid	n ɛː r t 'iː d
närvara	²n 'ɛː r v ɑː r a
närvarande	²n 'ɛː r v ɑː r a n d ɛ
närvaro	²n 'ɛː r v ɑː r ʊ
näs	n ɛː s
näsa	²n 'ɛː s a
näsborre	²n 'ɛː s b ɔ r ɛ
näsbränna	²n 'ɛː s b r ɛ n a
näsduk	²n 'ɛː s d ʉː k
nässla	²n 'ɛ s l a
näst	n ɛ s t
nästa	²n 'ɛ s t a
nästan	²n 'ɛ s t a n
näste	²n 'ɛ s t ɛ
nästkusin	n ɛ s k ɵ s 'iː n
näsvis	²n 'ɛː s v iː s
nät	n ɛː t
nätansluten	²n 'ɛː t a n s l ʉː t ɛ n
näthandel	²n 'ɛː t h a n d ɛ l
näthinna	²n 'ɛː t h ɪ n a
nätt	n ɛ t
nätter	n 'ɛ t ɛ r
nätverk	²n 'ɛː t v a r k
nätvett	²n 'ɛː t v ɛ t
näve	²n 'ɛː v ɛ
nå	n oː
nåd	n oː d
nådastöt	²n 'oː d a s t øː t
nådde	²n 'ɔ d ɛ
nådig	²n 'oː d ɪ ɡ
någon	²n 'oː ɡ ɔ n
någonsin	²n 'oː ɡ ɔ n s ɪ n
någonstans	²n 'oː ɡ ɔ n s t a n s
någonting	²n 'oː ɡ ɔ n t ɪ ŋ
någorlunda	²n 'oː ɡ ʊ l ɵ n d a
något	²n 'oː ɡ ɔ t
några	²n 'oː ɡ r a
nål	n oː l
nålginst	n oː l ɡ ɪ n s t
nålsöga	²n 'oː l s øː ɡ a
nån	n ɔ n
nånsin	²n 'ɔ n s ɪ n
nånstans	n ɔ n s t 'a n s
nånting	n ɔ n t 'ɪ ŋ
når	n oː r
nåt	n oː t
nått	n ɔ t
nåväl	n ɔ v 'ɛː l
nöd	n øː d
nödbroms	²n 'øː d b r ɔ m s
nödd	n œ d
nödfall	²n 'øː d f a l
nödga	²n 'œ d ɡ a
nödgar	²n 'œ d ɡ a r
nödgas	²n 'œ d ɡ a s
nödig	²n 'øː d ɪ ɡ
nödlanda	²n 'øː d l a n d a
nödlandar	²n 'øː d l a n d a r
nödläge	²n 'øː d l ɛː ɡ ɛ
nödrim	n øː d r ɪ m
nödsakad	²n 'øː d s ɑː k a d
nödställd	²n 'øː d s t ɛ l d
nödsändare	²n 'øː d s ɛ n d a r ɛ
nödvändig	²n 'øː d v ɛ n d ɪ ɡ
nödvändighet	n øː d v ɛ n d ɪ h 'eː t
nödvändigtvis	²n 'øː d v ɛ n d ɪ k t v iː s
nöjd	n œ j d
nöje	²n 'œ j ɛ
nöjesfält	²n 'œ j ɛ s f ɛ l t
nöjesliv	²n 'œ j ɛ s l iː v
nöjeslysten	²n 'œ j ɛ s l ʏ s t ɛ n
nöp	n øː p
nörd	n øː r d
nördig	n øː r d ɪ
nös	n øː s
nöt	n øː t
nöta	n 'øː t ɛ r
nötknäckare	²n 'øː t k n ɛ k a r ɛ
nötknäppare	²n 'øː t k n ɛ p a r ɛ
nötkråka	n øː t k r oː k a
nötskal	²n 'øː t s k ɑː l
nött	n œ t
o	ɔ k
o-	²'uː
oanad	²'uː ɑː n a d
oansenlig	²'uː a n s eː n l ɪ ɡ
oanständig	²'uː a n s t ɛ n d ɪ ɡ
oansvarig	²'uː a n s v ɑː r ɪ ɡ
oantastlig	²'uː a n t a s t l ɪ ɡ
oanträffbar	²'uː a n t r ɛ f b ɑː r
oanvänd	²'uː a n v ɛ n d
oas	ʊ 'ɑː s
oavbruten	²'uː ɑː v b r ʉː t ɛ n
oavbrutet	²'uː ɑː v b r ʉː t ɛ t
oavgjord	²'uː ɑː v j uː d
oavhängig	²'uː ɑː v h ɛ ŋ ɪ ɡ
oavkortad	²'uː ɑː v k ʊ t a d
oavsett	²'uː ɑː v s ɛ t
ob	²'uː b eː
ob-tillägg	²'uː b eː t ɪ l ɛ ɡ
obalans	²'uː b a l a n s
obalanserad	²'uː b a l a n s eː r a d
obarmhärtig	²'uː b a r m h a t ɪ ɡ
obducera	ɔ b d ɵ s 'eː r a
obducerar	ɔ b d ɵ s 'eː r a r
obduktion	ɔ b d ɵ k ɧ 'uː n
obeaktad	²'uː b ɛ a k t a d
obebodd	²'uː b ɛ b ʊ d
obefintlig	²'uː b ɛ f ɪ n t l ɪ ɡ
obefläckad	²'uː b ɛ f l ɛ k a d
obefogad	²'uː b ɛ f uː ɡ a d
obegriplig	²'uː b ɛ ɡ r iː p l ɪ ɡ
obegränsad	²'uː b ɛ ɡ r ɛ n s a d
obehag	²'uː b ɛ h ɑː ɡ
obehaglig	²'uː b ɛ h ɑː ɡ l ɪ ɡ
obehindrat	²'uː b ɛ h ɪ n d r a t
obehärskad	²'uː b ɛ h a ɕ k a d
obehörig	²'uː b ɛ h øː r ɪ ɡ
obekant	²'uː b ɛ k a n t
obekväm	²'uː b ɛ k v ɛː m
obelisk	ʊ b ɛ l 'ɪ s k
obemannad	²'uː b ɛ m a n a d
obemärkt	²'uː b ɛ m a r k t
obenägen	²'uː b ɛ n ɛː ɡ ɛ n
oberoende	²'uː b ɛ r uː ɛ n d ɛ
oberäknelig	²'uː b ɛ r ɛː k n ɛ l ɪ ɡ
oberörd	²'uː b ɛ r øː d
obeskrivlig	²'uː b ɛ s k r iː v l ɪ ɡ
obestridd	²'uː b ɛ s t r ɪ d
obestridlig	²'uː b ɛ s t r iː d l ɪ ɡ
obeställbar	²'uː b ɛ s t ɛ l b ɑː r
obestämd	²'uː b ɛ s t ɛ m d
obestånd	²'uː b ɛ s t ɔ n d
obesvärad	²'uː b ɛ s v ɛː r a d
obetalbar	²'uː b ɛ t ɑː l b ɑː r
obetingad	²'uː b ɛ t ɪ ŋ a d
obetydlig	²'uː b ɛ t yː d l ɪ ɡ
obetänksam	²'uː b ɛ t ɛ ŋ k s a m
obevakad	²'uː b ɛ v ɑː k a d
obevandrad	²'uː b ɛ v a n d r a d
obeveklig	²'uː b ɛ v eː k l ɪ ɡ
objekt	ɔ b j 'ɛ k t
objektiv	ɔ b j ɛ k t 'iː v
objuden	²'uː b j ʉː d ɛ n
oblat	ʊ b l 'ɑː t
oblid	²'uː b l iː d
obligation	ɔ b l ɪ ɡ a ɧ 'uː n
obligatorisk	ɔ b l ɪ ɡ a t 'uː r ɪ s k
oblyg	²'uː b l yː ɡ
oboe	oː b ʊ ɛ
oborstad	²'uː b ʊ ɕ t a d
obotlig	²'uː b uː t l ɪ ɡ
obrottslig	²'uː b r ɔ t s l ɪ ɡ
obrukbar	²'uː b r ʉː k b ɑː r
obruten	²'uː b r ʉː t ɛ n
obs	ɔ b s
obscen	ɔ b s 'eː n
observant	ɔ b s a r v 'a n t
observatorium	ɔ b s a r v a t 'uː r ɪ ɵ m
observatör	ɔ b s a r v a t 'øː r
observera	ɔ b s a r v 'eː r a
observerar	ɔ b s a r v 'eː r a r
obskyr	ʊ b s k 'yː r
obstruktion	ɔ b s t r ɵ k ɧ 'uː n
obunden	²'uː b ɵ n d ɛ n
obygd	²'uː b ʏ ɡ d
obändig	²'uː b ɛ n d ɪ ɡ
obönhörlig	²'uː b øː n h øː l ɪ ɡ
ocean	ʊ s ɛ 'ɑː n
oceanien	ʊ s ɪ 'ɑː n ɪ ɛ n
och	ɔ k
ock	ɔ k
ocker	'ɔ k ɛ r
ockra	²'ɔ k r a
ockrar	²'ɔ k r a r
också	²'ɔ k s ɔ
ockult	ʊ k 'ɵ l t
ockupant	ɔ k ɵ p 'a n t
ockupera	ɔ k ɵ p 'eː r a
ockuperar	ɔ k ɵ p 'eː r a r
odds	ɔ d s
odelad	²'uː d eː l a d
odemokratisk	²'uː d ɛ m ʊ k r ɑː t ɪ s k
odensjö	'uː d ɛ n ɧ øː
odiskutabel	²'uː d ɪ s k ɵ t ɑː b ɛ l
odjur	²'uː j ʉː r
odla	²'uː d l a
odlar	²'uː d l a r
odling	²'uː d l ɪ ŋ
odontologisk	ʊ d ɔ n t ʊ l 'oː ɡ ɪ s k
odräglig	²'uː d r ɛː ɡ l ɪ ɡ
oduglig	²'uː d ʉː ɡ l ɪ ɡ
odugling	²'uː d ʉː ɡ l ɪ ŋ
odåga	²'uː d oː ɡ a
odödlig	²'uː d øː d l ɪ ɡ
oecd	uː eː s eː d 'eː
oeftergivlig	²'uː ɛ f t ɛ r j iː v l ɪ ɡ
oefterhärmlig	²'uː ɛ f t ɛ r h a r m l ɪ ɡ
oegentlighet	²'uː ɛ j ɛ n t l ɪ ɡ h eː t
oekonomisk	²'uː ɛ k ʊ n oː m ɪ s k
oemotsagd	²'uː ɛ m uː t s a ɡ d
oemotståndlig	²'uː ɛ m uː t s t ɔ n d l ɪ ɡ
oenig	²'uː eː n ɪ ɡ
oense	²'uː ɛ n s ɛ
oerhörd	²'uː ɛ r h øː d
oerhört	²'uː ɛ r h øː t
oersättlig	²'uː ɛ ɕ ɛ t l ɪ ɡ
ofantlig	ʊ f 'a n t l ɪ ɡ
ofarlig	²'uː f ɑː l ɪ ɡ
ofattbar	²'uː f a t b ɑː r
ofelbar	²'uː f eː l b ɑː r
ofelbart	²'uː f eː l b ɑː t
offensiv	ɔ f ɛ n s 'iː v
offentlig	ɔ f 'ɛ n t l ɪ ɡ
offentliggöra	²ɔ f 'ɛ n t l ɪ ɡ j øː r
offentlighet	ɔ f 'ɛ n t l ɪ ɡ h eː t
offentlighetsprincipen	²ɔ f 'ɛ n t l ɪ ɡ h eː t s p r ɪ n s iː p ɛ n
offentligt	ɔ f 'ɛ n t l ɪ k t
offer	'ɔ f ɛ r
offert	ɔ f 'ɛ t
officer	ɔ f ɪ s 'eː r
officerare	²ɔ f ɪ s eː r a r ɛ
officiell	ɔ f ɪ s ɪ 'ɛ l
offra	²'ɔ f r a
offrar	²'ɔ f r a r
offset	ɔ f s 'ɛ t
offshore	ɔ f ɧ 'oː r
offside	ɔ f s 'a j d
oflyt	'uː f l 'yː t
ofog	²'uː f uː ɡ
oformlig	²'uː f ɔ r m l ɪ ɡ
ofreda	²'uː f r eː d a
ofredar	²'uː f r eː d a r
ofrivillig	²'uː f r iː v ɪ l ɪ ɡ
ofrånkomlig	²'uː f r oː n k ɔ m l ɪ ɡ
ofta	²'ɔ f t a
oftast	²'ɔ f t a s t
ofullbordad	²'uː f ɵ l b uː d a d
ofullständig	²'uː f ɵ l s t ɛ n d ɪ ɡ
oförarglig	²'uː f œ r a r j l ɪ ɡ
oförbätterlig	²'uː f œ r b ɛ t ɛ l ɪ ɡ
oförenlig	²'uː f œ r eː n l ɪ ɡ
oförfalskad	²'uː f œ r f a l s k a d
oförglömlig	²'uː f œ r ɡ l œ m l ɪ ɡ
oförhappandes	²'uː f œ r h a p a n d ɛ s
oförklarlig	²'uː f œ r k l ɑː l ɪ ɡ
oförlåtlig	²'uː f œ l oː t l ɪ ɡ
oförmodad	²'uː f œ r m uː d a d
oförmåga	²'uː f œ r m oː ɡ a
oförmögen	²'uː f œ r m øː ɡ ɛ n
oförrätt	²'uː f œ r ɛ t
oförsiktig	²'uː f œ ɕ ɪ k t ɪ ɡ
oförskämd	²'uː f œ r ɧ ɛ m d
oförsonlig	²'uː f œ ɕ uː n l ɪ ɡ
oförställd	²'uː f œ ɕ t ɛ l d
oförstående	²'uː f œ ɕ t oː ɛ n d ɛ
oförstånd	²'uː f œ ɕ t ɔ n d
oförsvarlig	²'uː f œ ɕ v ɑː l ɪ ɡ
oförsynt	²'uː f œ ɕ yː n t
oförtjänt	²'uː f œ r ɕ ɛ n t
oförtruten	²'uː f œ t r ʉː t ɛ n
oförutsedd	²'uː f œ r ʉː t s ɛ d
oförvitlig	²'uː f œ r v ɪ t l ɪ ɡ
oförändrad	²'uː f œ r ɛ n d r a d
ogenerad	²'uː ɧ ɛ n eː r a d
ogenomtränglig	²'uː j ɛ n ɔ m t r ɛ ŋ l ɪ ɡ
ogge	²s ɔ ɡ ɛ
ogift	²'uː j ɪ f t
ogilla	²'uː j ɪ l a
ogillar	²'uː j ɪ l a r
ogiltig	²'uː j ɪ l t ɪ ɡ
ogjord	²'uː j uː d
ogrundad	²'uː ɡ r ɵ n d a d
ogräs	²'uː ɡ r ɛː s
ogynnsam	²'uː j ʏ n s a m
ogärna	²'uː j ɛː n a
ogästvänlig	²'uː j ɛ s t v a n l ɪ ɡ
ogörlig	²'uː j øː l ɪ ɡ
ohanterlig	²'uː h a n t eː l ɪ ɡ
ohejdad	²'uː h ɛ j d a d
ohemul	'uː h ɛ m ɵ l
oherrans	²uː h 'ɛ r a n s
ohjälpligt	²'uː j ɛ l p l ɪ k t
ohm	oː m
ohoj	ʊ h 'ɔ j
ohyfsad	²'uː h ʏ f s a d
ohygglig	ʊ h 'ʏ ɡ l ɪ ɡ
ohyra	²'uː h yː r a
ohämmad	²'uː h ɛ m a d
ohållbar	²'uː h ɔ l b ɑː r
oigenkännlig	²'uː ɪ j ɛ n ɕ ɛ n l ɪ ɡ
oinskränkt	²'uː ɪ n s k r ɛ ŋ k t
ointressant	²'uː ɪ n t r ɛ s a n t
ointresserad	²'uː ɪ n t r ɛ s eː r a d
oj	ɔ j
ojust	²'uː ɧ ʏ s t
ojämförlig	²'uː j ɛ m f øː l ɪ ɡ
ojämn	²'uː j ɛ m n
ojävig	²'uː j ɛː v ɪ ɡ
ok	ɔ k 'ɛ j
okapabel	²s 'uː k a p 'ɑː b ɛ l
okej	ɔ k ɛ j
oklanderlig	²'uː k l a n d ɛ l ɪ ɡ
oklar	²'uː k l ɑː r
okomplicerad	²'uː k ɔ m p l ɪ s eː r a d
okonstlad	²'uː k ɔ n s t l a d
okonventionell	²'uː k ɔ n v ɛ n ɧ ʊ n ɛ l
okristlig	²'uː k r ɪ s t l ɪ ɡ
okrönt	²'uː k r øː n t
oktantal	²ɔ k t 'ɑː n t ɑː l
oktanvärde	²ɔ k t 'ɑː n v ɛː d ɛ
oktav	ɔ k t 'ɑː v
oktiljon	ʊ k t ɪ l j 'uː n
oktober	ɔ k t 'uː b ɛ r
okunnig	²'uː k ɵ n ɪ ɡ
okunnighet	²'uː k ɵ n ɪ ɡ h eː t
okuvlig	²'uː k ʉː v l ɪ ɡ
okvädingsord	²'uː k v ɛː d ɪ ŋ s uː r d
okynne	²'uː ɕ ʏ n ɛ
okynnesäta	²s 'uː ɕ ʏ n ɛ s ɛː t a
okänd	²'uː ɕ ɛ n d
okändhet	²s 'uː ɕ ɛ n d h 'eː t
okänslig	²'uː ɕ ɛ n s l ɪ ɡ
olag	²'uː l ɑː ɡ
olaga	²'uː l ɑː ɡ a
olaglig	²'uː l ɑː ɡ l ɪ ɡ
olater	²'uː l ɑː t ɛ r
olidlig	²'uː l iː d l ɪ ɡ
olik	²'uː l iː k a
olika	²'uː l iː k a
olikhet	²'uː l iː k h eː t
oliktänkande	²'uː l iː k t ɛ ŋ k a n d ɛ
oliv	ʊ l 'iː v
olja	²'ɔ l j a
oljar	²'ɔ l j a r
oljebälte	²'ɔ l j ɛ b ɛ l t ɛ
oljeplattform	²'ɔ l j ɛ p l a t f ɔ r m
oljud	²'uː j ʉː d
olle	²'ʊ l ɛ
ollon	²'ɔ l ɔ n
olof	'uː l ɔ f
olovlig	²'uː l oː v l ɪ ɡ
olust	²'uː l ɵ s t
olustig	²'uː l ɵ s t ɪ ɡ
olycka	²'uː l ʏ k a
olycklig	²'uː l ʏ k l ɪ ɡ
olycksbarn	²'uː l ʏ k s b ɑː n
olycksbådande	²'uː l ʏ k s b oː d a n d ɛ
olycksfall	²'uː l ʏ k s f a l
olycksfågel	²'uː l ʏ k s f oː ɡ ɛ l
olyckshändelse	²'uː l ʏ k s h ɛ n d ɛ l s ɛ
olyckskorp	²'uː l ʏ k s k ɔ r p
olydig	²'uː l yː d ɪ ɡ
olympiad	ʊ l ʏ m p ɪ 'ɑː d
olympisk	ʊ l 'ʏ m p ɪ s k
olägenhet	²'uː l ɛː ɡ ɛ n h eː t
olämplig	²'uː l ɛ m p l ɪ ɡ
oländig	²'uː l ɛ n d ɪ ɡ
olöslig	²'uː l øː s l ɪ ɡ
olöst	²'uː l øː s t
om	ɔ m
omaka	²'uː m ɑː k a
ombedas	²'ɔ m b eː d ɛ s
ombegrava	ɔ m b 'eː ɡ r 'ɑː v a
ombilda	²'ɔ m b ɪ l d a
ombildar	²'ɔ m b ɪ l d a r
ombonad	²'ɔ m b uː n a d
ombord	ɔ m b 'uː d
ombrytning	²'ɔ m b r yː t n ɪ ŋ
ombud	²'ɔ m b ʉː d
ombudsman	²'ɔ m b ʉː d s m a n
ombyggnad	²'ɔ m b ʏ ɡ n a d
ombyte	²'ɔ m b yː t ɛ
ombytlig	²'ɔ m b yː t l ɪ ɡ
omdana	²'ɔ m d ɑː n a
omdanar	²'ɔ m d ɑː n a r
omdebatterad	²'ɔ m d ɛ b a t eː r a d
omdöme	²'ɔ m d œ m ɛ
omdömesgill	²'ɔ m d œ m ɛ s j ɪ l
omedelbar	²'uː m eː d ɛ l b ɑː r
omedelbart	²'uː m eː d ɛ l b ɑː t
omedgörlig	²'uː m eː d j øː l ɪ ɡ
omedveten	²'uː m eː d v eː t ɛ n
omelett	ɔ m ɛ l 'ɛ t
omen	'uː m ɛ n
omfamna	²'ɔ m f a m n a
omfamnar	²'ɔ m f a m n a r
omfatta	²'ɔ m f a t a
omfattande	²'ɔ m f a t a n d ɛ
omfattar	²'ɔ m f a t a r
omfattning	²'ɔ m f a t n ɪ ŋ
omfång	²'ɔ m f ɔ ŋ
omge	²'ɔ m j eː r
omgift	²'ɔ m j ɪ f t
omgivning	²'ɔ m j iː v n ɪ ŋ
omgående	²'ɔ m ɡ oː ɛ n d ɛ
omgång	²'ɔ m ɡ ɔ ŋ
omhulda	²'ɔ m h ɵ l d a
omhuldar	²'ɔ m h ɵ l d a r
omhänderta	²ɔ m h 'ɛ n d ɛ t ɑː r
omild	²'uː m ɪ l d
omintetgöra	²ɔ m 'ɪ n t ɛ t j øː r
omisskännelig	²'uː m ɪ s ɕ ɛ n ɛ l ɪ ɡ
omistlig	²'uː m ɪ s t l ɪ ɡ
omklädd	²'ɔ m k l ɛ d
omklädningsrum	²'ɔ m k l ɛː d n ɪ ŋ s r ɵ m
omkomma	²'ɔ m k ɔ m ɛ r
omkostnad	²'ɔ m k ɔ s t n a d
omkrets	²'ɔ m k r ɛ t s
omkring	ɔ m k r 'ɪ ŋ
omkull	ɔ m k 'ɵ l
omkväde	²'ɔ m k v ɛː d ɛ
omkörning	²'ɔ m ɕ øː n ɪ ŋ
omljud	²s ɔ m j s d
omlopp	²'ɔ m l ɔ p
omläggning	²'ɔ m l ɛ ɡ n ɪ ŋ
omnejd	²'ɔ m n ɛ j d
omnämna	²'ɔ m n ɛ m n ɛ r
omodern	²'uː m ʊ d ɛː n
omorganisera	²'ɔ m ɔ r ɡ a n ɪ s eː r a
omorganiserar	²'ɔ m ɔ r ɡ a n ɪ s eː r a r
omotiverad	²'uː m ʊ t ɪ v eː r a d
omplacera	²'ɔ m p l a s eː r a
omplacerar	²'ɔ m p l a s eː r a r
ompröva	²'ɔ m p r øː v a
omprövar	²'ɔ m p r øː v a r
omringa	²'ɔ m r ɪ ŋ a
omringar	²'ɔ m r ɪ ŋ a r
område	²'ɔ m r oː d ɛ
omröstning	²'ɔ m r œ s t n ɪ ŋ
omsider	ɔ m s 'iː d ɛ r
omskakad	²'ɔ m s k ɑː k a d
omskola	²'ɔ m s k uː l a
omskolar	²'ɔ m s k uː l a r
omskriven	²'ɔ m s k r iː v ɛ n
omskära	²'ɔ m ɧ ɛː r
omslag	²'ɔ m s l ɑː ɡ
omsorg	²'ɔ m s ɔ r j
omsorgsfull	²'ɔ m s ɔ r j s f ɵ l
omsorgsnämnd	²'ɔ m s ɔ r j s n ɛ m d
omspel	²'ɔ m s p eː l
omstridd	²'ɔ m s t r ɪ d
omställning	²'ɔ m s t ɛ l n ɪ ŋ
omständig	²s ɔ m s t ɛ n d ɪ
omständighet	²'ɔ m s t ɛ n d ɪ ɡ h eː t
omständlig	²'ɔ m s t ɛ n d l ɪ ɡ
omstörta	²'ɔ m s t œ t a
omstörtar	²'ɔ m s t œ t a r
omsusad	²'ɔ m s ʉː s a d
omsvängning	²'ɔ m s v ɛ ŋ n ɪ ŋ
omsvärmad	²'ɔ m s v a r m a d
omsätta	²'ɔ m s ɛ t ɛ r
omsättning	²'ɔ m s ɛ t n ɪ ŋ
omtala	²'ɔ m t ɑː l a
omtalad	²'ɔ m t ɑː l a d
omtalar	²'ɔ m t ɑː l a r
omtanke	²'ɔ m t a ŋ k ɛ
omtumlad	²'ɔ m t ɵ m l a d
omtvistad	²'ɔ m t v ɪ s t a d
omtyckt	²'ɔ m t ʏ k t
omtänksam	²'ɔ m t ɛ ŋ k s a m
omtöcknad	²'ɔ m t œ k n a d
omutlig	²'uː m ʉː t l ɪ ɡ
omval	²'ɔ m v ɑː l
omvandla	²'ɔ m v a n d l a
omvandlar	²'ɔ m v a n d l a r
omvittnad	²'ɔ m v ɪ t n a d
omväg	²'ɔ m v ɛː ɡ
omvälva	²'ɔ m v ɛ l v ɛ r
omvänt	²'ɔ m v ɛ n t
omvärdera	²'ɔ m v a d eː r a
omvärderar	²'ɔ m v a d eː r a r
omvärld	²'ɔ m v ɛː d
omväxlande	²'ɔ m v ɛ k s l a n d ɛ
omväxling	²'ɔ m v ɛ k s l ɪ ŋ
omvårdnad	²'ɔ m v oː d n a d
omyndig	²'uː m ʏ n d ɪ ɡ
omänsklig	²'uː m ɛ n s k l ɪ ɡ
omärklig	²'uː m a r k l ɪ ɡ
omättlig	²'uː m ɛ t l ɪ ɡ
omåttlig	²'uː m ɔ t l ɪ ɡ
omöblerad	²'uː m œ b l eː r a d
omöjlig	²'uː m œ j l ɪ ɡ
omöjliggöra	²'uː m œ j l ɪ ɡ j øː r
onanera	ʊ n a n 'eː r a
onanerar	ʊ n a n 'eː r a r
onani	ʊ n a n 'iː
onaturlig	²'uː n a t ʉː l ɪ ɡ
ond	ʊ n d
ondsint	²'ʊ n d s ɪ n t
ondska	²'ʊ n d s k a
onekligen	²'uː n eː k l ɪ ɡ ɛ n
onormal	²'uː n ɔ r m ɑː l
onsdag	'ʊ n s d ɑː ɡ
ont	ʊ n t
onumrerad	²'uː n ɵ m r eː r a d
onykter	²'uː n ʏ k t ɛ r
onyttig	²'uː n ʏ t ɪ ɡ
onåd	²'uː n oː d
onödan	²'uː n øː d a n
onödig	²'uː n øː d ɪ ɡ
oomtvistlig	²'uː ɔ m t v ɪ s t l ɪ ɡ
oordning	²'uː oː d n ɪ ŋ
oorganiserad	²'uː ɔ r ɡ a n ɪ s eː r a d
opartisk	²'uː p ɑː t ɪ s k
opassande	²'uː p a s a n d ɛ
opasslig	²'uː p a s l ɪ ɡ
opera	²'uː p ɛ r a
operation	ʊ p ɛ r a ɧ 'uː n
operatör	ʊ p ɛ r a t 'øː r
operera	ʊ p ɛ r 'eː r a
opererar	ʊ p ɛ r 'eː r a r
operett	ʊ p ɛ r 'ɛ t
opersonlig	²'uː p ɛ ɕ uː n l ɪ ɡ
opinion	ɔ p ɪ n ɪ 'uː n
opium	'uː p ɪ ɵ m
opp	ɔ p
oppe	²'ɔ p ɛ
opponent	ɔ p ʊ n 'ɛ n t
opportun	ɔ p ʊ t 'ʉː n
opportunist	ɔ p ʊ t ɵ n 'ɪ s t
opposition	ɔ p ʊ s ɪ ɧ 'uː n
opraktisk	²'uː p r a k t ɪ s k
optik	ɔ p t 'iː k
optiker	'ɔ p t ɪ k ɛ r
optimera	ɔ p t ɪ m 'eː r a
optimerar	ɔ p t ɪ m 'eː r a r
optimism	ɔ p t ɪ m 'ɪ s m
optimist	ɔ p t ɪ m 'ɪ s t
optimistisk	ɔ p t ɪ m 'ɪ s t ɪ s k
option	ɔ p ɧ 'uː n
optisk	'ɔ p t ɪ s k
opålitlig	²'uː p oː l iː t l ɪ ɡ
orakel	ʊ r 'ɑː k ɛ l
orange	ʊ r 'a n ɧ
ord	uː d
orda	²'uː d a
ordagrann	²'uː d a ɡ r a n
ordalag	²'uː d a l ɑː ɡ
ordar	²'uː d a r
ordbehandlare	²'uː d b ɛ h a n d l a r ɛ
ordbehandling	²'uː d b ɛ h a n d l ɪ ŋ
ordblind	²'uː d b l iː n d
ordbok	²'uː d b uː k
orden	'oː d ɛ n
ordentlig	ɔ d 'ɛ n t l ɪ ɡ
order	'oː d ɛ r
ordföljd	²'uː d f œ l j d
ordförande	²'uː d f øː r a n d ɛ
ordförråd	²'uː d f œ r oː d
ordinarie	ɔ d ɪ n 'ɑː r ɪ ɛ
ordination	ɔ d ɪ n a ɧ 'uː n
ordinera	ɔ d ɪ n 'eː r a
ordinerar	ɔ d ɪ n 'eː r a r
ordinär	ɔ d ɪ n 'ɛː r
ordklass	²'uː d k l a s
ordknapp	²'uː d k n a p
ordlek	²'uː d l eː k
ordna	²'oː d n a
ordnad	²'oː d n a d
ordnar	²'oː d n a r
ordning	²'oː d n ɪ ŋ
ordningsvakt	²'oː d n ɪ ŋ s v a k t
ordspråk	²'uː d ɕ p r oː k
ordstäv	²'uː d ɕ t ɛː v
ordval	²'uː d v ɑː l
orealistisk	²'uː r ɛ a l ɪ s t ɪ s k
oreda	²'uː r eː d a
oredig	²'uː r eː d ɪ ɡ
oregelbunden	²'uː r eː ɡ ɛ l b ɵ n d ɛ n
oregerlig	²'uː r ɛ j eː l ɪ ɡ
oresonlig	²'uː r ɛ s uː n l ɪ ɡ
organ	ɔ r ɡ 'ɑː n
organisation	ɔ r ɡ a n ɪ s a ɧ 'uː n
organisatör	ɔ r ɡ a n ɪ s a t 'øː r
organisera	ɔ r ɡ a n ɪ s 'eː r a
organiserar	ɔ r ɡ a n ɪ s 'eː r a r
organisk	ɔ r ɡ 'ɑː n ɪ s k
organism	ɔ r ɡ a n 'ɪ s m
organist	ɔ r ɡ a n 'ɪ s t
orgasm	ɔ r ɡ 'a s m
orgel	²'ɔ r j ɛ l
orgie	'ɔ r ɡ ɪ ɛ
orientalisk	ɔ r ɪ ɛ n t 'ɑː l ɪ s k
orienten	ɔ r ɪ 'ɛ n t ɛ n
orientera	ɔ r ɪ ɛ n t 'eː r a
orienterar	ɔ r ɪ ɛ n t 'eː r a r
orientering	ɔ r ɪ ɛ n t 'eː r ɪ ŋ
orienteringsämne	²ɔ r ɪ ɛ n t 'eː r ɪ ŋ s ɛ m n ɛ
orientseglare	ɔ r ɪ j ɛ n t s 'eː ɡ l a r ɛ
orienttalgoxe	ʊ r ɪ j ɛ n t a l j ʊ k s ɜ
orientvadarsvala	ɔ r j ɛ n t v 'ɑː d a r s v 'ɑː l a
original	ɔ r ɡ ɪ n 'ɑː l
originell	ɔ r ɡ ɪ n 'ɛ l
oriktig	²'uː r ɪ k t ɪ ɡ
orimlig	²'uː r ɪ m l ɪ ɡ
ork	ɔ r k
orka	²'ɔ r k a
orkan	ɔ r k 'ɑː n
orkar	²'ɔ r k a r
orkeslös	ɔ r k ɛ s l øː s
orkester	ɔ r k 'ɛ s t ɛ r
orm	ʊ r m
orma	ʊ r m a
ormörn	ʊ r m øː r n
ornament	ʊ n a m 'ɛ n t
oro	²'uː r uː
oroa	²'uː r uː a
oroar	²'uː r uː a r
orolig	²'uː r uː l ɪ ɡ
orolighet	²'uː r uː l ɪ ɡ h eː t
oroshärd	²'uː r uː s h ɛː d
orosmoln	²'uː r uː s m oː l n
orre	²'ɔ r ɛ
orsak	²'uː ɕ ɑː k
orsaka	²'uː ɕ ɑː k a
orsakar	²'uː ɕ ɑː k a r
ort	uː t
ortodox	ɔ t ʊ d 'ɔ k s
ortoklas	ɔ r t ɔ k l 'ɑː s
ortoped	ɔ t ʊ p 'eː d
ortopedisk	ɔ t ʊ p 'eː d ɪ s k
orubbad	²'uː r ɵ b a d
orubblig	²'uː r ɵ b l ɪ ɡ
oräknelig	²'uː r ɛː k n ɛ l ɪ ɡ
orätt	²'uː r ɛ t
orättfärdig	²'uː r ɛ t f ɛː d ɪ ɡ
orättmätig	²'uː r ɛ t m ɛː t ɪ ɡ
orättvis	²'uː r ɛ t v iː s
orättvisa	²'uː r ɛ t v iː s a
orörd	²'uː r øː d
orörlig	²'uː r øː l ɪ ɡ
os	²'uː ɛ s
osa	²'uː s a
osagd	²'uː s a ɡ d
osaklig	²'uː s ɑː k l ɪ ɡ
osammanhängande	²'uː s a m a n h ɛ ŋ a n d ɛ
osams	²'uː s a m s
osann	²'uː s a n
osanning	²'uː s a n ɪ ŋ
osannolik	²'uː s a n ʊ l iː k
osar	²'uː s a r
oscar	t ɔ s k a r
osedvanlig	²'uː s eː d v ɑː n l ɪ ɡ
osjälvisk	²'uː ɧ ɛ l v ɪ s k
oskadd	²'uː s k a d
oskadliggöra	²'uː s k ɑː d l ɪ ɡ j øː r
oskar	t ɔ s k a r
oskick	²'uː ɧ ɪ k
oskiftad	²'uː ɧ ɪ f t a d
oskiljaktig	²'uː ɧ ɪ l j a k t ɪ ɡ
oskriven	²'uː s k r iː v ɛ n
oskuld	²'uː s k ɵ l d
oskyldig	²'uː ɧ ʏ l d ɪ ɡ
oskälig	²'uː ɧ ɛː l ɪ ɡ
oslagbar	²'uː s l ɑː ɡ b ɑː r
oslo	²s ʊ s l ʊ
osmaklig	²'uː s m ɑː k l ɪ ɡ
osminkad	²'uː s m ɪ ŋ k a d
osportslig	²'uː s p ɔ t ɕ l ɪ ɡ
oss	ɔ s
ost	ʊ s t
ostadig	²'uː s t ɑː d ɪ ɡ
ostkaka	ʊ s t k 'ɑː k a
ostlig	²'ʊ s t l ɪ ɡ
ostädad	²'uː s t ɛː d a d
osund	²'uː s ɵ n d
osv	²ɔ k s ɔ v 'iː d a r ɛ
osviklig	²'uː s v iː k l ɪ ɡ
osvuren	²'uː s v ʉː r ɛ n
osynlig	²'uː s yː n l ɪ ɡ
osynlighet	'uː s 'yː n l ɪ h 'eː t
osäker	²'uː s ɛː k ɛ r
otack	²'uː t a k
otacksam	²'uː t a k s a m
otagbar	²s 'uː t 'ɑː ɡ b 'ɑː r
otidsenlig	²'uː t iː d s eː n l ɪ ɡ
otillbörlig	²'uː t ɪ l b øː l ɪ ɡ
otillfredsställande	²'uː t ɪ l f r eː d s t ɛ l a n d ɛ
otillräcklig	²'uː t ɪ l r ɛ k l ɪ ɡ
otillräknelig	²'uː t ɪ l r ɛː k n ɛ l ɪ ɡ
otillständig	²'uː t ɪ l s t ɛ n d ɪ ɡ
otillåtlig	²'uː t ɪ l ɔ t l ɪ ɡ
otippad	²'uː t ɪ p a d
otjänlig	²'uː ɕ ɛː n l ɪ ɡ
otrevlig	²'uː t r eː v l ɪ ɡ
otrogen	²'uː t r uː ɡ ɛ n
otrohet	²'uː t r uː h eː t
otrolig	²'uː t r uː l ɪ ɡ
otröstlig	²'uː t r œ s t l ɪ ɡ
otta	²'uː t a
otukt	²'uː t ɵ k t
otur	²'uː t ʉː r
otvetydig	²'uː t v eː t yː d ɪ ɡ
otvivelaktigt	²'uː t v iː v ɛ l a k t ɪ k t
otvungen	²'uː t v ɵ ŋ ɛ n
otydlig	²'uː t yː d l ɪ ɡ
otyg	²'uː t yː ɡ
otymplig	²'uː t ʏ m p l ɪ ɡ
otäck	²'uː t ɛ k
otänkbar	²'uː t ɛ ŋ k b ɑː r
otålig	²'uː t oː l ɪ ɡ
oumbärlig	²'uː ɵ m b ɛː l ɪ ɡ
oundgänglig	²'uː ɵ n d j ɛ ŋ l ɪ ɡ
oundviklig	²'uː ɵ n d v iː k l ɪ ɡ
oupphörligt	²'uː ɵ p h øː l ɪ k t
outgrundlig	²'uː ʉː t ɡ r ɵ n d l ɪ ɡ
outhärdlig	²'uː ʉː t h ɛː d l ɪ ɡ
outsider	'a ʊ t s a j d ɛ r
outstanding	'a ʊ t s t a n d ɪ ŋ
outtalad	²'uː ʉː t ɑː l a d
outtröttlig	²'uː ʉː t r œ t l ɪ ɡ
outtömlig	²'uː ʉː t œ m l ɪ ɡ
oval	ʊ v 'ɑː l
ovan	²'oː v a n
ovana	²'uː v ɑː n a
ovanför	²'oː v a n f øː r
ovanlig	²'uː v ɑː n l ɪ ɡ
ovanlighet	²'uː v ɑː n l ɪ ɡ h eː t
ovannämnd	²'oː v a n ɛ m d
ovanpå	²'oː v a n p oː
ovanstående	²'oː v a n s t oː ɛ n d ɛ
ovarsam	²'uː v ɑː ɕ a m
ovation	ʊ v a ɧ 'uː n
ove	²s 'uː v ɛ
overall	ɔ v ɛ r 'oː l
overhead	ʊ v ɛ r h 'ɛː d
overheadprojektor	²ʊ v ɛ r h 'ɛː d p r ʊ j ɛ k t ʊ r
overklig	²'uː v a r k l ɪ ɡ
overksam	²'uː v a r k s a m
ovetande	²'uː v eː t a n d ɛ
ovidkommande	²'uː v iː d k ɔ m a n d ɛ
ovilja	²'uː v ɪ l j a
ovillig	²'uː v ɪ l ɪ ɡ
ovillkorlig	²'uː v ɪ l k oː l ɪ ɡ
oviss	²'uː v ɪ s
ovisshet	²'uː v ɪ s h eː t
oväder	²'uː v ɛː d ɛ r
ovän	²'uː v ɛ n
oväntad	²'uː v ɛ n t a d
ovärderlig	²'uː v a d eː l ɪ ɡ
oväsen	²'uː v ɛː s ɛ n
oväsentlig	²'uː v ɛ s ɛ n t l ɪ ɡ
oxe	²'ʊ k s ɛ
oxen	²s ʊ k s ɛ n
oxid	ɔ k s 'iː d
ozon	ʊ s 'oː n
oä	²'uː ɛː
oäkta	²'uː ɛ k t a
oälskbar	²s 'uː ɛ l s k b 'ɑː r
oändlig	ʊ 'ɛ n d l ɪ ɡ
oäven	²'uː ɛː v ɛ n
oåterkallelig	²'uː oː t ɛ r k a l ɛ l ɪ ɡ
oåtkomlig	²'uː oː t k ɔ m l ɪ ɡ
oöverkomlig	²'uː øː v ɛ r k ɔ m l ɪ ɡ
oöverskådlig	²'uː øː v ɛ ɕ k oː d l ɪ ɡ
oöverstiglig	²'uː øː v ɛ ɕ t iː ɡ l ɪ ɡ
oöverträffad	²'uː øː v ɛ t r ɛ f a d
oöverträfflig	²'uː øː v ɛ t r ɛ f l ɪ ɡ
oövervinnelig	²'uː øː v ɛ r v ɪ n ɛ l ɪ ɡ
p-piller	²p 'eː p ɪ l ɛ r
p-plats	²p 'eː p l a t s
pacemaker	p 'ɛ j s m ɛ j k ɛ r
pacifism	p a s ɪ f 'ɪ s m
pacifist	p a s ɪ f 'ɪ s t
pack	p a k
packa	²p 'a k a
packad	²p 'a k a d
packar	²p 'a k a r
packe	²p 'a k ɛ
packning	²p 'a k n ɪ ŋ
padda	²p 'a d a
paddel	p 'a d ɛ l
paddla	²p 'a d l a
paddlar	²p 'a d l a r
paff	p a f
page	p 'ɑː ɧ
paj	p a j
paja	²p 'a j a
pajar	²p 'a j a r
pajas	p 'a j a s
paket	p a k 'eː t
paketera	p a k ɛ t 'eː r a
paketerar	p a k ɛ t 'eː r a r
pakethållare	²p a k 'eː t h ɔ l a r ɛ
paketresa	²p a k 'eː t r eː s a
pakt	p a k t
palatal	p a l a t 'ɑː l
palats	p a l 'a t s
palaver	p a l 'ɑː v ɛ r
palestinier	p a l ɛ s t 'iː n ɪ ɛ r
palett	p a l 'ɛ t
palisander	p a l ɪ s 'a n d ɛ r
pall	p a l
palla	²p 'a l a
palladium	p a l 'ɑː d ɪ ɵ m
pallar	²p 'a l a r
palm	p a l m
palmduva	p a l m d ʉː v a
palmsöndag	²p 'a l m s œ n d ɑː ɡ
pals	p a l s
palsternacka	²p 'a l s t ɛ n a k a
palt	p a l t
paltbröd	²p 'a l t b r øː d
paltor	²p 'a l t ʊ r
paludarium	p 'ɑː l ɵ d 'ɑː r ɪ ɵ m
pamflett	p a m f l 'ɛ t
pamp	p a m p
pampig	²p 'a m p ɪ ɡ
panda	p a n d a
panel	p a n 'eː l
panera	p a n 'eː r a
panerar	p a n 'eː r a r
pang	p a ŋ
panga	²p 'a ŋ a
pangar	²p 'a ŋ a r
panik	p a n 'iː k
pank	p a ŋ k
panna	²p 'a n a
pannbiff	²p 'a n b ɪ f
pannkaka	²p 'a n k ɑː k a
panorama	²p a n ʊ r 'ɑː m a
panpsykism	²s p a n p s 'yː k ɪ s m
pansar	²p 'a n s a r
pant	p a n t
panta	²p 'a n t a
pantar	²p 'a n t a r
panteon	p a n t ɛ ʊ n
panter	p 'a n t ɛ r
pantoffel	p a n t ɔ f ɛ l
pantomim	p a n t ʊ m 'iː m
pantsätta	²p 'a n t s ɛ t ɛ r
papegoja	²p a p ɛ ɡ 'ɔ j a
papegojalka	p a p ɛ ɡ ɔ j a l k a
papier-maché	p a p j ɛ m a ɧ 'ɛ
papiljott	p a p ɪ l j 'ɔ t
papp	p a p
pappa	²p 'a p a
pappaledig	²p 'a p a l eː d ɪ ɡ
papper	²p 'a p ɛ r
pappersbruk	²p 'a p ɛ ɕ b r ʉː k
pappersexercis	²p 'a p ɛ ɕ ɛ k s a ɕ iː s
papperskorg	²p 'a p ɛ ɕ k ɔ r j
papperskvarn	²p 'a p ɛ ɕ k v ɑː n
pappersmassa	²p 'a p ɛ ɕ m a s a
papperstiger	²p 'a p ɛ ɕ t iː ɡ ɛ r
pappskalle	²p 'a p s k a l ɛ
paprika	p 'ɑː p r ɪ k a
par	p ɑː r
para	²p 'ɑː r a
parabel	p a r 'ɑː b ɛ l
parabolantenn	²p a r a b 'oː l a n t ɛ n
parad	p a r 'ɑː d
parad-	²p a r 'ɑː d
paradigm	p a r a d 'ɪ ɡ m
paradis	²p 'ɑː r a d iː s
paradox	p a r a d 'ɔ k s
paradoxal	p a r a d ɔ k s 'ɑː l
parafras	p a r a f r 'ɑː s
paragraf	p a r a ɡ r 'ɑː f
parallell	p a r a l 'ɛ l
paralysera	p a r a l ʏ s 'eː r a
paralyserar	p a r a l ʏ s 'eː r a r
paramilitär	p a r a m ɪ l 'eː r
paranoia	²p a r a n 'ɔ j a
parant	p a r 'a n t
paraply	p a r a p l 'yː
paraplyorganisation	²p a r a p l 'yː ʊ r ɡ a n ɪ s a ɧ uː n
parar	²p 'ɑː r a r
parasit	p a r a s 'iː t
parasoll	p a r a s 'ɔ l
paratyfus	²p 'ɑː r a t yː f ɵ s
pardon	p a d 'uː n
parentes	p a r ɛ n t 'eː s
parera	p a r 'eː r a
parerar	p a r 'eː r a r
parfym	p a r f 'yː m
parhästar	²p 'ɑː r h ɛ s t a r
pari	p 'ɑː r ɪ
paris	p a r 'iː s
pariserhjul	²p a r 'iː s ɛ r j ʉː l
park	p a r k
parkas	p 'a r k a s
parkera	p a r k 'eː r a
parkerar	p a r k 'eː r a r
parkering	p a r k 'eː r ɪ ŋ
parkett	p a r k 'ɛ t
parlament	p a l a m 'ɛ n t
parlamentarism	p a l a m ɛ n t a r 'ɪ s m
parlör	p a l 'øː r
parodi	p a r ʊ d 'iː
paroll	p a r 'ɔ l
part	p ɑː t
partaj	p a t 'a j
parti	p a t 'iː
partiapparat	²p a t 'iː a p a r ɑː t
partiell	p a t ɕ ɪ 'ɛ l
partifärg	²p a t 'iː f a r j
partihandel	²p a t 'iː h a n d ɛ l
partikel	p a t 'ɪ k ɛ l
partisk	p 'ɑː t ɪ s k
partner	p 'ɑː t n ɛ r
partsinlaga	²p ɑː t ɕ ɪ n l ɑː ɡ a
party	p 'ɑː t ʏ
parvis	²p 'ɑː r v iː s
pass	p a s
passa	²p 'a s a
passage	p a s 'ɑː ɧ
passagerare	²p a s a ɧ 'eː r a r ɛ
passar	²p 'a s a r
passare	²p 'a s a r ɛ
passera	p a s 'eː r a
passerar	p a s 'eː r a r
passersedel	²p a s 'eː ɕ eː d ɛ l
passform	²p 'a s f ɔ r m
passion	p a ɧ 'uː n
passionerad	p a ɧ ʊ n 'eː r a d
passiv	p 'a s iː v
passivera	p a s ɪ v 'eː r a
passiverar	p a s ɪ v 'eː r a r
passivisera	p a s ɪ v ɪ s 'eː r a
passiviserar	p a s ɪ v ɪ s 'eː r a r
passus	p 'a s ɵ s
passé	p a s 'eː
pasta	²p 'a s t a
pastej	p a s t 'ɛ j
pastell	p a s t 'ɛ l
pastellfärg	²p a s t 'ɛ l f a r j
pastill	p a s t 'ɪ l
pastor	²p 'a s t ʊ r
pastorat	p a s t ʊ r 'ɑː t
pastorsexpedition	²p 'a s t ʊ ɕ ɛ k s p ɛ d ɪ ɧ uː n
patent	p a t 'ɛ n t
patentlås	²p a t 'ɛ n t l oː s
patetisk	p a t 'eː t ɪ s k
patiens	p a s ɪ 'a ŋ s
patient	p a s ɪ 'ɛ n t
patientavgift	²p a s ɪ 'ɛ n t ɑː v j ɪ f t
patientförsäkring	²p a s ɪ 'ɛ n t f œ ɕ ɛː k r ɪ ŋ
patologisk	p a t ʊ l 'oː ɡ ɪ s k
patos	p 'ɑː t ɔ s
patrask	p a t r 'a s k
patriark	p a t r ɪ 'a r k
patriarkalisk	p a t r ɪ a r k 'ɑː l ɪ s k
patriot	p a t r ɪ 'uː t
patron	p a t r 'uː n
patrull	p a t r 'ɵ l
patrullera	p a t r ɵ l 'eː r a
patrullerar	p a t r ɵ l 'eː r a r
pattar	²p 'a t a r
paul	p a l
paulina	p a ²s l 'iː n a
paus	p a ʊ s
pava	²s p 'ɑː v a
paviljong	p a v ɪ l j 'ɔ ŋ
pax	p a k s
pbu	p eː b eː 'ʉː
pc	²p eː s eː
ped	p 'eː d
peda	p 'eː d
pedagog	p ɛ d a ɡ 'oː ɡ
pedagogik	p ɛ d a ɡ ɔ ɡ 'iː k
pedal	p ɛ d 'ɑː l
pedantisk	p ɛ d 'a n t ɪ s k
pediatrisk	p ɛ d ɪ 'ɑː t r ɪ s k
pejla	²p 'ɛ j l a
pejlar	²p 'ɛ j l a r
peka	²p 'eː k a
pekar	²p 'eː k a r
pekfinger	²p 'eː k f ɪ ŋ ɛ r
pekoral	p ɛ k ʊ r 'ɑː l
pekpinne	²p 'eː k p ɪ n ɛ
pelare	²p 'eː l a r ɛ
pelargonia	p ɛ l a r ɡ 'uː n ɪ a
pendel	²p 'ɛ n d ɛ l
pendeltåg	²p 'ɛ n d ɛ l t oː ɡ
pendla	²p 'ɛ n d l a
pendlar	²p 'ɛ n d l a r
pendyl	p ɛ n d 'yː l
penetrera	p ɛ n ɛ t r 'eː r a
penetrerar	p ɛ n ɛ t r 'eː r a r
peng	p ɛ ŋ
pengar	p 'ɛ ŋ a r
penibel	p ɛ n 'iː b ɛ l
penicillin	p ɛ n ɪ s ɪ l 'iː n
penis	p 'eː n ɪ s
penna	²p 'ɛ n a
pennalism	p ɛ n a l 'ɪ s m
penning	²p 'ɛ n ɪ ŋ
pennkniv	²p 'ɛ n k n iː v
pennskrin	p ɛ n s k r 'iː n
pennvässare	²p 'ɛ n v ɛ s a r ɛ
pensel	²p 'ɛ n s ɛ l
pension	p a ŋ ɧ 'uː n
pensionat	p a ŋ ɧ ʊ n 'ɑː t
pensionera	p a ŋ ɧ ʊ n 'eː r a
pensionerar	p a ŋ ɧ ʊ n 'eː r a r
pensionsbrev	²p a ŋ ɧ 'uː n s b r eː v
pensionspoäng	²p a ŋ ɧ 'uː n s p ʊ ɛ ŋ
pensionstillskott	²p a ŋ ɧ 'uː n s t ɪ l s k ɔ t
pensionsålder	²p a ŋ ɧ 'uː n s ɔ l d ɛ r
pensionär	p a ŋ ɧ ʊ n 'ɛː r
pensionärsbiljett	²p a ŋ ɧ ʊ n 'ɛː ɕ b ɪ l j ɛ t
pensionärsbostad	²p a ŋ ɧ ʊ n 'ɛː ɕ b uː s t ɑː d
pensionärshem	²p a ŋ ɧ ʊ n 'ɛː ɕ h ɛ m
pensla	²p 'ɛ n s l a
penslar	²p 'ɛ n s l a r
pentry	p 'ɛ n t r ʏ
penultima	p ɛ n ɵ l t ɪ m a
pep	p eː p
peppar	²p 'ɛ p a r
pepparkaka	²p 'ɛ p a r k ɑː k a
pepparrot	²p 'ɛ p a r uː t
peppra	²p 'ɛ p r a
pepprar	²p 'ɛ p r a r
per	p a r
perception	p a r s ɛ p ɧ 'uː n
perenn	p a r 'ɛ n
perfekt	²p 'ɛː r f ɛ k t
perfektion	p a r f ɛ k ɧ 'uː n
perforera	p a r f ʊ r 'eː r a
perforerar	p a r f ʊ r 'eː r a r
perifer	p a r ɪ f 'eː r
periferi	p a r ɪ f ɛ r 'iː
period	p ɛ r ɪ 'uː d
periodisk	p ɛ r ɪ 'uː d ɪ s k
permanent	p a r m a n 'ɛ n t
permanenta	p a r m a n 'ɛ n t a
permanentar	p a r m a n 'ɛ n t a r
permission	p a r m ɪ ɧ 'uː n
permittera	p a r m ɪ t 'eː r a
permitterar	p a r m ɪ t 'eː r a r
permittering	p a r m ɪ t 'eː r ɪ ŋ
perplex	p a r p l 'ɛ k s
perrong	p a r 'ɔ ŋ
pers	p a ɕ 'uː n ɛ r
persedel	p a ɕ 'eː d ɛ l
persian	p a ɕ ɪ 'ɑː n
persienn	p a ɕ ɪ 'ɛ n
persika	²p 'ɛ ɕ ɪ k a
persilja	p a ɕ 'ɪ l j a
persisk	p 'ɛ ɕ ɪ s k
person	p a ɕ 'uː n
personakt	²p a ɕ 'uː n a k t
personal	p a ɕ ʊ n 'ɑː l
personalomsättning	²p a ɕ ʊ n 'ɑː l ɔ m s ɛ t n ɪ ŋ
personbevis	²p a ɕ 'uː n b ɛ v iː s
personbil	²p a ɕ 'uː n b iː l
persondator	²p a ɕ 'uː n d ɑː t ʊ r
personell	p a ɕ ʊ n 'ɛ l
persongalleri	²p a ɕ 'uː n ɡ a l ɛ r iː
personkemi	²p a ɕ 'uː n ɕ ɛ m iː
personlig	p a ɕ 'uː n l ɪ ɡ
personligen	p a ɕ 'uː n l ɪ ɡ ɛ n
personlighet	p a ɕ 'uː n l ɪ ɡ h eː t
personnummer	²p a ɕ 'uː n ɵ m ɛ r
personsökare	²p a ɕ 'uː n s øː k a r ɛ
personundersökning	²p a ɕ 'uː n ɵ n d ɛ ɕ øː k n ɪ ŋ
perspektiv	p a ɕ p ɛ k t 'iː v
peruk	p ɛ r 'ʉː k
pervers	p a r v 'ɛ ɕ
pessar	p ɛ s 'ɑː r
pessimism	p ɛ s ɪ m 'ɪ s m
pessimist	p ɛ s ɪ m 'ɪ s t
pessimistisk	p ɛ s ɪ m 'ɪ s t ɪ s k
pest	p ɛ s t
peta	²p 'eː t a
petar	²p 'eː t a r
peter	p 'eː t ɛ r
petig	²p 'eː t ɪ ɡ
petita	²p ɛ t 'iː t a
petitess	p ɛ t ɪ t 'ɛ s
petition	p ɛ t ɪ ɧ 'uː n
ph-värde	²p 'eː h oː v ɛː d ɛ
pianist	p ɪ a n 'ɪ s t
piano	p ɪ 'ɑː n ʊ
picka	²p ɪ k a
pickar	²p ɪ k a r
picknick	²p 'ɪ k n ɪ k
pickup	p ɪ k 'ɵ p
piedestal	p ɪ ɛ d ɛ s t 'ɑː l
pietet	p ɪ ɛ t 'eː t
piff	p ɪ f
piga	²p 'iː ɡ a
pigg	p ɪ ɡ
piggvar	²p 'ɪ ɡ v ɑː r
pigment	p ɪ ɡ m 'ɛ n t
pik	p iː k
pika	²p 'iː k a
pikant	p ɪ k 'a n t
pikar	²p 'iː k a r
piket	p ɪ k 'eː t
pil	p iː l
pilgrim	²p 'iː l ɡ r ɪ m
pilla	²p 'ɪ l a
pillar	²p 'ɪ l a r
pille	p ɪ l ɛ
piller	p 'ɪ l ɛ r
pilot	p ɪ l 'uː t
pilot-	²p ɪ l 'uː t
pilsner	p 'ɪ l s n ɛ r
pimpla	²p 'ɪ m p l a
pimplar	²p 'ɪ m p l a r
pin	p 'iː n
pina	²p 'iː n a
pinaler	p ɪ n 'ɑː l ɛ r
pinar	²p 'iː n a r
pincett	p ɪ n s 'ɛ t
pingis	p 'ɪ ŋ ɪ s
pingla	²p 'ɪ ŋ l a
pinglar	²p 'ɪ ŋ l a r
pingpong	²p 'ɪ ŋ p ɔ ŋ
pingst	p ɪ ŋ s t
pingstkyrkan	²p 'ɪ ŋ s t ɕ ʏ r k a n
pingstlilja	²p 'ɪ ŋ s t l ɪ l j a
pingströrelsen	²p 'ɪ ŋ s t r øː r ɛ l s ɛ n
pingstvän	²p 'ɪ ŋ s t v ɛ n
pingvin	p ɪ ŋ v 'iː n
pinje	p ɪ n j ɛ
pinka	²p 'ɪ ŋ k a
pinkar	²p 'ɪ ŋ k a r
pinne	²p 'ɪ n ɛ
pinsam	²p 'iː n s a m
pion	p ɪ 'uː n
pionjär	p ɪ ʊ n j 'ɛː r
pip	p iː p
pipa	²p 'iː p a
pipare	p 'iː p a r ɛ
piparsnäppa	p 'iː p a r s n ɛ p a
pipeline	p 'a j p l a ɪ n
piper	p 'iː p ɛ r
pippa	²p 'ɪ p a
pippar	²p 'ɪ p a r
pippi	²p 'ɪ p ɪ
pir	p iː r
pirat	p ɪ r 'ɑː t
pirat-	²p ɪ r 'ɑː t
pirog	p ɪ r 'oː ɡ
pirr	p ɪ r
pirra	²p 'ɪ r a
pirrar	²p 'ɪ r a r
pirrig	p 'ɪ r ɪ ɡ
piska	²p 'ɪ s k a
piskar	²p 'ɪ s k a r
piss	p ɪ s
pissa	²p 'ɪ s a
pissetoffla	p ɪ s ɛ t ɔ f l a
pissetofflor	p ɪ s ɛ t ɔ f l ɔ
pissoar	p ɪ s ʊ 'ɑː r
pist	p ɪ s t
pistasch	p ɪ s t 'ɑː ɧ
pistol	p ɪ s t 'uː l
pitt	p ɪ t
pittoresk	p ɪ t ʊ r 'ɛ s k
pizza	²p 'ɪ t s a
pizzabud	²s p ɪ t s a b ʉː d
pizzeria	²p ɪ t s ɛ r 'iː a
pjoska	²p j 'ɔ s k a
pjoskar	²p j 'ɔ s k a r
pjäs	p j ɛː s
pjäxa	²p j 'ɛ k s a
pjåkig	p j 'oː k ɪ ɡ
placera	p l a s 'eː r a
placerar	p l a s 'eː r a r
placering	p l a s 'eː r ɪ ŋ
pladdra	²p l 'a d r a
pladdrar	²p l 'a d r a r
plagg	p l a ɡ
plagiat	p l a ɡ ɪ 'ɑː t
plakat	p l a k 'ɑː t
plan	p l ɑː n
planekonomi	²p l 'ɑː n ɛ k ʊ n ɔ m iː
planera	p l a n 'eː r a
planerar	p l a n 'eː r a r
planering	p l a n 'eː r ɪ ŋ
planet	p l a n 'eː t
plank	p l a ŋ k
planka	²p l 'a ŋ k a
plankton	p l 'a ŋ k t ɔ n
planlägga	²p l 'ɑː n l ɛ ɡ ɛ r
planlös	²p l 'ɑː n l øː s
planlösning	²p l 'ɑː n l œ s n ɪ ŋ
planmässig	²p l 'ɑː n m ɛ s ɪ ɡ
plansch	p l a n ɧ
planta	²p l 'a n t a
plantage	p l a n t 'ɑː ɧ
plantera	p l a n t 'eː r a
planterar	p l a n t 'eː r a r
plantering	p l a n t 'eː r ɪ ŋ
plantskola	²p l 'a n t s k uː l a
plask	p l a s k
plaska	²p l 'a s k a
plaskar	²p l 'a s k a r
plast	p l a s t
plastfolie	²p l 'a s t f uː l j ɛ
plastik	p l a s t 'iː k
plastikkirurgi	²p l a s t 'iː k ɕ ɪ r ɵ r ɡ iː
platina	p l 'ɑː t ɪ n a
platonisk	²p l a t 'uː n ɪ s k
plats	p l a t s
platsa	²p l 'a t s a
platsansökan	²p l 'a t s a n s øː k a n
platsar	²p l 'a t s a r
platsbiljett	²p l 'a t s b ɪ l j ɛ t
platsjournalen	²p l 'a t s ɧ ʊ r n ɑː l ɛ n
platt	p l a t
platta	²p l 'a t a
plattform	²p l 'a t f ɔ r m
plattityd	p l a t ɪ t 'yː d
platå	p l a t 'oː
plausibel	p l a ʊ s 'iː b ɛ l
playboy	p l 'ɛ j b ɔ j
plenarsammanträde	²p l ɛ n 'ɑː ɕ a m a n t r ɛː d ɛ
plenum	²p l 'eː n ɵ m
pli	p l iː
plikt	p l ɪ k t
plikta	²p l 'ɪ k t a
pliktar	²p l 'ɪ k t a r
pliktförgäten	p l ɪ k t f œ r j ɛː t ɛ n
pliktförgätenhet	p l ɪ k t f œ r j ɛː t ɛ n h 'eː t
pliktskyldigast	²p l 'ɪ k t ɧ ʏ l d ɪ ɡ a s t
pling	p l ɪ ŋ
plisserad	p l ɪ s 'eː r a d
plit	p l iː t
plocka	²p l 'ɔ k a
plockar	²p l 'ɔ k a r
plog	p l uː ɡ
ploga	²p l 'uː ɡ a
plogar	²p l 'uː ɡ a r
ploj	p l ɔ j
plomb	p l ɔ m b
plommon	²p l 'ʊ m ɔ n
plommonstop	²p l 'ʊ m ɔ n s t uː p
plottra	²p l 'ɔ t r a
plottrar	²p l 'ɔ t r a r
plottrig	²p l 'ɔ t r ɪ ɡ
plufsig	p l 'ɵ f s ɪ ɡ
plugg	p l ɵ ɡ
plugga	²p l 'ɵ ɡ a
pluggar	²p l 'ɵ ɡ a r
plugghäst	²p l 'ɵ ɡ h ɛ s t
plump	p l ɵ m p
plumsa	²p l 'ɵ m s a
plumsar	²p l 'ɵ m s a r
plundra	²p l 'ɵ n d r a
plundrar	²p l 'ɵ n d r a r
plundring	²s p l ɵ n d r ɪ ŋ
plunta	²p l 'ɵ n t a
plural	²p l 'ʉː r ɑː l
pluralism	p l ɵ r a l 'ɪ s m
pluralistisk	p l ɵ r a l 'ɪ s t ɪ s k
plus	p l ɵ s
pluskvamperfekt	p l ɵ s k v a m p ɛ r f ɛ k t
pluton	p l ɵ t 'uː n
plutonium	p l ɵ t 'uː n ɪ ɵ m
plym	p l yː m
plysch	p l yː ɧ
pläd	p l ɛː d
plädera	p l ɛ d 'eː r a
pläderar	p l ɛ d 'eː r a r
plätt	p l ɛ t
plåga	²p l 'oː ɡ a
plågar	²p l 'oː ɡ a r
plågoande	²p l 'oː ɡ ʊ a n d ɛ
plågsam	²p l 'oː ɡ s a m
plån	p l oː n
plånbok	²p l 'oː n b uː k
plåster	p l 'ɔ s t ɛ r
plåt	p l oː t
plåta	²p l 'oː t a
plåtar	²p l 'oː t a r
plåtslagare	²p l 'oː t s l ɑː ɡ a r ɛ
plöja	p l 'œ j ɛ r
plös	p l øː s
plötslig	²p l 'œ t s l ɪ ɡ
plötsligt	²p l 'œ t s l ɪ k t
pm	²p 'eː ɛ m
pneumatisk	p n ɛ v m 'ɑː t ɪ s k
po	²p 'eː uː
pocka	²p 'ɔ k a
pockar	²p 'ɔ k a r
pocket	p 'ɔ k ɛ t
pocketbok	²p 'ɔ k ɛ t b uː k
podd	p ɔ d
podium	p 'uː d ɪ ɵ m
poem	p ʊ 'eː m
poesi	p ʊ ɛ s 'iː
poet	p ʊ 'eː t
poetisk	p ʊ 'eː t ɪ s k
pojk	p ɔ j k
pojkar	p ɔ j k a r
pojke	²p 'ɔ j k ɛ
pojkstreck	²p 'ɔ j k s t r ɛ k
pojkvasker	²p 'ɔ j k v a s k ɛ r
pojkvän	²p 'ɔ j k v ɛ n
pokal	p ʊ k 'ɑː l
poker	p 'oː k ɛ r
pol	p uː l
polack	p ɔ l 'a k
polar	p ʊ l 'ɑː r
polare	²p 'uː l a r ɛ
polarisera	p ʊ l a r ɪ s 'eː r a
polariserar	p ʊ l a r ɪ s 'eː r a r
polarvarg	p ʊ ²s l 'ɑː r v a r j
polemik	p ʊ l ɛ m 'iː k
polemisera	p ʊ l ɛ m ɪ s 'eː r a
polemiserar	p ʊ l ɛ m ɪ s 'eː r a r
polemisk	p ʊ l 'eː m ɪ s k
polen	p oː l ɛ n
polera	p ʊ l 'eː r a
polerad	p ʊ l 'eː r a d
polerar	p ʊ l 'eː r a r
policy	p 'ɔ l ɪ s ʏ
poliklinik	p ʊ l ɪ k l ɪ n 'iː k
polio	p 'uː l ɪ ʊ
polis	p ʊ l 'iː s
polisman	²p ʊ l 'iː s m a n
polismästare	²p ʊ l 'iː s m ɛ s t a r ɛ
polisong	p ʊ l ɪ s 'ɔ ŋ
politik	p ʊ l ɪ t 'iː k
politiker	p ʊ l 'iː t ɪ k ɛ r
politikerförakt	²p ʊ l 'iː t ɪ k ɛ r f œ r a k t
politisk	p ʊ l 'iː t ɪ s k
politruk	p ʊ l ɪ t r 'ɵ k
polityr	p ʊ l ɪ t 'yː r
polka	²p 'ɔ l k a
polkagris	²p 'ɔ l k a ɡ r iː s
pollen	p 'ɔ l ɛ n
pollettera	p ʊ l ɛ t 'eː r a
polletterar	p ʊ l ɛ t 'eː r a r
polotröja	²p 'uː l ʊ t r œ j a
polsk	p oː l s k
polska	²p 'oː l s k a
polyglott	p ʊ l ʏ ɡ l ɔ t
pomerans	p ʊ m ɛ r 'a n s
pommern	p ɔ m ɛ r n
pomp	p ɔ m p
pompa	²p 'ɔ m p a
pondus	p 'ɔ n d ɵ s
ponke	p 'ɔ ŋ k ɛ
ponny	p 'ɔ n ʏ
pool	p 'uː l
pop	p ɔ p
popcorn	p ɔ p k ɔ r n
poppis	²p 'ɔ p ɪ s
popularisera	p ʊ p ɵ l a r ɪ s 'eː r a
populariserar	p ʊ p ɵ l a r ɪ s 'eː r a r
popularitet	p ʊ p ɵ l a r ɪ t 'eː t
populism	p ʊ p ɵ l 'ɪ s m
populär	p ʊ p ɵ l 'ɛː r
por	p uː r
porla	²p 'oː l a
porlar	²p 'oː l a r
pormask	²p 'uː r m a s k
pornografi	p ɔ n ʊ ɡ r a f 'iː
pornografisk	p ɔ n ʊ ɡ r 'ɑː f ɪ s k
porr	p ɔ r
porslin	p ʊ ɕ l 'iː n
port	p uː t
portabel	p ʊ t 'ɑː b ɛ l
portfölj	p ʊ t f 'œ l j
portier	p ʊ t j 'eː
portion	p ʊ t ɧ 'uː n
portionera	p ʊ t ɧ ʊ n 'eː r a
portionerar	p ʊ t ɧ ʊ n 'eː r a r
portmonnä	p ʊ t m ʊ n 'ɛː
porto	²p 'ɔ t ʊ
porträtt	p ʊ t r 'ɛ t
portugal	p ɔ r t ɵ ɡ a l
portugis	p ʊ t ɵ ɡ 'iː s
portugisisk	p ʊ t ɵ ɡ 'iː s ɪ s k
portvakt	²p 'ʊ t v a k t
portvin	²p 'oː t v iː n
porös	p ʊ r 'øː s
pose	p oː s
posera	p ʊ s 'eː r a
poserar	p ʊ s 'eː r a r
position	p ʊ s ɪ ɧ 'uː n
positiv	²p 'ʊ s ɪ t iː v
possessiv	p 'ɔ s ɛ s iː v
post	p ɔ s t
post-	p ɔ s t
posta	²p 'ɔ s t a
postadress	²p 'ɔ s t a d r ɛ s
postar	²p 'ɔ s t a r
postavi	p ɔ s t 'ɑː v 'iː
postbox	²p 'ɔ s t b ɔ k s
postering	p ɔ s t 'eː r ɪ ŋ
postförskott	²p 'ɔ s t f øː ɕ k ɔ t
postgymnasial	²p 'ɔ s t j ʏ m n a s ɪ ɑː l
postgång	²p 'ɔ s t ɡ ɔ ŋ
postnummer	²p 'ɔ s t n ɵ m ɛ r
postnummerkatalog	²p 'ɔ s t n ɵ m ɛ r k a t a l oː ɡ
postogram	p ɔ s t ʊ ɡ r 'a m
postorder	²p 'ɔ s t oː d ɛ r
postorderföretag	²p 'ɔ s t oː d ɛ r f øː r ɛ t ɑː ɡ
poströstning	²p 'ɔ s t r œ s t n ɪ ŋ
postskriptum	²p ɔ s t s k r 'ɪ p t ɵ m
postverket	²p 'ɔ s v a r k ɛ t
potatis	p ʊ t 'ɑː t ɪ s
potatiskorv	p ʊ ²s t 'ɑː t ɪ s k ɔ r v
potens	p ʊ t 'ɛ n s
potential	p ʊ t ɛ n s ɪ 'ɑː l
potentiell	p ʊ t ɛ n s ɪ 'ɛ l
potpurri	p ɔ t p ɵ r 'iː
pott	p ɔ t
potta	²p 'ɔ t a
poäng	p ʊ 'ɛ ŋ
poängtera	p ʊ ɛ ŋ t 'eː r a
poängterar	p ʊ ɛ ŋ t 'eː r a r
poängår	²p ʊ 'ɛ ŋ oː r
ppm	p eː p eː 'ɛ m
pr	²p 'eː a r
pragmatisk	p r a ɡ m 'ɑː t ɪ s k
prakt	p r a k t
praktejder	p r a k t ɛ j d ɛ r
praktfull	²p r 'a k t f ɵ l
praktik	p r a k t 'iː k
praktikant	p r a k t ɪ k 'a n t
praktisera	p r a k t ɪ s 'eː r a
praktiserar	p r a k t ɪ s 'eː r a r
praktisk	p r 'a k t ɪ s k
praktmes	p r a k t m 'eː s
prao	p r 'ɑː ʊ
praoa	²s p r 'ɑː a
prassel	p r 'a s ɛ l
prassla	²p r 'a s l a
prasslar	²p r 'a s l a r
prat	p r ɑː t
prata	²p r 'ɑː t a
pratar	²p r 'ɑː t a r
pratig	²p r 'ɑː t ɪ ɡ
pratkvarn	²p r 'ɑː t k v ɑː n
pratmakare	²p r 'ɑː t m ɑː k a r ɛ
pratsam	²p r 'ɑː t s a m
pratsjuk	²p r 'ɑː t ɧ ʉː k
pratstund	²p r 'ɑː t s t ɵ n d
praxis	p r 'a k s ɪ s
precis	p r ɛ s 'iː s
precisera	p r ɛ s ɪ s 'eː r a
preciserar	p r ɛ s ɪ s 'eː r a r
precision	p r ɛ s ɪ ɧ 'uː n
predika	p r ɛ d 'iː k a
predikan	p r ɛ d 'iː k a n
predikant	p r ɛ d ɪ k 'a n t
predikar	p r ɛ d 'iː k a r
predikat	p r ɛ d ɪ k 'ɑː t
predikstol	²p r 'ɛ d ɪ k s t uː l
prefekt	p r ɛ f 'ɛ k t
preferens	p r ɛ f ɛ r 'a ŋ s
prefix	p r ɛ f 'ɪ k s
pregnant	p r ɛ ɡ n 'a n t
preja	²p r 'ɛ j a
prejar	²p r 'ɛ j a r
prejudicerande	p r ɛ j ɵ d ɪ s 'eː r a n d ɛ
prejudikat	p r ɛ j ɵ d ɪ k 'ɑː t
prekär	p r ɛ k 'ɛː r
preliminär	p r ɛ l ɪ m ɪ n 'ɛː r
preliminärskatt	²p r ɛ l ɪ m ɪ n 'ɛː ɕ k a t
premie	p r 'eː m ɪ ɛ
premieobligation	²p r 'eː m ɪ ɛ ɔ b l ɪ ɡ a ɧ uː n
premiera	p r ɛ m ɪ 'eː r a
premierar	p r ɛ m ɪ 'eː r a r
premiss	p r ɛ m 'ɪ s
premium	p r 'eː m ɪ ɵ m
premiär	p r ɛ m ɪ 'ɛː r
premiärminister	²p r ɛ m ɪ 'ɛː r m ɪ n ɪ s t ɛ r
prenumerant	p r ɛ n ɵ m ɛ r 'a n t
prenumerera	p r ɛ n ɵ m ɛ r 'eː r a
prenumererar	p r ɛ n ɵ m ɛ r 'eː r a r
preparat	p r ɛ p a r 'ɑː t
preparera	p r ɛ p a r 'eː r a
preparerar	p r ɛ p a r 'eː r a r
preposition	p r ɛ p ʊ s ɪ ɧ 'uː n
presenning	p r ɛ s 'ɛ n ɪ ŋ
presens	p r 'eː s ɛ n s
present	p r ɛ s 'ɛ n t
presentabel	p r ɛ s ɛ n t 'ɑː b ɛ l
presentera	p r ɛ s ɛ n t 'eː r a
presenterar	p r ɛ s ɛ n t 'eː r a r
president	p r ɛ s ɪ d 'ɛ n t
preskribera	p r ɛ s k r ɪ b 'eː r a
preskriberar	p r ɛ s k r ɪ b 'eː r a r
preskription	p r ɛ s k r ɪ p ɧ 'uː n
press	p r ɛ s
pressa	²p r 'ɛ s a
pressande	p r 'ɛ s a n d ɛ
pressar	²p r 'ɛ s a r
pressbyrån	²p r 'ɛ s b yː r ɔ n
pressmeddelande	²s p r ɛ s m ɛ d 'eː l a n d ɛ
pressombudsmannen	²p r 'ɛ s ɔ m b ʉː d s m a n ɛ n
pressrelease	²p r 'ɛ s r ɪ l iː s
presstöd	²p r 'ɛ s t øː d
prestanda	²p r ɛ s t 'a n d a
prestation	p r ɛ s t a ɧ 'uː n
prestera	p r ɛ s t 'eː r a
presterar	p r ɛ s t 'eː r a r
prestige	p r ɛ s t 'iː ɧ
prestigelöshet	p r ɛ s t 'iː ɕ l øː s h 'eː t
presumtiv	p r ɛ s ɵ m t 'iː v
pretendent	p r ɛ t ɛ n d 'ɛ n t
pretention	p r ɛ t a n ɧ 'uː n
pretentiös	p r ɛ t a n ɧ 'øː s
pretentiöst	p r ɛ t a n ɧ r s t
preteritum	p r ɛ t 'eː r ɪ t ɵ m
preussen	t p r ɔ j s ɛ n
preventiv	p r 'ɛ v ɛ n t iː v
preventivmedel	²p r ɛ v ɛ n t 'iː v m eː d ɛ l
preventivmedelsrådgivning	²p r ɛ v ɛ n t 'iː v m eː d ɛ l s r oː d j iː v n ɪ ŋ
prick	p r ɪ k
pricka	²p r 'ɪ k a
prickar	²p r 'ɪ k a r
prickfri	²p r 'ɪ k f r iː
prickig	²p r 'ɪ k ɪ ɡ
prilla	²p r 'ɪ l a
prima	²p r 'iː m a
primitiv	p r 'ɪ m ɪ t iː v
primär	p r ɪ m 'ɛː r
primör	p r ɪ m 'øː r
princip	p r ɪ n s 'iː p
principiell	p r ɪ n s ɪ p ɪ 'ɛ l
prins	p r ɪ n s
prinsessa	²p r ɪ n s 'ɛ s a
prinskorv	²p r 'ɪ n s k ɔ r v
printer	p r 'ɪ n t ɛ r
prioritera	p r ɪ ʊ r ɪ t 'eː r a
prioriterar	p r ɪ ʊ r ɪ t 'eː r a r
prioritet	p r ɪ ʊ r ɪ t 'eː t
pris	p r iː s
prisa	²p r 'iː s a
prisar	²p r 'iː s a r
pristagare	²p r 'iː s t ɑː ɡ a r ɛ
prisvärd	²p r 'iː s v ɛː d
privat	p r ɪ v 'ɑː t
privatisera	p r ɪ v a t ɪ s 'eː r a
privatiserar	p r ɪ v a t ɪ s 'eː r a r
privatjet	p r ɪ ²s v 'ɑː t ‿ j ɛ t
privatliv	²p r ɪ v 'ɑː t l iː v
privatpraktiserande	²p r ɪ v 'ɑː t p r a k t ɪ s eː r a n d ɛ
privatsak	²p r ɪ v 'ɑː t s ɑː k
privilegierad	p r ɪ v ɪ l ɛ ɡ ɪ 'eː r a d
privilegium	p r ɪ v ɪ l 'eː ɡ ɪ ɵ m
pro	p eː ɛ r 'uː
pro-	²p r uː
problem	p r ʊ b l 'eː m
problematik	p r ʊ b l ɛ m a t 'iː k
problematisk	p r ʊ b l ɛ m 'ɑː t ɪ s k
problemställning	²p r ʊ b l 'eː m s t ɛ l n ɪ ŋ
proc	p r ʊ s 'ɛ n t
procedur	p r ʊ s ɛ d 'ʉː r
procent	p r ʊ s 'ɛ n t
procentuell	p r ʊ s ɛ n t ɵ 'ɛ l
process	p r ʊ s 'ɛ s
processa	p r ʊ s 'ɛ s a
processar	p r ʊ s 'ɛ s a r
procession	p r ʊ s ɛ ɧ 'uː n
producent	p r ʊ d ɵ s 'ɛ n t
producera	p r ʊ d ɵ s 'eː r a
producerar	p r ʊ d ɵ s 'eː r a r
produkt	p r ʊ d 'ɵ k t
produktion	p r ʊ d ɵ k ɧ 'uː n
produktiv	p r 'ʊ d ɵ k t iː v
produktivitet	p r ʊ d ɵ k t ɪ v ɪ t 'eː t
profan	p r ʊ f 'ɑː n
professionell	p r ʊ f ɛ ɧ ʊ n 'ɛ l
professor	²p r ʊ f 'ɛ s ʊ r
professur	p r ʊ f ɛ s 'ʉː r
profet	p r ʊ f 'eː t
profetia	²p r ʊ f ɛ t s 'iː a
proffs	p r ɔ f s
proffsig	²p r 'ɔ f s ɪ ɡ
profil	p r ʊ f 'iː l
profit	p r ʊ f 'iː t
profitera	p r ʊ f ɪ t 'eː r a
profiterar	p r ʊ f ɪ t 'eː r a r
profylaktisk	p r ʊ f ʏ l 'a k t ɪ s k
profylax	p r ʊ f ʏ l 'a k s
prognos	p r ʊ ɡ n 'oː s
program	p r ʊ ɡ r 'a m
programenlig	²p r ʊ ɡ r 'a m eː n l ɪ ɡ
programförklaring	²p r ʊ ɡ r 'a m f œ r k l ɑː r ɪ ŋ
programmera	p r ʊ ɡ r a m 'eː r a
programmerar	p r ʊ ɡ r a m 'eː r a r
programmerare	²p r ʊ ɡ r a m 'eː r a r ɛ
progressiv	p r 'ɔ ɡ r ɛ s iː v
projekt	p r ʊ ɧ 'ɛ k t
projektera	p r ʊ ɧ ɛ k t 'eː r a r
projekterar	p r ʊ ɧ ɛ k t 'eː r a r
projektering	p r ʊ ɧ ɛ k t 'eː r ɪ ŋ
projektil	p r ʊ ɧ ɛ k t 'iː l
projektion	p r ʊ j ɛ k ɧ 'uː n
projektor	²p r ʊ j 'ɛ k t ʊ r
projicera	p r ʊ j ɪ s 'eː r a
projicerar	p r ʊ j ɪ s 'eː r a r
proklamera	p r ʊ k l a m 'eː r a
proklamerar	p r ʊ k l a m 'eː r a r
proletariat	p r ʊ l ɛ t a r ɪ 'ɑː t
proletär	p r ʊ l ɛ t 'ɛː r
prolog	p r ʊ l 'oː ɡ
promemoria	p r ʊ m ɛ m 'uː r ɪ a
promenad	p r ʊ m ɛ n 'ɑː d
promenera	p r ʊ m ɛ n 'eː r a
promenerar	p r ʊ m ɛ n 'eː r a r
promille	²p r ʊ m 'ɪ l ɛ
prominent	p r ʊ m ɪ n 'ɛ n t
promotion	p r ʊ m ʊ ɧ 'uː n
promotor	²p r ʊ m 'uː t ʊ r
promovera	p r ʊ m ʊ v 'eː r a
promoverar	p r ʊ m ʊ v 'eː r a r
prompt	p r ɔ m p t
pronomen	p r ʊ n 'oː m ɛ n
propaganda	²p r ʊ p a ɡ 'a n d a
propagera	p r ʊ p a ɡ 'eː r a
propagerar	p r ʊ p a ɡ 'eː r a r
propeller	p r ʊ p 'ɛ l ɛ r
proper	p r 'oː p ɛ r
proportion	p r ʊ p ʊ t ɧ 'uː n
proportionell	p r ʊ p ʊ t ɧ ʊ n 'ɛ l
proportionerlig	p r ʊ p ʊ t ɧ ʊ n 'eː r l ɪ ɡ
proposition	p r ʊ p ʊ s ɪ ɧ 'uː n
propp	p r ɔ p
proppa	²p r 'ɔ p a
proppar	²p r 'ɔ p a r
proppfull	²p r 'ɔ p f ɵ l
proppmätt	²p r 'ɔ p m ɛ t
propsa	²p r 'ɔ p s a
propsar	²p r 'ɔ p s a r
propå	p r ʊ p 'oː
prosa	²p r 'uː s a
prosaisk	p r ʊ s 'ɑː ɪ s k
prosit	p r 'uː s ɪ t
prospekt	p r ʊ s p 'ɛ k t
prospektera	p r ʊ s p ɛ k t 'eː r a
prospekterar	p r ʊ s p ɛ k t 'eː r a r
prost	p r ʊ s t
prostata	p r 'ɔ s t a t a
prostituerad	p r ʊ s t ɪ t ɵ 'eː r a d
prostitution	p r ʊ s t ɪ t ɵ ɧ 'uː n
protegé	p r ʊ t ɛ ɧ 'eː
protein	p r ʊ t ɛ 'iː n
protektionism	p r ʊ t ɛ k ɧ ʊ n 'ɪ s m
protes	p r ʊ t 'eː s
protest	p r ʊ t 'ɛ s t
protestant	p r ʊ t ɛ s t 'a n t
protestantism	p r ʊ t ɛ s t a n t 'ɪ s m
protestera	p r ʊ t ɛ s t 'eː r a
protesterar	p r ʊ t ɛ s t 'eː r a r
protokoll	p r ʊ t ʊ k 'ɔ l
proton	p r ʊ t oː n
prototyp	p r ʊ t ʊ t 'yː p
prov	p r uː v
prova	²p r 'uː v a
provar	²p r 'uː v a r
provhytt	²p r 'uː v h ʏ t
proviant	p r ʊ v ɪ 'a n t
provins	p r ʊ v 'ɪ n s
provinsiell	p r ʊ v ɪ n s ɪ 'ɛ l
provision	p r ʊ v ɪ ɧ 'uː n
provisorisk	p r ʊ v ɪ s 'uː r ɪ s k
provocera	p r ʊ v ʊ s 'eː r a
provocerar	p r ʊ v ʊ s 'eː r a r
provokation	p r ʊ v ʊ k a ɧ 'uː n
provokativ	p r 'ʊ v ʊ k a t iː v
provrör	²p r 'uː v r øː r
provstopp	²p r 'uː v s t ɔ p
prunka	²p r 'ɵ ŋ k a
prunkar	²p r 'ɵ ŋ k a r
pruta	²p r 'ʉː t a
prutar	²p r 'ʉː t a r
prutgås	p r ʉː t ɡ oː s
prutmån	²p r 'ʉː t m oː n
prutt	p r ɵ t
prutta	²p r 'ɵ t a
pruttar	²p r 'ɵ t a r
prv	²p 'eː a r v eː
prya	²p r 'yː a
pryar	²p r 'yː a r
pryd	p r yː d
pryda	p r 'yː d ɛ r
prydlig	²p r 'yː d l ɪ ɡ
prydnad	²p r 'yː d n a d
prygel	p r 'yː ɡ ɛ l
prygla	²p r 'yː ɡ l a
pryglar	²p r 'yː ɡ l a r
pryl	p r yː l
pryo	p r 'yː ʊ
prägel	²p r 'ɛː ɡ ɛ l
prägla	²p r 'ɛː ɡ l a
präglar	²p r 'ɛː ɡ l a r
präktig	²p r 'ɛ k t ɪ ɡ
pränt	p r ɛ n t
pränta	²p r 'ɛ n t a
präntar	²p r 'ɛ n t a r
prärie	p r 'ɛː r ɪ ɛ
prärielöpare	p r ɛː r ɪ j ɛ l øː p a r ɛ
prärietrana	p r ɛː r ɪ j ɛ t r 'ɑː n a
prärievarg	²s p r ɛː r ɪ ɛ v a r j
präst	p r ɛ s t
prästerskap	²p r 'ɛ s t ɛ ɕ k ɑː p
prästgård	²p r 'ɛ s t ɡ oː d
prästkrage	²p r 'ɛ s t k r ɑː ɡ ɛ
prästviga	²p r 'ɛ s t v iː ɡ ɛ r
prål	p r oː l
pråla	²p r 'oː l a
prålar	²p r 'oː l a r
pråm	p r oː m
prång	p r ɔ ŋ
pröjsa	²p r 'œ j s a
pröjsar	²p r 'œ j s a r
pröva	²p r 'øː v a
prövande	²p r 'øː v a n d ɛ
prövar	²p r 'øː v a r
prövning	²p r 'øː v n ɪ ŋ
ps	²p 'eː ɛ s
psalm	s a l m
pseudo-	²p s 'ɛ v d ʊ
pseudonym	p s ɛ v d ʊ n 'yː m
psoriasis	p s ʊ r 'iː a s ɪ s
psyka	²p s 'yː k a
psykar	²p s 'yː k a r
psyke	²p s 'yː k ɛ
psyket	p s 'yː k ɛ t
psykiater	p s ʏ k ɪ 'ɑː t ɛ r
psykiatri	p s ʏ k ɪ a t r 'iː
psykiatrisk	p s ʏ k ɪ 'ɑː t r ɪ s k
psykisk	p s 'yː k ɪ s k
psykoanalys	p s yː k ʊ a n a l 'yː s
psykofarmaka	p s ʏ k ʊ f 'a r m a k a
psykolog	p s ʏ k ʊ l 'oː ɡ
psykologi	p s ʏ k ʊ l ʊ ɡ 'iː
psykopat	p s ʏ k ʊ p 'ɑː t
psykos	p s ʏ k 'oː s
psykosomatisk	p s ʏ k ʊ s ʊ m 'ɑː t ɪ s k
psykoterapi	p s yː k ʊ t ɛ r a p 'iː
pub	p ɵ b
pubertet	p ɵ b ɛ t 'eː t
publicera	p ɵ b l ɪ s 'eː r a
publicerar	p ɵ b l ɪ s 'eː r a r
publicist	p ɵ b l ɪ s 'ɪ s t
publicitet	p ɵ b l ɪ s ɪ t 'eː t
publik	p ɵ b l 'iː k
publikation	p ɵ b l ɪ k a ɧ 'uː n
publikfriande	²p ɵ b l 'iː k f r iː a n d ɛ
puck	p ɵ k
puckel	p 'ɵ k ɛ l
pudding	²p 'ɵ d ɪ ŋ
pudel	p 'ʉː d ɛ l
puder	p 'ʉː d ɛ r
pudra	²p 'ʉː d r a
pudrar	²p 'ʉː d r a r
puff	p ɵ f
puffa	²p 'ɵ f a
puffar	²p 'ɵ f a r
puffra	²p 'ɵ f r a
puka	²s p s k a
pulka	²p 'ɵ l k a
pullover	p ɵ l 'oː v ɛ r
puls	p ɵ l s
pulsa	²p 'ɵ l s a
pulsar	²p 'ɵ l s a r
pulsera	p ɵ l s 'eː r a
pulserar	p ɵ l s 'eː r a r
pultron	p ɵ l t r 'uː n
pulver	p 'ɵ l v ɛ r
pulvrisera	p ɵ l v r ɪ s 'eː r a
pulvriserar	p ɵ l v r ɪ s 'eː r a r
puma	²p 'ʉː m a
pumla	²s p ɵ m l a
pump	p ɵ m p
pumpa	²p 'ɵ m p a
pumpar	²p 'ɵ m p a r
pumps	p ɵ m p s
pund	p ɵ n d
pundare	²p 'ɵ n d a r ɛ
pung	p ɵ ŋ
pungmes	p ɵ ŋ m 'eː s
punk	p ɵ ŋ k
punkt	p ɵ ŋ k t
punktera	p ɵ ŋ k t 'eː r a
punkterar	p ɵ ŋ k t 'eː r a r
punktering	p ɵ ŋ k t 'eː r ɪ ŋ
punktlig	²p 'ɵ ŋ k t l ɪ ɡ
punktskatt	²p 'ɵ ŋ k t s k a t
punktskrift	²p 'ɵ ŋ k t s k r ɪ f t
punsch	p ɵ n ɧ
pupill	p ɵ p 'ɪ l
puppa	²p 'ɵ p a
pur	p ʉː r
pur-	²p ʉː r
puritan	p ɵ r ɪ t 'ɑː n
purjolök	²p 'ɵ r j ʊ l øː k
purpurfärgad	²p 'ɵ r p ɵ r f a r j a d
purpurhäger	p ɵ r p ɵ r h ɛ ɡ ɛ r
purung	²p 'ʉː r ɵ ŋ
puré	p ɵ r 'eː
pusha	²s p ɵ ɧ a
puss	p ɵ s
pussa	²p 'ɵ s a
pussar	²p 'ɵ s a r
pussel	p 'ɵ s ɛ l
pusselbit	²p 'ɵ s ɛ l b iː t
pussla	²p 'ɵ s l a
pusslar	²p 'ɵ s l a r
pust	p ɵ s t
pusta	²p 'ɵ s t a
pustar	²p 'ɵ s t a r
put	p eː ʉː t 'eː
puta	²p 'ʉː t a
putar	²p 'ʉː t a r
puts	p ɵ t s
putsa	²p 'ɵ t s a
putsar	²p 'ɵ t s a r
putta	²p 'ɵ t a
puttar	²p 'ɵ t a r
puttra	²p 'ɵ t r a
puttrar	²p 'ɵ t r a r
pyjamas	p ʏ j 'ɑː m a s
pynt	p ʏ n t
pynta	²p 'ʏ n t a
pyntar	²p 'ʏ n t a r
pyra	p yː r
pyramid	p ʏ r a m 'iː d
pyre	²p 'yː r ɛ
pyroman	p ʏ r ʊ m 'ɑː n
pys	p yː s
pysa	p 'yː s ɛ r
pyssel	p 'ʏ s ɛ l
pyssla	²p 'ʏ s l a
pysslar	²p 'ʏ s l a r
pyton	p 'yː t ɔ n
pyts	p ʏ t s
pytteliten	²p 'ʏ t ɛ l iː t ɛ n
pyttipanna	²p ʏ t ɪ p 'a n a
päls	p ɛ l s
pär	p 'ɛː r
pära	²s p 'ɛː r a
pärla	²p 'ɛː l a
pärlemo	²p 'ɛː l ɛ m uː
pärlemor	²p 'ɛː l ɛ m uː r
pärlsocker	p ɛ r l s ɔ k ɛ r
pärm	p a r m
päron	²p 'ɛː r ɔ n
pärs	p a ɕ
på	p oː
påbjuda	²p 'oː b j ʉː d ɛ r
påbrå	²p 'oː b r oː
påbud	²p 'oː b ʉː d
påbörja	²p 'oː b œ r j a
påbörjar	²p 'oː b œ r j a r
pådrivare	²p 'oː d r iː v a r ɛ
pådyvla	²p 'oː d yː v l a
pådyvlar	²p 'oː d yː v l a r
påfallande	²p 'oː f a l a n d ɛ
påfart	²p 'oː f ɑː t
påflugen	²p 'oː f l ʉː ɡ ɛ n
påfrestande	²p 'oː f r ɛ s t a n d ɛ
påfrestning	²p 'oː f r ɛ s t n ɪ ŋ
påfund	²p 'oː f ɵ n d
påfyllning	²p 'oː f ʏ l n ɪ ŋ
påfågel	²p 'oː f oː ɡ ɛ l
påföljd	²p 'oː f œ l j d
påföra	²p 'oː f øː r
påg	p oː ɡ
pågå	²p 'oː ɡ oː r
påhitt	²p 'oː h ɪ t
påhittig	²p 'oː h ɪ t ɪ ɡ
påhopp	²p 'oː h ɔ p
påhälsning	²p 'oː h ɛ l s n ɪ ŋ
påhäng	²p 'oː h ɛ ŋ
påk	p oː k
påkalla	²p 'oː k a l a
påkallar	²p 'oː k a l a r
påkostad	²p 'oː k ɔ s t a d
pål	p oː l
påla	²p 'oː l a
pålaga	²p 'oː l ɑː ɡ a
pålar	²p 'oː l a r
påle	²p 'oː l ɛ
pålitlig	²p 'oː l iː t l ɪ ɡ
pålle	p 'ɔ l ɛ
pålägg	²p 'oː l ɛ ɡ
påläggskalv	²p 'oː l ɛ ɡ s k a l v
påminna	²p 'oː m ɪ n ɛ r
påminnelse	²p 'oː m ɪ n ɛ l s ɛ
pånyttfödelse	²p oː n 'ʏ t f øː d ɛ l s ɛ
påpasslig	²p 'oː p a s l ɪ ɡ
påpeka	²p 'oː p eː k a
påpekar	²p 'oː p eː k a r
påpälsad	²p 'oː p ɛ l s a d
påringning	²p 'oː r ɪ ŋ n ɪ ŋ
påse	²p 'oː s ɛ
påseende	²p 'oː s eː ɛ n d ɛ
påsk	p ɔ s k
påskalamm	²s p ɔ s k a l a m
påskas	²s p ɔ s k a s
påskina	²p 'oː ɧ iː n a
påskkäring	²p 'ɔ s k ɕ a r ɪ ŋ
påskkärring	²s p ɔ s k ɕ ɛ r ɪ ŋ
påsklilja	²p 'ɔ s k l ɪ l j a
påskmust	²s p ɔ s k m ɵ s t
påskrift	²p 'oː s k r ɪ f t
påskris	²p 'ɔ s k r iː s
påskynda	²p 'oː ɧ ʏ n d a
påskyndar	²p 'oː ɧ ʏ n d a r
påslag	²p 'oː s l ɑː ɡ
påslakan	²p 'oː s l ɑː k a n
påssjuka	²p 'oː s ɧ ʉː k a
påstridig	²p 'oː s t r iː d ɪ ɡ
påstå	²p 'oː s t oː r
påstående	²p 'oː s t oː ɛ n d ɛ
påstötning	²p 'oː s t øː t n ɪ ŋ
påta	²p 'oː t a
påtaglig	²p 'oː t ɑː ɡ l ɪ ɡ
påtala	²p 'oː t ɑː l a
påtalar	²p 'oː t ɑː l a r
påtar	²p 'oː t a r
påtryckning	²p 'oː t r ʏ k n ɪ ŋ
påträffa	²p 'oː t r ɛ f a
påträffar	²p 'oː t r ɛ f a r
påträngande	²p 'oː t r ɛ ŋ a n d ɛ
påtvinga	²p 'oː t v ɪ ŋ a
påtvingar	²p 'oː t v ɪ ŋ a r
påtänd	²p 'oː t ɛ n d
påtår	²p 'oː t oː r
påve	²p 'oː v ɛ
påver	p 'oː v ɛ r
påverka	²p 'oː v a r k a
påverkan	²p 'oː v a r k a n
påverkar	²p 'oː v a r k a r
påvisa	²p 'oː v iː s a
påvisar	²p 'oː v iː s a r
pöbel	p 'øː b ɛ l
pöl	p øː l
pölsa	²p 'œ l s a
pösa	p 'øː s ɛ r
pösig	²p 'øː s ɪ ɡ
qatar	k a t 'ɑː r
quattuordeciljon	k w a t ʊ r d ɛ s ɪ l j 'uː n
quisling	k v 'ɪ s l ɪ ŋ
quito	k 'iː t ʊ
quorn	k oː r n
rabalder	r a b 'a l d ɛ r
rabarber	r a b 'a r b ɛ r
rabatt	r a b 'a t
rabba	²s r a b a
rabbemos	²s r a b ɛ m 'uː s
rabbin	r a b 'iː n
rabbis	r a b ɪ s
rabbla	²r 'a b l a
rabblar	²r 'a b l a r
rabiat	r a b ɪ 'ɑː t
rabies	r 'ɑː b ɪ ɛ s
race	r ɛ j s
racer	r 'ɛː s ɛ r
rack	r a k
rackare	²r 'a k a r ɛ
rackartyg	²r 'a k a t yː ɡ
racket	r 'a k ɛ t
rad	r ɑː d
radar	r 'ɑː d a r
radarkontroll	²r 'ɑː d a r k ɔ n t r ɔ l
radarpar	²r 'ɑː d a r p ɑː r
radband	²r 'ɑː d b a n d
radda	²r 'a d a
radera	r a d 'eː r a
raderar	r a d 'eː r a r
radergummi	²r a d 'eː r ɡ ɵ m ɪ
radhus	²r 'ɑː d h ʉː s
radie	r 'ɑː d ɪ ɛ
radikal	r a d ɪ k 'ɑː l
radio	r 'ɑː d ɪ ʊ
radioaktiv	r ɑː d ɪ ʊ a k t 'iː v
radium	r 'ɑː d ɪ ɵ m
radon	r a d 'oː n
raffel	r 'a f ɛ l
raffig	²r 'a f ɪ ɡ
raffinaderi	r a f ɪ n a d ɛ r 'iː
raffinemang	r a f ɪ n ɛ m 'a ŋ
raffinera	r a f ɪ n 'eː r a
raffinerad	r a f ɪ n 'eː r a d
raffinerar	r a f ɪ n 'eː r a r
rafflande	²r 'a f l a n d ɛ
rafsa	²r 'a f s a
rafsar	²r 'a f s a r
ragata	r a ɡ 'ɑː t a
ragg	r a ɡ
ragga	²r 'a ɡ a
raggar	²r 'a ɡ a r
raggare	²r 'a ɡ a r ɛ
ragge	²s r a ɡ ɛ
raggmunk	²r 'a ɡ m ɵ ŋ k
raggsocka	²r 'a ɡ s ɔ k a
ragla	²r 'ɑː ɡ l a
raglar	²r 'ɑː ɡ l a r
ragnarök	²r 'a ŋ n a r øː k
ragu	r a ɡ 'ʉː
raid	r ɛ j d
rajd	r a j d
rak	r ɑː k
raka	²r 'ɑː k a
rakapparat	²r 'ɑː k a p a r ɑː t
rakar	²r 'ɑː k a r
rakblad	²r 'ɑː k b l ɑː d
raket	r a k 'eː t
rakhyvel	²r 'ɑː k h yː v ɛ l
rakryggad	²r 'ɑː k r ʏ ɡ a d
raksträcka	²r 'ɑː k s t r ɛ k a
rakt	r 'ɑː k t
rakvatten	²r 'ɑː k v a t ɛ n
raljant	r a l j 'a n t
raljera	r a l j 'eː r a
raljerar	r a l j 'eː r a r
rallare	²r 'a l a r ɛ
rallhäger	r a l h ɛ ɡ ɛ r
rally	r 'a l ʏ
ram	r ɑː m
ramaskri	²r 'ɑː m a s k r iː
ramavtal	²r 'ɑː m ɑː v t ɑː l
ramla	²r 'a m l a
ramlag	²r 'ɑː m l ɑː ɡ
ramlar	²r 'a m l a r
ramma	²r 'a m a
rammar	²r 'a m a r
ramp	r a m p
rampfeber	²r 'a m p f eː b ɛ r
rampljus	²r 'a m p j ʉː s
ramponera	r a m p ʊ n 'eː r a
ramponerar	r a m p ʊ n 'eː r a r
ramsa	²r 'a m s a
rand	r a n d
randas	²r 'a n d a s
randig	²r 'a n d ɪ ɡ
rang	r a ŋ
rangerbangård	²r a ŋ ɧ 'eː r b ɑː n ɡ oː d
ranglig	r 'a ŋ l ɪ ɡ
rangordna	²r 'a ŋ oː d n a
rangordnar	²r 'a ŋ oː d n a r
rangordning	²r 'a ŋ oː d n ɪ ŋ
rank	r a ŋ k
ranka	²r 'a ŋ k a
rankar	²r 'a ŋ k a r
rann	r a n
rannsaka	²r 'a n s ɑː k a
rannsakan	²r 'a n s ɑː k a n
rannsakar	²r 'a n s ɑː k a r
ranson	r a n s 'uː n
ransonera	r a n s ʊ n 'eː r a
ransonerar	r a n s ʊ n 'eː r a r
rap	r ɑː p
rapa	²r 'ɑː p a
rapar	²r 'ɑː p a r
rapp	r a p
rappa	²r 'a p a
rappakalja	²r 'a p a k a l j a
rappar	²r 'a p a r
rappning	r 'a p n ɪ ŋ
rapport	r a p 'ɔ t
rapportera	r a p ɔ t 'eː r a
rapporterar	r a p ɔ t 'eː r a r
raps	r a p s
rapsodisk	r a p s 'uː d ɪ s k
rar	r ɑː r
raring	²r 'ɑː r ɪ ŋ
raritet	r a r ɪ t 'eː t
ras	r ɑː s
rasa	²r 'ɑː s a
rasande	²r 'ɑː s a n d ɛ
rasar	²r 'ɑː s a r
rasera	r a s 'eː r a
raserar	r a s 'eː r a r
raseri	r ɑː s ɛ r 'iː
rasfördom	²r 'ɑː s f øː d ʊ m
rasism	r a s 'ɪ s m
rasist	r a s 'ɪ s t
rask	r a s k
rasp	r a s p
raspa	²r 'a s p a
raspar	²r 'a s p a r
raspig	²r 'a s p ɪ ɡ
rassel	r 'a s ɛ l
rassla	²r 'a s l a
rasslar	²r 'a s l a r
rast	r a s t
rasta	²r 'a s t a
rastar	²r 'a s t a r
rastlös	²r 'a s t l øː s
rata	²r 'ɑː t a
ratar	²r 'ɑː t a r
ratificera	r a t ɪ f ɪ s 'eː r a
ratificerar	r a t ɪ f ɪ s 'eː r a r
ration	r a t ɧ 'uː n
rationalisera	r a t ɧ ʊ n a l ɪ s 'eː r a
rationaliserar	r a t ɧ ʊ n a l ɪ s 'eː r a r
rationalisering	r a t ɧ ʊ n a l ɪ s 'eː r ɪ ŋ
rationell	r a t ɧ ʊ n 'ɛ l
ratt	r a t
ratta	²r 'a t a
rattar	²r 'a t a r
rattfylleri	²r 'a t f ʏ l ɛ r iː
rauk	r a ɵ k
ravin	r a v 'iː n
razzia	r 'a s ɪ a
rea	²r 'eː a
reagera	r ɛ a ɡ 'eː r a
reagerar	r ɛ a ɡ 'eː r a r
reaktion	r ɛ a k ɧ 'uː n
reaktionär	r ɛ a k ɧ ʊ n 'ɛː r
reaktor	²r ɛ 'a k t ʊ r
real-	²r ɛ 'ɑː l
realia	r ɛ 'ɑː l ɪ a
realisation	r ɛ a l ɪ s a ɧ 'uː n
realisationsvinst	²r ɛ a l ɪ s a ɧ 'uː n s v ɪ n s t
realisationsvinstbeskattning	r 'eː a l ɪ s a ²s ɧ 'uː n s v ɪ n s t b ɛ s k a t n ɪ ŋ
realisera	r ɛ a l ɪ s 'eː r a
realiserar	r ɛ a l ɪ s 'eː r a r
realism	r ɛ a l 'ɪ s m
realist	r ɛ a l 'ɪ s t
realistisk	r ɛ a l 'ɪ s t ɪ s k
realitet	r ɛ a l ɪ t 'eː t
reallön	²r ɛ 'ɑː l øː n
rear	²r 'eː a r
rebell	r ɛ b 'ɛ l
rebus	r 'eː b ɵ s
recensent	r ɛ s ɛ n s 'ɛ n t
recensera	r ɛ s ɛ n s 'eː r a
recenserar	r ɛ s ɛ n s 'eː r a r
recension	r ɛ s ɛ n ɧ 'uː n
recentior	r ɛ s ɛ n t s j oː r
recept	r ɛ s 'ɛ p t
reception	r ɛ s ɛ p ɧ 'uː n
recession	r ɛ s ɛ ɧ 'uː n
recidiv	r ɛ s ɪ d 'iː v
recitera	r ɛ s ɪ t 'eː r a
reciterar	r ɛ s ɪ t 'eː r a r
red	r eː d
reda	r 'eː d ɛ r
redaktion	r ɛ d a k ɧ 'uː n
redaktör	r ɛ d a k t 'øː r
redan	²r 'eː d a n
redare	²r 'eː d a r ɛ
redbar	²r 'eː d b ɑː r
redd	r ɛ d
rede	²r 'eː d ɛ
rederi	r eː d ɛ r 'iː
redig	²r 'eː d ɪ ɡ
redigera	r ɛ d ɪ ɧ 'eː r a
redigerar	r ɛ d ɪ ɧ 'eː r a r
redlig	r 'eː d l ɪ ɡ
redlös	²r 'eː d l øː s
redo	²r 'eː d ʊ
redogöra	²r 'eː d ʊ j øː r
redogörelse	²r 'eː d ʊ j øː r ɛ l s ɛ
redovisa	²r 'eː d ʊ v iː s a
redovisar	²r 'eː d ʊ v iː s a r
redovisning	²r 'eː d ʊ v iː s n ɪ ŋ
redskap	²r 'eː d s k ɑː p
reducera	r ɛ d ɵ s 'eː r a
reducerar	r ɛ d ɵ s 'eː r a r
reduktion	r ɛ d ɵ k ɧ 'uː n
redundant	r ɛ d ɵ n d 'a n t
reell	r ɛ 'ɛ l
referat	r ɛ f ɛ r 'ɑː t
referens	r ɛ f ɛ r 'ɛ n s
referera	r ɛ f ɛ r 'eː r a
refererar	r ɛ f ɛ r 'eː r a r
reflektera	r ɛ f l ɛ k t 'eː r a
reflekterar	r ɛ f l ɛ k t 'eː r a r
reflektion	r ɛ f l ɛ k ɧ 'uː n
reflex	r ɛ f l 'ɛ k s
reflexion	r ɛ f l ɛ k ɧ 'uː n
reflexiv	r 'ɛ f l ɛ k s iː v
reform	r ɛ f 'ɔ r m
reformation	r ɛ f ɔ r m a ɧ 'uː n
reformera	r ɛ f ɔ r m 'eː r a
reformerar	r ɛ f ɔ r m 'eː r a r
refräng	r ɛ f r 'ɛ ŋ
refug	r ɛ f 'ʉː ɡ
refusera	r ɛ f ɵ s 'eː r a
refuserar	r ɛ f ɵ s 'eː r a r
regalier	r ɛ ɡ 'ɑː l ɪ ɛ r
regalskepp	²r ɛ ɡ 'ɑː l ɧ ɛ p
regatta	²r ɛ ɡ 'a t a
regel	²r 'eː ɡ ɛ l
regelbunden	²r 'eː ɡ ɛ l b ɵ n d ɛ n
regelmässig	²r 'eː ɡ ɛ l m ɛ s ɪ ɡ
regelrätt	²r 'eː ɡ ɛ l r ɛ t
regelvidrig	²r 'eː ɡ ɛ l v iː d r ɪ ɡ
regeländring	r 'eː ɡ ɛ l ɛ n d r ɪ ŋ
regemente	r ɛ ɡ ɛ m 'ɛ n t ɛ
regent	r ɛ j 'ɛ n t
regera	r ɛ j 'eː r a
regerar	r ɛ j 'eː r a r
regering	r ɛ j 'eː r ɪ ŋ
regeringsbildning	r ɛ j ěː r ɪ ŋ s b ɪ l d n ɪ ŋ
regeringsförklaring	²r ɛ j 'eː r ɪ ŋ s f œ r k l ɑː r ɪ ŋ
regeringsrätten	²r ɛ j 'eː r ɪ ŋ s r ɛ t ɛ n
regga	²s r ɛ ɡ a
reggae	r 'ɛ ɡ ɪ
regi	r ɛ ɧ 'iː
regim	r ɛ ɧ 'iː m
region	r ɛ ɡ ɪ 'uː n
regional	r ɛ ɡ ɪ ʊ n 'ɑː l
regissera	r ɛ ɧ ɪ s 'eː r a
regisserar	r ɛ ɧ ɪ s 'eː r a r
regissör	r ɛ ɧ ɪ s 'øː r
register	r ɛ j 'ɪ s t ɛ r
registrera	r ɛ j ɪ s t r 'eː r a
registrerar	r ɛ j ɪ s t r 'eː r a r
registreringsbesiktning	²r ɛ j ɪ s t r 'eː r ɪ ŋ s b ɛ s ɪ k t n ɪ ŋ
registreringsbevis	²r ɛ j ɪ s t r 'eː r ɪ ŋ s b ɛ v iː s
registreringsskylt	²r ɛ j ɪ s t r 'eː r ɪ ŋ s ɧ ʏ l t
regla	²r 'eː ɡ l a
reglage	r ɛ ɡ l 'ɑː ɧ
reglar	²r 'eː ɡ l a r
reglemente	²r ɛ ɡ l ɛ m 'ɛ n t ɛ
reglera	r ɛ ɡ l 'eː r a
reglerar	r ɛ ɡ l 'eː r a r
regn	r ɛ ŋ n
regna	²r 'ɛ ŋ n a
regnar	²r 'ɛ ŋ n a r
regnbåge	²r 'ɛ ŋ n b oː ɡ ɛ
regnig	²r 'ɛ ŋ n ɪ ɡ
regnområde	²r 'ɛ ŋ n ɔ m r oː d ɛ
regnrock	²r 'ɛ ŋ n r ɔ k
regression	r ɛ ɡ r ɛ ɧ 'uː n
reguljär	r ɛ ɡ ɵ l j 'ɛː r
rehabilitera	r ɛ h a b ɪ l ɪ t 'eː r a
rehabiliterar	r ɛ h a b ɪ l ɪ t 'eː r a r
rejäl	r ɛ j 'ɛː l
rek	r eː k
reklam	r ɛ k l 'ɑː m
reklamation	r ɛ k l a m a ɧ 'uː n
reklamationsnämnd	²r ɛ k l a m a ɧ 'uː n s n ɛ m n d
reklamera	r ɛ k l a m 'eː r a
reklamerar	r ɛ k l a m 'eː r a r
reko	r 'eː k ʊ
rekommendation	r ɛ k ɔ m ɛ n d a ɧ 'uː n
rekommendera	r ɛ k ɔ m ɛ n d 'eː r a
rekommenderar	r ɛ k ɔ m ɛ n d 'eː r a r
rekonstruera	r ɛ k ɔ n s t r ɵ 'eː r a
rekonstruerar	r ɛ k ɔ n s t r ɵ 'eː r a r
rekonstruktion	r ɛ k ɔ n s t r ɵ k ɧ 'uː n
rekord	r ɛ k 'oː d
rekordartad	²r ɛ k 'oː d ɑː t a d
rekreation	r ɛ k r ɛ a ɧ 'uː n
rekreationshem	²r ɛ k r ɛ a ɧ 'uː n s h ɛ m
rekryt	r ɛ k r 'yː t
rekrytera	r ɛ k r ʏ t 'eː r a
rekryterar	r ɛ k r ʏ t 'eː r a r
rektangel	r ɛ k t 'a ŋ ɛ l
rektor	²r 'ɛ k t ʊ r
rektorsområde	²r 'ɛ k t ʊ ɕ ɔ m r oː d ɛ
rekvirera	r ɛ k v ɪ r 'eː r a
rekvirerar	r ɛ k v ɪ r 'eː r a r
rekvisita	²r ɛ k v ɪ s 'iː t a
rekvisition	r ɛ k v ɪ s ɪ ɧ 'uː n
rekyl	r ɛ k 'yː l
relatera	r ɛ l a t 'eː r a
relaterar	r ɛ l a t 'eː r a r
relation	r ɛ l a ɧ 'uː n
relativ	r 'ɛ l a t iː v
relativitet	r ɛ l a t ɪ v ɪ t 'eː t
relativitetsteori	r ɛ l a t ɪ v ɪ ²s t 'eː t s t ɛ ʊ r 'iː
relativt	r 'ɛ l a t iː v t
relegera	r ɛ l ɛ ɡ 'eː r a
relegerar	r ɛ l ɛ ɡ 'eː r a r
relevans	r ɛ l ɛ v 'a n s
relevant	r ɛ l ɛ v 'a n t
relief	r ɛ l ɪ 'ɛ f
religion	r ɛ l ɪ j 'uː n
religiös	r ɛ l ɪ ɧ 'øː s
relik	r ɛ l 'iː k
relikt	r ɛ l 'ɪ k t
reling	²r 'eː l ɪ ŋ
relä	r ɛ l 'ɛː
rem	r ɛ m
remi	r ɛ m 'iː
remiss	r ɛ m 'ɪ s
remissdebatt	²r ɛ m 'ɪ s d ɛ b a t
remittera	r ɛ m ɪ t 'eː r a
remitterar	r ɛ m ɪ t 'eː r a r
remouladsås	r ɛ m ʊ l a d s 'oː s
remsa	²r 'ɛ m s a
ren	r eː n
rena	²r 'eː n a
renar	²r 'eː n a r
rendera	r ɛ n d 'eː r a r
rengöra	²r 'eː n j øː r
rengöringsmedel	²r 'eː n j øː r ɪ ŋ s m eː d ɛ l
renhjärtad	²r 'eː n j a t a d
renhållning	²r 'eː n h ɔ l n ɪ ŋ
renhårig	²r 'eː n h oː r ɪ ɡ
rening	r 'eː n ɪ ŋ
reningsverk	²r 'eː n ɪ ŋ s v a r k
renlevnadsman	²r 'eː n l eː v n a d s m a n
renlig	²r 'eː n l ɪ ɡ
renlärig	²r 'eː n l ɛː r ɪ ɡ
renodla	²r 'eː n uː d l a
renodlad	²r 'eː n uː d l a d
renodlar	²r 'eː n uː d l a r
renommé	r ɛ n ʊ m 'eː
renommésnyltning	r ɛ n ɔ m 'eː s n ʏ l t n ɪ ŋ
renovera	r ɛ n ʊ v 'eː r a
renoverar	r ɛ n ʊ v 'eː r a r
rensa	²r 'ɛ n s a
rensar	²r 'ɛ n s a r
rent	r eː n t
rentav	r 'eː n t ɑː v
rentvå	²r 'eː n t v oː r
renässans	r ɛ n ɛ s 'a n s
rep	r eː p
repa	²r 'eː p a
repar	²r 'eː p a r
reparation	r ɛ p a r a ɧ 'uː n
reparera	r ɛ p a r 'eː r a
reparerar	r ɛ p a r 'eː r a r
repertoar	r ɛ p a t ʊ 'ɑː r
repetera	r ɛ p ɛ t 'eː r a
repeterar	r ɛ p ɛ t 'eː r a r
repetition	r ɛ p ɛ t ɪ ɧ 'uː n
repig	²r 'eː p ɪ ɡ
replik	r ɛ p l 'iː k
replikera	r ɛ p l ɪ k 'eː r a
replikerar	r ɛ p l ɪ k 'eː r a r
replokal	²s r 'eː p l ʊ k 'ɑː l
repmånad	²r 'eː p m oː n a d
reportage	r ɛ p ʊ t 'ɑː ɧ
reporter	r ɛ p 'oː t ɛ r
representant	r ɛ p r ɛ s ɛ n t 'a n t
representation	r ɛ p r ɛ s ɛ n t a ɧ 'uː n
representativ	r ɛ p r ɛ s ɛ n t a t 'iː v
representera	r ɛ p r ɛ s ɛ n t 'eː r a
representerar	r ɛ p r ɛ s ɛ n t 'eː r a r
repressalie	r ɛ p r ɛ s 'ɑː l ɪ ɛ
repression	r ɛ p r ɛ ɧ 'uː n
reprimand	r ɛ p r ɪ m 'a n d
repris	r ɛ p r 'iː s
repro	r 'eː p r ʊ
reproducera	r ɛ p r ʊ d ɵ s 'eː r a
reproducerar	r ɛ p r ʊ d ɵ s 'eː r a r
reproduktion	r ɛ p r ʊ d ɵ k ɧ 'uː n
reptil	r ɛ p t 'iː l
republik	r ɛ p ɵ b l 'iː k
repövning	²r 'eː p øː v n ɪ ŋ
resa	²r 'eː s a
resande	²r 'eː s a n d ɛ
resebyrå	²r 'eː s ɛ b yː r ɔ
resedokument	²r 'eː s ɛ d ʊ k ɵ m ɛ n t
resekostnadsersättning	²r 'eː s ɛ k ɔ s t n a d s eː ɕ ɛ t n ɪ ŋ
reseledare	²r 'eː s ɛ l eː d a r ɛ
resenär	r ɛ s ɛ n 'ɛː r
reser	r 'eː s ɛ r
reserv	r ɛ s 'ɛ r v
reservat	r ɛ s a r v 'ɑː t
reservation	r ɛ s a r v a ɧ 'uː n
reservationslös	²r ɛ s a r v a ɧ 'uː n s l œ s t
reservdel	²r ɛ s 'ɛ r v d eː l
reservera	r ɛ s a r v 'eː r a
reserverad	r ɛ s a r v 'eː r a d
reserverar	r ɛ s a r v 'eː r a r
reservoar	r ɛ s a r v ʊ 'ɑː r
resfeber	²r 'eː s f eː b ɛ r
resgods	²r 'eː s ɡ ʊ t s
residens	r ɛ s ɪ d 'ɛ n s
residera	r ɛ s ɪ d 'eː r a
residerar	r ɛ s ɪ d 'eː r a r
resignera	r ɛ s ɪ n j 'eː r a
resignerar	r ɛ s ɪ n j 'eː r a r
resistens	r ɛ s ɪ s t 'ɛ n s
reskontra	²r ɛ s k 'ɔ n t r a
reslig	²r 'eː s l ɪ ɡ
resning	²r 'eː s n ɪ ŋ
resolut	r ɛ s ʊ l 'ʉː t
resolution	r ɛ s ʊ l ɵ ɧ 'uː n
reson	r ɛ s 'uː n
resonabel	r ɛ s ʊ n 'ɑː b ɛ l
resonans	r ɛ s ʊ n 'a n s
resonemang	r ɛ s ʊ n ɛ m 'a ŋ
resonera	r ɛ s ʊ n 'eː r a
resonerar	r ɛ s ʊ n 'eː r a r
resonlig	r ɛ s 'uː n l ɪ ɡ
resp	r ɛ s p ɛ k t 'iː v ɛ
respass	²r 'eː s p a s
respekt	r ɛ s p 'ɛ k t
respektabel	r ɛ s p ɛ k t 'ɑː b ɛ l
respektera	r ɛ s p ɛ k t 'eː r a
respekterar	r ɛ s p ɛ k t 'eː r a r
respektive	r ɛ s p ɛ k t 'iː v ɛ
respirator	²r ɛ s p ɪ r 'ɑː t ʊ r
respit	r ɛ s p 'iː t
respons	r ɛ s p 'ɔ n s
rest	r ɛ s t
restaurang	r ɛ s t a ʊ r 'a ŋ
restaurangvagn	²r ɛ s t a ʊ r 'a ŋ v a ŋ n
restaurera	r ɛ s t a ʊ r 'eː r a
restaurerar	r ɛ s t a ʊ r 'eː r a r
restera	r ɛ s t 'eː r a
resterar	r ɛ s t 'eː r a r
restituera	r ɛ s t ɪ t ɵ 'eː r a
restituerar	r ɛ s t ɪ t ɵ 'eː r a r
restriktion	r ɛ s t r ɪ k ɧ 'uː n
restriktiv	r 'ɛ s t r ɪ k t iː v
restskatt	²r 'ɛ s t s k a t
resultat	r ɛ s ɵ l t 'ɑː t
resultera	r ɛ s ɵ l t 'eː r a
resulterar	r ɛ s ɵ l t 'eː r a r
resumé	r ɛ s ɵ m 'eː
resurs	r ɛ s 'ɵ ɕ
resår	r ɛ s 'oː r
reta	²r 'eː t a
retar	²r 'eː t a r
retas	²r 'eː t a s
retfull	²r 'eː t f ɵ l
retirera	r ɛ t ɪ r 'eː r a
retirerar	r ɛ t ɪ r 'eː r a r
retlig	²r 'eː t l ɪ ɡ
retning	²r 'eː t n ɪ ŋ
retorisk	r ɛ t 'uː r ɪ s k
retroaktiv	r ɛ t r ʊ a k t 'iː v
retroflex	r ɛ t r ʊ f l ɛ k s
retrospektiv	r ɛ t r ʊ s p ɛ k t 'iː v
reträtt	r ɛ t r 'ɛ t
retsam	²r 'eː t s a m
retsticka	²r 'eː t s t ɪ k a
retur	r ɛ t 'ʉː r
returnera	r ɛ t ɵ n 'eː r a
returnerar	r ɛ t ɵ n 'eː r a r
retuschera	r ɛ t ɵ ɧ 'eː r a
retuscherade	r ɛ t ɵ ɧ 'eː r a d ɛ
retuscherar	r ɛ t ɵ ɧ 'eː r a r
retuscherat	r ɛ t ɵ ɧ 'eː r a t
reumatiker	r ɛ v m 'ɑː t ɪ k ɛ r
reumatisk	r ɛ v m 'ɑː t ɪ s k
reumatism	r ɛ v m a t 'ɪ s m
rev	r eː v
reva	²r 'eː v a
revalvera	r ɛ v a l v 'eː r a
revalverar	r ɛ v a l v 'eː r a r
revansch	r ɛ v 'a n ɧ
revar	²r 'eː v a r
revben	²r 'eː v b eː n
revbensspjäll	²r 'eː v b eː n s p j ɛ l
revelj	r ɛ v 'ɛ l j
revers	r ɛ v 'ɛ ɕ
revidera	r ɛ v ɪ d 'eː r a
reviderar	r ɛ v ɪ d 'eː r a r
revir	r ɛ v 'iː r
revision	r ɛ v ɪ ɧ 'uː n
revisionism	r ɛ v ɪ ɧ ʊ n 'ɪ s m
revisionsberättelse	²r ɛ v ɪ ɧ 'uː n s b ɛ r ɛ t ɛ l s ɛ
revisor	²r ɛ v 'iː s ʊ r
revolt	r ɛ v 'ɔ l t
revoltera	r ɛ v ɔ l t 'eː r a
revolterar	r ɛ v ɔ l t 'eː r a r
revolution	r ɛ v ʊ l ɵ ɧ 'uː n
revolutionera	r ɛ v ʊ l ɵ ɧ ʊ n 'eː r a
revolutionerar	r ɛ v ʊ l ɵ ɧ ʊ n 'eː r a r
revolutionär	r ɛ v ʊ l ɵ ɧ ʊ n 'ɛː r
revolver	r ɛ v 'ɔ l v ɛ r
revs	r eː v s
revy	r ɛ v 'yː
reykjavik	²s r ɛ j k j a v 'iː k
rfsu	a r ɛ f ɛ s 'ʉː
ribba	²r 'ɪ b a
ribbstol	²r 'ɪ b s t uː l
rida	r 'iː d ɛ r
riddare	²r 'ɪ d a r ɛ
ridderlig	²r 'ɪ d ɛ l ɪ ɡ
ridå	r ɪ d 'oː
riffi	r 'ɪ f ɪ
rigg	r ɪ ɡ
rigid	r ɪ ɡ 'iː d
rigorös	r ɪ ɡ ʊ r 'øː s
rik	r iː k
rike	²r 'iː k ɛ
rikedom	²r 'iː k ɛ d ʊ m
rikeman	²r 'iː k ɛ m a n
rikhaltig	²r 'iː k h a l t ɪ ɡ
riklig	²r 'iː k l ɪ ɡ
rikoschett	r ɪ k ɔ ɧ 'ɛ t
riks-	²r 'ɪ k s
riksbanken	²r 'ɪ k s b a ŋ k ɛ n
riksbekant	²r 'ɪ k s b ɛ k a n t
riksdag	r 'ɪ k s d ɑː ɡ
riksdagsman	²r 'ɪ k s d ɑː ɡ s m a n
riksdagsparti	²r 'ɪ k s d ɑː ɡ s p a t iː
riksdagsval	²r 'ɪ k s d ɑː ɡ s v ɑː l
riksdaler	r ɪ k s d 'ɑː l ɛ r
riksförbund	²r 'ɪ k s f œ r b ɵ n d
rikslikare	²r 'ɪ k s l iː k a r ɛ
riksmarskalk	²r 'ɪ k s m a r ɧ a l k
riksmöte	²r 'ɪ k s m øː t ɛ
riksorganisation	²r 'ɪ k s ɔ r ɡ a n ɪ s a ɧ uː n
rikspolisstyrelsen	²r 'ɪ k s p ʊ l iː s t yː r ɛ l s ɛ n
riksregalier	²r 'ɪ k s r ɛ ɡ ɑː l ɪ ɛ r
riksrätt	²s r ɪ k s r ɛ t
rikssamtal	²r 'ɪ k s a m t ɑː l
riksspråk	²r 'ɪ k s p r oː k
riksstämma	²r 'ɪ k s t ɛ m a
rikssvenska	²r 'ɪ k s v ɛ n s k a
rikstäckande	²r 'ɪ k s t ɛ k a n d ɛ
riksvapen	²r 'ɪ k s v ɑː p ɛ n
riksväg	²r 'ɪ k s v ɛː ɡ
riksåklagare	²r 'ɪ k s oː k l ɑː ɡ a r ɛ
rikta	²r 'ɪ k t a
riktar	²r 'ɪ k t a r
riktig	²r 'ɪ k t ɪ ɡ
riktigt	²r 'ɪ k t ɪ k t
riktlinje	²r 'ɪ k t l ɪ n j ɛ
riktmärke	²r 'ɪ k t m a r k ɛ
riktning	²r 'ɪ k t n ɪ ŋ
riktnummer	²r 'ɪ k t n ɵ m ɛ r
riktpunkt	²r 'ɪ k t p ɵ ŋ k t
rim	r ɪ m
rimfrost	²r 'ɪ m f r ɔ s t
rimlig	²r 'ɪ m l ɪ ɡ
rimligen	²r 'ɪ m l ɪ ɡ ɛ n
rimlighet	²r 'ɪ m l ɪ ɡ h eː t
rimligtvis	²r 'ɪ m l ɪ k t v iː s
rimma	²r 'ɪ m a
rimmad	²r 'ɪ m a d
rimmar	²r 'ɪ m a r
ring	r ɪ ŋ
ringa	²r 'ɪ ŋ a
ringakta	²r 'ɪ ŋ a k t a
ringaktar	²r 'ɪ ŋ a k t a r
ringand	r ɪ ŋ a n d
ringblomma	²r 'ɪ ŋ b l ʊ m a
ringdans	²r 'ɪ ŋ d a n s
ringduva	r ɪ ŋ d ʉː v a
ringer	r 'ɪ ŋ ɛ r
ringfinger	²r 'ɪ ŋ f ɪ ŋ ɛ r
ringklocka	²r 'ɪ ŋ k l ɔ k a
ringla	²r 'ɪ ŋ l a
ringlar	²r 'ɪ ŋ l a r
ringled	²r 'ɪ ŋ l eː d
ringlek	²r 'ɪ ŋ l eː k
ringmur	²r 'ɪ ŋ m ʉː r
ringning	²r 'ɪ ŋ n ɪ ŋ
ringrostig	²r 'ɪ ŋ r ɔ s t ɪ ɡ
ringräv	²r 'ɪ ŋ r ɛː v
ringtryck	²r 'ɪ ŋ t r ʏ k
rink	r ɪ ŋ k
rinna	r 'ɪ n ɛ r
ripost	r ɪ p 'ɔ s t
ris	r iː s
risgryn	²r 'iː s ɡ r yː n
rishög	²r 'iː s h øː ɡ
risig	²r 'iː s ɪ ɡ
risk	r ɪ s k
riskabel	r ɪ s k 'ɑː b ɛ l
riskera	r ɪ s k 'eː r a
riskerar	r ɪ s k 'eː r a r
riskgrupp	²r 'ɪ s k ɡ r ɵ p
riskmoment	²r 'ɪ s k m ʊ m ɛ n t
riskzon	²r 'ɪ s k s uː n
rispa	²r 'ɪ s p a
rispar	²r 'ɪ s p a r
rista	²r 'ɪ s t a
ristar	²r 'ɪ s t a r
rit	r iː t
rita	²r 'iː t a
ritar	²r 'iː t a r
ritare	²r 'iː t a r ɛ
ritkontor	²r 'iː t k ɔ n t uː r
ritning	²r 'iː t n ɪ ŋ
ritt	r ɪ t
ritual	r ɪ t ɵ 'ɑː l
rituell	r ɪ t ɵ 'ɛ l
riva	r 'iː v ɛ r
rival	r ɪ v 'ɑː l
rivalisera	r ɪ v a l ɪ s 'eː r a
rivaliserar	r ɪ v a l ɪ s 'eː r a r
rivalitet	r ɪ v a l ɪ t 'eː t
rivas	r iː v s
rivig	²r 'iː v ɪ ɡ
rivit	²r 'iː v ɪ t
rivjärn	²r 'iː v j ɛː n
rivning	²r 'iː v n ɪ ŋ
rivstart	²r 'iː v s t ɑː t
ro	r uː
roa	²r 'uː a
roar	²r 'uː a r
robert	t r oː b r t
robot	r 'ɔ b ɔ t
robust	r ʊ b 'ɵ s t
rock	r ɔ k
rodd	r ʊ d
rodde	²r 'ʊ d ɛ
rodel	r 'oː d ɛ l
roder	r 'uː d ɛ r
rodna	²r 'oː d n a
rodnad	²r 'oː d n a d
rodnar	²r 'oː d n a r
roffa	²r 'ɔ f a
roffar	²r 'ɔ f a r
roffe	²s r ɔ f ɛ
rojalism	r ɔ j a l 'ɪ s m
rokoko	r ɔ k ɔ k 'oː
rolig	²r 'uː l ɪ ɡ
roll	r ɔ l
rom	r ɔ m
roman	r ʊ m 'ɑː n
romani	r 'ɔ m a n ɪ
romans	r ʊ m 'a n s
romansk	r ʊ m 'ɑː n s k
romantik	r ʊ m a n t 'iː k
romantiker	r ʊ m 'a n t ɪ k ɛ r
romantisk	r ʊ m 'a n t ɪ s k
romare	²r 'ʊ m a r ɛ
romb	r ɔ m b
romersk	r 'ʊ m ɛ ɕ k
romersk-katolsk	²r 'ʊ m ɛ ɕ k a t oː l s k
rond	r ɔ n d
rondell	r ɔ n d 'ɛ l
rop	r uː p
ropa	²r 'uː p a
ropar	²r 'uː p a r
ror	r uː r
ros	r uː s
rosa	²r 'oː s a
rosar	²r 'uː s a r
rosenkrans	²r 'uː s ɛ n k r a n s
rosenrasande	²r 'uː s ɛ n r ɑː s a n d ɛ
rosenstare	r 'uː s ɛ n s t 'ɑː r ɛ
rosentärna	r 'uː s ɛ n t ɜ r n a
rosett	r ʊ s 'ɛ t
rosig	²r 'uː s ɪ ɡ
roska	r ʊ s k a
roskarl	r 'uː s k 'ɑː r l
rosmarin	²r 'oː s m a r iː n
rossla	²r 'ɔ s l a
rosslar	²r 'ɔ s l a r
rost	r ɔ s t
rosta	²r 'ɔ s t a
rostand	r ɔ s t a n d
rostar	²r 'ɔ s t a r
rostbiff	²r 'ɔ s t b ɪ f
rostfri	²r 'ɔ s t f r iː
rostgumpsvala	r ɔ s t ɡ ɵ m p s v 'ɑː l a
rostig	²r 'ɔ s t ɪ ɡ
rostmes	r ɔ s t m 'eː s
rot	r uː t
rota	²r 'uː t a
rotar	²r 'uː t a r
rotation	r ʊ t a ɧ 'uː n
rotel	²r 'uː t ɛ l
rotera	r ʊ t 'eː r a
roterar	r ʊ t 'eː r a r
rotfast	²r 'uː t f a s t
rotfrukt	²r 'uː t f r ɵ k t
rotfyllning	²r 'uː t f ʏ l n ɪ ŋ
rotfäste	²r 'uː t f ɛ s t ɛ
rotlös	²r 'uː t l øː s
rotmos	²r 'uː t m uː s
rotsak	²r 'uː t s ɑː k
rott	r ʊ t
rotting	²r 'ɔ t ɪ ŋ
rotvälska	²r 'uː t v ɛ l s k a
rouge	r uː ɧ
roulett	r ʊ l 'ɛ t
router	r 'uː t ɛ r
rov	r uː v
rova	²r 'uː v a
rovdjur	²r 'uː v j ʉː r
rovdrift	²r 'uː v d r ɪ f t
royalty	r 'ɔ j a l t ʏ
rubba	²r 'ɵ b a
rubbad	²r 'ɵ b a d
rubbar	²r 'ɵ b a r
rubbning	²r 'ɵ b n ɪ ŋ
rubricera	r ɵ b r ɪ s 'eː r a
rubricerar	r ɵ b r ɪ s 'eː r a r
rubrik	r ɵ b r 'iː k
rucka	²r 'ɵ k a
ruckar	²r 'ɵ k a r
ruckel	r 'ɵ k ɛ l
ruelse	²r 'ʉː ɛ l s ɛ
ruff	r ɵ f
ruffig	²r 'ɵ f ɪ ɡ
rufsa	²r 'ɵ f s a
rufsar	²r 'ɵ f s a r
rufsig	²r 'ɵ f s ɪ ɡ
rugga	²r 'ɵ ɡ a
ruggar	²r 'ɵ ɡ a r
rugge	²r 'ɵ ɡ ɛ
ruggig	²r 'ɵ ɡ ɪ ɡ
ruin	r ɵ 'iː n
ruinera	r ɵ ɪ n 'eː r a
ruinerar	r ɵ ɪ n 'eː r a r
rulla	²r 'ɵ l a
rullar	²r 'ɵ l a r
rulle	²r 'ɵ l ɛ
rullgardin	²r 'ɵ l ɡ a d iː n
rullskida	²r 'ɵ l ɧ iː d a
rullskridskor	²r 'ɵ l s k r ɪ s k ʊ r
rullstol	²r 'ɵ l s t uː l
rulltrappa	²r 'ɵ l t r a p a
rulltårta	²r 'ɵ l t oː t a
rum	r ɵ m
rumba	²r 'ɵ m b a
rumla	²r 'ɵ m l a
rumlar	²r 'ɵ m l a r
rumpa	²r 'ɵ m p a
rumphuggen	²r 'ɵ m p h ɵ ɡ ɛ n
rumsbeställning	²r 'ɵ m s b ɛ s t ɛ l n ɪ ŋ
rumsren	²r 'ɵ m s r eː n
rumstemperatur	²r 'ɵ m s t ɛ m p ɛ r a t ʉː r
rumstera	r ɵ m s t 'eː r a
rumsterar	r ɵ m s t 'eː r a r
rumsvärme	²r 'ɵ m s v a r m ɛ
rumän	r ɵ m 'ɛː n
rumänien	r ɵ m ɛː n ɪ ɛ n
rumänsk	r ɵ m 'ɛː n s k
rumänska	r ɵ m 'ɛː n s k a
runa	²r 'ʉː n a
rund	r ɵ n d
runda	²r 'ɵ n d a
rundad	²r ɵ n d a d
rundar	²r 'ɵ n d a r
rundfråga	²r 'ɵ n d f r oː ɡ a
rundlagd	²r 'ɵ n d l a ɡ d
rundresa	²r 'ɵ n d r eː s a
rundskrivelse	²r 'ɵ n d s k r iː v ɛ l s ɛ
rundsmörjning	²r 'ɵ n d s m œ r j n ɪ ŋ
rundstycke	²r 'ɵ n d s t ʏ k ɛ
rundtur	²r 'ɵ n d t ʉː r
rundvandring	²r 'ɵ n d v a n d r ɪ ŋ
rungande	²r 'ɵ ŋ a n d ɛ
runka	²r 'ɵ ŋ k a
runkar	²r 'ɵ ŋ k a r
runnit	²r 'ɵ n ɪ t
runsten	²r 'ʉː n s t eː n
runt	r ɵ n t
runtom	r 'ɵ n t ɔ m
rus	r ʉː s
rusa	²r 'ʉː s a
rusar	²r 'ʉː s a r
rusch	r ɵ ɧ
rusdryck	²r 'ʉː s d r ʏ k
rusig	r 'ʉː s ɪ ɡ
rusk	r ɵ s k
ruska	²r 'ɵ s k a
ruskar	²r 'ɵ s k a r
ruskig	²r 'ɵ s k ɪ ɡ
rusning	²r 'ʉː s n ɪ ŋ
russ	r ɵ s
russin	²r 'ɵ s ɪ n
rusta	²r 'ɵ s t a
rustar	²r 'ɵ s t a r
rustik	r ɵ s t 'iː k
rustning	²r 'ɵ s t n ɪ ŋ
ruta	²r 'ʉː t a
ruter	r 'ʉː t ɛ r
rutig	²r 'ʉː t ɪ ɡ
rutin	r ɵ t 'iː n
rutinerad	r ɵ t ɪ n 'eː r a d
rutit	²r 'ʉː t ɪ t
rutscha	²r 'ɵ t ɧ a
rutschar	²r 'ɵ t ɧ a r
rutschbana	²r 'ɵ t ɧ b ɑː n a
rutt	r ɵ t
rutten	²r 'ɵ t ɛ n
ruttna	²r 'ɵ t n a
ruttnar	²r 'ɵ t n a r
ruva	²r 'ʉː v a
ruvar	²r 'ʉː v a r
rwanda	²s r v a n d a
rya	²r 'yː a
ryck	r ʏ k
rycka	r 'ʏ k ɛ r
ryckig	²r 'ʏ k ɪ ɡ
ryckte	²s r ʏ k t ɛ
rygg	r ʏ ɡ
rygga	²r 'ʏ ɡ a
ryggar	²r 'ʏ ɡ a r
ryggmärg	²r 'ʏ ɡ m a r j
ryggrad	²r 'ʏ ɡ r ɑː d
ryggskott	²r 'ʏ ɡ s k ɔ t
ryggstöd	²r 'ʏ ɡ s t øː d
ryggsäck	²r 'ʏ ɡ s ɛ k
ryggtavla	²r 'ʏ ɡ t ɑː v l a
ryka	r 'yː k ɛ r
rykta	²r 'ʏ k t a
ryktar	²r 'ʏ k t a r
ryktas	²r 'ʏ k t a s
ryktbar	²r 'ʏ k t b ɑː r
rykte	²r 'ʏ k t ɛ
rymd	r ʏ m d
rymlig	²r 'ʏ m l ɪ ɡ
rymling	²r 'ʏ m l ɪ ŋ
rymma	r 'ʏ m ɛ r
rymning	²r 'ʏ m n ɪ ŋ
rynka	²r 'ʏ ŋ k a
rynkar	²r 'ʏ ŋ k a r
rynkig	²r 'ʏ ŋ k ɪ ɡ
rysa	r 'yː s ɛ r
rysare	²r 'yː s a r ɛ
rysk	r ʏ s k
ryska	²r 'ʏ s k a
ryslig	²r 'yː s l ɪ ɡ
rysligt	²r 'yː s l ɪ k t
rysning	²r 'yː s n ɪ ŋ
ryss	r ʏ s
ryssby	r ʏ s b 'yː
ryssja	²s r ʏ ɧ a
ryssland	r 'ʏ s l a n d
ryta	r 'yː t ɛ r
rytm	r ʏ t m
rytmisk	r 'ʏ t m ɪ s k
ryttare	²r 'ʏ t a r ɛ
räcka	²r 'ɛ k a
räcke	²r 'ɛ k ɛ
räcker	r 'ɛ k ɛ r
räckvidd	²r 'ɛ k v ɪ d
räd	r ɛː d
rädd	r ɛ d
rädda	²r 'ɛ d a
räddar	²r 'ɛ d a r
räddhågad	²r 'ɛ d h oː ɡ a d
räddningsplanka	²r 'ɛ d n ɪ ŋ s p l a ŋ k a
rädisa	²r 'ɛ d ɪ s a
rädsla	²r 'ɛ d s l a
räffla	²r 'ɛ f l a
räfflar	²r 'ɛ f l a r
räfsa	²r 'ɛ f s a
räfsar	²r 'ɛ f s a r
räfst	r ɛ f s t
räka	²r 'ɛː k a
räkenskap	²r 'ɛː k ɛ n s k ɑː p
räkna	²r 'ɛː k n a
räknar	²r 'ɛː k n a r
räknas	²r 'ɛː k n a s
räkneord	²r 'ɛː k n ɛ uː d
räkning	²r 'ɛː k n ɪ ŋ
rälig	r ɛː l ɪ
räls	r ɛ l s
rälsbuss	²r 'ɛ l s b ɵ s
rämna	²r 'ɛ m n a
rämnar	²r 'ɛ m n a r
ränker	²r 'ɛ ŋ k ɛ r
ränn	r ɛ n
ränna	²r 'ɛ n a
rännande	²r 'ɛ n a n d ɛ
ränner	r 'ɛ n ɛ r
rännil	²r 'ɛ n ɪ l
rännsten	²r 'ɛ n s t eː n
ränta	²r 'ɛ n t a
räntabel	r ɛ n t 'ɑː b ɛ l
räntabilitet	r ɛ n t a b ɪ l ɪ t 'eː t
räntesats	²r 'ɛ n t ɛ s a t s
rät	r ɛː t
räta	²r 'ɛː t a
rätar	²r 'ɛː t a r
rätlinjig	²r 'ɛː t l ɪ n j ɪ ɡ
rätsida	²r 'ɛː t s iː d a
rätt	r ɛ t
rätt-	²r 'ɛ t
rätta	²r 'ɛ t a
rättar	²r 'ɛ t a r
rättegång	²r 'ɛ t ɛ ɡ ɔ ŋ
rättelse	²r 'ɛ t ɛ l s ɛ
rättesnöre	²r 'ɛ t ɛ s n øː r ɛ
rättfram	²r 'ɛ t f r a m
rättfärdig	²r 'ɛ t f ɛː d ɪ ɡ
rättfärdiga	²r 'ɛ t f ɛː d ɪ ɡ a
rättfärdigar	²r 'ɛ t f ɛː d ɪ ɡ a r
rättighet	²r 'ɛ t ɪ ɡ h eː t
rättmätig	²r 'ɛ t m ɛː t ɪ ɡ
rättrogen	²r 'ɛ t r uː ɡ ɛ n
rättsfall	²r 'ɛ t s f a l
rättshjälp	²r 'ɛ t s j ɛ l p
rättshjälpsavgift	²r 'ɛ t s j ɛ l p s ɑː v j ɪ f t
rättshjälpsnämnd	²r 'ɛ t s j ɛ l p s n ɛ m n d
rättskaffens	²r 'ɛ t s k a f ɛ n s
rättskipning	²r 'ɛ t ɧ ɪ p n ɪ ŋ
rättskrivning	²r 'ɛ t s k r iː v n ɪ ŋ
rättslig	²r 'ɛ t s l ɪ ɡ
rättslös	²r 'ɛ t s l øː s
rättsmedicin	²r 'ɛ t s m ɛ d ɪ s iː n
rättspsykiatri	²r 'ɛ t s p s ʏ k ɪ a t r iː
rättsröta	²r 'ɛ t s r øː t a
rättssal	²r 'ɛ t s ɑː l
rättsskydd	²r 'ɛ t s ɧ ʏ d
rättssäkerhet	²r 'ɛ t s ɛː k ɛ r h eː t
rättstavning	²r 'ɛ t s t ɑː v n ɪ ŋ
rättstolk	²r 'ɛ t s t ɔ l k
rättsvetenskap	²r 'ɛ t s v eː t ɛ n s k ɑː p
rättsväsen	²r 'ɛ t s v ɛː s ɛ n
rättvis	²r 'ɛ t v iː s
rättvisa	²r 'ɛ t v iː s a
räv	r ɛː v
rävaktig	²r 'ɛː v a k t ɪ ɡ
rävar	r ɛː v a r
räven	r ɛː v ɛ n
rävsax	²r 'ɛː v s a k s
rävspel	²r 'ɛː v s p eː l
rävtik	²s r ɛː v t 'iː k
rävtikar	r ɛː v t 'iː k a r
rävtiken	r ɛː v t 'iː k ɛ n
rävunge	r ɛː v ɵ ŋ ɛ
rå	²'ɛ r oː
råbarkad	²r 'oː b a r k a d
råbiff	²r 'oː b ɪ f
råd	r oː d
rådande	²r 'oː d a n d ɛ
rådbråka	²r 'oː d b r oː k a
rådbråkar	²r 'oː d b r oː k a r
råder	r 'oː d ɛ r
rådgivande	²r 'oː d j iː v a n d ɛ
rådgivare	²r 'oː d j iː v a r ɛ
rådgivning	²r 'oː d j iː v n ɪ ŋ
rådgöra	²r 'oː d j øː r
rådhus	²r 'oː d h ʉː s
rådig	²r 'oː d ɪ ɡ
rådjur	²r 'oː j ʉː r
rådman	²r 'oː d m a n
rådslag	²r 'oː d s l ɑː ɡ
rådslå	²r 'oː d s l oː
rådslår	²r 'oː d s l oː r
rådström	r oː d s t r œ m
rådulf	r oː d ɵ l f
rådulfs	r oː d ɵ l f s
rådvill	²r 'oː d v ɪ l
råg	r oː ɡ
rågad	²r 'oː ɡ a d
råge	²r 'oː ɡ ɛ
råk	r oː k
råka	²r 'oː k a
råkar	²r 'oː k a r
råkost	²r 'oː k ɔ s t
råkurr	²r 'oː k ɵ r
råma	²r 'oː m a
råmar	²r 'oː m a r
rån	r oː n
råna	²r 'oː n a
rånar	²r 'oː n a r
rånare	²r 'oː n a r ɛ
råolja	²r 'oː ɔ l j a
råplugga	²r 'oː p l ɵ ɡ a
råpluggar	²r 'oː p l ɵ ɡ a r
rår	r 'oː r
råris	²r 'oː r iː s
råriva	²s r oː r ²s r 'iː v a
rårörd	²r 'oː r øː d
råskinn	²r 'oː ɧ ɪ n
råsocker	r oː s ɔ k ɛ r
råtta	²r 'ɔ t a
råvara	²r 'oː v ɑː r a
röd	r øː d
rödbena	r øː d b 'eː n a
rödbeta	²r 'øː d b eː t a
rödfalk	r øː d f a l k
röding	²r 'øː d ɪ ŋ
rödlätt	²r 'øː d l ɛ t
rödlök	r øː d l øː k
rödspov	r øː d s p 'uː v
rödsprit	²r 'øː d s p r iː t
rödspätta	²r 'øː d s p ɛ t a
rödvarg	²s r øː d v a r j
rödvin	²r 'øː d v iː n
röja	r 'œ j ɛ r
röjning	²r 'œ j n ɪ ŋ
rök	r øː k
röka	r 'øː k ɛ r
rökare	²r 'øː k a r ɛ
rökdykare	²r 'øː k d yː k a r ɛ
rökelse	²r 'øː k ɛ l s ɛ
rökfri	²r 'øː k f r iː
rökfritt	²s r øː k f r ɪ t
rökig	²r 'øː k ɪ ɡ
rökning	²r 'øː k n ɪ ŋ
rökridå	²r 'øː k r ɪ d oː
röksugen	²r 'øː k s ʉː ɡ ɛ n
rölleka	r œ l ɛ k a
rön	r øː n
röna	r 'øː n ɛ r
rönn	r œ n
rönnbär	r 'œ n b ɛː r
röntga	²r 'œ n t k a
röntgar	²r 'œ n t k a r
röntgen	r 'œ n t k ɛ n
rör	r øː r
röra	²r 'øː r a
rörande	²r 'øː r a n d ɛ
rörd	r øː d
rörelse	²r 'øː r ɛ l s ɛ
rörhöna	r øː r h øː n a
rörig	²r 'øː r ɪ ɡ
rörlig	²r 'øː l ɪ ɡ
rörmokare	²r 'øː r m ʊ k a r ɛ
rörsångare	r øː r s ɔ ŋ a r ɛ
rös	r øː s
rösa	²s r øː s a
röse	²r 'øː s ɛ
röst	r œ s t
rösta	²r 'œ s t a
röstar	²r 'œ s t a r
röstberättigad	²r 'œ s t b ɛ r ɛ t ɪ ɡ a d
röstkort	²r œ s t k ʊ t
röstläge	²r 'œ s t l ɛː ɡ ɛ
röstlängd	²r 'œ s t l ɛ ŋ d
röstning	²r 'œ s t n ɪ ŋ
rösträtt	²r 'œ s t r ɛ t
röstsedel	²r 'œ s t s eː d ɛ l
röt	r øː t
röta	²r 'øː t a
rötmånad	²r 'øː t m oː n a d
rött	r œ t
rötter	r 'œ t ɛ r
rötägg	²r 'øː t ɛ ɡ
röv	r øː v
röva	²r 'øː v a
rövar	²r 'øː v a r
rövare	²r 'øː v a r ɛ
rövarhistoria	²r 'øː v a r h ɪ s t uː r ɪ a
rövslickare	²s r øː v s l ɪ k a r ɛ
s-märke	²'ɛ s m a r k ɛ
s:t	s a ŋ k t
sa	s 'ɑː
sabba	²s 'a b a
sabbar	²s 'a b a r
sabbat	²s 'a b a t
sabbatsår	²s 'a b a t s oː r
sabel	s 'ɑː b ɛ l
sabla	²s 'ɑː b l a
sablar	²s 'ɑː b l a r
sabotage	s a b ʊ t 'ɑː ɧ
sabotera	s a b ʊ t 'eː r a
saboterar	s a b ʊ t 'eː r a r
saco	s 'ɑː k ʊ
sade	²s 'ɑː d ɛ
sadel	s 'ɑː d ɛ l
sadism	s a d 'ɪ s m
sadist	s a d 'ɪ s t
sadistisk	s a d 'ɪ s t ɪ s k
sadla	²s 'ɑː d l a
sadlar	²s 'ɑː d l a r
safari	s a f 'ɑː r ɪ
saffran	²s 'a f r a n
safir	s a f 'iː r
saft	s a f t
saftig	²s 'a f t ɪ ɡ
saga	²s 'ɑː ɡ a
sagesman	²s 'ɑː ɡ ɛ s m a n
sagolik	²s 'ɑː ɡ ʊ l iː k
sagt	s a k t
sahlin	s a l 'iː n
sak	s ɑː k
sakfråga	²s 'ɑː k f r oː ɡ a
sakkunnig	²s 'ɑː k ɵ n ɪ ɡ
saklig	²s 'ɑː k l ɪ ɡ
sakna	²s 'ɑː k n a
saknar	²s 'ɑː k n a r
saknas	²s 'ɑː k n a s
sakral	s a k r 'ɑː l
sakrament	s a k r a m 'ɛ n t
sakskäl	²s 'ɑː k ɧ ɛː l
sakta	²s 'a k t a
saktar	²s 'a k t a r
sakteliga	²s 'a k t ɛ l ɪ ɡ a
saktmod	²s 'a k t m uː d
sal	s ɑː l
saldo	s 'a l d ʊ
salig	²s 'ɑː l ɪ ɡ
saliv	s a l 'iː v
sallad	²s 'a l a d
salmonella	²s a l m ʊ n 'ɛ l a
salong	s a l 'ɔ ŋ
salongsfähig	²s a l 'ɔ ŋ s f ɛː ɪ ɡ
salpeter	²s 'a l p eː t ɛ r
salt	s a l t
salta	²s 'a l t a
saltar	²s 'a l t a r
saltomortal	s a l t ʊ m ʊ t 'ɑː l
saltsyra	²s 'a l t s yː r a
saltvatten	²s 'a l t v a t ɛ n
salu	s 'ɑː l ɵ
saluföra	²s 'ɑː l ɵ f øː r
saluhall	²s 'ɑː l ɵ h a l
salut	s a l 'ʉː t
salutera	s a l ɵ t 'eː r a
saluterar	s a l ɵ t 'eː r a r
salutorg	s a l ɵ t ɔ r j
salva	²s 'a l v a
salvelse	²s 'a l v ɛ l s ɛ
sam	s a m
sam-	²s 'a m
samarbeta	²s 'a m a r b eː t a
samarbetar	²s 'a m a r b eː t a r
samarbete	²s 'a m a r b eː t ɛ
samba	²s 'a m b a
samband	²s 'a m b a n d
sambo	²s 'a m b uː
same	²s 'ɑː m ɛ
samfund	²s 'a m f ɵ n d
samfälld	²s 'a m f ɛ l d
samfärdsel	²s 'a m f ɛː d ɕ ɛ l
samförstånd	²s 'a m f œ ɕ t ɔ n d
samgående	²s 'a m ɡ oː ɛ n d ɛ
samhälle	²s 'a m h ɛ l ɛ
samhällelig	²s 'a m h ɛ l ɛ l ɪ ɡ
samhällskunskap	²s 'a m h ɛ l s k ɵ n s k ɑː p
samhällsskick	²s s a m h ɛ l s ɧ ɪ k
samhörighet	²s 'a m h øː r ɪ ɡ h eː t
samisk	s 'ɑː m ɪ s k
samiska	s 'ɑː m ɪ s k a
samklang	²s 'a m k l a ŋ
samkväm	²s 'a m k v ɛː m
samkörning	²s 'a m ɕ øː n ɪ ŋ
samla	²s 'a m l a
samlad	²s 'a m l a d
samlag	²s 'a m l ɑː ɡ
samlar	²s 'a m l a r
samlevnad	²s 'a m l eː v n a d
samling	²s 'a m l ɪ ŋ
samlingsregering	²s 'a m l ɪ ŋ s r ɛ j eː r ɪ ŋ
samma	²s 'a m a
samman	²s 'a m a n
sammanbiten	²s 'a m a n b iː t ɛ n
sammanblandning	²s 'a m a n b l a n d n ɪ ŋ
sammanbo	²s 'a m a n b uː r
sammanboende	²s 'a m a n b uː ɛ n d ɛ
sammanbrott	²s 'a m a n b r ɔ t
sammandrabbning	²s 'a m a n d r a b n ɪ ŋ
sammandrag	²s 'a m a n d r ɑː ɡ
sammanfalla	²s 'a m a n f a l ɛ r
sammanfatta	²s 'a m a n f a t a
sammanfattar	²s 'a m a n f a t a r
sammanfattningsvis	²s 'a m a n f a t n ɪ ŋ s v iː s
sammanföra	²s 'a m a n f øː r
sammanhang	²s 'a m a n h a ŋ
sammanhänga	²s 'a m a n h ɛ ŋ ɛ r
sammanhållning	²s 'a m a n h ɔ l n ɪ ŋ
sammankalla	²s 'a m a n k a l a
sammankallar	²s 'a m a n k a l a r
sammankomst	²s 'a m a n k ɔ m s t
sammanlagd	²s 'a m a n l a ɡ d
sammanlagt	²s 'a m a n l a k t
sammansatt	²s 'a m a n s a t
sammanslagning	²s 'a m a n s l ɑː ɡ n ɪ ŋ
sammanslutning	²s 'a m a n s l ʉː t n ɪ ŋ
sammanställa	²s 'a m a n s t ɛ l ɛ r
sammanstötning	²s 'a m a n s t øː t n ɪ ŋ
sammansvetsad	s a m a n s v ɛ t s a d
sammansvärjning	²s 'a m a n s v a r j n ɪ ŋ
sammansättning	²s 'a m a n s ɛ t n ɪ ŋ
sammantaget	²s 'a m a n t ɑː ɡ ɛ t
sammanträda	²s 'a m a n t r ɛː d ɛ r
sammanträde	²s 'a m a n t r ɛː d ɛ
sammanträffa	²s 'a m a n t r ɛ f a
sammanträffande	²s 'a m a n t r ɛ f a n d ɛ
sammanträffar	²s 'a m a n t r ɛ f a r
sammelsurium	²s a m ɛ l s 'ʉː r ɪ ɵ m
sammet	²s 'a m ɛ t
samordna	²s 'a m oː d n a
samordnar	²s 'a m oː d n a r
samråd	²s 'a m r oː d
samröre	²s 'a m r øː r ɛ
samsas	²s 'a m s a s
samspel	²s 'a m s p eː l
samspråk	²s 'a m s p r oː k
samstämd	²s 'a m s t ɛ m d
samstämmig	²s 'a m s t ɛ m ɪ ɡ
samsändning	²s 'a m s ɛ n d n ɪ ŋ
samt	s a m t
samtal	²s 'a m t ɑː l
samtala	²s 'a m t ɑː l a
samtalar	²s 'a m t ɑː l a r
samtid	²s 'a m t iː d
samtida	²s 'a m t iː d a
samtidig	²s 'a m t iː d ɪ ɡ
samtidigt	²s 'a m t iː d ɪ k t
samtliga	²s 'a m t l ɪ ɡ a
samtycka	²s 'a m t ʏ k ɛ r
samtycke	²s 'a m t ʏ k ɛ
samvaro	²s 'a m v ɑː r ʊ
samverka	²s 'a m v a r k a
samverkan	²s 'a m v a r k a n
samverkar	²s 'a m v a r k a r
samvete	²s 'a m v eː t ɛ
samvetsgrann	²s 'a m v eː t s ɡ r a n
samvetskval	²s 'a m v eː t s k v ɑː l
samvetsöm	²s 'a m v eː t s œ m
samåka	²s 'a m oː k ɛ r
sanatorium	²s a n a t 'uː r ɪ ɵ m
sand	s a n d
sanda	²s 'a n d a
sandal	s a n d 'ɑː l
sandalett	s a n d a l 'ɛ t
sandar	²s 'a n d a r
sandig	²s 'a n d ɪ ɡ
sandlåda	²s 'a n d l oː d a
sandlöpare	s a n d l øː p a r ɛ
sandpapper	²s 'a n d p a p ɛ r
sandsnäppa	s a n d s n ɛ p a
sandtärna	s a n d t ɜ r n a
sandvita	s a n d v 'iː t a
sandwich	s 'a n d v ɪ t ɕ
sanera	s a n 'eː r a
sanerar	s a n 'eː r a r
sanitets-	²s a n ɪ t 'eː t s
sanitetsbinda	²s a n ɪ t 'eː t s b ɪ n d a
sanitär	s a n ɪ t 'ɛː r
sank	s a ŋ k
sankt	s a ŋ k t
sanktion	s a ŋ k ɧ 'uː n
sann	s a n
sannerligen	²s 'a n ɛ l iː ɡ ɛ n
sannfärdig	²s 'a n f ɛː d ɪ ɡ
sanning	²s 'a n ɪ ŋ
sanningsenlig	²s 'a n ɪ ŋ s eː n l ɪ ɡ
sanningsförsäkran	²s 'a n ɪ ŋ s f œ ɕ ɛː k r a n
sannolik	²s 'a n ʊ l iː k
sannskyldig	²s 'a n ɧ ʏ l d ɪ ɡ
sans	s a n s
sansad	²s 'a n s a d
sanslös	²s 'a n s l øː s
sap	ɛ s ɑː p 'eː
sard	s a r d
sardin	s a d 'iː n
sardonisk	s a d uː n ɪ s k
sareptasenap	s a r ɛ p t a s 'eː n a p
sarg	s a r j
sarga	²s 'a r j a
sargar	²s 'a r j a r
sarkastisk	s a r k 'a s t ɪ s k
satan	²s 'ɑː t a n
satans	²s 'ɑː t a n s
sate	²s 'ɑː t ɛ
satellit	s a t ɛ l 'iː t
satir	s a t 'iː r
satkäring	²s 'ɑː t ɕ ɛː r ɪ ŋ
satkärring	²s 'ɑː t ɕ ɛː r ɪ ŋ
sats	s a t s
satsa	²s 'a t s a
satsar	²s 'a t s a r
satsdel	²s 'a t s d eː l
satslära	²s 'a t s l ɛː r a
satsning	²s 'a t s n ɪ ŋ
satt	s a t
satte	²s 'a t ɛ
sattyg	²s 'ɑː t yː ɡ
saturnus	s a t ɵ r n ɵ s
satäng	s a t 'ɛ ŋ
sautera	s ɔ t 'eː r a
sauterar	s ɔ t 'eː r a r
sav	s ɑː v
sax	s a k s
saxofon	s a k s ʊ f 'oː n
scarf	s k ɑː f
scen	s eː n
scenario	s ɛ n 'ɑː r ɪ ʊ
scenisk	s 'eː n ɪ s k
scenografi	s ɛ n ʊ ɡ r a f 'iː
scenskola	²s 'eː n s k uː l a
schablon	ɧ a b l 'uː n
schablonavdrag	²ɧ a b l 'uː n ɑː v d r ɑː ɡ
schabrak	ɧ a b r 'ɑː k
schack	ɧ a k
schackmatt	²ɧ 'a k m a t
schackningsperiod	²ɧ a k n ɪ ŋ s p ɛ r ɪ uː d
schah	ɧ ɑː
schakt	ɧ a k t
schakta	²ɧ 'a k t a
schaktar	²ɧ 'a k t a r
schal	ɧ ɑː l
schalett	ɧ a l 'ɛ t
schampo	ɧ 'a m p ʊ
scharlakansfeber	²ɧ a l 'ɑː k a n s f eː b ɛ r
schasa	²s ɧ 'ɑː s a
schattering	ɧ a t 'eː r ɪ ŋ
schejk	ɧ ɛ j k
schema	ɧ 'eː m a
schematisk	ɧ ɛ m 'ɑː t ɪ s k
schism	ɧ ɪ s m
schizofreni	s k ɪ t s ʊ f r ɛ n 'iː
schlager	ɧ l 'ɑː ɡ ɛ r
schnitzel	²ɧ n ɪ t s ɛ l
schottis	ɧ 'ɔ t ɪ s
schvung	ɧ v ɵ ŋ
schweiz	ɧ v ɛ j t s
schweizisk	ɧ v 'ɛ j t s ɪ s k
schysst	ɧ ʏ s t
schäfer	ɧ 'ɛː f ɛ r
scout	s k a ʊ t
scoutrörelsen	²s k 'a ʊ t r øː r ɛ l s ɛ n
se	s eː r
seans	s ɛ 'a n s
sebra	²s 'eː b r a
seco	s 'eː k ʊ
sed	s eː d
sedan	²s 'eː d a n
sedd	s ɛ d
sedel	s 'eː d ɛ l
sedelärande	²s 'eː d ɛ l ɛː r a n d ɛ
sedermera	²s 'eː d ɛ r m eː r a
sedesam	²s 'eː d ɛ s a m
sediment	s ɛ d ɪ m 'ɛ n t
sedlig	²s 'eː d l ɪ ɡ
sedlighetsbrott	²s 'eː d l ɪ ɡ h eː t s b r ɔ t
sedvana	²s 'eː d v ɑː n a
sedvanlig	²s 'eː d v ɑː n l ɪ ɡ
sedvänja	²s 'eː d v ɛ n j a
seeda	²s 'iː d a
seedar	²s 'iː d a r
seende	²s 'eː ɛ n d ɛ
seg	s eː ɡ
segdragen	²s 'eː ɡ d r ɑː ɡ ɛ n
segdragning	²s 'eː ɡ d r ɑː ɡ n ɪ ŋ
segel	s 'eː ɡ ɛ l
segelbräda	²s 'eː ɡ ɛ l b r ɛː d a
segelflyg	²s 'eː ɡ ɛ l f l yː ɡ
seger	s 'eː ɡ ɛ r
segertåg	²s 'eː ɡ ɛ t oː ɡ
segla	²s 'eː ɡ l a
seglar	²s 'eː ɡ l a r
seglare	²s 'eː ɡ l a r ɛ
seglats	s ɛ ɡ l 'a t s
segling	²s s 'eː ɡ l ɪ ŋ
seglivad	²s 'eː ɡ l iː v a d
segment	s ɛ ɡ m 'ɛ n t
segna	²s 'eː ɡ n a
segnar	²s 'eː ɡ n a r
segra	²s 'eː ɡ r a
segrar	²s 'eː ɡ r a r
segrare	²s 'eː ɡ r a r ɛ
segregation	s ɛ ɡ r ɛ ɡ a ɧ 'uː n
segregering	s ɛ ɡ r ɛ ɡ 'eː r ɪ ŋ
seismologisk	s ɛ j s m ʊ l 'oː ɡ ɪ s k
sej	s ɛ j
sejdel	²s 'ɛ j d ɛ l
sejour	s ɛ ɧ 'uː r
sek	s ɛ k 'ɵ n d
sekatör	s ɛ k a t 'øː r
sekel	s 'eː k ɛ l
sekelskifte	²s 'eː k ɛ l ɧ ɪ f t ɛ
sekondera	s ɛ k ɵ n d 'eː r a
sekonderar	s ɛ k ɵ n d 'eː r a r
sekret	s ɛ k r 'eː t
sekretariat	s ɛ k r ɛ t a r ɪ 'ɑː t
sekreterare	²s ɛ k r ɛ t 'eː r a r ɛ
sekretess	s ɛ k r ɛ t 'ɛ s
sekretär	s ɛ k r ɛ t 'ɛː r
sekt	s ɛ k t
sektion	s ɛ k ɧ 'uː n
sektor	²s 'ɛ k t ʊ r
sekulariserad	s ɛ k ɵ l a r ɪ s 'eː r a d
sekularisering	s ɛ k ɵ l a r ɪ s 'eː r ɪ ŋ
sekund	s ɛ k 'ɵ n d
sekunda	²s ɛ k 'ɵ n d a
sekundär	s ɛ k ɵ n d 'ɛː r
sekvens	s ɛ k v 'ɛ n s
sela	²s 'eː l a
selar	²s 'eː l a r
sele	²s 'eː l ɛ
selektiv	s 'ɛ l ɛ k t iː v
selen	s ɛ l 'eː n
selleri	s 'ɛ l ɛ r ɪ
semantisk	s ɛ m 'a n t ɪ s k
semester	s ɛ m 'ɛ s t ɛ r
semesterby	²s ɛ m 'ɛ s t ɛ r b yː
semesterersättning	²s ɛ m 'ɛ s t ɛ r eː ɕ ɛ t n ɪ ŋ
semesterlagen	²s ɛ m 'ɛ s t ɛ l ɑː ɡ ɛ n
semesterlön	²s ɛ m 'ɛ s t ɛ l øː n
semestra	s ɛ m 'ɛ s t r a
semestrar	s ɛ m 'ɛ s t r a r
semifinal	²s 'eː m ɪ f ɪ n ɑː l
semikolon	²s 'eː m ɪ k uː l ɔ n
seminarium	s ɛ m ɪ n 'ɑː r ɪ ɵ m
seminera	s ɛ m ɪ n 'eː r a
seminerar	s ɛ m ɪ n 'eː r a r
semla	²s 'ɛ m l a
sen	s eː n
sena	²s 'eː n a
senap	²s 'eː n a p
senapsgul	s 'eː n a p s ɡ ʉː l
senapssill	²s s 'eː n a p s s ɪ l
senarelägga	²s 'eː n a r ɛ l ɛ ɡ ɛ r
senat	s ɛ n 'ɑː t
senator	²s ɛ n 'ɑː t ʊ r
senfärdig	²s 'eː n f ɛː d ɪ ɡ
senig	s 'eː n ɪ ɡ
senil	s ɛ n 'iː l
senior	s ɛ n ɪ 'oː r
senkommen	²s 'eː n k ɔ m ɛ n
sensation	s ɛ n s a ɧ 'uː n
sensibel	s ɛ n s 'iː b ɛ l
sensitivitet	s ɛ n s ɪ t ɪ v ɪ t 'eː t
sensmoral	s ɛ n s m ʊ r 'ɑː l
sensor	²s 'ɛ n s ʊ r
sensuell	s ɛ n s ɵ 'ɛ l
sent	s 'eː n t
sentens	s ɛ n t 'ɛ n s
sentida	²s 'eː n t iː d a
sentimental	s ɛ n t ɪ m ɛ n t 'ɑː l
separat	s ɛ p a r 'ɑː t
separation	s ɛ p a r a ɧ 'uː n
separera	s ɛ p a r 'eː r a
separerar	s ɛ p a r 'eː r a r
september	s ɛ p t 'ɛ m b ɛ r
septiljon	s ɛ p t ɪ l j 'uː n
ser	s 'eː r
serb	s a r b
serbien	s ɛ r b ɪ ɛ n
serbisk	s 'ɛ r b ɪ s k
serenad	s ɛ r ɛ n 'ɑː d
sergeant	s ɛ r ɧ 'a n t
serie	s 'eː r ɪ ɛ
seriös	s ɛ r ɪ 'øː s
serpentin	s ɛ r p ɛ n t 'iː n
serum	s 'eː r ɵ m
serva	²s 'œ r v a
servar	²s 'œ r v a r
serve	s œ r v
server	s 'œ r v ɛ r
servera	s ɛ r v 'eː r a
serverar	s ɛ r v 'eː r a r
servering	s ɛ r v 'eː r ɪ ŋ
servett	s ɛ r v 'ɛ t
service	s 'œ r v ɪ s
servicebostad	²s 'œ r v ɪ s b uː s t ɑː d
servicebox	²s 'œ r v ɪ s b ɔ k s
servicehus	²s 'œ r v ɪ s h ʉː s
servicenäring	²s 'øː r v ɪ s n ɛː r ɪ ŋ
serviceyrke	²s 'œ r v ɪ s ʏ r k ɛ
servil	s ɛ r v 'iː l
servis	s ɛ r v 'iː s
servitris	s ɛ r v ɪ t r 'iː s
servitör	s ɛ r v ɪ t 'øː r
servo-	²s 'ɛ r v ʊ
sesam	s 'eː s a m
session	s ɛ ɧ 'uː n
seså	s ɛ s 'oː
set	s ɛ t
seta	s ɛː t a
sett	s ɛ t
sevilla	s ɛ v 'iː a
sevärd	²s 'eː v ɛː d
sevärdhet	²s 'eː v ɛː d h eː t
sex	s ɛ k s
sexa	²s 'ɛ k s a
sexig	²s 'ɛ k s ɪ ɡ
sextett	s ɛ k s t 'ɛ t
sextiljon	s ɛ k s t ɪ l j 'uː n
sextio	²s 'ɛ k s t ɪ ʊ
sexton	²s 'ɛ k s t ɔ n
sexual-	²s ɛ k s ɵ 'ɑː l
sexualitet	s ɛ k s ɵ a l ɪ t 'eː t
sexualkunskap	s ɛ k s ɵ 'ɑː l k ɵ n s k 'ɑː p
sexualundervisning	²s ɛ k s ɵ 'ɑː l ɵ n d ɛ r v iː s n ɪ ŋ
sexuell	s ɛ k s ɵ 'ɛ l
sfi	ɛ s ɛ f 'iː
sfs	ɛ s ɛ f 'ɛ s
sfär	s v ɛː r
shah	ɧ 'ɑː
shampo	ɧ 'a m p ʊ
sheriff	ɧ ɛ r 'ɪ f
sherry	ɧ 'ɛ r ʏ
shetlandsöarna	ɧ ɛ t l a n d s øː a n a
shobresvenska	²s ɕ 'uː b r ɛ s v ɛ n s k a
shop	ɧ ɔ p
shoppa	²ɧ 'ɔ p a
shoppar	²ɧ 'ɔ p a r
shopping	t ɧ ɔ p ɪ ŋ
shorts	ɧ oː t ɕ
show	ɧ ɔ ʊ
showbusiness	ɧ 'ɔ ʊ b ɪ s n ɛ s
sia	²s 'iː a
siar	²s 'iː a r
sicken	²s 'ɪ k ɛ n
sicksack	²s 'ɪ k s a k
sida	²s 'iː d a
siden	²s 'iː d ɛ n
siesta	²s ɪ 'ɛ s t a
sif	s ɪ f
siffra	²s 'ɪ f r a
sifo	s 'iː f ʊ
sig	s ɛ j
sight-seeing	s 'a j t s iː ɪ ŋ
sigill	s ɪ j 'ɪ l
sigillen	s ɪ j ɪ l ɛ n
sigillens	s ɪ j ɪ l ɛ n s
sigiller	s ɪ j ɪ l ɛ r
sigillet	s ɪ j ɪ l ɛ t
sigillets	s ɪ j ɪ l ɛ t s
sigills	s ɪ j ɪ l s
signal	s ɪ ŋ n 'ɑː l
signalement	s ɪ ŋ n a l ɛ m 'ɛ n t
signalera	s ɪ ŋ n a l 'eː r a
signalerar	s ɪ ŋ n a l 'eː r a r
signatur	s ɪ ŋ n a t 'ʉː r
signaturmelodi	²s ɪ ŋ n a t 'ʉː r m ɛ l ʊ d iː
signera	s ɪ ŋ n 'eː r a
signerar	s ɪ ŋ n 'eː r a r
signetring	²s ɪ ŋ n 'eː t r ɪ ŋ
signifikant	s ɪ ŋ n ɪ f ɪ k 'a n t
signifikativ	s ɪ ŋ n ɪ f ɪ k a t 'iː v
sigtuna	s ɪ ɡ t ʉː n a
sik	s iː k
sikt	s ɪ k t
sikta	²s 'ɪ k t a
siktar	²s 'ɪ k t a r
sikte	²s 'ɪ k t ɛ
sil	s iː l
sila	²s 'iː l a
silar	²s 'iː l a r
silikon	s ɪ l ɪ k 'oː n
silke	²s 'ɪ l k ɛ
silkeshäger	s ɪ l k ɛ s h ɛ ɡ ɛ r
sill	s ɪ l
sillgrissla	s ɪ l ɡ r ɪ s l a
silltrut	s ɪ l t r ʉː t
silo	s 'iː l ʊ
siluett	s ɪ l ɵ 'ɛ t
silver	s 'ɪ l v ɛ r
silvertärna	s ɪ l v ɛ r t ɜ r n a
sim	s ɪ m
simma	²s 'ɪ m a
simmar	²s 'ɪ m a r
simmare	²s 'ɪ m a r ɛ
simmig	²s 'ɪ m ɪ ɡ
simpel	s 'ɪ m p ɛ l
simsalabim	s ɪ m s a l a b 'ɪ m
simskola	²s 'ɪ m s k uː l a
simulator	²s ɪ m ɵ l 'ɑː t ʊ r
simulera	s ɪ m ɵ l 'eː r a
simulerar	s ɪ m ɵ l 'eː r a r
simultan-	²s ɪ m ɵ l t 'ɑː n
sin	s ɪ n
sina	²s 'iː n a
sinar	²s 'iː n a r
sinfonietta	s ɪ n f ɔ n ɪ ²s ɛ t a
singel	s 'ɪ ŋ ɛ l
singelolycka	²s 'ɪ ŋ ɛ l uː l ʏ k a
singla	²s 'ɪ ŋ l a
singlar	²s 'ɪ ŋ l a r
singular	²s 'ɪ ŋ ɡ ɵ l ɑː r
sinnad	²s 'ɪ n a d
sinne	²s 'ɪ n ɛ
sinnelag	²s 'ɪ n ɛ l ɑː ɡ
sinnes	²s s ɪ n ɛ s
sinnesfrånvaro	²s 'ɪ n ɛ s f r oː n v ɑː r ʊ
sinnessjuk	²s 'ɪ n ɛ s ɧ ʉː k
sinnesstämning	s ɪ n ɛ s s t ɛ m n ɪ ŋ
sinnestillstånd	²s s ɪ n ɛ s t ɪ l s t ɔ n d
sinnevärld	²s 'ɪ n ɛ v ɛː d
sinnlig	²s 'ɪ n l ɪ ɡ
sinnrik	²s 'ɪ n r iː k
sinsemellan	s ɪ n s ɛ m 'ɛ l a n
sionism	s ɪ ʊ n 'ɪ s m
sippa	²s 'ɪ p a
sippra	²s 'ɪ p r a
sipprar	²s 'ɪ p r a r
sirap	²s 'iː r a p
siren	s ɪ r 'eː n
sirlig	²s 'iː l ɪ ɡ
sist	s ɪ s t
sista	²s 'ɪ s t a
sistnämnd	²s 'ɪ s t n ɛ m n d
sistone	²s 'ɪ s t ʊ n ɛ
sisu	s 'iː s ɵ
sitar	s ɪ t 'ɑː r
sits	s ɪ t s
sitt	s ɪ t
sitta	s 'ɪ t ɛ r
sittning	²s 'ɪ t n ɪ ŋ
sittstrejk	²s 'ɪ t s t r ɛ j k
situation	s ɪ t ɵ a ɧ 'uː n
siv	s 'iː v
sj	ɧ 'eː
sjabbel	²ɧ 'a b ɛ l
sjabbig	²ɧ 'a b ɪ ɡ
sjabbla	²ɧ 'a b l a
sjabblar	²ɧ 'a b l a r
sjal	ɧ ɑː l
sjalett	ɧ a l 'ɛ t
sjas	ɧ ɑː s
sjaskig	²ɧ 'a s k ɪ ɡ
sjok	ɧ uː k
sju	ɧ ʉː
sjua	²ɧ 'ʉː a
sjucker	ɧ ɵ k ɛ r
sjuda	ɧ 'ʉː d ɛ r
sjuk	ɧ ʉː k
sjuka	²ɧ 'ʉː k a
sjukanmäla	²ɧ 'ʉː k a n m ɛː l ɛ r
sjukanmälan	²ɧ 'ʉː k a n m ɛː l a n
sjukbesök	²ɧ 'ʉː k b ɛ s øː k
sjukdom	²ɧ 'ʉː k d ʊ m
sjukersättning	²ɧ 'ʉː k eː ɕ ɛ t n ɪ ŋ
sjukfrånvaro	²ɧ 'ʉː k f r oː n v ɑː r ʊ
sjukförsäkring	²ɧ 'ʉː k f œ ɕ ɛː k r ɪ ŋ
sjukgymnast	²ɧ 'ʉː k j ʏ m n a s t
sjukgymnastik	²ɧ 'ʉː k j ʏ m n a s t iː k
sjukhem	²ɧ 'ʉː k h ɛ m
sjukhus	²ɧ 'ʉː k h ʉː s
sjukhussjuka	²ɧ 'ʉː k h ʉː s ɧ ʉː k a
sjukintyg	²ɧ 'ʉː k ɪ n t yː ɡ
sjukjournal	²ɧ 'ʉː k ɧ ʊ n ɑː l
sjukkassa	²ɧ 'ʉː k a s a
sjuklig	²ɧ 'ʉː k l ɪ ɡ
sjukling	²ɧ 'ʉː k l ɪ ŋ
sjukna	²s ɧ ʉː k n a
sjukpenning	²ɧ 'ʉː k p ɛ n ɪ ŋ
sjukpenningförsäkring	²ɧ 'ʉː k p ɛ n ɪ ŋ f œ ɕ ɛː k r ɪ ŋ
sjukpensionär	²ɧ 'ʉː k p a n ɧ ʊ n ɛː r
sjukskriven	²ɧ 'ʉː k s k r iː v ɛ n
sjukskrivning	²ɧ 'ʉː k s k r iː v n ɪ ŋ
sjuksköterska	²ɧ 'ʉː k ɧ øː t ɛ ɕ k a
sjukstuga	²ɧ 'ʉː k s t ʉː ɡ a
sjuksyster	²ɧ 'ʉː k s ʏ s t ɛ r
sjukt	ɧ ʉː k t
sjukvård	²ɧ 'ʉː k v oː d
sjukvårdare	²ɧ 'ʉː k v oː d a r ɛ
sjukvårdsbiträde	²ɧ 'ʉː k v oː d ɕ b iː t r ɛː d ɛ
sjukvårdsersättning	²ɧ 'ʉː k v oː d ɕ eː ɕ ɛ t n ɪ ŋ
sjukvårdshuvudman	²ɧ 'ʉː k v oː d ɕ h ʉː v ɵ d m a n
sjukvårdstolk	²ɧ 'ʉː k v oː d ɕ t ɔ l k
sjunde	²ɧ 'ɵ n d ɛ
sjunga	ɧ 'ɵ ŋ ɛ r
sjunka	ɧ 'ɵ ŋ k ɛ r
sjup	ɕ ʉː p ↓
sjutillhållarlås	²ɧ 'ʉː t ɪ l h ɔ l a l oː s
sjuttio	²ɧ 'ɵ t ɪ ʊ
sjutton	²ɧ 'ɵ t ɔ n
sjyst	ɧ ʏ s t
själ	ɧ ɛː l
själamässa	²ɧ 'ɛː l a m ɛ s a
själlös	²ɧ 'ɛː l øː s
själslig	²ɧ 'ɛː l s l ɪ ɡ
själsstyrka	²ɧ 'ɛː l s t ʏ r k a
själv	ɧ ɛ l v
självaktning	²ɧ 'ɛ l v a k t n ɪ ŋ
självbestämmande	²ɧ 'ɛ l v b ɛ s t ɛ m a n d ɛ
självbevarelsedrift	²ɧ 'ɛ l v b ɛ v ɑː r ɛ l s ɛ d r ɪ f t
självbiografi	²ɧ 'ɛ l v b ɪ ʊ ɡ r a f iː
självdeklaration	²ɧ 'ɛ l v d ɛ k l a r a ɧ uː n
självfallen	²ɧ 'ɛ l v f a l ɛ n
självfallet	²ɧ 'ɛ l v f a l ɛ t
självförsörjande	²ɧ 'ɛ l v f œ ɕ œ r j a n d ɛ
självförtroende	²ɧ 'ɛ l v f œ t r uː ɛ n d ɛ
självförverkligande	²ɧ 'ɛ l v f œ r v a r k l ɪ ɡ a n d ɛ
självförvållad	²ɧ 'ɛ l v f œ r v ɔ l a d
självgod	²ɧ 'ɛ l v ɡ uː d
självhävdelse	²ɧ 'ɛ l v h ɛ v d ɛ l s ɛ
självisk	ɧ 'ɛ l v ɪ s k
självklar	²ɧ 'ɛ l v k l ɑː r
självklarhet	²s ɧ ɛ l v k l 'ɑː r h 'eː t
självkostnadspris	²ɧ 'ɛ l v k ɔ s t n a d s p r iː s
självkänsla	²ɧ 'ɛ l v ɕ ɛ n s l a
självlärd	²ɧ 'ɛ l v l ɛː d
självmant	²ɧ 'ɛ l v m ɑː n t
självmedveten	²ɧ 'ɛ l v m eː d v eː t ɛ n
självmord	²ɧ 'ɛ l v m uː d
självrisk	²ɧ 'ɛ l v r ɪ s k
självservering	²ɧ 'ɛ l v s a r v eː r ɪ ŋ
självskriven	²ɧ 'ɛ l v s k r iː v ɛ n
självstyre	²ɧ 'ɛ l v s t yː r ɛ
självständig	²ɧ 'ɛ l v s t ɛ n d ɪ ɡ
självständighet	²ɧ 'ɛ l v s t ɛ n d ɪ ɡ h eː t
självsvåld	²ɧ 'ɛ l v s v ɔ l d
självsäker	²ɧ 'ɛ l v s ɛː k ɛ r
självuppfyllande	²ɧ 'ɛ l v ɵ p f ʏ l a n d ɛ
självupptagen	²ɧ 'ɛ l v ɵ p t ɑː ɡ ɛ n
självändamål	²ɧ 'ɛ l v ɛ n d a m oː l
sjätte	²ɧ 'ɛ t ɛ
sjå	ɧ oː
sjåpig	²ɧ 'oː p ɪ ɡ
sjö	ɧ øː
sjöbjörn	ɧ øː b j øː r n
sjöd	ɧ øː d
sjöfart	²ɧ 'øː f ɑː t
sjögräs	²ɧ 'øː ɡ r ɛː s
sjögång	²ɧ 'øː ɡ ɔ ŋ
sjökalv	²s ɧ øː k a l v
sjökvist	²s ɧ øː k v ɪ s t
sjöman	²ɧ 'øː m a n
sjömil	²ɧ 'øː m iː l
sjön	ɧ œ n
sjöng	ɧ œ ŋ
sjönk	ɧ œ ŋ k
sjönöd	²ɧ 'øː n øː d
sjöorre	ɧ øː ɔ r ɛ
sjöquist	²s ɧ øː k v ɪ s t
sjöqvist	²s ɧ øː k v ɪ s t
sjöräddningen	²ɧ 'øː r ɛ d n ɪ ŋ ɛ n
sjörövare	²ɧ 'øː r øː v a r ɛ
sjösjuk	²ɧ 'øː ɧ ʉː k
sjösjuka	²ɧ 'øː ɧ ʉː k a
sjöslag	²ɧ 'øː s l ɑː ɡ
sjöss	ɧ œ s
sjöstjärna	²ɧ 'øː ɧ ɛː n a
sjösätta	²ɧ 'øː s ɛ t ɛ r
sjötunga	²ɧ 'øː t ɵ ŋ a
ska	s k ɑː
skabb	s k a b
skabrös	s k a b r 'øː s
skada	²s k 'ɑː d a
skadar	²s k 'ɑː d a r
skadeglad	²s k 'ɑː d ɛ ɡ l ɑː d
skadeglädje	²s k 'ɑː d ɛ ɡ l ɛː d j ɛ
skadegörelse	²s k 'ɑː d ɛ j øː r ɛ l s ɛ
skadeslös	²s k 'ɑː d ɛ s l øː s
skadestånd	²s k 'ɑː d ɛ s t ɔ n d
skadeverkning	²s k 'ɑː d ɛ v a r k n ɪ ŋ
skadlig	²s k 'ɑː d l ɪ ɡ
skadskjuta	²s k 'ɑː d ɧ ʉː t a
skaffa	²s k 'a f a
skaffar	²s k 'a f a r
skaffel	ɧ a f ɛ l
skafferi	s k a f ɛ r 'iː
skaffning	s k 'a f n ɪ ŋ
skaft	s k a f t
skaka	²s k 'ɑː k a
skakad	²s k 'ɑː k a d
skakande	²s k 'ɑː k a n d ɛ
skakar	²s k 'ɑː k a r
skakis	s k 'ɑː k ɪ s
skakning	s k 'ɑː k n ɪ ŋ
skal	s k ɑː l
skala	²s k 'ɑː l a
skalad	²s s k 'ɑː l a d
skalade	²s s k 'ɑː l a d ɛ
skalades	²s s k 'ɑː l a d ɛ s
skalan	²s s k 'ɑː l a n
skalande	²s s k 'ɑː l a n d ɛ
skalans	²s s k 'ɑː l a n s
skalar	²s k 'ɑː l a r
skalas	²s s k 'ɑː l a s
skalat	²s s k 'ɑː l a t
skalats	²s s k 'ɑː l a t s
skalbagge	²s k 'ɑː l b a ɡ ɛ
skald	s k a l d
skaldjur	²s k 'ɑː l j ʉː r
skale	²s s k 'ɑː l ɛ
skalen	²s s k 'ɑː l ɛ n
skales	²s s k 'ɑː l ɛ s
skalk	s k a l k
skall	s k 'a l s k a l
skalla	²s k 'a l a
skallar	²s k 'a l a r
skalle	²s k 'a l ɛ
skallgång	²s k 'a l ɡ ɔ ŋ
skallig	²s k 'a l ɪ ɡ
skallra	²s k 'a l r a
skallrar	²s k 'a l r a r
skalor	²s s k 'ɑː l ʊ r
skalorna	²s s k 'ɑː l ʊ r n a
skalornas	²s s k 'ɑː l ʊ r n a s
skalors	²s s k 'ɑː l ʊ r s
skalp	s k a l p
skalpell	s k a l p 'ɛ l
skalv	s k a l v
skam	s k a m
skamfilad	²s k 'a m f iː l a d
skamfläck	²s k 'a m f l ɛ k
skamgrepp	²s k 'a m ɡ r ɛ p
skamlig	²s k 'a m l ɪ ɡ
skamlös	²s k 'a m l øː s
skampåle	²s k 'a m p oː l ɛ
skamsen	²s k 'a m s ɛ n
skamvrå	²s k 'a m v r oː
skandal	s k a n d 'ɑː l
skandalös	s k a n d a l 'øː s
skandera	s k a n d 'eː r a
skanderar	s k a n d 'eː r a r
skandinavien	s k a n d ɪ n 'ɑː v ɪ ɛ n
skandinavisk	s k a n d ɪ n 'ɑː v ɪ s k
skandium	s k a n d ɪ ɵ m
skanner	s k 'a n ɛ r
skans	s k a n s
skansen	s k 'a n s ɛ n
skapa	²s k 'ɑː p a
skapar	²s k 'ɑː p a r
skapare	²s k 'ɑː p a r ɛ
skapelse	²s k 'ɑː p ɛ l s ɛ
skaplig	²s k 'ɑː p l ɪ ɡ
skar	s k ɑː r
skara	²s k 'ɑː r a
skare	²s k 'ɑː r ɛ
skarf	s k ɑː f
skarp	s k a r p
skarpsinne	²s k 'a r p s ɪ n ɛ
skarpsyn	²s k 'a r p s yː n
skars	s k 'ɑː r s
skarv	s k a r v
skarva	²s k 'a r v a
skarvar	²s k 'a r v a r
skata	²s k 'ɑː t a
skateboard	s k 'ɛ j t b oː d
skatgök	s k 'ɑː t j øː k
skatt	s k a t
skatta	²s k 'a t a
skattar	²s k 'a t a r
skattekolumn	²s k 'a t ɛ k ʊ l ɵ m n
skattekrona	²s k 'a t ɛ k r uː n a
skattemedel	²s k 'a t ɛ m eː d ɛ l
skattemyndighet	²s k 'a t ɛ m ʏ n d ɪ ɡ h eː t
skatteplanera	²s k 'a t ɛ p l a n eː r a
skatteplanerar	²s k 'a t ɛ p l a n eː r a r
skatteutjämning	²s k 'a t ɛ ʉː t j ɛ m n ɪ ŋ
skatteåterbäring	²s k 'a t ɛ oː t ɛ r b ɛː r ɪ ŋ
skattsedel	²s k 'a t s eː d ɛ l
skav	s k ɑː v
skava	s k 'ɑː v ɛ r
skavank	s k a v 'a ŋ k
ske	ɧ eː r
sked	ɧ eː d
skedand	ɧ 'eː d a n d
skedde	²ɧ 'ɛ d ɛ
skede	²ɧ 'eː d ɛ
skedstork	ɧ 'eː d s t ɔ r k
skeen	ɧ 'eː n
skeende	²ɧ 'eː ɛ n d ɛ
skela	²ɧ 'eː l a
skelar	²ɧ 'eː l a r
skelett	s k ɛ l 'ɛ t
skelögd	²ɧ 'eː l œ ɡ d
sken	ɧ eː n
sken-	²ɧ 'eː n
skena	²ɧ 'eː n a
skenar	²ɧ 'eː n a r
skenbar	²ɧ 'eː n b ɑː r
skenben	²ɧ 'eː n b eː n
skenbild	²ɧ 'eː n b ɪ l d
skenhelig	²ɧ 'eː n h eː l ɪ ɡ
skenval	²s ɧ 'eː n v 'ɑː l
skepnad	²ɧ 'eː p n a d
skepp	ɧ ɛ p
skeppa	²ɧ 'ɛ p a
skeppar	²ɧ 'ɛ p a r
skeppare	²ɧ 'ɛ p a r ɛ
skepparkrans	ɧ ɛ p a r k r a n s
skeppsbrott	²ɧ 'ɛ p s b r ɔ t
skeppsbruten	²ɧ 'ɛ p s b r ʉː t ɛ n
skepsis	s k 'ɛ p s ɪ s
skeptisk	s k 'ɛ p t ɪ s k
sket	ɧ 'eː t
sketch	s k ɛ t ɧ
skett	ɧ ɛ t
skev	ɧ eː v
skick	ɧ ɪ k
skicka	²ɧ 'ɪ k a
skickad	²ɧ 'ɪ k a d
skickar	²ɧ 'ɪ k a r
skickelse	²ɧ 'ɪ k ɛ l s ɛ
skicklig	²ɧ 'ɪ k l ɪ ɡ
skida	²ɧ 'iː d a
skiffer	ɧ 'ɪ f ɛ r
skiffermes	ɧ ɪ f ɛ r m 'eː s
skiffertrut	ɧ ɪ f ɛ r t r ʉː t
skift	ɧ ɪ f t
skifta	²ɧ 'ɪ f t a
skiftar	²ɧ 'ɪ f t a r
skiftarbetare	²ɧ 'ɪ f t a r b eː t a r ɛ
skiftarbete	²ɧ 'ɪ f t a r b eː t ɛ
skifte	²ɧ 'ɪ f t ɛ
skiftgång	²ɧ 'ɪ f t ɡ ɔ ŋ
skiftning	²ɧ 'ɪ f t n ɪ ŋ
skiftnyckel	²ɧ 'ɪ f t n ʏ k ɛ l
skifttillägg	²ɧ 'ɪ f t ɪ l ɛ ɡ
skikt	ɧ ɪ k t
skild	ɧ ɪ l d
skilde	²ɧ 'ɪ l d ɛ
skildes	²ɧ 'ɪ l d ɛ s
skildra	²ɧ 'ɪ l d r a
skildrar	²ɧ 'ɪ l d r a r
skildring	²s ɧ ɪ l d r ɪ ŋ
skilja	ɧ 'ɪ l j ɛ r
skiljaktig	²ɧ 'ɪ l j a k t ɪ ɡ
skiljas	ɧ ɪ l s
skiljedom	²ɧ 'ɪ l j ɛ d ʊ m
skiljeman	²ɧ 'ɪ l j ɛ m a n
skiljenämnd	²ɧ 'ɪ l j ɛ n ɛ m n d
skiljetecken	²ɧ 'ɪ l j ɛ t ɛ k ɛ n
skiljeväg	²ɧ 'ɪ l j ɛ v ɛː ɡ
skilling	ɧ ɪ l ɪ ŋ
skillingtryck	²ɧ 'ɪ l ɪ ŋ t r ʏ k
skillnad	²ɧ 'ɪ l n a d
skilsmässa	²ɧ 'ɪ l s m ɛ s a
skilt	ɧ ɪ l t
skilts	ɧ ɪ l t s
skimmer	ɧ 'ɪ m ɛ r
skimra	²ɧ 'ɪ m r a
skimrar	²ɧ 'ɪ m r a r
skina	ɧ 'iː n ɛ r
skingra	²ɧ 'ɪ ŋ r a
skingrar	²ɧ 'ɪ ŋ r a r
skinit	²ɧ 'iː n ɪ t
skinka	²ɧ 'ɪ ŋ k a
skinn	ɧ ɪ n
skinna	²ɧ 'ɪ n a
skinnar	²ɧ 'ɪ n a r
skipa	²ɧ 'iː p a
skipar	²ɧ 'iː p a r
skippa	²s k 'ɪ p a
skippar	²s k 'ɪ p a r
skir	ɧ iː r
skiss	s k ɪ s
skissera	s k ɪ s 'eː r a
skisserar	s k ɪ s 'eː r a r
skit	ɧ iː t
skit-	ɧ iː t
skita	ɧ 'iː t ɛ r
skitsnack	²ɧ 'iː t s n a k
skiva	²ɧ 'iː v a
skivar	²ɧ 'iː v a r
skivspelare	²ɧ 'iː v s p eː l a r ɛ
skivstång	²ɧ 'iː v s t ɔ ŋ
skjorta	²ɧ 'uː t a
skjul	ɧ ʉː l
skjuta	ɧ 'ʉː t ɛ r
skjutbana	²ɧ 'ʉː t b ɑː n a
skjutglad	²ɧ 'ʉː t ɡ l ɑː d
skjutit	²ɧ 'ʉː t ɪ t
skjuts	ɧ ɵ s
skjutsa	²ɧ ɵ s a r
skjutsar	²ɧ ɵ s a r
sko	s k uː
skock	s k ɔ k
skockas	²s k 'ɔ k a s
skodon	²s k 'uː d uː n
skog	s k uː ɡ
skogsbruk	²s k 'ʊ k s b r ʉː k
skogsbryn	²s k 'ʊ k s b r yː n
skogsduva	s k ʊ ɡ͡s d ʉː v a
skogsdöd	²s k 'ʊ k s d øː d
skogsmulleskola	²s k 'ʊ k s m ɵ l ɛ s k uː l a
skogssnäppa	s k ʊ ɡ s s n ɛ p a
skogsstjärna	s k ʊ k s ɧ ɛː n a
skohorn	²s k 'uː h uː n
skoj	s k ɔ j
skoja	²s k 'ɔ j a
skojar	²s k 'ɔ j a r
skojare	²s k 'ɔ j a r ɛ
skojfrisk	²s k 'ɔ j f r ɪ s k
skojig	²s k 'ɔ j ɪ ɡ
skokräm	²s k 'uː k r ɛː m
skola	²s k 'uː l a
skolar	²s k 'uː l a r
skolbespisning	²s k 'uː l b ɛ s p iː s n ɪ ŋ
skolbänk	²s k 'uː l b ɛ ŋ k
skolexempel	²s k 'uː l ɛ k s ɛ m p ɛ l
skolgång	²s k 'uː l ɡ ɔ ŋ
skolgård	²s k 'uː l ɡ oː d
skolhem	²s k 'uː l h ɛ m
skolhälsovård	²s k 'uː l h ɛ l s ʊ v oː d
skolk	s k ɔ l k
skolka	²s k 'ɔ l k a
skolkar	²s k 'ɔ l k a r
skolkontor	²s k 'uː l k ɔ n t uː r
skolkort	²s k 'uː l k ʊ t
skolkurator	²s k 'uː l k ɵ r ɑː t ʊ r
skolleda	²s k 'uː l eː d a
skolmat	²s s k 'uː l m 'ɑː t
skolmatsal	²s s k 'uː l m 'ɑː t s 'ɑː l
skolmogen	²s k 'uː l m uː ɡ ɛ n
skolmåltid	²s k 'uː l m oː l t iː d
skolplikt	²s k 'uː l p l ɪ k t
skolpsykolog	²s k 'uː l p s ʏ k ʊ l oː ɡ
skolskjuts	²s k 'uː l ɧ ɵ s
skolsköterska	²s k 'uː l ɧ øː t ɛ ɕ k a
skolstyrelse	²s k 'uː l s t yː r ɛ l s ɛ
skoltandvård	²s k 'uː l t a n d v oː d
skoltermin	²s k 'uː l t a r m iː n
skoltrötthet	²s k 'uː t r œ t h ɛ t
skolunderbyggnad	²s k 'uː l ɵ n d ɛ r b ʏ ɡ n a d
skolungdom	²s k 'uː l ɵ ŋ d ʊ m
skolverket	²s k 'uː l v a r k ɛ t
skolår	²s k 'uː l oː r
skolös	²s s k 'uː l øː s
skomakare	²s k 'uː m ɑː k a r ɛ
skomakeri	s k uː m ɑː k ɛ r 'iː
skona	²s k 'uː n a
skonar	²s k 'uː n a r
skoningslös	²s k 'uː n ɪ ŋ s l øː s
skonsam	²s k 'uː n s a m
skopa	²s k 'uː p a
skor	s k uː r
skorpa	²s k 'ɔ r p a
skorpionen	s k ʊ r p ɪ 'uː n ɛ n
skorra	²s k 'ɔ r a
skorrar	²s k 'ɔ r a r
skorsten	²s k 'ɔ ɕ t eː n
skorstensfejare	²s k 'ɔ ɕ t eː n s f ɛ j a r ɛ
skorstensseglare	s k ɔ ɕ t 'eː n s 'eː ɡ l a r ɛ
skorv	s k ɔ r v
skoskav	²s k 'uː s k ɑː v
skoter	s k 'uː t ɛ r
skotsk	s k ɔ t s k
skotska	s k ɔ t s k a
skotske	s k ɔ t s k ɛ
skotskt	s k ɔ t s k t
skott	s k ɔ t
skotta	²s k 'ɔ t a
skottar	²s k 'ɔ t a r
skottdag	²s k 'ɔ t d ɑː ɡ
skotte	²s k 'ɔ t ɛ
skottglugg	²s k 'ɔ t ɡ l ɵ ɡ
skotthåll	²s k 'ɔ t h ɔ l
skottkärra	²s k 'ɔ t ɕ a r a
skottland	s k ɔ t l a n d
skottlossning	²s k 'ɔ t l ɔ s n ɪ ŋ
skottpengar	²s k 'ɔ t p ɛ ŋ a r
skottsäker	²s k 'ɔ t s ɛː k ɛ r
skottår	²s k 'ɔ t oː r
skovel	s k 'ɔ v ɛ l
skraj	s k r a j
skrajsen	²s k r 'a j s ɛ n
skral	s k r ɑː l
skraltig	²s k r 'a l t ɪ ɡ
skramla	²s k r 'a m l a
skramlar	²s k r 'a m l a r
skrammel	s k r 'a m ɛ l
skranglig	²s k r 'a ŋ l ɪ ɡ
skrank	s k r a ŋ k
skrapa	²s k r 'ɑː p a
skrapar	²s k r 'ɑː p a r
skratt	s k r a t
skratta	²s k r 'a t a
skrattar	²s k r 'a t a r
skrattgrop	²s k r 'a t ɡ r uː p
skrattretande	²s k r 'a t r eː t a n d ɛ
skred	s k r eː d
skrek	s k r eː k
skrev	s k r eː v
skreva	²s k r 'eː v a
skrevar	²s k r 'eː v a r
skri	s k r iː
skriande	²s k r 'iː a n d ɛ
skribent	s k r ɪ b 'ɛ n t
skrida	s k r 'iː d ɛ r
skridsko	s k r 'ɪ s k ʊ
skrift	s k r ɪ f t
skriftlig	²s k r 'ɪ f t l ɪ ɡ
skriftspråk	²s k r 'ɪ f t s p r oː k
skriftställare	²s k r 'ɪ f t s t ɛ l a r ɛ
skrik	s k r iː k
skrika	s k r 'iː k ɛ r
skrikig	²s k r 'iː k ɪ ɡ
skrikit	²s k r 'iː k ɪ t
skrikstrandpipare	s k r 'iː k s t r a n d p 'iː p a r ɛ
skrikörn	s k r 'iː k øː r n
skrin	s k r iː n
skrinlägga	²s k r 'iː n l ɛ ɡ ɛ r
skripta	²s k r 'ɪ p t a
skritt	s k r ɪ t
skriva	s k r 'iː v ɛ r
skrivare	²s k r 'iː v a r ɛ
skrivbok	²s k r 'iː v b uː k
skrivbord	²s k r 'iː v b uː d
skrivelse	²s k r 'iː v ɛ l s ɛ
skriverier	s k r iː v ɛ r 'iː ɛ r
skrivit	²s k r 'iː v ɪ t
skrivkramp	²s k r 'iː v k r a m p
skrivkunnig	²s k r 'iː v k ɵ n ɪ ɡ
skrivmaskin	²s k r 'iː v m a ɧ iː n
skrivning	²s k r 'iː v n ɪ ŋ
skrock	s k r ɔ k
skrot	s k r uː t
skrota	²s k r 'uː t a
skrotar	²s k r 'uː t a r
skrott	s k r ɔ t
skrov	s k r oː v
skrovlig	²s k r oː v l ɪ ɡ
skrovmål	²s k r 'oː v m oː l
skrubb	s k r ɵ b
skrubba	²s k r 'ɵ b a
skrubbar	²s k r 'ɵ b a r
skrud	s k r ʉː d
skrumpen	²s k r 'ɵ m p ɛ n
skrupelfri	²s k r 'ʉː p ɛ l f r iː
skrupler	s k r 'ʉː p l ɛ r
skrupulös	s k r ɵ p ɵ l 'øː s
skrutit	²s k r 'ʉː t ɪ t
skruttig	²s k r 'ɵ t ɪ ɡ
skruv	s k r ʉː v
skruva	²s k r 'ʉː v a
skruvar	²s k r 'ʉː v a r
skruvmejsel	²s k r 'ʉː v m ɛ j s ɛ l
skruvstäd	²s k r 'ʉː v s t ɛː d
skrymma	s k r 'ʏ m ɛ r
skrymmande	²s k r 'ʏ m a n d ɛ
skrymsle	²s k r 'ʏ m s l ɛ
skrynkelfri	²s k r 'ʏ ŋ k ɛ l f r iː
skrynkla	²s k r 'ʏ ŋ k l a
skrynklar	²s k r 'ʏ ŋ k l a r
skrynklig	²s k r 'ʏ ŋ k l ɪ ɡ
skryp	s k r e̞ u̯ː p
skryt	s k r yː t
skryta	s k r 'yː t ɛ r
skrytsam	²s k r 'yː t s a m
skräck	s k r ɛ k
skräckinjagande	²s k r 'ɛ k ɪ n j ɑː ɡ a n d ɛ
skräckslagen	²s k r 'ɛ k s l ɑː ɡ ɛ n
skräda	s k r 'ɛː d ɛ r
skräddare	²s k r 'ɛ d a r ɛ
skräddarsy	²s k r 'ɛ d a ɕ yː r
skräll	s k r ɛ l
skrälla	s k r 'ɛ l ɛ r
skrämma	s k r 'ɛ m ɛ r
skrämmande	²s k r 'ɛ m a n d ɛ
skrämsel	s k r 'ɛ m s ɛ l
skrämskott	²s k r 'ɛ m s k ɔ t
skrän	s k r ɛː n
skräna	²s k r 'ɛː n a
skränar	²s k r 'ɛː n a r
skräntärna	s k r ɛ n t ɜ r n a
skräp	s k r ɛː p
skräpig	²s k r 'ɛː p ɪ ɡ
skrävla	²s k r 'ɛː v l a
skrävlar	²s k r 'ɛː v l a r
skrå	s k r oː
skrål	s k r oː l
skråla	²s k r 'oː l a
skrålar	²s k r 'oː l a r
skråma	²s k r 'oː m a
skröna	²s k r 'øː n a
skröplig	²s k r 'øː p l ɪ ɡ
skröt	s k r øː t
skubba	²s k 'ɵ b a
skubbar	²s k 'ɵ b a r
skugga	²s k 'ɵ ɡ a
skuggar	²s k 'ɵ ɡ a r
skuggig	²s k 'ɵ ɡ ɪ ɡ
skula	²s s k ʉː l a
skuld	s k ɵ l d
skuldebrev	²s k 'ɵ l d ɛ b r eː v
skulderblad	²s k 'ɵ l d ɛ r b l ɑː d
skuldra	²s k 'ɵ l d r a
skuldsatt	²s k 'ɵ l d s a t
skull	s k ɵ l
skulle	²s k 'ɵ l ɛ
skulptur	s k ɵ l p t 'ʉː r
skulptör	s k ɵ l p t 'øː r
skum	s k ɵ m
skumgummi	²s k 'ɵ m ɡ ɵ m ɪ
skumma	²s k 'ɵ m a
skummar	²s k 'ɵ m a r
skummjölk	²s k 'ɵ m j œ l k
skumpa	²s k 'ɵ m p a
skumpar	²s k 'ɵ m p a r
skumpig	²s k 'ɵ m p ɪ ɡ
skumraskaffärer	²s k 'ɵ m r a s k a f ɛː r ɛ r
skumvin	s k ɵ m v 'iː n
skunk	s k ʊ ŋ k
skur	s k ʉː r
skura	²s k 'ʉː r a
skurar	²s k 'ʉː r a r
skurborste	²s k 'ʉː r b ɔ ɕ t ɛ
skuren	²s s k ʉː r ɛ n
skurit	²s k 'ʉː r ɪ t
skurits	²s s k ʉː r ɪ t s
skurk	s k ɵ r k
skurtrasa	²s k 'ʉː t r ɑː s a
skuta	²s k 'ʉː t a
skutt	s k ɵ t
skutta	²s k 'ɵ t a
skuttar	²s k 'ɵ t a r
skvader	s k v 'ɑː d ɛ r
skval	s k v ɑː l
skvala	²s k v 'ɑː l a
skvalar	²s k v 'ɑː l a r
skvaller	s k v 'a l ɛ r
skvallerbytta	²s k v 'a l ɛ r b ʏ t a
skvallerpress	²s k v 'a l ɛ r p r ɛ s
skvallra	²s k v 'a l r a
skvallrar	²s k v 'a l r a r
skvalp	s k v a l p
skvalpa	²s k v 'a l p a
skvalpar	²s k v 'a l p a r
skvätt	s k v ɛ t
skvätta	s k v 'ɛ t ɛ r
sky	ɧ yː
skydd	ɧ ʏ d
skydda	²ɧ 'ʏ d a
skyddar	²ɧ 'ʏ d a r
skyddsföreskrift	²ɧ 'ʏ d s f øː r ɛ s k r ɪ f t
skyddshelgon	²ɧ 'ʏ d s h ɛ l ɡ ɔ n
skyddshjälm	ɧ ʏ d s j ɛ l m
skyddsinstruktion	²ɧ 'ʏ d s ɪ n s t r ɵ k ɧ uː n
skyddsinstruktör	²ɧ 'ʏ d s ɪ n s t r ɵ k t øː r
skyddskläder	²ɧ 'ʏ d s k l ɛː d ɛ r
skyddskommitté	²ɧ 'ʏ d s k ɔ m ɪ t eː
skyddslag	²ɧ 'ʏ d s l ɑː ɡ
skyddsling	²ɧ 'ʏ d s l ɪ ŋ
skyddsombud	²ɧ 'ʏ d s ɔ m b ʉː d
skyddsområde	²ɧ 'ʏ d s ɔ m r oː d ɛ
skyddsrum	²ɧ 'ʏ d s r ɵ m
skyddstillsyn	²ɧ 'ʏ d s t ɪ l s yː n
skyddsväg	ɕ t d s v 'eː ɡ
skyddsängel	²ɧ 'ʏ d s ɛ ŋ ɛ l
skyfall	²ɧ 'yː f a l
skyffe	ɧ ʏ f ɛ
skyffel	²ɧ 'ʏ f ɛ l
skyffla	²ɧ 'ʏ f l a
skyfflar	²ɧ 'ʏ f l a r
skygg	ɧ ʏ ɡ
skygga	²ɧ 'ʏ ɡ a
skyggar	²ɧ 'ʏ ɡ a r
skygglapp	²ɧ 'ʏ ɡ l a p
skyhög	ɧ f h øː ɡ
skyla	ɧ 'yː l ɛ r
skyldig	²ɧ 'ʏ l d ɪ ɡ
skyldighet	²ɧ 'ʏ l d ɪ ɡ h eː t
skyldra	²ɧ 'ʏ l d r a
skyldrar	²ɧ 'ʏ l d r a r
skylla	ɧ 'ʏ l ɛ r
skylt	ɧ ʏ l t
skylta	²ɧ 'ʏ l t a
skyltar	²ɧ 'ʏ l t a r
skyltdocka	²ɧ 'ʏ l t d ɔ k a
skyltfönster	²ɧ 'ʏ l t f œ n s t ɛ r
skymf	ɧ ʏ m f
skymfa	²ɧ 'ʏ m f a
skymfar	²ɧ 'ʏ m f a r
skymma	ɧ 'ʏ m ɛ r
skymning	²ɧ 'ʏ m n ɪ ŋ
skymt	ɧ ʏ m t
skymta	²ɧ 'ʏ m t a
skymtar	²ɧ 'ʏ m t a r
skymundan	²ɧ ʏ m 'ɵ n d a n
skynda	²ɧ 'ʏ n d a
skyndar	²ɧ 'ʏ n d a r
skynke	²ɧ 'ʏ ŋ k ɛ
skyr	ɧ yː r
skyskrapa	²ɧ 'yː s k r ɑː p a
skytt	ɧ ʏ t
skytte	²ɧ 'ʏ t ɛ
skyttegrav	²ɧ 'ʏ t ɛ ɡ r ɑː v
skyttekung	²ɧ 'ʏ t ɛ k ɵ ŋ
skyttel	²ɧ 'ʏ t ɛ l
skytteltrafik	²ɧ 'ʏ t ɛ l t r a f iː k
skytten	ɧ ʏ t ɛ n
skägg	ɧ ɛ ɡ
skäggdopping	ɧ ɛ ɡ d ɔ p ɪ ŋ
skäggmes	ɧ ɛ ɡ m 'eː s
skäggstubb	²ɧ 'ɛ ɡ s t ɵ b
skäggtärna	ɧ ɛ ɡ t ɜ r n a
skäl	ɧ ɛː l
skälig	²ɧ 'ɛː l ɪ ɡ
skäligen	²ɧ 'ɛː l ɪ ɡ ɛ n
skäll	ɧ ɛ l
skälla	ɧ 'ɛ l ɛ r
skällsord	²ɧ 'ɛ l s uː d
skälm	ɧ ɛ l m
skälv	ɧ ɛ l v
skälva	ɧ 'ɛ l v ɛ r
skämd	ɧ ɛ m d
skämmas	ɧ ɛ m s
skämskudde	²s ɧ ɛ m s k ɵ d ɛ
skämt	ɧ ɛ m t
skämta	²ɧ 'ɛ m t a
skämtar	²ɧ 'ɛ m t a r
skända	²ɧ 'ɛ n d a
skändar	²ɧ 'ɛ n d a r
skänk	ɧ ɛ ŋ k
skänka	ɧ 'ɛ ŋ k ɛ r
skär	ɧ ɛː r
skära	²ɧ 'ɛː r a
skärande	²ɧ 'ɛː r a n d ɛ
skäras	²s ɧ ɛː r a s
skärbräda	²ɧ 'ɛː r b r ɛː d a
skärfläcka	ɧ ɛː r f l ɛ k a
skärgård	²ɧ 'ɛː r ɡ oː d
skärm	ɧ a r m
skärmytsling	²ɧ 'ɛ r m ʏ t s l ɪ ŋ
skärning	²ɧ ɛː n ɪ ŋ
skärp	ɧ a r p
skärpa	²ɧ 'ɛ r p a
skärper	ɧ 'ɛ r p ɛ r
skärpning	²ɧ a r p n ɪ ŋ
skärpt	ɧ a r p t
skärrad	²ɧ 'ɛ r a d
skärs	ɧ ɛː r s
skärseld	²ɧ 'ɛː ɕ ɛ l d
skärskåda	²ɧ 'ɛː ɕ k oː d a
skärskådar	²ɧ 'ɛː ɕ k oː d a r
skärsnäppa	ɧ ɛː r s n ɛ p a
skärtorsdag	²ɧ 'ɛː t uː ɕ d ɑː ɡ
skärva	²ɧ 'ɛ r v a
skåda	²s k 'oː d a
skådar	²s k 'oː d a r
skådebröd	²s k 'oː d ɛ b r øː d
skådeplats	²s k 'oː d ɛ p l a t s
skådespel	²s k 'oː d ɛ s p eː l
skådespelare	²s k 'oː d ɛ s p eː l a r ɛ
skådespeleri	s k oː d ɛ s p 'eː l ɛ r ɪ
skådis	s k 'oː d ɪ s
skål	s k oː l
skåla	²s k 'oː l a
skålar	²s k 'oː l a r
skålla	²s k 'ɔ l a
skållar	²s k 'ɔ l a r
skåne	²s k 'oː n ɛ
skåning	²s k 'oː n ɪ ŋ
skånsk	s k ɔ n s k
skåp	s k oː p
skåpbil	²s k 'oː p b iː l
skåra	²s k 'oː r a
sköka	²ɧ 'øː k a
sköld	ɧ œ l d
sköldpadda	²ɧ 'œ l d p a d a
skölja	ɧ 'œ l j ɛ r
skön	ɧ øː n
skönhet	²ɧ 'øː n h eː t
skönhetssalong	ɧ øː n h 'eː t s ‿ s a l ɔ ŋ
skönja	ɧ 'œ n j ɛ r
skönlitteratur	²ɧ 'øː n l ɪ t ɛ r a t ʉː r
skönmåla	²ɧ 'øː n m oː l a
skönmålar	²ɧ 'øː n m oː l a r
skönstaxering	²ɧ 'øː n s t a k s eː r ɪ ŋ
skör	ɧ øː r
skörbjugg	²s ɧ r r b j ɵ ɡ
skörd	ɧ øː d
skörda	²ɧ 'øː d a
skördar	²ɧ 'øː d a r
skördetröska	²ɧ 'øː d ɛ t r œ s k a
skört	ɧ œ t
sköt	ɧ øː t
sköta	ɧ 'øː t ɛ r
skötare	²ɧ 'øː t a r ɛ
sköte	²ɧ 'øː t ɛ
sköterska	²ɧ 'øː t ɛ ɕ k a
sköts	ɧ øː t s
skötsam	²ɧ 'øː t s a m
skötsel	ɧ 'œ t s ɛ l
skövla	²ɧ 'œ v l a
skövlar	²ɧ 'œ v l a r
slabbig	s l 'a b ɪ ɡ
sladd	s l a d
sladda	²s l 'a d a
sladdar	²s l 'a d a r
sladdbarn	²s l 'a d b ɑː n
sladder	s l 'a d ɛ r
sladdra	²s l 'a d r a
sladdrar	²s l 'a d r a r
slaf	s l ɑː f
slafsig	s l 'a f s ɪ ɡ
slag	s l ɑː ɡ
slagbord	²s l 'ɑː ɡ b uː d
slagen	s l 'ɑː ɡ ɛ n
slagfält	²s l 'ɑː ɡ f ɛ l t
slagfärdig	²s l 'ɑː ɡ f ɛː d ɪ ɡ
slagit	²s l 'ɑː ɡ ɪ t
slagits	²s l 'ɑː ɡ ɪ t s
slagkraft	²s l 'ɑː ɡ k r a f t
slagnummer	²s l 'ɑː ɡ n ɵ m ɛ r
slagord	²s l 'ɑː ɡ uː d
slagpåse	²s l 'ɑː ɡ p oː s ɛ
slagsida	²s l 'ɑː ɡ s iː d a
slagskämpe	²s l 'a k s ɕ ɛ m p ɛ
slagsmål	s l 'a k s m oː l
slaguggla	s l 'ɑː ɡ ɵ ɡ l a
slagverk	²s l 'ɑː ɡ v a r k
slak	s l ɑː k
slakt	s l a k t
slakta	²s l 'a k t a
slaktar	²s l 'a k t a r
slaktare	²s l 'a k t a r ɛ
slakteri	s l a k t ɛ r 'iː
slalom	s l 'ɑː l ɔ m
slam	s l a m
slammer	s l 'a m ɛ r
slampa	²s l 'a m p a
slamra	²s l 'a m r a
slamrar	²s l 'a m r a r
slamsa	²s l 'a m s a
slang	s l a ŋ
slangbåge	²s l 'a ŋ b oː ɡ ɛ
slangens	s l a ŋ ɛ n s
slank	s l a ŋ k
slant	s l a n t
slapp	s l a p
slappa	²s l 'a p a
slappar	²s l 'a p a r
slappna	²s l 'a p n a
slappnar	²s l 'a p n a r
slarv	s l a r v
slarva	²s l 'a r v a
slarvar	²s l 'a r v a r
slarver	s l 'a r v ɛ r
slarvig	²s l 'a r v ɪ ɡ
slarvsylta	²s l 'a r v s ʏ l t a
slask	s l a s k
slaska	²s l 'a s k a
slaskar	²s l 'a s k a r
slaskig	²s l 'a s k ɪ ɡ
slav	s l ɑː v
slava	²s l 'ɑː v a
slavar	²s l 'ɑː v a r
slaveri	s l ɑː v ɛ r 'iː
slejf	s l ɛ j f
slem	s l ɛ m
slemhinna	²s l 'ɛ m h ɪ n a
slemmig	²s l 'ɛ m ɪ ɡ
slentrian	s l ɛ n t r ɪ 'ɑː n
slet	s l eː t
slev	s l eː v
sleva	²s s l 'eː v a
slicka	²s l 'ɪ k a
slickar	²s l 'ɪ k a r
slida	²s l 'iː d a
slinga	²s l 'ɪ ŋ a
slingra	²s l 'ɪ ŋ r a
slingrar	²s l 'ɪ ŋ r a r
slinka	²s l 'ɪ ŋ k a
slinker	s l 'ɪ ŋ k ɛ r
slinta	s l 'ɪ n t ɛ r
slipa	²s l 'iː p a
slipad	²s l 'iː p a d
slipar	²s l 'iː p a r
slipover	s l ɪ p 'oː v ɛ r
slippa	s l 'ɪ p ɛ r
slipprig	²s l 'ɪ p r ɪ ɡ
slips	s l ɪ p s
slipstvång	²s l 'ɪ p s t v ɔ ŋ
slira	²s l 'iː r a
slirar	²s l 'iː r a r
sliskig	²s l 'ɪ s k ɪ ɡ
slit	s l iː t
slit-och-släng	s l iː t ɔ k s l 'ɛ ŋ
slita	s l 'iː t ɛ r
slitage	s l ɪ t 'ɑː ɧ
sliten	²s l 'iː t ɛ n
slits	s l ɪ t s
slitsam	²s l 'iː t s a m
slitstark	²s l 'iː t s t a r k
slitvarg	²s s l 'iː t v a r j
slockna	²s l 'ɔ k n a
slocknar	²s l 'ɔ k n a r
slog	s l uː ɡ
slogan	s l 'oː ɡ a n
slogs	s l ʊ k s
sloka	²s l 'uː k a
slokar	²s l 'uː k a r
slokörad	²s l 'uː k øː r a d
slopa	²s l 'uː p a
slopar	²s l 'uː p a r
slott	s l ɔ t
slovak	s l ʊ v 'ɑː k
slovakien	s l ʊ v 'ɑː k ɪ ɛ n
slovakisk	s l ʊ v 'ɑː k ɪ s k
sloven	s l ʊ v 'eː n
slovenien	s l ʊ v 'eː n ɪ ɛ n
slovensk	s l ʊ v 'eː n s k
sluddra	²s l 'ɵ d r a
sluddrar	²s l 'ɵ d r a r
sluddrig	²s l 'ɵ d r ɪ ɡ
slug	s l ʉː ɡ
sluka	²s l 'ʉː k a
slukar	²s l 'ʉː k a r
slum	s l ɵ m
slummer	s l 'ɵ m ɛ r
slump	s l ɵ m p
slumra	²s l 'ɵ m r a
slumrar	²s l 'ɵ m r a r
slunga	²s l 'ɵ ŋ a
slungar	²s l 'ɵ ŋ a r
sluppit	²s l 'ɵ p ɪ t
slurk	s l ɵ r k
slusk	s l ɵ s k
sluss	s l ɵ s
slussa	²s l 'ɵ s a
slussar	²s l 'ɵ s a r
slut	s l ʉː t
sluta	²s l 'ʉː t a
slutar	²s l 'ʉː t a r
sluten	²s l 'ʉː t ɛ n
sluter	s l 'ʉː t ɛ r
slutföra	²s l 'ʉː t f øː r
slutförvaring	²s l 'ʉː t f œ r v ɑː r ɪ ŋ
slutgiltig	²s l 'ʉː t j ɪ l t ɪ ɡ
slutkläm	²s l 'ʉː t k l a m
slutkörd	²s l 'ʉː t ɕ øː d
slutledning	²s l 'ʉː t l eː d n ɪ ŋ
slutlig	²s l 'ʉː t l ɪ ɡ
slutligen	²s l 'ʉː t l ɪ ɡ ɛ n
slutrea	²s s l ʉː t r 'eː a
slutsats	²s l 'ʉː t s a t s
slutskattsedel	²s l 'ʉː t s k a t s eː d ɛ l
slutspel	²s l 'ʉː t s p eː l
slutspurt	s l ʉː t s p ɵ r t
slutta	²s l 'ɵ t a
sluttampen	²s l 'ʉː t a m p ɛ n
sluttar	²s l 'ɵ t a r
sluttning	²s l 'ɵ t n ɪ ŋ
slutvinjett	²s l 'ʉː t v ɪ n j ɛ t
slyna	²s l 'yː n a
slyngel	²s l 'ʏ ŋ ɛ l
släcka	s l 'ɛ k ɛ r
släde	²s l 'ɛː d ɛ
slägga	²s l 'ɛ ɡ a
släkt	s l ɛ k t
släkte	²s l 'ɛ k t ɛ
släkting	²s l 'ɛ k t ɪ ŋ
släktnamn	²s l 'ɛ k t n a m n
släktskap	²s l 'ɛ k t s k ɑː p
släng	s l ɛ ŋ
slänga	s l 'ɛ ŋ ɛ r
slängd	s l ɛ ŋ d
slänt	s l ɛ n t
släntra	²s l 'ɛ n t r a
släntrar	²s l 'ɛ n t r a r
släp	s l ɛː p
släpa	²s l 'ɛː p a
släpar	²s l 'ɛː p a r
släpig	²s l 'ɛː p ɪ ɡ
släppa	s l 'ɛ p ɛ r
släpphänt	²s l 'ɛ p h ɛ n t
slät	s l ɛː t
släta	²s l 'ɛː t a
slätar	²s l 'ɛː t a r
slätstruken	²s l 'ɛː t s t r ʉː k ɛ n
slätt	s l ɛ t
slå	s l oː
slående	²s l 'oː ɛ n d ɛ
slån	s l oː n
slår	s l oː r
slåss	s l ɔ s
slåtter	s l 'ɔ t ɛ r
slö	s l øː
slöa	²s l 'øː a
slöar	²s l 'øː a r
slödder	s l 'œ d ɛ r
slöfock	²s l 'øː f ɔ k
slöja	²s l 'œ j a
slöjd	s l œ j d
slöjda	²s l 'œ j d a
slöjdar	²s l 'œ j d a r
slök	s l øː k
slösa	²s l 'øː s a
slösar	²s l 'øː s a r
slöseri	s l øː s ɛ r 'iː
slöt	s l øː t
slötitta	²s l 'øː t ɪ t a
slötittar	²s l 'øː t ɪ t a r
sm	²'ɛ s ɛ m
smacka	²s m 'a k a
smackar	²s m 'a k a r
smak	s m ɑː k
smaka	²s m 'ɑː k a
smakar	²s m 'ɑː k a r
smaklig	²s m 'ɑː k l ɪ ɡ
smaklök	²s m 'ɑː k l øː k
smakprov	²s m 'ɑː k p r uː v
smaksak	²s m 'ɑː k s ɑː k
smaksätta	²s m 'ɑː k s ɛ t ɛ r
smal	s m ɑː l
small	s m a l
smalna	²s m 'ɑː l n a
smalnar	²s m 'ɑː l n a r
smalt	s m a l t
smaragd	s m a r 'a ɡ d
smarrig	²s s m a r ɪ
smart	s m ɑː t
smartkort	²s m 'ɑː t k ʊ t
smaska	²s m 'a s k a
smaskar	²s m 'a s k a r
smaskens	²s m 'a s k ɛ n s
smaskig	²s m 'a s k ɪ ɡ
smattra	²s m 'a t r a
smattrar	²s m 'a t r a r
smed	s m eː d
smedja	²s m 'eː d j a
smeka	s m 'eː k ɛ r
smekmånad	²s m 'eː k m oː n a d
smeknamn	²s m 'eː k n a m n
smekning	²s m 'eː k n ɪ ŋ
smet	s m eː t
smeta	²s m 'eː t a
smetar	²s m 'eː t a r
smetig	²s m 'eː t ɪ ɡ
smicker	s m 'ɪ k ɛ r
smickra	²s m 'ɪ k r a
smickrar	²s m 'ɪ k r a r
smida	s m 'iː d ɛ r
smide	²s m 'iː d ɛ
smidig	²s m 'iː d ɪ ɡ
smil	s m iː l
smila	²s m 'iː l a
smilar	²s m 'iː l a r
smilgrop	²s m 'iː l ɡ r uː p
smink	s m ɪ ŋ k
sminka	²s m 'ɪ ŋ k a
sminkar	²s m 'ɪ ŋ k a r
smisk	s m ɪ s k
smiska	²s m 'ɪ s k a
smiskar	²s m 'ɪ s k a r
smita	s m 'iː t ɛ r
smitare	²s m 'iː t a r ɛ
smitt	s m ɪ t
smitta	²s m 'ɪ t a
smittar	²s m 'ɪ t a r
smittbärare	²s m 'ɪ t b ɛː r a r ɛ
smittbärarpenning	²s m 'ɪ t b ɛː r a r p ɛ n ɪ ŋ
smittkoppor	²s m 'ɪ t k ɔ p ʊ r
smittkurva	²s s m ɪ t k ɵ r v a
smittsam	²s m 'ɪ t ʊ s a m
smocka	²s m 'ɔ k a
smockfull	²s m 'ɔ k f ɵ l
smog	s m ɔ ɡ
smoking	s m 'oː k ɪ ŋ
smolk	s m ɔ l k
smorde	²s m 'uː d ɛ
smort	s m uː t
smuggelgods	²s m 'ɵ ɡ ɛ l ɡ ʊ t s
smuggla	²s m 'ɵ ɡ l a
smugglar	²s m 'ɵ ɡ l a r
smugit	²s m 'ʉː ɡ ɪ t
smula	²s m 'ʉː l a
smular	²s m 'ʉː l a r
smulgubbe	²s s m s l ɡ ɵ b ɛ
smultit	²s m 'ɵ l t ɪ t
smultron	²s m 'ɵ l t r ɔ n
smultronställe	²s m 'ɵ l t r ɔ n s t ɛ l ɛ
smurf	s m ɵ r f
smussel	s m 'ɵ s ɛ l
smuts	s m ɵ t s
smutsgam	s m ɵ t s ɡ 'ɑː m
smutsgris	²s m 'ɵ t s ɡ r iː s
smutsig	²s m 'ɵ t s ɪ ɡ
smutskasta	²s m 'ɵ t s k a s t a
smutskastar	²s m 'ɵ t s k a s t a r
smutt	s m ɵ t
smutta	²s m 'ɵ t a
smuttar	²s m 'ɵ t a r
smycka	²s m 'ʏ k a
smyckar	²s m 'ʏ k a r
smycke	²s m 'ʏ k ɛ
smyg	s m yː ɡ
smyg-	s m yː ɡ
smyga	s m 'yː ɡ ɛ r
smäcker	s m 'ɛ k ɛ r
smäda	²s m 'ɛː d a
smädar	²s m 'ɛː d a r
smäktande	²s m 'ɛ k t a n d ɛ
smälek	s m 'ɛː l eː k
smäll	s m ɛ l
smälla	s m 'ɛ l ɛ r
smällare	²s m 'ɛ l a r ɛ
smälta	s m 'ɛ l t ɛ r
smältdegel	²s m 'ɛ l t d eː ɡ ɛ l
smältverk	²s m 'ɛ l t v a r k
smärre	s m 'ɛ r ɛ
smärt	s m a t
smärta	²s m 'ɛ t a
smärtar	²s m 'ɛ t a r
smärting	²s m 'ɛ t ɪ ŋ
smärtsam	²s m 'ɛ t ɕ a m
smärtstillande	²s m 'ɛ t ɕ t ɪ l a n d ɛ
små	s m oː
småaktig	²s m 'oː a k t ɪ ɡ
småbarn	²s m 'oː b ɑː n
småborgare	²s s m oː b ɔ r j a r ɛ
småborgerlig	²s m 'oː b ɔ r j ɛ l ɪ ɡ
småborgerlighet	²s s m oː b ɔ r j ɛ r l ɪ h 'eː t
småbruk	²s m 'oː b r ʉː k
småbröd	²s m 'oː b r øː d
smådopping	s m oː d ɔ p ɪ ŋ
småfranska	²s m 'oː f r a n s k a
småföretagare	²s m 'oː f øː r ɛ t ɑː ɡ a r ɛ
småhere	s m oː h 'eː r 'eː
småhus	²s m 'oː h ʉː s
småhuskö	²s m 'oː h ʉː s k øː
småkusin	s m oː k ɵ s 'iː n
småland	s m 'oː l a n d
småle	²s m 'oː l eː r
smålom	s m oː l ʊ m
smålänning	²s m 'oː l ɛ n ɪ ŋ
småningom	²s m 'oː n ɪ ŋ ɔ m
småpaket	²s m 'oː p a k eː t
småpengar	²s m 'oː p ɛ ŋ a r
småpotatis	²s m 'oː p ʊ t ɑː t ɪ s
småsak	²s m 'oː s ɑː k
småsint	²s m 'oː s ɪ n t
småskalig	²s m 'oː s k ɑː l ɪ ɡ
småskrake	s m oː k r 'ɑː k ɛ
småskuren	²s s m oː s k s r ɛ n
småsnäppa	s m oː s n ɛ p a
småstad	²s m 'oː s t ɑː d
småtimmarna	²s m 'oː t ɪ m a n a
småtrapp	s m ɔ t r a p
smått	s m ɔ t
småttingar	²s m 'ɔ t ɪ ŋ a r
småtärna	s m oː t ɜ r n a
smög	s m øː ɡ
smör	s m øː r
smörgås	²s m 'œ r ɡ ɔ s
smörgåsbord	²s m 'œ r ɡ ɔ s b uː d
smörgåstårta	²s m 'œ r ɡ ɔ s t oː t a
smörj	s m œ r j
smörja	²s m 'œ r j a
smörjelse	²s m 'œ r j ɛ l s ɛ
smörjer	s m 'œ r j ɛ r
smörpapper	²s m 'øː r p a p ɛ r
smörrebröd	s m œ r ɛ b r øː
smörsångare	²s m 'øː ɕ ɔ ŋ a r ɛ
smørrebrød	s m œ r ɛ b r øː
snabb	s n a b
snabbköp	²s n 'a b ɕ øː p
snabbt	s n a p t
snabel	s n 'ɑː b ɛ l
snabel-a	²s n 'ɑː b ɛ l ɑː
snack	s n a k
snacka	²s n 'a k a
snackar	²s n 'a k a r
snacks	s n a k s
snacksalig	²s n 'a k s ɑː l ɪ ɡ
snagg	s n a ɡ
snagga	²s n 'a ɡ a
snaggar	²s n 'a ɡ a r
snappa	²s n 'a p a
snappar	²s n 'a p a r
snaps	s n a p s
snapsvisa	²s s n a p s v 'iː s a
snar	s n ɑː r
snara	²s n 'ɑː r a
snarare	²s n 'ɑː r a r ɛ
snarast	²s n 'ɑː r a s t
snarka	²s n 'a r k a
snarkar	²s n 'a r k a r
snarlik	²s n 'ɑː l iː k
snarstucken	²s n 'ɑː ɕ t ɵ k ɛ n
snart	s n ɑː t
snask	s n a s k
snatta	²s n 'a t a
snattar	²s n 'a t a r
snattare	²s n 'a t a r ɛ
snatter	s n 'a t ɛ r
snatterand	s n a t ɛ r a n d
snatteri	s n a t ɛ r 'iː
snattra	²s n 'a t r a
snattrar	²s n 'a t r a r
snava	²s n 'ɑː v a
snavar	²s n 'ɑː v a r
sne	s n 'eː
sned	s n eː d
snedsprång	²s n 'eː d s p r ɔ ŋ
snedsteg	²s n 'eː d s t eː ɡ
snedstreck	²s n 'eː d s t r ɛ k
snedtända	²s n 'eː d t ɛ n d ɛ r
snedvrida	²s n 'eː d v r iː d ɛ r
snegla	²s n 'eː ɡ l a
sneglar	²s n 'eː ɡ l a r
snel	s n 'eː l
snibb	s n ɪ b
snickare	²s n 'ɪ k a r ɛ
snickeri	s n ɪ k ɛ r 'iː
snickra	²s n 'ɪ k r a
snickrar	²s n 'ɪ k r a r
snida	²s n 'iː d a
snidar	²s n 'iː d a r
sniffa	²s n 'ɪ f a
sniffar	²s n 'ɪ f a r
snigel	²s n 'iː ɡ ɛ l
sniken	²s n 'iː k ɛ n
snille	²s n 'ɪ l ɛ
snilleblixt	²s n 'ɪ l ɛ b l ɪ k s t
snillrik	²s n 'ɪ l r iː k
snipig	²s n 'iː p ɪ ɡ
snirkel	s n 'ɪ r k ɛ l
snitsa	²s n 'ɪ t s a
snitsar	²s n 'ɪ t s a r
snitsig	²s n 'ɪ t s ɪ ɡ
snitsla	²s n 'ɪ t s l a
snitslar	²s n 'ɪ t s l a r
snitt	s n ɪ t
sno	s n uː r
snobb	s n ɔ b
snobbig	²s n 'ɔ b ɪ ɡ
snobbism	s n ɔ b 'ɪ s m
snodd	s n ʊ d
snok	s n uː k
snoka	²s n 'uː k a
snokar	²s n 'uː k a r
snopen	²s n 'uː p ɛ n
snopp	s n ɔ p
snoppa	²s n 'ɔ p a
snoppar	²s n 'ɔ p a r
snor	s n uː r
snora	²s n 'uː r a
snorar	²s n 'uː r a r
snorig	²s n 'uː r ɪ ɡ
snorkel	²s n 'ɔ r k ɛ l
snorkig	²s n 'ɔ r k ɪ ɡ
snowboots	s n ʊ ʊ b 'uː t s
snubbe	²s n 'ɵ b ɛ
snubbla	²s n 'ɵ b l a
snubblar	²s n 'ɵ b l a r
snudd	s n ɵ d
snudda	²s n 'ɵ d a
snuddar	²s n 'ɵ d a r
snurr	s n ɵ r
snurra	²s n 'ɵ r a
snurrar	²s n 'ɵ r a r
snurrig	²s n 'ɵ r ɪ ɡ
snus	s n ʉː s
snusa	²s n 'ʉː s a
snusar	²s n 'ʉː s a r
snusare	²s s n s s a r ɛ
snusförnuftig	²s n 'ʉː s f œ n ɵ f t ɪ ɡ
snusig	²s s n s s ɪ
snusk	s n ɵ s k
snuskhummer	²s n 'ɵ s k h ɵ m ɛ r
snuskig	²s n 'ɵ s k ɪ ɡ
snusmumrik	²s s n s s m ɵ m r ɪ k
snustorr	²s n 'ʉː s t ɔ r
snut	s n ʉː t
snutit	²s n 'ʉː t ɪ t
snutt	s n ɵ t
snuva	²s n 'ʉː v a
snuvar	²s n 'ʉː v a r
snuvig	²s n 'ʉː v ɪ ɡ
snyft	s n ʏ f t
snyfta	²s n 'ʏ f t a
snyftar	²s n 'ʏ f t a r
snygg	s n ʏ ɡ
snygga	²s n 'ʏ ɡ a
snyggar	²s n 'ʏ ɡ a r
snygging	²s n 'ʏ ɡ ɪ ŋ
snylta	²s n 'ʏ l t a
snyltar	²s n 'ʏ l t a r
snyltning	²s s n ʏ l t n ɪ ŋ
snyta	s n 'yː t ɛ r
snyting	²s n 'yː t ɪ ŋ
snäcka	²s n 'ɛ k a
snäll	s n ɛ l
snälla	s n ɛ l a
snälltåg	²s n 'ɛ l t oː ɡ
snäpp	s n ɛ p
snäppa	s n ɛ p a
snärja	s n 'ɛ r j ɛ r
snärjig	²s n 'ɛ r j ɪ ɡ
snärt	s n a t
snärtig	²s n 'ɛ t ɪ ɡ
snäsa	s n 'ɛː s ɛ r
snäsig	²s n 'ɛː s ɪ ɡ
snäv	s n ɛː v
snål	s n oː l
snåla	²s n 'oː l a
snålar	²s n 'oː l a r
snålblåst	²s n 'oː l b l oː s t
snåljåp	²s s n oː l j oː p
snålskjuts	²s n 'oː l ɧ ɵ s
snålvarg	²s s n oː l v a r j
snår	s n oː r
snårig	²s n 'oː r ɪ ɡ
snö	s n øː
snöa	²s n 'øː a
snöar	²s n 'øː a r
snöd	s n øː d
snöga	²s s n øː ɡ a
snöig	²s n 'øː ɪ ɡ
snön	s n œ n
snöplig	²s n 'øː p l ɪ ɡ
snöra	²s n 'øː r a
snörar	²s n 'øː r a r
snöre	²s n 'øː r ɛ
snörpa	s n 'œ r p ɛ r
snörvla	²s n 'œ r v l a
snörvlar	²s n 'œ r v l a r
snöskoter	²s n 'øː s k uː t ɛ r
snöt	s n øː t
snövit	²s s n øː v 'iː t
so	s 'uː
soaré	s ʊ a r 'eː
sober	s 'oː b ɛ r
social	s ʊ s ɪ 'ɑː l
socialarbetare	²s ʊ s ɪ 'ɑː l a r b eː t a r ɛ
socialassistent	²s ʊ s ɪ 'ɑː l a s ɪ s t ɛ n t
socialavgift	²s ʊ s ɪ 'ɑː l ɑː v j ɪ f t
socialbidrag	²s ʊ s ɪ 'ɑː l b iː d r ɑː ɡ
socialdemokrat	²s ʊ s ɪ 'ɑː l d ɛ m ʊ k r ɑː t
socialdemokrati	²s ʊ s ɪ 'ɑː l d ɛ m ʊ k r a t iː
socialen	s ʊ s ɪ 'ɑː l ɛ n
socialförsäkring	²s ʊ s ɪ 'ɑː l f œ ɕ ɛː k r ɪ ŋ
socialgrupp	²s ʊ s ɪ 'ɑː l ɡ r ɵ p
socialhögskola	²s ʊ s ɪ 'ɑː l h øː ɡ s k uː l a
socialisera	s ʊ s ɪ a l ɪ s 'eː r a
socialiserar	s ʊ s ɪ a l ɪ s 'eː r a r
socialism	s ʊ s ɪ a l 'ɪ s m
socialist	s ʊ s ɪ a l 'ɪ s t
socialistisk	s ʊ s ɪ a l 'ɪ s t ɪ s k
socialjour	²s ʊ s ɪ 'ɑː l ɧ uː r
socialkonsulent	²s ʊ s ɪ 'ɑː l k ɔ n s ɵ l ɛ n t
socialkontor	²s ʊ s ɪ 'ɑː l k ɔ n t uː r
socialläkare	²s ʊ s ɪ 'ɑː l ɛː k a r ɛ
socialminister	²s ʊ s ɪ 'ɑː l m ɪ n ɪ s t ɛ r
socialnämnd	²s ʊ s ɪ 'ɑː l n ɛ m n d
socialpolitik	²s ʊ s ɪ 'ɑː l p ʊ l ɪ t iː k
socialregister	²s ʊ s ɪ 'ɑː l r ɛ j ɪ s t ɛ r
socialsekreterare	²s ʊ s ɪ 'ɑː l s ɛ k r ɛ t eː r a r ɛ
socialstyrelsen	²s ʊ s ɪ 'ɑː l s t yː r ɛ l s ɛ n
socialtjänst	²s ʊ s ɪ 'ɑː l ɕ ɛ n s t
socialutskott	²s ʊ s ɪ 'ɑː l ʉː t s k ɔ t
socialvård	²s ʊ s ɪ 'ɑː l v oː d
societet	s ʊ s ɪ ɛ t 'eː t
sociolog	s ʊ s j ʊ l 'oː ɡ
sociologi	s ʊ s ɪ ʊ l ɔ ɡ 'iː
socionom	s ʊ s ɪ ʊ n 'oː m
socka	²s 'ɔ k a
sockel	²s 'ɔ k ɛ l
socken	s 'ʊ k ɛ n
sockenmål	²s s ɔ k ɛ n m oː l
socker	s 'ɔ k ɛ r
sockerbeta	²s 'ɔ k ɛ r b eː t a
sockerbit	s ɔ k ɛ r b 'iː t
sockerdricka	²s 'ɔ k ɛ d r ɪ k a
sockerkaka	²s 'ɔ k ɛ r k ɑː k a
sockersjuka	²s 'ɔ k ɛ r ɧ ʉː k a
sockerskål	s ɔ k ɛ r s k oː l
sockra	²s 'ɔ k r a
sockrar	²s 'ɔ k r a r
soda	²s 'uː d a
sodavatten	²s 'uː d a v a t ɛ n
soffa	²s 'ɔ f a
soffliggare	²s 'ɔ f l ɪ ɡ a r ɛ
sofia	s ʊ ²s f 'iː a
sofistikerad	s ʊ f ɪ s t ɪ k 'eː r a d
soja	²s 'ɔ j a
sol	s uː l
sol-och-vår	²s uː l ɔ v 'oː r
sola	²s 'uː l a
solar	²s 'uː l a r
solarium	s ʊ l 'ɑː r ɪ ɵ m
solarplexus	²s 'uː l a r p l ɛ k s ɵ s
solbada	²s 'uː l b ɑː d a
solbadar	²s 'uː l b ɑː d a r
solbränd	²s 'uː l b r ɛ n d
solbränna	²s 'uː l b r ɛ n a
soldat	s ʊ l d 'ɑː t
solen	s 'uː l ɛ n
solfjäder	²s 'uː l f j ɛː d ɛ r
solfångare	²s 'uː l f ɔ ŋ a r ɛ
solgerd	s 'uː l j ɛ r d
solglasögon	²s 'uː l ɡ l ɑː s øː ɡ ɔ n
solid	s ʊ l 'iː d
solidarisk	s ʊ l ɪ d 'ɑː r ɪ s k
solidaritet	s ʊ l ɪ d a r ɪ t 'eː t
soliditet	s ʊ l ɪ d ɪ t 'eː t
solig	²s 'uː l ɪ ɡ
solist	s ʊ l 'ɪ s t
solk	s ɔ l k
solkatt	²s 'uː l k a t
solkig	²s 'ɔ l k ɪ ɡ
solklar	²s 'uː l k l ɑː r
solna	²s s oː l n a
solnedgång	²s 'uː l n eː d ɡ ɔ ŋ
solo	s 'uː l ʊ
solsken	²s 'uː l ɧ eː n
solsting	²s 'uː l s t ɪ ŋ
solstråle	²s s 'uː l s t r oː l ɛ
solvarg	²s s 'uː l v a r j
solveig	s ǔː l v ɛ j
som	s ɔ m
somaliames	s ɔ m 'ɑː l j a m 'eː s
somatisk	s ʊ m 'ɑː t ɪ s k
somliga	²s 'ɔ m l ɪ ɡ a
sommar	²s 'ɔ m a r
sommaren	²s s ɔ m a r ɛ n
sommargäst	²s 'ɔ m a r j ɛ s t
sommarhus	²s 'ɔ m a r h ʉː s
sommarlov	²s 'ɔ m a l oː v
sommarstuga	²s 'ɔ m a ɕ t ʉː ɡ a
sommarställe	²s 'ɔ m a ɕ t ɛ l ɛ
sommartid	²s 'ɔ m a t iː d
somna	²s 'ɔ m n a
somnar	²s 'ɔ m n a r
somras	s 'ɔ m r a s
son	s oː n
sona	²s 'uː n a
sonar	²s 'uː n a r
sond	s ɔ n d
sondera	s ɔ n d 'eː r a
sonderar	s ɔ n d 'eː r a r
sondotter	²s 'oː n d ɔ t ɛ r
sonhustru	²s 'oː n h ɵ s t r ɵ
sonson	²s 'oː n s oː n
sopa	²s 'uː p a
sopar	²s 'uː p a r
sopborste	²s 'uː p b ɔ ɕ t ɛ
sopmaja	²s 'uː p m a j a
sopnedkast	²s 'uː p n eː d k a s t
sopor	²s 'uː p ʊ r
soppa	²s 'ɔ p a
sopran	s ʊ p r 'ɑː n
sopskyffel	²s 'uː p ɧ ʏ f ɛ l
soptipp	²s 'uː p t ɪ p
soptunna	²s 'uː p t ɵ n a
sorbet	s ʊ r b 'eː
sorg	s ɔ r j
sorglig	²s 'ɔ r j l ɪ ɡ
sorgsen	²s 'ɔ r j s ɛ n
sork	s ɔ r k
sorl	s oː l
sorla	²s 'oː l a
sorlar	²s 'oː l a r
sort	s ɔ t
sortera	s ɔ t 'eː r a
sorterar	s ɔ t 'eː r a r
sortering	s ɔ t 'eː r ɪ ŋ
sorti	s ɔ t 'iː
sortiment	s ɔ t ɪ m 'ɛ n t
sosse	²s 'ʊ s ɛ
sossig	²s s ɔ s ɪ
sot	s uː t
sota	²s 'uː t a
sotar	²s 'uː t a r
sotare	²s 'uː t a r ɛ
sothöna	s 'uː t h øː n a
sotig	²s 'uː t ɪ ɡ
sotis	t s 'uː t ɪ s
sottärna	s 'uː t t ɜ r n a
sou	ɛ s uː 'ʉː
sound	s a ʊ n d
souvenir	s ʊ v ɛ n 'iː r
sov	s oː v
sova	s 'oː v ɛ r
sovel	s oː v ɛ l
sovjet	s ɔ v j 'eː t
sovjetisk	s ɔ v j 'eː t ɪ s k
sovplats	²s 'oː v p l a t s
sovra	²s 'oː v r a
sovrar	²s 'oː v r a r
sovrum	²s 'oː v r ɵ m
sovstad	s oː v s t 'ɑː d
sovsäck	²s 'oː v s ɛ k
sovvagn	²s 'oː v a ŋ n
spackel	s p 'a k ɛ l
spackla	²s p 'a k l a
spacklar	²s p 'a k l a r
spad	s p ɑː d
spade	²s p 'ɑː d ɛ
spader	s p 'ɑː d ɛ r
spagetti	s p a ɡ 'ɛ t ɪ
spak	s p ɑː k
spaljé	s p a l j 'eː
spalt	s p a l t
span	s p 'ɑː n
spana	²s p 'ɑː n a
spanar	²s p 'ɑː n a r
spanien	s p 'a n ɪ ɛ n
spanjor	s p a n j 'uː r
spankulera	s p a ŋ k ɵ l 'eː r a
spankulerar	s p a ŋ k ɵ l 'eː r a r
spann	s p a n
spannmål	²s p 'a n m oː l
spansk	s p a n s k
spanska	²s p 'a n s k a
spar	s p ɑː r
spara	²s p 'ɑː r a
sparar	²s p 'ɑː r a r
sparbank	²s p 'ɑː r b a ŋ k
sparbössa	²s p 'ɑː r b œ s a
spargris	²s p 'ɑː r ɡ r iː s
spark	s p a r k
sparka	²s p 'a r k a
sparkar	²s p 'a r k a r
sparkcykel	²s p 'a r k s ʏ k ɛ l
sparlåga	²s p 'ɑː l oː ɡ a
sparris	s p 'a r ɪ s
sparsam	²s p 'ɑː ɕ a m
spartansk	s p a t 'ɑː n s k
sparv	s p a r v
sparvuggla	s p a r v ɵ ɡ l a
spasm	s p a s m
spastisk	s p 'a s t ɪ s k
spatial	s p a t s ɪ 'ɑː l
spatiös	s p a t s ɪ 'øː s
spatsera	s p a t s 'eː r a
spatserar	s p a t s 'eː r a r
spe	s p eː
speceriaffär	²s p ɛ s ɛ r 'iː a f ɛː r
special-	²s p ɛ s ɪ 'ɑː l
specialare	²s p ɛ s ɪ ɑː l a r ɛ
specialist	s p ɛ s ɪ a l 'ɪ s t
specialitet	s p ɛ s ɪ a l ɪ t 'eː t
specialskola	²s p ɛ s ɪ 'ɑː l s k uː l a
specialundervisning	²s p ɛ s ɪ 'ɑː l ɵ n d ɛ r v iː s n ɪ ŋ
speciell	s p ɛ s ɪ 'ɛ l
specificera	s p ɛ s ɪ f ɪ s 'eː r a
specificerar	s p ɛ s ɪ f ɪ s 'eː r a r
specifik	s p ɛ s ɪ f 'iː k
specifikation	s p ɛ s ɪ f ɪ k a ɧ 'uː n
specimen	s p 'eː s ɪ m ɛ n
spedition	s p ɛ d ɪ ɧ 'uː n
speedway	s p iː d v ɛ j
spegel	²s p 'eː ɡ ɛ l
spegla	²s p 'eː ɡ l a
speglar	²s p 'eː ɡ l a r
speja	²s p 'ɛ j a
spejar	²s p 'ɛ j a r
spejare	²s p 'ɛ j a r ɛ
spektakel	s p ɛ k t 'ɑː k ɛ l
spektakulär	s p ɛ k t a k ɵ l 'ɛː r
spektrum	²s p 'ɛ k t r ɵ m
spekulant	s p ɛ k ɵ l 'a n t
spekulation	s p ɛ k ɵ l a ɧ 'uː n
spekulera	s p ɛ k ɵ l 'eː r a
spekulerar	s p ɛ k ɵ l 'eː r a r
spel	s p eː l
spela	²s p 'eː l a
spelar	²s p 'eː l a r
spelare	²s p 'eː l a r ɛ
spelevink	s p eː l ɛ v 'ɪ ŋ k
spelman	²s p 'eː l m a n
spelregel	²s p 'eː l r eː ɡ ɛ l
spelrum	²s p 'eː l r ɵ m
spenat	s p ɛ n 'ɑː t
spendera	s p ɛ n d 'eː r a
spenderar	s p ɛ n d 'eː r a r
spene	²s p 'eː n ɛ
spenslig	²s p 'eː n s l ɪ ɡ
sperma	s p 'ɛ r m a
spermie	²s p 'ɛ r m ɪ ɛ
speta	²s s p 'eː t a
spetig	²s p 'eː t ɪ ɡ
spets	s p ɛ t s
spetsa	²s p 'ɛ t s a
spetsar	²s p 'ɛ t s a r
spetsbergsgrissla	s p ɛ t s b ɛ r j s ɡ r ɪ s l a
spetsbergsgås	s p ɛ t s b ɛ r j s ɡ oː s
spetsfundig	²s p 'ɛ t s f ɵ n d ɪ ɡ
spetsig	²s p 'ɛ t s ɪ ɡ
spett	s p ɛ t
spettekaka	²s s p ɛ t ɛ k 'ɑː k a
spettkaka	²s p 'ɛ t ɛ k ɑː k a
spetälska	²s p 'eː t ɛ l s k a
spex	s p ɛ k s
spexa	²s p 'ɛ k s a
spexar	²s p 'ɛ k s a r
spik	s p iː k
spika	²s p 'iː k a
spikad	²s p 'iː k a d
spikar	²s p 'iː k a r
spill	s p ɪ l
spilla	s p 'ɪ l ɛ r
spillra	²s p 'ɪ l r a
spindel	²s p 'ɪ n d ɛ l
spinkig	²s p 'ɪ ŋ k ɪ ɡ
spinna	s p 'ɪ n ɛ r
spinnspö	²s p 'ɪ n s p øː
spion	s p ɪ 'uː n
spionage	s p ɪ ʊ n 'ɑː ɧ
spionera	s p ɪ ʊ n 'eː r a
spionerar	s p ɪ ʊ n 'eː r a r
spioneri	s p ɪ ʊ n ɛ r 'iː
spira	²s p 'iː r a
spiral	s p ɪ r 'ɑː l
spirar	²s p 'iː r a r
spiritism	s p ɪ r ɪ t 'ɪ s m
spirituell	s p ɪ r ɪ t ɵ 'ɛ l
spis	s p iː s
spisa	²s p 'iː s a
spisar	²s p 'iː s a r
spjut	s p j ʉː t
spjuver	s p j 'ʉː v ɛ r
spjälka	²s p j 'ɛ l k a
spjälkar	²s p j 'ɛ l k a r
spjäll	s p j ɛ l
splatter	t s p l a t ɛ r
split	s p l 'iː t
splitter	s p l 'ɪ t ɛ r
splittra	²s p l 'ɪ t r a
splittrad	²s p l 'ɪ t r a d
splittrar	²s p l 'ɪ t r a r
spola	²s p 'uː l a
spolar	²s p 'uː l a r
spolarvätska	²s s p 'uː l a r v ɛ t s k a
spole	²s p 'uː l ɛ
spoliera	s p ʊ l ɪ 'eː r a
spolierar	s p ʊ l ɪ 'eː r a r
spoling	²s p 'uː l ɪ ŋ
sponsor	s p 'ɔ n s ʊ r
sponsra	²s p 'ɔ n s r a
sponsrar	²s p 'ɔ n s r a r
spontan	s p ɔ n t 'ɑː n
sporadisk	s p ʊ r 'ɑː d ɪ s k
sporra	²s p 'ɔ r a
sporrar	²s p 'ɔ r a r
sporre	²s p 'ɔ r ɛ
sport	s p ɔ t
sportbil	²s p 'ɔ t b iː l
sportfiskare	²s p 'ɔ t f ɪ s k a r ɛ
sportig	²s p 'ɔ t ɪ ɡ
sportlov	²s p 'ɔ t l oː v
sportslig	²s p 'ɔ t ɕ l ɪ ɡ
spotlight	s p 'ɔ t l a j t
spotsk	s p ɔ t s k
spott	s p ɔ t
spotta	²s p 'ɔ t a
spottar	²s p 'ɔ t a r
spottstyver	²s p 'ɔ t s t yː v ɛ r
spov	s p 'uː v
spovsnäppa	s p ʊː v s n ɛ p a
sprack	s p r a k
spraka	²s p r 'ɑː k a
sprakar	²s p r 'ɑː k a r
sprallig	²s p r 'a l ɪ ɡ
sprang	s p r a ŋ
spratt	s p r a t
sprattla	²s p r 'a t l a
sprattlar	²s p r 'a t l a r
spray	s p r ɛ j
sprayar	²s p r 'ɛ j a r
spred	s p r eː d
sprej	s p r ɛ j
spreja	²s p r 'ɛ j a
sprejar	²s p r 'ɛ j a r
spreta	²s p r 'eː t a
spretar	²s p r 'eː t a r
spretig	²s p r 'eː t ɪ ɡ
spricka	²s p r 'ɪ k a
spricker	s p r 'ɪ k ɛ r
sprida	s p r 'iː d ɛ r
spridd	s p r ɪ d
spridning	s p r 'iː d n ɪ ŋ
spridprogram	²s p r 'iː d p r ʊ ɡ r a m
spring	s p r ɪ ŋ
springa	²s p r 'ɪ ŋ a
springbrunn	²s p r 'ɪ ŋ b r ɵ n
springer	s p r 'ɪ ŋ ɛ r
springpojke	²s p r 'ɪ ŋ p ɔ j k ɛ
sprinkler	s p r 'ɪ ŋ k l ɛ r
sprinter	s p r 'ɪ n t ɛ r
sprit	s p r iː t
spritkök	²s p r 'iː t ɕ øː k
spriträttigheter	²s p r 'iː t r ɛ t ɪ ɡ h eː t ɛ r
spritt	s p r ɪ t
spritta	s p r 'ɪ t ɛ r
spruckit	²s p r 'ɵ k ɪ t
sprudla	²s p r 'ʉː d l a
sprudlar	²s p r 'ʉː d l a r
sprungit	²s p r 'ɵ ŋ ɪ t
spruta	²s p r 'ʉː t a
sprutar	²s p r 'ʉː t a r
spräcka	s p r 'ɛ k ɛ r
spräcklig	²s p r 'ɛ k l ɪ ɡ
spränga	s p r 'ɛ ŋ ɛ r
sprätt	s p r ɛ t
sprätta	s p r 'ɛ t ɛ r
språk	s p r oː k
språklig	²s p r 'oː k l ɪ ɡ
språkrör	²s p r 'oː k r øː r
språng	s p r ɔ ŋ
språngbräda	²s p r 'ɔ ŋ b r ɛː d a
språngmarsch	²s p r 'ɔ ŋ m a r ɧ
spröd	s p r øː d
spröjs	s p r œ j s
spröt	s p r øː t
spunnit	²s p 'ɵ n ɪ t
spurt	s p ɵ t
spurta	²s p 'ɵ t a
spurtar	²s p 'ɵ t a r
sputnik	s p 'ɵ t n ɪ k
spy	s p yː r
spya	²s p 'yː a
spydig	²s p 'yː d ɪ ɡ
späck	s p ɛ k
späckad	²s p 'ɛ k a d
späd	s p ɛː d
späda	s p 'ɛː d ɛ r
spädbarn	²s p 'ɛː d b ɑː n
spänd	s p ɛ n d
spänn	s p ɛ n
spänna	s p 'ɛ n ɛ r
spännande	²s p 'ɛ n a n d ɛ
spänne	²s p 'ɛ n ɛ
spänner	s p 'ɛ n ɛ r
spänning	²s p 'ɛ n ɪ ŋ
spännvidd	²s p 'ɛ n v ɪ d
spänst	s p ɛ n s t
spänstig	²s p 'ɛ n s t ɪ ɡ
spär	s p ɛː r
spärr	s p a r
spärra	²s p 'ɛ r a
spärrar	²s p 'ɛ r a r
spärrlinje	²s p 'ɛ r l ɪ n j ɛ
spärrlista	²s p 'ɛ r l ɪ s t a
spätta	²s p 'ɛ t a
spå	s p oː r
spåga	²s s p oː ɡ a
spån	s p oː n
spång	s p ɔ ŋ
spånskiva	²s p 'oː n ɧ iː v a
spår	s p oː r
spåra	²s p 'oː r a
spårar	²s p 'oː r a r
spårlös	²s p 'oː l øː s
spårvagn	²s p 'oː r v a ŋ n
spårvagnshållplats	s p oː r v a ɡ n s h ɔ l p l a t s
spårvagnslinje	s p oː r v a n s l ɪ n j ɛ
spårvagnstrafik	s p oː r v a ŋ s t r 'ɑː f ɪ k
spårväg	²s p 'oː r v ɛː ɡ
spårämne	²s p 'oː r ɛ m n ɛ
spått	s p ɔ t
spö	s p øː
spöa	²s p 'øː a
spöar	²s p 'øː a r
spöka	²s p 'øː k a
spökar	²s p 'øː k a r
spöke	²s p 'øː k ɛ
spökstad	²s s p øː k s t 'ɑː d
spöregn	²s p 'øː r ɛ ŋ n
spörsmål	²s p 'œ ɕ m oː l
squash	s k v ɔ ɧ
st	s t 'ʏ k ɛ n
stab	s t ɑː b
stabil	s t a b 'iː l
stabilisera	s t a b ɪ l ɪ s 'eː r a
stabiliserar	s t a b ɪ l ɪ s 'eː r a r
stack	s t a k
stackare	²s t 'a k a r ɛ
stackars	²s t 'a k a ɕ
stad	s t ɑː d
stadfästa	²s t 'ɑː d f ɛ s t ɛ r
stadga	²s t 'a d ɡ a
stadgar	²s t 'a d ɡ a r
stadig	²s t 'ɑː d ɪ ɡ
stadigvarande	²s t 'ɑː d ɪ ɡ v ɑː r a n d ɛ
stadion	s t 'ɑː d ɪ ɔ n
stadium	s t 'ɑː d ɪ ɵ m
stadsbild	²s t 'a t s b ɪ l d
stadsbo	²s s t a t s b 'uː
stadsbud	²s t 'a t s b ʉː d
stadsdel	²s t 'a t s d eː l
stadshus	²s t 'a t s h ʉː s
stadskärna	²s t 'a t s ɕ ɛː n a
stadsplan	²s t 'a t s p l ɑː n
stafett	s t a f 'ɛ t
staffagefigur	²s t a f 'ɑː ɧ f ɪ ɡ ʉː r
staffli	s t a f l 'iː
stag	s t ɑː ɡ
stagflation	s t a ɡ f l a ɧ 'uː n
stagnera	s t a ŋ n 'eː r a
stagnerar	s t a ŋ n 'eː r a r
staka	²s t 'ɑː k a
stakar	²s t 'ɑː k a r
stake	²s t 'ɑː k ɛ
staket	s t a k 'eː t
stal	s t ɑː l
stall	s t a l
stalltips	²s t 'a l t ɪ p s
stam	s t a m
stam-	²s t 'a m
stamma	²s t 'a m a
stammar	²s t 'a m a r
stamområde	²s s t a m ɔ m r oː d ɛ
stampa	²s t 'a m p a
stampar	²s t 'a m p a r
stan	s t ɑː n
standard	s t 'a n d a d
standardisera	s t a n d a d ɪ s 'eː r a
standardiserar	s t a n d a d ɪ s 'eː r a r
standardprov	²s t 'a n d a d p r uː v
stank	s t a ŋ k
stanna	²s t 'a n a
stannar	²s t 'a n a r
stans	s t a n s
stansa	²s t 'a n s a
stansar	²s t 'a n s a r
stapel	²s t 'ɑː p ɛ l
stapla	²s t 'ɑː p l a
staplar	²s t 'ɑː p l a r
stappla	²s t 'a p l a
stapplar	²s t 'a p l a r
stare	²s t 'ɑː r ɛ
stark	s t a r k
starköl	²s t 'a r k øː l
starr	s t a r
start	s t a t
starta	²s t 'a t a r
startar	²s t 'a t a r
startgrop	²s t 'a t ɡ r uː p
starthjälp	²s t 'a t j ɛ l p
startsida	²s t 'ɑː t ɕ iː d a
startskott	²s t 'a t ɕ k ɔ t
stass	s t a s
stat	s t ɑː t
statare	s t 'ɑː t a r ɛ
station	s t a ɧ 'uː n
stationera	s t a t ɧ ʊ n 'eː r a
stationerar	s t a t ɧ ʊ n 'eː r a r
stationär	s t a t ɧ ʊ n 'ɛː r
statisk	s t 'ɑː t ɪ s k
statist	s t a t 'ɪ s t
statistik	s t a t ɪ s t 'iː k
statistisk	s t a t 'ɪ s t ɪ s k
stativ	s t a t 'iː v
statlig	²s t 'ɑː t l ɪ ɡ
statsbidrag	²s t 'a t s b iː d r ɑː ɡ
statskunskap	²s t 'a t s k ɵ n s k ɑː p
statskupp	²s t 'a t s k ɵ p
statskyrka	²s t 'a t s ɕ ʏ r k a
statslös	²s t 'a t s l øː s
statsmakterna	²s t 'a t s m a k t ɛ n a
statsman	²s t 'a t s m a n
statsminister	²s t 'a t s m ɪ n ɪ s t ɛ r
statsråd	²s t 'a t s r oː d
statssekreterare	²s t 'a t s ɛ k r ɛ t eː r a r ɛ
statsskatt	²s t 'a t s k a t
statsskick	²s t 'a t s ɧ ɪ k
statstjänsteman	²s t 'a t s ɕ ɛ n s t ɛ m a n
statsverket	²s t 'a t s v a r k ɛ t
statuera	s t a t ɵ 'eː r a
statuerar	s t a t ɵ 'eː r a r
status	s t 'ɑː t ɵ s
staty	s t a t 'yː
stav	s t ɑː v
stava	²s t 'ɑː v a
stavar	²s t 'ɑː v a r
stavelse	²s t 'ɑː v ɛ l s ɛ
stavning	²s t 'ɑː v n ɪ ŋ
stearin	s t ɛ a r 'iː n
steg	s t eː ɡ
stega	²s t 'eː ɡ a
stegar	²s t 'eː ɡ a r
stege	²s t 'eː ɡ ɛ
stegra	²s t 'eː ɡ r a
stegrar	²s t 'eː ɡ r a r
stegvis	²s t 'eː ɡ v iː s
stek	s t eː k
steka	s t 'eː k ɛ r
stekpanna	²s t 'eː k p a n a
stel	s t eː l
stelbent	²s t 'eː l b eː n t
stelkramp	²s t 'eː l k r a m p
stelna	²s t 'eː l n a
stelnar	²s t 'eː l n a r
sten	s t eː n
sten-	²s t 'eː n
stena	²s t 'eː n a
stenar	²s t 'eː n a r
stenbocken	s t 'eː n b ɔ k ɛ n
stencil	s t ɛ n s 'iː l
stencilera	s t ɛ n s ɪ l 'eː r a
stencilerar	s t ɛ n s ɪ l 'eː r a r
stenfalk	s t 'eː n f a l k
stengods	²s t 'eː n ɡ ʊ t s
stenhård	s t 'eː n h oː r d
stenig	²s t 'eː n ɪ ɡ
stenkaka	²s t 'eː n k ɑː k a
stenkast	²s t 'eː n k a s t
stenografi	s t ɛ n ʊ ɡ r a f 'iː
stenskott	²s t 'eː n s k ɔ t
stensvala	s t 'eː n s v 'ɑː l a
stenåldern	²s t 'eː n ɔ l d ɛ n
stepp	s t ɛ p
stereo	s t 'eː r ɛ ʊ
stereo-	s t 'eː r ɛ ʊ
stereotyp	s t ɛ r ɛ ʊ t 'yː p
steril	s t ɛ r 'iː l
sterilisera	s t ɛ r ɪ l ɪ s 'eː r a
steriliserar	s t ɛ r ɪ l ɪ s 'eː r a r
stetoskop	s t ɛ t ʊ s k 'oː p
steward	s t j 'uː a d
stick	s t ɪ k
sticka	²s t 'ɪ k a
stickar	²s t 'ɪ k a r
stickas	s t ɪ k s
stickelbär	²s s t ɪ k ɛ l b ɛː r
sticker	s t 'ɪ k ɛ r
stickling	²s t 'ɪ k l ɪ ŋ
stickning	²s t 'ɪ k n ɪ ŋ
stickpropp	²s t 'ɪ k p r ɔ p
stickprov	²s t 'ɪ k p r uː v
stift	s t ɪ f t
stifta	²s t 'ɪ f t a
stiftar	²s t 'ɪ f t a r
stiftelse	²s t 'ɪ f t ɛ l s ɛ
stig	s t iː ɡ
stiga	s t 'iː ɡ ɛ r
stil	s t iː l
stilbildande	²s t 'iː l b ɪ l d a n d ɛ
stilenlig	²s t 'iː l eː n l ɪ ɡ
stilett	s t ɪ l 'ɛ t
stilfull	²s t 'iː l f ɵ l
stilig	²s t 'iː l ɪ ɡ
stilisera	²s t ɪ l ɪ s 'eː r a
stiliserar	²s t ɪ l ɪ s 'eː r a r
still	s t ɪ l
stilla	²s t 'ɪ l a
stillar	²s t 'ɪ l a r
stilleben	s t ɪ l 'eː b ɛ n
stillestånd	²s t 'ɪ l ɛ s t ɔ n d
stillhet	²s t 'ɪ l h eː t
stillsam	²s t 'ɪ l s a m
stiltje	²s t 'ɪ l t j ɛ
stim	s t ɪ m
stimma	²s t 'ɪ m a
stimmar	²s t 'ɪ m a r
stimulans	s t ɪ m ɵ l 'a n s
stimulera	s t ɪ m ɵ l 'eː r a
stimulerar	s t ɪ m ɵ l 'eː r a r
sting	s t ɪ ŋ
stingslig	²s t 'ɪ ŋ s l ɪ ɡ
stinka	s t 'ɪ ŋ k ɛ r
stinkdjur	²s s t ɪ ŋ k j ʉː r
stinn	s t ɪ n
stins	s t ɪ n s
stint	s t ɪ n t
stipendium	s t ɪ p 'ɛ n d ɪ ɵ m
stipulera	s t ɪ p ɵ l 'eː r a
stipulerar	s t ɪ p ɵ l 'eː r a r
stirra	²s t 'ɪ r a
stirrar	²s t 'ɪ r a r
stirrig	²s t 'ɪ r ɪ ɡ
stjäl	ɧ ɛː l
stjäla	ɧ ɛː l
stjälk	ɧ ɛ l k
stjälpa	ɧ 'ɛ l p ɛ r
stjärna	²ɧ 'ɛː n a
stjärngosse	²ɧ 'ɛː n ɡ ɔ s ɛ
stjärnskott	²ɧ ɛː n ɕ k ɔ t
stjärnsmäll	²ɧ 'ɛː n ɕ m ɛ l
stjärt	ɧ a t
stjärtand	ɧ ɛ t a n d
sto	s t uː
stock	s t ɔ k
stock-	²s t ɔ k
stockholm	²s s t ɔ k h ɔ l m
stockholmsk	²s s t ɔ k h ɔ l m s k
stockholmskt	²s s t ɔ k h ɔ l m s k t
stockholmssyndrom	²s s t ɔ k h ɔ l m s s ʏ n d r oː m
stockning	²s t ɔ k n ɪ ŋ
stod	s t uː d
stof	ɛ s t eː uː 'ɛ f
stoff	s t ɔ f
stofil	s t ʊ f 'iː l
stoft	s t ɔ f t
stoisk	s t 'oː ɪ s k
stoj	s t ɔ j
stoja	²s t 'ɔ j a
stojar	²s t 'ɔ j a r
stol	s t uː l
stollig	²s t 'ɔ l ɪ ɡ
stolpe	²s t 'ɔ l p ɛ
stolpiller	²s t 'uː l p ɪ l ɛ r
stolt	s t ɔ l t
stoltsera	s t ɔ l t s 'eː r a
stoltserar	s t ɔ l t s 'eː r a r
stomme	²s t 'ʊ m ɛ
stopp	s t ɔ p
stoppa	²s t 'ɔ p a
stoppar	²s t 'ɔ p a r
stoppning	²s t 'ɔ p n ɪ ŋ
stoppur	²s t 'ɔ p ʉː r
stor	s t uː r
storartad	²s t 'uː r ɑː t a d
storasyster	²s t 'uː r a s ʏ s t ɛ r
storbritannien	s t 'uː r b r ɪ t a n j ɛ n
stordrift	²s t 'uː d r ɪ f t
stordåd	²s t 'uː d oː d
storebror	²s t 'uː r ɛ b r uː r
storfamilj	²s t 'uː r f a m ɪ l j
storhet	²s t 'uː r h eː t
storhetsvansinne	²s t 'uː r h eː t s v ɑː n s ɪ n ɛ
stork	s t ɔ r k
storkna	²s t 'ɔ r k n a
storknar	²s t 'ɔ r k n a r
storlabb	s t 'uː r l a b
storlek	²s t 'uː l eː k
storlom	s t 'uː r l ʊ m
storm	s t ɔ r m
storma	²s t 'ɔ r m a
stormakt	²s t 'uː r m a k t
stormaktstid	²s s t 'uː r m a k t s t 'iː d
stormar	²s t 'ɔ r m a r
stormarknad	²s t 'uː r m a r k n a d
stormfågel	s t ɔ r m f oː ɡ ɛ l
stormig	²s t 'ɔ r m ɪ ɡ
stormöte	²s t 'uː r m øː t ɛ
storsint	²s t 'uː ɕ ɪ n t
storskalig	²s t 'uː r s k ɑː l ɪ ɡ
storskrake	s t 'uː r s k r 'ɑː k ɛ
storslagen	²s t 'uː ɕ l ɑː ɡ ɛ n
storspela	²s t 'uː ɕ p eː l a
storspelar	²s t 'uː ɕ p eː l a r
storspov	s t 'uː r s p 'uː v
storstad	²s t 'uː ɕ t ɑː d
storstilad	²s t 'uː ɕ t iː l a d
storsäljare	²s t 'uː ɕ ɛ l j a r ɛ
stortrapp	s t 'uː r t r a p
stortå	²s t 'uː t oː
storverk	²s t 'uː r v a r k
storvulen	²s t 'uː r v ʉː l ɛ n
story	s t 'ɔ r ʏ
stova	²s s t oː v a
stp	ɛ s t eː p 'eː
straff	s t r a f
straffa	²s t r 'a f a
straffar	²s t r 'a f a r
straffbelagd	²s t r 'a f b ɛ l a ɡ d
straffränta	²s t r 'a f r ɛ n t a
stram	s t r ɑː m
strama	²s t r ɑː m a
stramar	²s t r ɑː m a r
strand	s t r a n d
stranda	s t r 'a n d a
strandar	s t r 'a n d a r
strandhugg	²s t r 'a n d h ɵ ɡ
strandsatt	²s t r 'a n d s a t
strandskata	s t r a n d s k 'ɑː t a
strandskyddsområde	²s t r 'a n d ɧ ʏ d s ɔ m r oː d ɛ
strapats	s t r a p 'a t s
strass	s t r a s
strategi	s t r a t ɛ ɡ 'iː
strategisk	s t r a t 'eː ɡ ɪ s k
strax	s t r a k s
streber	s t r 'eː b ɛ r
streck	s t r ɛ k
strecka	²s t r 'ɛ k a
streckar	²s t r 'ɛ k a r
stred	s t r eː d
strejk	s t r ɛ j k
strejka	²s t r 'ɛ j k a
strejkar	²s t r 'ɛ j k a r
stress	s t r ɛ s
stressa	²s t r 'ɛ s a
stressad	²s t r 'ɛ s a d
stressar	²s t r 'ɛ s a r
stressig	²s t r 'ɛ s ɪ ɡ
streta	²s t r 'eː t a
stretar	²s t r 'eː t a r
strid	s t r iː d
strida	s t r 'iː d ɛ r
stridbar	²s t r 'iː d b ɑː r
stridig	²s t r 'iː d ɪ ɡ
stridighet	²s t r 'iː d ɪ ɡ h eː t
stridis	s t r 'iː d ɪ s
stridskrafter	²s t r 'ɪ t s k r a f t ɛ r
stridslysten	²s t r 'ɪ t s l ʏ s t ɛ n
stridsspets	²s t r 'ɪ t s p ɛ t s
stridsvagn	²s t r 'ɪ t s v a ŋ n
strikt	s t r ɪ k t
stril	s t r 'iː l
strila	²s t r 'iː l a
strilar	²s t r 'iː l a r
strimla	²s t r 'ɪ m l a
strimlar	²s t r 'ɪ m l a r
strimma	²s t r 'ɪ m a
stringent	s t r ɪ ŋ ɡ 'ɛ n t
stripig	²s t r 'iː p ɪ ɡ
strippa	²s t r 'ɪ p a
strippar	²s t r 'ɪ p a r
striptease	s t r 'ɪ p t iː s
stritt	s t r ɪ t
strof	s t r oː f
strokabisi	s t r ʊ k a b ɪ s ɪ
stroke	s t r uː k
strong	s t r ɔ ŋ
strontium	s t r ɔ n t s ɪ ɵ m
stropp	s t r ɔ p
strosa	²s t r 'uː s a
strosar	²s t r 'uː s a r
strukit	²s t r 'ʉː k ɪ t
struktur	s t r ɵ k t 'ʉː r
strul	s t r ʉː l
struma	²s t r 'ʉː m a
strumpa	²s t r 'ɵ m p a
strumpbyxa	²s t r 'ɵ m p b ʏ k s a
strunt	s t r ɵ n t
strunta	²s t r 'ɵ n t a
struntar	²s t r 'ɵ n t a r
struntsumma	²s t r 'ɵ n t s ɵ m a
strupe	²s t r 'ʉː p ɛ
strut	s t r ʉː t
struts	s t r ɵ t s
strutta	²s t r 'ɵ t a
struttar	²s t r 'ɵ t a r
stryk	s t r yː k
stryka	s t r 'yː k ɛ r
strykbräda	²s t r 'yː k b r ɛː d a
strykjärn	²s t r 'yː k j ɛː n
strykpojke	²s t r 'yː k p ɔ j k ɛ
strypa	s t r 'yː p ɛ r
sträcka	²s t r 'ɛ k a
sträckbänk	²s t r 'ɛ k b a ŋ k
sträcker	s t r 'ɛ k ɛ r
sträckläsa	²s t r 'ɛ k l ɛː s ɛ r
sträckning	²s t r 'ɛ k n ɪ ŋ
sträng	s t r ɛ ŋ
sträv	s t r ɛː v
sträva	²s t r 'ɛː v a
strävan	²s t r 'ɛː v a n
strävar	²s t r 'ɛː v a r
strävsam	²s t r 'ɛː v s a m
strå	s t r oː
stråk	s t r oː k
stråke	²s t r 'oː k ɛ
stråla	²s t r 'oː l a
strålande	²s t r 'oː l a n d ɛ
strålar	²s t r 'oː l a r
stråle	²s t r 'oː l ɛ
strålkastare	²s t r 'oː l k a s t a r ɛ
strålning	²s t r 'ɔ l n ɪ ŋ
strålskydd	²s t r 'oː l ɧ ʏ d
strö	s t r øː r
strö-	²s t r øː
ströbröd	²s t r 'øː b r øː d
strög	s t r øː ɡ
ströget	s t r øː ɡ ɛ t
strök	s t r øː k
ström	s t r œ m
strömand	s t r œ m a n d
strömbrytare	²s t r 'œ m b r yː t a r ɛ
strömlinjeformad	²s t r 'øː m l ɪ n j ɛ f ɔ r m a d
strömlös	²s s t r œ m l øː s
strömma	²s t r 'œ m a
strömmar	²s t r 'œ m a r
strömming	²s t r 'œ m ɪ ŋ
strömning	²s t r 'œ m n ɪ ŋ
ströp	s t r øː p
strösocker	²s t r 'øː s ɔ k ɛ r
strössel	²s t r 'œ s ɛ l
ströva	²s t r 'øː v a
strövar	²s t r 'øː v a r
strövtåg	²s t r 'øː v t oː ɡ
stubb	s t ɵ b
stubbe	²s t 'ɵ b ɛ
stubbstjärtseglare	s t ɵ b ɧ ɛ t s 'eː ɡ l a r ɛ
stubin	s t ɵ b 'iː n
stuckatur	s t ɵ k a t 'ʉː r
stuckit	²s t 'ɵ k ɪ t
stud	s t ɵ d 'eː r a n d ɛ
student	s t ɵ d 'ɛ n t
studentbetyg	²s t ɵ d 'ɛ n t b ɛ t yː ɡ
studentbostad	²s t ɵ d 'ɛ n t b uː s t ɑː d
studentexamen	²s t ɵ d 'ɛ n t ɛ k s ɑː m ɛ n
studentikos	s t ɵ d ɛ n t ɪ k 'oː s
studentkår	²s t ɵ d 'ɛ n t k oː r
studera	s t ɵ d 'eː r a
studerande	s t ɵ d 'eː r a n d ɛ
studerar	s t ɵ d 'eː r a r
studie	s t 'ʉː d ɪ ɛ
studiebidrag	²s t 'ʉː d j ɛ b iː d r ɑː ɡ
studiecirkel	²s t 'ʉː d j ɛ s ɪ r k ɛ l
studieförbund	²s t 'ʉː d j ɛ f œ r b ɵ n d
studiehjälp	²s t 'ʉː d j ɛ j ɛ l p
studielån	²s t 'ʉː d j ɛ l oː n
studiemedel	²s t 'ʉː d j ɛ m eː d ɛ l
studieplan	²s t 'ʉː d j ɛ p l ɑː n
studierektor	²s t 'ʉː d j ɛ r ɛ k t ʊ r
studiestöd	²s t 'ʉː d j ɛ s t øː d
studio	s t 'ʉː d ɪ ʊ
studium	s t 'ʉː d ɪ ɵ m
studs	s t ɵ t s
studsa	²s t 'ɵ t s a
studsar	²s t 'ɵ t s a r
studsare	²s t 'ɵ t s a r ɛ
stuga	²s t 'ʉː ɡ a
stugby	²s t 'ʉː ɡ b yː
stuka	²s t 'ʉː k a
stukar	²s t 'ʉː k a r
stulit	²s t 'ʉː l ɪ t
stulta	²s t 'ɵ l t a
stum	s t ɵ m
stump	s t ɵ m p
stumpa	²s t 'ɵ m p a
stund	s t ɵ n d
stunda	²s t 'ɵ n d a
stundar	²s t 'ɵ n d a r
stundom	²s t 'ɵ n d ɔ m
stundtals	²s t 'ɵ n d t ɑː l s
stuntman	²s t 'ɵ n t m a n
stup	s t ʉː p
stupa	²s t 'ʉː p a
stupar	²s t 'ʉː p a r
stupid	s t ɵ p 'iː d
stupränna	²s t 'ʉː p r a n a
stuprör	²s t 'ʉː p r øː r
stursk	s t ɵ ɕ k
stut	s t ʉː t
stuteri	s t ɵ t ɛ r 'iː
stuv	s t ʉː v
stuva	²s t 'ʉː v a
stuvar	²s t 'ʉː v a r
stuveriarbetare	²s t ʉː v ɛ r 'iː a r b eː t a r ɛ
stuvning	²s t 'ʉː v n ɪ ŋ
styck	s t ʏ k
stycka	²s t 'ʏ k a
styckar	²s t 'ʏ k a r
stycke	²s t 'ʏ k ɛ
styckegods	²s t 'ʏ k ɛ ɡ ʊ t s
styckning	²s t 'ʏ k n ɪ ŋ
stygg	s t ʏ ɡ
stygn	s t ʏ ŋ n
stylta	²s t 'ʏ l t a
styltlöpare	s t ʏ l t l øː p a r ɛ
styltsnäppa	s t ʏ l t s n ɛ p a
stympa	²s t 'ʏ m p a
stympar	²s t 'ʏ m p a r
styng	s t ʏ ŋ
styr	s t yː r
styra	s t yː r
styrbord	s t 'yː r b uː d
styre	²s t 'yː r ɛ
styrelse	²s t 'yː r ɛ l s ɛ
styrelseskick	²s t 'yː r ɛ l s ɛ ɧ ɪ k
styresman	²s t 'yː r ɛ s m a n
styrka	²s t 'ʏ r k a
styrker	s t 'ʏ r k ɛ r
styrketår	²s t 'ʏ r k ɛ t oː r
styrman	s t 'yː r m a n
styrspak	²s t 'yː ɕ p ɑː k
styv	s t yː v
styvbarn	²s t 'yː v b ɑː n
styvfar	²s t 'yː v f ɑː r
styvmoderlig	²s t 'yː v m uː d ɛ l ɪ ɡ
styvmor	²s t 'yː v m uː r
styvna	²s t 'yː v n a
styvnackad	²s t 'yː v n a k a d
styvnar	²s t 'yː v n a r
styvt	s t yː v t
städ	s t ɛː d
städa	²s t 'ɛː d a
städad	²s t 'ɛː d a d
städar	²s t 'ɛː d a r
städare	²s t 'ɛː d a r ɛ
städer	s t 'ɛː d ɛ r
städerska	²s t 'ɛː d ɛ ɕ k a
städning	²s t 'ɛː d n ɪ ŋ
städse	²s t 'ɛː d s ɛ
städskåp	²s t 'ɛː d s k oː p
ställ	s t ɛ l
ställa	s t 'ɛ l ɛ r
ställbar	²s t 'ɛ l b ɑː r
ställd	s t ɛ l d
ställe	²s t 'ɛ l ɛ
ställföreträdande	²s t 'ɛ l f øː r ɛ t r ɛː d a n d ɛ
ställföreträdare	²s t 'ɛ l f øː r ɛ t r ɛː d a r ɛ
ställning	²s t 'ɛ l n ɪ ŋ
ställningskrig	²s t 'ɛ l n ɪ ŋ s k r iː ɡ
ställningstagande	²s t 'ɛ l n ɪ ŋ s t ɑː ɡ a n d ɛ
stämband	²s t 'ɛ m b a n d
stämgaffel	²s t 'ɛ m ɡ a f ɛ l
stämjärn	²s t 'ɛ m j ɛː n
stämma	²s t 'ɛ m a
stämmer	s t 'ɛ m ɛ r
stämning	²s t 'ɛ m n ɪ ŋ
stämpel	²s t 'ɛ m p ɛ l
stämpelskatt	²s t 'ɛ m p ɛ l s k a t
stämpelur	²s t 'ɛ m p ɛ l ʉː r
stämpla	²s t 'ɛ m p l a
stämplar	²s t 'ɛ m p l a r
ständig	²s t 'ɛ n d ɪ ɡ
stänga	s t 'ɛ ŋ ɛ r
stänger	s t 'ɛ ŋ ɛ r
stängsel	s t 'ɛ ŋ s ɛ l
stänk	s t ɛ ŋ k
stänka	s t 'ɛ ŋ k ɛ r
stänkskärm	²s t 'ɛ ŋ k ɧ a r m
stäpp	s t ɛ p
stäppflyghöna	s t ɛ p f l 'yː ɡ h øː n a
stäpphök	s t ɛ p h øː k
stäppsångare	s t ɛ p s ɔ ŋ a r ɛ
stäppvarg	²s s t ɛ p v a r j
stäppvipa	s t ɛ p v 'iː p a
stäppörn	s t ɛ p øː r n
stärka	s t 'ɛ r k ɛ r
stärkelse	²s t 'ɛ r k ɛ l s ɛ
stäv	s t ɛː v
stäva	²s t 'ɛː v a
stävar	²s t 'ɛː v a r
stävja	²s t 'ɛː v j a
stävjar	²s t 'ɛː v j a r
stå	s t oː r
stående	²s t 'oː ɛ n d ɛ
ståhej	s t ɔ h 'ɛ j
stål	s t oː l
stålman	²s t 'oː l m a n
stålverk	²s t 'oː l v a r k
stånd	s t ɔ n d
ståndaktig	²s t 'ɔ n d a k t ɪ ɡ
ståndpunkt	²s t 'ɔ n d p ɵ ŋ t
ståndsmässig	²s t 'ɔ n d s m ɛ s ɪ ɡ
stång	s t ɔ ŋ
stångas	²s t 'ɔ ŋ a s
stånka	²s t 'ɔ ŋ k a
stånkar	²s t 'ɔ ŋ k a r
ståt	s t oː t
ståta	²s t 'oː t a
ståtar	²s t 'oː t a r
ståtlig	²s t 'oː t l ɪ ɡ
stått	s t ɔ t
stöd	s t øː d
stöda	s t 'øː d a
stöddig	²s t 'œ d ɪ ɡ
stöder	s t 'øː d ɛ r
stödjer	s t 'øː d j ɛ r
stödområde	²s t 'øː d ɔ m r oː d ɛ
stödparti	s t œ d p a r t ɪ
stödundervisning	²s t 'øː d ɵ n d ɛ r v iː s n ɪ ŋ
stök	s t øː k
stöka	²s t 'øː k a
stökar	²s t 'øː k a r
stökig	²s t 'øː k ɪ ɡ
stöld	s t œ l d
stön	s t øː n
stöna	²s t 'øː n a
stönar	²s t 'øː n a r
stöp	s t øː p
stöpa	s t 'øː p ɛ r
stöpsleven	²s t 'øː p s l eː v ɛ n
stör	s t øː r
störa	s t øː r
störning	²s t 'øː n ɪ ŋ
större	s t 'œ r ɛ
störst	s t œ ɕ t
stört	s t œ t
störta	²s t 'œ t a
störtar	²s t 'œ t a r
störthjälm	²s t 'œ t j ɛ l m
störtlopp	²s t 'œ t l ɔ p
störtregn	s t ɵ t r ɛ ŋ n
störtskur	s t ɵ t s k ʉː r
stöt	s t øː t
stöta	s t 'øː t ɛ r
stötesten	²s t 'øː t ɛ s t eː n
stötfångare	²s t 'øː t f ɔ ŋ a r ɛ
stött	s t œ t
stötta	²s t 'œ t a
stöttar	²s t 'œ t a r
stöttepelare	²s t 'œ t ɛ p eː l a r ɛ
stövel	s t 'œ v ɛ l
stövla	²s t 'œ v l a
stövlar	²s t 'œ v l a r
subjekt	s ɵ b j 'ɛ k t
subjektiv	s 'ɵ b j ɛ k t iː v
subkultur	²s 'ɵ b k ɵ l t ʉː r
sublim	s ɵ b l 'iː m
sublimera	s ɵ b l ɪ m 'eː r a
sublimerar	s ɵ b l ɪ m 'eː r a r
substans	s ɵ b s t 'a n s
substantiell	s ɵ b s t a n s ɪ 'ɛ l
substantiv	²s 'ɵ b s t a n t iː v
substitut	s ɵ b s t ɪ t 'ʉː t
subtil	s ɵ b t 'iː l
subtrahera	s ɵ b t r a h 'eː r a
subtraherar	s ɵ b t r a h 'eː r a r
subtraktion	s ɵ b t r a k ɧ 'uː n
subvention	s ɵ b v ɛ n ɧ 'uː n
subventionera	s ɵ b v ɛ n ɧ ʊ n 'eː r a
subventionerar	s ɵ b v ɛ n ɧ ʊ n 'eː r a r
subversiv	s ɵ b v a r s 'iː v
succession	s ɵ k s ɛ ɧ 'uː n
successiv	s 'ɵ k s ɛ s iː v
succé	s ɵ k s 'eː
suck	s ɵ k
sucka	²s 'ɵ k a
suckar	²s 'ɵ k a r
sudd	s ɵ d
sudda	²s 'ɵ d a
suddar	²s 'ɵ d a r
suddgummi	²s 'ɵ d ɡ ɵ m ɪ
suddig	²s 'ɵ d ɪ ɡ
suffix	s ɵ f 'ɪ k s
sufflé	s ɵ f l 'eː
sufflör	s ɵ f l 'øː r
sug	s ʉː ɡ
suga	s 'ʉː ɡ ɛ r
sugen	²s 'ʉː ɡ ɛ n
sugga	²s 'ɵ ɡ a
suggerera	s ɵ ɡ ɛ r 'eː r a
suggererar	s ɵ ɡ ɛ r 'eː r a r
suggestion	s ɵ ɡ ɛ ɧ 'uː n
suggestiv	s 'ɵ ɡ ɛ s t iː v
sugit	²s 'ʉː ɡ ɪ t
sugrör	²s 'ʉː ɡ r øː r
sukta	²s 'ɵ k t a
suktar	²s 'ɵ k t a r
sula	²s 'ʉː l a
sulfa	²s 'ɵ l f a
sulky	s 'ɵ l k ʏ
summa	²s 'ɵ m a
summarisk	s ɵ m 'ɑː r ɪ s k
summer	²s 'ɵ m ɛ r
summera	s ɵ m 'eː r a
summerar	s ɵ m 'eː r a r
summit	²s 'ɵ m ɪ t
sump	s ɵ m p
sumpa	²s 'ɵ m p a
sumpar	²s 'ɵ m p a r
sumpmark	²s 'ɵ m p m a r k
sumpvipa	s ɵ m p v 'iː p a
sund	s ɵ n d
sundbyberg	²s s ɵ n d b ʏ b r r j
sundsvall	s ɵ n d s v a l
sup	s ʉː p
supa	s 'ʉː p ɛ r
super	²s s ʉː p ɛ r
super-	²s 'ʉː p ɛ r
supera	s ɵ p 'eː r a
superar	s ɵ p 'eː r a r
superb	s ɵ p 'ɛ r b
superlativ	²s 'ʉː p ɛ l a t iː v
supinum	²s ɵ p 'iː n ɵ m
suppleant	s ɵ p l ɛ 'a n t
supporter	s ɵ p 'oː t ɛ r
suput	²s ɵ p 'ʉː t
supé	s ɵ p 'eː
sur	s ʉː r
sura	²s 'ʉː r a
surar	²s 'ʉː r a r
surfa	²s 'ɵ r f a
surfar	²s 'ɵ r f a r
surfingbräda	²s 'ɵ r f ɪ ŋ b r ɛː d a
surmulen	²s 'ʉː r m ʉː l ɛ n
surna	²s 'ʉː n a
surnar	²s 'ʉː n a r
surpuppa	²s 'ʉː r p ɵ p a
surr	s ɵ r
surra	²s 'ɵ r a
surrar	²s 'ɵ r a r
surrealistisk	s ɵ r ɛ a l 'ɪ s t ɪ s k
surrogat	s ɵ r ʊ ɡ 'ɑː t
surströmming	²s 'ʉː ɕ t r œ m ɪ ŋ
sus	s ʉː s
susa	²s 'ʉː s a
susar	²s 'ʉː s a r
suspekt	s ɵ s p 'ɛ k t
suspendera	s ɵ s p ɛ n d 'eː r a
suspenderar	s ɵ s p ɛ n d 'eː r a r
sussa	²s 'ɵ s a
sussar	²s 'ɵ s a r
suttit	²s 'ɵ t ɪ t
suvenir	s ʊ v ɛ n 'iː r
suverän	s ɵ v ɛ r 'ɛː n
svacka	²s v 'a k a
svada	²s v 'ɑː d a
svag	s v ɑː ɡ
svaghet	²s v 'ɑː ɡ h eː t
svagsint	²s v 'ɑː ɡ s ɪ n t
svaja	²s v 'a j a
svajar	²s v 'a j a r
svajig	²s v 'a j ɪ ɡ
sval	s v ɑː l
svala	²s v 'ɑː l a
svalde	²s v 'ɑː l d ɛ
svale	²s v 'ɑː l ɛ
svalg	s v a l j
svalgång	²s v 'ɑː l ɡ ɔ ŋ
svalka	²s v 'ɑː l k a
svalkar	²s v 'a l k a r
svall	s v a l
svalla	²s v 'a l a
svallar	²s v 'a l a r
svalna	²s v 'ɑː l n a
svalnar	²s v 'ɑː l n a r
svalt	s v ɑː l t
svamla	²s v 'a m l a
svamlar	²s v 'a m l a r
svammel	s v 'a m ɛ l
svamp	s v a m p
svan	s v ɑː n
svanesång	²s v 'ɑː n ɛ s ɔ ŋ
svank	s v a ŋ k
svans	s v a n s
svansrem	s v a n s r ɛ m
svar	s v ɑː r
svara	²s v 'ɑː r a
svarande	²s v 'ɑː r a n d ɛ
svarar	²s v 'ɑː r a r
svaromål	²s v 'ɑː r ʊ m oː l
svars	s v ɑː ɕ
svarslös	²s v 'ɑː ɕ l øː s
svart	s v a t
svartand	s v a t a n d
svarthakedopping	s v a t h 'ɑː k ɛ d ɔ p ɪ ŋ
svartis	²s s v a r t 'iː s
svartkråka	s v a r t k r oː k a
svartlistad	²s v 'a t l ɪ s t a d
svartmuskig	²s v 'a t m ɵ s k ɪ ɡ
svartmåla	²s v 'a t m oː l a
svartmålar	²s v 'a t m oː l a r
svartna	²s v 'a t n a
svartnar	²s v 'a t n a r
svartpeppar	²s v 'a t p ɛ p a r
svartsenap	s v a t s 'eː n a p
svartsjuk	²s v 'a t ɧ ʉː k
svartsjuka	²s v 'a t ɧ ʉː k a
svartsnäppa	s v a r t s n ɛ p a
svartsyn	²s v 'a t ɕ yː n
svarttärna	s v a r t t ɜ r n a
svartvit	²s v 'a t v iː t
svartån	s v a r t oː n
svarv	s v a r v
svarva	²s v 'a r v a
svarvar	²s v 'a r v a r
svavel	s v 'ɑː v ɛ l
svealand	²s v 'eː a l a n d
sved	s v eː d
sveda	²s v 'eː d a
sveg	s v 'eː ɡ
svek	s v eː k
sven	s v ɛ n
svendom	²s v 'ɛ n d ʊ m
svengelska	s v 'ɛ ŋ ɛ l s k a
svenne	s v ɛ n ɛ
svensexa	²s v 'ɛ n s ɛ k s a
svensk	s v ɛ n s k
svenska	²s v 'ɛ n s k a
svenskjävel	²s s v ɛ n s k j ɛː v ɛ l
svep	s v eː p
svepa	s v 'eː p ɛ r
svepande	²s v 'eː p a n d ɛ
svepning	²s v 'eː p n ɪ ŋ
svepskäl	²s v 'eː p ɧ ɛː l
sverige	s v 'ɛ r j ɛ
svetsa	²s v 'ɛ t s a
svetsar	²s v 'ɛ t s a r
svett	s v ɛ t
svettas	²s v 'ɛ t a s
svettig	²s v 'ɛ t ɪ ɡ
svida	s v 'iː d ɛ r
svika	s v 'iː k ɛ r
svikt	s v ɪ k t
svikta	²s v 'ɪ k t a
sviktar	²s v 'ɪ k t a r
svimma	²s v 'ɪ m a
svimmar	²s v 'ɪ m a r
svin	s v iː n
svin-	²s v 'iː n
svindel	²s v 'ɪ n d ɛ l
svindla	²s v 'ɪ n d l a
svindlande	²s v 'ɪ n d l a n d ɛ
svindlar	²s v 'ɪ n d l a r
sving	s v ɪ ŋ
svinga	²s v 'ɪ ŋ a
svingar	²s v 'ɪ ŋ a r
svinn	s v ɪ n
svinpäls	²s v 'iː n p ɛ l s
svit	s v iː t
svor	s v uː r
svordom	²s v 'uː d ʊ m
svullen	²s v 'ɵ l ɛ n
svullna	²s v 'ɵ l n a
svullnad	²s v 'ɵ l n a d
svullnar	²s v 'ɵ l n a r
svulst	s v ɵ l s t
svulstig	²s v 'ɵ l s t ɪ ɡ
svulten	²s v 'ɵ l t ɛ n
svultit	²s v 'ɵ l t ɪ t
svunnen	²s v 'ɵ n ɛ n
svuren	²s v 'ʉː r ɛ n
svurit	²s v 'ʉː r ɪ t
svägerska	²s v 'ɛː ɡ ɛ ɕ k a
svälja	s v 'ɛ l j ɛ r
svälla	s v 'ɛ l ɛ r
svält	s v ɛ l t
svälta	s v 'ɛ l t ɛ r
sväng	s v ɛ ŋ
svänga	s v 'ɛ ŋ ɛ r
svängig	²s v 'ɛ ŋ ɪ ɡ
svängning	²s v 'ɛ ŋ n ɪ ŋ
svängom	s v ɛ ŋ 'ɔ m
svängrum	²s v 'ɛ ŋ r ɵ m
svärd	s v ɛː d
svärdotter	²s v 'ɛː d ɔ t ɛ r
svärfar	²s v 'ɛː r f ɑː r
svärföräldrar	²s v 'ɛː r f œ r ɛ l d r a r
svärja	s v ɛː r
svärjer	s v 'ɛ r j ɛ r
svärm	s v a r m
svärma	²s v 'ɛ r m a
svärmar	²s v 'ɛ r m a r
svärmor	²s v 'ɛː r m uː r
svärord	²s v 'ɛː r uː d
svärson	²s v 'ɛː ɕ oː n
svärta	²s v 'ɛ t a
svärtar	²s v 'ɛ t a r
sväva	²s v 'ɛː v a
svävar	²s v 'ɛː v a r
svävare	²s v 'ɛː v a r ɛ
svåger	s v 'oː ɡ ɛ r
svågerpolitik	²s v 'oː ɡ ɛ r p ʊ l ɪ t iː k
svål	s v oː l
svångrem	²s v 'ɔ ŋ r ɛ m
svår	s v oː r
svårartad	²s v 'oː r ɑː t a d
svårbemästrad	²s v 'oː r b ɛ m ɛ s t r a d
svårighet	²s v 'oː r ɪ ɡ h eː t
svårlöst	²s v 'oː l øː s t
svårmod	²s v 'oː r m uː d
svårsmält	²s v 'oː ɕ m ɛ l t
svårt	s v oː t
swish	s v ɪ ɕː
swisha	²s s v ɪ ɕː a
sy	s yː r
sybehör	²s 'yː b ɛ h øː r
syd	s yː d
sydafrikansk	s ỵː d a f r ɪ k 'ɑː n s k
sydamerika	s 'yː d a m 'eː r ɪ k a
sydkorea	²s s 'yː d k ʊ r 'eː a
sydlig	²s 'yː d l ɪ ɡ
sydländsk	²s 'yː d l ɛ n s k
sydlänning	²s 'yː d l ɛ n ɪ ŋ
sydost	s ʏ d ʊ s t
sydsamiska	s 'yː d s 'ɑː m ɪ s k a
sydväst	s yː d v 'ɛ s t
sydöst	s ʏ d œ s t
syfilis	s 'yː f ɪ l ɪ s
syfta	²s 'ʏ f t a
syftar	²s 'ʏ f t a r
syfte	²s 'ʏ f t ɛ
syftning	²s 'ʏ f t n ɪ ŋ
syl	s yː l
syll	s ʏ l
sylt	s ʏ l t
sylta	²s 'ʏ l t a
syltar	²s 'ʏ l t a r
sylvass	s 'yː l v a s
symaskin	²s 'yː m a ɧ iː n
symbios	s ʏ m b ɪ 'oː s
symbol	s ʏ m b 'oː l
symbolisera	s ʏ m b ʊ l ɪ s 'eː r a
symboliserar	s ʏ m b ʊ l ɪ s 'eː r a r
symbolisk	s ʏ m b 'oː l ɪ s k
symfoni	s ʏ m f ʊ n 'iː
symfoniorkester	²s ʏ m f ʊ n 'iː ɔ r k ɛ s t ɛ r
symmetrisk	s ʏ m 'eː t r ɪ s k
sympati	s ʏ m p a t 'iː
sympatisera	s ʏ m p a t ɪ s 'eː r a
sympatiserar	s ʏ m p a t ɪ s 'eː r a r
sympatisk	s ʏ m p 'ɑː t ɪ s k
sympatistrejk	²s ʏ m p a t 'iː s t r ɛ j k
sympatisör	s ʏ m p a t ɪ s 'øː r
symposium	s ʏ m p 'oː s ɪ ɵ m
symptom	s ʏ m t 'oː m
syn	s yː n
syna	²s 'yː n a
synagoga	²s 'yː n a ɡ uː ɡ a
synar	²s 'yː n a r
synas	²s 'yː n ɛ s
synbar	²s 'yː n b ɑː r
synbarligen	²s 'yː n b ɑː l ɪ ɡ ɛ n
syncentral	²s 'yː n s ɛ n t r ɑː l
synd	s ʏ n d
syndabock	²s 'ʏ n d a b ɔ k
syndikalist	s ʏ n d ɪ k a l 'ɪ s t
syndikat	s ʏ n d ɪ k 'ɑː t
syndrom	s ʏ n d r 'oː m
synfält	²s 'yː n f ɛ l t
synkronisera	s ʏ ŋ k r ɔ n ɪ s 'eː r a
synkroniserar	s ʏ ŋ k r ɔ n ɪ s 'eː r a r
synlig	²s 'yː n l ɪ ɡ
synnerhet	²s 'ʏ n ɛ r h eː t
synnerligen	²s 'ʏ n ɛ l iː ɡ ɛ n
synod	s ʏ n 'oː d
synonym	s ʏ n ʊ n 'yː m
synpunkt	²s 'yː n p ɵ ŋ k t
synskadad	²s 'yː n s k ɑː d a d
synskärpa	²s 'yː n ɧ a r p a
synsätt	²s 'yː n s ɛ t
synt	s ʏ n t
syntax	s ʏ n t 'a k s
syntes	s ʏ n t 'eː s
syntet-	²s ʏ n t 'eː t
syntetisk	s ʏ n t 'eː t ɪ s k
synthesizer	s 'ʏ n t ɛ s a j s ɛ r
synvilla	²s 'yː n v ɪ l a
synvinkel	²s 'yː n v ɪ ŋ k ɛ l
synål	²s 'yː n oː l
syo	s 'yː ʊ
syo-funktionär	²s 'yː ʊ f ɵ ŋ k ɧ ʊ n ɛː r
syra	²s 'yː r a
syrak	s 'yː r a k
syre	²s 'yː r ɛ
syren	s ʏ r 'eː n
syrier	s 'yː r ɪ ɛ r
syrisk	s 'yː r ɪ s k
syrlig	²s 'yː l ɪ ɡ
syrra	²s 'ʏ r a
syrsa	²s 'ʏ ɕ a
syskon	²s 'ʏ s k ɔ n
syskongrupp	²s 'ʏ s k ɔ n ɡ r ɵ p
sysselsätta	²s 'ʏ s ɛ l s ɛ t ɛ r
syssla	²s 'ʏ s l a
sysslar	²s 'ʏ s l a r
syssling	²s 'ʏ s l ɪ ŋ
sysslolös	²s 'ʏ s l ʊ l øː s
syssna	²s s ʏ s n a
system	s ʏ s t 'eː m
systematisk	s ʏ s t ɛ m 'ɑː t ɪ s k
systembolaget	²s ʏ s t 'eː m b uː l ɑː ɡ ɛ t
systembutik	²s ʏ s t 'eː m b ɵ t iː k
systemerare	²s ʏ s t ɛ m 'eː r a r ɛ
systemet	s ʏ s t 'eː m ɛ t
systemman	²s ʏ s t 'eː m a n
syster	²s 'ʏ s t ɛ r
systerfartyg	²s 'ʏ s t ɛ r f ɑː t yː ɡ
systuga	²s 'yː s t ʉː ɡ a
säck	s ɛ k
säckig	²s 'ɛ k ɪ ɡ
säd	s ɛː d
sädesfrö	²s s ɛː d ɛ s f r øː
sädesslag	²s 'ɛː d ɛ s l ɑː ɡ
sädgås	s ɛː d ɡ oː s
säfferot	s ɛ f ɛ r 'uː t
säfferoten	s ɛ f ɛ r 'uː t ɛ n
säfferotens	s ɛ f ɛ r 'uː t ɛ n s
säfferots	s ɛ f ɛ r 'uː t s
säfferötter	s ɛ f ɛ r œ t ɛ r
säfferötterna	s ɛ f ɛ r œ t ɛ r n a
säfferötternas	s ɛ f ɛ r œ t ɛ r n a s
säfferötters	s ɛ f ɛ r œ t ɛ r s
säga	s 'ɛ j ɛ r
sägen	s 'ɛː ɡ ɛ n
sägenomspunnen	²s 'ɛː ɡ ɛ n ɔ m s p ɵ n ɛ n
säjer	s 'ɛ j ɛ r
säker	s 'ɛː k ɛ r
säkerhet	²s 'ɛː k ɛ r h eː t
säkerhetsbälte	²s 'ɛː k ɛ r h eː t s b ɛ l t ɛ
säkerhetskopia	²s 'ɛː k ɛ r h eː t s k ʊ p iː a
säkerhetsläge	s ɛː k ɛ r h 'eː t s l ɛː ɡ ɛ
säkerhetsnål	²s 'ɛː k ɛ r h eː t s n oː l
säkerhetspolis	²s 'ɛː k ɛ r h eː t s p ʊ l iː s
säkerhetsrisk	²s ɛː k ɛ r h 'eː t s r ɪ s k
säkerligen	²s 'ɛː k ɛ l iː ɡ ɛ n
säkerställa	²s 'ɛː k ɛ ɕ t ɛ l ɛ r
säkert	s 'ɛː k ɛ t
säkra	²s 'ɛː k r a
säkrar	²s 'ɛː k r a r
säkring	²s 'ɛː k r ɪ ŋ
säl	s ɛː l
sälarna	s 'ɛː l a n a
sälg	s ɛ l j
sälja	s 'ɛ l j ɛ r
säljare	s ɛ l j a r ɛ
säll	s ɛ l
sällan	²s 'ɛ l a n
sällsam	²s 'ɛ l s a m
sällskap	²s 'ɛ l s k ɑː p
sällskapa	²s 'ɛ l s k ɑː p a
sällskapar	²s 'ɛ l s k ɑː p a r
sällskaplig	²s 'ɛ l s k ɑː p l ɪ ɡ
sällskapsresa	²s 'ɛ l s k ɑː p s r eː s a
sällskapssjuk	²s 'ɛ l s k ɑː p s ɧ ʉː k
sällskapsspel	²s 'ɛ l s k ɑː p s s p eː l
sällsynt	²s 'ɛ l s yː n t
sälta	²s 'ɛ l t a
sämja	²s 'ɛ m j a
sämre	s 'ɛ m r ɛ
sämst	s ɛ m s t
sända	s 'ɛ n d ɛ r
sändlista	²s 'ɛ n d l ɪ s t a
sändning	²s 'ɛ n d n ɪ ŋ
säng	s ɛ ŋ
sängdags	²s 'ɛ ŋ d a k s
sängfösare	²s 'ɛ ŋ f øː s a r ɛ
sängkammare	²s 'ɛ ŋ k a m a r ɛ
sängkläder	²s 'ɛ ŋ k l ɛː d ɛ r
sängram	s ɛ ŋ r 'ɑː m
sängvätare	²s 'ɛ ŋ v ɛː t a r ɛ
sängöverkast	²s 'ɛ ŋ øː v ɛ r k a s t
sänka	²s 'ɛ ŋ k a
sänker	s 'ɛ ŋ k ɛ r
säpo	s 'ɛː p ʊ
sär-	²s 'ɛː r
sära	²s 'ɛː r a
särar	²s 'ɛː r a r
särart	²s 'ɛː r ɑː t
särbehandla	²s 'ɛː r b ɛ h a n d l a
särbehandlar	²s 'ɛː r b ɛ h a n d l a r
särbeskattning	²s 'ɛː r b ɛ s k a t n ɪ ŋ
särbo	s ɛː r b ʊ
särdeles	²s 'ɛː d ɛ l ɛ s
särdrag	²s 'ɛː d r ɑː ɡ
säregen	²s 'ɛː r eː ɡ ɛ n
särling	²s 'ɛː l ɪ ŋ
särprägel	²s 'ɛː r p r ɛː ɡ ɛ l
särpräglad	²s 'ɛː r p r ɛː l a d
särskild	²s 'ɛː r ɧ ɪ l d
särskilja	²s 'ɛː r ɧ ɪ l j ɛ r
särskilt	²s 'ɛː r ɧ ɪ l t
särskola	²s 'ɛː ɕ k uː l a
särskrivning	²s s ɛː r s k r 'iː v n ɪ ŋ
särställning	²s 'ɛː ɕ t ɛ l n ɪ ŋ
säsong	s ɛ s 'ɔ ŋ
säte	²s 'ɛː t ɛ
säteri	s ɛː t ɛ r 'iː
sätt	s ɛ t
sätta	s 'ɛ t ɛ r
sätteri	s ɛ t ɛ r 'iː
sättning	²s 'ɛ t n ɪ ŋ
säv	s ɛː v
sävlig	s 'ɛː v l ɪ ɡ
sävsångare	s ɛː v s ɔ ŋ a r ɛ
så	s oː
sådan	²s 'oː d a n
sådd	s ɔ d
sådär	s oː d 'ɛː r
såg	s oː ɡ
såga	²s 'oː ɡ a
sågar	²s 'oː ɡ a r
sågspån	²s 'oː ɡ s p oː n
sågverk	²s 'oː ɡ v a r k
såld	s ɔ l d
sålde	²s 'ɔ l d ɛ
således	²s 'oː l eː d ɛ s
såll	s ɔ l
sålla	²s 'ɔ l a
sållar	²s 'ɔ l a r
sålt	s ɔ l t
sålunda	²s 'oː l ɵ n d a
sån	s ɔ n
sång	s ɔ ŋ
sångare	²s 'ɔ ŋ a r ɛ
sångerska	²s 'ɔ ŋ ɛ ɕ k a
sångkör	²s 'ɔ ŋ k øː r
sångröst	²s s ɔ ŋ r œ s t
sångsvan	s ɔ ŋ s v 'ɑː n
sånär	s ɔ n ɛː r
såpa	²s 'oː p a
såpass	s 'oː p a s
såpbubbla	²s 'oː p b ɵ b l a
sår	s oː r
såra	²s 'oː r a
sårad	²s 'oː r a d
sårar	²s 'oː r a r
sårbar	²s 'oː r b ɑː r
sårig	²s 'oː r ɪ ɡ
sårskorpa	²s 'oː ɕ k ɔ r p a
sås	s oː s
såsom	s 'oː s ɔ m
såt	s oː t
såtillvida	s 'oː t ɪ l ²v 'iː d a
såvida	²s oː v 'iː d a
såvitt	s oː v 'ɪ t
såväl	s oː v 'ɛː l
söder	s 'øː d ɛ r
södermanland	s 'øː d ɛ r m a n l a n d
södertälje	s œ d ɛ t ɛ l j ɛ
söderut	s 'øː d ɛ r ʉː t
södra	²s 'øː d r a
sög	s øː ɡ
söka	s 'øː k ɛ r
sökande	²s 'øː k a n d ɛ
sökarljus	²s 'øː k a r j ʉː s
sökbar	²s s 'œ k b 'ɑː r
sökmotor	²s 'øː k m uː t ʊ r
söktjänst	²s 'øː k ɕ ɛ n s t
söla	²s 'øː l a
sölar	²s 'øː l a r
sölig	²s 'øː l ɪ ɡ
sölkorv	²s 'øː l k ɔ r v
söm	s œ m
sömmerska	²s 'œ m ɛ ɕ k a
sömn	s œ m n
sömnad	²s 'œ m n a d
sömngångare	²s 'œ m n ɡ ɔ ŋ a r ɛ
sömnig	²s 'œ m n ɪ ɡ
sömnlös	²s 'œ m n l øː s
sömntablett	²s 'œ m n t a b l ɛ t
sömntuta	²s 'œ m n t ʉː t a
söndag	s 'œ n d ɑː ɡ
söndagsskola	²s 'œ n d ɑː ɡ s k uː l a
sönder	s 'œ n d ɛ r
sönderfall	²s 'œ n d ɛ r f a l
söndra	²s 'œ n d r a
söndrar	²s 'œ n d r a r
söndrig	²s 'œ n d r ɪ ɡ
söner	²s 'øː n ɛ r
söp	s øː p
sörja	²s 'œ r j a
sörjer	s 'œ r j ɛ r
sörmland	s œ r m l a n d
sörpla	²s 'œ r p l a
sörplar	²s 'œ r p l a r
söt	s øː t
söta	²s 'øː t a
sötar	²s 'øː t a r
sötebröd	²s s øː t ɛ b r øː d
sötebrödsdagar	²s 'øː t ɛ b r øː d s d ɑː ɡ a r
sötma	²s 'œ t m a
sötnos	²s 'øː t n uː s
sötsaker	²s 'øː t s ɑː k ɛ r
sött	s œ t
sötvatten	²s 'øː t v a t ɛ n
söul	s øː ʉː l
söva	s 'øː v ɛ r
t	t 'eː
t-bana	²t 'eː b ɑː n a
ta	t ɑː ɡ ɛ r
tabbe	²t 'a b ɛ
tabberas	t a b ɛ r 'ɑː s
tabell	t a b 'ɛ l
tablett	t a b l 'ɛ t
tabloid	t a b l ʊ 'iː d
tablå	t a b l 'oː
tabu	t a b 'ʉː
taburett	t a b ɵ r 'ɛ t
tack	t a k
tacka	²t 'a k a
tackar	²t 'a k a r
tackla	²t 'a k l a
tacklar	²t 'a k l a r
tacknämlig	²t 'a k n ɛː m l ɪ ɡ
tacksam	²t 'a k s a m
tacksägelse	²t 'a k s ɛ j ɛ l s ɛ
tadzjikistan	t a d j ɪ k ɪ s t 'ɑː n
tafatt	²t 'ɑː f a t
tafsa	²t 'a f s a
tafsar	²t 'a f s a r
tag	t ɑː ɡ
tagel	t 'ɑː ɡ ɛ l
tagen	²t 'ɑː ɡ ɛ n
tager	t 'ɑː ɡ ɛ r
tagg	t a ɡ
taggig	²t 'a ɡ ɪ ɡ
taggstjärtseglare	t a ɡ ɧ ɛ t s 'eː ɡ l a r ɛ
taggtråd	²t 'a ɡ t r oː d
tagit	²t 'ɑː ɡ ɪ t
taiwan	t a j v a n
taiwanmes	t a j w a n m 'eː s
tajgasädgås	t a j ɡ a ɡ oː s
tajgasångare	t a j ɡ a s ɔ ŋ a r ɛ
tajmning	²t 'a j m n ɪ ŋ
tajt	t a j t
tak	t ɑː k
takräcke	²t 'ɑː k r ɛ k ɛ
takt	t a k t
taktfull	²t 'a k t f ɵ l
taktik	t a k t 'iː k
taktlös	²t 'a k t l øː s
tal	t ɑː l
tala	²t 'ɑː l a
talan	²t 'ɑː l a n
talande	²t 'ɑː l a n d ɛ
talang	t a l 'a ŋ
talar	²t 'ɑː l a r
talarlista	²t 'ɑː l a l ɪ s t a
talarstol	²t 'ɑː l a ɕ t uː l
talbok	²t 'ɑː l b uː k
talesman	²t 'ɑː l ɛ s m a n
talesätt	²t 'ɑː l ɛ s ɛ t
talför	²t 'ɑː l f øː r
talg	t a l j
talgoxe	²t 'a l j ʊ k s ɛ
talja	²t 'a l j a
talk	t a l k
talko	t a l k ɔ
talkör	²t 'ɑː l k øː r
tall	t a l
tallbit	t a l b 'iː t
tallgråmes	t a l ɡ r oː m 'eː s
tallrik	²t 'a l r ɪ k
talman	²t 'ɑː l m a n
talong	t a l 'ɔ ŋ
talpedagog	²t 'ɑː l p ɛ d a ɡ oː ɡ
talrik	²t 'ɑː l r iː k
talspråk	²t 'ɑː l s p r oː k
taltidning	²t 'ɑː l t iː d n ɪ ŋ
tam	t ɑː m
tambur	t a m b 'ʉː r
tamburin	t a m b ɵ r 'iː n
tampas	²t 'a m p a s
tampong	t a m p 'ɔ ŋ
tand	t a n d
tandad	²t 'a n d a d
tandborste	²t 'a n d b ɔ ɕ t ɛ
tandborstning	²t 'a n d b ɔ ɕ t n ɪ ŋ
tandemcykel	²t 'a n d ɛ m s ʏ k ɛ l
tandhygienist	²t 'a n d h ʏ ɡ ɪ ɛ n ɪ s t
tandkräm	²t 'a n d k r ɛː m
tandkött	²t 'a n d ɕ œ t
tandlossning	²t 'a n d l ɔ s n ɪ ŋ
tandläkare	²t 'a n d l ɛː k a r ɛ
tandlös	²t 'a n d l øː s
tandpetare	²t 'a n d p eː t a r ɛ
tandprotes	²t 'a n d p r ʊ t eː s
tandsköterska	²t 'a n d ɧ øː t ɛ ɕ k a
tandsten	²t 'a n d s t eː n
tandställning	²t 'a n d s t ɛ l n ɪ ŋ
tandtråd	²t 'a n d t r oː d
tandvärk	²t 'a n d v a r k
tandvård	²t 'a n d v oː d
tandvårdsförsäkring	²t 'a n d v oː d ɕ f œ ɕ ɛː k r ɪ ŋ
tandvårdstaxa	²t 'a n d v oː d ɕ t a k s a
tangent	t a n j 'ɛ n t
tangera	t a n j 'eː r a r
tangerar	t a n j 'eː r a r
tango	t 'a ŋ ɡ ʊ
tanig	²t 'ɑː n ɪ ɡ
tank	t a ŋ k
tanka	²t 'a ŋ k a
tankar	²t 'a ŋ k a r
tanke	²t 'a ŋ k ɛ
tankegång	²t 'a ŋ k ɛ ɡ ɔ ŋ
tanken	²s t a n k ɛ n
tanker	t 'a ŋ k ɛ r
tankesmedja	²s t a ŋ k ɛ s m 'eː d j a
tankeställare	²t 'a ŋ k ɛ s t ɛ l a r ɛ
tankeväckande	²t 'a ŋ k ɛ v ɛ k a n d ɛ
tankfull	²t 'a ŋ k f ɵ l
tanklös	²t 'a ŋ k l øː s
tankspridd	²t 'a ŋ k s p r ɪ d
tankstreck	²t 'a ŋ k s t r ɛ k
tant	t a n t
tantig	²t 'a n t ɪ ɡ
tape	t ɛ j p
tapet	t a p 'eː t
tapetsera	t a p ɛ t s 'eː r a
tapetserar	t a p ɛ t s 'eː r a r
tapetserare	²t a p ɛ t s 'eː r a r ɛ
tapp	t a p
tappa	²t 'a p a
tappar	²t 'a p a r
tapper	t 'a p ɛ r
tappning	²t 'a p n ɪ ŋ
tappt	t a p t
tariff	t a r 'ɪ f
tarm	t a r m
tarmvred	²t 'a r m v r eː d
tarva	²t 'a r v a
tarvar	²t 'a r v a r
tarvlig	²t 'a r v l ɪ ɡ
tarzan	t t a ɕ a n
task	t a s k
taskig	²t 'a s k ɪ ɡ
tass	t a s
tassa	²t 'a s a
tassar	²t 'a s a r
tasse	²s t a s ɛ
tassemark	²t 'a s ɛ m a r k
tasslar	²t 'a s l a r
tatarfalk	t a t 'ɑː r f a l k
tatta	²s t a t a
tattare	²t 'a t a r ɛ
tatuera	t a t ɵ 'eː r a
tatuerar	t a t ɵ 'eː r a r
tavla	²t 'ɑː v l a
tax	t a k s
taxa	²t 'a k s a
taxera	t a k s 'eː r a
taxerar	t a k s 'eː r a r
taxeringsvärde	²t a k s 'eː r ɪ ŋ s v ɛː d ɛ
taxi	t 'a k s ɪ
tbc	t eː b eː s 'eː
tbv	t eː b eː v 'eː
tco	²t 'eː s eː uː
te	t eː
teak	t iː k
team	t iː m
teater	t ɛ 'ɑː t ɛ r
teatern	t ɛ 'ɑː t ɛ r n
teaterns	t ɛ 'ɑː t ɛ r n s
teaterpjäs	t ɛ 'ɑː t ɛ r p j ɛː s
teaters	t ɛ 'ɑː t ɛ r s
teatralisk	t ɛ a t r 'ɑː l ɪ s k
teatrar	t ɛ 'ɑː t r a r
teatrarna	t ɛ 'ɑː t r a r n a
teatrarnas	t ɛ 'ɑː t r a r n a s
teatrars	t ɛ 'ɑː t r a r s
tecken	t 'ɛ k ɛ n
teckna	²t 'ɛ k n a
tecknar	²t 'ɛ k n a r
teckning	²t 'ɛ k n ɪ ŋ
teddybjörn	²t 'ɛ d ʏ b j øː n
tefat	²t 'eː f ɑː t
teflon	t ɛ f l 'oː n
teg	t eː ɡ
tegel	t 'eː ɡ ɛ l
tegelpanna	²t 'eː ɡ ɛ l p a n a
tejp	t ɛ j p
tejpa	²t 'ɛ j p a
tejpar	²t 'ɛ j p a r
teknik	t ɛ k n 'iː k
tekniker	t 'ɛ k n ɪ k ɛ r
teknisk	t 'ɛ k n ɪ s k
teknokrat	t ɛ k n ʊ k r 'ɑː t
teknologi	t ɛ k n ʊ l ʊ ɡ 'iː
tekoindustri	²t 'eː k ʊ ɪ n d ɵ s t r iː
tel	t ɛ l ɛ f 'oː n
tele-	²t 'eː l ɛ
telefon	t ɛ l ɛ f 'oː n
telefonautomat	²t ɛ l ɛ f 'oː n a ʊ t ʊ m ɑː t
telefonera	t ɛ l ɛ f ɔ n 'eː r a
telefonerar	t ɛ l ɛ f ɔ n 'eː r a r
telefonist	t ɛ l ɛ f ɔ n 'ɪ s t
telefonkatalog	²t ɛ l ɛ f 'oː n k a t a l oː ɡ
telefonkiosk	²t ɛ l ɛ f 'oː n ɕ ɔ s k
telefonkö	²t ɛ l ɛ f 'oː n k øː
telefonlur	²t ɛ l ɛ f 'oː n l ʉː r
telefonnummer	²t ɛ l ɛ f 'oː n ɵ m ɛ r
telefonsvarare	²t ɛ l ɛ f 'oː n s v ɑː r a r ɛ
telefontid	²t ɛ l ɛ f 'oː n t iː d
telefonväckning	²t ɛ l ɛ f 'oː n v ɛ k n ɪ ŋ
telefonväktare	²t ɛ l ɛ f 'oː n v ɛ k t a r ɛ
telefonväxel	²t ɛ l ɛ f 'oː n v ɛ k s ɛ l
telegraf	t ɛ l ɛ ɡ r 'ɑː f
telegrafera	t ɛ l ɛ ɡ r a f 'eː r a
telegraferar	t ɛ l ɛ ɡ r a f 'eː r a r
telegram	t ɛ l ɛ ɡ r 'a m
teleobjektiv	²t 'eː l ɛ ɔ b j ɛ k t iː v
teleprinter	t ɛ l ɛ p r 'ɪ n t ɛ r
teleskop	t ɛ l ɛ s k 'oː p
television	t ɛ l ɛ v ɪ ɧ 'uː n
telex	t 'eː l ɛ k s
telning	²t 'eː l n ɪ ŋ
tema	²t 'eː m a
temp	t ɛ m p
tempel	t 'ɛ m p ɛ l
temperament	t ɛ m p ɛ r a m 'ɛ n t
temperatur	t ɛ m p ɛ r a t 'ʉː r
tempererad	t ɛ m p ɛ r 'eː r a d
tempo	t 'ɛ m p ʊ
tempoarbete	²t 'ɛ m p ʊ a r b eː t ɛ
temporär	t ɛ m p ʊ r 'ɛː r
tempus	t 'ɛ m p ɵ s
tendens	t ɛ n d 'ɛ n s
tendentiös	t ɛ n d ɛ n s ɪ 'øː s
tendera	t ɛ n d 'eː r a
tenderar	t ɛ n d 'eː r a r
tenn	t ɛ n
tennis	t 'ɛ n ɪ s
tenor	t ɛ n 'oː r
tenta	²t 'ɛ n t a
tentamen	t ɛ n t 'ɑː m ɛ n
tentar	²t 'ɛ n t a r
tentativ	t 'ɛ n t a t iː v
tentera	t ɛ n t 'eː r a
tenterar	t ɛ n t 'eː r a r
teolog	t ɛ ʊ l 'oː ɡ
teologi	t ɛ ʊ l ʊ ɡ 'iː
teoretiker	t ɛ ʊ r 'eː t ɪ k ɛ r
teoretisk	t ɛ ʊ r 'eː t ɪ s k
teori	t ɛ ʊ r 'iː
tepartyrörelse	t 'eː p a r t 'yː r r r ɛ l s ɛ
tepumla	²s t 'eː p ɵ m l a
tepåse	²t 'eː p oː s ɛ
tequila	t ɛ k 'iː l a
terapeut	t ɛ r a p 'ɛ v t
terapeutisk	t ɛ r a p 'ɛ v t ɪ s k
terapi	t ɛ r a p 'iː
terbium	t ɛ r b ɪ ɵ m
tereksnäppa	t ɛ r ɛ k s n ɛ p a
term	t a r m
termin	t a r m 'iː n
terminal	t a r m ɪ n 'ɑː l
terminologi	t a r m ɪ n ʊ l ɔ ɡ 'iː
termit	t ɛ r m 'iː t
termometer	t a r m ʊ m 'eː t ɛ r
termos	t 'ɛ r m ɔ s
termostat	t a r m ʊ s t 'ɑː t
terpentin	t a r p ɛ n t 'iː n
terrakotta	²t a r a k 'ɔ t a
terrass	t a r 'a s
terrier	t 'ɛ r ɪ ɛ r
territoriell	t a r ɪ t ʊ r ɪ 'ɛ l
territorium	²t a r ɪ t 'uː r ɪ ɵ m
terror	t 'ɛ r ʊ r
terrorism	t a r ʊ r 'ɪ s m
terrorist	t a r ʊ r 'ɪ s t
terräng	t a r 'ɛ ŋ
tertial	t a t ɕ ɪ 'ɑː l
tes	t eː s
tesaurus	t ɛ s 'a ɵ r ɵ s
tesked	²t 'eː ɧ eː d
test	t ɛ s t
testa	²t 'ɛ s t a
testamente	t ɛ s t a m 'ɛ n t ɛ
testar	²t 'ɛ s t a r
testikel	t ɛ s t 'ɪ k ɛ l
testimonium	t ɛ s t ɪ m 'uː n ɪ ʊ m
teve	²t 'eː v eː
text	t ɛ k s t
text-tv	²t 'ɛ k s t eː v ɛ
texta	²t 'ɛ k s t a
textar	²t 'ɛ k s t a r
textil	t ɛ k s t 'iː l
textilier	t ɛ k s t 'iː l ɪ ɛ r
tf	²t 'ɪ l f œ r oː d n a d
tfa	²t r 'ʏ ɡ h eː t s f œ ɕ ɛː k r ɪ ŋ v iː d ²'a r b eː t s k ɑː d a
thailändsk	²t 'a j l ɛ n d s k
therese	t ɛ r 'eː s
thinner	t 'ɪ n ɛ r
thorax	t 'uː r a k s
thriller	t r 'ɪ l ɛ r
thunberg	t ɵ n b r r j
tia	²t 'iː a
tiara	²t ɪ 'ɑː r a
tic	t ɪ k
ticka	²t 'ɪ k a
tickar	²t 'ɪ k a r
ticktack	²t 'ɪ k t a k
tid	t iː d
tiden	t 'iː d ɛ n
tidevarv	²t 'iː d ɛ v a r v
tidig	²t 'iː d ɪ ɡ
tidlön	²t 'iː d l øː n
tidlös	²t 'iː d l øː s
tidning	²t iː d n ɪ ŋ
tidningsanka	²t 'iː d n ɪ ŋ s s a ŋ k a
tidpunkt	²t 'iː d p ɵ ŋ k t
tidrymd	²t 'iː d r ʏ m d
tidsanda	²t 'iː d s ɑː n d a
tidsenlig	²t 'iː d s eː n l ɪ ɡ
tidsfråga	²t 'iː d s f r oː ɡ a
tidsfördriv	²t 'iː d s f œ d r iː v
tidskrift	²t 'iː d s k r ɪ f t
tidsmässig	²t 'iː d s m ɛ s ɪ ɡ
tidsnöd	²t 'iː d s n øː d
tidssignal	²t 'iː d s ɪ ŋ n ɑː l
tidsstudie	²t 'iː d s t ʉː d ɪ ɛ
tidsålder	²t 'iː d s ɔ l d ɛ r
tidsödande	²t 'iː d s øː d a n d ɛ
tidtabell	²t 'iː d t a b ɛ l
tidtagare	²t 'iː d t ɑː ɡ a r ɛ
tidvatten	²t 'iː d v a t ɛ n
tidvis	²t 'iː d v iː s
tiga	t 'iː ɡ ɛ r
tiger	t 'iː ɡ ɛ r
tigga	t 'ɪ ɡ ɛ r
tik	t iː k
tikar	t 'iː k a r
tiken	t 'iː k ɛ n
til	t 'iː l
tilde	²t 'ɪ l d ɛ
tilja	²t 'ɪ l j a
till	t ɪ l
tillade	²t 'ɪ l ɑː d ɛ
tillagt	²t 'ɪ l a k t
tillbaka	t ɪ l b 'ɑː k a
tillbakadragen	²t ɪ l b 'ɑː k a d r ɑː ɡ ɛ n
tillbakagång	²t ɪ l b 'ɑː k a ɡ ɔ ŋ
tillbakavisa	²t ɪ l b 'ɑː k a v iː s a
tillbakavisar	²t ɪ l b 'ɑː k a v iː s a r
tillbaks	t ɪ l b 'ɑː k s
tillbe	²t 'ɪ l b eː r
tillbehör	²t 'ɪ l b ɛ h øː r
tillblivelse	²t 'ɪ l b l iː v ɛ l s ɛ
tillbringa	²t 'ɪ l b r ɪ ŋ a
tillbringar	²t 'ɪ l b r ɪ ŋ a r
tillbringare	²t 'ɪ l b r ɪ ŋ a r ɛ
tillbud	²t 'ɪ l b ʉː d
tillbörlig	²t 'ɪ l b øː l ɪ ɡ
tilldela	²t 'ɪ l d eː l a
tilldelar	²t 'ɪ l d eː l a r
tilldelning	²t 'ɪ l d eː l n ɪ ŋ
tilldragande	²t 'ɪ l d r ɑː ɡ a n d ɛ
tilldragelse	²t 'ɪ l d r ɑː ɡ ɛ l s ɛ
tilldöma	²t 'ɪ l d œ m ɛ r
tillerkänna	²t 'ɪ l ɛ r ɕ ɛ n ɛ r
tillfalla	²t 'ɪ l f a l ɛ r
tillfart	²t 'ɪ l f ɑː t
tillflykt	²t 'ɪ l f l ʏ k t
tillflyktsort	²t 'ɪ l f l ʏ k t s uː t
tillflöde	²t 'ɪ l f l øː d ɛ
tillfoga	²t 'ɪ l f uː ɡ a
tillfogar	²t 'ɪ l f uː ɡ a r
tillfreds	t ɪ l f r 'eː d s
tillfredsställa	²t 'ɪ l f r eː d s t ɛ l ɛ r
tillfredsställande	²t 'ɪ l f r eː d s t ɛ l a n d ɛ
tillfredsställelse	²t 'ɪ l f r eː d s t ɛ l ɛ l s ɛ
tillfriskna	²t 'ɪ l f r ɪ s k n a
tillfrisknar	²t 'ɪ l f r ɪ s k n a r
tillfrågad	²t 'ɪ l f r oː ɡ a d
tillfälle	²t 'ɪ l f ɛ l ɛ
tillfällig	²t 'ɪ l f ɛ l ɪ ɡ
tillfällighet	²t 'ɪ l f ɛ l ɪ ɡ h eː t
tillfångata	²t ɪ l f 'ɔ ŋ a t ɑː r
tillföra	²t 'ɪ l f øː r
tillförlitlig	²t 'ɪ l f œ l iː t l ɪ ɡ
tillförordnad	²t 'ɪ l f œ r oː d n a d
tillförsel	²t 'ɪ l f œ ɕ ɛ l
tillförsikt	²t 'ɪ l f œ ɕ ɪ k t
tillförsäkra	²t 'ɪ l f œ ɕ ɛː k r a
tillförsäkrar	²t 'ɪ l f œ ɕ ɛː k r a r
tillgiven	²t 'ɪ l j iː v ɛ n
tillgjord	²t 'ɪ l j uː d
tillgodo	²t ɪ l ɡ 'uː d ʊ
tillgodose	²t ɪ l ɡ 'uː d ʊ s eː r
tillgrepp	²t 'ɪ l ɡ r ɛ p
tillgripa	²t 'ɪ l ɡ r iː p ɛ r
tillgänglig	²t 'ɪ l j ɛ ŋ l ɪ ɡ
tillgång	²t 'ɪ l ɡ ɔ ŋ
tillhandahålla	²t ɪ l h 'a n d a h ɔ l ɛ r
tillhygge	²t 'ɪ l h ʏ ɡ ɛ
tillhåll	²t 'ɪ l h ɔ l
tillhöra	²t 'ɪ l h øː r
tillhörighet	²t 'ɪ l h øː r ɪ ɡ h eː t
tillika	²t ɪ l 'iː k a
tillintetgöra	²t ɪ l 'ɪ n t ɛ t j øː r
tillit	²t 'ɪ l iː t
tillkalla	²t 'ɪ l k a l a
tillkallar	²t 'ɪ l k a l a r
tillknäppt	²t 'ɪ l k n ɛ p t
tillkomma	²t 'ɪ l k ɔ m ɛ r
tillkommande	²t 'ɪ l k ɔ m a n d ɛ
tillkännage	²t ɪ l ɕ 'ɛ n a j eː r
tillmäle	²t 'ɪ l m ɛː l ɛ
tillmäta	²t 'ɪ l m ɛː t ɛ r
tillmötesgående	²t ɪ l m 'øː t ɛ s ɡ oː ɛ n d ɛ
tillnamn	²t 'ɪ l n a m n
tillnärmelsevis	t ɪ l n 'ɛ r m ɛ l s ɛ v iː s
tillreda	²t 'ɪ l r eː d ɛ r
tillryggalägga	²t ɪ l r 'ʏ ɡ a l ɛ ɡ ɛ r
tillräcklig	²t 'ɪ l r ɛ k l ɪ ɡ
tillräknelig	²t 'ɪ l r ɛː k n ɛ l ɪ ɡ
tillrättalägga	²t ɪ l r 'ɛ t a l ɛ ɡ ɛ r
tillrättavisa	²t ɪ l r 'ɛ t a v iː s a
tillrättavisar	²t ɪ l r 'ɛ t a v iː s a r
tillrådlig	²t 'ɪ l r oː d l ɪ ɡ
tills	t ɪ l s
tillsammans	t ɪ l s 'a m a n s
tillsats	²t 'ɪ l s a t s
tillskott	²t 'ɪ l s k ɔ t
tillskriva	²t 'ɪ l s k r iː v ɛ r
tillskyndare	²t 'ɪ l ɧ ʏ n d a r ɛ
tillskärare	²t 'ɪ l ɧ ɛː r a r ɛ
tillsluta	²t 'ɪ l s l ʉː t ɛ r
tillspetsad	²t 'ɪ l s p ɛ t s a d
tillströmning	²t 'ɪ l s t r œ m n ɪ ŋ
tillstymmelse	²t 'ɪ l s t ʏ m ɛ l s ɛ
tillstyrka	²t 'ɪ l s t ʏ r k ɛ r
tillställning	²t 'ɪ l s t ɛ l n ɪ ŋ
tillstå	²t 'ɪ l s t oː r
tillstånd	²t 'ɪ l s t ɔ n d
tillstöta	²t 'ɪ l s t øː t ɛ r
tillsvidareanställning	²t ɪ l s v 'iː d a r ɛ a n s t ɛ l n ɪ ŋ
tillsyn	²t 'ɪ l s yː n
tillsynslärare	²t 'ɪ l s yː n s l ɛː r a r ɛ
tillsägelse	²t 'ɪ l s ɛː ɡ ɛ l s ɛ
tillsätta	²t 'ɪ l s ɛ t ɛ r
tillta	²t 'ɪ l t ɑː ɡ ɛ r
tilltag	²t 'ɪ l t ɑː ɡ
tilltal	²t 'ɪ l t ɑː l
tilltala	²t 'ɪ l t ɑː l a
tilltalad	²t 'ɪ l t ɑː l a d
tilltalar	²t 'ɪ l t ɑː l a r
tilltalsnamn	²t 'ɪ l t ɑː l s n a m n
tilltrasslad	²t 'ɪ l t r a s l a d
tilltro	²t 'ɪ l t r uː
tillträda	²t 'ɪ l t r ɛː d ɛ r
tillträde	²t 'ɪ l t r ɛː d ɛ
tilltugg	²t 'ɪ l t ɵ ɡ
tilltygad	²t 'ɪ l t yː ɡ a d
tilltänkt	²t 'ɪ l t ɛ ŋ k t
tillval	²t 'ɪ l v ɑː l
tillvand	²t 'ɪ l v ɑː n d
tillvarata	²t ɪ l v 'ɑː r a t ɑː r
tillvaratog	²t ɪ l v 'ɑː r a t uː ɡ
tillvaro	²t 'ɪ l v ɑː r ʊ
tillverka	²t 'ɪ l v a r k a
tillverkar	²t 'ɪ l v a r k a r
tillverkare	²s t ɪ l v ɛ r k a r ɛ
tillverkning	²t 'ɪ l v a r k n ɪ ŋ
tillvägagångssätt	²t ɪ l v 'ɛː ɡ a ɡ ɔ ŋ s ɛ t
tillvänjning	²t 'ɪ l v a n j n ɪ ŋ
tillväxt	²t 'ɪ l v ɛ k s t
tillägg	²t 'ɪ l ɛ ɡ
tillägga	²t 'ɪ l ɛ ɡ ɛ r
tilläggspension	²t 'ɪ l ɛ ɡ s p a ŋ ɧ uː n
tillägna	²t 'ɪ l ɛ ŋ n a
tillägnan	²s t ɪ l ɛ ŋ n a n
tillägnar	²t 'ɪ l ɛ ŋ n a r
tillämpa	²t 'ɪ l ɛ m p a
tillämpar	²t 'ɪ l ɛ m p a r
tillämplig	²t 'ɪ l ɛ m p l ɪ ɡ
tillämpning	²t 'ɪ l ɛ m p n ɪ ŋ
tillät	²t 'ɪ l ɛː t
tillåta	²t 'ɪ l oː t ɛ r
tillåtelse	²t 'ɪ l oː t ɛ l s ɛ
tillåten	²t 'ɪ l oː t ɛ n
tillökning	²t 'ɪ l øː k n ɪ ŋ
tillönska	²t 'ɪ l œ n s k a
tillönskar	²t 'ɪ l œ n s k a r
timer	t 'a j m ɛ r
timjan	²t 'ɪ m j a n
timma	²t 'ɪ m a
timmar	t ɪ m a r
timme	²t 'ɪ m ɛ
timmer	t 'ɪ m ɛ r
timmerman	²t 'ɪ m ɛ r m a n
timpenning	²t 'ɪ m p ɛ n ɪ ŋ
tina	²t 'iː n a
tinar	²t 'iː n a r
tindra	²t 'ɪ n d r a
tindrar	²t 'ɪ n d r a r
ting	t ɪ ŋ
tingeltangel	²t 'ɪ ŋ ɛ l t a ŋ ɛ l
tingest	t 'ɪ ŋ ɛ s t
tingsrätt	²t 'ɪ ŋ s r ɛ t
tinne	²t 'ɪ n ɛ
tinner	t ɪ n ɛ r
tinning	²t 'ɪ n ɪ ŋ
tio	²t 'iː ʊ
tiokrona	²t 'iː ʊ k r uː n a
tionde	²t 'iː ɔ n d ɛ
tiondel	²t 'iː ɔ n d eː l
tipp	t ɪ p
tippa	²t 'ɪ p a
tippar	²t 'ɪ p a r
tips	t ɪ p s
tipsa	²t 'ɪ p s a
tipsar	²t 'ɪ p s a r
tisdag	t 'iː s d ɑː ɡ
tissel	t 'ɪ s ɛ l
tissla	²t 'ɪ s l a
tisslar	²t 'ɪ s l a r
tistel	²t 'ɪ s t ɛ l
titan	t ɪ t 'ɑː n
titel	²t 'ɪ t ɛ l
titelroll	²t 'ɪ l t ɛ l r ɔ l
titt	t ɪ t
titta	²t 'ɪ t a
tittar	²t 'ɪ t a r
tittare	²t 'ɪ t a r ɛ
tivoli	t iː v ʊ l ɪ
tja	ɕ ɑː
tjabba	ɕ a b a
tjabo	t ɕ 'ɑː b ʊ
tjack	ɕ a k
tjafs	ɕ a f s
tjafsa	²ɕ 'a f s a
tjafsar	²ɕ 'a f s a r
tjalla	²ɕ 'a l a
tjallar	²ɕ 'a l a r
tjat	ɕ ɑː t
tjata	²ɕ 'ɑː t a
tjatar	²ɕ 'ɑː t a r
tjatig	²ɕ 'ɑː t ɪ ɡ
tjatter	²ɕ 'a t ɛ r
tjattra	²ɕ 'a t r a
tjattrar	²ɕ 'a t r a r
tjeck	ɕ ɛ k
tjeckien	ɕ ɛ k ɪ ɛ n
tjeckisk	ɕ 'ɛ k ɪ s k
tjej	ɕ ɛ j
tjena	ɕ 'eː n a
tjenare	ɕ 'eː n a r ɛ
tjenixen	ɕ ɛ n ɪ k s ɛ n
tji	ɕ 'iː
tjock	ɕ ɔ k
tjocka	²ɕ 'ɔ k a
tjockfot	ɧ ɔ k f 'uː t
tjockis	²ɕ 'ɔ k ɪ s
tjocklek	²ɕ 'ɔ k l eː k
tjog	ɕ oː ɡ
tjoller	t ɕ ɔ l e̞ r
tjomme	²s ɕ ʊ m ɛ
tjorre	²s ɕ ɔ r ɛ
tjuder	ɕ 'ʉː d ɛ r
tjuga	ɕ ʉː ɡ a
tjugo	²ɕ 'ʉː ɡ ʊ
tjugonde	²ɕ 'ʉː ɡ ɔ n d ɛ
tjugotredje	ɕ ʉː ɡ ʊ t r 'eː d j ɛ
tjugoåttonde	ɕ ʉː ɡ ʊ ɔ t ɔ n d ɛ
tjur	ɕ ʉː r
tjura	²ɕ 'ʉː r a
tjurar	²ɕ 'ʉː r a r
tjurig	²ɕ 'ʉː r ɪ ɡ
tjuring	²s ɕ s r ɪ ŋ
tjusa	²ɕ 'ʉː s a
tjusar	²ɕ 'ʉː s a r
tjusig	²ɕ 'ʉː s ɪ ɡ
tjusning	²ɕ 'ʉː s n ɪ ŋ
tjut	ɕ ʉː t
tjuta	ɕ 'ʉː t ɛ r
tjuv	ɕ ʉː v
tjuvnyp	²ɕ 'ʉː v n yː p
tjuvsena	ɕ ɵ v s 'eː n a
tjuvstart	²ɕ 'ʉː v s t ɑː t
tjäder	ɕ 'ɛː d ɛ r
tjäle	²ɕ 'ɛː l ɛ
tjäna	²ɕ 'ɛː n a
tjänar	²ɕ 'ɛː n a r
tjänare	²ɕ 'ɛː n a r ɛ
tjänixen	ɕ ɛ n ɪ k s ɛ n
tjänst	ɕ ɛ n s t
tjänstebostad	²ɕ 'ɛ n s t ɛ b uː s t ɑː d
tjänstefel	²ɕ 'ɛ n s t ɛ f eː l
tjänstegrupplivförsäkring	²ɕ 'ɛ n s t ɛ ɡ r ɵ p l iː v f œ ɕ ɛː k r ɪ ŋ
tjänsteman	²ɕ 'ɛ n s t ɛ m a n
tjänstepension	²ɕ 'ɛ n s t ɛ p a n ɧ uː n
tjänsteplikt	²ɕ 'ɛ n s t ɛ p l ɪ k t
tjänstgjorde	²ɕ 'ɛ n s t j uː d ɛ
tjänstgjort	²ɕ 'ɛ n s t j uː t
tjänstgöra	²ɕ 'ɛ n s t j øː r
tjänstgöring	²ɕ 'ɛ n s t j øː r ɪ ŋ
tjänstledig	²ɕ 'ɛ n s t l eː d ɪ ɡ
tjänstvillig	²ɕ 'ɛ n s t v ɪ l ɪ ɡ
tjära	²ɕ 'ɛː r a
tjärn	ɕ ɛː n
tjôta	²s ɕ r t a
tjöt	ɕ øː t
tjöta	²s ɕ r t a
toa	²t 'uː a
toalett	t ʊ a l 'ɛ t
toalettartikel	²t ʊ a l 'ɛ t a t ɪ k ɛ l
toalettpapper	²t ʊ a l 'ɛ t p a p ɛ r
toalettväska	²t ʊ a l 'ɛ t v ɛ s k a
tobak	t 'uː b a k
tobisgrissla	t 'uː b ɪ s ɡ r ɪ s l a
toffel	t 'ɔ f ɛ l
toffelhjälte	²s t ɔ f ɛ l j ɛ l t ɛ
tofflor	t ɔ f l ʊ r
tofs	t ɔ f s
tofslunne	t ɔ f s l ɵ n ɛ
tofsvipa	t ɔ f s v 'iː p a
tog	t uː ɡ
tok	t uː k
tokig	²t 'uː k ɪ ɡ
tolerans	t ʊ l ɛ r 'a n s
tolerant	t ʊ l ɛ r 'a n t
tolerera	t ʊ l ɛ r 'eː r a
tolererar	t ʊ l ɛ r 'eː r a r
tolfte	²t 'ɔ l f t ɛ
tolk	t ɔ l k
tolka	²t 'ɔ l k a
tolkar	²t 'ɔ l k a r
tolkning	²t 'ɔ l k n ɪ ŋ
tolkservice	²t 'ɔ l k s œ r v ɪ s
tolv	t ɔ l v
tolva	²t 'ɔ l v a
tom	t ʊ m
tomat	t ʊ m 'ɑː t
tombola	t 'ɔ m b ʊ l a
tomglas	²t 'ʊ m ɡ l ɑː s
tomgång	²t 'ʊ m ɡ ɔ ŋ
tomhänt	²t 'ʊ m h ɛ n t
tomrum	²t 'ʊ m r ɵ m
tomt	t ɔ m t
tomte	²t 'ɔ m t ɛ
tomtebloss	²t 'ɔ m t ɛ b l ɔ s
tomten	t ɔ m t ɛ n
tomtkö	²t 'ɔ m t k øː
tomträtt	²t 'ɔ m t r ɛ t
tomträttsavgäld	²t 'ɔ m t r ɛ t s ɑː v j ɛ l d
ton	t ɔ n
tona	²t 'uː n a
tonar	²t 'uː n a r
tonart	²t 'uː n ɑː t
tonartshöjning	²s t 'uː n a r t s h œ j n ɪ ŋ
tonfall	²t 'uː n f a l
tonfisk	²t 'uː n f ɪ s k
tongivande	²t 'uː n j iː v a n d ɛ
tongång	²t 'uː n ɡ ɔ ŋ
tonnage	t ɔ n 'ɑː ɧ
tonsill	t ɔ n s 'ɪ l
tonsättare	²t 'uː n s ɛ t a r ɛ
tonvikt	²t 'uː n v ɪ k t
tonår	²t 'ɔ n oː r
tonåring	²t 'ɔ n oː r ɪ ŋ
topografi	t ʊ p ʊ ɡ r a f 'iː
topp	t ɔ p
topp-	²t 'ɔ p
toppa	²t 'ɔ p a
toppar	²t 'ɔ p a r
toppen	t 'ɔ p ɛ n
topplån	²t 'ɔ p l oː n
toppmatad	²t 'ɔ p m ɑː t a d
toppmöte	²t 'ɔ p m øː t ɛ
toppskarv	t ɔ p s k a r v
tor	t 'uː r
tordas	t œ ɕ
tordes	²t 'uː d ɛ s
torftig	²t 'ɔ r f t ɪ ɡ
torg	t ɔ r j
torgskräck	²t 'ɔ r j s k r ɛ k
torium	t 'uː r ɪ ɵ m
tork	t ɔ r k
torka	²t 'ɔ r k a
torkar	²t 'ɔ r k a r
torkhuv	²t 'ɔ r k h ʉː v
torkskåp	²t 'ɔ r k s k oː p
torktumlare	²t 'ɔ r k t ɵ m l a r ɛ
torn	t uː n
tornedalen	t oː r n ɛ d 'ɑː l ɛ n
tornedalsfinska	t oː r n ɛ d 'ɑː l s f ɪ n s k a
tornseglare	t 'uː ŋ s 'eː ɡ l a r ɛ
torp	t ɔ r p
torpare	²t 'ɔ r p a r ɛ
torped	t ɔ r p 'eː d
torr	t ɔ r
torrfälla	t ɔ r f ɛ l a
torrlägga	²t 'ɔ r l ɛ ɡ ɛ r
torrskodd	²t 'ɔ r s k ʊ d
torsdag	t 'uː ɕ d ɑː ɡ
torsk	t ɔ ɕ k
torso	t 'ɔ ɕ ʊ
tortera	t ʊ t 'eː r a
torterar	t ʊ t 'eː r a r
tortyr	t ʊ t 'yː r
torv	t ɔ r v
torva	²t 'ɔ r v a
toscakaka	t ɔ s k a k 'ɑː k a
tota	²t 'uː t a
total	t ʊ t 'ɑː l
totalisator	²t ʊ t a l ɪ s 'ɑː t ʊ r
totalitär	t ʊ t a l ɪ t 'ɛː r
totar	²t 'uː t a r
toto	²t 'ʊ t ʊ
tott	t ɔ t
toucha	²t 'ʊ ɧ a
touchar	²t 'ʊ ɧ a r
touche	t ʊ ɧ
tova	²t 'uː v a
tp	t 'eː p 'eː
tr	²t r 'a p a
tradig	²t r 'ɑː d ɪ ɡ
tradition	t r a d ɪ ɧ 'uː n
traditionell	t r a d ɪ ɧ ʊ n 'ɛ l
trafik	t r a f 'iː k
trafikant	t r a f ɪ k 'a n t
trafikera	t r a f ɪ k 'eː r a
trafikerar	t r a f ɪ k 'eː r a r
trafikförsäkring	²t r a f 'iː k f œ ɕ ɛː k r ɪ ŋ
trafikkort	²t r a f 'iː k ʊ t
trafikledare	²t r a f 'iː k l eː d a r ɛ
trafikljus	²t r a f 'iː k j ʉː s
trafikmärke	²t r a f 'iː k m a r k ɛ
trafikskola	²t r a f 'iː k s k uː l a
trafikvakt	²t r a f 'iː k v a k t
trafikverk	t r a f 'iː k v ɛ r k
tragedi	t r a ɧ ɛ d 'iː
traggla	²t r 'a ɡ l a
tragglar	²t r 'a ɡ l a r
tragik	t r a ɡ 'iː k
tragisk	t r 'ɑː ɡ ɪ s k
trailer	t r 'ɛ j l ɛ r
trakassera	t r a k a s 'eː r a
trakasserar	t r a k a s 'eː r a r
trakt	t r a k t
trakta	²t r a k t a
traktamente	²t r a k t a m 'ɛ n t ɛ
traktar	²t r a k t a r
traktat	t r a k t 'ɑː t
traktera	t r a k t 'ɛ r a
trakterar	t r a k t 'ɛ r a r
traktor	²t r 'a k t ʊ r
trall	t r a l
tralla	²t r 'a l a
trallar	²t r 'a l a r
tramp	t r a m p
trampa	²t r 'a m p a
trampar	²t r 'a m p a r
trampolin	t r a m p ʊ l 'iː n
trams	t r a m s
tramsa	²s t r a m s a
trana	²t r 'ɑː n a
trans	t r a n s
transaktion	t r a n s a k ɧ 'uː n
transfer	t r 'a n s f ɛ r
transferera	t r a n s f ɛ r 'eː r a
transfererar	t r a n s f ɛ r 'eː r a r
transformator	²t r a n s f ɔ r m 'ɑː t ʊ r
transfusion	t r a n s f ɵ ɧ 'uː n
transistor	²t r a n s 'ɪ s t ʊ r
transit	²t r 'a n s ɪ t
transkription	t r a n s k r ɪ p ɧ 'uː n
translator	²t r a n s l 'ɑː t ʊ r
transparent	t r a n s p a r 'ɛ n t
transpiration	t r a n s p ɪ r a ɧ 'uː n
transplantation	t r a n s p l a n t a ɧ 'uː n
transplantera	t r a n s p l a n t 'eː r a
transplanterar	t r a n s p l a n t 'eː r a r
transport	t r a n s p 'ɔ t
transportera	t r a n s p ɔ t 'eː r a
transporterar	t r a n s p ɔ t 'eː r a r
transvestit	t r a n s v ɛ s t 'iː t
trapets	t r a p 'ɛ t s
trapp	t r a p
trappa	²t r 'a p a
trasa	²t r 'ɑː s a
trashank	²t r 'ɑː s h a ŋ k
trasig	²t r 'ɑː s ɪ ɡ
traska	²t r 'a s k a
traskar	²t r 'a s k a r
trasmatta	²t r 'ɑː s m a t a
trassel	t r 'a s ɛ l
trassla	²t r 'a s l a
trasslar	²t r 'a s l a r
trasslig	²t r 'a s l ɪ ɡ
trast	t r a s t
trastsångare	t r a s t s ɔ ŋ a r ɛ
tratt	t r a t
trauma	t r 'a ʊ m a
traumatisk	t r a ʊ m 'ɑː t ɪ s k
trav	t r ɑː v
trava	²t r 'ɑː v a
travar	²t r 'ɑː v a r
travare	²t r 'ɑː v a r ɛ
trave	²t r 'ɑː v ɛ
travers	t r a v 'ɛ ɕ
travesti	t r a v ɛ s t 'iː
travsport	²t r 'ɑː v s p ɔ t
tre	t r eː
trea	²t r 'eː a
tredeciljon	t r ɛ d ɛ s ɪ l j 'uː n
tredje	²t r 'eː d j ɛ
tredjedel	²t r 'eː d j ɛ d eː l
tredska	²t r 'ɛ d s k a
tredskas	²t r 'ɛ d s k a s
trehjuling	²t r 'eː j ʉː l ɪ ŋ
trekant	²t r 'eː k a n t
trekvart	t r eː k v 'a t
tremänning	²s t r 'eː m r n ɪ ŋ
trench	t r ɛ n t ɧ
trenchcoat	t r 'ɛ n t ɧ k ɔ ʊ t
trend	t r ɛ n d
trendig	²t r ɛ n d ɪ ɡ
trerummare	²t r 'eː r ɵ m a r ɛ
treskift	²t r 'eː ɧ ɪ f t
tretal	t r 'eː t 'ɑː l
trettio	²t r 'ɛ t ɪ ʊ
trettionde	²t r 'ɛ t ɪ ɔ n d ɛ
tretton	²t r 'ɛ t ɔ n
trettondagen	²t r 'ɛ t ɔ n d ɑː n
trettonde	²t r 'ɛ t ɔ n d ɛ
treudd	²t r 'eː ɵ d
treva	²t r 'eː v a
trevar	²t r 'eː v a r
trevare	²t r 'eː v a r ɛ
trevlig	²t r 'eː v l ɪ ɡ
trevnad	²t r 'eː v n a d
triangel	t r ɪ 'a ŋ ɛ l
triathlon	t r 'iː a t l ɔ n
tribun	t r ɪ b 'ʉː n
tribut	t r ɪ b 'ʉː t
trick	t r ɪ k
tricksa	²t r 'ɪ k s a
tricksar	²t r 'ɪ k s a r
trikå	t r ɪ k 'oː
triljard	t r ɪ l j 'ɑː r d
triljon	t r ɪ l j 'uː n
trilla	²t r 'ɪ l a
trillar	²t r 'ɪ l a r
trilogi	t r ɪ l ʊ ɡ 'iː
trilsk	t r ɪ l s k
trilskas	²t r 'ɪ l s k a s
trim	t r ɪ m
trimma	²t r 'ɪ m a
trimmar	²t r 'ɪ m a r
trind	t r ɪ n d
trio	t r 'iː ʊ
tripp	t r ɪ p
trippa	²t r 'ɪ p a
trippar	²t r 'ɪ p a r
trissa	²t r 'ɪ s a
trist	t r ɪ s t
tristess	t r ɪ s t 'ɛ s
triumf	t r ɪ 'ɵ m f
triumfera	t r ɪ ɵ m f 'eː r a
triumferar	t r ɪ ɵ m f 'eː r a r
trivas	t r iː v s
trivial	t r ɪ v ɪ 'ɑː l
trivsam	²t r 'iː v s a m
trivsel	t r 'iː v s ɛ l
tro	t r uː
tro't	t r 'uː t
troca	²s t r ɔ k a
troende	²t r 'uː ɛ n d ɛ
trofast	²t r 'uː f a s t
trogen	²t r 'uː ɡ ɛ n
trohet	²t r 'uː h eː t
trojka	²t r 'ɔ j k a
troké	t r ʊ k 'eː
trolig	²t r 'uː l ɪ ɡ
troligen	²t r 'uː l ɪ ɡ ɛ n
troligtvis	²t r 'uː l ɪ k t v iː s
troll	t r ɔ l
trolla	²t r 'ɔ l a
trollar	²t r 'ɔ l a r
trollbinda	²t r 'ɔ l b ɪ n d ɛ r
trolleri	t r ɔ l ɛ r 'iː
trollkarl	²t r 'ɔ l k ɑː r
trolovning	²t r 'uː l oː v n ɪ ŋ
trolsk	t r 'ɔ l s k
trolös	²t r 'uː l øː s
tromb	t r ɔ m b
trombon	t r ɔ m b 'oː n
tromsø	t r ʊ m s œ
tron	t r uː n
trona	²t r 'uː n a
tronar	²t r 'uː n a r
tronföljd	²t r 'uː n f œ l j d
tropikerna	t r ʊ p 'iː k ɛ n a
tropisk	t r 'oː p ɪ s k
tror	t r uː r
trosa	²t r 'uː s a
trosbekännelse	²t r 'uː s b ɛ ɕ ɛ n ɛ l s ɛ
troskyldig	²t r 'uː ɧ ʏ l d ɪ ɡ
tross	t r ɔ s
trossamfund	²t r 'uː s a m f ɵ n d
trosviss	²t r 'uː s v ɪ s
trots	t r ɔ t s
trotsa	²t r 'ɔ t s a
trotsar	²t r 'ɔ t s a r
trotsig	²t r 'ɔ t s ɪ ɡ
trottoar	t r ʊ t ʊ 'ɑː r
trovärdig	²t r 'uː v ɛː d ɪ ɡ
trubadur	t r ɵ b a d 'ʉː r
trubbel	²t r 'ɵ b ɛ l
trubbig	²t r 'ɵ b ɪ ɡ
truck	t r ɵ k
trudelutt	t r ɵ d ɛ l 'ɵ t
truga	²t r 'ʉː ɡ a
trugar	²t r 'ʉː ɡ a r
truism	t r ɵ 'ɪ s m
trumf	t r ɵ m f
trumhinna	²t r 'ɵ m h ɪ n a
trumma	²t r 'ɵ m a
trummar	²t r 'ɵ m a r
trumpen	²t r 'ɵ m p ɛ n
trumpet	t r ɵ m p 'eː t
trumslagare	²t r 'ɵ m s l ɑː ɡ a r ɛ
trupp	t r ɵ p
trut	t r ʉː t
truta	²t r 'ʉː t a
trutar	²t r 'ʉː t a r
tryck	t r ʏ k
trycka	t r 'ʏ k ɛ r
tryckande	²t r 'ʏ k a n d ɛ
tryckeri	t r ʏ k ɛ r 'iː
tryckfrihet	²t r 'ʏ k f r iː h eː t
tryckluft	²t r 'ʏ k l ɵ f t
trycksak	²t r 'ʏ k s ɑː k
tryffel	²t r 'ʏ f ɛ l
trygg	t r ʏ ɡ
trygga	²t r 'ʏ ɡ a
tryggar	²t r 'ʏ ɡ a r
trygghet	²t r 'ʏ ɡ h eː t
tryne	²t r 'yː n ɛ
tryta	t r 'yː t ɛ r
trä	t r ɛː
träd	t r ɛː d
träda	²t r 'ɛː d a
träder	t r 'ɛː d ɛ r
trädgård	t r 'ɛ ɡ oː d
trädgårdsmästare	²t r 'ɛ ɡ oː d ɕ m ɛ s t a r ɛ
trädmås	t r ɛ d m oː s
trädpiplärka	t r ɛ d p 'iː p l ɛ r k a
träff	t r ɛ f
träffa	²t r 'ɛ f a
träffande	²t r 'ɛ f a n d ɛ
träffar	²t r 'ɛ f a r
träffas	²t r 'ɛ f a s
trägen	²t r 'ɛː ɡ ɛ n
träl	t r ɛː l
träldom	t r ɛː l d ʊ m
träna	²t r 'ɛː n a
tränar	²t r 'ɛː n a r
tränare	²t r 'ɛː n a r ɛ
tränga	t r 'ɛ ŋ ɛ r
trängande	²t r 'ɛ ŋ a n d ɛ
trängas	t r ɛ ŋ s
trängre	t r 'ɛ ŋ r ɛ
trängsel	t r 'ɛ ŋ s ɛ l
trängst	t r ɛ ŋ s t
trängta	²t r 'ɛ ŋ t a
trängtar	²t r 'ɛ ŋ t a r
träning	²t r 'ɛː n ɪ ŋ
träsk	t r ɛ s k
träsko	²t r 'ɛː s k uː
träsmak	²t r 'ɛː s m ɑː k
träta	²t r 'ɛː t a
träter	t r 'ɛː t ɛ r
trätt	t r ɛ t
tråd	t r oː d
trådig	²t r 'oː d ɪ ɡ
trådrulle	²t r 'oː d r ɵ l ɛ
tråg	t r oː ɡ
tråka	²t r 'oː k a
tråkar	²t r 'oː k a r
tråkig	²t r 'oː k ɪ ɡ
tråkmåns	²t r 'oː k m ɔ n s
trål	t r oː l
trålare	²t r 'oː l a r ɛ
trång	t r ɔ ŋ
trångbodd	²t r 'ɔ ŋ b ʊ d
trångmål	²t r 'ɔ ŋ m oː l
trångsynt	²t r 'ɔ ŋ s yː n t
trög	t r øː ɡ
tröghet	²t r 'øː ɡ h eː t
tröja	²t r 'œ j a
tröska	²t r 'œ s k a
tröskar	²t r 'œ s k a r
tröskel	²t r 'œ s k ɛ l
tröst	t r œ s t
trösta	²t r 'œ s t a
tröstar	²t r 'œ s t a r
tröstlös	²t r 'œ s t l øː s
tröstäta	²t r 'œ s t ɛː t ɛ r
tröt	t r øː t
trött	t r œ t
trötta	²t r 'œ t a
tröttar	²t r 'œ t a r
trötthet	²t r 'œ t h eː t
tröttna	²t r 'œ t n a
tröttnar	²t r 'œ t n a r
tröttsam	²t r 'œ t s a m
tsar	t s ɑː r
tsk	²t 'eː ɧ eː d
tsunami	s ɵ n 'ɑː m ɪ
tt	²t 'eː t eː
tu	t ʉː
tub	t ʉː b
tuba	²t 'ʉː b a
tuberkulos	t ɵ b a r k ɵ l 'oː s
tuff	t ɵ f
tuffa	²t 'ɵ f a
tuffar	²t 'ɵ f a r
tuffing	²t 'ɵ f ɪ ŋ
tugga	²t 'ɵ ɡ a
tuggar	²t 'ɵ ɡ a r
tuggummi	²t 'ɵ ɡ ɵ m ɪ
tukan	t ɵ k 'ɑː n
tukt	t ɵ k t
tull	t ɵ l
tulla	²t 'ɵ l a
tullar	²t 'ɵ l a r
tullare	²t 'ɵ l a r ɛ
tulpan	t ɵ l p 'ɑː n
tum	t ɵ m
tumla	²t 'ɵ m l a
tumlar	²t 'ɵ m l a r
tumma	²t 'ɵ m a
tummar	²t 'ɵ m a r
tumme	²t 'ɵ m ɛ
tummelplats	²t 'ɵ m ɛ l p l a t s
tumregel	²t 'ɵ m r eː ɡ ɛ l
tumskruv	²t 'ɵ m s k r ʉː v
tumstock	²t 'ɵ m s t ɔ k
tumult	t ɵ m 'ɵ l t
tumör	t ɵ m 'øː r
tun	t ʉː n
tundrasnäppa	t ɵ n d r a s n ɛ p a
tundravarg	²s t ɵ n d r a v a r j
tung	t ɵ ŋ
tunga	²t 'ɵ ŋ a
tungel	t ɵ ŋ ɛ l
tunghäfta	²t 'ɵ ŋ h ɛ f t a
tungomål	²t 'ɵ ŋ ʊ m oː l
tungrodd	²t 'ɵ ŋ r ʊ d
tungsinne	²t 'ɵ ŋ s ɪ n ɛ
tunisisk	t ɵ n 'iː s ɪ s k
tunn	t ɵ n
tunna	²t 'ɵ n a
tunnbröd	²t 'ɵ n b r øː d
tunnbrödsrulle	²s t ɵ n b r r d s r ɵ l ɛ
tunnel	²t 'ɵ n ɛ l
tunnelbana	²t 'ɵ n ɛ l b ɑː n a
tunnland	²t 'ɵ n l a n d
tunnsådd	²t 'ɵ n s ɔ d
tupp	t ɵ p
tupplur	²t 'ɵ p l ʉː r
tupé	t ɵ p 'eː
tur	t ʉː r
tura	²s t ʉː r a
turban	t ɵ r b 'ɑː n
turbin	t ɵ r b 'iː n
turism	t ɵ r 'ɪ s m
turist	t ɵ r 'ɪ s t
turistbyrå	²t ɵ r 'ɪ s t b yː r ɔ
turk	t ɵ r k
turkestantörnskata	t ɵ r k ɛ s t 'ɑː n t øː r n s k 'ɑː t a
turkiet	t ɵ r k 'iː ɛ t
turkisk	t 'ɵ r k ɪ s k
turkmenistan	t ɵ r k m ɛ n ɪ s t 'ɑː n
turkos	t ɵ r k 'oː s
turlista	²t 'ʉː l ɪ s t a
turnera	t ɵ n 'eː r a
turnerar	t ɵ n 'eː r a r
turnering	t ɵ n 'eː r ɪ ŋ
turné	t ɵ n 'eː
tusan	²t 'ʉː s a n
tusch	t ɵ ɧ
tusen	t 'ʉː s ɛ n
tusendel	²t 'ʉː s ɛ n d eː l
tusenkonstnär	²t 'ʉː s ɛ n k ɔ n s t n ɛː r
tusenlapp	²t 'ʉː s ɛ n l a p
tuss	t ɵ s
tussilago	t ɵ s ɪ l 'ɑː ɡ ʊ
tut	t ʉː t
tuta	²t 'ʉː t a
tutar	²t 'ʉː t a r
tutaryd	t ʉː t a r 'yː d
tuva	²t 'ʉː v a
tuvsnäppa	t ʉː v s n ɛ p a
tv	²t 'eː v eː
tv-avgift	²t 'eː v eː ɑː v j ɪ f t
tv-licens	²t 'eː v eː l ɪ s ɛ n s
tvagning	²t v 'ɑː ɡ n ɪ ŋ
tvang	t v a ŋ
tve-	²t v 'eː
tvedräkt	²s t v 'eː d r ɛ k t
tveeggad	²t v 'eː ɛ ɡ a d
tvegifte	²s t v 'eː j ɪ f t ɛ
tvehågsen	²t v 'eː h oː ɡ s ɛ n
tvehövdad	²s t v 'eː h œ v d a d
tveka	²t v 'eː k a
tvekamp	²t v 'eː k a m p
tvekan	²t v 'eː k a n
tvekar	²t v 'eː k a r
tveksam	²t v 'eː k s a m
tvenne	²t v 'ɛ n ɛ
tvesovla	²s t v 'eː s oː v l a
tvestjärt	²s t v 'eː ɧ ɛ r t
tvetydig	²t v 'eː t yː d ɪ ɡ
tvilling	²t v 'ɪ l ɪ ŋ
tvillingarna	²s t v ɪ l ɪ ŋ a r n a
tvina	²t v 'iː n a
tvinar	²t v 'iː n a r
tving	t v ɪ ŋ
tvinga	²t v 'ɪ ŋ a
tvingar	²t v 'ɪ ŋ a r
tvinna	²t v 'ɪ n a
tvinnar	²t v 'ɪ n a r
tvist	t v ɪ s t
tvista	²t v 'ɪ s t a
tvistar	²t v 'ɪ s t a r
tvistemål	²t v 'ɪ s t ɛ m oː l
tvivel	t v 'iː v ɛ l
tvivelaktig	²t v 'iː v ɛ l a k t ɪ ɡ
tvivelsmål	²t v 'iː v ɛ l s m oː l
tvivla	²t v 'iː v l a
tvivlar	²t v 'iː v l a r
tvungen	²t v 'ɵ ŋ ɛ n
tvungit	²t v 'ɵ ŋ ɪ t
tvär	t v ɛː r
tvärgata	²t v 'ɛː r ɡ ɑː t a
tvärs	t v a ɕ
tvärsnitt	²t v 'ɛː ɕ n ɪ t
tvärstanna	²t v 'ɛː ɕ t a n a
tvärstannar	²t v 'ɛː ɕ t a n a r
tvärsäker	²t v 'ɛː ɕ ɛː k ɛ r
tvärt	t v a t
tvärtemot	t v a t ɛ m 'uː t
tvärtom	t v a t 'ɔ m
tvärvetenskaplig	²t v 'ɛː r v eː t ɛ n s k ɑː p l ɪ ɡ
tvätt	t v ɛ t
tvätta	²t v 'ɛ t a
tvättar	²t v 'ɛ t a r
tvättbjörn	t v ɛ t b j øː n
tvätteri	t v ɛ t ɛ r 'iː
tvätterska	t v ɛ t ɛ ɕ k a
tvättmaskin	²t v 'ɛ t m a ɧ iː n
tvättmedel	²t v 'ɛ t m eː d ɛ l
tvättrum	²t v 'ɛ t r ɵ m
tvättstuga	²t v 'ɛ t s t ʉː ɡ a
tvättställ	²t v 'ɛ t s t ɛ l
två	t v oː
tvåa	²t v 'oː a
tvåhjuling	²t v 'oː j ʉː l ɪ ŋ
tvåhundra	²s t v oː h ɵ n d r a
tvål	t v oː l
tvålfager	²t v 'oː l f ɑː ɡ ɛ r
tvång	t v ɔ ŋ
tvångsintagning	²t v 'ɔ ŋ s ɪ n t ɑː ɡ n ɪ ŋ
tvångsomhändertagande	²t v 'ɔ ŋ s ɔ m h ɛ n d ɛ t ɑː ɡ a n d ɛ
tvångssvenska	t v ʊ ŋ s s v ɛ n s k a
tvångstanke	²t v 'ɔ ŋ s t a ŋ k ɛ
tvångströja	²t v 'ɔ ŋ s t r œ j a
tvår	t v oː r
tvårummare	²t v 'oː r ɵ m a r ɛ
tvåskift	²t v 'oː ɧ ɪ f t
tvåspråkig	²t v 'oː s p r oː k ɪ ɡ
ty	t yː
tycka	t 'ʏ k ɛ r
tyckas	t ʏ k s
tycke	²t 'ʏ k ɛ
tycker	t ʏ k ɛ r
tyda	t 'yː d ɛ r
tydlig	²t 'yː d l ɪ ɡ
tydligen	²t 'yː d l ɪ ɡ ɛ n
tyfus	t 'yː f ɵ s
tyg	t yː ɡ
tygel	²t 'yː ɡ ɛ l
tygelmes	t 'yː ɡ ɛ l m 'eː s
tygeltärna	t 'yː ɡ ɛ l t ɜ r n a
tygla	²t 'yː ɡ l a
tyglar	²t 'yː ɡ l a r
tyken	²t 'yː k ɛ n
tykobrahedag	t ʏ k ʊ b r 'ɑː ɛ d 'ɑː ɡ
tyna	²t 'yː n a
tynar	²t 'yː n a r
tynga	t 'ʏ ŋ ɛ r
tyngd	t ʏ ŋ d
tyngdkraft	²t 'ʏ ŋ d k r a f t
tyngdlös	²t 'ʏ ŋ d l øː s
tyngdpunkt	²t 'ʏ ŋ d p ɵ ŋ k t
tyngre	t 'ʏ ŋ r ɛ
tyngst	t ʏ ŋ s t
typ	t yː p
typisk	t 'yː p ɪ s k
typograf	t ʏ p ʊ ɡ r 'ɑː f
typsnitt	²t 'yː p s n ɪ t
tyr	t 'yː r
tyrann	t ʏ r 'a n
tyresö	t 'yː r ɛ s øː
tyresös	t 'yː r ɛ s øː s
tysk	t ʏ s k
tyska	²t 'ʏ s k a
tyskland	t ʏ s k l a n d
tyst	t ʏ s t
tysta	²t 'ʏ s t a
tystar	²t 'ʏ s t a r
tystlåten	²t 'ʏ s t l oː t ɛ n
tystna	²t 'ʏ s t n a
tystnad	²t 'ʏ s t n a d
tystnadsplikt	²t 'ʏ s t n a d s p l ɪ k t
tystnar	²t 'ʏ s t n a r
tyvärr	t ʏ v 'ɛ r
tzatziki	t s a t s 'iː k ɪ
täby	²s t ɛ̌ː b ʏ
täcka	t 'ɛ k ɛ r
täcke	²t 'ɛ k ɛ
täckjacka	²t 'ɛ k j a k a
täckmantel	²t 'ɛ k m a n t ɛ l
täcknamn	²t 'ɛ k n a m n
täckning	²t 'ɛ k n ɪ ŋ
täckt	t ɛ k t
täkt	t ɛ k t
tälja	t 'ɛ l j ɛ r
täljare	²t 'ɛ l j a r ɛ
täljkniv	²t 'ɛ l j k n iː v
tält	t ɛ l t
tälta	²t 'ɛ l t a
tältar	²t 'ɛ l t a r
tämja	t 'ɛ m j ɛ r
tämligen	²t 'ɛ m l ɪ ɡ ɛ n
tända	t 'ɛ n d ɛ r
tändare	²t 'ɛ n d a r ɛ
tänder	t 'ɛ n d ɛ r
tändlåga	t ɛ n l oː ɡ a
tändning	²t 'ɛ n d n ɪ ŋ
tändsticka	²t 'ɛ n d s t ɪ k a
tändstift	²t 'ɛ n d s t ɪ f t
tänger	t 'ɛ ŋ ɛ r
tänja	t 'ɛ n j ɛ r
tänjbar	²t 'ɛ n j b ɑː r
tänka	t 'ɛ ŋ k ɛ r
tänkare	²t 'ɛ ŋ k a r ɛ
tänkbar	²t 'ɛ ŋ k b ɑː r
tänkespråk	²t 'ɛ ŋ k ɛ s p r oː k
tänkt	t ɛ ŋ k t
tänkte	t ɛ ŋ k t ɛ
tänkvärd	²t 'ɛ ŋ k v ɛː d
täppa	²t 'ɛ p a
täpper	t 'ɛ p ɛ r
täppt	t ɛ p t
tära	t ɛː r
tärd	t ɛː d
tärna	²t 'ɛː n a
tärnar	²t 'ɛː n a r
tärning	²t 'ɛː n ɪ ŋ
tärnmås	t ɛː r n m oː s
tät	t ɛː t
täta	²t 'ɛː t a
tätar	²t 'ɛː t a r
tätort	²t 'ɛː t ʊ t
tättbebyggd	²t 'ɛ t b ɛ b ʏ ɡ d
tätting	²t 'ɛ t ɪ ŋ
tävla	²t 'ɛː v l a
tävlan	²t 'ɛː v l a n
tävlar	²t 'ɛː v l a r
tävling	²t 'ɛː v l ɪ ŋ
tå	t oː
tåg	t oː ɡ
tåga	²t 'oː ɡ a
tågar	²t 'oː ɡ a r
tågskryt	t oː ɡ s k r 'yː t
tågvärd	t oː ɡ v 'ɛː d
tåla	t oː l
tålamod	²t 'oː l a m uː d
tålig	²t 'oː l ɪ ɡ
tålmodig	²t 'oː l m uː d ɪ ɡ
tång	t ɔ ŋ
tår	t oː r
tårar	t oː r a r
tåras	²t 'oː r a s
tårdrypande	²t 'oː d r yː p a n d ɛ
tårgas	²t 'oː r ɡ ɑː s
tårta	²t 'oː t a
tö	t øː
töa	²t 'øː a
töar	²t 'øː a r
töcken	t 'œ k ɛ n
töja	t 'œ j ɛ r
töjbar	²t 'œ j b ɑː r
tölp	t œ l p
töm	t œ m
tömma	t 'œ m ɛ r
tönt	t œ n t
töntig	²t 'œ n t ɪ ɡ
töras	²s t øː r a s
törn	t øː n
törne	²t 'øː n ɛ
törnekrona	²s t øː r n ɛ k r 'uː n a
törnskata	t øː r n s k 'ɑː t a
törst	t œ ɕ t
törsta	²t 'œ ɕ t a
törstar	²t 'œ ɕ t a r
törstig	²t 'œ ɕ t ɪ ɡ
tös	t øː s
töväder	²t 'øː v ɛː d ɛ r
u	ɵ
u-hjälp	²'ʉː j ɛ l p
u-land	²'ʉː l a n d
u-sväng	²'ʉː s v ɛ ŋ
ubåt	²'ʉː b oː t
ud	²'ʉː d eː
udd	ɵ d
udda	²'ɵ d a
udde	²'ɵ d ɛ
uefa	ɵ ²s 'eː f a
uer	ʉː ɛ r
ufo	ʉː f ʊ
uggla	²'ɵ ɡ l a
ugn	ɵ ŋ n
ukraina	ɵ k r a ²s 'iː n a
ukulele	ɵ k ɵ l 'eː l ɛ
uleåborg	ʉː l ɛ ɔ b ɔ r j
ull	ɵ l
ulla	²s ɵ l a
ullstrumpa	²'ɵ l s t r ɵ m p a
ulrika	ɵ l ²s r 'iː k a
ultimatum	²ɵ l t ɪ m 'ɑː t ɵ m
ultra-	²'ɵ l t r a
ulv	ɵ l v
umbärande	²'ɵ m b ɛː r a n d ɛ
umeå	ʉː m ɛ
umgicks	²'ɵ m j ɪ k s
umgänge	²'ɵ m j ɛ ŋ ɛ
umgängesrätt	²'ɵ m j ɛ ŋ ɛ s r ɛ t
umgås	²'ɵ m ɡ oː s
undan	²'ɵ n d a n
undanflykt	²'ɵ n d a n f l ʏ k t
undanhålla	²'ɵ n d a n h ɔ l ɛ r
undanröja	²'ɵ n d a n r œ j ɛ r
undanta	²'ɵ n d a n t ɑː r
undantag	²'ɵ n d a n t ɑː ɡ
undantagstillstånd	²'ɵ n d a n t ɑː ɡ s t ɪ l s t ɔ n d
undeciljon	ɵ n d ɛ s ɪ l j 'uː n
under	'ɵ n d ɛ r
underbar	²'ɵ n d ɛ r b ɑː r
underbarn	²'ɵ n d ɛ r b ɑː n
underbemannad	²'ɵ n d ɛ r b ɛ m a n a d
underblåsa	²'ɵ n d ɛ r b l oː s ɛ r
underbygga	²'ɵ n d ɛ r b ʏ ɡ ɛ r
underbyxor	²'ɵ n d ɛ r b ʏ k s ʊ r
underdånig	²'ɵ n d ɛ d oː n ɪ ɡ
underfundig	²'ɵ n d ɛ r f ɵ n d ɪ ɡ
underförstå	²'ɵ n d ɛ r f œ ɕ t oː r
undergiven	²'ɵ n d ɛ r j iː v ɛ n
underground-	²'a n d ɛ r ɡ r a ʊ n d
undergräva	²'ɵ n d ɛ r ɡ r ɛː v ɛ r
undergå	²'ɵ n d ɛ r ɡ oː r
undergång	²'ɵ n d ɛ r ɡ ɔ ŋ
undergörande	²'ɵ n d ɛ r j øː r a n d ɛ
underhandla	²'ɵ n d ɛ r h a n d l a
underhandlar	²'ɵ n d ɛ r h a n d l a r
underhåll	²'ɵ n d ɛ r h ɔ l
underhålla	²'ɵ n d ɛ r h ɔ l ɛ r
underhållande	²'ɵ n d ɛ r h ɔ l a n d ɛ
underhållning	²'ɵ n d ɛ r h ɔ l n ɪ ŋ
underhållsbidrag	²'ɵ n d ɛ r h ɔ l s b iː d r ɑː ɡ
underhållsskyldighet	²'ɵ n d ɛ r h ɔ l s ɧ ʏ l d ɪ ɡ h eː t
underhöll	²'ɵ n d ɛ r h œ l
underifrån	²'ɵ n d ɛ r ɪ f r oː n
underjordisk	²'ɵ n d ɛ r j uː d ɪ s k
underkastelse	²'ɵ n d ɛ r k a s t ɛ l s ɛ
underkjol	²'ɵ n d ɛ r ɕ uː l
underkläder	²'ɵ n d ɛ r k l ɛː d ɛ r
underkuva	²'ɵ n d ɛ r k ʉː v a
underkuvar	²'ɵ n d ɛ r k ʉː v a r
underkänna	²'ɵ n d ɛ r ɕ ɛ n ɛ r
underlag	²'ɵ n d ɛ l ɑː ɡ
underlig	²'ɵ n d ɛ l ɪ ɡ
underliggande	²'ɵ n d ɛ l ɪ ɡ a n d ɛ
underliv	²'ɵ n d ɛ l iː v
underläge	²'ɵ n d ɛ l ɛː ɡ ɛ
underlägg	²'ɵ n d ɛ l ɛ ɡ
underlägsen	²'ɵ n d ɛ l ɛː ɡ s ɛ n
underlätta	²'ɵ n d ɛ l ɛ t a
underlättar	²'ɵ n d ɛ l ɛ t a r
underlåta	²'ɵ n d ɛ l oː t ɛ r
undermedveten	²'ɵ n d ɛ r m eː d v eː t ɛ n
underminera	²'ɵ n d ɛ r m ɪ n eː r a
underminerar	²'ɵ n d ɛ r m ɪ n eː r a r
undermålig	²'ɵ n d ɛ r m oː l ɪ ɡ
undernärd	²'ɵ n d ɛ n ɛː d
undernäring	²'ɵ n d ɛ n ɛː r ɪ ŋ
underordna	²'ɵ n d ɛ r ɔ r d n a
underordnad	²'ɵ n d ɛ r oː d n a d
underordnar	²'ɵ n d ɛ r ɔ r d n a r
underrede	²'ɵ n d ɛ r eː d ɛ
underrätt	²'ɵ n d ɛ r ɛ t
underrätta	²'ɵ n d ɛ r ɛ t a
underrättar	²'ɵ n d ɛ r ɛ t a r
underrättelse	²'ɵ n d ɛ r ɛ t ɛ l s ɛ
underrättelsetjänst	²'ɵ n d ɛ r ɛ t ɛ l s ɛ ɕ ɛ n s t
underskatta	²'ɵ n d ɛ ɕ k a t a
underskattar	²'ɵ n d ɛ ɕ k a t a r
underskott	²'ɵ n d ɛ ɕ k ɔ t
underskrida	²'ɵ n d ɛ ɕ k r iː d ɛ r
underskrift	²'ɵ n d ɛ ɕ k r ɪ f t
underskön	²'ɵ n d ɛ r ɧ øː n
underst	'ɵ n d ɛ ɕ t
understa	'ɵ n d ɛ ɕ t a
understatement	a n d ɛ ɕ t 'ɛ j t m ɛ n t
understiga	²'ɵ n d ɛ ɕ t iː ɡ ɛ r
understreck	²'ɵ n d ɛ ɕ t r ɛ k
understreckare	²'ɵ n d ɛ ɕ t r ɛ k a r ɛ
understryka	²'ɵ n d ɛ ɕ t r yː k ɛ r
understrykning	²'ɵ n d ɛ ɕ t r yː k n ɪ ŋ
understundom	²ɵ n d ɛ ɕ t 'ɵ n d ɔ m
understöd	²'ɵ n d ɛ ɕ t øː d
understöder	²'ɵ n d ɛ ɕ t øː d ɛ r
understödja	²'ɵ n d ɛ ɕ t øː d j a
understödjer	²'ɵ n d ɛ ɕ t øː d j ɛ r
undersåte	²'ɵ n d ɛ ɕ oː t ɛ
undersöka	²'ɵ n d ɛ ɕ øː k ɛ r
undersökning	²'ɵ n d ɛ ɕ øː k n ɪ ŋ
underteckna	²'ɵ n d ɛ t ɛ k n a
undertecknar	²'ɵ n d ɛ t ɛ k n a r
undertrycka	²'ɵ n d ɛ t r ʏ k ɛ r
undertröja	²'ɵ n d ɛ t r œ j a
underutvecklad	²'ɵ n d ɛ r ʉː t v ɛ k l a d
underverk	²'ɵ n d ɛ r v a r k
undervisa	²'ɵ n d ɛ r v iː s a
undervisar	²'ɵ n d ɛ r v iː s a r
undervisning	²'ɵ n d ɛ r v iː s n ɪ ŋ
undervärdera	ɵ n d ɛ r v ɛː r d 'eː r a
undfallande	²ɵ n d f a l a n d ɛ
undgick	²'ɵ n d j ɪ k
undgå	²'ɵ n d ɡ oː r
undkomma	²'ɵ n d k ɔ m ɛ r
undra	²'ɵ n d r a
undran	²'ɵ n d r a n
undrar	²'ɵ n d r a r
undre	'ɵ n d r ɛ
undsätta	²'ɵ n d s ɛ t ɛ r
undsättning	²'ɵ n d s ɛ t n ɪ ŋ
undulat	ɵ n d ɵ l 'ɑː t
undvara	²'ɵ n d v ɑː r a
undvika	²'ɵ n d v iː k ɛ r
unesco	ɵ n 'ɛ s k ʊ
ung	ɵ ŋ
ungdom	²'ɵ ŋ d ʊ m
ungdomlig	²'ɵ ŋ d ʊ m l ɪ ɡ
ungdomsgård	²'ɵ ŋ d ʊ m s ɡ oː d
ungdomsvård	²'ɵ ŋ d ʊ m s v oː d
ungdomsvårdsskola	²'ɵ ŋ d ʊ m s v oː d ɕ k uː l a
unge	²'ɵ ŋ ɛ
ungefär	ɵ n j ɛ f 'ɛː r
ungefärlig	ɵ n j ɛ f 'ɛː l ɪ ɡ
ungern	ɵ ŋ ɛ r n
ungersk	'ɵ ŋ ɛ ɕ k
ungkarl	²'ɵ ŋ k ɑː r
ungkarlshotell	²'ɵ ŋ k ɑː ɕ h ʊ t ɛ l
ungrare	²'ɵ ŋ r a r ɛ
uniform	ɵ n ɪ f 'ɔ r m
uniformerad	ɵ n ɪ f ɔ r m 'eː r a d
unik	ɵ n 'iː k
union	ɵ n ɪ 'uː n
unison	ɵ n ɪ s 'uː n
universal-	²ɵ n ɪ v a ɕ 'ɑː l
universalarvinge	²ɵ n ɪ v a ɕ 'ɑː l a r v ɪ ŋ ɛ
universalmedel	²ɵ n ɪ v a ɕ 'ɑː l m eː d ɛ l
universell	ɵ n ɪ v a ɕ 'ɛ l
universitet	ɵ n ɪ v a ɕ ɪ t 'eː t
universum	²ɵ n ɪ v 'ɛ ɕ ɵ m
unken	²'ɵ ŋ k ɛ n
unna	²'ɵ n a
unnar	²'ɵ n a r
uns	ɵ n s
upp	ɵ p
upparbetning	²'ɵ p a r b eː t n ɪ ŋ
uppassare	²'ɵ p a s a r ɛ
uppassning	²'ɵ p a s n ɪ ŋ
uppbackning	²'ɵ p b a k n ɪ ŋ
uppbjuda	²'ɵ p b j ʉː d ɛ r
uppblåsbar	²'ɵ p b l oː s b ɑː r
uppblåst	²'ɵ p b l oː s t
uppbragt	²'ɵ p b r a k t
uppbringa	²'ɵ p b r ɪ ŋ a
uppbringar	²'ɵ p b r ɪ ŋ a r
uppbrott	²'ɵ p b r ɔ t
uppburen	²'ɵ p b ʉː r ɛ n
uppbygga	²'ɵ p b ʏ ɡ ɛ r
uppbygglig	²'ɵ p b ʏ ɡ l ɪ ɡ
uppbyggnad	²'ɵ p b ʏ ɡ n a d
uppbära	²'ɵ p b ɛː r
uppbåd	²'ɵ p b oː d
uppbåda	²'ɵ p b oː d a
uppbådar	²'ɵ p b oː d a r
uppbörd	²'ɵ p b øː d
uppdaga	²'ɵ p d ɑː ɡ a
uppdagar	²'ɵ p d ɑː ɡ a r
uppdatera	²'ɵ p d a t eː r a
uppdaterar	²'ɵ p d a t eː r a r
uppdelning	²'ɵ p d eː l n ɪ ŋ
uppdiktad	²'ɵ p d ɪ k t a d
uppdrag	²'ɵ p d r ɑː ɡ
uppdriven	²'ɵ p d r iː v ɛ n
uppe	²'ɵ p ɛ
uppehälle	²'ɵ p ɛ h ɛ l ɛ
uppehåll	²'ɵ p ɛ h ɔ l
uppehålla	²'ɵ p ɛ h ɔ l ɛ r
uppehållstillstånd	²'ɵ p ɛ h ɔ l s t ɪ l s t ɔ n d
uppemot	'ɵ p ɛ m uː t
uppenbar	²'ɵ p ɛ n b ɑː r
uppenbara	²'ɵ p ɛ n b ɑː r a
uppenbarar	²'ɵ p ɛ n b ɑː r a r
uppenbarelse	²'ɵ p ɛ n b ɑː r ɛ l s ɛ
uppenbarligen	²'ɵ p ɛ n b ɑː l ɪ ɡ ɛ n
uppfann	²'ɵ p f a n
uppfart	²'ɵ p f ɑː t
uppfatta	²'ɵ p f a t a
uppfattar	²'ɵ p f a t a r
uppfattning	²'ɵ p f a t n ɪ ŋ
uppfinna	²'ɵ p f ɪ n ɛ r
uppfinning	²'ɵ p f ɪ n ɪ ŋ
uppfostra	²'ɵ p f ʊ s t r a
uppfostran	²'ɵ p f ʊ s t r a n
uppfostrar	²'ɵ p f ʊ s t r a r
uppfostringsmetod	²'ɵ p f ʊ s t r ɪ ŋ s m ɛ t uː d
uppfriskande	²'ɵ p f r ɪ s k a n d ɛ
uppfunnit	²'ɵ p f ɵ n ɪ t
uppfylla	²'ɵ p f ʏ l ɛ r
uppfyllelse	²'ɵ p f ʏ l ɛ l s ɛ
uppfödare	²'ɵ p f øː d a r ɛ
uppföljare	²'ɵ p f œ l j a r ɛ
uppföljning	²'ɵ p f œ l j n ɪ ŋ
uppför	'ɵ p f øː r
uppföra	²'ɵ p f øː r
uppförande	²'ɵ p f øː r a n d ɛ
uppförsbacke	²'ɵ p f øː ɕ b a k ɛ
uppge	²'ɵ p j eː r
uppgift	²'ɵ p j ɪ f t
uppgiven	²'ɵ p j iː v ɛ n
uppgjord	²'ɵ p j uː d
uppgå	²'ɵ p ɡ oː r
uppgång	²'ɵ p ɡ ɔ ŋ
uppgörelse	²'ɵ p j øː r ɛ l s ɛ
upphetsar	²'ɵ p h ɛ t s a r
upphittad	²'ɵ p h ɪ t a d
upphittare	²'ɵ p h ɪ t a r ɛ
upphov	²'ɵ p h uː v
upphovsrätt	²'ɵ p h uː v s r ɛ t
upphäva	²'ɵ p h ɛː v ɛ r
upphöja	²'ɵ p h œ j ɛ r
upphöjd	²'ɵ p h œ j d
upphöra	²'ɵ p h øː r
uppifrån	²'ɵ p ɪ f r oː n
uppiggande	²'ɵ p ɪ ɡ a n d ɛ
uppjagad	²'ɵ p j ɑː ɡ a d
uppkalla	²'ɵ p k a l a
uppkallar	²'ɵ p k a l a r
uppkomling	²'ɵ p k ɔ m l ɪ ŋ
uppkomma	²'ɵ p k ɔ m ɛ r
uppkomst	²'ɵ p k ɔ m s t
uppkäftig	²'ɵ p ɕ ɛ f t ɪ ɡ
uppkörning	²'ɵ p ɕ øː n ɪ ŋ
uppladdning	²'ɵ p l a d n ɪ ŋ
upplag	²'ɵ p l ɑː ɡ
upplaga	²'ɵ p l ɑː ɡ a
upplagd	²'ɵ p l a ɡ d
uppland	'ɵ p l a n d
uppleva	²'ɵ p l eː v ɛ r
upplevelse	²'ɵ p l eː v ɛ l s ɛ
uppliva	²'ɵ p l iː v a
upplivar	²'ɵ p l iː v a r
upplopp	²'ɵ p l ɔ p
uppluckrad	²'ɵ p l ɵ k r a d
upplupen	²'ɵ p l ʉː p ɛ n
upplyftande	²'ɵ p l ʏ f t a n d ɛ
upplysa	²'ɵ p l yː s ɛ r
upplysning	²'ɵ p l yː s n ɪ ŋ
upplysningsvis	²'ɵ p l yː s n ɪ ŋ s v iː s
upplyst	²'ɵ p l ʏ s t
uppläggning	²'ɵ p l ɛ ɡ n ɪ ŋ
uppläsare	²'ɵ p l ɛː s a r ɛ
upplåta	²'ɵ p l oː t ɛ r
upplösa	²'ɵ p l øː s ɛ r
upplöser	²'ɵ p l øː s ɛ r
upplösning	²'ɵ p l øː s n ɪ ŋ
upplösningstillstånd	²'ɵ p l øː s n ɪ ŋ s t ɪ l s t ɔ n d
uppmana	²'ɵ p m ɑː n a
uppmanar	²'ɵ p m ɑː n a r
uppmaning	²'ɵ p m ɑː n ɪ ŋ
uppmjukning	²'ɵ p m j ʉː k n ɪ ŋ
uppmuntra	²'ɵ p m ɵ n t r a
uppmuntrar	²'ɵ p m ɵ n t r a r
uppmärksam	²'ɵ p m a r k s a m
uppmärksamhet	²'ɵ p m a r k s a m h eː t
uppmärksamma	²'ɵ p m a r k s a m a
uppmärksammad	²'ɵ p m a r k s a m a d
uppmärksammar	²'ɵ p m a r k s a m a r
uppnosig	²'ɵ p n uː s ɪ ɡ
uppnå	²'ɵ p n oː r
uppochnervänd	²ɵ p ɔ k n 'eː r v ɛ n d
uppoffring	²'ɵ p ɔ f r ɪ ŋ
upprensning	²'ɵ p r ɛ n s n ɪ ŋ
upprepa	²'ɵ p r eː p a
upprepar	²'ɵ p r eː p a r
upprepning	²'ɵ p r eː p n ɪ ŋ
uppriktig	²'ɵ p r ɪ k t ɪ ɡ
upprinnelse	²'ɵ p r ɪ n ɛ l s ɛ
uppriven	²'ɵ p r iː v ɛ n
upprop	²'ɵ p r uː p
uppror	²'ɵ p r uː r
upprustning	²'ɵ p r ɵ s t n ɪ ŋ
uppryckning	²'ɵ p r ʏ k n ɪ ŋ
upprymd	²'ɵ p r ʏ m d
uppräkning	²'ɵ p r ɛː k n ɪ ŋ
upprätt	²'ɵ p r ɛ t
upprätta	²'ɵ p r ɛ t a
upprättar	²'ɵ p r ɛ t a r
upprättelse	²'ɵ p r ɛ t ɛ l s ɛ
upprätthålla	²'ɵ p r ɛ t h ɔ l ɛ r
uppröra	²'ɵ p r øː r
upprörande	²'ɵ p r øː r a n d ɛ
upprörd	²'ɵ p r øː d
uppsagd	²'ɵ p s a ɡ d
uppsala	ɵ p s 'ɑː l a
uppsaliensisk	ɵ p s a l ɪ ɛ n s ɪ s k
uppsats	²'ɵ p s a t s
uppsatt	²'ɵ p s a t
uppseende	²'ɵ p s eː ɛ n d ɛ
uppseendeväckande	²'ɵ p s eː ɛ n d ɛ v ɛ k a n d ɛ
uppsikt	²'ɵ p s ɪ k t
uppsjö	²'ɵ p ɧ øː
uppskakad	²'ɵ p s k ɑː k a d
uppskakande	²'ɵ p s k ɑː k a n d ɛ
uppskatta	²'ɵ p s k a t a
uppskattar	²'ɵ p s k a t a r
uppskattning	²'ɵ p s k a t n ɪ ŋ
uppskattningsvis	²'ɵ p s k a t n ɪ ŋ s v iː s
uppskjuta	²'ɵ p ɧ ʉː t ɛ r
uppskov	²'ɵ p s k uː v
uppskruvad	²'ɵ p s k r ʉː v a d
uppskärrad	²'ɵ p ɧ a r a d
uppslag	²'ɵ p s l ɑː ɡ
uppslagsbok	²'ɵ p s l ɑː ɡ s b uː k
uppslagsord	²'ɵ p s l ɑː ɡ s uː d
uppslagsverk	²'ɵ p s l ɑː ɡ s v a r k
uppslitande	²'ɵ p s l iː t a n d ɛ
uppslukad	²'ɵ p s l ʉː k a d
uppsluppen	²'ɵ p s l ɵ p ɛ n
uppslutning	²'ɵ p s l ʉː t n ɪ ŋ
uppspelt	²'ɵ p s p eː l t
uppstod	²'ɵ p s t uː d
uppstudsig	²'ɵ p s t ɵ t s ɪ ɡ
uppstyrdhet	²s ɵ p s t 'yː r d h 'eː t
uppställning	²'ɵ p s t ɛ l n ɪ ŋ
uppstå	²'ɵ p s t oː r
uppståndelse	²'ɵ p s t ɔ n d ɛ l s ɛ
uppstötning	²'ɵ p s t øː t n ɪ ŋ
uppsving	²'ɵ p s v ɪ ŋ
uppsyn	²'ɵ p s yː n
uppsägning	²'ɵ p s ɛ j n ɪ ŋ
uppsägningstid	²'ɵ p s ɛ j n ɪ ŋ s t iː d
uppsättning	²'ɵ p s ɛ t n ɪ ŋ
uppsåt	²'ɵ p s oː t
uppsöka	²'ɵ p s øː k ɛ r
upptagen	²'ɵ p t ɑː ɡ ɛ n
upptagningsområde	²'ɵ p t ɑː ɡ n ɪ ŋ s ɔ m r oː d ɛ
upptakt	²'ɵ p t a k t
uppteckna	²'ɵ p t ɛ k n a
upptecknar	²'ɵ p t ɛ k n a r
upptill	²'ɵ p t ɪ l
upptrappning	²'ɵ p t r a p n ɪ ŋ
uppträda	²'ɵ p t r ɛː d ɛ r
uppträdande	²'ɵ p t r ɛː d a n d ɛ
uppträde	²'ɵ p t r ɛː d ɛ
upptäcka	²'ɵ p t ɛ k ɛ r
upptäckt	²'ɵ p t ɛ k t
upptänklig	²'ɵ p t ɛ ŋ k l ɪ ɡ
upptåg	²'ɵ p t oː ɡ
uppvaknande	²'ɵ p v ɑː k n a n d ɛ
uppvakta	²'ɵ p v a k t a
uppvaktar	²'ɵ p v a k t a r
uppvigla	²'ɵ p v iː ɡ l a
uppviglar	²'ɵ p v iː ɡ l a r
uppvisa	²'ɵ p v iː s a
uppvisar	²'ɵ p v iː s a r
uppvisning	²'ɵ p v iː s n ɪ ŋ
uppväga	²'ɵ p v ɛː ɡ ɛ r
uppvärmning	²'ɵ p v a r m n ɪ ŋ
uppväxt	²'ɵ p v ɛ k s t
uppå	²s ɵ p oː
uppåt	'ɵ p ɔ t
ur	ʉː r
ur-	²'ʉː r
uran	ɵ r 'ɑː n
uranus	ɵ r 'ɑː n ɵ s
urarta	²'ʉː r ɑː t a
urartar	²'ʉː r ɑː t a r
urbanisering	ɵ r b a n ɪ s 'eː r ɪ ŋ
urbefolkning	ʉː r b ɛ f ʊ l k n ɪ ŋ
urberg	²'ʉː r b a r j
urblekt	²'ʉː r b l eː k t
urblåst	²'ʉː r b l oː s t
urgammal	ɵ r ɡ a m a l
urholka	²'ʉː r h ɔ l k a
urholkar	²'ʉː r h ɔ l k a r
urin	ɵ r 'iː n
urinblåsa	²ɵ r 'iː n b l oː s a
urinera	ɵ r ɪ n 'eː r a
urinerar	ɵ r ɪ n 'eː r a r
urinprov	²ɵ r 'iː n p r uː v
urinvägsinfektion	²ɵ r 'iː n v ɛː ɡ s ɪ n f ɛ k ɧ uː n
urklipp	²'ʉː r k l ɪ p
urkund	²'ʉː r k ɵ n d
urladdning	²'ʉː l a d n ɪ ŋ
urlakad	²'ʉː l ɑː k a d
urmakare	²'ʉː r m ɑː k a r ɛ
urmakeri	ʉː r m ɑː k ɛ r 'iː
urminnes	²'ʉː r m ɪ n ɛ s
urmodig	²'ʉː r m uː d ɪ ɡ
urna	²'ʉː n a
urringa	²'ʉː r ɪ ŋ a
urringar	²'ʉː r ɪ ŋ a r
ursinne	²'ʉː ɕ ɪ n ɛ
ursinnig	²'ʉː ɕ ɪ n ɪ ɡ
urskilja	²'ʉː r ɧ ɪ l j ɛ r
urskillning	²'ʉː r ɧ ɪ l n ɪ ŋ
urskog	²'ʉː ɕ k uː ɡ
ursprung	²'ʉː ɕ p r ɵ ŋ
ursprunglig	²'ʉː ɕ p r ɵ ŋ l ɪ ɡ
ursprungligen	²'ʉː ɕ p r ɵ ŋ l ɪ ɡ ɛ n
urspåring	²'ʉː ɕ p oː r ɪ ŋ
urspårning	²'ʉː ɕ p oː n ɪ ŋ
ursäkt	²'ʉː ɕ ɛ k t
ursäkta	²'ʉː ɕ ɛ k t a
ursäktar	²'ʉː ɕ ɛ k t a r
urtid	²'ʉː t iː d
urusel	²'ʉː r ʉː s ɛ l
urval	²'ʉː r v ɑː l
urvattnad	²'ʉː r v a t n a d
usa	ʉː ɛ s 'ɑː
usch	ɵ ɧ
usel	'ʉː s ɛ l
ut	²'ʉː t 'eː
utagerad	²'ʉː t a ɡ eː r a d
utan	²'ʉː t a n
utanför	²'ʉː t a n f øː r
utanpå	²'ʉː t a n p oː
utantill	²'ʉː t a n t ɪ l
utanverk	²'ʉː t a n v a r k
utarbeta	²'ʉː t a r b eː t a
utarbetad	²'ʉː t a r b eː t a d
utarbetar	²'ʉː t a r b eː t a r
utarma	²'ʉː t a r m a
utarmar	²'ʉː t a r m a r
utbilda	²'ʉː t b ɪ l d a
utbildar	²'ʉː t b ɪ l d a r
utbildning	²'ʉː t b ɪ l d n ɪ ŋ
utbildningsbidrag	²'ʉː t b ɪ l d n ɪ ŋ s b iː d r ɑː ɡ
utblick	²'ʉː t b l ɪ k
utblottad	²'ʉː t b l ɔ t a d
utbredd	²'ʉː t b r ɛ d
utbringa	²'ʉː t b r ɪ ŋ a
utbringar	²'ʉː t b r ɪ ŋ a r
utbrista	²'ʉː t b r ɪ s t ɛ r
utbrott	²'ʉː t b r ɔ t
utbryta	²'ʉː t b r yː t ɛ r
utbränd	²'ʉː t b r ɛ n d
utbud	²'ʉː t b ʉː d
utbyggnad	²'ʉː t b ʏ ɡ n a d
utbyta	²'ʉː t b yː t ɛ r
utbyte	²'ʉː t b yː t ɛ
utdelning	²'ʉː t d eː l n ɪ ŋ
utdelningsandel	ʉː t d ɛ l n ɪ ŋ s a n d ɛ l
utdrag	²'ʉː t d r ɑː ɡ
utdöd	²'ʉː t d øː d
ute	²'ʉː t ɛ
utebli	²'ʉː t ɛ b l iː r
utefter	ʉː t 'ɛ f t ɛ r
utegångsförbud	²'ʉː t ɛ ɡ ɔ ŋ s f œ r b ʉː d
uteliv	²'ʉː t ɛ l iː v
utelämna	²'ʉː t ɛ l ɛ m n a
utelämnar	²'ʉː t ɛ l ɛ m n a r
utesluta	²'ʉː t ɛ s l ʉː t ɛ r
uteslutande	²'ʉː t ɛ s l ʉː t a n d ɛ
utestänga	²'ʉː t ɛ s t ɛ ŋ ɛ r
utfall	²'ʉː t f a l
utfart	²'ʉː t f ɑː t
utflugen	²'ʉː t f l ʉː ɡ ɛ n
utflykt	²'ʉː t f l ʏ k t
utforma	²'ʉː t f ɔ r m a
utformar	²'ʉː t f ɔ r m a r
utforska	²'ʉː t f ɔ ɕ k a
utforskar	²'ʉː t f ɔ ɕ k a r
utfryst	²'ʉː t f r yː s t
utfrågning	²'ʉː t f r oː ɡ n ɪ ŋ
utfyllnad	²'ʉː t f ʏ l n a d
utfärd	²'ʉː t f ɛː d
utfärda	²'ʉː t f ɛː d a
utfärdar	²'ʉː t f ɛː d a r
utfästelse	²'ʉː t f ɛ s t ɛ l s ɛ
utför	'ʉː t f øː r
utföra	²'ʉː t f øː r
utförlig	²'ʉː t f øː l ɪ ɡ
utförsåkare	²s ʉː t f œ r ²s s oː k a r ɛ
utge	²s ʉː t j 'eː
utger	²'ʉː t j eː r
utgift	²'ʉː t j ɪ f t
utgivare	²'ʉː t j iː v a r ɛ
utgivning	²'ʉː t j iː v n ɪ ŋ
utgjutelse	²'ʉː t j ʉː t ɛ l s ɛ
utgjutning	²'ʉː t j ʉː t n ɪ ŋ
utgrävning	²'ʉː t ɡ r ɛː v n ɪ ŋ
utgå	²'ʉː t ɡ oː r
utgång	²'ʉː t ɡ ɔ ŋ
utgångspunkt	²'ʉː t ɡ ɔ ŋ s p ɵ ŋ k t
utgåva	²'ʉː t ɡ oː v a
utgöra	²'ʉː t j øː r
uthus	²'ʉː t h ʉː s
uthyra	²'ʉː t h yː r
uthärda	²'ʉː t h ɛː d a
uthärdar	²'ʉː t h ɛː d a r
uthållig	²'ʉː t h ɔ l ɪ ɡ
utifrån	²'ʉː t ɪ f r oː n
utjämna	²'ʉː t j ɛ m n a
utjämnar	²'ʉː t j ɛ m n a r
utkant	²'ʉː t k a n t
utkast	²'ʉː t k a s t
utkastare	²'ʉː t k a s t a r ɛ
utkik	²'ʉː t ɕ iː k
utklassa	²'ʉː t k l a s a
utklassar	²'ʉː t k l a s a r
utklädd	²'ʉː t k l ɛ d
utkomma	²'ʉː t k ɔ m ɛ r
utkomst	²'ʉː t k ɔ m s t
utkämpa	²'ʉː t ɕ ɛ m p a
utkämpar	²'ʉː t ɕ ɛ m p a r
utland	²'ʉː t l a n d
utlandsavdelningen	²'ʉː t l a n d s a v d eː l n ɪ ŋ ɛ n
utlandsvård	²'ʉː t l a n d s v oː d
utlopp	²'ʉː t l ɔ p
utlova	²'ʉː t l oː v a
utlovar	²'ʉː t l oː v a r
utlysa	²'ʉː t l yː s ɛ r
utlägg	²'ʉː t l ɛ ɡ
utläggning	²'ʉː t l ɛ ɡ n ɪ ŋ
utlämna	²'ʉː t l ɛ m n a
utlämnar	²'ʉː t l ɛ m n a r
utlämning	²'ʉː t l ɛ m n ɪ ŋ
utländsk	²'ʉː t l ɛ n d s k
utlänning	²'ʉː t l ɛ n ɪ ŋ
utläsa	²'ʉː t l ɛː s ɛ r
utlåning	²'ʉː t l oː n ɪ ŋ
utlåtande	²'ʉː t l oː t a n d ɛ
utlöpare	²'ʉː t l øː p a r ɛ
utlösa	²'ʉː t l øː s ɛ r
utlöser	²'ʉː t l øː s ɛ r
utlösning	²'ʉː t l øː s n ɪ ŋ
utmana	²'ʉː t m ɑː n a
utmanande	²'ʉː t m ɑː n a n d ɛ
utmanar	²'ʉː t m ɑː n a r
utmaning	²'ʉː t m ɑː n ɪ ŋ
utmattad	²'ʉː t m a t a d
utmattning	²'ʉː t m a t n ɪ ŋ
utmed	ʉː t m 'eː d
utmynna	²'ʉː t m ʏ n a
utmynnar	²'ʉː t m ʏ n a r
utmärglad	²'ʉː t m a r j l a d
utmärka	²'ʉː t m a r k ɛ r
utmärkelse	²'ʉː t m a r k ɛ l s ɛ
utmärkt	²'ʉː t m a r k t
utmätning	²'ʉː t m ɛː t n ɪ ŋ
utmåla	²'ʉː t m oː l a
utmålar	²'ʉː t m oː l a r
utnyttja	²'ʉː t n ʏ t j a
utnyttjar	²'ʉː t n ʏ t j a r
utnämna	²'ʉː t n ɛ m n ɛ r
utom	²'ʉː t ɔ m
utombordsmotor	²'ʉː t ɔ m b uː d ɕ m uː t ʊ r
utomhus	²'ʉː t ɔ m h ʉː s
utomlands	²'ʉː t ɔ m l a n d s
utomnordisk	²'ʉː t ɔ m n uː d ɪ s k
utomordentlig	²'ʉː t ɔ m ɔ d ɛ n t l ɪ ɡ
utomordentligt	²'ʉː t ɔ m ɔ d ɛ n t l ɪ k t
utomstående	²'ʉː t ɔ m s t oː ɛ n d ɛ
utopi	ɵ t ʊ p 'iː
utpeka	²'ʉː t p eː k a
utpekar	²'ʉː t p eː k a r
utplåna	²'ʉː t p l oː n a
utplånar	²'ʉː t p l oː n a r
utpost	²'ʉː t p ɔ s t
utpressning	²'ʉː t p r ɛ s n ɪ ŋ
utpräglad	²'ʉː t p r ɛː ɡ l a d
utpumpad	²'ʉː t p ɵ m p a d
utreda	²'ʉː t r eː d ɛ r
utredning	²'ʉː t r eː d n ɪ ŋ
utrikes	²'ʉː t r iː k ɛ s
utrikesdepartementet	²'ʉː t r iː k ɛ s d ɛ p a t ɛ m ɛ n t ɛ t
utrikiska	²'ʉː t r iː k ɪ s k a
utrop	²'ʉː t r uː p
utropa	²'ʉː t r uː p a
utropar	²'ʉː t r uː p a r
utropstecken	²'ʉː t r uː p s t ɛ k ɛ n
utrota	²'ʉː t r uː t a
utrotar	²'ʉː t r uː t a r
utrotning	²'ʉː t r uː t a r
utrusta	²'ʉː t r ɵ s t a
utrustar	²'ʉː t r ɵ s t a r
utrustning	²'ʉː t r ɵ s t n ɪ ŋ
utryckning	²'ʉː t r ʏ k n ɪ ŋ
utrymma	²'ʉː t r ʏ m ɛ r
utrymme	²'ʉː t r ʏ m ɛ
uträtta	²'ʉː t r ɛ t a
uträttar	²'ʉː t r ɛ t a r
utröna	²'ʉː t r øː n ɛ r
utsaga	²'ʉː t s ɑː ɡ a
utsatt	²'ʉː t s a t
utsatte	²'ʉː t s a t ɛ
utse	²'ʉː t s eː
utseende	²'ʉː t s eː ɛ n d ɛ
utseendemässig	²'ʉː t s eː n d ɛ m ɛ s ɪ ɡ
utsida	²'ʉː t s iː d a
utsikt	²'ʉː t s ɪ k t
utskick	²'ʉː t ɧ ɪ k
utskott	²'ʉː t s k ɔ t
utskrift	²'ʉː t s k r ɪ f t
utskällning	²'ʉː t ɧ ɛ l n ɪ ŋ
utskänkning	²'ʉː t ɧ ɛ ŋ k n ɪ ŋ
utslag	²'ʉː t s l ɑː ɡ
utslagen	²'ʉː t s l ɑː ɡ ɛ n
utslagning	²'ʉː t s l ɑː ɡ n ɪ ŋ
utslagsgivande	²'ʉː t s l ɑː ɡ s j iː v a n d ɛ
utslagsröst	²'ʉː t s l ɑː ɡ s r œ s t
utsliten	²'ʉː t s l iː t ɛ n
utsläpp	²'ʉː t s l ɛ p
utslätad	²'ʉː t s l ɛː t a d
utsmycka	²'ʉː t s m ʏ k a
utsmyckar	²'ʉː t s m ʏ k a r
utspel	²'ʉː t s p eː l
utspisning	²'ʉː t s p iː s n ɪ ŋ
utspridd	²'ʉː t s p r ɪ d
utspädd	²'ʉː t s p ɛ d
utsträckning	²'ʉː t s t r ɛ k n ɪ ŋ
utstråla	²'ʉː t s t r oː l a
utstrålar	²'ʉː t s t r oː l a r
utstrålning	²'ʉː t s t r oː l n ɪ ŋ
utstuderad	²'ʉː t s t ɵ d eː r a d
utstyrsel	²'ʉː t s t ʏ ɕ ɛ l
utställning	²'ʉː t s t ɛ l n ɪ ŋ
utstå	²'ʉː t s t oː r
utstöta	²'ʉː t s t øː t ɛ r
utstötning	²'ʉː t s t øː t n ɪ ŋ
utsugning	²'ʉː t s ʉː ɡ n ɪ ŋ
utsvävning	²'ʉː t s v ɛː v n ɪ ŋ
utsäde	²'ʉː t s ɛː d ɛ
utsändning	²'ʉː t s ɛ n d n ɪ ŋ
utsätta	²'ʉː t s ɛ t ɛ r
utsåld	²'ʉː t s ɔ l d
utsökt	²'ʉː t s øː k t
utsöndra	²'ʉː t s œ n d r a
utsöndrar	²'ʉː t s œ n d r a r
utsövd	²'ʉː t s øː v d
uttag	²'ʉː t ɑː ɡ
uttal	²'ʉː t ɑː l
uttala	²'ʉː t ɑː l a
uttalad	²'ʉː t ɑː l a d
uttalande	²'ʉː t ɑː l a n d ɛ
uttalar	²'ʉː t ɑː l a r
uttryck	²'ʉː t r ʏ k
uttrycka	²'ʉː t r ʏ k ɛ r
uttrycklig	²'ʉː t r ʏ k l ɪ ɡ
uttryckligen	²'ʉː t r ʏ k l ɪ ɡ ɛ n
utträde	²'ʉː t r ɛː d ɛ
uttråkad	²'ʉː t r oː k a d
uttröttad	²'ʉː t r œ t a d
uttömmande	²'ʉː t œ m a n d ɛ
utvandra	²'ʉː t v a n d r a
utvandrar	²'ʉː t v a n d r a r
utvandrare	²'ʉː t v a n d r a r ɛ
utvandrarland	²'ʉː t v a n d r a l a n d
utveckla	²'ʉː t v ɛ k l a
utvecklar	²'ʉː t v ɛ k l a r
utvecklas	²'ʉː t v ɛ k l a s
utveckling	²'ʉː t v ɛ k l ɪ ŋ
utvecklingsland	²'ʉː t v ɛ k l ɪ ŋ s l a n d
utvecklingsstörd	²'ʉː t v ɛ k l ɪ ŋ s t øː d
utverka	²'ʉː t v a r k a
utverkar	²'ʉː t v a r k a r
utvidga	²'ʉː t v ɪ d ɡ a
utvidgar	²'ʉː t v ɪ d ɡ a r
utvikning	²'ʉː t v iː k n ɪ ŋ
utvikningsbild	²'ʉː t v iː k n ɪ ŋ s b ɪ l d
utvikningsflicka	²'ʉː t v iː k n ɪ ŋ s f l ɪ k a
utvilad	²'ʉː t v iː l a d
utvinna	²'ʉː t v ɪ n ɛ r
utvisa	²'ʉː t v iː s a
utvisar	²'ʉː t v iː s a r
utvisning	²'ʉː t v iː s n ɪ ŋ
utväg	²'ʉː t v ɛː ɡ
utvändigt	²'ʉː t v ɛ n d ɪ k t
utvärdera	²'ʉː t v a d eː r a
utvärderar	²'ʉː t v a d eː r a r
utvärtes	²'ʉː t v a t ɛ s
utväxla	²'ʉː t v ɛ k s l a
utväxlar	²'ʉː t v ɛ k s l a r
utväxt	²'ʉː t v ɛ k s t
utåt	'ʉː t ɔ t
utåtriktad	²'ʉː t ɔ t r ɪ k t a d
utöka	²'ʉː t øː k a
utökar	²'ʉː t øː k a r
utöva	²'ʉː t øː v a
utövar	²'ʉː t øː v a r
utöver	ʉː t 'øː v ɛ r
uv	ʉː v
uvular	ɵ v ɵ l 'ɑː r
uzbek	ɵ s b 'eː k
uzbekistan	ɵ s b ɛ k ɪ s t 'ɑː n
v	v eː
va	v a
vabba	²s v a b a
vaccin	v a k s 'iː n
vaccinera	v a k s ɪ n 'eː r a
vaccinerar	v a k s ɪ n 'eː r a r
vacker	v 'a k ɛ r
vackla	²v 'a k l a
vacklar	²v 'a k l a r
vad	v ɑː d
vada	²v 'ɑː d a
vadar	²v 'ɑː d a r
vadare	²v 'ɑː d a r ɛ
vadd	v a d
vaddera	v a d 'eː r a
vadderar	v a d 'eː r a r
vadstena	v a s t 'eː n a
vadå	v a d 'oː
vafan	v ä f äː n
vag	v ɑː ɡ
vagabond	v a ɡ a b 'ɔ n d
vagga	²v 'a ɡ a
vaggar	²v 'a ɡ a r
vaggvisa	v a ɡ v 'iː s a
vagina	²v a ɡ 'iː n a
vagn	v a ŋ n
vagnmakare	v a ŋ n m 'ɑː k a r ɛ
vagnskadeförsäkring	²v 'a ŋ n s k ɑː d ɛ f œ ɕ ɛː k r ɪ ŋ
vaj	v a j
vaja	²v 'a j a
vajar	²v 'a j a r
vajer	v 'a j ɛ r
vajsing	²s v a j s ɪ ŋ
vak	v ɑː k
vaka	²v 'ɑː k a
vakans	v a k 'a n s
vakant	v a k 'a n t
vakar	²v 'ɑː k a r
vaken	²v 'ɑː k ɛ n
vakna	²v 'ɑː k n a
vaknar	²v 'ɑː k n a r
vaksam	²v 'ɑː k s a m
vakt	v a k t
vakta	²v 'a k t a
vaktar	²v 'a k t a r
vaktel	v a k t ɛ l
vaktmästare	²v 'a k t m ɛ s t a r ɛ
vaktparad	²v 'a k t p a r ɑː d
vakuum	v 'ɑː k ɵ ɵ m
val	v ɑː l
valack	v a l a k
valacka	v a l a k a
valbar	²v 'ɑː l b ɑː r
valborg	v 'ɑː l b ɔ r j
valborgsmässoafton	²v 'ɑː l b ɔ r j s m ɛ s ʊ a f t ɔ n
valbyrå	²v 'ɑː l b yː r ɔ
valde	²v 'ɑː l d ɛ
valdistrikt	²v 'ɑː l d ɪ s t r ɪ k t
valfläsk	²v 'ɑː l f l ɛ s k
valfri	²v 'ɑː l f r iː
valfrihet	²v 'ɑː l f r iː h eː t
valfrändskap	²v 'ɑː l f r ɛ n d s k ɑː p
valförrättare	²v 'ɑː l f œ r ɛ t a r ɛ
valhall	v 'ɑː l h a l
valhänt	²v 'ɑː l h ɛ n t
validitet	v a l ɪ d ɪ t 'eː t
valk	v a l k
valka	²s v a l k a
valkning	²s v a l k n ɪ ŋ
valkrets	²v 'ɑː l k r ɛ t s
vall	v a l
valla	²v 'a l a
vallar	²v 'a l a r
vallentuna	v a l ɛ n t ʉː n a
vallfart	²v 'a l f ɑː t
vallfärd	²v 'a l f ɛː d
vallfärda	²v 'a l f ɛː d a
vallfärdar	²v 'a l f ɛː d a r
vallgrav	²v 'a l ɡ r ɑː v
vallmo	²v 'a l m ʊ
vallokal	²v 'ɑː l ʊ k ɑː l
valmöjlighet	²v 'ɑː l m œ j l ɪ ɡ h eː t
valnöt	²v 'ɑː l n øː t
valp	v a l p
valpa	²v 'a l p a
valpar	²v 'a l p a r
valrörelse	²v 'ɑː l r øː r ɛ l s ɛ
vals	v a l s
valsedel	²v 'ɑː l s eː d ɛ l
valspråk	²v 'ɑː l s p r oː k
valsverk	v a l s v ɛ r k
valt	v ɑː l t
valurna	²v 'ɑː l ʉː n a
valuta	²v a l 'ʉː t a
valutareserv	²v a l 'ʉː t a r ɛ s a r v
valv	v a l v
valör	v a l 'øː r
vampyr	v a m p 'yː r
van	v ɑː n
van-	²v 'ɑː n
vana	²v 'ɑː n a
vanartad	²v 'ɑː n ɑː t a d
vanda	v a n d a
vandalisera	v a n d a l ɪ s 'eː r a
vandaliserar	v a n d a l ɪ s 'eː r a r
vandalism	v a n d a l 'ɪ s m
vande	²v 'ɑː n d ɛ
vandel	v 'a n d ɛ l
vandra	²v 'a n d r a
vandrar	²v 'a n d r a r
vandrare	²v 'a n d r a r ɛ
vandrarhem	²v 'a n d r a r h ɛ m
vandring	²v 'a n d r ɪ ŋ
vandringsled	²v 'a n d r ɪ ŋ s l eː d
vandringsord	v a n d r ɪ ŋ s 'uː r d
vanebildande	²v 'ɑː n ɛ b ɪ l d a n d ɛ
vanföreställning	²v 'ɑː n f øː r ɛ s t ɛ l n ɪ ŋ
vanhedra	²v 'ɑː n h eː d r a
vanhedrar	²v 'ɑː n h eː d r a r
vanhelga	²v 'ɑː n h ɛ l ɡ a
vanhelgar	²v 'ɑː n h ɛ l ɡ a r
vanilj	v a n 'ɪ l j
vanka	²v 'a ŋ k a
vankar	²v 'a ŋ k a r
vankas	²v 'a ŋ k a s
vankelmodig	²v 'a ŋ k ɛ l m uː d ɪ ɡ
vanlig	²v 'ɑː n l ɪ ɡ
vanligen	²v 'ɑː n l ɪ ɡ ɛ n
vanligtvis	²v 'ɑː n l ɪ k t v iː s
vanmakt	²v 'ɑː n m a k t
vann	v a n
vansinne	²v 'ɑː n s ɪ n ɛ
vansinnig	²v 'ɑː n s ɪ n ɪ ɡ
vansinnigt	²v 'ɑː n s ɪ n ɪ k t
vansklig	²v 'a n s k l ɪ ɡ
vant	v ɑː n t
vante	²v 'a n t ɛ
vantrivas	²v 'ɑː n t r iː v s
vanvett	²v 'ɑː n v ɛ t
vanvårda	²v 'ɑː n v oː d a
vanvårdar	²v 'ɑː n v oː d a r
vanvördig	²v 'ɑː n v øː d ɪ ɡ
vanära	²v 'ɑː n ɛː r a
vapen	v 'ɑː p ɛ n
vapenbroder	²v 'ɑː p ɛ n b r uː d ɛ r
vapendragare	²v 'ɑː p ɛ n d r ɑː ɡ a r ɛ
vapenför	²v 'ɑː p ɛ n f øː r
vapenhus	v 'ɑː p ɛ n h ʉː s
vapenhusdörr	v 'ɑː p ɛ n h ʉː s d œ r
vapenhusdörrar	v 'ɑː p ɛ n h ʉː s d œ r a r
vapenhusdörren	v 'ɑː p ɛ n h ʉː s d œ r ɛ n
vapenhusvägg	v 'ɑː p ɛ n h ʉː s v ɛ ɡ
vapenlicens	²v 'ɑː p ɛ n l ɪ s ɛ n s
vapensigill	v 'ɑː p ɛ n s ɪ j ɪ l
vapensigillen	v 'ɑː p ɛ n s ɪ j ɪ l ɛ n
vapensigillens	v 'ɑː p ɛ n s ɪ j ɪ l ɛ n s
vapensigillet	v 'ɑː p ɛ n s ɪ j ɪ l ɛ t
vapensigillets	v 'ɑː p ɛ n s ɪ j ɪ l ɛ t s
vapensigills	v 'ɑː p ɛ n s ɪ j ɪ l s
vapenvila	²v 'ɑː p ɛ n v iː l a
vapenvägrare	²v 'ɑː p ɛ n v ɛː ɡ r a r ɛ
var	v ɑː r
vara	²v 'ɑː r a
varaktig	²v 'ɑː r a k t ɪ ɡ
varandra	v a r 'a n d r a
varann	v a r a n
varannan	²v a r 'a n a n
varar	²v 'ɑː r a r
varav	v 'ɑː r ɑː v
vardag	v 'ɑː d ɑː ɡ
vardaglig	²v 'ɑː d ɑː ɡ l ɪ ɡ
vardagslag	²v 'ɑː d ɑː ɡ s l ɑː ɡ
vardagsmat	²v 'ɑː d ɑː ɡ s m ɑː t
vardagsrum	²v 'ɑː d ɑː ɡ s r ɵ m
vardande	²v 'ɑː d a n d ɛ
vardera	v 'ɑː d eː r a
vare	²v 'ɑː r ɛ
varefter	v ɑː r 'ɛ f t ɛ r
varelse	²v 'ɑː r ɛ l s ɛ
varenda	²v a r 'ɛ n d a
varest	v 'ɑː r ɛ s t
vareviga	²v a r 'eː v ɪ ɡ a
varfågel	v 'ɑː r f oː ɡ ɛ l
varför	v 'a r f øː r
varg	v a r j
vargatid	²s v a r j a t 'iː d
vargatider	²v 'a r j a t iː d ɛ r
vargavinter	²v 'a r j a v ɪ n t ɛ r
vargaväder	²s v a r j a v ɛː d ɛ r
vargbiten	²s v a r j b 'iː t ɛ n
vargflock	²s v a r j f l ɔ k
varggrin	²s v a r j ɡ r 'iː n
varggrop	²s v a r j ɡ r 'uː p
varghagel	²s v a r j h 'ɑː ɡ ɛ l
varghund	²s v a r j h ɵ n d
varginna	²s v a r j ɪ n a
vargjakt	²s v a r j j a k t
vargpar	²s v a r j p 'ɑː r
vargpäls	²s v a r j p ɛ l s
vargrevir	²s v a r j r ɛ v 'iː r
vargskinn	²s v a r j ɧ ɪ n
vargspår	²s v a r j s p oː r
vargstam	²s v a r j s t a m
vargtimma	²s v a r j t ɪ m a
vargtimme	²s v a r j t ɪ m ɛ
vargtjut	²s v a r j ɕ ʉː t
vargton	²s v a r j t 'uː n
vargunge	²s v a r j ɵ ŋ ɛ
vargvalp	²s v a r j v a l p
variabel	v a r ɪ 'ɑː b ɛ l
variant	v a r ɪ 'a n t
variation	v a r ɪ a ɧ 'uː n
variera	v a r ɪ 'eː r a
varierar	v a r ɪ 'eː r a r
varieté	v a r ɪ ɛ t 'eː
varifrån	v 'ɑː r ɪ f r oː n
varit	²v 'ɑː r ɪ t
varje	²v 'a r j ɛ
varken	²v 'a r k ɛ n
varlig	²v 'ɑː l ɪ ɡ
varm	v a r m
varmfront	²v 'a r m f r ɔ n t
varmrätt	²v 'a r m r ɛ t
varmt	v a r m t
varmvatten	²v 'a r m v a t ɛ n
varna	²v 'ɑː n a
varnar	²v 'ɑː n a r
varning	²v 'ɑː n ɪ ŋ
varningsblinker	²v 'ɑː n ɪ ŋ s b l ɪ ŋ k ɛ r
varningstriangel	²v 'ɑː n ɪ ŋ s t r ɪ a ŋ ɛ l
varp	v a r p
varpå	v 'ɑː r p oː
vars	v ɑː ɕ
varsam	²v 'ɑː ɕ a m
varse	²s v a ɕ ɛ
varsebli	²v 'a ɕ ɛ b l iː r
varseblivning	²v 'a ɕ ɛ b l iː v n ɪ ŋ
varsel	v 'a ɕ ɛ l
varsko	²v 'ɑː ɕ k uː r
varsla	²v 'a ɕ l a
varslar	²v 'a ɕ l a r
varsågod	v 'ɑː ɕ ɔ ɡ 'uː d
vart	v a t
vartannat	²v a t 'a n a t
vartefter	v a t 'ɛ f t ɛ r
vartenda	²v a t 'ɛ n d a
varudeklaration	²v 'ɑː r ɵ d ɛ k l a r a ɧ uː n
varuhus	²v 'ɑː r ɵ h ʉː s
varumärke	²v 'ɑː r ɵ m a r k ɛ
varv	v a r v
varva	²v 'a r v a
varvar	²v 'a r v a r
varvid	v 'ɑː r v iː d
vas	v ɑː s
vasa	v a s 'ɑː
vasaloppet	²v 'ɑː s a l ɔ p ɛ t
vask	v a s k
vass	v a s
vatikanstaten	v a t ɪ k 'ɑː n s t 'ɑː t ɛ n
vatten	v 'a t ɛ n
vattendrag	²v 'a t ɛ n d r ɑː ɡ
vattenfall	²v 'a t ɛ n f a l
vattenförsörjning	v a t ɛ n f r r s r r j n ɪ ŋ
vattenhål	²v 'a t ɛ n h oː l
vattenklosett	²v 'a t ɛ n k l ʊ s ɛ t
vattenkoppor	²v 'a t ɛ n k ɔ p ʊ r
vattenkraft	²v 'a t ɛ n k r a f t
vattenkrasse	²v 'a t ɛ n k r a s ɛ
vattenmelon	²v 'a t ɛ n m ɛ l uː n
vattenpass	²v 'a t ɛ n p a s
vattenplaning	²v 'a t ɛ n p l ɑː n ɪ ŋ
vattenrall	v a t ɛ n r a l
vattenskidor	²v 'a t ɛ n ɧ iː d ʊ r
vattenstånd	²v 'a t ɛ n s t ɔ n d
vattensångare	v a t ɛ n s ɔ ŋ a r ɛ
vattentorn	v a t ɛ n t ɵː n
vattentät	²v 'a t ɛ n t ɛː t
vattenverk	²v 'a t ɛ n v a r k
vattna	²v 'a t n a
vattnar	²v 'a t n a r
vattnas	²v 'a t n a s
vattnen	v a t n ɛ n
vattnet	v a t n ɛ t
vattumannen	v a t ɵ m a n ɛ n
vax	v a k s
vaxa	²v 'a k s a
vaxar	²v 'a k s a r
vaxduk	²v 'a k s d ʉː k
vaxholm	v a k s h ɔ l m
vd	²v 'eː d eː
ve	²v eː
veck	v ɛ k
vecka	²v 'ɛ k a
veckar	²v 'ɛ k a r
veckopeng	²v 'ɛ k ʊ p ɛ ŋ
veckoslut	²v 'ɛ k ʊ s l ʉː t
veckotidning	²v 'ɛ k ʊ t iː d n ɪ ŋ
ved	v eː d
vedbod	²v 'eː d b uː d
vederbörande	²v 'eː d ɛ r b øː r a n d ɛ
vederbörlig	²v 'eː d ɛ r b øː l ɪ ɡ
vederfaras	²v 'eː d ɛ r f ɑː ɕ
vedergällning	²v 'eː d ɛ r j ɛ l n ɪ ŋ
vederhäftig	²v 'eː d ɛ r h ɛ f t ɪ ɡ
vederlag	²v 'eː d ɛ l ɑː ɡ
vederlägga	²v 'eː d ɛ l ɛ ɡ ɛ r
vedermöda	²v 'eː d ɛ r m øː d a
vedertagen	²v 'eː d ɛ t ɑː ɡ ɛ n
vedervärdig	²v 'eː d ɛ r v ɛː d ɪ ɡ
vedträ	²v 'eː d t r ɛː
vegetabilisk	v ɛ ɡ ɛ t a b 'iː l ɪ s k
vegetarian	v ɛ ɡ ɛ t a r ɪ 'ɑː n
vegetarisk	v ɛ ɡ ɛ t 'ɑː r ɪ s k
vegetation	v ɛ ɡ ɛ t a ɧ 'uː n
vegetera	v ɛ ɡ ɛ t 'eː r a
vegeterar	v ɛ ɡ ɛ t 'eː r a r
vek	v eː k
veke	²v 'eː k ɛ
vekna	²v 'eː k n a
veknar	²v 'eː k n a r
vela	²v 'eː l a
velar	²v 'eː l a r
velat	²v 'eː l a t
velig	²v 'eː l ɪ ɡ
velociped	v ɛ l ɔ s ɪ p 'eː d
vem	v ɛ m
vemod	²v 'eː m uː d
vemodig	²v 'eː m uː d ɪ ɡ
ven	v eː n
venerisk	v ɛ n 'eː r ɪ s k
ventil	v ɛ n t 'iː l
ventilation	v ɛ n t ɪ l a ɧ 'uː n
ventilera	v ɛ n t ɪ l 'eː r a
ventilerar	v ɛ n t ɪ l 'eː r a r
venus	v 'eː n ɵ s
veranda	²v ɛ r 'a n d a
verb	v a r b
verbal	v a r b 'ɑː l
verifiera	v ɛ r ɪ f ɪ 'eː r a
verifierar	v ɛ r ɪ f ɪ 'eː r a r
verifikation	v ɛ r ɪ f ɪ k a ɧ 'uː n
veritabel	v ɛ r ɪ t 'ɑː b ɛ l
verk	v a r k
verka	²v 'ɛ r k a
verkan	²v 'ɛ r k a n
verkar	²v 'ɛ r k a r
verklig	²v 'ɛ r k l ɪ ɡ
verkligen	²v 'ɛ r k l ɪ ɡ ɛ n
verklighet	²v 'ɛ r k l ɪ ɡ h eː t
verklighetsflykt	²s v ɛ r k l ɪ h 'eː t s f l ʏ k t
verkligt	²v 'ɛ r k l ɪ k t
verkmästare	²v 'ɛ r k m ɛ s t a r ɛ
verkning	²v 'ɛ r k n ɪ ŋ
verksam	²v 'ɛ r k s a m
verksamhet	²v 'ɛ r k s a m h eː t
verksamhetsberättelse	²v 'ɛ r k s a m h eː t s b ɛ r ɛ t ɛ l s ɛ
verkstad	v 'ɛ r k s t ɑː d
verkstadsgolv	²v 'ɛ r k s t ɑː d s ɡ ɔ l v
verkstadsklubb	²v 'ɛ r k s t ɑː d s k l ɵ b
verkställa	²v 'ɛ r k s t ɛ l ɛ r
verkställighet	²v 'ɛ r k s t ɛ l ɪ ɡ h eː t
verktyg	²v 'ɛ r k t yː ɡ
vernissage	v a n ɪ s 'ɑː ɧ
vers	v a ɕ
versal	v a ɕ 'ɑː l
version	v a r ɧ 'uː n
vertikal	v a t ɪ k 'ɑː l
vessla	²v 'ɛ s l a
vestibul	v ɛ s t ɪ b 'ʉː l
veta	v eː t
vetande	²v 'eː t a n d ɛ
vetat	²v 'eː t a t
vete	²v 'eː t ɛ
vetenskap	²v 'eː t ɛ n s k ɑː p
vetenskaplig	²v 'eː t ɛ n s k ɑː p l ɪ ɡ
veteran	v ɛ t ɛ r 'ɑː n
veterinär	v ɛ t ɛ r ɪ n 'ɛː r
vetgirig	²v 'eː t j iː r ɪ ɡ
vetja	v ɛ t j a
veto	²v 'eː t ʊ
vetskap	²v 'eː t s k ɑː p
vett	v ɛ t
vetta	v 'ɛ t ɛ r
vettig	²v 'ɛ t ɪ ɡ
vettskrämd	²v 'ɛ t s k r ɛ m d
vettvilling	²v 'ɛ t v ɪ l ɪ ŋ
vev	v eː v
veva	²v 'eː v a
vevar	²v 'eː v a r
vi	v iː
via	²v 'iː a
viadukt	v ɪ a d 'ɵ k t
viborg	v ǐː b ɔ r j
vibration	v ɪ b r a ɧ 'uː n
vibrera	v ɪ b r 'eː r a
vibrerar	v ɪ b r 'eː r a r
vice	²v 'iː s ɛ
vicka	²v 'ɪ k a
vickar	²v 'ɪ k a r
vickning	²v 'ɪ k n ɪ ŋ
vid	v iː d
vida	²v 'iː d a
vidare	²v 'iː d a r ɛ
vidarebefordra	²v 'iː d a r ɛ b ɛ f uː d r a
vidarebefordrar	²v 'iː d a r ɛ b ɛ f uː d r a r
vidareutbilda	v 'iː d a r ɛ ʉː t b ɪ l d a
vidareutbildning	²v 'iː d a r ɛ ʉː t b ɪ l d n ɪ ŋ
vidbränd	²v 'iː d b r ɛ n d
vidd	v ɪ d
vide	²v 'iː d ɛ
video	v 'iː d ɛ ʊ
videobandspelare	²v 'iː d ɛ ʊ b a n d s p eː l a r ɛ
videsångare	v 'iː d ɛ s ɔ ŋ a r ɛ
vidga	²v 'ɪ d ɡ a
vidgar	²v 'ɪ d ɡ a r
vidhålla	²v 'iː d h ɔ l ɛ r
vidimera	v ɪ d ɪ m 'eː r a
vidimerar	v ɪ d ɪ m 'eː r a r
vidkännas	²v 'iː d ɕ ɛ n s
vidlyftig	²v 'iː d l ʏ f t ɪ ɡ
vidlåda	²v 'iː d l oː d ɛ r
vidmakthålla	²v 'iː d m a k t h ɔ l ɛ r
vidrig	²v 'iː d r ɪ ɡ
vidräkning	²v 'iː d r ɛː k n ɪ ŋ
vidröra	²v 'iː d r øː r
vidskepelse	²v 'iː d ɧ eː p ɛ l s ɛ
vidskeplig	²v 'iː d ɧ eː p l ɪ ɡ
vidsträckt	²v 'iː d s t r ɛ k t
vidsynt	²v 'iː d s yː n t
vidta	²v 'iː d t ɑː r
vidunder	²v 'iː d ɵ n d ɛ r
vidunderlig	²v 'iː d ɵ n d ɛ l ɪ ɡ
vidöppen	²v 'iː d œ p ɛ n
vietnames	v ɪ ɛ t n a m 'eː s
vietnamesisk	v ɪ ɛ t n a m 'eː s ɪ s k
vifta	²v 'ɪ f t a
viftar	²v 'ɪ f t a r
vig	v iː ɡ
viga	v 'iː ɡ ɛ r
vigsel	v 'ɪ k s ɛ l
vigör	v ɪ ɡ 'øː r
vik	v iː k
vika	v 'iː k ɛ r
vikariat	v ɪ k a r ɪ 'ɑː t
vikarie	v ɪ k 'ɑː r ɪ ɛ
vikariera	v ɪ k a r ɪ 'eː r a
vikarierar	v ɪ k a r ɪ 'eː r a r
viking	²v 'iː k ɪ ŋ
vikt	v ɪ k t
viktig	²v 'ɪ k t ɪ ɡ
vila	²v 'iː l a
vilar	²v 'iː l a r
vild	v ɪ l d
vilddjur	²v 'ɪ l d j ʉː r
vilde	²v 'ɪ l d ɛ
vildvuxen	²v 'ɪ l d v ɵ k s ɛ n
vilja	²v 'ɪ l j a
viljelös	v ɪ l j ɛ l øː s
viljestark	²v 'ɪ l j ɛ s t a r k
viljestyrka	²v 'ɪ l j ɛ s t ʏ r k a
vilka	v ɪ k a
vilken	²v 'ɪ l k ɛ n
vilket	v ɪ k ɛ t
vill	v ɪ l
villa	²v 'ɪ l a
ville	²v 'ɪ l ɛ
villebråd	²v 'ɪ l ɛ b r oː d
villervalla	²v 'ɪ l ɛ r v a l a
villfarelse	²v 'ɪ l f ɑː r ɛ l s ɛ
villig	²v 'ɪ l ɪ ɡ
villkor	²v 'ɪ l k oː r
villospår	²v 'ɪ l ʊ s p oː r
villrådig	²v 'ɪ l r oː d ɪ ɡ
vilsam	²v 'iː l s a m
vilse	²v 'ɪ l s ɛ
vilseleda	²v 'ɪ l s ɛ l eː d ɛ r
vilseledande	²v 'ɪ l s ɛ l eː d a n d ɛ
vilsen	²v 'ɪ l s ɛ n
vilstol	²v 'iː l s t uː l
vilt	v ɪ l t
viltolycka	²v 'ɪ l t uː l ʏ k a
vimla	²v 'ɪ m l a
vimlar	²v 'ɪ m l a r
vimmel	v 'ɪ m ɛ l
vimmelkantig	²v 'ɪ m ɛ l k a n t ɪ ɡ
vimpel	²v 'ɪ m p ɛ l
vimsa	²v 'ɪ m s a
vimsar	²v 'ɪ m s a r
vimsig	²v 'ɪ m s ɪ ɡ
vin	v iː n
vina	v 'iː n ɛ r
vinbär	v 'iː n b ɛː r
vind	v ɪ n d
vinda	²v 'ɪ n d a
vindar	²v 'ɪ n d a r
vindflöjel	²v 'ɪ n d f l œ j ɛ l
vindkraft	²v 'ɪ n d k r a f t
vindla	²v 'ɪ n d l a
vindlar	²v 'ɪ n d l a r
vindpinad	²v 'ɪ n d p iː n a d
vindruta	²v 'ɪ n d r ʉː t a
vindruva	²v 'iː n d r ʉː v a
vindstilla	²v 'ɪ n d s t ɪ l a
vindsurfa	²v 'ɪ n d s ɵ r f a
vindsurfar	²v 'ɪ n d s ɵ r f a r
vindtunnel	²s v ɪ n d t ɵ n ɛ l
viner	²s v 'iː n ɛ r
vinge	²v 'ɪ ŋ ɛ
vingla	²v 'ɪ ŋ l a
vinglar	²v 'ɪ ŋ l a r
vinglig	²v 'ɪ ŋ l ɪ ɡ
vink	v ɪ ŋ k
vinka	²v 'ɪ ŋ k a
vinkar	²v 'ɪ ŋ k a r
vinkel	²v 'ɪ ŋ k ɛ l
vinkelhake	²v 'ɪ ŋ k ɛ l h ɑː k ɛ
vinkelparentes	²v 'ɪ ŋ k ɛ l p a r ɛ n t eː s
vinkelrät	²v 'ɪ ŋ k ɛ l r ɛː t
vinkla	²v 'ɪ ŋ k l a
vinklar	²v 'ɪ ŋ k l a r
vinlista	²v 'iː n l ɪ s t a
vinna	v 'ɪ n ɛ r
vinnande	²v 'ɪ n a n d ɛ
vinnare	²v 'ɪ n a r ɛ
vinning	²v 'ɪ n ɪ ŋ
vinranka	²v 'iː n r a ŋ k a
vinrättighet	²v 'iː n r ɛ t ɪ ɡ h eː t
vinsch	v ɪ n ɧ
vinst	v ɪ n s t
vinstgivande	v ɪ n s t j 'iː v 'ɑː n d ɛ
vinter	v 'ɪ n t ɛ r
vinterbona	²v 'ɪ n t ɛ r b uː n a
vinterbonar	²v 'ɪ n t ɛ r b uː n a r
vintergatan	²v 'ɪ n t ɛ r ɡ ɑː t a n
vinterskrud	²v 'ɪ n t ɛ ɕ k r ʉː d
vintertid	v ɪ n t ɛ r t 'iː d
vinthund	²v 'ɪ n t h ɵ n d
vintras	²s v ɪ n t r a s
vinyl	v ɪ n 'yː l
vinäger	v ɪ n 'ɛː ɡ ɛ r
viol	v ɪ 'uː l
viola	v ɪ ²s 'uː l a
violett	v ɪ ʊ l 'ɛ t
violin	v ɪ ʊ l 'iː n
violinist	v ɪ ʊ l ɪ n ɪ s t
violoncell	v ɪ ʊ l ɔ n s 'ɛ l
vip	v ɪ p
vipa	v 'iː p a
vippa	²v 'ɪ p a
vippar	²v 'ɪ p a r
vips	v ɪ p s
vira	²v 'iː r a
virar	²v 'iː r a r
viril	v ɪ r 'iː l
virka	²v 'ɪ r k a
virkar	²v 'ɪ r k a r
virke	²v 'ɪ r k ɛ
virknål	²v 'ɪ r k n oː l
virre	²s v ɪ r ɛ
virrig	²v 'ɪ r ɪ ɡ
virrvarr	²v 'ɪ r v a r
virtuos	v ɪ t ɵ 'oː s
virus	v 'iː r ɵ s
virvel	²v 'ɪ r v ɛ l
virvla	²v 'ɪ r v l a
virvlar	²v 'ɪ r v l a r
vis	v iː s
visa	²v 'iː s a
visar	²v 'iː s a r
visare	²v 'iː s a r ɛ
visavi	v ɪ s a v 'iː
vischan	²v ɪ ɧ a n
visdom	²v 'iː s d ʊ m
visdomstand	²v 'iː s d ʊ m s t a n d
visering	v ɪ s 'eː r ɪ ŋ
vision	v ɪ ɧ 'uː n
visionär	v ɪ ɧ ʊ n 'ɛː r
visir	v ɪ s 'iː r
visit	v ɪ s 'iː t
visitation	v ɪ s ɪ t a ɧ 'uː n
visitera	v ɪ s ɪ t 'eː r a
visiterar	v ɪ s ɪ t 'eː r a r
visitkort	²v ɪ s 'iː t k ʊ t
viska	²v 'ɪ s k a
viskar	²v 'ɪ s k a r
vislanda	v ɪ s l a n d a
vismut	v ɪ s m ɵ t
visp	v ɪ s p
vispa	²v 'ɪ s p a
vispar	²v 'ɪ s p a r
vispgrädde	²v 'ɪ s p ɡ r ɛ d ɛ
viss	v ɪ s
visselpipa	²v 'ɪ s ɛ l p iː p a
vissen	²v 'ɪ s ɛ n
vissla	²v 'ɪ s l a
visslar	²v 'ɪ s l a r
vissna	²v 'ɪ s n a
vissnar	²v 'ɪ s n a r
visst	v ɪ s t
visste	²v 'ɪ s t ɛ
vistas	²v 'ɪ s t a s
vistelse	²v 'ɪ s t ɛ l s ɛ
visthusbod	v ɪ s t h ʉː s b 'uː d
visuell	v ɪ s ɵ 'ɛ l
visum	²v 'iː s ɵ m
vit	v iː t
vita	²v 'iː t a
vital	v ɪ t 'ɑː l
vitalitet	v ɪ t a l ɪ t 'eː t
vitamin	v ɪ t a m 'iː n
vitbok	²v 'iː t b uː k
vite	²v 'iː t ɛ
vitgumpseglare	v 'iː t ɡ ɵ m p s 'eː ɡ l a r ɛ
vitgumpsnäppa	v 'iː t ɡ ɵ m p s n ɛ p a
vitkål	²v 'iː t k oː l
vitling	²v 'ɪ t l ɪ ŋ
vitlök	²v 'iː t l øː k
vitna	²v 'iː t n a
vitnar	²v 'iː t n a r
vitpeppar	²v 'iː t p ɛ p a r
vitrinskåp	²v ɪ t r 'iː n s k oː p
vitrysk	²s v 'iː t r ʏ s k
vitryska	²s v 'iː t r ʏ s k a
vitryssland	v 'iː t r ʏ s l a n d
vits	v ɪ t s
vitsenap	v 'iː t s 'eː n a p
vitsippa	²v 'iː t s ɪ p a
vitsord	²v 'ɪ t s uː d
vitsorda	²v 'ɪ t s uː d a
vitsordar	²v 'ɪ t s uː d a r
vitt	v ɪ t
vittaryd	v ɪ t a r 'yː d
vitterhet	²v 'ɪ t ɛ r h eː t
vittja	²v 'ɪ t j a
vittjar	²v 'ɪ t j a r
vittna	²v 'ɪ t n a
vittnar	²v 'ɪ t n a r
vittne	²v 'ɪ t n ɛ
vittnesbörd	²v 'ɪ t n ɛ s b øː d
vittnesmål	²v 'ɪ t n ɛ s m oː l
vittra	²v 'ɪ t r a
vittrar	²v 'ɪ t r a r
vittring	²v 'ɪ t r ɪ ŋ
vittrut	v 'iː t t r ʉː t
viv	v 'iː v
vivre	v 'iː v r ɛ
vivör	v ɪ v 'øː r
vm	²v 'eː ɛ m
vodka	v ɔ d k a
voff	v ʊ f
vokabulär	v ʊ k a b ɵ l 'ɛː r
vokal	v ʊ k 'ɑː l
vokalist	v ʊ k a l 'ɪ s t
volang	v ʊ l 'a ŋ
volfram	v ɔ l f r a m
volleyboll	v ɔ l ʏ b ɔ l
volontär	v ɔ l ɔ n t 'ɛː r
volt	v ɔ l t
volvo	v ɔ l v ʊ
volym	v ʊ l 'yː m
von	f ɔ n
vore	²v 'uː r ɛ
voss	v ɔ s
votera	v ʊ t 'eː r a
voterar	v ʊ t 'eː r a r
votering	v ʊ t 'eː r ɪ ŋ
votum	²s v 'uː t ɵ m
vov	v ʊ v
vovve	²v 'ʊ v ɛ
vrak	v r ɑː k
vraka	²v r 'ɑː k a
vrakar	²v r 'ɑː k a r
vrakpris	²v r 'ɑː k p r iː s
vred	v r eː d
vrede	²v r 'eː d ɛ
vredesdom	²s v r 'eː d ɛ s d ʊ m
vredgad	²v r 'ɛ d ɡ a d
vresig	²v r 'eː s ɪ ɡ
vret	v r 'eː t
vricka	²v r 'ɪ k a
vrickad	²v r 'ɪ k a d
vrickar	²v r 'ɪ k a r
vrida	v r 'iː d ɛ r
vriden	²v r 'iː d ɛ n
vril	v r 'iː l
vrist	v r ɪ s t
vräka	v r 'ɛː k ɛ r
vräkig	²v r 'ɛː k ɪ ɡ
vränga	v r 'ɛ ŋ ɛ r
vrå	v r oː
vrål	v r oː l
vråla	²v r 'oː l a
vrålar	²v r 'oː l a r
vrång	v r ɔ ŋ
vrångbild	²v r 'ɔ ŋ b ɪ l d
vulgär	v ɵ l ɡ 'ɛː r
vulkan	v ɵ l k 'ɑː n
vunnit	²v 'ɵ n ɪ t
vurm	v ɵ r m
vurpa	²v 'ɵ r p a
vurpar	²v 'ɵ r p a r
vux	v ɵ k s
vuxen	²v 'ɵ k s ɛ n
vuxengymnasium	²v 'ɵ k s ɛ n j ʏ m n ɑː s ɪ ɵ m
vuxenstudiestöd	²v 'ɵ k s ɛ n s t ʉː d ɪ ɛ s t øː d
vuxenutbildning	²v 'ɵ k s ɛ n ʉː t b ɪ l d n ɪ ŋ
vuxit	²v 'ɵ k s ɪ t
vy	v yː
vykort	²v 'yː k ʊ t
väck	v ɛ k
väcka	v 'ɛ k ɛ r
väckarklocka	²v 'ɛ k a r k l ɔ k a
väckelse	²v 'ɛ k ɛ l s ɛ
väckning	²v 'ɛ k n ɪ ŋ
väder	v 'ɛː d ɛ r
väderbiten	²v 'ɛː d ɛ r b iː t ɛ n
väderkorn	²v 'ɛː d ɛ r k uː n
väderkvarn	²v 'ɛː d ɛ r k v ɑː n
väderlek	²v 'ɛː d ɛ l eː k
väderprognos	v ɛː d ɛ r p r ɔ ɡ n oː s
väderstreck	²v 'ɛː d ɛ ɕ t r ɛ k
vädja	²v 'ɛː d j a
vädjar	²v 'ɛː d j a r
vädra	²v 'ɛː d r a
vädrar	²v 'ɛː d r a r
vädur	²v 'ɛː d ɵ r
väduren	²s v ɛː d ʉː r ɛ n
väg	v ɛː ɡ
väga	v 'ɛː ɡ ɛ r
vägg	v ɛ ɡ
vägguttag	²v 'ɛ ɡ ʉː t ɑː ɡ
väglag	²v 'ɛː ɡ l ɑː ɡ
vägleda	²v 'ɛː ɡ l eː d ɛ r
vägledning	²v 'ɛː ɡ l eː d n ɪ ŋ
vägmärke	²v 'ɛː ɡ m a r k ɛ
vägnar	²v 'ɛ ŋ n a r
vägra	²v 'ɛː ɡ r a
vägran	²v 'ɛː ɡ r a n
vägrar	²v 'ɛː ɡ r a r
vägren	²v 'ɛː ɡ r eː n
vägskäl	²v 'ɛː ɡ ɧ ɛː l
vägtrafikskatt	²v 'ɛː ɡ t r a f iː k s k a t
vägverket	²v 'ɛː ɡ v a r k ɛ t
vägvisare	²v 'ɛː ɡ v iː s a r ɛ
väja	v 'ɛ j ɛ r
väktare	²v 'ɛ k t a r ɛ
väl	v eː l
väl-	²v 'ɛː l
välartad	²v 'ɛː l ɑː t a d
välbefinnande	v 'ɛː l b ɛ f ɪ n a n d ɛ
välbehag	²v 'ɛː l b ɛ h ɑː ɡ
välbehållen	²v 'ɛː l b ɛ h ɔ l ɛ n
välbekant	²v 'ɛː l b ɛ k a n t
välbeställd	²v 'ɛː l b ɛ s t ɛ l d
välbärgad	²v 'ɛː l b a r j a d
välde	²v 'ɛ l d ɛ
väldeliga	²v 'ɛː l d ɛ l ɪ ɡ a
väldig	²v 'ɛ l d ɪ ɡ
väldigt	²v 'ɛ l d ɪ k t
välfärd	²v 'ɛː l f ɛː d
välgärning	²v 'ɛː l j ɛː n ɪ ŋ
välgång	²v 'ɛː l ɡ ɔ ŋ
välgörande	²v 'ɛː l j øː r a n d ɛ
välgörenhet	²v 'ɛː l j øː r ɛ n h eː t
välja	v 'ɛ l j ɛ r
väljare	²v 'ɛ l j a r ɛ
välklädd	²s v ɛ l k l ɛ d
välkommen	²v 'ɛː l k ɔ m ɛ n
välkomna	²v 'ɛː l k ɔ m n a
välkomnar	²v 'ɛː l k ɔ m n a r
välkomst-	²v 'ɛː l k ɔ m s t
välkänd	²v 'ɛː l ɕ ɛ n d
välla	v 'ɛ l ɛ r
välling	²v 'ɛ l ɪ ŋ
välljud	²v 'ɛː l j ʉː d
välment	²v 'ɛː l m eː n t
välmåga	²v 'ɛː l m oː ɡ a
välsigna	v ɛ l s 'ɪ ŋ n a
välsignar	v ɛ l s 'ɪ ŋ n a r
välsignelse	v ɛ l s 'ɪ ŋ n ɛ l s ɛ
välskapt	²v 'ɛː l s k ɑː p t
välskött	²v 'ɛː l ɧ œ t
välsorterad	²v 'ɛː l s ɔ t eː r a d
välstånd	²v 'ɛː l s t oː n d
välta	v 'ɛ l t ɛ r
vältalig	²v 'ɛː l t ɑː l ɪ ɡ
vältra	²v 'ɛ l t r a
vältrar	²v 'ɛ l t r a r
väluppfostrad	²v 'ɛː l ɵ p f ʊ s t r a d
välva	v 'ɛ l v ɛ r
välvd	v ɛ l v d
välvilja	²v 'ɛː l v ɪ l j a
välvillig	²v 'ɛː l v ɪ l ɪ ɡ
vämjelig	²v 'ɛ m j ɛ l ɪ ɡ
vämjelse	²v 'ɛ m j ɛ l s ɛ
vän	v 'eː n
vända	²v 'ɛ n d a
vänder	v 'ɛ n d ɛ r
vändning	²v 'ɛ n d n ɪ ŋ
vändpunkt	²v 'ɛ n d p ɵ ŋ k t
väninna	²v ɛ n 'ɪ n a
vänja	v 'ɛ n j ɛ r
vänlig	²v 'ɛ n l ɪ ɡ
vänligen	²v 'ɛ n l ɪ ɡ ɛ n
vännen	v ɛ n ɛ n
vänskap	²v 'ɛ n s k ɑː p
vänslas	²v 'ɛ n s l a s
vänster	v 'ɛ n s t ɛ r
vänsterhänt	²v 'ɛ n s t ɛ r h ɛ n t
vänsterpartiet	²v 'ɛ n s t ɛ r p a t iː ɛ t
vänsterprassel	²v 'ɛ n s t ɛ r p r a s ɛ l
vänta	²v 'ɛ n t a
väntan	²s v ɛ n t a n
väntar	²v 'ɛ n t a r
väntetid	²v 'ɛ n t ɛ t iː d
väntrum	²v 'ɛ n t r ɵ m
väntsal	²v 'ɛ n t s ɑː l
väpnad	²v 'ɛː p n a d
värd	v ɛː d
värde	²v 'ɛː d ɛ
värdeavi	v ɛ r d ɛ a v 'iː
värdebeständig	²v 'ɛː d ɛ b ɛ s t ɛ n d ɪ ɡ
värdefull	²v 'ɛː d ɛ f ɵ l
värdeförsändelse	²v 'ɛː d ɛ f œ ɕ ɛ n d ɛ l s ɛ
värdeladdad	²v 'ɛː d ɛ l a d a d
värdelös	²v 'ɛː d ɛ l øː s
värden	v 'ɛː d ɛ n
värdepapper	²v 'ɛː d ɛ p a p ɛ r
värdera	v a d 'eː r a
värderar	v a d 'eː r a r
värderare	v ɛː r d 'eː r a r ɛ
värdering	v a d 'eː r ɪ ŋ
värdesak	²v 'ɛː d ɛ s ɑː k
värdesäkra	²v 'ɛː d ɛ s ɛː k r a
värdesäkrar	²v 'ɛː d ɛ s ɛː k r a r
värdesätta	²v 'ɛː d ɛ s ɛ t ɛ r
värdfolk	²v 'ɛː d f ɔ l k
värdig	²v 'ɛː d ɪ ɡ
värdighet	²s v ɛː r d ɪ ɡ h 'eː t
värdinna	²v a d 'ɪ n a
värdnation	²s v ɛ r d n a t ɧ 'uː n
värdshus	²v 'ɛː d ɕ h ʉː s
värja	²v 'ɛ r j a
värk	v a r k
värka	v 'ɛ r k ɛ r
värld	v ɛː d
världen	v 'ɛː d ɛ n
världens	v 'ɛː d ɛ n s
världsberömd	²v 'ɛː d ɕ b ɛ r œ m d
världsbild	²v 'ɛː d ɕ b ɪ l d
världsdel	²v 'ɛː d ɕ d eː l
världsförbättrare	²v 'ɛː d ɕ f œ r b ɛ t r a r ɛ
världshav	²v 'ɛː d ɕ h ɑː v
världskrig	²v 'ɛː d ɕ k r iː ɡ
världslig	²v 'ɛː d ɕ l ɪ ɡ
världsmedborgare	v ɛː r d s m 'eː d b ɔ r j a r ɛ
världsmästare	²v 'ɛː d ɕ m ɛ s t a r ɛ
världsmästerskap	²v 'ɛː d ɕ m ɛ s t ɛ ɕ k ɑː p
världsrekord	²v 'ɛː d ɕ r ɛ k oː d
världsvan	²v 'ɛː d ɕ v ɑː n
värma	v 'ɛ r m ɛ r
värmdö	v r r m d r
värme	²v 'ɛ r m ɛ
värmebölja	²v 'ɛ r m ɛ b œ l j a
värmeelement	²v 'ɛ r m ɛ ɛ l ɛ m ɛ n t
värmeslag	²v 'ɛ r m ɛ s l ɑː ɡ
värmland	v 'ɛ r m l a n d
värmlandskorv	²s v ɛ r m l a n d s k ɔ r v
värmlänning	²v 'ɛ r m l ɛ n ɪ ŋ
värn	v ɛː n
värna	²v 'ɛː n a
värnar	²v 'ɛː n a r
värnlös	²v 'ɛː n l øː s
värnplikt	²v 'ɛː n p l ɪ k t
värnpliktig	²v 'ɛː n p l ɪ k t ɪ ɡ
värpa	v 'ɛ r p ɛ r
värre	v 'ɛ r ɛ
värst	v a ɕ t
värsta	²s v r ɕ t a
värsting	²s v r ɕ t ɪ ŋ
värv	v 'ɛ r v
värva	²v 'ɛ r v a
värvar	²v 'ɛ r v a r
väsa	v 'ɛː s ɛ r
väsen	v ɛː s ɛ n
väsensskild	²v 'ɛː s ɛ n s ɧ ɪ l d
väsentlig	v ɛ s 'ɛ n t l ɪ ɡ
väsentlighet	v a s 'ɛ n t l ɪ ɡ h eː t
väsentligt	v ɛ s 'ɛ n t l ɪ k t
väska	²v 'ɛ s k a
väsnas	²v 'ɛː s n a s
vässa	²v 'ɛ s a
vässar	²v 'ɛ s a r
väst	v ɛ s t
väster	v 'ɛ s t ɛ r
västerbotten	²v 'ɛ s t ɛ r b ɔ t ɛ n
västergötland	²v 'ɛ s t ɛ r j øː t l a n d
västerländsk	²v 'ɛ s t ɛ l ɛ n d s k
västern	v 'ɛ s t ɛ n
västernorrland	v ɛ s t ɛ r n ɔ r l a n d
västerut	v 'ɛ s t ɛ r ʉː t
västerås	ʋ ɛ s t ɛ r oː s
västeuropa	v ɛ s t ɛ r 'uː p a
västgötaklimax	²v 'ɛ ɧ œ t a k l ɪ m a k s
västgöte	²v 'ɛ ɧ øː t ɛ
västgötska	v ɛ s t j øː t s k a
västkusten	²v 'ɛ s t k ɵ s t ɛ n
västkustskt	v ɛ s t k ɵ s t s k t
västlig	²v 'ɛ s t l ɪ ɡ
västmakterna	²v 'ɛ s t m a k t ɛ n a
västmanland	v 'ɛ s t m a n l a n d
västra	²v 'ɛ s t r a
västsverige	v ɛ s t s v ɛ r j ɛ
väta	²v 'ɛː t a
väte	²v 'ɛː t ɛ
väteperoxid	v ɛː t ɛ p ɛ r ɔ k s 'iː d
väter	v 'ɛː t ɛ r
vätska	²v 'ɛ t s k a
väv	v ɛː v
väva	v 'ɛː v ɛ r
vävnad	²v 'ɛː v n a d
vävstol	²v 'ɛː v s t uː l
växa	v 'ɛ k s ɛ r
växel	v 'ɛ k s ɛ l
växelkurs	²v 'ɛ k s ɛ l k ɵ ɕ
växellåda	²v 'ɛ k s ɛ l oː d a
växelström	²v 'ɛ k s ɛ l s t r œ m
växelverkan	²v 'ɛ k s ɛ l v a r k a n
växelvis	²v 'ɛ k s ɛ l v iː s
växjö	v ɛ k ɧ øː
växla	²v 'ɛ k s l a
växlar	²v 'ɛ k s l a r
växt	v ɛ k s t
växthus	²v 'ɛ k s t h ʉː s
växtlighet	²v 'ɛ k s t l ɪ ɡ h eː t
växtriket	²v 'ɛ k s t r iː k ɛ t
växtvärk	²v 'ɛ k s t v a r k
våda	²v 'oː d a
vådaskjuten	²s v oː d a ²s ɧ ʉː t 'uː n
vådlig	²v 'oː d l ɪ ɡ
våffla	²v 'ɔ f l a
våg	v oː ɡ
våga	²v 'oː ɡ a
vågad	²v 'oː ɡ a d
vågar	²v 'oː ɡ a r
vågbrytare	²v 'oː ɡ b r yː t a r ɛ
vågen	v oː ɡ ɛ n
vågform	v oː ɡ f ɔ r m
våghals	²v 'oː ɡ h a l s
våghalsig	²v 'oː ɡ h a l s ɪ ɡ
vågig	²v 'oː ɡ ɪ ɡ
våglängd	²v 'oː ɡ l ɛ ŋ d
vågmästare	²v 'oː ɡ m ɛ s t a r ɛ
vågrät	²v 'oː ɡ r ɛː t
vågspel	²v 'oː ɡ s p eː l
våld	v ɔ l d
våldgästa	²v 'ɔ l d j ɛ s t a
våldgästar	²v 'ɔ l d j ɛ s t a r
våldsam	²v 'ɔ l d s a m
våldsamt	²v 'ɔ l d s a m t
våldsdåd	²v 'ɔ l d s d oː d
våldshandling	²v 'ɔ l d s h a n d l ɪ ŋ
våldsman	²v 'ɔ l d s m a n
våldsverkare	²v 'ɔ l d s v a r k a r ɛ
våldta	²v 'ɔ l d t ɑː r
våldtäkt	²v 'ɔ l d t ɛ k t
vålla	²v 'ɔ l a
vållar	²v 'ɔ l a r
vålnad	²v 'oː l n a d
vån	v oː n
vånda	²v 'ɔ n d a
vång	v ɔ ŋ
våning	²v 'oː n ɪ ŋ
våp	v oː p
vår	v oː r
våradonis	v oː r a d 'uː n ɪ s
våran	²v 'oː r a n
våras	²s v oː r a s
vårberg	v 'oː r b r r j
vård	v oː d
vårda	²v 'oː d a
vårdad	²v 'oː d a d
vårdagjämning	²v 'oː d ɑː ɡ j ɛ m n ɪ ŋ
vårdar	²v 'oː d a r
vårdare	²v 'oː d a r ɛ
vårdbidrag	²v 'oː d b iː d r ɑː ɡ
vårdbiträde	²v 'oː d b iː t r ɛː d ɛ
vårdcentral	²v 'oː d ɕ ɛ n t r ɑː l
vårdhem	²v 'oː d h ɛ m
vårdnad	²v 'oː d n a d
vårdnadshavare	²v 'oː d n a d s h ɑː v a r ɛ
vårdnadsutredning	²v 'oː d n a d s ʉː t r eː d n ɪ ŋ
vårdslös	²v 'ɔ ɕ l øː s
vårdyrke	²v 'oː d ʏ r k ɛ
vårflod	²v 'oː r f l uː d
vårta	²v 'oː t a
vårting	²s v oː r t ɪ ŋ
vårtsvin	v oː t s v 'iː n
våt	v oː t
våtutrymme	²v 'oː t ʉː t r ʏ m ɛ
vörda	²v 'øː d a
vördar	²v 'øː d a r
vördnad	²v 'øː d n a d
vört	v œ t
w	v 'eː
wales	w ɛ j l s
warszawa	v a r ɕ 'ɑː v a
watt	v a t
watten	t v a t ɛ n
wc	²v 'eː s eː
webbadress	²v 'ɛ b a d r ɛ s
webbläsare	²v 'ɛ b l ɛː s a r ɛ
webbmästare	²v 'ɛ b m ɛ s t a r ɛ
webbplats	²v 'ɛ b p l a t s
webbredaktör	²v 'ɛ b r ɛ d a k t øː r
webbsida	²v 'ɛ b s iː d a
webbtekniker	²v 'ɛ b t ɛ k n ɪ k ɛ r
weekend	v 'iː k ɛ n d
whisky	v 'ɪ s k ʏ
whiteboard	w a j t b oː r d
wiccan	v ɪ k a n
wien	v 'iː n
wienerbröd	²v 'iː n ɛ r b r øː d
wienerkorv	²v iː n ɛ r k ɔ r v
wiki	v 'iː k ɪ
wilsonsimsnäppa	w ɪ l s ɔ n s ɪ m s n ɛ p a
wt	v 'eː t 'eː
x-krok	²'ɛ k s k r uː k
xantippa	k s a n ²s t ɪ p a
xylofon	k s ʏ l ʊ f 'oː n
yes	j ɛ s
yla	²'yː l a
ylar	²'yː l a r
ylle	²'ʏ l ɛ
ymnig	²'ʏ m n ɪ ɡ
ympa	²'ʏ m p a
ympar	²'ʏ m p a r
yngel	'ʏ ŋ ɛ l
yngla	²'ʏ ŋ l a
ynglar	²'ʏ ŋ l a r
yngling	²'ʏ ŋ l ɪ ŋ
yngre	'ʏ ŋ r ɛ
yngst	ʏ ŋ s t
ynklig	²'ʏ ŋ k l ɪ ɡ
ynkrygg	²'ʏ ŋ k r ʏ ɡ
ynnest	²'ʏ n ɛ s t
yoghurt	j 'ɔ ɡ ɵ t
yppa	²'ʏ p a
yppar	²'ʏ p a r
ypperlig	²'ʏ p ɛ l ɪ ɡ
yppig	²'ʏ p ɪ ɡ
yr	yː r
yra	²'yː r a
yrka	²'ʏ r k a
yrkande	²'ʏ r k a n d ɛ
yrkar	²'ʏ r k a r
yrke	²'ʏ r k ɛ
yrkesorientering	²'ʏ r k ɛ s ɔ r ɪ ɛ n t eː r ɪ ŋ
yrkesskada	²'ʏ r k ɛ s k ɑː d a
yrkesskadeförsäkring	²'ʏ r k ɛ s k ɑː d ɛ f œ ɕ ɛː k r ɪ ŋ
yrkesvalslärare	²'ʏ r k ɛ s v ɑː l s l ɛː r a r ɛ
yrsel	'ʏ ɕ ɛ l
yrvaken	²'yː r v ɑː k ɛ n
yrväder	²'yː r v ɛː d ɛ r
ystad	'yː s t a
yster	'ʏ s t ɛ r
yta	²'yː t a
ytlig	²'yː t l ɪ ɡ
ytter	'ʏ t ɛ r
ytterby	ʏ̂ t ɛ r b 'yː
ytterdörr	ʏ t 'eː r d œ r
ytterkant	²'ʏ t ɛ r k a n t
ytterkläder	²'ʏ t ɛ r k l ɛː d ɛ r
ytterligare	²'ʏ t ɛ l ɪ ɡ a r ɛ
ytterlighet	²'ʏ t ɛ l ɪ ɡ h eː t
ytterligt	²'ʏ t ɛ l ɪ k t
ytterst	'ʏ t ɛ ɕ t
yttersta	'ʏ t ɛ ɕ t a
yttervärld	²'ʏ t ɛ r v ɛː d
yttra	²'ʏ t r a
yttrande	²'ʏ t r a n d ɛ
yttrandefrihet	²'ʏ t r a n d ɛ f r iː h eː t
yttrar	²'ʏ t r a r
yttre	'ʏ t r ɛ
yttring	²'ʏ t r ɪ ŋ
yttrium	ʏ t r ɪ ɵ m
yuppie	j ɵ p ɪ
yvas	²s 'yː v a s
yvig	²'yː v ɪ ɡ
yxa	²'ʏ k s a
yxskaft	²'ʏ k s k a f t
z	s
zebra	²s s 'eː b r a
zenit	s 'eː n ɪ t
zeus	s ɛ v s
zigensk	s ɪ j 'eː n s k
ziggis	s ɪ ɡ ɪ s
zink	s ɪ ŋ k
zloty	s l ɔ t ʏ
zombie	s 'ɔ m b ɪ
zon	s uː n
zoo	s uː
zoologi	s uː ʊ l ɔ ɡ 'iː
zoologisk	s ʊ l 'oː ɡ ɪ s k
zoom	s 'uː m
zoomobjektiv	²s 'uː m ɔ b j ɛ k t iː v
zucchini	s ʊ k 'iː n ɪ
à	a
ä	ɛ
äckel	'ɛ k ɛ l
äckelgubbe	ɛ k ɛ l ɡ ɵ b ɛ
äckla	²'ɛ k l a
äcklar	²'ɛ k l a r
äcklas	²'ɛ k l a s
äcklig	²'ɛ k l ɪ ɡ
ädel	'ɛː d ɛ l
ädelmetall	²'ɛː d ɛ l m ɛ t a l
ädelmod	²'ɛː d ɛ l m uː d
ädelsten	²'ɛː d ɛ l s t eː n
äga	²'ɛː ɡ a
ägande	²'ɛː ɡ a n d ɛ
ägare	²'ɛː ɡ a r ɛ
äger	'ɛː ɡ ɛ r
ägg	ɛ ɡ
äggakaka	²s ɛ ɡ a k 'ɑː k a
äggtoddy	ɛ ɡ t ɔ d ʏ
äggula	²'ɛ ɡ ʉː l a
äggvita	²'ɛ ɡ v iː t a
ägna	²'ɛ ŋ n a
ägnar	²'ɛ ŋ n a r
ägodel	²'ɛː ɡ ʊ d eː l
ägretthäger	ɛ ɡ r ɛ t h ɛ ɡ ɛ r
äh	r
äkt-	²'ɛ k t
äkta	²'ɛ k t a
äktar	²'ɛ k t a r
äktenskap	²'ɛ k t ɛ n s k ɑː p
äktenskapscertifikat	²'ɛ k t ɛ n s k ɑː p s a t ɪ f ɪ k ɑː t
äktenskapsförord	²'ɛ k t ɛ n s k ɑː p s f øː r uː d
äktenskapsskillnad	²'ɛ k t ɛ n s k ɑː p s ɧ ɪ l n a d
äldre	'ɛ l d r ɛ
äldreomsorg	²'ɛ l d r ɛ ɔ m s ɔ r j
äldst	ɛ l s t
älg	ɛ l j
älgar	ɛ l j a r
älling	²s ɛ l ɪ ŋ
älmtaryd	ɛ l m t a r 'yː d
älska	²'ɛ l s k a
älskar	²'ɛ l s k a r
älskare	²'ɛ l s k a r ɛ
älskarinna	²ɛ l s k a r 'ɪ n a
älskling	²'ɛ l s k l ɪ ŋ
älsklings-	²'ɛ l s k l ɪ ŋ s
älskog	²'ɛ l s k uː ɡ
älskvärd	²'ɛ l s k v ɛː d
älta	²'ɛ l t a
ältar	²'ɛ l t a r
älv	ɛ l v
älva	²'ɛ l v a
ämbete	²'ɛ m b eː t ɛ
ämna	²'ɛ m n a
ämnar	²'ɛ m n a r
ämne	²'ɛ m n ɛ
ämneslärare	²'ɛ m n ɛ s l ɛː r a r ɛ
ämnesnamn	²'ɛ m n ɛ s n a m n
ämnesomsättning	²'ɛ m n ɛ s ɔ m s ɛ t n ɪ ŋ
än	ɛ n
ända	²'ɛ n d a
ändamål	²'ɛ n d a m oː l
ändamålsenlig	²'ɛ n d a m oː l s eː n l ɪ ɡ
ände	²'ɛ n d ɛ
ändelse	²'ɛ n d ɛ l s ɛ
ändlös	²'ɛ n d l øː s
ändra	²'ɛ n d r a
ändrar	²'ɛ n d r a r
ändring	²'ɛ n d r ɪ ŋ
ändstation	²'ɛ n d s t a ɧ uː n
ändtarm	²'ɛ n d t a r m
ändå	²'ɛ n d oː
äng	ɛ ŋ
ängel	²'ɛ ŋ ɛ l
änglavakt	²'ɛ ŋ l a v a k t
ängshök	ɛ ŋ s h øː k
ängslan	²'ɛ ŋ s l a n
ängslig	²'ɛ ŋ s l ɪ ɡ
ängspiplärka	ɛ ŋ s p 'iː p l ɛ r k a
änka	²'ɛ ŋ k a
änkestöt	²'ɛ ŋ k ɛ s t øː t
änkling	²'ɛ ŋ k l ɪ ŋ
ännu	²'ɛ n ɵ
äntligen	²'ɛ n t l ɪ ɡ ɛ n
äntra	²'ɛ n t r a
äntrar	²'ɛ n t r a r
äppeljuice	r p ɛ l j 'uː s
äppelknyckarbyxa	ɛ p ɛ l k n ʏ k a r b ʏ k s a
äpple	²'ɛ p l ɛ
äpplen	ɛ p l ɛ n
är	ɛː r
ära	²'ɛː r a
ärad	²'ɛː r a d
ärar	²'ɛː r a r
äregirig	²'ɛː r ɛ j iː r ɪ ɡ
ärekränkning	²'ɛː r ɛ k r ɛ ŋ k n ɪ ŋ
ärelysten	²'ɛː r ɛ l ʏ s t ɛ n
ärende	²'ɛː r ɛ n d ɛ
ärevördig	²'ɛː r ɛ v øː d ɪ ɡ
ärftlig	²'ɛ r f t l ɪ ɡ
ärg	a r j
ärke-	²'ɛ r k ɛ
ärkebiskop	r r k ɛ b ɪ s k ɔ p
ärla	ɛː r l a
ärlig	²'ɛː l ɪ ɡ
ärm	a r m
ärofull	²'ɛː r ʊ f ɵ l
ärorik	²'ɛː r ʊ r iː k
ärr	a r
ärt	a t
ärtig	²'ɛ t ɪ ɡ
ärtsoppa	²'ɛ t ɕ ɔ p a
ärva	'ɛ r v ɛ r
ärvdabalken	²'ɛ r v d a b a l k ɛ n
äsch	a ɧ
äskande	²'ɛ s k a n d ɛ
äskar	²'ɛ s k a r
ät	ɛː t
äta	'ɛː t ɛ r
ätbar	²'ɛː t b ɑː r
äter	ɛː t ɘ r
ätlig	²'ɛː t l ɪ ɡ
ätt	ɛ t
ättestupa	²'ɛ t ɛ s t ʉː p a
ättika	²'ɛ t ɪ k a
ättling	²'ɛ t l ɪ ŋ
även	²'ɛː v ɛ n
äventyr	²'ɛː v ɛ n t yː r
äventyra	²'ɛː v ɛ n t yː r a
äventyrar	²'ɛː v ɛ n t yː r a r
äventyrlig	²s ɛː v ɛ n t 'yː l ɪ
å	oː
åberg	oː b ɛ r j
åberopa	²'oː b ɛ r uː p a
åberopar	²'oː b ɛ r uː p a r
åboensisk	oː b ʊ ɛ n s ɪ s k
åbäke	²'oː b ɛː k ɛ
åda	²s oː d a
åder	'oː d ɛ r
åderlåta	²'oː d ɛ l oː t ɛ r
ådra	²'oː d r a
ågren	oː ɡ r 'eː n
åhr	oː r
åhörardag	²'oː h øː r a d ɑː ɡ
åhörare	²'oː h øː r a r ɛ
åk	oː k
åka	'oː k ɛ r
åkalla	²'oː k a l a
åkallar	²'oː k a l a r
åke	oː k ɛ
åker	'oː k ɛ r
åkeri	oː k ɛ r 'iː
åkerlund	oː k ɛ r l ʊ n d
åkerman	oː k ɛ r m a n
åkerström	oː k ɛ r s t r œ m
åklagare	²'oː k l ɑː ɡ a r ɛ
åkomma	²'oː k ɔ m a
åksjuk	²'oː k ɧ ʉː k
ål	oː l
åla	²'oː l a
ålade	²s oː l a d ɛ
ålagille	²s oː l a j ɪ l ɛ
åland	oː l a n d
ålar	²'oː l a r
ålder	'ɔ l d ɛ r
ålderdom	²'ɔ l d ɛ d ʊ m
ålderdomlig	²'ɔ l d ɛ d ʊ m l ɪ ɡ
ålderdomshem	²'ɔ l d ɛ d ʊ m s h ɛ m
ålderspension	²'ɔ l d ɛ ɕ p a n ɧ uː n
åldras	²'ɔ l d r a s
åldrig	²'ɔ l d r ɪ ɡ
åldring	²'ɔ l d r ɪ ŋ
åldringsvård	²'ɔ l d r ɪ ŋ s v oː d
åligga	²'oː l ɪ ɡ ɛ r
åliggande	²'oː l ɪ ɡ a n d ɛ
ålägga	²'oː l ɛ ɡ ɛ r
ånga	²'ɔ ŋ a
ångar	²'ɔ ŋ a r
ånger	'ɔ ŋ ɛ r
ångerblankett	²'ɔ ŋ ɛ r b l a ŋ k ɛ t
ångermanland	'ɔ ŋ ɛ r m a n l a n d
ångest	'ɔ ŋ ɛ s t
ångmaskin	ɔ ŋ m a ɧ 'iː n
ångra	²'ɔ ŋ r a
ångrar	²'ɔ ŋ r a r
ångström	²s ɔ ŋ s t r œ m
ångvält	²'ɔ ŋ v ɛ l t
ånyo	²ɔ n 'yː ʊ
år	oː r
åra	²'oː r a
åren	oː r ɛ n
åretrunt-	²oː r ɛ t r 'ɵ n t
årgång	²'oː r ɡ ɔ ŋ
århundrade	²'oː r h ɵ n d r a d ɛ
årlig	²'oː l ɪ ɡ
årligen	²'oː l ɪ ɡ ɛ n
årsbok	²'oː ɕ b uː k
årsdag	²'oː ɕ d ɑː ɡ
årskull	²'oː ɕ k ɵ l
årskurs	²'oː ɕ k ɵ ɕ
årsmöte	²'oː ɕ m øː t ɛ
årsskifte	²'oː ɕ ɧ ɪ f t ɛ
årstid	²'oː ɕ t iː d
årta	oː r t a
årtal	²'oː t ɑː l
årtionde	²'oː t iː ɔ n d ɛ
årtusende	²'oː t ʉː s ɛ n d ɛ
ås	oː s
åsidosätta	²ɔ s 'iː d ʊ s ɛ t ɛ r
åsikt	²'oː s ɪ k t
åsiktsyttring	²s oː s ɪ k t s ²s ʏ t r ɪ ŋ
åska	²'ɔ s k a
åskar	²'ɔ s k a r
åskblå	²s ɔ s k b l oː
åskådare	²'oː s k oː d a r ɛ
åskådlig	²'oː s k oː d l ɪ ɡ
åskådliggöra	²'oː s k oː d l ɪ ɡ j øː r
åskådning	²'oː s k oː d n ɪ ŋ
åslund	oː s l ʊ n d
åsna	²'oː s n a
åstadkomma	²'oː s t ɑː d k ɔ m ɛ r
åsyfta	²'oː s ʏ f t a
åsyftar	²'oː s ʏ f t a r
åsyn	²'oː s yː n
åt	oː t
åtagande	²'oː t ɑː ɡ a n d ɛ
åtagit	²'oː t ɑː ɡ ɪ t
åtal	²'oː t ɑː l
åtala	²'oː t ɑː l a
åtalar	²'oː t ɑː l a r
åtanke	²'oː t a ŋ k ɛ
åtbörd	²'oː t b øː d
åter	'oː t ɛ r
återanpassa	²'oː t ɛ r a n p a s a
återanpassar	²'oː t ɛ r a n p a s a r
återanvända	²'oː t ɛ r a n v ɛ n d ɛ r
återberätta	²'oː t ɛ r b ɛ r ɛ t a
återberättar	²'oː t ɛ r b ɛ r ɛ t a r
återbesök	²'oː t ɛ r b ɛ s øː k
återbetala	²'oː t ɛ r b ɛ t ɑː l a
återbetalar	²'oː t ɛ r b ɛ t ɑː l a r
återblick	²'oː t ɛ r b l ɪ k
återbruk	²'oː t ɛ r b r ʉː k
återbud	²'oː t ɛ r b ʉː d
återbäring	²'oː t ɛ r b ɛː r ɪ ŋ
återfall	²'oː t ɛ r f a l
återfinna	²'oː t ɛ r f ɪ n ɛ r
återfå	²'oː t ɛ r f oː r
återföra	²'oː t ɛ r f øː r
återförenas	²'oː t ɛ r f œ r eː n a s
återförsäljare	²'oː t ɛ r f œ ɕ ɛ l j a r ɛ
återge	²'oː t ɛ r j eː
återgälda	²'oː t ɛ r j ɛ l d a
återgäldar	²'oː t ɛ r j ɛ l d a r
återgå	²'oː t ɛ r ɡ oː r
återgång	²'oː t ɛ r ɡ ɔ ŋ
återhållsam	²'oː t ɛ r h ɔ l s a m
återigen	'oː t ɛ r ɪ j ɛ n
återkomma	²'oː t ɛ r k ɔ m ɛ r
återkomst	²'oː t ɛ r k ɔ m s t
återkoppling	²'oː t ɛ r k ɔ p l ɪ ŋ
återresa	²'oː t ɛ r eː s a
återse	²'oː t ɛ ɕ eː r
återseende	²'oː t ɛ ɕ eː ɛ n d ɛ
återspegla	²'oː t ɛ ɕ p eː ɡ l a
återspeglar	²'oː t ɛ ɕ p eː ɡ l a r
återstod	²'oː t ɛ ɕ t uː d
återställa	²'oː t ɛ ɕ t ɛ l ɛ r
återställare	²'oː t ɛ ɕ t ɛ l a r ɛ
återställd	²'oː t ɛ ɕ t ɛ l d
återstå	²'oː t ɛ ɕ t oː r
återtåg	²'oː t ɛ t oː ɡ
återverkan	²'oː t ɛ r v a r k a n
återverkning	²'oː t ɛ r v a r k n ɪ ŋ
återvinna	²'oː t ɛ r v ɪ n ɛ r
återvinning	²'oː t ɛ r v ɪ n ɪ ŋ
återvända	²'oː t ɛ r v ɛ n d ɛ r
återvändsgata	²'oː t ɛ r v ɛ n d s ɡ ɑː t a
återväxt	²'oː t ɛ r v ɛ k s t
åtfölja	²'oː t f œ l j ɛ r
åtgärd	²'oː t j ɛː d
åtgärda	²'oː t j ɛː d a
åtgärdar	²'oː t j ɛː d a r
åtgång	²'oː t ɡ ɔ ŋ
åthävor	²'oː t h ɛː v ʊ r
åtkomlig	²'oː t k ɔ m l ɪ ɡ
åtlöje	²'oː t l œ j ɛ
åtminstone	²oː t m 'ɪ n s t ʊ n ɛ
åtnjuta	²'oː t n j ʉː t ɛ r
åtog	²'oː t uː ɡ
åtrå	²'oː t r oː
åtrår	²'oː t r oː r
åtråvärd	²'oː t r oː v ɛː d
åtskillig	²'oː t ɧ ɪ l ɪ ɡ
åtskilligt	²'oː t ɧ ɪ l ɪ k t
åtskillnad	²'oː t ɧ ɪ l n a d
åtstramning	²'oː t s t r ɑː m n ɪ ŋ
åtta	²'ɔ t a
åttahundra	²s ɔ t a h ɵ n d r a
åttio	²'ɔ t ɪ ʊ
åttioen	²s ɔ t ɪ 'uː ɛ n
åttioförsta	²s ɔ t ɪ ʊ f œ ɕ t a
åttionde	²'ɔ t j ɔ n d ɛ
åttonde	²'ɔ t ɔ n d ɛ
åttondel	²'ɔ t ɔ n d eː l
åverkan	²'oː v a r k a n
é	'eː
ö	øː
öb	²'øː b eː
öde	²'øː d ɛ
ödelägga	²'øː d ɛ l ɛ ɡ ɛ r
ödem	œ d 'eː m
ödemark	²'øː d ɛ m a r k
ödesdiger	²'øː d ɛ s d iː ɡ ɛ r
ödesmättad	²'øː d ɛ s m ɛ t a d
ödla	²'øː d l a
ödmjuk	²'øː d m j ʉː k
ödmjukhet	øː d m j s k h 'eː t
ödsla	²'øː d s l a
ödslar	²'øː d s l a r
ödslig	²'øː d s l ɪ ɡ
öga	²'øː ɡ a
ögla	²'œ ɡ l a
ögonblick	²'øː ɡ ɔ n b l ɪ k
ögonblickligen	²'øː ɡ ɔ n b l ɪ k l ɪ ɡ ɛ n
ögonbryn	²'øː ɡ ɔ n b r yː n
ögonfrans	²'øː ɡ ɔ n f r a n s
ögonkast	²'øː ɡ ɔ n k a s t
ögonlock	²'øː ɡ ɔ n l ɔ k
ögonskugga	²'øː ɡ ɔ n s k ɵ ɡ a
ögonsten	²'øː ɡ ɔ n s t eː n
ögonvittne	²'øː ɡ ɔ n v ɪ t n ɛ
öka	²'øː k a
ökar	²'øː k a r
öken	'øː k ɛ n
ökenlöpare	œ k ɛ n l øː p a r ɛ
ökenpipare	øː k ɛ n p 'iː p a r ɛ
öknamn	²'øː k n a m n
ökning	²'øː k n ɪ ŋ
ökänd	²'øː ɕ ɛ n d
ökändhet	²s øː ɕ ɛ n d h 'eː t
öl	øː l
öland	'øː l a n d
öm	œ m
ömka	²'œ m k a
ömkan	²'œ m k a n
ömkansvärd	²'œ m k a n s v ɛː d
ömkar	²'œ m k a r
ömklig	²'œ m k l ɪ ɡ
ömma	²'œ m a
ömmar	²'œ m a r
ömsa	²'œ m s a
ömsar	²'œ m s a r
ömsesidig	²'œ m s ɛ s iː d ɪ ɡ
ömsom	²'œ m s ɔ m
ömtålig	²'œ m t oː l ɪ ɡ
ön	øː n
önska	²'œ n s k a
önskan	²'œ n s k a n
önskar	²'œ n s k a r
önskedröm	²'œ n s k ɛ d r œ m
önskelista	²'œ n s k ɛ l ɪ s t a
önskemål	²'œ n s k ɛ m oː l
önsketänkande	²'œ n s k ɛ t ɛ ŋ k a n d ɛ
önskning	²'œ n s k n ɪ ŋ
önskvärd	²'œ n s k v ɛː d
öppen	²'œ p ɛ n
öppenhet	²'œ p ɛ n h eː t
öppenhjärtig	²'œ p ɛ n j a t ɪ ɡ
öppenhjärtlig	²s œ p ɛ n j ɛ r t l ɪ
öppenvård	²'œ p ɛ n v oː d
öppethållande	²'œ p ɛ t h ɔ l a n d ɛ
öppna	²'œ p n a
öppnar	²'œ p n a r
öppnare	²'œ p n a r ɛ
öppning	²'œ p n ɪ ŋ
öra	²'øː r a
öre	²'øː r ɛ
örebro	œ r ɛ b r 'uː
öregrund	'œ r ɛ ɡ r ɵ n d
öresund	øː r ɛ s 'ɵ n d
örfil	²'øː r f iː l
örhänge	²'øː r h ɛ ŋ ɛ
öring	²'øː r ɪ ŋ
örlogs-	²'øː l ʊ ɡ s
örn	øː n
örngott	²'øː n ɡ ɔ t
örnvinge	²s øː r n v ɪ ŋ ɛ
örnvråk	øː r n v r oː k
öronbedövande	²'øː r ɔ n b ɛ d øː v a n d ɛ
öronmussla	²'øː r ɔ n m ɵ s l a
öronsäl	øː r ɔ n s ɛː l
örsnibb	²'øː ɕ n ɪ b
örsprång	²'øː ɕ p r ɔ ŋ
ört	œ t
ös	øː s
ösa	'øː s ɛ r
ösregn	²'øː s r ɛ ŋ n
öst	œ s t
östafrikansk	²s øː s t a f r 'iː k a n s k
öster	'œ s t ɛ r
österbybruk	œ s t ɛ r b t b r ʉː k
östergötland	²'œ s t ɛ r j øː t l a n d
österrike	œ s t ɛ r 'iː k ɛ
östersjön	²s 'œ s t ɛ r ɧ 'œ n
östersund	œ s t ɛ r s ɵ n d
österut	'œ s t ɛ r ʉː t
österåker	²s œ s t ɛ r oː k ɛ r
östeuropa	œ s t ɛ r 'uː p a
östgöte	²'œ ɧ øː t ɛ
östgötska	œ s t j øː t s k a
östhammar	œ s t h a m a r
östlig	²'œ s t l ɪ ɡ
östra	²'œ s t r a
öststat	²'œ s t s t ɑː t
öva	²'øː v a
övar	²'øː v a r
över	'øː v ɛ r
överallt	øː v ɛ r 'a l t
överanstränga	²'øː v ɛ r a n s t r ɛ ŋ ɛ r
överansträngning	²'øː v ɛ r a n s t r ɛ ŋ n ɪ ŋ
överbefolkad	²'øː v ɛ r b ɛ f ɔ l k a d
överbefälhavare	²'øː v ɛ r b ɛ f ɛː l h ɑː v a r ɛ
överbelagd	²'øː v ɛ r b ɛ l a ɡ d
överbeskydda	²'øː v ɛ r b ɛ ɧ ʏ d a
överbeskyddar	²'øː v ɛ r b ɛ ɧ ʏ d a r
överbevisa	²'øː v ɛ r b ɛ v iː s a
överbevisar	²'øː v ɛ r b ɛ v iː s a r
överblick	²'øː v ɛ r b l ɪ k
överblicka	²'øː v ɛ r b l ɪ k a
överblickar	²'øː v ɛ r b l ɪ k a r
överbliven	²'øː v ɛ r b l iː v ɛ n
överbringa	²'øː v ɛ r b r ɪ ŋ a
överbringar	²'øː v ɛ r b r ɪ ŋ a r
överbrygga	²'øː v ɛ r b r ʏ ɡ a
överbryggar	²'øː v ɛ r b r ʏ ɡ a r
överbyggnad	²'øː v ɛ r b ʏ ɡ n a d
överdos	²'øː v ɛ d uː s
överdrag	²'øː v ɛ d r ɑː ɡ
överdragskläder	²'øː v ɛ d r ɑː ɡ s k l ɛː d ɛ r
överdrift	²'øː v ɛ d r ɪ f t
överdriva	²'øː v ɛ d r iː v ɛ r
överdriven	²'øː v ɛ d r iː v ɛ n
överdåd	²'øː v ɛ d oː d
överdådig	²'øː v ɛ d oː d ɪ ɡ
överens	øː v ɛ r 'ɛ n s
överenskommelse	²'øː v ɛ r ɛ n s k ɔ m ɛ l s ɛ
överensstämma	²'øː v ɛ r ɛ n s t ɛ m ɛ r
överensstämmelse	²'øː v ɛ r ɛ n s t ɛ m ɛ l s ɛ
överfall	²'øː v ɛ r f a l
överfalla	²'øː v ɛ r f a l ɛ r
överfart	²'øː v ɛ r f ɑː t
överflöd	²'øː v ɛ r f l øː d
överflödig	²'øː v ɛ r f l øː d ɪ ɡ
överföll	²'øː v ɛ r f œ l
överföra	²'øː v ɛ r f øː r
överförd	²'øː v ɛ r f øː d
överförmyndare	²'øː v ɛ r f øː r m ʏ n d a r ɛ
övergiva	²'øː v ɛ r j eː r
överglänsa	²'øː v ɛ r ɡ l ɛ n s ɛ r
övergrepp	²'øː v ɛ r ɡ r ɛ p
övergripande	²'øː v ɛ r ɡ r iː p a n d ɛ
övergående	²'øː v ɛ r ɡ oː ɛ n d ɛ
övergång	²'øː v ɛ r ɡ ɔ ŋ
övergångsbiljett	²'øː v ɛ r ɡ ɔ ŋ s b ɪ l j ɛ t
övergångsjacka	œ v ɛ r ɡ oː ŋ s j a k a
övergångsställe	²'øː v ɛ r ɡ ɔ ŋ s t ɛ l ɛ
övergångsålder	²'øː v ɛ r ɡ ɔ ŋ s ɔ l d ɛ r
övergår	²'øː v ɛ r ɡ oː r
överhand	²'øː v ɛ r h a n d
överhet	²'øː v ɛ r h eː t
överhopa	²'øː v ɛ r h uː p a
överhopar	²'øː v ɛ r h uː p a r
överhuvudtaget	²øː v ɛ r h 'ʉː v ɵ d ²t 'ɑː ɡ ɛ t
överhängande	²'øː v ɛ r h ɛ ŋ a n d ɛ
överilad	²'øː v ɛ r iː l a d
överinseende	²'øː v ɛ r ɪ n s eː ɛ n d ɛ
överkast	²'øː v ɛ r k a s t
överklaga	²'øː v ɛ r k l ɑː ɡ a
överklagar	²'øː v ɛ r k l ɑː ɡ a r
överklass	²'øː v ɛ r k l a s
överkomlig	²'øː v ɛ r k ɔ m l ɪ ɡ
överkänslig	²'øː v ɛ r ɕ ɛ n s l ɪ ɡ
överkörd	²'øː v ɛ r ɕ øː d
överlag	øː v ɛ l 'ɑː ɡ
överlagd	²'øː v ɛ l a ɡ d
överleva	²'øː v ɛ l eː v ɛ r
överlevande	²'øː v ɛ l eː v a n d ɛ
överliggare	²'øː v ɛ l ɪ ɡ a r ɛ
överljuds-	²'øː v ɛ r j ɵ d s
överlupen	²'øː v ɛ l ʉː p ɛ n
överläge	²'øː v ɛ l ɛː ɡ ɛ
överlägga	²'øː v ɛ l ɛ ɡ ɛ r
överläggning	²'øː v ɛ l ɛ ɡ n ɪ ŋ
överlägsen	²'øː v ɛ l ɛː ɡ s ɛ n
överläkare	²'øː v ɛ l ɛː k a r ɛ
överlämna	²'øː v ɛ l ɛ m n a
överlämnar	²'øː v ɛ l ɛ m n a r
överlåta	²'øː v ɛ l oː t ɛ r
överlåtelse	²'øː v ɛ l oː t ɛ l s ɛ
överlöpare	²'øː v ɛ l øː p a r ɛ
övermakt	²'øː v ɛ r m a k t
överman	²'øː v ɛ r m a n
övermanna	²'øː v ɛ r m a n a
övermannar	²'øː v ɛ r m a n a r
övermod	²'øː v ɛ r m uː d
övermorgon	²'øː v ɛ r m ɔ r ɡ ɔ n
övermäktig	²'øː v ɛ r m ɛ k t ɪ ɡ
övermått	²'øː v ɛ r m ɔ t
övernatta	²'øː v ɛ n a t a
övernattar	²'øː v ɛ n a t a r
övernaturlig	²'øː v ɛ n a t ʉː l ɪ ɡ
överordnad	²'øː v ɛ r oː d n a d
överraska	²'øː v ɛ r a s k a
överraskande	²'øː v ɛ r a s k a n d ɛ
överraskar	²'øː v ɛ r a s k a r
överraskning	²'øː v ɛ r a s k n ɪ ŋ
överresa	²'øː v ɛ r eː s a
överrock	²'øː v ɛ r ɔ k
överrumpla	²'øː v ɛ r ɵ m p l a
överrumplar	²'øː v ɛ r ɵ m p l a r
överrösta	²'øː v ɛ r œ s t a
överröstar	²'øː v ɛ r œ s t a r
överse	²'øː v ɛ ɕ eː r
överseende	²'øː v ɛ ɕ eː ɛ n d ɛ
översikt	²'øː v ɛ ɕ ɪ k t
översittare	²'øː v ɛ ɕ ɪ t a r ɛ
överskatta	²'øː v ɛ ɕ k a t a
överskattar	²'øː v ɛ ɕ k a t a r
överskott	²'øː v ɛ ɕ k ɔ t
överskrida	²'øː v ɛ ɕ k r iː d ɛ r
överskrift	²'øː v ɛ ɕ k r ɪ f t
överskugga	²'øː v ɛ ɕ k ɵ ɡ a
överskuggar	²'øː v ɛ ɕ k ɵ ɡ a r
överskådlig	²'øː v ɛ ɕ k oː d l ɪ ɡ
överslag	²'øː v ɛ ɕ l ɑː ɡ
överspelad	²'øː v ɛ ɕ p eː l a d
överspänd	²'øː v ɛ ɕ p ɛ n d
överst	'øː v ɛ ɕ t
översta	'øː v ɛ ɕ t a
överste	'øː v ɛ ɕ t ɛ
överstiga	²'øː v ɛ ɕ t iː ɡ ɛ r
överstökad	²'øː v ɛ ɕ t øː k a d
översvallande	²'øː v ɛ ɕ v a l a n d ɛ
översvämma	²'øː v ɛ ɕ v ɛ m a
översvämmar	²'øː v ɛ ɕ v ɛ m a r
översyn	²'øː v ɛ ɕ yː n
översynt	²'øː v ɛ ɕ yː n t
översätta	²'øː v ɛ ɕ ɛ t ɛ r
översättare	²'øː v ɛ ɕ ɛ t a r ɛ
översättning	²'øː v ɛ ɕ ɛ t n ɪ ŋ
översållad	²'øː v ɛ ɕ ɔ l a d
överta	²'øː v ɛ t ɑː r
övertag	²'øː v ɛ t ɑː ɡ
övertagit	²'øː v ɛ t ɑː ɡ ɪ t
övertala	²'øː v ɛ t ɑː l a
övertalar	²'øː v ɛ t ɑː l a r
övertalning	²'øː v ɛ t ɑː l n ɪ ŋ
övertid	²'øː v ɛ t iː d
övertog	²'øː v ɛ t uː ɡ
överton	²'øː v ɛ t uː n
övertramp	²'øː v ɛ t r a m p
övertrassera	²'øː v ɛ t r a s eː r a
övertrasserar	²'øː v ɛ t r a s eː r a r
överträda	²'øː v ɛ t r ɛː d ɛ r
överträffa	²'øː v ɛ t r ɛ f a
överträffar	²'øː v ɛ t r ɛ f a r
övertyga	²'øː v ɛ t yː ɡ a
övertygande	²'øː v ɛ t yː ɡ a n d ɛ
övertygar	²'øː v ɛ t yː ɡ a r
övertygelse	²'øː v ɛ t yː ɡ ɛ l s ɛ
övervaka	²'øː v ɛ r v ɑː k a
övervakar	²'øː v ɛ r v ɑː k a r
övervakare	²'øː v ɛ r v ɑː k a r ɛ
övervann	²'øː v ɛ r v a n
övervara	²'øː v ɛ r v ɑː r a
övervarar	²'øː v ɛ r v ɑː r a r
övervikt	²'øː v ɛ r v ɪ k t
övervinna	²'øː v ɛ r v ɪ n ɛ r
övervintra	²'øː v ɛ r v ɪ n t r a
övervintrar	²'øː v ɛ r v ɪ n t r a r
övervunnit	²'øː v ɛ r v ɵ n ɪ t
överväga	²'øː v ɛ r v ɛː ɡ ɛ r
övervägande	²'øː v ɛ r v ɛː ɡ a n d ɛ
överväldiga	²'øː v ɛ r v ɛ l d ɪ ɡ a
överväldigande	²'øː v ɛ r v ɛ l d ɪ ɡ a n d ɛ
överväldigar	²'øː v ɛ r v ɛ l d ɪ ɡ a r
övervärdera	œ v ɛ r v ɛː r d 'eː r a
övervåning	²'øː v ɛ r v oː n ɪ ŋ
överösa	²'øː v ɛ r øː s ɛ r
övning	²'øː v n ɪ ŋ
övningskörning	²'øː v n ɪ ŋ s ɕ øː n ɪ ŋ
övningslärare	²'øː v n ɪ ŋ s l ɛː r a r ɛ
övre	'øː v r ɛ
övrig	²'øː v r ɪ ɡ
övärld	²'øː v ɛː d
ā	ɛ
ō	øː
