af	a f
for	f ɔ r
du	d uːˀ
kan	k a n
om	ɔ m
da	d a
kunne	k o n ə
lige	l iː ə
op	ɔ p
bliver	b l iː v ə r
havde	h a v d ə
over	ɔ v ə r
hun	h o n
få	f ɔːˀ
kun	k o n
deres	d eː r ə s
kommer	k ɔ m ə r
må	m ɔː
denne	d ɛ n ə
dette	d ɛ t ə
flere	f l eː r ə
nok	n ɔ k
været	v ɛː r ə ð
igen	iː ə n
fik	f e k
hele	h eː l ə
sammen	s a m ə n
nye	n yː ə
tid	t i ð
sin	s iː n
danske	d a n s k ə
sådan	s ɔ d a n
kom	k ɔ m
del	d ɛ lˀ
nogen	n ɔː ɣ ə n
store	s t oː r ə
før	f øːˀ r
tror	t r oːˀ r
dit	d i t
gå	ɡ ɔːˀ
hos	h oː s
komme	k ɔ m ə
tre	t r eːˀ
giver	ɡ iː v ə r
dine	d iː n ə
disse	d i s ə
set	s ɛ t
fået	f ɔːˀ ə ð
hendes	h ɛ n ə s
inden	e n ə n
står	s t ɔːˀ r
give	ɡ iː v ə
synes	s yː n ə s
forskellige	f ɔ r s k ɛ l i ə
vej	v a jˀ
virkelig	v e r k ə l i
sige	s iː ə
gange	ɡ a n ɡ ə
hjem	j ɛ mˀ
lide	l iː ð ə
måde	m ɔː ð ə
gamle	ɡ a m l ə
verden	v ɛ r d ə n
ligger	l e ɡ ə r
mener	m eː n ə r
navn	n a vˀ n
the	t eːˀ
findes	f e n ə s
grund	ɡ r o nˀ
sit	s i t
tidligere	t i d l i ɡ eː r ə
kender	k ɛ n ə r
holde	h ɔ l ə
stort	s t ɔ r t
vist	v e s t
haft	h a f t
længere	l ɛ n ɡ ə r ə
væk	v ɛ k
senere	s e n eː r ə
stedet	s t eː ð ə ð
betyder	b e t yː d ə r
holder	h ɔ l ə r
ca	k a
kvinder	k v e n ə r
snart	s n a r t
sikkert	s e k ə r t
række	r ɛ k ə
byen	b yː ə n
døde	d øː ð ə
svært	s v ɛ r t
viser	v iː s ə r
lavet	l a v ə ð
fem	f ɛ mˀ
håber	h ɔː b ə r
fundet	f o n ə ð
kommune	k ɔ m uː n ə
hvert	v ɛ r t
kører	k øː r ə r
ligesom	l iː ə s ɔ m
virker	v e r k ə r
ses	s eː s
by	b yː
handler	h a n l ə r
købe	k øː b ə
lyder	l yː d ə r
sidder	s i d ə r
bruges	b r uː ə s
danmarks	d a n m a r k s
dele	d eː l ə
forbindelse	f ɔ r b e n ə l s ə
møde	m øː ð ə
sagt	s a k t
selvom	s ɛ l v ɔ m
fleste	f l ɛ s t ə
tænker	t ɛ n k ə r
usa	uː s a
imod	i m oː d
problemer	p r o b l eː m ə r
små	s m ɔː
stå	s t ɔːˀ
sætte	s ɛ t ə
vejen	v a j ə n
dagen	d aː ɣ ə n
følge	f ø l j ə
således	s ɔː l ə ð ə s
venner	v ɛ n ə r
blot	b l ɔ t
føler	f øː l ə r
kamp	k a m p
ok	ɔ k
alene	a l eː n ə
in	iː n
lade	l aː d ə
of	ɔ f
sikker	s e k ə r
skrevet	s k r eː v ə ð
læs	l ɛː s
netop	n e t ɔ p
sætter	s ɛ t ə r
landet	l a n ə ð
løbet	l øː b ə ð
stille	s t e l ə
bad	b a d
forbi	f ɔ r b iː
hus	h uː s
la	l a
samarbejde	s a m a r b a j d ə
desuden	d e s uː d ə n
lære	l ɛː r ə
mindst	m e n s t
rigtige	r e k t i ə
holdt	h ɔ l t
hører	h øː r ə r
sat	s a t
klart	k l a r t
mangler	m a n ɡ l ə r
stod	s t ɔ d
venstre	v ɛ n s t r ə
inde	e n ə
nummer	n o m ə r
resten	r ɛ s t ə n
års	ɔ r s
kræver	k r ɛː v ə r
område	ɔ m r ɔː ð ə
uger	uː ə r
begyndte	b e ɡ ø n t ə
derefter	d e r ɛ f t ə r
fc	ɛ f s eː
lande	l a n ə
arbejdet	a r b a j d ə t
danskere	d a n s k eː r ə
indenfor	e n ə n f ɔ r
it	i t
skriver	s k r iː v ə r
følgende	f ø l j ə n ə
givet	ɡ iː v ə ð
stop	s t ɔ p
ene	eː n ə
forældre	f ɔ r ɛ l d r ə
hørt	h ø r t
kendte	k ɛ n t ə
året	ɔː r ə ð
egne	a j n ə
rejse	r a j s ə
samlet	s a m l ə ð
ske	s k eːˀ
familien	f a m i l j ə n
nuværende	n u v ɛː r ə n ə
sagen	s aː ɣ ə n
super	s u p ə r
behøver	b e h øː v ə r
huske	h u s k ə
kampen	k a m p ə n
kæreste	k ɛː r ə s t ə
piger	p iː ə r
stærkt	s t ɛ r k t
vise	v iː s ə
hårdt	h ɔ r t
fælles	f ɛ l ə s
kalder	k a l ə r
kampe	k a m p ə
sende	s ɛ n ə
sgu	s ɡ uːˀ
vidste	v i s t ə
ekstra	ɛ k s t r a
lars	l a r s
sex	s ɛ k s
skolen	s k oː l ə n
tilfælde	t e l f ɛ l ə
grad	ɡ r a ð
mio	m iː o
nødt	n ø t
on	ɔ n
sikre	s e k r ə
sort	s ɔ r t
vis	v iːˀ s
dårlig	d ɔ r l i
fat	f a t
gælder	ɡ ɛ l ə r
hvide	v iː ð ə
stand	s t a nˀ
venter	v ɛ n t ə r
århus	ɔ r h uː s
lærer	l ɛː r ə r
meter	m eː t ə r
starter	s t a r t ə r
afsnit	a f s n i t
fortsat	f ɔ r t s a t
indeholder	e n ə h ɔ l ə r
politik	p o l i t i k
stykke	s t ø k ə
vigtig	v e k t i
erne	ɛ r n ə
født	f ø t
kommunen	k ɔ m uː n ə n
krig	k r iːˀ
nemt	n ɛ m t
områder	ɔ m r ɔː d ə r
prøver	p r øː v ə r
årig	ɔː r i
angreb	a n ɡ r eːˀ b
formand	f ɔ r m a nˀ
gruppe	ɡ r o p ə
lys	l yː s
oktober	ɔ k t oː b ə r
røde	r øː ð ə
syv	s yː v
færdig	f ɛ r d i
lægger	l ɛ ɡ ə r
samlede	s a m l eː ð ə
særligt	s ɛ r l i t
type	t yː p ə
vild	v i lˀ
dens	d ɛ n s
ondt	ɔ n t
randers	r a n ə r s
skete	s k eː t ə
start	s t a r t
børnene	b œ r n ə n ə
foregår	f ɔ r ə ɡ ɔː r
point	p o e n t
viste	v e s t ə
øvrigt	ø v r e k t
data	d aː t a
falder	f a l ə r
hey	h a jˀ
idé	i d e
kultur	k u l t uː r
martin	m a r t iː n
prøv	p r øːˀ v
ringe	r e n ɡ ə
sang	s a n ɡ
sidde	s i d ə
top	t ɔ p
bilen	b iː l ə n
ide	iː ð ə
lader	l aː d ə r
sad	s a d
stemme	s t ɛ m ə
stærk	s t ɛ r k
sælger	s ɛ l j ə r
søren	s øː r ə n
biler	b iː l ə r
faldt	f a l t
glæder	ɡ l ɛː d ə r
hellere	h ɛ l ə r ə
holdet	h ɔ l ə ð
køber	k øː b ə r
købt	k ø p t
midt	m i t
møder	m øː d ə r
nielsen	n i ə l s ə n
prisen	p r iː s ə n
prøvet	p r øː v ə ð
smukke	s m o k ə
sociale	s o s j aː l ə
sorte	s ɔ r t ə
spillede	s p e l ə ð ə
vejle	v a j l ə
anvendes	a n v ɛ n ə s
husker	h u s k ə r
kig	k iːˀ
kommende	k ɔ m ə n ə
online	ɔ n l iː n ə
pengene	p ɛ n ɡ ə n ə
rejser	r a j s ə r
styrke	s t y r k ə
team	t iː m
vigtigste	v e k t i s t ə
betaler	b e t aː l ə r
kone	k oː n ə
november	n ɔ v ɛ m b ə r
tænk	t ɛ n k
york	j ɔ r k
økonomisk	ø k o n oː m i s k
adgang	a d ɡ a n ɡ
banen	b aː n ə n
ender	ɛ n ə r
gider	ɡ iː d ə r
indsats	e n s a t s
klasse	k l a s ə
lagt	l a k t
lukket	l o k ə ð
pas	p a s
program	p r o ɡ r a m
rolle	r ɔ l ə
satte	s a t ə
vundet	v o n ə ð
an	a n
baby	b aː b i
fortsætter	f ɔ r t s ɛ t ə r
fører	f øː r ə r
guld	ɡ u lˀ
kirke	k i r k ə
kroner	k r oː n ə r
mente	m ɛ n t ə
præsident	p r ɛ s i d ɛ n t
resultater	r ɛ s u l t aː t ə r
øvrige	ø v r iː ə
amerikanske	a m e r i k aː n s k ə
dengang	d ɛ n ɡ a n ɡ
derudover	d e r u d ɔ v ə r
formål	f ɔ r m ɔː l
kørte	k ø r t ə
ledelse	l eː ð ə l s ə
muligheder	m uː l i h eː d ə r
sider	s iː d ə r
social	s o s j aː l
ét	e t
anders	a n ə r s
ejer	a j ə r
klub	k l uː b
max	m a k s
model	m o d ɛ l
smule	s m uː l ə
sport	s p ɔ r t
straks	s t r a k s
tyske	t y s k ə
åh	ɔːˀ
alder	a l ə r
david	d a v iːˀ ð
dét	d e t
hader	h aː d ə r
internationale	e n t ə r n a ɕ o n aː l ə
kommuner	k ɔ m uː n ə r
kontakt	k ɔ n t a k t
koster	k ɔ s t ə r
lægge	l ɛ ɡ ə
mødte	m ø t ə
opgave	ɔ p ɡ aː v ə
private	p r i v aː t ə
smukt	s m o k t
starten	s t a r t ə n
stoppe	s t ɔ p ə
trækker	t r ɛ k ə r
tænkt	t ɛ n k t
all	a l
energi	eː n ə r ɡ iː
frank	f r a n k
natten	n a t ə n
navnet	n a v n ə ð
oppe	ɔ p ə
passe	p a s ə
stemmer	s t ɛ m ə r
tillykke	t e l ø k ə
vender	v ɛ n ə r
glade	ɡ l aː d ə
hente	h ɛ n t ə
klubben	k l o b ə n
kraft	k r a f t
regler	r a j l ə r
vigtige	v e k t i ə
endda	ɛ n d a
køb	k øːˀ b
ligeledes	l iː ə l eː ð ə s
mindste	m e n s t ə
profil	p r o f iː l
stopper	s t ɔ p ə r
almindelig	a l m e n ə l i
fortsætte	f ɔ r t s ɛ t ə
hotel	h o t ɛ l
hænder	h ɛ n ə r
if	i f
indlæg	e n l ɛ ɡ
levende	l ɛ v ə n ə
medicin	m e d i s iː n
skyldes	s k y l ə s
snakker	s n a k ə r
visse	v i s ə
åbner	ɔː b n ə r
damer	d aː m ə r
fuldstændig	f u l s t ɛ n d i
hund	h o nˀ
meste	m ɛ s t ə
morten	m ɔ r t ə n
rammer	r a m ə r
ramt	r a m t
selve	s ɛ l v ə
skønt	s k ø n t
snak	s n a k
stykker	s t ø k ə r
arbejdede	a r b a j d ə ð ə
bygget	b y ɡ ə ð
fuck	f o k
nærmest	n ɛ r m ə s t
serie	s eː r i ə
smart	s m a r t
svarer	s v aː r ə r
tom	t ɔ m
harry	h a r i
information	e n f ɔ r m a ɕ oˀ n
james	j aː m ə s
lækkert	l ɛ k ə r t
magt	m a k t
my	m yː
projekt	p r o j ɛ k t
toppen	t ɔ p ə n
artikler	a r t e k l ə r
dels	d ɛ l s
hænger	h ɛ n ɡ ə r
oh	oːˀ
ole	oː l ə
omgang	ɔ m ɡ a n ɡ
politikere	p o l i t i k eː r ə
primært	p r i m ɛ r t
solen	s oː l ə n
hyggeligt	h y ɡ ə l i t
hånden	h ɔ n ə n
jamen	j aː m ə n
mødes	m øː ð ə s
mødt	m ø t
netværk	n e t v ɛ r k
ordet	o r d ə ð
planer	p l aː n ə r
retten	r ɛ t ə n
runde	r o n ə
simpelthen	s e m p ə l t h eː n
stærke	s t ɛ r k ə
veje	v a j ə
bud	b u d
følelser	f øː l ə l s ə r
kalde	k a l ə
krigen	k r iː ə n
larsen	l a r s ə n
nævnt	n ɛ vˀ n t
priser	p r iː s ə r
savner	s a v n ə r
tabte	t a p t ə
andersen	a n ə r s ə n
drikke	d r e k ə
døren	d øː r ə n
grænser	ɡ r ɛ n s ə r
kørt	k ø r t
lavere	l a v eː r ə
manglende	m a n ɡ l ɛ n ə
olsen	ɔ l s ə n
privat	p r i v aː t
stoffer	s t ɔ f ə r
vende	v ɛ n ə
version	v ɛ r s j oː n
begyndt	b e ɡ ø n t
bliv	b l iːˀ v
borgere	b ɔ r ɡ eː r ə
dagens	d aː ɣ ə n s
derimod	d e r i m oː d
forventer	f ɔ r v ɛ n t ə r
gaden	ɡ aː d ə n
kaldes	k a l ə s
kritik	k r i t i k
kæft	k ɛ f t
lukke	l o k ə
plus	p l uː s
rart	r a r t
sager	s aː ɣ ə r
sendte	s ɛ n t ə
stiller	s t e l ə r
tider	t iː d ə r
virke	v e r k ə
christian	k r e s t j aː n
dybt	d y p t
hurtigere	h u r t i ɡ eː r ə
kaldte	k a l t ə
omfatter	ɔ m f a t ə r
partier	p a r t j ə r
plejer	p l a j ə r
rolig	r oː l i
sammenhæng	s a m ə n h ɛ n ɡ
skifte	s k e f t ə
fjerne	f j ɛ r n ə
skoler	s k oː l ə r
svenske	s v ɛ n s k ə
søster	s ø s t ə r
tab	t aː b
tjek	t j ɛ k
vilde	v i l ə
amerikansk	a m e r i k aː n s k
black	b l a k
byens	b yː ə n s
dækker	d ɛ k ə r
endte	ɛ n t ə
føle	f øː l ə
grønne	ɡ r œ n ə
jens	j ɛ n s
kunst	k o n s t
kvalitet	k v a l i t eː t
lykkedes	l ø k ə ð ə s
pladser	p l a s ə r
sagtens	s a k t ə n s
situation	s i t u a ɕ oˀ n
staten	s t aː t ə n
såsom	s ɔː s ɔ m
såvel	s ɔː v ə l
tingene	t e n ɡ ə n ə
ugen	uː ə n
varer	v aː r ə r
åbenbart	ɔː b ə n b a r t
begyndelsen	b e ɡ ø n ə l s ə n
cirka	s i r k a
føles	f øː l ə s
klubber	k l o b ə r
kunder	k o n ə r
minder	m e n ə r
navne	n a v n ə
skidt	s k i t
skud	s k u d
svaret	s v aː r ə ð
tjene	t j eː n ə
udsat	u d s a t
varme	v a r m ə
vidt	v i t
art	a r t
beklager	b e k l aː ɣ ə r
falde	f a l ə
general	ɡ e n ə ʁ ɑˀ l
halvdelen	h a l v d eː l ə n
havet	h aː v ə ð
kina	k iː n a
konkurrence	k ɔ n k u r ɛ n s ə
løs	l øː s
teknisk	t ɛ k n i s k
ændrer	ɛ n d r ə r
gæster	ɡ ɛ s t ə r
gøres	ɡ øː r ə s
kirken	k i r k ə n
luft	l o f t
lukker	l o k ə r
mads	m a s
mister	m e s t ə r
reglerne	r a j l ə r n ə
blomster	b l ɔ m s t ə r
fantastiske	f a n t a s t i s k ə
gives	ɡ iː v ə s
grader	ɡ r aː d ə r
grupper	ɡ r o p ə r
grænsen	ɡ r ɛ n s ə n
halvt	h a l v t
international	e n t ə r n a ɕ o n aː l
jylland	j y l a n
munden	m o n ə n
målet	m ɔː l ə ð
opgaver	ɔ p ɡ aː v ə r
produkter	p r o d o k t ə r
samfundet	s a m f o n ə ð
skudt	s k u t
sommeren	s ɔ m ə r ə n
spanien	s p a n i ə n
taber	t aː b ə r
analyse	a n a l yː s ə
dets	d ɛ t s
eksempelvis	ɛ k s ɛ m p ə l v iː s
eksempler	ɛ k s ɛ m p l ə r
flotte	f l ɔ t ə
historisk	h i s t oː r i s k
kongen	k ɔ n ɡ ə n
konstant	k ɔ n s t a n t
kræfter	k r ɛ f t ə r
køge	k øː j ə
landbrug	l a n b r uːˀ
lært	l ɛ r t
pakke	p a k ə
parken	p a r k ə n
ramme	r a m ə
skoven	s k ɔː v ə n
såkaldte	s ɔ k a l t ə
tilfreds	t e l f r e s
transport	t r a n s p ɔ r t
øget	øː j ə ð
anlæg	a n l ɛ ɡ
bærer	b ɛː r ə r
centrum	s ɛ n t r ɔ m
chris	k r iː s
debat	d e b a t
drømme	d r œ m ə
dygtig	d y k t i
faldet	f a l ə ð
forklare	f ɔ r k l aː r ə
frie	f r iː ə
frit	f r i t
glemmer	ɡ l ɛ m ə r
glemte	ɡ l ɛ m t ə
handel	h a n ə l
hjertet	j ɛ r t ə ð
kilometer	k i l o m eː t ə r
listen	l e s t ə n
læste	l ɛ s t ə
nemmere	n ɛ m ə r ə
næppe	n ɛ p ə
nærmere	n ɛ r m eː r ə
rettigheder	r ɛ t i h eː d ə r
skifter	s k e f t ə r
tjener	t j eː n ə r
anne	a n ə
center	s ɛ n t ə r
deler	d eː l ə r
fede	f eː ð ə
glas	ɡ l aː s
grunden	ɡ r o n ə n
italien	i t a l j ə n
klassiske	k l a s i s k ə
løgn	l ø j n
rige	r iː ə
single	s e n ɡ l ə
tekniske	t ɛ k n i s k ə
umiddelbart	u m i d ə l b a r t
varmt	v a r m t
beskytte	b e s k ø t ə
firma	f i r m a
former	f ɔ r m ə r
fuldt	f u l t
følte	f ø l t ə
gave	ɡ aː v ə
gruppen	ɡ r o p ə n
ii	iː
jack	j a k
kontrakt	k ɔ n t r a k t
linje	l e n j ə
luften	l o f t ə n
lytter	l y t ə r
løse	l øː s ə
mørke	m œ r k ə
paa	p aː
risiko	r i s i k o
ryggen	r ø ɡ ə n
skibet	s k iː b ə ð
tryk	t r ø k
anna	a n a
bornholm	b ɔ r n h ɔ l m
drejer	d r a j ə r
familier	f a m i l j ə r
fanden	f a n ə n
fornøjelse	f ɔ r n ø j ə l s ə
forskere	f ɔ r s k eː r ə
fortjener	f ɔ r t j eː n ə r
hunde	h o n ə
hva	v a
klassisk	k l a s i s k
længde	l ɛ n ɡ d ə
opnå	ɔ p n ɔ
planen	p l aː n ə n
tour	t uː r
universitet	u n i v ɛ r s i t eː t
virkede	v e r k ə ð ə
aktiviteter	a k t i v i t eː t ə r
am	a m
besluttede	b e s l u t ə ð ə
bestyrelsen	b e s t yː r ə l s ə n
guds	ɡ u s
guide	ɡ iː d ə
kevin	k e v iː n
lukkede	l o k ə ð ə
markant	m a r k a n t
pladsen	p l a s ə n
professionel	p r o f ɛ s j o n ɛ l
programmer	p r o ɡ r a m ə r
soldater	s ɔ l d aː t ə r
stat	s t a t
stigende	s t iː ə n ə
street	s t r eː ə ð
trak	t r a k
yngre	ø n ɡ r ə
bevægelse	b e v ɛː ɡ ə l s ə
bort	b ɔ r t
byer	b yː ə r
flyttede	f l ø t ə ð ə
foretrækker	f ɔ r ə t r ɛ k ə r
held	h ɛ lˀ
karriere	k a r i eː r ə
lover	l ɔ v ə r
lyset	l yː s ə ð
rapport	r a p ɔ r t
rasmussen	r a s m u s ə n
skov	s k ɔ v
tekster	t ɛ k s t ə r
tjekke	t j ɛ k ə
udstyr	u d s t yː r
ødelagt	øː ð ə l a ɡ t
betyde	b e t yː d ə
brænder	b r ɛ n ə r
bunden	b o n ə n
byder	b yː d ə r
dans	d a n s
døden	d øː ð ə n
dømt	d œ m t
evner	ɛ v n ə r
franske	f r a n s k ə
fremme	f r ɛ m ə
frivillige	f r i v i l i ə
fylder	f y l ə r
følelse	f øː l ə l s ə
hot	h o t
korte	k ɔ r t ə
kroppen	k r ɔ p ə n
ledere	l eː d ə r ə
låne	l ɔː n ə
mary	m a r i
mærkeligt	m ɛ r k ə l i t
sikke	s e k ə
smide	s m iː ð ə
stadion	s t a d j oː n
united	u n i t eː d
vokser	v ɔ k s ə r
wow	v ɔ w
av	a v
beliggende	b e l e ɡ ə n ə
diverse	d i v ɛ r s ə
farver	f a r v ə r
forlade	f ɔ r l aː d ə
henter	h ɛ n t ə r
lægen	l ɛː ɣ ə n
minut	m i n u t
møller	m ø l ə r
omfattende	ɔ m f a t ə n ə
publikum	p u b l i k ɔ m
senest	s eː n ə s t
skader	s k aː d ə r
travlt	t r a v l t
tusind	t u s e n d
windows	v e n d ɔ w s
øst	ø s t
derved	d ɛ r v ə ð
digitale	d i ɡ i t aː l ə
dækket	d ɛ k ə ð
faste	f a s t ə
formentlig	f ɔ r m ɛ n t l i
ideer	i d eː ə r
imponerende	e m p o n eː r ə n ə
kaste	k a s t ə
kiggede	k i ɡ ə ð ə
klima	k l iː m a
myndigheder	m ø n d i h eː d ə r
pigerne	p iː ə r n ə
politiker	p o l i t i k ə r
positiv	p o s i t iː v
prøvede	p r øː v ə ð ə
smager	s m aː ɣ ə r
spist	s p e s t
syge	s yː ə
your	j uː r
aftalen	a f t aː l ə n
aktive	a k t iː v ə
bekendt	b e k ɛ n t
dejlige	d a j l i ə
fader	f aː d ə r
forklarer	f ɔ r k l aː r ə r
førte	f œ r t ə
gangen	ɡ a n ɡ ə n
ik	e k
klarer	k l aː r ə r
konservative	k ɔ n s ɛ r v a t iː v ə
links	l e n k s
lækre	l ɛ k r ə
nyder	n yː d ə r
omvendt	ɔ m v ɛ n t
one	oː n ə
ramte	r a m t ə
regner	r a j n ə r
rejste	r a j s t ə
stress	s t r ɛ s
alvor	a l v ɔ r
best	b ɛ s t
flytter	f l ø t ə r
forstået	f ɔ r s t ɔːˀ ə ð
kaldet	k a l ə ð
mængde	m ɛ n ɡ d ə
opleve	ɔ p l eː v ə
overblik	ɔ v ə r b l e k
professionelle	p r o f ɛ s j o n ɛ l ə
real	r e aː l
rene	r eː n ə
syn	s yː n
udstyret	u d s t yː r ə ð
weekenden	v iː k ə n ə n
bane	b aː n ə
befinder	b e f e n ə r
beskrevet	b e s k r eː v ə ð
beskriver	b e s k r iː v ə r
beskyttelse	b e s k ø t ə l s ə
carl	k a r l
danskerne	d a n s k ɛ r n ə
finalen	f i n aː l ə n
folkeparti	f ɔ l k ə p a r t iː
inspiration	e n s p i r a ɕ oˀ n
planter	p l a n t ə r
rummet	r o m ə ð
sengen	s ɛ n ɡ ə n
situationen	s i t u a ɕ oˀ n ə n
slap	s l a p
slappe	s l a p ə
slutter	s l u t ə r
stoppede	s t ɔ p ə ð ə
sådanne	s ɔ d a n ə
varm	v a r m
vendte	v ɛ n t ə
brøndby	b r œ n b yː
di	d iːˀ
engelske	ɛ n ɡ ə l s k ə
jane	j aː n ə
kristne	k r e s t n ə
mission	m i s j oː n
nævnte	n ɛ v n t ə
præsentere	p r ɛ s ə n t eː r ə
sange	s a n ɡ ə
siges	s iː ə s
sir	s iː r
toget	t ɔː ɣ ə ð
tættere	t ɛ t ə r ə
bevæger	b e v ɛː ɡ ə r
flyet	f l yː ə ð
hunden	h o n ə n
internettet	e n t ə r n ɛ t ə t
jakob	j a k oː b
minister	m i n i s t ə r
organisation	ɔ r ɡ a n i s a ɕ oˀ n
organisationer	ɔ r ɡ a n i s a ɕ oˀ n ə r
overskud	ɔ v ə r s k u ð
ringer	r e n ɡ ə r
sikrer	s e k r ə r
sjove	s j ɔː v ə
skaffe	s k a f ə
slagelse	s l aː ɣ ə l s ə
stik	s t e k
tabe	t aː b ə
tide	t iː ð ə
trist	t r e s t
udvalg	u ð v a lˀ ɣ
værker	v ɛ r k ə r
ældste	ɛ l s t ə
back	b a k
bill	b e l
bolden	b ɔ l ə n
fingre	f e n ɡ r ə
fjernet	f j ɛ r n ə ð
forestille	f ɔ r ə s t e l ə
forhindre	f ɔ r h e n d r ə
heste	h ɛ s t ə
koldt	k ɔ l t
lyt	l y t
milliarder	m i l j a r d ə r
sandsynligvis	s a n s yː n l i v iː s
selvstændig	s ɛ l s t ɛ n d i
simon	s i m oː n
skiftet	s k e f t ə ð
stammer	s t a m ə r
stiger	s t iː ə r
støtter	s t ø t ə r
telefonen	t e l ə f oː n ə n
acceptere	a k s ɛ p t eː r ə
anvendt	a n v ɛ n t
app	a p
barcelona	b a r s ə l oː n a
bladet	b l aː d ə ð
business	b u s i n ɛ s
dække	d ɛ k ə
dø	d øːˀ
fatter	f a t ə r
igang	i ɡ a n ɡ
jagt	j a k t
konto	k ɔ n t o
kraftig	k r a f t i
li	l iː
musikken	m u s e k ə n
poul	p uː l
pro	p r oːˀ
projekter	p r o j ɛ k t ə r
stjerner	s t j ɛ r n ə r
styrker	s t y r k ə r
sønderborg	s œ n ə r b ɔ r ɡ
tema	t eː m a
øverste	øː v ə r s t ə
centrale	s ɛ n t r aː l ə
christensen	k r e s t ə n s ə n
emner	ɛ m n ə r
extra	ɛ k s t r a
festival	f ɛ s t i v aː l
heldig	h ɛ l d i
hænderne	h ɛ n ə r n ə
kamera	k a m eː r a
overvejer	ɔ v ə r v a jˀ ə r
politiken	p o l i t i k ə n
rig	r iːˀ
samtlige	s a m t l i ə
scenen	s eː n ə n
teksten	t ɛ k s t ə n
tilbyder	t e l b yː d ə r
vidst	v i s t
årene	ɔː r ə n ə
adskillige	a d s k e l i ə
artiklen	a r t e k l ə n
berlin	b ɛ r l iː n
bestemmer	b e s t ɛ m ə r
brugen	b r uː ə n
dan	d a n
fanget	f a n ɡ ə ð
forvejen	f ɔ r v a jˀ ə n
fremmede	f r ɛ m ə ð ə
grænse	ɡ r ɛ n s ə
helle	h ɛ l ə
henne	h ɛ n ə
karen	k aː r ə n
kassen	k a s ə n
kolde	k ɔ l ə
konsekvenser	k ɔ n s ə k v ɛ n s ə r
ligeså	l iː ə s ɔ
los	l oː s
million	m i l j oː n
nærmeste	n ɛ r m ə s t ə
opdaget	ɔ p d aː ɣ ə ð
overveje	ɔ v ə r v a j ə
passende	p a s ə n ə
reaktion	r e a k s j oː n
teknologi	t ɛ k n o l o ɡ iː
times	t a j m ə s
tøjet	t ø j ə ð
blue	b l uː ə
broen	b r oːˀ ə n
charles	s j a r l ə s
dom	d ɔ mˀ
fans	f a n s
fjerde	f j ɛ r d ə
foto	f o t o
ført	f œ r t
grand	ɡ r a nˀ
køkkenet	k ø k ə n ə ð
leg	l a jˀ
minde	m e n ə
normal	n ɔ r m aː l
normale	n ɔ r m aː l ə
nærmer	n ɛ r m ə r
radikale	r a d i k aː l ə
skive	s k iː v ə
skræmmende	s k r ɛ m ə n ə
stranden	s t r a n ə n
sættes	s ɛ t ə s
alex	a l ɛ k s
billigere	b i l i ɡ eː r ə
caroline	k a r o l iː n ə
club	k l uː b
driver	d r iː v ə r
eks	ɛ k s
eksisterer	ɛ k s i s t eː r ə r
fanger	f a n ɡ ə r
forsvandt	f ɔ r s v a n t
gammelt	ɡ a m ə l t
grunde	ɡ r o n ə
hjemsted	j ɛ m s t ɛ ð
hjernen	j ɛ r n ə n
holdes	h ɔ l ə s
hvidt	v i t
journalist	j u r n a l i s t
le	l eːˀ
lyde	l yː ð ə
lærte	l ɛ r t ə
ma	m a
naturlige	n a t uː r l i ə
oplevelser	ɔ p l ɛ v ə l s ə r
samarbejdet	s a m a r b a j d ə t
strøm	s t r œ mˀ
svarede	s v aː r ə ð ə
traditionelle	t r a d i s j o n ɛ l ə
afhængig	a f h ɛ n ɡ i
anbefale	a n b e f aː l ə
arthur	a r t h uː r
eftersom	ɛ f d ɐ s ɔ m
eksisterende	ɛ k s i s t eː r ə n ə
færdige	f ɛ r d i ə
home	h oː m ə
indtryk	e n t r ø k
jones	j oː n ə s
mikkel	m e k ə l
morgenen	m ɔ r ə n ə n
oberst	oː b ə r s t
omfang	ɔ m f a n ɡ
rekord	r e k oː r
rock	r ɔ k
statsminister	s t a t s m i n i s t ə r
steve	s t eː v ə
systemer	s y s t eː m ə r
this	t iː s
trukket	t r o k ə ð
arena	a r eː n a
behandler	b e h a n l ə r
berømte	b e r œ m t ə
butikker	b u t e k ə r
detaljer	d e t a l j ə r
diskussion	d i s k u s j oː n
dukker	d o k ə r
dyrt	d y r t
em	ɛ mˀ
flest	f l ɛ s t
fortsatte	f ɔ r t s a t ə
fysiske	f yː s i s k ə
gas	ɡ aː s
heldige	h ɛ l d i ə
hellige	h ɛ l i ə
helsingør	h ɛ l s e n ɡ øː r
hustru	h u s t r u
jackson	j a k s ɔ n
jyske	j y s k ə
klassen	k l a s ə n
kør	k øːˀ r
leverer	l ɛ v ə r ə r
maven	m aː v ə n
microsoft	m i k r o s ɔ f t
statens	s t a t ɛ n s
statistik	s t a t i s t i k
stået	s t ɔːˀ ə ð
søen	s øːˀ ə n
sørensen	s øː r ə n s ə n
takket	t a k ə t
temmelig	t ɛ m ə l i
tony	t o n yː
vidner	v i ð n ə r
villa	v i l a
aktier	a k t iː ə r
apple	a p l ə
fan	f a n
festen	f ɛ s t ə n
forbudt	f ɔ r b u t
frygter	f r ø k t ə r
gentofte	ɡ ɛ n t ɔ f t ə
ideen	i d eː ə n
joe	j oː ə
metoder	m e t oː d ə r
mængder	m ɛ n ɡ d ə r
mødtes	m ø t ə s
opdager	ɔ p d aː ɣ ə r
opført	ɔ p f œ r t
rejst	r a j s t
sal	s a l
simpelt	s e m p ə l t
turen	t uː r ə n
vestlige	v ɛ s t l i ə
voksede	v ɔ k s ə ð ə
will	v e l
benyttes	b e n ø t ə s
butikken	b u t e k ə n
chokolade	s j o k o l aː d ə
dæk	d ɛ k
eksamen	ɛ k s aː m ə n
emma	ɛ m a
endelige	ɛ n ə l iː ə
forsvinder	f ɔ r s v e n ə r
gad	ɡ a d
gennemføre	ɡ ɛ n ə m f øː r ə
herrer	h ɛ r ə r
konkurrencen	k ɔ n k u r ɛ n s ə n
kursus	k u r s u s
liga	l iː ɡ a
open	oː p ə n
produkt	p r o d o k t
præst	p r ɛ s t
russiske	r u s i s k ə
rødt	r ø t
skanderborg	s k a n ə r b ɔ r ɡ
ur	uː r
voldsomt	v ɔ l s ɔ m t
walter	v a l t ə r
west	v ɛ s t
bestemte	b e s t ɛ m t ə
billigt	b i l i t
central	s ɛ n t r aː l
drop	d r ɔ p
dræbe	d r ɛː b ə
fjerner	f j ɛ r n ə r
forhåbentlig	f ɔ r h ɔː b ə n t l i
haven	h aː v ə n
havnen	h a v n ə n
hemmelige	h ɛ m ə l i ə
kanal	k a n aː l
kurs	k u r s
larry	l a r i
ligeglad	l iː ə ɡ l a ð
løst	l ø s t
matematik	m a t e m a t i k
modellen	m o d ɛ l ə n
mødet	m øː ð ə ð
off	ɔ f
praktisk	p r a k t i s k
rummer	r o m ə r
skibe	s k iː b ə
tages	t aː ɣ ə s
tilfældet	t e l f ɛ l ə ð
værk	v ɛ r k
we	v eːˀ
benytter	b e n ø t ə r
billetter	b i l ɛ t ə r
blade	b l aː d ə
danner	d a n ə r
eksperter	ɛ k s p ɛ r t ə r
falske	f a l s k ə
fløj	f l ø j
gaver	ɡ aː v ə r
kasse	k a s ə
laura	l a v r a
lugter	l o k t ə r
megen	m a j ə n
mexico	m ɛ k s i k o
not	n ɔ t
næse	n ɛː s ə
officielle	ɔ f i s j ɛ l ə
opfattelse	ɔ p f a t ə l s ə
ovre	ɔ v r ə
regnet	r a j n ə ð
snarere	s n a r eː r ə
specielle	s p e s j ɛ l ə
straf	s t r aː f
udsatte	u d s a t ə
undervejs	o n ə r v a jˀ s
aner	aː n ə r
bestemme	b e s t ɛ m ə
danse	d a n s ə
debut	d e b u t
diskutere	d i s k u t eː r ə
farlig	f a r l i
finale	f i n aː l ə
folks	f ɔ l k s
gyldne	ɡ y l n ə
holstebro	h ɔ l s t ə b r oː
håndtere	h ɔ n t eː r ə
kanaler	k a n aː l ə r
kontakte	k ɔ n t a k t ə
nogenlunde	n oː ɡ ə n l o n ə
pakker	p a k ə r
pis	p iː s
primære	p r i m ɛː r ə
roman	r o m aː n
sejren	s a j r ə n
tørre	t œ r ə
vises	v iː s ə s
ødelægger	øː ð ə l ɛ ɡ ə r
alkohol	a l k o h ɔ l
are	aː r ə
bevare	b e v aː r ə
bundet	b o n ə ð
cykler	s y k l ə r
demokrati	d e m o k r a t iː
favorit	f a v o r i t
forlader	f ɔ r l aː d ə r
forståelse	f ɔ r s t ɔː ə l s ə
førende	f øː r ə n ə
hentet	h ɛ n t ə ð
himlen	h e m l ə n
hjemmebane	j ɛ m ə b aː n ə
håbet	h ɔː b ə ð
irak	i r a k
kommunens	k ɔ m u n ɛ n s
kunnet	k o n ə ð
nick	n e k
note	n oː t ə
nyhed	n y h eː d
nævnes	n ɛ v n ə s
opgør	ɔ p ɡ øː r
perioder	p e r i oː d ə r
stående	s t ɔː ə n ə
søgte	s ø k t ə
tilladt	t e l a t
tysklands	t y s k l a n s
behandle	b e h a n l ə
danser	d a n s ə r
enden	ɛ n ə n
figur	f i ɡ uː r
flok	f l ɔ k
forladt	f ɔ r l a t
fremtidige	f r ɛ m t iː d i ə
girl	ɡ i r l
gården	ɡ ɔ r d ə n
gældende	ɡ ɛ l ə n ə
ida	i d a
kilo	k iː l o
kortere	k ɔ r t eː r ə
maskine	m a s k iː n ə
matt	m a t
melde	m ɛ l ə
part	p a r t
patrick	p a t r e k
presse	p r ɛ s ə
robin	r o b iː n
sandhed	s a n h e ðˀ
scott	s k ɔ t
tegner	t a j n ə r
tydeligvis	t yː d ə l i v iː s
typen	t yː p ə n
aab	aː b
fase	f aː s ə
fortjent	f ɔ r t j ɛ n t
fyret	f yː r ə ð
halsen	h a l s ə n
hurtigst	h u r t i s t
håret	h ɔː r ə ð
hæren	h ɛː r ə n
koste	k ɔ s t ə
leger	l a j ə r
leveret	l ɛ v ə r ə ð
mini	m iː n i
ofre	ɔ f r ə
opstår	ɔ p s t ɔː r
præcist	p r ɛ s i s t
ray	r æ j
rækker	r ɛ k ə r
sikret	s e k r ɛ t
sygdomme	s yː d ɔ m ə
træder	t r ɛː d ə r
wayne	v æ i̯ n ə
alm	a l m
anses	a n s ə s
beskytter	b e s k ø t ə r
bestyrelse	b e s t yː r ə l s ə
blandet	b l a n ə ð
charlotte	s j a r l ɔ t ə
check	s j ɛ k
dages	d aː ɣ ə s
dyb	d yː b
forholdsvis	f ɔ r h ɔ l s v iː s
indien	e n d i ə n
løbende	l øː b ə n ə
melder	m ɛ l ə r
muslimer	m u s l iː m ə r
overflade	ɔ v ə r f l aː d ə
overtaget	ɔ v ə r t aː ɣ ə ð
risikerer	r i s i k eː r ə r
sande	s a n ə
snakkede	s n a k ə ð ə
stillede	s t e l ə ð ə
stolte	s t ɔ l t ə
studier	s t u d j ə r
svære	s v ɛː r ə
tilføjet	t e l f ø j ə ð
tillader	t e l aː d ə r
victor	v e k t ə r
årsager	ɔ r s aː ɣ ə r
afhænger	a f h ɛ n ɡ ə r
afrika	a f r i k a
aktivitet	a k t i v i t eː t
as	aː s
betjente	b e t j ɛ n t ə
bevis	b e v iːˀ s
bevæge	b e v ɛː ɡ ə
bibliotek	b i b l i o t ɛ k
brændt	b r ɛ n t
brændte	b r ɛ n t ə
derhjemme	d ɛ r j ɛ m ə
ekspert	ɛ k s p ɛ r t
eva	eː v a
feltet	f ɛ l t ə ð
formålet	f ɔ r m ɔː l ə ð
fund	f o nˀ
iran	i r aː n
kandidat	k a n d i d aː t
kandidater	k a n d i d aː t ə r
kasper	k a s p ə r
king	k e n ɡ
koncerter	k ɔ n s ɛ r t ə r
linda	l e n d a
liter	l i t ə r
lån	l ɔː n
manglede	m a n ɡ l eː ð ə
månen	m ɔː n ə n
news	n j uː s
noter	n o t ə r
nævner	n ɛ v n ə r
onde	ɔ n ə
opgaven	ɔ p ɡ aː v ə n
organisationen	ɔ r ɡ a n i s a ɕ oˀ n ə n
posten	p ɔ s t ə n
rute	r uː t ə
rykker	r ø k ə r
sam	s a m
sendes	s ɛ n ə s
snakket	s n a k ə ð
stede	s t eː ð ə
symptomer	s ø m p t oː m ə r
tja	t j a
tvivler	t v i v l ə r
ventede	v ɛ n t ə ð ə
økonomien	ø k o n o m i ə n
anvende	a n v ɛ n ə
arbejdspladser	a r b a j d s p l a s ə r
betalte	b e t a l t ə
bidrage	b i d r aː ɡ ə
bund	b o nˀ
byde	b yː ð ə
båden	b ɔː ð ə n
daglige	d a ɣ l i ə
dannelse	d a n ə l s ə
delte	d ɛ l t ə
demokratiske	d e m o k r aː t i s k ə
denmark	d eː n m a r k
division	d i v i s j oː n
drømmer	d r œ m ə r
ere	eː r ə
fa	f a
falster	f a l s t ə r
foretage	f ɔ r ə t aː ɡ ə
gade	ɡ aː d ə
game	ɡ aː m ə
græs	ɡ r ɛː s
handlede	h a n l eː ð ə
hopper	h ɔ p ə r
invitere	e n v i t eː r ə
irriterende	i r i t eː r ə n ə
kampene	k a m p ə n ə
klik	k l e k
kontrollere	k ɔ n t r ɔ l eː r ə
kunstnere	k o n s t n eː r ə
kvinderne	k v e n ə r n ə
landsholdet	l a n s h ɔ l ə ð
long	l ɔ n ɡ
medicinsk	m e d i s iː n s k
negative	n e ɡ a t iː v ə
oplæg	ɔ p l ɛ ɡ
plade	p l aː d ə
smukkeste	s m o k ə s t ə
sov	s ɔ v
spiste	s p e s t ə
sund	s o nˀ
varmen	v a r m ə n
væggen	v ɛ ɡ ə n
alice	a l iː s ə
beskrives	b e s k r iː v ə s
bryster	b r ø s t ə r
byggede	b y ɡ ə ð ə
drage	d r aː ɣ ə
forskelle	f ɔ r s k ɛ l ə
glip	ɡ l i p
global	ɡ l o b aː l
globale	ɡ l o b aː l ə
jim	j iː m
kulturelle	k u l t u r ɛ l ə
laveste	l a v ə s t ə
mands	m a n s
match	m a t s j
mærker	m ɛ r k ə r
nysgerrig	n y s ɡ ɛ r i
pakket	p a k ə t
planlægger	p l a n l ɛ ɡ ə r
polen	p oː l ə n
præsenterer	p r ɛ s ə n t eː r ə r
race	r aː s ə
ryg	r yːˀ
sektor	s ɛ k t ɔ r
sofie	s o f iː ə
spidsen	s p i s ə n
spillerne	s p e l ə r n ə
spilles	s p e l ə s
spring	s p r e n ɡ
stikke	s t e k ə
tilbyde	t e l b yː ð ə
tjekket	t j ɛ k ə ð
tyder	t yː d ə r
væsentligt	v ɛː s ə n t l i t
bakker	b a k ə r
base	b aː s ə
butik	b u t i k
delvist	d ɛ l v e s t
enormt	eː n ɔ r m t
forbrug	f ɔ r b r uːˀ
foreslår	f ɔ r ə s l ɔː r
indrømme	e n d r œ m ə
kontakter	k ɔ n t a k t ə r
motoren	m o t oː r ə n
måneden	m ɔː n ə ð ə n
nøjes	n ø j ə s
omhandler	ɔ m h a n l ə r
oprette	ɔ p r ɛ t ə
optagelse	ɔ p t aː ɣ ə l s ə
overfladen	ɔ v ə r f l aː d ə n
religiøse	r e l i ɡ j øː s ə
stakkels	s t a k ə l s
su	s uːˀ
svarende	s v aː r ə n ə
what	v a t
afholdes	a f h ɔ l ə s
boss	b ɔ s
bussen	b u s ə n
canada	k a n aː d a
farlige	f a r l iː ə
flade	f l aː d ə
forlænget	f ɔ r l ɛ ŋˀ ə ð
forstod	f ɔ r s t ɔ d
jakke	j a k ə
japan	j a p aː n
jep	j ɛ p
joachim	j o a s j iː m
klage	k l aː ɣ ə
konkrete	k ɔ n k r eː t ə
kunderne	k o n ə r n ə
lasse	l a s ə
laves	l aː v ə s
lyden	l yː ð ə n
museet	m u s eː ə ð
næsen	n ɛː s ə n
rådet	r ɔː ð ə ð
skjern	s k j ɛ r n
skærmen	s k ɛ r m ə n
smerte	s m ɛ r t ə
special	s p e s j aː l
takker	t a k ə r
tilgængelig	t e l ɡ ɛ n ɡ ə l i
trafikken	t r a f e k ə n
træet	t r ɛːˀ ə ð
undtagen	o n t aː ɣ ə n
årsagen	ɔ r s aː ɣ ə n
automatisk	a v t o m aː t i s k
betragtes	b e t r a k t ə s
blande	b l a n ə
bronze	b r ɔ n s ə
citat	s i t aː t
drevet	d r eː v ə ð
dræber	d r ɛː b ə r
ekstremt	ɛ k s t r ɛ m t
emnet	ɛ m n ə ð
flygte	f l ø k t ə
fn	f ɛ nˀ
fotograf	f o t o ɡ r aː f
fremtidens	f r ɛ m t i d ɛ n s
fødevarer	f øː ð ə v aː r ə r
gætte	ɡ ɛ t ə
hjemmet	j ɛ m ə ð
innovation	e n o v a ɕ oˀ n
klubbens	k l o b ə n s
klædt	k l ɛ t
kræft	k r ɛ f t
mac	m a k
moms	m ɔ m s
myrdet	m y r d ə ð
norske	n ɔ r s k ə
omgivelser	ɔ m ɡ iː v ə l s ə r
omtale	ɔ m t aː l ə
overtage	ɔ v ə r t aː ɡ ə
piller	p e l ə r
reddet	r ɛ ðˀ ə ð
rio	r iː o
sejle	s a j l ə
sjæl	s j ɛː l
sluttede	s l u t ə ð ə
styrer	s t yː r ə r
syddanmark	s y d a n m a r k
takt	t a k t
texas	t ɛ k s a s
tidlige	t i d l i ə
trump	t r o m p
tusinde	t u s e n ə
who	v oːˀ
afgøre	a f ɡ øː r ə
afvist	a f v e s t
alvorlige	a l v ɔ r l iː ə
begreb	b e ɡ r eː b
besøgt	b e s ø k t
bidrager	b i d r aː ɣ ə r
bjarne	b j a r n ə
bjergene	b j ɛ r ɣ ə n ə
bruce	b r uː s ə
brænde	b r ɛ n ə
børns	b œ r n s
down	d ɔ w n
fantasi	f a n t a s iː
femte	f ɛ m t ə
forbud	f ɔ r b u d
forholde	f ɔ r h ɔ l ə
fremgang	f r ɛ m ɡ a n ɡ
golf	ɡ ɔ l f
hemmeligt	h ɛ m ə l i t
hjulpet	j u l p ə ð
hjørnet	j œ r n ə ð
informationer	e n f ɔ r m a ɕ oˀ n ə r
kommentarer	k ɔ m ə n t aː r ə r
kommissionen	k ɔ m i s j oː n ə n
mega	m eː ɡ a
modstander	m o ð s t a n ə r
nato	n aː t o
negativ	n e ɡ a t iː v
pernille	p ɛ r n i l ə
pilot	p i l oː t
play	p l æ j
ressourcer	r ɛ s u r s ə r
slot	s l ɔ t
spar	s p aːˀ r
sødt	s ø t
sønner	s œ n ə r
tilgang	t e l ɡ a n ɡ
tivoli	t i v o l iː
udnytte	u d n ø t ə
undtagelse	o n t aː ɣ ə l s ə
ankommer	a n k ɔ m ə r
arbejdskraft	a r b a j d s k r a f t
bang	b a n ɡ
beholde	b e h ɔ l ə
bestående	b e s t ɔː ə n ə
dollars	d ɔ l a r s
døre	d øː r ə
elektronisk	e l ɛ k t r oː n i s k
erstatte	ɛ r s t a t ə
folkeskolen	f ɔ l k ə s k oː l ə n
indrettet	e n d r ɛ t ə t
katte	k a t ə
klæder	k l ɛː d ə r
krone	k r oː n ə
køkken	k ø k ə n
maskinen	m a s k iː n ə n
maskiner	m a s k iː n ə r
nedsat	n e d s a t
opførsel	ɔ p f œ r s ə l
orange	o r a n ɡ ə
peger	p a j ə r
sandsynligt	s a n s yː n l i t
siddende	s i d ə n ə
skadet	s k aː d ə ð
skarp	s k a r p
skylder	s k y l ə r
slutte	s l u t ə
sofaen	s o f aː ə n
steen	s t eː ə n
storm	s t ɔ r m
sydlige	s y d l i ə
vort	v ɔ r t
væsen	v ɛː s ə n
ændres	ɛ n d r ə s
accepterer	a k s ɛ p t eː r ə r
afslører	a f s l øː r ə r
alarm	a l a r m
amok	a m ɔ k
angiver	a n ɡ iː v ə r
angribe	a n ɡ r iː b ə
angst	a n ɡ s t
aviser	a v iː s ə r
demokratisk	d e m o k r aː t i s k
dernæst	d ɛ r n ɛ s t
format	f ɔ r m aː t
had	h a ð
kanon	k a n oː n
kvarter	k v a r t ə r
kysten	k ø s t ə n
ledelsen	l eː ð ə l s ə n
modstandere	m o ð s t a n d eː r ə
mændene	m ɛ n ə n ə
naturlig	n a t uː r l i
passagerer	p a s a ɡ eː r ə r
potter	p ɔ t ə r
poulsen	p u l s ə n
producerer	p r o d j u s eː r ə r
reklame	r e k l aː m ə
retter	r ɛ t ə r
situationer	s i t u a ɕ oˀ n ə r
skønhed	s k ø n h e ðˀ
tegnet	t a j n ə ð
testet	t ɛ s t ə ð
valby	v a l b yː
vejer	v a j ə r
ventet	v ɛ n t ə ð
afgang	a f ɡ a n ɡ
afgjort	a f ɡ j ɔ r t
anbefaler	a n b e f aː l ə r
arter	a r t ə r
assistent	a s i s t ɛ n t
bestille	b e s t e l ə
budskab	b u d s k aː b
byggeri	b y ɡ ə r iː
dahl	d a l
dark	d a r k
dukkede	d o k ə ð ə
fester	f ɛ s t ə r
fjender	f j ɛ n ə r
holm	h ɔ l m
identificere	i d ɛ n t i f i s eː r ə
kanten	k a n t ə n
kommunale	k ɔ m u n aː l ə
kommunes	k ɔ m uː n ə s
landbruget	l a n b r uː ə ð
lægges	l ɛ ɡ ə s
løser	l øː s ə r
myndighederne	m ø n d i h eː d ə r n ə
måden	m ɔː ð ə n
pop	p ɔ p
pressen	p r ɛ s ə n
reklamer	r e k l aː m ə r
royal	r o j aː l
seksuelle	s ɛ k s u ɛ l ə
skift	s k e f t
skyder	s k yː d ə r
stige	s t iː ə
stikker	s t e k ə r
svag	s v aːˀ ɣ
taske	t a s k ə
udtaget	u d t aː ɣ ə ð
vagt	v a k t
venskab	v ɛ n s k aː b
voldsom	v ɔ l s ɔ m
værktøj	v ɛ r k t ø j
alan	a l aː n
carlos	k a r l oː s
debatten	d e b a t ə n
etniske	ɛ t n i s k ə
ford	f ɔ rˀ d
forekommer	f ɔ r ə k ɔ m ə r
forfatteren	f ɔ r f a t eː r ə n
formanden	f ɔ r m a n ə n
girls	ɡ i r l s
halve	h a l v ə
herren	h ɛ r ə n
hobro	h oː b r o
idiot	i d i oː t
konflikt	k ɔ n f l e k t
konkret	k ɔ n k r ɛ t
kontrollen	k ɔ n t r ɔ l ə n
kriminelle	k r i m i n ɛ l ə
lego	l eː ɡ o
liggende	l e ɡ ə n ə
menes	m eː n ə s
menneskets	m ɛ n ə s k ɛ t s
oliver	o l iː v ə r
plante	p l a n t ə
poster	p ɔ s t ə r
præmie	p r ɛ m i ə
ringede	r e n ɡ ə ð ə
river	r iː v ə r
sårede	s ɔː r ə ð ə
taastrup	t aː s t r u p
takke	t a k ə
trykker	t r ø k ə r
turister	t u r i s t ə r
vært	v ɛ r t
afgørelse	a f ɡ øː r ə l s ə
benjamin	b ɛ n j a m iː n
brudt	b r u t
farten	f a r t ə n
gader	ɡ aː d ə r
indvandrere	e n v a n d r eː r ə
johannes	j o h a n ə s
kongens	k ɔ n ɡ ə n s
lillebror	l e l ə b r oː r
linjer	l e n j ə r
loftet	l ɔ f t ə ð
lovet	l ɔ v ə ð
meg	m a jˀ
mordet	m o r d ə ð
mærket	m ɛ r k ə ð
rask	r a s k
rygter	r ø k t ə r
serier	s e r i ə r
skinner	s k e n ə r
speciale	s p e s j aː l ə
svage	s v aː ɡ ə
tilgængelige	t e l ɡ ɛ n ɡ ə l i ə
vinden	v e n ə n
anbefales	a n b e f aː l ə s
bagud	b a ɡ u d
beholder	b e h ɔ l ə r
bemærk	b e m ɛ r k
bemærket	b e m ɛ r k ə ð
boston	b o s t ɔ n
bøsse	b ø s ə
donald	d o n a lˀ
droppe	d r ɔ p ə
faktorer	f a k t oː r ə r
fejler	f a j l ə r
fornemmelse	f ɔ r n ɛ m ə l s ə
forventes	f ɔ r v ɛ n t ə s
gennemsnit	ɡ ɛ n ə m s n i t
greb	ɡ r eːˀ b
gæt	ɡ ɛ t
huller	h u l ə r
hvile	v iː l ə
indirekte	e n d i r ɛ k t ə
ku	k uːˀ
kvindelig	k v e n ə l i
kvinders	k v e n ə r s
mobile	m o b iː l ə
mulighederne	m uː l i h eː d ə r n ə
omegn	o m a j n
opfordrer	ɔ p f ɔ r d r ə r
pointen	p o e n t ə n
praktiske	p r a k t i s k ə
produktet	p r o d o k t eː t
præstation	p r ɛ s t a ɕ oˀ n
råber	r ɔː b ə r
samarbejder	s a m a r b a j d ə r
skjulte	s k j u l t ə
skrives	s k r iː v ə s
sm	s ɛ mˀ
spanske	s p a n s k ə
sygdommen	s yː d ɔ m ə n
ta	t a
truet	t r uː ə ð
trup	t r u p
vegas	v eː ɡ a s
von	v ɔ n
ærgerligt	ɛ r ɣ ə r l i t
affære	a f ɛː r ə
bestod	b e s t oː d
bloggen	b l ɔ ɡ ə n
com	k ɔ m
dollar	d ɔ l a r
effekten	ɛ f ɛ k t ə n
enorme	eː n ɔ r m ə
familiens	f a m i l j ɛ n s
flygtede	f l ø k t ə ð ə
fræk	f r ɛ k
guder	ɡ u d ə r
herhjemme	h ɛ r j ɛ m ə
indbyggere	e n b ø ɡ ə r ə
industri	e n d u s t r iː
jon	j ɔ n
knæ	k n ɛː
nikolaj	n i k o l a j
næ	n ɛː
nødvendig	n ø ð v ɛ n d i
nøglen	n ø j l ə n
opskrift	ɔ p s k r e f t
risikoen	r i s i k oː ə n
romantisk	r o m a n t i s k
slik	s l e k
tallene	t a l ə n ə
trådte	t r ɔ t ə
træffe	t r ɛ f ə
trækkes	t r ɛ k ə s
tønder	t œ n ə r
ukraine	u k r a iː n ə
unikke	u n e k ə
vinkel	v e n k ə l
wild	v i lˀ
yngste	ø n ɡ s t ə
au	a v
bekræfter	b e k r ɛ f t ə r
beslutte	b e s l u t ə
beslutter	b e s l u t ə r
chat	s j a t
deles	d eː l ə s
drab	d r aː b
fingrene	f e n ɡ r eː n ə
forstås	f ɔ r s t ɔː s
fort	f ɔ r t
frivilligt	f r i v i l i t
garanteret	ɡ a r a n t eː r ə t
generelle	ɡ e n ə r ɛ l ə
gi	ɡ iː
griner	ɡ r iː n ə r
holdene	h ɔ l ə n ə
idéer	i d eː ə r
indsatsen	e n s a t s ə n
integration	e n t e ɡ r a ɕ oˀ n
jeppe	j ɛ p ə
klager	k l aː ɣ ə r
mikkelsen	m e k ə l s ə n
ms	ɛ m ɛ s
mørkt	m œ r k t
nice	n iː s ə
nicolai	n i k o l a j
opstod	ɔ p s t ɔ d
passede	p a s ə ð ə
planlagte	p l a n l a ɡ t ə
platform	p l a t f ɔ r m
pointe	p o e n t ə
repræsentanter	r ɛ p r ɛ s ə n t a n t ə r
samtaler	s a m t aː l ə r
santa	s a n t a
skåret	s k ɔː r ə ð
smerter	s m ɛ r t ə r
stemte	s t ɛ m t ə
sure	s uː r ə
tyrkiske	t y r k i s k ə
tyskerne	t y s k ə r n ə
årgang	ɔ r ɡ a n ɡ
øger	øː j ə r
bjerget	b j ɛ r ɣ ə ð
bla	b l a
boys	b ø j s
bredere	b r e d eː r ə
danny	d a n i
dansker	d a n s k ə r
dybe	d yː b ə
ejendomme	a j ə n d ɔ m ə
fascinerende	f a s i n eː r ə n ə
finn	f e n
flyvende	f l yː v ə n ə
forbliver	f ɔ r b l iː v ə r
forrige	f ɔ r iː ə
fremskridt	f r ɛ m s k r i t
fås	f ɔː s
gavn	ɡ a vˀ n
genstande	ɡ ɛ n s t a n ə
glem	ɡ l ɛ mˀ
idømt	i d œ m t
inger	e n ɡ ə r
kasser	k a s ə r
kendskab	k ɛ n s k aː b
konen	k oː n ə n
kontrakten	k ɔ n t r a k t ə n
kriminalitet	k r i m i n a l i t eː t
now	n ɔ w
opgive	ɔ p ɡ iː v ə
pink	p e n k
power	p ɔ w ə r
re	r eːˀ
retur	r e t uː r
singler	s e n ɡ l ə r
skærer	s k ɛː r ə r
tennis	t ɛ n i s
thomsen	t ɔ m s ə n
tilbudt	t e l b u t
truer	t r uː ə r
turde	t u r d ə
tynd	t ø n
vesten	v ɛ s t ə n
videnskabelige	v iː ð ə n s k aː b ə l i ə
vine	v iː n ə
værket	v ɛ r k ə ð
wilson	v i l s ɔ n
afsløret	a f s l øː r ə ð
arsenal	a r s ə n aː l
benzin	b ɛ n s iː n
betydelig	b e t yː d ə l i
blæser	b l ɛː s ə r
civile	s i v iː l ə
dick	d e k
dommeren	d ɔ m ə r ə n
ex	ɛ k s
faderen	f a d eː r ə n
fandeme	f a n ə m ə
fi	f iːˀ
fitness	f i t n ɛ s
forblive	f ɔ r b l iː v ə
forslaget	f ɔ r s l aː ɣ ə ð
hanne	h a n ə
industrien	e n d u s t r iː ə n
infrastruktur	e n f r a s t r u k t uː r
isen	iː s ə n
jason	j a s oː n
jern	j ɛ r n
jobs	j ɔ p s
korrekte	k ɔ r ɛ k t ə
kreative	k r e a t iː v ə
kørekort	k øː r ə k ɔ r t
kørende	k øː r ə n ə
landsbyen	l a n s b yː ə n
las	l aː s
lokaler	l o k aː l ə r
mellemøsten	m ɛ l ə m ø s t ə n
mestre	m ɛ s t r ə
mængden	m ɛ n ɡ d ə n
omgivet	ɔ m ɡ iː v ə ð
pose	p oː s ə
rykke	r ø k ə
saa	s aː
sankt	s a n k t
seriøs	s e r i øː s
server	s ɛ r v ə r
sikrede	s e k r eː ð ə
simple	s e m p l ə
stockholm	s t ɔ k h ɔ l m
storbritannien	s t ɔ r b r i t a n i ə n
sværd	s v ɛ rˀ d
tillige	t e l i ə
tung	t o n ɡ
udtale	u d t aː l ə
afsløre	a f s l øː r ə
aktuelle	a k t u ɛ l ə
albert	a l b ɛ r t
alexander	a l ɛ k s a n ə r
amerikanere	a m e r i k a n eː r ə
angel	a n ɡ ə l
apps	a p s
begrænse	b e ɡ r ɛ n s ə
christina	k r i s t iː n a
forberede	f ɔ r b eː r ə ð ə
forholdene	f ɔ r h ɔ l ə n ə
formel	f ɔ r m ɛ lˀ
fænomen	f ɛ n oː m ə n
gætter	ɡ ɛ t ə r
inklusive	e n k l u s iː v ə
kapacitet	k a p a s i t eː t
kate	k aː t ə
kemi	k e m iː
klasser	k l a s ə r
konflikter	k ɔ n f l e k t ə r
lejren	l a j r ə n
lisa	l iː s a
medaljer	m e d a l j ə r
nina	n iː n a
satser	s a t s ə r
sexy	s ɛ k s yː
sjældne	s j ɛ l n ə
skiftede	s k e f t ə ð ə
slaget	s l aː ɣ ə ð
stoffet	s t ɔ f ə ð
trusler	t r u s l ə r
voksende	v ɔ k s ə n ə
afslutte	a f s l u t ə
andrew	a n d r ɛ v
antyder	a n t yː d ə r
bandet	b a n ə ð
dumme	d o m ə
dyrere	d y r eː r ə
eje	a j ə
hævet	h ɛː v ə ð
inviterer	e n v i t eː r ə r
jysk	j y s k
kraftige	k r a f t i ə
krydser	k r y s ə r
makeup	m a k ø p
master	m a s t ə r
meldte	m ɛ l t ə
menneskelig	m ɛ n ə s k ə l i
michelle	m i s j ɛ l ə
ministre	m i n i s t r ə
party	p a r t yː
privatliv	p r i v a t l iː v
præsidenten	p r ɛ s i d ɛ n t ə n
præsten	p r ɛ s t ə n
rapporter	r a p ɔ r t ə r
ringen	r e n ɡ ə n
rosa	r oː s a
ross	r ɔ s
rykket	r ø k ə ð
sammenhænge	s a m ə n h ɛ n ɡ ə
sammensat	s a m ə n s a t
samtalen	s a m t aː l ə n
sans	s a n s
seje	s a j ə
skylden	s k y l ə n
steget	s t a j ə ð
studere	s t u d eː r ə
sunde	s o n ə
svenskerne	s v ɛ n s k ə r n ə
tina	t iː n a
trykke	t r ø k ə
vækker	v ɛ k ə r
ankomst	a n k ɔ m s t
anser	a n s ə r
arkitektur	a r k i t ɛ k t uː r
betjent	b e t j ɛ n t
bh	b eː h oːˀ
bio	b iː o
bløde	b l øː ð ə
casper	k a s p ə r
come	k oː m ə
dam	d a m
des	d eː s
dominerende	d o m i n eː r ə n ə
enorm	eː n ɔ r m
fonden	f ɔ n ə n
hitler	h i t l ə r
håbede	h ɔː b ə ð ə
indtægter	e n t ɛ ɡ t ə r
japanske	j a p aː n s k ə
jersey	j ɛ r s i
livs	l i vˀ s
nøjagtig	n ø j a ɡ t i
ovnen	ɔ v n ə n
rapporten	r a p ɔ r t ə n
ribe	r iː b ə
sangen	s a n ɡ ə n
sports	s p ɔ r t s
støttet	s t ø t ə ð
support	s u p ɔ r t
svagt	s v a k t
truede	t r uː ə ð ə
tyndt	t ø n t
udtaler	u d t aː l ə r
uges	uː ə s
æren	ɛː r ə n
afdøde	a f d øː ð ə
bi	b iː
birgitte	b i r ɡ i t ə
blandede	b l a n ə ð ə
boks	b ɔ k s
brystet	b r ø s t ə ð
cirkus	s i r k u s
classic	k l a s i k
drik	d r e k
efterlader	ɛ f d ɐ l aː d ə r
fox	f ɔ k s
fusion	f u s j oː n
happy	h a p i
hart	h a r t
hellerup	h ɛ l ə r u p
howard	h o w a r
kram	k r a m
lander	l a n ə r
mærkelig	m ɛ r k ə l i
nutidens	n u t i d ɛ n s
pisse	p i s ə
rester	r ɛ s t ə r
ringet	r e n ɡ ə ð
rollen	r ɔ l ə n
roller	r ɔ l ə r
russerne	r u s ə r n ə
samles	s a m l ə s
selvstændige	s ɛ l s t ɛ n d i ə
simpel	s e m p ə l
stadigt	s t a d e k t
stærkeste	s t ɛ r k ə s t ə
tids	t i s
tjente	t j ɛ n t ə
tropper	t r ɔ p ə r
udnytter	u d n ø t ə r
ulykker	u l ø k ə r
varierer	v a r i eː r ə r
vaske	v a s k ə
adressen	a d r ɛ s ə n
aftaler	a f t aː l ə r
amanda	a m a n d a
anvendte	a n v ɛ n t ə
brown	b r ɔ w n
brune	b r uː n ə
dennes	d ɛ n ə s
drager	d r aː ɣ ə r
dybere	d y b eː r ə
dømme	d œ m ə
etnisk	ɛ t n i s k
fejrer	f a j r ə r
filosofi	f i l o s o f iː
fjernsyn	f j ɛ r n s yː n
forskelligt	f ɔ r s k ɛ l i t
giftede	ɡ i f t ə ð ə
groft	ɡ r ɔ f t
ho	h oːˀ
hændelser	h ɛ n ə l s ə r
ipad	i p a d
lost	l ɔ s t
mix	m e k s
opdage	ɔ p d aː ɡ ə
pokker	p ɔ k ə r
rikke	r e k ə
rydde	r y ð ə
sebastian	s e b a s t j aː n
stramme	s t r a m ə
strømmen	s t r œ m ə n
sulten	s u l t ə n
tegne	t a j n ə
trænere	t r ɛ n eː r ə
varde	v a r d ə
yoga	j oː ɡ a
anfører	a n f øː r ə r
arabiske	a r aː b i s k ə
ballade	b a l aː d ə
besiddelse	b e s i d ə l s ə
citater	s i t aː t ə r
døgnet	d ø j n ə ð
evnen	ɛ v n ə n
forbinder	f ɔ r b e n ə r
force	f ɔ r s ə
føres	f øː r ə s
græske	ɡ r ɛ s k ə
hesten	h ɛ s t ə n
hf	h oː ɛ f
hængende	h ɛ n ɡ ə n ə
ift	i f t
indebærer	e n ə b ɛː r ə r
indendørs	e n ə n d œ r s
input	e n p u t
islamisk	i s l aː m i s k
klippe	k l e p ə
klogt	k l ɔ k t
kommissær	k ɔ m i s ɛː r
koncerten	k ɔ n s ɛ r t ə n
kristen	k r e s t ə n
lejer	l a j ə r
ligne	l iː n ə
lone	l oː n ə
make	m aː k ə
marianne	m a r i a n ə
ministeren	m i n i s t eː r ə n
moderen	m o d eː r ə n
mørket	m œ r k ə ð
pille	p e l ə
puls	p o l s
rejsende	r a j s ə n ə
repræsentant	r ɛ p r ɛ s ə n t a n t
ryddet	r y ð ə ð
skrue	s k r uː ə
slaver	s l aː v ə r
smiler	s m iː l ə r
statslige	s t a t s l iː ə
summer	s o m ə r
sutter	s u t ə r
søgt	s ø k t
tilskud	t e l s k u ð
toner	t oː n ə r
tælle	t ɛ l ə
uro	uː r o
vincent	v e n s ɛ n t
økologi	ø k o l o ɡ iː
aflyst	a f l ø s t
afrikanske	a f r i k aː n s k ə
aller	a l ə r
analyser	a n a l yː s ə r
angiveligt	a n ɡ iː v ə l i t
ann	a n
call	k a l
chelsea	s j ɛ l s eː a
derinde	d e r e n ə
elektroniske	e l ɛ k t r oː n i s k ə
feber	f eː b ə r
finansielle	f i n a n s j ɛ l ə
foreløbig	f ɔ r ə l øː b i
forestiller	f ɔ r ə s t e l ə r
foretager	f ɔ r ə t aː ɣ ə r
forfattere	f ɔ r f a t eː r ə
fyns	f ø n s
følelsen	f øː l ə l s ə n
gennembrud	ɡ ɛ n ə m b r u ð
hang	h a n ɡ
he	h eːˀ
hentede	h ɛ n t ə ð ə
how	h ɔ w
huden	h uː d ə n
hukommelse	h u k ɔ m ə l s ə
jonathan	j o n a t h aː n
kaffen	k a f ə n
kunsten	k o n s t ə n
købes	k øː b ə s
ligeglade	l iː ə ɡ l aː d ə
linjen	l e n j ə n
metro	m e t r o
minimum	m i n i m ɔ m
minutters	m i n u t ə r s
motiv	m o t iː v
mystisk	m ø s t i s k
nakken	n a k ə n
nægtede	n ɛ ɡ t ə ð ə
oftere	ɔ f t eː r ə
opfører	ɔ p f øː r ə r
oversættelser	ɔ v ə r s ɛ t ə l s ə r
rasende	r aː s ə n ə
reagerer	r e a ɡ eː r ə r
rigt	r e k t
ros	r oː s
roser	r oː s ə r
skala	s k aː l a
smut	s m u t
tilføje	t e l f ø j ə
tilstrækkelig	t e l s t r ɛ k ə l i
tvinger	t v e n ɡ ə r
udgifter	u d ɡ i f t ə r
udgiver	u d ɡ iː v ə r
ugens	uː ə n s
ukendte	u k ɛ n t ə
underlig	o n ə r l i
afholder	a f h ɔ l ə r
ankommet	a n k ɔ m ə ð
arbejdere	a r b a j d eː r ə
bay	b æ j
bekymre	b e k ø m r ə
bevidsthed	b e v i ð s t h e ðˀ
boksen	b ɔ k s ə n
branche	b r a n s j ə
centimeter	s ɛ n t i m eː t ə r
dommere	d ɔ m ə r ə
dramatisk	d r a m aː t i s k
ellen	ɛ l ə n
fabrikken	f a b r e k ə n
fangede	f a n ɡ ə ð ə
fiskeri	f e s k ə r iː
fjenden	f j ɛ n ə n
gribe	ɡ r iː b ə
gustav	ɡ u s t a v
hill	h e l
håndværk	h ɔ n v ɛ r k
indsat	e n s a t
jacobsen	j a k ɔ b s ə n
justin	j u s t iː n
kategorier	k a t ə ɡ o r iː ə r
kommercielle	k ɔ m ə r s j ɛ l ə
krisen	k r iː s ə n
lotte	l ɔ t ə
midnat	m i d n aː t
mindes	m e n ə s
myndighed	m ø n d i h e ðˀ
otto	ɔ t o
overtager	ɔ v ə r t aː ɣ ə r
page	p aː ɡ ə
presser	p r ɛ s ə r
protest	p r o t ɛ s t
ryan	r y aː n
sa	s a
satan	s a t aː n
shirt	s j i r t
smarte	s m a r t ə
smør	s m øːˀ r
solo	s o l o
sprang	s p r a n ɡ
stak	s t a k
stiftet	s t e f t ə ð
strækker	s t r ɛ k ə r
tons	t ɔ n s
tusinder	t u s e n ə r
tænd	t ɛ nˀ
vindmøller	v e n m ø l ə r
android	a n d r o iː d
arealer	a r e aː l ə r
blåt	b l ɔ t
bornholms	b ɔ r n h ɔ l m s
cam	k a m
camilla	k a m i l a
camp	k a m p
ejet	a j ə ð
faciliteter	f a s i l i t eː t ə r
farven	f a r v ə n
filer	f iː l ə r
folkens	f ɔ l k ə n s
forsvinde	f ɔ r s v e n ə
glat	ɡ l a t
glostrup	ɡ l ɔ s t r u p
hall	h a l
hævder	h ɛ v d ə r
indlagt	e n l a ɡ t
inkluderer	e n k l u d eː r ə r
instruktør	e n s t r u k t øː r
kager	k aː ɣ ə r
klæde	k l ɛː ð ə
kommunal	k ɔ m u n aː l
konsekvenserne	k ɔ n s ə k v ɛ n s ə r n ə
landsdækkende	l a n s d ɛ k ə n ə
lastbil	l a s t b iː l
lektor	l ɛ k t ɔ r
lene	l eː n ə
magasinet	m a ɡ a s i n eː t
markeret	m a r k eː r ə ð
meddelelse	m ɛ ð ə l ɛ l s ə
militære	m i l i t ɛː r ə
mobilen	m o b iː l ə n
museer	m u s eː ə r
must	m o s t
nederste	n eː ð ə r s t ə
novelle	n o v ɛ l ə
oplyser	ɔ p l yː s ə r
optage	ɔ p t aː ɡ ə
relation	r e l a ɕ oˀ n
rå	r ɔːˀ
rørt	r œ r t
skatter	s k a t ə r
skuespil	s k uː ə s p iː l
snydt	s n y t
stoler	s t oː l ə r
stykket	s t ø k ə ð
tilsammen	t e l s a m ə n
udgivelser	u d ɡ iː v ə l s ə r
un	o n
væksten	v ɛ k s t ə n
øjeblikke	ø j ə b l e k ə
action	a k s j oː n
afbrudt	a f b r u t
afgør	a f ɡ øː r
akut	a k u t
ambassadør	a m b a s a d øː r
benny	b ɛ n n i
case	k aː s ə
dave	d aː v ə
døtre	d ø t r ə
eksport	ɛ k s p ɔ r t
fm	ɛ f ɛ mˀ
forfærdelig	f ɔ r f ɛ r d ə l i
formen	f ɔ r m ə n
grimme	ɡ r e m ə
gæsterne	ɡ ɛ s t ə r n ə
homo	h oː m o
hverdagen	v ɛ r d aː ɣ ə n
hårdere	h ɔ r d eː r ə
højesteret	h ø j ə s t eː r ə ð
indeholdt	e n ə h ɔ l t
inklusiv	e n k l u s iː v
ishøj	i s h ø j
julen	j uː l ə n
længden	l ɛ n ɡ d ə n
massive	m a s iː v ə
miles	m iː l ə s
mølle	m ø l ə
nasa	n aː s a
noveller	n o v ɛ l ə r
ondskab	ɔ n s k aː b
oplyst	ɔ p l ø s t
overvejet	ɔ v ə r v a jˀ ə ð
placere	p l a s eː r ə
retfærdighed	r ɛ t f ɛ r d i h e ðˀ
rækken	r ɛ k ə n
samtykke	s a m t ø k ə
shop	ɕ ɔ p
skagen	s k aː ɣ ə n
skove	s k ɔː v ə
sony	s o n yː
sorø	s o r øː
spilder	s p e l ə r
sprede	s p r eː ð ə
styres	s t yː r ə s
susanne	s u s a n ə
terror	t ɛ r oː r
tillæg	t e l ɛ ɡ
trine	t r iː n ə
trykket	t r ø k ə ð
træerne	t r ɛː ə r n ə
tårer	t ɔː r ə r
utro	u t r oː
vid	v iːˀ ð
vænne	v ɛ n ə
ører	øː r ə r
adskiller	a d s k e l ə r
arrangere	a r a n ɡ eː r ə
bakken	b a k ə n
begreber	b e ɡ r eː b ə r
behandles	b e h a n l ə s
beskyttede	b e s k ø t ə ð ə
biografen	b i o ɡ r aː f ə n
branden	b r a n ə n
dylan	d y l aː n
farum	f a r ɔ m
foretages	f ɔ r ə t aː ɡ ə s
fyldte	f y l t ə
grafik	ɡ r a f i k
griber	ɡ r iː b ə r
hallen	h a l ə n
helte	h ɛ l t ə
høres	h øː r ə s
indikerer	e n d i k eː r ə r
knappen	k n a p ə n
kæmpet	k ɛ m p ə ð
køres	k øː r ə s
ledende	l eː ð ə n ə
lektier	l ɛ k t j ə r
middelfart	m i d ə l f a r t
mistænkt	m i s t ɛ n k t
omtalte	ɔ m t a l t ə
partnere	p a r t n eː r ə
planlægge	p l a n l ɛ ɡ ə
porto	p ɔ r t o
reglen	r a j l ə n
regnen	r a j n ə n
risikere	r i s i k eː r ə
runder	r o n ə r
sas	s aː s
skarpt	s k a r p t
smadret	s m a d r ɛ t
smykker	s m ø k ə r
snit	s n i t
stribe	s t r iː b ə
surt	s u r t
sv	s v eːˀ
udsendt	u d s ɛ n t
voldsomme	v ɔ l s ɔ m ə
østergaard	ø s t ə r ɡ ɔː r
afsat	a f s a t
ansvarlige	a n s v a r l i ə
armene	a r m eː n ə
barnebarn	b a r n ə b a r n
blander	b l a n ə r
brande	b r a n ə
dukke	d o k ə
engel	ɛ n ɡ ə l
flow	f l ɔ w
flåden	f l ɔː ð ə n
fynske	f ø n s k ə
hard	h a rˀ d
here	h eː r ə
hive	h iː v ə
hjemmefra	j ɛ m ə f r a
hvorved	v ɔ r v ə ð
ian	i æˀ n
ib	iː b
idioter	i d i oː t ə r
idræt	i d r ɛ t
ka	k a
karakterer	k a r a k t eː r ə r
kenneth	k ɛ n ə ð
konflikten	k ɔ n f l e k t ə n
kreativitet	k r e a t i v i t eː t
kronisk	k r oː n i s k
læber	l ɛː b ə r
læses	l ɛː s ə s
marshall	m a r s h a l
ment	m ɛ n t
milan	m i l aː n
myter	m y t ə r
negativt	n e ɡ a t i v t
prix	p r e k s
ruller	r u l ə r
sovet	s ɔ v ə ð
stund	s t o nˀ
størrelsen	s t œ r ə l s ə n
søstre	s ø s t r ə
tværtimod	t v ɛ r t i m oː d
tætte	t ɛ t ə
ultimative	u l t i m a t iː v ə
ulykken	u l ø k ə n
utallige	u t a l i ə
vågen	v ɔː ɣ ə n
williams	v i l j a m s
aktion	a k s j oː n
austin	a v s t iː n
baner	b aː n ə r
belgien	b ɛ l ɡ i ə n
bestilte	b e s t e l t ə
bevist	b e v e s t
bibelen	b iː b ə l ə n
bølge	b ø l j ə
diesel	d iː s ə l
direktøren	d i r ɛ k t øː r ə n
feedback	f iː d b a k
festivalen	f ɛ s t i v aː l ə n
fjende	f j ɛ n ə
forenede	f ɔ r ə n eː ð ə
fortsæt	f ɔ r t s ɛ t
france	f r a n s ə
frygte	f r ø k t ə
hardcore	h a r k oː r ə
hiv	h iːˀ v
hviler	v iː l ə r
iii	iː i
israelske	i s r aː ə l s k ə
jamie	j a m i ə
jerry	j ɛ r i
kastrup	k a s t r u p
katrine	k a t r iː n ə
know	k n ɔ w
kommandør	k ɔ m a n d øː r
kvalme	k v a l m ə
langsom	l a n ɡ s ɔ m
martha	m a r t h a
medicinske	m e d i s iː n s k ə
mindretal	m e n d r ə t aː l
mitchell	m i t s j ɛ lˀ
na	n a
ob	oː b
organer	ɔ r ɡ aː n ə r
præster	p r ɛ s t ə r
realistisk	r e a l i s t i s k
riis	r iː s
samsung	s a m s o n ɡ
seværdigheder	s e v ɛ r d i h eː d ə r
signaler	s i n aː l ə r
silver	s e l v ə r
slette	s l ɛ t ə
smartphone	s m a r t f oː n ə
sp	s p eː
standarder	s t a n d a r d ə r
straffe	s t r a f ə
sydney	s y d n i
terapi	t e r a p iː
tjekker	t j ɛ k ə r
trick	t r e k
tynde	t ø n ə
ulrik	u l r e k
vennerne	v ɛ n ə r n ə
vision	v i s j oː n
værsgo	v ɛ r s ɡ oː
ansættelse	a n s ɛ t ə l s ə
attraktiv	a t r a k t iː v
banden	b a n ə n
centret	s ɛ n t r ɛ t
cirkel	s i r k ə l
davis	d a v iːˀ s
drives	d r iː v ə s
energy	eː n ə r ɡ yː
fantasy	f a n t a s yː
fattig	f a t i
forklarede	f ɔ r k l aː r ə ð ə
forsynet	f ɔ r s yː n ə ð
frygtede	f r ø k t ə ð ə
full	f u lˀ
gran	ɡ r aː n
gymnastik	ɡ y m n a s t i k
haver	h aː v ə r
hersker	h ɛ r s k ə r
hyggelige	h y ɡ ə l i ə
hylder	h y l ə r
joseph	j oː s ə f
kunstig	k o n s t i
lake	l aː k ə
lidelse	l iː ð ə l s ə
lise	l iː s ə
mil	m iː l
netto	n ɛ t o
nøgne	n ø j n ə
omtrent	ɔ m t r ɛ n t
pa	p a
producenter	p r o d j u s ɛ n t ə r
sammenhængende	s a m ə n h ɛ n ɡ ə n ə
sektion	s ɛ k s j oː n
sigende	s iː ə n ə
tandlæge	t a n l ɛː ɡ ə
tankerne	t a n k ə r n ə
teoretisk	t e o r eː t i s k
testen	t ɛ s t ə n
ulla	u l a
årrække	ɔ r ɛ k ə
øvelse	øː v ə l s ə
akademisk	a k a d eː m i s k
anlagt	a n l a k t
barbara	b a r b aː r a
bekræfte	b e k r ɛ f t ə
bevise	b e v iː s ə
bider	b iː d ə r
brækket	b r ɛ k ə ð
bøn	b œ n
can	k aː n
celle	s ɛ l ə
charmerende	s j a r m eː r ə n ə
cola	k oː l a
daisy	d a j s yː
definere	d e f i n eː r ə
definerer	d e f i n eː r ə r
detalje	d e t a l j ə
ekstern	ɛ k s t ɛ r n
frygten	f r ø k t ə n
given	ɡ iː v ə n
grafisk	ɡ r aː f i s k
grimt	ɡ r e m t
hatten	h a t ə n
herved	h ɛ r v ə ð
indeholde	e n ə h ɔ l ə
italiens	i t a l j ɛ n s
jeff	j ɛ f
journal	j u r n aː l
kreativ	k r e a t iː v
landede	l a n ə ð ə
ledes	l eː ð ə s
låst	l ɔ s t
mandens	m a n ə n s
marken	m a r k ə n
mars	m a r s
massiv	m a s iː v
medvirkende	m e ð v e r k ə n ə
mystiske	m ø s t i s k ə
overbevisende	ɔ v ə r b e v iːˀ s ə n ə
paradise	p a r a d iː s ə
patter	p a t ə r
praktik	p r a k t i k
rita	r i t a
rytter	r ø t ə r
ryttere	r ø t ə r ə
scener	s eː n ə r
sku	s k uːˀ
stine	s t iː n ə
sværger	s v ɛ r ɣ ə r
svømmer	s v œ m ə r
søer	s øːˀ r
sønnen	s œ n ə n
talenter	t a l ɛ n t ə r
tricks	t r e k s
udbytte	u d b ø t ə
verdenen	v ɛ r d ə n ə n
væske	v ɛ s k ə
æbler	ɛː b l ə r
øgede	øː j ə ð ə
atmosfære	a t m o s f ɛː r ə
bella	b ɛ l a
bemærkede	b e m ɛ r k ə ð ə
brugerne	b r uː ə r n ə
brændende	b r ɛ n ə n ə
bulgarien	b u l ɡ a r i ə n
casino	k a s iː n o
depression	d e p r ɛ s j oː n
erstattet	ɛ r s t a t ə t
factor	f a k t ə r
fe	f eːˀ
flash	f l a s j
fods	f ɔ s
forhandler	f ɔ r h a n l ə r
forhindrer	f ɔ r h e n d r ə r
gentage	ɡ ɛ n t aː ɡ ə
grænserne	ɡ r ɛ n s ə r n ə
guldet	ɡ u l ə ð
handlen	h a n l ə n
ilden	i l ə n
indtage	e n t aː ɡ ə
kalenderen	k a l ɛ n d eː r ə n
kapital	k a p i t aː l
kilden	k i l ə n
kirkens	k i r k ə n s
kirker	k i r k ə r
kommando	k ɔ m a n d o
kontakten	k ɔ n t a k t ə n
lugt	l o k t
lyver	l yː v ə r
marco	m a r k o
mellemrum	m ɛ l ə m r ɔ m
moses	m oː s ə s
motiver	m o t iː v ə r
muren	m uː r ə n
målene	m ɔː l ə n ə
nation	n a ɕ oˀ n
negle	n a j l ə
næstformand	n ɛ s t f ɔ r m a n d
objekter	ɔ b j ɛ k t ə r
orker	ɔ r k ə r
overlæge	ɔ v ə r l ɛː ɡ ə
plet	p l ɛ t
produceres	p r o d j u s eː r ə s
skøre	s k øː r ə
slukket	s l o k ə ð
smadre	s m a d r ə
sommerferien	s ɔ m ə r f eː r i ə n
spin	s p iː n
stone	s t oː n ə
stukket	s t o k ə ð
tårnet	t ɔ r n ə ð
tænkes	t ɛ n k ə s
und	o nˀ
university	u n i v ɛ r s i t yː
usædvanlig	u s ɛ d v aː n l i
vægge	v ɛ ɡ ə
værdifulde	v ɛ r d i f u l ə
walk	v a l k
afslutter	a f s l u t ə r
afslørede	a f s l øː r ə ð ə
ajax	a j a k s
alles	a l ə s
anbragt	a n b r a k t
ane	aː n ə
argumenter	a r ɡ u m ɛ n t ə r
betales	b e t aː l ə s
box	b ɔ k s
brevet	b r eː v ə ð
but	b u t
bæredygtig	b ɛː r ə d ø ɡ t i
daværende	d a v ɛː r ə n ə
deraf	d e r aː f
ego	eː ɡ o
enheden	eː n h eː ð ə n
episoder	e p i s oː d ə r
forhandle	f ɔ r h a n l ə
forskerne	f ɔ r s k ɛ r n ə
gary	ɡ a r i
gennemgang	ɡ ɛ n ə m ɡ a n ɡ
glæden	ɡ l ɛː ð ə n
graviditet	ɡ r a v i d i t eː t
hurtigste	h u r t i s t ə
indgang	e n ɡ a n ɡ
invitation	e n v i t a ɕ oˀ n
jødisk	j øː d i s k
kagen	k aː ɣ ə n
karrieren	k a r i eː r ə n
knudsen	k n u s ə n
konstatere	k ɔ n s t a t eː r ə
kontant	k ɔ n t a n t
kopier	k o p iː ə r
kvalifikationen	k v a l i f i k a ɕ oˀ n ə n
kvaliteten	k v a l i t eː t ə n
kæden	k ɛː ð ə n
længste	l ɛ ŋ s t ə
løsladt	l ø s l a t
medvirker	m e ð v e r k ə r
moral	m o r aː l
nærliggende	n ɛ r l i ɡ ə n ə
odds	ɔ d s
offensiv	ɔ f ə n s iː v
omar	o m a r
optræde	ɔ p t r ɛː ð ə
overgang	ɔ v ə r ɡ a n ɡ
palle	p a l ə
papirer	p a p iː r ə r
rumme	r o m ə
ruter	r u t ə r
rønne	r œ n ə
satse	s a t s ə
savnede	s a v n eː ð ə
sek	s ɛ k
seriøse	s e r i øː s ə
sjælen	s j ɛː l ə n
skarpe	s k a r p ə
skoene	s k oː ə n ə
sluk	s l o k
smutter	s m u t ə r
son	s oː n
stammen	s t a m ə n
størrelser	s t œ r ə l s ə r
sådant	s ɔ d a n t
testamente	t ɛ s t a m ɛ n t ə
tyveri	t y v ə r iː
um	ɔ mˀ
varianter	v a r i a n t ə r
variation	v a r i a ɕ oˀ n
varighed	v a r i h eː d
bidraget	b i d r aː ɣ ə ð
binde	b e n ə
blinde	b l e n ə
dessert	d e s ɛ r t
diameter	d i a m eː t ə r
dokument	d ɔ k u m ɛ n t
dominans	d o m i n a n s
dommen	d ɔ m ə n
egnet	a j n ə ð
ekstreme	ɛ k s t r eː m ə
enkle	ɛ n k l ə
hannah	h a n a
heri	h e r i
hullet	h u l ə ð
insekter	e n s ɛ k t ə r
ken	k ɛ nˀ
kræves	k r ɛː v ə s
kulturen	k u l t yː r ə n
kødet	k øː ð ə ð
lidelser	l iː ð ə l s ə r
lister	l e s t ə r
mer	m ɛ r
nakskov	n a k s k ɔ v
opdagelse	ɔ p d aː ɣ ə l s ə
opfylde	ɔ p f y l ə
palmer	p a l m ə r
patent	p a t ɛ n t
præcise	p r ɛ s iː s ə
psykiske	s y k i s k ə
påbegyndt	p ɔː b ə ɡ ø n t
regnede	r a j n ə ð ə
regnskab	r a j n s k aː b
respektere	r ɛ s p ɛ k t eː r ə
robotter	r o b ɔ t ə r
salen	s aː l ə n
signe	s a j n ə
skrivebord	s k r iː v ə b oː r
solidt	s o l i t
specifikt	s p e s i f e k t
speed	s p iː d
svigter	s v e k t ə r
tabellen	t a b ɛ l ə n
tjenesten	t j e n ə s t ə n
tøser	t øː s ə r
udsendte	u d s ɛ n t ə
versioner	v ɛ r s j oː n ə r
vældig	v ɛ l d i
øges	øː j ə s
øret	øː r ə ð
bebyggelse	b e b ø ɡ ə l s ə
blomst	b l ɔ m s t
chauffør	s j o f øː r
clark	k l a r k
driften	d r e f t ə n
drømmen	d r œ m ə n
ejede	a j ə ð ə
eksistere	ɛ k s i s t eː r ə
erkende	ɛ r k ɛ n ə
fiktion	f e k s j oː n
fingeren	f e n ɡ eː r ə n
friis	f r iː s
følges	f ø l j ə s
games	ɡ aː m ə s
gavekort	ɡ aː v ə k ɔ r t
halen	h aː l ə n
herudover	h ɛ r u d ɔ v ə r
hip	h i p
indbyrdes	e n b y r d ə s
jazz	j a s
jyllands	j y l a n s
kap	k a p
kartofler	k a r t ɔ f l ə r
kenny	k ɛ n i
kro	k r oːˀ
lane	l aː n ə
latin	l a t iː n
lokalavisen	l o k a l a v iː s ə n
meddele	m ɛ ð ə l ə
opad	o p a d
oplyste	ɔ p l ø s t ə
opret	ɔ p r ɛ t
passerer	p a s eː r ə r
skabes	s k aː b ə s
skatten	s k a t ə n
slave	s l aː v ə
sporten	s p ɔ r t ə n
stewart	s t e v a r t
stramt	s t r a m t
støder	s t øː d ə r
svampe	s v a m p ə
sæder	s ɛː d ə r
tankegang	t a n k ə ɡ a n ɡ
tester	t ɛ s t ə r
tyler	t yː l ə r
underlige	o n ə r l iː ə
underskrift	o n ə r s k r e f t
vers	v ɛ r s
østlige	ø s t l i ə
afspejler	a f s p a j l ə r
anderson	a n ə r s oː n
aspekter	a s p ɛ k t ə r
auto	a v t o
begrænsede	b e ɡ r ɛ n s ə ð ə
besejre	b e s a j r ə
betegnelsen	b e t a j n ə l s ə n
binder	b e n ə r
båret	b ɔː r ə ð
campus	k a m p u s
droppede	d r ɔ p ə ð ə
dropper	d r ɔ p ə r
flygter	f l ø k t ə r
folkeskole	f ɔ l k ə s k oː l ə
forbrugerne	f ɔ r b r uː ə r n ə
fyrer	f yː r ə r
gennemførte	ɡ ɛ n ə m f œ r t ə
grebet	ɡ r eː b ə ð
greg	ɡ r a jˀ
grøntsager	ɡ r œ n t s aː ɡ ə r
hegn	h a j n
husleje	h u s l a j ə
hæng	h ɛ n ɡ
investere	e n v ɛ s t eː r ə
iværksætter	i v ɛ r k s ɛ t ə r
kast	k a s t
konkurrencer	k ɔ n k u r ɛ n s ə r
kroppe	k r ɔ p ə
løses	l øː s ə s
makker	m a k ə r
mrs	m ɛ r s
nødder	n ø d ə r
nøgler	n ø j l ə r
opfandt	ɔ p f a n t
opfatter	ɔ p f a t ə r
oprettelse	ɔ p r ɛ t ə l s ə
opsat	ɔ p s a t
ovenfor	ɔ v ə n f ɔ r
overset	ɔ v ə r s ɛ t
pressede	p r ɛ s ə ð ə
sjette	s j ɛ t ə
skiller	s k e l ə r
sneen	s n eː ə n
spærret	s p ɛ r ə ð
stenen	s t eː n ə n
stolen	s t oː l ə n
styrken	s t y r k ə n
støvler	s t ø v l ə r
symboler	s ø m b oː l ə r
synlige	s yː n l i ə
systematisk	s y s t ə m aː t i s k
tabel	t aː b ə l
there	t eː r ə
tokyo	t o k j o
uh	uːˀ
vægten	v ɛ ɡ t ə n
ærlige	ɛ r l i ə
afgøres	a f ɡ øː r ə s
afstanden	a f s t a n ə n
bagfra	b a v f r a
bekymrer	b e k ø m r ə r
bekæmpelse	b e k ɛ m p ə l s ə
besidder	b e s i d ə r
boligen	b o l iː ə n
branchen	b r a n s j ə n
brooklyn	b r oː k l yː n
børsen	b œ r s ə n
dannes	d a n ə s
deep	d iː p
diana	d i aː n a
dufter	d o f t ə r
etablerede	e t a b l eː r ə ð ə
faxe	f a k s ə
fjernes	f j ɛ r n ə s
forældres	f ɔ r ɛ l d r ə s
fremfor	f r ɛ m f ɔ r
fundament	f ɔ n d a m ɛ n t
galaxy	ɡ a l a k s i
got	ɡ ɔ t
hellig	h ɛ l i
hovedkvarter	h oː ə ð k v a r t ə r
huh	h uːˀ
instrumenter	e n s t r u m ɛ n t ə r
iværksættere	i v ɛ r k s ɛ t ə r ə
jennifer	j ɛ n i f ə r
jette	j ɛ t ə
kerne	k ɛ r n ə
kost	k ɔ s t
kreditkort	k r e d i t k ɔ r t
kvalificerede	k v a l i f i s eː r ə ð ə
living	l iː v e n ɡ
loft	l ɔ f t
lægerne	l ɛː ɣ ə r n ə
musikalske	m u s i k aː l s k ə
nanna	n a n a
notat	n o t aː t
nætter	n ɛ t ə r
omega	o m eː ɡ a
omfatte	ɔ m f a t ə
overvejende	ɔ v ə r v a jˀ ə n ə
porten	p ɔ r t ə n
portugal	p ɔ r t u ɡ aː l
præsenterede	p r ɛ s ə n t eː r ə ð ə
reaktioner	r e a k s j oː n ə r
respekterer	r ɛ s p ɛ k t eː r ə r
romantiske	r o m a n t i s k ə
sagerne	s aː ɣ ə r n ə
sammenhængen	s a m ə n h ɛ n ɡ ə n
sejlede	s a j l eː ð ə
sep	s ɛ p
skamme	s k a m ə
skæve	s k ɛː v ə
state	s t aː t ə
stuen	s t uː ə n
syvende	s yː v ə n ə
talrige	t a l r iː ə
tiltrække	t e l t r ɛ k ə
trivsel	t r i v s ə l
truppen	t r o p ə n
turisme	t u r i s m ə
tydelig	t yː d ə l i
tørt	t œ r t
underlagt	o n ə r l a ɡ t
universiteter	u n i v ɛ r s i t eː t ə r
vejene	v a j ə n ə
vigtigst	v e k t i s t
vinderne	v e n ə r n ə
voldtægt	v ɔ l t ɛ ɡ t
vælter	v ɛ l t ə r
wall	v a l
åbnes	ɔː b n ə s
afbud	a f b u d
afviklet	a f v e k l ə ð
allen	a l ə n
ambassade	a m b a s aː d ə
biblioteker	b i b l i o t eː k ə r
bin	b iː n
blomsterne	b l ɔ m s t ə r n ə
canadiske	k a n aː d i s k ə
christopher	k r i s t ɔ f ə r
dagene	d aː ɣ ə n ə
double	d uː b l ə
eksperiment	ɛ k s p ɛ r i m ɛ n t
elektricitet	e l ɛ k t r i s i t eː t
else	ɛ l s ə
fejlen	f a j l ə n
forklar	f ɔ r k l aː r
graven	ɡ r aː v ə n
hjemløse	j ɛ m l øː s ə
hygger	h y ɡ ə r
ideologi	i d e o l o ɡ iː
kernen	k ɛ r n ə n
klassiker	k l a s i k ə r
konsekvent	k ɔ n s ə k v ɛ n t
matthew	m a t h ɛ w
mistænkte	m i s t ɛ n k t ə
opnåede	ɔ p n ɔː ə ð ə
opvækst	ɔ p v ɛ k s t
our	uː r
provinsen	p r o v e n s ə n
realitet	r e a l i t eː t
rune	r uː n ə
song	s ɔ n ɡ
sparke	s p a r k ə
stamme	s t a m ə
taktik	t a k t i k
teknikker	t ɛ k n e k ə r
tilstande	t e l s t a n ə
ultra	u l t r a
vanskelig	v a n s k ə l i
varede	v aː r ə ð ə
velkomne	v ɛ l k ɔ m n ə
vinkler	v e n k l ə r
væggene	v ɛ ɡ ə n ə
behandlede	b e h a n l eː ð ə
besværligt	b e s v ɛ r l i t
borte	b ɔ r t ə
bælte	b ɛ l t ə
colorado	k o l o r aː d o
cuba	k uː b a
drinks	d r e n k s
dyrker	d y r k ə r
dødt	d ø t
franklin	f r a n k l iː n
fremmer	f r ɛ m ə r
ga	ɡ a
grene	ɡ r eː n ə
hurra	h u r a
import	e m p ɔ r t
iv	iː v
julian	j u l i æˀ n
kejser	k a j s ə r
klamt	k l a m t
knepper	k n ɛ p ə r
konkurrenter	k ɔ n k u r ɛ n t ə r
konsulent	k ɔ n s u l ɛ n t
krim	k r iː m
matcher	m a t s j ə r
missionen	m i s j oː n ə n
opbygge	ɔ p b ø ɡ ə
platforme	p l a t f ɔ r m ə
reddede	r ɛ ð ə ð ə
rumænien	r u m ɛː n j ə n
skærme	s k ɛ r m ə
smalle	s m a l ə
snow	s n ɔ w
style	s t yː l ə
stødte	s t ø t ə
templet	t ɛ m p l ɛ t
th	t eːˀ
trygt	t r ø k t
udgang	u d ɡ a n ɡ
ulovlig	u l ɔ v l i
uskyldige	u s k y l d i ə
øvelser	øː v ə l s ə r
apotek	a p o t ɛ k
aps	a p s
aske	a s k ə
atletik	a t l ə t i k
ball	b a l
beskrivelsen	b e s k r iː v ə l s ə n
biograf	b i o ɡ r aː f
dana	d aː n a
diskussioner	d i s k u s j oː n ə r
diskuterer	d i s k u t eː r ə r
dobbelte	d ɔ b ə l t ə
erfarne	ɛ r f a r n ə
erklæret	ɛ r k l ɛː r ə ð
fjollet	f j ɔ l ə ð
flasker	f l a s k ə r
fløjet	f l ø j ə ð
harrison	h a r i s oː n
hils	h i l s
hospitaler	h o s p i t aː l ə r
indkaldt	e n k a l t
indrømmer	e n d r œ m ə r
kabel	k aː b ə l
kærlig	k ɛ r l i
lex	l ɛ k s
light	l a j t
mill	m i l
moralsk	m o r aː l s k
moralske	m o r aː l s k ə
mønter	m ø n t ə r
netflix	n ɛ t f l e k s
opnås	ɔ p n ɔː s
parterne	p a r t ə r n ə
plot	p l ɔ t
portal	p ɔ r t aː l
preben	p r eː b ə n
ram	r a m
roma	r oː m a
romanen	r o m aː n ə n
room	r oː m
saxo	s a k s o
scorer	s k oː r ə r
sikkerheds	s e k ə r h e s
skriftlige	s k r e f t l i ə
smagt	s m a k t
smartphones	s m a r t f oː n ə s
sommetider	s ɔ m ə t iː d ə r
sparet	s p a r ɛ t
streng	s t r ɛ n ɡ
syriske	s yː r i s k ə
take	t aː k ə
teknologier	t ɛ k n o l o ɡ iː ə r
uhyre	u h yː r ə
unikt	u n e k t
valencia	v a l ɛ n s j a
vandløb	v a n l øː b
ventetid	v ɛ n t ə t i ðˀ
versionen	v ɛ r s j oː n ə n
viktor	v e k t ə r
værdsætter	v ɛ r s ɛ t ə r
afskaffet	a f s k a f ə ð
anmelde	a n m ɛ l ə
arbejdes	a r b a j d ə s
bak	b a k
bedes	b eː ð ə s
bekendte	b e k ɛ n t ə
bernie	b ɛ r n i ə
birk	b i r k
bitter	b i t ə r
bodil	b o d iː l
budt	b u t
bølger	b ø l j ə r
cross	k r ɔ s
dalen	d aː l ə n
eksperimenter	ɛ k s p ɛ r i m ɛ n t ə r
eren	eː r ə n
faldende	f a l ə n ə
fanø	f a n ø
finansiere	f i n a n s j eː r ə
flaget	f l aː ɣ ə ð
fu	f uːˀ
gradvist	ɡ r a ð v e s t
hockey	h ɔ k i
holst	h ɔ l s t
indsatte	e n s a t ə
inviterede	e n v i t eː r ə ð ə
islandske	i s l a n s k ə
kongressen	k ɔ n ɡ r ɛ s ə n
korruption	k ɔ r u p s j oː n
kostet	k ɔ s t ə ð
kunstnerisk	k o n s t n eː r i s k
kåret	k ɔː r ə ð
laursen	l a v r s ə n
lillesøster	l e l ə s ø s t ə r
mama	m aː m a
marina	m a r iː n a
masters	m a s t ə r s
mærsk	m ɛ r s k
navnlig	n a v n l i
next	n ɛ k s t
nicholas	n i s j o l aː s
nytter	n ø t ə r
opkaldt	ɔ p k a l t
pokémon	p o k e m oː n
rest	r ɛ s t
rigeste	r iː ə s t ə
sandet	s a n ə ð
skræmmer	s k r ɛ m ə r
skuespillere	s k uː ə s p e l eː r ə
sommerferie	s ɔ m ə r f eː r i ə
sparker	s p a r k ə r
spejl	s p a jˀ l
spejlet	s p a j l ə ð
storebror	s t oː r ə b r oː r
trykt	t r ø k t
udtalte	u d t a l t ə
udvist	u ð v e s t
ugers	uː ə r s
undtaget	o n t aː ɣ ə ð
variant	v a r i a n t
wifi	v i f iː
aa	aː
afholde	a f h ɔ l ə
afhængige	a f h ɛ n ɡ i ə
ak	a k
amatør	a m a t øː r
anbefalede	a n b e f aː l ə ð ə
andersens	a n ə r s ɛ n s
anton	a n t ɔ n
atlanta	a t l a n t a
ballerup	b a l ə r u p
bestemmelser	b e s t ɛ m ə l s ə r
bryan	b r y aː n
distrikt	d i s t r e k t
dorte	d ɔ r t ə
engle	ɛ n ɡ l ə
es	eː s
faaborg	f aː b ɔ r ɡ
fatte	f a t ə
fernando	f ɛ r n a n d o
flyttes	f l ø t ə s
forebyggelse	f ɔ r ə b ø ɡ ə l s ə
forsinkelse	f ɔ r s e n k ə l s ə
forståeligt	f ɔ r s t ɔː ə l i t
færdigheder	f ɛ r d i h eː d ə r
fødte	f ø t ə
gaza	ɡ aː s a
grace	ɡ r aː s ə
heidi	h a j d i
helena	h e l eː n a
herred	h ɛ r ə ð
ikea	i k eː a
indsamlet	e n s a m l ə ð
indså	e n s ɔ
journalisten	j u r n a l i s t ə n
kammerater	k a m ə ʁ ɑː t ə r
kanalen	k a n aː l ə n
kendes	k ɛ n ə s
klinisk	k l iː n i s k
knust	k n o s t
konger	k ɔ n ɡ ə r
kontoen	k ɔ n t oː ə n
kugler	k uː l ə r
landmænd	l a n m ɛ n d
lejet	l a j ə ð
mandskab	m a n s k aː b
mick	m e k
muskler	m u s k l ə r
name	n aː m ə
opførte	ɔ p f œ r t ə
overenskomst	ɔ v ə r ə n s k ɔ m s t
pete	p eː t ə
pp	p eː p eː
raske	r a s k ə
render	r ɛ n ə r
råder	r ɔː ð ə r
some	s oː m ə
spot	s p ɔ t
stanley	s t a n l i
stilen	s t iː l ə n
stolthed	s t ɔ l t h e ðˀ
styrket	s t y r k ə ð
sundhedsstyrelsen	s o n h e d s s t yː r ə l s ə n
søndergaard	s œ n ə r ɡ ɔː r
søs	s øː s
udgivelse	u d ɡ iː v ə l s ə
udnævnt	u d n ɛ vˀ n t
undtagelser	o n t aː ɣ ə l s ə r
velkendte	v ɛ l k ɛ n t ə
wikipedia	v i k i p eː d i a
øjeblikkeligt	ø j ə b l e k ə l i t
afsluttes	a f s l u t ə s
baker	b aː k ə r
berg	b ɛ r ɣ
bestiller	b e s t e l ə r
bille	b e l ə
bladene	b l aː d ə n ə
blir	b l iː r
bruxelles	b r u k s ɛ l ə s
bydel	b y d ə l
datteren	d a t eː r ə n
delta	d ɛ l t a
felter	f ɛ l t ə r
folkekirken	f ɔ l k ə k i r k ə n
fornyet	f ɔ r n yː ə ð
glider	ɡ l iː d ə r
grafiske	ɡ r a f i s k ə
gravet	ɡ r aː v ə ð
grønlandske	ɡ r œ n l a n s k ə
holdte	h ɔ l t ə
hoveder	h oː ə ð ə r
indiske	e n d i s k ə
intense	e n t ɛ n s ə
jackie	j a k i ə
jerusalem	j ɛ r u s aː l ə m
kejseren	k a j s eː r ə n
koranen	k o r aː n ə n
kunstneriske	k o n s t n eː r i s k ə
køen	k øːˀ ə n
lastbiler	l a s t b iː l ə r
logik	l o ɡ i k
meddelelser	m ɛ ð ə l ɛ l s ə r
melodi	m e l o d iː
milde	m i l ə
never	n eː v ə r
obama	o b aː m a
omme	ɔ m ə
opgørelse	ɔ p ɡ øː r ə l s ə
opstille	ɔ p s t e l ə
organisk	ɔ r ɡ aː n i s k
panden	p a n ə n
plast	p l a s t
pligter	p l e k t ə r
pædagogik	p ɛ d a ɡ o ɡ i k
pølser	p ø l s ə r
rico	r i k o
seo	s eː o
session	s ɛ s j oː n
simone	s i m oː n ə
sinde	s e n ə
slægt	s l ɛ k t
space	s p aː s ə
styrelsen	s t yː r ə l s ə n
sygehuse	s yː ə h uː s ə
track	t r a k
tyv	t yː v
tænderne	t ɛ n ə r n ə
udsender	u d s ɛ n ə r
udsættes	u d s ɛ t ə s
udtrykker	u d t r ø k ə r
vanskelige	v a n s k ə l iː ə
voldelige	v ɔ l ə l iː ə
værter	v ɛ r t ə r
væsner	v ɛ s n ə r
adams	a d a m s
aktiver	a k t iː v ə r
amy	a m yː
appen	a p ə n
battle	b a t l ə
bevægede	b e v ɛː ɡ ə ð ə
blødt	b l ø t
brandon	b r a n d ɔ n
brønshøj	b r œ n s h ø j
bærbare	b ɛ r b aː r ə
dimensioner	d i m ɛ n s j oː n ə r
drink	d r e n k
druknede	d r o k n eː ð ə
duo	d uː o
dyreste	d y r ə s t ə
eyes	a j ə s
farverne	f a r v ɛ r n ə
fejres	f a j r ə s
fejret	f a j r ə ð
fladt	f l a t
folkene	f ɔ l k ə n ə
foretrukne	f ɔ r ə t r o k n ə
four	f uː r
fuglene	f uː l ə n ə
gray	ɡ r æ j
hændelse	h ɛ n ə l s ə
inddragelse	e n d r aː ɣ ə l s ə
indtog	e n t ɔ ɡ
kede	k eː ð ə
kids	k i s
klienter	k l i ɛ n t ə r
kravet	k r aː v ə ð
laboratorium	l a b o r a t oː r i ɔ m
letter	l ɛ t ə r
lovende	l ɔ v ə n ə
lykkelige	l ø k ə l i ə
mærkes	m ɛ r k ə s
ovennævnte	ɔ v ə n ɛ v n t ə
pokkers	p ɔ k ə r s
punk	p o n k
påske	p ɔ s k ə
påstande	p ɔ s t a n ə
regnes	r a j n ə s
resterne	r ɛ s t ə r n ə
rick	r e k
rocky	r ɔ k i
run	r uː n
russell	r u s ɛ l
rydder	r y ð ə r
salat	s a l aː t
semifinalen	s e m i f i n aː l ə n
senator	s e n aː t ə r
slikke	s l e k ə
small	s m a l
standse	s t a n s ə
stifter	s t e f t ə r
styrtede	s t y r t ə ð ə
summen	s o m ə n
tiders	t iː d ə r s
tiltrækker	t e l t r ɛ k ə r
topscorer	t ɔ p s k oː r ə r
vellykket	v ɛ l ø k ə ð
videnskaben	v iː ð ə n s k aː b ə n
vinduerne	v e n d u ə r n ə
warren	v a r ə n
åbenhed	ɔː b ə n h e ðˀ
absolutte	a b s o l u t ə
begrænser	b e ɡ r ɛ n s ə r
beholdt	b e h ɔ l t
besættelse	b e s ɛ t ə l s ə
biografer	b i o ɡ r aː f ə r
bolde	b ɔ l ə
bremser	b r ɛ m s ə r
chaufføren	s j o f øː r ə n
dallas	d a l a s
dyrket	d y r k ə ð
dømmer	d œ m ə r
eksplosion	ɛ k s p l o s j oː n
erklærer	ɛ r k l ɛː r ə r
flasken	f l a s k ə n
flotteste	f l ɔ t ə s t ə
forest	f ɔ r ɛ s t
forklares	f ɔ r k l aː r ə s
fremlagt	f r ɛ m l a ɡ t
fuglen	f uː l ə n
føltes	f ø l t ə s
giftes	ɡ i f t ə s
halloween	h a l ɔ w eː n
hand	h a nˀ
hjemmesider	j ɛ m ə s iː d ə r
hollandske	h ɔ l a n s k ə
hugo	h uː ɡ o
inter	e n t ə r
jeps	j ɛ p s
keder	k eː d ə r
knapt	k n a p t
koncernen	k ɔ n s ɛ r n ə n
kontrollerer	k ɔ n t r ɔ l eː r ə r
lands	l a n s
ligemeget	l iː ə m a j ə ð
lovlig	l ɔ v l i
lyve	l yː v ə
magic	m a ɡ i k
marc	m a r k
margaret	m a r ɡ a r ɛ t
markante	m a r k a n t ə
obligatorisk	ɔ b l i ɡ a t oː r i s k
opfordre	ɔ p f ɔ r d r ə
osse	ɔ s ə
palæstina	p a l ɛ s t iː n a
rare	r aː r ə
redegørelse	r eː ð ə ɡ øː r ə l s ə
rutine	r u t iː n ə
sjæle	s j ɛː l ə
skiftende	s k e f t ə n ə
snakken	s n a k ə n
stormen	s t ɔ r m ə n
sædet	s ɛː ð ə ð
sænk	s ɛ n k
terry	t ɛ r i
tilfældig	t e l f ɛ l d i
triste	t r e s t ə
umulig	u m uː l i
urter	u r t ə r
valuta	v a l u t a
vestergaard	v ɛ s t ə r ɡ ɔː r
visioner	v i s j oː n ə r
væsener	v ɛː s ə n ə r
wars	v a r s
ørerne	øː r ə r n ə
angives	a n ɡ iː v ə s
antibiotika	a n t i b i oː t i k a
arbejdsløshed	a r b a j d s l øː s h e ðˀ
behøvede	b e h øː v ə ð ə
betegnes	b e t a j n ə s
bevægelsen	b e v ɛː ɡ ə l s ə n
bidt	b i t
carter	k a r t ə r
drak	d r a k
dækkede	d ɛ k ə ð ə
ebeltoft	eː b ə l t ɔ f t
fastholde	f a s t h ɔ l ə
fedeste	f eː ð ə s t ə
forhøjet	f ɔ r h ø j ə ð
forlaget	f ɔ r l aː ɣ ə ð
forvirrende	f ɔ r v i r ə n ə
fremhæve	f r ɛ m h ɛː v ə
førstepladsen	f œ r s t ə p l a s ə n
golden	ɡ ɔ l ə n
grise	ɡ r iː s ə
herlig	h ɛ r l i
historiens	h i s t o r i ɛ n s
hits	h i t s
husene	h uː s ə n ə
indbygget	e n b ø ɡ ə t
indse	e n s ə
jakken	j a k ə n
jenny	j ɛ n i
kennedy	k ɛ n ə d yː
koder	k oː d ə r
krige	k r iː ə
landsbyer	l a n s b yː ə r
leon	l eː ɔ n
lis	l iː s
litterære	l i t ə r ɛː r ə
lykken	l ø k ə n
lånt	l ɔ n t
løve	l øː v ə
manhattan	m a n h a t a n
masker	m a s k ə r
monica	m o n i k a
måles	m ɔː l ə s
nedgang	n e d ɡ a n ɡ
nødvendighed	n ø ð v ɛ n d i h e ðˀ
opstart	ɔ p s t a r t
optages	ɔ p t aː ɡ ə s
overgår	ɔ v ə r ɡ ɔː r
overvejede	ɔ v ə r v a j ə ð ə
placeres	p l a s eː r ə s
points	p o e n t s
putter	p u t ə r
rammes	r a m ə s
roll	r ɔ l
romerske	r oː m ə r s k ə
rygtet	r ø k t ə ð
rykkede	r ø k ə ð ə
seattle	s e a t l ə
skriger	s k r iː ə r
sløret	s l øː r ə ð
smelter	s m ɛ l t ə r
sokker	s ɔ k ə r
solskin	s oː l s k iː n
step	s t ɛ p
stjernerne	s t j ɛ r n ə r n ə
stjæler	s t j ɛː l ə r
strenge	s t r ɛ n ɡ ə
striber	s t r iː b ə r
sving	s v e n ɡ
tortur	t ɔ r t uː r
trang	t r a n ɡ
trives	t r iː v ə s
træffer	t r ɛ f ə r
udgive	u d ɡ iː v ə
udløser	u d l øː s ə r
vintage	v e n t aː ɡ ə
ørkenen	œ r k ə n ə n
afd	a f d
afgive	a f ɡ iː v ə
afsluttede	a f s l u t ə ð ə
ark	a r k
atmosfæren	a t m o s f ɛː r ə n
badet	b aː d ə ð
barry	b a r i
barsel	b a r s ə l
basel	b aː s ə l
betragte	b e t r a k t ə
betydelige	b e t yː d ə l i ə
bevares	b e v aː r ə s
colin	k o l iː n
datters	d a t ə r s
dawn	d a w n
delen	d eː l ə n
figuren	f i ɡ yː r ə n
fis	f iː s
forbinde	f ɔ r b e n ə
fornyelse	f ɔ r n yː ə l s ə
fragt	f r a k t
frankrigs	f r a n k r iː s
frugter	f r o k t ə r
garanterer	ɡ a r a n t eː r ə r
genskabe	ɡ ɛ n s k aː b ə
gin	ɡ iː n
halvvejs	h a l v a jˀ s
helen	h eː l ə n
holmes	h ɔ l m ə s
hope	h oː p ə
hyldest	h y l ə s t
indefra	e n ə f r a
indsamle	e n s a m l ə
involverer	e n v ɔ l v ə r ə r
juul	j uː l
kirk	k i r k
knive	k n iː v ə
koner	k oː n ə r
leonard	l e o n a r
libanon	l i b a n oː n
made	m aː d ə
mikrofon	m i k r o f oː n
mindede	m e n ə ð ə
mols	m ɔ l s
nattens	n a t ə n s
nært	n ɛ r t
objekt	ɔ b j ɛ k t
opfattes	ɔ p f a t ə s
opfylder	ɔ p f y l ə r
optog	ɔ p t ɔ ɡ
planten	p l a n t ə n
retssagen	r ɛ t s aː ɣ ə n
rich	r i s
sanne	s a n ə
sats	s a t s
sitet	s i t eː t
skaffede	s k a f ə ð ə
skandinavien	s k a n d i n a v iː ə n
skuffe	s k o f ə
smagte	s m a k t ə
smerten	s m ɛ r t ə n
snyd	s n yː d
spider	s p iː d ə r
sprøjte	s p r ø j t ə
stan	s t a n
stemmerne	s t ɛ m ə r n ə
stilles	s t e l ə s
stinker	s t e n k ə r
støttede	s t ø t ə ð ə
søgen	s øː j ə n
tilpasse	t e l p a s ə
torino	t o r iː n o
tæsk	t ɛ s k
undergang	o n ə r ɡ a n ɡ
undskylde	o n s k y l ə
ødelæggelse	øː ð ə l ɛ ɡ ə l s ə
øjeblikkelig	ø j ə b l e k ə l i
aar	aː r
afløser	a f l øː s ə r
alfa	a l f a
allé	a l e
arrangerer	a r a n ɡ eː r ə r
ba	b a
basen	b aː s ə n
birthe	b i r t ə
buddy	b u d i
challenge	s j a l ɛ n ɡ ə
costa	k ɔ s t a
diabetes	d i a b eː t ə s
dong	d ɔ n ɡ
forsvundne	f ɔ r s v o n ə
frække	f r ɛ k ə
handsker	h a n s k ə r
havne	h a v n ə
hundene	h o n ə n ə
inddrage	e n d r aː ɣ ə
ip	i p
jørn	j œ r n
klaver	k l aː v ə r
komedie	k o m eː d i ə
kommentere	k ɔ m ə n t eː r ə
kontorer	k ɔ n t oː r ə r
kuffert	k o f ə r t
kursen	k u r s ə n
lommen	l ɔ m ə n
lortet	l ɔ r t ə ð
mentale	m ɛ n t aː l ə
neil	n ɛ jˀ l
opgiver	ɔ p ɡ iː v ə r
opskrifter	ɔ p s k r e f t ə r
putte	p u t ə
savage	s a v aː ɡ ə
senatet	s e n a t eː t
senge	s ɛ n ɡ ə
sletter	s l ɛ t ə r
soft	s ɔ f t
stiftstidende	s t e f t s t iː d ə n ə
støtten	s t ø t ə n
såfremt	s ɔ f r ɛ m t
sænker	s ɛ n k ə r
taknemmelig	t a k n ɛ m ə l i
tasken	t a s k ə n
tasker	t a s k ə r
thompson	t ɔ m p s ɔ n
trailer	t r a j l ə r
trappen	t r a p ə n
trænede	t r ɛː n ə ð ə
tørrer	t œ r ə r
uddanne	u d a n ə
udsætte	u d s ɛ t ə
valley	v a l i
vanløse	v a n l øː s ə
voldtaget	v ɔ l t aː ɣ ə ð
væddemål	v ɛ ð ə m ɔː l
walker	v a l k ə r
whisky	v i s k yː
åbenlyst	ɔː b ə n l ø s t
arbejdsløse	a r b a j d s l øː s ə
arrangementet	a r a n ɡ ə m a n t ə t
barnets	b a r n ɛ t s
beskrivelser	b e s k r iː v ə l s ə r
bål	b ɔː l
deadline	d e a d l iː n ə
dominerer	d o m i n eː r ə r
eksemplar	ɛ k s ɛ m p l a r
embedsmænd	ɛ m b e d s m ɛ n d
erhvervs	ɛ r v ɛ r v s
erklærede	ɛ r k l ɛː r ə ð ə
fjernsynet	f j ɛ r n s yː n ə ð
flammer	f l a m ə r
forløbet	f ɔ r l øː b ə ð
forårsage	f ɔ r ɔ r s aː ɡ ə
frekvens	f r ɛ k v ɛ n s
friday	f r i d æ j
future	f u t yː r ə
gonna	ɡ ɔ n a
hobby	h ɔ b i
homer	h oː m ə r
homoseksuelle	h o m o s ɛ k s u ɛ l ə
hp	h oː p eː
hunter	h o n t ə r
håndværkere	h ɔ n v ɛ r k ə r ə
hælder	h ɛ l ə r
ikast	i k a s t
indhente	e n h ɛ n t ə
individer	e n d i v iː d ə r
indtægt	e n t ɛ ɡ t
infektion	e n f ɛ k s j oː n
ironisk	i r oː n i s k
its	i t s
jesse	j ɛ s ə
karantæne	k a r a n t ɛː n ə
knep	k n eː p
kommission	k ɔ m i s j oː n
kontekst	k ɔ n t ɛ k s t
korsør	k ɔ r s øː r
kur	k uː r
lena	l eː n a
les	l eː s
lettelse	l ɛ t ə l s ə
låse	l ɔː s ə
madame	m a d aː m ə
miner	m iː n ə r
profit	p r o f i t
psykiatri	s y k i a t r iː
rex	r ɛ k s
riget	r iː ə ð
rystet	r ø s t ə ð
rørende	r øː r ə n ə
skatte	s k a t ə
slapper	s l a p ə r
sunget	s o n ɡ ə ð
svinet	s v iː n ə ð
tavlen	t a v l ə n
tjekkiet	t j ɛ k i ə ð
tæer	t ɛː ə r
varmer	v a r m ə r
vera	v eː r a
våbenhvile	v ɔː b ə n v iː l ə
ånder	ɔ n ə r
admiral	a d m i r aː l
afkast	a f k a s t
aftalte	a f t a l t ə
animation	a n i m a ɕ oˀ n
annonce	a n ɔ n s ə
banks	b a n k s
batman	b a t m aː n
blodige	b l oː d i ə
brygge	b r ø ɡ ə
børnebørn	b œ r n ə b œ r n
centre	s ɛ n t r ə
chase	s j aː s ə
cyklen	s y k l ə n
dernede	d ɛ r n eː ð ə
destinationer	d ɛ s t i n a ɕ oˀ n ə r
dirigent	d i r i ɡ ɛ n t
div	d iːˀ v
domme	d ɔ m ə
dommerne	d ɔ m ə r n ə
domstol	d ɔ m s t ɔ l
dortmund	d ɔ r t m o n d
filmens	f i l m ɛ n s
finansloven	f i n a n s l ɔ vˀ ə n
gemte	ɡ ɛ m t ə
genetisk	ɡ e n eː t i s k
gennemsnitligt	ɡ ɛ n ə m s n i t l i t
gitte	ɡ i t ə
haha	h a h a
helikopter	h e l i k ɔ p t ə r
herrens	h ɛ r ə n s
hong	h ɔ n ɡ
invasion	e n v a s j oː n
jet	j ɛ t
justitsminister	j u s t i t s m i n i s t ə r
jæger	j ɛː ɣ ə r
klap	k l a p
konkurrere	k ɔ n k u r eː r ə
kundeservice	k o n ə s ɛ r v iː s ə
kurve	k o r v ə
købet	k øː b ə ð
lejede	l a j ə ð ə
login	l o ɡ iː n
mappe	m a p ə
marx	m a r k s
mi	m iː
opererer	ɔ p ə r eː r ə r
pastor	p a s t ɔ r
propaganda	p r o p a ɡ a n d a
pølse	p ø l s ə
rotter	r ɔ t ə r
rund	r o nˀ
skipper	s k e p ə r
somme	s ɔ m ə
soul	s uː l
sportsgrene	s p ɔ r t s ɡ r eː n ə
stabilitet	s t a b i l i t eː t
statsborgere	s t a t s b ɔ r ɡ eː r ə
stemmen	s t ɛ m ə n
stoppes	s t ɔ p ə s
student	s t u d ɛ n t
svarene	s v aː r ə n ə
sønder	s ø n ə r
talen	t aː l ə n
tempel	t ɛ m p ə l
tronen	t r oː n ə n
tråden	t r ɔː ð ə n
uniform	u n i f ɔ r m
villet	v i l ə ð
abu	a b u
afslappet	a f s l a p ə t
ana	aː n a
annie	a n i ə
bade	b aː d ə
beskrev	b e s k r eːˀ v
blogindlæg	b l ɔ ɡ e n l ɛ ɡ
buck	b o k
bue	b uː ə
drake	d r aː k ə
drøfte	d r œ f t ə
falck	f a l k
fangerne	f a n ɡ ə r n ə
finans	f i n a n s
finansminister	f i n a n s m i n i s t ə r
fordomme	f ɔ r d ɔ m ə
forever	f ɔ r ɛː v ə r
fraværende	f r a v ɛː r ə n ə
gennemgik	ɡ ɛ n ə m ɡ i k
hentes	h ɛ n t ə s
hoppede	h ɔ p ə ð ə
hæk	h ɛ k
indblik	e n b l e k
intenst	e n t ɛ n s t
ios	i oː s
jøderne	j øː ð ə r n ə
knibe	k n iː b ə
langsomme	l a n ɡ s ɔ m ə
low	l ɔ w
loyalitet	l ø j a l i t eː t
meld	m ɛ lˀ
moren	m oː r ə n
motel	m o t ɛ l
mægtige	m ɛ ɡ t i ə
mærkede	m ɛ r k ə ð ə
nancy	n a n s i
nate	n aː t ə
officerer	ɔ f i s eː r ə r
olympiske	o l ø m p i s k ə
opførelse	ɔ p f øː r ə l s ə
owen	ɔ w ə n
passion	p a s j oː n
planterne	p l a n t ə r n ə
porte	p ɔ r t ə
præmier	p r ɛ m iː ə r
ralph	r a l f
rammerne	r a m ə r n ə
romaner	r o m aː n ə r
shirts	s j i r t s
skyldtes	s k y l t ə s
slæbe	s l ɛː b ə
struer	s t r uː ə r
strålende	s t r ɔː l ə n ə
styrede	s t yː r ə ð ə
superliga	s u p ə r l i ɡ a
såmænd	s ɔ m ɛ n d
tilstede	t e l s t eː ð ə
town	t ɔ w n
trådt	t r ɔ t
tømt	t œ m t
tørklæde	t œ r k l ɛː ð ə
udsalg	u d s a lˀ ɣ
ulemper	u l ɛ m p ə r
vask	v a s k
venedig	v eː n ə ð i
watson	v a t s ɔ n
wide	v iː ð ə
ærø	ɛ r øː
øvet	øː v ə ð
administrerende	a d m i n i s t r eː r ə n ə
afsluttende	a f s l u t ə n ə
aktører	a k t øː r ə r
ambitiøse	a m b i s j øː s ə
ap	a p
beck	b ɛ k
bier	b iː ə r
cigaretter	s i ɡ a r ɛ t ə r
cole	k oː l ə
dannede	d a n ə ð ə
derby	d ɛ r b yː
dimension	d i m ɛ n s j oː n
ergo	ɛ r ɡ o
eye	a j ə
faser	f aː s ə r
fastsat	f a s t s a t
forfølger	f ɔ r f œ l j ə r
frækt	f r ɛ k t
førtidspension	f œ r t i d s p ɛ n s j oː n
grande	ɡ r a n ə
inderst	e n ə r s t
investerer	e n v ɛ s t eː r ə r
jessica	j ɛ s i k a
lucy	l u s i
løbere	l øː b ə r ə
middelalderen	m i d ə l a l d eː r ə n
musikalsk	m u s i k aː l s k
navigation	n a v i ɡ a ɕ oˀ n
nydelse	n yː d ə l s ə
omsider	ɔ m s iː d ə r
opholdet	ɔ p h ɔ l ə ð
overholde	ɔ v ə r h ɔ l ə
porter	p ɔ r t ə r
prioritet	p r i o r i t eː t
præsentation	p r ɛ s ə n t a ɕ oˀ n
påstå	p ɔ s t ɔ
rapper	r a p ə r
skuffer	s k o f ə r
skyldige	s k y l d i ə
smæk	s m ɛ k
spencer	s p ɛ n s ə r
spids	s p i s
stifte	s t e f t ə
stjernen	s t j ɛ r n ə n
straffes	s t r a f ə s
telefoner	t e l ə f oː n ə r
tottenham	t ɔ t ə n h a m
uddannede	u d a n ə ð ə
vasker	v a s k ə r
wallace	v a l a s ə
yder	yː d ə r
zoom	s oː m
øerne	øː ə r n ə
almene	a l m eː n ə
audi	a v d i
babe	b aː b ə
bander	b a n ə r
bas	b aː s
bluse	b l uː s ə
busk	b u s k
change	s j a n ɡ ə
china	s j iː n a
ejes	a j ə s
facaden	f a k aː d ə n
fashion	f a s j oː n
fisken	f e s k ə n
forebygge	f ɔ r ə b ø ɡ ə
formelle	f ɔ r m ɛ l ə
fuldført	f u l f ø r t
genrer	ɡ ɛ n r ə r
gensyn	ɡ ɛ n s yː n
grækerne	ɡ r ɛː k ə r n ə
grønlands	ɡ r œ n l a n s
hastigheder	h a s t i h eː d ə r
hemmeligheder	h ɛ m ə l i h eː d ə r
hærværk	h ɛ r v ɛ r k
ingeniører	e n ɡ ə n j øː r ə r
karin	k a r iː n
knuste	k n o s t ə
knytter	k n ø t ə r
konklusioner	k ɔ n k l u s j oː n ə r
kontanter	k ɔ n t a n t ə r
kredse	k r ɛ s ə
leipzig	l a j p s i
lp	ɛ l p eː
lukkes	l o k ə s
lyser	l yː s ə r
låner	l ɔː n ə r
madonna	m a d ɔ n a
majs	m a jˀ s
mandat	m a n d a t
marilyn	m a r i l yː n
markerer	m a r k eː r ə r
masken	m a s k ə n
morgenmaden	m ɔ r ə n m aː d ə n
musiker	m uː s i k ə r
opdraget	ɔ p d r aː ɣ ə ð
opfinder	ɔ p f e n ə r
overtale	ɔ v ə r t aː l ə
parametre	p a r a m eː t r ə
pung	p o n ɡ
reparation	r ɛ p a r a ɕ oˀ n
retfærdig	r ɛ t f ɛ r d i
rettede	r ɛ t ə ð ə
rider	r iː d ə r
ritzau	r i t s a w
rytme	r ø t m ə
satellit	s a t ə l i t
sherlock	s j ɛ r l ɔ k
skandale	s k a n d aː l ə
skyer	s k yː ə r
slanger	s l a n ɡ ə r
snacks	s n a k s
solens	s o l ɛ n s
sovs	s ɔ vˀ s
spredes	s p r eː ð ə s
sølle	s ø l ə
text	t ɛ k s t
tilslutte	t e l s l u t ə
transportere	t r a n s p ɔ r t eː r ə
udløber	u d l øː b ə r
udstiller	u d s t e l ə r
uheldige	u h ɛ l d i ə
ultimate	u l t i m aː t ə
ulve	u l v ə
usandsynligt	u s a n s yː n l i t
varmere	v a r m eː r ə
værløse	v ɛ r l øː s ə
wolf	v ɔ l f
ødelæggende	øː ð ə l ɛ ɡ ə n ə
aha	a h a
alpha	a l f a
anette	a n ɛ t ə
annoncer	a n ɔ n s ə r
ass	a s
axel	a k s ə l
benet	b eː n ə ð
bilulykke	b i l u l ø k ə
bokser	b ɔ k s ə r
cyklister	s y k l i s t ə r
derind	d e r e n d
duft	d o f t
dyrkede	d y r k ə ð ə
enterprise	ɛ n t ə r p r iː s ə
farvet	f a r v ə ð
ferrari	f ɛ r a r iː
forbandelse	f ɔ r b a n ə l s ə
gravide	ɡ r a v iː ð ə
half	h a l f
herovre	h ɛ r ɔ v r ə
hills	h e l s
human	h u m aː n
image	i m aː ɡ ə
jess	j ɛ s
jægere	j ɛː ɣ ə r ə
kanin	k a n iː n
kanoner	k a n oː n ə r
kloster	k l ɔ s t ə r
knækker	k n ɛ k ə r
kunstneren	k o n s t n eː r ə n
kvindes	k v e n ə s
liget	l iː ə ð
lindholm	l e n h ɔ l m
lynge	l ø n ɡ ə
lægemidler	l ɛː ɣ ə m i d l ə r
løkken	l ø k ə n
merlin	m ɛ r l iː n
michelsen	m i s ə l s ə n
mona	m oː n a
most	m ɔ s t
multi	m u l t i
murphy	m u r f yː
ofrene	ɔ f r eː n ə
opdatere	ɔ p d a t eː r ə
organisere	ɔ r ɡ a n i s eː r ə
passerede	p a s eː r ə ð ə
placerer	p l a s eː r ə r
pletter	p l ɛ t ə r
posen	p oː s ə n
potentielle	p o t ə n s j ɛ l ə
price	p r iː s ə
ringere	r e n ɡ eː r ə
satans	s a t a n s
screen	s k r eː ə n
sejlet	s a j l ə ð
semi	s e m iː
skalaen	s k a l aː ə n
skræmt	s k r ɛ m t
smadrede	s m a d r eː ð ə
sparta	s p a r t a
specifik	s p e s i f i k
stave	s t aː v ə
stejle	s t a j l ə
still	s t e l
stråler	s t r ɔː l ə r
stuart	s t u a r t
styrelse	s t yː r ə l s ə
taktisk	t a k t i s k
teknologien	t ɛ k n o l o ɡ iː ə n
teologi	t e o l o ɡ iː
teoretiske	t e o r eː t i s k ə
tilføjede	t e l f ø j ə ð ə
truslen	t r u s l ə n
umiddelbar	u m i d ə l b a r
ut	u t
varierende	v a r i eː r ə n ə
vasken	v a s k ə n
vojens	v ɔ j ə n s
årsagerne	ɔ r s aː ɣ ə r n ə
aktioner	a k s j oː n ə r
angela	a n ɡ ə l a
arrangeres	a r a n ɡ eː r ə s
barns	b a r n s
bass	b a s
billigste	b i l i s t ə
bunke	b o n k ə
buske	b u s k ə
båndet	b ɔ n ə ð
domkirke	d ɔ m k i r k ə
driller	d r e l ə r
drømt	d r œ m t
duer	d uː ə r
erhvervsliv	ɛ r v ɛ r v s l iː v
etiopien	e t i o p iː ə n
fanen	f aː n ə n
feb	f eː b
flinke	f l e n k ə
flyselskab	f l yː s ə l s k aː b
forandret	f ɔ r a n d r ɛ t
forpligtelser	f ɔ r p l e ɡ t ə l s ə r
foster	f ɔ s t ə r
fotografier	f o t o ɡ r a f iː ə r
gavner	ɡ a v n ə r
gennemføres	ɡ ɛ n ə m f øː r ə s
glatte	ɡ l a t ə
gro	ɡ r oːˀ
havner	h a v n ə r
hidtidige	h i d t iː d i ə
indset	e n s ɛ t
influenza	e n f l u ɛ n s a
instruktion	e n s t r u k s j oː n
instruktioner	e n s t r u k s j oː n ə r
iranske	i r aː n s k ə
islands	i s l a n s
kane	k aː n ə
klassikere	k l a s i k eː r ə
konkurrent	k ɔ n k u r ɛ n t
kærligt	k ɛ r l i t
landskamp	l a n s k a m p
lionel	l i o n ɛ l
lunde	l o n ə
maja	m a j a
malcolm	m a l k ɔ l m
massere	m a s eː r ə
ministerium	m i n i s t eː r i ɔ m
moment	m o m ɛ n t
nakke	n a k ə
nicole	n i k oː l ə
nægtet	n ɛ ɡ t ə ð
opdragelse	ɔ p d r aː ɣ ə l s ə
opfindelse	ɔ p f e n ə l s ə
opskriften	ɔ p s k r e f t ə n
optik	ɔ p t i k
overtrædelse	ɔ v ə r t r ɛː d ə l s ə
piper	p iː p ə r
påsken	p ɔ s k ə n
raw	r a w
renter	r ɛ n t ə r
resulterer	r ɛ s u l t eː r ə r
rygterne	r ø k t ə r n ə
rystede	r ø s t ə ð ə
sanders	s a n ə r s
sandra	s a n d r a
sejlads	s a j l a s
sexede	s ɛ k s ə ð ə
sluge	s l uː ə
smitte	s m e t ə
spejle	s p a j l ə
statistisk	s t a t i s t i s k
sut	s u t
syne	s yː n ə
sæbe	s ɛː b ə
teknikken	t ɛ k n e k ə n
them	t ɛ mˀ
tilfældige	t e l f ɛ l d i ə
trans	t r a n s
ubåd	u b ɔː d
uld	u lˀ
universiteterne	u n i v ɛ r s i t eː t ə r n ə
usynlige	u s yː n l i ə
utrolige	u t r oː l i ə
villige	v i l i ə
vådt	v ɔ t
accept	a k s ɛ p t
afløst	a f l ø s t
aggressiv	a ɡ r ɛ s iː v
allerød	a l ə r øː d
amatører	a m a t øː r ə r
automatiske	a v t o m aː t i s k ə
aviserne	a v iː s ə r n ə
bangkok	b a n ɡ k ɔ k
bestemmelse	b e s t ɛ m ə l s ə
better	b ɛ t ə r
bilder	b i l ə r
borg	b ɔ r v
butler	b u t l ə r
dal	d a l
dude	d uː d ə
egner	a j n ə r
elevator	e l ə v aː t ə r
fyrværkeri	f y r v ɛ r k ə r iː
gebyr	ɡ e b yː r
gennemsnitlig	ɡ ɛ n ə m s n i t l i
glædet	ɡ l ɛː ð ə ð
ideelle	i d e ɛ l ə
indfødte	e n f ø t ə
inventar	e n v ɛ n t a r
josé	j o s e
kanter	k a n t ə r
kjolen	k j oː l ə n
konfirmation	k ɔ n f i r m a ɕ oˀ n
kristendommen	k r e s t ə n d ɔ m ə n
kristoffer	k r i s t ɔ f ə r
kronen	k r oː n ə n
kyssede	k y s ə ð ə
landsret	l a n s r ɛ t
latter	l a t ə r
logget	l ɔ ɡ ə ð
mann	m a n
meddeler	m ɛ ð ə l ə r
medina	m e d iː n a
mildt	m i l t
muslim	m u s l iː m
nominerede	n o m i n eː r ə ð ə
omverdenen	ɔ m v ɛ r d ə n ə n
oprørere	ɔ p r ø r eː r ə
optimale	ɔ p t i m aː l ə
organ	ɔ r ɡ aː n
pan	p a n
parkere	p a r k eː r ə
partnerskab	p a r t n ə r s k aː b
pisk	p e s k
præstationer	p r ɛ s t a ɕ oˀ n ə r
racisme	r a s i s m ə
robbie	r ɔ b i ə
sangene	s a n ɡ ə n ə
skåle	s k ɔː l ə
smadrer	s m a d r ə r
stabile	s t a b iː l ə
straffen	s t r a f ə n
sædvanligt	s ɛ d v a n l i t
tegneserie	t a j n ə s eː r i ə
tidsrum	t i d s r ɔ m
tilmelde	t e l m ɛ l ə
tomater	t o m aː t ə r
trøjer	t r ø j ə r
tu	t uːˀ
udløste	u d l ø s t ə
udskudt	u d s k u t
undslap	o n s l a p
vandre	v a n d r ə
varetager	v aː r ə t aː ɣ ə r
vester	v ɛ s t ə r
why	v yːˀ
airport	ɛ r p ɔ r t
aktivister	a k t i v i s t ə r
andrea	a n d r eː a
atp	a t eː p eː
blokke	b l ɔ k ə
bænken	b ɛ n k ə n
claire	k l ɛː r ə
ekstraordinært	ɛ k s t r a ɔ r d i n ɛ r t
ella	ɛ l a
facade	f a k aː d ə
fo	f oːˀ
frelse	f r ɛ l s ə
fremsat	f r ɛ m s a t
fødes	f øː ð ə s
følsom	f ø l s ɔ m
garantere	ɡ a r a n t eː r ə
gårde	ɡ ɔ r d ə
gåtur	ɡ ɔ t uː r
handlet	h a n l ə ð
hektar	h ɛ k t a r
humoristisk	h u m o r i s t i s k
hæver	h ɛː v ə r
inddraget	e n d r aː ɣ ə ð
indehaver	e n ə h aː v ə r
iso	iː s o
jammerbugt	j a m ə r b o k t
jules	j uː l ə s
jævne	j ɛ v n ə
kendetegn	k ɛ n ə t a j n
kiks	k i k s
kredit	k r e d i t
kronik	k r o n i k
kulden	k u l ə n
kunstigt	k o n s t e k t
kviklån	k v i k l ɔː n
kyle	k yː l ə
kønt	k ø n t
landene	l a n ə n ə
landsretten	l a n s r ɛ t ə n
ledet	l eː ð ə ð
lommer	l ɔ m ə r
lovens	l ɔ v ə n s
markus	m a r k u s
marvin	m a r v iː n
medicinen	m e d i s iː n ə n
mobilitet	m o b i l i t eː t
mænds	m ɛ n s
nemmeste	n ɛ m ə s t ə
nytorv	n y t ɔ r v
observationer	ɔ b s ɛ r v a ɕ oˀ n ə r
overdraget	ɔ v ə r d r aː ɣ ə ð
overladt	ɔ v ə r l a t
parfume	p a r f uː m ə
paven	p aː v ə n
politifolk	p o l i t i f ɔ l k
sfo	s f oːˀ
skræmme	s k r ɛ m ə
skyerne	s k yː ə r n ə
slam	s l a m
sniger	s n iː ə r
støvet	s t øː v ə ð
trek	t r ɛ k
udtrykt	u d t r ø k t
urban	u r b aː n
venstrefløjen	v ɛ n s t r ə f l ø j ə n
verdener	v ɛ r d ə n ə r
vinen	v iː n ə n
vladimir	v l a d i m iː r
volvo	v ɔ l v o
vækket	v ɛ k ə ð
winter	v e n t ə r
zero	s eː r o
adresser	a d r ɛ s ə r
allermest	a l ə r m ɛ s t
amber	a m b ə r
anime	a n iː m ə
antonio	a n t oː n j o
arkitekter	a r k i t ɛ k t ə r
borgerlig	b ɔ r ɡ ə r l i
bruno	b r uː n o
defineres	d e f i n eː r ə s
dubai	d u b a j
dødens	d øː ð ə n s
dødsstraf	d ø s s t r aː f
falls	f a l s
fiasko	f i a s k o
finske	f e n s k ə
fit	f i t
flynn	f l ø n
freja	f r a j a
fremhæver	f r ɛ m h ɛː v ə r
fængsler	f ɛ n ɡ s l ə r
følsomme	f ø l s ɔ m ə
garden	ɡ a r d ə n
giftige	ɡ i f t i ə
gulerødder	ɡ uː l ə r ø d ə r
gængse	ɡ ɛ n ɡ s ə
herfor	h ɛ r f ɔ r
hitlers	h i t l ə r s
holte	h ɔ l t ə
hugget	h o ɡ ə ð
indser	e n s ə r
inspektør	e n s p ɛ k t øː r
intakt	e n t a k t
itunes	i t uː n ə s
juan	j u aː n
june	j uː n ə
kings	k e n ɡ s
klikke	k l e k ə
kommissionens	k ɔ m i s j o n ɛ n s
konventionelle	k ɔ n v ɛ n s j o n ɛ l ə
kredsen	k r ɛ s ə n
krydsede	k r y s ə ð ə
kvaliteter	k v a l i t eː t ə r
landskaber	l a n s k aː b ə r
left	l ɛ f t
maribo	m a r iː b o
marine	m a r iː n ə
meddelte	m ɛ ð ə l t ə
mørkere	m œ r k ə r ə
orlando	ɔ r l a n d o
overlade	ɔ v ə r l aː d ə
overvinde	ɔ v ə r v e n ə
pedro	p e d r oː
plaget	p l aː ɣ ə ð
politikken	p o l i t i k ə n
rain	r a iː n
sagens	s aː ɣ ə n s
sanktioner	s a n k s j oː n ə r
shows	ɕ ɔ w s
silke	s e l k ə
sindssyge	s e n s yː ə
skider	s k iː d ə r
skiftes	s k e f t ə s
skruet	s k r uː ə ð
skubber	s k o b ə r
smuttede	s m u t ə ð ə
stella	s t ɛ l a
stenene	s t eː n ə n ə
svigt	s v e k t
søerne	s øː ə r n ə
territorium	t ɛ r i t oː r i ɔ m
tilføjelse	t e l f ø j ə l s ə
tobias	t o b i æˀ s
travel	t r a v ɛ l
træls	t r ɛ l s
trøjen	t r ø j ə n
tømmer	t œ m ə r
udgivelsen	u d ɡ iː v ə l s ə n
udøve	u d øː v ə
uha	u h a
ure	uː r ə
velbekomme	v ɛ l b e k ɔ m ə
view	v iːˀ v
woman	v o m aː n
afbryde	a f b r yː ð ə
anita	a n i t a
anja	a n j a
arbejderne	a r b a j d ə r n ə
autonome	a v t o n oː m ə
bagger	b a ɡ ə r
besættelsen	b e s ɛ t ə l s ə n
blink	b l e n k
bærbar	b ɛ r b a r
christmas	k r e s t m a s
dramatiske	d r a m aː t i s k ə
eksklusivt	ɛ k s k l u s i v t
ensom	ɛ n s ɔ m
fix	f e k s
forbruger	f ɔ r b r uː ə r
foreligger	f ɔ r ə l i ɡ ə r
forfremmet	f ɔ r f r ɛ mˀ ə ð
frygtelig	f r ø k t ə l i
færdiggøre	f ɛ r d i ɡ øː r ə
førhen	f œ r h ə n
hagen	h aː ɣ ə n
hannibal	h a n i b aː l
hentyder	h ɛ n t yː d ə r
håndterer	h ɔ n t eː r ə r
håndværker	h ɔ n v ɛ r k ə r
indledt	e n l e t
inklusion	e n k l u s j oː n
installere	e n s t a l eː r ə
jager	j aː ɣ ə r
jam	j a m
kemikalier	k e m i k a l j ə r
konti	k ɔ n t i
kontrast	k ɔ n t r a s t
krigens	k r iː ə n s
latterlig	l a t ə r l i
ligetil	l iː ə t iː l
lorte	l ɔ r t ə
lysere	l y s eː r ə
lyttede	l y t ə ð ə
lånte	l ɔ n t ə
malta	m a l t a
målgruppe	m ɔ l ɡ r o p ə
neo	n eː o
nærmede	n ɛ r m ə ð ə
opbevares	ɔ p b e v aː r ə s
opholde	ɔ p h ɔ l ə
opmærksomme	ɔ p m ɛ r k s ɔ m ə
optagelsen	ɔ p t aː ɣ ə l s ə n
pablo	p aː b l o
partikler	p a r t i k l ə r
perry	p ɛ r i
photo	f o t o
pokalen	p o k aː l ə n
prale	p r aː l ə
præsenteres	p r ɛ s ə n t eː r ə s
smagen	s m aː ɣ ə n
snapchat	s n a p s j a t
sri	s r iːˀ
straffet	s t r a f ə ð
strange	s t r a n ɡ ə
studerer	s t u d eː r ə r
sydamerika	s y d a m eː r i k a
sårbare	s ɔ r b aː r ə
søjler	s ø j l ə r
tests	t ɛ s t s
till	t e l
tiltale	t e l t aː l ə
trap	t r a p
tykt	t y k t
ventes	v ɛ n t ə s
vikingerne	v i k e n ɡ ə r n ə
voks	v ɔ k s
ægget	ɛ ɡ ə ð
økonomer	ø k o n oː m ə r
abel	aː b ə l
afgrøder	a f ɡ r øː d ə r
alexandra	a l ɛ k s a n d r a
anset	a n s ɛ t
arbejdsmarked	a r b a j d s m a r k ə ð
arizona	a r i s oː n a
atom	a t ɔ m
belle	b ɛ l ə
bemærker	b e m ɛ r k ə r
besejret	b e s a j r ə ð
bilens	b i l ɛ n s
bon	b oː n
brysterne	b r ø s t ə r n ə
cannabis	k a n a b iː s
carla	k a r l a
cat	k a t
cecilie	s e s i l j ə
censur	s ɛ n s uː r
color	k o l oː r
craig	k r a jˀ
damen	d aː m ə n
dexter	d ɛ k s t ə r
erhvervsuddannelse	ɛ r v ɛ r v s u d a n ə l s ə
erstattes	ɛ r s t a t ə s
flugten	f l o k t ə n
forsat	f ɔ r s a t
forstærket	f ɔ r s t ɛ r k ə ð
fortabte	f ɔ r t a p t ə
fremdrift	f r ɛ m d r e f t
friends	f r iː ə n s
frisør	f r i s øː r
fugtig	f o k t i
færger	f ɛ r ɣ ə r
gigantisk	ɡ i ɡ a n t i s k
granat	ɡ r a n aː t
gråsten	ɡ r ɔ s t ə n
helten	h ɛ l t ə n
henseende	h ɛ n s eː ə n ə
hestene	h ɛ s t ə n ə
indisk	e n d i s k
intens	e n t ɛ n s
irriterer	i r i t eː r ə r
isolation	i s o l a ɕ oˀ n
kliniske	k l iː n i s k ə
knække	k n ɛ k ə
kroppens	k r ɔ p ə n s
kvadratmeter	k v a d r a t m eː t ə r
late	l aː t ə
mindske	m e n s k ə
napoleon	n a p o l e oː n
nydt	n y t
nægte	n ɛ k t ə
obligationer	ɔ b l i ɡ a ɕ oˀ n ə r
ohio	o h i o
omdømme	ɔ m d œ m ə
opgøret	ɔ p ɡ øː r ə ð
overens	ɔ v ə r ɛ n s
overskrift	ɔ v ə r s k r e f t
palads	p a l a s
panama	p a n a m a
presses	p r ɛ s ə s
protokol	p r o t o k ɔ l
restriktioner	r ɛ s t r e k s j oː n ə r
rettes	r ɛ t ə s
rolige	r oː l i ə
rudolf	r u d ɔ l f
ryster	r ø s t ə r
sd	s d eːˀ
self	s ɛ l f
sherman	s j ɛ r m aː n
signatur	s i n a t uː r
skilles	s k e l ə s
spores	s p oː r ə s
stang	s t a n ɡ
stats	s t a t s
statsministeren	s t a t s m i n i s t eː r ə n
stunder	s t o n ə r
synder	s ø n ə r
søsters	s ø s t ə r s
taxi	t a k s i
tjekkede	t j ɛ k ə ð ə
tommer	t ɔ m ə r
transporten	t r a n s p ɔ r t ə n
trip	t r i p
trusser	t r u s ə r
trykkede	t r ø k ə ð ə
twist	t v e s t
tåler	t ɔː l ə r
ubåde	u b ɔː ð ə
uklart	u k l a r t
ungarn	ɔ n ɡ a r n
use	uː s ə
usikkert	u s e k ə r t
variationer	v a r i a ɕ oˀ n ə r
vides	v iː ð ə s
visuelle	v i s u ɛ l ə
vuelta	v u ɛ l t a
accent	a k s ɛ n t
agger	a ɡ ə r
aggressive	a ɡ r ɛ s iː v ə
alaska	a l a s k a
arbejd	a r b a jˀ d
balkan	b a l k aː n
baltimore	b a l t i m oː r ə
behøves	b e h øː v ə s
bekræftelse	b e k r ɛ f t ə l s ə
beregne	b e r a j n ə
bremen	b r eː m ə n
bøsser	b ø s ə r
cap	k a p
chuck	s j o k
damon	d a m oː n
darren	d a r ə n
datoen	d a t oː ə n
erotiske	e r oː t i s k ə
forbløffende	f ɔ r b l ø f ə n ə
fortrolige	f ɔ r t r oː l i ə
fotografi	f o t o ɡ r a f iː
færdes	f ɛ r d ə s
gaven	ɡ aː v ə n
genvalg	ɡ ɛ n v a lˀ ɣ
glenn	ɡ l ɛ nˀ
hiphop	h i p h ɔ p
ice	iː s ə
israels	i s r a ɛ l s
julemanden	j uː l ə m a n ə n
karakteren	k a r a k t eː r ə n
knapper	k n a p ə r
knækket	k n ɛ k ə ð
kongeriget	k ɔ n ɡ ə r iː ə ð
lauren	l a v r ə n
leverandør	l ɛ v ə r a n d øː r
linde	l e n ə
maggie	m a ɡ i ə
mandlig	m a n l i
marokko	m a r ɔ k o
misundelig	m i s o n ə l i
modern	m o d ə r n
nov	n ɔ v
opretter	ɔ p r ɛ t ə r
pelle	p ɛ l ə
poser	p oː s ə r
put	p u t
pålagt	p ɔ l a ɡ t
returnere	r ɛ t u r n eː r ə
russere	r u s eː r ə
råde	r ɔː ð ə
sjællands	s j ɛ l a n s
skibene	s k iː b ə n ə
snyde	s n yː d ə
sparkede	s p a r k ə ð ə
stift	s t e f t
styrkelse	s t y r k ə l s ə
takkede	t a k ə ð ə
tankevækkende	t a n k ə v ɛ k ə n ə
things	t e n ɡ s
tilhænger	t e l h ɛ n ɡ ə r
tiltalte	t e l t a l t ə
trofast	t r o f a s t
turbo	t u r b o
udgifterne	u d ɡ i f t ə r n ə
udsende	u d s ɛ n ə
vandrer	v a n d r ə r
vuc	v u k
week	v iː k
ødelagte	øː ð ə l a ɡ t ə
øvede	øː v ə ð ə
accepterede	a k s ɛ p t eː r ə ð ə
als	a l s
angive	a n ɡ iː v ə
annette	a n ɛ t ə
arbejdsløs	a r b a j d s l øː s
arrangerede	a r a n ɡ eː r ə ð ə
bekæmper	b e k ɛ m p ə r
beordrede	b e ɔ r d r eː ð ə
beordret	b e ɔ r d r ɛ t
boende	b oː ə n ə
butikkerne	b u t e k ə r n ə
bålet	b ɔː l ə ð
cash	k a s j
charme	s j a r m ə
christoffer	k r i s t ɔ f ə r
cyklus	s y k l u s
damp	d a m p
domstolene	d ɔ m s t oː l ə n ə
domæne	d o m ɛː n ə
elsa	ɛ l s a
erstatter	ɛ r s t a t ə r
faktiske	f a k t i s k ə
forbeholdt	f ɔ r b e h ɔ l t
forbillede	f ɔ r b e l ə ð ə
forbyder	f ɔ r b yː d ə r
forvandle	f ɔ r v a n l ə
frekvenser	f r ɛ k v ɛ n s ə r
glæd	ɡ l ɛː d
hist	h e s t
huskes	h u s k ə s
hyre	h yː r ə
hævede	h ɛː v ə ð ə
iben	iː b ə n
indsætte	e n s ɛ t ə
indviet	e n v iː ə ð
intro	e n t r oː
kaliber	k a l iː b ə r
kalk	k a l k
karina	k a r iː n a
kommentator	k ɔ m ə n t aː t ə r
kondomer	k ɔ n d oː m ə r
kongelig	k ɔ n ɡ ə l i
livlig	l i v l i
maksimal	m a k s i m aː l
malmö	m a l m øː
march	m a r s j
massage	m a s aː ɡ ə
mickey	m e k i
motorcykler	m o t ɔ r s y k l ə r
nåh	n ɔːˀ
pakistan	p a k i s t a n
pegede	p a j ə ð ə
protester	p r o t ɛ s t ə r
raven	r aː v ə n
skubbet	s k o b ə ð
slagsen	s l a ɣ s ə n
slem	s l ɛ mˀ
smelte	s m ɛ l t ə
spejder	s p a j d ə r
spises	s p iː s ə s
søm	s œ mˀ
søns	s œ n s
teltet	t ɛ l t ə ð
trust	t r o s t
tunnelen	t o n ə l ə n
tyde	t yː d ə
udløst	u d l ø s t
uganda	u ɡ a n d a
undgås	o n ɡ ɔː s
uran	u r aː n
væltede	v ɛ l t ə ð ə
aftryk	a f t r ø k
andens	a n ə n s
army	a r m yː
bagt	b a k t
barske	b a r s k ə
bekræftede	b e k r ɛ f t ə ð ə
bemærke	b e m ɛ r k ə
blandes	b l a n ə s
blæste	b l ɛ s t ə
bremse	b r ɛ m s ə
bugten	b o k t ə n
clarke	k l a r k ə
con	k ɔ n
diskuteres	d i s k u t eː r ə s
dovne	d ɔ v n ə
døende	d øː ə n ə
eksotiske	ɛ k s oː t i s k ə
eksplodere	ɛ k s p l o d eː r ə
express	ɛ k s p r ɛ s
fall	f a l
forbudte	f ɔ r b u t ə
forbyde	f ɔ r b yː ð ə
fordelen	f ɔ r d eː l ə n
fortjente	f ɔ r t j ɛ n t ə
fortælles	f ɔ r t ɛ l ə s
fremlægge	f r ɛ m l ɛ ɡ ə
fælder	f ɛ l ə r
gudinde	ɡ u d e n ə
hack	h a k
hadet	h aː d ə ð
imponere	e m p o n eː r ə
indersiden	e n ə r s iː d ə n
inderste	e n ə r s t ə
industrielle	e n d u s t r i ɛ l ə
instruktøren	e n s t r u k t øː r ə n
instruktører	e n s t r u k t øː r ə r
java	j aː v a
kaptajnen	k a p t a j n ə n
ki	k iː
kroen	k r oːˀ ə n
kurven	k o r v ə n
kvartal	k v a r t aː l
lift	l e f t
londons	l ɔ n d ɔ n s
ludere	l u d eː r ə
magasiner	m a ɡ a s iː n ə r
maksimale	m a k s i m aː l ə
messe	m ɛ s ə
modstanderen	m o ð s t a n d eː r ə n
nerver	n ɛ r v ə r
nærme	n ɛ r m ə
næst	n ɛ s t
observation	ɔ b s ɛ r v a ɕ oˀ n
operere	ɔ p ə r eː r ə
paragraf	p a r a ɡ r aː f
placerede	p l a s eː r ə ð ə
pladserne	p l a s ə r n ə
pre	p r eːˀ
rim	r iː m
romantik	r o m a n t i k
rovdyr	r ɔ v d yː r
råvarer	r ɔ v aː r ə r
samfunds	s a m f o n s
skinnende	s k e n ə n ə
stilarter	s t i l a r t ə r
stock	s t ɔ k
symptomerne	s ø m p t oː m ə r n ə
tibetanske	t i b ə t aː n s k ə
today	t o d æ j
trygge	t r ø ɡ ə
tuborg	t u b ɔ r v
udstille	u d s t e l ə
ugentlig	uː ə n t l i
utilfredse	u t i l f r ɛ s ə
vibe	v iː b ə
vifte	v e f t ə
volden	v ɔ l ə n
øster	ø s t ə r
aktivere	a k t i v eː r ə
ansætter	a n s ɛ t ə r
arkivet	a r k iː v ə ð
awards	a v a r s
beføjelser	b e f ø j ə l s ə r
belønnet	b e l œ n ə ð
benægter	b e n ɛ ɡ t ə r
betydet	b e t yː d ə ð
bide	b iː ð ə
bilister	b i l i s t ə r
bingo	b e n ɡ o
bitte	b i t ə
blank	b l a n k
brystkræft	b r ø s t k r ɛ f t
bum	b o m
burton	b u r t ɔ n
bænk	b ɛ n k
castro	k a s t r oː
comedy	k o m eː d y
diskussionen	d i s k u s j oː n ə n
domstolen	d ɔ m s t oː l ə n
donna	d ɔ n a
dybden	d y b d ə n
dømte	d œ m t ə
elise	e l iː s ə
etiske	eː t i s k ə
fantasier	f a n t a s j ə r
fartøj	f a r t ø j
fastholder	f a s t h ɔ l ə r
firenze	f i r ɛ n s ə
forbandede	f ɔ r b a n ə ð ə
forklædt	f ɔ r k l ɛ t
fortrolig	f ɔ r t r oː l i
franskmændene	f r a n s k m ɛ n ə n ə
fristet	f r e s t ə ð
fuldendt	f u l ə n t
fødselsdagsgave	f ø s ə l s d a ɡ s ɡ aː v ə
gror	ɡ r oːˀ r
guddommelige	ɡ u d ɔ m ə l i ə
hak	h a k
herman	h ɛ r m aː n
hjørner	j œ r n ə r
hårdeste	h ɔ r d ə s t ə
hændelsen	h ɛ n ə l s ə n
indstille	e n s t e l ə
inside	e n s iː d ə
integritet	e n t ə ɡ r i t eː t
klam	k l a m
kraftigere	k r a f t i ɡ eː r ə
kritikere	k r i t i k eː r ə
kræfterne	k r ɛ f t ə r n ə
krævende	k r ɛː v ə n ə
lennart	l ɛ n a r t
luna	l uː n a
manglen	m a n ɡ l ə n
müller	m y l ə r
nets	n ɛ t s
network	n ɛ t v ɔ r k
nøjagtige	n ø j a ɡ t i ə
omtaler	ɔ m t aː l ə r
opløst	ɔ p l ø s t
oprettede	ɔ p r ɛ t ə ð ə
organiske	ɔ r ɡ aː n i s k ə
parkeret	p a r k eː r ə ð
popcorn	p ɔ p k ɔ r n
portalen	p ɔ r t aː l ə n
postkort	p ɔ s t k ɔ r t
regnvejr	r a j n v a jˀ r
roberts	r o b ɛ r t s
sale	s aː l ə
sea	s eː a
skaffet	s k a f ə ð
skynde	s k ø n ə
slagter	s l a k t ə r
slægten	s l ɛ ɡ t ə n
smitter	s m e t ə r
smøre	s m øː r ə
standarden	s t a n d a r d ə n
stive	s t iː v ə
stones	s t oː n ə s
strømmer	s t r œ m ə r
suk	s o k
svækket	s v ɛ k ə ð
swing	s v e n ɡ
testede	t ɛ s t ə ð ə
tonen	t oː n ə n
torres	t ɔ r ə s
trapper	t r a p ə r
tændte	t ɛ n t ə
venus	v eː n u s
was	v aː s
aber	aː b ə r
afskaffe	a f s k a f ə
ankomsten	a n k ɔ m s t ə n
arbejdernes	a r b a j d ə r n ə s
barbie	b a r b i ə
bird	b i r d
ble	b l eːˀ
blogger	b l ɔ ɡ ə r
blonde	b l ɔ n ə
boost	b oː s t
bornholmske	b ɔ r n h ɔ l m s k ə
bådene	b ɔː ð ə n ə
canal	k a n aː l
dansen	d a n s ə n
defensiv	d e f ɛ n s iː v
destination	d ɛ s t i n a ɕ oˀ n
faget	f aː ɣ ə ð
forholder	f ɔ r h ɔ l ə r
forlænger	f ɔ r l ɛ n ɡ ə r
forstyrre	f ɔ r s t y r ə
frugten	f r o k t ə n
frygteligt	f r ø k t ə l i t
glædeligt	ɡ l ɛː ð ə l i t
graver	ɡ r aː v ə r
gutter	ɡ u t ə r
gutterne	ɡ u t ə r n ə
hulen	h uː l ə n
identificerer	i d ɛ n t i f i s eː r ə r
idræts	i d r ɛ t s
inc	e n s
inge	e n ɡ ə
jernbane	j ɛ r n b aː n ə
kam	k a m
konstruktioner	k ɔ n s t r u k s j oː n ə r
kraften	k r a f t ə n
legen	l a j ə n
løgne	l ø j n ə
madison	m a d i s oː n
majestæt	m a j ə s t ɛ t
mal	m a l
misbrugt	m i s b r o k t
mæt	m ɛ t
oklahoma	ɔ k l a h oː m a
omkom	ɔ m k ɔ m
opholder	ɔ p h ɔ l ə r
oprettelsen	ɔ p r ɛ t ə l s ə n
parodi	p a r o d iː
plastic	p l a s t i k
putin	p u t iː n
reb	r eːˀ b
rudersdal	r uː d ə r s d aː l
samfundsfag	s a m f o n s f aː ɡ
sank	s a n k
saudi	s a v d i
skaderne	s k aː d ə r n ə
skin	s k iː n
skrivende	s k r iː v ə n ə
smeltet	s m ɛ l t ə ð
snakkes	s n a k ə s
solidaritet	s o l i d a r i t eː t
sortere	s ɔ r t eː r ə
spilde	s p e l ə
stier	s t iː ə r
storbyer	s t ɔ r b yː ə r
stødt	s t ø t
suveræn	s u v ə r ɛː n
svagere	s v aː ɣ ə r ə
søndagen	s ø n d aː ɣ ə n
talentfulde	t a l ɛ n t f u l ə
tandlægen	t a n l ɛː ɡ ə n
theo	t eː o
tower	t ɔ w ə r
udskifte	u d s k e f t ə
vaccine	v a k s iː n ə
vandtæt	v a n t ɛ t
vega	v eː ɡ a
vågnet	v ɔ v n ə ð
værdifuldt	v ɛ r d i f u l t
værktøjer	v ɛ r k t ø j ə r
wisconsin	v i s k ɔ n s iː n
ørestad	øː r ə s t a ð
afgiver	a f ɡ iː v ə r
akademiske	a k a d eː m i s k ə
anskaffet	a n s k a f ə ð
argumentere	a r ɡ u m ɛ n t eː r ə
bands	b a n s
bestemmes	b e s t ɛ m ə s
bestseller	b e s t s ɛ l ə r
bokse	b ɔ k s ə
bye	b yː ə
crack	k r a k
danskeren	d a n s k eː r ə n
debatter	d e b a t ə r
dorthe	d ɔ r t ə
dragt	d r a k t
dødelig	d øː ð ə l i
ekspertise	ɛ k s p ɛ r t iː s ə
elena	e l eː n a
false	f a l s ə
flirt	f l i r t
flyt	f l y t
fortrinsvis	f ɔ r t r e n s v iː s
freeman	f r eː m a n
gavne	ɡ a v n ə
gir	ɡ iː r
haves	h aː v ə s
hjemløs	j ɛ m l øː s
interaktive	e n t ə r a k t iː v ə
iron	i r oː n
jobcenter	j ɔ b s ɛ n t ə r
karma	k a r m a
knytte	k n ø t ə
korteste	k ɔ r t ə s t ə
kriser	k r iː s ə r
kvart	k v a r t
kæder	k ɛː d ə r
lanka	l a n k a
maks	m a k s
menneskeliv	m ɛ n ə s k ə l iː v
notater	n o t aː t ə r
nål	n ɔː l
opgradere	ɔ p ɡ r a d eː r ə
optegnelser	ɔ p t a j n ə l s ə r
perverse	p ɛ r v ɛ r s ə
prikker	p r e k ə r
rebecca	r e b ɛ k a
reden	r eː ð ə n
rival	r i v aː l
selvstændighed	s ɛ l s t ɛ n d i h e ðˀ
sikres	s e k r ə s
skyd	s k yː d
slemme	s l ɛ m ə
spekulerer	s p e k u l eː r ə r
strandvejen	s t r a n v a jˀ ə n
studenter	s t u d ɛ n t ə r
sven	s v ɛ nˀ
synligt	s yː n l i t
systematiske	s y s t ə m aː t i s k ə
sænkede	s ɛ n k ə ð ə
tabu	t a b u
thorup	t o r u p
touren	t uː r ə n
turist	t u r i s t
tæpper	t ɛ p ə r
utvivlsomt	u t v i v l s ɔ m t
variabel	v a r i aː b ə l
variable	v a r i aː b l ə
vice	v iː s ə
æra	ɛː r a
agtigt	a ɡ t e k t
akkurat	a k u r aː t
albums	a l b ɔ m s
analyserer	a n a l y s eː r ə r
arkitekten	a r k i t ɛ k t ə n
ashley	a s l i
australske	a v s t r aː l s k ə
autisme	a v t i s m ə
baglæns	b a ɣ l ɛ n s
banner	b a n ə r
begyndende	b e ɡ ø n ə n ə
bekendtskab	b e k ɛ n t s k aː b
bennett	b ɛ n ɛ t
benægte	b e n ɛ ɡ t ə
beverly	b e v ə r l yː
bevæbnede	b e v ɛː b n ə ð ə
bilka	b i l k a
biografi	b i o ɡ r a f iː
brad	b r a ð
cellen	s ɛ l ə n
ceo	s eː o
crash	k r a s j
curtis	k u r t i s
cut	k u t
dannelsen	d a n ə l s ə n
diskrimination	d i s k r i m i n a ɕ oˀ n
ejerskab	a j ə r s k aː b
elektriker	e l ɛ k t r i k ə r
englænderne	ɛ n ɡ l ɛ n ə r n ə
feks	f ɛ k s
finere	f i n eː r ə
fiskene	f e s k ə n ə
forløber	f ɔ r l øː b ə r
forsinkelser	f ɔ r s e n k ə l s ə r
forstyrrelser	f ɔ r s t y r ə l s ə r
franks	f r a n k s
gentleman	ɡ ɛ n t l ə m aː n
handels	h a n ə l s
hanna	h a n a
hastigt	h a s t e k t
hegnet	h a j n ə ð
hongkong	h ɔ n ɡ k ɔ n ɡ
horisonten	h o r i s ɔ n t ə n
hour	h uː r
hverdage	v ɛ r d aː ɡ ə
identifikation	i d ɛ n t i f i k a ɕ oˀ n
indeholdende	e n ə h ɔ l ə n ə
informere	e n f ɔ r m eː r ə
jernbanen	j ɛ r n b aː n ə n
kapitler	k a p i t l ə r
kirkeby	k i r k ə b yː
klagede	k l aː ɣ ə ð ə
klappe	k l a p ə
klikker	k l e k ə r
kniven	k n iː v ə n
kokke	k ɔ k ə
kvartfinalen	k v a r t f i n aː l ə n
lokker	l ɔ k ə r
maya	m a j a
mindfulness	m e n f u l n ə s
motivere	m o t i v eː r ə
nicolaj	n i k o l a j
offentliggøre	ɔ f ə n t l i ɡ øː r ə
official	ɔ f i s j aː l
omstridt	ɔ m s t r i t
opsætte	ɔ p s ɛ t ə
ottende	ɔ t ə n ə
overførsel	ɔ v ə r f œ r s ə l
pacific	p a s i f i k
pap	p a p
pass	p a s
picture	p i k t yː r ə
pikken	p e k ə n
pisa	p iː s a
producerede	p r o d j u s eː r ə ð ə
pyt	p y t
reg	r a jˀ
ruslands	r u s l a n s
scanner	s k a n ə r
seere	s eː ə r ə
serbien	s ɛ r b iː ə n
skribent	s k r i b ɛ n t
slettes	s l ɛ t ə s
slutrunde	s l u t r o n ə
sponsor	s p ɔ n s ɔ r
sprut	s p r u t
svigtet	s v e k t ə ð
trumps	t r o m p s
tråde	t r ɔː ð ə
tørret	t œ r ə ð
urolig	u r oː l i
vaner	v aː n ə r
varemærke	v aː r ə m ɛ r k ə
vinyl	v i n yː l
væltet	v ɛ l t ə ð
værten	v ɛ r t ə n
wells	v ɛ l s
afskaffelse	a f s k a f ə l s ə
allah	a l a
alter	a l t ə r
anførte	a n f œ r t ə
apparater	a p a r aː t ə r
appetit	a p ə t i t
arktis	a r k t iː s
beklageligvis	b e k l aː ɣ ə l i v iː s
bytter	b y t ə r
casa	k aː s a
cykelrytter	s y k ə l r ø t ə r
derovre	d e r ɔ v r ə
diamanter	d i a m a n t ə r
ea	eː a
fangst	f a n ɡ s t
forbindes	f ɔ r b e n ə s
fortsættelse	f ɔ r t s ɛ t ə l s ə
fritz	f r e t s
færøske	f ɛ r ø s k ə
givne	ɡ i v n ə
gælden	ɡ ɛ l ə n
hvidløg	v i ð l ø j
hygiejne	h y ɡ i a j n ə
hælde	h ɛ l ə
indsættes	e n s ɛ t ə s
josef	j oː s ə f
katie	k a t i ə
klump	k l o m p
konstruktiv	k ɔ n s t r u k t iː v
korea	k o r eː a
kritiserer	k r i t i s eː r ə r
lab	l aː b
lemvig	l ɛ m v i
litra	l i t r a
lysende	l yː s ə n ə
lønnen	l œ n ə n
mason	m a s oː n
messen	m ɛ s ə n
mie	m iː ə
mt	ɛ m t
møllen	m ø l ə n
nik	n e k
nordsjællands	n ɔ r s j ɛ l a n s
nt	ɛ n t
objektiv	ɔ b j ɛ k t iː v
opdaterer	ɔ p d a t eː r ə r
passive	p a s iː v ə
pirater	p i r aː t ə r
pol	p oː l
pony	p o n y
radar	r a d a r
rammen	r a m ə n
romersk	r oː m ə r s k
seksualitet	s ɛ k s u a l i t eː t
selvejende	s ɛ l v a j ə n ə
skiver	s k iː v ə r
skjuler	s k j uː l ə r
skrig	s k r iːˀ
sorter	s ɔ r t ə r
spontant	s p ɔ n t a n t
statslig	s t a t s l i
sys	s yː s
tackle	t a k l ə
tao	t aː o
thriller	t r e l ə r
tine	t iː n ə
traktaten	t r a k t aː t ə n
trommer	t r ɔ m ə r
tættest	t ɛ t ə s t
uddeler	u d ə l ə r
uddelt	u d ə l t
udtrykte	u d t r ø k t ə
velgørenhed	v ɛ l ɡ øː r ə n h e ðˀ
vestergade	v ɛ s t ə r ɡ aː d ə
vince	v e n s ə
voldelig	v ɔ l ə l i
volumen	v o l uː m ə n
vænnet	v ɛ n ə ð
værdsat	v ɛ r s a t
active	a k t iː v ə
aflægge	a f l ɛ ɡ ə
aka	a k a
ale	aː l ə
ambassadører	a m b a s a d øː r ə r
begravelsen	b e ɡ r aː v ə l s ə n
bente	b ɛ n t ə
beregnes	b e r a j n ə s
betegner	b e t a j n ə r
bitch	b i t s j
block	b l ɔ k
botanisk	b o t aː n i s k
buret	b u r ɛ t
bæres	b ɛː r ə s
carolina	k a r o l iː n a
cherry	s j ɛ r i
connie	k ɔ n i ə
damerne	d aː m ə r n ə
deg	d a jˀ
eksporten	ɛ k s p ɔ r t ə n
elle	ɛ l ə
fade	f aː d ə
feste	f ɛ s t ə
fiat	f i aː t
five	f iː v ə
foa	f oː a
forbedrede	f ɔ r b e d r eː ð ə
fugtige	f o k t i ə
fundamentet	f ɔ n d a m ɛ n t ə t
geni	ɡ e n iː
glide	ɡ l iː ð ə
gone	ɡ oː n ə
hands	h a n s
indbyggede	e n b ø ɡ ə ð ə
indførelse	e n f øː r ə l s ə
ist	i s t
jose	j oː s ə
kampfly	k a m p f l yː
kisten	k i s t ə n
klatre	k l a t r ə
konsekvensen	k ɔ n s ə k v ɛ n s ə n
kopper	k ɔ p ə r
kærlighedens	k ɛ r l i h eː d ə n s
larmer	l a r m ə r
lauridsen	l a v r i s ə n
lola	l oː l a
martyr	m a r t yː r
millimeter	m i l i m eː t ə r
motorveje	m o t ɔ r v a j ə
natura	n a t uː r a
olympisk	o l ø m p i s k
omgivende	ɔ m ɡ iː v ə n ə
omtales	ɔ m t aː l ə s
omtanke	ɔ m t a n k ə
opfordrede	ɔ p f ɔ r d r eː ð ə
opsyn	ɔ p s yː n
optrådte	ɔ p t r ɔ t ə
perler	p ɛ r l ə r
peru	p e r u
polo	p o l o
pride	p r iː ð ə
project	p r o j ɛ k t
rolls	r ɔ l s
roste	r ɔ s t ə
sensor	s ɛ n s ɔ r
shaw	ɕ a w
skrifter	s k r e f t ə r
skuffen	s k o f ə n
sponsorer	s p ɔ n s oː r ə r
statistiske	s t a t i s t i s k ə
stein	s t a jˀ n
stories	s t oː r i ə s
sub	s uː b
sås	s ɔː s
sænket	s ɛ n k ə ð
telia	t e l j a
tidskrævende	t i d s k r ɛː v ə n ə
tiltro	t e l t r oː
tyr	t yː r
udlagt	u d l a ɡ t
velhavende	v ɛ l h aː v ə n ə
verdensklasse	v ɛ r d ə n s k l a s ə
wing	v e n ɡ
åndelig	ɔ n ə l i
afgivet	a f ɡ iː v ə ð
afprøve	a f p r øː v ə
aftrækkeren	a f t r ɛ k ə r ə n
allerbedste	a l ə r b e s t ə
allergisk	a l ɛ r ɡ i s k
andenpladsen	a n ə n p l a s ə n
anlægge	a n l ɛ ɡ ə
arten	a r t ə n
audio	a v d i o
bebyggelsen	b e b ø ɡ ə l s ə n
bore	b oː r ə
brandvæsen	b r a n v ɛː s ə n
brett	b r ɛ t
brikker	b r e k ə r
britt	b r e t
brokker	b r ɔ k ə r
brutale	b r u t aː l ə
brækkede	b r ɛ k ə ð ə
christen	k r e s t ə n
disk	d e s k
dre	d r eːˀ
droner	d r oː n ə r
dråber	d r ɔː b ə r
drømte	d r œ m t ə
dynamik	d y n a m i k
eftertanke	ɛ f d ɐ t a n k ə
electronic	e l ɛ k t r oː n i k
fabrikker	f a b r e k ə r
facts	f a k t s
favoritter	f a v o r i t ə r
fonde	f ɔ n ə
forebyggende	f ɔ r ə b ø ɡ ə n ə
forestillede	f ɔ r ə s t e l ə ð ə
forfatterskab	f ɔ r f a t ə r s k aː b
fyrede	f yː r ə ð ə
fænomener	f ɛ n o m eː n ə r
føder	f øː d ə r
fødevarestyrelsen	f øː ð ə v aː r ə s t yː r ə l s ə n
genren	ɡ ɛ n r ə n
genvinde	ɡ ɛ n v e n ə
gifter	ɡ i f t ə r
givetvis	ɡ iː v ə t v iː s
harley	h a r l i
hast	h a s t
heden	h eː ð ə n
holocaust	h o l o k o s t
hummel	h o m ə l
husstande	h u s t a n ə
ikon	i k ɔ n
indbefatter	e n b e f a t ə r
indeklima	e n ə k l iː m a
indianere	e n d i a n eː r ə
informationen	e n f ɔ r m a ɕ oˀ n ə n
kaniner	k a n iː n ə r
karate	k a r aː t ə
kif	k iː f
klapper	k l a p ə r
klassetrin	k l a s ə t r iː n
knæk	k n ɛ k
komiker	k o m i k ə r
kristina	k r i s t iː n a
kunstværker	k o n s t v ɛ r k ə r
kvælstof	k v ɛ l s t ɔ f
kølvandet	k ø l v a n ə ð
lama	l a m a
libyen	l i b yː ə n
map	m a p
mast	m a s t
medvirken	m e ð v e r k ə n
metroen	m e t r oː ə n
middagen	m i d aː ɣ ə n
nova	n oː v a
nåle	n ɔː l ə
oprettes	ɔ p r ɛ t ə s
oscars	ɔ s k a r s
president	p r ɛ s i d ɛ n t
præmis	p r ɛ m iː s
puste	p o s t ə
rakte	r a k t ə
renser	r ɛ n s ə r
revision	r ɛ v i s j oː n
rullende	r u l ə n ə
russian	r u s j aː n
ryste	r ø s t ə
skuespilleren	s k uː ə s p e l eː r ə n
spa	s p a
spillefilm	s p e l ə f i l m
stævne	s t ɛ v n ə
suverænt	s u v ə r ɛ n t
svigtede	s v e k t ə ð ə
sælg	s ɛ lˀ ɣ
thorvaldsen	t ɔ r v a l s ə n
tilgive	t e l ɡ iː v ə
tiltrækkende	t e l t r ɛ k ə n ə
toppe	t ɔ p ə
triumf	t r i ɔ m f
tørrede	t œ r ə ð ə
velsignelse	v ɛ l s i n ə l s ə
vet	v ɛ t
åbenlyse	ɔː b ə n l yː s ə
østre	ø s t r ə
ada	a d a
analysen	a n a l yː s ə n
anede	aː n ə ð ə
arrogant	a r o ɡ a n t
australsk	a v s t r aː l s k
bevarede	b e v aː r ə ð ə
bindende	b e n ə n ə
birgit	b i r ɡ i t
brancher	b r a n s j ə r
bøjet	b ø j ə ð
channel	s j a n ə l
cifre	s i f r ə
cigaret	s i ɡ a r ɛ t
content	k ɔ n t ɛ n t
dance	d a n s ə
denver	d ɛ n v ə r
drastisk	d r a s t i s k
dublin	d u b l iː n
dygtigste	d y k t i s t ə
dynen	d yː n ə n
eb	eː b
ejerne	a j ə r n ə
erkendte	ɛ r k ɛ n t ə
fallit	f a l i t
fish	f i s j
flex	f l ɛ k s
forsinkede	f ɔ r s e n k ə ð ə
franskmænd	f r a n s k m ɛ n d
fyldes	f y l ə s
gennemskue	ɡ ɛ n ə m s k uː ə
goes	ɡ oː s
grød	ɡ r øːˀ ð
henvender	h ɛ n v ɛ n ə r
hjemby	j ɛ m b yː
hyppige	h y p i ə
højtalere	h ø j t a l eː r ə
høvding	h ø v d e n ɡ
irma	i r m a
ishockey	i s h ɔ k i
jefferson	j ɛ f ə r s oː n
jin	j iː n
johanne	j o h a n ə
kommenterede	k ɔ m ə n t eː r ə ð ə
konstruktionen	k ɔ n s t r u k s j oː n ə n
locke	l ɔ k ə
låser	l ɔː s ə r
maritime	m a r i t iː m ə
mislykket	m i s l ø k ə ð
myrdede	m y r d ə ð ə
navy	n a v yː
nero	n eː r o
overvåget	ɔ v ə r v ɔː ɣ ə ð
phone	f oː n ə
pin	p iː n
place	p l aː s ə
pommes	p ɔ m ə s
primitive	p r i m i t iː v ə
reynolds	r ø j n ɔ l s
ronald	r o n a lˀ
råds	r ɔ s
røvhuller	r ø v h o l ə r
sikreste	s e k r ə s t ə
skabelsen	s k aː b ə l s ə n
smittede	s m e t ə ð ə
spiritus	s p i r i t u s
straffespark	s t r a f ə s p a r k
stripper	s t r e p ə r
tosse	t ɔ s ə
travis	t r a v iː s
turismen	t u r i s m ə n
tåbelige	t ɔː b ə l i ə
udskyde	u ð s k yː ð ə
ulven	u l v ə n
undlade	o n l aː d ə
vindmølle	v e n m ø l ə
western	v ɛ s t ə r n
andetsteds	a n ə t s t ɛ s
arms	a r m s
attraktivt	a t r a k t i v t
becca	b ɛ k a
begejstrede	b e ɡ a j s t r eː ð ə
benz	b ɛ n s
calvin	k a l v iː n
cardiff	k a r d i f
denise	d e n iː s ə
djævelen	d j ɛː v ə l ə n
dværge	d v ɛ r ɣ ə
dynamisk	d y n aː m i s k
dyrkes	d y r k ə s
egnen	a j n ə n
filen	f iː l ə n
filip	f i l i p
foragt	f ɔ r a k t
forfatterne	f ɔ r f a t ə r n ə
fraværet	f r a v ɛː r ə ð
gennemfører	ɡ ɛ n ə m f øː r ə r
gidsler	ɡ i d s l ə r
gigantiske	ɡ i ɡ a n t i s k ə
glædede	ɡ l ɛː ð ə ð ə
helbrede	h ɛ l b r eː ð ə
helikoptere	h e l i k ɔ p t eː r ə
heroes	h e r oː ə s
horisont	h o r i s ɔ n t
hudson	h u d s ɔ n
huser	h uː s ə r
hære	h ɛː r ə
hævdede	h ɛ v d ə ð ə
immunitet	e m u n i t eː t
indsatser	e n s a t s ə r
jacks	j a k s
janne	j a n ə
johanna	j o h a n a
jævnt	j ɛ vˀ n t
katastrofen	k a t a s t r oː f ə n
kinder	k e n ə r
kneppet	k n ɛ p ə ð
kommunister	k ɔ m u n i s t ə r
kones	k oː n ə s
korrespondent	k ɔ r ə s p ɔ n d ɛ n t
krarup	k r a r u p
kritisere	k r i t i s eː r ə
matas	m a t a s
matrix	m a t r e k s
missioner	m i s j oː n ə r
neglelak	n a j l ə l a k
nosser	n ɔ s ə r
nyfødte	n y f ø t ə
nyttige	n ø t i ə
offline	ɔ f l iː n ə
opfatte	ɔ p f a t ə
opsigelse	ɔ p s iː ə l s ə
optimistisk	ɔ p t i m i s t i s k
organisationens	ɔ r ɡ a n i s a ɕ o n ɛ n s
overarbejde	ɔ v ə r a r b a j d ə
pagt	p a k t
platformen	p l a t f ɔ r m ə n
poe	p oː ə
poetisk	p o eː t i s k
portrætter	p ɔ r t r ɛ t ə r
præsidentkandidat	p r ɛ s i d ɛ n t k a n d i d aː t
pumper	p o m p ə r
ra	r a
resultere	r ɛ s u l t eː r ə
roulette	r u l ɛ t ə
rørte	r œ r t ə
singapore	s e n ɡ a p oː r ə
skrigende	s k r iː ə n ə
skynder	s k ø n ə r
skæbnen	s k ɛː b n ə n
skønneste	s k œ n ə s t ə
snack	s n a k
soccer	s ɔ k s ə r
spam	s p a m
steffen	s t ɛ f ə n
straffer	s t r a f ə r
sværdet	s v ɛ r d ə ð
tops	t ɔ p s
toronto	t o r o n t o
udgives	u d ɡ iː v ə s
vendes	v ɛ n ə s
vitaminer	v i t a m iː n ə r
vævet	v ɛː v ə ð
ødelægges	øː ð ə l ɛ ɡ ə s
øver	øː v ə r
affyret	a f yː r ə ð
afskåret	a f s k ɔː r ə ð
afstande	a f s t a n ə
akt	a k t
always	a l v æ j s
arkiver	a r k iː v ə r
arla	a r l a
aspekt	a s p ɛ k t
bat	b a t
bedrifter	b e d r e f t ə r
berygtede	b e r ø k t ə ð ə
besatte	b e s a t ə
bitre	b i t r ə
brick	b r e k
bunds	b o n s
chauffører	s j o f øː r ə r
court	k uː r t
desert	d e s ɛ r t
drone	d r oː n ə
eden	eː ð ə n
eduardo	e d u a r d o
ernst	ɛ r n s t
fagfolk	f a v f ɔ l k
fake	f aː k ə
faldne	f a l n ə
fartøjer	f a r t ø j ə r
fejle	f a j l ə
ferguson	f ɛ r ɡ u s ɔ n
fibre	f iː b r ə
fjendtlige	f j ɛ n t l i ə
folder	f ɔ l ə r
forståelsen	f ɔ r s t ɔː ə l s ə n
forstærke	f ɔ r s t ɛ r k ə
frigøre	f r i ɡ øː r ə
gassen	ɡ a s ə n
geografi	ɡ e o ɡ r a f iː
gloria	ɡ l o r i a
gross	ɡ r ɔ s
gyldendal	ɡ y l ə n d aː l
handball	h a n b a l
hero	h eː r o
hess	h ɛ s
hjulet	j uː l ə ð
hjælpende	j ɛ l p ə n ə
ic	i k
idealer	i d e aː l ə r
inkludere	e n k l u d eː r ə
jamal	j a m aː l
journalistiske	j u r n a l i s t i s k ə
kørere	k ø r eː r ə
leveren	l ɛ v ə r ə n
logger	l ɔ ɡ ə r
lokket	l ɔ k ə ð
lorenzo	l o r ɛ n s o
magen	m aː ɣ ə n
marion	m a r i oː n
mississippi	m i s i s i p i
mobiler	m o b iː l ə r
naturgas	n a t u r ɡ aː s
opførelsen	ɔ p f øː r ə l s ə n
oprørerne	ɔ p r øː r ə r n ə
pistoler	p i s t oː l ə r
praktikant	p r a k t i k a n t
protokollen	p r o t o k ɔ l ə n
prototype	p r o t o t yː p ə
provokerende	p r o v o k eː r ə n ə
prøverne	p r øː v ə r n ə
psykiater	s y k i aː t ə r
rainbow	r e n b ɔ w
receptionen	r ɛ s ɛ p s j oː n ə n
refleksion	r ɛ f l ɛ k s j oː n
segment	s a j m ɛ n t
sept	s ɛ p t
sherry	s j ɛ r i
skema	s k eː m a
sons	s ɔ n s
stern	s t ɛ r n
strong	s t r ɔ n ɡ
suge	s uː ə
svømmere	s v œ m ə r ə
sydøst	s y d ø s t
syet	s yː ə ð
taktiske	t a k t i s k ə
think	t e n k
tidsplan	t i d s p l aː n
tilfredsstille	t e l f r e s s t e l ə
tilfældighed	t e l f ɛ l d i h e ðˀ
titanic	t i t a n i k
traktor	t r a k t ɔ r
transmission	t r a n s m i s j oː n
trofæ	t r o f ɛː
trøst	t r ø s t
vakte	v a k t ə
varige	v a r iː ə
vestas	v ɛ s t a s
vestindien	v ɛ s t e n d i ə n
vestlig	v ɛ s t l i
visitkort	v i s i t k ɔ r t
værdipapirer	v ɛ r d i p a p iː r ə r
watt	v a t
yorks	j ɔ r k s
zoner	s oː n ə r
årsmøde	ɔ r s m øː ð ə
anmoder	a n m oː d ə r
balloner	b a l oː n ə r
bedømme	b e d œ m ə
beskyttende	b e s k ø t ə n ə
besværlig	b e s v ɛ r l i
blomstre	b l ɔ m s t r ə
blæk	b l ɛ k
bortvist	b ɔ r t v e s t
bæltet	b ɛ l t ə ð
bønderne	b œ n ə r n ə
capital	k a p i t aː l
carlo	k a r l o
ceremoni	s e r ə m o n iː
charter	s j a r t ə r
diktatur	d e k t a t uː r
donere	d o n eː r ə
dracula	d r a k u l a
dukket	d o k ə ð
eksploderer	ɛ k s p l o d eː r ə r
emnerne	ɛ m n ə r n ə
farm	f a r m
final	f i n aː l
flight	f l a j t
flora	f l oː r a
forhenværende	f ɔ r h ɛ n v ɛː r ə n ə
forpligtelse	f ɔ r p l e ɡ t ə l s ə
fortrudt	f ɔ r t r u t
french	f r ɛ n s j
genoptage	ɡ e n ɔ p t aː ɡ ə
heks	h ɛ k s
hu	h uːˀ
humle	h o m l ə
hæves	h ɛː v ə s
igangværende	i ɡ a n ɡ v ɛː r ə n ə
impact	e m p a k t
indsamler	e n s a m l ə r
indtag	e n t a
involvere	e n v ɔ l v eː r ə
isabel	i s aː b ə l
isolerede	i s o l eː r ə ð ə
justere	j u s t eː r ə
kolonne	k o l ɔ n ə
kontra	k ɔ n t r a
krænkelse	k r ɛ n k ə l s ə
kurdiske	k u r d i s k ə
kv	k v eːˀ
kvalificerer	k v a l i f i s eː r ə r
lampen	l a m p ə n
lana	l aː n a
lau	l a v
louisiana	l u i s j aː n a
marstal	m a r s t a l
mills	m i l s
mindsker	m e n s k ə r
miranda	m i r a n d a
nås	n ɔː s
objektive	ɔ b j ɛ k t iː v ə
omsat	ɔ m s a t
omvendte	ɔ m v ɛ n t ə
overtagelse	ɔ v ə r t aː ɣ ə l s ə
pack	p a k
pi	p iː
porsche	p ɔ r s j ə
pub	p uː b
rebel	r eː b ə l
regnskaber	r a j n s k aː b ə r
rogers	r oː ɡ ə r s
rosen	r oː s ə n
roses	r oː s ə s
sanser	s a n s ə r
singer	s e n ɡ ə r
skubbede	s k o b ə ð ə
skænket	s k ɛ n k ə ð
slider	s l iː ð ə r
slips	s l e p s
slow	s l ɔ w
smykke	s m ø k ə
sovjetiske	s ɔ v j ɛ t i s k ə
styk	s t y k
suger	s uː ə r
tekstiler	t ɛ k s t iː l ə r
tele	t eː l ə
tilbydes	t e l b yː ð ə s
tilgængelighed	t e l ɡ ɛ n ɡ ə l i h e ðˀ
trykte	t r ø k t ə
udlejes	u d l a j ə s
udsigter	u d s e k t ə r
uheldigvis	u h ɛ l d i v iː s
upassende	u p a s ə n ə
va	v a
villaen	v i l aː ə n
værge	v ɛ r ɣ ə
afdække	a f d ɛ k ə
afgørelsen	a f ɡ øː r ə l s ə n
afkom	a f k ɔ m
alive	a l iː v ə
alment	a l m ɛ n t
antikke	a n t e k ə
bakkede	b a k ə ð ə
bal	b a l
basale	b a s aː l ə
bauer	b a v ə r
berørte	b e r ø r t ə
beskyttes	b e s k ø t ə s
bibel	b iː b ə l
brygget	b r ø ɡ ə ð
budskaber	b u d s k aː b ə r
byd	b yː d
bækken	b ɛ k ə n
bølgen	b ø l j ə n
chester	s j ɛ s t ə r
daf	d a f
deprimerende	d e p r i m eː r ə n ə
direktionen	d i r ɛ k s j oː n ə n
dragen	d r aː ɣ ə n
eksklusive	ɛ k s k l u s iː v ə
eksperterne	ɛ k s p ɛ r t ə r n ə
eksplosionen	ɛ k s p l o s j oː n ə n
ekstraudstyr	ɛ k s t r a v s t yː r
erkendt	ɛ r k ɛ n t
flokken	f l ɔ k ə n
fluer	f l uː ə r
forstærker	f ɔ r s t ɛ r k ə r
forsvarsminister	f ɔ r s v a r s m i n i s t ə r
gevinster	ɡ e v e n s t ə r
gravede	ɡ r aː v ə ð ə
grinede	ɡ r iː n ə ð ə
hilsner	h i l s n ə r
hollandsk	h ɔ l a n s k
hukommelsen	h u k ɔ m ə l s ə n
indbyggerne	e n b ø ɡ ə r n ə
ingeniøren	e n ɡ ə n j øː r ə n
into	e n t o
ju	j uːˀ
justitsministeren	j u s t i t s m i n i s t eː r ə n
kit	k i t
klein	k l a jˀ n
knokler	k n ɔ k l ə r
kokken	k ɔ k ə n
krydderier	k r y ð ə r iː ə r
kunden	k o n ə n
lamper	l a m p ə r
landes	l a n ə s
ling	l e n ɡ
lynn	l ø n
løste	l ø s t ə
magazine	m a ɡ a s iː n ə
mans	m a n s
militært	m i l i t ɛ r t
mislykkede	m i s l ø k ə ð ə
odsherred	ɔ ð s h ɛ r ə ð
offentliggør	ɔ f ə n t l i ɡ øː r
opfordret	ɔ p f ɔ r d r ɛ t
ophæve	ɔ p h ɛː v ə
profeten	p r o f eː t ə n
profilen	p r o f iː l ə n
præcision	p r ɛ s i s j oː n
rejer	r a j ə r
repræsenterede	r ɛ p r ɛ s ə n t eː r ə ð ə
riffel	r i f ə l
sammenlagt	s a m ə n l a ɡ t
scarlett	s k a r l ɛ t
sejeste	s a j ə s t ə
smertestillende	s m ɛ r t ə s t e l ə n ə
snavs	s n a vˀ s
solar	s o l a r
solcreme	s ɔ l k r eː m ə
sovende	s ɔ v ə n ə
sprøjter	s p r ø j t ə r
standser	s t a n s ə r
stark	s t a r k
stevns	s t ɛ vˀ n s
strømme	s t r œ m ə
sultne	s u l t n ə
sværeste	s v ɛː r ə s t ə
svømmede	s v œ m ə ð ə
terminal	t ɛ r m i n aː l
tilføjer	t e l f ø j ə r
tilstanden	t e l s t a n ə n
tiltænkt	t e l t ɛ n k t
træf	t r ɛ f
tætteste	t ɛ t ə s t ə
tønde	t œ n ə
uafbrudt	u a f b r u t
unionen	u n i oː n ə n
urolige	u r oː l i ə
vafler	v a f l ə r
viet	v iː ə ð
vikinger	v i k e n ɡ ə r
wi	v iːˀ
zombie	s ɔ m b i ə
anatomi	a n a t o m iː
ankomme	a n k ɔ m ə
ansættelsen	a n s ɛ t ə l s ə n
arbejdspladsen	a r b a j d s p l a s ə n
armstrong	a r m s t r ɔ n ɡ
atlantic	a t l a n t i k
atlas	a t l a s
basse	b a s ə
beretter	b e r ɛ t ə r
berømmelse	b e r œ m ə l s ə
bleg	b l a jˀ
blixen	b l e k s ə n
bonnie	b ɔ n i ə
boogie	b oː ɡ i ə
buk	b o k
chokoladen	s j o k o l aː d ə n
citerer	s i t eː r ə r
draget	d r aː ɣ ə ð
dragon	d r a ɡ ɔ n
dyrlæge	d y r l ɛː ɡ ə
eksternt	ɛ k s t ɛ r n t
elbiler	ɛ l b iː l ə r
fejlede	f a j l eː ð ə
feminisme	f e m i n i s m ə
fjernt	f j ɛ r n t
forekomst	f ɔ r ə k ɔ m s t
forfattet	f ɔ r f a t ə t
formidler	f ɔ r m i d l ə r
fornøjelsen	f ɔ r n ø j ə l s ə n
forvandler	f ɔ r v a n l ə r
fyren	f yː r ə n
hank	h a n k
hatte	h a t ə
himmelen	h e m ə l ə n
holmen	h ɔ l m ə n
håndklæde	h ɔ n k l ɛː ð ə
højttalere	h ø j t a l eː r ə
indsendt	e n s ɛ n t
isolere	i s o l eː r ə
kerry	k ɛ r i
kirurgisk	k i r u r ɡ i s k
kjoler	k j oː l ə r
koloni	k o l o n iː
kommenterer	k ɔ m ə n t eː r ə r
konkludere	k ɔ n k l u d eː r ə
krogen	k r ɔː ɣ ə n
latte	l a t ə
maksimum	m a k s i m ɔ m
markerne	m a r k ə r n ə
matrikel	m a t r i k ə l
menneskes	m ɛ n ə s k ə s
mitch	m i t s j
modigt	m o d e ɡ t
mol	m oː l
move	m oː v ə
nats	n a t s
odin	o d iː n
omkreds	ɔ m k r ɛ s
organiserede	ɔ r ɡ a n i s eː r ə ð ə
osten	ɔ s t ə n
pain	p a iː n
pointer	p o e n t ə r
præ	p r ɛːˀ
prædiken	p r ɛ d i k ə n
relationen	r e l a ɕ oˀ n ə n
sejrede	s a j r eː ð ə
sensorer	s ɛ n s oː r ə r
skype	s k yː p ə
sprækker	s p r ɛ k ə r
stab	s t aː b
sting	s t e n ɡ
stævnet	s t ɛ v n ə ð
suveræne	s u v ə r ɛː n ə
tan	t a n
tanden	t a n ə n
testes	t ɛ s t ə s
toyota	t o j oː t a
tune	t uː n ə
vestsjællands	v ɛ s t s j ɛ l a n s
vindende	v e n ə n ə
yang	j a n ɡ
ægteskaber	ɛ ɡ t ə s k aː b ə r
ærmet	ɛ r m ə ð
afsagt	a f s a k t
also	a l s o
amen	aː m ə n
arbejdsopgaver	a r b a j d s ɔ p ɡ aː v ə r
athen	a t ə n
aura	a v r a
bagværk	b a v ɛ r k
bali	b aː l i
bassinet	b a s i n ɛ t
bemærkes	b e m ɛ r k ə s
blomstrende	b l ɔ m s t r ɛ n ə
blow	b l ɔ w
bock	b ɔ k
brokke	b r ɔ k ə
carrie	k a r i ə
chang	s j a n ɡ
creative	k r e a t iː v ə
creme	k r eː m ə
cruz	k r uː s
demokraterne	d e m o k r a t ɛ r n ə
demonstrerer	d e m ɔ n s t r eː r ə r
designere	d e s i n eː r ə
diktator	d e k t aː t ə r
disken	d e s k ə n
dyk	d y k
elefanter	e l ə f a n t ə r
engagerede	ɛ n ɡ a ɡ eː r ə ð ə
fattigste	f a t i s t ə
flair	f l ɛ r
fora	f oː r a
forbundne	f ɔ r b o n ə
fordømt	f ɔ r d œ m t
forudsætter	f ɔ r u d s ɛ t ə r
fremkommer	f r ɛ m k ɔ m ə r
galaksen	ɡ a l a k s ə n
gert	ɡ ɛ r t
gevinsten	ɡ e v e n s t ə n
going	ɡ o e n ɡ
hate	h aː t ə
havnede	h a v n ə ð ə
havnet	h a v n ə ð
hirtshals	h i r t s h a l s
indrettede	e n d r ɛ t ə ð ə
infektioner	e n f ɛ k s j oː n ə r
jupiter	j u p i t eː r
kapsler	k a p s l ə r
klippede	k l e p ə ð ə
konstante	k ɔ n s t a n t ə
krammer	k r a m ə r
kystnære	k y s t n ɛː r ə
lektion	l ɛ k s j oː n
lotto	l ɔ t o
martins	m a r t eː n s
milton	m i l t ɔ n
minimal	m i n i m aː l
motivationen	m o t i v a ɕ oˀ n ə n
målte	m ɔ l t ə
nationens	n a ɕ o n ɛ n s
neden	n eː ð ə n
nissen	n i s ə n
nora	n oː r a
ofret	ɔ f r ɛ t
omgiver	ɔ m ɡ iː v ə r
peer	p eː ə r
philips	f i l i p s
plager	p l aː ɣ ə r
plejehjemmet	p l a j ə j ɛ m ə ð
primo	p r iː m o
respons	r ɛ s p ɔ n s
rundet	r o n ə ð
saw	s a w
sdu	s d uːˀ
sengetøj	s ɛ n ɡ ə t ø j
sidney	s i d n i
simonsen	s i m ɔ n s ə n
skuespillerinde	s k uː ə s p e l ə r e n ə
slæber	s l ɛː b ə r
smurt	s m u r t
spidse	s p i s ə
storslåede	s t ɔ r s l ɔː ə ð ə
svenstrup	s v ɛ n s t r u p
swift	s v e f t
sækken	s ɛ k ə n
temp	t ɛ m p
trade	t r aː d ə
tysker	t y s k ə r
tæerne	t ɛː ə r n ə
umiddelbare	u m i d ə l b aː r ə
unit	u n i t
uvedkommende	uː v ə ð k ɔ m ə n ə
valdemar	v a l ə m a r
varen	v aː r ə n
vejede	v a j ə ð ə
vestindiske	v ɛ s t e n d i s k ə
vidende	v iː ð ə n ə
willie	v i l j ə
ædt	ɛ t
anbragte	a n b r a k t ə
appel	a p ə l
argentinske	a r ɡ ə n t iː n s k ə
avedøre	a v ə d øː r ə
banedanmark	b aː n ə d a n m a r k
bestræbelser	b e s t r ɛː b ə l s ə r
betryggende	b e t r ø ɡ ə n ə
blu	b l uːˀ
buddha	b u d h a
canadisk	k a n aː d i s k
care	k aː r ə
deriblandt	d e r i b l a n t
dinesen	d i n eː s ə n
discipliner	d i s i p l iː n ə r
dusør	d u s øː r
efterlyser	ɛ f d ɐ l yː s ə r
etisk	eː t i s k
faber	f aː b ə r
fløjter	f l ø j t ə r
fornødne	f ɔ r n ø d n ə
gennemførelse	ɡ ɛ n ə m f øː r ə l s ə
gilbert	ɡ i l b ə r t
guides	ɡ iː d ə s
gøremål	ɡ øː r ə m ɔː l
halløj	h a l ø j
harper	h a r p ə r
hekse	h ɛ k s ə
hektisk	h ɛ k t i s k
heldet	h ɛ l ə ð
hindrer	h e n d r ə r
hiver	h iː v ə r
hjemmelavede	j ɛ m ə l aː v ə ð ə
hotteste	h ɔ t ə s t ə
kasserer	k a s eː r ə r
kerteminde	k ɛ r t ə m e n ə
knallert	k n a l ə r t
knæene	k n ɛː ə n ə
knægten	k n ɛ ɡ t ə n
kogt	k ɔ k t
komisk	k oː m i s k
kommunistiske	k ɔ m u n i s t i s k ə
kongensgade	k ɔ n ɡ ə n s ɡ aː d ə
kvalificere	k v a l i f i s eː r ə
lin	l iː n
lokaliteter	l o k a l i t eː t ə r
lokkede	l ɔ k ə ð ə
merkel	m ɛ r k ə l
mesteren	m ɛ s t ə r ə n
micro	m i k r oː
missil	m i s iː l
næs	n ɛː s
omgås	ɔ m ɡ ɔː s
opstillede	ɔ p s t e l ə ð ə
optakt	ɔ p t a k t
overholdelse	ɔ v ə r h ɔ l ə l s ə
overser	ɔ v ə r s ə r
overtræder	ɔ v ə r t r ɛː d ə r
paranoid	p a r a n o iː d
piloterne	p i l o t ɛ r n ə
postkasse	p ɔ s t k a s ə
printer	p r e n t ə r
prof	p r ɔ f
påføre	p ɔ f øː r ə
riv	r iːˀ v
sangtekster	s a n ɡ t ɛ k s t ə r
sektioner	s ɛ k s j oː n ə r
snap	s n a p
snaps	s n a p s
spies	s p iː s
spillets	s p e l ə t s
storme	s t ɔ r m ə
strammer	s t r a m ə r
strandet	s t r a n ə ð
sue	s uː ə
svendsen	s v ɛ n s ə n
syng	s ø n ɡ
søstrene	s ø s t r eː n ə
trommeslager	t r ɔ m ə s l aː ɣ ə r
truman	t r u m aː n
udspiller	u d s p e l ə r
ufattelig	u f a t ə l i
utal	u t a l
værft	v ɛ r f t
wu	v uːˀ
æstetik	ɛ s t ə t i k
aktiverer	a k t i v eː r ə r
aktiviteterne	a k t i v i t eː t ə r n ə
alone	a l oː n ə
arbejdstid	a r b a j d s t i ðˀ
asparges	a s p a r ɡ ə s
bangs	b a n ɡ s
belastende	b e l a s t ə n ə
bjørne	b j œ r n ə
brønd	b r œ nˀ
burke	b o r k ə
culture	k u l t yː r ə
derek	d e r ɛ k
dragter	d r a k t ə r
drejet	d r a j ə ð
dækkes	d ɛ k ə s
enge	ɛ n ɡ ə
facto	f a k t o
fame	f aː m ə
fjernelse	f j ɛ r n ə l s ə
flamme	f l a m ə
forholdsregler	f ɔ r h ɔ l s r a j l ə r
fornemt	f ɔ r n ɛ m t
forsyne	f ɔ r s yː n ə
forøge	f ɔ r øː j ə
fotografen	f o t o ɡ r aː f ə n
fotografer	f o t o ɡ r aː f ə r
fotografere	f o t o ɡ r a f eː r ə
fremhæves	f r ɛ m h ɛː v ə s
fætre	f ɛ t r ə
gab	ɡ aː b
gaffa	ɡ a f a
giftet	ɡ i f t ə ð
gp	ɡ eː p eː
hehe	h eː ə
himmelske	h e m ə l s k ə
hjulene	j uː l ə n ə
hoffmann	h ɔ f m a n
hoppet	h ɔ p ə ð
hormoner	h ɔ r m oː n ə r
hovedrollen	h oː ə d r ɔ l ə n
igangsat	i ɡ a n ɡ s a t
ill	i l
indførelsen	e n f øː r ə l s ə n
indvendig	e n v ɛ n d i
japanese	j a p a n eː s ə
kabler	k aː b l ə r
kerner	k ɛ r n ə r
klanen	k l aː n ə n
klippen	k l e p ə n
klit	k l i t
knækkede	k n ɛ k ə ð ə
kommunikerer	k ɔ m u n i k eː r ə r
køerne	k øː ə r n ə
langvarige	l a n ɡ v a r iː ə
laudrup	l a v d r u p
lejemål	l a j ə m ɔː l
marmor	m a r m oː r
millionær	m i l j o n ɛː r
morfin	m ɔ r f iː n
mærk	m ɛ r k
narnia	n a r n i a
nikita	n i k i t a
opbevare	ɔ p b e v aː r ə
ophævelse	ɔ p h ɛː v ə l s ə
overnaturlige	ɔ v ə r n a t uː r l i ə
overtrådt	ɔ v ə r t r ɔ t
pak	p a k
pluto	p l u t o
pressemøde	p r ɛ s ə m øː ð ə
professorer	p r o f ɛ s oː r ə r
præstere	p r ɛ s t eː r ə
random	r a n d ɔ m
realiteten	r e a l i t eː t ə n
record	r ɛ k oː r
repræsentative	r ɛ p r ɛ s ə n t a t iː v ə
rystende	r ø s t ə n ə
rødderne	r ø d ə r n ə
samarbejdsaftale	s a m a r b a j d s a f t aː l ə
skiftevis	s k e f t ə v iː s
skyderi	s k yː d ə r iː
smukkere	s m o k ə r ə
solbriller	s ɔ l b r e l ə r
spidser	s p i s ə r
spildte	s p e l t ə
spirende	s p iː r ə n ə
sportsfolk	s p ɔ r t s f ɔ l k
strømper	s t r œ m p ə r
taste	t a s t ə
thailandske	t a j l a n s k ə
these	t eː s ə
tilføj	t e l f ø j
toni	t o n iː
tossede	t ɔ s ə ð ə
train	t r a iː n
transporteres	t r a n s p ɔ r t eː r ə s
trends	t r ɛ n s
træffes	t r ɛ f ə s
ulykkelige	u l ø k ə l i ə
undertrykkelse	o n ə r t r ø k ə l s ə
uniformer	u n i f ɔ r m ə r
ustabil	u s t a b iː l
vejs	v a jˀ s
wade	v aː d ə
wales	v aː l ə s
wave	v aː v ə
wire	v iː r ə
årsdagen	ɔ r s d aː ɣ ə n
ænder	ɛ n ə r
aj	a jˀ
antagelse	a n t aː ɣ ə l s ə
antenne	a n t ɛ n ə
asbjørn	a s b j œ r n
bakkerne	b a k ə r n ə
banan	b a n aː n
bestyrer	b e s t yː r ə r
betroede	b e t r oː ə ð ə
biffen	b i f ə n
blyant	b l y a n t
bourbon	b u r b ɔ n
brexit	b r ɛ k s i t
brusebad	b r uː s ə b a ð
cal	k a l
clay	k l æ j
crime	k r iː m ə
datidens	d a t i d ɛ n s
derigennem	d e r i ɡ ɛ n ə m
distriktet	d i s t r e k t ə t
energisk	eː n ə r ɡ i s k
enghave	ɛ n ɡ h aː v ə
fartøjet	f a r t ø j ə ð
fattede	f a t ə ð ə
flygt	f l ø k t
folkelige	f ɔ l k ə l iː ə
forstyrrer	f ɔ r s t y r ə r
fortidens	f ɔ r t i d ɛ n s
fredet	f r eː ð ə ð
freestyle	f r eː s t yː l ə
halter	h a l t ə r
hilser	h i l s ə r
hotte	h ɔ t ə
huskede	h u s k ə ð ə
hårfarve	h ɔ r f a r v ə
identificerede	i d ɛ n t i f i s eː r ə ð ə
illegale	i l ə ɡ aː l ə
indiana	e n d i aː n a
indkøbscenter	e n k ø b s ɛ n t ə r
indsamles	e n s a m l ə s
infrastrukturen	e n f r a s t r u k t yː r ə n
ivrige	i v r iː ə
kansler	k a n s l ə r
kaotisk	k a oː t i s k
katolsk	k a t oː l s k
kill	k i l
kirsebær	k i r s ə b ɛ r
kongehus	k ɔ n ɡ ə h uː s
krænket	k r ɛ n k ə ð
kurere	k u r eː r ə
kvartfinale	k v a r t f i n aː l ə
landskampe	l a n s k a m p ə
leverandører	l ɛ v ə r a n d øː r ə r
livslang	l i v s l a n ɡ
lonely	l oː n ə l yː
lugten	l o k t ə n
låget	l ɔː ɣ ə ð
mallorca	m a l ɔ r k a
minimalistisk	m i n i m a l i s t i s k
modstanderens	m o ð s t a n d ə r ɛ n s
nana	n aː n a
naturvidenskabelige	n a t u r v iː d ə n s k aː b ə l i ə
omhu	ɔ m h uːˀ
opgørelsen	ɔ p ɡ øː r ə l s ə n
orkestre	ɔ r k ə s t r ə
ovenikøbet	ɔ v ə n i k øː b ə ð
oversvømmet	ɔ v ə r s v œ m ə ð
pladerne	p l a d ə r n ə
praktiserende	p r a k t i s eː r ə n ə
preston	p r ɛ s t ɔ n
programmerne	p r o ɡ r a m ə r n ə
rapportere	r a p ɔ r t eː r ə
ronaldo	r o n a l d o
row	r ɔ w
ruben	r uː b ə n
same	s aː m ə
selvkørende	s ɛ l k øː r ə n ə
stem	s t ɛ mˀ
stofferne	s t ɔ f ə r n ə
svigte	s v e k t ə
synker	s ø n k ə r
tell	t ɛ l
thing	t e n ɡ
tomorrow	t o m ɔ r ɔ w
traktorer	t r a k t oː r ə r
tremmer	t r ɛ m ə r
udsyn	u d s yː n
underholde	o n ə r h ɔ l ə
ungdomsuddannelse	ɔ n ɡ d ɔ m s u d a n ə l s ə
uvenner	u v ɛ n ə r
varierede	v a r i eː r ə ð ə
verdensomspændende	v ɛ r d ə n s ɔ m s p ɛ n ə n ə
vestkysten	v ɛ s t k ø s t ə n
vestre	v ɛ s t r ə
alderdom	a l ə r d ɔ m
almindeligvis	a l m e n ə l i v iː s
arbejdsgiverne	a r b a j d s ɡ iː v ə r n ə
beskattes	b e s k a t ə s
bing	b e n ɡ
bowl	b ɔ w l
bulls	b u l s
bølle	b ø l ə
chile	s j iː l ə
dante	d a n t ə
detektiv	d e t ɛ k t iː v
dina	d iː n a
dramatik	d r a m a t i k
edwards	ɛ d v a r s
ekko	ɛ k o
eksperimenterende	ɛ k s p ɛ r i m ɛ n t eː r ə n ə
favrskov	f a v r s k ɔ v
felten	f ɛ l t ə n
festlig	f ɛ s t l i
fjendtlig	f j ɛ n t l i
flyene	f l yː ə n ə
forekommende	f ɔ r ə k ɔ m ə n ə
friend	f r iː ə n
frygtelige	f r ø k t ə l i ə
granater	ɡ r a n aː t ə r
grenaa	ɡ r e n aː
guitarer	ɡ i t aː r ə r
herfølge	h ɛ r f ø l j ə
hverv	v ɛ r v
hylden	h y l ə n
høsten	h ø s t ə n
indkomster	e n k ɔ m s t ə r
ira	iː r a
iværksætteri	i v ɛ r k s ɛ t ə r iː
judas	j u d a s
kirurgi	k i r u r ɡ iː
kofod	k o f oː d
kroatiske	k r o aː t i s k ə
lazio	l a s j o
lime	l a j m ə
linjeløb	l e n j ə l øː b
lotus	l o t u s
længsel	l ɛ n ɡ s ə l
løver	l øː v ə r
mandler	m a n l ə r
muhammed	m u h a m ə ð
mytologi	m y t o l o ɡ iː
nam	n a m
nazist	n a s i s t
nerve	n ɛ r v ə
opdele	ɔ p d eː l ə
opslugt	ɔ p s l o k t
optimisme	ɔ p t i m i s m ə
panorama	p a n o r aː m a
phantom	f a n t ɔ m
polakker	p o l a k ə r
påført	p ɔ f ø r t
pære	p ɛː r ə
realistiske	r e a l i s t i s k ə
rolf	r ɔ l f
ryk	r ø k
salmer	s a l m ə r
salte	s a l t ə
schultz	s j u l t s
semifinale	s e m i f i n aː l ə
skaffer	s k a f ə r
skarpere	s k a r p eː r ə
slikker	s l e k ə r
snoop	s n oː p
sporer	s p oː r ə r
spotify	s p o t i f yː
staves	s t aː v ə s
sundere	s o n d eː r ə
svane	s v aː n ə
tb	t eː b eː
tidsplanen	t i d s p l aː n ə n
tilknyttede	t e l k n ø t ə ð ə
tilsat	t e l s a t
tinder	t e n ə r
tis	t iː s
udveksle	u ð v ɛ k s l ə
undlader	o n l aː d ə r
velkomst	v ɛ l k ɔ m s t
vraget	v r aː ɣ ə ð
wrestling	v r ɛ s t l e ŋ
alabama	a l a b aː m a
apparatet	a p a r a t eː t
arbejdende	a r b a j d ə n ə
barsk	b a r s k
based	b aː s ə ð
bedømmelse	b e d œ m ə l s ə
belejligt	b e l a j l i t
bevæget	b e v ɛː ɡ ə ð
bilist	b i l i s t
brok	b r ɔ k
budapest	b u d a p ɛ s t
bulgarske	b u l ɡ a r s k ə
børnefamilier	b œ r n ə f a m i l j ə r
cass	k a s
chan	s j aː n
ding	d e n ɡ
dyd	d y d
folketingskandidat	f ɔ l k ə t e ŋ s k a n d i d aː t
forlangte	f ɔ r l a n ɡ t ə
forudsat	f ɔ r u d s a t
fremlægger	f r ɛ m l ɛ ɡ ə r
gaga	ɡ aː ɡ a
gangs	ɡ a n ɡ s
gerda	ɡ ɛ r d a
glimmer	ɡ l e m ə r
graves	ɡ r aː v ə s
grusomt	ɡ r u s ɔ m t
handelen	h a n ə l ə n
helligdage	h ɛ l i d aː ɡ ə
helligt	h ɛ l i t
hjelmen	j ɛ l m ə n
hjemlige	j ɛ m l i ə
innovativ	e n o v a t iː v
introducerede	e n t r o d j u s eː r ə ð ə
ir	iː r
italia	i t a l j a
josephine	j oː s ə f iː n ə
karlsson	k a r l s ɔ n
kira	k iː r a
kirurg	k i r u r ɡ
knuse	k n uː s ə
kobe	k oː b ə
kuglen	k uː l ə n
kønnene	k œ n ə n ə
laila	l a j l a
latex	l a t ɛ k s
loppemarked	l ɔ p ə m a r k ə ð
massevis	m a s ə v iː s
mosen	m oː s ə n
nash	n a s j
numsen	n ɔ m s ə n
nørresundby	n œ r ə s o n b yː
octavia	ɔ k t a v i a
opløses	ɔ p l øː s ə s
opp	ɔ p
overkommelig	ɔ v ə r k ɔ m ə l i
overvære	ɔ v ə r v ɛː r ə
pakkes	p a k ə s
pensionist	p a n s j o n i s t
pers	p ɛ r s
pick	p e k
pynter	p ø n t ə r
rettighederne	r ɛ t i h eː d ə r n ə
rip	r i p
risici	r i s i s iː
roms	r ɔ m s
satellitter	s a t ə l i t ə r
serum	s eː r ɔ m
silas	s i l aː s
skødet	s k øː ð ə ð
smugle	s m uː l ə
snarest	s n aː r ə s t
stok	s t ɔ k
tempoet	t ɛ m p oː ə ð
tommerup	t ɔ m ə r u p
tracks	t r a k s
trapperne	t r a p ə r n ə
trio	t r iː o
tvivlsom	t v i v l s ɔ m
tøver	t øː v ə r
udstede	u d s t eː ð ə
udsætter	u d s ɛ t ə r
ungdoms	ɔ n ɡ d ɔ m s
vagina	v a ɡ iː n a
virgin	v i r ɡ iː n
vistnok	v e s t n ɔ k
væld	v ɛ lˀ
værn	v ɛ r n
østen	ø s t ə n
alletiders	a l ə t iː d ə r s
anstrengelser	a n s t r ɛ n ɡ ə l s ə r
aston	a s t ɔ n
attack	a t a k
badekar	b aː d ə k aː r
befriende	b e f r iː ə n ə
belgiske	b ɛ l ɡ i s k ə
beløbet	b e l øː b ə ð
blokhus	b l ɔ k h uː s
blokken	b l ɔ k ə n
blom	b l ɔ m
brændsel	b r ɛ n s ə l
burns	b u r n s
camera	k a m eː r a
cliff	k l e f
dane	d aː n ə
diplomater	d i p l o m aː t ə r
dok	d ɔ k
dupont	d u p ɔ n t
ekstraordinære	ɛ k s t r a ɔ r d i n ɛː r ə
eliminere	e l i m i n eː r ə
elliot	ɛ l j oː t
erotisk	e r oː t i s k
fingeraftryk	f e n ɡ ə r a f t r ø k
fjerdeplads	f j ɛ r d ə p l a s
flyselskaber	f l yː s ə l s k aː b ə r
forarbejde	f ɔ r a r b a j d ə
fordømte	f ɔ r d œ m t ə
fritaget	f r i t aː ɣ ə ð
fusionen	f u s j oː n ə n
goder	ɡ oː d ə r
goldman	ɡ ɔ l m a n
harbor	h a r b oː r
hector	h ɛ k t ɔ r
henvist	h ɛ n v e s t
hjernerystelse	j ɛ r n ə r ø s t ə l s ə
kabinen	k a b iː n ə n
klang	k l a n ɡ
knuser	k n uː s ə r
lassen	l a s ə n
letteste	l ɛ t ə s t ə
linke	l e n k ə
maa	m aː
manny	m a n i
migranter	m i ɡ r a n t ə r
mozart	m o s a r t
muntre	m o n t r ə
nisse	n i s ə
næststørste	n ɛ s t s t œ r s t ə
once	ɔ n s ə
opgjort	ɔ p ɡ j ɔ r t
organismer	ɔ r ɡ a n i s m ə r
parade	p a r aː d ə
passagererne	p a s a ɡ eː r ə r n ə
patricia	p a t r i s j a
peber	p eː b ə r
prime	p r iː m ə
påkrævet	p ɔ k r ɛː v ə ð
reklamen	r e k l aː m ə n
revisorer	r ɛ v i s oː r ə r
sif	s iː f
skrå	s k r ɔːˀ
skyllet	s k y l ə ð
skæres	s k ɛː r ə s
slots	s l ɔ t s
sløjfe	s l ø j f ə
smilede	s m iː l ə ð ə
spækket	s p ɛ k ə ð
stenderup	s t ɛ n ə r u p
strakte	s t r a k t ə
succesen	s u k s eː s ə n
sømmet	s œ m ə ð
tabletter	t a b l ɛ t ə r
thrones	t r oː n ə s
tilkendt	t e l k ɛ n t
tilskrives	t e l s k r iː v ə s
udtræk	u d t r ɛ k
underskrifter	o n ə r s k r e f t ə r
universitetshospital	u n i v ɛ r s i t eː t s h o s p i t aː l
usle	u s l ə
værkerne	v ɛ r k ə r n ə
wilhelm	v i l h ɛ lˀ m
ægypten	ɛ ɡ ø p t ə n
aflyser	a f l yː s ə r
afsætte	a f s ɛ t ə
aktiveres	a k t i v eː r ə s
amnesty	a m n ə s t yː
appelsin	a p ə l s iː n
arven	a r v ə n
bam	b a m
bananer	b a n aː n ə r
bemærkelsesværdig	b e m ɛ r k ə l s ə s v ɛ r d i
claudia	k l a v d i a
cocktail	k ɔ k t eː l
direktion	d i r ɛ k s j oː n
disciple	d i s i p l ə
djævlen	d j ɛ v l ə n
druer	d r uː ə r
ellemann	ɛ l ə m a n
eskorte	eː s k ɔ r t ə
explorer	ɛ k s p l oː r ə r
faders	f aː d ə r s
fersk	f ɛ r s k
festligt	f ɛ s t l i t
fordybelse	f ɔ r d yː b ə l s ə
forstyrrelse	f ɔ r s t y r ə l s ə
forvent	f ɔ r v ɛ n t
forældreløse	f ɔ r ɛ l d r ə l øː s ə
fowler	f ɔ w l ə r
fredede	f r eː ð ə ð ə
fremkalde	f r ɛ m k a l ə
frigive	f r i ɡ iː v ə
gasser	ɡ a s ə r
griffin	ɡ r i f iː n
grækenlands	ɡ r ɛː k ə n l a n s
gåde	ɡ ɔː ð ə
hermione	h ɛ r m i oː n ə
herske	h ɛ r s k ə
howe	h ɔ w ə
huler	h uː l ə r
hur	h uːˀ r
håndtryk	h ɔ n t r ø k
hævelse	h ɛː v ə l s ə
indrømmede	e n d r œ m ə ð ə
interval	e n t ə r v aː l
jets	j ɛ t s
jobsamtale	j ɔ b s a m t aː l ə
jump	j o m p
juryen	j u r yː ə n
katastrofer	k a t a s t r oː f ə r
kollision	k ɔ l i s j oː n
kommunismen	k ɔ m u n i s m ə n
kraftværk	k r a f t v ɛ r k
krænkelser	k r ɛ n k ə l s ə r
kulturarv	k u l t u r a r v
kunstværk	k o n s t v ɛ r k
landsmænd	l a n s m ɛ n d
lavest	l a v ə s t
lion	l i oː n
luca	l u k a
lunge	l o ŋ ə
længerevarende	l ɛ n ɡ ə r ə v aː r ə n ə
løbetur	l øː b ə t uː r
manipulation	m a n i p u l a ɕ oˀ n
mælken	m ɛ l k ə n
møderne	m øː ð ə r n ə
omdanne	ɔ m d a n ə
overskue	ɔ v ə r s k uː ə
pelsen	p ɛ l s ə n
puha	p u h a
regulere	r ɛ ɡ u l eː r ə
renere	r e n eː r ə
retfærdige	r ɛ t f ɛ r d i ə
rome	r oː m ə
sicilien	s i s i l j ə n
siddepladser	s i d ə p l a s ə r
skelsættende	s k ɛ l s ɛ t ə n ə
skildrer	s k i l d r ə r
skinke	s k e n k ə
slaveri	s l a v ə r iː
slott	s l ɔ t
stadier	s t a d j ə r
stalin	s t a l iː n
stryge	s t r yː ə
suzanne	s u s a n ə
tavse	t a v s ə
tennessee	t ɛ n ə s eː ə
then	t eː n
tilført	t e l f ø r t
tilskuer	t e l s k uː ə r
topper	t ɔ p ə r
tribune	t r i b uː n ə
tude	t uː d ə
tåbelig	t ɔː b ə l i
udlejet	u d l a j ə ð
udsættelse	u d s ɛ t ə l s ə
ungdomsuddannelser	ɔ n ɡ d ɔ m s u d a n ə l s ə r
vu	v uːˀ
warcraft	v a r k r a f t
østers	ø s t ə r s
østkysten	ø s t k ø s t ə n
affyrede	a f yː r ə ð ə
benyt	b e n ø t
benævnt	b e n ɛ vˀ n t
bieber	b iː b ə r
blinker	b l e n k ə r
blondine	b l ɔ n d iː n ə
brandes	b r a n ə s
bukke	b o k ə
bureauer	b u r oː ə r
butterfly	b u t ə r f l yː
børglum	b œ r ɡ l ɔ m
celtic	s ɛ l t i k
chinese	s j i n eː s ə
chrome	k r oː m ə
class	k l a s
copa	k oː p a
dråbe	d r ɔː b ə
dunn	d o n
dynamiske	d y n aː m i s k ə
dynamo	d y n aː m o
dømmes	d œ m ə s
englands	ɛ n ɡ l a n s
enkeltstart	ɛ n k ə l t s t a r t
etnicitet	ɛ t n i s i t eː t
flittig	f l e t i
forandrer	f ɔ r a n d r ə r
forsikre	f ɔ r s e k r ə
forsætter	f ɔ r s ɛ t ə r
fredagen	f r e d aː ɣ ə n
frister	f r e s t ə r
frokosten	f r o k ɔ s t ə n
gabe	ɡ aː b ə
gebyrer	ɡ e b yː r ə r
glans	ɡ l a n s
gore	ɡ oː r ə
grædende	ɡ r ɛː ð ə n ə
haller	h a l ə r
holsted	h ɔ l s t ɛ ð
horst	h ɔ r s t
huer	h uː ə r
hvaler	v aː l ə r
håndklæder	h ɔ n k l ɛː d ə r
ideal	i d e aː l
installation	e n s t a l a ɕ oˀ n
installationer	e n s t a l a ɕ oˀ n ə r
interaktiv	e n t ə r a k t iː v
iværksætte	i v ɛ r k s ɛ t ə
jaget	j aː ɣ ə ð
journalistisk	j u r n a l i s t i s k
konkurrerer	k ɔ n k u r eː r ə r
kontinent	k ɔ n t i n ɛ n t
kris	k r iː s
lettede	l ɛ t ə ð ə
licensen	l i s ɛ n s ə n
lovforslaget	l ɔ v f ɔ r s l aː ɣ ə ð
lus	l uː s
messer	m ɛ s ə r
mikey	m i k i
muskel	m u s k ə l
naruto	n a r u t o
nordpolen	n o r p oː l ə n
opfindelser	ɔ p f e n ə l s ə r
oprejst	ɔ p r a j s t
palma	p a l m a
pesten	p ɛ s t ə n
postnord	p ɔ s t n oː r
racen	r aː s ə n
rapporterer	r a p ɔ r t eː r ə r
redegøre	r eː ð ə ɡ øː r ə
reportage	r ɛ p ɔ r t aː ɡ ə
ru	r uːˀ
rækkefølgen	r ɛ k ə f œ l j ə n
samspil	s a m s p iː l
schalke	s j a l k ə
six	s e k s
skats	s k a t s
skraldet	s k r a l ə ð
smides	s m iː ð ə s
spjældet	s p j ɛ l ə ð
statisk	s t aː t i s k
stipendium	s t i p ɛ n d i ɔ m
strikke	s t r e k ə
strip	s t r i p
stræk	s t r ɛ k
støttes	s t ø t ə s
sære	s ɛː r ə
sødere	s øː d ə r ə
tern	t ɛ r n
tilfælles	t e l f ɛ l ə s
tilføjes	t e l f ø j ə s
tilslutter	t e l s l u t ə r
tolk	t ɔ l k
transporter	t r a n s p ɔ r t ə r
tropperne	t r ɔ p ə r n ə
tykkelse	t y k ə l s ə
uægte	u ɛ ɡ t ə
vaccinen	v a k s iː n ə n
vakt	v a k t
verdensranglisten	v ɛ r d ə n s r a n ɡ l i s t ə n
vokal	v o k aː l
ytre	y t r ə
zonen	s oː n ə n
administreres	a d m i n i s t r eː r ə s
afhente	a f h ɛ n t ə
alf	a l f
alma	a l m a
ang	a n ɡ
bayer	b a j ə r
bea	b eː a
beboer	b e b uː ə r
beslægtede	b e s l ɛ ɡ t ə ð ə
bjerre	b j ɛ r ə
bryggeri	b r ø ɡ ə r iː
buffalo	b u f a l o
capitol	k a p i t oː l
chandler	s j a n l ə r
dansere	d a n s eː r ə
defekt	d e f ɛ k t
døve	d øː v ə
eksil	ɛ k s iː l
elastik	e l a s t i k
enes	eː n ə s
faa	f aː
farvande	f a r v a n ə
fastsatte	f a s t s a t ə
fender	f ɛ n ə r
fjæset	f j ɛː s ə ð
flammen	f l a m ə n
fletcher	f l ɛ t s j ə r
foretrak	f ɔ r ə t r a k
forsømt	f ɔ r s œ m t
forvandlede	f ɔ r v a n l eː ð ə
frankfurt	f r a n k f u r t
franz	f r a n s
fremadrettet	f r e m a d r ɛ t ə t
friskole	f r e s k oː l ə
gaius	ɡ a j u s
galla	ɡ a l a
garrett	ɡ a r ɛ t
glass	ɡ l a s
græsted	ɡ r ɛ s t ə ð
guidet	ɡ i d ə t
henvendte	h ɛ n v ɛ n t ə
hjælpemidler	j ɛ l p ə m i d l ə r
hjælpsomme	j ɛ l p s ɔ m ə
hævne	h ɛ v n ə
ildsjæle	i l s j ɛː l ə
imponerede	e m p o n eː r ə ð ə
indbygger	e n b ø ɡ ə r
indrette	e n d r ɛ t ə
instant	e n s t a n t
kajak	k a j a k
konstruktivt	k ɔ n s t r u k t i v t
kostbar	k ɔ s t b a r
kramer	k r aː m ə r
lea	l eː a
liters	l i t ə r s
lynch	l ø n s j
mellemstore	m ɛ l ə m s t oː r ə
midte	m i t ə
minnesota	m e n ə s oː t a
missouri	m i s u r iː
musen	m uː s ə n
nordamerika	n ɔ r d a m eː r i k a
norway	n ɔ r v æ j
opbevarer	ɔ p b e v aː r ə r
option	ɔ p s j oː n
overstiger	ɔ v ə r s t iː ə r
oversvømmelser	ɔ v ə r s v œ m ə l s ə r
overvåger	ɔ v ə r v ɔː ɣ ə r
palæstinensere	p a l ɛ s t i n ɛ n s eː r ə
para	p a r a
parkerer	p a r k eː r ə r
partiformand	p a r t i f ɔ r m a n d
pine	p iː n ə
psykologer	s y k o l oː ɡ ə r
påbegynde	p ɔː b ə ɡ ø n ə
racistisk	r a s i s t i s k
radioaktive	r a d i o a k t iː v ə
records	r ɛ k ɔ r s
regina	r ɛ ɡ iː n a
respekterede	r ɛ s p ɛ k t eː r ə ð ə
retfærdiggøre	r ɛ t f ɛ r d i ɡ øː r ə
råbt	r ɔ p t
rådets	r ɔː ð ə ð s
saddam	s a d a m
sagsbehandler	s a v s b e h a n l ə r
saks	s a k s
samantha	s a m a n t h a
selveste	s ɛ l v ə s t ə
shake	ɕ aː k ə
sisters	s e s t ə r s
skotske	s k ɔ t s k ə
spektrum	s p ɛ k t r ɔ m
stearinlys	s t e a r iː n l yː s
stævner	s t ɛ v n ə r
tillagt	t e l a ɡ t
toft	t ɔ f t
trafikanter	t r a f i k a n t ə r
ubrugt	u b r o k t
udsendes	u d s ɛ n ə s
udsøgt	u d s ø ɡ t
vampyrer	v a m p yː r ə r
vilhelm	v i l h ɛ lˀ m
viljen	v i l j ə n
vinci	v e n s i
virtual	v i r t u aː l
vitale	v i t aː l ə
werner	v ɛ r n ə r
willis	v i l i s
ærter	ɛ r t ə r
access	a k s ɛ s
adolf	a d ɔ l f
alexandre	a l ɛ k s a n d r ə
algoritme	a l ɡ o r i t m ə
amazing	a m aː s e n ɡ
anklagerne	a n k l aː ɣ ə r n ə
aria	a r i a
az	aː s
banede	b aː n ə ð ə
barfoed	b a r f uː d
begravede	b e ɡ r aː v ə ð ə
bette	b ɛ t ə
blomsten	b l ɔ m s t ə n
brugsen	b r uː s ə n
brystvorter	b r ø s t v ɔ r t ə r
cameroun	k a m ə r uː n
candy	k a n d i
cave	k aː v ə
core	k oː r ə
dalai	d a l a j
dekorationer	d e k o r a ɕ oˀ n ə r
dekorative	d e k o r a t iː v ə
ditto	d i t o
drikkevarer	d r e k ə v aː r ə r
eksperimentere	ɛ k s p ɛ r i m ɛ n t eː r ə
empire	ɛ m p iː r ə
enkeltvis	ɛ n k ə l t v iː s
faktura	f a k t uː r a
firkant	f i r k a n t
flåede	f l ɔː ə ð ə
fossile	f ɔ s iː l ə
gennemførelsen	ɡ ɛ n ə m f øː r ə l s ə n
gennemgribende	ɡ ɛ n ə m ɡ r iː b ə n ə
government	ɡ ɔ v ə r n m ɛ n t
harder	h a r d ə r
harmonisk	h a r m oː n i s k
henviste	h ɛ n v e s t ə
herkomst	h ɛ r k ɔ m s t
honda	h ɔ n d a
hullerne	h u l ə r n ə
hyrede	h yː r ə ð ə
ideelt	i d eː ə l t
inspirationen	e n s p i r a ɕ oˀ n ə n
kardinal	k a r d i n aː l
kidnappet	k i d n a p ə t
klipperne	k l e p ə r n ə
klokker	k l ɔ k ə r
klubhus	k l u b h uː s
klumme	k l o m ə
knaldede	k n a l ə ð ə
konventionen	k ɔ n v ɛ n s j oː n ə n
konvertere	k ɔ n v ɛ r t eː r ə
kraftfuld	k r a f t f u l d
kravler	k r a v l ə r
kvarterer	k v a r t eː r ə r
kvote	k v oː t ə
lissabon	l i s a b oː n
melissa	m e l i s a
mærkerne	m ɛ r k ə r n ə
naomi	n a o m iː
nordsøen	n o r s øːˀ ə n
nyuddannede	n y u d a n ə ð ə
omegnen	o m a j n ə n
opel	o p ə l
oss	ɔ s
overs	ɔ v ə r s
panda	p a n d a
ping	p e n ɡ
plejecenter	p l a j ə s ɛ n t ə r
plukke	p l o k ə
portion	p ɔ r s j oː n
press	p r ɛ s
producenten	p r o d j u s ɛ n t ə n
prop	p r ɔ p
publikationer	p u b l i k a ɕ oˀ n ə r
pus	p uː s
påbegyndte	p ɔː b ə ɡ ø n t ə
rabatter	r a b a t ə r
ralf	r a l f
reparationer	r ɛ p a r a ɕ oˀ n ə r
saml	s a m l
saturday	s a t u r d æ j
skaller	s k a l ə r
skeptisk	s k ɛ p t i s k
skills	s k e l s
skjoldet	s k j ɔ l ə ð
slides	s l iː ð ə s
smeltede	s m ɛ l t ə ð ə
sos	s oː s
sportslige	s p ɔ r t s l iː ə
steffensen	s t ɛ f ə n s ə n
streger	s t r a j ə r
superman	s u p ə r m aː n
tilføjelser	t e l f ø j ə l s ə r
tilkaldt	t e l k a l t
tilladte	t e l a t ə
tosser	t ɔ s ə r
trop	t r ɔ p
tyven	t yː v ə n
tæve	t ɛː v ə
udi	u d i
udviste	u ð v e s t ə
universitets	u n i v ɛ r s i t eː t s
vale	v aː l ə
ver	v ɛ r
videreføre	v iː ð ə r ə f øː r ə
virtuelle	v i r t u ɛ l ə
vogter	v ɔ k t ə r
vulkan	v o l k aː n
væsker	v ɛ s k ə r
afgørelser	a f ɡ øː r ə l s ə r
alu	a l u
amigo	a m i ɡ o
anliggende	a n l i ɡ ə n ə
argumentet	a r ɡ u m ɛ n t ə t
attraktioner	a t r a k s j oː n ə r
bergen	b ɛ r ɣ ə n
besværet	b e s v ɛː r ə ð
beviste	b e v e s t ə
billie	b i l j ə
biskoppen	b i s k ɔ p ə n
bit	b i t
bremsen	b r ɛ m s ə n
brock	b r ɔ k
brugge	b r o ɡ ə
camille	k a m i l ə
carina	k a r iː n a
chanel	s j a n ɛ l
chapman	s j a p m aː n
cohen	k oː ə n
dalton	d a l t ɔ n
dekoration	d e k o r a ɕ oˀ n
deroppe	d e r ɔ p ə
destiny	d e s t i n yː
diplomatisk	d i p l o m aː t i s k
dumpe	d o m p ə
durant	d u r a n t
dystre	d y s t r ə
etapeløb	e t a p ə l øː b
formatet	f ɔ r m a t eː t
formede	f ɔ r m eː ð ə
frigiver	f r i ɡ iː v ə r
fristende	f r e s t ə n ə
fældet	f ɛ l ə ð
gips	ɡ i p s
grisen	ɡ r iː s ə n
hanen	h aː n ə n
hornet	h ɔ r n ə ð
håndskrift	h ɔ n s k r e f t
identificeres	i d ɛ n t i f i s eː r ə s
indad	e n d a d
indhenter	e n h ɛ n t ə r
indlandsisen	e n l a n s iː s ə n
insulin	e n s u l iː n
integrerede	e n t ə ɡ r eː r ə ð ə
invasionen	e n v a s j oː n ə n
kasserne	k a s ə r n ə
klem	k l ɛ mˀ
kollegerne	k ɔ l ə ɡ ɛ r n ə
kundskab	k o n s k aː b
kvalifikationer	k v a l i f i k a ɕ oˀ n ə r
kønne	k œ n ə
langer	l a n ɡ ə r
lærde	l ɛ r d ə
mailadresse	m a j l a d r ɛ s ə
massen	m a s ə n
mika	m i k a
minen	m iː n ə n
musikkens	m u s e k ə n s
narre	n a r ə
nepal	n e p aː l
overholder	ɔ v ə r h ɔ l ə r
palm	p a l m
pillerne	p e l ə r n ə
pletten	p l ɛ t ə n
præsterne	p r ɛ s t ə r n ə
puerto	p u ə r t o
pust	p o s t
rapporterede	r a p ɔ r t eː r ə ð ə
roen	r oːˀ ə n
sandheder	s a n h eː d ə r
sci	s iː
skattefri	s k a t ə f r iː
skitse	s k i t s ə
skægget	s k ɛ ɡ ə ð
sladrer	s l a d r ə r
sminke	s m e n k ə
sommers	s ɔ m ə r s
spire	s p iː r ə
staff	s t a f
stalden	s t a l ə n
statskassen	s t a t s k a s ə n
stråle	s t r ɔː l ə
syrisk	s yː r i s k
teknikere	t ɛ k n i k eː r ə
tildele	t e l ə l ə
tilsæt	t e l s ɛ t
topmøde	t ɔ p m øː ð ə
trylle	t r ø l ə
tvivlsomt	t v i v l s ɔ m t
ungdommens	ɔ n ɡ d ɔ m ə n s
uvist	u v e s t
velfærdsstaten	v ɛ l f ɛ r s s t aː t ə n
væbnet	v ɛː b n ə ð
væsken	v ɛ s k ə n
wembley	v ɛ m b l i
abstrakte	a b s t r a k t ə
afrejse	a f r a j s ə
afslut	a f s l u t
airlines	ɛ r l iː n ə s
angrebene	a n ɡ r eː b ə n ə
ankestyrelsen	a n k ə s t yː r ə l s ə n
annika	a n i k a
antik	a n t e k
applikationer	a p l i k a ɕ oˀ n ə r
area	a r eː a
arrangør	a r a n ɡ øː r
association	a s o s j a ɕ oˀ n
atlético	a t l e t i k o
begavede	b e ɡ aː v ə ð ə
belagt	b e l a k t
bender	b ɛ n ə r
besvarelser	b e s v aː r ə l s ə r
betjener	b e t j eː n ə r
birds	b i r s
brugbare	b r uː b aː r ə
byttede	b y t ə ð ə
chatten	s j a t ə n
darwin	d a r v iː n
disses	d i s ə s
donuts	d o n u t s
doser	d oː s ə r
downs	d ɔ w n s
elegante	e l ə ɡ a n t ə
eve	eː v ə
folkeskoler	f ɔ l k ə s k oː l ə r
forandrede	f ɔ r a n d r eː ð ə
garcia	ɡ a r s i a
gina	ɡ iː n a
helga	h ɛ l ɡ a
herbert	h ɛ r b ɛ r t
hovsa	h ɔ v s a
hue	h uː ə
inspektion	e n s p ɛ k s j oː n
introducerer	e n t r o d j u s eː r ə r
ipod	i p oː d
isbn	i s b eː n
jill	j i l
katja	k a t j a
kirstine	k i r s t iː n ə
kræsne	k r ɛ s n ə
kulhydrater	k u l h y d r aː t ə r
kundskaber	k o n s k aː b ə r
kært	k ɛ r t
law	l a w
legat	l e ɡ aː t
lina	l iː n a
massachusetts	m a s a s j u s ɛ t s
matche	m a t s j ə
mødom	m ø d ɔ m
møre	m øː r ə
omdannes	ɔ m d a n ə s
opfattelsen	ɔ p f a t ə l s ə n
ophørt	ɔ p h ø r t
orgasme	ɔ r ɡ a s m ə
oversvømmelse	ɔ v ə r s v œ m ə l s ə
pakkede	p a k ə ð ə
panel	p a n ɛ l
peak	p iː k
pedal	p e d aː l
peterson	p e t ə r s oː n
petra	p e t r a
raketter	r a k ɛ t ə r
reims	r a j m s
rejseholdet	r a j s ə h ɔ l ə ð
rekruttere	r ɛ k r u t eː r ə
rocks	r ɔ k s
safari	s a f a r iː
samtidige	s a m t iː d i ə
siri	s iː r i
skriften	s k r e f t ə n
skrøbelige	s k r øː b ə l i ə
skuespillerne	s k uː ə s p e l ə r n ə
smører	s m øː r ə r
snegle	s n a j l ə
spisebord	s p iː s ə b oː r
spærrer	s p ɛ r ə r
stars	s t a r s
stiftede	s t e f t ə ð ə
svæver	s v ɛː v ə r
sweden	s v eː ð ə n
syns	s ø n s
systems	s y s t ɛ m s
søsteren	s ø s t ə r ə n
tabere	t a b eː r ə
taberen	t a b eː r ə n
taco	t a k o
tilfalder	t e l f a l d ə r
tilstrækkelige	t e l s t r ɛ k ə l i ə
transporterer	t r a n s p ɔ r t eː r ə r
trykkes	t r ø k ə s
udleje	u d l a j ə
udtænkt	u d t ɛ n k t
urealistisk	u r e a l i s t i s k
varehus	v aː r ə h uː s
vestjysk	v ɛ s t j y s k
aflagt	a f l a k t
afsløres	a f s l øː r ə s
anse	a n s ə
arts	a r t s
assistenter	a s i s t ɛ n t ə r
balder	b a l ə r
ban	b a n
begravelser	b e ɡ r aː v ə l s ə r
birger	b i r ə r
brasilianske	b r a s i l j aː n s k ə
brugbar	b r uː b a r
bunny	b u n i
burn	b u r n
børnetøj	b œ r n ə t ø j
cb	s eː b eː
cet	s ɛ t
cox	k ɔ k s
derop	d e r ɔ p
dying	d y e n ɡ
dødes	d øː ð ə s
enken	ɛ n k ə n
era	eː r a
erhverve	ɛ r v ɛ r v ə
erling	ɛ r l e n ɡ
feminister	f e m i n i s t ə r
fie	f iː ə
formater	f ɔ r m aː t ə r
frelser	f r ɛ l s ə r
frimærker	f r i m ɛ r k ə r
følelsesmæssig	f øː l ə l s ə s m ɛ s i
graviditeten	ɡ r a v i d i t eː t ə n
gyldent	ɡ y l ə n t
gyldig	ɡ y l d i
gårsdagens	ɡ ɔ r s d aː ɣ ə n s
hanner	h a n ə r
heksen	h ɛ k s ə n
herredømme	h ɛ r ə d œ m ə
hoffet	h ɔ f ə ð
hornbæk	h ɔ r n b ɛ k
huslejen	h u s l a j ə n
hæmmer	h ɛ m ə r
høflig	h ø f l i
illegal	i l ə ɡ aː l
indenrigs	e n ə n r iː s
indskrevet	e n s k r eː v ə ð
informations	e n f ɔ r m a ɕ oˀ n s
kattegat	k a t ə ɡ aː t
kik	k i k
kikker	k i k ə r
kommentatorer	k ɔ m ə n t a t oː r ə r
kraftedeme	k r a f t ə d eː m ə
kraftigste	k r a f t i s t ə
krænkende	k r ɛ n k ə n ə
kvickly	k v e k l yː
kølige	k ø l i ə
linker	l e n k ə r
lykkeligere	l ø k ə l i ɡ eː r ə
mager	m aː ɣ ə r
manipulere	m a n i p u l eː r ə
mekanisme	m e k a n i s m ə
mitt	m e t
nordvestlige	n ɔ r v ɛ s t l i ə
nøj	n ø j
nøjagtighed	n ø j a ɡ t i h e ðˀ
ofrede	ɔ f r eː ð ə
omvende	ɔ m v ɛ n ə
optisk	ɔ p t i s k
ordforråd	o r f ɔ r ɔ d
organiserer	ɔ r ɡ a n i s eː r ə r
overskydende	ɔ v ə r s k yː d ə n ə
paprika	p a p r i k a
photoshop	f o t o s h ɔ p
pie	p iː ə
pilen	p iː l ə n
pragtfulde	p r a k t f u l ə
prison	p r i s oː n
progressive	p r o ɡ r ɛ s iː v ə
rejsekort	r a j s ə k ɔ r t
rigelig	r iː ə l i
rullede	r u l ə ð ə
rumble	r o m b l ə
sammensatte	s a m ə n s a t ə
sataner	s a t aː n ə r
sentimental	s ɛ n t i m ə n t aː l
skikke	s k e k ə
skitser	s k i t s ə r
skru	s k r uːˀ
skyndte	s k ø n t ə
slide	s l iː ð ə
smutte	s m u t ə
solide	s o l iː ð ə
sportschef	s p ɔ r t s j ɛː f
stempel	s t ɛ m p ə l
stick	s t e k
stirrede	s t e r ə ð ə
styrter	s t y r t ə r
sænkes	s ɛ n k ə s
toscana	t o s k aː n a
trængende	t r ɛ n ɡ ə n ə
tænketank	t ɛ n k ə t a n k
undertrykke	o n ə r t r ø k ə
vang	v a n ɡ
varig	v aː r i
varsler	v a r s l ə r
velgørende	v ɛ l ɡ øː r ə n ə
villaer	v i l aː ə r
wat	v a t
wish	v i s j
yamaha	j a m a h a
afprøvet	a f p r øː v ə ð
afsides	a f s iː d ə s
angivelse	a n ɡ iː v ə l s ə
anlægges	a n l ɛ ɡ ə s
assad	a s a d
astra	a s t r a
barney	b a r n i
blære	b l ɛː r ə
blæs	b l ɛː s
bundlinjen	b o n l e n j ə n
carport	k a r p ɔ r t
concept	k ɔ n s ɛ p t
dakota	d a k o t a
davids	d a v i s
debatindlæg	d e b a t e n l ɛ ɡ
dell	d ɛ lˀ
dominic	d o m i n i k
duften	d o f t ə n
dåben	d ɔː b ə n
dælen	d ɛː l ə n
enklere	ɛ n k l eː r ə
fiorentina	f i o r ə n t iː n a
flower	f l ɔ w ə r
fodbolden	f o d b ɔ l ə n
forbuddet	f ɔ r b u d ə t
forbød	f ɔ r b øː d
forhør	f ɔ r h øːˀ r
forsyner	f ɔ r s yː n ə r
fortsættes	f ɔ r t s ɛ t ə s
forvist	f ɔ r v e s t
frans	f r a n s
franskmand	f r a n s k m a n d
fængslede	f ɛ n ɡ s l eː ð ə
førend	f øː r ə n
gb	ɡ eː b eː
greene	ɡ r eː n ə
hajer	h a j ə r
hawk	h a w k
helligånden	h ɛ l i ɡ ɔ n ə n
henderson	h ɛ n ə r s oː n
herredet	h ɛ r ə ð ə ð
hinsides	h e n s iː d ə s
hjemkomst	j ɛ m k ɔ m s t
hyggede	h y ɡ ə ð ə
indtægterne	e n t ɛ ɡ t ə r n ə
indviklet	e n v e k l ə ð
investeres	e n v ɛ s t eː r ə s
iskoldt	i s k ɔ l t
janus	j a n u s
kajen	k a j ə n
kano	k a n o
kapitalen	k a p i t aː l ə n
kastes	k a s t ə s
kirkes	k i r k ə s
kniber	k n iː b ə r
koncern	k ɔ n s ɛ r n
kuld	k u lˀ
lokalitet	l o k a l i t eː t
lucia	l u s j a
marv	m a r v
mildest	m i l ə s t
mirror	m i r oː r
monkey	m ɔ n k i
myrer	m yː r ə r
nabolandene	n a b o l a n ə n ə
nirvana	n i r v aː n a
opklare	ɔ p k l aː r ə
optøjer	ɔ p t ø j ə r
organisatorisk	ɔ r ɡ a n i s a t oː r i s k
overlader	ɔ v ə r l aː d ə r
patrulje	p a t r u l j ə
pinde	p e n ə
prima	p r iː m a
rica	r i k a
rigets	r iː ə ð s
sangerinde	s a n ɡ ə r e n ə
skindet	s k e n ə ð
skip	s k i p
spillene	s p e l ə n ə
spins	s p e n s
sviner	s v iː n ə r
sylvia	s y l v i æ
systemets	s y s t ə m ɛ t s
tampa	t a m p a
ter	t ɛ r
thorbjørn	t ɔ r b j œ r n
tilflugt	t e l f l o k t
titan	t i t aː n
trættende	t r ɛ t ə n ə
udskiftes	u d s k e f t ə s
udtales	u d t aː l ə s
underskriver	o n ə r s k r iː v ə r
varet	v aː r ə ð
vellykkede	v ɛ l ø k ə ð ə
ventetiden	v ɛ n t ə t iː d ə n
voldemort	v ɔ l ə m ɔ r t
yale	j aː l ə
åndedræt	ɔ n ə d r ɛ t
årer	ɔː r ə r
afholdelse	a f h ɔ l ə l s ə
afspiller	a f s p e l ə r
alarmen	a l a r m ə n
assistere	a s i s t eː r ə
aurora	a v r oː r a
barrett	b a r ɛ t
behårede	b e h ɔː r ə ð ə
bekræftes	b e k r ɛ f t ə s
bjørnen	b j œ r n ə n
blotte	b l ɔ t ə
brors	b r ɔ r s
brus	b r uː s
caféen	k a f eː ə n
carlsen	k a r l s ə n
diaz	d i aː s
direction	d i r ɛ k s j oː n
direktiv	d i r ɛ k t iː v
eksklusiv	ɛ k s k l u s iː v
engagere	ɛ n ɡ a ɡ eː r ə
entusiasme	ɛ n t u s j a s m ə
forstander	f ɔ r s t a n ə r
forsvinden	f ɔ r s v e n ə n
forsætte	f ɔ r s ɛ t ə
frigives	f r i ɡ iː v ə s
fryseren	f r y s eː r ə n
fundamentale	f ɔ n d a m ə n t aː l ə
fur	f uːˀ r
fælledparken	f ɛ l ə d p a r k ə n
førnævnte	f œ r n ɛ v n t ə
førsteklasses	f œ r s t ə k l a s ə s
glitter	ɡ l e t ə r
graffiti	ɡ r a f i t iː
gribende	ɡ r iː b ə n ə
hertugen	h ɛ r t uː ə n
hjerner	j ɛ r n ə r
host	h ɔ s t
indtrængende	e n t r ɛ n ɡ ə n ə
instans	e n s t a n s
kandidatur	k a n d i d a t uː r
kneb	k n eː b
kolonien	k o l o n i ə n
kommandant	k ɔ m a n d a n t
kran	k r aː n
kunstens	k o n s t ɛ n s
location	l o k a ɕ oˀ n
læ	l ɛː
lægemiddel	l ɛː ɣ ə m i d ə l
milo	m iː l o
mom	m ɔ m
målmanden	m ɔ l m a n ə n
natural	n a t u r aː l
opbrugt	ɔ b r o k t
overgivelse	ɔ v ə r ɡ iː v ə l s ə
partners	p a r t n ə r s
rangers	r a n ɡ ə r s
raser	r aː s ə r
regulerer	r ɛ ɡ u l eː r ə r
rotte	r ɔ t ə
rotten	r ɔ t ə n
rørene	r øː r ə n ə
serge	s ɛ r ɣ ə
sister	s e s t ə r
skraber	s k r aː b ə r
slank	s l a n k
snævre	s n ɛ v r ə
spirer	s p iː r ə r
sprinter	s p r e n t ə r
sprit	s p r i t
svine	s v iː n ə
sæk	s ɛ k
sønnens	s œ n ə n s
tam	t a m
theodore	t e o d oː r ə
tilfredsstillelse	t e l f r e s s t e l ə l s ə
tillægger	t e l ɛ ɡ ə r
tilsluttede	t e l s l u t ə ð ə
tilsættes	t e l s ɛ t ə s
trolde	t r ɔ l ə
tropisk	t r oː p i s k
ulfborg	u l f b ɔ r v
usynligt	u s yː n l i t
venners	v ɛ n ə r s
visit	v i s i t
wa	v a
weiss	v a j s
åge	ɔː ɣ ə
affyre	a f yː r ə
aflægger	a f l ɛ ɡ ə r
aloe	a l oː ə
anføres	a n f øː r ə s
arbejdsgivere	a r b a j d s ɡ iː v ə r ə
ash	a s j
aye	a j ə
balle	b a l ə
bassin	b a s iː n
begreberne	b e ɡ r eː b ə r n ə
bekvemt	b e k v ɛ m t
bizarre	b i s a r ə
boble	b oː b l ə
brenda	b r ɛ n d a
busserne	b u s ə r n ə
card	k a r d
carson	k a r s oː n
censor	s ɛ n s ɔ r
circle	s i r k l ə
congo	k ɔ n ɡ o
corporation	k ɔ r p o r a ɕ oˀ n
coveret	k ɔ v ə r ɛ t
dat	d a t
diplom	d i p l ɔ m
direktører	d i r ɛ k t øː r ə r
donation	d o n a ɕ oˀ n
enkeltpersoner	ɛ n k ə l t p ɛ r s oː n ə r
enter	ɛ n t ə r
federe	f eː d ə r ə
fedest	f eː ð ə s t
folkeslag	f ɔ l k ə s l aː ɣ
forhandlere	f ɔ r h a n l eː r ə
forårs	f ɔ r ɔ r s
frankie	f r a n k i ə
frøene	f r øː ə n ə
gangene	ɡ a n ɡ ə n ə
gennemslagskraft	ɡ ɛ n ə m s l aː ɣ s k r a f t
glødende	ɡ l øː ð ə n ə
grete	ɡ r eː t ə
greven	ɡ r eː v ə n
hyppigst	h y p i s t
hætte	h ɛ t ə
hørende	h øː r ə n ə
indkalde	e n k a l ə
indkørslen	e n k ø r s l ə n
intime	e n t iː m ə
ivrigt	i v r e k t
kapsel	k a p s ə l
kato	k a t o
keld	k ɛ lˀ
kiosk	k i ɔ s k
kirurgiske	k i r u r ɡ i s k ə
klienten	k l i ɛ n t ə n
knyttede	k n ø t ə ð ə
koble	k oː b l ə
kravlede	k r a v l eː ð ə
landsmøde	l a n s m øː ð ə
levi	l e v iː
læberne	l ɛː b ə r n ə
læk	l ɛ k
lækket	l ɛ k ə ð
marlene	m a r l eː n ə
mate	m aː t ə
menig	m eː n i
merry	m ɛ r i
niki	n i k i
oneplus	oː n ə p l uː s
opereres	ɔ p ə r eː r ə s
opfattelser	ɔ p f a t ə l s ə r
oplært	ɔ p l ɛ r t
oste	ɔ s t ə
overlegne	ɔ v ə r l a j n ə
pennen	p ɛ n ə n
picasso	p i k a s o
pippi	p i p i
plat	p l a t
puds	p u s
puslespil	p u s l ə s p iː l
påbegynder	p ɔː b ə ɡ ø n ə r
ragnar	r a v n a r
remy	r e m yː
ripper	r e p ə r
skytter	s k ø t ə r
skønnes	s k œ n ə s
sluger	s l uː ə r
slør	s l øːˀ r
sommertid	s ɔ m ə r t i ðˀ
speak	s p iː k
spekulere	s p e k u l eː r ə
spiral	s p i r aː l
spole	s p oː l ə
sportsdirektør	s p ɔ r t s d i r ɛ k t øː r
statistikker	s t a t i s t e k ə r
suv	s uːˀ v
sydvestlige	s y ð v ɛ s t l i ə
sydøstlige	s y d ø s t l i ə
sømænd	s ø m ɛ n d
takter	t a k t ə r
technology	t ɛ k n o l o ɡ yː
transformation	t r a n s f ɔ r m a ɕ oˀ n
truck	t r o k
tys	t yː s
ualmindelig	u a l m e n ə l i
uddele	u d ə l ə
uss	u s
vader	v aː d ə r
vallensbæk	v a l ə n s b ɛ k
vatikanet	v a t i k a n eː t
vibrationer	v i b r a ɕ oˀ n ə r
væbnede	v ɛː b n ə ð ə
walsh	v a l s j
weber	v eː b ə r
whiskey	v i s k i
yvonne	y v ɔ n ə
administrere	a d m i n i s t r eː r ə
afrikas	a f r i k aː s
aggressivt	a ɡ r ɛ s i v t
alfabetisk	a l f a b eː t i s k
alicia	a l i s j a
altsammen	a l t s a m ə n
arbejdsindsats	a r b a j d s e n s a t s
baba	b aː b a
bagi	b aː ɡ i
bamser	b a m s ə r
bom	b ɔ m
born	b ɔ r n
bryggen	b r ø ɡ ə n
brændes	b r ɛ n ə s
citatet	s i t a t eː t
clayton	k l æ j t ɔ n
code	k oː d ə
divisionen	d i v i s j oː n ə n
druk	d r o k
dræbes	d r ɛː b ə s
dufte	d o f t ə
entré	ɛ n t r eː
erhvervsdrivende	ɛ r v ɛ r v s d r iː v ə n ə
fiktive	f e k t iː v ə
forladte	f ɔ r l a t ə
forsinke	f ɔ r s e n k ə
forvirrede	f ɔ r v i r ə ð ə
førstnævnte	f œ r s t n ɛ v n t ə
garagen	ɡ a r aː ɣ ə n
gorilla	ɡ o r i l a
göteborg	ɡ øː t ə b ɔ r ɡ
hadsten	h a s t ə n
hertha	h ɛ r t h a
huggede	h o ɡ ə ð ə
hæld	h ɛ lˀ
indstillede	e n s t e l ə ð ə
installatør	e n s t a l a t øː r
kabinet	k a b i n eː t
kalle	k a l ə
karat	k a r aː t
kia	k iː æ
knox	k n ɔ k s
kommunist	k ɔ m u n i s t
kostbare	k ɔ s t b aː r ə
kraftfulde	k r a f t f u l ə
krumme	k r o m ə
labyrint	l a b y r e n t
lammet	l a m ə ð
lejebolig	l a j ə b oː l i
lens	l ɛ n s
ligene	l iː ə n ə
limousine	l i m u s iː n ə
loke	l oː k ə
lænker	l ɛ n k ə r
mango	m a n ɡ o
marienlyst	m a r i ə n l ø s t
massa	m a s a
meddelelsen	m ɛ ð ə l ɛ l s ə n
mekanismer	m e k a n i s m ə r
metaller	m e t a l ə r
modvind	m o ð v e n d
mægtigste	m ɛ ɡ t i s t ə
nigel	n iː ə l
nisser	n i s ə r
nærer	n ɛː r ə r
opfyldte	ɔ p f y l t ə
overborgmester	ɔ v ə r b ɔ r m ɛ s t ə r
overtages	ɔ v ə r t aː ɣ ə s
paradoks	p a r a d ɔ k s
pigens	p iː ə n s
portefølje	p ɔ r t ə f ø l j ə
privacy	p r i v a s iː
psykopater	s y k o p aː t ə r
påvise	p ɔ v iː s ə
quentin	k w ɛ n t iː n
registreres	r ɛ ɡ i s t r eː r ə s
remis	r e m iː s
replikker	r e p l e k ə r
rifbjerg	r i f b j ɛ r ɣ
salonen	s a l oː n ə n
sammensværgelse	s a m ə n s v ɛ r ɣ ə l s ə
skallen	s k a l ə n
skibby	s k i b i
skytten	s k ø t ə n
smertefuldt	s m ɛ r t ə f u l t
spejderne	s p a j d ə r n ə
spidskandidat	s p i d s k a n d i d aː t
staver	s t aː v ə r
styreform	s t yː r ə f ɔ r m
supreme	s u p r eː m ə
syndebuk	s ø n ə b o k
sælgende	s ɛ l j ə n ə
talentfuld	t a l ɛ n t f u l d
templer	t ɛ m p l ə r
tex	t ɛ k s
transaktioner	t r a n s a k s j oː n ə r
trænes	t r ɛː n ə s
tænkelige	t ɛ n k ə l i ə
udlån	u d l ɔː n
utilstrækkelig	u t i l s t r ɛ k ə l i
vuggestuen	v o ɡ ə s t uː ə n
wan	v a n
ya	j a
ynder	ø n ə r
ældgamle	ɛ l ɡ a m l ə
aflyste	a f l ø s t ə
alvin	a l v iː n
anskaffe	a n s k a f ə
anså	a n s ɔ
arbejdspladserne	a r b a j d s p l a s ə r n ə
att	a t
bestikkelse	b e s t e k ə l s ə
billetten	b i l ɛ t ə n
borup	b o r u p
bunken	b o n k ə n
casey	k a s i
cathrine	k a t r iː n ə
cha	s j a
chief	s j iː f
compilation	k ɔ m p i l a ɕ oˀ n
cubanske	k u b aː n s k ə
dab	d aː b
diplomatiske	d i p l o m aː t i s k ə
domstole	d ɔ m s t oː l ə
duck	d o k
dynamics	d y n a m i k s
egedal	eː ɡ ə d aː l
egyptiske	e ɡ y p t i s k ə
enzymer	ɛ n s yː m ə r
fax	f a k s
flores	f l oː r ə s
follow	f ɔ l ɔ w
foreslåede	f ɔ r ə s l ɔː ə ð ə
formation	f ɔ r m a ɕ oˀ n
fraser	f r aː s ə r
gerningsmænd	ɡ ɛ r n e n ɡ s m ɛ n d
granny	ɡ r a n i
græskar	ɡ r ɛ s k a r
hjemmehørende	j ɛ m ə h øː r ə n ə
homoseksualitet	h o m o s ɛ k s u a l i t eː t
hoster	h ɔ s t ə r
hælene	h ɛː l ə n ə
industriens	e n d u s t r i ɛ n s
invitationer	e n v i t a ɕ oˀ n ə r
jaa	j aː
jessie	j ɛ s i ə
khader	k aː d ə r
klappede	k l a p ə ð ə
koen	k oː ə n
koncernens	k ɔ n s ɛ r n ɛ n s
konstaterede	k ɔ n s t a t eː r ə ð ə
kølig	k øː l i
linse	l e n s ə
lovene	l ɔ v ə n ə
massakre	m a s a k r ə
matador	m a t a d oː r
mina	m iː n a
mira	m iː r a
mislykkes	m i s l ø k ə s
mouse	m uː s ə
målestok	m ɔː l ə s t ɔ k
opdagelser	ɔ p d aː ɣ ə l s ə r
optrådt	ɔ p t r ɔ t
oversættes	ɔ v ə r s ɛ t ə s
pale	p aː l ə
parallel	p a r a l ɛ l
pingvin	p e n ɡ v iː n
pragtfuld	p r a k t f u l d
professional	p r o f ɛ s j o n aː l
reaktionen	r e a k s j oː n ə n
rettens	r ɛ t ə n s
rie	r iː ə
rouge	r uː ə
runden	r o n ə n
samarbejdede	s a m a r b a j d ə ð ə
samledes	s a m l eː ð ə s
sektorer	s ɛ k t oː r ə r
sensation	s ɛ n s a ɕ oˀ n
shadow	ɕ a d ɔ w
skrammel	s k r a m ə l
skriftligt	s k r e f t l i t
skue	s k uː ə
soldaten	s ɔ l d aː t ə n
somaliske	s o m aː l i s k ə
somre	s ɔ m r ə
sprogbrug	s p r ɔ v b r uːˀ
styrt	s t y r t
stærkest	s t ɛ r k ə s t
sundheds	s o n h e s
syngende	s ø n ɡ ə n ə
tandpleje	t a n p l a j ə
tastatur	t a s t a t uː r
velskrevet	v ɛ l s k r eː v ə ð
vinker	v e n k ə r
værne	v ɛ r n ə
whitney	v i t n i
yacht	j a x t
ypperste	ø p ə r s t ə
act	a k t
affærer	a f ɛː r ə r
afvikle	a f v e k l ə
albue	a l b uː ə
ambassaden	a m b a s aː d ə n
angels	a n ɡ ə l s
arken	a r k ə n
artist	a r t i s t
asken	a s k ə n
bagge	b a ɡ ə
barriere	b a r i eː r ə
befrielse	b e f r iː ə l s ə
beholdere	b e h ɔ l d eː r ə
beror	b e r oː r
bert	b ɛ r t
besvarede	b e s v aː r ə ð ə
besværlige	b e s v ɛ r l i ə
billetterne	b i l ɛ t ə r n ə
bindes	b e n ə s
blidt	b l i t
boldklubs	b ɔ l k l u b s
bone	b oː n ə
bronx	b r ɔ n k s
bys	b yː s
byt	b y t
bænke	b ɛ n k ə
cecil	s e s iː l
diskrete	d i s k r eː t ə
done	d oː n ə
dåser	d ɔː s ə r
elbil	ɛ l b iː l
etablerer	e t a b l eː r ə r
fastsætte	f a s t s ɛ t ə
festivaler	f ɛ s t i v aː l ə r
filosofien	f i l o s o f iː ə n
finansieres	f i n a n s j eː r ə s
flader	f l aː d ə r
flov	f l ɔ v
flådens	f l ɔː ð ə n s
forekomsten	f ɔ r ə k ɔ m s t ə n
forgænger	f ɔ r ɡ ɛ n ɡ ə r
fremført	f r ɛ m f œ r t
fut	f u t
føden	f øː ð ə n
genererer	ɡ e n ə r eː r ə r
gengive	ɡ ɛ n ɡ iː v ə
givent	ɡ i v ɛ n t
grafer	ɡ r aː f ə r
gæs	ɡ ɛː s
hammel	h a m ə l
helmer	h ɛ l m ə r
henvendelse	h ɛ n v ɛ n ə l s ə
hjemlandet	j ɛ m l a n ə ð
hjernens	j ɛ r n ə n s
hjerneskade	j ɛ r n ə s k aː d ə
holiday	h o l i d æ j
hook	h oː k
horse	h ɔ r s ə
humoristiske	h u m o r i s t i s k ə
husmor	h u s m oː r
højrefløj	h ø j r ə f l ø j
højskolen	h ø j s k oː l ə n
isabelle	i s a b ɛ l ə
johann	j o h a n
jubel	j uː b ə l
kablet	k a b l ɛ t
kamilla	k a m i l a
kk	k a k a
klimaanlæg	k l i m aː n l ɛ ɡ
klinger	k l e n ɡ ə r
konkluderer	k ɔ n k l u d eː r ə r
kortlægge	k ɔ r t l ɛ ɡ ə
lagret	l a ɣ r ɛ t
lejesoldater	l a j ə s ɔ l d aː t ə r
listet	l e s t ə ð
logistik	l o ɡ i s t i k
lægemiddelstyrelsen	l ɛː ɣ ə m i d ə l s t yː r ə l s ə n
malere	m a l eː r ə
mappen	m a p ə n
mass	m a s
medhjælper	m e ð j ɛ l p ə r
moser	m oː s ə r
ng	ɛ n ɡ
noa	n oː a
nøglerne	n ø j l ə r n ə
obligatoriske	ɔ b l i ɡ a t oː r i s k ə
olier	o l j ə r
ovenover	ɔ v ə n ɔ v ə r
overflader	ɔ v ə r f l aː d ə r
pair	p ɛ r
pensionen	p a n s j oː n ə n
plasma	p l a s m a
police	p o l iː s ə
pollen	p ɔ l ə n
praktikplads	p r a k t e k p l a s
påståede	p ɔ s t ɔː ə ð ə
rem	r ɛ mˀ
rift	r e f t
rækkehuse	r ɛ k ə h uː s ə
rødekro	r øː ð ə k r oː
røst	r ø s t
salto	s a l t o
sandsynlige	s a n s yː n l i ə
sangere	s a n ɡ eː r ə
saul	s a vˀ l
skoen	s k oː ə n
skolestart	s k oː l ə s t a r t
skrige	s k r iː ə
sokkel	s ɔ k ə l
spektakulære	s p ɛ k t a k u l ɛː r ə
spyt	s p y t
startes	s t a r t ə s
stu	s t uːˀ
stumper	s t o m p ə r
svampen	s v a m p ə n
svovl	s v ɔ vˀ l
sygehusene	s yː ə h uː s ə n ə
sært	s ɛ r t
talere	t a l eː r ə
tolkes	t ɔ l k ə s
tree	t r eː ə
trodser	t r ɔ s ə r
udslæt	u d s l ɛ t
veksler	v ɛ k s l ə r
våbnene	v ɔː b n ə n ə
værtshus	v ɛ r t s h uː s
øverstbefalende	øː v ə r s t b e f aː l ə n ə
adler	a d l ə r
afbrydes	a f b r yː ð ə s
afholdte	a f h ɔ l t ə
aktionen	a k s j oː n ə n
alperne	a l p ə r n ə
arc	a r k
archer	a r s j ə r
argumenterer	a r ɡ u m ɛ n t eː r ə r
atlanten	a t l a n t ə n
attraktive	a t r a k t iː v ə
barber	b a r b ə r
baser	b aː s ə r
beherske	b e h ɛ r s k ə
berry	b ɛ r i
bonden	b o n ə n
brønden	b r œ n ə n
buen	b uː ə n
bule	b uː l ə
byggeplads	b y ɡ ə p l a s
challenger	s j a l ɛ n ɡ ə r
connecticut	k ɔ n ɛ k t i k u t
coronavirus	k o r o n a v iː r u s
dansende	d a n s ə n ə
diskotek	d i s k o t ɛ k
diæt	d i ɛ t
domæner	d o m ɛː n ə r
feminist	f e m i n i s t
flor	f l oːˀ r
folkedrab	f ɔ l k ə d r aː b
frekvensen	f r ɛ k v ɛ n s ə n
fremhævede	f r ɛ m h ɛː v ə ð ə
friskoler	f r e s k oː l ə r
fyres	f yː r ə s
følsomt	f ø l s ɔ m t
gamer	ɡ aː m ə r
gardner	ɡ a r d n ə r
gnaven	ɡ n aː v ə n
graf	ɡ r aː f
herrerne	h ɛ r ə r n ə
himmelsk	h e m ə l s k
hjælpsom	j ɛ l p s ɔ m
hofte	h ɔ f t ə
humanitære	h u m a n i t ɛː r ə
ih	iː
imponerer	e m p o n eː r ə r
indebar	e n ə b a r
indvandrer	e n v a n d r ə r
indvendige	e n v ɛ n d i ə
inficerede	e n f i s eː r ə ð ə
kampsport	k a m p s p ɔ r t
kanonen	k a n oː n ə n
kapaciteten	k a p a s i t eː t ə n
klods	k l ɔ s
kolonier	k o l o n iː ə r
komma	k ɔ m a
kristine	k r i s t iː n ə
kærlige	k ɛ r l i ə
landsbyerne	l a n s b yː ə r n ə
langtfra	l a n ɡ t f r a
larver	l a r v ə r
lid	l i ð
limited	l i m i t eː d
lindre	l e n d r ə
linser	l e n s ə r
luge	l uː ə
maleren	m a l eː r ə n
manøvre	m a n ø v r ə
merchandise	m ɛ r s j a n d iː s ə
mid	m i ð
moralen	m o r aː l ə n
naturtyper	n a t u r t yː p ə r
nybegynder	n yː b ə ɡ ø n ə r
nylige	n yː l i ə
olga	ɔ l ɡ a
operatør	ɔ p ə r a t øː r
opløse	ɔ p l øː s ə
opspore	ɔ p s p oː r ə
opstandelse	ɔ p s t a n ə l s ə
oversættelsen	ɔ v ə r s ɛ t ə l s ə n
paolo	p a o l o
paraply	p a r a p l yː
parkens	p a r k ə n s
patroner	p a t r oː n ə r
petit	p e t i t
piges	p iː ə s
plakaten	p l a k aː t ə n
plaster	p l a s t ə r
prægtige	p r ɛ ɡ t i ə
rate	r aː t ə
reply	r e p l yː
robotten	r o b ɔ t ə n
rådyr	r ɔ d yː r
sjællandske	s j ɛ l a n s k ə
skede	s k eː ð ə
skelner	s k ɛ l n ə r
skænderier	s k ɛ n ə r iː ə r
stammede	s t a m ə ð ə
starbucks	s t a r b o k s
staterne	s t a t ə r n ə
steiner	s t a j n ə r
stormer	s t ɔ r m ə r
streame	s t r eː m ə
taknemmelige	t a k n ɛ m ə l i ə
telte	t ɛ l t ə
tidslinje	t i d s l e n j ə
tilhørt	t e l h ø r t
tilpassede	t e l p a s ə ð ə
towers	t ɔ w ə r s
tuberkulose	t uː b ə r k u l oː s ə
tvivlsomme	t v i v l s ɔ m ə
tørke	t œ r k ə
ukorrekt	u k ɔ r ɛ k t
ungarske	ɔ n ɡ a r s k ə
vandrette	v a n d r ɛ t ə
vandværk	v a n v ɛ r k
vanskeligere	v a n s k ə l i ɡ eː r ə
vaskes	v a s k ə s
vasketøj	v a s k ə t ø j
vindes	v e n ə s
våbenhvilen	v ɔː b ə n v iː l ə n
aggression	a ɡ r ɛ s j oː n
arbejderklassen	a r b a j d ə r k l a s ə n
begrænses	b e ɡ r ɛ n s ə s
besidde	b e s i d ə
bevægelige	b e v ɛː ɡ ə l i ə
blide	b l iː ð ə
blomstrede	b l ɔ m s t r eː ð ə
blødere	b l øː d ə r ə
bones	b oː n ə s
bullshit	b u l s h i t
bunder	b o n ə r
cecilia	s e s i l j a
christie	k r e s t j ə
clive	k l iː v ə
cockpittet	k ɔ k p e t ə t
definerede	d e f i n eː r ə ð ə
digteren	d e k t eː r ə n
edison	e d i s oː n
eksplosioner	ɛ k s p l o s j oː n ə r
englen	ɛ n ɡ l ə n
erhvervede	ɛ r v ɛ r v ə ð ə
forekom	f ɔ r ə k ɔ m
forfremmelse	f ɔ r f r ɛ m ə l s ə
frispark	f r e s p a r k
gladere	ɡ l a d eː r ə
grotten	ɡ r ɔ t ə n
hamar	h a m a r
helikopteren	h e l i k ɔ p t eː r ə n
herskende	h ɛ r s k ɛ n ə
hoften	h ɔ f t ə n
hustruer	h u s t r uː ə r
hæle	h ɛː l ə
indbydelse	e n b yː d ə l s ə
indspille	e n s p e l ə
jerome	j ɛ r oː m ə
jurister	j u r i s t ə r
killer	k i l ə r
kilometers	k i l o m eː t ə r s
klasses	k l a s ə s
knock	k n ɔ k
kreta	k r e t a
kuglerne	k uː l ə r n ə
kurver	k o r v ə r
kvæstet	k v ɛ s t ə ð
kæmpestort	k ɛ m p ə s t ɔ r t
lamar	l a m a r
lugtede	l o k t ə ð ə
løgstør	l ø j s t øː r
mekka	m ɛ k a
meldes	m ɛ l ə s
milk	m e l k
mink	m e n k
muffin	m u f iː n
mundtlige	m o n t l i ə
myers	m yː ə r s
nazister	n a s i s t ə r
nålen	n ɔː l ə n
okt	ɔ k t
opslaget	ɔ p s l aː ɣ ə ð
orkestret	ɔ r k ə s t r ɛ t
overse	ɔ v ə r s ə
paller	p a l ə r
pamela	p a m eː l a
pikke	p e k ə
pligten	p l e k t ə n
pragt	p r a k t
professoren	p r o f ɛ s oː r ə n
prutter	p r u t ə r
regiment	r ɛ ɡ i m ɛ n t
regulær	r ɛ ɡ u l ɛː r
rens	r ɛ n s
rhodes	r h oː ð ə s
rytteren	r ø t ə r ə n
råstoffer	r ɔ s t ɔ f ə r
samarbejdspartnere	s a m a r b a j d s p a r t n eː r ə
sik	s e k
skaldyr	s k a l d yː r
skare	s k aː r ə
skinny	s k i n i
skiven	s k iː v ə n
skolelærer	s k oː l ə l ɛː r ə r
snuppe	s n o p ə
solidarisk	s o l i d aː r i s k
sparre	s p a r ə
spædbørn	s p ɛ d b œ r n
steelers	s t eː l ə r s
suget	s uː ə ð
sørme	s œ r m ə
tara	t a r a
tavler	t a v l ə r
tegl	t a jˀ l
terminalen	t ɛ r m i n aː l ə n
tillægges	t e l ɛ ɡ ə s
tilpasser	t e l p a s ə r
tours	t uː r s
tredobbelt	t r e d ɔ b ə l t
trådløse	t r ɔ d l øː s ə
tydeligere	t yː d ə l i ɡ eː r ə
uduelig	u d uː ə l i
uegnet	u a j n ə ð
vinkede	v e n k ə ð ə
vogel	v ɔː ɣ ə l
værdierne	v ɛ r d j ə r n ə
wrong	v r ɔ n ɡ
würtz	v y r t s
årstider	ɔ r s t iː d ə r
anger	a n ɡ ə r
arktiske	a r k t i s k ə
arrest	a r ə s t
assist	a s i s t
ave	aː v ə
bannere	b a n eː r ə
beirut	b a j r u t
bekender	b e k ɛ n ə r
belaster	b e l a s t ə r
beskyttelsen	b e s k ø t ə l s ə n
bestanden	b e s t a n ə n
betaget	b e t aː ɣ ə ð
betegne	b e t a j n ə
blinkende	b l e n k ə n ə
caféer	k a f eː ə r
close	k l oː s ə
collection	k ɔ l ɛ k s j oː n
corona	k o r oː n a
della	d ɛ l a
dof	d ɔ f
elbæk	ɛ l b ɛ k
fjerneste	f j ɛ r n ə s t ə
forlængede	f ɔ r l ɛ n ɡ ə ð ə
foroven	f ɔ r ɔ vˀ ə n
forskrækket	f ɔ r s k r ɛ k ə ð
fortaler	f ɔ r t aː l ə r
forvalter	f ɔ r v a l t ə r
frandsen	f r a n s ə n
garde	ɡ a r d ə
gense	ɡ ɛ n s ə
grimm	ɡ r e m
gyldige	ɡ y l d i ə
hevet	h eː v ə ð
hilste	h i l s t ə
horizon	h o r i s oː n
højrefløjen	h ø j r ə f l ø j ə n
indgriben	e n ɡ r iː b ə n
internettets	e n t ə r n ɛ t ə t s
invitationen	e n v i t a ɕ oˀ n ə n
jessen	j ɛ s ə n
joanna	j o a n a
kirby	k i r b yː
komitéen	k o m i t eː ə n
konvention	k ɔ n v ɛ n s j oː n
kortvarig	k ɔ r t v aː r i
kulturhistoriske	k u l t u r h i s t oː r i s k ə
landdistrikterne	l a n d i s t r e k t ə r n ə
ledede	l eː ð ə ð ə
leigh	l a jˀ
malerisk	m a l eː r i s k
mandarin	m a n d a r iː n
middelalder	m i d ə l a l ə r
minimere	m i n i m eː r ə
missilet	m i s i l eː t
modstanderne	m o ð s t a n ə r n ə
moss	m ɔ s
nico	n i k o
parallelle	p a r a l ɛ l ə
patron	p a t r oː n
politimester	p o l i t i m ɛ s t ə r
politistation	p o l i t i s t a ɕ oˀ n
powers	p ɔ w ə r s
producenterne	p r o d j u s ɛ n t ə r n ə
protokoller	p r o t o k ɔ l ə r
rotation	r o t a ɕ oˀ n
rumænske	r u m ɛː n s k ə
rygestop	r yː ə s t ɔ p
samsøe	s a m s øː ə
seriemorder	s e r i ə m o r d ə r
skabene	s k aː b ə n ə
skæbner	s k ɛː b n ə r
skælskør	s k ɛ l s k øː r
slaverne	s l a v ə r n ə
smilende	s m iː l ə n ə
spice	s p iː s ə
splid	s p l i ð
springet	s p r e n ɡ ə ð
startende	s t a r t ə n ə
stygge	s t y ɡ ə
tea	t eː a
transkønnede	t r a n s k œ n ə ð ə
tygge	t y ɡ ə
tyren	t yː r ə n
uddannes	u d a n ə s
udstillede	u d s t e l ə ð ə
unaturligt	u n a t uː r l i t
vagten	v a k t ə n
vestegnen	v ɛ s t a j n ə n
vestens	v ɛ s t ə n s
wang	v a n ɡ
åre	ɔː r ə
administrerer	a d m i n i s t r eː r ə r
ago	a ɡ o
antikviteter	a n t i k v i t eː t ə r
antoine	a n t o iː n ə
arver	a r v ə r
avengers	a v ɛ n ɡ ə r s
aya	a j a
bakket	b a k ə t
bale	b aː l ə
baller	b a l ə r
because	b e k oː s ə
befinde	b e f e n ə
begiver	b e ɡ iː v ə r
belyst	b e l ø s t
blokerede	b l o k ə r eː ð ə
bløder	b l øː ð ə r
bælter	b ɛ l t ə r
custom	k u s t ɔ m
ditlevsen	d i t l ɛ v s ə n
drages	d r aː ɣ ə s
dragten	d r a k t ə n
ecco	ɛ k o
edvard	e ð v a rˀ d
elin	e l iː n
folkelig	f ɔ l k ə l i
forstående	f ɔ r s t ɔː ə n ə
fortabt	f ɔ r t a p t
fuldmægtig	f u l m ɛ ɡ t i
fælden	f ɛ l ə n
gallerier	ɡ a l ə r iː ə r
gallery	ɡ a l ə r yː
gidsel	ɡ i s ə l
graders	ɡ r aː d ə r s
guden	ɡ uː d ə n
hella	h ɛ l a
henvendt	h ɛ n v ɛ n t
hustruen	h u s t r uː ə n
hyldet	h y l ə ð
idiotisk	i d i oː t i s k
ignorerede	i n o r eː r ə ð ə
indflydelsesrige	e n f l yː d ə l s ə s r iː ə
indstil	e n s t eː l
indstilles	e n s t e l ə s
indtræffer	e n t r ɛ f ə r
infektionen	e n f ɛ k s j oː n ə n
inkluderede	e n k l u d eː r ə ð ə
intervaller	e n t ə r v a l ə r
invadere	e n v a d eː r ə
jackpot	j a k p ɔ t
kendetegner	k ɛ n ə t a j n ə r
kiss	k i s
knyttes	k n ø t ə s
konkurrerende	k ɔ n k u r eː r ə n ə
kosten	k ɔ s t ə n
krigsførelse	k r iː s f øː r ə l s ə
lambert	l a m b ə r t
litterær	l i t ə r ɛː r
låste	l ɔ s t ə
mack	m a k
mamma	m a m a
mangfoldige	m a n ɡ f ɔ l d i ə
martini	m a r t i n iː
massakren	m a s a k r ə n
mclaren	m k l aː r ə n
misundelse	m i s o n ə l s ə
nikki	n e k i
niko	n i k o
optimal	ɔ p t i m aː l
organisatoriske	ɔ r ɡ a n i s a t oː r i s k ə
picnic	p i k n i k
prestigefyldte	p r ɛ s t i ə f y l t ə
psykologen	s y k o l oː ɡ ə n
puma	p uː m a
punch	p o n s j
racistiske	r a s i s t i s k ə
raketten	r a k ɛ t ə n
ranger	r a n ɡ ə r
realisme	r e a l i s m ə
reception	r ɛ s ɛ p s j oː n
reflekterer	r ɛ f l ɛ k t eː r ə r
reservation	r ɛ s ɛ r v a ɕ oˀ n
rigdomme	r iː d ɔ m ə
salsa	s a l s a
share	s j aː r ə
sing	s e n ɡ
skinnerne	s k e n ə r n ə
skrabe	s k r aː b ə
spasser	s p a s ə r
spirit	s p i r i t
spæde	s p ɛː ð ə
stimulere	s t i m u l eː r ə
stjerneskud	s t j ɛ r n ə s k u ð
strafbart	s t r a f b a r t
svanen	s v aː n ə n
tasterne	t a s t ə r n ə
tilføres	t e l f øː r ə s
tiltalende	t e l t aː l ə n ə
tolke	t ɔ l k ə
toms	t ɔ m s
trafikulykke	t r a f i k u l ø k ə
trolddom	t r ɔ l d ɔ m
trækfugle	t r ɛ k f uː l ə
trøste	t r ø s t ə
udstedte	u d s t ɛ t ə
uskadt	u s k a t
uvejr	u v a jˀ r
uvildig	u v i l d i
veksle	v ɛ k s l ə
vildere	v i l ə r ə
virum	v iː r ɔ m
værktøjet	v ɛ r k t ø j ə ð
walking	v a l k e n ɡ
zu	s uːˀ
åbenlys	ɔː b ə n l yː s
årsværk	ɔ r s v ɛ r k
årtiers	ɔ r t j ə r s
æret	ɛː r ə ð
øllet	ø l ə ð
adrenalin	a d r ə n a l iː n
affæren	a f ɛː r ə n
afrundet	a f r o n ə t
akse	a k s ə
akvarium	a k v aː r i ɔ m
alen	aː l ə n
aliens	a l j ɛ n s
alison	a l i s oː n
allison	a l i s oː n
angelina	a n ɡ ə l iː n a
appellere	a p ə l eː r ə
beholderen	b e h ɔ l d eː r ə n
behåret	b e h ɔː r ə ð
bjarke	b j a r k ə
boldspil	b ɔ l s p eː l
boxen	b ɔ k s ə n
brigitte	b r i ɡ i t ə
broderen	b r o d eː r ə n
brygger	b r ø ɡ ə r
byron	b y r oː n
cirkulære	s i r k u l ɛː r ə
conor	k o n oː r
cost	k ɔ s t
cotton	k ɔ t ɔ n
dani	d a n iː
danielle	d a n j ɛ l ə
dialekt	d i a l ɛ k t
drengens	d r ɛ n ɡ ə n s
drænet	d r ɛː n ə ð
dvale	d v aː l ə
dømmekraft	d œ m ə k r a f t
feng	f ɛ n ɡ
folkekirkens	f ɔ l k ə k i r k ə n s
formler	f ɔ r m l ə r
forsømte	f ɔ r s œ m t ə
fortryllende	f ɔ r t r ø l ə n ə
fravalg	f r a v a lˀ ɣ
fremskynde	f r ɛ m s k ø n ə
frugterne	f r o k t ə r n ə
fuldmåne	f u l m ɔː n ə
gestapo	ɡ e s t a p o
halo	h a l o
hjemmekamp	j ɛ m ə k a m p
hjørnerne	j œ r n ə r n ə
holden	h ɔ l ə n
holsten	h ɔ l s t ə n
hoover	h oː v ə r
humanistiske	h u m a n i s t i s k ə
hurley	h u r l i
hussein	h u s ə iː n
hvilede	v iː l ə ð ə
hyde	h yː d ə
icon	i k ɔ n
indsættelse	e n s ɛ t ə l s ə
interface	e n t ə r f aː s ə
irina	i r iː n a
jaguar	j a ɡ u aː r
jepsen	j ɛ p s ə n
josefine	j oː s ə f iː n ə
jule	j uː l ə
kapsejlads	k a p s a j l a s
kardashian	k a r d a s j aː n
kathrine	k a t r iː n ə
kitchen	k i t s j ə n
kjellerup	k j ɛ l ə r u p
kridt	k r i t
kåre	k ɔː r ə
label	l aː b ə l
lasten	l a s t ə n
lies	l iː s
linen	l iː n ə n
lundberg	l o n b ɛ r ɡ
lungekræft	l ɔ ŋ ə k r ɛ f t
lysene	l yː s ə n ə
lønnet	l œ n ə ð
macho	m a s j o
maguire	m a ɡ iː r ə
marchere	m a r s j eː r ə
margot	m a r ɡ ɔ t
matchet	m a t s j ɛ t
menige	m eː n i ə
mildere	m i l ə r ə
minna	m e n a
mødrene	m ø d r ə n ə
niall	n i a l
nikolai	n i k o l a j
nobel	n oː b ə l
noble	n oː b l ə
nys	n yː s
overdrive	ɔ v ə r d r iː v ə
pauline	p o l iː n ə
politiskolen	p o l i t i s k oː l ə n
poste	p ɔ s t ə
prioriteter	p r i o r i t eː t ə r
påbegyndes	p ɔː b ə ɡ ø n ə s
påstanden	p ɔ s t a n ə n
racist	r a s i s t
renses	r ɛ n s ə s
repertoire	r ɛ p ə r t w aː r ə
retmæssige	r ɛ t m ɛ s i ə
returnerer	r ɛ t u r n eː r ə r
rice	r iː s ə
rihanna	r i h a n a
rives	r iː v ə s
rubin	r u b iː n
rytmen	r ø t m ə n
sands	s a n s
santander	s a n t a n ə r
sexliv	s ɛ k s l iː v
sjældnere	s j ɛ l n eː r ə
skattelettelser	s k a t ə l ɛ t ə l s ə r
skorsten	s k ɔ r s t ə n
slukkede	s l o k ə ð ə
smerterne	s m ɛ r t ə r n ə
spekulationer	s p e k u l a ɕ oˀ n ə r
springvand	s p r e n ɡ v a n d
strandene	s t r a n ə n ə
stranger	s t r a n ɡ ə r
strejker	s t r a j k ə r
tilstod	t e l s t oː d
titus	t i t u s
tornado	t ɔ r n aː d o
tumblr	t o m b l r
tågen	t ɔː ɣ ə n
udtrykkes	u d t r ø k ə s
vic	v i k
værdsætte	v ɛ r s ɛ t ə
yards	j a r s
årigt	ɔ r e k t
admin	a d m iː n
adobe	a d oː b ə
afgrunden	a f ɡ r o n ə n
afsky	a f s k yː
afsæt	a f s ɛ t
aminosyrer	a m i n o s yː r ə r
anarki	a n a r k iː
anes	aː n ə s
arbejderen	a r b a j d eː r ə n
arvinger	a r v e n ɡ ə r
balkonen	b a l k oː n ə n
bavnehøj	b a v n ə h ø j
betegnelser	b e t a j n ə l s ə r
bibelske	b iː b ə l s k ə
bitterhed	b i t ə r h e ðˀ
busken	b u s k ə n
cards	k a r s
crone	k r oː n ə
dalby	d a l b yː
daphne	d a f n ə
dersom	d ɛ r s ɔ m
dominere	d o m i n eː r ə
drejes	d r a j ə s
dyrebare	d y r ə b aː r ə
dørs	d œ r s
elefanten	e l ə f a n t ə n
englene	ɛ n ɡ l eː n ə
fansene	f a n s ə n ə
forbruget	f ɔ r b r uː ə ð
forkælede	f ɔ r k ɛː l ə ð ə
fællesskaber	f ɛ l ə s s k aː b ə r
gemmes	ɡ ɛ m ə s
genstanden	ɡ ɛ n s t a n ə n
gerry	ɡ ɛ r i
gus	ɡ uː s
hei	h a jˀ
henvende	h ɛ n v ɛ n ə
his	h iː s
hårdest	h ɔ r d ə s t
imf	e m f
indikere	e n d i k eː r ə
jaja	j a j a
jubilæet	j u b i l ɛːˀ ə ð
kanye	k a n yː ə
knas	k n aː s
kolonner	k o l ɔ n ə r
kontroller	k ɔ n t r ɔ l ə r
kronprinsen	k r oː n p r ɛ n s ə n
kuppel	k o p ə l
kurator	k u r aː t ə r
ladt	l a t
lenny	l ɛ n i
ligeligt	l iː ə l i t
liker	l i k ə r
lit	l i t
livsform	l i v s f ɔ r m
mejeri	m a j ə r iː
mikroorganismer	m i k r o ɔ r ɡ a n i s m ə r
musikpris	m u s e k p r iː s
mustang	m u s t a n ɡ
optakten	ɔ p t a k t ə n
oral	o r aː l
orme	ɔ r m ə
overførslen	ɔ v ə r f œ r s l ə n
patterson	p a t ə r s oː n
provins	p r o v e n s
resident	r ɛ s i d ɛ n t
resort	r e s ɔ r t
rocker	r ɔ k ə r
route	r uː t ə
russeren	r u s eː r ə n
ræs	r ɛː s
ræven	r ɛː v ə n
salme	s a l m ə
sandsynlig	s a n s yː n l i
sangeren	s a n ɡ eː r ə n
schmeichel	s m a j s j ə l
script	s k r e p t
sibirien	s i b i r i ə n
skoles	s k oː l ə s
skrøbelig	s k r øː b ə l i
snehvide	s n eː v iː ð ə
sohn	s oː n
stauder	s t a v d ə r
stempler	s t ɛ m p l ə r
studietur	s t u d j ə t uː r
termisk	t ɛ r m i s k
tilføre	t e l f øː r ə
travle	t r a v l ə
trins	t r e n s
triumph	t r i ɔ m f
tvivle	t v i v l ə
tændes	t ɛ n ə s
tæver	t ɛː v ə r
uber	uː b ə r
ul	u l
urene	u r eː n ə
vestkyst	v ɛ s t k ø s t
værdige	v ɛ r d i ə
adopterede	a d ɔ p t eː r ə ð ə
aflæse	a f l ɛː s ə
afsætter	a f s ɛ t ə r
arkitekturen	a r k i t ɛ k t yː r ə n
arvingerne	a r v e n ɡ ə r n ə
atomer	a t oː m ə r
barack	b a r a k
begrave	b e ɡ r aː v ə
bitcoin	b i t k o iː n
bladets	b l aː d ə t s
blitz	b l e t s
boxer	b ɔ k s ə r
boyle	b ø j l ə
burma	b u r m a
carroll	k a r ɔ l
cheese	s j iː s ə
child	s j i lˀ
dash	d a s j
demente	d e m ɛ n t ə
dryppe	d r ø p ə
elskende	ɛ l s k ɛ n ə
energikilde	eː n ə r ɡ i k i l ə
englændere	ɛ n ɡ l ɛ n d ə r ə
faglært	f a ɣ l ɛ r t
fastsætter	f a s t s ɛ t ə r
fatale	f a t aː l ə
flammerne	f l a m ə r n ə
flat	f l a t
forlyder	f ɔ r l yː d ə r
formuer	f ɔ r m uː ə r
fre	f r eːˀ
fredens	f r eː ð ə n s
fremkalder	f r ɛ m k a l ə r
friste	f r e s t ə
grønsager	ɡ r œ n s aː ɡ ə r
hamlet	h a m l ə ð
hepper	h ɛ p ə r
herpes	h ɛ r p ə s
hestekræfter	h ɛ s t ə k r ɛ f t ə r
hicks	h e k s
hummer	h o m ə r
hypnose	h y p n oː s ə
hypotese	h y p o t eː s ə
hyrde	h y r d ə
håndholdt	h ɔ n h ɔ l t
håner	h ɔː n ə r
informerer	e n f ɔ r m eː r ə r
ingeborg	e n ɡ ə b ɔ r ɡ
intakte	e n t a k t ə
jenner	j ɛ n ə r
karneval	k a r n ə v aː l
katastrofale	k a t a s t r o f aː l ə
kendetegnende	k ɛ n ə t a j n ə n ə
klodens	k l oː d ə n s
kontinenter	k ɔ n t i n ɛ n t ə r
kristianstad	k r e s t j a n s t a ð
kroniske	k r oː n i s k ə
krydderi	k r y ð ə r iː
kulstof	k u l s t ɔ f
kung	k o n ɡ
kvæstelser	k v ɛ s t ə l s ə r
lester	l ɛ s t ə r
lock	l ɔ k
lori	l o r i
låsen	l ɔː s ə n
lægens	l ɛː ɣ ə n s
læren	l ɛː r ə n
løsgænger	l ø s ɡ ɛ n ɡ ə r
maximus	m a k s i m u s
mikrofonen	m i k r o f oː n ə n
nebraska	n e b r a s k a
nyrer	n yː r ə r
opkast	ɔ p k a s t
opstiller	ɔ p s t e l ə r
orkanen	ɔ r k aː n ə n
patenter	p a t ɛ n t ə r
pitt	p i t
programmere	p r o ɡ r a m eː r ə
prægede	p r ɛː ɣ ə ð ə
publikation	p u b l i k a ɕ oˀ n
påfaldende	p ɔ f a l ə n ə
range	r a n ɡ ə
resurser	r ɛ s u r s ə r
rost	r ɔ s t
rådne	r ɔ d n ə
salomon	s a l o m oː n
sangskriver	s a n ɡ s k r iː v ə r
sikrere	s e k r eː r ə
skeletter	s k e l ɛ t ə r
skoleåret	s k oː l ə ɔ r ə ð
smede	s m eː ð ə
smukfest	s m o k f ɛ s t
tacos	t a k oː s
tanja	t a n j a
totalitære	t o t a l i t ɛː r ə
trille	t r e l ə
trådene	t r ɔː ð ə n ə
tube	t uː b ə
udset	u d s ɛ t
ustabile	u s t a b iː l ə
vandløbet	v a n l øː b ə ð
vandstanden	v a n s t a n ə n
verbale	v ɛ r b aː l ə
yndigt	ø n d e ɡ t
adoption	a d ɔ p s j oː n
ads	a s
aktør	a k t øː r
aleppo	a l ɛ p o
arrestere	a r ə s t eː r ə
bambus	b a m b u s
bedømt	b e d œ m t
benævnes	b e n ɛ v n ə s
beregner	b e r a j n ə r
bestyrelser	b e s t yː r ə l s ə r
bevarelse	b e v aː r ə l s ə
børster	b œ r s t ə r
campingplads	k a m p e n ɡ p l a s
current	k u r ɛ n t
cyklede	s y k l eː ð ə
display	d i s p l æ j
doe	d oː ə
dækkende	d ɛ k ə n ə
electric	e l ɛ k t r i k
elevatoren	e l ə v a t oː r ə n
elsk	ɛ l s k
fastlægge	f a s t l ɛ ɡ ə
finanser	f i n a n s ə r
fiskede	f e s k ə ð ə
forhøjede	f ɔ r h ø j ə ð ə
forseglet	f ɔ r s a j l ə ð
forsket	f ɔ r s k ɛ t
forsæt	f ɔ r s ɛ t
frelst	f r ɛ l s t
fuldkorn	f u l k ɔ r n
garderobe	ɡ a r d ə r oː b ə
glædes	ɡ l ɛː ð ə s
hamburger	h a m b u r ɡ ə r
hole	h oː l ə
hunnen	h o n ə n
iaften	i a f t ə n
industrier	e n d u s t r iː ə r
installerede	e n s t a l eː r ə ð ə
inte	e n t ə
italian	i t a l j aː n
jenna	j ɛ n a
jong	j ɔ n ɡ
kande	k a n ə
kapitalismen	k a p i t a l i s m ə n
kommen	k ɔ m ə n
konges	k ɔ n ɡ ə s
konkurrenterne	k ɔ n k u r ə n t ɛ r n ə
kostskole	k ɔ s t s k oː l ə
kreativt	k r e a t i v t
kørslen	k ø r s l ə n
lapper	l a p ə r
laptop	l a p t ɔ p
less	l ɛ s
lidelsen	l iː ð ə l s ə n
lidenskabelig	l iː ð ə n s k aː b ə l i
lysår	l y s ɔ r
lågen	l ɔː ɣ ə n
maps	m a p s
markeres	m a r k eː r ə s
medvirkede	m e ð v e r k ə ð ə
mk	ɛ m k a
mønten	m ø n t ə n
naive	n a iː v ə
nervesystemet	n ɛ r v ə s y s t eː m ə ð
niche	n i s j ə
næsehorn	n ɛː s ə h ɔ r n
opbygger	ɔ p b ø ɡ ə r
overtagelsen	ɔ v ə r t aː ɣ ə l s ə n
pepper	p ɛ p ə r
plys	p l yː s
poetiske	p o eː t i s k ə
policy	p o l i s yː
psykoterapi	s y k o t ə r a p iː
puttede	p u t ə ð ə
rivers	r iː v ə r s
robotterne	r o b ɔ t ə r n ə
rue	r uː ə
samliv	s a m l iː v
sejlene	s a j l eː n ə
selma	s ɛ l m a
skiløb	s k i l øː b
skyldte	s k y l t ə
statskundskab	s t a t s k o n s k aː b
succeser	s u k s eː s ə r
synonym	s y n o n yː m
systemerne	s y s t ə m ɛ r n ə
sømil	s ø m iː l
tanks	t a n k s
termer	t ɛ r m ə r
tilnærmelsesvis	t e l n ɛ r m ə l s ə s v iː s
tiltaler	t e l t aː l ə r
torpedo	t ɔ r p eː d o
trane	t r aː n ə
trofæer	t r o f ɛː ə r
udryddelse	u d r ø d ə l s ə
undertrykt	o n ə r t r ø k t
vens	v ɛ n s
venskaber	v ɛ n s k aː b ə r
vermont	v ɛ r m ɔ n t
witch	v i t s j
æsken	ɛ s k ə n
øjenkontakt	ø j ə n k ɔ n t a k t
ølstykke	ø l s t ø k ə
afløse	a f l øː s ə
afspejle	a f s p a j l ə
alka	a l k a
amazon	a m a s oː n
ansigtsudtryk	a n s e k t s u d t r ø k
anspændt	a n s p ɛ n t
beatrice	b e a t r iː s ə
bleer	b l eː ə r
blindt	b l e n t
blokade	b l o k aː d ə
brikkerne	b r e k ə r n ə
burhan	b u r h aː n
burt	b u r t
cyklist	s y k l i s t
disc	d i s k
dolph	d ɔ l f
dækkene	d ɛ k ə n ə
eksistentielle	ɛ k s i s t ə n s j ɛ l ə
endeløse	ɛ n ə l øː s ə
esteban	ɛ s t ə b aː n
flokke	f l ɔ k ə
forsinkelsen	f ɔ r s e n k ə l s ə n
fortolkes	f ɔ r t ɔ l k ə s
fortrød	f ɔ r t r øː d
fotograferer	f o t o ɡ r a f eː r ə r
fremkaldt	f r ɛ m k a l t
fremsatte	f r ɛ m s a t ə
fysiologi	f y s i o l o ɡ iː
gandhi	ɡ a n h iː
gil	ɡ iː l
gilleleje	ɡ i l ə l a j ə
ginger	ɡ e n ɡ ə r
golfbane	ɡ ɔ l f b aː n ə
guitaren	ɡ i t aː r ə n
hacker	h a k ə r
hanson	h a n s ɔ n
harddisken	h a r d e s k ə n
håndteres	h ɔ n t eː r ə s
implicit	e m p l i s i t
important	e m p ɔ r t a n t
intellekt	e n t ə l ɛ k t
ivs	i vˀ s
jubler	j u b l ə r
kasino	k a s iː n o
katedralen	k a t ə d r aː l ə n
kidd	k i d
klemmer	k l ɛ m ə r
kuk	k o k
kvalifikation	k v a l i f i k a ɕ oˀ n
kår	k ɔːˀ r
lexi	l ɛ k s i
lokation	l o k a ɕ oˀ n
læner	l ɛː n ə r
lærdom	l ɛ r d ɔ m
mall	m a l
marty	m a r t yː
memorial	m e m o r i aː l
muse	m uː s ə
naser	n aː s ə r
nostalgi	n ɔ s t a l ɡ iː
nudler	n u d l ə r
nærværende	n ɛ r v ɛː r ə n ə
overhængende	ɔ v ə r h ɛ n ɡ ə n ə
pakhus	p a k h uː s
parasitter	p a r a s i t ə r
pentagon	p ɛ n t a ɡ ɔ n
pinden	p e n ə n
piske	p e s k ə
planlægges	p l a n l ɛ ɡ ə s
politibetjente	p o l i t i b e t j ɛ n t ə
portugisiske	p ɔ r t u ɡ iː s i s k ə
præsentationen	p r ɛ s ə n t a ɕ oˀ n ə n
publikums	p u b l i k ɔ m s
raoul	r a uː l
rebekka	r e b ɛ k a
reklamerer	r ɛ k l a m eː r ə r
reno	r eː n o
replik	r e p l e k
ringene	r e n ɡ ə n ə
rytmer	r ø t m ə r
sander	s a n ə r
sejrer	s a j r ə r
sektoren	s ɛ k t oː r ə n
selvsikker	s ɛ l s e k ə r
sete	s eː t ə
shelley	s j ɛ l i
sikkerhedssele	s e k ə r h e s ə l ə
simmons	s e m ɔ n s
skelnes	s k ɛ l n ə s
skywalker	s k y v a l k ə r
sladder	s l a d ə r
slikket	s l e k ə ð
sole	s oː l ə
solomon	s o l o m oː n
stafetten	s t a f ɛ t ə n
standby	s t a n b yː
stud	s t u d
stump	s t o m p
syltetøj	s y l t ə t ø j
sync	s ø n s
temple	t ɛ m p l ə
testosteron	t ɛ s t ɔ s t ə r oː n
than	t h a n
tilbøjelig	t e l b ø j ə l i
tilmeldte	t e l m ɛ l t ə
tilrettelagt	t e l r ɛ t ə l a ɡ t
troldmanden	t r ɔ l m a n ə n
udstrakt	u d s t r a k t
uformelle	u f ɔ r m ɛ l ə
ugler	uː l ə r
øvelsen	øː v ə l s ə n
abbott	a b ɔ t
aben	aː b ə n
afspejles	a f s p a j l ə s
aktieselskab	a k t iː s ə l s k aː b
appelsiner	a p ə l s iː n ə r
attraktion	a t r a k s j oː n
bizart	b i s a r t
blackjack	b l a k j a k
blege	b l a j ə
brands	b r a n s
bredeste	b r eː ð ə s t ə
brystkassen	b r ø s t k a s ə n
champ	s j a m p
checke	s j ɛ k ə
compton	k ɔ m p t ɔ n
cort	k ɔ r t
cube	k uː b ə
digtere	d e k t eː r ə
disco	d i s k o
distrikter	d i s t r e k t ə r
drabene	d r aː b ə n ə
elisa	e l iː s a
empati	ɛ m p a t iː
episk	eː p i s k
essentielle	ɛ s ə n s j ɛ l ə
fanny	f a n i
fiber	f iː b ə r
fliser	f l iː s ə r
forhandles	f ɔ r h a n l ə s
forlystelser	f ɔ r l ø s t ə l s ə r
formere	f ɔ r m eː r ə
formulere	f ɔ r m u l eː r ə
forsinker	f ɔ r s e n k ə r
för	f øːˀ r
gisp	ɡ i s p
gotta	ɡ ɔ t a
hakke	h a k ə
heights	h a j t s
helium	h eː l i ɔ m
hepatitis	h e p a t i t i s
hilst	h i l s t
hjorte	j ɔ r t ə
hore	h oː r ə
hunner	h o n ə r
hvervet	v ɛ r v ə ð
håndhæve	h ɔ n h ɛː v ə
indpas	e n p a s
indsendte	e n s ɛ n t ə
indspillede	e n s p e l ə ð ə
integrere	e n t ə ɡ r eː r ə
intimt	e n t e m t
iphones	i p h oː n ə s
joakim	j o a k iː m
julefrokosten	j uː l ə f r o k ɔ s t ə n
katastrofalt	k a t a s t r o f a l t
keep	k iː p
klaget	k l aː ɣ ə ð
koncepter	k ɔ n s ɛ p t ə r
konfrontere	k ɔ n f r ɔ n t eː r ə
korridor	k ɔ r i d ɔ r
kunnen	k o n ə n
kæmpestore	k ɛ m p ə s t oː r ə
lemon	l e m oː n
lyrik	l y r e k
mande	m a n ə
manus	m a n u s
mara	m a r a
matte	m a t ə
mutation	m u t a ɕ oˀ n
nic	n i k
nonner	n ɔ n ə r
norton	n ɔ r t ɔ n
nostalgisk	n ɔ s t a l ɡ i s k
notere	n o t eː r ə
omdannelse	ɔ m d a n ə l s ə
ophidsende	ɔ p h i d s ə n ə
overnatter	ɔ v ə r n a t ə r
patruljer	p a t r u l j ə r
persiske	p ɛ r s i s k ə
pinterest	p e n t ə r ɛ s t
planlæg	p l a n l ɛ ɡ
pops	p ɔ p s
præsidenter	p r ɛ s i d ɛ n t ə r
rabbit	r a b i t
rampe	r a m p ə
regnskov	r a j n s k ɔ v
riger	r iː ə r
ruin	r u iː n
safe	s aː f ə
savannah	s a v a n a
skjolde	s k j ɔ l ə
skræmte	s k r ɛ m t ə
skuddene	s k u d ə n ə
slugt	s l o k t
smartere	s m a r t eː r ə
souvenirs	s u v ə n iː r s
spiseforstyrrelser	s p iː s ə f ɔ r s t y r ə l s ə r
stjernetegn	s t j ɛ r n ə t a j n
stofskifte	s t ɔ f s k e f t ə
strakt	s t r a k t
strømmede	s t r œ m ə ð ə
stænger	s t ɛ n ɡ ə r
støvlerne	s t ø v l ə r n ə
sygepleje	s yː ə p l a j ə
syner	s yː n ə r
tiltrak	t e l t r a k
trænerne	t r ɛː n ə r n ə
turistattraktioner	t u r i s t a t r a k s j oː n ə r
tælles	t ɛ l ə s
ulig	uː l i
vandkanten	v a n k a n t ə n
vanilje	v a n i l j ə
varetaget	v aː r ə t aː ɣ ə ð
velvilje	v ɛ l v i l j ə
verdensberømte	v ɛ r d ə n s b e r œ m t ə
vulkanen	v o l k aː n ə n
warner	v a r n ə r
ærgrer	ɛ r ɡ r ə r
ømme	œ m ə
abbey	a b i
afskære	a f s k ɛː r ə
aktiviteten	a k t i v i t eː t ə n
albuen	a l b uː ə n
algoritmer	a l ɡ o r i t m ə r
artefakter	a r t ə f a k t ə r
belønnes	b e l œ n ə s
berit	b e r i t
beskrevne	b e s k r ɛ v n ə
bestemmelsen	b e s t ɛ m ə l s ə n
blikke	b l e k ə
brochure	b r ɔ s j uː r ə
brøler	b r øː l ə r
bumser	b o m s ə r
cadillac	k a d i l a k
danica	d a n i k a
dejen	d a j ə n
demi	d e m iː
derunder	d e r o n ə r
dirt	d i r t
dolphins	d ɔ l f e n s
draft	d r a f t
egyptisk	e ɡ y p t i s k
eksemplet	ɛ k s ɛ m p l ɛ t
fact	f a k t
fattet	f a t ə t
fattigere	f a t i ɡ eː r ə
fjernvarme	f j ɛ r n v a r m ə
flammende	f l a m ə n ə
fleksibilitet	f l ɛ k s i b i l i t eː t
forholdt	f ɔ r h ɔ l t
fragte	f r a k t ə
fuller	f u l ə r
funk	f o n k
fyrene	f yː r ə n ə
genstarte	ɡ ɛ n s t a r t ə
grisene	ɡ r iː s ə n ə
gyldigt	ɡ y l d e ɡ t
hamrer	h a m r ə r
havana	h a v aː n a
hjemrejse	j ɛ m r a j s ə
hormon	h ɔ r m ɔ n
hospitalets	h o s p i t a l ɛ t s
jaime	j a iː m ə
jakker	j a k ə r
jared	j aː r ə ð
kister	k i s t ə r
konventioner	k ɔ n v ɛ n s j oː n ə r
kramper	k r a m p ə r
krøllet	k r ø l ə ð
landbrugs	l a n b r uː s
lastbilen	l a s t b iː l ə n
leopard	l e o p a r
lima	l iː m a
luciano	l u s j aː n o
lynet	l yː n ə ð
lystrup	l y s t r u p
lærke	l ɛ r k ə
manifest	m a n i f ɛ s t
maxi	m a k s i
mayo	m a j o
miljømæssig	m i l j ø m ɛ s i
minderne	m e n ə r n ə
minuts	m i n u t s
muret	m u r ɛ t
nagel	n aː ɣ ə l
naked	n aː k ə ð
nassau	n a s a v
optiske	ɔ p t i s k ə
ovale	o v aː l ə
overskride	ɔ v ə r s k r iː ð ə
overværede	ɔ v ə r v ɛː r ə ð ə
pandora	p a n d oː r a
pb	p eː b eː
pensionister	p a n s j o n i s t ə r
pianist	p i a n i s t
pisken	p e s k ə n
praktikanter	p r a k t i k a n t ə r
praktisere	p r a k t i s eː r ə
praktiserer	p r a k t i s eː r ə r
pæle	p ɛː l ə
rifler	r i f l ə r
rollerne	r ɔ l ə r n ə
rumfærgen	r ɔ m f ɛ r ɣ ə n
sagte	s a k t ə
sart	s a r t
skandaler	s k a n d aː l ə r
skorpe	s k ɔ r p ə
skrammer	s k r a m ə r
smash	s m a s j
snert	s n ɛ r t
snoren	s n oː r ə n
snuden	s n uː d ə n
stryger	s t r yː ə r
stx	s t e k s
svensker	s v ɛ n s k ə r
svæve	s v ɛː v ə
svævende	s v ɛː v ə n ə
syr	s yː r
sække	s ɛ k ə
sættet	s ɛ t ə ð
tabeller	t a b ɛ l ə r
tilkalde	t e l k a l ə
tilladelsen	t e l a d ə l s ə n
tåstrup	t ɔ s t r u p
udlært	u d l ɛ r t
udrette	u d r ɛ t ə
udslette	u d s l ɛ t ə
undtagelsen	o n t aː ɣ ə l s ə n
universel	u n i v ɛ r s ə l
unødvendig	u n ø ð v ɛ n d i
vidnede	v i ð n ə ð ə
vintre	v e n t r ə
volume	v o l uː m ə
vældigt	v ɛ l d e ɡ t
årtusinder	ɔ r t u s e n ə r
ærede	ɛː r ə ð ə
adgangskrav	a d ɡ a n ɡ s k r aː v
altafgørende	a l t a f ɡ øː r ə n ə
amir	a m iː r
antistoffer	a n t i s t ɔ f ə r
backs	b a k s
bagte	b a k t ə
bamsen	b a m s ə n
begærer	b e ɡ ɛː r ə r
besejrer	b e s a j r ə r
besætte	b e s ɛ t ə
blankt	b l a n k t
boksere	b ɔ k s eː r ə
bourne	b uː r n ə
brendan	b r ɛ n d a n
britta	b r e t a
cafeteria	k a f ə t eː r i a
champs	s j a m p s
christ	k r e s t
dræbende	d r ɛː b ə n ə
dukken	d o k ə n
ejendomsret	a j ə n d ɔ m s r ɛ t
ekskæreste	ɛ k s k ɛː r ə s t ə
ell	ɛ l
extreme	ɛ k s t r eː m ə
facader	f a k aː d ə r
feminine	f e m i n iː n ə
forbandt	f ɔ r b a n t
forbipasserende	f ɔ r b i p a s eː r ə n ə
forsanger	f ɔ r s a n ɡ ə r
forstyrrede	f ɔ r s t y r ə ð ə
forværres	f ɔ r v ɛ r ə s
fremkommet	f r ɛ m k ɔ m ə ð
fremkomsten	f r ɛ m k ɔ m s t ə n
frugtbare	f r o k t b aː r ə
fårene	f ɔː r ə n ə
gennemførsel	ɡ ɛ n ə m f œ r s ə l
giften	ɡ i f t ə n
gorm	ɡ ɔ r m
greta	ɡ r e t a
hades	h aː d ə s
haiti	h a i t i
hjemmel	j ɛ m ə l
imo	iː m o
islams	i s l a m s
kappen	k a p ə n
karaktertræk	k a r a k t ə r t r ɛ k
katolikker	k a t o l e k ə r
kennel	k ɛ n ə l
kinden	k e n ə n
kingdom	k e n ɡ d ɔ m
kip	k i p
kirkerne	k i r k ə r n ə
klassifikation	k l a s i f i k a ɕ oˀ n
knopper	k n ɔ p ə r
koda	k oː d a
kortlagt	k ɔ r t l a ɡ t
lærredet	l ɛ r ə ð ə ð
malaria	m a l a r i a
marley	m a r l i
middelalderlige	m i d ə l a l ə r l i ə
misbruge	m i s b r uː ə
mistænker	m i s t ɛ n k ə r
moesgaard	m uː s ɡ ɔː r
muld	m u lˀ
mønsteret	m œ n s t ə r ə ð
ness	n ɛ s
nettets	n ɛ t ə t s
noterer	n o t eː r ə r
omsætter	ɔ m s ɛ t ə r
ortodokse	ɔ r t o d ɔ k s ə
pibe	p iː b ə
progressiv	p r o ɡ r ɛ s iː v
rammende	r a m ə n ə
rammstein	r a m s t a jˀ n
ramon	r a m oː n
riges	r iː ə s
rivaler	r i v aː l ə r
rug	r uːˀ
rutiner	r u t iː n ə r
ryddede	r y ð ə ð ə
salem	s aː l ə m
sense	s ɛ n s ə
skildpadder	s k i l p a d ə r
skænkede	s k ɛ n k ə ð ə
sok	s ɔ k
spontane	s p ɔ n t aː n ə
storbritanniens	s t ɔ r b r i t a n j ɛ n s
strammet	s t r a m ə ð
sug	s uːˀ
syede	s yː ð ə
tankstation	t a n k s t a ɕ oˀ n
teateret	t e a t eː r ə t
tekstil	t ɛ k s t eː l
tilpasses	t e l p a s ə s
topchef	t ɔ p s j ɛ f
transit	t r a n s i t
trav	t r a v
trier	t r iː ə r
tumor	t uː m ɔ r
tunø	t u n ø
udråbt	u d r ɔ p t
uhyret	u h yː r ə ð
uvurderlig	u v u r d ə r l i
valentin	v a l ə n t iː n
verne	v ɛ r n ə
vira	v iː r a
winnie	v e n i ə
xperia	k s p e r i a
zack	s a k
zombier	s ɔ m b iː ə r
ægtefæller	ɛ ɡ t ə f ɛ l ə r
affiliate	a f i l j aː t ə
alkoholiker	a l k o h oː l i k ə r
alonso	a l ɔ n s o
amter	a m t ə r
assisterende	a s i s t eː r ə n ə
autoriteter	a v t o r i t eː t ə r
basta	b a s t a
becker	b ɛ k ə r
beer	b eː ə r
belønne	b e l œ n ə
bestandig	b e s t a n d i
betydende	b e t yː d ə n ə
blivende	b l iː v ə n ə
blændende	b l ɛ n ə n ə
bosætte	b o s ɛ t ə
brosten	b r ɔ s t ə n
button	b u t ɔ n
bønnen	b œ n ə n
cepos	s e p oː s
dickens	d e k ə n s
enevoldsen	eː n ə v ɔ l s ə n
engen	ɛ n ɡ ə n
entusiastisk	ɛ n t u s j a s t i s k
fiskerne	f e s k ə r n ə
fjendtligt	f j ɛ n t l i t
forefindes	f ɔ r ə f e n ə s
forrådt	f ɔ r ɔ t
forskudt	f ɔ r s k u t
fortjene	f ɔ r t j eː n ə
fraktioner	f r a k s j oː n ə r
frembrud	f r ɛ m b r u ð
fuldende	f u l ə n ə
gavin	ɡ a v iː n
geneve	ɡ e n eː v ə
gengiver	ɡ ɛ n ɡ iː v ə r
grafen	ɡ r aː f ə n
grenen	ɡ r eː n ə n
hanstholm	h a n s t h ɔ l m
hattrick	h a t r e k
helsinki	h ɛ l s e n k iː
heppe	h ɛ p ə
hermann	h ɛ r m a n
hofter	h ɔ f t ə r
hædret	h ɛ d r ə ð
informerede	e n f ɔ r m eː r ə ð ə
isak	i s a k
italienere	i t a l j ə n eː r ə
jeppesen	j ɛ p ə s ə n
kapitalisme	k a p i t a l i s m ə
karamel	k a r a m ɛ l
katedral	k a t ə d r aː l
klatrer	k l a t r ə r
klippes	k l e p ə s
klode	k l oː ð ə
kærligheds	k ɛ r l i h e s
labs	l a p s
lillian	l i l j aː n
lobby	l ɔ b i
maldiverne	m a l d i v ɛ r n ə
manuskripter	m a n u s k r ɛ p t ə r
medaljen	m e d a l j ə n
mekanik	m e k a n i k
mellemste	m ɛ l ə m s t ə
membran	m ɛ m b r aː n
mimi	m iː m i
misbruger	m i s b r uː ə r
måger	m ɔː ɣ ə r
nano	n aː n o
oluf	o l u f
omslaget	ɔ m s l aː ɣ ə ð
opstilles	ɔ p s t e l ə s
overvåges	ɔ v ə r v ɔː ɣ ə s
pistolen	p i s t oː l ə n
plejecentre	p l a j ə s ɛ n t r ə
popper	p ɔ p ə r
pour	p uː r
programmører	p r o ɡ r a m øː r ə r
præstens	p r ɛ s t ə n s
påskud	p ɔ s k u ð
pærer	p ɛː r ə r
rad	r a ð
rank	r a n k
rækkerne	r ɛ k ə r n ə
sadlen	s a d l ə n
sektionen	s ɛ k s j oː n ə n
signalerer	s i n a l eː r ə r
sinclair	s e n k l ɛː r
skaldede	s k a l ə ð ə
skraldespanden	s k r a l ə s p a n ə n
slægter	s l ɛ ɡ t ə r
sløj	s l ø j
stavet	s t a v ɛ t
steppe	s t ɛ p ə
stiftelsen	s t e f t ə l s ə n
stressende	s t r ɛ s ə n ə
stribet	s t r iː b ə ð
subjektive	s u b j ɛ k t iː v ə
surprise	s u r p r iː s ə
sæsonstart	s ɛ s ɔ n s t a r t
tall	t a l
tallerkener	t a l ə r k eː n ə r
thailandsk	t a j l a n s k
tilegne	t i l a j n ə
tisser	t i s ə r
tonsvis	t ɔ n s v iː s
transportmiddel	t r a n s p ɔ r t m i d ə l
tærte	t ɛ r t ə
uartige	u a r t iː ə
ubrugelig	u b r uː ə l i
udvendig	u ð v ɛ n d i
uklare	u k l aː r ə
urimeligt	u r iː m ə l i t
venstrefløj	v ɛ n s t r ə f l ø j
vreden	v r eː ð ə n
accepteres	a k s ɛ p t eː r ə s
adoptere	a d ɔ p t eː r ə
adult	a d u l t
afsatte	a f s a t ə
aldi	a l d i
anslås	a n s l ɔː s
anstrengende	a n s t r ɛ n ɡ ə n ə
barnepige	b a r n ə p iː ə
befolket	b e f ɔ l k ə ð
begraves	b e ɡ r aː v ə s
behersker	b e h ɛ r s k ə r
beskaffenhed	b e s k a f ə n h e ðˀ
betjentene	b e t j ɛ n t ə n ə
blume	b l uː m ə
brækker	b r ɛ k ə r
brønde	b r œ n ə
cambodja	k a m b o d j a
chambers	s j a m b ə r s
cigarer	s i ɡ aː r ə r
cinema	s i n eː m a
danfoss	d a n f ɔ s
dart	d a r t
dd	d eː d eːˀ
dispensation	d i s p ɛ n s a ɕ oˀ n
dunk	d o n k
dynamic	d y n a m i k
eksperimenterede	ɛ k s p ɛ r i m ɛ n t eː r ə ð ə
eksperten	ɛ k s p ɛ r t ə n
elevatorer	e l ə v a t oː r ə r
entertainment	ɛ n t ə r t eː n m ɛ n t
erobrer	e r oː b r ə r
farrell	f a r ɛ l
farsø	f a r s øː
file	f iː l ə
finner	f e n ə r
flop	f l ɔ p
fløjten	f l ø j t ə n
formulerede	f ɔ r m u l eː r ə ð ə
fornemste	f ɔ r n ɛ m s t ə
forske	f ɔ r s k ə
forstad	f ɔ r s t a ð
forøges	f ɔ r øː j ə s
fragmenter	f r a ɣ m ɛ n t ə r
fremsætte	f r ɛ m s ɛ t ə
genskabt	ɡ ɛ n s k a p t
genstart	ɡ ɛ n s t a r t
gevind	ɡ e v e n d
gigant	ɡ i ɡ a n t
hedenske	h eː ð ə n s k ə
helliget	h ɛ l i ə ð
hingst	h e n ɡ s t
historikere	h i s t o r i k eː r ə
hola	h oː l a
hollænder	h ɔ l ɛ n ə r
hurt	h u r t
husly	h u s l yː
hyppigere	h y p i ɡ eː r ə
hæmmet	h ɛ m ə ð
ina	iː n a
inddrager	e n d r aː ɣ ə r
indtages	e n t aː ɣ ə s
islamister	i s l a m i s t ə r
islandsk	i s l a n s k
jagte	j a k t ə
jernbaner	j ɛ r n b aː n ə r
journaler	j u r n aː l ə r
jægerne	j ɛː ɣ ə r n ə
kabinettet	k a b i n ɛ t ə t
kapitalistiske	k a p i t a l i s t i s k ə
kapløb	k a p l øː b
kilderne	k i l ə r n ə
kliché	k l i s j e
klimaks	k l i m a k s
kollaps	k ɔ l a p s
kritiserede	k r i t i s eː r ə ð ə
kræften	k r ɛ f t ə n
kuponer	k u p oː n ə r
kuppet	k o p ə ð
laurent	l a v r ɛ n t
livsværk	l i v s v ɛ r k
medio	m eː d i o
memories	m e m o r i ə s
miley	m i l i
ming	m e n ɡ
mohammed	m o h a m ə ð
nolan	n o l aː n
omkommet	ɔ m k ɔ m ə ð
opbygges	ɔ p b ø ɡ ə s
opdagelsen	ɔ p d aː ɣ ə l s ə n
parts	p a r t s
patriot	p a t r i oː t
pit	p i t
planetens	p l a n ə t ɛ n s
provokere	p r o v o k eː r ə
pungen	p o n ɡ ə n
radaren	r a d aː r ə n
rønnow	r œ n ɔ w
signalere	s i n a l eː r ə
skandalen	s k a n d aː l ə n
skærpet	s k ɛ r p ə ð
spekulation	s p e k u l a ɕ oˀ n
spinkle	s p e n k l ə
spir	s p iː r
sportsgren	s p ɔ r t s ɡ r eː n
stampe	s t a m p ə
stiftelse	s t e f t ə l s ə
stivelse	s t iː v ə l s ə
sæderne	s ɛː d ə r n ə
søndage	s ø n d aː ɡ ə
tapre	t a p r ə
task	t a s k
tast	t a s t
tomrum	t ɔ m r ɔ m
toneangivende	t oː n ə a n ɡ iː v ə n ə
toto	t o t o
trange	t r a n ɡ ə
transportminister	t r a n s p ɔ r t m i n i s t ə r
trådløst	t r ɔ d l ø s t
tyranni	t y r a n iː
tyrkerne	t y r k ə r n ə
tævet	t ɛː v ə ð
udledes	u d l eː ð ə s
udnævnte	u d n ɛ v n t ə
udskiller	u d s k e l ə r
uforståeligt	u f ɔ r s t ɔː ə l i t
undertrykte	o n ə r t r ø k t ə
unionens	u n i o n ɛ n s
varemærker	v aː r ə m ɛ r k ə r
vaskede	v a s k ə ð ə
viklet	v e k l ə ð
vink	v e n k
vol	v ɔ l
vækkede	v ɛ k ə ð ə
værks	v ɛ r k s
yankee	j a n k eː ə
yuri	j uː r i
zebra	s eː b r a
æresdivisionen	ɛː r ə s d i v i s j oː n ə n
æsel	ɛː s ə l
afsender	a f s ɛ n ə r
alexandria	a l ɛ k s a n d r i a
anholdte	a n h ɔ l t ə
antennen	a n t ɛ n ə n
antenner	a n t ɛ n ə r
barnlige	b a r n l iː ə
benyttelse	b e n ø t ə l s ə
blanche	b l a n s j ə
butt	b u t
byretten	b y r ɛ t ə n
cullen	k u l ə n
damien	d a m i ə n
dampen	d a m p ə n
delfin	d ɛ l f iː n
delstaten	d ɛ l s t aː t ə n
direktoratet	d i r ɛ k t o r a t eː t
dominerede	d o m i n eː r ə ð ə
drøftet	d r œ f t ə ð
dudley	d u d l i
ekspansion	ɛ k s p a n s j oː n
elliott	ɛ l j ɔ t
essex	ɛ s ɛ k s
etienne	e t i ɛ n ə
favne	f a v n ə
fejlagtige	f a j l a ɡ t i ə
fersken	f ɛ r s k ə n
finansierer	f i n a n s j eː r ə r
flyvemaskine	f l yː v ə m a s k iː n ə
flyvetur	f l yː v ə t uː r
forbydes	f ɔ r b yː ð ə s
forlystelsespark	f ɔ r l ø s t ə l s ə s p a r k
forskeren	f ɔ r s k eː r ə n
forstyrres	f ɔ r s t y r ə s
fortolker	f ɔ r t ɔ l k ə r
fortælleren	f ɔ r t ɛ l ə r ə n
fratage	f r a t aː ɡ ə
fuglsang	f uː l s a n ɡ
gak	ɡ a k
geværer	ɡ e v ɛː r ə r
glistrup	ɡ l i s t r u p
grækere	ɡ r ɛ k ə r ə
hallucinationer	h a l u s i n a ɕ oˀ n ə r
handles	h a n l ə s
haverne	h a v ə r n ə
heder	h eː d ə r
helvedes	h ɛ l v ə ð ə s
hermes	h ɛ r m ə s
hverve	v ɛ r v ə
hældte	h ɛ l t ə
høster	h ø s t ə r
indkaldte	e n k a l t ə
iss	i s
journalen	j u r n aː l ə n
kantinen	k a n t iː n ə n
katalysator	k a t a l y s aː t ə r
klara	k l aː r a
klynger	k l ø n ɡ ə r
kneppede	k n ɛ p ə ð ə
koh	k oːˀ
kon	k ɔ n
konklusionen	k ɔ n k l u s j oː n ə n
kværn	k v ɛ r n
kæmpende	k ɛ m p ə n ə
lap	l a p
lauritz	l a v r i t s
lauritzen	l a v r i t s ə n
lokalsamfundet	l o k a l s a m f o n ə t
luger	l uː ə r
maleriske	m a l eː r i s k ə
maskin	m a s k iː n
masten	m a s t ə n
mikhail	m i k h a jˀ l
mindskes	m e n s k ə s
minimale	m i n i m aː l ə
munder	m o n ə r
murværk	m u r v ɛ r k
myndighedernes	m ø n d i h eː d ə r n ə s
omkommer	ɔ m k ɔ m ə r
opkræve	ɔ p k r ɛː v ə
organic	ɔ r ɡ a n i k
otis	o t i s
overfaldt	ɔ v ə r f a l t
overfladiske	ɔ v ə r f l aː d i s k ə
podcasten	p o d k a s t ə n
pokemon	p o k ə m oː n
postnummer	p ɔ s t n o m ə r
promise	p r o m iː s ə
påkørt	p ɔ k ø r t
qvortrup	k v ɔ r t r u p
reneste	r eː n ə s t ə
ricardo	r i k a r d o
rønde	r œ n ə
saturn	s a t uː r n
scan	s k aː n
sem	s ɛ mˀ
separation	s e p a r a ɕ oˀ n
siders	s iː d ə r s
skansen	s k a n s ə n
skeptiske	s k ɛ p t i s k ə
skikkelser	s k e k ə l s ə r
skår	s k ɔːˀ r
slettede	s l ɛ t ə ð ə
smeden	s m eː ð ə n
sox	s ɔ k s
spalte	s p a l t ə
stande	s t a n ə
stedse	s t ɛ s ə
sudan	s u d aː n
tandlæger	t a n l ɛː ɡ ə r
tha	t a
tilkaldte	t e l k a l t ə
tiltrådte	t e l t r ɔ t ə
tiltrækkes	t e l t r ɛ k ə s
togt	t ɔ k t
tolker	t ɔ l k ə r
toppede	t ɔ p ə ð ə
ventende	v ɛ n t ə n ə
vognmænd	v ɔ v n m ɛ n d
værdsatte	v ɛ r s a t ə
webb	v ɛ b
yndet	ø n ə ð
ørene	øː r ə n ə
afgrænses	a f ɡ r ɛ n s ə s
akutte	a k u t ə
alejandro	a l ə j a n d r oː
animal	a n i m aː l
baldwin	b a l v iː n
balls	b a l s
beklage	b e k l aː ɣ ə
beordrer	b e ɔ r d r ə r
besynderligt	b e s ø n ə r l i t
bibelsk	b iː b ə l s k
blæsten	b l ɛ s t ə n
boder	b oː d ə r
brummer	b r o m ə r
bubber	b o b ə r
cairo	k a j r o
chick	s j e k
chicken	s j e k ə n
ci	s iː
defensive	d e f ɛ n s iː v ə
domkirken	d ɔ m k i r k ə n
dristige	d r e s t i ə
drømmene	d r œ m ə n ə
dx	d e ɡ s
dyrs	d y r s
eksplosive	ɛ k s p l o s iː v ə
elmer	ɛ l m ə r
etter	ɛ t ə r
fang	f a n ɡ
fiktiv	f e k t iː v
fodboldbaner	f o d b ɔ l b aː n ə r
forkyndelse	f ɔ r k ø n ə l s ə
formularen	f ɔ r m u l aː r ə n
forskud	f ɔ r s k u ð
forstyrrende	f ɔ r s t y r ə n ə
forstærkes	f ɔ r s t ɛ r k ə s
fortolke	f ɔ r t ɔ l k ə
fremefter	f r e m ɛ f t ə r
gengives	ɡ ɛ n ɡ iː v ə s
gyser	ɡ yː s ə r
havs	h a vˀ s
husum	h uː s ɔ m
hæmme	h ɛ m ə
ideerne	i d eː ə r n ə
indbudt	e n b u t
instinkt	e n s t e n k t
juliette	j u l j ɛ t ə
klavs	k l a vˀ s
kongeriger	k ɔ n ɡ ə r iː ə r
kosovo	k o s oː v o
krave	k r aː v ə
kriminalassistent	k r i m i n a l a s i s t ɛ n t
kølle	k ø l ə
labrador	l a b r a d oː r
lades	l aː d ə s
landsbyens	l a n s b yː ə n s
lejere	l a j ə r ə
lips	l e p s
livsbekræftende	l i v s b e k r ɛ f t ə n ə
lyttere	l y t ə r ə
løbene	l øː b ə n ə
malone	m a l oː n ə
manipulerende	m a n i p u l eː r ə n ə
marta	m a r t a
merkur	m ɛ r k uː r
mikrofoner	m i k r o f oː n ə r
mistænkes	m i s t ɛ n k ə s
momma	m ɔ m a
mont	m ɔ n t
månedsvis	m ɔː n ə ð s v iː s
nellie	n ɛ l j ə
nikon	n i k ɔ n
novak	n o v a k
observerer	ɔ b s ɛ r v eː r ə r
opfostret	ɔ p f ɔ s t r ɛ t
oplyses	ɔ p l yː s ə s
opvarmes	ɔ p v a r m ə s
pac	p a k
paddy	p a d i
piraterne	p i r a t ɛ r n ə
platin	p l a t iː n
plutonium	p l u t oː n i ɔ m
plænen	p l ɛː n ə n
profeti	p r o f e t iː
prototypen	p r o t o t yː p ə n
pumpen	p o m p ə n
radioer	r a d j oː ə r
ritchie	r i t s j ə
sabrina	s a b r iː n a
samlere	s a m l eː r ə
skejby	s k a j b yː
skummelt	s k o m ə l t
skyen	s k yː ə n
slang	s l a n ɡ
slikkede	s l e k ə ð ə
smertefulde	s m ɛ r t ə f u l ə
sommervejr	s ɔ m ə r v a jˀ r
spanierne	s p a n j ə r n ə
steele	s t eː l ə
stemmes	s t ɛ m ə s
stenkast	s t ɛ n k a s t
strammere	s t r a m eː r ə
sundet	s o n ə ð
sune	s uː n ə
svimmel	s v e m ə l
særpræg	s ɛ r p r ɛ ɡ
tito	t i t o
trigger	t r e ɡ ə r
tunger	t o n ɡ ə r
uanede	u aː n ə ð ə
ubrugte	u b r o k t ə
udbudt	u d b u t
udstødte	u d s t ø t ə
ulækkert	u l ɛ k ə r t
undertrykkende	o n ə r t r ø k ə n ə
velfærden	v ɛ l f ɛ r d ə n
vicki	v e k i
værdigt	v ɛ r d e ɡ t
væren	v ɛː r ə n
værftet	v ɛ r f t ə ð
yndig	ø n d i
afslappende	a f s l a p ə n ə
afspille	a f s p e l ə
aksen	a k s ə n
angsten	a n ɡ s t eː n
anstændig	a n s t ɛ n d i
anvendelig	a n v ɛ n ə l i
apache	a p a s j ə
artister	a r t i s t ə r
autocamper	a v t o k a m p ə r
bassen	b a s ə n
birmingham	b i r m e n ɡ h a m
birthday	b i r t d æ j
brandet	b r a n ə ð
bukkede	b o k ə ð ə
bure	b uː r ə
cannes	k a n ə s
connor	k ɔ n ɔ r
cyber	s yː b ə r
cykelsti	s y k ə l s t iː
debattere	d e b a t eː r ə
dialogen	d i a l oː ɡ ə n
dora	d oː r a
dos	d oː s
dronninglund	d r ɔ n e n ɡ l o n d
dyrets	d y r ɛ t s
empiriske	ɛ m p iː r i s k ə
facilitere	f a s i l i t eː r ə
fam	f a m
farvestoffer	f a r v ə s t ɔ f ə r
fastlåst	f a s t l ɔ s t
fastsættes	f a s t s ɛ t ə s
flække	f l ɛ k ə
forbered	f ɔ r b eː r ə ð
forhandlede	f ɔ r h a n l eː ð ə
forruden	f ɔ r uː d ə n
forstærkede	f ɔ r s t ɛ r k ə ð ə
forærede	f ɔ r ɛː r ə ð ə
fremstod	f r ɛ m s t ɔ ð
frigør	f r i ɡ øː r
friktion	f r e k s j oː n
frits	f r e t s
fundne	f o n ə
gennemsigtig	ɡ ɛ n ə m s e ɡ t i
gerningsmændene	ɡ ɛ r n e n ɡ s m ɛ n ə n ə
guf	ɡ uː f
guider	ɡ i d ə r
guinea	ɡ i n eː a
gårdens	ɡ ɔ r d ə n s
hampshire	h a m p s h iː r ə
hovede	h oː ə ð ə
humane	h u m aː n ə
hvalsø	v a l s øː
hvisker	v e s k ə r
hypotetisk	h y p o t eː t i s k
håbefulde	h ɔː b ə f u l ə
iklædt	i k l ɛ t
imamer	i m aː m ə r
indikation	e n d i k a ɕ oˀ n
indviede	e n v iːˀ ð ə
invaderede	e n v a d eː r ə ð ə
irritation	i r i t a ɕ oˀ n
japans	j a p a n s
jernet	j ɛ r n ə ð
karup	k a r u p
klistermærke	k l e s t ə r m ɛ r k ə
knappe	k n a p ə
komfort	k ɔ m f ɔ r t
konsistens	k ɔ n s i s t ɛ n s
krabber	k r a b ə r
køreskole	k øː r ə s k oː l ə
lotteri	l ɔ t ə r iː
lykkens	l ø k ə n s
længder	l ɛ n ɡ d ə r
løbsk	l øː b s k
manér	m a n eː r
marks	m a r k s
martinez	m a r t i n eː s
medregnes	m e d r a j n ə s
middelklasse	m i d ə l k l a s ə
mikro	m i k r oː
modvilje	m o ð v i l j ə
molen	m oː l ə n
munde	m o n ə
natrium	n a t r i ɔ m
nazistiske	n a s i s t i s k ə
nævnet	n ɛ v n ə ð
omgangskreds	ɔ m ɡ a n ɡ s k r ɛ s
opererede	ɔ p ə r eː r ə ð ə
optimistiske	ɔ p t i m i s t i s k ə
osama	o s aː m a
oversæt	ɔ v ə r s ɛ t
paralympiske	p a r a l ø m p i s k ə
paranoia	p a r a n o j a
peget	p a j ə ð
penicillin	p e n i s i l iː n
prædikant	p r ɛ d i k a n t
rampen	r a m p ə n
retorisk	r e t oː r i s k
rist	r e s t
romantiker	r o m a n t i k ə r
roterer	r o t eː r ə r
runner	r o n ə r
russo	r u s o
samarbejdspartner	s a m a r b a j d s p a r t n ə r
sauna	s a v n a
sekt	s ɛ k t
sekvenser	s ɛ k v ɛ n s ə r
silent	s i l ɛ n t
silva	s e l v a
simons	s i m ɔ n s
smallere	s m a l eː r ə
smug	s m uːˀ
snuse	s n uː s ə
spærrede	s p ɛ r ə ð ə
stigen	s t iː ə n
stirrer	s t e r ə r
stolene	s t oː l ə n ə
støjende	s t ø j ə n ə
sublime	s u b l iː m ə
svækkelse	s v ɛ k ə l s ə
syren	s yː r ə n
sæler	s ɛː l ə r
tapper	t a p ə r
telefoni	t e l ə f o n iː
tjekkiske	t j ɛ k i s k ə
topkarakter	t ɔ p k a r a k t ə r
torsten	t ɔ r s t ə n
trampe	t r a m p ə
transportmidler	t r a n s p ɔ r t m i d l ə r
tribunen	t r i b uː n ə n
trofæet	t r o f ɛːˀ ə ð
udstødt	u d s t ø t
ugifte	u ɡ i f t ə
ujævn	u j ɛ vˀ n
ultimativt	u l t i m a t i v t
urimelig	u r iː m ə l i
valhalla	v a l h a l a
variabler	v a r i aː b l ə r
velsagtens	v ɛ l s a ɡ t ə n s
verde	v ɛ r d ə
verona	v ɛ r oː n a
voss	v ɔ s
ældgammel	ɛ l ɡ a m ə l
agatha	a ɡ a t h a
aktiverede	a k t i v eː r ə ð ə
alba	a l b a
aldri	a l d r iː
amelia	a m eː l j a
armé	a r m eː
artig	a r t i
avatar	a v a t a r
beige	b a j ə
bertelsen	b ɛ r t ə l s ə n
bestemmende	b e s t ɛ m ə n ə
bettina	b e t iː n a
bjælker	b j ɛ l k ə r
brændstoffer	b r ɛ n s t ɔ f ə r
bueskytter	b uː ə s k ø t ə r
cisco	s i s k o
crane	k r aː n ə
dad	d a d
danielsen	d a n i ə l s ə n
district	d i s t r e k t
djævle	d j ɛ v l ə
domino	d o m iː n o
drivende	d r iː v ə n ə
drivhusgasser	d r i v h u s ɡ a s ə r
eksplosiv	ɛ k s p l o s iː v
enedes	eː n ə ð ə s
fascination	f a s i n a ɕ oˀ n
festlige	f ɛ s t l i ə
festuge	f ɛ s t uː ə
flygtige	f l ø k t i ə
fordoble	f ɔ r d oː b l ə
forsatte	f ɔ r s a t ə
forsynes	f ɔ r s yː n ə s
fredrik	f r e d r e k
frihedens	f r i h eː d ə n s
frodo	f r oː d o
gamma	ɡ a m a
giovanni	ɡ i o v a n iː
græsser	ɡ r ɛ s ə r
hamre	h a m r ə
harmoniske	h a r m oː n i s k ə
herskere	h ɛ r s k eː r ə
himalaya	h i m a l a j a
hovedfag	h oː ə ð f æˀ j
hugger	h o ɡ ə r
hviskede	v e s k ə ð ə
hårene	h ɔː r ə n ə
ifht	i f t
importere	e m p ɔ r t eː r ə
indebære	e n ə b ɛː r ə
indfri	e n f r iːˀ
ipads	i p a s
juble	j uː b l ə
jude	j uː d ə
juno	j uː n o
kaninen	k a n iː n ə n
kegler	k a j l ə r
klasserne	k l a s ə r n ə
knapperne	k n a p ə r n ə
knut	k n u t
kommunalreformen	k ɔ m u n a l r ə f ɔ r m ə n
korsbæk	k ɔ r s b ɛ k
kræsen	k r ɛː s ə n
kvadrat	k v a d r aː t
kviste	k v e s t ə
kvæle	k v ɛː l ə
kæbe	k ɛː b ə
lalandia	l a l a n d i a
leroy	l e r ø j
linden	l e n ə n
lindhardt	l e n h a r t
låses	l ɔː s ə s
løjet	l ø j ə ð
mellemliggende	m ɛ l ə m l i ɡ ə n ə
modenhed	m oː ð ə n h e ðˀ
mourinho	m u r iː n h o
nadine	n a d iː n ə
nah	n aː
norfolk	n ɔ r f ɔ l k
nutidig	n u t iː d i
nyfødt	n y f ø t
nørreport	n œ r ə p ɔ r t
omdanner	ɔ m d a n ə r
opbyggede	ɔ p b ø ɡ ə ð ə
ophæves	ɔ p h ɛː v ə s
parks	p a r k s
pavel	p a v ɛ l
pavens	p a v ɛ n s
pesticider	p ɛ s t i s iː d ə r
pinot	p i n oː t
por	p oː r
programmør	p r o ɡ r a m øː r
promille	p r o m i l ə
regnskoven	r a j n s k ɔː v ə n
rejses	r a j s ə s
renten	r ɛ n t ə n
reparerer	r ɛ p a r eː r ə r
rolex	r o l ɛ k s
rudolph	r u d ɔ l f
rådede	r ɔː ð ə ð ə
sakura	s a k uː r a
sales	s aː l ə s
sangerinden	s a n ɡ ə r e n ə n
scores	s k oː r ə s
sele	s eː l ə
selfie	s ɛ l f iː ə
selvbiografi	s ɛ l b i o ɡ r a f iː
senatorer	s e n a t oː r ə r
serbiske	s ɛ r b i s k ə
skandinaviens	s k a n d i n a v j ɛ n s
skatteminister	s k a t ə m i n i s t ə r
slæb	s l ɛː b
smitten	s m e t ə n
solbakken	s ɔ l b a k ə n
sovsen	s ɔ v s ə n
spanden	s p a n ə n
staben	s t aː b ə n
stads	s t a s
stolede	s t oː l ə ð ə
storcenter	s t ɔ r s ɛ n t ə r
suicide	s u i s iː d ə
svækkede	s v ɛ k ə ð ə
table	t aː b l ə
thyge	t yː ə
tilfældene	t e l f ɛ l ə n ə
tillades	t e l aː d ə s
tjære	t j ɛː r ə
tordenvejr	t ɔ r d ə n v a jˀ r
troldmænd	t r ɔ l m ɛ n d
tunneller	t u n ə l ə r
tyskeren	t y s k ə r ə n
ubrugelige	u b r uː ə l i ə
uno	uː n o
utilstrækkelige	u t i l s t r ɛ k ə l i ə
vaccination	v a k s i n a ɕ oˀ n
valgret	v a l ɡ r ɛ t
ventilation	v ɛ n t i l a ɕ oˀ n
verdensbillede	v ɛ r d ə n s b e l ə ð ə
verdensmål	v ɛ r d ə n s m ɔː l
verner	v ɛ r n ə r
viva	v iː v a
vivi	v iː v i
watts	v a t s
wenger	v ɛ n ɡ ə r
wine	v iː n ə
yngler	ø n ɡ l ə r
yoko	j o k o
zoe	s oː ə
ødelæggelsen	øː ð ə l ɛ ɡ ə l s ə n
øjensynligt	ø j ə n s yː n l i t
afprøver	a f p r øː v ə r
alcatraz	a l k a t r aː s
analyserede	a n a l y s eː r ə ð ə
any	a n y
athena	a t eː n a
atomkraft	a t ɔ m k r a f t
baltiske	b a l t i s k ə
barker	b a r k ə r
bias	b i æˀ s
binære	b i n ɛː r ə
bishop	b i s h ɔ p
bønnerne	b œ n ə r n ə
civiliserede	s i v i l i s eː r ə ð ə
cod	k oː d
commons	k ɔ m ɔ n s
defensivt	d e f ɛ n s i v t
dia	d iː a
digtene	d e k t ə n ə
draco	d r a k o
dyrlægen	d y r l ɛː ɡ ə n
edwin	e d v iː n
efterskoler	ɛ f d ɐ s k oː l ə r
egoistisk	e ɡ o i s t i s k
empirisk	ɛ m p iː r i s k
forklæde	f ɔ r k l ɛː ð ə
formuen	f ɔ r m uː ə n
fortidsminder	f ɔ r t i d s m e n ə r
frihandel	f r i h a n ə l
fængslende	f ɛ n ɡ s l ɛ n ə
førstefødte	f œ r s t ə f ø t ə
galskab	ɡ a l s k aː b
gibbs	ɡ i b s
gigi	ɡ iː ɡ i
glasfiber	ɡ l a s f iː b ə r
græsplæne	ɡ r ɛ s p l ɛː n ə
gudrun	ɡ u d r uː n
havbunden	h a v b o n ə n
helms	h ɛ l m s
hjerteskærende	j ɛ r t ə s k ɛː r ə n ə
holdbar	h ɔ l b a r
hotline	h o t l iː n ə
igangsætte	i ɡ a n ɡ s ɛ t ə
iggy	i ɡ i
immigranter	e m i ɡ r a n t ə r
inddrages	e n d r aː ɣ ə s
indløse	e n l øː s ə
indstiller	e n s t e l ə r
inflationen	e n f l a ɕ oˀ n ə n
irritere	i r i t eː r ə
istandsat	i s t a n s a t
istandsættelse	i s t a n s ɛ t ə l s ə
jolle	j ɔ l ə
jomfruer	j ɔ m f r uː ə r
karrierer	k a r i eː r ə r
kofangere	k o f a n ɡ eː r ə
koppen	k ɔ p ə n
kramme	k r a m ə
kritiker	k r i t i k ə r
krokodille	k r o k o d i l ə
krokodiller	k r o k o d i l ə r
kropsdele	k r ɔ p s d eː l ə
kræftpatienter	k r ɛ f t p a s j ɛ n t ə r
laban	l a b aː n
labyrinten	l a b y r e n t ə n
latinamerika	l a t i n a m eː r i k a
livskraft	l i v s k r a f t
lokalsamfund	l o k a l s a m f o n d
lommerne	l ɔ m ə r n ə
lyng	l ø n ɡ
manageren	m a n a ɡ eː r ə n
markedsandel	m a r k ə ð s a n ə l
maskingeværer	m a s k e n ɡ ə v ɛː r ə r
merit	m e r i t
mistænkelige	m i s t ɛ n k ə l i ə
modent	m o d ɛ n t
mytteri	m y t ə r iː
navngive	n a v n ɡ iː v ə
nottingham	n ɔ t e n ɡ h a m
oplagte	ɔ p l a ɡ t ə
oplysende	ɔ p l yː s ə n ə
opsatte	ɔ p s a t ə
overdrivelse	ɔ v ə r d r iː v ə l s ə
overholdes	ɔ v ə r h ɔ l ə s
oversatte	ɔ v ə r s a t ə
polar	p o l a r
redet	r eː ð ə ð
rupert	r u p ɛ r t
rye	r yː ə
sis	s iː s
siver	s iː v ə r
smykket	s m ø k ə ð
sommerfest	s ɔ m ə r f ɛ s t
souls	s uː l s
spisestuen	s p iː s ə s t uː ə n
sprøjtede	s p r ø j t ə ð ə
spæd	s p ɛː d
stalde	s t a l ə
stenet	s t eː n ə ð
striden	s t r iː ð ə n
styles	s t yː l ə s
sydbank	s y d b a n k
sørens	s øː r ə n s
tange	t a n ɡ ə
tarmen	t a r m ə n
terrasser	t ɛ r a s ə r
tiltrådt	t e l t r ɔ t
traileren	t r a j l eː r ə n
trolden	t r ɔ l ə n
trumf	t r o m f
udlånt	u d l ɔ n t
ugyldig	u ɡ y l d i
ulf	u l f
uretfærdig	u r ɛ t f ɛ r d i
ustabilitet	u s t a b i l i t eː t
vandreture	v a n d r ə t yː r ə
varmet	v a r m ə ð
vaser	v aː s ə r
verdslige	v ɛ r s l iː ə
veste	v ɛ s t ə
vilkårligt	v e l k ɔ r l i t
viola	v i oː l a
voksent	v ɔ k s ɛ n t
vægte	v ɛ k t ə
vænner	v ɛ n ə r
were	v eː r ə
wikileaks	v i k i l eː a k s
agt	a k t
akkorder	a k ɔ r d ə r
akter	a k t ə r
allerstørste	a l ə r s t œ r s t ə
amon	a m oː n
andenplads	a n ə n p l a s
annoncere	a n ɔ n s eː r ə
antyde	a n t yː d ə
baglandet	b a ɣ l a n ə ð
befrier	b e f r iː ə r
berger	b ɛ r ɣ ə r
bertram	b ɛ r t r a m
bien	b iː ə n
bittert	b i t ə r t
blusen	b l uː s ə n
bombefly	b o m b ə f l yː
brandmænd	b r a n m ɛ n d
brovst	b r ɔ v s t
bruseren	b r u s eː r ə n
brædstrup	b r ɛ ð s t r u p
capo	k a p o
cirkulation	s i r k u l a ɕ oˀ n
cory	k o r i
cristina	k r i s t iː n a
crowley	k r ɔ w l i
dahls	d a l s
depotet	d e p o t eː t
diva	d iː v a
drypper	d r ø p ə r
dustin	d u s t iː n
eivind	a j v e n d
empatisk	ɛ m p aː t i s k
evnerne	ɛ v n ə r n ə
farbror	f a r b r oː r
fastlægger	f a s t l ɛ ɡ ə r
feje	f a j ə
foldet	f ɔ l ə ð
folke	f ɔ l k ə
forarbejdet	f ɔ r a r b a j d ə t
forbundets	f ɔ r b o n ə t s
forlovelse	f ɔ r l ɔ v ə l s ə
forveksle	f ɔ r v ɛ k s l ə
forvirre	f ɔ r v i r ə
forældreløs	f ɔ r ɛ l d r ə l øː s
fotografisk	f o t o ɡ r aː f i s k
fremkom	f r ɛ m k ɔ m
fremskaffe	f r ɛ m s k a f ə
fødevare	f øː ð ə v aː r ə
gaia	ɡ a j a
gazelle	ɡ a s ɛ l ə
gennemtænkt	ɡ ɛ n ə m t ɛ n k t
gladiator	ɡ l a d i aː t ə r
hakker	h a k ə r
hampton	h a m p t ɔ n
haster	h a s t ə r
heksene	h ɛ k s ə n ə
himmler	h e m l ə r
hung	h o n ɡ
importerede	e m p ɔ r t eː r ə ð ə
indfødt	e n f ø t
indgive	e n ɡ iː v ə
intriger	e n t r iː ə r
iskolde	i s k ɔ l ə
jah	j aː
jem	j ɛ mˀ
kabine	k a b iː n ə
kandidaten	k a n d i d aː t ə n
kendrick	k ɛ n d r e k
kirkegårde	k i r k ə ɡ ɔː r ə
konens	k o n ɛ n s
landdistrikter	l a n d i s t r e k t ə r
livsformer	l i v s f ɔ r m ə r
loco	l o k o
louisa	l u iː s a
lægers	l ɛː ɣ ə r s
marinen	m a r iː n ə n
maskot	m a s k ɔ t
mavesår	m aː v ə s ɔ r
mercer	m ɛ r s ə r
metallica	m e t a l i k a
middage	m i d aː ɡ ə
misbrugte	m i s b r o k t ə
misundelige	m i s o n ə l iː ə
multinationale	m u l t i n a ɕ o n aː l ə
nordkraft	n o r k r a f t
oldtidens	ɔ l t i d ɛ n s
omsætte	ɔ m s ɛ t ə
opfyldes	ɔ p f y l ə s
opus	o p u s
oversættere	ɔ v ə r s ɛ t ə r ə
pigenavn	p iː ə n a vˀ n
politistationen	p o l i t i s t a ɕ oˀ n ə n
prosa	p r oː s a
provokation	p r o v o k a ɕ oˀ n
pucken	p o k ə n
puk	p o k
pump	p o m p
påtrængende	p ɔ t r ɛ n ɡ ə n ə
rensede	r ɛ n s ə ð ə
rosende	r oː s ə n ə
rotere	r o t eː r ə
saigon	s a j ɡ ɔ n
schwartz	s v a r t s
selena	s e l eː n a
slade	s l aː d ə
slagteren	s l a ɡ t eː r ə n
sletten	s l ɛ t ə n
snurre	s n u r ə
speer	s p eː ə r
spisesalen	s p iː s ə s aː l ə n
stel	s t ɛ lˀ
steno	s t eː n o
stripes	s t r iː p ə s
stødende	s t øː ð ə n ə
taliban	t a l i b aː n
terminologi	t ɛ r m i n o l o ɡ iː
terrassen	t ɛ r a s ə n
tilladelser	t e l a d ə l s ə r
tilnærmelser	t e l n ɛ r m ə l s ə r
tilvækst	t e l v ɛ k s t
torp	t ɔ r p
udnævnelse	u d n ɛ v n ə l s ə
udnævnelsen	u d n ɛ v n ə l s ə n
udstilles	u d s t e l ə s
ulempen	u l ɛ m p ə n
undladt	o n l a t
universer	u n i v ɛ r s ə r
venture	v ɛ n t yː r ə
visionær	v i s j o n ɛː r
vital	v i t aː l
voldtægter	v ɔ l t ɛ ɡ t ə r
walters	v a l t ə r s
wanda	v a n d a
wong	v ɔ n ɡ
afhænge	a f h ɛ n ɡ ə
afløses	a f l øː s ə s
alhambra	a l h a m b r a
angriberen	a n ɡ r iː b ə r ə n
ansøgt	a n s ø k t
astronauter	a s t r o n a v t ə r
astronomi	a s t r o n o m iː
bambi	b a m b i
benhårdt	b eː n h ɔ r t
bibeholde	b iː b ə h ɔ l ə
brittany	b r i t a n yː
buet	b uː ə ð
bukker	b o k ə r
båndene	b ɔ n ə n ə
cop	k ɔ p
cubansk	k u b aː n s k
demokrater	d e m o k r aː t ə r
diagrammer	d i a ɡ r a m ə r
dias	d i aː s
direct	d i r ɛ k t
dirigenten	d i r i ɡ ɛ n t ə n
duellen	d u ɛ l ə n
fagområder	f a ɡ ɔ m r ɔː d ə r
fisketur	f e s k ə t uː r
flittige	f l e t i ə
forgangne	f ɔ r ɡ a n ɡ n ə
forskrifter	f ɔ r s k r e f t ə r
forældremøde	f ɔ r ɛ l d r ə m øː ð ə
fotograferede	f o t o ɡ r a f eː r ə ð ə
frier	f r iː ə r
fødselsdato	f ø s ə l s d aː t o
generøs	ɡ eː n ə r øː s
glemmes	ɡ l ɛ m ə s
hallerne	h a l ə r n ə
harpiks	h a r p e k s
hasle	h a s l ə
hjemkomsten	j ɛ m k ɔ m s t ə n
hjemsøgt	j ɛ m s ø ɡ t
hoc	h ɔ k
hv	v eːˀ
hydraulisk	h y d r a w l i s k
høstet	h ø s t ə ð
incest	e n s ɛ s t
indlejret	e n l a j r ə ð
indspark	e n s p a r k
intim	e n t iː m
jages	j aː ɣ ə s
kaas	k aː s
kolonnen	k o l ɔ n ə n
kontingent	k ɔ n t e n ɡ ɛ n t
kraftfuldt	k r a f t f u l t
kraftværker	k r a f t v ɛ r k ə r
krimier	k r i m iː ə r
lamme	l a m ə
laster	l a s t ə r
lennon	l ɛ n ɔ n
lettest	l ɛ t ə s t
lindberg	l e n b ɛ r ɣ
linsen	l e n s ə n
løverne	l ø v ə r n ə
militærets	m i l i t ɛː r ə t s
nichols	n i s j ɔ l s
number	n o m b ə r
omaha	o m a h a
opfindelsen	ɔ p f e n ə l s ə n
overkomme	ɔ v ə r k ɔ m ə
politimesteren	p o l i t i m ɛ s t eː r ə n
pote	p oː t ə
pov	p ɔ v
risengrød	r iː s ə n ɡ r øː d
sacramento	s a k r a m ɛ n t o
salvatore	s a l v a t oː r ə
sammenkomst	s a m ə n k ɔ m s t
singapores	s e n ɡ a p oː r ə s
sive	s iː v ə
sjælens	s j ɛː l ə n s
sjællandsk	s j ɛ l a n s k
skuden	s k uː d ə n
slugte	s l o k t ə
snubler	s n uː b l ə r
sous	s uː s
spekulerede	s p e k u l eː r ə ð ə
statiske	s t aː t i s k ə
svigtende	s v e k t ə n ə
symbolerne	s ø m b o l ə r n ə
tanner	t a n ə r
taster	t a s t ə r
terra	t ɛ r a
testamentet	t ɛ s t a m ɛ n t ə t
timian	t i m i æˀ n
tolden	t ɔ l ə n
tolstrup	t ɔ l s t r u p
torpedoer	t ɔ r p ə d uː ə r
trace	t r aː s ə
tri	t r iːˀ
trykken	t r ø k ə n
tænkere	t ɛ n k ə r ə
tømte	t œ m t ə
tønden	t œ n ə n
uddelte	u d ə l t ə
vandrere	v a n d r eː r ə
vands	v a n s
væbner	v ɛː b n ə r
vækster	v ɛ k s t ə r
èn	ɛ n
adios	a d i oː s
afgrænsede	a f ɡ r ɛ n s ə ð ə
afrundede	a f r o n ə ð ə
afsendt	a f s ɛ n t
afstraffelse	a f s t r a f ə l s ə
alkoholikere	a l k o h oː l i k eː r ə
anakin	a n a k iː n
andele	a n ə l ə
annullere	a n u l eː r ə
ansvarshavende	a n s v a r s h aː v ə n ə
arkæologer	a r k ɛ o l oː ɡ ə r
aw	a w
ballonen	b a l oː n ə n
barton	b a r t ɔ n
begive	b e ɡ iː v ə
bentley	b ɛ n t l i
besynderlige	b e s ø n ə r l i ə
bidder	b i d ə r
bok	b ɔ k
botaniske	b o t aː n i s k ə
brugerdefinerede	b r uː ə r d ə f i n eː r ə ð ə
brutalitet	b r u t a l i t eː t
bytur	b y t uː r
chiang	s j a n ɡ
chic	s j i k
commander	k ɔ m a n ə r
cristiano	k r i s t j aː n o
danskhed	d a n s k h e ðˀ
dekorativ	d e k o r a t iː v
depositum	d e p o s i t ɔ m
divisioner	d i v i s j oː n ə r
djurs	d j u r s
dp	d eː p eː
drikkes	d r e k ə s
dristig	d r e s t i
duet	d uː ə ð
dødsbo	d ø s b oː
dødsfaldet	d ø s f a l ə ð
eliot	e l i oː t
ensidig	ɛ n s iː d i
festivalens	f ɛ s t i v a l ɛ n s
finansierede	f i n a n s j eː r ə ð ə
fordrive	f ɔ r d r iː v ə
foreskriver	f ɔ r ə s k r iː v ə r
forgængeren	f ɔ r ɡ ɛ n ɡ ə r ə n
fornærmelse	f ɔ r n ɛ r m ə l s ə
forære	f ɔ r ɛː r ə
fuldendte	f u l ə n t ə
gandalf	ɡ a n d a l f
gets	ɡ ɛ t s
glasur	ɡ l a s uː r
hendrix	h ɛ n d r e k s
hestens	h ɛ s t ə n s
hjalmar	j a l m a r
horace	h o r aː s ə
hundens	h o n ə n s
hunnerne	h o n ə r n ə
hype	h yː p ə
hyrer	h yː r ə r
hyundai	h y o n d a j
håndlangere	h ɔ n l a n ɡ eː r ə
hærdet	h ɛ r d ə ð
idømmes	i d œ m ə s
indhentede	e n h ɛ n t ə ð ə
indikator	e n d i k aː t ə r
ing	e n ɡ
instanser	e n s t a n s ə r
jagede	j aː ɣ ə ð ə
jaguars	j a ɡ u a r s
jetfly	j ɛ t f l yː
kaiser	k a j s ə r
kanterne	k a n t ə r n ə
kaution	k a v s j oː n
kemiker	k e m i k ə r
kjeldsen	k j ɛ l s ə n
klamme	k l a m ə
klares	k l aː r ə s
klumper	k l o m p ə r
kløe	k l øː ə
kodeks	k o d ɛ k s
kommunistisk	k ɔ m u n i s t i s k
kreaturer	k r e a t yː r ə r
krummer	k r o m ə r
krøller	k r ø l ə r
kulisserne	k u l i s ə r n ə
køreplan	k øː r ə p l aː n
lafayette	l a f a j ɛ t ə
lagersalg	l aː ɣ ə r s a lˀ ɣ
lommepenge	l ɔ m ə p ɛ n ɡ ə
lydene	l yː ð ə n ə
læben	l ɛː b ə n
lækage	l ɛ k aː ɡ ə
læne	l ɛː n ə
læremester	l ɛː r ə m ɛ s t ə r
manøvrere	m a n ø v r eː r ə
marinesoldater	m a r iː n ə s ɔ l d aː t ə r
marsh	m a r s j
medfølgende	m e ð f ø l j ə n ə
mee	m eː ə
microsofts	m i k r o s ɔ f t s
mindsket	m e n s k ɛ t
misbruges	m i s b r uː ə s
mistro	m i s t r oː
muntert	m o n t ə r t
møllers	m ø l ə r s
nikotin	n i k o t iː n
nordhavn	n ɔ r h a vˀ n
omsættes	ɔ m s ɛ t ə s
opråb	ɔ p r ɔːˀ b
oralsex	o r aː l s ɛ k s
organiseres	ɔ r ɡ a n i s eː r ə s
overdragelse	ɔ v ə r d r aː ɣ ə l s ə
overdrages	ɔ v ə r d r aː ɣ ə s
peng	p ɛ n ɡ
periodiske	p e r i oː d i s k ə
plagede	p l aː ɣ ə ð ə
plantes	p l a n t ə s
ponyer	p o n yː ə r
prangende	p r a n ɡ ə n ə
pratt	p r a t
rasteplads	r a s t ə p l a s
reaper	r e aː p ə r
regnskaberne	r a j n s k aː b ə r n ə
ressourcerne	r ɛ s u r s ɛ r n ə
ridse	r i s ə
rygende	r yː ə n ə
rynker	r ø n k ə r
sams	s a m s
sandhedens	s a n h eː d ə n s
sarte	s a r t ə
sejladsen	s a j l a s ə n
sergio	s ɛ r ɡ i o
skammer	s k a m ə r
skellet	s k ɛ l ə ð
skovbrug	s k ɔ v b r uːˀ
slæde	s l ɛː ð ə
smaa	s m aː
sparks	s p a r k s
spirituskørsel	s p i r i t u s k ø r s ə l
splittede	s p l e t ə ð ə
spray	s p r æ j
spy	s p yː
stenalderen	s t e n a l d eː r ə n
sundby	s o n b yː
svækkes	s v ɛ k ə s
sw	s v eːˀ
tegnes	t a j n ə s
termiske	t ɛ r m i s k ə
tiffany	t i f a n yː
tilblivelse	t e l b l iː v ə l s ə
tilkommer	t e l k ɔ m ə r
tjekkisk	t j ɛ k i s k
tommelfingeren	t ɔ m ə l f e n ɡ eː r ə n
trommerne	t r ɔ m ə r n ə
træsko	t r ɛ s k o
tyvene	t yː v ə n ə
tænkende	t ɛ n k ə n ə
varigt	v a r e k t
verbal	v ɛ r b aː l
vogt	v ɔ k t
vous	v uː s
ærkebiskop	ɛ r k ə b i s k ɔ p
ærmer	ɛ r m ə r
økosystem	ø k o s y s t eː m
afprøvede	a f p r øː v ə ð ə
afrikanere	a f r i k a n eː r ə
amme	a m ə
amour	a m uː r
angribes	a n ɡ r iː b ə s
annoncen	a n ɔ n s ə n
antydet	a n t yː d ə ð
avi	a v iː
backstage	b a k s t aː ɡ ə
bandlyst	b a n l ø s t
bebyggelser	b e b ø ɡ ə l s ə r
beskrivende	b e s k r iː v ə n ə
beviserne	b e v iː s ə r n ə
blødende	b l øː ð ə n ə
bora	b oː r a
bosatte	b o s a t ə
briter	b r i t ə r
bryggerier	b r ø ɡ ə r iː ə r
buler	b uː l ə r
certifikat	s ɛ r t i f i k aː t
dammen	d a m ə n
deltageren	d ɛ l t a ɣ eː r ə n
destruktive	d e s t r u k t iː v ə
detailhandel	d e t a j l h a n ə l
diget	d iː ə ð
egil	e ɡ iː l
ekspedienten	ɛ k s p e d j ɛ n t ə n
emilio	e m i l j o
energiske	eː n ə r ɡ i s k ə
faner	f aː n ə r
farligere	f a r l i ɡ eː r ə
fejlet	f a j l ə ð
felterne	f ɛ l t ə r n ə
flid	f l i ð
flyveplads	f l yː v ə p l a s
folkemøde	f ɔ l k ə m øː ð ə
fordømmelse	f ɔ r d œ m ə l s ə
fornemmede	f ɔ r n ɛ m ə ð ə
forst	f ɔ r s t
forvoldt	f ɔ r v ɔ l t
fotoet	f o t oː ə ð
fældede	f ɛ l ə ð ə
ganger	ɡ a n ɡ ə r
glidende	ɡ l iː ð ə n ə
grandprix	ɡ r a n p r e k s
grille	ɡ r e l ə
guldkorn	ɡ u l k ɔ r n
hadrian	h a d r i aː n
harbour	h a r b uː r
hatt	h a t
hofterne	h ɔ f t ə r n ə
holme	h ɔ l m ə
husarrest	h u s a r ə s t
hærgede	h ɛ r ɣ ə ð ə
hønen	h øː n ə n
icc	i k
images	i m aː ɡ ə s
indenlandske	e n ə n l a n s k ə
indhegnet	e n h a j n ə ð
inspirationskilde	e n s p i r a ɕ oˀ n s k i l ə
institutter	e n s t i t u t ə r
invaderer	e n v a d eː r ə r
invest	e n v ɛ s t
iværksatte	i v ɛ r k s a t ə
japanere	j a p a n eː r ə
julegaver	j uː l ə ɡ aː v ə r
juniorer	j uː n i oː r ə r
kagerne	k aː ɣ ə r n ə
karlebo	k a r l eː b o
katastrofal	k a t a s t r o f aː l
katrina	k a t r iː n a
kirtler	k i r t l ə r
kirurger	k i r u r ɡ ə r
kontorchef	k ɔ n t ɔ r s j ɛː f
korporal	k ɔ r p o r aː l
kortfilm	k ɔ r t f e l m
kos	k oː s
kranium	k r aː n i ɔ m
krigsfanger	k r iː s f a n ɡ ə r
kriminaliteten	k r i m i n a l i t eː t ə n
krom	k r ɔ m
krænkede	k r ɛ n k ə ð ə
krænker	k r ɛ n k ə r
kunster	k o n s t ə r
kæben	k ɛː b ə n
köln	k ø l n
køler	k øː l ə r
køligere	k ø l i ɡ eː r ə
lagen	l aː ɣ ə n
lammelse	l a m ə l s ə
landegrænser	l a n ə ɡ r ɛ n s ə r
larve	l a r v ə
lejen	l a j ə n
lenin	l e n iː n
licenser	l i s ɛ n s ə r
males	m aː l ə s
marko	m a r k o
markør	m a r k øː r
mays	m æ j s
melinda	m e l e n d a
mikroskop	m i k r o s k ɔ p
motiverne	m o t i v ɛ r n ə
museerne	m u s eː ə r n ə
myndig	m ø n d i
mætte	m ɛ t ə
mørkeste	m œ r k ə s t ə
næstsidste	n ɛ s t s i s t ə
opium	o p i ɔ m
overdrager	ɔ v ə r d r aː ɣ ə r
overnattede	ɔ v ə r n a t ə ð ə
ovne	ɔ v n ə
panter	p a n t ə r
perronen	p ɛ r oː n ə n
pingviner	p e n ɡ v iː n ə r
prikke	p r e k ə
prinser	p r e n s ə r
ragnarok	r a v n a r ɔ k
randall	r a n d a l
rastløs	r a s t l øː s
reeves	r eː v ə s
reflektere	r ɛ f l ɛ k t eː r ə
respektløst	r ɛ s p ɛ k t l ø s t
response	r ɛ s p ɔ n s ə
rets	r ɛ t s
rimer	r iː m ə r
ringo	r e n ɡ o
rivera	r i v eː r a
rubrik	r u b r e k
rullen	r u l ə n
ryd	r yː d
rystelser	r ø s t ə l s ə r
sammensætte	s a m ə n s ɛ t ə
shore	s j oː r ə
signifikant	s i n i f i k a n t
singel	s e n ɡ ə l
skaft	s k a f t
skrappe	s k r a p ə
skrot	s k r ɔ t
skruen	s k r uː ə n
skubbes	s k o b ə s
skumle	s k o m l ə
skuret	s k u r ɛ t
skålen	s k ɔː l ə n
slagene	s l aː ɣ ə n ə
slottets	s l ɔ t ə t s
sociologi	s o s i o l o ɡ iː
splittelse	s p l e t ə l s ə
sporløst	s p ɔ r l ø s t
spøjst	s p ø j s t
standardiserede	s t a n d a r d i s eː r ə ð ə
stanton	s t a n t ɔ n
statsfængsel	s t a t s f ɛ n ɡ s ə l
stokken	s t ɔ k ə n
stribede	s t r iː b ə ð ə
stride	s t r iː ð ə
stykkerne	s t ø k ə r n ə
styrkede	s t y r k ə ð ə
støttende	s t ø t ə n ə
sulte	s u l t ə
svede	s v eː ð ə
søfolk	s ø f ɔ l k
tabes	t aː b ə s
terminator	t ɛ r m i n aː t ə r
tidshorisont	t i d s h o r i s ɔ n t
tilintetgjort	t i l e n t ə t j ɔ r t
tingen	t e n ɡ ə n
tjenestefolk	t j eː n ə s t ə f ɔ l k
turbulens	t u r b u l ɛ n s
tømmes	t œ m ə s
ugh	uːˀ
vellidt	v ɛ l i t
virgil	v i r ɡ iː l
visionen	v i s j oː n ə n
whistler	v e s t l ə r
wilkes	v e l k ə s
wolfe	v ɔ l f ə
afgrøde	a f ɡ r øː ð ə
afsættes	a f s ɛ t ə s
almægtige	a l m ɛ ɡ t i ə
arbejdsliv	a r b a j d s l iː v
armani	a r m a n iː
artie	a r t i ə
barbere	b a r b eː r ə
barrieren	b a r i eː r ə n
bars	b a r s
before	b e f oː r ə
bevægende	b e v ɛː ɡ ə n ə
biodiversitet	b i o d i v ɛ r s i t eː t
blender	b l ɛ n ə r
borgerskab	b ɔ r ɡ ə r s k aː b
brix	b r e k s
bæver	b ɛː v ə r
cincinnati	s e n s i n a t iˀ
curry	k u r i
dampe	d a m p ə
dantes	d a n t ə s
demonstrerede	d e m ɔ n s t r eː r ə ð ə
disciplinen	d i s i p l iː n ə n
dødsdom	d ø s d ɔ m
eau	oː
elvira	ɛ l v iː r a
enda	ɛ n d a
enker	ɛ n k ə r
erfarede	ɛ r f aː r ə ð ə
facilitet	f a s i l i t eː t
fandens	f a n ə n s
forekomster	f ɔ r ə k ɔ m s t ə r
fornemmelser	f ɔ r n ɛ m ə l s ə r
forstaden	f ɔ r s t aː d ə n
fraktion	f r a k s j oː n
frame	f r aː m ə
frau	f r a v
fristelser	f r e s t ə l s ə r
gaa	ɡ aː
generøse	ɡ eː n ə r øː s ə
gta	ɡ t a
gådefulde	ɡ ɔː ð ə f u l ə
havneby	h a v n ə b yː
heisenberg	h a j s ə n b ɛ r ɣ
hengiven	h ɛ n ɡ iː v ə n
hinnerup	h e n ə r u p
hændte	h ɛ n t ə
hævdet	h ɛ v d ə ð
ilten	i l t ə n
indeholdte	e n ə h ɔ l t ə
indforstået	e n f ɔ r s t ɔːˀ ə ð
indtræde	e n t r ɛː ð ə
islæt	i s l ɛ t
jelved	j ɛ l v ə ð
kalendere	k a l ɛ n d eː r ə
kali	k a l i
kamre	k a m r ə
kart	k a r t
karton	k a r t ɔ n
kathy	k a t h yː
kemien	k e m i ə n
kiosken	k i ɔ s k ə n
klitterne	k l e t ə r n ə
knop	k n ɔ p
knuden	k n uː d ə n
knuses	k n uː s ə s
konstateres	k ɔ n s t a t eː r ə s
kortvarige	k ɔ r t v a r iː ə
krølle	k r ø l ə
kyoto	k y oː t o
køkkenchef	k ø k ə n s j ɛ f
læbe	l ɛː b ə
mata	m a t a
mccartney	m k a r t n i
metroxpress	m e t r ɔ k s p r ɛ s
militante	m i l i t a n t ə
minecraft	m iː n ə k r a f t
mint	m e n t
missionær	m i s j o n ɛː r
mist	m e s t
mødelokaler	m øː ð ə l o k aː l ə r
nasty	n a s t yː
notre	n o t r ə
omhyggelige	ɔ m h y ɡ ə l i ə
ondskaben	ɔ n s k aː b ə n
operatører	ɔ p ə r a t øː r ə r
opgøres	ɔ p ɡ øː r ə s
oprindelsen	ɔ p r e n ə l s ə n
opsagt	ɔ p s a k t
overstige	ɔ v ə r s t iː ə
owens	ɔ w ɛ n s
palette	p a l ɛ t ə
patel	p a t ɛ l
pepsi	p ɛ p s i
period	p e r i oː d
pirate	p i r aː t ə
postkassen	p ɔ s t k a s ə n
rettergang	r ɛ t ə r ɡ a n ɡ
rocco	r ɔ k o
romanens	r o m a n ɛ n s
rotterne	r ɔ t ə r n ə
rugby	r uː b yː
røber	r øː b ə r
rønn	r œ nˀ
satellitten	s a t ə l i t ə n
scanne	s k a n ə
segmenter	s a j m ɛ n t ə r
sidelæns	s iː d ə l ɛ n s
skribenter	s k r i b ɛ n t ə r
smitsom	s m i t s ɔ m
sperm	s p ɛ r m
spoler	s p oː l ə r
sprøjtet	s p r ø j t ə ð
stejlt	s t a j l t
straffeattest	s t r a f ə a t ɛ s t
stræder	s t r ɛː d ə r
styrkes	s t y r k ə s
summers	s o m ə r s
syltede	s y l t ə ð ə
synges	s ø n ɡ ə s
tanaka	t a n a k a
terrier	t ɛ r i ə r
tilbyd	t e l b yː d
tilbøjelige	t e l b ø j ə l i ə
tilsætte	t e l s ɛ t ə
tore	t oː r ə
trusserne	t r u s ə r n ə
tue	t uː ə
tåget	t ɔː ɣ ə ð
udstedes	u d s t eː ð ə s
udvinde	u ð v e n ə
usselt	u s ə l t
vandretur	v a n d r ə t uː r
vejledt	v a j l e t
verdenskendt	v ɛ r d ə n s k ɛ n t
vestbredden	v ɛ s t b r ɛ ðˀ ə n
videreføres	v iː ð ə r ə f øː r ə s
vidnet	v i ð n ə ð
visionære	v i s j o n ɛː r ə
åndsvagt	ɔ n s v a k t
årtusinde	ɔ r t u s e n ə
afslørende	a f s l øː r ə n ə
alves	a l v ə s
ambrose	a m b r oː s ə
arbejdsstyrken	a r b a j d s s t y r k ə n
bastian	b a s t j aː n
baxter	b a k s t ə r
befalede	b e f aː l ə ð ə
befrielsen	b e f r iː ə l s ə n
bel	b ɛ lˀ
besad	b e s a d
besiddelser	b e s i d ə l s ə r
beslutsomhed	b e s l u t s ɔ m h e ðˀ
bestanddele	b e s t a n d eː l ə
besynderlig	b e s ø n ə r l i
bibelens	b iː b ə l ɛ n s
bills	b e l s
brudstykker	b r u ð s t ø k ə r
brystkasse	b r ø s t k a s ə
cas	k aː s
davidsen	d a v i d s ə n
delikatesse	d e l i k a t ɛ s ə
depressionen	d e p r ɛ s j oː n ə n
domicil	d o m i s iː l
dynasti	d y n a s t iː
elastisk	e l a s t i s k
ellie	ɛ l j ə
enderne	ɛ n ə r n ə
erasmus	e r a s m u s
eyeliner	a j ə l iː n ə r
filosoffer	f i l o s ɔ f ə r
forbandelsen	f ɔ r b a n ə l s ə n
fordamper	f ɔ r d a m p ə r
fordøje	f ɔ r d ø j ə
fortegnelse	f ɔ r t a j n ə l s ə
fortrin	f ɔ r t r iː n
frozen	f r oː s ə n
fyldig	f y l d i
fællestræk	f ɛ l ə s t r ɛ k
genialitet	ɡ e n i a l i t eː t
geologi	ɡ e o l o ɡ iː
giftstoffer	ɡ i f t s t ɔ f ə r
gilmore	ɡ i l m oː r ə
gitter	ɡ i t ə r
gras	ɡ r aː s
grimmeste	ɡ r e m ə s t ə
gudinden	ɡ u d e n ə n
gys	ɡ yː s
gårdene	ɡ ɔ r d ə n ə
hangar	h a n ɡ a r
hastig	h a s t i
helse	h ɛ l s ə
hykleri	h y k l ə r iː
hylderne	h y l ə r n ə
hyper	h y p ə r
hyppigste	h y p i s t ə
hætten	h ɛ t ə n
idrætscenter	i d r ɛ t s ɛ n t ə r
igangsættelse	i ɡ a n ɡ s ɛ t ə l s ə
ihærdig	i h ɛ r d i
indsætter	e n s ɛ t ə r
indtast	e n t a s t
israelere	i s r a ɛ l eː r ə
jaffa	j a f a
janni	j a n i
jog	j ɔ ɡ
kamma	k a m a
karakteristik	k a r a k t e r i s t i k
kattene	k a t ə n ə
kims	k e m s
klude	k l uː d ə
kofoed	k o f oː ə ð
krigsskib	k r iː s s k iː b
kryber	k r yː b ə r
kæle	k ɛː l ə
legitimation	l ɛ ɡ i t i m a ɕ oˀ n
lir	l iː r
livssyn	l i v s s yː n
logikken	l o ɡ i k ə n
læres	l ɛː r ə s
madrassen	m a d r a s ə n
manddrab	m a n d r aː b
medtage	m e d t aː ɡ ə
metaforer	m e t a f oː r ə r
metallisk	m e t a l i s k
migration	m i ɡ r a ɕ oˀ n
mort	m ɔ r t
motorola	m o t o r oː l a
naja	n a j a
napoleons	n a p o l e ɔ n s
nappe	n a p ə
naturkatastrofer	n a t u r k a t a s t r oː f ə r
ophidsede	ɔ p h i d s ə ð ə
oplader	ɔ p l aː d ə r
organismen	ɔ r ɡ a n i s m ə n
organist	ɔ r ɡ a n i s t
overtræde	ɔ v ə r t r ɛː ð ə
overvægtig	ɔ v ə r v ɛ ɡ t i
parsons	p a r s ɔ n s
passagen	p a s aː ɣ ə n
persisk	p ɛ r s i s k
pillen	p e l ə n
provst	p r ɔ v s t
pu	p uːˀ
rengøre	r ɛ n ɡ øː r ə
repræsentantskab	r ɛ p r ɛ s ə n t a n s k aː b
results	r e s u l t s
ripley	r i p l i
ryddes	r y ð ə s
samtidens	s a m t i d ɛ n s
sapiens	s a p i ɛ n s
scala	s k aː l a
skærmene	s k ɛ r m ə n ə
skøde	s k øː ð ə
snude	s n uː d ə
sommerlejr	s ɔ m ə r l a jˀ r
sorterer	s ɔ r t eː r ə r
spiritualitet	s p i r i t u a l i t eː t
sprække	s p r ɛ k ə
staven	s t aː v ə n
stimuli	s t i m u l iː
strengere	s t r ɛ n ɡ eː r ə
stuer	s t uː ə r
suit	s u i t
suttede	s u t ə ð ə
sutton	s u t ɔ n
svaneke	s v aː n ə k ə
talks	t a l k s
tia	t iː a
tildeler	t e l ə l ə r
tilfører	t e l f øː r ə r
trilogi	t r i l o ɡ iː
udslettelse	u d s l ɛ t ə l s ə
ufødte	u f ø t ə
vaughn	v a vˀ n
veranda	v ɛ r a n d a
worm	v ɔ r m
yorker	j ɔ r k ə r
øren	øː r ə n
øse	øː s ə
aflæses	a f l ɛː s ə s
afløbet	a f l øː b ə ð
appellerer	a p ə l eː r ə r
bakspejlet	b a k s p a j l ə ð
bankmand	b a n k m a n d
beans	b e a n s
beskyt	b e s k y t
bjælke	b j ɛ l k ə
boysen	b ø j s ə n
brøndbys	b r œ n b yː s
buffer	b o f ə r
børnebørnene	b œ r n ə b œ r n ə n ə
cafeer	k a f eː ə r
celta	s ɛ l t a
cock	k ɔ k
comp	k ɔ m p
diplomuddannelse	d i p l o m u d a n ə l s ə
dolores	d o l oː r ə s
doom	d oː m
drikken	d r e k ə n
dværgene	d v ɛ r ɣ ə n ə
dynamit	d y n a m i t
ejendommene	a j ə n d ɔ m ə n ə
eksperimentelle	ɛ k s p ɛ r i m ə n t ɛ l ə
erika	eː r i k a
erin	e r iː n
ett	ɛ t
fabler	f aː b l ə r
falsters	f a l s t ə r s
finansministeren	f i n a n s m i n i s t eː r ə n
firben	f i r b eː n
fist	f e s t
flamingo	f l a m e n ɡ o
flyvepladsen	f l yː v ə p l a s ə n
forfængelighed	f ɔ r f ɛ n ɡ ə l i h e ðˀ
forfører	f ɔ r f øː r ə r
forlangt	f ɔ r l a n ɡ t
forlægger	f ɔ r l ɛ ɡ ə r
forsvars	f ɔ r s v a r s
fostret	f ɔ s t r ɛ t
frisøren	f r i s øː r ə n
førere	f ø r eː r ə
gaard	ɡ ɔː r
gage	ɡ aː ɡ ə
gamble	ɡ a m b l ə
generobre	ɡ e n ə r oː b r ə
genève	ɡ e n ɛː v ə
glasgow	ɡ l a s ɡ ɔ w
glukose	ɡ l u k oː s ə
grammatiske	ɡ r a m aː t i s k ə
grøfter	ɡ r œ f t ə r
guinness	ɡ i n ə s
hakkede	h a k ə ð ə
heler	h eː l ə r
hulerne	h uː l ə r n ə
humanistisk	h u m a n i s t i s k
hvalen	v aː l ə n
hylster	h y l s t ə r
immun	e m uː n
installationen	e n s t a l a ɕ oˀ n ə n
irl	i r l
irriterede	i r i t eː r ə ð ə
jomfruen	j ɔ m f r uː ə n
jung	j o n ɡ
justine	j u s t iː n ə
kapgang	k a p ɡ a n ɡ
kendall	k ɛ n d a l
keys	k ø j s
kirkelig	k i r k ə l i
klargøre	k l a r ɡ øː r ə
kloakken	k l o a k ə n
klostre	k l ɔ s t r ə
kol	k ɔ l
komikeren	k o m i k eː r ə n
konsol	k ɔ n s ɔ l
krydses	k r y s ə s
kulturminister	k u l t u r m i n i s t ə r
kvadratkilometer	k v a d r a t k i l o m eː t ə r
kønnet	k œ n ə ð
lage	l aː ɣ ə
lamperne	l a m p ə r n ə
langå	l a n ɡ ɔ
latinsk	l a t iː n s k
leone	l e oː n ə
ligegyldige	l iː ə ɡ y l d i ə
ligesindede	l iː ə s e n ə ð ə
lilian	l i l j aː n
lofter	l ɔ f t ə r
læsse	l ɛ s ə
manges	m a n ɡ ə s
margit	m a r ɡ i t
masserne	m a s ə r n ə
matteo	m a t eː o
minedrift	m iː n ə d r e f t
morales	m o r aː l ə s
motorcyklen	m o t ɔ r s y k l ə n
målgruppen	m ɔ l ɡ r o p ə n
nak	n a k
nybyggeri	n y b ø ɡ ə r iː
nøjedes	n ø j ə ð ə s
officererne	ɔ f i s eː r ə r n ə
overenskomster	ɔ v ə r ə n s k ɔ m s t ə r
parcelhuse	p a r s ə l h uː s ə
patrik	p a t r e k
patruljen	p a t r u l j ə n
pavillon	p a v i l ɔ n
pizzaer	p i t s aː ə r
plukket	p l o k ə ð
pod	p o d
posthus	p ɔ s t h uː s
psykopat	s y k o p aː t
rappe	r a p ə
reaktoren	r e a k t oː r ə n
regnbuen	r a j n b uː ə n
rejsemål	r a j s ə m ɔː l
reklamere	r ɛ k l a m eː r ə
relax	r e l a k s
riga	r iː ɡ a
rigtignok	r e k t i n ɔ k
risk	r e s k
romer	r oː m ə r
sandaler	s a n d aː l ə r
sandstrande	s a n s t r a n ə
sejlere	s a j l eː r ə
sick	s e k
silo	s i l o
skabende	s k aː b ə n ə
skaftet	s k a f t ə ð
skeer	s k eː ə r
skinnede	s k e n ə ð ə
skotte	s k ɔ t ə
skåner	s k ɔː n ə r
smertefrit	s m ɛ r t ə f r i t
sommervarmen	s ɔ m ə r v a r m ə n
spundet	s p o n ə ð
spærregrænsen	s p ɛ r ə ɡ r ɛ n s ə n
stands	s t a n s
styrk	s t y r k
sultan	s u l t aː n
svinder	s v e n ə r
søndersø	s ø n ə r s øː
temmeligt	t ɛ m ə l i t
tilsendt	t e l s ɛ n t
tools	t oː l s
tori	t o r i
trioen	t r i oː ə n
trøjborg	t r ø j b ɔ r ɡ
tvivlen	t v i v l ə n
udregne	u d r a j n ə
une	uː n ə
vaffel	v a f ə l
vampyren	v a m p yː r ə n
vattenfall	v a t ə n f a l
videreførelse	v iː ð ə r ə f øː r ə l s ə
wanna	v a n a
webber	v ɛ b ə r
wolff	v ɔ l f
åbyhøj	ɔ b y h ø j
østrigsk	ø s t r iː s k
afløste	a f l ø s t ə
aftage	a f t aː ɡ ə
aku	a k u
alain	a l a iː n
animerede	a n i m eː r ə ð ə
ansvarsområder	a n s v a r s ɔ m r ɔː d ə r
antologi	a n t o l o ɡ iː
arvelige	a r v ə l iː ə
babser	b a p s ə r
bebrejde	b e b r a j d ə
bekræft	b e k r ɛ f t
belyser	b e l yː s ə r
beordre	b e ɔ r d r ə
bernhard	b ɛ r n h a rˀ d
betalende	b e t aː l ə n ə
blindhed	b l e n h e ðˀ
bloker	b l oː k ə r
blokkene	b l ɔ k ə n ə
borgeren	b ɔ r ɡ eː r ə n
bos	b oː s
bp	b eː p eː
bryant	b r y a n t
bu	b uːˀ
buckingham	b o k e n ɡ h a m
bundne	b o n ə
butter	b u t ə r
carlisle	k a r l i s l ə
centralen	s ɛ n t r aː l ə n
cicero	s i s eː r o
conway	k ɔ n v æ j
corp	k ɔ r p
cx	s e k s
danmarkshistoriens	d a n m a r k s h i s t o r i ɛ n s
davy	d a v yː
delstat	d ɛ l s t a t
dillon	d i l ɔ n
drifter	d r e f t ə r
drillede	d r e l ə ð ə
duftende	d o f t ə n ə
eventen	ɛ v ɛ n t ə n
fabrikanten	f a b r i k a n t ə n
ferm	f ɛ r m
fibrene	f i b r eː n ə
finesse	f i n ɛ s ə
flager	f l aː ɣ ə r
flyttekasser	f l ø t ə k a s ə r
flået	f l ɔːˀ ə ð
forbrændt	f ɔ r b r ɛ n t
fordømmer	f ɔ r d œ m ə r
formidabel	f ɔ r m i d aː b ə l
forræder	f ɔ r ɛː d ə r
forældremyndighed	f ɔ r ɛ l d r ə m ø n d i h e ðˀ
fraråder	f r a r ɔː d ə r
frigøres	f r i ɡ øː r ə s
fucke	f o k ə
færde	f ɛ r d ə
førsteplads	f œ r s t ə p l a s
gis	ɡ iː s
gløder	ɡ l øː d ə r
gnavere	ɡ n a v eː r ə
gymnasiale	ɡ y m n a s j aː l ə
gyserfilm	ɡ yː s ə r f i l m
hannover	h a n ɔ v ə r
haren	h aː r ə n
hep	h eː p
hide	h iː ð ə
hjalte	j a l t ə
hjørnespark	j œ r n ə s p a r k
holberg	h ɔ l b ɛ r ɡ
holds	h ɔ l s
hvilende	v iː l ə n ə
hydrauliske	h y d r a w l i s k ə
høstede	h ø s t ə ð ə
igangsatte	i ɡ a n ɡ s a t ə
indlægges	e n l ɛ ɡ ə s
indsende	e n s ɛ n ə
indskrænket	e n s k r ɛ n k ə ð
isolerer	i s o l eː r ə r
jehovas	j e h oː v a s
jus	j uː s
jøden	j øː ð ə n
kasernen	k a s ɛ r n ə n
kegle	k a j l ə
kendetegnes	k ɛ n ə t a j n ə s
komfortabel	k ɔ m f ɔ r t aː b ə l
komiske	k o m i s k ə
kongerne	k ɔ n ɡ ə r n ə
kruger	k r uː ə r
kulturhistorisk	k u l t u r h i s t oː r i s k
kvaler	k v aː l ə r
kvikke	k v e k ə
lamb	l a m b
latino	l a t iː n o
liva	l iː v a
lukketid	l o k ə t i ðˀ
lunden	l o n ə n
maskerne	m a s k ə r n ə
melody	m e l o d yː
monique	m o n i k ə
morse	m ɔ r s ə
mortens	m ɔ r t ə n s
multiple	m u l t i p l ə
mærkbart	m ɛ r k b a r t
nadver	n a ð v ə r
natklubber	n a t k l o b ə r
næbbet	n ɛ b ə ð
opgives	ɔ p ɡ iː v ə s
overtal	ɔ v ə r t aː l
oxygen	ɔ k s yː ə n
palme	p a l m ə
perron	p ɛ r ɔ n
pigge	p e ɡ ə
plov	p l ɔ v
polio	p o l j o
postet	p ɔ s t ə ð
products	p r o d o k t s
profeter	p r o f eː t ə r
prædikener	p r ɛ d i k ə n ə r
præmisser	p r ɛ m i s ə r
roskildes	r o s k i l ə s
rov	r ɔ v
rynket	r ø n k ə ð
røverne	r øː v ə r n ə
skattely	s k a t ə l yː
skovtur	s k ɔ v t uː r
skægt	s k ɛ k t
skænker	s k ɛ n k ə r
slynger	s l ø n ɡ ə r
sonde	s ɔ n ə
sortiment	s ɔ r t i m ɛ n t
speedy	s p iː d y
spejlbillede	s p a j l b e l ə ð ə
spotter	s p ɔ t ə r
startup	s t a r t u p
stokke	s t ɔ k ə
strengen	s t r ɛ n ɡ ə n
tamponer	t a m p oː n ə r
topform	t ɔ p f ɔ r m
tramper	t r a m p ə r
tsunami	t s u n a m iː
tyvende	t yː v ə n ə
tøsen	t øː s ə n
ug	uːˀ
units	u n i t s
upopulære	u p o p u l ɛː r ə
usammenhængende	u s a m ə n h ɛ n ɡ ə n ə
utæt	u t ɛ t
vampire	v a m p iː r ə
vandhuller	v a n h u l ə r
veloplagt	v e l ɔ p l a ɡ t
vogte	v ɔ k t ə
væmmeligt	v ɛ m ə l i t
walther	v a l t ə r
weir	v a jˀ r
xerxes	k s ɛ r k s ə s
ældes	ɛ l ə s
æsker	ɛ s k ə r
afklare	a f k l aː r ə
aftenshowet	a f d ə n s h ɔ w ə ð
aida	a j d a
ansvarsområde	a n s v a r s ɔ m r ɔː ð ə
aroma	a r oː m a
asa	aː s a
astro	a s t r oː
astrup	a s t r u p
barlow	b a r l ɔ w
begæret	b e ɡ ɛː r ə ð
berlins	b ɛ r l e n s
bernstein	b ɛ r n s t a jˀ n
bif	b iː f
brændevin	b r ɛ n ə v iː n
bøden	b øː ð ə n
defekte	d e f ɛ k t ə
dion	d i oː n
drivkraften	d r i v k r a f t ə n
eksperimenterer	ɛ k s p ɛ r i m ɛ n t eː r ə r
elver	ɛ l v ə r
endeløs	ɛ n ə l øː s
enghavevej	ɛ n ɡ h aː v ə v a j
etagers	e t aː ɣ ə r s
faire	f ɛː r ə
farens	f a r ɛ n s
felicia	f e l i s j a
fisket	f e s k ə ð
fjollede	f j ɔ l ə ð ə
fords	f ɔ r s
foreman	f ɔ r ə m aː n
forhallen	f ɔ r h a l ə n
formerer	f ɔ r m eː r ə r
fortløbende	f ɔ r t l øː b ə n ə
forward	f ɔ r v a rˀ d
frode	f r oː ð ə
fyrst	f y r s t
gabrielle	ɡ a b r i ɛ l ə
gamles	ɡ a m l ə s
gaston	ɡ a s t ɔ n
gibbons	ɡ i b ɔ n s
gong	ɡ ɔ n ɡ
grøften	ɡ r œ f t ə n
gårdspladsen	ɡ ɔ r s p l a s ə n
halvbror	h a l v b r oː r
hartmann	h a r t m a n
herres	h ɛ r ə s
hjælpemiddel	j ɛ l p ə m i d ə l
hollow	h ɔ l ɔ w
hovedformål	h ɔ v ə ð f ɔ r m ɔː l
hundige	h o n d i ə
idaho	i d a h oː
illustrator	i l u s t r aː t ə r
indkvarteret	e n k v a r t eː r ə t
indrammet	e n d r a m ə ð
indsigelse	e n s iː ə l s ə
indsigelser	e n s iː ə l s ə r
ingenlunde	e n ɡ ə n l o n ə
involveres	e n v ɔ l v ə r ə s
jae	j aː ə
kairo	k a j r o
kamel	k a m ɛ l
keramisk	k e r aː m i s k
kimberly	k e m b ə r l yː
klassikeren	k l a s i k eː r ə n
klodsede	k l ɔ s ə ð ə
kometen	k o m eː t ə n
konkurser	k ɔ n k u r s ə r
kostbart	k ɔ s t b a r t
kreml	k r ɛ mˀ l
landlige	l a n l i ə
livligt	l i v l i t
lufte	l o f t ə
låret	l ɔː r ə ð
margarita	m a r ɡ a r i t a
marin	m a r iː n
mart	m a r t
maskinpistoler	m a s k e n p i s t oː l ə r
merle	m ɛ r l ə
mesterskaberne	m ɛ s t ə r s k aː b ə r n ə
monza	m ɔ n s a
morens	m o r ɛ n s
mundtligt	m o n t l i t
naturpark	n a t u r p a r k
neck	n ɛ k
none	n oː n ə
nybyggede	n y b ø ɡ ə ð ə
olympia	o l ø m p i æ
omverden	ɔ m v ɛ r d ə n
ophæver	ɔ p h ɛː v ə r
opståede	ɔ p s t ɔː ə ð ə
opvarme	ɔ p v a r m ə
ormen	ɔ r m ə n
overvinder	ɔ v ə r v e n ə r
pitch	p i t s j
portaler	p ɔ r t aː l ə r
prædiker	p r ɛ d i k ə r
prøvelser	p r øː v ə l s ə r
pull	p o l
pumpes	p o m p ə s
påtænkte	p ɔ t ɛ n k t ə
påvises	p ɔ v iː s ə s
regnar	r a j n a r
rekrutter	r ɛ k r u t ə r
rhode	r h oː ð ə
russer	r u s ə r
rø	r øːˀ
røver	r øː v ə r
seeren	s eː ə r ə n
sejladser	s a j l a s ə r
sejles	s a j l ə s
sie	s iː ə
skaffes	s k a f ə s
skruetrækker	s k r uː ə t r ɛ k ə r
skuespillerinden	s k uː ə s p e l ə r e n ə n
sled	s l eː d
slutrunden	s l u t r o n ə n
sluttes	s l u t ə s
smykkerne	s m ø k ə r n ə
splinter	s p l e n t ə r
sporadisk	s p o r aː d i s k
sprøjt	s p r ø j t
stank	s t a n k
ståle	s t ɔː l ə
subjekt	s u b j ɛ k t
surrealistisk	s u r e a l i s t i s k
svækker	s v ɛ k ə r
sykes	s y k ə s
sået	s ɔːˀ ə ð
sæsons	s ɛ s ɔ n s
term	t ɛ r m
tess	t ɛ s
tilbede	t e l b eː ð ə
trash	t r a s j
trodsede	t r ɔ s ə ð ə
tusch	t u s j
twisted	t v e s t ə ð
tørster	t œ r s t ə r
tøvende	t øː v ə n ə
udtagelse	u d t aː ɣ ə l s ə
uerfarne	uː ə r f a r n ə
ugerne	uː ə r n ə
varebil	v aː r ə b iː l
virksom	v i r k s ɔ m
yndige	ø n d i ə
zlatan	s l a t aː n
æblekage	ɛː b l ə k aː ɡ ə
æsler	ɛ s l ə r
øjebliks	ø j ə b l e k s
acts	a k t s
addison	a d i s oː n
akvarie	a k v a r i ə
alto	a l t o
annoncerer	a n ɔ n s eː r ə r
arab	a r aː b
arb	a r b
arbejdets	a r b a j d ə t s
arbejdsuge	a r b a j d s uː ə
associerede	a s o s j eː r ə ð ə
author	a v t h oː r
bedømmes	b e d œ m ə s
befolkede	b e f ɔ l k ə ð ə
benægtede	b e n ɛ ɡ t ə ð ə
beriget	b e r iː ə ð
browns	b r ɔ w n s
bru	b r uːˀ
brudens	b r uː d ə n s
byggepladsen	b y ɡ ə p l a s ə n
bække	b ɛ k ə
calle	k a l ə
caribiske	k a r iː b i s k ə
children	s j i l d r ə n
citronen	s i t r oː n ə n
comfort	k ɔ m f ɔ r t
cylinderen	s y l e n d eː r ə n
distributør	d i s t r i b u t øː r
eco	eː k o
eisenhower	a j s ə n h ɔ w ə r
elektra	e l ɛ k t r a
elton	ɛ l t ɔ n
engels	ɛ n ɡ ə l s
farce	f a r s ə
fastholdes	f a s t h ɔ l ə s
fatima	f a t iː m a
flaskerne	f l a s k ə r n ə
foldede	f ɔ l ə ð ə
forbunds	f ɔ r b o n s
fordums	f ɔ r d ɔ m s
forfalskede	f ɔ r f a l s k ə ð ə
forhindres	f ɔ r h e n d r ə s
forpligte	f ɔ r p l e k t ə
forråd	f ɔ r ɔ d
forsvarsministeren	f ɔ r s v a r s m i n i s t eː r ə n
fortsættelsen	f ɔ r t s ɛ t ə l s ə n
fuldtidsjob	f u l t i d s j oː b
fysikken	f y s e k ə n
granger	ɡ r a n ɡ ə r
hygget	h y ɡ ə ð
idrætsanlæg	i d r ɛ t s a n l ɛ ɡ
inder	e n ə r
indskrænke	e n s k r ɛ n k ə
indtrådt	e n t r ɔ t
inviteres	e n v i t eː r ə s
jillian	j i l j aː n
katarina	k a t a r iː n a
kathleen	k a t l eː n
klokkerne	k l ɔ k ə r n ə
kokkedal	k ɔ k ə d aː l
konsulat	k ɔ n s u l aː t
konsultation	k ɔ n s u l t a ɕ oˀ n
kool	k oː l
krater	k r aː t ə r
krigene	k r iː ə n ə
kristin	k r i s t iː n
kødædende	k ø d ɛː d ə n ə
legatet	l e ɡ a t eː t
leila	l a j l a
lie	l iː ə
logge	l ɔ ɡ ə
magte	m a k t ə
magthaverne	m a ɡ t h a v ə r n ə
mandatet	m a n d a t eː t
maver	m aː v ə r
mestrer	m ɛ s t r ə r
militsen	m i l i t s ə n
miljøstyrelsen	m i l j ø s t yː r ə l s ə n
mindesmærke	m e n ə s m ɛ r k ə
mistænkelig	m i s t ɛ n k ə l i
måtten	m ɔ t ə n
møns	m œ n s
netavis	n e t a v iː s
noteres	n o t eː r ə s
ops	ɔ p s
optur	ɔ p t uː r
pater	p a t ə r
pensionerede	p a n s j o n eː r ə ð ə
pharma	f a r m a
planker	p l a n k ə r
poppen	p ɔ p ə n
receptionist	r ɛ s ɛ p s j o n i s t
rekvisitter	r ɛ k v i s i t ə r
rigsdagen	r iː s d aː ɣ ə n
roede	r oː ə ð ə
roere	r oː ə r ə
rokke	r ɔ k ə
rossi	r ɔ s i
rulleskøjter	r u l ə s k ø j t ə r
ryst	r ø s t
sarkastisk	s a r k a s t i s k
seas	s eː s
sigøjnere	s i ɡ ø j n eː r ə
singlen	s e n ɡ l ə n
skrænten	s k r ɛ n t ə n
skærbæk	s k ɛ r b ɛ k
snus	s n uː s
spillerens	s p e l ə r ɛ n s
spinat	s p i n aː t
stade	s t aː d ə
stikkende	s t e k ə n ə
struggle	s t r o ɡ l ə
stødet	s t øː ð ə ð
stønner	s t œ n ə r
sygeplejerskerne	s yː ə p l a j ə r s k ɛ r n ə
synonymer	s y n o n yː m ə r
sønnerne	s œ n ə r n ə
tilrettelægger	t e l r ɛ t ə l ɛ ɡ ə r
tilståelse	t e l s t ɔː ə l s ə
torn	t ɔ r n
trafikuheld	t r a f i k u h ɛ lˀ
tænketanken	t ɛ n k ə t a n k ə n
ubegrænsede	uː b ə ɡ r ɛ n s ə ð ə
udkant	u d k a n t
udskifter	u d s k e f t ə r
udøvet	u d øː v ə ð
underdirektør	o n ə r d i r ɛ k t øː r
universelt	u n i v ɛ r s ə l t
urbane	u r b aː n ə
urinen	u r iː n ə n
vamdrup	v a m d r u p
vekslende	v ɛ k s l ɛ n ə
velmenende	v ɛ l m eː n ə n ə
verdenskendte	v ɛ r d ə n s k ɛ n t ə
vicky	v e k i
væ	v ɛːˀ
wax	v a k s
wills	v e l s
wulff	v u l f
ægtemænd	ɛ ɡ t ə m ɛ n d
abrahams	a b r a h a m s
afgives	a f ɡ iː v ə s
aflivet	a f l iː v ə ð
afsnittene	a f s n e t ə n ə
anal	a n aː l
analytikere	a n a l y t i k eː r ə
arctic	a r k t i k
arden	a r d ə n
asta	a s t a
australiens	a v s t r a l j ɛ n s
bandit	b a n d i t
barnlig	b a r n l i
bells	b ɛ l s
bennet	b ɛ n ə ð
betjenten	b e t j ɛ n t ə n
biografier	b i o ɡ r a f iː ə r
blokaden	b l o k aː d ə n
blotter	b l ɔ t ə r
blyanter	b l y a n t ə r
bolte	b ɔ l t ə
boye	b ɔ j ə
bukarest	b u k a r ɛ s t
byrder	b y r d ə r
carlson	k a r l s ɔ n
carnival	k a r n i v aː l
centrets	s ɛ n t r ɛ t s
checks	s j ɛ k s
controller	k ɔ n t r ɔ l ə r
cora	k oː r a
cyklisterne	s y k l i s t ə r n ə
dekan	d e k aː n
diablo	d i aː b l o
dirigere	d i r i ɡ eː r ə
donerer	d o n eː r ə r
dukkerne	d o k ə r n ə
dumper	d o m p ə r
dybder	d y b d ə r
egå	eː ɡ ɔ
ejendomsretten	a j ə n d ɔ m s r ɛ t ə n
ekskone	ɛ k s k oː n ə
engelsktalende	ɛ n ɡ ə l s k t aː l ə n ə
epa	eː p a
episke	eː p i s k ə
estate	ɛ s t aː t ə
etikette	e t i k ɛ t ə
faciliteterne	f a s i l i t eː t ə r n ə
fantasifulde	f a n t a s i f u l ə
festerne	f ɛ s t ə r n ə
folkefest	f ɔ l k ə f ɛ s t
forståelig	f ɔ r s t ɔː ə l i
fremskreden	f r ɛ m s k r eː ð ə n
fremvist	f r ɛ m v e s t
frugtbart	f r o k t b a r t
fællesmøde	f ɛ l ə s m øː ð ə
gambler	ɡ a m b l ə r
german	ɡ ɛ r m aː n
gokke	ɡ ɔ k ə
grimes	ɡ r iː m ə s
grinte	ɡ r e n t ə
grotter	ɡ r ɔ t ə r
halvkugle	h a l v k uː l ə
høstes	h ø s t ə s
indiens	e n d i ɛ n s
intimitet	e n t i m i t eː t
jammer	j a m ə r
julefrokoster	j uː l ə f r o k ɔ s t ə r
karla	k a r l a
kernerne	k ɛ r n ə r n ə
kindle	k e n l ə
kloner	k l oː n ə r
kræftens	k r ɛ f t ə n s
larmen	l a r m ə n
lines	l iː n ə s
listerne	l e s t ə r n ə
lovely	l ɔ v ə l yː
luksuriøse	l ɔ k s u r i øː s ə
lundby	l o n b yː
lækkede	l ɛ k ə ð ə
løsesum	l øː s ə s ɔ m
løvens	l øː v ə n s
manerer	m a n eː r ə r
manualen	m a n u aː l ə n
margin	m a r ɡ iː n
matchende	m a t s j ɛ n ə
mckinley	m k iː n l i
melvin	m ɛ l v iː n
mobilnummer	m o b i l n o m ə r
modifikationer	m o d i f i k a ɕ oˀ n ə r
mottoet	m o t oː ə ð
måner	m ɔː n ə r
nada	n aː d a
nutella	n u t ɛ l a
nødsituation	n ø d s i t u a ɕ oˀ n
observeres	ɔ b s ɛ r v eː r ə s
olympus	o l ø m p u s
opdrager	ɔ p d r aː ɣ ə r
orla	ɔ r l a
otterup	ɔ t ə r u p
palæstinenserne	p a l ɛ s t i n ɛ n s ə r n ə
passes	p a s ə s
pejsen	p a j s ə n
platte	p l a t ə
pom	p ɔ m
pong	p ɔ n ɡ
praj	p r a jˀ
psi	s iː
respekten	r ɛ s p ɛ k t ə n
rettighed	r ɛ t i h e ðˀ
ridende	r iː ð ə n ə
romero	r o m eː r o
rostock	r ɔ s t ɔ k
sjældenhed	s j ɛ l ə n h e ðˀ
skranken	s k r a n k ə n
skrænter	s k r ɛ n t ə r
snøre	s n øː r ə
spektret	s p ɛ k t r ɛ t
sportsvogn	s p ɔ r t s v ɔ vˀ n
stationære	s t a s j o n ɛː r ə
stikken	s t e k ə n
stinkende	s t e n k ə n ə
strandede	s t r a n ə ð ə
strejfer	s t r a j f ə r
strimler	s t r e m l ə r
stuttgart	s t u t ɡ a r t
styrkerne	s t y r k ə r n ə
stålet	s t ɔː l ə ð
støjen	s t ø j ə n
suiter	s u i t ə r
sutten	s u t ə n
svensson	s v ɛ n s ɔ n
swipp	s v e p
telefonnumre	t e l ə f ɔ n ɔ m r ə
tigers	t iː ə r s
tilst	t e l s t
trækket	t r ɛ k ə ð
turne	t u r n ə
tværsnit	t v ɛ r s n i t
udstyres	u d s t yː r ə s
udtalelsen	u d t aː l ə l s ə n
ujævnt	u j ɛ vˀ n t
underside	o n ə r s iː d ə
uri	u r i
utopi	u t o p iː
valle	v a l ə
vanilla	v a n i l a
variationen	v a r i a ɕ oˀ n ə n
vejens	v a j ə n s
velbefindende	v ɛ l b e f e n ə n ə
velvære	v ɛ l v ɛː r ə
versa	v ɛ r s a
viaplay	v i a p l æ j
vicevært	v iː s ə v ɛ r t
vildmarken	v i l m a r k ə n
visner	v i s n ə r
vældige	v ɛ l d i ə
ådal	ɔ d aː l
østkyst	ø s t k ø s t
accepter	a k s ɛ p t ə r
aflaste	a f l a s t ə
alkoholen	a l k o h oː l ə n
amalienborg	a m a l j ə n b ɔ r ɡ
amo	a m o
asbest	a s b ɛ s t
asnæs	a s n ɛː s
autonomi	a v t o n o m iː
aviv	a v iːˀ v
ax	a k s
badetøj	b aː d ə t ø j
bagom	b a ɡ ɔ m
banderne	b a n ə r n ə
barndoms	b a r n d ɔ m s
bedrager	b e d r aː ɣ ə r
begribe	b e ɡ r iː b ə
begære	b e ɡ ɛː r ə
bern	b ɛ r n
betragtelig	b e t r a ɡ t ə l i
bevogte	b e v ɔ k t ə
bobo	b oː b o
bortførte	b ɔ r t f œ r t ə
brochurer	b r ɔ s j uː r ə r
bugter	b o k t ə r
christensens	k r e s t ə n s ɛ n s
constantine	k ɔ n s t a n t iː n ə
demokrat	d e m o k r aː t
depoter	d e p oː t ə r
dimitri	d i m i t r iː
domænet	d o m ɛː n ə ð
donnie	d ɔ n i ə
dræne	d r ɛː n ə
duran	d u r aː n
dømmende	d œ m ə n ə
ecstasy	ɛ k s t a s yː
egeskov	eː ɡ ə s k ɔ v
ejby	a j b yː
enterprises	ɛ n t ə r p r iː s ə s
evo	eː v o
fanme	f a n m ə
fasen	f aː s ə n
finansielt	f i n a n s j ɛ lˀ t
fjeldet	f j ɛ l ə ð
forhistorie	f ɔ r h i s t oː r i ə
forkynder	f ɔ r k ø n ə r
formindske	f ɔ r m e n s k ə
fornøjelser	f ɔ r n ø j ə l s ə r
frey	f r æ j
friede	f r iː ð ə
fristelsen	f r e s t ə l s ə n
fromme	f r ɔ m ə
færdselsuheld	f ɛ r s ə l s u h ɛ lˀ
glassene	ɡ l a s ə n ə
goldberg	ɡ ɔ l b ɛ r ɡ
gruber	ɡ r uː b ə r
gymnaster	ɡ y m n a s t ə r
gæstede	ɡ ɛ s t ə ð ə
halal	h a l aː l
hanks	h a n k s
hermansen	h ɛ r m a n s ə n
hjemmefronten	j ɛ m ə f r ɔ n t ə n
hunger	h o n ɡ ə r
hældes	h ɛ l ə s
ilse	i l s ə
ingenmandsland	e n ɡ ə n m a n s l a n d
jernalder	j ɛ r n a l ə r
join	j o iː n
julesange	j uː l ə s a n ɡ ə
kino	k iː n o
klatrede	k l a t r eː ð ə
klitter	k l e t ə r
koks	k ɔ k s
korsfæstet	k ɔ r s f ɛ s t ə ð
kraven	k r aː v ə n
kusiner	k u s iː n ə r
laget	l aː ɣ ə ð
landsdele	l a n s d eː l ə
livsfarligt	l i v s f a r l i t
lovgivende	l ɔ v ɡ iː v ə n ə
lovovertrædelser	l ɔ v ɔ v ə r t r ɛː d ə l s ə r
magda	m a v d a
mangeårig	m a n ɡ ə ɔ r i
mapper	m a p ə r
matros	m a t r oː s
midtby	m i t b yː
modificerede	m o d i f i s eː r ə ð ə
mojo	m o j o
morgana	m ɔ r ɡ aː n a
moské	m o s k eː
musicals	m u s i k a l s
myndigheders	m ø n d i h eː d ə r s
nilen	n iː l ə n
northern	n ɔ r t h ɛ r n
np	ɛ n p eː
odins	o d e n s
omtalen	ɔ m t aː l ə n
ordstyrer	o r s t yː r ə r
overlast	ɔ v ə r l a s t
overlæg	ɔ v ə r l ɛ ɡ
overså	ɔ v ə r s ɔ
patologi	p a t o l o ɡ iː
placebo	p l a s eː b o
plastisk	p l a s t i s k
prada	p r aː d a
preussen	p r ø v s ə n
produceren	p r o d j u s eː r ə n
projekterne	p r o j ɛ k t ə r n ə
puck	p o k
pædofile	p ɛ d o f iː l ə
radioavisen	r a d i o a v iː s ə n
regulært	r ɛ ɡ u l ɛ r t
rett	r ɛ t
rigsdaler	r iː s d aː l ə r
rosso	r ɔ s o
rumfærge	r ɔ m f ɛ r ɣ ə
rumskibet	r ɔ m s k iː b ə ð
sanserne	s a n s ə r n ə
saxon	s a k s ɔ n
sekvensen	s ɛ k v ɛ n s ə n
sengepladser	s ɛ n ɡ ə p l a s ə r
singh	s e n ɡ
skånet	s k ɔː n ə ð
skærpede	s k ɛ r p ə ð ə
slagte	s l a k t ə
snorken	s n ɔ r k ə n
sofus	s o f uː s
solbjerg	s ɔ l b j ɛ r ɣ
spalter	s p a l t ə r
stamtavle	s t a m t a v l ə
straffede	s t r a f ə ð ə
svale	s v aː l ə
svindlere	s v e n l eː r ə
svømmetur	s v œ m ə t uː r
søvnen	s ø v n ə n
tintin	t e n t iː n
tjekkes	t j ɛ k ə s
tool	t oː l
torne	t ɔ r n ə
tvist	t v e s t
tø	t øːˀ
tørken	t œ r k ə n
tørv	t œ r v
udstråler	u d s t r ɔː l ə r
udtræden	u d t r ɛː d ə n
ufarlig	u f a r l i
underskrives	o n ə r s k r iː v ə s
uroen	u r oː ə n
utugt	u t o k t
vaskeægte	v a s k ə ɛ ɡ t ə
vejrudsigten	v a j r u d s e ɡ t ə n
vertikale	v ɛ r t i k aː l ə
vp	v eː p eː
vækkes	v ɛ k ə s
wash	v a s j
weekendavisen	v iː k ə n d a v iː s ə n
wei	v a jˀ
ægteskabelige	ɛ ɡ t ə s k aː b ə l i ə
ærkebiskoppen	ɛ r k ə b i s k ɔ p ə n
østlig	ø s t l i
adelig	aː d ə l i
affyres	a f yː r ə s
aflive	a f l iː v ə
afvikler	a f v e k l ə r
aktionær	a k s j o n ɛː r
alpine	a l p iː n ə
anatomisk	a n a t oː m i s k
anlæggelse	a n l ɛ ɡ ə l s ə
anmelderne	a n m ɛ l ə r n ə
bedømmer	b e d œ m ə r
bendt	b ɛ n t
berusede	b e r uː s ə ð ə
björn	b j œ r n
bollerne	b ɔ l ə r n ə
brass	b r a s
breddegrader	b r ɛ ð ə ɡ r aː d ə r
brister	b r e s t ə r
brutus	b r u t u s
byggeprojekter	b y ɡ ə p r o j ɛ k t ə r
cali	k a l i
californiens	k a l i f ɔ r n j ɛ n s
carey	k a r i
castor	k a s t ɔ r
chihuahua	s j i h u a h u a
christoffersen	k r i s t ɔ f ə r s ə n
chung	s j o n ɡ
compact	k ɔ m p a k t
coral	k o r aː l
depressioner	d e p r ɛ s j oː n ə r
diarre	d i a r ə
dir	d iː r
duffy	d u f i
dumpede	d o m p ə ð ə
dystert	d y s t ə r t
elverum	ɛ l v ə r ɔ m
erich	eː r i ç
erindrer	e r e n d r ə r
erklæres	ɛ r k l ɛː r ə s
fabrikkerne	f a b r e k ə r n ə
female	f e m aː l ə
flick	f l e k
fornægter	f ɔ r n ɛ ɡ t ə r
forstærkere	f ɔ r s t ɛ r k ə r ə
franskmanden	f r a n s k m a n ə n
frelsens	f r ɛ l s ə n s
fremførte	f r ɛ m f œ r t ə
gavl	ɡ a vˀ l
generisk	ɡ e n eː r i s k
genstandene	ɡ ɛ n s t a n ə n ə
gnider	ɡ n iː d ə r
grafiker	ɡ r a f i k ə r
hamle	h a m l ə
hawks	h a w k s
heltene	h ɛ l t ə n ə
herskerinde	h ɛ r s k ə r e n ə
heteroseksuelle	h e t ə r o s ɛ k s u ɛ l ə
hornslet	h ɔ r n s l ɛ t
hut	h u t
hå	h ɔːˀ
hævdes	h ɛ v d ə s
indikationer	e n d i k a ɕ oˀ n ə r
indkaldelse	e n k a l d ə l s ə
inga	e n ɡ a
isbjørn	i s b j œ r n
jacksons	j a k s ɔ n s
jensdatter	j ɛ n s d a t ə r
juelsminde	j uː ə l s m e n ə
kalve	k a l v ə
kaplan	k a p l aː n
kiki	k i k i
knalder	k n a l ə r
korridoren	k ɔ r i d oː r ə n
kubrick	k u b r e k
kvantitative	k v a n t i t a t iː v ə
kødboller	k ø d b ɔ l ə r
køkkener	k ø k ə n ə r
ligestillede	l iː ə s t e l ə ð ə
ligeværdige	l iː ə v ɛ r d i ə
losseplads	l ɔ s ə p l a s
lovsang	l ɔ v s a n ɡ
lure	l uː r ə
læges	l ɛː ɣ ə s
læselyst	l ɛː s ə l ø s t
malte	m a l t ə
maner	m aː n ə r
many	m a n y
manøvrer	m a n ø v r ə r
marcherer	m a r s j eː r ə r
maritim	m a r i t iː m
martine	m a r t iː n ə
mask	m a s k
middelklassen	m i d ə l k l a s ə n
minoritet	m i n o r i t eː t
motorens	m o t o r ɛ n s
musikeren	m u s i k eː r ə n
myterne	m y t ə r n ə
nordlys	n o r l yː s
nyheds	n y h e s
nærede	n ɛː r ə ð ə
opløste	ɔ p l ø s t ə
overhalede	ɔ v ə r h aː l ə ð ə
overvandt	ɔ v ə r v a n t
own	ɔ w n
palæet	p a l ɛː ə ð
pam	p a m
paraden	p a r aː d ə n
patriotisk	p a t r i oː t i s k
pjece	p j ɛː s ə
plug	p l uːˀ
politikeren	p o l i t i k eː r ə n
poter	p o t ə r
propper	p r ɔ p ə r
pådraget	p ɔ d r aː ɣ ə ð
radioaktivitet	r a d i o a k t i v i t eː t
rettelser	r ɛ t ə l s ə r
skaldet	s k a l ə ð
skovl	s k ɔ vˀ l
skrabet	s k r aː b ə ð
sløve	s l øː v ə
splitter	s p l e t ə r
sportslig	s p ɔ r t s l i
steger	s t a j ə r
strejken	s t r a j k ə n
stædige	s t ɛː d i ə
svaner	s v aː n ə r
svig	s v iːˀ
synden	s ø n ə n
tegneserien	t a j n ə s eː r i ə n
tilblivelsen	t e l b l iː v ə l s ə n
tilgiver	t e l ɡ iː v ə r
tipper	t e p ə r
tolerere	t o l ə r eː r ə
udregnes	u d r a j n ə s
urne	u r n ə
user	uː s ə r
vesthimmerlands	v ɛ s t h e m ə r l a n s
vestvolden	v ɛ s t v ɔ l ə n
yngle	ø n ɡ l ə
økser	ø k s ə r
über	yː b ə r
aborter	a b ɔ r t ə r
afsenderen	a f s ɛ n d eː r ə n
annes	a n ə s
ansættes	a n s ɛ t ə s
antikken	a n t e k ə n
antropologi	a n t r o p o l o ɡ iː
arbejderbevægelsens	a r b a j d ə r b e v ɛː ɡ ə l s ɛ n s
astrologi	a s t r o l o ɡ iː
baden	b aː d ə n
ballast	b a l a s t
barak	b a r a k
batista	b a t i s t a
befæstede	b e f ɛ s t ə ð ə
bermuda	b ɛ r m uː d a
bestilles	b e s t e l ə s
blondie	b l ɔ n d i ə
boe	b oː ə
brahe	b r aː h ə
bremserne	b r ɛ m s ə r n ə
brody	b r oː d y
bærrene	b ɛ r ə n ə
cassius	k a s j u s
celsius	s ɛ l s j u s
cuppen	k o p ə n
cute	k uː t ə
cyril	s y r iː l
deaktivere	d e a k t i v eː r ə
department	d e p a r t m ɛ n t
diske	d e s k ə
django	d j a n ɡ o
dåsen	d ɔː s ə n
dælme	d ɛ l m ə
düsseldorf	d y s ə l d ɔ r f
eksportere	ɛ k s p ɔ r t eː r ə
etiketten	e t i k ɛ t ə n
expert	ɛ k s p ɛ r t
fabrikant	f a b r i k a n t
fagene	f aː ɣ ə n ə
farezonen	f a r ə s oː n ə n
fargo	f a r ɡ o
fasten	f a s t ə n
fingerpeg	f e n ɡ ə r p a j
fjenderne	f j ɛ n ə r n ə
formularer	f ɔ r m u l aː r ə r
fornyede	f ɔ r n yː ə ð ə
forstoppelse	f ɔ r s t ɔ p ə l s ə
fortov	f ɔ r t ɔ v
fortræffelig	f ɔ r t r ɛ f ə l i
fragtskib	f r a k t s k iː b
franck	f r a n k
franskbrød	f r a n s k b r øː d
fremmøde	f r ɛ m øː ð ə
fårup	f ɔ r u p
færdiggørelse	f ɛ r d i ɡ øː r ə l s ə
gavle	ɡ a v l ə
gendanne	ɡ ɛ n d a n ə
genvinder	ɡ ɛ n v e n ə r
genvundet	ɡ ɛ n v o n ə ð
geværet	ɡ e v ɛː r ə ð
ginny	ɡ i n i
golfbanen	ɡ ɔ l f b aː n ə n
gynge	ɡ ø n ɡ ə
habil	h a b iː l
halse	h a l s ə
hamrede	h a m r eː ð ə
handsken	h a n s k ə n
havbrug	h a v b r uːˀ
hjemmearbejde	j ɛ m ə a r b a j d ə
honolulu	h o n o l u l u
horne	h ɔ r n ə
hvam	v a m
indgås	e n ɡ ɔː s
ins	e n s
institutionelle	e n s t i t u s j o n ɛ l ə
io	iː o
joaquin	j o a k iː n
kalenderår	k a l ɛ n ə r ɔː r
kalken	k a l k ə n
kapret	k a p r ɛ t
kartoffelmos	k a r t ɔ f ə l m oː s
kløerne	k l øː ə r n ə
konkurrenten	k ɔ n k u r ɛ n t ə n
konservativt	k ɔ n s ɛ r v a t i v t
kontaktlinser	k ɔ n t a k t l e n s ə r
kora	k oː r a
kradser	k r a s ə r
kulturstyrelsen	k u l t u r s t yː r ə l s ə n
kyndig	k ø n d i
kæderne	k ɛː d ə r n ə
kærlighedsliv	k ɛ r l i h eː d s l iː v
landeveje	l a n ə v a j ə
lejes	l a j ə s
lidende	l iː ð ə n ə
lok	l ɔ k
lokaliteten	l o k a l i t eː t ə n
loves	l ɔː v ə s
lænket	l ɛ n k ə ð
løgnen	l ø j n ə n
lønstrup	l œ n s t r u p
mangelvare	m a n ɡ ə l v aː r ə
maple	m a p l ə
margarine	m a r ɡ a r iː n ə
marino	m a r iː n o
maskinens	m a s k i n ɛ n s
medikamenter	m e d i k a m ɛ n t ə r
meningitis	m e n e n ɡ i t i s
monk	m ɔ n k
musikbranchen	m u s e k b r a n s j ə n
nap	n a p
nashville	n a s v e l ə
nominelle	n o m i n ɛ l ə
nærkamp	n ɛ r k a m p
næser	n ɛː s ə r
observer	ɔ b s ɛ r v ə r
opkøbe	ɔ p k øː b ə
opkøber	ɔ p k øː b ə r
opvasken	ɔ p v a s k ə n
overdragelsen	ɔ v ə r d r aː ɣ ə l s ə n
piber	p iː b ə r
platt	p l a t
potten	p ɔ t ə n
prikkede	p r e k ə ð ə
protestantiske	p r o t ə s t a n t i s k ə
provinser	p r o v e n s ə r
psykotiske	s y k oː t i s k ə
qi	k iː
rapporteres	r a p ɔ r t eː r ə s
reaktorer	r e a k t oː r ə r
rosiner	r o s iː n ə r
røgfrit	r ø j f r i t
safran	s a f r aː n
seg	s a jˀ
sharia	s j a r i a
skolevæsen	s k oː l ə v ɛː s ə n
skæbnesvangre	s k ɛː b n ə s v a n ɡ r ə
skælde	s k ɛ l ə
slaven	s l aː v ə n
slebet	s l eː b ə ð
slynge	s l ø n ɡ ə
smuglet	s m uː l ə ð
snuble	s n uː b l ə
stad	s t a ð
syndromet	s ø n d r oː m ə ð
teaterstykke	t e aː t ə r s t ø k ə
tingbjerg	t e n ɡ b j ɛ r ɣ
udleve	u d l eː v ə
udnævnes	u d n ɛ v n ə s
udtømt	u d t œ m t
undertrykker	o n ə r t r ø k ə r
vejkryds	v a j k r y s
videbæk	v iː ð ə b ɛ k
vinkelret	v e n k ə l r ɛ t
virk	v i r k
volder	v ɔ l ə r
væver	v ɛː v ə r
øjekast	ø j ə k a s t
økonomier	ø k o n o m iː ə r
affødt	a f ø t
afskrække	a f s k r ɛ k ə
alvoren	a l v oː r ə n
amin	a m iː n
arbejdsstyrke	a r b a j d s s t y r k ə
arkitekterne	a r k i t ɛ k t ə r n ə
arkivalier	a r k i v a l j ə r
asfalten	a s f a l t ə n
atombomben	a t ɔ m b ɔ m b ə n
audiens	a v d j ɛ n s
ballen	b a l ə n
banditter	b a n d i t ə r
bassiner	b a s iː n ə r
beklagelse	b e k l aː ɣ ə l s ə
beredt	b e r e t
berøvet	b e r øː v ə ð
beskadige	b e s k aː d i ə
beskæres	b e s k ɛː r ə s
blikkenslager	b l e k ə n s l aː ɣ ə r
bluff	b l o f
boa	b oː a
brain	b r a iː n
brast	b r a s t
brink	b r e n k
brom	b r ɔ m
buckley	b o k l i
cats	k a t s
chin	s j iː n
clare	k l aː r ə
concordia	k ɔ n k ɔ r d i a
cour	k uː r
dalum	d a l ɔ m
destroyer	d e s t r ø j ə r
disciplene	d i s i p l eː n ə
dopamin	d o p a m iː n
drastiske	d r a s t i s k ə
dressur	d r ɛ s uː r
duff	d o f
døbe	d øː b ə
egoistiske	e ɡ o i s t i s k ə
ejnar	a j n a r
ernesto	ɛ r n ə s t oː
fanatisk	f a n aː t i s k
fanatiske	f a n aː t i s k ə
farvestrålende	f a r v ə s t r ɔː l ə n ə
feer	f eː ə r
folie	f o l j ə
folkemord	f ɔ l k ə m oː r
formationen	f ɔ r m a ɕ oˀ n ə n
forstille	f ɔ r s t e l ə
forsvarsadvokat	f ɔ r s v a r s a d v o k aː t
frelste	f r ɛ l s t ə
fundamenter	f ɔ n d a m ɛ n t ə r
førerens	f ø r ə r ɛ n s
grams	ɡ r a m s
gryder	ɡ r yː d ə r
gyder	ɡ yː d ə r
hamster	h a m s t ə r
helles	h ɛ l ə s
hems	h ɛ m s
hjallerup	j a l ə r u p
hurup	h u r u p
hvorigennem	v ɔ r i ɡ ɛ n ə m
hypoteser	h y p o t eː s ə r
håndkraft	h ɔ n k r a f t
hævnen	h ɛ v n ə n
højne	h ɔ j n ə
højskoler	h ø j s k oː l ə r
ihærdige	i h ɛ r d i ə
ildkraft	i l k r a f t
importen	e m p ɔ r t ə n
indkommende	e n k ɔ m ə n ə
indlæggelse	e n l ɛ ɡ ə l s ə
indrettes	e n d r ɛ t ə s
kantine	k a n t iː n ə
karoline	k a r o l iː n ə
kendisser	k ɛ n d i s ə r
kevins	k e v e n s
koldinghus	k ɔ l d e n ɡ h uː s
kolera	k o l eː r a
kommunisme	k ɔ m u n i s m ə
korridorer	k ɔ r i d oː r ə r
kræftfremkaldende	k r ɛ f t f r ɛ m k a l ə n ə
kähler	k ɛ l ə r
kørerne	k ø r ə r n ə
lagune	l a ɡ uː n ə
laugesen	l a v ə s ə n
laurids	l a v r i s
lejekontrakt	l a j ə k ɔ n t r a k t
lennox	l ɛ n ɔ k s
levebrød	l ɛː v ə b r øː d
louvre	l uː v r ə
lupus	l u p u s
manifestation	m a n i f ə s t a ɕ oˀ n
manualer	m a n u aː l ə r
medicine	m e d i s iː n ə
minds	m e n s
mir	m iː r
modellens	m o d ə l ɛ n s
mumbai	m o m b a j
mussolini	m u s o l i n iː
myanmar	m y a n m a r
nazismen	n a s i s m ə n
nitro	n i t r oː
nynne	n ø n ə
nævneværdig	n ɛ v n ə v ɛ r d i
nødderne	n ø d ə r n ə
opgørelser	ɔ p ɡ øː r ə l s ə r
opløser	ɔ p l øː s ə r
opstandelsen	ɔ p s t a n ə l s ə n
overfør	ɔ v ə r f øː r
overkanten	ɔ v ə r k a n t ə n
overlades	ɔ v ə r l aː d ə s
patti	p a t i
paw	p a w
pax	p a k s
peach	p iː s
pionerer	p i o n eː r ə r
planeterne	p l a n ə t ɛ r n ə
plukker	p l o k ə r
pole	p oː l ə
politikommissær	p o l i t i k ɔ m i s ɛː r
pork	p ɔ r k
praktiseres	p r a k t i s eː r ə s
product	p r o d o k t
profile	p r o f iː l ə
publicerede	p u b l i s eː r ə ð ə
pusten	p o s t ə n
påskønnelse	p ɔ s k œ n ə l s ə
repræsentationer	r ɛ p r ɛ s ə n t a ɕ oˀ n ə r
resistente	r ɛ s i s t ɛ n t ə
resumé	r ɛ s y m e
russ	r u s
sama	s aː m a
santana	s a n t aː n a
scandlines	s k a n l iː n ə s
sekondløjtnant	s e k ɔ n l ø j t n a n t
sener	s eː n ə r
sheppard	s j ɛ p a r
silk	s e l k
skribenten	s k r i b ɛ n t ə n
skræddersyet	s k r ɛ ð ə r s yː ə ð
skælder	s k ɛ l ə r
smækker	s m ɛ k ə r
snede	s n eː ð ə
snot	s n ɔ t
spande	s p a n ə
stable	s t aː b l ə
stellet	s t ɛ l ə ð
stime	s t a j m ə
sysler	s y s l ə r
sårbart	s ɔ r b a r t
sæden	s ɛː ð ə n
søfart	s ø f a r t
sømmene	s œ m ə n ə
søvne	s ø v n ə
tamme	t a m ə
tarmene	t a r m eː n ə
transaktion	t r a n s a k s j oː n
trolle	t r ɔ l ə
træernes	t r ɛː ə r n ə s
turbulent	t u r b u l ɛ n t
ubrudt	u b r u t
varmes	v a r m ə s
varulve	v a r u l v ə
viii	v iː i
vindruer	v e n d r uː ə r
vitus	v i t u s
vorherre	v ɔ r h ɛ r ə
værner	v ɛ r n ə r
wolfgang	v ɔ l f ɡ a n ɡ
wolves	v ɔ l v ə s
yves	yː v ə s
zimbabwe	s e m b aː b v ə
alexa	a l ɛ k s a
allersidst	a l ə r s i s t
alsace	a l s aː s ə
ams	a m s
anstalten	a n s t a l t ə n
antænde	a n t ɛ n ə
ariana	a r i aː n a
asp	a s p
balboa	b a l b oː a
bedraget	b e d r aː ɣ ə ð
behjælpelig	b e j ɛ l p ə l i
bekende	b e k ɛ n ə
berliner	b ɛ r l iː n ə r
biomasse	b i o m a s ə
blændet	b l ɛ n ə ð
bosættelser	b o s ɛ t ə l s ə r
bow	b ɔ w
brahms	b r a m s
buff	b o f
bås	b ɔː s
bønne	b œ n ə
cable	k aː b l ə
campingpladser	k a m p e n ɡ p l a s ə r
carolyn	k a r o l yː n
carr	k a r
casanova	k a s a n oː v a
checker	s j ɛ k ə r
chico	s j i k o
codan	k o d aː n
cove	k ɔː v ə
craft	k r a f t
croft	k r ɔ f t
dames	d aː m ə s
deporteret	d e p ɔ r t eː r ə t
designeren	d e s i n eː r ə n
destinationen	d ɛ s t i n a ɕ oˀ n ə n
detektiver	d e t ɛ k t iː v ə r
dharma	d h a r m a
discipel	d i s i p ɛ l
dolce	d ɔ l s ə
downey	d ɔ w n i
dræner	d r ɛː n ə r
dusty	d u s t yː
ebola	e b oː l a
eksakt	ɛ k s a k t
elektriciteten	e l ɛ k t r i s i t eː t ə n
energier	eː n ə r ɡ iː ə r
erhvervsfolk	ɛ r v ɛ r v s f ɔ l k
erhvervsuddannelser	ɛ r v ɛ r v s u d a n ə l s ə r
fantaserer	f a n t a s eː r ə r
fastansat	f a s t a n s a t
femme	f ɛ m ə
filskov	f i l s k ɔ v
folkekirke	f ɔ l k ə k i r k ə
forlagt	f ɔ r l a k t
forlovelsen	f ɔ r l ɔ v ə l s ə n
formandskab	f ɔ r m a n s k aː b
forstanden	f ɔ r s t a n ə n
fortræd	f ɔ r t r ɛ d
frøen	f r øːˀ ə n
fyldest	f y l ə s t
fåtal	f ɔ t aː l
gap	ɡ a p
genoptages	ɡ e n ɔ p t aː ɡ ə s
genskaber	ɡ ɛ n s k aː b ə r
harmløse	h a r m l øː s ə
hestehale	h ɛ s t ə h aː l ə
hjemvendt	j ɛ m v ɛ n t
hjælpeløs	j ɛ l p ə l øː s
hours	h uː r s
hvisken	v e s k ə n
hylende	h yː l ə n ə
ibrahim	i b r a h iː m
idestrup	iː d ə s t r u p
idylliske	i d y l i s k ə
indlagte	e n l a ɡ t ə
indtaste	e n t a s t ə
instruerer	e n s t r u eː r ə r
jakobs	j a k ɔ p s
jansen	j a n s ə n
jumbo	j o m b o
kandidatuddannelse	k a n d i d a t u d a n ə l s ə
kansleren	k a n s l eː r ə n
kapper	k a p ə r
kaptajner	k a p t a j n ə r
kartoflerne	k a r t o f l ɛ r n ə
klat	k l a t
koreografi	k o r e o ɡ r a f iː
krydderurter	k r y ð ə r u r t ə r
krænke	k r ɛ n k ə
kuperede	k u p ə r eː ð ə
køller	k ø l ə r
laboratorie	l a b o r a t oː r i ə
lilo	l iː l o
lindø	l e n d ø
lodder	l ɔ d ə r
luret	l u r ɛ t
læreruddannelsen	l ɛː r ə r u d a n ə l s ə n
løberen	l øː b ə r ə n
magdalene	m a v d aː l ə n ə
making	m a k e n ɡ
manga	m a n ɡ a
mellemstor	m ɛ l ə m s t ɔ r
menneskesyn	m ɛ n ə s k ə s yː n
mercia	m ɛ r s j a
merpris	m ɛ r p r iː s
musketerer	m u s k ə t eː r ə r
natklubben	n a t k l o b ə n
nygifte	n y ɡ i f t ə
omdannelsen	ɔ m d a n ə l s ə n
omlagt	ɔ m l a ɡ t
omx	ɔ m k s
onsdagen	ɔ n s d aː ɣ ə n
oplære	ɔ p l ɛː r ə
opstanden	ɔ p s t a n ə n
overdækkede	ɔ v ə r d ɛ k ə ð ə
overhale	ɔ v ə r h aː l ə
paralleller	p a r a l ɛ l ə r
parameter	p a r a m eː t ə r
parrer	p a r ə r
polens	p o l ɛ n s
politimanden	p o l i t i m a n ə n
prikken	p r e k ə n
påføres	p ɔ f øː r ə s
radiostation	r a d i o s t a ɕ oˀ n
rangerer	r a n ɡ eː r ə r
realiteter	r e a l i t eː t ə r
realiteterne	r e a l i t eː t ə r n ə
resistens	r ɛ s i s t ɛ n s
rokker	r ɔ k ə r
rwanda	r v a n d a
sabbatår	s a b a t ɔː r
salver	s a l v ə r
sammenkomster	s a m ə n k ɔ m s t ə r
sareen	s a r eː ə n
sejret	s a j r ə ð
singles	s e n ɡ l ə s
skjules	s k j uː l ə s
skye	s k yː ə
skændtes	s k ɛ n t ə s
smedet	s m eː ð ə ð
smitsomme	s m i t s ɔ m ə
smoke	s m oː k ə
smække	s m ɛ k ə
snigende	s n iː ə n ə
sonne	s ɔ n ə
sour	s uː r
spectre	s p ɛ k t r ə
stores	s t oː r ə s
struben	s t r uː b ə n
stumme	s t o m ə
søjlerne	s ø j l ə r n ə
tankstationer	t a n k s t a ɕ oˀ n ə r
television	t e l e v i s j oː n
toer	t oː ə r
typografi	t y p o ɡ r a f iː
tærter	t ɛ r t ə r
tørres	t œ r ə s
udskejelser	u ð s k a j ə l s ə r
udspillede	u d s p e l ə ð ə
udtænke	u d t ɛ n k ə
uf	u f
ufrivilligt	u f r i v i l i t
uskrevne	u s k r ɛ v n ə
vanedannende	v aː n ə d a n ə n ə
vermund	v ɛ r m o n d
vitser	v i t s ə r
wiley	v iː l i
wings	v e n ɡ s
ånderne	ɔ n ə r n ə
ægtefællen	ɛ ɡ t ə f ɛ l ə n
ærmerne	ɛ r m ə r n ə
øjeblikkelige	ø j ə b l e k ə l i ə
abby	a b i
aborre	a b ɔ r ə
appetitten	a p ə t i t ə n
apr	a p r
arktisk	a r k t i s k
arterne	a r t ɛ r n ə
azkaban	a s k a b aː n
basil	b a s iː l
bestride	b e s t r iː ð ə
betændt	b e t ɛ n t
birte	b i r t ə
boblen	b oː b l ə n
brager	b r aː ɣ ə r
brandts	b r a n t s
brewster	b r ɛ v s t ə r
brilliant	b r i l j a n t
bucks	b o k s
byttehandel	b y t ə h a n ə l
callahan	k a l a h aː n
charlottenborg	s j a r l ɔ t ə n b ɔ r ɡ
chinatown	s j i n a t ɔ w n
cobb	k ɔ b
como	k oː m o
crow	k r ɔ w
diagnostik	d i a ɡ n o s t i k
dialoger	d i a l oː ɡ ə r
dinner	d e n ə r
dyppe	d y p ə
ec	ɛ s
economist	e k o n o m i s t
eksplosivt	ɛ k s p l o s i v t
ekstase	ɛ k s t aː s ə
fabricius	f a b r i s j u s
fabrikkens	f a b r e k ə n s
fastlægges	f a s t l ɛ ɡ ə s
feminin	f e m i n iː n
feministisk	f e m i n i s t i s k
finanserne	f i n a n s ə r n ə
foldes	f ɔ l ə s
forkant	f ɔ r k a n t
forkortelser	f ɔ r k ɔ r t ə l s ə r
fornærme	f ɔ r n ɛ r m ə
forseglede	f ɔ r s a j l eː ð ə
frakker	f r a k ə r
frygtløs	f r ø k t l øː s
frækkert	f r ɛ k ə r t
fuldkomne	f u l k ɔ m n ə
fyldige	f y l d i ə
fængsle	f ɛ n ɡ s l ə
galskaben	ɡ a l s k aː b ə n
ganges	ɡ a n ɡ ə s
garanterede	ɡ a r a n t eː r ə ð ə
generøst	ɡ eː n ə r ø s t
gladys	ɡ l a d yː s
gravplads	ɡ r a v p l a s
grædt	ɡ r ɛ t
guerrero	ɡ ɛ r ə r oː
hannerne	h a n ə r n ə
hein	h a jˀ n
heinz	h a j n s
hejse	h a j s ə
hjerterytme	j ɛ r t ə r ø t m ə
hjorten	j ɔ r t ə n
holdbare	h ɔ l b aː r ə
hunds	h o n s
hvilet	v iː l ə ð
hvoriblandt	v o r i b l a n t
hælen	h ɛː l ə n
illustrerede	i l u s t r eː r ə ð ə
indlægge	e n l ɛ ɡ ə
indlæst	e n l ɛ s t
indvilliger	e n v e l i ə r
irwin	i r v iː n
istedgade	i s t ɛ d ɡ aː d ə
jameson	j aː m ə s oː n
jarlen	j a r l ə n
kalksten	k a l k s t eː n
karismatiske	k a r i s m aː t i s k ə
kasakhstan	k a s a k s t a n
kathryn	k a t r øː n
klodser	k l ɔ s ə r
komikere	k o m i k eː r ə
komite	k o m i t ə
krak	k r a k
kristelig	k r e s t ə l i
kulisse	k u l i s ə
kulissen	k u l i s ə n
kyniske	k yː n i s k ə
lidenskabelige	l iː ð ə n s k aː b ə l i ə
litt	l i t
lokomotiv	l o k o m o t iː v
lübeck	l y b ɛ k
melankoli	m e l a n k o l iː
menneskesønnen	m ɛ n ə s k ə s œ n ə n
mentalitet	m ɛ n t a l i t eː t
minimalistiske	m i n i m a l i s t i s k ə
mug	m uːˀ
mundkurv	m o n k o r v
murens	m u r ɛ n s
myrder	m y r d ə r
myspace	m y s p aː s ə
månedlig	m ɔː n ə ð l i
mølby	m ø l b yː
natteliv	n a t ə l iː v
nattevagt	n a t ə v a k t
omskåret	ɔ m s k ɔː r ə ð
opsamle	ɔ p s a m l ə
optimere	ɔ p t i m eː r ə
optrin	ɔ p t r iː n
pakistanske	p a k i s t aː n s k ə
pillow	p i l ɔ w
pines	p iː n ə s
pippin	p i p iː n
protection	p r o t ɛ k s j oː n
pryder	p r yː d ə r
påskeferie	p ɔ s k ə f eː r i ə
randolph	r a n d ɔ l f
rasler	r a s l ə r
regulerede	r ɛ ɡ u l eː r ə ð ə
retslige	r ɛ t s l iː ə
retsmøde	r ɛ t s m øː ð ə
riste	r e s t ə
rumvæsen	r ɔ m v ɛː s ə n
rørvig	r œ r v i
sabine	s a b iː n ə
saldo	s a l d o
sanskrit	s a n s k r i t
sass	s a s
serienummer	s e r i ə n o m ə r
skate	s k aː t ə
skydebane	s k yː d ə b aː n ə
slusen	s l uː s ə n
smørret	s m œ r ə ð
sona	s oː n a
speaker	s p iː k ə r
staden	s t aː d ə n
stalins	s t a l e n s
stile	s t iː l ə
svævede	s v ɛː v ə ð ə
svømmehallen	s v œ m ə h a l ə n
sympatisører	s ø m p a t i s øː r ə r
sørensens	s øː r ə n s ɛ n s
territorie	t ɛ r i t oː r i ə
tjekkoslovakiet	t j ɛ k o s l o v a k iː ə ð
torsdagen	t ɔ r s d aː ɣ ə n
turtle	t u r t l ə
tærten	t ɛ r t ə n
udgivne	u d ɡ i v n ə
udløbsdatoen	u d l ø b s d a t oː ə n
udmattende	u d m a t ə n ə
ulden	u l ə n
ungdomshus	ɔ n ɡ d ɔ m s h uː s
usandsynlig	u s a n s yː n l i
uther	u t ə r
uvisse	u v i s ə
vandløbene	v a n l øː b ə n ə
vestjyllands	v ɛ s t j y l a n s
vestligt	v ɛ s t l i t
vettel	v ɛ t ə l
vildkat	v i l k a t
vildskab	v i l s k aː b
vogue	v ɔ ɡ ə
warwick	v a r v e k
ystad	y s t a d
ådalen	ɔ d aː l ə n
åer	ɔː ə r
afholdenhed	a f h ɔ l ə n h e ðˀ
aktieselskaber	a k t iː s ə l s k aː b ə r
amish	a m i s j
ansættelser	a n s ɛ t ə l s ə r
antistof	a n t i s t ɔ f
arranger	a r a n ɡ ə r
atmosfæriske	a t m o s f ɛː r i s k ə
automaten	a v t o m aː t ə n
ballerina	b a l ə r iː n a
barnløse	b a r n l øː s ə
batter	b a t ə r
begavelse	b e ɡ aː v ə l s ə
belønner	b e l œ n ə r
bens	b ɛ n s
bevægelses	b e v ɛː ɡ ə l s ə s
beæret	b e ɛː r ə ð
biskopper	b i s k ɔ p ə r
blærer	b l ɛː r ə r
borer	b oː r ə r
bortgang	b ɔ r t ɡ a n ɡ
brave	b r aː v ə
breddegrad	b r ɛ ð ə ɡ r a ð
brøndum	b r œ n d ɔ m
capri	k a p r iː
carls	k a r l s
carte	k a r t ə
castillo	k a s t i l o
circus	s i r k u s
citys	s i t yː s
cockpit	k ɔ k p i t
cølibat	k ø l i b aː t
destruktiv	d e s t r u k t iː v
diskriminerende	d i s k r i m i n eː r ə n ə
doktoren	d ɔ k t oː r ə n
donau	d o n a v
dorian	d o r i æˀ n
dynamite	d y n a m i t ə
dåd	d ɔː d
eksakte	ɛ k s a k t ə
elektroner	e l ɛ k t r oː n ə r
ensemble	ɛ n s ɛ m b l ə
entusiaster	ɛ n t u s j a s t ə r
fabrikanter	f a b r i k a n t ə r
feministiske	f e m i n i s t i s k ə
fjendtlighed	f j ɛ n t l i h e ðˀ
flyvemaskiner	f l yː v ə m a s k iː n ə r
forcere	f ɔ r s eː r ə
fordømme	f ɔ r d œ m ə
forsynede	f ɔ r s yː n ə ð ə
frames	f r aː m ə s
fredsaftale	f r e ð s a f t aː l ə
fries	f r iː s
frimærke	f r i m ɛ r k ə
fristen	f r e s t ə n
fritidsaktiviteter	f r i t i d s a k t i v i t eː t ə r
fyrretræ	f y r ə t r ɛː
følelsesladet	f øː l ə l s ə s l aː d ə ð
gavlen	ɡ a v l ə n
gill	ɡ i l
gæste	ɡ ɛ s t ə
gæsten	ɡ ɛ s t ə n
gættede	ɡ ɛ t ə ð ə
halle	h a l ə
hansdatter	h a n s d a t ə r
harddiske	h a r d e s k ə
heine	h a j n ə
hjerteløs	j ɛ r t ə l øː s
hollænderne	h ɔ l ɛ n ə r n ə
ibi	iː b i
kahyt	k a h y t
kain	k a iː n
kaldenavn	k a l ə n a vˀ n
kejserinden	k a j s ə r e n ə n
klaner	k l aː n ə r
klovnen	k l ɔ v n ə n
klæber	k l ɛː b ə r
kollapser	k ɔ l a p s ə r
kraftværket	k r a f t v ɛ r k ə ð
krampe	k r a m p ə
krops	k r ɔ p s
krybende	k r yː b ə n ə
krypten	k r ø p t ə n
krøb	k r øːˀ b
kysterne	k y s t ə r n ə
kæber	k ɛː b ə r
langvejs	l a n ɡ v a jˀ s
laste	l a s t ə
lat	l a t
latinamerikanske	l a t i n a m eː r i k aː n s k ə
lauritsen	l a v r i t s ə n
legolas	l e ɡ o l aː s
loren	l oː r ə n
lumen	l uː m ə n
løberne	l øː b ə r n ə
løsepenge	l øː s ə p ɛ n ɡ ə
mariah	m a r i aː
mbit	m b i t
mexicos	m ɛ k s i k oː s
middle	m i d l ə
moreno	m o r eː n o
neptun	n ɛ p t uː n
niagara	n i a ɡ aː r a
nisserne	n i s ə r n ə
nyåbnede	n y ɔː b n ə ð ə
observatører	ɔ b s ɛ r v a t øː r ə r
omkomne	ɔ m k ɔ m n ə
omkvæd	ɔ m k v ɛː d
opdræt	ɔ p d r ɛ t
overbord	ɔ v ə r b oː r
overlæger	ɔ v ə r l ɛː ɡ ə r
overnaturlig	ɔ v ə r n a t uː r l i
piben	p iː b ə n
pigers	p iː ə r s
pillede	p e l ə ð ə
pizzaen	p i t s aː ə n
plum	p l o m
pram	p r a m
prioriterede	p r i o r i t eː r ə ð ə
profilbillede	p r o f i l b i l ə ð ə
præparater	p r ɛ p a r aː t ə r
quest	k w ɛ s t
ratchet	r a t s j ɛ t
refleksioner	r ɛ f l ɛ k s j oː n ə r
reflekterende	r ɛ f l ɛ k t eː r ə n ə
regimentet	r ɛ ɡ i m ɛ n t ə t
reproducere	r ɛ p r o d j u s eː r ə
ritz	r i t s
ronin	r o n iː n
rosendahl	r oː s ə n d a l
rumstation	r ɔ m s t a ɕ oˀ n
salaten	s a l aː t ə n
sexisme	s ɛ k s i s m ə
skriftet	s k r e f t ə ð
skyline	s k y l iː n ə
snilde	s n e l ə
sommerhusområde	s ɔ m ə r h uː s ɔ m r ɔː ð ə
spillende	s p e l ə n ə
stamceller	s t a m s ɛ l ə r
stene	s t eː n ə
steril	s t e r iː l
stikord	s t i k oː r
stolper	s t ɔ l p ə r
svømmet	s v œ m ə ð
talrig	t a l r i
tappe	t a p ə
tappert	t a p ə r t
teaters	t e aː t ə r s
telecaster	t e l ə k a s t ə r
tematisk	t e m aː t i s k
terminaler	t ɛ r m i n aː l ə r
terri	t ɛ r i
tilfredsstiller	t e l f r e s s t e l ə r
tilrettelæggelse	t e l r ɛ t ə l ɛ ɡ ə l s ə
tok	t ɔ k
tracker	t r a k ə r
tran	t r aː n
triller	t r e l ə r
træsorter	t r ɛ s ɔ r t ə r
tugthus	t o k t h uː s
tunnellen	t u n ə l ə n
udbrændte	u d b r ɛ n t ə
ujævne	u j ɛ v n ə
upraktisk	u p r a k t i s k
vandtætte	v a n t ɛ t ə
vante	v a n t ə
vejnet	v a j n ə ð
vikariat	v i k a r i aː t
vindens	v e n ə n s
visual	v i s u aː l
wake	v aː k ə
wired	v iː r ə ð
yorkshire	j ɔ r k s h iː r ə
zumba	s o m b a
address	a d r ɛ s
adjunkt	a d j o n k t
afhang	a f h a n ɡ
afståelse	a f s t ɔː ə l s ə
alberte	a l b ɛ r t ə
aldo	a l d o
alfer	a l f ə r
angleterre	a n ɡ l ə t ɛ r ə
anlægsarbejdet	a n l ɛ ɡ s a r b a j d ə t
anskaffelse	a n s k a f ə l s ə
atletisk	a t l eː t i s k
atombomber	a t ɔ m b ɔ m b ə r
barrierer	b a r i eː r ə r
bekæmpelsen	b e k ɛ m p ə l s ə n
benægtelse	b e n ɛ ɡ t ə l s ə
beskyttelsesrum	b e s k ø t ə l s ə s r ɔ m
bevægelsens	b e v ɛː ɡ ə l s ɛ n s
biograferne	b i o ɡ r a f ɛ r n ə
bruhn	b r uːˀ n
bundter	b o n t ə r
californiske	k a l i f ɔ r n i s k ə
camden	k a m d ə n
cars	k a r s
celine	s e l iː n ə
chaplin	s j a p l iː n
collin	k ɔ l iː n
curt	k u r t
damme	d a m ə
delstater	d ɛ l s t aː t ə r
diamanten	d i a m a n t ə n
digger	d e ɡ ə r
dordrecht	d ɔ r d r ɛ ç t
dyste	d y s t ə
efterladenskaber	ɛ f d ɐ l aː d ə n s k aː b ə r
elfenben	ɛ l f ə n b eː n
engine	ɛ n ɡ iː n ə
falden	f a l ə n
fangsten	f a n ɡ s t eː n
fascistiske	f a s i s t i s k ə
fjernstyret	f j ɛ r n s t yː r ə ð
fjerntliggende	f j ɛ r n t l i ɡ ə n ə
fluffy	f l o f i
folkebevægelsen	f ɔ l k ə b e v ɛː ɡ ə l s ə n
fore	f oː r ə
forestår	f ɔ r ə s t ɔː r
forhandlerne	f ɔ r h a n l ə r n ə
forhistoriske	f ɔ r h i s t oː r i s k ə
forkæle	f ɔ r k ɛː l ə
forstanderen	f ɔ r s t a n d eː r ə n
fortune	f ɔ r t uː n ə
forvalte	f ɔ r v a l t ə
fulton	f u l t ɔ n
funder	f o n ə r
fængslerne	f ɛ n ɡ s l ɛ r n ə
færdiggør	f ɛ r d i ɡ øː r
gavmilde	ɡ a v m i l ə
generiske	ɡ e n eː r i s k ə
genkomst	ɡ ɛ n k ɔ m s t
gibraltar	ɡ i b r a l t a r
gigolo	ɡ i ɡ o l o
givende	ɡ iː v ə n ə
gledet	ɡ l eː ð ə ð
gon	ɡ ɔ n
gymnasie	ɡ y m n aː s i ə
hartkorn	h a r t k ɔ r n
helligdom	h ɛ l i d ɔ m
helligåndens	h ɛ l i ɡ ɔ n ə n s
henimod	h e n i m oː d
hiroshima	h i r o s h iː m a
hobbes	h ɔ b ə s
hærs	h ɛ r s
ideologier	i d e o l o ɡ iː ə r
indfriet	e n f r iː ə ð
indrømmelser	e n d r œ m ə l s ə r
inkompetente	e n k ɔ m p ə t ɛ n t ə
insekterne	e n s ɛ k t ə r n ə
inspektøren	e n s p ɛ k t øː r ə n
installerer	e n s t a l eː r ə r
intra	e n t r a
invasive	e n v a s iː v ə
iransk	i r aː n s k
isle	i s l ə
jasmine	j a s m iː n ə
jolly	j ɔ l i
justerbare	j u s t ə r b aː r ə
kapere	k a p eː r ə
kapslen	k a p s l ə n
kemp	k ɛ m p
klinikker	k l i n e k ə r
komedier	k o m eː d j ə r
konflikterne	k ɔ n f l e k t ə r n ə
konspiration	k ɔ n s p i r a ɕ oˀ n
kropstemperatur	k r ɔ p s t ɛ m p ə r a t uː r
kruset	k r uː s ə ð
kræ	k r ɛːˀ
lagene	l aː ɣ ə n ə
landkort	l a n k ɔ r t
langley	l a n ɡ l i
laseren	l a s eː r ə n
latina	l a t iː n a
lease	l iː s ə
lehmann	l eː m a n
ligenu	l iː ə n y
likør	l i k øː r
limbo	l e m b o
lyskryds	l y s k r y s
lænke	l ɛ n k ə
løsrive	l ø s r iː v ə
maatte	m aː t ə
madden	m a d ə n
mah	m aː
majoritet	m a j o r i t eː t
malin	m a l iː n
malthe	m a l t ə
margrete	m a r ɡ r eː t ə
maskuline	m a s k u l iː n ə
meditere	m e d i t eː r ə
militærbase	m i l i t ɛ r b aː s ə
mynte	m ø n t ə
nemmest	n ɛ m ə s t
omegle	o m a j l ə
omegns	o m a j n s
omskrive	ɔ m s k r iː v ə
ophavsretten	ɔ p h a v s r ɛ t ə n
oplys	ɔ p l yː s
overskæg	ɔ v ə r s k ɛː ɡ
pandemi	p a n ə m iː
pasadena	p a s a d eː n a
pavillonen	p a v i l oː n ə n
piccolo	p i k o l o
plejet	p l a j ə ð
populistiske	p o p u l i s t i s k ə
potte	p ɔ t ə
prom	p r ɔ m
prædikestolen	p r ɛ d i k ə s t oː l ə n
præmissen	p r ɛ m i s ə n
pålægger	p ɔ l ɛ ɡ ə r
racister	r a s i s t ə r
ratio	r a s j o
rejseplanen	r a j s ə p l aː n ə n
rejserne	r a j s ə r n ə
riccardo	r i k a r d o
rindende	r e n ə n ə
rivende	r iː v ə n ə
rubrikken	r u b r e k ə n
sadie	s aː d i ə
saksen	s a k s ə n
samskabelse	s a m s k aː b ə l s ə
select	s e l ɛ k t
sides	s iː d ə s
simba	s e m b a
skammen	s k a m ə n
softball	s ɔ f t b a l
solist	s o l i s t
spillerum	s p e l ə r ɔ m
spinder	s p e n ə r
staar	s t aː r
stavelser	s t a v ə l s ə r
sterile	s t e r iː l ə
stoholm	s t o h ɔ l m
stormvejr	s t ɔ r m v a jˀ r
strømpebukser	s t r œ m p ə b o k s ə r
stævnen	s t ɛ v n ə n
sydlig	s yː d l i
symbiose	s ø m b i oː s ə
synagogen	s y n a ɡ oː ə n
sølvet	s ø l v ə ð
tekstens	t ɛ k s t ɛ n s
tenkte	t ɛ n k t ə
theater	t e aː t ə r
tilskyndelse	t e l s k ø n ə l s ə
timo	t iː m o
tofu	t o f u
traktatens	t r a k t a t ɛ n s
transporterede	t r a n s p ɔ r t eː r ə ð ə
travleste	t r a v l ə s t ə
ubuntu	u b u n t u
ucl	u k l
umenneskelige	u m ɛ n ə s k ə l i ə
unicef	u n i s ɛ f
vejlby	v a j l b yː
verdun	v ɛ r d uː n
vertikal	v ɛ r t i k aː l
vier	v iː ə r
viger	v iː ə r
vive	v iː v ə
vollsmose	v ɔ l s m oː s ə
vrå	v r ɔːˀ
værtshuse	v ɛ r t s h uː s ə
ældst	ɛ l s t
abb	a b
adressere	a d r ɛ s eː r ə
affyrer	a f yː r ə r
afmærket	a f m ɛ r k ə ð
afskaffes	a f s k a f ə s
alligator	a l i ɡ aː t ə r
americans	a m e r i k a n s
amnesti	a m n ə s t iː
anatomiske	a n a t oː m i s k ə
andresen	a n d r eː s ə n
apostle	a p ɔ s t l ə
aromatiske	a r o m aː t i s k ə
atea	a t eː a
balletten	b a l ɛ t ə n
beaumont	b o m ɔ n t
beklageligt	b e k l aː ɣ ə l i t
beskåret	b e s k ɔː r ə ð
bestande	b e s t a n ə
besætter	b e s ɛ t ə r
bevirkede	b e v e r k ə ð ə
bissen	b i s ə n
bling	b l e n ɡ
byrden	b y r d ə n
cale	k aː l ə
cambodia	k a m b oː d i a
caps	k a p s
carpenter	k a r p ɛ n t ə r
cassandra	k a s a n d r a
checkede	s j ɛ k ə ð ə
ching	s j e n ɡ
controlleren	k ɔ n t r ɔ l eː r ə n
crap	k r a p
cunningham	k o n e n ɡ h a m
cykelsporten	s y k ə l s p ɔ r t ə n
debattør	d e b a t øː r
dirch	d i r s j
diskoteker	d i s k o t eː k ə r
does	d oː s
domineres	d o m i n eː r ə s
dominikanske	d o m i n i k aː n s k ə
drøfter	d r œ f t ə r
eileen	a j l eː ə n
eksporteres	ɛ k s p ɔ r t eː r ə s
engangsknald	ɛ n ɡ a n ɡ s k n a l d
eskimo	e s k iː m o
ester	ɛ s t ə r
fanatisme	f a n a t i s m ə
farmen	f a r m ə n
fejer	f a j ə r
fikseret	f e k s eː r ə ð
flygtig	f l ø k t i
fordobling	f ɔ r d oː b l e ŋ
forhistorisk	f ɔ r h i s t oː r i s k
forsætligt	f ɔ r s ɛ t l i t
fortrækker	f ɔ r t r ɛ k ə r
forurener	f ɔ r u r eː n ə r
fratages	f r a t aː ɡ ə s
fremkaldte	f r ɛ m k a l t ə
fremkomme	f r ɛ m k ɔ m ə
fremsætter	f r ɛ m s ɛ t ə r
fysikkens	f y s e k ə n s
fødeby	f øː ð ə b yː
gallup	ɡ a l u p
galten	ɡ a l t ə n
gellerup	ɡ ɛ l ə r u p
grænseflade	ɡ r ɛ n s ə f l aː d ə
haner	h aː n ə r
haste	h a s t ə
havregrød	h a v r ə ɡ r øː d
holdbart	h ɔ l b a r t
håndholdte	h ɔ n h ɔ l t ə
hørelsen	h øː r ə l s ə n
inaktive	i n a k t iː v ə
indie	e n d i ə
indkomsten	e n k ɔ m s t ə n
indrømmelse	e n d r œ m ə l s ə
installeres	e n s t a l eː r ə s
instruerede	e n s t r u eː r ə ð ə
irans	i r a n s
kal	k a l
kidnapper	k i d n a p ə r
knowles	k n ɔ w l ə s
koblede	k o b l eː ð ə
kopien	k o p i ə n
kraner	k r aː n ə r
kresten	k r ɛ s t ə n
krüger	k r yː ə r
kærtegn	k ɛ r t a j n
landmændene	l a n m ɛ n ə n ə
language	l a n ɡ u aː ɡ ə
lannister	l a n i s t ə r
lavine	l a v iː n ə
leverandøren	l ɛ v ə r a n d øː r ə n
livsfarlig	l i v s f a r l i
livslange	l i v s l a n ɡ ə
lyriske	l yː r i s k ə
lysåbne	l y s ɔː b n ə
mei	m a jˀ
mekanikere	m e k a n i k eː r ə
melo	m e l o
metz	m ɛ t s
musiske	m uː s i s k ə
mystery	m ø s t ə r yː
nevøer	n e v øːˀ ə r
neymar	n ø j m a r
noma	n oː m a
ophævelsen	ɔ p h ɛː v ə l s ə n
opsige	ɔ p s iː ə
optøjerne	ɔ p t ø j ə r n ə
orientalske	o r i ə n t aː l s k ə
osbourne	ɔ s b uː r n ə
overkroppen	ɔ v ə r k r ɔ p ə n
ox	ɔ k s
petrov	p e t r ɔ v
piet	p iː ə ð
plæne	p l ɛː n ə
proppe	p r ɔ p ə
prydet	p r yː ð ə ð
prærien	p r ɛ r i ə n
psykologien	s y k o l o ɡ iː ə n
pudder	p u d ə r
remote	r e m oː t ə
resonans	r ɛ s o n a n s
ritter	r i t ə r
rockere	r ɔ k ə r ə
romansk	r o m aː n s k
ronny	r o n i
sadler	s a d l ə r
samba	s a m b a
sammenfaldende	s a m ə n f a l ə n ə
sammenholdt	s a m ə n h ɔ l t
simpsons	s e m p s ɔ n s
skatterne	s k a t ə r n ə
skrifttype	s k r e f t t yː p ə
skriverier	s k r i v ə r iː ə r
slagtere	s l a ɡ t eː r ə
solrige	s ɔ l r iː ə
spektakulær	s p ɛ k t a k u l ɛː r
sprøjten	s p r ø j t ə n
stilart	s t i l a r t
stresse	s t r ɛ s ə
stresser	s t r ɛ s ə r
svampene	s v a m p ə n ə
sydens	s yː d ə n s
søllerød	s ø l ə r øː d
tabene	t a b eː n ə
taj	t a jˀ
tegnestue	t a j n ə s t uː ə
tranbjerg	t r a n b j ɛ r ɣ
trediverne	t r e d i v ɛ r n ə
tresserne	t r ɛ s ə r n ə
tungmetaller	t ɔ n ɡ m ə t a l ə r
tydede	t yː d ə ð ə
tæsket	t ɛ s k ə ð
udgjort	u d ɡ j ɔ r t
udtrykkelig	u d t r ø k ə l i
uforandret	u f ɔ r a n d r ɛ t
uforskammet	u f ɔ r s k a m ə ð
uhyrer	u h yː r ə r
ulejlighed	u l a j l i h e ðˀ
ulæste	u l ɛ s t ə
uniformen	u n i f ɔ r m ə n
upartisk	u p a r t i s k
vedrørte	v e ð r ø r t ə
velsignelser	v ɛ l s i n ə l s ə r
velvet	v ɛ l v ə ð
viral	v i r aː l
vittig	v i t i
vrangen	v r a n ɡ ə n
yngel	ø n ɡ ə l
årelang	ɔː r ə l a n ɡ
øjenfarve	ø j ə n f a r v ə
acceptable	a k s ɛ p t aː b l ə
afholdelsen	a f h ɔ l ə l s ə n
akvareller	a k v a r ɛ l ə r
alley	a l i
andersdatter	a n ə r s d a t ə r
ans	a n s
anstrengelse	a n s t r ɛ n ɡ ə l s ə
anstændige	a n s t ɛ n d i ə
aromatisk	a r o m aː t i s k
arriva	a r iː v a
baja	b a j a
ballerne	b a l ə r n ə
banjo	b a n j o
bedårende	b e d ɔː r ə n ə
bedøvet	b e d øː v ə ð
beholdte	b e h ɔ l t ə
bejler	b a j l ə r
bis	b iː s
bisættelse	b i s ɛ t ə l s ə
bits	b i t s
borneo	b ɔ r n eː o
bragg	b r a ɡ
bras	b r aː s
brenner	b r ɛ n ə r
brugerflade	b r uː ə r f l aː d ə
bruser	b r uː s ə r
bølgende	b ø l j ə n ə
celia	s e l j a
click	k l e k
coloplast	k o l o p l a s t
conan	k o n aː n
craven	k r aː v ə n
cylindre	s y l e n d r ə
damper	d a m p ə r
davos	d a v oː s
degn	d a j n
detective	d e t ɛ k t iː v ə
direktiver	d i r ɛ k t iː v ə r
donorer	d o n oː r ə r
enkleste	ɛ n k l ɛ s t ə
estimat	ɛ s t i m aː t
faret	f a r ɛ t
fastslås	f a s t s l ɔː s
figurerer	f i ɡ y r eː r ə r
filosoffen	f i l o s ɔ f ə n
fink	f e n k
fluen	f l uː ə n
folden	f ɔ l ə n
forfader	f ɔ r f aː d ə r
forhandleren	f ɔ r h a n l eː r ə n
forkorte	f ɔ r k ɔ r t ə
fornylig	f ɔ r n yː l i
forsørgere	f ɔ r s œ r ɡ eː r ə
fortrinlig	f ɔ r t r eː n l i
forza	f ɔ r s a
fremmet	f r ɛ m ə ð
fritter	f r e t ə r
fuldtids	f u l t i s
generende	ɡ e n eː r ə n ə
gillian	ɡ i l j aː n
grip	ɡ r i p
guldmønter	ɡ u l m ø n t ə r
haber	h aː b ə r
hacking	h a k e n ɡ
handelsretten	h a n ə l s r ɛ t ə n
heimdal	h a j m d aː l
hekseri	h ɛ k s ə r iː
hektiske	h ɛ k t i s k ə
hellighed	h ɛ l i h eː d
hestesko	h ɛ s t ə s k oː
hjemrejsen	j ɛ m r a j s ə n
hjemturen	j ɛ m t uː r ə n
hjertelig	j ɛ r t ə l i
indere	e n d eː r ə
inficere	e n f i s eː r ə
insider	e n s iː d ə r
irakisk	i r aː k i s k
iraks	i r a k s
isolerende	i s o l eː r ə n ə
jagerfly	j aː ɣ ə r f l yː
jernbanegade	j ɛ r n b aː n ə ɡ aː d ə
jussi	j u s i
kaa	k aː
kappa	k a p a
karburator	k a r b u r aː t ə r
klagen	k l aː ɣ ə n
klassikerne	k l a s i k ə r n ə
klubs	k l u p s
kulisser	k u l i s ə r
kødets	k øː ð ə ð s
landsdelen	l a n s d eː l ə n
lokalhistorisk	l o k a l h i s t oː r i s k
louises	l u iː s ə s
lutz	l u t s
lægelige	l ɛː ɣ ə l i ə
lænede	l ɛː n ə ð ə
magenta	m a ɡ ɛ n t a
marihuana	m a r i h u aː n a
massey	m a s i
medici	m e d i s iː
morer	m oː r ə r
motionscenter	m o s j o n s ɛ n t ə r
mudret	m u d r ɛ t
muldyr	m u l d yː r
mærkværdige	m ɛ r k v ɛ r d i ə
mørkebrun	m œ r k ə b r uː n
narrative	n a r a t iː v ə
natasja	n a t a s j a
notatet	n o t a t eː t
nålene	n ɔː l ə n ə
objekterne	ɔ b j ɛ k t ə r n ə
olive	o l iː v ə
ombygge	ɔ m b ø ɡ ə
optimist	ɔ p t i m i s t
ordvalg	o r v a lˀ ɣ
orig	oː r i
orkideer	ɔ r k i d eː ə r
overfalde	ɔ v ə r f a l ə
overklasse	ɔ v ə r k l a s ə
pakkerne	p a k ə r n ə
politidirektør	p o l i t i d i r ɛ k t øː r
politis	p o l i t i s
postmoderne	p ɔ s t m oː d ə r n ə
praler	p r aː l ə r
primtal	p r e m t aː l
putins	p u t eː n s
realkredit	r e a l k r e d i t
returneres	r ɛ t u r n eː r ə s
revnet	r ɛ v n ə ð
rohan	r o h aː n
rotterdam	r ɔ t ə r d a m
rusten	r o s t ə n
saadan	s aː d a n
salaam	s a l aː m
santo	s a n t o
sbi	s b iːˀ
selvet	s ɛ l v ə ð
silvia	s i l v i æ
skattesystem	s k a t ə s y s t eː m
skovle	s k ɔ v l ə
skørter	s k ø r t ə r
sla	s l a
slagets	s l aː ɣ ə ð s
slater	s l aː t ə r
sloane	s l oː aː n ə
smørum	s m øː r ɔ m
snitte	s n e t ə
sober	s oː b ə r
stationens	s t a ɕ o n ɛ n s
stjernet	s t j ɛ r n ə ð
strædet	s t r ɛː ð ə ð
sucre	s u k r ə
tackler	t a k l ə r
taktikken	t a k t e k ə n
taljen	t a l j ə n
tamara	t a m a r a
tappet	t a p ə t
thygesen	t yː ə s ə n
tilgå	t e l ɡ ɔ
tommers	t ɔ m ə r s
træstammer	t r ɛ s t a m ə r
tui	t u iː
tulipaner	t u l i p aː n ə r
tændstikker	t ɛ n s t e k ə r
tøjler	t ø j l ə r
ubesejrede	uː b ə s a j r ə ð ə
udstrakte	u d s t r a k t ə
ugyldige	u ɡ y l d i ə
ugyldigt	u ɡ y l d e ɡ t
universe	u n i v ɛ r s ə
utraditionelle	u t r a d i s j o n ɛ l ə
vat	v a t
vinderup	v e n ə r u p
vuitton	v u i t ɔ n
værtinden	v ɛ r t e n ə n
wegner	v a j n ə r
westeros	v ɛ s t ə r oː s
willow	v i l ɔ w
ærer	ɛː r ə r
abstinenser	a b s t i n ɛ n s ə r
actionfilm	a k s j oː n f i l m
aflåst	a f l ɔ s t
alper	a l p ə r
antændt	a n t ɛ n t
anvist	a n v e s t
askov	a s k ɔ v
astronomiske	a s t r o n oː m i s k ə
ballard	b a l a r
baptiste	b a p t i s t ə
bedriften	b e d r e f t ə n
berettede	b e r ɛ t ə ð ə
bibeholdt	b iː b ə h ɔ l t
bibi	b iː b i
blazer	b l aː s ə r
blommer	b l ɔ m ə r
blottede	b l ɔ t ə ð ə
blus	b l uː s
bork	b ɔ r k
bossen	b ɔ s ə n
brochuren	b r ɔ s j uː r ə n
brokkede	b r ɔ k ə ð ə
buldrer	b u l d r ə r
bullock	b u l ɔ k
byfornyelse	b y f ɔ r n yː ə l s ə
byttedyr	b y t ə d yː r
børstet	b œ r s t ə ð
caine	k a j n ə
caro	k a r o
cary	k a r i
christer	k r e s t ə r
contact	k ɔ n t a k t
converse	k ɔ n v ɛ r s ə
cp	s eː p eː
cu	k uːˀ
dedikation	d e d i k a ɕ oˀ n
defense	d e f ɛ n s ə
dekorere	d e k o r eː r ə
diktere	d e k t eː r ə
dristigt	d r e s t e k t
drøftede	d r œ f t ə ð ə
drøftelser	d r œ f t ə l s ə r
drømmende	d r œ m ə n ə
dyrlæger	d y r l ɛː ɡ ə r
då	d ɔːˀ
eksporterer	ɛ k s p ɔ r t eː r ə r
emotionelle	e m o s j o n ɛ l ə
facetter	f a s ɛ t ə r
fakler	f a k l ə r
fakultetet	f a k u l t eː t ə t
faraday	f a r a d æ j
finaler	f i n aː l ə r
finalister	f i n a l i s t ə r
fjernelsen	f j ɛ r n ə l s ə n
forarbejderne	f ɔ r a r b a j d ə r n ə
forbandelser	f ɔ r b a n ə l s ə r
fordelte	f ɔ r d ɛ l t ə
forehavende	f ɔ r ə h aː v ə n ə
forløbe	f ɔ r l øː b ə
fornyer	f ɔ r n yː ə r
forrådte	f ɔ r ɔ t ə
fostre	f ɔ s t r ə
frakørsel	f r a k ø r s ə l
frieri	f r i ə r iː
fugleliv	f uː l ə l iː v
fusioner	f u s j oː n ə r
fyldestgørende	f y l ə s t ɡ øː r ə n ə
fysikere	f y s i k eː r ə
gemma	ɡ ɛ m a
grinet	ɡ r i n eː t
guillermo	ɡ i l ə r m oː
gårdsplads	ɡ ɔ r s p l a s
halvfemserne	h a l v f ɛ m s ə r n ə
hasse	h a s ə
hathaway	h a t h a w a j
havnegade	h a v n ə ɡ aː d ə
hjemsøgte	j ɛ m s ø ɡ t ə
hjertes	j ɛ r t ə s
homme	h ɔ m ə
hønsene	h œ n s ə n ə
indtrådte	e n t r ɔ t ə
infrarødt	e n f r a r ø t
ingeniørerne	e n ɡ ə n j øː r ə r n ə
isa	iː s a
jacksonville	j a k s ɔ n v e l ə
karismatisk	k a r i s m aː t i s k
kineser	k i n eː s ə r
kke	k eː k ə
konfronterer	k ɔ n f r ɔ n t eː r ə r
konsulenter	k ɔ n s u l ɛ n t ə r
konsultere	k ɔ n s u l t eː r ə
krigsherre	k r iː s h ɛ r ə
kritiseres	k r i t i s eː r ə s
krukken	k r o k ə n
lagunen	l a ɡ uː n ə n
lanterne	l a n t ə r n ə
laurits	l a v r i t s
leader	l eː d ə r
leonora	l e o n oː r a
lexus	l ɛ k s u s
lokalhistoriske	l o k a l h i s t oː r i s k ə
lorry	l ɔ r i
løgstrup	l ø j s t r u p
mats	m a t s
medvind	m e ð v e n d
mercur	m ɛ r k uː r
milits	m i l i t s
minnie	m e n i ə
modstykke	m o ð s t ø k ə
morale	m o r aː l ə
murdoch	m u r d ɔ s
mægling	m ɛ j l e ŋ
møllerne	m ø l ə r n ə
omnium	ɔ m n i ɔ m
onkler	ɔ n k l ə r
operatøren	ɔ p ə r a t øː r ə n
oprører	ɔ p r øːˀ r ə r
oprørske	ɔ p r œ r s k ə
orientalsk	o r i ə n t aː l s k
overlapper	ɔ v ə r l a p ə r
pansrede	p a n s r eː ð ə
pier	p iː ə r
pisker	p e s k ə r
polit	p o l i t
povl	p ɔ vˀ l
proppen	p r ɔ p ə n
proud	p r uː d
provision	p r o v i s j oː n
præcedens	p r ɛ s ə d ɛ n s
påbudt	p ɔ b u t
ramses	r a m s ə s
ravne	r a v n ə
reaction	r e a k s j oː n
repræsentanterne	r ɛ p r ɛ s ə n t a n t ə r n ə
ric	r i k
rille	r i l ə
riller	r i l ə r
rulles	r u l ə s
rønnede	r œ n ə ð ə
shiva	s j iː v a
sindal	s e n d aː l
skades	s k aː d ə s
skeen	s k eː ə n
skovbrande	s k ɔ v b r a n ə
skovbunden	s k ɔ v b o n ə n
skovby	s k ɔ v b yː
skredet	s k r eː ð ə ð
skrivemaskine	s k r iː v ə m a s k iː n ə
skønnet	s k œ n ə ð
slick	s l e k
slægtens	s l ɛ ɡ t ə n s
smurte	s m u r t ə
soklen	s ɔ k l ə n
sorten	s ɔ r t ə n
spottede	s p ɔ t ə ð ə
spurs	s p u r s
stavanger	s t a v a n ɡ ə r
stina	s t iː n a
strengeste	s t r ɛ n ɡ ə s t ə
stænk	s t ɛ n k
svindelnummer	s v e n ə l n o m ə r
sæben	s ɛː b ə n
teatrets	t e a t r ɛ t s
tegltag	t a j l t a
tik	t e k
tilhængerne	t e l h ɛ n ɡ ə r n ə
tilskynde	t e l s k ø n ə
troll	t r ɔ l
uglen	uː l ə n
ukrainsk	u k r a iː n s k
varmede	v a r m eː ð ə
verdenskrigs	v ɛ r d ə n s k r iː s
vildbjerg	v i l b j ɛ r ɣ
villumsen	v i l ɔ m s ə n
væve	v ɛː v ə
zara	s aː r a
advarslen	a ð v a r s l ə n
afmærkede	a f m ɛ r k ə ð ə
afsonet	a f s oː n ə ð
aladdin	a l a d iː n
allerhøjeste	a l ə r h ø j ə s t ə
ambassadøren	a m b a s a d øː r ə n
analogt	a n a l ɔ k t
angola	a n ɡ o l a
arbejdslyst	a r b a j d s l ø s t
arrangører	a r a n ɡ øː r ə r
arturo	a r t uː r o
autenticitet	a v t ɛ n t i s i t eː t
avantgarde	a v a n ɡ a r d ə
barnsben	b a r n s b eː n
bartenderen	b a r t ə n d eː r ə n
berthelsen	b ɛ r t h ɛ l s ə n
besættes	b e s ɛ t ə s
betragt	b e t r a k t
bilbo	b i l b o
bismarck	b i s m a r k
blackberry	b l a k b ɛ r i
blænde	b l ɛ n ə
blødte	b l ø t ə
bri	b r iːˀ
bums	b o m s
cabo	k aː b o
chakra	s j a k r a
chow	s j ɔ w
cow	k ɔ w
cutler	k u t l ə r
damian	d a m i æˀ n
danni	d a n iː
davenport	d a v ə n p ɔ r t
doing	d o e n ɡ
dress	d r ɛ s
dværgen	d v ɛ r ɣ ə n
dänemark	d ɛː n ə m a r k
døber	d øː b ə r
døds	d ø s
effect	ɛ f ɛ k t
ekspedient	ɛ k s p e d j ɛ n t
erosion	e r o s j oː n
flæng	f l ɛ n ɡ
foas	f oː s
foged	f ɔː ɣ ə ð
forførelse	f ɔ r f øː r ə l s ə
forkaster	f ɔ r k a s t ə r
forpost	f ɔ r p ɔ s t
forskningsprojekter	f ɔ r s k n e ŋ s p r o j ɛ k t ə r
fortuna	f ɔ r t uː n a
fraskilte	f r a s k i l t ə
frej	f r a jˀ
fremviste	f r ɛ m v e s t ə
fuldblods	f u l b l ɔ s
fyrsten	f y r s t ə n
fysioterapi	f y s i o t e r a p iː
fængende	f ɛ n ɡ ə n ə
færdiggørelsen	f ɛ r d i ɡ øː r ə l s ə n
føtex	f ø t ɛ k s
geographic	ɡ e o ɡ r a f i k
goya	ɡ ɔ j a
græsplænen	ɡ r ɛ s p l ɛː n ə n
gårdejer	ɡ ɔ r d a j ə r
halfdan	h a l f d a n
helligdommen	h ɛ l i d ɔ m ə n
hetz	h ɛ t s
hilda	h i l a
hindu	h e n d u
hjemmekampe	j ɛ m ə k a m p ə
hoppende	h ɔ p ə n ə
husede	h uː s ə ð ə
hækkerup	h ɛ k ə r u p
hæmmende	h ɛ m ə n ə
høet	h øːˀ ə ð
ibn	iː b ə n
indrejse	e n d r a j s ə
indspiller	e n s p e l ə r
indvilligede	e n v e l i ə ð ə
indvolde	e n v ɔ l ə
inuit	i n u i t
jobb	j ɔ b
kammerherre	k a m ə r h ɛ r ə
kandidatgrad	k a n d i d a t ɡ r a ð
kang	k a n ɡ
knallerter	k n a l ə r t ə r
kofanger	k o f a n ɡ ə r
kollapse	k ɔ l a p s ə
konservatives	k ɔ n s ɛ r v a t iː v ə s
koraller	k o r a l ə r
kromosomer	k r o m o s oː m ə r
kropslige	k r ɔ p s l iː ə
krøllede	k r ø l ə ð ə
kunstart	k o n s t a r t
kætteri	k ɛ t ə r iː
labour	l a b uː r
lammede	l a m ə ð ə
landon	l a n d ɔ n
leander	l eː a n ə r
leddene	l ɛ ð ə n ə
lindsey	l e n s i
liner	l iː n ə r
lystfiskeri	l ø s t f e s k ə r iː
lytterne	l y t ə r n ə
løgner	l ø j n ə r
lønnede	l œ n ə ð ə
mandskaber	m a n s k aː b ə r
manicure	m a n i k yː r ə
mantra	m a n t r a
markører	m a r k øː r ə r
mavesækken	m aː v ə s ɛ k ə n
ministerens	m i n i s t ə r ɛ n s
mundo	m o n d o
mærkedage	m ɛ r k ə d aː ɡ ə
natascha	n a t a s j a
ods	ɔ s
officeren	ɔ f i s eː r ə n
ola	oː l a
opkaldte	ɔ p k a l t ə
overenskomsten	ɔ v ə r ə n s k ɔ m s t ə n
overklassen	ɔ v ə r k l a s ə n
oversvømmede	ɔ v ə r s v œ m ə ð ə
pal	p a l
palpatine	p a l p a t iː n ə
pessimistisk	p ɛ s i m i s t i s k
petri	p e t r iː
posterne	p ɔ s t ə r n ə
projektion	p r o j ɛ k s j oː n
provokerer	p r o v o k eː r ə r
rama	r a m a
ramasjang	r a m a s j a n ɡ
rasede	r aː s ə ð ə
recepter	r ɛ s ɛ p t ə r
retskreds	r ɛ t s k r ɛ s
roe	r oː ə
rundkørslen	r o n k ø r s l ə n
rustne	r o s t n ə
rømer	r øː m ə r
sakse	s a k s ə
samfundsmæssig	s a m f o n s m ɛ s i
sammensættes	s a m ə n s ɛ t ə s
seals	s eː a l s
sigtelser	s e k t ə l s ə r
sisse	s i s ə
skure	s k uː r ə
skønner	s k œ n ə r
slibe	s l iː b ə
snore	s n oː r ə
sovepose	s ɔ v ə p oː s ə
sportsjournalist	s p ɔ r t s j u r n a l i s t
spytter	s p ø t ə r
spået	s p ɔːˀ ə ð
stilke	s t e l k ə
sydfra	s y d f r a
symmetri	s ø m ə t r iː
sæsonkort	s ɛ s ɔ n k ɔ r t
sølvtøj	s ø l v t ø j
taylors	t æ j l ɔ r s
terkel	t ɛ r k ə l
terre	t ɛ r ə
tessa	t ɛ s a
tjernobyl	t j ɛ r n o b yː l
tolket	t ɔ l k ə ð
topskat	t ɔ p s k a t
traktater	t r a k t aː t ə r
transparent	t r a n s p a r ɛ n t
tribe	t r iː b ə
tumorer	t u m oː r ə r
tycho	t y s j o
tyktarmen	t y k t a r m ə n
udstyrede	u d s t yː r ə ð ə
udtømmende	u d t œ m ə n ə
ugeblade	uː ə b l aː d ə
undfanget	o n f a ŋˀ ə ð
upopulær	u p o p u l ɛː r
verdensmestre	v ɛ r d ə n s m ɛ s t r ə
verdensmålene	v ɛ r d ə n s m ɔː l ə n ə
videnskaber	v iː ð ə n s k aː b ə r
violette	v i o l ɛ t ə
westergaard	v ɛ s t ə r ɡ ɔː r
wo	v oːˀ
ægtemanden	ɛ ɡ t ə m a n ə n
