να	n a
του	t u
την	t i n
τησ	t i s
για	ʝ a
που	p u
τα	t a
από	a p o
σε	s e
μου	m u
τη	t i
τουσ	t u s
μασ	m a s
τι	t i
σασ	s a s
σου	s u
αν	a n
πωσ	p o s
όπωσ	o p o s
ωσ	o s
μπορεί	b o ɾ i
όχι	o ç i
στουσ	s t u s
κάνει	k a n i
χωρίσ	x o ɾ i s
ένασ	e n a s
όμωσ	o m o s
ναι	n e
προσ	p ɾ o s
οποία	o p i a
έναν	e n a n
καθώσ	k a θ o s
όλοι	o l i
επίσησ	e p i s i s
έχεισ	e ç i s
πάνω	p a n o
ασ	a s
μέροσ	m e ɾ o s
πολλά	p o l a
φορά	f o ɾ a
απο	a p o
όπου	o p u
όσο	o s o
άλλο	a l o
έγινε	e ʝ i n e
εκεί	e c i
πρώτη	p ɾ o t i
άλλη	a l i
οποίο	o p i o
γίνει	ʝ i n i
λεσ	l e s
μεγάλη	m e ɣ a l i
μεταξύ	m e t a k s i
σύμφωνα	s i ɱ f o n a
αυτόσ	a f t o s
ενόσ	e n o s
πώσ	p o s
ειναι	i n e
τέλοσ	t e l o s
είπε	i p e
όλουσ	o l u s
έκανε	e k a n e
εκτόσ	e k t o s
ακόμη	a k o m i
κόσμο	k o z m o
δυο	ð i o
πόσο	p o s o
χρόνο	x ɾ o n o
αυτέσ	a f t e s
κάνουν	k a n u n
φορέσ	f o ɾ e s
θέλει	θ e l i
κυβέρνηση	c i v e ɾ n i s i
πάλι	p a l i
έωσ	e o s
ίδιο	i ð i o
εμείσ	e m i s
μόλισ	m o l i s
άλλα	a l a
αφού	a f u
μεγάλο	m e ɣ a l o
πάει	p a i
πω	p o
κάνεισ	k a n i s
ποιοσ	p i o s
άνθρωποι	a n θ ɾ o p i
κανείσ	k a n i s
λένε	l e n e
όλεσ	o l e s
οτι	o t i
πρώτο	p ɾ o t o
όλη	o l i
τελικά	t e l i k a
τρόπο	t ɾ o p o
ώρεσ	o ɾ e s
μέρεσ	m e ɾ e s
πολιτική	p o l i t i c i
πράγματα	p ɾ a ɣ m a t a
δείτε	ð i t e
θεσ	θ e s
στοιχεία	s t i ç i a
ανθρώπουσ	a n θ ɾ o p u s
εσείσ	e s i s
ελληνική	e l i n i c i
καλύτερα	k a l i t e ɾ a
σχέση	s ç e s i
τρεισ	t ɾ i s
επί	e p i
μάλιστα	m a l i s t a
κάνουμε	k a n u m e
πει	p i
άλλεσ	a l e s
μπορείτε	b o ɾ i t e
φαίνεται	f e n e t e
ίσωσ	i s o s
αυτούσ	a f t u s
σχεδόν	s ç e ð o n
δω	ð o
πρώτα	p ɾ o t a
άνθρωποσ	a n θ ɾ o p o s
αποτελεί	a p o t e l i
εκ	e k
μπροστά	b ɾ o s t a
αρκετά	a ɾ c e t a
γύρω	ʝ i ɾ o
λάθοσ	l a θ o s
βάση	v a s i
ελλάδασ	e l a ð a s
μπορείσ	b o ɾ i s
πάρει	p a ɾ i
σειρά	s i ɾ a
πρόεδροσ	p ɾ o e ð ɾ o s
σημαίνει	s i m e n i
υπό	i p o
έλληνεσ	e l i n e s
ζωήσ	z o i s
κάνετε	k a n e t e
καμία	k a m i a
πάμε	p a m e
πασ	p a s
τμήμα	t m i m a
άτομα	a t o m a
εαυτό	e a f t o
πια	p ç a
πρώην	p ɾ o i n
χρήση	x ɾ i s i
όσα	o s a
άλλουσ	a l u s
δει	ð i
δικό	ð i k o
κυρίωσ	c i ɾ i o s
μήνεσ	m i n e s
φίλε	f i l e
ακριβώσ	a k ɾ i v o s
αγώνα	a ɣ o n a
δρόμο	ð ɾ o m o
πεσ	p e s
αυτήν	a f t i n
είτε	i t e
ενα	e n a
ετών	e t o n
χώρασ	x o ɾ a s
θέλουν	θ e l u n
κόσμοσ	k o z m o s
σημαντικό	s i m a n d i k o
λεπτά	l e p t a
χθεσ	x θ e s
κανένα	k a n e n a
μέλη	m e l i
μήπωσ	m i p o s
ανάμεσα	a n a m e s a
γεγονόσ	ʝ e ɣ o n o s
καιρό	c e ɾ o
μουσική	m u s i c i
τέτοια	t e t i a
άλλων	a l o n
εάν	e a n
θέλετε	θ e l e t e
μικρή	m i k ɾ i
παιχνίδι	p e x n i ð i
συμφωνία	s i ɱ f o n i a
σχέδιο	s ç e ð i o
άλλοι	a l i
δήμου	ð i m u
δεισ	ð i s
καλύτερο	k a l i t e ɾ o
οποίεσ	o p i e s
πλευρά	p l e v ɾ a
ξέρει	k s e ɾ i
πατέρασ	p a t e ɾ a s
χώρο	x o ɾ o
άλλοσ	a l o s
εμένα	e m e n a
βέβαια	v e v e a
δική	ð i c i
έδωσε	e ð o s e
αμέσωσ	a m e s o s
ανάπτυξη	a n a p t i k s i
δίνει	ð i n i
εθνική	e θ n i c i
εκλογέσ	e k l o ʝ e s
επόμενη	e p o m e n i
ηταν	i t a n
μεγαλύτερη	m e ɣ a l i t e ɾ i
φίλοι	f i l i
αυτο	a f t o
δούμε	ð u m e
θέσεισ	θ e s i s
καμιά	k a m ɲ a
κόσμου	k o z m u
μερικέσ	m e ɾ i c e s
συνήθωσ	s i n i θ o s
συχνά	s i x n a
χώρεσ	x o ɾ e s
αρέσει	a ɾ e s i
θεσσαλονίκησ	θ e s a l o n i c i s
πάνε	p a n e
ταινία	t e n i a
είπα	i p a
ελληνικήσ	e l i n i c i s
επίθεση	e p i θ e s i
επίπεδο	e p i p e ð o
πληροφορίεσ	p l i ɾ o f o ɾ i e s
τύπου	t i p u
ήθελα	i θ e l a
βρίσκονται	v ɾ i s k o n d e
γιοσ	ʝ o s
γονείσ	ɣ o n i s
κυβέρνησησ	c i v e ɾ n i s i s
μήνα	m i n a
μόνοσ	m o n o s
πήγε	p i ʝ e
πόλησ	p o l i s
μένα	m e n a
τί	t i
υπήρχε	i p i ɾ ç e
υπουργόσ	i p u ɾ ɣ o s
εχω	e x o
μόνη	m o n i
φωτογραφίεσ	f o t o ɣ r a f i e s
έκανα	e k a n a
αυτήσ	a f t i s
βίντεο	v i n d e o
λόγοσ	l o ɣ o s
νέασ	n e a s
ομάδασ	o m a ð a s
πέρα	p e ɾ a
σκοπό	s k o p o
φωσ	f o s
δεύτερη	ð e f t e ɾ i
εντόσ	e n d o s
θάλασσα	θ a l a s a
πορεία	p o ɾ i a
έλεγχο	e l e ŋ x o
αλλα	a l a
αλλιώσ	a ʎ o s
δυνάμεισ	ð i n a m i s
θέλουμε	θ e l u m e
μεγαλύτερο	m e ɣ a l i t e ɾ o
μορφή	m o ɾ f i
όλων	o l o n
έκαναν	e k a n a n
αντί	a n d i
γιώργοσ	ʝ o ɾ ɣ o s
είδα	i ð a
εχει	e ç i
μέλλον	m e l o n
μέση	m e s i
νέεσ	n e e s
πέρασε	p e ɾ a s e
ρόλο	ɾ o l o
όνομά	o n o m a
δείχνει	ð i x n i
δεύτερο	ð e f t e ɾ o
εμάσ	e m a s
εργασίασ	e ɾ ɣ a s i a s
ημέρεσ	i m e ɾ e s
μέλοσ	m e l o s
ομάδεσ	o m a ð e s
πραγματικότητα	p ɾ a ɣ m a t i k o t i t a
πόλεμο	p o l e m o
τρόποσ	t ɾ o p o s
υπόθεση	i p o θ e s i
έργα	e ɾ ɣ a
έρθει	e ɾ θ i
ανά	a n a
απέναντι	a p e n a n d i
αριθμό	a ɾ i θ m o
είδοσ	i ð o s
λίγα	l i ɣ a
μεγάλεσ	m e ɣ a l e s
μερικά	m e ɾ i k a
περιοχέσ	p e ɾ i o ç e s
σένα	s e n a
σχέσεισ	s ç e s i s
τίτλο	t i t l o
τύπο	t i p o
φίλουσ	f i l u s
άνθρωπο	a n θ ɾ o p o
γιάννησ	ʝ a n i s
δημιουργία	ð i m i u ɾ ʝ i a
θάνατο	θ a n a t o
κατηγορία	k a t i ɣ o ɾ i a
κομμάτι	k o m a t i
ξέρετε	k s e ɾ e t e
ξεκίνησε	k s e c i n i s e
πάντωσ	p a n d o s
πείτε	p i t e
αθηνών	a θ i n o n
αυτοκίνητο	a f t o c i n i t o
ελα	e l a
εσένα	e s e n a
κα	k a
παράλληλα	p a ɾ a l i l a
πρώτοσ	p ɾ o t o s
αγώνεσ	a ɣ o n e s
αριθμόσ	a ɾ i θ m o s
δισ	ð i s
ενδιαφέρον	e n ð i̯ a f e ɾ o n
εσάσ	e s a s
κρίση	k ɾ i s i
μαμά	m a m a
νέου	n e u
νίκοσ	n i k o s
πάρω	p a ɾ o
πήρα	p i ɾ a
στ	s t
τέτοιο	t e t i o
χιλιάδεσ	ç i ʎ a ð e s
χρόνοσ	x ɾ o n o s
αέρα	a e ɾ a
δικά	ð i k a
είδουσ	i ð u s
εξήσ	e k s i s
επιτροπή	e p i t ɾ o p i
μάχη	m a ç i
έλεγε	e l e ʝ e
γενικά	ʝ e n i k a
ειδικά	i ð i k a
ετσι	e t͡s i
θεόσ	θ e o s
ιδέα	i ð e a
κανένασ	k a n e n a s
παρουσία	p a ɾ u s i a
τηλέφωνο	t i l e f o n o
όσουσ	o s u s
άντρεσ	a n d ɾ e s
έτοσ	e t o s
βρέθηκε	v ɾ e θ i c e
γκολ	ɡ o l
εε	e e
εθνικήσ	e θ n i c i s
ελληνικού	e l i n i k u
επόμενο	e p o m e n o
κάνε	k a n e
οταν	o t a n
πολλούσ	p o l u s
σεξ	s e k s
συνεργασία	s i n e ɾ ɣ a s i a
σωστά	s o s t a
σύντομα	s i n d o m a
διαδικασία	ð i̯ a ð i k a s i a
εύκολα	e f k o l a
κίνηση	c i n i s i
μεγάλα	m e ɣ a l a
σύνολο	s i n o l o
υγείασ	i ʝ i a s
όσοι	o s i
άρεσε	a ɾ e s e
έλληνασ	e l i n a s
βιβλία	v i v l i a
γάμο	ɣ a m o
δωρεάν	ð o ɾ e a n
δύσκολο	ð i s k o l o
εδω	e ð o
μέρη	m e ɾ i
μείνει	m i n i
πάρε	p a ɾ e
πούμε	p u m e
πρωθυπουργόσ	p ɾ o θ i p u ɾ ɣ o s
σημαντική	s i m a n d i c i
σοβαρά	s o v a ɾ a
συγκεκριμένα	s i ŋ ɟ e k ɾ i m e n a
βήμα	v i m a
γνωστό	ɣ n o s t o
δυστυχώσ	ð i s t i x o s
κόμμα	k o m a
λειτουργία	l i t u ɾ ʝ i a
μικρά	m i k ɾ a
νησί	n i s i
ξέρουν	k s e ɾ u n
περιοχήσ	p e ɾ i o ç i s
τέσσερισ	t e s e ɾ i s
τόσα	t o s a
υπουργείο	i p u ɾ ʝ i o
άνω	a n o
αιώνα	e o n a
αποτελούν	a p o t e l u n
εικόνεσ	i k o n e s
εξαιτίασ	e k s e t i a s
επιστροφή	e p i s t ɾ o f i
θεού	θ e u
κράτουσ	k ɾ a t u s
κύριο	c i ɾ i o
μιλάει	m i l a i
νέων	n e o n
άντρα	a n d ɾ a
αθήνασ	a θ i n a s
διαφορά	ð i̯ a f o ɾ a
εξέλιξη	e k s e l i k s i
καιρόσ	c e ɾ o s
παίζει	p e z i
πανεπιστημίου	p a n e p i s t i m i u
έγιναν	e ʝ i n a n
απλώσ	a p l o s
αριστερά	a ɾ i s t e ɾ a
εξ	e k s
επιτέλουσ	e p i t e l u s
εταιρείασ	e t e ɾ i a s
εχεισ	e ç i s
νέοσ	n e o s
ξέρουμε	k s e ɾ u m e
φέτοσ	f e t o s
άντρασ	a n d ɾ a s
ακούω	a k u o
δήμο	ð i m o
δήμοσ	ð i m o s
εθνικό	e θ n i k o
σημερινή	s i m e ɾ i n i
ταυτόχρονα	t a f t o x ɾ o n a
τού	t u
δεσ	ð e s
είδη	i ð i
εισ	i s
εκατ	e k a t
ελλάδοσ	e l a ð o s
επαφή	e p a f i
ζήτησε	z i t i s e
λέτε	l e t e
μιλάμε	m i l a m e
πολιτικήσ	p o l i t i c i s
πολυ	p o l i
πόσα	p o s a
συνθήκεσ	s i n θ i c e s
τράπεζα	t ɾ a p e z a
τύποσ	t i p o s
αλλάξει	a l a k s i
βγει	v ʝ i
βρω	v ɾ o
δημήτρησ	ð i m i t ɾ i s
διαφορετικά	ð i̯ a f o ɾ e t i k a
εκπαίδευση	e k p e ð e f s i
επιτροπήσ	e p i t ɾ o p i s
ιστοσελίδα	i s t o s e l i ð a
κύριοσ	c i ɾ i o s
οικονομική	i k o n o m i c i
παρέα	p a ɾ e a
παραγωγήσ	p a ɾ a ɣ o ʝ i s
πρώτεσ	p ɾ o t e s
ρούχα	ɾ u x a
σκηνή	s c i n i
συνέχισε	s i n e ç i s e
τελικό	t e l i k o
έπεσε	e p e s e
αλλαγέσ	a l a ʝ e s
ανθρώπων	a n θ ɾ o p o n
βάροσ	v a ɾ o s
δήλωσε	ð i l o s e
επικεφαλήσ	e p i c e f a l i s
ευρώπησ	e v ɾ o p i s
ζει	z i
κανέναν	k a n e n a n
λειτουργεί	l i t u ɾ ʝ i
παρακάτω	p a ɾ a k a t o
πλάκα	p l a k a
πολίτεσ	p o l i t e s
στάση	s t a s i
φίλη	f i l i
άλλον	a l o n
ένωσησ	e n o s i s
ήθελε	i θ e l e
αεκ	a e k
αττικήσ	a t i c i s
βαθμό	v a θ m o
δημόσιο	ð i m o s i o
κοπέλα	k o p e l a
μεγάλοσ	m e ɣ a l o s
ολα	o l a
σημαντικά	s i m a n d i k a
έστειλε	e s t i l e
έχοντασ	e x o n d a s
ασφαλείασ	a s f a l i a s
βλέπει	v l e p i
γίνουν	ʝ i n u n
γιατι	ʝ a t i
δημοτικό	ð i m o t i k o
εντελώσ	e n d e l o s
θεωρείται	θ e o ɾ i t e
κατασκευή	k a t a s c e v i
προφανώσ	p ɾ o f a n o s
συλλόγου	s i l o ɣ u
σχολεία	s x o l i a
φύγει	f i ʝ i
έχασε	e x a s e
αναφέρεται	a n a f e ɾ e t e
αξία	a k s i a
μείωση	m i o s i
οποίων	o p i o n
πάρεισ	p a ɾ i s
ποσοστό	p o s o s t o
συμβουλίου	s i ɱ v u l i u
συστήματοσ	s i s t i m a t o s
έτουσ	e t u s
απόσταση	a p o s t a s i
δικαιώματα	ð i c e o m a t a
εφαρμογή	e f a ɾ m o ʝ i
κατηγορίεσ	k a t i ɣ o ɾ i e s
νδ	n ð
περιπτώσεισ	p e ɾ i p t o s i s
σελίδα	s e l i ð a
στόχο	s t o x o
συνολικά	s i n o l i k a
σωστό	s o s t o
υπέροχο	i p e ɾ o x o
υπήρχαν	i p i ɾ x a n
ανακοίνωσε	a n a c i n o s e
ανακοίνωση	a n a c i n o s i
αργά	a ɾ ɣ a
βόρεια	v o ɾ i a
εκείνο	e c i n o
εκείνοσ	e c i n o s
ζώα	z o a
κρεβάτι	k ɾ e v a t i
λόγουσ	l o ɣ u s
μάθημα	m a θ i m a
μικρόσ	m i k ɾ o s
πάτε	p a t e
πρόεδρο	p ɾ o e ð ɾ o
σκέψη	s c e p s i
σπίτια	s p i t ç a
σωστή	s o s t i
τομέα	t o m e a
χρυσό	x ɾ i s o
έκανεσ	e k a n e s
έφερε	e f e ɾ e
βρεισ	v ɾ i s
εξουσία	e k s u s i a
καθηγητήσ	k a θ i ʝ i t i s
κανόνεσ	k a n o n e s
κατ	k a t
κώστασ	k o s t a s
λέξεισ	l e k s i s
μακεδονίασ	m a c e ð o n i a s
πάρουν	p a ɾ u n
πολέμου	p o l e m u
φίλοσ	f i l o s
χάσει	x a s i
έδαφοσ	e ð a f o s
έστω	e s t o
βασιλιά	v a s i ʎ a
βασιλιάσ	v a s i ʎ a s
γενική	ʝ e n i c i
γησ	ʝ i s
διάθεση	ð i̯ a θ e s i
διότι	ð i o t i
κάπωσ	k a p o s
καθένασ	k a θ e n a s
κινητό	c i n i t o
κομμάτια	k o m a t ç a
κτίριο	k t i ɾ i o
μνήμη	m n i m i
πολιτικό	p o l i t i k o
στιγμέσ	s t i ɣ m e s
σώματοσ	s o m a t o s
φτάσει	f t a s i
ύψοσ	i p s o s
έπειτα	e p i t a
δικαστήριο	ð i k a s t i ɾ i o
δολάρια	ð o l a ɾ ʝ a
εταιρία	e t e ɾ i a
θεό	θ e o
κατάφερε	k a t a f e ɾ e
μάνα	m a n a
πεδίο	p e ð i o
ποιοι	p i i
προέδρου	p ɾ o e ð ɾ u
σεζόν	s e z o n
ταινίεσ	t e n i e s
έφτασε	e f t a s e
βλέπουμε	v l e p u m e
γεγονότα	ʝ e ɣ o n o t a
διεύθυνση	ð i e f θ i n s i
εβδομάδεσ	e v ð o m a ð e s
εγω	e ɣ o
θανάτου	θ a n a t u
καλόσ	k a l o s
μέγεθοσ	m e ʝ e θ o s
μαθήματα	m a θ i m a t a
νησιά	n i s ç a
οικονομικών	i k o n o m i k o n
πλαίσιο	p l e s i o
πλανήτη	p l a n i t i
ποιόσ	p i o s
πόλεμοσ	p o l e m o s
τιμέσ	t i m e s
υπηρεσίεσ	i p i ɾ e s i e s
ύπνο	i p n o
βασικά	v a s i k a
γιάννη	ʝ a n i
δήμαρχοσ	ð i m a ɾ x o s
δίνουν	ð i n u n
δύσκολη	ð i s k o l i
ελπίζω	e l p i z o
εύκολο	e f k o l o
ισχύει	i s ç i i
μπήκε	b i c e
πίεση	p i e s i
πειραιά	p i ɾ e a
πολιτισμού	p o l i t i z m u
πτώση	p t o s i
σταματήσει	s t a m a t i s i
άνοιξε	a n i k s e
ακολουθεί	a k o l u θ i
βόλτα	v o l t a
γεννήθηκε	ʝ e n i θ i c e
δεδομένων	ð e ð o m e n o n
διευθυντήσ	ð i e f θ i n d i s
είπαν	i p a n
εργασία	e ɾ ɣ a s i a
λίγη	l i ʝ i
μόνοι	m o n i
νερού	n e ɾ u
οκ	o k
πραγματοποιήθηκε	p ɾ a ɣ m a t o p i i θ i c e
πρεπει	p ɾ e p i
πρόσβαση	p ɾ o z v a s i
πόνο	p o n o
συστήματα	s i s t i m a t a
τωρα	t o ɾ a
φυλακή	f i l a c i
χώροσ	x o ɾ o s
άφησε	a f i s e
αγώνασ	a ɣ o n a s
αρκετέσ	a ɾ c e t e s
γνωστή	ɣ n o s t i
δρόμουσ	ð ɾ o m u s
ειμαι	i m e
ελληνικέσ	e l i n i c e s
επάνω	e p a n o
εποχήσ	e p o ç i s
κάναμε	k a n a m e
μένει	m e n i
μιλάσ	m i l a s
πραγματικό	p ɾ a ɣ m a t i k o
προσωπική	p ɾ o s o p i c i
σα	s a
σταθμό	s t a θ m o
συμβεί	s i ɱ v i
φύση	f i s i
άμεσα	a m e s a
δείχνουν	ð i x n u n
εκκλησίασ	e k l i s i a s
επιστολή	e p i s t o l i
ημέρασ	i m e ɾ a s
θάνατοσ	θ a n a t o s
καλέσ	k a l e s
μοναδική	m o n a ð i c i
μοναδικό	m o n a ð i k o
νόμο	n o m o
πέσει	p e s i
πήραν	p i ɾ a n
πράξεισ	p ɾ a k s i s
προσπαθεί	p ɾ o s p a θ i
τέχνησ	t e x n i s
τουρκίασ	t u ɾ c i a s
τρίτο	t ɾ i t o
χρειάζονται	x ɾ i a z o n d e
άλλαξε	a l a k s e
απαντήσεισ	a p a n d i s i s
απλό	a p l o
βγήκε	v ʝ i c e
βλέπετε	v l e p e t e
δηλώσεισ	ð i l o s i s
εισαι	i s e
ενότητα	e n o t i t a
ερωτήσεισ	e ɾ o t i s i s
εχουμε	e x u m e
ζώνη	z o n i
καθαρά	k a θ a ɾ a
μαθητέσ	m a θ i t e s
ολυμπιακόσ	o l i m b i a k o s
πίνακα	p i n a k a
περιβάλλον	p e ɾ i v a l o n
πηγέσ	p i ʝ e s
προσπάθησε	p ɾ o s p a θ i s e
ρεκόρ	ɾ e k o ɾ
σούπερ	s u p e ɾ
στρατό	s t ɾ a t o
υπόλοιπα	i p o l i p a
χρονικό	x ɾ o n i k o
έργων	e ɾ ɣ o n
αλ	a l
ανθρώπου	a n θ ɾ o p u
βουλευτέσ	v u l e f t e s
γίνω	ʝ i n o
δεδομένα	ð e ð o m e n a
ειδήσεισ	i ð i s i s
επιλογέσ	e p i l o ʝ e s
ηθοποιόσ	i θ o p i o s
κατόπιν	k a t o p i n
λογαριασμό	l o ɣ a ɾ ʝ a z m o
μακεδονία	m a c e ð o n i a
μαλακίεσ	m a l a c i e s
μικρέσ	m i k ɾ e s
νόμοσ	n o m o s
πολιτικέσ	p o l i t i c e s
τω	t o
όντωσ	o n d o s
έμεινε	e m i n e
αλλάζει	a l a z i
αντικείμενα	a n d i c i m e n a
βουλήσ	v u l i s
βουλευτήσ	v u l e f t i s
δίκτυο	ð i k t i o
ελέγχου	e l e ŋ x u
ευτυχώσ	e f t i x o s
καθεστώσ	k a θ e s t o s
κείμενο	c i m e n o
λαόσ	l a o s
μήκοσ	m i k o s
ξεκινά	k s e c i n a
οδηγεί	o ð i ʝ i
ολοι	o l i
οποίουσ	o p i u s
πλήρη	p l i ɾ i
φέρνει	f e ɾ n i
φυσικό	f i s i k o
ατόμων	a t o m o n
βρεθεί	v ɾ e θ i
γραμμέσ	ɣ ɾ a m e s
δίκαιο	ð i c e o
δολοφονία	ð o l o f o n i a
δυνατό	ð i n a t o
εμφανίζεται	e ɱ f a n i z e t e
επίσημη	e p i s i m i
καλύτεροσ	k a l i t e ɾ o s
κοίτα	c i t a
κορυφή	k o ɾ i f i
λάθη	l a θ i
νωρίσ	n o ɾ i s
οικονομικά	i k o n o m i k a
ολυμπιακό	o l i m b i a k o
οποιαδήποτε	o p i a ð i p o t e
παπούτσια	p a p u t͡s ç a
παράσταση	p a ɾ a s t a s i
προκαλεί	p ɾ o k a l i
σύλλογοσ	s i l o ɣ o s
τέλη	t e l i
τέτοιεσ	t e t i e s
χειρότερο	ç i ɾ o t e ɾ o
αγαπάσ	a ɣ a p a s
απίστευτο	a p i s t e f t o
ενασ	e n a s
μεγάλησ	m e ɣ a l i s
μεταφορά	m e t a f o ɾ a
μονάδεσ	m o n a ð e s
μονο	m o n o
μουσικήσ	m u s i c i s
πήγαινε	p i ʝ e n e
σκέψεισ	s c e p s i s
τελείωσε	t e l i o s e
τελευταίεσ	t e l e f t e e s
τομ	t o m
χρήστη	x ɾ i s t i
έλεγα	e l e ɣ a
ακούσ	a k u s
αντίστοιχα	a n d i s t i x a
αφήνει	a f i n i
γινόταν	ʝ i n o t a n
γλυκό	ɣ l i k o
διεθνέσ	ð i e θ n e s
διεθνούσ	ð i e θ n u s
είδε	i ð e
εννοείσ	e n o i s
επιστρέψει	e p i s t ɾ e p s i
λαό	l a o
μίλησε	m i l i s e
μελών	m e l o n
νιώθεισ	ɲ o θ i s
οδηγόσ	o ð i ɣ o s
περαιτέρω	p e ɾ e t e ɾ o
πολιτικά	p o l i t i k a
προφίλ	p ɾ o f i l
στάδιο	s t a ð i o
συγγραφέασ	s i ŋ ɣ r a f e a s
συνεχίζει	s i n e ç i z i
συνεχώσ	s i n e x o s
χειμώνα	ç i m o n a
χρησιμοποιείται	x ɾ i s i m o p i i t e
χρυσή	x ɾ i s i
απολύτωσ	a p o l i t o s
βαθμούσ	v a θ m u s
δημήτρη	ð i m i t ɾ i
διαφορετικέσ	ð i̯ a f o ɾ e t i c e s
διαφορετικό	ð i̯ a f o ɾ e t i k o
επίσημα	e p i s i m a
επίσκεψη	e p i s c e p s i
κοινωνική	c i n o n i c i
κόμματοσ	k o m a t o s
κώλο	k o l o
μπαρ	b a ɾ
παιδείασ	p e ð i a s
άκρη	a k ɾ i
αίματοσ	e m a t o s
αντίθετα	a n d i θ e t a
απόλυτα	a p o l i t a
δρόμοσ	ð ɾ o m o s
εκδηλώσεισ	e k ð i l o s i s
ελληνικών	e l i n i k o n
κατι	k a t i
κρίμα	k ɾ i m a
νέοι	n e i
νεκρόσ	n e k ɾ o s
πολλών	p o l o n
πράγματι	p ɾ a ɣ m a t i
πρόσφατα	p ɾ o s f a t a
συγκεκριμένο	s i ŋ ɟ e k ɾ i m e n o
τμήματοσ	t m i m a t o s
τοπική	t o p i c i
τράπεζεσ	t ɾ a p e z e s
χρησιμοποιούν	x ɾ i s i m o p i u n
όροσ	o ɾ o s
αποκλειστικά	a p o k l i s t i k a
αφήσει	a f i s i
βγάλει	v ɣ a l i
βραβείο	v ɾ a v i o
γνωρίζει	ɣ n o ɾ i z i
δυνατά	ð i n a t a
ιδέεσ	i ð e e s
κανάλι	k a n a l i
κώστα	k o s t a
μετα	m e t a
οικογένειά	i k o ʝ e n i a
ομιλία	o m i l i a
πάρουμε	p a ɾ u m e
πραγματική	p ɾ a ɣ m a t i c i
προ	p ɾ o
σειράσ	s i ɾ a s
συνέβη	s i n e v i
τόπο	t o p o
χρειαστεί	x ɾ i a s t i
χτεσ	x t e s
όπλα	o p l a
έρωτα	e ɾ o t a
βλέπουν	v l e p u n
βρέθηκαν	v ɾ e θ i k a n
βρουν	v ɾ u n
βόμβα	v o ɱ v a
γάλα	ɣ a l a
γλυκιά	ɣ l i c a
κίνημα	c i n i m a
καλύτερεσ	k a l i t e ɾ e s
καταλαβαίνεισ	k a t a l a v e n i s
κιλά	c i l a
λαού	l a u
μισή	m i s i
παρ	p a ɾ
τεστ	t e s t
υπόλοιπο	i p o l i p o
φοβάσαι	f o v a s e
άλλου	a l u
αγγλικά	a ŋ ɡ l i k a
ανέφερε	a n e f e ɾ e
αυτοκίνητα	a f t o c i n i t a
βγάζει	v ɣ a z i
δημοσιογράφοσ	ð i m o s i o ɣ ɾ a f o s
είσοδο	i s o ð o
ειδική	i ð i c i
εκδόσεισ	e k ð o s i s
εκπαίδευσησ	e k p e ð e f s i s
επίπεδα	e p i p e ð a
ηλικίασ	i l i c i a s
κανονικά	k a n o n i k a
κεντρικό	c e n d ɾ i k o
κωνσταντίνοσ	k o n s t a n d i n o s
λάβει	l a v i
μετάφραση	m e t a f ɾ a s i
νομίζεισ	n o m i z i s
ουσιαστικά	u s i a s t i k a
παλιό	p a ʎ o
πιστεύουν	p i s t e v u n
πλήρωσ	p l i ɾ o s
πολιτικών	p o l i t i k o n
σκότωσε	s k o t o s e
συγκεκριμένη	s i ŋ ɟ e k ɾ i m e n i
συνέδριο	s i n e ð ɾ i o
σχολήσ	s x o l i s
σύζυγοσ	s i z i ɣ o s
υπεύθυνοσ	i p e f θ i n o s
υπολογιστή	i p o l o ʝ i s t i
χωρών	x o ɾ o n
όσον	o s o n
ύπαρξη	i p a ɾ k s i
έλλειψη	e l i p s i
έτη	e t i
αμάξι	a m a k s i
βία	v i a
βασίλησ	v a s i l i s
γυναίκασ	ʝ i n e k a s
δίνεισ	ð i n i s
δεκαετία	ð e k a e t i a
διαδρομή	ð i̯ a ð ɾ o m i
δρ	ð ɾ
δυτικήσ	ð i t i c i s
είπαμε	i p a m e
επανάσταση	e p a n a s t a s i
θύματα	θ i m a t a
κέντρου	c e n d ɾ u
κλείσει	k l i s i
κρατάει	k ɾ a t a i
πιθανό	p i θ a n o
προσφέρει	p ɾ o s f e ɾ i
τεχνική	t e x n i c i
χρησιμοποιώντασ	x ɾ i s i m o p i o n d a s
άμεση	a m e s i
αδελφόσ	a ð e l f o s
αποτελείται	a p o t e l i t e
βασικό	v a s i k o
γάμοσ	ɣ a m o s
δουν	ð u n
δυνατή	ð i n a t i
εξετάσεισ	e k s e t a s i s
κόστοσ	k o s t o s
κώδικα	k o ð i k a
λειτουργίασ	l i t u ɾ ʝ i a s
μαύρη	m a v ɾ i
μεγάλου	m e ɣ a l u
μηνύματα	m i n i m a t a
νέουσ	n e u s
νόμου	n o m u
ομάδων	o m a ð o n
πιστεύει	p i s t e v i
προσπάθειεσ	p ɾ o s p a θ i e s
σήμα	s i m a
τηλ	t i l
χρέοσ	x ɾ e o s
έρευνεσ	e ɾ e v n e s
αγ	a ɣ
αγωνιστική	a ɣ o n i s t i c i
αγώνων	a ɣ o n o n
ανήκουν	a n i k u n
βάθοσ	v a θ o s
γύρο	ʝ i ɾ o
διεθνείσ	ð i e θ n i s
εθνικού	e θ n i k u
εταιρείεσ	e t e ɾ i e s
ικανότητα	i k a n o t i t a
καθημερινή	k a θ i m e ɾ i n i
κόμματα	k o m a t a
λουλούδια	l u l u ð ʝ a
μάθεισ	m a θ i s
ξεκινήσει	k s e c i n i s i
οικογένειεσ	i k o ʝ e n i e s
παίζουν	p e z u n
παράθυρο	p a ɾ a θ i ɾ o
πεθάνει	p e θ a n i
προτάσεισ	p ɾ o t a s i s
πρώτησ	p ɾ o t i s
σύμβουλοσ	s i ɱ v u l o s
τούρκοι	t u ɾ c i
υπ	i p
φαινόμενο	f e n o m e n o
όργανα	o ɾ ɣ a n a
αντιδράσεισ	a n d i ð ɾ a s i s
γνωστόσ	ɣ n o s t o s
διαφορετική	ð i̯ a f o ɾ e t i c i
ελεύθερο	e l e f θ e ɾ o
εξαρτάται	e k s a ɾ t a t e
επέστρεψε	e p e s t ɾ e p s e
επιστρέφει	e p i s t ɾ e f i
εχουν	e x u n
ζήσει	z i s i
ζούμε	z u m e
ηγεσία	i ʝ e s i a
μπαίνει	b e n i
πελάτεσ	p e l a t e s
πλήθοσ	p l i θ o s
σοβαρό	s o v a ɾ o
τυχερόσ	t i ç e ɾ o s
όνειρα	o n i ɾ a
άρη	a ɾ i
έρευνασ	e ɾ e v n a s
αναφέρονται	a n a f e ɾ o n d e
απόδειξη	a p o ð i k s i
αρέσουν	a ɾ e s u n
αυτη	a f t i
βεβαίωσ	v e v e o s
γάμου	ɣ a m u
γεμάτο	ʝ e m a t o
επιτρέπει	e p i t ɾ e p i
επομένωσ	e p o m e n o s
ισωσ	i s o s
κέντρα	c e n d ɾ a
κακή	k a c i
κράτη	k ɾ a t i
λίμνη	l i m n i
μηχανή	m i x a n i
νου	n u
οικονομίασ	i k o n o m i a s
ομωσ	o m o s
προστασίασ	p ɾ o s t a s i a s
σετ	s e t
σπουδών	s p u ð o n
τσίπρασ	t͡s i p ɾ a s
φάει	f a i
χρήστοσ	x ɾ i s t o s
χώρου	x o ɾ u
έδωσαν	e ð o s a n
έτοιμοσ	e t i m o s
αθλητέσ	a θ l i t e s
αι	e
ανάγκεσ	a n a ŋ ɟ e s
αντίθεση	a n d i θ e s i
αστυνομίασ	a s t i n o m i a s
βάζει	v a z i
βιβλίου	v i v l i u
βραδιά	v ɾ a ð ʝ a
διπλό	ð i p l o
δουλειέσ	ð u ʎ e s
δράσησ	ð ɾ a s i s
επιθέσεισ	e p i θ e s i s
επόμενεσ	e p o m e n e s
κάμερα	k a m e ɾ a
κάνοντασ	k a n o n d a s
κατοίκουσ	k a t i k u s
κοινού	c i n u
κοιτάσ	c i t a s
κύκλο	c i k l o
μπάσκετ	b a s c e t
οποίασ	o p i a s
πάρετε	p a ɾ e t e
πέφτει	p e f t i
παρουσίαση	p a ɾ u s i a s i
πρωθυπουργού	p ɾ o θ i p u ɾ ɣ u
πρωθυπουργό	p ɾ o θ i p u ɾ ɣ o
σελ	s e l
σκοτώθηκε	s k o t o θ i c e
συναισθήματα	s i n e s θ i m a t a
τουρκική	t u ɾ c i c i
τρέχει	t ɾ e ç i
υποστηρίζει	i p o s t i ɾ i z i
φασ	f a s
φταίει	f t e i
χρήσησ	x ɾ i s i s
έλεγαν	e l e ɣ a n
αγίασ	a ʝ i a s
ακολούθησε	a k o l u θ i s e
ανθρώπινη	a n θ ɾ o p i n i
απάντησε	a p a n d i s e
αφήστε	a f i s t e
γιά	ʝ a
γωνία	ɣ o n i a
δουλεύει	ð u l e v i
δρόμου	ð ɾ o m u
εγκαταστάσεισ	e ŋ ɡ a t a s t a s i s
ζωέσ	z o e s
καλα	k a l a
καταφέρει	k a t a f e ɾ i
μεγαλύτερεσ	m e ɣ a l i t e ɾ e s
μυστικά	m i s t i k a
νερά	n e ɾ a
οδήγησε	o ð i ʝ i s e
οδηγήσει	o ð i ʝ i s i
οφείλεται	o f i l e t e
πάρτε	p a ɾ t e
πολιτικόσ	p o l i t i k o s
προέρχεται	p ɾ o e ɾ ç e t e
πρωταθλήματοσ	p ɾ o t a θ l i m a t o s
συνδυασμό	s i n ð i a z m o
τσίπρα	t͡s i p ɾ a
τόποσ	t o p o s
υπουργείου	i p u ɾ ʝ i u
φεκ	f e k
χώρουσ	x o ɾ u s
ψάχνει	p s a x n i
έγκλημα	e ŋ ɡ l i m a
έδειξε	e ð i k s e
έμαθα	e m a θ a
έτοιμη	e t i m i
ανοίγει	a n i ʝ i
αντιμετώπιση	a n d i m e t o p i s i
ασθενείσ	a s θ e n i s
γεμάτη	ʝ e m a t i
δέρμα	ð e ɾ m a
δηλώνει	ð i l o n i
είδαμε	i ð a m e
ελληνίδα	e l i n i ð a
εμφανίζονται	e ɱ f a n i z o n d e
θεμα	θ e m a
ιδιαίτερη	i ð i e t e ɾ i
κεντρικήσ	c e n d ɾ i c i s
κοινωνικήσ	c i n o n i c i s
μακάρι	m a k a ɾ i
ματ	m a t
μεγάλων	m e ɣ a l o n
ναό	n a o
ορισμένεσ	o ɾ i z m e n e s
πέρασαν	p e ɾ a s a n
παιδιού	p e ð ʝ u
πολιτών	p o l i t o n
πονάει	p o n a i
προκάλεσε	p ɾ o k a l e s e
σκοπόσ	s k o p o s
σπάνια	s p a ɲ a
τήσ	t i s
χειρότερα	ç i ɾ o t e ɾ a
έρθουν	e ɾ θ u n
αγάπησ	a ɣ a p i s
αναφορέσ	a n a f o ɾ e s
γερμανίασ	ʝ e ɾ m a n i a s
γεωργίου	ʝ e o ɾ ʝ i u
δέν	ð e n
δείξει	ð i k s i
δικαιωμάτων	ð i c e o m a t o n
δώσε	ð o s e
εκει	e c i
κείμενα	c i m e n a
λεωφορείο	l e o f o ɾ i o
μεγαλύτερα	m e ɣ a l i t e ɾ a
μελέτεσ	m e l e t e s
μετανάστεσ	m e t a n a s t e s
μηνών	m i n o n
ξεκίνησαν	k s e c i n i s a n
οδηγίεσ	o ð i ʝ i e s
παιδική	p e ð i c i
παναθηναϊκόσ	p a n a θ i n a i k o s
περιουσία	p e ɾ i u s i a
πληρώσει	p l i ɾ o s i
προσπαθούν	p ɾ o s p a θ u n
σενάριο	s e n a ɾ i o
στρατόσ	s t ɾ a t o s
σύγχρονη	s i ŋ x ɾ o n i
σύνδεση	s i n ð e s i
τρόπουσ	t ɾ o p u s
έκλεισε	e k l i s e
ανοιχτό	a n i x t o
βάζεισ	v a z i s
βρισκόταν	v ɾ i s k o t a n
γιώργο	ʝ o ɾ ɣ o
γλώσσασ	ɣ l o s a s
δελτίο	ð e l t i o
δικέσ	ð i c e s
δικόσ	ð i k o s
ειδικό	i ð i k o
εκείνα	e c i n a
επέκταση	e p e k t a s i
επιστήμονεσ	e p i s t i m o n e s
θυμάσαι	θ i m a s e
θυμίζει	θ i m i z i
ισχύ	i s ç i
καί	c e
καλώσ	k a l o s
κατηγορίασ	k a t i ɣ o ɾ i a s
κύπροσ	c i p ɾ o s
νά	n a
νο	n o
οτιδήποτε	o t i ð i p o t e
ποιεσ	p i e s
πρώτου	p ɾ o t u
σημερινό	s i m e ɾ i n o
στίχουσ	s t i x u s
στοιχείων	s t i ç i o n
τέρμα	t e ɾ m a
τίτλοσ	t i t l o s
υποθέσεισ	i p o θ e s i s
υψηλή	i p s i l i
φόβο	f o v o
χα	x a
ύφοσ	i f o s
αιγαίου	e ʝ e u
απόλυτη	a p o l i t i
αυτοκινήτου	a f t o c i n i t u
γενικό	ʝ e n i k o
γνωρίζουμε	ɣ n o ɾ i z u m e
δάσοσ	ð a s o s
δεκαετίεσ	ð e k a e t i e s
δικαιοσύνησ	ð i c e o s i n i s
εκατοντάδεσ	e k a t o n d a ð e s
ζεισ	z i s
θύμα	θ i m a
καθαρή	k a θ a ɾ i
καθαρό	k a θ a ɾ o
καθηγητή	k a θ i ʝ i t i
κοινότητασ	c i n o t i t a s
λα	l a
λογικό	l o ʝ i k o
μεσα	m e s a
μιά	m ɲ a
πληθυσμού	p l i θ i z m u
πολ	p o l
πρόσφατη	p ɾ o s f a t i
ρωσίασ	ɾ o s i a s
σημείωσε	s i m i o s e
σοβαρή	s o v a ɾ i
υπουργό	i p u ɾ ɣ o
φαίνονται	f e n o n d e
άνετα	a n e t a
έντονη	e n d o n i
ανατολική	a n a t o l i c i
ανδρέασ	a n ð ɾ e a s
ανοίξει	a n i k s i
ανοιχτά	a n i x t a
αποφάσεισ	a p o f a s i s
αυτα	a f t a
βάσει	v a s i
βγω	v ɣ o
διευθυντή	ð i e f θ i n d i
δικηγόροσ	ð i c i ɣ o ɾ o s
δυτική	ð i t i c i
ερτ	e ɾ t
ζητήσει	z i t i s i
ημερών	i m e ɾ o n
θεωρεί	θ e o ɾ i
κατα	k a t a
κατασκευήσ	k a t a s c e v i s
κινήσεισ	c i n i s i s
κυκλοφορία	c i k l o f o ɾ i a
κυκλοφορίασ	c i k l o f o ɾ i a s
μάθετε	m a θ e t e
πάθει	p a θ i
πολλή	p o l i
ποσό	p o s o
πουν	p u n
υψηλήσ	i p s i l i s
φράση	f ɾ a s i
χρησιμοποίησε	x ɾ i s i m o p i i s e
χωριά	x o ɾ ʝ a
άνδρασ	a n ð ɾ a s
άρθρα	a ɾ θ ɾ a
αγοράσ	a ɣ o ɾ a s
ακολουθούν	a k o l u θ u n
ακούει	a k u i
αντώνησ	a n d o n i s
απειλή	a p i l i
απευθείασ	a p e f θ i a s
αττική	a t i c i
βάλτε	v a l t e
γερμανική	ʝ e ɾ m a n i c i
δώσουν	ð o s u n
εξελίξεισ	e k s e l i k s i s
επιθυμία	e p i θ i m i a
ιερό	i e ɾ o
ιωάννησ	i o a n i s
κατάλληλη	k a t a l i l i
κενό	c e n o
λαιμό	l e m o
μένουν	m e n u n
μίασ	m i a s
μαζι	m a z i
νίκου	n i k u
ξεκινάει	k s e c i n a i
ξερω	k s e ɾ o
οποιοδήποτε	o p i o ð i p o t e
παιδεία	p e ð i a
πιάσει	p ç a s i
πολιτικοί	p o l i t i c i
ποτε	p o t e
προσφύγων	p ɾ o s f i ɣ o n
πρώτοι	p ɾ o t i
σκληρό	s k l i ɾ o
σταμάτησε	s t a m a t i s e
στοίχημα	s t i ç i m a
στρατού	s t ɾ a t u
συμμετέχει	s i m e t e ç i
τελείωσ	t e l i o s
έμαθε	e m a θ e
έτοιμοι	e t i m i
ίδιοι	i ð i i
αδελφό	a ð e l f o
αναγνώριση	a n a ɣ n o ɾ i s i
ανδρών	a n ð ɾ o n
ανθρώπινο	a n θ ɾ o p i n o
ανοιχτή	a n i x t i
αξίασ	a k s i a s
αυγά	a v ɣ a
βασίζεται	v a s i z e t e
γυναικεία	ʝ i n e c i a
δημιούργησε	ð i m i u ɾ ʝ i s e
δημοτικού	ð i m o t i k u
δικιά	ð i c a
δομή	ð o m i
ζώων	z o o n
θέα	θ e a
ιδιότητεσ	i ð i o t i t e s
καινούργια	c e n u ɾ ʝ a
κυκλοφορεί	c i k l o f o ɾ i
μόνον	m o n o n
νόμιζα	n o m i z a
οηε	o i e
ονομασία	o n o m a s i a
οργάνωσησ	o ɾ ɣ a n o s i s
οργανισμού	o ɾ ɣ a n i z m u
οργανισμόσ	o ɾ ɣ a n i z m o s
παγκοσμίωσ	p a ŋ ɡ o z m i o s
παρουσίασε	p a ɾ u s i a s e
πιστεύεισ	p i s t e v i s
πλοία	p l i a
προσέγγιση	p ɾ o s e ŋ ɟ i s i
ρυθμό	ɾ i θ m o
σκουπίδια	s k u p i ð ʝ a
σπιτιού	s p i t ç u
στείλει	s t i l i
συμβαίνουν	s i ɱ v e n u n
συμβουλέσ	s i ɱ v u l e s
συνέλευση	s i n e l e f s i
συνεργασίασ	s i n e ɾ ɣ a s i a s
συνταγή	s i n d a ʝ i
τό	t o
φάμε	f a m e
φοιτητέσ	f i t i t e s
φυσικήσ	f i s i c i s
χει	ç i
άσχημα	a s ç i m a
έξοδο	e k s o ð o
αριστερό	a ɾ i s t e ɾ o
αστείο	a s t i o
βήματα	v i m a t a
βλέμμα	v l e m a
γίνεισ	ʝ i n i s
γενικόσ	ʝ e n i k o s
γερμανοί	ʝ e ɾ m a n i
δεκάδεσ	ð e k a ð e s
διοίκησησ	ð i i c i s i s
δώσουμε	ð o s u m e
δώστε	ð o s t e
ελ	e l
ελληνικόσ	e l i n i k o s
εξουσίασ	e k s u s i a s
κοινωνικό	c i n o n i k o
μπορει	b o ɾ i
νεα	n e a
ορισμένα	o ɾ i z m e n a
παναθηναϊκό	p a n a θ i n a i k o
ποτήρι	p o t i ɾ i
προτείνει	p ɾ o t i n i
σίγουροσ	s i ɣ u ɾ o s
συμμετέχουν	s i m e t e x u n
τρώει	t ɾ o i
φέρουν	f e ɾ u n
χρέουσ	x ɾ e u s
χωριού	x o ɾ ʝ u
ψάχνεισ	p s a x n i s
έδρασ	e ð ɾ a s
ήθελαν	i θ e l a n
ανδρέα	a n ð ɾ e a
βασίλη	v a s i l i
βασική	v a s i c i
γιώργου	ʝ o ɾ ɣ u
γραμματέασ	ɣ ɾ a m a t e a s
γυρίσει	ʝ i ɾ i s i
δημιουργεί	ð i m i u ɾ ʝ i
διαπραγματεύσεισ	ð i̯ a p ɾ a ɣ m a t e f s i s
δικαίου	ð i c e u
εμφανίσεισ	e ɱ f a n i s i s
επαγγελματική	e p a ŋ ɟ e l m a t i c i
επόμενα	e p o m e n a
θυμάστε	θ i m a s t e
κίνδυνοσ	c i n ð i n o s
καθ	k a θ
καταλάβεισ	k a t a l a v i s
κε	c e
κοινωνίασ	c i n o n i a s
κτλ	k t l
μεγαλύτεροσ	m e ɣ a l i t e ɾ o s
παίζεισ	p e z i s
πειραιώσ	p i ɾ e o s
περάσουν	p e ɾ a s u n
πηγαίνει	p i ʝ e n i
ποινή	p i n i
προκαλέσει	p ɾ o k a l e s i
ροζ	ɾ o z
ρόλοσ	ɾ o l o s
σκοτώνει	s k o t o n i
σκύλο	s c i l o
στήθοσ	s t i θ o s
συνεχίζεται	s i n e ç i z e t e
σχεδίου	s ç e ð i u
σύγκρουση	s i ŋ ɡ r u s i
σύζυγόσ	s i z i ɣ o s
τύποι	t i p i
τύπουσ	t i p u s
ύψουσ	i p s u s
αδερφή	a ð e ɾ f i
αντίσταση	a n d i s t a s i
απαιτεί	a p e t i
αποκτήσει	a p o k t i s i
αρ	a ɾ
αστυνομικοί	a s t i n o m i c i
βασίλειο	v a s i l i o
βγάλω	v ɣ a l o
βγούμε	v ɣ u m e
γνωρίζετε	ɣ n o ɾ i z e t e
δήμουσ	ð i m u s
δεδομένου	ð e ð o m e n u
δευτερόλεπτα	ð e f t e ɾ o l e p t a
ειδών	i ð o n
ζεστό	z e s t o
ιησού	i i s u
ισχυρή	i s ç i ɾ i
καταστάσεισ	k a t a s t a s i s
κυπέλλου	c i p e l u
κύριοι	c i ɾ i i
λέγοντασ	l e ɣ o n d a s
μαλάκασ	m a l a k a s
μετρό	m e t ɾ o
νίκο	n i k o
πάρτυ	p a ɾ t i
πίνακασ	p i n a k a s
ποικιλία	p i c i l i a
πόσοι	p o s i
σίγουρο	s i ɣ u ɾ o
σκάφοσ	s k a f o s
σκέψου	s c e p s u
συνδέεται	s i n ð e e t e
σύζυγό	s i z i ɣ o
υπουργού	i p u ɾ ɣ u
υπόλοιποι	i p o l i p i
φάω	f a o
φήμη	f i m i
φτιάξει	f t ç a k s i
άνοιγμα	a n i ɣ m a
έβγαλε	e v ɣ a l e
αγκαλιά	a ŋ ɡ a ʎ a
αλλάζουν	a l a z u n
αλληλεγγύησ	a l i l e ŋ ɟ i i s
αναμνήσεισ	a n a m n i s i s
αντίθετο	a n d i θ e t o
διαφορέσ	ð i̯ a f o ɾ e s
δυτικά	ð i t i k a
ελεύθεροσ	e l e f θ e ɾ o s
ζητά	z i t a
θετική	θ e t i c i
καλύπτει	k a l i p t i
κανει	k a n i
κατερίνα	k a t e ɾ i n a
κράτησε	k ɾ a t i s e
κρατήσει	k ɾ a t i s i
μέτωπο	m e t o p o
μεν	m e n
νομίζει	n o m i z i
ντι	d i
οσο	o s o
παράγοντεσ	p a ɾ a ɣ o n d e s
περιβάλλοντοσ	p e ɾ i v a l o n d o s
πλευρέσ	p l e v ɾ e s
πρότυπο	p ɾ o t i p o
πωλήσεισ	p o l i s i s
πώληση	p o l i s i
στείλω	s t i l o
συμμετείχαν	s i m e t i x a n
σύλλογο	s i l o ɣ o
τάσεισ	t a s i s
τάφο	t a f o
τελευταίοσ	t e l e f t e o s
τυχαία	t i ç e a
υπηρεσίασ	i p i ɾ e s i a s
υποψήφιοσ	i p o p s i f i o s
χρήστεσ	x ɾ i s t e s
χρησιμοποιηθεί	x ɾ i s i m o p i i θ i
όσκαρ	o s k a ɾ
άλμπουμ	a l b u m
αγόρια	a ɣ o ɾ ʝ a
αστυνομικό	a s t i n o m i k o
γνωστά	ɣ n o s t a
διατηρεί	ð i̯ a t i ɾ i
εκλογών	e k l o ɣ o n
ερώτημα	e ɾ o t i m a
εφαρμογέσ	e f a ɾ m o ʝ e s
κάλεσε	k a l e s e
κάνατε	k a n a t e
καθένα	k a θ e n a
κινείται	c i n i t e
κοιμηθώ	c i m i θ o
μερικούσ	m e ɾ i k u s
μηχανέσ	m i x a n e s
μιχάλησ	m i x a l i s
νομού	n o m u
οικονομικό	i k o n o m i k o
παιχνιδιού	p e x n i ð ʝ u
πανεπιστήμια	p a n e p i s t i m ɲ a
πεθαίνει	p e θ e n i
πτυχίο	p t i ç i o
πόνοσ	p o n o s
συμμετοχήσ	s i m e t o ç i s
συναντήσεισ	s i n a n d i s i s
συνεπώσ	s i n e p o s
σύγκριση	s i ŋ ɡ ɾ i s i
σύζυγο	s i z i ɣ o
ταινίασ	t e n i a s
τεχνικέσ	t e x n i c e s
τιμήσ	t i m i s
τράπεζασ	t ɾ a p e z a s
φωνέσ	f o n e s
άγχοσ	a ŋ x o s
άρησ	a ɾ i s
έσοδα	e s o ð a
αδυναμία	a ð i n a m i a
ανέλαβε	a n e l a v e
απουσία	a p u s i a
ατμόσφαιρα	a t m o s f e ɾ a
βιομηχανία	v i o m i x a n i a
βρεσ	v ɾ e s
δέντρα	ð e n d ɾ a
δίσκο	ð i s k o
ζωντανή	z o n d a n i
θελω	θ e l o
κατάργηση	k a t a ɾ ʝ i s i
κινήματοσ	c i n i m a t o s
κύκλοσ	c i k l o s
μάθουμε	m a θ u m e
μάχησ	m a ç i s
μεταναστών	m e t a n a s t o n
μονή	m o n i
νομίζουν	n o m i z u n
ορίζεται	o ɾ i z e t e
σκυλιά	s c i ʎ a
στέλνει	s t e l n i
σταθμόσ	s t a θ m o s
συ	s i
τοπικήσ	t o p i c i s
τροφίμων	t ɾ o f i m o n
χάθηκε	x a θ i c e
χρειαζόμαστε	x ɾ i a z o m a s t e
χτύπησε	x t i p i s e
άγρια	a ɣ ɾ i a
έγκυοσ	e ŋ ɟ i o s
αιώνεσ	e o n e s
αλέξανδροσ	a l e k s a n ð ɾ o s
αλέξησ	a l e k s i s
ανατολικά	a n a t o l i k a
ανατροπή	a n a t ɾ o p i
αριστεράσ	a ɾ i s t e ɾ a s
αρκετό	a ɾ c e t o
βουνά	v u n a
γειά	ʝ a
δίνεται	ð i n e t e
δίνοντασ	ð i n o n d a s
δίχωσ	ð i x o s
δηλ	ð i l
δόθηκε	ð o θ i c e
εκείνεσ	e c i n e s
εκείνουσ	e c i n u s
εξοπλισμό	e k s o p l i z m o
ζωντανά	z o n d a n a
ημερολόγιο	i m e ɾ o l o ʝ i o
θάλασσασ	θ a l a s a s
ιδίωσ	i ð i o s
ικανότητεσ	i k a n o t i t e s
κήπο	c i p o
κατάληψη	k a t a l i p s i
καταφύγιο	k a t a f i ʝ i o
κόπο	k o p o
μέθοδοσ	m e θ o ð o s
μεσόγειο	m e s o ʝ i o
μηδέν	m i ð e n
παραμείνει	p a ɾ a m i n i
πετύχει	p e t i ç i
πόντουσ	p o n d u s
σαι	s e
σταύροσ	s t a v ɾ o s
συγγενείσ	s i ŋ ɟ e n i s
συναίσθημα	s i n e s θ i m a
σχετική	s ç e t i c i
σύλληψη	s i l i p s i
φώτα	f o t a
χριστού	x ɾ i s t u
ψάχνουν	p s a x n u n
όχημα	o ç i m a
άρωμα	a ɾ o m a
έκφραση	e k f ɾ a s i
αγαπάει	a ɣ a p a i
ακομα	a k o m a
αληθινή	a l i θ i n i
βίασ	v i a s
δημιουργήθηκε	ð i m i u ɾ ʝ i θ i c e
δύσκολεσ	ð i s k o l e s
επ	e p
ευθύνεσ	e f θ i n e s
θέλαμε	θ e l a m e
θέσησ	θ e s i s
καρλ	k a ɾ l
κορυφαία	k o ɾ i f e a
μικρού	m i k ɾ u
μιλάνε	m i l a n e
μιλάτε	m i l a t e
μουσικό	m u s i k o
νεαρόσ	n e a ɾ o s
νιώθει	ɲ o θ i
ουρά	u ɾ a
παναγίασ	p a n a ʝ i a s
παναθηναϊκού	p a n a θ i n a i k u
παραμονή	p a ɾ a m o n i
πολιτικούσ	p o l i t i k u s
ταξί	t a k s i
τεχνολογίασ	t e x n o l o ʝ i a s
τοπικό	t o p i k o
τούτου	t u t u
φοράσ	f o ɾ a s
φυτά	f i t a
χάσεισ	x a s i s
χρησιμοποιήσει	x ɾ i s i m o p i i s i
χτυπάει	x t i p a i
άνδρα	a n ð ɾ a
αεροπλάνο	a e ɾ o p l a n o
αναλαμβάνει	a n a l a ɱ v a n i
αποστολήσ	a p o s t o l i s
ασχολείται	a s x o l i t e
αυτιά	a f t ç a
βάσεισ	v a s i s
δεύτεροσ	ð e f t e ɾ o s
ειδικέσ	i ð i c e s
επικοινωνίασ	e p i c i n o n i a s
επρεπε	e p ɾ e p e
κανάλια	k a n a ʎ a
κρίσησ	k ɾ i s i s
κυβερνήτη	c i v e ɾ n i t i
κυρίου	c i ɾ i u
λήξη	l i k s i
μείνουν	m i n u n
μπλοκ	b l o k
μπουν	b u n
νομίζετε	n o m i z e t e
πάντων	p a n d o n
πέτρα	p e t ɾ a
παμε	p a m e
πελάτη	p e l a t i
πλήρησ	p l i ɾ i s
πλευρό	p l e v ɾ o
πολιτικού	p o l i t i k u
πολιτισμό	p o l i t i z m o
ποτά	p o t a
ρώτησε	ɾ o t i s e
σταυρό	s t a v ɾ o
συνέπειεσ	s i n e p i e s
υγρό	i ɣ ɾ o
υπόλοιπη	i p o l i p i
φοβάται	f o v a t e
φοράει	f o ɾ a i
φωτόσ	f o t o s
ψυχήσ	p s i ç i s
άγνωστο	a ɣ n o s t o
άνοδο	a n o ð o
έλεγχοσ	e l e ŋ x o s
ακτή	a k t i
αντιμετωπίσει	a n d i m e t o p i s i
αντιπολίτευσησ	a n d i p o l i t e f s i s
αντιπρόεδροσ	a n d i p ɾ o e ð ɾ o s
ασθένεια	a s θ e n i a
γίνουμε	ʝ i n u m e
γνωρίζουν	ɣ n o ɾ i z u n
δικτύου	ð i k t i u
επίσημο	e p i s i m o
επισκέπτεσ	e p i s c e p t e s
ζητήματα	z i t i m a t a
ημουν	i m u n
ηπείρου	i p i ɾ u
ισχυρό	i s ç i ɾ o
κάνα	k a n a
κατάφεραν	k a t a f e ɾ a n
κεφάλαιο	c e f a l e o
κρατών	k ɾ a t o n
μεταφοράσ	m e t a f o ɾ a s
ξεχάσει	k s e x a s i
πέρασμα	p e ɾ a z m a
παντρευτεί	p a n d ɾ e f t i
παραλίεσ	p a ɾ a l i e s
πατρών	p a t ɾ o n
περιλαμβάνονται	p e ɾ i l a ɱ v a n o n d e
πιθανότητεσ	p i θ a n o t i t e s
πιθανώσ	p i θ a n o s
πλήρεσ	p l i ɾ e s
ποιό	p i o
πολίτη	p o l i t i
προσφορέσ	p ɾ o s f o ɾ e s
σέξι	s e k s i
σημασίασ	s i m a s i a s
σκύλοσ	s c i l o s
τιποτα	t i p o t a
τομείσ	t o m i s
τόμασ	t o m a s
υπόλοιπεσ	i p o l i p e s
φέρεται	f e ɾ e t e
ωρα	o ɾ a
έδινε	e ð i n e
ακούσω	a k u s o
αναφέρουν	a n a f e ɾ u n
ανεξάρτητα	a n e k s a ɾ t i t a
αξιοθέατα	a k s i o θ e a t a
αποκατάσταση	a p o k a t a s t a s i
απόπειρα	a p o p i ɾ a
αφήνουν	a f i n u n
δεκαετίασ	ð e k a e t i a s
δικούσ	ð i k u s
δολοφόνοσ	ð o l o f o n o s
ελεύθερα	e l e f θ e ɾ a
ελλαδα	e l a ð a
επιτυχίεσ	e p i t i ç i e s
εχετε	e ç e t e
κατάλαβεσ	k a t a l a v e s
κατέληξε	k a t e l i k s e
κοζάνησ	k o z a n i s
λοσ	l o s
μέθοδο	m e θ o ð o
μετράει	m e t ɾ a i
μιλήσουμε	m i l i s u m e
μοναδικόσ	m o n a ð i k o s
πιάνει	p ç a n i
πιάτα	p ç a t a
πιό	p ç o
πχ	p x
σταθερή	s t a θ e ɾ i
συνεργάτεσ	s i n e ɾ ɣ a t e s
συνεργάτησ	s i n e ɾ ɣ a t i s
τοσο	t o s o
τρόφιμα	t ɾ o f i m a
φήμεσ	f i m e s
φόρο	f o ɾ o
άλλωστε	a l o s t e
αληθινό	a l i θ i n o
αντιπολίτευση	a n d i p o l i t e f s i
βάζουμε	v a z u m e
βλ	v l
βρυξέλλεσ	v ɾ i k s e l e s
βόλου	v o l u
γίνεσαι	ʝ i n e s e
γλώσσεσ	ɣ l o s e s
γυμναστήριο	ʝ i m n a s t i ɾ i o
δάσκαλοσ	ð a s k a l o s
δημοσίου	ð i m o s i u
ειδήσεων	i ð i s e o n
ενταξει	e n d a k s i
εξακολουθεί	e k s a k o l u θ i
επιπέδου	e p i p e ð u
ερευνητέσ	e ɾ e v n i t e s
εταιρίασ	e t e ɾ i a s
θεάτρου	θ e a t ɾ u
κωδικό	k o ð i k o
μάθουν	m a θ u n
μετάδοση	m e t a ð o s i
μεταρρυθμίσεισ	m e t a ɾ i θ m i s i s
μνήμησ	m n i m i s
μυστήριο	m i s t i ɾ i o
νομική	n o m i c i
νόμουσ	n o m u s
παν	p a n
παντρεμένοσ	p a n d ɾ e m e n o s
παραμένουν	p a ɾ a m e n u n
πατάτεσ	p a t a t e s
παύλοσ	p a v l o s
περιλαμβάνουν	p e ɾ i l a ɱ v a n u n
πληρώνει	p l i ɾ o n i
πολιτισμόσ	p o l i t i z m o s
προκαλούν	p ɾ o k a l u n
πυρκαγιά	p i ɾ k a ʝ a
ρόδου	ɾ o ð u
στιγμήσ	s t i ɣ m i s
στρατηγόσ	s t ɾ a t i ɣ o s
συμπέρασμα	s i m b e ɾ a z m a
σχετίζονται	s ç e t i z o n d e
τρέλα	t ɾ e l a
υπεύθυνη	i p e f θ i n i
φάνηκε	f a n i c e
φωτογραφίασ	f o t o ɣ r a f i a s
χάνεισ	x a n i s
χειρότερη	ç i ɾ o t e ɾ i
έτοιμο	e t i m o
έφεραν	e f e ɾ a n
ίδιεσ	i ð i e s
ίχνη	i x n i
αδερφόσ	a ð e ɾ f o s
αληθινά	a l i θ i n a
ανταλλαγή	a n d a l a ʝ i
απαντά	a p a n d a
αστεία	a s t i a
αυτοκινήτων	a f t o c i n i t o n
βιβλίων	v i v l i o n
γενικού	ʝ e n i k u
δώσεισ	ð o s i s
είδαν	i ð a n
εγκατάσταση	e ŋ ɡ a t a s t a s i
εισαγγελέα	i s a ŋ ɟ e l e a
εμπρόσ	e m b ɾ o s
εποχέσ	e p o ç e s
ζητάει	z i t a i
ηγέτησ	i ʝ e t i s
θάρροσ	θ a ɾ o s
ινστιτούτο	i n s t i t u t o
καθε	k a θ e
καθηγητέσ	k a θ i ʝ i t e s
καλλιτέχνεσ	k a l i t e x n e s
καταλαβαίνει	k a t a l a v e n i
κατευθείαν	k a t e f θ i a n
κρατήσεισ	k ɾ a t i s i s
λίγουσ	l i ɣ u s
λόγοι	l o ʝ i
οδόσ	o ð o s
οργανισμό	o ɾ ɣ a n i z m o
πέτρεσ	p e t ɾ e s
παππούσ	p a p u s
πολιτείεσ	p o l i t i e s
πουλιά	p u ʎ a
πρότυπα	p ɾ o t i p a
ροή	ɾ o i
σιωπή	s i o p i
σοκολάτα	s o k o l a t a
συμμετείχε	s i m e t i ç e
συντάγματοσ	s i n d a ɣ m a t o s
σχολείου	s x o l i u
τοτε	t o t e
τουρνουά	t u ɾ n u a
υλικού	i l i k u
υπήρξαν	i p i ɾ k s a n
φιλικό	f i l i k o
φτερά	f t e ɾ a
χάπια	x a p ç a
χαμηλά	x a m i l a
άκρα	a k ɾ a
έπαιξε	e p e k s e
έφτιαξε	e f t ç a k s e
ήρωασ	i ɾ o a s
ακρόπολη	a k ɾ o p o l i
αλλο	a l o
ανάρτηση	a n a ɾ t i s i
αναμένεται	a n a m e n e t e
αποδείξεισ	a p o ð i k s i s
αποκαλύπτει	a p o k a l i p t i
αριστερή	a ɾ i s t e ɾ i
ασε	a s e
ασφαλή	a s f a l i
δάνεια	ð a n i a
διαθέσιμο	ð i̯ a θ e s i m o
ενοχλεί	e n o x l i
εξαιρετική	e k s e ɾ e t i c i
επέμβαση	e p e ɱ v a s i
ζημιέσ	z i m ɲ e s
ζούσε	z u s e
θέσεων	θ e s e o n
ιδιοκτήτησ	i ð i o k t i t i s
κάθεται	k a θ e t e
καινούρια	c e n u ɾ ʝ a
κιμ	c i m
κο	k o
κυβερνήτησ	c i v e ɾ n i t i s
κυκλοφόρησε	c i k l o f o ɾ i s e
λι	l i
λιγο	l i ɣ o
μεγάλοι	m e ɣ a l i
νικόλαοσ	n i k o l a o s
ξεκινούν	k s e c i n u n
οργανώσεισ	o ɾ ɣ a n o s i s
πάντοτε	p a n d o t e
πίστευε	p i s t e v e
παπαδόπουλοσ	p a p a ð o p u l o s
πεθάνω	p e θ a n o
περάσεισ	p e ɾ a s i s
περνάσ	p e ɾ n a s
ποιότητασ	p i o t i t a s
σκάφη	s k a f i
συνδέονται	s i n ð e o n d e
συντάξεισ	s i n d a k s i s
συσκευέσ	s i s c e v e s
σχέσεων	s ç e s e o n
τατουάζ	t a t u a z
τζακ	d͡z a k
τηλεοπτικέσ	t i l e o p t i c e s
φίλεσ	f i l e s
φύσησ	f i s i s
χαρακτήρεσ	x a ɾ a k t i ɾ e s
ωχ	o x
όπλων	o p l o n
έχασαν	e x a s a n
ήθελεσ	i θ e l e s
αμερικανική	a m e ɾ i k a n i c i
απαιτήσεισ	a p e t i s i s
αριθμούσ	a ɾ i θ m u s
αφήνεισ	a f i n i s
βγαίνουν	v ʝ e n u n
βραβεία	v ɾ a v i a
δίνουμε	ð i n u m e
δουλεύουν	ð u l e v u n
δύναμησ	ð i n a m i s
επεξεργασία	e p e k s e ɾ ɣ a s i a
επικίνδυνο	e p i c i n ð i n o
επιστημών	e p i s t i m o n
εργάζεται	e ɾ ɣ a z e t e
εσ	e s
ηθελα	i θ e l a
θετικά	θ e t i k a
κανω	k a n o
κατοικία	k a t i c i a
κύτταρα	c i t a ɾ a
λόγου	l o ɣ u
μαύρα	m a v ɾ a
νίκησ	n i c i s
ναζί	n a z i
νεαρή	n e a ɾ i
ξεχνάσ	k s e x n a s
ομοσπονδίασ	o m o s p o n ð i a s
ορισμόσ	o ɾ i z m o s
πέρσι	p e ɾ s i
παντα	p a n d a
προσωπικού	p ɾ o s o p i k u
σκιά	s c a
σκοτώσει	s k o t o s i
συνεχίζουν	s i n e ç i z u n
συνολικό	s i n o l i k o
σύγχρονο	s i ŋ x ɾ o n o
τακτική	t a k t i c i
τηλέφωνα	t i l e f o n a
τουρισμού	t u ɾ i z m u
τρωσ	t ɾ o s
υπόλοιπουσ	i p o l i p u s
φυλακέσ	f i l a c e s
φυσικού	f i s i k u
χαρτιά	x a ɾ t ç a
χιούμορ	ç u m o ɾ
χω	x o
ωραίοσ	o ɾ e o s
όμιλοσ	o m i l o s
άδειεσ	a ð i e s
έθνοσ	e θ n o s
αλέξη	a l e k s i
απεργία	a p e ɾ ʝ i a
απλα	a p l a
βαρύ	v a ɾ i
γιατρέ	ʝ a t ɾ e
γύρισε	ʝ i ɾ i s e
διαδικασίεσ	ð i̯ a ð i k a s i e s
ειδικόσ	i ð i k o s
ενδείξεισ	e n ð i k s i s
ενότητασ	e n o t i t a s
επόμενοσ	e p o m e n o s
ζητούν	z i t u n
ηλίασ	i l i a s
θείο	θ i o
θυμάται	θ i m a t e
κανονική	k a n o n i c i
κατάθεση	k a t a θ e s i
κλειδιά	k l i ð ʝ a
κοινοβούλιο	c i n o v u l i o
κυριε	c i ɾ i e
λοιπον	l i p o n
λύσεισ	l i s i s
μείνετε	m i n e t e
μείνω	m i n o
μεγάλουσ	m e ɣ a l u s
μεγέθουσ	m e ʝ e θ u s
μιλήσω	m i l i s o
μού	m u
μπορέσει	b o ɾ e s i
νίκεσ	n i c e s
ξερεισ	k s e ɾ i s
οίκο	i k o
ουτε	u t e
πάτρασ	p a t ɾ a s
παιδικά	p e ð i k a
πιθανή	p i θ a n i
ποδήλατο	p o ð i l a t o
ρίζεσ	ɾ i z e s
στόχουσ	s t o x u s
συμφωνίασ	s i ɱ f o n i a s
τουρκικό	t u ɾ c i k o
τρώνε	t ɾ o n e
φαινόμενα	f e n o m e n a
φούρνο	f u ɾ n o
χρέη	x ɾ e i
χρυσήσ	x ɾ i s i s
άφησαν	a f i s a n
έβαλαν	e v a l a n
έκδοσησ	e k ð o s i s
έμειναν	e m i n a n
έξυπνη	e k s i p n i
έπαθε	e p a θ e
έφτασαν	e f t a s a n
έφυγαν	e f i ɣ a n
αμερικανόσ	a m e ɾ i k a n o s
ανατολικήσ	a n a t o l i c i s
αποφασίσει	a p o f a s i s i
αριθμού	a ɾ i θ m u
αρκετή	a ɾ c e t i
αυτοσ	a f t o s
βάζουν	v a z u n
βασικέσ	v a s i c e s
δωμάτια	ð o m a t ç a
εναν	e n a n
εξω	e k s o
επιστήμησ	e p i s t i m i s
ευχαριστω	e f x a ɾ i s t o
ηγέτεσ	i ʝ e t e s
ιδιωτικό	i ð i o t i k o
κάμερεσ	k a m e ɾ e s
κοινά	c i n a
κοινωνικών	c i n o n i k o n
κυβερνήσεισ	c i v e ɾ n i s i s
λογικά	l o ʝ i k a
μάρτυρεσ	m a ɾ t i ɾ e s
μαγικό	m a ʝ i k o
μαρκ	m a ɾ k
μεθόδουσ	m e θ o ð u s
μεχρι	m e x ɾ i
μικρών	m i k ɾ o n
μπαταρία	b a t a ɾ i a
μωρά	m o ɾ a
μόδασ	m o ð a s
νοσοκομεία	n o s o k o m i a
ξεχωριστή	k s e x o ɾ i s t i
οδηγούν	o ð i ɣ u n
οπτική	o p t i c i
παραδείγματα	p a ɾ a ð i ɣ m a t a
παρασκευήσ	p a ɾ a s c e v i s
πετρελαίου	p e t ɾ e l e u
ροκ	ɾ o k
σειρέσ	s i ɾ e s
σκέψησ	s c e p s i s
σκεφτεί	s c e f t i
σταθμούσ	s t a θ m u s
σταρ	s t a ɾ
τεσσάρων	t e s a ɾ o n
τεύχοσ	t e f x o s
τρόποι	t ɾ o p i
υψηλό	i p s i l o
φοβούνται	f o v u n d e
χίτλερ	ç i t l e ɾ
χαμηλή	x a m i l i
χρυσόσ	x ɾ i s o s
έρωτασ	e ɾ o t a s
αεπ	a e p
ανάγκησ	a n a ŋ ɟ i s
αντι	a n d i
αρκετοί	a ɾ c e t i
ασθενήσ	a s θ e n i s
ασχολούνται	a s x o l u n d e
βαθμολογία	v a θ m o l o ʝ i a
βρισκόμαστε	v ɾ i s k o m a s t e
γαλλίασ	ɣ a l i a s
γενιάσ	ʝ e ɲ a s
γνωρίζεισ	ɣ n o ɾ i z i s
γνώρισα	ɣ n o ɾ i s a
γυναικείο	ʝ i n e c i o
διπλή	ð i p l i
ει	i
επέλεξε	e p e l e k s e
επιβάτεσ	e p i v a t e s
ερευνών	e ɾ e v n o n
ζητάσ	z i t a s
ιωάννη	i o a n i
κατάλληλο	k a t a l i l o
μάσ	m a s
μήκουσ	m i k u s
μνημείο	m n i m i o
μυρίζει	m i ɾ i z i
νεκρών	n e k ɾ o n
νομικά	n o m i k a
πέναλτι	p e n a l t i
πέφτουν	p e f t u n
πίτερ	p i t e ɾ
παλιέσ	p a ʎ e s
παρότι	p a ɾ o t i
πε	p e
περιπέτεια	p e ɾ i p e t i a
περιστατικό	p e ɾ i s t a t i k o
προσπαθώντασ	p ɾ o s p a θ o n d a s
ρεύματοσ	ɾ e v m a t o s
σκηνοθεσία	s c i n o θ e s i a
στήλη	s t i l i
συστημάτων	s i s t i m a t o n
συχνότητα	s i x n o t i t a
σχετίζεται	s ç e t i z e t e
σχολέσ	s x o l e s
σχολική	s x o l i c i
σύγχρονησ	s i ŋ x ɾ o n i s
τρελό	t ɾ e l o
φορείσ	f o ɾ i s
όλοσ	o l o s
άγγελοσ	a ŋ ɟ e l o s
άκου	a k u
άλλοτε	a l o t e
έλεοσ	e l e o s
έξυπνο	e k s i p n o
ήρωεσ	i ɾ o e s
αέρασ	a e ɾ a s
αθλητικά	a θ l i t i k a
ανάμεσά	a n a m e s a
αντίληψη	a n d i l i p s i
απαιτείται	a p e t i t e
αστυνομικούσ	a s t i n o m i k u s
αστυνομικόσ	a s t i n o m i k o s
ατόμου	a t o m u
αφήσω	a f i s o
δημητρίου	ð i m i t ɾ i u
δυσκολίεσ	ð i s k o l i e s
εαυτόσ	e a f t o s
εγκλήματα	e ŋ ɡ l i m a t a
ειχε	i ç e
ελληνεσ	e l i n e s
επικίνδυνη	e p i c i n ð i n i
θά	θ a
θεσσαλίασ	θ e s a l i a s
καναπέ	k a n a p e
κοινωνικέσ	c i n o n i c e s
κύκλου	c i k l u
μίλια	m i ʎ a
μεσ	m e s
μιλά	m i l a
μπήκα	b i k a
νίκησε	n i c i s e
νόμισμα	n o m i z m a
ξεχωριστό	k s e x o ɾ i s t o
πέτροσ	p e t ɾ o s
πήρεσ	p i ɾ e s
παππού	p a p u
παρακολουθεί	p a ɾ a k o l u θ i
πηγαίνουν	p i ʝ e n u n
πλεονέκτημα	p l e o n e k t i m a
πληρώνουν	p l i ɾ o n u n
ποιόν	p i o n
σαλόνι	s a l o n i
σπορ	s p o ɾ
στέλεχοσ	s t e l e x o s
σύνδρομο	s i n ð ɾ o m o
τυχεροί	t i ç e ɾ i
υπάλληλοσ	i p a l i l o s
υπολογιστέσ	i p o l o ʝ i s t e s
υποστηρίζουν	i p o s t i ɾ i z u n
φυλή	f i l i
χάρι	x a ɾ i
χορόσ	x o ɾ o s
άδικο	a ð i k o
ακούστε	a k u s t e
ανάγνωση	a n a ɣ n o s i
αντάλλαγμα	a n d a l a ɣ m a
γαλλική	ɣ a l i c i
γενικέσ	ʝ e n i c e s
γω	ɣ o
δείγματα	ð i ɣ m a t a
δημιουργίασ	ð i m i u ɾ ʝ i a s
δημιουργώντασ	ð i m i u ɾ ɣ o n d a s
δι	ð i
είσοδοσ	i s o ð o s
ζήσεισ	z i s i s
ηλίου	i l i u
ηλεκτρονικό	i l e k t ɾ o n i k o
θεέ	θ e e
ιδιοκτησία	i ð i o k t i s i a
ιδιωτική	i ð i o t i c i
λέγαμε	l e ɣ a m e
λογισμικό	l o ʝ i z m i k o
μάρτιν	m a ɾ t i n
μέσοσ	m e s o s
μαθητήσ	m a θ i t i s
μαθητών	m a θ i t o n
μιλούν	m i l u n
μούτρα	m u t ɾ a
ντέρμπι	d e ɾ b i
οδηγό	o ð i ɣ o
πάνοσ	p a n o s
παίξουμε	p e k s u m e
προσωπικότητα	p ɾ o s o p i k o t i t a
σημειώσεισ	s i m i o s i s
σκηνέσ	s c i n e s
σκηνικό	s c i n i k o
σπάσει	s p a s i
σταματήσουν	s t a m a t i s u n
στενά	s t e n a
τόπου	t o p u
υόρκησ	i o ɾ c i s
φιλία	f i l i a
φπα	f p a
φροντίδα	f ɾ o n d i ð a
χάοσ	x a o s
χάσετε	x a s e t e
όμιλο	o m i l o
έξοδα	e k s o ð a
έρθεισ	e ɾ θ i s
ίσα	i s a
αίγυπτο	e ʝ i p t o
αγόρασε	a ɣ o ɾ a s e
αε	a e
αθηνα	a θ i n a
αιτήσεισ	e t i s i s
αλλάξω	a l a k s o
αντώνη	a n d o n i
αξίεσ	a k s i e s
απάτη	a p a t i
απίστευτη	a p i s t e f t i
βγεισ	v ʝ i s
γενικήσ	ʝ e n i c i s
γνωρίσει	ɣ n o ɾ i s i
δήμων	ð i m o n
δημοσίευση	ð i m o s i e f s i
εβδομάδασ	e v ð o m a ð a s
εκείνον	e c i n o n
εκθέσεισ	e k θ e s i s
εμ	e m
εξηγήσεισ	e k s i ʝ i s i s
επιτέθηκε	e p i t e θ i c e
επιχείρησησ	e p i ç i ɾ i s i s
εργάτεσ	e ɾ ɣ a t e s
ευθύνησ	e f θ i n i s
ισχύοσ	i s ç i o s
κατάστασησ	k a t a s t a s i s
κινδύνου	c i n ð i n u
κινητά	c i n i t a
κλικ	k l i k
κρισ	k ɾ i s
κρύβει	k ɾ i v i
κόρησ	k o ɾ i s
λογαριασμούσ	l o ɣ a ɾ ʝ a z m u s
μίσοσ	m i s o s
μαλακία	m a l a c i a
μαλλιών	m a ʎ o n
μικρήσ	m i k ɾ i s
μονοπάτι	m o n o p a t i
μπόρεσε	b o ɾ e s e
νικητήσ	n i c i t i s
νύχτεσ	n i x t e s
ουάσινγκτον	u a s i ŋ ɡ t o n
πήγαμε	p i ɣ a m e
παιδικό	p e ð i k o
περιεχομένου	p e ɾ i e x o m e n u
πισω	p i s o
πραγματοποιείται	p ɾ a ɣ m a t o p i i t e
προορισμό	p ɾ o o ɾ i z m o
προσπαθείσ	p ɾ o s p a θ i s
προχώρησε	p ɾ o x o ɾ i s e
πτήσεισ	p t i s i s
σενάρια	s e n a ɾ ʝ a
σημαντικόσ	s i m a n d i k o s
σπουδαία	s p u ð e a
συζητήσεισ	s i z i t i s i s
συμμετοχέσ	s i m e t o ç e s
συνθήκη	s i n θ i c i
φανεί	f a n i
χτυπήσει	x t i p i s i
ψυχέσ	p s i ç e s
όμορφεσ	o m o ɾ f e s
ήρωα	i ɾ o a
ίδιασ	i ð ʝ a s
αέριο	a e ɾ i o
αδύνατο	a ð i n a t o
αισθήματα	e s θ i m a t a
αντίπαλο	a n d i p a l o
αρχιτεκτονική	a ɾ ç i t e k t o n i c i
αύγουστοσ	a v ɣ u s t o s
βασικόσ	v a s i k o s
βενιζέλου	v e n i z e l u
βρίσκουν	v ɾ i s k u n
γνώρισε	ɣ n o ɾ i s e
γραμμήσ	ɣ ɾ a m i s
γραφή	ɣ ɾ a f i
δημοσίων	ð i m o s i o n
δημοσιογράφοι	ð i m o s i o ɣ ɾ a f i
διαθέσιμα	ð i̯ a θ e s i m a
εισόδημα	i s o ð i m a
εύκολη	e f k o l i
ηλία	i l i a
ηλίθιοσ	i l i θ i o s
θάνατό	θ a n a t o
κάρτεσ	k a ɾ t e s
καλοκαιριού	k a l o c e ɾ ʝ u
κινητήρα	c i n i t i ɾ a
κοιμάται	c i m a t e
κρυφά	k ɾ i f a
κυκλοφορούν	c i k l o f o ɾ u n
κυρίεσ	c i ɾ i e s
κύκλουσ	c i k l u s
λειτουργίεσ	l i t u ɾ ʝ i e s
μπαμπάσ	b a b a s
μόνιμη	m o n i m i
πάσα	p a s a
πέταξε	p e t a k s e
πανω	p a n o
ποιητήσ	p i i t i s
πολίτησ	p o l i t i s
πολιτείασ	p o l i t i a s
προσφέρουν	p ɾ o s f e ɾ u n
σκοπούσ	s k o p u s
σοβαρέσ	s o v a ɾ e s
σπιτι	s p i t i
σταθμού	s t a θ m u
στείλε	s t i l e
σύντομη	s i n d o m i
τεχνών	t e x n o n
υπερβολικά	i p e ɾ v o l i k a
υπολογίζεται	i p o l o ʝ i z e t e
υπολογιστών	i p o l o ʝ i s t o n
φίλων	f i l o n
φρούτα	f ɾ u t a
φτιάχνει	f t ç a x n i
φυσικών	f i s i k o n
χημικά	ç i m i k a
όροφο	o ɾ o f o
έζησε	e z i s e
έμφαση	e ɱ f a s i
αγωνιστικήσ	a ɣ o n i s t i c i s
αθλητισμού	a θ l i t i z m u
ανθρώπινα	a n θ ɾ o p i n a
απειλέσ	a p i l e s
αποφασίζει	a p o f a s i z i
αποχώρηση	a p o x o ɾ i s i
ασθενή	a s θ e n i
βασιλείου	v a s i l i u
βγουν	v ɣ u n
βενιζέλοσ	v e n i z e l o s
βόρειο	v o ɾ i o
γαλλικά	ɣ a l i k a
διδασκαλία	ð i ð a s k a l i a
εθνικά	e θ n i k a
ειλικρινά	i l i k ɾ i n a
ειμαστε	i m a s t e
ελασ	e l a s
επίδειξη	e p i ð i k s i
επαγγελματίασ	e p a ŋ ɟ e l m a t i a s
επαγγελματικό	e p a ŋ ɟ e l m a t i k o
επικίνδυνα	e p i c i n ð i n a
ιταλίασ	i t a l i a s
καιρούσ	c e ɾ u s
κατασκευέσ	k a t a s c e v e s
κρατική	k ɾ a t i c i
κτιρίου	k t i ɾ i u
μέτρησησ	m e t ɾ i s i s
μπεσ	b e s
μπορεισ	b o ɾ i s
μυθιστόρημα	m i θ i s t o ɾ i m a
μόνα	m o n a
ξάνθησ	k s a n θ i s
ξένων	k s e n o n
οχήματα	o ç i m a t a
πάντεσ	p a n d e s
παλάτι	p a l a t i
παράθυρα	p a ɾ a θ i ɾ a
πελάτησ	p e l a t i s
πλήρωμα	p l i ɾ o m a
πληθυσμό	p l i θ i z m o
ποδοσφαιριστέσ	p o ð o s f e ɾ i s t e s
ποπ	p o p
ποσότητεσ	p o s o t i t e s
προβλέψεισ	p ɾ o v l e p s i s
πρώτων	p ɾ o t o n
ρεάλ	ɾ e a l
σίγουρη	s i ɣ u ɾ i
σαμαρά	s a m a ɾ a
συγκρούσεισ	s i ŋ ɡ r u s i s
συνόλου	s i n o l u
σχεδίων	s ç e ð i o n
τελικόσ	t e l i k o s
τηλεοπτική	t i l e o p t i c i
τιμωρία	t i m o ɾ i a
τούρκων	t u ɾ k o n
τυχαίο	t i ç e o
τόνουσ	t o n u s
φταίω	f t e o
όψη	o p s i
αθηναίων	a θ i n e o n
ανελ	a n e l
ανθρωπότητα	a n θ ɾ o p o t i t a
αντε	a n d e
αποκάλυψε	a p o k a l i p s e
δείπνο	ð i p n o
δημιουργούν	ð i m i u ɾ ɣ u n
διαρκεί	ð i̯ a ɾ c i
δισεκατομμύρια	ð i s e k a t o m i ɾ i a
δρόμοι	ð ɾ o m i
εισόδου	i s o ð u
εντυπωσιακή	e n d i p o s i a c i
ζήσω	z i s o
κάθεσαι	k a θ e s e
καλο	k a l o
κανονικό	k a n o n i k o
κοιμάσαι	c i m a s e
κοστίζει	k o s t i z i
κρατικό	k ɾ a t i k o
κτήριο	k t i ɾ i o
κωδικόσ	k o ð i k o s
κώδικασ	k o ð i k a s
μέσων	m e s o n
μουσείου	m u s i u
ναού	n a u
νεαρό	n e a ɾ o
οπαδοί	o p a ð i
παγκοσμίου	p a ŋ ɡ o z m i u
παράνομη	p a ɾ a n o m i
προστατεύει	p ɾ o s t a t e v i
σίγουροι	s i ɣ u ɾ i
σεφ	s e f
σταθερό	s t a θ e ɾ o
συμφέροντα	s i ɱ f e ɾ o n d a
συνεχίσουμε	s i n e ç i s u m e
σχολείων	s x o l i o n
σύνοδο	s i n o ð o
τομέασ	t o m e a s
τραγουδίστρια	t ɾ a ɣ u ð i s t ɾ i a
φεύγουν	f e v ɣ u n
χρονικά	x ɾ o n i k a
χρονική	x ɾ o n i c i
άσπρο	a s p ɾ o
έπαιρνε	e p e ɾ n e
ακούτε	a k u t e
αξίζουν	a k s i z u n
απασχολεί	a p a s x o l i
ασκήσεισ	a s c i s i s
βγάζεισ	v ɣ a z i s
γαλλικό	ɣ a l i k o
γερμανικά	ʝ e ɾ m a n i k a
γερμανόσ	ʝ e ɾ m a n o s
γρήγορη	ɣ ɾ i ɣ o ɾ i
δάχτυλα	ð a x t i l a
διαζύγιο	ð i̯ a z i ʝ i o
δυνατότητεσ	ð i n a t o t i t e s
είν	i n
εξαιρετικό	e k s e ɾ e t i k o
επίθεσησ	e p i θ e s i s
επενδύσεισ	e p e n ð i s i s
ηλεκτρικό	i l e k t ɾ i k o
ηνωμένων	i n o m e n o n
θανάσησ	θ a n a s i s
θείοσ	θ i o s
κίνησησ	c i n i s i s
καλαμάτασ	k a l a m a t a s
κατάθλιψη	k a t a θ l i p s i
κινδυνεύει	c i n ð i n e v i
κλίμακα	k l i m a k a
κράτηση	k ɾ a t i s i
κρατά	k ɾ a t a
κυπριακή	c i p ɾ i a c i
λέσβου	l e z v u
μάθαμε	m a θ a m e
μέγιστη	m e ʝ i s t i
μένεισ	m e n i s
μίνι	m i n i
μονάχα	m o n a x a
ναόσ	n a o s
νικητέσ	n i c i t e s
ξεχάσεισ	k s e x a s i s
οδήγησαν	o ð i ʝ i s a n
ορισμένοι	o ɾ i z m e n i
πέραν	p e ɾ a n
παράγοντασ	p a ɾ a ɣ o n d a s
πλούσιο	p l u s i o
ποιουσ	p i u s
πρόθεση	p ɾ o θ e s i
ρίο	ɾ i o
στροφή	s t ɾ o f i
σωτηρία	s o t i ɾ i a
σώματα	s o m a t a
τάξεισ	t a k s i s
τουρισμόσ	t u ɾ i z m o s
τρένο	t ɾ e n o
υποχρεώσεισ	i p o x ɾ e o s i s
χαμηλό	x a m i l o
χαρακτήρασ	x a ɾ a k t i ɾ a s
χεισ	ç i s
ψάχνετε	p s a x n e t e
όμορφοσ	o m o ɾ f o s
όσων	o s o n
έβλεπα	e v l e p a
έπεσαν	e p e s a n
έσπασε	e s p a s e
αγωγή	a ɣ o ʝ i
αθλητικό	a θ l i t i k o
ακούμε	a k u m e
ακριβή	a k ɾ i v i
αμερικανοί	a m e ɾ i k a n i
ανεξάρτητη	a n e k s a ɾ t i t i
αξιωματικόσ	a k s i o m a t i k o s
αποφάσισαν	a p o f a s i s a n
ασφαλέσ	a s f a l e s
αφήσουμε	a f i s u m e
βγάλουμε	v ɣ a l u m e
βορρά	v o ɾ a
γνώσεισ	ɣ n o s i s
γραμματέα	ɣ ɾ a m a t e a
δημήτριοσ	ð i m i t ɾ i o s
δημοκρατική	ð i m o k ɾ a t i c i
δημοτικήσ	ð i m o t i c i s
διαταγή	ð i̯ a t a ʝ i
διεθνώσ	ð i e θ n o s
εδάφουσ	e ð a f u s
εκπαιδευτικό	e k p e ð e f t i k o
εκπληκτικό	e k p l i k t i k o
επαγγελματίεσ	e p a ŋ ɟ e l m a t i e s
επιλογήσ	e p i l o ʝ i s
επιπτώσεισ	e p i p t o s i s
ηλεκτρονική	i l e k t ɾ o n i c i
θετικό	θ e t i k o
καβάλασ	k a v a l a s
καναδά	k a n a ð a
κατω	k a t o
κλειστά	k l i s t a
κομμάτων	k o m a t o n
κυπριακό	c i p ɾ i a k o
λαμβάνοντασ	l a ɱ v a n o n d a s
λαμβάνουν	l a ɱ v a n u n
μέ	m e
μέγασ	m e ɣ a s
μαρίνα	m a ɾ i n a
μισθό	m i s θ o
ξέραμε	k s e ɾ a m e
ξεχνάμε	k s e x n a m e
ομορφιάσ	o m o ɾ f ç a s
οργάνων	o ɾ ɣ a n o n
ουσίεσ	u s i e s
οφ	o f
πίνεισ	p i n i s
παρα	p a ɾ a
περάσουμε	p e ɾ a s u m e
πετάει	p e t a i
πρωτότυπο	p ɾ o t o t i p o
ρυθμίσεισ	ɾ i θ m i s i s
σήμαινε	s i m e n e
σμιθ	z m i θ
σοφίασ	s o f i a s
σύνοδοσ	s i n o ð o s
τηλεοπτικό	t i l e o p t i k o
τουρίστεσ	t u ɾ i s t e s
τραγουδιστήσ	t ɾ a ɣ u ð i s t i s
τσαρλσ	t͡s a ɾ l s
υποψήφιοι	i p o p s i f i i
φτάσουν	f t a s u n
χαρακτηρίζεται	x a ɾ a k t i ɾ i z e t e
χρειάζεστε	x ɾ i a z e s t e
ψάχνουμε	p s a x n u m e
ψήφουσ	p s i f u s
άνθρακα	a n θ ɾ a k a
έρθω	e ɾ θ o
ήχου	i x u
αδερφό	a ð e ɾ f o
αθλητικέσ	a θ l i t i c e s
ακολούθησαν	a k o l u θ i s a n
αλλαγήσ	a l a ʝ i s
ανακοινώθηκε	a n a c i n o θ i c e
αναμέτρηση	a n a m e t ɾ i s i
αναφοράσ	a n a f o ɾ a s
ανεβαίνει	a n e v e n i
αντιστοιχεί	a n d i s t i ç i
αποστάσεισ	a p o s t a s i s
αποφάσισα	a p o f a s i s a
αρνητικά	a ɾ n i t i k a
ασανσέρ	a s a n s e ɾ
ασφαλώσ	a s f a l o s
αφήνουμε	a f i n u m e
βλέποντασ	v l e p o n d a s
γερμανικέσ	ʝ e ɾ m a n i c e s
δάκρυα	ð a k ɾ i a
δίκτυα	ð i k t i a
δημοσίευσε	ð i m o s i e f s e
δικαστηρίου	ð i k a s t i ɾ i u
δολαρίων	ð o l a ɾ i o n
δομέσ	ð o m e s
δουλειάσ	ð u ʎ a s
δόσεισ	ð o s i s
εαν	e a n
εαυτού	e a f t u
εκφράζει	e k f ɾ a z i
ελένησ	e l e n i s
ευτυχισμένοσ	e f t i ç i z m e n o s
ζωη	z o i
ηλεκτρική	i l e k t ɾ i c i
καθήκοντα	k a θ i k o n d a
καλλιτέχνησ	k a l i t e x n i s
κανα	k a n a
καφέσ	k a f e s
κοινοβουλίου	c i n o v u l i u
μιχάλη	m i x a l i
μορφήσ	m o ɾ f i s
μπεν	b e n
ξεκινάμε	k s e c i n a m e
οργανισμούσ	o ɾ ɣ a n i z m u s
πα	p a
πληρώσουν	p l i ɾ o s u n
προγραμμα	p ɾ o ɣ ɾ a m a
πρόεδρε	p ɾ o e ð ɾ e
πρώτουσ	p ɾ o t u s
πτώμα	p t o m a
ρωτάσ	ɾ o t a s
συλλόγων	s i l o ɣ o n
συμμετάσχει	s i m e t a s ç i
τάσοσ	t a s o s
ταχύτητασ	t a ç i t i t a s
τουρισμό	t u ɾ i z m o
τουρκικά	t u ɾ c i k a
τούσ	t u s
τρέχουν	t ɾ e x u n
τρίπολησ	t ɾ i p o l i s
τρίτησ	t ɾ i t i s
τυχόν	t i x o n
φέρνουν	f e ɾ n u n
χάσω	x a s o
χορού	x o ɾ u
έξοδοσ	e k s o ð o s
ήλιου	i ʎ u
αγαπητέ	a ɣ a p i t e
αλλάξεισ	a l a k s i s
ανακοινώνει	a n a c i n o n i
αναφέρθηκε	a n a f e ɾ θ i c e
απόλλωνα	a p o l o n a
αρνήθηκε	a ɾ n i θ i c e
ασθένειεσ	a s θ e n i e s
αυγήσ	a v ʝ i s
εθνικών	e θ n i k o n
εισβολή	i z v o l i
εποχών	e p o x o n
εταιρίεσ	e t e ɾ i e s
εχθρούσ	e x θ ɾ u s
εχθρόσ	e x θ ɾ o s
θερμοκρασίασ	θ e ɾ m o k ɾ a s i a s
θητεία	θ i t i a
καθήκον	k a θ i k o n
καθρέφτη	k a θ ɾ e f t i
κλάδο	k l a ð o
λονδίνου	l o n ð i n u
μέγιστο	m e ʝ i s t o
μέρκελ	m e ɾ c e l
μαι	m e
μεταφράσεισ	m e t a f ɾ a s i s
μητσοτάκησ	m i t s o t a c i s
μονήσ	m o n i s
μυστική	m i s t i c i
μύθοσ	m i θ o s
ναυτικό	n a f t i k o
νοσοκομείου	n o s o k o m i u
νούμερα	n u m e ɾ a
ολο	o l o
οπαδούσ	o p a ð u s
περιφερειακήσ	p e ɾ i f e ɾ i a c i s
περνάμε	p e ɾ n a m e
πετρέλαιο	p e t ɾ e l e o
πνευματική	p n e v m a t i c i
πολλα	p o l a
πρίγκιπα	p ɾ i ŋ ɟ i p a
στάδια	s t a ð ʝ a
στέγη	s t e ʝ i
στενή	s t e n i
συγγραφείσ	s i ŋ ɣ r a f i s
συστατικά	s i s t a t i k a
τέλουσ	t e l u s
τε	t e
τηλεόρασησ	t i l e o ɾ a s i s
υφίσταται	i f i s t a t e
άνοδοσ	a n o ð o s
έθνουσ	e θ n u s
έρικ	e ɾ i k
έστειλαν	e s t i l a n
αγαπούν	a ɣ a p u n
ανθρώπινησ	a n θ ɾ o p i n i s
αποκτά	a p o k t a
αστική	a s t i c i
βενζίνη	v e n z i n i
γερμανούσ	ʝ e ɾ m a n u s
γνωστέσ	ɣ n o s t e s
γυρίσω	ʝ i ɾ i s o
δίαιτα	ð i e t a
δηλώσει	ð i l o s i
είδατε	i ð a t e
εισαγγελέασ	i s a ŋ ɟ e l e a s
εκκλησίεσ	e k l i s i e s
εκτ	e k t
εναλλακτική	e n a l a k t i c i
επαφέσ	e p a f e s
επι	e p i
επιτυχημένη	e p i t i ç i m e n i
ζήτησαν	z i t i s a n
ηγέτη	i ʝ e t i
ηνωμένεσ	i n o m e n e s
θυσία	θ i s i a
κίνασ	c i n a s
κίτρινο	c i t ɾ i n o
κακόσ	k a k o s
καλύτερουσ	k a l i t e ɾ u s
κανόνασ	k a n o n a s
καρδιέσ	k a ɾ ð ʝ e s
καστοριάσ	k a s t o ɾ ʝ a s
καταγωγήσ	k a t a ɣ o ʝ i s
κατανομή	k a t a n o m i
μέτρηση	m e t ɾ i s i
μικροί	m i k ɾ i
μιλώντασ	m i l o n d a s
ξένουσ	k s e n u s
οικογενειακό	i k o ʝ e n i a k o
ούτωσ	u t o s
πίεσησ	p i e s i s
παρέχουν	p a ɾ e x u n
πιέσεισ	p ç e s i s
προσβολή	p ɾ o z v o l i
προσπάθησαν	p ɾ o s p a θ i s a n
πρόοδο	p ɾ o o ð o
ρώσοι	ɾ o s i
σεισμό	s i z m o
σικάγο	s i k a ɣ o
στατιστικά	s t a t i s t i k a
σχετικό	s ç e t i k o
τέτοιου	t e t i u
τουρκικήσ	t u ɾ c i c i s
τραυματίεσ	t ɾ a v m a t i e s
υπάλληλοι	i p a l i l i
υπέγραψε	i p e ɣ r a p s e
υπουργοί	i p u ɾ ʝ i
φαν	f a n
φορα	f o ɾ a
χρειαζόταν	x ɾ i a z o t a n
άσχημο	a s ç i m o
έντονο	e n d o n o
αισθάνεσαι	e s θ a n e s e
αισθάνεται	e s θ a n e t e
αναπληρωτήσ	a n a p l i ɾ o t i s
αντ	a n d
ανώτατο	a n o t a t o
απέκτησε	a p e k t i s e
αποδοχή	a p o ð o ç i
απόσπασμα	a p o s p a z m a
απόστολοσ	a p o s t o l o s
αριθμοί	a ɾ i θ m i
αρνείται	a ɾ n i t e
αστέρα	a s t e ɾ a
βάσησ	v a s i s
βγάζουν	v ɣ a z u n
βγήκαν	v ʝ i k a n
γερμανικό	ʝ e ɾ m a n i k o
γουίλιαμ	ɣ u i ʎ a m
δάνειο	ð a n i o
διαδικτύου	ð i̯ a ð i k t i u
δοκιμάσει	ð o c i m a s i
δράσεισ	ð ɾ a s i s
εθνικέσ	e θ n i c e s
εκανα	e k a n a
επέτειο	e p e t i o
εσωτερικά	e s o t e ɾ i k a
ζήσουμε	z i s u m e
ζωντανό	z o n d a n o
θεά	θ e a
θερμοκρασίεσ	θ e ɾ m o k ɾ a s i e s
θυμάτων	θ i m a t o n
καλη	k a l i
κόρεσ	k o ɾ e s
λεει	l e i
μέσησ	m e s i s
μερα	m e ɾ a
μεταγραφή	m e t a ɣ ɾ a f i
μπροσ	b ɾ o s
μόνιμα	m o n i m a
νεύρα	n e v ɾ a
οικογενειακή	i k o ʝ e n i a c i
ολεσ	o l e s
ολυμπιακούσ	o l i m b i a k u s
ορίζει	o ɾ i z i
πάτωμα	p a t o m a
πέθαναν	p e θ a n a n
πανέμορφη	p a n e m o ɾ f i
παρουσιάστηκε	p a ɾ u s i a s t i c e
πετάξει	p e t a k s i
πλάσμα	p l a z m a
πολιτιστικό	p o l i t i s t i k o
προσπαθούμε	p ɾ o s p a θ u m e
στέφανοσ	s t e f a n o s
σταθμοί	s t a θ m i
σταματήστε	s t a m a t i s t e
συγκεκριμένεσ	s i ŋ ɟ e k ɾ i m e n e s
συμπεριφοράσ	s i m b e ɾ i f o ɾ a s
συναγερμόσ	s i n a ʝ e ɾ m o s
σύνδεσμοσ	s i n ð e z m o s
τέταρτη	t e t a ɾ t i
τοπικών	t o p i k o n
τραπεζών	t ɾ a p e z o n
τροφέσ	t ɾ o f e s
υποστήριξησ	i p o s t i ɾ i k s i s
υψηλέσ	i p s i l e s
φαινόταν	f e n o t a n
φιλική	f i l i c i
χάρισ	x a ɾ i s
χαλκιδικήσ	x a l c i ð i c i s
άθλημα	a θ l i m a
άλμα	a l m a
έννοιεσ	e n i e s
έξυπνοσ	e k s i p n o s
έτοιμα	e t i m a
αδερφέ	a ð e ɾ f e
αισθητική	e s θ i t i c i
ακολουθώντασ	a k o l u θ o n d a s
αλλη	a l i
ανατολήσ	a n a t o l i s
αντίστασησ	a n d i s t a s i s
αντιθέτωσ	a n d i θ e t o s
αρκετούσ	a ɾ c e t u s
βγάλουν	v ɣ a l u n
βορείου	v o ɾ i u
δεδομένο	ð e ð o m e n o
διαφορετικούσ	ð i̯ a f o ɾ e t i k u s
δολοφονίασ	ð o l o f o n i a s
δουλεια	ð u ʎ a
δουλεύεισ	ð u l e v i s
εγκλήματοσ	e ŋ ɡ l i m a t o s
ειδικών	i ð i k o n
ειχα	i x a
εκτιμήσεισ	e k t i m i s i s
ενδιαφέρεται	e n ð i̯ a f e ɾ e t e
επηρεάζει	e p i ɾ e a z i
επιστρέψουν	e p i s t ɾ e p s u n
ερωτική	e ɾ o t i c i
εστία	e s t i a
ζαν	z a n
θελα	θ e l a
κατάκτηση	k a t a k t i s i
καταπληκτική	k a t a p l i k t i c i
κλαισ	k l e s
κοινήσ	c i n i s
κοσμήματα	k o z m i m a t a
κουλτούρα	k u l t u ɾ a
κόψω	k o p s o
μαρτυρία	m a ɾ t i ɾ i a
μνημεία	m n i m i a
μονάδων	m o n a ð o n
μπλούζα	b l u z a
νομιζω	n o m i z o
ντόναλντ	d o n a l d
νύχτασ	n i x t a s
ξεχάσω	k s e x a s o
ολη	o l i
παίξω	p e k s o
παραδοσιακή	p a ɾ a ð o s i a c i
πιάνο	p ç a n o
πλάνο	p l a n o
πλευράσ	p l e v ɾ a s
ποσοστά	p o s o s t a
ποταμού	p o t a m u
πραγμάτων	p ɾ a ɣ m a t o n
προσέχετε	p ɾ o s e ç e t e
πρότεινε	p ɾ o t i n e
πωλ	p o l
πόλο	p o l o
σκοτώθηκαν	s k o t o θ i k a n
στηρίζει	s t i ɾ i z i
συλλογήσ	s i l o ʝ i s
συμφωνίεσ	s i ɱ f o n i e s
συνείδηση	s i n i ð i s i
συνομιλίεσ	s i n o m i l i e s
σχέσησ	s ç e s i s
σύντομο	s i n d o m o
τίτλουσ	t i t l u s
υλικών	i l i k o n
υπεύθυνο	i p e f θ i n o
υποστήριξε	i p o s t i ɾ i k s e
υψηλά	i p s i l a
φάσμα	f a z m a
φωνάζουν	f o n a z u n
φύγεισ	f i ʝ i s
χάνουμε	x a n u m e
χρυσού	x ɾ i s u
χώροι	x o ɾ i
άλογα	a l o ɣ a
άμμο	a m o
έκοψε	e k o p s e
έλενα	e l e n a
αγαπάμε	a ɣ a p a m e
ακαδημίασ	a k a ð i m i a s
αντικατάσταση	a n d i k a t a s t a s i
ασχοληθεί	a s x o l i θ i
βγαίνεισ	v ʝ e n i s
βιομηχανίασ	v i o m i x a n i a s
βρίσκονταν	v ɾ i s k o n d a n
βρίσκουμε	v ɾ i s k u m e
γάτεσ	ɣ a t e s
γέλια	ʝ e ʎ a
γείτονεσ	ʝ i t o n e s
γεγονότων	ʝ e ɣ o n o t o n
δέχθηκε	ð e x θ i c e
δημοσιογράφουσ	ð i m o s i o ɣ ɾ a f u s
διαδικασίασ	ð i̯ a ð i k a s i a s
δοκιμή	ð o c i m i
ελληνικη	e l i n i c i
ενόψει	e n o p s i
επιτέθηκαν	e p i t e θ i k a n
ζώνεσ	z o n e s
θαύματα	θ a v m a t a
ιδιαιτέρωσ	i ð i e t e ɾ o s
ιδιοκτήτεσ	i ð i o k t i t e s
ιησούσ	i i s u s
καιρού	c e ɾ u
κεντρικά	c e n d ɾ i k a
λαχανικά	l a x a n i k a
λογικήσ	l o ʝ i c i s
μαθαίνει	m a θ e n i
μείνουμε	m i n u m e
μελέτησ	m e l e t i s
μεροσ	m e ɾ o s
μετατροπή	m e t a t ɾ o p i
μισά	m i s a
νομό	n o m o
ξένεσ	k s e n e s
πάγκο	p a ŋ ɡ o
παε	p a e
πεδία	p e ð i a
πληγέσ	p l i ʝ e s
προέλευσησ	p ɾ o e l e f s i s
προκήρυξη	p ɾ o c i ɾ i k s i
πρωταθλητήσ	p ɾ o t a θ l i t i s
ροσ	ɾ o s
σήματα	s i m a t a
σαφώσ	s a f o s
σεισμόσ	s i z m o s
σκοτ	s k o t
συνδυασμόσ	s i n ð i a z m o s
συρίασ	s i ɾ i a s
τζόουνσ	d͡z o u n s
τιμών	t i m o n
τροχιά	t ɾ o ç a
υπαλλήλουσ	i p a l i l u s
φαρμάκων	f a ɾ m a k o n
ωστε	o s t e
έβγαλα	e v ɣ a l a
ένταξη	e n d a k s i
αίθουσεσ	e θ u s e s
αναπαραγωγήσ	a n a p a ɾ a ɣ o ʝ i s
αντίστοιχη	a n d i s t i ç i
αποελ	a p o e l
αποτέλεσε	a p o t e l e s e
αρνητικό	a ɾ n i t i k o
αφήσεισ	a f i s i s
βαρέθηκα	v a ɾ e θ i k a
βιογραφικό	v i o ɣ ɾ a f i k o
γεννιέται	ʝ e ɲ e t e
γυρίζει	ʝ i ɾ i z i
δείκτη	ð i k t i
δημιουργείται	ð i m i u ɾ ʝ i t e
δημιούργησαν	ð i m i u ɾ ʝ i s a n
δοκιμέσ	ð o c i m e s
δυνατόσ	ð i n a t o s
εικόνασ	i k o n a s
ελλάσ	e l a s
ενδιαφέροντοσ	e n ð i̯ a f e ɾ o n d o s
ενεργό	e n e ɾ ɣ o
επιδόσεισ	e p i ð o s i s
ετοιμάζεται	e t i m a z e t e
ευχάριστη	e f x a ɾ i s t i
ηρθε	i ɾ θ e
καθεστώτοσ	k a θ e s t o t o s
καταγραφή	k a t a ɣ ɾ a f i
καταθέσεισ	k a t a θ e s i s
καταπληκτικό	k a t a p l i k t i k o
κατοχήσ	k a t o ç i s
κυκλοφορήσει	c i k l o f o ɾ i s i
λόφο	l o f o
μήνυση	m i n i s i
μεσογείου	m e s o ʝ i u
ναυτικού	n a f t i k u
νότιο	n o t i o
οίκου	i k u
ονόματι	o n o m a t i
οπου	o p u
οφείλει	o f i l i
πήγαινα	p i ʝ e n a
παο	p a o
παράγουν	p a ɾ a ɣ u n
παραιτήθηκε	p a ɾ e t i θ i c e
περνούν	p e ɾ n u n
πληρωμή	p l i ɾ o m i
πληρώνω	p l i ɾ o n o
πολιτιστική	p o l i t i s t i c i
προβλέπει	p ɾ o v l e p i
προσωρινή	p ɾ o s o ɾ i n i
πρώτον	p ɾ o t o n
ρωσική	ɾ o s i c i
σκέφτηκε	s c e f t i c e
σκέφτονται	s c e f t o n d e
σταματάει	s t a m a t a i
σταν	s t a n
στε	s t e
συμμετέχοντεσ	s i m e t e x o n d e s
ταμεία	t a m i a
τοισ	t i s
τούτο	t u t o
τρίτοσ	t ɾ i t o s
τόνο	t o n o
φάσεισ	f a s i s
χαν	x a n
χρήσεισ	x ɾ i s i s
όραμα	o ɾ a m a
έλαβαν	e l a v a n
αεροπλάνα	a e ɾ o p l a n a
ακτινοβολία	a k t i n o v o l i a
αληθεια	a l i θ i a
απθ	a p θ
αποδείξει	a p o ð i k s i
αποστολέσ	a p o s t o l e s
βροχέσ	v ɾ o ç e s
γράφουν	ɣ ɾ a f u n
διεθνών	ð i e θ n o n
δωματίου	ð o m a t i u
δώσετε	ð o s e t e
εθνικόσ	e θ n i k o s
εκανε	e k a n e
ελαφρά	e l a f ɾ a
ενεργά	e n e ɾ ɣ a
εννοεί	e n o i
εξαφάνιση	e k s a f a n i s i
εξαφανιστεί	e k s a f a n i s t i
επανάστασησ	e p a n a s t a s i s
επιστημονικήσ	e p i s t i m o n i c i s
επιτρέπουν	e p i t ɾ e p u n
ευχέσ	e f ç e s
εφ	e f
ζώνησ	z o n i s
ηθικό	i θ i k o
θέματοσ	θ e m a t o s
θεούσ	θ e u s
θετικέσ	θ e t i c e s
ιδεολογία	i ð e o l o ʝ i a
ιδιοκτήτη	i ð i o k t i t i
ιδιωτικά	i ð i o t i k a
καλείται	k a l i t e
καλύψει	k a l i p s i
λογισμικού	l o ʝ i z m i k u
μακρύ	m a k ɾ i
μαξ	m a k s
μετέφερε	m e t e f e ɾ e
μνημόνια	m n i m o ɲ a
μουσικά	m u s i k a
νομοθεσία	n o m o θ e s i a
ξεκίνημα	k s e c i n i m a
ξεκίνησα	k s e c i n i s a
οδηγούσε	o ð i ɣ u s e
οστά	o s t a
παραδόσεισ	p a ɾ a ð o s i s
παρατηρήσεισ	p a ɾ a t i ɾ i s i s
παω	p a o
πρόστιμο	p ɾ o s t i m o
πόσουσ	p o s u s
πύλεσ	p i l e s
ρήξη	ɾ i k s i
ρυθμούσ	ɾ i θ m u s
σαμαράσ	s a m a ɾ a s
σημειώνεται	s i m i o n e t e
σκάλα	s k a l a
σκηνοθέτησ	s c i n o θ e t i s
συγκεντρώσεισ	s i ŋ ɟ e n d ɾ o s i s
σύγχρονεσ	s i ŋ x ɾ o n e s
τά	t a
τέρασ	t e ɾ a s
ταξιδεύει	t a k s i ð e v i
τελευταίουσ	t e l e f t e u s
τελοσ	t e l o s
υφυπουργόσ	i f i p u ɾ ɣ o s
φανταστικό	f a n d a s t i k o
φιλμ	f i l m
φυσικέσ	f i s i c e s
χάνουν	x a n u n
ότου	o t u
έφυγα	e f i ɣ a
αγγλίασ	a ŋ ɡ l i a s
αμαρτία	a m a ɾ t i a
αμερικανικό	a m e ɾ i k a n i k o
ανανέωση	a n a n e o s i
ανησυχεί	a n i s i ç i
αποχρώσεισ	a p o x ɾ o s i s
απόκτηση	a p o k t i s i
αυτοπεποίθηση	a f t o p e p i θ i s i
βαθμού	v a θ m u
δίνετε	ð i n e t e
δίωξη	ð i o k s i
δρα	ð ɾ a
εκπαιδευτικών	e k p e ð e f t i k o n
εμφάνισή	e ɱ f a n i s i
εξασφαλίσει	e k s a s f a l i s i
ερωτευμένοσ	e ɾ o t e v m e n o s
θέαμα	θ e a m a
θέληση	θ e l i s i
θεατέσ	θ e a t e s
ιδανικό	i ð a n i k o
ινστιτούτου	i n s t i t u t u
ισχυρίζεται	i s ç i ɾ i z e t e
καταλάβουμε	k a t a l a v u m e
κλαίει	k l e i
κορυφήσ	k o ɾ i f i s
κρατάμε	k ɾ a t a m e
κυπριακήσ	c i p ɾ i a c i s
κω	k o
μιλούσε	m i l u s e
νικήσει	n i c i s i
ξέχασε	k s e x a s e
ξυπνήσει	k s i p n i s i
ολοκληρωμένη	o l o k l i ɾ o m e n i
ορισμένων	o ɾ i z m e n o n
πάλη	p a l i
πάτο	p a t o
πιτ	p i t
πλάτοσ	p l a t o s
πλοίου	p l i u
πραγματικόσ	p ɾ a ɣ m a t i k o s
προεδρία	p ɾ o e ð ɾ i a
πρωταθλητέσ	p ɾ o t a θ l i t e s
σαββάτου	s a v a t u
σεμινάριο	s e m i n a ɾ i o
σμύρνησ	z m i ɾ n i s
συνάρτηση	s i n a ɾ t i s i
συναυλίεσ	s i n a v l i e s
συνεχίστε	s i n e ç i s t e
σύμβολα	s i ɱ v o l a
υποθέσεων	i p o θ e s e o n
υποσχέσεισ	i p o s ç e s i s
χάθηκαν	x a θ i k a n
χάλασε	x a l a s e
χρήσιμο	x ɾ i s i m o
χρησιμοποιηθούν	x ɾ i s i m o p i i θ u n
χρώματοσ	x ɾ o m a t o s
άφησα	a f i s a
έδειξαν	e ð i k s a n
έντονεσ	e n d o n e s
έξτρα	e k s t ɾ a
ήπειρο	i p i ɾ o
ανάδειξη	a n a ð i k s i
ανέβει	a n e v i
αναστολή	a n a s t o l i
αξιολόγησησ	a k s i o l o ʝ i s i s
απαντήσω	a p a n d i s o
αυξάνει	a f k s a n i
αυτοδιοίκηση	a f t o ð i i c i s i
βλέπε	v l e p e
γνωστοί	ɣ n o s t i
γυμνασίου	ʝ i m n a s i u
δασκάλα	ð a s k a l a
δικοί	ð i c i
ειπε	i p e
επιθυμίεσ	e p i θ i m i e s
θεσσαλονικη	θ e s a l o n i c i
ιδιοκτησίασ	i ð i o k t i s i a s
ιούλιοσ	i u l i o s
καθιστά	k a θ i s t a
καλούσ	k a l u s
καταγγελίεσ	k a t a ŋ ɟ e l i e s
καταλαβαίνετε	k a t a l a v e n e t e
καταστρέψει	k a t a s t ɾ e p s i
καταφέρνει	k a t a f e ɾ n i
κληρονομιάσ	k l i ɾ o n o m ɲ a s
κορμί	k o ɾ m i
μέγα	m e ɣ a
μίλα	m i l a
μαζικήσ	m a z i c i s
μακιγιάζ	m a c i ʝ a z
μαλάκεσ	m a l a c e s
μείνεισ	m i n i s
μετακίνηση	m e t a c i n i s i
μεταρρύθμιση	m e t a ɾ i θ m i s i
μεταφέρουν	m e t a f e ɾ u n
μισέλ	m i s e l
μουσεία	m u s i a
μπαίνεισ	b e n i s
νιώθουν	ɲ o θ u n
ξεφύγει	k s e f i ʝ i
πάγο	p a ɣ o
παει	p a i
παράδοσησ	p a ɾ a ð o s i s
παρακολουθούν	p a ɾ a k o l u θ u n
πιλότοσ	p i l o t o s
σεπτέμβριοσ	s e p t e ɱ v ɾ i o s
σκηνήσ	s c i n i s
σκότωσαν	s k o t o s a n
στέλιοσ	s t e ʎ o s
συνεχείσ	s i n e ç i s
σφαγή	s f a ʝ i
τίμημα	t i m i m a
τελείωσαν	t e l i o s a n
τρείσ	t ɾ i s
τρελόσ	t ɾ e l o s
τυχερή	t i ç e ɾ i
τόπουσ	t o p u s
φαντασίασ	f a n d a s i a s
φοιτητών	f i t i t o n
άγνωστη	a ɣ n o s t i
άλλησ	a l i s
άσχημη	a s ç i m i
έσωσε	e s o s e
αγωνίζεται	a ɣ o n i z e t e
αδύνατον	a ð i n a t o n
αελ	a e l
ακτέσ	a k t e s
ανεξαρτησία	a n e k s a ɾ t i s i a
αντιμετωπίζει	a n d i m e t o p i z i
ασφαλήσ	a s f a l i s
ατομική	a t o m i c i
ατομικό	a t o m i k o
αφου	a f u
βγάλε	v ɣ a l e
βγήκα	v ʝ i k a
γεμάτα	ʝ e m a t a
γνωριμία	ɣ n o ɾ i m i a
δήμαρχο	ð i m a ɾ x o
δείξω	ð i k s o
δεύτερησ	ð e f t e ɾ i s
διαλέξεισ	ð i̯ a l e k s i s
διοργάνωσησ	ð i o ɾ ɣ a n o s i s
εκατοστά	e k a t o s t a
ελληνισμού	e l i n i z m u
επεξεργασίασ	e p e k s e ɾ ɣ a s i a s
εταιρειών	e t e ɾ i o n
εφαρμογήσ	e f a ɾ m o ʝ i s
ζωγραφικήσ	z o ɣ ɾ a f i c i s
ηλείασ	i l i a s
κατάλογοσ	k a t a l o ɣ o s
κατάταξη	k a t a t a k s i
κοιλάδα	c i l a ð a
κοινότητεσ	c i n o t i t e s
κυβερνητική	c i v e ɾ n i t i c i
λε	l e
μάρτυρασ	m a ɾ t i ɾ a s
μαρί	m a ɾ i
μαρτυρίεσ	m a ɾ t i ɾ i e s
μειώνει	m i o n i
μενα	m e n a
μερίδιο	m e ɾ i ð i o
μηχανικών	m i x a n i k o n
μπισκότα	b i s k o t a
μόσχασ	m o s x a s
ξεκάθαρο	k s e k a θ a ɾ o
ξεπερνά	k s e p e ɾ n a
ξημερώματα	k s i m e ɾ o m a t a
οίκοσ	i k o s
πάρκινγκ	p a ɾ c i ŋ ɡ
παράνομα	p a ɾ a n o m a
περνάνε	p e ɾ n a n e
πληθυσμόσ	p l i θ i z m o s
πνεύματοσ	p n e v m a t o s
ποιήματα	p i i m a t a
πορτοκαλί	p o ɾ t o k a l i
πούτιν	p u t i n
προπαγάνδα	p ɾ o p a ɣ a n ð a
προϋποθέσεισ	p ɾ o i p o θ e s i s
σενα	s e n a
σωστόσ	s o s t o s
ταν	t a n
τεχνικά	t e x n i k a
φάνε	f a n e
φάσησ	f a s i s
φανταστείτε	f a n d a s t i t e
φροντίζει	f ɾ o n d i z i
φυσιολογικό	f i s i o l o ʝ i k o
φόροσ	f o ɾ o s
χάσουμε	x a s u m e
χρήστου	x ɾ i s t u
όφελοσ	o f e l o s
ύπαρξησ	i p a ɾ k s i s
άγαλμα	a ɣ a l m a
άλλωσ	a l o s
αα	a a
αναφερθεί	a n a f e ɾ θ i
ανοικτό	a n i k t o
αρνητική	a ɾ n i t i c i
αφήνετε	a f i n e t e
αφήσουν	a f i s u n
βγάλτε	v ɣ a l t e
γάλλοσ	ɣ a l o s
γεμίσει	ʝ e m i s i
γύρνα	ʝ i ɾ n a
δάση	ð a s i
δευτέρασ	ð e f t e ɾ a s
δημοσιεύτηκε	ð i m o s i e f t i c e
δημοφιλή	ð i m o f i l i
εθνών	e θ n o n
εκάστοτε	e k a s t o t e
εκτιμάται	e k t i m a t e
εξόδου	e k s o ð u
επο	e p o
ευτυχισμένη	e f t i ç i z m e n i
θεόδωροσ	θ e o ð o ɾ o s
ιβάν	i v a n
ιερέασ	i e ɾ e a s
κατάρα	k a t a ɾ a
καυτό	k a f t o
κειμένου	c i m e n u
κιλκίσ	c i l c i s
κλασική	k l a s i c i
κλείσουν	k l i s u n
κοπέλεσ	k o p e l e s
κυρά	c i ɾ a
μενού	m e n u
ξενοδοχεία	k s e n o ð o ç i a
ολουσ	o l u s
παλαιότερα	p a l e o t e ɾ a
παράξενο	p a ɾ a k s e n o
παρατηρείται	p a ɾ a t i ɾ i t e
περ	p e ɾ
περιλαμβάνεται	p e ɾ i l a ɱ v a n e t e
περιφέρειεσ	p e ɾ i f e ɾ i e s
πλήρωσε	p l i ɾ o s e
πλανήτησ	p l a n i t i s
πολύτιμο	p o l i t i m o
πουλάει	p u l a i
πούλησε	p u l i s e
πραγματοποιηθεί	p ɾ a ɣ m a t o p i i θ i
προγραμμάτων	p ɾ o ɣ ɾ a m a t o n
προσπαθούσε	p ɾ o s p a θ u s e
πρωταγωνιστέσ	p ɾ o t a ɣ o n i s t e s
σαφέσ	s a f e s
στέλνουν	s t e l n u n
σταματήσω	s t a m a t i s o
σταυρού	s t a v ɾ u
συμπεριφορέσ	s i m b e ɾ i f o ɾ e s
συνεργάτη	s i n e ɾ ɣ a t i
σύγχρονα	s i ŋ x ɾ o n a
τείχοσ	t i x o s
τρίτου	t ɾ i t u
τρελά	t ɾ e l a
τρύπεσ	t ɾ i p e s
φιλοξενεί	f i l o k s e n i
φοβερό	f o v e ɾ o
φτιάξεισ	f t ç a k s i s
ύπνοσ	i p n o s
άλλαξαν	a l a k s a n
άντζελεσ	a n d͡z e l e s
έθεσε	e θ e s e
έλειπε	e l i p e
αισθήσεισ	e s θ i s i s
ακούσουμε	a k u s u m e
αναβάθμιση	a n a v a θ m i s i
αναγνωρίζει	a n a ɣ n o ɾ i z i
απειλεί	a p i l i
αστέρων	a s t e ɾ o n
αυτοκτονίασ	a f t o k t o n i a s
γεννηθεί	ʝ e n i θ i
γεωργίασ	ʝ e o ɾ ʝ i a s
γνωρίζοντασ	ɣ n o ɾ i z o n d a s
δίσκοσ	ð i s k o s
δημ	ð i m
δημοτικά	ð i m o t i k a
δημοφιλήσ	ð i m o f i l i s
επιθυμεί	e p i θ i m i
επιστημονικά	e p i s t i m o n i k a
επιστημονικό	e p i s t i m o n i k o
επιχείρημα	e p i ç i ɾ i m a
ευρεία	e v ɾ i a
ευρω	e v ɾ o
καζίνο	k a z i n o
καμια	k a m ɲ a
κεφάλαια	c e f a l e a
κλείσε	k l i s e
κρατήσουν	k ɾ a t i s u n
κυττάρων	c i t a ɾ o n
λίβερπουλ	l i v e ɾ p u l
λαμίασ	l a m i a s
λαών	l a o n
λεμεσού	l e m e s u
μαγαζιά	m a ɣ a z ʝ a
μακ	m a k
μαν	m a n
μανώλησ	m a n o l i s
μαύροσ	m a v ɾ o s
μεγαλώσει	m e ɣ a l o s i
μηχανήσ	m i x a n i s
ξένο	k s e n o
ονομα	o n o m a
πέσουν	p e s u n
πανέμορφο	p a n e m o ɾ f o
παρέμεινε	p a ɾ e m i n e
περάσω	p e ɾ a s o
πιάσε	p ç a s e
ποιοί	p i i
προκαλώντασ	p ɾ o k a l o n d a s
προφανέσ	p ɾ o f a n e s
πρόσφατεσ	p ɾ o s f a t e s
σίτι	s i t i
σκεφτώ	s c e f t o
σοβαρόσ	s o v a ɾ o s
στίχοι	s t i ç i
στρατηγό	s t ɾ a t i ɣ o
συνδέει	s i n ð e i
συνόδου	s i n o ð u
σωματεία	s o m a t i a
τήν	t i n
τελευταίασ	t e l e f t e a s
υποχρεωτική	i p o x ɾ e o t i c i
υπόθεσησ	i p o θ e s i s
φέρτε	f e ɾ t e
φοιτητήσ	f i t i t i s
φωτιάσ	f o t ç a s
χαμηλέσ	x a m i l e s
χαρακτήρισε	x a ɾ a k t i ɾ i s e
χημικών	ç i m i k o n
ωραίεσ	o ɾ e e s
άρση	a ɾ s i
άσυλο	a s i l o
έληξε	e l i k s e
αθλητική	a θ l i t i c i
ακούσεισ	a k u s i s
ακόλουθα	a k o l u θ a
αναπτύξει	a n a p t i k s i
αναπτύσσεται	a n a p t i s e t e
ανθρώπινεσ	a n θ ɾ o p i n e s
ανοικτά	a n i k t a
αντιπροσωπεύει	a n d i p ɾ o s o p e v i
απαιτούν	a p e t u n
απλόσ	a p l o s
αποχώρησε	a p o x o ɾ i s e
αστέρασ	a s t e ɾ a s
αστυνομικών	a s t i n o m i k o n
γέννησε	ʝ e n i s e
γερμανικήσ	ʝ e ɾ m a n i c i s
γνωστούσ	ɣ n o s t u s
δία	ð i a
δεύτερον	ð e f t e ɾ o n
διαδηλωτέσ	ð i̯ a ð i l o t e s
διατροφήσ	ð i̯ a t ɾ o f i s
διαφθορά	ð i̯ a f θ o ɾ a
διαφορετικών	ð i̯ a f o ɾ e t i k o n
δικαστική	ð i k a s t i c i
δολοφόνο	ð o l o f o n o
εγκαταλείψει	e ŋ ɡ a t a l i p s i
εκδηλώσεων	e k ð i l o s e o n
εκπληκτική	e k p l i k t i c i
ενδεχομένωσ	e n ð e x o m e n o s
εντ	e n d
επειδη	e p i ð i
επιστρέφουν	e p i s t ɾ e f u n
ερωτήματα	e ɾ o t i m a t a
εχθρό	e x θ ɾ o
θεσμόσ	θ e z m o s
θεωρηθεί	θ e o ɾ i θ i
θυμήθηκα	θ i m i θ i k a
καποιοσ	k a p i o s
κατάλληλα	k a t a l i l a
κατέστρεψε	k a t e s t ɾ e p s e
κατοικίασ	k a t i c i a s
κιλό	c i l o
κινηματογράφο	c i n i m a t o ɣ ɾ a f o
κλήσεισ	k l i s i s
κλείσω	k l i s o
κορυφαίο	k o ɾ i f e o
κρατούσε	k ɾ a t u s e
λογαριασμόσ	l o ɣ a ɾ ʝ a z m o s
μάρκετ	m a ɾ c e t
μείγμα	m i ɣ m a
μεταφέρθηκε	m e t a f e ɾ θ i c e
μηχανισμό	m i x a n i z m o
μισθούσ	m i s θ u s
νεο	n e o
ολυμπιακών	o l i m b i a k o n
οφη	o f i
πάγου	p a ɣ u
πέρασ	p e ɾ a s
πίστα	p i s t a
παράγεται	p a ɾ a ʝ e t e
παράνομο	p a ɾ a n o m o
παραβίαση	p a ɾ a v i a s i
πεθάνουμε	p e θ a n u m e
περιουσίασ	p e ɾ i u s i a s
πετάξω	p e t a k s o
πιστόσ	p i s t o s
πολιτιστικήσ	p o l i t i s t i c i s
ποσο	p o s o
προσωπικότητεσ	p ɾ o s o p i k o t i t e s
προϋπόθεση	p ɾ o i p o θ e s i
πτήσησ	p t i s i s
ρομπότ	ɾ o b o t
σπούδασε	s p u ð a s e
σταματά	s t a m a t a
συνεχίζονται	s i n e ç i z o n d e
συνηθίσει	s i n i θ i s i
σωλήνα	s o l i n a
σύννεφα	s i n e f a
τέχνεσ	t e x n e s
τόν	t o n
υπεράσπιση	i p e ɾ a s p i s i
φίλου	f i l u
φιλαράκι	f i l a ɾ a c i
φορέα	f o ɾ e a
φτιάχνουν	f t ç a x n u n
φυτών	f i t o n
χαλάσει	x a l a s i
χαράσ	x a ɾ a s
χρ	x ɾ
ψυχική	p s i ç i c i
άνεμοσ	a n e m o s
έκλεψε	e k l e p s e
έκτακτη	e k t a k t i
αγγλική	a ŋ ɡ l i c i
αθλητισμό	a θ l i t i z m o
αιώνια	e o ɲ a
ακίνητα	a c i n i t a
ακριβό	a k ɾ i v o
ανακαλύψει	a n a k a l i p s i
ανακοινώσεισ	a n a c i n o s i s
ανοίγουν	a n i ɣ u n
αντιπαράθεση	a n d i p a ɾ a θ e s i
αποδεικνύει	a p o ð i k n i i
αποδειχθεί	a p o ð i x θ i
αποτελεσματική	a p o t e l e z m a t i c i
αποτελούσε	a p o t e l u s e
γνώσησ	ɣ n o s i s
γωνιά	ɣ o ɲ a
δευτερόλεπτο	ð e f t e ɾ o l e p t o
δραστηριοτήτων	ð ɾ a s t i ɾ i o t i t o n
δωρεά	ð o ɾ e a
εαυτούσ	e a f t u s
εδάφη	e ð a f i
εμφανίζει	e ɱ f a n i z i
ενημερώσει	e n i m e ɾ o s i
επισήμωσ	e p i s i m o s
επισκέψεισ	e p i s c e p s i s
ετησίωσ	e t i s i o s
ζήσουν	z i s u n
ηλεκτρονικά	i l e k t ɾ o n i k a
ησουν	i s u n
θελει	θ e l i
ισπανίασ	i s p a n i a s
κάρλοσ	k a ɾ l o s
κανουμε	k a n u m e
κλάδου	k l a ð u
κοιτάει	c i t a i
κομμουνιστέσ	k o m u n i s t e s
κούρεμα	k u ɾ e m a
κυβερνητικό	c i v e ɾ n i t i k o
λευκάδασ	l e f k a ð a s
μέρασ	m e ɾ a s
μετρήσεισ	m e t ɾ i s i s
μητρώο	m i t ɾ o o
μπράουν	b ɾ a u n
νομικήσ	n o m i c i s
ντουσ	d u s
ξέρατε	k s e ɾ a t e
ονόματοσ	o n o m a t o s
οροφή	o ɾ o f i
πάθη	p a θ i
πίστησ	p i s t i s
παιδι	p e ð i
παλαιά	p a l e a
παύλο	p a v l o
πείνασ	p i n a s
πεδίου	p e ð i u
περιμένοντασ	p e ɾ i m e n o n d a s
περιπέτειεσ	p e ɾ i p e t i e s
πρόσβασησ	p ɾ o z v a s i s
πόρτο	p o ɾ t o
ρίξω	ɾ i k s o
ρωσικό	ɾ o s i k o
σι	s i
σκάφουσ	s k a f u s
συνδέσμου	s i n ð e z m u
συνοδεία	s i n o ð i a
σύμπαντοσ	s i m b a n d o s
τακτικά	t a k t i k a
τρόμου	t ɾ o m u
υψηλού	i p s i l u
φαγητά	f a ʝ i t a
φυλήσ	f i l i s
χρησιμοποιήθηκε	x ɾ i s i m o p i i θ i c e
ψήφισαν	p s i f i s a n
άν	a n
άξιζε	a k s i z e
άουτ	a u t
έδιναν	e ð i n a n
έλλειψησ	e l i p s i s
ήσυχο	i s i x o
αληθινόσ	a l i θ i n o s
αμαρτίεσ	a m a ɾ t i e s
ανήκε	a n i c e
αντικειμένων	a n d i c i m e n o n
απλέσ	a p l e s
απόφασή	a p o f a s i
αστικό	a s t i k o
αυστηρά	a f s t i ɾ a
βγείτε	v ʝ i t e
βιβλιοθήκησ	v i v l i o θ i c i s
βράχο	v ɾ a x o
βόμβεσ	v o ɱ v e s
γραμμένο	ɣ ɾ a m e n o
δείκτησ	ð i k t i s
δείχνεισ	ð i x n i s
δημοσιεύθηκε	ð i m o s i e f θ i c e
δοκιμασία	ð o c i m a s i a
ελαφρώσ	e l a f ɾ o s
ελεύθερησ	e l e f θ e ɾ i s
εμεισ	e m i s
εμπιστοσύνησ	e m b i s t o s i n i s
ενόπλων	e n o p l o n
επηρεάσει	e p i ɾ e a s i
επιβεβαίωσε	e p i v e v e o s e
επιλέξει	e p i l e k s i
εσώρουχα	e s o ɾ u x a
εφήβων	e f i v o n
ζεστή	z e s t i
θεοί	θ e i
θεραπείασ	θ e ɾ a p i a s
ιδανική	i ð a n i c i
ισχυρέσ	i s ç i ɾ e s
ιόσ	i o s
καλοσύνη	k a l o s i n i
καταλαβαίνουν	k a t a l a v e n u n
κρατάνε	k ɾ a t a n e
κυρώσεισ	c i ɾ o s i s
λεωφορεία	l e o f o ɾ i a
λογοτεχνίασ	l o ɣ o t e x n i a s
λυκείου	l i c i u
μήνασ	m i n a s
μαθαίνουν	m a θ e n u n
μειώνεται	m i o n e t e
μεταφορέσ	m e t a f o ɾ e s
μηχανισμόσ	m i x a n i z m o s
μωρού	m o ɾ u
ντ	d
ξενοδοχείου	k s e n o ð o ç i u
οτε	o t e
πειράματα	p i ɾ a m a t a
περιορισμένη	p e ɾ i o ɾ i z m e n i
περιστέρι	p e ɾ i s t e ɾ i
περνούσε	p e ɾ n u s e
πετάσ	p e t a s
ποιητή	p i i t i
πολυτεχνείο	p o l i t e x n i o
πράσινη	p ɾ a s i n i
πραγματοποιήθηκαν	p ɾ a ɣ m a t o p i i θ i k a n
πραγματοποιήσει	p ɾ a ɣ m a t o p i i s i
προορισμόσ	p ɾ o o ɾ i z m o s
προσδοκίεσ	p ɾ o z ð o c i e s
πυρετό	p i ɾ e t o
ρώτα	ɾ o t a
σπάει	s p a i
στηρίζεται	s t i ɾ i z e t e
συνεδρίου	s i n e ð ɾ i u
συνεχίσω	s i n e ç i s o
συνθηκών	s i n θ i k o n
συντελεστέσ	s i n d e l e s t e s
τει	t i
τελικού	t e l i k u
τζ	d͡z
τζο	d͡z o
τουρκικέσ	t u ɾ c i c e s
τρομοκράτεσ	t ɾ o m o k ɾ a t e s
τσάντεσ	t͡s a n d e s
υγρά	i ɣ ɾ a
υπο	i p o
φυσιολογική	f i s i o l o ʝ i c i
χημεία	ç i m i a
χρυσά	x ɾ i s a
άγριο	a ɣ ɾ i o
άκρο	a k ɾ o
έδειχνε	e ð i x n e
έρημο	e ɾ i m o
αγαπημένοσ	a ɣ a p i m e n o s
αθλητήσ	a θ l i t i s
ακολούθωσ	a k o l u θ o s
ακριβήσ	a k ɾ i v i s
αναπαραγωγή	a n a p a ɾ a ɣ o ʝ i
ανθρωπίνων	a n θ ɾ o p i n o n
αντίθετη	a n d i θ e t i
απίθανο	a p i θ a n o
αυτοι	a f t i
αυτον	a f t o n
βαθμόσ	v a θ m o s
βασίζονται	v a s i z o n d e
γερμανών	ʝ e ɾ m a n o n
γιορτέσ	ʝ o ɾ t e s
δήμοι	ð i m i
διώξεισ	ð i o k s i s
εγκρίθηκε	e ŋ ɡ ɾ i θ i c e
εκείνησ	e c i n i s
εμπλοκή	e m b l o c i
ενισχύσεισ	e n i s ç i s i s
ενώσεισ	e n o s i s
εξακολουθούν	e k s a k o l u θ u n
εξετάζει	e k s e t a z i
επιτρέψει	e p i t ɾ e p s i
εχθέσ	e x θ e s
ζητήσω	z i t i s o
ζητούσε	z i t u s e
ζόρι	z o ɾ i
θέτει	θ e t i
ιδού	i ð u
ισχύουν	i s ç i u n
καλλιτέχνη	k a l i t e x n i
καλύπτουν	k a l i p t u n
κανε	k a n e
καριέρασ	k a ɾ ʝ e ɾ a s
καταδίκη	k a t a ð i c i
καταπολέμηση	k a t a p o l e m i s i
κενά	c e n a
κλασικό	k l a s i k o
κοινοτήτων	c i n o t i t o n
κρύα	k ɾ i a
κυριαρχίασ	c i ɾ i a ɾ ç i a s
λίποσ	l i p o s
μάρκο	m a ɾ k o
μεγάλε	m e ɣ a l e
μελετών	m e l e t o n
νησιών	n i s i o n
νιώθετε	ɲ o θ e t e
νόμοι	n o m i
παιχνιδιών	p e x n i ð ʝ o n
παρκ	p a ɾ k
περικοπέσ	p e ɾ i k o p e s
πλανήτεσ	p l a n i t e s
πλοίων	p l i o n
ποδοσφαιριστήσ	p o ð o s f e ɾ i s t i s
ποσά	p o s a
πράσινα	p ɾ a s i n a
πρέβεζασ	p ɾ e v e z a s
πραγματα	p ɾ a ɣ m a t a
πυρκαγιέσ	p i ɾ k a ʝ e s
ρομαντικό	ɾ o m a n d i k o
ρυθμόσ	ɾ i θ m o s
σήκωσε	s i k o s e
σημερινά	s i m e ɾ i n a
σκάσει	s k a s i
σκεφτόμαστε	s c e f t o m a s t e
σού	s u
σταθερότητα	s t a θ e ɾ o t i t a
συναντά	s i n a n d a
τόσουσ	t o s u s
φιλικά	f i l i k a
φιλοσοφίασ	f i l o s o f i a s
φοβερή	f o v e ɾ i
χάρησ	x a ɾ i s
χάρισε	x a ɾ i s e
χθεσινή	x θ e s i n i
χιλιάδων	ç i ʎ a ð o n
χρηματιστήριο	x ɾ i m a t i s t i ɾ i o
ωραια	o ɾ e a
όλησ	o l i s
όλον	o l o n
άλαν	a l a n
άρτασ	a ɾ t a s
έθιμα	e θ i m a
έκθεσησ	e k θ e s i s
έναρξησ	e n a ɾ k s i s
αγρινίου	a ɣ ɾ i n i u
αει	a i
αθλητών	a θ l i t o n
ακούγονται	a k u ɣ o n d e
ανα	a n a
αναγέννηση	a n a ʝ e n i s i
αναφορικά	a n a f o ɾ i k a
αποδεικνύεται	a p o ð i k n i e t e
απομόνωση	a p o m o n o s i
απορία	a p o ɾ i a
αποτελεσματικά	a p o t e l e z m a t i k a
αρα	a ɾ a
αρθρο	a ɾ θ ɾ o
αυξημένη	a f k s i m e n i
βλάκα	v l a k a
γίνε	ʝ i n e
γελάσ	ʝ e l a s
γεμίζει	ʝ e m i z i
γερά	ʝ e ɾ a
γερμανού	ʝ e ɾ m a n u
γρηγόρησ	ɣ ɾ i ɣ o ɾ i s
δημιουργήσουν	ð i m i u ɾ ʝ i s u n
δημιουργόσ	ð i m i u ɾ ɣ o s
διαδηλώσεισ	ð i̯ a ð i l o s i s
διατηρούν	ð i̯ a t i ɾ u n
διπλά	ð i p l a
δουλέψει	ð u l e p s i
δράστησ	ð ɾ a s t i s
εβραίοι	e v ɾ e i
εγκατέλειψε	e ŋ ɡ a t e l i p s e
εμπορικά	e m b o ɾ i k a
επίλυση	e p i l i s i
επενδυτέσ	e p e n ð i t e s
επιμένει	e p i m e n i
επιστήμονασ	e p i s t i m o n a s
ευχάριστο	e f x a ɾ i s t o
ευχαριστήσω	e f x a ɾ i s t i s o
ηδη	i ð i
θεσμούσ	θ e z m u s
ια	i a
καθηγήτρια	k a θ i ʝ i t ɾ i a
καλήσ	k a l i s
καλλιθέα	k a l i θ e a
κανά	k a n a
κασ	k a s
καταλήγουν	k a t a l i ɣ u n
κρίνει	k ɾ i n i
κόβει	k o v i
λευκόσ	l e f k o s
μαθαίνεισ	m a θ e n i s
μαθηματικών	m a θ i m a t i k o n
μαλακό	m a l a k o
μανούλα	m a n u l a
μαξίμου	m a k s i m u
μείνε	m i n e
μετέπειτα	m e t e p i t a
μετοχέσ	m e t o ç e s
μητρόπολη	m i t ɾ o p o l i
ντα	d a
νόμιμο	n o m i m o
νότου	n o t u
οπαπ	o p a p
οφέλη	o f e l i
πήγεσ	p i ʝ e s
παίδων	p e ð o n
παντελήσ	p a n d e l i s
παρακολούθησησ	p a ɾ a k o l u θ i s i s
πατρίδασ	p a t ɾ i ð a s
ποταμό	p o t a m o
προβάδισμα	p ɾ o v a ð i z m a
ρωτάει	ɾ o t a i
ρώμησ	ɾ o m i s
σημερινήσ	s i m e ɾ i n i s
σκοτεινή	s k o t i n i
σο	s o
στέκεται	s t e c e t e
στησ	s t i s
συνέβαινε	s i n e v e n e
συνεργάζεται	s i n e ɾ ɣ a z e t e
συστατικό	s i s t a t i k o
σωματείου	s o m a t i u
τραβάει	t ɾ a v a i
τροχαίο	t ɾ o ç e o
τυπου	t i p u
υπόγειο	i p o ʝ i o
φάε	f a e
φακό	f a k o
φοβάστε	f o v a s t e
φτάσουμε	f t a s u m e
φωτο	f o t o
χάνεται	x a n e t e
ψήφισε	p s i f i s e
όλου	o l u
όντασ	o n d a s
έκλεψαν	e k l e p s a n
έμεινα	e m i n a
ένοπλεσ	e n o p l e s
αγροτικήσ	a ɣ ɾ o t i c i s
αιτίασ	e t i a s
αιτίεσ	e t i e s
ακελ	a c e l
αλεξάνδρου	a l e k s a n ð ɾ u
ανοικτή	a n i k t i
αποκλεισμό	a p o k l i z m o
απομάκρυνση	a p o m a k ɾ i n s i
αρχιεπίσκοποσ	a ɾ ç i e p i s k o p o s
ασίασ	a s i a s
ασθενών	a s θ e n o n
βραδινό	v ɾ a ð i n o
γήπεδα	ʝ i p e ð a
γονέων	ɣ o n e o n
γυμναστικήσ	ʝ i m n a s t i c i s
δάσκαλο	ð a s k a l o
δεξαμενή	ð e k s a m e n i
δεύτερου	ð e f t e ɾ u
διαθέσιμη	ð i̯ a θ e s i m i
διατηρήσει	ð i̯ a t i ɾ i s i
ειδικοί	i ð i c i
ειστε	i s t e
εκπροσώπουσ	e k p ɾ o s o p u s
εκφράσεισ	e k f ɾ a s i s
ενίοτε	e n i o t e
ενδιαφέροντα	e n ð i̯ a f e ɾ o n d a
επαφήσ	e p a f i s
επιστήμεσ	e p i s t i m e s
επιστροφήσ	e p i s t ɾ o f i s
ηνωμένο	i n o m e n o
θανάση	θ a n a s i
θηλυκό	θ i l i k o
θυμηθώ	θ i m i θ o
κάλτσεσ	k a l t͡s e s
κακού	k a k u
καλυτερα	k a l i t e ɾ a
καμμένοσ	k a m e n o s
καταστημάτων	k a t a s t i m a t o n
κλίμακασ	k l i m a k a s
κοιτάζει	c i t a z i
κου	k u
κράτα	k ɾ a t a
κτιρίων	k t i ɾ i o n
λέγονται	l e ɣ o n d e
λειτουργήσει	l i t u ɾ ʝ i s i
μάνοσ	m a n o s
μηχάνημα	m i x a n i m a
νιώσεισ	ɲ o s i s
νομικό	n o m i k o
νόστιμο	n o s t i m o
ξεκινήσουμε	k s e c i n i s u m e
ξεχωρίζει	k s e x o ɾ i z i
οποτε	o p o t e
οργανισμών	o ɾ ɣ a n i z m o n
ουσιών	u s i o n
οχημάτων	o ç i m a t o n
παντρεύεται	p a n d ɾ e v e t e
παραμονήσ	p a ɾ a m o n i s
παρουσίασ	p a ɾ u s i a s
πορείασ	p o ɾ i a s
προκάλεσαν	p ɾ o k a l e s a n
προκλήσεισ	p ɾ o k l i s i s
σάσ	s a s
σαμ	s a m
σκέφτεστε	s c e f t e s t e
σκι	s c i
σπηλιά	s p i ʎ a
σταμάτησαν	s t a m a t i s a n
στολέσ	s t o l e s
στρέμματα	s t ɾ e m a t a
συζητάμε	s i z i t a m e
συμφώνησε	s i ɱ f o n i s e
συνάντησε	s i n a n d i s e
συνεχήσ	s i n e ç i s
συνεχόμενη	s i n e x o m e n i
τρέχουσα	t ɾ e x u s a
υπαλλήλων	i p a l i l o n
υποβρύχιο	i p o v ɾ i ç i o
υπουργών	i p u ɾ ɣ o n
χάσουν	x a s u n
χαρούμενοσ	x a ɾ u m e n o s
άκρωσ	a k ɾ o s
έβαλεσ	e v a l e s
έκτασησ	e k t a s i s
έπιασαν	e p ç a s a n
έσκασε	e s k a s e
αγαπητοί	a ɣ a p i t i
αγροτική	a ɣ ɾ o t i c i
αγροτών	a ɣ ɾ o t o n
ακινήτων	a c i n i t o n
αναζητά	a n a z i t a
αντέξει	a n d e k s i
αποζημίωση	a p o z i m i o s i
απολύσεισ	a p o l i s i s
αποφυγή	a p o f i ʝ i
απόλαυση	a p o l a f s i
αστυνομική	a s t i n o m i c i
αφήσετε	a f i s e t e
βαθμοί	v a θ m i
βλακείεσ	v l a c i e s
βόλο	v o l o
βόλτεσ	v o l t e s
γκραντ	ɡ ɾ a n d
γύροσ	ʝ i ɾ o s
διάδρομο	ð i̯ a ð ɾ o m o
διεξήχθη	ð i e k s i x θ i
δικηγόρο	ð i c i ɣ o ɾ o
δολοφονίεσ	ð o l o f o n i e s
δυτικό	ð i t i k o
ειπα	i p a
εκπτώσεισ	e k p t o s i s
εκτοσ	e k t o s
εξυπηρετεί	e k s i p i ɾ e t i
επέτρεψε	e p e t ɾ e p s e
επισκέπτησ	e p i s c e p t i s
επόμενησ	e p o m e n i s
εσόδων	e s o ð o n
εφαρμόζεται	e f a ɾ m o z e t e
ζωντανόσ	z o n d a n o s
θυμούνται	θ i m u n d e
θυμό	θ i m o
ιδεών	i ð e o n
ιερού	i e ɾ u
ικανόσ	i k a n o s
ισπανικά	i s p a n i k a
κήποσ	c i p o s
καποια	k a p i a
κατέθεσε	k a t e θ e s e
κλείνουν	k l i n u n
κριτικέσ	k ɾ i t i c e s
λίμνησ	l i m n i s
λεω	l e o
λύκοσ	l i k o s
μάνατζερ	m a n a d͡z e ɾ
μάρτιοσ	m a ɾ t i o s
μέθοδοι	m e θ o ð i
μέλουσ	m e l u s
μαδρίτησ	m a ð ɾ i t i s
μαξιλάρι	m a k s i l a ɾ i
μαχητέσ	m a ç i t e s
μείναμε	m i n a m e
μετανάστευση	m e t a n a s t e f s i
μετατρέπεται	m e t a t ɾ e p e t e
παίζοντασ	p e z o n d a s
παντρευτώ	p a n d ɾ e f t o
πελοπόννησο	p e l o p o n i s o
περιορισμό	p e ɾ i o ɾ i z m o
πλαστικό	p l a s t i k o
πλημμύρεσ	p l i m i ɾ e s
πλούσιοσ	p l u s i o s
πολέμουσ	p o l e m u s
προγραμματισμού	p ɾ o ɣ ɾ a m a t i z m u
προμήθειεσ	p ɾ o m i θ i e s
ρότζερ	ɾ o d͡z e ɾ
σακούλα	s a k u l a
σημειώνει	s i m i o n i
σκ	s k
συναλλαγέσ	s i n a l a ʝ e s
συντεταγμένεσ	s i n d e t a ɣ m e n e s
σφραγίδα	s f ɾ a ʝ i ð a
σύνδεσμο	s i n ð e z m o
τέθηκε	t e θ i c e
τείχη	t i ç i
τεχνικών	t e x n i k o n
υδάτων	i ð a t o n
υπερ	i p e ɾ
υπολογιστήσ	i p o l o ʝ i s t i s
υποσχέθηκε	i p o s ç e θ i c e
φιλίασ	f i l i a s
χαμηλήσ	x a m i l i s
χμ	x m
άρθουρ	a ɾ θ u ɾ
έμοιαζε	e m i a z e
ίχνοσ	i x n o s
αισιοδοξία	e s i o ð o k s i a
ακολουθία	a k o l u θ i a
αλβανίασ	a l v a n i a s
αμφιβολίεσ	a ɱ f i v o l i e s
ανθρωπότητασ	a n θ ɾ o p o t i t a s
ανθρώπινου	a n θ ɾ o p i n u
αντίπαλοσ	a n d i p a l o s
αντιπάλουσ	a n d i p a l u s
ανώτερη	a n o t e ɾ i
ανώτερο	a n o t e ɾ o
απαίτηση	a p e t i s i
αποτελεσμάτων	a p o t e l e z m a t o n
αποφύγει	a p o f i ʝ i
βάζετε	v a z e t e
βασιλικό	v a s i l i k o
βιντεο	v i n d e o
γέμισε	ʝ e m i s e
γυμνή	ʝ i m n i
γυρίσματα	ʝ i ɾ i z m a t a
δείξεισ	ð i k s i s
δημοσιογράφο	ð i m o s i o ɣ ɾ a f o
εγγραφέσ	e ŋ ɣ r a f e s
ειδικούσ	i ð i k u s
ειλικρινήσ	i l i k ɾ i n i s
εκδόθηκε	e k ð o θ i c e
εσπα	e s p a
εωσ	e o s
ζούσαν	z u s a n
ζωγραφική	z o ɣ ɾ a f i c i
ηθοποιοί	i θ o p i i
θεσμών	θ e z m o n
θυμόμαστε	θ i m o m a s t e
ιδιο	i ð i o
ιερείσ	i e ɾ i s
ισχυρόσ	i s ç i ɾ o s
καλών	k a l o n
κλειστή	k l i s t i
κοιτα	c i t a
κουζίνασ	k u z i n a s
κρατικήσ	k ɾ a t i c i s
κόστουσ	k o s t u s
λέξεων	l e k s e o n
μένουμε	m e n u m e
μαγικά	m a ʝ i k a
μακεδονικό	m a c e ð o n i k o
μόνεσ	m o n e s
νόμιμη	n o m i m i
ξανα	k s a n a
ξεκούραση	k s e k u ɾ a s i
ολοκλήρωσε	o l o k l i ɾ o s e
ομαδα	o m a ð a
παίξουν	p e k s u n
πακέτα	p a c e t a
παρέλαση	p a ɾ e l a s i
πολύσ	p o l i s
προθέσεισ	p ɾ o θ e s i s
πρωτη	p ɾ o t i
πρόσφερε	p ɾ o s f e ɾ e
πωλήσεων	p o l i s e o n
ρεπό	ɾ e p o
ρόλουσ	ɾ o l u s
σάμου	s a m u
σκηνοθέτη	s c i n o θ e t i
σκληρόσ	s k l i ɾ o s
σκοτεινό	s k o t i n o
στάλιν	s t a l i n
στήριξησ	s t i ɾ i k s i s
στίβεν	s t i v e n
στηρίζουν	s t i ɾ i z u n
συμπεριλαμβανομένησ	s i m b e ɾ i l a ɱ v a n o m e n i s
συστηματική	s i s t i m a t i c i
σχήματα	s ç i m a t a
σωματείων	s o m a t i o n
σωστέσ	s o s t e s
ταξιδιού	t a k s i ð ʝ u
τεχνικό	t e x n i k o
τσέπεσ	t͡s e p e s
φόνο	f o n o
άνοιξαν	a n i k s a n
έκτακτησ	e k t a k t i s
αδελφέσ	a ð e l f e s
αμερικανικήσ	a m e ɾ i k a n i c i s
ανάλογη	a n a l o ʝ i
ανάλυσησ	a n a l i s i s
αναγνώρισησ	a n a ɣ n o ɾ i s i s
αναζήτησησ	a n a z i t i s i s
αο	a o
απαντάει	a p a n d a i
αποκτήσουν	a p o k t i s u n
αραβία	a ɾ a v i a
ασφαλείσ	a s f a l i s
αυτοκίνητό	a f t o c i n i t o
αυτόματο	a f t o m a t o
βαθμών	v a θ m o n
γενιέσ	ʝ e ɲ e s
γενικώσ	ʝ e n i k o s
γιαούρτι	ʝ a u ɾ t i
γνωστού	ɣ n o s t u
δίσκουσ	ð i s k u s
δημοτικέσ	ð i m o t i c e s
διαδρομέσ	ð i̯ a ð ɾ o m e s
διδασκαλίασ	ð i ð a s k a l i a s
διευθύντρια	ð i e f θ i n d ɾ i a
εγκυμοσύνη	e ŋ ɟ i m o s i n i
εκείνων	e c i n o n
εκπρόσωποι	e k p ɾ o s o p i
ενω	e n o
εξοπλισμόσ	e k s o p l i z m o s
εορτή	e o ɾ t i
επισησ	e p i s i s
εργάζονται	e ɾ ɣ a z o n d e
ετοιμάζει	e t i m a z i
ημερομηνίεσ	i m e ɾ o m i n i e s
θάνατοι	θ a n a t i
ισλάμ	i s l a m
ιστότοπο	i s t o t o p o
ιταλόσ	i t a l o s
καλέσει	k a l e s i
καλλιτεχνική	k a l i t e x n i c i
καλώδιο	k a l o ð i o
κανουν	k a n u n
κανόνων	k a n o n o n
καπνόσ	k a p n o s
καταδικάστηκε	k a t a ð i k a s t i c e
καταθέσει	k a t a θ e s i
κρίθηκε	k ɾ i θ i c e
κρατήστε	k ɾ a t i s t e
κων	k o n
λειτουργικό	l i t u ɾ ʝ i k o
μαθητή	m a θ i t i
μεγαλύτερουσ	m e ɣ a l i t e ɾ u s
μεσαία	m e s e a
μεταφερθεί	m e t a f e ɾ θ i
μουσικών	m u s i k o n
μπορέσουμε	b o ɾ e s u m e
νόμων	n o m o n
ορίζοντα	o ɾ i z o n d a
πάπα	p a p a
πήγαιναν	p i ʝ e n a n
παλαιό	p a l e o
παράγοντα	p a ɾ a ɣ o n d a
παραδώσει	p a ɾ a ð o s i
πηγαίνετε	p i ʝ e n e t e
πηγαίνουμε	p i ʝ e n u m e
πιστοί	p i s t i
πλάσματα	p l a z m a t a
πο	p o
ποινέσ	p i n e s
πορνό	p o ɾ n o
προβλέπεται	p ɾ o v l e p e t e
προλάβει	p ɾ o l a v i
ρίχτερ	ɾ i x t e ɾ
ρομά	ɾ o m a
σαφήσ	s a f i s
σερί	s e ɾ i
στατιστική	s t a t i s t i c i
στείλουμε	s t i l u m e
στρατηγικήσ	s t ɾ a t i ʝ i c i s
στόλο	s t o l o
συμφερόντων	s i ɱ f e ɾ o n d o n
συμφωνεί	s i ɱ f o n i
συνέλαβαν	s i n e l a v a n
συναδέλφουσ	s i n a ð e l f u s
συνεργείο	s i n e ɾ ʝ i o
συνεχίσουν	s i n e ç i s u n
σφάλμα	s f a l m a
σωματική	s o m a t i c i
τασ	t a s
ταχυτήτων	t a ç i t i t o n
τεθεί	t e θ i
τυπική	t i p i c i
υλοποίηση	i l o p i i s i
υποστηρικτέσ	i p o s t i ɾ i k t e s
υποψήφια	i p o p s i f i a
υψόμετρο	i p s o m e t ɾ o
φρουρά	f ɾ u ɾ a
φυσικόσ	f i s i k o s
φυσιολογικά	f i s i o l o ʝ i k a
φύγετε	f i ʝ e t e
χούντα	x u n d a
χρήστησ	x ɾ i s t i s
χρησιμοποιήσουν	x ɾ i s i m o p i i s u n
χωρίζει	x o ɾ i z i
ύπνου	i p n u
έβαζε	e v a z e
έμενε	e m e n e
έφτανε	e f t a n e
ήττεσ	i t e s
ακολουθήσουν	a k o l u θ i s u n
ανάσταση	a n a s t a s i
αναθεώρηση	a n a θ e o ɾ i s i
ανακάλυψαν	a n a k a l i p s a n
ανοχή	a n o ç i
απονομή	a p o n o m i
ασφαλιστικό	a s f a l i s t i k o
βέβαιο	v e v e o
βίου	v i u
βγεσ	v ʝ e s
βδομάδεσ	v ð o m a ð e s
γάλλοι	ɣ a l i
γάμουσ	ɣ a m u s
γέννησησ	ʝ e n i s i s
γνωρίσω	ɣ n o ɾ i s o
δεκτή	ð e k t i
δημιουργική	ð i m i u ɾ ʝ i c i
δημοσίευμα	ð i m o s i e v m a
δικαστήσ	ð i k a s t i s
δολοφόνοι	ð o l o f o n i
είπατε	i p a t e
ειλικρίνεια	i l i k ɾ i n i a
εισφορέσ	i s f o ɾ e s
εξέφρασε	e k s e f ɾ a s e
εξοπλισμού	e k s o p l i z m u
επιβίωση	e p i v i o s i
επιλέγει	e p i l e ʝ i
επιτευχθεί	e p i t e f x θ i
ευάγγελοσ	e v a ŋ ɟ e l o s
ιερέα	i e ɾ e a
ισοπαλία	i s o p a l i a
κάθονται	k a θ o n d e
κακιά	k a c a
καμμία	k a m i a
καράβι	k a ɾ a v i
καταστρέφει	k a t a s t ɾ e f i
κλείσουμε	k l i s u m e
κοιμηθείσ	c i m i θ i s
κορέασ	k o ɾ e a s
κορυφαίοσ	k o ɾ i f e o s
λιτότητασ	l i t o t i t a s
μαύρεσ	m a v ɾ e s
μεγαλώνουν	m e ɣ a l o n u n
μειώθηκε	m i o θ i c e
μηχανικό	m i x a n i k o
μικρο	m i k ɾ o
μισ	m i s
νουσ	n u s
νότο	n o t o
ξεχωρίζουν	k s e x o ɾ i z u n
οικογένειάσ	i k o ʝ e n i a s
ολυμπιακοί	o l i m b i a c i
οποιοσ	o p i o s
οποιοσδήποτε	o p i o z ð i p o t e
οργανώσεων	o ɾ ɣ a n o s e o n
παίζεται	p e z e t e
πατριάρχησ	p a t ɾ i a ɾ ç i s
πλάνα	p l a n a
πρ	p ɾ
πράκτορεσ	p ɾ a k t o ɾ e s
πρίν	p ɾ i n
προεδρικό	p ɾ o e ð ɾ i k o
προκαλείται	p ɾ o k a l i t e
προτιμούν	p ɾ o t i m u n
προϋπολογισμό	p ɾ o i p o l o ʝ i z m o
πτώματα	p t o m a t a
σέβεται	s e v e t e
σιγουριά	s i ɣ u ɾ ʝ a
σκοτώνουν	s k o t o n u n
σταθμών	s t a θ m o n
στροφέσ	s t ɾ o f e s
συζητήσουμε	s i z i t i s u m e
συνέλευσησ	s i n e l e f s i s
συνήθειεσ	s i n i θ i e s
σχηματισμό	s ç i m a t i z m o
σωθεί	s o θ i
τάκησ	t a c i s
τηλεφώνημα	t i l e f o n i m a
τιμη	t i m i
τρομερή	t ɾ o m e ɾ i
φινάλε	f i n a l e
φωτιέσ	f o t ç e s
φώναξε	f o n a k s e
χρήσιμη	x ɾ i s i m i
χρήστο	x ɾ i s t o
χρωμάτων	x ɾ o m a t o n
χωρίσει	x o ɾ i s i
χώρισε	x o ɾ i s e
άστο	a s t o
έκφρασησ	e k f ɾ a s i s
έμαθαν	e m a θ a n
έπιπλα	e p i p l a
αθανάσιοσ	a θ a n a s i o s
αθανασίου	a θ a n a s i u
αθλητισμόσ	a θ l i t i z m o s
αιγύπτου	e ʝ i p t u
ακούσετε	a k u s e t e
ακραία	a k ɾ e a
αμερικανούσ	a m e ɾ i k a n u s
αντικαταστήσει	a n d i k a t a s t i s i
αργολίδασ	a ɾ ɣ o l i ð a s
αρκούδα	a ɾ k u ð a
βρήκεσ	v ɾ i c e s
βρεθούν	v ɾ e θ u n
γαλαξία	ɣ a l a k s i a
γεμάτοσ	ʝ e m a t o s
γιατρού	ʝ a t ɾ u
δέρματοσ	ð e ɾ m a t o s
δίκαιη	ð i c e i
δεσμό	ð e z m o
δημοσιογράφων	ð i m o s i o ɣ ɾ a f o n
δικαστέσ	ð i k a s t e s
δοκιμάστε	ð o c i m a s t e
δραστηριοποιείται	ð ɾ a s t i ɾ i o p i i t e
δόθηκαν	ð o θ i k a n
εκλογική	e k l o ʝ i c i
εκτέλεσησ	e k t e l e s i s
ελέγχουν	e l e ŋ x u n
εντούτοισ	e n d u t i s
επιβεβαιώνει	e p i v e v e o n i
επιθεώρηση	e p i θ e o ɾ i s i
επιστολέσ	e p i s t o l e s
εποπτεία	e p o p t i a
ζεύγοσ	z e v ɣ o s
θεση	θ e s i
θεών	θ e o n
θράσοσ	θ ɾ a s o s
ιστό	i s t o
καθαρίζει	k a θ a ɾ i z i
καθορίζει	k a θ o ɾ i z i
καλέστε	k a l e s t e
καλλιτεχνών	k a l i t e x n o n
καλούν	k a l u n
καμμιά	k a m ɲ a
καταλαβαίνουμε	k a t a l a v e n u m e
κοινέσ	c i n e s
κοινωνικού	c i n o n i k u
κονγκ	k o ŋ ɡ
κρίσεισ	k ɾ i s i s
λεπτών	l e p t o n
μέλισσεσ	m e l i s e s
μαγική	m a ʝ i c i
μακρά	m a k ɾ a
μερεσ	m e ɾ e s
μετατραπεί	m e t a t ɾ a p i
μιλήσεισ	m i l i s i s
μιλήσουν	m i l i s u n
μοναδικέσ	m o n a ð i c e s
μόλυνση	m o l i n s i
νιώθουμε	ɲ o θ u m e
νομίσματα	n o m i z m a t a
ξέχασεσ	k s e x a s e s
ξεχνάτε	k s e x n a t e
οικογενειών	i k o ʝ e n i o n
ουκ	u k
παρεμβάσεισ	p a ɾ e ɱ v a s i s
περιστατικά	p e ɾ i s t a t i k a
πηγαίνεισ	p i ʝ e n i s
πληρώνεισ	p l i ɾ o n i s
προβολήσ	p ɾ o v o l i s
πρωταθλήματα	p ɾ o t a θ l i m a t a
πρόοδοσ	p ɾ o o ð o s
ρεθύμνου	ɾ e θ i m n u
σάββασ	s a v a s
σέ	s e
σημείωση	s i m i o s i
σημειώνοντασ	s i m i o n o n d a s
σκύλου	s c i l u
στάθηκε	s t a θ i c e
στείλετε	s t i l e t e
στείλουν	s t i l u n
στιγμη	s t i ɣ m i
συλλόγουσ	s i l o ɣ u s
συμφωνούν	s i ɱ f o n u n
ταυτότητασ	t a f t o t i t a s
τραυματίστηκε	t ɾ a v m a t i s t i c e
υποστηρίξει	i p o s t i ɾ i k s i
υπουργικό	i p u ɾ ʝ i k o
φλόγα	f l o ɣ a
φυσικα	f i s i k a
χονγκ	x o ŋ ɡ
χορήγηση	x o ɾ i ʝ i s i
χτυπά	x t i p a
ψηφίστηκε	p s i f i s t i c e
όντα	o n d a
έθνη	e θ n i
έντασησ	e n d a s i s
αγγίζει	a ŋ ɟ i z i
αγωγήσ	a ɣ o ʝ i s
αιγάλεω	e ɣ a l e o
αλεξάνδρα	a l e k s a n ð ɾ a
αλεξανδρούπολησ	a l e k s a n ð ɾ u p o l i s
ανάγκασε	a n a ŋ ɡ a s e
ανέφεραν	a n e f e ɾ a n
αναγνώρισε	a n a ɣ n o ɾ i s e
ανακαλύψεισ	a n a k a l i p s i s
αποδίδει	a p o ð i ð i
αποδεκτή	a p o ð e k t i
απότομα	a p o t o m a
αρχαιότητα	a ɾ ç e o t i t a
αρχιτεκτονικήσ	a ɾ ç i t e k t o n i c i s
αυξάνονται	a f k s a n o n d e
βα	v a
βγαίνουμε	v ʝ e n u m e
βλάκασ	v l a k a s
γίνονταν	ʝ i n o n d a n
γραφειο	ɣ ɾ a f i o
γρεβενών	ɣ ɾ e v e n o n
δαπάνεσ	ð a p a n e s
δαχτυλίδι	ð a x t i l i ð i
δεθ	ð e θ
διεξαγωγήσ	ð i e k s a ɣ o ʝ i s
δολ	ð o l
εγκληματική	e ŋ ɡ l i m a t i c i
ειδικήσ	i ð i c i s
εισοδήματοσ	i s o ð i m a t o s
εκανεσ	e k a n e s
ενταχθεί	e n d a x θ i
εξέλιξησ	e k s e l i k s i s
επηρεάζουν	e p i ɾ e a z u n
επιτεθεί	e p i t e θ i
εχθροί	e x θ ɾ i
ζητάω	z i t a o
ηθοποιού	i θ o p i u
θείου	θ i u
θητείασ	θ i t i a s
ικανή	i k a n i
ισχυρά	i s ç i ɾ a
ιταλοί	i t a l i
κακώσ	k a k o s
κατάληξη	k a t a l i k s i
κειμένων	c i m e n o n
κινητοποιήσεισ	c i n i t o p i i s i s
κινητού	c i n i t u
κοίταξε	c i t a k s e
κρατούν	k ɾ a t u n
λενε	l e n e
λευτέρησ	l e f t e ɾ i s
μακρυά	m a k ɾ i a
μαντάμ	m a n d a m
μαργαρίτα	m a ɾ ɣ a ɾ i t a
μετανάστευσησ	m e t a n a s t e f s i s
μονάδασ	m o n a ð a s
μοναδικά	m o n a ð i k a
μπο	b o
νιώσει	ɲ o s i
οικία	i c i a
οκτώβριοσ	o k t o v ɾ i o s
ορίων	o ɾ i o n
ουσίασ	u s i a s
οφειλών	o f i l o n
πέσεισ	p e s i s
παραλίασ	p a ɾ a l i a s
παρόντοσ	p a ɾ o n d o s
πεθαίνεισ	p e θ e n i s
πειραιάσ	p i ɾ e a s
περι	p e ɾ i
πηγών	p i ɣ o n
πλούτο	p l u t o
πνευματικό	p n e v m a t i k o
πρέσβη	p ɾ e z v i
πυρ	p i ɾ
πωλείται	p o l i t e
σημειωθεί	s i m i o θ i
σκυλάκι	s c i l a c i
στελεχών	s t e l e x o n
στιλ	s t i l
συμπεράσματα	s i m b e ɾ a z m a t a
συνδέσεισ	s i n ð e s i s
τάγμα	t a ɣ m a
τένισ	t e n i s
τέτοιουσ	t e t i u s
ταχύτητεσ	t a ç i t i t e s
τουαλέτεσ	t u a l e t e s
τράβα	t ɾ a v a
τρίγωνο	t ɾ i ɣ o n o
υπουργούσ	i p u ɾ ɣ u s
φλόγεσ	f l o ʝ e s
φταισ	f t e s
φώτησ	f o t i s
χαζή	x a z i
χρησιμοποιούσαν	x ɾ i s i m o p i u s a n
χρησιμοποιούσε	x ɾ i s i m o p i u s e
άσχετα	a s ç e t a
έκλεισαν	e k l i s a n
ήχουσ	i x u s
αγαθά	a ɣ a θ a
αγοράσω	a ɣ o ɾ a s o
αδυναμίεσ	a ð i n a m i e s
αλέξανδρο	a l e k s a n ð ɾ o
αλβανοί	a l v a n i
αμερικανικού	a m e ɾ i k a n i k u
αναλυτική	a n a l i t i c i
αντωνίου	a n d o n i u
αξιωματικοί	a k s i o m a t i c i
αποκλειστική	a p o k l i s t i c i
απομείνει	a p o m i n i
αστυνομικού	a s t i n o m i k u
αφρικήσ	a f ɾ i c i s
βίκτορ	v i k t o ɾ
βιρτζίνια	v i ɾ d͡z i ɲ a
γεννήθηκαν	ʝ e n i θ i k a n
γκαλερί	ɡ a l e ɾ i
γρ	ɣ ɾ
δίκησ	ð i c i s
δείξε	ð i k s e
δείξουν	ð i k s u n
δημοφιλέσ	ð i m o f i l e s
δημόσιοσ	ð i m o s i o s
διάθεσή	ð i̯ a θ e s i
δοχείο	ð o ç i o
επέστρεψαν	e p e s t ɾ e p s a n
επιστημονικέσ	e p i s t i m o n i c e s
επιτελείο	e p i t e l i o
επιτροπέσ	e p i t ɾ o p e s
επιτυχίασ	e p i t i ç i a s
ερχομαι	e r x o m e
ευτυχισμένοι	e f t i ç i z m e n i
ευχαριστεί	e f x a ɾ i s t i
θεμέλια	θ e m e ʎ a
θυμηθείτε	θ i m i θ i t e
κάηκε	k a i c e
κάτοχοσ	k a t o x o s
καθολική	k a θ o l i c i
κατάταξησ	k a t a t a k s i s
κατοικίεσ	k a t i c i e s
καυσίμων	k a f s i m o n
κινδύνουσ	c i n ð i n u s
κλέφτεσ	k l e f t e s
κράνοσ	k ɾ a n o s
κρύβονται	k ɾ i v o n d e
κυκλάδεσ	c i k l a ð e s
λαοί	l a i
λατρεία	l a t ɾ i a
λεφτα	l e f t a
μάνασ	m a n a s
μάσκεσ	m a s c e s
μεγαλη	m e ɣ a l i
μειώσεισ	m i o s i s
μηχανήματα	m i x a n i m a t a
μκο	m k o
μπούμε	b u m e
μύθο	m i θ o
νεκρά	n e k ɾ a
ξέσπασμα	k s e s p a z m a
οπαδών	o p a ð o n
πέρασεσ	p e ɾ a s e s
πέσω	p e s o
πλάκεσ	p l a c e s
πλεονεκτήματα	p l e o n e k t i m a t a
πολιτικη	p o l i t i c i
πονοκέφαλο	p o n o c e f a l o
πρέσβησ	p ɾ e z v i s
προστάτη	p ɾ o s t a t i
προχθέσ	p ɾ o x θ e s
πρωτο	p ɾ o t o
πρόβατα	p ɾ o v a t a
σεβασμόσ	s e v a z m o s
σκόρερ	s k o ɾ e ɾ
σπουδαίοσ	s p u ð e o s
σπύρου	s p i ɾ u
συμφώνησαν	s i ɱ f o n i s a n
συνδρομή	s i n ð ɾ o m i
σωκράτησ	s o k ɾ a t i s
σύγχρονου	s i ŋ x ɾ o n u
σύντροφο	s i n d ɾ o f o
σώσουν	s o s u n
τίτλοι	t i t l i
τηλεοπτικά	t i l e o p t i k a
τοπικού	t o p i k u
τουριστική	t u ɾ i s t i c i
τρέχεισ	t ɾ e ç i s
τρέχω	t ɾ e x o
τροπολογία	t ɾ o p o l o ʝ i a
υπεύθυνοι	i p e f θ i n i
υπόγεια	i p o ʝ i a
φίλιπποσ	f i l i p o s
φίλτρα	f i l t ɾ a
φιλόσοφοσ	f i l o s o f o s
φορ	f o ɾ
φορέασ	f o ɾ e a s
φράγμα	f ɾ a ɣ m a
φωνήσ	f o n i s
φύλου	f i l u
χειμώνασ	ç i m o n a s
χειρότεροσ	ç i ɾ o t e ɾ o s
χωρητικότητα	x o ɾ i t i k o t i t a
όση	o s i
άγνωστοσ	a ɣ n o s t o s
έπαιρναν	e p e ɾ n a n
αγαπητή	a ɣ a p i t i
αεροδρομίου	a e ɾ o ð ɾ o m i u
αισθάνονται	e s θ a n o n d e
ακ	a k
ακτίνεσ	a k t i n e s
ακόλουθεσ	a k o l u θ e s
αναγκαία	a n a ŋ ɟ e a
ανδρικό	a n ð ɾ i k o
αντιδρά	a n d i ð ɾ a
αοζ	a o z
αριστοτέλησ	a ɾ i s t o t e l i s
γηπέδου	ʝ i p e ð u
γιουβέντουσ	ʝ u v e n d u s
γκόμενεσ	ɡ o m e n e s
γλωσσών	ɣ l o s o n
γυρίσεισ	ʝ i ɾ i s i s
δάσουσ	ð a s u s
δήλωσαν	ð i l o s a n
δημιουργήθηκαν	ð i m i u ɾ ʝ i θ i k a n
διαδρομήσ	ð i̯ a ð ɾ o m i s
δικτύων	ð i k t i o n
δουλεύουμε	ð u l e v u m e
εβραίουσ	e v ɾ e u s
εκλογικό	e k l o ʝ i k o
ελεύθερεσ	e l e f θ e ɾ e s
εμποδίζει	e m b o ð i z i
εμφύλιοσ	e ɱ f i l i o s
ενώνει	e n o n i
εξήγησε	e k s i ʝ i s e
επέλεξαν	e p e l e k s a n
επίτηδεσ	e p i t i ð e s
ερείπια	e ɾ i p ç a
εσεισ	e s i s
ευρέωσ	e v ɾ e o s
ζωγράφοσ	z o ɣ ɾ a f o s
ηλεκτρικήσ	i l e k t ɾ i c i s
ηλεκτρικού	i l e k t ɾ i k u
ηλεκτρονικών	i l e k t ɾ o n i k o n
θείασ	θ i a s
θερμότητα	θ e ɾ m o t i t a
θεσμό	θ e z m o
ισλαμικό	i s l a m i k o
κανενόσ	k a n e n o s
καρέκλεσ	k a ɾ e k l e s
καταστολή	k a t a s t o l i
κατηγοριών	k a t i ɣ o ɾ ʝ o n
κλέβει	k l e v i
κλείστε	k l i s t e
κοιτάξτε	c i t a k s t e
κοσμο	k o z m o
κουβέντεσ	k u v e n d e s
κρατικά	k ɾ a t i k a
κυρίασ	c i ɾ i a s
κωνσταντινούπολησ	k o n s t a n d i n u p o l i s
κόκκινοσ	k o c i n o s
λέγε	l e ʝ e
λεγόταν	l e ɣ o t a n
μάζασ	m a z a s
μάριοσ	m a ɾ i o s
μαγνησίασ	m a ɣ n i s i a s
μαύρου	m a v ɾ u
μεγαλύτερησ	m e ɣ a l i t e ɾ i s
μετρητά	m e t ɾ i t a
μετώπου	m e t o p u
μοιράζονται	m i ɾ a z o n d e
μολισ	m o l i s
μούρη	m u ɾ i
μόνιμο	m o n i m o
νήσων	n i s o n
ναυτιλίασ	n a f t i l i a s
νικητή	n i c i t i
νιου	ɲ u
ολική	o l i c i
ομαδική	o m a ð i c i
οποίον	o p i o n
παίζετε	p e z e t e
πιστόλι	p i s t o l i
πληρώσουμε	p l i ɾ o s u m e
ποδοσφαιριστή	p o ð o s f e ɾ i s t i
πολεμικό	p o l e m i k o
πραγματικότητασ	p ɾ a ɣ m a t i k o t i t a s
ρθει	ɾ θ i
ροήσ	ɾ o i s
ρώσοσ	ɾ o s o s
σεντ	s e n d
σκάλεσ	s k a l e s
σκεφτείσ	s c e f t i s
σπαθί	s p a θ i
σταματήσουμε	s t a m a t i s u m e
συναισθηματικά	s i n e s θ i m a t i k a
συναισθηματική	s i n e s θ i m a t i c i
συναντήθηκε	s i n a n d i θ i c e
συνεχεία	s i n e ç i a
σωμάτων	s o m a t o n
σύντροφό	s i n d ɾ o f o
τέωσ	t e o s
τρώτε	t ɾ o t e
υποδομών	i p o ð o m o n
φάουλ	f a u l
φέρονται	f e ɾ o n d e
φαγητού	f a ʝ i t u
φθάσει	f θ a s i
φράνσισ	f ɾ a n s i s
χαλκιδική	x a l c i ð i c i
χρήματοσ	x ɾ i m a t o s
χτύπησαν	x t i p i s a n
ωρεσ	o ɾ e s
όρκο	o ɾ k o
έντομα	e n d o m a
έφθασε	e f θ a s e
ίαν	i a n
αγροτικό	a ɣ ɾ o t i k o
ακρόπολησ	a k ɾ o p o l i s
αναλύσεισ	a n a l i s i s
αντιμετωπίσουμε	a n d i m e t o p i s u m e
αποφασίζουν	a p o f a s i z u n
ασχολείσαι	a s x o l i s e
αυτονομία	a f t o n o m i a
βιομηχανική	v i o m i x a n i c i
βροχήσ	v ɾ o ç i s
γουίλι	ɣ u i l i
γουστάρει	ɣ u s t a ɾ i
γωνίεσ	ɣ o n i e s
δάσκαλοι	ð a s k a l i
δηλώνουν	ð i l o n u n
διαφθοράσ	ð i̯ a f θ o ɾ a s
εκείνου	e c i n u
εκπαιδευτικά	e k p e ð e f t i k a
εκπαιδευτική	e k p e ð e f t i c i
ελίτ	e l i t
εμενα	e m e n a
εμφάνισησ	e ɱ f a n i s i s
εμφανίστηκαν	e ɱ f a n i s t i k a n
ενσωμάτωση	e n s o m a t o s i
εντοπίσει	e n d o p i s i
επιβίωσησ	e p i v i o s i s
επικίνδυνεσ	e p i c i n ð i n e s
επσ	e p s
ερευνητικό	e ɾ e v n i t i k o
ερωτικά	e ɾ o t i k a
ερωτικό	e ɾ o t i k o
εφορία	e f o ɾ i a
ηθοποιό	i θ o p i o
ηλεκτρονικήσ	i l e k t ɾ o n i c i s
ημαθίασ	i m a θ i a s
θάλασσεσ	θ a l a s e s
θερμότητασ	θ e ɾ m o t i t a s
ισχύσ	i s ç i s
ιταλικά	i t a l i k a
κάνναβησ	k a n a v i s
καθόμαστε	k a θ o m a s t e
καλ	k a l
καπνού	k a p n u
κατέβει	k a t e v i
καταφέρουμε	k a t a f e ɾ u m e
κινγκ	c i ŋ ɡ
κιτ	c i t
κοινοβουλευτική	c i n o v u l e f t i c i
κρατάτε	k ɾ a t a t e
κρατήσουμε	k ɾ a t i s u m e
κύκλωμα	c i k l o m a
κύροσ	c i ɾ o s
λίστεσ	l i s t e s
λαούσ	l a u s
λειτούργησε	l i t u ɾ ʝ i s e
μέλλοντοσ	m e l o n d o s
μαζέψει	m a z e p s i
μεταλλικό	m e t a l i k o
μπλα	b l a
μόρφωση	m o ɾ f o s i
νοέμβριοσ	n o e ɱ v ɾ i o s
νομίζουμε	n o m i z u m e
ξεκινήσω	k s e c i n i s o
οδήγησησ	o ð i ʝ i s i s
οδυσσέασ	o ð i s e a s
ομιλίασ	o m i l i a s
οποια	o p i a
οργανισμοί	o ɾ ɣ a n i z m i
πάλησ	p a l i s
πίνουν	p i n u n
παιδικήσ	p e ð i c i s
παρενέργειεσ	p a ɾ e n e ɾ ʝ i e s
πιάνουν	p ç a n u n
πιστωτική	p i s t o t i c i
πλατείασ	p l a t i a s
ποδιών	p o ð ʝ o n
προσέφερε	p ɾ o s e f e ɾ e
προσπαθείτε	p ɾ o s p a θ i t e
προστατεύσει	p ɾ o s t a t e f s i
προωθεί	p ɾ o o θ i
πρωινή	p ɾ o i n i
πυρηνική	p i ɾ i n i c i
πυρκαγιάσ	p i ɾ k a ʝ a s
ραντάρ	ɾ a n d a ɾ
ρωτήσεισ	ɾ o t i s i s
ρόλου	ɾ o l u
σήκω	s i k o
σκέτο	s c e t o
σπάσω	s p a s o
στερεάσ	s t e ɾ e a s
συλλήψεισ	s i l i p s i s
συνολικού	s i n o l i k u
συντροφιά	s i n d ɾ o f ç a
σχολικά	s x o l i k a
σωστα	s o s t a
τέλει	t e l i
τζούλια	d͡z u ʎ a
τιμ	t i m
τιμήν	t i m i n
τοποθετείται	t o p o θ e t i t e
τουρκικού	t u ɾ c i k u
υγιήσ	i ʝ i i s
υπάλληλο	i p a l i l o
υπέροχοσ	i p e ɾ o x o s
φταίνε	f t e n e
χαμένα	x a m e n a
χαμόσ	x a m o s
ψάχνοντασ	p s a x n o n d a s
άδικα	a ð i k a
άλλαξα	a l a k s a
άνοιξησ	a n i k s i s
έμποροσ	e m b o ɾ o s
έντουαρντ	e n d u a ɾ d
αγωνιστικέσ	a ɣ o n i s t i c e s
αθλητικών	a θ l i t i k o n
αιγίδα	e ʝ i ð a
ανησυχίεσ	a n i s i ç i e s
αντιμετωπίζουν	a n d i m e t o p i z u n
απεικόνιση	a p i k o n i s i
αποθέματα	a p o θ e m a t a
αποκαλεί	a p o k a l i
αποκαλούν	a p o k a l u n
αποφάσεων	a p o f a s e o n
αποχωρήσει	a p o x o ɾ i s i
απόδοσησ	a p o ð o s i s
απόφασησ	a p o f a s i s
ασίστ	a s i s t
αυστραλίασ	a f s t ɾ a l i a s
βασίλειοσ	v a s i l i o s
βγάζουμε	v ɣ a z u m e
γραμμών	ɣ ɾ a m o n
δίδυμα	ð i ð i m a
δίσκου	ð i s k u
δεσμούσ	ð e z m u s
δημοπρασία	ð i m o p ɾ a s i a
δημοσιογράφου	ð i m o s i o ɣ ɾ a f u
εκδ	e k ð
εκτελεί	e k t e l i
ελέγχεται	e l e ŋ ç e t e
ελιέσ	e ʎ e s
εντυπώσεισ	e n d i p o s i s
επίτροποσ	e p i t ɾ o p o s
επαγγελματικήσ	e p a ŋ ɟ e l m a t i c i s
επαναστατική	e p a n a s t a t i c i
επιβατών	e p i v a t o n
επομένη	e p o m e n i
επόμενουσ	e p o m e n u s
ευγένεια	e v ʝ e n i a
ευχαρίστηση	e f x a ɾ i s t i s i
εχθρού	e x θ ɾ u
ηθικήσ	i θ i c i s
ηλίθιο	i l i θ i o
κάτοικοσ	k a t i k o s
καρπούσ	k a ɾ p u s
κατηγορεί	k a t i ɣ o ɾ i
κελσίου	c e l s i u
κινδυνεύουν	c i n ð i n e v u n
κλαρκ	k l a ɾ k
κολλάει	k o l a i
κοντινή	k o n d i n i
κρατικού	k ɾ a t i k u
κυρίαρχο	c i ɾ i a ɾ x o
λαθοσ	l a θ o s
λευκωσίασ	l e f k o s i a s
μάρκοσ	m a ɾ k o s
μέτρια	m e t ɾ i a
μαθαίνουμε	m a θ e n u m e
μεταβολέσ	m e t a v o l e s
μεταφέρεται	m e t a f e ɾ e t e
νευρικό	n e v ɾ i k o
νοτίου	n o t i u
νόσοσ	n o s o s
οακα	o a k a
οικονομικού	i k o n o m i k u
ολοένα	o l o e n a
ορισμό	o ɾ i z m o
οστών	o s t o n
οφειλέσ	o f i l e s
πάροδο	p a ɾ o ð o
παλιόσ	p a ʎ o s
παράπονα	p a ɾ a p o n a
παραδοθεί	p a ɾ a ð o θ i
περιορισμούσ	p e ɾ i o ɾ i z m u s
περισσοτερα	p e ɾ i s o t e ɾ a
πολη	p o l i
πραγματοποιεί	p ɾ a ɣ m a t o p i i
προκαλέσουν	p ɾ o k a l e s u n
προοδευτική	p ɾ o o ð e f t i c i
προϋπολογισμού	p ɾ o i p o l o ʝ i z m u
πρωταθλητή	p ɾ o t a θ l i t i
πώ	p o
ράδιο	ɾ a ð i o
ρίξε	ɾ i k s e
ρίχνουν	ɾ i x n u n
ραγδαία	ɾ a ɣ ð e a
σήματοσ	s i m a t o s
σαουδική	s a u ð i c i
σεισ	s i s
σελήνησ	s e l i n i s
σεμινάρια	s e m i n a ɾ ʝ a
σημαίεσ	s i m e e s
σημαντικών	s i m a n d i k o n
σοκολάτασ	s o k o l a t a s
συζήτησησ	s i z i t i s i s
συλλαλητήριο	s i l a l i t i ɾ i o
συνάντησησ	s i n a n d i s i s
συναισθήματά	s i n e s θ i m a t a
τεχνικόσ	t e x n i k o s
τηλεφωνική	t i l e f o n i c i
τιμά	t i m a
τράβηξε	t ɾ a v i k s e
τρέξει	t ɾ e k s i
τραγουδάει	t ɾ a ɣ u ð a i
τριήμερο	t ɾ i i m e ɾ o
τροφήσ	t ɾ o f i s
υποδομήσ	i p o ð o m i s
υποψήφιο	i p o p s i f i o
φαίνεσαι	f e n e s e
φανταστώ	f a n d a s t o
φιλε	f i l e
φιλοξενίασ	f i l o k s e n i a s
φορεσ	f o ɾ e s
φράσεισ	f ɾ a s i s
φτιάχνεισ	f t ç a x n i s
χαίρεσαι	ç e ɾ e s e
χε	ç e
χόλιγουντ	x o l i ɣ u n d
ώμουσ	o m u s
άστρα	a s t ɾ a
έβγαλαν	e v ɣ a l a n
ααα	a a a
αγαπη	a ɣ a p i
ακουστεί	a k u s t i
αλέξανδρου	a l e k s a n ð ɾ u
αλεξίου	a l e k s i u
αναλαμβάνω	a n a l a ɱ v a n o
αναμονήσ	a n a m o n i s
ανεξαρτήτωσ	a n e k s a ɾ t i t o s
αντιμετωπίσουν	a n d i m e t o p i s u n
απολογισμόσ	a p o l o ʝ i z m o s
αριθμών	a ɾ i θ m o n
αρνητικέσ	a ɾ n i t i c e s
ατυχήματα	a t i ç i m a t a
αυξήσεισ	a f k s i s i s
αυτοδιοίκησησ	a f t o ð i i c i s i s
αυτουσ	a f t u s
αύξησησ	a f k s i s i s
βασικών	v a s i k o n
βλεπω	v l e p o
γιαγιάσ	ʝ a ʝ a s
γιατρών	ʝ a t ɾ o n
δίδαξε	ð i ð a k s e
δασκάλουσ	ð a s k a l u s
δείξουμε	ð i k s u m e
διαφορετικοί	ð i̯ a f o ɾ e t i c i
δικαιολογίεσ	ð i c e o l o ʝ i e s
δικτατορία	ð i k t a t o ɾ i a
δοκίμασε	ð o c i m a s e
δύσησ	ð i s i s
δώ	ð o
ειδικού	i ð i k u
εισαγωγήσ	i s a ɣ o ʝ i s
εκδότησ	e k ð o t i s
εκτάσεισ	e k t a s i s
ελλαδασ	e l a ð a s
ενέκρινε	e n e k ɾ i n e
ενημερώνει	e n i m e ɾ o n i
επαρχίασ	e p a ɾ ç i a s
ερευνητήσ	e ɾ e v n i t i s
ζεστά	z e s t a
ηλεκτρονικού	i l e k t ɾ o n i k u
θεωρείτε	θ e o ɾ i t e
θυμίζουν	θ i m i z u n
θυσίεσ	θ i s i e s
θωμά	θ o m a
ιδιωτικών	i ð i o t i k o n
καθηγητών	k a θ i ʝ i t o n
καφετέρια	k a f e t e ɾ ʝ a
κριτήριο	k ɾ i t i ɾ i o
κυβερνητικέσ	c i v e ɾ n i t i c e s
κυκλάδων	c i k l a ð o n
κωδικούσ	k o ð i k u s
κόλπου	k o l p u
κύματοσ	c i m a t o s
κύριεσ	c i ɾ i e s
λεγόμενα	l e ɣ o m e n a
λεπτή	l e p t i
μαζικέσ	m a z i c e s
μαθημάτων	m a θ i m a t o n
μαλλον	m a l o n
μαστε	m a s t e
μεγέθη	m e ʝ e θ i
μετακινήσεισ	m e t a c i n i s i s
μεταμόρφωση	m e t a m o ɾ f o s i
μεταρρυθμίσεων	m e t a ɾ i θ m i s e o n
μετοχών	m e t o x o n
μνήμεσ	m n i m e s
μπάγερν	b a ʝ e ɾ n
μπακ	b a k
μπαταρίεσ	b a t a ɾ i e s
νομοσ	n o m o s
ξηρό	k s i ɾ o
οργανωμένη	o ɾ ɣ a n o m e n i
πάνου	p a n u
πάπασ	p a p a s
παρέδωσε	p a ɾ e ð o s e
πεθάνουν	p e θ a n u n
πιάνεισ	p ç a n i s
πλεόνασμα	p l e o n a z m a
πλούτου	p l u t u
ποιητέσ	p i i t e s
πολεμικέσ	p o l e m i c e s
πράξεων	p ɾ a k s e o n
πρόλαβε	p ɾ o l a v e
ρίξουν	ɾ i k s u n
ρούχων	ɾ u x o n
σημείων	s i m i o n
σκέτη	s c e t i
σκαϊ	s k a i
στίβου	s t i v u
σταγόνεσ	s t a ɣ o n e s
σταδίου	s t a ð i u
σταυρόσ	s t a v ɾ o s
συνταγματάρχησ	s i n d a ɣ m a t a ɾ ç i s
σχέδιά	s ç e ð ʝ a
σύνδεσησ	s i n ð e s i s
τεχνολογίεσ	t e x n o l o ʝ i e s
τοποθεσίεσ	t o p o θ e s i e s
τόνοι	t o n i
υποδομέσ	i p o ð o m e s
υποχώρηση	i p o x o ɾ i s i
υποψίεσ	i p o p s i e s
φλασ	f l a s
φυγή	f i ʝ i
φόβουσ	f o v u s
χρησιμοποιήσουμε	x ɾ i s i m o p i i s u m e
χωράει	x o ɾ a i
ψηφίσουν	p s i f i s u n
άκρεσ	a k ɾ e s
άμεσο	a m e s o
ήσυχη	i s i ç i
αγοράζει	a ɣ o ɾ a z i
αδύνατη	a ð i n a t i
ανάλογο	a n a l o ɣ o
αναπτύσσονται	a n a p t i s o n d e
ανθρωποι	a n θ ɾ o p i
αντρών	a n d ɾ o n
αξιωματικών	a k s i o m a t i k o n
απευθύνεται	a p e f θ i n e t e
αποκαλύπτεται	a p o k a l i p t e t e
αποκαλύψεισ	a p o k a l i p s i s
αποκατάστασησ	a p o k a t a s t a s i s
αποσπάσματα	a p o s p a z m a t a
αποφασίστηκε	a p o f a s i s t i c e
αποφαση	a p o f a s i
αφεντικά	a f e n d i k a
βουλγαρίασ	v u l ɣ a ɾ i a s
βότκα	v o t k a
γραμμάτων	ɣ ɾ a m a t o n
γυμνό	ʝ i m n o
γυρίσουμε	ʝ i ɾ i s u m e
δαίμονεσ	ð e m o n e s
δανείων	ð a n i o n
δεκέμβριοσ	ð e c e ɱ v ɾ i o s
δελτία	ð e l t i a
διαμονή	ð i̯ a m o n i
διεκδικεί	ð i e k ð i c i
δικο	ð i k o
δον	ð o n
δούλεψε	ð u l e p s e
δυστυχία	ð i s t i ç i a
εγχείρημα	e ŋ ç i ɾ i m a
εγχειρίδιο	e ŋ ç i ɾ i ð i o
εικόνων	i k o n o n
εκδίδεται	e k ð i ð e t e
εξαρτώνται	e k s a ɾ t o n d e
επιθυμείσ	e p i θ i m i s
επικίνδυνοσ	e p i c i n ð i n o s
ευγενικά	e v ʝ e n i k a
ζήτηση	z i t i s i
θάνοσ	θ a n o s
θέλησε	θ e l i s e
θεε	θ e e
θεωρείσ	θ e o ɾ i s
ικανό	i k a n o
ιστού	i s t u
κέρδισαν	c e ɾ ð i s a n
καθημερινήσ	k a θ i m e ɾ i n i s
καλοκαιρινή	k a l o c e ɾ i n i
κατέστρεψαν	k a t e s t ɾ e p s a n
καταφέραμε	k a t a f e ɾ a m e
καταφέρεισ	k a t a f e ɾ i s
κατεβάστε	k a t e v a s t e
κατεβαίνει	k a t e v e n i
κινέζοι	c i n e z i
κλάδοσ	k l a ð o s
κώλοσ	k o l o s
μαμα	m a m a
μαραθώνα	m a ɾ a θ o n a
μελίνα	m e l i n a
μετάδοσησ	m e t a ð o s i s
μνημονίου	m n i m o n i u
μουσικόσ	m u s i k o s
μύθοι	m i θ i
ξυπνήσεισ	k s i p n i s i s
πάρκου	p a ɾ k u
πάσησ	p a s i s
πέταξαν	p e t a k s a n
παθήσεισ	p a θ i s i s
παλιάσ	p a ʎ a s
παπά	p a p a
παππά	p a p a
παράστασησ	p a ɾ a s t a s i s
πεί	p i
πιθανέσ	p i θ a n e s
πλάκασ	p l a k a s
πληρώσεισ	p l i ɾ o s i s
προσοχη	p ɾ o s o ç i
ρώσουσ	ɾ o s u s
σεν	s e n
σημαίνουν	s i m e n u n
σκούρο	s k u ɾ o
σταματήσεισ	s t a m a t i s i s
στόλου	s t o l u
συγκεκριμένου	s i ŋ ɟ e k ɾ i m e n u
συλλογέσ	s i l o ʝ e s
συμφωνήσει	s i ɱ f o n i s i
συνέδρια	s i n e ð ɾ i a
συνεισφορά	s i n i s f o ɾ a
συνεχίζεισ	s i n e ç i z i s
συνταγματάρχη	s i n d a ɣ m a t a ɾ ç i
συντριβή	s i n d ɾ i v i
σωτήρησ	s o t i ɾ i s
σύντροφοσ	s i n d ɾ o f o s
ταξιδέψει	t a k s i ð e p s i
τεχνητή	t e x n i t i
τεχνικήσ	t e x n i c i s
τηλεοπτικήσ	t i l e o p t i c i s
τηλεοπτικών	t i l e o p t i k o n
τιμητική	t i m i t i c i
τρομερό	t ɾ o m e ɾ o
φάκελοσ	f a c e l o s
φέρουμε	f e ɾ u m e
φαινεται	f e n e t e
φιλαδέλφεια	f i l a ð e l f i a
φορέων	f o ɾ e o n
φτάσω	f t a s o
χειροπέδεσ	ç i ɾ o p e ð e s
χτυπήματα	x t i p i m a t a
ψεύτησ	p s e f t i s
ύδατα	i ð a t a
έβγαζε	e v ɣ a z e
έβγαινε	e v ʝ e n e
έβρου	e v ɾ u
έγινεσ	e ʝ i n e s
έλεγχοι	e l e ŋ ç i
έτοιμεσ	e t i m e s
ήθοσ	i θ o s
αγωνιστέσ	a ɣ o n i s t e s
αδελφοί	a ð e l f i
αιώνων	e o n o n
αναγκαστικά	a n a ŋ ɡ a s t i k a
ανατολικό	a n a t o l i k o
ανοίξτε	a n i k s t e
ανοιξε	a n i k s e
αντιστοιχούν	a n d i s t i x u n
βασισμένη	v a s i z m e n i
βολέσ	v o l e s
βράχια	v ɾ a ç a
βρέφοσ	v ɾ e f o s
βυζαντινή	v i z a n d i n i
γένουσ	ʝ e n u s
γαλλικήσ	ɣ a l i c i s
δηλαδη	ð i l a ð i
δημοσιεύει	ð i m o s i e v i
διδάξει	ð i ð a k s i
δικήσ	ð i c i s
δούλευε	ð u l e v e
δύναμή	ð i n a m i
εκτιμούν	e k t i m u n
εντοπισμό	e n d o p i z m o
εξαιρετικέσ	e k s e ɾ e t i c e s
επίβλεψη	e p i v l e p s i
επιβάλλεται	e p i v a l e t e
επιθετικόσ	e p i θ e t i k o s
ηθοποιούσ	i θ o p i u s
ηρώων	i ɾ o o n
θεσμοί	θ e z m i
ιερή	i e ɾ i
ιππότησ	i p o t i s
ιωσήφ	i o s i f
κάλπεσ	k a l p e s
κανενα	k a n e n a
κανονισμούσ	k a n o n i z m u s
καπνό	k a p n o
κατέληξαν	k a t e l i k s a n
κατοικιών	k a t i c o n
καυτή	k a f t i
κελί	c e l i
κεφαλαίου	c e f a l e u
κιλών	c i l o n
κοιτάτε	c i t a t e
κομοτηνή	k o m o t i n i
κριτικήσ	k ɾ i t i c i s
λέξησ	l e k s i s
λασ	l a s
λεγόμενο	l e ɣ o m e n o
λευκού	l e f k u
λεωνίδασ	l e o n i ð a s
λούισ	l u i s
μέσον	m e s o n
μέταλλα	m e t a l a
μίλαν	m i l a n
μαμάσ	m a m a s
μανώλη	m a n o l i
μαρξ	m a ɾ k s
μεγαλο	m e ɣ a l o
μειωμένη	m i o m e n i
μεταρρύθμισησ	m e t a ɾ i θ m i s i s
μονοπάτια	m o n o p a t ç a
ξεχωριστέσ	k s e x o ɾ i s t e s
οικόπεδο	i k o p e ð o
ολοκλήρου	o l o k l i ɾ u
πάτησε	p a t i s e
πέτρο	p e t ɾ o
παντελή	p a n d e l i
παράλληλη	p a ɾ a l i l i
παραγόντων	p a ɾ a ɣ o n d o n
παραμείνουν	p a ɾ a m i n u n
παραμικρή	p a ɾ a m i k ɾ i
πατήσει	p a t i s i
πεθάνεισ	p e θ a n i s
πετάνε	p e t a n e
πλήρουσ	p l i ɾ u s
πνευματικά	p n e v m a t i k a
ποιητική	p i i t i c i
προηγείται	p ɾ o i ʝ i t e
προπαγάνδασ	p ɾ o p a ɣ a n ð a s
προχωρήσουμε	p ɾ o x o ɾ i s u m e
πρωταγωνιστήσ	p ɾ o t a ɣ o n i s t i s
πόλεωσ	p o l e o s
ρομαντική	ɾ o m a n d i c i
σηκώνει	s i k o n i
σημερινέσ	s i m e ɾ i n e s
στιβ	s t i v
συστηματικά	s i s t i m a t i k a
σύγχρονων	s i ŋ x ɾ o n o n
σύρου	s i ɾ u
τακτικέσ	t a k t i c e s
τομή	t o m i
τοπία	t o p i a
τουριστικό	t u ɾ i s t i k o
τραυματισμό	t ɾ a v m a t i z m o
τρισ	t ɾ i s
τυπικό	t i p i k o
τυχερό	t i ç e ɾ o
υποψηφίων	i p o p s i f i o n
φεβρουάριοσ	f e v ɾ u a ɾ i o s
φθάνει	f θ a n i
φτάσεισ	f t a s i s
φυλέσ	f i l e s
φόρεσε	f o ɾ e s e
χρησιμοποίησαν	x ɾ i s i m o p i i s a n
χρηστών	x ɾ i s t o n
ύψη	i p s i
άννασ	a n a s
άριστα	a ɾ i s t a
άφηνε	a f i n e
έδινα	e ð i n a
ήλθε	i l θ e
ήσυχα	i s i x a
αγαθών	a ɣ a θ o n
αιώνασ	e o n a s
ακριβέσ	a k ɾ i v e s
ανακαλύφθηκε	a n a k a l i f θ i c e
αναπτύχθηκε	a n a p t i x θ i c e
αναρωτιέσαι	a n a ɾ o t ç e s e
ανοίξεισ	a n i k s i s
ανοιχτέσ	a n i x t e s
ανταγωνισμό	a n d a ɣ o n i z m o
αντικειμένου	a n d i c i m e n u
απαλά	a p a l a
απόδραση	a p o ð ɾ a s i
αρκετα	a ɾ c e t a
αρνηθεί	a ɾ n i θ i
ασημένιο	a s i m e ɲ o
αστικά	a s t i k a
αστικήσ	a s t i c i s
αυτεσ	a f t e s
αφενόσ	a f e n o s
γέροσ	ʝ e ɾ o s
γρηγορα	ɣ ɾ i ɣ o ɾ a
δίασ	ð i a s
δασών	ð a s o n
δείκτεσ	ð i k t e s
δημοσιεύσεισ	ð i m o s i e f s i s
δημοτικών	ð i m o t i k o n
δημοψηφίσματοσ	ð i m o p s i f i z m a t o s
διατηρείται	ð i̯ a t i ɾ i t e
διεύθυνσησ	ð i e f θ i n s i s
δοκιμάσω	ð o c i m a s o
δράστη	ð ɾ a s t i
δυνατοί	ð i n a t i
δυτικού	ð i t i k u
δωρεαν	ð o ɾ e a n
εγκυμοσύνησ	e ŋ ɟ i m o s i n i s
εκφράζεται	e k f ɾ a z e t e
εμφανίζουν	e ɱ f a n i z u n
επέβαλε	e p e v a l e
επιβάλλει	e p i v a l i
επιτύχει	e p i t i ç i
θάλαμο	θ a l a m o
θεοδωράκη	θ e o ð o ɾ a c i
θεοδωράκησ	θ e o ð o ɾ a c i s
θησαυρόσ	θ i s a v ɾ o s
ικανοί	i k a n i
καεί	k a i
καθημερινέσ	k a θ i m e ɾ i n e s
κατανοητό	k a t a n o i t o
κινητήρεσ	c i n i t i ɾ e s
κρύβουν	k ɾ i v u n
κυπριακού	c i p ɾ i a k u
κόψε	k o p s e
λάβουν	l a v u n
λήγει	l i ʝ i
λουκά	l u k a
μάθησησ	m a θ i s i s
μακρόν	m a k ɾ o n
μετακόμισε	m e t a k o m i s e
μπάλεσ	b a l e s
μπήκαμε	b i k a m e
νίκαια	n i c e a
ντρέπεσαι	d ɾ e p e s e
νόμιμα	n o m i m a
ξύλινο	k s i l i n o
οδήγηση	o ð i ʝ i s i
οικισμού	i c i z m u
ομιλίεσ	o m i l i e s
ορισμένουσ	o ɾ i z m e n u s
παππάσ	p a p a s
παροχήσ	p a ɾ o ç i s
περίφημο	p e ɾ i f i m o
πιθανά	p i θ a n a
πιστέψω	p i s t e p s o
πράκτορασ	p ɾ a k t o ɾ a s
προσανατολισμό	p ɾ o s a n a t o l i z m o
προσπαθήσουμε	p ɾ o s p a θ i s u m e
πρωταγωνίστρια	p ɾ o t a ɣ o n i s t ɾ i a
ρίξτε	ɾ i k s t e
ρίχνεισ	ɾ i x n i s
ρόδοσ	ɾ o ð o s
σβήσει	z v i s i
σηκώσει	s i k o s i
σιγουρα	s i ɣ u ɾ a
σκεφτόμουν	s c e f t o m u n
σκοτώσω	s k o t o s o
σον	s o n
σπήλαιο	s p i l e o
συμμάχουσ	s i m a x u s
συμμετάσχουν	s i m e t a s x u n
συμφωνείτε	s i ɱ f o n i t e
συνιστά	s i n i s t a
συνομιλία	s i n o m i l i a
συνταγματική	s i n d a ɣ m a t i c i
συντρόφουσ	s i n d ɾ o f u s
σωκράτη	s o k ɾ a t i
σύμβουλο	s i ɱ v u l o
τάφοσ	t a f o s
τέτοιοσ	t e t i o s
τίτλων	t i t l o n
τραγουδιστή	t ɾ a ɣ u ð i s t i
υποφέρει	i p o f e ɾ i
φιλοξενήσει	f i l o k s e n i s i
φιλοξενία	f i l o k s e n i a
φτιάχνουμε	f t ç a x n u m e
χαρακτηρίζονται	x a ɾ a k t i ɾ i z o n d e
χημικέσ	ç i m i c e s
χορεύει	x o ɾ e v i
χρωστάει	x ɾ o s t a i
έφαγεσ	e f a ʝ e s
έφτιαξαν	e f t ç a k s a n
αγγελία	a ŋ ɟ e l i a
αγωνίζονται	a ɣ o n i z o n d e
αγωνίστηκε	a ɣ o n i s t i c e
αγωνιστικό	a ɣ o n i s t i k o
αιτήματα	e t i m a t a
ακουστικά	a k u s t i k a
αναστάτωση	a n a s t a t o s i
ανεξαρτησίασ	a n e k s a ɾ t i s i a s
ανθρωποσ	a n θ ɾ o p o s
αντίστροφη	a n d i s t ɾ o f i
αντιμετώπισησ	a n d i m e t o p i s i s
αντιπροσωπεία	a n d i p ɾ o s o p i a
αξιωματικούσ	a k s i o m a t i k u s
απέρριψε	a p e ɾ i p s e
απαντάσ	a p a n d a s
απαράδεκτο	a p a ɾ a ð e k t o
απασχόλησησ	a p a s x o l i s i s
αποδεικνύουν	a p o ð i k n i u n
αποκαλύψει	a p o k a l i p s i
αποκλειστικό	a p o k l i s t i k o
απολογισμό	a p o l o ʝ i z m o
αποστόλου	a p o s t o l u
αποτελεσματικότητα	a p o t e l e z m a t i k o t i t a
αποχή	a p o ç i
απόρριψη	a p o ɾ i p s i
αρεσει	a ɾ e s i
αρώματα	a ɾ o m a t a
ασεπ	a s e p
βρεθούμε	v ɾ e θ u m e
γείτονα	ʝ i t o n a
γεγονότοσ	ʝ e ɣ o n o t o s
γειτονικέσ	ʝ i t o n i c e s
γιορτάζει	ʝ o ɾ t a z i
γνωρίσεισ	ɣ n o ɾ i s i s
γνώριζαν	ɣ n o ɾ i z a n
γουέστ	ɣ u e s t
γραμμάρια	ɣ ɾ a m a ɾ ʝ a
δημοσιεύματα	ð i m o s i e v m a t a
διαβήτη	ð i̯ a v i t i
διαδήλωση	ð i̯ a ð i l o s i
διαθέσιμεσ	ð i̯ a θ e s i m e s
διακριτικά	ð i̯ a k ɾ i t i k a
διασκεδαστικό	ð i̯ a s c e ð a s t i k o
διαφωνία	ð i̯ a f o n i a
δσ	ð s
ειδα	i ð a
εκπέμπει	e k p e m b i
ενεργή	e n e ɾ ʝ i
επέκτασησ	e p e k t a s i s
επιμονή	e p i m o n i
επισκέπτεται	e p i s c e p t e t e
επιφάνειεσ	e p i f a n i e s
επιχείρησε	e p i ç i ɾ i s e
επώνυμο	e p o n i m o
ερωτικέσ	e ɾ o t i c e s
ευρωπαίων	e v ɾ o p e o n
ηλεκτρικά	i l e k t ɾ i k a
θαλάσσησ	θ a l a s i s
ιδιωτικού	i ð i o t i k u
καθενόσ	k a θ e n o s
καθορίζεται	k a θ o ɾ i z e t e
καθόταν	k a θ o t a n
καλλιτεχνικό	k a l i t e x n i k o
καναλιών	k a n a ʎ o n
καπ	k a p
κατευθύνσεισ	k a t e f θ i n s i s
καυσίμου	k a f s i m u
κοινόσ	c i n o s
κορυφαίεσ	k o ɾ i f e e s
κοσμοσ	k o z m o s
κρατικών	k ɾ a t i k o n
κρούσματα	k ɾ u z m a t a
κυμαίνεται	c i m e n e t e
κόκκινεσ	k o c i n e s
λειτουργούσε	l i t u ɾ ɣ u s e
μεγάλωσα	m e ɣ a l o s a
μισθόσ	m i s θ o s
μοίρασ	m i ɾ a s
μοναχόσ	m o n a x o s
μωράκι	m o ɾ a c i
νέλσον	n e l s o n
νεκρού	n e k ɾ u
ντικ	d i k
ντιν	d i n
ντόπιουσ	d o p ç u s
ξένοσ	k s e n o s
ξεκινήσουν	k s e c i n i s u n
ξεπερνούν	k s e p e ɾ n u n
ξεχάσετε	k s e x a s e t e
ξύπνα	k s i p n a
ολοκαύτωμα	o l o k a f t o m a
ονομάζονται	o n o m a z o n d e
οπαδόσ	o p a ð o s
ορθή	o ɾ θ i
οχυρό	o ç i ɾ o
πάρκα	p a ɾ k a
παράγονται	p a ɾ a ɣ o n d e
παράτησε	p a ɾ a t i s e
παρατήσω	p a ɾ a t i s o
πατήστε	p a t i s t e
περιπτώσεων	p e ɾ i p t o s e o n
πληροφορίασ	p l i ɾ o f o ɾ i a s
πληρώσετε	p l i ɾ o s e t e
πουλάνε	p u l a n e
προάστια	p ɾ o a s t ç a
προνόμια	p ɾ o n o m ɲ a
προσκλήσεισ	p ɾ o s k l i s i s
πρωτεύουσασ	p ɾ o t e v u s a s
πρόστιμα	p ɾ o s t i m a
ρίξεισ	ɾ i k s i s
σέβονται	s e v o n d e
σακούλεσ	s a k u l e s
στυλό	s t i l o
συγκεκριμένησ	s i ŋ ɟ e k ɾ i m e n i s
συγκεντρώνει	s i ŋ ɟ e n d ɾ o n i
συλλογική	s i l o ʝ i c i
συνεργασίεσ	s i n e ɾ ɣ a s i e s
συχνέσ	s i x n e s
σχολικό	s x o l i k o
τοπ	t o p
τριάδα	t ɾ i a ð a
τρια	t ɾ i a
τροποποίηση	t ɾ o p o p i i s i
τύψεισ	t i p s i s
υπολείμματα	i p o l i m a t a
υψηλών	i p s i l o n
φαντάσματα	f a n d a z m a t a
φορέσει	f o ɾ e s i
χάλι	x a l i
χίλιεσ	ç i ʎ e s
χαζό	x a z o
χαρακτηριστεί	x a ɾ a k t i ɾ i s t i
χημική	ç i m i c i
χτίστηκε	x t i s t i c e
ψηφίσει	p s i f i s i
ἐν	e n
έλλη	e l i
αγοράζουν	a ɣ o ɾ a z u n
αγοράσουν	a ɣ o ɾ a s u n
ακούνε	a k u n e
αμερικάνοι	a m e ɾ i k a n i
αναγκαίο	a n a ŋ ɟ e o
αναγνώστεσ	a n a ɣ n o s t e s
αντίπαλοι	a n d i p a l i
απολαύσεισ	a p o l a f s i s
αρείου	a ɾ i u
ατάκα	a t a k a
ατομικέσ	a t o m i c e s
αφοσίωση	a f o s i o s i
βγάλετε	v ɣ a l e t e
βολεύει	v o l e v i
γάλακτοσ	ɣ a l a k t o s
γεμάτεσ	ʝ e m a t e s
γιανγκ	ʝ a ŋ ɡ
γιουσ	ʝ u s
γιό	ʝ o
γρηγόρη	ɣ ɾ i ɣ o ɾ i
δίδυμο	ð i ð i m o
δα	ð a
δαπάνη	ð a p a n i
δεδομένη	ð e ð o m e n i
δημοσκοπήσεισ	ð i m o s k o p i s i s
διαπραγμάτευσησ	ð i̯ a p ɾ a ɣ m a t e f s i s
διπλανό	ð i p l a n o
εγκρίνει	e ŋ ɡ ɾ i n i
εκκένωση	e c e n o s i
εκκλησιαστική	e k l i s i a s t i c i
ενηλίκων	e n i l i k o n
ενισχύσει	e n i s ç i s i
εννοούμε	e n o u m e
ενότητεσ	e n o t i t e s
εξαφανίζεται	e k s a f a n i z e t e
επενδύσεων	e p e n ð i s e o n
επώνυμα	e p o n i m a
ερωμένη	e ɾ o m e n i
ετοιμαστείτε	e t i m a s t i t e
ευγενική	e v ʝ e n i c i
ευτυχισμένο	e f t i ç i z m e n o
εύρεση	e v ɾ e s i
ζητείται	z i t i t e
ικανότητά	i k a n o t i t a
καθαρόσ	k a θ a ɾ o s
καλύπτεται	k a l i p t e t e
κατασταση	k a t a s t a s i
κεντ	c e n d
κλάουσ	k l a u s
κλέφτησ	k l e f t i s
κοιτάξει	c i t a k s i
κοντα	k o n d a
κουτιά	k u t ç a
κρατικέσ	k ɾ a t i c e s
κρεβάτια	k ɾ e v a t ç a
κυβερνήσεων	c i v e ɾ n i s e o n
λεγα	l e ɣ a
λουκ	l u k
μελλοντική	m e l o n d i c i
μεταφορικά	m e t a f o ɾ i k a
μιλήστε	m i l i s t e
μιλούσαν	m i l u s a n
μορφών	m o ɾ f o n
μπασ	b a s
μπελ	b e l
μπροστινό	b ɾ o s t i n o
νικόλαο	n i k o l a o
ντομάτα	d o m a t a
νόμιζε	n o m i z e
οδηγώντασ	o ð i ɣ o n d a s
πέμπτο	p e m p t o
πέτυχαν	p e t i x a n
παλεύει	p a l e v i
παράνομεσ	p a ɾ a n o m e s
πιστοποιητικό	p i s t o p i i t i k o
πληρωμέσ	p l i ɾ o m e s
ποίησησ	p i i s i s
πολεμικού	p o l e m i k u
πολιτιστικόσ	p o l i t i s t i k o s
πολυτεχνείου	p o l i t e x n i u
προσφυγικό	p ɾ o s f i ʝ i k o
πτυχέσ	p t i ç e s
πόρισμα	p o ɾ i z m a
ρικ	ɾ i k
σάββα	s a v a
σειρα	s i ɾ a
σκεφτούμε	s c e f t u m e
σταύρου	s t a v ɾ u
στερεά	s t e ɾ e a
στρεσ	s t ɾ e s
συνδεθεί	s i n ð e θ i
σύγκρουσησ	s i ŋ ɡ r u s i s
σύλλογοι	s i l o ʝ i
τήνου	t i n u
ταξίδεψε	t a k s i ð e p s e
ταξιδεύουν	t a k s i ð e v u n
τρομοκρατίασ	t ɾ o m o k ɾ a t i a s
τρόμο	t ɾ o m o
τσι	t͡s i
υφίστανται	i f i s t a n d e
φαράγγι	f a ɾ a ŋ ɟ i
φοράνε	f o ɾ a n e
φωτογραφικό	f o t o ɣ r a f i k o
φόρμουλα	f o ɾ m u l a
φύσεωσ	f i s e o s
χαμηλού	x a m i l u
χιούστον	ç u s t o n
χρησιμοποιείτε	x ɾ i s i m o p i i t e
όρθια	o ɾ θ ç a
άντριου	a n d ɾ i u
άρθρου	a ɾ θ ɾ u
έξυπνοι	e k s i p n i
έπεισε	e p i s e
ίση	i s i
αδερφού	a ð e ɾ f u
αδικία	a ð i c i a
ακομη	a k o m i
ακουσα	a k u s a
ακούσουν	a k u s u n
ακτινοβολίασ	a k t i n o v o l i a s
αλεύρι	a l e v ɾ i
αλλαγών	a l a ɣ o n
αμερικανών	a m e ɾ i k a n o n
αναγκάστηκε	a n a ŋ ɡ a s t i c e
ανεξάρτητοσ	a n e k s a ɾ t i t o s
αντίστροφα	a n d i s t ɾ o f a
αντιμετωπίζουμε	a n d i m e t o p i z u m e
αντιμετώπισε	a n d i m e t o p i s e
απαντούν	a p a n d u n
απε	a p e
αποτελεσματικό	a p o t e l e z m a t i k o
αρμονία	a ɾ m o n i a
αυτόνομη	a f t o n o m i
βάσεων	v a s e o n
βασίλισσασ	v a s i l i s a s
βεβαια	v e v e a
γένοσ	ʝ e n o s
γελάει	ʝ e l a i
γεύματα	ʝ e v m a t a
γιονγκ	ʝ o ŋ ɡ
γιόσ	ʝ o s
γυμνόσ	ʝ i m n o s
γόνατο	ɣ o n a t o
διατηρώντασ	ð i̯ a t i ɾ o n d a s
διονύσησ	ð i o n i s i s
εγκαταστάσεων	e ŋ ɡ a t a s t a s e o n
εμπ	e m b
ενοσ	e n o s
εξαγωγέσ	e k s a ɣ o ʝ e s
εξαγωγή	e k s a ɣ o ʝ i
εξηγείται	e k s i ʝ i t e
επίσκοποσ	e p i s k o p o s
επικοινωνίεσ	e p i c i n o n i e s
επιτίθεται	e p i t i θ e t e
εργάστηκε	e ɾ ɣ a s t i c e
ευχόμαστε	e f x o m a s t e
εφαρμογών	e f a ɾ m o ɣ o n
εφαρμοστεί	e f a ɾ m o s t i
θεσμού	θ e z m u
θωμάσ	θ o m a s
ιατρόσ	i a t ɾ o s
κακοί	k a c i
καλύτερησ	k a l i t e ɾ i s
κεντρικόσ	c e n d ɾ i k o s
κλάδουσ	k l a ð u s
κοινωνίεσ	c i n o n i e s
κολύμπι	k o l i m b i
κορινθίασ	k o ɾ i n θ i a s
κρίνεται	k ɾ i n e t e
κύκλοι	c i k l i
λίστασ	l i s t a s
λακωνίασ	l a k o n i a s
λεμεσό	l e m e s o
λογότυπο	l o ɣ o t i p o
μάριο	m a ɾ i o
μήν	m i n
μίλερ	m i l e ɾ
μερικών	m e ɾ i k o n
μισθών	m i s θ o n
μπίλι	b i l i
μπορέσουν	b o ɾ e s u n
μπροστα	b ɾ o s t a
νυχτερινή	n i x t e ɾ i n i
οδηγούσ	o ð i ɣ u s
οικισμό	i c i z m o
οργανωμένο	o ɾ ɣ a n o m e n o
πάφου	p a f u
παιδικού	p e ð i k u
παλιού	p a ʎ u
πεποίθηση	p e p i θ i s i
περιστάσεισ	p e ɾ i s t a s i s
περιφερειακέσ	p e ɾ i f e ɾ i a c e s
πληρώνουμε	p l i ɾ o n u m e
πληρώσω	p l i ɾ o s o
πνεύματα	p n e v m a t a
ποινικό	p i n i k o
προβάλλεται	p ɾ o v a l e t e
προχωρά	p ɾ o x o ɾ a
πρωτοβουλίεσ	p ɾ o t o v u l i e s
ρωσικήσ	ɾ o s i c i s
ρωτήστε	ɾ o t i s t e
σεξουαλικά	s e k s u a l i k a
συγγενήσ	s i ŋ ɟ e n i s
συναρπαστικό	s i n a ɾ p a s t i k o
συνδυάζει	s i n ð i a z i
συνείδησησ	s i n i ð i s i s
συνεπάγεται	s i n e p a ʝ e t e
συνεχίζοντασ	s i n e ç i z o n d a s
σχεδίασε	s ç e ð i a s e
σύντροφοι	s i n d ɾ o f i
τάκη	t a c i
τέρατα	t e ɾ a t a
υπηρετεί	i p i ɾ e t i
φάγαμε	f a ɣ a m e
φιλαράκια	f i l a ɾ a c a
φοβόμαστε	f o v o m a s t e
χαμένοσ	x a m e n o s
ψηλόσ	p s i l o s
όψει	o p s i
άγγελο	a ŋ ɟ e l o
έδωσεσ	e ð o s e s
ένστικτο	e n s t i k t o
αέροσ	a e ɾ o s
αγγλικήσ	a ŋ ɡ l i c i s
ακμή	a k m i
ακολουθούσε	a k o l u θ u s e
αλλ	a l
αλυσίδασ	a l i s i ð a s
αμοιβαία	a m i v e a
αποθήκεσ	a p o θ i c e s
αποικία	a p i c i a
ατομικήσ	a t o m i c i s
αυθεντικό	a f θ e n d i k o
αυριο	a v ɾ i o
βάζοντασ	v a z o n d a s
βίαιη	v i e i
βασικοί	v a s i c i
βιταμίνη	v i t a m i n i
βρώμικο	v ɾ o m i k o
γενετική	ʝ e n e t i c i
γιαυτό	ʝ a f t o
δεί	ð i
δη	ð i
δηλητήριο	ð i l i t i ɾ i o
δημοκρατικήσ	ð i m o k ɾ a t i c i s
δικη	ð i c i
δυναμικού	ð i n a m i k u
εκπροσωπεί	e k p ɾ o s o p i
ελληνικούσ	e l i n i k u s
εμποδίσει	e m b o ð i s i
εναλλακτικά	e n a l a k t i k a
ενδυνάμωση	e n ð i n a m o s i
εντατική	e n d a t i c i
εξαιρετικόσ	e k s e ɾ e t i k o s
επέζησε	e p e z i s e
επαναστάτεσ	e p a n a s t a t e s
επιδρομή	e p i ð ɾ o m i
επιδόματα	e p i ð o m a t a
επικοινωνήσει	e p i c i n o n i s i
επισκέπτη	e p i s c e p t i
επιτυγχάνεται	e p i t i ŋ x a n e t e
ζητάνε	z i t a n e
ηγεσίασ	i ʝ e s i a s
θερμό	θ e ɾ m o
ισχυρίζονται	i s ç i ɾ i z o n d e
κάν	k a n
κίτρινη	c i t ɾ i n i
καθίσματα	k a θ i z m a t a
καθυστερήσεισ	k a θ i s t e ɾ i s i s
καιρο	c e ɾ o
κατάλληλεσ	k a t a l i l e s
κατέχουν	k a t e x u n
καταρρεύσει	k a t a ɾ e f s i
κουρτίνεσ	k u ɾ t i n e s
κρητική	k ɾ i t i c i
κρύψει	k ɾ i p s i
κυριαρχεί	c i ɾ i a ɾ ç i
λήξησ	l i k s i s
λαμβάνεται	l a ɱ v a n e t e
λογο	l o ɣ o
μάρκου	m a ɾ k u
μηπωσ	m i p o s
μυτιλήνησ	m i t i l i n i s
οδηγήσουν	o ð i ʝ i s u n
οδηγού	o ð i ɣ u
οδικό	o ð i k o
πάνελ	p a n e l
πέμπτησ	p e m p t i s
παζλ	p a z l
παιδικέσ	p e ð i c e s
περνάτε	p e ɾ n a t e
πιστέψεισ	p i s t e p s i s
πιστή	p i s t i
πλαστική	p l a s t i c i
πλατείεσ	p l a t i e s
πνευματικήσ	p n e v m a t i c i s
πολεμιστέσ	p o l e m i s t e s
πολύτιμη	p o l i t i m i
πρεπε	p ɾ e p e
προσέχει	p ɾ o s e ç i
προσφοράσ	p ɾ o s f o ɾ a s
προχωράμε	p ɾ o x o ɾ a m e
πρότασησ	p ɾ o t a s i s
πυρόσ	p i ɾ o s
ρα	ɾ a
σουτιέν	s u t ç e n
στάσεισ	s t a s i s
στέλνουμε	s t e l n u m e
στήν	s t i n
σταμάτησ	s t a m a t i s
συγκεντρώσει	s i ŋ ɟ e n d ɾ o s i
συνέχιση	s i n e ç i s i
συσκευασία	s i s c e v a s i a
συστημα	s i s t i m a
σχήματοσ	s ç i m a t o s
σωλήνεσ	s o l i n e s
τάσησ	t a s i s
τίμησε	t i m i s e
τείνει	t i n i
τοποθετούνται	t o p o θ e t u n d e
τουρκικών	t u ɾ c i k o n
τραύματα	t ɾ a v m a t a
τρόπου	t ɾ o p u
τόμοσ	t o m o s
υποθέσουμε	i p o θ e s u m e
φίλησ	f i l i s
φανάρι	f a n a ɾ i
φορούν	f o ɾ u n
φροντίσει	f ɾ o n d i s i
φτωχούσ	f t o x u s
φυλάκισησ	f i l a c i s i s
φώναζε	f o n a z e
χαλάει	x a l a i
χεριού	ç e ɾ ʝ u
χοντρόσ	x o n d ɾ o s
όρθιοσ	o ɾ θ i o s
άγγελοι	a ŋ ɟ e l i
άνοιξα	a n i k s a
άρρωστη	a ɾ o s t i
έβαζα	e v a z a
έπαιρνα	e p e ɾ n a
έχασεσ	e x a s e s
αίγυπτοσ	e ʝ i p t o s
αγαπάτε	a ɣ a p a t e
αγαπημένεσ	a ɣ a p i m e n e s
αγγίξει	a ŋ ɟ i k s i
αδελφότητα	a ð e l f o t i t a
αθλητή	a θ l i t i
αθώοσ	a θ o o s
αιτήσεων	e t i s e o n
αιτωλοακαρνανίασ	e t o l o a k a ɾ n a n i a s
αλεξάντερ	a l e k s a n d e ɾ
αληθινέσ	a l i θ i n e s
αμερικάνικο	a m e ɾ i k a n i k o
ανάκληση	a n a k l i s i
αναβολή	a n a v o l i
αναζητούν	a n a z i t u n
ανακοίνωσαν	a n a c i n o s a n
ανταλλαγήσ	a n d a l a ʝ i s
αντιδρούν	a n d i ð ɾ u n
αξιοπιστία	a k s i o p i s t i a
απάντησή	a p a n d i s i
αποθήκευσησ	a p o θ i c e f s i s
αποκτούν	a p o k t u n
απορίεσ	a p o ɾ i e s
απόσυρση	a p o s i ɾ s i
ασθενούσ	a s θ e n u s
αστικού	a s t i k u
ασυνήθιστο	a s i n i θ i s t o
ασφαλιστική	a s f a l i s t i c i
βάθη	v a θ i
βενετία	v e n e t i a
γερμανικού	ʝ e ɾ m a n i k u
γκολφ	ɡ o l f
γλυφάδασ	ɣ l i f a ð a s
γούστα	ɣ u s t a
γραβάτα	ɣ ɾ a v a t a
γόνατα	ɣ o n a t a
δέχτηκαν	ð e x t i k a n
δειτε	ð i t e
δεχόμαστε	ð e x o m a s t e
διευθύνει	ð i e f θ i n i
δομήσ	ð o m i s
εαμ	e a m
εισιτηρίων	i s i t i ɾ i o n
εκδόσεων	e k ð o s e o n
ελευθερίου	e l e f θ e ɾ i u
εξετάσεων	e k s e t a s e o n
επιστημονικών	e p i s t i m o n i k o n
ευαίσθητη	e v e s θ i t i
ευθύνεται	e f θ i n e t e
ημών	i m o n
θαυμαστέσ	θ a v m a s t e s
κάνανε	k a n a n e
κάψει	k a p s i
καθαρισμό	k a θ a ɾ i z m o
καραϊσκάκη	k a ɾ a i s k a c i
κατάφερεσ	k a t a f e ɾ e s
καταστατικό	k a t a s t a t i k o
κινητήρασ	c i n i t i ɾ a s
κλέβουν	k l e v u n
κλίματοσ	k l i m a t o s
κυβερνήσεωσ	c i v e ɾ n i s e o s
λειτουργικά	l i t u ɾ ʝ i k a
λούκασ	l u k a s
μάκησ	m a c i s
μίλησα	m i l i s a
μαύρησ	m a v ɾ i s
μεθόδων	m e θ o ð o n
μετέφεραν	m e t e f e ɾ a n
μηνεσ	m i n e s
μηχανικοί	m i x a n i c i
μισοί	m i s i
μο	m o
μοιράζεται	m i ɾ a z e t e
μολονότι	m o l o n o t i
μπάρι	b a ɾ i
μπλέξει	b l e k s i
νερο	n e ɾ o
ξεχάστε	k s e x a s t e
ξύλινα	k s i l i n a
ομίλων	o m i l o n
ομόλογα	o m o l o ɣ a
ορίσει	o ɾ i s i
ορθοδοξία	o ɾ θ o ð o k s i a
ουν	u n
ουσιαστική	u s i a s t i c i
πάτρικ	p a t ɾ i k
πάψει	p a p s i
πέταξα	p e t a k s a
παπάσ	p a p a s
παράλογο	p a ɾ a l o ɣ o
παρί	p a ɾ i
παρω	p a ɾ o
περίσταση	p e ɾ i s t a s i
πετύχεισ	p e t i ç i s
πιάσουν	p ç a s u n
πληροφόρησησ	p l i ɾ o f o ɾ i s i s
πληρώματοσ	p l i ɾ o m a t o s
πολύτιμα	p o l i t i m a
πραγμα	p ɾ a ɣ m a
πραγματικα	p ɾ a ɣ m a t i k a
προδότεσ	p ɾ o ð o t e s
προσεγγίσεισ	p ɾ o s e ŋ ɟ i s i s
προτίμηση	p ɾ o t i m i s i
πρωτότυπα	p ɾ o t o t i p a
σκιέσ	s c e s
στάσου	s t a s u
συγκεκριμένοσ	s i ŋ ɟ e k ɾ i m e n o s
συλλάβει	s i l a v i
συμμαχίασ	s i m a ç i a s
συμπεριλαμβάνονται	s i m b e ɾ i l a ɱ v a n o n d e
συχνή	s i x n i
σχολίασε	s x o l i a s e
σύμπτωση	s i m p t o s i
τέκνα	t e k n a
τελευταια	t e l e f t e a
τζίμι	d͡z i m i
τροποποιήσεισ	t ɾ o p o p i i s i s
υιόσ	i o s
υποφέρουν	i p o f e ɾ u n
υπόσχεται	i p o s ç e t e
φαινομένων	f e n o m e n o n
φανερό	f a n e ɾ o
φανταστεί	f a n d a s t i
φύγαμε	f i ɣ a m e
χάνονται	x a n o n d e
χαζόσ	x a z o s
χωριστά	x o ɾ i s t a
ύμνο	i m n o
άκρων	a k ɾ o n
άνθη	a n θ i
άποψή	a p o p s i
άσκησησ	a s c i s i s
ένσταση	e n s t a s i
αγαπημένουσ	a ɣ a p i m e n u s
ανίχνευση	a n i x n e f s i
ανακοινωση	a n a c i n o s i
ανεβάζει	a n e v a z i
ανεξάρτητο	a n e k s a ɾ t i t o
αντίδρασησ	a n d i ð ɾ a s i s
αποδεκτό	a p o ð e k t o
αποκλεισμόσ	a p o k l i z m o s
αποτρέψει	a p o t ɾ e p s i
απουσίασ	a p u s i a s
αριστερόσ	a ɾ i s t e ɾ o s
ατρόμητοσ	a t ɾ o m i t o s
βάρη	v a ɾ i
βίο	v i o
βαρεθεί	v a ɾ e θ i
βιομηχανίεσ	v i o m i x a n i e s
βλέμματα	v l e m a t a
γίναμε	ʝ i n a m e
γερμανικών	ʝ e ɾ m a n i k o n
γουρούνια	ɣ u ɾ u ɲ a
γουστάρεισ	ɣ u s t a ɾ i s
γραπτή	ɣ ɾ a p t i
γραφικά	ɣ ɾ a f i k a
δημοκρατικού	ð i m o k ɾ a t i k u
διαβατήριο	ð i̯ a v a t i ɾ i o
διαλύσει	ð i̯ a l i s i
διαμορφώθηκε	ð i̯ a m o ɾ f o θ i c e
διαχρονικά	ð i̯ a x ɾ o n i k a
διοργανώσεισ	ð i o ɾ ɣ a n o s i s
εδρεύει	e ð ɾ e v i
εκδότη	e k ð o t i
ελαιόλαδο	e l e o l a ð o
εμφυλίου	e ɱ f i l i u
εννοούσε	e n o u s e
εντοπίστηκαν	e n d o p i s t i k a n
εξασφάλισε	e k s a s f a l i s e
εορτασμό	e o ɾ t a z m o
επιθετική	e p i θ e t i c i
επιπλοκέσ	e p i p l o c e s
επιστημόνων	e p i s t i m o n o n
ετοιμάζονται	e t i m a z o n d e
ευτυχίασ	e f t i ç i a s
ζητάτε	z i t a t e
ζητήσουν	z i t i s u n
θέατρα	θ e a t ɾ a
θέλοντασ	θ e l o n d a s
θανάτουσ	θ a n a t u s
θεώρησε	θ e o ɾ i s e
καναλιού	k a n a ʎ u
κατέβηκε	k a t e v i c e
κατασκευασμένο	k a t a s c e v a z m e n o
κατηγορείται	k a t i ɣ o ɾ i t e
κατηγόρησε	k a t i ɣ o ɾ i s e
καύση	k a f s i
κεφαλονιά	c e f a l o ɲ a
κλιματική	k l i m a t i c i
κρασιού	k ɾ a s ç u
κτελ	k t e l
κυρ	c i ɾ
κόλλησε	k o l i s e
κόμβο	k o ɱ v o
κόμικσ	k o m i k s
κόψεισ	k o p s i s
μέτωπα	m e t o p a
μαγνητική	m a ɣ n i t i c i
μαθήτρια	m a θ i t ɾ i a
μαλακά	m a l a k a
μαλιστα	m a l i s t a
μεγαλύτερου	m e ɣ a l i t e ɾ u
μεταναστευτικό	m e t a n a s t e f t i k o
ναυπλίου	n a f p l i u
νοκ	n o k
νομοθετική	n o m o θ e t i c i
νοσοκομειο	n o s o k o m i o
οποιουδήποτε	o p i u ð i p o t e
οργανώνει	o ɾ ɣ a n o n i
πέοσ	p e o s
πανικό	p a n i k o
παραγωγοί	p a ɾ a ɣ o ʝ i
παρακολουθήσει	p a ɾ a k o l u θ i s i
παρισιού	p a ɾ i s ç u
περάστε	p e ɾ a s t e
περιεκτικότητα	p e ɾ i e k t i k o t i t a
πιστούσ	p i s t u s
πληκτρολόγιο	p l i k t ɾ o l o ʝ i o
ποικιλίεσ	p i c i l i e s
ποστ	p o s t
προετοιμασίασ	p ɾ o e t i m a s i a s
προσδιορισμό	p ɾ o z ð i o ɾ i z m o
πόντο	p o n d o
ρίξουμε	ɾ i k s u m e
σαφή	s a f i
σηκωθεί	s i k o θ i
σηκώθηκε	s i k o θ i c e
σημαντικούσ	s i m a n d i k u s
σημείου	s i m i u
σοφόσ	s o f o s
σταματάσ	s t a m a t a s
στρατηγού	s t ɾ a t i ɣ u
στό	s t o
στόχου	s t o x u
συνεχόμενεσ	s i n e x o m e n e s
συνθέσεισ	s i n θ e s i s
συνθήκησ	s i n θ i c i s
σωματικά	s o m a t i k a
σωτηρίασ	s o t i ɾ i a s
σύγχρονοσ	s i ŋ x ɾ o n o s
τέσσερεισ	t e s e ɾ i s
τέτοιων	t e t i o n
τελ	t e l
τζεφ	d͡z e f
τηγάνι	t i ɣ a n i
τηλεφώνου	t i l e f o n u
τονίζει	t o n i z i
τρελοί	t ɾ e l i
τρομοκρατική	t ɾ o m o k ɾ a t i c i
τυφλόσ	t i f l o s
τόνισε	t o n i s e
υποδοχήσ	i p o ð o ç i s
υπολογισμό	i p o l o ʝ i z m o
υπουργέ	i p u ɾ ʝ e
υπουργεία	i p u ɾ ʝ i a
φρέσκα	f ɾ e s k a
ψάξε	p s a k s e
άναψε	a n a p s e
έμφραγμα	e ɱ f ɾ a ɣ m a
αγίουσ	a ʝ i u s
αλλεσ	a l e s
αναδείχθηκε	a n a ð i x θ i c e
αναμέτρησησ	a n a m e t ɾ i s i s
αναψυχήσ	a n a p s i ç i s
αντεπίθεση	a n d e p i θ e s i
αντιλήψεισ	a n d i l i p s i s
απογραφή	a p o ɣ ɾ a f i
αποδόσεισ	a p o ð o s i s
αποκάλεσε	a p o k a l e s e
αποτελούσαν	a p o t e l u s a n
αρκαδίασ	a ɾ k a ð i a s
αστικέσ	a s t i c e s
βιτρίνα	v i t ɾ i n a
βλέπαμε	v l e p a m e
βραζιλίασ	v ɾ a z i l i a s
γεννημένοσ	ʝ e n i m e n o s
γερμανό	ʝ e ɾ m a n o
γρίπη	ɣ ɾ i p i
γραπτά	ɣ ɾ a p t a
δίκαια	ð i c e a
δεύτερα	ð e f t e ɾ a
διαφωνίεσ	ð i̯ a f o n i e s
διευθύνων	ð i e f θ i n o n
δρόμων	ð ɾ o m o n
δύσκολοσ	ð i s k o l o s
εγχώρια	e ŋ x o ɾ ʝ a
ειχαν	i x a n
εκρήξεισ	e k ɾ i k s i s
εμπλέκονται	e m b l e k o n d e
εντάσσεται	e n d a s e t e
επιδράσεισ	e p i ð ɾ a s i s
επιθέσεων	e p i θ e s e o n
εργοστασίου	e ɾ ɣ o s t a s i u
εφάπαξ	e f a p a k s
ζείτε	z i t e
θαλάσσιο	θ a l a s i o
θυμόσ	θ i m o s
ιιι	i i
ιν	i n
κάθριν	k a θ ɾ i n
καθήκοντά	k a θ i k o n d a
καιροί	c e ɾ i
καταγγέλλει	k a t a ŋ ɟ e l i
καταλαμβάνει	k a t a l a ɱ v a n i
καταργηθεί	k a t a ɾ ʝ i θ i
κατερίνησ	k a t e ɾ i n i s
κεντρικέσ	c e n d ɾ i c e s
κινηθεί	c i n i θ i
κλαδιά	k l a ð ʝ a
κλασσική	k l a s i c i
κοιτάμε	c i t a m e
κούραση	k u ɾ a s i
κυβερνητικόσ	c i v e ɾ n i t i k o s
κόψιμο	k o p s i m o
λάβετε	l a v e t e
λείψανα	l i p s a n a
μαγειρικήσ	m a ʝ i ɾ i c i s
μαμάδεσ	m a m a ð e s
μεγαλύτεροι	m e ɣ a l i t e ɾ i
μετατράπηκε	m e t a t ɾ a p i c e
μηχανών	m i x a n o n
μνημείων	m n i m i o n
μοιραία	m i ɾ e a
μωβ	m o v
νικόλα	n i k o l a
νοιάζεται	ɲ a z e t e
ντομάτεσ	d o m a t e s
ξερει	k s e ɾ i
ολοκληρωμένο	o l o k l i ɾ o m e n o
οργάνωσε	o ɾ ɣ a n o s e
ορισμού	o ɾ i z m u
ουίσκι	u i s c i
οφείλονται	o f i l o n d e
πανικού	p a n i k u
παράπονο	p a ɾ a p o n o
παραμικρό	p a ɾ a m i k ɾ o
πατάσ	p a t a s
περπατάει	p e ɾ p a t a i
πετάξεισ	p e t a k s i s
πισινό	p i s i n o
πιστέψει	p i s t e p s i
πλάγια	p l a ʝ a
πλησιάζουν	p l i s i a z u n
προγραμματιστεί	p ɾ o ɣ ɾ a m a t i s t i
προκλήθηκε	p ɾ o k l i θ i c e
προσπαθήστε	p ɾ o s p a θ i s t e
προφήτησ	p ɾ o f i t i s
προχωράει	p ɾ o x o ɾ a i
πυροσβέστεσ	p i ɾ o z v e s t e s
πωλούνται	p o l u n d e
πώλησησ	p o l i s i s
ρθεισ	ɾ θ i s
ρωτάτε	ɾ o t a t e
σκούρα	s k u ɾ a
σταθερέσ	s t a θ e ɾ e s
στοιχείου	s t i ç i u
στόλοσ	s t o l o s
συγνωμη	s i ɣ n o m i
συναντάμε	s i n a n d a m e
συναντηθεί	s i n a n d i θ i
συντακτών	s i n d a k t o n
τέλειωσε	t e ʎ o s e
τίνοσ	t i n o s
ταυτίζεται	t a f t i z e t e
τοπικούσ	t o p i k u s
τούρκο	t u ɾ k o
τρομακτικό	t ɾ o m a k t i k o
τροπο	t ɾ o p o
υποθέτω	i p o θ e t o
υποκείμενο	i p o c i m e n o
υπολογισμούσ	i p o l o ʝ i z m u s
υποχρεωτικά	i p o x ɾ e o t i k a
φτωχόσ	f t o x o s
χαιρόμαστε	ç e ɾ o m a s t e
χαλκίδασ	x a l c i ð a s
χουμε	x u m e
χρησιμοποιήθηκαν	x ɾ i s i m o p i i θ i k a n
άρρωστοσ	a ɾ o s t o s
έκτη	e k t i
έμαθεσ	e m a θ e s
έπαιξαν	e p e k s a n
αβγά	a v ɣ a
αγώνισμα	a ɣ o n i z m a
αμερικάνικη	a m e ɾ i k a n i c i
ανεβάσει	a n e v a s i
ανησυχείσ	a n i s i ç i s
απέχουν	a p e x u n
απειλούν	a p i l u n
απορρίπτει	a p o ɾ i p t i
απόγνωση	a p o ɣ n o s i
αργή	a ɾ ʝ i
ασφαλιστικά	a s f a l i s t i k a
αυτοκτονήσει	a f t o k t o n i s i
βέλοσ	v e l o s
βαθμολογίασ	v a θ m o l o ʝ i a s
βαλίτσεσ	v a l i t͡s e s
βασισμένο	v a s i z m e n o
βράβευση	v ɾ a v e f s i
γενεθλίων	ʝ e n e θ l i o n
γινόμαστε	ʝ i n o m a s t e
γυναικείεσ	ʝ i n e c i e s
δανειστών	ð a n i s t o n
δημήτριο	ð i m i t ɾ i o
δημητριακά	ð i m i t ɾ i a k a
δημοσίωσ	ð i m o s i o s
διήμερο	ð i i m e ɾ o
διατήρησησ	ð i̯ a t i ɾ i s i s
δικαιώματά	ð i c e o m a t a
δολάριο	ð o l a ɾ i o
δολοφόνουσ	ð o l o f o n u s
εκδώσει	e k ð o s i
εκπαιδευτικοί	e k p e ð e f t i c i
εκπαιδευτικούσ	e k p e ð e f t i k u s
ελπίδασ	e l p i ð a s
ελπίζοντασ	e l p i z o n d a s
εξάπλωση	e k s a p l o s i
επαναστατικό	e p a n a s t a t i k o
επιβεβαιώνεται	e p i v e v e o n e t e
επιγραφή	e p i ɣ r a f i
επιτυχώσ	e p i t i x o s
ευχαριστημένοσ	e f x a ɾ i s t i m e n o s
εφέ	e f e
ζήσετε	z i s e t e
θεραπείεσ	θ e ɾ a p i e s
ιδανικά	i ð a n i k a
ισπανική	i s p a n i c i
καλεσμένουσ	k a l e z m e n u s
καλοκαιρινέσ	k a l o c e ɾ i n e s
καρπό	k a ɾ p o
κατάλαβαν	k a t a l a v a n
καφενείο	k a f e n i o
κινητήσ	c i n i t i s
κλιπ	k l i p
κουβέρτα	k u v e ɾ t a
κρατήσω	k ɾ a t i s o
κόμη	k o m i
κόπηκε	k o p i c e
λεπτα	l e p t a
λεωφορείου	l e o f o ɾ i u
ληφθεί	l i f θ i
λοιπά	l i p a
λουκάσ	l u k a s
μάνη	m a n i
μακρινό	m a k ɾ i n o
μείωσησ	m i o s i s
μεγαλα	m e ɣ a l a
μελετήσει	m e l e t i s i
μηχανικού	m i x a n i k u
μουσικούσ	m u s i k u s
μπολ	b o l
μπριζόλα	b ɾ i z o l a
νομικού	n o m i k u
νυχτερινό	n i x t e ɾ i n o
οδική	o ð i c i
οδυσσέα	o ð i s e a
οικισμόσ	i c i z m o s
ολύμπου	o l i m b u
οπτικό	o p t i k o
ορθοδοξίασ	o ɾ θ o ð o k s i a s
ουδείσ	u ð i s
πάρου	p a ɾ u
πέλαγοσ	p e l a ɣ o s
παλιούσ	p a ʎ u s
πανεπιστημίων	p a n e p i s t i m i o n
παντρευτείσ	p a n d ɾ e f t i s
παντόσ	p a n d o s
παρακολούθησε	p a ɾ a k o l u θ i s e
παραπέμπει	p a ɾ a p e m b i
παρατηρήσει	p a ɾ a t i ɾ i s i
πεποιθήσεισ	p e p i θ i s i s
πλήκτρα	p l i k t ɾ a
πολιτιστικέσ	p o l i t i s t i c e s
πουλιών	p u ʎ o n
προάλλεσ	p ɾ o a l e s
προσφέροντασ	p ɾ o s f e ɾ o n d a s
προσφορα	p ɾ o s f o ɾ a
προχώρησαν	p ɾ o x o ɾ i s a n
πυρετόσ	p i ɾ e t o s
πύλησ	p i l i s
σπάρτησ	s p a ɾ t i s
στέφαν	s t e f a n
συμβολίζει	s i ɱ v o l i z i
συμβούλια	s i ɱ v u ʎ a
συνεχίστηκε	s i n e ç i s t i c e
συνεχούσ	s i n e x u s
συνοδεύει	s i n o ð e v i
συνωμοσία	s i n o m o s i a
σχεδιο	s ç e ð i o
σωματίδια	s o m a t i ð ʝ a
σώζει	s o z i
τίθεται	t i θ e t e
τετραγωνικά	t e t ɾ a ɣ o n i k a
υπερβολικό	i p e ɾ v o l i k o
φαινομένου	f e n o m e n u
φασίστεσ	f a s i s t e s
φτάνουμε	f t a n u m e
φτωχή	f t o ç i
φύλακασ	f i l a k a s
χαμό	x a m o
χαράλαμποσ	x a ɾ a l a m b o s
χαρέσ	x a ɾ e s
χαρα	x a ɾ a
χουάν	x u a n
ωδείο	o ð i o
όλιβερ	o l i v e ɾ
όχθη	o x θ i
άγνωστεσ	a ɣ n o s t e s
έμποροι	e m b o ɾ i
έντι	e n d i
αγαπούσε	a ɣ a p u s e
αισθάνεστε	e s θ a n e s t e
αισθητήρεσ	e s θ i t i ɾ e s
ακαδημαϊκό	a k a ð i m a i k o
ακούγοντασ	a k u ɣ o n d a s
ακύρωση	a c i ɾ o s i
αλήτη	a l i t i
αμερικανό	a m e ɾ i k a n o
αναλόγωσ	a n a l o ɣ o s
αναπτύσσει	a n a p t i s i
αντιδράσεων	a n d i ð ɾ a s e o n
αντιπροσωπεύουν	a n d i p ɾ o s o p e v u n
αντιπροσώπων	a n d i p ɾ o s o p o n
αντρεσ	a n d ɾ e s
αξίωμα	a k s i o m a
αποδίδεται	a p o ð i ð e t e
αποκαλύφθηκε	a p o k a l i f θ i c e
αποκτήσεισ	a p o k t i s i s
αποκτήσετε	a p o k t i s e t e
αποτύχει	a p o t i ç i
αποφύγεισ	a p o f i ʝ i s
απόλυση	a p o l i s i
αργήσει	a ɾ ʝ i s i
ασκούν	a s k u n
αυτην	a f t i n
βασικούσ	v a s i k u s
βιβλιοθήκεσ	v i v l i o θ i c e s
βυθό	v i θ o
γεννήθηκεσ	ʝ e n i θ i c e s
γεύσεισ	ʝ e f s i s
γουίλιαμσ	ɣ u i ʎ a m s
δείσ	ð i s
δησυ	ð i s i
διαβούλευση	ð i̯ a v u l e f s i
διαφορετικόσ	ð i̯ a f o ɾ e t i k o s
διευθύνσεισ	ð i e f θ i n s i s
δωρο	ð o ɾ o
εβραίων	e v ɾ e o n
εγκατασταθεί	e ŋ ɡ a t a s t a θ i
ελλ	e l
ελλείψεισ	e l i p s i s
ενδιαφέρονται	e n ð i̯ a f e ɾ o n d e
ενημερώσουμε	e n i m e ɾ o s u m e
εννοούσα	e n o u s a
επιδημία	e p i ð i m i a
επιθετικό	e p i θ e t i k o
επισκεφτεί	e p i s c e f t i
επιστρέψουμε	e p i s t ɾ e p s u m e
επιτυχημένο	e p i t i ç i m e n o
εσενα	e s e n a
ευρωβουλευτήσ	e v ɾ o v u l e f t i s
εφκα	e f k a
εφυγε	e f i ʝ e
ηθελε	i θ e l e
ισλαμικού	i s l a m i k u
καταλάβαμε	k a t a l a v a m e
καταναλωτέσ	k a t a n a l o t e s
κεφαλήσ	c e f a l i s
κινήματα	c i n i m a t a
κλάματα	k l a m a t a
κοπέλασ	k o p e l a s
κοπεί	k o p i
κορυδαλλού	k o ɾ i ð a l u
κράτησησ	k ɾ a t i s i s
κρίνεισ	k ɾ i n i s
κρασιά	k ɾ a s ç a
κυψέλη	c i p s e l i
λάρνακασ	l a ɾ n a k a s
λένιν	l e n i n
λαοσ	l a o s
λεγόμενη	l e ɣ o m e n i
λόρδοσ	l o ɾ ð o s
μάθηση	m a θ i s i
μάρκετινγκ	m a ɾ c e t i ŋ ɡ
μαγείασ	m a ʝ i a s
μαγειρική	m a ʝ i ɾ i c i
μεθόδου	m e θ o ð u
μεσαίο	m e s e o
μεσαίωνα	m e s e o n a
μουσικού	m u s i k u
μουσουλμάνουσ	m u s u l m a n u s
μουστάκι	m u s t a c i
ξεκίνα	k s e c i n a
οικογενειακά	i k o ʝ e n i a k a
ολυμπιονίκησ	o l i m b i o n i c i s
ομώνυμο	o m o n i m o
ορίστηκε	o ɾ i s t i c e
οργάνου	o ɾ ɣ a n u
ορεινά	o ɾ i n a
πάθεισ	p a θ i s
πάμπλο	p a m b l o
πάχοσ	p a x o s
πέσ	p e s
παίξε	p e k s e
πανικόσ	p a n i k o s
παράταξησ	p a ɾ a t a k s i s
περιορισμένο	p e ɾ i o ɾ i z m e n o
πηγαινε	p i ʝ e n e
πιάσεισ	p ç a s i s
πορτ	p o ɾ t
προστατεύουν	p ɾ o s t a t e v u n
πυρήνασ	p i ɾ i n a s
πυρηνικό	p i ɾ i n i k o
πόκερ	p o c e ɾ
ραλφ	ɾ a l f
σκοπεύει	s k o p e v i
σκοτεινά	s k o t i n a
σκοτώσουν	s k o t o s u n
σπουδάσει	s p u ð a s i
στάθησ	s t a θ i s
συμβάλλει	s i ɱ v a l i
συμπεριλαμβάνεται	s i m b e ɾ i l a ɱ v a n e t e
συνοικία	s i n i c i a
συντονισμού	s i n d o n i z m u
σχολικήσ	s x o l i c i s
σόδα	s o ð a
σύλληψησ	s i l i p s i s
σύρο	s i ɾ o
τελικήσ	t e l i c i s
τερματισμό	t e ɾ m a t i z m o
τετάρτησ	t e t a ɾ t i s
τρένα	t ɾ e n a
τραγωδίασ	t ɾ a ɣ o ð i a s
τσανγκ	t͡s a ŋ ɡ
τυριά	t i ɾ ʝ a
υπέγραψαν	i p e ɣ r a p s a n
φετινό	f e t i n o
φιλοδοξίεσ	f i l o ð o k s i e s
φορντ	f o ɾ d
φορτίου	f o ɾ t i u
φρίκη	f ɾ i c i
φροντίστε	f ɾ o n d i s t e
φυσικούσ	f i s i k u s
φωνάζεισ	f o n a z i s
φωτογραφική	f o t o ɣ r a f i c i
χουν	x u n
χρειαζεται	x ɾ i a z e t e
χρειαστούν	x ɾ i a s t u n
όμηρο	o m i ɾ o
όροφοσ	o ɾ o f o s
άνεμοι	a n e m i
άξιοσ	a k s i o s
άσπρα	a s p ɾ a
έβλεπαν	e v l e p a n
έπαθα	e p a θ a
ήπειροσ	i p i ɾ o s
αγροτικά	a ɣ ɾ o t i k a
αθλήματα	a θ l i m a t a
ακολουθείσ	a k o l u θ i s
ακου	a k u
αλλάζεισ	a l a z i s
αλλοι	a l i
ανέκδοτο	a n e k ð o t o
αναμετρήσεισ	a n a m e t ɾ i s i s
αναστασίου	a n a s t a s i u
αντέχουν	a n d e x u n
ανταγωνισμού	a n d a ɣ o n i z m u
αντιπάλων	a n d i p a l o n
αντρέα	a n d ɾ e a
αξιωματικό	a k s i o m a t i k o
απείλησε	a p i l i s e
ασχολήθηκε	a s x o l i θ i c e
ασχοληθώ	a s x o l i θ o
αυξημένο	a f k s i m e n o
αφετηρία	a f e t i ɾ i a
βιομηχανικήσ	v i o m i x a n i c i s
βλάκεσ	v l a c e s
γέροντα	ʝ e ɾ o n d a
γλιτώσει	ɣ l i t o s i
γλυκόσ	ɣ l i k o s
γνωρίσουμε	ɣ n o ɾ i s u m e
γνωστήσ	ɣ n o s t i s
γνωστών	ɣ n o s t o n
δελτιο	ð e l t i o
διαρκέσει	ð i̯ a ɾ c e s i
διεργασίεσ	ð i e ɾ ɣ a s i e s
διευθυντέσ	ð i e f θ i n d e s
δικού	ð i k u
δραχμέσ	ð ɾ a x m e s
εβδομάδων	e v ð o m a ð o n
εγκλημάτων	e ŋ ɡ l i m a t o n
εγκληματίεσ	e ŋ ɡ l i m a t i e s
εισάγει	i s a ʝ i
εκαβ	e k a v
εκπαιδευτικόσ	e k p e ð e f t i k o s
ελπίζει	e l p i z i
ενοχή	e n o ç i
εντόπισε	e n d o p i s e
εξι	e k s i
εοκ	e o k
επηρέασε	e p i ɾ e a s e
επιθεωρητήσ	e p i θ e o ɾ i t i s
ερ	e ɾ
ερμηνεύει	e ɾ m i n e v i
ευρωζώνησ	e v ɾ o z o n i s
ευρωλίγκα	e v ɾ o l i ŋ ɡ a
ζωησ	z o i s
ζωντανοί	z o n d a n i
ζώου	z o u
ηλικίεσ	i l i c i e s
ισχυρούσ	i s ç i ɾ u s
κατάλληλοσ	k a t a l i l o s
κατάρτιση	k a t a ɾ t i s i
κατασκευάστηκε	k a t a s c e v a s t i c e
καταστρέφουν	k a t a s t ɾ e f u n
κεφαλιού	c e f a ʎ u
κινέζοσ	c i n e z o s
κινήσεων	c i n i s e o n
κοινών	c i n o n
κουλτούρασ	k u l t u ɾ a s
κυβέρνησή	c i v e ɾ n i s i
κόστισε	k o s t i s e
λίγοσ	l i ɣ o s
λογω	l o ɣ o
λόφουσ	l o f u s
μάρσαλ	m a ɾ s a l
μήλα	m i l a
μίγμα	m i ɣ m a
μίσουσ	m i s u s
μετ	m e t
μετατρέπει	m e t a t ɾ e p i
μηδενική	m i ð e n i c i
μπότεσ	b o t e s
ξερα	k s e ɾ a
οικογένειέσ	i k o ʝ e n i e s
οικονομικόσ	i k o n o m i k o s
ομαδικό	o m a ð i k o
ονειρεύομαι	o n i ɾ e v o m e
ορίζονται	o ɾ i z o n d e
οσ	o s
οσοι	o s i
οτα	o t a
πελατών	p e l a t o n
περίφημη	p e ɾ i f i m i
περιστερίου	p e ɾ i s t e ɾ i u
πηγαίναμε	p i ʝ e n a m e
πλαστικά	p l a s t i k a
πλησίασε	p l i s i a s e
πολεμικήσ	p o l e m i c i s
ποντίκια	p o n d i c a
πράματα	p ɾ a m a t a
προβολέσ	p ɾ o v o l e s
προσφέρεται	p ɾ o s f e ɾ e t e
προσωρινό	p ɾ o s o ɾ i n o
ρένα	ɾ e n a
ρήγα	ɾ i ɣ a
σκοράρει	s k o ɾ a ɾ i
σολ	s o l
σπιτιών	s p i t ç o n
στέλνεισ	s t e l n i s
συμβαινει	s i ɱ v e n i
συνθέτησ	s i n θ e t i s
συχνότητεσ	s i x n o t i t e s
σχεση	s ç e s i
τερέζα	t e ɾ e z a
τόνων	t o n o n
υγιή	i ʝ i i
υιοθετήσει	i o θ e t i s i
υπεξ	i p e k s
υποδεικνύει	i p o ð i k n i i
φιλ	f i l
φοράτε	f o ɾ a t e
φυλακών	f i l a k o n
φωτό	f o t o
φύλων	f i l o n
χαμογελάσ	x a m o ʝ e l a s
χαρίζει	x a ɾ i z i
χρυσέσ	x ɾ i s e s
χωρητικότητασ	x o ɾ i t i k o t i t a s
ψυχολογίασ	p s i x o l o ʝ i a s
ύμνοσ	i m n o s
άθροισμα	a θ ɾ i z m a
άνεμο	a n e m o
άνθρωπε	a n θ ɾ o p e
άργησε	a ɾ ʝ i s e
έκαψε	e k a p s e
έλθει	e l θ i
έντυπα	e n d i p a
έπεφτε	e p e f t e
έρθετε	e ɾ θ e t e
ήμισυ	i m i s i
αβεβαιότητα	a v e v e o t i t a
αγγεία	a ŋ ɟ i a
αγγλικό	a ŋ ɡ l i k o
αγροτικών	a ɣ ɾ o t i k o n
αδελφούσ	a ð e l f u s
ακούν	a k u n
αλήτησ	a l i t i s
αμα	a m a
ανάκαμψη	a n a k a m p s i
αναγνωρίζεται	a n a ɣ n o ɾ i z e t e
ανακαίνιση	a n a c e n i s i
ανακοινώθηκαν	a n a c i n o θ i k a n
ανταγωνισμόσ	a n d a ɣ o n i z m o s
αντιπρόεδρο	a n d i p ɾ o e ð ɾ o
αξιωματούχοσ	a k s i o m a t u x o s
απαγορεύει	a p a ɣ o ɾ e v i
αρκούν	a ɾ k u n
αρχηγούσ	a ɾ ç i ɣ u s
αρχιεπισκόπου	a ɾ ç i e p i s k o p u
ασθενειών	a s θ e n i o n
ασκείται	a s c i t e
βίβλο	v i v l o
βίκτωρ	v i k t o ɾ
βενιζέλο	v e n i z e l o
βραδυ	v ɾ a ð i
βυζαντινήσ	v i z a n d i n i s
βόλοσ	v o l o s
βύρωνα	v i ɾ o n a
γαμπρό	ɣ a m b ɾ o
γκαρσία	ɡ a ɾ s i a
δημιουργίεσ	ð i m i u ɾ ʝ i e s
δημοτικόσ	ð i m o t i k o s
δημοφιλείσ	ð i m o f i l i s
διαβίωσησ	ð i̯ a v i o s i s
διαφορα	ð i̯ a f o ɾ a
διεξάγονται	ð i e k s a ɣ o n d e
δικαστή	ð i k a s t i
εκδίδει	e k ð i ð i
εκδοθεί	e k ð o θ i
εκκαθάριση	e k a θ a ɾ i s i
ελληνισμόσ	e l i n i z m o s
ενισχύει	e n i s ç i i
εντάσεισ	e n d a s i s
εξετάσει	e k s e t a s i
επίπεδη	e p i p e ð i
επεμβάσεισ	e p e ɱ v a s i s
επισκεφθεί	e p i s c e f θ i
επιτίθενται	e p i t i θ e n d e
επιτεθούν	e p i t e θ u n
ζωντανέσ	z o n d a n e s
ηθικά	i θ i k a
θαυμασμό	θ a v m a z m o
κήπουσ	c i p u s
καταδίωξη	k a t a ð i o k s i
καταστεί	k a t a s t i
κατηγορούμενοσ	k a t i ɣ o ɾ u m e n o s
κατηγορούν	k a t i ɣ o ɾ u n
κεράσω	c e ɾ a s o
κοιμηθούμε	c i m i θ u m e
κομοτηνήσ	k o m o t i n i s
κρατούμενοι	k ɾ a t u m e n i
κρυφή	k ɾ i f i
κόστα	k o s t a
κόψουν	k o p s u n
λατινικά	l a t i n i k a
λατρείασ	l a t ɾ i a s
λατρεύει	l a t ɾ e v i
ληστέσ	l i s t e s
λογαριασμοί	l o ɣ a ɾ ʝ a z m i
μεθυσμένοσ	m e θ i z m e n o s
μεμονωμένα	m e m o n o m e n a
μετατρέψει	m e t a t ɾ e p s i
μεταφέρθηκαν	m e t a f e ɾ θ i k a n
μικρότεροσ	m i k ɾ o t e ɾ o s
μονάχου	m o n a x u
μονοσ	m o n o s
μουν	m u n
μπ	b
μπουσ	b u s
μποφόρ	b o f o ɾ
μύθουσ	m i θ u s
νομίσματοσ	n o m i z m a t o s
ξεχάσουμε	k s e x a s u m e
οικονομικούσ	i k o n o m i k u s
ομιλητέσ	o m i l i t e s
πάνο	p a n o
παίδεσ	p e ð e s
παλαιών	p a l e o n
πανεπιστημιακό	p a n e p i s t i m i a k o
παρουσιάστηκαν	p a ɾ u s i a s t i k a n
παρουσιαστήσ	p a ɾ u s i a s t i s
πατριαρχείο	p a t ɾ i a ɾ ç i o
πειθαρχία	p i θ a ɾ ç i a
περιβάλλοντα	p e ɾ i v a l o n d a
περιπτωση	p e ɾ i p t o s i
πράξησ	p ɾ a k s i s
προεκλογική	p ɾ o e k l o ʝ i c i
προσέλαβε	p ɾ o s e l a v e
προσέξει	p ɾ o s e k s i
προτείνουν	p ɾ o t i n u n
πυκνότητα	p i k n o t i t a
πυροβολισμούσ	p i ɾ o v o l i z m u s
ρεπόρτερ	ɾ e p o ɾ t e ɾ
σάμο	s a m o
ση	s i
σημερινού	s i m e ɾ i n u
σκάνδαλα	s k a n ð a l a
σκαφών	s k a f o n
σκούπα	s k u p a
σταύρο	s t a v ɾ o
στεριά	s t e ɾ ʝ a
στοπ	s t o p
συμβούν	s i ɱ v u n
συναλλαγών	s i n a l a ɣ o n
συντάκτησ	s i n d a k t i s
συσκευών	s i s c e v o n
σώσουμε	s o s u m e
ταμείου	t a m i u
ταυτότητά	t a f t o t i t a
τελικα	t e l i k a
τζόζεφ	d͡z o z e f
τοίχοι	t i ç i
τούτη	t u t i
τρέχοντασ	t ɾ e x o n d a s
τραγουδά	t ɾ a ɣ u ð a
υπηρέτησε	i p i ɾ e t i s e
υποδηλώνει	i p o ð i l o n i
φέτεσ	f e t e s
φορέσω	f o ɾ e s o
φύλακεσ	f i l a c e s
χρήσιμεσ	x ɾ i s i m e s
χτίσει	x t i s i
ψυχολόγοσ	p s i x o l o ɣ o s
όμηροσ	o m i ɾ o s
άκουσαν	a k u s a n
άρθρων	a ɾ θ ɾ o n
έδρεσ	e ð ɾ e s
έκτακτο	e k t a k t o
έτρεχε	e t ɾ e ç e
αγάπησε	a ɣ a p i s e
αθλήτριεσ	a θ l i t ɾ i e s
αλεπού	a l e p u
ανάβει	a n a v i
αναχώρηση	a n a x o ɾ i s i
ανθρωπιστική	a n θ ɾ o p i s t i c i
ανταποκρίνεται	a n d a p o k ɾ i n e t e
αντιγόνη	a n d i ɣ o n i
ανώτεροσ	a n o t e ɾ o s
απαγωγή	a p a ɣ o ʝ i
απεργίεσ	a p e ɾ ʝ i e s
αρνήθηκαν	a ɾ n i θ i k a n
αρχιεπίσκοπο	a ɾ ç i e p i s k o p o
αυξανόμενη	a f k s a n o m e n i
αυτου	a f t u
αφήσαμε	a f i s a m e
αφαιρεθεί	a f e ɾ e θ i
βέβαιοσ	v e v e o s
βέλη	v e l i
βιταμίνεσ	v i t a m i n e s
βραχιόλι	v ɾ a ç o l i
γαμήσω	ɣ a m i s o
γυρίσουν	ʝ i ɾ i s u n
γυρνάσ	ʝ i ɾ n a s
διατίθεται	ð i̯ a t i θ e t e
δικηγόρου	ð i c i ɣ o ɾ u
διονυσίου	ð i o n i s i u
διπλωματική	ð i p l o m a t i c i
δοκιμών	ð o c i m o n
δολοφόνησε	ð o l o f o n i s e
δουμε	ð u m e
δούκισσα	ð u c i s a
δωδεκανήσου	ð o ð e k a n i s u
ειδησεισ	i ð i s i s
εισέρχεται	i s e ɾ ç e t e
εορτασμόσ	e o ɾ t a z m o s
επιθυμούν	e p i θ i m u n
επιρροέσ	e p i ɾ o e s
επισκέπτονται	e p i s c e p t o n d e
επιτρέπονται	e p i t ɾ e p o n d e
εφαρμόζει	e f a ɾ m o z i
εφηβεία	e f i v i a
εφικτή	e f i k t i
ηλεία	i l i a
θησαυρό	θ i s a v ɾ o
ιδίου	i ð i u
ιερόσ	i e ɾ o s
ιθαγενείσ	i θ a ʝ e n i s
ικανότητέσ	i k a n o t i t e s
κέντρων	c e n d ɾ o n
καθιστώντασ	k a θ i s t o n d a s
καλοκαιρινό	k a l o c e ɾ i n o
καμμένου	k a m e n u
κατακτήσεισ	k a t a k t i s i s
καταστάσεων	k a t a s t a s e o n
κεφ	c e f
κλινικέσ	k l i n i c e s
κοινωνικόσ	c i n o n i k o s
κοιτάνε	c i t a n e
κοιτάξεισ	c i t a k s i s
κωστή	k o s t i
κόμησ	k o m i s
λίμνεσ	l i m n e s
λαβή	l a v i
λεωφορείων	l e o f o ɾ i o n
λιμανιού	l i m a ɲ u
λοίμωξη	l i m o k s i
μάγκα	m a ŋ ɡ a
μάγοσ	m a ɣ o s
μάθατε	m a θ a t e
μαζεύει	m a z e v i
μακεδόνεσ	m a c e ð o n e s
μετάλλων	m e t a l o n
μεταξά	m e t a k s a
μηχανικήσ	m i x a n i c i s
μπε	b e
μπόνουσ	b o n u s
μπόρεσα	b o ɾ e s a
νεαρά	n e a ɾ a
νικόλασ	n i k o l a s
νομοθετικού	n o m o θ e t i k u
οθόνεσ	o θ o n e s
οικονομολόγοσ	i k o n o m o l o ɣ o s
ομορφιέσ	o m o ɾ f ç e s
ονομαστική	o n o m a s t i c i
ουδέποτε	u ð e p o t e
ουκρανίασ	u k ɾ a n i a s
ούρα	u ɾ a
πάση	p a s i
παλαιού	p a l e u
πανέμορφα	p a n e m o ɾ f a
πανε	p a n e
παραιτείται	p a ɾ e t i t e
παρτίδα	p a ɾ t i ð a
περιείχε	p e ɾ i i ç e
περιττό	p e ɾ i t o
πετάμε	p e t a m e
πιλότο	p i l o t o
πλεον	p l e o n
ποινήσ	p i n i s
πολιτιστικά	p o l i t i s t i k a
πολιτιστικών	p o l i t i s t i k o n
πρίζα	p ɾ i z a
προλάβω	p ɾ o l a v o
προοπτικέσ	p ɾ o o p t i c e s
προσπαθήσω	p ɾ o s p a θ i s o
προσωπικών	p ɾ o s o p i k o n
προφήτη	p ɾ o f i t i
προωθήσει	p ɾ o o θ i s i
προώθησησ	p ɾ o o θ i s i s
πυρηνικά	p i ɾ i n i k a
ρήγασ	ɾ i ɣ a s
σερβίασ	s e ɾ v i a s
σηκωθώ	s i k o θ o
σημαινει	s i m e n i
σημαντικοί	s i m a n d i c i
σκόνησ	s k o n i s
σταμάτη	s t a m a t i
στηρίξει	s t i ɾ i k s i
συγκεκριμένων	s i ŋ ɟ e k ɾ i m e n o n
συλλυπητήρια	s i l i p i t i ɾ i a
συμφέρει	s i ɱ f e ɾ i
συναλλαγή	s i n a l a ʝ i
σύμμαχοσ	s i m a x o s
τέτοιοι	t e t i i
τίσ	t i s
ταυτόχρονη	t a f t o x ɾ o n i
τείνουν	t i n u n
τερματοφύλακα	t e ɾ m a t o f i l a k a
τούνελ	t u n e l
τραβάσ	t ɾ a v a s
υποθέσω	i p o θ e s o
υποστηρίζοντασ	i p o s t i ɾ i z o n d a s
υποσχεθεί	i p o s ç e θ i
υποταγή	i p o t a ʝ i
φανερώνει	f a n e ɾ o n i
φράγκα	f ɾ a ŋ ɡ a
φρούτο	f ɾ u t o
φύλλων	f i l o n
χάρολντ	x a ɾ o l d
χείλοσ	ç i l o s
χρυσόστομοσ	x ɾ i s o s t o m o s
ψήφιση	p s i f i s i
ύπαιθρο	i p e θ ɾ o
άγγιξε	a ŋ ɟ i k s e
άγιαξ	a ʝ a k s
άντι	a n d i
άρεσαν	a ɾ e s a n
άσκησε	a s c i s e
έκρινε	e k ɾ i n e
έλειψε	e l i p s e
ένοχοσ	e n o x o s
έπαθεσ	e p a θ e s
έτρεξε	e t ɾ e k s e
αγάλματα	a ɣ a l m a t a
αγνή	a ɣ n i
αθλητικού	a θ l i t i k u
αλίκη	a l i c i
αμεα	a m e a
αμερικανού	a m e ɾ i k a n u
ανάθεση	a n a θ e s i
ανέκαθεν	a n e k a θ e n
ανέμουσ	a n e m u s
ανακαλύπτει	a n a k a l i p t i
αντέδρασε	a n d e ð ɾ a s e
αξίζεισ	a k s i z i s
απεγνωσμένα	a p e ɣ n o z m e n a
αποσυρθεί	a p o s i ɾ θ i
απόστολο	a p o s t o l o
απόφοιτοσ	a p o f i t o s
αρένα	a ɾ e n a
αραβικά	a ɾ a v i k a
αριστερών	a ɾ i s t e ɾ o n
ασύρματο	a s i ɾ m a t o
αυξάνουν	a f k s a n u n
βαφή	v a f i
γεμίζουν	ʝ e m i z u n
γκάμπριελ	ɡ a m b ɾ i e l
γνωριμίεσ	ɣ n o ɾ i m i e s
γονίδια	ɣ o n i ð ʝ a
γύρουσ	ʝ i ɾ u s
δείχνοντασ	ð i x n o n d a s
δηλώσεων	ð i l o s e o n
διέλυσε	ð i e l i s e
διαλυθεί	ð i̯ a l i θ i
διετία	ð i e t i a
διπλήσ	ð i p l i s
δραπέτευσε	ð ɾ a p e t e f s e
ειρηνικό	i ɾ i n i k o
εκμετάλλευσησ	e k m e t a l e f s i s
εκπα	e k p a
ελληνικα	e l i n i k a
ενωμένοι	e n o m e n i
ενώσεων	e n o s e o n
εξάρτηση	e k s a ɾ t i s i
επέτρεπε	e p e t ɾ e p e
επιβεβαιώθηκε	e p i v e v e o θ i c e
επιθυμείτε	e p i θ i m i t e
επικίνδυνοι	e p i c i n ð i n i
επιλέξεισ	e p i l e k s i s
επισκεφθείτε	e p i s c e f θ i t e
επιτήρηση	e p i t i ɾ i s i
ευθυνών	e f θ i n o n
ευρωεκλογέσ	e v ɾ o e k l o ʝ e s
εύκολοσ	e f k o l o s
ζητήσεισ	z i t i s i s
ηλικιωμένουσ	i l i c i o m e n u s
ιδεα	i ð e a
ιδρώτα	i ð ɾ o t a
ιεκ	i e k
ικανοποιημένοσ	i k a n o p i i m e n o s
ιονίου	i o n i u
ιππότεσ	i p o t e s
ιστοσελίδασ	i s t o s e l i ð a s
καρέ	k a ɾ e
κλείνουμε	k l i n u m e
κράτησαν	k ɾ a t i s a n
κρίστοφερ	k ɾ i s t o f e ɾ
κρατουμένων	k ɾ a t u m e n o n
κριτέσ	k ɾ i t e s
κόβουν	k o v u n
λίνα	l i n a
λαμβάνονται	l a ɱ v a n o n d e
λειτουργική	l i t u ɾ ʝ i c i
λη	l i
λύσησ	l i s i s
μάζεσ	m a z e s
μαστού	m a s t u
μετρά	m e t ɾ a
μον	m o n
μουσικοί	m u s i c i
μπάνιου	b a ɲ u
μόνιμεσ	m o n i m e s
ναούσ	n a u s
νε	n e
νοιάζονται	ɲ a z o n d e
ξεπερνάει	k s e p e ɾ n a i
ομόφωνα	o m o f o n a
οργανώσει	o ɾ ɣ a n o s i
οσα	o s a
οσφπ	o s f p
παπα	p a p a
παρακολουθούσε	p a ɾ a k o l u θ u s e
περιοχη	p e ɾ i o ç i
περιποίησησ	p e ɾ i p i i s i s
περπατάσ	p e ɾ p a t a s
πιστών	p i s t o n
ποιανού	p i a n u
πολυτελέσ	p o l i t e l e s
πολυτελείασ	p o l i t e l i a s
προσέχουμε	p ɾ o s e x u m e
πρωτα	p ɾ o t a
ρωμαίοι	ɾ o m e i
ρύθμισησ	ɾ i θ m i s i s
ρώσων	ɾ o s o n
σάκησ	s a c i s
σημ	s i m
σκουπίδι	s k u p i ð i
στόματοσ	s t o m a t o s
στόχαστρο	s t o x a s t ɾ o
συμμαθητέσ	s i m a θ i t e s
συνεχίσεισ	s i n e ç i s i s
σφοδρή	s f o ð ɾ i
σύνθεσησ	s i n θ e s i s
ταυτότητεσ	t a f t o t i t e s
τετ	t e t
υγρών	i ɣ ɾ o n
υπεύθυνα	i p e f θ i n a
υποστηρίζεται	i p o s t i ɾ i z e t e
φαινομενικά	f e n o m e n i k a
φετινή	f e t i n i
φον	f o n
φωτεινό	f o t i n o
χάμιλτον	x a m i l t o n
χαρακτηρίζουν	x a ɾ a k t i ɾ i z u n
χημείασ	ç i m i a s
χορηγόσ	x o ɾ i ɣ o s
χρήσιμα	x ɾ i s i m a
χρηματοδότησησ	x ɾ i m a t o ð o t i s i s
ψηφίζουν	p s i f i z u n
ύποπτο	i p o p t o
ώσ	o s
άγγιγμα	a ŋ ɟ i ɣ m a
άσχετο	a s ç e t o
άσχημεσ	a s ç i m e s
έδειχναν	e ð i x n a n
έρθουμε	e ɾ θ u m e
ίσο	i s o
αγωγό	a ɣ o ɣ o
αδίκημα	a ð i c i m a
αθλήτρια	a θ l i t ɾ i a
αλλάζουμε	a l a z u m e
αλλάζω	a l a z o
αμυντική	a m i n d i c i
ανάκτηση	a n a k t i s i
ανίκανοσ	a n i k a n o s
αναγνωρίζουν	a n a ɣ n o ɾ i z u n
αναγνώστη	a n a ɣ n o s t i
αναγνώστησ	a n a ɣ n o s t i s
αναρωτιέται	a n a ɾ o t ç e t e
ανεβαίνουν	a n e v e n u n
ανθρώπινων	a n θ ɾ o p i n o n
αποτελούνται	a p o t e l u n d e
αρέσεισ	a ɾ e s i s
αρκούδεσ	a ɾ k u ð e s
ασήμι	a s i m i
ατρόμητο	a t ɾ o m i t o
αφίσα	a f i s a
βαλκανίων	v a l k a n i o n
βιολογική	v i o l o ʝ i c i
βουτιά	v u t ç a
βρεί	v ɾ i
γαλλικού	ɣ a l i k u
γειτονική	ʝ i t o n i c i
γελοία	ʝ e l i a
γράφημα	ɣ ɾ a f i m a
δεκαετιών	ð e k a e t ç o n
δεξαμενέσ	ð e k s a m e n e s
διαχωρισμόσ	ð i̯ a x o ɾ i z m o s
δικαίωμά	ð i c e o m a
δικτατορίασ	ð i k t a t o ɾ i a s
δομών	ð o m o n
δρομο	ð ɾ o m o
δροσερό	ð ɾ o s e ɾ o
δρουν	ð ɾ u n
δωσε	ð o s e
δόσησ	ð o s i s
ειπεσ	i p e s
εισπράξεισ	i s p ɾ a k s i s
εκδήλωσησ	e k ð i l o s i s
εκκλησιών	e k l i s i o n
εκτελέσει	e k t e l e s i
εκφράζουν	e k f ɾ a z u n
εκφράσει	e k f ɾ a s i
ελλαδοσ	e l a ð o s
εμπιστεύονται	e m b i s t e v o n d e
εμφανιστούν	e ɱ f a n i s t u n
εξέδρα	e k s e ð ɾ a
εορτήσ	e o ɾ t i s
επείγουσα	e p i ɣ u s a
επηρεάζεται	e p i ɾ e a z e t e
επικεντρώνεται	e p i c e n d ɾ o n e t e
επισκεπτών	e p i s c e p t o n
επιταγέσ	e p i t a ʝ e s
ετοιμοσ	e t i m o s
ευαίσθητο	e v e s θ i t o
ευχαριστίεσ	e f x a ɾ i s t i e s
εφετείο	e f e t i o
θέρμανσησ	θ e ɾ m a n s i s
θέσ	θ e s
θανατική	θ a n a t i c i
θερμή	θ e ɾ m i
θυμίσω	θ i m i s o
θύματοσ	θ i m a t o s
κάλεσαν	k a l e s a n
κάρτερ	k a ɾ t e ɾ
καθηκόντων	k a θ i k o n d o n
κακήσ	k a c i s
καταργείται	k a t a ɾ ʝ i t e
κατευθύνεται	k a t e f θ i n e t e
κινηματογράφοσ	c i n i m a t o ɣ ɾ a f o s
κλάση	k l a s i
κλείνεισ	k l i n i s
κοντό	k o n d o
κοστίζουν	k o s t i z u n
κυκλοφόρησαν	c i k l o f o ɾ i s a n
κυνηγάνε	c i n i ɣ a n e
κυνηγάσ	c i n i ɣ a s
λέγατε	l e ɣ a t e
μάνου	m a n u
μάρκεσ	m a ɾ c e s
μέχρισ	m e x ɾ i s
μειώθηκαν	m i o θ i k a n
μελάνι	m e l a n i
μελωδία	m e l o ð i a
μεταδίδει	m e t a ð i ð i
μιγκέλ	m i ŋ ɟ e l
μπεργκ	b e ɾ ɡ
μύεσ	m i e s
νάουσασ	n a u s a s
ναυτία	n a f t i a
ντελ	d e l
νόστιμα	n o s t i m a
ξεκινάσ	k s e c i n a s
ολοκληρώθηκαν	o l o k l i ɾ o θ i k a n
ονομάστηκε	o n o m a s t i c e
ορίζουν	o ɾ i z u n
οχήματοσ	o ç i m a t o s
παιδικών	p e ð i k o n
παραδοχή	p a ɾ a ð o ç i
παρασκευη	p a ɾ a s c e v i
παρατήρησε	p a ɾ a t i ɾ i s e
πεθάνετε	p e θ a n e t e
περα	p e ɾ a
περιμενε	p e ɾ i m e n e
περνούσαν	p e ɾ n u s a n
πετούν	p e t u n
πιάτων	p ç a t o n
πλάτεσ	p l a t e s
ποιέσ	p i e s
πουλήσω	p u l i s o
πραγματικοί	p ɾ a ɣ m a t i c i
προσεκτική	p ɾ o s e k t i c i
προσεκτικοί	p ɾ o s e k t i c i
προσωπικότητασ	p ɾ o s o p i k o t i t a s
προτιμά	p ɾ o t i m a
πρόσφατο	p ɾ o s f a t o
πόρτασ	p o ɾ t a s
ρθω	ɾ θ o
ρωσικού	ɾ o s i k u
σερβιτόρα	s e ɾ v i t o ɾ a
σκουλαρίκια	s k u l a ɾ i c a
στήλησ	s t i l i s
στήσει	s t i s i
συμβούλουσ	s i ɱ v u l u s
συμβόλαια	s i ɱ v o l e a
σχολικών	s x o l i k o n
σχολών	s x o l o n
σύντροφε	s i n d ɾ o f e
τοποθετήθηκε	t o p o θ e t i θ i c e
τύχησ	t i ç i s
υπάγονται	i p a ɣ o n d e
φοβερά	f o v e ɾ a
φοιτήτρια	f i t i t ɾ i a
φρουράσ	f ɾ u ɾ a s
φυλλάδιο	f i l a ð i o
χαθούν	x a θ u n
χειρότερεσ	ç i ɾ o t e ɾ e s
χεριών	ç e ɾ ʝ o n
χρωστάσ	x ɾ o s t a s
ψάξει	p s a k s i
άπειρο	a p i ɾ o
άποψησ	a p o p s i s
άργοσ	a ɾ ɣ o s
έβρισκε	e v ɾ i s c e
έκβαση	e k v a s i
έλεν	e l e n
έσβησε	e z v i s e
έσπασαν	e s p a s a n
έφερνε	e f e ɾ n e
έφταναν	e f t a n a n
ίδρυσησ	i ð ɾ i s i s
αγγελόπουλοσ	a ŋ ɟ e l o p u l o s
αγοράσετε	a ɣ o ɾ a s e t e
αδελφών	a ð e l f o n
ακόλουθο	a k o l u θ o
αλί	a l i
αληθινοί	a l i θ i n i
αμερικανικών	a m e ɾ i k a n i k o n
αμεσωσ	a m e s o s
ανέκδοτα	a n e k ð o t a
αναπληρωτή	a n a p l i ɾ o t i
αναστάσιοσ	a n a s t a s i o s
ανδρική	a n ð ɾ i c i
ανοίγουμε	a n i ɣ u m e
αντίκτυπο	a n d i k t i p o
ανωμαλίεσ	a n o m a l i e s
ανώτατη	a n o t a t i
απατεώνεσ	a p a t e o n e s
απεβίωσε	a p e v i o s e
ασημένια	a s i m e ɲ a
βαθιέσ	v a θ ç e s
βαρετό	v a ɾ e t o
βασιλικήσ	v a s i l i c i s
βενεζουέλασ	v e n e z u e l a s
βιολογικό	v i o l o ʝ i k o
γάντι	ɣ a n d i
γαμάτο	ɣ a m a t o
γεννηματά	ʝ e n i m a t a
γουίλσον	ɣ u i l s o n
δεκτό	ð e k t o
δεξιότητεσ	ð e k s i o t i t e s
διαμορφώνεται	ð i̯ a m o ɾ f o n e t e
διαστημικό	ð i̯ a s t i m i k o
διορισμό	ð i o ɾ i z m o
διώξει	ð i o k s i
δυτικέσ	ð i t i c e s
εγκατάστασησ	e ŋ ɡ a t a s t a s i s
ειλικρινείσ	i l i k ɾ i n i s
εισέλθει	i s e l θ i
εκκίνησησ	e c i n i s i s
εκπαιδευτικού	e k p e ð e f t i k u
εκτείνεται	e k t i n e t e
εκτεταμένη	e k t e t a m e n i
ελέγξτε	e l e ŋ k s t e
ελεονώρα	e l e o n o ɾ a
εμπνέει	e m b n e i
εμπόρουσ	e m b o ɾ u s
εξαρτήματα	e k s a ɾ t i m a t a
επειγόντωσ	e p i ɣ o n d o s
επόμενου	e p o m e n u
ερευνητική	e ɾ e v n i t i c i
εσηεα	e s i e a
ευγενήσ	e v ʝ e n i s
ευθείασ	e f θ i a s
ζητήσετε	z i t i s e t e
ζητήσουμε	z i t i s u m e
ηγετών	i ʝ e t o n
θεατρικέσ	θ e a t ɾ i c e s
ιωνία	i o n i a
κάθεστε	k a θ e s t e
καε	k a e
καλεσμένοι	k a l e z m e n i
καλεσμένοσ	k a l e z m e n o s
καρχαρίεσ	k a ɾ x a ɾ i e s
κατασκευαστεί	k a t a s c e v a s t i
κελιά	c e ʎ a
κλείσεισ	k l i s i s
κοιτά	c i t a
κουβαλάει	k u v a l a i
κυβερνήσει	c i v e ɾ n i s i
κωλο	k o l o
λεωφόροσ	l e o f o ɾ o s
λουκάνικα	l u k a n i k a
μάγισσα	m a ʝ i s a
μήλου	m i l u
μαθημα	m a θ i m a
μακρή	m a k ɾ i
μαρτύριο	m a ɾ t i ɾ i o
μαχητικά	m a ç i t i k a
μαύροι	m a v ɾ i
μεταφέρονται	m e t a f e ɾ o n d e
μπάρμπαρα	b a ɾ b a ɾ a
νεαρού	n e a ɾ u
ντυμένη	d i m e n i
ξεκάθαρη	k s e k a θ a ɾ i
οικονομίεσ	i k o n o m i e s
ολόκληρεσ	o l o k l i ɾ e s
ομολόγων	o m o l o ɣ o n
ονομασίασ	o n o m a s i a s
πανελλαδική	p a n e l a ð i c i
παράβαση	p a ɾ a v a s i
παρένθεση	p a ɾ e n θ e s i
παρέχεται	p a ɾ e ç e t e
παρέχοντασ	p a ɾ e x o n d a s
παραγωγική	p a ɾ a ɣ o ʝ i c i
παραγωγούσ	p a ɾ a ɣ o ɣ u s
παραδέχεται	p a ɾ a ð e ç e t e
παρε	p a ɾ e
πεθαίνω	p e θ e n o
περιβαλλοντική	p e ɾ i v a l o n d i c i
πηγήσ	p i ʝ i s
πιά	p ç a
ποταμόσ	p o t a m o s
προορισμούσ	p ɾ o o ɾ i z m u s
προστάτησ	p ɾ o s t a t i s
πτήσεων	p t i s e o n
ρέει	ɾ e i
ρίκο	ɾ i k o
σέξυ	s e k s i
σεβασμού	s e v a z m u
σκύλουσ	s c i l u s
σπάσουν	s p a s u n
στρέφεται	s t ɾ e f e t e
συλλογικό	s i l o ʝ i k o
συμβιβασμό	s i ɱ v i v a z m o
συνεχόμενα	s i n e x o m e n a
συστάσεισ	s i s t a s i s
σύμβασησ	s i ɱ v a s i s
σύμμαχοι	s i m a ç i
τήρηση	t i ɾ i s i
ταξη	t a k s i
ταχεία	t a ç i a
τελικέσ	t e l i c e s
τραπεζικό	t ɾ a p e z i k o
υπερασπιστεί	i p e ɾ a s p i s t i
υπερβαίνει	i p e ɾ v e n i
φήμησ	f i m i s
φανταστικά	f a n d a s t i k a
φασισμού	f a s i z m u
φεύγουμε	f e v ɣ u m e
φλέβεσ	f l e v e s
φοβόταν	f o v o t a n
χαλαρώστε	x a l a ɾ o s t e
χο	x o
χτυπούν	x t i p u n
χώρισαν	x o ɾ i s a n
άλατα	a l a t a
άμεσησ	a m e s i s
άστον	a s t o n
έκοψαν	e k o p s a n
έμμα	e m a
έξυπνεσ	e k s i p n e s
έφυγεσ	e f i ʝ e s
ήσυχοσ	i s i x o s
ήτοι	i t i
αγοράσεισ	a ɣ o ɾ a s i s
αδελφήσ	a ð e l f i s
αθλητικόσ	a θ l i t i k o s
ακεραιότητα	a c e ɾ e o t i t a
αλλοδαπών	a l o ð a p o n
ανάμειξη	a n a m i k s i
ανάψει	a n a p s i
ανήλθε	a n i l θ e
ανακαλύψουν	a n a k a l i p s u n
αναρτήσεισ	a n a ɾ t i s i s
ανοχήσ	a n o ç i s
αντέχεισ	a n d e ç i s
αντίτυπα	a n d i t i p a
αντιμέτωποσ	a n d i m e t o p o s
ανώνυμη	a n o n i m i
ανώτερα	a n o t e ɾ a
απατεώνασ	a p a t e o n a s
αποδίδουν	a p o ð i ð u n
αποδεικτικά	a p o ð i k t i k a
αποκαλύπτουν	a p o k a l i p t u n
αποφύγουν	a p o f i ɣ u n
απότομη	a p o t o m i
αριστερού	a ɾ i s t e ɾ u
αφησε	a f i s e
αύξησε	a f k s i s e
βίοσ	v i o s
βικτόρια	v i k t o ɾ ʝ a
βρείσ	v ɾ i s
βρυξελλών	v ɾ i k s e l o n
βυζάντιο	v i z a n d i o
γάλλουσ	ɣ a l u s
γελοίο	ʝ e l i o
γλυπτά	ɣ l i p t a
γνωστόν	ɣ n o s t o n
γραμμένη	ɣ ɾ a m e n i
γραμματείασ	ɣ ɾ a m a t i a s
γραφικό	ɣ ɾ a f i k o
γραφικών	ɣ ɾ a f i k o n
γύρου	ʝ i ɾ u
δεσμά	ð e z m a
δημιουργήσουμε	ð i m i u ɾ ʝ i s u m e
δικαστικό	ð i k a s t i k o
δωρεέσ	ð o ɾ e e s
εγκατέλειψαν	e ŋ ɡ a t e l i p s a n
εκθεση	e k θ e s i
εκκίνηση	e c i n i s i
ελικόπτερα	e l i k o p t e ɾ a
ενεργειακή	e n e ɾ ʝ i a c i
ενεργόσ	e n e ɾ ɣ o s
εξαφανίζονται	e k s a f a n i z o n d e
εξομολόγηση	e k s o m o l o ʝ i s i
εξοχή	e k s o ç i
επιβεβαιώσει	e p i v e v e o s i
επιτρέποντασ	e p i t ɾ e p o n d a s
επιχείρησή	e p i ç i ɾ i s i
ερωτευτεί	e ɾ o t e f t i
ευγνωμοσύνη	e v ɣ n o m o s i n i
ευρωβουλευτέσ	e v ɾ o v u l e f t e s
εφικτό	e f i k t o
ζήσε	z i s e
ζητήθηκε	z i t i θ i c e
ζητούσαν	z i t u s a n
θάνατόσ	θ a n a t o s
θελουν	θ e l u n
θεματολογία	θ e m a t o l o ʝ i a
θεοσ	θ e o s
θερινό	θ e ɾ i n o
θεωρητική	θ e o ɾ i t i c i
θοδωρήσ	θ o ð o ɾ i s
θύμισε	θ i m i s e
ιαπωνίασ	i a p o n i a s
ιδέασ	i ð e a s
ισχυροί	i s ç i ɾ i
κάδο	k a ð o
κάρολ	k a ɾ o l
καζαντζάκη	k a z a n d͡z a c i
καθάρισε	k a θ a ɾ i s e
καθάρματα	k a θ a ɾ m a t a
καθολικό	k a θ o l i k o
καλλιθέασ	k a l i θ e a s
καλυτερο	k a l i t e ɾ o
καμμένο	k a m e n o
καρπόσ	k a ɾ p o s
κατάχρηση	k a t a x ɾ i s i
κατανάλωσησ	k a t a n a l o s i s
καταφέρουν	k a t a f e ɾ u n
κλάσησ	k l a s i s
κλείσετε	k l i s e t e
κρατούμενοσ	k ɾ a t u m e n o s
κρατούσαν	k ɾ a t u s a n
κρυφτεί	k ɾ i f t i
κτηρίου	k t i ɾ i u
κυβερνά	c i v e ɾ n a
κυνηγούν	c i n i ɣ u n
λάστιχα	l a s t i x a
λέγανε	l e ɣ a n e
λήψησ	l i p s i s
λεξιλόγιο	l e k s i l o ʝ i o
λο	l o
μίκη	m i c i
μερκούρη	m e ɾ k u ɾ i
μηχανισμούσ	m i x a n i z m u s
μισέσ	m i s e s
μονομαχία	m o n o m a ç i a
μπιν	b i n
μπορέσεισ	b o ɾ e s i s
μυσ	m i s
νιώσετε	ɲ o s e t e
νιώσω	ɲ o s o
νομοθεσίασ	n o m o θ e s i a s
ξυπνάει	k s i p n a i
ξύλινη	k s i l i n i
οικογενειακέσ	i k o ʝ e n i a c e s
ομαδικέσ	o m a ð i c e s
ορεινή	o ɾ i n i
πένθοσ	p e n θ o s
παράξενη	p a ɾ a k s e n i
παρόντεσ	p a ɾ o n d e s
πατριαρχείου	p a t ɾ i a ɾ ç i u
πηγαίνοντασ	p i ʝ e n o n d a s
πηδάει	p i ð a i
πλείστον	p l i s t o n
πνεύμονεσ	p n e v m o n e s
ποδοσφαιριστών	p o ð o s f e ɾ i s t o n
ποινική	p i n i c i
πολέμησε	p o l e m i s e
πολεμικών	p o l e m i k o n
πονάσ	p o n a s
πραγματικών	p ɾ a ɣ m a t i k o n
προκαλούσε	p ɾ o k a l u s e
προτιμάτε	p ɾ o t i m a t e
πρωταθλημα	p ɾ o t a θ l i m a
πόντου	p o n d u
ροέσ	ɾ o e s
ρυθμού	ɾ i θ m u
σαββατο	s a v a t o
σεισμούσ	s i z m u s
σκοτεινέσ	s k o t i n e s
σκοτωθεί	s k o t o θ i
σκοτώνοντασ	s k o t o n o n d a s
στήριξε	s t i ɾ i k s e
σταματήσετε	s t a m a t i s e t e
σταματούν	s t a m a t u n
στεφάνου	s t e f a n u
στρεμμάτων	s t ɾ e m a t o n
συγγενών	s i ŋ ɟ e n o n
συγγρού	s i ŋ ɣ r u
συζητήσει	s i z i t i s i
συμπεριφέρεται	s i m b e ɾ i f e ɾ e t e
συνδεδεμένη	s i n ð e ð e m e n i
συνιστούν	s i n i s t u n
σω	s o
σύνολα	s i n o l a
τετοια	t e t i a
τραπεζίτεσ	t ɾ a p e z i t e s
υπάρχοντα	i p a ɾ x o n d a
υπέβαλε	i p e v a l e
υποχρεωμένοσ	i p o x ɾ e o m e n o s
φιλίππου	f i l i p u
φονικό	f o n i k o
φτηνά	f t i n a
χάνετε	x a n e t e
χρέωση	x ɾ e o s i
χωρίσουμε	x o ɾ i s u m e
άραβεσ	a ɾ a v e s
άργουσ	a ɾ ɣ u s
έλευση	e l e f s i
έμμεσα	e m e s a
ένταξησ	e n d a k s i s
έξαρση	e k s a ɾ s i
αγαπάνε	a ɣ a p a n e
αγγελίεσ	a ŋ ɟ e l i e s
αετόσ	a e t o s
ανέβω	a n e v o
ανέργουσ	a n e ɾ ɣ u s
αναγέννησησ	a n a ʝ e n i s i s
αναγκαστική	a n a ŋ ɡ a s t i c i
αναπτυξη	a n a p t i k s i
ανασκαφέσ	a n a s k a f e s
ανηλίκων	a n i l i k o n
αντικατασταθεί	a n d i k a t a s t a θ i
αντιμετωπίζεται	a n d i m e t o p i z e t e
ανόδου	a n o ð u
απέκτησαν	a p e k t i s a n
αποβολή	a p o v o l i
απομακρύνει	a p o m a k ɾ i n i
αποφοίτησε	a p o f i t i s e
αργία	a ɾ ʝ i a
ατλέτικο	a t l e t i k o
αυστρίασ	a f s t ɾ i a s
αυτοκινητόδρομο	a f t o c i n i t o ð ɾ o m o
βασιλιάδεσ	v a s i ʎ a ð e s
βενζίνησ	v e n z i n i s
βουλευτικέσ	v u l e f t i c e s
γένει	ʝ e n i
γελοίοσ	ʝ e l i o s
γενικα	ʝ e n i k a
γερουσία	ʝ e ɾ u s i a
γερό	ʝ e ɾ o
γυρίζουν	ʝ i ɾ i z u n
δήλωσησ	ð i l o s i s
δίψα	ð i p s a
διαλέξει	ð i̯ a l e k s i
διαλόγου	ð i̯ a l o ɣ u
διαμονήσ	ð i̯ a m o n i s
διατηρήσουν	ð i̯ a t i ɾ i s u n
διερεύνηση	ð i e ɾ e v n i s i
δοθούν	ð o θ u n
δοκιμάσετε	ð o c i m a s e t e
δούκασ	ð u k a s
δράστεσ	ð ɾ a s t e s
δρώμενα	ð ɾ o m e n a
δυνατέσ	ð i n a t e s
εγκαταλείπουν	e ŋ ɡ a t a l i p u n
εισήγηση	i s i ʝ i s i
εισαγγελία	i s a ŋ ɟ e l i a
εκδοχέσ	e k ð o ç e s
ελληνων	e l i n o n
εξόρυξη	e k s o ɾ i k s i
επιβεβαιώνουν	e p i v e v e o n u n
επιλέγουν	e p i l e ɣ u n
επιπέδων	e p i p e ð o n
εστίεσ	e s t i e s
ετοιμάζουν	e t i m a z u n
ετοιμάσει	e t i m a s i
ευγενικόσ	e v ʝ e n i k o s
εφαρμόσει	e f a ɾ m o s i
ηλεκτρονικέσ	i l e k t ɾ o n i c e s
θάνατον	θ a n a t o n
ιδιαίτερεσ	i ð i e t e ɾ e s
ισχυρών	i s ç i ɾ o n
κέρδισα	c e ɾ ð i s a
κήρυξε	c i ɾ i k s e
καθολου	k a θ o l u
καθορίζουν	k a θ o ɾ i z u n
καθοριστικό	k a θ o ɾ i s t i k o
καθωσ	k a θ o s
καλύπτονται	k a l i p t o n d e
κανετε	k a n e t e
καπιταλισμόσ	k a p i t a l i z m o s
κατήγγειλε	k a t i ŋ ɟ i l e
καταδίκασε	k a t a ð i k a s e
καταθέσεων	k a t a θ e s e o n
κατασκευών	k a t a s c e v o n
καταστράφηκαν	k a t a s t ɾ a f i k a n
κεδε	c e ð e
κινητών	c i n i t o n
κουλ	k u l
κουτάλι	k u t a l i
κυνηγόσ	c i n i ɣ o s
λατρεύουν	l a t ɾ e v u n
λιμενικού	l i m e n i k u
μάλκολμ	m a l k o l m
μάταια	m a t e a
μήνυμά	m i n i m a
μαθηματικόσ	m a θ i m a t i k o s
μειώνοντασ	m i o n o n d a s
μειώνουν	m i o n u n
μεταλλικά	m e t a l i k a
μεταχείριση	m e t a ç i ɾ i s i
μπακογιάννη	b a k o ʝ a n i
μυστηρίου	m i s t i ɾ i u
ξεκινήσετε	k s e c i n i s e t e
ξενάγηση	k s e n a ʝ i s i
οαεε	o a e e
ολικήσ	o l i c i s
ομαλή	o m a l i
πάρκερ	p a ɾ c e ɾ
πέφτεισ	p e f t i s
πήδηξε	p i ð i k s e
πήτερ	p i t e ɾ
πίτεσ	p i t e s
παίζαμε	p e z a m e
παίξετε	p e k s e t e
παλεύουν	p a l e v u n
παρακμή	p a ɾ a k m i
πατήσεισ	p a t i s i s
πείσ	p i s
πετυχαίνει	p e t i ç e n i
πιάσουμε	p ç a s u m e
πινάκων	p i n a k o n
πλ	p l
πλάτωνα	p l a t o n a
πλαισίου	p l e s i u
πλατανιά	p l a t a ɲ a
πληθυσμών	p l i θ i z m o n
πληρωμήσ	p l i ɾ o m i s
ποικίλεσ	p i c i l e s
πολεμήσουν	p o l e m i s u n
πορείεσ	p o ɾ i e s
ποσειδώνα	p o s i ð o n a
προεδρίασ	p ɾ o e ð ɾ i a s
προτιμάσ	p ɾ o t i m a s
προφητεία	p ɾ o f i t i a
προϋποθέτει	p ɾ o i p o θ e t i
πρωτοσέλιδο	p ɾ o t o s e l i ð o
πτώσησ	p t o s i s
ρονάλντο	ɾ o n a l d o
σκόπιμα	s k o p i m a
σπ	s p
σταθερόσ	s t a θ e ɾ o s
στοχεύει	s t o ç e v i
συγκομιδή	s i ŋ ɡ o m i ð i
συνέχιζε	s i n e ç i z e
συνεχεια	s i n e ç i a
συντελεστή	s i n d e l e s t i
σύμπλεγμα	s i m b l e ɣ m a
σύνολό	s i n o l o
τηλεφωνικό	t i l e f o n i k o
τραγουδήσει	t ɾ a ɣ u ð i s i
υγρή	i ɣ ɾ i
υποδέχεται	i p o ð e ç e t e
υποψηφίουσ	i p o p s i f i u s
φορολογικό	f o ɾ o l o ʝ i k o
φτάσετε	f t a s e t e
φώτη	f o t i
χάσατε	x a s a t e
χανσ	x a n s
χθεσινό	x θ e s i n o
χρεών	x ɾ e o n
χρησιμοποιήσετε	x ɾ i s i m o p i i s e t e
ψεύτικεσ	p s e f t i c e s
όπλου	o p l u
άγνωστα	a ɣ n o s t a
άλλαζε	a l a z e
άλμπερτ	a l b e ɾ t
έφτιαξεσ	e f t ç a k s e s
ήθη	i θ i
αγγίζουν	a ŋ ɟ i z u n
αγγλικών	a ŋ ɡ l i k o n
αγιου	a ʝ u
αγορα	a ɣ o ɾ a
αδερφέσ	a ð e ɾ f e s
αισιόδοξοσ	e s i o ð o k s o s
ακόλουθη	a k o l u θ i
ακύρωσε	a c i ɾ o s e
αμυντικόσ	a m i n d i k o s
ανικανότητα	a n i k a n o t i t a
αντιμετωπίσεισ	a n d i m e t o p i s i s
αντρέ	a n d ɾ e
απαντήσουν	a p a n d i s u n
απλοί	a p l i
απολαμβάνουν	a p o l a ɱ v a n u n
αποχωρεί	a p o x o ɾ i
απόγονοι	a p o ɣ o n i
αργεί	a ɾ ʝ i
ασβεστίου	a z v e s t i u
αϊνστάιν	a i̯ n s t a i̯ n
βαλεντίνου	v a l e n d i n u
βασ	v a s
βελτιωθεί	v e l t i o θ i
βραδιάσ	v ɾ a ð ʝ a s
βότανα	v o t a n a
γάμοι	ɣ a m i
γείτονασ	ʝ i t o n a s
γενικών	ʝ e n i k o n
δείξτε	ð i k s t e
δελφών	ð e l f o n
διαθέσιμοσ	ð i̯ a θ e s i m o s
διετέλεσε	ð i e t e l e s e
δικαιώματοσ	ð i c e o m a t o s
δικών	ð i k o n
δωματιο	ð o m a t i o
δόσεων	ð o s e o n
εγκαταλείπει	e ŋ ɡ a t a l i p i
εγκαταλείψουν	e ŋ ɡ a t a l i p s u n
εκρηκτικά	e k ɾ i k t i k a
εκτελούνται	e k t e l u n d e
ελιάσ	e ʎ a s
εξασφαλίζει	e k s a s f a l i z i
επίμονα	e p i m o n a
επαρκή	e p a ɾ c i
επιρροήσ	e p i ɾ o i s
επιστήμονα	e p i s t i m o n a
εργο	e ɾ ɣ o
ερευνητικά	e ɾ e v n i t i k a
ευαγγελία	e v a ŋ ɟ e l i a
εύχεσαι	e f ç e s e
ημιτελικά	i m i t e l i k a
θαλασσινά	θ a l a s i n a
θανατηφόρα	θ a n a t i f o ɾ a
θηλυκά	θ i l i k a
θυμηθούμε	θ i m i θ u m e
ιερώνυμοσ	i e ɾ o n i m o s
ιστούσ	i s t u s
κήπου	c i p u
κανονικέσ	k a n o n i c e s
κατάρτισησ	k a t a ɾ t i s i s
κατάστασή	k a t a s t a s i
καταδικάζει	k a t a ð i k a z i
καταστρέψουν	k a t a s t ɾ e p s u n
κατατέθηκε	k a t a t e θ i c e
καύσησ	k a f s i s
κιμά	c i m a
κλέψουν	k l e p s u n
κοιτούσε	c i t u s e
κούπερ	k u p e ɾ
κρητικό	k ɾ i t i k o
κωνσταντινουπόλεωσ	k o n s t a n d i n u p o l e o s
κωστήσ	k o s t i s
λάκησ	l a c i s
λέσχησ	l e s ç i s
λατινική	l a t i n i c i
λευτέρη	l e f t e ɾ i
λογοκρισία	l o ɣ o k ɾ i s i a
μή	m i
μακεδονική	m a c e ð o n i c i
μαρμελάδα	m a ɾ m e l a ð a
μαχητήσ	m a ç i t i s
μείωσε	m i o s e
μειονεκτήματα	m i o n e k t i m a t a
μηχανισμού	m i x a n i z m u
μονη	m o n i
μπούρδεσ	b u ɾ ð e s
μυρίζω	m i ɾ i z o
νομιζεισ	n o m i z i s
νομόσ	n o m o s
ντίνοσ	d i n o s
ξεχωριστόσ	k s e x o ɾ i s t o s
οδούσ	o ð u s
οικογενεια	i k o ʝ e n i a
ορέστησ	o ɾ e s t i s
πέτρασ	p e t ɾ a s
παλιοί	p a ʎ i
πανό	p a n o
παρέμειναν	p a ɾ e m i n a n
παραγωγέσ	p a ɾ a ɣ o ʝ e s
παραδοσιακήσ	p a ɾ a ð o s i a c i s
περισσοτερο	p e ɾ i s o t e ɾ o
πλούτοσ	p l u t o s
πνεύμονα	p n e v m o n a
προγραμματισμένη	p ɾ o ɣ ɾ a m a t i z m e n i
προξενείο	p ɾ o k s e n i o
προσέχουν	p ɾ o s e x u n
προσοχήσ	p ɾ o s o ç i s
πρωτόκολλα	p ɾ o t o k o l a
πρόωρεσ	p ɾ o o ɾ e s
πτώχευση	p t o ç e f s i
πόσον	p o s o n
σαντορίνησ	s a n d o ɾ i n i s
σατανά	s a t a n a
σιτάρι	s i t a ɾ i
σκοτώνονται	s k o t o n o n d e
σπάνε	s p a n e
σταθερότητασ	s t a θ e ɾ o t i t a s
σταλεί	s t a l i
συγγενή	s i ŋ ɟ e n i
συμπολίτεσ	s i m b o l i t e s
συναγερμού	s i n a ʝ e ɾ m u
συναντήθηκαν	s i n a n d i θ i k a n
συνεδρία	s i n e ð ɾ i a
συνειδητοποίησα	s i n i ð i t o p i i s a
σχηματίζουν	s ç i m a t i z u n
σώματόσ	s o m a t o s
τάφουσ	t a f u s
ταλέντα	t a l e n d a
τελικώσ	t e l i k o s
τιμίου	t i m i u
τουριστικά	t u ɾ i s t i k a
τραγουδιστέσ	t ɾ a ɣ u ð i s t e s
τόλμη	t o l m i
υπέφερε	i p e f e ɾ e
υποδομή	i p o ð o m i
υπολογισμόσ	i p o l o ʝ i z m o s
υποστήριξή	i p o s t i ɾ i k s i
φιγούρεσ	f i ɣ u ɾ e s
φιλόλογοσ	f i l o l o ɣ o s
φτωχό	f t o x o
χαλάρωσε	x a l a ɾ o s e
χασάν	x a s a n
χορεύτρια	x o ɾ e f t ɾ i a
χρειάζονταν	x ɾ i a z o n d a n
χτυπάνε	x t i p a n e
χτυπάσ	x t i p a s
ψάξω	p s a k s o
ψυχικά	p s i ç i k a
ψυχρό	p s i x ɾ o
έλξησ	e l k s i s
έσω	e s o
ίσχυε	i s ç i e
αγγέλων	a ŋ ɟ e l o n
αγοράζεισ	a ɣ o ɾ a z i s
αθηνάσ	a θ i n a s
αισθανόμαστε	e s θ a n o m a s t e
ακραίεσ	a k ɾ e e s
αλήτεσ	a l i t e s
αμαρουσίου	a m a ɾ u s i u
αμερικανικά	a m e ɾ i k a n i k a
αναδεικνύεται	a n a ð i k n i e t e
αναλαμβάνουν	a n a l a ɱ v a n u n
αναμενόμενο	a n a m e n o m e n o
αντίποινα	a n d i p i n a
αντιβιοτικά	a n d i v i o t i k a
αξιόλογη	a k s i o l o ʝ i
απεικονίζει	a p i k o n i z i
απολαμβάνει	a p o l a ɱ v a n i
αποτέλεσαν	a p o t e l e s a n
αποφασίσουμε	a p o f a s i s u m e
αποφασισμένοσ	a p o f a s i z m e n o s
αρησ	a ɾ i s
αρμενίων	a ɾ m e n i o n
ασκήσει	a s c i s i
αστικών	a s t i k o n
βάθρο	v a θ ɾ o
βάπτιση	v a p t i s i
βιολογίασ	v i o l o ʝ i a s
βολικό	v o l i k o
βρώ	v ɾ o
γαβριήλ	ɣ a v ɾ i i l
γενετικά	ʝ e n e t i k a
γιορτάσουμε	ʝ o ɾ t a s u m e
γρηγόριοσ	ɣ ɾ i ɣ o ɾ i o s
γυρνάει	ʝ i ɾ n a i
δήλωνε	ð i l o n e
δηλητηρίαση	ð i l i t i ɾ i a s i
δημιουργό	ð i m i u ɾ ɣ o
διαβόλου	ð i̯ a v o l u
διευκολύνει	ð i e f k o l i n i
δικαστικέσ	ð i k a s t i c e s
δικτύωσησ	ð i k t i o s i s
δουλέψουν	ð u l e p s u n
εθνικη	e θ n i c i
ειτε	i t e
ελληνασ	e l i n a s
ενέδρα	e n e ð ɾ a
ενήλικα	e n i l i k a
εναλλακτικό	e n a l a k t i k o
ενεργεί	e n e ɾ ʝ i
εντοπίζεται	e n d o p i z e t e
επίσημοσ	e p i s i m o s
επανήλθε	e p a n i l θ e
επεκτείνεται	e p e k t i n e t e
επισκευέσ	e p i s c e v e s
επιστρέψω	e p i s t ɾ e p s o
επιτροπών	e p i t ɾ o p o n
ερήμου	e ɾ i m u
εργοδότησ	e ɾ ɣ o ð o t i s
ερθει	e ɾ θ i
ερωτευμένοι	e ɾ o t e v m e n i
ζητεί	z i t i
θαυμάζω	θ a v m a z o
θεσσαλονικησ	θ e s a l o n i c i s
θεωρήθηκε	θ e o ɾ i θ i c e
ιχ	i x
ιωνίασ	i o n i a s
καταρχάσ	k a t a ɾ x a s
κατασκευάζονται	k a t a s c e v a z o n d e
καταστήματοσ	k a t a s t i m a t o s
καταφέρνουν	k a t a f e ɾ n u n
κατηγορούμενοι	k a t i ɣ o ɾ u m e n i
κεμάλ	c e m a l
κεφαλαίων	c e f a l e o n
κινέζουσ	c i n e z u s
κλείνετε	k l i n e t e
κοινοβουλευτικήσ	c i n o v u l e f t i c i s
κοινώσ	c i n o s
κομματική	k o m a t i c i
κυβερνηση	c i v e ɾ n i s i
κόβεισ	k o v i s
κόμικ	k o m i k
κόσμημα	k o z m i m a
κύπριοι	c i p ɾ i i
μίλησαν	m i l i s a n
μαίου	m e u
μείον	m i o n
μελά	m e l a
μεμβράνη	m e ɱ v ɾ a n i
μεταπολίτευση	m e t a p o l i t e f s i
μιζέρια	m i z e ɾ ʝ a
μιλούσα	m i l u s a
μισθοί	m i s θ i
μοιραίο	m i ɾ e o
μπέλα	b e l a
μπι	b i
μποντ	b o n d
μπορέσω	b o ɾ e s o
μπρούνο	b ɾ u n o
νεαροί	n e a ɾ i
νεφρά	n e f ɾ a
νιλ	n i l
νομικών	n o m i k o n
ντάνι	d a n i
ξίφοσ	k s i f o s
ξεκινήστε	k s e c i n i s t e
ξεπέρασαν	k s e p e ɾ a s a n
ολυμπιακή	o l i m b i a c i
ομοιότητεσ	o m i o t i t e s
ορατό	o ɾ a t o
ορυχεία	o ɾ i ç i a
πάρ	p a ɾ
πάρτη	p a ɾ t i
παράλληλο	p a ɾ a l i l o
παραδίδει	p a ɾ a ð i ð i
παραλλαγή	p a ɾ a l a ʝ i
παρουσίεσ	p a ɾ u s i e s
πατρόσ	p a t ɾ o s
περιφερειών	p e ɾ i f e ɾ i o n
πετρούπολη	p e t ɾ u p o l i
πηγάζει	p i ɣ a z i
πλήρωνε	p l i ɾ o n e
πλούσιεσ	p l u s i e s
πούστη	p u s t i
προέβλεπε	p ɾ o e v l e p e
προσκύνημα	p ɾ o s c i n i m a
προστατέψει	p ɾ o s t a t e p s i
προστατεύεται	p ɾ o s t a t e v e t e
προσωπικόσ	p ɾ o s o p i k o s
πρωτιά	p ɾ o t ç a
πρωτοπόροσ	p ɾ o t o p o ɾ o s
πρότασή	p ɾ o t a s i
πυροσβεστικήσ	p i ɾ o z v e s t i c i s
πόλεμοι	p o l e m i
ράλι	ɾ a l i
ρενέ	ɾ e n e
ρωσικά	ɾ o s i k a
ρόουζ	ɾ o u z
σήραγγα	s i ɾ a ŋ ɡ a
σβήνει	z v i n i
σεισμού	s i z m u
σεπ	s e p
σημίτη	s i m i t i
σημειώσει	s i m i o s i
σκάει	s k a i
στάσησ	s t a s i s
συγκεντρώθηκαν	s i ŋ ɟ e n d ɾ o θ i k a n
συγκινητικό	s i ŋ ɟ i n i t i k o
συγκλονιστικό	s i ŋ ɡ l o n i s t i k o
συγκρούσεων	s i ŋ ɡ r u s e o n
συμβούλου	s i ɱ v u l u
συνάντησα	s i n a n d i s a
συνέβαλε	s i n e v a l e
συνεργατών	s i n e ɾ ɣ a t o n
συνολικόσ	s i n o l i k o s
συχνότητασ	s i x n o t i t a s
σώθηκε	s o θ i c e
τέρματα	t e ɾ m a t a
ταύτα	t a f t a
ταύτιση	t a f t i s i
τελεία	t e l i a
τετοιο	t e t i o
τηλεφωνο	t i l e f o n o
τοστ	t o s t
τρίο	t ɾ i o
τροχαία	t ɾ o ç e a
τυφλά	t i f l a
υιοθέτησε	i o θ e t i s e
υπεράσπισησ	i p e ɾ a s p i s i s
υποχώρησε	i p o x o ɾ i s e
φέρεσαι	f e ɾ e s e
φασισμό	f a s i z m o
φασισμόσ	f a s i z m o s
φθηνό	f θ i n o
φτηνό	f t i n o
φυλακήσ	f i l a c i s
χιλιόμετρο	ç i ʎ o m e t ɾ o
χοσέ	x o s e
χωρο	x o ɾ o
ψήφοσ	p s i f o s
ψυχίατροσ	p s i ç i a t ɾ o s
άψογα	a p s o ɣ a
έκρηξησ	e k ɾ i k s i s
έμπνευσησ	e m b n e f s i s
έφθασαν	e f θ a s a n
αγαπητό	a ɣ a p i t o
αετό	a e t o
αθώο	a θ o o
ακαδημίεσ	a k a ð i m i e s
αλλάξτε	a l a k s t e
ανακοπή	a n a k o p i
αναλογική	a n a l o ʝ i c i
αναφέροντασ	a n a f e ɾ o n d a s
αντρασ	a n d ɾ a s
ανω	a n o
απλώνεται	a p l o n e t e
αποκαλυφθεί	a p o k a l i f θ i
απομένουν	a p o m e n u n
απονομήσ	a p o n o m i s
αποφύγετε	a p o f i ʝ e t e
αργεντινήσ	a ɾ ʝ e n d i n i s
αριστερήσ	a ɾ i s t e ɾ i s
αυξάνοντασ	a f k s a n o n d a s
αχιλλέασ	a ç i l e a s
βλάχοσ	v l a x o s
γάμησε	ɣ a m i s e
γεμάτοι	ʝ e m a t i
γρηγορίου	ɣ ɾ i ɣ o ɾ i u
γυναικείασ	ʝ i n e c i a s
δέσει	ð e s i
δασική	ð a s i c i
δεδομένησ	ð e ð o m e n i s
δεσμόσ	ð e z m o s
δεχόταν	ð e x o t a n
δημοκρατικών	ð i m o k ɾ a t i k o n
διαδηλωτών	ð i̯ a ð i l o t o n
διακίνησησ	ð i̯ a c i n i s i s
διαχωρισμό	ð i̯ a x o ɾ i z m o
δου	ð u
είμασταν	i m a s t a n
εικονική	i k o n i c i
ειρηνικά	i ɾ i n i k a
εισοδήματα	i s o ð i m a t a
ελευσίνα	e l e f s i n a
ελκυστική	e l c i s t i c i
ελληνικο	e l i n i k o
εμφανέσ	e ɱ f a n e s
ενεργεία	e n e ɾ ʝ i a
ενοχλούν	e n o x l u n
εξελέγη	e k s e l e ʝ i
εξερεύνηση	e k s e ɾ e v n i s i
επέτειοσ	e p e t i o s
επείγοντα	e p i ɣ o n d a
επιλογη	e p i l o ʝ i
ερασιτεχνικό	e ɾ a s i t e x n i k o
ετικέτα	e t i c e t a
ευγενικό	e v ʝ e n i k o
ζυγίζει	z i ʝ i z i
ζωντανούσ	z o n d a n u s
θέλησή	θ e l i s i
θελετε	θ e l e t e
ιδιωτικόσ	i ð i o t i k o s
ιεράπετρασ	i e ɾ a p e t ɾ a s
ισχυρισμούσ	i s ç i ɾ i z m u s
κάθετα	k a θ e t a
κάμπελ	k a m b e l
καίτη	c e t i
καθαρισμού	k a θ a ɾ i z m u
καθιστούν	k a θ i s t u n
καιροσ	c e ɾ o s
καλωσ	k a l o s
καρφιά	k a ɾ f ç a
κινέζικο	c i n e z i k o
κινήθηκε	c i n i θ i c e
κλειστού	k l i s t u
κλοπέσ	k l o p e s
κλουβί	k l u v i
κοιτάζοντασ	c i t a z o n d a s
κρατούμενουσ	k ɾ a t u m e n u s
κρητικόσ	k ɾ i t i k o s
κυριαρχούν	c i ɾ i a ɾ x u n
κότεσ	k o t e s
λάζαροσ	l a z a ɾ o s
λάουρα	l a u ɾ a
λεν	l e n
λιώσει	ʎ o s i
λοκ	l o k
λοχαγόσ	l o x a ɣ o s
λόρενσ	l o ɾ e n s
μακράν	m a k ɾ a n
μακρια	m a k ɾ i a
μαρσ	m a ɾ s
μελετά	m e l e t a
μεσω	m e s o
μισούν	m i s u n
μισόσ	m i s o s
μπαράκ	b a ɾ a k
μπορειτε	b o ɾ i t e
μυστικών	m i s t i k o n
νίκολασ	n i k o l a s
οίκον	i k o n
οδηγείσ	o ð i ʝ i s
ολοκληρώνει	o l o k l i ɾ o n i
οργανική	o ɾ ɣ a n i c i
ορθόδοξοσ	o ɾ θ o ð o k s o s
ουρέσ	u ɾ e s
ουσιαστικό	u s i a s t i k o
ούρων	u ɾ o n
πάθουσ	p a θ u s
πάθω	p a θ o
παγώσει	p a ɣ o s i
παππούδεσ	p a p u ð e s
παρέασ	p a ɾ e a s
παρακολούθησαν	p a ɾ a k o l u θ i s a n
παραλλαγέσ	p a ɾ a l a ʝ e s
παρθένα	p a ɾ θ e n a
παρθενώνα	p a ɾ θ e n o n a
πασά	p a s a
πατάτα	p a t a t a
πετσέτεσ	p e t͡s e t e s
πετύχω	p e t i x o
πιστά	p i s t a
πλευρών	p l e v ɾ o n
ποδοσφαιρικό	p o ð o s f e ɾ i k o
ποινικού	p i n i k u
πολυτελή	p o l i t e l i
πράκτορα	p ɾ a k t o ɾ a
πρεσβείασ	p ɾ e z v i a s
προγραμματισμόσ	p ɾ o ɣ ɾ a m a t i z m o s
προκειται	p ɾ o c i t e
προκρίθηκε	p ɾ o k ɾ i θ i c e
προσπαθήσουν	p ɾ o s p a θ i s u n
προσωρινήσ	p ɾ o s o ɾ i n i s
ρίχνετε	ɾ i x n e t e
ρίχνουμε	ɾ i x n u m e
ραφήνασ	ɾ a f i n a s
σήμανση	s i m a n s i
σελίδασ	s e l i ð a s
σκαλιά	s k a ʎ a
σκασμό	s k a z m o
σκότωσα	s k o t o s a
σολωμού	s o l o m u
στέκι	s t e c i
στήλεσ	s t i l e s
στοιχήματα	s t i ç i m a t a
στρατηγικέσ	s t ɾ a t i ʝ i c e s
συμμορίασ	s i m o ɾ i a s
συνήθη	s i n i θ i
συνδέουν	s i n ð e u n
σχετικήσ	s ç e t i c i s
σχετικών	s ç e t i k o n
σωτήρη	s o t i ɾ i
τακτικό	t a k t i k o
τεχνολογικό	t e x n o l o ʝ i k o
τζέρι	d͡z e ɾ i
τηλέφωνό	t i l e f o n o
τραγουδούν	t ɾ a ɣ u ð u n
τραυματισμόσ	t ɾ a v m a t i z m o s
υπέστησαν	i p e s t i s a n
φίσερ	f i s e ɾ
φακούσ	f a k u s
φεβ	f e v
φεύγοντασ	f e v ɣ o n d a s
φθάνουν	f θ a n u n
φυτού	f i t u
φωτισμό	f o t i z m o
φώσ	f o s
χειρίζεται	ç i ɾ i z e t e
χθέσ	x θ e s
χωριών	x o ɾ ʝ o n
χόρτα	x o ɾ t a
ψίχουλα	p s i x u l a
όσιοσ	o s i o s
όψεισ	o p s i s
ύδρευσησ	i ð ɾ e f s i s
ύποπτοσ	i p o p t o s
άχρηστη	a x ɾ i s t i
άχρηστοσ	a x ɾ i s t o s
έκαψαν	e k a p s a n
ένοπλη	e n o p l i
έρευνά	e ɾ e v n a
αεροπλάνου	a e ɾ o p l a n u
ακυρώθηκε	a c i ɾ o θ i c e
αλλιωσ	a ʎ o s
αμέ	a m e
αμερικανίδα	a m e ɾ i k a n i ð a
αμυντικό	a m i n d i k o
ανάσεσ	a n a s e s
ανατολικού	a n a t o l i k u
ανθρωπουσ	a n θ ɾ o p u s
αντιμετωπίζεισ	a n d i m e t o p i z i s
αντιπροέδρου	a n d i p ɾ o e ð ɾ u
απέξω	a p e k s o
απίθανη	a p i θ a n i
απίστευτεσ	a p i s t e f t e s
απολαμβάνεισ	a p o l a ɱ v a n i s
απόκλιση	a p o k l i s i
απόφοιτοι	a p o f i t i
απόψεων	a p o p s e o n
αρη	a ɾ i
αριστεροί	a ɾ i s t e ɾ i
αρχιτέκτονασ	a ɾ ç i t e k t o n a s
ασταμάτητα	a s t a m a t i t a
αττικησ	a t i c i s
αυγ	a v ɣ
βάρκεσ	v a ɾ c e s
βίνσεντ	v i n s e n d
βαση	v a s i
βασιλικού	v a s i l i k u
βιασμό	v i a z m o
βιολογικά	v i o l o ʝ i k a
βιώσιμο	v i o s i m o
βλάβησ	v l a v i s
βρεθήκαμε	v ɾ e θ i k a m e
βρωμάει	v ɾ o m a i
βόμβασ	v o ɱ v a s
γέροντασ	ʝ e ɾ o n d a s
γενναία	ʝ e n e a
γεράσιμοσ	ʝ e ɾ a s i m o s
γνήσιο	ɣ n i s i o
γυρίζεισ	ʝ i ɾ i z i s
δείχνετε	ð i x n e t e
διευκρινίσεισ	ð i e f k ɾ i n i s i s
δικηγόρουσ	ð i c i ɣ o ɾ u s
διοτι	ð i o t i
δοε	ð o e
ειπωθεί	i p o θ i
εισαγωγέσ	i s a ɣ o ʝ e s
εκδηλώθηκε	e k ð i l o θ i c e
εκλεγεί	e k l e ʝ i
εκτιμά	e k t i m a
εμαθα	e m a θ a
ενημερώσεισ	e n i m e ɾ o s i s
ενημερώστε	e n i m e ɾ o s t e
εντοπισμού	e n d o p i z m u
εντοπιστεί	e n d o p i s t i
εξασφαλίζοντασ	e k s a s f a l i z o n d a s
εξαφανίστηκαν	e k s a f a n i s t i k a n
εξυπνάδα	e k s i p n a ð a
εξωτερικούσ	e k s o t e ɾ i k u s
επιφέρει	e p i f e ɾ i
ερασιτέχνεσ	e ɾ a s i t e x n e s
ερευνα	e ɾ e v n a
ευγενείσ	e v ʝ e n i s
εχθρών	e x θ ɾ o n
θέλημα	θ e l i m a
ικανότητασ	i k a n o t i t a s
ιστόσ	i s t o s
ιταλούσ	i t a l u s
κάθετη	k a θ e t i
καίνε	c e n e
καθημερινό	k a θ i m e ɾ i n o
καθορίσει	k a θ o ɾ i s i
καθρέφτεσ	k a θ ɾ e f t e s
καθυστερήσει	k a θ i s t e ɾ i s i
κακούσ	k a k u s
καλύψουν	k a l i p s u n
κανόνισε	k a n o n i s e
καραντίνα	k a ɾ a n d i n a
καταδικαστεί	k a t a ð i k a s t i
κατασκευάζει	k a t a s c e v a z i
καυγά	k a v ɣ a
κεπ	c e p
κινεζική	c i n e z i c i
κλήθηκε	k l i θ i c e
κοιτάξω	c i t a k s o
κυβερνητικά	c i v e ɾ n i t i k a
κυκλώματα	c i k l o m a t a
λάτρεισ	l a t ɾ i s
λίπουσ	l i p u s
λασιθίου	l a s i θ i u
λεπτο	l e p t o
λευκέσ	l e f c e s
λιμενικό	l i m e n i k o
λογαριασμού	l o ɣ a ɾ ʝ a z m u
μαγειρεύει	m a ʝ i ɾ e v i
μεγάλωσαν	m e ɣ a l o s a n
μεταδίδεται	m e t a ð i ð e t e
μηνυμάτων	m i n i m a t o n
μικράσ	m i k ɾ a s
μνημείου	m n i m i u
μπάλασ	b a l a s
μπλουμ	b l u m
νίκησαν	n i c i s a n
νατάσα	n a t a s a
ναταλία	n a t a l i a
νεαρών	n e a ɾ o n
νοιάζεσαι	ɲ a z e s e
νομιμοποίηση	n o m i m o p i i s i
νότεσ	n o t e s
ξαδέρφη	k s a ð e ɾ f i
οικολογική	i k o l o ʝ i c i
οικουμενικού	i k u m e n i k u
ορόφουσ	o ɾ o f u s
πάγοσ	p a ɣ o s
παίξτε	p e k s t e
παλαιάσ	p a l e a s
παλιο	p a ʎ o
πανδημία	p a n ð i m i a
πανδημίασ	p a n ð i m i a s
πανελλαδικέσ	p a n e l a ð i c e s
παρέλαβε	p a ɾ e l a v e
παραδέχτηκε	p a ɾ a ð e x t i c e
παραλαβή	p a ɾ a l a v i
πατησίων	p a t i s i o n
περιορισμένεσ	p e ɾ i o ɾ i z m e n e s
πιστεύοντασ	p i s t e v o n d a s
πλαστικέσ	p l a s t i c e s
πληρώνονται	p l i ɾ o n o n d e
πλούταρχοσ	p l u t a ɾ x o s
πολιτισμούσ	p o l i t i z m u s
πολιτιστικού	p o l i t i s t i k u
πουλήθηκε	p u l i θ i c e
πράσινου	p ɾ a s i n u
προβλέψει	p ɾ o v l e p s i
προγραμματισμό	p ɾ o ɣ ɾ a m a t i z m o
προεδροσ	p ɾ o e ð ɾ o s
προτεινόμενη	p ɾ o t i n o m e n i
πρωτογενέσ	p ɾ o t o ʝ e n e s
πρόθεσή	p ɾ o θ e s i
ρίτσι	ɾ i t͡s i
ραούλ	ɾ a u l
ρατσισμό	ɾ a t͡s i z m o
σακίδιο	s a c i ð i o
σημάτων	s i m a t o n
σηματοδοτεί	s i m a t o ð o t i
σκύλων	s c i l o n
σοσιαλισμό	s o s i a l i z m o
σούπερμαν	s u p e ɾ m a n
σταματα	s t a m a t a
στηβ	s t i v
συμπεριλαμβάνει	s i m b e ɾ i l a ɱ v a n i
συμπλήρωσε	s i m b l i ɾ o s e
συνέχισαν	s i n e ç i s a n
συναισθημάτων	s i n e s θ i m a t o n
συνδεδεμένο	s i n ð e ð e m e n o
συνεδρίεσ	s i n e ð ɾ i e s
συνεργάστηκε	s i n e ɾ ɣ a s t i c e
συνθέτη	s i n θ e t i
ταβέρνεσ	t a v e ɾ n e s
ταύροσ	t a v ɾ o s
τηλεοπτικού	t i l e o p t i k u
τιμήθηκε	t i m i θ i c e
τοποθετήσει	t o p o θ e t i s i
τρελέσ	t ɾ e l e s
τριαντάφυλλο	t ɾ i a n d a f i l o
υπεράνω	i p e ɾ a n o
υπηρέτεσ	i p i ɾ e t e s
υπηρετήσει	i p i ɾ e t i s i
υφάσματα	i f a z m a t a
φαξ	f a k s
φθινοπώρου	f θ i n o p o ɾ u
φιλάθλουσ	f i l a θ l u s
φιλανθρωπικό	f i l a n θ ɾ o p i k o
φιλικόσ	f i l i k o s
φου	f u
φώναζαν	f o n a z a n
χαλάνδρι	x a l a n ð ɾ i
χαρίσει	x a ɾ i s i
χορηγία	x o ɾ i ʝ i a
χούφτα	x u f t a
χρηματικό	x ɾ i m a t i k o
χτυπάμε	x t i p a m e
χόλυγουντ	x o l i ɣ u n d
ψυχικό	p s i ç i k o
άσμα	a z m a
άχρηστο	a x ɾ i s t o
έμεναν	e m e n a n
έποσ	e p o s
αγωνιστικά	a ɣ o n i s t i k a
αδύναμη	a ð i n a m i
αθλητικήσ	a θ l i t i c i s
ακίνητη	a c i n i t i
ακίνητο	a c i n i t o
αλέκοσ	a l e k o s
αλλαγη	a l a ʝ i
αναδειχθεί	a n a ð i x θ i
ανακοινώσει	a n a c i n o s i
αναλάβουν	a n a l a v u n
αναφέρθηκαν	a n a f e ɾ θ i k a n
ανεξάρτητεσ	a n e k s a ɾ t i t e s
ανεξάρτητησ	a n e k s a ɾ t i t i s
αντίληψησ	a n d i l i p s i s
ανταγωνιστέσ	a n d a ɣ o n i s t e s
αντιλαμβάνεσαι	a n d i l a ɱ v a n e s e
αντιπάλου	a n d i p a l u
αποκαλείται	a p o k a l i t e
αποτίμηση	a p o t i m i s i
απόστασησ	a p o s t a s i s
αριστούργημα	a ɾ i s t u ɾ ʝ i m a
ασυνήθιστη	a s i n i θ i s t i
αυξημένεσ	a f k s i m e n e s
βαμβάκι	v a ɱ v a c i
βασιλείασ	v a s i l i a s
βιομηχανικό	v i o m i x a n i k o
βρώμικα	v ɾ o m i k a
βυζαντινό	v i z a n d i n o
βυζια	v i z i a
γνωρίσετε	ɣ n o ɾ i s e t e
γυρω	ʝ i ɾ o
δίχτυα	ð i x t i a
δαπανών	ð a p a n o n
δασκάλου	ð a s k a l u
δημοκρατικά	ð i m o k ɾ a t i k a
διάδοχοσ	ð i̯ a ð o x o s
διαδρόμου	ð i̯ a ð ɾ o m u
δικαιούται	ð i c e u t e
δοκιμάσεισ	ð o c i m a s i s
ειρηνική	i ɾ i n i c i
εκκλησάκι	e k l i s a c i
εκτελέσεισ	e k t e l e s i s
ελτα	e l t a
ενδεκάδα	e n ð e k a ð a
επίτευγμα	e p i t e v ɣ m a
επιτυχήσ	e p i t i ç i s
επιχείρησαν	e p i ç i ɾ i s a n
ζωτικήσ	z o t i c i s
ηρθεσ	i ɾ θ e s
θεματα	θ e m a t a
θεμελιώδη	θ e m e ʎ o ð i
θυμήσου	θ i m i s u
ισπανόσ	i s p a n o s
ισότητασ	i s o t i t a s
καθορισμό	k a θ o ɾ i z m o
καθρέφτησ	k a θ ɾ e f t i s
καλύβα	k a l i v a
καναδάσ	k a n a ð a s
καπου	k a p u
καραγιάννη	k a ɾ a ʝ a n i
κατεβάσει	k a t e v a s i
κατόρθωσε	k a t o ɾ θ o s e
κεν	c e n
κενή	c e n i
κιν	c i n
κλέφτη	k l e f t i
κλήσησ	k l i s i s
κορν	k o ɾ n
κορυφέσ	k o ɾ i f e s
λένα	l e n a
λεωνίδα	l e o n i ð a
λουκάνικο	l u k a n i k o
λυπαμαι	l i p a m e
μάθιου	m a θ ç u
μένετε	m e n e t e
μαυρο	m a v ɾ o
μεσαίου	m e s e u
μεταφράζεται	m e t a f ɾ a z e t e
μνημονίων	m n i m o n i o n
μονό	m o n o
μοτίβα	m o t i v a
μυρίζουν	m i ɾ i z u n
νομούσ	n o m u s
ξυπνήστε	k s i p n i s t e
ομάρ	o m a ɾ
ομοίωσ	o m i o s
παρατηρεί	p a ɾ a t i ɾ i
πεκίνο	p e c i n o
περιορισμένησ	p e ɾ i o ɾ i z m e n i s
πετάξτε	p e t a k s t e
πιθανών	p i θ a n o n
πικ	p i k
πνευματικών	p n e v m a t i k o n
ποντίων	p o n d i o n
πράσινοι	p ɾ a s i n i
πρακτικών	p ɾ a k t i k o n
προγόνων	p ɾ o ɣ o n o n
προσδιορισμόσ	p ɾ o z ð i o ɾ i z m o s
πυρήνεσ	p i ɾ i n e s
πυροβολεί	p i ɾ o v o l i
ρήγμα	ɾ i ɣ m a
ρουμανίασ	ɾ u m a n i a s
ρωτήσετε	ɾ o t i s e t e
στάθμευσησ	s t a θ m e f s i s
στάλθηκε	s t a l θ i c e
στίγμα	s t i ɣ m a
στίχο	s t i x o
συγκλονιστική	s i ŋ ɡ l o n i s t i c i
συνήγοροσ	s i n i ɣ o ɾ o s
συναρπαστική	s i n a ɾ p a s t i c i
συνειδητά	s i n i ð i t a
σχέδιό	s ç e ð ʝ o
σχηματίστηκε	s ç i m a t i s t i c e
σχολη	s x o l i
σωτήρα	s o t i ɾ a
σύνταξησ	s i n d a k s i s
τίγρη	t i ɣ ɾ i
ταξική	t a k s i c i
τελετέσ	t e l e t e s
τελικούσ	t e l i k u s
τηλεθεατέσ	t i l e θ e a t e s
τικ	t i k
τοσ	t o s
τούβλα	t u v l a
τραπεζα	t ɾ a p e z a
τραυματίστηκαν	t ɾ a v m a t i s t i k a n
τροχούσ	t ɾ o x u s
τυποσ	t i p o s
τυφλό	t i f l o
τόνοσ	t o n o s
υποκρισία	i p o k ɾ i s i a
φακόσ	f a k o s
φανταστείσ	f a n d a s t i s
φθηνά	f θ i n a
χαιρετισμούσ	ç e ɾ e t i z m u s
χαλ	x a l
χαλανδρίου	x a l a n ð ɾ i u
χειρισμό	ç i ɾ i z m o
χωρίζεται	x o ɾ i z e t e
χωρίζουν	x o ɾ i z u n
χόρτο	x o ɾ t o
ψάξεισ	p s a k s i s
ψηφοφορίασ	p s i f o f o ɾ i a s
ψυχίατρο	p s i ç i a t ɾ o
ψυχικήσ	p s i ç i c i s
άμμοσ	a m o s
άνεργοσ	a n e ɾ ɣ o s
άνετη	a n e t i
άνετο	a n e t o
άρματα	a ɾ m a t a
άρπαξε	a ɾ p a k s e
αδερφήσ	a ð e ɾ f i s
αθηναϊκό	a θ i n a i k o
αισθητικήσ	e s θ i t i c i s
αλλεργία	a l e ɾ ʝ i a
αλλουσ	a l u s
ανήκαν	a n i k a n
αναρωτιούνται	a n a ɾ o t ç u n d e
αναφερόμενοσ	a n a f e ɾ o m e n o s
αντιδήμαρχοσ	a n d i ð i m a ɾ x o s
αντικειμενική	a n d i c i m e n i c i
αξιόπιστη	a k s i o p i s t i
απέστειλε	a p e s t i l e
απήχηση	a p i ç i s i
απίστευτοσ	a p i s t e f t o s
απλούσ	a p l u s
αποδοθεί	a p o ð o θ i
απομακρύνεται	a p o m a k ɾ i n e t e
απορρόφηση	a p o ɾ o f i s i
αποτοξίνωση	a p o t o k s i n o s i
απόλυτοσ	a p o l i t o s
αραβίασ	a ɾ a v i a s
αρκετών	a ɾ c e t o n
ατάκεσ	a t a c e s
αφήσ	a f i s
βίαιο	v i e o
βαρών	v a ɾ o n
βγήκαμε	v ʝ i k a m e
βγεί	v ʝ i
βιάζεσαι	v i a z e s e
βωμό	v o m o
γαλλικέσ	ɣ a l i c e s
γενεύη	ʝ e n e v i
γύρισαν	ʝ i ɾ i s a n
δεχτούμε	ð e x t u m e
δηλώνοντασ	ð i l o n o n d a s
διαφοράσ	ð i̯ a f o ɾ a s
διδάκτωρ	ð i ð a k t o ɾ
δυναμη	ð i n a m i
εβραίοσ	e v ɾ e o s
ειδοποιήσεισ	i ð o p i i s i s
ειχαμε	i x a m e
εκδικηθεί	e k ð i c i θ i
εκτελούν	e k t e l u n
ελπιζω	e l p i z o
ενάμιση	e n a m i s i
ενοχλητικό	e n o x l i t i k o
εξασφάλιση	e k s a s f a l i s i
επέμενε	e p e m e n e
επιστρέφοντασ	e p i s t ɾ e f o n d a s
επιτυχή	e p i t i ç i
εστίασησ	e s t i a s i s
εστω	e s t o
ιδ	i ð
ιδανικόσ	i ð a n i k o s
ιθαγένεια	i θ a ʝ e n i a
ιππότη	i p o t i
κάρι	k a ɾ i
κήρυγμα	c i ɾ i ɣ m a
κίνδυνοι	c i n ð i n i
κίτρινα	c i t ɾ i n a
καθοριστεί	k a θ o ɾ i s t i
καθόμουν	k a θ o m u n
κακο	k a k o
κανονισμό	k a n o n i z m o
κατέλαβαν	k a t e l a v a n
κατοικούν	k a t i k u n
καφε	k a f e
κεφαλονιάσ	c e f a l o ɲ a s
κλάψω	k l a p s o
κλειστέσ	k l i s t e s
κομμουνιστικό	k o m u n i s t i k o
κορυφαίων	k o ɾ i f e o n
κρέμεσ	k ɾ e m e s
κόσμουσ	k o z m u s
κόψτε	k o p s t e
λάβουμε	l a v u m e
λίζα	l i z a
λεπτομερή	l e p t o m e ɾ i
λεπτού	l e p t u
λου	l u
λουίσ	l u i s
λόφου	l o f u
μαζέψω	m a z e p s o
μανίκι	m a n i c i
μαρίνασ	m a ɾ i n a s
μαύρουσ	m a v ɾ u s
μεγαλύτερων	m e ɣ a l i t e ɾ o n
μειονέκτημα	m i o n e k t i m a
μηχανικούσ	m i x a n i k u s
μοιραστούμε	m i ɾ a s t u m e
μπλέ	b l e
μπροστινή	b ɾ o s t i n i
μόργκαν	m o ɾ ɡ a n
νίνα	n i n a
ναζιστική	n a z i s t i c i
ναυτικών	n a f t i k o n
νικά	n i k a
νοσοκομείων	n o s o k o m i o n
νόμιζεσ	n o m i z e s
ξεκινήσεισ	k s e c i n i s i s
οδηγείται	o ð i ʝ i t e
οικισμούσ	i c i z m u s
οικουμενικό	i k u m e n i k o
ονειρεύεται	o n i ɾ e v e t e
ονομαζόταν	o n o m a z o t a n
πάολο	p a o l o
παιχνιδι	p e x n i ð i
παπαδάκησ	p a p a ð a c i s
παραβάσεισ	p a ɾ a v a s i s
πειρασμό	p i ɾ a z m o
πεμπτη	p e m p t i
περιορίσει	p e ɾ i o ɾ i s i
περιορισμόσ	p e ɾ i o ɾ i z m o s
πληρωθεί	p l i ɾ o θ i
ποινικέσ	p i n i c e s
πουλήσουν	p u l i s u n
πραγματικού	p ɾ a ɣ m a t i k u
προκριματικά	p ɾ o k ɾ i m a t i k a
προτιμούσα	p ɾ o t i m u s a
πρωτότυπη	p ɾ o t o t i p i
πυροβολισμοί	p i ɾ o v o l i z m i
πυροβόλα	p i ɾ o v o l a
σαφείσ	s a f i s
σιδηροδρομικό	s i ð i ɾ o ð ɾ o m i k o
σοσιαλισμού	s o s i a l i z m u
σπουδαστέσ	s p u ð a s t e s
στάθμη	s t a θ m i
στίχοσ	s t i x o s
στατιστικήσ	s t a t i s t i c i s
στεγάζεται	s t e ɣ a z e t e
στοιχημα	s t i ç i m a
συγκεντρώνονται	s i ŋ ɟ e n d ɾ o n o n d e
συγκοινωνίεσ	s i ŋ ɟ i n o n i e s
συζητούν	s i z i t u n
συλλογικά	s i l o ʝ i k a
συμμαχίεσ	s i m a ç i e s
συνδικαλιστέσ	s i n ð i k a l i s t e s
συνεργάζονται	s i n e ɾ ɣ a z o n d e
συνιστάται	s i n i s t a t e
σχεδον	s ç e ð o n
σωματιδίων	s o m a t i ð i o n
σύμβουλοι	s i ɱ v u l i
τίγρησ	t i ɣ ɾ i s
τακ	t a k
ταμπλό	t a b l o
ταυτοποίηση	t a f t o p i i s i
τερματοφύλακασ	t e ɾ m a t o f i l a k a s
τεταρτη	t e t a ɾ t i
τουριστικέσ	t u ɾ i s t i c e s
τραπεζαρία	t ɾ a p e z a ɾ i a
τραυματισμού	t ɾ a v m a t i z m u
τρελαίνει	t ɾ e l e n i
τυφώνασ	t i f o n a s
υπενθύμιση	i p e n θ i m i s i
υπερασπίζεται	i p e ɾ a s p i z e t e
υποχωρήσει	i p o x o ɾ i s i
υπόσταση	i p o s t a s i
φιλίεσ	f i l i e s
φράουλεσ	f ɾ a u l e s
χαμ	x a m
χειροκρότημα	ç i ɾ o k ɾ o t i m a
χολμσ	x o l m s
χορούσ	x o ɾ u s
χρησιμοποιήσεισ	x ɾ i s i m o p i i s i s
χτυπούσε	x t i p u s e
ψαράδεσ	p s a ɾ a ð e s
ψυχαγωγίασ	p s i x a ɣ o ʝ i a s
ωφελεί	o f e l i
όλ	o l
άριστη	a ɾ i s t i
άρρωστο	a ɾ o s t o
έβρο	e v ɾ o
έστησαν	e s t i s a n
αίματα	e m a t a
ακολουθείται	a k o l u θ i t e
αλλωστε	a l o s t e
αμιγώσ	a m i ɣ o s
ανάγκασαν	a n a ŋ ɡ a s a n
ανάγνωσησ	a n a ɣ n o s i s
αναταραχή	a n a t a ɾ a ç i
ανοησίεσ	a n o i s i e s
ανοιχτόσ	a n i x t o s
αντικαταστάθηκε	a n d i k a t a s t a θ i c e
αντισταθεί	a n d i s t a θ i
αξιόλογο	a k s i o l o ɣ o
αποδέχεται	a p o ð e ç e t e
απόθεμα	a p o θ e m a
ασφάλισησ	a s f a l i s i s
βάλατε	v a l a t e
βάσανα	v a s a n a
βίβλοσ	v i v l o s
βανίλια	v a n i ʎ a
βασικού	v a s i k u
βούλασ	v u l a s
γα	ɣ a
γκαράζ	ɡ a ɾ a z
γκράχαμ	ɡ ɾ a x a m
δασκάλων	ð a s k a l o n
δημοσιεύσει	ð i m o s i e f s i
διέλευση	ð i e l e f s i
διέξοδο	ð i e k s o ð o
διανυκτερεύσεισ	ð i̯ a n i k t e ɾ e f s i s
διεκδικούν	ð i e k ð i k u n
διευθέτηση	ð i e f θ e t i s i
διπλέσ	ð i p l e s
δοχεία	ð o ç i a
δραχμή	ð ɾ a x m i
δυσλειτουργία	ð i s l i t u ɾ ʝ i a
δυτικών	ð i t i k o n
δόξασ	ð o k s a s
εγγυήσεισ	e ŋ ɟ i i s i s
εγκαύματα	e ŋ ɡ a v m a t a
εισβολείσ	i z v o l i s
εκδηλώνεται	e k ð i l o n e t e
εκθέτει	e k θ e t i
εκτελεστική	e k t e l e s t i c i
ενίσχυσησ	e n i s ç i s i s
ενορίασ	e n o ɾ i a s
εξετάζεται	e k s e t a z e t e
εξόδουσ	e k s o ð u s
επαγγελματικού	e p a ŋ ɟ e l m a t i k u
επιβιώσουν	e p i v i o s u n
επιδρομέσ	e p i ð ɾ o m e s
επικείμενη	e p i c i m e n i
εραστέσ	e ɾ a s t e s
ερωτεύτηκε	e ɾ o t e f t i c e
ευτυχήσ	e f t i ç i s
ζωγραφίζει	z o ɣ ɾ a f i z i
ηχεία	i ç i a
θέρετρο	θ e ɾ e t ɾ o
θε	θ e
ικανοποιεί	i k a n o p i i
ινδίασ	i n ð i a s
κέρατα	c e ɾ a t a
καθαρέσ	k a θ a ɾ e s
καλαμαριάσ	k a l a m a ɾ ʝ a s
καλλιτεχνικά	k a l i t e x n i k a
κατάληψησ	k a t a l i p s i s
καταλόγουσ	k a t a l o ɣ u s
κατασκευάσει	k a t a s c e v a s i
κινητή	c i n i t i
κλάρα	k l a ɾ a
κλαίνε	k l e n e
κλείδωσε	k l i ð o s e
κοιμηθείτε	c i m i θ i t e
κοσμά	k o z m a
κοστίσει	k o s t i s i
κουπόνι	k u p o n i
κρύψεισ	k ɾ i p s i s
κτηνοτροφία	k t i n o t ɾ o f i a
κυβερνητικήσ	c i v e ɾ n i t i c i s
λαύριο	l a v ɾ i o
λουτρά	l u t ɾ a
λούκα	l u k a
μάνησ	m a n i s
μίκησ	m i c i s
μακεδονικού	m a c e ð o n i k u
μακράσ	m a k ɾ a s
μαρτυρούν	m a ɾ t i ɾ u n
μερών	m e ɾ o n
μετακίνησησ	m e t a c i n i s i s
μετράνε	m e t ɾ a n e
μικρη	m i k ɾ i
μυστικόσ	m i s t i k o s
νυχτα	n i x t a
ξυπνάσ	k s i p n a s
οδηγήθηκε	o ð i ʝ i θ i c e
ολοκληρωτική	o l o k l i ɾ o t i c i
ολυμπίασ	o l i m b i a s
ομέρ	o m e ɾ
οποιασδήποτε	o p i a z ð i p o t e
οργανικών	o ɾ ɣ a n i k o n
ορμή	o ɾ m i
ορυχείο	o ɾ i ç i o
οφείλουμε	o f i l u m e
πάσο	p a s o
πέσουμε	p e s u m e
πίστεωσ	p i s t e o s
πανελλήνιοσ	p a n e l i n i o s
παπαδάκη	p a p a ð a c i
παράλληλεσ	p a ɾ a l i l e s
παρατηρητήσ	p a ɾ a t i ɾ i t i s
περίπτερα	p e ɾ i p t e ɾ a
περιελάμβανε	p e ɾ i e l a ɱ v a n e
περιουσίεσ	p e ɾ i u s i e s
περιστέρια	p e ɾ i s t e ɾ ʝ a
πετυχημένη	p e t i ç i m e n i
πιέρ	p ç e ɾ
πλαστά	p l a s t a
πολυκατοικίασ	p o l i k a t i c i a s
πονάω	p o n a o
πορτα	p o ɾ t a
πορτογαλίασ	p o ɾ t o ɣ a l i a s
προστεθεί	p ɾ o s t e θ i
προσφέρθηκε	p ɾ o s f e ɾ θ i c e
προτάσεων	p ɾ o t a s e o n
προϋπολογισμόσ	p ɾ o i p o l o ʝ i z m o s
πρόβεσ	p ɾ o v e s
πρόδωσε	p ɾ o ð o s e
πρόθυμοι	p ɾ o θ i m i
πτυχία	p t i ç i a
πόστο	p o s t o
ράιχ	ɾ a i x
ράλλη	ɾ a l i
ρόμα	ɾ o m a
σελίδων	s e l i ð o n
σκάσω	s k a s o
σκέφτηκεσ	s c e f t i c e s
σκόρδο	s k o ɾ ð o
σορόσ	s o ɾ o s
στάχτεσ	s t a x t e s
στέγαση	s t e ɣ a s i
συμμετέχοντασ	s i m e t e x o n d a s
συνήθιζε	s i n i θ i z e
συνίσταται	s i n i s t a t e
συνθετικό	s i n θ e t i k o
συχνό	s i x n o
σχετικα	s ç e t i k a
τέθηκαν	t e θ i k a n
τερματίσει	t e ɾ m a t i s i
τοπίου	t o p i u
τραυματισμούσ	t ɾ a v m a t i z m u s
τρόμοσ	t ɾ o m o s
τρόπαιο	t ɾ o p e o
τόξου	t o k s u
υποτροφίεσ	i p o t ɾ o f i e s
υψηλόσ	i p s i l o s
φαί	f e
φιλάκια	f i l a c a
φιλολογίασ	f i l o l o ʝ i a s
φουλ	f u l
φωτίζει	f o t i z i
φύλαξη	f i l a k s i
χημικό	ç i m i k o
χορευτέσ	x o ɾ e f t e s
χρωστάμε	x ɾ o s t a m e
ψηφίζει	p s i f i z i
όρθιοι	o ɾ θ i i
άγιον	a ʝ o n
άλσοσ	a l s o s
άφησεσ	a f i s e s
ένεση	e n e s i
αβ	a v
αγαπητόσ	a ɣ a p i t o s
αγοράσουμε	a ɣ o ɾ a s u m e
αδύναμοσ	a ð i n a m o s
ακουστικό	a k u s t i k o
ακτήσ	a k t i s
ανατρέψει	a n a t ɾ e p s i
ανοίγοντασ	a n i ɣ o n d a s
αντικαθιστά	a n d i k a θ i s t a
ανόητοσ	a n o i t o s
απέσπασε	a p e s p a s e
απαντηση	a p a n d i s i
απεργίασ	a p e ɾ ʝ i a s
αποσπάσει	a p o s p a s i
αποτυχίεσ	a p o t i ç i e s
απρ	a p ɾ
αργυρό	a ɾ ʝ i ɾ o
αρκετόσ	a ɾ c e t o s
αρχαιότητασ	a ɾ ç e o t i t a s
ασυλία	a s i l i a
ατομα	a t o m a
αυστηρό	a f s t i ɾ o
αυταπάτεσ	a f t a p a t e s
αυτομάτωσ	a f t o m a t o s
αυτόματη	a f t o m a t i
αφροδίτησ	a f ɾ o ð i t i s
γεννήσει	ʝ e n i s i
γερμανίδα	ʝ e ɾ m a n i ð a
δίκαιοσ	ð i c e o s
δίνοντάσ	ð i n o n d a s
δίωξησ	ð i o k s i s
δανεισμού	ð a n i z m u
δείχνουμε	ð i x n u m e
δημοκρατικέσ	ð i m o k ɾ a t i c e s
διεκδικήσεισ	ð i e k ð i c i s i s
δικαστηρίων	ð i k a s t i ɾ i o n
δικαστών	ð i k a s t o n
διπλωματικό	ð i p l o m a t i k o
δολοφόνου	ð o l o f o n u
δωράκι	ð o ɾ a c i
εισβολήσ	i z v o l i s
εκκλησιαστικήσ	e k l i s i a s t i c i s
ελέγχονται	e l e ŋ x o n d e
εμφανήσ	e ɱ f a n i s
ενθαρρύνει	e n θ a ɾ i n i
εντοπίσουν	e n d o p i s u n
εξετάσουμε	e k s e t a s u m e
εξουσιοδότηση	e k s u s i o ð o t i s i
επίτιμοσ	e p i t i m o s
επιβληθεί	e p i v l i θ i
επιμένουν	e p i m e n u n
εστίασ	e s t i a s
ευγενή	e v ʝ e n i
ευθύνονται	e f θ i n o n d e
εφαρμόζονται	e f a ɾ m o z o n d e
ηρεμήσει	i ɾ e m i s i
θεοδώρου	θ e o ð o ɾ u
θεολόγοσ	θ e o l o ɣ o s
θερινή	θ e ɾ i n i
θετικών	θ e t i k o n
θρίαμβοσ	θ ɾ i a ɱ v o s
ικαρία	i k a ɾ i a
ιστότοποσ	i s t o t o p o s
κάρλο	k a ɾ l o
καρφί	k a ɾ f i
κατερίνασ	k a t e ɾ i n a s
κλεμμένα	k l e m e n a
κλισέ	k l i s e
κοινοτικό	c i n o t i k o
κομμουνιστική	k o m u n i s t i c i
κρίνουν	k ɾ i n u n
κυνηγά	c i n i ɣ a
κυνηγοί	c i n i ʝ i
λίγων	l i ɣ o n
λεμε	l e m e
λούνα	l u n a
μαγνητικό	m a ɣ n i t i k o
μαθηματικό	m a θ i m a t i k o
μακρινή	m a k ɾ i n i
ματιού	m a t ç u
μειώνονται	m i o n o n d e
μεταβεί	m e t a v i
μεταλλική	m e t a l i c i
μετατρέπονται	m e t a t ɾ e p o n d e
μηδενικό	m i ð e n i k o
μηχανικά	m i x a n i k a
μοιραστώ	m i ɾ a s t o
μουρ	m u ɾ
μωρο	m o ɾ o
νάπολι	n a p o l i
νήματα	n i m a t a
νεοσ	n e o s
νομοθετικό	n o m o θ e t i k o
ντένισ	d e n i s
ξαναπεί	k s a n a p i
οδικού	o ð i k u
οικουμενική	i k u m e n i c i
ολοκαυτώματοσ	o l o k a f t o m a t o s
ονομάζουν	o n o m a z u n
ονόμασε	o n o m a s e
ορατή	o ɾ a t i
ορλεάνη	o ɾ l e a n i
ορμόνεσ	o ɾ m o n e s
ορφανά	o ɾ f a n a
πάνεσ	p a n e s
πάτα	p a t a
πέδρο	p e ð ɾ o
πέτα	p e t a
πανελληνίου	p a n e l i n i u
πανηγύρισε	p a n i ʝ i ɾ i s e
παρέεσ	p a ɾ e e s
παρθένοσ	p a ɾ θ e n o s
παρουσίαζε	p a ɾ u s i a z e
παροχέσ	p a ɾ o ç e s
παυλόπουλοσ	p a v l o p u l o s
πελοπόννησοσ	p e l o p o n i s o s
περιβάλλει	p e ɾ i v a l i
πλάτουσ	p l a t u s
πλήθουσ	p l i θ u s
πλήττει	p l i t i
ποιητικό	p i i t i k o
πρακτικό	p ɾ a k t i k o
πραξικοπήματοσ	p ɾ a k s i k o p i m a t o s
προετοιμασίεσ	p ɾ o e t i m a s i e s
προορίζεται	p ɾ o o ɾ i z e t e
προσβάλλει	p ɾ o z v a l i
προσπαθήσεισ	p ɾ o s p a θ i s i s
προφυλακτικό	p ɾ o f i l a k t i k o
πυραμίδα	p i ɾ a m i ð a
πόνουσ	p o n u s
πόντοι	p o n d i
ρωσίδα	ɾ o s i ð a
ρωτάνε	ɾ o t a n e
σίδηρο	s i ð i ɾ o
σακάκι	s a k a c i
σπένσερ	s p e n s e ɾ
στήθουσ	s t i θ u s
στατιστικέσ	s t a t i s t i c e s
στραφεί	s t ɾ a f i
συγκεντρωθεί	s i ŋ ɟ e n d ɾ o θ i
συζητήσεων	s i z i t i s e o n
συμπαίκτεσ	s i m b e k t e s
συμπεριφέρονται	s i m b e ɾ i f e ɾ o n d e
συνωμοσίασ	s i n o m o s i a s
συστατικών	s i s t a t i k o n
σφάλματα	s f a l m a t a
σωμα	s o m a
τάγματα	t a ɣ m a t a
ταύρο	t a v ɾ o
τελείωνε	t e l i o n e
τελετουργικό	t e l e t u ɾ ʝ i k o
τζαι	d͡z e
τζι	d͡z i
τζιπ	d͡z i p
τηλεθέασησ	t i l e θ e a s i s
τμημα	t m i m a
τρομακτική	t ɾ o m a k t i c i
τυφλή	t i f l i
τόμσον	t o m s o n
τύμπανα	t i m b a n a
υπάγεται	i p a ʝ e t e
υπολογισμού	i p o l o ʝ i z m u
φαντάζεστε	f a n d a z e s t e
φιλάθλων	f i l a θ l o n
φοράμε	f o ɾ a m e
φράγκο	f ɾ a ŋ ɡ o
φτιάξτε	f t ç a k s t e
χαρακτηρισμό	x a ɾ a k t i ɾ i z m o
χιλιοστά	ç i ʎ o s t a
χιου	ç u
χρειάστηκαν	x ɾ i a s t i k a n
χρειαστείσ	x ɾ i a s t i s
χρησιμότητα	x ɾ i s i m o t i t a
χριστοδούλου	x ɾ i s t o ð u l u
χτένισμα	x t e n i z m a
ωνάση	o n a s i
άκησ	a c i s
άντερσον	a n d e ɾ s o n
άντζελα	a n d͡z e l a
έμβρυο	e ɱ v ɾ i o
έστελνε	e s t e l n e
έστησε	e s t i s e
έχτισε	e x t i s e
αγωνίσματα	a ɣ o n i z m a t a
αιτωλοακαρνανία	e t o l o a k a ɾ n a n i a
αλά	a l a
αλβανούσ	a l v a n u s
αμέτρητεσ	a m e t ɾ i t e s
αμαλία	a m a l i a
ανάβαση	a n a v a s i
ανέβηκαν	a n e v i k a n
αναδρομή	a n a ð ɾ o m i
αναλυτέσ	a n a l i t e s
αναμένουμε	a n a m e n u m e
αναπνέει	a n a p n e i
ανατροπέσ	a n a t ɾ o p e s
ανατροφή	a n a t ɾ o f i
ανεξάρτητων	a n e k s a ɾ t i t o n
απέδωσε	a p e ð o s e
απανταχού	a p a n d a x u
αποβλήτων	a p o v l i t o n
αποικίεσ	a p i c i e s
απορρίψει	a p o ɾ i p s i
αποτυχημένη	a p o t i ç i m e n i
απόλυτησ	a p o l i t i s
αρχιτέκτονα	a ɾ ç i t e k t o n a
ασβέστιο	a z v e s t i o
αστυνομικά	a s t i n o m i k a
ασφαλιστικών	a s f a l i s t i k o n
ασφυξία	a s f i k s i a
ατυχήματοσ	a t i ç i m a t o s
αφ	a f
αφηγείται	a f i ʝ i t e
αχιλλέα	a ç i l e a
βαρέλια	v a ɾ e ʎ a
βικτώρια	v i k t o ɾ ʝ a
βραβεύτηκε	v ɾ a v e f t i c e
γάλλο	ɣ a l o
γίγαντασ	ʝ i ɣ a n d a s
γεννά	ʝ e n a
γερμανικόσ	ʝ e ɾ m a n i k o s
γκάμα	ɡ a m a
γυναικείου	ʝ i n e c i u
δέμα	ð e m a
δέσιμο	ð e s i m o
δημητριακών	ð i m i t ɾ i a k o n
διαδικτυακά	ð i̯ a ð i k t i a k a
διαδρόμουσ	ð i̯ a ð ɾ o m u s
διαλύεται	ð i̯ a l i e t e
διεκδίκησε	ð i e k ð i c i s e
δυσαρέσκεια	ð i s a ɾ e s c i a
εαυτο	e a f t o
εκλογήσ	e k l o ʝ i s
εκτίθεται	e k t i θ e t e
ελεγχόμενη	e l e ŋ x o m e n i
ελπίσουμε	e l p i s u m e
εμετό	e m e t o
εξαγωγών	e k s a ɣ o ɣ o n
εξυπηρετούν	e k s i p i ɾ e t u n
επέστρεφε	e p e s t ɾ e f e
επίσκεψησ	e p i s c e p s i s
επαρκώσ	e p a ɾ k o s
εργάτησ	e ɾ ɣ a t i s
ετων	e t o n
ευελπίδων	e v e l p i ð o n
ζάχαρησ	z a x a ɾ i s
ζεστόσ	z e s t o s
ηθοποιών	i θ o p i o n
θέτοντασ	θ e t o n d a s
θήβασ	θ i v a s
θεολογίασ	θ e o l o ʝ i a s
θετικόσ	θ e t i k o s
θεϊκή	θ e i c i
θυμίζεισ	θ i m i z i s
ιδιαίτερησ	i ð i e t e ɾ i s
ιστοσελίδων	i s t o s e l i ð o n
ισχυρίστηκε	i s ç i ɾ i s t i c e
κανονισμοί	k a n o n i z m i
καπέλα	k a p e l a
καπιταλισμού	k a p i t a l i z m u
καρποί	k a ɾ p i
καρχαρία	k a ɾ x a ɾ i a
καρότσι	k a ɾ o t͡s i
κατάγεται	k a t a ʝ e t e
καταρχήν	k a t a ɾ ç i n
καταυλισμό	k a t a v l i z m o
κατείχε	k a t i ç e
κλεμμένο	k l e m e n o
κνε	k n e
κονσόλα	k o n s o l a
κορδέλα	k o ɾ ð e l a
κοροϊδεύεισ	k o ɾ o i̯ ð e v i s
κρατήσετε	k ɾ a t i s e t e
κρουαζιέρα	k ɾ u a z ʝ e ɾ a
κυβερνητικού	c i v e ɾ n i t i k u
κόβουμε	k o v u m e
κόλπουσ	k o l p u s
λάπτοπ	l a p t o p
λαγόσ	l a ɣ o s
λοιμώξεισ	l i m o k s i s
λυπηρό	l i p i ɾ o
λύκο	l i k o
μάρμαρα	m a ɾ m a ɾ a
μαγικέσ	m a ʝ i c e s
μεταβολισμό	m e t a v o l i z m o
μετακομίσει	m e t a k o m i s i
μηχανισμοί	m i x a n i z m i
μονίμωσ	m o n i m o s
μουσταφά	m u s t a f a
μπάρεσ	b a ɾ e s
ναυτική	n a f t i c i
νεασ	n e a s
νεκρέσ	n e k ɾ e s
νόμιζαν	n o m i z a n
οικολογικό	i k o l o ʝ i k o
ολυμπιακήσ	o l i m b i a c i s
ομαδικά	o m a ð i k a
ομελέτα	o m e l e t a
οντωσ	o n d o s
οργανικά	o ɾ ɣ a n i k a
ορθόδοξησ	o ɾ θ o ð o k s i s
οριστικό	o ɾ i s t i k o
πίτασ	p i t a s
παραγωγών	p a ɾ a ɣ o ɣ o n
παρατηρηθεί	p a ɾ a t i ɾ i θ i
παρουσίασαν	p a ɾ u s i a s a n
περιπου	p e ɾ i p u
πιστέψουμε	p i s t e p s u m e
πλάσματοσ	p l a z m a t o s
πλήρωσαν	p l i ɾ o s a n
πλαγιέσ	p l a ʝ e s
πλειοψηφίασ	p l i o p s i f i a s
πλοίαρχοσ	p l i a ɾ x o s
πολύπλοκο	p o l i p l o k o
πονάνε	p o n a n e
πρίγκηπα	p ɾ i ŋ ɟ i p a
προδρόμου	p ɾ o ð ɾ o m u
προκαλούνται	p ɾ o k a l u n d e
προτίμησε	p ɾ o t i m i s e
προτεραιότητεσ	p ɾ o t e ɾ e o t i t e s
πρόσ	p ɾ o s
πυρηνικών	p i ɾ i n i k o n
πόνεσε	p o n e s e
ρίβερ	ɾ i v e ɾ
ρομπέρτο	ɾ o b e ɾ t o
ρου	ɾ u
ρωμαίοσ	ɾ o m e o s
ρώτησαν	ɾ o t i s a n
σέβεσαι	s e v e s e
σεβ	s e v
σημερινόσ	s i m e ɾ i n o s
σκεφτούν	s c e f t u n
σκλάβοι	s k l a v i
σκοτώσεισ	s k o t o s i s
σκόραρε	s k o ɾ a ɾ e
σοι	s i
στράτοσ	s t ɾ a t o s
συλλάβουν	s i l a v u n
συλληφθέντεσ	s i l i f θ e n d e s
συμβάλλουν	s i ɱ v a l u n
συμπλήρωση	s i m b l i ɾ o s i
συμπτωμάτων	s i m p t o m a t o n
συμφωνήσω	s i ɱ f o n i s o
συνεχίσετε	s i n e ç i s e t e
συνθέτουν	s i n θ e t u n
συσκευήσ	s i s c e v i s
σχηματίζει	s ç i m a t i z i
σύνηθεσ	s i n i θ e s
τεχνίτεσ	t e x n i t e s
τεχνικού	t e x n i k u
τοποθέτησε	t o p o θ e t i s e
τρακτέρ	t ɾ a k t e ɾ
τροποσ	t ɾ o p o s
τόλμησε	t o l m i s e
υπερβολέσ	i p e ɾ v o l e s
υπηρετούν	i p i ɾ e t u n
υποστηρίξουν	i p o s t i ɾ i k s u n
υπόμνημα	i p o m n i m a
φάλαινα	f a l e n a
φαραώ	f a ɾ a o
φοιτητή	f i t i t i
φορολογίασ	f o ɾ o l o ʝ i a s
φροντίδασ	f ɾ o n d i ð a s
φρούτων	f ɾ u t o n
φτωχών	f t o x o n
φωτίου	f o t i u
φωτεινά	f o t i n a
χειρόσ	ç i ɾ o s
χρήσιμοσ	x ɾ i s i m o s
χτυπήθηκε	x t i p i θ i c e
χωρίσαμε	x o ɾ i s a m e
ψήσιμο	p s i s i m o
ψευδαισθήσεισ	p s e v ð e s θ i s i s
όχθεσ	o x θ e s
άμεσεσ	a m e s e s
άχρηστα	a x ɾ i s t a
έπαψε	e p a p s e
έχανε	e x a n e
αβέρωφ	a v e ɾ o f
αγκαλιάζει	a ŋ ɡ a ʎ a z i
αγνώστου	a ɣ n o s t u
αγωνιστήσ	a ɣ o n i s t i s
αθ	a θ
αθόρυβα	a θ o ɾ i v a
ακολουθήσετε	a k o l u θ i s e t e
αλβανόσ	a l v a n o s
αμηχανία	a m i x a n i a
αμύνησ	a m i n i s
ανακοινώνεται	a n a c i n o n e t e
αναλογίεσ	a n a l o ʝ i e s
ανεξάρτητοι	a n e k s a ɾ t i t i
ανησυχίασ	a n i s i ç i a s
αντιγραφή	a n d i ɣ r a f i
αντιμετώπιζε	a n d i m e t o p i z e
ανωμαλία	a n o m a l i a
απέκλεισε	a p e k l i s e
απέτυχαν	a p e t i x a n
αποδώσει	a p o ð o s i
αποσκευέσ	a p o s c e v e s
αποτυχίασ	a p o t i ç i a s
απόβλητα	a p o v l i t a
αριστοτέλουσ	a ɾ i s t o t e l u s
αυριανή	a v ɾ i a n i
αφίξεισ	a f i k s i s
αφθονία	a f θ o n i a
βημα	v i m a
βουδαπέστη	v u ð a p e s t i
γαπ	ɣ a p
γελάνε	ʝ e l a n e
γιαννόπουλοσ	ʝ a n o p u l o s
γλωσσα	ɣ l o s a
δανεισμό	ð a n i z m o
δερμάτινο	ð e ɾ m a t i n o
διατήρησε	ð i̯ a t i ɾ i s e
διαφημιστικό	ð i̯ a f i m i s t i k o
διονύση	ð i o n i s i
διπλωματικέσ	ð i p l o m a t i c e s
δισκογραφία	ð i s k o ɣ ɾ a f i a
διόρισε	ð i o ɾ i s e
δουλεύετε	ð u l e v e t e
δραστηριοποιούνται	ð ɾ a s t i ɾ i o p i u n d e
δυνάμει	ð i n a m i
δόνηση	ð o n i s i
ελεγα	e l e ɣ a
ελλασ	e l a s
ελπίζεισ	e l p i z i s
εμπιστεύεσαι	e m b i s t e v e s e
εμπιστεύεται	e m b i s t e v e t e
ενδεικτική	e n ð i k t i c i
ενδεχόμενη	e n ð e x o m e n i
ενεργεια	e n e ɾ ʝ i a
εξαφανιστούν	e k s a f a n i s t u n
εξηγούν	e k s i ɣ u n
εξισώσεισ	e k s i s o s i s
επίσκεψή	e p i s c e p s i
επαγγελματία	e p a ŋ ɟ e l m a t i a
επαλ	e p a l
επιστημονικού	e p i s t i m o n i k u
επιτελείου	e p i t e l i u
εραστή	e ɾ a s t i
εστίαση	e s t i a s i
ευχαρίστωσ	e f x a ɾ i s t o s
ζάκυνθοσ	z a c i n θ o s
ζηλανδία	z i l a n ð i a
ηνωμένα	i n o m e n a
ηχητικό	i ç i t i k o
θαυμάσιο	θ a v m a s i o
ιδεολογική	i ð e o l o ʝ i c i
κάλαντα	k a l a n d a
κάρμεν	k a ɾ m e n
καίγονται	c e ɣ o n d e
καθαρίσω	k a θ a ɾ i s o
καθαρισμόσ	k a θ a ɾ i z m o s
καινοτομίασ	c e n o t o m i a s
κακών	k a k o n
καλοσ	k a l o s
καλύτερου	k a l i t e ɾ u
καλύψεισ	k a l i p s i s
κανενασ	k a n e n a s
κανονισμόσ	k a n o n i z m o s
καραϊσκάκησ	k a ɾ a i s k a c i s
καταθέτει	k a t a θ e t i
κατανομήσ	k a t a n o m i s
κατασκευάζεται	k a t a s c e v a z e t e
κατεύθυνσησ	k a t e f θ i n s i s
κατοικίδιο	k a t i c i ð i o
κλασσικό	k l a s i k o
κοιτάζουν	c i t a z u n
κολλητόσ	k o l i t o s
κοντόσ	k o n d o s
κουβαλάσ	k u v a l a s
κριστίνα	k ɾ i s t i n a
κυβερνητικών	c i v e ɾ n i t i k o n
κυλάει	c i l a i
λήμνου	l i m n u
λίτρων	l i t ɾ o n
λαιμόσ	l e m o s
λιβύησ	l i v i i s
λιν	l i n
μάνο	m a n o
μαξιλάρια	m a k s i l a ɾ ʝ a
μερικεσ	m e ɾ i c e s
μεταβλητέσ	m e t a v l i t e s
μετακινηθεί	m e t a c i n i θ i
μητρόπολησ	m i t ɾ o p o l i s
μπήκεσ	b i c e s
μπαλόνια	b a l o ɲ a
μπαχαρικά	b a x a ɾ i k a
μυελού	m i e l u
μυών	m i o n
μόλυνσησ	m o l i n s i s
μόνιμουσ	m o n i m u s
νεανική	n e a n i c i
ξεκαθαρίσει	k s e k a θ a ɾ i s i
ξερετε	k s e ɾ e t e
οθωμανική	o θ o m a n i c i
οικοδόμηση	i k o ð o m i s i
οικονομια	i k o n o m ɲ a
ολων	o l o n
ομαλά	o m a l a
οπλο	o p l o
οπτικήσ	o p t i c i s
οράματα	o ɾ a m a t a
ουρλιάζει	u ɾ ʎ a z i
πάρο	p a ɾ o
πέρσεσ	p e ɾ s e s
πίστεψαν	p i s t e p s a n
παντωσ	p a n d o s
παραπανω	p a ɾ a p a n o
παρείχε	p a ɾ i ç e
περιορισμοί	p e ɾ i o ɾ i z m i
περιστροφή	p e ɾ i s t ɾ o f i
πηρε	p i ɾ e
πολύχρονη	p o l i x ɾ o n i
πουμε	p u m e
πρεσπών	p ɾ e s p o n
προβάλλει	p ɾ o v a l i
προβλέπουν	p ɾ o v l e p u n
προγόνουσ	p ɾ o ɣ o n u s
προκληθεί	p ɾ o k l i θ i
προσέφεραν	p ɾ o s e f e ɾ a n
προσαρμοστεί	p ɾ o s a ɾ m o s t i
προσδιορίζεται	p ɾ o z ð i o ɾ i z e t e
προσπαθούσα	p ɾ o s p a θ u s a
προωθούν	p ɾ o o θ u n
ρωμαίουσ	ɾ o m e u s
ρόλοι	ɾ o l i
σαουδικήσ	s a u ð i c i s
σιν	s i n
σκελετό	s c e l e t o
σκηνικά	s c i n i k a
σοκολάτεσ	s o k o l a t e s
σούσι	s u s i
στρατευμάτων	s t ɾ a t e v m a t o n
στρατηγικό	s t ɾ a t i ʝ i k o
συμμάχων	s i m a x o n
συμπλήρωμα	s i m b l i ɾ o m a
συμπληρώσει	s i m b l i ɾ o s i
συνάντησή	s i n a n d i s i
συνοπτικά	s i n o p t i k a
σωτήροσ	s o t i ɾ o s
σύλληψή	s i l i p s i
σύνθετο	s i n θ e t o
τάγματοσ	t a ɣ m a t o s
τάδε	t a ð e
τάφου	t a f u
ταιπεδ	t e p e ð
τακτικήσ	t a k t i c i s
τραπέζησ	t ɾ a p e z i s
τών	t o n
υιοθεσία	i o θ e s i a
υπολογίζει	i p o l o ʝ i z i
υποχρεώσεων	i p o x ɾ e o s e o n
φιλικέσ	f i l i c e s
φοβίζει	f o v i z i
φοιτητική	f i t i t i c i
φορέσεισ	f o ɾ e s i s
χαριτωμένο	x a ɾ i t o m e n o
χαρτ	x a ɾ t
χρησιμεύει	x ɾ i s i m e v i
ψυχρώ	p s i x ɾ o
ωκεανόσ	o c e a n o s
άλι	a l i
άξιο	a k s i o
έβαζαν	e v a z a n
έγκυο	e ŋ ɟ i o
έσπευσε	e s p e f s e
έστειλεσ	e s t i l e s
ήπατοσ	i p a t o s
αγαπήσεισ	a ɣ a p i s i s
αδυναμίασ	a ð i n a m i a s
ακολουθήσουμε	a k o l u θ i s u m e
αλβανών	a l v a n o n
αλλεργίεσ	a l e ɾ ʝ i e s
αμμοχώστου	a m o x o s t u
ανέμου	a n e m u
αναζητήσει	a n a z i t i s i
αναλύει	a n a l i i
ανανέωσησ	a n a n e o s i s
αντανακλαστικά	a n d a n a k l a s t i k a
αντιδράσει	a n d i ð ɾ a s i
ανωτέρω	a n o t e ɾ o
απίθανα	a p i θ a n a
απαιτούσε	a p e t u s e
απαντησεισ	a p a n d i s i s
απασχολούν	a p a s x o l u n
απειλείται	a p i l i t e
αποδοχήσ	a p o ð o ç i s
απολύθηκε	a p o l i θ i c e
απομεινάρια	a p o m i n a ɾ ʝ a
αποσύρει	a p o s i ɾ i
αποφασίσουν	a p o f a s i s u n
αργυρόσ	a ɾ ʝ i ɾ o s
ασχοληθούμε	a s x o l i θ u m e
ασχολούμαστε	a s x o l u m a s t e
ατμόσφαιρασ	a t m o s f e ɾ a s
βαθύτερα	v a θ i t e ɾ a
βγάλαμε	v ɣ a l a m e
βενζινάδικο	v e n z i n a ð i k o
γάτασ	ɣ a t a s
γατάκι	ɣ a t a c i
γενοκτονίασ	ʝ e n o k t o n i a s
γλυκού	ɣ l i k u
γραμμένα	ɣ ɾ a m e n a
δάφνησ	ð a f n i s
δίκεσ	ð i c e s
δευτέρου	ð e f t e ɾ u
δεχτούν	ð e x t u n
δημοσ	ð i m o s
διάθεσησ	ð i̯ a θ e s i s
διαλόγουσ	ð i̯ a l o ɣ u s
διαλύθηκε	ð i̯ a l i θ i c e
διαφωνούν	ð i̯ a f o n u n
διαφύγει	ð i̯ a f i ʝ i
διδάσκουν	ð i ð a s k u n
δικαίωση	ð i c e o s i
διπλα	ð i p l a
δοκιμάζει	ð o c i m a z i
εγγονόσ	e ŋ ɡ o n o s
εδ	e ð
εισφορά	i s f o ɾ a
εκαναν	e k a n a n
εκατοστών	e k a t o s t o n
εκδότεσ	e k ð o t e s
εκτίθενται	e k t i θ e n d e
εκτελεστεί	e k t e l e s t i
ελστατ	e l s t a t
εμπορευμάτων	e m b o ɾ e v m a t o n
εμφανή	e ɱ f a n i
εντοπίζονται	e n d o p i z o n d e
ενωμένη	e n o m e n i
επέτρεψαν	e p e t ɾ e p s a n
επιβεβαιωθεί	e p i v e v e o θ i
επικοινωνεί	e p i c i n o n i
επιτραπεί	e p i t ɾ a p i
ευρωπαίοσ	e v ɾ o p e o s
εχασα	e x a s a
ηλικιωμένοσ	i l i c i o m e n o s
ημιτελικό	i m i t e l i k o
ησ	i s
θεσπρωτίασ	θ e s p ɾ o t i a s
θησαυρούσ	θ i s a v ɾ u s
θοδωρή	θ o ð o ɾ i
ιδιωτικήσ	i ð i o t i c i s
ιερών	i e ɾ o n
ισοδυναμεί	i s o ð i n a m i
ισπανικό	i s p a n i k o
ισπανοί	i s p a n i
κά	k a
καθάρισμα	k a θ a ɾ i z m a
καθιερωθεί	k a θ i e ɾ o θ i
καινοτομίεσ	c e n o t o m i e s
καπιταλισμό	k a p i t a l i z m o
καταβολήσ	k a t a v o l i s
καταργήσει	k a t a ɾ ʝ i s i
κατώφλι	k a t o f l i
κλινικά	k l i n i k a
κοιμήθηκε	c i m i θ i c e
κολωνάκι	k o l o n a c i
κομματικό	k o m a t i k o
κορδόνια	k o ɾ ð o ɲ a
κούπεσ	k u p e s
κόψουμε	k o p s u m e
λαχανικών	l a x a n i k o n
λειτουργούσαν	l i t u ɾ ɣ u s a n
λεπτέσ	l e p t e s
λόλα	l o l a
μαγείρεμα	m a ʝ i ɾ e m a
μηνα	m i n a
μοντάζ	m o n d a z
μουσείων	m u s i o n
μουσικη	m u s i c i
νήμα	n i m a
νιάρχοσ	ɲ a ɾ x o s
νικολόπουλοσ	n i k o l o p u l o s
νομίζαμε	n o m i z a m e
νομικόσ	n o m i k o s
νονόσ	n o n o s
ντάλασ	d a l a s
ντου	d u
νόμιμοσ	n o m i m o s
ξανακάνω	k s a n a k a n o
ξεπούλημα	k s e p u l i m a
ξύδι	k s i ð i
οδόν	o ð o n
οθωμανικήσ	o θ o m a n i c i s
ομολόγησε	o m o l o ʝ i s e
ορατά	o ɾ a t a
οριακά	o ɾ i a k a
πάφο	p a f o
παλάμη	p a l a m i
πανσέληνο	p a n s e l i n o
παράνοια	p a ɾ a n i a
παράσιτα	p a ɾ a s i t a
παραχωρήσει	p a ɾ a x o ɾ i s i
πατώματα	p a t o m a t a
πείσουν	p i s u n
περιπολικό	p e ɾ i p o l i k o
πιστέψετε	p i s t e p s e t e
πιστό	p i s t o
ποδιού	p o ð ʝ u
πολεμιστήσ	p o l e m i s t i s
ποσότητασ	p o s o t i t a s
πρίγκηπασ	p ɾ i ŋ ɟ i p a s
προτιμήσεισ	p ɾ o t i m i s i s
προφυλακτικά	p ɾ o f i l a k t i k a
πρόσφεραν	p ɾ o s f e ɾ a n
πυλών	p i l o n
πυρομαχικά	p i ɾ o m a ç i k a
πωλητήσ	p o l i t i s
ρατσισμού	ɾ a t͡s i z m u
σερβίρει	s e ɾ v i ɾ i
σηκωθείσ	s i k o θ i s
σημαίασ	s i m e a s
σκληρότητα	s k l i ɾ o t i t a
σοβαροί	s o v a ɾ i
σπαθιά	s p a θ ç a
στέλιο	s t e ʎ o
σταρκ	s t a ɾ k
στρογγυλή	s t ɾ o ŋ ɟ i l i
συγκυβέρνηση	s i ŋ ɟ i v e ɾ n i s i
συμπατριώτεσ	s i m b a t ɾ i o t e s
συνέβαλαν	s i n e v a l a n
συνήλθε	s i n i l θ e
συνασπισμού	s i n a s p i z m u
συντηρητική	s i n d i ɾ i t i c i
σωθούν	s o θ u n
σύγχρονοι	s i ŋ x ɾ o n i
τρένου	t ɾ e n u
τραγουδώντασ	t ɾ a ɣ u ð o n d a s
τραγωδίεσ	t ɾ a ɣ o ð i e s
τροχό	t ɾ o x o
τρώγοντασ	t ɾ o ɣ o n d a s
τυφώνα	t i f o n a
τόσοσ	t o s o s
φιλέτο	f i l e t o
φυλάει	f i l a i
φόνοσ	f o n o s
χαμένεσ	x a m e n e s
χιονιού	ç o ɲ u
χτισμένο	x t i z m e n o
χωρίζονται	x o ɾ i z o n d e
ψητό	p s i t o
ωραιο	o ɾ e o
όρισε	o ɾ i s e
άγριοσ	a ɣ ɾ i o s
άπειρεσ	a p i ɾ e s
άφθονο	a f θ o n o
έλεγχό	e l e ŋ x o
έπαθαν	e p a θ a n
αίθουσασ	e θ u s a s
αγροτικού	a ɣ ɾ o t i k u
αγωνίστηκαν	a ɣ o n i s t i k a n
αδερφοί	a ð e ɾ f i
αδύναμο	a ð i n a m o
αιχμαλώτουσ	e x m a l o t u s
ακολουθούσαν	a k o l u θ u s a n
ακραίο	a k ɾ e o
αλλάζοντασ	a l a z o n d a s
αλόγου	a l o ɣ u
ανέμων	a n e m o n
ανατροπήσ	a n a t ɾ o p i s
αναφέρετε	a n a f e ɾ e t e
ανοίγματα	a n i ɣ m a t a
ανοικτέσ	a n i k t e s
αντίστροφο	a n d i s t ɾ o f o
απλών	a p l o n
αποκλεισμού	a p o k l i z m u
αποκλειστεί	a p o k l i s t i
αποκτήσουμε	a p o k t i s u m e
αποτρίχωση	a p o t ɾ i x o s i
απόλλωνασ	a p o l o n a s
απόπειρεσ	a p o p i ɾ e s
απόχρωση	a p o x ɾ o s i
αραβική	a ɾ a v i c i
αργολίδα	a ɾ ɣ o l i ð a
αριθ	a ɾ i θ
αρμόδιοσ	a ɾ m o ð i o s
ασταθήσ	a s t a θ i s
αυτοκόλλητα	a f t o k o l i t a
αυτονόητο	a f t o n o i t o
αυτοψία	a f t o p s i a
αυτόνομο	a f t o n o m o
βέτο	v e t o
βουλιαγμένησ	v u ʎ a ɣ m e n i s
γάλλου	ɣ a l u
γεεθα	ʝ e e θ a
γιορτάζεται	ʝ o ɾ t a z e t e
δέοσ	ð e o s
δείξετε	ð i k s e t e
διάδρομοσ	ð i̯ a ð ɾ o m o s
διηγήματα	ð i i ʝ i m a t a
διπλού	ð i p l u
δουλεύοντασ	ð u l e v o n d a s
δράκο	ð ɾ a k o
δράσεων	ð ɾ a s e o n
δώσατε	ð o s a t e
ειλικρινή	i l i k ɾ i n i
εκθέσεων	e k θ e s e o n
εκμεταλλεύεται	e k m e t a l e v e t e
ελατε	e l a t e
ελεγκτέσ	e l e ŋ ɡ t e s
ενδεικτικό	e n ð i k t i k o
ενισχύεται	e n i s ç i e t e
ενωση	e n o s i
εξαπλώνεται	e k s a p l o n e t e
εξορία	e k s o ɾ i a
επιμένεισ	e p i m e n i s
επιμελητηρίου	e p i m e l i t i ɾ i u
επιστρέψετε	e p i s t ɾ e p s e t e
επομενη	e p o m e n i
ερασιτέχνησ	e ɾ a s i t e x n i s
εργοδότεσ	e ɾ ɣ o ð o t e s
εστί	e s t i
ετοίμασε	e t i m a s e
ευχαριστημένοι	e f x a ɾ i s t i m e n i
εχθρική	e x θ ɾ i c i
ζητήματοσ	z i t i m a t o s
ηλεκτρικών	i l e k t ɾ i k o n
θάμνουσ	θ a m n u s
θεμέλιο	θ e m e ʎ o
θεου	θ e u
θυμού	θ i m u
ιαπωνική	i a p o n i c i
ιβ	i v
ισοτιμία	i s o t i m i a
κάηκαν	k a i k a n
κάτια	k a t ç a
κέρμα	c e ɾ m a
καθίσταται	k a θ i s t a t e
κακάο	k a k a o
καμ	k a m
κατανοώ	k a t a n o o
καταστήσει	k a t a s t i s i
κατασχέθηκαν	k a t a s ç e θ i k a n
κατηγορηθεί	k a t i ɣ o ɾ i θ i
κεελπνο	c e e l p n o
κοιμόμαστε	c i m o m a s t e
κυμάτων	c i m a t o n
κυρίαρχοσ	c i ɾ i a ɾ x o s
κυριοσ	c i ɾ i o s
λέσβοσ	l e z v o s
λίθοσ	l i θ o s
λίτρο	l i t ɾ o
λαζάρου	l a z a ɾ u
λιβάδι	l i v a ð i
λυπούμαστε	l i p u m a s t e
μακρόχρονη	m a k ɾ o x ɾ o n i
μερικώσ	m e ɾ i k o s
μεσογείων	m e s o ʝ i o n
μετάλλαξη	m e t a l a k s i
μητρώου	m i t ɾ o u
μοίρασε	m i ɾ a s e
μπάζα	b a z a
μπάσο	b a s o
μπανάνεσ	b a n a n e s
μπλουζάκια	b l u z a c a
μπραβο	b ɾ a v o
μπόρισ	b o ɾ i s
μυθιστορήματα	m i θ i s t o ɾ i m a t a
ναυπάκτου	n a f p a k t u
νόρμαν	n o ɾ m a n
νόστιμη	n o s t i m i
ξεκινάνε	k s e c i n a n e
ξενώνα	k s e n o n a
ξηράσ	k s i ɾ a s
οίκουσ	i k u s
οδύσσεια	o ð i s i a
οθόνησ	o θ o n i s
οικισμών	i c i z m o n
ομιλητήσ	o m i l i t i s
ονειρεύονται	o n i ɾ e v o n d e
οσμή	o z m i
ουδέν	u ð e n
πάντειο	p a n d i o
πάσ	p a s
πένα	p e n a
παιδαγωγική	p e ð a ɣ o ʝ i c i
πανηγυρίζει	p a n i ʝ i ɾ i z i
παραδίδεται	p a ɾ a ð i ð e t e
παρακολουθήστε	p a ɾ a k o l u θ i s t e
παρομοίωσ	p a ɾ o m i o s
πατήσω	p a t i s o
πείθει	p i θ i
περούκα	p e ɾ u k a
πετρόπουλοσ	p e t ɾ o p u l o s
πολέμησαν	p o l e m i s a n
πορτογάλοσ	p o ɾ t o ɣ a l o s
πραγματικούσ	p ɾ a ɣ m a t i k u s
προέβη	p ɾ o e v i
προέδρων	p ɾ o e ð ɾ o n
προκριματικό	p ɾ o k ɾ i m a t i k o
προσγείωσησ	p ɾ o z ʝ i o s i s
προσωπο	p ɾ o s o p o
πρόβλημά	p ɾ o v l i m a
πτηνών	p t i n o n
πυρκαγιών	p i ɾ k a ʝ o n
πόντων	p o n d o n
ρίξετε	ɾ i k s e t e
ρολό	ɾ o l o
ρωτήσουν	ɾ o t i s u n
ρώσο	ɾ o s o
σέντρα	s e n d ɾ a
σκεπτικό	s c e p t i k o
σκεύη	s c e v i
σκλάβουσ	s k l a v u s
σκοπού	s k o p u
σουν	s u n
στίβο	s t i v o
στηρίζουμε	s t i ɾ i z u m e
συναντηθούμε	s i n a n d i θ u m e
συνδρομητέσ	s i n ð ɾ o m i t e s
συνταγματικό	s i n d a ɣ m a t i k o
σχεδίασησ	s ç e ð i a s i s
τέταρτοσ	t e t a ɾ t o s
ταφή	t a f i
τεκμήριο	t e k m i ɾ i o
τρελάνει	t ɾ e l a n i
τυχαίνει	t i ç e n i
υδρογονανθράκων	i ð ɾ o ɣ o n a n θ ɾ a k o n
υποκριτική	i p o k ɾ i t i c i
υποστήριζε	i p o s t i ɾ i z e
υπουργικού	i p u ɾ ʝ i k u
φάσματοσ	f a z m a t o s
φα	f a
φανερά	f a n e ɾ a
φοβερόσ	f o v e ɾ o s
φροντίζουν	f ɾ o n d i z u n
φωνάζοντασ	f o n a z o n d a s
φωτισμού	f o t i z m u
χαμηλών	x a m i l o n
χαρακτηρισμόσ	x a ɾ a k t i ɾ i z m o s
χαφ	x a f
χολ	x o l
χοληστερίνη	x o l i s t e ɾ i n i
χορηγείται	x o ɾ i ʝ i t e
ψηφιακήσ	p s i f i a c i s
όριά	o ɾ ʝ a
άσ	a s
άτυχοσ	a t i x o s
άφηναν	a f i n a n
αβίβ	a v i v
αγαθό	a ɣ a θ o
αγγείων	a ŋ ɟ i o n
αδυνατεί	a ð i n a t i
ακοήσ	a k o i s
ακολουθείτε	a k o l u θ i t e
ανίχνευσησ	a n i x n e f s i s
αναγκάσει	a n a ŋ ɡ a s i
αναγκάστηκαν	a n a ŋ ɡ a s t i k a n
αναγνωρίσουν	a n a ɣ n o ɾ i s u n
ανεξέλεγκτη	a n e k s e l e ŋ ɡ t i
αντιμέτωποι	a n d i m e t o p i
απαλό	a p a l o
αποδείξουν	a p o ð i k s u n
αποκατασταθεί	a p o k a t a s t a θ i
αποκλείσει	a p o k l i s i
απορρίπτεται	a p o ɾ i p t e t e
αποστόλων	a p o s t o l o n
αποφασίσω	a p o f a s i s o
αρωματικά	a ɾ o m a t i k a
βάλτο	v a l t o
βήχα	v i x a
βαλε	v a l e
βαρύσ	v a ɾ i s
βιασμού	v i a z m u
βρισκεται	v ɾ i s c e t e
γιαννακόπουλοσ	ʝ a n a k o p u l o s
δένει	ð e n i
δαίμονα	ð e m o n a
δαβίδ	ð a v i ð
δεμένα	ð e m e n a
δημιουργήσεισ	ð i m i u ɾ ʝ i s i s
δημιουργού	ð i m i u ɾ ɣ u
διαγράμματα	ð i̯ a ɣ ɾ a m a t a
διαλέξτε	ð i̯ a l e k s t e
διαπράξει	ð i̯ a p ɾ a k s i
διασκεδάζει	ð i̯ a s c e ð a z i
δικα	ð i k a
δορυφορική	ð o ɾ i f o ɾ i c i
δυσάρεστη	ð i s a ɾ e s t i
δόκτωρ	ð o k t o ɾ
δύναται	ð i n a t e
εγκαταστάθηκε	e ŋ ɡ a t a s t a θ i c e
εικ	i k
εικαστικών	i k a s t i k o n
εισέβαλαν	i s e v a l a n
εκλογεσ	e k l o ʝ e s
εκρηκτική	e k ɾ i k t i c i
εκτέλεσε	e k t e l e s e
εκτελείται	e k t e l i t e
εκτιμήσει	e k t i m i s i
ενοικίαση	e n i c i a s i
ενστάσεισ	e n s t a s i s
εντάσσονται	e n d a s o n d e
εντάχθηκε	e n d a x θ i c e
εξέτασε	e k s e t a s e
εξέτασησ	e k s e t a s i s
εξαπλωθεί	e k s a p l o θ i
εξουσίεσ	e k s u s i e s
επένδυσησ	e p e n ð i s i s
επαφών	e p a f o n
επηρεαστεί	e p i ɾ e a s t i
επικοινωνούν	e p i c i n o n u n
εραστήσ	e ɾ a s t i s
εργοδότη	e ɾ ɣ o ð o t i
ευτυχισμένα	e f t i ç i z m e n a
εφεύρεση	e f e v ɾ e s i
εχθρικό	e x θ ɾ i k o
ζητούμενο	z i t u m e n o
ηλικιών	i l i c o n
θαλασσινό	θ a l a s i n o
θεώ	θ e o
ιστών	i s t o n
κάστρα	k a s t ɾ a
καθεστώτα	k a θ e s t o t a
καθοριστική	k a θ o ɾ i s t i c i
καιρικών	c e ɾ i k o n
καναπέσ	k a n a p e s
καπετάν	k a p e t a n
καταπληκτικά	k a t a p l i k t i k a
κατασκευασμένα	k a t a s c e v a z m e n a
κατώτερο	k a t o t e ɾ o
καυτά	k a f t a
καφέδεσ	k a f e ð e s
κλοντ	k l o n d
κολοκοτρώνη	k o l o k o t ɾ o n i
κομματάκια	k o m a t a c a
κοντεύει	k o n d e v i
κουνούπια	k u n u p ç a
κρίστι	k ɾ i s t i
κτίσμα	k t i z m a
κυβικά	c i v i k a
κυνηγήσει	c i n i ʝ i s i
κωνσταντινίδησ	k o n s t a n d i n i ð i s
λίβανο	l i v a n o
λεπτομερώσ	l e p t o m e ɾ o s
λιούισ	ʎ u i s
λύτρωση	l i t ɾ o s i
μάρκουσ	m a ɾ k u s
μίνα	m i n a
μαζεύονται	m a z e v o n d e
μαρ	m a ɾ
μαρίνοσ	m a ɾ i n o s
μεγάρου	m e ɣ a ɾ u
μεγαλώνεισ	m e ɣ a l o n i s
μετέχουν	m e t e x u n
μοιρών	m i ɾ o n
μορίων	m o ɾ i o n
μοσχάρι	m o s x a ɾ i
μπαλόνι	b a l o n i
μπρούκλιν	b ɾ u k l i n
μόνιμοσ	m o n i m o s
νάντια	n a n d i a
ξένου	k s e n u
ξαναγίνει	k s a n a ʝ i n i
ξεπεράσεισ	k s e p e ɾ a s i s
ομορφη	o m o ɾ f i
ομοφυλόφιλοσ	o m o f i l o f i l o s
οντότητεσ	o n d o t i t e s
πέπλο	p e p l o
παραδείγματοσ	p a ɾ a ð i ɣ m a t o s
παρακολουθούσαν	p a ɾ a k o l u θ u s a n
παχύ	p a ç i
περιουσιακά	p e ɾ i u s i a k a
πετύχαμε	p e t i x a m e
πηρα	p i ɾ a
πλήρεισ	p l i ɾ i s
πλαγιά	p l a ʝ a
ποιούσ	p i u s
πορτρέτο	p o ɾ t ɾ e t o
ποτών	p o t o n
πουλάσ	p u l a s
πράσινεσ	p ɾ a s i n e s
πραγματοποιούν	p ɾ a ɣ m a t o p i u n
προορίζονται	p ɾ o o ɾ i z o n d e
προχωρήσουν	p ɾ o x o ɾ i s u n
προχωρούν	p ɾ o x o ɾ u n
πρότειναν	p ɾ o t i n a n
πωλητέσ	p o l i t e s
ραμόν	ɾ a m o n
ρόδεσ	ɾ o ð e s
ρόλων	ɾ o l o n
σάκη	s a c i
σέρβισ	s e ɾ v i s
σερβιτόροσ	s e ɾ v i t o ɾ o s
σημειο	s i m i o
σιγή	s i ʝ i
σκοπίων	s k o p i o n
σουλτάνοσ	s u l t a n o s
στέκονται	s t e k o n d e
σταματάμε	s t a m a t a m e
στενόσ	s t e n o s
στοματικό	s t o m a t i k o
συγκαταλέγεται	s i ŋ ɡ a t a l e ʝ e t e
συμβόλων	s i ɱ v o l o n
συμπαθείσ	s i m b a θ i s
συμπληρώνει	s i m b l i ɾ o n i
συνήθεισ	s i n i θ i s
συναντάσ	s i n a n d a s
συνείδησή	s i n i ð i s i
συνεισφέρει	s i n i s f e ɾ i
συχνοτήτων	s i x n o t i t o n
σχηματίζεται	s ç i m a t i z e t e
σύγχρονουσ	s i ŋ x ɾ o n u s
σύμμαχο	s i m a x o
σύμπτωμα	s i m p t o m a
τάσου	t a s u
ταινια	t e ɲ a
τακούνια	t a k u ɲ a
ταμπού	t a m b u
ταχυδρομείου	t a ç i ð ɾ o m i u
τεύχη	t e f ç i
τηλεφωνίασ	t i l e f o n i a s
τοπικοί	t o p i c i
τοπικόσ	t o p i k o s
τουρκικόσ	t u ɾ c i k o s
τρίποντα	t ɾ i p o n d a
τραυματιστεί	t ɾ a v m a t i s t i
τριαντάφυλλα	t ɾ i a n d a f i l a
τσαγιού	t͡s a ʝ u
υπόψιν	i p o p s i n
φίλαθλοι	f i l a θ l i
φακέλουσ	f a c e l u s
φαρμάκου	f a ɾ m a k u
φιλοσ	f i l o s
φιλόσοφοι	f i l o s o f i
φοίνικα	f i n i k a
φοίνιξ	f i n i k s
φορολόγηση	f o ɾ o l o ʝ i s i
χαμογελάει	x a m o ʝ e l a i
ψάξουν	p s a k s u n
όρασησ	o ɾ a s i s
όρθιο	o ɾ θ i o
άφιξή	a f i k s i
έβρισκαν	e v ɾ i s k a n
έπιανε	e p ç a n e
έπινα	e p i n a
έρωτεσ	e ɾ o t e s
έφτιαχνε	e f t ç a x n e
αγγέλουσ	a ŋ ɟ e l u s
αγοράστε	a ɣ o ɾ a s t e
αγοραστή	a ɣ o ɾ a s t i
αγωγόσ	a ɣ o ɣ o s
αθηναίοσ	a θ i n e o s
αναγκαιότητα	a n a ŋ ɟ e o t i t a
ανακτήθηκε	a n a k t i θ i c e
ανακτήσει	a n a k t i s i
αναλογικά	a n a l o ʝ i k a
ανοικτού	a n i k t u
ανοιχτού	a n i x t u
αντέξω	a n d e k s o
αξιώσεισ	a k s i o s i s
απόλαυσε	a p o l a f s e
αρθρογράφοσ	a ɾ θ ɾ o ɣ ɾ a f o s
ασύλου	a s i l u
αυθόρμητα	a f θ o ɾ m i t a
αυξημένα	a f k s i m e n a
αυτοκινητο	a f t o c i n i t o
βαγδάτη	v a ɣ ð a t i
βενετίασ	v e n e t i a s
βυζαντίου	v i z a n d i u
γίγαντεσ	ʝ i ɣ a n d e s
γενετικό	ʝ e n e t i k o
γεωγραφικά	ʝ e o ɣ ɾ a f i k a
γινόμουν	ʝ i n o m u n
γκέτο	ɟ e t o
γνώμησ	ɣ n o m i s
γονίδιο	ɣ o n i ð i o
γουέλσ	ɣ u e l s
δάσκαλε	ð a s k a l e
δένδρα	ð e n ð ɾ a
δέσμη	ð e z m i
δασικέσ	ð a s i c e s
δεσπόζει	ð e s p o z i
δεύτερεσ	ð e f t e ɾ e s
δημοσιότητασ	ð i m o s i o t i t a s
διάδοχο	ð i̯ a ð o x o
διαδικτυακό	ð i̯ a ð i k t i a k o
διαθέσεισ	ð i̯ a θ e s i s
διαστημική	ð i̯ a s t i m i c i
διεύρυνση	ð i e v ɾ i n s i
δοκιμασίεσ	ð o c i m a s i e s
δράκου	ð ɾ a k u
δυνατούσ	ð i n a t u s
δωσ	ð o s
εγγραφήσ	e ŋ ɣ r a f i s
ειδικα	i ð i k a
εκπέμπουν	e k p e m b u n
ελάφρυνση	e l a f ɾ i n s i
ελαστικά	e l a s t i k a
ελαστικών	e l a s t i k o n
ελληνικησ	e l i n i c i s
ελληνικοί	e l i n i c i
εμπάργκο	e m b a ɾ ɡ o
εννοω	e n o o
ενταχθούν	e n d a x θ u n
εντοπίζει	e n d o p i z i
ενωθούν	e n o θ u n
εξαιρετικήσ	e k s e ɾ e t i c i s
εορτάζει	e o ɾ t a z i
επιλεγμένα	e p i l e ɣ m e n a
επιλογών	e p i l o ɣ o n
επιτραπέζια	e p i t ɾ a p e z i a
εσασ	e s a s
εταιρεια	e t e ɾ i a
ευαίσθητα	e v e s θ i t a
ευγενικοί	e v ʝ e n i c i
ευλογημένη	e v l o ʝ i m e n i
θεραπευτικέσ	θ e ɾ a p e f t i c e s
θεώρημα	θ e o ɾ i m a
ιαπωνικά	i a p o n i k a
ιδιοκτήτρια	i ð i o k t i t ɾ i a
ινών	i n o n
καθορίζονται	k a θ o ɾ i z o n d e
καλημερα	k a l i m e ɾ a
καλλιτεχνικήσ	k a l i t e x n i c i s
καλλονή	k a l o n i
καλύπτοντασ	k a l i p t o n d a s
καρπενήσι	k a ɾ p e n i s i
καταβάλει	k a t a v a l i
κατακτητέσ	k a t a k t i t e s
καταλαμβάνουν	k a t a l a ɱ v a n u n
κατανόησησ	k a t a n o i s i s
καταραμένη	k a t a ɾ a m e n i
καταργεί	k a t a ɾ ʝ i
καταστροφών	k a t a s t ɾ o f o n
κηρύξει	c i ɾ i k s i
κουλουράκια	k u l u ɾ a c a
κριστίν	k ɾ i s t i n
κριτήσ	k ɾ i t i s
κρυφέσ	k ɾ i f e s
κτίσματα	k t i z m a t a
λαγκάρντ	l a ŋ ɡ a ɾ d
λειτουργήσουν	l i t u ɾ ʝ i s u n
λεσβία	l e z v i a
λογοσ	l o ɣ o s
μάκη	m a c i
μαχητών	m a ç i t o n
μεγαλώνοντασ	m e ɣ a l o n o n d a s
μερικα	m e ɾ i k a
μεσιέ	m e s ç e
μετάβασησ	m e t a v a s i s
μεταλλεία	m e t a l i a
μεταξάσ	m e t a k s a s
μετατόπιση	m e t a t o p i s i
μικ	m i k
μικτή	m i k t i
μπαλάκι	b a l a c i
μπουκιά	b u c a
μόνιμοι	m o n i m i
νεάπολη	n e a p o l i
νεοελληνικήσ	n e o e l i n i c i s
νερών	n e ɾ o n
νεφώσεισ	n e f o s i s
ξεπεράσω	k s e p e ɾ a s o
οικογενείασ	i k o ʝ e n i a s
ολλανδίασ	o l a n ð i a s
οπλα	o p l a
παλεύουμε	p a l e v u m e
παραδοθούν	p a ɾ a ð o θ u n
παρατηρητέσ	p a ɾ a t i ɾ i t e s
παρωδία	p a ɾ o ð i a
περιττά	p e ɾ i t a
πεύκα	p e f k a
πιλότοι	p i l o t i
πιρούνι	p i ɾ u n i
πλακάκια	p l a k a c a
πολέμων	p o l e m o n
πολιτικησ	p o l i t i c i s
πονοκέφαλοσ	p o n o c e f a l o s
πραγματικήσ	p ɾ a ɣ m a t i c i s
προβολείσ	p ɾ o v o l i s
προδοσίασ	p ɾ o ð o s i a s
προλάβουν	p ɾ o l a v u n
προσγειώθηκε	p ɾ o z ʝ i o θ i c e
προσωπικούσ	p ɾ o s o p i k u s
πρόθυμοσ	p ɾ o θ i m o s
πρόκρισησ	p ɾ o k ɾ i s i s
πρόληψησ	p ɾ o l i p s i s
πυκνά	p i k n a
πύραυλο	p i ɾ a v l o
ρέμα	ɾ e m a
ρότζερσ	ɾ o d͡z e ɾ s
σεναρίου	s e n a ɾ i u
σημερινών	s i m e ɾ i n o n
σιγα	s i ɣ a
σκύλοι	s c i l i
σοσιαλισμόσ	s o s i a l i z m o s
σοσιαλιστικό	s o s i a l i s t i k o
στηρίζονται	s t i ɾ i z o n d e
στοά	s t o a
συγκεκριμένουσ	s i ŋ ɟ e k ɾ i m e n u s
συλλογικέσ	s i l o ʝ i c e s
συμβάλει	s i ɱ v a l i
συναντήσουν	s i n a n d i s u n
συνδέσει	s i n ð e s i
σχεδίαζε	s ç e ð i a z e
σχολικέσ	s x o l i c e s
σύνθετη	s i n θ e t i
ταμίασ	t a m i a s
τεντ	t e n d
τεχνητήσ	t e x n i t i s
τζιαι	d͡z i e
τούμπασ	t u b a s
τούρκικα	t u ɾ c i k a
τρέμει	t ɾ e m i
τρελαθεί	t ɾ e l a θ i
τρυφερή	t ɾ i f e ɾ i
υποβολήσ	i p o v o l i s
υπογράφουν	i p o ɣ r a f u n
υπολοχαγόσ	i p o l o x a ɣ o s
υφή	i f i
φεγγαριού	f e ŋ ɡ a ɾ ʝ u
φιλοι	f i l i
φοιτητικό	f i t i t i k o
φυσάει	f i s a i
φυσικοί	f i s i c i
φωνητικά	f o n i t i k a
χαραλάμπουσ	x a ɾ a l a m b u s
χαρεί	x a ɾ i
χαρούμε	x a ɾ u m e
χτυπήσω	x t i p i s o
όλυμπο	o l i m b o
άγγλοσ	a ŋ ɡ l o s
άλεν	a l e n
άμμου	a m u
άργησεσ	a ɾ ʝ i s e s
έβανσ	e v a n s
έκτακτα	e k t a k t a
έκτο	e k t o
έλειψεσ	e l i p s e s
ένοχοι	e n o ç i
ήχοι	i ç i
αγνοεί	a ɣ n o i
αγοραστέσ	a ɣ o ɾ a s t e s
αδελφότητασ	a ð e l f o t i t a s
αη	a i
αισθητή	e s θ i t i
ακούσατε	a k u s a t e
ακυρώσει	a c i ɾ o s i
αλίμονο	a l i m o n o
αλβανική	a l v a n i c i
αλουμινίου	a l u m i n i u
ανέθεσε	a n e θ e s e
αναγνωρίζονται	a n a ɣ n o ɾ i z o n d e
αναπνοήσ	a n a p n o i s
αναρχικοί	a n a ɾ ç i c i
ανατεθεί	a n a t e θ i
αναφερόμαστε	a n a f e ɾ o m a s t e
αντίδοτο	a n d i ð o t o
αντίστοιχων	a n d i s t i x o n
αντρέασ	a n d ɾ e a s
απέφυγε	a p e f i ʝ e
απευθύνονται	a p e f θ i n o n d e
απιστία	a p i s t i a
απορρίφθηκε	a p o ɾ i f θ i c e
απουσίεσ	a p u s i e s
αποφασίσεισ	a p o f a s i s i s
αποφεύγουν	a p o f e v ɣ u n
απόβαση	a p o v a s i
αράχνεσ	a ɾ a x n e s
ατέλειεσ	a t e ʎ e s
αφηγήσεισ	a f i ʝ i s i s
βαγόνι	v a ɣ o n i
βασίστηκε	v a s i s t i c e
βγάζετε	v ɣ a z e t e
βιομηχανικών	v i o m i x a n i k o n
βρεθείτε	v ɾ e θ i t e
βρεθώ	v ɾ e θ o
βρώμικη	v ɾ o m i c i
γαλλίδα	ɣ a l i ð a
γαμήσει	ɣ a m i s i
γε	ʝ e
γεσ	ʝ e s
γιούρι	ʝ u ɾ i
γνώριζα	ɣ n o ɾ i z a
γραμμική	ɣ ɾ a m i c i
δένδρο	ð e n ð ɾ o
δείγματοσ	ð i ɣ m a t o s
δημιούργημα	ð i m i u ɾ ʝ i m a
διέξοδοσ	ð i e k s o ð o s
διήγημα	ð i i ʝ i m a
διαλέξω	ð i̯ a l e k s o
διαφωνεί	ð i̯ a f o n i
δικαστικών	ð i k a s t i k o n
διονύσου	ð i o n i s u
διορίστηκε	ð i o ɾ i s t i c e
δολοφονήσει	ð o l o f o n i s i
δραπετεύσει	ð ɾ a p e t e f s i
δσε	ð s e
δώσ	ð o s
εκπαίδευσή	e k p e ð e f s i
εκφράζονται	e k f ɾ a z o n d e
εκφράσω	e k f ɾ a s o
ελβετίασ	e l v e t i a s
ελκυστικό	e l c i s t i k o
ενορία	e n o ɾ i a
ενώνουν	e n o n u n
επαναλήψεισ	e p a n a l i p s i s
επετείου	e p e t i u
επικάλυψη	e p i k a l i p s i
επικοινώνησε	e p i c i n o n i s e
επιτρέψουμε	e p i t ɾ e p s u m e
ερευνητών	e ɾ e v n i t o n
ερχομό	e r x o m o
ερώτησή	e ɾ o t i s i
ευαίσθητοσ	e v e s θ i t o s
ευγνώμων	e v ɣ n o m o n
ζητήστε	z i t i s t e
ηθικέσ	i θ i c e s
ηλ	i l
ηνωμένου	i n o m e n u
ηπειρωτική	i p i ɾ o t i c i
θέλησησ	θ e l i s i s
θέσπιση	θ e s p i s i
θανάτων	θ a n a t o n
θεοχάρησ	θ e o x a ɾ i s
θυμήθηκε	θ i m i θ i c e
κάθισε	k a θ i s e
κάμπο	k a m b o
κίνησή	c i n i s i
καζαντζάκησ	k a z a n d͡z a c i s
καθιερώθηκε	k a θ i e ɾ o θ i c e
καθυστέρησε	k a θ i s t e ɾ i s e
καθυστερεί	k a θ i s t e ɾ i
καλύτερό	k a l i t e ɾ o
καπνίζεισ	k a p n i z i s
κατέβω	k a t e v o
καταστρέφεται	k a t a s t ɾ e f e t e
καταστροφικό	k a t a s t ɾ o f i k o
κατεχόμενα	k a t e x o m e n a
κατοικεί	k a t i c i
κινέζικη	c i n e z i c i
κινούμενα	c i n u m e n a
κομμουνιστήσ	k o m u n i s t i s
κορονοϊού	k o ɾ o n o i u
κρέμεται	k ɾ e m e t e
κυθήρων	c i θ i ɾ o n
κυκλώματοσ	c i k l o m a t o s
κόσμον	k o z m o n
λάχανο	l a x a n o
λέγοντάσ	l e ɣ o n d a s
λαμβάνουμε	l a ɱ v a n u m e
λευκούσ	l e f k u s
μέσι	m e s i
μήκη	m i c i
μαζεύουν	m a z e v u n
μεγαλώσουν	m e ɣ a l o s u n
μετατροπήσ	m e t a t ɾ o p i s
μεταφερθούν	m e t a f e ɾ θ u n
μηνά	m i n a
μηνόσ	m i n o s
μηχανημάτων	m i x a n i m a t o n
μπόλικο	b o l i k o
μυθικό	m i θ i k o
μύθου	m i θ u
νάτριο	n a t ɾ i o
νικόλ	n i k o l
νοιώθει	n i o θ i
νοτιοδυτικά	n o t i o ð i t i k a
ντιτρόιτ	d i t ɾ o i̯ t
ντυμένοσ	d i m e n o s
ξεπεράσουμε	k s e p e ɾ a s u m e
ξερά	k s e ɾ a
ξημέρωμα	k s i m e ɾ o m a
οικείο	i c i o
οπλοστάσιο	o p l o s t a s i o
ορίου	o ɾ i u
οσίου	o s i u
πέραμα	p e ɾ a m a
παθών	p a θ o n
παντρεύτηκαν	p a n d ɾ e f t i k a n
παράκληση	p a ɾ a k l i s i
παρέμενε	p a ɾ e m e n e
παρέχονται	p a ɾ e x o n d e
παρενόχληση	p a ɾ e n o x l i s i
πατάει	p a t a i
περιεχόμενα	p e ɾ i e x o m e n a
περιστρέφεται	p e ɾ i s t ɾ e f e t e
πετρούπολησ	p e t ɾ u p o l i s
πηγάδια	p i ɣ a ð ʝ a
πηλίου	p i l i u
πικρή	p i k ɾ i
πιστεύαμε	p i s t e v a m e
ποδήλατα	p o ð i l a t a
ποταμιού	p o t a m ɲ u
πούλμαν	p u l m a n
προορισμοί	p ɾ o o ɾ i z m i
προσπαθειών	p ɾ o s p a θ i o n
προτιμούσε	p ɾ o t i m u s e
πρωτίστωσ	p ɾ o t i s t o s
πρωταγωνιστικό	p ɾ o t a ɣ o n i s t i k o
πρωταγωνιστούν	p ɾ o t a ɣ o n i s t u n
ρευστότητασ	ɾ e f s t o t i t a s
ρόμπιν	ɾ o b i n
σεβόμαστε	s e v o m a s t e
σημαντικού	s i m a n d i k u
σιγουροσ	s i ɣ u ɾ o s
σιωπήσ	s i o p i s
σκασε	s k a s e
σκληροί	s k l i ɾ i
σκοτώνεισ	s k o t o n i s
στήθηκε	s t i θ i c e
συγχωρείσ	s i ŋ x o ɾ i s
συμβάντα	s i ɱ v a n d a
συμβατική	s i ɱ v a t i c i
συμμορίεσ	s i m o ɾ i e s
συμφωνα	s i ɱ f o n a
συνεπήσ	s i n e p i s
σύζυγοι	s i z i ʝ i
σύριζα	s i ɾ i z a
τέμενοσ	t e m e n o s
τίμησαν	t i m i s a n
ταχύτερα	t a ç i t e ɾ a
τεχνητά	t e x n i t a
τζάστιν	d͡z a s t i n
τηλεφώνων	t i l e f o n o n
τοίχου	t i x u
τοξικό	t o k s i k o
τραίνο	t ɾ e n o
υποδεικνύουν	i p o ð i k n i u n
υπολογίζονται	i p o l o ʝ i z o n d e
υπολογιστεί	i p o l o ʝ i s t i
φέραμε	f e ɾ a m e
φασιστική	f a s i s t i c i
φιλίπ	f i l i p
φιλιππίνεσ	f i l i p i n e s
φλεγμονή	f l e ɣ m o n i
φυλών	f i l o n
χάρντι	x a ɾ d i
χαμογέλασε	x a m o ʝ e l a s e
χειρόγραφο	ç i ɾ o ɣ ɾ a f o
χοτ	x o t
χτύπα	x t i p a
ψεύτεσ	p s e f t e s
άλλαξεσ	a l a k s e s
έβλεπεσ	e v l e p e s
έκρυβε	e k ɾ i v e
έντονησ	e n d o n i s
έρημοσ	e ɾ i m o s
αγωνίασ	a ɣ o n i a s
αδιάφορο	a ð i̯ a f o ɾ o
αθλήματοσ	a θ l i m a t o s
ακολουθήσω	a k o l u θ i s o
ακροατήριο	a k ɾ o a t i ɾ i o
ανήλικοσ	a n i l i k o s
αναγνωρίστηκε	a n a ɣ n o ɾ i s t i c e
αναδρομικά	a n a ð ɾ o m i k a
ανακοινωθεί	a n a c i n o θ i
αναμενόταν	a n a m e n o t a n
αναπτύσσουν	a n a p t i s u n
αναρωτιέστε	a n a ɾ o t ç e s t e
αναφερόταν	a n a f e ɾ o t a n
ανδρέου	a n ð ɾ e u
ανεπίσημα	a n e p i s i m a
ανταρσυα	a n d a ɾ s i a
αντικειμενικά	a n d i c i m e n i k a
αντιμετωπίσετε	a n d i m e t o p i s e t e
απάτησ	a p a t i s
απαγορεύονται	a p a ɣ o ɾ e v o n d e
αποδειχτεί	a p o ð i x t i
αποκαλούσαν	a p o k a l u s a n
αχαρνών	a x a ɾ n o n
αόρατο	a o ɾ a t o
βίαιεσ	v i e e s
βγαίνετε	v ʝ e n e t e
βλάψει	v l a p s i
βράζει	v ɾ a z i
βρέφη	v ɾ e f i
βραδινή	v ɾ a ð i n i
βρεθείσ	v ɾ e θ i s
γείτονέσ	ʝ i t o n e s
γενεύησ	ʝ e n e v i s
γεννητικά	ʝ e n i t i k a
γερή	ʝ e ɾ i
γλίτωσε	ɣ l i t o s e
γνωμη	ɣ n o m i
γνωρίζαμε	ɣ n o ɾ i z a m e
γου	ɣ u
δεξίωση	ð e k s i o s i
δημιουργούσε	ð i m i u ɾ ɣ u s e
δημοσιευθεί	ð i m o s i e f θ i
δημοτικο	ð i m o t i k o
διέρχεται	ð i e ɾ ç e t e
διαφημιστικά	ð i̯ a f i m i s t i k a
διαφορετικότητα	ð i̯ a f o ɾ e t i k o t i t a
δολοφονήθηκαν	ð o l o f o n i θ i k a n
δολοφόνησαν	ð o l o f o n i s a n
δραστικά	ð ɾ a s t i k a
εθνικούσ	e θ n i k u s
εισέρχονται	i s e ɾ x o n d e
εισαγγελείσ	i s a ŋ ɟ e l i s
εισόδουσ	i s o ð u s
εκεινη	e c i n i
εκπαιδευτήσ	e k p e ð e f t i s
εκτίμησησ	e k t i m i s i s
ελευσίνασ	e l e f s i n a s
ελλαδικό	e l a ð i k o
ενημερώθηκε	e n i m e ɾ o θ i c e
ενώσει	e n o s i
εορτέσ	e o ɾ t e s
επίπλων	e p i p l o n
επιβιώνει	e p i v i o n i
επιβολήσ	e p i v o l i s
ερευνητή	e ɾ e v n i t i
ερωτηση	e ɾ o t i s i
ετοιμοι	e t i m i
ευλογίεσ	e v l o ʝ i e s
ευρείασ	e v ɾ i a s
ευχαρίστησε	e f x a ɾ i s t i s e
εφραίμ	e f ɾ e m
ζεστασιά	z e s t a s ç a
ηγείται	i ʝ i t e
θελουμε	θ e l u m e
θεωρητικό	θ e o ɾ i t i k o
θησαυρού	θ i s a v ɾ u
θυμαμαι	θ i m a m e
θυμηθείσ	θ i m i θ i s
κάρβουνα	k a ɾ v u n a
κέρδισεσ	c e ɾ ð i s e s
καλυτερη	k a l i t e ɾ i
καρότα	k a ɾ o t a
κατέβα	k a t e v a
καταλαβαινω	k a t a l a v e n o
καταφέρετε	k a t a f e ɾ e t e
κατεβαίνουν	k a t e v e n u n
καφενεία	k a f e n i a
κινουμένων	c i n u m e n o n
κλασσικά	k l a s i k a
κληρονόμοσ	k l i ɾ o n o m o s
κλιματικήσ	k l i m a t i c i s
κλινικήσ	k l i n i c i s
κοιμόταν	c i m o t a n
κοιτάζεισ	c i t a z i s
κομμουνιστών	k o m u n i s t o n
κοπάδι	k o p a ð i
κοσμική	k o z m i c i
κουστούμι	k u s t u m i
κτηρίων	k t i ɾ i o n
κόλιν	k o l i n
λάβαμε	l a v a m e
λήμνο	l i m n o
λαγκαδά	l a ŋ ɡ a ð a
λαιμού	l e m u
ληστείεσ	l i s t i e s
ληφθούν	l i f θ u n
λουί	l u i
λόπεζ	l o p e z
μάγκασ	m a ŋ ɡ a s
μαγαζιού	m a ɣ a z ʝ u
μαθηματα	m a θ i m a t a
μεθοδολογία	m e θ o ð o l o ʝ i a
μεσαίασ	m e s e a s
μεταβίβαση	m e t a v i v a s i
μετράσ	m e t ɾ a s
μιλίων	m i l i o n
νεογέννητο	n e o ʝ e n i t o
νησάκι	n i s a c i
νότα	n o t a
ξέπλυμα	k s e p l i m a
ξεκινούσε	k s e c i n u s e
οίδημα	i ð i m a
οδοντίατρο	o ð o n d i a t ɾ o
ονομάζει	o n o m a z i
οργανικέσ	o ɾ ɣ a n i c e s
οργανωμένεσ	o ɾ ɣ a n o m e n e s
οσε	o s e
οφείλουν	o f i l u n
πάσχουν	p a s x u n
πήδημα	p i ð i m a
παιχνιδια	p e x n i ð ʝ a
παλαιότερο	p a l e o t e ɾ o
πανεπιστημιο	p a n e p i s t i m i o
παράξενεσ	p a ɾ a k s e n e s
παραισθήσεισ	p a ɾ e s θ i s i s
παρακολουθείσ	p a ɾ a k o l u θ i s
παραλάβει	p a ɾ a l a v i
παρατηρήθηκε	p a ɾ a t i ɾ i θ i c e
παρεξηγήσεισ	p a ɾ e k s i ʝ i s i s
πειραματικό	p i ɾ a m a t i k o
περιλάμβανε	p e ɾ i l a ɱ v a n e
περιορίζει	p e ɾ i o ɾ i z i
περιορίζονται	p e ɾ i o ɾ i z o n d e
περισσοτέρων	p e ɾ i s o t e ɾ o n
πλάτων	p l a t o n
πληθυσμούσ	p l i θ i z m u s
πληρώνεται	p l i ɾ o n e t e
ποδηλασία	p o ð i l a s i a
πονέσει	p o n e s i
προβεί	p ɾ o v i
πρωτοβουλίασ	p ɾ o t o v u l i a s
πρόθυρα	p ɾ o θ i ɾ a
πρόωρη	p ɾ o o ɾ i
πυροτεχνήματα	p i ɾ o t e x n i m a t a
πόλισ	p o l i s
ρι	ɾ i
σίλβα	s i l v a
σανίδα	s a n i ð a
σβέρκο	z v e ɾ k o
σημείωσαν	s i m i o s a n
σκότωσεσ	s k o t o s e s
στηρίξουν	s t i ɾ i k s u n
συζήτησαν	s i z i t i s a n
συμβολικά	s i ɱ v o l i k a
συνεχέσ	s i n e ç e s
συνηθισμένεσ	s i n i θ i z m e n e s
συνοδεύονται	s i n o ð e v o n d e
συνταγματικού	s i n d a ɣ m a t i k u
συριακό	s i ɾ i a k o
σχηματισμόσ	s ç i m a t i z m o s
ταύρου	t a v ɾ u
τεχνητό	t e x n i t o
τοποθεσίασ	t o p o θ e s i a s
τραγούδησε	t ɾ a ɣ u ð i s e
τροχαίασ	t ɾ o ç e a s
υπενθυμίζει	i p e n θ i m i z i
υπηκοότητα	i p i k o o t i t a
υποτιμάσ	i p o t i m a s
φέρετε	f e ɾ e t e
φιλοξενείται	f i l o k s e n i t e
φυγε	f i ʝ e
φόρμεσ	f o ɾ m e s
χελώνεσ	ç e l o n e s
χοντρά	x o n d ɾ a
χορεύεισ	x o ɾ e v i s
χρηματα	x ɾ i m a t a
χρυσοστόμου	x ɾ i s o s t o m u
όρη	o ɾ i
άβολα	a v o l a
άλωση	a l o s i
άπειρα	a p i ɾ a
έβδομη	e v ð o m i
έλαια	e l e a
έλιοτ	e ʎ o t
αίτιο	e t i o
αγια	a ʝ a
αγωνα	a ɣ o n a
αεράκι	a e ɾ a c i
αιγίου	e ʝ i u
ακτών	a k t o n
αλεξάνδρασ	a l e k s a n ð ɾ a s
ανάμιξη	a n a m i k s i
αναβίωση	a n a v i o s i
ανακαλύπτουν	a n a k a l i p t u n
αναπληρωτών	a n a p l i ɾ o t o n
αναπόσπαστο	a n a p o s p a s t o
ανδρικά	a n ð ɾ i k a
ανεπιθύμητεσ	a n e p i θ i m i t e s
ανθρώπινοσ	a n θ ɾ o p i n o s
ανοιχτήσ	a n i x t i s
αντικαθίσταται	a n d i k a θ i s t a t e
αντικατέστησε	a n d i k a t e s t i s e
ανόητοι	a n o i t i
απέραντο	a p e ɾ a n d o
απατεώνα	a p a t e o n a
απελευθερώσει	a p e l e f θ e ɾ o s i
αποκτήστε	a p o k t i s t e
απολαυστικό	a p o l a f s t i k o
αποστολη	a p o s t o l i
αποστολών	a p o s t o l o n
αποτελεσμα	a p o t e l e z m a
αποτελεσματα	a p o t e l e z m a t a
απόκριεσ	a p o k ɾ i e s
απόσπαση	a p o s p a s i
αργίεσ	a ɾ ʝ i e s
αρχιτέκτονεσ	a ɾ ç i t e k t o n e s
αυξήσουν	a f k s i s u n
βιώσιμη	v i o s i m i
βολήσ	v o l i s
βορειοδυτικά	v o ɾ i o ð i t i k a
γεμίσουν	ʝ e m i s u n
γνώρισαν	ɣ n o ɾ i s a n
δίαιτεσ	ð i e t e s
δεμένο	ð e m e n o
δερμάτινα	ð e ɾ m a t i n a
δημιουργείσ	ð i m i u ɾ ʝ i s
διατίθενται	ð i̯ a t i θ e n d e
διευκόλυνση	ð i e f k o l i n s i
διπλωμάτεσ	ð i p l o m a t e s
δράσει	ð ɾ a s i
δυνατοτήτων	ð i n a t o t i t o n
εί	i
είσ	i s
ειδικότητεσ	i ð i k o t i t e s
εκατοντάδων	e k a t o n d a ð o n
εκδρομέσ	e k ð ɾ o m e s
εκτάσεων	e k t a s e o n
ελαττώματα	e l a t o m a t a
εμφανώσ	e ɱ f a n o s
εξυπηρέτησησ	e k s i p i ɾ e t i s i s
εοκα	e o k a
επέλεξα	e p e l e k s a
επήρεια	e p i ɾ i a
επαγγελματικών	e p a ŋ ɟ e l m a t i k o n
επιλέχθηκε	e p i l e x θ i c e
επιφανειακή	e p i f a n i a c i
εσωτερικούσ	e s o t e ɾ i k u s
ζήτησησ	z i t i s i s
ζηλεύει	z i l e v i
ζυγό	z i ɣ o
ζωγράφισε	z o ɣ ɾ a f i s e
ηθελεσ	i θ e l e s
ηλιούπολησ	i ʎ u p o l i s
ημερεσ	i m e ɾ e s
ηρεμήσω	i ɾ e m i s o
ηρθαν	i ɾ θ a n
θρίαμβο	θ ɾ i a ɱ v o
ιεχωβά	i e x o v a
ικανοτήτων	i k a n o t i t o n
κάθειρξη	k a θ i ɾ k s i
καθίστε	k a θ i s t e
καθεδρικό	k a θ e ð ɾ i k o
κανεναν	k a n e n a n
καρτ	k a ɾ t
καρχαρίασ	k a ɾ x a ɾ i a s
κατάρρευσησ	k a t a ɾ e f s i s
καταλήγοντασ	k a t a l i ɣ o n d a s
κατανοητή	k a t a n o i t i
κατευθύνονται	k a t e f θ i n o n d e
κεφαλέσ	c e f a l e s
κομμουνισμού	k o m u n i z m u
κουτάκι	k u t a c i
κούκλοσ	k u k l o s
κρόνοσ	k ɾ o n o s
κυβερνούν	c i v e ɾ n u n
κωδικοποίηση	k o ð i k o p i i s i
κωσ	k o s
λάθουσ	l a θ u s
λάμπεσ	l a m b e s
λέοντα	l e o n d a
λουίζ	l u i z
μάσα	m a s a
μίκυ	m i c i
μείζονοσ	m i z o n o s
μεταβάλλεται	m e t a v a l e t e
μιχαηλίδησ	m i x a i l i ð i s
μπενάκη	b e n a c i
νήσου	n i s u
ναπολέων	n a p o l e o n
νεάπολησ	n e a p o l i s
νεαρέσ	n e a ɾ e s
νομιζα	n o m i z a
νομισματική	n o m i z m a t i c i
νομισματικό	n o m i z m a t i k o
νοτιοανατολική	n o t i o a n a t o l i c i
ντομάτασ	d o m a t a s
ξεχάσουν	k s e x a s u n
οδοντίατροσ	o ð o n d i a t ɾ o s
οικοδόμημα	i k o ð o m i m a
ολπ	o l p
ομώνυμη	o m o n i m i
ονόματά	o n o m a t a
ορισμένο	o ɾ i z m e n o
ορό	o ɾ o
ουδέτερη	u ð e t e ɾ i
πάρισ	p a ɾ i s
παίξαμε	p e k s a m e
παθαίνει	p a θ e n i
παλέτα	p a l e t a
παναγιάσ	p a n a ʝ a s
παντελεήμονα	p a n d e l e i m o n a
παντρευτούν	p a n d ɾ e f t u n
παντρεύονται	p a n d ɾ e v o n d e
παράλειψη	p a ɾ a l i p s i
παραδείσου	p a ɾ a ð i s u
πηδάσ	p i ð a s
πλεονάσματα	p l e o n a z m a t a
πληγώνει	p l i ɣ o n i
πολεμούν	p o l e m u n
πολιτισμική	p o l i t i z m i c i
πολυπλοκότητα	p o l i p l o k o t i t a
πολύχρωμα	p o l i x ɾ o m a
πράγα	p ɾ a ɣ a
πράσινουσ	p ɾ a s i n u s
προετοιμασμένοι	p ɾ o e t i m a z m e n i
προσδιορίζει	p ɾ o z ð i o ɾ i z i
προστατεύονται	p ɾ o s t a t e v o n d e
προσφέρεισ	p ɾ o s f e ɾ i s
προσφέρονται	p ɾ o s f e ɾ o n d e
προτέρων	p ɾ o t e ɾ o n
προτεραιότητασ	p ɾ o t e ɾ e o t i t a s
πυκνό	p i k n o
ρεβάνσ	ɾ e v a n s
ριζικά	ɾ i z i k a
σαλαμίνασ	s a l a m i n a s
σεισμική	s i z m i c i
σεξουαλικό	s e k s u a l i k o
σκεύοσ	s c e v o s
σκιών	s c o n
σοσιαλιστικήσ	s o s i a l i s t i c i s
σπα	s p a
συζητήθηκε	s i z i t i θ i c e
συμβούλων	s i ɱ v u l o n
συμπίπτει	s i m b i p t i
συνήθησ	s i n i θ i s
συναντηθούν	s i n a n d i θ u n
συνοδεύουν	s i n o ð e v u n
συνοχή	s i n o ç i
σχηματίσει	s ç i m a t i s i
σωτήρασ	s o t i ɾ a s
τάσο	t a s o
τείχουσ	t i x u s
τιμωρήσει	t i m o ɾ i s i
τρέφεται	t ɾ e f e t e
τρομοκρατικέσ	t ɾ o m o k ɾ a t i c e s
τροχόσ	t ɾ o x o s
τυχερά	t i ç e ɾ a
τόμι	t o m i
υγειονομική	i ʝ i o n o m i c i
υπηρέτησ	i p i ɾ e t i s
φιλανθρωπία	f i l a n θ ɾ o p i a
φοβήθηκε	f o v i θ i c e
φορτ	f o ɾ t
φούρνοσ	f u ɾ n o s
φυσιολογικέσ	f i s i o l o ʝ i c e s
χάθηκεσ	x a θ i c e s
χάνοντασ	x a n o n d a s
χίλαρι	ç i l a ɾ i
χρηστοσ	x ɾ i s t o s
χτυπήσουν	x t i p i s u n
ωδείου	o ð i u
όουεν	o u e n
άγριεσ	a ɣ ɾ i e s
έλαιο	e l e o
έν	e n
έντιμοσ	e n d i m o s
ήττασ	i t a s
αγκάλιασε	a ŋ ɡ a ʎ a s e
αγνώστουσ	a ɣ n o s t u s
αδέσποτα	a ð e s p o t a
αδελφέ	a ð e l f e
αδικήματα	a ð i c i m a t a
αθηνασ	a θ i n a s
αιμα	e m a
ακμήσ	a k m i s
ανέστη	a n e s t i
ανήλικα	a n i l i k a
αναίσθητοσ	a n e s θ i t o s
αναρωτηθεί	a n a ɾ o t i θ i
ανεβάσω	a n e v a s o
ανιχνευτέσ	a n i x n e f t e s
ανταλλακτικά	a n d a l a k t i k a
αντανακλά	a n d a n a k l a
αντρα	a n d ɾ a
ανώνυμα	a n o n i m a
ανώτατησ	a n o t a t i s
αξιοπρεπή	a k s i o p ɾ e p i
απεικόνισησ	a p i k o n i s i s
απλού	a p l u
αποτυχημένο	a p o t i ç i m e n o
αποφεύγοντασ	a p o f e v ɣ o n d a s
αυγών	a v ɣ o n
αφαιρεί	a f e ɾ i
βάθουσ	v a θ u s
βαθμολογίεσ	v a θ m o l o ʝ i e s
βασανίζει	v a s a n i z i
βασιλέα	v a s i l e a
βιομηχανικέσ	v i o m i x a n i c e s
βομβιστική	v o ɱ v i s t i c i
βρηκα	v ɾ i k a
γεννήτρια	ʝ e n i t ɾ i a
γερο	ʝ e ɾ o
γεωργικών	ʝ e o ɾ ʝ i k o n
γκουρού	ɡ u ɾ u
γκόμενο	ɡ o m e n o
γλουτένη	ɣ l u t e n i
γραμματική	ɣ ɾ a m a t i c i
γυμνά	ʝ i m n a
γύρισμα	ʝ i ɾ i z m a
δεκο	ð e k o
δεσποινίσ	ð e s p i n i s
διορισμόσ	ð i o ɾ i z m o s
δουλέψουμε	ð u l e p s u m e
εβαλα	e v a l a
εγκύκλιοσ	e ŋ ɟ i k l i o s
εδαφών	e ð a f o n
εκμεταλλευτεί	e k m e t a l e f t i
ελβετικό	e l v e t i k o
ελληνα	e l i n a
εμπιστευτείσ	e m b i s t e f t i s
εμφανιζόταν	e ɱ f a n i z o t a n
εναντιον	e n a n d i o n
ενημερώνουμε	e n i m e ɾ o n u m e
ενσωματώνει	e n s o m a t o n i
εντυπωσίασε	e n d i p o s i a s e
εξόντωση	e k s o n d o s i
επέμβασησ	e p e ɱ v a s i s
επίσημησ	e p i s i m i s
επανένωση	e p a n e n o s i
επαναλειτουργία	e p a n a l i t u ɾ ʝ i a
επιβάλλουν	e p i v a l u n
επιθεωρητή	e p i θ e o ɾ i t i
επιθυμίασ	e p i θ i m i a s
επιστημονικόσ	e p i s t i m o n i k o s
ερμηνεύσει	e ɾ m i n e f s i
ευθέωσ	e f θ e o s
εύκολεσ	e f k o l e s
ζήνα	z i n a
ζηλεύεισ	z i l e v i s
ζωγραφιέσ	z o ɣ ɾ a f ç e s
ημασταν	i m a s t a n
ημερήσιεσ	i m e ɾ i s i e s
ηρωική	i ɾ o i c i
θαυμάτων	θ a v m a t o n
θεσεισ	θ e s i s
ιδιοκτητών	i ð i o k t i t o n
ιούδα	i u ð a
ιταλών	i t a l o n
καθημερινότητασ	k a θ i m e ɾ i n o t i t a s
κακοποίησησ	k a k o p i i s i s
καποδίστρια	k a p o ð i s t ɾ i a
καταλήγουμε	k a t a l i ɣ u m e
καταμέτρηση	k a t a m e t ɾ i s i
κατασκευασμένη	k a t a s c e v a z m e n i
κινήσει	c i n i s i
κινηση	c i n i s i
κλαδί	k l a ð i
κλιματιστικό	k l i m a t i s t i k o
κοινωνικο	c i n o n i k o
κομητεία	k o m i t i a
κομμουνισμό	k o m u n i z m o
κούρδοι	k u ɾ ð i
κτήνοσ	k t i n o s
κυμαίνονται	c i m e n o n d e
κόλινσ	k o l i n s
κύκλων	c i k l o n
ληστείασ	l i s t i a s
μάντρα	m a n d ɾ a
μέγεθόσ	m e ʝ e θ o s
μίμηση	m i m i s i
μανίκια	m a n i c a
μαραθωνίου	m a ɾ a θ o n i u
μελετητέσ	m e l e t i t e s
μεση	m e s i
μετάξι	m e t a k s i
μεταβολήσ	m e t a v o l i s
μοιραστούν	m i ɾ a s t u n
μοχάμεντ	m o x a m e n d
μπένι	b e n i
μπέργκερ	b e ɾ ɟ e ɾ
μπετόβεν	b e t o v e n
νεαρήσ	n e a ɾ i s
νεροχύτη	n e ɾ o ç i t i
νοικοκυρά	n i k o c i ɾ a
ξανακάνει	k s a n a k a n i
ξεχνούν	k s e x n u n
ξύρισμα	k s i ɾ i z m a
ολοκλήρωσησ	o l o k l i ɾ o s i s
ονείρου	o n i ɾ u
οργασμό	o ɾ ɣ a z m o
ορθόδοξο	o ɾ θ o ð o k s o
πάγωσε	p a ɣ o s e
πάχουσ	p a x u s
πέθανα	p e θ a n a
πέλλα	p e l a
πίστωση	p i s t o s i
παθαίνουν	p a θ e n u n
παλιών	p a ʎ o n
παναμά	p a n a m a
παντελώσ	p a n d e l o s
παπάγου	p a p a ɣ u
παρέμβασησ	p a ɾ e ɱ v a s i s
παρακμήσ	p a ɾ a k m i s
παρακολουθήσουν	p a ɾ a k o l u θ i s u n
πατατάκια	p a t a t a c a
πεινάσ	p i n a s
πνευματικόσ	p n e v m a t i k o s
πολιτισμών	p o l i t i z m o n
πολύτιμεσ	p o l i t i m e s
πουτάνασ	p u t a n a s
πουτάνεσ	p u t a n e s
πριγκίπισσεσ	p ɾ i ŋ ɟ i p i s e s
προσανατολισμού	p ɾ o s a n a t o l i z m u
προσεγγίζει	p ɾ o s e ŋ ɟ i z i
προστατεύσουν	p ɾ o s t a t e f s u n
προτείνετε	p ɾ o t i n e t e
πρωτογενή	p ɾ o t o ʝ e n i
ρασ	ɾ a s
ρωσικών	ɾ o s i k o n
σάντοσ	s a n d o s
σερβίρεται	s e ɾ v i ɾ e t e
σητείασ	s i t i a s
σιωπηλή	s i o p i l i
σκέλοσ	s c e l o s
σκανδάλου	s k a n ð a l u
σκελετόσ	s c e l e t o s
σοσιαλιστέσ	s o s i a l i s t e s
σπρώχνει	s p ɾ o x n i
στάθη	s t a θ i
συνδέσμουσ	s i n ð e z m u s
συνδυασμούσ	s i n ð i a z m u s
συνελεύσεισ	s i n e l e f s i s
σύμφωνη	s i ɱ f o n i
τέρενσ	t e ɾ e n s
ταμείων	t a m i o n
ταξιδεύοντασ	t a k s i ð e v o n d a s
ταχύτατα	t a ç i t a t a
τεε	t e e
τελετών	t e l e t o n
τζέρεμι	d͡z e ɾ e m i
τιμούν	t i m u n
τοιχώματα	t i x o m a t a
τρέμουν	t ɾ e m u n
τρέφονται	t ɾ e f o n d e
τρελαθώ	t ɾ e l a θ o
τριετία	t ɾ i e t i a
τσιπ	t͡s i p
τωρινή	t o ɾ i n i
τότεναμ	t o t e n a m
υποστηρικτήσ	i p o s t i ɾ i k t i s
φθορέσ	f θ o ɾ e s
φυσιογνωμία	f i s i o ɣ n o m i a
χαρίζουν	x a ɾ i z u n
χρωμα	x ɾ o m a
άκουσεσ	a k u s e s
άλματα	a l m a t a
άνοια	a n i a
έκτακτεσ	e k t a k t e s
έμοιαζαν	e m i a z a n
αίτημά	e t i m a
αγκαλιέσ	a ŋ ɡ a ʎ e s
αγορι	a ɣ o ɾ i
αγοριών	a ɣ o ɾ ʝ o n
αμαξι	a m a k s i
αναγκάζονται	a n a ŋ ɡ a z o n d e
αναγνωρίζοντασ	a n a ɣ n o ɾ i z o n d a s
ανακαλύφθηκαν	a n a k a l i f θ i k a n
ανακατασκευή	a n a k a t a s c e v i
ανανεωμένη	a n a n e o m e n i
ανεβάζουν	a n e v a z u n
ανησυχούμε	a n i s i x u m e
ανθρωπο	a n θ ɾ o p o
αντίθετεσ	a n d i θ e t e s
απάτσι	a p a t͡s i
απέραντη	a p e ɾ a n d i
απεικονίζεται	a p i k o n i z e t e
απλωσ	a p l o s
απλόχερα	a p l o ç e ɾ a
αποθεμάτων	a p o θ e m a t o n
αποκαταστήσει	a p o k a t a s t i s i
αποχωρήσουν	a p o x o ɾ i s u n
αρκουδάκι	a ɾ k u ð a c i
αστείοσ	a s t i o s
αυριανό	a v ɾ i a n o
αυτονομίασ	a f t o n o m i a s
βασιλέωσ	v a s i l e o s
βασιλικόσ	v a s i l i k o s
βεβαιωθείτε	v e v e o θ i t e
βιογραφικά	v i o ɣ ɾ a f i k a
βράχων	v ɾ a x o n
γέροι	ʝ e ɾ i
γκραν	ɡ ɾ a n
γνώρισεσ	ɣ n o ɾ i s e s
γουστάρουν	ɣ u s t a ɾ u n
γυάλινο	ʝ a l i n o
δέχεσαι	ð e ç e s e
δίδυμοι	ð i ð i m i
δίχτυ	ð i x t i
δεμένη	ð e m e n i
δεσμοί	ð e z m i
δημιουργήσω	ð i m i u ɾ ʝ i s o
διέπραξε	ð i e p ɾ a k s e
διαζυγίου	ð i̯ a z i ʝ i u
διασκεδάζουν	ð i̯ a s c e ð a z u n
διασκεδαστική	ð i̯ a s c e ð a s t i c i
διατηρούσε	ð i̯ a t i ɾ u s e
διαφημιστική	ð i̯ a f i m i s t i c i
δικαιολογεί	ð i c e o l o ʝ i
δομικά	ð o m i k a
δρομείσ	ð ɾ o m i s
εβραϊκό	e v ɾ a i k o
εικασίεσ	i k a s i e s
ειρηνικού	i ɾ i n i k u
εκπροσωπούν	e k p ɾ o s o p u n
εκπροσώπου	e k p ɾ o s o p u
εκτεθεί	e k t e θ i
ελέφαντεσ	e l e f a n d e s
ελληνο	e l i n o
ελπίζουν	e l p i z u n
εμπροσ	e m b ɾ o s
ενημερωτική	e n i m e ɾ o t i c i
ενώνονται	e n o n o n d e
επανεκκίνηση	e p a n e c i n i s i
επεσε	e p e s e
επιθυμούσε	e p i θ i m u s e
επικό	e p i k o
επόμενων	e p o m e n o n
ευχαριστήσει	e f x a ɾ i s t i s i
εώσ	e o s
ζεν	z e n
ζωάκια	z o a c a
ημ	i m
θάνου	θ a n u
θήρασ	θ i ɾ a s
θαλάσσιων	θ a l a s i o n
θελήσει	θ e l i s i
ιδεολογίασ	i ð e o l o ʝ i a s
ιερέσ	i e ɾ e s
ιθάκησ	i θ a c i s
ικανά	i k a n a
ιο	i o
ιταλίδα	i t a l i ð a
κάρμα	k a ɾ m a
κάρφωσε	k a ɾ f o s e
κέρδιζε	c e ɾ ð i z e
κήρυξη	c i ɾ i k s i
καλησπερα	k a l i s p e ɾ a
καλύτερων	k a l i t e ɾ o n
κανονικήσ	k a n o n i c i s
καταργήθηκε	k a t a ɾ ʝ i θ i c e
καταχώρηση	k a t a x o ɾ i s i
κατεβάσω	k a t e v a s o
κερδών	c e ɾ ð o n
κληθεί	k l i θ i
κοιτούν	c i t u n
κορη	k o ɾ i
κρίσεων	k ɾ i s e o n
κρατηθεί	k ɾ a t i θ i
κόντε	k o n d e
λίντα	l i n d a
λιώνει	ʎ o n i
λογαριασμών	l o ɣ a ɾ ʝ a z m o n
λογικέσ	l o ʝ i c e s
λογιστή	l o ʝ i s t i
μαγειρέψω	m a ʝ i ɾ e p s o
μεσόγειοσ	m e s o ʝ i o s
μεταβλητή	m e t a v l i t i
μεταφέροντασ	m e t a f e ɾ o n d a s
μετρο	m e t ɾ o
μηνύσεισ	m i n i s i s
μιλούσαμε	m i l u s a m e
μνεία	m n i a
μοναχούσ	m o n a x u s
μπαίνετε	b e n e t e
μπριζόλεσ	b ɾ i z o l e s
μυθιστορήματοσ	m i θ i s t o ɾ i m a t o s
μόριο	m o ɾ i o
νικήσουν	n i c i s u n
νοσήματα	n o s i m a t a
νύκτα	n i k t a
ξαναπούμε	k s a n a p u m e
ξεχαστεί	k s e x a s t i
ξεχνάει	k s e x n a i
οστό	o s t o
πάλεψε	p a l e p s e
παιδικούσ	p e ð i k u s
παλέψει	p a l e p s i
παντρευτούμε	p a n d ɾ e f t u m e
παραδόξωσ	p a ɾ a ð o k s o s
παρακολουθώντασ	p a ɾ a k o l u θ o n d a s
παρθένο	p a ɾ θ e n o
πατρίσ	p a t ɾ i s
πατρα	p a t ɾ a
πεδίων	p e ð i o n
πεζικού	p e z i k u
πειραματικά	p i ɾ a m a t i k a
πειραματική	p i ɾ a m a t i c i
πενταετία	p e n d a e t i a
πεσόντων	p e s o n d o n
πετύχουν	p e t i x u n
πηγε	p i ʝ e
πιάνουμε	p ç a n u m e
πιθανούσ	p i θ a n u s
πλήθη	p l i θ i
πλύση	p l i s i
πολλοι	p o l i
πολωνίασ	p o l o n i a s
πουλούσε	p u l u s e
πούνε	p u n e
προέκταση	p ɾ o e k t a s i
προλάβεισ	p ɾ o l a v i s
προοδευτικό	p ɾ o o ð e f t i k o
προσδόκιμο	p ɾ o z ð o c i m o
προχωράσ	p ɾ o x o ɾ a s
πρωτοκόλλου	p ɾ o t o k o l u
πόθοσ	p o θ o s
ρατσισμόσ	ɾ a t͡s i z m o s
ρευστό	ɾ e f s t o
ρομαντικόσ	ɾ o m a n d i k o s
ρωτούσε	ɾ o t u s e
σάπιο	s a p ç o
σάσα	s a s a
σάτιρα	s a t i ɾ a
σκάστε	s k a s t e
στέγησ	s t e ʝ i s
σταθώ	s t a θ o
στηρίξουμε	s t i ɾ i k s u m e
συμ	s i m
συναρτήσεισ	s i n a ɾ t i s i s
συνδεδεμένα	s i n ð e ð e m e n a
συντομία	s i n d o m i a
σωλήνασ	s o l i n a s
σώθηκαν	s o θ i k a n
τολμήσει	t o l m i s i
τουαλέτασ	t u a l e t a s
τρίγωνα	t ɾ i ɣ o n a
τραγουδούσε	t ɾ a ɣ u ð u s e
τραπεζίτησ	t ɾ a p e z i t i s
υπαλλήλου	i p a l i l u
υπόκειται	i p o c i t e
φανάρια	f a n a ɾ ʝ a
φτάνεισ	f t a n i s
φυλάσσεται	f i l a s e t e
φόρεστ	f o ɾ e s t
χάι	x a i
χάουσ	x a u s
χου	x u
ψυχολογικέσ	p s i x o l o ʝ i c e s
ψυχρόσ	p s i x ɾ o s
άγχουσ	a ŋ x u s
άλισ	a l i s
έβγαινα	e v ʝ e n a
έδεσσασ	e ð e s a s
έθεσαν	e θ e s a n
έκλεβε	e k l e v e
έμβλημα	e ɱ v l i m a
έμπορο	e m b o ɾ o
έφοδο	e f o ð o
έφταιγε	e f t e ʝ e
αγανάκτηση	a ɣ a n a k t i s i
αγιά	a ʝ a
αδράνεια	a ð ɾ a n i a
αθωότητα	a θ o o t i t a
ακολουθήσεισ	a k o l u θ i s i s
ακουσε	a k u s e
ακούστηκαν	a k u s t i k a n
ακτιβιστέσ	a k t i v i s t e s
αλγόριθμοσ	a l ɣ o ɾ i θ m o s
αμύγδαλα	a m i ɣ ð a l a
ανέβουν	a n e v u n
αναλυση	a n a l i s i
αναμενόμενη	a n a m e n o m e n i
ανεμιστήρα	a n e m i s t i ɾ a
αντιμετωπιστεί	a n d i m e t o p i s t i
ανώνυμο	a n o n i m o
ανώτερεσ	a n o t e ɾ e s
ανώτερησ	a n o t e ɾ i s
απαγορεύτηκε	a p a ɣ o ɾ e f t i c e
απαντήσετε	a p a n d i s e t e
απαρτίζεται	a p a ɾ t i z e t e
αποφασιστική	a p o f a s i s t i c i
αποχώρησαν	a p o x o ɾ i s a n
αργα	a ɾ ɣ a
αρτηρίεσ	a ɾ t i ɾ i e s
ατλαντικό	a t l a n d i k o
ατομικών	a t o m i k o n
αυτονόητα	a f t o n o i t a
αυτοπροσώπωσ	a f t o p ɾ o s o p o s
βίζα	v i z a
βαρουφάκησ	v a ɾ u f a c i s
βελτίωσησ	v e l t i o s i s
βιομηχανικά	v i o m i x a n i k a
βουνών	v u n o n
βυθίστηκε	v i θ i s t i c e
γαμήσεισ	ɣ a m i s i s
γαμηθείτε	ɣ a m i θ i t e
γενετικήσ	ʝ e n e t i c i s
γιορτάζουν	ʝ o ɾ t a z u n
γνωρίσματα	ɣ n o ɾ i z m a t a
γραπτό	ɣ ɾ a p t o
γυρίσετε	ʝ i ɾ i s e t e
δέχθηκαν	ð e x θ i k a n
δίνη	ð i n i
δανείου	ð a n i u
δεκάδων	ð e k a ð o n
δημιουργούσ	ð i m i u ɾ ɣ u s
διήρκεσε	ð i i ɾ c e s e
διαλύει	ð i̯ a l i i
διαμορφωθεί	ð i̯ a m o ɾ f o θ i
διαχρονική	ð i̯ a x ɾ o n i c i
διεξαχθούν	ð i e k s a x θ u n
δικαιολογείται	ð i c e o l o ʝ i t e
διπλόσ	ð i p l o s
δουλέψεισ	ð u l e p s i s
δουλέψω	ð u l e p s o
δυσκολο	ð i s k o l o
είσοδό	i s o ð o
εγγονό	e ŋ ɡ o n o
εδωσε	e ð o s e
ειδοσ	i ð o s
εισήχθη	i s i x θ i
εκπαιδευτικέσ	e k p e ð e f t i c e s
εκτελέσουν	e k t e l e s u n
εκτελεστικό	e k t e l e s t i k o
εμπορεύματα	e m b o ɾ e v m a t a
ενοχλήσεισ	e n o x l i s i s
ενσωματωμένο	e n s o m a t o m e n o
εντόμων	e n d o m o n
εξασφαλίσουν	e k s a s f a l i s u n
εξελίξεων	e k s e l i k s e o n
επίκαιρη	e p i c e ɾ i
επενδύσει	e p e n ð i s i
επική	e p i c i
επιλέγουμε	e p i l e ɣ u m e
επιτυχημένοσ	e p i t i ç i m e n o s
εσρ	e s ɾ
ευημερίασ	e v i m e ɾ i a s
ευχηθώ	e f ç i θ o
εφήβουσ	e f i v u s
εφαρμόστηκε	e f a ɾ m o s t i c e
εχθρικά	e x θ ɾ i k a
ζεύγουσ	z e v ɣ u s
ζούνε	z u n e
ηγετική	i ʝ e t i c i
ηλεκτρισμού	i l e k t ɾ i z m u
ηρωίνησ	i ɾ o i n i s
θεο	θ e o
θρεπτικά	θ ɾ e p t i k a
ιατρών	i a t ɾ o n
ιδιοτήτων	i ð i o t i t o n
κάρβουνο	k a ɾ v u n o
καθολικόσ	k a θ o l i k o s
καιρικά	c e ɾ i k a
καλεσμένη	k a l e z m e n i
καλεσμένο	k a l e z m e n o
καρτούν	k a ɾ t u n
καταλήψεισ	k a t a l i p s i s
καταντήσει	k a t a n d i s i
καταφέρνεισ	k a t a f e ɾ n i s
κενού	c e n u
κλάσεισ	k l a s i s
κοιλιάσ	c i ʎ a s
κοιμάστε	c i m a s t e
κοπήσ	k o p i s
κοροϊδεύουν	k o ɾ o i̯ ð e v u n
κορύφωση	k o ɾ i f o s i
κρόνου	k ɾ o n u
κρύψουν	k ɾ i p s u n
κυ	c i
κόκαλα	k o k a l a
λέοναρντ	l e o n a ɾ d
λαογραφικό	l a o ɣ ɾ a f i k o
λεγε	l e ʝ e
λονγκ	l o ŋ ɡ
λόγων	l o ɣ o n
λύκουσ	l i k u s
μήτρασ	m i t ɾ a s
μαλ	m a l
μαντήλι	m a n d i l i
μειωθούν	m i o θ u n
μειώσουν	m i o s u n
μετακομίζει	m e t a k o m i z i
μηνύματοσ	m i n i m a t o s
μικρέ	m i k ɾ e
μιλασ	m i l a s
μισείσ	m i s i s
μοιράζει	m i ɾ a z i
μοιράζεσαι	m i ɾ a z e s e
μπάρτον	b a ɾ t o n
μπέτι	b e t i
μπον	b o n
νεφρική	n e f ɾ i c i
νταμ	d a m
ντιναμό	d i n a m o
ξανθό	k s a n θ o
ξεχώρισε	k s e x o ɾ i s e
ξύλινεσ	k s i l i n e s
οικονομικοί	i k o n o m i c i
ορόφου	o ɾ o f u
πάνα	p a n a
πάπια	p a p ç a
πίστεσ	p i s t e s
πακέτου	p a c e t u
παλια	p a ʎ a
παναγιωτόπουλοσ	p a n a ʝ i o t o p u l o s
παράνομων	p a ɾ a n o m o n
παρέμβει	p a ɾ e ɱ v i
πατρέων	p a t ɾ e o n
πειράξει	p i ɾ a k s i
πεντάδα	p e n d a ð a
περιβάλλεται	p e ɾ i v a l e t e
περιοριστεί	p e ɾ i o ɾ i s t i
περισσεύει	p e ɾ i s e v i
περιφορά	p e ɾ i f o ɾ a
πιστέψτε	p i s t e p s t e
πληρώματα	p l i ɾ o m a t a
πληρώνετε	p l i ɾ o n e t e
πλύνω	p l i n o
πνευμονία	p n e v m o n i a
ποδηλασίασ	p o ð i l a s i a s
ποσοτική	p o s o t i c i
προκαλείσ	p ɾ o k a l i s
προκλήθηκαν	p ɾ o k l i θ i k a n
προλάβουμε	p ɾ o l a v u m e
προσκάλεσε	p ɾ o s k a l e s e
προχώρα	p ɾ o x o ɾ a
πρόδρομοσ	p ɾ o ð ɾ o m o s
πρόσημο	p ɾ o s i m o
πτυχή	p t i ç i
πυκνή	p i k n i
πυροβολικό	p i ɾ o v o l i k o
πωλητή	p o l i t i
ρίου	ɾ i u
ριζοσπαστική	ɾ i z o s p a s t i c i
ρινγκ	ɾ i ŋ ɡ
ρισκάρεισ	ɾ i s k a ɾ i s
ρόμπινσον	ɾ o b i n s o n
ρόφημα	ɾ o f i m a
σιάτλ	s ç a t l
σκαλοπάτια	s k a l o p a t ç a
σκόπευε	s k o p e v e
σποτ	s p o t
σταυροδρόμι	s t a v ɾ o ð ɾ o m i
στόουν	s t o u n
συλλέκτεσ	s i l e k t e s
συμμετεχόντων	s i m e t e x o n d o n
συμφωνήσουμε	s i ɱ f o n i s u m e
συναντώνται	s i n a n d o n d e
συνδεδεμένοσ	s i n ð e ð e m e n o s
συνηθίζεται	s i n i θ i z e t e
συντομα	s i n d o m a
σφαγέσ	s f a ʝ e s
σχηματισμού	s ç i m a t i z m u
ταυτίζονται	t a f t i z o n d e
τελετήσ	t e l e t i s
τετραγωνικών	t e t ɾ a ɣ o n i k o n
τζόαν	d͡z o a n
τηλεφωνήματα	t i l e f o n i m a t a
τομεα	t o m e a
τουρκοκρατίασ	t u ɾ k o k ɾ a t i a s
τρέξουν	t ɾ e k s u n
τρανσ	t ɾ a n s
τροποποιήθηκε	t ɾ o p o p i i θ i c e
τσούλα	t͡s u l a
τόμο	t o m o
υιοθετεί	i o θ e t i
υστερα	i s t e ɾ a
φαγητο	f a ʝ i t o
φαντασίωση	f a n d a s i o s i
φασιστικό	f a s i s t i k o
φώφη	f o f i
χαίρονται	ç e ɾ o n d e
χαζά	x a z a
χαλάσω	x a l a s o
χαρακτηρίσει	x a ɾ a k t i ɾ i s i
χρειαστώ	x ɾ i a s t o
χτίζει	x t i z i
άρτι	a ɾ t i
άσθμα	a s θ m a
έβγαιναν	e v ʝ e n a n
έδινεσ	e ð i n e s
έκθεσή	e k θ e s i
ένεκα	e n e k a
έτρεχα	e t ɾ e x a
αγνοείσ	a ɣ n o i s
αθώοι	a θ o i
αισθητικά	e s θ i t i k a
αιχμέσ	e x m e s
ακουστική	a k u s t i c i
αλβανικό	a l v a n i k o
ανάκριση	a n a k ɾ i s i
αναστολήσ	a n a s t o l i s
αναχώρησε	a n a x o ɾ i s e
ανθρωπιστικήσ	a n θ ɾ o p i s t i c i s
ανοδική	a n o ð i c i
ανοσοποιητικό	a n o s o p i i t i k o
ανταποκριθεί	a n d a p o k ɾ i θ i
αντιδραστήρα	a n d i ð ɾ a s t i ɾ a
αντουάν	a n d u a n
ανύπαρκτη	a n i p a ɾ k t i
ανώνυμοσ	a n o n i m o s
αξιώματα	a k s i o m a t a
απαγορεύσει	a p a ɣ o ɾ e f s i
απολαμβάνουμε	a p o l a ɱ v a n u m e
αποπληρωμή	a p o p l i ɾ o m i
αποφασιστικότητα	a p o f a s i s t i k o t i t a
αποχώρησή	a p o x o ɾ i s i
αποψινή	a p o p s i n i
αρθρώσεισ	a ɾ θ ɾ o s i s
ασπρόμαυρη	a s p ɾ o m a v ɾ i
αστροναύτεσ	a s t ɾ o n a f t e s
ατμό	a t m o
αττικό	a t i k o
αυλήσ	a v l i s
βιολογικών	v i o l o ʝ i k o n
βρουμε	v ɾ u m e
βυζαντινών	v i z a n d i n o n
γάμησεσ	ɣ a m i s e s
γή	ʝ i
γατάκια	ɣ a t a c a
γιαννησ	ʝ a n i s
γιουρόπα	ʝ u ɾ o p a
γραμματόσημα	ɣ ɾ a m a t o s i m a
γραφέσ	ɣ ɾ a f e s
γυμνέσ	ʝ i m n e s
δίσκων	ð i s k o n
δεκ	ð e k
δεκάλεπτο	ð e k a l e p t o
διαδεδομένη	ð i̯ a ð e ð o m e n i
δικαστεί	ð i k a s t i
διοικήσεισ	ð i i c i s i s
δοκιμάσουμε	ð o c i m a s u m e
δράκουσ	ð ɾ a k u s
δυνητικά	ð i n i t i k a
δωσω	ð o s o
εβδομαδα	e v ð o m a ð a
εθνικο	e θ n i k o
εισαχθεί	i s a x θ i
εκδίδονται	e k ð i ð o n d e
εκπαιδευτεί	e k p e ð e f t i
εκπαιδευτικήσ	e k p e ð e f t i c i s
εκτελεστικήσ	e k t e l e s t i c i s
εκτεταμένεσ	e k t e t a m e n e s
εκφραστεί	e k f ɾ a s t i
ελενη	e l e n i
ενδοχώρα	e n ð o x o ɾ a
ενημερωση	e n i m e ɾ o s i
επίκαιρο	e p i c e ɾ o
επαρχίεσ	e p a ɾ ç i e s
επιγραφέσ	e p i ɣ r a f e s
επιθυμητό	e p i θ i m i t o
επιλέξουν	e p i l e k s u n
επιτρέψουν	e p i t ɾ e p s u n
επιτυχημένεσ	e p i t i ç i m e n e s
εταίροσ	e t e ɾ o s
ζήλο	z i l o
ζούγκλασ	z u ŋ ɡ l a s
θέτουν	θ e t u n
θεόδωρο	θ e o ð o ɾ o
θόλο	θ o l o
ιαν	i a n
ιδεολογικά	i ð e o l o ʝ i k a
ικανοποιητική	i k a n o p i i t i c i
ιταλό	i t a l o
κάλυπτε	k a l i p t e
κάρα	k a ɾ a
καθαρίστε	k a θ a ɾ i s t e
καθεμία	k a θ e m i a
καθολικήσ	k a θ o l i c i s
καινούριεσ	c e n u ɾ ʝ e s
καλαμάκι	k a l a m a c i
καλοκαιρινά	k a l o c e ɾ i n a
καλούσε	k a l u s e
καποιοι	k a p i i
καριόλη	k a ɾ ʝ o l i
καρπενησίου	k a ɾ p e n i s i u
καρτέλ	k a ɾ t e l
κατασκεύασε	k a t a s c e v a s e
κιθ	c i θ
κλάδοι	k l a ð i
κλείνοντασ	k l i n o n d a s
κομμουνιστικού	k o m u n i s t i k u
κοσμου	k o z m u
κρατικόσ	k ɾ a t i k o s
κριστιάνο	k ɾ i s t ç a n o
κρουσμάτων	k ɾ u z m a t o n
κωδικοί	k o ð i c i
κόμβοσ	k o ɱ v o s
λαζαρίδησ	l a z a ɾ i ð i s
λαθρομετανάστεσ	l a θ ɾ o m e t a n a s t e s
λαμβάνω	l a ɱ v a n o
λανγκ	l a ŋ ɡ
λεμονάδα	l e m o n a ð a
λουλουδιών	l u l u ð ʝ o n
μέριμνα	m e ɾ i m n a
μαγνήσιο	m a ɣ n i s i o
μακεδονια	m a c e ð o ɲ a
μακρύσ	m a k ɾ i s
μαλακή	m a l a c i
μαντόνα	m a n d o n a
μαρσέλ	m a ɾ s e l
μαφίασ	m a f i a s
μεγαλώσω	m e ɣ a l o s o
μειώσουμε	m i o s u m e
μεραρχία	m e ɾ a ɾ ç i a
μεταβαίνει	m e t a v e n i
μετράμε	m e t ɾ a m e
μικροκυμάτων	m i k ɾ o c i m a t o n
μισο	m i s o
μοιραστείσ	m i ɾ a s t i s
μοναστηράκι	m o n a s t i ɾ a c i
μονόδρομοσ	m o n o ð ɾ o m o s
μούσι	m u s i
μυρωδιέσ	m i ɾ o ð ʝ e s
μόνιμησ	m o n i m i s
ναυτικόσ	n a f t i k o s
νικη	n i c i
νύφησ	n i f i s
ξερό	k s e ɾ o
ολοταχώσ	o l o t a x o s
ολυμπιονίκεσ	o l i m b i o n i c e s
ορίζοντασ	o ɾ i z o n d a s
ορθοδόξων	o ɾ θ o ð o k s o n
οφθαλμού	o f θ a l m u
παλέψουμε	p a l e p s u m e
παλμό	p a l m o
παναιτωλικού	p a n e t o l i k u
παπαβασιλείου	p a p a v a s i l i u
παραδώσουν	p a ɾ a ð o s u n
παραθέτει	p a ɾ a θ e t i
πασχάλησ	p a s x a l i s
πείσεισ	p i s i s
πειτε	p i t e
πεπεισμένοσ	p e p i z m e n o s
περίπτωσή	p e ɾ i p t o s i
πεταλούδεσ	p e t a l u ð e s
πιστέψουν	p i s t e p s u n
πλανητών	p l a n i t o n
πλαστήρα	p l a s t i ɾ a
πληρωθούν	p l i ɾ o θ u n
πνευματικέσ	p n e v m a t i c e s
ποδηλάτεσ	p o ð i l a t e s
πούλιτζερ	p u l i d͡z e ɾ
προσαρμογήσ	p ɾ o s a ɾ m o ʝ i s
πρωτοσέλιδα	p ɾ o t o s e l i ð a
πυκνότητασ	p i k n o t i t a s
ραπ	ɾ a p
ρολογιού	ɾ o l o ʝ u
ρυθμίζει	ɾ i θ m i z i
ρωτά	ɾ o t a
ρωτούν	ɾ o t u n
σάμοσ	s a m o s
σακελλαρίου	s a c e l a ɾ i u
σιδερένια	s i ð e ɾ e ɲ a
σμήνοσ	z m i n o s
σταύρωση	s t a v ɾ o s i
στελέχουσ	s t e l e x u s
στημένο	s t i m e n o
στρογγυλό	s t ɾ o ŋ ɟ i l o
συγκρίνει	s i ŋ ɡ ɾ i n i
συγκρίνεται	s i ŋ ɡ ɾ i n e t e
συζητά	s i z i t a
συμβιβασμόσ	s i ɱ v i v a z m o s
συμεών	s i m e o n
συμπεριλάβει	s i m b e ɾ i l a v i
συμπεριληφθεί	s i m b e ɾ i l i f θ i
συμπληρωματική	s i m b l i ɾ o m a t i c i
συμπλοκή	s i m b l o c i
συναισθηματικό	s i n e s θ i m a t i k o
συναντήσετε	s i n a n d i s e t e
συναντήσω	s i n a n d i s o
συνεχιζόμενη	s i n e ç i z o m e n i
συνηθίζει	s i n i θ i z i
συντάκτεσ	s i n d a k t e s
σύντομεσ	s i n d o m e s
τέρι	t e ɾ i
τίτο	t i t o
τεχνολογική	t e x n o l o ʝ i c i
τζιχαντιστέσ	d͡z i x a n d i s t e s
τηλεφωνικά	t i l e f o n i k a
τιμεσ	t i m e s
τρίτον	t ɾ i t o n
τρομοκρατών	t ɾ o m o k ɾ a t o n
τρυφερό	t ɾ i f e ɾ o
υπόστρωμα	i p o s t ɾ o m a
φαρμακευτικά	f a ɾ m a c e f t i k a
φθάσουν	f θ a s u n
φιλαρμονική	f i l a ɾ m o n i c i
φιλο	f i l o
φιλοσοφικήσ	f i l o s o f i c i s
φοβερέσ	f o v e ɾ e s
φτιάχνεται	f t ç a x n e t e
φυλάκιο	f i l a c i o
φύλλου	f i l u
φύσσα	f i s a
χαλάσ	x a l a s
χατζιδάκισ	x a d͡z i ð a c i s
χορευτικό	x o ɾ e f t i k o
χοροί	x o ɾ i
χωράνε	x o ɾ a n e
όπερασ	o p e ɾ a s
άδωνισ	a ð o n i s
έμμεση	e m e s i
έφευγε	e f e v ʝ e
ίσοι	i s i
αγελάδεσ	a ʝ e l a ð e s
αγοριού	a ɣ o ɾ ʝ u
αγόρασαν	a ɣ o ɾ a s a n
αερα	a e ɾ a
αθανάσιο	a θ a n a s i o
αθηνων	a θ i n o n
αισθανθεί	e s θ a n θ i
αιτιολογία	e t i o l o ʝ i a
αιχμάλωτοσ	e x m a l o t o s
αλή	a l i
αλεξίπτωτο	a l e k s i p t o t o
ανάψω	a n a p s o
ανήλικο	a n i l i k o
ανακοινωθούν	a n a c i n o θ u n
ανανεωμένο	a n a n e o m e n o
αναπτύχθηκαν	a n a p t i x θ i k a n
αναπόφευκτο	a n a p o f e f k t o
ανεπαρκήσ	a n e p a ɾ c i s
ανισότητα	a n i s o t i t a
ανταγωνιστική	a n d a ɣ o n i s t i c i
αντανάκλαση	a n d a n a k l a s i
αντιμετωπίζονται	a n d i m e t o p i z o n d e
αντιπροσώπουσ	a n d i p ɾ o s o p u s
αξιζει	a k s i z i
αξιόπιστο	a k s i o p i s t o
αξονική	a k s o n i c i
απάτεσ	a p a t e s
απαγορευμένη	a p a ɣ o ɾ e v m e n i
απαιτούμενη	a p e t u m e n i
απαρτίζουν	a p a ɾ t i z u n
απειλούσε	a p i l u s e
απογόνουσ	a p o ɣ o n u s
αποδείξουμε	a p o ð i k s u m e
αποκάλυψησ	a p o k a l i p s i s
απομόνωσησ	a p o m o n o s i s
αποτελέσουν	a p o t e l e s u n
αποτρέπει	a p o t ɾ e p i
απόκρυψη	a p o k ɾ i p s i
αρμόζει	a ɾ m o z i
αρτηριακή	a ɾ t i ɾ i a c i
αστέρεσ	a s t e ɾ e s
αυτόνομα	a f t o n o m a
αφμ	a f m
βίλεσ	v i l e s
βελγίου	v e l ʝ i u
βραχίονα	v ɾ a ç i o n a
βυθίζεται	v i θ i z e t e
γελάσω	ʝ e l a s o
γελάτε	ʝ e l a t e
γεμίσω	ʝ e m i s o
γιαν	ʝ a n
γνώρισμα	ɣ n o ɾ i z m a
γυμνοί	ʝ i m n i
δάκτυλα	ð a k t i l a
δαγκώνει	ð a ŋ ɡ o n i
δασικών	ð a s i k o n
δημάρχων	ð i m a ɾ x o n
δημαρχείου	ð i m a ɾ ç i u
δημιουργών	ð i m i u ɾ ɣ o n
διακριτική	ð i̯ a k ɾ i t i c i
διδάσκονται	ð i ð a s k o n d e
δικηγορικό	ð i c i ɣ o ɾ i k o
δονήσεισ	ð o n i s i s
δωσει	ð o s i
δώρισε	ð o ɾ i s e
εγγύσ	e ŋ ɟ i s
εισήλθε	i s i l θ e
εκλογικού	e k l o ʝ i k u
εκπροσώπων	e k p ɾ o s o p o n
εκρηκτικό	e k ɾ i k t i k o
εκτόξευσησ	e k t o k s e f s i s
ελευθερώσει	e l e f θ e ɾ o s i
εμποδίζουν	e m b o ð i z u n
ενήλικη	e n i l i c i
ενημερωθεί	e n i m e ɾ o θ i
εννοεισ	e n o i s
επίσκοπο	e p i s k o p o
επιθετικότητα	e p i θ e t i k o t i t a
επικεντρωθεί	e p i c e n d ɾ o θ i
επιλεκτική	e p i l e k t i c i
επιπτώσεων	e p i p t o s e o n
επισκόπου	e p i s k o p u
εταιρική	e t e ɾ i c i
ευάλωτη	e v a l o t i
ευαγγελισμού	e v a ŋ ɟ e l i z m u
ζητημάτων	z i t i m a t o n
ζωντανών	z o n d a n o n
ζωολογικό	z o o l o ʝ i k o
ηχητικά	i ç i t i k a
θεολογική	θ e o l o ʝ i c i
θυμηθεί	θ i m i θ i
θώρακα	θ o ɾ a k a
ιούσ	i u s
ισα	i s a
ισοδύναμα	i s o ð i n a m a
κάλυψησ	k a l i p s i s
καθαρίζουν	k a θ a ɾ i z u n
κατεδάφιση	k a t e ð a f i s i
κατηγορήθηκε	k a t i ɣ o ɾ i θ i c e
κοιμήσεωσ	c i m i s e o s
κοροϊδεύει	k o ɾ o i̯ ð e v i
κοσμημάτων	k o z m i m a t o n
κρίνετε	k ɾ i n e t e
κυκλοφορίεσ	c i k l o f o ɾ i e s
κόλποσ	k o l p o s
κόπηκαν	k o p i k a n
κόποσ	k o p o s
κύπελλα	c i p e l a
κύρουσ	c i ɾ u s
λετε	l e t e
λογικόσ	l o ʝ i k o s
λόρδο	l o ɾ ð o
μάπα	m a p a
μάχεται	m a ç e t e
μέτρησε	m e t ɾ i s e
μαζέψουν	m a z e p s u n
μαθηματικα	m a θ i m a t i k a
μείζονα	m i z o n a
μελλον	m e l o n
μετακινείται	m e t a c i n i t e
μεταλλείων	m e t a l i o n
μετρήσει	m e t ɾ i s i
μετρήσω	m e t ɾ i s o
μπάρμπα	b a ɾ b a
μπαμπάδεσ	b a b a ð e s
νάνοι	n a n i
νεανικό	n e a n i k o
νευρική	n e v ɾ i c i
νευρικού	n e v ɾ i k u
νομίζοντασ	n o m i z o n d a s
ντεν	d e n
ντρέπεται	d ɾ e p e t e
νόβα	n o v a
ξάδερφοσ	k s a ð e ɾ f o s
ξενοδοχειο	k s e n o ð o ç i o
ξερουμε	k s e ɾ u m e
ογα	o ɣ a
οδοντόβουρτσα	o ð o n d o v u ɾ t͡s a
οικονομολόγοι	i k o n o m o l o ʝ i
ολίγον	o l i ɣ o n
ονομασίεσ	o n o m a s i e s
οπτικέσ	o p t i c e s
οργανικό	o ɾ ɣ a n i k o
ουάου	u a u
ουγγαρίασ	u ŋ ɡ a ɾ i a s
πέρι	p e ɾ i
πέτρινο	p e t ɾ i n o
πίεσε	p i e s e
παίζονται	p e z o n d e
παναγιώτα	p a n a ʝ o t a
παντρευτείτε	p a n d ɾ e f t i t e
παρέδωσαν	p a ɾ e ð o s a n
πεινάει	p i n a i
περιορισμού	p e ɾ i o ɾ i z m u
περπατήσει	p e ɾ p a t i s i
πλατύ	p l a t i
πολεμιστή	p o l e m i s t i
πολύπλοκα	p o l i p l o k a
ποταμών	p o t a m o n
προγραμματισμένο	p ɾ o ɣ ɾ a m a t i z m e n o
προδώσει	p ɾ o ð o s i
προσκαλεί	p ɾ o s k a l i
προφυλάξεισ	p ɾ o f i l a k s i s
πρωτοχρονιάσ	p ɾ o t o x ɾ o ɲ a s
πρό	p ɾ o
πτυχιούχοσ	p t i ç u x o s
ρεαλισμό	ɾ e a l i z m o
ρουθ	ɾ u θ
ρώσου	ɾ o s u
σία	s i a
σεφέρη	s e f e ɾ i
σκοινί	s c i n i
σοσιαλιστών	s o s i a l i s t o n
σπουδαστών	s p u ð a s t o n
στράφηκε	s t ɾ a f i c e
συμβόλαιό	s i ɱ v o l e o
συναντάται	s i n a n d a t e
συνδέθηκε	s i n ð e θ i c e
συνειδητοποίησε	s i n i ð i t o p i i s e
συνοπτική	s i n o p t i c i
συσπείρωση	s i s p i ɾ o s i
σφαγήσ	s f a ʝ i s
σωστο	s o s t o
ταξιδι	t a k s i ð i
ταπεινά	t a p i n a
ταχείασ	t a ç i a s
τεχνολογικά	t e x n o l o ʝ i k a
τοποθετήθηκαν	t o p o θ e t i θ i k a n
τουριστικόσ	t u ɾ i s t i k o s
τραπεζάκι	t ɾ a p e z a c i
τριπλή	t ɾ i p l i
τριπλό	t ɾ i p l o
τρομακτικά	t ɾ o m a k t i k a
τρομοκράτη	t ɾ o m o k ɾ a t i
τροπή	t ɾ o p i
τσ	t͡s
τσίλι	t͡s i l i
υποβάλλει	i p o v a l i
υποθεση	i p o θ e s i
φάκελοι	f a c e l i
φιλανθρωπική	f i l a n θ ɾ o p i c i
φιλελεύθεροσ	f i l e l e f θ e ɾ o s
φορολογικών	f o ɾ o l o ʝ i k o n
χημειοθεραπεία	ç i m i o θ e ɾ a p i a
χορν	x o ɾ n
χωρισμόσ	x o ɾ i z m o s
ψαράσ	p s a ɾ a s
ύποπτοι	i p o p t i
έβγαλεσ	e v ɣ a l e s
έβδομο	e v ð o m o
έδεσε	e ð e s e
έκρυψε	e k ɾ i p s e
έμελλε	e m e l e
ένστικτα	e n s t i k t a
αγκάθια	a ŋ ɡ a θ ç a
αγνώστων	a ɣ n o s t o n
αγοράζουμε	a ɣ o ɾ a z u m e
αισθητά	e s θ i t a
αιχμάλωτοι	e x m a l o t i
ακόλουθουσ	a k o l u θ u s
αμνηστία	a m n i s t i a
αμυντικά	a m i n d i k a
ανάστασησ	a n a s t a s i s
αναγκάζεται	a n a ŋ ɡ a z e t e
αναζητήσεισ	a n a z i t i s i s
ανακαλύψουμε	a n a k a l i p s u m e
ανακοινώνουν	a n a c i n o n u n
αναλαμβάνουμε	a n a l a ɱ v a n u m e
αναλυτήσ	a n a l i t i s
αναπτήρα	a n a p t i ɾ a
ανταρσία	a n d a ɾ s i a
αντλεί	a n d l i
ανυπομονησία	a n i p o m o n i s i a
ανώτατου	a n o t a t u
απαγωγήσ	a p a ɣ o ʝ i s
απαντούσε	a p a n d u s e
απασχολούνται	a p a s x o l u n d e
αποδίδονται	a p o ð i ð o n d e
αποτρέψουν	a p o t ɾ e p s u n
αποφασίσετε	a p o f a s i s e t e
αποφασεισ	a p o f a s i s
αποψινό	a p o p s i n o
αστυνόμοσ	a s t i n o m o s
ατλαντικού	a t l a n d i k u
ατμού	a t m u
αυξηθούν	a f k s i θ u n
αυτων	a f t o n
αφορολόγητο	a f o ɾ o l o ʝ i t o
βέβαιη	v e v e i
βαλ	v a l
βαλω	v a l o
βασιλείσ	v a s i l i s
βασιλεύσ	v a s i l e f s
βορείων	v o ɾ i o n
βούδα	v u ð a
βόρειεσ	v o ɾ i e s
γίγαντα	ʝ i ɣ a n d a
γαλάνη	ɣ a l a n i
γενναίοσ	ʝ e n e o s
γεωργική	ʝ e o ɾ ʝ i c i
γκάντι	ɡ a n d i
γνωρίσουν	ɣ n o ɾ i s u n
γονεισ	ɣ o n i s
γουίλ	ɣ u i l
γουόρεν	ɣ u o ɾ e n
δάχτυλά	ð a x t i l a
δελφίνια	ð e l f i ɲ a
δημοτικου	ð i m o t i k u
διπλάσιο	ð i p l a s i o
είνα	i n a
εγγυάται	e ŋ ɟ i a t e
εγκαταλελειμμένο	e ŋ ɡ a t a l e l i m e n o
εγκληματικήσ	e ŋ ɡ l i m a t i c i s
εικονικό	i k o n i k o
εκδόθηκαν	e k ð o θ i k a n
εκκένωσησ	e c e n o s i s
εκκλησιαστικό	e k l i s i a s t i k o
εκπληρώσει	e k p l i ɾ o s i
ελέγχων	e l e ŋ x o n
ελικοπτέρου	e l i k o p t e ɾ u
εμποδίσουν	e m b o ð i s u n
ενέσεισ	e n e s i s
εναλλακτικήσ	e n a l a k t i c i s
ενημερωτικό	e n i m e ɾ o t i k o
εντωμεταξύ	e n d o m e t a k s i
εξέφρασαν	e k s e f ɾ a s a n
εξιτήριο	e k s i t i ɾ i o
επαναστάτησ	e p a n a s t a t i s
επενδύει	e p e n ð i i
επηρεάζονται	e p i ɾ e a z o n d e
επηρεάσουν	e p i ɾ e a s u n
επιθυμητή	e p i θ i m i t i
επιτροπη	e p i t ɾ o p i
ερευνήσει	e ɾ e v n i s i
ευρυδίκη	e v ɾ i ð i c i
ευρωπη	e v ɾ o p i
ευχήθηκε	e f ç i θ i c e
ευχαριστήσουμε	e f x a ɾ i s t i s u m e
εφοπλιστήσ	e f o p l i s t i s
εφόδου	e f o ð u
ην	i n
θεατή	θ e a t i
θεμελιώδεισ	θ e m e ʎ o ð i s
θεότητα	θ e o t i t a
θεώρησαν	θ e o ɾ i s a n
θυμήθηκεσ	θ i m i θ i c e s
θυρών	θ i ɾ o n
ιονίων	i o n i o n
ισπανούσ	i s p a n u s
καθαρού	k a θ a ɾ u
κατάφερνε	k a t a f e ɾ n e
κατέβηκαν	k a t e v i k a n
κατακόρυφη	k a t a k o ɾ i f i
καταλαβα	k a t a l a v a
καυγάσ	k a v ɣ a s
κλάδων	k l a ð o n
κλάψει	k l a p s i
κλήθηκαν	k l i θ i k a n
κλασικών	k l a s i k o n
κλειστόσ	k l i s t o s
κοινούσ	c i n u s
κοινωνικούσ	c i n o n i k u s
κορυφαίου	k o ɾ i f e u
κουίν	k u i n
κουβέρτεσ	k u v e ɾ t e s
κουκ	k u k
κούλη	k u l i
κρητικοί	k ɾ i t i c i
κυπριανού	c i p ɾ i a n u
κωνσταντοπούλου	k o n s t a n d o p u l u
κόμβουσ	k o ɱ v u s
κόρινθοσ	k o ɾ i n θ o s
κώλουσ	k o l u s
λάσκαρη	l a s k a ɾ i
λάτρησ	l a t ɾ i s
λαθών	l a θ o n
λεκέδεσ	l e c e ð e s
λεπτομερείσ	l e p t o m e ɾ i s
ληξιπρόθεσμων	l i k s i p ɾ o θ e z m o n
λιβάδια	l i v a ð ʝ a
λιγα	l i ɣ a
λογοτεχνικά	l o ɣ o t e x n i k a
λοιπέσ	l i p e s
λυση	l i s i
λόχοσ	l o x o s
μέρφι	m e ɾ f i
μαγευτική	m a ʝ e f t i c i
μακεδόνων	m a c e ð o n o n
ματέο	m a t e o
μαχητικό	m a ç i t i k o
μεγάλωσεσ	m e ɣ a l o s e s
μεινει	m i n i
μελετώντασ	m e l e t o n d a s
μεσογειακό	m e s o ʝ i a k o
μηχανισμών	m i x a n i z m o n
μοιραζόμαστε	m i ɾ a z o m a s t e
μονέσ	m o n e s
μπέκετ	b e c e t
μπαντ	b a n d
μπερδευτεί	b e ɾ ð e f t i
μπιπ	b i p
μπλούζεσ	b l u z e s
μπλόκο	b l o k o
μπουφέ	b u f e
νικάει	n i k a i
νικηφόρο	n i c i f o ɾ o
ντακ	d a k
ντυμένοι	d i m e n i
νότησ	n o t i s
ξέχασαν	k s e x a s a n
ξεχνά	k s e x n a
ολοσχερώσ	o l o s ç e ɾ o s
ομογενείσ	o m o ʝ e n i s
ομολογεί	o m o l o ʝ i
ομορφο	o m o ɾ f o
οπλισμό	o p l i z m o
οποιεσδήποτε	o p i e z ð i p o t e
οπού	o p u
οπτικών	o p t i k o n
οργανώθηκε	o ɾ ɣ a n o θ i c e
ορισμένη	o ɾ i z m e n i
πέφτουμε	p e f t u m e
παγωτά	p a ɣ o t a
παλαμά	p a l a m a
παρακολουθήσω	p a ɾ a k o l u θ i s o
πατριωτικό	p a t ɾ i o t i k o
πεθανε	p e θ a n e
περιορίστηκε	p e ɾ i o ɾ i s t i c e
πετυχημένο	p e t i ç i m e n o
πιάνου	p ç a n u
ποινικά	p i n i k a
πολεμο	p o l e m o
πολιτεύματοσ	p o l i t e v m a t o s
προεκλογικά	p ɾ o e k l o ʝ i k a
προετοιμάζεται	p ɾ o e t i m a z e t e
πρωθυπουργοί	p ɾ o θ i p u ɾ ʝ i
πρωτότυπεσ	p ɾ o t o t i p e s
πύραυλοσ	p i ɾ a v l o s
ραβδί	ɾ a v ð i
ρετιρέ	ɾ e t i ɾ e
σβήσουν	z v i s u n
σβήσω	z v i s o
σεισμοί	s i z m i
σηκώθηκα	s i k o θ i k a
σημερινοί	s i m e ɾ i n i
σκέφτηκαν	s c e f t i k a n
σκοτωθούν	s k o t o θ u n
στέλνετε	s t e l n e t e
στέφανου	s t e f a n u
σταθερήσ	s t a θ e ɾ i s
σταθούμε	s t a θ u m e
στεγνά	s t e ɣ n a
στεκόμαστε	s t e k o m a s t e
στενέσ	s t e n e s
στημένη	s t i m e n i
στοιχήματοσ	s t i ç i m a t o s
στρατηγικά	s t ɾ a t i ʝ i k a
στρατοδικείο	s t ɾ a t o ð i c i o
συμφωνήθηκε	s i ɱ f o n i θ i c e
συναντούν	s i n a n d u n
συνδυάζοντασ	s i n ð i a z o n d a s
συνοδόσ	s i n o ð o s
σώζεται	s o z e t e
ταραχέσ	t a ɾ a ç e s
τιμωρείται	t i m o ɾ i t e
τοξικά	t o k s i k a
τοποθετούν	t o p o θ e t u n
τρέχοντα	t ɾ e x o n d a
τυχη	t i ç i
υιοθετηθεί	i o θ e t i θ i
υποδείξεισ	i p o ð i k s i s
υπολογίσει	i p o l o ʝ i s i
υπόκεινται	i p o c i n d e
φέρνεισ	f e ɾ n i s
φιλήσει	f i l i s i
φιλαράκο	f i l a ɾ a k o
φρουροί	f ɾ u ɾ i
φυγήσ	f i ʝ i s
φυλακισμένοσ	f i l a c i z m e n o s
φύλακα	f i l a k a
χάνα	x a n a
χημικόσ	ç i m i k o s
χορέψουμε	x o ɾ e p s u m e
χορευτήσ	x o ɾ e f t i s
χορωδίασ	x o ɾ o ð i a s
χρεώσεισ	x ɾ e o s i s
χρησιμοποιήστε	x ɾ i s i m o p i i s t e
χρησιμοποιούνταν	x ɾ i s i m o p i u n d a n
χτιστεί	x t i s t i
ψείρεσ	p s i ɾ e s
ψυχρού	p s i x ɾ u
άσοσ	a s o s
άσχημοσ	a s ç i m o s
αγγλικα	a ŋ ɡ l i k a
αδυνάτισμα	a ð i n a t i z m a
αισιόδοξη	e s i o ð o k s i
ακραίων	a k ɾ e o n
αλλοδαποί	a l o ð a p i
αλλοδαπούσ	a l o ð a p u s
αλλου	a l u
αλόγων	a l o ɣ o n
ανάπαυση	a n a p a f s i
αναγκαστεί	a n a ŋ ɡ a s t i
αναδρομική	a n a ð ɾ o m i c i
αναθέσει	a n a θ e s i
αναπληρωτέσ	a n a p l i ɾ o t e s
ανασκαφή	a n a s k a f i
αναψυκτικά	a n a p s i k t i k a
ανθεκτικό	a n θ e k t i k o
αντίπαλό	a n d i p a l o
αντιπρόσωποι	a n d i p ɾ o s o p i
αξιωματούχων	a k s i o m a t u x o n
απαιτήσεων	a p e t i s e o n
απεικονίζουν	a p i k o n i z u n
αποδεδειγμένα	a p o ð e ð i ɣ m e n a
αποτελώντασ	a p o t e l o n d a s
αποφάσισεσ	a p o f a s i s e s
αποφασιστεί	a p o f a s i s t i
αποφασιστικά	a p o f a s i s t i k a
αργοτερα	a ɾ ɣ o t e ɾ a
αργύρησ	a ɾ ʝ i ɾ i s
ασήμαντα	a s i m a n d a
ασκηση	a s c i s i
αστράγαλο	a s t ɾ a ɣ a l o
αφορα	a f o ɾ a
βαρέων	v a ɾ e o n
βελόνεσ	v e l o n e s
βιώνει	v i o n i
γάλλων	ɣ a l o n
γέννησή	ʝ e n i s i
γραφεί	ɣ ɾ a f i
δανεικά	ð a n i k a
δελτίου	ð e l t i u
δεσμών	ð e z m o n
διάδοσησ	ð i̯ a ð o s i s
διακόπτεται	ð i̯ a k o p t e t e
διατρέχει	ð i̯ a t ɾ e ç i
δικαιωμα	ð i c e o m a
δικηγόρων	ð i c i ɣ o ɾ o n
δινει	ð i n i
δοκιμήσ	ð o c i m i s
δοκιμαστική	ð o c i m a s t i c i
δούρου	ð u ɾ u
δυσάρεστα	ð i s a ɾ e s t a
δύσκολοι	ð i s k o l i
εκδοτική	e k ð o t i c i
εκλογικά	e k l o ʝ i k a
εκπροσωπήσει	e k p ɾ o s o p i s i
εκτελέστηκε	e k t e l e s t i c e
εκτελούσε	e k t e l u s e
ελένα	e l e n a
ελασσόνασ	e l a s o n a s
εμπιστεύεστε	e m b i s t e v e s t e
εμπόδισε	e m b o ð i s e
ενημερώνουν	e n i m e ɾ o n u n
ενισχύουν	e n i s ç i u n
ενσωματωθεί	e n s o m a t o θ i
εξαγγελίεσ	e k s a ŋ ɟ e l i e s
εξαπέλυσε	e k s a p e l i s e
εξόρυξησ	e k s o ɾ i k s i s
επέμεινε	e p e m i n e
επαγγελματικόσ	e p a ŋ ɟ e l m a t i k o s
επιδοτήσεισ	e p i ð o t i s i s
επιδόσεων	e p i ð o s e o n
επικαλείται	e p i k a l i t e
επιλέξτε	e p i l e k s t e
επιστολήσ	e p i s t o l i s
εποχη	e p o ç i
ερεθίσματα	e ɾ e θ i z m a t a
εσπερινόσ	e s p e ɾ i n o s
ευθύσ	e f θ i s
ευκλείδη	e f k l i ð i
εφετών	e f e t o n
εφηβική	e f i v i c i
ζυμαρικά	z i m a ɾ i k a
ηρεμεί	i ɾ e m i
θάλαμοσ	θ a l a m o s
θέμησ	θ e m i s
θαλασσα	θ a l a s a
θεάσ	θ e a s
θεραπεύσει	θ e ɾ a p e f s i
ικανοποιήσει	i k a n o p i i s i
ισχυρισμό	i s ç i ɾ i z m o
ισχυρισμόσ	i s ç i ɾ i z m o s
ισχυρού	i s ç i ɾ u
κάδουσ	k a ð u s
κάταγμα	k a t a ɣ m a
κάψεισ	k a p s i s
καθήκοντοσ	k a θ i k o n d o s
καθαρίστρια	k a θ a ɾ i s t ɾ i a
καθιερωμένη	k a θ i e ɾ o m e n i
καινούργιου	c e n u ɾ ʝ u
κανόνι	k a n o n i
καπνίζει	k a p n i z i
καποιεσ	k a p i e s
καταδύσεισ	k a t a ð i s i s
κατακτήσουν	k a t a k t i s u n
κατανοήσει	k a t a n o i s i
κατασχέσεισ	k a t a s ç e s i s
καταφύγια	k a t a f i ʝ a
κατώτερη	k a t o t e ɾ i
κιβωτό	c i v o t o
κινεζικό	c i n e z i k o
κλάψεισ	k l a p s i s
κλερ	k l e ɾ
κοίμηση	c i m i s i
κοίταζε	c i t a z e
κοιλάδασ	c i l a ð a s
κοινωφελούσ	c i n o f e l u s
κομματικά	k o m a t i k a
κομμουνισμόσ	k o m u n i z m o s
κουμουνδούρου	k u m u n ð u ɾ u
κρανίου	k ɾ a n i u
κρυφτείσ	k ɾ i f t i s
λάμα	l a m a
λωζάνησ	l o z a n i s
λύκεια	l i c i a
μάγισσεσ	m a ʝ i s e s
μαρινάκη	m a ɾ i n a c i
μαρούλι	m a ɾ u l i
μεγάλωνε	m e ɣ a l o n e
μειωμένεσ	m i o m e n e s
μεσαίων	m e s e o n
μεταβατική	m e t a v a t i c i
μεταδόσεισ	m e t a ð o s i s
μοντάνα	m o n d a n a
μουσουλμανική	m u s u l m a n i c i
μπελάδεσ	b e l a ð e s
μπουλ	b u l
μπρεχτ	b ɾ e x t
μυρτώ	m i ɾ t o
μυστικήσ	m i s t i c i s
νείλου	n i l u
νικοσ	n i k o s
νομου	n o m u
ντίζελ	d i z e l
νταλάρασ	d a l a ɾ a s
ντουέτο	d u e t o
ντουλάπια	d u l a p ç a
ντροπήσ	d ɾ o p i s
ξένησ	k s e n i s
ξεσπά	k s e s p a
ξημερώσει	k s i m e ɾ o s i
ξυπνήσουμε	k s i p n i s u m e
οδηγούσαν	o ð i ɣ u s a n
πάουελ	p a u e l
πανεπιστημιακή	p a n e p i s t i m i a c i
πανοπλία	p a n o p l i a
πανσέληνοσ	p a n s e l i n o s
παντου	p a n d u
παράκαμψη	p a ɾ a k a m p s i
παραδέχθηκε	p a ɾ a ð e x θ i c e
περίθαλψησ	p e ɾ i θ a l p s i s
περασει	p e ɾ a s i
περιβαλλοντικήσ	p e ɾ i v a l o n d i c i s
περιμενω	p e ɾ i m e n o
πιάστε	p ç a s t e
πληθωρισμόσ	p l i θ o ɾ i z m o s
πλησίαζε	p l i s i a z e
πνευματικού	p n e v m a t i k u
πολησ	p o l i s
πολυεθνική	p o l i e θ n i c i
πολυετή	p o l i e t i
πράσα	p ɾ a s a
πράσινοσ	p ɾ a s i n o s
προτάθηκε	p ɾ o t a θ i c e
πρόλογοσ	p ɾ o l o ɣ o s
πρόσκρουση	p ɾ o s k ɾ u s i
πόπη	p o p i
ρομαντικά	ɾ o m a n d i k a
ρουχα	ɾ u x a
σίτισησ	s i t i s i s
σαούλ	s a u l
σβήνουν	z v i n u n
σειρών	s i ɾ o n
σεούλ	s e u l
σημαντικήσ	s i m a n d i c i s
σκυρόδεμα	s c i ɾ o ð e m a
σπάσεισ	s p a s i s
σπανάκι	s p a n a c i
στοίχισε	s t i ç i s e
συλλέγει	s i l e ʝ i
συμπαράστασησ	s i m b a ɾ a s t a s i s
συμφωνείσ	s i ɱ f o n i s
συνάμα	s i n a m a
συνοδεύσει	s i n o ð e f s i
συστήσω	s i s t i s o
σφηνάκια	s f i n a c a
σωσ	s o s
σόροσ	s o ɾ o s
σύ	s i
σύντροφόσ	s i n d ɾ o f o s
ταξίδεψαν	t a k s i ð e p s a n
ταπεινόσ	t a p i n o s
τειχών	t i x o n
τεκμηρίωση	t e k m i ɾ i o s i
τελικών	t e l i k o n
τερματικό	t e ɾ m a t i k o
τζέφρι	d͡z e f ɾ i
τιμωρίασ	t i m o ɾ i a s
τολμά	t o l m a
τοσα	t o s a
τρόμαξε	t ɾ o m a k s e
τρώγεται	t ɾ o ʝ e t e
τσιν	t͡s i n
τσο	t͡s o
τυριού	t i ɾ ʝ u
υιό	i o
υπέρταση	i p e ɾ t a s i
υποβάλει	i p o v a l i
υπουργειο	i p u ɾ ʝ i o
φανατικόσ	f a n a t i k o s
φαση	f a s i
φιλουσ	f i l u s
φοίβοσ	f i v o s
φονιάσ	f o ɲ a s
φρουρούσ	f ɾ u ɾ u s
φταίμε	f t e m e
φυλάσσονται	f i l a s o n d e
φυλακη	f i l a c i
φώτο	f o t o
χαιρομαι	ç e ɾ o m e
χαμάσ	x a m a s
χαμόγελό	x a m o ʝ e l o
χαρακτηριστικέσ	x a ɾ a k t i ɾ i s t i c e s
χαρούν	x a ɾ u n
χειριστήσ	ç i ɾ i s t i s
χρήσεων	x ɾ i s e o n
χρίστοσ	x ɾ i s t o s
χτίζεται	x t i z e t e
άβαταρ	a v a t a ɾ
άθεοι	a θ e i
άνθρωπόσ	a n θ ɾ o p o s
άξιοι	a k s i i
άριστοσ	a ɾ i s t o s
άστεγοσ	a s t e ɣ o s
άσφαλτο	a s f a l t o
άχρηστοι	a x ɾ i s t i
έβγαζαν	e v ɣ a z a n
έλσα	e l s a
ένζυμα	e n z i m a
έπινε	e p i n e
έσπευσαν	e s p e f s a n
αγκώνα	a ŋ ɡ o n a
αλκοολικόσ	a l k o o l i k o s
αμερικάνοσ	a m e ɾ i k a n o s
αμοιβέσ	a m i v e s
αναγνωρίσουμε	a n a ɣ n o ɾ i s u m e
αναμεσα	a n a m e s a
ανανέωσε	a n a n e o s e
αναργύρων	a n a ɾ ʝ i ɾ o n
αντίθεσή	a n d i θ e s i
αντιμετώπισαν	a n d i m e t o p i s a n
αντιπροσωπευτικό	a n d i p ɾ o s o p e f t i k o
απάντησαν	a p a n d i s a n
απαντήσουμε	a p a n d i s u m e
απειλούνται	a p i l u n d e
απελευθερώνει	a p e l e f θ e ɾ o n i
απογευματινή	a p o ʝ e v m a t i n i
αποκαλούμε	a p o k a l u m e
αποτελούμενη	a p o t e l u m e n i
απόηχο	a p o i x o
απώτερο	a p o t e ɾ o
αρκούδασ	a ɾ k u ð a s
αρχιεπισκοπήσ	a ɾ ç i e p i s k o p i s
ασπιρίνη	a s p i ɾ i n i
αυθόρμητη	a f θ o ɾ m i t i
αυνανισμόσ	a v n a n i z m o s
αφρό	a f ɾ o
βιώσει	v i o s i
βλήματα	v l i m a t a
βορειοανατολικά	v o ɾ i o a n a t o l i k a
βροχοπτώσεισ	v ɾ o x o p t o s i s
γάιδαροσ	ɣ a i̯ ð a ɾ o s
γέμιση	ʝ e m i s i
γαμάσ	ɣ a m a s
γειτόνισσα	ʝ i t o n i s a
γεννάει	ʝ e n a i
γνωρίστε	ɣ n o ɾ i s t e
γυμναστηρίου	ʝ i m n a s t i ɾ i u
δέκατο	ð e k a t o
δαμασκό	ð a m a s k o
δεοντολογίασ	ð e o n d o l o ʝ i a s
δεχτώ	ð e x t o
δημοσιευτεί	ð i m o s i e f t i
διαμόρφωσησ	ð i̯ a m o ɾ f o s i s
δυτικοί	ð i t i c i
εγκληματικέσ	e ŋ ɡ l i m a t i c e s
εισέβαλε	i s e v a l e
εκσυγχρονισμό	e k s i ŋ x ɾ o n i z m o
ελέφαντα	e l e f a n d a
ελεγκτήσ	e l e ŋ ɡ t i s
εμβαδόν	e ɱ v a ð o n
ενεργειακό	e n e ɾ ʝ i a k o
εξεταστικήσ	e k s e t a s t i c i s
εορτασμού	e o ɾ t a z m u
επέμβει	e p e ɱ v i
επίλυσησ	e p i l i s i s
επικοινωνήσουμε	e p i c i n o n i s u m e
επιφυλακή	e p i f i l a c i
ερευνητικέσ	e ɾ e v n i t i c e s
ερωτησεισ	e ɾ o t i s i s
ετικέτεσ	e t i c e t e s
εύσημα	e f s i m a
ζην	z i n
ζητούνται	z i t u n d e
ηλιούπολη	i ʎ u p o l i
ηνία	i n i a
θαυμαστήσ	θ a v m a s t i s
θεατρο	θ e a t ɾ o
ικαρίασ	i k a ɾ i a s
ιρλανδίασ	i ɾ l a n ð i a s
ιστ	i s t
ιταλικού	i t a l i k u
καθημερινη	k a θ i m e ɾ i n i
καθιστικό	k a θ i s t i k o
καλαμαριά	k a l a m a ɾ ʝ a
κανό	k a n o
καπνίζουν	k a p n i z u n
καπνιστέσ	k a p n i s t e s
κατάγματα	k a t a ɣ m a t a
κατάλληλων	k a t a l i l o n
καταστολήσ	k a t a s t o l i s
κηφισίασ	c i f i s i a s
κινηθούν	c i n i θ u n
κινούμενο	c i n u m e n o
κλοπήσ	k l o p i s
κοιτάσματα	c i t a z m a t a
κοντώ	k o n d o
κρητικών	k ɾ i t i k o n
κριτικόσ	k ɾ i t i k o s
κόβεται	k o v e t e
κόμπο	k o m b o
κόψετε	k o p s e t e
λειτουργικού	l i t u ɾ ʝ i k u
λεκτική	l e k t i c i
λοιπών	l i p o n
μαγευτικό	m a ʝ e f t i k o
μαθαίνοντασ	m a θ e n o n d a s
μετάλλου	m e t a l u
μετέχει	m e t e ç i
μεταδίδουν	m e t a ð i ð u n
μετανάστησ	m e t a n a s t i s
μιλησω	m i l i s o
μολυνθεί	m o l i n θ i
μοναδικότητα	m o n a ð i k o t i t a
μοναχών	m o n a x o n
μορσ	m o ɾ s
μορφωτικό	m o ɾ f o t i k o
μοτοσικλέτα	m o t o s i k l e t a
μούσα	m u s a
μπέρι	b e ɾ i
μπλέντερ	b l e n d e ɾ
μόρφου	m o ɾ f u
νήσοσ	n i s o s
ναυμαχία	n a v m a ç i a
ναύτεσ	n a f t e s
νικηφόροσ	n i c i f o ɾ o s
νοτιοανατολικά	n o t i o a n a t o l i k a
ντράμερ	d ɾ a m e ɾ
ξέχνα	k s e x n a
ξερουν	k s e ɾ u n
οικουμενικόσ	i k u m e n i k o s
ολλανδόσ	o l a n ð o s
οοσα	o o s a
οροφήσ	o ɾ o f i s
ουδεμία	u ð e m i a
πανοραμική	p a n o ɾ a m i c i
παντόφλεσ	p a n d o f l e s
παράλογη	p a ɾ a l o ʝ i
παραδεχτούμε	p a ɾ a ð e x t u m e
παρατάξεισ	p a ɾ a t a k s i s
πατριωτική	p a t ɾ i o t i c i
πεζούσ	p e z u s
πειραζει	p i ɾ a z i
περάσματα	p e ɾ a z m a t a
πράξει	p ɾ a k s i
προαπαιτούμενα	p ɾ o a p e t u m e n a
προγνωστικά	p ɾ o ɣ n o s t i k a
προσέξετε	p ɾ o s e k s e t e
προσανατολισμόσ	p ɾ o s a n a t o l i z m o s
προστάτευε	p ɾ o s t a t e v e
προταθεί	p ɾ o t a θ i
προταση	p ɾ o t a s i
προτείνουμε	p ɾ o t i n u m e
πρωταθλημάτων	p ɾ o t a θ l i m a t o n
πρωτοφανέσ	p ɾ o t o f a n e s
πρόσφυγασ	p ɾ o s f i ɣ a s
πυρηνικήσ	p i ɾ i n i c i s
πό	p o
ρητορικήσ	ɾ i t o ɾ i c i s
σάλια	s a ʎ a
σήραγγεσ	s i ɾ a ŋ ɟ e s
σερβίρουν	s e ɾ v i ɾ u n
σημάδεψε	s i m a ð e p s e
σημειώματα	s i m i o m a t a
σημειώστε	s i m i o s t e
σινά	s i n a
σκάσεισ	s k a s i s
σκαι	s c e
σκατα	s k a t a
σκεφτόταν	s c e f t o t a n
σκλήρυνση	s k l i ɾ i n s i
σουλτάνο	s u l t a n o
στέλιου	s t e ʎ u
στήθη	s t i θ i
στίγματα	s t i ɣ m a t a
συμβατικά	s i ɱ v a t i k a
συμβουλεύει	s i ɱ v u l e v i
συνάψει	s i n a p s i
συναντήσουμε	s i n a n d i s u m e
συνεχόμενο	s i n e x o m e n o
σωτηρίου	s o t i ɾ i u
σύκα	s i k a
ταπεινή	t a p i n i
τελεί	t e l i
τηλεοράσεισ	t i l e o ɾ a s i s
τιμώντασ	t i m o n d a s
τοντ	t o n d
τραυματίασ	t ɾ a v m a t i a s
τρελούσ	t ɾ e l u s
τρυφερά	t ɾ i f e ɾ a
τυχαίεσ	t i ç e e s
τόπων	t o p o n
υλοποίησησ	i l o p i i s i s
υποκείμενα	i p o c i m e n a
υποστήριξαν	i p o s t i ɾ i k s a n
υποτιθέμενη	i p o t i θ e m e n i
φακοί	f a c i
φερε	f e ɾ e
φωτογράφο	f o t o ɣ ɾ a f o
φωτογράφοι	f o t o ɣ ɾ a f i
φωτογραφικέσ	f o t o ɣ r a f i c e s
χαιρετισμόσ	ç e ɾ e t i z m o s
χαλέπι	x a l e p i
χατ	x a t
χλωρίδα	x l o ɾ i ð a
χορήγησησ	x o ɾ i ʝ i s i s
χριστίνασ	x ɾ i s t i n a s
χτυπώντασ	x t i p o n d a s
χώρισα	x o ɾ i s a
άνεργουσ	a n e ɾ ɣ u s
άνοιγε	a n i ʝ e
άπαντεσ	a p a n d e s
έκλεινε	e k l i n e
αίσχοσ	e s x o s
αγχώνεσαι	a ŋ x o n e s e
αεροπλάνων	a e ɾ o p l a n o n
ανήθικο	a n i θ i k o
αναμνηστικά	a n a m n i s t i k a
ανασχηματισμό	a n a s ç i m a t i z m o
ανελλιπώσ	a n e l i p o s
αντιθέσεισ	a n d i θ e s i s
αντικαταστήσουν	a n d i k a t a s t i s u n
αντιληπτό	a n d i l i p t o
αντιο	a n d i o
ανώτεροι	a n o t e ɾ i
αξέχαστη	a k s e x a s t i
αξιωματικού	a k s i o m a t i k u
απαγορευμένο	a p a ɣ o ɾ e v m e n o
αποδεικνύοντασ	a p o ð i k n i o n d a s
αποφασίζεισ	a p o f a s i z i s
αργοστόλι	a ɾ ɣ o s t o l i
αριστοτελείου	a ɾ i s t o t e l i u
αρπάξει	a ɾ p a k s i
αστροναύτησ	a s t ɾ o n a f t i s
ασφαλιστικέσ	a s f a l i s t i c e s
ασχολείστε	a s x o l i s t e
αυλέσ	a v l e s
αυστηρόσ	a f s t i ɾ o s
αυτισμό	a f t i z m o
αφύπνιση	a f i p n i s i
βασιλόπουλοσ	v a s i l o p u l o s
γάζασ	ɣ a z a s
γάμων	ɣ a m o n
γάτοσ	ɣ a t o s
γαμάει	ɣ a m a i
γεννήσεισ	ʝ e n i s i s
γλυκόζησ	ɣ l i k o z i s
γρασίδι	ɣ ɾ a s i ð i
δηλωση	ð i l o s i
δημοσθένησ	ð i m o s θ e n i s
διαφαίνεται	ð i̯ a f e n e t e
δολαρίου	ð o l a ɾ i u
δολοφονική	ð o l o f o n i c i
εδεκ	e ð e k
ειδεσ	i ð e s
εκκλησια	e k l i s i a
εκφοβισμού	e k f o v i z m u
ελεγχθεί	e l e ŋ x θ i
ελλην	e l i n
εμπόρευμα	e m b o ɾ e v m a
ενέπνευσε	e n e p n e f s e
ενδιαφέρεστε	e n ð i̯ a f e ɾ e s t e
εξάτμιση	e k s a t m i s i
εξαθλίωση	e k s a θ l i o s i
επιβάτησ	e p i v a t i s
επιβεβαίωσαν	e p i v e v e o s a n
επιζών	e p i z o n
επικοινωνήστε	e p i c i n o n i s t e
επιλέγοντασ	e p i l e ɣ o n d a s
επιπεδο	e p i p e ð o
ετοιμη	e t i m i
ζούσα	z u s a
ημάσ	i m a s
θεάματοσ	θ e a m a t o s
θεατών	θ e a t o n
θεόδωρου	θ e o ð o ɾ u
θηβών	θ i v o n
θύρεσ	θ i ɾ e s
ιακώβ	i a k o v
ιατροδικαστήσ	i a t ɾ o ð i k a s t i s
ιατρού	i a t ɾ u
ισπανικήσ	i s p a n i c i s
ισραηλινή	i s ɾ a i l i n i
κάρτασ	k a ɾ t a s
καθοδηγεί	k a θ o ð i ʝ i
καινοτόμο	c e n o t o m o
καλάβρυτα	k a l a v ɾ i t a
καλλικράτη	k a l i k ɾ a t i
καλλικράτησ	k a l i k ɾ a t i s
καλυμμένο	k a l i m e n o
καλυφθεί	k a l i f θ i
κινημάτων	c i n i m a t o n
κοιμηθούν	c i m i θ u n
κολοκοτρώνησ	k o l o k o t ɾ o n i s
κορμόσ	k o ɾ m o s
κουνιέται	k u ɲ e t e
κούρδουσ	k u ɾ ð u s
κρητικήσ	k ɾ i t i c i s
κρόνο	k ɾ o n o
κρύβομαι	k ɾ i v o m e
κρύσταλλο	k ɾ i s t a l o
λέγεσαι	l e ʝ e s e
λαδιού	l a ð ʝ u
λανσ	l a n s
λατινικήσ	l a t i n i c i s
λιποθύμησε	l i p o θ i m i s e
λουρί	l u ɾ i
μάλαγα	m a l a ɣ a
μάτσο	m a t͡s o
μέρι	m e ɾ i
μαρινάκησ	m a ɾ i n a c i s
μαχητικών	m a ç i t i k o n
μείζον	m i z o n
μειονότητασ	m i o n o t i t a s
μετάφρασησ	m e t a f ɾ a s i s
μετέβη	m e t e v i
μεταμόρφωσησ	m e t a m o ɾ f o s i s
μεταπολίτευσησ	m e t a p o l i t e f s i s
μηνυμα	m i n i m a
μιτ	m i t
μοιράστηκε	m i ɾ a s t i c e
μπερ	b e ɾ
μπερλουσκόνι	b e ɾ l u s k o n i
νεσ	n e s
νικήτα	n i c i t a
νομισμάτων	n o m i z m a t o n
νομο	n o m o
ξαναπώ	k s a n a p o
ξεχάσατε	k s e x a s a t e
ξεχωρίσει	k s e x o ɾ i s i
ξύπνια	k s i p ɲ a
οε	o e
οικεία	i c i a
ορυκτά	o ɾ i k t a
ουτοπία	u t o p i a
πέστε	p e s t e
παιδικόσ	p e ð i k o s
πανίδα	p a n i ð a
παναιτωλικό	p a n e t o l i k o
πανελληνίων	p a n e l i n i o n
παράνομησ	p a ɾ a n o m i s
παραμόρφωση	p a ɾ a m o ɾ f o s i
παρατήρησησ	p a ɾ a t i ɾ i s i s
παρτυ	p a ɾ t i
πετά	p e t a
πληθωρισμό	p l i θ o ɾ i z m o
ποιοτική	p i o t i c i
πράγματοσ	p ɾ a ɣ m a t o s
προβάλει	p ɾ o v a l i
προετοιμαστεί	p ɾ o e t i m a s t i
προσβολέσ	p ɾ o z v o l e s
πρωην	p ɾ o i n
πρωταρχικό	p ɾ o t a ɾ ç i k o
πτηνά	p t i n a
πόλοσ	p o l o s
πόντοσ	p o n d o s
ρίκα	ɾ i k a
ρατσιστικό	ɾ a t͡s i s t i k o
ραφήνα	ɾ a f i n a
ρεαλιστική	ɾ e a l i s t i c i
ρεν	ɾ e n
ρωσικέσ	ɾ o s i c e s
ρόναλντ	ɾ o n a l d
σάο	s a o
σατανικό	s a t a n i k o
σημαντικο	s i m a n d i k o
σιδηρόδρομο	s i ð i ɾ o ð ɾ o m o
σικ	s i k
σκοποβολή	s k o p o v o l i
σπάσουμε	s p a s u m e
σπαρτιάτεσ	s p a ɾ t ç a t e s
στέκεσαι	s t e c e s e
στόματα	s t o m a t a
συζήτησε	s i z i t i s e
συλλέκτησ	s i l e k t i s
συνδεδεμένοι	s i n ð e ð e m e n i
συνεδρίασησ	s i n e ð ɾ i a s i s
συνεχίζετε	s i n e ç i z e t e
σχηματιστεί	s ç i m a t i s t i
σωματικήσ	s o m a t i c i s
σώζονται	s o z o n d e
τάσσεται	t a s e t e
τέλεση	t e l e s i
ταφήσ	t a f i s
τελευταιο	t e l e f t e o
τζετ	d͡z e t
τζούλι	d͡z u l i
τηγανητέσ	t i ɣ a n i t e s
τιδήποτε	t i ð i p o t e
τολμάσ	t o l m a s
τομέσ	t o m e s
τουριστικών	t u ɾ i s t i k o n
τριάδασ	t ɾ i a ð a s
τρούμαν	t ɾ u m a n
τσάντλερ	t͡s a n d l e ɾ
υπέκυψε	i p e c i p s e
υπαίθρου	i p e θ ɾ u
υπηρέτρια	i p i ɾ e t ɾ i a
υποχρεωμένοι	i p o x ɾ e o m e n i
φαίνονταν	f e n o n d a n
φιλήσω	f i l i s o
φο	f o
φοίνικεσ	f i n i c e s
φονική	f o n i c i
φρουρόσ	f ɾ u ɾ o s
φυγουμε	f i ɣ u m e
φυγω	f i ɣ o
χαζοί	x a z i
χαλαρώσει	x a l a ɾ o s i
χαρακτηρίστηκε	x a ɾ a k t i ɾ i s t i c e
χαρείτε	x a ɾ i t e
χατζιδάκι	x a d͡z i ð a c i
χειριστεί	ç i ɾ i s t i
χειρονομία	ç i ɾ o n o m i a
άγγλουσ	a ŋ ɡ l u s
άστρων	a s t ɾ o n
έβρισκα	e v ɾ i s k a
έμπειροσ	e m b i ɾ o s
ήσυχοι	i s i ç i
ίππουσ	i p u s
αίνιγμα	e n i ɣ m a
αγαπω	a ɣ a p o
αγιασμό	a ʝ a z m o
αγράφων	a ɣ ɾ a f o n
αγωγού	a ɣ o ɣ u
αδερφούσ	a ð e ɾ f u s
αιμοδοσία	e m o ð o s i a
αισθάνθηκα	e s θ a n θ i k a
ακίνητοσ	a c i n i t o s
αμέτρητα	a m e t ɾ i t a
αμοιβαίο	a m i v e o
αμφίπολησ	a ɱ f i p o l i s
ανέχεται	a n e ç e t e
ανήλθαν	a n i l θ a n
αναπτυχθούν	a n a p t i x θ u n
αναπόφευκτη	a n a p o f e f k t i
αναστάσεωσ	a n a s t a s e o s
αναφέρεσαι	a n a f e ɾ e s e
ανησυχητικό	a n i s i ç i t i k o
αντικαταστάτη	a n d i k a t a s t a t i
αντιμέτωπη	a n d i m e t o p i
αντιστοιχία	a n d i s t i ç i a
ανώμαλοσ	a n o m a l o s
απάνω	a p a n o
απαίτησε	a p e t i s e
αποδεικτικό	a p o ð i k t i k o
αποδράσεισ	a p o ð ɾ a s i s
αποκαλούσε	a p o k a l u s e
απολύσει	a p o l i s i
απομακρύνουν	a p o m a k ɾ i n u n
αποσύνθεση	a p o s i n θ e s i
αρεσε	a ɾ e s e
ατ	a t
αυχένα	a f ç e n a
αφεντικού	a f e n d i k u
αόρατη	a o ɾ a t i
βίασε	v i a s e
βαλσ	v a l s
βαρθολομαίοσ	v a ɾ θ o l o m e o s
βαρουφάκη	v a ɾ u f a c i
βαφέσ	v a f e s
βιοψία	v i o p s i a
γαλλικών	ɣ a l i k o n
γιοτ	ʝ o t
γιού	ʝ u
γλυκέσ	ɣ l i c e s
γλωσσική	ɣ l o s i c i
γραμμη	ɣ ɾ a m i
γραπτέσ	ɣ ɾ a p t e s
γόβεσ	ɣ o v e s
δάκτυλο	ð a k t i l o
δίαιτασ	ð i e t a s
δανεικόσ	ð a n i k o s
δεκα	ð e k a
δελφίνι	ð e l f i n i
δημητρησ	ð i m i t ɾ i s
δημητριάδη	ð i m i t ɾ i a ð i
διαγράψει	ð i̯ a ɣ ɾ a p s i
διαθέσιμων	ð i̯ a θ e s i m o n
διαχωρισμού	ð i̯ a x o ɾ i z m u
διαόλου	ð i̯ a o l u
διδακτικό	ð i ð a k t i k o
διοδίων	ð i o ð i o n
διοικεί	ð i i c i
δολοφόνων	ð o l o f o n o n
εγχώριο	e ŋ x o ɾ i o
εικαστική	i k a s t i c i
εισέλθουν	i s e l θ u n
εκάστου	e k a s t u
εκλογικήσ	e k l o ʝ i c i s
εκμεταλλεύτηκε	e k m e t a l e f t i c e
εκτάκτου	e k t a k t u
ελμε	e l m e
εμμ	e m
εμπορικούσ	e m b o ɾ i k u s
ενεργοποιεί	e n e ɾ ɣ o p i i
ενθάρρυνση	e n θ a ɾ i n s i
ενόχλησε	e n o x l i s e
εξαγωγήσ	e k s a ɣ o ʝ i s
εξαιρούνται	e k s e ɾ u n d e
εξειδίκευση	e k s i ð i c e f s i
εξηγείσ	e k s i ʝ i s
εοτ	e o t
επε	e p e
επιταχύνει	e p i t a ç i n i
ερασιτέχνη	e ɾ a s i t e x n i
ευκολα	e f k o l a
ευρωκοινοβούλιο	e v ɾ o c i n o v u l i o
ευφυήσ	e f i i s
ηθικού	i θ i k u
θεατήσ	θ e a t i s
θετικήσ	θ e t i c i s
θυμασαι	θ i m a s e
ιδιοσ	i ð i o s
ικ	i k
ισλαμική	i s l a m i c i
ισραηλινό	i s ɾ a i l i n o
κάρολοσ	k a ɾ o l o s
καθαρίσετε	k a θ a ɾ i s e t e
καθαρίσουν	k a θ a ɾ i s u n
καθετί	k a θ e t i
καθημερινότητά	k a θ i m e ɾ i n o t i t a
καθρέπτη	k a θ ɾ e p t i
καλοκαιρινούσ	k a l o c e ɾ i n u s
καλσόν	k a l s o n
καμπανάκι	k a m b a n a c i
κανονισμών	k a n o n i z m o n
καπνίσματοσ	k a p n i z m a t o s
κατάθλιψησ	k a t a θ l i p s i s
κατέστησε	k a t e s t i s e
κατασκοπεία	k a t a s k o p i a
κατορθώματα	k a t o ɾ θ o m a t a
κινητήρων	c i n i t i ɾ o n
κλίβελαντ	k l i v e l a n d
κλασικού	k l a s i k u
κολεγίου	k o l e ʝ i u
κολλεγίου	k o l e ʝ i u
κον	k o n
κοσμάσ	k o z m a s
κοτόπουλου	k o t o p u l u
κρίθηκαν	k ɾ i θ i k a n
κρατοσ	k ɾ a t o s
κρητικά	k ɾ i t i k a
κυνηγούσ	c i n i ɣ u s
κυριοι	c i ɾ i i
λάκη	l a c i
λίλα	l i l a
λεκανοπέδιο	l e k a n o p e ð i o
λώρενσ	l o ɾ e n s
μά	m a
μίλτοσ	m i l t o s
μακεδονικήσ	m a c e ð o n i c i s
μελωδίεσ	m e l o ð i e s
μεταλλικέσ	m e t a l i c e s
μεταναστευτική	m e t a n a s t e f t i c i
μικροσκοπικά	m i k ɾ o s k o p i k a
μιν	m i n
μισού	m i s u
μισούσ	m i s u s
μοναδικήσ	m o n a ð i c i s
μπογιά	b o ʝ a
μπόνι	b o n i
μόντρεαλ	m o n d ɾ e a l
μύρισε	m i ɾ i s e
ναζισμού	n a z i z m u
νετ	n e t
νηστείασ	n i s t i a s
ντύνεται	d i n e t e
ξανθόσ	k s a n θ o s
ξενοδοχείων	k s e n o ð o ç i o n
ξοδεύει	k s o ð e v i
ξυπνά	k s i p n a
ξύπνιοσ	k s i p ɲ o s
οικειότητα	i c i o t i t a
οικοδεσπότησ	i k o ð e s p o t i s
οικολογία	i k o l o ʝ i a
οργανωμένα	o ɾ ɣ a n o m e n a
ορισμοί	o ɾ i z m i
πήχη	p i ç i
παι	p e
πανέμορφεσ	p a n e m o ɾ f e s
παναιτωλικόσ	p a n e t o l i k o s
πανελλαδικών	p a n e l a ð i k o n
πανιωνίου	p a ɲ o n i u
παράγραφοσ	p a ɾ a ɣ ɾ a f o s
παράτασησ	p a ɾ a t a s i s
παραγωγού	p a ɾ a ɣ o ɣ u
παρακολουθείτε	p a ɾ a k o l u θ i t e
παρκάρει	p a ɾ k a ɾ i
παρκέ	p a ɾ c e
παρουμε	p a ɾ u m e
περιβάλλουν	p e ɾ i v a l u n
περιστροφήσ	p e ɾ i s t ɾ o f i s
πιλότουσ	p i l o t u s
πιστωτέσ	p i s t o t e s
πλάτωνοσ	p l a t o n o s
πλήρωναν	p l i ɾ o n a n
πλατό	p l a t o
πνίγεται	p n i ʝ e t e
ποιήτρια	p i i t ɾ i a
ποιοτικό	p i o t i k o
ποσα	p o s a
προσβλητικό	p ɾ o z v l i t i k o
προσδιοριστεί	p ɾ o z ð i o ɾ i s t i
προσεγγίσει	p ɾ o s e ŋ ɟ i s i
προσκληση	p ɾ o s k l i s i
προσπαθήσαμε	p ɾ o s p a θ i s a m e
προτείνεται	p ɾ o t i n e t e
πυροβολήθηκε	p i ɾ o v o l i θ i c e
πυροσβεστικό	p i ɾ o z v e s t i k o
πόθεν	p o θ e n
ρούμι	ɾ u m i
ρωμαίων	ɾ o m e o n
σατανάσ	s a t a n a s
σερβίρουμε	s e ɾ v i ɾ u m e
σιλικόνη	s i l i k o n i
σονγκ	s o ŋ ɡ
σπουδαίεσ	s p u ð e e s
στήβεν	s t i v e n
στήνει	s t i n i
στήριγμα	s t i ɾ i ɣ m a
σταδιοδρομίασ	s t a ð i o ð ɾ o m i a s
σταυρούσ	s t a v ɾ u s
στοχεύουν	s t o ç e v u n
συζητήσουν	s i z i t i s u n
συνδυάζεται	s i n ð i a z e t e
συνδυασμού	s i n ð i a z m u
συνειδητοποιεί	s i n i ð i t o p i i
συνεταιρισμόσ	s i n e t e ɾ i z m o s
συνηθισμένοσ	s i n i θ i z m e n o s
σχηματίζονται	s ç i m a t i z o n d e
ταξιδεύουμε	t a k s i ð e v u m e
ταπείνωση	t a p i n o s i
ταχύτερο	t a ç i t e ɾ o
τερματισμού	t e ɾ m a t i z m u
τετράδα	t e t ɾ a ð a
τετραγωνικό	t e t ɾ a ɣ o n i k o
τεχνολογικέσ	t e x n o l o ʝ i c e s
τζίνα	d͡z i n a
τοκ	t o k
τοποθετώντασ	t o p o θ e t o n d a s
τραβάτε	t ɾ a v a t e
τραγουδήσω	t ɾ a ɣ u ð i s o
τρομοκράτησ	t ɾ o m o k ɾ a t i s
τσίμπησε	t͡s i m b i s e
τυρνάβου	t i ɾ n a v u
τόμ	t o m
τόποι	t o p i
υπαίθριο	i p e θ ɾ i o
φάνηκαν	f a n i k a n
φακέσ	f a c e s
φανούν	f a n u n
φιλάει	f i l a i
φιλικών	f i l i k o n
φυγει	f i ʝ i
φυλακισμένοι	f i l a c i z m e n i
χάραξη	x a ɾ a k s i
χάρισον	x a ɾ i s o n
χαϊδάρι	x a i̯ ð a ɾ i
χημεια	ç i m i a
χολαργού	x o l a ɾ ɣ u
χρονικού	x ɾ o n i k u
χτυπάτε	x t i p a t e
χωρικά	x o ɾ i k a
ψηλέσ	p s i l e s
ψυχρή	p s i x ɾ i
όψιν	o p s i n
ύμνουσ	i m n u s
ύψωμα	i p s o m a
άγνωστουσ	a ɣ n o s t u s
άη	a i
άκη	a c i
άνθιμοσ	a n θ i m o s
έρωτά	e ɾ o t a
έσωσαν	e s o s a n
αίτησή	e t i s i
αγάπεσ	a ɣ a p e s
αγοράζετε	a ɣ o ɾ a z e t e
αιόλου	e o l u
ακαδημαϊκού	a k a ð i m a i k u
ακαδημαϊκόσ	a k a ð i m a i k o s
ακόλουθοι	a k o l u θ i
αλβανικήσ	a l v a n i c i s
αλεξανδρείασ	a l e k s a n ð ɾ i a s
αμερικάνουσ	a m e ɾ i k a n u s
ανάκαμψησ	a n a k a m p s i s
ανέβηκα	a n e v i k a
ανέπτυξαν	a n e p t i k s a n
ανίκανοι	a n i k a n i
αναθεώρησησ	a n a θ e o ɾ i s i s
αναρωτιόμαστε	a n a ɾ o t ç o m a s t e
ανατέθηκε	a n a t e θ i c e
ανεξάρτητου	a n e k s a ɾ t i t u
ανθρωπιστικών	a n θ ɾ o p i s t i k o n
ανταποκριτήσ	a n d a p o k ɾ i t i s
αντικατοπτρίζει	a n d i k a t o p t ɾ i z i
αντισώματα	a n d i s o m a t a
απέλυσε	a p e l i s e
απελευθερωθεί	a p e l e f θ e ɾ o θ i
απλήσ	a p l i s
απομακρύνονται	a p o m a k ɾ i n o n d e
αποτελούμενο	a p o t e l u m e n o
απόστολου	a p o s t o l u
αρμονική	a ɾ m o n i c i
αρχιτεκτονικό	a ɾ ç i t e k t o n i k o
ασφαλίσεων	a s f a l i s e o n
ασχημα	a s ç i m a
ασχοληθούν	a s x o l i θ u n
αυτοδυναμία	a f t o ð i n a m i a
αυτοκτονίεσ	a f t o k t o n i e s
αφεθεί	a f e θ i
αφελήσ	a f e l i s
βαραίνει	v a ɾ e n i
βαρθολομαίου	v a ɾ θ o l o m e u
βασικήσ	v a s i c i s
βιβλιοθηκών	v i v l i o θ i k o n
βιο	v i o
βιολογικέσ	v i o l o ʝ i c e s
βράχου	v ɾ a x u
γαμωτο	ɣ a m o t o
γιαννάκησ	ʝ a n a c i s
γκ	ɡ
γλυκόζη	ɣ l i k o z i
γυρίσαμε	ʝ i ɾ i s a m e
δειγμάτων	ð i ɣ m a t o n
δεξιοτήτων	ð e k s i o t i t o n
δημητριάδησ	ð i m i t ɾ i a ð i s
δημοκρατικοί	ð i m o k ɾ a t i c i
διέλευσησ	ð i e l e f s i s
διαβουλεύσεισ	ð i̯ a v u l e f s i s
διαλύματοσ	ð i̯ a l i m a t o s
διαμένει	ð i̯ a m e n i
διαφωνούμε	ð i̯ a f o n u m e
δοκίμιο	ð o c i m i o
δουλείασ	ð u l i a s
δυναμικήσ	ð i n a m i c i s
δυσκολίασ	ð i s k o l i a s
δωροδοκία	ð o ɾ o ð o c i a
είδωλα	i ð o l a
εισπνοή	i s p n o i
ελέφαντασ	e l e f a n d a s
εμίλ	e m i l
εναέριο	e n a e ɾ i o
εννοιών	e n i o n
ενοχήσ	e n o ç i s
εντάχθηκαν	e n d a x θ i k a n
ενυδρείο	e n i ð ɾ i o
εξαφάνισησ	e k s a f a n i s i s
εξαφανίσει	e k s a f a n i s i
επαναλαμβανόμενεσ	e p a n a l a ɱ v a n o m e n e s
επαρκήσ	e p a ɾ c i s
επιβιώνουν	e p i v i o n u n
επιλέγεται	e p i l e ʝ e t e
επιστροφέσ	e p i s t ɾ o f e s
επιτόπου	e p i t o p u
εργάτη	e ɾ ɣ a t i
εστάλη	e s t a l i
ετοιμότητασ	e t i m o t i t a s
ευχομαι	e f x o m e
ζε	z e
ηθών	i θ o n
ηρεμίασ	i ɾ e m i a s
θάσου	θ a s u
θελεσ	θ e l e s
θεωρηθούν	θ e o ɾ i θ u n
θηλυκού	θ i l i k u
ιαπωνικό	i a p o n i k o
ιεραρχίασ	i e ɾ a ɾ ç i a s
ικανούσ	i k a n u s
ιστοριών	i s t o ɾ ʝ o n
ιφιγένεια	i f i ʝ e n i a
κάψω	k a p s o
καβάφησ	k a v a f i s
καθίκια	k a θ i c a
καθαρότητα	k a θ a ɾ o t i t a
καλύβια	k a l i v i a
κανονικόσ	k a n o n i k o s
καρ	k a ɾ
καρύδα	k a ɾ i ð a
κατάσκοποσ	k a t a s k o p o s
κατακτά	k a t a k t a
κατατάσσεται	k a t a t a s e t e
κατηγορώντασ	k a t i ɣ o ɾ o n d a s
κατόρθωμα	k a t o ɾ θ o m a
κεφαλλονιά	c e f a l o ɲ a
κλείδωμα	k l i ð o m a
κολλάνε	k o l a n e
κολλητή	k o l i t i
κοσμικό	k o z m i k o
κυβερνητικούσ	c i v e ɾ n i t i k u s
κυνηγητό	c i n i ʝ i t o
κυνηγιού	c i n i ʝ u
κόμματόσ	k o m a t o s
κύθηρα	c i θ i ɾ a
λάβεισ	l a v i s
λάμπουν	l a m b u n
λειτουργικότητα	l i t u ɾ ʝ i k o t i t a
λευκήσ	l e f c i s
λουίζα	l u i z a
μάχονται	m a x o n d e
μανουέλ	m a n u e l
μαραθώνοσ	m a ɾ a θ o n o s
μεγεθών	m e ʝ e θ o n
μετέωρα	m e t e o ɾ a
μεταδοθεί	m e t a ð o θ i
μεταμορφώνεται	m e t a m o ɾ f o n e t e
μικροσκοπικό	m i k ɾ o s k o p i k o
μολότοφ	m o l o t o f
μοναδα	m o n a ð a
μπάρμπι	b a ɾ b i
μπεί	b i
μπουένοσ	b u e n o s
νασ	n a s
ναυτικήσ	n a f t i c i s
νεκροσ	n e k ɾ o s
νετανιάχου	n e t a ɲ a x u
νικήσουμε	n i c i s u m e
ξεκίνησεσ	k s e c i n i s e s
ξεκαθάρισε	k s e k a θ a ɾ i s e
ξηρούσ	k s i ɾ u s
οί	i
οασα	o a s a
οδηγήθηκαν	o ð i ʝ i θ i k a n
οικοσύστημα	i k o s i s t i m a
οικόπεδα	i k o p e ð a
ομορφότερη	o m o ɾ f o t e ɾ i
ονόμασαν	o n o m a s a n
οριοθέτηση	o ɾ i o θ e t i s i
πέγκυ	p e ŋ ɟ i
πέτρινα	p e t ɾ i n a
πήγαινεσ	p i ʝ e n e s
παιδαγωγικό	p e ð a ɣ o ʝ i k o
πακ	p a k
παραμένοντασ	p a ɾ a m e n o n d a s
παυλίδησ	p a v l i ð i s
παχιά	p a ç a
πεζών	p e z o n
πεν	p e n
περιστάσεων	p e ɾ i s t a s e o n
περσινό	p e ɾ s i n o
πινελιέσ	p i n e ʎ e s
πισίνεσ	p i s i n e s
πληροφορεί	p l i ɾ o f o ɾ i
πνιγεί	p n i ʝ i
ποικιλίασ	p i c i l i a s
πολύτιμοσ	p o l i t i m o s
πουλώντασ	p u l o n d a s
πραγματοποιηθούν	p ɾ a ɣ m a t o p i i θ u n
προέδρουσ	p ɾ o e ð ɾ u s
προαστίων	p ɾ o a s t i o n
προεδρικών	p ɾ o e ð ɾ i k o n
προετοιμάσει	p ɾ o e t i m a s i
προκαταρκτική	p ɾ o k a t a ɾ k t i c i
προσβάλει	p ɾ o z v a l i
προσεκτικόσ	p ɾ o s e k t i k o s
προσφέρετε	p ɾ o s f e ɾ e t e
προσωπικα	p ɾ o s o p i k a
προσόν	p ɾ o s o n
προχτέσ	p ɾ o x t e s
ρομαντικέσ	ɾ o m a n d i c e s
ρομαντισμό	ɾ o m a n d i z m o
ρωγμέσ	ɾ o ɣ m e s
ρωτάμε	ɾ o t a m e
ρωτήσουμε	ɾ o t i s u m e
ρόπαλο	ɾ o p a l o
σάρλοτ	s a ɾ l o t
σάρωση	s a ɾ o s i
σελιδα	s e l i ð a
σεξουαλικότητα	s e k s u a l i k o t i t a
σκάλασ	s k a l a s
σκλάβοσ	s k l a v o s
σκληρών	s k l i ɾ o n
σκοτεινόσ	s k o t i n o s
σοβαρα	s o v a ɾ a
σοβαρούσ	s o v a ɾ u s
σοσιαλιστική	s o s i a l i s t i c i
σπήλαια	s p i l e a
σπανίωσ	s p a n i o s
στείλαμε	s t i l a m e
στοκχόλμη	s t o k x o l m i
στρέφονται	s t ɾ e f o n d e
συγκαταλέγονται	s i ŋ ɡ a t a l e ɣ o n d e
συγκινεί	s i ŋ ɟ i n i
συλλέξει	s i l e k s i
συμβουλευτική	s i ɱ v u l e f t i c i
συμπίπτουν	s i m b i p t u n
συνάρτησησ	s i n a ɾ t i s i s
συσταθεί	s i s t a θ i
τετράδια	t e t ɾ a ð ʝ a
τονίζοντασ	t o n i z o n d a s
τοποθετημένο	t o p o θ e t i m e n o
τραπεζική	t ɾ a p e z i c i
τσακώνονται	t͡s a k o n o n d e
υλών	i l o n
υπερασπίζονται	i p e ɾ a s p i z o n d e
υπερβολικέσ	i p e ɾ v o l i c e s
υπηκόουσ	i p i k o u s
υποκατάστατο	i p o k a t a s t a t o
υποταγήσ	i p o t a ʝ i s
φανέλεσ	f a n e l e s
φι	f i
φιλάσ	f i l a s
φιναλίστ	f i n a l i s t
φροντίζουμε	f ɾ o n d i z u m e
φωτεινότητα	f o t i n o t i t a
φωτια	f o t ç a
χέσε	ç e s e
χαθήκαμε	x a θ i k a m e
χαλάρωσησ	x a l a ɾ o s i s
χειραψία	ç i ɾ a p s i a
χειροποίητα	ç i ɾ o p i i t a
χορέψω	x o ɾ e p s o
χρηση	x ɾ i s i
χτισμένη	x t i z m e n i
χόρχε	x o ɾ ç e
ψυχικού	p s i ç i k u
όλγασ	o l ɣ a s
άνετοσ	a n e t o s
άνθοσ	a n θ o s
άρσησ	a ɾ s i s
έπεφταν	e p e f t a n
έστελναν	e s t e l n a n
αίθριοσ	e θ ɾ i o s
αγαπήσω	a ɣ a p i s o
αγκαλιάσει	a ŋ ɡ a ʎ a s i
αγοραστήσ	a ɣ o ɾ a s t i s
αγωγέσ	a ɣ o ʝ e s
αγωνιστικών	a ɣ o n i s t i k o n
αδυνατίσματοσ	a ð i n a t i z m a t o s
αδύνατα	a ð i n a t a
αεροδρομίων	a e ɾ o ð ɾ o m i o n
αζώτου	a z o t u
αισθητήρα	e s θ i t i ɾ a
ακουγόταν	a k u ɣ o t a n
ακούγαμε	a k u ɣ a m e
ακυρώνεται	a c i ɾ o n e t e
ανήκουμε	a n i k u m e
ανακήρυξη	a n a c i ɾ i k s i
ανακριτή	a n a k ɾ i t i
αναμνηστικό	a n a m n i s t i k o
αναπόφευκτα	a n a p o f e f k t a
ανατομία	a n a t o m i a
αναφερόμενη	a n a f e ɾ o m e n i
ανεβάσουμε	a n e v a s u m e
ανεύρεση	a n e v ɾ e s i
ανθίζει	a n θ i z i
ανοικτήσ	a n i k t i s
αντίδρασή	a n d i ð ɾ a s i
αντίθετοσ	a n d i θ e t o s
αξιοπιστίασ	a k s i o p i s t i a s
αξιωματικήσ	a k s i o m a t i c i s
απέμεινε	a p e m i n e
αποκαταστάθηκε	a p o k a t a s t a θ i c e
απολύσεων	a p o l i s e o n
αποτελεσματικόσ	a p o t e l e z m a t i k o s
αποψη	a p o p s i
αρπακτικά	a ɾ p a k t i k a
αρτ	a ɾ t
αρχιτεκτόνων	a ɾ ç i t e k t o n o n
αυθεντικά	a f θ e n d i k a
βακτηρίων	v a k t i ɾ i o n
βιάζεται	v i a z e t e
βλήμα	v l i m a
βουκουρέστι	v u k u ɾ e s t i
γαμηθεί	ɣ a m i θ i
γερουσίασ	ʝ e ɾ u s i a s
γιούτα	ʝ u t a
γλυπτό	ɣ l i p t o
γνωρίζατε	ɣ n o ɾ i z a t e
γουλιά	ɣ u ʎ a
γουλφ	ɣ u l f
δέκτη	ð e k t i
δαίμονασ	ð e m o n a s
διαολο	ð i̯ a o l o
διατηρήσουμε	ð i̯ a t i ɾ i s u m e
διαφορετικήσ	ð i̯ a f o ɾ e t i c i s
διεκόπη	ð i e k o p i
διηγείται	ð i i ʝ i t e
δικαστικήσ	ð i k a s t i c i s
διορίσει	ð i o ɾ i s i
διπλωμάτησ	ð i p l o m a t i s
δλδ	ð l ð
δυνατότητέσ	ð i n a t o t i t e s
εθισμό	e θ i z m o
εθνικησ	e θ n i c i s
ειδη	i ð i
εικονα	i k o n a
ειπαν	i p a n
εκτενή	e k t e n i
εμμονέσ	e m o n e s
ενήλικασ	e n i l i k a s
εναντίων	e n a n d i o n
ενισχύσουν	e n i s ç i s u n
εννοούν	e n o u n
εξαντληθεί	e k s a n d l i θ i
εξαρχείων	e k s a ɾ ç i o n
εξηγήσουμε	e k s i ʝ i s u m e
εξόδων	e k s o ð o n
επιζήσει	e p i z i s i
επιτοκίων	e p i t o c i o n
επιτρέψτε	e p i t ɾ e p s t e
επιτυχημένα	e p i t i ç i m e n a
ερευνούν	e ɾ e v n u n
εσκεμμένα	e s c e m e n a
ευαγγελίου	e v a ŋ ɟ e l i u
εφάρμοσε	e f a ɾ m o s e
εφαρμόζουν	e f a ɾ m o z u n
εφοπλιστέσ	e f o p l i s t e s
εχτέσ	e x t e s
ζητήσατε	z i t i s a t e
ηδονή	i ð o n i
ημι	i m i
θεματική	θ e m a t i c i
θεολόγου	θ e o l o ɣ u
θεόφιλοσ	θ e o f i l o s
θυμίσουμε	θ i m i s u m e
ισχυρήσ	i s ç i ɾ i s
κάβα	k a v a
καθίσω	k a θ i s o
καλαμπάκασ	k a l a b a k a s
καλοκαιρι	k a l o c e ɾ i
καλωσορίζει	k a l o s o ɾ i z i
καραμέλεσ	k a ɾ a m e l e s
κατέληγε	k a t e l i ʝ e
καταγγέλλουν	k a t a ŋ ɟ e l u n
καταγόταν	k a t a ɣ o t a n
κατακόρυφα	k a t a k o ɾ i f a
κατασκευαστική	k a t a s c e v a s t i c i
κατασκευαστών	k a t a s c e v a s t o n
καταστρέφονται	k a t a s t ɾ e f o n d e
κατατεθέν	k a t a t e θ e n
κατεξοχήν	k a t e k s o ç i n
κατευθύνει	k a t e f θ i n i
κεφαλαία	c e f a l e a
κη	c i
κινητική	c i n i t i c i
κλέβεισ	k l e v i s
κληρικών	k l i ɾ i k o n
κοκκινο	k o c i n o
κρεβατιού	k ɾ e v a t ç u
κρύψω	k ɾ i p s o
κυκλικό	c i k l i k o
κυπελλο	c i p e l o
κωμικόσ	k o m i k o s
λήψεισ	l i p s i s
λειψάνων	l i p s a n o n
λογιστήσ	l o ʝ i s t i s
λυκειο	l i c i o
μάλτασ	m a l t a s
μέγιστα	m e ʝ i s t a
μέτρημα	m e t ɾ i m a
μήτε	m i t e
μελέτησε	m e l e t i s e
μητρόπουλοσ	m i t ɾ o p u l o s
μηχανάκι	m i x a n a c i
μοβ	m o v
μπαρτ	b a ɾ t
μπολόνια	b o l o ɲ a
μπου	b u
μύκονοσ	m i k o n o s
ναζιστικό	n a z i s t i k o
ναυτικά	n a f t i k a
νομάρχησ	n o m a ɾ ç i s
νοσηλεύεται	n o s i l e v e t e
νόρα	n o ɾ a
ξε	k s e
ξεκαθαρίζει	k s e k a θ a ɾ i z i
ξηρασία	k s i ɾ a s i a
ξηρού	k s i ɾ u
ξυπνήσουν	k s i p n i s u n
οδηγείτε	o ð i ʝ i t e
οικίεσ	i c i e s
οκτωβριου	o k t o v ɾ i u
ολμε	o l m e
ολοκληρώνοντασ	o l o k l i ɾ o n o n d a s
ομορφα	o m o ɾ f a
πάροσ	p a ɾ o s
πίκρα	p i k ɾ a
παθαίνεισ	p a θ e n i s
πανεπιστημιούπολη	p a n e p i s t i m i u p o l i
παραρτήματοσ	p a ɾ a ɾ t i m a t o s
παρατηρητή	p a ɾ a t i ɾ i t i
παρεα	p a ɾ e a
πατάτασ	p a t a t a s
πειράματοσ	p i ɾ a m a t o s
περιεχόμενό	p e ɾ i e x o m e n o
περιορισμών	p e ɾ i o ɾ i z m o n
περιπτώσει	p e ɾ i p t o s i
πετσί	p e t͡s i
πιέσεων	p ç e s e o n
πλακα	p l a k a
πλούτωνα	p l u t o n a
πολεμώντασ	p o l e m o n d a s
πολυάριθμεσ	p o l i a ɾ i θ m e s
πούλησαν	p u l i s a n
πρεσβευτήσ	p ɾ e z v e f t i s
προγραμματίσει	p ɾ o ɣ ɾ a m a t i s i
προδότησ	p ɾ o ð o t i s
προκαταλήψεισ	p ɾ o k a t a l i p s i s
προκλητικό	p ɾ o k l i t i k o
προλαβαίνουμε	p ɾ o l a v e n u m e
προοριζόταν	p ɾ o o ɾ i z o t a n
προσβολήσ	p ɾ o z v o l i s
προτύπου	p ɾ o t i p u
πρόλαβαν	p ɾ o l a v a n
ράπερ	ɾ a p e ɾ
ρήτρα	ɾ i t ɾ a
ρθουν	ɾ θ u n
σάν	s a n
σέπαρντ	s e p a ɾ d
σαββατοκύριακου	s a v a t o c i ɾ ʝ a k u
σηκώνεσαι	s i k o n e s e
σιωπηλά	s i o p i l a
σκάνε	s k a n e
σκέψεων	s c e p s e o n
σκότουσ	s k o t u s
σπουδαιότερο	s p u ð e o t e ɾ o
στήριξαν	s t i ɾ i k s a n
στουρνάρα	s t u ɾ n a ɾ a
συγκρούονται	s i ŋ ɡ r u o n d e
συνοικίεσ	s i n i c i e s
συνώνυμο	s i n o n i m o
συριακού	s i ɾ i a k u
τζουμέρκων	d͡z u m e ɾ k o n
τζούλιαν	d͡z u ʎ a n
τηλεφωνικέσ	t i l e f o n i c e s
τν	t n
τοκετό	t o c e t o
τρέχετε	t ɾ e ç e t e
τρέχουσεσ	t ɾ e x u s e s
τραβάνε	t ɾ a v a n e
τραυμάτισε	t ɾ a v m a t i s e
τρεντ	t ɾ e n d
υπεύθυνουσ	i p e f θ i n u s
υποθέτουμε	i p o θ e t u m e
υπολογισμοί	i p o l o ʝ i z m i
υπουργείων	i p u ɾ ʝ i o n
υποψηφίου	i p o p s i f i u
φανή	f a n i
φιλιππίδησ	f i l i p i ð i s
φιλολογία	f i l o l o ʝ i a
φιλοξένησε	f i l o k s e n i s e
φλόγασ	f l o ɣ a s
φορητό	f o ɾ i t o
φτηνή	f t i n i
φυματίωση	f i m a t i o s i
φωνάζετε	f o n a z e t e
χαθείσ	x a θ i s
χαρείσ	x a ɾ i s
χαρη	x a ɾ i
χοπ	x o p
χορών	x o ɾ o n
χρηματοδοτήσει	x ɾ i m a t o ð o t i s i
χρηματοδοτεί	x ɾ i m a t o ð o t i
χρηματοδοτείται	x ɾ i m a t o ð o t i t e
χρονικέσ	x ɾ o n i c e s
χύμα	ç i m a
ψάξτε	p s a k s t e
ωθεί	o θ i
ωραιότερα	o ɾ e o t e ɾ a
όγδοη	o ɣ ð o i
άστεγοι	a s t e ʝ i
άστεγουσ	a s t e ɣ u s
έκαστοσ	e k a s t o s
έκοβε	e k o v e
έλειπαν	e l i p a n
έφερναν	e f e ɾ n a n
έχτισαν	e x t i s a n
αγνόησε	a ɣ n o i s e
αγωνεσ	a ɣ o n e s
αδύναμουσ	a ð i n a m u s
αιχμάλωτο	e x m a l o t o
ακαδημαϊκών	a k a ð i m a i k o n
ακατάλληλο	a k a t a l i l o
αληθέσ	a l i θ e s
αλληλεπίδρασησ	a l i l e p i ð ɾ a s i s
αμβρόσιοσ	a ɱ v ɾ o s i o s
αμφίπολη	a ɱ f i p o l i
ανήλικοι	a n i l i c i
αναζητάσ	a n a z i t a s
αναλαμβάνοντασ	a n a l a ɱ v a n o n d a s
αναπαράγει	a n a p a ɾ a ʝ i
ανατολικέσ	a n a t o l i c e s
ανεβεί	a n e v i
ανοσία	a n o s i a
αντέδρασαν	a n d e ð ɾ a s a n
ανταρκτική	a n d a ɾ k t i c i
αντιληπτή	a n d i l i p t i
αντλίεσ	a n d l i e s
ανόητο	a n o i t o
απαγορευτεί	a p a ɣ o ɾ e f t i
απογευματινό	a p o ʝ e v m a t i n o
αποδείξω	a p o ð i k s o
αποκτήσω	a p o k t i s o
αποχωρούν	a p o x o ɾ u n
απόγονοσ	a p o ɣ o n o s
αρνητικόσ	a ɾ n i t i k o s
ασπασία	a s p a s i a
ασφαλούσ	a s f a l u s
αφυδάτωση	a f i ð a t o s i
βρίσκοντασ	v ɾ i s k o n d a s
βρώμη	v ɾ o m i
γελάσεισ	ʝ e l a s i s
γιόρτασε	ʝ o ɾ t a s e
γλάστρεσ	ɣ l a s t ɾ e s
γουρουνάκι	ɣ u ɾ u n a c i
γουόκερ	ɣ u o c e ɾ
γροθιέσ	ɣ ɾ o θ ç e s
δίδασκε	ð i ð a s c e
δεκτόσ	ð e k t o s
διαλέγει	ð i̯ a l e ʝ i
διαρκεια	ð i̯ a ɾ c i a
διεξήχθησαν	ð i e k s i x θ i s a n
διευθύνσεων	ð i e f θ i n s e o n
διμερείσ	ð i m e ɾ i s
δόγματα	ð o ɣ m a t a
εγκαταστήσει	e ŋ ɡ a t a s t i s i
εκλέγεται	e k l e ʝ e t e
εκτιμάσ	e k t i m a s
ενεργοποιηθεί	e n e ɾ ɣ o p i i θ i
εξετάζονται	e k s e t a z o n d e
εξυπηρετήσει	e k s i p i ɾ e t i s i
επέζησαν	e p e z i s a n
επέφερε	e p e f e ɾ e
επακριβώσ	e p a k ɾ i v o s
επαναληπτικό	e p a n a l i p t i k o
επανεκλογή	e p a n e k l o ʝ i
επεξεργάζεται	e p e k s e ɾ ɣ a z e t e
επιλέγονται	e p i l e ɣ o n d e
επιμελητήσ	e p i m e l i t i s
επιφύλαξη	e p i f i l a k s i
επλήγησαν	e p l i ʝ i s a n
ερυθρά	e ɾ i θ ɾ a
ευρεσιτεχνίασ	e v ɾ e s i t e x n i a s
ευριπίδη	e v ɾ i p i ð i
εφορεία	e f o ɾ i a
ζημίεσ	z i m i e s
ζωα	z o a
ηγηθεί	i ʝ i θ i
ηγούμενοσ	i ɣ u m e n o s
θέσουν	θ e s u n
θήραμα	θ i ɾ a m a
θαλάμουσ	θ a l a m u s
θεοδωρίδησ	θ e o ð o ɾ i ð i s
θεωρήσουμε	θ e o ɾ i s u m e
ικανοποιητικό	i k a n o p i i t i k o
ισραηλινοί	i s ɾ a i l i n i
κάλλιστα	k a l i s t a
κέρασμα	c e ɾ a z m a
κίτρινεσ	c i t ɾ i n e s
καθίσετε	k a θ i s e t e
καθεμιά	k a θ e m ɲ a
καμένο	k a m e n o
κανεσ	k a n e s
καπη	k a p i
καποδιστριακού	k a p o ð i s t ɾ i a k u
καποτε	k a p o t e
καταστρέφοντασ	k a t a s t ɾ e f o n d a s
κηδείεσ	c i ð i e s
κινδύνων	c i n ð i n o n
κινεί	c i n i
κλειδωμένο	k l i ð o m e n o
κοιτούσα	c i t u s a
κολ	k o l
κολλάσ	k o l a s
κοπελα	k o p e l a
κορασίδων	k o ɾ a s i ð o n
κουταλάκι	k u t a l a c i
κούρδων	k u ɾ ð o n
κρητη	k ɾ i t i
κυβερνητικοί	c i v e ɾ n i t i c i
κυβερνώντεσ	c i v e ɾ n o n d e s
κυνηγάμε	c i n i ɣ a m e
κυψέλησ	c i p s e l i s
κωστόπουλοσ	k o s t o p u l o s
κόσμοι	k o z m i
λαθραία	l a θ ɾ e a
λιμανάκι	l i m a n a c i
λοιμώξεων	l i m o k s e o n
μάγοι	m a ʝ i
μάθαινε	m a θ e n e
μάο	m a o
μέρλιν	m e ɾ l i n
μέσ	m e s
μίλτον	m i l t o n
μαζέψουμε	m a z e p s u m e
μακεδόνασ	m a c e ð o n a s
μακρυγιάννη	m a k ɾ i ʝ a n i
ματιέσ	m a t ç e s
μεροκάματο	m e ɾ o k a m a t o
μηδενικά	m i ð e n i k a
μηνύματά	m i n i m a t a
μοιράστηκαν	m i ɾ a s t i k a n
μοχλό	m o x l o
μπεζ	b e z
μπερδέψει	b e ɾ ð e p s i
μπερδεύει	b e ɾ ð e v i
μπολτ	b o l t
νιώσουν	ɲ o s u n
ξεκαθαρίσουμε	k s e k a θ a ɾ i s u m e
οκτ	o k t
ολοφάνερο	o l o f a n e ɾ o
ομοιόμορφα	o m i o m o ɾ f a
οργανώνονται	o ɾ ɣ a n o n o n d e
ορφανό	o ɾ f a n o
ουίλιαμσ	u i ʎ a m s
πάργασ	p a ɾ ɣ a s
πέρασμά	p e ɾ a z m a
πανεύκολο	p a n e f k o l o
παντρεύεσαι	p a n d ɾ e v e s e
παπάδεσ	p a p a ð e s
παπαναστασίου	p a p a n a s t a s i u
παράσημο	p a ɾ a s i m o
παρασκευόπουλοσ	p a ɾ a s c e v o p u l o s
παραχθεί	p a ɾ a x θ i
πειστεί	p i s t i
περιφέρεται	p e ɾ i f e ɾ e t e
πετάτε	p e t a t e
πιθανόσ	p i θ a n o s
πικάσο	p i k a s o
πιρσ	p i ɾ s
πλάτησ	p l a t i s
πληθυντικό	p l i θ i n d i k o
πλουσίων	p l u s i o n
ποντάρει	p o n d a ɾ i
ποτ	p o t
προσδοκιών	p ɾ o z ð o c o n
προστατευτικό	p ɾ o s t a t e f t i k o
προσφάτωσ	p ɾ o s f a t o s
προσωπικο	p ɾ o s o p i k o
προσωπικότητά	p ɾ o s o p i k o t i t a
προωθείται	p ɾ o o θ i t e
πρόωρο	p ɾ o o ɾ o
πυροσβέστησ	p i ɾ o z v e s t i s
ρίγανη	ɾ i ɣ a n i
ρόσι	ɾ o s i
ρύπανσησ	ɾ i p a n s i s
σαγκάη	s a ŋ ɡ a i
σαφήνεια	s a f i n i a
σβήσεισ	z v i s i s
σινγκ	s i ŋ ɡ
σκέτοσ	s c e t o s
σκοτωσε	s k o t o s e
σοβαρών	s o v a ɾ o n
σολωμόσ	s o l o m o s
σοσ	s o s
σπουδαιότητα	s p u ð e o t i t a
σταθεροποίηση	s t a θ e ɾ o p i i s i
σταματάνε	s t a m a t a n e
στεγνό	s t e ɣ n o
στεκόταν	s t e k o t a n
στηθεί	s t i θ i
στοιχίζει	s t i ç i z i
στουρνάρασ	s t u ɾ n a ɾ a s
στρέμμα	s t ɾ e m a
συλλογικήσ	s i l o ʝ i c i s
συμβολισμό	s i ɱ v o l i z m o
συναντήσεων	s i n a n d i s e o n
συναυλίασ	s i n a v l i a s
συνδεδεμένεσ	s i n ð e ð e m e n e s
συνιστώσα	s i n i s t o s a
συντονίζει	s i n d o n i z i
συνύπαρξη	s i n i p a ɾ k s i
σόνια	s o ɲ a
σύστασησ	s i s t a s i s
τάσεων	t a s e o n
τάφοι	t a f i
τακούνι	t a k u n i
ταξίδευε	t a k s i ð e v e
ταχυδρόμοσ	t a ç i ð ɾ o m o s
τζην	d͡z i n
τολμούν	t o l m u n
τοξότεσ	t o k s o t e s
τοποθετήσεισ	t o p o θ e t i s i s
τριανταφύλλου	t ɾ i a n d a f i l u
τριημέρου	t ɾ i i m e ɾ u
τροφοδοσίασ	t ɾ o f o ð o s i a s
τρυφερότητα	t ɾ i f e ɾ o t i t a
τσόντεσ	t͡s o n d e s
υπερωρίεσ	i p e ɾ o ɾ i e s
υπουργική	i p u ɾ ʝ i c i
υποχρεωτικό	i p o x ɾ e o t i k o
φανταστικόσ	f a n d a s t i k o s
φθάσουμε	f θ a s u m e
φιλελεύθερο	f i l e l e f θ e ɾ o
φοβαμαι	f o v a m e
φορολογικά	f o ɾ o l o ʝ i k a
φούρνου	f u ɾ n u
φυλάνε	f i l a n e
φωνάζουμε	f o n a z u m e
χαιρέτησε	ç e ɾ e t i s e
χαρ	x a ɾ
χειροποίητο	ç i ɾ o p i i t o
χιονοδρομικό	ç o n o ð ɾ o m i k o
χιουζ	ç u z
χρειαζομαι	x ɾ i a z o m e
χρειαστούμε	x ɾ i a s t u m e
χωματερή	x o m a t e ɾ i
χωρίσουν	x o ɾ i s u n
ψευδείσ	p s e v ð i s
ψηφιστεί	p s i f i s t i
ψύξησ	p s i k s i s
όσβαλντ	o z v a l d
ότο	o t o
άμαξα	a m a k s a
άμεσοσ	a m e s o s
άρπαξαν	a ɾ p a k s a n
άφθονα	a f θ o n a
έγκυρο	e ŋ ɟ i ɾ o
ένοπλοι	e n o p l i
έντυπη	e n d i p i
έτρεχαν	e t ɾ e x a n
αίτησησ	e t i s i s
αγάπησεσ	a ɣ a p i s e s
αγνό	a ɣ n o
αγροτικόσ	a ɣ ɾ o t i k o s
αδένεσ	a ð e n e s
ακατάλληλη	a k a t a l i l i
αλγόριθμο	a l ɣ o ɾ i θ m o
αλλεργική	a l e ɾ ʝ i c i
αμεσα	a m e s a
ανάβουν	a n a v u n
ανάκτορα	a n a k t o ɾ a
ανάληψησ	a n a l i p s i s
ανάπηροσ	a n a p i ɾ o s
ανέβεισ	a n e v i s
ανίκανη	a n i k a n i
αναγκη	a n a ŋ ɟ i
αναμνηστική	a n a m n i s t i c i
αναπηρικό	a n a p i ɾ i k o
ανεξάρτητουσ	a n e k s a ɾ t i t u s
αντίστοιχουσ	a n d i s t i x u s
αντικατάστασησ	a n d i k a t a s t a s i s
αντικαταστάτησ	a n d i k a t a s t a t i s
αντιπαραθέσεισ	a n d i p a ɾ a θ e s i s
αξιόλογα	a k s i o l o ɣ a
απαλλαγεί	a p a l a ʝ i
αποκλειστικέσ	a p o k l i s t i c e s
απολυθεί	a p o l i θ i
απορριφθεί	a p o ɾ i f θ i
αποσκοπεί	a p o s k o p i
αποτυπώματα	a p o t i p o m a t a
αρχιτεκτονικά	a ɾ ç i t e k t o n i k a
αρωματικό	a ɾ o m a t i k o
ατομο	a t o m o
αυτόματοσ	a f t o m a t o s
βάτραχοσ	v a t ɾ a x o s
βάψιμο	v a p s i m o
βαδίζει	v a ð i z i
βαθύτατα	v a θ i t a t a
βαθύτερο	v a θ i t e ɾ o
βαρδινογιάννη	v a ɾ ð i n o ʝ a n i
βαρετά	v a ɾ e t a
βασικα	v a s i k a
βγάζοντασ	v ɣ a z o n d a s
βγήκεσ	v ʝ i c e s
γέμισαν	ʝ e m i s a n
γαλάκτωμα	ɣ a l a k t o m a
γερμανια	ʝ e ɾ m a ɲ a
γκόμενοσ	ɡ o m e n o s
γλείψιμο	ɣ l i p s i m o
γραμματείσ	ɣ ɾ a m a t i s
γραπτών	ɣ ɾ a p t o n
γυρεύει	ʝ i ɾ e v i
γωνίασ	ɣ o n i a s
δίκαιοι	ð i c e i
διαγραφεί	ð i̯ a ɣ ɾ a f i
διαμένουν	ð i̯ a m e n u n
διαφορετικού	ð i̯ a f o ɾ e t i k u
διπλώματοσ	ð i p l o m a t o s
δωματίων	ð o m a t i o n
εθνικότητα	e θ n i k o t i t a
εθνοσ	e θ n o s
εισβάλει	i z v a l i
εκτελέστηκαν	e k t e l e s t i k a n
ελέγχετε	e l e ŋ ç e t e
ελπιδα	e l p i ð a
ελύτησ	e l i t i s
ενεργού	e n e ɾ ɣ u
ενισχυθεί	e n i s ç i θ i
εντάλματα	e n d a l m a t a
εξεγέρσεισ	e k s e ʝ e ɾ s i s
εξετάσω	e k s e t a s o
εξωτικό	e k s o t i k o
επέλαση	e p e l a s i
επίγεια	e p i ʝ i a
επιβαίνοντεσ	e p i v e n o n d e s
επιτραπέζιο	e p i t ɾ a p e z i o
εργοτέλη	e ɾ ɣ o t e l i
εσχάτη	e s x a t i
ευαίσθητεσ	e v e s θ i t e s
ευλογημένοσ	e v l o ʝ i m e n o s
εφαρμοστούν	e f a ɾ m o s t u n
εφαρμόζοντασ	e f a ɾ m o z o n d a s
εφτασε	e f t a s e
ζέτα	z e t a
ηγετικό	i ʝ e t i k o
ηλικια	i l i c a
ημερησίωσ	i m e ɾ i s i o s
ηπατίτιδα	i p a t i t i ð a
ηρώδειο	i ɾ o ð i o
θεματικά	θ e m a t i k a
θραύση	θ ɾ a f s i
θόδωροσ	θ o ð o ɾ o s
ιδίων	i ð i o n
ικανοποιητικά	i k a n o p i i t i k a
ισχυρισμοί	i s ç i ɾ i z m i
κάνουνε	k a n u n e
κάτοικο	k a t i k o
κέρατο	c e ɾ a t o
καλλιτεχνικού	k a l i t e x n i k u
καλώντασ	k a l o n d a s
κατάπιε	k a t a p ç e
κατασκηνώσεισ	k a t a s c i n o s i s
κατηγορήσει	k a t i ɣ o ɾ i s i
κινητέσ	c i n i t e s
κλαίγοντασ	k l e ɣ o n d a s
κοινοποίηση	c i n o p i i s i
κολάν	k o l a n
κολλαγόνο	k o l a ɣ o n o
κολλητό	k o l i t o
κουνάει	k u n a i
κουπί	k u p i
κρίκετ	k ɾ i c e t
κρίσταλ	k ɾ i s t a l
κωμωδίασ	k o m o ð i a s
λαγό	l a ɣ o
λειτουργόσ	l i t u ɾ ɣ o s
λογιστική	l o ʝ i s t i c i
λουτρακίου	l u t ɾ a c i u
μάξιμοσ	m a k s i m o s
μάρτυσ	m a ɾ t i s
μίλαγε	m i l a ʝ e
μακρήσ	m a k ɾ i s
μακρύτερα	m a k ɾ i t e ɾ a
μελ	m e l
μετανιώσει	m e t a ɲ o s i
μικρα	m i k ɾ a
μικτό	m i k t o
μπίζνεσ	b i z n e s
μπερδεύεισ	b e ɾ ð e v i s
μπλόκα	b l o k a
μυκηνών	m i c i n o n
μύτεσ	m i t e s
νατρίου	n a t ɾ i u
νιού	ɲ u
νορμάλ	n o ɾ m a l
νουβέλα	n u v e l a
νόρμα	n o ɾ m a
οικίασ	i c i a s
οικογενειακήσ	i k o ʝ e n i a c i s
ομιλεί	o m i l i
ομοφυλοφιλία	o m o f i l o f i l i a
οργανωτική	o ɾ ɣ a n o t i c i
πάργα	p a ɾ ɣ a
παθητική	p a θ i t i c i
παιδαγωγόσ	p e ð a ɣ o ɣ o s
παραδόθηκαν	p a ɾ a ð o θ i k a n
παραμονέσ	p a ɾ a m o n e s
παρουσίασησ	p a ɾ u s i a s i s
πατάμε	p a t a m e
πατέντα	p a t e n d a
πατινάζ	p a t i n a z
πελέ	p e l e
περιπολίεσ	p e ɾ i p o l i e s
περιφερειακόσ	p e ɾ i f e ɾ i a k o s
πιλότου	p i l o t u
πληγώσει	p l i ɣ o s i
πνευμόνων	p n e v m o n o n
πολιτικο	p o l i t i k o
πονγκ	p o ŋ ɡ
πορεια	p o ɾ i a
ποσειδώνασ	p o s i ð o n a s
πουλάμε	p u l a m e
προμηθευτέσ	p ɾ o m i θ e f t e s
προσκυνητέσ	p ɾ o s c i n i t e s
πρωτοπορία	p ɾ o t o p o ɾ i a
πρόχειρα	p ɾ o ç i ɾ a
πυθμένα	p i θ m e n a
ρίχνοντασ	ɾ i x n o n d a s
ριζοσπάστη	ɾ i z o s p a s t i
ρόμαν	ɾ o m a n
ρόμπι	ɾ o b i
ρόνι	ɾ o n i
ρώσικη	ɾ o s i c i
σέβη	s e v i
σαβ	s a v
σαλόνια	s a l o ɲ a
σηκώνουν	s i k o n u n
σηκώσεισ	s i k o s i s
σημίτησ	s i m i t i s
σπόρο	s p o ɾ o
στά	s t a
στέγεσ	s t e ʝ e s
στατιστικών	s t a t i s t i k o n
στενούσ	s t e n u s
στοέσ	s t o e s
συγχωρεί	s i ŋ x o ɾ i
συμβατικό	s i ɱ v a t i k o
συμβολικό	s i ɱ v o l i k o
συμπληρώνουν	s i m b l i ɾ o n u n
συνομοσπονδίασ	s i n o m o s p o n ð i a s
συντηρητικό	s i n d i ɾ i t i k o
σχάρα	s x a ɾ a
σωματικέσ	s o m a t i c e s
σύνθετα	s i n θ e t a
σώσετε	s o s e t e
τακτικόσ	t a k t i k o s
ταμπέλεσ	t a b e l e s
ταξιδέψουν	t a k s i ð e p s u n
ταξινόμησησ	t a k s i n o m i s i s
τιποτε	t i p o t e
τουριστικήσ	t u ɾ i s t i c i s
τρέξτε	t ɾ e k s t e
τρέχα	t ɾ e x a
τραγουδάσ	t ɾ a ɣ u ð a s
τριετή	t ɾ i e t i
τυφλοί	t i f l i
τόσον	t o s o n
υπερασπιστούν	i p e ɾ a s p i s t u n
υπότιτλουσ	i p o t i t l u s
φίλιππο	f i l i p o
φιλελευθερισμού	f i l e l e f θ e ɾ i z m u
φορτίων	f o ɾ t i o n
φροντίσουμε	f ɾ o n d i s u m e
φωτισμόσ	f o t i z m o s
φόνουσ	f o n u s
χάλκινα	x a l c i n a
χαλάσεισ	x a l a s i s
χαλαρώνει	x a l a ɾ o n i
χιμένεθ	ç i m e n e θ
χρηματικά	x ɾ i m a t i k a
χρηματική	x ɾ i m a t i c i
χρονικήσ	x ɾ o n i c i s
ψητά	p s i t a
ωδή	o ð i
ωριμάσει	o ɾ i m a s i
ύποπτη	i p o p t i
αγών	a ɣ o n
αθωώθηκε	a θ o o θ i c e
αισθανόταν	e s θ a n o t a n
ακαδημαϊκά	a k a ð i m a i k a
ανάγλυφο	a n a ɣ l i f o
αναζητεί	a n a z i t i
αναλυτικέσ	a n a l i t i c e s
αναπτυσσόμενεσ	a n a p t i s o m e n e s
αναστέλλει	a n a s t e l i
ανταγωνιστικό	a n d a ɣ o n i s t i k o
ανταγωνιστικότητασ	a n d a ɣ o n i s t i k o t i t a s
αντιμετωπίζοντασ	a n d i m e t o p i z o n d a s
αντιπρόσωπο	a n d i p ɾ o s o p o
ανύψωση	a n i p s o s i
ανώτατα	a n o t a t a
απέλαση	a p e l a s i
απαγάγει	a p a ɣ a ʝ i
απότομεσ	a p o t o m e s
αργεντινόσ	a ɾ ʝ e n d i n o s
αργύρη	a ɾ ʝ i ɾ i
αρμόδιο	a ɾ m o ð i o
αχμέτ	a x m e t
βαλει	v a l i
βαρκελώνησ	v a ɾ c e l o n i s
βερν	v e ɾ n
βιασμόσ	v i a z m o s
βοτανικό	v o t a n i k o
βουλγαρική	v u l ɣ a ɾ i c i
βουλιαγμένη	v u ʎ a ɣ m e n i
βόρειοσ	v o ɾ i o s
γέλασε	ʝ e l a s e
γέρο	ʝ e ɾ o
γαλαξίεσ	ɣ a l a k s i e s
γειτονικό	ʝ i t o n i k o
γενικη	ʝ e n i c i
γενικοί	ʝ e n i c i
γεννήτριεσ	ʝ e n i t ɾ i e s
γλυκα	ɣ l i k a
γλυκούλησ	ɣ l i k u l i s
γνώμεσ	ɣ n o m e s
δίδυμοσ	ð i ð i m o s
δανεισμόσ	ð a n i z m o s
δαυίδ	ð a v i ð
δηκο	ð i k o
διέψευσε	ð i e p s e f s e
διαβήτησ	ð i̯ a v i t i s
διαδρομών	ð i̯ a ð ɾ o m o n
διακόπτει	ð i̯ a k o p t i
διαπραγματευτεί	ð i̯ a p ɾ a ɣ m a t e f t i
διατροφική	ð i̯ a t ɾ o f i c i
δικαιολογήσει	ð i c e o l o ʝ i s i
δοκιμαστικό	ð o c i m a s t i k o
δουβλίνο	ð u v l i n o
δούλοσ	ð u l o s
δούνε	ð u n e
δραση	ð ɾ a s i
δόμηση	ð o m i s i
εαυτόν	e a f t o n
ειδίκευση	i ð i c e f s i
εικασία	i k a s i a
ειπώθηκε	i p o θ i c e
εκτέλεσαν	e k t e l e s a n
εκτελεστήσ	e k t e l e s t i s
εκφοβισμό	e k f o v i z m o
ελαιολάδου	e l e o l a ð u
ελαιώνα	e l e o n a
ελληνισμό	e l i n i z m o
εμπλοκήσ	e m b l o c i s
ενσωματωμένη	e n s o m a t o m e n i
εξοικονόμηση	e k s i k o n o m i s i
επήλθε	e p i l θ e
επακόλουθο	e p a k o l u θ o
επεκτάθηκε	e p e k t a θ i c e
επισκέφθηκαν	e p i s c e f θ i k a n
επιτεύχθηκε	e p i t e f x θ i c e
επιτρέψετε	e p i t ɾ e p s e t e
επιτρόπου	e p i t ɾ o p u
εργοτάξιο	e ɾ ɣ o t a k s i o
ευκολο	e f k o l o
εχε	e ç e
ηγεμονία	i ʝ e m o n i a
ηλιόλουστη	i ʎ o l u s t i
θαυμαστή	θ a v m a s t i
θερμόμετρο	θ e ɾ m o m e t ɾ o
θηλαστικά	θ i l a s t i k a
θυμώνεισ	θ i m o n i s
θύμιζε	θ i m i z e
ιατρό	i a t ɾ o
ισοζύγιο	i s o z i ʝ i o
καθαρίζουμε	k a θ a ɾ i z u m e
καλαμπάκα	k a l a b a k a
κατέθεσαν	k a t e θ e s a n
καταδικάστηκαν	k a t a ð i k a s t i k a n
καταδικασμένοι	k a t a ð i k a z m e n i
καταιγίδασ	k a t e ʝ i ð a s
κατακτώντασ	k a t a k t o n d a s
καταστραφούν	k a t a s t ɾ a f u n
κατεβάζει	k a t e v a z i
κατεχόμενη	k a t e x o m e n i
καυτέσ	k a f t e s
καύσωνα	k a f s o n a
κεραμική	c e ɾ a m i c i
κεφαλήν	c e f a l i n
κική	c i c i
κινήθηκαν	c i n i θ i k a n
κινούμενη	c i n u m e n i
κλ	k l
κλήσεων	k l i s e o n
κλασικόσ	k l a s i k o s
κολλημένο	k o l i m e n o
κομματι	k o m a t i
κοπάδια	k o p a ð ʝ a
κριμαίασ	k ɾ i m e a s
κρύβεσαι	k ɾ i v e s e
κυριαρχήσει	c i ɾ i a ɾ ç i s i
λάρα	l a ɾ a
λεγόμενεσ	l e ɣ o m e n e s
λογοτεχνική	l o ɣ o t e x n i c i
μάρω	m a ɾ o
μέριλιν	m e ɾ i l i n
μαλώνουν	m a l o n u n
μαρίκα	m a ɾ i k a
μαρκόπουλο	m a ɾ k o p u l o
μεγάρων	m e ɣ a ɾ o n
μεγέθυνση	m e ʝ e θ i n s i
μελαχρινή	m e l a x ɾ i n i
μεραρχίασ	m e ɾ a ɾ ç i a s
μετακόμιση	m e t a k o m i s i
μεταφυσική	m e t a f i s i c i
μετονομασία	m e t o n o m a s i a
μηνάσ	m i n a s
μιλ	m i l
μιμείται	m i m i t e
μισθού	m i s θ u
μοναδικοί	m o n a ð i c i
μοναξιάσ	m o n a k s ç a s
μονοθέσιο	m o n o θ e s i o
μοσ	m o s
μοσχάτου	m o s x a t u
μπερντ	b e ɾ d
μπεστ	b e s t
μυ	m i
μυστικότητα	m i s t i k o t i t a
νάνο	n a n o
νάπολη	n a p o l i
ναζιστικήσ	n a z i s t i c i s
ναμ	n a m
νια	ɲ a
νικηφόρα	n i c i f o ɾ a
νομών	n o m o n
ντυθεί	d i θ i
ξωτικά	k s o t i k a
ξύπνησεσ	k s i p n i s e s
οίνου	i n u
ονομάσει	o n o m a s i
ονομαστεί	o n o m a s t i
οργανώνουν	o ɾ ɣ a n o n u n
οριζόντιεσ	o ɾ i z o n d i e s
οριστε	o ɾ i s t e
ορού	o ɾ u
ορυκτό	o ɾ i k t o
πάθουν	p a θ u n
πέταλα	p e t a l a
πίνδου	p i n ð u
παθήσεων	p a θ i s e o n
παραδοσιακοί	p a ɾ a ð o s i a c i
παραδόσεων	p a ɾ a ð o s e o n
παρατίθενται	p a ɾ a t i θ e n d e
παρθένου	p a ɾ θ e n u
περάματοσ	p e ɾ a m a t o s
περιστατικών	p e ɾ i s t a t i k o n
περπατούσε	p e ɾ p a t u s e
πικρό	p i k ɾ o
πινγκ	p i ŋ ɡ
ποδοσφαιρικά	p o ð o s f e ɾ i k a
πολιτισμικό	p o l i t i z m i k o
πολιτισμου	p o l i t i z m u
πολυνομοσχέδιο	p o l i n o m o s ç e ð i o
πομπή	p o m b i
πονοκεφάλουσ	p o n o c e f a l u s
ποτάκι	p o t a c i
πραγματικοτητα	p ɾ a ɣ m a t i k o t i t a
πριγκίπισσασ	p ɾ i ŋ ɟ i p i s a s
προδότη	p ɾ o ð o t i
προεδρική	p ɾ o e ð ɾ i c i
προετοιμάζει	p ɾ o e t i m a z i
προορισμού	p ɾ o o ɾ i z m u
προσδιορίσει	p ɾ o z ð i o ɾ i s i
προσεχε	p ɾ o s e ç e
προφήτεσ	p ɾ o f i t e s
πυρηνικέσ	p i ɾ i n i c e s
πόλωση	p o l o s i
πόσιμο	p o s i m o
ρουτίνασ	ɾ u t i n a s
σέλτικ	s e l t i k
σεντάν	s e n d a n
σηκώνω	s i k o n o
σκεφτομαι	s c e f t o m e
σκορπιό	s k o ɾ p ç o
σκοτώνεται	s k o t o n e t e
σκουρλέτησ	s k u ɾ l e t i s
σκωτίασ	s k o t i a s
σουμάχερ	s u m a ç e ɾ
σουπερ	s u p e ɾ
σταση	s t a s i
στερείται	s t e ɾ i t e
στρέψει	s t ɾ e p s i
συμβάλλοντασ	s i ɱ v a l o n d a s
συμβει	s i ɱ v i
συμπλέγματοσ	s i m b l e ɣ m a t o s
συμπληρώματα	s i m b l i ɾ o m a t a
συνέβαιναν	s i n e v e n a n
συνασπισμό	s i n a s p i z m o
συνδρόμου	s i n ð ɾ o m u
συνδυασμοί	s i n ð i a z m i
συνεισφέρουν	s i n i s f e ɾ u n
συνομοσπονδία	s i n o m o s p o n ð i a
συντελεστών	s i n d e l e s t o n
σφοδρέσ	s f o ð ɾ e s
σχημάτων	s ç i m a t o n
σωματικό	s o m a t i k o
σύστησε	s i s t i s e
ταλέντων	t a l e n d o n
ταξικό	t a k s i k o
τερματισμόσ	t e ɾ m a t i z m o s
τεχνικούσ	t e x n i k u s
τηρούν	t i ɾ u n
τοξική	t o k s i c i
τουρίστασ	t u ɾ i s t a s
τρέξω	t ɾ e k s o
τσα	t͡s a
τυγχάνει	t i ŋ x a n i
υπερβαίνουν	i p e ɾ v e n u n
υποδέχθηκε	i p o ð e x θ i c e
υποχρεωμένη	i p o x ɾ e o m e n i
υπότιτλοι	i p o t i t l i
φιάλη	f ç a l i
φοβόμουν	f o v o m u n
φωκίδασ	f o c i ð a s
χαλάνε	x a l a n e
χνάρια	x n a ɾ ʝ a
χτίσουν	x t i s u n
χτυπούσαν	x t i p u s a n
ψυχικέσ	p s i ç i c e s
ψυχολογικήσ	p s i x o l o ʝ i c i s
όμιλοι	o m i l i
όρεγκον	o ɾ e ŋ ɡ o n
ἐκ	e k
άλισον	a l i s o n
άριστεσ	a ɾ i s t e s
άσσοσ	a s o s
έκδοσή	e k ð o s i
αδύνατοσ	a ð i n a t o s
ακροατέσ	a k ɾ o a t e s
ακυρώνει	a c i ɾ o n i
αλατιού	a l a t ç u
αλλάζετε	a l a z e t e
αλλον	a l o n
αλμπέρτο	a l b e ɾ t o
αμεση	a m e s i
ανάποδη	a n a p o ð i
αναγνώρισαν	a n a ɣ n o ɾ i s a n
ανακοίνωσή	a n a c i n o s i
αναλάβουμε	a n a l a v u m e
ανεπαρκή	a n e p a ɾ c i
ανθρωπιστικέσ	a n θ ɾ o p i s t i c e s
ανοίγματοσ	a n i ɣ m a t o s
ανορεξία	a n o ɾ e k s i a
αντιφάσεισ	a n d i f a s i s
ανύπαντρη	a n i p a n d ɾ i
αξιόλογεσ	a k s i o l o ʝ e s
απαλλαγείτε	a p a l a ʝ i t e
απολαύσει	a p o l a f s i
απορρόφησησ	a p o ɾ o f i s i s
αποτυπώνει	a p o t i p o n i
απρόβλεπτη	a p ɾ o v l e p t i
αστρολογία	a s t ɾ o l o ʝ i a
ατού	a t u
αττικη	a t i c i
αυστριακόσ	a f s t ɾ i a k o s
αυτοκινητου	a f t o c i n i t u
αφαιρείται	a f e ɾ i t e
βαρέα	v a ɾ e a
βιώσιμησ	v i o s i m i s
βρεγμένο	v ɾ e ɣ m e n o
βρεφική	v ɾ e f i c i
βυθιστεί	v i θ i s t i
γεγονοσ	ʝ e ɣ o n o s
γενεέσ	ʝ e n e e s
γεννήσεωσ	ʝ e n i s e o s
γιαγιάδεσ	ʝ a ʝ a ð e s
γνωρίσαμε	ɣ n o ɾ i s a m e
γονιδίων	ɣ o n i ð i o n
γούντι	ɣ u n d i
δάγκωσε	ð a ŋ ɡ o s e
δήλωσή	ð i l o s i
δειχνει	ð i x n i
δημοσιεύονται	ð i m o s i e v o n d e
δημοσιονομικό	ð i m o s i o n o m i k o
δημότεσ	ð i m o t e s
διαλέξεων	ð i̯ a l e k s e o n
διδυμοτείχου	ð i ð i m o t i x u
δικαιο	ð i c e o
δικαιολογητικά	ð i c e o l o ʝ i t i k a
δικαστικά	ð i k a s t i k a
δούλοι	ð u l i
δυναμικέσ	ð i n a m i c e s
δυναμώνει	ð i n a m o n i
δυσάρεστο	ð i s a ɾ e s t o
εγκατασταθούν	e ŋ ɡ a t a s t a θ u n
ειδάλλωσ	i ð a l o s
εισηγητήσ	i s i ʝ i t i s
εκκλησιαστικών	e k l i s i a s t i k o n
εκμάθησησ	e k m a θ i s i s
εκρηκτικών	e k ɾ i k t i k o n
εκτελεστέσ	e k t e l e s t e s
εκτενώσ	e k t e n o s
εκτιμηθεί	e k t i m i θ i
εκτυπωτή	e k t i p o t i
ελύτη	e l i t i
ενδυμασία	e n ð i m a s i a
ενεργοποιείται	e n e ɾ ɣ o p i i t e
εντοσ	e n d o s
ενωθεί	e n o θ i
εξετάζουν	e k s e t a z u n
επίθετα	e p i θ e t a
επίκληση	e p i k l i s i
επιβίωσε	e p i v i o s e
επιμ	e p i m
επινόησε	e p i n o i s e
επιτελουσ	e p i t e l u s
επιτομή	e p i t o m i
επιφανειών	e p i f a n i o n
επιφυλάξεισ	e p i f i l a k s i s
επόμενοι	e p o m e n i
εργοτέλησ	e ɾ ɣ o t e l i s
ετοιμαζόμαστε	e t i m a z o m a s t e
ετοιμαστεί	e t i m a s t i
ζήσησ	z i s i s
θίασο	θ i a s o
ιακώβου	i a k o v u
ιδεώδη	i ð e o ð i
ινδική	i n ð i c i
ιρλανδόσ	i ɾ l a n ð o s
κάθαρση	k a θ a ɾ s i
καθαρίζεισ	k a θ a ɾ i z i s
καλλιτεχνικών	k a l i t e x n i k o n
καρδούλα	k a ɾ ð u l a
καρναβαλιού	k a ɾ n a v a ʎ u
κατάργησησ	k a t a ɾ ʝ i s i s
κατέβηκα	k a t e v i k a
καταδικάσει	k a t a ð i k a s i
καταφέρατε	k a t a f e ɾ a t e
κατεστραμμένο	k a t e s t ɾ a m e n o
κβαντική	k v a n d i c i
κείνον	c i n o n
κειμήλια	c i m i ʎ a
κιβωτόσ	c i v o t o s
κινητικότητασ	c i n i t i k o t i t a s
κλάρενσ	k l a ɾ e n s
κοινοτική	c i n o t i c i
κολλημένη	k o l i m e n i
κολλημένοσ	k o l i m e n o s
κοπεγχάγη	k o p e ŋ x a ʝ i
κοράνι	k o ɾ a n i
κορόιδα	k o ɾ o i̯ ð a
κουζίνεσ	k u z i n e s
κουσ	k u s
κουταλιού	k u t a ʎ u
κουφόσ	k u f o s
κυβερνήτεσ	c i v e ɾ n i t e s
κυβερνούσε	c i v e ɾ n u s e
κόβετε	k o v e t e
κόσμων	k o z m o n
κύμη	c i m i
κύριων	c i ɾ i o n
λήστεψαν	l i s t e p s a n
λίθουσ	l i θ u s
λαρίσησ	l a ɾ i s i s
λαχείο	l a ç i o
λεκάνησ	l e k a n i s
λοιποί	l i p i
λύκων	l i k o n
μάγουλα	m a ɣ u l a
μίζεσ	m i z e s
μίξερ	m i k s e ɾ
μαζών	m a z o n
μανιακόσ	m a ɲ a k o s
μαρτυρά	m a ɾ t i ɾ a
μαχη	m a ç i
μαχών	m a x o n
μεινε	m i n e
μενέλαοσ	m e n e l a o s
μερικήσ	m e ɾ i c i s
μοναδικού	m o n a ð i k u
μουσ	m u s
μούσκεμα	m u s c e m a
μπένετ	b e n e t
μυρίζεισ	m i ɾ i z i s
νεράιδεσ	n e ɾ a i̯ ð e s
νεύρων	n e v ɾ o n
νησίδα	n i s i ð a
νοιώθεισ	n i o θ i s
νοτιοανατολικήσ	n o t i o a n a t o l i c i s
νόμιμεσ	n o m i m e s
ξαπλωμένοσ	k s a p l o m e n o s
ξηρόσ	k s i ɾ o s
οικ	i k
οικοδομική	i k o ð o m i c i
οκλαχόμα	o k l a x o m a
ολ	o l
ονειρευτεί	o n i ɾ e f t i
ονειρο	o n i ɾ o
πέουσ	p e u s
παγώνει	p a ɣ o n i
πακέτων	p a c e t o n
παλλήνη	p a l i n i
παράνομοι	p a ɾ a n o m i
παραλήρημα	p a ɾ a l i ɾ i m a
παρμπρίζ	p a ɾ b ɾ i z
παρότρυνση	p a ɾ o t ɾ i n s i
πατε	p a t e
πατριδα	p a t ɾ i ð a
πελάτισσα	p e l a t i s a
περιοδείασ	p e ɾ i o ð i a s
περιττή	p e ɾ i t i
πλαστό	p l a s t o
πλατανιάσ	p l a t a ɲ a s
πνίγει	p n i ʝ i
πολεμοσ	p o l e m o s
πουέρτο	p u e ɾ t o
πουθενα	p u θ e n a
πραγματοποιώντασ	p ɾ a ɣ m a t o p i o n d a s
πραξη	p ɾ a k s i
προαιρετικά	p ɾ o e ɾ e t i k a
προβάλλουν	p ɾ o v a l u n
προκόπησ	p ɾ o k o p i s
προοδευτικήσ	p ɾ o o ð e f t i c i s
προστεθούν	p ɾ o s t e θ u n
πρωθυπουργέ	p ɾ o θ i p u ɾ ʝ e
ράμματα	ɾ a m a t a
ρατσιστική	ɾ a t͡s i s t i c i
ρολ	ɾ o l
ρουζ	ɾ u z
σάλκε	s a l c e
σάπια	s a p ç a
σαρκοζί	s a ɾ k o z i
σεπτεμβριου	s e p t e ɱ v ɾ i u
σερβίων	s e ɾ v i o n
σηκωθείτε	s i k o θ i t e
σπέρματοσ	s p e ɾ m a t o s
στέρησε	s t e ɾ i s e
σταθάκησ	s t a θ a c i s
στατική	s t a t i c i
στοκ	s t o k
στρατηγοί	s t ɾ a t i ʝ i
συγκρίνουμε	s i ŋ ɡ ɾ i n u m e
συγκρίσεισ	s i ŋ ɡ ɾ i s i s
συμφώνου	s i ɱ f o n u
συνδυάζονται	s i n ð i a z o n d e
σωστοί	s o s t i
σύνθεσή	s i n θ e s i
σώσεισ	s o s i s
τίρανα	t i ɾ a n a
ταπεινό	t a p i n o
τεκμηρίωσησ	t e k m i ɾ i o s i s
τζάνετ	d͡z a n e t
τηλεοπτικούσ	t i l e o p t i k u s
τρέλασ	t ɾ e l a s
τραυματία	t ɾ a v m a t i a
τριφυλίασ	t ɾ i f i l i a s
τρόπων	t ɾ o p o n
τρώγονται	t ɾ o ɣ o n d e
τυραννία	t i ɾ a n i a
τόνυ	t o n i
τόξα	t o k s a
υπάρχον	i p a ɾ x o n
υπαρκτό	i p a ɾ k t o
υπενθυμίσω	i p e n θ i m i s o
υποδηλώνουν	i p o ð i l o n u n
φαρμακευτικέσ	f a ɾ m a c e f t i c e s
φθίνουσα	f θ i n u s a
φιλελευθερισμόσ	f i l e l e f θ e ɾ i z m o s
φιλικοί	f i l i c i
φιλοξενούν	f i l o k s e n u n
φιλόδοξο	f i l o ð o k s o
φράγκου	f ɾ a ŋ ɡ u
φροντίζεισ	f ɾ o n d i z i s
φτιάχνετε	f t ç a x n e t e
φτιάχνονται	f t ç a x n o n d e
φτιάχνοντασ	f t ç a x n o n d a s
φωτιστικό	f o t i s t i k o
χάντρεσ	x a n d ɾ e s
χαχα	x a x a
χρήσιμοι	x ɾ i s i m i
χρηματιστηρίου	x ɾ i m a t i s t i ɾ i u
χωρίζουμε	x o ɾ i z u m e
χωρίσω	x o ɾ i s o
χωριο	x o ɾ i o
ψυχη	p s i ç i
όφειλε	o f i l e
ώθησε	o θ i s e
άζωτο	a z o t o
άκυρο	a c i ɾ o
άρειο	a ɾ i o
άρνησησ	a ɾ n i s i s
έγκαιρη	e ŋ ɟ e ɾ i
έδειξα	e ð i k s a
ένοχο	e n o x o
έντιμο	e n d i m o
έχοντεσ	e x o n d e s
ήχων	i x o n
αδικίεσ	a ð i c i e s
αεροπλανοφόρο	a e ɾ o p l a n o f o ɾ o
αιτήματοσ	e t i m a t o s
αναγνωρίζεισ	a n a ɣ n o ɾ i z i s
αναδιοργάνωση	a n a ð i o ɾ ɣ a n o s i
ανακαλύψαμε	a n a k a l i p s a m e
αναλυτικό	a n a l i t i k o
αναπτυσσόμενη	a n a p t i s o m e n i
ανδρων	a n ð ɾ o n
αντάρτικο	a n d a ɾ t i k o
αντέλ	a n d e l
αντίστοιχου	a n d i s t i x u
ανταλλαγέσ	a n d a l a ʝ e s
αντιλαμβάνονται	a n d i l a ɱ v a n o n d e
αντιμετωπιστούν	a n d i m e t o p i s t u n
αντιστάθηκε	a n d i s t a θ i c e
αντιστρόφωσ	a n d i s t ɾ o f o s
απελπισίασ	a p e l p i s i a s
αποδράσει	a p o ð ɾ a s i
αποκλειστικότητα	a p o k l i s t i k o t i t a
απολυτήριο	a p o l i t i ɾ i o
αποσπάσεισ	a p o s p a s i s
αποφασισμένη	a p o f a s i z m e n i
αποχώρησησ	a p o x o ɾ i s i s
απόδοσή	a p o ð o s i
απόκτησησ	a p o k t i s i s
αριστουργήματα	a ɾ i s t u ɾ ʝ i m a t a
αρμοδιοτήτων	a ɾ m o ð i o t i t o n
αρπάζει	a ɾ p a z i
ασθενοφόρα	a s θ e n o f o ɾ a
αφελείσ	a f e l i s
βασιλέων	v a s i l e o n
βγαίνοντασ	v ʝ e n o n d a s
βλάστησησ	v l a s t i s i s
βορειοδυτική	v o ɾ i o ð i t i c i
βοσκόσ	v o s k o s
βυζαντινού	v i z a n d i n u
γέρουσ	ʝ e ɾ u s
γίνεστε	ʝ i n e s t e
γνωση	ɣ n o s i
γνώστησ	ɣ n o s t i s
γύριζε	ʝ i ɾ i z e
δέ	ð e
δανίασ	ð a n i a s
δημιουργικό	ð i m i u ɾ ʝ i k o
διαμόρφωσε	ð i̯ a m o ɾ f o s e
διεργασία	ð i e ɾ ɣ a s i a
διευθυντών	ð i e f θ i n d o n
δικέφαλο	ð i c e f a l o
δικαιοδοσίασ	ð i c e o ð o s i a s
δικαστικού	ð i k a s t i k u
διορισμούσ	ð i o ɾ i z m u s
διπλωματίασ	ð i p l o m a t i a s
διπλώματα	ð i p l o m a t a
δούλουσ	ð u l u s
δυναμεισ	ð i n a m i s
δυναστεία	ð i n a s t i a
δύτεσ	ð i t e s
εγκαινίασε	e ŋ ɟ e n i a s e
ειρηνη	i ɾ i n i
εκδίκησησ	e k ð i c i s i s
εκδοτικό	e k ð o t i k o
εκκλησιαστικά	e k l i s i a s t i k a
ελγα	e l ɣ a
ελπίδων	e l p i ð o n
ενεργοί	e n e ɾ ʝ i
ενεργούν	e n e ɾ ɣ u n
ενημερωτικά	e n i m e ɾ o t i k a
εντυπωσιακόσ	e n d i p o s i a k o s
εξελίσσονται	e k s e l i s o n d e
εξελίχθηκαν	e k s e l i x θ i k a n
εξεταστεί	e k s e t a s t i
εξοπλισμών	e k s o p l i z m o n
εορτών	e o ɾ t o n
επέτρεπαν	e p e t ɾ e p a n
επανέρχονται	e p a n e ɾ x o n d e
επαναλάβει	e p a n a l a v i
επαναλαμβάνει	e p a n a l a ɱ v a n i
επαναστάσεισ	e p a n a s t a s i s
επιδείξεισ	e p i ð i k s i s
επιθεώρησησ	e p i θ e o ɾ i s i s
ερασιτεχνική	e ɾ a s i t e x n i c i
ερευνητικών	e ɾ e v n i t i k o n
εσπευσμένα	e s p e v z m e n a
εσφαλμένη	e s f a l m e n i
ετοιμάζουμε	e t i m a z u m e
ετυμηγορία	e t i m i ɣ o ɾ i a
ευτυχισμένεσ	e f t i ç i z m e n e s
ζάλη	z a l i
ηλεκτρισμό	i l e k t ɾ i z m o
ηρεμιστικά	i ɾ e m i s t i k a
θέσουμε	θ e s u m e
θεμελίωση	θ e m e l i o s i
θεολογικήσ	θ e o l o ʝ i c i s
θεωρητικέσ	θ e o ɾ i t i c e s
θησαυροφυλάκιο	θ i s a v ɾ o f i l a c i o
θλίψησ	θ l i p s i s
ιδρώτασ	i ð ɾ o t a s
ιεροσολύμων	i e ɾ o s o l i m o n
ιόντων	i o n d o n
κάθοδο	k a θ o ð o
κάτοχο	k a t o x o
καζάνι	k a z a n i
καθαρήσ	k a θ a ɾ i s
καιρώ	c e ɾ o
καλάθια	k a l a θ ç a
κασέτεσ	k a s e t e s
καταβάλλει	k a t a v a l i
καταδικασμένη	k a t a ð i k a z m e n i
καταλάβαινε	k a t a l a v e n e
καταναλώνεται	k a t a n a l o n e t e
καταναλώνουν	k a t a n a l o n u n
κατασκευάζουν	k a t a s c e v a z u n
κατασκευάστηκαν	k a t a s c e v a s t i k a n
κατασκευασμένεσ	k a t a s c e v a z m e n e s
κατασκευη	k a t a s c e v i
κατείχαν	k a t i x a n
κλειδώσει	k l i ð o s i
κοινωνικη	c i n o n i c i
κορινθία	k o ɾ i n θ i a
κουαρτέτο	k u a ɾ t e t o
κρητικού	k ɾ i t i k u
κριση	k ɾ i s i
κυριο	c i ɾ i o
κόμισσα	k o m i s a
λάβα	l a v a
λεβέντησ	l e v e n d i s
λεξη	l e k s i
λιτό	l i t o
λονδινο	l o n ð i n o
μάνι	m a n i
μεγαλώσεισ	m e ɣ a l o s i s
μεισ	m i s
μελάνια	m e l a ɲ a
μελοσ	m e l o s
μενεγάκη	m e n e ɣ a c i
μεταβλητών	m e t a v l i t o n
μετανιώσεισ	m e t a ɲ o s i s
μετασχηματισμό	m e t a s ç i m a t i z m o
μηχανη	m i x a n i
μοναστηριού	m o n a s t i ɾ ʝ u
μορφωμένοσ	m o ɾ f o m e n o s
μοτοσυκλέτα	m o t o s i k l e t a
μπλουζ	b l u z
μπουτάρη	b u t a ɾ i
μπράτσα	b ɾ a t͡s a
μυλωνάσ	m i l o n a s
μυϊκή	m i i c i
ναπολέοντα	n a p o l e o n d a
νηπιαγωγείου	n i p i a ɣ o ʝ i u
νικητών	n i c i t o n
νοήματα	n o i m a t a
νορβηγίασ	n o ɾ v i ʝ i a s
ντέρεκ	d e ɾ e k
νταλάρα	d a l a ɾ a
ντουλάπεσ	d u l a p e s
ξαπλώστρεσ	k s a p l o s t ɾ e s
ξοδεύουν	k s o ð e v u n
οικειοθελώσ	i c i o θ e l o s
ομοσπονδίεσ	o m o s p o n ð i e s
οπλίτεσ	o p l i t e s
οργανωμένου	o ɾ ɣ a n o m e n u
οργανώνεται	o ɾ ɣ a n o n e t e
ορεκτικά	o ɾ e k t i k a
οσκαρ	o s k a ɾ
οσουσ	o s u s
πάολα	p a o l a
πάρθηκε	p a ɾ θ i c e
πένθουσ	p e n θ u s
παλατιού	p a l a t ç u
παντρεύτηκεσ	p a n d ɾ e f t i c e s
παράνομοσ	p a ɾ a n o m o s
παραβίασησ	p a ɾ a v i a s i s
παραδειγμα	p a ɾ a ð i ɣ m a
παραλήπτη	p a ɾ a l i p t i
παραμένεισ	p a ɾ a m e n i s
παραχώρησησ	p a ɾ a x o ɾ i s i s
περάσατε	p e ɾ a s a t e
περιβαλλον	p e ɾ i v a l o n
περιπολικά	p e ɾ i p o l i k a
περισσεύουν	p e ɾ i s e v u n
περπατήσουμε	p e ɾ p a t i s u m e
περπατούν	p e ɾ p a t u n
πετούσαν	p e t u s a n
πηλό	p i l o
πολιτισμικά	p o l i t i z m i k a
πονηρά	p o n i ɾ a
ποσοστού	p o s o s t u
ποσοτήτων	p o s o t i t o n
πραγματεύεται	p ɾ a ɣ m a t e v e t e
πρι	p ɾ i
προστάτεσ	p ɾ o s t a t e s
πρωταθλητών	p ɾ o t a θ l i t o n
πόθο	p o θ o
πόροσ	p o ɾ o s
ριζική	ɾ i z i c i
ρολά	ɾ o l a
σέρβοσ	s e ɾ v o s
σαύρεσ	s a v ɾ e s
σημειώνονται	s i m i o n o n d e
σιδηροδρομική	s i ð i ɾ o ð ɾ o m i c i
σκοπο	s k o p o
σκότωνε	s k o t o n e
σουλτάνου	s u l t a n u
σοφια	s o f ç a
σπουδάζει	s p u ð a z i
σπόροσ	s p o ɾ o s
στάτουσ	s t a t u s
στέρλινγκ	s t e ɾ l i ŋ ɡ
στήνουν	s t i n u n
στεγνώσει	s t e ɣ n o s i
συγκινήσεισ	s i ŋ ɟ i n i s i s
συγχώνευσησ	s i ŋ x o n e f s i s
συλλαμβάνεται	s i l a ɱ v a n e t e
συμβουλίων	s i ɱ v u l i o n
συμπτώσεισ	s i m p t o s i s
συνέρχεται	s i n e ɾ ç e t e
συνασπισμόσ	s i n a s p i z m o s
συνδικάτα	s i n ð i k a t a
συνειδητή	s i n i ð i t i
συνειδητοποίηση	s i n i ð i t o p i i s i
σχολικού	s x o l i k u
σύστημά	s i s t i m a
ταγίπ	t a ʝ i p
ταξιδιών	t a k s i ð ʝ o n
ταυτοχρόνωσ	t a f t o x ɾ o n o s
τελών	t e l o n
τερματίζει	t e ɾ m a t i z i
τζανακόπουλοσ	d͡z a n a k o p u l o s
τιμήσουν	t i m i s u n
τοξίνεσ	t o k s i n e s
τοποθετημένα	t o p o θ e t i m e n a
τριπλούν	t ɾ i p l u n
υγρασίασ	i ɣ ɾ a s i a s
υορκη	i o ɾ c i
υπαρχηγόσ	i p a ɾ ç i ɣ o s
υπερασπιστούμε	i p e ɾ a s p i s t u m e
υπηρέτη	i p i ɾ e t i
υποδύεται	i p o ð i e t e
υποστήριζαν	i p o s t i ɾ i z a n
φέρνετε	f e ɾ n e t e
φαντάζεται	f a n d a z e t e
φε	f e
φενέρμπαχτσε	f e n e ɾ b a x t͡s e
φθινοπωρινή	f θ i n o p o ɾ i n i
φλώροσ	f l o ɾ o s
φοίβη	f i v i
φοίτηση	f i t i s i
φονιά	f o ɲ a
φούρνοι	f u ɾ n i
φτωχά	f t o x a
φωτίσει	f o t i s i
χάντερ	x a n d e ɾ
χαριλάου	x a ɾ i l a u
χορευτικά	x o ɾ e f t i k a
χορηγίεσ	x o ɾ i ʝ i e s
χτίσουμε	x t i s u m e
χόφμαν	x o f m a n
ψεματα	p s e m a t a
ψυχοπαθήσ	p s i x o p a θ i s
ωκεανούσ	o c e a n u s
όρκουσ	o ɾ k u s
ύδατοσ	i ð a t o s
άθληση	a θ l i s i
άντερλεχτ	a n d e ɾ l e x t
άσχετη	a s ç e t i
έβγαζα	e v ɣ a z a
έκπληκτοσ	e k p l i k t o s
έφευγαν	e f e v ɣ a n
έφτιαχναν	e f t ç a x n a n
ήλθαν	i l θ a n
ήτο	i t o
αγωγούσ	a ɣ o ɣ u s
αδιάφορη	a ð i̯ a f o ɾ i
αδύναμοι	a ð i n a m i
αισθητικέσ	e s θ i t i c e s
ακέραια	a c e ɾ e a
ακολουθίεσ	a k o l u θ i e s
ακτίνασ	a k t i n a s
αλφα	a l f a
αλφαβητική	a l f a v i t i c i
αμερικανικόσ	a m e ɾ i k a n i k o s
ανάστημα	a n a s t i m a
ανάχωμα	a n a x o m a
αναβάθμισησ	a n a v a θ m i s i s
ανανεώσιμεσ	a n a n e o s i m e s
αναχωρήσει	a n a x o ɾ i s i
ανεμογεννήτριεσ	a n e m o ʝ e n i t ɾ i e s
ανιχνευτή	a n i x n e f t i
αντίθετοι	a n d i θ e t i
αντωνία	a n d o n i a
ανύπαρκτο	a n i p a ɾ k t o
ανώμαλο	a n o m a l o
αποκαλυπτικό	a p o k a l i p t i k o
απομακρυσμένο	a p o m a k ɾ i z m e n o
αποσκευών	a p o s c e v o n
αποστάσεων	a p o s t a s e o n
ασιατική	a s i a t i c i
ασκήθηκε	a s c i θ i c e
αστείεσ	a s t i e s
ατε	a t e
αυθεντία	a f θ e n d i a
αυτ	a f t
αυταπάτη	a f t a p a t i
αυτησ	a f t i s
αυτόνομησ	a f t o n o m i s
αφήγησησ	a f i ʝ i s i s
βάπτισμα	v a p t i z m a
βέμπερ	v e m b e ɾ
βαθύτερη	v a θ i t e ɾ i
βασανίζουν	v a s a n i z u n
βι	v i
βιταμίνησ	v i t a m i n i s
βυζαντινά	v i z a n d i n a
γελάσει	ʝ e l a s i
γεννηθείσ	ʝ e n i θ i s
γιατροσ	ʝ a t ɾ o s
γιορτάσει	ʝ o ɾ t a s i
γιορτάσουν	ʝ o ɾ t a s u n
γνήσιοσ	ɣ n i s i o s
γουάλασ	ɣ u a l a s
γυαλιού	ʝ a ʎ u
δάχτυλό	ð a x t i l o
δακρύων	ð a k ɾ i o n
δείπνου	ð i p n u
δημιουργήσετε	ð i m i u ɾ ʝ i s e t e
δημοκρατών	ð i m o k ɾ a t o n
δημου	ð i m u
διέθεταν	ð i e θ e t a n
διαβατήρια	ð i̯ a v a t i ɾ i a
διακόπηκε	ð i̯ a k o p i c e
διαλέξετε	ð i̯ a l e k s e t e
διαμορφώνουν	ð i̯ a m o ɾ f o n u n
διασκευέσ	ð i̯ a s c e v e s
δοκιμάσουν	ð o c i m a s u n
δροσερή	ð ɾ o s e ɾ i
εαρινή	e a ɾ i n i
εγιναν	e ʝ i n a n
εγκληματίασ	e ŋ ɡ l i m a t i a s
εγκληματικότητασ	e ŋ ɡ l i m a t i k o t i t a s
εδαφική	e ð a f i c i
ειδουσ	i ð u s
εκδοσεισ	e k ð o s i s
εκμεταλλευτούν	e k m e t a l e f t u n
εκπαιδεύσει	e k p e ð e f s i
ελευθεριών	e l e f θ e ɾ ʝ o n
ενοχλείσ	e n o x l i s
εντατικά	e n d a t i k a
εντελωσ	e n d e l o s
ενόργανησ	e n o ɾ ɣ a n i s
ενώσεωσ	e n o s e o s
εξάρτημα	e k s a ɾ t i m a
εξώφυλλα	e k s o f i l a
εοφ	e o f
επέβαλαν	e p e v a l a n
επίδειξησ	e p i ð i k s i s
επανέφερε	e p a n e f e ɾ e
επενδύσουν	e p e n ð i s u n
επιβάλλονται	e p i v a l o n d e
επιβλέπει	e p i v l e p i
επιβραδύνει	e p i v ɾ a ð i n i
επιθεση	e p i θ e s i
εφορίασ	e f o ɾ i a s
εχασεσ	e x a s e s
εύθραυστη	e f θ ɾ a f s t i
ζεσταθεί	z e s t a θ i
ζωνών	z o n o n
ηττηθεί	i t i θ i
θαλάμου	θ a l a m u
θαλασσών	θ a l a s o n
κάρεν	k a ɾ e n
κέρδουσ	c e ɾ ð u s
καθαροί	k a θ a ɾ i
καθυστερούν	k a θ i s t e ɾ u n
καλύψουμε	k a l i p s u m e
καντίνα	k a n d i n a
καπνίσω	k a p n i s o
καπωσ	k a p o s
καταστατικού	k a t a s t a t i k u
κατηγορηματικά	k a t i ɣ o ɾ i m a t i k a
κατρούγκαλου	k a t ɾ u ŋ ɡ a l u
κεραμικά	c e ɾ a m i k a
κληρικοί	k l i ɾ i c i
κλιμάκια	k l i m a c a
κοντή	k o n d i
κοπ	k o p
κορωπί	k o ɾ o p i
κουν	k u n
κράτησα	k ɾ a t i s a
κρέμονται	k ɾ e m o n d e
κρατούσα	k ɾ a t u s a
κτίστηκε	k t i s t i c e
κυπρίων	c i p ɾ i o n
κωμικό	k o m i k o
λάζαρο	l a z a ɾ o
λαβύρινθο	l a v i ɾ i n θ o
λεπτομερήσ	l e p t o m e ɾ i s
ληστήσ	l i s t i s
λιθίου	l i θ i u
λόχο	l o x o
μάταιο	m a t e o
μέγιστοσ	m e ʝ i s t o s
μίκι	m i c i
μίμησ	m i m i s
μαζευτείτε	m a z e f t i t e
μαζεύτηκαν	m a z e f t i k a n
μαθήματοσ	m a θ i m a t o s
μακαρίου	m a k a ɾ i u
μανα	m a n a
μανιάτησ	m a ɲ a t i s
μεθυσμένο	m e θ i z m e n o
μελετη	m e l e t i
μελετηθεί	m e l e t i θ i
μεταίχμιο	m e t e x m i o
μεταβολών	m e t a v o l o n
μεταδώσει	m e t a ð o s i
μικρούλα	m i k ɾ u l a
μικρόφωνα	m i k ɾ o f o n a
μιλαμε	m i l a m e
μούρα	m u ɾ a
μπέβερλι	b e v e ɾ l i
μπαλέτου	b a l e t u
μπεσίκτασ	b e s i k t a s
μπόλτον	b o l t o n
μυκήνεσ	m i c i n e s
μόντε	m o n d e
μύτησ	m i t i s
νάρκεσ	n a ɾ c e s
νήσοι	n i s i
ναζιστικά	n a z i s t i k a
νηλ	n i l
ντραμσ	d ɾ a m s
ξανασυμβεί	k s a n a s i ɱ v i
ξυλεία	k s i l i a
οίκοι	i c i
οδηγηθεί	o ð i ʝ i θ i
οικονομικη	i k o n o m i c i
οργάνωσαν	o ɾ ɣ a n o s a n
ορεινών	o ɾ i n o n
οριακό	o ɾ i a k o
οροπέδιο	o ɾ o p e ð i o
ουίλσον	u i l s o n
ού	u
πέφτοντασ	p e f t o n d a s
πίπεσ	p i p e s
πίστασ	p i s t a s
παλινδρόμηση	p a l i n ð ɾ o m i s i
πανελλαδικά	p a n e l a ð i k a
πανούκλα	p a n u k l a
παπακώστα	p a p a k o s t a
παπούλια	p a p u ʎ a
παραβίασε	p a ɾ a v i a s e
παραδίδονται	p a ɾ a ð i ð o n d e
παρακολουθήσουμε	p a ɾ a k o l u θ i s u m e
παρακολουθείται	p a ɾ a k o l u θ i t e
παραχωρεί	p a ɾ a x o ɾ i
παρεμβαίνει	p a ɾ e ɱ v e n i
παρόντα	p a ɾ o n d a
περιορίζουν	p e ɾ i o ɾ i z u n
περιοριστικά	p e ɾ i o ɾ i s t i k a
περλ	p e ɾ l
περπατώ	p e ɾ p a t o
πετούσε	p e t u s e
πετύχετε	p e t i ç e t e
πηγούνι	p i ɣ u n i
πιάσετε	p ç a s e t e
πισίνασ	p i s i n a s
πλευρα	p l e v ɾ a
πλύνεισ	p l i n i s
ποιημάτων	p i i m a t o n
πολυβόλα	p o l i v o l a
πουλάτε	p u l a t e
πούλα	p u l a
προμηθευτήσ	p ɾ o m i θ e f t i s
προσέξεισ	p ɾ o s e k s i s
προσαρμογέσ	p ɾ o s a ɾ m o ʝ e s
προσαρμόζεται	p ɾ o s a ɾ m o z e t e
προσφύγει	p ɾ o s f i ʝ i
πυροβολικού	p i ɾ o v o l i k u
πυροδότησε	p i ɾ o ð o t i s e
ράισ	ɾ a i s
ρουβίκωνα	ɾ u v i k o n a
σάντρα	s a n d ɾ a
σηκώσουμε	s i k o s u m e
σησ	s i s
σθεναρά	s θ e n a ɾ a
σιβηρία	s i v i ɾ i a
σκοπευτέσ	s k o p e f t e s
σοκαριστικό	s o k a ɾ i s t i k o
σπάρτακοσ	s p a ɾ t a k o s
στάθμησ	s t a θ m i s
στερεότυπα	s t e ɾ e o t i p a
στόν	s t o n
συγγραφήσ	s i ŋ ɣ r a f i s
συγκεντρώνουν	s i ŋ ɟ e n d ɾ o n u n
συζητάσ	s i z i t a s
συζητηθεί	s i z i t i θ i
συμπλοκέσ	s i m b l o c e s
συμπολιτών	s i m b o l i t o n
συνάνθρωπο	s i n a n θ ɾ o p o
συνέστησε	s i n e s t i s e
συναντηση	s i n a n d i s i
συνδυάσει	s i n ð i a s i
συνεργάστηκαν	s i n e ɾ ɣ a s t i k a n
συνεχίστηκαν	s i n e ç i s t i k a n
συνοδευόμενοσ	s i n o ð e v o m e n o s
συντηρητικά	s i n d i ɾ i t i k a
συντονιστικό	s i n d o n i s t i k o
συνόδευε	s i n o ð e v e
σύντομοσ	s i n d o m o s
τετραετία	t e t ɾ a e t i a
τεχνικοί	t e x n i c i
τιτλοσ	t i t l o s
τολμηρό	t o l m i ɾ o
τοξότησ	t o k s o t i s
τρίπτυχο	t ɾ i p t i x o
τρίτεσ	t ɾ i t e s
τραβά	t ɾ a v a
τραπεζίτη	t ɾ a p e z i t i
τραυματισμένοσ	t ɾ a v m a t i z m e n o s
τριβή	t ɾ i v i
τροπικό	t ɾ o p i k o
τροχού	t ɾ o x u
υιοθετήθηκε	i o θ e t i θ i c e
υποχωρούν	i p o x o ɾ u n
φέρνουμε	f e ɾ n u m e
φίρμα	f i ɾ m a
φανερή	f a n e ɾ i
φανερώνουν	f a n e ɾ o n u n
φαντάζει	f a n d a z i
φανταζόμουν	f a n d a z o m u n
φανώ	f a n o
φθηνή	f θ i n i
φιδιού	f i ð ʝ u
φοβίεσ	f o v i e s
φορτιστή	f o ɾ t i s t i
φόνου	f o n u
φύρερ	f i ɾ e ɾ
χαλάσουν	x a l a s u n
χαντ	x a n d
χαρτογράφηση	x a ɾ t o ɣ ɾ a f i s i
χορηγήθηκε	x o ɾ i ʝ i θ i c e
χορηγό	x o ɾ i ɣ o
χωρίσεισ	x o ɾ i s i s
ωραιότερο	o ɾ e o t e ɾ o
όγκων	o ŋ ɡ o n
όμηροι	o m i ɾ i
άρπα	a ɾ p a
άσχετοσ	a s ç e t o s
άχρηστεσ	a x ɾ i s t e s
έγκρισή	e ŋ ɡ ɾ i s i
έκτοσ	e k t o s
ένδυσησ	e n ð i s i s
ένταξή	e n d a k s i
ένωσε	e n o s e
έξαλλη	e k s a l i
έπαιξεσ	e p e k s e s
αγαπημένησ	a ɣ a p i m e n i s
αγενήσ	a ʝ e n i s
αγωνιστούν	a ɣ o n i s t u n
αδ	a ð
αδμηε	a ð m i e
αιθουσα	e θ u s a
αισιόδοξοι	e s i o ð o k s i
αιχμήσ	e x m i s
ακουσ	a k u s
ακουω	a k u o
ακυρωθεί	a c i ɾ o θ i
ακύρωσησ	a c i ɾ o s i s
αλλαξε	a l a k s e
αλλοδαπόσ	a l o ð a p o s
αμυντικού	a m i n d i k u
ανέσεισ	a n e s i s
ανέστησ	a n e s t i s
αναζητήσουν	a n a z i t i s u n
ανακαλυφθεί	a n a k a l i f θ i
αναμόρφωση	a n a m o ɾ f o s i
ανελκυστήρα	a n e l c i s t i ɾ a
ανισότητεσ	a n i s o t i t e s
ανιχνευτήσ	a n i x n e f t i s
ανταποκρίθηκε	a n d a p o k ɾ i θ i c e
αξόνων	a k s o n o n
απαλλάξει	a p a l a k s i
απασχολημένοσ	a p a s x o l i m e n o s
απεικονίσεισ	a p i k o n i s i s
απειλήσει	a p i l i s i
απλο	a p l o
αποδείξετε	a p o ð i k s e t e
αποθήκησ	a p o θ i c i s
αποφυλάκιση	a p o f i l a c i s i
αριθμοσ	a ɾ i θ m o s
αριστοφάνη	a ɾ i s t o f a n i
ασήμαντο	a s i m a n d o
ασημί	a s i m i
αυθεντικόσ	a f θ e n d i k o s
αυξανόμενο	a f k s a n o m e n o
αυξημένησ	a f k s i m e n i s
αυστραλόσ	a f s t ɾ a l o s
αυτόπτησ	a f t o p t i s
αφοσιωμένοσ	a f o s i o m e n o s
βάψει	v a p s i
βήχασ	v i x a s
βίβλου	v i v l u
βασιλεύει	v a s i l e v i
βιάσου	v i a s u
βιωσιμότητα	v i o s i m o t i t a
βραδινέσ	v ɾ a ð i n e s
βόρειου	v o ɾ i u
γενέτειρα	ʝ e n e t i ɾ a
γεννητικών	ʝ e n i t i k o n
γεωργικά	ʝ e o ɾ ʝ i k a
γλυκών	ɣ l i k o n
γλυπτική	ɣ l i p t i c i
γραφικόσ	ɣ ɾ a f i k o s
γύρισεσ	ʝ i ɾ i s e s
δέρματα	ð e ɾ m a t a
δεκατρείσ	ð e k a t ɾ i s
δημο	ð i m o
δικαστικόσ	ð i k a s t i k o s
διορία	ð i o ɾ i a
διορίζονται	ð i o ɾ i z o n d e
δοκιμαστεί	ð o c i m a s t i
εκκλήσεισ	e k l i s i s
εμιράτα	e m i ɾ a t a
εξαντλείται	e k s a n d l i t e
εξειδικευμένα	e k s i ð i c e v m e n a
εξυγίανση	e k s i ʝ i a n s i
επαναστατικήσ	e p a n a s t a t i c i s
επενδυτών	e p e n ð i t o n
επικριτέσ	e p i k ɾ i t e s
ερπετά	e ɾ p e t a
ετιέν	e t ç e n
ευάγγελου	e v a ŋ ɟ e l u
ζάρια	z a ɾ ʝ a
ζητούσα	z i t u s a
ζωγράφο	z o ɣ ɾ a f o
ζωτικό	z o t i k o
ηρώ	i ɾ o
θάσο	θ a s o
θεια	θ i a
θηρία	θ i ɾ i a
θυμόταν	θ i m o t a n
ιε	i e
ιερώνυμο	i e ɾ o n i m o
ιούδασ	i u ð a s
ιπτάμενο	i p t a m e n o
κάμψη	k a m p s i
κήποι	c i p i
καβάφη	k a v a f i
καβγάσ	k a v ɣ a s
καλύτερά	k a l i t e ɾ a
καντάφι	k a n d a f i
καούν	k a u n
καταπληκτικόσ	k a t a p l i k t i k o s
καταφύγει	k a t a f i ʝ i
κατηγορούμενουσ	k a t i ɣ o ɾ u m e n u s
κεντρώων	c e n d ɾ o o n
κιθαρίστασ	c i θ a ɾ i s t a s
κοέν	k o e n
κοινοβουλευτικό	c i n o v u l e f t i k o
κολλητοί	k o l i t i
κομμουνιστικήσ	k o m u n i s t i c i s
κράνη	k ɾ a n i
κρητησ	k ɾ i t i s
κτήνη	k t i n i
κυνηγών	c i n i ɣ o n
κυπαρισσία	c i p a ɾ i s i a
κυπελλούχοσ	c i p e l u x o s
κόντρεσ	k o n d ɾ e s
κώλου	k o l u
λέρου	l e ɾ u
λίγκασ	l i ŋ ɡ a s
λατρεύεισ	l a t ɾ e v i s
λευκο	l e f k o
λοβέρδοσ	l o v e ɾ ð o s
λογιστικά	l o ʝ i s t i k a
λοχίασ	l o ç i a s
λόφοσ	l o f o s
μαγισσών	m a ʝ i s o n
μακεδονικόσ	m a c e ð o n i k o s
μανάδεσ	m a n a ð e s
μαύρισμα	m a v ɾ i z m a
μελετήσουμε	m e l e t i s u m e
μεμονωμένεσ	m e m o n o m e n e s
μετάνοια	m e t a n i a
μετακομίσεισ	m e t a k o m i s i s
μετανάστη	m e t a n a s t i
μοιράσει	m i ɾ a s i
μοιραστείτε	m i ɾ a s t i t e
νεοναζί	n e o n a z i
νεότητασ	n e o t i t a s
νικήτασ	n i c i t a s
νοικοκυρέσ	n i k o c i ɾ e s
νοσηλευτέσ	n o s i l e f t e s
ντρέπεστε	d ɾ e p e s t e
ντόμινο	d o m i n o
οδεύει	o ð e v i
οδυνηρό	o ð i n i ɾ o
οικισμοί	i c i z m i
οικοσυστήματα	i k o s i s t i m a t a
ολλανδοί	o l a n ð i
ομ	o m
ορίζοντεσ	o ɾ i z o n d e s
ορεινέσ	o ɾ i n e s
ορεινήσ	o ɾ i n i s
ορυκτών	o ɾ i k t o n
παλαιστίνησ	p a l e s t i n i s
παπάρια	p a p a ɾ ʝ a
παραμυθιού	p a ɾ a m i θ ç u
παραχωρήσεισ	p a ɾ a x o ɾ i s i s
πεινασμένοσ	p i n a z m e n o s
πειράζουν	p i ɾ a z u n
περιείχαν	p e ɾ i i x a n
περιλαμβανομένων	p e ɾ i l a ɱ v a n o m e n o n
περιορισμένα	p e ɾ i o ɾ i z m e n a
περιορισμένοσ	p e ɾ i o ɾ i z m e n o s
περπάτησε	p e ɾ p a t i s e
πιτζάμεσ	p i d͡z a m e s
πλάτωνασ	p l a t o n a s
πλωτό	p l o t o
πολυκατοικίεσ	p o l i k a t i c i e s
πούστησ	p u s t i s
πρίγκιπεσ	p ɾ i ŋ ɟ i p e s
πρασίνου	p ɾ a s i n u
πρεσβύτεροσ	p ɾ e z v i t e ɾ o s
προετοιμάζονται	p ɾ o e t i m a z o n d e
προκηρύξεισ	p ɾ o c i ɾ i k s i s
προσέθεσε	p ɾ o s e θ e s e
προσβάσιμο	p ɾ o z v a s i m o
προσβληθεί	p ɾ o z v l i θ i
προτίμησησ	p ɾ o t i m i s i s
πρωτ	p ɾ o t
πρωτοσ	p ɾ o t o s
πρωτοφανή	p ɾ o t o f a n i
πσ	p s
ρήση	ɾ i s i
ρεαλιστικό	ɾ e a l i s t i k o
ρεξ	ɾ e k s
ρετρό	ɾ e t ɾ o
σίδηροσ	s i ð i ɾ o s
σίμοσ	s i m o s
σίντι	s i n d i
σεγασ	s e ɣ a s
σεφέρησ	s e f e ɾ i s
σημειώσω	s i m i o s o
σθένοσ	s θ e n o s
σκλάβων	s k l a v o n
σπουδή	s p u ð i
στέγασησ	s t e ɣ a s i s
στίβενσ	s t i v e n s
στερεών	s t e ɾ e o n
στυλιανού	s t i ʎ a n u
στύση	s t i s i
συγγράμματα	s i ŋ ɣ r a m a t a
συγκλόνισε	s i ŋ ɡ l o n i s e
συναδέλφων	s i n a ð e l f o n
συναντάει	s i n a n d a i
συναρπαστικά	s i n a ɾ p a s t i k a
συνοδηγού	s i n o ð i ɣ u
συρ	s i ɾ
συστάθηκε	s i s t a θ i c e
συστήσει	s i s t i s i
σφάλματοσ	s f a l m a t o s
σύναξη	s i n a k s i
ταξιδεύεισ	t a k s i ð e v i s
τηλεπικοινωνίεσ	t i l e p i c i n o n i e s
τοίχωμα	t i x o m a
τονίζεται	t o n i z e t e
τουρκια	t u ɾ c a
τράβηξα	t ɾ a v i k s a
τρένων	t ɾ e n o n
τρέξε	t ɾ e k s e
τρομερέσ	t ɾ o m e ɾ e s
τροφοδοτείται	t ɾ o f o ð o t i t e
υβριδικό	i v ɾ i ð i k o
υλοποιήθηκε	i l o p i i θ i c e
υπέρτατη	i p e ɾ t a t i
υπερασπίστηκε	i p e ɾ a s p i s t i c e
υπεύθυνεσ	i p e f θ i n e s
υπολόγισε	i p o l o ʝ i s e
φιλη	f i l i
φονιάδεσ	f o ɲ a ð e s
φούρνουσ	f u ɾ n u s
χίλιουσ	ç i ʎ u s
χαριτωμένα	x a ɾ i t o m e n a
χαρούμενεσ	x a ɾ u m e n e s
χασίσ	x a s i s
χατζή	x a d͡z i
χειριστή	ç i ɾ i s t i
χειρονομίεσ	ç i ɾ o n o m i e s
χλωρίδασ	x l o ɾ i ð a s
χωρίο	x o ɾ i o
όαση	o a s i
άγριων	a ɣ ɾ i o n
άλλαζα	a l a z a
άλλαζαν	a l a z a n
άξιον	a k s i o n
άπλυτα	a p l i t a
άπλωσε	a p l o s e
άρωμά	a ɾ o m a
άφηνα	a f i n a
έγκυεσ	e ŋ ɟ i e s
έκο	e k o
έτερο	e t e ɾ o
αβεβαιότητασ	a v e v e o t i t a s
αγκάθι	a ŋ ɡ a θ i
αγνοούν	a ɣ n o u n
αιγύπτιοι	e ʝ i p t i i
αιχμαλωσία	e x m a l o s i a
ακτίνων	a k t i n o n
αμοιβήσ	a m i v i s
ανέβασαν	a n e v a s a n
αναβαθμίσεισ	a n a v a θ m i s i s
αναθέσεισ	a n a θ e s i s
αναρτήθηκε	a n a ɾ t i θ i c e
ανατέλλει	a n a t e l i
ανδρικού	a n ð ɾ i k u
ανταγωνιστικότητα	a n d a ɣ o n i s t i k o t i t a
αντισταθούν	a n d i s t a θ u n
αντωνοπούλου	a n d o n o p u l u
αξιόπιστοσ	a k s i o p i s t o s
απαγορεύουν	a p a ɣ o ɾ e v u n
απαλή	a p a l i
απειλώντασ	a p i l o n d a s
αποδοθούν	a p o ð o θ u n
αποδοχέσ	a p o ð o ç e s
αποκάλυψαν	a p o k a l i p s a n
αποκαλυπτική	a p o k a l i p t i c i
αποκλίσεισ	a p o k l i s i s
απομακρυσμένη	a p o m a k ɾ i z m e n i
απομακρύνθηκε	a p o m a k ɾ i n θ i c e
αποτυγχάνει	a p o t i ŋ x a n i
αποφοίτων	a p o f i t o n
αργυρούπολη	a ɾ ʝ i ɾ u p o l i
αριθμεί	a ɾ i θ m i
αρχαιότερο	a ɾ ç e o t e ɾ o
ασχολήθηκαν	a s x o l i θ i k a n
ασχοληθείσ	a s x o l i θ i s
αυθαίρετη	a f θ e ɾ e t i
αυτογνωσία	a f t o ɣ n o s i a
αυτοκριτική	a f t o k ɾ i t i c i
αφέθηκαν	a f e θ i k a n
αφηγητήσ	a f i ʝ i t i s
βαροσ	v a ɾ o s
βιολογικήσ	v i o l o ʝ i c i s
βιολογικόσ	v i o l o ʝ i k o s
βιομηχανικού	v i o m i x a n i k u
βραστό	v ɾ a s t o
βρεγμένα	v ɾ e ɣ m e n a
βρύσησ	v ɾ i s i s
βύθιση	v i θ i s i
γάμησέ	ɣ a m i s e
γαλακτοκομικά	ɣ a l a k t o k o m i k a
γονέα	ɣ o n e a
γραμματόσημο	ɣ ɾ a m a t o s i m o
γραφήματα	ɣ ɾ a f i m a t a
γρηγοριάδησ	ɣ ɾ i ɣ o ɾ ʝ a ð i s
γύρα	ʝ i ɾ a
δελφούσ	ð e l f u s
δεξαμενήσ	ð e k s a m e n i s
δηλώσετε	ð i l o s e t e
διαβαστεί	ð i̯ a v a s t i
διαδραματίζεται	ð i̯ a ð ɾ a m a t i z e t e
διακόπτεσ	ð i̯ a k o p t e s
διαλεκτική	ð i̯ a l e k t i c i
διαπραγματεύεται	ð i̯ a p ɾ a ɣ m a t e v e t e
δωράκια	ð o ɾ a c a
είπανε	i p a n e
εγκληματία	e ŋ ɡ l i m a t i a
εγκρίνεται	e ŋ ɡ ɾ i n e t e
εθισμένοσ	e θ i z m e n o s
εθνικοί	e θ n i c i
εικαστικόσ	i k a s t i k o s
εκθέσει	e k θ e s i
εκπληξη	e k p l i k s i
εκτίμησε	e k t i m i s e
εμπνεύστηκε	e m b n e f s t i c e
εμποδίων	e m b o ð i o n
ενάμισι	e n a m i s i
ενεργειακά	e n e ɾ ʝ i a k a
εντοπισμόσ	e n d o p i z m o s
ενώσουμε	e n o s u m e
εξασφαλιστεί	e k s a s f a l i s t i
εξειδικευμένεσ	e k s i ð i c e v m e n e s
επίκουροσ	e p i k u ɾ o s
επιβάλουν	e p i v a l u n
επικοινωνούμε	e p i c i n o n u m e
επισκεφτείτε	e p i s c e f t i t e
επιστραφεί	e p i s t ɾ a f i
ερασιτεχνικά	e ɾ a s i t e x n i k a
εργολάβοσ	e ɾ ɣ o l a v o s
ευθείαν	e f θ i a n
ζεστέσ	z e s t e s
ηλιόπουλοσ	i ʎ o p u l o s
ηπείρουσ	i p i ɾ u s
θάφτηκε	θ a f t i c e
θαύματοσ	θ a v m a t o s
θεματικό	θ e m a t i k o
θηλέων	θ i l e o n
θύματά	θ i m a t a
ινσουλίνη	i n s u l i n i
ισορροπημένη	i s o ɾ o p i m e n i
ισραηλινών	i s ɾ a i l i n o n
κάθετο	k a θ e t o
κάλλασ	k a l a s
καθηγητησ	k a θ i ʝ i t i s
καλύμνου	k a l i m n u
κανονισμού	k a n o n i z m u
καντε	k a n d e
κατανοήσουμε	k a t a n o i s u m e
κατατάσσονται	k a t a t a s o n d e
κατηγορείτε	k a t i ɣ o ɾ i t e
καχυποψία	k a ç i p o p s i a
κεντροαριστεράσ	c e n d ɾ o a ɾ i s t e ɾ a s
κινέζο	c i n e z o
κλειδαριέσ	k l i ð a ɾ ʝ e s
κλιμα	k l i m a
κοιλιακούσ	c i ʎ a k u s
κοροϊδία	k o ɾ o i̯ ð i a
κορυφαίασ	k o ɾ i f e a s
κουζινα	k u z i n a
κοψίματα	k o p s i m a t a
κρυφτό	k ɾ i f t o
κρύοσ	k ɾ i o s
κυνηγούσε	c i n i ɣ u s e
κυτταρική	c i t a ɾ i c i
κόλασησ	k o l a s i s
κόσμε	k o z m e
κύμησ	c i m i s
λίλη	l i l i
λαρισα	l a ɾ i s a
λειτούργησαν	l i t u ɾ ʝ i s a n
λεόν	l e o n
λιβάνου	l i v a n u
λιωμένο	ʎ o m e n o
λούσιμο	l u s i m o
λόρεν	l o ɾ e n
μάντησ	m a n d i s
μέμφισ	m e ɱ f i s
μέντα	m e n d a
μαθητείασ	m a θ i t i a s
μαρκόπουλοσ	m a ɾ k o p u l o s
μειονότητεσ	m i o n o t i t e s
μειοψηφίασ	m i o p s i f i a s
μεταλλικών	m e t a l i k o n
μετασχηματισμόσ	m e t a s ç i m a t i z m o s
μεταφραστεί	m e t a f ɾ a s t i
μικροσκοπική	m i k ɾ o s k o p i c i
μολύνει	m o l i n i
μουσουλμάνοσ	m u s u l m a n o s
μπακσ	b a k s
μπαμπασ	b a b a s
μπλόκαρε	b l o k a ɾ e
μόρισ	m o ɾ i s
νεεσ	n e e s
νιούμαν	ɲ u m a n
νοιάζουν	ɲ a z u n
ντακότα	d a k o t a
ξαπλώσω	k s a p l o s o
ξεκαθάρισμα	k s e k a θ a ɾ i z m a
ξεχασμένα	k s e x a z m e n a
οδικώσ	o ð i k o s
οδοσ	o ð o s
ολοκλήρωσαν	o l o k l i ɾ o s a n
ολοκληρωμένα	o l o k l i ɾ o m e n a
ορέστη	o ɾ e s t i
ουρλιάζουν	u ɾ ʎ a z u n
ουσ	u s
πήρανε	p i ɾ a n e
παγκοσμιοποίησησ	p a ŋ ɡ o z m i o p i i s i s
παλαμάσ	p a l a m a s
πανέμορφοσ	p a n e m o ɾ f o s
παπ	p a p
παράμετροι	p a ɾ a m e t ɾ i
παράτα	p a ɾ a t a
παραγωγικότητα	p a ɾ a ɣ o ʝ i k o t i t a
παραδώσουμε	p a ɾ a ð o s u m e
παρτενέρ	p a ɾ t e n e ɾ
πατάτε	p a t a t e
πειρασμόσ	p i ɾ a z m o s
περασε	p e ɾ a s e
περιμενει	p e ɾ i m e n i
περιοδείεσ	p e ɾ i o ð i e s
περπατάτε	p e ɾ p a t a t e
πετρώματα	p e t ɾ o m a t a
πολυβόλο	p o l i v o l o
πράγματά	p ɾ a ɣ m a t a
πραγματοποιήσουν	p ɾ a ɣ m a t o p i i s u n
προέβλεψε	p ɾ o e v l e p s e
προτείνεισ	p ɾ o t i n i s
πρωταρχική	p ɾ o t a ɾ ç i c i
πυροσβεστών	p i ɾ o z v e s t o n
ρεθύμνησ	ɾ e θ i m n i s
ρισκάρει	ɾ i s k a ɾ i
ρουφ	ɾ u f
ρουφάει	ɾ u f a i
ρυθμοί	ɾ i θ m i
σατέν	s a t e n
σκοπεύουν	s k o p e v u n
σοβαρήσ	s o v a ɾ i s
σοβαρού	s o v a ɾ u
σοκάρει	s o k a ɾ i
σουπερμάρκετ	s u p e ɾ m a ɾ c e t
σπηλαίων	s p i l e o n
στέκια	s t e c a
στήσουν	s t i s u n
σταθερού	s t a θ e ɾ u
σταματούσε	s t a m a t u s e
στασιμότητα	s t a s i m o t i t a
στομα	s t o m a
συγχωρείτε	s i ŋ x o ɾ i t e
συλλαλητήρια	s i l a l i t i ɾ i a
συμφωνήσουν	s i ɱ f o n i s u n
συνηθωσ	s i n i θ o s
συνολο	s i n o l o
συντηρεί	s i n d i ɾ i
συντονιστήσ	s i n d o n i s t i s
συριζανελ	s i ɾ i z a n e l
συστήνει	s i s t i n i
τάουν	t a u n
τακτικού	t a k t i k u
ταξιδέψω	t a k s i ð e p s o
ταχυδρομική	t a ç i ð ɾ o m i c i
τιμηθεί	t i m i θ i
τρέχον	t ɾ e x o n
τραβάμε	t ɾ a v a m e
τραπεζικού	t ɾ a p e z i k u
τραυματισμοί	t ɾ a v m a t i z m i
τρελάθηκε	t ɾ e l a θ i c e
τροία	t ɾ i a
τροχιάσ	t ɾ o ç a s
τσίμπημα	t͡s i m b i m a
υπαίθρια	i p e θ ɾ i a
υπηρετούσε	i p i ɾ e t u s e
υποκειμενική	i p o c i m e n i c i
υποστηρίζονται	i p o s t i ɾ i z o n d e
υπόδειξη	i p o ð i k s i
υψοσ	i p s o s
φιάλεσ	f ç a l e s
φοριέται	f o ɾ ʝ e t e
φρόνιμα	f ɾ o n i m a
φωνάξει	f o n a k s i
φωνη	f o n i
χάνιμπαλ	x a n i b a l
χαμηλόσ	x a m i l o s
χαμογελάστε	x a m o ʝ e l a s t e
χειριστέσ	ç i ɾ i s t e s
χειροβομβίδα	ç i ɾ o v o ɱ v i ð a
χετε	ç e t e
χορηγηθεί	x o ɾ i ʝ i θ i
χορογραφία	x o ɾ o ɣ ɾ a f i a
χτίζουν	x t i z u n
χυθεί	ç i θ i
ψυχογιόσ	p s i x o ʝ o s
όγδοο	o ɣ ð o o
όραμά	o ɾ a m a
όρμο	o ɾ m o
άνθρωπό	a n θ ɾ o p o
άφιξησ	a f i k s i s
έβερεστ	e v e ɾ e s t
ένοχη	e n o ç i
έξοδό	e k s o ð o
έπιπλο	e p i p l o
έτει	e t i
αίθριο	e θ ɾ i o
αβέβαιο	a v e v e o
αβραμόπουλοσ	a v ɾ a m o p u l o s
αγγίξεισ	a ŋ ɟ i k s i s
αγγελοσ	a ŋ ɟ e l o s
ακουσεσ	a k u s e s
αλέκο	a l e k o
αλγόριθμοι	a l ɣ o ɾ i θ m i
αληθινήσ	a l i θ i n i s
αλλεπάλληλεσ	a l e p a l i l e s
αλλων	a l o n
αμερικάνικησ	a m e ɾ i k a n i c i s
ανάπλαση	a n a p l a s i
αναζητείται	a n a z i t i t e
αναπηρίασ	a n a p i ɾ i a s
αναπνευστική	a n a p n e f s t i c i
αναρχικούσ	a n a ɾ ç i k u s
αναρχικόσ	a n a ɾ ç i k o s
αναφορα	a n a f o ɾ a
αντίστοιχησ	a n d i s t i ç i s
αντιδράσουν	a n d i ð ɾ a s u n
αντιμετώπιζαν	a n d i m e t o p i z a n
αντωνιάδησ	a n d o ɲ a ð i s
ανώτατοσ	a n o t a t o s
αξίζουμε	a k s i z u m e
αξιολογηση	a k s i o l o ʝ i s i
απέδειξαν	a p e ð i k s a n
απαγορεύσεισ	a p a ɣ o ɾ e f s i s
απασχόλησε	a p a s x o l i s e
αποβλήθηκε	a p o v l i θ i c e
αποδείξεων	a p o ð i k s e o n
αποκλείστηκαν	a p o k l i s t i k a n
απορρίπτουν	a p o ɾ i p t u n
αποτραπεί	a p o t ɾ a p i
αραβικό	a ɾ a v i k o
αργείσ	a ɾ ʝ i s
αργότερο	a ɾ ɣ o t e ɾ o
αρμονίασ	a ɾ m o n i a s
αρνάκι	a ɾ n a c i
αρχιμανδρίτη	a ɾ ç i m a n ð ɾ i t i
ασάφεια	a s a f i a
αστρονομίασ	a s t ɾ o n o m i a s
αυτοκινητιστικό	a f t o c i n i t i s t i k o
αφανισμό	a f a n i z m o
αφηστε	a f i s t e
βίβιαν	v i v i a n
βαλκανική	v a l k a n i c i
βαρσοβία	v a ɾ s o v i a
βασιλικά	v a s i l i k a
βιάσει	v i a s i
βλέψεισ	v l e p s i s
βον	v o n
βούδασ	v u ð a s
βρίζεισ	v ɾ i z i s
γειτονικά	ʝ i t o n i k a
γεμίσουμε	ʝ e m i s u m e
γεννημένη	ʝ e n i m e n i
γεννούν	ʝ e n u n
γώ	ɣ o
δίμηνο	ð i m i n o
δίστασε	ð i s t a s e
δεκτέσ	ð e k t e s
δημοσιο	ð i m o s i o
διαγράφει	ð i̯ a ɣ ɾ a f i
διαλείμματα	ð i̯ a l i m a t a
διαψεύδει	ð i̯ a p s e v ð i
διστόμου	ð i s t o m u
δολλάρια	ð o l a ɾ ʝ a
δούλεψαν	ð u l e p s a n
δούναβη	ð u n a v i
δυσπιστία	ð i s p i s t i a
δόμησησ	ð o m i s i s
εισφοράσ	i s f o ɾ a s
εκπληκτικόσ	e k p l i k t i k o s
εκπροσωπείται	e k p ɾ o s o p i t e
ελέγχεισ	e l e ŋ ç i s
ελαίου	e l e u
ελεγχο	e l e ŋ x o
εμπιστευτείτε	e m b i s t e f t i t e
ενδύματα	e n ð i m a t a
ενισχυμένη	e n i s ç i m e n i
εξήγησα	e k s i ʝ i s a
εξαλείψει	e k s a l i p s i
εξομολογηθώ	e k s o m o l o ʝ i θ o
επίλογοσ	e p i l o ɣ o s
επίσημων	e p i s i m o n
επηρέασαν	e p i ɾ e a s a n
επιλέξετε	e p i l e k s e t e
επιτύχουν	e p i t i x u n
ερήμην	e ɾ i m i n
εργάζονταν	e ɾ ɣ a z o n d a n
εργάστηκαν	e ɾ ɣ a s t i k a n
ερωτηματικά	e ɾ o t i m a t i k a
ευαγγέλια	e v a ŋ ɟ e ʎ a
ευαισθησίεσ	e v e s θ i s i e s
ευριπίδησ	e v ɾ i p i ð i s
ζεί	z i
ζητηθεί	z i t i θ i
ηλεκτρολόγοσ	i l e k t ɾ o l o ɣ o s
ηρεμα	i ɾ e m a
ηρωικό	i ɾ o i k o
ησαπ	i s a p
θέλανε	θ e l a n e
θέλησα	θ e l i s a
θίασοσ	θ i a s o s
θαμμένοσ	θ a m e n o s
θανατο	θ a n a t o
θελήσεισ	θ e l i s i s
θεραπευτήσ	θ e ɾ a p e f t i s
θνησιμότητασ	θ n i s i m o t i t a s
θρηνεί	θ ɾ i n i
ιδεολογικό	i ð e o l o ʝ i k o
ισ	i s
ισραηλινόσ	i s ɾ a i l i n o s
καθεξήσ	k a θ e k s i s
κακοκαιρίασ	k a k o c e ɾ i a s
καμένα	k a m e n a
καμμια	k a m ɲ a
καναμε	k a n a m e
κανονικού	k a n o n i k u
καπιταλιστική	k a p i t a l i s t i c i
καποδιστριακό	k a p o ð i s t ɾ i a k o
καρπών	k a ɾ p o n
κατάμουτρα	k a t a m u t ɾ a
καταδικασμένοσ	k a t a ð i k a z m e n o s
κατακραυγή	k a t a k ɾ a v ʝ i
καταλαβαινεισ	k a t a l a v e n i s
κατεβείτε	k a t e v i t e
κατηγορια	k a t i ɣ o ɾ ʝ a
κεντροαριστερά	c e n d ɾ o a ɾ i s t e ɾ a
κηρύσσει	c i ɾ i s i
κινητοποιήσεων	c i n i t o p i i s e o n
κλήρωσησ	k l i ɾ o s i s
κλειδιού	k l i ð ʝ u
κοιμόμουν	c i m o m u n
κοινοί	c i n i
κοινοτικήσ	c i n o t i c i s
κομματιού	k o m a t ç u
κρίκοσ	k ɾ i k o s
κρύεσ	k ɾ i e s
κρύφτηκε	k ɾ i f t i c e
λεγόμενησ	l e ɣ o m e n i s
λειτουργικέσ	l i t u ɾ ʝ i c e s
μέλιτοσ	m e l i t o s
μέλλουσα	m e l u s a
μαριονέτα	m a ɾ i o n e t a
ματθαίοσ	m a t θ e o s
μεταλλάξεισ	m e t a l a k s i s
μετρήσουμε	m e t ɾ i s u m e
μικτά	m i k t a
μιλγουόκι	m i l ɣ u o c i
μισθοφόροσ	m i s θ o f o ɾ o s
μολυσμένο	m o l i z m e n o
μοσχάτο	m o s x a t o
μούχλα	m u x l a
μπάχαλο	b a x a l o
μπέρδεμα	b e ɾ ð e m a
μπαταρίασ	b a t a ɾ i a s
μπλέξεισ	b l e k s i s
μπλοκάρουν	b l o k a ɾ u n
μπουγάδα	b u ɣ a ð a
μυελό	m i e l o
νάναι	n a n e
νέφοσ	n e f o s
νίκολα	n i k o l a
νιώσουμε	ɲ o s u m e
νομοσχεδίου	n o m o s ç e ð i u
ντόνα	d o n a
νόρισ	n o ɾ i s
ξαδέλφη	k s a ð e l f i
ξαναλέω	k s a n a l e o
ξεκάθαροσ	k s e k a θ a ɾ o s
οικο	i k o
οικοδέσποινα	i k o ð e s p i n a
οικοδομικά	i k o ð o m i k a
ολυμπιονίκη	o l i m b i o n i c i
ορφανόσ	o ɾ f a n o s
ουεφα	u e f a
πάφοσ	p a f o s
πέσετε	p e s e t e
παιδαγωγικήσ	p e ð a ɣ o ʝ i c i s
παλάτια	p a l a t ç a
παράσχει	p a ɾ a s ç i
παραδέχονται	p a ɾ a ð e x o n d e
παραπέμπουν	p a ɾ a p e m b u n
παραπονιέται	p a ɾ a p o ɲ e t e
παραχωρηθεί	p a ɾ a x o ɾ i θ i
παρυφέσ	p a ɾ i f e s
πείραζε	p i ɾ a z e
πειραμάτων	p i ɾ a m a t o n
περιουσιακών	p e ɾ i u s i a k o n
περπατά	p e ɾ p a t a
πληθυσμοί	p l i θ i z m i
πληροφοριακά	p l i ɾ o f o ɾ i a k a
πλοιο	p l i o
πολιτισμικέσ	p o l i t i z m i c e s
πολλού	p o l u
προβλέπονται	p ɾ o v l e p o n d e
προεδρείου	p ɾ o e ð ɾ i u
προφορικά	p ɾ o f o ɾ i k a
προφύλαξη	p ɾ o f i l a k s i
πρωϊνό	p ɾ o i n o
πτέρυγασ	p t e ɾ i ɣ a s
πυλώνεσ	p i l o n e s
ράβδο	ɾ a v ð o
ράντι	ɾ a n d i
ρήξησ	ɾ i k s i s
ραγδαίεσ	ɾ a ɣ ð e e s
ρεαλισμόσ	ɾ e a l i z m o s
σάκο	s a k o
σήκωσα	s i k o s a
σίτιση	s i t i s i
σαλ	s a l
σημα	s i m a
σημειωτέον	s i m i o t e o n
σκαρφάλωσε	s k a ɾ f a l o s e
σκλάβα	s k l a v a
σοκολατάκια	s o k o l a t a c a
σοπράνο	s o p ɾ a n o
σπανούλησ	s p a n u l i s
σπονδυλικήσ	s p o n ð i l i c i s
σποραδικέσ	s p o ɾ a ð i c e s
στάλθηκαν	s t a l θ i k a n
σταδίων	s t a ð i o n
σταντ	s t a n d
στεγάζει	s t e ɣ a z i
στοιχίσει	s t i ç i s i
συγκεντρώνεται	s i ŋ ɟ e n d ɾ o n e t e
συνήθιζαν	s i n i θ i z a n
συναντούμε	s i n a n d u m e
συνθέτει	s i n θ e t i
συνθετική	s i n θ e t i c i
συνομωσία	s i n o m o s i a
συνταγματικήσ	s i n d a ɣ m a t i c i s
σχημα	s ç i m a
σωστούσ	s o s t u s
σύνταξή	s i n d a k s i
τήνοσ	t i n o s
τακτικών	t a k t i k o n
ταμειο	t a m i o
ταχύτερη	t a ç i t e ɾ i
τεχνολογικήσ	t e x n o l o ʝ i c i s
τζίρο	d͡z i ɾ o
τζόελ	d͡z o e l
τιμάται	t i m a t e
τοποθετηθούν	t o p o θ e t i θ u n
τριαντάφυλλοσ	t ɾ i a n d a f i l o s
τρομοκρατικών	t ɾ o m o k ɾ a t i k o n
τροφοδοτεί	t ɾ o f o ð o t i
τροχαίου	t ɾ o ç e u
τσίχλεσ	t͡s i x l e s
τσιράκια	t͡s i ɾ a c a
τόκουσ	t o k u s
υπερασπιστέσ	i p e ɾ a s p i s t e s
υπεροχο	i p e ɾ o x o
υψηλούσ	i p s i l u s
φανταζόταν	f a n d a z o t a n
φθάνοντασ	f θ a n o n d a s
φιλοξενούσε	f i l o k s e n u s e
φράγματοσ	f ɾ a ɣ m a t o s
χατζήσ	x a d͡z i s
χημικήσ	ç i m i c i s
χορέψει	x o ɾ e p s i
χρυσο	x ɾ i s o
χρωστάνε	x ɾ o s t a n e
ύδρασ	i ð ɾ a s
ύμνοι	i m n i
άκυρη	a c i ɾ i
άρνολντ	a ɾ n o l d
άτακτη	a t a k t i
έζησεσ	e z i s e s
έλενασ	e l e n a s
έλκοσ	e l k o s
έρωσ	e ɾ o s
αγαπιόμαστε	a ɣ a p ç o m a s t e
αγιασμόσ	a ʝ a z m o s
αγοράκια	a ɣ o ɾ a c a
αδιάφορα	a ð i̯ a f o ɾ a
αδύναμα	a ð i n a m a
αθάνατο	a θ a n a t o
αθλημάτων	a θ l i m a t o n
ακίνητησ	a c i n i t i s
ακουσει	a k u s i
ακρη	a k ɾ i
αλλαξει	a l a k s i
αμάρτημα	a m a ɾ t i m a
αμερικάνικα	a m e ɾ i k a n i k a
ανάδειξησ	a n a ð i k s i s
αναγκάζουν	a n a ŋ ɡ a z u n
αναγκαίεσ	a n a ŋ ɟ e e s
αναδείχθηκαν	a n a ð i x θ i k a n
αναζητούσε	a n a z i t u s e
ανηψιά	a n i p s ç a
ανθρωπάκια	a n θ ɾ o p a c a
ανικανότητασ	a n i k a n o t i t a s
αντικατάστασή	a n d i k a t a s t a s i
αντιτίθεται	a n d i t i θ e t e
ανωτάτου	a n o t a t u
αξιοθέατο	a k s i o θ e a t o
αξιόπιστα	a k s i o p i s t a
αξιόπιστεσ	a k s i o p i s t e s
απέσυρε	a p e s i ɾ e
απασχολούσε	a p a s x o l u s e
απείλησαν	a p i l i s a n
απηύθυνε	a p i f θ i n e
αποδεκτέσ	a p o ð e k t e s
αποζημίωσησ	a p o z i m i o s i s
αποκλειστικα	a p o k l i s t i k a
αποστολίδησ	a p o s t o l i ð i s
αποτυπώνεται	a p o t i p o n e t e
απριλιου	a p ɾ i ʎ u
απρόσμενη	a p ɾ o z m e n i
αρθρα	a ɾ θ ɾ a
αριθμο	a ɾ i θ m o
αρκούσε	a ɾ k u s e
ασχέτωσ	a s ç e t o s
αφορμέσ	a f o ɾ m e s
αόριστον	a o ɾ i s t o n
βάλανε	v a l a n e
βαρέθηκε	v a ɾ e θ i c e
βασανιστηρίων	v a s a n i s t i ɾ i o n
βατικανού	v a t i k a n u
βερνίκι	v e ɾ n i c i
βουτιέσ	v u t ç e s
βούλευμα	v u l e v m a
βρούνε	v ɾ u n e
γέλα	ʝ e l a
γέρακα	ʝ e ɾ a k a
γίνατε	ʝ i n a t e
γαλατά	ɣ a l a t a
γαμου	ɣ a m u
γευστικό	ʝ e f s t i k o
γιόχαν	ʝ o x a n
γνώριζεσ	ɣ n o ɾ i z e s
γυμναστήσ	ʝ i m n a s t i s
γυρίστηκε	ʝ i ɾ i s t i c e
δέκατη	ð e k a t i
δένδρων	ð e n ð ɾ o n
δέχεστε	ð e ç e s t e
δίδεται	ð i ð e t e
δαιμόνων	ð e m o n o n
δεχτείτε	ð e x t i t e
δημοφιλούσ	ð i m o f i l u s
διαθέσει	ð i̯ a θ e s i
διαχρονικό	ð i̯ a x ɾ o n i k o
διεθνη	ð i e θ n i
διεκδικώντασ	ð i e k ð i k o n d a s
διοικήσεωσ	ð i i c i s e o s
διχασμό	ð i x a z m o
δοκιμάζουν	ð o c i m a z u n
δολοφονηθεί	ð o l o f o n i θ i
δυναστείασ	ð i n a s t i a s
δότη	ð o t i
δώθε	ð o θ e
εβαλε	e v a l e
εβραϊκά	e v ɾ a i k a
εγκρίθηκαν	e ŋ ɡ ɾ i θ i k a n
εδωσα	e ð o s a
εισάγονται	i s a ɣ o n d e
εκείνην	e c i n i n
εκτεταμένο	e k t e t a m e n o
ελικοπτέρων	e l i k o p t e ɾ o n
εμού	e m u
ενσωμάτωσησ	e n s o m a t o s i s
εντοπίζουν	e n d o p i z u n
εξάντληση	e k s a n d l i s i
εξαλειφθεί	e k s a l i f θ i
εξηγώ	e k s i ɣ o
εξυπηρετείται	e k s i p i ɾ e t i t e
εξωτερικο	e k s o t e ɾ i k o
επέβαιναν	e p e v e n a n
επαναφέρουν	e p a n a f e ɾ u n
επενδυτήσ	e p e n ð i t i s
επιβάτη	e p i v a t i
επιβλητικό	e p i v l i t i k o
επικαιροτητα	e p i c e ɾ o t i t a
επικουρικέσ	e p i k u ɾ i c e s
επώδυνο	e p o ð i n o
ερα	e ɾ a
ερμηνεύουν	e ɾ m i n e v u n
ετοσ	e t o s
ευαγγελισμό	e v a ŋ ɟ e l i z m o
ευαγγελισμόσ	e v a ŋ ɟ e l i z m o s
ευγένιοσ	e v ʝ e ɲ o s
ευθείεσ	e f θ i e s
ευκλείδησ	e f k l i ð i s
ευχέρεια	e f ç e ɾ i a
εφευρέτησ	e f e v ɾ e t i s
εύρεσησ	e v ɾ e s i s
ζημία	z i m i a
ζόραν	z o ɾ a n
θάνο	θ a n o
θάψει	θ a p s i
θήκεσ	θ i c e s
θανάσιμο	θ a n a s i m o
θεοχάρη	θ e o x a ɾ i
θερμόσ	θ e ɾ m o s
θεσσαλονικείσ	θ e s a l o n i c i s
θιβέτ	θ i v e t
θυμωμένοσ	θ i m o m e n o s
ιδρύσει	i ð ɾ i s i
κάθειρξησ	k a θ i ɾ k s i s
κάναν	k a n a n
καζάν	k a z a n
καθάρισα	k a θ a ɾ i s a
καθορισμένη	k a θ o ɾ i z m e n i
καλέσετε	k a l e s e t e
καλλιτεχνικόσ	k a l i t e x n i k o s
καρδινάλιοσ	k a ɾ ð i n a l i o s
καρτα	k a ɾ t a
καρύδασ	k a ɾ i ð a s
κατάθεσησ	k a t a θ e s i s
κατακόρυφο	k a t a k o ɾ i f o
κατανοεί	k a t a n o i
καταπάτηση	k a t a p a t i s i
καταπίνει	k a t a p i n i
κατηγορείσ	k a t i ɣ o ɾ i s
κατόρθωσαν	k a t o ɾ θ o s a n
κατόχουσ	k a t o x u s
κείμενά	c i m e n a
κερατά	c e ɾ a t a
κεφαλληνίασ	c e f a l i n i a s
κλέψεισ	k l e p s i s
κλίμακεσ	k l i m a c e s
κορυφώνεται	k o ɾ i f o n e t e
κουβέλησ	k u v e l i s
κρεμάσει	k ɾ e m a s i
κτηνίατρο	k t i n i a t ɾ o
κτηνίατροσ	k t i n i a t ɾ o s
κτηνοτρόφων	k t i n o t ɾ o f o n
κυκλοφορήσουν	c i k l o f o ɾ i s u n
κόβονται	k o v o n d e
κύβο	c i v o
λία	l i a
μάντισον	m a n d i s o n
μίζα	m i z a
μίμη	m i m i
μαγείρισσα	m a ʝ i ɾ i s a
μαζέψεισ	m a z e p s i s
μαθήτριεσ	m a θ i t ɾ i e s
μαλλια	m a ʎ a
μαμούθ	m a m u θ
ματωμένο	m a t o m e n o
μεταβολισμόσ	m e t a v o l i z m o s
μεταδίδονται	m e t a ð i ð o n d e
μετακινηθούν	m e t a c i n i θ u n
μετονομαστεί	m e t o n o m a s t i
μετωπική	m e t o p i c i
μητρόσ	m i t ɾ o s
μοιαζει	m i a z i
μοναχή	m o n a ç i
μοναχό	m o n a x o
μορ	m o ɾ
μουσειο	m u s i o
μύλοσ	m i l o s
νέβιλ	n e v i l
νέον	n e o n
ξάπλωσε	k s a p l o s e
ξέροντασ	k s e ɾ o n d a s
ξαναπάω	k s a n a p a o
οασθ	o a s θ
οικονομόπουλοσ	i k o n o m o p u l o s
οπλισμού	o p l i z m u
οργανωθεί	o ɾ ɣ a n o θ i
πάρνηθασ	p a ɾ n i θ a s
πάτημα	p a t i m a
πανηγυρική	p a n i ʝ i ɾ i c i
παντείου	p a n d i u
πασίγνωστο	p a s i ɣ n o s t o
πατούλησ	p a t u l i s
πατρίσια	p a t ɾ i s ç a
πείσουμε	p i s u m e
πεθανει	p e θ a n i
περαστικούσ	p e ɾ a s t i k u s
πεταλούδασ	p e t a l u ð a s
πιάσατε	p ç a s a t e
πλήττουν	p l i t u n
πνευμάτων	p n e v m a t o n
πνιγμό	p n i ɣ m o
ποε	p o e
ποιητικήσ	p i i t i c i s
ποιοτικά	p i o t i k a
πολεμά	p o l e m a
πολύχρωμη	p o l i x ɾ o m i
πορτρέτα	p o ɾ t ɾ e t a
πρίνστον	p ɾ i n s t o n
προάστιο	p ɾ o a s t i o
προανήγγειλε	p ɾ o a n i ŋ ɟ i l e
προσδίδει	p ɾ o z ð i ð i
προσδιορισμού	p ɾ o z ð i o ɾ i z m u
προστατεύουμε	p ɾ o s t a t e v u m e
προχωρήσεισ	p ɾ o x o ɾ i s i s
πρωτοφανήσ	p ɾ o t o f a n i s
πυρηνικού	p i ɾ i n i k u
πυρομαχικών	p i ɾ o m a ç i k o n
πωλούν	p o l u n
πόρνεσ	p o ɾ n e s
ρίσκα	ɾ i s k a
ροντ	ɾ o n d
ροών	ɾ o o n
ρωτησω	ɾ o t i s o
ρωτούσαν	ɾ o t u s a n
σάουνα	s a u n a
σαλβαδόρ	s a l v a ð o ɾ
σεναριογράφοσ	s e n a ɾ i o ɣ ɾ a f o s
σερίφησ	s e ɾ i f i s
σκάσουν	s k a s u n
σουβλάκι	s u v l a c i
σούδασ	s u ð a s
σπάτα	s p a t a
στολίδια	s t o l i ð ʝ a
στραβό	s t ɾ a v o
συγκατάθεσή	s i ŋ ɡ a t a θ e s i
συγκεντρωθούν	s i ŋ ɟ e n d ɾ o θ u n
συγκρίνεισ	s i ŋ ɡ ɾ i n i s
συγκροτείται	s i ŋ ɡ ɾ o t i t e
συζητηση	s i z i t i s i
συλλέκτη	s i l e k t i
συμβατό	s i ɱ v a t o
συμφιλίωση	s i ɱ f i l i o s i
συνεδρίων	s i n e ð ɾ i o n
συντηρητικοί	s i n d i ɾ i t i c i
συνόδευσε	s i n o ð e f s e
σφίγγει	s f i ŋ ɟ i
σχ	s x
σωτήρεσ	s o t i ɾ e s
τάρτα	t a ɾ t a
τέλεσε	t e l e s e
ταχύτητά	t a ç i t i t a
τεθούν	t e θ u n
τζέφερσον	d͡z e f e ɾ s o n
τρι	t ɾ i
τροφών	t ɾ o f o n
τόμουσ	t o m u s
τόνου	t o n u
υλοποιεί	i l o p i i
υπονοεί	i p o n o i
υφασμάτων	i f a z m a t o n
φαρμακευτικήσ	f a ɾ m a c e f t i c i s
φαρμακευτικών	f a ɾ m a c e f t i k o n
φεστιβαλ	f e s t i v a l
φοιτητικέσ	f i t i t i c e s
φυγεισ	f i ʝ i s
φυσιολογικόσ	f i s i o l o ʝ i k o s
φωλιέσ	f o ʎ e s
χάλασεσ	x a l a s e s
χάρηκε	x a ɾ i c e
χάρμπορ	x a ɾ b o ɾ
χαμένων	x a m e n o n
χαρίσματα	x a ɾ i z m a t a
χαχαχα	x a x a x a
χειρισμούσ	ç i ɾ i z m u s
χιλίων	ç i l i o n
χιλιαδεσ	ç i ʎ a ð e s
χορηγοί	x o ɾ i ʝ i
χορτάρι	x o ɾ t a ɾ i
χτίσιμο	x t i s i m o
χώματα	x o m a t a
όρχεισ	o ɾ ç i s
όσ	o s
άλογό	a l o ɣ o
άπειρη	a p i ɾ i
άσσο	a s o
άτυπη	a t i p i
άτυχη	a t i ç i
έγκυρεσ	e ŋ ɟ i ɾ e s
έκτρωση	e k t ɾ o s i
έλβισ	e l v i s
ένδυμα	e n ð i m a
ένθετο	e n θ e t o
έφτιαχνα	e f t ç a x n a
αγαπήσουν	a ɣ a p i s u n
αγγλικού	a ŋ ɡ l i k u
αγόραζα	a ɣ o ɾ a z a
αδερφών	a ð e ɾ f o n
αδικαιολόγητα	a ð i c e o l o ʝ i t a
αισιοδοξίασ	e s i o ð o k s i a s
ακολουθίασ	a k o l u θ i a s
ακρωτήρι	a k ɾ o t i ɾ i
αμερικάνικου	a m e ɾ i k a n i k u
αμμωνία	a m o n i a
αμνησία	a m n i s i a
αναγωγή	a n a ɣ o ʝ i
αναζήτησε	a n a z i t i s e
αναστολείσ	a n a s t o l i s
ανεξήγητο	a n e k s i ʝ i t o
ανθρωπάκι	a n θ ɾ o p a c i
ανοικοδόμηση	a n i k o ð o m i s i
αντίπαλόσ	a n d i p a l o s
αντίτυπο	a n d i t i p o
αντιφασιστική	a n d i f a s i s t i c i
ανόητη	a n o i t i
απέρριψαν	a p e ɾ i p s a n
απαιτούμενο	a p e t u m e n o
απεναντι	a p e n a n d i
απολαμβάνοντασ	a p o l a ɱ v a n o n d a s
απομάκρυνε	a p o m a k ɾ i n e
απομακρυσμένεσ	a p o m a k ɾ i z m e n e s
αποπειράθηκε	a p o p i ɾ a θ i c e
αποσπά	a p o s p a
αποτελούνταν	a p o t e l u n d a n
αποχέτευσησ	a p o ç e t e f s i s
απόδρασησ	a p o ð ɾ a s i s
αργού	a ɾ ɣ u
αρχιεπισκοπή	a ɾ ç i e p i s k o p i
αυτοκτονήσω	a f t o k t o n i s o
αυτόπτεσ	a f t o p t e s
αφησω	a f i s o
αόρατοσ	a o ɾ a t o s
βάζαμε	v a z a m e
βήματά	v i m a t a
βγάλατε	v ɣ a l a t e
βουλη	v u l i
βρέφουσ	v ɾ e f u s
βρίζει	v ɾ i z i
γαλαξίασ	ɣ a l a k s i a s
γαμιέται	ɣ a m ɲ e t e
γιαννακόπουλου	ʝ a n a k o p u l u
γιώργησ	ʝ o ɾ ʝ i s
γκεστάπο	ɟ e s t a p o
γκράφιτι	ɡ ɾ a f i t i
γλυκο	ɣ l i k o
γνωστο	ɣ n o s t o
γούνασ	ɣ u n a s
γυρίζουμε	ʝ i ɾ i z u m e
δίναμε	ð i n a m e
δανειστεί	ð a n i s t i
δαχτυλιδιών	ð a x t i l i ð ʝ o n
δελ	ð e l
δεσμεύεται	ð e z m e v e t e
δεύτεροι	ð e f t e ɾ i
δημητρα	ð i m i t ɾ a
δημιουργείτε	ð i m i u ɾ ʝ i t e
δημιουργικήσ	ð i m i u ɾ ʝ i c i s
δημοκρατικούσ	ð i m o k ɾ a t i k u s
διαβεβαίωσε	ð i̯ a v e v e o s e
διαλύσουν	ð i̯ a l i s u n
διαμορφώνει	ð i̯ a m o ɾ f o n i
διοριστεί	ð i o ɾ i s t i
διπλωματικών	ð i p l o m a t i k o n
δοκίμασεσ	ð o c i m a s e s
δραστική	ð ɾ a s t i c i
δυνατοτητα	ð i n a t o t i t a
δόγματοσ	ð o ɣ m a t o s
εασ	e a s
εγγραφείτε	e ŋ ɣ r a f i t e
εισβάλλει	i z v a l i
εκεινο	e c i n o
εκλέγονται	e k l e ɣ o n d e
εκπαιδεύονται	e k p e ð e v o n d e
ελεγχόμενο	e l e ŋ x o m e n o
ελλείμματα	e l i m a t a
ελληνίδων	e l i n i ð o n
ελπίσ	e l p i s
ενεργοποιήσει	e n e ɾ ɣ o p i i s i
ενισχύθηκε	e n i s ç i θ i c e
ενοίκια	e n i c a
ενοποίησησ	e n o p i i s i s
ενωτικό	e n o t i k o
εξάνθημα	e k s a n θ i m a
εξακολουθούμε	e k s a k o l u θ u m e
εξηγήσουν	e k s i ʝ i s u n
εξηγώντασ	e k s i ɣ o n d a s
επέλθει	e p e l θ i
επαναστατικέσ	e p a n a s t a t i c e s
επικίνδυνων	e p i c i n ð i n o n
επικαλούμενοσ	e p i k a l u m e n o s
επικεντρώνονται	e p i c e n d ɾ o n o n d e
επιτήρησησ	e p i t i ɾ i s i s
επιτυχημένησ	e p i t i ç i m e n i s
επιφάνειά	e p i f a n i a
ερθω	e ɾ θ o
ετοιμαζόταν	e t i m a z o t a n
ευθυμίου	e f θ i m i u
εύρουσ	e v ɾ u s
ζώδιό	z o ð ʝ o
ηλεκτρονικόσ	i l e k t ɾ o n i k o s
ημαθία	i m a θ i a
ηρεμήσουν	i ɾ e m i s u n
θέσω	θ e s o
θαυμάζει	θ a v m a z i
θολά	θ o l a
ιδιοκτησίεσ	i ð i o k t i s i e s
ιζ	i z
ιλίου	i l i u
ιοί	i i
ιουλιέτα	i u ʎ e t a
ισχυει	i s ç i i
καλέσατε	k a l e s a t e
καληνυχτα	k a l i n i x t a
καλλιστεία	k a l i s t i a
καλλονήσ	k a l o n i s
καλωσόρισμα	k a l o s o ɾ i z m a
καμπ	k a m b
καναπέδεσ	k a n a p e ð e s
καντ	k a n d
καπάκια	k a p a c a
καστελόριζο	k a s t e l o ɾ i z o
κατάδυσησ	k a t a ð i s i s
κατάθεσή	k a t a θ e s i
καταργηθούν	k a t a ɾ ʝ i θ u n
κατεβάσουν	k a t e v a s u n
κατώτερα	k a t o t e ɾ a
κεί	c i
κενέσ	c e n e s
κερασάκι	c e ɾ a s a c i
κιλα	c i l a
κινηματογραφικήσ	c i n i m a t o ɣ r a f i c i s
κινητο	c i n i t o
κοινόχρηστα	c i n o x ɾ i s t a
κομητείασ	k o m i t i a s
κουράζει	k u ɾ a z i
κουρδιστάν	k u ɾ ð i s t a n
κούβασ	k u v a s
κρατα	k ɾ a t a
κρι	k ɾ i
κυκλοφορούσαν	c i k l o f o ɾ u s a n
κυνηγό	c i n i ɣ o
κυρίων	c i ɾ i o n
κωλοσ	k o l o s
κωμωδίεσ	k o m o ð i e s
κύβοσ	c i v o s
λέγειν	l e ʝ i n
λέρο	l e ɾ o
λεβέντη	l e v e n d i
λεβερκούζεν	l e v e ɾ k u z e n
λειτουργικών	l i t u ɾ ʝ i k o n
λεκέ	l e c e
λεμεσόσ	l e m e s o s
λουκία	l u c i a
λούσι	l u s i
μάγδα	m a ɣ ð a
μέγιστησ	m e ʝ i s t i s
μακαρι	m a k a ɾ i
μαραντόνα	m a ɾ a n d o n a
μαρτυρικό	m a ɾ t i ɾ i k o
μασκότ	m a s k o t
μαυρίδησ	m a v ɾ i ð i s
μεγ	m e ɣ
μεγαλόπολησ	m e ɣ a l o p o l i s
μεταγενέστερη	m e t a ʝ e n e s t e ɾ i
μετασχηματισμού	m e t a s ç i m a t i z m u
μεταφραστήσ	m e t a f ɾ a s t i s
μπαχάμεσ	b a x a m e s
μπετόν	b e t o n
μπλερ	b l e ɾ
μπριτζ	b ɾ i d͡z
νασα	n a s a
ναυπηγεία	n a f p i ʝ i a
νιπτήρα	n i p t i ɾ a
νοιαζει	n i a z i
νυχτερινά	n i x t e ɾ i n a
ξεχώρισαν	k s e x o ɾ i s a n
ξύπνησαν	k s i p n i s a n
οθωμανικό	o θ o m a n i k o
οικογενειακού	i k o ʝ e n i a k u
οικοδομή	i k o ð o m i
ολυμπιακά	o l i m b i a k a
ονόματόσ	o n o m a t o s
ορκ	o ɾ k
ουλέσ	u l e s
ουπσ	u p s
πάνθεον	p a n θ e o n
πέμπτοσ	p e m p t o s
παιδίατροσ	p e ð i a t ɾ o s
παιρνει	p e ɾ n i
παλεύεισ	p a l e v i s
πανεπιστημιακού	p a n e p i s t i m i a k u
πανεπιστημιακών	p a n e p i s t i m i a k o n
παράγουμε	p a ɾ a ɣ u m e
παραθύρων	p a ɾ a θ i ɾ o n
παραιτούμαι	p a ɾ e t u m e
παραστεί	p a ɾ a s t i
περιορίσουν	p e ɾ i o ɾ i s u n
πετράλωνα	p e t ɾ a l o n a
πηγεσ	p i ʝ e s
πηγη	p i ʝ i
πιθανοί	p i θ a n i
πιστοποιητικά	p i s t o p i i t i k a
πλέγματοσ	p l e ɣ m a t o s
πολυάριθμα	p o l i a ɾ i θ m a
πουλήσουμε	p u l i s u m e
πουληθεί	p u l i θ i
πράισ	p ɾ a i s
προβάλλονται	p ɾ o v a l o n d e
προγραμματισμένεσ	p ɾ o ɣ ɾ a m a t i z m e n e s
προεδρείο	p ɾ o e ð ɾ i o
προεκτάσεισ	p ɾ o e k t a s i s
προκόπη	p ɾ o k o p i
προμηθευτή	p ɾ o m i θ e f t i
προσέξουμε	p ɾ o s e k s u m e
προσπαθήσετε	p ɾ o s p a θ i s e t e
προσπαθω	p ɾ o s p a θ o
προστατευτική	p ɾ o s t a t e f t i c i
προσωπικοτήτων	p ɾ o s o p i k o t i t o n
πρωτοτυπία	p ɾ o t o t i p i a
πρόεδρόσ	p ɾ o e ð ɾ o s
πρόθυμη	p ɾ o θ i m i
πρόωρων	p ɾ o o ɾ o n
πυροβολούν	p i ɾ o v o l u n
ρητή	ɾ i t i
ρουλέτα	ɾ u l e t a
ρωτήθηκε	ɾ o t i θ i c e
σάουθ	s a u θ
σέξ	s e k s
σεκ	s e k
σηκώσω	s i k o s o
σκηνοθέτησε	s c i n o θ e t i s e
σκηνοθεσίασ	s c i n o θ e s i a s
σκηνοθετεί	s c i n o θ e t i
σκιάθο	s c a θ o
σκιάθου	s c a θ u
σκιάσ	s c a s
σκοπευτήσ	s k o p e f t i s
σκοποί	s k o p i
σπάζοντασ	s p a z o n d a s
σπηλαίου	s p i l e u
στοχοσ	s t o x o s
συγκυβερνήτησ	s i ŋ ɟ i v e ɾ n i t i s
συλλέγονται	s i l e ɣ o n d e
συμπληρωματικό	s i m b l i ɾ o m a t i k o
συμπληρώθηκε	s i m b l i ɾ o θ i c e
συνάντησαν	s i n a n d i s a n
συναισθηματικέσ	s i n e s θ i m a t i c e s
συνεργαζόμαστε	s i n e ɾ ɣ a z o m a s t e
σχετικού	s ç e t i k u
σχηματισμούσ	s ç i m a t i z m u s
σύγκλισησ	s i ŋ ɡ l i s i s
τακτά	t a k t a
τζιχαντιστών	d͡z i x a n d i s t o n
τηγανιτέσ	t i ɣ a n i t e s
τηλεοραση	t i l e o ɾ a s i
τιμωρήθηκε	t i m o ɾ i θ i c e
τονίζουν	t o n i z u n
τράβηξαν	t ɾ a v i k s a n
τραπεζικόσ	t ɾ a p e z i k o s
τριβήσ	t ɾ i v i s
τροχών	t ɾ o x o n
τρόπαια	t ɾ o p e a
τσέπησ	t͡s e p i s
τόρεσ	t o ɾ e s
υπαγωγή	i p a ɣ o ʝ i
υποκατάστημα	i p o k a t a s t i m a
υποστηρικτών	i p o s t i ɾ i k t o n
υψηλάντη	i p s i l a n d i
φακών	f a k o n
φετινήσ	f e t i n i s
φημισμένο	f i m i z m e n o
φιν	f i n
φοίνικασ	f i n i k a s
φοβηθεί	f o v i θ i
φορέστε	f o ɾ e s t e
φυλακισμένουσ	f i l a c i z m e n u s
χάουζ	x a u z
χειροκίνητα	ç i ɾ o c i n i t a
χιλήσ	ç i l i s
χόρευε	x o ɾ e v e
ψεύδουσ	p s e v ð u s
ψηφίσω	p s i f i s o
όντων	o n d o n
άθεοσ	a θ e o s
άμφισσα	a ɱ f i s a
άπαξ	a p a k s
άρεωσ	a ɾ e o s
άσκοπα	a s k o p a
άφθονη	a f θ o n i
έθετε	e θ e t e
ένδοξη	e n ð o k s i
έξυπνουσ	e k s i p n u s
έπαιρνεσ	e p e ɾ n e s
ήθουσ	i θ u s
αετού	a e t u
αθάνατη	a θ a n a t i
αισθήσεων	e s θ i s e o n
αιχμηρό	e x m i ɾ o
αμέρικα	a m e ɾ i k a
ανάκτησησ	a n a k t i s i s
αναζητούμε	a n a z i t u m e
ανακάλυψησ	a n a k a l i p s i s
αναπαράγεται	a n a p a ɾ a ʝ e t e
αναρχικό	a n a ɾ ç i k o
ανεβάστε	a n e v a s t e
ανεκτίμητη	a n e k t i m i t i
ανοσοποιητικού	a n o s o p i i t i k u
αντίτιμο	a n d i t i m o
αντικαταστάθηκαν	a n d i k a t a s t a θ i k a n
αντιλήφθηκε	a n d i l i f θ i c e
αντιπαράθεσησ	a n d i p a ɾ a θ e s i s
αντισυνταγματική	a n d i s i n d a ɣ m a t i c i
αξιολογήσεισ	a k s i o l o ʝ i s i s
αξιωματούχο	a k s i o m a t u x o
απέμειναν	a p e m i n a n
απαντήστε	a p a n d i s t e
απεσταλμένοσ	a p e s t a l m e n o s
αποδέχονται	a p o ð e x o n d e
αποθηκεύονται	a p o θ i c e v o n d e
αποκαλύπτοντασ	a p o k a l i p t o n d a s
απονέμεται	a p o n e m e t e
απορρήτου	a p o ɾ i t u
αποτυχημένοσ	a p o t i ç i m e n o s
αποφασίζουμε	a p o f a s i z u m e
αποφυλακίστηκε	a p o f i l a c i s t i c e
απόδειξησ	a p o ð i k s i s
απόστολοι	a p o s t o l i
απών	a p o n
αράχωβα	a ɾ a x o v a
αρμονικά	a ɾ m o n i k a
αστειο	a s t i o
αστεριών	a s t e ɾ ʝ o n
αταξία	a t a k s i a
ατμοσφαιρικό	a t m o s f e ɾ i k o
αυγη	a v ʝ i
αφή	a f i
αφήνεται	a f i n e t e
αφαιρέθηκαν	a f e ɾ e θ i k a n
αφρόλουτρο	a f ɾ o l u t ɾ o
βάρησ	v a ɾ i s
βαλκανικών	v a l k a n i k o n
βανδή	v a n ð i
βεγγαλικά	v e ŋ ɡ a l i k a
βεληνεκούσ	v e l i n e k u s
βλάπτουν	v l a p t u n
βοστώνησ	v o s t o n i s
βούτηξε	v u t i k s e
βραβευμένη	v ɾ a v e v m e n i
βρισιέσ	v ɾ i s ç e s
βρωμιά	v ɾ o m ɲ a
γενναίο	ʝ e n e o
γκρέτα	ɡ ɾ e t a
γυναικείων	ʝ i n e c i o n
δίδαξαν	ð i ð a k s a n
δελτίων	ð e l t i o n
δηλώσω	ð i l o s o
δημητριου	ð i m i t ɾ i u
δημοσιεύτηκαν	ð i m o s i e f t i k a n
διαμορφώθηκαν	ð i̯ a m o ɾ f o θ i k a n
διεγείρει	ð i e ʝ i ɾ i
διεκδικήσουν	ð i e k ð i c i s u n
διεφθαρμένο	ð i e f θ a ɾ m e n o
διόσ	ð i o s
δραστικό	ð ɾ a s t i k o
δυσκολεύεται	ð i s k o l e v e t e
είσθε	i s θ e
εγγράφου	e ŋ ɣ r a f u
εκτελεστή	e k t e l e s t i
ελιγμούσ	e l i ɣ m u s
ελληνικου	e l i n i k u
ενίσχυσε	e n i s ç i s e
εναρκτήρια	e n a ɾ k t i ɾ i a
ενοικίου	e n i c i u
ενοχλείτε	e n o x l i t e
ενυδάτωση	e n i ð a t o s i
εξίσωσησ	e k s i s o s i s
εξηγήστε	e k s i ʝ i s t e
εξόντωσησ	e k s o n d o s i s
επίκαιρα	e p i c e ɾ a
επίσημου	e p i s i m u
επαναστατών	e p a n a s t a t o n
επανω	e p a n o
επιβίωσή	e p i v i o s i
επικοινωνήσουν	e p i c i n o n i s u n
επικρίσεισ	e p i k ɾ i s i s
επιλογεσ	e p i l o ʝ e s
επιμελήθηκε	e p i m e l i θ i c e
επιστρέψαμε	e p i s t ɾ e p s a m e
εργοστασίων	e ɾ ɣ o s t a s i o n
ερωτήσεων	e ɾ o t i s e o n
ευαίσθητοι	e v e s θ i t i
ευαισθητοποίηση	e v e s θ i t o p i i s i
ευδοκιμεί	e v ð o c i m i
ευλογεί	e v l o ʝ i
εφαρμόσουν	e f a ɾ m o s u n
εφεδρεία	e f e ð ɾ i a
ζυγόσ	z i ɣ o s
θέλησαν	θ e l i s a n
θεοδωρίδου	θ e o ð o ɾ i ð u
θησαυροί	θ i s a v ɾ i
θόλοσ	θ o l o s
κάτωθι	k a t o θ i
καβγά	k a v ɣ a
καθόρισε	k a θ o ɾ i s e
καινοτόμεσ	c e n o t o m e s
καλέσουν	k a l e s u n
καπετάνιου	k a p e t a ɲ u
καραγιάννησ	k a ɾ a ʝ a n i s
καρδία	k a ɾ ð i a
καστ	k a s t
καταδεικνύει	k a t a ð i k n i i
κατεβάσουμε	k a t e v a s u m e
κατοικούσαν	k a t i k u s a n
κεφαλαιο	c e f a l e o
κηδείασ	c i ð i a s
κινέζων	c i n e z o n
κινεζικήσ	c i n e z i c i s
κλειδώνει	k l i ð o n i
κληρικούσ	k l i ɾ i k u s
κληρονομήσει	k l i ɾ o n o m i s i
κληρονόμο	k l i ɾ o n o m o
κοιν	c i n
κοινωνικοί	c i n o n i c i
κονσέρβα	k o n s e ɾ v a
κρεβατι	k ɾ e v a t i
κρητικούσ	k ɾ i t i k u s
κρύβουμε	k ɾ i v u m e
κτηνοτρόφοι	k t i n o t ɾ o f i
κυβέρνησήσ	c i v e ɾ n i s i s
κυπροσ	c i p ɾ o s
κωστασ	k o s t a s
κό	k o
κόκορασ	k o k o ɾ a s
λάμψει	l a m p s i
λακ	l a k
λείψουν	l i p s u n
λεγόμενου	l e ɣ o m e n u
λεσβίεσ	l e z v i e s
ληστών	l i s t o n
λιμνών	l i m n o n
λογαριασμοσ	l o ɣ a ɾ ʝ a z m o s
λυπάται	l i p a t e
μάγκι	m a ŋ ɟ i
μέναμε	m e n a m e
μαγνησίου	m a ɣ n i s i u
μαζεύουμε	m a z e v u m e
μαργαρίτεσ	m a ɾ ɣ a ɾ i t e s
ματι	m a t i
μαυρεσ	m a v ɾ e s
μεγαλώνουμε	m e ɣ a l o n u m e
μελάσ	m e l a s
μελετούν	m e l e t u n
μεταλλίων	m e t a l i o n
μετατρέποντασ	m e t a t ɾ e p o n d a s
μετατρέπουν	m e t a t ɾ e p u n
μετρούν	m e t ɾ u n
μιλαει	m i l a i
μορφη	m o ɾ f i
μπέρναρντ	b e ɾ n a ɾ d
μπαχ	b a x
μυθική	m i θ i c i
μυστηρίων	m i s t i ɾ i o n
μόνιμου	m o n i m u
νευρώνεσ	n e v ɾ o n e s
νοιώθουν	n i o θ u n
νομοθέτησ	n o m o θ e t i s
νορμανδία	n o ɾ m a n ð i a
νοσημάτων	n o s i m a t o n
ντυμένο	d i m e n o
ξεκάθαρεσ	k s e k a θ a ɾ e s
ξεπέρασα	k s e p e ɾ a s a
ξεφεύγουν	k s e f e v ɣ u n
ξεχωρίζεισ	k s e x o ɾ i z i s
ξόδεψε	k s o ð e p s e
ξόρκια	k s o ɾ c a
ολάντ	o l a n d
ολοκληρώσουν	o l o k l i ɾ o s u n
ονειρα	o n i ɾ a
ορθοδόξου	o ɾ θ o ð o k s u
ορθόδοξουσ	o ɾ θ o ð o k s u s
οτιδηποτε	o t i ð i p o t e
παγάκια	p a ɣ a c a
πανίδασ	p a n i ð a s
παράγραφο	p a ɾ a ɣ ɾ a f o
παρακολουθήσετε	p a ɾ a k o l u θ i s e t e
παρασκευάζεται	p a ɾ a s c e v a z e t e
παρισι	p a ɾ i s i
πασκουάλ	p a s k u a l
πεζικό	p e z i k o
πεζοναυτών	p e z o n a f t o n
πελατεία	p e l a t i a
πεπόνι	p e p o n i
περιστροφέσ	p e ɾ i s t ɾ o f e s
περπατήσω	p e ɾ p a t i s o
πετυχαίνοντασ	p e t i ç e n o n d a s
πιέσει	p ç e s i
πιατέλα	p ç a t e l a
πινελιά	p i n e ʎ a
πλένει	p l e n i
πληθυντικόσ	p l i θ i n d i k o s
πλημμύρισε	p l i m i ɾ i s e
πνίγομαι	p n i ɣ o m e
πνευμονική	p n e v m o n i c i
ποιου	p i u
πολεμάει	p o l e m a i
πολεμήσουμε	p o l e m i s u m e
πολυμέσων	p o l i m e s o n
πουλιού	p u ʎ u
πουρέ	p u ɾ e
προκειμένη	p ɾ o c i m e n i
προκοπήσ	p ɾ o k o p i s
προλαβαίνει	p ɾ o l a v e n i
προσωρινέσ	p ɾ o s o ɾ i n e s
προτίθεται	p ɾ o t i θ e t e
προτρέπει	p ɾ o t ɾ e p i
πρωκτικό	p ɾ o k t i k o
πρωτοπόρο	p ɾ o t o p o ɾ o
πρόβλεψησ	p ɾ o v l e p s i s
πτωμάτων	p t o m a t o n
πυραμίδασ	p i ɾ a m i ð a s
ρήματα	ɾ i m a t a
ραδιενέργεια	ɾ a ð i e n e ɾ ʝ i a
ρεμπέκα	ɾ e m b e k a
ρυθμίζουν	ɾ i θ m i z u n
ρυθμίσεων	ɾ i θ m i s e o n
σαρλότ	s a ɾ l o t
σαχάρα	s a x a ɾ a
σβήσε	z v i s e
σεβαστεί	s e v a s t i
σεθ	s e θ
σεισμών	s i z m o n
σερβίρετε	s e ɾ v i ɾ e t e
σηκώνομαι	s i k o n o m e
σποράδεσ	s p o ɾ a ð e s
σπυρόπουλοσ	s p i ɾ o p u l o s
στοκχόλμησ	s t o k x o l m i s
στρατήσ	s t ɾ a t i s
στρώσεισ	s t ɾ o s i s
συμπληρωματικά	s i m b l i ɾ o m a t i k a
συνέλθει	s i n e l θ i
συνένωση	s i n e n o s i
συνέχιζαν	s i n e ç i z a n
συναντούσε	s i n a n d u s e
συντηρητικών	s i n d i ɾ i t i k o n
συστήνεται	s i s t i n e t e
σωρόσ	s o ɾ o s
τέταρτησ	t e t a ɾ t i s
ταφόπλακα	t a f o p l a k a
τεχνάσματα	t e x n a z m a t a
τοποθέτησησ	t o p o θ e t i s i s
τραύματοσ	t ɾ a v m a t o s
τρολ	t ɾ o l
τροποποιηθεί	t ɾ o p o p i i θ i
τύφλωση	t i f l o s i
υδράργυροσ	i ð ɾ a ɾ ʝ i ɾ o s
υπέδειξε	i p e ð i k s e
υπερδύναμη	i p e ɾ ð i n a m i
υποβάλλονται	i p o v a l o n d e
υποδέχονται	i p o ð e x o n d e
υπολογίσουμε	i p o l o ʝ i s u m e
υποχρεώνει	i p o x ɾ e o n i
υψίστησ	i p s i s t i s
φαλακρόσ	f a l a k ɾ o s
φημολογείται	f i m o l o ʝ i t e
φιλοθέησ	f i l o θ e i s
φλέμινγκ	f l e m i ŋ ɡ
φοιτητικά	f i t i t i k a
φουσκώνει	f u s k o n i
φράγματα	f ɾ a ɣ m a t a
φράσησ	f ɾ a s i s
φυσιολογία	f i s i o l o ʝ i a
φόργουορντ	f o ɾ ɣ u o ɾ d
φύλαξησ	f i l a k s i s
χέστηκα	ç e s t i k a
χαλκόσ	x a l k o s
χαμογελά	x a m o ʝ e l a
χειμερινά	ç i m e ɾ i n a
χειροποίητεσ	ç i ɾ o p i i t e s
χιτ	ç i t
χλώριο	x l o ɾ i o
χοντρέσ	x o n d ɾ e s
χρήζει	x ɾ i z i
χρησιμεύουν	x ɾ i s i m e v u n
χρυση	x ɾ i s i
χρωστικέσ	x ɾ o s t i c e s
χόκινγκ	x o c i ŋ ɡ
ψάξουμε	p s a k s u m e
ψηλα	p s i l a
ων	o n
όρκοσ	o ɾ k o s
άξιζαν	a k s i z a n
άρδευση	a ɾ ð e f s i
άτυχο	a t i x o
έγκρισησ	e ŋ ɡ ɾ i s i s
έλεγχε	e l e ŋ ç e
έμπειρουσ	e m b i ɾ u s
αγνοουμένων	a ɣ n o u m e n o n
αγνότητα	a ɣ n o t i t a
αγωγών	a ɣ o ɣ o n
αγωνιστούμε	a ɣ o n i s t u m e
αγόρασεσ	a ɣ o ɾ a s e s
αερόστατο	a e ɾ o s t a t o
αλέκου	a l e k u
αλβανικά	a l v a n i k a
αμμουδιά	a m u ð ʝ a
ανάποδο	a n a p o ð o
ανήσυχοσ	a n i s i x o s
ανακρίβειεσ	a n a k ɾ i v i e s
αντίπαλη	a n d i p a l i
αντίχειρα	a n d i ç i ɾ a
ανταλλάγματα	a n d a l a ɣ m a t a
αντικατασταθούν	a n d i k a t a s t a θ u n
ανόητεσ	a n o i t e s
αξιοπρεπέσ	a k s i o p ɾ e p e s
απίθανεσ	a p i θ a n e s
απίθανοσ	a p i θ a n o s
απεικονίζονται	a p i k o n i z o n d e
απληστία	a p l i s t i a
αποδέχτηκε	a p o ð e x t i c e
αποθεματικά	a p o θ e m a t i k a
απολαμβάνετε	a p o l a ɱ v a n e t e
απολογηθεί	a p o l o ʝ i θ i
απονεμήθηκε	a p o n e m i θ i c e
αποφασιστικό	a p o f a s i s t i k o
αργούν	a ɾ ɣ u n
αρχάγγελοσ	a ɾ x a ŋ ɟ e l o s
αρχιμανδρίτησ	a ɾ ç i m a n ð ɾ i t i s
αστρονομία	a s t ɾ o n o m i a
αστυνόμε	a s t i n o m e
ασυλίασ	a s i l i a s
ασφαλιστικήσ	a s f a l i s t i c i s
ασχολίεσ	a s x o l i e s
ατελείωτεσ	a t e l i o t e s
αυθαιρέτων	a f θ e ɾ e t o n
βίαιοσ	v i e o s
βίωσε	v i o s e
βασιστεί	v a s i s t i
βερόνικα	v e ɾ o n i k a
βιντεοκλίπ	v i n d e o k l i p
βλάψουν	v l a p s u n
βορεια	v o ɾ i a
βρειτε	v ɾ i t e
γεύσησ	ʝ e f s i s
γιακά	ʝ a k a
γιαυτο	ʝ a f t o
γνωστική	ɣ n o s t i c i
γνώμονα	ɣ n o m o n a
γυρίστε	ʝ i ɾ i s t e
δεικτών	ð i k t o n
δεξιοτεχνία	ð e k s i o t e x n i a
δημοσιεύθηκαν	ð i m o s i e f θ i k a n
δημοφιλία	ð i m o f i l i a
διήγηση	ð i i ʝ i s i
διαθέσιμοι	ð i̯ a θ e s i m i
διαιτολόγοσ	ð i e t o l o ɣ o s
διαχωρίζει	ð i̯ a x o ɾ i z i
δικτυο	ð i k t i o
δοξα	ð o k s a
δορυφορικό	ð o ɾ i f o ɾ i k o
δωρα	ð o ɾ a
εγκύκλιο	e ŋ ɟ i k l i o
ειδοποιήσει	i ð o p i i s i
ειπώθηκαν	i p o θ i k a n
εκατοστό	e k a t o s t o
εκτάκτωσ	e k t a k t o s
εκτιμήσουν	e k t i m i s u n
εκτροφή	e k t ɾ o f i
εκφράζοντασ	e k f ɾ a z o n d a s
ενεργούσ	e n e ɾ ɣ u s
ενικό	e n i k o
ενοχλούσε	e n o x l u s e
ενωμένησ	e n o m e n i s
εξαερισμού	e k s a e ɾ i z m u
εξαθλίωσησ	e k s a θ l i o s i s
εξετάζοντασ	e k s e t a z o n d a s
εξετάσουν	e k s e t a s u n
εξηγηθεί	e k s i ʝ i θ i
εξυπνάδεσ	e k s i p n a ð e s
επαγγελμάτων	e p a ŋ ɟ e l m a t o n
επαναλάβετε	e p a n a l a v e t e
επιβιώσεισ	e p i v i o s i s
επιθετικού	e p i θ e t i k u
επιφυλάσσει	e p i f i l a s i
επομενο	e p o m e n o
ερθεισ	e ɾ θ i s
ερμηνεύεται	e ɾ m i n e v e t e
ερχόμουν	e r x o m u n
ερωτευτείσ	e ɾ o t e f t i s
ερωτηματικό	e ɾ o t i m a t i k o
ετ	e t
ετοιμο	e t i m o
ευάλωτο	e v a l o t o
ευλογημένο	e v l o ʝ i m e n o
ευχάριστεσ	e f x a ɾ i s t e s
εφέσ	e f e s
εφαρμογη	e f a ɾ m o ʝ i
εφαρμοσμένη	e f a ɾ m o z m e n i
εφημέριοσ	e f i m e ɾ i o s
ζηλέψει	z i l e p s i
ζωγραφίσει	z o ɣ ɾ a f i s i
ζύμωση	z i m o s i
θείεσ	θ i e s
θεμελιώδεσ	θ e m e ʎ o ð e s
θεμελιώδησ	θ e m e ʎ o ð i s
θρήνοσ	θ ɾ i n o s
θύρασ	θ i ɾ a s
ιδεολογίεσ	i ð e o l o ʝ i e s
ικανοποιούν	i k a n o p i u n
ιταλού	i t a l u
κάθετεσ	k a θ e t e s
κάλι	k a l i
κάλυπταν	k a l i p t a n
κάντι	k a n d i
κήπων	c i p o n
καζανάκι	k a z a n a c i
καθορισμόσ	k a θ o ɾ i z m o s
καλυμμένα	k a l i m e n a
καλυμμένη	k a l i m e n i
καλυφθούν	k a l i f θ u n
καπό	k a p o
καταβολέσ	k a t a v o l e s
κατακτητή	k a t a k t i t i
καταναλώνονται	k a t a n a l o n o n d e
κατηγόρησαν	k a t i ɣ o ɾ i s a n
κατώτερεσ	k a t o t e ɾ e s
κδ	k ð
κλεισμένοσ	k l i z m e n o s
κομήτη	k o m i t i
κομήτησ	k o m i t i s
κορδέλεσ	k o ɾ ð e l e s
κορδόνι	k o ɾ ð o n i
κοτόπουλα	k o t o p u l a
κριτηρίων	k ɾ i t i ɾ i o n
κτεο	k t e o
κτισμάτων	k t i z m a t o n
κυπριακών	c i p ɾ i a k o n
λέοντοσ	l e o n d o s
λίλι	l i l i
λειτουργια	l i t u ɾ ʝ a
λεξικά	l e k s i k a
λιλ	l i l
λιπαρών	l i p a ɾ o n
λοχαγό	l o x a ɣ o
λόγχη	l o ŋ ç i
μέντιουμ	m e n d i u m
μαγειρεύεισ	m a ʝ i ɾ e v i s
μαδούρο	m a ð u ɾ o
μαθητικά	m a θ i t i k a
μαθητικό	m a θ i t i k o
μαθω	m a θ o
μακρινέσ	m a k ɾ i n e s
μαρίν	m a ɾ i n
ματωμένα	m a t o m e n a
μαχητική	m a ç i t i c i
μαϊμούδεσ	m a i̯ m u ð e s
μετακινήθηκε	m e t a c i n i θ i c e
μεταπολεμική	m e t a p o l e m i c i
μετατροπέσ	m e t a t ɾ o p e s
μιλαω	m i l a o
μονά	m o n a
μπιφτέκια	b i f t e c a
μπορν	b o ɾ n
μπουτάρησ	b u t a ɾ i s
νάνσυ	n a n s i
νησιώτεσ	n i s i o t e s
νιώσε	ɲ o s e
νοσηλευόταν	n o s i l e v o t a n
ντάλτον	d a l t o n
νταγκ	d a ŋ ɡ
ξαναδούμε	k s a n a ð u m e
ξεκουραστεί	k s e k u ɾ a s t i
ξενιστή	k s e n i s t i
οικονόμοσ	i k o n o m o s
ομίχλησ	o m i x l i s
ομογενών	o m o ʝ e n o n
οπλισμένοι	o p l i z m e n i
οργανωμένοι	o ɾ ɣ a n o m e n i
οργανωση	o ɾ ɣ a n o s i
ορμόνη	o ɾ m o n i
πέπε	p e p e
πέταγμα	p e t a ɣ m a
παίξιμο	p e k s i m o
παιδία	p e ð i a
πανδοχείο	p a n ð o ç i o
παραπληροφόρηση	p a ɾ a p l i ɾ o f o ɾ i s i
παρτε	p a ɾ t e
πεζόδρομο	p e z o ð ɾ o m o
πεινάνε	p i n a n e
περιτύλιγμα	p e ɾ i t i l i ɣ m a
πλεύσησ	p l e f s i s
ποιήματά	p i i m a t a
πολεμιστών	p o l e m i s t o n
πολιτισμοί	p o l i t i z m i
πολλουσ	p o l u s
ποτο	p o t o
προάσπιση	p ɾ o a s p i s i
προέχει	p ɾ o e ç i
προβλεφθεί	p ɾ o v l e f θ i
προγραμματιστήσ	p ɾ o ɣ ɾ a m a t i s t i s
προσκλητήριο	p ɾ o s k l i t i ɾ i o
προσκόπων	p ɾ o s k o p o n
προσφορεσ	p ɾ o s f o ɾ e s
πρόσφυγα	p ɾ o s f i ɣ a
πτώσεισ	p t o s i s
πόνοι	p o n i
πόρσε	p o ɾ s e
ρατσιστήσ	ɾ a t͡s i s t i s
ρολο	ɾ o l o
ρυθμική	ɾ i θ m i c i
ρωμαίο	ɾ o m e o
σακουλάκι	s a k u l a c i
σαρδέλεσ	s a ɾ ð e l e s
σεπτ	s e p t
σιγουρευτείτε	s i ɣ u ɾ e f t i t e
σοκάκια	s o k a c a
σούδα	s u ð a
σπόρτινγκ	s p o ɾ t i ŋ ɡ
σταυρούλα	s t a v ɾ u l a
σταυρόπουλοσ	s t a v ɾ o p u l o s
στενοί	s t e n i
στρώματοσ	s t ɾ o m a t o s
συγκλονίζει	s i ŋ ɡ l o n i z i
συζύγων	s i z i ɣ o n
συμμετοχη	s i m e t o ç i
συμπαράταξη	s i m b a ɾ a t a k s i
συμπληρώνεται	s i m b l i ɾ o n e t e
συνοχήσ	s i n o ç i s
συντ	s i n d
συντάκτη	s i n d a k t i
συστήθηκε	s i s t i θ i c e
σφιχτή	s f i x t i
σχηματίζοντασ	s ç i m a t i z o n d a s
σωματοφύλακεσ	s o m a t o f i l a c e s
σόγιασ	s o ʝ a s
ταξιτζήσ	t a k s i d͡z i s
τελικοί	t e l i c i
τηλεφωνεί	t i l e f o n i
τηρήσει	t i ɾ i s i
τιμούμε	t i m u m e
τιμωρεί	t i m o ɾ i
τοκετού	t o c e t u
τονίσω	t o n i s o
τρίτουσ	t ɾ i t u s
τραβούσε	t ɾ a v u s e
τραγουδάμε	t ɾ a ɣ u ð a m e
τριλογία	t ɾ i l o ʝ i a
τρισεκατομμύρια	t ɾ i s e k a t o m i ɾ i a
τσεχίασ	t͡s e ç i a s
τόσκα	t o s k a
υιοθετήσουν	i o θ e t i s u n
υπηρεσιεσ	i p i ɾ e s i e s
υπογραφήσ	i p o ɣ ɾ a f i s
υποσχέθηκαν	i p o s ç e θ i k a n
υποχρεωτικήσ	i p o x ɾ e o t i c i s
φάγατε	f a ɣ a t e
φάνησ	f a n i s
φιλάκι	f i l a c i
φιλοσοφικό	f i l o s o f i k o
φυσιολογικοί	f i s i o l o ʝ i c i
φωναχτά	f o n a x t a
φωτεινήσ	f o t i n i s
χάλκη	x a l c i
χαιρετισμό	ç e ɾ e t i z m o
χορεύοντασ	x o ɾ e v o n d a s
χωρικούσ	x o ɾ i k u s
ψηφιακόσ	p s i f i a k o s
ύπνωση	i p n o s i
ώριμοσ	o ɾ i m o s
άδικοσ	a ð i k o s
άτυπο	a t i p o
έντονοσ	e n d o n o s
ίσιο	i s i o
αγοράστηκε	a ɣ o ɾ a s t i c e
αδιάφοροσ	a ð i̯ a f o ɾ o s
αθλητικα	a θ l i t i k a
αισθητήρασ	e s θ i t i ɾ a s
αισθητήρων	e s θ i t i ɾ o n
ακρωτηρίου	a k ɾ o t i ɾ i u
αλέκα	a l e k a
αμαλίασ	a m a l i a s
ανάσκελα	a n a s c e l a
ανέβαινε	a n e v e n e
ανέδειξαν	a n e ð i k s a n
αναγνωριστικό	a n a ɣ n o ɾ i s t i k o
αναθέτει	a n a θ e t i
αναλαμβάνεισ	a n a l a ɱ v a n i s
αναλύσει	a n a l i s i
αναπνευστικού	a n a p n e f s t i k u
αναπνοέσ	a n a p n o e s
ανεβάζοντασ	a n e v a z o n d a s
ανεπτυγμένεσ	a n e p t i ɣ m e n e s
ανθρωπιάσ	a n θ ɾ o p ç a s
αντικαθιστώντασ	a n d i k a θ i s t o n d a s
αντιλαμβάνεστε	a n d i l a ɱ v a n e s t e
ανυπακοή	a n i p a k o i
αξέχαστο	a k s e x a s t o
απέδωσαν	a p e ð o s a n
απείρωσ	a p i ɾ o s
απειλών	a p i l o n
αποδέκτεσ	a p o ð e k t e s
αποδεκτά	a p o ð e k t a
αποδοση	a p o ð o s i
αποθέωση	a p o θ e o s i
αποκτήθηκε	a p o k t i θ i c e
απολάμβανε	a p o l a ɱ v a n e
απομνημονεύματα	a p o m n i m o n e v m a t a
αποσμητικό	a p o z m i t i k o
αποτελεσματικότητασ	a p o t e l e z m a t i k o t i t a s
αποφευχθούν	a p o f e f x θ u n
αποφοίτηση	a p o f i t i s i
απτο	a p t o
αρχαιότεροσ	a ɾ ç e o t e ɾ o s
αστακού	a s t a k u
αστο	a s t o
ατυχημάτων	a t i ç i m a t o n
αυτογνωσίασ	a f t o ɣ n o s i a s
αφαιρέθηκε	a f e ɾ e θ i c e
αφαιρεθούν	a f e ɾ e θ u n
αφτιά	a f t ç a
βέρεσ	v e ɾ e s
βηθλεέμ	v i θ l e e m
βιοτεχνία	v i o t e x n i a
βορά	v o ɾ a
βουκουρεστίου	v u k u ɾ e s t i u
βυζαντινόσ	v i z a n d i n o s
βότσαλα	v o t͡s a l a
γαλλικόσ	ɣ a l i k o s
γειτονικών	ʝ i t o n i k o n
γελ	ʝ e l
γεμίσεισ	ʝ e m i s i s
γκρέγκορι	ɡ ɾ e ŋ ɡ o ɾ i
γλυπτικήσ	ɣ l i p t i c i s
γλυτώσει	ɣ l i t o s i
γονιμοποίηση	ɣ o n i m o p i i s i
δάσκαλόσ	ð a s k a l o s
δείρω	ð i ɾ o
δευτερεύοντα	ð e f t e ɾ e v o n d a
δηλώσουν	ð i l o s u n
διέλυσαν	ð i e l i s a n
διευκολύνουν	ð i e f k o l i n u n
δικαίωσ	ð i c e o s
δο	ð o
δυνατότητασ	ð i n a t o t i t a s
εβραίο	e v ɾ e o
εγκλωβισμένοι	e ŋ ɡ l o v i z m e n i
εγκυρότητα	e ŋ ɟ i ɾ o t i t a
εδραίωση	e ð ɾ e o s i
εθισμόσ	e θ i z m o s
εισπράξει	i s p ɾ a k s i
εκπ	e k p
ελευθερη	e l e f θ e ɾ i
εμμέσωσ	e m e s o s
εμπιστεύτηκε	e m b i s t e f t i c e
ενήλικο	e n i l i k o
ενδυμάτων	e n ð i m a t o n
ενισχυμένο	e n i s ç i m e n o
ενωσησ	e n o s i s
εξάγει	e k s a ʝ i
εξαπάτησησ	e k s a p a t i s i s
εξασφαλίζουν	e k s a s f a l i z u n
εξηγούσε	e k s i ɣ u s e
εξόρμηση	e k s o ɾ m i s i
εο	e o
επίσημοι	e p i s i m i
επανεξελέγη	e p a n e k s e l e ʝ i
επαρκείσ	e p a ɾ c i s
επιβάρυνση	e p i v a ɾ i n s i
επιβλήθηκαν	e p i v l i θ i k a n
επιλέξαμε	e p i l e k s a m e
επιλέξουμε	e p i l e k s u m e
επισκέφτηκαν	e p i s c e f t i k a n
επιστολών	e p i s t o l o n
επιστρέφεισ	e p i s t ɾ e f i s
επιτρεπόταν	e p i t ɾ e p o t a n
ευθυνη	e f θ i n i
ευχαριστούν	e f x a ɾ i s t u n
εφευρέσεισ	e f e v ɾ e s i s
εφοπλιστή	e f o p l i s t i
εχασε	e x a s e
εύστοχα	e f s t o x a
ζευσ	z e f s
ζουμερό	z u m e ɾ o
ζωτικά	z o t i k a
ημερήσιο	i m e ɾ i s i o
θανατοσ	θ a n a t o s
θεραπευτή	θ e ɾ a p e f t i
θεωρήσει	θ e o ɾ i s i
ιδία	i ð i a
ιερώνυμου	i e ɾ o n i m u
ινστιτούτα	i n s t i t u t a
ισλαμιστών	i s l a m i s t o n
κάθοδοσ	k a θ o ð o s
κάρλα	k a ɾ l a
καβγάδεσ	k a v ɣ a ð e s
καθαρίσουμε	k a θ a ɾ i s u m e
καθορίσουν	k a θ o ɾ i s u n
κασσάνδρασ	k a s a n ð ɾ a s
καστανά	k a s t a n a
κατάντησε	k a t a n d i s e
κατέβεισ	k a t e v i s
καταλύτησ	k a t a l i t i s
κατανοήσω	k a t a n o i s o
κατασχέθηκε	k a t a s ç e θ i c e
κερτ	c e ɾ t
κιναλ	c i n a l
κλαίσ	k l e s
κληρονόμησε	k l i ɾ o n o m i s e
κοίταζα	c i t a z a
κορφή	k o ɾ f i
κρατήθηκε	k ɾ a t i θ i c e
κρατούνται	k ɾ a t u n d e
κροσ	k ɾ o s
κρόφορντ	k ɾ o f o ɾ d
κρύβετε	k ɾ i v e t e
κυλά	c i l a
κυνηγώντασ	c i n i ɣ o n d a s
κυρίαρχα	c i ɾ i a ɾ x a
κωλαράκι	k o l a ɾ a c i
λίλιαν	l i ʎ a n
λαζαρίδη	l a z a ɾ i ð i
λαρσ	l a ɾ s
λαρύγγι	l a ɾ i ŋ ɟ i
λιμνοθάλασσα	l i m n o θ a l a s a
λογότυπα	l o ɣ o t i p a
μάγκνουσ	m a ŋ ɡ n u s
μάγο	m a ɣ o
μάζεψαν	m a z e p s a n
μίζερη	m i z e ɾ i
μαγαζι	m a ɣ a z i
μακρόνησο	m a k ɾ o n i s o
μαντάρα	m a n d a ɾ a
μαριχουάνα	m a ɾ i x u a n a
ματάκια	m a t a c a
μαχητή	m a ç i t i
μεγαλοσ	m e ɣ a l o s
μελετητήσ	m e l e t i t i s
μελη	m e l i
μεμονωμένων	m e m o n o m e n o n
μεταλλίου	m e t a l i u
μεταμορφώσεωσ	m e t a m o ɾ f o s e o s
μεταξιού	m e t a k s ç u
μεταφραση	m e t a f ɾ a s i
μετρητή	m e t ɾ i t i
μιχ	m i x
μολύνσεισ	m o l i n s i s
μορφολογία	m o ɾ f o l o ʝ i a
μοσχαρίσιο	m o s x a ɾ i s i o
μπελά	b e l a
μπουκέτο	b u c e t o
μυστικού	m i s t i k u
νιούτον	ɲ u t o n
νομικοί	n o m i c i
νομοθετικήσ	n o m o θ e t i c i s
ντεκολτέ	d e k o l t e
νύφεσ	n i f e s
ξίφη	k s i f i
ξανθιέσ	k s a n θ ç e s
ξαπλώσει	k s a p l o s i
ξεκινάτε	k s e c i n a t e
ξεπερνούσε	k s e p e ɾ n u s e
ομαδεσ	o m a ð e s
ομονοίασ	o m o n i a s
ομορφότερο	o m o ɾ f o t e ɾ o
ομότιμοσ	o m o t i m o s
οργανώσουμε	o ɾ ɣ a n o s u m e
ορεινού	o ɾ i n u
οστού	o s t u
πάθετε	p a θ e t e
πάουλο	p a u l o
πάσαν	p a s a n
παιδικα	p e ð i k a
παλέρμο	p a l e ɾ m o
παμ	p a m
παραλια	p a ɾ a ʎ a
παρείχαν	p a ɾ i x a n
παρον	p a ɾ o n
παρουν	p a ɾ u n
πασχάλη	p a s x a l i
πατρίδοσ	p a t ɾ i ð o s
περιμενα	p e ɾ i m e n a
πετρέλαια	p e t ɾ e l e a
πιάνετε	p ç a n e t e
πλένω	p l e n o
πληγεί	p l i ʝ i
πληθωρισμού	p l i θ o ɾ i z m u
ποζάρει	p o z a ɾ i
ποινικήσ	p i n i c i s
πολλάκισ	p o l a c i s
πορτο	p o ɾ t o
πούδρα	p u ð ɾ a
προάγει	p ɾ o a ʝ i
προκλητικά	p ɾ o k l i t i k a
προσδιορίζονται	p ɾ o z ð i o ɾ i z o n d e
πρόθυμα	p ɾ o θ i m a
πυροβολισμό	p i ɾ o v o l i z m o
ριγέ	ɾ i ʝ e
ρουκέτεσ	ɾ u c e t e s
ρυθμίζεται	ɾ i θ m i z e t e
σάββατα	s a v a t a
σάντερσ	s a n d e ɾ s
σάρκασ	s a ɾ k a s
σέρβοι	s e ɾ v i
σεβαστή	s e v a s t i
σηκώσουν	s i k o s u n
σινγκλ	s i ŋ ɡ l
σκάρλετ	s k a ɾ l e t
σκοτωσει	s k o t o s i
σοφίτα	s o f i t a
στίσ	s t i s
σταθείσ	s t a θ i s
στεφανίδου	s t e f a n i ð u
στούσ	s t u s
στροφών	s t ɾ o f o n
συγκάλυψη	s i ŋ ɡ a l i p s i
συγκίνησε	s i ŋ ɟ i n i s e
συγκυβέρνησησ	s i ŋ ɟ i v e ɾ n i s i s
συγχωρέσει	s i ŋ x o ɾ e s i
συζητάνε	s i z i t a n e
συμβατή	s i ɱ v a t i
συμπαγήσ	s i m b a ʝ i s
συμπαθεί	s i m b a θ i
συμφωνική	s i ɱ f o n i c i
συνέταξε	s i n e t a k s e
συναντήσαμε	s i n a n d i s a m e
συνδέσμων	s i n ð e z m o n
συνδικαλιστική	s i n ð i k a l i s t i c i
συνειδητοποιώ	s i n i ð i t o p i o
συνεργεία	s i n e ɾ ʝ i a
σχεδία	s ç e ð i a
σχετικότητασ	s ç e t i k o t i t a s
σύγκλητοσ	s i ŋ ɡ l i t o s
τέλειωσαν	t e ʎ o s a n
τιμωρηθούν	t i m o ɾ i θ u n
τομήσ	t o m i s
τρ	t ɾ
τρέμεισ	t ɾ e m i s
τραβούν	t ɾ a v u n
τραγουδι	t ɾ a ɣ u ð i
υπέρμαχοσ	i p e ɾ m a x o s
υπεροχα	i p e ɾ o x a
υπηκόων	i p i k o o n
υποδέχτηκε	i p o ð e x t i c e
υποδοχείσ	i p o ð o ç i s
υποστηρίζεισ	i p o s t i ɾ i z i s
υποστούν	i p o s t u n
υποτιθέμενο	i p o t i θ e m e n o
υπουργοσ	i p u ɾ ɣ o s
υπόγειεσ	i p o ʝ i e s
υφυπουργό	i f i p u ɾ ɣ o
φερει	f e ɾ i
φετινού	f e t i n u
φιλήσεισ	f i l i s i s
φιλικήσ	f i l i c i s
φιλοθέη	f i l o θ e i
φιλόδοξοσ	f i l o ð o k s o s
φλούδα	f l u ð a
φούρνων	f u ɾ n o n
φροντίσουν	f ɾ o n d i s u n
φυλάξει	f i l a k s i
φυτικέσ	f i t i c e s
φυτοφάρμακα	f i t o f a ɾ m a k a
φυτρώνουν	f i t ɾ o n u n
φωνητική	f o n i t i c i
φωτόπουλοσ	f o t o p u l o s
χάλκησ	x a l c i s
χαλαρόσ	x a l a ɾ o s
χειρισμού	ç i ɾ i z m u
χειρισμόσ	ç i ɾ i z m o s
χωλ	x o l
όστιν	o s t i n
άνηκε	a n i c e
άσπρεσ	a s p ɾ e s
άστα	a s t a
έδρασε	e ð ɾ a s e
έκλαψα	e k l a p s a
έκλαψε	e k l a p s e
έπεσεσ	e p e s e s
έσβησαν	e z v i s a n
αγγλίδα	a ŋ ɡ l i ð a
αγνοούμε	a ɣ n o u m e
αγνοούμενοι	a ɣ n o u m e n i
αγωνασ	a ɣ o n a s
αδένα	a ð e n a
αδιαφορίασ	a ð i̯ a f o ɾ i a s
αθώων	a θ o o n
αισχύλου	e s ç i l u
αλέσεωσ	a l e s e o s
αλεξανδροσ	a l e k s a n ð ɾ o s
αλληλεπιδράσεισ	a l i l e p i ð ɾ a s i s
αμήχανα	a m i x a n a
αναμνήσεων	a n a m n i s e o n
αναπνευστικό	a n a p n e f s t i k o
αναστήθηκε	a n a s t i θ i c e
αναστολέσ	a n a s t o l e s
ανεκτίμητο	a n e k t i m i t o
ανθή	a n θ i
ανθρωπων	a n θ ɾ o p o n
ανιχνεύει	a n i x n e v i
αντικαταθλιπτικά	a n d i k a t a θ l i p t i k a
αντιστροφή	a n d i s t ɾ o f i
ανωτερότητα	a n o t e ɾ o t i t a
ανώμαλη	a n o m a l i
αξιοπρεπήσ	a k s i o p ɾ e p i s
απαντάτε	a p a n d a t e
αποδέχθηκε	a p o ð e x θ i c e
απορροήσ	a p o ɾ o i s
αποτοξίνωσησ	a p o t o k s i n o s i s
αποφασισμένοι	a p o f a s i z m e n i
αριθμόν	a ɾ i θ m o n
αρνητικών	a ɾ n i t i k o n
ασταθή	a s t a θ i
αυλάκι	a v l a c i
αυστριακή	a f s t ɾ i a c i
αφορολόγητου	a f o ɾ o l o ʝ i t u
αφοσίωσησ	a f o s i o s i s
βάζα	v a z a
βέλτιστη	v e l t i s t i
βίκινγκσ	v i c i ŋ ɡ s
βαθμίδασ	v a θ m i ð a s
βανέσα	v a n e s a
βιάζεστε	v i a z e s t e
βλαχοπούλου	v l a x o p u l u
βραβευμένο	v ɾ a v e v m e n o
βυθού	v i θ u
γαμο	ɣ a m o
γελούν	ʝ e l u n
γελώντασ	ʝ e l o n d a s
γεωργικήσ	ʝ e o ɾ ʝ i c i s
γλιτώσουμε	ɣ l i t o s u m e
γλωσσικό	ɣ l o s i k o
γλύτωσε	ɣ l i t o s e
γραμμένεσ	ɣ ɾ a m e n e s
γραφει	ɣ ɾ a f i
γυρνάμε	ʝ i ɾ n a m e
δέηση	ð e i s i
δέρνει	ð e ɾ n i
δανείσει	ð a n i s i
δειλόσ	ð i l o s
δημοσίασ	ð i m o s i a s
διατρέχουν	ð i̯ a t ɾ e x u n
διατυπωθεί	ð i̯ a t i p o θ i
διαφωνείσ	ð i̯ a f o n i s
διδασκαλίεσ	ð i ð a s k a l i e s
δικαιούμαι	ð i c e u m e
δικηγορικού	ð i c i ɣ o ɾ i k u
διμοιρία	ð i m i ɾ i a
δρομέασ	ð ɾ o m e a s
δρομολογίων	ð ɾ o m o l o ʝ i o n
δυσκολεύονται	ð i s k o l e v o n d e
δώσανε	ð o s a n e
εγγυημένο	e ŋ ɟ i i m e n o
εγκαταλείφθηκε	e ŋ ɡ a t a l i f θ i c e
εισαγωγικά	i s a ɣ o ʝ i k a
εκδηλωθεί	e k ð i l o θ i
εκδηλωση	e k ð i l o s i
εκπαιδευτήρια	e k p e ð e f t i ɾ i a
εκπροσώπησε	e k p ɾ o s o p i s e
εκτελεστούν	e k t e l e s t u n
εκτόνωση	e k t o n o s i
ελασσόνα	e l a s o n a
ελλείμματοσ	e l i m a t o s
ελονοσία	e l o n o s i a
ελπε	e l p e
εμπρησμό	e m b ɾ i z m o
εμπόδιζε	e m b o ð i z e
εμπόλεμη	e m b o l e m i
εμφάνισε	e ɱ f a n i s e
εμφανείσ	e ɱ f a n i s
ενεργοποίησησ	e n e ɾ ɣ o p i i s i s
ενισχύοντασ	e n i s ç i o n d a s
ενοχλητική	e n o x l i t i c i
ενσωματώσει	e n s o m a t o s i
ενώθηκαν	e n o θ i k a n
εξάρτησησ	e k s a ɾ t i s i s
εξέπληξε	e k s e p l i k s e
εξήγγειλε	e k s i ŋ ɟ i l e
εξαπλώθηκε	e k s a p l o θ i c e
εξελιγμένο	e k s e l i ɣ m e n o
εξελικτική	e k s e l i k t i c i
εξετάζουμε	e k s e t a z u m e
εξετασεισ	e k s e t a s i s
εξτρέμ	e k s t ɾ e m
εξωτικά	e k s o t i k a
εορδαίασ	e o ɾ ð e a s
επίδρασησ	e p i ð ɾ a s i s
επα	e p a
επανασύνδεση	e p a n a s i n ð e s i
επειγον	e p i ɣ o n
επεσήμανε	e p e s i m a n e
επιβλητική	e p i v l i t i c i
επιτάφιο	e p i t a f i o
επιτυγχάνει	e p i t i ŋ x a n i
επιτυχόντεσ	e p i t i x o n d e s
εστίασε	e s t i a s e
εταιρικό	e t e ɾ i k o
ευσταθίου	e f s t a θ i u
ευχαριστουμε	e f x a ɾ i s t u m e
ζηλεύουν	z i l e v u n
ζητω	z i t o
ηθικόσ	i θ i k o s
θέρμησ	θ e ɾ m i s
θέτεισ	θ e t i s
θαμμένη	θ a m e n i
θετικοί	θ e t i c i
θυρίδα	θ i ɾ i ð a
ιδεολογικέσ	i ð e o l o ʝ i c e s
ιδιωτικοποιήσεισ	i ð i o t i k o p i i s i s
ιδιωτικούσ	i ð i o t i k u s
ιππασίασ	i p a s i a s
ιππικού	i p i k u
ισοφάρισε	i s o f a ɾ i s e
ιών	i o n
κάσου	k a s u
καθενασ	k a θ e n a s
καθολικοί	k a θ o l i c i
καλόγεροσ	k a l o ʝ e ɾ o s
καμίλ	k a m i l
καρά	k a ɾ a
κατάλυση	k a t a l i s i
κατέφυγε	k a t e f i ʝ e
κατανοήσουν	k a t a n o i s u n
κατεστημένο	k a t e s t i m e n o
κατηγορητήριο	k a t i ɣ o ɾ i t i ɾ i o
κερύνεια	c e ɾ i n i a
κλιματισμό	k l i m a t i z m o
κοκκινομάλλα	k o c i n o m a l a
κολλήσω	k o l i s o
κολοκύθα	k o l o c i θ a
κολώνεσ	k o l o n e s
κομμουνιστή	k o m u n i s t i
κορώνεσ	k o ɾ o n e s
κυνηγούσαν	c i n i ɣ u s a n
κόουλ	k o u l
κύμινο	c i m i n o
κύπρια	c i p ɾ i a
λέκκασ	l e k a s
λίο	l i o
λαβέσ	l a v e s
λειτουργών	l i t u ɾ ɣ o n
ληστή	l i s t i
λιονέλ	ʎ o n e l
λυπήσου	l i p i s u
λόρδου	l o ɾ ð u
μίλησεσ	m i l i s e s
μίτινγκ	m i t i ŋ ɡ
μακροπρόθεσμη	m a k ɾ o p ɾ o θ e z m i
μαργαρίτησ	m a ɾ ɣ a ɾ i t i s
μελισσών	m e l i s o n
μερικό	m e ɾ i k o
μεταβλητήσ	m e t a v l i t i s
μετοχικού	m e t o ç i k u
μηδενόσ	m i ð e n o s
μινγκ	m i ŋ ɡ
μνηστήρεσ	m n i s t i ɾ e s
μονον	m o n o n
μούμια	m u m ɲ a
μπαρόκ	b a ɾ o k
μπουνιέσ	b u ɲ e s
μπότα	b o t a
μύριζε	m i ɾ i z e
ναύτησ	n a f t i s
νιώστε	ɲ o s t e
νομαρχία	n o m a ɾ ç i a
νοσ	n o s
ντασ	d a s
ξανακούσει	k s a n a k u s i
οίκων	i k o n
οδηγάσ	o ð i ɣ a s
οικονομικα	i k o n o m i k a
ολλανδική	o l a n ð i c i
ομαδασ	o m a ð a s
ομόφωνη	o m o f o n i
οπέσ	o p e s
ορίσουμε	o ɾ i s u m e
ορθά	o ɾ θ a
ορκιστεί	o ɾ c i s t i
οροσ	o ɾ o s
οφειλέτεσ	o f i l e t e s
πάτμο	p a t m o
πέθανεσ	p e θ a n e s
πέστο	p e s t o
πανάκριβο	p a n a k ɾ i v o
παναγιώτου	p a n a ʝ o t u
πανούσησ	p a n u s i s
παπαχρήστου	p a p a x ɾ i s t u
παραγώγων	p a ɾ a ɣ o ɣ o n
παρατήσει	p a ɾ a t i s i
παρηγορεί	p a ɾ i ɣ o ɾ i
παρισίων	p a ɾ i s i o n
πατήσουν	p a t i s u n
πειθαρχίασ	p i θ a ɾ ç i a s
περσινή	p e ɾ s i n i
πηγάζουν	p i ɣ a z u n
πλένουμε	p l e n u m e
πλησίασαν	p l i s i a s a n
πνίξει	p n i k s i
ποστάλ	p o s t a l
πούλο	p u l o
πρασίνων	p ɾ a s i n o n
πρεσβευτή	p ɾ e z v e f t i
προέλθει	p ɾ o e l θ i
προαιρετικό	p ɾ o e ɾ e t i k o
προβαίνει	p ɾ o v e n i
προοδευτικών	p ɾ o o ð e f t i k o n
προσβάσιμη	p ɾ o z v a s i m i
προστατευτικά	p ɾ o s t a t e f t i k a
προστατεύσουμε	p ɾ o s t a t e f s u m e
προτείνοντασ	p ɾ o t i n o n d a s
προτεινόμενο	p ɾ o t i n o m e n o
πρόλογο	p ɾ o l o ɣ o
πρόφαση	p ɾ o f a s i
πωλειται	p o l i t e
ρατσιστικέσ	ɾ a t͡s i s t i c e s
ρεαλιστικά	ɾ e a l i s t i k a
ρισ	ɾ i s
ρόκι	ɾ o c i
σημάνει	s i m a n i
σημειώνουν	s i m i o n u n
σκακιέρα	s k a c e ɾ a
σκεφτηκα	s c e f t i k a
σκοπιμότητεσ	s k o p i m o t i t e s
σκότοσ	s k o t o s
σοφοκλήσ	s o f o k l i s
σούπεσ	s u p e s
σπεύδει	s p e v ð i
σπρώξει	s p ɾ o k s i
σταθμοσ	s t a θ m o s
στενού	s t e n u
στολισμόσ	s t o l i z m o s
στρίβει	s t ɾ i v i
συγκεντρωμένοι	s i ŋ ɟ e n d ɾ o m e n i
συγκλονιστικέσ	s i ŋ ɡ l o n i s t i c e s
συμβιβασμούσ	s i ɱ v i v a z m u s
συμβολισμόσ	s i ɱ v o l i z m o s
συμβουλευτικήσ	s i ɱ v u l e f t i c i s
συμπαγή	s i m b a ʝ i
συμφέροντά	s i ɱ f e ɾ o n d a
συμφωνούσε	s i ɱ f o n u s e
συναφή	s i n a f i
συνοδευτικό	s i n o ð e f t i k o
συντονισμένη	s i n d o n i z m e n i
συσκέψεισ	s i s c e p s i s
σχηματίσουν	s ç i m a t i s u n
σύνδεσή	s i n ð e s i
ταμία	t a m i a
τεμπών	t e m b o n
τζιχάντ	d͡z i x a n d
τοξότη	t o k s o t i
τραβεστί	t ɾ a v e s t i
τραπεζικούσ	t ɾ a p e z i k u s
τρελο	t ɾ e l o
τυπικόσ	t i p i k o s
υαλουρονικό	i a l u ɾ o n i k o
υεμένησ	i e m e n i s
υιοθετούν	i o θ e t u n
υλικα	i l i k a
υπερασπιστήσ	i p e ɾ a s p i s t i s
υπερβολικήσ	i p e ɾ v o l i c i s
υποβρυχίων	i p o v ɾ i ç i o n
υποστηρικτή	i p o s t i ɾ i k t i
φαίη	f e i
φετινέσ	f e t i n e s
φθοράσ	f θ o ɾ a s
φιστίκια	f i s t i c a
φυλλο	f i l o
φωνητικέσ	f o n i t i c e s
φωτ	f o t
φόρτωσησ	f o ɾ t o s i s
φύλαξε	f i l a k s e
φώναξαν	f o n a k s a n
χαλάσουμε	x a l a s u m e
χαρίσω	x a ɾ i s o
χαρακώματα	x a ɾ a k o m a t a
χαριτωμένοσ	x a ɾ i t o m e n o s
χιλιετία	ç i ʎ e t i a
χορευτική	x o ɾ e f t i c i
χωρισμού	x o ɾ i z m u
χωροσ	x o ɾ o s
ψάχναμε	p s a x n a m e
ωριμάζουν	o ɾ i m a z u n
όχλοσ	o x l o s
άκρου	a k ɾ u
άνθηση	a n θ i s i
άντριαν	a n d ɾ i a n
άραβασ	a ɾ a v a s
έλειπεσ	e l i p e s
έμεινεσ	e m i n e s
ένατη	e n a t i
έπαινο	e p e n o
έσκασαν	e s k a s a n
έστρεψε	e s t ɾ e p s e
ήλπιζε	i l p i z e
ίσοσ	i s o s
αιγιαλείασ	e ʝ a l i a s
αιγόκερωσ	e ɣ o c e ɾ o s
αισθανόμουν	e s θ a n o m u n
ακρωτήριο	a k ɾ o t i ɾ i o
αληθινούσ	a l i θ i n u s
αλμωπίασ	a l m o p i a s
αλουμινόχαρτο	a l u m i n o x a ɾ t o
αμαρτίασ	a m a ɾ t i a s
ανάγλυφα	a n a ɣ l i f a
ανάδοχοσ	a n a ð o x o s
ανακαλύψτε	a n a k a l i p s t e
ανακοινώσεων	a n a c i n o s e o n
ανακοινώσω	a n a c i n o s o
ανακουφίζει	a n a k u f i z i
αναπληρώτρια	a n a p l i ɾ o t ɾ i a
ανδρασ	a n ð ɾ a s
ανεξήγητα	a n e k s i ʝ i t a
ανθεκτικά	a n θ e k t i k a
ανθρωποκτονίασ	a n θ ɾ o p o k t o n i a s
αντέχουμε	a n d e x u m e
αντιτρομοκρατική	a n d i t ɾ o m o k ɾ a t i c i
απένειμε	a p e n i m e
απαντάται	a p a n d a t e
απελευθερώνεται	a p e l e f θ e ɾ o n e t e
απλήρωτοι	a p l i ɾ o t i
αποβάθρεσ	a p o v a θ ɾ e s
απογεύματα	a p o ʝ e v m a t a
αποκαλούνται	a p o k a l u n d e
απολλων	a p o l o n
αποτυχημένεσ	a p o t i ç i m e n e s
αποφυγήσ	a p o f i ʝ i s
αρεσουν	a ɾ e s u n
ασφαλιστικού	a s f a l i s t i k u
αυγού	a v ɣ u
αυστηρότητα	a f s t i ɾ o t i t a
αφησα	a f i s a
αφοσίωσή	a f o s i o s i
βασίλισσεσ	v a s i l i s e s
βασισμένεσ	v a s i z m e n e s
βεβαιωθεί	v e v e o θ i
βλέπατε	v l e p a t e
βομβιστικέσ	v o ɱ v i s t i c e s
βραβευμένοσ	v ɾ a v e v m e n o s
βρώμικεσ	v ɾ o m i c e s
γαλλια	ɣ a ʎ a
γαμάτοσ	ɣ a m a t o s
γειτονικήσ	ʝ i t o n i c i s
γιατρε	ʝ a t ɾ e
γκόλντεν	ɡ o l d e n
γλωσσικά	ɣ l o s i k a
γραμμα	ɣ ɾ a m a
γρια	ɣ ɾ i a
δέσμευσησ	ð e z m e f s i s
δέσμησ	ð e z m i s
δήμασ	ð i m a s
δίδαγμα	ð i ð a ɣ m a
δημοσίευσαν	ð i m o s i e f s a n
διέπουν	ð i e p u n
διαστημα	ð i̯ a s t i m a
διατηρήθηκε	ð i̯ a t i ɾ i θ i c e
διερευνήσει	ð i e ɾ e v n i s i
διεύθυνσή	ð i e f θ i n s i
διηγημάτων	ð i i ʝ i m a t o n
διστάζει	ð i s t a z i
διχασμόσ	ð i x a z m o s
δομική	ð o m i c i
δυνατον	ð i n a t o n
δώρου	ð o ɾ u
εαπ	e a p
εγινα	e ʝ i n a
ειδε	i ð e
εισήλθαν	i s i l θ a n
εκκαθάρισησ	e k a θ a ɾ i s i s
εκλεκτό	e k l e k t o
εκνευρίζει	e k n e v ɾ i z i
εκπαιδευτή	e k p e ð e f t i
εκπλαγείτε	e k p l a ʝ i t e
εκπροσωπώντασ	e k p ɾ o s o p o n d a s
ελαστικό	e l a s t i k o
ελενα	e l e n a
ελλάδι	e l a ð i
ελληνίδασ	e l i n i ð a s
εμεινε	e m i n e
εμφυτεύματα	e ɱ f i t e v m a t a
ενημερώνεται	e n i m e ɾ o n e t e
εξαρτημάτων	e k s a ɾ t i m a t o n
εξωτερικοί	e k s o t e ɾ i c i
εξώπορτα	e k s o p o ɾ t a
εορταστικό	e o ɾ t a s t i k o
επαλήθευση	e p a l i θ e f s i
επεκτάσεισ	e p e k t a s i s
επεκτείνουν	e p e k t i n u n
επικρίνει	e p i k ɾ i n i
επιλεγμένεσ	e p i l e ɣ m e n e s
επιμένετε	e p i m e n e t e
ερασιτεχνών	e ɾ a s i t e x n o n
ερωτικού	e ɾ o t i k u
εσπρέσο	e s p ɾ e s o
ευαισθησίασ	e v e s θ i s i a s
ζαλάδα	z a l a ð a
ηλιοσ	i ʎ o s
ηπειρωτικά	i p i ɾ o t i k a
ηπειρωτικήσ	i p i ɾ o t i c i s
θαυμασμού	θ a v m a z m u
θεα	θ e a
θεωρητικήσ	θ e o ɾ i t i c i s
θουκυδίδησ	θ u c i ð i ð i s
θυμίσει	θ i m i s i
θύμωσε	θ i m o s e
ιατρεία	i a t ɾ i a
ικεα	i c e a
ινδοί	i n ð i
ιταλικών	i t a l i k o n
κάννεσ	k a n e s
καθαρα	k a θ a ɾ a
καλωσορίζουμε	k a l o s o ɾ i z u m e
καρπού	k a ɾ p u
καταβληθεί	k a t a v l i θ i
καταναλώνει	k a t a n a l o n i
καταφθάνουν	k a t a f θ a n u n
κατηγορήσουν	k a t i ɣ o ɾ i s u n
καφετιέρα	k a f e t ç e ɾ a
κδαπ	k ð a p
κερνάει	c e ɾ n a i
κοινο	c i n o
κοινοτικέσ	c i n o t i c e s
κορυδαλλό	k o ɾ i ð a l o
κουβαλάνε	k u v a l a n e
κριτικοί	k ɾ i t i c i
κτύπημα	k t i p i m a
κυβερνών	c i v e ɾ n o n
κυριαρχικά	c i ɾ i a ɾ ç i k a
κυψέλεσ	c i p s e l e s
κόπρανα	k o p ɾ a n a
κόστιζε	k o s t i z e
λάμψησ	l a m p s i s
λογοτεχνών	l o ɣ o t e x n o n
λύπησ	l i p i s
μάγων	m a ɣ o n
μάι	m a i
μάνδρα	m a n ð ɾ a
μάουσ	m a u s
μαέστροσ	m a e s t ɾ o s
μαθει	m a θ i
μακεδονικών	m a c e ð o n i k o n
μακρινά	m a k ɾ i n a
μαϊντανό	m a i̯ d a n o
μεγαλυτερη	m e ɣ a l i t e ɾ i
μειωμένο	m i o m e n o
μελιτζάνεσ	m e l i d͡z a n e s
μερη	m e ɾ i
μεσογειακών	m e s o ʝ i a k o n
μετάνιωσα	m e t a ɲ o s a
μεταβολισμού	m e t a v o l i z m u
μεταδόθηκε	m e t a ð o θ i c e
μετρήσεων	m e t ɾ i s e o n
μηχανικέσ	m i x a n i c e s
μικροσ	m i k ɾ o s
μιλάνου	m i l a n u
μπανγκόκ	b a ŋ ɡ o k
μπρούμυτα	b ɾ u m i t a
μπόρεσεσ	b o ɾ e s e s
μυρίσει	m i ɾ i s i
μόρα	m o ɾ a
μόρφωσησ	m o ɾ f o s i s
νάταλι	n a t a l i
νίρο	n i ɾ o
νεανικά	n e a n i k a
νεριτ	n e ɾ i t
νοσηλεία	n o s i l i a
ντύνονται	d i n o n d e
νότη	n o t i
νώτα	n o t a
ξαπλωμένη	k s a p l o m e n i
ξεχωρίσεισ	k s e x o ɾ i s i s
ξεχωρίσω	k s e x o ɾ i s o
ομοιόμορφη	o m i o m o ɾ f i
οπλιτών	o p l i t o n
οργανικήσ	o ɾ ɣ a n i c i s
οφθαλμών	o f θ a l m o n
πάρκων	p a ɾ k o n
πάρνηθα	p a ɾ n i θ a
πίναμε	p i n a m e
παγιδευμένο	p a ʝ i ð e v m e n o
παθολογική	p a θ o l o ʝ i c i
παλμόσ	p a l m o s
πανκ	p a n k
παντρέψει	p a n d ɾ e p s i
παπαρίζου	p a p a ɾ i z u
παρέμεναν	p a ɾ e m e n a n
παραθαλάσσιο	p a ɾ a θ a l a s i o
παραιτηθώ	p a ɾ e t i θ o
παρουσίαζαν	p a ɾ u s i a z a n
πασχαλίδησ	p a s x a l i ð i s
πατριωτισμό	p a t ɾ i o t i z m o
παχέοσ	p a ç e o s
πεζοναύτεσ	p e z o n a f t e s
πεθερό	p e θ e ɾ o
πειστική	p i s t i c i
περιμενουμε	p e ɾ i m e n u m e
περιττόσ	p e ɾ i t o s
περιφέρονται	p e ɾ i f e ɾ o n d e
περσών	p e ɾ s o n
πιθήκουσ	p i θ i k u s
πιθανότητασ	p i θ a n o t i t a s
πιστη	p i s t i
πιστοποιεί	p i s t o p i i
πλαστικόσ	p l a s t i k o s
πληρότητα	p l i ɾ o t i t a
πλούσιων	p l u s i o n
πλούταρχο	p l u t a ɾ x o
ποδηλάτησ	p o ð i l a t i s
ποιοτητα	p i o t i t a
πολιτειακή	p o l i t i a c i
πονηρό	p o n i ɾ o
ποτηράκι	p o t i ɾ a c i
πουλά	p u l a
πράγασ	p ɾ a ɣ a s
πράσινησ	p ɾ a s i n i s
πρέστον	p ɾ e s t o n
πραγματάκια	p ɾ a ɣ m a t a c a
προκαλούσαν	p ɾ o k a l u s a n
προκρίθηκαν	p ɾ o k ɾ i θ i k a n
προσποιείται	p ɾ o s p i i t e
προσφορών	p ɾ o s f o ɾ o n
προσωρινόσ	p ɾ o s o ɾ i n o s
προτίμησαν	p ɾ o t i m i s a n
προφανωσ	p ɾ o f a n o s
πυγμαχία	p i ɣ m a ç i a
πυρήνων	p i ɾ i n o n
πυρηνικόσ	p i ɾ i n i k o s
πυροβολισμών	p i ɾ o v o l i z m o n
πυροβόλο	p i ɾ o v o l o
πόε	p o e
ροφήματα	ɾ o f i m a t a
σήμανσησ	s i m a n s i s
σιδηρόπουλοσ	s i ð i ɾ o p u l o s
σιωπηλόσ	s i o p i l o s
σκέπτεται	s c e p t e t e
σκαριά	s k a ɾ ʝ a
σκεφτήκαμε	s c e f t i k a m e
σκηνη	s c i n i
σπιτικά	s p i t i k a
στήριζε	s t i ɾ i z e
στίβοσ	s t i v o s
σταφίδα	s t a f i ð a
στρατηγούσ	s t ɾ a t i ɣ u s
στυλιανόσ	s t i ʎ a n o s
συγκεκριμένοι	s i ŋ ɟ e k ɾ i m e n i
συγκεντρώνοντασ	s i ŋ ɟ e n d ɾ o n o n d a s
συγκλίνουν	s i ŋ ɡ l i n u n
συζυγοσ	s i z i ɣ o s
συναγωγή	s i n a ɣ o ʝ i
συναισθηματικήσ	s i n e s θ i m a t i c i s
συνανθρώπουσ	s i n a n θ ɾ o p u s
συνδυάζουν	s i n ð i a z u n
συνταξιοδοτικό	s i n d a k s i o ð o t i k o
συσκέψεων	s i s c e p s e o n
συχνα	s i x n a
σύγκρισησ	s i ŋ ɡ ɾ i s i s
σώστε	s o s t e
ται	t e
ταυτοτητα	t a f t o t i t a
ταϊλάνδησ	t a i̯ l a n ð i s
τελοσπάντων	t e l o s p a n d o n
τζακούζι	d͡z a k u z i
τομέων	t o m e o n
τοποθέτησαν	t o p o θ e t i s a n
τρομερόσ	t ɾ o m e ɾ o s
τρομοκρατικήσ	t ɾ o m o k ɾ a t i c i s
υιοθεσίασ	i o θ e s i a s
υπέρηχο	i p e ɾ i x o
υποκριτικήσ	i p o k ɾ i t i c i s
υπολογίζουν	i p o l o ʝ i z u n
υπονοούμενα	i p o n o u m e n a
υποχώρησαν	i p o x o ɾ i s a n
υφάσματοσ	i f a z m a t o s
φάσεων	f a s e o n
φερω	f e ɾ o
φιλελευθερισμό	f i l e l e f θ e ɾ i z m o
φιλοσοφικέσ	f i l o s o f i c e s
φοβία	f o v i a
φουσκωτό	f u s k o t o
φρεγάτεσ	f ɾ e ɣ a t e s
φρυδιών	f ɾ i ð ʝ o n
χαρακτηρισμούσ	x a ɾ a k t i ɾ i z m u s
χαρτοπετσέτεσ	x a ɾ t o p e t͡s e t e s
χτίζουμε	x t i z u m e
χύθηκε	ç i θ i c e
ψυχρά	p s i x ɾ a
ψύχραιμη	p s i x ɾ e m i
όλασ	o l a s
άγνωστησ	a ɣ n o s t i s
άγνωστου	a ɣ n o s t u
άπαντα	a p a n d a
άσο	a s o
έδαφόσ	e ð a f o s
έμμεσο	e m e s o
έφοροσ	e f o ɾ o s
αθήναισ	a θ i n e s
ακτίου	a k t i u
ακτοφυλακή	a k t o f i l a c i
αλλοίωση	a l i o s i
αμυντικών	a m i n d i k o n
αμφιβολίασ	a ɱ f i v o l i a s
αμφιλοχία	a ɱ f i l o ç i a
ανάφλεξη	a n a f l e k s i
ανήλικη	a n i l i c i
αναδύεται	a n a ð i e t e
ανακαλύπτεισ	a n a k a l i p t i s
αναπτύσσοντασ	a n a p t i s o n d a s
ανατρέπει	a n a t ɾ e p i
ανοδικά	a n o ð i k a
αντικαθιστούν	a n d i k a θ i s t u n
αντιστράτηγοσ	a n d i s t ɾ a t i ɣ o s
αποδοτικότητα	a p o ð o t i k o t i t a
αποθηκεύεται	a p o θ i c e v e t e
αποκέντρωσησ	a p o c e n d ɾ o s i s
απομίμηση	a p o m i m i s i
αποστόλησ	a p o s t o l i s
απόκτησε	a p o k t i s e
αργυρούπολησ	a ɾ ʝ i ɾ u p o l i s
αργόσ	a ɾ ɣ o s
αρουραίουσ	a ɾ u ɾ e u s
αρπακτικό	a ɾ p a k t i k o
αρχαιότητεσ	a ɾ ç e o t i t e s
αρχιτεκτονικέσ	a ɾ ç i t e k t o n i c e s
ασκήσεωσ	a s c i s e o s
αστικόσ	a s t i k o s
ασχολούνταν	a s x o l u n d a n
αφεντικο	a f e n d i k o
αφρικανική	a f ɾ i k a n i c i
αόρατα	a o ɾ a t a
βίτο	v i t o
βαδίζουμε	v a ð i z u m e
βγείσ	v ʝ i s
βομβών	v o ɱ v o n
βουντού	v u n d u
βούλγαρη	v u l ɣ a ɾ i
βρεφών	v ɾ e f o n
γέλιου	ʝ e ʎ u
γαλήνια	ɣ a l i ɲ a
γεμίζουμε	ʝ e m i z u m e
γενίκευση	ʝ e n i c e f s i
γενετικέσ	ʝ e n e t i c e s
γκο	ɡ o
γκογκ	ɡ o ŋ ɡ
γνωρίζεται	ɣ n o ɾ i z e t e
γυναικεια	ʝ i n e c i a
δάσκαλό	ð a s k a l o
δίδυμουσ	ð i ð i m u s
δακ	ð a k
δειλά	ð i l a
δεσμευτεί	ð e z m e f t i
δημοσιονομικά	ð i m o s i o n o m i k a
δημότησ	ð i m o t i s
διαβαστε	ð i̯ a v a s t e
διακύμανση	ð i̯ a c i m a n s i
διαλέγουμε	ð i̯ a l e ɣ u m e
διαμορφώσει	ð i̯ a m o ɾ f o s i
διασκεδάσει	ð i̯ a s c e ð a s i
διασκεδαστικά	ð i̯ a s c e ð a s t i k a
διαταγήσ	ð i̯ a t a ʝ i s
διαφωνίασ	ð i̯ a f o n i a s
διδακτορική	ð i ð a k t o ɾ i c i
δικαιώνει	ð i c e o n i
δισταγμό	ð i s t a ɣ m o
δραχμών	ð ɾ a x m o n
εγχείριση	e ŋ ç i ɾ i s i
εισηγήθηκε	i s i ʝ i θ i c e
εκδικητέσ	e k ð i c i t e s
εκλείψει	e k l i p s i
εκτίμησή	e k t i m i s i
ελεοσ	e l e o s
ελλείψει	e l i p s i
εναρξη	e n a ɾ k s i
ενεργήσει	e n e ɾ ʝ i s i
εντατικήσ	e n d a t i c i s
ενωμένα	e n o m e n a
εξελιγμένη	e k s e l i ɣ m e n i
επίμονη	e p i m o n i
επαναλαμβανόμενη	e p a n a l a ɱ v a n o m e n i
επαναστατικού	e p a n a s t a t i k u
επιδείνωσησ	e p i ð i n o s i s
επικίνδυνουσ	e p i c i n ð i n u s
επιλέχθηκαν	e p i l e x θ i k a n
εσεε	e s e e
ετοιμασίεσ	e t i m a s i e s
ευτυχείσ	e f t i ç i s
εφυγαν	e f i ɣ a n
εύχονται	e f x o n d e
ζήλευε	z i l e v e
ζήτησεσ	z i t i s e s
ζωνη	z o n i
ηλεκτρομαγνητική	i l e k t ɾ o m a ɣ n i t i c i
ηλιο	i ʎ o
θαυμάζουν	θ a v m a z u n
θαυματουργό	θ a v m a t u ɾ ɣ o
θεωριών	θ e o ɾ ʝ o n
θεώρησα	θ e o ɾ i s a
θηλασμού	θ i l a z m u
ιδίαν	i ð i a n
ικανέσ	i k a n e s
ιππόδρομο	i p o ð ɾ o m o
ιρλανδοί	i ɾ l a n ð i
ισοπαλίεσ	i s o p a l i e s
κάλεσα	k a l e s a
κάπτεν	k a p t e n
καθίζηση	k a θ i z i s i
καθοδηγήσει	k a θ o ð i ʝ i s i
καθορισμένο	k a θ o ɾ i z m e n o
καλίου	k a l i u
καλύβεσ	k a l i v e s
καννών	k a n o n
κανονικα	k a n o n i k a
κατάματα	k a t a m a t a
κατακτητών	k a t a k t i t o n
καταλαβει	k a t a l a v i
κατεστραμμένα	k a t e s t ɾ a m e n a
κατεστραμμένη	k a t e s t ɾ a m e n i
κατηγοριοποίηση	k a t i ɣ o ɾ i o p i i s i
κινείσαι	c i n i s e
κλήροσ	k l i ɾ o s
κοινοτικού	c i n o t i k u
κοιτάζουμε	c i t a z u m e
κολλήσεισ	k o l i s i s
κομμα	k o m a
κουνελάκι	k u n e l a c i
κουτάκια	k u t a c a
κρατικούσ	k ɾ a t i k u s
κριμα	k ɾ i m a
κρυφτούν	k ɾ i f t u n
κυνηγετικό	c i n i ʝ e t i k o
κυνουρίασ	c i n u ɾ i a s
κυπρο	c i p ɾ o
κόμβων	k o ɱ v o n
κόμποσ	k o m b o s
κόνορ	k o n o ɾ
κύησησ	c i i s i s
κύστησ	c i s t i s
λάντεν	l a n d e n
λαβύρινθοσ	l a v i ɾ i n θ o s
λαε	l a e
λαθρομεταναστών	l a θ ɾ o m e t a n a s t o n
λαο	l a o
λεοπάρδαλη	l e o p a ɾ ð a l i
λεωνίδιο	l e o n i ð i o
λισαβόνα	l i s a v o n a
λιώμα	ʎ o m a
λογικη	l o ʝ i c i
λογιστικήσ	l o ʝ i s t i c i s
λύγισε	l i ʝ i s e
μάγουσ	m a ɣ u s
μάρκασ	m a ɾ k a s
μαγικόσ	m a ʝ i k o s
μαθαίνετε	m a θ e n e t e
μαλακέσ	m a l a c e s
μαργαρίτασ	m a ɾ ɣ a ɾ i t a s
μασαχουσέτησ	m a s a x u s e t i s
μείωσαν	m i o s a n
μεα	m e a
μεγαλυτερο	m e ɣ a l i t e ɾ o
μεθυσμένοι	m e θ i z m e n i
μερ	m e ɾ
μεσογειακήσ	m e s o ʝ i a c i s
μεσοπολέμου	m e s o p o l e m u
μετατρέψουν	m e t a t ɾ e p s u n
μισούσε	m i s u s e
μιχαηλίδη	m i x a i l i ð i
μνημη	m n i m i
μολύβια	m o l i v i a
μπακογιάννησ	b a k o ʝ a n i s
μπαλί	b a l i
μπούτια	b u t ç a
μωρών	m o ɾ o n
νάνουσ	n a n u s
νεμέασ	n e m e a s
νεου	n e u
νεράκι	n e ɾ a c i
νοθεία	n o θ i a
ντρου	d ɾ u
ξεχασμένο	k s e x a z m e n o
ξεχωριστούσ	k s e x o ɾ i s t u s
ξυπνήσετε	k s i p n i s e t e
ξόρκι	k s o ɾ c i
οίνοσ	i n o s
οδικά	o ð i k a
ολόψυχα	o l o p s i x a
οποτεδήποτε	o p o t e ð i p o t e
ορατόσ	o ɾ a t o s
οργασμόσ	o ɾ ɣ a z m o s
ορεκτικό	o ɾ e k t i k o
ουαου	u a u
οχιά	o ç a
οχυρά	o ç i ɾ a
πάγκαλου	p a ŋ ɡ a l u
πάτησεσ	p a t i s e s
πανέξυπνοσ	p a n e k s i p n o s
παράδοσή	p a ɾ a ð o s i
παράλογα	p a ɾ a l o ɣ a
παραγωγικό	p a ɾ a ɣ o ʝ i k o
παρεμβολέσ	p a ɾ e ɱ v o l e s
παροιμίεσ	p a ɾ i m i e s
πασίγνωστη	p a s i ɣ n o s t i
πεντανόστιμο	p e n d a n o s t i m o
πεποιθήσεων	p e p i θ i s e o n
περιπολία	p e ɾ i p o l i a
περιστρέφονται	p e ɾ i s t ɾ e f o n d e
περπατήσεισ	p e ɾ p a t i s i s
πεταχτεί	p e t a x t i
πετύχαινε	p e t i ç e n e
πεύκο	p e f k o
πιάσανε	p ç a s a n e
πιστοποίησησ	p i s t o p i i s i s
πλαστικών	p l a s t i k o n
πλαστογραφία	p l a s t o ɣ ɾ a f i a
πλατεια	p l a t i a
πλοίαρχο	p l i a ɾ x o
πλύνε	p l i n e
πολάκησ	p o l a c i s
πολεοδομικού	p o l e o ð o m i k u
πολιτισμικήσ	p o l i t i z m i c i s
πουλ	p u l
πρέσβειρα	p ɾ e z v i ɾ a
πραξικοπηματίεσ	p ɾ a k s i k o p i m a t i e s
προέτρεψε	p ɾ o e t ɾ e p s e
προεκλογικήσ	p ɾ o e k l o ʝ i c i s
προετοιμάζουν	p ɾ o e t i m a z u n
προηγμένη	p ɾ o i ɣ m e n i
προλάβετε	p ɾ o l a v e t e
προσέφυγε	p ɾ o s e f i ʝ e
προσφυγικού	p ɾ o s f i ʝ i k u
προτιμάει	p ɾ o t i m a i
προχωρημένο	p ɾ o x o ɾ i m e n o
πρωθυπουργία	p ɾ o θ i p u ɾ ʝ i a
πρωταγωνιστήσει	p ɾ o t a ɣ o n i s t i s i
πρωταρχικόσ	p ɾ o t a ɾ ç i k o s
πρότινοσ	p ɾ o t i n o s
πυγμάχοσ	p i ɣ m a x o s
ράβδουσ	ɾ a v ð u s
ραγίζει	ɾ a ʝ i z i
ρατσιστέσ	ɾ a t͡s i s t e s
ριο	ɾ i o
ρούσβελτ	ɾ u z v e l t
σεναρίων	s e n a ɾ i o n
σιδέρη	s i ð e ɾ i
σιδηροδρόμων	s i ð i ɾ o ð ɾ o m o n
σοφοκλή	s o f o k l i
σπανού	s p a n u
σταθεροποιηθεί	s t a θ e ɾ o p i i θ i
στελέχωση	s t e l e x o s i
στερούνται	s t e ɾ u n d e
στρατο	s t ɾ a t o
συγκίνησησ	s i ŋ ɟ i n i s i s
συμπεριλαμβάνουν	s i m b e ɾ i l a ɱ v a n u n
συνέχισα	s i n e ç i s a
συνδεσιμότητα	s i n ð e s i m o t i t a
συνεβη	s i n e v i
συνηθίζεισ	s i n i θ i z i s
συνταξιοδότηση	s i n d a k s i o ð o t i s i
συντριβάνι	s i n d ɾ i v a n i
σφακιανάκησ	s f a c a n a c i s
σχεδίαζαν	s ç e ð i a z a n
σωστη	s o s t i
ταξιδέψουμε	t a k s i ð e p s u m e
ταχέωσ	t a ç e o s
τελετουργία	t e l e t u ɾ ʝ i a
τεχνη	t e x n i
τζόγο	d͡z o ɣ o
τηλε	t i l e
τηρεί	t i ɾ i
τιμητικό	t i m i t i k o
τολμηρόσ	t o l m i ɾ o s
τρέξουμε	t ɾ e k s u m e
τριχωτό	t ɾ i x o t o
τροπικά	t ɾ o p i k a
τροφική	t ɾ o f i c i
υιοθετώντασ	i o θ e t o n d a s
υπόθεσή	i p o θ e s i
υφυπουργού	i f i p u ɾ ɣ u
φακού	f a k u
φανατικούσ	f a n a t i k u s
φανταστικού	f a n d a s t i k u
φιλόδοξη	f i l o ð o k s i
φοβήθηκαν	f o v i θ i k a n
φορτωμένο	f o ɾ t o m e n o
φωκίδα	f o c i ð a
φόρτωση	f o ɾ t o s i
χαραγμένο	x a ɾ a ɣ m e n o
χατίρι	x a t i ɾ i
χειροτονήθηκε	ç i ɾ o t o n i θ i c e
χορηγούνται	x o ɾ i ɣ u n d e
χορηγούσ	x o ɾ i ɣ u s
χρεώνει	x ɾ e o n i
χρυσόστομο	x ɾ i s o s t o m o
χωρισμένοι	x o ɾ i z m e n i
ψευδήσ	p s e v ð i s
ωφελήσει	o f e l i s i
όθωνα	o θ o n a
όλυμποσ	o l i m b o s
άλκησ	a l c i s
άργησαν	a ɾ ʝ i s a n
άφοβα	a f o v a
έδεσαν	e ð e s a n
έκλεισεσ	e k l i s e s
έκσταση	e k s t a s i
έπη	e p i
έχαναν	e x a n a n
ίσου	i s u
αγαπούσαν	a ɣ a p u s a n
αδιαφορεί	a ð i̯ a f o ɾ i
αδυνατούν	a ð i n a t u n
αλογο	a l o ɣ o
αμυγδάλου	a m i ɣ ð a l u
ανάβεισ	a n a v i s
ανέλαβα	a n e l a v a
αναδείχτηκε	a n a ð i x t i c e
αναλογικό	a n a l o ʝ i k o
ανανεώσει	a n a n e o s i
αναπαράγονται	a n a p a ɾ a ɣ o n d e
αναπνέεισ	a n a p n e i s
ανδρικήσ	a n ð ɾ i c i s
ανδρόσ	a n ð ɾ o s
ανεβαίνοντασ	a n e v e n o n d a s
ανεπιθύμητη	a n e p i θ i m i t i
ανησυχεισ	a n i s i ç i s
ανοιχτα	a n i x t a
αντικειμενικόσ	a n d i c i m e n i k o s
αντικυθήρων	a n d i c i θ i ɾ o n
αξιωματική	a k s i o m a t i c i
απάντησεσ	a p a n d i s e s
απαγωγέσ	a p a ɣ o ʝ e s
απαιτούμενα	a p e t u m e n a
απαντάμε	a p a n d a m e
αποδεικνύονται	a p o ð i k n i o n d e
αποδόθηκε	a p o ð o θ i c e
απομακρύνετε	a p o m a k ɾ i n e t e
απορρυπαντικό	a p o ɾ i p a n d i k o
αποστολόπουλοσ	a p o s t o l o p u l o s
απρόβλεπτεσ	a p ɾ o v l e p t e s
απόρριψησ	a p o ɾ i p s i s
απότομο	a p o t o m o
αργυρού	a ɾ ʝ i ɾ u
αριστοφάνησ	a ɾ i s t o f a n i s
αρκτική	a ɾ k t i c i
αρταίων	a ɾ t e o n
ασταθέσ	a s t a θ e s
αστερισμό	a s t e ɾ i z m o
ατομικού	a t o m i k u
αυτοκτονεί	a f t o k t o n i
αυτόματησ	a f t o m a t i s
βήματοσ	v i m a t o s
βαθιάσ	v a θ ç a s
βασιλησ	v a s i l i s
βγαινει	v ʝ e n i
βλεπει	v l e p i
βολτα	v o l t a
βουλγάρων	v u l ɣ a ɾ o n
βράχοι	v ɾ a ç i
γέρνει	ʝ e ɾ n i
γειτόνων	ʝ i t o n o n
γιουνγκ	ʝ u ŋ ɡ
γκρέκο	ɡ ɾ e k o
γκόμεζ	ɡ o m e z
γνωρίστηκαν	ɣ n o ɾ i s t i k a n
γνωστικό	ɣ n o s t i k o
γυμνασιο	ʝ i m n a s i o
δένουν	ð e n u n
δανείστηκε	ð a n i s t i c e
δανειολήπτεσ	ð a n i o l i p t e s
δευτερεύουσα	ð e f t e ɾ e v u s a
δημιουργούσαν	ð i m i u ɾ ɣ u s a n
δημοσίευσησ	ð i m o s i e f s i s
διακεκριμένοσ	ð i̯ a c e k ɾ i m e n o s
διαλέγουν	ð i̯ a l e ɣ u n
διαλόγων	ð i̯ a l o ɣ o n
διανέμεται	ð i̯ a n e m e t e
διατροφη	ð i̯ a t ɾ o f i
διενεργήθηκε	ð i e n e ɾ ʝ i θ i c e
δικτυακόσ	ð i k t i a k o s
διοικείται	ð i i c i t e
διορίζεται	ð i o ɾ i z e t e
διορισμού	ð i o ɾ i z m u
διόνυσο	ð i o n i s o
δοκιμάζεισ	ð o c i m a z i s
δολοφονείται	ð o l o f o n i t e
δομη	ð o m i
δρομοσ	ð ɾ o m o s
δυσκολεύει	ð i s k o l e v i
δωδώνησ	ð o ð o n i s
εγένετο	e ʝ e n e t o
εδαφικήσ	e ð a f i c i s
εθεάθη	e θ e a θ i
εθνικοσ	e θ n i k o s
εισβάλλουν	i z v a l u n
εκάλη	e k a l i
εκλέχθηκε	e k l e x θ i c e
εκπτωση	e k p t o s i
εκτέλεσή	e k t e l e s i
εκτιμούμε	e k t i m u m e
ελεγκτή	e l e ŋ ɡ t i
ελεγχοσ	e l e ŋ x o s
εμπειρογνωμόνων	e m b i ɾ o ɣ n o m o n o n
εναπομείναντα	e n a p o m i n a n d a
εναπομείναντεσ	e n a p o m i n a n d e s
ενδιαφέρεσαι	e n ð i̯ a f e ɾ e s e
ενετικό	e n e t i k o
ενηλικίωση	e n i l i c i o s i
εξαγοράσ	e k s a ɣ o ɾ a s
εξοδα	e k s o ð a
εξολοκλήρου	e k s o l o k l i ɾ u
επαναστάτη	e p a n a s t a t i
επικεντρώθηκε	e p i c e n d ɾ o θ i c e
επισκεφτείσ	e p i s c e f t i s
επιστρέφονται	e p i s t ɾ e f o n d e
επιτακτική	e p i t a k t i c i
επιφανείασ	e p i f a n i a s
εργάζεστε	e ɾ ɣ a z e s t e
ευτυχισμένουσ	e f t i ç i z m e n u s
ευχηθούμε	e f ç i θ u m e
εφερε	e f e ɾ e
εφετείου	e f e t i u
ζήστε	z i s t e
ζεσταίνει	z e s t e n i
ζωντανεύουν	z o n d a n e v u n
ζώη	z o i
ηρθαμε	i ɾ θ a m e
θελε	θ e l e
θεοτόκοσ	θ e o t o k o s
θορύβου	θ o ɾ i v u
θορύβουσ	θ o ɾ i v u s
ιγ	i ɣ
ιδανικέσ	i ð a n i c e s
ιδιότητασ	i ð i o t i t a s
ιη	i i
ιλιάδα	i ʎ a ð a
ινδόσ	i n ð o s
ιουλ	i u l
ιπτάμενα	i p t a m e n a
ισραηλ	i s ɾ a i l
καθαρίσεισ	k a θ a ɾ i s i s
καθυστερήσεων	k a θ i s t e ɾ i s e o n
καλέσουμε	k a l e s u m e
καλείτε	k a l i t e
καλλέργη	k a l e ɾ ʝ i
καλοκαιρινήσ	k a l o c e ɾ i n i s
καλυτεροσ	k a l i t e ɾ o s
καμάκι	k a m a c i
καρίμ	k a ɾ i m
κατάρεσ	k a t a ɾ e s
καταδίκεσ	k a t a ð i c e s
καταχωρήσεισ	k a t a x o ɾ i s i s
κατευθύνθηκε	k a t e f θ i n θ i c e
κατορθώσει	k a t o ɾ θ o s i
κεντρικούσ	c e n d ɾ i k u s
κθβε	k θ v e
κοίταξεσ	c i t a k s e s
κοινοτικά	c i n o t i k a
κολυμπάει	k o l i m b a i
κοπούν	k o p u n
κουταλιέσ	k u t a ʎ e s
κουτι	k u t i
κουτσομπολιά	k u t s o b o ʎ a
κυπ	c i p
κωδική	k o ð i c i
κωστάκησ	k o s t a c i s
κόβοντασ	k o v o n d a s
λάμβαναν	l a ɱ v a n a n
λάμπησ	l a m b i s
λεζάντα	l e z a n d a
λιστα	l i s t a
λιώνουν	ʎ o n u n
λυπημένοσ	l i p i m e n o s
λυσεισ	l i s i s
μέντορασ	m e n d o ɾ a s
μέτα	m e t a
μίντια	m i n d i a
μίσθωση	m i s θ o s i
μαζεύεισ	m a z e v i s
μαλώνετε	m a l o n e t e
μανόλησ	m a n o l i s
μαρτύρησε	m a ɾ t i ɾ i s e
μαυρη	m a v ɾ i
μενταγιόν	m e n d a ʝ o n
μεσαίωνασ	m e s e o n a s
μετεωρίτησ	m e t e o ɾ i t i s
μιλφ	m i l f
μινι	m i n i
μοιχεία	m i ç i a
μολυσμένα	m o l i z m e n a
μονα	m o n a
μοντ	m o n d
μπάντι	b a n d i
μπλου	b l u
νίκολσ	n i k o l s
ναζιστέσ	n a z i s t e s
νεκρήσ	n e k ɾ i s
νεμπράσκα	n e m b ɾ a s k a
νεογέννητα	n e o ʝ e n i t a
νευρικότητα	n e v ɾ i k o t i t a
νεφέλωμα	n e f e l o m a
νεότητα	n e o t i t a
νικοτίνη	n i k o t i n i
νομισματοκοπείο	n o m i z m a t o k o p i o
νοσηλεύονται	n o s i l e v o n d e
νυχτερινήσ	n i x t e ɾ i n i s
νότοσ	n o t o s
ξαναλέμε	k s a n a l e m e
ξεχειλίζει	k s e ç i l i z i
ξημερώνει	k s i m e ɾ o n i
οδικήσ	o ð i c i s
οικουμενικήσ	i k u m e n i c i s
ομιλητή	o m i l i t i
ομολογήσει	o m o l o ʝ i s i
ονειρευόμαστε	o n i ɾ e v o m a s t e
οπή	o p i
ορατέσ	o ɾ a t e s
οφειλόταν	o f i l o t a n
πάτοσ	p a t o s
πέταξεσ	p e t a k s e s
παθολογία	p a θ o l o ʝ i a
παιδικοί	p e ð i c i
παλάμεσ	p a l a m e s
παλμούσ	p a l m u s
παράμετροσ	p a ɾ a m e t ɾ o s
παραβολή	p a ɾ a v o l i
παραγωγικότητασ	p a ɾ a ɣ o ʝ i k o t i t a s
παραδεχτείσ	p a ɾ a ð e x t i s
παρατάει	p a ɾ a t a i
παρατίθεται	p a ɾ a t i θ e t e
παρνασσού	p a ɾ n a s u
πεισματικά	p i z m a t i k a
πεκ	p e k
περαστικοί	p e ɾ a s t i c i
περικοπών	p e ɾ i k o p o n
πηδάνε	p i ð a n e
πιθανοτήτων	p i θ a n o t i t o n
πισώπλατα	p i s o p l a t a
πλένεισ	p l e n i s
πληροφορήθηκε	p l i ɾ o f o ɾ i θ i c e
πνευμα	p n e v m a
ποιήματοσ	p i i m a t o s
πολάκη	p o l a c i
ποτού	p o t u
πουαρό	p u a ɾ o
πρασινο	p ɾ a s i n o
προλάβαμε	p ɾ o l a v a m e
προλαβαίνεισ	p ɾ o l a v e n i s
προοίμιο	p ɾ o i m i o
προορίζονταν	p ɾ o o ɾ i z o n d a n
προσέγγισε	p ɾ o s e ŋ ɟ i s e
προσέξουν	p ɾ o s e k s u n
προσποιείσαι	p ɾ o s p i i s e
προσφυγέσ	p ɾ o s f i ʝ e s
προσφυγικών	p ɾ o s f i ʝ i k o n
προωθήσουν	p ɾ o o θ i s u n
προωθηθεί	p ɾ o o θ i θ i
πρωτεύουσεσ	p ɾ o t e v u s e s
ράβδοσ	ɾ a v ð o s
ράμπο	ɾ a m b o
ρίζασ	ɾ i z a s
ραμ	ɾ a m
ριζικέσ	ɾ i z i c e s
ρούντολφ	ɾ u n d o l f
ρύπων	ɾ i p o n
σίλβερ	s i l v e ɾ
σαμάρα	s a m a ɾ a
σαντάμ	s a n d a m
σαρώνει	s a ɾ o n i
σεβαστό	s e v a s t o
σετε	s e t e
σιδηροδρομικών	s i ð i ɾ o ð ɾ o m i k o n
σιδηρόδρομοσ	s i ð i ɾ o ð ɾ o m o s
σκουλαρίκι	s k u l a ɾ i c i
σκουριέσ	s k u ɾ ʝ e s
σκόπελο	s k o p e l o
στή	s t i
σταλούν	s t a l u n
στραφούν	s t ɾ a f u n
συγκοινωνία	s i ŋ ɟ i n o n i a
συμπεριφορών	s i m b e ɾ i f o ɾ o n
συναλλαγήσ	s i n a l a ʝ i s
συνδεθούν	s i n ð e θ u n
συνδυασμένη	s i n ð i a z m e n i
συνοπτικέσ	s i n o p t i c e s
συντακτική	s i n d a k t i c i
σφαλμάτων	s f a l m a t o n
σύμφωνοι	s i ɱ f o n i
σύνθετεσ	s i n θ e t e s
ταχυδρομικό	t a ç i ð ɾ o m i k o
ταχυκαρδία	t a ç i k a ɾ ð i a
τεμένουσ	t e m e n u s
τετραγώνου	t e t ɾ a ɣ o n u
τζέραλντ	d͡z e ɾ a l d
τηλεκοντρόλ	t i l e k o n d ɾ o l
τηλεοπτικόσ	t i l e o p t i k o s
τινά	t i n a
τινάξει	t i n a k s i
τολμάει	t o l m a i
τολμήσεισ	t o l m i s i s
τορπίλεσ	t o ɾ p i l e s
τουρ	t u ɾ
τουριστικού	t u ɾ i s t i k u
τουρκοκύπριοι	t u ɾ k o c i p ɾ i i
τράπουλα	t ɾ a p u l a
τρέφει	t ɾ e f i
τραπεζεσ	t ɾ a p e z e s
τραυματισμών	t ɾ a v m a t i z m o n
τραύματά	t ɾ a v m a t a
τρωκτικά	t ɾ o k t i k a
τσιμπήσει	t͡s i m b i s i
τυπο	t i p o
τόκυο	t o c i o
υλοποιείται	i l o p i i t e
υπεροχήσ	i p e ɾ o ç i s
υποσχόμενη	i p o s x o m e n i
υποχωρήσουν	i p o x o ɾ i s u n
υπόπτων	i p o p t o n
υπόσχεσή	i p o s ç e s i
φανταστούμε	f a n d a s t u m e
φασιστών	f a s i s t o n
φερόταν	f e ɾ o t a n
φετοσ	f e t o s
φιλοσόφων	f i l o s o f o n
φοιτητικήσ	f i t i t i c i s
φωτογραφήθηκε	f o t o ɣ r a f i θ i c e
χαντάκι	x a n d a c i
χασάπησ	x a s a p i s
χατζόπουλοσ	x a d͡z o p u l o s
χλωμό	x l o m o
χοληστερόλη	x o l i s t e ɾ o l i
χορευτικέσ	x o ɾ e f t i c e s
χρειαζόμουν	x ɾ i a z o m u n
χώνει	x o n i
χώσω	x o s o
ψευδώσ	p s e v ð o s
ψηφίστε	p s i f i s t e
ωραρίου	o ɾ a ɾ i u
όμορφουσ	o m o ɾ f u s
ύβρεισ	i v ɾ i s
ύποπτα	i p o p t a
ύφουσ	i f u s
άβυσσο	a v i s o
άιρεσ	a i ɾ e s
άκουγαν	a k u ɣ a n
άριστο	a ɾ i s t o
έβερτον	e v e ɾ t o n
έθαψε	e θ a p s e
έλλησ	e l i s
έπαρση	e p a ɾ s i
έσκισε	e s c i s e
ίκαροσ	i k a ɾ o s
αγνοία	a ɣ n i a
αγωνιστικού	a ɣ o n i s t i k u
αδίστακτοσ	a ð i s t a k t o s
αληθήσ	a l i θ i s
αμέλια	a m e ʎ a
αμυνασ	a m i n a s
αμφίβολο	a ɱ f i v o l o
ανάρτησησ	a n a ɾ t i s i s
ανήλικουσ	a n i l i k u s
ανίκανο	a n i k a n o
αναβάλλεται	a n a v a l e t e
αναγκάζοντασ	a n a ŋ ɡ a z o n d a s
αναγκασμένοσ	a n a ŋ ɡ a z m e n o s
ανακηρύχθηκε	a n a c i ɾ i x θ i c e
αναστασίασ	a n a s t a s i a s
ανατρεπτική	a n a t ɾ e p t i c i
αναφέρεστε	a n a f e ɾ e s t e
ανθίζουν	a n θ i z u n
ανοιξη	a n i k s i
ανοιχτοί	a n i x t i
αντίληψή	a n d i l i p s i
αντίφαση	a n d i f a s i
αντανακλούν	a n d a n a k l u n
ανυπαρξία	a n i p a ɾ k s i a
ανόητα	a n o i t a
απέλυσαν	a p e l i s a n
απελευθερώθηκε	a p e l e f θ e ɾ o θ i c e
απευθύνθηκε	a p e f θ i n θ i c e
αποδεικτικών	a p o ð i k t i k o n
απορρίφθηκαν	a p o ɾ i f θ i k a n
απορροφήσει	a p o ɾ o f i s i
αραιά	a ɾ e a
αργίασ	a ɾ ʝ i a s
ασαφέσ	a s a f e s
ασιάτεσ	a s ç a t e s
ασκούνται	a s k u n d e
αστέγων	a s t e ɣ o n
ασυνείδητο	a s i n i ð i t o
ασφαλισμένουσ	a s f a l i z m e n u s
αφήσατε	a f i s a t e
αχεπα	a ç e p a
βαρεμάρα	v a ɾ e m a ɾ a
βδομαδα	v ð o m a ð a
βιάζονται	v i a z o n d e
βιώνουν	v i o n u n
βλάχου	v l a x u
βόγιατζερ	v o ʝ a d͡z e ɾ
γίνανε	ʝ i n a n e
γελάσουμε	ʝ e l a s u m e
γεμίζεισ	ʝ e m i z i s
γενέτειρά	ʝ e n e t i ɾ a
γκρινιάζεισ	ɡ ɾ i ɲ a z i s
γλυπτών	ɣ l i p t o n
γονέασ	ɣ o n e a s
γραμμένοσ	ɣ ɾ a m e n o s
γραμματικό	ɣ ɾ a m a t i k o
γραφειοκρατίασ	ɣ ɾ a f i o k ɾ a t i a s
γυρισμό	ʝ i ɾ i z m o
γόνοσ	ɣ o n o s
δέκτεσ	ð e k t e s
δίδυμη	ð i ð i m i
δακε	ð a c e
δακτύλων	ð a k t i l o n
δανείζεται	ð a n i z e t e
δεκαπενταύγουστο	ð e k a p e n d a v ɣ u s t o
δεσμεύονται	ð e z m e v o n d e
δηλώστε	ð i l o s t e
δημιουργικόσ	ð i m i u ɾ ʝ i k o s
διήρκησε	ð i i ɾ c i s e
διαδεδομένο	ð i̯ a ð e ð o m e n o
διαδηλώσεων	ð i̯ a ð i l o s e o n
διαδραστικό	ð i̯ a ð ɾ a s t i k o
διδάκτορασ	ð i ð a k t o ɾ a s
διεξάγουν	ð i e k s a ɣ u n
δικαιωματα	ð i c e o m a t a
δικαστηριο	ð i k a s t i ɾ i o
δινόταν	ð i n o t a n
δράκων	ð ɾ a k o n
δυτικούσ	ð i t i k u s
δυτικόσ	ð i t i k o s
δύει	ð i i
εα	e a
εβδομαδεσ	e v ð o m a ð e s
εγγραφεί	e ŋ ɣ r a f i
εγκαινίων	e ŋ ɟ e n i o n
εδέμ	e ð e m
εδα	e ð a
εικονογραφήσεισ	i k o n o ɣ r a f i s i s
εισαγγελέων	i s a ŋ ɟ e l e o n
εισαγωγών	i s a ɣ o ɣ o n
εισοδοσ	i s o ð o s
εκλεκτόσ	e k l e k t o s
εκτείνονται	e k t i n o n d e
εκτελεστικόσ	e k t e l e s t i k o s
ελβετική	e l v e t i c i
εμβρύου	e ɱ v ɾ i u
εμπειρογνώμονεσ	e m b i ɾ o ɣ n o m o n e s
εμπνεύσει	e m b n e f s i
εμφανίσει	e ɱ f a n i s i
εναλλάσσονται	e n a l a s o n d e
εναλλακτικών	e n a l a k t i k o n
ενθουσιώδησ	e n θ u s i o ð i s
εντοπίσουμε	e n d o p i s u m e
εξαντλήσει	e k s a n d l i s i
εξαρτήσεισ	e k s a ɾ t i s i s
εξασφάλισαν	e k s a s f a l i s a n
εξελίξει	e k s e l i k s i
εξερευνήσει	e k s e ɾ e v n i s i
επαναληπτική	e p a n a l i p t i c i
επανεμφάνιση	e p a n e ɱ f a n i s i
επανεξέταση	e p a n e k s e t a s i
επανορθώσεισ	e p a n o ɾ θ o s i s
επιδιώκοντασ	e p i ð i o k o n d a s
επιλυθεί	e p i l i θ i
επιστημονικούσ	e p i s t i m o n i k u s
επιστρέψεισ	e p i s t ɾ e p s i s
ερευνητικού	e ɾ e v n i t i k u
ερωτευτώ	e ɾ o t e f t o
εσωτερικοί	e s o t e ɾ i c i
ετε	e t e
ευρωλίγκασ	e v ɾ o l i ŋ ɡ a s
εφαρμοσμένων	e f a ɾ m o z m e n o n
ηθικών	i θ i k o n
θεαματική	θ e a m a t i c i
θελήσουν	θ e l i s u n
θεματικέσ	θ e m a t i c e s
θρανία	θ ɾ a n i a
θρεπτικών	θ ɾ e p t i k o n
ιγνατίου	i ɣ n a t i u
ισχυρότεροσ	i s ç i ɾ o t e ɾ o s
κάμπου	k a m b u
καθοδήγησησ	k a θ o ð i ʝ i s i s
καλωδίων	k a l o ð i o n
καλύμματα	k a l i m a t a
καλύψετε	k a l i p s e t e
καμίλα	k a m i l a
καρφώσει	k a ɾ f o s i
κατέφυγαν	k a t e f i ɣ a n
καταθέτουν	k a t a θ e t u n
κατασκεύασαν	k a t a s c e v a s a n
κείνο	c i n o
κεντρικη	c e n d ɾ i c i
κερδοσκοπική	c e ɾ ð o s k o p i c i
κεφάλα	c e f a l a
κηρύγματα	c i ɾ i ɣ m a t a
κληρικόσ	k l i ɾ i k o s
κληρονομική	k l i ɾ o n o m i c i
κλινικών	k l i n i k o n
κλωντ	k l o n d
κοινοβουλευτικόσ	c i n o v u l e f t i k o s
κολώνα	k o l o n a
κορούλα	k o ɾ u l a
κουίζ	k u i z
κουταβάκι	k u t a v a c i
κρατιέμαι	k ɾ a t ç e m e
κριτικούσ	k ɾ i t i k u s
κρυψώνα	k ɾ i p s o n a
κυκλοφορείσ	c i k l o f o ɾ i s
κυπρου	c i p ɾ u
κωστάκη	k o s t a c i
κόεν	k o e n
κόκαλο	k o k a l o
κόμπλεξ	k o b l e k s
κόντεψε	k o n d e p s e
κόπωσησ	k o p o s i s
κύλινδρο	c i l i n ð ɾ o
λάσπησ	l a s p i s
λαν	l a n
λανσάρει	l a n s a ɾ i
λατομείο	l a t o m i o
λειτουργούμε	l i t u ɾ ɣ u m e
λογήσ	l o ʝ i s
λογουσ	l o ɣ u s
λοιπούσ	l i p u s
λόρα	l o ɾ a
λόρι	l o ɾ i
μαέστρο	m a e s t ɾ o
μαίνεται	m e n e t e
μαγειρεύουμε	m a ʝ i ɾ e v u m e
μαγειρεύουν	m a ʝ i ɾ e v u n
μαζευτούν	m a z e f t u n
μαθηματικέσ	m a θ i m a t i c e s
μαλώνουμε	m a l o n u m e
μαρίνο	m a ɾ i n o
μαρτίν	m a ɾ t i n
ματίλντα	m a t i l d a
μεθυσμένη	m e θ i z m e n i
μεινω	m i n o
μελιγαλά	m e l i ɣ a l a
μεμβράνεσ	m e ɱ v ɾ a n e s
μεσάζοντεσ	m e s a z o n d e s
μεταμορφωθεί	m e t a m o ɾ f o θ i
μετόχουσ	m e t o x u s
μπάτσελορ	b a t͡s e l o ɾ
μπασκετ	b a s c e t
μπερνάρ	b e ɾ n a ɾ
μόλυβδο	m o l i v ð o
μόρισον	m o ɾ i s o n
νανά	n a n a
νατ	n a t
νεκροταφείου	n e k ɾ o t a f i u
νομισματικήσ	n o m i z m a t i c i s
νορθ	n o ɾ θ
νοτιο	n o t i o
νουμερο	n u m e ɾ o
ντίκενσ	d i c e n s
νόμισα	n o m i s a
ξανθά	k s a n θ a
ξενώνασ	k s e n o n a s
ξεράσω	k s e ɾ a s o
ξεφύγεισ	k s e f i ʝ i s
ξυλοδαρμό	k s i l o ð a ɾ m o
οβερ	o v e ɾ
οδο	o ð o
οδοφράγματα	o ð o f ɾ a ɣ m a t a
οικολογικήσ	i k o l o ʝ i c i s
οικονομικο	i k o n o m i k o
οικοπέδου	i k o p e ð u
ολιγαρχία	o l i ɣ a ɾ ç i a
ολοκληρωτικό	o l o k l i ɾ o t i k o
ομοφυλόφιλουσ	o m o f i l o f i l u s
ομώνυμου	o m o n i m u
οπτικού	o p t i k u
ορ	o ɾ
οτί	o t i
ουαλίασ	u a l i a s
πάγκρεασ	p a ŋ ɡ ɾ e a s
πάρτον	p a ɾ t o n
πίεζε	p i e z e
παλλήνησ	p a l i n i s
πανεπιστημιακοί	p a n e p i s t i m i a c i
παντων	p a n d o n
παραγωγικήσ	p a ɾ a ɣ o ʝ i c i s
παραιτήσεισ	p a ɾ e t i s i s
παυλοσ	p a v l o s
περίφραξη	p e ɾ i f ɾ a k s i
περιορίζοντασ	p e ɾ i o ɾ i z o n d a s
περισυλλογή	p e ɾ i s i l o ʝ i
περπατάμε	p e ɾ p a t a m e
πηδάλιο	p i ð a l i o
πιστολάκι	p i s t o l a c i
πληγώνεισ	p l i ɣ o n i s
πληκτρολογίου	p l i k t ɾ o l o ʝ i u
πληρώνεσαι	p l i ɾ o n e s e
ποιητικέσ	p i i t i c e s
ποικίλουν	p i c i l u n
πολεμάμε	p o l e m a m e
πολεμούσαν	p o l e m u s a n
πολυκατάστημα	p o l i k a t a s t i m a
πονά	p o n a
πονηρόσ	p o n i ɾ o s
πράξεών	p ɾ a k s e o n
πρεσβείεσ	p ɾ e z v i e s
προαιρετική	p ɾ o e ɾ e t i c i
προκριματικών	p ɾ o k ɾ i m a t i k o n
προοπτικήσ	p ɾ o o p t i c i s
προσεχείσ	p ɾ o s e ç i s
προσπάθησεσ	p ɾ o s p a θ i s e s
προσωπείο	p ɾ o s o p i o
προτιμούσαν	p ɾ o t i m u s a n
προφέρεται	p ɾ o f e ɾ e t e
προωθώντασ	p ɾ o o θ o n d a s
πτδ	p t ð
πόλουσ	p o l u s
ρεαλισμού	ɾ e a l i z m u
ρθε	ɾ θ e
ριζοσπαστικήσ	ɾ i z o s p a s t i c i s
ρισκάρουν	ɾ i s k a ɾ u n
ρομποτική	ɾ o b o t i c i
ρουμ	ɾ u m
ρωμανόσ	ɾ o m a n o s
σαλονιού	s a l o ɲ u
σαφάρι	s a f a ɾ i
σιλουέτα	s i l u e t a
σιτηρά	s i t i ɾ a
σκασμόσ	s k a z m o s
σκεψη	s c e p s i
στάθηκαν	s t a θ i k a n
στέψη	s t e p s i
σταθεροί	s t a θ e ɾ i
σταθεροποίησησ	s t a θ e ɾ o p i i s i s
στεφανία	s t e f a n i a
στιχουργόσ	s t i x u ɾ ɣ o s
στρίψει	s t ɾ i p s i
συγκομιδήσ	s i ŋ ɡ o m i ð i s
συζητάει	s i z i t a i
συμβίωσησ	s i ɱ v i o s i s
συμπλέγματα	s i m b l e ɣ m a t a
συμπτωματικά	s i m p t o m a t i k a
συμφέροντοσ	s i ɱ f e ɾ o n d o s
συνδικάτων	s i n ð i k a t o n
συνεδριακό	s i n e ð ɾ i a k o
συνοδεύτηκε	s i n o ð e f t i c e
συνολικών	s i n o l i k o n
συντηρείται	s i n d i ɾ i t e
συσσίτια	s i s i t ç a
σφράγισε	s f ɾ a ʝ i s e
σχετικόσ	s ç e t i k o s
σχολικη	s x o l i c i
σωματίδιο	s o m a t i ð i o
τέταρτα	t e t a ɾ t a
τή	t i
ταξι	t a k s i
ταράξει	t a ɾ a k s i
τηγανητό	t i ɣ a n i t o
τηρούνται	t i ɾ u n d e
τοποθετημένη	t o p o θ e t i m e n i
τούλα	t u l a
τραγουδάνε	t ɾ a ɣ u ð a n e
τριήμερη	t ɾ i i m e ɾ i
τροίασ	t ɾ i a s
τροχοί	t ɾ o ç i
τρόπον	t ɾ o p o n
τσιμέντου	t͡s i m e n d u
τσιπρασ	t͡s i p ɾ a s
υπέφεραν	i p e f e ɾ a n
υπερδυνάμεισ	i p e ɾ ð i n a m i s
υπνο	i p n o
υποβιβασμό	i p o v i v a z m o
φανερωμένησ	f a n e ɾ o m e n i s
φενγκ	f e ŋ ɡ
φιλια	f i ʎ a
φυσικο	f i s i k o
φόρτισησ	f o ɾ t i s i s
χάνσεν	x a n s e n
χαλια	x a ʎ a
χαλκ	x a l k
χαρακτήριζε	x a ɾ a k t i ɾ i z e
χειραγώγηση	ç i ɾ a ɣ o ʝ i s i
χειριστήριο	ç i ɾ i s t i ɾ i o
χιτώνα	ç i t o n a
χρησιμεύσει	x ɾ i s i m e f s i
χρωματα	x ɾ o m a t a
χρωστά	x ɾ o s t a
χωρίσατε	x o ɾ i s a t e
χόπκινσ	x o p c i n s
ψυχολόγουσ	p s i x o l o ɣ u s
ωοθήκεσ	o o θ i c e s
ωραίουσ	o ɾ e u s
όψησ	o p s i s
άδωνι	a ð o n i
άμλετ	a m l e t
άρνησή	a ɾ n i s i
έγχυση	e ŋ ç i s i
έξωση	e k s o s i
αθλητικούσ	a θ l i t i k u s
αθώουσ	a θ o u s
αιθέρια	e θ e ɾ ʝ a
αλάτων	a l a t o n
αληθινού	a l i θ i n u
αμαρτωλό	a m a ɾ t o l o
ανάδυση	a n a ð i s i
ανάφλεξησ	a n a f l e k s i s
ανέτρεψε	a n e t ɾ e p s e
αναβοσβήνει	a n a v o z v i n i
ανακαίνισησ	a n a c e n i s i s
ανακαλύψω	a n a k a l i p s o
αναλάβετε	a n a l a v e t e
αναπάντεχο	a n a p a n d e x o
αναστατώνει	a n a s t a t o n i
ανατ	a n a t
ανεβάσεισ	a n e v a s i s
ανθρωπου	a n θ ɾ o p u
ανταλλάξει	a n d a l a k s i
ανυπομονούμε	a n i p o m o n u m e
απάνθρωπη	a p a n θ ɾ o p i
απέδρασε	a p e ð ɾ a s e
απέτρεψε	a p e t ɾ e p s e
απευθυνθεί	a p e f θ i n θ i
απογευμα	a p o ʝ e v m a
αποδίδοντασ	a p o ð i ð o n d a s
αποδεκτόσ	a p o ð e k t o s
αποθηκεύει	a p o θ i c e v i
αποκαλύφθηκαν	a p o k a l i f θ i k a n
απρόσμενο	a p ɾ o z m e n o
αρτέμιδοσ	a ɾ t e m i ð o s
ασαφήσ	a s a f i s
ασχολήθηκα	a s x o l i θ i k a
ασχοληθείτε	a s x o l i θ i t e
αττικού	a t i k u
αυστραλιανή	a f s t ɾ a ʎ a n i
αυταρχικό	a f t a ɾ ç i k o
αυτοτελή	a f t o t e l i
αφεντικών	a f e n d i k o n
αόριστο	a o ɾ i s t o
βαθύσ	v a θ i s
βακτήριο	v a k t i ɾ i o
βαριάσ	v a ɾ ʝ a s
βγαζει	v ɣ a z i
βελγική	v e l ʝ i c i
βλεπετε	v l e p e t e
βλεπουμε	v l e p u m e
γάιδαρο	ɣ a i̯ ð a ɾ o
γάτο	ɣ a t o
γαλα	ɣ a l a
γενναίοι	ʝ e n e i
γεωλογίασ	ʝ e o l o ʝ i a s
γηπεδο	ʝ i p e ð o
γιαουρτιού	ʝ a u ɾ t ç u
γκάφα	ɡ a f a
γκρεμού	ɡ ɾ e m u
γλιστράει	ɣ l i s t ɾ a i
γλιτώσουν	ɣ l i t o s u n
γριάσ	ɣ ɾ i a s
γριέσ	ɣ ɾ i e s
γυναικείοσ	ʝ i n e c i o s
γυρίζοντασ	ʝ i ɾ i z o n d a s
δέκτησ	ð e k t i s
δείξαμε	ð i k s a m e
δειλοί	ð i l i
δεμένοσ	ð e m e n o s
δηλώνεται	ð i l o n e t e
δημοτικούσ	ð i m o t i k u s
διέσχισε	ð i e s ç i s e
διαβεβαιώσεισ	ð i̯ a v e v e o s i s
διαγράφεται	ð i̯ a ɣ ɾ a f e t e
διακανονισμό	ð i̯ a k a n o n i z m o
διαλύματα	ð i̯ a l i m a t a
διαμορφώνονται	ð i̯ a m o ɾ f o n o n d e
διατηρητέα	ð i̯ a t i ɾ i t e a
διεκδίκησησ	ð i e k ð i c i s i s
διπλανήσ	ð i p l a n i s
δυσμενείσ	ð i z m e n i s
δώστου	ð o s t u
εγκατάλειψησ	e ŋ ɡ a t a l i p s i s
εγκαταλειφθεί	e ŋ ɡ a t a l i f θ i
εικονεσ	i k o n e s
ειλικρινέσ	i l i k ɾ i n e s
εκδοση	e k ð o s i
εκκαθαρίσεισ	e k a θ a ɾ i s i s
εκφοβισμόσ	e k f o v i z m o s
εμμηνόπαυση	e m i n o p a f s i
ενδιαφέρθηκε	e n ð i̯ a f e ɾ θ i c e
ενισχύσεων	e n i s ç i s e o n
εντοπιστούν	e n d o p i s t u n
ενωμένεσ	e n o m e n e s
εξάπλωσησ	e k s a p l o s i s
εξαφάνισε	e k s a f a n i s e
εξυπηρετούσε	e k s i p i ɾ e t u s e
εξωτική	e k s o t i c i
επαναληπτικέσ	e p a n a l i p t i c e s
επαφη	e p a f i
επετεύχθη	e p e t e f x θ i
επιδεινώνεται	e p i ð i n o n e t e
επιδιώξεισ	e p i ð i o k s i s
επιθετικοί	e p i θ e t i c i
επισκοπήσ	e p i s k o p i s
επιστάτησ	e p i s t a t i s
επιστροφη	e p i s t ɾ o f i
επώνυμό	e p o n i m o
εργολάβουσ	e ɾ ɣ o l a v u s
ερχόμενοσ	e r x o m e n o s
ετοιμάζεσαι	e t i m a z e s e
εφαρμόσουμε	e f a ɾ m o s u m e
εφεξήσ	e f e k s i s
εφηβείασ	e f i v i a s
ζέρβα	z e ɾ v a
ηθελαν	i θ e l a n
ημικρανία	i m i k ɾ a n i a
ησυχίασ	i s i ç i a s
θέρμη	θ e ɾ m i
θανατου	θ a n a t u
θεάματα	θ e a m a t a
ιδιόκτητο	i ð i o k t i t o
ιδιότητά	i ð i o t i t a
ιερα	i e ɾ a
ιθαγενών	i θ a ʝ e n o n
ιορδάνησ	i o ɾ ð a n i s
ιουλιου	i u ʎ u
κάθι	k a θ i
κάθονταν	k a θ o n d a n
καθαρίστριεσ	k a θ a ɾ i s t ɾ i e s
καθαρών	k a θ a ɾ o n
καθεδρικόσ	k a θ e ð ɾ i k o s
καθισμάτων	k a θ i z m a t o n
κακόβουλο	k a k o v u l o
κανονεσ	k a n o n e s
καπνίζετε	k a p n i z e t e
κατέβαινε	k a t e v e n e
καταστρέψεισ	k a t a s t ɾ e p s i s
καταφέρνουμε	k a t a f e ɾ n u m e
καταχωρηθεί	k a t a x o ɾ i θ i
κατολισθήσεισ	k a t o l i s θ i s i s
κεα	c e a
κεράκια	c e ɾ a c a
κινέζα	c i n e z a
κοντρόλ	k o n d ɾ o l
κορδελιό	k o ɾ ð e ʎ o
κορεάτεσ	k o ɾ e a t e s
κοτ	k o t
κουίνσ	k u i n s
κριτικών	k ɾ i t i k o n
κυβ	c i v
κυβερνούσαν	c i v e ɾ n u s a n
κυκλικά	c i k l i k a
κυκλοσ	c i k l o s
κυκλωμάτων	c i k l o m a t o n
κυνηγού	c i n i ɣ u
κυρίουσ	c i ɾ i u s
κυττάρου	c i t a ɾ u
κωδικών	k o ð i k o n
κόντεψα	k o n d e p s a
κώλοι	k o l i
λάτρευαν	l a t ɾ e v a n
λάτρευε	l a t ɾ e v e
λήμνοσ	l i m n o s
λαγού	l a ɣ u
λείψεισ	l i p s i s
λεγεται	l e ʝ e t e
λεμονιού	l e m o ɲ u
λουριά	l u ɾ ʝ a
λούθερ	l u θ e ɾ
μάριον	m a ɾ i o n
μέλημα	m e l i m a
μένοσ	m e n o s
μαγειρέψεισ	m a ʝ i ɾ e p s i s
μακριέσ	m a k ɾ i e s
μαρτυρίου	m a ɾ t i ɾ i u
μαχητικού	m a ç i t i k u
μεγα	m e ɣ a
μειωμένησ	m i o m e n i s
μελετήσουν	m e l e t i s u n
μελλοντικήσ	m e l o n d i c i s
μεσολάβηση	m e s o l a v i s i
μεταφράσει	m e t a f ɾ a s i
μητρώα	m i t ɾ o a
μικροπράγματα	m i k ɾ o p ɾ a ɣ m a t a
μιλησουμε	m i l i s u m e
μορίσ	m o ɾ i s
μοτοσικλέτασ	m o t o s i k l e t a s
μπατίστα	b a t i s t a
μπαχαρικών	b a x a ɾ i k o n
μπογιέσ	b o ʝ e s
μυοκαρδίου	m i o k a ɾ ð i u
νήσουσ	n i s u s
νεοφύτου	n e o f i t u
νευρικά	n e v ɾ i k a
νομοθετικέσ	n o m o θ e t i c e s
νοτιοδυτική	n o t i o ð i t i c i
ντρέπονται	d ɾ e p o n d e
νυχτερινέσ	n i x t e ɾ i n e s
νόλαν	n o l a n
ξαναγύρισε	k s a n a ʝ i ɾ i s e
ξεκαρδιστικό	k s e k a ɾ ð i s t i k o
οίκημα	i c i m a
οίκτο	i k t o
οικογενειακόσ	i k o ʝ e n i a k o s
ομορφότερα	o m o ɾ f o t e ɾ a
ορειβάτεσ	o ɾ i v a t e s
ορουσ	o ɾ u s
πάγια	p a ʝ a
πάλευε	p a l e v e
πάραυτα	p a ɾ a f t a
παλαίμαχοσ	p a l e m a x o s
παπαγιάννησ	p a p a ʝ a n i s
παράνομουσ	p a ɾ a n o m u s
παρέλαβαν	p a ɾ e l a v a n
παραγωγη	p a ɾ a ɣ o ʝ i
παραιτήθηκαν	p a ɾ e t i θ i k a n
παρακολουθήσεισ	p a ɾ a k o l u θ i s i s
παραμένουμε	p a ɾ a m e n u m e
παραμείνετε	p a ɾ a m i n e t e
παραμείνουμε	p a ɾ a m i n u m e
παρατήρησαν	p a ɾ a t i ɾ i s a n
παρθεί	p a ɾ θ i
πασάσ	p a s a s
πατούσεσ	p a t u s e s
παυλόπουλο	p a v l o p u l o
πεκίνου	p e c i n u
πεπραγμένα	p e p ɾ a ɣ m e n a
περιεκτικότητασ	p e ɾ i e k t i k o t i t a s
περιφερεια	p e ɾ i f e ɾ i a
πετυχαίνουν	p e t i ç e n u n
πλημμυρών	p l i m i ɾ o n
πολεμου	p o l e m u
πολεοδομικό	p o l e o ð o m i k o
πολύτιμουσ	p o l i t i m u s
ποταμι	p o t a m i
προστατευόμενη	p ɾ o s t a t e v o m e n i
πρωτεύοντα	p ɾ o t e v o n d a
ραδιενεργό	ɾ a ð i e n e ɾ ɣ o
ρεμπέτικο	ɾ e m b e t i k o
ριζοσπαστικό	ɾ i z o s p a s t i k o
σάλτσεσ	s a l t͡s e s
σάντι	s a n d i
σασί	s a s i
σημεια	s i m i a
σιγουρη	s i ɣ u ɾ i
σιδηροδρομικού	s i ð i ɾ o ð ɾ o m i k u
σιταριού	s i t a ɾ ʝ u
σκοινιά	s c i ɲ a
σκοτεινήσ	s k o t i n i s
σκόπιμο	s k o p i m o
σκύρο	s c i ɾ o
σοσιαλιστικού	s o s i a l i s t i k u
σπίρτα	s p i ɾ t a
σπανόσ	s p a n o s
σπασμούσ	s p a z m u s
σποράδων	s p o ɾ a ð o n
σταθερών	s t a θ e ɾ o n
σταφύλι	s t a f i l i
στεγάζονται	s t e ɣ a z o n d e
στεγνώνει	s t e ɣ n o n i
στερεό	s t e ɾ e o
στοματική	s t o m a t i c i
στριπ	s t ɾ i p
στριτ	s t ɾ i t
στρογγυλά	s t ɾ o ŋ ɟ i l a
συγκρούεται	s i ŋ ɡ r u e t e
συλλαμβάνουν	s i l a ɱ v a n u n
συμβολίζουν	s i ɱ v o l i z u n
συμμοριών	s i m o ɾ ʝ o n
συμπίεσησ	s i m b i e s i s
συμπαίκτη	s i m b e k t i
συνεργαζόταν	s i n e ɾ ɣ a z o t a n
συνηθίζουν	s i n i θ i z u n
συνθέσει	s i n θ e s i
συνθηκεσ	s i n θ i c e s
συνταγματικά	s i n d a ɣ m a t i k a
συντεχνίεσ	s i n d e x n i e s
σχεδίασαν	s ç e ð i a s a n
σχεσεισ	s ç e s i s
σχισμή	s ç i z m i
σόφι	s o f i
σύφιλη	s i f i l i
τεχνητέσ	t e x n i t e s
τζιλ	d͡z i l
τηγανητά	t i ɣ a n i t a
τιμώρησε	t i m o ɾ i s e
τούτα	t u t a
τραβήξτε	t ɾ a v i k s t e
τραυμάτων	t ɾ a v m a t o n
τυφλών	t i f l o n
υπεραξία	i p e ɾ a k s i a
υπερθέρμανση	i p e ɾ θ e ɾ m a n s i
υπηρετήσουν	i p i ɾ e t i s u n
υπνηλία	i p n i l i a
υποψήφιεσ	i p o p s i f i e s
υπόλοιποσ	i p o l i p o s
φέρετρα	f e ɾ e t ɾ a
φοβηθείσ	f o v i θ i s
φούστεσ	f u s t e s
φροντίζω	f ɾ o n d i z o
χάραξε	x a ɾ a k s e
χειμώνεσ	ç i m o n e s
χειροτονία	ç i ɾ o t o n i a
χιλιετίασ	ç i ʎ e t i a s
χιονοπτώσεισ	ç o n o p t o s i s
χτυπηθεί	x t i p i θ i
χόουπ	x o u p
ψευδο	p s e v ð o
ψεύτικοσ	p s e f t i k o s
ψυχάρη	p s i x a ɾ i
ψύχραιμοσ	p s i x ɾ e m o s
άναψαν	a n a p s a n
άνδροσ	a n ð ɾ o s
έμπειρη	e m b i ɾ i
έμπειρο	e m b i ɾ o
ένατο	e n a t o
ένδυση	e n ð i s i
έντονουσ	e n d o n u s
έξυπνων	e k s i p n o n
αίσιο	e s i o
αγνοήσει	a ɣ n o i s i
αγνοούμενοσ	a ɣ n o u m e n o s
αγνοούμενουσ	a ɣ n o u m e n u s
αγορια	a ɣ o ɾ ʝ a
αθωότητασ	a θ o o t i t a s
αιγυπτιακή	e ʝ i p t i a c i
αιώνιασ	e o ɲ a s
ακουγεται	a k u ʝ e t e
ακραίοσ	a k ɾ e o s
ακυρώσεισ	a c i ɾ o s i s
αλέξιοσ	a l e k s i o s
ανέβασα	a n e v a s a
ανέβουμε	a n e v u m e
ανήλικων	a n i l i k o n
αναγγελία	a n a ŋ ɟ e l i a
αναγκάσουν	a n a ŋ ɡ a s u n
αναγνωρίζετε	a n a ɣ n o ɾ i z e t e
αναγνωρίσω	a n a ɣ n o ɾ i s o
αναζητούσαν	a n a z i t u s a n
ανακοινώνονται	a n a c i n o n o n d e
ανακούφισησ	a n a k u f i s i s
αναλύσουμε	a n a l i s u m e
ανατολικών	a n a t o l i k o n
ανατρέψουν	a n a t ɾ e p s u n
αναφερθούν	a n a f e ɾ θ u n
ανθίσει	a n θ i s i
ανταγωνιστή	a n d a ɣ o n i s t i
ανταγωνιστεί	a n d a ɣ o n i s t i
αντιγράφων	a n d i ɣ r a f o n
αντικειμενικό	a n d i c i m e n i k o
αντιστέκονται	a n d i s t e k o n d e
ανώμαλε	a n o m a l e
απάνθρωπο	a p a n θ ɾ o p o
απήγαγαν	a p i ɣ a ɣ a n
απαγάγουν	a p a ɣ a ɣ u n
απαγορευεται	a p a ɣ o ɾ e v e t e
αποκαλυπτικά	a p o k a l i p t i k a
απομάκρυνσησ	a p o m a k ɾ i n s i s
απορροφούν	a p o ɾ o f u n
αποστόλουσ	a p o s t o l u s
αποχαιρέτησε	a p o ç e ɾ e t i s e
απόφραξη	a p o f ɾ a k s i
αραβικέσ	a ɾ a v i c e s
αραβικών	a ɾ a v i k o n
αρθεί	a ɾ θ i
ασυνήθιστεσ	a s i n i θ i s t e s
αυστριακό	a f s t ɾ i a k o
αυτοκινητόδρομοσ	a f t o c i n i t o ð ɾ o m o s
αφέντησ	a f e n d i s
αφοι	a f i
βάνα	v a n a
βαθμολογική	v a θ m o l o ʝ i c i
βαλεντίνο	v a l e n d i n o
βαλκανικήσ	v a l k a n i c i s
βαλκανικό	v a l k a n i k o
βαράει	v a ɾ a i
βασιζόταν	v a s i z o t a n
βασιλάκησ	v a s i l a c i s
βατόμουρα	v a t o m u ɾ a
βεργίνα	v e ɾ ʝ i n a
βολικά	v o l i k a
βουλιάζει	v u ʎ a z i
βούλγαροσ	v u l ɣ a ɾ o s
βούρκο	v u ɾ k o
βρίζουν	v ɾ i z u n
βρώμα	v ɾ o m a
γάμμα	ɣ a m a
γαμω	ɣ a m o
γενετήσ	ʝ e n e t i s
γεννήσεων	ʝ e n i s e o n
γκονζάλεσ	ɡ o n z a l e s
γλυκερία	ɣ l i c e ɾ i a
γλυκια	ɣ l i c a
γουντ	ɣ u n d
γούστου	ɣ u s t u
γραβάτεσ	ɣ ɾ a v a t e s
γύρη	ʝ i ɾ i
δαπ	ð a p
δεκαριά	ð e k a ɾ ʝ a
δεκτοί	ð e k t i
δεσμεύει	ð e z m e v i
δεσμεύτηκε	ð e z m e f t i c e
δημοσίουσ	ð i m o s i u s
δημοσιευμένο	ð i m o s i e v m e n o
διαδηλώνουν	ð i̯ a ð i l o n u n
διαδραματίζει	ð i̯ a ð ɾ a m a t i z i
διατέθηκαν	ð i̯ a t e θ i k a n
διεξοδικά	ð i e k s o ð i k a
διευρύνει	ð i e v ɾ i n i
δικαιούχων	ð i c e u x o n
δικοσ	ð i k o s
διπλο	ð i p l o
διόπτρα	ð i o p t ɾ a
δραγούμη	ð ɾ a ɣ u m i
δυσαρεστημένοσ	ð i s a ɾ e s t i m e n o s
δυσκοιλιότητα	ð i s c i ʎ o t i t a
δυστυχισμένοσ	ð i s t i ç i z m e n o s
εγγυηθεί	e ŋ ɟ i i θ i
εγκλημα	e ŋ ɡ l i m a
εκπαιδευτέσ	e k p e ð e f t e s
εκπνοή	e k p n o i
εκπροσώπησησ	e k p ɾ o s o p i s i s
εκτυλίσσεται	e k t i l i s e t e
εκφράστηκε	e k f ɾ a s t i c e
ενσωματωμένα	e n s o m a t o m e n a
ενώνεται	e n o n e t e
ενώσουν	e n o s u n
εξέδωσαν	e k s e ð o s a n
εξαιρείται	e k s e ɾ i t e
εξακολουθούσε	e k s a k o l u θ u s e
εξαπολύει	e k s a p o l i i
εξερεύνησησ	e k s e ɾ e v n i s i s
εξεύρεση	e k s e v ɾ e s i
εορτάζεται	e o ɾ t a z e t e
επέστρεφαν	e p e s t ɾ e f a n
επίσημουσ	e p i s i m u s
επαναλάβουμε	e p a n a l a v u m e
επηρεάστηκε	e p i ɾ e a s t i c e
επιδρά	e p i ð ɾ a
επιθεωρήσεισ	e p i θ e o ɾ i s i s
επιθυμούμε	e p i θ i m u m e
επιθυμούσαν	e p i θ i m u s a n
επιμόρφωσησ	e p i m o ɾ f o s i s
επόπτησ	e p o p t i s
εργολάβο	e ɾ ɣ o l a v o
ερμηνεύοντασ	e ɾ m i n e v o n d a s
ευαγγελάτοσ	e v a ŋ ɟ e l a t o s
ευγενών	e v ʝ e n o n
ευγνωμοσύνησ	e v ɣ n o m o s i n i s
ευθύμιοσ	e f θ i m i o s
ηθικούσ	i θ i k u s
ηλεκτροσόκ	i l e k t ɾ o s o k
ηπατική	i p a t i c i
ηφαιστείου	i f e s t i u
θεραπευτικό	θ e ɾ a p e f t i k o
θηβαίοσ	θ i v e o s
θριάμβου	θ ɾ i a ɱ v u
ιδιοι	i ð i i
ιερούσ	i e ɾ u s
ιππείσ	i p i s
ιπτάμενοσ	i p t a m e n o s
ισπανό	i s p a n o
ισχύσει	i s ç i s i
ιτ	i t
κάβο	k a v o
καθολικών	k a θ o l i k o n
κακομαθημένο	k a k o m a θ i m e n o
καλέσεισ	k a l e s i s
καμίνησ	k a m i n i s
κανονικούσ	k a n o n i k u s
καρόλου	k a ɾ o l u
κατάργησε	k a t a ɾ ʝ i s e
κατέβουν	k a t e v u n
κατήργησε	k a t i ɾ ʝ i s e
καταδικάζουν	k a t a ð i k a z u n
καταζητείται	k a t a z i t i t e
καταλυτική	k a t a l i t i c i
καταπολέμησησ	k a t a p o l e m i s i s
κατασκευάσουν	k a t a s c e v a s u n
κατηγορούσε	k a t i ɣ o ɾ u s e
καυγάδεσ	k a v ɣ a ð e s
κεθεα	c e θ e a
κινδυνεύουμε	c i n ð i n e v u m e
κινδυνοσ	c i n ð i n o s
κλασσικήσ	k l a s i c i s
κλειτορίδα	k l i t o ɾ i ð a
κληρώσεισ	k l i ɾ o s i s
κλιφ	k l i f
κοιτασμάτων	c i t a z m a t o n
κορ	k o ɾ
κουίκ	k u i k
κουνουπιών	k u n u p ç o n
κουτιού	k u t ç u
κρίκουσ	k ɾ i k u s
κσ	k s
κόμβου	k o ɱ v u
λαφαζάνησ	l a f a z a n i s
λεπτόσ	l e p t o s
λιτλ	l i t l
λογιστικού	l o ʝ i s t i k u
λογοκρισίασ	l o ɣ o k ɾ i s i a s
λόχου	l o x u
μάγειρα	m a ʝ i ɾ a
μαγνήτη	m a ɣ n i t i
μαζεμένα	m a z e m e n a
μαθηματικού	m a θ i m a t i k u
μαθησιακέσ	m a θ i s i a c e s
μασχάλεσ	m a s x a l e s
μαχαιριά	m a ç e ɾ ʝ a
μενει	m e n i
μετακόμισαν	m e t a k o m i s a n
μεταναστεύουν	m e t a n a s t e v u n
μετατράπηκαν	m e t a t ɾ a p i k a n
μεταφορείσ	m e t a f o ɾ i s
μεταχειρισμένο	m e t a ç i ɾ i z m e n o
μετείχαν	m e t i x a n
μετεγκατάσταση	m e t e ŋ ɡ a t a s t a s i
μεχμέτ	m e x m e t
μιση	m i s i
μπαρούτι	b a ɾ u t i
μπλέκει	b l e c i
μποτ	b o t
μπρελόκ	b ɾ e l o k
μόνουσ	m o n u s
νέκταρ	n e k t a ɾ
νεκροψία	n e k ɾ o p s i a
νεώτερη	n e o t e ɾ i
νοημα	n o i m a
νοσοκόμεσ	n o s o k o m e s
ντίσκο	d i s k o
νταβίντ	d a v i n d
ντομ	d o m
ντοστογιέφσκι	d o s t o ʝ e f s c i
ντυθείτε	d i θ i t e
ξυλείασ	k s i l i a s
ονομάσω	o n o m a s o
οπα	o p a
οργανωμένων	o ɾ ɣ a n o m e n o n
ορισμούσ	o ɾ i z m u s
πάθατε	p a θ a t e
πέτρινη	p e t ɾ i n i
παιανία	p e a n i a
παλμών	p a l m o n
πανηγυρικά	p a n i ʝ i ɾ i k a
παράθεση	p a ɾ a θ e s i
παρασκευέσ	p a ɾ a s c e v e s
παρατηρήσεων	p a ɾ a t i ɾ i s e o n
παρενέβη	p a ɾ e n e v i
παρκινγκ	p a ɾ c i ŋ ɡ
πατήσετε	p a t i s e t e
πεζόσ	p e z o s
πεπ	p e p
περιοριστούν	p e ɾ i o ɾ i s t u n
πεσει	p e s i
πετρίδησ	p e t ɾ i ð i s
πετυχημένοσ	p e t i ç i m e n o s
πιθανήσ	p i θ a n i s
πλακών	p l a k o n
πληγωμένοσ	p l i ɣ o m e n o s
πραξεισ	p ɾ a k s i s
προαναφέρθηκε	p ɾ o a n a f e ɾ θ i c e
προδίδουν	p ɾ o ð i ð u n
προσαρμοσμένη	p ɾ o s a ɾ m o z m e n i
προσαρμοσμένο	p ɾ o s a ɾ m o z m e n o
προσβαση	p ɾ o z v a s i
προσγειώνεται	p ɾ o z ʝ i o n e t e
πόρτερ	p o ɾ t e ɾ
ραχήλ	ɾ a ç i l
ριζοσπάστησ	ɾ i z o s p a s t i s
ροντρίγκεζ	ɾ o n d ɾ i ŋ ɟ e z
σέρμαν	s e ɾ m a n
σεξουαλικών	s e k s u a l i k o n
σημαδεύει	s i m a ð e v i
σιδηροδρόμου	s i ð i ɾ o ð ɾ o m u
σκίζει	s c i z i
σκεπάζει	s c e p a z i
σκυτάλη	s c i t a l i
στέμματοσ	s t e m a t o s
στήριζαν	s t i ɾ i z a n
στήσιμο	s t i s i m o
σταθάκη	s t a θ a c i
στεφανίδη	s t e f a n i ð i
στηθοσ	s t i θ o s
στράφηκαν	s t ɾ a f i k a n
συζητήθηκαν	s i z i t i θ i k a n
συζητήσω	s i z i t i s o
συμβατότητα	s i ɱ v a t o t i t a
συμπληρώσω	s i m b l i ɾ o s o
συνδέοντασ	s i n ð e o n d a s
συνδικάτου	s i n ð i k a t u
συνεχισε	s i n e ç i s e
σφιχτό	s f i x t o
σώζουν	s o z u n
τέφρα	t e f ɾ a
τήρησε	t i ɾ i s e
τίθενται	t i θ e n d e
ταρ	t a ɾ
τελείται	t e l i t e
τζίροσ	d͡z i ɾ o s
τηλεχειριστήριο	t i l e ç i ɾ i s t i ɾ i o
τιμήσουμε	t i m i s u m e
τοσκάνη	t o s k a n i
τρίχασ	t ɾ i x a s
τραγουδάκι	t ɾ a ɣ u ð a c i
τραγουδια	t ɾ a ɣ u ð ʝ a
τραυματισμένο	t ɾ a v m a t i z m e n o
τρελαίνονται	t ɾ e l e n o n d e
τροχαίων	t ɾ o ç e o n
τυλιγμένο	t i l i ɣ m e n o
υπαξιωματικών	i p a k s i o m a t i k o n
υπερβολικόσ	i p e ɾ v o l i k o s
υπηρεσιακή	i p i ɾ e s i a c i
υποδέχτηκαν	i p o ð e x t i k a n
φέλιξ	f e l i k s
φέρεστε	f e ɾ e s t e
φθόνο	f θ o n o
φιλικού	f i l i k u
φιλοξενήσουν	f i l o k s e n i s u n
φιλοσόφουσ	f i l o s o f u s
φιλόσοφο	f i l o s o f o
φιτζέραλντ	f i d͡z e ɾ a l d
φονικέσ	f o n i c e s
φορέσουμε	f o ɾ e s u m e
φούλαμ	f u l a m
φυλακίστηκε	f i l a c i s t i c e
φυση	f i s i
φωνάξεισ	f o n a k s i s
φόντα	f o n d a
φόραγε	f o ɾ a ʝ e
φύγανε	f i ɣ a n e
χάριτοσ	x a ɾ i t o s
χαζέσ	x a z e s
χαλαρώσεισ	x a l a ɾ o s i s
χαρακτήρισαν	x a ɾ a k t i ɾ i s a n
χορηγίασ	x o ɾ i ʝ i a s
χρειαζομαστε	x ɾ i a z o m a s t e
χωρία	x o ɾ i a
ψήφισα	p s i f i s a
ψηφίσετε	p s i f i s e t e
όχημά	o ç i m a
άψογο	a p s o ɣ o
άψυχο	a p s i x o
έκριναν	e k ɾ i n a n
έλειπα	e l i p a
έμβρυα	e ɱ v ɾ i a
ένοπλοσ	e n o p l o s
έντιμη	e n d i m i
έπαψαν	e p a p s a n
αίολοσ	e o l o s
αγάπησαν	a ɣ a p i s a n
αγαπήσαμε	a ɣ a p i s a m e
αγγελικήσ	a ŋ ɟ e l i c i s
αθώεσ	a θ o e s
αιχμαλώτων	e x m a l o t o n
ακαμψία	a k a m p s i a
αλίκησ	a l i c i s
ανάπλασησ	a n a p l a s i s
ανέχονται	a n e x o n d e
αναγνωρίσετε	a n a ɣ n o ɾ i s e t e
αναδεικνύουν	a n a ð i k n i u n
ανακάλεσε	a n a k a l e s e
ανακαλεί	a n a k a l i
ανακρίσεισ	a n a k ɾ i s i s
αναπνευστήρα	a n a p n e f s t i ɾ a
αναστάσιο	a n a s t a s i o
αναταραχέσ	a n a t a ɾ a ç e s
αναψυχή	a n a p s i ç i
ανεβείτε	a n e v i t e
ανεκτικότητα	a n e k t i k o t i t a
ανεπαρκείσ	a n e p a ɾ c i s
ανιχνεύσει	a n i x n e f s i
ανοικτόσ	a n i k t o s
αντζελίνα	a n d͡z e l i n a
αξιοκρατία	a k s i o k ɾ a t i a
απατά	a p a t a
αποκλείονται	a p o k l i o n d e
αποκοπή	a p o k o p i
αποκριάσ	a p o k ɾ i a s
αποκτάσ	a p o k t a s
απομονωμένοσ	a p o m o n o m e n o s
αποτυπωμάτων	a p o t i p o m a t o n
αποφθέγματα	a p o f θ e ɣ m a t a
αράχνησ	a ɾ a x n i s
αρθούροσ	a ɾ θ u ɾ o s
αρτηρίασ	a ɾ t i ɾ i a s
ασκούσε	a s k u s e
ασχολία	a s x o l i a
αυξήστε	a f k s i s t e
αυστηρήσ	a f s t i ɾ i s
αφίξεων	a f i k s e o n
αφησεισ	a f i s i s
αύξησαν	a f k s i s a n
βίαιησ	v i e i s
βαλβέρδε	v a l v e ɾ ð e
βαρόνοσ	v a ɾ o n o s
βιοποικιλότητα	v i o p i c i l o t i t a
βο	v o
βουλευτική	v u l e f t i c i
βρούν	v ɾ u n
γέλασα	ʝ e l a s a
γδ	ɣ ð
γενομένησ	ʝ e n o m e n i s
γεράσει	ʝ e ɾ a s i
γιούσ	ʝ u s
γκαν	ɡ a n
γκολντ	ɡ o l d
γκόμενά	ɡ o m e n a
γλουτούσ	ɣ l u t u s
γλυφαδα	ɣ l i f a ð a
γλωσσικέσ	ɣ l o s i c e s
γνωρίζονται	ɣ n o ɾ i z o n d e
γουάν	ɣ u a n
γουόρντ	ɣ u o ɾ d
γυρνάνε	ʝ i ɾ n a n e
γόμα	ɣ o m a
γόνατά	ɣ o n a t a
δέχονταν	ð e x o n d a n
δεσμού	ð e z m u
διαιρείται	ð i e ɾ i t e
διακινητέσ	ð i̯ a c i n i t e s
διαφημιστικέσ	ð i̯ a f i m i s t i c e s
διαφορεσ	ð i̯ a f o ɾ e s
διαφορετικα	ð i̯ a f o ɾ e t i k a
δικαστικοί	ð i k a s t i c i
δομικό	ð o m i k o
δομικών	ð o m i k o n
δραχμήσ	ð ɾ a x m i s
δωδεκανήσων	ð o ð e k a n i s o n
δωσεισ	ð o s i s
εγγυημένη	e ŋ ɟ i i m e n i
εγκαθίσταται	e ŋ ɡ a θ i s t a t e
εδέσματα	e ð e z m a t a
ειδικο	i ð i k o
εικαστικέσ	i k a s t i c e s
εισαγόμενα	i s a ɣ o m e n a
εκτέθηκε	e k t e θ i c e
εκτιμούσε	e k t i m u s e
εκτυπωτέσ	e k t i p o t e s
εκτυπώσεισ	e k t i p o s i s
ελαιώνεσ	e l e o n e s
ελεγχόμενεσ	e l e ŋ x o m e n e s
εμπιστευόμαστε	e m b i s t e v o m a s t e
ενασχόλησή	e n a s x o l i s i
εξέχουσα	e k s e x u s a
εξακολουθείσ	e k s a k o l u θ i s
εξασθενεί	e k s a s θ e n i
εξελιξη	e k s e l i k s i
εξωσωματική	e k s o s o m a t i c i
επίτιμο	e p i t i m o
επιλεγμένη	e p i l e ɣ m e n i
ερμηνευτέσ	e ɾ m i n e f t e s
εσπερινό	e s p e ɾ i n o
εφηύρε	e f i v ɾ e
εφοπλιστών	e f o p l i s t o n
ηγεμόνα	i ʝ e m o n a
ηλεκτρισμόσ	i l e k t ɾ i z m o s
ηπατίτιδασ	i p a t i t i ð a s
ηρεμήσεισ	i ɾ e m i s i s
θεατρικόσ	θ e a t ɾ i k o s
θεόν	θ e o n
θυμώσει	θ i m o s i
ικανοποίησησ	i k a n o p i i s i s
ινδικά	i n ð i k a
ιπποτών	i p o t o n
ιπτάμενη	i p t a m e n i
κίνησε	c i n i s e
κίτρινοσ	c i t ɾ i n o s
καθαριστεί	k a θ a ɾ i s t i
καιρών	c e ɾ o n
καμήλεσ	k a m i l e s
καμπούλ	k a m b u l
κατάγονται	k a t a ɣ o n d e
καταθέσουν	k a t a θ e s u n
κατσίκεσ	k a t͡s i c e s
κιντ	c i n d
κλειστεί	k l i s t i
κλειστο	k l i s t o
κολάζ	k o l a z
κολλήσουν	k o l i s u n
κουβαλάμε	k u v a l a m e
κρέπεσ	k ɾ e p e s
κρατήσεων	k ɾ a t i s e o n
κριτικό	k ɾ i t i k o
κρουαζιερόπλοιο	k ɾ u a z i e ɾ o p l i o
κυριαρχούσε	c i ɾ i a ɾ x u s e
κόκκινησ	k o c i n i s
κόκκινουσ	k o c i n u s
κόλλησαν	k o l i s a n
λειπει	l i p i
λεξεισ	l e k s i s
λεπέν	l e p e n
λιγοτερο	l i ɣ o t e ɾ o
λογιστικό	l o ʝ i s t i k o
λοχία	l o ç i a
μαγαζάκι	m a ɣ a z a c i
μαγειρέματοσ	m a ʝ i ɾ e m a t o s
μακαρίτη	m a k a ɾ i t i
μανιταριών	m a n i t a ɾ ʝ o n
μεταβατικό	m e t a v a t i k o
μιχαηλ	m i x a i l
μοιράζουν	m i ɾ a z u n
μοναχού	m o n a x u
μονομερή	m o n o m e ɾ i
μουνιά	m u ɲ a
μπουθ	b u θ
μπροστινά	b ɾ o s t i n a
νάπα	n a p a
νίκα	n i k a
νίκασ	n i k a s
νίκι	n i c i
ναζαρέτ	n a z a ɾ e t
ναζισμό	n a z i z m o
νεκροταφεία	n e k ɾ o t a f i a
νεκταρίου	n e k t a ɾ i u
νικίτα	n i c i t a
νικολά	n i k o l a
νικολέτα	n i k o l e t a
νοίκι	n i c i
νομοθετικά	n o m o θ e t i k a
νονά	n o n a
ξεπεραστεί	k s e p e ɾ a s t i
ξεπερνάσ	k s e p e ɾ n a s
ξερεσ	k s e ɾ e s
ξημέρωσε	k s i m e ɾ o s e
ξοδεύεισ	k s o ð e v i s
οζ	o z
οικολογικέσ	i k o l o ʝ i c e s
ολοκληρώσουμε	o l o k l i ɾ o s u m e
ολοσ	o l o s
ομηρία	o m i ɾ i a
ομορφότερεσ	o m o ɾ f o t e ɾ e s
ονομάσουμε	o n o m a s u m e
ονόμαζαν	o n o m a z a n
οργάνωσή	o ɾ ɣ a n o s i
ορθόδοξεσ	o ɾ θ o ð o k s e s
ορόσ	o ɾ o s
ουόλτερ	u o l t e ɾ
πάθουμε	p a θ u m e
πέσιμο	p e s i m o
πέψη	p e p s i
παιδικο	p e ð i k o
παράξενοσ	p a ɾ a k s e n o s
παραλείψεισ	p a ɾ a l i p s i s
παρατηρήθηκαν	p a ɾ a t i ɾ i θ i k a n
παρτούζα	p a ɾ t u z a
πατάκη	p a t a c i
πατάνε	p a t a n e
πατήσουμε	p a t i s u m e
παυλίδη	p a v l i ð i
πεζοί	p e z i
περιβόλι	p e ɾ i v o l i
περιμενετε	p e ɾ i m e n e t e
πιλοτικό	p i l o t i k o
πληροφοριακό	p l i ɾ o f o ɾ i a k o
πλουσιότεροσ	p l u s i o t e ɾ o s
πλύνει	p l i n i
ποδαράκια	p o ð a ɾ a c a
ποδοσφαιρικόσ	p o ð o s f e ɾ i k o s
ποιητικά	p i i t i k a
πολύτιμων	p o l i t i m o n
πουλήθηκαν	p u l i θ i k a n
πούρα	p u ɾ a
πράσινων	p ɾ a s i n o n
πραγματι	p ɾ a ɣ m a t i
προβλεπόμενη	p ɾ o v l e p o m e n i
προκαταρκτικά	p ɾ o k a t a ɾ k t i k a
προξενείου	p ɾ o k s e n i u
προσδιορίζουν	p ɾ o z ð i o ɾ i z u n
προσεγγίζουν	p ɾ o s e ŋ ɟ i z u n
προσπέρασε	p ɾ o s p e ɾ a s e
προσφυγική	p ɾ o s f i ʝ i c i
προτεραιότητά	p ɾ o t e ɾ e o t i t a
προωθούνται	p ɾ o o θ u n d e
πρωθυπουργών	p ɾ o θ i p u ɾ ɣ o n
πρόλαβεσ	p ɾ o l a v e s
πυγμαχίασ	p i ɣ m a ç i a s
πόζα	p o z a
ρέμοσ	ɾ e m o s
ρατσιστικά	ɾ a t͡s i s t i k a
ρομαντισμόσ	ɾ o m a n d i z m o s
ρυάκι	ɾ i a c i
σέλασ	s e l a s
σήκωσαν	s i k o s a n
σίσι	s i s i
σανέλ	s a n e l
σανγκ	s a ŋ ɡ
σερβιτόρο	s e ɾ v i t o ɾ o
σημειώσεων	s i m i o s e o n
σουίτεσ	s u i t e s
σπάμε	s p a m e
σπανιότερα	s p a ɲ o t e ɾ a
σπρώχνεισ	s p ɾ o x n i s
στεναχώρια	s t e n a x o ɾ ʝ a
στηρίξω	s t i ɾ i k s o
στηρίχθηκε	s t i ɾ i x θ i c e
στράουσ	s t ɾ a u s
στροφήσ	s t ɾ o f i s
στρώση	s t ɾ o s i
στύλο	s t i l o
συγκινημένοσ	s i ŋ ɟ i n i m e n o s
συγχρονισμό	s i ŋ x ɾ o n i z m o
συλλέγουν	s i l e ɣ u n
συμβάντων	s i ɱ v a n d o n
συμμετέχουμε	s i m e t e x u m e
συμφιλίωσησ	s i ɱ f i l i o s i s
συμφωνω	s i ɱ f o n o
συναλλάγματοσ	s i n a l a ɣ m a t o s
συναρμολόγηση	s i n a ɾ m o l o ʝ i s i
συναφείσ	s i n a f i s
συνδέσεων	s i n ð e s e o n
συνεδριο	s i n e ð ɾ i o
συνοδούσ	s i n o ð u s
συντονισμένοι	s i n d o n i z m e n i
συστηματικήσ	s i s t i m a t i c i s
σφαιρών	s f e ɾ o n
σωματικού	s o m a t i k u
σύσσωμη	s i s o m i
τάε	t a e
ταμειακών	t a m i a k o n
τελειο	t e l i o
τεσσερα	t e s e ɾ a
τεχνολογικών	t e x n o l o ʝ i k o n
τζαμιού	d͡z a m ɲ u
τιτλο	t i t l o
τρέβορ	t ɾ e v o ɾ
τρίτοι	t ɾ i t i
τραγουδούσαν	t ɾ a ɣ u ð u s a n
τραπεζι	t ɾ a p e z i
τρελού	t ɾ e l u
τριεσ	t ɾ i e s
τσάκι	t͡s a c i
τσουκαλά	t͡s u k a l a
τυπικήσ	t i p i c i s
υβρίδιο	i v ɾ i ð i o
υδροχόοσ	i ð ɾ o x o o s
υιοθέτησαν	i o θ e t i s a n
υλικο	i l i k o
υπεροχη	i p e ɾ o ç i
υποκριτέσ	i p o k ɾ i t e s
υποφέρουμε	i p o f e ɾ u m e
υπόσχονται	i p o s x o n d e
φάρα	f a ɾ a
φάτσεσ	f a t͡s e s
φέρατε	f e ɾ a t e
φανατικοί	f a n a t i c i
φεραίου	f e ɾ e u
φλεγόμενο	f l e ɣ o m e n o
φοβασαι	f o v a s e
φοιτήτριεσ	f i t i t ɾ i e s
φούντα	f u n d a
φρίμαν	f ɾ i m a n
φτανει	f t a n i
φτηνέσ	f t i n e s
φώκια	f o c a
φώναζα	f o n a z a
χαζομάρεσ	x a z o m a ɾ e s
χαμένου	x a m e n u
χαμογελώντασ	x a m o ʝ e l o n d a s
χασάπη	x a s a p i
χασει	x a s i
χαϊδαρίου	x a i̯ ð a ɾ i u
χορηγεί	x o ɾ i ʝ i
χρειαστει	x ɾ i a s t i
χρυσούλα	x ɾ i s u l a
χρωστούν	x ɾ o s t u n
χτίσεισ	x t i s i s
χωριστεί	x o ɾ i s t i
ψήνεται	p s i n e t e
ψόφα	p s o f a
όφελόσ	o f e l o s
όχλο	o x l o
ύμνου	i m n u
ύψωσε	i p s o s e
άαρον	a a ɾ o n
άνιση	a n i s i
άρειοσ	a ɾ i o s
άχνη	a x n i
έβροσ	e v ɾ o s
έδρανα	e ð ɾ a n a
έλθουν	e l θ u n
έμπειροι	e m b i ɾ i
ένοπλησ	e n o p l i s
έπεται	e p e t e
έπιναν	e p i n a n
έπραξε	e p ɾ a k s e
έρανο	e ɾ a n o
αγά	a ɣ a
αγαθού	a ɣ a θ u
αγγελόπουλου	a ŋ ɟ e l o p u l u
αγωγοί	a ɣ o ʝ i
αγωνων	a ɣ o n o n
αετοί	a e t i
αθάνατοσ	a θ a n a t o s
αιγυπτιακό	e ʝ i p t i a k o
αιμιλία	e m i l i a
αιμοδοσίασ	e m o ð o s i a s
αιτωλικό	e t o l i k o
αιωρείται	e o ɾ i t e
αλεξόπουλοσ	a l e k s o p u l o s
αμαξίδιο	a m a k s i ð i o
αμφιλοχίασ	a ɱ f i l o ç i a s
ανάπαυσησ	a n a p a f s i s
αναβολέσ	a n a v o l e s
αναγνωρίσεισ	a n a ɣ n o ɾ i s i s
αναγνωστικό	a n a ɣ n o s t i k o
αναγραφή	a n a ɣ ɾ a f i
ανακαλέσει	a n a k a l e s i
αναπάντητα	a n a p a n d i t a
ανεπίσημη	a n e p i s i m i
ανηφόρα	a n i f o ɾ a
ανθρώπινουσ	a n θ ɾ o p i n u s
ανοιξιάτικη	a n i k s ç a t i c i
ανοιξιάτικο	a n i k s ç a t i k o
ανομίασ	a n o m i a s
ανταγωνίζονται	a n d a ɣ o n i z o n d e
αντικαθίστανται	a n d i k a θ i s t a n d e
αντικατοπτρίζεται	a n d i k a t o p t ɾ i z e t e
ανύψωσησ	a n i p s o s i s
αξιοποίησησ	a k s i o p i i s i s
απέκλεισαν	a p e k l i s a n
απαγορευτικό	a p a ɣ o ɾ e f t i k o
αποδεχόμαστε	a p o ð e x o m a s t e
αποδυνάμωση	a p o ð i n a m o s i
αποκτηθεί	a p o k t i θ i
αποστολέα	a p o s t o l e a
αποσυρθούν	a p o s i ɾ θ u n
απροκάλυπτα	a p ɾ o k a l i p t a
απόψεωσ	a p o p s e o s
αργυρόπουλοσ	a ɾ ʝ i ɾ o p u l o s
αρωματικών	a ɾ o m a t i k o n
ασημένιοσ	a s i m e ɲ o s
αστοί	a s t i
αστρονόμοσ	a s t ɾ o n o m o s
αυξεντίου	a f k s e n d i u
αφοσιωμένοι	a f o s i o m e n i
βέργα	v e ɾ ɣ a
βγαλει	v ɣ a l i
βελτίωσε	v e l t i o s e
βιβλική	v i v l i c i
βιργινία	v i ɾ ʝ i n i a
βορειοανατολική	v o ɾ i o a n a t o l i c i
βοσκοτόπια	v o s k o t o p ç a
βότανο	v o t a n o
γάζεσ	ɣ a z e s
γαμημένοσ	ɣ a m i m e n o s
γεγονοτα	ʝ e ɣ o n o t a
γελούσαν	ʝ e l u s a n
γεράσιμου	ʝ e ɾ a s i m u
γλυκούλα	ɣ l i k u l a
γοργόνεσ	ɣ o ɾ ɣ o n e s
γουίλισ	ɣ u i l i s
γραμμικό	ɣ ɾ a m i k o
γραφεια	ɣ ɾ a f i a
γυριστεί	ʝ i ɾ i s t i
γύψο	ʝ i p s o
δεκάδα	ð e k a ð a
δελτα	ð e l t a
δεσμεύουν	ð e z m e v u n
δευτερεύον	ð e f t e ɾ e v o n
δεχθούν	ð e x θ u n
δηλητηρίασησ	ð i l i t i ɾ i a s i s
δημιουργικά	ð i m i u ɾ ʝ i k a
δημοπράτηση	ð i m o p ɾ a t i s i
διέπραξαν	ð i e p ɾ a k s a n
διήμερη	ð i i m e ɾ i
διαλέξουν	ð i̯ a l e k s u n
διαμόρφωσαν	ð i̯ a m o ɾ f o s a n
διαρκέσ	ð i̯ a ɾ c e s
διατηρείσ	ð i̯ a t i ɾ i s
διαφύλαξη	ð i̯ a f i l a k s i
διερευνά	ð i e ɾ e v n a
διερευνηθεί	ð i e ɾ e v n i θ i
δικαιώθηκε	ð i c e o θ i c e
δινω	ð i n o
διπολική	ð i p o l i c i
διστάσετε	ð i s t a s e t e
δραστήριοσ	ð ɾ a s t i ɾ i o s
εισάγοντασ	i s a ɣ o n d a s
εκδίδουν	e k ð i ð u n
εκθέτουν	e k θ e t u n
εκλογικών	e k l o ʝ i k o n
εκρήγνυται	e k ɾ i ɣ n i t e
εκτόξευσε	e k t o k s e f s e
ελάττωση	e l a t o s i
ελάφρυνσησ	e l a f ɾ i n s i s
ελέω	e l e o
εμπίπτει	e m b i p t i
εμπιστευθείσ	e m b i s t e f θ i s
ενήλικοσ	e n i l i k o s
ενθάρρυνε	e n θ a ɾ i n e
εξαίρετη	e k s e ɾ e t i
εορταστικέσ	e o ɾ t a s t i c e s
επαίνουσ	e p e n u s
επανάληψησ	e p a n a l i p s i s
επαναληψη	e p a n a l i p s i
επεμβαίνει	e p e ɱ v e n i
επιλεκτικά	e p i l e k t i k a
επινόηση	e p i n o i s i
επισήμων	e p i s i m o n
εργάζεσαι	e ɾ ɣ a z e s e
ερμηνευτήσ	e ɾ m i n e f t i s
ερυθρών	e ɾ i θ ɾ o n
εστειλε	e s t i l e
ετοίμαζε	e t i m a z e
εφυγα	e f i ɣ a
ζείσ	z i s
ηβ	i v
ηλεκτρονικούσ	i l e k t ɾ o n i k u s
ησασταν	i s a s t a n
θάμνο	θ a m n o
θέρμου	θ e ɾ m u
θεανώ	θ e a n o
θεραπευτικήσ	θ e ɾ a p e f t i c i s
θερινήσ	θ e ɾ i n i s
θεσμική	θ e z m i c i
θετή	θ e t i
θεωρήσεισ	θ e o ɾ i s i s
θολό	θ o l o
ιγκόρ	i ŋ ɡ o ɾ
ιδιωτών	i ð i o t o n
ιερήσ	i e ɾ i s
ινδικήσ	i n ð i c i s
ισπανικού	i s p a n i k u
ισχυριστεί	i s ç i ɾ i s t i
ιωάννασ	i o a n a s
κάτοικοί	k a t i c i
καβαλάρησ	k a v a l a ɾ i s
καινοτόμοσ	c e n o t o m o s
καναδόσ	k a n a ð o s
κατάλληλοι	k a t a l i l i
καταλαβεσ	k a t a l a v e s
καταπίεσησ	k a t a p i e s i s
κατασκεύασμα	k a t a s c e v a z m a
κατηγορήσεισ	k a t i ɣ o ɾ i s i s
κεραμικήσ	c e ɾ a m i c i s
κερδοφόρα	c e ɾ ð o f o ɾ a
κινητικά	c i n i t i k a
κινούμαστε	c i n u m a s t e
κλασσικέσ	k l a s i c e s
κλειδωμένη	k l i ð o m e n i
κλειστούσ	k l i s t u s
κονσέρβεσ	k o n s e ɾ v e s
κονσόλεσ	k o n s o l e s
κουβέλη	k u v e l i
κουβαλούσε	k u v a l u s e
κούκου	k u k u
κρανία	k ɾ a n i a
κρατούμενο	k ɾ a t u m e n o
κροκόδειλοσ	k ɾ o k o ð i l o s
κυκλώνα	c i k l o n a
κυριεσ	c i ɾ i e s
κυριεύσει	c i ɾ i e f s i
κόλλια	k o ʎ a
κύπριουσ	c i p ɾ i u s
λέβητα	l e v i t a
λέο	l e o
λατινικό	l a t i n i k o
λεωφ	l e o f
λιέγησ	ʎ e ʝ i s
λιτή	l i t i
λουξεμβούργου	l u k s e ɱ v u ɾ ɣ u
λούησ	l u i s
μάμα	m a m a
μαγνήτεσ	m a ɣ n i t e s
μαγνητικά	m a ɣ n i t i k a
μαγνητικέσ	m a ɣ n i t i c e s
μαλαισίασ	m a l e s i a s
μεγαλόπολη	m e ɣ a l o p o l i
μεσο	m e s o
μεσολαβήσει	m e s o l a v i s i
μετατρέψουμε	m e t a t ɾ e p s u m e
μεταφορέα	m e t a f o ɾ e a
μετεξέλιξη	m e t e k s e l i k s i
μονίμων	m o n i m o n
μοναρχία	m o n a ɾ ç i a
μονοι	m o n i
μονοπατιού	m o n o p a t ç u
μοχλόσ	m o x l o s
μπέρδεψε	b e ɾ ð e p s e
μπουζούκια	b u z u c a
μυθιστόρημά	m i θ i s t o ɾ i m a
μυθολογίασ	m i θ o l o ʝ i a s
νέστοροσ	n e s t o ɾ o s
νοικιάσει	n i c a s i
νοτίων	n o t i o n
ντόροθι	d o ɾ o θ i
ντύνεσαι	d i n e s e
νόμισε	n o m i s e
ξενοφών	k s e n o f o n
ξοδέψει	k s o ð e p s i
οδηγάει	o ð i ɣ a i
οικοδόμησησ	i k o ð o m i s i s
οικοσυστημάτων	i k o s i s t i m a t o n
ολικό	o l i k o
ονοματα	o n o m a t a
οξύτητα	o k s i t i t a
οργισμένοσ	o ɾ ʝ i z m e n o s
ουρανίου	u ɾ a n i u
πέδιλα	p e ð i l a
πήδα	p i ð a
παλαιόσ	p a l e o s
παναγόπουλοσ	p a n a ɣ o p u l o s
παράλληλων	p a ɾ a l i l o n
παράλογοσ	p a ɾ a l o ɣ o s
παράπλευρεσ	p a ɾ a p l e v ɾ e s
παρκάρεισ	p a ɾ k a ɾ i s
παρκαρισμένο	p a ɾ k a ɾ i z m e n o
πασκάλ	p a s k a l
πεπτικό	p e p t i k o
περιστατικού	p e ɾ i s t a t i k u
περσικό	p e ɾ s i k o
πιουν	p ç u n
πιστωτικήσ	p i s t o t i c i s
πλήρωμά	p l i ɾ o m a
πληροφόρησε	p l i ɾ o f o ɾ i s e
πνευματικότητα	p n e v m a t i k o t i t a
ποδι	p o ð i
πολεμούσε	p o l e m u s e
πολιτισμένη	p o l i t i z m e n i
πολιτισμοσ	p o l i t i z m o s
πολύχρωμο	p o l i x ɾ o m o
πουλούσαν	p u l u s a n
προετοιμασμένοσ	p ɾ o e t i m a z m e n o s
προκαθορισμένη	p ɾ o k a θ o ɾ i z m e n i
προοδευτικά	p ɾ o o ð e f t i k a
προσβάλλουν	p ɾ o z v a l u n
προσπεράσει	p ɾ o s p e ɾ a s i
προστατεύοντασ	p ɾ o s t a t e v o n d a s
προτασεισ	p ɾ o t a s i s
προτεινόμενεσ	p ɾ o t i n o m e n e s
πρωτοδικών	p ɾ o t o ð i k o n
πρόεδρου	p ɾ o e ð ɾ u
πρόστυχο	p ɾ o s t i x o
πύλο	p i l o
ράμοσ	ɾ a m o s
ριζοσπαστικέσ	ɾ i z o s p a s t i c e s
ρομπέν	ɾ o b e n
ρότσιλντ	ɾ o t͡s i l d
σάλιβαν	s a l i v a n
σάλο	s a l o
σικελίασ	s i c e l i a s
σιλικόνησ	s i l i k o n i s
σκίσει	s c i s i
σκοπέλου	s k o p e l u
σκουρλέτη	s k u ɾ l e t i
σκούπισε	s k u p i s e
σκόπελοσ	s k o p e l o s
σμιτ	z m i t
σουνίτεσ	s u n i t e s
σοφοκλέουσ	s o f o k l e u s
στέφανι	s t e f a n i
στίχων	s t i x o n
σταυροσ	s t a v ɾ o s
στείλατε	s t i l a t e
στηρίζοντασ	s t i ɾ i z o n d a s
στιλέτο	s t i l e t o
στοιχημάτων	s t i ç i m a t o n
συγκεντρώσουν	s i ŋ ɟ e n d ɾ o s u n
συγχωνεύσεισ	s i ŋ x o n e f s i s
συζητάτε	s i z i t a t e
συλλαμβάνει	s i l a ɱ v a n i
συμπεριφορα	s i m b e ɾ i f o ɾ a
συνέδεσε	s i n e ð e s e
συνδεση	s i n ð e s i
συνδρομητήσ	s i n ð ɾ o m i t i s
συνδύασε	s i n ð i a s e
συνεπείσ	s i n e p i s
συννεφιά	s i n e f ç a
συνταξιοδότησησ	s i n d a k s i o ð o t i s i s
σφραγισμένο	s f ɾ a ʝ i z m e n o
σωθούμε	s o θ u m e
σύντροφοί	s i n d ɾ o f i
τέρατοσ	t e ɾ a t o s
τέταρτου	t e t a ɾ t u
τίποτ	t i p o t
ταξιδάκι	t a k s i ð a c i
ταυτιστεί	t a f t i s t i
ταχυδρομείων	t a ç i ð ɾ o m i o n
τενεσί	t e n e s i
τετοιεσ	t e t i e s
τζα	d͡z a
τζελ	d͡z e l
τηλεφωνία	t i l e f o n i a
τονίσει	t o n i s i
τσουκαλάσ	t͡s u k a l a s
τυχερέσ	t i ç e ɾ e s
τόκο	t o k o
τύπισσα	t i p i s a
υεθα	i e θ a
υπέβαλαν	i p e v a l a n
υπέρτατο	i p e ɾ t a t o
υπερπαραγωγή	i p e ɾ p a ɾ a ɣ o ʝ i
υπερφυσικό	i p e ɾ f i s i k o
υπευθυνοσ	i p e f θ i n o s
υπνοδωμάτια	i p n o ð o m a t ç a
υποθέτοντασ	i p o θ e t o n d a s
υποχωρήσεισ	i p o x o ɾ i s i s
φάρσαλα	f a ɾ s a l a
φασίστασ	f a s i s t a s
φερθεί	f e ɾ θ i
φιλοσόφου	f i l o s o f u
φορητέσ	f o ɾ i t e s
φορτούνησ	f o ɾ t u n i s
φυγετε	f i ʝ e t e
φυλετική	f i l e t i c i
φυστίκια	f i s t i c a
φυτρώνει	f i t ɾ o n i
φωτεινόσ	f o t i n o s
φωτιστικά	f o t i s t i k a
χαλαρώσετε	x a l a ɾ o s e t e
χαρακτηρίζοντασ	x a ɾ a k t i ɾ i z o n d a s
χειρίζονται	ç i ɾ i z o n d e
χειροκίνητο	ç i ɾ o c i n i t o
χουκ	x u k
χρίστου	x ɾ i s t u
χρεωκοπία	x ɾ e o k o p i a
χρημα	x ɾ i m a
χρησιμοποιήσαμε	x ɾ i s i m o p i i s a m e
χρωστάτε	x ɾ o s t a t e
χύνεται	ç i n e t e
ψαρια	p s a ɾ ʝ a
ψιθυρίζει	p s i θ i ɾ i z i
όντοσ	o n d o s
άπω	a p o
άστεγο	a s t e ɣ o
ένοπλο	e n o p l o
έντισον	e n d i s o n
έπαθλα	e p a θ l a
έπεισαν	e p i s a n
έστελνα	e s t e l n a
έφτασεσ	e f t a s e s
έχων	e x o n
ίσων	i s o n
αγγίζεισ	a ŋ ɟ i z i s
αδείασ	a ð i a s
αδόλφοσ	a ð o l f o s
αδύναμεσ	a ð i n a m e s
αθηναϊκού	a θ i n a i k u
αιτωλικού	e t o l i k u
αιώνοσ	e o n o s
ακτιβιστών	a k t i v i s t o n
αλυσίδων	a l i s i ð o n
αλφόνσο	a l f o n s o
αμερικάνικεσ	a m e ɾ i k a n i c e s
ανέβασμα	a n e v a z m a
αναβολήσ	a n a v o l i s
αναγνωρίζουμε	a n a ɣ n o ɾ i z u m e
αναγνωστοπούλου	a n a ɣ n o s t o p u l u
αναγνωστών	a n a ɣ n o s t o n
αναλάμβανε	a n a l a ɱ v a n e
ανανεώνει	a n a n e o n i
αναρωτήθηκε	a n a ɾ o t i θ i c e
ανηλίκου	a n i l i k u
ανθολογία	a n θ o l o ʝ i a
ανοιχτών	a n i x t o n
ανταγωνίζεται	a n d a ɣ o n i z e t e
ανταλλάσσουν	a n d a l a s u n
αντιδράσουμε	a n d i ð ɾ a s u m e
αντιμετωπίζετε	a n d i m e t o p i z e t e
ανώνυμοι	a n o n i m i
αξιοποιηθεί	a k s i o p i i θ i
απαιτούσαν	a p e t u s a n
απαρατήρητη	a p a ɾ a t i ɾ i t i
απλώσει	a p l o s i
αποδώσουν	a p o ð o s u n
απολιθώματα	a p o l i θ o m a t a
απομακρύνθηκαν	a p o m a k ɾ i n θ i k a n
αποξηραμένα	a p o k s i ɾ a m e n a
αποτυγχάνουν	a p o t i ŋ x a n u n
αποχέτευση	a p o ç e t e f s i
απροσδόκητα	a p ɾ o z ð o c i t a
απρόβλεπτο	a p ɾ o v l e p t o
απόγνωσησ	a p o ɣ n o s i s
αρκει	a ɾ c i
αρνητικήσ	a ɾ n i t i c i s
αστον	a s t o n
αστρονόμοι	a s t ɾ o n o m i
ατλαντίδα	a t l a n d i ð a
ατομων	a t o m o n
αυγουστου	a v ɣ u s t u
αυθαιρεσία	a f θ e ɾ e s i a
αυστριακοί	a f s t ɾ i a c i
αυτισμού	a f t i z m u
αυτοάμυνασ	a f t o a m i n a s
αφομοίωση	a f o m i o s i
αφοσιωμένη	a f o s i o m e n i
βέμπο	v e m b o
βαβέλ	v a v e l
βασιζόμενοι	v a s i z o m e n i
βασιλίσσησ	v a s i l i s i s
βασισμένα	v a s i z m e n a
βερόνα	v e ɾ o n a
βημάτων	v i m a t o n
βινσ	v i n s
βλαντ	v l a n d
βορειο	v o ɾ i o
βραχίονεσ	v ɾ a ç i o n e s
βρισκόμουν	v ɾ i s k o m u n
βόλντεμορτ	v o l d e m o ɾ t
γέννησήσ	ʝ e n i s i s
γραπτώσ	ɣ ɾ a p t o s
γυάλινη	ʝ a l i n i
γυμνασίων	ʝ i m n a s i o n
γυρνά	ʝ i ɾ n a
δάντη	ð a n d i
δανείζει	ð a n i z i
δαύτουσ	ð a f t u s
δημοπρασίεσ	ð i m o p ɾ a s i e s
δημοσιονομική	ð i m o s i o n o m i c i
δημοτικοί	ð i m o t i c i
διέθεσε	ð i e θ e s e
διαλυθούν	ð i̯ a l i θ u n
διατηρητέο	ð i̯ a t i ɾ i t e o
διόγκωση	ð i o ŋ ɡ o s i
δυ	ð i
δυναμικόσ	ð i n a m i k o s
δυστυχίασ	ð i s t i ç i a s
εδρών	e ð ɾ o n
εθνικα	e θ n i k a
εικονικήσ	i k o n i c i s
εισάγουμε	i s a ɣ u m e
εισοδημάτων	i s o ð i m a t o n
εισχωρήσει	i s x o ɾ i s i
εκκλησιαστικού	e k l i s i a s t i k u
ελευθεροσ	e l e f θ e ɾ o s
ελευθερωθεί	e l e f θ e ɾ o θ i
ελληνόπουλα	e l i n o p u l a
εμπιστευτεί	e m b i s t e f t i
εμφανίζονταν	e ɱ f a n i z o n d a n
ενήλικοι	e n i l i c i
εναλλαγέσ	e n a l a ʝ e s
ενεπλάκη	e n e p l a c i
ενεργειακήσ	e n e ɾ ʝ i a c i s
ενεργοποιήθηκε	e n e ɾ ɣ o p i i θ i c e
ενωμένο	e n o m e n o
εξαιρετικοί	e k s e ɾ e t i c i
επειτα	e p i t a
επενδυτικό	e p e n ð i t i k o
επιδημίασ	e p i ð i m i a s
επιδόθηκε	e p i ð o θ i c e
επιθεωρητέσ	e p i θ e o ɾ i t e s
επικείμενο	e p i c i m e n o
επιλέξω	e p i l e k s o
επιμήκυνση	e p i m i c i n s i
επισήμανε	e p i s i m a n e
επισκεπτόταν	e p i s c e p t o t a n
επισκευήσ	e p i s c e v i s
επιτάχυνσησ	e p i t a ç i n s i s
ερωτικήσ	e ɾ o t i c i s
ευάλωτα	e v a l o t a
ευγνώμονεσ	e v ɣ n o m o n e s
ευεργετική	e v e ɾ ʝ e t i c i
ευπρόσδεκτοι	e f p ɾ o z ð e k t i
ευχών	e f x o n
εφετ	e f e t
ζορζ	z o ɾ z
ζωντανήσ	z o n d a n i s
ζωοδόχου	z o o ð o x u
ημίν	i m i n
ηρεμησε	i ɾ e m i s e
θέμη	θ e m i
θεσπρωτία	θ e s p ɾ o t i a
θεωρητικών	θ e o ɾ i t i k o n
θεότητεσ	θ e o t i t e s
θολή	θ o l i
ιδεώδεσ	i ð e o ð e s
ιδιότητέσ	i ð i o t i t e s
ιησου	i i s u
ινσουλίνησ	i n s u l i n i s
ιουδαίων	i u ð e o n
ισραηλινούσ	i s ɾ a i l i n u s
κάθετοσ	k a θ e t o s
κάμει	k a m i
κάρολο	k a ɾ o l o
καίριο	c e ɾ i o
καγιά	k a ʝ a
καθεστώτων	k a θ e s t o t o n
καλαμάρι	k a l a m a ɾ i
κανονίσουμε	k a n o n i s u m e
καπνίσει	k a p n i s i
κατήγγειλαν	k a t i ŋ ɟ i l a n
κατανοήσεισ	k a t a n o i s i s
κατεβάζουν	k a t e v a z u n
κενών	c e n o n
κεφαλών	c e f a l o n
κια	c a
κλεφτών	k l e f t o n
κληρονομικό	k l i ɾ o n o m i k o
κοιλίασ	c i l i a s
κοιμωμένη	c i m o m e n i
κοινοβουλευτικέσ	c i n o v u l e f t i c e s
κοινωφελή	c i n o f e l i
κορμιού	k o ɾ m ɲ u
κουβαλούν	k u v a l u n
κουρουμπλήσ	k u ɾ u b l i s
κούτεσ	k u t e s
κρέμασαν	k ɾ e m a s a n
κρυο	k ɾ i o
κυβερνώντοσ	c i v e ɾ n o n d o s
κωμική	k o m i c i
κωπηλασία	k o p i l a s i a
λήθαργο	l i θ a ɾ ɣ o
λίρασ	l i ɾ a s
λαδόκολλα	l a ð o k o l a
λαογραφικού	l a o ɣ ɾ a f i k u
λαου	l a u
λεγόμενοσ	l e ɣ o m e n o s
λιονταριού	ʎ o n d a ɾ ʝ u
λυγίσει	l i ʝ i s i
λυρικήσ	l i ɾ i c i s
μέθη	m e θ i
μίκαελ	m i k a e l
μαθεισ	m a θ i s
μαθηματικήσ	m a θ i m a t i c i s
μεγαλοπρεπή	m e ɣ a l o p ɾ e p i
μελιού	m e ʎ u
μετάγγιση	m e t a ŋ ɟ i s i
μεταθανάτια	m e t a θ a n a t ç a
μετακινήσει	m e t a c i n i s i
μιλα	m i l a
μισάωρο	m i s a o ɾ o
μονόδρομο	m o n o ð ɾ o m o
μουρμούρα	m u ɾ m u ɾ a
μουστάκια	m u s t a c a
μπιενάλε	b i e n a l e
μπλέξουμε	b l e k s u m e
μπουφέσ	b u f e s
μόρφωμα	m o ɾ f o m a
νεανικήσ	n e a n i c i s
νεοέλληνεσ	n e o e l i n e s
νεοχώρι	n e o x o ɾ i
νισ	n i s
νομαρχίασ	n o m a ɾ ç i a s
ξεχνάνε	k s e x n a n e
ξεχωριστοί	k s e x o ɾ i s t i
ξηροί	k s i ɾ i
οικοδομήσ	i k o ð o m i s
ολοκληρωμένεσ	o l o k l i ɾ o m e n e s
ολοκληρώνονται	o l o k l i ɾ o n o n d e
ομιλητών	o m i l i t o n
οπαδό	o p a ð o
οπεκεπε	o p e c e p e
ορίστηκαν	o ɾ i s t i k a n
οροσειρά	o ɾ o s i ɾ a
ορυχείων	o ɾ i ç i o n
ουισκόνσιν	u i s k o n s i n
ουράσ	u ɾ a s
ουρλιαχτά	u ɾ ʎ a x t a
ούλα	u l a
πάλασ	p a l a s
πάσχοντεσ	p a s x o n d e s
παιδικη	p e ð i c i
πακετο	p a c e t o
παλ	p a l
πανάκριβα	p a n a k ɾ i v a
παναγή	p a n a ʝ i
πανεπιστημιακά	p a n e p i s t i m i a k a
παπαγαλάκια	p a p a ɣ a l a c a
παράξενοι	p a ɾ a k s e n i
παράσιτο	p a ɾ a s i t o
παραδίδουν	p a ɾ a ð i ð u n
παραδοση	p a ɾ a ð o s i
παρευρεθεί	p a ɾ e v ɾ e θ i
παρκάρισμα	p a ɾ k a ɾ i z m a
παρουσίασή	p a ɾ u s i a s i
παρτιζάν	p a ɾ t i z a n
πασχα	p a s x a
πασχαλινό	p a s x a l i n o
πεδιο	p e ð i o
πεινάμε	p i n a m e
πειράζω	p i ɾ a z o
περίφημοσ	p e ɾ i f i m o s
περισσοτερεσ	p e ɾ i s o t e ɾ e s
πετράκησ	p e t ɾ a c i s
πηρεσ	p i ɾ e s
πιθήκων	p i θ i k o n
πλέει	p l e i
πλαστικού	p l a s t i k u
ποίοσ	p i o s
πολυχώρο	p o l i x o ɾ o
προβλέψεων	p ɾ o v l e p s e o n
προνομίων	p ɾ o n o m i o n
προσαρμοστούν	p ɾ o s a ɾ m o s t u n
προσκεκλημένοσ	p ɾ o s c e k l i m e n o s
προσμονή	p ɾ o z m o n i
προχωρεί	p ɾ o x o ɾ i
προώθησε	p ɾ o o θ i s e
πρωθυπουργικό	p ɾ o θ i p u ɾ ʝ i k o
πρωθυπουργούσ	p ɾ o θ i p u ɾ ɣ u s
πρωτογενήσ	p ɾ o t o ʝ e n i s
πρόκλησησ	p ɾ o k l i s i s
πρόχειρη	p ɾ o ç i ɾ i
πυροδοτήσει	p i ɾ o ð o t i s i
πωλήθηκε	p o l i θ i c e
ράπτη	ɾ a p t i
ρέμο	ɾ e m o
ρότα	ɾ o t a
σάμι	s a m i
σάρωσε	s a ɾ o s e
σαγιονάρεσ	s a ʝ o n a ɾ e s
σαιν	s e n
σει	s i
σκεφτεσαι	s c e f t e s e
σκοπεύετε	s k o p e v e t e
σκόπιμη	s k o p i m i
σοβαρέψου	s o v a ɾ e p s u
σουτάρει	s u t a ɾ i
σπορά	s p o ɾ a
σταντάρ	s t a n d a ɾ
σταυρούπολη	s t a v ɾ u p o l i
σταφυλιών	s t a f i ʎ o n
στερήσεισ	s t e ɾ i s i s
στοιχειώδησ	s t i ç i o ð i s
στοχο	s t o x o
στράτου	s t ɾ a t u
στρατοσ	s t ɾ a t o s
στρατούσ	s t ɾ a t u s
συλλαμβάνονται	s i l a ɱ v a n o n d e
συλλεκτικό	s i l e k t i k o
συμμαθητή	s i m a θ i t i
συμπληρώνονται	s i m b l i ɾ o n o n d e
συμπληρώνοντασ	s i m b l i ɾ o n o n d a s
συνεταιρισμό	s i n e t e ɾ i z m o
συντηρητικέσ	s i n d i ɾ i t i c e s
συστολή	s i s t o l i
συχνάζει	s i x n a z i
σχετικώσ	s ç e t i k o s
σωστήσ	s o s t i s
τέλμα	t e l m a
τέντα	t e n d a
τέστ	t e s t
ταξίαρχοσ	t a k s i a ɾ x o s
ταυτοποιηθεί	t a f t o p i i θ i
τετράδιο	t e t ɾ a ð i o
τεχνίτησ	t e x n i t i s
τζόσουα	d͡z o s u a
τολμάτε	t o l m a t e
τοπικα	t o p i k a
τουφέκια	t u f e c a
τραχήλου	t ɾ a ç i l u
τριμελέσ	t ɾ i m e l e s
τρυπάνι	t ɾ i p a n i
τυποποίηση	t i p o p i i s i
τυφλούσ	t i f l u s
τόλησ	t o l i s
υπολειμμάτων	i p o l i m a t o n
υπολοχαγό	i p o l o x a ɣ o
υποπλοίαρχοσ	i p o p l i a ɾ x o s
υψώνεται	i p s o n e t e
φανείσ	f a n i s
φιλοξενούμενων	f i l o k s e n u m e n o n
φιλτρα	f i l t ɾ a
φοβισμένοι	f o v i z m e n i
χάρεσ	x a ɾ e s
χέσω	ç e s o
χαίρεστε	ç e ɾ e s t e
χαμένησ	x a m e n i s
χαρακτηρα	x a ɾ a k t i ɾ a
χαρτι	x a ɾ t i
χαϊδεύει	x a i̯ ð e v i
χείρα	ç i ɾ a
χελώνασ	ç e l o n a s
χιλιετίεσ	ç i ʎ e t i e s
χιουμοριστικό	ç u m o ɾ i s t i k o
χρησιμο	x ɾ i s i m o
χριστιανό	x ɾ i s t ç a n o
χρωματική	x ɾ o m a t i c i
χτυπήσεισ	x t i p i s i s
χτυπήσουμε	x t i p i s u m e
όβερ	o v e ɾ
όρασή	o ɾ a s i
άκρασ	a k ɾ a s
άνθρακασ	a n θ ɾ a k a s
ένδοξο	e n ð o k s o
έντονων	e n d o n o n
έξοδοι	e k s o ð i
έπακρο	e p a k ɾ o
έρευνέσ	e ɾ e v n e s
έφτυσε	e f t i s e
ίπποσ	i p o s
αγγελοπούλου	a ŋ ɟ e l o p u l u
αθήναι	a θ i n e
αιτωλίασ	e t o l i a s
ακέραιοσ	a c e ɾ e o s
ακουστε	a k u s t e
ακριβόσ	a k ɾ i v o s
αλεξία	a l e k s i a
αναγκασμένοι	a n a ŋ ɡ a z m e n i
ανακαλύψετε	a n a k a l i p s e t e
ανακουφίσει	a n a k u f i s i
αναλογικήσ	a n a l o ʝ i c i s
ανατίναξαν	a n a t i n a k s a n
αναχώρησησ	a n a x o ɾ i s i s
αντίκεσ	a n d i c e s
ανταγωνιστικέσ	a n d a ɣ o n i s t i c e s
αντικειμενικέσ	a n d i c i m e n i c e s
αξιοπρεπείσ	a k s i o p ɾ e p i s
απελευθερωτικό	a p e l e f θ e ɾ o t i k o
απλώνει	a p l o n i
αποκάλεσαν	a p o k a l e s a n
αποκαλέσει	a p o k a l e s i
αποκοιμήθηκε	a p o c i m i θ i c e
αποκτήθηκαν	a p o k t i θ i k a n
απολαυστική	a p o l a f s t i c i
απολυτα	a p o l i t a
απομακρυνθείτε	a p o m a k ɾ i n θ i t e
απορρίμματα	a p o ɾ i m a t a
αποστόλη	a p o s t o l i
αποσύνθεσησ	a p o s i n θ e s i s
ασκώντασ	a s k o n d a s
αστακό	a s t a k o
αστροναύτη	a s t ɾ o n a f t i
ασύρματη	a s i ɾ m a t i
αυτόνομεσ	a f t o n o m e s
αυτόχθονεσ	a f t o x θ o n e s
αφάνεια	a f a n i a
βαζω	v a z o
βασιζόμενοσ	v a s i z o m e n o s
βγηκε	v ʝ i c e
βιάστηκε	v i a s t i c e
βλαδίμηροσ	v l a ð i m i ɾ o s
βορράσ	v o ɾ a s
βοστόνη	v o s t o n i
βούρλα	v u ɾ l a
βράβευσε	v ɾ a v e f s e
βραδυνή	v ɾ a ð i n i
γαστρονομία	ɣ a s t ɾ o n o m i a
γενναιόδωρη	ʝ e n e o ð o ɾ i
γερμ	ʝ e ɾ m
γιατρο	ʝ a t ɾ o
γιορτάσω	ʝ o ɾ t a s o
γκρινιάζει	ɡ ɾ i ɲ a z i
γνωριμίασ	ɣ n o ɾ i m i a s
γραμμάριο	ɣ ɾ a m a ɾ i o
γυρισμάτων	ʝ i ɾ i z m a t o n
δίστομο	ð i s t o m o
δίωρο	ð i o ɾ o
δειξω	ð i k s o
δεπ	ð e p
διαδοχικών	ð i̯ a ð o ç i k o n
διακεκριμένη	ð i̯ a c e k ɾ i m e n i
διαστημικά	ð i̯ a s t i m i k a
διατυπώνει	ð i̯ a t i p o n i
διδάσκαλοσ	ð i ð a s k a l o s
διετή	ð i e t i
δικέφαλοσ	ð i c e f a l o s
δικαιοσυνη	ð i c e o s i n i
δικαιούμαστε	ð i c e u m a s t e
δολοφονήσουν	ð o l o f o n i s u n
δραγασάκησ	ð ɾ a ɣ a s a c i s
δραστών	ð ɾ a s t o n
δυνατα	ð i n a t a
εικονικών	i k o n i k o n
εισβάλουν	i z v a l u n
εισβολέα	i z v o l e a
εκλεκτή	e k l e k t i
εκπόνηση	e k p o n i s i
εκτενέσ	e k t e n e s
ελίνα	e l i n a
ελαστικότητα	e l a s t i k o t i t a
ελληνιστική	e l i n i s t i c i
εμετόσ	e m e t o s
εμπίπτουν	e m b i p t u n
ενημερώσουν	e n i m e ɾ o s u n
εξαγοράσει	e k s a ɣ o ɾ a s i
εξοντώσει	e k s o n d o s i
εξουδετερώσει	e k s u ð e t e ɾ o s i
εξοχήν	e k s o ç i n
επίγειο	e p i ʝ i o
επίθεσή	e p i θ e s i
επανειλημμένωσ	e p a n i l i m e n o s
επιδόματοσ	e p i ð o m a t o s
επιπλέει	e p i p l e i
επισκεφτούμε	e p i s c e f t u m e
επιφανείσ	e p i f a n i s
εποπτείασ	e p o p t i a s
επώδυνη	e p o ð i n i
ερωτικόσ	e ɾ o t i k o s
ευχαριστημένη	e f x a ɾ i s t i m e n i
ζήση	z i s i
ζουμε	z u m e
ζούν	z u n
ζωηρά	z o i ɾ a
ζωντανεύει	z o n d a n e v i
ηλεκτροπληξία	i l e k t ɾ o p l i k s i a
ημερασ	i m e ɾ a s
ημιτελικών	i m i t e l i k o n
ησυχα	i s i x a
θαυμάζεισ	θ a v m a z i s
θεραπειών	θ e ɾ a p i o n
θεωρω	θ e o ɾ o
θησαυρών	θ i s a v ɾ o n
θορ	θ o ɾ
ιδεεσ	i ð e e s
ιδιωτικοί	i ð i o t i c i
ιωαννησ	i o a n i s
ιώδιο	i o ð i o
κάστανα	k a s t a n a
καίρια	c e ɾ i a
καθολικού	k a θ o l i k u
κακογιάννησ	k a k o ʝ a n i s
κανελλόπουλοσ	k a n e l o p u l o s
καρφώνει	k a ɾ f o n i
κατάλληλου	k a t a l i l u
κατάλληλουσ	k a t a l i l u s
κατέπεσε	k a t e p e s e
καταδεικνύουν	k a t a ð i k n i u n
κατακτήσουμε	k a t a k t i s u m e
κατακτούν	k a t a k t u n
κατατάσσει	k a t a t a s i
κατοικείται	k a t i c i t e
κατώτεροσ	k a t o t e ɾ o s
καυσαερίων	k a f s a e ɾ i o n
κελάρι	c e l a ɾ i
κλάσματα	k l a z m a t a
κλίνεσ	k l i n e s
κλινικη	k l i n i c i
κολομβίασ	k o l o ɱ v i a s
κολυμπούν	k o l i m b u n
κοντάρι	k o n d a ɾ i
κορλεόνε	k o ɾ l e o n e
κορωπίου	k o ɾ o p i u
κουράσει	k u ɾ a s i
κουράστηκε	k u ɾ a s t i c e
κουρέασ	k u ɾ e a s
κούνησε	k u n i s e
κτήματοσ	k t i m a t o s
κτηνοτρόφουσ	k t i n o t ɾ o f u s
κυβερνάει	c i v e ɾ n a i
κυβικών	c i v i k o n
κυνηγήσουμε	c i n i ʝ i s u m e
κυνικόσ	c i n i k o s
κωδικοσ	k o ð i k o s
κωνσταντινίδη	k o n s t a n d i n i ð i
λαβρόφ	l a v ɾ o f
λαζάνια	l a z a ɲ a
λαυρεωτικήσ	l a v ɾ e o t i c i s
λεβάντα	l e v a n d a
λιγοστά	l i ɣ o s t a
λιπαντικό	l i p a n d i k o
λουίτζι	l u i d͡z i
λοχαγού	l o x a ɣ u
μαγδαληνή	m a ɣ ð a l i n i
μαγνητικού	m a ɣ n i t i k u
μαθήματά	m a θ i m a t a
μακρυα	m a k ɾ i a
μαρκοπούλου	m a ɾ k o p u l u
μεγαλείου	m e ɣ a l i u
μελωδική	m e l o ð i c i
μεταμορφώσεισ	m e t a m o ɾ f o s i s
μεταξωτά	m e t a k s o t a
μεταπολεμικά	m e t a p o l e m i k a
μιλησει	m i l i s i
μιλσ	m i l s
μονομερώσ	m o n o m e ɾ o s
μπάκιγχαμ	b a c i ŋ x a m
μπανγκ	b a ŋ ɡ
μπερδεύουν	b e ɾ ð e v u n
μπόρχεσ	b o ɾ ç e s
μυλωνά	m i l o n a
μυστικο	m i s t i k o
μύθων	m i θ o n
ναυτικούσ	n a f t i k u s
νηφάλιοσ	n i f a l i o s
νομιμότητασ	n o m i m o t i t a s
νομισματικού	n o m i z m a t i k u
ντρε	d ɾ e
ντυνάν	d i n a n
νόβακ	n o v a k
ξεσήκωσε	k s e s i k o s e
οθωμανούσ	o θ o m a n u s
οικογενειακών	i k o ʝ e n i a k o n
ονειρευόμουν	o n i ɾ e v o m u n
οργανώσουν	o ɾ ɣ a n o s u n
ορόφων	o ɾ o f o n
ουντινέζε	u n d i n e z e
πάρμα	p a ɾ m a
πέρναγε	p e ɾ n a ʝ e
πήλινα	p i l i n a
παγωτού	p a ɣ o t u
παιανίασ	p e a n i a s
παλαιολόγου	p a l e o l o ɣ u
παράπτωμα	p a ɾ a p t o m a
παράτησαν	p a ɾ a t i s a n
παραβάτεσ	p a ɾ a v a t e s
παρακολουθούνται	p a ɾ a k o l u θ u n d e
παραμονεύει	p a ɾ a m o n e v i
παραπολιτικά	p a ɾ a p o l i t i k a
παρατηρείσ	p a ɾ a t i ɾ i s
πατέντεσ	p a t e n d e s
πατριωτισμόσ	p a t ɾ i o t i z m o s
παυλόπουλου	p a v l o p u l u
πείστηκε	p i s t i c e
πεταμένα	p e t a m e n a
πικάντικη	p i k a n d i c i
πικερμίου	p i c e ɾ m i u
πιστέψαμε	p i s t e p s a m e
πλανητη	p l a n i t i
πληγέντων	p l i ʝ e n d o n
πνίγηκαν	p n i ʝ i k a n
ποικιλομορφία	p i c i l o m o ɾ f i a
πολεοδομίασ	p o l e o ð o m i a s
πολιτειακό	p o l i t i a k o
πολιτισμικών	p o l i t i z m i k o n
πολυτελείσ	p o l i t e l i s
πολυτεχνική	p o l i t e x n i c i
πολωνόσ	p o l o n o s
ποντάρισμα	p o n d a ɾ i z m a
πρινσ	p ɾ i n s
προέβησαν	p ɾ o e v i s a n
προβάλλοντασ	p ɾ o v a l o n d a s
προβλεπόταν	p ɾ o v l e p o t a n
προπώληση	p ɾ o p o l i s i
προσαρμόζονται	p ɾ o s a ɾ m o z o n d e
προστατευόμενο	p ɾ o s t a t e v o m e n o
προτιμάμε	p ɾ o t i m a m e
προφανείσ	p ɾ o f a n i s
πρωτόγονη	p ɾ o t o ɣ o n i
πρόσκρουσησ	p ɾ o s k ɾ u s i s
πρόσφατων	p ɾ o s f a t o n
πτέρυγεσ	p t e ɾ i ʝ e s
ροπήσ	ɾ o p i s
ρούζβελτ	ɾ u z v e l t
σάρωσησ	s a ɾ o s i s
σαββατόβραδο	s a v a t o v ɾ a ð o
σαββόπουλοσ	s a v o p u l o s
σαρωτική	s a ɾ o t i c i
σκεψου	s c e p s u
σοκολατένια	s o k o l a t e ɲ a
σπαταλάσ	s p a t a l a s
σρι	s ɾ i
σταδιο	s t a ð i o
στημένα	s t i m e n a
στολήσ	s t o l i s
στρατεύματά	s t ɾ a t e v m a t a
στρατηγικού	s t ɾ a t i ʝ i k u
στροβόλου	s t ɾ o v o l u
συγγενικό	s i ŋ ɟ e n i k o
συζητούσαν	s i z i t u s a n
συκεών	s i c e o n
συλλογών	s i l o ɣ o n
συμβατικέσ	s i ɱ v a t i c e s
συμμετέχετε	s i m e t e ç e t e
συμπαθούν	s i m b a θ u n
συνελευση	s i n e l e f s i
σφ	s f
σχολησ	s x o l i s
σύμπαντα	s i m b a n d a
τάπα	t a p a
τέκνων	t e k n o n
ταγμάτων	t a ɣ m a t o n
ταξιδέψεισ	t a k s i ð e p s i s
ταχύτεροσ	t a ç i t e ɾ o s
τελετουργικά	t e l e t u ɾ ʝ i k a
τηρούμε	t i ɾ u m e
τοι	t i
τολμούσε	t o l m u s e
τονιστεί	t o n i s t i
τοπο	t o p o
τούρτεσ	t u ɾ t e s
τρέξεισ	t ɾ e k s i s
τραγουδοποιόσ	t ɾ a ɣ u ð o p i o s
τρυφερόσ	t ɾ i f e ɾ o s
υγραέριο	i ɣ ɾ a e ɾ i o
υλοποιηθεί	i l o p i i θ i
υμηττό	i m i t o
υπερθέρμανσησ	i p e ɾ θ e ɾ m a n s i s
υπηρέτησαν	i p i ɾ e t i s a n
υπολογίζεισ	i p o l o ʝ i z i s
υπονομεύει	i p o n o m e v i
υποσχεθήκαμε	i p o s ç e θ i k a m e
φέρι	f e ɾ i
φαει	f a i
φεμινίστρια	f e m i n i s t ɾ i a
φιλάνθρωποσ	f i l a n θ ɾ o p o s
φοιτητικών	f i t i t i k o n
φρόντο	f ɾ o n d o
φτασει	f t a s i
φυλακισμένων	f i l a c i z m e n o n
φυτείεσ	f i t i e s
φωτίζεται	f o t i z e t e
χάροσ	x a ɾ o s
χαμηλούσ	x a m i l u s
χαρισματικόσ	x a ɾ i z m a t i k o s
χειροτερεύει	ç i ɾ o t e ɾ e v i
χημικού	ç i m i k u
χορέψουν	x o ɾ e p s u n
χρειαζεσαι	x ɾ i a z e s e
χτίζονται	x t i z o n d e
ψαλίδα	p s a l i ð a
ψηλορείτη	p s i l o ɾ i t i
ψηλούσ	p s i l u s
ωφέλιμο	o f e l i m o
όσπρια	o s p ɾ i a
ώστιν	o s t i n
άγγιζε	a ŋ ɟ i z e
άγονη	a ɣ o n i
άλμπα	a l b a
έλατα	e l a t a
έμπρακτη	e m b ɾ a k t i
έφευγα	e f e v ɣ a
αίσθησησ	e s θ i s i s
αγέλησ	a ʝ e l i s
αγγείο	a ŋ ɟ i o
αδέσποτο	a ð e s p o t o
αθλητριών	a θ l i t ɾ i o n
αιματηρό	e m a t i ɾ o
αισθητικό	e s θ i t i k o
αισχύλοσ	e s ç i l o s
αιχμάλωτη	e x m a l o t i
ακαρνανίασ	a k a ɾ n a n i a s
ακεραιότητασ	a c e ɾ e o t i t a s
αλμπέρ	a l b e ɾ
αλόνσο	a l o n s o
αμοιβαίασ	a m i v e a s
αμυντικούσ	a m i n d i k u s
ανάπηρο	a n a p i ɾ o
ανήσυχο	a n i s i x o
αναγνώσεισ	a n a ɣ n o s i s
αναζήτησή	a n a z i t i s i
αναθεωρήσεισ	a n a θ e o ɾ i s i s
ανακάμψει	a n a k a m p s i
ανακρίνει	a n a k ɾ i n i
ανακριτήσ	a n a k ɾ i t i s
αναλύσω	a n a l i s o
ανασφαλήσ	a n a s f a l i s
ανατομίασ	a n a t o m i a s
ανγκ	a ŋ ɡ
ανεπτυγμένη	a n e p t i ɣ m e n i
ανεχόμαστε	a n e x o m a s t e
ανησύχησε	a n i s i ç i s e
ανθεκτική	a n θ e k t i c i
ανταγωνιστήσ	a n d a ɣ o n i s t i s
ανωνυμία	a n o n i m i a
αξίζετε	a k s i z e t e
απειλητικά	a p i l i t i k a
απελάσεισ	a p e l a s i s
απιστίασ	a p i s t i a s
αποδέκτησ	a p o ð e k t i s
αποικίασ	a p i c i a s
αποστέλλεται	a p o s t e l e t e
απουσίαζε	a p u s i a z e
απροσδόκητη	a p ɾ o z ð o c i t i
απόντεσ	a p o n d e s
αρνηθούν	a ɾ n i θ u n
αρχαιότερα	a ɾ ç e o t e ɾ a
ασκήσεων	a s c i s e o n
ασκηθεί	a s c i θ i
ασπρόμαυρεσ	a s p ɾ o m a v ɾ e s
αστακόσ	a s t a k o s
ασφαλέστερο	a s f a l e s t e ɾ o
ασφαλισμένων	a s f a l i z m e n o n
αυξήσουμε	a f k s i s u m e
αυξηση	a f k s i s i
αφόρητη	a f o ɾ i t i
βίασαν	v i a s a n
βαλέρια	v a l e ɾ ʝ a
βαλτιμόρη	v a l t i m o ɾ i
βαρνάβα	v a ɾ n a v a
βελβεντού	v e l v e n d u
βοηθησω	v o i̯ θ i s o
βούλγαρουσ	v u l ɣ a ɾ u s
βραχώδη	v ɾ a x o ð i
βρεγμένη	v ɾ e ɣ m e n i
βρεθηκε	v ɾ e θ i c e
βροχών	v ɾ o x o n
βόλευε	v o l e v e
βόσπορο	v o s p o ɾ o
γαμοσ	ɣ a m o s
γενικο	ʝ e n i k o
γερνάει	ʝ e ɾ n a i
γεωργικό	ʝ e o ɾ ʝ i k o
γεύματοσ	ʝ e v m a t o s
γκέμπελσ	ɟ e m b e l s
γλιτώσεισ	ɣ l i t o s i s
γλυκέ	ɣ l i c e
γουλιέλμοσ	ɣ u ʎ e l m o s
δίνατε	ð i n a t e
δανειοληπτών	ð a n i o l i p t o n
δειλία	ð i l i a
δεχτείσ	ð e x t i s
διαδίδεται	ð i̯ a ð i ð e t e
διαδόθηκε	ð i̯ a ð o θ i c e
διαζύγια	ð i̯ a z i ʝ a
διαθέσιμουσ	ð i̯ a θ e s i m u s
διαστημόπλοια	ð i̯ a s t i m o p l i a
διατομή	ð i̯ a t o m i
διευκρινίζει	ð i e f k ɾ i n i z i
διευκόλυνε	ð i e f k o l i n e
δικαιολογημένη	ð i c e o l o ʝ i m e n i
διογένησ	ð i o ʝ e n i s
διωγμό	ð i o ɣ m o
δολοφονεί	ð o l o f o n i
δορυφορικά	ð o ɾ i f o ɾ i k a
δουλέψετε	ð u l e p s e t e
δυστυχήματοσ	ð i s t i ç i m a t o s
δυσφήμιση	ð i s f i m i s i
εγγυηση	e ŋ ɟ i i s i
εγκαταλελειμμένα	e ŋ ɡ a t a l e l i m e n a
εγκληματικό	e ŋ ɡ l i m a t i k o
εγκληματικών	e ŋ ɡ l i m a t i k o n
εισάγουν	i s a ɣ u n
εισαγγελίασ	i s a ŋ ɟ e l i a s
εκμεταλλευτείτε	e k m e t a l e f t i t e
εκπαιδευση	e k p e ð e f s i
ελέγχοντασ	e l e ŋ x o n d a s
ελίζα	e l i z a
ελκύει	e l c i i
ελληνικοσ	e l i n i k o s
εμπνευστήσ	e m b n e f s t i s
ενήργησε	e n i ɾ ʝ i s e
ενδιαφέροντεσ	e n ð i̯ a f e ɾ o n d e s
ενδιαφέρων	e n ð i̯ a f e ɾ o n
ενημερωθείτε	e n i m e ɾ o θ i t e
εντοπίσετε	e n d o p i s e t e
εξαρτημένη	e k s a ɾ t i m e n i
εορτασμούσ	e o ɾ t a z m u s
επένδυσε	e p e n ð i s e
επέρχεται	e p e ɾ ç e t e
επαναλάβω	e p a n a l a v o
επαναστατικά	e p a n a s t a t i k a
επαναφοράσ	e p a n a f o ɾ a s
επενδυτή	e p e n ð i t i
επιβάρυνσησ	e p i v a ɾ i n s i s
επιβατικό	e p i v a t i k o
επιδομάτων	e p i ð o m a t o n
επιστημη	e p i s t i m i
επιτυγχάνοντασ	e p i t i ŋ x a n o n d a s
επιφέρουν	e p i f e ɾ u n
επιφανειακό	e p i f a n i a k o
ερπετό	e ɾ p e t o
ετοιμάσω	e t i m a s o
ευάγγελο	e v a ŋ ɟ e l o
ευάλωτοι	e v a l o t i
ευστάθιοσ	e f s t a θ i o s
εφέτοσ	e f e t o s
εφαρμοσμένησ	e f a ɾ m o z m e n i s
εφερα	e f e ɾ a
εφηβικό	e f i v i k o
εύλογη	e v l o ʝ i
ζέρβασ	z e ɾ v a s
ζα	z a
ζωολογικόσ	z o o l o ʝ i k o s
ηδονήσ	i ð o n i s
ηλιού	i ʎ u
ημικρανίεσ	i m i k ɾ a n i e s
ηττήθηκαν	i t i θ i k a n
θάσοσ	θ a s o s
θέαση	θ e a s i
θέρετρα	θ e ɾ e t ɾ a
θαλασσινού	θ a l a s i n u
θεοδόσησ	θ e o ð o s i s
θερμοσίφωνα	θ e ɾ m o s i f o n a
θεωρητικόσ	θ e o ɾ i t i k o s
ιδεοληψίεσ	i ð e o l i p s i e s
ιλ	i l
ιρίνα	i ɾ i n a
ισλαμικήσ	i s l a m i c i s
ισπανών	i s p a n o n
ισόπαλο	i s o p a l o
ιω	i o
καγκουρό	k a ŋ ɡ u ɾ o
καθαρίζετε	k a θ a ɾ i z e t e
καθαρο	k a θ a ɾ o
καινούργιουσ	c e n u ɾ ʝ u s
καλυψώ	k a l i p s o
κανέλασ	k a n e l a s
κατάκτησησ	k a t a k t i s i s
καταβάλουν	k a t a v a l u n
καταγγέλλοντασ	k a t a ŋ ɟ e l o n d a s
καταδίκησ	k a t a ð i c i s
καταδικάζουμε	k a t a ð i k a z u m e
καταξίωση	k a t a k s i o s i
κατατακτήριεσ	k a t a t a k t i ɾ i e s
κατορθώνει	k a t o ɾ θ o n i
κατουράει	k a t u ɾ a i
κατόχων	k a t o x o n
κεφαλαιοποίηση	c e f a l e o p i i s i
κισσάμου	c i s a m u
κλειδιών	k l i ð ʝ o n
κοινοτικών	c i n o t i k o n
κοιτούσαν	c i t u s a n
κρατικοί	k ɾ a t i c i
κρατουσ	k ɾ a t u s
κρεμάσω	k ɾ e m a s o
κυλικείο	c i l i c i o
κόκορα	k o k o ɾ a
λάβω	l a v o
λάσπεσ	l a s p e s
λαμιέων	l a m ɲ e o n
λατρέψετε	l a t ɾ e p s e t e
λειψάνου	l i p s a n u
λογισμόσ	l o ʝ i z m o s
λογοτέχνεσ	l o ɣ o t e x n e s
μανιτάρι	m a n i t a ɾ i
μαρξιστέσ	m a ɾ k s i s t e s
μεινεισ	m i n i s
μεμβράνησ	m e ɱ v ɾ a n i s
μεμονωμένο	m e m o n o m e n o
μενίδι	m e n i ð i
μερίδιό	m e ɾ i ð ʝ o
μεταβληθεί	m e t a v l i θ i
μετανιώνεισ	m e t a ɲ o n i s
μεταπολεμικήσ	m e t a p o l e m i c i s
μετατραπούν	m e t a t ɾ a p u n
μετονομάζεται	m e t o n o m a z e t e
μετρητών	m e t ɾ i t o n
μηνιγγίτιδα	m i n i ŋ ɟ i t i ð a
μικτέσ	m i k t e s
μικτήσ	m i k t i s
μισήσ	m i s i s
μοι	m i
μπέη	b e i
μπερδεμένοσ	b e ɾ ð e m e n o s
μπουτίκ	b u t i k
νατάσσα	n a t a s a
νεκροι	n e k ɾ i
νευρολογική	n e v ɾ o l o ʝ i c i
νεφρών	n e f ɾ o n
νικώντασ	n i k o n d a s
ντερ	d e ɾ
ντμίτρι	d m i t ɾ i
ξαναπάει	k s a n a p a i
οα	o a
οδόστρωμα	o ð o s t ɾ o m a
οικογενειακώσ	i k o ʝ e n i a k o s
οικοδεσπότη	i k o ð e s p o t i
οικονομολόγουσ	i k o n o m o l o ɣ u s
ολλανδικά	o l a n ð i k a
ολοκλήρωσή	o l o k l i ɾ o s i
ομήρων	o m i ɾ o n
ομιλούν	o m i l u n
ομολογίεσ	o m o l o ʝ i e s
ομοσπονδιών	o m o s p o n ð ʝ o n
ονομάζονταν	o n o m a z o n d a n
οπτικοακουστικό	o p t i k o a k u s t i k o
οργανα	o ɾ ɣ a n a
ουδετερότητα	u ð e t e ɾ o t i t a
ουζουνίδησ	u z u n i ð i s
ουμπέρτο	u b e ɾ t o
ουφ	u f
πάπλωμα	p a p l o m a
πάρτα	p a ɾ t a
πάταξη	p a t a k s i
πάτησαν	p a t i s a n
πέταλο	p e t a l o
πίθηκοι	p i θ i c i
παθητικό	p a θ i t i k o
παλιότερεσ	p a ʎ o t e ɾ e s
πανηγυρίσει	p a n i ʝ i ɾ i s i
παντελεήμων	p a n d e l e i m o n
παπαράτσι	p a p a ɾ a t͡s i
παράνομου	p a ɾ a n o m u
παράσημα	p a ɾ a s i m a
παραλλαγήσ	p a ɾ a l a ʝ i s
πασαρέλα	p a s a ɾ e l a
πατριαρχική	p a t ɾ i a ɾ ç i c i
πεδίον	p e ð i o n
πειστικό	p i s t i k o
πελάγουσ	p e l a ɣ u s
περιήγησησ	p e ɾ i i ʝ i s i s
περιπάτου	p e ɾ i p a t u
πετροσ	p e t ɾ o s
πικάντικο	p i k a n d i k o
πικρά	p i k ɾ a
πικρία	p i k ɾ i a
πλαταμώνα	p l a t a m o n a
ποεδην	p o e ð i n
ποικίλει	p i c i l i
πολιτοφυλακή	p o l i t o f i l a c i
πολυπόθητη	p o l i p o θ i t i
πολωνοί	p o l o n i
προέλευσή	p ɾ o e l e f s i
προθάλαμο	p ɾ o θ a l a m o
προκαθορισμένο	p ɾ o k a θ o ɾ i z m e n o
προληπτική	p ɾ o l i p t i c i
προοδευτικόσ	p ɾ o o ð e f t i k o s
προσομοίωσησ	p ɾ o s o m i o s i s
προσωποποίηση	p ɾ o s o p o p i i s i
προσωρινού	p ɾ o s o ɾ i n u
πρόσφατησ	p ɾ o s f a t i s
πυρετού	p i ɾ e t u
πόρνησ	p o ɾ n i s
ράτσεσ	ɾ a t͡s e s
ρη	ɾ i
σαολίν	s a o l i n
σαπουνόπερα	s a p u n o p e ɾ a
σεβαστείτε	s e v a s t i t e
σιβηρίασ	s i v i ɾ i a s
σιτηρών	s i t i ɾ o n
σκεπτόμενοσ	s c e p t o m e n o s
σκεφτόσουν	s c e f t o s u n
σκοποβολήσ	s k o p o v o l i s
σκυροδέματοσ	s c i ɾ o ð e m a t o s
σπουδαιότερα	s p u ð e o t e ɾ a
σταμάτησεσ	s t a m a t i s e s
σταματησει	s t a m a t i s i
σταματηστε	s t a m a t i s t e
στερεότυπο	s t e ɾ e o t i p o
στιγμήν	s t i ɣ m i n
στρέφει	s t ɾ e f i
στραμμένο	s t ɾ a m e n o
στρώσει	s t ɾ o s i
συγγενικά	s i ŋ ɟ e n i k a
συγγραφική	s i ŋ ɣ r a f i c i
συγκεκριμενο	s i ŋ ɟ e k ɾ i m e n o
συγκεντρωμένη	s i ŋ ɟ e n d ɾ o m e n i
συγκλονιστικά	s i ŋ ɡ l o n i s t i k a
συγκρίνετε	s i ŋ ɡ ɾ i n e t e
συζητείται	s i z i t i t e
συκοφαντίεσ	s i k o f a n d i e s
συκοφαντική	s i k o f a n d i c i
συλλεκτική	s i l e k t i c i
συλληφθούν	s i l i f θ u n
συμβουλευτικό	s i ɱ v u l e f t i k o
συμπατριώτη	s i m b a t ɾ i o t i
συμφωνηθεί	s i ɱ f o n i θ i
συνέλθω	s i n e l θ o
συνδέσουν	s i n ð e s u n
συνεδρίασε	s i n e ð ɾ i a s e
συνεχιστούν	s i n e ç i s t u n
τέκνου	t e k n u
τίγκα	t i ŋ ɡ a
τίμοθι	t i m o θ i
τίναξε	t i n a k s e
τελικη	t e l i c i
τζίμησ	d͡z i m i s
τιμολόγηση	t i m o l o ʝ i s i
τιμωρίεσ	t i m o ɾ i e s
τοξικών	t o k s i k o n
τουριστικούσ	t u ɾ i s t i k u s
τραπεζούντα	t ɾ a p e z u n d a
τρόμαξα	t ɾ o m a k s a
τσάπμαν	t͡s a p m a n
τυφώνεσ	t i f o n e s
τόμοι	t o m i
τόνια	t o ɲ a
υενεδ	i e n e ð
υπερταμείο	i p e ɾ t a m i o
υποχρέωσε	i p o x ɾ e o s e
υποχρεώθηκε	i p o x ɾ e o θ i c e
υποψιάζεται	i p o p s i a z e t e
φάνη	f a n i
φέρθηκε	f e ɾ θ i c e
φαιστού	f e s t u
φαρδύ	f a ɾ ð i
φαρμακευτικό	f a ɾ m a c e f t i k o
φατρία	f a t ɾ i a
φοίτησε	f i t i s e
φορητή	f o ɾ i t i
φροντίζετε	f ɾ o n d i z e t e
φταίτε	f t e t e
φτύνει	f t i n i
φυγάδεσ	f i ɣ a ð e s
φωνητικό	f o n i t i k o
φωτογραφίζει	f o t o ɣ r a f i z i
φύτεψε	f i t e p s e
χάρισαν	x a ɾ i s a n
χανιων	x a ɲ o n
χειροκροτήματα	ç i ɾ o k ɾ o t i m a t a
χθεσινά	x θ e s i n a
χτυπήθηκαν	x t i p i θ i k a n
χωρίστηκαν	x o ɾ i s t i k a n
ψήνουμε	p s i n u m e
ψηφοφορίεσ	p s i f o f o ɾ i e s
όζοντοσ	o z o n d o s
όλαφ	o l a f
άβολη	a v o l i
άθελά	a θ e l a
άμφισσασ	a ɱ f i s a s
άπειροσ	a p i ɾ o s
άσκησαν	a s c i s a n
άτιμο	a t i m o
έκδ	e k ð
έκλειναν	e k l i n a n
ένσημα	e n s i m a
έπλασε	e p l a s e
αγοράζοντασ	a ɣ o ɾ a z o n d a s
αισθήματά	e s θ i m a t a
ακατάλληλα	a k a t a l i l a
αναγκαστούν	a n a ŋ ɡ a s t u n
ανακαινισμένο	a n a c e n i z m e n o
αναλυτή	a n a l i t i
αναπηρική	a n a p i ɾ i c i
αναρτήθηκαν	a n a ɾ t i θ i k a n
αναρχική	a n a ɾ ç i c i
αναχώρησή	a n a x o ɾ i s i
ανδρείασ	a n ð ɾ i a s
ανελέητα	a n e l e i t a
ανενόχλητοι	a n e n o x l i t i
ανεξαρτητοποίηση	a n e k s a ɾ t i t o p i i s i
αντίποδα	a n d i p o ð a
αντιδράσ	a n d i ð ɾ a s
αντικατοπτρίζουν	a n d i k a t o p t ɾ i z u n
αντιπροσωπευτική	a n d i p ɾ o s o p e f t i c i
αντιπροσώπου	a n d i p ɾ o s o p u
αντύπασ	a n d i p a s
ανυπόφορη	a n i p o f o ɾ i
ανωτέρων	a n o t e ɾ o n
αξιοποιεί	a k s i o p i i
απαιτητική	a p e t i t i c i
απαλλαγούμε	a p a l a ɣ u m e
απλη	a p l i
αποδοτική	a p o ð o t i c i
αποκαλείσ	a p o k a l i s
αποσκοπούν	a p o s k o p u n
αποσπάσουν	a p o s p a s u n
αποφοιτήσει	a p o f i t i s i
αποχήσ	a p o ç i s
απροσδόκητο	a p ɾ o z ð o c i t o
απόκρισησ	a p o k ɾ i s i s
αραγε	a ɾ a ʝ e
αρμάνι	a ɾ m a n i
ασαφή	a s a f i
ασκληπιού	a s k l i p ç u
ασοεε	a s o e e
ασύρματα	a s i ɾ m a t a
ατυχήσ	a t i ç i s
αυταρχική	a f t a ɾ ç i c i
βίκινγκ	v i c i ŋ ɡ
βαλαβάνη	v a l a v a n i
βαμμένα	v a m e n a
βαρέθηκεσ	v a ɾ e θ i c e s
βαρβαρότητα	v a ɾ v a ɾ o t i t a
βασιλάκη	v a s i l a c i
βγαλω	v ɣ a l o
βε	v e
βικτωρίασ	v i k t o ɾ i a s
βλάχο	v l a x o
βρηκεσ	v ɾ i c e s
βρωμιέσ	v ɾ o m ɲ e s
γέμιζε	ʝ e m i z e
γεμίστε	ʝ e m i s t e
γεράκια	ʝ e ɾ a c a
γιοί	ʝ i
γουέσ	ɣ u e s
γουίνι	ɣ u i n i
γυάλινα	ʝ a l i n a
γόνιμη	ɣ o n i m i
δάκρυά	ð a k ɾ i a
δάντησ	ð a n d i s
δίοδο	ð i o ð o
δαγκώνουν	ð a ŋ ɡ o n u n
δαρβίνοσ	ð a ɾ v i n o s
δεκατέσσερισ	ð e k a t e s e ɾ i s
δεχτήκαμε	ð e x t i k a m e
δηπεθε	ð i p e θ e
διέρχονται	ð i e ɾ x o n d e
διέταξαν	ð i e t a k s a n
διαγραφέσ	ð i̯ a ɣ ɾ a f e s
διαλύουν	ð i̯ a l i u n
διαμορφωμένο	ð i̯ a m o ɾ f o m e n o
διασκεδάζουμε	ð i̯ a s c e ð a z u m e
διαστημικού	ð i̯ a s t i m i k u
διατηρηθούν	ð i̯ a t i ɾ i θ u n
διχοτόμηση	ð i x o t o m i s i
δοξασίεσ	ð o k s a s i e s
δράκουλα	ð ɾ a k u l a
δρομουσ	ð ɾ o m u s
δυναμικών	ð i n a m i k o n
δυνατο	ð i n a t o
δυνατών	ð i n a t o n
δωροδοκίασ	ð o ɾ o ð o c i a s
δόλο	ð o l o
δύναμήσ	ð i n a m i s
δύσκολουσ	ð i s k o l u s
είσπραξησ	i s p ɾ a k s i s
εβαλεσ	e v a l e s
εθνικότητασ	e θ n i k o t i t a s
ειδ	i ð
εκτεθειμένο	e k t e θ i m e n o
εκτεταμένα	e k t e t a m e n a
εκφράσουν	e k f ɾ a s u n
ελαττωματικό	e l a t o m a t i k o
ελαφρότητα	e l a f ɾ o t i t a
ελληνοτουρκικά	e l i n o t u ɾ c i k a
εμπνέεται	e m b n e e t e
εμπόδισαν	e m b o ð i s a n
εμφανίσεων	e ɱ f a n i s e o n
εννοια	e n i a
ενοχλητικέσ	e n o x l i t i c e s
εντυπώσεων	e n d i p o s e o n
εξαπατήσει	e k s a p a t i s i
εξαφάνισή	e k s a f a n i s i
εξηγήσετε	e k s i ʝ i s e t e
εξορμήσεισ	e k s o ɾ m i s i s
εξωφύλλου	e k s o f i l u
επίπεδό	e p i p e ð o
επίσκεψήσ	e p i s c e p s i s
επενδυτική	e p e n ð i t i c i
επιζήσαντεσ	e p i z i s a n d e s
επιμείνει	e p i m i n i
επον	e p o n
επωφεληθεί	e p o f e l i θ i
ερεθίζει	e ɾ e θ i z i
ερευνητικήσ	e ɾ e v n i t i c i s
ερλ	e ɾ l
ερμηνευτή	e ɾ m i n e f t i
ετοιμάστε	e t i m a s t e
ευεργετικέσ	e v e ɾ ʝ e t i c e s
εφεδρικό	e f e ð ɾ i k o
ηαε	i a e
ηλεκτρομαγνητικό	i l e k t ɾ o m a ɣ n i t i k o
ηλεκτρονίων	i l e k t ɾ o n i o n
θάμνοσ	θ a m n o s
θαμμένα	θ a m e n a
θεέσ	θ e e s
θεοφίλου	θ e o f i l u
θεραπευτεί	θ e ɾ a p e f t i
θερινά	θ e ɾ i n a
θεωρείτο	θ e o ɾ i t o
ιατροδικαστική	i a t ɾ o ð i k a s t i c i
ιδίωμα	i ð i o m a
ιστοί	i s t i
κέρασ	c e ɾ a s
καλλίτερα	k a l i t e ɾ a
καλόν	k a l o n
καμερα	k a m e ɾ a
κατάπτωση	k a t a p t o s i
κατέχεισ	k a t e ç i s
καταθεση	k a t a θ e s i
καταλύτη	k a t a l i t i
καταργήθηκαν	k a t a ɾ ʝ i θ i k a n
κατασκευασμένοσ	k a t a s c e v a z m e n o s
κατασκοπείασ	k a t a s k o p i a s
κατοχικό	k a t o ç i k o
κατοχύρωσε	k a t o ç i ɾ o s e
κινημα	c i n i m a
κλαπεί	k l a p i
κληρονομικότητα	k l i ɾ o n o m i k o t i t a
κμ	k m
κοιταξτε	c i t a k s t e
κολάσεωσ	k o l a s e o s
κολυμπήσει	k o l i m b i s i
κομμουνιστικά	k o m u n i s t i k a
κοντού	k o n d u
κορυφογραμμή	k o ɾ i f o ɣ ɾ a m i
κοσκωτά	k o s k o t a
κουνάω	k u n a o
κουνιάδα	k u ɲ a ð a
κουρέα	k u ɾ e a
κρύωμα	k ɾ i o m a
κυνική	c i n i c i
κυριλέ	c i ɾ i l e
κωδικού	k o ð i k u
κωπηλασίασ	k o p i l a s i a s
κόφτη	k o f t i
λατρείεσ	l a t ɾ i e s
λατρεύουμε	l a t ɾ e v u m e
λειτουργει	l i t u ɾ ʝ i
λυών	l i o n
λύπηση	l i p i s i
μάρτα	m a ɾ t a
μέλλοντα	m e l o n d a
μήλοσ	m i l o s
μίαν	m i a n
μαζεύεται	m a z e v e t e
μαθητεσ	m a θ i t e s
μαθητική	m a θ i t i c i
ματίασ	m a t i a s
μαχαιριέσ	m a ç e ɾ ʝ e s
μείγματοσ	m i ɣ m a t o s
μεγάλωνα	m e ɣ a l o n a
μεταβούν	m e t a v u n
μετακίνησε	m e t a c i n i s e
μεταμορφώνει	m e t a m o ɾ f o n i
μετρητήσ	m e t ɾ i t i s
μηλόπιτα	m i l o p i t a
μοίραζε	m i ɾ a z e
μοράλεσ	m o ɾ a l e s
μουσουλμανικό	m u s u l m a n i k o
μπέλφαστ	b e l f a s t
μπερκ	b e ɾ k
ναβάρο	n a v a ɾ o
ναδάλ	n a ð a l
ναόμι	n a o m i
νεμέα	n e m e a
νοικοκυριών	n i k o c i ɾ ʝ o n
νοσηλευτικήσ	n o s i l e f t i c i s
νοσοκομειακών	n o s o k o m i a k o n
ντολ	d o l
ντόπιοσ	d o p ç o s
νόρτον	n o ɾ t o n
νότιοι	n o t i i
ξεδιπλώνεται	k s e ð i p l o n e t e
ξεχασμένη	k s e x a z m e n i
ξηρασίασ	k s i ɾ a s i a s
ξοδεύουμε	k s o ð e v u m e
ξυλο	k s i l o
οικολογίασ	i k o l o ʝ i a s
ολγα	o l ɣ a
ολλανδό	o l a n ð o
ολότελα	o l o t e l a
ομάδοσ	o m a ð o s
ομογενήσ	o m o ʝ e n i s
οποιοι	o p i i
ορλεάνησ	o ɾ l e a n i s
οφείλετε	o f i l e t e
πάρη	p a ɾ i
πάρτο	p a ɾ t o
πίθηκο	p i θ i k o
παλέψουν	p a l e p s u n
πανοράματοσ	p a n o ɾ a m a t o s
παράδειγμά	p a ɾ a ð i ɣ m a
παράμετρο	p a ɾ a m e t ɾ o
παραλήπτησ	p a ɾ a l i p t i s
παραπονιέσαι	p a ɾ a p o ɲ e s e
παρασύρουν	p a ɾ a s i ɾ u n
παρατάνε	p a ɾ a t a n e
παρατάξεων	p a ɾ a t a k s e o n
παρευρέθηκε	p a ɾ e v ɾ e θ i c e
πενταετούσ	p e n d a e t u s
περαστικόσ	p e ɾ a s t i k o s
περιεργο	p e ɾ i e ɾ ɣ o
περιμενεισ	p e ɾ i m e n i s
περιπτέρου	p e ɾ i p t e ɾ u
περιττέσ	p e ɾ i t e s
πηραν	p i ɾ a n
πιλότων	p i l o t o n
πιστωτικό	p i s t o t i k o
πληρώστε	p l i ɾ o s t e
ποικίλουσ	p i c i l u s
πολεμάσ	p o l e m a s
πολιτισμένοι	p o l i t i z m e n i
πρέσβεισ	p ɾ e z v i s
προβοκάτσια	p ɾ o v o k a t͡s ç a
προεδρεύει	p ɾ o e ð ɾ e v i
προμηθεύει	p ɾ o m i θ e v i
προοδευτικού	p ɾ o o ð e f t i k u
προσαγωγή	p ɾ o s a ɣ o ʝ i
προστατευτεί	p ɾ o s t a t e f t i
προσφέρθηκαν	p ɾ o s f e ɾ θ i k a n
προσωπα	p ɾ o s o p a
προσωπου	p ɾ o s o p u
προχωρήσετε	p ɾ o x o ɾ i s e t e
πτυχίου	p t i ç i u
πόστα	p o s t a
ραδιοτηλεόρασησ	ɾ a ð i o t i l e o ɾ a s i s
ρεαλιστέσ	ɾ e a l i s t e s
ρεπερτορίου	ɾ e p e ɾ t o ɾ i u
ρουμάνοσ	ɾ u m a n o s
ρυθμίσει	ɾ i θ m i s i
σίβα	s i v a
σαβούρα	s a v u ɾ a
σερφ	s e ɾ f
σημαιοφόροσ	s i m e o f o ɾ o s
σκήπτρο	s c i p t ɾ o
σκα	s k a
σκανδάλων	s k a n ð a l o n
σκελετού	s c e l e t u
σκηνοθετήσει	s c i n o θ e t i s i
σκοτώστε	s k o t o s t e
σπάτων	s p a t o n
σπουδαίου	s p u ð e u
στενών	s t e n o n
στερήσει	s t e ɾ i s i
στιγμεσ	s t i ɣ m e s
στρ	s t ɾ
συγκεντρώσεων	s i ŋ ɟ e n d ɾ o s e o n
συγχρονισμόσ	s i ŋ x ɾ o n i z m o s
συλληφθείσ	s i l i f θ i s
συμβάλουν	s i ɱ v a l u n
συμπαθήσ	s i m b a θ i s
συμπεριφέρεσαι	s i m b e ɾ i f e ɾ e s e
συμφραζόμενα	s i ɱ f ɾ a z o m e n a
συμφωνητικό	s i ɱ f o n i t i k o
συναρτήσεων	s i n a ɾ t i s e o n
συνεταιρισμού	s i n e t e ɾ i z m u
συνθετών	s i n θ e t o n
συντηρητικόσ	s i n d i ɾ i t i k o s
σφίγγα	s f i ŋ ɡ a
σύζευξη	s i z e f k s i
σύνθετων	s i n θ e t o n
ταλέντου	t a l e n d u
ταπεινωτική	t a p i n o t i c i
τζαμάλ	d͡z a m a l
τηλεπαιχνίδι	t i l e p e x n i ð i
τηλεφωνήστε	t i l e f o n i s t e
τομάσ	t o m a s
τούτοσ	t u t o s
τραβώντασ	t ɾ a v o n d a s
τραυματική	t ɾ a v m a t i c i
τροπολογίεσ	t ɾ o p o l o ʝ i e s
τσάο	t͡s a o
τσίρκου	t͡s i ɾ k u
τσαμπουκά	t͡s a b u k a
τυποποίησησ	t i p o p i i s i s
υδράργυρο	i ð ɾ a ɾ ʝ i ɾ o
υπευθύνων	i p e f θ i n o n
υπηρεσιακό	i p i ɾ e s i a k o
υπηρετώντασ	i p i ɾ e t o n d a s
φάρσεσ	f a ɾ s e s
φασίστα	f a s i s t a
φαϊ	f a i
φερνάντεσ	f e ɾ n a n d e s
φημισμένη	f i m i z m e n i
φθινοπωρινό	f θ i n o p o ɾ i n o
φιλοξενήθηκε	f i l o k s e n i θ i c e
φλιν	f l i n
φοβηθώ	f o v i θ o
φορολόγησησ	f o ɾ o l o ʝ i s i s
φορτιστήσ	f o ɾ t i s t i s
φουσκώσει	f u s k o s i
φτάναμε	f t a n a m e
φταιει	f t e i
φωστήρα	f o s t i ɾ a
φωτίζουν	f o t i z u n
χάλασαν	x a l a s a n
χάρπερ	x a ɾ p e ɾ
χάρτινο	x a ɾ t i n o
χαθείτε	x a θ i t e
χαθώ	x a θ o
χαιρετίζει	ç e ɾ e t i z i
χαλάσματα	x a l a z m a t a
χανθ	x a n θ
χανια	x a ɲ a
χαράξει	x a ɾ a k s i
χαρούλα	x a ɾ u l a
χαρούμενουσ	x a ɾ u m e n u s
χιονοστιβάδα	ç o n o s t i v a ð a
χρεώνουν	x ɾ e o n u n
χωροταξίασ	x o ɾ o t a k s i a s
χωροφυλακήσ	x o ɾ o f i l a c i s
ψαχνω	p s a x n o
ψηφίζεται	p s i f i z e t e
ψηφιδωτά	p s i f i ð o t a
ψυχάρησ	p s i x a ɾ i s
ωοθηκών	o o θ i k o n
όστρακα	o s t ɾ a k a
ύστατη	i s t a t i
άει	a i
άλασ	a l a s
άπό	a p o
άρρηκτα	a ɾ i k t a
άσθματοσ	a s θ m a t o s
άσσοι	a s i
έσυρε	e s i ɾ e
έψαξε	e p s a k s e
αγγλικέσ	a ŋ ɡ l i c e s
αγελάδασ	a ʝ e l a ð a s
αγρούσ	a ɣ ɾ u s
αθάνατοι	a θ a n a t i
αισθανθείτε	e s θ a n θ i t e
ακαδημαϊκούσ	a k a ð i m a i k u s
ακολουθήθηκε	a k o l u θ i θ i c e
ακούγονταν	a k u ɣ o n d a n
αμκα	a m k a
ανάν	a n a n
ανήλικου	a n i l i k u
αναγνώριζε	a n a ɣ n o ɾ i z e
αναλογεί	a n a l o ʝ i
αναμετρήσεων	a n a m e t ɾ i s e o n
αναπηρίεσ	a n a p i ɾ i e s
αναπνέουμε	a n a p n e u m e
αναπνέουν	a n a p n e u n
αναρρώσει	a n a ɾ o s i
αντάρτησ	a n d a ɾ t i s
ανταγωνιστικά	a n d a ɣ o n i s t i k a
αντριάνα	a n d ɾ i a n a
απαντώνται	a p a n d o n d e
απαραιτήτωσ	a p a ɾ e t i t o s
απευθύνομαι	a p e f θ i n o m e
απολυτωσ	a p o l i t o s
απομακρυσμένα	a p o m a k ɾ i z m e n a
απονομέσ	a p o n o m e s
απρόσμενα	a p ɾ o z m e n a
απόλαυσησ	a p o l a f s i s
αστραγάλουσ	a s t ɾ a ɣ a l u s
ασυναρτησίεσ	a s i n a ɾ t i s i e s
ατμόσ	a t m o s
αυστηροί	a f s t i ɾ i
αφηρημένο	a f i ɾ i m e n o
αχμέντ	a x m e n d
βάλσαμο	v a l s a m o
βιντεάκι	v i n d e a c i
βιογραφικο	v i o ɣ ɾ a f i k o
βιολογικού	v i o l o ʝ i k u
βου	v u
βουλγαρικήσ	v u l ɣ a ɾ i c i s
βούλησησ	v u l i s i s
βραστά	v ɾ a s t a
βρηκε	v ɾ i c e
γεα	ʝ e a
γινόμενο	ʝ i n o m e n o
γλιτώνει	ɣ l i t o n i
γλυκάκι	ɣ l i k a c i
γονική	ɣ o n i c i
γραμματοσειρά	ɣ ɾ a m a t o s i ɾ a
γύπεσ	ʝ i p e s
δάνεισε	ð a n i s e
δασοσ	ð a s o s
δείρει	ð i ɾ i
δεκατεσσάρων	ð e k a t e s a ɾ o n
δεκτά	ð e k t a
δηλωσεισ	ð i l o s i s
δημοσθένη	ð i m o s θ e n i
διαβασα	ð i̯ a v a s a
διαδήλωσαν	ð i̯ a ð i l o s a n
διατυπώσει	ð i̯ a t i p o s i
διδάγματα	ð i ð a ɣ m a t a
διείσδυσησ	ð i i z ð i s i s
διευθυνση	ð i e f θ i n s i
δικάζεται	ð i k a z e t e
διπλωματικήσ	ð i p l o m a t i c i s
διόδουσ	ð i o ð u s
δραστήριο	ð ɾ a s t i ɾ i o
δυσάρεστεσ	ð i s a ɾ e s t e s
δόκιμοσ	ð o c i m o s
δώστα	ð o s t a
εβλεπα	e v l e p a
εγγυημένα	e ŋ ɟ i i m e n a
εγκρίνουν	e ŋ ɡ ɾ i n u n
εικονικά	i k o n i k a
ειν	i n
εκδικητήσ	e k ð i c i t i s
εκλέγει	e k l e ʝ i
εκλεγμένοσ	e k l e ɣ m e n o s
εκμεταλλευτούμε	e k m e t a l e f t u m e
εκνευριστικό	e k n e v ɾ i s t i k o
εκτελεστικού	e k t e l e s t i k u
εκχύλισμα	e k ç i l i z m a
ελέησον	e l e i s o n
ελονοσίασ	e l o n o s i a s
εμαθεσ	e m a θ e s
εμπειρική	e m b i ɾ i c i
εμπνέουν	e m b n e u n
εντύπων	e n d i p o n
εξαπολύσει	e k s a p o l i s i
εξασφαλίζεται	e k s a s f a l i z e t e
εξερευνήσεισ	e k s e ɾ e v n i s i s
επίμαχο	e p i m a x o
επίπονη	e p i p o n i
επαγγελματικούσ	e p a ŋ ɟ e l m a t i k u s
επανήλθαν	e p a n i l θ a n
επεκτείνονται	e p e k t i n o n d e
επηρέαζε	e p i ɾ e a z e
επισημη	e p i s i m i
επιτροπεία	e p i t ɾ o p i a
ερμησ	e ɾ m i s
ερωτα	e ɾ o t a
ερωτικών	e ɾ o t i k o n
ευαγγέλου	e v a ŋ ɟ e l u
ευεργέτεσ	e v e ɾ ʝ e t e s
ευεργέτησ	e v e ɾ ʝ e t i s
ζάντεσ	z a n d e s
ζυγού	z i ɣ u
ζωμό	z o m o
ζύμησ	z i m i s
ηλεκτρονικη	i l e k t ɾ o n i c i
ησυχάσει	i s i x a s i
θέσεωσ	θ e s e o s
θαλασσίων	θ a l a s i o n
θανατηφόρεσ	θ a n a t i f o ɾ e s
θαυμαστό	θ a v m a s t o
θύμωσεσ	θ i m o s e s
κάλυψαν	k a l i p s a n
καβούρι	k a v u ɾ i
καείσ	k a i s
καινοτόμα	c e n o t o m a
καράκασ	k a ɾ a k a s
κασιδιάρησ	k a s i ð ʝ a ɾ i s
καταδύσεων	k a t a ð i s e o n
καταλονίασ	k a t a l o n i a s
καταλυτικά	k a t a l i t i k a
καταραμένο	k a t a ɾ a m e n o
καταρρίπτει	k a t a ɾ i p t i
κατεβάζεισ	k a t e v a z i s
κατηφόρα	k a t i f o ɾ a
κατοικημένεσ	k a t i c i m e n e s
κατώτατο	k a t o t a t o
κερδοσκοπικό	c e ɾ ð o s k o p i k o
κεφτέδεσ	c e f t e ð e s
κλειδι	k l i ð i
κλειδώσεισ	k l i ð o s i s
κλειστοί	k l i s t i
κομάντο	k o m a n d o
κομμένεσ	k o m e n e s
κορνήλιοσ	k o ɾ n i l i o s
κοσμούν	k o z m u n
κουβαλά	k u v a l a
κουκούλεσ	k u k u l e s
κουλτούρεσ	k u l t u ɾ e s
κουνγκ	k u ŋ ɡ
κουρήσ	k u ɾ i s
κουτσούμπασ	k u t s u b a s
κρίκο	k ɾ i k o
κριτή	k ɾ i t i
κυνηγήσουν	c i n i ʝ i s u n
κυρίλλου	c i ɾ i l u
λίθων	l i θ o n
λαέ	l a e
λαγούσ	l a ɣ u s
λαμαρίνα	l a m a ɾ i n a
λειτούργημα	l i t u ɾ ʝ i m a
λιγουλάκι	l i ɣ u l a c i
λόρκα	l o ɾ k a
λύπεσ	l i p e s
μάρκ	m a ɾ k
μέντεσ	m e n d e s
μέριλ	m e ɾ i l
μίνασ	m i n a s
μαγνήτησ	m a ɣ n i t i s
μαθηματικούσ	m a θ i m a t i k u s
μακρυγιάννησ	m a k ɾ i ʝ a n i s
μασάει	m a s a i
μασάσ	m a s a s
μαυρα	m a v ɾ a
μερίδια	m e ɾ i ð ʝ a
μεσαίεσ	m e s e e s
μισθοδοσίασ	m i s θ o ð o s i a s
μολύβδου	m o l i v ð u
μορφωμένοι	m o ɾ f o m e n i
μουστάρδασ	m u s t a ɾ ð a s
μπατ	b a t
μπορ	b o ɾ
νίνο	n i n o
νευρικέσ	n e v ɾ i c e s
νεφρού	n e f ɾ u
ντολόρεσ	d o l o ɾ e s
νότιγχαμ	n o t i ŋ x a m
ξέφωτο	k s e f o t o
ξα	k s a
ξαναπάμε	k s a n a p a m e
ξανθόπουλοσ	k s a n θ o p u l o s
ξεφτίλα	k s e f t i l a
ξυπνήσαμε	k s i p n i s a m e
οικοδεσπότεσ	i k o ð e s p o t e s
οικολογικά	i k o l o ʝ i k a
οντότητασ	o n d o t i t a s
οργισμένη	o ɾ ʝ i z m e n i
ούρλιαζε	u ɾ ʎ a z e
πάγκουσ	p a ŋ ɡ u s
πένεσ	p e n e s
παγιδευμένη	p a ʝ i ð e v m e n i
παιρνω	p e ɾ n o
παλέψεισ	p a l e p s i s
παλούκι	p a l u c i
παντοδύναμοσ	p a n d o ð i n a m o s
παράτησα	p a ɾ a t i s a
παραγωγικόσ	p a ɾ a ɣ o ʝ i k o s
παραλόγου	p a ɾ a l o ɣ u
παραμείνεισ	p a ɾ a m i n i s
παρατηρούν	p a ɾ a t i ɾ u n
παρθενική	p a ɾ θ e n i c i
παταγωδώσ	p a t a ɣ o ð o s
πεθερόσ	p e θ e ɾ o s
περπατάνε	p e ɾ p a t a n e
περπατούσα	p e ɾ p a t u s a
πινακοθήκησ	p i n a k o θ i c i s
πλήξη	p l i k s i
πλασμάτων	p l a z m a t o n
πλαστέσ	p l a s t e s
πλεύση	p l e f s i
πληρώνοντασ	p l i ɾ o n o n d a s
πλω	p l o
πολυγύρου	p o l i ʝ i ɾ u
ποντικόσ	p o n d i k o s
πορτογαλικά	p o ɾ t o ɣ a l i k a
πούρο	p u ɾ o
πρεσβευτέσ	p ɾ e z v e f t e s
προηγμένο	p ɾ o i ɣ m e n o
προσπαθει	p ɾ o s p a θ i
προστατεύετε	p ɾ o s t a t e v e t e
προσφερθεί	p ɾ o s f e ɾ θ i
πρωταγωνίστησε	p ɾ o t a ɣ o n i s t i s e
πρωτοκόλλων	p ɾ o t o k o l o n
πυθαγόρα	p i θ a ɣ o ɾ a
πόσιμου	p o s i m u
ριζότο	ɾ i z o t o
ρυθμιστεί	ɾ i θ m i s t i
ρωσο	ɾ o s o
σήραγγασ	s i ɾ a ŋ ɡ a s
σημάδεψαν	s i m a ð e p s a n
σκαμπό	s k a m b o
σκαρφαλώνει	s k a ɾ f a l o n i
σκοπευτήριο	s k o p e f t i ɾ i o
σκοτωσω	s k o t o s o
σοφί	s o f i
σπανούλη	s p a n u l i
σπουδαστήσ	s p u ð a s t i s
σπρινγκ	s p ɾ i ŋ ɡ
στήριξή	s t i ɾ i k s i
στατικό	s t a t i k o
σταυροί	s t a v ɾ i
στηρίξεισ	s t i ɾ i k s i s
στιγμών	s t i ɣ m o n
συμπληρωθεί	s i m b l i ɾ o θ i
συνεχιστέσ	s i n e ç i s t e s
συνοδευόταν	s i n o ð e v o t a n
συνωμοσίεσ	s i n o m o s i e s
σωλήνων	s o l i n o n
σώματά	s o m a t a
ταμειακά	t a m i a k a
ταφεί	t a f i
τελετουργίεσ	t e l e t u ɾ ʝ i e s
τεμαχίων	t e m a ç i o n
τενερίφη	t e n e ɾ i f i
τηγάνισμα	t i ɣ a n i z m a
τιτανίου	t i t a n i u
τούτων	t u t o n
τρίψιμο	t ɾ i p s i m o
τραγούδησαν	t ɾ a ɣ u ð i s a n
τρελοσ	t ɾ e l o s
τρομοκρατικό	t ɾ o m o k ɾ a t i k o
τρύπασ	t ɾ i p a s
τρύφωνα	t ɾ i f o n a
τσιπάκι	t͡s i p a c i
υπάρχοντά	i p a ɾ x o n d a
υπαγορεύει	i p a ɣ o ɾ e v i
υπενθυμίζουμε	i p e n θ i m i z u m e
υποκαταστήματα	i p o k a t a s t i m a t a
υποκειμένου	i p o c i m e n u
υπομονήσ	i p o m o n i s
υποστράτηγοσ	i p o s t ɾ a t i ɣ o s
υπόληψη	i p o l i p s i
υπόνομο	i p o n o m o
υφιστάμενο	i f i s t a m e n o
φέρθηκαν	f e ɾ θ i k a n
φασιστικά	f a s i s t i k a
φορέσουν	f o ɾ e s u n
φορεθεί	f o ɾ e θ i
φράγκων	f ɾ a ŋ ɡ o n
φωτα	f o t a
φύλαγε	f i l a ʝ e
φώτων	f o t o n
χάγη	x a ʝ i
χάρτινα	x a ɾ t i n a
χέστηκε	ç e s t i c e
χαθούμε	x a θ u m e
χαριτωμένη	x a ɾ i t o m e n i
χιούζ	ç u z
χοντρέ	x o n d ɾ e
χορήγησε	x o ɾ i ʝ i s e
χρωστική	x ɾ o s t i c i
χτίζοντασ	x t i z o n d a s
χτίστηκαν	x t i s t i k a n
ψάλτησ	p s a l t i s
ψαρέματοσ	p s a ɾ e m a t o s
ψύχραιμα	p s i x ɾ e m a
όλωσ	o l o s
όργανά	o ɾ ɣ a n a
άλεκ	a l e k
άντληση	a n d l i s i
άντριουσ	a n d ɾ i u s
άρτιοσ	a ɾ t i o s
άσχετοι	a s ç e t i
έθαψαν	e θ a p s a n
έκρυβαν	e k ɾ i v a n
έκφρασή	e k f ɾ a s i
έλκονται	e l k o n d e
έμπιστοσ	e m b i s t o s
έμπολα	e m b o l a
έργον	e ɾ ɣ o n
έσκυψε	e s c i p s e
έσφαξε	e s f a k s e
έφοδοσ	e f o ð o s
ήφαιστοσ	i f e s t o s
αγριότητα	a ɣ ɾ i o t i t a
αγωνιστικούσ	a ɣ o n i s t i k u s
αιμοσφαιρίων	e m o s f e ɾ i o n
αισθανθούν	e s θ a n θ u n
ακινήτου	a c i n i t u
ακουστούν	a k u s t u n
αλλαγεσ	a l a ʝ e s
ανέλυσε	a n e l i s e
αναίσθητο	a n e s θ i t o
αναγράφει	a n a ɣ ɾ a f i
ανακοινωθέν	a n a c i n o θ e n
αναλογα	a n a l o ɣ a
αναμενόμενα	a n a m e n o m e n a
ανεβάσουν	a n e v a s u n
ανθρώποι	a n θ ɾ o p i
ανομία	a n o m i a
αντάμωμα	a n d a m o m a
αντιθέσει	a n d i θ e s i
αντιλήψεων	a n d i l i p s e o n
αντισταθείτε	a n d i s t a θ i t e
αντιτίθενται	a n d i t i θ e n d e
αντωνησ	a n d o n i s
αντύπα	a n d i p a
απαντηθεί	a p a n d i θ i
απειλητική	a p i l i t i c i
απελπισμένοσ	a p e l p i z m e n o s
αποικιών	a p i c o n
αποκαλώντασ	a p o k a l o n d a s
απορρυπαντικά	a p o ɾ i p a n d i k a
αποφασίζεται	a p o f a s i z e t e
αποφεύγονται	a p o f e v ɣ o n d e
αποφοίτησησ	a p o f i t i s i s
αποφυλάκισησ	a p o f i l a c i s i s
αποχωρήσεισ	a p o x o ɾ i s i s
απρόοπτα	a p ɾ o o p t a
απωθημένα	a p o θ i m e n a
απόλαυσα	a p o l a f s a
αρακά	a ɾ a k a
αργέσ	a ɾ ʝ e s
αργήσεισ	a ɾ ʝ i s i s
αργοστολίου	a ɾ ɣ o s t o l i u
αρκετο	a ɾ c e t o
αρχάγγελο	a ɾ x a ŋ ɟ e l o
αρχιτέκτων	a ɾ ç i t e k t o n
αρωματική	a ɾ o m a t i c i
ασκήσουν	a s c i s u n
ασχήμια	a s ç i m ɲ a
αταλάντησ	a t a l a n d i s
αυτοκινητα	a f t o c i n i t a
αυτοπεποίθησησ	a f t o p e p i θ i s i s
αφαιρούνται	a f e ɾ u n d e
αχα	a x a
βαζάκι	v a z a c i
βαλβίδασ	v a l v i ð a s
βαμμένο	v a m e n o
βασιλιάδων	v a s i ʎ a ð o n
βασισμένοσ	v a s i z m e n o s
βεβαιωσ	v e v e o s
βερνίκια	v e ɾ n i c a
βερσαλλίεσ	v e ɾ s a l i e s
βιάννου	v i a n u
βιτάλη	v i t a l i
βλάχοι	v l a ç i
βυζαντινέσ	v i z a n d i n e s
βυζαντινούσ	v i z a n d i n u s
γέροντεσ	ʝ e ɾ o n d e s
γέροντοσ	ʝ e ɾ o n d o s
γαρύφαλλο	ɣ a ɾ i f a l o
γενετικού	ʝ e n e t i k u
γιόχανσον	ʝ o x a n s o n
γλάροσ	ɣ l a ɾ o s
γλωσσικήσ	ɣ l o s i c i s
γνωριμιών	ɣ n o ɾ i m ɲ o n
γονατίσει	ɣ o n a t i s i
γυαλίζει	ʝ a l i z i
δεδομένεσ	ð e ð o m e n e s
δεξαμενών	ð e k s a m e n o n
δεσπότη	ð e s p o t i
δευτ	ð e f t
δηθεν	ð i θ e n
διαβατηρίων	ð i̯ a v a t i ɾ i o n
διαδέχεται	ð i̯ a ð e ç e t e
διανυσματικό	ð i̯ a n i z m a t i k o
διατηρήστε	ð i̯ a t i ɾ i s t e
διεπαφή	ð i e p a f i
διηγήσεισ	ð i i ʝ i s i s
δινουν	ð i n u n
διορισμοί	ð i o ɾ i z m i
δισκοπότηρο	ð i s k o p o t i ɾ o
δοξολογία	ð o k s o l o ʝ i a
δράκουλασ	ð ɾ a k u l a s
δρομέα	ð ɾ o m e a
δυσλεξία	ð i s l e k s i a
είθε	i θ e
είσοδοι	i s o ð i
εθνότητα	e θ n o t i t a
εκεινοσ	e c i n o s
εκκαθαριστικό	e k a θ a ɾ i s t i k o
εκροή	e k ɾ o i
εμποδίζοντασ	e m b o ð i z o n d a s
εμφανιση	e ɱ f a n i s i
ενζύμων	e n z i m o n
ενημερώθηκαν	e n i m e ɾ o θ i k a n
επαναλαμβανόμενα	e p a n a l a ɱ v a n o m e n a
επαναστάσεωσ	e p a n a s t a s e o s
επεκτείνουμε	e p e k t i n u m e
επιβεβαιώθηκαν	e p i v e v e o θ i k a n
επιλύσει	e p i l i s i
επιστολη	e p i s t o l i
ερθουν	e ɾ θ u n
ετεπ	e t e p
ετεροθαλήσ	e t e ɾ o θ a l i s
ευλόγησε	e v l o ʝ i s e
εφορίεσ	e f o ɾ i e s
εφτιαξα	e f t ç a k s a
ζεστάνει	z e s t a n i
ζοζέ	z o z e
ζωγράφοι	z o ɣ ɾ a f i
ζωηρό	z o i ɾ o
ζωτική	z o t i c i
ζωών	z o o n
ηροδότου	i ɾ o ð o t u
θεραπευτικά	θ e ɾ a p e f t i k a
θεωρήσουν	θ e o ɾ i s u n
θηλαστικών	θ i l a s t i k o n
θνητούσ	θ n i t u s
θύλακα	θ i l a k a
ιδιωτικοποίησησ	i ð i o t i k o p i i s i s
ιεραποστολή	i e ɾ a p o s t o l i
ιορδάνη	i o ɾ ð a n i
ιορδανίασ	i o ɾ ð a n i a s
ιρλανδική	i ɾ l a n ð i c i
ισχυριζόταν	i s ç i ɾ i z o t a n
ισχύον	i s ç i o n
κάλο	k a l o
κάλουσ	k a l u s
κάστινγκ	k a s t i ŋ ɡ
κάφκα	k a f k a
καθαρότητασ	k a θ a ɾ o t i t a s
καθορίστηκε	k a θ o ɾ i s t i c e
καθυστέρησησ	k a θ i s t e ɾ i s i s
καινουργια	c e n u ɾ ʝ a
κακίεσ	k a c i e s
κακώσεισ	k a k o s i s
καλεσμένων	k a l e z m e n o n
καλύτερή	k a l i t e ɾ i
καμένη	k a m e n i
καμαρά	k a m a ɾ a
καπνούσ	k a p n u s
καρέζη	k a ɾ e z i
καταβληθούν	k a t a v l i θ u n
καταλαβεισ	k a t a l a v i s
κατανοήσετε	k a t a n o i s e t e
κατασκευαστούν	k a t a s c e v a s t u n
καταφθάνει	k a t a f θ a n i
καταχρήσεισ	k a t a x ɾ i s i s
κατευθυνόταν	k a t e f θ i n o t a n
κατηγορουμένου	k a t i ɣ o ɾ u m e n u
κατηγορούσαν	k a t i ɣ o ɾ u s a n
κινα	c i n a
κλαιρ	k l e ɾ
κλείστηκε	k l i s t i c e
κομματικήσ	k o m a t i c i s
κοσμικέσ	k o z m i c e s
κουέντιν	k u e n d i n
κουρή	k u ɾ i
κοχ	k o x
κούνδουροσ	k u n ð u ɾ o s
κρίσεωσ	k ɾ i s e o s
κρυφτείτε	k ɾ i f t i t e
κτισμένη	k t i z m e n i
κτισμένο	k t i z m e n o
κυβερνήσουν	c i v e ɾ n i s u n
κυνηγάτε	c i n i ɣ a t e
κυριεύει	c i ɾ i e v i
κόσκινο	k o s c i n o
κόψαμε	k o p s a m e
λαβ	l a v
λειτουργικήσ	l i t u ɾ ʝ i c i s
λειψία	l i p s i a
λεόνε	l e o n e
λεύκανση	l e f k a n s i
λιου	ʎ u
λουράκι	l u ɾ a c i
λυχνάρι	l i x n a ɾ i
λόκι	l o c i
μάταιη	m a t e i
μάϊο	m a i o
μανιάτη	m a ɲ a t i
μαντάτα	m a n d a t a
μαρμάρων	m a ɾ m a ɾ o n
μαϊντανόσ	m a i̯ d a n o s
μεξικάνικη	m e k s i k a n i c i
μερικοι	m e ɾ i c i
μεσαιωνικήσ	m e s e o n i c i s
μετέβησαν	m e t e v i s a n
μεταρρυθμιστικό	m e t a ɾ i θ m i s t i k o
μετόχων	m e t o x o n
μνήμην	m n i m i n
μοίρασαν	m i ɾ a s a n
μολύνουν	m o l i n u n
μοναδικη	m o n a ð i c i
μπάρετ	b a ɾ e t
μπαούλο	b a u l o
μόνωση	m o n o s i
νάνσι	n a n s i
νεαρέ	n e a ɾ e
νεοι	n e i
νικών	n i k o n
νταλίκα	d a l i k a
ντροπη	d ɾ o p i
ντύσου	d i s u
νόστιμεσ	n o s t i m e s
ξανάρθεισ	k s a n a ɾ θ i s
ξαναβρεί	k s a n a v ɾ i
ξεκινησε	k s e c i n i s e
ξεκόλλα	k s e k o l a
ξεσπάσματα	k s e s p a z m a t a
οδ	o ð
οδικέσ	o ð i c e s
οδικών	o ð i k o n
οικολόγων	i k o l o ɣ o n
ολοκληρωθούν	o l o k l i ɾ o θ u n
ομογένεια	o m o ʝ e n i a
ορμόνησ	o ɾ m o n i s
οσον	o s o n
πίου	p i u
παίζατε	p e z a t e
παιδιου	p e ð ʝ u
παιρνεισ	p e ɾ n i s
παλαιέσ	p a l e e s
παλαιοί	p a l e i
παλιότερο	p a ʎ o t e ɾ o
πανηγυρίζουν	p a n i ʝ i ɾ i z u n
παντελίδη	p a n d e l i ð i
παπαγάλοσ	p a p a ɣ a l o s
παραμυθένια	p a ɾ a m i θ e ɲ a
παρασκευάζονται	p a ɾ a s c e v a z o n d e
παρκο	p a ɾ k o
πασχαλινά	p a s x a l i n a
πειστικά	p i s t i k a
περίστροφο	p e ɾ i s t ɾ o f o
περιφερειακούσ	p e ɾ i f e ɾ i a k u s
πη	p i
πινακίδων	p i n a c i ð o n
πλένεται	p l e n e t e
πλήρωση	p l i ɾ o s i
πληγώνουν	p l i ɣ o n u n
πλησιάζετε	p l i s i a z e t e
ποδηλάτου	p o ð i l a t u
πολιτη	p o l i t i
πολιτικα	p o l i t i k a
πορτοκαλάδα	p o ɾ t o k a l a ð a
ποσοστών	p o s o s t o n
πραγματικη	p ɾ a ɣ m a t i c i
προκειμένω	p ɾ o c i m e n o
προοδευτικοί	p ɾ o o ð e f t i c i
προσαγωγέσ	p ɾ o s a ɣ o ʝ e s
προστατευμένη	p ɾ o s t a t e v m e n i
προτελευταία	p ɾ o t e l e f t e a
πρόδρομο	p ɾ o ð ɾ o m o
πτώχευσησ	p t o ç e f s i s
πωπω	p o p o
ραδιο	ɾ a ð i o
ρετζέπ	ɾ e d͡z e p
ρια	ɾ i a
ρουβάσ	ɾ u v a s
ρόλαντ	ɾ o l a n d
σάλα	s a l a
σίλα	s i l a
σαρλ	s a ɾ l
σβήνουμε	z v i n u m e
σιχαίνεται	s i ç e n e t e
σιωπηλοί	s i o p i l i
σκίσω	s c i s o
σκαλί	s k a l i
σκασίλα	s k a s i l a
σκατο	s k a t o
σκευωρία	s c e v o ɾ i a
σκηνοθετημένη	s c i n o θ e t i m e n i
σκοποσ	s k o p o s
σκουριά	s k u ɾ ʝ a
σκόρπισε	s k o ɾ p i s e
σολίστ	s o l i s t
σουάρεσ	s u a ɾ e s
σουφλέ	s u f l e
σούλι	s u l i
σπερσ	s p e ɾ s
σπουδαίων	s p u ð e o n
στήσεισ	s t i s i s
στοάσ	s t o a s
στοχευμένεσ	s t o ç e v m e n e s
συγκρίνοντασ	s i ŋ ɡ ɾ i n o n d a s
συλλογικών	s i l o ʝ i k o n
συμβόλου	s i ɱ v o l u
συνεχιζεται	s i n e ç i z e t e
συνοψίζεται	s i n o p s i z e t e
συντάσσεται	s i n d a s e t e
συνταχθεί	s i n d a x θ i
σφήκα	s f i k a
σφαγείο	s f a ʝ i o
σύριγγα	s i ɾ i ŋ ɡ a
σύρραξη	s i ɾ a k s i
ταξιδιώτη	t a k s i ð ʝ o t i
τελικο	t e l i k o
τεράτων	t e ɾ a t o n
τεχνόπολη	t e x n o p o l i
τζάκια	d͡z a c a
τιν	t i n
τκ	t k
τοιχώματοσ	t i x o m a t o s
τροποποίησησ	t ɾ o p o p i i s i s
τσιγγάνα	t͡s i ŋ ɡ a n a
τόμου	t o m u
τόνωση	t o n o s i
υποδεχτούμε	i p o ð e x t u m e
υποσχόμενοσ	i p o s x o m e n o s
υπόλοιπησ	i p o l i p i s
υπόλοιπου	i p o l i p u
φάμελλοσ	f a m e l o s
φίλιππου	f i l i p u
φανατισμό	f a n a t i z m o
φιλαρμονικήσ	f i l a ɾ m o n i c i s
φορέσετε	f o ɾ e s e t e
φορτώσει	f o ɾ t o s i
φτιάχναμε	f t ç a x n a m e
φωκάσ	f o k a s
φόρεσαν	f o ɾ e s a n
φόρτωσε	f o ɾ t o s e
χάγησ	x a ʝ i s
χαζεύεισ	x a z e v i s
χαμε	x a m e
χαμογελούν	x a m o ʝ e l u n
χειρότερουσ	ç i ɾ o t e ɾ u s
χρειαζόμασταν	x ɾ i a z o m a s t a n
άγριου	a ɣ ɾ i u
άθικτο	a θ i k t o
άνοιγαν	a n i ɣ a n
άφεση	a f e s i
έδρασαν	e ð ɾ a s a n
έκοβαν	e k o v a n
έκπληκτοι	e k p l i k t i
έμπνευσή	e m b n e f s i
έντεχνο	e n d e x n o
έπνιξε	e p n i k s e
έρευνάσ	e ɾ e v n a s
αγκαλιάσεισ	a ŋ ɡ a ʎ a s i s
αγροτικούσ	a ɣ ɾ o t i k u s
αιγίνησ	e ʝ i n i s
αιθουσών	e θ u s o n
αισθημάτων	e s θ i m a t o n
ακαθάριστο	a k a θ a ɾ i s t o
ακατάλληλεσ	a k a t a l i l e s
αλβανό	a l v a n o
αμετάβλητη	a m e t a v l i t i
ανάλαφρο	a n a l a f ɾ o
αναζητηση	a n a z i t i s i
αναλύοντασ	a n a l i o n d a s
ανανεώνεται	a n a n e o n e t e
αναπτυσσόμενο	a n a p t i s o m e n o
αναρχικού	a n a ɾ ç i k u
ανατριχίλα	a n a t ɾ i ç i l a
ανδρικέσ	a n ð ɾ i c e s
ανεβαίνουμε	a n e v e n u m e
ανεξαρτήτων	a n e k s a ɾ t i t o n
ανηλίκουσ	a n i l i k u s
ανθοπωλείο	a n θ o p o l i o
ανθρωπολογία	a n θ ɾ o p o l o ʝ i a
ανοιχτούσ	a n i x t u s
αντιμετωπίστηκε	a n d i m e t o p i s t i c e
αντιστάσεισ	a n d i s t a s i s
ανώνυμεσ	a n o n i m e s
αξέχαστεσ	a k s e x a s t e s
αοκ	a o k
απειλούσαν	a p i l u s a n
απελπιστική	a p e l p i s t i c i
απευθύνεστε	a p e f θ i n e s t e
αποβάλλει	a p o v a l i
απογειωθεί	a p o ʝ i o θ i
αποδεχτούμε	a p o ð e x t u m e
αποκαθίσταται	a p o k a θ i s t a t e
αποκαλύπτονται	a p o k a l i p t o n d e
αποκαλύψουν	a p o k a l i p s u n
απολύθηκαν	a p o l i θ i k a n
αποστάτεσ	a p o s t a t e s
αποσταση	a p o s t a s i
απρόβλεπτοσ	a p ɾ o v l e p t o s
αρμενίασ	a ɾ m e n i a s
αρνιόταν	a ɾ ɲ o t a n
αρνούμαστε	a ɾ n u m a s t e
αρπάζουν	a ɾ p a z u n
ασπρο	a s p ɾ o
ασφαλισμένοι	a s f a l i z m e n i
ατελιέ	a t e ʎ e
ατυχή	a t i ç i
αυθόρμητο	a f θ o ɾ m i t o
αυτοάμυνα	a f t o a m i n a
αυτοθυσία	a f t o θ i s i a
αχελώου	a ç e l o u
βάρα	v a ɾ a
βαρδινογιάννησ	v a ɾ ð i n o ʝ a n i s
βλαβών	v l a v o n
βουτύρου	v u t i ɾ u
γασ	ɣ a s
γελά	ʝ e l a
γελοίεσ	ʝ e l i e s
γιόζεφ	ʝ o z e f
γκάλησ	ɡ a l i s
γκαριμπάλντι	ɡ a ɾ i b a l d i
γκαστόν	ɡ a s t o n
γκρεμίσει	ɡ ɾ e m i s i
γκριμ	ɡ ɾ i m
γραμμεσ	ɣ ɾ a m e s
δέστε	ð e s t e
δήμα	ð i m a
δεσπότησ	ð e s p o t i s
δηλωθεί	ð i l o θ i
δηλώνετε	ð i l o n e t e
δημοψηφίσματα	ð i m o p s i f i z m a t a
διαδοχική	ð i̯ a ð o ç i c i
διατομήσ	ð i̯ a t o m i s
διαχωριστική	ð i̯ a x o ɾ i s t i c i
δικέ	ð i c e
δραπέτησ	ð ɾ a p e t i s
δρομάκια	ð ɾ o m a c a
δωδώνη	ð o ð o n i
δωρεάσ	ð o ɾ e a s
εβγαλε	e v ɣ a l e
εγκαθίστανται	e ŋ ɡ a θ i s t a n d e
εισαγωγικό	i s a ɣ o ʝ i k o
εκλεισε	e k l i s e
εκλεκτοί	e k l e k t i
εκτιμώμενη	e k t i m o m e n i
εκτοξεύεται	e k t o k s e v e t e
εκφραστούν	e k f ɾ a s t u n
ελεγχόμενησ	e l e ŋ x o m e n i s
ελληνοκύπριοι	e l i n o c i p ɾ i i
ενθαρρύνουν	e n θ a ɾ i n u n
ενσωματώνεται	e n s o m a t o n e t e
εξέφραζε	e k s e f ɾ a z e
εξαίρετο	e k s e ɾ e t o
εξερευνητέσ	e k s e ɾ e v n i t e s
εξωφρενικό	e k s o f ɾ e n i k o
επίσκοποι	e p i s k o p i
επαγρύπνηση	e p a ɣ ɾ i p n i s i
επιβεβαιώσουν	e p i v e v e o s u n
επιμνημόσυνη	e p i m n i m o s i n i
επιταφίου	e p i t a f i u
επιταχυντή	e p i t a ç i n d i
επιτυχόντων	e p i t i x o n d o n
επωφεληθούν	e p o f e l i θ u n
εσκα	e s k a
εταίρο	e t e ɾ o
ευρ	e v ɾ
ευρωβουλευτή	e v ɾ o v u l e f t i
ζυμαρικών	z i m a ɾ i k o n
ζωρζ	z o ɾ z
ηλεκτρολόγων	i l e k t ɾ o l o ɣ o n
ηλιάδη	i ʎ a ð i
θεοδωρόπουλοσ	θ e o ð o ɾ o p u l o s
θηλυκέσ	θ i l i c e s
θηλυκόσ	θ i l i k o s
θηράματα	θ i ɾ a m a t a
θησέα	θ i s e a
ιαπωνικήσ	i a p o n i c i s
ιατροδικαστή	i a t ɾ o ð i k a s t i
ισημερία	i s i m e ɾ i a
ισχύσουν	i s ç i s u n
ιόντα	i o n d a
κάλλουσ	k a l u s
καλάθησ	k a l a θ i s
καλαμάκια	k a l a m a c a
καλωδίου	k a l o ð i u
καματερού	k a m a t e ɾ u
καμινάδα	k a m i n a ð a
καναδοί	k a n a ð i
καπνιστήσ	k a p n i s t i s
καρέκλασ	k a ɾ e k l a s
καραγκούνησ	k a ɾ a ŋ ɡ u n i s
καριέρεσ	k a ɾ ʝ e ɾ e s
κατέβασμα	k a t e v a z m a
κατήχηση	k a t i ç i s i
καταδρομικό	k a t a ð ɾ o m i k o
κατανέμονται	k a t a n e m o n d e
καταφέρνοντασ	k a t a f e ɾ n o n d a s
κείνα	c i n a
κερ	c e ɾ
κερατέασ	c e ɾ a t e a s
κερδισμένοσ	c e ɾ ð i z m e n o s
κερκύρασ	c e ɾ c i ɾ a s
κλείδωσαν	k l i ð o s a n
κοίταζαν	c i t a z a n
κοι	c i
κοιλάδεσ	c i l a ð e s
κοινοπραξίασ	c i n o p ɾ a k s i a s
κολαση	k o l a s i
κουλούρια	k u l u ɾ ʝ a
κούλησ	k u l i s
κούτα	k u t a
κυνήγησε	c i n i ʝ i s e
κόκκοι	k o c i
κόλμαν	k o l m a n
κόστισαν	k o s t i s a n
κύβουσ	c i v u s
λάτιν	l a t i n
λίβανοσ	l i v a n o s
λαρκο	l a ɾ k o
λαχανικό	l a x a n i k o
λείο	l i o
λιώσουν	ʎ o s u n
λόφοι	l o f i
μάγου	m a ɣ u
μάρτησ	m a ɾ t i s
μέλισσασ	m e l i s a s
μαζέψαμε	m a z e p s a m e
μαζευτούμε	m a z e f t u m e
μαρίζα	m a ɾ i z a
μειωμένα	m i o m e n a
μελίνασ	m e l i n a s
μεσολάβησε	m e s o l a v i s e
μεταδόσεων	m e t a ð o s e o n
μεταθέσεισ	m e t a θ e s i s
μετοχήσ	m e t o ç i s
μετρ	m e t ɾ
μηρό	m i ɾ o
μικρεσ	m i k ɾ e s
μονόλογοσ	m o n o l o ɣ o s
μορφωτικού	m o ɾ f o t i k u
μουσών	m u s o n
μπάουερ	b a u e ɾ
μπέκερ	b e c e ɾ
μπαλτά	b a l t a
μπετ	b e t
μπλέξαμε	b l e k s a m e
μπούνε	b u n e
μπρετ	b ɾ e t
μυθοπλασίασ	m i θ o p l a s i a s
νιφάδεσ	n i f a ð e s
νού	n u
νταξ	d a k s
ντενίζ	d e n i z
ντεπ	d e p
ξάδερφο	k s a ð e ɾ f o
ξεχωρίσουν	k s e x o ɾ i s u n
ξυράφι	k s i ɾ a f i
οδηγούσα	o ð i ɣ u s a
οικολόγοι	i k o l o ʝ i
ολιστική	o l i s t i c i
ολλανδικό	o l a n ð i k o
ορόσημα	o ɾ o s i m a
πάουερ	p a u e ɾ
πάψω	p a p s o
παγγαίου	p a ŋ ɟ e u
παλαιστήσ	p a l e s t i s
παλαιστινίων	p a l e s t i n i o n
παναγια	p a n a ʝ a
παράδοξα	p a ɾ a ð o k s a
παρίστανε	p a ɾ i s t a n e
παραδεχτώ	p a ɾ a ð e x t o
παραιτηθούν	p a ɾ e t i θ u n
παρασκευόπουλου	p a ɾ a s c e v o p u l u
παρατήσεισ	p a ɾ a t i s i s
παραχώρησαν	p a ɾ a x o ɾ i s a n
παρουσιαση	p a ɾ u s i a s i
πατρότητα	p a t ɾ o t i t a
πεζή	p e z i
περιτομή	p e ɾ i t o m i
περούκεσ	p e ɾ u c e s
πιάνεται	p ç a n e t e
πιστωτικών	p i s t o t i k o n
πλάτανο	p l a t a n o
πλακούντα	p l a k u n d a
πληθυσμιακή	p l i θ i z m i a c i
πνιγείσ	p n i ʝ i s
ποδηλάτων	p o ð i l a t o n
ποινών	p i n o n
πολλοίσ	p o l i s
πολυαγαπημένη	p o l i a ɣ a p i m e n i
ποντιακή	p o n d i a c i
ποταμούσ	p o t a m u s
πρατ	p ɾ a t
προέλαση	p ɾ o e l a s i
προκαλέσεισ	p ɾ o k a l e s i s
προσέλευσησ	p ɾ o s e l e f s i s
προσκληθεί	p ɾ o s k l i θ i
πρόγευμα	p ɾ o ʝ e v m a
πυροσβέστη	p i ɾ o z v e s t i
πότισμα	p o t i z m a
ρήγματα	ɾ i ɣ m a t a
ρηχή	ɾ i ç i
ριβέρα	ɾ i v e ɾ a
ριβιέρα	ɾ i v ʝ e ɾ a
ροθ	ɾ o θ
ρομαντισμού	ɾ o m a n d i z m u
ρομποτικήσ	ɾ o b o t i c i s
σάκουσ	s a k u s
σέρβουσ	s e ɾ v u s
σέφιλντ	s e f i l d
σαε	s a e
σημείωνε	s i m i o n e
σινάτρα	s i n a t ɾ a
σισέ	s i s e
σκέπη	s c e p i
σκηνική	s c i n i c i
σκούτερ	s k u t e ɾ
σουσάμι	s u s a m i
σουφλίου	s u f l i u
σοφιά	s o f ç a
σπλάχνα	s p l a x n a
σταθούν	s t a θ u n
στενήσ	s t e n i s
στριπτίζ	s t ɾ i p t i z
συγκεντρώθηκε	s i ŋ ɟ e n d ɾ o θ i c e
συγκρίνουν	s i ŋ ɡ ɾ i n u n
συγχώρεσε	s i ŋ x o ɾ e s e
συκοφαντία	s i k o f a n d i a
συμβίωση	s i ɱ v i o s i
συμφόρηση	s i ɱ f o ɾ i s i
συνάγεται	s i n a ʝ e t e
συνέλθεισ	s i n e l θ i s
συναδέλφου	s i n a ð e l f u
συναντώ	s i n a n d o
συναρπαστικέσ	s i n a ɾ p a s t i c e s
συνε	s i n e
συνειδηση	s i n i ð i s i
συνειδητοποιούν	s i n i ð i t o p i u n
συνεννόησησ	s i n e n o i s i s
συνεχιζόταν	s i n e ç i z o t a n
συνοικίασ	s i n i c i a s
συνοψίζει	s i n o p s i z i
συνταγμα	s i n d a ɣ m a
συντηρητικούσ	s i n d i ɾ i t i k u s
συνόδουσ	s i n o ð u s
συνόλων	s i n o l o n
σφακιά	s f a c a
σώβρακα	s o v ɾ a k a
τάσσονται	t a s o n d e
ταλάντωση	t a l a n d o s i
ταξικά	t a k s i k a
ταχύ	t a ç i
τελέστηκε	t e l e s t i c e
τερματιστεί	t e ɾ m a t i s t i
τεφαα	t e f a a
τεχνητού	t e x n i t u
τεχνητών	t e x n i t o n
τεχνολογικού	t e x n o l o ʝ i k u
τζαμιών	d͡z a m ɲ o n
τιμάσ	t i m a s
τοξίνη	t o k s i n i
τριετέσ	t ɾ i e t e s
τσάπλιν	t͡s a p l i n
τσιπρα	t͡s i p ɾ a
τωρινό	t o ɾ i n o
υβριδικά	i v ɾ i ð i k a
υπερασπίζεσαι	i p e ɾ a s p i z e s e
υπεύθυνου	i p e f θ i n u
υποβάλλεται	i p o v a l e t e
υποβλήθηκαν	i p o v l i θ i k a n
υποκριτήσ	i p o k ɾ i t i s
υποστηριχθεί	i p o s t i ɾ i x θ i
φακελάκι	f a c e l a c i
φασιστικήσ	f a s i s t i c i s
φατίχ	f a t i x
φαύλοσ	f a v l o s
φευγω	f e v ɣ o
φιλιππίδη	f i l i p i ð i
φιλόλογοι	f i l o l o ʝ i
φοβισμένη	f o v i z m e n i
φοιτούν	f i t u n
φορτώσουν	f o ɾ t o s u n
χαιρόμουν	ç e ɾ o m u n
χαλαρέσ	x a l a ɾ e s
χαμένουσ	x a m e n u s
χαρίλαοσ	x a ɾ i l a o s
χειμωνιάτικο	ç i m o ɲ a t i k o
χειριστούν	ç i ɾ i s t u n
χθεσινήσ	x θ e s i n i s
χορέψεισ	x o ɾ e p s i s
χορδών	x o ɾ ð o n
χορτάσει	x o ɾ t a s i
χρωματιστά	x ɾ o m a t i s t a
χτίσω	x t i s o
χωρίζεισ	x o ɾ i z i s
ψυχικών	p s i ç i k o n
ωσπου	o s p u
όμορφησ	o m o ɾ f i s
όργια	o ɾ ʝ a
όρσον	o ɾ s o n
ύφαλο	i f a l o
άγριοι	a ɣ ɾ i i
άθλησησ	a θ l i s i s
άνηθο	a n i θ o
έθεσα	e θ e s a
έπονται	e p o n d e
έρμαιο	e ɾ m e o
αέναη	a e n a i
αβίαστα	a v i a s t a
αγάλματοσ	a ɣ a l m a t o s
αγγελόπουλο	a ŋ ɟ e l o p u l o
αεροπλανο	a e ɾ o p l a n o
αιγύπτιοσ	e ʝ i p t i o s
ακούσματα	a k u z m a t a
αλεπούδεσ	a l e p u ð e s
αλεχάντρο	a l e x a n d ɾ o
αλλεργικόσ	a l e ɾ ʝ i k o s
αλυσοπρίονο	a l i s o p ɾ i o n o
αμφιβάλλει	a ɱ f i v a l i
ανάγονται	a n a ɣ o n d e
ανίτα	a n i t a
αναβάθμισε	a n a v a θ m i s e
αναγνώστου	a n a ɣ n o s t u
αναρτηση	a n a ɾ t i s i
αναρωτήθηκα	a n a ɾ o t i θ i k a
ανεύρυσμα	a n e v ɾ i z m a
ανθοδέσμη	a n θ o ð e z m i
ανοιγμάτων	a n i ɣ m a t o n
αντανακλάται	a n d a n a k l a t e
αντιγραφήσ	a n d i ɣ r a f i s
αξιοποιώντασ	a k s i o p i o n d a s
απαίτησαν	a p e t i s a n
απασχολήσει	a p a s x o l i s i
απεργών	a p e ɾ ɣ o n
αποβολέσ	a p o v o l e s
αποκαλυφθούν	a p o k a l i f θ u n
αποκλείοντασ	a p o k l i o n d a s
απορρίπτονται	a p o ɾ i p t o n d e
αποτρίχωσησ	a p o t ɾ i x o s i s
αποφάσιζε	a p o f a s i z e
αποφασίσατε	a p o f a s i s a t e
αποχαιρετά	a p o ç e ɾ e t a
απσ	a p s
αργυρίου	a ɾ ʝ i ɾ i u
αριστοκρατικό	a ɾ i s t o k ɾ a t i k o
αρκάδεσ	a ɾ k a ð e s
αρμάτων	a ɾ m a t o n
αρτηριακήσ	a ɾ t i ɾ i a c i s
αρχιτεκτονικού	a ɾ ç i t e k t o n i k u
ασπιδα	a s p i ð a
αστεροσκοπείου	a s t e ɾ o s k o p i u
ασφαλέστερη	a s f a l e s t e ɾ i
ατυχημα	a t i ç i m a
αυθαιρεσίεσ	a f θ e ɾ e s i e s
αφηγητή	a f i ʝ i t i
βάναυσα	v a n a f s a
βέλουσ	v e l u s
βαμβακιού	v a ɱ v a c u
βαρετόσ	v a ɾ e t o s
βασιλικών	v a s i l i k o n
βαφήσ	v a f i s
βερμόντ	v e ɾ m o n d
βραβευτεί	v ɾ a v e f t i
βυζαντινοί	v i z a n d i n i
βόλβησ	v o l v i s
γεννηθήκαμε	ʝ e n i θ i k a m e
γερμανο	ʝ e ɾ m a n o
γηγενείσ	ʝ i ʝ e n i s
γιάννου	ʝ a n u
γιαννη	ʝ a n i
γιόκο	ʝ o k o
γκομενάκια	ɡ o m e n a c a
γκρίφιν	ɡ ɾ i f i n
γκρην	ɡ ɾ i n
γλύπτη	ɣ l i p t i
γλύπτησ	ɣ l i p t i s
γουέμπερ	ɣ u e m b e ɾ
γούναρη	ɣ u n a ɾ i
γραφω	ɣ ɾ a f o
δέκατα	ð e k a t a
δέσουν	ð e s u n
δαπάνησ	ð a p a n i s
δημοσία	ð i m o s i a
διέκρινε	ð i e k ɾ i n e
διέπει	ð i e p i
διέπεται	ð i e p e t e
διαβίωση	ð i̯ a v i o s i
διαδικτυακόσ	ð i̯ a ð i k t i a k o s
διαδικτυακών	ð i̯ a ð i k t i a k o n
διαδραματίζονται	ð i̯ a ð ɾ a m a t i z o n d e
διαδόχου	ð i̯ a ð o x u
διαλέξαμε	ð i̯ a l e k s a m e
διαλύθηκαν	ð i̯ a l i θ i k a n
διαπραγματευτική	ð i̯ a p ɾ a ɣ m a t e f t i c i
διασκεδάστε	ð i̯ a s c e ð a s t e
διατήρησαν	ð i̯ a t i ɾ i s a n
διδάσκοντασ	ð i ð a s k o n d a s
διερμηνέα	ð i e ɾ m i n e a
διεφθαρμένη	ð i e f θ a ɾ m e n i
δικαιολογημένα	ð i c e o l o ʝ i m e n a
διορισμένοσ	ð i o ɾ i z m e n o s
διόρθωσε	ð i o ɾ θ o s e
δοκιμασίασ	ð o c i m a s i a s
δράκοι	ð ɾ a c i
δροσερά	ð ɾ o s e ɾ a
εγκατέστησε	e ŋ ɡ a t e s t i s e
εδε	e ð e
εδρα	e ð ɾ a
ειδικότητασ	i ð i k o t i t a s
ειδοποιηθεί	i ð o p i i θ i
εικονικέσ	i k o n i c e s
εικοστού	i k o s t u
εισαγάγει	i s a ɣ a ʝ i
εκδηλώνονται	e k ð i l o n o n d e
εκδοτών	e k ð o t o n
εκκλησιασ	e k l i s i a s
εκλέχτηκε	e k l e x t i c e
εκτίσει	e k t i s i
εκτελώντασ	e k t e l o n d a s
ελλειψη	e l i p s i
ελλιπήσ	e l i p i s
εμβαδού	e ɱ v a ð u
εμεινα	e m i n a
ενδεχόμενα	e n ð e x o m e n a
ενδιαφέροντά	e n ð i̯ a f e ɾ o n d a
ενζύμου	e n z i m u
ενοικίασησ	e n i c i a s i s
εξάρθρωση	e k s a ɾ θ ɾ o s i
εξέτασαν	e k s e t a s a n
εξακολουθούσαν	e k s a k o l u θ u s a n
εξαμήνου	e k s a m i n u
εξασφάλιζε	e k s a s f a l i z e
εξελιχθούν	e k s e l i x θ u n
εξηγείτε	e k s i ʝ i t e
εξομολογήσεισ	e k s o m o l o ʝ i s i s
εξυπνο	e k s i p n o
εξώδικο	e k s o ð i k o
επίδρασή	e p i ð ɾ a s i
επαναλαμβάνονται	e p a n a l a ɱ v a n o n d e
επανδρωμένο	e p a n ð ɾ o m e n o
επελέγη	e p e l e ʝ i
επεξεργάζονται	e p e k s e ɾ ɣ a z o n d e
επιβατική	e p i v a t i c i
επιμελητή	e p i m e l i t i
επιπλέουν	e p i p l e u n
επισκεψη	e p i s c e p s i
επσθ	e p s θ
επτα	e p t a
επόπτη	e p o p t i
ετοιμαστώ	e t i m a s t o
ευρωπησ	e v ɾ o p i s
ευχαριστήριο	e f x a ɾ i s t i ɾ i o
ηλιάδησ	i ʎ a ð i s
ημων	i m o n
θεμελιωδών	θ e m e ʎ o ð o n
θησέασ	θ i s e a s
θολώνει	θ o l o n i
θυελλώδεισ	θ i e l o ð i s
ιαματικέσ	i a m a t i c e s
ιβαν	i v a n
ισημερινό	i s i m e ɾ i n o
κάτοψη	k a t o p s i
κήρυκα	c i ɾ i k a
καθαριστικό	k a θ a ɾ i s t i k o
καθημερινα	k a θ i m e ɾ i n a
καθόμασταν	k a θ o m a s t a n
καναδική	k a n a ð i c i
καπνιστό	k a p n i s t o
καρυωτάκησ	k a ɾ i o t a c i s
κασιδιάρη	k a s i ð ʝ a ɾ i
καστανή	k a s t a n i
καταδικασμένο	k a t a ð i k a z m e n o
καταδρομείσ	k a t a ð ɾ o m i s
κατασκήνωσησ	k a t a s c i n o s i s
κατασκευεσ	k a t a s c e v e s
κατατεθεί	k a t a t e θ i
καταυλισμόσ	k a t a v l i z m o s
καταφεύγουν	k a t a f e v ɣ u n
κατολίσθηση	k a t o l i s θ i s i
κείμενό	c i m e n o
κεντρα	c e n d ɾ a
κλειστών	k l i s t o n
κοα	k o a
κοροϊδεύετε	k o ɾ o i̯ ð e v e t e
κριστιάν	k ɾ i s t ç a n
κτηνοτροφίασ	k t i n o t ɾ o f i a s
κυρίαρχου	c i ɾ i a ɾ x u
κόστη	k o s t i
κύλινδροσ	c i l i n ð ɾ o s
λάοσ	l a o s
λάρυγγα	l a ɾ i ŋ ɡ a
λαζόπουλοσ	l a z o p u l o s
λαϊκοί	l a i c i
λεπτότητα	l e p t o t i t a
λιγοστέσ	l i ɣ o s t e s
λιμνη	l i m n i
λιμουζίνα	l i m u z i n a
λουδοβίκοσ	l u ð o v i k o s
λυκείων	l i c i o n
λυπηθεί	l i p i θ i
μαγειρέψουμε	m a ʝ i ɾ e p s u m e
μακάβριο	m a k a v ɾ i o
μεγεθοσ	m e ʝ e θ o s
μειώσω	m i o s o
μετατοπίσεισ	m e t a t o p i s i s
μετεωρίτη	m e t e o ɾ i t i
μετρίου	m e t ɾ i u
μετρηθεί	m e t ɾ i θ i
μηδενικέσ	m i ð e n i c e s
μηχανεσ	m i x a n e s
μικρογραφία	m i k ɾ o ɣ ɾ a f i a
μικρομεσαίεσ	m i k ɾ o m e s e e s
μιμούνται	m i m u n d e
μισισιπή	m i s i s i p i
μιχαλησ	m i x a l i s
μονεμβασιά	m o n e ɱ v a s ç a
μορφίνη	m o ɾ f i n i
μοτέρ	m o t e ɾ
μοτοσικλέτεσ	m o t o s i k l e t e s
μπαλα	b a l a
μπαράκι	b a ɾ a c i
μπούστο	b u s t o
μπράγκα	b ɾ a ŋ ɡ a
μπρίστολ	b ɾ i s t o l
μυτιληναίοσ	m i t i l i n e o s
μύνημα	m i n i m a
νεουσ	n e u s
νεώτερα	n e o t e ɾ a
νεώτεροσ	n e o t e ɾ o s
νικόδημοσ	n i k o ð i m o s
νιώθοντασ	ɲ o θ o n d a s
νοιώθουμε	n i o θ u m e
νουάρ	n u a ɾ
ντίαζ	d i a z
νταβατζήδεσ	d a v a d͡z i ð e s
ντιπ	d i p
νυκτόσ	n i k t o s
ξανάρθει	k s a n a ɾ θ i
ξαναδει	k s a n a ð i
ξεγέλασε	k s e ʝ e l a s e
ξεχάστηκε	k s e x a s t i c e
ξεχνιέται	k s e x ɲ e t e
ξεχωρίζουμε	k s e x o ɾ i z u m e
οη	o i
οκτωβριανή	o k t o v ɾ i a n i
ολοκληρο	o l o k l i ɾ o
ολοκληρωμένου	o l o k l i ɾ o m e n u
ονόμαζε	o n o m a z e
ορθώσ	o ɾ θ o s
ορφανού	o ɾ f a n u
ουσιαστικέσ	u s i a s t i c e s
οχ	o x
παγωμένεσ	p a ɣ o m e n e s
πανέξυπνη	p a n e k s i p n i
πανελλαδικήσ	p a n e l a ð i c i s
πανηγυρισμούσ	p a n i ʝ i ɾ i z m u s
παράβολο	p a ɾ a v o l o
παράλληλοι	p a ɾ a l i l i
πατήσαμε	p a t i s a m e
πειθαρχική	p i θ a ɾ ç i c i
περιοχησ	p e ɾ i o ç i s
πιστέσ	p i s t e s
πιτσ	p i t͡s
πλήγματα	p l i ɣ m a t a
πλήγωσε	p l i ɣ o s e
πλατη	p l a t i
πλειονότητά	p l i o n o t i t a
πληθαίνουν	p l i θ e n u n
πληρη	p l i ɾ i
πληρωμένα	p l i ɾ o m e n a
πνιγώ	p n i ɣ o
ποίησή	p i i s i
ποινικών	p i n i k o n
πολιτισμένα	p o l i t i z m e n a
πολιτιστικούσ	p o l i t i s t i k u s
πολυτελών	p o l i t e l o n
πορτεσ	p o ɾ t e s
προαναφερθέντα	p ɾ o a n a f e ɾ θ e n d a
προβολών	p ɾ o v o l o n
προσκαλέσει	p ɾ o s k a l e s i
προστατευτούν	p ɾ o s t a t e f t u n
προφήτου	p ɾ o f i t u
πρωταθλήτριεσ	p ɾ o t a θ l i t ɾ i e s
πρωτότυπου	p ɾ o t o t i p u
πρόσθιο	p ɾ o s θ i o
πυθαγόρασ	p i θ a ɣ o ɾ a s
πόθου	p o θ u
πόλα	p o l a
ράντου	ɾ a n d u
ρέα	ɾ e a
ρίχτηκε	ɾ i x t i c e
ραδιοτηλεοπτικό	ɾ a ð i o t i l e o p t i k o
ροζέ	ɾ o z e
σέλερ	s e l e ɾ
σέρβων	s e ɾ v o n
σαλβατόρε	s a l v a t o ɾ e
σαμαρασ	s a m a ɾ a s
σαχλαμάρεσ	s a x l a m a ɾ e s
σεβίλλησ	s e v i l i s
σεσίλια	s e s i ʎ a
σιδηροδρομικόσ	s i ð i ɾ o ð ɾ o m i k o s
σκάβει	s k a v i
σκευάσματα	s c e v a z m a t a
σκοτεινών	s k o t i n o n
στέλνονται	s t e l n o n d e
στατιστικό	s t a t i s t i k o
στρινγκ	s t ɾ i ŋ ɡ
συγκάλεσε	s i ŋ ɡ a l e s e
συλλεκτικά	s i l e k t i k a
συμμαθητήσ	s i m a θ i t i s
συμποσίου	s i m b o s i u
συναίνεσησ	s i n e n e s i s
συνδετικό	s i n ð e t i k o
συνεπειών	s i n e p i o n
συνεργάτιδα	s i n e ɾ ɣ a t i ð a
συνορεύει	s i n o ɾ e v i
σύσκεψησ	s i s c e p s i s
ταλαιπωρεί	t a l e p o ɾ i
ταξησ	t a k s i s
ταχθεί	t a x θ i
ταχύπλοο	t a ç i p l o o
τελείεσ	t e l i e s
τερζήσ	t e ɾ z i s
τιμωρούνται	t i m o ɾ u n d e
τουλούζ	t u l u z
τουρέ	t u ɾ e
τραπεζικήσ	t ɾ a p e z i c i s
τριμήνου	t ɾ i m i n u
τρωει	t ɾ o i
τρώσ	t ɾ o s
τόλη	t o l i
υλοποιήσει	i l o p i i s i
υπε	i p e
υποθετικά	i p o θ e t i k a
υποκύψει	i p o c i p s i
υπόπτουσ	i p o p t u s
υφαλοκρηπίδασ	i f a l o k ɾ i p i ð a s
υφιστάμενων	i f i s t a m e n o n
φαντάζονται	f a n d a z o n d e
φασιστικέσ	f a s i s t i c e s
φερ	f e ɾ
φλώρα	f l o ɾ a
φραγκούλη	f ɾ a ŋ ɡ u l i
φυλακιστεί	f i l a c i s t i
φυλετικέσ	f i l e t i c e s
φυτικήσ	f i t i c i s
φόρμασ	f o ɾ m a s
χαβαλέ	x a v a l e
χαρήκαμε	x a ɾ i k a m e
χιονοθύελλα	ç o n o θ i e l a
χοληστερόλησ	x o l i s t e ɾ o l i s
χορεύτριεσ	x o ɾ e f t ɾ i e s
χτεσινή	x t e s i n i
χωνέψω	x o n e p s o
χωρούν	x o ɾ u n
ψυχοπαθείσ	p s i x o p a θ i s
άθλοσ	a θ l o s
άμυλο	a m i l o
άνα	a n a
άνθιση	a n θ i s i
άντλησε	a n d l i s e
άπορουσ	a p o ɾ u s
έμμεσεσ	e m e s e s
έρημη	e ɾ i m i
ήμαρτον	i m a ɾ t o n
αγαπητά	a ɣ a p i t a
αγκώνεσ	a ŋ ɡ o n e s
αγοραστεί	a ɣ o ɾ a s t i
αδίκωσ	a ð i k o s
αδελφη	a ð e l f i
αδερφη	a ð e ɾ f i
αθηναίου	a θ i n e u
αιμοφόρα	e m o f o ɾ a
αισθηματικά	e s θ i m a t i k a
αισθητόσ	e s θ i t o s
αιωνίων	e o n i o n
ακροατήσ	a k ɾ o a t i s
ακτιβιστήσ	a k t i v i s t i s
αλκοολική	a l k o o l i c i
αλόη	a l o i
αμνηστίασ	a m n i s t i a s
αμφίβολη	a ɱ f i v o l i
ανάμεικτα	a n a m i k t a
ανάψτε	a n a p s t e
ανέπαφη	a n e p a f i
ανήγγειλε	a n i ŋ ɟ i l e
αναμένουν	a n a m e n u n
αναπάντεχα	a n a p a n d e x a
αναπαράγουν	a n a p a ɾ a ɣ u n
αναπαραγωγική	a n a p a ɾ a ɣ o ʝ i c i
ανατραπεί	a n a t ɾ a p i
ανησυχητικά	a n i s i ç i t i k a
αντάλλαξαν	a n d a l a k s a n
αντιβιοτικών	a n d i v i o t i k o n
αντιδραστική	a n d i ð ɾ a s t i c i
αντισωμάτων	a n d i s o m a t o n
αντωνόπουλοσ	a n d o n o p u l o s
αξιοθαύμαστη	a k s i o θ a v m a s t i
απαγωγείσ	a p a ɣ o ʝ i s
απείρου	a p i ɾ u
απελευθερώσουν	a p e l e f θ e ɾ o s u n
απευθυνόταν	a p e f θ i n o t a n
απλώνονται	a p l o n o n d e
απογείωσησ	a p o ʝ i o s i s
αποθηκεύουν	a p o θ i c e v u n
αποκορώνου	a p o k o ɾ o n u
αποσύρουν	a p o s i ɾ u n
αργολιδασ	a ɾ ɣ o l i ð a s
αρκουδάκια	a ɾ k u ð a c a
αστραπέσ	a s t ɾ a p e s
ασφυκτικά	a s f i k t i k a
ασύμμετρη	a s i m e t ɾ i
ατέλειωτεσ	a t e ʎ o t e s
αυτοκίνητά	a f t o c i n i t a
αυτοπεποίθησή	a f t o p e p i θ i s i
αφησει	a f i s i
αφησουμε	a f i s u m e
βάισ	v a i s
βάσεωσ	v a s e o s
βάστα	v a s t a
βάψω	v a p s o
βαλεντίνα	v a l e n d i n a
βασιλικη	v a s i l i c i
βιωσιμότητασ	v i o s i m o t i t a s
βλάχων	v l a x o n
βρισκονται	v ɾ i s k o n d e
γαλήνησ	ɣ a l i n i s
γεμίσετε	ʝ e m i s e t e
γερόσ	ʝ e ɾ o s
γευση	ʝ e f s i
γηπέδων	ʝ i p e ð o n
γιαγια	ʝ a ʝ a
γκεβάρα	ɟ e v a ɾ a
γκοτζίλα	ɡ o d͡z i l a
γνωστικά	ɣ n o s t i k a
γρήγορησ	ɣ ɾ i ɣ o ɾ i s
γρηγόριο	ɣ ɾ i ɣ o ɾ i o
γυμναστή	ʝ i m n a s t i
δήλωναν	ð i l o n a n
δαμασκού	ð a m a s k u
δευτερευόντωσ	ð e f t e ɾ e v o n d o s
δημαράσ	ð i m a ɾ a s
δημόκριτοσ	ð i m o k ɾ i t o s
διάδρομοι	ð i̯ a ð ɾ o m i
διαγραφήσ	ð i̯ a ɣ ɾ a f i s
διαδραματίζουν	ð i̯ a ð ɾ a m a t i z u n
διακεκριμένουσ	ð i̯ a c e k ɾ i m e n u s
διαστημικόσ	ð i̯ a s t i m i k o s
διεκδικήσεων	ð i e k ð i c i s e o n
δικεσ	ð i c e s
διορισμών	ð i o ɾ i z m o n
διπλωματικά	ð i p l o m a t i k a
διχασμού	ð i x a z m u
διώροφο	ð i o ɾ o f o
δοκίμασαν	ð o c i m a s a n
δράσουν	ð ɾ a s u n
δρυμού	ð ɾ i m u
δυναμικότητασ	ð i n a m i k o t i t a s
δυσκολα	ð i s k o l a
δυσπιστίασ	ð i s p i s t i a s
είμ	i m
εγγύτητα	e ŋ ɟ i t i t a
εγκατάστασή	e ŋ ɡ a t a s t a s i
εδρεύουν	e ð ɾ e v u n
εισηγείται	i s i ʝ i t e
εκμεταλλεύτηκαν	e k m e t a l e f t i k a n
εκνευρισμένοσ	e k n e v ɾ i z m e n o s
εκπαιδεύει	e k p e ð e v i
ελάτη	e l a t i
ελατήριο	e l a t i ɾ i o
ελβετόσ	e l v e t o s
εμπλεκόμενοι	e m b l e k o m e n i
ενδυμασίεσ	e n ð i m a s i e s
ενθουσιάστηκε	e n θ u s i a s t i c e
ενισχύσουμε	e n i s ç i s u m e
εντατικέσ	e n d a t i c e s
εξαπάτησε	e k s a p a t i s e
εξοχικά	e k s o ç i k a
εξόργισε	e k s o ɾ ʝ i s e
εορτασμοί	e o ɾ t a z m i
επανδρωμένα	e p a n ð ɾ o m e n a
επενδυτικών	e p e n ð i t i k o n
επιβεβαιώνοντασ	e p i v e v e o n o n d a s
επιδίδεται	e p i ð i ð e t e
επικέσ	e p i c e s
επιταγών	e p i t a ɣ o n
ερμηνεύτρια	e ɾ m i n e f t ɾ i a
εσπασε	e s p a s e
ευγενίασ	e v ʝ e n i a s
ευγηρίασ	e v ʝ i ɾ i a s
ευρωπαίο	e v ɾ o p e o
ευσεβήσ	e f s e v i s
εφαρμόζουμε	e f a ɾ m o z u m e
ζηλανδίασ	z i l a n ð i a s
ζητημα	z i t i m a
ζουγανέλη	z u ɣ a n e l i
ζωντανού	z o n d a n u
ηγεμονίασ	i ʝ e m o n i a s
ηγετικέσ	i ʝ e t i c e s
ηλιόλουστεσ	i ʎ o l u s t e s
ημερησία	i m e ɾ i s i a
ηπειρωτών	i p i ɾ o t o n
θάναι	θ a n e
θανάσιμη	θ a n a s i m i
θανάτωση	θ a n a t o s i
θεοφάνουσ	θ e o f a n u s
θεραπεια	θ e ɾ a p i a
θύλακεσ	θ i l a c e s
ιθύνοντεσ	i θ i n o n d e s
ιμάντεσ	i m a n d e s
ιον	i o n
ιχθύσ	i x θ i s
κάνη	k a n i
καθέναν	k a θ e n a n
καθιστική	k a θ i s t i c i
καθόδου	k a θ o ð u
καλογεροπούλου	k a l o ʝ e ɾ o p u l u
καλοκαιρινών	k a l o c e ɾ i n o n
καλούσαν	k a l u s a n
καλύψω	k a l i p s o
καναν	k a n a n
κανατε	k a n a t e
καρίνα	k a ɾ i n a
καρδίασ	k a ɾ ð i a s
καρκινικά	k a ɾ c i n i k a
καρύδεσ	k a ɾ i ð e s
καταδικάζεται	k a t a ð i k a z e t e
καταστροφικόσ	k a t a s t ɾ o f i k o s
καταυλισμούσ	k a t a v l i z m u s
κατεβάσεισ	k a t e v a s i s
κατεβεί	k a t e v i
κατηγοριασ	k a t i ɣ o ɾ ʝ a s
κατώτεροι	k a t o t e ɾ i
καυτερή	k a f t e ɾ i
καφενείου	k a f e n i u
κλείστο	k l i s t o
κλοπών	k l o p o n
κλώνοι	k l o n i
κοινοβουλευτικού	c i n o v u l e f t i k u
κολλητική	k o l i t i c i
κολυμπώντασ	k o l i m b o n d a s
κολόμβοσ	k o l o ɱ v o s
κονέ	k o n e
κονδυλίων	k o n ð i l i o n
κραταει	k ɾ a t a i
κτίσει	k t i s i
κτηματολόγιο	k t i m a t o l o ʝ i o
κυβέρνησε	c i v e ɾ n i s e
λειτουργικότητασ	l i t u ɾ ʝ i k o t i t a s
ληξιπρόθεσμεσ	l i k s i p ɾ o θ e z m e s
λοβέρδου	l o v e ɾ ð u
λουκέτα	l u c e t a
λουκουμάδεσ	l u k u m a ð e s
μάντι	m a n d i
μάρτι	m a ɾ t i
μέρισμα	m e ɾ i z m a
μαγιόρκα	m a ʝ o ɾ k a
μαγνητικήσ	m a ɣ n i t i c i s
μαζεύοντασ	m a z e v o n d a s
μαθητεία	m a θ i t i a
μαθητευόμενοσ	m a θ i t e v o m e n o s
μακντόναλντ	m a k n d o n a l d
μαλακα	m a l a k a
μεικτά	m i k t a
μειώστε	m i o s t e
μετανάστευσαν	m e t a n a s t e f s a n
μεταποίηση	m e t a p i i s i
μετατρέψετε	m e t a t ɾ e p s e t e
μεταφραστέσ	m e t a f ɾ a s t e s
μετεωρίτεσ	m e t e o ɾ i t e s
μηδενικών	m i ð e n i k o n
μητροπάνοσ	m i t ɾ o p a n o s
μητρότητασ	m i t ɾ o t i t a s
μικραίνει	m i k ɾ e n i
μικρομεσαία	m i k ɾ o m e s e a
μικρομεσαίων	m i k ɾ o m e s e o n
μορφωμένη	m o ɾ f o m e n i
μπερδεύονται	b e ɾ ð e v o n d e
μποτάκια	b o t a c a
μπράβουσ	b ɾ a v u s
μπόουλινγκ	b o u l i ŋ ɡ
μόσχοσ	m o s x o s
μύηση	m i i s i
ναρ	n a ɾ
ναυπηγείο	n a f p i ʝ i o
ναυτικέσ	n a f t i c e s
νεαπόλεωσ	n e a p o l e o s
νεων	n e o n
νιώθαμε	ɲ o θ a m e
νοδε	n o ð e
νομπελίστασ	n o b e l i s t a s
νονό	n o n o
νοοτροπίασ	n o o t ɾ o p i a s
ντουζίνα	d u z i n a
ντύθηκεσ	d i θ i c e s
ξέφυγαν	k s e f i ɣ a n
ξεκινούσαν	k s e c i n u s a n
ξενοφοβία	k s e n o f o v i a
οδηγίασ	o ð i ʝ i a s
οθωμανών	o θ o m a n o n
ομοιοκαταληξία	o m i o k a t a l i k s i a
ονειρευόταν	o n i ɾ e v o t a n
οποιεσ	o p i e s
ορθόδοξου	o ɾ θ o ð o k s u
ορυχείου	o ɾ i ç i u
οφθαλμίατροσ	o f θ a l m i a t ɾ o s
ούρσουλα	u ɾ s u l a
παγετώνων	p a ʝ e t o n o n
παλαιούσ	p a l e u s
παλαιότερουσ	p a l e o t e ɾ u s
παλιότερη	p a ʎ o t e ɾ i
πανσελήνου	p a n s e l i n u
παρέλασησ	p a ɾ e l a s i s
παραπλάνηση	p a ɾ a p l a n i s i
παραπονέθηκε	p a ɾ a p o n e θ i c e
παραφροσύνη	p a ɾ a f ɾ o s i n i
πεμπτουσία	p e m p t u s i a
περικεφαλαία	p e ɾ i c e f a l e a
περιμενουν	p e ɾ i m e n u n
πηγαίνατε	p i ʝ e n a t e
πηγαινετε	p i ʝ e n e t e
πιερικόσ	p i e ɾ i k o s
πικραμένοσ	p i k ɾ a m e n o s
πιλοτήριο	p i l o t i ɾ i o
πλανητικό	p l a n i t i k o
πλαστή	p l a s t i
πληρ	p l i ɾ
πληρώθηκαν	p l i ɾ o θ i k a n
πληρώθηκε	p l i ɾ o θ i c e
πολεοδομική	p o l e o ð o m i c i
πολική	p o l i c i
πορτοκαλιού	p o ɾ t o k a ʎ u
προαναγγέλλει	p ɾ o a n a ŋ ɟ e l i
προβολέα	p ɾ o v o l e a
προετοίμασε	p ɾ o e t i m a s e
προετοιμαστείτε	p ɾ o e t i m a s t i t e
προσέξω	p ɾ o s e k s o
προσδίδουν	p ɾ o z ð i ð u n
προσομοιώσεισ	p ɾ o s o m i o s i s
προσχολικήσ	p ɾ o s x o l i c i s
προφιλ	p ɾ o f i l
πρωτιέσ	p ɾ o t ç e s
πρόδωσαν	p ɾ o ð o s a n
πωλήτρια	p o l i t ɾ i a
πόνυ	p o n i
ρέματοσ	ɾ e m a t o s
ρία	ɾ i a
ρίξαμε	ɾ i k s a m e
ραβδώσεισ	ɾ a v ð o s i s
ρομέρο	ɾ o m e ɾ o
ρουβά	ɾ u v a
ρούβλια	ɾ u v ʎ a
σίφνο	s i f n o
σαπίζει	s a p i z i
σεβαστούμε	s e v a s t u m e
σεμνή	s e m n i
σιθωνίασ	s i θ o n i a s
σιχαθεί	s i x a θ i
σιών	s i o n
σκεπή	s c e p i
σκεφτήκατε	s c e f t i k a t e
σκορδά	s k o ɾ ð a
σοκαρισμένη	s o k a ɾ i z m e n i
σοσιαλιστήσ	s o s i a l i s t i s
σουφλί	s u f l i
σούπασ	s u p a s
στέρεο	s t e ɾ e o
στήσουμε	s t i s u m e
σταματάτε	s t a m a t a t e
στρέιτ	s t ɾ e i̯ t
στρατηγείο	s t ɾ a t i ʝ i o
στυλίδα	s t i l i ð a
στυλίδασ	s t i l i ð a s
συγκεντρωμένα	s i ŋ ɟ e n d ɾ o m e n a
συγκεντρωση	s i ŋ ɟ e n d ɾ o s i
συλλαβέσ	s i l a v e s
συμβιβασμού	s i ɱ v i v a z m u
συνάδει	s i n a ð i
συνήθισα	s i n i θ i s a
συνδέστε	s i n ð e s t e
συνδικαλιστικού	s i n ð i k a l i s t i k u
συνειδητοποιήσεισ	s i n i ð i t o p i i s i s
συνεπεία	s i n e p i a
συνεργόσ	s i n e ɾ ɣ o s
συνεταιρισμοί	s i n e t e ɾ i z m i
συνοδείασ	s i n o ð i a s
συντριβήσ	s i n d ɾ i v i s
συσχετίζεται	s i s ç e t i z e t e
σφακίων	s f a c i o n
σφουγγαρίστρα	s f u ŋ ɡ a ɾ i s t ɾ a
σόλων	s o l o n
σύντομησ	s i n d o m i s
ταξιτζή	t a k s i d͡z i
ταχυδρομεία	t a ç i ð ɾ o m i a
ταχυτητα	t a ç i t i t a
τεντωμένο	t e n d o m e n o
τετραγώνων	t e t ɾ a ɣ o n o n
τζιοβάνι	d͡z i o v a n i
τιμωρόσ	t i m o ɾ o s
τιτάνεσ	t i t a n e s
τοποθετήστε	t o p o θ e t i s t e
τούρκικο	t u ɾ c i k o
τρέλανε	t ɾ e l a n e
τρέχουσασ	t ɾ e x u s a s
τρακ	t ɾ a k
τραπεζικών	t ɾ a p e z i k o n
τροπική	t ɾ o p i c i
τσιγγάνων	t͡s i ŋ ɡ a n o n
τόνιζε	t o n i z e
υπέθεσε	i p e θ e s e
υποβάλλουν	i p o v a l u n
υποδέχθηκαν	i p o ð e x θ i k a n
φέρανε	f e ɾ a n e
φέτελ	f e t e l
φήλιξ	f i l i k s
φίλαθλο	f i l a θ l o
φιλιατρών	f i ʎ a t ɾ o n
φιλοξενούμενοσ	f i l o k s e n u m e n o s
φιλτρο	f i l t ɾ o
φοντάνα	f o n d a n a
φουσκωτά	f u s k o t a
φωτάκια	f o t a c a
φωτοτυπίεσ	f o t o t i p i e s
χαζο	x a z o
χιλιοστό	ç i ʎ o s t o
χορτοφάγοσ	x o ɾ t o f a ɣ o s
χρηματοδοτήθηκε	x ɾ i m a t o ð o t i θ i c e
χρησίμευε	x ɾ i s i m e v e
χτυπήσετε	x t i p i s e t e
χτυπήστε	x t i p i s t e
χτυπημένο	x t i p i m e n o
χώσει	x o s i
ψυχίατροι	p s i ç i a t ɾ i
ωραίασ	o ɾ e a s
όκλαντ	o k l a n d
όσφρηση	o s f ɾ i s i
ύποπτεσ	i p o p t e s
άλατοσ	a l a t o s
άμεσων	a m e s o n
άνι	a n i
άτυχου	a t i x u
έγκαυμα	e ŋ ɡ a v m a
ένωσή	e n o s i
έσωσα	e s o s a
ήρωάσ	i ɾ o a s
αγαπησ	a ɣ a p i s
αγνά	a ɣ n a
αγοράζονται	a ɣ o ɾ a z o n d e
αγοράσατε	a ɣ o ɾ a s a t e
αγοραστόσ	a ɣ o ɾ a s t o s
αδερφάκι	a ð e ɾ f a c i
αδριατική	a ð ɾ i a t i c i
αιγαιο	e ʝ e o
αιρετοί	e ɾ e t i
αισιόδοξα	e s i o ð o k s a
αιτήματά	e t i m a t a
ακατέργαστο	a k a t e ɾ ɣ a s t o
ακουστικών	a k u s t i k o n
ακρ	a k ɾ
αλαφούζοσ	a l a f u z o s
αλγορίθμου	a l ɣ o ɾ i θ m u
αλγορίθμων	a l ɣ o ɾ i θ m o n
αμερικανο	a m e ɾ i k a n o
ανάπηρουσ	a n a p i ɾ u s
ανάφερε	a n a f e ɾ e
ανήθικη	a n i θ i c i
ανακαινίσεισ	a n a c e n i s i s
αναλογιστεί	a n a l o ʝ i s t i
αναρωτηθείτε	a n a ɾ o t i θ i t e
αναφέρονταν	a n a f e ɾ o n d a n
ανεβαίνεισ	a n e v e n i s
ανθρωποκυνηγητό	a n θ ɾ o p o c i n i ʝ i t o
ανταποκρίθηκαν	a n d a p o k ɾ i θ i k a n
ανταποκριθούν	a n d a p o k ɾ i θ u n
αντιβιοτικό	a n d i v i o t i k o
αντιλαμβανόμαστε	a n d i l a ɱ v a n o m a s t e
αντιστάθηκαν	a n d i s t a θ i k a n
αντλίασ	a n d l i a s
αντρικέσ	a n d ɾ i c e s
ανόργανα	a n o ɾ ɣ a n a
αξ	a k s
απέγινε	a p e ʝ i n e
απαλύνει	a p a l i n i
απελευθερώνουν	a p e l e f θ e ɾ o n u n
απιστευτο	a p i s t e f t o
απογόνων	a p o ɣ o n o n
αποδέκτη	a p o ð e k t i
αποδοχών	a p o ð o x o n
αποθηκευμένα	a p o θ i c e v m e n a
αποθηκεύσει	a p o θ i c e f s i
αποκοπεί	a p o k o p i
αποστείλει	a p o s t i l i
αποφασίστε	a p o f a s i s t e
αποφοίτησή	a p o f i t i s i
απραξία	a p ɾ a k s i a
απόκλισησ	a p o k l i s i s
αρνητικοί	a ɾ n i t i c i
αρωγή	a ɾ o ʝ i
αρωματικέσ	a ɾ o m a t i c e s
ασπίδασ	a s p i ð a s
αυξανόμενεσ	a f k s a n o m e n e s
αφελή	a f e l i
βίτσι	v i t͡s i
βαρόμετρο	v a ɾ o m e t ɾ o
βγάζαμε	v ɣ a z a m e
βγούν	v ɣ u n
βελούδο	v e l u ð o
βηρυτό	v i ɾ i t o
βιασμούσ	v i a z m u s
βλάσησ	v l a s i s
βομβα	v o ɱ v a
βούλγαρησ	v u l ɣ a ɾ i s
βροχοπτώσεων	v ɾ o x o p t o s e o n
γείτονά	ʝ i t o n a
γεωπόνοσ	ʝ e o p o n o s
γεωργοί	ʝ e o ɾ ʝ i
γιέ	ʝ e
γιαγιάκα	ʝ a ʝ a k a
γκασ	ɡ a s
γνώριμο	ɣ n o ɾ i m o
γραμματα	ɣ ɾ a m a t a
γρανίτη	ɣ ɾ a n i t i
γραφειου	ɣ ɾ a f i u
γυρεύουν	ʝ i ɾ e v u n
γυρισει	ʝ i ɾ i s i
γύθειο	ʝ i θ i o
δεδομενα	ð e ð o m e n a
δεινή	ð i n i
δεμένοι	ð e m e n i
δεξιώσεισ	ð e k s i o s i s
δερμα	ð e ɾ m a
δεχθώ	ð e x θ o
δημοπρασίασ	ð i m o p ɾ a s i a s
δημοσιεύουν	ð i m o s i e v u n
διαδραματίσει	ð i̯ a ð ɾ a m a t i s i
διακεκριμένεσ	ð i̯ a c e k ɾ i m e n e s
διγενή	ð i ʝ e n i
διδάκτορα	ð i ð a k t o ɾ a
διδυμότειχο	ð i ð i m o t i x o
δικαιολογούν	ð i c e o l o ɣ u n
δικια	ð i c a
διορίζει	ð i o ɾ i z i
διώρυγα	ð i o ɾ i ɣ a
δογματική	ð o ɣ m a t i c i
δοκιμάστηκε	ð o c i m a s t i c e
δούλων	ð u l o n
εβραϊκού	e v ɾ a i k u
εισβολέασ	i z v o l e a s
εισπράττει	i s p ɾ a t i
εκβολέσ	e k v o l e s
εκπαιδευμένο	e k p e ð e v m e n o
εκπτωσεισ	e k p t o s i s
εκσυγχρονισμόσ	e k s i ŋ x ɾ o n i z m o s
εκτοξεύει	e k t o k s e v i
ελεγκτών	e l e ŋ ɡ t o n
ελεγχθούν	e l e ŋ x θ u n
ελεγχου	e l e ŋ x u
ενέκριναν	e n e k ɾ i n a n
ενέχυρο	e n e ç i ɾ o
ενήμεροσ	e n i m e ɾ o s
εναρκτήριο	e n a ɾ k t i ɾ i o
ενεπλάκησαν	e n e p l a c i s a n
ενυδατική	e n i ð a t i c i
εξέδρεσ	e k s e ð ɾ e s
εξαγόρασε	e k s a ɣ o ɾ a s e
εξαιρετικα	e k s e ɾ e t i k a
εξακρίβωση	e k s a k ɾ i v o s i
εξασθένηση	e k s a s θ e n i s i
εξορίασ	e k s o ɾ i a s
εξωτερικου	e k s o t e ɾ i k u
εξόριστοσ	e k s o ɾ i s t o s
επάνοδο	e p a n o ð o
επέβαινε	e p e v e n e
επέβαλλε	e p e v a l e
επαθε	e p a θ e
επηρεάζοντασ	e p i ɾ e a z o n d a s
επιβράβευση	e p i v ɾ a v e f s i
επισκέψεων	e p i s c e p s e o n
επισκεψιμότητα	e p i s c e p s i m o t i t a
εποχικών	e p o ç i k o n
εργολάβοι	e ɾ ɣ o l a v i
ερευνηθεί	e ɾ e v n i θ i
ερωμένεσ	e ɾ o m e n e s
εστι	e s t i
ετέρου	e t e ɾ u
ευαγγελάτου	e v a ŋ ɟ e l a t u
ευεργέτη	e v e ɾ ʝ e t i
ευχαρίστησησ	e f x a ɾ i s t i s i s
εφέδρων	e f e ð ɾ o n
εφαρμογεσ	e f a ɾ m o ʝ e s
εφεύρει	e f e v ɾ i
εφηβικά	e f i v i k a
ηλεκτρομαγνητικά	i l e k t ɾ o m a ɣ n i t i k a
ηλιόλουστο	i ʎ o l u s t o
ημιμόνιμο	i m i m o n i m o
ηρωισμό	i ɾ o i z m o
θέλτα	θ e l t a
θαλασσινόσ	θ a l a s i n o s
θείων	θ i o n
θεαματικά	θ e a m a t i k a
θεοδοσίου	θ e o ð o s i u
θηλυκότητα	θ i l i k o t i t a
θλιμμένοσ	θ l i m e n o s
ιαματικά	i a m a t i k a
ιδιοκτησιακό	i ð i o k t i s i a k o
ιησουσ	i i s u s
ινδονησίασ	i n ð o n i s i a s
ισότιμη	i s o t i m i
ιταλικόσ	i t a l i k o s
ιχθείσ	i x θ i s
κέρδιζαν	c e ɾ ð i z a n
καθορισμού	k a θ o ɾ i z m u
καλέσω	k a l e s o
καλύβασ	k a l i v a s
καπνιστή	k a p n i s t i
καποιουσ	k a p i u s
καππαδοκίασ	k a p a ð o c i a s
καρδινάλιο	k a ɾ ð i n a l i o
κατάχρησησ	k a t a x ɾ i s i s
κατέληγαν	k a t e l i ɣ a n
καταδίκασαν	k a t a ð i k a s a n
καταδίωξησ	k a t a ð i o k s i s
καταναλώσει	k a t a n a l o s i
κατανοούμε	k a t a n o u m e
κατασκευαστικά	k a t a s c e v a s t i k a
κελεπούρι	c e l e p u ɾ i
κεφαλάκι	c e f a l a c i
κιμάσ	c i m a s
κισ	c i s
κλέων	k l e o n
κλαίμε	k l e m e
κοινοβούλια	c i n o v u ʎ a
κοινοπολιτείασ	c i n o p o l i t i a s
κοσμεί	k o z m i
κουνήσει	k u n i s i
κουπιά	k u p ç a
κρατηθώ	k ɾ a t i θ o
κυβισμού	c i v i z m u
κυκλαδικήσ	c i k l a ð i c i s
κυλούν	c i l u n
κωστόπουλου	k o s t o p u l u
κύκνοσ	c i k n o s
κώδωνα	k o ð o n a
λένον	l e n o n
λαδι	l a ð i
λεγόμενων	l e ɣ o m e n o n
λειτουργώντασ	l i t u ɾ ɣ o n d a s
λιβάνι	l i v a n i
λιονταριών	ʎ o n d a ɾ ʝ o n
λυπήθηκα	l i p i θ i k a
μάθαιναν	m a θ e n a n
μάνατζμεντ	m a n a d͡z m e n d
μάνεσ	m a n e s
μήτηρ	m i t i ɾ
μαζέψετε	m a z e p s e t e
μαζευτήκαμε	m a z e f t i k a m e
μαθαίναμε	m a θ e n a m e
μαριάν	m a ɾ ʝ a n
μαρμάρινο	m a ɾ m a ɾ i n o
μαρμάρου	m a ɾ m a ɾ u
μαρτυρεί	m a ɾ t i ɾ i
μεγάφωνα	m e ɣ a f o n a
μεγαλοπρεπήσ	m e ɣ a l o p ɾ e p i s
μεγαλώσουμε	m e ɣ a l o s u m e
μεικτό	m i k t o
μερίδασ	m e ɾ i ð a s
μεταβάλλονται	m e t a v a l o n d e
μετρήσουν	m e t ɾ i s u n
μετόπισθεν	m e t o p i s θ e n
μικρούτσικοσ	m i k ɾ u t͡s i k o s
μοιράζεστε	m i ɾ a z e s t e
μοιράζουμε	m i ɾ a z u m e
μολδαβίασ	m o l ð a v i a s
μονομερήσ	m o n o m e ɾ i s
μουσουλμανικέσ	m u s u l m a n i c e s
μουσουλμανικήσ	m u s u l m a n i c i s
μπαλάντεσ	b a l a n d e s
μπαρμπα	b a ɾ b a
μπαρμπόσα	b a ɾ b o s a
μπείσ	b i s
μυλοποτάμου	m i l o p o t a m u
μυστηριωδώσ	m i s t i ɾ i o ð o s
μόντελινγκ	m o n d e l i ŋ ɡ
νεύρου	n e v ɾ u
νικησ	n i c i s
ντέμπορα	d e m b o ɾ a
νταλί	d a l i
ντεκόρ	d e k o ɾ
ντόρασ	d o ɾ a s
νόελ	n o e l
ξαναζήσει	k s a n a z i s i
ξεγελάσει	k s e ʝ e l a s i
ξεσπάει	k s e s p a i
ξηρομέρου	k s i ɾ o m e ɾ u
ξωτικών	k s o t i k o n
οδυνηρέσ	o ð i n i ɾ e s
οπίσθιο	o p i s θ i o
οτ	o t
ουάν	u a n
πάβελ	p a v e l
πανέξυπνο	p a n e k s i p n o
παντελίδησ	p a n d e l i ð i s
παρεμβαση	p a ɾ e ɱ v a s i
παρθένων	p a ɾ θ e n o n
πατηστε	p a t i s t e
περιλαμβανομένησ	p e ɾ i l a ɱ v a n o m e n i s
περιληπτικά	p e ɾ i l i p t i k a
περνούσα	p e ɾ n u s a
πηγαίο	p i ʝ e o
πηδώντασ	p i ð o n d a s
πινοσέτ	p i n o s e t
πιστοποιητικού	p i s t o p i i t i k u
πληγωμένη	p l i ɣ o m e n i
πλησιάζοντασ	p l i s i a z o n d a s
πνέουν	p n e u n
πνίγουν	p n i ɣ u n
ποία	p i a
ποικίλλουν	p i c i l u n
πονέσεισ	p o n e s i s
πορσελάνη	p o ɾ s e l a n i
ποσοστο	p o s o s t o
πρακτικόσ	p ɾ a k t i k o s
προκλήσεων	p ɾ o k l i s e o n
προλεταριάτου	p ɾ o l e t a ɾ ʝ a t u
προσαρμοσμένα	p ɾ o s a ɾ m o z m e n a
προσεχή	p ɾ o s e ç i
προστάτιδα	p ɾ o s t a t i ð a
προστατευμένο	p ɾ o s t a t e v m e n o
προσφυγών	p ɾ o s f i ɣ o n
πρωτύτερα	p ɾ o t i t e ɾ a
πυροσβεστικά	p i ɾ o z v e s t i k a
ρίγοσ	ɾ i ɣ o s
ρακέτεσ	ɾ a c e t e s
ρεαλιστήσ	ɾ e a l i s t i s
σαρκοφάγο	s a ɾ k o f a ɣ o
σεζον	s e z o n
σημερινούσ	s i m e ɾ i n u s
σινσινάτι	s i n s i n a t i
σκηνών	s c i n o n
σκοτεινιάζει	s k o t i ɲ a z i
σκύβει	s c i v i
σν	s n
σολομό	s o l o m o
σουμελά	s u m e l a
σπάστε	s p a s t e
σπεύδουν	s p e v ð u n
σπριντ	s p ɾ i d
σταματούσαν	s t a m a t u s a n
στηρίγματα	s t i ɾ i ɣ m a t a
στοχεύοντασ	s t o ç e v o n d a s
συγγραφέωσ	s i ŋ ɣ r a f e o s
συγκινήθηκα	s i ŋ ɟ i n i θ i k a
συμβιβαστεί	s i ɱ v i v a s t i
συμπλέκτη	s i m b l e k t i
συμπληρωματικέσ	s i m b l i ɾ o m a t i c e s
συνακόλουθα	s i n a k o l u θ a
συναντιέται	s i n a n d ʝ e t e
συνεργατική	s i n e ɾ ɣ a t i c i
συνεχωσ	s i n e x o s
συσσωρεύονται	s i s o ɾ e v o n d e
συστηματικό	s i s t i m a t i k o
σχολικούσ	s x o l i k u s
σωθήκαμε	s o θ i k a m e
σωσία	s o s i a
σύμησ	s i m i s
σώοι	s o i
σώοσ	s o o s
τέκνον	t e k n o n
ταξιαρχίασ	t a k s i a ɾ ç i a s
τιμωρήσουν	t i m o ɾ i s u n
τιτάνασ	t i t a n a s
τοποθετήσουμε	t o p o θ e t i s u m e
τραμπολίνο	t ɾ a b o l i n o
τραυματισμένη	t ɾ a v m a t i z m e n i
τρελάθηκαν	t ɾ e l a θ i k a n
τριανταφυλλίδησ	t ɾ i a n d a f i l i ð i s
τροποποιήσει	t ɾ o p o p i i s i
τροποποιημένη	t ɾ o p o p i i m e n i
τύρναβο	t i ɾ n a v o
υδάτινο	i ð a t i n o
υιοθετημένοσ	i o θ e t i m e n o s
υπέγραφε	i p e ɣ r a f e
υπαατ	i p a a t
υποδιευθυντήσ	i p o ð i e f θ i n d i s
υποδυθεί	i p o ð i θ i
υπολογίζοντασ	i p o l o ʝ i z o n d a s
υψηλοί	i p s i l i
φίλαθλοσ	f i l a θ l o s
φίλτρου	f i l t ɾ u
φαντάζουν	f a n d a z u n
φελίπε	f e l i p e
φλόρενσ	f l o ɾ e n s
φοίτησησ	f i t i s i s
φροντίσω	f ɾ o n d i s o
φυλάκων	f i l a k o n
φυσικησ	f i s i c i s
φυσιολογίασ	f i s i o l o ʝ i a s
φωτεινέσ	f o t i n e s
φόρμαν	f o ɾ m a n
φώτιση	f o t i s i
χάρα	x a ɾ a
χίμλερ	ç i m l e ɾ
χαλαρώσουμε	x a l a ɾ o s u m e
χειρίστηκε	ç i ɾ i s t i c e
χειριστείσ	ç i ɾ i s t i s
χειροκίνητη	ç i ɾ o c i n i t i
χλοοτάπητα	x l o o t a p i t a
χορτιάτη	x o ɾ t ç a t i
χρειαζονται	x ɾ i a z o n d e
χρηματοδότησε	x ɾ i m a t o ð o t i s e
χρηστίδησ	x ɾ i s t i ð i s
χρονικών	x ɾ o n i k o n
χρωμίου	x ɾ o m i u
χτίσαμε	x t i s a m e
χωμένοσ	x o m e n o s
χύσει	ç i s i
χύσω	ç i s o
ψυχοθεραπείασ	p s i x o θ e ɾ a p i a s
όν	o n
όουενσ	o u e n s
όρισεσ	o ɾ i s e s
ύψιστη	i p s i s t i
άκυρα	a c i ɾ a
άντζελο	a n d͡z e l o
άποικοι	a p i c i
άχυρο	a ç i ɾ o
έκλεβαν	e k l e v a n
έμα	e m a
έμφυτη	e ɱ f i t i
ένορκη	e n o ɾ c i
έξαψη	e k s a p s i
έξοδά	e k s o ð a
έρνεστ	e ɾ n e s t
έσβησα	e z v i s a
έχανα	e x a n a
ήσυχουσ	i s i x u s
αγαπασ	a ɣ a p a s
αγρυπνία	a ɣ ɾ i p n i a
αγόραζε	a ɣ o ɾ a z e
αδιαφορούν	a ð i̯ a f o ɾ u n
αθανασίασ	a θ a n a s i a s
αιθέρα	e θ e ɾ a
αιματοχυσία	e m a t o ç i s i a
αισθήματοσ	e s θ i m a t o s
αισθηση	e s θ i s i
αισθησιακό	e s θ i s i a k o
αιωνα	e o n a
ακολουθούμενη	a k o l u θ u m e n i
ακολουθούσα	a k o l u θ u s a
ακροπόλεωσ	a k ɾ o p o l e o s
αλεξάντρ	a l e k s a n d ɾ
αλκατράζ	a l k a t ɾ a z
αλκοόλη	a l k o o l i
αλυσιδωτή	a l i s i ð o t i
αμάχουσ	a m a x u s
αμελητέα	a m e l i t e a
ανάθεσησ	a n a θ e s i s
ανέχεσαι	a n e ç e s e
αναίσθητη	a n e s θ i t i
αναγνωρίστηκαν	a n a ɣ n o ɾ i s t i k a n
αναδεικνύονται	a n a ð i k n i o n d e
αναλογιστούμε	a n a l o ʝ i s t u m e
αναμένοντασ	a n a m e n o n d a s
αναπαύεται	a n a p a v e t e
αναρρόφηση	a n a ɾ o f i s i
ανασκαφήσ	a n a s k a f i s
ανατομικά	a n a t o m i k a
ανθρωπολογίασ	a n θ ɾ o p o l o ʝ i a s
ανιδιοτελήσ	a n i ð i o t e l i s
αντίπαλοί	a n d i p a l i
αντιπαλότητα	a n d i p a l o t i t a
αντιτορπιλικό	a n d i t o ɾ p i l i k o
αντλούν	a n d l u n
ανωτάτων	a n o t a t o n
ανώνυμουσ	a n o n i m u s
απέγιναν	a p e ʝ i n a n
απέφευγε	a p e f e v ʝ e
απαγορευμένα	a p a ɣ o ɾ e v m e n a
απαισιοδοξία	a p e s i o ð o k s i a
απατάει	a p a t a i
απειλείσ	a p i l i s
απειλητικό	a p i l i t i k o
απελευθερώνονται	a p e l e f θ e ɾ o n o n d e
απελπιστικά	a p e l p i s t i k a
απεξάρτησησ	a p e k s a ɾ t i s i s
αποβίβαση	a p o v i v a s i
απογευματινέσ	a p o ʝ e v m a t i n e s
αποδεχτούν	a p o ð e x t u n
απολάμβαναν	a p o l a ɱ v a n a n
αποξένωση	a p o k s e n o s i
απορροφηθεί	a p o ɾ o f i θ i
αποσταθεροποίηση	a p o s t a θ e ɾ o p i i s i
αραβικήσ	a ɾ a v i c i s
αραδίππου	a ɾ a ð i p u
αργοσαρωνικού	a ɾ ɣ o s a ɾ o n i k u
αρθρίτιδασ	a ɾ θ ɾ i t i ð a s
ασημακόπουλοσ	a s i m a k o p u l o s
ασορτί	a s o ɾ t i
ασφάλτου	a s f a l t u
ατελήσ	a t e l i s
αυξήσετε	a f k s i s e t e
αυξημένοσ	a f k s i m e n o s
αυστραλοί	a f s t ɾ a l i
αυτοκινητόδρομου	a f t o c i n i t o ð ɾ o m u
αύτη	a f t i
βάδην	v a ð i n
βάσιμεσ	v a s i m e s
βέγγοσ	v e ŋ ɡ o s
βαρσοβίασ	v a ɾ s o v i a s
βασιζόμενη	v a s i z o m e n i
βγαίναμε	v ʝ e n a m e
βεβαιώσου	v e v e o s u
βιγιαρεάλ	v i ʝ a ɾ e a l
βράσει	v ɾ a s i
βρίσκαμε	v ɾ i s k a m e
βροχόπτωσησ	v ɾ o x o p t o s i s
βυζάκια	v i z a c a
γαλανόσ	ɣ a l a n o s
γηραιά	ʝ i ɾ e a
γιάνγκ	ʝ a ŋ ɡ
γιόρτασαν	ʝ o ɾ t a s a n
γκαρθία	ɡ a ɾ θ i a
γλυτώσουμε	ɣ l i t o s u m e
γραφήματοσ	ɣ ɾ a f i m a t o s
δακτυλίδι	ð a k t i l i ð i
δαπέδου	ð a p e ð u
δεχθούμε	ð e x θ u m e
δημιουργικέσ	ð i m i u ɾ ʝ i c e s
δημοσκοπήσεων	ð i m o s k o p i s e o n
διαλέξουμε	ð i̯ a l e k s u m e
διασκεδάσεισ	ð i̯ a s c e ð a s i s
διασκεδάσουν	ð i̯ a s c e ð a s u n
διαχωρίζονται	ð i̯ a x o ɾ i z o n d e
διερεύνησησ	ð i e ɾ e v n i s i s
διοίκησή	ð i i c i s i
διπλωμάτη	ð i p l o m a t i
δοκίμων	ð o c i m o n
δρεπάνι	ð ɾ e p a n i
δυσπεψία	ð i s p e p s i a
δυστυχισμένοι	ð i s t i ç i z m e n i
δωθεί	ð o θ i
εγείρει	e ʝ i ɾ i
εγκατεστημένο	e ŋ ɡ a t e s t i m e n o
εγκληματικά	e ŋ ɡ l i m a t i k a
εθνουσ	e θ n u s
ειρηνικόσ	i ɾ i n i k o s
εκλεγμένη	e k l e ɣ m e n i
εκλεκτούσ	e k l e k t u s
εκλεπτυσμένο	e k l e p t i z m e n o
εκπαιδευτηρίων	e k p e ð e f t i ɾ i o n
εκπαιδεύτηκε	e k p e ð e f t i c e
εκπλαγείσ	e k p l a ʝ i s
εκπομπη	e k p o m b i
εκτιμήθηκε	e k t i m i θ i c e
εκτοξεύτηκε	e k t o k s e f t i c e
εκχώρηση	e k x o ɾ i s i
ελαφρύσ	e l a f ɾ i s
ελεγαν	e l e ɣ a n
ελευθερο	e l e f θ e ɾ o
ελληνικεσ	e l i n i c e s
ελληνοτουρκική	e l i n o t u ɾ c i c i
ελλιπή	e l i p i
εμπλέκει	e m b l e c i
εναλλακτικόσ	e n a l a k t i k o s
ενηλικίωσησ	e n i l i c i o s i s
ενημερωμένοσ	e n i m e ɾ o m e n o s
εξάτμισησ	e k s a t m i s i s
εξευτελισμό	e k s e f t e l i z m o
εξοδοσ	e k s o ð o s
εξοργισμένοσ	e k s o ɾ ʝ i z m e n o s
εξωπραγματικό	e k s o p ɾ a ɣ m a t i k o
επίδοξουσ	e p i ð o k s u s
επανέκδοση	e p a n e k ð o s i
επανένταξη	e p a n e n d a k s i
επανασταση	e p a n a s t a s i
επανειλημμένεσ	e p a n i l i m e n e s
επείγουσεσ	e p i ɣ u s e s
επικαιρότητασ	e p i c e ɾ o t i t a s
επικύρωσε	e p i c i ɾ o s e
επιμελώσ	e p i m e l o s
επιτρέψεισ	e p i t ɾ e p s i s
επιτυχημένοι	e p i t i ç i m e n i
επωνύμων	e p o n i m o n
ερμηνεύονται	e ɾ m i n e v o n d e
ερώτησησ	e ɾ o t i s i s
ετοίμασα	e t i m a s a
ευγενέσ	e v ʝ e n e s
ευπρόσδεκτη	e f p ɾ o z ð e k t i
ευσεβείσ	e f s e v i s
ευφράτη	e f ɾ a t i
ευφυή	e f i i
εφαρμόστηκαν	e f a ɾ m o s t i k a n
εχοντασ	e x o n d a s
εύλογο	e v l o ɣ o
εύστοχη	e f s t o ç i
ζάεφ	z a e f
ζάρα	z a ɾ a
ζητησε	z i t i s e
ζητούσεσ	z i t u s e s
ζωδίου	z o ð i u
ηλιθίων	i l i θ i o n
ηρθατε	i ɾ θ a t e
ηχείο	i ç i o
θάβουν	θ a v u n
θέματά	θ e m a t a
θαλασσινών	θ a l a s i n o n
θαμώνεσ	θ a m o n e s
θεαματικό	θ e a m a t i k o
θεμιστοκλή	θ e m i s t o k l i
θεολόγοι	θ e o l o ʝ i
θεσπίσει	θ e s p i s i
θηβαίων	θ i v e o n
θνητοί	θ n i t i
ιδρώνει	i ð ɾ o n i
ιπποδρομίεσ	i p o ð ɾ o m i e s
ιρανόσ	i ɾ a n o s
ισάριθμα	i s a ɾ i θ m a
ισπανού	i s p a n u
καθίσεισ	k a θ i s i s
καθοριστικέσ	k a θ o ɾ i s t i c e s
καλωσορίζω	k a l o s o ɾ i z o
καλύφθηκε	k a l i f θ i c e
καραντίνασ	k a ɾ a n d i n a s
καστελλόριζο	k a s t e l o ɾ i z o
καταβάλλονται	k a t a v a l o n d e
καταγγείλω	k a t a ŋ ɟ i l o
καταθέσω	k a t a θ e s o
καταλαβω	k a t a l a v o
καταλαμβάνοντασ	k a t a l a ɱ v a n o n d a s
καταλονία	k a t a l o n i a
καταφυγίου	k a t a f i ʝ i u
κατεστημένου	k a t e s t i m e n u
κατοικημένη	k a t i c i m e n i
κατόχου	k a t o x u
καυστική	k a f s t i c i
κεκτημένο	c e k t i m e n o
κερατέα	c e ɾ a t e a
κιθαρίστα	c i θ a ɾ i s t a
κιλελέρ	c i l e l e ɾ
κληρονόμοι	k l i ɾ o n o m i
κοινη	c i n i
κολλητέσ	k o l i t e s
κοπάνησε	k o p a n i s e
κορυδαλλόσ	k o ɾ i ð a l o s
κοσμικά	k o z m i k a
κοσμικήσ	k o z m i c i s
κριτικά	k ɾ i t i k a
κρυονέρι	k ɾ i o n e ɾ i
κρόταφο	k ɾ o t a f o
κυβέρνησαν	c i v e ɾ n i s a n
κόναν	k o n a n
λάι	l a i
λαμβάνεισ	l a ɱ v a n i s
λαφαζάνη	l a f a z a n i
λιμένοσ	l i m e n o s
λιμανι	l i m a n i
λογιστέσ	l o ʝ i s t e s
λυγίζει	l i ʝ i z i
λυκόφωσ	l i k o f o s
μάντη	m a n d i
μάρλον	m a ɾ l o n
μάρλοου	m a ɾ l o u
μαγευτικέσ	m a ʝ e f t i c e s
μαρκάρισμα	m a ɾ k a ɾ i z m a
μασαζ	m a s a z
ματωμένη	m a t o m e n i
μεγαλύτερή	m e ɣ a l i t e ɾ i
μελετάσ	m e l e t a s
μελετητή	m e l e t i t i
μεταδοτικό	m e t a ð o t i k o
μετακινεί	m e t a c i n i
μεταναστεύσουν	m e t a n a s t e f s u n
μετανοίασ	m e t a n i a s
μεταφράζει	m e t a f ɾ a z i
μηδενικήσ	m i ð e n i c i s
μονοτονία	m o n o t o n i a
μοσχολιού	m o s x o ʎ u
μπάσα	b a s a
μπασκόνια	b a s k o ɲ a
μπρεστ	b ɾ e s t
μυστικα	m i s t i k a
μωράκια	m o ɾ a c a
νάνι	n a n i
νάπασ	n a p a s
νέμο	n e m o
νέστου	n e s t u
νεωτέρασ	n e o t e ɾ a s
νοιώσει	n i o s i
νοιώσεισ	n i o s i s
νομικούσ	n o m i k u s
νταρθ	d a ɾ θ
ντροπιαστικό	d ɾ o p ç a s t i k o
ξάφνιασε	k s a f ɲ a s e
ξεκλείδωσε	k s e k l i ð o s e
ξεκούραστο	k s e k u ɾ a s t o
ξεναγόσ	k s e n a ɣ o s
ξεπεράσετε	k s e p e ɾ a s e t e
ξεπεραστούν	k s e p e ɾ a s t u n
ξερή	k s e ɾ i
ξεχώριζε	k s e x o ɾ i z e
ογκώδη	o ŋ ɡ o ð i
οδηγήσετε	o ð i ʝ i s e t e
οδικόσ	o ð i k o s
οικοδομικό	i k o ð o m i k o
οιωνόσ	i o n o s
ολοκληρη	o l o k l i ɾ i
ολοκληρώσω	o l o k l i ɾ o s o
ομολογήσω	o m o l o ʝ i s o
οντοτήτων	o n d o t i t o n
οπλικά	o p l i k a
οράματοσ	o ɾ a m a t o s
οργανωμένοσ	o ɾ ɣ a n o m e n o s
οργανωτικήσ	o ɾ ɣ a n o t i c i s
ορισμένου	o ɾ i z m e n u
οριστικήσ	o ɾ i s t i c i s
ορμητικά	o ɾ m i t i k a
πάγων	p a ɣ o n
πάγωσαν	p a ɣ o s a n
πάθαμε	p a θ a m e
πάταγο	p a t a ɣ o
πάτσι	p a t͡s i
πέρεσ	p e ɾ e s
πανομοιότυπα	p a n o m i o t i p a
παξιμάδι	p a k s i m a ð i
παραθυρο	p a ɾ a θ i ɾ o
παραξενο	p a ɾ a k s e n o
παρθένοι	p a ɾ θ e n i
παρθενικό	p a ɾ θ e n i k o
παρθενώνασ	p a ɾ θ e n o n a s
παρόλ	p a ɾ o l
πεθαμένουσ	p e θ a m e n u s
περιήλθε	p e ɾ i i l θ e
περιοριστικούσ	p e ɾ i o ɾ i s t i k u s
περναει	p e ɾ n a i
πιθανον	p i θ a n o n
πιλάτοσ	p i l a t o s
πλήρωσεσ	p l i ɾ o s e s
πλημμελειοδικείο	p l i m e l i o ð i c i o
πολυφωνία	p o l i f o n i a
πουλιέται	p u ʎ e t e
προδοτεσ	p ɾ o ð o t e s
προσβάλλεται	p ɾ o z v a l e t e
προστάτεψε	p ɾ o s t a t e p s e
προστασια	p ɾ o s t a s ç a
πρωτεσ	p ɾ o t e s
πυθαγόρειο	p i θ a ɣ o ɾ i o
πυροσβεστικού	p i ɾ o z v e s t i k u
πόλυ	p o l i
ράμσεϊ	ɾ a m s e i̯
ραδιομέγαρο	ɾ a ð i o m e ɣ a ɾ o
ρημάδι	ɾ i m a ð i
ρουβίκωνασ	ɾ u v i k o n a s
ρυθμίζονται	ɾ i θ m i z o n d e
ρόπαλα	ɾ o p a l a
σάνον	s a n o n
σέρτζιο	s e ɾ d͡z i o
σαμουήλ	s a m u i l
σανίδι	s a n i ð i
σανό	s a n o
σαρτρ	s a ɾ t ɾ
σατιρική	s a t i ɾ i c i
σερένα	s e ɾ e n a
σερβίρονται	s e ɾ v i ɾ o n d e
σκιάθοσ	s c a θ o s
σκότωναν	s k o t o n a n
σοσιεδάδ	s o s i e ð a ð
σουλτάνα	s u l t a n a
σπίρτζη	s p i ɾ d͡z i
σπουδων	s p u ð o n
σταθμά	s t a θ m a
στεργίου	s t e ɾ ʝ i u
στερούν	s t e ɾ u n
στηλών	s t i l o n
συγγραμμάτων	s i ŋ ɣ r a m a t o n
συγχωρήσει	s i ŋ x o ɾ i s i
συζητώντασ	s i z i t o n d a s
συμβαδίζει	s i ɱ v a ð i z i
συναρμολόγησησ	s i n a ɾ m o l o ʝ i s i s
συναρπάζει	s i n a ɾ p a z i
συντηρήσει	s i n d i ɾ i s i
συσπάσεισ	s i s p a s i s
συστηματικέσ	s i s t i m a t i c e s
συχνάζουν	s i x n a z u n
σφάξει	s f a k s i
σφράγισμα	s f ɾ a ʝ i z m a
σχετικούσ	s ç e t i k u s
σχηματισμοί	s ç i m a t i z m i
σωφρονιστικό	s o f ɾ o n i s t i k o
σύνεργα	s i n e ɾ ɣ a
σώζοντασ	s o z o n d a s
τάκερ	t a c e ɾ
ταυτοποιήθηκε	t a f t o p i i θ i c e
ταχύτατη	t a ç i t a t i
τεκμηρίων	t e k m i ɾ i o n
τερζή	t e ɾ z i
τεσσερισ	t e s e ɾ i s
τζουζέπε	d͡z u z e p e
τηρείται	t i ɾ i t e
τοκετόσ	t o c e t o s
τοκογλύφουσ	t o k o ɣ l i f u s
τοποθετημένοσ	t o p o θ e t i m e n o s
τρέλεσ	t ɾ e l e s
τραβήχτηκε	t ɾ a v i x t i c e
τρανζίστορ	t ɾ a n z i s t o ɾ
τραπεζικά	t ɾ a p e z i k a
τρομοκρατεί	t ɾ o m o k ɾ a t i
τροποποιημένο	t ɾ o p o p i i m e n o
τσόμσκι	t͡s o m s c i
τυλιγμένη	t i l i ɣ m e n i
τόμσεν	t o m s e n
υπηκοότητασ	i p i k o o t i t a s
υποκατάστατα	i p o k a t a s t a t a
υφήσ	i f i s
φέντερερ	f e n d e ɾ e ɾ
φακέλου	f a c e l u
φαμίλια	f a m i ʎ a
φαρμάκη	f a ɾ m a c i
φετινόσ	f e t i n o s
φιλέτα	f i l e t a
φιλικούσ	f i l i k u s
φορτώνει	f o ɾ t o n i
φούσκωμα	f u s k o m a
φρίκησ	f ɾ i c i s
φυτέψω	f i t e p s o
φωνητικών	f o n i t i k o n
χάποελ	x a p o e l
χακ	x a k
χαμογελαστή	x a m o ʝ e l a s t i
χαρακτικήσ	x a ɾ a k t i c i s
χαρτόνι	x a ɾ t o n i
χιουμοριστική	ç u m o ɾ i s t i c i
χολέρασ	x o l e ɾ a s
χωρισμένοσ	x o ɾ i z m e n o s
χόλντεν	x o l d e n
ψάξετε	p s a k s e t e
ψευδάργυροσ	p s e v ð a ɾ ʝ i ɾ o s
ψηφίσεισ	p s i f i s i s
ύαινεσ	i e n e s
ώριμεσ	o ɾ i m e s
άλματοσ	a l m a t o s
άρει	a ɾ i
άφθονεσ	a f θ o n e s
έβαψε	e v a p s e
έκρυψαν	e k ɾ i p s a n
έκτισε	e k t i s e
έλειψαν	e l i p s a n
έμπειρων	e m b i ɾ o n
αγαπητε	a ɣ a p i t e
αγωγη	a ɣ o ʝ i
αδιεξόδου	a ð i e k s o ð u
αιγύπτιο	e ʝ i p t i o
ακαταμάχητη	a k a t a m a ç i t i
ακροβατικά	a k ɾ o v a t i k a
αλογάκι	a l o ɣ a c i
αλφαβητικά	a l f a v i t i k a
αμήχανη	a m i x a n i
αμανατίδησ	a m a n a t i ð i s
ανάρμοστη	a n a ɾ m o s t i
ανίκητοσ	a n i c i t o s
αναγνωστόπουλοσ	a n a ɣ n o s t o p u l o s
αναμεταξύ	a n a m e t a k s i
ανασκαφών	a n a s k a f o n
αναστέλλουν	a n a s t e l u n
ανατομική	a n a t o m i c i
αναφερόμενα	a n a f e ɾ o m e n a
ανεπανάληπτο	a n e p a n a l i p t o
ανεπτυγμένο	a n e p t i ɣ m e n o
ανευθυνότητα	a n e f θ i n o t i t a
ανεύθυνη	a n e f θ i n i
ανθρωπίνου	a n θ ɾ o p i n u
ανθρωπισμό	a n θ ɾ o p i z m o
ανούσιο	a n u s i o
αντίκτυποσ	a n d i k t i p o s
ανταπόκρισησ	a n d a p o k ɾ i s i s
αντεπεξέλθει	a n d e p e k s e l θ i
αντιβίωση	a n d i v i o s i
αντισυνταγματικό	a n d i s i n d a ɣ m a t i k o
αξιοποίησε	a k s i o p i i s e
αξιοποιήσει	a k s i o p i i s i
απέσυραν	a p e s i ɾ a n
απαράδεκτεσ	a p a ɾ a ð e k t e s
αποβεί	a p o v i
απομάκρυνσή	a p o m a k ɾ i n s i
απονεμηθεί	a p o n e m i θ i
αποπλάνηση	a p o p l a n i s i
απορίασ	a p o ɾ i a s
απορεί	a p o ɾ i
αποστέλλονται	a p o s t e l o n d e
αποστολική	a p o s t o l i c i
απόκτημα	a p o k t i m a
απόλυτου	a p o l i t u
αργησεσ	a ɾ ʝ i s e s
αργούσ	a ɾ ɣ u s
αριστοκράτεσ	a ɾ i s t o k ɾ a t e s
αριστοκρατική	a ɾ i s t o k ɾ a t i c i
αρχαιοελληνική	a ɾ ç e o e l i n i c i
αρχαιότερη	a ɾ ç e o t e ɾ i
αστεράκια	a s t e ɾ a c a
αστοχία	a s t o ç i a
ασχημο	a s ç i m o
βαζεισ	v a z i s
βαλκανικούσ	v a l k a n i k u s
βαμμένη	v a m e n i
βασιλόπουλο	v a s i l o p u l o
βιντεοπαιχνίδι	v i n d e o p e x n i ð i
βιοτικό	v i o t i k o
βιώνεισ	v i o n i s
βοστόνησ	v o s t o n i s
βρήκανε	v ɾ i k a n e
βραδυνό	v ɾ a ð i n o
βύρων	v i ɾ o n
γαδα	ɣ a ð a
γερανό	ʝ e ɾ a n o
γιάννοσ	ʝ a n o s
γιαννούλη	ʝ a n u l i
γιαννούλησ	ʝ a n u l i s
γιλντιρίμ	ʝ i l d i ɾ i m
γιον	ʝ o n
γκάλη	ɡ a l i
γκάλοπ	ɡ a l o p
γκρίφιθ	ɡ ɾ i f i θ
γόνατοσ	ɣ o n a t o s
δασικήσ	ð a s i c i s
δερματικέσ	ð e ɾ m a t i c e s
δεύτερουσ	ð e f t e ɾ u s
διαβασει	ð i̯ a v a s i
διατηρήσετε	ð i̯ a t i ɾ i s e t e
διατυπώθηκε	ð i̯ a t i p o θ i c e
διαχέεται	ð i̯ a ç e e t e
διαχωριστικό	ð i̯ a x o ɾ i s t i k o
διεφθαρμένοι	ð i e f θ a ɾ m e n i
δραστηριοτητα	ð ɾ a s t i ɾ i o t i t a
δρομέων	ð ɾ o m e o n
δυσκολη	ð i s k o l i
δωστε	ð o s t e
δότεσ	ð o t e s
δότησ	ð o t i s
εγκλεισμού	e ŋ ɡ l i z m u
εθνικοποίηση	e θ n i k o p i i s i
ειδωλολάτρεσ	i ð o l o l a t ɾ e s
ειδων	i ð o n
ειλικρινα	i l i k ɾ i n a
ειρηνευτική	i ɾ i n e f t i c i
εκμεταλλευόμενοσ	e k m e t a l e v o m e n o s
εκπαιδεύσεωσ	e k p e ð e f s e o s
εκπτώσεων	e k p t o s e o n
εκρηκτικέσ	e k ɾ i k t i c e s
εκτέθηκαν	e k t e θ i k a n
εκτεθειμένη	e k t e θ i m e n i
εκτενήσ	e k t e n i s
εκφραστέσ	e k f ɾ a s t e s
ελδυκ	e l ð i k
εμπόδιζαν	e m b o ð i z a n
ενοχλήσει	e n o x l i s i
ενσωματώνουν	e n s o m a t o n u n
ενυδάτωσησ	e n i ð a t o s i s
εξασφαλίσουμε	e k s a s f a l i s u m e
εξεπλάγην	e k s e p l a ʝ i n
εξερευνητήσ	e k s e ɾ e v n i t i s
εξισορρόπηση	e k s i s o ɾ o p i s i
εξορκισμό	e k s o ɾ c i z m o
εξουσιοδοτημένη	e k s u s i o ð o t i m e n i
επετειακή	e p e t i a c i
επετηρίδα	e p e t i ɾ i ð a
επιβατικά	e p i v a t i k a
επικοινωνήσετε	e p i c i n o n i s e t e
επικυρώσει	e p i c i ɾ o s i
επιλέξατε	e p i l e k s a t e
επιμόρφωση	e p i m o ɾ f o s i
επισκεφτούν	e p i s c e f t u n
επιστραφούν	e p i s t ɾ a f u n
εποικοδομητική	e p i k o ð o m i t i c i
επτάνησα	e p t a n i s a
ερημίτησ	e ɾ i m i t i s
ερμηνευτική	e ɾ m i n e f t i c i
ερχομόσ	e r x o m o s
ευεργετικά	e v e ɾ ʝ e t i k a
ευρώτα	e v ɾ o t a
ευχαριστία	e f x a ɾ i s t i a
ζαλίζομαι	z a l i z o m e
ζενίτ	z e n i t
ζορμπάσ	z o ɾ b a s
ζωγραφίσω	z o ɣ ɾ a f i s o
ζωντανοσ	z o n d a n o s
ηλεκτρικόσ	i l e k t ɾ i k o s
ημαστε	i m a s t e
ηρώδου	i ɾ o ð u
ηχοσ	i x o s
θεμιστοκλήσ	θ e m i s t o k l i s
θεολόγων	θ e o l o ɣ o n
θεωρήθηκαν	θ e o ɾ i θ i k a n
θηλασμόσ	θ i l a z m o s
θυμίζοντασ	θ i m i z o n d a s
θυμόμουν	θ i m o m u n
ιγνάτιοσ	i ɣ n a t i o s
ικετεύει	i c e t e v i
ιοβε	i o v e
ισορροπεί	i s o ɾ o p i
ισπανικών	i s p a n i k o n
κάντρι	k a n d ɾ i
καθολικά	k a θ o l i k a
κανέλλη	k a n e l i
καραμπίνεσ	k a ɾ a b i n e s
καρφώθηκε	k a ɾ f o θ i c e
καρύδη	k a ɾ i ð i
κασιμάτησ	k a s i m a t i s
καστρο	k a s t ɾ o
κατάσκοποι	k a t a s k o p i
καταθλιπτική	k a t a θ l i p t i c i
καταλάβαινα	k a t a l a v e n a
κατανοητόσ	k a t a n o i t o s
καταργήσουν	k a t a ɾ ʝ i s u n
καταφέρνετε	k a t a f e ɾ n e t e
κατηγοριεσ	k a t i ɣ o ɾ ʝ e s
κατηχητικό	k a t i ç i t i k o
κατούρησε	k a t u ɾ i s e
καύκασο	k a f k a s o
κενόσ	c e n o s
κινηθούμε	c i n i θ u m e
κινησεισ	c i n i s i s
κολλητούσ	k o l i t u s
κονδυλώματα	k o n ð i l o m a t a
κραχ	k ɾ a x
κρυφτώ	k ɾ i f t o
κρύψε	k ɾ i p s e
κτύπησε	k t i p i s e
κυπε	c i p e
κωδικοποίησησ	k o ð i k o p i i s i s
κωνσταντινίδου	k o n s t a n d i n i ð u
κύριον	c i ɾ i o n
λίβρεσ	l i v ɾ e s
λεγόμενά	l e ɣ o m e n a
λεγόμενοι	l e ɣ o m e n i
λεπτομερειών	l e p t o m e ɾ i o n
λισαβόνασ	l i s a v o n a s
λογαριασμο	l o ɣ a ɾ ʝ a z m o
λογισμό	l o ʝ i z m o
λογοθέτη	l o ɣ o θ e t i
λογοτέχνη	l o ɣ o t e x n i
λορέντζο	l o ɾ e n d͡z o
λουτρού	l u t ɾ u
μάγισσασ	m a ʝ i s a s
μάθημά	m a θ i m a
μάννα	m a n a
μαγείρεψε	m a ʝ i ɾ e p s e
μακεδόνα	m a c e ð o n a
μανόλο	m a n o l o
μαξίμ	m a k s i m
μαργαρίτη	m a ɾ ɣ a ɾ i t i
μαριάνα	m a ɾ ʝ a n a
μαριλένα	m a ɾ i l e n a
μαρκόπουλου	m a ɾ k o p u l u
μαρξιστική	m a ɾ k s i s t i c i
ματίνα	m a t i n a
μεγαλησ	m e ɣ a l i s
μεγαλοπρεπέσ	m e ɣ a l o p ɾ e p e s
μεραρχίεσ	m e ɾ a ɾ ç i e s
μεσιτικό	m e s i t i k o
μετάνιωσε	m e t a ɲ o s e
μεταξωτό	m e t a k s o t o
μετρημένεσ	m e t ɾ i m e n e s
μιμηθεί	m i m i θ i
μοιρα	m i ɾ a
μοναδικο	m o n a ð i k o
μοναδικούσ	m o n a ð i k u s
μπαταριών	b a t a ɾ ʝ o n
μπαχαρικό	b a x a ɾ i k o
μπερν	b e ɾ n
μπολσεβίκοι	b o l s e v i c i
μπόκα	b o k a
νάσοσ	n a s o s
νεοκλασικό	n e o k l a s i k o
νευρίασε	n e v ɾ i a s e
νευρικόσ	n e v ɾ i k o s
νεύτωνα	n e f t o n a
νιμ	n i m
νοικιάζει	n i c a z i
νοιώθετε	n i o θ e t e
νουν	n u n
ντέβον	d e v o n
ντοσ	d o s
ντουλάπασ	d u l a p a s
ξεγελάει	k s e ʝ e l a i
ξεράσει	k s e ɾ a s i
ξεχασα	k s e x a s a
ξύλινων	k s i l i n o n
ολοκληρωμένοσ	o l o k l i ɾ o m e n o s
οπισθοχώρηση	o p i s θ o x o ɾ i s i
οποιαδηποτε	o p i a ð i p o t e
οριακέσ	o ɾ i a c e s
ορφανή	o ɾ f a n i
πάλεψα	p a l e p s a
πάλιν	p a l i n
πάνθηρεσ	p a n θ i ɾ e s
πέτερ	p e t e ɾ
πίζα	p i z a
παθιασμένοσ	p a θ ç a z m e n o s
παιχτών	p e x t o n
παράσχουν	p a ɾ a s x u n
παραθύρου	p a ɾ a θ i ɾ u
παραλήπτεσ	p a ɾ a l i p t e s
πεζοναύτησ	p e z o n a f t i s
πεζόδρομοσ	p e z o ð ɾ o m o s
πεθανω	p e θ a n o
πεντάρα	p e n d a ɾ a
πεντακάθαρα	p e n d a k a θ a ɾ a
περιποιείται	p e ɾ i p i i t e
περιφέρειά	p e ɾ i f e ɾ i a
πηνίο	p i n i o
πιάνονται	p ç a n o n d e
πληγώθηκε	p l i ɣ o θ i c e
πλούτωνασ	p l u t o n a s
πολύτιμοι	p o l i t i m i
πονηρή	p o n i ɾ i
προβούν	p ɾ o v u n
προκαταβολήσ	p ɾ o k a t a v o l i s
προσέλαβαν	p ɾ o s e l a v a n
προσκαλούν	p ɾ o s k a l u n
προσκυνητών	p ɾ o s c i n i t o n
πρωτοετείσ	p ɾ o t o e t i s
πρόεδρό	p ɾ o e ð ɾ o
πρόσεξεσ	p ɾ o s e k s e s
πρότυπη	p ɾ o t i p i
πρόωρου	p ɾ o o ɾ u
πωληση	p o l i s i
πόντιοι	p o n d i i
ράγισε	ɾ a ʝ i s e
ρέγκλινγκ	ɾ e ŋ ɡ l i ŋ ɡ
ρέουν	ɾ e u n
ραγάδεσ	ɾ a ɣ a ð e s
ροκφέλερ	ɾ o k f e l e ɾ
ρυθμιστικό	ɾ i θ m i s t i k o
σαββάτο	s a v a t o
σαρώσει	s a ɾ o s i
σεισμικέσ	s i z m i c e s
σηματοδότησε	s i m a t o ð o t i s e
σκάσουμε	s k a s u m e
σκέλη	s c e l i
σκίσεισ	s c i s i s
σκεψεισ	s c e p s i s
σκοπευτή	s k o p e f t i
σκοπών	s k o p o n
σκύλεσ	s c i l e s
σλάβοι	s l a v i
σούλα	s u l a
σπάσετε	s p a s e t e
στένωση	s t e n o s i
στεγνή	s t e ɣ n i
στεφανοσ	s t e f a n o s
στηρίζεισ	s t i ɾ i z i s
στοιχειώδεσ	s t i ç i o ð e s
συγκαλεί	s i ŋ ɡ a l i
συγκρούστηκαν	s i ŋ ɡ r u s t i k a n
συγκόλληση	s i ŋ ɡ o l i s i
συλλάβουμε	s i l a v u m e
συμβατικήσ	s i ɱ v a t i c i s
συμπεριλαμβάνοντασ	s i m b e ɾ i l a ɱ v a n o n d a s
συμφορέσ	s i ɱ f o ɾ e s
συνδεόταν	s i n ð e o t a n
συνδυασμών	s i n ð i a z m o n
συνιστούσε	s i n i s t u s e
συντακτικό	s i n d a k t i k o
σχηματισμών	s ç i m a t i z m o n
σωματοσ	s o m a t o s
σωστού	s o s t u
σωτήριοσ	s o t i ɾ i o s
σύνταγμά	s i n d a ɣ m a
τζίρου	d͡z i ɾ u
τολμηρέσ	t o l m i ɾ e s
τοποθέτησή	t o p o θ e t i s i
τοποθετημένεσ	t o p o θ e t i m e n e s
τρίβει	t ɾ i v i
τραπεζάκια	t ɾ a p e z a c a
τρενο	t ɾ e n o
τυχαίοσ	t i ç e o s
υγειονομικό	i ʝ i o n o m i k o
υπέδαφοσ	i p e ð a f o s
υπέροχουσ	i p e ɾ o x u s
υπερφόρτωση	i p e ɾ f o ɾ t o s i
υπονοούμενο	i p o n o u m e n o
υπόσχεσαι	i p o s ç e s e
φάβα	f a v a
φέγενορντ	f e ʝ e n o ɾ d
φαναρίου	f a n a ɾ i u
φετινά	f e t i n a
φιδιών	f i ð ʝ o n
φιλέ	f i l e
φιλανθρωπίασ	f i l a n θ ɾ o p i a s
φιλιππίνων	f i l i p i n o n
φιλολογικά	f i l o l o ʝ i k a
φιλοξενούμενη	f i l o k s e n u m e n i
φοβισμένο	f o v i z m e n o
φοβούμενοι	f o v u m e n i
φορεσιέσ	f o ɾ e s ç e s
φορολογικού	f o ɾ o l o ʝ i k u
φραγκούλησ	f ɾ a ŋ ɡ u l i s
φυλακεσ	f i l a c e s
χάκερσ	x a c e ɾ s
χάνεσαι	x a n e s e
χάρο	x a ɾ o
χαοτική	x a o t i c i
χαπ	x a p
χαραγμένη	x a ɾ a ɣ m e n i
χειροτερο	ç i ɾ o t e ɾ o
χεστεί	ç e s t i
χιονίσει	ç o n i s i
χρήσεωσ	x ɾ i s e o s
χριστούλη	x ɾ i s t u l i
χτενίσματα	x t e n i z m a t a
χώριζε	x o ɾ i z e
ψηφίστηκαν	p s i f i s t i k a n
ψηφιδωτό	p s i f i ð o t o
ψόφια	p s o f ç a
ωριμάζει	o ɾ i m a z i
όλε	o l e
όλεγκ	o l e ŋ ɡ
όλην	o l i n
όριζε	o ɾ i z e
ύπατη	i p a t i
ἐσ	e s
άλλά	a l a
άναψα	a n a p s a
άριελ	a ɾ i e l
άρπαξα	a ɾ p a k s a
άρτοσ	a ɾ t o s
άστρου	a s t ɾ u
έβρισκεσ	e v ɾ i s c e s
έλαμψε	e l a m p s e
έντονου	e n d o n u
έπαινοσ	e p e n o s
αγαπήσετε	a ɣ a p i s e t e
αγιάζει	a ʝ a z i
αγκαλιάζουν	a ŋ ɡ a ʎ a z u n
αγνόσ	a ɣ n o s
αγχώνει	a ŋ x o n i
αγωνίζεσαι	a ɣ o n i z e s e
αγόραζαν	a ɣ o ɾ a z a n
αγώνοσ	a ɣ o n o s
αδρανή	a ð ɾ a n i
αερογραμμέσ	a e ɾ o ɣ ɾ a m e s
αεροδυναμική	a e ɾ o ð i n a m i c i
αισθηματική	e s θ i m a t i c i
αιτιολόγηση	e t i o l o ʝ i s i
αιφνίδιο	e f n i ð i o
ακραίασ	a k ɾ e a s
αλίμου	a l i m u
αληθινο	a l i θ i n o
αληθώσ	a l i θ o s
αλυκέσ	a l i c e s
αμίρ	a m i ɾ
αμαζονίου	a m a z o n i u
αμαρτωλή	a m a ɾ t o l i
αμαρτωλοί	a m a ɾ t o l i
αμμόχωστο	a m o x o s t o
αμυνα	a m i n a
αμυνθεί	a m i n θ i
αναβάτεσ	a n a v a t e s
αναβολικά	a n a v o l i k a
αναγνωρίσιμο	a n a ɣ n o ɾ i s i m o
αναζητήσουμε	a n a z i t i s u m e
ανακτήσουν	a n a k t i s u n
αναλύεται	a n a l i e t e
αναλύουν	a n a l i u n
αναπνευστικά	a n a p n e f s t i k a
αναστήλωση	a n a s t i l o s i
ανδρουλάκησ	a n ð ɾ u l a c i s
ανελκυστήρεσ	a n e l c i s t i ɾ e s
ανεμοστρόβιλοσ	a n e m o s t ɾ o v i l o s
ανεξήγητη	a n e k s i ʝ i t i
ανοιχτο	a n i x t o
αντίθεσησ	a n d i θ e s i s
αντιβασιλέα	a n d i v a s i l e a
αντικατέστησαν	a n d i k a t e s t i s a n
αντιληπτόσ	a n d i l i p t o s
αντιφασιστικό	a n d i f a s i s t i k o
αντιφλεγμονώδη	a n d i f l e ɣ m o n o ð i
ανωμαλιών	a n o m a ʎ o n
αξιοποιήσουμε	a k s i o p i i s u m e
αξιόλογουσ	a k s i o l o ɣ u s
απήχθη	a p i x θ i
απαλλάσσει	a p a l a s i
απαντούσα	a p a n d u s a
απανωτά	a p a n o t a
απεξάρτηση	a p e k s a ɾ t i s i
απλωθεί	a p l o θ i
αποδεχτείσ	a p o ð e x t i s
αποδόθηκαν	a p o ð o θ i k a n
αποθεματικών	a p o θ e m a t i k o n
αποθεραπεία	a p o θ e ɾ a p i a
αποκαταστήσουν	a p o k a t a s t i s u n
απολαβέσ	a p o l a v e s
απομονωθεί	a p o m o n o θ i
αποσύρουμε	a p o s i ɾ u m e
απόβρασμα	a p o v ɾ a z m a
απόλυσησ	a p o l i s i s
αρίστων	a ɾ i s t o n
αραβικού	a ɾ a v i k u
αργήσαμε	a ɾ ʝ i s a m e
αστάνα	a s t a n a
ασυρμάτου	a s i ɾ m a t u
ατμομηχανή	a t m o m i x a n i
αυνανισμό	a v n a n i z m o
αόρατεσ	a o ɾ a t e s
βάργκασ	v a ɾ ɡ a s
βίλασ	v i l a s
βίτσασ	v i t͡s a s
βίωσαν	v i o s a n
βαράσ	v a ɾ a s
βασανίζεται	v a s a n i z e t e
βασιζόμαστε	v a s i z o m a s t e
βατοπεδίου	v a t o p e ð i u
βιομήχανοι	v i o m i x a n i
βιοτεχνολογίασ	v i o t e x n o l o ʝ i a s
βλέποντάσ	v l e p o n d a s
βλακείασ	v l a c i a s
βλακώδεσ	v l a k o ð e s
βλεπουν	v l e p u n
βολοσ	v o l o s
βρισκω	v ɾ i s k o
γάμπεσ	ɣ a m b e s
γέρου	ʝ e ɾ u
γατί	ɣ a t i
γευτεί	ʝ e f t i
γινόντουσαν	ʝ i n o n d u s a n
γκαρσόν	ɡ a ɾ s o n
γκρίζοσ	ɡ ɾ i z o s
γλείφει	ɣ l i f i
γονιδίου	ɣ o n i ð i u
γουόρικ	ɣ u o ɾ i k
γυρνα	ʝ i ɾ n a
γωγώ	ɣ o ɣ o
γύριζαν	ʝ i ɾ i z a n
γύροι	ʝ i ɾ i
δαμάσκηνα	ð a m a s c i n a
δανείσεισ	ð a n i s i s
δανεικό	ð a n i k o
δημητριάδοσ	ð i m i t ɾ i a ð o s
δημιουργήματα	ð i m i u ɾ ʝ i m a t a
δημόπουλοσ	ð i m o p u l o s
διαδρομη	ð i̯ a ð ɾ o m i
διακεκριμένοι	ð i̯ a c e k ɾ i m e n i
διατηρούσαν	ð i̯ a t i ɾ u s a n
διαφορετικο	ð i̯ a f o ɾ e t i k o
διορατικότητα	ð i o ɾ a t i k o t i t a
διοργανωτήσ	ð i o ɾ ɣ a n o t i s
δουβλίνου	ð u v l i n u
δραπέτευσαν	ð ɾ a p e t e f s a n
δρώμενο	ð ɾ o m e n o
δυνάμεών	ð i n a m e o n
δωρητήσ	ð o ɾ i t i s
εγγονού	e ŋ ɡ o n u
εγγραφών	e ŋ ɣ r a f o n
εγκαταλείποντασ	e ŋ ɡ a t a l i p o n d a s
εεταα	e e t a a
ειπαμε	i p a m e
εισητήριο	i s i t i ɾ i o
εκδηλώσει	e k ð i l o s i
εκδοτικόσ	e k ð o t i k o s
εκλογικόσ	e k l o ʝ i k o s
εκπροσωπούνται	e k p ɾ o s o p u n d e
εκτακτο	e k t a k t o
εκτιμάτε	e k t i m a t e
εκτιμούσα	e k t i m u s a
εκτροπήσ	e k t ɾ o p i s
ελληνικων	e l i n i k o n
εμπιστεύτηκαν	e m b i s t e f t i k a n
εντυπωση	e n d i p o s i
εξανθήματα	e k s a n θ i m a t a
εξελιγμένα	e k s e l i ɣ m e n a
εξισώσεων	e k s i s o s e o n
εοε	e o e
επέλεγε	e p e l e ʝ e
επέλεξεσ	e p e l e k s e s
επίστρωση	e p i s t ɾ o s i
επεκταθούν	e p e k t a θ u n
επενδυτικά	e p e n ð i t i k a
επιβάλλοντασ	e p i v a l o n d a s
επικαλέστηκε	e p i k a l e s t i c e
επιλεγμένο	e p i l e ɣ m e n o
επισκεφθώ	e p i s c e f θ o
επισκόπουσ	e p i s k o p u s
επιστ	e p i s t
επώνυμουσ	e p o n i m u s
ερευνήσουν	e ɾ e v n i s u n
ερωτευθεί	e ɾ o t e f θ i
εστειλα	e s t i l a
ετοιμοθάνατοσ	e t i m o θ a n a t o s
ευλογιά	e v l o ʝ a
εύασ	e v a s
ζυγίζουν	z i ʝ i z u n
ηλιοστάσιο	i ʎ o s t a s i o
ηρεμήσουμε	i ɾ e m i s u m e
ηρωασ	i ɾ o a s
θαυμαστά	θ a v m a s t a
θελήσετε	θ e l i s e t e
θησείο	θ i s i o
θρεπτική	θ ɾ e p t i c i
θύελλασ	θ i e l a s
ιπποδύναμη	i p o ð i n a m i
ιρλανδούσ	i ɾ l a n ð u s
ισάριθμεσ	i s a ɾ i θ m e s
ισλανδίασ	i s l a n ð i a s
ισραηλινέσ	i s ɾ a i l i n e s
κάνασ	k a n a s
κάρπαθοσ	k a ɾ p a θ o s
κάρφωμα	k a ɾ f o m a
κέντημα	c e n d i m a
κήρυξαν	c i ɾ i k s a n
καθίσουν	k a θ i s u n
καθιστούσε	k a θ i s t u s e
καθρέπτεσ	k a θ ɾ e p t e s
καθυστερήσουν	k a θ i s t e ɾ i s u n
καθόσον	k a θ o s o n
καινήσ	c e n i s
καλοι	k a l i
καλοκαιρινόσ	k a l o c e ɾ i n o s
καλούδια	k a l u ð ʝ a
καλυτερεσ	k a l i t e ɾ e s
καλωσορίσατε	k a l o s o ɾ i s a t e
καμίνια	k a m i ɲ a
καμηλοπάρδαλη	k a m i l o p a ɾ ð a l i
καμπήσ	k a m b i s
κανάρια	k a n a ɾ ʝ a
κανών	k a n o n
καρυέσ	k a ɾ i e s
καστοριασ	k a s t o ɾ ʝ a s
κατάλληλησ	k a t a l i l i s
κατάφερναν	k a t a f e ɾ n a n
κατέβουμε	k a t e v u m e
κατακλυσμό	k a t a k l i z m o
καταστημα	k a t a s t i m a
κατεβήκαμε	k a t e v i k a m e
κατεδαφίσεισ	k a t e ð a f i s i s
καυκάσου	k a f k a s u
καυστικό	k a f s t i k o
κεραμικών	c e ɾ a m i k o n
κερασμένο	c e ɾ a z m e n o
κλίκα	k l i k a
κνωσού	k n o s u
κοζανη	k o z a n i
κουκλοθέατρο	k u k l o θ e a t ɾ o
κούκοσ	k u k o s
κρόκο	k ɾ o k o
κρύψου	k ɾ i p s u
κόλλησεσ	k o l i s e s
κόνι	k o n i
κύλινδροι	c i l i n ð ɾ i
λέγαν	l e ɣ a n
λίαμ	l i a m
λενόρ	l e n o ɾ
λιβ	l i v
λουτρών	l u t ɾ o n
λυκούδησ	l i k u ð i s
λόπεσ	l o p e s
μέριμνασ	m e ɾ i m n a s
μίσθωσησ	m i s θ o s i s
μανωλάσ	m a n o l a s
ματα	m a t a
μαχαιρώνει	m a ç e ɾ o n i
μεθύσεισ	m e θ i s i s
μειωση	m i o s i
μελετούσε	m e l e t u s e
μελισσανίδη	m e l i s a n i ð i
μεσολαβεί	m e s o l a v i
μεσοποταμίασ	m e s o p o t a m i a s
μεσοχώρι	m e s o x o ɾ i
μεταγενέστερο	m e t a ʝ e n e s t e ɾ o
μετατέθηκε	m e t a t e θ i c e
μεταφράστηκε	m e t a f ɾ a s t i c e
μεταχειρισμένα	m e t a ç i ɾ i z m e n a
μετείχε	m e t i ç e
μητρότητα	m i t ɾ o t i t a
μικτών	m i k t o n
μνημονεύει	m n i m o n e v i
μοναστηρίου	m o n a s t i ɾ i u
μοναχά	m o n a x a
μοσούλη	m o s u l i
μπακού	b a k u
νερα	n e ɾ a
νευρικών	n e v ɾ i k o n
νικάσ	n i k a s
νοικοκυριού	n i k o c i ɾ ʝ u
ντάουν	d a u n
ντύθηκε	d i θ i c e
ξέρξη	k s e ɾ k s i
ξανθη	k s a n θ i
ξηρέσ	k s i ɾ e s
ξυπνάμε	k s i p n a m e
ξυπνούσε	k s i p n u s e
οικονομικων	i k o n o m i k o n
ολυμπίου	o l i m b i u
οξύμωρο	o k s i m o ɾ o
πάν	p a n
πάρησ	p a ɾ i s
πάρθηκαν	p a ɾ θ i k a n
πέταγε	p e t a ʝ e
πίθηκοσ	p i θ i k o s
παγκορασίδων	p a ŋ ɡ o ɾ a s i ð o n
παθιασμένη	p a θ ç a z m e n i
παθιασμένο	p a θ ç a z m e n o
πακιστανοί	p a c i s t a n i
παλαιολόγοσ	p a l e o l o ɣ o s
παράσχοσ	p a ɾ a s x o s
παραδεχτείτε	p a ɾ a ð e x t i t e
παρεμβάσεων	p a ɾ e ɱ v a s e o n
παροτρύνει	p a ɾ o t ɾ i n i
παρόρμηση	p a ɾ o ɾ m i s i
πατρί	p a t ɾ i
πατριωτών	p a t ɾ i o t o n
πεντάλ	p e n d a l
περιορίστηκαν	p e ɾ i o ɾ i s t i k a n
περσινά	p e ɾ s i n a
πεταχτώ	p e t a x t o
πετρωμάτων	p e t ɾ o m a t o n
πετυχημένα	p e t i ç i m e n a
πητ	p i t
πλαισιώνουν	p l e s i o n u n
πλασματική	p l a z m a t i c i
πλατωνική	p l a t o n i c i
πληρεξούσιο	p l i ɾ e k s u s i o
ποδηλατικό	p o ð i l a t i k o
πολυεθνικήσ	p o l i e θ n i c i s
πολύχρωμεσ	p o l i x ɾ o m e s
ποντάρουν	p o n d a ɾ u n
πορτογάλοι	p o ɾ t o ɣ a l i
πραγματικότητεσ	p ɾ a ɣ m a t i k o t i t e s
πρεβέζησ	p ɾ e v e z i s
προκήρυξησ	p ɾ o c i ɾ i k s i s
προπαντόσ	p ɾ o p a n d o s
προπαρασκευή	p ɾ o p a ɾ a s c e v i
προσβάλλονται	p ɾ o z v a l o n d e
προσφυγήσ	p ɾ o s f i ʝ i s
προσφυγιάσ	p ɾ o s f i ʝ a s
προϋπολογισμούσ	p ɾ o i p o l o ʝ i z m u s
πτωτική	p t o t i c i
πυθία	p i θ i a
πυριτίου	p i ɾ i t i u
ράγκναρ	ɾ a ŋ ɡ n a ɾ
ρίκι	ɾ i c i
ρίψεισ	ɾ i p s i s
ρεμπέτικου	ɾ e m b e t i k u
ρουά	ɾ u a
ρούπελ	ɾ u p e l
ρυθμιστήσ	ɾ i θ m i s t i s
σαλέ	s a l e
σαμάνθα	s a m a n θ a
σαχτάρ	s a x t a ɾ
σβεν	z v e n
σεβαστώ	s e v a s t o
σεμιναρίων	s e m i n a ɾ i o n
σεξουαλικού	s e k s u a l i k u
σεξουαλικότητασ	s e k s u a l i k o t i t a s
σηκώνονται	s i k o n o n d e
σκεφθεί	s c e f θ i
σκοτεινού	s k o t i n u
σολομώντα	s o l o m o n d a
σπέρνουν	s p e ɾ n u n
σπιθαμή	s p i θ a m i
στέρησησ	s t e ɾ i s i s
στείρα	s t i ɾ a
στεγάσει	s t e ɣ a s i
στεφθεί	s t e f θ i
στηριζόταν	s t i ɾ i z o t a n
στηριχθεί	s t i ɾ i x θ i
στρατολόγηση	s t ɾ a t o l o ʝ i s i
στρατου	s t ɾ a t u
στύλ	s t i l
συγκεντρωτικά	s i ŋ ɟ e n d ɾ o t i k a
συγκυβερνήτη	s i ŋ ɟ i v e ɾ n i t i
συμμαχικέσ	s i m a ç i c e s
συνάφεια	s i n a f i a
συνδρομητική	s i n ð ɾ o m i t i c i
συνδυαστεί	s i n ð i a s t i
συνηθίσω	s i n i θ i s o
συντηρούν	s i n d i ɾ u n
συντηρούνται	s i n d i ɾ u n d e
συνόδων	s i n o ð o n
σχημάτισε	s ç i m a t i s e
σχολαστικόσ	s x o l a s t i k o s
τελικοσ	t e l i k o s
τεν	t e n
τερματικά	t e ɾ m a t i k a
τζέρικο	d͡z e ɾ i k o
τζουμέρκα	d͡z u m e ɾ k a
τηλεφωνούν	t i l e f o n u n
τιτανικό	t i t a n i k o
τμηματικά	t m i m a t i k a
τονωτικό	t o n o t i k o
τοπίων	t o p i o n
τρέχαμε	t ɾ e x a m e
τρίβεισ	t ɾ i v i s
τρελών	t ɾ e l o n
τριμελούσ	t ɾ i m e l u s
τροφοδοτούν	t ɾ o f o ð o t u n
τσικ	t͡s i k
τσιμπήματα	t͡s i m b i m a t a
τσιπσ	t͡s i p s
υβριδική	i v ɾ i ð i c i
υπενθυμίζεται	i p e n θ i m i z e t e
υπερφορολόγηση	i p e ɾ f o ɾ o l o ʝ i s i
υποβάλουν	i p o v a l u n
υποδείξει	i p o ð i k s i
υποθετω	i p o θ e t o
υποκρίνεσαι	i p o k ɾ i n e s e
υπολογιστη	i p o l o ʝ i s t i
υπομονη	i p o m o n i
υποστηρικτικό	i p o s t i ɾ i k t i k o
υποσχόμενο	i p o s x o m e n o
υποφέρετε	i p o f e ɾ e t e
υποχρέωσησ	i p o x ɾ e o s i s
φάρμεσ	f a ɾ m e s
φαντασμάτων	f a n d a z m a t o n
φαω	f a o
φιλανθρωπικού	f i l a n θ ɾ o p i k u
φιλοσοφίεσ	f i l o s o f i e s
φορτώνουν	f o ɾ t o n u n
φόρτο	f o ɾ t o
χαλκίδοσ	x a l c i ð o s
χαμογελάσει	x a m o ʝ e l a s i
χαμογελαστόσ	x a m o ʝ e l a s t o s
χαρακτηρισθεί	x a ɾ a k t i ɾ i s θ i
χειραφέτηση	ç i ɾ a f e t i s i
χορεύετε	x o ɾ e v e t e
χριστοδουλόπουλοσ	x ɾ i s t o ð u l o p u l o s
χρυσών	x ɾ i s o n
χωρά	x o ɾ a
χόλι	x o l i
χώματοσ	x o m a t o s
ψυχαγωγικό	p s i x a ɣ o ʝ i k o
ψύχοσ	p s i x o s
όξινο	o k s i n o
όργουελ	o ɾ ɣ u e l
όρμα	o ɾ m a
άθικτη	a θ i k t i
άνγκουσ	a ŋ ɡ u s
άσπροσ	a s p ɾ o s
άσχετουσ	a s ç e t u s
έκαμε	e k a m e
έκτακτων	e k t a k t o n
έλι	e l i
έλισ	e l i s
έμερσον	e m e ɾ s o n
έντερα	e n d e ɾ a
έφθανε	e f θ a n e
έχωσε	e x o s e
αβέβαιη	a v e v e i
αβλαβήσ	a v l a v i s
αγαπήθηκε	a ɣ a p i θ i c e
αγελάδων	a ʝ e l a ð o n
αγενείσ	a ʝ e n i s
αγρια	a ɣ ɾ i a
αγροικία	a ɣ ɾ i c i a
αγωνίστρια	a ɣ o n i s t ɾ i a
αεροβόλο	a e ɾ o v o l o
αθηναία	a θ i n e a
αισθανθείσ	e s θ a n θ i s
ακροατή	a k ɾ o a t i
αλέξισ	a l e k s i s
αλεξίπτωτα	a l e k s i p t o t a
αλιβερίου	a l i v e ɾ i u
αμαρτήματα	a m a ɾ t i m a t a
ανέθεσαν	a n e θ e s a n
αναδύονται	a n a ð i o n d e
αναζωογόνησησ	a n a z o o ɣ o n i s i s
ανανεώθηκε	a n a n e o θ i c e
αναπάντεχη	a n a p a n d e ç i
αναπτυγμένεσ	a n a p t i ɣ m e n e s
ανατολικόσ	a n a t o l i k o s
ανεβάζουμε	a n e v a z u m e
ανεβασμένη	a n e v a z m e n i
ανεξέλεγκτα	a n e k s e l e ŋ ɡ t a
ανεπίσημο	a n e p i s i m o
ανθρωπιστικό	a n θ ɾ o p i s t i k o
ανισότητασ	a n i s o t i t a s
αντικαταστήσουμε	a n d i k a t a s t i s u m e
αντόν	a n d o n
ανώτατων	a n o t a t o n
αξιωματούχου	a k s i o m a t u x u
απέσπασαν	a p e s p a s a n
απέφερε	a p e f e ɾ e
απαιτούμενεσ	a p e t u m e n e s
απεργια	a p e ɾ ʝ a
απεργούσ	a p e ɾ ɣ u s
αποδειξη	a p o ð i k s i
απολύει	a p o l i i
απολύμανση	a p o l i m a n s i
απομακρύνεσαι	a p o m a k ɾ i n e s e
αποστολάκησ	a p o s t o l a c i s
αποτύχεισ	a p o t i ç i s
απούσα	a p u s a
απρόσκοπτη	a p ɾ o s k o p t i
απόλυσή	a p o l i s i
αρμοστεία	a ɾ m o s t i a
αυτοκτόνησαν	a f t o k t o n i s a n
αυτοφώρω	a f t o f o ɾ o
αυτόνομου	a f t o n o m u
αφησεσ	a f i s e s
αφοσιωθεί	a f o s i o θ i
αφρόσ	a f ɾ o s
βάγια	v a ʝ a
βάλια	v a ʎ a
βάρνα	v a ɾ n a
βαθμολογικού	v a θ m o l o ʝ i k u
βαμβακερό	v a ɱ v a c e ɾ o
βασανιστικά	v a s a n i s t i k a
βιντεάκια	v i n d e a c a
βλέφαρα	v l e f a ɾ a
βουλευτικών	v u l e f t i k o n
βράβευσησ	v ɾ a v e f s i s
βραδινά	v ɾ a ð i n a
βυθόσ	v i θ o s
βύθισε	v i θ i s e
γέννασ	ʝ e n a s
γέννημα	ʝ e n i m a
γαλέρα	ɣ a l e ɾ a
γαμηθείσ	ɣ a m i θ i s
γαργαλιάνων	ɣ a ɾ ɣ a ʎ a n o n
γενετικών	ʝ e n e t i k o n
γενικούσ	ʝ e n i k u s
γεννημένοι	ʝ e n i m e n i
γκερέρο	ɟ e ɾ e ɾ o
γραμμικά	ɣ ɾ a m i k a
γραμμικήσ	ɣ ɾ a m i c i s
γρανάδα	ɣ ɾ a n a ð a
γυαλια	ʝ a ʎ a
γυρεύοντασ	ʝ i ɾ e v o n d a s
γυρισε	ʝ i ɾ i s e
δένδρου	ð e n ð ɾ u
δήμευση	ð i m e f s i
δαγκώσω	ð a ŋ ɡ o s o
δακτυλίου	ð a k t i l i u
δεινόσ	ð i n o s
δεσμευμένη	ð e z m e v m e n i
δηλητηρίασε	ð i l i t i ɾ i a s e
δηλώθηκε	ð i l o θ i c e
δημογραφικά	ð i m o ɣ ɾ a f i k a
δημοκράτησ	ð i m o k ɾ a t i s
δημοσίευσή	ð i m o s i e f s i
δημοσιευμένα	ð i m o s i e v m e n a
διαμορφώνοντασ	ð i̯ a m o ɾ f o n o n d a s
διαπραγματευτήσ	ð i̯ a p ɾ a ɣ m a t e f t i s
διαφημιστέσ	ð i̯ a f i m i s t e s
διερμηνέασ	ð i e ɾ m i n e a s
διευρυμένο	ð i e v ɾ i m e n o
δικαιωθεί	ð i c e o θ i
δινεισ	ð i n i s
διομήδη	ð i o m i ð i
διχασμένη	ð i x a z m e n i
δογμάτων	ð o ɣ m a t o n
δομοκού	ð o m o k u
δράσουμε	ð ɾ a s u m e
δραπέτεσ	ð ɾ a p e t e s
δραπετεύει	ð ɾ a p e t e v i
δρασεισ	ð ɾ a s i s
δριμεία	ð ɾ i m i a
δυνατού	ð i n a t u
δυσανεξία	ð i s a n e k s i a
δωρητέσ	ð o ɾ i t e s
εγγύησησ	e ŋ ɟ i i s i s
εγκατεστημένη	e ŋ ɡ a t e s t i m e n i
εδωσεσ	e ð o s e s
εθνοσυνέλευση	e θ n o s i n e l e f s i
ειμασταν	i m a s t a n
εκδηλωσεισ	e k ð i l o s i s
εκλείψεισ	e k l i p s i s
εκπόνησε	e k p o n i s e
εκτιμηση	e k t i m i s i
εμανουέλ	e m a n u e l
εμπλακούν	e m b l a k u n
εμφύτευμα	e ɱ f i t e v m a
εναπόθεση	e n a p o θ e s i
εναρμόνιση	e n a ɾ m o n i s i
ενεργειακών	e n e ɾ ʝ i a k o n
ενισχυτή	e n i s ç i t i
ενσαρκώνει	e n s a ɾ k o n i
ενσωματώθηκε	e n s o m a t o θ i c e
ενωτική	e n o t i c i
ενώθηκε	e n o θ i c e
εξέθεσε	e k s e θ e s e
εξέλεξε	e k s e l e k s e
εξαγγελία	e k s a ŋ ɟ e l i a
εξερευνά	e k s e ɾ e v n a
εξησ	e k s i s
εορταστική	e o ɾ t a s t i c i
επαναλαμβανόμενο	e p a n a l a ɱ v a n o m e n o
επιβλαβή	e p i v l a v i
επιδεικνύοντασ	e p i ð i k n i o n d a s
επιδοτήσεων	e p i ð o t i s e o n
επιθετικούσ	e p i θ e t i k u s
επισημάνσεισ	e p i s i m a n s i s
επισημαίνοντασ	e p i s i m e n o n d a s
επισκεφθούν	e p i s c e f θ u n
επισκόπων	e p i s k o p o n
επιφυλακτικόσ	e p i f i l a k t i k o s
εργοδοτών	e ɾ ɣ o ð o t o n
εσκανα	e s k a n a
εσωρούχων	e s o ɾ u x o n
ευα	e v a
ευγενούσ	e v ʝ e n u s
ζαλόγγου	z a l o ŋ ɡ u
ζησει	z i s i
ηλεκτρομαγνητικήσ	i l e k t ɾ o m a ɣ n i t i c i s
ημιτελικόσ	i m i t e l i k o s
θανατηφόροσ	θ a n a t i f o ɾ o s
θεμέλιοσ	θ e m e ʎ o s
θερμικό	θ e ɾ m i k o
θεσπίστηκε	θ e s p i s t i c e
θετικούσ	θ e t i k u s
θύμισεσ	θ i m i s e s
ιακωβίδησ	i a k o v i ð i s
ιδανικού	i ð a n i k u
ιεραποστολικό	i e ɾ a p o s t o l i k o
ικανοποίησε	i k a n o p i i s e
ιρανικό	i ɾ a n i k o
ιρλανδικό	i ɾ l a n ð i k o
κήλη	c i l i
καινούριου	c e n u ɾ ʝ u
κακοποιών	k a k o p i o n
κακουργημάτων	k a k u ɾ ʝ i m a t o n
καμάρεσ	k a m a ɾ e s
καριόλησ	k a ɾ ʝ o l i s
κασετίνα	k a s e t i n a
κατερινα	k a t e ɾ i n a
κατευθυνση	k a t e f θ i n s i
κατώτερων	k a t o t e ɾ o n
κελιών	c e ʎ o n
κεφαλαιαγοράσ	c e f a l e a ɣ o ɾ a s
κεφαλλονιάσ	c e f a l o ɲ a s
κηρύχθηκε	c i ɾ i x θ i c e
κλασικοί	k l a s i c i
κλονισμό	k l o n i z m o
κοιλότητασ	c i l o t i t a s
κοινωνικοποίηση	c i n o n i k o p i i s i
κοιτασ	c i t a s
κολινδρού	k o l i n ð ɾ u
κολλαγόνου	k o l a ɣ o n u
κορόιδευαν	k o ɾ o i̯ ð e v a n
κουφέτα	k u f e t a
κούρσεσ	k u ɾ s e s
κρεβατάκι	k ɾ e v a t a c i
κυνισμό	c i n i z m o
κυρίαρχων	c i ɾ i a ɾ x o n
κόπα	k o p a
κόφι	k o f i
λάβαρα	l a v a ɾ a
λάζαρου	l a z a ɾ u
λήθησ	l i θ i s
λαθη	l a θ i
λακτόζη	l a k t o z i
λεκανοπεδίου	l e k a n o p e ð i u
λιγνίτη	l i ɣ n i t i
λιμένασ	l i m e n a s
λογοτεχνικού	l o ɣ o t e x n i k u
λόγον	l o ɣ o n
μάγειρεσ	m a ʝ i ɾ e s
μίκα	m i k a
μίου	m i u
μακαρίτησ	m a k a ɾ i t i s
μανόλη	m a n o l i
μαρμαρά	m a ɾ m a ɾ a
μαρξισμού	m a ɾ k s i z m u
μελι	m e l i
μελισσανίδησ	m e l i s a n i ð i s
μεμονωμένη	m e m o n o m e n i
μενου	m e n u
μεταβίβασησ	m e t a v i v a s i s
μετακινήσεων	m e t a c i n i s e o n
μετρήστε	m e t ɾ i s t e
μιχαλολιάκου	m i x a l o ʎ a k u
μοτέλ	m o t e l
μπέζοσ	b e z o s
μπανάνασ	b a n a n a s
μπενίτο	b e n i t o
μπηκε	b i c e
μπράνσον	b ɾ a n s o n
μπό	b o
ναύτη	n a f t i
νεοελληνικών	n e o e l i n i k o n
νεοφιλελευθερισμόσ	n e o f i l e l e f θ e ɾ i z m o s
νικήσετε	n i c i s e t e
νοσηλευτική	n o s i l e f t i c i
νοσηλευτών	n o s i l e f t o n
νοτιοανατολικό	n o t i o a n a t o l i k o
νταλ	d a l
νυχτικό	n i x t i k o
νόμιμοι	n o m i m i
νόμιμουσ	n o m i m u s
ξέμεινα	k s e m i n a
ξανακάνεισ	k s a n a k a n i s
ξανακάνουμε	k s a n a k a n u m e
ξεκούραστη	k s e k u ɾ a s t i
ξυπνάνε	k s i p n a n e
ξυπνούν	k s i p n u n
οθονη	o θ o n i
οιδίποδα	i ð i p o ð a
ομοιόμορφο	o m i o m o ɾ f o
ομολογούν	o m o l o ɣ u n
ονομαστικήσ	o n o m a s t i c i s
οπλισμένοσ	o p l i z m e n o s
οποίαν	o p i a n
ουροποιητικού	u ɾ o p i i t i k u
οχυρών	o ç i ɾ o n
πάντρεψε	p a n d ɾ e p s e
πάτμου	p a t m u
παιρνουν	p e ɾ n u n
πανεπιστημιακήσ	p a n e p i s t i m i a c i s
παντρεμένεσ	p a n d ɾ e m e n e s
παράφραση	p a ɾ a f ɾ a s i
παραιτήσου	p a ɾ e t i s u
παραμορφώσεισ	p a ɾ a m o ɾ f o s i s
παχυσαρκίασ	p a ç i s a ɾ c i a s
πεζά	p e z a
πελατειακό	p e l a t i a k o
περιλαμβάνοντασ	p e ɾ i l a ɱ v a n o n d a s
περιορίσουμε	p e ɾ i o ɾ i s u m e
περισσό	p e ɾ i s o
πετυχημένεσ	p e t i ç i m e n e s
πιγκουίνοι	p i ŋ ɡ u i n i
πιν	p i n
πιστοποιείται	p i s t o p i i t e
πιστού	p i s t u
πιστώσεισ	p i s t o s i s
πλέξιμο	p l e k s i m o
πλέσσα	p l e s a
πλαισίων	p l e s i o n
πλεκτό	p l e k t o
πλοια	p l i a
πνίγονται	p n i ɣ o n d e
ποιηση	p i i s i
ποιμένασ	p i m e n a s
πονούν	p o n u n
ποντιακού	p o n d i a k u
ποντιακό	p o n d i a k o
ποσοτικά	p o s o t i k a
προεδρικού	p ɾ o e ð ɾ i k u
προεδρου	p ɾ o e ð ɾ u
προληπτικό	p ɾ o l i p t i k o
προσβάσιμα	p ɾ o z v a s i m a
προσιτή	p ɾ o s i t i
προστάτευσε	p ɾ o s t a t e f s e
προσχώρησε	p ɾ o s x o ɾ i s e
προσωπικοί	p ɾ o s o p i c i
προτιμήστε	p ɾ o t i m i s t e
προφητών	p ɾ o f i t o n
προφυλακτήρα	p ɾ o f i l a k t i ɾ a
προχωρήστε	p ɾ o x o ɾ i s t e
πρωινήσ	p ɾ o i n i s
πρωτεία	p ɾ o t i a
πρωτοεμφανίστηκε	p ɾ o t o e ɱ f a n i s t i c e
πρόβαλε	p ɾ o v a l e
πτωση	p t o s i
πυκνέσ	p i k n e s
πωληθεί	p o l i θ i
πόθουσ	p o θ u s
πόλου	p o l u
ράλλησ	ɾ a l i s
ρίχνεται	ɾ i x n e t e
ραδιενεργά	ɾ a ð i e n e ɾ ɣ a
ριτζ	ɾ i d͡z
ρομαντικοί	ɾ o m a n d i c i
σάμερ	s a m e ɾ
σερβική	s e ɾ v i c i
σημαδέψει	s i m a ð e p s i
σημασίεσ	s i m a s i e s
σκέτα	s c e t a
σκήνωμα	s c i n o m a
σκιέρ	s c e ɾ
σκληρότητασ	s k l i ɾ o t i t a s
σμήνη	z m i n i
σοκαρισμένοσ	s o k a ɾ i z m e n o s
σουέζ	s u e z
σουγιά	s u ʝ a
στήνεται	s t i n e t e
σταματίνα	s t a m a t i n a
στεγνώσουν	s t e ɣ n o s u n
στερλίνεσ	s t e ɾ l i n e s
στεφ	s t e f
στρίψω	s t ɾ i p s o
στραμμένη	s t ɾ a m e n i
στροσ	s t ɾ o s
στρυμόνα	s t ɾ i m o n a
συμβατικών	s i ɱ v a t i k o n
συμβουλεύουν	s i ɱ v u l e v u n
συμμετείχα	s i m e t i x a
συμπληρώσεισ	s i m b l i ɾ o s i s
συμφωνούσαν	s i ɱ f o n u s a n
συνδέσουμε	s i n ð e s u m e
συνθηκολόγηση	s i n θ i k o l o ʝ i s i
συνοδευτικά	s i n o ð e f t i k a
συνοδευόμενο	s i n o ð e v o m e n o
συσσώρευσησ	s i s o ɾ e f s i s
σφακιανάκη	s f a c a n a c i
σχηματίστηκαν	s ç i m a t i s t i k a n
σωματοφύλακασ	s o m a t o f i l a k a s
σύγγραμμα	s i ŋ ɣ r a m a
σύνδρομα	s i n ð ɾ o m a
σώβρακο	s o v ɾ a k o
τάπεσ	t a p e s
τάπητοσ	t a p i t o s
ταε	t a e
τζιτζικώστασ	d͡z i d͡z i k o s t a s
τζολί	d͡z o l i
τζούλιουσ	d͡z u ʎ u s
τηρηθεί	t i ɾ i θ i
τιμούρ	t i m u ɾ
τιτανικού	t i t a n i k u
τιφλίδασ	t i f l i ð a s
τοποθετήσουν	t o p o θ e t i s u n
τουρκοκύπριουσ	t u ɾ k o c i p ɾ i u s
τράκαρε	t ɾ a k a ɾ e
τραγανό	t ɾ a ɣ a n o
τραγουδήσουν	t ɾ a ɣ u ð i s u n
τριλογίασ	t ɾ i l o ʝ i a s
τριχών	t ɾ i x o n
υπέρμαχοι	i p e ɾ m a ç i
υπαλληλων	i p a l i l o n
υπεξαίρεση	i p e k s e ɾ e s i
υπερήρωεσ	i p e ɾ i ɾ o e s
υπερφυσικέσ	i p e ɾ f i s i c e s
υπηρετούσαν	i p i ɾ e t u s a n
υποκριτικό	i p o k ɾ i t i k o
υπολείπονται	i p o l i p o n d e
υποψήφιου	i p o p s i f i u
υπόκρουση	i p o k ɾ u s i
υψώνει	i p s o n i
φάρμασ	f a ɾ m a s
φανταζομαι	f a n d a z o m e
φαρμακα	f a ɾ m a k a
φιλενάδεσ	f i l e n a ð e s
φλεγμονήσ	f l e ɣ m o n i s
φορτισμένο	f o ɾ t i z m e n o
φουσκάλεσ	f u s k a l e s
φροντίζοντασ	f ɾ o n d i z o n d a s
φυλακίσεισ	f i l a c i s i s
φυσιογνωμίεσ	f i s i o ɣ n o m i e s
φώτισε	f o t i s e
χορο	x o ɾ o
χτένα	x t e n a
χωρίσετε	x o ɾ i s e t e
χωρικόσ	x o ɾ i k o s
χόκινσ	x o c i n s
ψαρι	p s a ɾ i
ψιλοκομμένο	p s i l o k o m e n o
ωπ	o p
ωπα	o p a
άπιαστο	a p ç a s t o
άσκοπη	a s k o p i
άσχετεσ	a s ç e t e s
άτυπα	a t i p a
έγκαιρησ	e ŋ ɟ e ɾ i s
έγκατα	e ŋ ɡ a t a
έδεσμα	e ð e z m a
έκλειψησ	e k l i p s i s
ένστικτό	e n s t i k t o
έπλυνα	e p l i n a
έτερον	e t e ɾ o n
αίαντα	e a n d a
αγαπήσουμε	a ɣ a p i s u m e
αθωότητά	a θ o o t i t a
αθώωση	a θ o o s i
αισθησιακή	e s θ i s i a c i
αιφνιδίασε	e f n i ð i a s e
αιχμηρά	e x m i ɾ a
ακολουθιών	a k o l u θ ç o n
αλεξάνδρειο	a l e k s a n ð ɾ i o
αλληλεγγυησ	a l i l e ŋ ɟ i i s
αμαρτωλόσ	a m a ɾ t o l o s
ανάργυροι	a n a ɾ ʝ i ɾ i
ανάρρωσησ	a n a ɾ o s i s
ανάστημά	a n a s t i m a
αναβίωσε	a n a v i o s e
αναγνωστάκησ	a n a ɣ n o s t a c i s
ανακοινώνοντασ	a n a c i n o n o n d a s
ανακοινώσουν	a n a c i n o s u n
αναλύσεων	a n a l i s e o n
ανανεωθεί	a n a n e o θ i
αναστείλει	a n a s t i l i
ανατρέπεται	a n a t ɾ e p e t e
αναφερόμενεσ	a n a f e ɾ o m e n e s
αναφερόμενο	a n a f e ɾ o m e n o
ανεβάζεισ	a n e v a z i s
ανεβάσετε	a n e v a s e t e
ανεπιθύμητο	a n e p i θ i m i t o
ανταλλακτικό	a n d a l a k t i k o
αντιπροσωπευτικά	a n d i p ɾ o s o p e f t i k a
αξιοθαύμαστο	a k s i o θ a v m a s t o
αξιολογεί	a k s i o l o ʝ i
αορτήσ	a o ɾ t i s
απαίσιο	a p e s i o
απείχε	a p i ç e
απελευθερωθούν	a p e l e f θ e ɾ o θ u n
απενεργοποίηση	a p e n e ɾ ɣ o p i i s i
απεχθάνεται	a p e x θ a n e t e
απογειώνεται	a p o ʝ i o n e t e
αποδόσεων	a p o ð o s e o n
αποκαταστήσουμε	a p o k a t a s t i s u m e
αποσπώντασ	a p o s p o n d a s
αποσταλεί	a p o s t a l i
αποτελεσματικότητά	a p o t e l e z m a t i k o t i t a
αποφάνθηκε	a p o f a n θ i c e
απόκρυφα	a p o k ɾ i f a
αρεσκείασ	a ɾ e s c i a s
αρτασ	a ɾ t a s
αρχαιοελληνικό	a ɾ ç e o e l i n i k o
ασημακοπούλου	a s i m a k o p u l u
ασταμάτητη	a s t a m a t i t i
αστυνομικο	a s t i n o m i k o
αυτοέλεγχο	a f t o e l e ŋ x o
αχώριστοι	a x o ɾ i s t i
αϋπνίεσ	a i p n i e s
βαθμο	v a θ m o
βασίλι	v a s i l i
βγαλε	v ɣ a l e
βελγικό	v e l ʝ i k o
βερναρδάκησ	v e ɾ n a ɾ ð a c i s
βλασφημία	v l a s f i m i a
βοτάνων	v o t a n o n
βούλεσ	v u l e s
βούλιαξε	v u ʎ a k s e
βρηκαμε	v ɾ i k a m e
βρισκόμασταν	v ɾ i s k o m a s t a n
βύρωνασ	v i ɾ o n a s
γεματο	ʝ e m a t o
γενναιόδωροσ	ʝ e n e o ð o ɾ o s
γενσ	ʝ e n s
γκρί	ɡ ɾ i
γκόμενόσ	ɡ o m e n o s
γλίτωσαν	ɣ l i t o s a n
γονεων	ɣ o n e o n
γουέν	ɣ u e n
γουστάρουμε	ɣ u s t a ɾ u m e
γραμμαρίων	ɣ ɾ a m a ɾ i o n
γραφόμενα	ɣ ɾ a f o m e n a
δάφνεσ	ð a f n e s
δίνε	ð i n e
δασικά	ð a s i k a
δαχτυλιδιού	ð a x t i l i ð ʝ u
δευτερεύουσεσ	ð e f t e ɾ e v u s e s
δημοσιεύσεων	ð i m o s i e f s e o n
διαβεβαίωση	ð i̯ a v e v e o s i
διαδήλωσησ	ð i̯ a ð i l o s i s
διαδίδουν	ð i̯ a ð i ð u n
διακόπτουν	ð i̯ a k o p t u n
διανέμει	ð i̯ a n e m i
διατροφικό	ð i̯ a t ɾ o f i k o
διετίασ	ð i e t i a s
διευκρινήσεισ	ð i e f k ɾ i n i s i s
δικαιολογήσουν	ð i c e o l o ʝ i s u n
διμερή	ð i m e ɾ i
διοικούν	ð i i k u n
διπλωμάτων	ð i p l o m a t o n
διωγμούσ	ð i o ɣ m u s
δούν	ð u n
δυσαρεστημένοι	ð i s a ɾ e s t i m e n i
δωρίσει	ð o ɾ i s i
εβγαλα	e v ɣ a l a
εδαφικέσ	e ð a f i c e s
εθίμων	e θ i m o n
ειδοποίησαν	i ð o p i i s a n
ειρηνικήσ	i ɾ i n i c i s
εισαστε	i s a s t e
εκα	e k a
εκπαιδευσησ	e k p e ð e f s i s
εκτεθειμένοι	e k t e θ i m e n i
εκτεθούν	e k t e θ u n
ελαφρύτερο	e l a f ɾ i t e ɾ o
ελεονώρασ	e l e o n o ɾ a s
εμιράτων	e m i ɾ a t o n
εμπιστευόταν	e m b i s t e v o t a n
ενεργοποιήστε	e n e ɾ ɣ o p i i s t e
ενεργώντασ	e n e ɾ ɣ o n d a s
ενωθούμε	e n o θ u m e
εξαντλήθηκαν	e k s a n d l i θ i k a n
εξαρθρώθηκε	e k s a ɾ θ ɾ o θ i c e
επακόλουθα	e p a k o l u θ a
επανέλθουμε	e p a n e l θ u m e
επαρκέσ	e p a ɾ c e s
επιδεικτικά	e p i ð i k t i k a
επιεικήσ	e p i i c i s
επικ	e p i k
επισημάνω	e p i s i m a n o
επιτυχημένουσ	e p i t i ç i m e n u s
εποπτεύει	e p o p t e v i
εργάσιμεσ	e ɾ ɣ a s i m e s
ερεύνησε	e ɾ e v n i s e
ερωτασ	e ɾ o t a s
ετοιμα	e t i m a
ετούτη	e t u t i
ευκαρπία	e f k a ɾ p i a
ευρήματά	e v ɾ i m a t a
εφαγα	e f a ɣ a
εφαγε	e f a ʝ e
ζεστη	z e s t i
ζιβάγκο	z i v a ŋ ɡ o
ζώησ	z o i s
ηλεκτρονικα	i l e k t ɾ o n i k a
ηλιου	i ʎ u
ηχεί	i ç i
θάλαμοι	θ a l a m i
θέ	θ e
θέλημά	θ e l i m a
θαύμαζε	θ a v m a z e
θείουσ	θ i u s
θειοσ	θ i o s
θνητόσ	θ n i t o s
ιεροκήρυκασ	i e ɾ o c i ɾ i k a s
ισοδύναμη	i s o ð i n a m i
ισότιμα	i s o t i m a
κάρσον	k a ɾ s o n
καβαλα	k a v a l a
καθημερινών	k a θ i m e ɾ i n o n
καθισμένοσ	k a θ i z m e n o s
καθυστέρησαν	k a θ i s t e ɾ i s a n
κακοποιούσ	k a k o p i u s
καλογερόπουλοσ	k a l o ʝ e ɾ o p u l o s
καμένων	k a m e n o n
καμίνη	k a m i n i
κανάκησ	k a n a c i s
κανάτα	k a n a t a
καπιταλιστέσ	k a p i t a l i s t e s
κατακτητήσ	k a t a k t i t i s
καταλάθοσ	k a t a l a θ o s
κατανοούν	k a t a n o u n
καταπολεμήσει	k a t a p o l e m i s i
κατασκευάζοντασ	k a t a s c e v a z o n d a s
κατεβάζουμε	k a t e v a z u m e
κατευθύνθηκαν	k a t e f θ i n θ i k a n
κατεχάκη	k a t e x a c i
κατορθώματά	k a t o ɾ θ o m a t a
καυτόσ	k a f t o s
κεντήματα	c e n d i m a t a
κεραμεικόσ	c e ɾ a m i k o s
κεσ	c e s
κεφαλογιάννησ	c e f a l o ʝ a n i s
κλάψε	k l a p s e
κλέβετε	k l e v e t e
κλασικούσ	k l a s i k u s
κλασσικών	k l a s i k o n
κοινοβουλευτικών	c i n o v u l e f t i k o n
κοντεύουμε	k o n d e v u m e
κορίνα	k o ɾ i n a
κοραή	k o ɾ a i
κορόνα	k o ɾ o n a
κουβάδεσ	k u v a ð e s
κουβεντα	k u v e n d a
κουκούτσια	k u k u t͡s ç a
κουπονιού	k u p o ɲ u
κριτών	k ɾ i t o n
κρόου	k ɾ o u
κυβερνησησ	c i v e ɾ n i s i s
κυπριακόσ	c i p ɾ i a k o s
κυτταρικό	c i t a ɾ i k o
κωφών	k o f o n
κότασ	k o t a s
λάκτισμα	l a k t i z m a
λάππα	l a p a
λάχανα	l a x a n a
λαμια	l a m ɲ a
λαογραφίασ	l a o ɣ ɾ a f i a s
λαχταριστό	l a x t a ɾ i s t o
λουλουδια	l u l u ð ʝ a
λσ	l s
λυκόφωτοσ	l i k o f o t o s
μάαστριχτ	m a a s t ɾ i x t
μάλα	m a l a
μάραθο	m a ɾ a θ o
μέθησ	m e θ i s
μέντασ	m e n d a s
μαεστρία	m a e s t ɾ i a
μακρύτερο	m a k ɾ i t e ɾ o
μαλακόσ	m a l a k o s
μαλδίβεσ	m a l ð i v e s
μεθώνησ	m e θ o n i s
μεινετε	m i n e t e
μειωμένου	m i o m e n u
μελομακάρονα	m e l o m a k a ɾ o n a
μεταβάλλει	m e t a v a l i
μεταβλητόσ	m e t a v l i t o s
μηχανοκίνητο	m i x a n o c i n i t o
μιλια	m i ʎ a
μισθωτούσ	m i s θ o t u s
μοτοσυκλετών	m o t o s i k l e t o n
μουσαμά	m u s a m a
μπέρτολτ	b e ɾ t o l t
μπαινει	b e n i
μπαταρια	b a t a ɾ ʝ a
μπλοκάκι	b l o k a c i
μπλουζεσ	b l u z e s
νία	n i a
ναζισμόσ	n a z i z m o s
νείλοσ	n i l o s
νεοελληνικού	n e o e l i n i k u
νεολιθική	n e o l i θ i c i
νευριάζει	n e v ɾ i a z i
νευρώνων	n e v ɾ o n o n
νεώτερο	n e o t e ɾ o
νη	n i
νικολαοσ	n i k o l a o s
νομιμοποίησησ	n o m i m o p i i s i s
νομολογία	n o m o l o ʝ i a
ντάνα	d a n a
ντόρισ	d o ɾ i s
νόσων	n o s o n
ξάδερφό	k s a ð e ɾ f o
ξάδερφόσ	k s a ð e ɾ f o s
ξέμεινε	k s e m i n e
ξαπλώνεισ	k s a p l o n i s
ξενώνεσ	k s e n o n e s
ξεπερασμένο	k s e p e ɾ a z m e n o
ξυλάκι	k s i l a c i
ξυπνάτε	k s i p n a t e
ξυπνούσα	k s i p n u s a
οθωμανοί	o θ o m a n i
οινοποιείο	i n o p i i o
ολντ	o l d
ομαλό	o m a l o
ομηρίασ	o m i ɾ i a s
ομόλογό	o m o l o ɣ o
ουσίαν	u s i a n
πά	p a
πάπυρο	p a p i ɾ o
πέσατε	p e s a t e
παγιδευτεί	p a ʝ i ð e f t i
παγώνουν	p a ɣ o n u n
παλαιστίνιοσ	p a l e s t i n i o s
πανεπιστημιακόσ	p a n e p i s t i m i a k o s
παραδέξου	p a ɾ a ð e k s u
παρανομίεσ	p a ɾ a n o m i e s
παρενόχλησησ	p a ɾ e n o x l i s i s
παρεξηγήσει	p a ɾ e k s i ʝ i s i
παρόλη	p a ɾ o l i
πατούλη	p a t u l i
παύουν	p a v u n
πεσμένοσ	p e z m e n o s
πετούσα	p e t u s a
πετρίδη	p e t ɾ i ð i
πλανάται	p l a n a t e
πλησίαζαν	p l i s i a z a n
πολιτισμένο	p o l i t i z m e n o
πορ	p o ɾ
πορίσματα	p o ɾ i z m a t a
πορφυρό	p o ɾ f i ɾ o
ποσοτικήσ	p o s o t i c i s
πούπουλα	p u p u l a
προάγγελοσ	p ɾ o a ŋ ɟ e l o s
προγραμματίζεται	p ɾ o ɣ ɾ a m a t i z e t e
προετοιμασμένη	p ɾ o e t i m a z m e n i
προοδευτικέσ	p ɾ o o ð e f t i c e s
προσβλητική	p ɾ o z v l i t i c i
προσδιορίσουμε	p ɾ o z ð i o ɾ i s u m e
προσκόλληση	p ɾ o s k o l i s i
προσπαθησε	p ɾ o s p a θ i s e
προστατευθεί	p ɾ o s t a t e f θ i
προσφερει	p ɾ o s f e ɾ i
προτεκτοράτο	p ɾ o t e k t o ɾ a t o
πρωτοδικείου	p ɾ o t o ð i c i u
πρόθεσησ	p ɾ o θ e s i s
πτηνό	p t i n o
πυρίτιδασ	p i ɾ i t i ð a s
πυροσβεστήρα	p i ɾ o z v e s t i ɾ a
πόζεσ	p o z e s
ραγίσει	ɾ a ʝ i s i
ρασίντ	ɾ a s i n d
ραφή	ɾ a f i
ρεθυμνο	ɾ e θ i m n o
ρευμα	ɾ e v m a
ριξε	ɾ i k s e
ρουμελιώτησ	ɾ u m e ʎ o t i s
ρυθμιστή	ɾ i θ m i s t i
σέβεστε	s e v e s t e
σαφέστατα	s a f e s t a t a
σηκω	s i k o
σημειωσεισ	s i m i o s i s
σιδηρά	s i ð i ɾ a
σικάγου	s i k a ɣ u
σκαμνί	s k a m n i
σκαρφαλώσει	s k a ɾ f a l o s i
σκελετούσ	s c e l e t u s
σκηνοθετική	s c i n o θ e t i c i
σκοπεύουμε	s k o p e v u m e
σκοπιμότητα	s k o p i m o t i t a
σολωμό	s o l o m o
σοπέν	s o p e n
σουίφτ	s u i f t
στηριζόμενοσ	s t i ɾ i z o m e n o s
στρατοί	s t ɾ a t i
συμβατέσ	s i ɱ v a t e s
συμβουλοσ	s i ɱ v u l o s
συμπαθητικό	s i m b a θ i t i k o
συμφοράσ	s i ɱ f o ɾ a s
συνέθεσε	s i n e θ e s e
συναισθήματοσ	s i n e s θ i m a t o s
συναντηθήκαμε	s i n a n d i θ i k a m e
συναπτά	s i n a p t a
συνειδητοποιήσω	s i n i ð i t o p i i s o
συνεταιρισμούσ	s i n e t e ɾ i z m u s
συνομιλίασ	s i n o m i l i a s
συνομιλεί	s i n o m i l i
συνταξη	s i n d a k s i
σωκράτουσ	s o k ɾ a t u s
σωματικών	s o m a t i k o n
τάισε	t a i s e
τακτοποιήσει	t a k t o p i i s i
ταμ	t a m
τανάγρασ	t a n a ɣ ɾ a s
ταράτσεσ	t a ɾ a t͡s e s
ταραντίνο	t a ɾ a n d i n o
ταυτοποίησησ	t a f t o p i i s i s
ταυτοχρονα	t a f t o x ɾ o n a
τεχνησ	t e x n i s
τεχνοτροπία	t e x n o t ɾ o p i a
τζε	d͡z e
τηγανίτεσ	t i ɣ a n i t e s
τηλεφωνα	t i l e f o n a
τηλεφωνικών	t i l e f o n i k o n
τιράνων	t i ɾ a n o n
τοποσ	t o p o s
τουτο	t u t o
τραβήχτηκαν	t ɾ a v i x t i k a n
τρομακτικόσ	t ɾ o m a k t i k o s
τροχιέσ	t ɾ o ç e s
τρούφα	t ɾ u f a
υα	i a
υγειονομικού	i ʝ i o n o m i k u
υγρόσ	i ɣ ɾ o s
υποθετική	i p o θ e t i c i
υποκίνηση	i p o c i n i s i
υπολογισμών	i p o l o ʝ i z m o n
υπομονετικόσ	i p o m o n e t i k o s
υποστηρίζετε	i p o s t i ɾ i z e t e
υποτιμούν	i p o t i m u n
υποψίασ	i p o p s i a s
φάγανε	f a ɣ a n e
φασαρίεσ	f a s a ɾ i e s
φοβίζουν	f o v i z u n
φορτούνη	f o ɾ t u n i
φρεσκάδασ	f ɾ e s k a ð a s
φτερών	f t e ɾ o n
φυλάξτε	f i l a k s t e
φωκά	f o k a
φωνήεντα	f o n i e n d a
φωτεινότητασ	f o t i n o t i t a s
φωτορεπορτάζ	f o t o ɾ e p o ɾ t a z
χάινριχ	x a i̯ n ɾ i x
χίγκινσ	ç i ŋ ɟ i n s
χαιρόταν	ç e ɾ o t a n
χαλκιδέων	x a l c i ð e o n
χειροτεχνίασ	ç i ɾ o t e x n i a s
χούβερ	x u v e ɾ
χρωματισμό	x ɾ o m a t i z m o
χτέσ	x t e s
χωρίου	x o ɾ i u
χόλαντ	x o l a n d
ψεμματα	p s e m a t a
ψωμι	p s o m i
άνθισε	a n θ i s e
άπλα	a p l a
άτυχοι	a t i ç i
άφραγκοσ	a f ɾ a ŋ ɡ o s
έκπληξή	e k p l i k s i
έλκη	e l c i
έλτον	e l t o n
ένωσαν	e n o s a n
ίδιον	i ð i o n
ίντι	i n d i
ίωση	i o s i
αγγελίδησ	a ŋ ɟ e l i ð i s
αγοράστηκαν	a ɣ o ɾ a s t i k a n
αδικεί	a ð i c i
αδρανήσ	a ð ɾ a n i s
ακατοίκητο	a k a t i c i t o
ακουστικήσ	a k u s t i c i s
ακραίουσ	a k ɾ e u s
αλαφούζου	a l a f u z u
αλεξανδρήσ	a l e k s a n ð ɾ i s
αλλαγησ	a l a ʝ i s
αλλαξα	a l a k s a
αλληγορία	a l i ɣ o ɾ i a
αλμα	a l m a
ανάκρισησ	a n a k ɾ i s i s
ανέπαφο	a n e p a f o
ανέφικτο	a n e f i k t o
αναδημοσίευση	a n a ð i m o s i e f s i
ανακαλύπτοντασ	a n a k a l i p t o n d a s
αναλάβεισ	a n a l a v i s
αναστήλωσησ	a n a s t i l o s i s
ανελκυστήρασ	a n e l c i s t i ɾ a s
αντικειμενικότητα	a n d i c i m e n i k o t i t a
αντικειμενο	a n d i c i m e n o
αντισταθώ	a n d i s t a θ o
αντισυλληπτικά	a n d i s i l i p t i k a
αντράκι	a n d ɾ a c i
αντρέσ	a n d ɾ e s
ανωτάτη	a n o t a t i
ανωτέρασ	a n o t e ɾ a s
ανώδυνο	a n o ð i n o
απέστειλαν	a p e s t i l a n
απανωτέσ	a p a n o t e s
απλούστερη	a p l u s t e ɾ i
αποδεχθούν	a p o ð e x θ u n
αποκάλυπτε	a p o k a l i p t e
αποκλείουν	a p o k l i u n
αποκτάει	a p o k t a i
αποκόλληση	a p o k o l i s i
απονέμει	a p o n e m i
αποσπασματικά	a p o s p a z m a t i k a
αποτρέψουμε	a p o t ɾ e p s u m e
αποτρόπαιο	a p o t ɾ o p e o
απωθεί	a p o θ i
απόκτησή	a p o k t i s i
απόλυτεσ	a p o l i t e s
απόσταξη	a p o s t a k s i
αρτηριών	a ɾ t i ɾ ʝ o n
αρωμα	a ɾ o m a
αστρονομικό	a s t ɾ o n o m i k o
αστυνόμου	a s t i n o m u
αστών	a s t o n
ασύρματοσ	a s i ɾ m a t o s
αυξανόμενησ	a f k s a n o m e n i s
αφγανοί	a f ɣ a n i
αφρικανικήσ	a f ɾ i k a n i c i s
αφόρητα	a f o ɾ i t a
αφύπνισησ	a f i p n i s i s
βάλτερ	v a l t e ɾ
βάρκιζα	v a ɾ c i z a
βέλγοι	v e l ʝ i
βαθμολογικό	v a θ m o l o ʝ i k o
βαθοσ	v a θ o s
βαλτικήσ	v a l t i c i s
βγώ	v ɣ o
βδομαδεσ	v ð o m a ð e s
βιάζουν	v i a z u n
βολταίροσ	v o l t e ɾ o s
βορειοδυτικό	v o ɾ i o ð i t i k o
βουλώσει	v u l o s i
βραβεύτηκαν	v ɾ a v e f t i k a n
βραχίονασ	v ɾ a ç i o n a s
βυσσινί	v i s i n i
γαληνόσ	ɣ a l i n o s
γαλοπούλεσ	ɣ a l o p u l e s
γεωλογική	ʝ e o l o ʝ i c i
γιαννακόπουλο	ʝ a n a k o p u l o
γκρέγκορ	ɡ ɾ e ŋ ɡ o ɾ
γλωσσικών	ɣ l o s i k o n
γουρουνάκια	ɣ u ɾ u n a c a
γρήγορου	ɣ ɾ i ɣ o ɾ u
γραμματικήσ	ɣ ɾ a m a t i c i s
δέρνουν	ð e ɾ n u n
δέσ	ð e s
δέσω	ð e s o
δίδυμων	ð i ð i m o n
δίκαιεσ	ð i c e e s
δίοδοσ	ð i o ð o s
δίου	ð i u
δείπνα	ð i p n a
δεινόσαυροι	ð i n o s a v ɾ i
δημητρη	ð i m i t ɾ i
διάδοχό	ð i̯ a ð o x o
διαβαζω	ð i̯ a v a z o
διαβασε	ð i̯ a v a s e
διαδέχθηκε	ð i̯ a ð e x θ i c e
διαδικτυακού	ð i̯ a ð i k t i a k u
διαζύγιό	ð i̯ a z i ʝ o
διακεκριμένο	ð i̯ a c e k ɾ i m e n o
διακριτή	ð i̯ a k ɾ i t i
διεγερτικό	ð i e ʝ e ɾ t i k o
διεκδικητέσ	ð i e k ð i c i t e s
δικαίωσε	ð i c e o s e
δικαιούχοσ	ð i c e u x o s
δικαστούν	ð i k a s t u n
δισκόφρενα	ð i s k o f ɾ e n a
διψήφιο	ð i p s i f i o
δολοφονικό	ð o l o f o n i k o
δολοφονούν	ð o l o f o n u n
δυναμικότητα	ð i n a m i k o t i t a
δυσκολεύεσαι	ð i s k o l e v e s e
δυσλειτουργίασ	ð i s l i t u ɾ ʝ i a s
δυτ	ð i t
εγγραφη	e ŋ ɣ r a f i
εγκληματολογίασ	e ŋ ɡ l i m a t o l o ʝ i a s
εγκλωβισμένοσ	e ŋ ɡ l o v i z m e n o s
εδαφοσ	e ð a f o s
ειδικη	i ð i c i
ειδικότητά	i ð i k o t i t a
εικαστικό	i k a s t i k o
ειπωθούν	i p o θ u n
ειρηνοδικείο	i ɾ i n o ð i c i o
εισήχθησαν	i s i x θ i s a n
εκδίωξη	e k ð i o k s i
εκε	e c e
εκκαθαριστικά	e k a θ a ɾ i s t i k a
εκκενώθηκε	e c e n o θ i c e
εκφωνητήσ	e k f o n i t i s
ελαφρό	e l a f ɾ o
ελευθερώσουν	e l e f θ e ɾ o s u n
ενδιαφέρονταν	e n ð i̯ a f e ɾ o n d a n
ενεργοποιούνται	e n e ɾ ɣ o p i u n d e
ενοχλημένοσ	e n o x l i m e n o s
εξάγουν	e k s a ɣ u n
εξαίρετοσ	e k s e ɾ e t o s
εξαντλήθηκε	e k s a n d l i θ i c e
εξειδίκευσησ	e k s i ð i c e f s i s
εξειδικευμένων	e k s i ð i c e v m e n o n
εξεταστικό	e k s e t a s t i k o
εξουδετερώνει	e k s u ð e t e ɾ o n i
επέμεναν	e p e m e n a n
επίδαυροσ	e p i ð a v ɾ o s
επίθετό	e p i θ e t o
επαναστατικών	e p a n a s t a t i k o n
επιθετικότητασ	e p i θ e t i k o t i t a s
επιρρεπείσ	e p i ɾ e p i s
επιτελεί	e p i t e l i
επιτροπησ	e p i t ɾ o p i s
επιφανεια	e p i f a n i a
επώνυμεσ	e p o n i m e s
ερευνάται	e ɾ e v n a t e
εταιρικά	e t e ɾ i k a
ετη	e t i
ευαγγελιστήσ	e v a ŋ ɟ e l i s t i s
ευρωβουλευτών	e v ɾ o v u l e f t o n
ευχάριστοσ	e f x a ɾ i s t o s
εφίδρωση	e f i ð ɾ o s i
εφεδρική	e f e ð ɾ i c i
εφορείασ	e f o ɾ i a s
ζηλιάρα	z i ʎ a ɾ a
ηα	i a
ηγετικά	i ʝ e t i k a
ηθικοί	i θ i c i
ησυχάσω	i s i x a s o
ητανε	i t a n e
ηφαιστειακή	i f e s t i a c i
θεμιστοκλέουσ	θ e m i s t o k l e u s
θεράπευσε	θ e ɾ a p e f s e
θεραπευτέσ	θ e ɾ a p e f t e s
θηλέσ	θ i l e s
θλιβερέσ	θ l i v e ɾ e s
ιατρείου	i a t ɾ i u
ιδιωτικοποιήσεων	i ð i o t i k o p i i s e o n
ιερογλυφικά	i e ɾ o ɣ l i f i k a
ιεροτελεστία	i e ɾ o t e l e s t i a
ικανών	i k a n o n
ισμαήλ	i z m a i l
ισορροπημένο	i s o ɾ o p i m e n o
ιφ	i f
καθετήρα	k a θ e t i ɾ a
καθολικούσ	k a θ o l i k u s
καθορισμένεσ	k a θ o ɾ i z m e n e s
κακλαμάνησ	k a k l a m a n i s
κακοσ	k a k o s
καλπάζει	k a l p a z i
καλωσόρισεσ	k a l o s o ɾ i s e s
καμαρώνει	k a m a ɾ o n i
καρατίων	k a ɾ a t i o n
κασμίρ	k a z m i ɾ
κατέθεσα	k a t e θ e s a
κατανέμεται	k a t a n e m e t e
κατανοητά	k a t a n o i t a
καταργώντασ	k a t a ɾ ɣ o n d a s
κατασκευάστρια	k a t a s c e v a s t ɾ i a
κατευθυνθεί	k a t e f θ i n θ i
κατώτερησ	k a t o t e ɾ i s
κεδ	c e ð
κειμήλιο	c i m i l i o
κεφαλογιάννη	c e f a l o ʝ a n i
κιλκισ	c i l c i s
κινούμενοσ	c i n u m e n o s
κληρίδησ	k l i ɾ i ð i s
κλιματιστικά	k l i m a t i s t i k a
κολλημένοι	k o l i m e n i
κομ	k o m
κουφό	k u f o
κρίκοι	k ɾ i c i
κροάτεσ	k ɾ o a t e s
κυδωνίασ	c i ð o n i a s
κυκλικήσ	c i k l i c i s
κυνηγετική	c i n i ʝ e t i c i
κύκνειο	c i k n i o
λέοντασ	l e o n d a s
λίγκ	l i ŋ ɡ
λαρισασ	l a ɾ i s a s
λιθουανίασ	l i θ u a n i a s
λιπίδια	l i p i ð ʝ a
λιτά	l i t a
λιχουδιέσ	l i x u ð ʝ e s
λουκρητία	l u k ɾ i t i a
λούβρο	l u v ɾ o
λόου	l o u
μάθιουσ	m a θ ç u s
μάξιμο	m a k s i m o
μάστερσ	m a s t e ɾ s
μαγεύει	m a ʝ e v i
μαθε	m a θ e
μακρινούσ	m a k ɾ i n u s
μαριάνο	m a ɾ ʝ a n o
μαρκαδόρο	m a ɾ k a ð o ɾ o
μείνανε	m i n a n e
μεζέ	m e z e
μειονεκτική	m i o n e k t i c i
μεσογειακού	m e s o ʝ i a k u
μηδεν	m i ð e n
μνημόσυνα	m n i m o s i n a
μονομάχοσ	m o n o m a x o s
μουστάκασ	m u s t a k a s
μπέλλου	b e l u
μπαράκια	b a ɾ a c a
μπερδεύεται	b e ɾ ð e v e t e
μπερτ	b e ɾ t
μπριζ	b ɾ i z
νεκρική	n e k ɾ i c i
νεοφιλελευθερισμού	n e o f i l e l e f θ e ɾ i z m u
νεφρικήσ	n e f ɾ i c i s
νοήματοσ	n o i m a t o s
νομάδεσ	n o m a ð e s
νομουσ	n o m u s
ντύνομαι	d i n o m e
ξεσηκώθηκαν	k s e s i k o θ i k a n
ξεσηκώνει	k s e s i k o n i
ξεφορτωθούμε	k s e f o ɾ t o θ u m e
ξεχείλισε	k s e ç i l i s e
ξυλούρησ	k s i l u ɾ i s
οδηγήσεισ	o ð i ʝ i s i s
οικονομίδησ	i k o n o m i ð i s
οικοσυστήματοσ	i k o s i s t i m a t o s
οπλισμένουσ	o p l i z m e n u s
οργανωμένησ	o ɾ ɣ a n o m e n i s
οργανωτήσ	o ɾ ɣ a n o t i s
ορεινόσ	o ɾ i n o s
οσία	o s i a
ουρλιαχτό	u ɾ ʎ a x t o
ουσιώδη	u s i o ð i
πάσει	p a s i
πάτρια	p a t ɾ i a
πέσανε	p e s a n e
παθολογίασ	p a θ o l o ʝ i a s
παθολόγοσ	p a θ o l o ɣ o s
παντοτινά	p a n d o t i n a
παξιμάδια	p a k s i m a ð ʝ a
παράκαμψησ	p a ɾ a k a m p s i s
παραβίασαν	p a ɾ a v i a s a n
παραγόμενο	p a ɾ a ɣ o m e n o
παραλάβουν	p a ɾ a l a v u n
παραλαβήσ	p a ɾ a l a v i s
παραπλανητική	p a ɾ a p l a n i t i c i
παρατείνει	p a ɾ a t i n i
παρεπιπτόντωσ	p a ɾ e p i p t o n d o s
παρηγοριάσ	p a ɾ i ɣ o ɾ ʝ a s
παροικίασ	p a ɾ i c i a s
παρουσιαστικό	p a ɾ u s i a s t i k o
παυσανίασ	p a f s a n i a s
πείσετε	p i s e t e
πεινάτε	p i n a t e
πενθεί	p e n θ i
πεποίθησή	p e p i θ i s i
περίπτωσησ	p e ɾ i p t o s i s
πηδιέται	p i ð ʝ e t e
πιασει	p ç a s i
πλάτανοσ	p l a t a n o s
πληρωμάτων	p l i ɾ o m a t o n
πλωτά	p l o t a
πνευματικούσ	p n e v m a t i k u s
πνιγμένοσ	p n i ɣ m e n o s
πολυπλοκότητασ	p o l i p l o k o t i t a s
ποντιακά	p o n d i a k a
ποσ	p o s
πούν	p u n
πραγματεία	p ɾ a ɣ m a t i a
πραγματικο	p ɾ a ɣ m a t i k o
προέβλεπαν	p ɾ o e v l e p a n
προγραμματική	p ɾ o ɣ ɾ a m a t i c i
προηγμένα	p ɾ o i ɣ m e n a
προηγμένεσ	p ɾ o i ɣ m e n e s
προκοπίου	p ɾ o k o p i u
προσβασιμότητασ	p ɾ o z v a s i m o t i t a s
προσωπογραφία	p ɾ o s o p o ɣ ɾ a f i a
ράβδοι	ɾ a v ð i
ράσο	ɾ a s o
ρίβερσ	ɾ i v e ɾ s
ροη	ɾ o i
ρομαντικού	ɾ o m a n d i k u
ρωμη	ɾ o m i
ρώμασ	ɾ o m a s
σάλεμ	s a l e m
σάλοσ	s a l o s
σίμονσ	s i m o n s
σαπίλα	s a p i l a
σεβαστόσ	s e v a s t o s
σεροτονίνησ	s e ɾ o t o n i n i s
σηκώνουμε	s i k o n u m e
σημαντικη	s i m a n d i c i
σηράγγων	s i ɾ a ŋ ɡ o n
σκηνικού	s c i n i k u
σκηνοθετών	s c i n o θ e t o n
σκο	s k o
σκούφο	s k u f o
σοβαρο	s o v a ɾ o
σοβαρότητασ	s o v a ɾ o t i t a s
σουκ	s u k
σοφούσ	s o f u s
σούλησ	s u l i s
σπατάλεσ	s p a t a l e s
σταγονίδια	s t a ɣ o n i ð ʝ a
στεφάν	s t e f a n
στούαρτ	s t u a ɾ t
στρατώνεσ	s t ɾ a t o n e s
στόπερ	s t o p e ɾ
συγκάτοικοι	s i ŋ ɡ a t i c i
συγκεντρωμένο	s i ŋ ɟ e n d ɾ o m e n o
συγκεντρωτική	s i ŋ ɟ e n d ɾ o t i c i
συγκινήσει	s i ŋ ɟ i n i s i
συμβατά	s i ɱ v a t a
συμπεριληφθούν	s i m b e ɾ i l i f θ u n
συμπληρώστε	s i m b l i ɾ o s t e
συμπρωτεύουσα	s i m b ɾ o t e v u s a
συνάθροιση	s i n a θ ɾ i s i
συνδέονταν	s i n ð e o n d a n
συνδρομέσ	s i n ð ɾ o m e s
συνειδητοποίησαν	s i n i ð i t o p i i s a n
συνεισφορέσ	s i n i s f o ɾ e s
συνεργούσ	s i n e ɾ ɣ u s
συνιστούσα	s i n i s t u s a
συντηρητικού	s i n d i ɾ i t i k u
συσσίτιο	s i s i t i o
συστημική	s i s t i m i c i
τήρησησ	t i ɾ i s i s
ταλάντωσησ	t a l a n d o s i s
ταμάρα	t a m a ɾ a
ταπεινοφροσύνη	t a p i n o f ɾ o s i n i
ταρώ	t a ɾ o
τερμα	t e ɾ m a
τεστοστερόνησ	t e s t o s t e ɾ o n i s
τζακάρτα	d͡z a k a ɾ t a
τηλεσκόπια	t i l e s k o p ç a
τοκογλύφων	t o k o ɣ l i f o n
τράγο	t ɾ a ɣ o
τραγουδίστριεσ	t ɾ a ɣ u ð i s t ɾ i e s
τρελαίνεται	t ɾ e l e n e t e
τριαντάφυλλου	t ɾ i a n d a f i l u
τρυπα	t ɾ i p a
τσίμπα	t͡s i m b a
τυλιγμένα	t i l i ɣ m e n a
τυφλού	t i f l u
τόλμησεσ	t o l m i s e s
τόσων	t o s o n
υπαρξει	i p a ɾ k s i
υποβρυχίου	i p o v ɾ i ç i u
υποθέσει	i p o θ e s i
υποκρίνεται	i p o k ɾ i n e t e
υπολογίζετε	i p o l o ʝ i z e t e
υποστηρίζουμε	i p o s t i ɾ i z u m e
υποσχόμαστε	i p o s x o m a s t e
υποχρεούται	i p o x ɾ e u t e
υπόκλιση	i p o k l i s i
υπόλειμμα	i p o l i m a
υπόνοια	i p o n i a
φάμπιο	f a m b i o
φέτασ	f e t a s
φαραντούρη	f a ɾ a n d u ɾ i
φενέρ	f e n e ɾ
φερόμενοσ	f e ɾ o m e n o s
φιλελεύθερεσ	f i l e l e f θ e ɾ e s
φιλοδοξεί	f i l o ð o k s i
φιλοξένησαν	f i l o k s e n i s a n
φιλοξενηθεί	f i l o k s e n i θ i
φονικά	f o n i k a
φρουρό	f ɾ u ɾ o
φτιαξω	f t ç a k s o
φτύνεισ	f t i n i s
φυλακισμένη	f i l a c i z m e n i
φυτώριο	f i t o ɾ i o
φωνητικήσ	f o n i t i c i s
φωτοτυπικό	f o t o t i p i k o
χάιντι	x a i̯ d i
χάου	x a u
χαζούσ	x a z u s
χαιρετισμοί	ç e ɾ e t i z m i
χαλίλ	x a l i l
χαλαρώνεισ	x a l a ɾ o n i s
χαμογελάτε	x a m o ʝ e l a t e
χαρακτηρισμοί	x a ɾ a k t i ɾ i z m i
χειμερινέσ	ç i m e ɾ i n e s
χειροτερα	ç i ɾ o t e ɾ a
χλωρίου	x l o ɾ i u
χοακίν	x o a c i n
χολαργό	x o l a ɾ ɣ o
χοντροί	x o n d ɾ i
χορευτή	x o ɾ e f t i
χορωδίεσ	x o ɾ o ð i e s
χρυσάνθη	x ɾ i s a n θ i
χρυσαφικά	x ɾ i s a f i k a
χυλό	ç i l o
χωρίστηκε	x o ɾ i s t i c e
ψήφιζαν	p s i f i z a n
ψυρρή	p s i ɾ i
ψωμιάδησ	p s o m ɲ a ð i s
ωθήσει	o θ i s i
όπερεσ	o p e ɾ e s
όψεωσ	o p s e o s
ἐστι	e s t i
άνθρωποί	a n θ ɾ o p i
άρθρωσησ	a ɾ θ ɾ o s i s
άφαντοσ	a f a n d o s
έλινορ	e l i n o ɾ
έντμουντ	e n d m u n d
έσπρωξαν	e s p ɾ o k s a n
έφτανα	e f t a n a
αγνοούσε	a ɣ n o u s e
αγνότητασ	a ɣ n o t i t a s
αδερφοσ	a ð e ɾ f o s
αδρά	a ð ɾ a
αετούσ	a e t u s
αιμάτωμα	e m a t o m a
αιματοσ	e m a t o s
αιτημάτων	e t i m a t o n
αιωρούνται	e o ɾ u n d e
ακτη	a k t i
ακτοφυλακήσ	a k t o f i l a c i s
ακυρώνονται	a c i ɾ o n o n d e
αλα	a l a
αλβανικού	a l v a n i k u
αλεξιπτωτιστέσ	a l e k s i p t o t i s t e s
αλκή	a l c i
αλκιβιάδη	a l c i v i a ð i
αλλαζει	a l a z i
αλλοδαπού	a l o ð a p u
αμινοξύ	a m i n o k s i
αμμώδη	a m o ð i
ανέκτησε	a n e k t i s e
αναγγέλλει	a n a ŋ ɟ e l i
αναδιοργάνωσησ	a n a ð i o ɾ ɣ a n o s i s
ανακάμπτει	a n a k a m p t i
αναλυθεί	a n a l i θ i
αναλύονται	a n a l i o n d e
αναμιχθεί	a n a m i x θ i
αναπνέετε	a n a p n e e t e
ανατρεπτικό	a n a t ɾ e p t i k o
αναφερει	a n a f e ɾ i
ανετα	a n e t a
ανεύθυνοσ	a n e f θ i n o s
ανθρώπινοι	a n θ ɾ o p i n i
ανοιχτη	a n i x t i
αντάλλαξε	a n d a l a k s e
ανταλλαγών	a n d a l a ɣ o n
αντιδρούσε	a n d i ð ɾ u s e
αντιμετωπίσαμε	a n d i m e t o p i s a m e
αντισταθούμε	a n d i s t a θ u m e
απάντησησ	a p a n d i s i s
απατούν	a p a t u n
αποβληθεί	a p o v l i θ i
αποδειξεισ	a p o ð i k s i s
αποδοκιμασίεσ	a p o ð o c i m a s i e s
αποδοτικό	a p o ð o t i k o
αποκλιμάκωση	a p o k l i m a k o s i
αποτρέποντασ	a p o t ɾ e p o n d a s
αποτρέπουν	a p o t ɾ e p u n
αποτυχημένοι	a p o t i ç i m e n i
απόσβεση	a p o z v e s i
απόσταγμα	a p o s t a ɣ m a
αραιέσ	a ɾ e e s
αρθρογραφία	a ɾ θ ɾ o ɣ ɾ a f i a
αριστερο	a ɾ i s t e ɾ o
αρκάσ	a ɾ k a s
αρνηθείσ	a ɾ n i θ i s
αρνιά	a ɾ ɲ a
αρχιτεκτονικών	a ɾ ç i t e k t o n i k o n
ασύστολα	a s i s t o l a
αυτοκρατόρων	a f t o k ɾ a t o ɾ o n
αυτόματου	a f t o m a t u
αφαιρούν	a f e ɾ u n
αφαλό	a f a l o
αύξουσα	a f k s u s a
βάδισμα	v a ð i z m a
βάθρου	v a θ ɾ u
βάλτοσ	v a l t o s
βάπτισησ	v a p t i s i s
βίαιων	v i e o n
βίκου	v i k u
βαλουμε	v a l u m e
βαρίδια	v a ɾ i ð ʝ a
βαραίνουν	v a ɾ e n u n
βασανίστηκε	v a s a n i s t i c e
βασιλισσα	v a s i l i s a
βατόμουρο	v a t o m u ɾ o
βδομάδασ	v ð o m a ð a s
βεροίασ	v e ɾ i a s
βιβλικέσ	v i v l i c e s
βιβλιοθηκη	v i v l i o θ i c i
βιολιά	v i o ʎ a
βυθίζει	v i θ i z i
γέμισμα	ʝ e m i z m a
γελούσε	ʝ e l u s e
γιαλόσ	ʝ a l o s
γινόσουν	ʝ i n o s u n
γιόρταζαν	ʝ o ɾ t a z a n
γκαντ	ɡ a n d
γκουαντάναμο	ɡ u a n d a n a m o
γνωμάτευση	ɣ n o m a t e f s i
γνωστη	ɣ n o s t i
γνώστεσ	ɣ n o s t e s
γουάνγκ	ɣ u a ŋ ɡ
γυνή	ʝ i n i
γυρισμένη	ʝ i ɾ i z m e n i
γόνιμο	ɣ o n i m o
δαφνί	ð a f n i
δειξει	ð i k s i
δεκαπενθήμερο	ð e k a p e n θ i m e ɾ o
δημοσιοποίησε	ð i m o s i o p i i s e
διαβεβαιώνει	ð i̯ a v e v e o n i
διακεκριμένων	ð i̯ a c e k ɾ i m e n o n
διαπραγματευόμαστε	ð i̯ a p ɾ a ɣ m a t e v o m a s t e
διατροφολόγοσ	ð i̯ a t ɾ o f o l o ɣ o s
διδαχθεί	ð i ð a x θ i
διεφθαρμένοσ	ð i e f θ a ɾ m e n o s
διμοιρίεσ	ð i m i ɾ i e s
δρομολόγηση	ð ɾ o m o l o ʝ i s i
δροσερέσ	ð ɾ o s e ɾ e s
δυσκολεύουν	ð i s k o l e v u n
εβεα	e v e a
εθν	e θ n
ειδοποιεί	i ð o p i i
εικαστικά	i k a s t i k a
εικονίδιο	i k o n i ð i o
εκλογικούσ	e k l o ʝ i k u s
εκνευρισμό	e k n e v ɾ i z m o
εκπλήσσομαι	e k p l i s o m e
εκτελούσαν	e k t e l u s a n
εκτοξεύθηκε	e k t o k s e f θ i c e
ελληνοκυπριακή	e l i n o c i p ɾ i a c i
εμβληματικό	e ɱ v l i m a t i k o
εμπειρικά	e m b i ɾ i k a
ενεργοποίησε	e n e ɾ ɣ o p i i s e
ενστικτωδώσ	e n s t i k t o ð o s
ενσωματωμένεσ	e n s o m a t o m e n e s
εντεύθεν	e n d e f θ e n
εντι	e n d i
εντόμου	e n d o m u
εντύπου	e n d i p u
εξέρχεται	e k s e ɾ ç e t e
εξαπλώνονται	e k s a p l o n o n d e
εξετάσετε	e k s e t a s e t e
εξετάστηκε	e k s e t a s t i c e
επαγγελίασ	e p a ŋ ɟ e l i a s
επαναλαμβάνοντασ	e p a n a l a ɱ v a n o n d a s
επιβλέπων	e p i v l e p o n
επιλεχθεί	e p i l e x θ i
επιρρεπήσ	e p i ɾ e p i s
επιτάχυνε	e p i t a ç i n e
επιτρέποντάσ	e p i t ɾ e p o n d a s
επιτρεπτό	e p i t ɾ e p t o
επούλωση	e p u l o s i
ερασιτεχνικήσ	e ɾ a s i t e x n i c i s
ετοιμάζεισ	e t i m a z i s
ευαισθητοποίησησ	e v e s θ i t o p i i s i s
εφοσον	e f o s o n
ζουμερά	z u m e ɾ a
ηγήθηκε	i ʝ i θ i c e
ηλεκτρονικο	i l e k t ɾ o n i k o
ημιτελικούσ	i m i t e l i k u s
θαλάσσιοσ	θ a l a s i o s
θαλήσ	θ a l i s
θανατικήσ	θ a n a t i c i s
θαυμα	θ a v m a
θαυματουργόσ	θ a v m a t u ɾ ɣ o s
θεσησ	θ e s i s
θητείεσ	θ i t i e s
θολούρα	θ o l u ɾ a
θρέψει	θ ɾ e p s i
θριαμβευτική	θ ɾ i a ɱ v e f t i c i
θυμηθούν	θ i m i θ u n
ιδιότυπο	i ð i o t i p o
ιθ	i θ
ιουδαίοι	i u ð e i
ισοπαλίασ	i s o p a l i a s
ιωνάσ	i o n a s
κάπριο	k a p ɾ i o
κίτρινου	c i t ɾ i n u
καβούκι	k a v u c i
καινούριουσ	c e n u ɾ ʝ u s
καλοχώρι	k a l o x o ɾ i
καλυψη	k a l i p s i
καμάρασ	k a m a ɾ a s
καρέτα	k a ɾ e t a
καρυκεύματα	k a ɾ i c e v m a t a
καστανιέσ	k a s t a ɲ e s
κατέστρεφε	k a t e s t ɾ e f e
κατακόμβεσ	k a t a k o ɱ v e s
κατασκόπων	k a t a s k o p o n
κατεβαίνοντασ	k a t e v e n o n d a s
κατώτατου	k a t o t a t u
κελιού	c e ʎ u
κεράσει	c e ɾ a s i
κινεζικών	c i n e z i k o n
κινητοποίησησ	c i n i t o p i i s i s
κλασσικού	k l a s i k u
κολλάμε	k o l a m e
κολλήσουμε	k o l i s u m e
κολλημένα	k o l i m e n a
κολπο	k o l p o
κονδύλησ	k o n ð i l i s
κοριούσ	k o ɾ ʝ u s
κουάλα	k u a l a
κουίνσι	k u i n s i
κουνηθώ	k u n i θ o
κουράζεται	k u ɾ a z e t e
κουρτ	k u ɾ t
κρατιδίου	k ɾ a t i ð i u
κρεασ	k ɾ e a s
κωνσταντίνασ	k o n s t a n d i n a s
λέγονταν	l e ɣ o n d a n
λαιμο	l e m o
λατρέψει	l a t ɾ e p s i
λεβαδέων	l e v a ð e o n
λεπτομερέσ	l e p t o m e ɾ e s
λοβό	l o v o
λογοτέχνησ	l o ɣ o t e x n i s
λογοτεχνικών	l o ɣ o t e x n i k o n
λουντ	l u n d
λωζάννησ	l o z a n i s
μάζεμα	m a z e m a
μάρβιν	m a ɾ v i n
μέθυσα	m e θ i s a
μαγειρεμένα	m a ʝ i ɾ e m e n a
μαγειρεμένο	m a ʝ i ɾ e m e n o
μαιρη	m e ɾ i
μαντινάδεσ	m a n d i n a ð e s
μασίφ	m a s i f
μασκα	m a s k a
μαυρίλα	m a v ɾ i l a
μεγαλύτερό	m e ɣ a l i t e ɾ o
μεζέδεσ	m e z e ð e s
μελέτησαν	m e l e t i s a n
μερικουσ	m e ɾ i k u s
μεσοποταμία	m e s o p o t a m i a
μεταγενέστερεσ	m e t a ʝ e n e s t e ɾ e s
μετακινήθηκαν	m e t a c i n i θ i k a n
μεταμφίεση	m e t a ɱ f i e s i
μεταμόρφωσε	m e t a m o ɾ f o s e
μεταφέρεισ	m e t a f e ɾ i s
μεταφορέασ	m e t a f o ɾ e a s
μοσούλησ	m o s u l i s
μοσχαράκι	m o s x a ɾ a c i
μπάνι	b a n i
μπέντφορντ	b e n d f o ɾ d
μπίσοπ	b i s o p
μπαινοβγαίνει	b e n o v ʝ e n i
μπαλιά	b a ʎ a
μπαρόζο	b a ɾ o z o
μπλαν	b l a n
μπρίτζετ	b ɾ i d͡z e t
μπρεντ	b ɾ e n d
μυκήτων	m i c i t o n
νικήσω	n i c i s o
νοτίωσ	n o t i o s
ντίβα	d i v a
ντραφτ	d ɾ a f t
νυχτερινού	n i x t e ɾ i n u
ξαναγυρίσει	k s a n a ʝ i ɾ i s i
ξεκαρδιστική	k s e k a ɾ ð i s t i c i
ξερνάει	k s e ɾ n a i
οικογενειακούσ	i k o ʝ e n i a k u s
οικοδομικών	i k o ð o m i k o n
οικοδομών	i k o ð o m o n
ολοκληρώσεισ	o l o k l i ɾ o s i s
ομαδικήσ	o m a ð i c i s
ομαδικών	o m a ð i k o n
ομηρικά	o m i ɾ i k a
ομοϊδεάτεσ	o m o i̯ ð e a t e s
ομώνυμησ	o m o n i m i s
ονειρικό	o n i ɾ i k o
οντάριο	o n d a ɾ i o
ουέστ	u e s t
πάγκαλο	p a ŋ ɡ a l o
πάκο	p a k o
πέλματα	p e l m a t a
παιξει	p e k s i
παράλληλου	p a ɾ a l i l u
παραγωγικούσ	p a ɾ a ɣ o ʝ i k u s
παραπέμπεται	p a ɾ a p e m b e t e
παραπληροφόρησησ	p a ɾ a p l i ɾ o f o ɾ i s i s
παραχωρείται	p a ɾ a x o ɾ i t e
παρενθέσεισ	p a ɾ e n θ e s i s
παρουσιάσθηκε	p a ɾ u s i a s θ i c e
πασχίζει	p a s ç i z i
παυλίνα	p a v l i n a
πειραματίζεται	p i ɾ a m a t i z e t e
πελ	p e l
περιηγητή	p e ɾ i i ʝ i t i
περιθωρίου	p e ɾ i θ o ɾ i u
περιπάτουσ	p e ɾ i p a t u s
περισυλλογήσ	p e ɾ i s i l o ʝ i s
πεφτει	p e f t i
πιθανολογείται	p i θ a n o l o ʝ i t e
πιστωτών	p i s t o t o n
πλήκτρων	p l i k t ɾ o n
πλη	p l i
πληρέστερη	p l i ɾ e s t e ɾ i
πληροφοριακών	p l i ɾ o f o ɾ i a k o n
ποιητικού	p i i t i k u
ποιοτητασ	p i o t i t a s
πολικέσ	p o l i c e s
πολυτελήσ	p o l i t e l i s
προαναφερθείσα	p ɾ o a n a f e ɾ θ i s a
προεκλογικό	p ɾ o e k l o ʝ i k o
προσδώσει	p ɾ o z ð o s i
προστατευόμενεσ	p ɾ o s t a t e v o m e n e s
προσόντων	p ɾ o s o n d o n
προχωρήσω	p ɾ o x o ɾ i s o
πρωτοτύπου	p ɾ o t o t i p u
πρωτόγονο	p ɾ o t o ɣ o n o
ρισκάρουμε	ɾ i s k a ɾ u m e
ροδου	ɾ o ð u
ρώτησεσ	ɾ o t i s e s
σαβάνα	s a v a n a
σαπφώ	s a p f o
σαρωτή	s a ɾ o t i
σεσίλ	s e s i l
σημαντικότατο	s i m a n d i k o t a t o
σηματοδοτούν	s i m a t o ð o t u n
σκήτη	s c i t i
σκίμπε	s c i m b e
σκελετοί	s c e l e t i
σκεπτικισμό	s c e p t i c i z m o
σμυρνησ	z m i ɾ n i s
σπέρνει	s p e ɾ n i
στέκονταν	s t e k o n d a n
σταθείτε	s t a θ i t e
σταθμο	s t a θ m o
στεάουα	s t e a u a
στραβή	s t ɾ a v i
στρατάρχησ	s t ɾ a t a ɾ ç i s
συγκοινωνίασ	s i ŋ ɟ i n o n i a s
συλλογικότητα	s i l o ʝ i k o t i t a
συλλυπητήριά	s i l i p i t i ɾ ʝ a
συμπεριφερόμαστε	s i m b e ɾ i f e ɾ o m a s t e
συμπολίτη	s i m b o l i t i
συμπόρευση	s i m b o ɾ e f s i
συνεταιριστική	s i n e t e ɾ i s t i c i
συνηθίσεισ	s i n i θ i s i s
συνομωσίασ	s i n o m o s i a s
συστηματοσ	s i s t i m a t o s
σχετικοί	s ç e t i c i
σχετικότητα	s ç e t i k o t i t a
σχισμέσ	s ç i z m e s
σύριοι	s i ɾ i i
τάρα	t a ɾ a
τάρταρα	t a ɾ t a ɾ a
τάφων	t a f o n
τανγκό	t a ŋ ɡ o
τασία	t a s i a
τεκ	t e k
τεχνίτη	t e x n i t i
τζόκινγκ	d͡z o c i ŋ ɡ
τηλεθεατών	t i l e θ e a t o n
τηλεοπτικοί	t i l e o p t i c i
τηλεφωνητή	t i l e f o n i t i
τιμητικέσ	t i m i t i c e s
τιμοκατάλογοσ	t i m o k a t a l o ɣ o s
τμήματά	t m i m a t a
τοση	t o s i
τραπεζικοί	t ɾ a p e z i c i
τραπεζιτών	t ɾ a p e z i t o n
τραχιά	t ɾ a ç a
τρεκ	t ɾ e k
τρισάγιο	t ɾ i s a ʝ i o
τροπάριο	t ɾ o p a ɾ i o
τσιγγάνοι	t͡s i ŋ ɡ a n i
υπα	i p a
υπερχείλιση	i p e ɾ ç i l i s i
υποβιβάστηκε	i p o v i v a s t i c e
υποδοχέων	i p o ð o ç e o n
υποστηρίξουμε	i p o s t i ɾ i k s u m e
υποχώρησησ	i p o x o ɾ i s i s
υπόγειου	i p o ʝ i u
υφάκι	i f a c i
υψώματα	i p s o m a t a
φάλαγγασ	f a l a ŋ ɡ a s
φαμε	f a m e
φανέλασ	f a n e l a s
φανατικά	f a n a t i k a
φανερωμένη	f a n e ɾ o m e n i
φαντάροσ	f a n d a ɾ o s
φεράρι	f e ɾ a ɾ i
φιλοξενούμενοι	f i l o k s e n u m e n i
φιλόθεοσ	f i l o θ e o s
φοβούμενοσ	f o v u m e n o s
φοβόντουσαν	f o v o n d u s a n
φουκουσίμα	f u k u s i m a
φράουλασ	f ɾ a u l a s
φτωχού	f t o x u
φωτιάδησ	f o t ç a ð i s
φώτοσ	f o t o s
χάμοντ	x a m o n d
χέζεισ	ç e z i s
χήνεσ	ç i n e s
χαλαρώνουν	x a l a ɾ o n u n
χαπιών	x a p ç o n
χαρηκα	x a ɾ i k a
χείρασ	ç i ɾ a s
χιτλερ	ç i t l e ɾ
χρεώνεται	x ɾ e o n e t e
χρησιμοποιούσα	x ɾ i s i m o p i u s a
χρωματικό	x ɾ o m a t i k o
ψαχνό	p s a x n o
ψευτο	p s e f t o
ωρωπού	o ɾ o p u
όλι	o l i
όλσεν	o l s e n
όρεξή	o ɾ e k s i
άγγελε	a ŋ ɟ e l e
άγριουσ	a ɣ ɾ i u s
άδοξα	a ð o k s a
άθλο	a θ l o
άναμμα	a n a m a
άνεργο	a n e ɾ ɣ o
άντλησησ	a n d l i s i s
άπιστοι	a p i s t i
άριστοι	a ɾ i s t i
έδερνε	e ð e ɾ n e
έσσεξ	e s e k s
ίσησ	i s i s
αγγελάκη	a ŋ ɟ e l a c i
αγγελή	a ŋ ɟ e l i
αγορεσ	a ɣ o ɾ e s
αγωνίσματοσ	a ɣ o n i z m a t o s
αγωνιστικόσ	a ɣ o n i s t i k o s
αδίστακτη	a ð i s t a k t i
αδελφοσ	a ð e l f o s
αεροπλανοφόρα	a e ɾ o p l a n o f o ɾ a
αιγυπτίων	e ʝ i p t i o n
αιρ	e ɾ
ακτιβιστή	a k t i v i s t i
αλκίνοοσ	a l c i n o o s
αμφότερα	a ɱ f o t e ɾ a
ανάγκαζε	a n a ŋ ɡ a z e
ανάγλυφη	a n a ɣ l i f i
αναβαθμίζεται	a n a v a θ m i z e t e
αναθυμιάσεισ	a n a θ i m ɲ a s i s
αναισθητικό	a n e s θ i t i k o
ανακοινώσουμε	a n a c i n o s u m e
αναποτελεσματική	a n a p o t e l e z m a t i c i
αναρχίασ	a n a ɾ ç i a s
αναστάσησ	a n a s t a s i s
αναστηθεί	a n a s t i θ i
αναστρέψιμη	a n a s t ɾ e p s i m i
ανεβούμε	a n e v u m e
ανεπιθύμητων	a n e p i θ i m i t o n
ανθρωπισμόσ	a n θ ɾ o p i z m o s
αντίπαρο	a n d i p a ɾ o
αντίστροφησ	a n d i s t ɾ o f i s
ανταγωνιστών	a n d a ɣ o n i s t o n
ανώριμοσ	a n o ɾ i m o s
απέχουμε	a p e x u m e
απαγορευόταν	a p a ɣ o ɾ e v o t a n
αποβολήσ	a p o v o l i s
αποδοτικότητασ	a p o ð o t i k o t i t a s
αποκηρύξει	a p o c i ɾ i k s i
απορρίπτοντασ	a p o ɾ i p t o n d a s
αποσαφήνιση	a p o s a f i n i s i
αποστάτησ	a p o s t a t i s
αποτίμησησ	a p o t i m i s i s
αποτελείτο	a p o t e l i t o
αποφοίτουσ	a p o f i t u s
αποχαιρετισμόσ	a p o ç e ɾ e t i z m o s
απόστρατοσ	a p o s t ɾ a t o s
αρθρώσεων	a ɾ θ ɾ o s e o n
ασιτία	a s i t i a
αστεια	a s t i a
ατιμωρησία	a t i m o ɾ i s i a
αυτόνομων	a f t o n o m o n
αφθονίασ	a f θ o n i a s
αχρήστων	a x ɾ i s t o n
αόριστα	a o ɾ i s t a
βέρμαχτ	v e ɾ m a x t
βίκι	v i c i
βίκτωρα	v i k t o ɾ a
βαζει	v a z i
βαθμίδων	v a θ m i ð o n
βαλκανικέσ	v a l k a n i c e s
βασιλόπιτασ	v a s i l o p i t a s
βατοπαιδίου	v a t o p e ð i u
βγούνε	v ɣ u n e
βεβαιωθούμε	v e v e o θ u m e
βεβαιώσεισ	v e v e o s i s
βιοποικιλότητασ	v i o p i c i l o t i t a s
βιταμινών	v i t a m i n o n
βλέπεται	v l e p e t e
βορειοανατολικό	v o ɾ i o a n a t o l i k o
γένη	ʝ e n i
γελάσουν	ʝ e l a s u n
γενοκτονίεσ	ʝ e n o k t o n i e s
γεωλογία	ʝ e o l o ʝ i a
γκορ	ɡ o ɾ
γκρέμισε	ɡ ɾ e m i s e
γκρεμίστηκε	ɡ ɾ e m i s t i c e
γλίστρησα	ɣ l i s t ɾ i s a
γλιτώνεισ	ɣ l i t o n i s
γλυκούλη	ɣ l i k u l i
γλυτώσουν	ɣ l i t o s u n
γνάθο	ɣ n a θ o
γνωμοδότηση	ɣ n o m o ð o t i s i
γονιμοποίησησ	ɣ o n i m o p i i s i s
γουόλσ	ɣ u o l s
δανείζονται	ð a n i z o n d e
δεχθήκαμε	ð e x θ i k a m e
δηλώνεισ	ð i l o n i s
δηλώνονται	ð i l o n o n d e
δηλώσουμε	ð i l o s u m e
διαδίδονται	ð i̯ a ð i ð o n d e
διαδικτυο	ð i̯ a ð i k t i o
διαιρέσεισ	ð i e ɾ e s i s
διαλογήσ	ð i̯ a l o ʝ i s
διδακτικά	ð i ð a k t i k a
διδαχέσ	ð i ð a ç e s
διεκδικούσε	ð i e k ð i k u s e
διευρυμένη	ð i e v ɾ i m e n i
δικαιούσαι	ð i c e u s e
δικουσ	ð i k u s
διμερών	ð i m e ɾ o n
διοικούσα	ð i i k u s a
διπλωματικού	ð i p l o m a t i k u
διψάει	ð i p s a i
δομημένο	ð o m i m e n o
δούλεψα	ð u l e p s a
δωρητή	ð o ɾ i t i
εγγραφο	e ŋ ɣ r a f o
εδωσαν	e ð o s a n
εη	e i
εισπράττουν	i s p ɾ a t u n
εκκλησιαστικέσ	e k l i s i a s t i c e s
εκπαιδεύεται	e k p e ð e v e t e
εκφράζουμε	e k f ɾ a z u m e
ελέουσ	e l e u s
ελαφρών	e l a f ɾ o n
ελβετικά	e l v e t i k a
ελευθερώνει	e l e f θ e ɾ o n i
ελιγμό	e l i ɣ m o
ελιγμών	e l i ɣ m o n
ελλη	e l i
ελληνοκυπρίων	e l i n o c i p ɾ i o n
εμπνεύσεισ	e m b n e f s i s
εμπρησμόσ	e m b ɾ i z m o s
εμφανίσθηκε	e ɱ f a n i s θ i c e
εμφανίσουν	e ɱ f a n i s u n
ενεργείασ	e n e ɾ ʝ i a s
εννοούσεσ	e n o u s e s
ενσωματώνονται	e n s o m a t o n o n d e
εντάσεων	e n d a s e o n
εντοπίζουμε	e n d o p i z u m e
εξασφαλίσεισ	e k s a s f a l i s i s
εξειδικευμένοι	e k s i ð i c e v m e n i
εξεταση	e k s e t a s i
εξιστορεί	e k s i s t o ɾ i
εξολόθρευση	e k s o l o θ ɾ e f s i
εξοπλιστικά	e k s o p l i s t i k a
εξωστρέφεια	e k s o s t ɾ e f i a
εξωφρενικά	e k s o f ɾ e n i k a
εξόντωσε	e k s o n d o s e
επίτιμου	e p i t i m u
επαμεινώνδα	e p a m i n o n ð a
επεξήγηση	e p e k s i ʝ i s i
επεσα	e p e s a
επετειακό	e p e t i a k o
επηρεασμένοσ	e p i ɾ e a z m e n o s
επιβίωσαν	e p i v i o s a n
επιζώντων	e p i z o n d o n
επικείμενησ	e p i c i m e n i s
επισημαίνουν	e p i s i m e n u n
επισκέπτονταν	e p i s c e p t o n d a n
επισκευών	e p i s c e v o n
επιτευχθούν	e p i t e f x θ u n
επιτυχημένων	e p i t i ç i m e n o n
επώνυμη	e p o n i m i
ερεθισμό	e ɾ e θ i z m o
εσώρουχά	e s o ɾ u x a
ετοιμάσουν	e t i m a s u n
ευάλωτεσ	e v a l o t e s
ευτυχή	e f t i ç i
ευχηθεί	e f ç i θ i
ζαγορίου	z a ɣ o ɾ i u
ζαχάρωσ	z a x a ɾ o s
ζεσταίνομαι	z e s t e n o m e
ζυθοποιία	z i θ o p i i a
ζωεσ	z o e s
ζωων	z o o n
ζώ	z o
ηττημένοσ	i t i m e n o s
θάψω	θ a p s o
θέλουνε	θ e l u n e
θαυμαστών	θ a v m a s t o n
θεολογικά	θ e o l o ʝ i k a
θεσπιστεί	θ e s p i s t i
θετόσ	θ e t o s
θη	θ i
θηλασμό	θ i l a z m o
θόδωρου	θ o ð o ɾ u
ιβάνοφ	i v a n o f
ιδρύσεωσ	i ð ɾ i s e o s
ικανοποιήσουν	i k a n o p i i s u n
ικανοποιηθεί	i k a n o p i i θ i
ινδίεσ	i n ð i e s
ισοδυναμούν	i s o ð i n a m u n
ιστοσελιδα	i s t o s e l i ð a
κάλλοσ	k a l o s
κάψα	k a p s a
καθρέπτησ	k a θ ɾ e p t i s
κακη	k a c i
κακοποιόσ	k a k o p i o s
καλτ	k a l t
κανάκη	k a n a c i
καναρίνι	k a n a ɾ i n i
καππαδοκία	k a p a ð o c i a
καρύδησ	k a ɾ i ð i s
κατάστημά	k a t a s t i m a
κατέβασαν	k a t e v a s a n
κατέδειξε	k a t e ð i k s e
κατέφθασε	k a t e f θ a s e
καταστηματάρχεσ	k a t a s t i m a t a ɾ ç e s
καταστηματα	k a t a s t i m a t a
κεράσεισ	c e ɾ a s i s
κερδοσκοπία	c e ɾ ð o s k o p i a
κιβωτού	c i v o t u
κλίματα	k l i m a t a
κλειδώματοσ	k l i ð o m a t o s
κλεισε	k l i s e
κοιλότητεσ	c i l o t i t e s
κοιμήθηκεσ	c i m i θ i c e s
κοινωφελήσ	c i n o f e l i s
κοινότητά	c i n o t i t a
κοιταξε	c i t a k s e
κοκκινάκησ	k o c i n a c i s
κομάντοσ	k o m a n d o s
κοπλιμέντο	k o p l i m e n d o
κορώνη	k o ɾ o n i
κουβάσ	k u v a s
κουκούλι	k u k u l i
κουρουμπλή	k u ɾ u b l i
κουφοντίνα	k u f o n d i n a
κρατησει	k ɾ a t i s i
κροάτησ	k ɾ o a t i s
κρύβονταν	k ɾ i v o n d a n
κυριαρχούσαν	c i ɾ i a ɾ x u s a n
λάμπεισ	l a m b i s
λαξ	l a k s
λαχταριστά	l a x t a ɾ i s t a
λιμενική	l i m e n i c i
λιπαρό	l i p a ɾ o
λιπιδίων	l i p i ð i o n
λιόν	ʎ o n
λογικα	l o ʝ i k a
λογισμικά	l o ʝ i z m i k a
λυπάστε	l i p a s t e
λυπήθηκε	l i p i θ i c e
λόουελ	l o u e l
λύνεισ	l i n i s
μέσοι	m e s i
μακλάρεν	m a k l a ɾ e n
μαρξιστικό	m a ɾ k s i s t i k o
μεθύσει	m e θ i s i
μελετάει	m e l e t a i
μετακίνησή	m e t a c i n i s i
μεταλλικόσ	m e t a l i k o s
μεταναστευτικήσ	m e t a n a s t e f t i c i s
μεταναστεύσει	m e t a n a s t e f s i
μηδενικού	m i ð e n i k u
μινσκ	m i n s k
μινωική	m i n o i c i
μισω	m i s o
μολ	m o l
μουλάρια	m u l a ɾ ʝ a
μπάρ	b a ɾ
μπένσον	b e n s o n
μπισκοτάκι	b i s k o t a c i
μπλοκάρισμα	b l o k a ɾ i z m a
μυτερά	m i t e ɾ a
μωρίσ	m o ɾ i s
μόρτιμερ	m o ɾ t i m e ɾ
μόρτον	m o ɾ t o n
νασσάου	n a s a u
νευρολογικέσ	n e v ɾ o l o ʝ i c e s
νικολαου	n i k o l a u
νικολόπουλου	n i k o l o p u l u
νοιάζεστε	ɲ a z e s t e
νομιζει	n o m i z i
ντενίσ	d e n i s
ντουράντ	d u ɾ a n d
ντούκου	d u k u
ντρεπόμαστε	d ɾ e p o m a s t e
ντρεπόμουν	d ɾ e p o m u n
νω	n o
νόρφολκ	n o ɾ f o l k
ξεκίνημά	k s e c i n i m a
ξεκουράζεται	k s e k u ɾ a z e t e
ξεπέρασεσ	k s e p e ɾ a s e s
ξεχνα	k s e x n a
ξυρίσματοσ	k s i ɾ i z m a t o s
ξωκλήσι	k s o k l i s i
οικοδομέσ	i k o ð o m e s
ολθ	o l θ
ομαδικότητα	o m a ð i k o t i t a
ονομαστικέσ	o n o m a s t i c e s
ορισμοσ	o ɾ i z m o s
ουίνστον	u i n s t o n
οφθαλμόσ	o f θ a l m o s
πέρατα	p e ɾ a t a
πίντο	p i n d o
παγωμένοσ	p a ɣ o m e n o s
παθογόνων	p a θ o ɣ o n o n
παλέψω	p a l e p s o
παλμοί	p a l m i
πανούση	p a n u s i
παντρέψου	p a n d ɾ e p s u
παπάκι	p a p a c i
παπαγιάννη	p a p a ʝ a n i
παπαχρήστοσ	p a p a x ɾ i s t o s
παρανόηση	p a ɾ a n o i s i
παρότρυνε	p a ɾ o t ɾ i n e
πασόκ	p a s o k
πεζοπορίασ	p e z o p o ɾ i a s
πελατεσ	p e l a t e s
πεντανόστιμα	p e n d a n o s t i m a
περαστικό	p e ɾ a s t i k o
περιπολίασ	p e ɾ i p o l i a s
πεσμένη	p e z m e n i
πεσόντεσ	p e s o n d e s
πιαστούν	p ç a s t u n
πιστεψω	p i s t e p s o
πλεονάσματοσ	p l e o n a z m a t o s
πληγωμένο	p l i ɣ o m e n o
πληρωθώ	p l i ɾ o θ o
πολιτων	p o l i t o n
ποντιακήσ	p o n d i a c i s
ποτα	p o t a
πουλήσεισ	p u l i s i s
πριμ	p ɾ i m
προελεύσεωσ	p ɾ o e l e f s e o s
προετοιμάσουν	p ɾ o e t i m a s u n
προκάτοχό	p ɾ o k a t o x o
προλαβαίνουν	p ɾ o l a v e n u n
προμηθευτείτε	p ɾ o m i θ e f t i t e
προσκυνήσει	p ɾ o s c i n i s i
προσπαθεισ	p ɾ o s p a θ i s
προστάζει	p ɾ o s t a z i
προσφιλή	p ɾ o s f i l i
προϋπήρχε	p ɾ o i p i ɾ ç e
προόδουσ	p ɾ o o ð u s
πρωτεργάτεσ	p ɾ o t e ɾ ɣ a t e s
πρωτοκαθεδρία	p ɾ o t o k a θ e ð ɾ i a
πρόωροσ	p ɾ o o ɾ o s
πυλώνα	p i l o n a
πυροδοτεί	p i ɾ o ð o t i
ράτσασ	ɾ a t͡s a s
ρίγα	ɾ i ɣ a
ρίζου	ɾ i z u
ραπτικήσ	ɾ a p t i c i s
ρεαλιστικέσ	ɾ e a l i s t i c e s
ρούφα	ɾ u f a
ρυθμικήσ	ɾ i θ m i c i s
σήκωσεσ	s i k o s e s
σεπτέμβρησ	s e p t e ɱ v ɾ i s
σκίσιμο	s c i s i m o
σκακιστέσ	s k a c i s t e s
σκεπτόμενοι	s c e p t o m e n i
σκεφτομουν	s c e f t o m u n
σκληρο	s k l i ɾ o
σκοπίμωσ	s k o p i m o s
σκοπιμότητασ	s k o p i m o t i t a s
σκυλο	s c i l o
σοσιαλδημοκρατών	s o s i a l ð i m o k ɾ a t o n
σουρ	s u ɾ
σουσ	s u s
σπουδαιότητασ	s p u ð e o t i t a s
σπούδαζε	s p u ð a z e
σταματόπουλοσ	s t a m a t o p u l o s
στημένεσ	s t i m e n e s
στηρίχτηκε	s t i ɾ i x t i c e
στρασ	s t ɾ a s
στύσησ	s t i s i s
συγκεκριμενα	s i ŋ ɟ e k ɾ i m e n a
συγκεντρωμένοσ	s i ŋ ɟ e n d ɾ o m e n o s
συλλογη	s i l o ʝ i
συμβούλεψε	s i ɱ v u l e p s e
συμμετάσχω	s i m e t a s x o
συμπατριωτών	s i m b a t ɾ i o t o n
συμπληρώθηκαν	s i m b l i ɾ o θ i k a n
συνέδεε	s i n e ð e e
συναθροίσεισ	s i n a θ ɾ i s i s
συνδικαλιστήσ	s i n ð i k a l i s t i s
συνελεύσεων	s i n e l e f s e o n
συνηθίζουμε	s i n i θ i z u m e
συνοπτικό	s i n o p t i k o
συνταγματικών	s i n d a ɣ m a t i k o n
συνωστισμόσ	s i n o s t i z m o s
συνώνυμα	s i n o n i m a
συστατική	s i s t a t i c i
σφήκεσ	s f i c e s
σφραγίσει	s f ɾ a ʝ i s i
σχημάτισαν	s ç i m a t i s a n
σωθείτε	s o θ i t e
σύσφιξη	s i s f i k s i
ταινιοθήκη	t e n i o θ i c i
τακτικούσ	t a k t i k u s
τακτοποιημένα	t a k t o p i i m e n a
ταπεινότητα	t a p i n o t i t a
ταχυδρομικά	t a ç i ð ɾ o m i k a
ταχυδρομικών	t a ç i ð ɾ o m i k o n
τερματίσουν	t e ɾ m a t i s u n
τεύχουσ	t e f x u s
τζάρεντ	d͡z a ɾ e n d
τηλεοράσεων	t i l e o ɾ a s e o n
τηλεφωνητήσ	t i l e f o n i t i s
τρίζουν	t ɾ i z u n
τρανσέξουαλ	t ɾ a n s e k s u a l
τραπ	t ɾ a p
τριπλά	t ɾ i p l a
τυχαίων	t i ç e o n
τώ	t o
υδάτινων	i ð a t i n o n
υποθαλάσσιο	i p o θ a l a s i o
υπουργικέσ	i p u ɾ ʝ i c e s
φαινομενική	f e n o m e n i c i
φανταζόμαστε	f a n d a z o m a s t e
φθόριο	f θ o ɾ i o
φιλαδελφείασ	f i l a ð e l f i a s
φλογέρα	f l o ʝ e ɾ a
φορολογικούσ	f o ɾ o l o ʝ i k u s
φυλακίζεται	f i l a c i z e t e
φυσικη	f i s i c i
φωτογραφικήσ	f o t o ɣ r a f i c i s
φόνοι	f o n i
χαίρει	ç e ɾ i
χαμογελαστό	x a m o ʝ e l a s t o
χαρίσεισ	x a ɾ i s i s
χαρίσουν	x a ɾ i s u n
χαρτησ	x a ɾ t i s
χιλλ	ç i l
χορτοφάγοι	x o ɾ t o f a ʝ i
χρηματοδότεσ	x ɾ i m a t o ð o t e s
χρησμό	x ɾ i z m o
χρυσούσ	x ɾ i s u s
χτυπήματοσ	x t i p i m a t o s
χωριάτικο	x o ɾ ʝ a t i k o
χωριστή	x o ɾ i s t i
ψήσουμε	p s i s u m e
ψηλοτάκουνα	p s i l o t a k u n a
ωνάσησ	o n a s i s
όρμησε	o ɾ m i s e
όσιο	o s i o
όφειλαν	o f i l a n
ύψωσαν	i p s o s a n
άλγοσ	a l ɣ o s
άνοιξεσ	a n i k s e s
άρδευσησ	a ɾ ð e f s i s
άστεγη	a s t e ʝ i
άφωνοσ	a f o n o s
έζρα	e z ɾ a
έλατο	e l a t o
ένοπλων	e n o p l o n
έξοχο	e k s o x o
έσφαξαν	e s f a k s a n
ήλθατε	i l θ a t e
ίππο	i p o
αγαπητη	a ɣ a p i t i
αγγλοι	a ŋ ɡ l i
αγκινάρεσ	a ŋ ɟ i n a ɾ e s
αγριόγατα	a ɣ ɾ i o ɣ a t a
αθανασιοσ	a θ a n a s i o s
αθλητικοί	a θ l i t i c i
αιμοκάθαρση	e m o k a θ a ɾ s i
αιρετικό	e ɾ e t i k o
αισθανομαι	e s θ a n o m e
ακαθαρσίεσ	a k a θ a ɾ s i e s
ακησ	a c i s
ακουστά	a k u s t a
ακυρώθηκαν	a c i ɾ o θ i k a n
ακόλουθων	a k o l u θ o n
αλέξανδρε	a l e k s a n ð ɾ e
αληθινη	a l i θ i n i
αλκοολικό	a l k o o l i k o
αμυδρά	a m i ð ɾ a
αμυντικοί	a m i n d i c i
αναβάτησ	a n a v a t i s
αναβλύζει	a n a v l i z i
αναγνώρισή	a n a ɣ n o ɾ i s i
αναδύθηκε	a n a ð i θ i c e
ανακατασκευήσ	a n a k a t a s c e v i s
ανακατατάξεισ	a n a k a t a t a k s i s
ανακτά	a n a k t a
αναλυτικόσ	a n a l i t i k o s
αναστασια	a n a s t a s ç a
ανθούσα	a n θ u s a
ανο	a n o
αντιληφθούν	a n d i l i f θ u n
αντιοχείασ	a n d i o ç i a s
αντιρατσιστικό	a n d i ɾ a t͡s i s t i k o
αντιφασίστεσ	a n d i f a s i s t e s
ανωγείων	a n o ʝ i o n
απάλλαξε	a p a l a k s e
απαλλαγούν	a p a l a ɣ u n
αποκαθιστά	a p o k a θ i s t a
αποκαλούμενη	a p o k a l u m e n i
απορείσ	a p o ɾ i s
αποσπάται	a p o s p a t e
αποτύχουν	a p o t i x u n
αράξω	a ɾ a k s o
αρμοδιότητέσ	a ɾ m o ð i o t i t e s
ασβέστη	a z v e s t i
ασιάτησ	a s ç a t i s
ασιατικήσ	a s i a t i c i s
ασκούσαν	a s k u s a n
αστ	a s t
ασταθείσ	a s t a θ i s
αστυνόμο	a s t i n o m o
αταλάντα	a t a l a n d a
αυγουστίνοσ	a v ɣ u s t i n o s
αυξανόταν	a f k s a n o t a n
αυτοσχέδιο	a f t o s ç e ð i o
αφελέσ	a f e l e s
αφηνει	a f i n i
αφρο	a f ɾ o
αχλάδι	a x l a ð i
αχυρώνα	a ç i ɾ o n a
βάρδα	v a ɾ ð a
βαλτε	v a l t e
βαρώνοσ	v a ɾ o n o s
βγήκατε	v ʝ i k a t e
βιοτεχνίεσ	v i o t e x n i e s
βιώσεισ	v i o s i s
βολών	v o l o n
βουδαπέστησ	v u ð a p e s t i s
βραχυπρόθεσμα	v ɾ a ç i p ɾ o θ e z m a
βόθρο	v o θ ɾ o
γάνδη	ɣ a n ð i
γάστρα	ɣ a s t ɾ a
γέμισα	ʝ e m i s a
γαβράσ	ɣ a v ɾ a s
γεμιστό	ʝ e m i s t o
γενναιόδωρα	ʝ e n e o ð o ɾ a
γεράσω	ʝ e ɾ a s o
γιλέκα	ʝ i l e k a
γιοχάνεσ	ʝ o x a n e s
γκούντμαν	ɡ u n d m a n
γνωστοποίησε	ɣ n o s t o p i i s e
γο	ɣ o
γουέμπ	ɣ u e m b
γουίν	ɣ u i n
γούνεσ	ɣ u n e s
γρήγορουσ	ɣ ɾ i ɣ o ɾ u s
γρανίτα	ɣ ɾ a n i t a
γραφεισ	ɣ ɾ a f i s
γυρισμόσ	ʝ i ɾ i z m o s
γυρνούσε	ʝ i ɾ n u s e
γύριζα	ʝ i ɾ i z a
γύρων	ʝ i ɾ o n
δίδει	ð i ð i
δειγματοληψίασ	ð i ɣ m a t o l i p s i a s
δεπα	ð e p a
δεσπόζουσα	ð e s p o z u s a
δημιουργικότητασ	ð i m i u ɾ ʝ i k o t i t a s
δημοσιων	ð i m o s i o n
δημοφιλέστερο	ð i m o f i l e s t e ɾ o
διαδίδει	ð i̯ a ð i ð i
διαπράχθηκε	ð i̯ a p ɾ a x θ i c e
διαπραγματεύονται	ð i̯ a p ɾ a ɣ m a t e v o n d e
διαχωρίζεται	ð i̯ a x o ɾ i z e t e
δικάστηκε	ð i k a s t i c e
δικτυακό	ð i k t i a k o
διοικούσε	ð i i k u s e
δισκία	ð i s c i a
δοκιμάζοντασ	ð o c i m a z o n d a s
δολώματα	ð o l o m a t a
δονητή	ð o n i t i
δοξάστε	ð o k s a s t e
δουλείεσ	ð u l i e s
δούκισσασ	ð u c i s a s
δρομου	ð ɾ o m u
δωρεών	ð o ɾ e o n
εγκλεισμό	e ŋ ɡ l i z m o
εγκλωβισμένη	e ŋ ɡ l o v i z m e n i
ειδαμε	i ð a m e
ειδικοτήτων	i ð i k o t i t o n
εκκρίσεισ	e k ɾ i s i s
εκτίναξη	e k t i n a k s i
εκφάνσεισ	e k f a n s i s
ελαστική	e l a s t i c i
ελαφρύνσεισ	e l a f ɾ i n s i s
ελπίζετε	e l p i z e t e
εμβληματική	e ɱ v l i m a t i c i
εμπρόσθιο	e m b ɾ o s θ i o
ενδείξεων	e n ð i k s e o n
ενημερωθούν	e n i m e ɾ o θ u n
ενισχύθηκαν	e n i s ç i θ i k a n
ενοτήτων	e n o t i t o n
ενοχλούνται	e n o x l u n d e
ενωθείτε	e n o θ i t e
ενόργανη	e n o ɾ ɣ a n i
εξήλθε	e k s i l θ e
εξαπέλυσαν	e k s a p e l i s a n
εξαπατούν	e k s a p a t u n
εξομοίωση	e k s o m i o s i
εξυπνοσ	e k s i p n o s
εορτολόγιο	e o ɾ t o l o ʝ i o
επιβίβασησ	e p i v i v a s i s
επιδράσεων	e p i ð ɾ a s e o n
επιδρομείσ	e p i ð ɾ o m i s
επιθυμητά	e p i θ i m i t a
επικάλυψησ	e p i k a l i p s i s
ερεύνησ	e ɾ e v n i s
εστάλησαν	e s t a l i s a n
ετεροθαλή	e t e ɾ o θ a l i
ετοιμάσουμε	e t i m a s u m e
ετούτο	e t u t o
εφήβου	e f i v u
εφημ	e f i m
εφημερία	e f i m e ɾ i a
εύοσμο	e v o z m o
ζαφείρησ	z a f i ɾ i s
ζιζάνια	z i z a ɲ a
ζορμπά	z o ɾ b a
ζούσεσ	z u s e s
ζωγραφίζεισ	z o ɣ ɾ a f i z i s
ζύγιζε	z i ʝ i z e
ηλεκτροδότησησ	i l e k t ɾ o ð o t i s i s
ημερησίασ	i m e ɾ i s i a s
ηρ	i ɾ
ηρεμιστικό	i ɾ e m i s t i k o
ηρωικήσ	i ɾ o i c i s
θαυμάσει	θ a v m a s i
θειικό	θ i i k o
θηλάζει	θ i l a z i
θυμόσαστε	θ i m o s a s t e
θυσιάστηκε	θ i s i a s t i c e
θύελλεσ	θ i e l e s
ιδιαίτερων	i ð i e t e ɾ o n
ιερεμίασ	i e ɾ e m i a s
ιεροί	i e ɾ i
ιμάμη	i m a m i
ισοκράτησ	i s o k ɾ a t i s
ισραηλινά	i s ɾ a i l i n a
ιστότοποι	i s t o t o p i
ιτέα	i t e a
ιτε	i t e
κάμψεισ	k a m p s i s
καθάρισαν	k a θ a ɾ i s a n
καθοδική	k a θ o ð i c i
καθόλη	k a θ o l i
κακομεταχείριση	k a k o m e t a ç i ɾ i s i
καλούπια	k a l u p ç a
καλύψτε	k a l i p s t e
κανονικών	k a n o n i k o n
καντο	k a n d o
καπόνε	k a p o n e
καραβά	k a ɾ a v a
κατάστασήσ	k a t a s t a s i s
καταθέσετε	k a t a θ e s e t e
καταναλώνουμε	k a t a n a l o n u m e
καταστρέφετε	k a t a s t ɾ e f e t e
κατοικούσε	k a t i k u s e
κειμενα	c i m e n a
κερατάσ	c e ɾ a t a s
κλέψιμο	k l e p s i m o
κλαν	k l a n
κλειστήσ	k l i s t i s
κληροδότημα	k l i ɾ o ð o t i m a
κλουζώ	k l u z o
κοκό	k o k o
κολυμπάσ	k o l i m b a s
κορυφώθηκε	k o ɾ i f o θ i c e
κορώνησ	k o ɾ o n i s
κοσσυφοπεδίου	k o s i f o p e ð i u
κουβαλάτε	k u v a l a t e
κουνήθηκε	k u n i θ i c e
κουνηθεί	k u n i θ i
κουνιάδοσ	k u ɲ a ð o s
κούνα	k u n a
κρ	k ɾ
κρασάκι	k ɾ a s a c i
κρατουμένουσ	k ɾ a t u m e n u s
κρύφτηκαν	k ɾ i f t i k a n
κυανή	c i a n i
κυβικό	c i v i k o
κυλίνδρουσ	c i l i n ð ɾ u s
κυνικό	c i n i k o
κύριό	c i ɾ ʝ o
λάππασ	l a p a s
λένι	l e n i
λαβράκι	l a v ɾ a c i
λαυρέντησ	l a v ɾ e n d i s
λειβαδίτησ	l i v a ð i t i s
λεκάνεσ	l e k a n e s
λεμφαδένεσ	l e ɱ f a ð e n e s
λινό	l i n o
λιώσιμο	ʎ o s i m o
λογικο	l o ʝ i k o
λογοδοτήσει	l o ɣ o ð o t i s i
λογοτεχνικήσ	l o ɣ o t e x n i c i s
λούμισ	l u m i s
λυκούργοσ	l i k u ɾ ɣ o s
μίγματοσ	m i ɣ m a t o s
μαγειρεύετε	m a ʝ i ɾ e v e t e
μακάο	m a k a o
μαριχουάνασ	m a ɾ i x u a n a s
ματώνει	m a t o n i
μεγασ	m e ɣ a s
μελαγχολική	m e l a ŋ x o l i c i
μενεμένησ	m e n e m e n i s
μερουσ	m e ɾ u s
μεταγωγικό	m e t a ɣ o ʝ i k o
μεταδοτική	m e t a ð o t i c i
μηχανοκίνητα	m i x a n o c i n i t a
μιχαλόπουλοσ	m i x a l o p u l o s
μοιράσου	m i ɾ a s u
μοιράσουν	m i ɾ a s u n
μονομαχίεσ	m o n o m a ç i e s
μουζακίου	m u z a c i u
μπέρμιγχαμ	b e ɾ m i ŋ x a m
μπανάκι	b a n a c i
μπλέξιμο	b l e k s i m o
μυϊκό	m i i k o
νεφών	n e f o n
νικήσεισ	n i c i s i s
νιρβάνα	n i ɾ v a n a
νομπελίστα	n o b e l i s t a
ντουζιέρα	d u z ʝ e ɾ a
ξαπλώνει	k s a p l o n i
ξεκινα	k s e c i n a
ξεφάντωμα	k s e f a n d o m a
ξινή	k s i n i
ολίσθησησ	o l i s θ i s i s
ονομάστηκαν	o n o m a s t i k a n
οπλισμόσ	o p l i z m o s
ορίσουν	o ɾ i s u n
οργανώθηκαν	o ɾ ɣ a n o θ i k a n
ορθέσ	o ɾ θ e s
ουρα	u ɾ a
πέμπτεσ	p e m p t e s
πέρκινσ	p e ɾ c i n s
παιδαγωγικά	p e ð a ɣ o ʝ i k a
παλάμησ	p a l a m i s
παναγίου	p a n a ʝ i u
παπαγάλο	p a p a ɣ a l o
παπαδημούλησ	p a p a ð i m u l i s
παπαδοπουλοσ	p a p a ð o p u l o s
παππούδων	p a p u ð o n
παρακάμψει	p a ɾ a k a m p s i
παρανοϊκή	p a ɾ a n o i c i
πείθεται	p i θ e t e
πειθαρχικό	p i θ a ɾ ç i k o
πειραματικήσ	p i ɾ a m a t i c i s
περίφημεσ	p e ɾ i f i m e s
περασα	p e ɾ a s a
περγαμηνή	p e ɾ ɣ a m i n i
περισσέψει	p e ɾ i s e p s i
περιστερι	p e ɾ i s t e ɾ i
περσική	p e ɾ s i c i
πετάγονται	p e t a ɣ o n d e
πετάχτηκαν	p e t a x t i k a n
πιθανοτητα	p i θ a n o t i t a
πισ	p i s
πλατώ	p l a t o
πληρότητασ	p l i ɾ o t i t a s
πνιγμόσ	p n i ɣ m o s
ποίημά	p i i m a
ποικιλοτρόπωσ	p i c i l o t ɾ o p o s
πολεμήσεισ	p o l e m i s i s
πολιτικοι	p o l i t i c i
πονο	p o n o
πουλια	p u ʎ a
πουλούν	p u l u n
πρίζεσ	p ɾ i z e s
πραξικοπήματα	p ɾ a k s i k o p i m a t a
πρεσβεύει	p ɾ e z v e v i
προγραμματισμένα	p ɾ o ɣ ɾ a m a t i z m e n a
προκληθούν	p ɾ o k l i θ u n
προσαρμόσει	p ɾ o s a ɾ m o s i
προσβασιμότητα	p ɾ o z v a s i m o t i t a
προσδιορίσουν	p ɾ o z ð i o ɾ i s u n
προσεγγίζεται	p ɾ o s e ŋ ɟ i z e t e
προσεγγίσουν	p ɾ o s e ŋ ɟ i s u n
προσιτά	p ɾ o s i t a
προσποιήθηκε	p ɾ o s p i i θ i c e
προσποιούνται	p ɾ o s p i u n d e
προστατέψτε	p ɾ o s t a t e p s t e
προσφατα	p ɾ o s f a t a
προτείναμε	p ɾ o t i n a m e
προτελευταίο	p ɾ o t e l e f t e o
πρωταγωνιστούσε	p ɾ o t a ɣ o n i s t u s e
πρόοδό	p ɾ o o ð o
πωλεί	p o l i
ρίσκου	ɾ i s k u
ρευστά	ɾ e f s t a
ρουμάνοι	ɾ u m a n i
ρυθμικά	ɾ i θ m i k a
ρυθμιστικέσ	ɾ i θ m i s t i c e s
ρωσικόσ	ɾ o s i k o s
σίλβιο	s i l v i o
σαουθάμπτον	s a u θ a m p t o n
σβάστικα	z v a s t i k a
σελίν	s e l i n
σεμιναριο	s e m i n a ɾ i o
σεντούκι	s e n d u c i
σκαθάρι	s k a θ a ɾ i
σκοπια	s k o p ç a
σκύρου	s c i ɾ u
σπουδάζουν	s p u ð a z u n
σπρώχνουν	s p ɾ o x n u n
στάθμευση	s t a θ m e f s i
σταυρόλεξο	s t a v ɾ o l e k s o
στειλε	s t i l e
στι	s t i
στοιχηματικέσ	s t i ç i m a t i c e s
στρίβεισ	s t ɾ i v i s
στρείδια	s t ɾ i ð ʝ a
συλλέγεται	s i l e ʝ e t e
συλλήβδην	s i l i v ð i n
συλληφθέντων	s i l i f θ e n d o n
συλλογικότητεσ	s i l o ʝ i k o t i t e s
συμμορίτεσ	s i m o ɾ i t e s
συμμόρφωσησ	s i m o ɾ f o s i s
συμπαίκτησ	s i m b e k t i s
συμπαγείσ	s i m b a ʝ i s
συμπτωματική	s i m p t o m a t i c i
συναινέσει	s i n e n e s i
συνδεθείτε	s i n ð e θ i t e
συνδυαστική	s i n ð i a s t i c i
συνεργείου	s i n e ɾ ʝ i u
σχετίζονταν	s ç e t i z o n d a n
σχολ	s x o l
σωρούσ	s o ɾ u s
σόλα	s o l a
σύμμαχόσ	s i m a x o s
σύστασή	s i s t a s i
τέντεσ	t e n d e s
τακτοποίηση	t a k t o p i i s i
ταξικέσ	t a k s i c e s
τελη	t e l i
τελούν	t e l u n
τερ	t e ɾ
τερμάτων	t e ɾ m a t o n
τιμάτε	t i m a t e
τοπογραφία	t o p o ɣ ɾ a f i a
τρέλλα	t ɾ e l a
τραυματίσει	t ɾ a v m a t i s i
τριμερήσ	t ɾ i m e ɾ i s
τριπλήσ	t ɾ i p l i s
τροφη	t ɾ o f i
τσακωμούσ	t͡s a k o m u s
τυχερών	t i ç e ɾ o n
υγρέσ	i ɣ ɾ e s
υπέρτασησ	i p e ɾ t a s i s
υπεθα	i p e θ a
υπερβολήσ	i p e ɾ v o l i s
υπνάκο	i p n a k o
υποβιβασμού	i p o v i v a z m u
υποθέτει	i p o θ e t i
υποκρισίασ	i p o k ɾ i s i a s
υποσχομαι	i p o s x o m e
υποτιθέμενα	i p o t i θ e m e n a
υποτιμά	i p o t i m a
υφήλιοσ	i f i l i o s
φαινονται	f e n o n d e
φαινόμαστε	f e n o m a s t e
φανατισμόσ	f a n a t i z m o s
φανείτε	f a n i t e
φελπσ	f e l p s
φθίνει	f θ i n i
φθόνοσ	f θ o n o s
φιλελλήνων	f i l e l i n o n
φρ	f ɾ
φρουτάκια	f ɾ u t a c a
φρυγανιά	f ɾ i ɣ a ɲ a
φτιάξατε	f t ç a k s a t e
χάρντινγκ	x a ɾ d i ŋ ɡ
χαιρετάει	ç e ɾ e t a i
χαρίστε	x a ɾ i s t e
χαραγμένα	x a ɾ a ɣ m e n a
χαρακτηριστούν	x a ɾ a k t i ɾ i s t u n
χιτώνασ	ç i t o n a s
χρησμόσ	x ɾ i z m o s
χρωματικέσ	x ɾ o m a t i c e s
ψαλμόσ	p s a l m o s
ψεύδεται	p s e v ð e t e
ψωνίζει	p s o n i z i
ἔχει	e ç i
άγχη	a ŋ ç i
άδωνη	a ð o n i
άκουσον	a k u s o n
άλκη	a l c i
άνετοι	a n e t i
άστην	a s t i n
άστοχη	a s t o ç i
έβαν	e v a n
έκτησ	e k t i s
ένεκεν	e n e c e n
ένοπλουσ	e n o p l u s
ένορκοι	e n o ɾ c i
έξοχη	e k s o ç i
έσ	e s
ήρωέσ	i ɾ o e s
ήτον	i t o n
αγαμέμνων	a ɣ a m e m n o n
αγαπούσεσ	a ɣ a p u s e s
αγιον	a ʝ o n
αγνωστο	a ɣ n o s t o
αδάμου	a ð a m u
αδένασ	a ð e n a s
αδίστακτοι	a ð i s t a k t i
αθανασόπουλοσ	a θ a n a s o p u l o s
ακραίοι	a k ɾ e i
ακόστα	a k o s t a
αλεξανδράκη	a l e k s a n ð ɾ a c i
αλκοολούχα	a l k o o l u x a
αλογόνου	a l o ɣ o n u
αμφίεση	a ɱ f i e s i
ανάλυσή	a n a l i s i
ανάπηρη	a n a p i ɾ i
ανέμελα	a n e m e l a
αναγκαστώ	a n a ŋ ɡ a s t o
ανακοινωσεισ	a n a c i n o s i s
αναλγησία	a n a l ʝ i s i a
ανανεώσιμων	a n a n e o s i m o n
αναπάντητεσ	a n a p a n d i t e s
αναρωτιόταν	a n a ɾ o t ç o t a n
αναχαίτιση	a n a ç e t i s i
ανεξάντλητη	a n e k s a n d l i t i
ανεπιτυχώσ	a n e p i t i x o s
ανεπιφύλακτα	a n e p i f i l a k t a
αντίκρισε	a n d i k ɾ i s e
αντζελα	a n d͡z e l a
αντιδραστήρεσ	a n d i ð ɾ a s t i ɾ e s
αντιλήφθηκαν	a n d i l i f θ i k a n
αντισταση	a n d i s t a s i
αντλείται	a n d l i t e
ανυπομονεί	a n i p o m o n i
ανωμαλίασ	a n o m a l i a s
ανώμαλα	a n o m a l a
απίστευτησ	a p i s t e f t i s
απαγορευμένεσ	a p a ɣ o ɾ e v m e n e s
απαλλάσσονται	a p a l a s o n d e
απαράμιλλη	a p a ɾ a m i l i
αποθαρρύνει	a p o θ a ɾ i n i
αποκαθήλωση	a p o k a θ i l o s i
αποκαλυψη	a p o k a l i p s i
αποκαλύψουμε	a p o k a l i p s u m e
αποσταθεροποίησησ	a p o s t a θ e ɾ o p i i s i s
αποστασία	a p o s t a s i a
απουσίαζαν	a p u s i a z a n
αργυρά	a ɾ ʝ i ɾ a
αριδαία	a ɾ i ð e a
αριστούχοσ	a ɾ i s t u x o s
αρκάδων	a ɾ k a ð o n
αρκετεσ	a ɾ c e t e s
αρωγήσ	a ɾ o ʝ i s
αυστηρώσ	a f s t i ɾ o s
αυτοτελείσ	a f t o t e l i s
αφηνεισ	a f i n i s
βίλλα	v i l a
βαρέωσ	v a ɾ e o s
βαρεθείσ	v a ɾ e θ i s
βαρθολομαίο	v a ɾ θ o l o m e o
βασανιστικό	v a s a n i s t i k o
βεντούρα	v e n d u ɾ a
βικελίδησ	v i c e l i ð i s
βορειότερα	v o ɾ i o t e ɾ a
βοσκό	v o s k o
βουτάει	v u t a i
γάρ	ɣ a ɾ
γήρανσησ	ʝ i ɾ a n s i s
γαβαλά	ɣ a v a l a
γεωπολιτικό	ʝ e o p o l i t i k o
γιατρεύει	ʝ a t ɾ e v i
γιαχβέ	ʝ a x v e
γιορτάσεισ	ʝ o ɾ t a s i s
γιόρταζε	ʝ o ɾ t a z e
γκουτέρεσ	ɡ u t e ɾ e s
γλεντήσουμε	ɣ l e n d i s u m e
γουλανδρή	ɣ u l a n ð ɾ i
γράφων	ɣ ɾ a f o n
γρατζουνιά	ɣ ɾ a d͡z u ɲ a
γυμνού	ʝ i m n u
δίκλινο	ð i k l i n o
δανόσ	ð a n o s
δεθεί	ð e θ i
δειχνουν	ð i x n u n
δεσφα	ð e s f a
διέσωσε	ð i e s o s e
διαβουλεύσεων	ð i̯ a v u l e f s e o n
διανέμονται	ð i̯ a n e m o n d e
διαπράχθηκαν	ð i̯ a p ɾ a x θ i k a n
διαφράγματοσ	ð i̯ a f ɾ a ɣ m a t o s
διαφωνήσω	ð i̯ a f o n i s o
διδακτικού	ð i ð a k t i k u
διευκολυνθεί	ð i e f k o l i n θ i
δικηγορία	ð i c i ɣ o ɾ i a
διπλασίασε	ð i p l a s i a s e
δοκιμάζονται	ð o c i m a z o n d e
δομημένη	ð o m i m e n i
δύτη	ð i t i
εγκαταλείψεισ	e ŋ ɡ a t a l i p s i s
εθίμου	e θ i m u
εθισμού	e θ i z m u
εκλέξει	e k l e k s i
εκπέμπεται	e k p e m b e t e
εκπαίδευσε	e k p e ð e f s e
εκπαιδεύσεισ	e k p e ð e f s i s
εκποίηση	e k p i i s i
εκροέσ	e k ɾ o e s
εκτακτη	e k t a k t i
εκτοξεύσει	e k t o k s e f s i
ελαφιού	e l a f ç u
ελεγκτικό	e l e ŋ ɡ t i k o
ελπιδοφόρα	e l p i ð o f o ɾ a
εμαθε	e m a θ e
εμπορεύονται	e m b o ɾ e v o n d e
ενσταση	e n s t a s i
ενσωματωθούν	e n s o m a t o θ u n
εντατικοποίηση	e n d a t i k o p i i s i
εντιμότητα	e n d i m o t i t a
εξαδέλφη	e k s a ð e l f i
εξαφανίσου	e k s a f a n i s u
εξαφανίσουν	e k s a f a n i s u n
εξοντώσουν	e k s o n d o s u n
επαν	e p a n
επείγει	e p i ʝ i
επηρεάστηκαν	e p i ɾ e a s t i k a n
επιβιβάστηκε	e p i v i v a s t i c e
επιβλαβείσ	e p i v l a v i s
επιβλητικά	e p i v l i t i k a
επιδότησησ	e p i ð o t i s i s
επικαλούμενη	e p i k a l u m e n i
επικοινωνήσεισ	e p i c i n o n i s i s
επινοήσει	e p i n o i s i
επιτυχείσ	e p i t i ç i s
εποχησ	e p o ç i s
εργολαβία	e ɾ ɣ o l a v i a
ερωτευμένο	e ɾ o t e v m e n o
εφάρμοσαν	e f a ɾ m o s a n
εψαχνα	e p s a x n a
εύκολοι	e f k o l i
ζουγανέλησ	z u ɣ a n e l i s
ηλεκτρονικοί	i l e k t ɾ o n i c i
ηλιθιοσ	i l i θ i o s
ηλικιωμένεσ	i l i c i o m e n e s
θεμελίων	θ e m e l i o n
θεοδωρίδη	θ e o ð o ɾ i ð i
θεολογικό	θ e o l o ʝ i k o
θουκυδίδη	θ u c i ð i ð i
ιερόν	i e ɾ o n
ιμάμησ	i m a m i s
ισμήνη	i z m i n i
ισπανίδα	i s p a n i ð a
κάλα	k a l a
κάλυμνοσ	k a l i m n o s
κάμα	k a m a
κέρασε	c e ɾ a s e
κίτρουσ	c i t ɾ u s
καβαλήσει	k a v a l i s i
καθόρισαν	k a θ o ɾ i s a n
κακογιάννη	k a k o ʝ a n i
καλαματα	k a l a m a t a
καλυμμένοσ	k a l i m e n o s
καραμέλασ	k a ɾ a m e l a s
καστά	k a s t a
κατάργησή	k a t a ɾ ʝ i s i
κατετάγη	k a t e t a ʝ i
κατηγορουμένων	k a t i ɣ o ɾ u m e n o n
κατώτερου	k a t o t e ɾ u
κλίφορντ	k l i f o ɾ d
κοινοποίησε	c i n o p i i s e
κοινοπολιτεία	c i n o p o l i t i a
κολόνεσ	k o l o n e s
κοντεύουν	k o n d e v u n
κορανίου	k o ɾ a n i u
κορμάκι	k o ɾ m a c i
κουλέ	k u l e
κουνιάδο	k u ɲ a ð o
κουταβάκια	k u t a v a c a
κούρσασ	k u ɾ s a s
κρα	k ɾ a
κρατησεισ	k ɾ a t i s i s
κρητικέσ	k ɾ i t i c e s
κριτικη	k ɾ i t i c i
κροκόδειλο	k ɾ o k o ð i l o
κρύβεστε	k ɾ i v e s t e
κτίσματοσ	k t i z m a t o s
κυλλήνησ	c i l i n i s
κυτταρικήσ	c i t a ɾ i c i s
κωλοι	k o l i
λάρσον	l a ɾ s o n
λανθάνουσα	l a n θ a n u s a
λατομεία	l a t o m i a
λιμενικών	l i m e n i k o n
λιμνοθάλασσασ	l i m n o θ a l a s a s
λιμόσ	l i m o s
λον	l o n
λουκασ	l u k a s
λυγμούσ	l i ɣ m u s
λόντον	l o n d o n
μάζευαν	m a z e v a n
μάνδρασ	m a n ð ɾ a s
μέγιστεσ	m e ʝ i s t e s
μέγιστου	m e ʝ i s t u
μέθυσε	m e θ i s e
μακάριο	m a k a ɾ i o
μαραθώνασ	m a ɾ a θ o n a s
μαρμαρυγή	m a ɾ m a ɾ i ʝ i
μαρμελάδεσ	m a ɾ m e l a ð e s
μαρτ	m a ɾ t
ματώσει	m a t o s i
μεικτή	m i k t i
μεσοθεραπεία	m e s o θ e ɾ a p i a
μεταδώσουν	m e t a ð o s u n
μετατροπέα	m e t a t ɾ o p e a
μεταφέραμε	m e t a f e ɾ a m e
μεταφορα	m e t a f o ɾ a
μεταχείρισησ	m e t a ç i ɾ i s i s
μικρε	m i k ɾ e
μικτού	m i k t u
μιλησεισ	m i l i s i s
μιχαηλίδου	m i x a i l i ð u
μοιρασιά	m i ɾ a s ç a
μοριά	m o ɾ ʝ a
μούφα	m u f a
μπομπονιέρεσ	b o b o ɲ e ɾ e s
μπριζίτ	b ɾ i z i t
μπότασ	b o t a s
μυτη	m i t i
νάρκισσοσ	n a ɾ c i s o s
νικητήριο	n i c i t i ɾ i o
νομιμοποιήσει	n o m i m o p i i s i
ντάλια	d a ʎ a
ξαναβρούμε	k s a n a v ɾ u m e
ξανασκέφτομαι	k s a n a s c e f t o m e
ξεκάθαροι	k s e k a θ a ɾ i
ξενο	k s e n o
ξεραθεί	k s e ɾ a θ i
ξεχωριστήσ	k s e x o ɾ i s t i s
οικοδομήματοσ	i k o ð o m i m a t o s
οιστρογόνων	i s t ɾ o ɣ o n o n
ολόσωμο	o l o s o m o
ομολόγου	o m o l o ɣ u
ονε	o n e
ορισθεί	o ɾ i s θ i
οριστικοποιήθηκε	o ɾ i s t i k o p i i θ i c e
οσμέσ	o z m e s
ουδέτεροσ	u ð e t e ɾ o s
ουζουνίδη	u z u n i ð i
πάλλη	p a l i
πέμπτου	p e m p t u
πέρδικα	p e ɾ ð i k a
πέστροφα	p e s t ɾ o f a
παγιδεύει	p a ʝ i ð e v i
παλεύοντασ	p a l e v o n d a s
πανδαισία	p a n ð e s i a
παπαδήμου	p a p a ð i m u
παράπονά	p a ɾ a p o n a
παράτησεσ	p a ɾ a t i s e s
παρέλειψε	p a ɾ e l i p s e
παραγωγικών	p a ɾ a ɣ o ʝ i k o n
παραπτώματα	p a ɾ a p t o m a t a
παρασκευά	p a ɾ a s c e v a
παρασυρθεί	p a ɾ a s i ɾ θ i
παρατηρητηρίου	p a ɾ a t i ɾ i t i ɾ i u
παρνασσόσ	p a ɾ n a s o s
παροικία	p a ɾ i c i a
παρτι	p a ɾ t i
πατά	p a t a
πατριόσ	p a t ɾ i o s
πενέλοπε	p e n e l o p e
πενταγώνου	p e n d a ɣ o n u
περικυκλώσει	p e ɾ i c i k l o s i
περιπλανώμενοσ	p e ɾ i p l a n o m e n o s
περπατήσετε	p e ɾ p a t i s e t e
περπατήσουν	p e ɾ p a t i s u n
περπατούσαν	p e ɾ p a t u s a n
πιλάτεσ	p i l a t e s
πλένουν	p l e n u n
πλαισιώνεται	p l e s i o n e t e
πλείστεσ	p l i s t e s
πλευρικά	p l e v ɾ i k a
πλοιάριο	p l i a ɾ i o
πλοκήσ	p l o c i s
πνέει	p n e i
ποικίλησ	p i c i l i s
πολικό	p o l i k o
πολυαναμενόμενη	p o l i a n a m e n o m e n i
πολυσύχναστο	p o l i s i x n a s t o
πολυτελούσ	p o l i t e l u s
πορνείασ	p o ɾ n i a s
πραγματικότητά	p ɾ a ɣ m a t i k o t i t a
πρακτικα	p ɾ a k t i k a
πριβέ	p ɾ i v e
προβάλουν	p ɾ o v a l u n
προγραμματισμένοσ	p ɾ o ɣ ɾ a m a t i z m e n o s
προεδρο	p ɾ o e ð ɾ o
προκήρυξε	p ɾ o c i ɾ i k s e
προπάντων	p ɾ o p a n d o n
προπαγανδιστικό	p ɾ o p a ɣ a n ð i s t i k o
προσεχεισ	p ɾ o s e ç i s
προσκεκλημένοι	p ɾ o s c e k l i m e n i
προσφυγόπουλα	p ɾ o s f i ɣ o p u l a
προτεινω	p ɾ o t i n o
προτεινόμενοσ	p ɾ o t i n o m e n o s
προτιμάται	p ɾ o t i m a t e
προωθούσε	p ɾ o o θ u s e
πρωτοφανείσ	p ɾ o t o f a n i s
πόζαρε	p o z a ɾ e
πύρινο	p i ɾ i n o
ράντζο	ɾ a n d͡z o
ρει	ɾ i
ρεμάλι	ɾ e m a l i
ρενό	ɾ e n o
ριζικό	ɾ i z i k o
ριπέσ	ɾ i p e s
ρόμπινσ	ɾ o b i n s
σίμου	s i m u
σαλπάρει	s a l p a ɾ i
σαρ	s a ɾ
σασπένσ	s a s p e n s
σερβιτόρεσ	s e ɾ v i t o ɾ e s
σηκωθούν	s i k o θ u n
σημαντικότητα	s i m a n d i k o t i t a
σθεναρή	s θ e n a ɾ i
σκέπασε	s c e p a s e
σκλαβενίτησ	s k l a v e n i t i s
σκληρα	s k l i ɾ a
σκονη	s k o n i
σολομόσ	s o l o m o s
σοσιαλιστικέσ	s o s i a l i s t i c e s
σουόνσι	s u o n s i
σπουδάζεισ	s p u ð a z i s
σπρινγκσ	s p ɾ i ŋ ɡ s
στάβλο	s t a v l o
στάρι	s t a ɾ i
σταθερούσ	s t a θ e ɾ u s
σταυρίδησ	s t a v ɾ i ð i s
σταυροφορίεσ	s t a v ɾ o f o ɾ i e s
στειλω	s t i l o
στοιχειο	s t i ç i o
στολη	s t o l i
στοχοποίηση	s t o x o p i i s i
στράβωσε	s t ɾ a v o s e
στραμμένα	s t ɾ a m e n a
συγκροτεί	s i ŋ ɡ ɾ o t i
συλλάβετε	s i l a v e t e
συμβουλεσ	s i ɱ v u l e s
συμβουλών	s i ɱ v u l o n
συμπερασμάτων	s i m b e ɾ a z m a t o n
συναφών	s i n a f o n
συνεχιζόμενησ	s i n e ç i z o m e n i s
συντεχνία	s i n d e x n i a
συντηρητικήσ	s i n d i ɾ i t i c i s
συσσωρεύεται	s i s o ɾ e v e t e
συσχετισμόσ	s i s ç e t i z m o s
σωσίασ	s o s i a s
σόφη	s o f i
σύν	s i n
σύρων	s i ɾ o n
τέμπη	t e m b i
ταγκ	t a ŋ ɡ
ταξιδεύετε	t a k s i ð e v e t e
ταυτοποιήθηκαν	t a f t o p i i θ i k a n
ταύροι	t a v ɾ i
τελείωσεσ	t e l i o s e s
τενίστασ	t e n i s t a s
τεταμένη	t e t a m e n i
τραίνου	t ɾ e n u
τραγανά	t ɾ a ɣ a n a
τρελα	t ɾ e l a
τριανδρία	t ɾ i a n ð ɾ i a
τρομοκρατούν	t ɾ o m o k ɾ a t u n
τσακωμό	t͡s a k o m o
τόλμησαν	t o l m i s a n
τύλιξε	t i l i k s e
υδραργύρου	i ð ɾ a ɾ ʝ i ɾ u
υδροδότησησ	i ð ɾ o ð o t i s i s
υλοποίησε	i l o p i i s e
υπαίθριεσ	i p e θ ɾ i e s
υπαίτιοσ	i p e t i o s
υπαξιωματικόσ	i p a k s i o m a t i k o s
υπατία	i p a t i a
υπερβολικού	i p e ɾ v o l i k u
υποψιαστεί	i p o p s i a s t i
υφιστάμενη	i f i s t a m e n i
υψηλόβαθμο	i p s i l o v a θ m o
φίνο	f i n o
φαι	f e
φαρισαίοι	f a ɾ i s e i
φασκόμηλο	f a s k o m i l o
φεμινίστριεσ	f e m i n i s t ɾ i e s
φερθείσ	f e ɾ θ i s
φερνει	f e ɾ n i
φλέρταρε	f l e ɾ t a ɾ e
φοβερο	f o v e ɾ o
φοβο	f o v o
φοιτητικού	f i t i t i k u
φράσεων	f ɾ a s e o n
φυγουν	f i ɣ u n
φόρεσ	f o ɾ e s
χάρτινη	x a ɾ t i n i
χειριστών	ç i ɾ i s t o n
χειροποίητη	ç i ɾ o p i i t i
χειρόφρενο	ç i ɾ o f ɾ e n o
χορευτών	x o ɾ e f t o n
χορστ	x o ɾ s t
χορτοφάγουσ	x o ɾ t o f a ɣ u s
χρηματοδοτήσουν	x ɾ i m a t o ð o t i s u n
χρονοβόρα	x ɾ o n o v o ɾ a
χρυσοί	x ɾ i s i
χρωματισμόσ	x ɾ o m a t i z m o s
χωριστούν	x o ɾ i s t u n
ψαράκια	p s a ɾ a c a
ψεύδεσαι	p s e v ð e s e
όντο	o n d o
ύπατοσ	i p a t o s
ώθησησ	o θ i s i s
άγγιξαν	a ŋ ɟ i k s a n
άνωθεν	a n o θ e n
άχρηστε	a x ɾ i s t e
έδειρε	e ð i ɾ e
έκαστο	e k a s t o
έτοιμουσ	e t i m u s
αβάνασ	a v a n a s
αγέννητο	a ʝ e n i t o
αγαπημενη	a ɣ a p i m e n i
αγγλο	a ŋ ɡ l o
αγνόησαν	a ɣ n o i s a n
αγόρασέ	a ɣ o ɾ a s e
αδένων	a ð e n o n
αδικίασ	a ð i c i a s
ακίνδυνο	a c i n ð i n o
ακατάπαυστα	a k a t a p a f s t a
ακτιβίστρια	a k t i v i s t ɾ i a
ακτινολογικό	a k t i n o l o ʝ i k o
αλγόριθμουσ	a l ɣ o ɾ i θ m u s
αμέριστη	a m e ɾ i s t i
αμβρόσιο	a ɱ v ɾ o s i o
αμερικάνων	a m e ɾ i k a n o n
ανάρτησή	a n a ɾ t i s i
ανέβαζε	a n e v a z e
ανέμενε	a n e m e n e
ανίατη	a n i a t i
αναισθησίασ	a n e s θ i s i a s
αναπληρωματικό	a n a p l i ɾ o m a t i k o
αναρωτιεμαι	a n a ɾ o t ç e m e
ανατίθεται	a n a t i θ e t e
ανδρα	a n ð ɾ a
ανεμιστήρασ	a n e m i s t i ɾ a s
ανεχτώ	a n e x t o
ανησυχητική	a n i s i ç i t i c i
ανθυπολοχαγόσ	a n θ i p o l o x a ɣ o s
ανιχνεύουν	a n i x n e v u n
αντερσον	a n d e ɾ s o n
αντουανέτα	a n d u a n e t a
ανώριμο	a n o ɾ i m o
αξεπέραστη	a k s e p e ɾ a s t i
αξιοπρεπώσ	a k s i o p ɾ e p o s
απάτησε	a p a t i s e
απαλλαγήσ	a p a l a ʝ i s
απερίφραστα	a p e ɾ i f ɾ a s t a
απλήρωτουσ	a p l i ɾ o t u s
απλώθηκε	a p l o θ i c e
απολύεται	a p o l i e t e
αποσπάσματοσ	a p o s p a z m a t o s
αποστολέασ	a p o s t o l e a s
απτην	a p t i n
απτό	a p t o
αρνούμενοσ	a ɾ n u m e n o s
αρσάκειο	a ɾ s a c i o
ασαφείσ	a s a f i s
ασπρόμαυρα	a s p ɾ o m a v ɾ a
αστεριού	a s t e ɾ ʝ u
αστοχίεσ	a s t o ç i e s
αστρολογικέσ	a s t ɾ o l o ʝ i c e s
ασχημη	a s ç i m i
αφρικανοί	a f ɾ i k a n i
βάλεϊ	v a l e i̯
βίζασ	v i z a s
βαρβαρότητασ	v a ɾ v a ɾ o t i t a s
βαρόνο	v a ɾ o n o
βεληνεκέσ	v e l i n e c e s
βηματα	v i m a t a
βιαστείτε	v i a s t i t e
βικ	v i k
βουλησ	v u l i s
βραχώδεισ	v ɾ a x o ð i s
βρούτσησ	v ɾ u t͡s i s
βρώμησ	v ɾ o m i s
βωβού	v o v u
γέννησαν	ʝ e n i s a n
γαλοπούλασ	ɣ a l o p u l a s
γαμάνε	ɣ a m a n e
γεννηθήκατε	ʝ e n i θ i k a t e
γεννηθώ	ʝ e n i θ o
γευτείσ	ʝ e f t i s
γεωτρήσεισ	ʝ e o t ɾ i s i s
γιαλού	ʝ a l u
γιορτάζεισ	ʝ o ɾ t a z i s
γιορτινή	ʝ o ɾ t i n i
γκάλο	ɡ a l o
γκαζιού	ɡ a z ʝ u
γκου	ɡ u
γκόμεσ	ɡ o m e s
γλωσσολογίασ	ɣ l o s o l o ʝ i a s
γν	ɣ n
γνωστοσ	ɣ n o s t o s
γραπτού	ɣ ɾ a p t u
γυμνάζεται	ʝ i m n a z e t e
γυμνούσ	ʝ i m n u s
δέσμευσή	ð e z m e f s i
δασικό	ð a s i k o
δεκαπενταύγουστου	ð e k a p e n d a v ɣ u s t u
δερμάτινη	ð e ɾ m a t i n i
δεσμευτικό	ð e z m e f t i k o
δημαρχίασ	ð i m a ɾ ç i a s
δημουλά	ð i m u l a
διακανονισμόσ	ð i̯ a k a n o n i z m o s
διαρκέσουν	ð i̯ a ɾ c e s u n
διασκεδάσουμε	ð i̯ a s c e ð a s u m e
διαστημικών	ð i̯ a s t i m i k o n
διατυπώσεισ	ð i̯ a t i p o s i s
διενεργήθηκαν	ð i e n e ɾ ʝ i θ i k a n
δικαστά	ð i k a s t a
διορίστηκαν	ð i o ɾ i s t i k a n
δισκογραφίασ	ð i s k o ɣ ɾ a f i a s
δοκιμάζεται	ð o c i m a z e t e
δοκιμίου	ð o c i m i u
δούλο	ð u l o
δρομάκι	ð ɾ o m a c i
είδησησ	i ð i s i s
εγκαταλείψουμε	e ŋ ɡ a t a l i p s u m e
ειδικεύονται	i ð i c e v o n d e
εισοδο	i s o ð o
εισόδημά	i s o ð i m a
εκαμ	e k a m
εκρηκτικόσ	e k ɾ i k t i k o s
εκτιμάμε	e k t i m a m e
εκτιμώντασ	e k t i m o n d a s
ελαμ	e l a m
ελαφρού	e l a f ɾ u
εμφράγματοσ	e ɱ f ɾ a ɣ m a t o s
ενασχόλησησ	e n a s x o l i s i s
ενορίεσ	e n o ɾ i e s
ενοχλείται	e n o x l i t e
εξαπατά	e k s a p a t a
εξετάστηκαν	e k s e t a s t i k a n
εξωφρενική	e k s o f ɾ e n i c i
επέδειξαν	e p e ð i k s a n
επείγουσασ	e p i ɣ u s a s
επεμβάσεων	e p e ɱ v a s e o n
επιδημίεσ	e p i ð i m i e s
επικήδειο	e p i c i ð i o
επιμένουμε	e p i m e n u m e
επώδυνεσ	e p o ð i n e s
ερωτημα	e ɾ o t i m a
εσφαλμένεσ	e s f a l m e n e s
ετοιμάστηκε	e t i m a s t i c e
ευελπιστώ	e v e l p i s t o
εφεδρείεσ	e f e ð ɾ i e s
εφκ	e f k
εχθρικόσ	e x θ ɾ i k o s
εχθροπραξίεσ	e x θ ɾ o p ɾ a k s i e s
ζωντανη	z o n d a n i
ζώντων	z o n d o n
ημιτελέσ	i m i t e l e s
ηρεμούν	i ɾ e m u n
ηρωεσ	i ɾ o e s
ηρώο	i ɾ o o
θάμνοι	θ a m n i
θαλασσασ	θ a l a s a s
θαμμένοι	θ a m e n i
θεματάκι	θ e m a t a c i
θεοδόσιοσ	θ e o ð o s i o s
θεούλη	θ e u l i
θεωρητικού	θ e o ɾ i t i k u
θηλαστικό	θ i l a s t i k o
ιδεολογικήσ	i ð e o l o ʝ i c i s
ιζαμπέλα	i z a b e l a
ινδή	i n ð i
ισορροπήσει	i s o ɾ o p i s i
κή	c i
κήρυκασ	c i ɾ i k a s
καίγοντασ	c e ɣ o n d a s
καθεδρικού	k a θ e ð ɾ i k u
καθοδήγησή	k a θ o ð i ʝ i s i
κανονικοί	k a n o n i c i
καποιου	k a p i u
καρδούλεσ	k a ɾ ð u l e s
καρκινοσ	k a ɾ c i n o s
καστοριάδησ	k a s t o ɾ ʝ a ð i s
κατάβαση	k a t a v a s i
κατάρτι	k a t a ɾ t i
καταλάβαιναν	k a t a l a v e n a n
καταναλωτήσ	k a t a n a l o t i s
καταντάει	k a t a n d a i
καταπέλτησ	k a t a p e l t i s
καταστήσουν	k a t a s t i s u n
κατασχεθεί	k a t a s ç e θ i
κατηγορούμενου	k a t i ɣ o ɾ u m e n u
κατρίν	k a t ɾ i n
καυτανζόγλειο	k a f t a n z o ɣ l i o
καχύποπτοσ	k a ç i p o p t o s
κείνουσ	c i n u s
κερδοσκοπικόσ	c e ɾ ð o s k o p i k o s
κηφισού	c i f i s u
κινηθείτε	c i n i θ i t e
κινητικέσ	c i n i t i c e s
κινητικήσ	c i n i t i c i s
κινόα	c i n o a
κλάψα	k l a p s a
κλέβοντασ	k l e v o n d a s
κλασσικόσ	k l a s i k o s
κλειώ	k l i o
κληρονόμουσ	k l i ɾ o n o m u s
κολπική	k o l p i c i
κοπράνων	k o p ɾ a n o n
κορδελιού	k o ɾ ð e ʎ u
κορινθίουσ	k o ɾ i n θ i u s
κουνάσ	k u n a s
κουρδικό	k u ɾ ð i k o
κοφτερό	k o f t e ɾ o
κούκλασ	k u k l a s
κούρασε	k u ɾ a s e
κρέμασ	k ɾ e m a s
κρυψώνεσ	k ɾ i p s o n e s
κρύου	k ɾ i u
κτιριο	k t i ɾ i o
κυβερνάται	c i v e ɾ n a t e
λέμβο	l e ɱ v o
λέμβουσ	l e ɱ v u s
λέροσ	l e ɾ o s
λήφθηκαν	l i f θ i k a n
λαγοί	l a ʝ i
λεβ	l e v
λεων	l e o n
λιγοστό	l i ɣ o s t o
λουδοβίκου	l u ð o v i k u
λουμπούρ	l u b u ɾ
μάνατζέρ	m a n a d͡z e ɾ
μάξι	m a k s i
μέν	m e n
μίλοσ	m i l o s
μακαριστού	m a k a ɾ i s t u
μαραγκού	m a ɾ a ŋ ɡ u
ματθ	m a t θ
μαυρουδήσ	m a v ɾ u ð i s
μεσίτη	m e s i t i
μεσοδιάστημα	m e s o ð ʝ a s t i m a
μετακινήστε	m e t a c i n i s t e
μεταλλαγμένων	m e t a l a ɣ m e n o n
μεταλλικού	m e t a l i k u
μεταξουργείο	m e t a k s u ɾ ʝ i o
μετατίθεται	m e t a t i θ e t e
μισήσεισ	m i s i s i s
μονών	m o n o n
μουδανιά	m u ð a ɲ a
μπάροου	b a ɾ o u
μπαρντό	b a ɾ d o
μυθικά	m i θ i k a
μω	m o
μύησησ	m i i s i s
νεοσύστατο	n e o s i s t a t o
νετρονίων	n e t ɾ o n i o n
νεώτερησ	n e o t e ɾ i s
νικούσε	n i k u s e
νοιαζόμαστε	n i a z o m a s t e
νορβηγική	n o ɾ v i ʝ i c i
νταχάου	d a x a u
ντόμινικ	d o m i n i k
ξανθέσ	k s a n θ e s
ξεχωριστών	k s e x o ɾ i s t o n
οασε	o a s e
οισοφάγο	i s o f a ɣ o
ολοκληρωμένων	o l o k l i ɾ o m e n o n
οπλισμένα	o p l i z m e n a
οργανωθούμε	o ɾ ɣ a n o θ u m e
οσάμα	o s a m a
οσεσ	o s e s
ούτοσ	u t o s
πάλεψαν	p a l e p s a n
πάριο	p a ɾ i o
πέλμα	p e l m a
πίεσαν	p i e s a n
παγιδεύτηκε	p a ʝ i ð e f t i c e
πακιστανόσ	p a c i s t a n o s
παλινδρόμησησ	p a l i n ð ɾ o m i s i s
παλτά	p a l t a
πανοσ	p a n o s
παππούλη	p a p u l i
παραβρέθηκε	p a ɾ a v ɾ e θ i c e
παραποίηση	p a ɾ a p i i s i
παρατήσουν	p a ɾ a t i s u n
παρεμβαίνουν	p a ɾ e ɱ v e n u n
πατριωτικού	p a t ɾ i o t i k u
πείρασ	p i ɾ a s
πειραματικού	p i ɾ a m a t i k u
πεντάμορφη	p e n d a m o ɾ f i
πενταετή	p e n d a e t i
πεντηκοστήσ	p e n d i k o s t i s
περίφημου	p e ɾ i f i m u
περιπετειώδησ	p e ɾ i p e t i o ð i s
περιπτωσεισ	p e ɾ i p t o s i s
περιστρεφόμενο	p e ɾ i s t ɾ e f o m e n o
περπάτα	p e ɾ p a t a
πηγαινει	p i ʝ e n i
πινέλα	p i n e l a
πιτα	p i t a
πλαγιάσ	p l a ʝ a s
πληροφορηθεί	p l i ɾ o f o ɾ i θ i
πληρωμένο	p l i ɾ o m e n o
πλωτάρχη	p l o t a ɾ ç i
ποθεί	p o θ i
πολύπλευρη	p o l i p l e v ɾ i
ποντάρετε	p o n d a ɾ e t e
πουά	p u a
πούστηδεσ	p u s t i ð e s
πράσο	p ɾ a s o
πρακτικούσ	p ɾ a k t i k u s
προγενέστερη	p ɾ o ʝ e n e s t e ɾ i
προγραμματοσ	p ɾ o ɣ ɾ a m a t o s
προκαταρκτικέσ	p ɾ o k a t a ɾ k t i c e s
προλαμβάνει	p ɾ o l a ɱ v a n i
προσέλθετε	p ɾ o s e l θ e t e
προσβάλω	p ɾ o z v a l o
προσιτέσ	p ɾ o s i t e s
προσιτό	p ɾ o s i t o
προσκύνηση	p ɾ o s c i n i s i
προσφυγικά	p ɾ o s f i ʝ i k a
προχωράνε	p ɾ o x o ɾ a n e
πρόστυχα	p ɾ o s t i x a
πυλώνασ	p i l o n a s
ρήξεισ	ɾ i k s i s
ρήσεισ	ɾ i s i s
ρίζοσ	ɾ i z o s
ραν	ɾ a n
ρατσιστικών	ɾ a t͡s i s t i k o n
ρομαντικούσ	ɾ o m a n d i k u s
ρουφάσ	ɾ u f a s
ρυθμών	ɾ i θ m o n
σαμαρα	s a m a ɾ a
σαπίζουν	s a p i z u n
σβηστεί	z v i s t i
σεα	s e a
σεκιούριτι	s e c u ɾ i t i
σημερινη	s i m e ɾ i n i
σιωπηλό	s i o p i l o
σκοτεινούσ	s k o t i n u s
σπάσε	s p a s e
στήθηκαν	s t i θ i k a n
σταθήκαμε	s t a θ i k a m e
στερεί	s t e ɾ i
στερώντασ	s t e ɾ o n d a s
συμπερασματα	s i m b e ɾ a z m a t a
συμπεριλήφθηκε	s i m b e ɾ i l i f θ i c e
συνεισφοράσ	s i n i s f o ɾ a s
συντροφικότητα	s i n d ɾ o f i k o t i t a
συνόδευσαν	s i n o ð e f s a n
συνόδεψε	s i n o ð e p s e
συστημικέσ	s i s t i m i c e s
συσχετίζονται	s i s ç e t i z o n d e
συσχετισμό	s i s ç e t i z m o
συχνόσ	s i x n o s
σχολικοί	s x o l i c i
τακτικοί	t a k t i c i
ταξιδια	t a k s i ð ʝ a
ταράζει	t a ɾ a z i
τεκμηριωμένεσ	t e k m i ɾ i o m e n e s
τελευταιεσ	t e l e f t e e s
τζάσπερ	d͡z a s p e ɾ
τιμαλφή	t i m a l f i
τρίαινα	t ɾ i e n a
τρελάνεισ	t ɾ e l a n i s
τρεχουσών	t ɾ e x u s o n
τροποποιεί	t ɾ o p o p i i
τρούλο	t ɾ u l o
τσαι	t͡s e
τσιρώνησ	t͡s i ɾ o n i s
τυλίγει	t i l i ʝ i
τυλίξει	t i l i k s i
τυνησίασ	t i n i s i a s
τυφλώνει	t i f l o n i
τύχουν	t i x u n
υιοθετήσουμε	i o θ e t i s u m e
υιοθετημένη	i o θ e t i m e n i
υμνεί	i m n i
υπάρχοντοσ	i p a ɾ x o n d o s
υπακούσει	i p a k u s i
υπεράσπισή	i p e ɾ a s p i s i
υπερφυσική	i p e ɾ f i s i c i
υποβάθρου	i p o v a θ ɾ u
υποδοχέσ	i p o ð o ç e s
υποθετικό	i p o θ e t i k o
υποκόσμου	i p o k o z m u
υποσχόταν	i p o s x o t a n
υποτιμάτε	i p o t i m a t e
υποψηφιοτήτων	i p o p s i f i o t i t o n
υστέρηση	i s t e ɾ i s i
φέροντασ	f e ɾ o n d a s
φανταστικούσ	f a n d a s t i k u s
φημολογία	f i m o l o ʝ i a
φθηνέσ	f θ i n e s
φιλανθρωπίεσ	f i l a n θ ɾ o p i e s
φιλντ	f i l d
φοροαπαλλαγέσ	f o ɾ o a p a l a ʝ e s
φουλάρι	f u l a ɾ i
φρυγανιέσ	f ɾ i ɣ a ɲ e s
φυλλα	f i l a
φυσιολογικήσ	f i s i o l o ʝ i c i s
φωτογραφηθεί	f o t o ɣ r a f i θ i
φύσηξε	f i s i k s e
χάμπτον	x a m p t o n
χήνα	ç i n a
χαιρετήσω	ç e ɾ e t i s o
χαμήλωσε	x a m i l o s e
χαμογελάσεισ	x a m o ʝ e l a s i s
χειροπιαστό	ç i ɾ o p ç a s t o
χλιδή	x l i ð i
χοιρινά	ç i ɾ i n a
χονολουλού	x o n o l u l u
χριστινα	x ɾ i s t i n a
χρώματά	x ɾ o m a t a
χτισμένα	x t i z m e n a
χωροφύλακεσ	x o ɾ o f i l a c e s
χύνει	ç i n i
ψέμμα	p s e m a
ωθούν	o θ u n
ύστερη	i s t e ɾ i
άλλεν	a l e n
άντερσ	a n d e ɾ s
άντρεα	a n d ɾ e a
άσματα	a z m a t a
άτιμοσ	a t i m o s
έβα	e v a
έδειξεσ	e ð i k s e s
έτυχαν	e t i x a n
αγκάλεσ	a ŋ ɡ a l e s
αδελφότητεσ	a ð e l f o t i t e s
αδρεναλίνησ	a ð ɾ e n a l i n i s
αθλητικη	a θ l i t i c i
αιθέριο	e θ e ɾ i o
αιματολογικέσ	e m a t o l o ʝ i c e s
αιμοσφαιρίνησ	e m o s f e ɾ i n i s
αιρετικούσ	e ɾ e t i k u s
ακράδαντα	a k ɾ a ð a n d a
ακύρωσαν	a c i ɾ o s a n
αλικαρνασσού	a l i k a ɾ n a s u
αλύπητα	a l i p i t a
αμείλικτη	a m i l i k t i
ανέβαιναν	a n e v e n a n
αναβάτη	a n a v a t i
ανακήρυξε	a n a c i ɾ i k s e
ανακατανομή	a n a k a t a n o m i
ανακληθεί	a n a k l i θ i
ανακοίνωσησ	a n a c i n o s i s
αναπαραχθεί	a n a p a ɾ a x θ i
αναπνεύσει	a n a p n e f s i
αναπροσαρμογή	a n a p ɾ o s a ɾ m o ʝ i
ανεπαρκέσ	a n e p a ɾ c e s
ανοίχτηκε	a n i x t i c e
αντίστοιχοι	a n d i s t i ç i
ανταλλάσσει	a n d a l a s i
ανταμείψει	a n d a m i p s i
ανταποκριτή	a n d a p o k ɾ i t i
ανταρκτικήσ	a n d a ɾ k t i c i s
αντζελεσ	a n d͡z e l e s
αντιδραστήρασ	a n d i ð ɾ a s t i ɾ a s
αντιμετώπισή	a n d i m e t o p i s i
αντλήσει	a n d l i s i
αξιόλογοσ	a k s i o l o ɣ o s
αξιότιμοσ	a k s i o t i m o s
απελευθερωτικού	a p e l e f θ e ɾ o t i k u
απεναντίασ	a p e n a n d i a s
απευθύνεσαι	a p e f θ i n e s e
αποθηκών	a p o θ i k o n
αποκαλυπτικέσ	a p o k a l i p t i c e s
αποκαλύψω	a p o k a l i p s o
αποκλείσουν	a p o k l i s u n
απολυτη	a p o l i t i
απομιμήσεισ	a p o m i m i s i s
απομονώνεται	a p o m o n o n e t e
αποτελεσματικοί	a p o t e l e z m a t i c i
αποτυπώθηκε	a p o t i p o θ i c e
αποφυλάκισή	a p o f i l a c i s i
απόκρυψησ	a p o k ɾ i p s i s
απόλαυσέ	a p o l a f s e
απόσπασησ	a p o s p a s i s
απόσχιση	a p o s ç i s i
απόφοιτουσ	a p o f i t u s
αριστουργηματικό	a ɾ i s t u ɾ ʝ i m a t i k o
αστροφυσικήσ	a s t ɾ o f i s i c i s
αυγερινόσ	a v ʝ e ɾ i n o s
αυτοκινητοβιομηχανίασ	a f t o c i n i t o v i o m i x a n i a s
αφηγηματική	a f i ʝ i m a t i c i
αχαρνέσ	a x a ɾ n e s
βάφτισε	v a f t i s e
βίντεό	v i n d e o
βαγενά	v a ʝ e n a
βαθια	v a θ ç a
βελόνασ	v e l o n a s
βλαστοκύτταρα	v l a s t o c i t a ɾ a
βομβιστή	v o ɱ v i s t i
βουβή	v u v i
βουνα	v u n a
γαμ	ɣ a m
γεννιόμαστε	ʝ e ɲ o m a s t e
γερμανοι	ʝ e ɾ m a n i
γεροντοκόρη	ʝ e ɾ o n d o k o ɾ i
γιούργκεν	ʝ u ɾ ɟ e n
γιώτησ	ʝ o t i s
γκιλ	ɟ i l
γραμματέων	ɣ ɾ a m a t e o n
γόνο	ɣ o n o
δέσμεσ	ð e z m e s
δασκάλασ	ð a s k a l a s
δειλή	ð i l i
δειπνο	ð i p n o
δεσμεύομαι	ð e z m e v o m e
δευτέρεσ	ð e f t e ɾ e s
δημιουργήστε	ð i m i u ɾ ʝ i s t e
διάδοχόσ	ð i̯ a ð o x o s
διαβατηρίου	ð i̯ a v a t i ɾ i u
διενεργείται	ð i e n e ɾ ʝ i t e
διευθυντησ	ð i e f θ i n d i s
διευκολύνσεισ	ð i e f k o l i n s i s
διευκρινιστεί	ð i e f k ɾ i n i s t i
δινα	ð i n a
διοικήσεων	ð i i c i s e o n
διορισμένοι	ð i o ɾ i z m e n i
δρομολόγησησ	ð ɾ o m o l o ʝ i s i s
δσα	ð s a
δυναμώνουν	ð i n a m o n u n
δυναμώσει	ð i n a m o s i
δυνατη	ð i n a t i
δυσμενή	ð i z m e n i
δόρατοσ	ð o ɾ a t o s
δύνανται	ð i n a n d e
εγγυητική	e ŋ ɟ i i t i c i
εγκ	e ŋ ɡ
εγκυοσ	e ŋ ɟ i o s
εδραιώσει	e ð ɾ e o s i
εκπαιδευόμενοσ	e k p e ð e v o m e n o s
εκπληρωθεί	e k p l i ɾ o θ i
εκτίμησαν	e k t i m i s a n
εκφράσουμε	e k f ɾ a s u m e
εκφραστικά	e k f ɾ a s t i k a
ελαίων	e l e o n
ελαττώματά	e l a t o m a t a
ελαφρέσ	e l a f ɾ e s
εμα	e m a
εμπιστευθεί	e m b i s t e f θ i
εμπνευσμένεσ	e m b n e v z m e n e s
εμφάνισήσ	e ɱ f a n i s i s
εμφανισθεί	e ɱ f a n i s θ i
ενέσιμη	e n e s i m i
ενδιαφέρθηκαν	e n ð i̯ a f e ɾ θ i k a n
ενδοχώρασ	e n ð o x o ɾ a s
ενοχλητικόσ	e n o x l i t i k o s
εντομοκτόνο	e n d o m o k t o n o
εξαφανίσεισ	e k s a f a n i s i s
εξειδικεύεται	e k s i ð i c e v e t e
εξοπλισμένοσ	e k s o p l i z m e n o s
εξοργιστικό	e k s o ɾ ʝ i s t i k o
εξυπηρετήσουν	e k s i p i ɾ e t i s u n
επέβαλλαν	e p e v a l a n
επαναλαμβάνουν	e p a n a l a ɱ v a n u n
επαναστατικόσ	e p a n a s t a t i k o s
επαναφέρετε	e p a n a f e ɾ e t e
επηρεασμένη	e p i ɾ e a z m e n i
επηρεαστούν	e p i ɾ e a s t u n
επιβεβαιωμένα	e p i v e v e o m e n a
επιβεβαιωμένο	e p i v e v e o m e n o
επιβεβαιώσετε	e p i v e v e o s e t e
επιδέξιοσ	e p i ð e k s i o s
επιδεινώθηκε	e p i ð i n o θ i c e
επικεφαλή	e p i c e f a l i
επικυρώθηκε	e p i c i ɾ o θ i c e
επιλέχτηκε	e p i l e x t i c e
επιμεληθεί	e p i m e l i θ i
επιπλεον	e p i p l e o n
επιστημονικη	e p i s t i m o n i c i
επτανήσων	e p t a n i s o n
επωφελήσ	e p o f e l i s
ερασιτεχνικού	e ɾ a s i t e x n i k u
εραστών	e ɾ a s t o n
εσωτερικη	e s o t e ɾ i c i
ετοιμάζετε	e t i m a z e t e
ευδοκία	e v ð o c i a
ευεξίασ	e v e k s i a s
ευθύμησ	e f θ i m i s
ευρωεκλογών	e v ɾ o e k l o ɣ o n
ζαγοροχώρια	z a ɣ o ɾ o x o ɾ ʝ a
ζαφειρόπουλοσ	z a f i ɾ o p u l o s
ζαχαρη	z a x a ɾ i
ζεσταίνεται	z e s t e n e t e
ζωοτροφέσ	z o o t ɾ o f e s
ηχο	i x o
θίοντορ	θ i o n d o ɾ
θαυμάσιεσ	θ a v m a s i e s
θεολόγο	θ e o l o ɣ o
θεοχαρόπουλοσ	θ e o x a ɾ o p u l o s
θετικού	θ e t i k u
θρηνούν	θ ɾ i n u n
θριαμβευτικά	θ ɾ i a ɱ v e f t i k a
θυμάρι	θ i m a ɾ i
θυμώσεισ	θ i m o s i s
θόλου	θ o l u
ιδιωτικο	i ð i o t i k o
ιδρύσουν	i ð ɾ i s u n
ιεραρχική	i e ɾ a ɾ ç i c i
ιεροκήρυκα	i e ɾ o c i ɾ i k a
ιεροσυλία	i e ɾ o s i l i a
ιουλία	i u l i a
ισπανικέσ	i s p a n i c e s
ισχυρισμών	i s ç i ɾ i z m o n
κάδοι	k a ð i
κάθαρσησ	k a θ a ɾ s i s
κάθησε	k a θ i s e
κάκωση	k a k o s i
κάλυκεσ	k a l i c e s
κάνο	k a n o
κίρα	c i ɾ a
καβαλάρη	k a v a l a ɾ i
καθαρη	k a θ a ɾ i
καθαριστικά	k a θ a ɾ i s t i k a
καθηγητού	k a θ i ʝ i t u
καθιστόσ	k a θ i s t o s
καθοριστικόσ	k a θ o ɾ i s t i k o s
καινουρια	c e n u ɾ ʝ a
καλαφάτη	k a l a f a t i
καμένοσ	k a m e n o s
καμώματα	k a m o m a t a
καρφωμένο	k a ɾ f o m e n o
κασέρι	k a s e ɾ i
καστίγιο	k a s t i ʝ i o
καταδικάσουν	k a t a ð i k a s u n
καταζητούμενοσ	k a t a z i t u m e n o s
καταλυτικό	k a t a l i t i k o
καταχώριση	k a t a x o ɾ i s i
κβαντικήσ	k v a n d i c i s
κινήσεωσ	c i n i s e o s
κινήτρων	c i n i t ɾ o n
κλειδωμένα	k l i ð o m e n a
κλιματολογικέσ	k l i m a t o l o ʝ i c e s
κοιμητηρίου	c i m i t i ɾ i u
κομματα	k o m a t a
κομμωτήρια	k o m o t i ɾ i a
κοπεγχάγησ	k o p e ŋ x a ʝ i s
κορνάρο	k o ɾ n a ɾ o
κοτοπουλο	k o t o p u l o
κουβαλώντασ	k u v a l o n d a s
κουράζεσαι	k u ɾ a z e s e
κουφάλα	k u f a l a
κράτησεσ	k ɾ a t i s e s
κρέμασμα	k ɾ e m a z m a
κρατηθούν	k ɾ a t i θ u n
κτηνωδία	k t i n o ð i a
κυκλο	c i k l o
κυνηγημένοσ	c i n i ʝ i m e n o s
κωδ	k o ð
κωλόπαιδα	k o l o p e ð a
κωνσταντόπουλοσ	k o n s t a n d o p u l o s
κωστα	k o s t a
κόλλεσ	k o l e s
κόσ	k o s
λέοντεσ	l e o n d e s
λήγουν	l i ɣ u n
λίφτινγκ	l i f t i ŋ ɡ
λαντ	l a n d
λειτουργό	l i t u ɾ ɣ o
λεπτομερειεσ	l e p t o m e ɾ i e s
λευκάδοσ	l e f k a ð o s
λιγακι	l i ɣ a c i
λιμένεσ	l i m e n e s
λιπαντικά	l i p a n d i k a
λιτοχώρου	l i t o x o ɾ u
λογικών	l o ʝ i k o n
λογου	l o ɣ u
μάλλινο	m a l i n o
μέτωπό	m e t o p o
μαγικού	m a ʝ i k u
μαθεσ	m a θ e s
μακροπρόθεσμεσ	m a k ɾ o p ɾ o θ e z m e s
μανούλεσ	m a n u l e s
μαντώ	m a n d o
μαρτίνσ	m a ɾ t i n s
μείζων	m i z o n
μεγάλωναν	m e ɣ a l o n a n
μειώνουμε	m i o n u m e
μελαγχολίασ	m e l a ŋ x o l i a s
μεμονωμένουσ	m e m o n o m e n u s
μεξικανόσ	m e k s i k a n o s
μεσημερι	m e s i m e ɾ i
μετάλλαξησ	m e t a l a k s i s
μεταναστευτικέσ	m e t a n a s t e f t i c e s
μετεωριτών	m e t e o ɾ i t o n
μετοχικό	m e t o ç i k o
μηδενίζεται	m i ð e n i z e t e
μηχανολόγοσ	m i x a n o l o ɣ o s
μιλησε	m i l i s e
μονόζυγο	m o n o z i ɣ o
μονόλογο	m o n o l o ɣ o
μοτοσικλετών	m o t o s i k l e t o n
μούσεσ	m u s e s
μπά	b a
μπάκα	b a k a
μπασάρ	b a s a ɾ
μπολσεβίκων	b o l s e v i k o n
μπράβοσ	b ɾ a v o s
μυστικοί	m i s t i c i
μύλου	m i l u
νάνα	n a n a
ναζι	n a z i
ναυαρίνου	n a v a ɾ i n u
νεκρη	n e k ɾ i
νεοφιλελευθερισμό	n e o f i l e l e f θ e ɾ i z m o
νευρολόγοσ	n e v ɾ o l o ɣ o s
νικήτριεσ	n i c i t ɾ i e s
νομιζετε	n o m i z e t e
ντύνει	d i n i
νόμιμησ	n o m i m i s
ξέρξησ	k s e ɾ k s i s
οδηγηθούμε	o ð i ʝ i θ u m e
οθέλλοσ	o θ e l o s
οικοδόμοσ	i k o ð o m o s
οικτρά	i k t ɾ a
οισοφάγου	i s o f a ɣ u
οιστρογόνα	i s t ɾ o ɣ o n a
ολοκαίνουργια	o l o c e n u ɾ ʝ a
ολοκληρωτισμού	o l o k l i ɾ o t i z m u
ολόγυρα	o l o ʝ i ɾ a
ομοιομορφία	o m i o m o ɾ f i a
οο	o o
οπεκ	o p e k
ουμ	u m
πάλμασ	p a l m a s
πάνθηρα	p a n θ i ɾ a
παγόβουνο	p a ɣ o v u n o
παλαμάκια	p a l a m a c a
παλμού	p a l m u
παξινού	p a k s i n u
παράστασή	p a ɾ a s t a s i
παραδώσεισ	p a ɾ a ð o s i s
παραιτηθείτε	p a ɾ e t i θ i t e
παραλογισμόσ	p a ɾ a l o ʝ i z m o s
παρασκευάσ	p a ɾ a s c e v a s
παραταχθεί	p a ɾ a t a x θ i
παρατηρήσουμε	p a ɾ a t i ɾ i s u m e
παροδική	p a ɾ o ð i c i
παρονομαστή	p a ɾ o n o m a s t i
παροχών	p a ɾ o x o n
παρτιτούρεσ	p a ɾ t i t u ɾ e s
πατρασ	p a t ɾ a s
πατριωτισμού	p a t ɾ i o t i z m u
παυσίπονο	p a f s i p o n o
πεο	p e o
πεπτικού	p e p t i k u
περάσματοσ	p e ɾ a z m a t o s
περιεχομένων	p e ɾ i e x o m e n o n
περιλαμβανομένου	p e ɾ i l a ɱ v a n o m e n u
περιορισμένου	p e ɾ i o ɾ i z m e n u
περιτροπήσ	p e ɾ i t ɾ o p i s
περσίασ	p e ɾ s i a s
πεσμένο	p e z m e n o
πλήττονται	p l i t o n d e
πλανητική	p l a n i t i c i
πληγώσεισ	p l i ɣ o s i s
πληθωρική	p l i θ o ɾ i c i
πληρωθούμε	p l i ɾ o θ u m e
πλησιάσεισ	p l i s i a s i s
ποιμένεσ	p i m e n e s
πολυμερέσ	p o l i m e ɾ e s
πομπηία	p o m b i i a
πρέπον	p ɾ e p o n
προσέβαλε	p ɾ o s e v a l e
προσκυνήσουν	p ɾ o s c i n i s u n
προστατευμένα	p ɾ o s t a t e v m e n a
προστατεύσετε	p ɾ o s t a t e f s e t e
προσωρινοί	p ɾ o s o ɾ i n i
πρόσκαιρεσ	p ɾ o s c e ɾ e s
πρόσκλησησ	p ɾ o s k l i s i s
πρόστυχη	p ɾ o s t i ç i
πτέρνα	p t e ɾ n a
πτώματοσ	p t o m a t o s
πυροβολούσε	p i ɾ o v o l u s e
ροζέτα	ɾ o z e t a
ρολοι	ɾ o l i
ρωμαίου	ɾ o m e u
ρόντα	ɾ o n d a
σήκωνε	s i k o n e
σαρκόσ	s a ɾ k o s
σεζάρ	s e z a ɾ
σεσ	s e s
σηματοδοτήσει	s i m a t o ð o t i s i
σκάβουν	s k a v u n
σκήπτρα	s c i p t ɾ a
σκεπαστή	s c e p a s t i
σκλάβο	s k l a v o
σκλήρυνσησ	s k l i ɾ i n s i s
σκόρδου	s k o ɾ ð u
σκύδρασ	s c i ð ɾ a s
σλιπ	s l i p
σοκαριστική	s o k a ɾ i s t i c i
σπάγκο	s p a ŋ ɡ o
σπουδαιότεροσ	s p u ð e o t e ɾ o s
σπουδαιότερουσ	s p u ð e o t e ɾ u s
στήνονται	s t i n o n d e
σταθεροποιήθηκε	s t a θ e ɾ o p i i θ i c e
σταθόπουλοσ	s t a θ o p u l o s
σταφίδασ	s t a f i ð a s
στεγαστικά	s t e ɣ a s t i k a
στράτο	s t ɾ a t o
στύλουσ	s t i l u s
συγκαλέσει	s i ŋ ɡ a l e s i
συζητήσετε	s i z i t i s e t e
συλλαβή	s i l a v i
συμβατόσ	s i ɱ v a t o s
συμμαχικών	s i m a ç i k o n
συνέχειεσ	s i n e ç i e s
συνδετικόσ	s i n ð e t i k o s
συνενοχή	s i n e n o ç i
συνεργατεσ	s i n e ɾ ɣ a t e s
συνεύρεση	s i n e v ɾ e s i
συνηγόρου	s i n i ɣ o ɾ u
σφίξει	s f i k s i
σφεντόνα	s f e n d o n a
σχολαστικά	s x o l a s t i k a
σχολαστική	s x o l a s t i c i
τέλλοσ	t e l o s
τένοντεσ	t e n o n d e s
τίτοσ	t i t o s
ταρίφα	t a ɾ i f a
τασούλα	t a s u l a
τελείωναν	t e l i o n a n
τετράγωνη	t e t ɾ a ɣ o n i
τετράμηνο	t e t ɾ a m i n o
τζουν	d͡z u n
τηε	t i e
τουρκο	t u ɾ k o
τρίμηνη	t ɾ i m i n i
τραυματίζοντασ	t ɾ a v m a t i z o n d a s
τριχόπτωσησ	t ɾ i x o p t o s i s
τροφιμα	t ɾ o f i m a
τρύφων	t ɾ i f o n
τσινγκ	t͡s i ŋ ɡ
τυπικών	t i p i k o n
τυραννίασ	t i ɾ a n i a s
τυχεροσ	t i ç e ɾ o s
υπέβαλλε	i p e v a l e
υπεκφυγέσ	i p e k f i ʝ e s
υπογραφη	i p o ɣ ɾ a f i
υποθέτουν	i p o θ e t u n
υποκατάστασησ	i p o k a t a s t a s i s
υποκύπτει	i p o c i p t i
υπονόμουσ	i p o n o m u s
υποστηρικτική	i p o s t i ɾ i k t i c i
φάκα	f a k a
φαστ	f a s t
φημισμένα	f i m i z m e n a
φοβισμένοσ	f o v i z m e n o s
φοιτητεσ	f i t i t e s
φορείο	f o ɾ i o
φοσ	f o s
φουαγιέ	f u a ʝ e
φουρνο	f u ɾ n o
φρονημάτων	f ɾ o n i m a t o n
φτυάρια	f t i a ɾ ʝ a
φτύνουν	f t i n u n
φυλακισμένο	f i l a c i z m e n o
φυσιολογικών	f i s i o l o ʝ i k o n
φυτα	f i t a
φωτογραφίσεισ	f o t o ɣ r a f i s i s
χαλαρώσουν	x a l a ɾ o s u n
χαλαρώσω	x a l a ɾ o s o
χαράμ	x a ɾ a m
χασω	x a s o
χορογράφοσ	x o ɾ o ɣ ɾ a f o s
χρωματισμούσ	x ɾ o m a t i z m u s
χωροφυλακή	x o ɾ o f i l a c i
ψήφιζε	p s i f i z e
ψιθυρίζουν	p s i θ i ɾ i z u n
ψυχανάλυσησ	p s i x a n a l i s i s
ψυχαναλυτή	p s i x a n a l i t i
ψυχοσύνθεση	p s i x o s i n θ e s i
ωροσκόπο	o ɾ o s k o p o
ώμοσ	o m o s
άκυρεσ	a c i ɾ e s
άλ	a l
άλιμοσ	a l i m o s
άμβλωση	a ɱ v l o s i
έκπληξησ	e k p l i k s i s
έκπτωτοσ	e k p t o t o s
ένοικοι	e n i c i
ένστολουσ	e n s t o l u s
έρικσον	e ɾ i k s o n
έχυσα	e ç i s a
ίρβινγκ	i ɾ v i ŋ ɡ
αγαμέμνονα	a ɣ a m e m n o n a
αγαπαει	a ɣ a p a i
αγνέσ	a ɣ n e s
αγνοούμενη	a ɣ n o u m e n i
αγροκτήματα	a ɣ ɾ o k t i m a t a
αγχωμένοσ	a ŋ x o m e n o s
αδύνατεσ	a ð i n a t e s
αζ	a z
αθλέτικ	a θ l e t i k
αιγαιου	e ʝ e u
ακουσω	a k u s o
ακυρώσουν	a c i ɾ o s u n
αλέξιο	a l e k s i o
αληθείασ	a l i θ i a s
αλλήλουσ	a l i l u s
αμε	a m e
αμφίκλεια	a ɱ f i k l i a
αναβαθμιστεί	a n a v a θ m i s t i
αναδεικνύοντασ	a n a ð i k n i o n d a s
ανακαινίστηκε	a n a c e n i s t i c e
ανακατεύει	a n a k a t e v i
ανακοίνωνε	a n a c i n o n e
αναπτήρασ	a n a p t i ɾ a s
αναρίθμητεσ	a n a ɾ i θ m i t e s
ανασχηματισμόσ	a n a s ç i m a t i z m o s
ανεξέλεγκτεσ	a n e k s e l e ŋ ɡ t e s
ανεπιθύμητοσ	a n e p i θ i m i t o s
ανησυχούσα	a n i s i x u s a
αντέχετε	a n d e ç e t e
ανταγωνιστικοί	a n d a ɣ o n i s t i c i
αντιπάρου	a n d i p a ɾ u
αντιστάσεωσ	a n d i s t a s e o s
αντιστρέψει	a n d i s t ɾ e p s i
απαγγέλθηκαν	a p a ŋ ɟ e l θ i k a n
απαισιόδοξοσ	a p e s i o ð o k s o s
απαχθεί	a p a x θ i
απελευθερώσουμε	a p e l e f θ e ɾ o s u m e
αποδοκιμασία	a p o ð o c i m a s i a
αποκρύψει	a p o k ɾ i p s i
αποκτούσε	a p o k t u s e
απομνημονεύματά	a p o m n i m o n e v m a t a
αποπληρώσει	a p o p l i ɾ o s i
αποστέλλει	a p o s t e l i
αποφασιστικόσ	a p o f a s i s t i k o s
απόθεση	a p o θ e s i
αργησα	a ɾ ʝ i s a
αργοπορία	a ɾ ɣ o p o ɾ i a
αρμενική	a ɾ m e n i c i
αρτούρο	a ɾ t u ɾ o
αστούσ	a s t u s
αστυνόμευσησ	a s t i n o m e f s i s
αστόχησε	a s t o ç i s e
ασύλληπτο	a s i l i p t o
ατλάντικ	a t l a n d i k
ατυχέσ	a t i ç e s
αυτοκτονούν	a f t o k t o n u n
αυτουνού	a f t u n u
αχίλλειο	a ç i l i o
αχλάδια	a x l a ð ʝ a
βαζελίνη	v a z e l i n i
βαλβίδων	v a l v i ð o n
βαρετέσ	v a ɾ e t e s
βαρκάδα	v a ɾ k a ð a
βασιλικέσ	v a s i l i c e s
βασισμένοι	v a s i z m e n i
βγάλανε	v ɣ a l a n e
βηματοδότη	v i m a t o ð o t i
βιαιότητα	v i e o t i t a
βιολογικούσ	v i o l o ʝ i k u s
βλεφαρίδων	v l e f a ɾ i ð o n
βοσκόπουλοσ	v o s k o p u l o s
βουδούρη	v u ð u ɾ i
βουλγαρικά	v u l ɣ a ɾ i k a
βουνο	v u n o
βραχυπρόθεσμη	v ɾ a ç i p ɾ o θ e z m i
βρεθει	v ɾ e θ i
γέμισεσ	ʝ e m i s e s
γευστικά	ʝ e f s t i k a
γευτείτε	ʝ e f t i t e
γεωλόγοσ	ʝ e o l o ɣ o s
γιάνη	ʝ a n i
γιακουμάκη	ʝ a k u m a c i
γιαλό	ʝ a l o
γιαννακοπούλου	ʝ a n a k o p u l u
γκράμσι	ɡ ɾ a m s i
γκρεμίσουν	ɡ ɾ e m i s u n
γνάθου	ɣ n a θ u
γνωσεισ	ɣ n o s i s
γνωστικών	ɣ n o s t i k o n
γουίβερ	ɣ u i v e ɾ
γοφούσ	ɣ o f u s
δήλο	ð i l o
δίαυλοσ	ð i a v l o s
δαρβίνου	ð a ɾ v i n u
δειξε	ð i k s e
δεκαδικό	ð e k a ð i k o
δευ	ð e f
διασκεδάσετε	ð i̯ a s c e ð a s e t e
διατηρήσεισ	ð i̯ a t i ɾ i s i s
διαχρονικέσ	ð i̯ a x ɾ o n i c e s
διαχωρίσει	ð i̯ a x o ɾ i s i
διδάσκουμε	ð i ð a s k u m e
διεκδικούμε	ð i e k ð i k u m e
διενήργησε	ð i e n i ɾ ʝ i s e
δικαστικούσ	ð i k a s t i k u s
διπλούσ	ð i p l u s
διστάζεισ	ð i s t a z i s
δυνάμεωσ	ð i n a m e o s
δυστυχήσ	ð i s t i ç i s
δωσουμε	ð o s u m e
εγκαθιστά	e ŋ ɡ a θ i s t a
εγκατέλειπε	e ŋ ɡ a t e l i p e
εγκυμονεί	e ŋ ɟ i m o n i
εδάφια	e ð a f ç a
εθνοφρουρά	e θ n o f ɾ u ɾ a
εικονίζεται	i k o n i z e t e
εικοσαετία	i k o s a e t i a
εισαγωγική	i s a ɣ o ʝ i c i
εισβολέσ	i z v o l e s
εισιτηρίου	i s i t i ɾ i u
ειχατε	i x a t e
εκδοτικού	e k ð o t i k u
εκδότρια	e k ð o t ɾ i a
εκρήξεων	e k ɾ i k s e o n
εκτίμησα	e k t i m i s a
εκτεθειμένα	e k t e θ i m e n a
εκτεταμένησ	e k t e t a m e n i s
ελια	e ʎ a
ελληνοτουρκικό	e l i n o t u ɾ c i k o
εμακ	e m a k
εμπνευστεί	e m b n e f s t i
ενημερωτικέσ	e n i m e ɾ o t i c e s
εξάγονται	e k s a ɣ o n d e
εξαγωγικό	e k s a ɣ o ʝ i k o
εξαερισμό	e k s a e ɾ i z m o
εξαιρουμένων	e k s e ɾ u m e n o n
εξαρταται	e k s a ɾ t a t e
εξεταστούν	e k s e t a s t u n
εξεύρεσησ	e k s e v ɾ e s i s
εξώστη	e k s o s t i
επίδοσή	e p i ð o s i
επακόλουθη	e p a k o l u θ i
επανένωσησ	e p a n e n o s i s
επηρεασμένοι	e p i ɾ e a z m e n i
επιδερμίδασ	e p i ð e ɾ m i ð a s
επικοινωνείσ	e p i c i n o n i s
επιμείνουμε	e p i m i n u m e
επισκευάσει	e p i s c e v a s i
επιτύχεισ	e p i t i ç i s
εργάτριεσ	e ɾ ɣ a t ɾ i e s
εργολάβων	e ɾ ɣ o l a v o n
ερημική	e ɾ i m i c i
ερωτευμένων	e ɾ o t e v m e n o n
ευάλωτοσ	e v a l o t o s
ευγένιου	e v ʝ e ɲ u
ευχαριστίασ	e f x a ɾ i s t i a s
εφευρέθηκε	e f e v ɾ e θ i c e
εφοδίων	e f o ð i o n
εχθρικών	e x θ ɾ i k o n
ζημιάσ	z i m ɲ a s
ζιλ	z i l
ζορό	z o ɾ o
ζουάν	z u a n
ζωο	z o o
ζωτικέσ	z o t i c e s
ζύμωσησ	z i m o s i s
ηε	i e
ημείσ	i m i s
ημουνα	i m u n a
ηρώδη	i ɾ o ð i
θεοφάνησ	θ e o f a n i s
θλιβερόσ	θ l i v e ɾ o s
θνητό	θ n i t o
θρεπτικέσ	θ ɾ e p t i c e s
θριάμβευσε	θ ɾ i a ɱ v e f s e
θριάσιο	θ ɾ i a s i o
ιάσονα	i a s o n a
ιδιαίτερουσ	i ð i e t e ɾ u s
ιεραπόστολοσ	i e ɾ a p o s t o l o s
ισοβαθμία	i s o v a θ m i a
ισραηλινήσ	i s ɾ a i l i n i s
ιχθύοσ	i x θ i o s
ιωαννου	i o a n u
καγιέν	k a ʝ e n
καημό	k a i m o
καθαίρεση	k a θ e ɾ e s i
καθοδηγείται	k a θ o ð i ʝ i t e
καθορίσουμε	k a θ o ɾ i s u m e
κακ	k a k
κακουργήματα	k a k u ɾ ʝ i m a t a
καλαφάτησ	k a l a f a t i s
καλωσόρισε	k a l o s o ɾ i s e
κανονίστε	k a n o n i s t e
καπετάνιε	k a p e t a ɲ e
καταβλήθηκε	k a t a v l i θ i c e
καταρρεύσουν	k a t a ɾ e f s u n
κατουρήσει	k a t u ɾ i s i
κείται	c i t e
κεράκι	c e ɾ a c i
κιμονό	c i m o n o
κινούν	c i n u n
κλειδώνουν	k l i ð o n u n
κλεψίματα	k l e p s i m a t a
κλιματισμού	k l i m a t i z m u
κοζανησ	k o z a n i s
κολυμπήσω	k o l i m b i s o
κολωνακίου	k o l o n a c i u
κολύμπα	k o l i m b a
κομνηνόσ	k o m n i n o s
κοπο	k o p o
κουφή	k u f i
κούτρασ	k u t ɾ a s
κρίστεν	k ɾ i s t e n
κρεμάστε	k ɾ e m a s t e
κυλίνδρου	c i l i n ð ɾ u
λάνα	l a n a
λένασ	l e n a s
λέξεωσ	l e k s e o s
λήδα	l i ð a
λατίνουσ	l a t i n u s
λατρέψεισ	l a t ɾ e p s i s
λεκέσ	l e c e s
λετίσια	l e t i s ç a
λημέρια	l i m e ɾ ʝ a
ληξούρι	l i k s u ɾ i
λιζ	l i z
λιθαράκι	l i θ a ɾ a c i
λυκαβηττό	l i k a v i t o
λυχνία	l i x n i a
μακραίωνη	m a k ɾ e o n i
μαρινόπουλοσ	m a ɾ i n o p u l o s
μαρκαδόρουσ	m a ɾ k a ð o ɾ u s
μαρτίνι	m a ɾ t i n i
ματαιώθηκε	m a t e o θ i c e
μαφιόζοσ	m a f ç o z o s
μαχαιρι	m a ç e ɾ i
μεινουμε	m i n u m e
μειώσετε	m i o s e t e
μελετάμε	m e l e t a m e
μελετητών	m e l e t i t o n
μεροκάματα	m e ɾ o k a m a t a
μεσογειακά	m e s o ʝ i a k a
μετάσταση	m e t a s t a s i
μετέφρασε	m e t e f ɾ a s e
μεταβιβάζονται	m e t a v i v a z o n d e
μεταξένια	m e t a k s e ɲ a
μετεωρολογική	m e t e o ɾ o l o ʝ i c i
μηνιγγίτιδασ	m i n i ŋ ɟ i t i ð a s
μηνων	m i n o n
μηχ	m i x
μηχανολόγων	m i x a n o l o ɣ o n
μοιράζονταν	m i ɾ a z o n d a n
μοιράσω	m i ɾ a s o
μοιραζόταν	m i ɾ a z o t a n
μολότωφ	m o l o t o f
μονοπωλίου	m o n o p o l i u
μπάρκα	b a ɾ k a
μπέκαμ	b e k a m
μπέτισ	b e t i s
μπαζ	b a z
μπαλαρίνεσ	b a l a ɾ i n e s
μπουκ	b u k
μόνιτορ	m o n i t o ɾ
ναν	n a n
ναύπακτοσ	n a f p a k t o s
ναύσταθμο	n a f s t a θ m o
νηπίων	n i p i o n
ντόλι	d o l i
νυκτερινή	n i k t e ɾ i n i
νυχτερινόσ	n i x t e ɾ i n o s
νυχτώνει	n i x t o n i
ξαναγράψει	k s a n a ɣ ɾ a p s i
ξανθησ	k s a n θ i s
ξεκαθαρίσουν	k s e k a θ a ɾ i s u n
ξεκλειδώνει	k s e k l i ð o n i
ξενοφοβίασ	k s e n o f o v i a s
ξεχαστούν	k s e x a s t u n
ξιφασκίασ	k s i f a s c i a s
οδοντογλυφίδα	o ð o n d o ɣ l i f i ð a
ολομόναχοσ	o l o m o n a x o s
ολόσωμη	o l o s o m i
ομοιοπαθητική	o m i o p a θ i t i c i
ονειρευτείσ	o n i ɾ e f t i s
ονομαστικό	o n o m a s t i k o
ορειβατικό	o ɾ i v a t i k o
ορθήσ	o ɾ θ i s
ορθοδόξουσ	o ɾ θ o ð o k s u s
ορθολογική	o ɾ θ o l o ʝ i c i
οριο	o ɾ i o
οσμάν	o z m a n
ουμε	u m e
οφθαλμούσ	o f θ a l m u s
πέραση	p e ɾ a s i
παγετώνα	p a ʝ e t o n a
παθολογικέσ	p a θ o l o ʝ i c e s
πανομοιότυπο	p a n o m i o t i p o
παπαφλέσσα	p a p a f l e s a
παράφορα	p a ɾ a f o ɾ a
παραδίδοντασ	p a ɾ a ð i ð o n d a s
παραλίμνι	p a ɾ a l i m n i
παραλιών	p a ɾ a ʎ o n
παραπεμφθεί	p a ɾ a p e ɱ f θ i
παρατηρήσετε	p a ɾ a t i ɾ i s e t e
παρθενιά	p a ɾ θ e ɲ a
πασπ	p a s p
πατίνι	p a t i n i
πατριαρχία	p a t ɾ i a ɾ ç i a
πατριαρχικό	p a t ɾ i a ɾ ç i k o
πατριωτικά	p a t ɾ i o t i k a
πατρότητασ	p a t ɾ o t i t a s
παχύσ	p a ç i s
πείθεισ	p i θ i s
περιηγήσεισ	p e ɾ i i ʝ i s i s
περιοριστική	p e ɾ i o ɾ i s t i c i
περιπετειώδη	p e ɾ i p e t i o ð i
πεταλούδων	p e t a l u ð o n
πεταχτούν	p e t a x t u n
πικέ	p i c e
πιλάρ	p i l a ɾ
πλένετε	p l e n e t e
πλέουν	p l e u n
πλημμύρισαν	p l i m i ɾ i s a n
πλοηγόσ	p l o i ɣ o s
πλου	p l u
ποδήλατό	p o ð i l a t o
πολιτησ	p o l i t i s
πολυμερή	p o l i m e ɾ i
πολωνούσ	p o l o n u s
ποντικιού	p o n d i c u
πορσελάνησ	p o ɾ s e l a n i s
προγραμματιστή	p ɾ o ɣ ɾ a m a t i s t i
προδώσω	p ɾ o ð o s o
προθέσεωσ	p ɾ o θ e s e o s
προκαλείτε	p ɾ o k a l i t e
προσανατολισμένη	p ɾ o s a n a t o l i z m e n i
προσωνύμιο	p ɾ o s o n i m i o
πρόθυμο	p ɾ o θ i m o
πρόσκοποι	p ɾ o s k o p i
πυγμή	p i ɣ m i
ράπτησ	ɾ a p t i s
ρήματοσ	ɾ i m a t o s
ραμόνα	ɾ a m o n a
ρανιέρι	ɾ a ɲ e ɾ i
ρεπούση	ɾ e p u s i
ριπή	ɾ i p i
ρομπέρ	ɾ o b e ɾ
ρυθμιση	ɾ i θ m i s i
ρυθμιστική	ɾ i θ m i s t i c i
ρωτησα	ɾ o t i s a
σέριφο	s e ɾ i f o
σβήστε	z v i s t e
σερζ	s e ɾ z
σηκώθηκαν	s i k o θ i k a n
σημαντικότατη	s i m a n d i k o t a t i
σιγουρο	s i ɣ u ɾ o
σιθωνία	s i θ o n i a
σκαφοσ	s k a f o s
σκεφθείτε	s c e f θ i t e
σκεφτω	s c e f t o
σκοράρισμα	s k o ɾ a ɾ i z m a
σκορπιού	s k o ɾ p ç u
σκοτία	s k o t i a
σκουφάκι	s k u f a c i
σκυλοσ	s c i l o s
σλαβική	s l a v i c i
σπανίζουν	s p a n i z u n
σπούδασαν	s p u ð a s a n
στενεύει	s t e n e v i
στοματικά	s t o m a t i k a
στρίβουμε	s t ɾ i v u m e
στρατηγικη	s t ɾ a t i ʝ i c i
συγχωρούμε	s i ŋ x o ɾ u m e
συζήτησή	s i z i t i s i
συμμετέχοντα	s i m e t e x o n d a
συνέχισησ	s i n e ç i s i s
συνήθειο	s i n i θ i o
συναισθηματικόσ	s i n e s θ i m a t i k o s
συνδέθηκαν	s i n ð e θ i k a n
συνδέσω	s i n ð e s o
συνεννοηθεί	s i n e n o i θ i
συνετόσ	s i n e t o s
συνοδηγόσ	s i n o ð i ɣ o s
συνοψίζοντασ	s i n o p s i z o n d a s
συντάσσει	s i n d a s i
συρίγοσ	s i ɾ i ɣ o s
σφάζουν	s f a z u n
σφηνάκι	s f i n a c i
σωθείσ	s o θ i s
σωματειο	s o m a t i o
σωσίβια	s o s i v i a
σόνι	s o n i
σόουλ	s o u l
τάμπα	t a m b a
τάο	t a o
τέ	t e
ταπεινοί	t a p i n i
τεμπλ	t e m b l
τερματίζοντασ	t e ɾ m a t i z o n d a s
τερματοφύλακεσ	t e ɾ m a t o f i l a c e s
τετραήμερο	t e t ɾ a i m e ɾ o
τεό	t e o
τηλεφώνησαν	t i l e f o n i s a n
τιτλοφορείται	t i t l o f o ɾ i t e
τοκογλύφοι	t o k o ɣ l i f i
τοσεσ	t o s e s
τούτσι	t u t͡s i
τρέμουλο	t ɾ e m u l o
τραυματίζεται	t ɾ a v m a t i z e t e
τριανταφυλλιά	t ɾ i a n d a f i ʎ a
τριγυρνάω	t ɾ i ʝ i ɾ n a o
τροποποιημένα	t ɾ o p o p i i m e n a
τρυφερέσ	t ɾ i f e ɾ e s
υγρο	i ɣ ɾ o
υδατανθράκων	i ð a t a n θ ɾ a k o n
υπάρχοντεσ	i p a ɾ x o n d e s
υπαρξη	i p a ɾ k s i
υπολοχαγού	i p o l o x a ɣ u
υπολόγιζε	i p o l o ʝ i z e
υποσύνολο	i p o s i n o l o
υπουργο	i p u ɾ ɣ o
υψηλόβαθμοσ	i p s i l o v a θ m o s
φάκτο	f a k t o
φάνι	f a n i
φάρων	f a ɾ o n
φανατική	f a n a t i c i
φιλων	f i l o n
φλούδεσ	f l u ð e s
φορεμα	f o ɾ e m a
φροντίσεισ	f ɾ o n d i s i s
φροντιστηρίων	f ɾ o n d i s t i ɾ i o n
φτιαξει	f t ç a k s i
φτύσει	f t i s i
φυλετικό	f i l e t i k o
φωτεινών	f o t i n o n
φωτογραφικών	f o t o ɣ r a f i k o n
φωτοσ	f o t o s
χάλαγε	x a l a ʝ e
χάνια	x a ɲ a
χίμαιρα	ç i m e ɾ a
χαβάησ	x a v a i s
χαθηκε	x a θ i c e
χαρίζεται	x a ɾ i z e t e
χελιδόνι	ç e l i ð o n i
χημικοί	ç i m i c i
χοροσ	x o ɾ o s
χρήζουν	x ɾ i z u n
χρηματοπιστωτική	x ɾ i m a t o p i s t o t i c i
χρωστούσε	x ɾ o s t u s e
χωρισμένο	x o ɾ i z m e n o
ψήνει	p s i n i
ψυχούλα	p s i x u l a
ψυχρέσ	p s i x ɾ e s
ψωνίσω	p s o n i s o
όροφοι	o ɾ o f i
ότ	o t
ύποπτουσ	i p o p t u s
άβυσσοσ	a v i s o s
άδοξο	a ð o k s o
άννι	a n i
άστατοσ	a s t a t o s
άχυρα	a ç i ɾ a
άψυχα	a p s i x a
έβαψεσ	e v a p s e s
έκ	e k
έκαψεσ	e k a p s e s
έντεχνα	e n d e x n a
έχωσα	e x o s a
ίνωση	i n o s i
ίο	i o
αγαθόσ	a ɣ a θ o s
αγριογούρουνα	a ɣ ɾ i o ɣ u ɾ u n a
αγωνίζονταν	a ɣ o n i z o n d a n
αγωνιστώ	a ɣ o n i s t o
αδαμόπουλοσ	a ð a m o p u l o s
αδερφο	a ð e ɾ f o
αδυνατον	a ð i n a t o n
αερόσακουσ	a e ɾ o s a k u s
αζήτητα	a z i t i t a
αινιγματική	e n i ɣ m a t i c i
αιρετικοί	e ɾ e t i c i
αιτ	e t
ακατάλληλοσ	a k a t a l i l o s
ακραίου	a k ɾ e u
αλβάρο	a l v a ɾ o
αλβανού	a l v a n u
αλητεία	a l i t i a
αλκμήνη	a l k m i n i
αλληλεγγυη	a l i l e ŋ ɟ i i
αλτ	a l t
αμαχητί	a m a ç i t i
αμετάβλητο	a m e t a v l i t o
αμόκ	a m o k
αναβάλει	a n a v a l i
αναβλήθηκαν	a n a v l i θ i k a n
αναγκαστικήσ	a n a ŋ ɡ a s t i c i s
ανακαλύψατε	a n a k a l i p s a t e
ανακεφαλαιοποίηση	a n a c e f a l e o p i i s i
αναλάβαμε	a n a l a v a m e
αναλογίασ	a n a l o ʝ i a s
αναλυτικήσ	a n a l i t i c i s
αναμενόμενεσ	a n a m e n o m e n e s
αναμετρηθεί	a n a m e t ɾ i θ i
ανανέωσαν	a n a n e o s a n
αναπήρων	a n a p i ɾ o n
αναποδιέσ	a n a p o ð ʝ e s
ανασταλεί	a n a s t a l i
αναστασόπουλοσ	a n a s t a s o p u l o s
αναστενάζει	a n a s t e n a z i
ανασφάλιστοι	a n a s f a l i s t i
αναταραχήσ	a n a t a ɾ a ç i s
ανατολικη	a n a t o l i c i
ανατροφήσ	a n a t ɾ o f i s
ανεγερθεί	a n e ʝ e ɾ θ i
ανεκτή	a n e k t i
ανεπιθύμητα	a n e p i θ i m i t a
ανιχνευτών	a n i x n e f t o n
ανιχνεύεται	a n i x n e v e t e
ανοικτών	a n i k t o n
ανοιξει	a n i k s i
αντίκρισαν	a n d i k ɾ i s a n
ανταγωνιστικόσ	a n d a ɣ o n i s t i k o s
ανταποδώσει	a n d a p o ð o s i
αντεπίθεσησ	a n d e p i θ e s i s
αξιολογηθεί	a k s i o l o ʝ i θ i
απαιτητικό	a p e t i t i k o
απαντάνε	a p a n d a n e
απλώσεισ	a p l o s i s
αποθηκευτικό	a p o θ i c e f t i k o
αποκαλούμενο	a p o k a l u m e n o
αποτυπώνονται	a p o t i p o n o n d e
αποχαιρετισμού	a p o ç e ɾ e t i z m u
απόηχοσ	a p o i x o s
αργοσ	a ɾ ɣ o s
αρτα	a ɾ t a
ασπάζεται	a s p a z e t e
αστρολόγοσ	a s t ɾ o l o ɣ o s
ατελή	a t e l i
ατομικόσ	a t o m i k o s
ατρόμητου	a t ɾ o m i t u
αυγουστοσ	a v ɣ u s t o s
αυθόρμητεσ	a f θ o ɾ m i t e s
αυτοκτονήσεισ	a f t o k t o n i s i s
αυτοτελέσ	a f t o t e l e s
βάναυση	v a n a f s i
βαφτίστηκε	v a f t i s t i c e
βιομάζασ	v i o m a z a s
βλαμμένοσ	v l a m e n o s
βλαστόσ	v l a s t o s
βολτ	v o l t
βούλωσε	v u l o s e
βράζουν	v ɾ a z u n
βρεφικό	v ɾ e f i k o
βρόμικο	v ɾ o m i k o
βυθίσει	v i θ i s i
γαι	ʝ e
γαμιέσαι	ɣ a m ɲ e s e
γατα	ɣ a t a
γεννιέσαι	ʝ e ɲ e s e
γεώτρηση	ʝ e o t ɾ i s i
γιαννόπουλου	ʝ a n o p u l u
γκαλ	ɡ a l
γκιστ	ɟ i s t
γκουντ	ɡ u n d
γκρινιάζουν	ɡ ɾ i ɲ a z u n
γλιτώσω	ɣ l i t o s o
γουόλ	ɣ u o l
γυναικειο	ʝ i n e c i o
γυρισεισ	ʝ i ɾ i s i s
δέματα	ð e m a t a
δέξου	ð e k s u
δαγκώνεισ	ð a ŋ ɡ o n i s
δασκαλάκη	ð a s k a l a c i
δασμούσ	ð a z m u s
δεε	ð e e
δελφινιών	ð e l f i ɲ o n
δεντρα	ð e n d ɾ a
δεσμεύτηκαν	ð e z m e f t i k a n
δημοσιοποιήθηκε	ð i m o s i o p i i θ i c e
διαγράμματοσ	ð i̯ a ɣ ɾ a m a t o s
διαδεδομένα	ð i̯ a ð e ð o m e n a
διακατέχεται	ð i̯ a k a t e ç e t e
διδακτικήσ	ð i ð a k t i c i s
διδακτικών	ð i ð a k t i k o n
διευθετηθεί	ð i e f θ e t i θ i
διευκολύνοντασ	ð i e f k o l i n o n d a s
διηγήματοσ	ð i i ʝ i m a t o s
δικαιώνεται	ð i c e o n e t e
διομήδησ	ð i o m i ð i s
διπλανού	ð i p l a n u
δονητήσ	ð o n i t i s
δοχείου	ð o ç i u
δράσεωσ	ð ɾ a s e o s
δυσανάλογα	ð i s a n a l o ɣ a
δυσλειτουργίεσ	ð i s l i t u ɾ ʝ i e s
εβελίνα	e v e l i n a
εγκυμοσύνεσ	e ŋ ɟ i m o s i n e s
εγκύου	e ŋ ɟ i u
ειδατε	i ð a t e
ειρηνευτικέσ	i ɾ i n e f t i c e s
εισέπραξε	i s e p ɾ a k s e
εισηγητέσ	i s i ʝ i t e s
εκκεντρική	e c e n d ɾ i c i
εκκεντρικό	e c e n d ɾ i k o
εκκλησίασμα	e k l i s i a z m a
εκλάπη	e k l a p i
εκπροσωπούσε	e k p ɾ o s o p u s e
εκρηξη	e k ɾ i k s i
εκτομή	e k t o m i
εκτυπωτήσ	e k t i p o t i s
ελίζ	e l i z
εμέ	e m e
εμπνευσμένοσ	e m b n e v z m e n o s
ενεργούσε	e n e ɾ ɣ u s e
ενημερώνονται	e n i m e ɾ o n o n d e
ενισχυθούν	e n i s ç i θ u n
ενστάσεων	e n s t a s e o n
εντομοκτόνα	e n d o m o k t o n a
εντυπωσίασαν	e n d i p o s i a s a n
εξάγουμε	e k s a ɣ u m e
εξάδα	e k s a ð a
εξτρα	e k s t ɾ a
εξωσωματικήσ	e k s o s o m a t i c i s
επίλογο	e p i l o ɣ o
επίμονοσ	e p i m o n o s
επίσχεση	e p i s ç e s i
επενδύουν	e p e n ð i u n
επιβεβαίωσησ	e p i v e v e o s i s
επιβιώσουμε	e p i v i o s u m e
επιδέχεται	e p i ð e ç e t e
επιδημιολογίασ	e p i ð i m i o l o ʝ i a s
επιδρούν	e p i ð ɾ u n
επιστημονικοί	e p i s t i m o n i c i
επιτελούν	e p i t e l u n
επιτυγχάνουν	e p i t i ŋ x a n u n
εποχική	e p o ç i c i
ερίκ	e ɾ i k
εργολαβίεσ	e ɾ ɣ o l a v i e s
εργοστασιο	e ɾ ɣ o s t a s i o
ερωτηματολόγιο	e ɾ o t i m a t o l o ʝ i o
εταιρικών	e t e ɾ i k o n
ετοίμαζαν	e t i m a z a n
ευαίσθητουσ	e v e s θ i t u s
ευφυείσ	e f i i s
εφευρετικότητα	e f e v ɾ e t i k o t i t a
εφη	e f i
εύρυθμη	e v ɾ i θ m i
ζαχάρω	z a x a ɾ o
ζεστο	z e s t o
ζημια	z i m ɲ a
ζητησω	z i t i s o
ζιζέλ	z i z e l
ζου	z u
ζυγούσ	z i ɣ u s
ηχογραφήθηκε	i x o ɣ ɾ a f i θ i c e
ηχομόνωση	i x o m o n o s i
θάντερ	θ a n d e ɾ
θέμισ	θ e m i s
θέσπισε	θ e s p i s e
θαυμάσιοσ	θ a v m a s i o s
θαυμάστρια	θ a v m a s t ɾ i a
θηριωδίεσ	θ i ɾ i o ð i e s
θνητή	θ n i t i
θνητών	θ n i t o n
θρεπτικό	θ ɾ e p t i k o
θυμήθηκαν	θ i m i θ i k a n
ιερομόναχοσ	i e ɾ o m o n a x o s
ισοπέδωσε	i s o p e ð o s e
ιστότοπου	i s t o t o p u
ισχίου	i s ç i u
ιτέασ	i t e a s
κάρλ	k a ɾ l
κάρφωσα	k a ɾ f o s a
κάσο	k a s o
καβαλάρηδεσ	k a v a l a ɾ i ð e s
καλεσε	k a l e s e
καματερό	k a m a t e ɾ o
καραδοκεί	k a ɾ a ð o c i
καραθεοδωρή	k a ɾ a θ e o ð o ɾ i
κατάμεστο	k a t a m e s t o
κατέστρεψεσ	k a t e s t ɾ e p s e s
κατήγοροσ	k a t i ɣ o ɾ o s
καταλάβαινεσ	k a t a l a v e n e s
καταλήψεων	k a t a l i p s e o n
καταλανοί	k a t a l a n i
κατανοητέσ	k a t a n o i t e s
καταργήσουμε	k a t a ɾ ʝ i s u m e
κατασκευαστικό	k a t a s c e v a s t i k o
καταστάσεωσ	k a t a s t a s e o s
καταστρέψατε	k a t a s t ɾ e p s a t e
καταφερε	k a t a f e ɾ e
κατελήφθη	k a t e l i f θ i
κατρίνα	k a t ɾ i n a
κβο	k v o
κεραμικό	c e ɾ a m i k o
κηφήνεσ	c i f i n e s
κισάμου	c i s a m u
κληση	k l i s i
κλωστέσ	k l o s t e s
κοιμητήρια	c i m i t i ɾ i a
κοιμόμασταν	c i m o m a s t a n
κοινωνικα	c i n o n i k a
κολπάκια	k o l p a c a
κοτοπουλάκι	k o t o p u l a c i
κουβάλησε	k u v a l i s e
κράτημα	k ɾ a t i m a
κτ	k t
κυκλοφοριακήσ	c i k l o f o ɾ i a c i s
κωδικο	k o ð i k o
λά	l a
λάτρεψε	l a t ɾ e p s e
λέτο	l e t o
λί	l i
λαγκάδια	l a ŋ ɡ a ð ʝ a
λαγουδάκι	l a ɣ u ð a c i
λαόν	l a o n
λειτουργικόσ	l i t u ɾ ʝ i k o s
λεκτικά	l e k t i k a
λεξικού	l e k s i k u
λιποτάκτεσ	l i p o t a k t e s
λυκάνθρωποσ	l i k a n θ ɾ o p o s
λύρασ	l i ɾ a s
μάθαινα	m a θ e n a
μήνυσε	m i n i s e
μίντλετον	m i n d l e t o n
μακρινόσ	m a k ɾ i n o s
μαλεβιζίου	m a l e v i z i u
μαρτίνεζ	m a ɾ t i n e z
μαχόμενοσ	m a x o m e n o s
μεθοδικά	m e θ o ð i k a
μεθώνη	m e θ o n i
μεσούσησ	m e s u s i s
μεταβλητό	m e t a v l i t o
μετακινήσετε	m e t a c i n i s e t e
μεταμορφώσει	m e t a m o ɾ f o s i
μετατόπισησ	m e t a t o p i s i s
μεταφράστρια	m e t a f ɾ a s t ɾ i a
μεταφράσω	m e t a f ɾ a s o
μεταφρασμένο	m e t a f ɾ a z m e n o
μετωπο	m e t o p o
μισήσω	m i s i s o
μισοσ	m i s o s
μονάχοσ	m o n a x o s
μοσχα	m o s x a
μουφτή	m u f t i
μπένεντικτ	b e n e n d i k t
μπαμπούλασ	b a b u l a s
μπασκετική	b a s c e t i c i
μπεσαμέλ	b e s a m e l
μπιγιονσέ	b i ʝ o n s e
μπλέκονται	b l e k o n d e
μπλανσ	b l a n s
μπόκο	b o k o
μυτερό	m i t e ɾ o
μώλωπεσ	m o l o p e s
ναναι	n a n e
νεογνών	n e o ɣ n o n
νεώτερεσ	n e o t e ɾ e s
νομιμοποιείται	n o m i m o p i i t e
ντάρμα	d a ɾ m a
ντέμπι	d e m b i
ντίκινσον	d i c i n s o n
ξεγελάσουν	k s e ʝ e l a s u n
ξεκούρασησ	k s e k u ɾ a s i s
ξεπερνάμε	k s e p e ɾ n a m e
ξεπλένει	k s e p l e n i
ξεπλύνει	k s e p l i n i
ξεσηκώσει	k s e s i k o s i
οδηγηθούν	o ð i ʝ i θ u n
οδοποιίασ	o ð o p i i a s
οικιστική	i c i s t i c i
οκανα	o k a n a
ολιγωρία	o l i ɣ o ɾ i a
ολοήμερο	o l o i m e ɾ o
ολοκληρώνουν	o l o k l i ɾ o n u n
ομόφυλα	o m o f i l a
οπλίτησ	o p l i t i s
οργανώνοντασ	o ɾ ɣ a n o n o n d a s
ορεινούσ	o ɾ i n u s
ορθογραφίασ	o ɾ θ o ɣ ɾ a f i a s
ορθού	o ɾ θ u
ορφανίδησ	o ɾ f a n i ð i s
ουαλίντ	u a l i n d
ουροδόχου	u ɾ o ð o x u
ουσιώδεσ	u s i o ð e s
πάπρικα	p a p ɾ i k a
πάτμοσ	p a t m o s
παγετώνεσ	p a ʝ e t o n e s
παθητικά	p a θ i t i k a
παθιασμένα	p a θ ç a z m e n a
παιδότοπο	p e ð o t o p o
παράλυτοσ	p a ɾ a l i t o s
παρήγαγαν	p a ɾ i ɣ a ɣ a n
παραδοθώ	p a ɾ a ð o θ o
παραδώσετε	p a ɾ a ð o s e t e
παραθέτω	p a ɾ a θ e t o
παραμόρφωσησ	p a ɾ a m o ɾ f o s i s
παρασίτων	p a ɾ a s i t o n
παρατυπίεσ	p a ɾ a t i p i e s
πασίγνωστοσ	p a s i ɣ n o s t o s
πασα	p a s a
πατατεσ	p a t a t e s
παύσησ	p a f s i s
πεθαίνοντασ	p e θ e n o n d a s
πεθύμησα	p e θ i m i s a
πελάγη	p e l a ʝ i
πεπερασμένο	p e p e ɾ a z m e n o
περιβαλλοντικοί	p e ɾ i v a l o n d i c i
περιλαμβάνονταν	p e ɾ i l a ɱ v a n o n d a n
πηγαινω	p i ʝ e n o
πληγώνεται	p l i ɣ o n e t e
πλημμυρίζει	p l i m i ɾ i z i
πληρεξούσιοσ	p l i ɾ e k s u s i o s
πλυθεί	p l i θ i
πνιγούν	p n i ɣ u n
ποιότητεσ	p i o t i t e s
πολεμάνε	p o l e m a n e
πολιτικεσ	p o l i t i c e s
πολλη	p o l i
προαγωγέσ	p ɾ o a ɣ o ʝ e s
προετοιμαστούν	p ɾ o e t i m a s t u n
προκρίσεισ	p ɾ o k ɾ i s i s
προσέξατε	p ɾ o s e k s a t e
προσβάσιμεσ	p ɾ o z v a s i m e s
προσεγγιση	p ɾ o s e ŋ ɟ i s i
προσπαθουν	p ɾ o s p a θ u n
προσφυγιά	p ɾ o s f i ʝ a
προσωπικότητάσ	p ɾ o s o p i k o t i t a s
προτιμω	p ɾ o t i m o
πρωθυπουργίασ	p ɾ o θ i p u ɾ ʝ i a s
πρωτοστάτησε	p ɾ o t o s t a t i s e
πρωτόγνωρο	p ɾ o t o ɣ n o ɾ o
πρωτότυπησ	p ɾ o t o t i p i s
πρωτότυποσ	p ɾ o t o t i p o s
πρόσκαιρη	p ɾ o s c e ɾ i
πτωμα	p t o m a
πυροβολήθηκαν	p i ɾ o v o l i θ i k a n
πυροβολώντασ	p i ɾ o v o l o n d a s
πότησ	p o t i s
ρένασ	ɾ e n a s
ρίχνονται	ɾ i x n o n d e
ρολοσ	ɾ o l o s
ρούμπεν	ɾ u b e n
σάμουελ	s a m u e l
σήφησ	s i f i s
σίτου	s i t u
σακελλαρίδησ	s a c e l a ɾ i ð i s
σαπίσει	s a p i s i
σαχτούρησ	s a x t u ɾ i s
σβήνεισ	z v i n i s
σγουρά	z ɣ u ɾ a
σερβίσ	s e ɾ v i s
σημαια	s i m e a
σιδεράκια	s i ð e ɾ a c a
σιδηρούν	s i ð i ɾ u n
σιχαίνεσαι	s i ç e n e s e
σκάψιμο	s k a p s i m o
σκολίωση	s k o l i o s i
σολτ	s o l t
σουλίου	s u l i u
σουνίου	s u n i u
σπασμοί	s p a z m i
σρεκ	s ɾ e k
σταματησε	s t a m a t i s e
στικ	s t i k
στρατή	s t ɾ a t i
στρογγυλήσ	s t ɾ o ŋ ɟ i l i s
συλλήψεων	s i l i p s e o n
συμβιβαστική	s i ɱ v i v a s t i c i
συμβολίζεται	s i ɱ v o l i z e t e
συμβολισμοί	s i ɱ v o l i z m i
συμπαθητική	s i m b a θ i t i c i
συνδρομητών	s i n ð ɾ o m i t o n
συντονιστικού	s i n d o n i s t i k u
συνωμοτούν	s i n o m o t u n
σφόδρα	s f o ð ɾ a
σωληνώσεισ	s o l i n o s i s
σωσει	s o s i
σόλομον	s o l o m o n
σύνελθε	s i n e l θ e
τάλιν	t a l i n
τήλου	t i l u
ταλαιπωρούν	t a l e p o ɾ u n
τανγκ	t a ŋ ɡ
τελούνται	t e l u n d e
τενόροσ	t e n o ɾ o s
τζάκετ	d͡z a c e t
τζακι	d͡z a c i
τζούρα	d͡z u ɾ a
τζόγου	d͡z o ɣ u
τιμωρούν	t i m o ɾ u n
τουλ	t u l
τουρκοι	t u ɾ c i
τρέξετε	t ɾ e k s e t e
τραγουδιστών	t ɾ a ɣ u ð i s t o n
τραγουδούσα	t ɾ a ɣ u ð u s a
τραυματιστούν	t ɾ a v m a t i s t u n
υπαρκτόσ	i p a ɾ k t o s
υπενθύμισε	i p e n θ i m i s e
υποκατηγορίεσ	i p o k a t i ɣ o ɾ i e s
υπολογίστηκε	i p o l o ʝ i s t i c e
υποχρέωσή	i p o x ɾ e o s i
υποχρεωσεισ	i p o x ɾ e o s i s
υποψήφιων	i p o p s i f i o n
υπόγειοσ	i p o ʝ i o s
φίλ	f i l
φίλτρων	f i l t ɾ o n
φαινεσαι	f e n e s e
φαλάκρα	f a l a k ɾ a
φασολιών	f a s o ʎ o n
φεραίοσ	f e ɾ e o s
φεύγα	f e v ɣ a
φημισμένοσ	f i m i z m e n o s
φλουρί	f l u ɾ i
φοίβου	f i v u
φοβηθείτε	f o v i θ i t e
φορτωθεί	f o ɾ t o θ i
φουντώνει	f u n d o n i
φροντιστήσ	f ɾ o n d i s t i s
φτάνετε	f t a n e t e
χάρλεμ	x a ɾ l e m
χάρμα	x a ɾ m a
χαμογελο	x a m o ʝ e l o
χαραγμένεσ	x a ɾ a ɣ m e n e s
χαρακτηρισμού	x a ɾ a k t i ɾ i z m u
χαρακτηριστικα	x a ɾ a k t i ɾ i s t i k a
χολτ	x o l t
χορηγούν	x o ɾ i ɣ u n
χρηστίδου	x ɾ i s t i ð u
ψάχνεται	p s a x n e t e
ψαρεύει	p s a ɾ e v i
ψυχαγωγικέσ	p s i x a ɣ o ʝ i c e s
ψυχαναλυτήσ	p s i x a n a l i t i s
ωρίμανσησ	o ɾ i m a n s i s
όξυνση	o k s i n s i
ύψιστο	i p s i s t o
ώθησαν	o θ i s a n
άκαμπτο	a k a m p t o
άνθιμο	a n θ i m o
άξιουσ	a k s i u s
άφησέ	a f i s e
έδειραν	e ð i ɾ a n
έκλεινα	e k l i n a
έκτωρ	e k t o ɾ
έληξαν	e l i k s a n
έντμοντ	e n d m o n d
έπεισεσ	e p i s e s
έστησεσ	e s t i s e s
έσωζε	e s o z e
έχυσε	e ç i s e
αγροτικοί	a ɣ ɾ o t i c i
αγχωμένη	a ŋ x o m e n i
αδαήσ	a ð a i s
αεπι	a e p i
αζτέκων	a z t e k o n
αιγυπτιακού	e ʝ i p t i a k u
αιρετικών	e ɾ e t i k o n
αιτιολογικό	e t i o l o ʝ i k o
ακυκλοφόρητο	a c i k l o f o ɾ i t o
ανάλαφρη	a n a l a f ɾ i
ανακάλυψή	a n a k a l i p s i
ανασφάλιστουσ	a n a s f a l i s t u s
ανατινάχθηκε	a n a t i n a x θ i c e
ανεπανάληπτη	a n e p a n a l i p t i
ανοίξατε	a n i k s a t e
ανούσιεσ	a n u s i e s
αντιβασιλέασ	a n d i v a s i l e a s
ανωτερότητασ	a n o t e ɾ o t i t a s
ανύπαντρεσ	a n i p a n d ɾ e s
αξιολογούνται	a k s i o l o ɣ u n d e
απαιτητικέσ	a p e t i t i c e s
απαντησε	a p a n d i s e
απειλη	a p i l i
αποδειχθούν	a p o ð i x θ u n
αποθεματικό	a p o θ e m a t i k o
αποκατάστασή	a p o k a t a s t a s i
αποκεφάλισε	a p o c e f a l i s e
απολογίεσ	a p o l o ʝ i e s
απομονωμένεσ	a p o m o n o m e n e s
αποσκοπούσε	a p o s k o p u s e
αποσπούν	a p o s p u n
αποφράξεισ	a p o f ɾ a k s i s
αποχαιρετήσει	a p o ç e ɾ e t i s i
απρόβλεπτα	a p ɾ o v l e p t a
απρόοπτο	a p ɾ o o p t o
απτή	a p t i
απόσυρσησ	a p o s i ɾ s i s
αργήσ	a ɾ ʝ i s
αρκτικό	a ɾ k t i k o
ασημίνα	a s i m i n a
ασθενέσ	a s θ e n e s
αστείου	a s t i u
αστείρευτη	a s t i ɾ e f t i
αταξίεσ	a t a k s i e s
αυτουργόσ	a f t u ɾ ɣ o s
αυτώ	a f t o
αφέντεσ	a f e n d e s
αφηγήματα	a f i ʝ i m a t a
αφρικη	a f ɾ i c i
αχάριστοσ	a x a ɾ i s t o s
βάφλεσ	v a f l e s
βαράνε	v a ɾ a n e
βγαλμένη	v ɣ a l m e n i
βελάκι	v e l a c i
βελανιδιέσ	v e l a n i ð ʝ e s
βελούδινη	v e l u ð i n i
βουλγαρικό	v u l ɣ a ɾ i k o
βούρτσισμα	v u ɾ t͡s i z m a
βρασμού	v ɾ a z m u
γήσ	ʝ i s
γαλατία	ɣ a l a t i a
γαρνιτούρα	ɣ a ɾ n i t u ɾ a
γειτονίασ	ʝ i t o n i a s
γεκ	ʝ e k
γερανόσ	ʝ e ɾ a n o s
γεφυρών	ʝ e f i ɾ o n
γιουάν	ʝ u a n
γκοντάρ	ɡ o n d a ɾ
γκρασ	ɡ ɾ a s
γλυκύτητα	ɣ l i c i t i t a
γλυτώσεισ	ɣ l i t o s i s
γλύφει	ɣ l i f i
γραφών	ɣ ɾ a f o n
γριούλα	ɣ ɾ i u l a
γυμνάζομαι	ʝ i m n a z o m e
δίκτυό	ð i k t i o
δασικούσ	ð a s i k u s
δημοφιλών	ð i m o f i l o n
δηνάρια	ð i n a ɾ ʝ a
διαγράφουν	ð i̯ a ɣ ɾ a f u n
διαδώσει	ð i̯ a ð o s i
διαλέγετε	ð i̯ a l e ʝ e t e
διαλύσουμε	ð i̯ a l i s u m e
διαπραγματευτούν	ð i̯ a p ɾ a ɣ m a t e f t u n
διασκεδαση	ð i̯ a s c e ð a s i
διατυπώθηκαν	ð i̯ a t i p o θ i k a n
διαφάνειεσ	ð i̯ a f a n i e s
διαφωνείτε	ð i̯ a f o n i t e
διεκδικούσαν	ð i e k ð i k u s a n
διμερήσ	ð i m e ɾ i s
διοικούσασ	ð i i k u s a s
δκ	ð k
δομημένα	ð o m i m e n a
δούλεμα	ð u l e m a
δυσκολεύτηκε	ð i s k o l e f t i c e
δωδωνη	ð o ð o n i
δωροδοκίεσ	ð o ɾ o ð o c i e s
εγκαυμάτων	e ŋ ɡ a v m a t o n
εγχόρδων	e ŋ x o ɾ ð o n
εθισμένοι	e θ i z m e n i
εικονοστάσι	i k o n o s t a s i
εικοστό	i k o s t o
εισαχθούν	i s a x θ u n
εισβολέων	i z v o l e o n
εκδρομήσ	e k ð ɾ o m i s
εκλεγμένοι	e k l e ɣ m e n i
εκλεπτυσμένη	e k l e p t i z m e n i
εκλεψε	e k l e p s e
εκτάκτων	e k t a k t o n
εκτροφήσ	e k t ɾ o f i s
ελαφρυντικό	e l a f ɾ i n d i k o
ελλαδικού	e l a ð i k u
ελπίζαμε	e l p i z a m e
ενεργοποιούν	e n e ɾ ɣ o p i u n
ενθουσιώδη	e n θ u s i o ð i
ενισχυτέσ	e n i s ç i t e s
ενταγμένη	e n d a ɣ m e n i
ενόρκων	e n o ɾ k o n
εξακολουθείτε	e k s a k o l u θ i t e
εξαντλημένοσ	e k s a n d l i m e n o s
εξαφανίζει	e k s a f a n i z i
εξελισσόταν	e k s e l i s o t a n
εξωδικαστικό	e k s o ð i k a s t i k o
επέκτεινε	e p e k t i n e
επαναλάβουν	e p a n a l a v u n
επαναλήφθηκε	e p a n a l i f θ i c e
επαναλήψεων	e p a n a l i p s e o n
επαναλαμβάνετε	e p a n a l a ɱ v a n e t e
επαρκεί	e p a ɾ c i
επενδυτικέσ	e p e n ð i t i c e s
επερώτηση	e p e ɾ o t i s i
επιβιβαστεί	e p i v i v a s t i
επιδέχονται	e p i ð e x o n d e
επιζήσουν	e p i z i s u n
επικά	e p i k a
επικεντρωθούμε	e p i c e n d ɾ o θ u m e
επισημότητα	e p i s i m o t i t a
επιταχύνεται	e p i t a ç i n e t e
επιτελείων	e p i t e l i o n
επιτυχημένου	e p i t i ç i m e n u
ερμηνευθεί	e ɾ m i n e f θ i
ερπετών	e ɾ p e t o n
εσακε	e s a c e
εσφιγμένου	e s f i ɣ m e n u
ευδοκίασ	e v ð o c i a s
ευκρίνεια	e f k ɾ i n i a
ευρωπαίου	e v ɾ o p e u
εφυγεσ	e f i ʝ e s
εχθροσ	e x θ ɾ o s
ζηρού	z i ɾ u
ζουλού	z u l u
ζωηρόσ	z o i ɾ o s
ηρεμήσετε	i ɾ e m i s e t e
ηττημένοι	i t i m e n i
θέροσ	θ e ɾ o s
θίγονται	θ i ɣ o n d e
θαν	θ a n
θαυμάστε	θ a v m a s t e
θαφτεί	θ a f t i
θεραπεύσουν	θ e ɾ a p e f s u n
θεσσ	θ e s
θρήνο	θ ɾ i n o
θυμα	θ i m a
ιατροφαρμακευτική	i a t ɾ o f a ɾ m a c e f t i c i
ινδικού	i n ð i k u
ιουδαίουσ	i u ð e u s
ιρακ	i ɾ a k
ισόπαλοι	i s o p a l i
ισόπαλοσ	i s o p a l o s
ιχθύεσ	i x θ i e s
κάουφμαν	k a u f m a n
κίτον	c i t o n
καθαυτό	k a θ a f t o
καλοδεχούμενη	k a l o ð e x u m e n i
καλωσήρθατε	k a l o s i ɾ θ a t e
καμπούρησ	k a m b u ɾ i s
κανονίζω	k a n o n i z o
κασετόφωνο	k a s e t o f o n o
κατάδικοσ	k a t a ð i k o s
κατάλαβέ	k a t a l a v e
κατάπια	k a t a p ç a
καταβάλλουν	k a t a v a l u n
καταβροχθίζει	k a t a v ɾ o x θ i z i
καταδείξει	k a t a ð i k s i
καταδικάζονται	k a t a ð i k a z o n d e
κατακτήσεων	k a t a k t i s e o n
καταλογίζει	k a t a l o ʝ i z i
κατανόησή	k a t a n o i s i
καταξιωμένουσ	k a t a k s i o m e n u s
κατεβαίνουμε	k a t e v e n u m e
κατηγορούμενη	k a t i ɣ o ɾ u m e n i
κατουρήσω	k a t u ɾ i s o
κειμηλίων	c i m i l i o n
κεφαλαια	c e f a l e a
κηρύττει	c i ɾ i t i
κινηθείσ	c i n i θ i s
κοιτάσματοσ	c i t a z m a t o s
κοκκινα	k o c i n a
κολυμπά	k o l i m b a
κονσόλασ	k o n s o l a s
κοντρα	k o n d ɾ a
κοράλλια	k o ɾ a ʎ a
κορεάτικα	k o ɾ e a t i k a
κορεατική	k o ɾ e a t i c i
κορεσμένα	k o ɾ e z m e n a
κουμάνοβο	k u m a n o v o
κούφια	k u f ç a
κρέσπο	k ɾ e s p o
κρασ	k ɾ a s
κρατουμένου	k ɾ a t u m e n u
κρισησ	k ɾ i s i s
κρόκοσ	k ɾ o k o s
κρύσταλλα	k ɾ i s t a l a
κτυπά	k t i p a
κυριαρχείται	c i ɾ i a ɾ ç i t e
κυτταρίτιδασ	c i t a ɾ i t i ð a s
κωλοτούμπα	k o l o t u b a
κύκνων	c i k n o n
κύπριου	c i p ɾ i u
κών	k o n
λάβασ	l a v a s
λάο	l a o
λευκα	l e f k a
λευκώματοσ	l e f k o m a t o s
λεωφορειο	l e o f o ɾ i o
λιμό	l i m o
λοράν	l o ɾ a n
λούλα	l u l a
λόφων	l o f o n
μάνεσησ	m a n e s i s
μάντζαρησ	m a n d͡z a ɾ i s
μαζεύετε	m a z e v e t e
μαζεύτηκε	m a z e f t i c e
μακρονήσου	m a k ɾ o n i s u
μαλακώσει	m a l a k o s i
μανίασ	m a n i a s
μαρξισμόσ	m a ɾ k s i z m o s
μασσαλίασ	m a s a l i a s
μείγματα	m i ɣ m a t a
μείνατε	m i n a t e
μελλοντικοί	m e l o n d i c i
μεσήλικασ	m e s i l i k a s
μεταρρυθμιστήσ	m e t a ɾ i θ m i s t i s
μεταρρυθμιστική	m e t a ɾ i θ m i s t i c i
μεταφυσικό	m e t a f i s i k o
μετράτε	m e t ɾ a t e
μετρούσαν	m e t ɾ u s a n
μηχανήματοσ	m i x a n i m a t o s
μοιράζοντασ	m i ɾ a z o n d a s
μπάτον	b a t o n
μπάφαλο	b a f a l o
μπαλάφασ	b a l a f a s
μπαλτάσ	b a l t a s
μπεθ	b e θ
μπινγκ	b i ŋ ɡ
μπισκοτάκια	b i s k o t a c a
μπράβοι	b ɾ a v i
μπρι	b ɾ i
μυζήθρα	m i z i θ ɾ a
μόρφωσή	m o ɾ f o s i
νεάντερταλ	n e a n d e ɾ t a l
νεανικέσ	n e a n i c e s
νεοφιλελεύθερεσ	n e o f i l e l e f θ e ɾ e s
νεοχωρίου	n e o x o ɾ i u
νοοτροπίεσ	n o o t ɾ o p i e s
νοταρά	n o t a ɾ a
νοτιοκορεάτεσ	n o t i o k o ɾ e a t e s
ντάριο	d a ɾ i o
ντάρσι	d a ɾ s i
ντιμπέιτ	d i b e i̯ t
ντροπαλόσ	d ɾ o p a l o s
ξαναπάρει	k s a n a p a ɾ i
ξεκολλήσει	k s e k o l i s i
ξενία	k s e n i a
ξεναγήσω	k s e n a ʝ i s o
οδεύουμε	o ð e v u m e
οικογενειεσ	i k o ʝ e n i e s
οικοδόμων	i k o ð o m o n
ολλανδικήσ	o l a n ð i c i s
ολοφάνερα	o l o f a n e ɾ a
οργανωτικέσ	o ɾ ɣ a n o t i c e s
οργασμούσ	o ɾ ɣ a z m u s
οροπεδίου	o ɾ o p e ð i u
ούνα	u n a
πάλευα	p a l e v a
πάνθηρασ	p a n θ i ɾ a s
πίτερσ	p i t e ɾ s
παγούρι	p a ɣ u ɾ i
πανάκι	p a n a c i
πανεύκολη	p a n e f k o l i
παντοδύναμο	p a n d o ð i n a m o
παρίσταται	p a ɾ i s t a t e
παραβάσεων	p a ɾ a v a s e o n
παραλιμνίου	p a ɾ a l i m n i u
παραπλάνησησ	p a ɾ a p l a n i s i s
παρατάσεισ	p a ɾ a t a s i s
παραχθούν	p a ɾ a x θ u n
παρενοχλεί	p a ɾ e n o x l i
παρκάρετε	p a ɾ k a ɾ e t e
παρκσ	p a ɾ k s
περιβάλει	p e ɾ i v a l i
περιλάβει	p e ɾ i l a v i
πετρα	p e t ɾ a
πηλόσ	p i l o s
πιάτου	p ç a t u
πιστευουν	p i s t e v u n
πιστοποιούν	p i s t o p i u n
πλακεντίασ	p l a c e n d i a s
πλασέ	p l a s e
πλαστικήσ	p l a s t i c i s
πλεονεκτική	p l e o n e k t i c i
πληθυσμιακά	p l i θ i z m i a k a
πληρωσει	p l i ɾ o s i
πνευστά	p n e f s t a
ποιων	p i o n
πολιτιστικοί	p o l i t i s t i c i
πολυπόθητο	p o l i p o θ i t o
πον	p o n
πορτοκάλογλου	p o ɾ t o k a l o ɣ l u
ποσοι	p o s i
ποσόν	p o s o n
πρεσβεια	p ɾ e z v i a
προεπιλογή	p ɾ o e p i l o ʝ i
προκλητικότητα	p ɾ o k l i t i k o t i t a
προσάραξε	p ɾ o s a ɾ a k s e
προσέγγισαν	p ɾ o s e ŋ ɟ i s a n
προτίμησή	p ɾ o t i m i s i
προχωρα	p ɾ o x o ɾ a
προχωρημένα	p ɾ o x o ɾ i m e n a
πρωταθλητισμό	p ɾ o t a θ l i t i z m o
πρωτομαγιάσ	p ɾ o t o m a ʝ a s
πτυχιούχων	p t i ç u x o n
πυκνωτή	p i k n o t i
πόλων	p o l o n
πόλωσησ	p o l o s i s
πόσω	p o s o
πόσων	p o s o n
ράβδου	ɾ a v ð u
ράψω	ɾ a p s o
ρίψησ	ɾ i p s i s
ραδιοκύματα	ɾ a ð i o c i m a t a
ραμμένο	ɾ a m e n o
ρεζερβουάρ	ɾ e z e ɾ v u a ɾ
ριζοσπαστικού	ɾ i z o s p a s t i k u
ροζάριο	ɾ o z a ɾ i o
ροτ	ɾ o t
ρουλεμάν	ɾ u l e m a n
ρουσ	ɾ u s
ρούμελη	ɾ u m e l i
ρωμανού	ɾ o m a n u
ρύγχοσ	ɾ i ŋ x o s
σάνι	s a n i
σίφνοσ	s i f n o s
σίφνου	s i f n u
σαλάχ	s a l a x
σαλμάν	s a l m a n
σανγκάη	s a ŋ ɡ a i
σαντάνα	s a n d a n a
σαουδάραβεσ	s a u ð a ɾ a v e s
σατιρικό	s a t i ɾ i k o
σαχ	s a x
σεβασμο	s e v a z m o
σερβίρεισ	s e ɾ v i ɾ i s
σημαδι	s i m a ð i
σην	s i n
σιωπά	s i o p a
σκάσετε	s k a s e t e
σκεύασμα	s c e v a z m a
σκοταδι	s k o t a ð i
σλιμ	s l i m
σοδειέσ	s o ð i e s
σουλιώτεσ	s u ʎ o t e s
σπιράλ	s p i ɾ a l
σπουδαίασ	s p u ð e a s
στεγαστικό	s t e ɣ a s t i k o
στηρίζετε	s t i ɾ i z e t e
στολίζουν	s t o l i z u n
στοχαστέσ	s t o x a s t e s
στρέψουν	s t ɾ e p s u n
συγκάλυψησ	s i ŋ ɡ a l i p s i s
συγκάτοικοσ	s i ŋ ɡ a t i k o s
συγκεκριμενη	s i ŋ ɟ e k ɾ i m e n i
συγχωρειτε	s i ŋ x o ɾ i t e
συμβουλη	s i ɱ v u l i
συμμετέχουσεσ	s i m e t e x u s e s
συμπεράσματά	s i m b e ɾ a z m a t a
συμπλήρωνε	s i m b l i ɾ o n e
συμφωνείται	s i ɱ f o n i t e
συμφωνώντασ	s i ɱ f o n o n d a s
συναγωνίζονται	s i n a ɣ o n i z o n d e
συνδυαστούν	s i n ð i a s t u n
συνετό	s i n e t o
συνηθισμένουσ	s i n i θ i z m e n u s
σφαιρικά	s f e ɾ i k a
σφραγισμένα	s f ɾ a ʝ i z m e n a
σχολικόσ	s x o l i k o s
σόδομα	s o ð o m a
σύρουσ	s i ɾ u s
τέλεσησ	t e l e s i s
ταμπλέτεσ	t a b l e t e s
ταξίδεψα	t a k s i ð e p s a
ταξικήσ	t a k s i c i s
ταυτίστηκε	t a f t i s t i c e
ταφικό	t a f i k o
τειρεσία	t i ɾ e s i a
τετάρτεσ	t e t a ɾ t e s
τετάρτου	t e t a ɾ t u
τζάνισ	d͡z a n i s
τζέραρντ	d͡z e ɾ a ɾ d
τζόγοσ	d͡z o ɣ o s
τζώρτζ	d͡z o ɾ d͡z
τιτανικόσ	t i t a n i k o s
τουν	t u n
τρέχοντοσ	t ɾ e x o n d o s
τρομοκρατήσει	t ɾ o m o k ɾ a t i s i
τρομοκρατηθεί	t ɾ o m o k ɾ a t i θ i
τρόμαξαν	t ɾ o m a k s a n
τσιγκούνησ	t͡s i ŋ ɡ u n i s
τσικνοπέμπτη	t͡s i k n o p e m p t i
τυπικού	t i p i k u
τυποι	t i p i
τυποποιημένα	t i p o p i i m e n a
τυχαίασ	t i ç e a s
υπαρχηγό	i p a ɾ ç i ɣ o
υπερασπιστώ	i p e ɾ a s p i s t o
υπερτερεί	i p e ɾ t e ɾ i
υπηρέτριεσ	i p i ɾ e t ɾ i e s
υποβιβάζεται	i p o v i v a z e t e
φαλακρό	f a l a k ɾ o
φανηκε	f a n i c e
φετινών	f e t i n o n
φθορίου	f θ o ɾ i u
φιλοφρονήσεισ	f i l o f ɾ o n i s i s
φλόρεσ	f l o ɾ e s
φοβηθούμε	f o v i θ u m e
φοβισμένα	f o v i z m e n a
φουρνιά	f u ɾ ɲ a
φυλάκισε	f i l a c i s e
φυλακίσει	f i l a c i s i
φυσαρμόνικα	f i s a ɾ m o n i k a
φωνών	f o n o n
φωτορεπόρτερ	f o t o ɾ e p o ɾ t e ɾ
χάλυβασ	x a l i v a s
χέζει	ç e z i
χαλβάσ	x a l v a s
χαρακτήριζαν	x a ɾ a k t i ɾ i z a n
χαρισματικό	x a ɾ i z m a t i k o
χειρογράφων	ç i ɾ o ɣ ɾ a f o n
χοιρινού	ç i ɾ i n u
χούτου	x u t u
χρυσέ	x ɾ i s e
χτίζεισ	x t i z i s
χτυπησε	x t i p i s e
χωρίον	x o ɾ i o n
ψεύτικουσ	p s e f t i k u s
όλιβ	o l i v
όου	o u
