אבל	a v a l
כי	k i
שלי	ʃ a l i
לך	l a χ
הזה	h a z a
שלא	ʃ a l a
זו	z o
שהוא	ʃ a h u
אך	a χ
אותי	o t i
לנו	l a n u
היום	h i j u m
ידי	j a d i
להם	l a h a m
יהיה	j e h i j a
רוצה	ʁ o t͡s a
אותה	o t a
שני	ʃ a n i
ביותר	b i j u t e ʁ
לאחר	l e a χ a ʁ
שיש	ʃ i ʃ
אחר	a χ a ʁ
אנשים	a n ʃ i m
אומר	o m e ʁ
שלנו	ʃ a l a n u
נראה	n i ʁ a
שהיא	ʃ a h i
שזה	ʃ a z a
שלה	ʃ a l a
אמר	a m a ʁ
בה	b a
פה	p a
שהם	ʃ a h a m
פשוט	p ʃ u t
וגם	v a ɡ a m
לפי	l a f i
עושה	o ʃ a
עליו	a l j u
רבים	ʁ a v i m
הרב	h a ʁ a v
ללא	l a l a
קצת	k a t͡s a t
בלי	b a l i
מן	m a n
ביום	b i j u m
הדבר	h i d b e ʁ
המדינה	h i m d i n a
אי	a j
בגלל	b a ɡ l a l
האלה	h e e l a
הספר	h i s p e ʁ
וזה	v a z a
שהיה	ʃ a h i j a
שום	ʃ o m
כזה	k a z a
ניתן	n i t e n
העיר	h e i ʁ
טובה	t o v a
עבור	a v u ʁ
שאין	ʃ a i n
בזה	b a z a
הגדול	h i ɡ d u l
ילדים	j a l a d i m
מזה	m a z a
השני	h i ʃ n i
אחרת	a χ a ʁ a t
די	d i
לקבל	l i k b e l
בתוך	b a t u χ
יחד	j a χ a d
לומר	l o m e ʁ
שתי	ʃ a t i
בעלי	b a a l i
הממשלה	h i m m a ʃ l a
בלבד	b a l b a d
העבודה	e e v u d a
לדעת	l a d a a t
שונים	ʃ o n i m
לבית	l a v i t
מול	m o l
מכל	m a χ a l
יודעת	j o d a a t
לדבר	l i d b e ʁ
לזה	l a z a
צריכה	t͡s ʁ i χ a
תוך	t o χ
השנה	h i ʃ n a
חושב	χ o ʃ e v
מאז	m a a z
יהודים	j e h u d i m
כפי	k a f i
מדי	m a d i
חייב	χ a j a v
בעיקר	b e i k e ʁ
למרות	l i m ʁ u t
לתת	l a t a t
הכנסת	h i χ n e s e t
ולכן	v a l χ a n
ממנו	m a m a n u
פחות	p a χ u t
לשם	l a ʃ a m
הדברים	h i d b a ʁ i m
הולך	h o l e χ
הזו	h a z u
מיליון	m i l j o n
הבא	h a v a
והיא	v e h i
עלי	a l i
קודם	k o d e m
בי	b i
גדולה	ɡ a d u l a
רבה	ʁ a v a
הדין	h a d i n
יודעים	j o d a i m
מעט	m a a t
עושים	o ʃ i m
כמובן	k a m u v a n
שר	ʃ a ʁ
האמת	h e e m e t
הרי	h a ʁ i
זהו	z a h u
למשל	l i m ʃ e l
מאד	m a a d
אלי	a l i
כגון	k a ɡ o n
מחדש	m a χ d e ʃ
מצד	m a t͡s a d
עליה	a l j a
עובד	o v e d
בעיר	b a i ʁ
אינה	i n a
כלי	k a l i
מלא	m a l a
עבר	a v a ʁ
בעת	b a a t
עולה	o l a
שכן	ʃ a χ a n
היהודים	h i h u d i m
למען	l a m a n
בראש	b a ʁ a ʃ
היהודי	h i h u d i
חודשים	χ o d e ʃ i m
בידי	b i d i
ביחד	b i χ e d
המשפחה	h i m ʃ p a χ a
לבד	l a v a d
לחזור	l a χ z u ʁ
בנו	b a n u
חדשה	χ a d a ʃ a
מיד	m i d
סוג	s o ɡ
ספק	s a f a k
פני	p a n i
מפני	m a f a n i
עצמי	a t͡s m i
שאם	ʃ a a m
שבה	ʃ a v a
אתכם	a t χ a m
חדשים	χ a d a ʃ i m
כהן	k a h a n
מדינת	m a d i n e t
שמו	ʃ a m u
דווקא	d a v a k a
השנים	h i ʃ n i m
חיי	χ a j
ממני	m a m a n i
עומד	o m e d
קורה	k o ʁ a
שונה	ʃ o n a
אמרה	a m ʁ a
היחיד	h i χ i d
דומה	d o m a
האיש	h e i ʃ
הברית	h i v ʁ i t
חשבתי	χ a ʃ b a t i
מדוע	m a d u a
פרק	p a ʁ a k
אה	a
אינם	i n e m
איתך	i t e χ
בתור	b a t u ʁ
הים	h i m
הללו	h i l l u
המלחמה	h i m l a χ m a
ורק	v a ʁ a k
כה	k a
מכן	m a χ a n
סיפור	s i p u ʁ
עצמה	a t͡s m a
בקרב	b a k ʁ a v
העליון	e e l j o n
קטנה	k a t a n a
ימי	j a m i
ממנה	m a m a n a
מקווה	m a k v a
בהן	b a h a n
היחידה	h i χ i d a
להשתמש	l e h i ʃ t a m e ʃ
שימוש	ʃ i m u ʃ
in	i n
the	t e
הגדולה	h i ɡ d u l a
הילד	h i l e d
והיה	v e h i j a
חזק	χ a z a k
מיוחד	m i j u χ a d
עליך	a l i χ
שאתם	ʃ e a t e m
צוות	t͡s a v a t
אבי	a v i
בתל	b a t a l
הנשיא	h i n ʃ i
הסיפור	h i s i p u ʁ
חסר	χ a s a ʁ
ממה	m a m a
ממך	m a m a χ
אחי	a χ i
באה	b a a
היהודית	h i h u d i t
התורה	h i t u ʁ a
יורק	j o ʁ e k
נכנס	n i χ n e s
נשמע	n i ʃ m a
עצמם	a t͡s m a m
רואים	ʁ o i m
שמח	ʃ a m a χ
אתר	a t a ʁ
גדולים	ɡ a d u l i m
הלב	h a l a v
השאלה	h i ʃ a l a
חוזר	χ o z e ʁ
ידוע	j a d u a
למי	l a m i
מרגיש	m a ʁ ɡ i ʃ
בך	b a χ
הסרט	h i s ʁ e t
השנייה	h i ʃ n i j a
כעת	k a a t
סרט	s a ʁ a t
המשטרה	h i m ʃ t a ʁ a
לשעבר	l i ʃ a v e ʁ
עליי	a l a j
שצריך	ʃ a t͡s ʁ i χ
אביו	a v j u
ביניהם	b i n j a m
חייבים	χ a j a v i m
קיבל	k i b e l
שינוי	ʃ i n u j
תמונות	t a m u n u t
המאה	h i m a
הסכם	h i s k e m
חד	χ a d
לתוך	l a t u χ
מתחיל	m i t χ i l
נקרא	n i k ʁ a
הגיעו	h i ɡ i u
השבוע	h i ʃ b u a
לעבודה	l e a v u d a
נשאר	n i ʃ a ʁ
עובדים	o v a d i m
פתח	p a t a χ
קוראים	k o ʁ a j i m
גיל	ɡ i l
מאת	m a a t
רמת	ʁ a m a t
דה	d a
הימים	h i m i m
לבדוק	l a v d u k
לשלם	l i ʃ l e m
לשנות	l i ʃ n u t
קורא	k o ʁ a
שמחה	ʃ i m χ a
באמצע	b e a m t͡s a
התנועה	h i t n u a
חג	χ a ɡ
להיכנס	l e h i χ n e s
להתחיל	l e h i t χ i l
לחלוטין	l a χ l u t i n
לשחק	l i ʃ χ a k
אמנם	a m n a m
זכות	z a χ u t
לידי	l i d i
משם	m a ʃ a m
שבהם	ʃ a v a m
שרה	ʃ a ʁ a
ארגון	a ʁ ɡ o n
בהתאם	b e h i t a m
בעיות	b a a j u t
הא	h a
הולכים	h o l χ i m
חולים	χ o l i m
חוסר	χ o s e ʁ
חזר	χ a z a ʁ
יעשה	j a a ʃ a
מאחר	m e a χ a ʁ
מדינות	m a d i n u t
מידי	m i d i
עמ	a m
שמות	ʃ a m u t
שמעתי	ʃ i m a t i
האישה	h e i ʃ a
היתר	h i t e ʁ
הכסף	h i χ s e f
כזאת	k a z a t
מבלי	m a v l i
משחקים	m i ʃ χ a k i m
רשות	ʁ a ʃ u t
בימים	b i m i m
הקבוצה	h i k b u t͡s a
חן	χ a n
ילדה	j a l a d a
נו	n o
קפה	k a f a
תרבות	t a ʁ b u t
הבנתי	h i v n a t i
הי	h i
הכבוד	h i χ b u d
הנשים	h i n ʃ i m
השאר	h i ʃ a ʁ
חינוך	χ i n u χ
יוכל	j o χ e l
ליום	l i j u m
מדהים	m a d h i m
מלאה	m a l a
עשיתי	a ʃ i t i
and	a n d
בחדר	b a χ d a ʁ
במידה	b e m i d a
בעד	b a a d
ברחוב	b a ʁ χ u v
בשבוע	b i ʃ b u a
האוויר	h e e v i ʁ
מותר	m o t e ʁ
סימן	s i m e n
הרכב	h i ʁ k e v
השלישי	h i ʃ l i ʃ i
וחצי	v a χ t͡s i
לבני	l a v a n i
ניסיון	n i s j o n
צעיר	t͡s a i ʁ
שלם	ʃ a l a m
אפשרות	a f ʃ a ʁ u t
הצבא	h i t͡s b a
השימוש	h i ʃ i m u ʃ
יחסית	j a χ s i t
מכירה	m e χ i ʁ a
מלבד	m a l b a d
מראש	m a ʁ a ʃ
סעיף	s a i f
שאף	ʃ a a f
שבין	ʃ a v i n
שעל	ʃ a a l
to	t o
אגב	a ɡ a v
בימי	b i m i
בניו	b a n j u
גרוע	ɡ a ʁ u a
הגדולים	h i ɡ d u l i m
ההורים	h e h o ʁ i m
יופי	j o f i
מדיניות	m a d i n j u t
מכך	m a χ a χ
נמצאת	n i m t͡s a t
צודק	t͡s o d e k
דור	d o ʁ
לאחרונה	l e a χ ʁ o n a
להלן	l a h l a n
לטובת	l a t u v e t
מאי	m a i
מילים	m i l i m
מתה	m a t a
נוספות	n o s f u t
נעים	n a i m
עצמך	a t͡s m a χ
הצעיר	h i t͡s i ʁ
להפסיק	l e h a f s i k
מחקר	m a χ k a ʁ
מרגישה	m a ʁ ɡ i ʃ a
סגן	s a ɡ a n
עמוד	a m u d
קרן	k a ʁ a n
תקווה	t a k v a
of	o f
אלינו	a l i n u
בעברית	b e a v ʁ i t
הבריאות	h i v ʁ i u t
הגיעה	h i ɡ i a
ההוא	h a h u
המציאות	h i m t͡s i u t
המרכז	h i m ʁ e χ e z
הקהילה	h i k h i l a
השבת	h i ʃ b e t
חוקי	χ o k i
שאינם	ʃ a i n a m
שכר	ʃ a χ a ʁ
אוהבים	o h a v i m
ביטוי	b i t u j
גדולות	ɡ a d u l u t
הטבע	h i t b a
המשך	h i m ʃ e χ
הקמת	h i k m e t
השלטון	h i ʃ l a t o n
התוכנית	h i t u χ n i t
זוהי	z o h i
חיל	χ i l
טיפול	t i p u l
יצאו	j a t͡s a u
לאן	l a a n
עסקים	a s k i m
קבע	k a v a
באים	b a i m
הצעת	h i t͡s a a t
השמש	h i ʃ m e ʃ
כפר	k a f a ʁ
מורה	m o ʁ a
נולד	n o l a d
סופר	s o f a ʁ
עסק	a s a k
שב	ʃ a v
שחקן	ʃ a χ k a n
שמישהו	ʃ m i ʃ a h u
תוכל	t o χ e l
תקשורת	t a k ʃ u ʁ e t
הדם	h a d a m
זכה	z a χ a
חיילים	χ a j a l i m
יושב	j o ʃ e v
יחסי	j a χ s i
כמוך	k a m u χ
נוכל	n o χ e l
אחוז	a χ u z
ביד	b i d
בלב	b a l a v
גוריון	ɡ o ʁ j o n
גרם	ɡ a ʁ a m
האלו	h e e l u
להן	l a h a n
לעיר	l a i ʁ
לרגע	l a ʁ ɡ a
מקבלים	m a k b a l i m
פיתוח	p i t u a χ
פרטי	p a ʁ t i
בגין	b a ɡ i n
בדבר	b i d b e ʁ
היד	h i d
הצליח	h i t͡s l i a χ
וזאת	v i z a t
חזקה	χ a z a k a
יוסי	j o s i
לחפש	l a χ p a ʃ
לשלוח	l i ʃ l u a χ
לשני	l i ʃ n i
לתקן	l i t k a n
אליי	a l a j
ארוכה	a ʁ u χ a
באר	b a a ʁ
הנראה	h i n ʁ a
הרוח	h a ʁ u a χ
חופשי	χ o f ʃ i
לאחד	l e a χ a d
לכיוון	l i χ i v e n
לראש	l a ʁ a ʃ
מאמינה	m e a m i n a
מזון	m a z o n
מעין	m a i n
עדיף	a d i f
עומדת	o m e d e t
קבוע	k a v u a
רצון	ʁ a t͡s o n
תגיד	t a ɡ i d
בעיני	b a i n i
בריאות	b ʁ i u t
השירים	h i ʃ i ʁ i m
התיכון	h i t i χ o n
חשיבות	χ a ʃ i v u t
למות	l a m u t
לצפות	l i t͡s f u t
מגיעים	m a ɡ i i m
משפחות	m i ʃ p a χ u t
עבודת	a v u d e t
פסק	p a s a k
צילום	t͡s i l u m
קרב	k a ʁ a v
שמי	ʃ a m i
שרק	ʃ a ʁ a k
תראה	t a ʁ a
אבו	a v u
להגן	l a h a ɡ a n
משפחת	m i ʃ p a χ a t
עומדים	o m a d i m
ענק	a n a k
רוסיה	ʁ o s j a
שומע	ʃ o m a
דו	d o
הגנה	h i ɡ n a
הנכון	h i n k o n
הסדר	h i s d e ʁ
ואיך	v e i χ
וידאו	v i d a u
להישאר	l e h i ʃ a ʁ
מזכיר	m i z k i ʁ
מחפשים	m a χ p a ʃ i m
משתמש	m i ʃ t a m e ʃ
שבא	ʃ a v a
שליטה	ʃ l i t a
איננו	i n a n u
באיזה	b e i z a
ברוב	b a ʁ u v
גרמניה	ɡ a ʁ m a n j a
המספר	h i m s p e ʁ
חברתית	χ a v ʁ a t i t
חשובה	χ a ʃ u v a
יחסים	j a χ s i m
לחלק	l a χ l a k
מחפש	m a χ p e ʃ
פרטים	p a ʁ t i m
שואל	ʃ o e l
באחד	b e a χ a d
הספרים	h i s p a ʁ i m
הרשות	h i ʁ ʃ u t
כלים	k a l i m
כרטיס	k a ʁ t i s
להחזיר	l e h a χ z i ʁ
מכירים	m e χ i ʁ i m
ניסה	n i s a
נראית	n i ʁ a j i t
שאי	ʃ a i
שייך	ʃ a j a χ
שיכול	ʃ i χ u l
אחראי	a χ ʁ a j
בינתיים	b i n t a j i m
דקה	d a k a
האדמה	h e e d e m a
המחקר	h i m χ a k e ʁ
הקטנה	h i k t a n a
התמונה	h i t m o n a
טרם	t a ʁ a m
יו	j o
נא	n a
עבודות	a v u d u t
עתה	a t a
שישי	ʃ i ʃ i
אינני	i n a n i
אצלנו	a t͡s l a n u
הלבן	h i l b e n
המשנה	h i m ʃ a n a
הצוות	h i t͡s v e t
הקדוש	h i k d u ʃ
וזו	v a z u
יוצאת	j o t͡s a t
כוס	k o s
כח	k a χ
לעיתים	l a i t i m
נוח	n o a χ
עליכם	a l i χ e m
עשתה	a ʃ t a
קטנות	k a t a n u t
שיתוף	ʃ i t u f
שלב	ʃ a l a v
בחלק	b a χ l a k
ביי	b a j
גמר	ɡ a m a ʁ
דיון	d i j o n
האמיתי	h e e m i t i
הארגון	h e e ʁ ɡ o n
הזוג	h i z u ɡ
הרע	h a ʁ a
השעה	h i ʃ a
זקן	z a k a n
חלקי	χ a l a k i
כאב	k a a v
מודה	m o d a
מפה	m a f a
סיום	s i j u m
סיני	s i n i
עובדת	o v e d e t
עשית	a ʃ i t
רופא	ʁ o f a
אירועים	i ʁ u i m
אמצעי	a m t͡s a i
ארוחת	a ʁ u χ a t
בטוחה	b a t u χ a
בקלות	b a k l u t
הגישה	h i ɡ i ʃ a
הכלכלי	h i χ l a χ l i
ידיעות	j a d i u t
מרכזי	m a ʁ k a z i
משתמשים	m i ʃ t a m ʃ i m
נקבע	n i k b a
עולים	o l i m
צו	t͡s o
קיום	k i j u m
שיטת	ʃ i t e t
שינויים	ʃ i n u j i m
שירה	ʃ i ʁ a
איי	a j
בים	b i m
היחסים	h i χ s i m
המדינות	h i m d i n u t
ולמה	v a l a m a
זרים	z a ʁ i m
להוכיח	l e h u χ i a χ
לחבר	l a χ b a ʁ
לטפל	l i t p e l
לשמש	l i ʃ m e ʃ
ממשיך	m a m ʃ i χ
מתחילים	m i t χ i l i m
מתים	m a t i m
עצמית	a t͡s m i t
שיער	ʃ i a ʁ
שרון	ʃ a ʁ o n
אופי	o f i
הדיון	h i d j o n
המוות	h i m v e t
הסביבה	h i s b i v a
הקטע	h i k t a
הקיבוץ	h i k i b u t͡s
ואחר	v e a χ a ʁ
חופש	χ o f e ʃ
חלקים	χ a l a k i m
כשהיא	k a ʃ h i
להודות	l e h u d u t
לחברה	l a χ b a ʁ a
מאמר	m e a m e ʁ
עובדי	o v a d i
ערבים	a ʁ b i m
פגיעה	p a ɡ i a
שלהן	ʃ a l a n
איני	i n i
הוצאת	h o t͡s a t
המרכזית	h i m ʁ a χ z i t
הקרוב	h i k ʁ o v
ודאי	v a d a j
לענות	l a a n u t
מאיפה	m e i f a
משחקי	m i ʃ χ a k i
משנת	m i ʃ n e t
נפלא	n i f l a
סביר	s a v i ʁ
סי	s i
פרץ	p a ʁ a t͡s
קשים	k a ʃ i m
שי	ʃ i
ברזל	b a ʁ z a l
הקשה	h i k ʃ a
השלישית	h i ʃ l i ʃ i t
השפה	h i ʃ p a
התפקיד	h i t p a k i d
יפו	j a f u
כשר	k a ʃ a ʁ
לבסוף	l a v s u f
להעלות	l e h a l u t
לחדר	l a χ d a ʁ
מצאו	m a t͡s a u
סרטים	s a ʁ t i m
עלייה	a l i j a
פרט	p a ʁ a t
צעד	t͡s a a d
שיצא	ʃ i t͡s a
איתנו	i t a n u
אמיתית	a m i t i t
בכיר	b e χ i ʁ
ברורה	b ʁ u ʁ a
הגדולות	h i ɡ d u l u t
הישיבה	h i ʃ i v a
הכוונה	h i χ v a n a
הצלחה	h i t͡s l a χ a
הקיץ	h i k i t͡s
כביש	k a v i ʃ
להוריד	l e h o ʁ i d
למדי	l a m a d i
לרדת	l a ʁ d e t
מגלה	m a ɡ l a
מצווה	m a t͡s v a
מתחילה	m i t χ i l a
נוער	n o a ʁ
עלתה	a l t a
עמדה	a m d a
קראתי	k a ʁ a t i
תורת	t o ʁ e t
תנו	t a n u
תשומת	t ʃ u m e t
אהיה	a h i j a
אצלי	a t͡s l i
ביצוע	b i t͡s u a
גודל	ɡ o d e l
הגבול	h i ɡ b u l
הגיוני	h i ɡ j o n i
הדלת	h i d l e t
כלכלי	k a l k a l i
לבטל	l i v t e l
לזמן	l i z m e n
מאיתנו	m e i t a n u
מופיע	m o f i a
מסביב	m a s b i v
נודע	n o d a
נותנים	n o t a n i m
נמצאו	n i m t͡s a u
נתנו	n i t n u
סיפורים	s i p u ʁ i m
קצרה	k a t͡s a ʁ a
גדל	ɡ a d a l
האירוע	h e i ʁ u a
הכניסה	h i χ n i s a
הפכה	h i f χ a
מטה	m a t a
מיוחדים	m i j u χ a d i m
נושאים	n o ʃ a i m
עדות	a d u t
קריאה	k ʁ i a
תגידי	t a ɡ i d i
דורש	d o ʁ e ʃ
הגעתי	h i ɡ a t i
הדור	h a d u ʁ
הנפש	h i n p e ʃ
התלמידים	h i t l a m i d i m
טען	t a a n
יומיים	j o m a j i m
ישיר	j e ʃ i ʁ
ישירות	j e ʃ i ʁ u t
ניהול	n i h u l
נס	n a s
עזר	a z a ʁ
עלו	a l u
ערבי	a ʁ b i
שירותי	ʃ i ʁ u t i
תת	t a t
גילה	ɡ i l a
גילוי	ɡ i l u j
דוקטור	d o k t o ʁ
דיין	d a j a n
האמריקאי	h e e m ʁ i k a j
האפשרות	h e e f ʃ a ʁ u t
הטיפול	h i t i p u l
הישן	h i ʃ e n
העלייה	e e l i j a
הצבאי	h i t͡s b a j
זין	z i n
זר	z a ʁ
חשובים	χ a ʃ u v i m
יוצר	j o t͡s e ʁ
כחלק	k a χ l a k
כשהם	k a ʃ a m
לאף	l a a f
להציל	l e h a t͡s i l
להציע	l e h a t͡s i a
לים	l a j i m
מסע	m a s a
סוריה	s o ʁ j a
עוסק	o s e k
ערים	a ʁ i m
שבהן	ʃ a v a n
שנקרא	ʃ i n k a ʁ a
תלמידים	t a l m i d i m
אמורה	a m u ʁ a
גר	ɡ a ʁ
הבתים	h i v t i m
ההבדל	h e h a v d e l
הורים	h o ʁ i m
המבנה	h i m b a n a
העיקרי	h e i k a ʁ i
הקודש	h i k u d e ʃ
השער	h i ʃ a ʁ
חייהם	χ i j a m
חכמה	χ a χ m a
ידעו	j a d a u
יעלה	j a a l a
יצירת	j e t͡s i ʁ e t
לזהות	l i z h u t
לימודי	l i m u d i
לכמה	l i χ m a
לעיל	l a i l
מינית	m i n i t
נבחר	n i v χ a ʁ
ניר	n i ʁ
סגל	s a ɡ a l
עובדה	o v a d a
פול	p o l
שכולם	ʃ χ u l a m
israel	i s r a e l
דתי	d a t i
הבריטי	h i v ʁ i t i
הכללית	h i χ l a l i t
העברי	e e v a ʁ i
העתיד	h e e t i d
השירות	h i ʃ i ʁ u t
חנה	χ a n a
כעבור	k a a v u ʁ
להזכיר	l e h i z k i ʁ
להציג	l e h a t͡s i ɡ
לתפקיד	l i t p a k i d
מכם	m a χ a m
מספרים	m i s p a ʁ i m
פירות	p i ʁ u t
פעיל	p a i l
ציבורית	t͡s i b u ʁ i t
קובע	k o v a
ראינו	ʁ a i n u
תראו	t a ʁ a u
אנא	a n a
אנטי	a n t i
באו	b a u
באי	b a i
בתגובה	b i t ɡ u v a
בתום	b a t u m
בתנאי	b i t n a j
הגענו	h i ɡ a n u
הגרמנים	h i ɡ ʁ a m a n i m
הדעת	h i d a a t
המחלקה	h i m χ a l a k a
המקומית	h i m k o m i t
הנרי	h i n ʁ i
העתיקה	e e t i k a
הציוני	h i t͡s j o n i
ידו	j a d u
להשתתף	l e h i ʃ t a t e f
לעם	l a a m
לשנה	l i ʃ n a
נהדר	n e h a d e ʁ
קטע	k a t a
קראו	k a ʁ a u
שאלתי	ʃ e e l t i
שחקנים	ʃ a χ k a n i m
שרת	ʃ a ʁ a t
אבנים	a v a n i m
אחים	a χ i m
אס	a s
אריק	a ʁ i k
בגן	b a ɡ a n
בחשבון	b a χ ʃ a v o n
ביטול	b i t u l
בסגנון	b a s ɡ a n o n
בקושי	b a k u ʃ i
בקיץ	b a k i t͡s
הבדל	h i v d e l
הגברים	h i ɡ b a ʁ i m
הדר	h a d a ʁ
הוראה	h o ʁ a
היהדות	h i h a d u t
היכולת	h i χ u l e t
הכלכלה	h i χ l a χ l a
המערבי	h i m a ʁ b i
הנתונים	h i n t o n i m
הפה	h a f a
התחלתי	h i t χ a l t i
ואחד	v e a χ a d
יוני	j o n i
ימות	j a m u t
כושר	k o ʃ e ʁ
כללית	k a l l i t
ללמד	l i l m e d
מהו	m a h u
נפתח	n i f t e a χ
עמי	a m i
פנה	p a n a
ראית	ʁ a i t
שיחות	ʃ i χ u t
תגובה	t a ɡ u v a
אנה	a n a
בבני	b a v a n i
גז	ɡ a z
דק	d a k
האישי	h e i ʃ i
הבינלאומי	h i b i n l a u m i
היסוד	h i s u d
המזון	h i m z o n
המחנה	h i m χ a n a
התכנית	h i t k a n i t
יולי	j o l i
לדברי	l i d b a ʁ i
לרבות	l a ʁ b u t
מכה	m a χ a
עזב	a z a v
עיצוב	i t͡s u v
צורה	t͡s o ʁ a
ציבורי	t͡s i b u ʁ i
ציוד	t͡s i j u d
קצין	k a t͡s i n
אחותי	a χ u t i
אחרון	a χ ʁ o n
אלפים	a l a f i m
אמון	a m o n
אשמח	a ʃ m a χ
ברירה	b ʁ i ʁ a
דומים	d o m i m
הון	h o n
היצירה	h i t͡s i ʁ a
הכלל	h i χ l e l
המקורי	h i m k o ʁ i
מכון	m a χ o n
מסר	m a s a ʁ
נחל	n a χ a l
סבתא	s a v t a
צודקת	t͡s o d e k e t
רות	ʁ o t
תחרות	t a χ ʁ u t
אן	a n
בדיקות	b e d i k u t
בהתחלה	b e h i t χ a l a
בריא	b a ʁ i
דגם	d a ɡ a m
האדום	h e e d u m
הבחירה	h i v χ i ʁ a
הזמנים	h i z m a n i m
הכביש	h i χ b i ʃ
המחיר	h i m χ i ʁ
המעבר	h i m a v e ʁ
המקור	h i m k o ʁ
הסדרה	h i s d a ʁ a
הצעירים	h i t͡s i ʁ i m
השיער	h i ʃ i a ʁ
זהות	z a h u t
טענה	t a a n a
יורד	j o ʁ e d
יצירה	j e t͡s i ʁ a
להחזיק	l e h a χ z i k
ליהודים	l i h u d i m
לסדר	l i s d e ʁ
מקצועי	m a k t͡s u a j
מרבית	m a ʁ b i t
משלם	m i ʃ l a m
משפטים	m i ʃ p a t i m
סך	s a χ
קונה	k o n a
רפואה	ʁ a f u a
שקורה	ʃ k u ʁ a
אפריקה	a f ʁ i k a
בקיבוץ	b e k i b u t͡s
גאון	ɡ a o n
דלק	d a l a k
האנושי	h e e n u ʃ i
הדתית	h i d t i t
הו	h o
הטעם	h i t a m
היפה	h i p a
המזרחי	h i m z a ʁ a χ i
הספורט	h i s p o ʁ t
העין	h e i n
הערים	e e ʁ i m
התיק	h i t i k
חוקים	χ o k i m
חסרי	χ a s a ʁ i
ילדי	j a l a d i
כפול	k a f u l
לעסוק	l a a s o k
מחקרים	m a χ k a ʁ i m
מרי	m a ʁ i
משפטי	m i ʃ p a t i
נוצר	n o t͡s a ʁ
ניצחון	n i t͡s a χ o n
סיוע	s i j u a
שורה	ʃ o ʁ a
שלישית	ʃ l i ʃ i t
תוקף	t o k e f
תקציב	t a k t͡s i v
בדומה	b a d u m a
הבנת	h i v n e t
הוד	h o d
הוראות	h o ʁ a u t
הקטנים	h i k t a n i m
השחקנים	h i ʃ χ a k a n i m
התמונות	h i t m o n u t
וה	v a
חמוד	χ a m u d
חקירה	χ a k i ʁ a
יחזור	j a χ z u ʁ
לאיש	l a i ʃ
להעניק	l e h a n i k
לשלוט	l i ʃ l u t
מגוון	m a ɡ v a n
מוסד	m o s e d
משבר	m i ʃ b a ʁ
משתנה	m i ʃ t a n a
נותר	n o t e ʁ
ניסו	n i s u
פורסם	p o ʁ s e m
רון	ʁ o n
שותף	ʃ o t e f
אחוזים	a χ u z i m
אפס	a f a s
גובה	ɡ o v a
דיברתי	d i b ʁ a t i
הגבר	h i ɡ b e ʁ
הזיכרון	h i z i k a ʁ o n
הכהן	h i χ a n
המכונה	h i m k o n a
המלא	h i m l a
המלכה	h i m l a χ a
העליונה	e e l j o n a
הפלסטינית	h i f l a s t i n i t
יעשו	j a a ʃ u
יקבל	j a k b a l
לאישה	l e i ʃ a
לדין	l a d i n
למדתי	l i m d a t i
לקדם	l a k d a m
מוחמד	m o χ m e d
מונה	m o n a
נדבר	n i d b a ʁ
נוסח	n o s a χ
נפרד	n i f ʁ a d
סופרים	s o f ʁ i m
סיבוב	s i b u v
עיקר	i k e ʁ
פולין	p o l i n
קצב	k a t͡s a v
שיא	ʃ i
תלמידי	t a l m i d i
אהרון	a h a ʁ o n
אוגוסט	o ɡ o s t
איננה	i n a n a
בדיקה	b e d i k a
בתו	b a t u
בתוכנית	b e t u χ n i t
דרכי	d a ʁ k i
דתית	d a t i t
הבמה	h i v m a
היחס	h i χ e s
המקרים	h i m k a ʁ i m
המשיך	h i m ʃ i χ
העיקרית	h e i k ʁ i t
הציונות	h i t͡s j o n u t
הצפון	h i t͡s p o n
הרגשה	h i ʁ ɡ e ʃ a
הרים	h a ʁ i m
זמני	z a m a n i
יושבים	j o ʃ e v i m
להשפיע	l e h i ʃ p i a
לומדים	l o m a d i m
לסגור	l i s ɡ o ʁ
מיכל	m i χ e l
סדרה	s a d a ʁ a
סין	s i n
עליהן	a l j a n
עסקה	a s k a
פונה	p o n a
רובם	ʁ o v e m
שיותר	ʃ i j u t e ʁ
שיטות	ʃ i t u t
אלן	a l a n
באוויר	b e a v i ʁ
באחת	b e a χ a t
ביצים	b i t͡s i m
בלא	b a l a
ברכות	b a ʁ χ u t
בשיתוף	b e ʃ i t u f
הורה	h o ʁ a
הידוע	h i d u a
הלל	h a l a l
הנחה	h i n χ a
השחור	h i ʃ χ o ʁ
השרון	h i ʃ ʁ o n
התחילו	h i t χ i l u
זכו	z a χ u
לדון	l a d o n
להרוס	l a h a ʁ o s
לחקור	l a χ k o ʁ
מאפשר	m e a f ʃ a ʁ
נפגע	n i f ɡ a
עידן	i d e n
עליון	a l j o n
פותח	p o t e a χ
פעל	p a a l
קורס	k o ʁ e s
רעים	ʁ a i m
תרופות	t ʁ o f u t
אוקיי	o k a j
אמי	a m i
אפרים	a f ʁ i m
ארוכות	a ʁ u χ u t
אשת	a ʃ a t
אתי	a t i
ביולי	b i j u l i
במילים	b e m i l i m
בעין	b a i n
בשיר	b e ʃ i ʁ
בתיק	b a t i k
דר	d a ʁ
הבנייה	h i v n i j a
החג	h a χ a ɡ
הכלים	h i χ l i m
המקרה	h i m k a ʁ a
הקפה	h i k f a
הרצל	h i ʁ t͡s e l
השינוי	h i ʃ i n u j
זהה	z a h a
חלה	χ a l a
חסרת	χ a s a ʁ a t
להתייחס	l e h i t j a χ e s
לואיס	l o i s
לימים	l i m i m
למחרת	l i m χ a ʁ e t
לשנת	l i ʃ n e t
מהירה	m e h i ʁ a
נוסע	n o s a
ניסיתי	n i s i t i
פגישה	p a ɡ i ʃ a
פיטר	p i t e ʁ
רחבה	ʁ a χ a v a
שלפני	ʃ i l p a n i
ששת	ʃ a ʃ a t
תפקידו	t a f k i d u
אליכם	a l i χ e m
אמורים	a m u ʁ i m
ביוני	b i j o n i
בריטניה	b ʁ i t a n j a
גוש	ɡ o ʃ
דירות	d i ʁ u t
האמונה	h e e m o n a
היקר	h i k e ʁ
המשימה	h i m ʃ i m a
הספינה	h i s p i n a
העלה	e e l a
הצלחתי	h i t͡s l a χ t i
השאלות	h i ʃ a l u t
ומעלה	v i m a l a
חייה	χ i j a
לבנה	l a v a n a
לרב	l a ʁ a v
מכירות	m e χ i ʁ u t
משא	m a ʃ a
נהנה	n a h a n a
נוגע	n o ɡ a
נועד	n o a d
נכנסים	n i χ n a s i m
סמים	s a m i m
עדין	a d i n
עיתון	i t o n
עלולה	a l u l a
צורת	t͡s o ʁ e t
שימו	ʃ i m u
for	f o r
אפל	a f a l
בד	b a d
בתולדות	b e t u l d u t
דמויות	d m u j u t
דפוס	d a f u s
האמיתית	h e e m i t i t
הגרמני	h i ɡ ʁ a m a n i
הכרה	h i χ ʁ a
המתים	h i m t i m
העיתון	h e i t o n
הפסקה	h i f s a k a
הציע	h i t͡s i a
הקדושה	h i k d u ʃ a
הרביעי	h i ʁ b i a j
הרוב	h a ʁ u v
השראה	h i ʃ ʁ a
התנאים	h i t n a i m
ידועה	j a d u a
כב	k a v
לכו	l a χ u
לנהוג	l i n h u ɡ
מדהימה	m a d h i m a
מחשבות	m a χ ʃ a v u t
ממשיכים	m a m ʃ i χ i m
מנהלת	m i n h a l e t
מקצועית	m a k t͡s u i t
משך	m a ʃ a χ
נכנסת	n i χ n e s e t
נציג	n a t͡s i ɡ
נתנה	n i t n a
עזוב	a z u v
פרטית	p a ʁ t i t
פשוטה	p ʃ u t a
שמר	ʃ a m a ʁ
שרוצה	ʃ ʁ u t͡s a
אחרונות	a χ ʁ o n u t
ארגוני	a ʁ ɡ o n i
בינואר	b i n u a ʁ
בכירים	b e χ i ʁ i m
בלה	b a l a
בקיצור	b e k i t͡s o ʁ
גורמת	ɡ o ʁ m e t
דובר	d o v a ʁ
דיני	d i n i
הדתי	h i d t i
הערכה	e e ʁ χ a
הפלסטינים	h i f l a s t i n i m
הציונית	h i t͡s j o n i t
הקיר	h i k i ʁ
התקציב	h i t k a t͡s i v
יוצאי	j o t͡s a j
יפים	j a f i m
מהירות	m e h i ʁ u t
מנצח	m i n t͡s a χ
מקרי	m a k ʁ i
עצמנו	a t͡s m a n u
פגע	p a ɡ a
רוני	ʁ o n i
רחבי	ʁ a χ a v i
שאלת	ʃ e e l e t
שהרי	ʃ a h a ʁ i
שילוב	ʃ i l u v
אושר	o ʃ e ʁ
אחרונה	a χ ʁ o n a
האח	h e a χ
הטענה	h i t a n a
הכאב	h i χ a v
המערבית	h i m a ʁ b i t
המקומי	h i m k o m i
העיקר	h e i k e ʁ
יוצרים	j o t͡s a ʁ i m
כמי	k a m i
לדיון	l a d j o n
לילד	l i l e d
לשלטון	l i ʃ l a t o n
לשתף	l i ʃ t e f
מקסים	m a k s i m
מרגישים	m a ʁ ɡ i ʃ i m
מרשים	m a ʁ ʃ i m
מתח	m a t a χ
סקר	s a k a ʁ
עוז	o z
עצוב	a t͡s u v
ער	a ʁ
פרטיים	p a ʁ t a j i m
רמה	ʁ a m a
שיט	ʃ i t
אוניברסיטת	o n i b ʁ a s i t e t
אמריקאי	a m ʁ i k a j
באוגוסט	b e u ɡ o s t
בל	b a l
בסיפור	b e s i f o ʁ
בשורה	b e ʃ u ʁ a
בתחומי	b i t χ u m i
הגליל	h i ɡ l i l
הטיסה	h i t i s a
הכספים	h i χ s a f i m
הנגב	h i n ɡ e v
השתמש	h i ʃ t a m e ʃ
התחילה	h i t χ i l a
חומרים	χ o m a ʁ i m
חיינו	χ a j a n u
טעים	t a i m
יראו	j a ʁ a u
ישירה	j e ʃ i ʁ a
להוביל	l e h o v i l
להופיע	l e h o f i a
להעמיד	l e h a m i d
להרים	l a h a ʁ i m
להתקיים	l e h i t k a j i m
למים	l a m i m
מדד	m a d a d
מחלוקת	m a χ l u k a t
מחלות	m a χ l u t
מלווה	m a l v a
מרץ	m a ʁ a t͡s
סיטי	s i t i
עבירות	a v i ʁ u t
פלא	p a l a
פתוחה	p a t u χ a
קווי	k a v i
שופטים	ʃ o f t i m
תקף	t a k a f
אמיר	a m i ʁ
אתו	a t u
באיזור	b e i z u ʁ
בארגון	b e a ʁ ɡ o n
ביתר	b i t e ʁ
בניסיון	b e n i s j o n
בשירות	b e ʃ i ʁ u t
האמריקני	h e e m ʁ i k a n i
המפתח	h i m p a t e a χ
המקומות	h i m k o m u t
הערך	e e ʁ e χ
הצליחה	h i t͡s l i χ a
השדה	h i ʃ d a
ואכן	v e a χ a n
ובה	v a
ילך	j a l a χ
כול	k o l
להבחין	l e h a v χ i n
לומד	l o m e d
לטובה	l a t u v a
לסבול	l i s b u l
לקוחות	l a k u χ u t
מומחה	m o m χ a
מחבר	m a χ b a ʁ
סגנון	s a ɡ n o n
סטודנטים	s t u d a n t i m
עמודים	a m u d i m
צופה	t͡s o f a
ציוני	t͡s i j o n i
קבל	k a v a l
קחו	k a χ u
קרי	k a ʁ i
רוברט	ʁ o v a ʁ a t
שונאת	ʃ o n a t
תגיע	t a ɡ i a
תדע	t a d a
תימן	t i m e n
תלויה	t a l u j a
תמשיך	t a m ʃ i χ
און	o n
בדיחה	b e d i χ a
ברגל	b a ʁ ɡ e l
גדעון	ɡ a d a o n
דלתות	d a l t u t
הגן	h a ɡ a n
ההודעה	h e h u d a a
המלון	h i m l o n
המערב	h i m a ʁ e v
המשותף	h i m ʃ u t e f
הספרות	h i s p a ʁ u t
העמים	e e m i m
העשרים	e e ʃ a ʁ i m
הרשימה	h i ʁ ʃ i m a
הרשת	h i ʁ ʃ e t
השמאל	h i ʃ m a e l
התהליך	h i t h a l i χ
התחתון	h i t χ a t o n
חוקרים	χ o k a ʁ i m
חלוקת	χ a l u k a t
חתם	χ a t a m
ידועים	j a d u i m
יתרון	j i t ʁ o n
כרטיסים	k a ʁ t i s i m
לוודא	l a v a d a
לונדון	l o n d o n
לכנסת	l i χ n e s e t
למסור	l i m s o ʁ
למשהו	l i m ʃ a h u
מימי	m i m i
מרטין	m a ʁ t i n
משלו	m a ʃ l u
מתו	m a t u
סרטי	s a ʁ t i
עבירה	a v i ʁ a
עמית	a m i t
עצמאי	a t͡s m a j
קסם	k a s a m
קשורה	k a ʃ u ʁ a
שירותים	ʃ i ʁ u t i m
אזורי	a z u ʁ i
אחורה	a χ u ʁ a
דוחה	d o χ a
האמנות	h e e m a n u t
האשה	h e e ʃ a
היחידי	h i χ i d i
הירח	h i ʁ e a χ
המחלה	h i m χ a l a
המסך	h i m s e χ
המצרי	h i m t͡s a ʁ i
המראה	h i m ʁ a
הנהלת	h i n h e l e t
הנקודה	h i n k u d a
הקרובים	h i k ʁ o v i m
השחקן	h i ʃ χ a k a n
השעון	h i ʃ o n
חברתיים	χ a v ʁ a t a j i m
חדרים	χ a d a ʁ i m
לדברים	l i d b a ʁ i m
להצביע	l e h i t͡s b i a
להקשיב	l e h a k ʃ i v
לרוץ	l a ʁ u t͡s
מלמד	m a l m a d
מנה	m a n a
מרחב	m a ʁ χ a v
מרחק	m a ʁ χ a k
נובע	n o v a
נוכח	n o χ a χ
נכנסו	n i χ n a s u
ענה	a n a
צופים	t͡s o f i m
קמה	k a m a
תחומי	t a χ u m i
de	d e
אהוד	a h u d
אומץ	o m e t͡s
אלבום	a l b u m
בודדים	b o d e d i m
בונה	b o n a
בימינו	b i m i n u
בענייני	b a a n j a n i
בשימוש	b e ʃ i m u ʃ
גוגל	ɡ o ɡ e l
הגז	h i ɡ e z
המכון	h i m k o n
המפעל	h i m p a a l
הנסיעה	h i n s i a
הקבלה	h i k b e l a
הקרובה	h i k ʁ o v a
התברר	h i t b a ʁ e ʁ
חמורה	χ a m u ʁ a
טו	t o
לאחרים	l e a χ a ʁ i m
להתעלם	l e h i t a l e m
לקחתי	l i k χ a t i
לשרת	l i ʃ ʁ e t
מבפנים	m i v p a n i m
מגניב	m a ɡ n i v
מחפשת	m a χ p e ʃ e t
מטען	m a t a n
מכר	m a χ a ʁ
משפחתי	m i ʃ p a χ t i
נאה	n a a
סוכר	s o χ a ʁ
סופי	s o f i
עונת	o n e t
עמדו	a m d u
עמדות	a m d u t
עצמן	a t͡s m a n
קידום	k i d u m
קפטן	k a f t a n
שלט	ʃ a l a t
תחזור	t a χ z u ʁ
תינוקות	t i n u k u t
תני	t a n i
it	i t
אותיות	o t j u t
אנושי	a n u ʃ i
אפשרויות	a f ʃ a ʁ u j u t
בטחון	b a t a χ o n
בכיתה	b e χ i t a
בתנאים	b i t n a i m
דאגה	d a a ɡ a
האנרגיה	h e e n ʁ e ɡ j a
הדרכים	h i d ʁ a χ i m
המפורסם	h i m p o ʁ s e m
הנסיך	h i n s i χ
הצורה	h i t͡s u ʁ a
השליטה	h i ʃ l i t a
זיהוי	z i h u j
טור	t o ʁ
כביכול	k a v i χ u l
לחזק	l a χ z a k
לכלא	l i χ l a
מגע	m a ɡ a
מועמד	m o a m e d
מור	m o ʁ
מידת	m i d e t
מייד	m a j a d
מינה	m i n a
מלחמות	m a l χ a m u t
משמר	m i ʃ m e ʁ
נחמן	n a χ m a n
סבל	s a v a l
סימנים	s i m a n i m
עמה	a m a
ערכי	a ʁ k i
עשינו	a ʃ i n u
פטור	p a t u ʁ
פנימי	p n i m i
קוריאה	k o ʁ i a
ראשו	ʁ e ʃ u
שבר	ʃ a v a ʁ
שמירה	ʃ m i ʁ a
אבני	a v a n i
אגיד	a ɡ i d
אפריל	a f ʁ i l
אצלך	a t͡s l a χ
באב	b a a v
בוכה	b u χ a
ביקשו	b i k ʃ u
במיטה	b e m i t a
בעיתון	b a i t o n
בתחרות	b i t χ a ʁ u t
בתשובה	b i t ʃ u v a
דנה	d a n a
הוקם	h o k e m
הלשון	h i l ʃ o n
המשיח	h i m ʃ i a χ
הנביא	h i n b i
הנקרא	h i n k a ʁ a
הסרטים	h i s ʁ a t i m
העסקה	e e s k a
השתנה	h i ʃ t a n a
חופשית	χ o f ʃ i t
כרך	k a ʁ a χ
להבדיל	l e h a v d i l
להסיר	l e h a s i ʁ
ליצירת	l i t͡s i ʁ e t
לסוף	l a s u f
נוהגים	n o h a ɡ i m
נופל	n o f e l
נזכר	n i z k a ʁ
נרחב	n i ʁ χ a v
סופית	s o f i t
סימני	s i m a n i
סיפורי	s i p u ʁ i
עמוקה	a m u k a
עצמאית	a t͡s m a i t
פנו	p a n u
פרסם	p a ʁ s a m
רם	ʁ a m
שותה	ʃ o t a
שים	ʃ i m
שרים	ʃ a ʁ i m
ששם	ʃ a ʃ a m
תושב	t o ʃ e v
by	b i
is	i s
אישיים	i ʃ a j i m
אסון	a s o n
ארגונים	a ʁ ɡ o n i m
ארוכים	a ʁ u χ i m
בדקה	b a d a k a
בולט	b o l a t
ביל	b i l
בכ	b a χ
ברשימה	b a ʁ ʃ i m a
גילו	ɡ i l u
הודיעה	h o d i a
הכשרה	h i χ ʃ a ʁ a
המספרים	h i m s p a ʁ i m
הסיכוי	h i s i k u j
הפתיחה	h i f t i χ a
וחלק	v a χ l a k
חזקים	χ a z a k i m
חפץ	χ a f a t͡s
טענות	t a a n u t
ידידי	j a d i d i
כלא	k a l a
כץ	k a t͡s
להודיע	l e h u d i a
לעין	l a i n
מחצית	m a χ t͡s i t
ממשיכה	m a m ʃ i χ a
נדרש	n i d ʁ e ʃ
נפגש	n i f ɡ e ʃ
נשלח	n i ʃ l a χ
עברתי	a v ʁ a t i
עדים	a d i m
עלולים	a l u l i m
קוק	k o k
קרים	k a ʁ i m
רמז	ʁ a m a z
שבי	ʃ a v i
שומעת	ʃ o m a t
שליח	ʃ a l i a χ
שמגיע	ʃ i m ɡ i a
שעת	ʃ a a t
תפקידים	t a f k i d i m
אינך	i n e χ
אמות	a m u t
בישיבה	b i ʃ i v a
ברשות	b a ʁ ʃ u t
דולרים	d o l a ʁ i m
דרכה	d a ʁ χ a
הדמות	h i d m u t
החלון	h a χ l o n
הטבעי	h i t b a i
היקף	h i k e f
הלחץ	h i l χ e t͡s
הממוצע	h i m m u t͡s a
הניתוח	h i n i t u a χ
הפסד	h i f s e d
הצבאית	h i t͡s b a i t
הקיסר	h i k i s e ʁ
הקשורים	h i k ʃ o ʁ i m
התוצאות	h i t u t͡s a u t
ויצא	v i t͡s a
ומכאן	v i m k a n
יורה	j o ʁ a
כבודו	k a v u d u
כיסוי	k i s u j
כלכלה	k a l a χ l a
להקל	l a h a k e l
לטעון	l i t o n
לעת	l a a t
לקבלת	l i k b e l e t
לשר	l a ʃ a ʁ
לתל	l a t a l
מזהה	m i z h a
מיקי	m i k i
מלאים	m a l a j i m
נרצח	n i ʁ t͡s a χ
עקרונות	a k ʁ o n u t
שאינן	ʃ a i n a n
שיפור	ʃ i p u ʁ
תראי	t a ʁ a j
בינלאומי	b i n l a u m i
ברוח	b a ʁ u a χ
גנרל	ɡ a n ʁ a l
גרים	ɡ a ʁ i m
האנושית	h e e n u ʃ i t
הבעל	h i v a l
הברזל	h i v ʁ a z e l
הגמר	h i ɡ m e ʁ
הופכים	h o f χ i m
הכיר	h i χ i ʁ
המדרש	h i m d a ʁ e ʃ
המשותפת	h i m ʃ u t e f e t
הסכים	h i s k i m
הפליטים	h i f l i t i m
הצעירה	h i t͡s i ʁ a
הרשמי	h i ʁ ʃ e m i
השפעת	h i ʃ p a a t
התעשייה	h i t a ʃ i j a
ואילך	v e i l e χ
וי	v i
חזה	χ a z a
טרי	t a ʁ i
ירצה	j a ʁ a t͡s a
כיכר	k i k e ʁ
לאחת	l e a χ a t
לבעלי	l i v a l i
להסתיר	l e h i s t i ʁ
ליהנות	l i h a n u t
מימין	m i m i n
מעניינת	m a a n j a n t
משרה	m i ʃ ʁ a
נח	n a χ
עיתונאי	i t o n a j
ענקית	a n k i t
פנימית	p n i m i t
פרופיל	p ʁ o f i l
ראייה	ʁ a i j a
שנשאר	ʃ i n ʃ a ʁ
תגובות	t a ɡ u v u t
אלך	a l a χ
אמנון	a m n o n
ארז	a ʁ a z
באולם	b a u l a m
בוחרים	b o χ a ʁ i m
ביניהן	b i n j a n
דואר	d o a ʁ
דל	d a l
הבטחון	h i v t a χ o n
הבר	h a v a ʁ
הדואר	h i d u a ʁ
הלכת	h i l χ e t
המחוזי	h i m χ u z i
המפקד	h i m p e k e d
המתנה	h i m t a n a
הנמצא	h i n m a t͡s a
הפיתוח	h i f i t u a χ
הצפוני	h i t͡s p o n i
הרג	h a ʁ a ɡ
הרפואה	h i ʁ p u a
השרים	h i ʃ ʁ i m
התובע	h i t u b a
התחרות	h i t χ a ʁ u t
התחת	h i t χ e t
וטוב	v a t u v
זרה	z a ʁ a
חזון	χ a z o n
טורקיה	t o ʁ k j a
טיול	t i j u l
יושבת	j o ʃ e v e t
יפות	j a f u t
לאי	l a i
לגן	l a ɡ a n
למדו	l a m d u
לצערי	l i t͡s a ʁ i
לשאלה	l i ʃ a l a
מודל	m o d e l
מוטב	m o t e v
מילא	m i l a
נמנע	n i m n a
נפצע	n i f t͡s a
פיקוח	p i k u a χ
קדוש	k a d u ʃ
ראשוני	ʁ e ʃ o n i
רמי	ʁ a m i
שיוכל	ʃ i j u χ e l
שמיר	ʃ a m i ʁ
תומך	t o m e χ
my	m i
אליפות	a l i f u t
אלעזר	a l a z a ʁ
אפשרית	a f ʃ a ʁ i t
אשראי	a ʃ ʁ a j
בחלל	b a χ l a l
בינו	b i n u
בינוני	b i n o n i
דורון	d o ʁ o n
האפשר	h e e f ʃ e ʁ
הבריטים	h i v ʁ i t i m
הגרמנית	h i ɡ ʁ a m a n i t
החקלאות	h i χ k a l a u t
היחידים	h i χ i d i m
הכנסייה	h i χ n a s i j a
הכתיבה	h i χ t i v a
המשפחות	h i m ʃ p a χ u t
הסכמה	h i s k e m a
הקלטות	h i k l a t u t
השכונה	h i ʃ k o n a
התיקון	h i t i k o n
חומרי	χ o m a ʁ i
חוקית	χ o k i t
חושש	χ o ʃ e ʃ
חידוש	χ i d u ʃ
חלילה	χ a l i l a
חמודה	χ a m u d a
כשיש	k a ʃ i ʃ
להר	l a h a ʁ
לזכר	l i z k e ʁ
לחגוג	l a χ ɡ u ɡ
לכלל	l i χ l e l
לקרב	l a k ʁ a v
לשפר	l i ʃ p e ʁ
מוזמנים	m u z m a n i m
מספקת	m i s p e k e t
מקצועיים	m a k t͡s u a j i m
משמע	m i ʃ m a
משפטית	m i ʃ p a t i t
ניתנה	n i t a n a
סכין	s a χ i n
פינה	p i n a
שהדבר	ʃ a h a d b a ʁ
שכך	ʃ a χ a χ
שלל	ʃ a l a l
שקשה	ʃ a k ʃ a
אורחים	o ʁ a χ i m
בשטחים	b i ʃ t a χ i m
בתמונה	b i t m u n a
גדי	ɡ a d i
גרמה	ɡ a ʁ m a
דון	d o n
האבן	h e e v e n
האישית	h e i ʃ i t
הבגדים	h i v ɡ a d i m
הגברת	h i ɡ b e ʁ e t
החרדי	h e χ ʁ e d i
היער	h i a ʁ
המלאה	h i m l a
המסע	h i m s a
העניינים	e e n j a n i m
הצלחת	h i t͡s l a χ e t
הרוסית	h a ʁ u s i t
השכל	h i ʃ k e l
חובת	χ o v e t
חוות	χ a v a t
יעיל	j a i l
ירדו	j a ʁ d u
כבן	k a v a n
לאה	l a a
להגדיל	l e h i ɡ d i l
להתגבר	l e h i t ɡ a v e ʁ
לחשוף	l a χ ʃ u f
לחתום	l a χ t u m
לשתי	l i ʃ t i
מזו	m a z u
מתחילת	m i t χ i l e t
נמסר	n i m s a ʁ
נעימה	n e i m a
עוסקים	o s k i m
עילית	i l i t
עצה	a t͡s a
רובין	ʁ o v i n
רוצח	ʁ o t͡s a χ
שיצאו	ʃ i t͡s a u
תפיסת	t f i s e t
one	o n e
אובמה	o v a m a
אשכנזי	a ʃ χ a n z i
בוחר	b o χ a ʁ
בידו	b i d u
ברכב	b a ʁ χ a v
בתחומים	b i t χ u m i m
דוגמא	d o ɡ m a
דרמה	d a ʁ m a
הגשם	h i ɡ ʃ e m
המבחן	h i m b a χ a n
המכונית	h i m k o n i t
המקומיות	h i m k o m j u t
המקורית	h i m k o ʁ i t
המקרא	h i m k a ʁ a
המשיכה	h i m ʃ i χ a
הנזק	h i n z e k
הסיפורים	h i s i p o ʁ i m
הסתיים	h i s t a j i m
השקט	h i ʃ k e t
התפילה	h i t p i l a
ויום	v i j u m
זול	z o l
חולון	χ o l o n
חור	χ o ʁ
חיילי	χ a j a l i
חמישים	χ a m i ʃ i m
חשבונות	χ a ʃ b o n u t
טילים	t i l i m
ידיעה	j a d i a
יקבלו	j a k b a l u
להטיל	l e h a t i l
להתחתן	l e h i t χ a t e n
לייב	l a j a v
לשקר	l i ʃ k e ʁ
מאידך	m e i d e χ
מחלת	m a χ l a t
מייל	m a j a l
מיליוני	m i l j o n i
מלכי	m a l χ i
מרן	m a ʁ a n
משלמים	m i ʃ l a m i m
משתנים	m i ʃ t a n i m
נורה	n o ʁ a
נקראת	n i k ʁ a t
סר	s a ʁ
עדויות	a d u j u t
עודד	o d e d
קהילות	k a h i l u t
קהילת	k a h i l e t
קלים	k a l i m
תהיי	t a h a j
תוהה	t o h a
תפסיק	t a f s i k
אדמות	a d a m u t
אחריי	a χ ʁ a j
אלכס	a l χ a s
בגדר	b a ɡ d a ʁ
בליל	b a l i l
ברדיו	b a ʁ a d j u
בריאה	b ʁ i a
ברלין	b a ʁ l i n
ברשימת	b a ʁ ʃ i m e t
גור	ɡ o ʁ
הארצי	h e e ʁ a t͡s i
הגרעין	h i ɡ ʁ a i n
הדלק	h i d l e k
הימין	h i m i n
הלכות	h i l χ u t
הניסיון	h i n i s j o n
הספיק	h i s p i k
העבירה	e e v i ʁ a
הצדק	h i t͡s d e k
השינויים	h i ʃ i n u j i m
השמות	h i ʃ m u t
השמים	h i ʃ m i m
השתמשו	h i ʃ t a m ʃ u
התחנה	h i t χ a n a
התלמוד	h i t l a m u d
ומספר	v i m s p e ʁ
חברתיות	χ a v ʁ a t j u t
כשאת	k a ʃ a t
כשזה	k a ʃ a z a
לזרוק	l i z ʁ o k
ליותר	l i j u t e ʁ
מדיני	m a d i n i
מחברי	m a χ b a ʁ i
מחשבים	m a χ ʃ a v i m
מייק	m a j a k
מיץ	m i t͡s
משלוח	m i ʃ l u a χ
נוטה	n o t a
נכנסה	n i χ n a s a
נסגר	n i s ɡ a ʁ
נע	n a
סוכן	s o χ a n
עלות	a l u t
פעלו	p a a l u
פרשנות	p a ʁ ʃ a n u t
קולה	k o l a
קטעים	k a t a i m
שדות	ʃ a d u t
תלך	t a l a χ
תקיפה	t k i f a
אדומים	a d u m i m
אמיתיים	a m i t a j i m
ארבעת	a ʁ b a a t
בגד	b a ɡ a d
ברי	b a ʁ i
גורדון	ɡ o ʁ d o n
דוגמת	d o ɡ e m e t
דיוק	d i j u k
דינו	d i n u
הבשר	h i v ʃ e ʁ
הגדרה	h i ɡ d a ʁ a
הזהות	h i z h u t
הסיכון	h i s i χ o n
העיקריים	h e i k ʁ a j i m
העיתונות	h e i t o n u t
הפגישה	h i f ɡ i ʃ a
הצבע	h i t͡s b a
הצטרף	h i t͡s t a ʁ e f
הקבוע	h i k b u a
הרביעית	h i ʁ b i i t
הרגיש	h i ʁ ɡ i ʃ
הרחבה	h i ʁ χ a v a
התביעה	h i t b i a
התמיכה	h i t m i χ a
וקשה	v a k ʃ a
חבורה	χ a v u ʁ a
חלקה	χ a l a k a
חנוך	χ a n u χ
יישוב	j i ʃ u v
כראש	k a ʁ a ʃ
להיפגש	l e h i p e ɡ e ʃ
לחברות	l a χ b a ʁ u t
מסמכים	m a s m a χ i m
מקל	m a k a l
נהיגה	n e h i ɡ a
נחת	n a χ a t
ניסוי	n i s u j
ניצב	n i t͡s e v
נפלאה	n i f l a
סימון	s i m o n
עניינים	a n j a n i m
עצי	a t͡s i
ערי	a ʁ i
פליטים	p l i t i m
צעדים	t͡s a a d i m
קומה	k o m a
ריכוז	ʁ i χ u z
שמענו	ʃ i m a n u
תשכח	t i ʃ k e a χ
תשמע	t i ʃ m a
אחמד	a χ m a d
אפ	a f
בביצוע	b e v i t͡s u a
דודי	d o d i
ההון	h a h o n
הידיעה	h i d i a
הכתב	h i χ t e v
המטה	h i m t a
הממונה	h i m m o n a
המסר	h i m s e ʁ
הערה	e e ʁ a
הפתעה	h i f t a a
הקלה	h i k l a
חוויה	χ a v j a
חולי	χ o l i
חוש	χ o ʃ
חיצוני	χ i t͡s o n i
יצירות	j e t͡s i ʁ u t
להתערב	l e h i t a ʁ e v
ליה	l i j a
ליין	l a j a n
לקו	l a k o
לשרוד	l i ʃ ʁ u d
לתנועה	l i t n u a
מוצר	m o t͡s a ʁ
מלמעלה	m a l m a l a
מפת	m a f a t
ניצול	n i t͡s u l
נשארת	n i ʃ a ʁ e t
סקוט	s k u t
סתום	s a t u m
עוצמה	o t͡s m a
עיבוד	i b u d
פוטר	p o t e ʁ
פיזית	p i z i t
פרידמן	p ʁ i d m a n
רמון	ʁ a m o n
שבעת	ʃ a v a a t
שרוב	ʃ a ʁ u v
אחריהם	a χ ʁ i j a m
בטן	b a t a n
בשיטת	b e ʃ i t e t
גרסה	ɡ a ʁ s a
דחה	d a χ a
דרש	d a ʁ a ʃ
הבטיח	h i v t i a χ
הכבד	h i χ v e d
הנפט	h i n p e t
הקשרים	h i k ʃ a ʁ i m
הרגיל	h i ʁ ɡ i l
הרדיו	h a ʁ d j u
השטחים	h i ʃ t a χ i m
חודשי	χ o d e ʃ i
חשוד	χ a ʃ u d
כו	k o
לחוף	l a χ u f
לטיול	l i t j u l
למסע	l i m s a
לשאר	l i ʃ a ʁ
מחלקה	m a χ l a k a
מעיד	m e i d
מריה	m a ʁ j a
מרכזית	m a ʁ k a z i t
נולדה	n o l a d a
נישואין	n i ʃ u i n
נכשל	n i χ ʃ e l
סיפרה	s i p ʁ a
סנט	s a n a t
ענין	a n i n
קושי	k o ʃ i
קריירה	k ʁ a j a ʁ a
רומא	ʁ o m a
רן	ʁ a n
שיחת	ʃ i χ e t
שמירת	ʃ m i ʁ e t
תנסה	t a n s a
אביך	a v i χ
אזי	a z i
אחותו	a χ u t u
אמצעים	a m t͡s a i m
אנושית	a n u ʃ i t
ארד	a ʁ a d
ארתור	a ʁ t u ʁ
בגמר	b a ɡ m a ʁ
בהיר	b e h i ʁ
ביער	b i a ʁ
ביקר	b i k e ʁ
במילה	b e m i l a
בנושאי	b e n u ʃ a j
בקנה	b a k a n a
ברצח	b a ʁ t͡s a χ
בשידור	b e ʃ i d u ʁ
בשיטה	b e ʃ i t a
גיליתי	ɡ i l i t i
האבות	h e e v u t
הגידול	h i ɡ i d u l
הזדמנויות	h i z d e m a n u j u t
הזמנה	h i z m a n a
הכלי	h i χ l i
המצרים	h i m t͡s a ʁ i m
הצער	h i t͡s a ʁ
הקדושים	h i k d u ʃ i m
הקריאה	h i k ʁ i a
השירותים	h i ʃ i ʁ u t i m
ויכוח	v i χ u a χ
חשיפה	χ a ʃ i f a
חשמלי	χ a ʃ m a l i
טוני	t o n i
טעויות	t a u j u t
טענו	t a a n u
יכלה	j a χ l a
יצאנו	j a t͡s a n u
יצטרך	j i t͡s t a ʁ a χ
לארגן	l e a ʁ ɡ a n
לזכויות	l i z k o j u t
לנגן	l i n ɡ a n
מהרה	m a a ʁ a
מילר	m i l e ʁ
מתגלה	m i t ɡ a l a
מתקיים	m i t k a j i m
נוצרים	n o t͡s a ʁ i m
נתחיל	n i t χ i l
עבורי	a v u ʁ i
עוצר	o t͡s a ʁ
עצמות	a t͡s m u t
פלילי	p l i l i
פס	p a s
צפונה	t͡s a f o n a
קונים	k o n i m
קישור	k i ʃ u ʁ
קשיים	k a ʃ a j i m
רוסי	ʁ o s i
תחנות	t a χ n u t
תחשוב	t a χ ʃ u v
תתחיל	t a t χ i l
אופיר	o f i ʁ
אלהים	a l h i m
באף	b a a f
באת	b a a t
ביהדות	b i h a d u t
בכוחות	b e χ u χ u t
בכיכר	b e χ i k e ʁ
במישור	b e m i ʃ u ʁ
בתלמוד	b i t l a m u d
גופה	ɡ o f a
דיי	d a j
דפוק	d a f u k
האנגלית	h e e n ɡ l i t
הגיבור	h i ɡ i b u ʁ
הזמר	h i z m e ʁ
הכותל	h i χ u t e l
הכנה	h i χ n a
המבט	h i m b e t
המנהיג	h i m n e h i ɡ
הניצחון	h i n i t͡s a χ o n
הסיום	h i s j u m
הסיוע	h i s j u a
הסמוך	h i s m u χ
הרוחות	h a ʁ u χ u t
חדרה	χ a d a ʁ a
חכמי	χ a χ m i
חקר	χ a k a ʁ
טיסות	t i s u t
ידיו	j a d j o
כאל	k a a l
כדורים	k a d u ʁ i m
כלכליים	k a l a χ l a j i m
לוק	l o k
מותק	m o t e k
מחליט	m a χ l i t
ממי	m a m i
מתמיד	m i t m i d
מתקדמים	m i t k a d e m i m
מתקרב	m i t k a ʁ a v
נועם	n o a m
ניסתה	n i s t a
נלך	n a l a χ
נמשיך	n i m ʃ i χ
נר	n a ʁ
נשארה	n i ʃ a ʁ a
סבור	s a v u ʁ
סל	s a l
עברנו	a v ʁ a n u
עיני	i n i
ערוך	a ʁ u χ
קביעת	k a v i a t
רעננה	ʁ a a n a n a
רפואית	ʁ a f u i t
שיעשה	ʃ i a ʃ a
תמצאו	t a m t͡s a u
תפיסה	t f i s a
תפס	t a f a s
me	m e
אדר	a d a ʁ
אליס	a l i s
אצלם	a t͡s l a m
באליפות	b e e l i f u t
ביצע	b i t͡s a
בשיחה	b e ʃ i χ a
גופים	ɡ o f i m
האמן	h e e m e n
הבריטית	h i v ʁ i t i t
הינה	h i n a
הסתם	h i s t e m
העלילה	e e l i l a
העתיק	h e e t i k
הפגיעה	h i f ɡ i a
הציור	h i t͡s j o ʁ
השתתף	h i ʃ t a t e f
ואיש	v e i ʃ
ומצד	v i m t͡s e d
חווה	χ a v a
חסידי	χ a s i d i
חפצים	χ a f a t͡s i m
ידעת	j a d a a t
יהודיות	j e h u d j u t
ירון	j a ʁ o n
כדורסל	k a d u ʁ s e l
כדין	k a d i n
כשל	k a ʃ a l
להשקיע	l e h i ʃ k i a
ליגה	l i ɡ a
לכ	l a χ
לנוע	l a n u a
לשער	l i ʃ a ʁ
מאוהב	m e o h e v
מונע	m o n a
מינוי	m i n u j
מסמך	m a s m a χ
נהוג	n a h u ɡ
נהנים	n a h a n i m
עוקב	o k e v
עיניו	i n j u
עשירים	a ʃ i ʁ i m
שחלק	ʃ a χ l a k
שיחק	ʃ i χ e k
שעם	ʃ a a m
תמות	t a m u t
אומנם	o m a n a m
אחיה	a χ j a
איכשהו	i χ ʃ a h u
אנד	a n a d
אתך	a t a χ
בוועדת	b a v a d e t
בעיירה	b a a j a ʁ a
גרועה	ɡ ʁ u a
דואג	d o a ɡ
האישיים	h e i ʃ a j i m
האלים	h e e l i m
הגיש	h i ɡ i ʃ
הגשר	h i ɡ ʃ e ʁ
הורג	h o ʁ e ɡ
הטור	h i t u ʁ
המשק	h i m ʃ e k
הצדקה	h i t͡s d e k a
הציוד	h i t͡s j u d
התאמה	h i t a m a
התפיסה	h i t p i s a
ויפה	v i f a
וכ	v a χ
יכל	j a χ a l
כישלון	k i ʃ l o n
כשם	k a ʃ a m
לדוגמא	l a d u ɡ m a
לדירה	l a d i ʁ a
להשתנות	l e h i ʃ t a n u t
לשעה	l i ʃ a
מדור	m a d u ʁ
מועיל	m o i l
מלאי	m a l a j
ממליץ	m a m l i t͡s
משמאל	m i ʃ m a e l
נישואים	n i ʃ u i m
סוחר	s o χ a ʁ
עולמי	o l a m i
ענייני	a n j a n i
ערן	a ʁ a n
עשן	a ʃ a n
ציונים	t͡s i j o n i m
צרה	t͡s a ʁ a
רוחני	ʁ o χ a n i
תפסיקו	t a f s i k o
אמצע	a m t͡s a
בעידן	b a i d e n
דיברנו	d i b ʁ a n u
הגיל	h i ɡ i l
הדגל	h i d ɡ e l
הוביל	h o v i l
הופיעו	h o f i u
הממלכה	h i m m a l χ a
המקובל	h i m k o v e l
המשפטית	h i m ʃ p a t i t
הנישואין	h i n i ʃ u i n
הנער	h i n a ʁ
הצגת	h i t͡s e ɡ e t
הצילום	h i t͡s i l u m
הקשים	h i k ʃ i m
התחלנו	h i t χ a l a n u
התקיים	h i t k a j i m
ויצמן	v i t͡s m a n
יבנה	j a v a n a
יואל	j o e l
יורם	j o ʁ e m
להיפך	l e h i p e χ
להסתובב	l e h i s t o v e v
לוס	l o s
לחברי	l a χ b a ʁ i
לרעה	l a ʁ a
לרפואה	l a ʁ p u a
לשוק	l a ʃ u k
מגלים	m a ɡ l i m
מוזרה	m u z a ʁ a
מיידית	m a j a d i t
מכירת	m e χ i ʁ e t
נחשבים	n a χ ʃ a v i m
סמית	s a m i t
סער	s a a ʁ
פאר	p a a ʁ
פגשתי	p a ɡ ʃ a t i
פינת	p i n e t
צמוד	t͡s a m u d
קווים	k a v i m
קיומה	k i j u m a
קרית	k a ʁ i t
שואלת	ʃ o e l e t
שחקני	ʃ a χ k a n i
שיקרה	ʃ i k a ʁ a
שלילית	ʃ l i l i t
שנולד	ʃ n u l a d
שקד	ʃ a k a d
שרוצים	ʃ ʁ u t͡s i m
תומכים	t o m χ i m
תיעוד	t i u d
אד	a d
בארבע	b e a ʁ b a
בגדול	b a ɡ d u l
בכיס	b e χ i s
בנסיבות	b e n e s i v u t
הבדיקה	h i v d i k a
הבינלאומית	h i b i n l a u m i t
הגדוד	h i ɡ d u d
הדמוקרטיה	h i d m o k ʁ a t j a
הודיעו	h o d i u
הכנסות	h i χ n e s u t
הלבנה	h i l b a n a
הנחת	h i n χ e t
הצבעה	h i t͡s b a a
הקהילות	h i k h i l u t
הקטנות	h i k t a n u t
השגת	h i ʃ ɡ e t
השלטונות	h i ʃ l a t o n u t
התרופה	h i t ʁ u f a
ואח	v e a χ
והיום	v e h i j u m
זהירות	z a h i ʁ u t
חדרי	χ a d a ʁ i
חזן	χ a z a n
חטא	χ a t a
חיו	χ a j u
חשובות	χ a ʃ u v u t
יאמר	j e a m e ʁ
ירדה	j a ʁ d a
כועס	k o a s
לטוב	l a t u v
ללב	l a l a v
לתבוע	l i t b u a
מזמין	m i z m i n
מחנות	m a χ n u t
מלאכה	m a l a χ a
מסקנות	m a s k a n u t
משטח	m i ʃ t a χ
מתחם	m i t χ a m
נפרדים	n i f ʁ a d i m
נפתחה	n i f t a χ a
סגירת	s ɡ i ʁ e t
פון	p o n
פרצה	p a ʁ a t͡s a
ריבוי	ʁ i b u j
רכישת	ʁ e χ i ʃ e t
אבינו	a v i n u
בור	b o ʁ
בחג	b a χ a ɡ
ביני	b i n i
בשירותים	b e ʃ i ʁ u t i m
גרמנית	ɡ a ʁ m a n i t
האמין	h e e m i n
הדתיים	h i d t a j i m
הזין	h i z i n
היעד	h i a d
הישיבות	h i ʃ i v u t
הכרת	h i χ ʁ e t
הלקוח	h i l k u a χ
המחירים	h i m χ i ʁ i m
התערבות	h i t a ʁ b u t
התערוכה	h i t a ʁ u χ a
התרופות	h i t ʁ o f u t
זמר	z a m a ʁ
חלוקה	χ a l u k a
חקיקה	χ a k i k a
חשד	χ a ʃ a d
כותבת	k o t e v e t
לארגון	l e a ʁ ɡ o n
ליפול	l i p u l
לעד	l a a d
לשמר	l i ʃ m e ʁ
לתקשורת	l i t k a ʃ o ʁ e t
מאמצים	m e a m t͡s i m
מאן	m a a n
מהעבודה	m e e v u d a
מוסף	m o s e f
מישל	m i ʃ e l
מקדם	m a k d a m
משפיע	m i ʃ p i a
נכסים	n i χ s i m
סן	s a n
עירוני	i ʁ o n i
עסקי	a s k i
פשוטים	p ʃ u t i m
קורבנות	k o ʁ b a n u t
קיסר	k i s e ʁ
קצינים	k a t͡s i n i m
רובה	ʁ o v a
ריקה	ʁ i k a
שארית	ʃ e a ʁ i t
שבאו	ʃ a v a u
תרבותית	t a ʁ b u t i t
אוף	o f
אידיוט	i d j u t
אמנים	a m a n i m
אראה	a ʁ a
בהתאמה	b e h i t a m a
בהתחשב	b e h i t χ a ʃ e v
בנוסח	b e n u s a χ
בפיתוח	b e f i t u a χ
בקומה	b a k u m a
בתא	b a t a
גלגלים	ɡ a l ɡ a l i m
גרמני	ɡ a ʁ m a n i
האביב	h e e v i v
הדרכה	h i d ʁ a χ a
החלפת	h i χ l e f e t
היחידות	h i χ i d u t
הילדות	h i l d u t
הינו	h i n u
המחזה	h i m χ a z a
המכשיר	h i m k ʃ i ʁ
המנדט	h i m n a d e t
הציג	h i t͡s i ɡ
הצלה	h i t͡s l a
הקצה	h i k t͡s a
השמיים	h i ʃ m a j i m
טון	t o n
יוון	j a v a n
יומי	j o m i
יתנו	j a t a n u
כדוגמת	k a d u ɡ e m e t
כללים	k a l a l i m
להרבה	l a h a ʁ b a
להשוות	l e h i ʃ v e t
להתחבר	l e h i t χ a v e ʁ
להתעסק	l e h i t a s e k
לכלול	l i χ l u l
לרחוב	l a ʁ χ u v
לשדה	l i ʃ d a
מאבד	m e e v e d
מודעת	m o d a a t
מודרני	m o d ʁ a n i
מיותר	m i j u t e ʁ
מספרי	m i s p a ʁ i
מפנה	m a f a n a
משמשת	m i ʃ m e ʃ e t
מתרחש	m i t ʁ a χ e ʃ
סוכה	s o χ a
סחר	s a χ a ʁ
עיקרי	i k ʁ i
עתיק	a t i k
פוגש	p o ɡ e ʃ
צפו	t͡s a f u
צפויה	t͡s a f u j a
קבועים	k a v u i m
קירות	k i ʁ u t
רז	ʁ a z
ריי	ʁ a j
שמאלה	ʃ i m a l a
שפות	ʃ a f u t
ששון	ʃ a ʃ o n
תחליף	t a χ l i f
אט	a t
אסיה	a s j a
בהיקף	b e h i k e f
במידת	b e m i d e t
גופי	ɡ o f i
דורשים	d o ʁ ʃ i m
הדדית	h i d d i t
הודעת	h o d a a t
הופ	h o f
המדיני	h i m d i n i
המהיר	h i m h i ʁ
המנוע	h i m n u a
המסורתית	h i m s o ʁ t i t
המרד	h i m ʁ e d
המשתמש	h i m ʃ t a m e ʃ
הסיכויים	h i s i k u j i m
הסמכות	h i s m a χ u t
הסמל	h i s m e l
הפלסטיני	h i f l a s t i n i
הפתוח	h i f t u a χ
הקסם	h i k s e m
הרצוג	h i ʁ t͡s u ɡ
השבט	h i ʃ b e t
השבטים	h i ʃ b a t i m
השיג	h i ʃ i ɡ
התוכנה	h i t u χ n a
התחושה	h i t χ u ʃ a
חביב	χ a v i v
חומה	χ o m a
חיזוק	χ i z u k
יב	j a v
יעמוד	j a a m u d
כדורי	k a d u ʁ i
כידוע	k i d u a
לבי	l a v i
להלחם	l a h a l χ a m
לחלוק	l a χ l u k
לחסוך	l a χ s u χ
לידו	l i d u
לנוח	l a n u a χ
לעוף	l a u f
מגרש	m a ɡ ʁ e ʃ
מדיה	m a d j a
מהעיר	m e h i ʁ
מזרחית	m i z ʁ a χ i t
מעיין	m a a j a n
מקיים	m a k a j i m
מרצה	m a ʁ t͡s a
נמצאות	n i m t͡s a u t
נעלה	n a a l a
פרש	p a ʁ a ʃ
צוחק	t͡s o χ a k
קובי	k o v i
שה	ʃ a
שרידי	ʃ ʁ i d i
שרציתי	ʃ a ʁ t͡s i t i
אדומה	a d u m a
אישרה	i ʃ a ʁ a
באיטליה	b e i t e l j a
באילת	b e i l e t
בודק	b o d e k
גרה	ɡ a ʁ a
האלימות	h e e l i m u t
הגדר	h i ɡ d e ʁ
הדיור	h i d j o ʁ
ההתחלה	h e h i t χ a l a
הוכיח	h o χ i a χ
הלשכה	h i l ʃ a χ a
המלצות	h i m l a t͡s u t
המפגש	h i m p e ɡ e ʃ
המרכזיים	h i m ʁ a χ z a j i m
המתח	h i m t e a χ
הספק	h i s p e k
הרעב	h i ʁ a v
השחר	h i ʃ χ a ʁ
התאונה	h i t o n a
ואינם	v e i n e m
ויתר	v i t e ʁ
זמין	z a m i n
חופשה	χ o f ʃ a
טובי	t o v i
ידידים	j a d i d i m
יישאר	j i ʃ a ʁ
כהה	k a h a
כרטיסי	k a ʁ t i s i
לגדל	l i ɡ d e l
להנות	l a h a n u t
להשמיד	l e h i ʃ m i d
לחקר	l a χ k a ʁ
ליגת	l i ɡ e t
לילות	l i l u t
לין	l i n
לצחוק	l i t͡s χ o k
מיידי	m a j a d i
מכמה	m a χ m a
מעניינים	m a a n j a n i m
מפסיק	m a f s i k
משתי	m i ʃ t i
נועדו	n o a d u
נושאי	n o ʃ a j
נראתה	n i ʁ a t a
עציון	a t͡s j o n
פו	p o
רובי	ʁ o v i
רלוונטי	ʁ a l v a n t i
שיכולים	ʃ i χ u l i m
שנוצר	ʃ n u t͡s a ʁ
תדאג	t a d a ɡ
תמיר	t a m i ʁ
תקן	t a k a n
בדיעבד	b e d i a v e d
בלעדי	b a l a a d i
בעם	b a a m
ברורים	b ʁ o ʁ i m
דיווחים	d i v a χ i m
דרומה	d ʁ u m a
דרישה	d ʁ i ʃ a
הבכיר	h i v k i ʁ
הגדרת	h i ɡ d e ʁ e t
הגעת	h i ɡ a t
הולם	h o l e m
הטבעת	h i t b a a t
הלוח	h a l u a χ
המערכה	h i m a ʁ χ a
המפה	h i m p a
המשלחת	h i m ʃ l a χ e t
המשמר	h i m ʃ a m e ʁ
הסכמי	h i s k e m i
העזרה	e e z a ʁ a
העירוני	h e i ʁ o n i
העמותה	e e m u t a
הפסיק	h i f s i k
הצגה	h i t͡s ɡ a
הקושי	h i k u ʃ i
השישי	h i ʃ i ʃ i
השנתי	h i ʃ n a t i
ובנו	v a v a n u
ויהי	v i h i
ויחד	v i χ e d
חזית	χ a z i t
חילופי	χ i l u f i
ידך	j a d a χ
ייתן	j i t e n
כיתות	k i t u t
כפתור	k a f t u ʁ
כשלא	k a ʃ l a
לבר	l a v a ʁ
לחברים	l a χ b a ʁ i m
לחג	l a χ a ɡ
לחוץ	l a χ u t͡s
למשפחת	l i m ʃ p a χ a t
לצמצם	l i t͡s m a t͡s e m
מגדולי	m a ɡ d u l i
מגזין	m a ɡ z i n
מיטב	m i t e v
מינים	m i n i m
מירי	m i ʁ i
מליון	m a l j o n
משחקת	m i ʃ χ a k e t
משלה	m i ʃ l a
נוטים	n o t i m
נטייה	n i t i j a
נשארים	n i ʃ a ʁ i m
עומק	o m e k
עמים	a m i m
פז	p a z
פסל	p a s a l
פרשה	p a ʁ ʃ a
ציונית	t͡s i j o n i t
קבעה	k a v a
קיצוני	k i t͡s o n i
קרני	k a ʁ a n i
רוס	ʁ o s
שבית	ʃ a v i t
שבני	ʃ a v a n i
שיבוא	ʃ i b u
שלומי	ʃ a l u m i
שתדע	ʃ i t d a
תגידו	t a ɡ i d u
תומאס	t o m a s
תיקים	t i k i m
תמורה	t a m u ʁ a
תפילת	t f i l e t
תשתית	t i ʃ t i t
אבנר	a v n a ʁ
אכלתי	a χ l a t i
אמ	a m
אתא	a t a
בחול	b a χ u l
בשלטון	b i ʃ l a t o n
גזע	ɡ a z a
הזמין	h i z m i n
החלוץ	h e χ l u t͡s
הישג	h i ʃ e ɡ
הכלא	h i χ l a
הכלה	h i χ l a
המבקר	h i m b e k e ʁ
המרחב	h i m ʁ a χ e v
הסגנון	h i s ɡ a n o n
הרמה	h a ʁ m a
השדרה	h i ʃ d a ʁ a
התייחס	h i t j a χ e s
ומעולם	v i m o l e m
חניה	χ a n j a
יפן	j a f a n
לאב	l a ʔ a v
לגדול	l i ɡ d u l
לפתרון	l i f t a ʁ o n
מאחד	m e a χ a d
מד	m a d
ממלא	m a m l a
מצות	m a t͡s u t
נפצעו	n i f t͡s a u
נקבל	n i k b e l
ספינות	s f i n u t
עשירה	a ʃ i ʁ a
פיט	p i t
פישר	p i ʃ e ʁ
צילומים	t͡s i l u m i m
קבעו	k a v a u
קלי	k a l i
רוז	ʁ o z
רחוקה	ʁ a χ u k a
שכחת	ʃ a χ a χ a t
שליחות	ʃ l i χ u t
at	a t
אולמרט	o l m a ʁ t
אמירה	a m i ʁ a
בהוצאת	b e h u t͡s a t
בונים	b o n i m
ביהודה	b i h u d a
בשורות	b e ʃ u ʁ u t
גורמי	ɡ o ʁ m i
דרישות	d ʁ i ʃ u t
האין	h e i n
הבטחת	h i v t a χ e t
הוציאה	h o t͡s i a
הזרוע	h i z ʁ u a
הטבעית	h i t b a i t
הימני	h i m a n i
המקורות	h i m k o ʁ u t
הפסיקה	h i f s i k a
הקבר	h i k b e ʁ
הקרובות	h i k ʁ o v u t
הרשמית	h i ʁ ʃ a m i t
התיירות	h i t j a ʁ u t
התקף	h i t k e f
זעם	z a a m
חגי	χ a ɡ i
חותם	χ o t e m
חנן	χ a n a n
חסידים	χ a s i d i m
חריפה	χ a ʁ i f a
ליידי	l a j a d i
לילי	l i l i
לכלי	l i χ l i
למחר	l i m χ a ʁ
לספרות	l i s p a ʁ u t
לעצמנו	l a a t͡s m a n u
לצפייה	l i t͡s p i j a
לרמה	l a ʁ m a
לשקול	l i ʃ k o l
מאין	m a i n
מדעית	m a d a i t
מועמדות	m o a m d u t
מידות	m i d u t
מלוא	m a l u
מקביל	m a k b i l
מרגע	m a ʁ ɡ a
נוחה	n o χ a
נחמה	n a χ m a
נייד	n a j a d
נשבעת	n i ʃ b a a t
נשמות	n i ʃ m u t
סו	s o
עולמית	o l a m i t
פוליטיקאי	p u l i t i k a j
פופ	p o f
פיל	p i l
פשרה	p i ʃ ʁ a
צדיקים	t͡s a d i k i m
קנדי	k a n d i
רונן	ʁ o n a n
רפי	ʁ a f i
שובר	ʃ o v a ʁ
שושנה	ʃ o ʃ a n a
שכדאי	ʃ a χ d a j
שכולנו	ʃ χ u l a n u
תומר	t o m e ʁ
תפקידה	t a f k i d a
תרגיל	t a ʁ ɡ i l
אחיות	a χ j u t
איציק	i t͡s i k
איתמר	i t m e ʁ
אפקט	a f a k t
בוש	b o ʃ
בטוב	b a t u v
בטון	b a t o n
בשבט	b i ʃ b e t
בתחנה	b i t χ a n a
גיבוי	ɡ i b u j
גרעין	ɡ a ʁ i n
גרעיני	ɡ a ʁ i n i
דינה	d i n a
האדון	h e e d o n
הגדה	h i ɡ d a
הגדרות	h i ɡ d a ʁ u t
הדגים	h i d ɡ i m
הדמיון	h i d m i j o n
הדתות	h i d t u t
הופיעה	h o f i a
הכניס	h i χ n i s
הנסיכה	h i n s i χ a
הפסוק	h i f s o k
הצפונית	h i t͡s p o n i t
הראייה	h i ʁ a j a
השחורים	h i ʃ χ o ʁ i m
השיחות	h i ʃ i χ u t
וואלה	w a l a
ומתי	v i m t i
זכיתי	z a χ i t i
זרות	z a ʁ u t
חיצוניים	χ i t͡s o n a j i m
חכה	χ a χ a
חמורים	χ a m u ʁ i m
כביסה	k a v i s a
כבישים	k a v i ʃ i m
כינוי	k i n u j
כפות	k a f u t
להבהיר	l e h a v h i ʁ
לעשן	l a a ʃ a n
לשפוט	l i ʃ p u t
מזרחה	m i z ʁ a χ a
מחליף	m a χ l i f
מעלים	m a a l i m
מצטרף	m i t͡s t a ʁ e f
מראות	m a ʁ a u t
מרכזיים	m a ʁ k a z a j i m
מרתק	m a ʁ t e k
משאבים	m i ʃ a v i m
נועדה	n o a d a
נפוץ	n a f u t͡s
סלט	s a l a t
עמם	a m a m
עסקו	a s k o
ערובה	a ʁ u v a
פקודת	p a k u d e t
צילומי	t͡s i l u m i
קרם	k a ʁ a m
ראיתם	ʁ a i t e m
רחוקים	ʁ a χ u k i m
שון	ʃ o n
שמאי	ʃ a m a j
תורגם	t o ʁ ɡ e m
תרבותי	t a ʁ b u t i
אזורית	a z u ʁ i t
אחיך	a χ i χ
אסירים	a s i ʁ i m
אפי	a f i
בגבול	b a ɡ v u l
בחקירה	b a χ k i ʁ a
בינלאומית	b i n l a u m i t
בלוח	b a l u a χ
בפוליטיקה	b e f u l i t i k a
ברקע	b a ʁ k a
דונלד	d o n l a d
האזורית	h e e z o ʁ i t
האסירים	h e e s i ʁ i m
הלחימה	h i l χ i m a
המחוז	h i m χ u z
המנהלים	h i m n a h e l i m
הנקודות	h i n k o d u t
הסמים	h i s m i m
הצעד	h i t͡s a d
הקירות	h i k i ʁ u t
הקשורות	h i k ʃ o ʁ u t
הראיות	h a ʁ a j u t
הרחובות	h i ʁ χ o v u t
ולך	v a l a χ
וראה	v a ʁ a
טהורה	t e h u ʁ a
ידידות	j a d i d u t
ייעוץ	j i u t͡s
יתחיל	j i t χ i l
לגבר	l i ɡ b e ʁ
לחדור	l a χ d u ʁ
לחסל	l a χ s a l
לרצוח	l a ʁ t͡s u a χ
מהאנשים	m e h a n ʃ i m
מחד	m a χ a d
מיועד	m i j u a d
מכניס	m a χ n i s
מעץ	m a a t͡s
נטען	n i t a n
ניגש	n i ɡ e ʃ
סבר	s a v a ʁ
עמידה	a m i d a
פרקי	p a ʁ k i
קדושה	k a d u ʃ a
קלינטון	k l i n t o n
רשתות	ʁ a ʃ t u t
שאיש	ʃ a i ʃ
שכונת	ʃ χ o n e t
תבדוק	t a v d u k
תיכף	t i χ e f
תפסו	t a f s u
אחיד	a χ i d
אינטרסים	i n t a ʁ s i m
אלמנטים	a l m a n t i m
בחיפוש	b e χ i p u ʃ
בענין	b a a n i n
האמינו	h e e m i n u
האמנתי	h e e m e n t i
ההגירה	h e h ɡ i ʁ a
הזבל	h i z b e l
הזרם	h i z ʁ e m
הטיל	h i t i l
הישר	h i ʃ e ʁ
המגורים	h i m ɡ o ʁ i m
המלצה	h i m l a t͡s a
המשא	h i m ʃ e
הסכנה	h i s k a n a
הסקר	h i s k e ʁ
הקדומה	h i k d u m a
התעורר	h i t o ʁ e ʁ
ואינה	v e i n a
חבילת	χ a v i l e t
חיכיתי	χ i χ i t i
חסרים	χ a s a ʁ i m
טבריה	t a v ʁ i j a
יח	j a χ
ייצוג	j i t͡s u ɡ
כשנה	k a ʃ a n a
לאמת	l e e m e t
להגשים	l e h i ɡ ʃ i m
לזוז	l a z u z
ליטר	l i t e ʁ
לשבוע	l i ʃ b u a
לשנייה	l i ʃ n i j a
מונית	m o n i t
מח	m a χ
מחברות	m a χ b a ʁ u t
מילות	m i l u t
מנע	m a n a
מתקדמת	m i t k a d e m e t
עודף	o d e f
עזבה	a z a v a
עמיר	a m i ʁ
פריז	p ʁ i z
קורבן	k o ʁ b a n
קילו	k i l u
רוסית	ʁ o s i t
תלמידיו	t a l m i d j u
תפסיקי	t a f s i k i
be	b e
no	n o
אדי	a d i
אזורים	a z u ʁ i m
אחריך	a χ ʁ i χ
אללה	a l a l a
אפור	a f u ʁ
אקדח	a k d a χ
בוחן	b o χ a n
בילי	b i l i
בסמים	b a s a m i m
ברנר	b a ʁ n a ʁ
גד	ɡ a d
גוון	ɡ a v a n
גרועים	ɡ ʁ u i m
גריי	ɡ a ʁ a j
דיונים	d i j o n i m
האמיתיים	h e e m i t a j i m
הגבעה	h i ɡ b a a
הגיוס	h i ɡ j o s
ההתקפה	h e h i t k a f a
הובא	h o v a
הידועה	h i d u a
הישוב	h i ʃ u v
המלכים	h i m l a χ i m
הסברה	h i s b a ʁ a
העיתונאי	h e i t o n a j
הקיבוצים	h i k i b u t͡s i m
הקצין	h i k t͡s i n
התעסוקה	h i t a s u k a
וחבר	v a χ b a ʁ
ולי	v a l i
חישוב	χ i ʃ u v
חסרה	χ a s a ʁ a
חתולים	χ a t u l i m
יעילה	j e i l a
כועסת	k o a s e t
כיבוי	k i b u j
כסא	k a s a
לדור	l a d u ʁ
להיראות	l e h i ʁ a u t
להרשות	l e h a ʁ ʃ u t
לזוג	l a z u ɡ
לחלל	l a χ l a l
לתלות	l i t l u t
מאגר	m e a ɡ e ʁ
מודרנית	m o d ʁ a n i t
מחמד	m a χ m a d
מטפל	m i t p e l
ממצרים	m a m t͡s a ʁ i m
מרד	m a ʁ a d
מרפא	m a ʁ p a
מתעורר	m i t o ʁ e ʁ
נותרה	n o t a ʁ a
ניצל	n i t͡s e l
נראו	n a ʁ a u
סוטה	s o t a
סיפרו	s i p ʁ u
סכסוך	s a χ s u χ
עוזי	o z i
עסוקים	a s u k i m
ערכה	a ʁ χ a
עשיתם	a ʃ i t e m
פרצו	p a ʁ a t͡s u
רותם	ʁ o t e m
שגריר	ʃ a ɡ ʁ i ʁ
שנפל	ʃ i n p e l
שריפה	ʃ ʁ i f a
תישאר	t i ʃ a ʁ
תקבלו	t a k b a l u
אופציה	o f t͡s j a
אלול	a l u l
באל	b a a l
ביחסים	b i χ s i m
גני	ɡ a n i
האמצעים	h e e m t͡s a i m
הדירות	h i d i ʁ u t
הולכות	h o l χ u t
הכרטיס	h i χ ʁ a t i s
הלבנים	h i l b a n i m
המרה	h i m ʁ a
הסימנים	h i s i m a n i m
הסינית	h i s i n i t
הספירה	h i s p i ʁ a
העמדה	e e m d a
הצדיק	h i t͡s d i k
הרגו	h a ʁ ɡ o
הרעש	h i ʁ a ʃ
השמיני	h i ʃ m i n i
וחבריו	v a χ b a ʁ j u
זורם	z o ʁ e m
חובבי	χ o v e v i
חרף	χ a ʁ a f
חשודים	χ a ʃ u d i m
יליד	j a l i d
ינאי	j a n a j
כמוה	k a m u a
לוד	l o d
לנפש	l i n p e ʃ
לצעוק	l i t͡s o k
לתמיכה	l i t m i χ a
לתקופת	l i t k o f e t
מופת	m o f e t
מורכבים	m o ʁ k a v i m
מחלק	m a χ l a k
מיי	m a j
מילואים	m i l u i m
מיס	m i s
מיסים	m i s i m
ממשי	m a m ʃ i
מעניק	m a a n i k
מרקוס	m a ʁ k o s
משתתף	m i ʃ t a t e f
נה	n a
ניסים	n i s i m
ניצן	n i t͡s a n
נלחמים	n i l χ a m i m
נפרדת	n i f ʁ e d e t
נשמעת	n i ʃ m a a t
סט	s a t
ענת	a n a t
פרוץ	p ʁ u t͡s
קובעת	k o v a a t
קולו	k o l o
קשרי	k a ʃ a ʁ i
ריאל	ʁ i e l
שבעים	ʃ a v i m
שו	ʃ o
שוד	ʃ o d
שיום	ʃ i j u m
שנועד	ʃ n u a d
תמים	t a m i m
תצליח	t a t͡s l i a χ
תקשיב	t a k ʃ i v
אדירים	a d i ʁ i m
אר	a ʁ
בהירות	b e h i ʁ u t
בורח	b o ʁ a χ
ביג	b i ɡ
בלום	b a l u m
בע	b a
בעיצוב	b e i t͡s o v
בעמ	b a a m
בתמונות	b i t m o n u t
דירוג	d i ʁ u ɡ
דתיות	d a t j u t
האלוף	h e e l u f
הבטחה	h i v t a χ a
ההולדת	h e h u l e d e t
ההוצאות	h e h u t͡s a u t
החד	h a χ a d
היסודי	h i s u d i
הכנתי	h i χ n a t i
המנוח	h i m n u a χ
העברה	e e v a ʁ a
הקלעים	h i k l a i m
הראו	h a ʁ a u
הרגשות	h i ʁ ɡ e ʃ u t
השמאלית	h i ʃ m a l i t
התודעה	h i t u d a a
התקפה	h i t k a f a
ורואה	v a ʁ u a
חופשיים	χ o f ʃ a j i m
חלפו	χ a l a f u
חסן	χ a s a n
חקלאית	χ a k l a i t
טק	t a k
יוצאות	j o t͡s a u t
יישום	j i ʃ u m
יציבה	j e t͡s i v a
ככלי	k a χ l i
כמויות	k a m u j u t
לחקירה	l a χ k i ʁ a
ליתר	l i t e ʁ
לסוג	l a s u ɡ
לרדוף	l a ʁ d u f
לתלמידים	l i t l a m i d i m
מגדיר	m a ɡ d i ʁ
מזכירה	m i z k i ʁ a
מיליונים	m i l j o n i m
משפחתית	m i ʃ p a χ t i t
ניסויים	n i s u j i m
ניצחה	n i t͡s a χ a
נסים	n a s i m
סול	s o l
סופה	s o f a
סיפרתי	s i p ʁ a t i
עבורך	a v u ʁ a χ
עסקת	a s a k a t
עצר	a t͡s a ʁ
עשויות	a ʃ u j u t
פוסק	p o s e k
קרטר	k a ʁ t a ʁ
רד	ʁ a d
שבאה	ʃ a v a
שוות	ʃ a v a t
שליש	ʃ a l i ʃ
תגובת	t a ɡ u v e t
תרם	t a ʁ a m
all	a l
אכילת	a χ i l e t
אמיץ	a m i t͡s
אסד	a s a d
אסורה	a s u ʁ a
אספקה	a s p a k a
בוועדה	b a v a d a
בחרה	b a χ a ʁ a
ביפן	b i p e n
בק	b a k
בשילוב	b e ʃ i l u v
הגמרא	h i ɡ m a ʁ a
הגעתם	h i ɡ a t e m
הדוד	h a d u d
הדרישה	h i d ʁ i ʃ a
היסודות	h i s u d u t
הכלבה	h i χ l a v a
הכנס	h i χ n e s
הכתר	h i χ t e ʁ
המדיה	h i m d j a
המכירות	h i m k i ʁ u t
המלכות	h i m l a χ u t
המעצר	h i m a t͡s e ʁ
הנצרות	h i n t͡s a ʁ u t
הסלע	h i s l a
הפגנות	h i f ɡ a n u t
הצילומים	h i t͡s i l u m i m
הקיום	h i k j u m
הרצאות	h i ʁ t͡s a u t
השמלה	h i ʃ m a l a
התגלה	h i t ɡ a l a
התלמיד	h i t l a m i d
ואיזה	v e i z a
ואיפה	v e i f a
חגיגה	χ a ɡ i ɡ a
חמושים	χ a m u ʃ i m
חמצן	χ a m t͡s a n
טוביה	t o v j a
טי	t i
טים	t i m
כימי	k i m i
לבנו	l a v a n u
לורד	l o ʁ e d
למחקר	l i m χ a k e ʁ
לשדר	l i ʃ d e ʁ
לשנים	l i ʃ n i m
מאיזה	m e i z a
מו	m o
מוזרים	m u z a ʁ i m
מיניות	m i n j u t
מלאות	m a l a u t
ממליצה	m a m l i t͡s a
ממשרד	m i m ʃ a ʁ a d
מתקיימת	m i t k a j i m e t
מתקשה	m i t k a ʃ a
נוצרה	n o t͡s a ʁ a
נושאת	n o ʃ a t
ניסיונות	n i s j o n u t
נכסי	n i χ s i
נסה	n a s a
נפטרה	n i f t a ʁ a
נפלאים	n i f l a i m
סידור	s i d u ʁ
סמי	s a m i
סעיפים	s e i f i m
עידוד	i d u d
עלים	a l i m
עצבני	a t͡s b a n i
ציונה	t͡s i j o n a
קרבות	k a ʁ b u t
רוחנית	ʁ o χ a n i t
רוכב	ʁ o χ e v
רכבים	ʁ a χ a v i m
תותח	t o t e a χ
תחזרי	t a χ z a ʁ i
תיתן	t i t e n
תקלה	t a k l a
אדע	a d a
אופק	o f e k
אחרונים	a χ ʁ o n i m
אשלח	a ʃ l a χ
בדור	b a d u ʁ
בידוד	b i d u d
בפומבי	b e f u m b i
בצירוף	b e t͡s i ʁ u f
האהובה	h e e h o v a
הגאולה	h i ɡ o l a
הדו	h a d u
הוסיפו	h o s i f u
הועבר	h o e v e ʁ
החמישית	h e χ m i ʃ i t
הילה	h i l a
הכותב	h i χ u t e v
המגזר	h i m ɡ a z e ʁ
המכוניות	h i m k o n j u t
העדות	h e e d u t
העיתונאים	h e i t o n a i m
הציונים	h i t͡s j o n i m
הקדיש	h i k d i ʃ
השביעית	h i ʃ b i i t
השערים	h i ʃ a ʁ i m
ודי	v a d i
וחזר	v a χ z a ʁ
ויוצא	v i j u t͡s a
וילה	v i l a
זילנד	z i l a n d
חולם	χ o l a m
חכי	χ a χ i
חסידות	χ a s i d u t
חקירות	χ a k i ʁ u t
חשה	χ a ʃ a
יישובים	j i ʃ u v i m
יצרה	j a t͡s a ʁ a
כיס	k i s
להביט	l e h a b i t
להתפתח	l e h i t p a t e a χ
להתרחק	l e h i t ʁ a χ e k
לכביש	l i χ b i ʃ
מאיים	m a a j i m
מבריק	m a v ʁ i k
מכשירי	m a χ ʃ i ʁ i
מרשה	m a ʁ ʃ a
מתמודד	m i t m u d e d
נבון	n a v o n
נבחרים	n i v χ a ʁ i m
ניק	n i k
ניתנים	n i t a n i m
סקירה	s k i ʁ a
עוגת	o ɡ e t
עוצמת	o t͡s e m e t
עלית	a l i t
פורסמו	p o ʁ s e m o
פורת	p o ʁ e t
צוותי	t͡s a v a t i
קארי	k a a ʁ i
קחי	k a χ i
קראה	k a ʁ a
רודף	ʁ o d e f
שורשים	ʃ o ʁ ʃ i m
שחקנית	ʃ a χ k a n i t
שנתנו	ʃ i n t a n u
שף	ʃ a f
תיירים	t a j a ʁ i m
אדירה	a d i ʁ a
אוסקר	o s k a ʁ
אמרי	a m ʁ i
בהודו	b e h u d u
בחברות	b a χ b a ʁ u t
בחלום	b a χ l u m
בידור	b i d u ʁ
ביטון	b i t o n
ביתנו	b i t a n u
בפינה	b e f i n a
ברצועת	b a ʁ t͡s u a t
בתקציב	b i t k a t͡s i v
גדלים	ɡ a d l i m
גו	ɡ o
גוטמן	ɡ o t m a n
גומי	ɡ o m i
גרשון	ɡ a ʁ ʃ o n
דא	d a
דחף	d a χ a f
דפי	d a f i
דפים	d a f i m
הב	h a v
הברכה	h i v ʁ a χ a
החטיבה	h e χ t i v a
הכיתה	h i χ i t a
המסעדה	h i m s a d a
המערכות	h i m a ʁ χ u t
המפורסמת	h i m p o ʁ s e m e t
המצווה	h i m t͡s v a
המקובלת	h i m k o v e l e t
הנבחרת	h i n b a χ a ʁ e t
הסכמים	h i s k e m i m
הקשת	h i k ʃ e t
השלכות	h i ʃ l a χ u t
השמאלי	h i ʃ m a l i
השמחה	h i ʃ m a χ a
התפקידים	h i t p a k i d i m
התרחש	h i t ʁ a χ e ʃ
וקיבל	v e k i b e l
ורב	v a ʁ a v
חגיגות	χ a ɡ i ɡ u t
חובב	χ o v e v
חוג	χ o ɡ
חלשה	χ a l a ʃ a
יקרא	j a k ʁ a
כאיש	k a i ʃ
כחצי	k a χ a t͡s i
לובש	l o v e ʃ
לחתוך	l a χ t u χ
ליהדות	l i h a d u t
ליווי	l i v i
לרבי	l a ʁ b i
מאוניברסיטת	m e o n i b ʁ a s i t e t
מגמה	m a ɡ m a
מגרמניה	m a ɡ ʁ a m a n j a
מוזמן	m u z m a n
משרות	m i ʃ ʁ u t
נמרץ	n i m ʁ e t͡s
נצטרך	n i t͡s t a ʁ a χ
נרשם	n i ʁ ʃ e m
סע	s a
סרן	s a ʁ a n
עמנו	a m a n u
פיגוע	p i ɡ u a
פרסים	p a ʁ s i m
ציפיתי	t͡s i p i t i
קודמים	k o d e m i m
קטעי	k a t a j
רווחה	ʁ a v a χ a
שורת	ʃ o ʁ e t
שימי	ʃ i m i
שימשה	ʃ i m ʃ a
שימשו	ʃ i m ʃ u
שיצאה	ʃ i t͡s a
שכונות	ʃ χ o n u t
שמספר	ʃ i m s p e ʁ
תורם	t o ʁ e m
תיקונים	t i k o n i m
תפקידי	t a f k i d i
la	l a
אחותה	a χ u t a
אנסה	a n a s a
בבורסה	b e v u ʁ s a
ביצירת	b i t͡s i ʁ e t
בכורה	b e χ u ʁ a
בנשים	b e n e ʃ i m
בשלבים	b i ʃ l a v i m
גיבורים	ɡ i b u ʁ i m
גלויות	ɡ l u j u t
גלריה	ɡ a l a ʁ j a
דוקא	d o k a
הבדיקות	h i v d i k u t
הגישו	h i ɡ i ʃ u
הגעה	h i ɡ a
הורשע	h o ʁ ʃ a
הזרים	h i z ʁ i m
הכלכליים	h i χ l a χ l a j i m
הכרטיסים	h i χ ʁ a t i s i m
הנבחרים	h i n b a χ a ʁ i m
הנחות	h i n χ u t
הנמל	h i n m e l
הסיני	h i s i n i
הסרטן	h i s ʁ a t e n
הערכות	e e ʁ χ u t
הצביעו	h i t͡s b i u
הצופה	h i t͡s u f a
הצרפתים	h i t͡s ʁ a f t i m
הרגילה	h i ʁ ɡ i l a
השלמת	h i ʃ l e m e t
ועידת	v e i d e t
ורבי	v a ʁ b i
ורוב	v a ʁ u v
זיקה	z i k a
חדה	χ a d a
חולשה	χ o l a ʃ a
חושף	χ o ʃ e f
חשבה	χ a ʃ a v a
יג	j a ɡ
ידם	j a d a m
יעלו	j a a l u
כד	k a d
לגמר	l i ɡ m e ʁ
להיפטר	l e h i p t e ʁ
להתאמן	l e h i t a m e n
להתחמק	l e h i t χ a m e k
לוואי	l a v a j
לחפור	l a χ p u ʁ
לענין	l a a n i n
לערבים	l e a ʁ b i m
מגה	m a ɡ a
מגיש	m a ɡ i ʃ
מורי	m o ʁ i
מזהיר	m i z h i ʁ
מימד	m i m e d
ממתי	m a m t i
מעת	m a a t
מתל	m a t a l
ניל	n i l
ניצולי	n i t͡s u l i
עבה	a v a
ערביי	a ʁ b a j
ערה	a ʁ a
עריכת	a ʁ i χ e t
עתיקה	a t i k a
פיה	p i j a
פנימיים	p n i m a j i m
פר	p a ʁ
צדדים	t͡s a d a d i m
קולי	k o l i
רומי	ʁ o m i
ריצה	ʁ i t͡s a
שהתקיים	ʃ e h i t k a j i m
שנבחר	ʃ i n b a χ a ʁ
ששימש	ʃ ʃ i m e ʃ
hot	h o t
אבקש	a v a k a ʃ
אנושיים	a n u ʃ a j i m
בבר	b a v a ʁ
בגב	b a ɡ a v
בגוש	b a ɡ u ʃ
בזבוז	b i z b u z
בזמנים	b i z m a n i m
בעייתי	b a a j a t i
ברך	b a ʁ a χ
דרמטי	d a ʁ m a t i
דרשו	d a ʁ ʃ u
הדיונים	h i d j o n i m
הטענות	h i t a n u t
הכפרים	h i χ p a ʁ i m
המדריך	h i m d ʁ i χ
המעשים	h i m a ʃ i m
המשרה	h i m ʃ a ʁ a
המשתמשים	h i m ʃ t a m ʃ i m
המתחם	h i m t a χ e m
העיתונים	h e i t o n i m
הענין	e e n i n
הקיצוני	h i k i t͡s o n i
הקליטה	h i k l i t a
הרצועה	h i ʁ t͡s u a
השגריר	h i ʃ ɡ ʁ i ʁ
השליח	h i ʃ l i a χ
התאריך	h i t a ʁ i χ
התנהלות	h i t n a h e l u t
וחסר	v a χ s a ʁ
ויליאם	v i l j a m
חתימה	χ a t i m a
חתימת	χ a t i m e t
טעמים	t a a m i m
ילדיו	j a l a d j u
ינסה	j a n a s a
כבל	k a v a l
להתחרות	l e h i t χ a ʁ u t
ליבה	l i v a
לפטר	l i f t e ʁ
מדהימים	m a d h i m i m
מוריס	m o ʁ i s
מחווה	m a χ v a
מחלקות	m a χ l a k u t
מניו	m a n j u
מעידה	m e i d a
מקווים	m a k v i m
מקנה	m a k a n a
מרגלית	m a ʁ ɡ a l i t
משמעית	m i ʃ m a i t
משער	m i ʃ a ʁ
נופש	n o f e ʃ
נטלי	n i t l i
ניקוי	n i k u j
עבורה	a v u ʁ a
עיתונות	i t o n u t
עמודי	a m u d i
פגישות	p a ɡ i ʃ u t
פוחד	p o χ a d
פלילית	p l i l i t
פעלה	p a a l a
פצוע	p a t͡s u a
פקודות	p a k u d u t
צועק	t͡s o a k
קורים	k o ʁ i m
רזה	ʁ a z a
שאז	ʃ a a z
שבח	ʃ a v a χ
שיכולה	ʃ i χ u l a
שמחת	ʃ i m χ e t
שקוראים	ʃ k o ʁ a j i m
תמשיכי	t a m ʃ i χ i
אביא	a v i
איטלקי	i t a l k i
אלוקים	a l u k i m
אסטרטגיה	a s t a ʁ t e ɡ j a
אסי	a s i
אצא	a t͡s a
בחברון	b a χ b a ʁ o n
בטור	b a t u ʁ
ביוב	b i j u v
ביוון	b i v e n
בעסק	b a a s a k
בקורס	b a k o ʁ a s
גאים	ɡ a i m
גיבורי	ɡ i b u ʁ i
דלא	d a l a
דרישת	d ʁ i ʃ e t
הארוחה	h e e ʁ u χ a
הבמאי	h i v m a j
הבריאה	h i v ʁ i a
הגנים	h i ɡ n i m
הדוק	h a d u k
ההערכה	h e e ʁ χ a
הולנד	h o l a n d
הלוואות	h i l v a u t
המגמה	h i m ɡ e m a
המערך	h i m a ʁ e χ
הסכימה	h i s k i m a
הסרטון	h i s ʁ a t o n
העירונית	h e i ʁ o n i t
הצלחנו	h i t͡s l a χ a n u
הרכוש	h i ʁ k o ʃ
השיפוט	h i ʃ i p u t
השלג	h i ʃ l e ɡ
התיקים	h i t i k i m
התכונות	h i t k o n u t
התקיפה	h i t k i f a
ומעל	v i m a l
חילוקי	χ i l u k i
חרם	χ a ʁ a m
חתום	χ a t u m
טירוף	t i ʁ u f
טעה	t a a
ירצו	j a ʁ a t͡s u
כבית	k a v i t
כיפת	k i f e t
לבקשת	l i v k e ʃ e t
לג	l a ɡ
ליהודי	l i h u d i
לקרקע	l i k ʁ a k a
מאחרים	m e a χ a ʁ i m
מורכבות	m o ʁ k a v u t
מותה	m o t a
מיהו	m i h u
מיל	m i l
מירון	m i ʁ o n
מכשירים	m a χ ʃ i ʁ i m
ממקור	m a m k o ʁ
מתמדת	m i t m e d e t
נגזר	n i ɡ z a ʁ
נדחתה	n i d χ a t a
נון	n o n
נייט	n a j a t
נעל	n a a l
נשמח	n i ʃ m a χ
עגנון	a ɡ n o n
עדיפות	a d i f u t
עומס	o m e s
עמך	a m a χ
צליל	t͡s a l i l
צפויים	t͡s a f u j i m
קבורה	k a v u ʁ a
קדושים	k a d u ʃ i m
קלפים	k a l a f i m
קני	k a n i
קשב	k a ʃ a v
ריאות	ʁ i u t
שונאים	ʃ o n a i m
שימושי	ʃ i m u ʃ i
תוצר	t o t͡s a ʁ
אורה	o ʁ a
אפוא	a f u
אקשן	a k ʃ a n
בעבירות	b e a v i ʁ u t
בקרה	b a k a ʁ a
בתעשייה	b i t a a ʃ i j a
גלוי	ɡ a l u j
גמורה	ɡ a m u ʁ a
האווירה	h e e v i ʁ a
הגדלת	h i ɡ d e l e t
הד	h a d
הוסיפה	h o s i f a
הועדה	h o e d a
הז	h a z
החיצונית	h e χ i t͡s o n i t
היומי	h i j u m i
הכמות	h i χ m u t
הכרעה	h i χ ʁ a a
המהירות	h i m h i ʁ u t
המחתרת	h i m χ a t e ʁ e t
המסורתי	h i m s o ʁ t i
המסים	h i m s i m
המשלוח	h i m ʃ l u a χ
המשפחתי	h i m ʃ p a χ t i
המתרחש	h i m t a ʁ χ e ʃ
הנדרש	h i n d a ʁ e ʃ
הסמוכה	h i s m u χ a
הסעיף	h i s i f
הערביות	e e ʁ b i j u t
הפקודה	h i f k u d a
הצבעים	h i t͡s b a i m
הרך	h a ʁ a χ
השטויות	h i ʃ t u j u t
התגובות	h i t ɡ o v u t
התור	h i t u ʁ
וולט	v a l a t
וזמן	v i z m e n
חיבר	χ i b e ʁ
חינוכית	χ i n u χ i t
חיצונית	χ i t͡s o n i t
טובת	t o v e t
יופיע	j o f i a
יפגע	j a f ɡ a
לימין	l i m i n
לכוכב	l e χ u χ e v
לעיצוב	l e i t͡s o v
לצרכי	l i t͡s ʁ a χ i
לשלול	l i ʃ l u l
לתמונה	l i t m o n a
מהיכן	m e h i χ e n
מלמדים	m a l m a d i m
ממון	m a m o n
מרה	m a ʁ a
מרצ	m a ʁ a t͡s
משפחתה	m i ʃ p a χ t a
מתנצל	m i t n a t͡s e l
נועה	n o a
נוצרי	n o t͡s a ʁ i
נזקים	n i z k i m
נט	n a t
נכבד	n i χ v a d
נצא	n a t͡s a
נקראו	n i k ʁ a u
נשי	n a ʃ i
סודי	s o d i
עזריה	a z a ʁ j a
עליונה	a l j o n a
עלילה	a l i l a
עתיקים	a t i k i m
פונים	p o n i m
פירוט	p i ʁ u t
ציונות	t͡s i j o n u t
קופת	k o f e t
קורסים	k o ʁ s i m
קיצונית	k i t͡s o n i t
קנו	k a n u
קפלן	k a f l a n
רמזים	ʁ a m z i m
רצית	ʁ a t͡s i t
שדווקא	ʃ a d v a k a
שידוע	ʃ i d u a
שלפעמים	ʃ i l p a a m i m
שמביא	ʃ i m b i
שמחתי	ʃ i m χ a t i
שראו	ʃ a ʁ a u
שרות	ʃ a ʁ u t
תלמידו	t a l m i d u
תרצו	t a ʁ a t͡s u
more	m o ɾ e
אלוני	a l o n i
אלישע	a l i ʃ a
באפריקה	b e e f ʁ i k a
בגרסה	b a ɡ ʁ a s a
במונחים	b e m o n a χ i m
בניתוח	b e n i t u a χ
בעלים	b a a l i m
ברוכים	b ʁ u χ i m
ברומא	b ʁ u m a
בריטי	b ʁ i t i
בריכת	b ʁ i χ e t
בשולי	b e ʃ u l i
גולדה	ɡ o l a d a
גילתה	ɡ i l t a
גליל	ɡ l i l
גרמנים	ɡ a ʁ m a n i m
דיבורים	d i b u ʁ i m
דליה	d a l j a
הבחינה	h i v χ i n a
הבקשה	h i v k e ʃ a
הגון	h a ɡ o n
הגיון	h i ɡ j o n
הגירה	h i ɡ i ʁ a
הדומה	h a d u m a
הובאו	h o v a u
הוטל	h o t e l
הידועים	h i d u i m
המהווה	h i m h a v a
המעגל	h i m a ɡ e l
המצרית	h i m t͡s a ʁ i t
הנייד	h i n j a d
הניתן	h i n i t e n
הסחר	h i s χ a ʁ
העיסוק	h e i s o k
העשירים	e e ʃ i ʁ i m
הפיצוץ	h i f i t͡s u t͡s
הפלא	h i f l a
הפלילי	h i f l i l i
הפשוט	h i f ʃ u t
הקווים	h i k v i m
השמונים	h i ʃ m o n i m
התאגיד	h i t a ɡ i d
התאחדות	h i t a χ d u t
ווקר	w a k a ʁ
זהים	z a h i m
חילוץ	χ i l u t͡s
חמד	χ a m a d
חקירת	χ a k i ʁ e t
חשבנו	χ a ʃ b a n u
חשק	χ a ʃ a k
טעיתי	t a i t i
יזם	j a z a m
לארח	l e a ʁ a χ
לדמות	l i d m u t
להיזכר	l e h i z k e ʁ
להירגע	l e h i ʁ ɡ a
לכפות	l i χ f u t
לנמל	l i n m e l
לצפון	l i t͡s f o n
מחסה	m a χ s a
מילוי	m i l u j
מעיר	m e i ʁ
מרמה	m a ʁ m a
משנים	m i ʃ n i m
נגמרה	n i ɡ m a ʁ a
ניירות	n i j a ʁ u t
נמשכה	n i m ʃ a χ a
סינית	s i n i t
סלעים	s a l a i m
עריכה	a ʁ i χ a
פלדה	p a l a d a
פריצת	p ʁ i t͡s e t
צבאיים	t͡s a v a j i m
ציטוט	t͡s i t u t
ציפורים	t͡s i p u ʁ i m
קולט	k o l a t
קיי	k a j
קליטה	k l i t a
קמרון	k a m ʁ o n
קרל	k a ʁ a l
רובוט	ʁ o v u t
רצים	ʁ a t͡s i m
שחרר	ʃ a χ ʁ a ʁ
שלווה	ʃ a l v a
שמיים	ʃ a m a j i m
שמנסה	ʃ i m n a s a
שרירים	ʃ ʁ i ʁ i m
תחתית	t a χ t i t
תכשיטים	t a χ ʃ i t i m
תפקידם	t a f k i d e m
אמינות	a m i n u t
אתנו	a t a n u
בדוק	b a d u k
בהשראת	b e h i ʃ ʁ a t
בסיסית	b e s i s i t
דירת	d i ʁ e t
האמצעי	h e e m t͡s a i
האפשרי	h e e f ʃ a ʁ i
הדאגה	h i d a ɡ a
הדשא	h i d ʃ a
ההוכחה	h e h u χ a χ a
הוגש	h o ɡ e ʃ
הוספת	h o s e f e t
הותר	h o t e ʁ
הטיול	h i t j u l
המלאכה	h i m l a χ a
העיצוב	h e i t͡s o v
הפקולטה	h i f k o l t a
הצביע	h i t͡s b i a
הקישור	h i k i ʃ u ʁ
הקלטה	h i k l a t a
הקלפים	h i k l a f i m
הרגשת	h i ʁ ɡ e ʃ e t
הרשע	h i ʁ ʃ a
השוויון	h i ʃ v i j o n
השקר	h i ʃ k e ʁ
התחתונים	h i t χ a t o n i m
התפטר	h i t p a t e ʁ
והוסיף	v e h o s i f
זיכרונות	z i k ʁ o n u t
חוויות	χ a v j u t
חיסול	χ i s u l
חלמתי	χ a l a m t i
חרקים	χ a ʁ a k i m
חשוך	χ a ʃ u χ
טומי	t o m i
יהודיה	j e h u d j a
להקריב	l e h a k ʁ i v
להתרחש	l e h i t ʁ a χ e ʃ
לריב	l a ʁ i v
מגיב	m a ɡ i v
מדגיש	m a d ɡ i ʃ
ממלכתי	m a m l a χ t i
מנצחת	m i n t͡s a χ a t
מצאת	m a t͡s a t
מקדימה	m a k d i m a
משלב	m i ʃ l a v
משלנו	m i ʃ l a n u
משעה	m i ʃ a
נגן	n a ɡ a n
נגרם	n i ɡ ʁ a m
עימות	i m u t
עלילות	a l i l u t
עמל	a m a l
פרישה	p ʁ i ʃ a
פרסומות	p a ʁ s o m u t
פתוחות	p a t u χ u t
קדומים	k a d u m i m
קנס	k a n a s
רוצחים	ʁ o t͡s a χ i m
שאריות	ʃ e a ʁ j u t
שהתחיל	ʃ e h i t χ i l
שילה	ʃ i l a
שניסה	ʃ n i s a
שרד	ʃ a ʁ a d
תפילין	t f i l i n
תקשיבי	t a k ʃ i v i
up	u p
אחראים	a χ ʁ a i m
באיש	b a i ʃ
באמצעי	b e a m t͡s a i
בדקו	b a d a k o
ביטל	b i t e l
גט	ɡ a t
דיוויד	d i v i d
דרעי	d a ʁ a j
האבנים	h e e v a n i m
האימון	h e i m o n
הבגרות	h i v ɡ a ʁ u t
הבחורים	h i v χ o ʁ i m
הגזע	h i ɡ z a
הגרוע	h i ɡ ʁ u a
הורס	h o ʁ e s
החבל	h i χ b e l
החשיבות	h e χ ʃ i v u t
הטילים	h i t i l i m
הטיעון	h i t i o n
היל	h i l
המכיל	h i m k i l
המכריע	h i m k ʁ i a
הניסוי	h i n i s u j
הסגל	h i s ɡ e l
הצהרה	h i t͡s h a ʁ a
הצהרת	h i t͡s h a ʁ e t
הציעו	h i t͡s i u
הצמחים	h i t͡s m a χ i m
הקדום	h i k d u m
הקלאסי	h i k l a s i
הראיה	h a ʁ a j a
התעלה	h i t a l a
וחברות	v a χ b a ʁ u t
ותראה	v i t ʁ a
חומת	χ o m e t
טיפ	t i p
יהא	j a h a
ילדיה	j a l a d j a
כדרך	k a d a ʁ a χ
לאמריקה	l e e m ʁ i k a
לגשר	l i ɡ ʃ e ʁ
לחזות	l a χ z u t
ליטול	l i t u l
לימודיו	l i m u d j u
לשאלות	l i ʃ a l u t
לתמיד	l i t m i d
מג	m a ɡ
מזכירים	m i z k i ʁ i m
מכילה	m e χ i l a
מלאכותית	m a l a χ u t i t
מסבירה	m a s b i ʁ a
מקסימה	m a k s i m a
מרפי	m a ʁ p i
נגדם	n i ɡ d e m
נוגעת	n o ɡ a t
נסו	n a s u
נק	n a k
נתקלתי	n i t k a l t i
סולם	s o l a m
סידני	s i d a n i
סעיד	s a i d
עוזרים	o z a ʁ i m
עידו	i d u
ערבות	a ʁ b u t
ערוצי	a ʁ u t͡s i
פריצה	p ʁ i t͡s a
ציצים	t͡s i t͡s i m
שבן	ʃ a v a n
שטר	ʃ a t a ʁ
שיקולים	ʃ i k u l i m
שנועדו	ʃ n u a d u
ששום	ʃ a ʃ u m
תקציר	t a k t͡s i ʁ
love	l o v e
אונו	o n u
אוקי	o k i
אזולאי	a z u l a j
אחוזי	a χ u z i
אחזור	a χ z u ʁ
אלעד	a l a d
אמריקני	a m ʁ i k a n i
ביחידות	b i χ i d u t
ביכולת	b i χ u l e t
בלגיה	b a l a ɡ j a
ברגעים	b a ʁ ɡ a i m
בריאים	b ʁ i i m
בשירה	b e ʃ i ʁ a
האהובים	h e e h o v i m
האמון	h e e m o n
האפל	h e e f e l
הוריה	h o ʁ j a
הטלת	h i t l e t
המטוסים	h i m t u s i m
המכה	h i m χ a
המכירה	h i m k i ʁ a
המסמך	h i m s e m e χ
העיד	h e i d
העמידה	e e m i d a
העשיר	e e ʃ i ʁ
הפסיד	h i f s i d
הפסק	h i f s e k
הציר	h i t͡s i ʁ
השאירו	h i ʃ i ʁ u
השפלה	h i ʃ p e l a
התיישבות	h i t j a ʃ e v u t
התקנות	h i t k a n u t
וחברה	v a χ b a ʁ a
וחברי	v a χ b a ʁ i
וכוח	v e χ u a χ
ומכל	v i m k e l
חסינות	χ a s i n u t
חרש	χ a ʁ a ʃ
טיס	t i s
טיפשה	t i p ʃ a
יגלה	j a ɡ l a
יי	j a j
ישתנה	j i ʃ t a n a
כחבר	k a χ b a ʁ
ככלל	k a χ l a l
כס	k a s
כשאתם	k a ʃ a t e m
לבה	l a v a
לגרש	l i ɡ ʁ e ʃ
לדוד	l a d u d
להשתלב	l e h i ʃ t a l e v
לומדת	l o m e d e t
לחשבון	l a χ ʃ a v o n
לימי	l i m i
לעסק	l a a s a k
לשבח	l i ʃ b e a χ
לשחקן	l i ʃ χ a k a n
לשרוף	l i ʃ ʁ u f
מחליטים	m a χ l i t i m
מילולית	m i l u l i t
מכת	m a χ a t
ממשית	m a m ʃ i t
מקבלי	m a k b a l i
מרחבי	m a ʁ χ a v i
מרקו	m a ʁ k o
משמרות	m i ʃ m a ʁ u t
מתחרה	m i t χ a ʁ a
מתנהל	m i t n a h e l
מתקנים	m i t k a n i m
נהגה	n e h a ɡ a
ניקי	n i k i
ננסה	n i n s a
סוזן	s o z a n
סיר	s i ʁ
עוני	o n i
עיקריים	i k ʁ a j i m
פגם	p a ɡ a m
פושע	p o ʃ a
פטיש	p a t i ʃ
פינס	p i n e s
פלג	p a l a ɡ
פקד	p a k a d
קידוש	k i d u ʃ
קישורים	k i ʃ u ʁ i m
קמא	k a m a
רבא	ʁ a b a
רח	ʁ a χ
שאיני	ʃ a i n i
שינו	ʃ i n u
שיעשו	ʃ i a ʃ u
שלשה	ʃ a l a ʃ a
שמועה	ʃ a m u a
שמעתם	ʃ i m a t e m
שניתנה	ʃ n i t a n a
תלות	t a l u t
תסריט	t a s ʁ i t
תשוקה	t ʃ u k a
אבוא	a v u
אחסון	a χ s o n
אימוץ	i m u t͡s
אירע	i ʁ a
אצלה	a t͡s l a
אצליח	a t͡s l i a χ
באם	b a a m
בגלוי	b a ɡ l u j
בידינו	b i d i n u
ביצעו	b i t͡s a u
בלוג	b a l u ɡ
בסוג	b a s u ɡ
ברפואה	b a ʁ p u a
בשיחות	b e ʃ i χ u t
דבי	d a v i
דיסק	d i s e k
האימונים	h e i m o n i m
הבהיר	h i v h i ʁ
הבריכה	h i v ʁ i χ a
הדס	h a d a s
החווה	h a χ v a
החצי	h e χ a t͡s i
המבוסס	h i m b o s e s
המנוחה	h i m n u χ a
הנציב	h i n t͡s i v
הסרת	h i s ʁ e t
הצוואר	h i t͡s v a ʁ
הצרכים	h i t͡s ʁ a χ i m
השביתה	h i ʃ b i t a
השיטות	h i ʃ i t u t
השלם	h i ʃ l e m
השמועה	h i ʃ m u a
השקיעה	h i ʃ k i a
התחתית	h i t χ a t i t
התמחות	h i t m a χ u t
וזכה	v i z χ a
ול	v a l
זכותו	z a χ u t u
חתונות	χ a t u n u t
טבח	t a v a χ
טעימה	t a i m a
יצאת	j a t͡s a t
יקראו	j a k ʁ a u
כחודש	k a χ u d e ʃ
כלליים	k a l a l a j i m
כתם	k a t a m
להריון	l a h a ʁ j o n
לינקולן	l i n k o l a n
ליצירה	l i t͡s i ʁ a
למוסד	l a m u s a d
למטבח	l i m t a v a χ
לממשלת	l i m m a ʃ e l e t
למר	l a m a ʁ
לשחזר	l i ʃ χ a z a ʁ
מדליק	m a d l i k
מזמינים	m i z m i n i m
מטפלת	m i t p e l e t
מל	m a l
מלהיות	m a l h a j u t
ממתין	m a m t i n
מקצועיות	m a k t͡s u a j u t
משמעת	m i ʃ m a a t
נרצה	n i ʁ t͡s a
סוחרים	s o χ a ʁ i m
עירונית	i ʁ o n i t
עמוקים	a m u k i m
עניתי	a n i t i
עסקית	a s k i t
עצובה	a t͡s u v a
עצומות	a t͡s u m u t
ערביות	a ʁ b i j u t
עתיקות	a t i k u t
פוטין	p o t i n
פולחן	p o l χ a n
פריטים	p ʁ i t i m
רכה	ʁ a χ a
רענן	ʁ a a n a n
שגיא	ʃ a ɡ i
שיוצא	ʃ i j u t͡s a
תכלית	t a χ l i t
תמימים	t a m i m i m
אחינו	a χ i n u
אלמוג	a l m u ɡ
אסטרטגי	a s t a ʁ t e ɡ i
אפשריים	a f ʃ a ʁ a j i m
אתחיל	a t χ i l
בהיותה	b e h i j u t a
בהליך	b e h e l i χ
בהשפעת	b e h i ʃ p a a t
בזו	b a z u
בידיעה	b i d i a
ביצירה	b i t͡s i ʁ a
בסרטון	b a s a ʁ t o n
בקניון	b a k a n j o n
האדומים	h e e d u m i m
האמנים	h e e m a n i m
הוט	h o t
הזוכה	h i z u χ a
החזרת	h i χ z a ʁ e t
היגיון	h i ɡ j o n
היתרון	h i t ʁ o n
המבנים	h i m b a n i m
המחצית	h i m χ a t͡s i t
הנדסת	h i n d e s e t
הנחש	h i n χ e ʃ
הנסיבות	h i n s i v u t
הנתון	h i n t o n
הסיור	h i s j o ʁ
הסימן	h i s i m e n
הסירה	h i s i ʁ a
הפירות	h i f i ʁ u t
הציעה	h i t͡s i a
הצמיחה	h i t͡s m i χ a
הצפוי	h i t͡s p u j
השערה	h i ʃ a ʁ a
השתנתה	h i ʃ t a n t a
התחומים	h i t χ u m i m
וקרא	v a k ʁ a
זמרת	z i m ʁ e t
חולקים	χ o l a k i m
חוקרי	χ o k a ʁ i
חילול	χ i l u l
חשוף	χ a ʃ u f
יורש	j o ʁ e ʃ
לבסס	l a v s a s
להיעשות	l e h i a ʃ u t
להתכונן	l e h i t k o n e n
לורן	l o ʁ a n
לחלץ	l a χ l a t͡s
לטיסה	l a t i s a
לימון	l i m o n
לכדור	l i χ d u ʁ
לכיבוש	l e χ i b u ʃ
לשמאל	l i ʃ m a e l
לשפה	l i ʃ p a
מאסטר	m a a s t a ʁ
מדינית	m a d i n i t
מוטל	m o t e l
מוצק	m o t͡s e k
מחברים	m a χ b a ʁ i m
מינכן	m i n χ a n
ממשלתית	m a m ʃ a l t i t
מנקה	m a n a k a
משאבי	m i ʃ a v i
משפיעה	m i ʃ p i a
מתבצעת	m i t b a t͡s a a t
מתקני	m i t k a n i
נוהל	n o h e l
ניתוק	n i t u k
ניתנו	n i t a n u
נכה	n a χ a
נסעתי	n i s a t i
נענה	n a a n a
סרטונים	s a ʁ t o n i m
עושר	o ʃ e ʁ
עותק	o t e k
עיקרון	i k ʁ o n
עסוקה	a s u k a
פטר	p a t a ʁ
פנינה	p n i n a
קיומם	k i j u m e m
קראת	k a ʁ a t
קרלוס	k a ʁ l o s
שבטים	ʃ a v a t i m
שחזר	ʃ a χ z a ʁ
שמץ	ʃ a m a t͡s
שתדעי	ʃ i t d a i
תהא	t a h a
תרד	t a ʁ a d
day	d a j
אגד	a ɡ a d
אדבר	a d b a ʁ
אילנה	i l a n a
אכלו	a χ l u
אנדי	a n d i
אסטרטגית	a s t a ʁ t e ɡ i t
אספר	a s p a ʁ
בהוצאות	b e h u t͡s a u t
בהיכל	b e h i χ e l
בוסטון	b o s t o n
ביהודים	b i h u d i m
ברא	b a ʁ a
בשונה	b e ʃ u n a
גדלו	ɡ a d a l u
גול	ɡ o l
גרסאות	ɡ a ʁ s a u t
הורי	h o ʁ i
הזיתים	h i z i t i m
הזרע	h i z ʁ a
הכנות	h i χ n u t
המגיע	h i m ɡ i a
המערה	h i m a ʁ a
הנקראת	h i n k a ʁ a t
הסברים	h i s b a ʁ i m
הסניף	h i s n i f
הפתוחה	h i f t u χ a
הקשות	h i k ʃ u t
הריסת	h a ʁ i s e t
השלים	h i ʃ l i m
השפיע	h i ʃ p i a
התיאור	h i t j o ʁ
התיאוריה	h i t j o ʁ j a
התראה	h i t ʁ a
וחלקם	v a χ l a k a m
חילוני	χ i l o n i
חללי	χ a l a l i
חמורות	χ a m u ʁ u t
טיפשים	t i p ʃ i m
ייגמר	j i ɡ m e ʁ
כבני	k a v a n i
כרב	k a ʁ a v
כרוך	k a ʁ u χ
כשהן	k a ʃ a n
להפתיע	l e h i f t i a
לחטוף	l a χ t u f
לחן	l a χ a n
לייק	l a j a k
לנגד	l i n ɡ e d
לעיני	l a i n i
לצרכים	l i t͡s ʁ a χ i m
לשווא	l i ʃ v a
לשמה	l i ʃ m a
מאט	m a a t
מחצי	m a χ t͡s i
מלשון	m a l ʃ o n
ממקורות	m a m k o ʁ u t
ניגוד	n i ɡ u d
נשמעו	n i ʃ m a u
נשמר	n i ʃ m a ʁ
נתפסו	n i t p a s u
ספירת	s f i ʁ e t
עלילת	a l i l e t
ערביים	a ʁ b a j i m
פולני	p o l a n i
צינורות	t͡s i n u ʁ u t
קרדיט	k a ʁ d i t
שהה	ʃ a h a
שישים	ʃ i ʃ i m
שכולו	ʃ χ u l u
שניתנו	ʃ n i t a n u
ששה	ʃ a ʃ a
תהילים	t e h i l i m
תחשבי	t a χ ʃ a v i
go	ɡ o
אבטחת	a v t a χ a t
אביטל	a v i t e l
אונים	o n i m
בהפועל	b e h a f u a l
בחנויות	b a χ n u j u t
ביחידה	b i χ i d a
בישיבות	b i ʃ i v u t
בפיגוע	b e f i ɡ u a
בקי	b a k i
בריחה	b ʁ i χ a
בשאלת	b i ʃ a l e t
בשיטות	b e ʃ i t u t
בשירים	b e ʃ i ʁ i m
בשפע	b i ʃ p a
גדות	ɡ a d u t
גולד	ɡ o l a d
גופות	ɡ o f u t
גיבוש	ɡ i b u ʃ
האמריקנים	h e e m ʁ i k a n i m
הבחנה	h i v χ a n a
הבסיסית	h i b s i s i t
הגיונית	h i ɡ j o n i t
הדגיש	h i d ɡ i ʃ
הדק	h a d a k
החסד	h i χ s e d
הטבח	h i t b e a χ
המהדורה	h i m a d u ʁ a
המלאך	h i m l a χ
המלווה	h i m l a v a
הנשיאה	h i n ʃ i a
הסבל	h i s b e l
הסערה	h i s a ʁ a
הספרייה	h i s p ʁ i j a
העדים	e e d i m
העימות	h e i m u t
הציגה	h i t͡s i ɡ a
הציון	h i t͡s j o n
הצרות	h i t͡s ʁ u t
הקדמה	h i k d e m a
הרף	h a ʁ a f
השליט	h i ʃ l i t
התאומים	h i t o m i m
התעמולה	h i t a m u l a
וארבעה	v a ʁ b a a
וחשבון	v a χ ʃ a v o n
חבילות	χ a v i l u t
טז	t a z
יושבי	j o ʃ e v i
יז	j a z
כחלון	k a χ l o n
לד	l a d
לוסי	l o s i
לחצר	l a χ t͡s a ʁ
ליאו	l i u
לכנס	l i χ n e s
לקרן	l a k ʁ a n
לתחרות	l i t χ a ʁ u t
לתנועת	l i t n u a t
מטפלים	m i t p a l i m
מיזוג	m i z u ɡ
מיין	m a j a n
מעידים	m e i d i m
מפסיד	m a f s i d
מצע	m a t͡s a
משחרר	m i ʃ χ a ʁ a ʁ
משקיעים	m i ʃ k i i m
משתלם	m i ʃ t a l a m
מתבצע	m i t b a t͡s a
סטודיו	s t u d j u
סמלי	s a m l i
עדינה	a d i n a
עו	o
עוצרים	o t͡s a ʁ i m
עפרה	a f ʁ a
עקרונית	a k ʁ o n i t
ציפיות	t͡s i p j u t
קללה	k a l a l a
קריטי	k ʁ i t i
רווחים	ʁ a v a χ i m
רנה	ʁ a n a
שגיאות	ʃ ɡ i u t
שולטים	ʃ u l t i m
שוקל	ʃ o k e l
שותים	ʃ o t i m
שפל	ʃ a f a l
שרואים	ʃ a ʁ u i m
תיאום	t i u m
תיקח	t i k e a χ
אלמלא	a l m a l a
אלתרמן	a l t a ʁ m a n
אמילי	a m i l i
בארבעה	b e a ʁ b a a
בבא	b a v a
בגינה	b a ɡ i n a
בחלון	b a χ l o n
בישוב	b i ʃ u v
בכירה	b e χ i ʁ a
בליווי	b a l i v i
בלימודי	b l i m u d i
בקרן	b a k ʁ a n
ברבי	b a ʁ b i
ברבע	b a ʁ b a
ברל	b a ʁ a l
גבו	ɡ a v u
דיל	d i l
דמשק	d i m ʃ e k
האליפות	h e e l i f u t
הדגם	h i d ɡ e m
הובילו	h o v i l u
הוצאו	h o t͡s a u
הזכרון	h i z k a ʁ o n
הטרדה	h i t ʁ a d a
היפות	h i p u t
הכספי	h i χ s a f i
המהירה	h i m h i ʁ a
המלחמות	h i m l a χ m u t
המניע	h i m n i a
המשאבים	h i m ʃ a v i m
הנני	h i n a n i
הסינים	h i s i n i m
העשירי	e e ʃ i ʁ i
העתיקות	h e e t i k u t
הפסידה	h i f s i d a
הצלת	h i t͡s l e t
הרגילים	h i ʁ ɡ i l i m
השמירה	h i ʃ m i ʁ a
השתנו	h i ʃ t a n u
התקפות	h i t k a f u t
זרק	z a ʁ a k
חידושים	χ i d u ʃ i m
חיסון	χ i s o n
חללים	χ a l a l i m
חלף	χ a l a f
חרס	χ a ʁ a s
חתך	χ a t a χ
יוקרה	j o k a ʁ a
יט	j a t
כהלכה	k a h a l χ a
כימיה	k i m j a
לאיחוד	l e i χ u d
להב	l a h a v
להציב	l e h a t͡s i v
להתאבד	l e h i t a v e d
לחלון	l a χ l o n
לישיבה	l i ʃ i v a
למערב	l i m a ʁ e v
לנתח	l i n t e a χ
מגדלי	m a ɡ d a l i
מדם	m a d a m
מוניטין	m o n i t i n
מורשה	m o ʁ ʃ a
מזכירות	m i z k i ʁ u t
מחליטה	m a χ l i t a
מירב	m i ʁ e v
ממאה	m a m a
מסי	m a s i
מספקים	m i s p a k i m
מרבה	m a ʁ b a
מרשימה	m a ʁ ʃ i m a
מתקרבת	m i t k a ʁ b e t
נקבעו	n i k b a u
סיגריה	s i ɡ ʁ i j a
סיפוק	s i p u k
סמואל	s a m u e l
עזים	a z i m
עליות	a l j u t
פורד	p o ʁ e d
צמחי	t͡s a m χ i
קתרין	k a t ʁ i n
רומז	ʁ o m e z
שח	ʃ a χ
שידעו	ʃ i d a u
שינויי	ʃ i n u j
שיפוץ	ʃ i p u t͡s
שמלות	ʃ i m l u t
תינוקת	t i n u k e t
תשמעו	t i ʃ m a u
we	w e
אודי	o d i
אורנה	o ʁ a n a
איטית	i t i t
אלימה	a l i m a
אסורים	a s u ʁ i m
אקספרס	a k s p a ʁ a s
באישור	b e i ʃ u ʁ
בוני	b o n i
בחוג	b a χ u ɡ
בקבר	b a k b a ʁ
ברברה	b a ʁ b a ʁ a
גסה	ɡ a s a
דרומית	d ʁ u m i t
דרשה	d a ʁ ʃ a
האיכות	h e i χ u t
האן	h a a n
הגולה	h i ɡ u l a
הדלתות	h i d l a t u t
ההיפך	h e h i p e χ
המגע	h i m ɡ a
המדינית	h i m d i n i t
העשוי	e e ʃ u j
הפסטיבל	h i f s t i v e l
הקדמי	h i k d e m i
הקיימות	h i k j a m u t
הקלאסית	h i k l a s i t
הרעה	h a ʁ a
השישים	h i ʃ i ʃ i m
וועדת	w a d e t
וטען	v a t a n
חינוכי	χ i n u χ i
חלקן	χ a l a k a n
חשמליים	χ a ʃ m a l a j i m
טיולים	t i j u l i m
לבדיקת	l i v d i k e t
לבלתי	l i v l a t i
לוקאס	l o k a s
לחות	l a χ u t
לשטוף	l i ʃ t u f
לשפוך	l i ʃ p u χ
לתא	l a t a
מחלקים	m a χ l a k i m
מילת	m i l e t
ממתקים	m a m t a k i m
מענין	m a a n i n
מעשן	m a a ʃ a n
מק	m a k
מקשיב	m a k ʃ i v
מתקפה	m i t k a f a
נלמד	n i l m e d
נשאל	n i ʃ a l
סיעת	s i a t
סקי	s a k i
עוררה	o ʁ a ʁ a
עיניך	i n i χ
ערד	a ʁ a d
פגעו	p a ɡ a u
פנימיות	p n i m j u t
פסקה	p a s a k a
צפונית	t͡s a f o n i t
קדש	k a d a ʃ
קודמת	k o d e m e t
קייט	k a j a t
רגועה	ʁ a ɡ u a
ריקים	ʁ i k i m
שחזור	ʃ a χ z u ʁ
שחסר	ʃ a χ s a ʁ
שתרצה	ʃ i t ʁ a t͡s a
תג	t a ɡ
תודות	t o d u t
תזכיר	t i z k i ʁ
תרומת	t ʁ u m e t
תשלם	t i ʃ l e m
time	t i m e
אבישי	a v i ʃ i
אנ	a n
בדיחות	b e d i χ u t
בהגנה	b e h a ɡ a n a
במוסקבה	b e m u s k a v a
ברקוביץ	b a ʁ k o v i t͡s
בשדרות	b i ʃ d a ʁ u t
בשטחי	b i ʃ t a χ i
גילי	ɡ i l i
דובי	d o v i
דיאטה	d i a t a
דרמטית	d a ʁ m a t i t
האדומה	h e e d u m a
האזורים	h e e z o ʁ i m
הבחין	h i v χ i n
הבריחה	h i v ʁ i χ a
הובילה	h o v i l a
הוזמן	h o z m a n
הולמס	h o l m e s
הולמת	h o l e m e t
הונאה	h o n a
הזמנות	h i z m a n u t
החטא	h a χ t a
היווני	h i v a n i
הכעס	h i χ a s
המשאית	h i m ʃ a i t
המתמחה	h i m t a m χ a
הסכמת	h i s k e m e t
העוף	h e u f
הצילו	h i t͡s i l u
השפתיים	h i ʃ p a t a j i m
והאמת	v e h e m e t
ומאוד	v i m o d
חדל	χ a d a l
חוקיות	χ o k j u t
חורים	χ o ʁ i m
חיפש	χ i p e ʃ
חרות	χ a ʁ u t
חתיכות	χ a t i χ u t
חתמה	χ a t a m a
טורניר	t o ʁ n i ʁ
טסה	t a s a
יהב	j a h a v
יוחאי	j o χ a j
יונים	j o n i m
יעזוב	j a a z u v
לחמש	l a χ m a ʃ
לידיו	l i d j u
לידיעת	l i d i a t
לצערנו	l i t͡s a ʁ a n u
לרשויות	l a ʁ ʃ u j u t
לשמוח	l i ʃ m u a χ
לתחנה	l i t χ a n a
מגבלות	m a ɡ v a l u t
מגוונים	m a ɡ v a n i m
מזמינה	m i z m i n a
מכשולים	m a χ ʃ u l i m
מלאת	m a l a t
מסייעת	m a s j a a t
מספיקה	m a s p i k a
מתמחה	m i t m a χ a
נאם	n a a m
נפרדות	n i f ʁ a d u t
נתראה	n i t ʁ a
סופיה	s o f j a
סיפון	s i f o n
סלח	s a l a χ
עוול	a v a l
עולי	o l i
עמיחי	a m i χ i
פורה	p o ʁ a
פלאש	p a l a ʃ
פתק	p a t a k
צפיות	t͡s a f j u t
קורע	k o ʁ a
קלף	k a l a f
רה	ʁ a
שבסוף	ʃ a v s u f
שנהרג	ʃ i n h a ʁ e ɡ
שתים	ʃ a t i m
תבל	t a v a l
תובע	t o v a
תווים	t a v i m
תלכי	t a l k i
אבחנה	a v χ a n a
אודה	o d a
אווה	a v a
אומה	o m a
אמהות	a m h u t
אנתוני	a n t o n i
אשאר	a ʃ a ʁ
בודאי	b o d a j
בחשאי	b a χ ʃ a j
בלבול	b a l b u l
בנוכחות	b e n u χ a χ u t
בסקר	b a s k a ʁ
בשבע	b i ʃ b a
בשמונה	b i ʃ m o n a
בשש	b a ʃ a ʃ
גובר	ɡ o v a ʁ
גלם	ɡ a l a m
דיק	d i k
דע	d a
האבטלה	h e e v t e l a
האחורית	h e e χ o ʁ i t
הוריד	h o ʁ i d
היוונים	h i v a n i m
היותם	h i j u t e m
הכבישים	h i χ b i ʃ i m
הנמצאת	h i n m a t͡s a t
הסמוכים	h i s m u χ i m
הקומה	h i k u m a
הקרה	h i k ʁ a
הרחם	h i ʁ χ e m
השכבה	h i ʃ k a v a
השרת	h i ʃ ʁ e t
וחד	v a χ a d
ויכולת	v i χ u l e t
זיהה	z i h a
חדד	χ a d a d
חילונית	χ i l o n i t
יוסיף	j o s i f
יענה	j a a n a
כא	k a
כימיקלים	k i m i k l i m
לבחינת	l i v χ i n e t
לבמה	l a v a m a
להלכה	l a h a l χ a
לורנס	l o ʁ n e s
לינה	l i n a
לשמירה	l i ʃ m i ʁ a
מורגן	m o ʁ ɡ a n
מותם	m o t e m
מיקרוסופט	m i k ʁ o s o f t
מיתר	m i t e ʁ
מקשה	m a k ʃ a
מרכזים	m a ʁ k a z i m
נואש	n o a ʃ
נפסק	n i f s e k
סבב	s a v a v
סגר	s a ɡ a ʁ
סיפורה	s i p u ʁ a
פגעה	p a ɡ a
פורש	p o ʁ e ʃ
פילוסופיה	p i l o s o f j a
פשוטות	p ʃ u t u t
קובעים	k o v a i m
רוסים	ʁ o s i m
שהזמן	ʃ a h a z m a n
שהקים	ʃ a h a k i m
שוליים	ʃ u l a j i m
שופטי	ʃ o f t i
שטוב	ʃ a t u v
שיצר	ʃ i t͡s e ʁ
שממש	ʃ i m m e ʃ
תו	t o
תחקיר	t a χ k i ʁ
תמצית	t a m t͡s i t
al	a l
man	m a n
nba	n b a
what	w a t
אבר	a v a ʁ
אופייני	o f j a n i
אליוט	a l j u t
אקנה	a k a n a
בהרים	b e h a ʁ i m
בוצעו	b o t͡s a u
בורג	b o ʁ e ɡ
בחריפות	b a χ ʁ i f u t
בינם	b i n e m
בלט	b a l a t
ברם	b a ʁ a m
בשלבי	b i ʃ l a v i
גארי	ɡ a a ʁ i
גולף	ɡ o l e f
גורן	ɡ o ʁ a n
גיליון	ɡ i l j o n
גינה	ɡ i n a
גלילי	ɡ l i l i
דיגיטלית	d i ɡ i t a l i t
דכתיב	d e χ t i v
האיראני	h e i ʁ a n i
האריס	h e e ʁ i s
הבקרה	h i v k a ʁ a
הגם	h a ɡ a m
ההיגיון	h e h i ɡ j o n
הוצאתי	h o t͡s a t i
החפץ	h i χ p e t͡s
היוו	h i v
הימורים	h i m u ʁ i m
הכביסה	h i χ b i s a
הכתובה	h i χ t u v a
המחוקק	h i m χ o k e k
המכונות	h i m k o n u t
המסיבה	h i m s i v a
הנאמנות	h i n a m a n u t
הניהול	h i n j a h u l
הנעשה	h i n a ʃ a
הנשי	h i n ʃ i
העמודים	e e m u d i m
הרגש	h i ʁ ɡ e ʃ
התינוקות	h i t j a n u k u t
התשעים	h i t ʃ a i m
זי	z i
זרימת	z a ʁ i m e t
חופי	χ o f i
חיבה	χ i v a
חיית	χ a j a t
חפים	χ a f i m
חריגה	χ a ʁ i ɡ a
טרף	t a ʁ a f
כינה	k i n a
לבחירת	l i v χ i ʁ e t
לעבודת	l e a v u d e t
לעקוף	l a a k u f
לקביעת	l i k b i a t
מגמות	m a ɡ m u t
מדומה	m a d u m a
מהירים	m e h i ʁ i m
ממ	m a m
מספרם	m i s p a ʁ a m
מסתובבים	m i s t o v e v i m
מקסימום	m a k s i m u m
מרכזיות	m a ʁ k a z j u t
משרתים	m i ʃ ʁ a t i m
משתדל	m i ʃ t a d e l
נבנתה	n i v n a t a
נוסד	n o s e d
נורית	n o ʁ i t
עילה	i l a
עלמין	a l m i n
עקרוני	a k ʁ o n i
צביקה	t͡s a v i k a
צדוק	t͡s a d u k
ציפי	t͡s i p i
קבלן	k a v l a n
קיבוצים	k i b u t͡s i m
רומנטית	ʁ o m a n t i t
ריד	ʁ i d
רצוף	ʁ a t͡s u f
שבנה	ʃ a v a n a
שבתאי	ʃ a v t a j
שגרתי	ʃ a ɡ ʁ a t i
שמיעה	ʃ m i a
שמצאתי	ʃ i m t͡s a t i
שנבנה	ʃ i n b a n a
שנגרם	ʃ i n ɡ ʁ a m
שנדרש	ʃ i n d a ʁ e ʃ
שתיתי	ʃ a t i t i
תדאגי	t a d a ɡ i
תורתו	t o ʁ t o
תחזית	t a χ z i t
תשאלי	t i ʃ a l i
אביהם	a v j a m
אוהדי	o h a d i
איזשהו	i z ʃ a h u
אנדרסון	a n d a ʁ s o n
בונוס	b o n o s
בלוק	b a l u k
במושבה	b e m u ʃ a v a
בעץ	b a a t͡s
דורי	d o ʁ i
דימוי	d i m u j
דרבי	d a ʁ b i
הבקר	h i v k e ʁ
הגאווה	h i ɡ a v a
הגלות	h i ɡ l u t
הדבש	h i d b e ʃ
הורוביץ	h o ʁ o v i t͡s
הזקנה	h i z k a n a
המגזין	h i m ɡ a z i n
המחבל	h i m χ a v e l
המתנות	h i m t a n u t
הסיר	h i s i ʁ
הערביים	e e ʁ b a j i m
הציורים	h i t͡s j o ʁ i m
הציפורים	h i t͡s i p o ʁ i m
הצליל	h i t͡s l i l
הרגעים	h i ʁ ɡ a i m
הרמן	h a ʁ m a n
השלבים	h i ʃ l a v i m
השנתית	h i ʃ n a t i t
התה	h i t a
התנהל	h i t n a h e l
וחזק	v a χ z a k
ומ	v a m
וקל	v a k a l
זעיר	z a i ʁ
חכו	χ a χ u
יגדל	j a ɡ d e l
יוטיוב	j o t j o v
יצירתי	j e t͡s i ʁ t i
כחולים	k a χ u l i m
כתום	k a t u m
לגבש	l i ɡ b e ʃ
ליבוביץ	l i b u v i t͡s
ליי	l a j
לכסף	l i χ s e f
לשהות	l i ʃ h u t
מא	m a
מאהבה	m e a h a v a
מאתר	m e a t e ʁ
מדים	m a d i m
מהתקופה	m e h i t k o f a
מודאג	m o d a ɡ
מונעת	m o n a a t
מחסן	m a χ s a n
מסגרות	m i s ɡ a ʁ u t
מרתון	m a ʁ t o n
מתחרים	m i t χ a ʁ i m
נברא	n i v ʁ a
נגדה	n i ɡ d a
נדרשים	n i d ʁ a ʃ i m
נחשים	n a χ ʃ i m
נטילת	n i t i l e t
נידון	n i d o n
נפלאות	n i f l a u t
נקבעה	n i k b a a
סוגר	s o ɡ e ʁ
סופרמן	s o f ʁ a m a n
סטנלי	s t a n l i
עוקבת	o k e v e t
עיירה	i j a ʁ a
עימו	i m u
עליתי	a l i t i
ענו	a n u
ענפים	a n a f i m
פור	p o ʁ
קטיף	k a t i f
קציני	k a t͡s i n i
רכשה	ʁ a χ ʃ a
רעידת	ʁ a i d e t
רשמה	ʁ a ʃ m a
שהגענו	ʃ a h a ɡ a n u
שממנה	ʃ i m m a n a
שנשלח	ʃ i n ʃ a l a χ
שרואה	ʃ a ʁ u a
תאר	t a a ʁ
תרגיש	t a ʁ ɡ i ʃ
as	a s
אבין	a v i n
אגודה	a ɡ u d a
אוהבות	o h a v u t
איפשר	i p ʃ e ʁ
אכזבה	a χ z a v a
בטל	b a t a l
ביצועים	b i t͡s u i m
בסלע	b a s l a
בפינת	b e f i n e t
בשיח	b e ʃ i a χ
גפני	ɡ a f a n i
דוגמנית	d o ɡ m a n i t
דנים	d a n i m
דרושה	d ʁ u ʃ a
האנגלים	h e e n ɡ e l i m
הבטיחות	h i v t i χ u t
הגילוי	h i ɡ i l u j
הגרון	h i ɡ ʁ o n
הדוח	h a d u a χ
הזכר	h i z k e ʁ
היצירות	h i t͡s i ʁ u t
הכסא	h i χ s a
המגיעים	h i m ɡ i i m
המיון	h i m j o n
הנאמנים	h i n a m a n i m
הנדל	h i n d e l
הנחיתה	h i n χ i t a
הספרותית	h i s p a ʁ u t i t
הפסידו	h i f s i d u
הפצת	h i f t͡s e t
הצלם	h i t͡s l e m
הקימה	h i k i m a
הקצינים	h i k t͡s i n i m
התרומה	h i t ʁ u m a
וחלילה	v a χ l i l a
וישר	v i ʃ e ʁ
ומתחיל	v i m t χ i l
ושימוש	v e ʃ i m u ʃ
ותקשורת	v i t k a ʃ o ʁ e t
חבריי	χ a v ʁ a j
חלופי	χ a l u f i
חריגים	χ a ʁ i ɡ i m
חתיך	χ a t i χ
טדי	t a d i
ילידי	j a l i d i
ילין	j a l i n
יעמדו	j a a m d u
כלליות	k a l a l j u t
כנסו	k a n a s u
כעל	k a a l
כשרה	k a ʃ a ʁ a
לארבע	l e a ʁ b a
להוצאת	l e h u t͡s a t
לולא	l o l a
לנדאו	l i n d a u
לתוקף	l a t u k e f
מונים	m o n i m
מחמוד	m a χ m u d
מט	m a t
מכילים	m e χ i l i m
מנהרות	m i n h a ʁ u t
מסחרית	m a s χ a ʁ i t
מקצה	m a k t͡s a
נהרות	n a h a ʁ u t
ניצבים	n i t͡s a v i m
נתנאל	n i t n a e l
סדרתי	s a d ʁ a t i
סולו	s o l o
סניפים	s n i f i m
ספסל	s a f s a l
עבריים	a v ʁ a j i m
עתידים	a t i d i m
פגיעות	p a ɡ i u t
פערים	p a a ʁ i m
פרווה	p a ʁ v a
ציפורי	t͡s i p u ʁ i
קיין	k a j a n
קריסטל	k ʁ i s t e l
רהיטים	ʁ a h i t i m
רחבים	ʁ a χ a v i m
ריקודים	ʁ i k u d i m
שהתקיימה	ʃ e h i t k a j i m a
שיראה	ʃ i ʁ a
שלומית	ʃ l u m i t
שליליות	ʃ l i l j u t
שמצא	ʃ i m t͡s a
שנועדה	ʃ n u a d a
תוביל	t o v i l
תחתון	t a χ t o n
תיכנס	t i χ n e s
am	a m
אבודים	a v u d i m
אגרות	a ɡ ʁ u t
אושרה	o ʃ a ʁ a
אלנבי	a l a n b i
ארוחות	a ʁ u χ u t
ארצו	a ʁ a t͡s u
בביטחון	b e v i t a χ o n
בהרי	b e h a ʁ i
בון	b o n
בוס	b o s
בחלקים	b a χ l a k i m
בחן	b a χ a n
בכיתות	b e χ i t u t
בלאק	b a l a k
במודיעין	b e m u d i i n
גרג	ɡ a ʁ a ɡ
האולימפי	h e o l i m p i
הבעת	h i v a t
הגלים	h i ɡ l i m
ההישגים	h e h i ʃ e ɡ i m
הזכרת	h i z k a ʁ e t
הזמינו	h i z m i n u
הישיר	h i ʃ i ʁ
הכהנים	h i χ h a n i m
הלמידה	h i l m i d a
המאגר	h i m a ɡ e ʁ
המאוחרת	h i m o χ a ʁ e t
המפגינים	h i m p a ɡ i n i m
המצאת	h i m t͡s a t
המקיף	h i m k i f
הנבואה	h i n b u a
הניו	h i n j u
העגלה	e e ɡ l a
הפשוטה	h i f ʃ u t a
הקופה	h i k u f a
השכונות	h i ʃ k o n u t
התעוררתי	h i t o ʁ a ʁ t i
התקנה	h i t k a n a
ומכיוון	v i m k i v e n
וקיים	v a k a j i m
ושמחה	v i ʃ m a χ a
חוליות	χ o l j u t
חילוף	χ i l u f
חלשים	χ a l a ʃ i m
טינה	t i n a
טיפולים	t i p u l i m
ידיעת	j a d i a t
יורים	j o ʁ i m
ירגיש	j a ʁ ɡ i ʃ
ירמיהו	j a ʁ m i h u
כילד	k i l e d
כמאה	k a m a
לאיכות	l e i χ u t
לדרגת	l i d ʁ e ɡ e t
להיכנע	l e h i χ n a
להשמיע	l e h i ʃ m i a
למעבר	l i m a v e ʁ
למעצר	l i m a t͡s e ʁ
לרמוז	l a ʁ m u z
לשנוא	l i ʃ n u
לשנתיים	l i ʃ n a t a j i m
מותג	m o t e ɡ
מחקרי	m a χ k a ʁ i
מש	m a ʃ
משתף	m i ʃ t e f
מתנהגים	m i t n a h a ɡ i m
נבל	n a v a l
נבעה	n i v a
נמנו	n i m n u
נסעה	n i s a
סיד	s i d
סירבה	s i ʁ b a
עבאס	a v a s
עצמאיים	a t͡s m a j i m
צעירי	t͡s e i ʁ i
קופה	k o f a
קצוות	k a t͡s v a t
קרבה	k a ʁ b a
ראי	ʁ a i
ריטה	ʁ i t a
ריקות	ʁ i k u t
רשומות	ʁ e ʃ u m u t
רשומים	ʁ e ʃ u m i m
שבנו	ʃ a v a n u
שבתוך	ʃ a v t u χ
שהו	ʃ a h u
שלד	ʃ a l a d
שסיים	ʃ a s a j i m
שפר	ʃ a f a ʁ
שרידים	ʃ ʁ i d i m
שרית	ʃ a ʁ i t
תהנה	t a h a n a
תחמושת	t a χ m u ʃ e t
תשב	t a ʃ a v
אבטלה	a v t a l a
אדני	a d a n i
אדריכלות	a d ʁ i χ l u t
איתור	i t u ʁ
אמריקנים	a m ʁ i k a n i m
ארנון	a ʁ n o n
אשכנזים	a ʃ χ a n z i m
בגופו	b a ɡ u f u
בוז	b u z
בוטל	b o t e l
בחילה	b e χ i l a
במימון	b e m i m o n
בריאיון	b ʁ i j o n
בריצה	b ʁ i t͡s a
בתביעה	b i t b i a
גרר	ɡ a ʁ a ʁ
דיאנה	d i a n a
דנו	d a n u
דרגה	d a ʁ a ɡ a
האבל	h e e v e l
הבחינות	h i v χ i n u t
המחקרים	h i m χ a k a ʁ i m
המטפל	h i m t a p e l
המלאכים	h i m l a χ i m
המקביל	h i m k a v i l
הסכין	h i s k i n
הספרותי	h i s p a ʁ u t i
העממי	e e m e m i
העתירה	e e t i ʁ a
הפשרה	h i f ʃ a ʁ a
הצריכה	h i t͡s ʁ i χ a
הקלות	h i k l u t
הרבנית	h i ʁ b a n i t
הריבית	h a ʁ i v i t
הרץ	h a ʁ a t͡s
השמונה	h i ʃ m o n a
ויהודים	v i h u d i m
ולבן	v a l b a n
וממש	v i m m e ʃ
ומעט	v i m a t
ורע	v a ʁ a
ושמונה	v i ʃ m o n a
חיפשו	χ i p ʃ u
חנניה	χ a n a n j a
חשמלית	χ a ʃ m a l i t
חשפה	χ a ʃ p a
טרוריסטים	t ʁ o ʁ i s t i m
יוביל	j o v i l
יוסטון	j o s t o n
ימני	j a m a n i
יעדים	j a a d i m
כומר	k o m e ʁ
כחולה	k a χ u l a
כרוכה	k ʁ u χ a
לארבעה	l e a ʁ b a a
לדורות	l a d u ʁ u t
להתחשב	l e h i t χ a ʃ e v
להתייצב	l e h i t j a t͡s e v
לטבע	l i t b a
לידיה	l i d j a
ליחידה	l i χ i d a
לעצמאות	l e a t͡s m a u t
לצעירים	l i t͡s i ʁ i m
לקחנו	l i k χ a n u
לרשימה	l a ʁ ʃ i m a
לתפקד	l i t p e k e d
מדידה	m a d i d a
מדף	m a d a f
מחליפים	m a χ l i f i m
ממס	m a m a s
ממתינים	m a m t i n i m
מצר	m a t͡s a ʁ
משווה	m i ʃ v a
משמעי	m i ʃ m a i
מתחילות	m i t χ i l u t
מתמקד	m i t m a k e d
נדון	n a d o n
נכללו	n i χ l a l u
נרחבים	n i ʁ χ a v i m
נשאו	n i ʃ a u
סוהר	s o a ʁ
סותר	s o t e ʁ
סטון	s a t o n
עדנה	a d a n a
עמר	a m a ʁ
עתירה	a t i ʁ a
פג	p a ɡ
פוסטר	p o s t e ʁ
פיזור	p i z u ʁ
פינות	p i n u t
פרד	p a ʁ a d
צריכת	t͡s ʁ i χ e t
קופות	k o f u t
קלאב	k a l a v
קמו	k a m u
רכיבה	ʁ e χ i v a
שדי	ʃ a d i
שופטת	ʃ o f t e t
שירצה	ʃ i ʁ t͡s a
שרצו	ʃ a ʁ a t͡s u
תקינה	t k i n a
תקראי	t a k ʁ a j
אביבי	a v i v i
אדומות	a d u m u t
אדלר	a d l a ʁ
אוהדים	o h a d i m
אלפרד	a l p a ʁ a d
אקראי	a k ʁ a j
אריות	a ʁ j u t
באווירה	b e a v i ʁ a
בחקר	b a χ k a ʁ
בטי	b a t i
בינונית	b i n o n i t
בכירי	b e χ i ʁ i
בפילוסופיה	b e f i l o s o f j a
גולדמן	ɡ o l d a m a n
גולני	ɡ o l a n i
גלבוע	ɡ a l b u a
הבטחות	h i v t a χ u t
הבטחתי	h i v t a χ t i
הדגש	h i d ɡ e ʃ
הדרישות	h i d ʁ i ʃ u t
הורד	h o ʁ e d
הטבות	h i t b u t
המבקש	h i m b e k e ʃ
המתיחות	h i m t i χ u t
הנטייה	h i n t i j a
הנקבה	h i n k a v a
הקצרה	h i k t͡s a ʁ a
השוער	h i ʃ u a ʁ
השילוב	h i ʃ i l u v
השריפה	h i ʃ ʁ i f a
השרירים	h i ʃ ʁ i ʁ i m
התהילה	h i t h i l a
התועלת	h i t u a l e t
התשוקה	h i t ʃ u k a
התשתית	h i t ʃ a t i t
ודוד	v a d u d
וחברים	v a χ b a ʁ i m
וחמישה	v a χ m i ʃ a
זזה	z a z a
זנב	z a n a v
חגיגית	χ a ɡ i ɡ i t
חוששת	χ o ʃ e ʃ e t
חשיבותה	χ a ʃ i v u t a
יידיש	j i d i ʃ
ישובים	j e ʃ u v i m
כג	k a ɡ
להאזין	l e h a z i n
להגדלת	l e h i ɡ d e l e t
להירדם	l e h i ʁ d e m
להסתיים	l e h i s t a j i m
להתיישבות	l e h i t j a ʃ e v u t
לזיהוי	l i z j a h u j
לנבחרת	l i n b a χ a ʁ e t
לע	l a
מוערך	m o a ʁ a χ
מלאכותי	m a l a χ u t i
מלה	m a l a
מסלולי	m a s l u l i
מקלות	m a k l u t
משלושה	m i ʃ l u ʃ a
משפיעים	m i ʃ p i i m
משקפי	m i ʃ k a f i
מתגורר	m i t ɡ o ʁ e ʁ
נהנו	n a h a n u
נוקשה	n o k ʃ a
נוראה	n o ʁ a
נורמלית	n o ʁ m a l i t
נחשון	n a χ ʃ o n
נישאר	n i ʃ a ʁ
נלהב	n i l h a v
נתגלו	n i t ɡ a l u
סגנונות	s a ɡ n o n u t
סומכים	s o m χ i m
סוער	s o a ʁ
סירות	s i ʁ u t
עלולות	a l u l u t
עמרם	a m ʁ a m
פונקציה	p o n k a t͡s j a
פורסמה	p o ʁ s e m a
פלוני	p a l o n i
פנויה	p n u j a
קורת	k o ʁ e t
קיסריה	k i s ʁ i j a
קליטת	k l i t e t
קשישים	k ʃ i ʃ i m
רינה	ʁ i n a
שבאים	ʃ a v a i m
שיפוט	ʃ i p u t
שלמדתי	ʃ a l m a d t i
שמונים	ʃ a m u n i m
שתינו	ʃ a t i n u
big	b i ɡ
home	h o m e
אמורות	a m u ʁ u t
אמירת	a m i ʁ e t
אמשיך	a m ʃ i χ
בביטוי	b e v i t u j
בביקור	b e v i k o ʁ
בהתבסס	b e h i t b e s e s
בחלב	b a χ l a v
בילה	b i l a
בלק	b a l a k
בם	b a m
במירוץ	b e m i ʁ u t͡s
בקש	b a k a ʃ
בראד	b a ʁ a d
בתפילה	b i t f i l a
גונב	ɡ o n e v
גלות	ɡ a l u t
דהן	d a h a n
דייב	d a j a v
דילן	d i l e n
האמנה	h e e m a n a
הדרקון	h i d ʁ a k o n
ההודעות	h e h u d a u t
הוק	h o k
היומית	h i j u m i t
היצורים	h i t͡s u ʁ i m
המדד	h i m d e d
המדרכה	h i m d a ʁ χ a
המחיה	h i m χ i j a
המלכותי	h i m l a χ u t i
הספיקה	h i s p i k a
הצידה	h i t͡s i d a
הצעדים	h i t͡s a d i m
הקדומים	h i k d u m i m
הקיבוצית	h i k i b u t͡s i t
השיווק	h i ʃ i v e k
השפל	h i ʃ p e l
התהליכים	h i t h a l i χ i m
התובעת	h i t u b a a t
התכניות	h i t k a n j u t
ויתור	v i t u ʁ
ושלח	v i ʃ l a χ
ותו	v a t u
זיוף	z i j u f
זמינה	z a m i n a
חרוד	χ a ʁ u d
יזיק	j a z i k
ייכנס	j i χ n e s
יפול	j a f u l
ירק	j a ʁ a k
כלשהם	k a l a ʃ a m
לוועדה	l a v a d a
לוועדת	l a v a d e t
ליטל	l i t e l
לייחס	l a j a χ a s
לכנות	l i χ n u t
למוח	l a m u a χ
למין	l a m i n
לצדדים	l i t͡s d a d i m
מדווחים	m a d v a χ i m
מהרגיל	m e a ʁ ɡ i l
מזהים	m i z h i m
מצדו	m a t͡s d u
מקבילה	m a k b i l a
מרגיע	m a ʁ ɡ i a
ניצחונות	n i t͡s χ o n u t
נכתבה	n i χ t a v a
נמרוד	n i m ʁ u d
נעם	n a a m
נצליח	n i t͡s l i a χ
סיכם	s i χ e m
סלים	s a l i m
עצרה	a t͡s a ʁ a
פרדי	p a ʁ d i
פרות	p a ʁ u t
רונית	ʁ o n i t
שאוהבים	ʃ e o h a v i m
שדים	ʃ a d i m
שהתרחש	ʃ e h i t ʁ a χ e ʃ
שטות	ʃ a t u t
שיווי	ʃ i v i
שיכולתי	ʃ i χ u l t i
שמנים	ʃ a m a n i m
שנפתח	ʃ i n p a t e a χ
שרירי	ʃ ʁ i ʁ i
תתחילו	t a t χ i l u
dna	d n a
do	d o
have	h a v e
אברמוביץ	a v ʁ a m u v i t͡s
אורלינס	o ʁ l i n s
אלימים	a l i m i m
אעלה	a a l a
אתכן	a t χ a n
באין	b a i n
בוועידת	b a v i d e t
בוץ	b u t͡s
ביץ	b i t͡s
בעט	b a a t
ברצון	b a ʁ a t͡s o n
ברצועה	b a ʁ t͡s u a
גופם	ɡ o f e m
גזית	ɡ a z i t
גירושין	ɡ i ʁ u ʃ i n
גלובס	ɡ l u v a s
האווירית	h e e v i ʁ i t
הבניינים	h i v n a j a n i m
הוצג	h o t͡s e ɡ
הושלמה	h o ʃ l a m a
הותיר	h o t i ʁ
הזמינה	h i z m i n a
החזקת	h i χ z e k e t
היכולות	h i χ u l u t
הכדורים	h i χ d u ʁ i m
הכיסוי	h i χ i s u j
הלבוש	h i l b u ʃ
הממוצעת	h i m m u t͡s a a t
המשפחתית	h i m ʃ p a χ t i t
העבירות	h e e v i ʁ u t
העלות	h e e l u t
הפסל	h i f s e l
הקבצים	h i k b a t͡s i m
השגחה	h i ʃ ɡ a χ a
השדים	h i ʃ d i m
השליחים	h i ʃ l i χ i m
התקרב	h i t k a ʁ e v
התרגיל	h i t ʁ a ɡ i l
ודם	v a d a m
והיתה	v e h i t a
וודקה	v a d a k a
וילסון	v i l s o n
ורציתי	v a ʁ t͡s i t i
ורשה	v a ʁ ʃ a
חגים	χ a ɡ i m
חיתוך	χ i t u χ
חליפות	χ a l i f u t
חמות	χ a m u t
חפירות	χ a f i ʁ u t
חקלאיים	χ a k l a j i m
טונה	t o n a
ידיך	j a d i χ
יוונית	j a v a n i t
כובש	k o v e ʃ
כשני	k a ʃ a n i
לאיתור	l e i t u ʁ
לגזור	l i ɡ z o ʁ
להעניש	l e h a n i ʃ
לחמם	l a χ m a m
לירידה	l i ʁ i d a
לכתב	l i χ t e v
לעידוד	l a i d u d
לעיירה	l a a j a ʁ a
לעץ	l a a t͡s
לרוח	l a ʁ u a χ
לתנאי	l i t n a j
לתקופות	l i t k o f u t
מגעים	m a ɡ i m
מוזכר	m u z k a ʁ
מיתוס	m i t u s
מכניסים	m a χ n i s i m
מסבירים	m a s b i ʁ i m
מסים	m a s i m
מקים	m a k i m
מרשם	m a ʁ ʃ a m
משדה	m i ʃ d a
מתבקש	m i t b a k e ʃ
מתקשרים	m i t k a ʃ a ʁ i m
נחשפו	n a χ ʃ a f u
ניסינו	n i s i n u
נכדו	n i χ d u
נעימות	n e i m u t
נפגעת	n i f ɡ a a t
נקראה	n i k ʁ a
נשרף	n i ʃ ʁ e f
סודה	s o d a
סלון	s a l o n
סמדר	s a m d a ʁ
עמרי	a m ʁ i
ענקי	a n k i
עשירי	a ʃ i ʁ i
עתידה	a t i d a
פגישת	p a ɡ i ʃ e t
פגשה	p a ɡ ʃ a
צבאיות	t͡s a v a j u t
צבר	t͡s a v a ʁ
קלמן	k a l m a n
קראנו	k a ʁ a n u
ריקי	ʁ i k i
שאתן	ʃ e a t e n
שהיהודים	ʃ e h i h u d i m
שלפחות	ʃ i l p a χ u t
שמכיר	ʃ i m k i ʁ
שנפטר	ʃ i n p a t e ʁ
שעלינו	ʃ a a l i n u
תדיר	t a d i ʁ
תדעו	t a d a u
תהילה	t e h i l a
תובעת	t o v a a t
תרצי	t a ʁ a t͡s i
el	e l
get	ɡ e t
hd	h a d e
אהובי	a h u v i
אנימציה	a n i m a t͡s j a
אסר	a s a ʁ
אשמים	a ʃ m i m
בלעדית	b a l a a d i t
בנידון	b e n i d o n
בקיום	b a k j u m
בריכות	b ʁ i χ u t
גמרתי	ɡ a m a ʁ t i
האימה	h e i m a
הגאה	h i ɡ a
הגודל	h i ɡ u d e l
הגמל	h i ɡ m e l
הדלקת	h i d l e k e t
ההישג	h e h i ʃ e ɡ
הוכיחה	h o χ i χ a
הוריהם	h o ʁ j a m
הזיהוי	h i z j a h u j
הכהונה	h i χ h o n a
הכנרת	h i χ n e ʁ e t
הכשרות	h i χ ʃ a ʁ u t
הלר	h a l a ʁ
המתנדבים	h i m t a n d e v i m
העצומה	e e t͡s u m a
העשרה	e e ʃ a ʁ a
הפסדים	h i f s e d i m
הפצועים	h i f t͡s u i m
הקטעים	h i k t a i m
הרבני	h i ʁ b a n i
השביל	h i ʃ b i l
השכבות	h i ʃ k a v u t
השכנה	h i ʃ k a n a
השפות	h i ʃ p u t
השפיעו	h i ʃ p i u
התעוררה	h i t o ʁ a ʁ a
התפרסם	h i t p a ʁ s e m
וליצור	v e l i t͡s o ʁ
זוז	z u z
זריז	z a ʁ i z
חאן	χ a a n
חיקוי	χ i k u j
חמישית	χ a m i ʃ i t
חשים	χ a ʃ i m
טיפולי	t i p u l i
יוגה	j o ɡ a
ייעשה	j i a ʃ a
כיסאות	k i s a u t
לבם	l a v a m
לבעלה	l i v a l a
להסדר	l e h a s d e ʁ
להסתתר	l e h i s t a t e ʁ
להעלים	l e h a l i m
להתיישב	l e h i t j a ʃ e v
להתקין	l e h i t k i n
ליאם	l i a m
ליתן	l i t e n
לכלבים	l i χ l a v i m
לסין	l a s i n
לקיחת	l e k i χ e t
מאחל	m e a χ a l
מבלה	m a v l a
מוניות	m o n j u t
מונעים	m o n a i m
ממד	m a m a d
ממקומות	m a m k o m u t
מסמכי	m a s m a χ i
מקבלות	m a k b a l u t
מרחם	m a ʁ χ a m
מתמודדת	m i t m u d e d e t
מתעסק	m i t a s e k
נבחן	n i v χ a n
נוגה	n o ɡ a
נופים	n o f i m
נושם	n o ʃ e m
נזכרים	n i z k a ʁ i m
נמנים	n i m n i m
נספח	n i s p a χ
נפרדו	n i f ʁ a d u
סינים	s i n i m
עונים	o n i m
עיניה	i n j a
עצומים	a t͡s u m i m
פולי	p o l i
פומבית	p o m b i t
פיגועים	p i ɡ u i m
פיסת	p i s e t
פיצול	p i t͡s u l
פסטה	p a s t a
צירים	t͡s i ʁ i m
קדומה	k a d u m a
קיש	k i ʃ
קעקוע	k a a k u a
קשיי	k a ʃ a j
רכשו	ʁ a χ ʃ u
שהבן	ʃ a h a v a n
שחלקם	ʃ a χ l a k a m
שיודעים	ʃ j o d a i m
שיווקי	ʃ i v k i
שיעלה	ʃ i a l a
שיקבל	ʃ i k b e l
שיראו	ʃ i ʁ a u
שתו	ʃ a t u
תקע	t a k a
תרזה	t a ʁ z a
תשכחי	t i ʃ k a χ i
die	d i
live	l i v e
us	u s
windows	w i n d o w s
אוכלוסיה	u χ l o s j a
אוכלוסיות	u χ l o s j u t
אורית	o ʁ i t
איכותיים	i χ u t a j i m
אממ	a m a m
אמנותית	a m n u t i t
באפשרות	b e a f ʃ a ʁ u t
בידיהם	b i d j a m
ביערות	b i a ʁ u t
בכוכב	b e χ u χ e v
במוזיקה	b e m u z i k a
בעיצומה	b e i t͡s u m a
בשבתות	b i ʃ b a t u t
גנטי	ɡ a n t i
דמה	d a m a
האפשרית	h e e f ʃ a ʁ i t
הבינוני	h i b i n o n i
הגשמים	h i ɡ ʃ e m i m
הוגשה	h o ɡ ʃ a
הוכרז	h o χ ʁ e z
הול	h o l
הולי	h o l i
הוספתי	h o s p a t i
הורביץ	h o ʁ b i t͡s
הורגים	h o ʁ ɡ i m
הורגת	h o ʁ e ɡ e t
הזהיר	h i z h i ʁ
הזולת	h i z u l e t
הזקנים	h i z k a n i m
הלהיט	h i l h i t
המחברת	h i m χ a v a ʁ e t
המחנות	h i m χ a n u t
המלים	h i m l i m
המעלה	h i m a l a
המשימות	h i m ʃ i m u t
הסבא	h i s b a
העליונים	e e l j o n i m
העתיקים	h e e t i k i m
הפתח	h i f t e a χ
הצבאיים	h i t͡s b a j i m
הצלחות	h i t͡s l a χ u t
הרצף	h i ʁ t͡s e f
הרשו	h a ʁ ʃ u
השכירות	h i ʃ k i ʁ u t
השלטת	h i ʃ l a t e t
השלימה	h i ʃ l i m a
וואן	w a n
וורד	v a ʁ a d
וידוע	v i d u a
ורוח	v a ʁ u a χ
ושירותים	v e ʃ i ʁ u t i m
זהבה	z a h a v a
חולף	χ o l e f
חפצי	χ a f a t͡s i
טורים	t o ʁ i m
טילי	t i l i
טמון	t a m o n
ידידו	j a d i d u
יודה	j o d a
יומית	j o m i t
ייראה	j i ʁ a
יקנה	j a k a n a
יתברר	j i t b a ʁ e ʁ
כמיטב	k a m i t e v
לבך	l a v a χ
לברכה	l i v ʁ a χ a
לגרסה	l i ɡ ʁ a s a
להגברת	l e h i ɡ v e ʁ e t
להזדהות	l e h i z d a h u t
להישמע	l e h i ʃ m a
להשכרה	l e h i ʃ k a ʁ a
להתגורר	l e h i t ɡ o ʁ e ʁ
להתפשט	l e h i t p e ʃ e t
ליעד	l i a d
לכלכלה	l i χ l a χ l a
למבחן	l i m b a χ a n
לר	l a ʁ
לשחקנים	l i ʃ χ a k a n i m
לשמירת	l i ʃ m i ʁ e t
לתוכן	l a t u χ a n
מוס	m o s
מחזק	m a χ z a k
מלווים	m a l v i m
מסה	m a s a
משגיח	m i ʃ ɡ i a χ
משגע	m i ʃ ɡ a
מתנגדי	m i t n a ɡ a d i
נגה	n a ɡ a
נמלים	n i m l i m
סה	s a
סורי	s o ʁ i
סירה	s i ʁ a
סמלים	s a m a l i m
עיניהם	i n j a m
עלויות	a l u j u t
עמותה	a m u t a
עצבנית	a t͡s b a n i t
פוטבול	p o t b u l
פלד	p a l a d
פסים	p a s i m
פריחה	p ʁ i χ a
פריים	p a ʁ a j i m
צעצועים	t͡s a a t͡s u i m
צעקה	t͡s a a k a
קוביות	k o v j u t
קיבוצי	k i b u t͡s i
קרוז	k a ʁ u z
קשוח	k a ʃ u a χ
רוזנברג	ʁ o z a n b a ʁ a ɡ
רחם	ʁ a χ a m
שחרית	ʃ a χ ʁ i t
שיחקה	ʃ i χ k a
שישב	ʃ i ʃ e v
שליליים	ʃ l i l a j i m
שקיפות	ʃ k i f u t
שקע	ʃ a k a
שריפת	ʃ ʁ i f e t
שרץ	ʃ a ʁ a t͡s
תגלה	t a ɡ l a
תדמית	t a d m i t
תוסיף	t o s i f
תוריד	t o ʁ i d
תקראו	t a k ʁ a u
תשאלו	t i ʃ a l u
אהובתי	a h u v t i
אחותך	a χ u t e χ
אחרית	a χ ʁ i t
אכנס	a χ n a s
אלחנן	a l χ a n a n
אלמד	a l m a d
באחרונה	b e a χ ʁ o n a
בוטנים	b o t a n i m
בושם	b o ʃ e m
גורמות	ɡ o ʁ m u t
האדיר	h e e d i ʁ
האדריכל	h e e d ʁ i χ e l
האתיקה	h e e t i k a
הבלוג	h i v l u ɡ
הדרוזים	h i d ʁ u z i m
ההעברה	h e e v a ʁ a
ההשפעות	h e h i ʃ p a u t
הטעמים	h i t a m i m
המשכורת	h i m ʃ k o ʁ e t
הנגיד	h i n ɡ i d
הנהגה	h i n h a ɡ a
העדויות	e e d u j u t
העירה	e i ʁ a
העשן	e e ʃ e n
הפגנה	h i f ɡ a n a
הפקיד	h i f k i d
הצירים	h i t͡s i ʁ i m
הקונה	h a k o n a
הקרנות	h i k ʁ a n u t
הרולד	h a ʁ u l a d
השטיח	h i ʃ t i a χ
התקשרה	h i t k a ʃ a ʁ a
ויעקב	v i a k e v
וערבים	v e a ʁ b i m
זריקת	z a ʁ i k e t
חביבה	χ a v i v a
חגיגי	χ a ɡ i ɡ i
חשאי	χ a ʃ a j
טורקי	t o ʁ k i
יאמין	j e a m i n
כריתת	k ʁ i t e t
כשרון	k a ʃ ʁ o n
להיערך	l e h i a ʁ e χ
להעלאת	l e h a l a t
להתאפק	l e h i t a p e k
לידך	l i d e χ
ליפשיץ	l i p ʃ i t͡s
לכמות	l i χ m u t
לנחות	l i n χ u t
מאמצי	m e a m t͡s i
מינויו	m i n u j u
ממצאי	m a m t͡s a j
מסוק	m a s u k
מעלי	m a a l i
מקשיבה	m a k ʃ i v a
מקשיבים	m a k ʃ i v i m
מתחתנים	m i t χ a t a n i m
נדרשו	n i d ʁ a ʃ u
נורמן	n o ʁ m a n
נינה	n i n a
נקט	n a k a t
נתקע	n i t k a
סילבר	s i l b e ʁ
עדר	a d a ʁ
עירית	i ʁ i t
עליזה	a l i z a
פאן	p a a n
פגעתי	p a ɡ a t i
פקח	p a k a χ
פרקליט	p a ʁ k l i t
צהובה	t͡s a h u v a
צעקות	t͡s a a k u t
קדומות	k a d u m u t
קהילתי	k e h i l t i
קרקעית	k a ʁ k a i t
רכבי	ʁ a χ a v i
שאחרים	ʃ e a χ a ʁ i m
שבמשך	ʃ a v m a ʃ a χ
שבעלי	ʃ a v a l i
שיכון	ʃ i χ o n
שנוצרה	ʃ n u t͡s a ʁ a
שעיר	ʃ a i ʁ
תיקי	t i k i
תלויות	t a l u j u t
תמוז	t a m u z
if	i f
music	m u s i k
אמריקנית	a m ʁ i k a n i t
בגלות	b a ɡ l u t
בירידה	b i ʁ i d a
בראשם	b a ʁ a ʃ e m
בשערי	b i ʃ a ʁ i
גישות	ɡ i ʃ u t
האוטובוסים	h e o t o v o s i m
האמבטיה	h e e m b a t j a
הבנאדם	h i v n a d e m
הדוגמאות	h i d u ɡ m a u t
הזירה	h i z i ʁ a
הזמני	h i z m a n i
הימי	h i m i
הישנות	h i ʃ n u t
הלפרין	h i l p a ʁ i n
המהות	h i m h u t
הנגיף	h i n ɡ i f
הנובעת	h i n u v a a t
הנשיאות	h i n ʃ i u t
הסתה	h i s t a
הפכת	h i f χ e t
הפלוגה	h i f l u ɡ a
הקבועה	h i k b u a
הרגישה	h i ʁ ɡ i ʃ a
השבעה	h i ʃ b a a
השגרירות	h i ʃ ɡ ʁ i ʁ u t
השדות	h i ʃ d u t
השוואת	h i ʃ v a t
השחקנית	h i ʃ χ a k a n i t
השמדת	h i ʃ m e d e t
השתיקה	h i ʃ t i k a
התבוננות	h i t b o n a n u t
התרחשה	h i t ʁ a χ ʃ a
וא	v a
ואיני	v e i n i
והחיים	v e h a j i m
וינה	v i n a
ועידה	v e i d a
זאבי	z e e v i
חומוס	χ o m o s
חיכה	χ i χ a
חתנו	χ a t a n u
טומאה	t o m a
טיפוח	t i p u a χ
כישורים	k i ʃ u ʁ i m
להציץ	l e h a t͡s i t͡s
לובשים	l o v ʃ i m
לחשוד	l a χ ʃ u d
ללדת	l a l a d e t
לצוד	l a t͡s u d
לצעוד	l i t͡s o d
מורן	m o ʁ a n
מיטות	m i t u t
מלים	m a l i m
ממלאים	m a m l a j i m
מקבילים	m a k b i l i m
נלסון	n i l s o n
נמשכים	n i m ʃ a χ i m
סדיר	s a d i ʁ
סוחרי	s o χ a ʁ i
סירבו	s i ʁ b u
עבודתי	a v u d a t i
עישון	i ʃ o n
צוותים	t͡s a v a t i m
קומדיה	k o m a d j a
קלטתי	k a l t a t i
רגישה	ʁ a ɡ i ʃ a
רובים	ʁ o v i m
ריפוי	ʁ i p u j
רכות	ʁ a χ u t
שגרירות	ʃ a ɡ ʁ i ʁ u t
שיאים	ʃ i i m
שירד	ʃ i ʁ e d
שנותנים	ʃ n u t a n i m
ששמע	ʃ i ʃ m a
ששר	ʃ a ʃ a ʁ
שתוק	ʃ a t u k
תובנות	t o v a n u t
תיכונית	t i χ o n i t
תסביר	t a s b i ʁ
not	n o t
אגוזים	a ɡ u z i m
אדריכלים	a d ʁ i χ l i m
אלהיך	a l h i χ
אלמנט	a l m a n t
אמנותי	a m n u t i
ארט	a ʁ a t
בדירוג	b e d i ʁ u ɡ
בחלקם	b a χ l a k a m
ביה	b i j a
בימיו	b i m j u
בעייה	b a i j a
בפ	b a f
בצו	b a t͡s u
ברמן	b a ʁ m a n
בשורת	b e ʃ u ʁ e t
בשלל	b i ʃ l e l
געגועים	ɡ a a ɡ u i m
געש	ɡ a a ʃ
דמעה	d i m a
האיזון	h e i z o n
האכילה	h e e χ i l a
הבור	h a v u ʁ
הזוכים	h i z u χ i m
היחסי	h i χ s i
היתרונות	h i t ʁ o n u t
המגילה	h i m ɡ i l a
המעט	h i m a t
המעטה	h i m a t a
המעסיק	h i m a s i k
הסברתי	h i s b a ʁ t i
הסטטוס	h i s t a t o s
הספינות	h i s p i n u t
הפלאפון	h i f l a f o n
הפלישה	h i f l i ʃ a
הצהוב	h i t͡s h o v
הצנחנים	h i t͡s n a χ a n i m
הקבע	h i k b a
השרה	h i ʃ ʁ a
התומכים	h i t u m k i m
התכוונו	h i t k a v a n u
התקרה	h i t k a ʁ a
חושפת	χ o ʃ e f e t
חזי	χ a z i
חפשי	χ a f ʃ i
יבחר	j i v χ a ʁ
ידידיה	j a d i d j a
ינצח	j a n t͡s a χ
ישיג	j e ʃ i ɡ
ישפיע	j e ʃ p i a
כלבי	k a l a v i
כריסטינה	k ʁ i s t i n a
לותר	l o t e ʁ
לסרטים	l i s ʁ a t i m
לעיתון	l a i t o n
לתחילת	l i t χ i l e t
לתלמידי	l i t l a m i d i
מגי	m a ɡ i
מימיו	m i m j u
מינו	m i n u
ניתנות	n i t a n u t
נמנעת	n i m n a a t
נתמנה	n i t m a n a
סוני	s o n i
סימפסון	s i m p a s o n
עתידי	a t i d i
פאק	p a a k
פיתחה	p i t χ a
פלוגה	p l u ɡ a
פרצופים	p a ʁ t͡s o f i m
צה	t͡s a
צווי	t͡s a v i
קולין	k o l i n
קומץ	k o m e t͡s
קרבי	k a ʁ b i
רובו	ʁ o v o
רייס	ʁ a j a s
שבעיר	ʃ a v i ʁ
שחבר	ʃ a χ b a ʁ
שידורי	ʃ i d u ʁ i
שיושב	ʃ i j u ʃ e v
שכירות	ʃ χ i ʁ u t
שמוליק	ʃ m u l i k
שמורה	ʃ a m u ʁ a
שמחזיק	ʃ i m χ a z i k
שפורסמו	ʃ p o ʁ s e m o
שתדעו	ʃ i t d a u
תוחלת	t o χ e l e t
תיפול	t i p u l
תמי	t a m i
תנסו	t a n s u
תפוס	t a f u s
תקלות	t a k l u t
תרבותיים	t a ʁ b u t a j i m
תשרי	t i ʃ ʁ i
תתחילי	t a t χ i l i
tel	t e l
was	w a s
אורגני	o ʁ ɡ a n i
אמיצה	a m i t͡s a
אנטוניו	a n t o n j u
אפשריות	a f ʃ a ʁ j u t
אקבל	a k b a l
בידך	b i d e χ
בילד	b i l e d
בלבוש	b a l b u ʃ
בלונדינית	b l o n d i n i t
בענן	b a a n a n
בעצמנו	b a a t͡s m a n u
ברגליים	b a ʁ ɡ a l a j i m
ברעיון	b a ʁ a j o n
בשיער	b e ʃ i a ʁ
גומר	ɡ o m e ʁ
דוחף	d o χ e f
דוכן	d o χ a n
דלה	d a l a
הוה	h o v a
הוקרה	h o k a ʁ a
היפני	h i p a n i
היתומים	h i t u m i m
הלנה	h a l a n a
המשרדים	h i m ʃ a ʁ d i m
המתחרים	h i m t a χ a ʁ i m
הנדון	h i n d o n
הנדרשים	h i n d a ʁ ʃ i m
הנהיגה	h i n h i ɡ a
הנו	h a n u
הנציגים	h i n t͡s i ɡ i m
הסדרות	h i s d a ʁ u t
התקופות	h i t k o f u t
וינסנט	v i n s a n t
ויצירת	v i t͡s i ʁ e t
ויצר	v i t͡s e ʁ
ויקי	v i k i
וכותב	v e χ u t e v
זרקו	z a ʁ a k o
חפש	χ a f a ʃ
חפשו	χ a f ʃ u
טבעיות	t a v a j u t
ידאג	j a d a ɡ
ידנית	j a d a n i t
כהנים	k a h a n i m
כחברה	k a χ b a ʁ a
כשעה	k a ʃ a
כשרים	k a ʃ a ʁ i m
לגדר	l i ɡ d e ʁ
לדף	l a d a f
לדקה	l a d a k a
להמיר	l e h a m i ʁ
להתגונן	l e h i t ɡ o n a n
לידע	l i d a
ליועץ	l i j u a t͡s
ליער	l i a ʁ
לקוי	l a k u j
לשאלת	l i ʃ a l e t
לשוויון	l i ʃ v i j o n
לשליטה	l i ʃ l i t a
מלכודת	m a l χ u d e t
מרתה	m a ʁ t a
משלימים	m i ʃ l i m i m
מתגוררים	m i t ɡ o ʁ a ʁ i m
מתרחשים	m i t ʁ a χ ʃ i m
נבחרה	n i v χ a ʁ a
ניסוח	n i s u a χ
נמדד	n i m d e d
נתגלה	n i t ɡ a l a
סמוי	s a m u j
ספה	s a f a
עימה	i m a
עצירה	a t͡s i ʁ a
פט	p a t
פלורידה	p l u ʁ i d a
קביעה	k a v i a
קדושת	k a d u ʃ e t
קופים	k o f i m
קוצר	k o t͡s a ʁ
קייטי	k a j a t i
קלרה	k a l a ʁ a
רוזה	ʁ o z a
שאחראי	ʃ e a χ ʁ a j
שגויה	ʃ ɡ u j a
שוטה	ʃ o t a
שורשי	ʃ o ʁ ʃ i
שמסביב	ʃ i m s b i v
שעיקר	ʃ e i k e ʁ
ששוב	ʃ a ʃ u v
תהנו	t a h a n u
תקיפת	t k i f e t
תקציבים	t a k t͡s i v i m
an	a n
so	s o
אאוט	a u t
אלבומים	a l b u m i m
אמנה	a m a n a
אפלטון	a f l a t o n
ארצנו	a ʁ t͡s a n u
אשלי	a ʃ l i
בגני	b a ɡ a n i
בודקת	b o d e k e t
בכושר	b e χ u ʃ e ʁ
במצעד	b i m t͡s a d
בקיבוצים	b e k i b u t͡s i m
ברט	b a ʁ a t
בתוצאות	b e t u t͡s a u t
גזים	ɡ a z i m
גלגלי	ɡ a l ɡ a l i
דוק	d o k
דיזל	d i z e l
דרק	d a ʁ a k
האמירה	h e e m i ʁ a
האפשריים	h e e f ʃ a ʁ a j i m
הזיהום	h i z j a h u m
הטוענים	h i t u a n i m
היווה	h i v a
היומיום	h i j u m j u m
הישירה	h i ʃ i ʁ a
המדור	h i m d u ʁ
המעקב	h i m a k e v
המקל	h i m k e l
המשרתים	h i m ʃ a ʁ t i m
הנחתי	h i n χ a t i
הנסיעות	h i n s i u t
הנשמות	h i n ʃ a m u t
הספקתי	h i s p e k t i
העשויים	e e ʃ u j i m
הקריטריונים	h i k ʁ i t a ʁ j o n i m
השבר	h i ʃ b e ʁ
השמינית	h i ʃ m i n i t
השקפה	h i ʃ k a f a
השתמשה	h i ʃ t a m ʃ a
התפילות	h i t p i l u t
ויל	v i l
ומבין	v i m b i n
ומתמיד	v i m t a m i d
ושתיים	v i ʃ t a j i m
ותמונות	v i t m o n u t
חורש	χ o ʁ e ʃ
חיפושים	χ i p u ʃ i m
טבק	t a v a k
טורי	t o ʁ i
טכניקה	t e χ n i k a
טנק	t a n a k
טרה	t a ʁ a
יבשות	j a v ʃ u t
ידיה	j a d j a
יוזמת	j o z e m e t
ילדותי	j a l d u t i
יס	j a s
יעבדו	j a a v d u
יקבע	j a k b a
לבא	l a v a
להחיות	l e h a χ j u t
להירשם	l e h i ʁ ʃ e m
לטענה	l i t a n a
לכרות	l i χ ʁ u t
למסורת	l i m s o ʁ e t
לסחוט	l i s χ u t
לשחות	l i ʃ χ u t
מאש	m a a ʃ
מחדר	m a χ d a ʁ
מירוץ	m i ʁ u t͡s
ממול	m a m u l
מסלולים	m a s l u l i m
מסמן	m a s m a n
נכנסנו	n i χ n a s a n u
נשמעים	n i ʃ m a i m
סיווג	s i v e ɡ
סיסי	s i s i
עזבי	a z a v i
עימם	i m e m
עליונות	a l j o n u t
עשייה	a ʃ i j a
פונו	p o n u
פוסל	p o s e l
פיק	p i k
פריס	p ʁ i s
פרשו	p a ʁ ʃ u
צורף	t͡s o ʁ e f
צלילים	t͡s a l i l i m
קיט	k i t
רודפים	ʁ o d e f i m
רותי	ʁ o t i
רפואת	ʁ a f u a t
שמפניה	ʃ i m p a n j a
שמצאו	ʃ i m t͡s a u
שמתחת	ʃ i m t a χ e t
שנדע	ʃ i n d a
שנהרגו	ʃ i n h a ʁ ɡ o
תומפסון	t o m p a s o n
תורן	t o ʁ a n
תמרים	t a m ʁ i m
תסמינים	t a s m i n i m
en	e n
et	e t
אוון	a v a n
אוריה	o ʁ j a
אחרינו	a χ ʁ i n u
איכותית	i χ u t i t
אלופים	a l u f i m
אסירי	a s i ʁ i
באיטיות	b e i t j u t
בגרון	b a ɡ ʁ o n
ביניכם	b i n i χ e m
ביעילות	b i i l u t
בלם	b a l a m
במילואים	b e m i l u i m
גורי	ɡ o ʁ i
גלן	ɡ a l a n
גרי	ɡ a ʁ i
דימום	d i m u m
האוסקר	h e o s k a ʁ
האכיפה	h e e χ i f a
האפשריות	h e e f ʃ a ʁ j u t
הבגד	h i v ɡ e d
הבנוי	h i v n u j
הברך	h i v ʁ e χ
הגדיר	h i ɡ d i ʁ
הודי	h o d i
הועברה	h o e v a ʁ a
הופמן	h o f m a n
הותקף	h o t k e f
הטיסות	h i t i s u t
הלה	h a l a
הלסת	h i l s e t
המסוק	h i m s o k
המסרים	h i m s a ʁ i m
המתוק	h i m t u k
הנפוץ	h i n p u t͡s
העריכה	e e ʁ i χ a
הצדיקים	h i t͡s d i k i m
הצפיפות	h i t͡s p i f u t
הקיבה	h i k i v a
הריב	h a ʁ i v
הרם	h a ʁ a m
השישית	h i ʃ i ʃ i t
השמיעה	h i ʃ m i a
התקין	h i t k i n
והולכים	v e h o l χ i m
ולה	v a l a
ומחוצה	v i m χ u t͡s a
ושירים	v e ʃ i ʁ i m
ושניים	v i ʃ n a j i m
זקני	z a k a n i
חגיגת	χ a ɡ i ɡ e t
חידה	χ i d a
חליפה	χ a l i f a
חרבות	χ a ʁ b u t
טבעו	t a v a u
טיב	t i v
יותם	j o t e m
כמורה	k a m u ʁ a
כמקובל	k a m k o v e l
כשלון	k a ʃ l o n
להיעלם	l e h i a l e m
לוגו	l o ɡ o
לינק	l i n e k
לכעוס	l i χ o s
למחלות	l i m χ a l u t
לשמח	l i ʃ m e a χ
מאתמול	m e a t m u l
מבטחים	m i v t a χ i m
מזעזע	m i z a z a
מסטיק	m a s t i k
משאלות	m i ʃ a l u t
מתון	m a t o n
נאוה	n a a v a
נובעים	n o v a i m
ניכנס	n i χ n e s
נפלתי	n i f l a t i
סבו	s a v u
סצנה	s a t͡s a n a
עגולה	a ɡ u l a
עדת	a d a t
ענבר	a n b a ʁ
עניינו	a n j a n u
פוסקים	p o s k i m
פורטל	p o ʁ t e l
צועקים	t͡s o a k i m
צמודים	t͡s a m u d i m
קולם	k o l a m
קופי	k o f i
קיד	k i d
קראי	k a ʁ a j
רופין	ʁ o f i n
שאחר	ʃ e a χ a ʁ
שאחת	ʃ e a χ a t
שבאתי	ʃ a v a t i
שביום	ʃ a v j u m
שגילה	ʃ ɡ i l a
שהייה	ʃ a h i j a
שחלה	ʃ a χ l a
שיכורה	ʃ i χ u ʁ a
שיק	ʃ i k
שמגיעה	ʃ i m ɡ i a
שמחות	ʃ i m χ u t
שנתנה	ʃ i n t a n a
שקטים	ʃ a k t i m
תאילנד	t e i l a n d
תוצאת	t o t͡s a t
תחליט	t a χ l i t
hebrew	h e b r e w
top	t o p
אבנרי	a v n a ʁ i
אופיינית	o f j a n i t
אוריאל	o ʁ i e l
אמזון	a m z o n
אנדרה	a n d a ʁ a
אתני	a t a n i
באישה	b e i ʃ a
בידם	b i d e m
בימין	b i m i n
בלגי	b a l a ɡ i
ברון	b a ʁ o n
בריטני	b ʁ i t a n i
ברקאי	b a ʁ k a j
דורית	d o ʁ i t
האלמנה	h e e l m a n a
הבדיחה	h i v d i χ a
הגאונים	h i ɡ o n i m
הדוב	h a d u v
הדפים	h i d f i m
הדרג	h i d ʁ e ɡ
הוזכר	h o z k a ʁ
הושלם	h o ʃ l a m
הטירה	h i t i ʁ a
המכילים	h i m k i l i m
המראות	h i m ʁ a u t
הנאשמים	h i n a ʃ e m i m
הנגינה	h i n ɡ i n a
הנתיב	h i n t i v
העמוקה	e e m u k a
הפגישות	h i f ɡ i ʃ u t
הצחוק	h i t͡s χ o k
הקדם	h i k d e m
הרגשי	h i ʁ ɡ e ʃ i
השקל	h i ʃ k e l
התחמושת	h i t χ a m u ʃ e t
וידוי	v i d u j
וילך	v i l e χ
וסיים	v a s a j i m
וסיפר	v e s i p e ʁ
ור	v a ʁ
חביבי	χ a v i v i
חותמת	χ o t e m e t
חטאתי	χ a t a t i
טאו	t a u
טלי	t a l i
ידידותי	j a d i d u t i
יחליט	j a χ l i t
כעשרים	k a a ʃ a ʁ i m
לדבריה	l i d b a ʁ j a
לחבק	l a χ b a k
לימדה	l i m d a
למענך	l i m a n e χ
למצוץ	l i m t͡s u t͡s
לפח	l a f a χ
לשפת	l i ʃ p e t
לשקם	l i ʃ k e m
מחליפה	m a χ l i f a
מפר	m a f a ʁ
משברים	m i ʃ b a ʁ i m
מתעקש	m i t a k e ʃ
מתקשים	m i t k a ʃ i m
נשלט	n i ʃ l a t
נשען	n i ʃ a n
סובלנות	s o v l a n u t
סודיות	s o d j u t
סיבובים	s i b u v i m
סלק	s a l a k
סרטוני	s a ʁ t o n i
עלבון	a l b o n
עקבי	a k a v i
פאי	p a i
פסי	p a s i
פרוע	p a ʁ u a
פרל	p a ʁ a l
פרפר	p a ʁ p a ʁ
פשוטו	p ʃ u t u
קינוח	k i n u a χ
קריטית	k ʁ i t i t
קריטריונים	k ʁ i t a ʁ j o n i m
רובע	ʁ o v a
רווקים	ʁ a v a k i m
רכיב	ʁ e χ i v
רכיבים	ʁ e χ i v i m
שהות	ʃ a h u t
שושלת	ʃ o ʃ e l e t
שיגיעו	ʃ i ɡ i u
שישנם	ʃ i ʃ n a m
שלוקח	ʃ a l u k a χ
שלש	ʃ a l a ʃ
שפתח	ʃ a f t a χ
תהום	t a h u m
תואמת	t o e m e t
תרמה	t a ʁ m a
תשמח	t i ʃ m e a χ
תשנה	t i ʃ n a
aviv	a v i v
web	w e b
אהבתם	a h a v t e m
אוהבי	o h a v i
איפשהו	i p ʃ a h u
אלמנה	a l m a n a
אמני	a m a n i
אנונימי	a n o n i m i
אציל	a t͡s i l
ארכה	a ʁ χ a
בולשיט	b u l ʃ i t
בינלאומיות	b i n l a u m j u t
בלוד	b a l u d
בלעדייך	b a l a d a j i χ
במדיה	b e m e d j a
ברד	b a ʁ a d
ברזילי	b a ʁ z i l i
גירסה	ɡ i ʁ s a
גישת	ɡ i ʃ e t
גמילה	ɡ m i l a
גנבה	ɡ a n a v a
דגי	d a ɡ i
דגמי	d a ɡ m i
דרשות	d a ʁ ʃ u t
האיראנית	h e i ʁ a n i t
האשם	h e e ʃ e m
הבאנו	h i b a n u
הדירוג	h i d i ʁ u ɡ
הובלה	h o v l a
היצוא	h i t͡s u
הכרך	h i χ ʁ e χ
הלקח	h i l k e a χ
המפעלים	h i m p a a l i m
הנזיר	h i n z i ʁ
הערת	h e e ʁ e t
הציד	h i t͡s i d
הקביעה	h i k b i a
הרגה	h a ʁ ɡ a
השליחות	h i ʃ l i χ u t
השפיעה	h i ʃ p i a
התקרית	h i t k a ʁ i t
ומביא	v i m b i
ומשמש	v i m ʃ m e ʃ
ונהיה	v i n h i j a
ופה	v a f a
זורקים	z o ʁ k i m
חילק	χ i l e k
ינון	j a n o n
יצרנית	j a t͡s ʁ a n i t
כדמות	k a d a m u t
כחולות	k a χ u l u t
כט	k a t
כנופיות	k n o f j u t
כריות	k a ʁ j u t
כשלושה	k a ʃ l u ʃ a
לאליפות	l e e l i f u t
לבגרות	l i v ɡ a ʁ u t
לבלוע	l a v l u a
לדעתם	l i d a t e m
להטריד	l e h i t ʁ i d
להיחשב	l e h i χ ʃ e v
להצבעה	l e h i t͡s b a a
להתאמץ	l e h i t a m e t͡s
להתקפה	l e h i t k a f a
לורה	l o ʁ a
לחמוק	l a χ m u k
ליג	l i ɡ
לילית	l i l i t
ליעקב	l i a k e v
לסטר	l i s t e ʁ
לשרה	l i ʃ ʁ a
מדאיג	m a d a j i ɡ
מדרך	m a d ʁ a χ
מולה	m o l a
מוקדמות	m o k d e m u t
מוריה	m o ʁ j a
מחמאות	m a χ m a u t
מיהודי	m i h u d i
מילי	m i l i
מכניסה	m a χ n i s a
ממדי	m a m d i
ממלכות	m a m l a χ u t
מסווג	m a s v a ɡ
מעטה	m a a t a
מרבי	m a ʁ b i
מרחיק	m a ʁ χ i k
מרקס	m a ʁ k a s
משטחי	m i ʃ t a χ i
נודה	n o d a
נסענו	n i s a n u
נקרע	n i k ʁ a
נשארנו	n i ʃ a ʁ a n u
פיות	p i j u t
פרנקו	p a ʁ n a k o
צבאו	t͡s a v a u
קון	k o n
קורי	k o ʁ i
קזינו	k a z i n u
קלע	k a l a
שבות	ʃ a v u t
שוקן	ʃ o k a n
שורף	ʃ o ʁ e f
שמחפש	ʃ i m χ a p e ʃ
שמעל	ʃ i m a l
שמרתי	ʃ i m ʁ a t i
תגמול	t a ɡ m u l
תדאגו	t a d a ɡ o
תורידו	t o ʁ i d u
תקוות	t a k v a t
תשמעי	t i ʃ m a i
yes	j e s
אדיב	a d i v
אושוויץ	o ʃ v i t͡s
אלופת	a l u f a t
אמך	a m a χ
אנס	a n a s
אקסל	a k s a l
ארדן	a ʁ d a n
באכזריות	b e a χ z a ʁ j u t
בג	b a ɡ
בגדוד	b a ɡ d u d
בגשם	b a ɡ ʃ a m
בהבנה	b e h a v a n a
בהגדרה	b e h i ɡ d a ʁ a
בולגריה	b u l ɡ a ʁ j a
ביאור	b i u ʁ
ביובית	b i j u v i t
בלון	b a l o n
בעסקי	b a a s k i
בריטים	b ʁ i t i m
בריטית	b ʁ i t i t
בתשרי	b i t ʃ a ʁ i
גי	ɡ i
דגלי	d a ɡ l i
דודים	d o d i m
דחו	d a χ u
דלתא	d a l t a
האחוזה	h e e χ u z a
האישים	h e i ʃ i m
הבטיחה	h i v t i χ a
הדמים	h i d m i m
הזן	h a z a n
הטנקים	h i t n a k i m
הכשר	h i χ ʃ e ʁ
המכר	h i m k e ʁ
המסורתיים	h i m s o ʁ t a j i m
המשתנה	h i m ʃ t a n a
העניקה	e e n i k a
הקבינט	h i k b i n t
הקנאה	h i k n a
הקנה	h i k n a
הריק	h a ʁ i k
השיגור	h i ʃ i ɡ o ʁ
השמדה	h i ʃ m a d a
השנתיים	h i ʃ n a t a j i m
התוקף	h i t u k e f
התכונה	h i t k o n a
התענוג	h i t a n u ɡ
ואישה	v e i ʃ a
ווטסון	v a t s o n
ונוח	v a n u a χ
חב	χ a v
חבריך	χ a v ʁ i χ
חוגג	χ o ɡ e ɡ
יאפשר	j e a f ʃ a ʁ
יועצת	j o a t͡s e t
יושר	j o ʃ e ʁ
יצוא	j a t͡s u
כש	k a ʃ
להגדרה	l e h i ɡ d a ʁ a
לוב	l o v
לכיכר	l e χ i k e ʁ
לכתיבה	l i χ t i v a
למחנות	l i m χ a n u t
לסקר	l i s k e ʁ
לשבט	l i ʃ b e t
לשמצה	l i ʃ m a t͡s a
לשעת	l i ʃ a t
לתור	l a t u ʁ
לתחומי	l i t χ u m i
לתנאים	l i t n a i m
מאק	m a a k
מגוף	m a ɡ u f
מועדים	m o a d i m
מחט	m a χ a t
מיועדים	m i j u a d i m
מיטשל	m i t ʃ e l
מקרקעי	m a k ʁ a k a j
משפיל	m i ʃ p i l
משקרים	m i ʃ k a ʁ i m
מתנדב	m i t n a d e v
נוטל	n o t e l
נחשבה	n a χ ʃ a v a
נטלה	n i t l a
נסי	n a s i
סוקולוב	s o k o l o v
סושי	s o ʃ i
סטיבנס	s t i b n e s
סשה	s a ʃ a
ענקיים	a n k a j i m
פולנים	p o l a n i m
פירושה	p i ʁ u ʃ a
פלדמן	p a l d a m a n
צומח	t͡s o m a χ
צועד	t͡s o a d
קייטרינג	k a j t ʁ i ŋ ɡ
קרבנות	k a ʁ b a n u t
קרלו	k a ʁ l u
רוט	ʁ o t
רועה	ʁ o a
רכז	ʁ a χ a z
שזוכה	ʃ a z u χ a
שימושית	ʃ i m u ʃ i t
שיתנו	ʃ i t a n u
שלפנינו	ʃ i l p a n i n u
שמאלי	ʃ a m a l i
שרובם	ʃ a ʁ u v a m
שריפות	ʃ ʁ i f u t
video	v i d e o
אדל	a d a l
אהובים	a h u v i m
אורון	o ʁ o n
אמיתות	a m i t u t
אמריקן	a m ʁ i k a n
אנני	a n a n i
אפיק	a f i k
ארגונית	a ʁ ɡ o n i t
אשמע	a ʃ m a
אתרוג	a t ʁ u ɡ
בדידות	b e d i d u t
בודדת	b o d e d e t
ביושר	b i j u ʃ e ʁ
בניצחון	b e n i t͡s a χ o n
גרביים	ɡ a ʁ b a j i m
דחתה	d a χ t a
האבק	h e e v e k
האיבה	h e i v a
הדי	h a d i
הזיקה	h i z i k a
הזכירה	h i z k i ʁ a
הטרגדיה	h i t ʁ a ɡ e d j a
היציבות	h i t͡s i v u t
הכבלים	h i χ b e l i m
המבול	h i m b u l
המייצג	h i m j a t͡s e ɡ
הנחיה	h i n χ i j a
הניסיונות	h i n i s j o n u t
הנמצאות	h i n m a t͡s a u t
הנרות	h i n ʁ u t
הפנטזיה	h i p n a t e z j a
הפציעה	h i f t͡s i a
הצהרים	h i t͡s h a ʁ i m
הקהילתי	h i k h i l t i
הקן	h a k a n
הקסמים	h i k s e m i m
הקריה	h i k ʁ i j a
הקרינה	h i k ʁ i n a
הרחמים	h i ʁ χ e m i m
השארתי	h i ʃ a ʁ t i
התכוונה	h i t k a v a n a
וחסרי	v a χ s a ʁ i
ויצאו	v i t͡s a u
ויראה	v i ʁ a
וישב	v i ʃ e v
וכולי	v e χ u l i
ומערכות	v i m a ʁ χ u t
ונתנו	v i n t a n u
ושיתוף	v e ʃ i t u f
זנים	z a n i m
חופה	χ o f a
חורין	χ o ʁ i n
חושד	χ o ʃ e d
חותך	χ o t e χ
חשופים	χ a ʃ u f i m
טבעה	t a v a
טד	t a d
טופ	t o f
טיהור	t i h u ʁ
טמא	t a m a
טרומן	t ʁ u m a n
ידינו	j a d i n u
יורי	j o ʁ i
ילדינו	j a l d i n u
יתגלה	j i t ɡ a l a
כונה	k o n a
כליות	k a l j u t
להיווצר	l e h i v t͡s e ʁ
להשכיר	l e h i ʃ k i ʁ
להתגרש	l e h i t ɡ a ʁ e ʃ
להתנתק	l e h i t n a t e k
לטענות	l i t a n u t
ליקוי	l i k u j
ליתרון	l i t ʁ o n
למול	l a m u l
לנגב	l i n ɡ e v
לסדרה	l i s d a ʁ a
מאכזב	m e a χ z a v
מגישים	m a ɡ i ʃ i m
מגל	m a ɡ a l
מוניקה	m o n i k a
מחבריו	m a χ b a ʁ j u
מיגון	m i ɡ o n
מיושב	m i j u ʃ e v
מעזה	m a a z a
מעיינות	m a a j a n u t
מרחיב	m a ʁ χ i v
משהוא	m i ʃ h u
מתיישב	m i t j a ʃ e v
נזכיר	n i z k i ʁ
נמחק	n i m χ a k
נקלע	n i k l a
נשמתי	n i ʃ m a t i
סילוק	s i l u k
ספירה	s f i ʁ a
עורף	o ʁ e f
עמדי	a m d i
עסקיים	a s k a j i m
ערבה	a ʁ b a
פחת	p a χ a t
פיזיקה	p i z i k a
פינו	p i n u
פלט	p a l a t
קוטר	k o t e ʁ
קוקוס	k o k o s
רישוי	ʁ i ʃ u j
רלוונטית	ʁ a l v a n t i t
שהתרחשו	ʃ e h i t ʁ a χ ʃ u
שוט	ʃ o t
שוער	ʃ o a ʁ
שירלי	ʃ i ʁ l i
שיתף	ʃ i t e f
שמחוץ	ʃ i m χ u t͡s
תדברי	t a d b a ʁ i
תמימות	t a m i m u t
תנסי	t a n s i
תקח	t a k a χ
תקציבי	t a k t͡s i v i
best	b e s t
black	b l a k
david	d a v i d
post	p o s t
youtube	j u t u b e
אגודות	a ɡ u d u t
אדיוט	a d j u t
אולפני	o l p a n i
אוניות	o n j u t
אוסטין	o s t i n
אחוזה	a χ u z a
אייס	a j a s
אליסון	a l i s o n
אלמוני	a l m o n i
אקח	a k a χ
בגנים	b a ɡ a n i m
בהעברת	b e e v e ʁ e t
בט	b a t
ביולוגי	b i j u l u ɡ i
ביולוגית	b i j u l u ɡ i t
ביומן	b i j u m e n
בינך	b i n e χ
בירושה	b i ʁ u ʃ a
בכוחו	b e χ u χ u
בלעדיך	b a l a d i χ
בניסוח	b e n i s u a χ
ברוחב	b ʁ u χ a v
בריבית	b ʁ i v i t
בשינה	b e ʃ i n a
גיבסון	ɡ i b s o n
דתות	d a t u t
האווירי	h e e v i ʁ i
הדיירים	h i d j a ʁ i m
ההליכים	h e h e l i χ i m
ההסכמים	h e h i s k e m i m
הוצע	h o t͡s a
הזכרתי	h i z k a ʁ t i
היבשת	h i b ʃ e t
היפ	h i p
היצר	h i t͡s e ʁ
הלטינית	h i l t i n i t
המחודשת	h i m χ u d e ʃ e t
המייל	h i m j a l
המסקנות	h i m s k a n u t
המרוץ	h i m ʁ u t͡s
המשפיעים	h i m ʃ p i i m
המתוכנן	h i m t u χ n a n
הנסיגה	h i n s i ɡ a
הנעים	h i n i m
הנעל	h i n a l
הנפוצים	h i n p u t͡s i m
העידן	h e i d e n
הענפים	e e n a f i m
הפסנתר	h i f s a n t e ʁ
הצעירות	h i t͡s i ʁ u t
הקצרים	h i k t͡s a ʁ i m
הרוג	h a ʁ u ɡ
הריבונות	h a ʁ i b o n u t
השבע	h i ʃ b a
השפעתה	h i ʃ p a a t a
השתחרר	h i ʃ t a χ ʁ e ʁ
השתיים	h i ʃ t a j i m
השתלטות	h i ʃ t a l t u t
התגורר	h i t ɡ o ʁ e ʁ
התיר	h i t i ʁ
התקדם	h i t k a d e m
התקציבים	h i t k a t͡s i v i m
ולאן	v a l a n
ותעשה	v i t a ʃ a
חדות	χ a d u t
חודר	χ o d e ʁ
חוסך	χ o s e χ
חקלאים	χ a k l a i m
יעדי	j a a d i
כונן	k o n a n
כלות	k a l u t
לאחי	l e a χ i
לדרישות	l i d ʁ i ʃ u t
לנה	l a n a
לסל	l a s a l
לשמונה	l i ʃ m o n a
לשמחה	l i ʃ m a χ a
לתלמיד	l i t l a m i d
מגוונות	m a ɡ v a n u t
מהמציאות	m e h i m t͡s i u t
מוחה	m o χ a
מותנה	m o t a n a
מיילים	m a j a l i m
מעם	m a a m
מקרקעין	m a k ʁ a k i n
מרדף	m a ʁ d e f
נבדק	n i v d e k
נולדת	n o l e d e t
נישאה	n i ʃ a
נעילה	n e i l a
סוניה	s o n j a
סופרי	s o f ʁ i
סירוב	s i ʁ u v
סקירת	s k i ʁ e t
עבות	a v u t
עבריינים	a v ʁ a j a n i m
עדיפה	a d i f a
עינויים	i n u j i m
עננים	a n a n i m
עתידית	a t i d i t
פומבי	p o m b i
פרת	p a ʁ a t
צנועה	t͡s n u a
רווי	ʁ a v i
שאו	ʃ a u
שאיבד	ʃ e i v e d
שגילו	ʃ ɡ i l u
שהתחלתי	ʃ e h i t χ a l t i
תופיע	t o f i a
תמידי	t a m i d i
אינפורמציה	i n p o ʁ m a t͡s j a
אכזרית	a χ z a ʁ i t
אכלנו	a χ l a n u
אמיל	a m i l
אסטרטגיות	a s t a ʁ t e ɡ j u t
אשים	a ʃ i m
באחרים	b e a χ a ʁ i m
באימון	b e i m o n
בגללו	b a ɡ l a l u
בווינה	b a v i n a
בזכרון	b i z k a ʁ o n
בכינוי	b e χ i n u j
בכינוס	b e χ i n o s
בלהט	b a l a t
במילוי	b e m i l u j
בעקבותיה	b a a k b u t j a
ברכישת	b a ʁ k i ʃ e t
גורים	ɡ o ʁ i m
גיי	ɡ a j
דותן	d o t e n
דחיפה	d χ i f a
דימויים	d i m u j i m
הבהרה	h i v h a ʁ a
הבלש	h i v l e ʃ
הבנויה	h i v n u j a
ההודי	h e h u d i
ההמונית	h e h m o n i t
ההמלצות	h e h i m l a t͡s u t
הופכות	h o f χ u t
הזכרונות	h i z k a ʁ o n u t
הטילו	h i t i l u
הכנסתי	h i χ n e s t i
המעמדות	h i m a m d u t
המעריצים	h i m a ʁ i t͡s i m
המצודה	h i m t͡s u d a
המשקיעים	h i m ʃ k i i m
הנערות	h i n a ʁ u t
הנקי	h i n k i
הסבלנות	h i s b l a n u t
העליה	e e l j a
הערבות	e e ʁ b u t
העתידי	h e e t i d i
הצוותים	h i t͡s v a t i m
הצורות	h i t͡s u ʁ u t
הריאות	h a ʁ i u t
השכינה	h i ʃ k i n a
השקרים	h i ʃ k a ʁ i m
התבנית	h i t b a n i t
התחדשות	h i t χ a d e ʃ u t
התיכונה	h i t i χ o n a
התעקש	h i t a k e ʃ
ואיכות	v e i χ u t
והודיע	v e h o d i a
והערכה	v e e ʁ χ a
והציע	v e h i t͡s i a
והצליח	v e h i t͡s l i a χ
וירא	v i ʁ a
וירטואלי	v i ʁ t u a l i
זרימה	z a ʁ i m a
חוטי	χ o t i
חוסם	χ o s e m
חותר	χ o t e ʁ
חזרות	χ a z a ʁ u t
חנינא	χ a n i n a
חששות	χ a ʃ ʃ u t
יאבד	j e e v e d
יהודייה	j e h u d i j a
ייעודי	j i u d i
יכלתי	j a χ l a t i
כבסיס	k a v s i s
כישורי	k i ʃ u ʁ i
כעין	k a i n
לדם	l a d a m
להעמיק	l e h a m i k
להתאחד	l e h i t a χ e d
להתעדכן	l e h i t a d χ a n
לולי	l o l i
ליווה	l i v a
ליכולת	l i χ u l e t
לכתבה	l i χ t a v a
לן	l a n
לס	l a s
לצמיתות	l i t͡s m i t u t
לתהות	l i t h u t
מוזיקלי	m u z i k l i
מונטנה	m o n t a n a
מועדונים	m o a d o n i m
מיומן	m i j u m e n
מיומנות	m i j u m a n u t
מילאו	m i l a u
מספרות	m i s p a ʁ u t
מפלה	m a f l a
משכיל	m i ʃ k i l
משקפים	m i ʃ k a f i m
מתחזה	m i t χ a z a
מתלונן	m i t l o n a n
מתמקדת	m i t m a k e d e t
ניראה	n i ʁ a
נכללים	n i χ l a l i m
נקבות	n i k b u t
נרדף	n i ʁ d e f
נתקלו	n i t k a l u
נתקלים	n i t k a l i m
סיטואציה	s i t u a t͡s j a
סינון	s i n o n
סליחות	s a l i χ u t
סמכותו	s a m χ u t u
עיוות	i v e t
פוקר	p o k e ʁ
פורח	p o ʁ a χ
פחמן	p a χ m a n
פלאים	p a l a i m
פסיקה	p s i k a
פשיטת	p ʃ i t e t
צאי	t͡s a i
צהובים	t͡s a h u v i m
ציטוטים	t͡s i t u t i m
צירי	t͡s i ʁ i
קומו	k o m o
קוקה	k o k a
קישוט	k i ʃ u t
רובינסון	ʁ o v i n s o n
רוחה	ʁ o χ a
רוקד	ʁ o k e d
שבאופן	ʃ a v o f a n
שדרה	ʃ a d a ʁ a
שהובילה	ʃ e h o v i l a
שהעביר	ʃ e e v i ʁ
שיכולות	ʃ i χ u l u t
שילוח	ʃ i l u a χ
שקורא	ʃ k o ʁ a
שרדו	ʃ a ʁ d u
תושבת	t o ʃ e v e t
תחרויות	t a χ ʁ u j u t
תיווך	t i v e χ
תמצאי	t a m t͡s a j
here	h e ɾ e
il	i l
off	o f
אינסוף	i n s u f
אליקים	a l i k i m
אנטון	a n t o n
אשוב	a ʃ u v
אשרי	a ʃ ʁ i
בארט	b a a ʁ a t
בבירה	b e v i ʁ a
בדו	b a d u
בדעה	b a d a a
בהירים	b e h i ʁ i m
בהסכמת	b e h i s k e m e t
ביוקר	b i j u k e ʁ
ביננו	b i n a n u
בירך	b i ʁ e χ
במישהו	b e m i ʃ a h u
בעיניה	b a i n j a
בפיקוח	b e f i k u a χ
ברונו	b a ʁ o n u
גילית	ɡ i l i t
גירוי	ɡ i ʁ u j
דרכך	d a ʁ χ a χ
האריות	h e e ʁ j u t
הוזמנו	h o z m a n u
הויכוח	h o j χ u a χ
הוסר	h o s e ʁ
הזכייה	h i z k i j a
היחסית	h i χ s i t
היפנים	h i p a n i m
המחזיק	h i m χ a z i k
המצע	h i m t͡s a
המתה	h i m t a
הנהלה	h i n h a l a
הסנאט	h i s n a t
העשירה	e e ʃ i ʁ a
הצפייה	h i t͡s p i j a
הקדמון	h i k d e m o n
הרגישו	h i ʁ ɡ i ʃ u
התאמת	h i t a m e t
התוספת	h i t u s e f e t
התחנות	h i t χ a n u t
התרחשו	h i t ʁ a χ ʃ u
ורדה	v a ʁ d a
ושלישית	v i ʃ l i ʃ i t
חבית	χ a v i t
חולין	χ o l i n
חלים	χ a l i m
חסימה	χ a s i m a
חצאי	χ a t͡s a j
טיסת	t i s e t
יחסו	j a χ s u
יל	j a l
יפגעו	j a f ɡ a u
כר	k a ʁ
לארמון	l e a ʁ m o n
לבטחון	l i v t a χ o n
לברלין	l i v ʁ a l i n
להעליב	l e h a l i v
לונה	l o n a
לחוג	l a χ u ɡ
לחול	l a χ u l
לחלוקת	l a χ l u k a t
ליחסי	l i χ s i
לינדה	l i n d a
ללבנון	l i l b a n o n
לעזה	l a a z a
לציונות	l i t͡s j o n u t
לקרא	l a k ʁ a
לתיק	l a t i k
מדהימות	m a d h i m u t
מדליה	m a d l i j a
מודעה	m o d a a
מועדוני	m o a d o n i
מחמש	m a χ m e ʃ
מיסוי	m i s u j
מכני	m a χ n i
מסייעים	m a s j a i m
מעסיק	m a a s i k
מקדיש	m a k d i ʃ
משנתו	m i ʃ n a t u
נבחרות	n i v χ a ʁ u t
נזקי	n i z k i
נחה	n a χ a
נעימים	n e i m i m
סודאן	s o d a n
עגלה	a ɡ l a
עטוף	a t u f
עימותים	i m u t i m
עלמא	a l m a
ערימת	a ʁ i m e t
עשי	a ʃ i
עתידות	a t i d u t
קבור	k a v u ʁ
קדיש	k a d i ʃ
קמים	k a m i m
קריסת	k ʁ i s e t
רווחת	ʁ a v a χ a t
רוחניות	ʁ o χ a n j u t
שבץ	ʃ a v a t͡s
שובה	ʃ o v a
שודדים	ʃ o d a d i m
שיתוק	ʃ i t u k
שך	ʃ a χ
שמיכה	ʃ m i χ a
שנבנתה	ʃ i n b e n t a
שניסיתי	ʃ n i s i t i
שרוף	ʃ a ʁ u f
שרותי	ʃ a ʁ u t i
תדירות	t a d i ʁ u t
תיקוני	t i k o n i
תפתחו	t a f t a χ u
תקנון	t a k n o n
תרמית	t a ʁ m i t
אובר	o v a ʁ
אירוסין	i ʁ o s i n
אלגוריתם	a l ɡ o ʁ i t e m
אפים	a f i m
ארך	a ʁ a χ
באיי	b a a j
בדיבור	b e d i b u ʁ
בהיריון	b e h i ʁ j o n
בחבר	b a χ b a ʁ
בחלוקת	b a χ l u k a t
בחרב	b a χ ʁ a v
ביונסה	b i j o n a s a
בנסיעה	b e n e s i a
בסיסיות	b e s i s j u t
ברבעון	b a ʁ b a o n
גולש	ɡ o l e ʃ
גידולים	ɡ i d u l i m
גידי	ɡ i d i
גמורים	ɡ a m u ʁ i m
דורה	d o ʁ a
דיווחה	d i v a χ a
האדמות	h e e d e m u t
האירוח	h e i ʁ u a χ
האמינה	h e e m i n a
הדבקה	h i d b e k a
ההתקפות	h e h i t k a f u t
הווי	h a v i
הזרעים	h i z ʁ a i m
החגיגה	h i χ ɡ i ɡ a
החתולים	h i χ t u l i m
הידידות	h i d i d u t
היונים	h i j o n i m
הילרי	h i l ʁ i
המלאי	h i m l a j
המציג	h i m t͡s i ɡ
המתקדם	h i m t a k d e m
הניצולים	h i n i t͡s u l i m
הנפילה	h i n p i l a
הנקמה	h i n k e m a
הפצוע	h i f t͡s u a
הצלחתם	h i t͡s l a χ t e m
הקדמית	h i k d e m i t
הקדש	h i k d e ʃ
הקרוי	h i k ʁ u j
השארת	h i ʃ a ʁ e t
השחורות	h i ʃ χ o ʁ u t
השטר	h i ʃ t e ʁ
השקת	h i ʃ k e t
השרידים	h i ʃ ʁ i d i m
התחזית	h i t χ a z i t
התנהלה	h i t n a h e l a
התנהלו	h i t n a h e l u
וגן	v a ɡ a n
והיכן	v e h i χ e n
ולשון	v a l ʃ o n
ורדי	v a ʁ d i
ורדים	v a ʁ d i m
חביות	χ a v j u t
חדים	χ a d i m
חוזק	χ o z e k
חוטף	χ o t e f
חוכמה	χ u χ m a
חולמים	χ o l a m i m
חילונים	χ i l o n i m
חלבונים	χ a l b o n i m
חמודים	χ a m u d i m
חסין	χ a s i n
טבלה	t a v l a
יגלו	j a ɡ l u
יולדת	j o l e d e t
יישומים	j i ʃ u m i m
יצרן	j a t͡s ʁ a n
כשמישהו	k a ʃ m i ʃ a h u
לבטוח	l i v t u a χ
להשלמת	l e h i ʃ l e m e t
להתפשר	l e h i t p e ʃ e ʁ
לחדול	l a χ d u l
לט	l a t
למשרה	l i m ʃ a ʁ a
לשמות	l i ʃ m u t
לתפקידים	l i t p a k i d i m
מאל	m a a l
מולם	m o l a m
מורחב	m o ʁ χ a v
מחרוזת	m a χ ʁ u z e t
מטעה	m a t a
מירה	m i ʁ a
ממלכתית	m a m l a χ t i t
מנעו	m a n a u
מסין	m a s i n
מעטפת	m a a t e f e t
משטרתית	m i ʃ t a ʁ t i t
משלימה	m i ʃ l i m a
משתפים	m i ʃ t a f i m
נזקקים	n i z k a k i m
נילי	n i l i
נכחו	n i χ χ u
נסגרה	n i s ɡ a ʁ a
נענע	n a a n a
נשאה	n i ʃ a
נשמעה	n i ʃ m a
סגירה	s ɡ i ʁ a
סקרן	s a k ʁ a n
עמיד	a m i d
ענית	a n i t
פאול	p a u l
צופן	t͡s o f a n
ציפוי	t͡s i p u j
צלצול	t͡s a l t͡s u l
קולית	k o l i t
קומוניסטים	k o m o n i s t i m
קלוש	k a l u ʃ
ראשך	ʁ e ʃ e χ
רוסו	ʁ o s o
רוקדת	ʁ o k e d e t
ריאן	ʁ i a n
רקדנית	ʁ a k d a n i t
שא	ʃ a
שדומה	ʃ a d u m a
שילמה	ʃ i l m a
שישבו	ʃ i ʃ b u
שמורת	ʃ a m u ʁ a t
שמצאנו	ʃ i m t͡s a n u
שראתה	ʃ a ʁ a t a
תחזוקה	t a χ z u k a
תחזיר	t a χ z i ʁ
תריסר	t ʁ i s e ʁ
he	h e
אבדן	a v d a n
אביחי	a v i χ i
אדגר	a d ɡ a ʁ
אדמירל	a d m i ʁ e l
אווירי	a v i ʁ i
אחווה	a χ v a
אינטל	i n t e l
אמרתם	a m a ʁ t e m
אפלה	a f l a
בארמית	b e a ʁ m i t
בגיוס	b a ɡ j o s
בהליכה	b e h e l i χ a
בהתקפה	b e h i t k a f a
בחסידות	b a χ s i d u t
ביוזמת	b i j u z e m e t
ביס	b i s
בכיתי	b e χ i t i
ברבנות	b a ʁ b a n u t
ברשימות	b a ʁ ʃ i m u t
בשירותי	b e ʃ i ʁ u t i
בתבנית	b i t b a n i t
בתחנות	b i t χ a n u t
בתשעה	b i t ʃ a a
גמרא	ɡ a m ʁ a
גרניט	ɡ a ʁ n i t
הגברי	h i ɡ b a ʁ i
הגירושין	h i ɡ i ʁ u ʃ i n
הדפסת	h i d p e s e t
ההיתר	h e h i t e ʁ
הובאה	h o v a
הוגדר	h o ɡ d e ʁ
הוקי	h o k i
היערות	h i a ʁ u t
המליצה	h i m l i t͡s a
המעיל	h i m i l
המצבים	h i m t͡s e v i m
הניתנים	h i n i t a n i m
הסיפון	h i s i f o n
הסעה	h i s a
הצאר	h i t͡s a ʁ
הקובעת	h i k o v a a t
הרה	h a ʁ a
הרחצה	h i ʁ χ a t͡s a
הריקודים	h a ʁ i k o d i m
התימנים	h i t i m e n i m
התיקונים	h i t i k o n i m
התפוח	h i t p u a χ
התשיעית	h i t ʃ i i t
ודן	v a d a n
והיחיד	v e h i χ i d
והעבודה	v e e v u d a
והצלחה	v e h i t͡s l a χ a
וחדר	v a χ d a ʁ
ויוצרים	v i j u t͡s a ʁ i m
וילד	v i l e d
וימי	v i m i
וליד	v a l i d
ושינוי	v e ʃ i n u j
זמנם	z i m n e m
חגית	χ a ɡ i t
חלוצי	χ a l u t͡s i
חלפה	χ a l a f a
חמאת	χ a m a t
טעימים	t a i m i m
ידידותית	j a d i d u t i t
יוז	j o z
ייצג	j i t͡s e ɡ
יכולתה	j e χ u l t a
כבוש	k a v u ʃ
כחומר	k a χ u m a ʁ
להודעה	l e h u d a a
להיענות	l e h i a n u t
להישבע	l e h i ʃ b a
להצטער	l e h i t͡s t a ʁ
להשתיק	l e h i ʃ t i k
לחנויות	l a χ n u j u t
לידת	l i d e t
למ	l a m
למופת	l a m u f a t
לנהג	l i n h a ɡ
מאוהבים	m e o h a v i m
מאמצע	m e a m t͡s a
מועדי	m o a d i
מיוחס	m i j u χ a s
מכח	m a χ a χ
מסננים	m a s n a n i m
מעז	m a a z
מתגלים	m i t ɡ a l i m
נבוך	n a v u χ
נדאג	n i d a ɡ
נזיקין	n i z i k i n
נזקק	n i z k e k
נחלים	n a χ l i m
נכד	n i χ e d
נמכרה	n i m k a ʁ a
נרד	n a ʁ a d
נרקיס	n i ʁ k i s
נשמת	n i ʃ m e t
סטן	s a t a n
סיפוח	s i p u a χ
עגלות	a ɡ l u t
פוצץ	p o t͡s e t͡s
פורמלי	p o ʁ m a l i
פיני	p i n i
פסקו	p a s a k o
ציינתי	t͡s a j a n t i
קומת	k o m e t
קורין	k o ʁ i n
קית	k i t
קלווין	k a l v i n
קליפת	k l i f e t
רכישה	ʁ e χ i ʃ a
רני	ʁ a n i
רף	ʁ a f
שגורמת	ʃ ɡ o ʁ e m e t
שטוחה	ʃ a t u χ a
שטייניץ	ʃ t a j n i t͡s
שילר	ʃ i l e ʁ
שימוע	ʃ i m u a
שימושיים	ʃ i m u ʃ a j i m
שימושים	ʃ i m u ʃ i m
שלחת	ʃ a l a χ a t
שמידט	ʃ m i d e t
ששתי	ʃ i ʃ t i
תבשיל	t a v ʃ i l
תולה	t o l a
תכניס	t a χ n i s
תסתיים	t a s t a j i m
תרגישי	t a ʁ ɡ i ʃ i
תרשים	t a ʁ ʃ i m
תשיג	t ʃ i ɡ
le	l e
like	l i k e
part	p a r t
und	u n d
אהדה	a h a d a
אווירית	a v i ʁ i t
אוזניות	o z a n j u t
אופס	o f a s
אורגנית	o ʁ ɡ a n i t
אחידות	a χ i d u t
אלין	a l i n
באן	b a a n
בארגונים	b e a ʁ ɡ o n i m
בדיכאון	b e d i χ a o n
בהירה	b e h i ʁ a
בוועידה	b a v i d a
בטלה	b a t a l a
ביסוד	b i s u d
בלאגן	b a l a ɡ a n
בנסיון	b e n e s j o n
בריתו	b ʁ i t u
בריתות	b ʁ i t u t
ברנס	b a ʁ n a s
ברנרד	b a ʁ n a ʁ a d
בשעתו	b i ʃ a t u
גורר	ɡ o ʁ a ʁ
גילינו	ɡ i l i n u
דיוקן	d i j u k a n
האפלה	h e e f l a
הגיבה	h i ɡ i v a
ההאשמות	h e e ʃ e m u t
הטייסים	h i t j a s i m
הישועה	h i ʃ u a
הכפרי	h i χ p a ʁ i
הכתף	h i χ t e f
המאכל	h i m a χ e l
המדים	h i m d i m
המלווים	h i m l a v i m
המלצת	h i m l a t͡s e t
המסילה	h i m s i l a
המשלים	h i m ʃ a l i m
המשפיע	h i m ʃ p i a
הנכד	h i n k e d
הנסתר	h i n s t e ʁ
הנשיקה	h i n ʃ i k a
הסבירה	h i s b i ʁ a
הפלגה	h i f l e ɡ a
הפסדת	h i f s e d e t
הפשוטים	h i f ʃ u t i m
השידורים	h i ʃ i d u ʁ i m
השיתוף	h i ʃ i t u f
השליטים	h i ʃ l i t i m
התגלות	h i t ɡ a l u t
התהום	h i t h u m
והחינוך	v e h i n u χ
והחלק	v e h a l e k
ויהודה	v i h u d a
וילי	v i l i
ולנו	v a l a n u
זמינים	z a m i n i m
חוליה	χ o l j a
חופים	χ o f i m
חוקת	χ o k e t
חטיבות	χ a t i v u t
חיסכון	χ i s k o n
חלוצים	χ a l u t͡s i m
חלוקים	χ a l u k i m
חלקנו	χ a l a k a n u
חף	χ a f
חצה	χ a t͡s a
חצרות	χ a t͡s a ʁ u t
יונס	j o n e s
יכיר	j e χ i ʁ
יעקוב	j a a k o v
ישירים	j e ʃ i ʁ i m
ישתמש	j i ʃ t a m e ʃ
יתום	j a t u m
כימית	k i m i t
כלכליסט	k a l a χ l i s t
כמותם	k a m u t e m
להציק	l e h a t͡s i k
להתפנות	l e h i t p a n u t
להתרשם	l e h i t ʁ e ʃ e m
לוועד	l a v a d
לון	l o n
לורי	l o ʁ i
לחללי	l a χ l a l i
ליזום	l i z u m
ליחידות	l i χ i d u t
ליסה	l i s a
ללוח	l a l u a χ
למאי	l a m a j
למגדל	l i m ɡ d e l
למעגל	l i m a ɡ e l
לסגנון	l i s ɡ a n o n
לספרים	l i s p a ʁ i m
לערים	l a a ʁ i m
לצרכן	l i t͡s ʁ a χ a n
לקליטת	l i k l i t e t
לתפיסת	l i t f i s e t
מהתוכנית	m e h i t u χ n i t
מהתחלה	m e h i t χ a l a
מואשם	m o a ʃ e m
מחמאה	m a χ m a
מחמיא	m a χ m i
מיגל	m i ɡ e l
מילולי	m i l u l i
מימן	m i m e n
מע	m a
משפחתם	m i ʃ p a χ t e m
מתחשק	m i t χ a ʃ e k
נולדים	n o l a d i m
ניהלו	n i h e l u
ניוז	n i j u z
ניצנים	n i t͡s a n i m
נמסרה	n i m s a ʁ a
נענו	n a a n u
נקבר	n i k b a ʁ
סודית	s o d i t
סרק	s a ʁ a k
ענישה	a n i ʃ a
פריטי	p ʁ i t i
צדי	t͡s a d i
צועדים	t͡s o a d i m
צלול	t͡s a l u l
צללים	t͡s a l a l i m
קדמה	k a d a m a
קוסם	k o s e m
קוקו	k o k o
קוראי	k o ʁ a j
קיוויתי	k i v i t i
קלינית	k l i n i t
קלר	k a l a ʁ
רקמה	ʁ a k a m a
שותק	ʃ o t e k
שיני	ʃ i n i
שכה	ʃ a χ a
שמבין	ʃ i m b i n
שמראה	ʃ i m ʁ a
שנוגע	ʃ n u ɡ a
תגבורת	t a ɡ v u ʁ e t
תגלית	t a ɡ l i t
תשאר	t i ʃ a ʁ
אביגיל	a v i ɡ i l
אבירים	a v i ʁ i m
אדיש	a d i ʃ
אדמונד	a d m o n d
אופטימי	o f t i m i
אותנטי	o t a n t i
אימץ	i m e t͡s
אמיצים	a m i t͡s i m
אמנית	a m a n i t
אניטה	a n i t a
אסונות	a s o n u t
אפגניסטן	a f ɡ n i s t a n
בהעדר	b e e d e ʁ
בוועד	b a v a d
בסיפורים	b e s i p o ʁ i m
ברטון	b a ʁ t o n
בריח	b ʁ i a χ
ברנע	b a ʁ n a
בש	b a ʃ
בשישי	b e ʃ i ʃ i
גורשו	ɡ o ʁ ʃ u
גזירה	ɡ z i ʁ a
דהא	d a h a
דונה	d o n a
דתם	d a t a m
האיסלאם	h e i s l a m
האפס	h e e f e s
הארווי	h e e ʁ v i
הגיא	h i ɡ i
הגילאים	h i ɡ i l a j i m
הה	h a
ההיריון	h e h i ʁ j o n
הועלתה	h o e l t a
הזכרים	h i z k a ʁ i m
הזמנית	h i z m a n i t
המאושר	h i m o ʃ e ʁ
המצוקה	h i m t͡s u k a
המשי	h i m ʃ i
הנשיאים	h i n ʃ i i m
הסכמות	h i s k e m u t
הסכנות	h i s k a n u t
הסלון	h i s l o n
הערובה	e e ʁ u v a
העשייה	e e ʃ i j a
הפסולת	h i f s u l e t
הצפנה	h i t͡s p a n a
הקברים	h i k b a ʁ i m
הקמה	h i k m a
הקמח	h i k m e a χ
הקשב	h i k ʃ e v
הרגישות	h i ʁ ɡ i ʃ u t
הרכישה	h i ʁ k i ʃ a
התזונה	h i t z o n a
התכנים	h i t k a n i m
התצוגה	h i t t͡s u ɡ a
התקנים	h i t k a n i m
והפועל	v e h a p u a l
וילנה	v i l a n a
ולאורך	v a l o ʁ a χ
ורפואה	v a ʁ p u a
ושימש	v e ʃ i m e ʃ
זום	z u m
חברינו	χ a v ʁ i n u
חולמת	χ o l e m e t
חלופה	χ a l u f a
חלוקות	χ a l u k u t
חשיש	χ a ʃ i ʃ
טפי	t a f i
ידית	j a d i t
יורשו	j o ʁ ʃ u
יחל	j a χ a l
יישובי	j i ʃ u v i
יסמין	j a s m i n
יעלון	j a a l o n
כגוף	k a ɡ u f
כיתת	k i t e t
לבון	l a v o n
לגל	l a ɡ a l
להודו	l a h u d u
להיפתח	l e h i p t e a χ
לווין	l a v i n
לחקירת	l a χ k i ʁ e t
לייעץ	l a j a t͡s
למושג	l a m u ʃ e ɡ
לני	l a n i
לתפילה	l i t f i l a
לתקציב	l i t k a t͡s i v
מגדירים	m a ɡ d i ʁ i m
מהרב	m a a ʁ a v
מהרי	m a a ʁ i
מחמיר	m a χ m i ʁ
מלחיץ	m a l χ i t͡s
ממלאת	m a m l a t
ממשיכות	m a m ʃ i χ u t
נטיות	n i t j u t
נרגש	n i ʁ ɡ e ʃ
סוכם	s o χ e m
סטארט	s t a ʁ t
סטייה	s t i j a
סיליקון	s i l i k o n
סת	s a t
עוטף	o t e f
עטיפת	a t i f e t
עלובה	a l u v a
עצמאיות	a t͡s m a j u t
ערוצים	a ʁ u t͡s i m
פוני	p o n i
פרידריך	p ʁ i d ʁ i χ
צרים	t͡s a ʁ i m
קולטת	k o l t e t
קרונות	k a ʁ o n u t
רוכשים	ʁ o χ ʃ i m
רזי	ʁ a z i
רייט	ʁ a j a t
רעם	ʁ a a m
שהתפרסם	ʃ e h i t p a ʁ s e m
שוהה	ʃ o h a
שוכר	ʃ o χ a ʁ
שחשב	ʃ a χ ʃ a v
שיגר	ʃ i ɡ e ʁ
שיצאתי	ʃ i t͡s a t i
שיקבלו	ʃ i k b e l u
שיתן	ʃ i t e n
שמסר	ʃ i m s e ʁ
שנפצע	ʃ i n p a t͡s a
שקולה	ʃ k u l a
תורמת	t o ʁ e m e t
תחפושת	t a χ p u ʃ e t
תמסור	t a m s u ʁ
תרגומים	t a ʁ ɡ u m i m
תשמרי	t i ʃ m a ʁ i
אביבית	a v i v i t
אוונס	a v a n a s
אזוריות	a z u ʁ j u t
איירס	a j a ʁ a s
אלשיך	a l ʃ i χ
אמירות	a m i ʁ u t
אפולו	a f u l u
אפתח	a f t a χ
אתגרים	a t ɡ a ʁ i m
בגל	b a ɡ a l
בחקיקה	b a χ k i k a
בילוי	b i l u j
בלש	b a l a ʃ
בעיקרה	b e i k a ʁ a
בשוגג	b e ʃ u ɡ e ɡ
בתיבה	b e t i v a
גמיש	ɡ a m i ʃ
דער	d a a ʁ
דש	d a ʃ
האפר	h e e f e ʁ
האשים	h e e ʃ i m
הבחינו	h i v χ i n u
הבתולה	h i v t u l a
הגדילה	h i ɡ d i l a
הגזרה	h i ɡ z a ʁ a
הגשרים	h i ɡ ʃ a ʁ i m
ההזדמנויות	h e h i z d e m a n u j u t
הזיכרונות	h i z i k ʁ o n u t
היעילות	h i i l u t
הלחות	h i l χ u t
המציאו	h i m t͡s i u
המרק	h i m ʁ e k
הניתנת	h i n i t e n e t
הנפץ	h i n p e t͡s
הסדרים	h i s d a ʁ i m
הסנטר	h i s n a t e ʁ
העדפה	e e d e f a
העלאה	e e l a
הפקר	h i f k e ʁ
הצביעה	h i t͡s b i a
הקליפה	h i k l i f a
הרמז	h i ʁ m e z
השאירה	h i ʃ i ʁ a
השיש	h i ʃ i ʃ
השכנות	h i ʃ k a n u t
השפעתם	h i ʃ p a a t e m
התירוץ	h i t i ʁ u t͡s
התערובת	h i t a ʁ u v e t
התרחק	h i t ʁ a χ e k
התרסקות	h i t ʁ a s k u t
ואינן	v e i n e n
ומחוץ	v i m χ u t͡s
ורגע	v a ʁ ɡ a
ורצה	v a ʁ a t͡s a
ושיר	v e ʃ i ʁ
ושיש	v e ʃ i ʃ
חווית	χ a v i t
חזות	χ a z u t
חזותית	χ a z u t i t
חטאת	χ a t a t
חרדיות	χ a ʁ a d j u t
טיולי	t i j u l i
ייסד	j i s e d
יכלול	j a χ l u l
יערי	j a a ʁ i
כישוף	k i ʃ u f
כעיר	k a i ʁ
לאון	l a ʔ o n
לאח	l a a χ
לבדיקות	l i v d i k u t
לבדם	l a v d a m
לגו	l a ɡ u
להתחזק	l e h i t χ a z e k
לואיז	l o i z
לחלקים	l a χ l a k i m
ליוון	l i v e n
למתוח	l i m t u a χ
לסגירת	l i s ɡ i ʁ e t
לסגל	l i s ɡ e l
לסכל	l i s k e l
לסרטן	l i s ʁ a t a n
לענף	l a a n e f
לערבית	l e a ʁ b i t
לתוכה	l a t u χ a
לתעשייה	l i t a ʃ i j a
מגניבים	m a ɡ n i v i m
מודד	m o d e d
מון	m o n
מזהב	m i z h a v
מחאות	m a χ a u t
מילאה	m i l a
מינויים	m i n u j i m
מינרלים	m i n ʁ a l i m
מעליה	m a a l j a
מקצוענים	m a k t͡s u a n i m
מרעב	m a ʁ a v
משתמשי	m i ʃ t a m ʃ i
משתנות	m i ʃ t a n u t
מתג	m a t a ɡ
מתהליך	m i t h a l i χ
נחלש	n a χ l a ʃ
נחשבות	n a χ ʃ a v u t
נטשו	n i t ʃ u
נמנעו	n i m n a u
נקשר	n i k ʃ a ʁ
נשבעתי	n i ʃ b a a t i
סיבוכים	s i b u χ i m
ספא	s a f a
ספג	s a f a ɡ
עדינים	a d i n i m
עוצם	o t͡s e m
עינינו	i n i n u
עמיתים	a m i t i m
ערכית	a ʁ k i t
פולו	p o l o
פינק	p i n e k
פלס	p a l a s
פרג	p a ʁ a ɡ
פתע	p a t a
צבעונית	t͡s a v o n i t
ציות	t͡s i j u t
צפויות	t͡s a f u j u t
קט	k a t
רוד	ʁ o d
רול	ʁ o l
רטובה	ʁ a t u v a
שוטפים	ʃ o t a f i m
שוטפת	ʃ o t e f e t
שוטרי	ʃ o t a ʁ i
שונאי	ʃ o n a j
שחף	ʃ a χ a f
שידורים	ʃ i d u ʁ i m
שיהודים	ʃ i h u d i m
שיכלו	ʃ i χ l u
שיפר	ʃ i p e ʁ
שכיחות	ʃ χ i χ u t
שלומך	ʃ a l u m a χ
שמקורה	ʃ i m k o ʁ a
שעזר	ʃ a a z a ʁ
שקנה	ʃ a k a n a
ששי	ʃ a ʃ i
תולעים	t o l a i m
תרבותיות	t a ʁ b u t j u t
but	b u t
full	f u l
איורים	i j u ʁ i m
אינטנסיבית	i n t a n s i v i t
אכזריות	a χ z a ʁ j u t
אלופה	a l u f a
אמריקאיות	a m ʁ i k a j u t
אנטיביוטיקה	a n t i b j u t i k a
ארונות	a ʁ o n u t
באילו	b e i l u
בהתמדה	b e h i t m e d a
ביגוד	b i ɡ u d
בידיה	b i d j a
ברב	b a ʁ a v
בתפילת	b i t f i l e t
גואל	ɡ o e l
גלאון	ɡ a l a o n
גרנד	ɡ a ʁ n a d
דחק	d a χ a k
האבוד	h e e v u d
הגדלה	h i ɡ d e l a
הגיטרה	h i ɡ i t a ʁ a
הגרעינית	h i ɡ ʁ a i n i t
הובס	h o v e s
הוריקן	h o ʁ i k a n
הזרה	h i z ʁ a
הטנק	h i t n e k
הלבנוני	h i l b a n o n i
המחול	h i m χ u l
המצויה	h i m t͡s u j a
הנחשב	h i n χ a ʃ e v
הנעה	h i n a
הנצחה	h i n t͡s a χ a
הסעד	h i s a d
הסצנה	h i s t͡s a n a
הסתגלות	h i s t a ɡ l u t
הפלת	h i f l e t
הצבי	h i t͡s b i
הק	h a k
הקיבוצי	h i k i b u t͡s i
הקללה	h i k l a l a
הרכיב	h i ʁ k i v
השמנה	h i ʃ m a n a
השרות	h i ʃ ʁ u t
התאהבתי	h i t a h a v t i
התייצב	h i t j a t͡s e v
התריס	h i t ʁ i s
ויכולה	v i χ u l a
ולוקח	v a l u k a χ
ומוזיקה	v e m u z i k a
זאק	z a a k
חורב	χ o ʁ e v
חידות	χ i d u t
חסרונות	χ a s ʁ o n u t
חרוזים	χ a ʁ u z i m
יהוד	j e h u d
יוצרי	j o t͡s a ʁ i
ימנית	j a m a n i t
ין	j a n
ינא	j a n a
כובעים	k o v a i m
כיווני	k i v a n i
כמספר	k a m a s p a ʁ
לאכילה	l e e χ i l a
לגב	l a ɡ a v
להט	l a h a t
להסתלק	l e h i s t a l e k
להשתפר	l e h i ʃ t a p e ʁ
לחוד	l a χ u d
לחתור	l a χ t u ʁ
ליוו	l i v
ליחסים	l i χ s i m
לכהונה	l i χ h o n a
לנחם	l i n χ e m
לפשוט	l i f ʃ u t
לקלל	l i k l e l
לש	l a ʃ
מזדהה	m i z d a h a
מחריד	m a χ ʁ i d
מסעי	m a s a i
מרחוב	m a ʁ χ u v
מרקחת	m a ʁ k a χ a t
מתבגרים	m i t b a ɡ a ʁ i m
מתוח	m a t u a χ
נגדך	n i ɡ d e χ
נוגד	n o ɡ e d
נוסיף	n o s i f
נועז	n o a z
נופי	n o f i
נחשפה	n a χ ʃ a f a
ניצולים	n i t͡s u l i m
נעוץ	n a u t͡s
נשאלת	n i ʃ a l e t
נשחק	n i ʃ χ a k
סמויה	s a m u j a
סעי	s a i
סעיפי	s e i f i
סקסית	s a k s i t
סתומה	s t u m a
עינו	i n u
פגמים	p a ɡ m i m
פורטו	p o ʁ t o
פילוסופית	p i l o s o f i t
פיפי	p i p i
פרשנים	p a ʁ ʃ a n i m
צועקת	t͡s o a k e t
קאנט	k a a n t
קדחת	k a d a χ a t
קליפות	k l i f u t
רישומים	ʁ i ʃ u m i m
שוחח	ʃ o χ a χ
שוקלת	ʃ o k e l e t
שיזוף	ʃ i z u f
שלימה	ʃ l i m a
שפך	ʃ a f a χ
תהיתי	t e h i t i
תובעים	t o v a i m
תופים	t o f i m
תיגר	t i ɡ e ʁ
תקליטים	t a k l i t i m
תשוב	t ʃ u v
will	w i l
אביתר	a v i t e ʁ
אינון	i n o n
אלילים	a l i l i m
אמינים	a m i n i m
אקט	a k a t
אתיקה	a t i k a
בבולגריה	b e v u l ɡ a ʁ j a
ביחידת	b i χ i d e t
בימוי	b i m u j
בלבן	b a l b a n
בלוב	b a l u v
בלובי	b a l u v i
במינכן	b e m i n χ a n
בניסוי	b e n i s u j
בעלמא	b a a l m a
בפיצוץ	b e f i t͡s u t͡s
בשיחת	b e ʃ i χ e t
גליון	ɡ a l j o n
גלישה	ɡ l i ʃ a
דאעש	d a a ʃ
האונייה	h e o n i j a
האזוריות	h e e z o ʁ j u t
האמונות	h e e m o n u t
הוגה	h o ɡ a
החפירות	h e χ p i ʁ u t
היערכות	h i a ʁ χ u t
המחדל	h i m χ a d e l
המתחרה	h i m t a χ a ʁ a
הסחורות	h i s χ o ʁ u t
הסקרים	h i s k a ʁ i m
הסרטונים	h i s ʁ a t o n i m
העידו	h e i d u
העילית	h e i l i t
הפגינו	h i f ɡ i n u
הפסים	h i f s i m
הצהרות	h i t͡s h a ʁ u t
הצרה	h i t͡s ʁ a
הקדים	h i k d i m
הקצוות	h i k t͡s a v e t
הרחיב	h i ʁ χ i v
הרחקה	h i ʁ χ a k a
השלילי	h i ʃ l i l i
השריר	h i ʃ ʁ i ʁ
התבונה	h i t b o n a
התיירים	h i t j a ʁ i m
התלונה	h i t l o n a
התלות	h i t l u t
התמותה	h i t m u t a
התקשרות	h i t k a ʃ a ʁ u t
וחם	v a χ a m
וידיאו	v i d i u
ויכולים	v i χ u l i m
וירד	v i ʁ e d
ורבע	v a ʁ b a
ושבעה	v i ʃ b a a
זהותם	z a h u t e m
חילקו	χ i l k o
חיסונים	χ i s o n i m
חלקיקים	χ a l k i k i m
חסוי	χ a s u j
חסידיו	χ a s i d j u
חסם	χ a s a m
חצוף	χ a t͡s u f
חשמליות	χ a ʃ m a l j u t
טירה	t i ʁ a
יוקר	j o k e ʁ
ימיה	j a m j a
כביר	k a v i ʁ
כוון	k a v a n
כעשר	k a a ʃ a ʁ
לאוסטרליה	l e o s t a ʁ l j a
לבל	l a v a l
להבא	l a h a v a
להיאחז	l e h i a χ e z
להיכל	l e h i χ e l
להתאושש	l e h i t o ʃ e ʃ
לזאת	l i z a t
לזכרון	l i z k a ʁ o n
לזרוע	l i z ʁ u a
למחול	l i m χ u l
לסחור	l i s χ o ʁ
לציור	l i t͡s j o ʁ
לרוחב	l a ʁ u χ a v
לשטן	l i ʃ t a n
לשלוף	l i ʃ l u f
לשלמות	l i ʃ l a m u t
לתעד	l i t a d
מגבות	m a ɡ v u t
מדיסון	m a d i s o n
מדעת	m a d a a t
מהרבה	m a a ʁ b a
מותאם	m o t a m
מלעשות	m a l a ʃ u t
מנו	m a n u
מספיקים	m a s p i k i m
מרוח	m a ʁ u a χ
מרשימים	m a ʁ ʃ i m i m
משבוע	m i ʃ b u a
משדרים	m i ʃ d a ʁ i m
מתאהב	m i t a h a v
נאים	n a i m
נואם	n o a m
נוכחים	n o χ a χ i m
נורמליים	n o ʁ m a l a j i m
נטה	n a t a
נטשה	n i t ʃ a
ניאו	n i u
נמרצות	n i m ʁ a t͡s u t
נשתמש	n i ʃ t a m e ʃ
סולח	s o l a χ
עגל	a ɡ a l
עגלת	a ɡ l a t
עמידות	a m i d u t
עניינית	a n j a n i t
פדיון	p a d j o n
פונקציות	p o n k a t͡s j u t
פוריה	p o ʁ j a
פוריות	p o ʁ j u t
פותר	p o t e ʁ
פלוגת	p l u ɡ e t
פליליות	p l i l j u t
פרשן	p a ʁ ʃ a n
פשיעה	p ʃ i a
צמיד	t͡s a m i d
קארה	k a a ʁ a
קבעתי	k a v a t i
קפצה	k a f a t͡s a
קרוליינה	k ʁ u l j a n a
קרש	k a ʁ a ʃ
רהב	ʁ a h a v
רודי	ʁ o d i
רומנים	ʁ o m a n i m
שבאת	ʃ a v a t
שבב	ʃ a v a v
שבחיים	ʃ a v χ a j i m
שהתברר	ʃ e h i t b a ʁ e ʁ
שואו	ʃ o u
שודדי	ʃ o d a d i
שחלפו	ʃ a χ l a f u
שמחכה	ʃ i m χ a χ a
שס	ʃ a s
שקם	ʃ a k a m
שרביט	ʃ a ʁ b i t
שתית	ʃ a t i t
תבונה	t a v u n a
תופת	t o f e t
תחביב	t a χ b i v
תקליט	t a k l i t
led	l e d
take	t a k e
אולטרה	o l t a ʁ a
אוסיף	o s i f
איפוא	i p u
אליל	a l i l
אלמגור	a l m a ɡ o ʁ
אקו	a k o
ארגן	a ʁ ɡ a n
באוהל	b e o h e l
באחוזים	b e a χ u z i m
בוהה	b o h a
בחדרים	b a χ d a ʁ i m
בחקירת	b a χ k i ʁ e t
ביהודי	b i h u d i
ביולוגיה	b i j u l u ɡ j a
בירי	b i ʁ i
בעוון	b a a v a n
ברעננה	b a ʁ a n a n a
בשבעה	b i ʃ b a a
בשבתו	b i ʃ b a t u
בשלג	b i ʃ l e ɡ
בשלווה	b i ʃ l a v a
דרג	d a ʁ a ɡ
הבראה	h i v ʁ a
הברזילאי	h i v ʁ a z i l a j
הגדל	h i ɡ d e l
הגלריה	h i ɡ l a ʁ j a
הגרלה	h i ɡ ʁ a l a
הדבק	h i d b e k
הורדה	h o ʁ d a
הזונות	h i z o n u t
הטומאה	h i t u m a
הלבנון	h i l b a n o n
המאות	h i m o t
המאסר	h i m a s e ʁ
המגיד	h i m ɡ i d
המכביה	h i m k a v j a
המכונים	h i m k o n i m
המכילה	h i m k i l a
הממוקמת	h i m m u k e m e t
המסור	h i m s o ʁ
המעטים	h i m a t i m
המעידים	h i m i d i m
המפיק	h i m p i k
המצאות	h i m t͡s a u t
הנפקת	h i n p e k e t
הנשית	h i n ʃ i t
הסמוכות	h i s m u χ u t
הספורטאים	h i s p o ʁ t a j i m
הסתכלה	h i s t a χ l a
העפר	e e f e ʁ
הפלדה	h i f l a d a
הקלף	h i k l e f
התסמינים	h i t s a m i n i m
התעלם	h i t a l e m
ואנטי	v a n t i
וביצוע	v e v i t͡s u a
ודין	v a d i n
והיהודים	v e h i h u d i m
וחג	v a χ a ɡ
ויושב	v i j u ʃ e v
ויקר	v i k e ʁ
ולס	v a l a s
ומוצרי	v e m u t͡s a ʁ i
ומחכה	v i m χ a χ a
ומצאו	v i m t͡s a u
ורצח	v a ʁ t͡s a χ
ושירה	v e ʃ i ʁ a
ושמח	v i ʃ m e a χ
חובש	χ o v e ʃ
חורבות	χ o ʁ b u t
חיוור	χ i v e ʁ
טוד	t o d
יסלח	j a s l a χ
כלולים	k l u l i m
כשחקן	k a ʃ χ a k a n
כתחליף	k a t χ a l i f
לאחריו	l e a χ a ʁ j u
להדריך	l e h a d ʁ i χ
להרס	l a h a ʁ a s
להתגאות	l e h i t ɡ a u t
להתעלות	l e h i t a l u t
לוחצים	l o χ a t͡s i m
לזר	l a z a ʁ
ליבם	l i v e m
למשנהו	l i m ʃ a n a h u
לנס	l a n a s
לעימות	l a i m u t
מאף	m a a f
מגישה	m a ɡ i ʃ a
מגנטי	m a ɡ n a t i
מועסקים	m o a s k i m
מחנך	m a χ n a χ
מכנסי	m a χ n a s i
מלט	m a l a t
מלכותי	m a l χ u t i
מרגיז	m a ʁ ɡ i z
מרצועת	m a ʁ t͡s u a t
מתחומי	m i t χ u m i
מתפקד	m i t p a k e d
נאו	n a u
נבוא	n a v u
נשברה	n i ʃ b a ʁ a
סגרנו	s a ɡ ʁ a n u
סובר	s o v a ʁ
סוסי	s o s i
עובי	o v i
עוגן	o ɡ a n
ענני	a n a n i
עצירת	a t͡s i ʁ e t
פדרלי	p a d ʁ a l i
פוסטים	p o s t i m
פורצים	p o ʁ t͡s i m
פיש	p i ʃ
פישל	p i ʃ e l
פראי	p a ʁ a j
צבעו	t͡s a v a u
צף	t͡s a f
קהילתית	k e h i l t i t
קומוניסטית	k o m o n i s t i t
קוני	k o n i
קוסטה	k o s t a
קידם	k i d e m
קיומן	k i j u m e n
קיטור	k i t u ʁ
קייס	k a j a s
קליני	k l i n i
ראול	ʁ a u l
ריילי	ʁ a j a l i
רנו	ʁ a n u
שברתי	ʃ a v ʁ a t i
שהבאת	ʃ a h a v a t
שהתחילה	ʃ e h i t χ i l a
שימות	ʃ i m u t
שיניתי	ʃ i n i t i
שיפוטי	ʃ i p u t i
שכיחה	ʃ χ i χ a
תוקן	t o k a n
תחילתה	t χ i l t a
dc	d e s e
pdf	p e d e f
war	w a r
אהבנו	a h a v a n u
אופטימיות	o f t i m j u t
אילולא	i l u l a
אינטנסיבי	i n t a n s i v i
אפיון	a f j o n
אפלים	a f l i m
אפשרה	a f ʃ a ʁ a
ארל	a ʁ a l
באך	b a a χ
בביטול	b e v i t u l
בדוח	b a d u a χ
בהצטיינות	b e h i t͡s t a j a n u t
בוורשה	b a v a ʁ ʃ a
בזווית	b i z v i t
בלאו	b a l a u
בעייתית	b a a j a t i t
בפירוט	b e f i ʁ u t
בתפיסת	b i t f i s e t
האתיופית	h e e t j o f i t
הברק	h i v ʁ e k
הגדיל	h i ɡ d i l
הגירושים	h i ɡ i ʁ u ʃ i m
הדגמים	h i d ɡ e m i m
הדדיות	h i d d i j u t
הדרכת	h i d ʁ e χ e t
ההיכל	h e h i χ e l
הודית	h o d i t
הורסת	h o ʁ e s e t
הזיות	h i z j u t
הזיקוק	h i z i k o k
הזרימה	h i z ʁ i m a
הילוך	h i l u χ
הכבושה	h i χ b u ʃ a
המביא	h i m b i
המחוזית	h i m χ u z i t
המלונות	h i m l o n u t
הממשלות	h i m m a ʃ l u t
המסחרית	h i m s a χ ʁ i t
המסתורין	h i m s t o ʁ i n
המקהלה	h i m k a l a
המרכזים	h i m ʁ a χ z i m
הנכנס	h i n χ a n e s
הנציג	h i n t͡s i ɡ
הסתירה	h i s t i ʁ a
הפתק	h i f t e k
הפתרונות	h i f t a ʁ o n u t
הקפדה	h i k p e d a
הקצאת	h i k t͡s a t
הרברט	h i ʁ b e ʁ e t
הרגילות	h i ʁ ɡ i l u t
הרפואיים	h i ʁ p o a j i m
הרצויה	h i ʁ t͡s u j a
הרשימות	h i ʁ ʃ i m u t
הרשתות	h i ʁ ʃ a t u t
השושלת	h i ʃ u ʃ e l e t
השיקולים	h i ʃ i k o l i m
התחקיר	h i t χ a k i ʁ
ויבוא	v i b u
ומגיעים	v i m ɡ i i m
ושכר	v i ʃ k e ʁ
זועבי	z o a v i
זילבר	z i l b e ʁ
זימון	z i m o n
זריקה	z ʁ i k a
חדירת	χ a d i ʁ e t
חדשני	χ a d ʃ a n i
חונה	χ o n a
חוסל	χ o s e l
חורי	χ o ʁ i
חייתי	χ a j a t i
חשו	χ a ʃ u
טרחה	t a ʁ χ a
ידין	j a d i n
יוזם	j o z e m
יומם	j o m e m
יענו	j a a n u
יקירה	j e k i ʁ a
ירש	j a ʁ a ʃ
כמין	k a m i n
כרונית	k ʁ o n i t
כשבוע	k a ʃ b u a
לאחות	l e a χ u t
לאחים	l e a χ i m
להרגע	l a h a ʁ ɡ a
לובלין	l o v l i n
לווה	l a v a
לזרז	l i z ʁ e z
לחבריו	l a χ b a ʁ j u
לחלוקה	l a χ l u k a
למעין	l i m i n
לסלון	l i s l o n
לפשרה	l i f ʃ a ʁ a
לצרוח	l i t͡s ʁ u a χ
לרוע	l a ʁ u a
לשעון	l i ʃ o n
מגדרי	m a ɡ d a ʁ i
מגלי	m a ɡ l i
מגלם	m a ɡ l a m
מגניבה	m a ɡ n i v a
מהחברים	m e a χ b a ʁ i m
מורשים	m o ʁ ʃ i m
מכ	m a χ
מלבנון	m a l b a n o n
מקבילות	m a k b i l u t
מקוון	m a k v a n
משניהם	m i ʃ n i j a m
משקולות	m i ʃ k o l u t
נותנות	n o t a n u t
ניקוז	n i k u z
נקבעת	n i k b a a t
נקיה	n i k j a
סיסמה	s i s m a
סמן	s a m a n
ספיישל	s f a j ʃ e l
עזרי	a z a ʁ i
עמדנו	a m d a n u
עמוסה	a m u s a
עניות	a n j u t
עריות	a ʁ j u t
פאנק	p a a n a k
פולנית	p o l a n i t
פורמלית	p o ʁ m a l i t
פליטת	p l i t e t
פרסומי	p a ʁ s u m i
פרפרים	p a ʁ p a ʁ i m
צידי	t͡s i d i
צלילי	t͡s a l i l i
קידושין	k i d u ʃ i n
קלון	k a l o n
קפדנית	k a f d a n i t
רווחי	ʁ a v a χ i
רוקי	ʁ o k i
רכילות	ʁ e χ i l u t
רמזי	ʁ a m z i
שאישה	ʃ e i ʃ a
שבים	ʃ a v i m
שגדלו	ʃ a ɡ d a l u
שדן	ʃ a d a n
שורדים	ʃ o ʁ d i m
שימצאו	ʃ i m t͡s a u
שיקרא	ʃ i k ʁ a
שמ	ʃ a m
שנגיע	ʃ i n ɡ i a
שנותרה	ʃ n u t a ʁ a
תדר	t a d a ʁ
תוהים	t o h i m
תומס	t o m e s
תימשך	t i m ʃ e χ
תלה	t a l a
תנופה	t n u f a
תרגילים	t a ʁ ɡ i l i m
ibm	i b e m
play	p l a j
אזל	a z a l
אלופי	a l u f i
אמם	a m a m
ארגזים	a ʁ ɡ a z i m
ארדואן	a ʁ d u a n
אשד	a ʃ a d
אשפוז	a ʃ p u z
בודדה	b o d a d a
בער	b a a ʁ
בקווים	b a k v i m
ברגלו	b a ʁ ɡ e l u
ברוכה	b ʁ u χ a
בריכוז	b ʁ i χ u z
ברצונך	b a ʁ t͡s o n a χ
בתפיסה	b i t f i s a
גילם	ɡ i l e m
גינס	ɡ i n e s
גלולות	ɡ l u l u t
גסות	ɡ a s u t
דיה	d i j a
האוהל	h e o h e l
הבזק	h i v z e k
הגינות	h i ɡ i n u t
הגנב	h i ɡ n e v
הדברות	h i d b a ʁ u t
הורית	h o ʁ i t
הזוגיות	h i z u ɡ j u t
הטיולים	h i t j u l i m
הטיפש	h i t i p e ʃ
הטירוף	h i t i ʁ u f
הטניס	h i t n i s
הינם	h i n e m
היפנית	h i p a n i t
הכפריים	h i χ p a ʁ a j i m
המהומה	h i m h u m a
המום	h a m u m
המקנה	h i m k a n a
המתינו	h i m t i n u
הנצחי	h i n t͡s a χ i
הנשר	h i n ʃ e ʁ
הספריה	h i s p a ʁ j a
הסתדר	h i s t a d e ʁ
הפצע	h i f t͡s a
הצאן	h i t͡s a n
הקפיצה	h i k p i t͡s a
השתפר	h i ʃ t a p e ʁ
התאוריה	h i t o ʁ j a
התכשיטים	h i t k a ʃ i t i m
התפרקות	h i t p a ʁ k u t
התקליט	h i t k a l i t
והא	v a h a
והעלה	v e e l a
וחלב	v a χ l a v
ויעשה	v i a ʃ a
ועזרה	v a a z a ʁ a
ושיטות	v e ʃ i t u t
ושליטה	v i ʃ l i t a
חוד	χ o d
חווים	χ a v i m
חושי	χ o ʃ i
חידושי	χ i d u ʃ i
חלבי	χ a l a v i
חתומה	χ a t u m a
טוסט	t o s t
יוליוס	j o l j o s
יימשך	j i m ʃ e χ
יישר	j i ʃ e ʁ
יראת	j a ʁ a t
יתפסו	j i t p a s u
כבול	k a v u l
כריסטי	k ʁ i s t i
כרמלה	k a ʁ m a l a
להבריח	l e h a v ʁ i a χ
להחיל	l e h i l
להשתין	l e h i ʃ t i n
לחלות	l a χ l u t
ליהודה	l i h u d a
ליחידת	l i χ i d e t
למן	l a m a n
למשרדי	l i m ʃ a ʁ d i
לקה	l a k a
לקויה	l a k u j a
לרע	l a ʁ a
לשמיים	l i ʃ m a j i m
לתובע	l a t u b a
מדווחת	m a d v a χ a t
מדעיות	m a d a j u t
מודרניות	m o d ʁ a n j u t
מונד	m o n a d
מיוצר	m i j u t͡s a ʁ
מסחריות	m a s χ a ʁ j u t
מפלס	m a f l a s
משכר	m i ʃ k a ʁ
משפחתיים	m i ʃ p a χ t a j i m
מתבונן	m i t b o n a n
נבדל	n i v d e l
נורמה	n o ʁ m a
נזכור	n i z k o ʁ
ניגון	n i ɡ o n
ניקו	n i k o
נישאו	n i ʃ a u
נלקחה	n i l k a χ a
נפשך	n i f ʃ a χ
סיסמאות	s i s m a u t
סמסטר	s a m s t a ʁ
ספות	s a f u t
ענפה	a n a f a
עצמים	a t͡s m i m
ערוכים	a ʁ u χ i m
פיננסיים	p i n a n s a j i m
פיקח	p i k e a χ
פרשים	p a ʁ ʃ i m
ציפו	t͡s i p u
צנזורה	t͡s a n z u ʁ a
צעדו	t͡s a a d u
צרכנים	t͡s a ʁ χ a n i m
שבעקבות	ʃ a v a k a v u t
שהקבוצה	ʃ a h a k b u t͡s a
שיפורים	ʃ i p u ʁ i m
שיצרה	ʃ i t͡s a ʁ a
שמוכן	ʃ a m u χ a n
שמינית	ʃ m i n i t
תבכה	t a v χ a
תמותי	t a m u t i
des	d e s
fuck	f u k
got	ɡ o t
park	p a r k
אבותיהם	a v u t j a m
אוז	o z
אוסישקין	o s i ʃ k i n
אופל	o f e l
אטומים	a t u m i m
אינטגרלי	i n t e ɡ ʁ a l i
אירן	e ʁ e n
אישורים	i ʃ u ʁ i m
אניה	a n j a
אסביר	a s b i ʁ
אפרו	a f ʁ u
אצלינו	a t͡s l i n u
אקטיבית	a k t i v i t
באמירה	b e e m i ʁ a
בדה	b a d a
בהיותם	b e h i j u t e m
בהערכה	b e e ʁ χ a
בוועדות	b a v a d u t
בוק	b o k
ביצי	b i t͡s i
ביצירות	b i t͡s i ʁ u t
בלחימה	b a l χ i m a
בסירה	b e s i ʁ a
בעיון	b a a j o n
ברחבה	b a ʁ χ a v a
בתחושה	b i t χ u ʃ a
גופת	ɡ o f e t
גורלי	ɡ o ʁ l i
גידולי	ɡ i d u l i
גילויים	ɡ i l u j i m
גליק	ɡ l i k
דומם	d o m e m
דינים	d i n i m
האמצע	h e e m t͡s a
הגזים	h i ɡ z i m
ההודית	h e h u d i t
הודיה	h o d j a
הוואי	h a v a j
הורמונים	h o ʁ m o n i m
הושג	h o ʃ e ɡ
היבש	h i b e ʃ
היעדים	h i a d i m
הכנף	h i χ n e f
המדידה	h i m d i d a
המחאות	h i m χ a u t
המעשי	h i m a ʃ i
המעשית	h i m a ʃ i t
המפות	h i m p u t
המקוריות	h i m k o ʁ j u t
המרגש	h i m ʁ e ɡ e ʃ
הסידור	h i s i d u ʁ
הסמכה	h i s m a χ a
העלולים	e e l u l i m
הפיזית	h i f i z i t
הצוואה	h i t͡s v a a
הצטיינות	h i t͡s t a j a n u t
הצלילים	h i t͡s l i l i m
הצלעות	h i t͡s l a u t
הקשישים	h i k ʃ i ʃ i m
הרבע	h i ʁ b a
השכרת	h i ʃ k a ʁ e t
השלל	h i ʃ l e l
התבקש	h i t b e k e ʃ
התודה	h i t u d a
התחממות	h i t χ a m e m u t
התקליטים	h i t k a l i t i m
וואט	w a t
וקרוב	v a k ʁ o v
ורה	v a ʁ a
זיהו	z i h u
חושן	χ o ʃ e n
חמודי	χ a m u d i
חקלאיות	χ a k l a j u t
חרדל	χ a ʁ d e l
יוכיח	j o χ i a χ
יומין	j o m i n
יימצא	j i m t͡s a
ייפול	j i p u l
יכניס	j a χ n i s
יעלם	j a a l a m
כהים	k a h i m
כובד	k o v e d
כמאמן	k a m a m a n
כפה	k a f a
כרבע	k a ʁ b a
לגוון	l a ɡ v a n
להטביע	l e h i t b i a
להשפיל	l e h i ʃ p i l
להשפעה	l e h i ʃ p a a
להתנסות	l e h i t n a s u t
להתעמת	l e h i t a m e t
ליז	l i z
לייט	l a j a t
לימודיהם	l i m u d j a m
ליצמן	l i t͡s m a n
לכלוך	l i χ l u χ
לם	l a m
למוצא	l a m u t͡s a
לפיצוץ	l e f i t͡s u t͡s
לשבש	l i ʃ b e ʃ
לשנינו	l i ʃ n i n u
לתאריך	l i t a ʁ i χ
לתקיפה	l i t k i f a
מגפה	m a ɡ a f a
מדבריו	m a d b a ʁ j u
מדת	m a d a t
מהעתיד	m e e t i d
מופנה	m o f a n a
מזרחיים	m i z ʁ a χ a j i m
מיטת	m i t e t
ממצא	m a m t͡s a
מרקם	m a ʁ k a m
נודד	n o d e d
נמות	n a m u t
נשרפו	n i ʃ ʁ a f u
נתלה	n i t l a
סבה	s a v a
סידורי	s i d u ʁ i
סלילת	s a l i l e t
סלעי	s a l a i
עוץ	o t͡s
עזריאל	a z ʁ i e l
עינים	i n i m
עצובים	a t͡s u v i m
פלאי	p a l a j
קארן	k a a ʁ a n
קושר	k o ʃ e ʁ
קיילי	k a j a l i
קלוד	k a l u d
קשיח	k a ʃ i a χ
קשקוש	k a ʃ k o ʃ
ראשם	ʁ e ʃ e m
רגליה	ʁ a ɡ l i j a
רוחי	ʁ o χ i
ריחות	ʁ i χ u t
רכיבי	ʁ e χ i v i
שבחוץ	ʃ a v χ u t͡s
שהעבודה	ʃ e e v u d a
שישמש	ʃ i ʃ m e ʃ
שמעלה	ʃ i m a l a
שמרני	ʃ i m ʁ a n i
שסוף	ʃ a s u f
שקופים	ʃ k o f i m
תגדל	t i ɡ d e l
תורנית	t o ʁ a n i t
תחרותי	t a χ ʁ u t i
תלמידה	t a l m i d a
תצפיות	t a t͡s p i j u t
ip	i p
oh	o
אכזר	a χ z a ʁ
אליצור	a l i t͡s o ʁ
אלנה	a l a n a
אנימה	a n i m a
אפו	a f u
בבידוד	b e v i d u d
בגלי	b a ɡ l i
בדוי	b a d u j
בזהות	b i z h u t
בחסד	b a χ s a d
בחסר	b a χ s a ʁ
בחשיבות	b a χ ʃ i v u t
בטוחות	b a t u χ u t
בירד	b i ʁ e d
ברע	b a ʁ a
בתאי	b a t a j
גברית	ɡ a v ʁ i t
גדרה	ɡ a d a ʁ a
גונן	ɡ o n a n
גושי	ɡ o ʃ i
גושן	ɡ o ʃ e n
גילוח	ɡ i l u a χ
גירושים	ɡ i ʁ u ʃ i m
גלויים	ɡ l u j i m
גמול	ɡ a m u l
דבריך	d a v ʁ i χ
דובים	d o v i m
דומיניק	d o m i n i k
דזה	d a z a
דידי	d i d i
דיסקים	d i s k i m
דקסטר	d i k s t e ʁ
הבטון	h i v t o n
הבסיסיות	h i b s i s j u t
הבעה	h i v a
הברירה	h i v ʁ i ʁ a
הגישות	h i ɡ i ʃ u t
הגנטי	h i ɡ n a t i
ההיבט	h e h i v e t
הזהירות	h i z h i ʁ u t
החיובית	h e χ j u v i t
הטוען	h i t u a n
הטילה	h i t i l a
היצרן	h i t͡s ʁ a n
הממונים	h i m m o n i m
המסה	h i m s a
המעיד	h i m i d
המפנה	h i m p a n a
המשמעת	h i m ʃ m a a t
המשרות	h i m ʃ a ʁ u t
הנדיב	h i n d i v
הנהרות	h i n h a ʁ u t
הנזקים	h i n z a k i m
הנמוכות	h i n m u χ u t
העננים	e e n a n i m
העשויה	e e ʃ u j a
הצירוף	h i t͡s i ʁ u f
הצמוד	h i t͡s m u d
הקדומות	h i k d u m u t
הקורה	h i k u ʁ a
הקרע	h i k ʁ a
הקשיש	h i k ʃ i ʃ
השבות	h i ʃ b u t
השבים	h i ʃ b i m
השגה	h i ʃ ɡ a
השייכות	h i ʃ j a χ u t
התאריכים	h i t a ʁ i χ i m
התחזק	h i t χ a z e k
והערות	v e e ʁ u t
ויתכן	v i t χ a n
ויתן	v i t e n
ומחקר	v i m χ a k e ʁ
ומצרים	v i m t͡s a ʁ i m
וקרן	v a k ʁ a n
ושונה	v e ʃ o n a
ושיווק	v e ʃ i v e k
ושלל	v i ʃ l e l
זועם	z o a m
זינק	z i n e k
חגגו	χ a ɡ a ɡ o
חוויתי	χ a v i t i
חרוץ	χ a ʁ u t͡s
חתירה	χ a t i ʁ a
טהורים	t e h o ʁ i m
טויוטה	t o j u t a
טופל	t o f e l
ידידה	j a d i d a
יוגב	j o ɡ e v
יונית	j o n i t
יועיל	j o i l
ייבוש	j i b u ʃ
ייסוד	j i s u d
כבעלי	k a v a l i
להיקרא	l e h i k ʁ a
להשמדה	l e h i ʃ m e d a
לוויה	l a v j a
לול	l o l
לחברון	l a χ b a ʁ o n
לחדרי	l a χ d a ʁ i
למרד	l i m ʁ e d
לשגריר	l i ʃ ɡ ʁ i ʁ
לשדוד	l i ʃ d u d
לתמונות	l i t m o n u t
מאוסטרליה	m e o s t a ʁ l j a
מב	m a v
מגבלה	m a ɡ v a l a
מגדירה	m a ɡ d i ʁ a
מדידות	m a d i d u t
מההורים	m e h o ʁ i m
מהימן	m e h i m e n
מרבים	m a ʁ b i m
מרצונו	m a ʁ t͡s o n u
משטחים	m i ʃ t a χ i m
משתרע	m i ʃ t a ʁ a
נאלצת	n e a l a t͡s a t
נבחרי	n i v χ a ʁ i
נוצץ	n o t͡s a t͡s
נור	n o ʁ
ניסית	n i s i t
ניצוץ	n i t͡s u t͡s
נקיות	n a k j u t
סב	s a v
סיפקו	s i p a k o
עיסוי	i s u j
עמאר	a m a ʁ
עפים	a f i m
עקיפה	a k i f a
עקר	a k a ʁ
פיך	p i χ
פיננסי	p i n a n s i
פיננסית	p i n a n s i t
פלישה	p l i ʃ a
צביון	t͡s a v j o n
קיווה	k i v a
רומנטיקה	ʁ o m e n t i k a
רותח	ʁ o t e a χ
רמאי	ʁ a m a j
שאיזה	ʃ e i z a
שהורשע	ʃ e h o ʁ ʃ a
שומה	ʃ o m a
שנושא	ʃ n u ʃ a
ששש	ʃ a ʃ a ʃ
תמרה	t a m ʁ a
תצלומים	t a t͡s l u m i m
תרחיש	t a ʁ χ i ʃ
תשתנה	t i ʃ t a n a
אדמס	a d m a s
אוו	a v
אכול	a χ u l
אסתי	a s t i
אפסיק	a f s i k
אקראיים	a k ʁ a j i m
באוכלוסיה	b e u χ l o s j a
ביון	b i j o n
בימות	b i m u t
בלאס	b a l a s
במינוי	b e m i n u j
בנימה	b e n i m a
בשלט	b i ʃ l e t
בתרא	b a t a ʁ a
גדלות	ɡ a d l u t
גמזו	ɡ a m z u
גרגורי	ɡ a ʁ ɡ o ʁ i
גרופ	ɡ a ʁ u f
דקדוק	d a k d u k
דתו	d a t u
האביר	h e e v i ʁ
האמצעית	h e e m t͡s a i t
הבט	h a v a t
הבטוח	h i v t u a χ
הבריאותי	h i v ʁ i u t i
הגינה	h i ɡ i n a
הומצא	h o m t͡s a
הותירה	h o t i ʁ a
היבוא	h i b u
הילס	h i l e s
הכחדה	h i χ χ a d a
המאורע	h i m o ʁ a
המאסטר	h i m a s t e ʁ
המסתורי	h i m s t o ʁ i
המעסיקים	h i m a s i k i m
המצאתי	h i m t͡s a t i
המרת	h i m ʁ e t
המשמרת	h i m ʃ m a ʁ e t
הנזירים	h i n z i ʁ i m
הנעלה	h i n a l a
הנפוצות	h i n p u t͡s u t
הנפלאים	h i n p l a i m
הספקת	h i s p e k e t
העמוקים	e e m u k i m
העתקת	h e e t e k e t
הפתיע	h i f t i a
הצבאיות	h i t͡s b a j u t
הצמד	h i t͡s m e d
הרחבות	h i ʁ χ a v u t
הרקטות	h i ʁ k a t u t
הרשאה	h i ʁ ʃ a
השטרות	h i ʃ t a ʁ u t
השקית	h i ʃ k i t
התאורה	h i t o ʁ a
התוצרת	h i t u t͡s a ʁ e t
התותח	h i t u t e a χ
התפילין	h i t p i l i n
ודור	v a d u ʁ
וחמישים	v a χ m i ʃ i m
ויקח	v i k e a χ
ומאות	v i m o t
ושמעתי	v i ʃ m a a t i
חדלה	χ a d a l a
חזירים	χ a z i ʁ i m
חיידק	χ a j d e k
חיכתה	χ i χ t a
חליל	χ a l i l
חמודות	χ a m u d u t
חסדאי	χ a s d a j
טסים	t a s i m
יאמינו	j e a m i n u
יבדוק	j a v d u k
ידני	j a d a n i
יוזמות	j o z a m u t
ייעוד	j i u d
יפי	j a f i
לאירוח	l e i ʁ u a χ
לבשתי	l i v ʃ a t i
לדבוק	l i d b u k
להיחלץ	l e h i χ l e t͡s
להיתפס	l e h i t p e s
להשמדת	l e h i ʃ m e d e t
לטבול	l i t b u l
לידות	l i d u t
לידיהם	l i d j a m
למותם	l a m u t e m
למס	l a m a s
לספרי	l i s p a ʁ i
לעצמן	l a a t͡s m a n
לרחם	l a ʁ χ a m
לשבעה	l i ʃ b a a
לשגרה	l i ʃ ɡ a ʁ a
לשחוט	l i ʃ χ u t
לתיירים	l i t j a ʁ i m
מועמדת	m o a m e d e t
מזווית	m i z v i t
מחזורים	m a χ z u ʁ i m
מחקה	m a χ a k a
מידית	m i d i t
מייסון	m a j a s o n
מיקה	m i k a
מסמנים	m a s m a n i m
משתין	m i ʃ t i n
נבדקו	n i v d a k o
נודעו	n o d a u
נצמד	n i t͡s m a d
נרגע	n i ʁ ɡ a
נתינה	n i t i n a
סידורים	s i d u ʁ i m
סרגיי	s a ʁ ɡ a j
סריקה	s ʁ i k a
עיקרית	i k ʁ i t
עשירות	a ʃ i ʁ u t
פורטר	p o ʁ t e ʁ
פורסט	p o ʁ s e t
פרנס	p a ʁ n a s
צריף	t͡s ʁ i f
קודי	k o d i
קיטי	k i t i
קליי	k a l a j
קלפי	k a l a f i
קרון	k a ʁ o n
רדף	ʁ a d a f
שגרתית	ʃ a ɡ ʁ a t i t
שהלכה	ʃ a h a l χ a
שידעתי	ʃ i d a a t i
שמשנה	ʃ i m ʃ a n a
שקיעת	ʃ k i a t
תחזיק	t a χ z i k
תחפושות	t a χ p u ʃ u t
תצוגת	t a t͡s u ɡ e t
way	w a j
אבודה	a v u d a
אבירי	a v i ʁ i
אישורי	i ʃ u ʁ i
אלביס	a l b i s
אלטמן	a l t a m a n
אלישיב	a l i ʃ i v
אפורים	a f u ʁ i m
בהאג	b e h a ɡ
בוול	b a v a l
בוחנים	b o χ a n i m
ברמלה	b a ʁ m a l a
בתאגיד	b i t a ɡ i d
גוברין	ɡ o v ʁ i n
גורף	ɡ o ʁ e f
גלילות	ɡ l i l u t
גרושה	ɡ ʁ u ʃ a
דיויד	d i v i d
דרכן	d a ʁ χ a n
האנטר	h e e n t e ʁ
הבכי	h i v χ i
הג	h a ɡ
הדחה	h i d χ a
הדיינים	h i d j a n i m
הורסים	h o ʁ s i m
הזנות	h i z n u t
הידברות	h i d b a ʁ u t
הלוא	h a l u
הלק	h a l a k
המאורגן	h i m o ʁ ɡ a n
המסוגל	h i m s u ɡ e l
המסעדות	h i m s a d u t
המערות	h i m a ʁ u t
המציאה	h i m t͡s i a
המקיפה	h i m k i f a
המרתף	h i m ʁ a t e f
הסיוט	h i s j u t
הספד	h i s p e d
הענקית	h e e n k i t
העתידית	h e e t i d i t
הפלג	h i f l e ɡ
הצבאות	h i t͡s b a u t
הרדיקלי	h i ʁ d i k l i
הריסות	h a ʁ i s u t
השיפוץ	h i ʃ i p u t͡s
השלילית	h i ʃ l i l i t
התעלות	h i t a l u t
התפוצה	h i t p u t͡s a
התפלל	h i t p a l e l
התרחשות	h i t ʁ a χ ʃ u t
והאיש	v e h i ʃ
והיחידה	v e h i χ i d a
והיתר	v e h i t e ʁ
והר	v a a ʁ
ומלחמת	v i m l a χ m e t
זאבים	z e e v i m
זיקוק	z i k o k
זך	z a χ
זמינות	z a m i n u t
חידש	χ i d e ʃ
חכים	χ a χ i m
חלוף	χ a l u f
חלות	χ a l u t
חשודה	χ a ʃ u d a
חתומים	χ a t u m i m
טאון	t a o n
טליה	t a l j a
יגדלו	j a ɡ d e l u
ידיעתי	j a d i a t i
יחליף	j a χ l i f
כהוגן	k a h u ɡ a n
כינו	k i n u
כלוא	k a l u
כלכך	k a l a χ a χ
לבעלים	l i v a l i m
לגברת	l i ɡ v a ʁ e t
להתארח	l e h i t a ʁ e a χ
לזירת	l i z i ʁ e t
לחטיבה	l a χ t i v a
לחקירות	l a χ k i ʁ u t
לטענתה	l i t a n t a
ליפה	l i f a
לשמים	l i ʃ m i m
מזדיינים	m i z d a j a n i m
מחליק	m a χ l i k
מכבה	m a χ a v a
מלאכותיים	m a l a χ u t a j i m
מלכא	m a l k a
מסד	m a s a d
מרשימות	m a ʁ ʃ i m u t
מרשימת	m a ʁ ʃ i m e t
נאש	n a a ʃ
נגעתי	n i ɡ a t i
נדרים	n i d ʁ i m
נושמת	n o ʃ e m e t
ניקיטה	n i k i t a
נקלט	n i k l a t
נשלם	n i ʃ l a m
סבי	s a v i
סבלתי	s a v l a t i
סיאטל	s i a t e l
ספי	s a f i
סרב	s a ʁ a v
סתירות	s t i ʁ u t
עגולים	a ɡ u l i m
עלון	a l o n
עמיתי	a m i t i
עצמיים	a t͡s m a j i m
ערבוב	a ʁ b u v
פערי	p a a ʁ i
פרוטה	p ʁ u t a
צניחה	t͡s n i χ a
קצבאות	k a t͡s b a u t
קקי	k a k i
ראווה	ʁ e a v a
רדיוס	ʁ a d j o s
רודפת	ʁ o d e f e t
רוכש	ʁ o χ e ʃ
רומיאו	ʁ o m i u
רועדת	ʁ o a d e t
רזא	ʁ a z a
רייטינג	ʁ a j t i ŋ ɡ
שבאותה	ʃ a v a u t a
שבמדינת	ʃ a v m a d i n t
שהופכים	ʃ e h o f χ i m
שוהים	ʃ o h i m
שוקו	ʃ o k o
שוש	ʃ o ʃ
שחוזר	ʃ a χ u z a ʁ
שיווקית	ʃ i v k i t
שין	ʃ i n
שכירים	ʃ χ i ʁ i m
שמרנית	ʃ i m ʁ a n i t
שנמשכה	ʃ i n m a ʃ χ a
שפי	ʃ a f i
ששרה	ʃ i ʃ ʁ a
שתק	ʃ a t a k
תודיע	t o d i a
תחל	t a χ a l
תרגילי	t a ʁ ɡ i l i
תרומתם	t ʁ u m t e m
תשובת	t ʃ u v e t
back	b a k
club	k l u b
usb	u s b
אובססיה	o v s a s j a
אווירת	a v i ʁ e t
איהו	i h u
אלהינו	a l h i n u
אמינה	a m i n a
אפרתי	a f ʁ a t i
ארגיש	a ʁ ɡ i ʃ
בדימונה	b e d i m o n a
ביקרה	b i k a ʁ a
ביקשנו	b i k ʃ a n u
בלוך	b a l u χ
בנתה	b e n a t a
ברצונו	b a ʁ t͡s o n u
בשובו	b e ʃ u v u
בשקר	b i ʃ k e ʁ
גולת	ɡ o l e t
גידל	ɡ i d e l
דרבנן	d a ʁ b a n a n
האוסטרי	h e o s t a ʁ i
האיגרת	h e i ɡ e ʁ e t
האיומה	h e e j u m a
האמיץ	h e e m i t͡s
הבדידות	h i v d i d u t
הבריא	h i v ʁ i
הגונה	h a ɡ o n a
הגימנסיה	h i ɡ i m a n s j a
הגעש	h i ɡ a ʃ
הדיאטה	h i d j a t a
ההערות	h e e ʁ u t
הזריחה	h i z ʁ i χ a
הילוכים	h i l u χ i m
הילל	h i l e l
הכבדות	h i χ b e d u t
המנהגים	h i m n a h i ɡ i m
המסורה	h i m s u ʁ a
המסורות	h i m s o ʁ u t
המסכנה	h i m s k a n a
המתמשך	h i m t a m ʃ e χ
הסטטיסטיקה	h i s t a t i s t i k a
הסמינר	h i s m i n e ʁ
הקדשה	h i k d e ʃ a
הקולונל	h i k o l o n e l
הקזינו	h i k z i n u
הרהיטים	h i ʁ h i t i m
הרכס	h i ʁ k e s
השמיטה	h i ʃ m i t a
השתלשלות	h i ʃ t a l ʃ e l u t
ודא	v a d a
והעברת	v e e v e ʁ e t
והתוצאה	v e h i t u t͡s a a
וינס	v i n e s
וינסטון	v i n s t o n
ומרים	v i m ʁ i m
ורחב	v a ʁ χ a v
ושירות	v e ʃ i ʁ u t
ושמירה	v i ʃ m i ʁ a
חזותי	χ a z u t i
חלקיה	χ a l a k j a
חני	χ a n i
חתימות	χ a t i m u t
ידידותיים	j a d i d u t a j i m
יורשה	j o ʁ ʃ a
כיהודי	k i h u d i
כמלך	k a m a l a χ
כשירות	k ʃ i ʁ u t
להבה	l a h a v a
להטיף	l e h a t i f
להצלחת	l e h i t͡s l a χ e t
להתחבא	l e h i t χ a v a
לטבריה	l i t b a ʁ j a
ליקויים	l i k u j i m
למאגר	l i m a ɡ e ʁ
לנווט	l i n v a t
לצדקה	l i t͡s d e k a
מגזים	m a ɡ z i m
מורגש	m o ʁ ɡ e ʃ
מזהמים	m i z h a m i m
מזוודה	m i z v a d a
מיתוג	m i t u ɡ
מקשים	m a k ʃ i m
מרחביה	m a ʁ χ a v j a
מרחקים	m a ʁ χ a k i m
משחת	m i ʃ χ a t
משש	m a ʃ a ʃ
מתאהבת	m i t a h a v e t
נג	n a ɡ
נגרר	n i ɡ ʁ a ʁ
ניזון	n i z o n
ניטור	n i t u ʁ
נראת	n i ʁ a t
סדנה	s a d a n a
סוויפט	s v i p t
סיכה	s i χ a
עדיפויות	a d i p u j u t
עירוב	i ʁ u v
עלובים	a l u v i m
עליונים	a l j o n i m
עסקינן	a s k i n a n
עפה	a f a
עקיף	a k i f
פאב	p a a v
פועלו	p o a l u
פוקוס	p o k o s
פל	p a l
פריד	p ʁ i d
פתחת	p a t a χ a t
צווים	t͡s a v i m
צילמתי	t͡s i l e m e t i
ציני	t͡s i n i
צלחה	t͡s a l a χ a
צלצל	t͡s a l t͡s a l
צפיה	t͡s a f j a
קוב	k o v
קליק	k a l i k
קללת	k a l a l a t
קרטון	k a ʁ t o n
קרטיס	k a ʁ t i s
קתרינה	k a t ʁ i n a
רישיונות	ʁ i ʃ j o n u t
שבפנים	ʃ a v p a n i m
שגברים	ʃ a ɡ v a ʁ i m
שהבין	ʃ a h a v i n
שיגידו	ʃ i ɡ i d u
שיגרה	ʃ i ɡ ʁ a
שיזם	ʃ i z e m
שיפוצים	ʃ i p u t͡s i m
שיקח	ʃ i k e a χ
שנשארה	ʃ i n ʃ a ʁ a
שפועלים	ʃ p u a l i m
תבנה	t a v a n a
תייר	t a j a ʁ
תכירו	t e χ i ʁ u
תלבושות	t a l b u ʃ u t
תלמדו	t a l m a d u
תקבלי	t a k b a l i
תרביץ	t a ʁ b i t͡s
תשעת	t i ʃ a t
white	w i t e
אומנים	o m a n i m
אופה	o f a
אידיאל	i d i e l
אימצה	i m t͡s a
אלק	a l a k
אפורה	a f u ʁ a
ארליך	a ʁ l i χ
ארנונה	a ʁ n o n a
אשב	a ʃ a v
אשרת	a ʃ a ʁ a t
בזיהוי	b i z i h u j
בח	b a χ
בחלונות	b a χ l o n u t
בחצרות	b a χ t͡s a ʁ u t
בלוז	b a l u z
במילון	b e m i l o n
בקירות	b e k i ʁ u t
ברירת	b ʁ i ʁ e t
ברשויות	b a ʁ ʃ u j u t
גולים	ɡ o l i m
גינת	ɡ i n e t
גרפיטי	ɡ a ʁ p i t i
דאי	d a j
דולי	d o l i
דירקטוריון	d i ʁ k t o ʁ j o n
דרגון	d a ʁ ɡ o n
דרוקר	d ʁ o k e ʁ
האדונים	h e e d o n i m
האירוסין	h e i ʁ o s i n
הגלם	h i ɡ l e m
הדברה	h i d b a ʁ a
הדליק	h i d l i k
הדרוזית	h i d ʁ u z i t
הוגנים	h o ɡ a n i m
הוצב	h o t͡s e v
הטבק	h i t b e k
הילטון	h i l t o n
היש	h i ʃ
הישות	h i ʃ u t
המאמין	h i m a m i n
המחוזות	h i m χ u z u t
המערביים	h i m a ʁ b a j i m
המשוער	h i m ʃ u a ʁ
הנ	h a n
הנהדר	h i n h a d e ʁ
הנוהל	h i n u h e l
הסירות	h i s i ʁ u t
הסליחה	h i s l i χ a
הסקי	h i s k i
הקונים	h i k o n i m
הרקיע	h i ʁ k i a
השבח	h i ʃ b e a χ
התפשטה	h i t p a ʃ t a
התרסק	h i t ʁ a s e k
התשתיות	h i t ʃ a t j u t
ויהודי	v i h u d i
וישלח	v i ʃ l a χ
ומרגש	v i m ʁ e ɡ e ʃ
וקידום	v e k i d u m
ושנים	v i ʃ n i m
זיהתה	z i h a t a
חולקו	χ o l a k o
חותנו	χ o t a n u
חייהן	χ i j a n
טה	t a
יחפש	j a χ p e ʃ
יקים	j a k i m
ירשה	j a ʁ ʃ a
יתרחש	j i t ʁ a χ e ʃ
כוננות	k o n a n u t
כעשרה	k a a ʃ a ʁ a
לאחדות	l e a χ d u t
לאחסון	l e a χ s o n
לדקור	l i d k o ʁ
להו	l a h u
להסגיר	l e h i s ɡ i ʁ
להרצות	l e h a ʁ t͡s u t
לז	l a z
לחמישה	l a χ m i ʃ a
לטבח	l i t b e a χ
ליושב	l i j u ʃ e v
לכתחילה	l i χ t a χ i l a
לכתר	l i χ t e ʁ
לצרכיו	l i t͡s ʁ a χ j u
לשמן	l i ʃ m e n
לשתול	l i ʃ t u l
מאירי	m e i ʁ i
מאמריקה	m e a m ʁ i k a
מגינים	m a ɡ i n i m
מדליקים	m a d l i k i m
מוני	m o n i
מותי	m o t i
מזוודות	m i z v a d u t
מחמם	m a χ m a m
מינון	m i n o n
מיפוי	m i p u j
מסעו	m a s a u
מעוף	m a u f
מעיני	m a i n i
מרשות	m a ʁ ʃ u t
משלחות	m i ʃ l a χ u t
מתחרות	m i t χ a ʁ u t
מתקפות	m i t k a f u t
נבקש	n i v k e ʃ
נדרשה	n i d ʁ a ʃ a
נהפכה	n e h a f χ a
נכבדים	n i χ v a d i m
נמנעה	n i m n a
נפרדה	n i f ʁ a d a
נקראות	n i k ʁ a u t
נרחבות	n i ʁ χ a v u t
נרצחה	n i ʁ t͡s a χ a
סבן	s a v a n
סדירה	s a d i ʁ a
סורית	s o ʁ i t
סיוון	s i v e n
עינת	i n e t
עמידר	a m i d e ʁ
עתידו	a t i d u
עתיר	a t i ʁ
עתירת	a t i ʁ e t
פגזים	p a ɡ z i m
פילים	p i l i m
פיסית	p i s i t
פריך	p ʁ i χ
פשוטי	p ʃ u t i
צוואה	t͡s a v a
קא	k a
קהת	k a h a t
קטין	k a t i n
קידוח	k i d u a χ
קרמר	k a ʁ m a ʁ
רומני	ʁ o m a n i
רופף	ʁ o f e f
רעיל	ʁ a i l
רעשים	ʁ a a ʃ i m
שאחריו	ʃ e a χ a ʁ j u
שחברות	ʃ a χ b a ʁ u t
שחברי	ʃ a χ b a ʁ i
שיגיד	ʃ i ɡ i d
שימצא	ʃ i m t͡s a
שיעבוד	ʃ i a v u d
שיעמוד	ʃ i a m u d
שמחון	ʃ i m χ o n
ששימשה	ʃ ʃ i m ʃ a
ששכחתי	ʃ i ʃ k a χ t i
תבכי	t a v χ i
תובנה	t o v a n a
תוקע	t o k a
תחזירי	t a χ z i ʁ i
תלמידות	t a l m i d u t
תמונתו	t a m u n t u
תמותו	t a m u t u
תמידית	t a m i d i t
תפסיד	t a f s i d
תקציבית	t a k t͡s i v i t
un	u n
אברכים	a v ʁ a χ i m
אגלה	a ɡ l a
אול	o l
אזכיר	a z k i ʁ
אחיי	a χ a j
אידאולוגיה	i d o l o ɡ j a
אינדי	i n d i
אנדריי	a n d a ʁ a j
אקטיבי	a k t i v i
אשאל	a ʃ a l
באקראי	b e a k ʁ a j
בהישג	b e h i ʃ e ɡ
בחבורה	b a χ b u ʁ a
ביוונית	b i v a n i t
בלאט	b a l a t
בנתיבות	b e n t i v u t
בקולו	b a k u l u
בתולדותיה	b e t u l d u t j a
גון	ɡ o n
גורמה	ɡ o ʁ m a
גילאי	ɡ i l a j
דלעת	d a l a a t
דעו	d a u
דרומי	d ʁ u m i
האבודה	h e e v u d a
האיסוף	h e i s u f
האישומים	h e i ʃ u m i m
האמיתיות	h e e m i t j u t
האריזה	h e e ʁ i z a
הבלעדית	h i v l a d i t
הגיור	h i ɡ j o ʁ
הגרועה	h i ɡ ʁ u a
הדרגתית	h i d ʁ e ɡ t i t
ההולכת	h e h u l e χ e t
הוליד	h o l i d
הועידה	h o i d a
הופתעתי	h o f t a a t i
הושק	h o ʃ e k
הטהור	h i t h o ʁ
הכנסיה	h i χ n e s j a
המזונות	h i m z o n u t
המשרתת	h i m ʃ a ʁ t e t
המתייחס	h i m t a j a χ e s
הנגד	h i n ɡ e d
הנצחית	h i n t͡s a χ i t
הסדיר	h i s d i ʁ
הסדרת	h i s d e ʁ e t
הסכומים	h i s k o m i m
הסתכם	h i s t a χ e m
העדפת	h e e d e f e t
הצומת	h i t͡s u m e t
הצילה	h i t͡s i l a
הציפורניים	h i t͡s i p o ʁ a n j i m
השגרה	h i ʃ ɡ a ʁ a
השמיע	h i ʃ m i a
התאמות	h i t a m u t
התארים	h i t a ʁ i m
התווך	h i t v e χ
התלונות	h i t l o n u t
התנחלויות	h i t n a χ l u j u t
התעודות	h i t o d u t
התקנון	h i t k a n o n
התרת	h i t ʁ e t
ודיבר	v e d i b e ʁ
ויד	v i d
וינר	v i n e ʁ
ויצאתי	v i t͡s a t i
ומפני	v i m p a n i
ושנאה	v i ʃ n a
זעזוע	z a a z u a
חדשנית	χ a d ʃ a n i t
חטאים	χ a t a j i m
חייא	χ a j a
חיסל	χ i s e l
חלתה	χ a l a t a
חצו	χ a t͡s u
טול	t o l
טיפלה	t i p l a
טריקים	t ʁ i k i m
יומני	j o m a n i
ייפתח	j i p t e a χ
ילקוט	j a l k u t
יפסיד	j a f s i d
יקירתי	j e k i ʁ t i
כינון	k i n o n
כיפי	k i p i
כניסתם	k n i s t e m
כרוכים	k ʁ u χ i m
כתות	k a t u t
להצהיר	l e h i t͡s h i ʁ
להתחלה	l e h i t χ a l a
לוזון	l o z o n
לחלב	l a χ l a v
לייף	l a j a f
לישיבות	l i ʃ i v u t
למשמע	l i m ʃ a m a
לקומה	l a k u m a
לשבות	l i ʃ b u t
לשפות	l i ʃ p u t
לתגובות	l i t ɡ o v u t
מגביר	m a ɡ v i ʁ
מותיר	m o t i ʁ
מחוות	m a χ v a t
מיטל	m i t e l
מלי	m a l i
מעי	m a i
מעיים	m a a j i m
מעש	m a a ʃ
מרחף	m a ʁ χ a f
מרפאת	m a ʁ p a t
משחה	m i ʃ χ a
משמונה	m i ʃ m o n a
משנית	m i ʃ n i t
משפטן	m i ʃ p a t a n
משתפר	m i ʃ t a p e ʁ
מתאמץ	m i t a m e t͡s
מתחדשת	m i t χ a d e ʃ e t
נוסחאות	n o s χ a u t
נוספה	n o s a f a
נורת	n o ʁ e t
נידונו	n i d o n u
נירה	n i ʁ a
נעילת	n e i l e t
נפלת	n i f l e t
נתבע	n i t b a
סור	s o ʁ
סיגר	s i ɡ e ʁ
סימה	s i m a
סלבס	s a l b a s
ספגה	s a f a ɡ a
סתר	s a t a ʁ
עורקים	o ʁ k i m
פארן	p a a ʁ a n
פואד	p o a d
פולט	p o l a t
פורמן	p o ʁ m a n
פחמימות	p a χ m i m u t
פסקול	p a s k o l
צעדה	t͡s a a d a
קהילתיים	k e h i l t a j i m
קרוא	k a ʁ u
ריש	ʁ e ʃ
שהותו	ʃ a h u t u
שזר	ʃ a z a ʁ
שחש	ʃ a χ a ʃ
שילד	ʃ i l e d
שיפוטית	ʃ i p u t i t
שמשך	ʃ i m ʃ e χ
שנורה	ʃ n u ʁ a
ששלחתי	ʃ i ʃ l a χ t i
תודעת	t o d a a t
תותים	t o t i m
תימני	t i m a n i
stop	s t o p
אינטימי	i n t i m i
אניות	a n j u t
אשתדל	a ʃ t a d e l
באכילה	b e e χ i l a
בהדר	b e h a d e ʁ
בולטון	b o l t o n
בעזרה	b a a z a ʁ a
בקופות	b a k o f u t
בריה	b a ʁ j a
ברני	b a ʁ a n i
גאי	ɡ a i
גורלה	ɡ o ʁ l a
גזענית	ɡ i z a n i t
גילברט	ɡ i l b a ʁ t
גיסו	ɡ i s u
גלר	ɡ a l a ʁ
גראס	ɡ a ʁ a s
דרוזים	d ʁ u z i m
הבריח	h i v ʁ i a χ
הגיבוי	h i ɡ i b u j
הגיבורה	h i ɡ i b u ʁ a
הגשה	h i ɡ ʃ a
הדים	h a d i m
הוגים	h o ɡ i m
הוחלף	h o χ l e f
הוטלה	h o t a l a
הטוויטר	h i t v i t e ʁ
הטיפולים	h i t i p u l i m
המזיק	h i m z i k
המחודש	h i m χ u d e ʃ
המחזיקים	h i m χ a z i k i m
הממלכות	h i m m a l χ u t
המסגד	h i m s e ɡ e d
המסוכנים	h i m s u χ a n i m
המפץ	h i m p e t͡s
המרצה	h i m ʁ a t͡s a
המשקאות	h i m ʃ k a u t
הנמר	h i n m e ʁ
הסתפק	h i s t a p e k
העזה	e e z a
העיריה	e i ʁ j a
הפיצול	h i f i t͡s u l
הפיתרון	h i f i t ʁ o n
הקדמת	h i k d e m e t
הקידום	h i k i d u m
הרפאים	h i ʁ p a i m
הרקולס	h i ʁ k o l e s
השמה	h i ʃ m a
השמיכה	h i ʃ m i χ a
התמקדות	h i t m a k d u t
התרעה	h i t ʁ a a
וחברתית	v a χ b a ʁ t i t
וחרדה	v a χ ʁ a d a
וידבר	v i d b e ʁ
וידעתי	v i d a a t i
ויעל	v i a l
זומבים	z o m b i m
זריקות	z a ʁ i k u t
חבירו	χ a v i ʁ u
חטאו	χ a t a u
חינוכיות	χ i n u χ j u t
חלול	χ a l u l
יוליה	j o l j a
יצירתית	j e t͡s i ʁ t i t
ישובו	j e ʃ u v u
כאלף	k a a l a f
כמנהיג	k a m a n h i ɡ
לבבי	l a v a v i
לדו	l a d u
להקיף	l a h k i f
להרתיע	l e h a ʁ t i a
לטרוח	l i t ʁ u a χ
לידיעה	l i d i a
ליזה	l i z a
לייסד	l a j s e d
ליצחק	l i t͡s χ a k
ללון	l a l o n
למערך	l i m a ʁ e χ
לסבל	l i s b e l
לעזר	l a a z a ʁ
לרסן	l a ʁ s a n
לתחתית	l i t χ a t i t
לתרופות	l i t ʁ o f u t
מאיזו	m e i z u
מאירה	m e i ʁ a
מדה	m a d a
מהאוניברסיטה	m e h o n i b ʁ a s i t a
מהיהודים	m e h i h u d i m
מהימים	m e h i m i m
מואר	m o a ʁ
מועדות	m o a d u t
מועדף	m o a d e f
מחשוב	m a χ ʃ u v
מימים	m i m i m
מלבן	m a l b a n
מממ	m a m a m
מספרד	m i s p a ʁ a d
מרעה	m a ʁ a
משקיעה	m i ʃ k i a
משתייך	m i ʃ t a j a χ
מתא	m a t a
מתקציב	m i t k a t͡s i v
נזירים	n i z i ʁ i m
נפתרה	n i f t a ʁ a
נצחית	n i t͡s χ i t
נתקלה	n i t k a l a
סילון	s i l o n
סנדי	s a n d i
עוקף	o k e f
עטה	a t a
עיצב	i t͡s e v
עירומה	i ʁ u m a
עתק	a t a k
פולה	p o l a
פיזיים	p i z a j i m
פילוג	p i l u ɡ
פיסול	p i s u l
פיסות	p i s u t
פרוזה	p ʁ u z a
פרועה	p ʁ u a
פריץ	p ʁ i t͡s
פשרות	p i ʃ ʁ u t
צביה	t͡s a v j a
צהרים	t͡s a h a ʁ i m
קאפ	k a a f
קליפים	k l i f i m
קפצו	k a f a t͡s u
קריטריון	k ʁ i t a ʁ j o n
קשיש	k a ʃ i ʃ
ריקודי	ʁ i k u d i
רסן	ʁ a s a n
שהנה	ʃ a h a n a
שוגר	ʃ o ɡ e ʁ
שוויץ	ʃ v i t͡s
שיוט	ʃ i j u t
שירדה	ʃ i ʁ d a
שנכנסה	ʃ i n χ a n a s a
שסיפר	ʃ a s i p e ʁ
תגיעו	t a ɡ i u
תיפתח	t i p t e a χ
תלאות	t a l a u t
תלוש	t a l u ʃ
תפקידיו	t a f k i d j u
תציע	t a t͡s i a
תרוץ	t ʁ u t͡s
ma	m a
open	o p e n
ss	e s e s
tv	t e v e
אבדוק	a v d u k
אוגנדה	o ɡ a n d a
אומדן	o m d a n
אוניל	o n i l
אופטי	o f t i
אורנים	o ʁ a n i m
אושפז	o ʃ p e z
אינטר	i n t e ʁ
אמבולנס	a m b u l a n s
אפק	a f a k
ארוע	a ʁ u a
אריזות	a ʁ i z u t
אשי	a ʃ i
באימונים	b e i m o n i m
בב	b a v
בות	b o t
בחלוף	b a χ l u f
בכוחם	b e χ u χ a m
במיטב	b e m i t e v
בעז	b a a z
בריק	b ʁ i k
בתפריט	b i t p ʁ i t
דיאן	d i a n
דנון	d a n o n
דפוקה	d e f u k a
האנייה	h e e n i j a
הגיהנום	h i ɡ i h a n u m
הגנו	h i ɡ n u
הגשמת	h i ɡ ʃ e m e t
הדגמה	h i d ɡ e m a
ההיקף	h e h i k e f
ההתקשרות	h e h i t k a ʃ a ʁ u t
הוזמנה	h o z m a n a
הונו	h o n u
הורידה	h o ʁ i d a
הזיעה	h i z i a
הזנה	h i z n a
החדירה	h e χ d i ʁ a
הייה	h i j a
הכנו	h i χ n u
המארחת	h i m a ʁ a χ e t
המגינים	h i m ɡ i n i m
המדף	h i m d e f
המחוקקים	h i m χ o k e k i m
המסירה	h i m s i ʁ a
המעלית	h i m a l i t
המתקיים	h i m t a k a j i m
הנבל	h i n b e l
הנהדרת	h i n h a d e ʁ e t
הנחוצים	h i n χ u t͡s i m
הפחתה	h i f χ a t a
הצהובים	h i t͡s h o v i m
הקערה	h i k a ʁ a
הרקמה	h i ʁ k e m a
השהות	h i ʃ h u t
התומך	h i t u m e χ
התחושות	h i t χ o ʃ u t
התלת	h i t l e t
התמוטט	h i t m u t e t
התמנה	h i t m a n a
ווב	w a v
וחברתי	v a χ b a ʁ a t i
ויבש	v i b e ʃ
ויה	v i j a
וירטואלית	v i ʁ t u a l i t
וקטן	v a k t a n
וקים	v a k i m
זהויות	z a h u j u t
זימן	z i m e n
חדשנות	χ a d ʃ a n u t
חוליו	χ o l j u
חייליו	χ a j a l j u
חיפוי	χ i p u j
טיפלו	t i p l u
טיפס	t i p e s
ייחשב	j i χ ʃ e v
יקב	j a k a v
ישועה	j e ʃ u a
יתירה	j e t i ʁ a
כבו	k a v u
ככזה	k a χ a z a
כקבוצה	k a k b u t͡s a
לאחל	l e a χ a l
להוצאות	l e h u t͡s a u t
להינצל	l e h i n t͡s e l
להתחקות	l e h i t χ a k u t
להתחרט	l e h i t χ a ʁ e t
להתכחש	l e h i t k a χ e ʃ
להתפרסם	l e h i t p a ʁ s e m
לידינו	l i d i n u
לצלצל	l i t͡s l a t͡s e l
לקנא	l a k a n a
לרבע	l a ʁ b a
לריח	l a ʁ i a χ
מאו	m a u
מגרה	m a ɡ ʁ a
מחלל	m a χ l a l
מחסני	m a χ s a n i
מיצג	m i t͡s e ɡ
ממוות	m a m v a t
ממשהו	m a m ʃ a h u
מנדלה	m i n d a l a
מקצוען	m a k t͡s u a n
מראהו	m a ʁ a h u
מתמלא	m i t m a l a
מתנועת	m i t n u a t
נוכחת	n o χ a χ a t
נחתה	n a χ t a
ניקסון	n i k s o n
נתינת	n i t i n e t
סורים	s o ʁ i m
סטירה	s t i ʁ a
סימפטומים	s i m p a t u m i m
עמדותיו	a m d u t j u
עמום	a m u m
ערומה	a ʁ u m a
פארם	p a a ʁ a m
פארקים	p e a ʁ k i m
פגיעת	p a ɡ i a t
פגשו	p a ɡ ʃ u
פליטה	p l i t a
פסיכי	p s i χ i
צוה	t͡s a v a
צוקרמן	t͡s o k ʁ a m a n
ציפייה	t͡s i p i j a
צעקו	t͡s a a k u
צץ	t͡s a t͡s
קאר	k a a ʁ
קארין	k a a ʁ i n
קדשים	k a d a ʃ i m
קוטלר	k o t l a ʁ
קיוו	k i v
קירוב	k i ʁ u v
קתולי	k a t u l i
ריבאונדים	ʁ i b o n d i m
ריבונו	ʁ i b o n u
ריר	ʁ e ʁ
רישומי	ʁ i ʃ u m i
רעלים	ʁ a a l i m
שאהב	ʃ e a h a v
שהלב	ʃ a h l a v
שיחד	ʃ i χ e d
שלאחריה	ʃ a l a χ a ʁ j a
שליו	ʃ a l j u
שמוכר	ʃ a m u χ a ʁ
שמחר	ʃ i m χ a ʁ
שנבחרה	ʃ i n b a χ a ʁ a
שנטל	ʃ i n t e l
שנלחם	ʃ i n l a χ a m
שקועה	ʃ k u a
תבקשי	t a v k a ʃ i
תזהר	t i z h a ʁ
תכננתי	t a χ n a n t i
תפישת	t f i ʃ e t
תרגישו	t a ʁ ɡ i ʃ u
אבקה	a v a k a
אדים	a d i m
אדרבה	a d ʁ a v a
אוליביה	o l i v j a
אינפלציה	i n p a l t͡s j a
אכין	a χ i n
אנדרטה	a n d a ʁ t a
אנטוני	a n t o n i
אץ	a t͡s
ארה	a ʁ a
אשלם	a ʃ l a m
באג	b a a ɡ
בארוחה	b e a ʁ u χ a
בהגדרת	b e h i ɡ d e ʁ e t
בהוד	b e h u d
בחוט	b a χ u t
בחלוקה	b a χ l u k a
בלבי	b a l a v i
במוקדמות	b e m u k d e m u t
בקולות	b a k u l u t
בקיא	b a k i
ברידג	b ʁ i d e ɡ
ברן	b a ʁ a n
בשעון	b i ʃ o n
בשתיים	b i ʃ t a j i m
גדלת	ɡ a d a l a t
גופיה	ɡ o f j a
גיוון	ɡ i v e n
גלה	ɡ a l a
גלריית	ɡ a l ʁ a j i t
דופי	d o f i
דיסקו	d i s k o
דיסקונט	d i s k o n t
דליפת	d l i f e t
האולימפית	h e o l i m p i t
האחוזים	h e e χ u z i m
הבינתחומי	h i b i n t a χ u m i
ההיסטוריונים	h e h i s t o ʁ j o n i m
הובר	h o v e ʁ
הוכרזה	h o χ ʁ a z a
הושם	h o ʃ e m
הזווית	h i z v i t
הטבילה	h i t b i l a
הילארי	h i l a ʁ i
הכבושים	h i χ b u ʃ i m
הכלולים	h i χ l u l i m
הלבנת	h i l b e n e t
המדומה	h i m d u m a
המחזמר	h i m χ a z m e ʁ
המנוי	h i m n u j
המספק	h i m s p e k
המתוקים	h i m t u k i m
הנאמר	h i n a m e ʁ
הנם	h a n a m
הנפטר	h i n p a t e ʁ
הסגולה	h i s ɡ u l a
הפטנט	h i f t a n t
הפצעים	h i f t͡s a i m
הצמיד	h i t͡s m i d
הרגשית	h i ʁ ɡ e ʃ i t
הרוכב	h a ʁ u χ a v
השחיטה	h i ʃ χ i t a
התזה	h i t z a
התכלית	h i t k a l i t
התנגדה	h i t n a ɡ a d a
התנדב	h i t n a d e v
התפרסמה	h i t p a ʁ s e m a
התקינה	h i t k i n a
התקרבו	h i t k a ʁ b u
ווינר	v i n e ʁ
וזוכה	v a z u χ a
וטעם	v a t a m
ויחידות	v i χ i d u t
ויצו	v i t͡s u
ומסחר	v i m s χ a ʁ
ועוברים	v o v a ʁ i m
ורכב	v a ʁ χ a v
ושמחים	v i ʃ m a χ i m
זהוב	z a h u v
זיהומים	z i h u m i m
חגג	χ a ɡ a ɡ
חותכת	χ o t e χ e t
חיזק	χ i z e k
חיפשה	χ i p ʃ a
חישובים	χ i ʃ u v i m
חסימת	χ a s i m e t
חשמונאי	χ a ʃ m o n a j
חתולי	χ a t u l i
טאוב	t a u v
טעינה	t a i n a
טפל	t a f a l
טריק	t ʁ i k
ירגישו	j a ʁ ɡ i ʃ u
כביטוי	k a v i t u j
כייף	k a j a f
כמתנה	k a m t a n a
לאפריקה	l e e f ʁ i k a
לבעלות	l i v a l u t
להעמיס	l e h a m i s
להתערבות	l e h i t a ʁ b u t
לכלוא	l i χ l u
לכתבי	l i χ t a v i
לממשל	l i m m a ʃ e l
למשמר	l i m ʃ a m e ʁ
לנצרות	l i n t͡s a ʁ u t
לשבחים	l i ʃ b a χ i m
לשבע	l i ʃ b a
מדורה	m a d u ʁ a
מחל	m a χ a l
מחלב	m a χ l a v
מטח	m a t a χ
מיהודים	m i h u d i m
מיוצרים	m i j u t͡s a ʁ i m
מיפן	m i p e n
ממציאים	m a m t͡s i i m
מנהלות	m i n h a l u t
מרחץ	m a ʁ χ a t͡s
מרת	m a ʁ a t
משמיע	m i ʃ m i a
מתלוננים	m i t l o n a n i m
נדפסו	n i d p a s u
נוקב	n o k e v
נוקיה	n o k j a
ניחן	n i χ a n
נימוק	n i m u k
נלווה	n i l v a
נרגשת	n i ʁ ɡ e ʃ e t
נרדמתי	n i ʁ d e m e t i
עבדנו	a v d a n u
עבים	a v i m
עודה	o d a
עקבה	a k a v a
עתידיות	a t i d j u t
פיטורים	p i t u ʁ i m
פראנס	p a ʁ a n a s
פריון	p a ʁ j o n
צובר	t͡s o v a ʁ
צמודות	t͡s a m u d u t
צפוני	t͡s a f o n i
קדמית	k a d m i t
קודים	k o d i m
קונטרס	k o n t a ʁ a s
קופון	k o f o n
קמחי	k a m χ i
קריסה	k ʁ i s a
קרסון	k a ʁ s o n
קשתות	k a ʃ t u t
רזיאל	ʁ a z i e l
רחלי	ʁ a χ l i
רעיה	ʁ a a j a
שבלב	ʃ a v l a v
שדוד	ʃ a d u d
שיעול	ʃ i u l
ששהה	ʃ i ʃ h a
ששירת	ʃ ʃ i ʁ e t
תזמין	t i z m i n
תמימי	t a m i m i
boy	b o j
di	d i
family	f a m i l i
mako	m a k o
אגרסיבית	a ɡ ʁ a s i v i t
אופיס	o f i s
אחיזת	a χ i z e t
אלדר	a l d a ʁ
אלתר	a l t a ʁ
אמנויות	a m n u j u t
אנגלים	a ŋ ɡ l i m
אנטישמית	a n t i ʃ e m i t
ארוכי	a ʁ u χ i
בגג	b a ɡ a ɡ
בחנוכה	b a χ n u χ a
בימת	b i m e t
ביריד	b i ʁ i d
בכוחה	b e χ u χ a
בנימוק	b e n i m u k
ברה	b a ʁ a
בשירת	b e ʃ i ʁ e t
גוד	ɡ o d
גולדן	ɡ o l d a n
גורביץ	ɡ o ʁ b i t͡s
גנדי	ɡ a n d i
דיגיטליים	d i ɡ i t a l a j i m
דמויי	d m u j
דשן	d a ʃ a n
האדירה	h e e d i ʁ a
האוסטרלי	h e o s t a ʁ l i
האימוץ	h e i m u t͡s
האיראנים	h e i ʁ a n i m
הבגידה	h i v ɡ i d a
הגרף	h i ɡ ʁ e f
הדרים	h i d ʁ i m
הוועדות	h a v a d u t
הומר	h o m e ʁ
הוסף	h o s e f
המאירי	h i m i ʁ i
המגילות	h i m ɡ i l u t
המיתולוגי	h i m i t u l o ɡ i
הממד	h i m m e d
הממון	h i m m o n
המתוקה	h i m t u k a
הנכות	h i n χ u t
הנמנע	h i n m a n a
הנצחון	h i n t͡s a χ o n
הסבון	h i s b o n
הסבירות	h i s b i ʁ u t
הסגירה	h i s ɡ i ʁ a
הסליחות	h i s l i χ u t
הפכנו	h i f χ a n u
הפתיעה	h i f t i a
הציטוט	h i t͡s i t u t
הקיצונית	h i k i t͡s o n i t
הרציף	h i ʁ t͡s i f
השוואות	h i ʃ v a u t
השועל	h i ʃ u a l
השמע	h i ʃ m a
השרץ	h i ʃ ʁ e t͡s
התלוננו	h i t l o n a n u
והוצאות	v e h o t͡s a u t
וויט	v i t
וורלד	v a ʁ l a d
וחמישי	v a χ m i ʃ i
וישי	v i ʃ i
וממשלת	v i m m a ʃ e l e t
ומספרים	v i m s p a ʁ i m
ומתה	v i m t a
זוויות	z a v j u t
זמורה	z a m u ʁ a
זעזועים	z a a z u i m
חאג	χ a a ɡ
חמצני	χ a m t͡s a n i
טריטוריה	t ʁ i t u ʁ j a
טרייסי	t ʁ a j s i
ידים	j a d i m
יודיע	j o d i a
ייחוד	j i χ u d
יצרתי	j a t͡s ʁ a t i
ירקון	j a ʁ k o n
כזב	k a z a v
כרצונו	k a ʁ t͡s o n u
כשצריך	k a ʃ t͡s a ʁ i χ
לבטיחות	l i v t i χ u t
לדגם	l i d ɡ e m
לחדרה	l a χ d a ʁ a
לטינית	l a t i n i t
ליידע	l a j d a
למעשי	l i m a ʃ i
לפ	l a f
לצלילי	l i t͡s l i l i
לרסיסים	l a ʁ s i s i m
לשלטונות	l i ʃ l a t o n u t
לשקף	l i ʃ k e f
לשתיים	l i ʃ t a j i m
לתאגיד	l i t a ɡ i d
מאר	m a a ʁ
מגביל	m a ɡ v i l
מגלות	m a ɡ l u t
מגעילה	m a ɡ i l a
מהרחוב	m a a ʁ χ u v
מחשבי	m a χ ʃ a v i
מילטון	m i l t o n
מיליונר	m i l j o n e ʁ
מישורים	m i ʃ u ʁ i m
מלול	m a l u l
ממעלה	m a m a l a
מספקות	m a s p a k u t
מעגן	m a a ɡ a n
משו	m a ʃ u
משלושים	m i ʃ l u ʃ i m
משפחתך	m i ʃ p a χ t e χ
מתחמם	m i t χ a m e m
מתחנן	m i t χ a n a n
נודעת	n o d a a t
נוטלים	n o t a l i m
נחרצות	n a χ ʁ a t͡s u t
נסתרות	n i s t a ʁ u t
סגנונו	s a ɡ n o n u
סדורה	s a d u ʁ a
סופות	s o f u t
סופסוף	s o f s o f
עמלה	a m l a
פיקסלים	p i k s e l i m
פיר	p i ʁ
פרשתי	p a ʁ ʃ a t i
קולמן	k o l m a n
קצבה	k a t͡s a v a
קרבית	k a ʁ b i t
קרלטון	k a ʁ l a t o n
רונלד	ʁ o n l a d
רועד	ʁ o a d
רייך	ʁ a j a χ
שבחים	ʃ a v χ i m
שחלף	ʃ a χ l a f
שטוף	ʃ a t u f
שיחים	ʃ i χ i m
שימת	ʃ i m e t
שיעלו	ʃ i a l u
שירתה	ʃ i ʁ t a
שישית	ʃ i ʃ i t
שלאחריו	ʃ a l a χ a ʁ j u
שלוחות	ʃ l u χ u t
תבטיח	t a v t i a χ
תגן	t a ɡ a n
תומכיו	t o m k a j u
תי	t a j
תציל	t a t͡s i l
תקשורתית	t a k ʃ o ʁ t i t
תשיעי	t ʃ i a j
happy	h a p i
אגמון	a ɡ m o n
אדירות	a d i ʁ u t
אווז	a v a z
אלגנטי	a l ɡ a n t i
אמתית	a m t i t
אנדרס	a n d a ʁ a s
אריזה	a ʁ i z a
בביצה	b e v i t͡s a
בהקשרים	b e h i k ʃ a ʁ i m
בחרנו	b a χ ʁ a n u
בטא	b a t a
ביט	b i t
בלמים	b a l a m i m
בלע	b a l a
בלעדיות	b a l a a d j u t
בפינוי	b e f i n u j
בריך	b ʁ i χ
ברנד	b a ʁ n a d
בתחומה	b i t χ u m a
בתמונת	b i t m o n e t
גדלנו	ɡ a d l a n u
גמדים	ɡ a m a d i m
דאטה	d a t a
דגימה	d ɡ i m a
דייק	d a j a k
דרכונים	d a ʁ k o n i m
הגזירה	h i ɡ z i ʁ a
הגיליון	h i ɡ i l j o n
הגלישה	h i ɡ l i ʃ a
הדוחות	h i d u χ u t
הוכנס	h o χ n e s
הופנו	h o f a n u
הטהורה	h i t h o ʁ a
הטרף	h i t ʁ e f
הימית	h i m i t
הכחשה	h i χ χ a ʃ a
הלגיטימיות	h i l ɡ i t i m j u t
המגיעה	h i m ɡ i a
המנתח	h i m n a t e a χ
המעטפה	h i m a t e f a
המעלות	h i m a l u t
הנושאת	h i n u ʃ a t
הנזיקין	h i n z i k i n
הנחתים	h i n χ a t i m
הנקבות	h i n k a v u t
הסוואה	h i s v a
הסימון	h i s i m o n
הערצה	e e ʁ t͡s a
הפשעים	h i f ʃ a i m
הצבעת	h i t͡s b a a t
הצפירה	h i t͡s p i ʁ a
הקלדה	h i k l a d a
הקלים	h i k l i m
הקנס	h i k n e s
הקרנה	h i k ʁ a n a
הרכיבה	h i ʁ k i v a
הרכיבים	h i ʁ k i v i m
הרתעה	h i ʁ t a a
השבועה	h i ʃ b u a
השלווה	h i ʃ l a v a
השקפות	h i ʃ k a f u t
התבוללות	h i t b o l e l u t
התנחלות	h i t n a χ l u t
התקרבות	h i t k a ʁ b u t
ובוכה	v o v u χ a
והותר	v e h o t e ʁ
והעביר	v e e v i ʁ
וודאות	v a d a u t
וחלקן	v a χ l a k a n
ויזה	v i z a
ויעשו	v i a ʃ u
ולבוא	v a l b u
ומתחת	v i m t a χ e t
ושולח	v e ʃ u l a χ
ושונים	v e ʃ o n i m
ושירותי	v e ʃ i ʁ u t i
ושלטון	v i ʃ l a t o n
ושמש	v i ʃ m e ʃ
זיהיתי	z i h i t i
זרמי	z a ʁ m i
זרקה	z a ʁ a k a
חסותו	χ a s u t u
חריץ	χ a ʁ i t͡s
טין	t i n
יארד	j a a ʁ a d
יהיר	j e h i ʁ
יובש	j o v e ʃ
יחסם	j a χ s a m
ייטב	j i t e v
יפלו	j a f l u
ירבו	j a ʁ b u
כהות	k a h u t
כרמן	k a ʁ m a n
כשאר	k a ʃ a ʁ
כשליש	k a ʃ l i ʃ
לאחותי	l e a χ u t i
לאיי	l a a j
לארגוני	l e a ʁ ɡ o n i
להמון	l a h a m o n
לולה	l o l a
לחלוץ	l a χ l u t͡s
לטענתם	l i t a n t e m
לימינו	l i m i n u
ליצנים	l i t͡s a n i m
ליצר	l i t͡s e ʁ
למבקר	l i m b e k e ʁ
למלכות	l i m l a χ u t
לנתניהו	l i n t a n j a h u
לסן	l a s a n
לקים	l a k i m
לשדות	l i ʃ d u t
לשמע	l i ʃ m a
לתביעה	l i t b i a
מגיני	m a ɡ i n i
מחפשות	m a χ p a ʃ u t
מכף	m a χ a f
מקסימלית	m a k s i m a l i t
מרביתם	m a ʁ b i t e m
משניים	m i ʃ n a j i m
משתמשות	m i ʃ t a m ʃ u t
מתות	m a t u t
מתפלא	m i t p a l a
נוראיים	n o ʁ a j i m
נותני	n o t a n i
נמכרים	n i m k a ʁ i m
נץ	n a t͡s
נקמת	n i k m e t
סדק	s a d a k
סמיך	s a m i χ
סנדוויץ	s a n d v i t͡s
סרי	s a ʁ i
עובש	o v e ʃ
עלומים	a l u m i m
עליז	a l i z
עצבי	a t͡s b i
פגי	p a ɡ i
פוליצר	p o l i t͡s e ʁ
פיקניק	p i k n i k
פלה	p a l a
צדקו	t͡s a d a k o
צחקה	t͡s a χ a k a
צמאה	t͡s a m a
קולומבוס	k o l o m b o s
קומוניסטי	k o m o n i s t i
קליפה	k l i f a
רי	ʁ i
ריהאנה	ʁ i h a n a
רכוב	ʁ a χ u v
שאיתה	ʃ e i t a
שברולט	ʃ a v ʁ u l t
שהאמת	ʃ e h e m e t
שזמן	ʃ i z m e n
שחררה	ʃ a χ ʁ a ʁ a
שישאר	ʃ i ʃ a ʁ
שכולה	ʃ χ u l a
שלפניו	ʃ i l p a n j u
שמינה	ʃ m i n a
שמתם	ʃ i m t e m
שקי	ʃ a k i
ששמענו	ʃ i ʃ m a n u
תגיעי	t a ɡ i a j
תווי	t a v i
תמורות	t a m u ʁ u t
תצפה	t a t͡s p a
תרגעי	t a ʁ ɡ a i
da	d a
girl	ɡ i r l
his	h i s
people	p e o p l e
אבחר	a v χ a ʁ
אוטונומית	o t o n o m i t
איסלנד	i s l a n d
איראני	i ʁ a n i
אירוניה	i ʁ o n j a
איתנה	i t a n a
אלחוטית	a l χ u t i t
אצטדיון	a t͡s t a d j o n
באיתור	b e i t u ʁ
בארבעת	b e a ʁ b a a t
בהקלטות	b e h i k l a t u t
בהתערבות	b e h i t a ʁ b u t
בחיפושים	b e χ i p u ʃ i m
ביתיים	b i t a j i m
בסקרים	b a s k a ʁ i m
בפיגור	b e f i ɡ o ʁ
בפיזיקה	b e f i z i k a
ברישום	b ʁ i ʃ u m
בריתה	b ʁ i t a
בררה	b a ʁ a ʁ a
בתיקים	b e t i k i m
דילמה	d i l m a
האחוז	h e e χ u z
האמנית	h e e m a n i t
האמר	h e e m e ʁ
האסורים	h e e s o ʁ i m
הבקיע	h i v k i a
הגטאות	h i ɡ t a u t
הגלוי	h i ɡ l u j
הגלידה	h i ɡ l i d a
הופתע	h o f t a
הזיה	h i z j a
הטמון	h i t m o n
הכללה	h i χ l a l a
הכניעה	h i χ n i a
הלהיטים	h i l h i t i m
המבוקשים	h i m b o k ʃ i m
המגמות	h i m ɡ e m u t
הממצא	h i m m a t͡s a
המעיינות	h i m a j a n u t
המעניינים	h i m a n j a n i m
המתארים	h i m t a ʁ i m
הנחוץ	h i n χ u t͡s
הניצול	h i n i t͡s u l
הנפח	h i n p e a χ
הנקרה	h i n k a ʁ a
הפטיש	h i f t i ʃ
הפלאות	h i f l a u t
הציצים	h i t͡s i t͡s i m
הקנדי	h i k n a d i
הרשעים	h i ʁ ʃ a i m
השריף	h i ʃ ʁ i f
התמקד	h i t m a k e d
ודת	v a d a t
וואי	w a j
וורנר	v a ʁ n a ʁ
ויהדות	v i h a d u t
ויכולות	v i χ u l u t
ומכיל	v i m k i l
ומנהיג	v i m n e h i ɡ
זיכה	z i χ a
חילוניות	χ i l o n j u t
חילוק	χ i l u k
חלקיו	χ a l a k j u
חסה	χ a s a
חרדות	χ a ʁ d u t
טעו	t a u
טרנד	t a ʁ n a d
יוריד	j o ʁ i d
יורשים	j o ʁ ʃ i m
ייצוא	j i t͡s u
ירדנו	j a ʁ d a n u
כבה	k a v a
כינס	k i n e s
כלולה	k l u l a
כריסטין	k ʁ i s t i n
לגמלאות	l i ɡ m a l a u t
להאזנה	l e h a z a n a
להיתקל	l e h i t k e l
להתחדשות	l e h i t χ a d e ʃ u t
לחפות	l a χ f u t
לנדוד	l i n d u d
לעקרונות	l e a k ʁ o n u t
לשחד	l i ʃ χ a d
לשלי	l i ʃ l i
םא	m a
מאיראן	m e i ʁ a n
מגדיל	m a ɡ d i l
מדרשו	m a d ʁ a ʃ u
מהאדם	m e h a d e m
מזהירה	m i z h i ʁ a
מזרע	m i z ʁ a
מלגה	m a l a ɡ a
ממניעים	m a m n i i m
מקסימים	m a k s i m i m
מקסימלי	m a k s i m a l i
מקסיקני	m a k s i k a n i
משלבת	m i ʃ l a v e t
נהרי	n a h a ʁ i
נובה	n o v a
נורמאלי	n o ʁ m a l i
נסחף	n i s χ a f
נסתרים	n i s t a ʁ i m
נפוח	n a f u a χ
סמלית	s a m l i t
ספל	s a f a l
סרביה	s a ʁ b i j a
סרסור	s a ʁ s o ʁ
עדינות	a d i n u t
עורי	o ʁ i
ענייה	a n i j a
ענקים	a n k i m
פולשים	p o l ʃ i m
פייס	p a j a s
פילוסופי	p i l o s o f i
פינקל	p i n k e l
פיס	p i s
פיקאסו	p i k a s o
פעמונים	p e a m o n i m
צעקתי	t͡s a a k t i
צרוף	t͡s a ʁ u f
קייב	k a j a v
קירק	k i ʁ e k
קריקטורה	k ʁ i k t u ʁ a
רחמן	ʁ a χ m a n
רנדי	ʁ a n d i
שהתרחשה	ʃ e h i t ʁ a χ ʃ a
שחזרה	ʃ a χ z a ʁ a
שיוצאת	ʃ i j u t͡s a t
שמכיל	ʃ i m k i l
שמפו	ʃ i m p u
שמתקיים	ʃ i m t a k a j i m
שרלוק	ʃ a ʁ l u k
שתפסיק	ʃ i t p a s i k
תבלינים	t a v l i n i m
תזה	t a z a
תכיר	t e χ i ʁ
תכשיטי	t a χ ʃ i t i
תנא	t a n a
תפלה	t a f l a
תצליחי	t a t͡s l i χ i
תשיר	t ʃ i ʁ
תשמש	t i ʃ m e ʃ
תתחתן	t i t χ a t e n
data	d a t a
galaxy	ɡ a l a k s i
net	n e t
side	s i d e
state	s t a t e
אביי	a v a j
אגמים	a ɡ m i m
אוהלים	o h e l i m
אופ	o f
אלגוריתמים	a l ɡ o ʁ i t e m i m
אקדחים	a k d a χ i m
באיים	b a a j i m
בהיבט	b e h i v e t
ביכורים	b i χ u ʁ i m
ביצת	b i t͡s e t
בלטה	b a l a t a
בלית	b a l i t
בלשונו	b a l ʃ o n u
בסידור	b e s i d u ʁ
בעזרתם	b a a z a ʁ t e m
בענפים	b a a n a f i m
בקולי	b a k u l i
ברגעי	b a ʁ ɡ a i
בריצת	b ʁ i t͡s e t
בשישה	b e ʃ i ʃ a
גולמי	ɡ o l a m i
גופתה	ɡ o f t a
גלוריה	ɡ l u ʁ j a
גלישת	ɡ l i ʃ e t
דבריי	d a v ʁ a j
דקוטה	d k u t a
דרורי	d ʁ o ʁ i
האלמוני	h e e l m o n i
האמינות	h e e m i n u t
הבדיחות	h i v d i χ u t
הגרים	h i ɡ ʁ i m
הדרת	h i d ʁ e t
הוזה	h o z a
הומה	h o m a
הורמון	h o ʁ m o n
הושמד	h o ʃ m e d
הזהה	h i z h a
הזול	h i z u l
הזרות	h i z ʁ u t
הכתם	h i χ t e m
הלחי	h i l χ i
המזיקים	h i m z i k i m
המליאה	h i m l i a
המתקבל	h i m t a k b e l
הנטל	h i n t e l
הניידים	h i n j a d i m
הסגור	h i s ɡ o ʁ
העברנו	e e v ʁ a n u
העטיפה	e e t i f a
הצהובה	h i t͡s h o v a
הציבה	h i t͡s i v a
הקוף	h a k u f
הקציר	h i k t͡s i ʁ
הקרויה	h i k ʁ u j a
הראי	h a ʁ a j
השליליות	h i ʃ l i l j u t
השמיד	h i ʃ m i d
השנוי	h i ʃ n u j
התבואה	h i t b u a
התימני	h i t i m e n i
התירו	h i t i ʁ u
התעלומה	h i t a l u m a
התרחב	h i t ʁ a χ e v
וחפצים	v a χ p a t͡s i m
ויחיד	v i χ i d
ומבנים	v i m b a n i m
ומצאנו	v i m t͡s a n u
ומשפחות	v i m ʃ p a χ u t
וקנין	v a k a n i n
ושישה	v e ʃ i ʃ a
זהותה	z a h u t a
חמי	χ a m i
חריש	χ a ʁ i ʃ
חשבונו	χ a ʃ b o n u
טוראי	t o ʁ a j
טייב	t a j a v
טרחת	t a ʁ a χ a t
ייצוגית	j i t͡s u ɡ i t
ילדו	j a l a d u
יען	j a a n
ישתה	j i ʃ t a
כנר	k a n a ʁ
כשלושים	k a ʃ l u ʃ i m
כשלים	k a ʃ l i m
לדיכאון	l a d i χ a o n
להגדרת	l e h i ɡ d e ʁ e t
להזמנת	l e h i z m e n t
לזמר	l i z m e ʁ
לחרוג	l a χ ʁ u ɡ
ליחיד	l i χ i d
ליים	l a j i m
ליסוד	l i s u d
לשפל	l i ʃ p e l
מאחיו	m e a χ j u
מדגישים	m a d ɡ i ʃ i m
מדוכא	m a d u χ a
מזגנים	m i z ɡ a n i m
מחסנים	m a χ s a n i m
מילותיו	m i l u t a v
מיקומה	m i k u m a
מלוות	m a l v a t
מעידות	m e i d u t
מצי	m a t͡s i
מקבוצה	m a k b u t͡s a
משעל	m i ʃ a l
מתאמנים	m i t a m a n i m
מתחתן	m i t χ a t e n
נבראו	n i v ʁ a u
ניסע	n i s a
נפשיים	n i f ʃ a j i m
סבג	s a v a ɡ
סחרוף	s a χ ʁ u f
סירופ	s i ʁ u f
סלמה	s a l a m a
סמיכה	s m i χ a
ספיגת	s f i ɡ e t
ספיקת	s f i k e t
סרה	s a ʁ a
עזות	a z u t
עינב	i n e v
עירוניות	i ʁ o n j u t
עניבה	a n i v a
עצרתי	a t͡s ʁ a t i
ערימות	a ʁ i m u t
פטרוס	p a t ʁ o s
פינלנד	p i n l a n d
פיץ	p i t͡s
פניני	p n i n i
פעלת	p a a l a t
פפר	p a f a ʁ
פקוחות	p a k u χ u t
פשטה	p i ʃ t a
ציידים	t͡s a j a d i m
קורסי	k o ʁ s i
קפדני	k a f d a n i
שהינו	ʃ a h i n u
שודד	ʃ o d e d
שוחרי	ʃ o χ a ʁ i
שורר	ʃ o ʁ a ʁ
שטה	ʃ a t a
שיאו	ʃ i u
שידבר	ʃ i d b e ʁ
שיכלול	ʃ i χ l u l
שכ	ʃ a χ
שליטי	ʃ l i t i
שנויה	ʃ n u j a
שפן	ʃ a f a n
תיעשה	t i a ʃ a
תלמדי	t a l m a d i
תמריץ	t a m ʁ i t͡s
תסיסה	t s i s a
תשבו	t i ʃ b u
תשלחי	t i ʃ l a χ i
baby	b a b i
institute	i n s t i t u t e
אופייה	o f i j a
אזיקים	a z i k i m
איוון	i v e n
אלקנה	a l k a n a
אמריקאיים	a m ʁ i k a j i m
אנשיה	a n ʃ i j a
אסא	a s a
אסם	a s a m
אפטר	a f t a ʁ
אשבור	a ʃ b u ʁ
באחוזת	b e a χ u z e t
באחר	b e a χ a ʁ
בהתייחס	b e h i t j a χ e s
בחמישי	b a χ m i ʃ i
בלטינית	b a l t i n i t
בנ	b a n
בנישואים	b e n i ʃ u i m
ברברי	b a ʁ b a ʁ i
ברגים	b a ʁ a ɡ i m
ברקים	b a ʁ a k i m
גולם	ɡ o l a m
גיבורה	ɡ i b u ʁ a
גינוי	ɡ i n u j
גליציה	ɡ l i t͡s j a
גמישה	ɡ m i ʃ a
גרמן	ɡ a ʁ m a n
דגלה	d a ɡ l a
דדי	d a d i
האדומות	h e e d u m u t
האחיזה	h e e χ i z a
הדלי	h i d l i
הוסרה	h o s a ʁ a
היבשות	h i b ʃ u t
הכיל	h i χ i l
הכפפה	h i χ p e f a
הלווה	h i l v a
המחשה	h i m χ a ʃ a
המשוגע	h i m ʃ u ɡ a
המתחדשת	h i m t a χ d e ʃ e t
הנהוגה	h i n h u ɡ a
הניתנות	h i n i t a n u t
הסיגריה	h i s i ɡ ʁ i j a
הציווי	h i t͡s i v i
הצלילה	h i t͡s l i l a
הקאמרי	h i k a m a ʁ i
הקרים	h i k ʁ i m
הרמזים	h i ʁ m e z i m
השלטים	h i ʃ l a t i m
השליך	h i ʃ l i χ
השמנים	h i ʃ m a n i m
התגמול	h i t ɡ a m u l
התלוי	h i t l u j
התמימות	h i t m i m u t
התנסות	h i t n a s u t
התפישה	h i t p i ʃ a
התפרצויות	h i t p a ʁ t͡s u j u t
התראות	h i t ʁ a u t
וגל	v a ɡ a l
וחזרתי	v a χ z a ʁ a t i
וילונות	v i l o n u t
ויפן	v i p e n
וירה	v i ʁ a
ויתורים	v i t u ʁ i m
ומחלקת	v i m χ a l e k e t
וקם	v a k a m
וקר	v a k a ʁ
ורבות	v a ʁ b u t
ורבקה	v a ʁ b a k a
זוהה	z o h a
זוטר	z o t e ʁ
חזיונות	χ a z j o n u t
חיכוך	χ i χ u χ
חצים	χ a t͡s i m
טאי	t a j
טובין	t o v i n
טפח	t a f a χ
יולדות	j o l a d u t
ישויות	j e ʃ u j u t
כיהודים	k i h u d i m
כלם	k a l a m
כמעשה	k a m a ʃ a
כקצין	k a k t͡s i n
לדיני	l a d i n i
לדרכי	l i d ʁ a χ i
להגשמת	l e h i ɡ ʃ e m e t
להיחשף	l e h i χ ʃ e f
להיצמד	l e h i t͡s m e d
להניף	l a h a n i f
לחגיגה	l a χ ɡ i ɡ a
לחקיקה	l a χ k i k a
לחתן	l a χ t a n
לטבוע	l i t b u a
לטרוף	l i t ʁ u f
ליאורה	l i u ʁ a
לישוב	l i ʃ u v
לרחוץ	l a ʁ χ u t͡s
לתקנות	l i t k a n u t
מדליקה	m a d l i k a
מוד	m o d
מורגשת	m o ʁ ɡ e ʃ e t
מז	m a z
מיתוסים	m i t u s i m
ממשיים	m a m ʃ a j i m
מסדרים	m i s d a ʁ i m
מקלע	m a k l a
מרלין	m a ʁ l i n
משאבות	m i ʃ a v u t
משחררים	m i ʃ χ a ʁ a ʁ i m
נואל	n o e l
נחשו	n a χ ʃ u
נלחץ	n i l χ a t͡s
נקבעים	n i k b a i m
סיינט	s a j a n t
עולמה	o l a m a
עילי	i l i
עצורים	a t͡s u ʁ i m
עשירית	a ʃ i ʁ i t
פאס	p a a s
פחדנים	p a χ d a n i m
פטי	p a t i
פלין	p a l i n
פקק	p a k a k
פרוסת	p ʁ o s e t
קבורים	k a v u ʁ i m
קודר	k o d e ʁ
קונצרטים	k o n t͡s a ʁ t i m
קיומית	k i j u m i t
קיז	k i z
רוברטו	ʁ o v a ʁ t o
רוסיים	ʁ o s a j i m
רמקול	ʁ a m k o l
רקוב	ʁ a k o v
שאכלתי	ʃ e a χ l a t i
שגרים	ʃ a ɡ ʁ i m
שילמד	ʃ i l m e d
שירותיו	ʃ i ʁ u t a v
שיתקיים	ʃ i t k a j i m
שלונסקי	ʃ l o n s k i
שליטת	ʃ l i t e t
שרוולים	ʃ a ʁ v a l i m
תגיש	t a ɡ i ʃ
תהני	t a h a n i
תיבול	t i b u l
תיהנו	t i h a n u
תישן	t i ʃ e n
תכשיט	t a χ ʃ i t
תשבי	t i ʃ b i
game	ɡ a m e
games	ɡ a m e s
want	w a n t
אדיסון	a d i s o n
אדית	a d i t
אדן	a d a n
אדריכלי	a d ʁ i χ l i
אופטימית	o f t i m i t
אופירה	o f i ʁ a
אחזקה	a χ z a k a
אטלנטה	a t l a n t a
אילנית	i l a n i t
איסורים	i s u ʁ i m
אלבר	a l b a ʁ
אניח	a n i a χ
אספתי	a s p a t i
ארונו	a ʁ o n u
בולי	b o l i
בינוניות	b i n o n j u t
בלבנו	b a l b a n u
במ	b a m
בעיטות	b a i t u t
בריון	b a ʁ j o n
ברקן	b a ʁ k a n
בשיווק	b e ʃ i v e k
גדוש	ɡ a d u ʃ
גוני	ɡ o n i
גזרת	ɡ i z ʁ e t
גרימת	ɡ ʁ i m e t
דדון	d a d o n
דיווחי	d i v a χ i
דלילה	d l i l a
האהובות	h e e h o v u t
הבהירה	h i v h i ʁ a
הגוים	h i ɡ w i m
הגנוז	h i ɡ n u z
הדן	h a d a n
ההיצע	h e h i t͡s a
הוזמנתי	h o z m a n t i
הונחה	h o n a χ a
הילודה	h i l u d a
הינך	h i n e χ
הישובים	h i ʃ u v i m
הכבל	h i χ b e l
הלווין	h i l v i n
הלשוני	h i l ʃ o n i
המזומנים	h i m z o m a n i m
המסוגלים	h i m s u ɡ l i m
המסחריים	h i m s a χ ʁ a j i m
המצויות	h i m t͡s u j u t
המשאיות	h i m ʃ a j u t
המשגיח	h i m ʃ ɡ i a χ
המשכילים	h i m ʃ k i l i m
המשל	h i m ʃ e l
המתמיד	h i m t a m i d
הנהיג	h i n h i ɡ
הנחשים	h i n χ a ʃ i m
הניצב	h i n i t͡s e v
הניצוץ	h i n i t͡s u t͡s
הניתוק	h i n i t u k
הנעילה	h i n i l a
העיטור	h e i t u ʁ
העמל	e e m e l
הענישה	e e n i ʃ a
הקיסרית	h i k i s ʁ i t
הקריאות	h i k ʁ i u t
הקריב	h i k ʁ i v
השאלון	h i ʃ a l o n
השברים	h i ʃ b a ʁ i m
התאחדו	h i t a χ d u
התחזוקה	h i t χ a z u k a
התירס	h i t i ʁ e s
התמודד	h i t m u d e d
וגוף	v a ɡ u f
וועדה	w a d a
וזכות	v i z χ u t
ויזל	v i z e l
ויי	v a j
ומכר	v i m k e ʁ
וסירב	v e s i ʁ e v
ורחל	v a ʁ χ a l
ושינה	v e ʃ i n a
ושמירת	v i ʃ m i ʁ e t
זני	z a n i
זק	z a k
חבוב	χ a v u v
חולית	χ o l i t
חופשות	χ o f ʃ u t
חלי	χ a l i
חסומה	χ a s u m a
חסך	χ a s a χ
חסרון	χ a s a ʁ o n
חרוז	χ a ʁ u z
חשופה	χ a ʃ u f a
חשפנות	χ a ʃ p a n u t
טניה	t a n j a
יידרש	j i d ʁ e ʃ
ירדני	j a ʁ d a n i
ישתנו	j i ʃ t a n u
כובשת	k o v e ʃ e t
ככר	k a χ a ʁ
כלפיי	k a l p a j
לאנוס	l e a n o s
לגזע	l i ɡ z a
לדרישת	l i d ʁ i ʃ e t
להיכשל	l e h i χ ʃ e l
להיריון	l e h i ʁ j o n
להלך	l a h a l a χ
להתנער	l e h i t n a a ʁ
להתרחב	l e h i t ʁ a χ e v
לועג	l o a ɡ
לזיהום	l i z j a h u m
לחמניות	l a χ m a n j u t
לחשיבה	l a χ ʃ i v a
לידם	l i d e m
למברט	l i m b a ʁ t
לנפח	l i n p e a χ
לעבירה	l e a v i ʁ a
לרחל	l a ʁ χ a l
לרכך	l a ʁ χ a χ
לשטחי	l i ʃ t a χ i
לשש	l a ʃ a ʃ
מגברים	m a ɡ v a ʁ i m
מגזע	m a ɡ z a
מוחק	m o χ a k
מורא	m o ʁ a
מחבק	m a χ b a k
מיוחסת	m i j u χ a s e t
מיומנים	m i j u m a n i m
מיסטי	m i s t i
מישה	m i ʃ a
ממרוקו	m a m ʁ o k o
מקדימים	m a k d i m i m
מרות	m a ʁ u t
משווים	m i ʃ v i m
משר	m a ʃ a ʁ
מתמטית	m i t m a t i t
נאנח	n e a n a χ
נגבה	n i ɡ v a
נורדאו	n o ʁ d a u
נסתכל	n i s t a χ e l
נשפט	n i ʃ p a t
עב	a v
עמוסים	a m u s i m
עקבית	a k b i t
עקרה	a k a ʁ a
פאני	p a a n i
פומביות	p o m b i j u t
פיצוצים	p i t͡s u t͡s i m
פירשו	p i ʁ ʃ u
פיתוי	p i t u j
פריצות	p ʁ i t͡s u t
פתר	p a t a ʁ
צדדיו	t͡s a d a d j u
קאל	k a a l
קולר	k o l a ʁ
קומוניסט	k o m o n i s t
קנדל	k a n d a l
קרסה	k a ʁ s a
רדוד	ʁ a d u d
רהט	ʁ a h a t
רועים	ʁ o i m
ריאד	ʁ i a d
ריפלי	ʁ i p l i
רקטה	ʁ a k t a
רש	ʁ a ʃ
שהתחילו	ʃ e h i t χ i l u
שובב	ʃ o v e v
שיכורים	ʃ i χ u ʁ i m
שיצאת	ʃ i t͡s a t
שמצב	ʃ i m t͡s e v
שקעה	ʃ a k a
שתוך	ʃ a t u χ
תורידי	t o ʁ i d i
תורים	t o ʁ i m
תלו	t a l u
תצטרף	t i t͡s t a ʁ e f
little	l i t l e
they	t e j
אגוזי	a ɡ u z i
אורכה	o ʁ χ a
איסט	i s t
אנסטסיה	a n s t a s j a
אסיפה	a s i f a
אסיפות	a s i f u t
אפריקאי	a f ʁ i k a j
אריך	a ʁ i χ
אשריך	a ʃ ʁ i χ
בדירות	b e d i ʁ u t
בהגיעו	b e h i ɡ i u
בוויכוח	b a v i χ u a χ
בחילות	b e χ i l u t
ביצות	b i t͡s u t
בלוי	b a l u j
בניסיונות	b e n i s j o n u t
בצילומים	b e t͡s i l u m i m
בקן	b a k a n
ברוד	b a ʁ u d
גלזר	ɡ a l z a ʁ
דוחק	d o χ a k
דוריס	d o ʁ i s
הבהירות	h i v h i ʁ u t
הבנין	h i v n i n
הדגימה	h i d ɡ i m a
ההסטוריה	h e h i s t o ʁ j a
הודח	h o d e a χ
הום	h o m
הורתה	h o ʁ t a
הזכיות	h i z k i j u t
הטעיה	h i t a j a
הטרדות	h i t ʁ a d u t
הין	h i n
הכרכים	h i χ ʁ a χ i m
הכשרון	h i χ ʃ a ʁ o n
הכתה	h i χ t a
הלבנות	h i l b a n u t
המחרת	h i m χ a ʁ e t
המנות	h i m n u t
המסייע	h i m s a j a
המסתננים	h i m s t a n a n i m
המעצב	h i m a t͡s e v
המשיב	h i m ʃ i v
הנדרסון	h i n d a ʁ s o n
הנראית	h i n ʁ a i t
הספירות	h i s p i ʁ u t
הפסקול	h i f s k o l
הפשיעה	h i f ʃ i a
הצייד	h i t͡s j a d
הקינוח	h i k i n u a χ
הקנייה	h i k n i j a
השקיעו	h i ʃ k i u
השתלטה	h i ʃ t a l t a
התולעת	h i t u l a a t
התייחסתי	h i t j a χ e s t i
והצדק	v e h i t͡s d e k
וזכתה	v i z χ a t a
וטל	v a t a l
ומבקשת	v i m b e k e ʃ e t
ומשנה	v i m ʃ a n a
ותחמושת	v i t χ a m u ʃ e t
חגגה	χ a ɡ a ɡ a
חולדות	χ o l a d u t
חולת	χ o l e t
חומים	χ o m i m
חנא	χ a n a
חניון	χ a n j o n
חשיבותם	χ a ʃ i v u t e m
יובילו	j o v i l u
יומה	j o m a
ימנה	j a m a n a
יקנו	j a k a n u
כדעת	k a d a a t
כינים	k i n i m
כיסה	k i s a
ככוח	k a χ u a χ
כרמיאל	k a ʁ m i e l
לאיום	l e a j u m
לבחינות	l i v χ i n u t
להיתר	l e h i t e ʁ
להתגעגע	l e h i t ɡ a ɡ a
להתמחות	l e h i t m a χ u t
להתמנות	l e h i t m a n u t
להתעקש	l e h i t a k e ʃ
להתפרץ	l e h i t p a ʁ e t͡s
לופז	l o f e z
לחבב	l a χ b a v
לחרדים	l a χ ʁ a d i m
לידיעתך	l i d i a t e χ
למעני	l i m a n i
לסך	l a s a χ
לעג	l a a ɡ
לרחבה	l a ʁ χ a v a
לתלמוד	l i t l a m u d
לתרופה	l i t ʁ u f a
מאבטח	m e a v t a χ
מוטציות	m o t a t͡s j u t
מומלצות	m o m a l t͡s u t
מונו	m o n u
מחטים	m a χ t i m
מחלון	m a χ l o n
מלאני	m a l a n i
מליוני	m a l j o n i
מסרי	m a s ʁ i
משחקות	m i ʃ χ a k u t
משחר	m i ʃ χ a ʁ
משמים	m i ʃ m i m
נהוגה	n e h u ɡ a
נופלות	n o f l u t
נוצריים	n o t͡s ʁ a j i m
נוקטים	n o k t i m
נזירות	n i z i ʁ u t
ננו	n a n u
נפצעה	n i f t͡s a a
נקטה	n i k t a
נשארות	n i ʃ a ʁ u t
סבך	s a v a χ
עסיסי	a s i s i
ערוכה	a ʁ u χ a
עתירות	a t i ʁ u t
פגוע	p a ɡ u a
פוד	p o d
פולש	p o l e ʃ
פורמולה	p o ʁ m u l a
פורשים	p o ʁ ʃ i m
פילוסופים	p i l o s o f i m
פריסת	p ʁ i s e t
פרקליטות	p a ʁ k l i t u t
צבעוניות	t͡s a v o n j u t
צורתה	t͡s o ʁ t a
קאט	k a t
קורונה	k o ʁ o n a
קפקא	k a f a k a
רושמת	ʁ o ʃ e m e t
רפה	ʁ a f a
שבך	ʃ a v a χ
שחברה	ʃ a χ b a ʁ a
שיי	ʃ a j
שיתחיל	ʃ i t χ i l
שכירי	ʃ χ i ʁ i
שמס	ʃ a m a s
שמסביר	ʃ i m s b i ʁ
תבעה	t a v a
תוואי	t a v a j
תוקפת	t o k e f e t
תנחומים	t a n χ u m i m
תשארי	t i ʃ a ʁ i
תשתה	t i ʃ t a
er	e ɾ
human	h u m a n
אופיה	o f j a
אחוזות	a χ u z u t
אלירן	a l i ʁ e n
ארווין	a ʁ v i n
בבירת	b e v i ʁ e t
בגבו	b a ɡ v u
בדירת	b e d i ʁ e t
בהערכת	b e e ʁ e χ e t
בזדון	b i z d o n
בזמנם	b i z m a n e m
ביליתי	b i l i t i
במובנים	b e m u v a n i m
במוסיקה	b e m u s i k a
בעצמן	b a a t͡s m a n
בקרון	b a k a ʁ o n
ברנדון	b a ʁ n a d o n
ברעיונות	b a ʁ a j o n u t
גולומב	ɡ o l o m e v
גרזן	ɡ a ʁ z a n
גרילה	ɡ ʁ i l a
דיקן	d i k e n
דכל	d a χ a l
האבירים	h e e v i ʁ i m
הבלוק	h i v l u k
הבלם	h i v l e m
הברז	h i v ʁ e z
הגומי	h i ɡ u m i
ההן	h a a n
ההתארגנות	h e h i t a ʁ ɡ a n u t
הולמים	h o l a m i m
הטיהור	h i t i h u ʁ
הטלית	h i t l i t
הטריטוריה	h i t ʁ i t u ʁ j a
הידידים	h i d i d i m
היצרנים	h i t͡s ʁ a n i m
היתי	h i t i
הלחיים	h i l χ a j i m
המבקשת	h i m b e k e ʃ e t
המכהן	h i m χ a n
המכינה	h i m k i n a
המעניק	h i m a n i k
המשתרע	h i m ʃ t a ʁ a
המתין	h i m t i n
הנדרשות	h i n d a ʁ ʃ u t
העיוור	h e i v e ʁ
הצגתי	h i t͡s ɡ a t i
הקיטור	h i k i t u ʁ
הקנאים	h i k n a i m
הרוחב	h a ʁ u χ a v
הריני	h a ʁ i n i
השלטונית	h i ʃ l a t o n i t
השמח	h i ʃ m e a χ
התבוסה	h i t b u s a
התחלות	h i t χ a l u t
התחמקות	h i t χ a m e k u t
התלויות	h i t l u j u t
התמיד	h i t m i d
התפרץ	h i t p a ʁ e t͡s
ואימא	v e i m a
והבת	v e h e v e t
והעמיד	v e e m i d
וחקר	v a χ k a ʁ
ויצירה	v i t͡s i ʁ a
ולב	v a l a v
ושבר	v i ʃ b e ʁ
חברותיה	χ a v ʁ u t j a
חמוצים	χ a m u t͡s i m
חמושה	χ a m u ʃ a
חממה	χ a m a m a
חשאיות	χ a ʃ a j u t
טלאי	t a l a j
יאו	j a u
ייצאו	j i t͡s a u
ייראו	j i ʁ a u
יעיר	j a i ʁ
כיחידה	k i χ i d a
כרים	k a ʁ i m
לאחסן	l e a χ s a n
לבקרים	l i v k a ʁ i m
להיטיב	l e h i t i v
להצית	l e h a t͡s i t
להצמיד	l e h i t͡s m i d
להרהר	l a h a ʁ a ʁ
לחמאס	l a χ m a s
לחקלאים	l a χ k a l a j i m
לילדות	l i l d u t
לכלים	l i χ l i m
ללבן	l a l b a n
לעיסוק	l a i s o k
לקהיר	l i k h i ʁ
לשטחים	l i ʃ t a χ i m
לשרות	l i ʃ ʁ u t
מאבטחים	m e a v t a χ i m
מגדרית	m a ɡ d a ʁ i t
מגינה	m a ɡ i n a
מהקהילה	m e a k h i l a
מוטרד	m o t a ʁ a d
מומחיות	m o m a χ j u t
מופרז	m o f ʁ e z
מחשיב	m a χ ʃ i v
מחשיבים	m a χ ʃ i v i m
מיובש	m i j u v e ʃ
מילאתי	m i l a t i
מלזיה	m a l a z j a
מצמצם	m i t͡s m a t͡s e m
מקש	m a k a ʃ
מרגישות	m a ʁ ɡ i ʃ u t
מריון	m a ʁ j o n
משאלת	m i ʃ a l e t
משביע	m i ʃ b i a
מתקתק	m i t k a t e k
נדיה	n i d j a
נותק	n o t e k
ניצני	n i t͡s a n i
נפגשת	n i f ɡ e ʃ e t
נשלטת	n i ʃ l a t e t
סד	s a d
סורג	s o ʁ e ɡ
סחף	s a χ a f
סרטנים	s a ʁ t a n i m
עולמים	o l a m i m
עיוורון	i v ʁ o n
עיסא	i s e
עשבי	a ʃ b i
פולס	p o l a s
פינוקיו	p i n u k j u
פליטי	p l i t i
פנג	p a n a ɡ
פסגה	p a s a ɡ a
פרשות	p a ʁ ʃ u t
צלף	t͡s a l a f
קלינט	k l i n t
רדיפה	ʁ a d i f a
רולנד	ʁ o l a n d
ריבוע	ʁ i b u a
ריהוט	ʁ i h u t
שאילו	ʃ e i l u
שאיפשר	ʃ e i p ʃ e ʁ
שבבעלות	ʃ a v b a a l u t
שדרשו	ʃ a d ʁ a ʃ u
שהופיעה	ʃ e h o f i a
שוכנים	ʃ u χ n i m
שחשבנו	ʃ a χ ʃ a v a n u
שינסה	ʃ i n s a
שיקראו	ʃ i k ʁ a u
שלוחת	ʃ a l u χ a t
שמאלית	ʃ a m a l i t
שמכירים	ʃ i m k i ʁ i m
שמקור	ʃ i m k o ʁ
שצולם	ʃ a t͡s u l a m
ששים	ʃ a ʃ i m
תמרון	t a m ʁ o n
תפריע	t a f ʁ i a
תקים	t a k i m
java	d͡ʒ a v a
make	m a k e
mit	m i t
note	n o t e
אגרסיבי	a ɡ ʁ a s i v i
אדישים	a d i ʃ i m
אזכה	a z χ a
אינדיאנה	i n d i a n a
אליפויות	a l i p u j u t
אלפסי	a l p a s i
אמתי	a m t i
ארועים	a ʁ u i m
אריאנה	a ʁ i a n a
ארים	a ʁ i m
בגיטרה	b e ɡ i t a ʁ a
בורה	b o ʁ a
בחלקי	b a χ l a k i
בחלקן	b a χ l a k a n
ביומנו	b i j u m a n u
ביכולתה	b i χ u l t a
בינהם	b i n a m
בינוי	b i n u j
בירח	b i ʁ e a χ
ברחם	b a ʁ χ a m
ברחתי	b a ʁ a χ t i
בשורש	b e ʃ u ʁ e ʃ
בתך	b a t a χ
גלוטן	ɡ l u t a n
גלידת	ɡ l i d e t
גנן	ɡ a n a n
דהוי	d a h u j
דיים	d a j i m
האחוריים	h e e χ o ʁ a j i m
האיתור	h e i t u ʁ
הגשמה	h i ɡ ʃ e m a
הגשתי	h i ɡ ʃ a t i
הדרוזי	h i d ʁ u z i
ההונאה	h e h o n a
ההיגוי	h e h i ɡ u j
הוריות	h o ʁ j u t
הזנחה	h i z n a χ a
הזקוקים	h i z k o k i m
הטריק	h i t ʁ i k
הידיד	h i d i d
הימן	h i m e n
הכהה	h i χ h a
הכפל	h i χ p e l
הלחין	h i l χ i n
המגורשים	h i m ɡ o ʁ ʃ i m
המסיכה	h i m s i χ a
המספקת	h i m s p e k e t
המשטרתית	h i m ʃ t a ʁ t i t
הנהוג	h i n h u ɡ
הסידורים	h i s i d u ʁ i m
הסכר	h i s k e ʁ
הסניפים	h i s n i f i m
הסתרת	h i s t a ʁ e t
הפ	h a f
הפיתוי	h i f i t u j
הפלות	h i f l u t
הצפויים	h i t͡s p o j i m
הצתה	h i t͡s t a
הרמון	h a ʁ m o n
הרמוני	h i ʁ m o n i
השקיפות	h i ʃ k i f u t
התאומה	h i t o m a
התלויים	h i t l u j i m
התקדמה	h i t k a d e m a
וההורים	v e h o ʁ i m
ויציב	v i t͡s i v
ולוודא	v a l v a d a
ושמות	v i ʃ m u t
ושרים	v i ʃ ʁ i m
זמנך	z a m a n a χ
חוסה	χ o s a
חורגת	χ o ʁ e ɡ e t
חזיתית	χ a z i t i t
חטיפה	χ a t i f a
חלומי	χ a l u m i
חמס	χ a m a s
חפיפה	χ a f i f a
טובל	t o v e l
טומאת	t o m a t
טעינו	t a i n u
יוזף	j o z e f
יומיומית	j o m j o m i t
ייקרא	j i k ʁ a
יפתור	j a f t u ʁ
יצאתם	j a t͡s a t e m
יריה	j a ʁ j a
כמתוכנן	k a m t u χ n a n
כעד	k a a d
כרס	k a ʁ a s
לבטלה	l i v t a l a
לגונן	l a ɡ o n a n
להתבגר	l e h i t b e ɡ e ʁ
להתעכב	l e h i t a χ e v
להתענג	l e h i t a n e ɡ
לחבורה	l a χ b u ʁ a
ליונל	l i j o n e l
לימודיה	l i m u d j a
לספסל	l i s p a s e l
לענוד	l a a n u d
מאס	m a a s
מדיום	m a d j u m
מהאירוע	m e h i ʁ u a
מוזיקאי	m u z i k a j
מחמירים	m a χ m i ʁ i m
מחמישה	m a χ m i ʃ a
מחנכים	m a χ n a χ i m
מיוצג	m i j u t͡s e ɡ
מם	m a m
מסות	m a s u t
מעטפה	m a a t a f a
מעלינו	m a a l i n u
מעקה	m a a k a
מראית	m a ʁ a j i t
מרחיקות	m a ʁ χ i k u t
מרטי	m a ʁ t i
מתאבד	m i t a b e d
נוחי	n o χ i
נורי	n o ʁ i
נזלת	n i z l e t
נימוקים	n i m u k i m
ניצה	n i t͡s a
נל	n a l
ננעל	n i n a l
נשתנה	n i ʃ t a n a
סיגרים	s i ɡ ʁ i m
סמיילי	s a m a j l i
סתימה	s t i m a
עבירת	a v i ʁ e t
עדשים	a d a ʃ i m
עוזרי	o z a ʁ i
עטופה	a t u f a
עילוי	i l u j
צבירת	t͡s a v i ʁ e t
צילמה	t͡s i l m a
ציפינו	t͡s i p i n u
צמחונית	t͡s a m χ o n i t
קישוטים	k i ʃ u t i m
רטובים	ʁ a t u v i m
ריינה	ʁ a j a n a
ריכוזי	ʁ i χ u z i
רכשתי	ʁ a χ ʃ a t i
רעד	ʁ a a d
שיף	ʃ i f
שיקים	ʃ i k i m
שלקחה	ʃ a l a k a χ a
שמצד	ʃ i m t͡s e d
שמקובל	ʃ i m k o v e l
תאילנדי	t e i l a n d i
תטפל	t i t p e l
תרגיע	t a ʁ ɡ i a
girls	ɡ i r l s
hotel	h o t e l
les	l e s
אביבים	a v i v i m
אדוננו	a d o n a n u
אהלן	a h l a n
אוולין	a v l i n
אזהרות	a z h a ʁ u t
אחריהן	a χ ʁ i j a n
אפיקים	a f i k i m
ארן	a ʁ a n
אשקר	a ʃ k a ʁ
באק	b a a k
בחטא	b a χ t a
בחשכה	b a χ ʃ a χ a
במוחי	b e m u χ i
במידות	b e m i d u t
בפינות	b e f i n u t
בקט	b a k a t
בקיבה	b e k i v a
בריבוע	b ʁ i b u a
ברים	b a ʁ i m
בשפלה	b i ʃ p e l a
גובים	ɡ o v i m
גורש	ɡ o ʁ e ʃ
גיבש	ɡ i b e ʃ
גרמי	ɡ a ʁ m i
דימה	d i m a
דיקסון	d i k s o n
דניה	d a n j a
דרקונים	d a ʁ k o n i m
האבחון	h e e v a χ o n
האירי	h e i ʁ i
הבדואי	h i v d u i
הדה	h a d a
הדוקה	h a d u k a
הדסון	h i d s o n
ההקרבה	h e a k ʁ a v a
הוצאנו	h o t͡s a n u
הורשו	h o ʁ ʃ u
הושפעו	h o ʃ p a u
הזעיר	h i z i ʁ
הזרקת	h i z ʁ e k e t
החדרת	h i χ d e ʁ e t
הטורים	h i t u ʁ i m
הטקסים	h i t k a s i m
הטרי	h i t ʁ i
המהדורות	h i m a d u ʁ u t
המהותי	h i m h u t i
המזלות	h i m z a l u t
המחפש	h i m χ a p e ʃ
המסיבות	h i m s i v u t
המעידה	h i m i d a
המפריד	h i m p ʁ i d
המקודש	h i m k o d e ʃ
המתוכננת	h i m t u χ n a n t
הנזירות	h i n z i ʁ u t
הנמשך	h i n m e ʃ e χ
הסקירה	h i s k i ʁ a
העדיפה	e e d i f a
הקטין	h i k t i n
הראווה	h i ʁ a v a
הרעל	h i ʁ a l
הרצאת	h i ʁ t͡s a t
השמידו	h i ʃ m i d u
התגבר	h i t ɡ a v e ʁ
התדמית	h i t d a m i t
ואהרן	v e a ʁ a n
וגובה	v a ɡ u v a
וזול	v a z u l
ולאט	v a l a t
ומחליט	v i m χ a l i t
ומעלים	v i m a l i m
וערבית	v e a ʁ b i t
ורון	v a ʁ o n
ותקרא	v i t k a ʁ a
זיק	z i k
חדלו	χ a d a l u
חובבים	χ o v e v i m
חוקתית	χ o k t i t
חותרת	χ o t e ʁ e t
חטפו	χ a t a f u
חסדא	χ a s d a
חסדים	χ a s a d i m
טרק	t a ʁ a k
ירשו	j a ʁ ʃ u
כופה	k o f a
כיאות	k i u t
כלולות	k l u l u t
להדק	l a h a d e k
להישבר	l e h i ʃ b e ʁ
להצחיק	l e h i t͡s χ i k
להשבית	l e h i ʃ b i t
להתמיד	l e h i t m i d
לזרים	l i z ʁ i m
לחשיפה	l a χ ʃ i f a
לכניסת	l i χ n i s e t
למותה	l a m u t a
לקורבנות	l e k o ʁ b a n u t
לתלמידיו	l i t l a m i d j u
לתעלה	l i t a l a
לתפעל	l i t p a a l
לתרץ	l i t ʁ e t͡s
מדוד	m a d u d
מוריסון	m o ʁ i s o n
מלב	m a l a v
ממצה	m a m t͡s a
מספריו	m i s p a ʁ j u
מסתפק	m i s t a p e k
מקצוענית	m a k t͡s u a n i t
מרביץ	m a ʁ b i t͡s
מרצונם	m a ʁ t͡s o n a m
משמיעים	m i ʃ m i i m
משתלב	m i ʃ t a l a v
מתאחדים	m i t a χ a d i m
נבהלתי	n i v h a l t i
נזכרה	n i z k a ʁ a
נידה	n i d a
ניזונים	n i z o n i m
ניצחת	n i t͡s a χ a t
נכחד	n i χ χ a d
נפתחות	n i f t a χ u t
נשמרים	n i ʃ m a ʁ i m
נתמך	n i t m e χ
סולחת	s o l a χ a t
סולר	s o l a ʁ
סלאם	s a l a m
עיבודים	i b u d i m
עצמאותה	a t͡s m a u t a
פיראטים	p i ʁ a t i m
פרדו	p a ʁ d u
צחקו	t͡s a χ a k u
ציווי	t͡s i v i
ציידי	t͡s a j a d i
צנועים	t͡s n u i m
צצה	t͡s a t͡s a
קיה	k i j a
קינות	k i n u t
קרוביו	k ʁ o v j u
קרתא	k a ʁ t a
קרתה	k a ʁ t a
רוזי	ʁ o z i
שבשביל	ʃ a v ʃ a v i l
שבתוכה	ʃ a v t u χ a
שגשוג	ʃ a ɡ ʃ u ɡ
שובע	ʃ o v a
שולף	ʃ o l e f
שוקע	ʃ o k a
שורד	ʃ o ʁ e d
שידוך	ʃ i d u χ
שיטור	ʃ i t u ʁ
שימשיך	ʃ i m ʃ i χ
שיניו	ʃ i n j u
שלחם	ʃ a l χ a m
שליטים	ʃ l i t i m
שלעתים	ʃ a l a a t i m
שמציע	ʃ i m t͡s i a
שניסתה	ʃ n i s t a
שניצח	ʃ n i t͡s a χ
שרצינו	ʃ a ʁ t͡s i n u
תחול	t a χ u l
תרדוף	t a ʁ d u f
תרמי	t a ʁ m i
du	d u
name	n a m e
photo	f o t o
אושרי	o ʃ a ʁ i
אידיוטים	i d j u t i m
איכותיות	i χ u t j u t
איליי	i l a j
אינסטינקט	i n s t i n k t
אכזריים	a χ z a ʁ a j i m
אלחוטי	a l χ u t i
אמבר	a m b a ʁ
אמוץ	a m u t͡s
אספנו	a s p a n u
אקדמיות	a k d e m j u t
ארעי	a ʁ a j
ארציים	a ʁ t͡s a j i m
אתלטיקו	a t a l t i k o
באחוזה	b e a χ u z a
באס	b a a s
בארגז	b e a ʁ ɡ e z
בהתנהלות	b e h i t n a l u t
בחשיכה	b a χ ʃ i χ a
בטיל	b a t i l
ביכולות	b i χ u l u t
ביצור	b i t͡s u ʁ
בלחיצת	b a l χ i t͡s e t
בעניני	b a a n i n i
ברדה	b a ʁ d a
בריאותי	b ʁ i u t i
ברלנד	b a ʁ l a n d
בשדרה	b i ʃ d a ʁ a
בתקן	b a t a k a n
בתשומת	b i t ʃ u m e t
גוך	ɡ o χ
גמד	ɡ a m a d
גרטה	ɡ a ʁ t a
דוראנט	d o ʁ a n t
דינם	d i n e m
הבלונים	h i v l o n i m
הגיר	h i ɡ i ʁ
הגשמי	h i ɡ ʃ e m i
הדגישה	h i d ɡ i ʃ a
הוכה	h o χ a
הוקדש	h o k d e ʃ
היולדת	h i j u l e d e t
הילידים	h i l i d i m
היריבים	h i ʁ i v i m
הכנופיות	h i χ n o f j u t
הכר	h i χ e ʁ
הלחצים	h i l χ a t͡s i m
המדמה	h i m d e m a
המזג	h i m z e ɡ
המזוהים	h i m z u h i m
המקיים	h i m k a j i m
המשביר	h i m ʃ b i ʁ
הנציבות	h i n t͡s i v u t
הסדירה	h i s d i ʁ a
הסיבים	h i s i v i m
הסינון	h i s i n o n
העשויות	e e ʃ u j u t
הפינות	h i f i n u t
הפליג	h i f l i ɡ
הפלילית	h i f l i l i t
הקהילתית	h i k h i l t i t
הקונצרט	h i k o n t͡s a ʁ t
הקלאסיים	h i k l a s i m
הרהורים	h i ʁ h o ʁ i m
השכיחות	h i ʃ k i χ u t
התחתונות	h i t χ a t o n u t
ואימה	v e i m a
ואינך	v e i n e χ
ודומה	v a d u m a
והחיילים	v e h a j a l i m
והציונות	v e h i t͡s j o n u t
ויחידה	v i χ i d a
ומחזיר	v i m χ a z i ʁ
ועברתי	v e a v ʁ a t i
ועתיד	v e a t i d
וקיום	v a k j u m
ורשם	v a ʁ ʃ a m
ושלחתי	v i ʃ l a χ t i
ותחושת	v i t χ o ʃ e t
ותמצא	v i t m a t͡s a
ותתחיל	v i t t a χ i l
זירה	z i ʁ a
חודרת	χ o d e ʁ e t
חזייה	χ a z i j a
חטאי	χ a t a j
חימוש	χ i m u ʃ
חמק	χ a m a k
טיטו	t i t u
טייט	t a j a t
טנא	t a n a
ידיות	j a d j u t
יחתום	j a χ t u m
יישב	j i ʃ e v
יסבול	j a s b u l
יקל	j a k a l
כיאה	k i a
לדוכן	l a d u χ a n
להווה	l a h a v a
להושיט	l e h u ʃ i t
להישג	l e h i ʃ e ɡ
להפציץ	l e h i p t͡s i t͡s
להתחלק	l e h i t χ a l e k
לחבוש	l a χ b u ʃ
לחמה	l a χ m a
לחרם	l a χ ʁ a m
למנה	l a m a n a
לעטוף	l a a t u f
לראווה	l a ʁ a v a
לתהום	l i t h u m
לתפקידי	l i t p a k i d i
מאחרי	m e a χ a ʁ i
מאיירס	m e a j a ʁ e s
מהודר	m e h u d e ʁ
מהתמונה	m e h i t m o n a
מותחן	m o t χ a n
מטא	m a t a
מיסוד	m i s u d
ממחוז	m a m χ u z
מסווגים	m a s v a ɡ i m
מעילה	m e i l a
מרפאות	m a ʁ p a u t
משנתיים	m i ʃ n a t a j i m
מתחדש	m i t χ a d e ʃ
מתעקשים	m i t a k ʃ i m
נגמרים	n i ɡ m a ʁ i m
נהייה	n e h i j a
נחליט	n a χ l i t
נחמני	n a χ m a n i
ניזוק	n i z u k
נכשלים	n i χ ʃ a l i m
נשרים	n i ʃ ʁ i m
סדאם	s a d a m
סודר	s o d e ʁ
סולד	s o l a d
סיסקו	s i s k o
סירי	s i ʁ i
סירקין	s i ʁ k i n
סריקות	s ʁ i k u t
עבדול	a v d u l
עבריה	a v ʁ i j a
עדתי	a d a t i
עודפים	o d e f i m
עירק	i ʁ e k
עמדותיהם	a m d u t j a m
עמון	a m o n
פגומה	p a ɡ u m a
פילון	p i l o n
פרטיו	p a ʁ t i v
צדו	t͡s a d u
ציוץ	t͡s i j u t͡s
צימר	t͡s i m e ʁ
צפי	t͡s a f i
קינה	k i n a
קירה	k i ʁ a
קמע	k a m a
קרויה	k ʁ u j a
קרוע	k a ʁ u a
רוחש	ʁ o χ e ʃ
ריכז	ʁ i χ e z
שבשמיים	ʃ a v ʃ a m a j i m
שהאב	ʃ a h a v
שהגרמנים	ʃ a h a ɡ ʁ a m a n i m
שהקימה	ʃ a h k i m a
שהתפתח	ʃ e h i t p a t e a χ
שזקוקים	ʃ i z k o k i m
שיאה	ʃ i a
שיקולי	ʃ i k u l i
שמחנו	ʃ i m χ a n u
שמכל	ʃ i m k e l
שנו	ʃ a n u
שנתניהו	ʃ i n t a n j a h u
ששמעת	ʃ i ʃ m a a t
שתואר	ʃ a t u a ʁ
שתפס	ʃ i t p e s
תבחרי	t a v χ a ʁ i
תהווה	t a h v a
תווית	t a v i t
תומכות	t o m χ u t
תפישה	t f i ʃ a
תפרוץ	t a f ʁ u t͡s
תצהיר	t a t͡s h i ʁ
תקריב	t a k ʁ i v
תשני	t i ʃ n i
del	d e l
den	d e n
god	ɡ o d
has	h a s
max	m a k s
vod	v o d
אדאג	a d a ɡ
אדוק	a d u k
אוזני	o z a n i
אוסטרלי	o s t a ʁ l i
אלקין	a l k i n
אנונימיים	a n o n i m a j i m
ארמית	a ʁ m i t
אשמתי	a ʃ m a t i
אתת	a t a t
באתונה	b e a t o n a
בביטוח	b e v i t u a χ
בוואדי	b a v a d i
בורסה	b o ʁ s a
בזמני	b i z m a n i
בחילופי	b e χ i l u f i
ביסודיות	b i s u d j u t
בסקירה	b a s k i ʁ a
ברברים	b a ʁ b a ʁ i m
ברווזים	b a ʁ v a z i m
בשבועה	b i ʃ b u a
בשירי	b e ʃ i ʁ i
גילויי	ɡ i l u j
דגלו	d a ɡ l u
דד	d a d
דיעה	d i a
דרב	d a ʁ a v
האיטי	h e i t i
האלון	h e e l o n
האריסון	h e e ʁ i s o n
הגזעים	h i ɡ z a i m
הדגשת	h i d ɡ e ʃ e t
ההיי	h a h a j
ההעברות	h e e v e ʁ u t
הופתעו	h o f t a u
הורחק	h o ʁ χ a k
הוריי	h o ʁ a j
הזהירה	h i z h i ʁ a
החבילות	h e χ b i l u t
החליפות	h e χ l i f u t
הטיח	h i t i a χ
הטרחה	h i t ʁ a χ a
הטריד	h i t ʁ i d
המניעה	h i m n i a
המריבה	h i m ʁ i v a
המתמשכת	h i m t a m ʃ e χ e t
הנסיכים	h i n s i χ i m
הסובלנות	h i s u v l a n u t
הסיליקון	h i s i l i k o n
הסתמכות	h i s t a m χ u t
הפטירה	h i f t i ʁ a
הפסיפס	h i f s i p e s
הצלחתה	h i t͡s l a χ t a
הקרון	h i k ʁ o n
הרבייה	h i ʁ b i j a
הרעלה	h i ʁ a l a
השגתי	h i ʃ ɡ a t i
השווקים	h i ʃ v a k i m
השפם	h i ʃ p e m
התגוררה	h i t ɡ o ʁ a ʁ a
התגלית	h i t ɡ a l i t
התיאורים	h i t j o ʁ i m
התכונן	h i t k o n e n
התמוטטה	h i t m u t a t a
התמרים	h i t m a ʁ i m
התנהגותי	h i t n a h a ɡ u t i
התקפים	h i t k a f i m
ואחראי	v e a χ ʁ a j
ואיתן	v e i t e n
וין	v i n
ויעיל	v i i l
ומוצרים	v e m u t͡s a ʁ i m
ומחזיק	v i m χ a z i k
וסין	v a s i n
ושונות	v e ʃ o n u t
ושמר	v i ʃ m e ʁ
זועק	z o a k
זייד	z a j a d
זכייתה	z a χ j a t a
חופשיה	χ o f ʃ i j a
חידון	χ i d o n
חפה	χ a f a
חצץ	χ a t͡s a t͡s
חרסינה	χ a ʁ s i n a
טירון	t i ʁ o n
טריליון	t ʁ i l j o n
יגע	j a ɡ a
יובאו	j o v a u
יוונים	j a v a n i m
יכה	j a χ a
יצרנים	j a t͡s ʁ a n i m
כיוונו	k i v a n u
כינויים	k i n u j i m
כמרים	k a m a ʁ i m
כמשל	k a m ʃ a l
כריכים	k ʁ i χ i m
כרישים	k ʁ i ʃ i m
כשבא	k a ʃ b a
כשלה	k a ʃ l a
כשמונה	k a ʃ m o n a
כשפה	k a ʃ p a
לבגדים	l i v ɡ a d i m
לדמשק	l i d m e ʃ e k
לדרג	l i d ʁ e ɡ
להובלת	l e h o v e l e t
להוד	l a h u d
להפנים	l e h a p a n i m
להתחדש	l e h i t χ a d e ʃ
להתעמק	l e h i t a m e k
להתעצבן	l e h i t a t͡s e v e n
לובי	l o v i
לחזר	l a χ z a ʁ
לחטא	l a χ t a
לחתולים	l a χ t u l i m
לכזה	l i χ z a
למורת	l a m u ʁ a t
למשלחת	l i m ʃ a l a χ a t
לסמכות	l i s m a χ u t
לצמרת	l i t͡s m a ʁ e t
לשגרירות	l i ʃ ɡ ʁ i ʁ u t
מדיניותה	m a d i n j u t a
מהעונה	m e h o n a
מהתפקיד	m e h i t p a k i d
מזכרות	m i z k a ʁ u t
מחקריו	m a χ k a ʁ j u
מיוזיק	m i j u z i k
מיסי	m i s i
מישורי	m i ʃ u ʁ i
ממפיס	m a m p i s
מספיקות	m a s p i k u t
מרתקים	m a ʁ t a k i m
משקפות	m i ʃ k a f u t
מתאבדים	m i t a b a d i m
מתנאי	m i t n a j
נוקשים	n o k ʃ i m
נחטפו	n a χ t a f u
נטושים	n i t u ʃ i m
ניהולי	n i h u l i
נלי	n a l i
נמו	n a m u
נסלח	n i s l a χ
נפסקה	n i f s a k a
נפת	n a f a t
נצור	n a t͡s u ʁ
נקב	n a k a v
נרתע	n i ʁ t a
סביון	s a v j o n
סדירים	s a d i ʁ i m
סוקרטס	s o k ʁ a t e s
סורגים	s o ʁ ɡ i m
סימס	s i m e s
סמרטוט	s a m a ʁ t u t
עודנו	o d a n u
עירוי	i ʁ u j
עלאה	a l a
עקבים	a k a v i m
פולר	p o l a ʁ
פורטלנד	p o ʁ t a l a n d
צועדת	t͡s o a d e t
קליעה	k l i a
קערות	k a a ʁ u t
קרופורד	k ʁ o f o ʁ d
קרין	k a ʁ i n
קרקעיות	k a ʁ k a j u t
רובינס	ʁ o v i n e s
רטט	ʁ a t a t
שאיתם	ʃ a i t e m
שהמוח	ʃ a h m u a χ
שוחחנו	ʃ o χ χ a n u
שחטא	ʃ a χ t a
שחלפה	ʃ a χ l a f a
שחשף	ʃ a χ ʃ e f
שיוויון	ʃ i v j o n
שימורים	ʃ i m u ʁ i m
שכולן	ʃ χ u l a n
שליוו	ʃ a l i v
שמיכות	ʃ m i χ u t
שמספרים	ʃ i m s p a ʁ i m
שמצאה	ʃ i m t͡s a
שנצטרך	ʃ i n t͡s t a ʁ a χ
שפותחה	ʃ p u t a χ a
שרימפס	ʃ ʁ i m p e s
ששבר	ʃ i ʃ b e ʁ
תגלו	t a ɡ l u
fi	f i
hiv	h i v
holy	h o l i
let	l e t
mac	m a k
need	n e e d
posted	p o s t e d
vs	v e s
watch	w a t͡ʃ
woman	w o m a n
אופטיקה	o f t i k a
אטומי	a t u m i
אינטימיות	i n t i m j u t
אמיד	a m i d
אמינו	a m i n u
אמנו	a m a n u
אמפתיה	a m p a t j a
אנליטית	a n l i t i t
אסיסטים	a s i s t i m
אענה	a a n a
אריקה	a ʁ i k a
אשיר	a ʃ i ʁ
בהשפעה	b e h i ʃ p a a
בזבל	b i z b e l
בידים	b i d i m
בכירות	b e χ i ʁ u t
במיכל	b e m i χ e l
גודמן	ɡ o d m a n
גרגרי	ɡ a ʁ ɡ a ʁ i
גרדנר	ɡ a ʁ d a n a ʁ
דווייט	d v a j t
דומני	d o m a n i
דוקו	d o k o
האוסטרלית	h e o s t a ʁ l i t
האליטות	h e e l i t u t
הגיוון	h i ɡ i v e n
ההערה	h e e ʁ a
הותקנו	h o t k a n u
הזאבים	h i z a v i m
החוליות	h e χ u l j u t
הידית	h i d i t
הידעת	h i d a a t
היקב	h i k e v
הכבש	h i χ b e ʃ
הכניסות	h i χ n i s u t
הכתום	h i χ t u m
המבריק	h i m b ʁ i k
המחזות	h i m χ a z u t
המעופף	h i m o f e f
המציע	h i m t͡s i a
המשחה	h i m ʃ a χ a
המתגורר	h i m t a ɡ o ʁ e ʁ
המתמדת	h i m t a m e d e t
הנעימה	h i n i m a
הסדרי	h i s d a ʁ i
הסטנדרטים	h i s t a n d a ʁ t i m
הסכמתם	h i s k e m t e m
הסצינה	h i s t͡s i n a
העישון	h e i ʃ o n
העיתוי	h e i t u j
העלויות	e e l u j u t
הפשיטה	h i f ʃ i t a
הצבעתי	h i t͡s b a a t i
הצית	h i t͡s i t
הצלע	h i t͡s l a
הצמרת	h i t͡s m a ʁ e t
הצעקות	h i t͡s a k u t
הקטלנית	h i k t a l a n i t
הרציחות	h i ʁ t͡s i χ u t
השלילה	h i ʃ l i l a
השמיעו	h i ʃ m i u
התווית	h i t v i t
התלמידות	h i t l a m i d u t
ואיראן	v e i ʁ a n
ואמיץ	v e a m i t͡s
והוסיפה	v e h o s i f a
ויאיר	v i i ʁ
ויעש	v i a ʃ
וכושר	v e χ o ʃ e ʁ
ומקבלת	v i m k a v e l e t
ועיר	v e i ʁ
ורן	v a ʁ a n
ורעיונות	v a ʁ a j o n u t
זד	z a d
זוסמן	z o s m a n
חודרים	χ o d a ʁ i m
חותרים	χ o t a ʁ i m
חיטוי	χ i t u j
חלקיקי	χ a l k i k i
חמיו	χ a m j u
חסימות	χ a s i m u t
חצילים	χ a t͡s i l i m
חשבוני	χ a ʃ b o n i
חששה	χ a ʃ a ʃ a
טעית	t a i t
טרייה	t ʁ i j a
ידידך	j a d i d e χ
יוגש	j o ɡ e ʃ
יומנו	j o m a n u
יומנים	j o m a n i m
יישומי	j i ʃ u m i
יעניק	j a a n i k
יצירתיים	j e t͡s i ʁ t a j i m
ירבה	j a ʁ b a
כאתר	k e a t e ʁ
כגן	k a ɡ a n
כדבריו	k a d b a ʁ j u
כידון	k i d o n
כיוצא	k i j u t͡s a
כלור	k a l u ʁ
כלשהוא	k a l ʃ a h u
לאוהל	l e o h e l
לאנס	l a a n a s
לבטן	l a v t a n
לדוג	l a d u ɡ
לדעתנו	l i d a t a n u
להבי	l a h a v i
להיכלל	l e h i χ l e l
להקליד	l e h a k l i d
להתחמם	l e h i t χ a m e m
לוויתן	l a v i t e n
לוכד	l o χ e d
לומדות	l o m d u t
לחתול	l a χ t u l
ליחידים	l i χ i d i m
ליעדים	l i a d i m
לכסא	l i χ s a
לליל	l a l i l
ללמידה	l i l m i d a
ללעג	l a l a ɡ
לנתניה	l i n t a n j a
לעיתונאים	l a i t o n a i m
לקנדה	l i k n a d a
לשלמה	l i ʃ l a m a
לתצוגה	l i t t͡s u ɡ a
מגנטית	m a ɡ n a t i t
מגעילים	m a ɡ i l i m
מסתמן	m i s t a m e n
מעיק	m e i k
מקבוצות	m a k b u t͡s u t
מרצים	m a ʁ t͡s i m
משבעת	m i ʃ b a a t
משענת	m i ʃ a n e t
מתמחים	m i t m a χ i m
מתעצבן	m i t a t͡s b a n
מתפעל	m i t p a a l
נגרמה	n i ɡ ʁ a m a
נדחף	n i d χ a f
נוכחי	n o χ a χ i
נורתה	n o ʁ t a
נכבש	n i χ b e ʃ
נכנעו	n i χ n a u
נלהבים	n i l h a v i m
נקים	n a k i m
נרדמת	n i ʁ d e m e t
נתבקש	n i t b a k e ʃ
סופיות	s o f j u t
סוריים	s o ʁ a j i m
סיניות	s i n j u t
סליק	s a l i k
סמיר	s a m i ʁ
ספירס	s f i ʁ e s
עבוד	a v u d
עדכן	a d χ a n
עדכני	a d χ a n i
עירון	i ʁ o n
ענבי	a n b i
ענווה	a n v a
עצרנו	a t͡s ʁ a n u
עקירת	a k i ʁ e t
ערער	a ʁ a ʁ
פוקד	p o k e d
פורמט	p o ʁ m e t
פלורנס	p l o ʁ n e s
פרים	p a ʁ i m
צמצם	t͡s i m t͡s e m
קטנטנים	k t a n t a n i m
קיבינימט	k i b i n i m e t
קיטון	k i t o n
קיל	k i l
קילוגרמים	k i l u ɡ ʁ a m i m
קלאס	k a l a s
קצרת	k a t͡s a ʁ a t
קרת	k a ʁ a t
רוחמה	ʁ o χ a m a
רומאי	ʁ o m a j
רונה	ʁ o n a
ריכטר	ʁ i χ t e ʁ
רימה	ʁ i m a
ריצוף	ʁ i t͡s u f
רכישות	ʁ e χ i ʃ u t
שבכך	ʃ a v χ a χ
שהגה	ʃ a h a ɡ a
שיצליח	ʃ i t͡s l i a χ
שיריה	ʃ i ʁ j a
שמול	ʃ a m u l
שמיעת	ʃ m i a t
שמצאת	ʃ i m t͡s a t
שמתחילה	ʃ i m t χ i l a
שנויים	ʃ n u j i m
ששכח	ʃ i ʃ k a χ
תבעו	t a v a u
תכינו	t e χ i n u
תמיכתם	t a m i χ t e m
ad	a d
bds	b e d e s
es	e s
fun	f u n
ha	h a
media	m e d i a
plus	p l u s
אולימפית	o l i m p i t
אחידים	a χ i d i m
אחראיים	a χ ʁ a j i m
אחרוני	a χ ʁ o n i
איליה	i l j a
אלכסיי	a l a χ s a j
אלמונים	a l m o n i m
אלמן	a l m a n
אפיה	a f j a
ארגנו	a ʁ ɡ a n u
אתנה	a t a n a
בדויה	b a d u j a
בהתנחלויות	b e h i t n a χ l u j u t
בהתקף	b e h i t k e f
בונו	b o n u
בינת	b i n e t
בישולים	b i ʃ u l i m
בפולחן	b e f u l χ a n
בפירות	b e f i ʁ u t
ברביעי	b a ʁ b i a j
בריש	b ʁ i ʃ
בשכרות	b i ʃ k a ʁ u t
בתצוגה	b i t t͡s u ɡ a
גיטין	ɡ i t i n
גלנט	ɡ a l a n t
האלילים	h e e l i l i m
האמיר	h e e m i ʁ
הגברית	h i ɡ b a ʁ i t
הגזמה	h i ɡ z a m a
הגידולים	h i ɡ i d u l i m
הגריל	h i ɡ ʁ i l
הדב	h a d a v
הדפס	h i d p e s
הדריך	h i d ʁ i χ
ההתקוממות	h e h i t k o m e m u t
הטיילת	h i t j a l e t
הכמרים	h i χ m a ʁ i m
הכפייה	h i χ p i j a
הכפיל	h i χ p i l
הלבלב	h i l b l e v
הלחן	h i l χ a n
המדגם	h i m d e ɡ e m
המכתש	h i m k a t e ʃ
המענה	h i m a n a
המציגים	h i m t͡s i ɡ i m
הניירות	h i n j a ʁ u t
הסמוי	h i s m u j
העינויים	h e i n u j i m
העשירות	e e ʃ i ʁ u t
הפשוטות	h i f ʃ u t u t
הקרחון	h i k ʁ a χ o n
השבה	h i ʃ b a
השיקול	h i ʃ i k o l
התאפשר	h i t a p ʃ e ʁ
התבטאה	h i t b a t a
התומכת	h i t u m e χ e t
התכוננו	h i t k o n a n u
התנין	h i t n i n
התקרבה	h i t k a ʁ b a
ובמהירות	v i v m e h i ʁ u t
וגר	v a ɡ a ʁ
והוראה	v e h o ʁ a
והיחס	v e h i χ e s
והמסורת	v e h i m s o ʁ e t
וירידה	v i ʁ i d a
ומסתיים	v i m s t a j i m
ומשונים	v i m ʃ o n i m
וערים	v e a ʁ i m
וקנה	v a k a n a
וקפה	v a k a f a
ורבו	v a ʁ b u
ושירת	v e ʃ i ʁ e t
ושרי	v i ʃ ʁ i
ותקנות	v i t k a n u t
זמניות	z a m a n j u t
זרועה	z a ʁ u a
חזיתות	χ a z i t u t
חזקיה	χ a z a k j a
חיפשנו	χ i p ʃ a n u
חלוקי	χ a l u k i
חשמלאי	χ a ʃ m a l a j
יגל	j a ɡ e l
יומים	j o m i m
יחלו	j a χ l u
ייסורים	j i s u ʁ i m
יכיל	j e χ i l
ימ	j a m
יניח	j a n i a χ
יעדיפו	j a a d i f u
ירים	j a ʁ i m
ככולם	k a χ u l a m
כלכלנים	k a l a χ l a n i m
לאיד	l a i d
לגזול	l i ɡ z u l
לדרישה	l i d ʁ i ʃ a
להיפסק	l e h i p s e k
להישמר	l e h i ʃ m e ʁ
להציף	l e h a t͡s i f
להרי	l a h a ʁ i
לודוויג	l o d v i ɡ
לודז	l o d e z
לחתיכות	l a χ t i χ u t
ליולי	l i j u l i
ליציבות	l i t͡s i v u t
ליצירות	l i t͡s i ʁ u t
לנווה	l i n v a
לעסקי	l a a s k i
לשליחות	l i ʃ l i χ u t
לשתיה	l i ʃ t j a
לתחזק	l i t χ a z e k
מגבילה	m a ɡ v i l a
מגונים	m a ɡ o n i m
מגייס	m a ɡ j a s
מדלן	m a d l a n
מהספרים	m e h i s p a ʁ i m
מהתחת	m e h i t χ e t
מוזנח	m u z a n a χ
מונטי	m o n t i
מטע	m a t a
מינסק	m i n s e k
מיק	m i k
מלהיב	m a l h i v
מלכותה	m a l χ u t a
ממניות	m a m a n j u t
מקלעים	m a k l a i m
מרבני	m a ʁ b a n i
מרנן	m a ʁ n a n
מתקופות	m i t k o f u t
מתרחשות	m i t ʁ a χ ʃ u t
נבצע	n i v t͡s a
ניסיוני	n i s j o n i
נכללה	n i χ l a l a
נסמך	n i s m e χ
נצביע	n i t͡s b i a
נתפש	n i t p e ʃ
נתקלנו	n i t k a l a n u
נתרן	n i t ʁ a n
סוערות	s o a ʁ u t
סיעה	s i a
סנדרסון	s a n d a ʁ s o n
סרטני	s a ʁ t a n i
עבודותיו	a v u d u t j u
עגילים	a ɡ i l i m
עופי	o f i
עמן	a m a n
עצירות	a t͡s i ʁ u t
פורע	p o ʁ a
פילוסופיות	p i l o s o f j u t
פלך	p a l a χ
פרימיום	p ʁ i m j u m
פריק	p ʁ i k
פשיטה	p ʃ i t a
צופי	t͡s o f i
קבלנים	k a v l a n i m
קוטג	k o t e ɡ
קונקרטית	k o n k a ʁ t i t
קוסקוס	k o s k o s
רובנו	ʁ o v a n u
רודריגז	ʁ o d ʁ i ɡ e z
רומית	ʁ o m i t
רקדנים	ʁ a k d a n i m
שהספיק	ʃ a h a s p i k
שהסתיים	ʃ a h a s t a j i m
שהראו	ʃ a h a ʁ a u
שילב	ʃ i l e v
שיפתח	ʃ i p t e a χ
שמציג	ʃ i m t͡s i ɡ
שמקורן	ʃ i m k o ʁ a n
שנגרמה	ʃ i n ɡ ʁ a m a
שניצחה	ʃ n i t͡s a χ a
שנע	ʃ a n a
שרירותי	ʃ ʁ i ʁ u t i
ששב	ʃ a ʃ a v
תדרוך	t a d ʁ u χ
תוניסיה	t o n i s j a
תוף	t o f
תזיק	t z i k
תחלה	t a χ l a
תחלואה	t a χ l u a
תסגור	t a s ɡ o ʁ
תרקוד	t a ʁ k u d
תתנצל	t i t n a t͡s e l
away	a w a j
est	e s t
haifa	h a i f a
mi	m i
tm	t e m
win	w i n
אהבתך	a h a v t e χ
אטרקציה	a t ʁ a k t͡s j a
אילינוי	i l i n u j
אינטימית	i n t i m i t
אלבומי	a l b u m i
אלישבע	a l i ʃ b a
אלסקה	a l s a k a
אמניות	a m a n j u t
אנט	a n a t
אניס	a n i s
אשא	a ʃ a
בהזדמנויות	b e h i z d e m a n u j u t
בהילוך	b e h i l u χ
בהיתר	b e h i t e ʁ
בחקירות	b a χ k i ʁ u t
בחשיבה	b a χ ʃ i v a
ביולוגיים	b i j u l u ɡ a j i m
בלשים	b a l a ʃ i m
בנותיה	b e n u t j a
בנישואין	b e n i ʃ u i n
בערכאות	b e a ʁ k a u t
בקניה	b a k a n j a
בשיקול	b e ʃ i k o l
בשלמותה	b i ʃ l a m u t a
בשפל	b i ʃ p e l
בתעודת	b i t ʔ u d e t
בתשלומים	b i t ʃ a l u m i m
גוססת	ɡ o s e s e t
גיד	ɡ i d
גררה	ɡ a ʁ a ʁ a
דהאן	d a h a n
דוראן	d o ʁ a n
דינר	d i n e ʁ
דרה	d a ʁ a
הבהרות	h i v h a ʁ u t
הבלון	h i v l o n
הברחת	h i v ʁ a χ e t
הגהות	h i ɡ h u t
הגנתי	h i ɡ n a t i
הגרמניות	h i ɡ ʁ a m a n j u t
הדמדומים	h i d m a d u m i m
הוגי	h o ɡ i
הולכה	h o l χ a
הזרמת	h i z ʁ e m e t
הטלה	h i t l a
הטרוריסטים	h i t ʁ o ʁ i s t i m
הישבן	h i ʃ b e n
הלהבות	h i l h a v u t
הלקוחה	h i l k u χ a
הלשונית	h i l ʃ o n i t
המגנים	h i m ɡ a n i m
המדידות	h i m d i d u t
המייצגת	h i m j a t͡s e ɡ e t
המלאכותית	h i m l a χ u t i t
המפורש	h i m p o ʁ e ʃ
המפרש	h i m p a ʁ e ʃ
המשמרות	h i m ʃ m a ʁ u t
הנאציזם	h i n a t͡s i z e m
הנותר	h i n u t e ʁ
הנחשבת	h i n χ a ʃ e v e t
הנראות	h i n ʁ a u t
הסיקור	h i s i k o ʁ
הסכינים	h i s k i n i m
העזים	e e z i m
הפמיניזם	h i f m i n i z e m
הצנוע	h i t͡s n u a
הרדיפה	h i ʁ d i f a
הרחוקים	h i ʁ χ o k i m
הרכה	h a ʁ χ a
הרשמה	h i ʁ ʃ e m a
השילומים	h i ʃ i l u m i m
השיפור	h i ʃ i p u ʁ
השמרנית	h i ʃ m a ʁ n i t
התאמנו	h i t a m a n u
התדר	h i t d e ʁ
התיישבה	h i t j a ʃ e v a
התניא	h i t n i
ובתקופה	v i v t a k o f a
וג	v a ɡ
ועמדות	v e a m d u t
ותבוא	v i t b u
ותביא	v i t b i
ותראי	v i t ʁ a j
זדון	z a d o n
חושדת	χ o ʃ e d e t
חטיפות	χ a t i f u t
חמדה	χ a m a d a
חסידית	χ a s i d i t
חצובה	χ a t͡s u v a
חשבונם	χ a ʃ b o n a m
טבעון	t a v o n
טוק	t o k
טיוטה	t i j u t a
טרגי	t a ʁ ɡ i
יבנו	j a v a n u
ידלין	j a d l i n
יעקבי	j a a k a v i
כיד	k i d
כתה	k a t a
כתלמיד	k a t a l m i d
לבעלת	l i v a l e t
להרדים	l a h a ʁ d i m
להתעשר	l e h i t a ʃ e ʁ
לזעזע	l i z a z a
לטל	l a t a l
ליוני	l i j o n i
לייבוש	l a j b u ʃ
ליקוטי	l i k u t i
למטר	l i m t e ʁ
לפסל	l i f s e l
לקיש	l a k i ʃ
לשארית	l i ʃ a ʁ i t
לשחור	l i ʃ χ o ʁ
לתרומה	l i t ʁ u m a
מאחוריך	m e a χ o ʁ i χ
מגדילה	m a ɡ d i l a
מגזינים	m a ɡ z i n i m
מדורות	m a d u ʁ u t
מהתמונות	m e h i t m o n u t
מחקרית	m a χ k a ʁ i t
מיועדות	m i j u a d u t
מלאכות	m a l a χ u t
מלחה	m a l χ a
מרלו	m a ʁ l u
משב	m a ʃ a v
משבצות	m i ʃ b a t͡s u t
משלבים	m i ʃ l a v i m
מתוודה	m i t v a d a
מתלוננת	m i t l o n a n t
מתעקשת	m i t a k e ʃ e t
נידח	n i d e a χ
נישאת	n i ʃ a t
נכנעים	n i χ n a i m
נלווים	n i l v i m
נמתח	n i m t e a χ
נפלט	n i f l a t
נשנה	n i ʃ n a
סוסו	s o s o
סידרת	s i d e ʁ e t
עיניכם	i n i χ e m
פזיז	p a z i z
פזמון	p i z m o n
פלסטיניות	p l a s t i n j u t
ציטט	t͡s i t e t
צילה	t͡s i l a
צלי	t͡s a l i
צעדת	t͡s a a d e t
קאלי	k a a l i
קביל	k a v i l
קיפוח	k i p u a χ
קלדרון	k a l d a ʁ o n
קמטים	k a m a t i m
קראתם	k a ʁ a t e m
קתולית	k a t u l i t
רביעיות	ʁ a b i a j u t
רוגע	ʁ o ɡ a
רט	ʁ a t
ריף	ʁ e f
רקדן	ʁ a k d a n
שגויים	ʃ ɡ u j i m
שגורשו	ʃ ɡ o ʁ ʃ u
שהזמין	ʃ a h a z m i n
שהתחלנו	ʃ e h i t χ a l a n u
שטים	ʃ a t i m
שיעקב	ʃ i a k e v
שישו	ʃ i ʃ u
שכולכם	ʃ χ u l χ a m
שכיחים	ʃ χ i χ i m
שמני	ʃ a m a n i
שפיתח	ʃ p i t e a χ
שקועים	ʃ k u i m
שקורים	ʃ k o ʁ i m
שקנו	ʃ a k a n u
שרר	ʃ a ʁ a ʁ
ששמעו	ʃ i ʃ m a u
ששרד	ʃ i ʃ ʁ e d
תחקירים	t a χ k i ʁ i m
תלול	t a l u l
תשפיע	t i ʃ p i a
אוב	o v
אופטיים	o f t a j i m
אוריון	o ʁ j o n
איסורי	i s u ʁ i
אכיל	a χ i l
אמנותיים	a m n u t a j i m
אתגרי	a t ɡ a ʁ i
באמירת	b e e m i ʁ e t
בגרף	b a ɡ ʁ e f
בדיבורים	b e d i b u ʁ i m
בהו	b a h u
בהוראות	b e h o ʁ a u t
בהרחבת	b e h a ʁ χ a v e t
בהתיישבות	b e h i t j a ʃ e v u t
בודאות	b o d a u t
בזלת	b a z a l a t
בחניה	b a χ a n j a
בילדותי	b i l d u t i
בלונדיני	b l o n d i n i
בנסיגה	b e n e s i ɡ a
בעזרתה	b a a z a ʁ t a
בריבונות	b ʁ i b o n u t
ברקלי	b a ʁ k a l i
בשתן	b i ʃ t e n
בתעודות	b i t ʔ o d u t
גיגה	ɡ i ɡ a
גינון	ɡ i n o n
גראן	ɡ a ʁ a n
דווי	d a v i
דוס	d o s
דיינים	d a j a n i m
דלות	d a l u t
האהדה	h e e d a
האובססיה	h e o v s a s j a
האיכר	h e i χ e ʁ
האיסלאמית	h e i s l a m i t
האלימה	h e e l i m a
הגדירה	h i ɡ d i ʁ a
הגונים	h i ɡ o n i m
הדביק	h i d b i k
הדחת	h i d χ e t
הדינים	h i d i n i m
ההתחממות	h e h i t χ a m e m u t
הוויה	h a v j a
הולנדי	h o l a n d i
הוקינג	h o k i ŋ ɡ
הזוועות	h i z v a u t
הזיז	h i z i z
הזמרים	h i z m a ʁ i m
החלטתם	h i χ l a t e t e m
החסרים	h i χ s a ʁ i m
החצים	h e χ a t͡s i m
הטביעה	h i t b i a
הלהבה	h i l h a v a
המבוא	h i m b u
המביאה	h i m b i a
המחוברים	h i m χ o v a ʁ i m
המלחמתי	h i m l a χ m e t i
המצה	h i m t͡s a
הניידות	h i n j a d u t
הסאטירה	h i s a t i ʁ a
הספקנו	h i s p e k a n u
הקטר	h i k t e ʁ
הקידוש	h i k i d u ʃ
הרפורמית	h i ʁ p o ʁ m i t
הרשים	h i ʁ ʃ i m
השילוש	h i ʃ i l u ʃ
השיפוטית	h i ʃ i p u t i t
השקטה	h i ʃ k a t a
התבגרות	h i t b a ɡ a ʁ u t
התגבשה	h i t ɡ e v e ʃ a
התחולל	h i t χ u l e l
התפר	h i t p e ʁ
התקיפות	h i t k i f u t
והמציאות	v e h i m t͡s i u t
והעתיד	v e e t i d
והתוצאות	v e h i t u t͡s a u t
ווטרס	v a t ʁ a s
וחזקים	v a χ z a k i m
ומזג	v i m z e ɡ
ומקיים	v i m k a j i m
וצריכים	v i t͡s ʁ i χ i m
ושמים	v i ʃ m i m
חדא	χ a d a
חשאיים	χ a ʃ a j i m
חשוכה	χ a ʃ u χ a
טחנות	t a χ n u t
יורקר	j o ʁ k e ʁ
יחלוף	j a χ l u f
יערוך	j a a ʁ u χ
יצירתה	j e t͡s i ʁ t a
כמותה	k a m u t a
כרצונך	k a ʁ t͡s o n a χ
כשבאתי	k a ʃ b a t i
לגאול	l i ɡ o l
לדירת	l a d i ʁ e t
להון	l a h o n
לזקן	l i z k a n
ליקר	l i k e ʁ
לירה	l i ʁ a
לכידת	l e χ i d e t
לקצינים	l i k t͡s i n i m
לרר	l a ʁ a ʁ
לשד	l a ʃ a d
לשרים	l i ʃ ʁ i m
לתהילה	l i t h i l a
לתושב	l a t u ʃ a v
מבנק	m a v n a k
מגבירה	m a ɡ v i ʁ a
מגבירים	m a ɡ v i ʁ i m
מדבק	m a d b a k
מדמי	m a d m i
מדקה	m a d a k a
מהאינטרנט	m e h i n t ʁ a n t
מהתלמידים	m e h i t l a m i d i m
מחניים	m a χ n a j i m
מיכלי	m i χ l i
ממעמקי	m a m a m a k i
מסביבו	m a s b i v u
מפח	m a f a χ
מרגוע	m a ʁ ɡ u a
מרון	m a ʁ o n
משמעתי	m i ʃ m a a t i
משקעים	m i ʃ k a i m
מתחשב	m i t χ a ʃ e v
נאבקת	n e e v e k e t
נואשים	n o a ʃ i m
נטפל	n i t p e l
ניחא	n i χ a
ניקה	n i k a
ננה	n a n a
נרתיק	n i ʁ t i k
נשאיר	n i ʃ i ʁ
נשרפה	n i ʃ ʁ a f a
נתתם	n i t t a m
סוויטה	s v i t a
סוסה	s o s a
סיכות	s i χ u t
סיסמא	s i s m a
סריקת	s ʁ i k e t
עזרנו	a z ʁ a n u
עמלות	a m l u t
עפו	a f u
עקומה	a k u m a
ערומים	a ʁ u m i m
פיטורי	p i t u ʁ i
פיקד	p i k e d
פעלים	p a a l i m
פק	p a k
פשיטות	p ʃ i t u t
קדמוניות	k a d m o n j u t
קוליות	k o l j u t
קוראות	k o ʁ a u t
קידר	k i d e ʁ
קיפול	k i p u l
קירבה	k i ʁ b a
קשקשים	k a ʃ k a ʃ i m
רודריגו	ʁ o d ʁ i ɡ o
רוץ	ʁ o t͡s
רחביה	ʁ a χ a v j a
שארלוט	ʃ e a ʁ l u t
שגויות	ʃ ɡ u j u t
שהנשים	ʃ a h a n ʃ i m
שחררי	ʃ a χ ʁ a ʁ i
שיכולת	ʃ i χ u l e t
שילמת	ʃ i l e m e t
שיפה	ʃ i f a
שמיטה	ʃ m i t a
שנראתה	ʃ i n ʁ a t a
תבן	t a v a n
תובלה	t o v l a
תחתיה	t a χ t a j a
תכולה	t χ u l a
תכליתי	t a χ l i t i
na	n a
se	s e
wwe	w e
אדמדם	a d m a d e m
אוגוסטוס	o ɡ o s t o s
אזלו	a z a l u
אחריכם	a χ ʁ i χ e m
אטילה	a t i l a
אירח	e ʁ e a χ
אלמה	a l a m a
אסורות	a s u ʁ u t
אסתטית	a s t a t i t
אפה	a f a
ארני	a ʁ a n i
אשאיר	a ʃ i ʁ
אתיופי	a t j o f i
בביתר	b e v i t e ʁ
בהקיץ	b e h e k i t͡s
בחשבונות	b a χ ʃ a v o n u t
ביצורים	b i t͡s u ʁ i m
בעי	b a i
בעינה	b a i n a
בעינו	b a i n u
בצורתה	b e t͡s u ʁ t a
ברזילאי	b a ʁ z i l a j
גאל	ɡ a a l
דאיהו	d a j a h u
דיאטת	d i a t e t
דיוויס	d i v i s
דרווין	d a ʁ v i n
דרי	d a ʁ i
הבנויים	h i v n u j i m
הבשמים	h i v ʃ e m i m
ההודים	h e h u d i m
היסודית	h i s u d i t
הכינרת	h i χ i n e ʁ e t
הלטיני	h i l t i n i
המאיה	h i m a j a
המחייה	h i m χ i j a
המנון	h i m n o n
המסריח	h i m s ʁ i a χ
המפלצות	h i m p a l t͡s u t
המשטרתי	h i m ʃ t a ʁ t i
המתרחשת	h i m t a ʁ χ e ʃ e t
הנאומים	h i n o m i m
הנשף	h i n ʃ e f
הסבב	h i s b e v
הפגוע	h i f ɡ u a
הפיננסית	h i f i n a n s i t
הפשטות	h i f ʃ a t u t
הקדימה	h i k d i m a
הקטלני	h i k t a l a n i
הקליט	h i k l i t
הקנים	h i k n i m
הקפות	h i k f u t
הקרסול	h i k ʁ a s u l
הרקמות	h i ʁ k e m u t
השטות	h i ʃ t u t
השימוע	h i ʃ i m u a
השמד	h i ʃ m e d
השעיר	h i ʃ i ʁ
השתלה	h i ʃ t a l a
התחלואה	h i t χ a l u a
התמלא	h i t m a l a
התעשיה	h i t a ʃ j a
התקפית	h i t k a f i t
ואיכותי	v e i χ u t i
וארבעים	v a ʁ b a i m
וגה	v a ɡ a
והעלייה	v e e l i j a
וולקני	v a l k a n i
וחלקי	v a χ l a k i
וחן	v a χ a n
ויגיד	v i ɡ i d
ועמדה	v e a m d a
וקולה	v a k u l a
זוהו	z o h u
זוטא	z o t a
זל	z a l
חגגנו	χ a ɡ ɡ a n u
חטפה	χ a t a f a
חילות	χ i l u t
ידידנו	j a d i d a n u
יושביה	j o ʃ e v j a
יעז	j a a z
ישובי	j e ʃ u v i
כזית	k a z i t
כחמישה	k a χ m i ʃ a
כיסו	k i s u
כשירה	k ʃ i ʁ a
להערים	l e h a ʁ i m
לחסידות	l a χ s i d u t
לחצתי	l a χ t͡s a t i
לכופף	l e χ o f e f
ללה	l a l a
לסקור	l i s k o ʁ
לשפץ	l i ʃ p e t͡s
לתחושה	l i t χ u ʃ a
םע	m a
מאימת	m e i m e t
מגד	m a ɡ a d
מגזרים	m a ɡ z a ʁ i m
מדורי	m a d u ʁ i
מודפסים	m o d p a s i m
מילאן	m i l a n
מלכותית	m a l χ u t i t
ממגע	m a m ɡ a
ממדית	m a m d i t
מסמרים	m a s m a ʁ i m
מרווה	m a ʁ v a
משוואות	m i ʃ v a u t
משמיים	m i ʃ m a j i m
משתווה	m i ʃ t a v a
מתפקיד	m i t p a k i d
נבטים	n i v t i m
נגעת	n i ɡ a t
נוודים	n a v a d i m
נחסם	n a χ s a m
ניגריה	n i ɡ ʁ i j a
ניוון	n i v e n
נישק	n i ʃ e k
נסגור	n i s ɡ o ʁ
נתקן	n i t k a n
סלין	s a l i n
סלינה	s l i n a
סקרי	s a k ʁ i
עולמיים	o l a m a j i m
עוצבה	o t͡s a v a
עיוותים	i v a t i m
עיזים	i z i m
עירייה	i ʁ i j a
עריש	a ʁ i ʃ
פד	p a d
פורייה	p o ʁ i j a
פילטר	p i l t e ʁ
צדדיות	t͡s a d a d j u t
צידון	t͡s i d o n
צידוק	t͡s i d u k
צפים	t͡s a f i m
צפרדעים	t͡s a f a ʁ d a i m
קונסטנטין	k o n s t a n t i n
קטי	k a t i
קידה	k i d a
קיצוצים	k i t͡s u t͡s i m
רוויה	ʁ a v j a
שהוזכר	ʃ e h u z k a ʁ
שהקהל	ʃ a h a k a l
שופ	ʃ o f
שיורה	ʃ i j u ʁ a
שיחרר	ʃ i χ ʁ e ʁ
שלאורך	ʃ a l o ʁ a χ
שנוהגים	ʃ n o h a ɡ i m
שנישאר	ʃ n i ʃ a ʁ
שעזבה	ʃ a a z a v a
ששילם	ʃ ʃ i l e m
ששכר	ʃ i ʃ k e ʁ
ששמר	ʃ i ʃ m e ʁ
תושיה	t o ʃ j a
תחסוך	t a χ s u χ
תיהנה	t i h a n a
תליון	t a l j o n
תקיעת	t k i a t
תרומתה	t ʁ u m t a
תרשה	t a ʁ ʃ a
תשתי	t i ʃ t i
give	ɡ i v e
last	l a s t
li	l i
where	w e ɾ e
אגנס	a ɡ n a s
אודישן	o d i ʃ e n
אורבנית	o ʁ b a n i t
אכזב	a χ z a v
אלטרנטיביות	a l t a ʁ n a t i v j u t
אנכית	a n χ i t
אספן	a s p a n
אפיל	a f i l
ארגזי	a ʁ ɡ a z i
ארטילריה	a ʁ t i l a ʁ j a
אריקסון	a ʁ i k s o n
ארנבים	a ʁ n a v i m
אשתה	a ʃ t a
באז	b a a z
באתיופיה	b e a t j o f j a
בהאי	b e h a j
ביוזמה	b i j u z m a
ביקיני	b i k i n i
בקסם	b a k s a m
ברשותי	b a ʁ ʃ u t i
בתקרית	b i t k a ʁ i t
גבעון	ɡ a v o n
גליקמן	ɡ l i k m a n
גרא	ɡ a ʁ a
גרוב	ɡ a ʁ u v
גרמניות	ɡ a ʁ m a n j u t
דיליה	d i l j a
דמדומים	d i m d u m i m
האידיאל	h e i d i e l
האידיוט	h e i d j u t
האתיופי	h e e t j o f i
הבטוחה	h i v t u χ a
הבריגדה	h i v ʁ i ɡ a d a
הדממה	h i d m e m a
ההבראה	h e h a v ʁ a
החצאית	h i χ t͡s a i t
היהודיה	h i h u d j a
היסס	h i s e s
הכפלת	h i χ p e l e t
המבוכה	h i m b u χ a
המדורה	h i m d u ʁ a
המהירים	h i m h i ʁ i m
המזלג	h i m z a l e ɡ
המענק	h i m a n e k
הנבחרות	h i n b a χ a ʁ u t
הני	h a n i
הנתונה	h i n t o n a
הנתינה	h i n t i n a
הספנות	h i s p a n u t
העלובה	e e l u v a
הענפה	e e n a f a
הפיילוט	h i f j a l u t
הפשט	h i f ʃ e t
הצמדה	h i t͡s m a d a
הקשיח	h i k ʃ i a χ
הרכילות	h i ʁ k i l u t
הרסנית	h i ʁ s a n i t
הרעלת	h i ʁ a l e t
הרפר	h i ʁ p e ʁ
השיחים	h i ʃ i χ i m
התבטאות	h i t b a t a u t
התעקשה	h i t a k ʃ a
ואמצעים	v e a m t͡s a i m
ודו	v a d u
והבנים	v e h a v a n i m
והוראות	v e h o ʁ a u t
וזוג	v a z u ɡ
וחרפה	v a χ ʁ a f a
וצר	v a t͡s a ʁ
וקח	v a k a χ
וקנדה	v a k n a d a
ורץ	v a ʁ a t͡s
ושותה	v e ʃ u t a
ושרון	v i ʃ ʁ o n
זיווג	z i v e ɡ
חדיש	χ a d i ʃ
חובתנו	χ o v t a n u
חולדאי	χ o l d a j
חורשים	χ o ʁ ʃ i m
חיץ	χ i t͡s
חלד	χ a l a d
חצב	χ a t͡s a v
חרמון	χ a ʁ m o n
טבחים	t a v χ i m
טיח	t i a χ
טייפ	t a j a p
יוניון	j o n j o n
יושביו	j o ʃ e v j u
יחזיקו	j a χ z i k o
יערים	j a a ʁ i m
יצירתם	j e t͡s i ʁ t e m
ירבעם	j a ʁ b a a m
ישיב	j e ʃ i v
כאחראי	k e a χ ʁ a j
כבושים	k a v u ʃ i m
כימיות	k i m j u t
כישוריו	k i ʃ u ʁ j u
כישרונות	k i ʃ ʁ o n u t
כמשהו	k a m ʃ a h u
כניסתה	k n i s t a
לגבעה	l i ɡ b a a
לדה	l a d a
לדן	l a d a n
להבליט	l e h a v l i t
להנאה	l a h a n a
להסדרת	l e h i s d e ʁ e t
להתוודות	l e h i t v a d u t
לזבל	l i z b e l
לזכרה	l i z k a ʁ a
לחה	l a χ a
לחוויה	l a χ v i j a
ליוצרים	l i j u t͡s a ʁ i m
ליסודות	l i s u d u t
ליערות	l i a ʁ u t
לכרטיס	l i χ ʁ a t i s
לנוף	l a n u f
לסיני	l a s i n i
לסף	l a s a f
לסרוק	l i s ʁ o k
לעצירת	l e a t͡s i ʁ e t
לקחתם	l i k χ a t e m
לקן	l a k a n
לשדרות	l i ʃ d a ʁ u t
לשערי	l i ʃ a ʁ i
מאגנס	m e a ɡ n e s
מגבה	m a ɡ v a
מהימנות	m e h i m a n u t
מורת	m o ʁ e t
מזמנו	m i z m a n u
מחזיקות	m a χ z i k u t
מחמירה	m a χ m i ʁ a
מיחידת	m i χ i d e t
מיט	m i t
מלראות	m a l ʁ a u t
ממשה	m a m ʃ a
מסמלים	m a s m a l i m
מקנזי	m a k n a z i
מרטינז	m a ʁ t i n z
משבע	m i ʃ b a
משליטה	m i ʃ l i t a
משפטם	m i ʃ p a t e m
משרתי	m i ʃ ʁ a t i
נורמלים	n o ʁ m a l i m
ניגשים	n i ɡ ʃ i m
נינו	n i n u
נישואיה	n i ʃ u a j a
נכבה	n i χ v a
נכנעת	n i χ n a a t
נקלעו	n i k l a u
נרמז	n i ʁ m e z
נשמרה	n i ʃ m a ʁ a
עירם	i ʁ e m
עקוב	a k u v
ערימה	a ʁ i m a
פילה	p i l a
פנדה	p a n d a
פרימן	p ʁ i m e n
פרך	p a ʁ a χ
צורתם	t͡s o ʁ t e m
ציירים	t͡s a j a ʁ i m
קוטב	k o t e v
קיק	k i k
קמ	k a m
רופאת	ʁ o f a t
רחמנות	ʁ a χ m a n u t
ריין	ʁ a j a n
רעיוני	ʁ a a j o n i
שאכתוב	ʃ e a χ t o v
שגרתיות	ʃ a ɡ ʁ a t j u t
שוכני	ʃ u χ n i
שופינג	ʃ o f i ŋ ɡ
שחדר	ʃ a χ d a ʁ
שיפגע	ʃ i p ɡ a
שיקרתי	ʃ i k ʁ a t i
שלילה	ʃ l i l a
שלשת	ʃ a l a ʃ a t
שמגר	ʃ i m ɡ e ʁ
שמסתובב	ʃ i m s t o v e v
שפויה	ʃ p u j a
תזמון	t i z m o n
תחבולה	t a χ b u l a
תלמידת	t a l m i d e t
תסבול	t a s b u l
תצלומי	t a t͡s l u m i
תקשור	t a k ʃ u ʁ
תתגלה	t i t ɡ a l a
תתעלם	t i t a l e m
אבוט	a v u t
אביטן	a v i t e n
אהלי	a h a l i
אולד	o l a d
אוריד	o ʁ i d
אטומה	a t u m a
אינדונזיה	i n d o n z j a
אנליזה	a n l i z a
אסולין	a s u l i n
בבנות	b a v a n u t
בהליכי	b e h e l i χ i
בויכוח	b o j χ u a χ
בחתימת	b a χ t i m e t
ביאר	b i a ʁ
בלחם	b a l χ a m
בצידה	b e t͡s i d a
ברג	b a ʁ a ɡ
בשק	b a ʃ a k
גומז	ɡ o m e z
גונבת	ɡ o n e v e t
גילת	ɡ i l e t
גלילה	ɡ l i l a
געגוע	ɡ a a ɡ u a
דוגמן	d o ɡ m a n
דיגיטל	d i ɡ i t e l
דיסקין	d i s k i n
דמיטרי	d m i t a ʁ i
האדים	h e e d i m
האימא	h e i m a
האמירות	h e e m i ʁ u t
האמתי	h e e m t i
הבצל	h i v t͡s e l
הבצק	h i v t͡s e k
הגדילו	h i ɡ d i l u
הגמד	h i ɡ m e d
הופסק	h o f s e k
הוריש	h o ʁ i ʃ
הזנים	h i z n i m
הזרקורים	h i z ʁ a k o ʁ i m
היוחסין	h i j u χ s i n
היטל	h i t e l
היסטרי	h i s t a ʁ i
הית	h i t
הכימית	h i χ i m i t
המגיפה	h i m ɡ i f a
המהולל	h i m h u l e l
המסתורית	h i m s t o ʁ i t
המציגה	h i m t͡s i ɡ a
המרפק	h i m ʁ a p e k
המשכורות	h i m ʃ k o ʁ u t
הנקוב	h i n k o v
הסער	h i s a ʁ
הספריות	h i s p a ʁ j u t
הפתגם	h i f t a ɡ e m
הצטמצם	h i t͡s t a m t͡s e m
הציוויליזציה	h i t͡s i v i l i z a t͡s j a
הקראים	h i k ʁ a i m
הרבו	h a ʁ b u
הרסני	h i ʁ s a n i
הרצונות	h i ʁ t͡s o n u t
הרצים	h i ʁ t͡s i m
השימושים	h i ʃ i m u ʃ i m
השכיח	h i ʃ k i a χ
התוף	h i t u f
התקדים	h i t k a d i m
ואוהבים	v e o h a v i m
ואיכשהו	v i χ ʃ a h u
ואסטרטגיה	v a s t a ʁ t e ɡ j a
והוביל	v e h o v i l
והזמין	v e h i z m i n
וואה	w a
וחלקה	v a χ l a k a
ויטו	v i t u
וייד	v a j a d
ויקבל	v i k b e l
וכיף	v e χ i f
וניו	v a n j o
וסוג	v a s u ɡ
וסקס	v a s k a s
ועידות	v e i d u t
ופול	v a f u l
ורבה	v a ʁ b a
זליג	z a l i ɡ
חונים	χ o n i m
חזו	χ a z u
חמיד	χ a m i d
חצופה	χ a t͡s u f a
חרבה	χ a ʁ b a
חשין	χ a ʃ i n
טייק	t a j a k
טעמתי	t a a m t i
טרויה	t ʁ u j a
טריוויה	t ʁ i v j a
יופיטר	j o f i t e ʁ
יוקם	j o k e m
יחסוך	j a χ s u χ
יחסר	j a χ s a ʁ
ייפגע	j i p ɡ a
יפרוש	j a f ʁ u ʃ
יקרי	j a k ʁ i
כבירה	k a v i ʁ a
כמיליון	k a m i l j o n
כרונולוגי	k ʁ o n o l o ɡ i
כרזות	k a ʁ z u t
כשאחד	k a ʃ a χ a d
כשיצא	k ʃ i t͡s a
כשליח	k a ʃ l i a χ
לדגל	l i d ɡ e l
לדודי	l a d u d i
לדמיון	l i d m i j o n
לדרכים	l i d ʁ a χ i m
להתחלף	l e h i t χ a l e f
לחלוף	l a χ l u f
לחשיבות	l a χ ʃ i v u t
לטיני	l a t i n i
לכיתות	l e χ i t u t
למזלנו	l i m z a l a n u
למרי	l a m ʁ i
לנון	l a n o n
לנפץ	l i n p e t͡s
לסדרות	l i s d a ʁ u t
לסנאט	l i s n a t
לשנאה	l i ʃ n a
לשרטט	l i ʃ ʁ a t e t
לתום	l a t u m
מבר	m a v a ʁ
מולר	m o l a ʁ
מזדקן	m i z d e k a n
ממזרים	m a m z a ʁ i m
מקלה	m a k l a
מקץ	m a k a t͡s
מרגיעה	m a ʁ ɡ i a
מרקורי	m a ʁ k o ʁ i
משגעת	m i ʃ ɡ a a t
משטרים	m i ʃ t a ʁ i m
מתבוננים	m i t b o n a n i m
נבהלה	n i v h a l a
נדה	n a d a
נודעים	n o d a i m
נים	n i m
ניס	n i s
נכנעה	n i χ n a a
נספה	n i s f a
נצחונות	n i t͡s χ o n u t
נרגשים	n i ʁ ɡ e ʃ i m
נרדפים	n i ʁ d e f i m
נש	n a ʃ
נשמתה	n i ʃ m a t a
נשקף	n i ʃ k e f
נתינים	n i t i n i m
סח	s a χ
סטרלינג	s t a ʁ l i ŋ ɡ
סיה	s i j a
עודדה	o d a d a
עודפי	o d e f i
עיטורים	i t u ʁ i m
עפרון	a f ʁ o n
ערק	a ʁ a k
פולניה	p o l a n j a
פרגולה	p a ʁ ɡ u l a
פריש	p ʁ i ʃ
פרשני	p a ʁ ʃ a n i
ציצי	t͡s i t͡s i
קולע	k o l a
קטר	k a t a ʁ
קיא	k i
קיפוד	k i p u d
קישון	k i ʃ o n
רודס	ʁ o d e s
רוצחת	ʁ o t͡s a χ a t
רזים	ʁ a z i m
רקדניות	ʁ a k d a n j u t
שגיליתי	ʃ ɡ i l i t i
שהאור	ʃ a h u ʁ
שיכל	ʃ i χ e l
שלאף	ʃ a l a f
שמביאה	ʃ i m b i a
שמוכיח	ʃ m u χ i a χ
שסיימה	ʃ a s j a m a
שץ	ʃ a t͡s
תחפשו	t a χ p a ʃ u
תספיק	t a s p i k
general	ɡ e n e ɾ a l
id	i d
las	l a s
museum	m u s e u m
pm	p e m
seo	s e o
them	t e m
אנטוניוס	a n t o n j o s
אנשינו	a n ʃ i n u
אסתפק	a s t a p e k
אפייה	a f i j a
ארוסתו	a ʁ o s t o
ארמונות	a ʁ m o n u t
ארמנים	a ʁ m a n i m
ארנס	a ʁ n a s
באכילת	b e e χ i l e t
בהליכים	b e h e l i χ i m
בחוש	b a χ u ʃ
בחפצים	b a χ p a t͡s i m
ביצעתי	b i t͡s a a t i
ביקרנו	b i k ʁ a n u
במינימום	b e m i n i m u m
בעבירת	b e a v i ʁ e t
ברשותה	b a ʁ ʃ u t a
בשפתיים	b i ʃ p a t a j i m
בתפילות	b i t f i l u t
גירויים	ɡ i ʁ u j i m
גרהאם	ɡ a ʁ h a m
דפקו	d a f a k o
האימאם	h e i m a m
הארמית	h e e ʁ m i t
הברמן	h i v ʁ a m e n
הגלויה	h i ɡ l u j a
הגנות	h i ɡ n u t
הדרקונים	h i d ʁ a k o n i m
הוקל	h o k e l
הזהויות	h i z h o j u t
הזמינות	h i z m i n u t
הזמיר	h i z m i ʁ
החגיגי	h i χ ɡ i ɡ i
היזם	h i z e m
הימלר	h i m l e ʁ
היריבות	h i ʁ i v u t
הכשל	h i χ ʃ e l
המצופה	h i m t͡s u f a
המרגל	h i m ʁ e ɡ e l
הנביאה	h i n b i a
הנגדית	h i n ɡ a d i t
הניידת	h i n j a d e t
הנעדר	h i n a d e ʁ
הספין	h i s p i n
העזיבה	e e z i v a
העיסקה	h e i s k a
הענקים	e e n k i m
הערפדים	e e ʁ p e d i m
הרגיעה	h i ʁ ɡ i a
השייטת	h i ʃ j a t e t
השפיות	h i ʃ p i j u t
השתמשנו	h i ʃ t a m ʃ a n u
התלמודית	h i t l a m u d i t
התמקדה	h i t m a k d a
התסיסה	h i t s i s a
התערבה	h i t a ʁ b a
והרביעי	v e a ʁ b i a j
וחווה	v a χ v a
ויבאו	v i b a u
וילון	v i l o n
ויתקין	v i t k i n
ולאה	v a l a
ולעצור	v a l a t͡s o ʁ
ומחירים	v i m χ i ʁ i m
ורשויות	v a ʁ ʃ u j u t
ושירי	v e ʃ i ʁ i
ותמונה	v i t m o n a
זוהרים	z o h a ʁ i m
זיגי	z i ɡ i
זריזות	z a ʁ i z u t
חורון	χ o ʁ o n
חיפושית	χ i p u ʃ i t
חלאות	χ a l a u t
חנו	χ a n u
טורקים	t o ʁ k i m
טיפולית	t i p u l i t
טפט	t a f a t
טרזן	t a ʁ z a n
יוהאן	j o h a n
יומיות	j o m j u t
יחסה	j a χ s a
ייסגר	j i s ɡ e ʁ
ילדותה	j a l d u t a
ילדותית	j a l d u t i t
ילדיך	j a l d i χ
יסעו	j a s a u
יעץ	j a a t͡s
יקי	j a k i
ירחם	j a ʁ χ a m
כחמישים	k a χ m i ʃ i m
כלו	k a l u
כעם	k a a m
כרמלי	k a ʁ m a l i
כשעלה	k a ʃ a l a
כשש	k a ʃ a ʃ
כתמיד	k a t m i d
להישלח	l e h i ʃ l e a χ
להכנסת	l e h i χ n e s e t
להתלוות	l e h i t l a v e t
להתקיף	l e h i t k i f
לוזאן	l o z a n
לחטט	l a χ t a t
לנהגים	l i n h a ɡ i m
לעבירות	l e a v i ʁ u t
לעז	l a a z
לעיקר	l e i k e ʁ
לעיתונאי	l a i t o n a j
לקונה	l a k o n a
לקמן	l a k m a n
לשטיח	l i ʃ t i a χ
לשליח	l i ʃ l i a χ
לתערוכה	l i t a ʁ u χ a
מאב	m a a v
מדרון	m a d ʁ o n
מודול	m o d u l
מועטות	m o a t u t
מוש	m o ʃ
מזעזעת	m i z a z a a t
מטי	m a t i
מיושבים	m i j u ʃ a v i m
מיזורי	m i z u ʁ i
מילוט	m i l u t
מיסיסיפי	m i s i s i f i
מצמצמת	m i t͡s m a t͡s e m e t
מתאהבים	m i t a h a v i m
מתחמק	m i t χ a m e k
נדלן	n i d l a n
נובח	n o v a χ
נוהרים	n o a ʁ i m
נוטלת	n o t e l e t
נזקקו	n i z k a k o
נחפש	n a χ p a ʃ
ניצבה	n i t͡s a v a
נכלא	n i χ l a
נפתר	n i f t e ʁ
נשכחים	n i ʃ k a χ i m
נשכחת	n i ʃ k a χ a t
סון	s o n
סורקים	s o ʁ k i m
סיל	s i l
סים	s i m
סלחתי	s a l a χ t i
ספירות	s f i ʁ u t
עוטה	o t a
עורם	o ʁ e m
עידית	i d i t
עמידים	a m i d i m
עסקנים	a s k a n i m
פגומים	p a ɡ u m i m
פגועה	p a ɡ u a
פלפס	p a l p a s
פעמוני	p e a m o n i
פקחי	p a k χ i
צלולה	t͡s a l u l a
קבינט	k a v i n t
קומראן	k o m ʁ a n
קיצורי	k i t͡s u ʁ i
קלקול	k a l k o l
קנבס	k a n b a s
קס	k a s
רגינה	ʁ a ɡ i n a
רודני	ʁ o d a n i
רועש	ʁ o a ʃ
רזניק	ʁ a z n i k
רנד	ʁ a n a d
רצחה	ʁ a t͡s a χ a
רצחני	ʁ a t͡s χ a n i
שבמקרים	ʃ a v m a k a ʁ i m
שיאן	ʃ i a n
שיחליף	ʃ i χ l i f
שיפרה	ʃ i p ʁ a
שנ	ʃ a n
שנגע	ʃ i n ɡ a
שקשורה	ʃ a k ʃ u ʁ a
שתבחר	ʃ i t b a χ a ʁ
תולים	t o l i m
תלתלים	t a l t a l i m
תסביך	t a s b i χ
תציג	t a t͡s i ɡ
תק	t a k
had	h a d
may	m a j
mind	m i n d
אוכף	o χ e f
אטלנטיס	a t l a n t i s
אילץ	i l e t͡s
איקאה	i k a
אלווין	a l v i n
אמריקניות	a m ʁ i k a n j u t
אנדריאה	a n d ʁ i a
אקסטרה	a k s t a ʁ a
אתוס	a t u s
בדר	b a d a ʁ
בהוואי	b e h a v a j
ביחוד	b i χ u d
ביסודו	b i s u d u
ביסודות	b i s u d u t
ביריות	b i ʁ j u t
בכיסוי	b e χ i s u j
במוצרים	b e m u t͡s a ʁ i m
במיזם	b e m i z e m
בנתוני	b e n t o n i
בפס	b a f a s
בריבוי	b ʁ i b u j
בריתם	b ʁ i t e m
בשנאה	b i ʃ n a
בתעמולה	b i t a m u l a
גוב	ɡ o v
גיסי	ɡ i s i
גרות	ɡ a ʁ u t
גרץ	ɡ a ʁ a t͡s
דונובן	d o n o v a n
דוסון	d o s o n
דלעיל	d a l i l
האורתודוקסי	h e o ʁ t o d o k s i
האלגוריתם	h e e l ɡ o ʁ i t e m
האמריקאיות	h e e m ʁ i k a j u t
הבמאית	h i v m a i t
הבמות	h i v m u t
הגלובוס	h i ɡ l o v o s
ההתבוננות	h e h i t b o n a n u t
הוכנו	h o χ a n u
הופה	h o f a
הורשעו	h o ʁ ʃ a u
הותיק	h o t i k
הזיכיון	h i z i χ j o n
הטיפוח	h i t i p u a χ
היגוי	h i ɡ u j
היהודייה	h i h u d i j a
היומיומי	h i j u m j u m i
הימצאות	h i m t͡s a u t
הכאוס	h i χ o s
הכנעני	h i χ n a a n i
הלכתיים	h i l k a t a j i m
המכוסה	h i m k o s a
המכילות	h i m k i l u t
המעגלים	h i m a ɡ l i m
המערער	h i m a ʁ a ʁ
המרצים	h i m ʁ a t͡s i m
המשקיף	h i m ʃ k i f
המתפתחת	h i m t a p t a χ e t
הנהוגים	h i n h u ɡ i m
הניאו	h i n j a u
הנכה	h i n χ a
הנעשית	h i n a ʃ i t
העתודה	e e t u d a
הצדה	h i t͡s d a
הצמיגים	h i t͡s m i ɡ i m
הצפרדע	h i t͡s p a ʁ d a
הקומונה	h i k o m o n a
הקעקוע	h i k a k u a
השבירה	h i ʃ b i ʁ a
התאגידים	h i t a ɡ i d i m
התספורת	h i t s p o ʁ e t
התפיסות	h i t p i s u t
התרגילים	h i t ʁ a ɡ i l i m
התרמה	h i t ʁ a m a
ואעשה	v e a ʃ a
והודיעה	v e h o d i a
והטבע	v e h i t b a
והיד	v e h i d
והירח	v e h i ʁ e a χ
ווייט	v a j a t
וחלקים	v a χ l a k i m
וחסד	v a χ s a d
וחש	v a χ a ʃ
ויט	v i t
ויכולתי	v i χ u l t i
ומבינים	v i m b i n i m
ומס	v a m a s
ומעודד	v i m o d e d
ומשחקי	v i m ʃ a χ k i
ומשפחתה	v i m ʃ p a χ t a
זא	z a
זכי	z a χ i
חוותה	χ a v a t a
חוללה	χ o l a l a
חידת	χ i d e t
חק	χ a k
חריטה	χ a ʁ i t a
יאה	j a a
ידידיו	j a d i d j u
יונדאי	j o n d a j
יכולתך	j e χ u l t e χ
ימונה	j a m u n a
יערה	j a a ʁ a
ירתה	j a ʁ t a
ישפר	j i ʃ p e ʁ
כגודל	k a ɡ u d e l
כונס	k o n e s
כיל	k i l
כלת	k a l a t
כמותי	k a m u t i
כעסו	k a a s u
לאכיפת	l e e χ i f e t
להתגרות	l e h i t ɡ a ʁ u t
להתרחץ	l e h i t ʁ a χ e t͡s
לוועידה	l a v i d a
לוותה	l a v a t a
לזחול	l i z χ u l
לזנוח	l i z n u a χ
לייקים	l a j a k i m
לעגן	l a a ɡ a n
לרצועה	l a ʁ t͡s u a
לשחוק	l i ʃ χ o k
לשל	l a ʃ a l
לשמחתי	l i ʃ m a χ t i
לתהליכים	l i t h a l i χ i m
םה	m a
מזכר	m i z k a ʁ
מידו	m i d u
מילווקי	m i l v a k i
מיתון	m i t o n
מנהלה	m i n h a l a
משוואה	m i ʃ v a
מתייצב	m i t j a t͡s e v
נדחק	n i d χ a k
נוטש	n o t e ʃ
נוני	n o n i
נופר	n o f a ʁ
נוריס	n o ʁ i s
נזירה	n i z i ʁ a
נצרך	n i t͡s ʁ a χ
נשלחת	n i ʃ l a χ a t
סדירות	s a d i ʁ u t
סוטים	s o t i m
סלה	s a l a
סנונית	s n o n i t
ספיגה	s f i ɡ a
סרבו	s a ʁ b u
עגולות	a ɡ u l u t
עודכן	o d χ a n
עזיבה	a z i v a
עטים	a t i m
עילם	i l e m
פירון	p i ʁ o n
פסקת	p a s a k a t
פפה	p a f a
פרימיטיבי	p ʁ i m i t i v i
צוהר	t͡s o a ʁ
צוטט	t͡s o t e t
צולע	t͡s o l a
צידה	t͡s i d a
קובנה	k o v a n a
קודס	k o d e s
קריות	k a ʁ j u t
רדום	ʁ a d u m
שארצה	ʃ e a ʁ t͡s a
שברוב	ʃ a v ʁ u v
שבשליטת	ʃ a v ʃ a l i t e t
שהותיר	ʃ e h o t i ʁ
שחובה	ʃ a χ u v a
שיחי	ʃ i χ i
שישנן	ʃ i ʃ n a n
שמתאר	ʃ i m t a ʁ
שפט	ʃ a f a t
שתתקיים	ʃ i t t a k a j i m
תהה	t a h a
תועיל	t o i l
תורגמה	t o ʁ ɡ e m a
תימנים	t i m a n i m
תמלוגים	t a m l u ɡ i m
תעיד	t e i d
תפקודו	t a f k u d u
תקפוץ	t a k p u t͡s
תתרחש	t i t ʁ a χ e ʃ
adam	a d a m
arts	a r t s
blog	b l o ɡ
dan	d a n
find	f i n d
help	h e l p
never	n e v e r
old	o l d
sony	s o n i
then	t e n
total	t o t a l
אבראהים	a v ʁ a h i m
אדריכלית	a d ʁ i χ l i t
אומנה	o m a n a
אטומית	a t u m i t
אימך	i m e χ
אינטימיים	i n t i m a j i m
איתר	i t e ʁ
אכסניה	a χ s a n j a
אלבניה	a l b a n j a
אלמליח	a l m a l i a χ
אפיקי	a f i k i
אשוח	a ʃ u a χ
בהערות	b e e ʁ u t
בחרוזים	b a χ ʁ u z i m
בטיח	b a t i a χ
ביטויי	b i t u j
בילתה	b i l t a
ביציע	b i t͡s i a
בכיכובה	b e χ i χ u v a
בכיתת	b e χ i t e t
בכתיב	b e χ t i v
בלונדיניות	b l o n d i n j u t
במיליון	b e m i l j o n
בסירות	b e s i ʁ u t
בסצנה	b a s t͡s a n a
בעתות	b a a t u t
בריאל	b ʁ i e l
בריונות	b a ʁ j o n u t
בריונים	b a ʁ j o n i m
ברין	b a ʁ i n
בריסל	b ʁ i s e l
בשטר	b i ʃ t e ʁ
בשטרות	b i ʃ t a ʁ u t
בתקרה	b i t k a ʁ a
גזי	ɡ a z i
גירסאות	ɡ i ʁ s a u t
גרנו	ɡ a ʁ n u
דרוזי	d ʁ u z i
האיסלאמי	h e i s l a m i
האפי	h e e f i
הגמילה	h i ɡ m i l a
הוכרה	h o χ a ʁ a
הוכתר	h o χ t e ʁ
הזולה	h i z u l a
הישיש	h i ʃ i ʃ
היתוך	h i t u χ
הכנענית	h i χ n a a n i t
המחזאי	h i m χ a z a j
המסמל	h i m s e m e l
המקורב	h i m k o ʁ e v
המשקולות	h i m ʃ k o l u t
המשקעים	h i m ʃ k a i m
הנדר	h i n d e ʁ
הנחלה	h i n χ a l a
הנסון	h i n s o n
הנרטיב	h i n ʁ a t i v
הסלים	h i s l i m
הסנאטור	h i s n a t u ʁ
העיריות	h e i ʁ j u t
הענקי	h e e n k i
הצהירה	h i t͡s h i ʁ a
הצלמים	h i t͡s l a m i m
הצריף	h i t͡s ʁ i f
הקואליציוני	h i k u a l i t͡s j o n i
הקרונות	h i k ʁ o n u t
הרסה	h a ʁ s a
הרצינות	h i ʁ t͡s i n u t
הרשקוביץ	h i ʁ ʃ k o v i t͡s
השבור	h i ʃ b u ʁ
השביט	h i ʃ b i t
השחמט	h i ʃ χ a m e t
השייט	h i ʃ j a t
השתייך	h i ʃ t a j a χ
התווים	h i t v i m
התופת	h i t u f e t
התנגשויות	h i t n i ɡ ʃ u j u t
התנשאות	h i t n a ʃ a u t
התקציבית	h i t k a t͡s i v i t
וזרק	v i z ʁ e k
וחזרנו	v a χ z a ʁ a n u
ויוסי	v i j o s i
ויועץ	v i j u a t͡s
ומספק	v i m s p e k
ומעשים	v i m a ʃ i m
ועריכה	v e a ʁ i χ a
זחל	z a χ a l
חולני	χ o l a n i
חולנית	χ o l a n i t
חוקתי	χ o k t i
חורה	χ o ʁ a
חלוצה	χ a l u t͡s a
חמו	χ a m u
חרד	χ a ʁ a d
חתוך	χ a t u χ
יבחן	j a v χ a n
יודעי	j o d a i
יחליפו	j a χ l i f u
ייפגעו	j i p ɡ a u
ימשוך	j a m ʃ u χ
יעדיף	j a a d i f
כאיום	k a a j u m
כחברים	k a χ b a ʁ i m
כליאה	k l i a
כמ	k a m
כמתואר	k a m t u a ʁ
כעסתי	k a a s t i
כשפים	k a ʃ p i m
כשרונות	k a ʃ ʁ o n u t
לברוא	l a v ʁ u
לגרסת	l i ɡ ʁ e s e t
לדלקת	l i d l e k e t
להנחה	l a h a n a χ a
להעצים	l e h a t͡s i m
להצלה	l e h a t͡s l a
להתאבל	l e h i t a b e l
להתעלל	l e h i t a l e l
לזנות	l i z n u t
ליומיים	l i j u m a j i m
למשול	l i m ʃ u l
לנתיב	l i n t i v
מאחז	m e a χ a z
מהחלל	m e a χ l e l
מורלי	m o ʁ l i
מחלקי	m a χ l a k i
מחמירות	m a χ m i ʁ u t
מימינו	m i m i n u
מלחם	m a l χ a m
מלחץ	m a l χ a t͡s
מלל	m a l a l
ממאי	m a m a j
מסווה	m a s v a
מסתמכים	m i s t a m χ i m
מעמדן	m a a m d a n
מרבע	m a ʁ b a
משלכם	m i ʃ l a χ e m
משמעיות	m i ʃ m a j u t
מתנשאת	m i t n a ʃ a t
נועץ	n o a t͡s
נחלו	n a χ l u
נימה	n i m a
נעץ	n a a t͡s
נקח	n a k a χ
נרשמת	n i ʁ ʃ e m e t
נתבונן	n i t b o n a n
נתחתן	n i t χ a t e n
סבלם	s a v l a m
עביד	a v i d
עילת	i l e t
עקף	a k a f
פורטה	p o ʁ t a
פליי	p a l a j
פרידלנדר	p ʁ i d l a n d e ʁ
פרינס	p ʁ i n e s
פתיל	p a t i l
צים	t͡s i m
ציניות	t͡s i n j u t
קארד	k a a ʁ a d
קדושות	k a d u ʃ u t
קונראד	k o n ʁ a d
קראש	k a ʁ a ʃ
קשירה	k ʃ i ʁ a
ריבונית	ʁ i b o n i t
שאראה	ʃ e a ʁ a
שאתמול	ʃ e a t m u l
שבעיני	ʃ a v i n i
שההחלטה	ʃ e h a χ l a t a
שומם	ʃ o m e m
שונו	ʃ o n u
שופרות	ʃ o f ʁ u t
שחצה	ʃ a χ t͡s a
שיטפל	ʃ i t p e l
שיכלה	ʃ i χ l a
שמושך	ʃ a m u ʃ a χ
שניכם	ʃ n i χ e m
שנשבה	ʃ i n ʃ a v a
שסיפק	ʃ a s i p e k
שפוטר	ʃ p u t e ʁ
שצפה	ʃ a t͡s a f a
תגיב	t a ɡ i v
תוסף	t o s e f
תוצאותיה	t o t͡s a u t j a
תחביבים	t a χ b i v i m
תמיסת	t a m i s e t
daniel	d a n i e l
most	m o s t
usa	u s a
אוטונומיות	o t o n o m j u t
אולה	o l a
אופטית	o f t i t
אלמנות	a l m a n u t
אמצעית	a m t͡s a i t
אסתטי	a s t a t i
אקסטרים	a k s t a ʁ i m
אשלים	a ʃ l i m
באחוז	b e a χ u z
בבחי	b a v χ i
בבישול	b e v i ʃ u l
בגירסה	b e ɡ i ʁ s a
בדלי	b a d a l i
בוטים	b o t i m
בחנה	b a χ a n a
ביטי	b i t i
במיטבה	b e m i t e v a
במיליוני	b e m i l j o n i
ברוורמן	b a ʁ v a ʁ m a n
בריל	b ʁ i l
ברמזור	b a ʁ m a z o ʁ
גוט	ɡ o t
גלימה	ɡ l i m a
גמלא	ɡ a m l a
גרבי	ɡ a ʁ b i
גרבר	ɡ a ʁ b a ʁ
גרירה	ɡ ʁ i ʁ a
גרפיקה	ɡ a ʁ p i k a
דיפלומט	d i p l u m t
דירק	d i ʁ e k
דלוק	d a l u k
דרקולה	d a ʁ k u l a
האורתודוקסית	h e o ʁ t o d o k s i t
הגבירו	h i ɡ b i ʁ u
הגוון	h i ɡ v e n
הגוונים	h i ɡ v a n i m
הגננות	h i ɡ n a n u t
הדומות	h i d u m u t
הדחייה	h i d χ i j a
הדליקה	h i d l i k a
ההורמונים	h e h o ʁ m o n i m
ההתקרבות	h e h i t k a ʁ b u t
הוצאתם	h o t͡s a t e m
הורשה	h o ʁ ʃ a
הזריקה	h i z ʁ i k a
הטריילר	h i t ʁ a j l e ʁ
הטרנד	h i t ʁ a n d
הירדנים	h i ʁ d a n i m
הלהט	h i l h a t
המחנכת	h i m χ a n e χ e t
המספקים	h i m s p e k i m
המפיקים	h i m p i k i m
המקדשים	h i m k a d e ʃ i m
הנחמד	h i n χ a m e d
הסתר	h i s t e ʁ
העסיקה	e e s i k a
הפטנטים	h i f t a n t i m
הפשיסטית	h i f ʃ i s t i t
הצבוע	h i t͡s b u a
הצמודה	h i t͡s m u d a
הצמחייה	h i t͡s m a χ i j a
הרעלים	h i ʁ a l i m
השרפה	h i ʃ ʁ a f a
השרתים	h i ʃ ʁ a t i m
השתנית	h i ʃ t a n i t
התבצעה	h i t b a t͡s a a
התגוננות	h i t ɡ o n a n u t
התלוננה	h i t l o n a n a
התמידי	h i t m i d i
התעוררת	h i t o ʁ e ʁ e t
ואישר	v e i ʃ e ʁ
וחנויות	v a χ n u j u t
ויזואלית	v i z u a l i t
ויפתח	v i p t e a χ
ולד	v a l a d
ולעסוק	v a l a s o k
ומבצע	v i m b a t͡s a
ומועד	v a m u a d
ורך	v a ʁ a χ
ושיחות	v e ʃ i χ u t
ושנייה	v i ʃ n i j a
חיבוקים	χ i b u k i m
חיתולים	χ i t u l i m
חלחלה	χ a l χ a l a
חמצון	χ a m a t͡s o n
חמשים	χ a m ʃ i m
חפירת	χ a f i ʁ e t
חריצים	χ a ʁ i t͡s i m
חשוכים	χ a ʃ u χ i m
יכסה	j a χ s a
יעוץ	j a u t͡s
יעסקו	j a a s k o
כאם	k a a m
כגדול	k a ɡ d u l
כלכלן	k a l a χ l a n
כרכור	k a ʁ k o ʁ
כשנודע	k a ʃ n u d a
כשעתיים	k a ʃ a t a j i m
לדגים	l i d ɡ i m
להטיס	l e h a t i s
להטלת	l e h a t e l e t
לוהטים	l o h a t i m
לחוב	l a χ u v
ליעל	l i a l
לירידת	l i ʁ i d e t
למון	l a m o n
לנהיגה	l i n h i ɡ a
לרוחות	l a ʁ u χ u t
לתחנות	l i t χ a n u t
מדינאי	m a d i n a j
מהפגישה	m e h i p ɡ i ʃ a
מזהירים	m i z h i ʁ i m
מזכירת	m i z k i ʁ e t
מזר	m a z a ʁ
מחמישים	m a χ m i ʃ i m
מיוון	m i v e n
מיוחסים	m i j u χ s i m
מילוא	m i l u
מכלה	m a χ l a
ממציאה	m a m t͡s i a
מעייף	m a a j a f
מרתיע	m a ʁ t i a
משבעה	m i ʃ b a a
משגשגת	m i ʃ ɡ e ʃ e ɡ e t
משלהן	m i ʃ l a n
נב	n a v
נבות	n a v u t
נבחנו	n i v χ a n u
נובאק	n o v a k
נורמטיבי	n o ʁ m a t i v i
נזיפה	n i z i f a
נחלות	n a χ l u t
ניגודי	n i ɡ u d i
ניגשה	n i ɡ ʃ a
נלאה	n i l a
נקטע	n i k t a
נשמתם	n i ʃ m a t e m
סובול	s o v u l
סטף	s a t a f
סימנה	s i m a n a
ססיל	s a s i l
ספיקה	s f i k a
עזבנו	a z b a n u
עצבנות	a t͡s b a n u t
עצמאים	a t͡s m a i m
פוליגרף	p o l i ɡ ʁ e f
פורשה	p o ʁ ʃ a
פושעת	p o ʃ a a t
פלוטו	p l u t u
פלורה	p l u ʁ a
פרישת	p ʁ i ʃ e t
פרשנויות	p a ʁ ʃ a n u j u t
צוקרברג	t͡s o k ʁ a b ʁ a ɡ
צפית	t͡s a f i t
קאם	k a a m
קבעת	k a v a a t
קונו	k o n u
רודוס	ʁ o d o s
רוחך	ʁ o χ a χ
רוטט	ʁ o t e t
רויטרס	ʁ o j t a ʁ a s
רופוס	ʁ o f o s
ריברס	ʁ i b ʁ e s
ריסוס	ʁ i s o s
רמקולים	ʁ a m k o l i m
שאחיו	ʃ e a χ j u
שבגיל	ʃ a v ɡ i l
שברון	ʃ a v ʁ o n
שהי	ʃ a h i
שודר	ʃ o d e ʁ
שזקוק	ʃ i z k o k
שיזמה	ʃ i z m a
שיתפה	ʃ i t f a
שכוחות	ʃ χ u χ u t
שמוק	ʃ a m u k
שמחזיקים	ʃ i m χ a z i k i m
שמנמן	ʃ i m n e m e n
שמפריע	ʃ i m p ʁ i a
שמצביע	ʃ i m t͡s b i a
שניצב	ʃ n i t͡s e v
שנפגעה	ʃ i n p a ɡ a
תורי	t o ʁ i
תזיז	t z i z
תזכרי	t i z k a ʁ i
תפקידיה	t a f k i d j a
תקעו	t a k a u
תר	t a ʁ
תרדי	t a ʁ d i
תרי	t a ʁ i
amir	a m i r
fox	f o k s
him	h i m
men	m e n
mobile	m o b i l e
אבוחצירא	a b u χ t͡s i ʁ a
אהרונוביץ	a h ʁ o n o v i t͡s
אודין	o d i n
אוסבורן	o s b o ʁ a n
אורגן	o ʁ ɡ a n
אילני	i l a n i
אלגנטית	a l ɡ a n t i t
אלטר	a l t a ʁ
אמרות	a m ʁ u t
אנדר	a n d a ʁ
אנליסט	a n l i s t
אסיף	a s i f
אפסית	a f s i t
ארובות	a ʁ u v u t
באווירת	b e a v i ʁ e t
בדימוי	b e d i m u j
בדימויים	b e d i m u j i m
ביאטריס	b i a t ʁ i s
ביסס	b i s e s
בכימיה	b e χ i m j a
בסדום	b a s d u m
בעירק	b e i ʁ e k
בפורטל	b e f o ʁ t e l
בריסק	b ʁ i s e k
ברכיבה	b a ʁ k i v a
ברכיה	b a ʁ a χ j a
בשומר	b e ʃ u m e ʁ
בשערים	b i ʃ a ʁ i m
בתעסוקה	b i t a s u k a
גירל	ɡ i ʁ e l
גרמתי	ɡ a ʁ m a t i
דהה	d a h a
דומינו	d o m i n u
דומיננטית	d o m i n a n t i t
דוקר	d o k e ʁ
דורין	d o ʁ i n
דינמיקה	d i n m i k a
דלים	d a l i m
הבדולח	h i v d u l a χ
הגמ	h a ɡ a m
הגמול	h i ɡ m u l
הגשש	h i ɡ ʃ e ʃ
הדבקת	h i d b e k e t
הדמיוני	h i d m i j o n i
הונאת	h o n a t
הורוויץ	h o ʁ v i t͡s
הושפעה	h o ʃ p a a
הטרגי	h i t ʁ e ɡ i
הינשוף	h i n ʃ u f
הלאומני	h i l o m a n i
המחנך	h i m χ a n e χ
המיתולוגית	h i m i t u l o ɡ i t
המסביר	h i m s b i ʁ
המעניקה	h i m a n i k a
המרץ	h i m ʁ e t͡s
המשיבים	h i m ʃ i v i m
הנדיר	h i n d i ʁ
הנוצרת	h i n u t͡s a ʁ e t
הסכמתה	h i s k e m t a
העקורים	e e k o ʁ i m
הציידים	h i t͡s j a d i m
הצעדה	h i t͡s a d a
הקולי	h i k u l i
הקיומי	h i k j u m i
הקפיץ	h i k p i t͡s
הקתדרלה	h i k t a d ʁ a l a
השדולה	h i ʃ d u l a
השמצה	h i ʃ m a t͡s a
השריפות	h i ʃ ʁ i f u t
השתים	h i ʃ t i m
התואם	h i t u a m
התזמון	h i t z a m o n
התייצבה	h i t j a t͡s e v a
התמים	h i t m i m
התפירה	h i t p i ʁ a
התפעלות	h i t p a a l u t
והוציאה	v e h o t͡s i a
וובר	v a v a ʁ
וחדש	v a χ d e ʃ
וחזור	v a χ z u ʁ
וידעו	v i d a u
וימים	v i m i m
ויעלה	v i a l a
ומצפים	v i m t͡s a f i m
ועבירות	v e a v i ʁ u t
ועי	v a i
וקנס	v a k n a s
ושחקנים	v i ʃ χ a k a n i m
חברנו	χ a v ʁ a n u
חובבנית	χ o v b a n i t
חונק	χ o n e k
חזיתי	χ a z i t i
חיצים	χ i t͡s i m
חכירה	χ a χ i ʁ a
טוף	t o f
טופי	t o f i
טחון	t a χ o n
טימותי	t i m u t i
טסו	t a s u
יורקי	j o ʁ k i
ייצר	j i t͡s e ʁ
ימתין	j a m t i n
יתפתח	j i t p a t e a χ
כיושב	k i j u ʃ e v
כלשונו	k a l ʃ o n u
כמאתיים	k a m a t a j i m
כמזכיר	k a m a z k i ʁ
כערך	k a a ʁ a χ
כרמון	k a ʁ m o n
כשמה	k a ʃ m a
לגבהים	l i ɡ v a h i m
לדירות	l a d i ʁ u t
להרות	l a h a ʁ u t
להתבטל	l e h i t b a t e l
לוגאן	l o ɡ a n
לחטוא	l a χ t u
לחלונות	l a χ l o n u t
לחמי	l a χ m i
לחרב	l a χ ʁ a v
לינואר	l i n u a ʁ
לסרטון	l i s ʁ a t o n
לצי	l a t͡s i
לרעך	l a ʁ a χ
לשחורים	l i ʃ χ o ʁ i m
לשריפה	l i ʃ ʁ i f a
לתה	l a t a
לתפילות	l i t f i l u t
מאירוע	m e i ʁ u a
מגבילים	m a ɡ v i l i m
מדו	m a d u
מהילדות	m e h i l d u t
מורשע	m o ʁ ʃ a
מחה	m a χ a
מחמיץ	m a χ m i t͡s
מחרידה	m a χ ʁ i d a
מיטיב	m i t i v
מימר	m i m e ʁ
מיסטית	m i s t i t
מכניקה	m a χ n i k a
מלטף	m a l t e f
מעיזים	m e i z i m
מרטיני	m a ʁ t i n i
משלמי	m i ʃ l a m i
משפחתנו	m i ʃ p a χ t a n u
משקלים	m i ʃ k a l i m
נבחנים	n i v χ a n i m
נגרים	n i ɡ ʁ i m
נדבות	n i d b u t
נוויל	n a v i l
נוע	n o a
נחמדות	n a χ m a d u t
ניגשו	n i ɡ ʃ u
ננס	n a n a s
נסבלים	n i s b a l i m
נפטון	n i f t o n
נרגיש	n i ʁ ɡ i ʃ
נשאת	n i ʃ a t
נשברים	n i ʃ b a ʁ i m
נתקדם	n i t k a d e m
סדינים	s a d i n i m
סטיל	s t i l
סייף	s a j a f
עגלים	a ɡ l i m
עושק	o ʃ e k
עיסוקים	i s u k i m
עיתוני	i t o n i
עצת	a t͡s a t
ערביה	a ʁ b i j a
פדיקור	p a d i k o ʁ
פורבס	p o ʁ b e s
פחתה	p a χ t a
פילי	p i l i
פיתחתי	p i t a χ t i
צדה	t͡s a d a
צונח	t͡s o n a χ
צינון	t͡s i n o n
קטורת	k a t u ʁ a t
קירשנבאום	k i ʁ ʃ a n b a u m
קנדריק	k a n d ʁ i k
קספר	k a s p a ʁ
קרובו	k a ʁ u v u
קרירה	k ʁ i ʁ a
ריבועים	ʁ i b u i m
שבשנים	ʃ a v ʃ a n i m
שותקת	ʃ o t e k e t
שחצן	ʃ a χ t͡s a n
שיהודי	ʃ i h u d i
שירותם	ʃ i ʁ u t e m
שלומד	ʃ a l u m a d
שמנע	ʃ i m n a
שמנעו	ʃ i m n a u
שמצוי	ʃ i m t͡s u j
שנדרשו	ʃ i n d a ʁ ʃ u
שסביבו	ʃ a s b i v u
ששררה	ʃ i ʃ ʁ a ʁ a
שתפסו	ʃ i t p a s u
שתתחיל	ʃ i t t a χ i l
שתתקבל	ʃ i t t a k b e l
תגר	t a ɡ a ʁ
תוקם	t o k e m
תחרותית	t a χ ʁ u t i t
תלייה	t a l i j a
תריס	t ʁ i s
תשבע	t i ʃ b a
cd	s e d e
days	d a j s
אבירם	a v i ʁ e m
אבנה	a v a n a
אוטם	o t e m
אחיטוב	a χ i t u v
אטרקטיבי	a t ʁ a k t i v i
איוואן	i v a n
איראנית	i ʁ a n i t
אמידים	a m i d i m
אמפירית	a m p i ʁ i t
אפרוח	a f ʁ u a χ
ארין	a ʁ i n
אשן	a ʃ a n
אשרות	a ʃ ʁ u t
באח	b a a χ
בבימויו	b e v i m u j u
בהטלת	b e h a t e l e t
בהיותי	b e h i j u t i
בהתקפות	b e h i t k a f u t
בוחרות	b o χ a ʁ u t
בורמה	b o ʁ m a
בורן	b o ʁ a n
בחתונות	b a χ t o n u t
ביהוד	b i h u d
בלבוב	b a l b u v
בלמידה	b a l m i d a
בפורטוגל	b e f o ʁ t u ɡ e l
בצורתם	b e t͡s u ʁ t e m
בריאותית	b ʁ i u t i t
ברנדה	b a ʁ n a d a
ברעש	b a ʁ a ʃ
ברקה	b a ʁ a k a
בשגרה	b i ʃ ɡ a ʁ a
בשטחה	b i ʃ t a χ a
גוררים	ɡ o ʁ a ʁ i m
גינאה	ɡ i n a
גינו	ɡ i n u
דהוא	d a h u
דווין	d a v i n
דיינו	d a j a n u
דריסת	d ʁ i s e t
האוהב	h e o h e v
האפורים	h e e f o ʁ i m
האקולוגית	h e e k o l o ɡ i t
האתיופים	h e e t j o f i m
הגבס	h i ɡ b e s
הגלימה	h i ɡ l i m a
ההודיה	h e h u d j a
ההיתוך	h e h i t u χ
הוגדרה	h o ɡ d a ʁ a
הודים	h o d i m
הורקנוס	h o ʁ k a n o s
הזכאים	h i z k a i m
הישרים	h i ʃ ʁ i m
הכלוב	h i χ l u v
הכפירה	h i χ p i ʁ a
המדעיות	h i m d a j u t
המזנון	h i m z a n o n
המחזיקה	h i m χ a z i k a
המנקה	h i m n e k a
המפגר	h i m p e ɡ e ʁ
המשט	h i m ʃ e t
המשקיע	h i m ʃ k i a
המתרגמים	h i m t a ʁ ɡ e m i m
הנגישות	h i n ɡ i ʃ u t
הנגע	h i n ɡ a
הנעת	h i n a t
הסדנה	h i s d a n a
הסיפוח	h i s i p u a χ
הספורטיבי	h i s p o ʁ t i v i
הקדישה	h i k d i ʃ a
הרד	h a ʁ a d
הרדיפות	h i ʁ d i f u t
הריחות	h a ʁ i χ u t
השכיחה	h i ʃ k i χ a
התג	h i t e ɡ
התגרשו	h i t ɡ a ʁ ʃ u
התיל	h i t i l
התמימים	h i t m i m i m
התנהגותה	h i t n a h a ɡ u t a
התפוררות	h i t p o ʁ a ʁ u t
התקשתה	h i t k a ʃ t a
התר	h i t e ʁ
התרחשויות	h i t ʁ a χ ʃ u j u t
ואיתי	v e i t i
והאל	v e h e l
והעדר	v e e d e ʁ
וחיכיתי	v e χ i χ i t i
ויבין	v i b i n
ויזואלי	v i z u a l i
ולישון	v e l i ʃ o n
ומבית	v i m b i t
ומכריז	v i m k ʁ i z
ומתוקה	v i m t u k a
ומתים	v i m t i m
וסיפרה	v e s i p a ʁ a
ושומע	v e ʃ u m a
ושיטת	v e ʃ i t e t
זינקה	z i n k a
זעקה	z a a k a
חובבני	χ o v b a n i
חוטאים	χ o t a j i m
חוסין	χ o s i n
חוסמים	χ o s e m i m
חיבק	χ i b e k
חינה	χ i n a
חציל	χ a t͡s i l
חקרה	χ a k a ʁ a
חרוט	χ a ʁ u t
חתומות	χ a t u m u t
חתנים	χ a t a n i m
טנסי	t a n s i
טראגי	t ʁ a ɡ i
יעוף	j a u f
יצפה	j a t͡s a f a
יקשה	j a k ʃ a
ירית	j a ʁ i t
ישבר	j i ʃ b e ʁ
כוננו	k o n a n u
ככ	k a χ
כרוניות	k ʁ o n j u t
כשירים	k ʃ i ʁ i m
כשתהיה	k a ʃ t a j a
לבנימין	l i v n i m i n
לדמותה	l i d m u t a
להוכחת	l e h u χ a χ a t
להתחפש	l e h i t χ a p e ʃ
לחלקם	l a χ l a k a m
לחנה	l a χ a n a
לחשה	l a χ ʃ a
ליובל	l i j u v e l
לימודית	l i m u d i t
לכבס	l i χ b e s
למתרחש	l i m t a ʁ χ e ʃ
לעזעזל	l a a z a z e l
לקל	l a k a l
לרבה	l a ʁ b a
לריק	l a ʁ i k
לשלל	l i ʃ l e l
לתחקר	l i t χ a k e ʁ
מהערים	m e e ʁ i m
מועקה	m o a k a
מחבוא	m a χ b u
מימנה	m i m a n a
מינרליים	m i n ʁ a l a j i m
מיצב	m i t͡s e v
מירבית	m i ʁ b i t
מכנית	m a χ n i t
מלבני	m a l b a n i
ממן	m a m a n
מסית	m a s i t
מקדישים	m a k d i ʃ i m
מקוונים	m a k v a n i m
מקשרים	m a k ʃ a ʁ i m
מרגי	m a ʁ ɡ i
מרווין	m a ʁ v i n
מרקע	m a ʁ k a
משגיחים	m i ʃ ɡ i χ i m
משתקף	m i ʃ t a k e f
מתאריך	m i t a ʁ i χ
מתחשבים	m i t χ a ʃ a v i m
מתעדכן	m i t a d χ a n
נוגדת	n o ɡ e d e t
נוט	n o t
ניגשת	n i ɡ e ʃ e t
ניצולת	n i t͡s u l e t
נלחמה	n i l χ a m a
נרשמתי	n i ʁ ʃ e m e t i
סיכמה	s i χ m a
סילק	s i l e k
סנדלים	s a n d a l i m
עומאן	o m a n
עון	o n
עורקי	o ʁ k i
עושי	o ʃ i
עיצובים	i t͡s u v i m
עמיאל	a m i e l
עממיות	a m a m j u t
עתירי	a t i ʁ i
פועם	p o a m
פות	p o t
פטורה	p a t u ʁ a
פלש	p a l a ʃ
פפא	p a f a
פרשי	p a ʁ ʃ i
צצים	t͡s a t͡s i m
קומית	k o m i t
קורטני	k o ʁ t a n i
קפרא	k a f ʁ a
קקאו	k a k a u
קרביים	k a ʁ b a j i m
קרלה	k a ʁ l a
שאך	ʃ e a χ
שבגרמניה	ʃ a v ɡ a ʁ m a n j a
שבחרתי	ʃ a v χ a ʁ a t i
שוחר	ʃ o χ a ʁ
שחלקן	ʃ a χ l a k a n
שידאג	ʃ i d a ɡ
שיחזיק	ʃ i χ z i k
שיערה	ʃ i a ʁ a
שכיף	ʃ χ i f
שלגיה	ʃ a l a ɡ j a
שנותיה	ʃ n u t j a
שסובל	ʃ a s u v a l
שקרוי	ʃ a k ʁ u j
שתשלח	ʃ i t ʃ a l a χ
תגמולים	t a ɡ m u l i m
תומא	t o m a
תוצרים	t o t͡s a ʁ i m
תמו	t a m u
תסתמי	t a s t a m i
תפקודי	t a f k u d i
תרחישים	t a ʁ χ i ʃ i m
תתאים	t a t a j i m
ab	a b
bad	b a d
bat	b a t
ce	s e
das	d a s
dead	d e a d
made	m a d e
ok	o k
party	p a r t i
today	t o d a j
two	t w o
well	w e l
אובי	o v i
אומנותי	o m a n u t i
אופטימיזציה	o f t i m i z a t͡s j a
אטרקטיבית	a t ʁ a k t i v i t
איסטנבול	i s t a n b u l
אכזבות	a χ z a v u t
אלינה	a l i n a
אקולוגי	a k o l o ɡ i
אקצא	a k t͡s a
אתיופים	a t j o f i m
בבירות	b e v i ʁ u t
בדוד	b a d u d
בזמנה	b i z m a n a
בינות	b i n u t
ביצועה	b i t͡s u a
במינסק	b e m i n s e k
בצילומי	b e t͡s i l u m i
בריב	b ʁ i v
בשיכון	b e ʃ i χ o n
גורסים	ɡ o ʁ s i m
גיליונות	ɡ i l j o n u t
גנרלים	ɡ a n ʁ a l i m
דחפור	d a χ p u ʁ
דיבוב	d i b u v
הבלימה	h i v l i m a
הבליעה	h i v l i a
הגדי	h i ɡ d i
הגילים	h i ɡ i l i m
הדד	h a d a d
הדיגיטל	h i d i ɡ i t e l
הויה	h o j a
הולדן	h o l d a n
הוצעו	h o t͡s a u
הותרה	h o t a ʁ a
הזזה	h i z z a
החאן	h a χ a n
החטיבות	h e χ t i v u t
הטכניקות	h i t χ a n i k u t
הירדנית	h i ʁ d a n i t
הכלכלנים	h i χ l a χ l a n i m
המאושרת	h i m o ʃ e ʁ e t
המגיבים	h i m ɡ i v i m
המזימה	h i m z i m a
המנוול	h i m n a v e l
המשאבה	h i m ʃ a v a
המתון	h i m t o n
הנחיתות	h i n χ i t u t
הניצבים	h i n i t͡s e v i m
העפילה	e e f i l a
הפשפשים	h i f ʃ a p ʃ i m
הפתוחות	h i f t u χ u t
הצרים	h i t͡s ʁ i m
הקלוריות	h i k l o ʁ j u t
הרן	h a ʁ a n
השבילים	h i ʃ b i l i m
השגיאה	h i ʃ ɡ i a
השטיחים	h i ʃ t i χ i m
השלוחה	h i ʃ l u χ a
התבניות	h i t b a n j u t
התדרדר	h i t d a ʁ d e ʁ
התהלוכה	h i t h a l u χ a
התמדה	h i t m a d a
התערוכות	h i t a ʁ u χ u t
וההגנה	v e h a ɡ a n a
והוספת	v e h o s e f e t
והורים	v e h o ʁ i m
והיחסים	v e h i χ s i m
וילות	v i l u t
ויקרה	v i k a ʁ a
ומעקב	v i m a k e v
ומשפיע	v i m ʃ p i a
ופנו	v a f a n u
וקניתי	v a k n i t i
זון	z o n
זפת	z a f a t
חמימות	χ a m i m u t
חסדי	χ a s a d i
טרמינל	t a ʁ m i n e l
ידון	j a d o n
יהירות	j e h i ʁ u t
ינהג	j a n h a ɡ
יפתיע	j a f t i a
כזוג	k a z u ɡ
כים	k i m
כליו	k a l j u
כמותית	k a m u t i t
כצמח	k a t͡s m a χ
כרבה	k a ʁ b a
לבבל	l i v b e l
לדג	l a d a ɡ
להוכחה	l e h u χ a χ a
להורי	l a h u ʁ i
להיקבר	l e h i k b e ʁ
להיקף	l e h i k e f
להשפעת	l e h i ʃ p a a t
להתריע	l e h i t ʁ i a
לולאה	l o l a
לוציפר	l o t͡s i p e ʁ
לזלי	l i z l i
לחרות	l a χ ʁ u t
לטיולים	l i t j u l i m
ליזי	l i z i
לישר	l i ʃ e ʁ
לכפרים	l i χ p a ʁ i m
למסמך	l i m s e m e χ
למסר	l i m s e ʁ
למרץ	l i m ʁ e t͡s
לנ	l a n
לסבב	l i s b e v
לעזרתם	l a a z a ʁ t e m
לענייננו	l a a n j a n o
לקיבוצים	l e k i b u t͡s i m
לתמיכת	l i t m i χ e t
מודאגת	m o d a ɡ e t
מוזיקליים	m u z i k l a j i m
מחדרי	m a χ d a ʁ i
מחסלים	m a χ s a l i m
מיוצגת	m i j u t͡s e ɡ e t
מייעצת	m a j a t͡s e t
מלו	m a l u
ממלחמה	m a m a l χ a m a
מעיזה	m e i z a
מקטע	m a k t a
מקיא	m a k i
מקסי	m a k s i
מרגריטה	m a ʁ ɡ ʁ i t a
מרחיבה	m a ʁ χ i v a
מתמטי	m i t m a t i
מתקין	m i t k i n
נודלס	n o d l a s
נטיה	n i t j a
ניצלנו	n i t͡s l a n u
נכללות	n i χ l a l u t
נכרת	n i χ ʁ e t
נמלטה	n i m l a t a
נמתין	n i m t i n
נעלו	n a a l u
נתלו	n i t l u
נתעב	n i t a v
סטה	s a t a
סיכן	s i χ e n
סימטריה	s i m t a ʁ j a
סמילנסקי	s m i l a n s k i
סקירות	s k i ʁ u t
סתימת	s t i m e t
עודפת	o d e f e t
עצורה	a t͡s u ʁ a
עצמון	a t͡s m o n
ערכיים	a ʁ k a j i m
פדרלית	p a d ʁ a l i t
פלור	p a l u ʁ
פרוות	p a ʁ v a t
פרטיזנים	p a ʁ t i z a n i m
צהובות	t͡s a h u v u t
צווארה	t͡s a v a ʁ a
צחוקים	t͡s a χ u k i m
ציירתי	t͡s a j a ʁ t i
צילמת	t͡s i l e m e t
צעצועי	t͡s a a t͡s u a j
קבצי	k a v a t͡s i
קומנדר	k o m a n d e ʁ
קופל	k o f e l
קלילה	k l i l a
קריש	k a ʁ i ʃ
קרפ	k a ʁ a f
רומנו	ʁ o m a n u
רועשת	ʁ o a ʃ e t
רטוריקה	ʁ a t u ʁ i k a
רפש	ʁ a f a ʃ
שאה	ʃ a a
שהוצאתי	ʃ e h u t͡s a t i
שהמספר	ʃ e h i m s p e ʁ
שופכים	ʃ o f χ i m
שידה	ʃ i d a
שישן	ʃ i ʃ e n
שמאחר	ʃ i m a χ a ʁ
שמלאו	ʃ i m l a u
שמתחשק	ʃ i m t a χ ʃ e k
שנמסרה	ʃ i n m a s a ʁ a
שריל	ʃ a ʁ i l
תהודה	t e h u d a
תחומית	t a χ u m i t
תיאו	t i u
תכניסו	t a χ n i s u
תלולה	t a l u l a
תלמודי	t a l m u d i
תקצוב	t a k t͡s o v
box	b o k s
medical	m e d i k a l
she	ʃ e
some	s o m e
אג	a ɡ
אדה	a d a
אדמוני	a d m o n i
אובחן	o v χ a n
אווטאר	a v t a ʁ
אונה	o n a
אוני	o n i
אירגוני	i ʁ ɡ o n i
אליק	a l i k
אלמוגים	a l m u ɡ i m
אמונתך	a m o n t e χ
אסמכתא	a s m a χ t a
אפול	a f u l
אריזת	a ʁ i z e t
אשרוד	a ʃ ʁ u d
באתלטיקה	b e a t a l t i k a
בדרן	b a d ʁ a n
בהעברה	b e e v a ʁ a
בוונציה	b a v a n t͡s j a
בוחבוט	b o χ b u t
בזמר	b i z m e ʁ
בחמאס	b a χ m a s
גורילה	ɡ o ʁ i l a
גיחוך	ɡ i χ u χ
גיטה	ɡ i t a
גסים	ɡ a s i m
דוגל	d o ɡ e l
דנא	d a n a
דרכינו	d a ʁ k i n u
האימים	h e i m i m
האלי	h e e l i
הגילוח	h i ɡ i l u a χ
הגלילי	h i ɡ l i l i
הגניבה	h i ɡ n i v a
הדא	h a d a
הדרכות	h i d ʁ a χ u t
ההודו	h e h u d u
ההררי	h e a ʁ a ʁ i
הוכרע	h o χ ʁ a
הולידה	h o l i d a
הושב	h o ʃ e v
הזכאות	h i z k a u t
החלוק	h a χ l u k
היומנים	h i j u m a n i m
היוני	h i j o n i
היוצאות	h i j u t͡s a u t
הכלול	h i χ l u l
הכליאה	h i χ l i a
הכמיהה	h i χ m i h a
הכפפות	h i χ p e f u t
המארגנים	h i m a ʁ ɡ a n i m
המבוקשת	h i m b o k e ʃ e t
המבטים	h i m b a t i m
המדפים	h i m d e f i m
המעבדות	h i m a v d u t
המציעים	h i m t͡s i i m
המקסיקני	h i m k s i k a n i
המשני	h i m ʃ a n i
הנסים	h i n s i m
הנריק	h i n ʁ i k
הסבים	h i s b i m
הסקת	h i s k e t
העדינה	e e d i n a
הפלאש	h i f l a ʃ
הפקק	h i f k e k
הצפות	h i t͡s p u t
הקב	h a k a v
הקולקטיבית	h i k o l e k t i v i t
הקראת	h i k ʁ a t
הקריסה	h i k ʁ i s a
הרחיבה	h i ʁ χ i v a
הרפז	h i ʁ p e z
השתנות	h i ʃ t a n u t
התלויה	h i t l u j a
התמחה	h i t m a χ a
התפרקה	h i t p a ʁ k a
התרמית	h i t ʁ a m i t
והודה	v e h u d a
והצביע	v e h i t͡s b i a
ורעב	v a ʁ a v
ושבעת	v i ʃ b a a t
ותהיתי	v i t h i t i
ותעלה	v i t a l a
זילברמן	z i l b a ʁ m a n
חימר	χ i m e ʁ
חישובי	χ i ʃ u v i
חסדו	χ a s a d u
חצאיות	χ a t͡s a j u t
טיוטת	t i j u t e t
טייל	t a j a l
טר	t a ʁ
טריגר	t ʁ i ɡ e ʁ
טריפ	t ʁ i f
יבגני	j i v ɡ a n i
יושרה	j o ʃ a ʁ a
יחמיר	j a χ m i ʁ
יימצאו	j i m t͡s a u
יישא	j i ʃ e
יכהן	j a χ a n
ימיות	j a m j u t
יסבלו	j a s b a l u
יעיד	j a i d
יפרוץ	j a f ʁ u t͡s
יצירותיהם	j e t͡s i ʁ u t j a m
יקרע	j a k ʁ a
ירדנית	j a ʁ d a n i t
כבידה	k a v i d a
כיבושה	k i b u ʃ a
כיסים	k i s i m
לאיתן	l a i t e n
לבקרה	l i v k a ʁ a
להבדל	l e h a v d e l
להתרסק	l e h i t ʁ a s e k
ליצלן	l i t͡s l a n
ללקט	l a l a k t
למהות	l i m h u t
למזער	l i m z a ʁ
למעבד	l i m a v e d
למשרות	l i m ʃ a ʁ u t
לעיכוב	l e i χ o v
לצמחים	l i t͡s m a χ i m
לשגע	l i ʃ ɡ a
לשניכם	l i ʃ n i χ e m
מאירים	m e i ʁ i m
מגזימה	m a ɡ z i m a
מהתהליך	m e h i t a l i χ
מופחת	m o f a χ a t
מזן	m a z a n
מזרחיות	m i z ʁ a χ j u t
מחבלי	m a χ b a l i
מיטש	m i t e ʃ
מילד	m i l a d
מיליארדר	m i l i a ʁ d e ʁ
מיסטיקה	m i s t i k a
מכניים	m a χ n a j i m
מלבין	m a l b i n
ממסע	m a m s a
מנ	m a n
מסאז	m a s a z
מסן	m a s a n
מסתפקת	m i s t a p e k e t
מצאי	m a t͡s a j
מקרון	m a k ʁ o n
מרדים	m a ʁ d i m
משחקני	m i ʃ χ a k a n i
מתבטל	m i t b a t e l
מתחומים	m i t χ u m i m
מתפתל	m i t p a t e l
נאיבי	n e i v i
נבחנת	n i v χ a n e t
נגעים	n i ɡ i m
נדאל	n i d a l
נדיבים	n i d i v i m
נוב	n o v
נולדנו	n o l d a n u
נוצצים	n o t͡s a t͡s i m
ניזונה	n i z o n a
נלכדה	n i l χ a d a
ננעלו	n i n a l u
ננצח	n i n t͡s a χ
נרדמים	n i ʁ d e m i m
נרדפת	n i ʁ d e f e t
סוויטת	s v i t e t
סינדי	s i n d i
סיסמת	s i s e m e t
סלי	s a l i
ספת	s a f a t
עדיפים	a d i f i m
עושין	o ʃ i n
עימנו	i m a n u
עמוסי	a m u s i
עציצים	a t͡s i t͡s i m
ערכות	a ʁ χ u t
פודינג	p o d i ŋ ɡ
פוחתת	p o χ t e t
פטירה	p t i ʁ a
פירה	p i ʁ a
צונאמי	t͡s o n a m i
צורן	t͡s o ʁ a n
ציוו	t͡s i v
קאהן	k a a n
קבורת	k a v u ʁ e t
קבלנו	k a v l a n u
קולקציה	k o l k a t͡s j a
קטיה	k a t j a
קילר	k i l e ʁ
קלישאה	k l i ʃ a
קנוניה	k n o n j a
קצהו	k a t͡s a h u
רדוף	ʁ a d u f
רעשי	ʁ a a ʃ i
שאימץ	ʃ e i m e t͡s
שחצי	ʃ a χ t͡s i
שחקר	ʃ a χ k a ʁ
שיטפון	ʃ i t f o n
שיספר	ʃ i s p e ʁ
שיפסיק	ʃ i p s i k
שכיבה	ʃ χ i v a
שמשפחת	ʃ i m ʃ p a χ a t
שסביב	ʃ a s b i v
שקשורות	ʃ a k ʃ o ʁ u t
שתפתח	ʃ i t p a t e a χ
תווך	t a v a χ
תוקנו	t o k a n u
תימצא	t i m t͡s a
תכשירים	t a χ ʃ i ʁ i m
תנוחי	t n u χ i
תסבירי	t a s b i ʁ i
תעוף	t a u f
תקחי	t a k χ i
ed	e d
list	l i s t
mode	m o d e
sea	s e a
אונייה	o n i j a
אוסטרלים	o s t a ʁ l i m
אורב	o ʁ e v
אורים	o ʁ i m
אותנטית	o t a n t i t
אחראיות	a χ ʁ a j u t
אינפרא	i n p a ʁ a
אלטלנה	a l t a l a n a
אליסה	a l i s a
אנונימיות	a n o n i m j u t
ארובה	a ʁ u v a
ארעה	a ʁ a
אשדות	a ʃ d u t
בארגוני	b e a ʁ ɡ o n i
בחו	b a χ u
בידיעת	b i d i a t
בלבב	b a l b a v
בנוסחה	b e n u s a χ a
גבירותיי	ɡ v i ʁ u t a j
גורלנו	ɡ o ʁ l a n u
גימל	ɡ i m e l
גפיים	ɡ a f a j i m
גפרורים	ɡ a f ʁ o ʁ i m
דחיה	d a χ j a
דעים	d a i m
דשנים	d i ʃ n i m
האומנותי	h e o m a n u t i
האירים	h e i ʁ i m
האמונים	h e e m o n i m
האמיצים	h e e m i t͡s i m
הגירוי	h i ɡ i ʁ u j
ההילוכים	h e h i l u χ i m
הועמדה	h o e m d a
הופק	h o f e k
הוקינס	h o k i n e s
הזזת	h i z z e t
הזעזוע	h i z a z u a
החותמת	h e χ u t e m e t
החליל	h e χ l i l
החסינות	h e χ s i n u t
הכללת	h i χ l e l e t
הכפופים	h i χ p o f i m
הכרמים	h i χ ʁ a m i m
הלחמי	h i l χ a m i
המבשר	h i m b ʃ e ʁ
המחיצה	h i m χ i t͡s a
המחקרית	h i m χ a k a ʁ i t
המעולים	h i m o l i m
המרוקאי	h i m ʁ o k a j
המריא	h i m ʁ i
המשפחתיים	h i m ʃ p a χ t a j i m
המתאבק	h i m t a b e k
המתונים	h i m t o n i m
המתת	h i m t e t
הנמלטים	h i n m a l t i m
הנרצחים	h i n ʁ a t͡s a χ i m
הסטייה	h i s t i j a
הסטנדרטי	h i s t a n d a ʁ t i
הסמיך	h i s m i χ
העיף	h e i f
העלולה	e e l u l a
הפליגה	h i f l i ɡ a
הפתיחות	h i f t i χ u t
הצלצול	h i t͡s l a t͡s u l
הקדישו	h i k d i ʃ u
הררית	h i ʁ ʁ i t
השבי	h i ʃ b i
השואל	h i ʃ u e l
השיירות	h i ʃ j a ʁ u t
השלחן	h i ʃ l a χ a n
השתנתי	h i ʃ t a n t i
התאמץ	h i t a m e t͡s
התקינו	h i t k i n u
ואריה	v e a ʁ j a
והוכיח	v e h o χ i a χ
והעניק	v e e n i k
וחמים	v a χ m i m
ויוכל	v i j u χ e l
וירידות	v i ʁ i d u t
ומסורת	v i m s o ʁ e t
ומשאבים	v i m ʃ a v i m
ומשפחותיהם	v i m ʃ p a χ u t j a m
וקושי	v a k u ʃ i
ורבנים	v a ʁ b a n i m
ורגוע	v a ʁ ɡ u a
ורחוב	v a ʁ χ u v
ותפס	v i t p e s
זיכיון	z i χ j o n
חדשניות	χ a d ʃ a n j u t
חופף	χ o f e f
חיסיון	χ i s j o n
חלזונות	χ a l z o n u t
חנך	χ a n a χ
חקוקה	χ a k u k a
חרג	χ a ʁ a ɡ
חתני	χ a t a n i
טלמון	t a l m o n
טן	t a n
יהו	j a h u
יהוא	j a h u
יול	j o l
יחסיה	j a χ s i j a
ייחודה	j i χ u d a
יכעס	j a χ a s
ימה	j a m a
כנא	k a n a
כעדות	k a a d u t
כשומר	k ʃ u m a ʁ
לאחראי	l e a χ ʁ a j
לאכילת	l e e χ i l e t
להנדסת	l e h a n d e s e t
להשהות	l e h i ʃ h u t
להשתלם	l e h i ʃ t a l e m
לחסר	l a χ s a ʁ
לחסרי	l a χ s a ʁ i
לחשיפת	l a χ ʃ i f e t
ליוצאי	l i j u t͡s a j
לכומר	l e χ u m e ʁ
לכלות	l i χ l u t
למרתף	l i m ʁ a t e f
לעבדות	l e a v d u t
לערי	l a a ʁ i
לצרות	l i t͡s ʁ u t
לשחר	l i ʃ χ a ʁ
לשתק	l i ʃ t e k
לתיירות	l i t j a ʁ u t
מדמיע	m a d m i a
מהתחרות	m e h i t χ a ʁ u t
מטלה	m a t a l a
מיהדות	m i h a d u t
מינואר	m i n u a ʁ
מרכך	m a ʁ χ a χ
משכילה	m i ʃ k i l a
משמיעה	m i ʃ m i a
משתלטת	m i ʃ t a l t e t
מתבצעים	m i t b a t͡s a i m
מתחתיה	m i t χ a t j a
מתלווה	m i t l a v a
מתעד	m i t a d
נורטון	n o ʁ t o n
נורמליות	n o ʁ m a l j u t
נישואיהם	n i ʃ u a j a m
נכדה	n i χ d a
נמרים	n i m ʁ i m
נרתם	n i ʁ t e m
סא	s a
סוחף	s o χ a f
סותם	s o t e m
סטנטון	s t a n t o n
סיפורת	s i p u ʁ e t
סלמן	s a l m a n
סרינה	s ʁ i n a
עיריות	i ʁ j u t
עיתוי	i t u j
עמלו	a m l u
עתידם	a t i d e m
פודקאסט	p o d k a s t
פוליקר	p o l i k e ʁ
פומפיוס	p o m p j o s
פוש	p o ʃ
פיסי	p i s i
פירסון	p i ʁ s o n
פרז	p a ʁ a z
פריה	p a ʁ j a
פריקה	p ʁ i k a
פרלמן	p a ʁ l a m a n
צין	t͡s i n
צינית	t͡s i n i t
קב	k a v
קולן	k o l a n
קיצונים	k i t͡s o n i m
קצרי	k a t͡s a ʁ i
קריה	k a ʁ j a
קריעת	k ʁ i a t
שדואג	ʃ a d u a ɡ
שהעמיד	ʃ e e m i d
שובבה	ʃ o v a v a
שול	ʃ o l
שחברים	ʃ a χ b a ʁ i m
שיד	ʃ i d
שיזף	ʃ i z e f
שיחזיר	ʃ i χ z i ʁ
שיקוי	ʃ i k u j
שיתחילו	ʃ i t χ i l u
שלוק	ʃ a l u k
שמין	ʃ a m i n
שתיקת	ʃ a t i k e t
שתף	ʃ a t a f
תבקשו	t a v k a ʃ u
תפקידן	t a f k i d a n
תשתדל	t i ʃ t a d e l
im	i m
ist	i s t
model	m o d e l
zu	z u
אגסי	a ɡ s i
אדרבא	a d ʁ a b a
אוויריות	a v i ʁ j u t
אוק	o k
איראנים	i ʁ a n i m
אמרינן	a m ʁ i n a n
אנטנות	a n t a n u t
אק	a k
אקראיות	a k ʁ a j u t
בגמ	b a ɡ a m
בהגיעם	b e h i ɡ i a m
בהרמת	b e h a ʁ m e t
בחגיגה	b a χ ɡ i ɡ a
בחיבה	b e χ i v a
בטטה	b a t a t a
בטיב	b a t i v
בישר	b i ʃ e ʁ
בכיפה	b e χ i f a
בליעל	b l i a l
בפולנית	b e f u l a n i t
בציריך	b e t͡s i ʁ i χ
בשיריו	b e ʃ i ʁ j u
גינות	ɡ i n u t
גיס	ɡ i s
גנטיקה	ɡ a n t i k a
גרשוני	ɡ a ʁ ʃ o n i
דוגמנות	d o ɡ m a n u t
דוט	d o t
דיבוק	d i b u k
דיקנס	d i k n e s
האדישות	h e e d i ʃ u t
האלימים	h e e l i m i m
הגיח	h i ɡ i a χ
הגלולה	h i ɡ l u l a
הגרלת	h i ɡ ʁ e l e t
הוענקו	h o e n k o
הורחב	h o ʁ χ a v
הטיף	h i t i f
היושבת	h i j u ʃ e v e t
היצירתי	h i t͡s i ʁ t i
הכיצד	h i χ i t͡s e d
המות	h a m u t
המכינות	h i m k i n u t
המכני	h i m k a n i
המלאכותי	h i m l a χ u t i
המסכם	h i m s k e m
המפחיד	h i m p a χ i d
המפל	h i m p e l
המרות	h i m ʁ u t
המרחץ	h i m ʁ a χ e t͡s
המרי	h i m ʁ i
המתג	h i m t e ɡ
המתחים	h i m t a χ i m
הנגנים	h i n ɡ a n i m
הנלווים	h i n l a v i m
הסגיר	h i s ɡ i ʁ
הסרה	h i s ʁ a
הסתדרנו	h i s t a d ʁ a n u
הסתלק	h i s t a l e k
העידוד	h e i d u d
הענינים	e e n i n i m
העתידיות	h e e t i d j u t
הציירים	h i t͡s j a ʁ i m
הקדמיים	h i k d e m a j i m
הקיצונים	h i k i t͡s o n i m
הקליני	h i k l i n i
הרהורי	h i ʁ h o ʁ i
הרפרטואר	h i ʁ p a ʁ t u a ʁ
הרציונל	h i ʁ t͡s j o n e l
השגנו	h i ʃ ɡ a n u
התאומות	h i t o m u t
התירוצים	h i t i ʁ u t͡s i m
התערבו	h i t a ʁ b u
ואהרון	v e a ʁ o n
והציעו	v e h i t͡s i u
והצליחה	v e h i t͡s l i χ a
וחדרי	v a χ d a ʁ i
ושילם	v e ʃ i l e m
ושפל	v i ʃ p e l
זבח	z a v a χ
חביבים	χ a v i v i m
חוסמת	χ o s e m e t
חיפושי	χ i p u ʃ i
חלולים	χ a l u l i m
חלמה	χ a l a m a
חפצה	χ a f a t͡s a
טסתי	t a s t i
ייעודית	j i u d i t
יכוון	j a χ v a n
יכשל	j a χ ʃ e l
יפיפייה	j e f i p i j a
ירקרק	j a ʁ k a ʁ a k
כבעבר	k a v a v a ʁ
כופים	k o f i m
כינתה	k i n t a
כמיהה	k a m i h a
לאחרי	l e a χ a ʁ i
לגדולות	l i ɡ d u l u t
להחריב	l e h a ʁ i v
להסתייע	l e h i s t a j a
להפיכת	l e h e f i χ e t
להקטנת	l e h i k t a n t
להרגיל	l e h a ʁ ɡ i l
להתאסף	l e h i t a s e f
לטיסות	l a t i s u t
לטירה	l a t i ʁ a
לידר	l i d e ʁ
לכלבה	l i χ l a v a
למוסך	l a m u s a χ
למל	l a m a l
לספריה	l i s p a ʁ j a
לעילוי	l a i l u j
לפלג	l i f l e ɡ
לקשרים	l i k ʃ a ʁ i m
לשבץ	l i ʃ b e t͡s
מאילת	m e i l e t
מאישה	m e i ʃ a
מאתיופיה	m e a t j o f j a
מגבול	m a ɡ v u l
מגמגם	m a ɡ m a ɡ e m
מהרשות	m a a ʁ ʃ u t
מועילות	m o i l u t
מחריש	m a χ ʁ i ʃ
מטות	m a t u t
מילו	m i l u
מיצי	m i t͡s i
מלכו	m a l χ u
ממטרות	m a m t a ʁ u t
מנס	m a n a s
מעילים	m e i l i m
מענייני	m a a n j a n i
מרע	m a ʁ a
משחזר	m i ʃ χ a z a ʁ
משמרים	m i ʃ m a ʁ i m
משפטנים	m i ʃ p a t a n i m
מתמוטט	m i t m u t e t
נועזים	n o a z i m
נוק	n o k
נחלקים	n a χ l a k i m
נחשי	n a χ ʃ i
ניפרד	n i p ʁ e d
נמחקה	n i m χ a k a
נשאלה	n i ʃ a l a
סיומת	s i j u m e t
עדותה	a d u t a
עורה	o ʁ a
עילאי	i l a j
עלם	a l a m
עמדותיה	a m d u t j a
עסקן	a s k a n
עסקני	a s k a n i
פארה	p e a ʁ a
פגיעים	p a ɡ i i m
פרוצה	p ʁ u t͡s a
צוענים	t͡s o a n i m
צירופים	t͡s i ʁ u f i m
קיצר	k i t͡s e ʁ
קמילה	k a m i l a
קתולים	k a t u l i m
רג	ʁ a ɡ
רוג	ʁ o ɡ
רוך	ʁ o χ
רוסטוב	ʁ o s t o v
ריגה	ʁ i ɡ a
רעננים	ʁ a a n a n i m
שדאג	ʃ a d a ɡ
שדין	ʃ a d i n
שהסדרה	ʃ a h a s d a ʁ a
שחלמתי	ʃ a χ l a m t i
שכואב	ʃ χ u a v
שמעניק	ʃ i m a n i k
שנוספו	ʃ n o s a f o
שסבא	ʃ a s b a
שעיצב	ʃ e i t͡s e v
שרובו	ʃ a ʁ u v u
שרטוטים	ʃ a ʁ t u t i m
תדלוק	t a d l u k
תומי	t o m i
תחרותיות	t a χ ʁ u t j u t
תלווה	t a l v a
תמיכתה	t a m i χ t a
תנחומיי	t a n χ u m a j
תסריטים	t a s ʁ i t i m
תשבור	t i ʃ b u ʁ
app	a p
em	e m
iv	i v
lo	l o
los	l o s
sa	s a
sap	s a p
site	s i t e
wild	w i l d
אבכה	a v χ a
אוטיסטים	o t i s t i m
אומדנים	o m d a n i m
איגודים	i ɡ u d i m
איט	i t
אילנות	i l a n u t
אליאור	a l i u ʁ
אלם	a l a m
אנמיה	a n a m j a
אסוף	a s u f
אקווה	a k v a
ארסן	a ʁ s a n
אתית	a t i t
בחליפת	b a χ l i f e t
בילינו	b i l i n u
ביצירותיו	b i t͡s i ʁ u t j u
בכולנו	b e χ u l a n u
בכיסו	b e χ i s u
בלהות	b a l h u t
בפן	b a f a n
ברש	b a ʁ a ʃ
בשוקי	b e ʃ u k i
בתשתית	b i t ʃ a t i t
גהה	ɡ a h a
גורע	ɡ o ʁ a
גלאס	ɡ a l a s
גמלה	ɡ a m l a
דריק	d ʁ i k
האינטימי	h e i n t i m i
האיר	h e i ʁ
האירית	h e i ʁ i t
הארונות	h e e ʁ o n u t
הבהרתי	h i v h a ʁ t i
הביקורתית	h i b i k o ʁ t i t
הבעתי	h i v a t i
הגילויים	h i ɡ i l u j i m
הובל	h o v e l
הוגנות	h o ɡ a n u t
הוזכרה	h o z k a ʁ a
הולנדית	h o l a n d i t
הועתק	h o a t e k
החגיגית	h i χ ɡ i ɡ i t
הטיה	h i t j a
הידד	h i d e d
היחד	h i χ e d
הכד	h i χ e d
הלשין	h i l ʃ i n
המחץ	h i m χ e t͡s
המכיר	h i m k i ʁ
המסירות	h i m s i ʁ u t
המעון	h i m o n
המעצרים	h i m a t͡s a ʁ i m
המתגבר	h i m t a ɡ v e ʁ
הנדידה	h i n d i d a
הנטיה	h i n t j a
הנמלה	h i n m a l a
הסוויטה	h i s v i t a
הסטנדרט	h i s t a n d a ʁ t
הסידן	h i s i d e n
הסימפונית	h i s i m p o n i t
הסמויה	h i s m u j a
העדפות	h e e d e f u t
הפגזה	h i f ɡ a z a
הצוענים	h i t͡s u a n i m
הצנע	h i t͡s n a
הצפויות	h i t͡s p o j u t
הקדשים	h i k d e ʃ i m
הקיצוץ	h i k i t͡s u t͡s
הרשל	h i ʁ ʃ e l
השוהים	h i ʃ v i m
השווא	h i ʃ v a
השוודי	h i ʃ v a d i
השווי	h i ʃ v i
השיל	h i ʃ i l
השכולות	h i ʃ k o l u t
השקד	h i ʃ k e d
השקמה	h i ʃ k e m a
התדרים	h i t d a ʁ i m
התחפושת	h i t χ a f u ʃ e t
התירה	h i t i ʁ a
התנהגה	h i t n a h a ɡ a
והאור	v e h o ʁ
וחלל	v a χ l a l
וישנן	v i ʃ n a n
וכובע	v e χ o v a
ולחן	v a l χ a n
ומשוררים	v i m ʃ o ʁ a ʁ i m
ומתנות	v i m t a n u t
ורגליים	v a ʁ ɡ a l a j i m
זלדה	z a l a d a
זרי	z a ʁ i
חומסקי	χ o m s a k i
חלבה	χ a l a v a
חמא	χ a m a
חצתה	χ a t͡s a t a
חרוצים	χ a ʁ u t͡s i m
טעמה	t a a m a
טריסטן	t ʁ i s t a n
יאנוש	j a a n u ʃ
יונת	j o n e t
יושם	j o ʃ e m
ייסורי	j i s u ʁ i
ילנה	j a l a n a
כבכל	k a v χ a l
כשיטת	k ʃ i t e t
כששני	k a ʃ ʃ a n i
לאוהבי	l e o h a v i
לדודה	l a d u d a
לדרכה	l i d ʁ a χ a
להבחנה	l e h a v χ a n a
להגדרות	l e h i ɡ d a ʁ u t
להרע	l a h a ʁ a
לוג	l o ɡ
לחד	l a χ a d
לימדת	l i m e d e t
לימה	l i m a
ללוחם	l a l u χ a m
למגר	l i m ɡ e ʁ
לסי	l a s i
לקי	l a k i
לרבקה	l a ʁ b a k a
לרוחק	l a ʁ u χ a k
לשבר	l i ʃ b e ʁ
לשלישי	l i ʃ l i ʃ i
לשלך	l i ʃ l e χ
לשנן	l i ʃ n a n
לתקנה	l i t k a n a
מגנוס	m a ɡ n o s
מהתכנית	m e h i t k a n i t
מורטון	m o ʁ t o n
מחברון	m a χ b a ʁ o n
מיניה	m i n j a
מיקומי	m i k u m i
ממסים	m a m s i m
ממקימי	m a m k i m i
ממר	m a m a ʁ
ממראה	m a m ʁ a
מקסימוס	m a k s i m o s
משקיפים	m i ʃ k i f i m
נטועים	n i t u i m
נטישה	n i t i ʃ a
נטישת	n i t i ʃ e t
ניכרה	n i χ a ʁ a
נילחם	n i l χ a m
נירוונה	n i ʁ v a n a
נכבדה	n i χ v a d a
נכתבים	n i χ t a v i m
סיבולת	s i b u l e t
סיציליה	s i t͡s i l j a
סלטיק	s a l t i k
סמ	s a m
סקודה	s k u d a
עילות	i l u t
עינה	i n a
עמינדב	a m i n d e v
עניינם	a n j a n a m
עסקתי	a s k a t i
עצובות	a t͡s u v u t
פוסלת	p o s e l e t
פורעי	p o ʁ a j
פים	p i m
פירמידה	p i ʁ m i d a
פיתות	p i t u t
פלו	p a l u
פלמינג	p a l m i ŋ ɡ
פרוט	p ʁ u t
פריסה	p ʁ i s a
צהבהב	t͡s a h a v a v
צוואות	t͡s a v a u t
ציפתה	t͡s i f t a
צלאח	t͡s a l a a χ
קונקרטי	k o n k a ʁ t i
קיצון	k i t͡s o n
קלין	k a l i n
קלן	k a l a n
קלסי	k a l a s i
קרולינה	k ʁ u l i n a
קריסטין	k ʁ i s t i n
רהוטה	ʁ a h u t a
רחש	ʁ a χ a ʃ
שבחוק	ʃ a v χ u k
שהיחסים	ʃ e h i χ s i m
שהעבירה	ʃ e e v i ʁ a
שהתנהלו	ʃ e h i t n a h e l u
שיספק	ʃ i s p e k
שיפול	ʃ i p u l
שעיקרה	ʃ e i k a ʁ a
שצילם	ʃ a t͡s i l a m
שרוני	ʃ a ʁ o n i
שרירותית	ʃ ʁ i ʁ u t i t
ששמם	ʃ i ʃ m e m
תובל	t o v e l
תזהרי	t i z h a ʁ i
תיעד	t i a d
תפלות	t a f l u t
תרבותם	t a ʁ b u t e m
תשימי	t ʃ i m i
תשלים	t a ʃ l i m
תשתתף	t i ʃ t a t e f
been	b e e n
digital	d i ɡ i t a l
ds	d e s
ich	i ç
law	l a w
si	s i
square	s k w a ɾ e
אגירה	a ɡ i ʁ a
אדיבים	a d i v i m
אורגניות	o ʁ ɡ a n j u t
אילוצים	i l u t͡s i m
אליעד	a l i a d
אלישר	a l i ʃ e ʁ
אנטומיה	a n t u m j a
אנרי	a n ʁ i
ארוסתי	a ʁ o s t i
אריכות	a ʁ i χ u t
ארסי	a ʁ s i
באישון	b e i ʃ o n
בגרסאות	b a ɡ a ʁ s a u t
בדירתה	b e d i ʁ t a
בובו	b o v o
בחזרות	b a χ z a ʁ u t
בחשיבותה	b a χ ʃ i v u t a
ביאנקה	b i a n k a
ביופי	b i j u f i
ביזוי	b i z u j
ביחיד	b i χ i d
בייסורים	b a j s u ʁ i m
בישוף	b i ʃ u f
בכית	b e χ i t
בניצול	b e n i t͡s u l
בפשיטה	b e f ʃ i t a
בקתות	b a k t u t
ברוריה	b ʁ o ʁ j a
בשילה	b e ʃ i l a
בתירוץ	b e t i ʁ u t͡s
בתלם	b a t l a m
גורה	ɡ o ʁ a
גראנד	ɡ a ʁ a n d
גרוטאות	ɡ ʁ u t a u t
גרסא	ɡ a ʁ s a
דובב	d o v e v
דודג	d o d e ɡ
דז	d a z
דישון	d i ʃ o n
האילן	h e i l e n
האנטישמית	h e e n t i ʃ e m i t
האפורה	h e e f u ʁ a
האתנית	h e e t a n i t
הדגשה	h i d ɡ e ʃ a
הדקל	h i d k e l
הדרגים	h i d ʁ e ɡ i m
ההוגים	h e h u ɡ i m
ההעסקה	h e e s k a
הוליך	h o l i χ
הומלס	h o m l a s
הועילו	h o i l u
הזולים	h i z u l i m
הזכרנו	h i z k a ʁ a n u
הטחול	h i t χ u l
הטיוטה	h i t j u t a
הטיפולי	h i t i p u l i
היטיב	h i t i v
היענות	h i a n u t
הישירים	h i ʃ i ʁ i m
הכספת	h i χ s e f e t
המזרן	h i m z a ʁ a n
המחרוזת	h i m χ a ʁ u z e t
המכרה	h i m k a ʁ a
המנהלי	h i m n a h e l i
המניפסט	h i m n i p e s t
המרקם	h i m ʁ e k e m
המשאב	h i m ʃ a v
הנדירים	h i n d i ʁ i m
הנספח	h i n s p e a χ
הסדקים	h i s d e k i m
הסנטור	h i s n a t u ʁ
הצעקה	h i t͡s a k a
הקאות	h i k a u t
הקדמתי	h i k d e m e t i
הקשו	h i k ʃ u
הקשתות	h i k ʃ a t u t
הרגיז	h i ʁ ɡ i z
הרזה	h a ʁ z a
הרמונית	h i ʁ m o n i t
הרקטה	h i ʁ k a t a
השאה	h i ʃ a
השאיבה	h i ʃ i v a
השגיאות	h i ʃ ɡ i u t
השכירים	h i ʃ k i ʁ i m
התבלינים	h i t b a l i n i m
התראת	h i t ʁ a t
ודואג	v a d u a ɡ
והולכות	v e h o l χ u t
וויטני	v i t a n i
וינטר	v i n t e ʁ
ויקם	v i k e m
ולוח	v a l u a χ
וליל	v a l i l
ומחזק	v i m χ a z e k
ומסיים	v i m s a j i m
ומעתה	v i m a t a
ומפעלים	v i m p a a l i m
וס	v a s
ועברית	v e a v ʁ i t
ועונש	v o n e ʃ
וקלה	v a k l a
ורבותיי	v a ʁ b u t a j
ושילוב	v e ʃ i l u v
ושמחת	v i ʃ m a χ e t
זהובים	z a h u v i m
זיגמונד	z i ɡ m o n d
זריחה	z a ʁ i χ a
חבטה	χ a v a t a
חורמה	χ o ʁ m a
טאן	t a n
טיט	t i t
טריפל	t ʁ i p e l
יבטלו	j a v t a l u
ילדיהן	j a l a d j a n
ימלוך	j a m l u χ
ינצלו	j a n t͡s a l u
יקבעו	j a k b a u
ירדנה	j a ʁ d a n a
יתדות	j i t d u t
כדאיות	k a d a j u t
כדוריד	k a d u ʁ i d
כיווץ	k i v e t͡s
כינויו	k i n u j u
כמותך	k a m u t e χ
כנודע	k n u d a
כרבי	k a ʁ b i
לאקרנים	l e a k ʁ a n i m
לארבעת	l e a ʁ b a a t
לבנאדם	l i v n a d e m
לגרד	l i ɡ ʁ e d
לדידו	l a d i d u
לדרוס	l a d ʁ o s
לדתיים	l i d t a j i m
להתפנק	l e h i t p a n e k
להתקפות	l e h i t k a f u t
לזאב	l i z a v
לחסן	l a χ s a n
לטאה	l a t a
ליקוט	l i k u t
לעיסה	l a i s a
לעל	l a a l
לפשיטת	l i f ʃ i t e t
לרון	l a ʁ o n
לשוות	l i ʃ v e t
לשחקני	l i ʃ χ a k a n i
לשרון	l i ʃ ʁ o n
לתדלק	l i t d a l e k
לתחרויות	l i t χ a ʁ u j u t
מאטיס	m a a t i s
מדר	m a d a ʁ
מונחה	m o n a χ a
מונחי	m o n a χ i
מחסידי	m a χ s i d i
מחקו	m a χ a k u
מטמון	m a t a m o n
מינסוטה	m i n s u t a
מיסודה	m i s u d a
מכיכר	m e χ i k e ʁ
מליונים	m a l j o n i m
מלין	m a l i n
מלמל	m a l m a l
מלשין	m a l ʃ i n
ממקומה	m a m k u m a
מסדרות	m i s d a ʁ u t
מספרה	m i s p a ʁ a
מעיניו	m e i n j u
מרדו	m a ʁ d u
מרחבית	m a ʁ χ a v i t
משקע	m i ʃ k a
משרתות	m i ʃ ʁ a t u t
נבלע	n i v l a
נודדת	n o d e d e t
נועלים	n o a l i m
נוקטת	n o k t e t
ניי	n a j
נימוסים	n i m u s i m
נלחמנו	n i l χ a m a n u
נסער	n i s a ʁ
נפרש	n i f ʁ e ʃ
נרתעים	n i ʁ t a i m
סולקו	s o l a k o
סופרמרקט	s o f ʁ a m a ʁ k t
סטאלין	s t a l i n
סימולציה	s i m u l t͡s j a
סמוטריץ	s m u t ʁ i t͡s
עיגולים	i ɡ u l i m
עיסה	i s a
עיקש	i k e ʃ
עניני	a n i n i
עתר	a t a ʁ
פגענו	p a ɡ a n u
פלגי	p a l a ɡ i
פראט	p ʁ a t
פרגוסון	p a ʁ ɡ o s o n
פרישמן	p ʁ i ʃ m a n
פרקינסון	p a ʁ k i n s o n
פשעיו	p a ʃ a j u
ציריך	t͡s i ʁ i χ
צפריר	t͡s a f ʁ i ʁ
קאש	k a a ʃ
קהה	k a h a
קוקי	k o k i
קיוב	k i j u v
קישוטי	k i ʃ u t i
קרובת	k a ʁ u v e t
קשוב	k a ʃ u v
קת	k a t
ראשת	ʁ e ʃ e t
רומאן	ʁ o m a n
רוצחי	ʁ o t͡s a χ i
שגילתה	ʃ ɡ i l t a
שגרתיים	ʃ a ɡ ʁ a t a j i m
שהבנים	ʃ a h a v a n i m
שהצלחת	ʃ e h i t͡s l a χ e t
שהתחולל	ʃ e h i t χ u l e l
שודרה	ʃ o d a ʁ a
שיאיר	ʃ i i ʁ
שילינג	ʃ i l i ŋ ɡ
שלאנשים	ʃ a l a n ʃ i m
שמכם	ʃ i m χ e m
שמספקת	ʃ i m s p e k e t
שנוצרת	ʃ n u t͡s a ʁ a t
שנחת	ʃ a n a χ a t
שרגילים	ʃ a ʁ ɡ i l i m
שריטות	ʃ ʁ i t u t
שתול	ʃ a t u l
תוצרי	t o t͡s a ʁ i
תוקנה	t o k a n a
תזוז	t z u z
תיגמר	t i ɡ m e ʁ
תיקרא	t i k ʁ a
תנוחה	t n u χ a
תנחומא	t a n χ u m a
תפתחי	t a f t a χ i
תרדמת	t a ʁ d e m e t
תשחרר	t i ʃ χ a ʁ e ʁ
תשקול	t i ʃ k o l
תתמוך	t a t m u χ
ba	b a
english	e n ɡ l i ʃ
hero	h e ɾ o
israeli	i s r a e l i
key	k e j
left	l e f t
mix	m i k s
os	o s
phone	f o n e
pop	p o p
shalom	ʃ a l o m
simon	s i m o n
אודותיה	o d u t j a
אורגון	o ʁ ɡ o n
אותרה	o t a ʁ a
אזוב	a z u v
איתנים	i t a n i m
אלמונית	a l m o n i t
אמבולנסים	a m b u l a n s i m
אנדרי	a n d a ʁ i
אנטישמים	a n t i ʃ e m i m
אסע	a s a
אפללו	a f l a l u
אציג	a t͡s i ɡ
אקרמן	a k ʁ a m a n
ארוטי	a ʁ u t i
בבנו	b a v a n u
בחמישים	b a χ m i ʃ i m
ביזה	b i z a
בינן	b i n e n
בלומנטל	b l u m a n t e l
בלוף	b a l u f
במולדת	b e m u l e d e t
במוצרי	b e m u t͡s a ʁ i
במימוש	b e m i m u ʃ
במינוח	b e m i n u a χ
בציניות	b e t͡s i n j u t
ברביקיו	b a ʁ b i k j u
ברוז	b a ʁ u z
ברוחו	b ʁ u χ u
ברצפת	b a ʁ t͡s a f a t
בשמורה	b i ʃ m u ʁ a
בשמלת	b i ʃ m e l e t
גלריות	ɡ a l a ʁ j u t
גרפיים	ɡ a ʁ p a j i m
דולף	d o l e f
דוני	d o n i
דלטון	d a l t o n
דלף	d a l a f
דקירות	d k i ʁ u t
דרוך	d a ʁ u χ
האדירים	h e e d i ʁ i m
האחיד	h e e χ i d
האמתית	h e e m t i t
הגבייה	h i ɡ b i j a
הגיד	h i ɡ i d
הדל	h a d a l
הולידו	h o l i d u
הוספנו	h o s p a n u
הזועם	h i z u a m
הזיון	h i z j o n
הזיכוי	h i z i k u j
הטיפות	h i t i f u t
הימה	h i m a
הישראל	h i ʃ ʁ a e l
הכלכלן	h i χ l a χ l a n
המאחז	h i m a χ e z
המעקה	h i m a k a
המתחילה	h i m t χ i l a
המתן	h i m t e n
הנגר	h i n ɡ e ʁ
הנערך	h i n a ʁ e χ
הסתערות	h i s t a a ʁ u t
הפחדה	h i f χ a d a
הפקידה	h i f k i d a
הצדעה	h i t͡s d a a
הצווארון	h i t͡s v a ʁ o n
הקהילתיים	h i k h i l t a j i m
הקליע	h i k l i a
הקצרות	h i k t͡s a ʁ u t
הרציני	h i ʁ t͡s i n i
השחקים	h i ʃ χ a k i m
השתלות	h i ʃ t a l u t
התומכות	h i t u m χ u t
התחלתם	h i t χ a l t e m
התנא	h i t n a
התעלמה	h i t a l m a
התרמיל	h i t ʁ a m i l
והיצירה	v e h i t͡s i ʁ a
ווילסון	v i l s o n
ויוסיף	v i j o s i f
וינטג	v i n t e ɡ
ויסות	v i s u t
ונאה	v a n a
ורנר	v a ʁ n a ʁ
ושנינו	v i ʃ n i n u
ותקף	v i t k e f
זהרה	z a h a ʁ a
זמירות	z a m i ʁ u t
זקנו	z a k a n u
חזהו	χ a z a h u
חיזוי	χ i z u j
חילופין	χ i l u f i n
חלבית	χ a l a v i t
חסויים	χ a s u j i m
חצייה	χ a t͡s i j a
חתונתו	χ a t u n t u
טייסון	t a j a s o n
טלר	t a l a ʁ
טרומית	t ʁ u m i t
יאר	j a a ʁ
ידיכם	j a d i χ e m
יוצגו	j o t͡s e ɡ o
ייצוב	j i t͡s u v
יעלים	j a a l i m
ךכ	χ a χ
כאוות	k a a v a t
כדים	k a d i m
כיסי	k i s i
כישלונות	k i ʃ l o n u t
כעיקרון	k e i k ʁ o n
כקבוצת	k a k b u t͡s a t
כריסטוף	k ʁ i s t u f
כשלב	k a ʃ l a v
לדרמה	l i d ʁ a m a
להסעת	l e h a s a a t
להשכיח	l e h i ʃ k i a χ
להתנדבות	l e h i t n a d v u t
להתפרע	l e h i t p a ʁ a
לזמנים	l i z m a n i m
לידור	l i d u ʁ
לינקים	l i n k i m
ליסינג	l i s i ŋ ɡ
ליצוא	l i t͡s u
למזבח	l i m z a v a χ
למרצה	l i m ʁ a t͡s a
לסרטי	l i s ʁ a t i
לשעתיים	l i ʃ a t a j i m
מאך	m a a χ
מדן	m a d a n
מורדות	m o ʁ d u t
מותך	m o t e χ
מחמיאה	m a χ m i a
מיהודה	m i h u d a
מלאכותיות	m a l a χ u t j u t
ממעשה	m a m a ʃ a
ממעשי	m a m a ʃ i
מרכס	m a ʁ χ a s
מרצח	m a ʁ t͡s a χ
משחקה	m i ʃ χ a k a
משפת	m i ʃ p e t
נדבקים	n i d b a k i m
נוטף	n o t e f
נוטר	n o t e ʁ
נולאן	n o l a n
נזקקה	n i z k a k a
נחתים	n a χ t i m
נימוקי	n i m u k i
נין	n i n
נלמדים	n i l m a d i m
נצטוו	n i t͡s t a v
נשאב	n i ʃ a v
נתמקד	n i t m a k e d
סומן	s o m a n
סימפטום	s i m p a t u m
סלאח	s a l a a χ
סרבה	s a ʁ b a
עיצורים	i t͡s u ʁ i m
פוקו	p o k o
פיטרסון	p i t a ʁ s o n
פקיעת	p k i a t
פרטני	p a ʁ t a n i
פרינסטון	p ʁ i n s t o n
פרשיית	p a ʁ ʃ a j i t
צייטלין	t͡s a j t a l i n
קילל	k i l e l
קיני	k i n i
קלונימוס	k l o n i m o s
קליעים	k l i i m
קרנה	k a ʁ a n a
רגלה	ʁ a ɡ l a
רוטציה	ʁ o t a t͡s j a
רוש	ʁ o ʃ
רטורית	ʁ a t u ʁ i t
ריבס	ʁ i b e s
רמיזה	ʁ a m i z a
רמיזות	ʁ a m i z u t
רנן	ʁ a n a n
שאילתות	ʃ e i l t u t
שברירי	ʃ a v ʁ i ʁ i
שהתפרסמה	ʃ e h i t p a ʁ s e m a
שומרוני	ʃ o m ʁ o n i
שיקוף	ʃ i k u f
שלומם	ʃ a l u m a m
שלישיה	ʃ l i ʃ j a
שמובילה	ʃ m u v i l a
שמספק	ʃ i m s p e k
שנמנע	ʃ i n m a n a
תגובתם	t a ɡ u v t e m
תוארה	t o a ʁ a
תוגש	t o ɡ e ʃ
תולדותיה	t o l d u t j a
תחליטי	t a χ l i t i
תחשיב	t a χ ʃ i v
תחתיות	t a χ t a j u t
תסתובב	t a s t o v e v
תפחדו	t a f χ a d u
תרגומי	t a ʁ ɡ u m i
תתגבר	t i t ɡ a v e ʁ
eye	e j e
fast	f a s t
global	ɡ l o b a l
lee	l e e
middle	m i d l e
use	u s e
на	n a
אוזניו	o z a n j u
אזיל	a z i l
אטלנטיק	a t l a n t i k
אייב	a j a v
אימרה	i m ʁ a
אנטולי	a n t u l i
אסיפת	a s i f e t
אסתטיקה	a s t a t i k a
אשכנזית	a ʃ χ a n z i t
בהורים	b e h o ʁ i m
בחשיפה	b a χ ʃ i f a
בישל	b i ʃ e l
בלונדי	b l o n d i
במשימת	b e m e ʃ i m e t
בנימינה	b e n i m i n a
ברוגז	b ʁ u ɡ e z
ברזולוציה	b a ʁ z u l o t͡s j a
בריתי	b ʁ i t i
ברכבות	b a ʁ k a v u t
בשדרת	b i ʃ d e ʁ e t
בתסריט	b i t s ʁ i t
גאו	ɡ a u
גדת	ɡ a d a t
גה	ɡ a
גינדי	ɡ i n d i
דבקה	d a v a k a
דברנו	d a v ʁ a n u
דפ	d a f
דריסה	d ʁ i s a
האדי	h e e d i
הבבלית	h i v b e l i t
הבננה	h i v n a n a
הגבינות	h i ɡ b i n u t
הגזרות	h i ɡ z a ʁ u t
הגיעם	h i ɡ i a m
הגניזה	h i ɡ n i z a
הדיעות	h i d i u t
ההיפוך	h e h i p u χ
הודיות	h o d j u t
הוסבר	h o s b a ʁ
הוריתי	h o ʁ i t i
הותקן	h o t k a n
הזלזול	h i z l a z u l
היסטריה	h i s t a ʁ j a
היפותטי	h i p u t a t i
הלבנונית	h i l b a n o n i t
המבולבל	h i m b u l b e l
המחסה	h i m χ a s a
המטיף	h i m t i f
המנוף	h i m n u f
המצית	h i m t͡s i t
המרובים	h i m ʁ u v i m
המשוגעת	h i m ʃ u ɡ a t
המתפתחות	h i m t a p t a χ u t
הנכם	h i n χ e m
הנמלט	h i n m a l t
הנערץ	h i n a ʁ e t͡s
הנשרים	h i n ʃ a ʁ i m
הסיורים	h i s j o ʁ i m
הספרה	h i s p a ʁ a
הספרי	h i s p a ʁ i
הפשטה	h i f ʃ a t a
הצדקת	h i t͡s d e k e t
הצודק	h i t͡s u d e k
הציץ	h i t͡s i t͡s
הציתו	h i t͡s i t u
הצריך	h i t͡s ʁ i χ
הקליפות	h i k l i f u t
הקרנבל	h i k ʁ a n b e l
הקשוח	h i k ʃ u a χ
השוואתי	h i ʃ v a t i
השווים	h i ʃ v i m
השכיר	h i ʃ k i ʁ
השתדלתי	h i ʃ t a d e l t i
התוכי	h i t u χ i
התיווך	h i t j a v e χ
התריסים	h i t ʁ i s i m
והותיר	v e h o t i ʁ
והזמר	v e h i z m e ʁ
והחומר	v e h o m e ʁ
והיקף	v e h i k e f
וויתר	v i t e ʁ
וחרב	v a χ ʁ a v
וינברג	v i n b ʁ e ɡ
ויען	v i a n
ויצרה	v i t͡s a ʁ a
ומומחה	v e m u m χ a
ומכיר	v i m k i ʁ
ומרץ	v i m ʁ e t͡s
ומשקאות	v i m ʃ k a u t
ונוסעים	v e n o s a i m
ונושאי	v e n u ʃ a j
וסיפורי	v e s i p o ʁ i
וקבוע	v a k b u a
ורבותי	v a ʁ b u t i
ורגש	v a ʁ ɡ e ʃ
ורחבה	v a ʁ χ a v a
וש	v a ʃ
זורע	z o ʁ a
חזירי	χ a z i ʁ i
חטאנו	χ a t a n u
חיטים	χ i t i m
חתמנו	χ a t m a n u
טסלה	t a s l a
טריפולי	t ʁ i p u l i
יבחין	j a v χ i n
כאין	k a i n
כדוריות	k a d u ʁ j u t
כונו	k o n u
כראות	k a ʁ a u t
כריתה	k ʁ i t a
כשבע	k a ʃ b a
לאמבטיה	l e e m b a t j a
לגני	l a ɡ a n i
לדידי	l a d i d i
לדני	l a d a n i
להטעין	l e h a t i n
להיוועץ	l e h i v a t͡s
להיטלר	l e h i t l e ʁ
להצמיח	l e h i t͡s m i a χ
להתגבש	l e h i t ɡ e v e ʃ
להתגלח	l e h i t ɡ a l a χ
להתגשם	l e h i t ɡ e ʃ e m
לובשות	l o v ʃ u t
לוגיסטיקה	l o ɡ i s t i k a
לחדרים	l a χ d a ʁ i m
לחלקה	l a χ l a k a
ליאות	l i u t
ליטוף	l i t u f
לייבוביץ	l a j b u v i t͡s
ליירט	l a j a ʁ t
לכהנים	l i χ h a n i m
ללבי	l a l a v i
לסטנדרטים	l i s t a n d a ʁ t i m
לעמים	l a a m i m
לשק	l a ʃ a k
לתבנית	l i t b a n i t
מאמציה	m e a m t͡s j a
מאסטרס	m a a s t a ʁ a s
מגשים	m a ɡ ʃ i m
מדורים	m a d u ʁ i m
מהוריהם	m e h o ʁ j a m
מוארים	m o a ʁ i m
מוסה	m o s a
מזמנים	m i z m a n i m
מחנק	m a χ n a k
מידותיו	m i d u t a v
מיושבת	m i j u ʃ e v e t
מיושנים	m i j u ʃ a n i m
מלמדות	m a l m a d u t
מעיתון	m e i t o n
מצו	m a t͡s u
מצטמצם	m i t͡s t a m t͡s e m
מקדישה	m a k d i ʃ a
מקיום	m a k j u m
מקלף	m a k l a f
משאני	m i ʃ a n i
משגשג	m i ʃ ɡ e ʃ e ɡ
משלימות	m i ʃ l i m u t
מתבוננת	m i t b o n a n t
נוכחותה	n o χ χ u t a
נוסבאום	n o s b a u m
נחליף	n a χ l i f
ניגוני	n i ɡ o n i
נינוח	n i n u a χ
נכרתה	n i χ ʁ a t a
נקשרה	n i k ʃ a ʁ a
נשתה	n i ʃ t a
סולן	s o l a n
סיכת	s i χ e t
עומאר	o m a ʁ
עזאם	a z a m
עפות	a f u t
עצלנים	a t͡s l a n i m
ערוב	a ʁ u v
פדה	p a d a
פומה	p o m a
פלי	p a l i
פריקת	p ʁ i k e t
צדקיהו	t͡s a d k i h u
צידו	t͡s i d u
צייץ	t͡s a j a t͡s
קדאפי	k a d a f i
קדושי	k a d u ʃ i
קהלי	k a h a l i
קמיל	k a m i l
רואן	ʁ o a n
רוזין	ʁ o z i n
רעלנים	ʁ a a l a n i m
שאחותי	ʃ e a χ u t i
שבאות	ʃ a v a u t
שבמצרים	ʃ a v m a t͡s a ʁ i m
שברא	ʃ a v ʁ a
שהקדיש	ʃ a h a k d i ʃ
שיבושים	ʃ i b u ʃ i m
שיגדל	ʃ i ɡ d e l
שיגלה	ʃ i ɡ l a
שישלם	ʃ i ʃ l e m
שמילאו	ʃ m i l a u
שמשות	ʃ i m ʃ u t
שמתייחס	ʃ i m t a j a χ e s
שקובעת	ʃ k o v a a t
תוניס	t o n i s
תופיק	t o f i k
תחלוף	t a χ l u f
תסריטאי	t a s ʁ i t a j
תעש	t a a ʃ
תפן	t a f a n
תרגעו	t a ʁ ɡ a u
always	a l w a j s
stay	s t a j
uk	u k
אביכם	a v i χ e m
אברמסון	a v ʁ a m s o n
איכויות	i χ u j u t
אנגלה	a ŋ ɡ l a
אסלח	a s l a χ
אפריקני	a f ʁ i k a n i
אריג	a ʁ i ɡ
ארקדי	a ʁ k a d i
אשקול	a ʃ k o l
בגדד	b a ɡ d e d
בזכר	b i z k e ʁ
בחוב	b a χ u v
בחליפות	b a χ l i f u t
ביטן	b i t e n
בילינסון	b i l i n s o n
בירתה	b i ʁ t a
במוזיאונים	b e m u z i u n i m
בנוחות	b e n u χ u t
בקולה	b a k u l a
ברגותי	b a ʁ ɡ u t i
ברוחות	b ʁ u χ u t
ברפיח	b a ʁ p i a χ
בשיקולים	b e ʃ i k o l i m
בשעתיים	b i ʃ a t a j i m
בשפעת	b i ʃ p a a t
בתוניסיה	b e t o n i s j a
גיבוב	ɡ i b u v
גניזה	ɡ n i z a
גרד	ɡ a ʁ a d
גריזים	ɡ ʁ i z i m
האינטגרציה	h e i n t e ɡ ʁ a t͡s j a
האלמוגים	h e e l m u ɡ i m
הבס	h a v a s
הבריכות	h i v ʁ i χ u t
הדיסקים	h i d i s k i m
הדלקתי	h i d l e k t i
ההאזנה	h e e z a n a
הובן	h o v e n
הותיקים	h o t i k i m
הזיוף	h i z j u f
החוקתית	h e χ o k t i t
החטוף	h e χ t u f
הטחינה	h i t χ i n a
הטראגי	h i t ʁ a ɡ i
היבשים	h i b ʃ i m
הימצאו	h i m t͡s a u
היפר	h i p e ʁ
הירידות	h i ʁ i d u t
המגדיר	h i m ɡ d i ʁ
הנאמנה	h i n a m a n a
הנחנו	h i n χ a n u
הסיירת	h i s j a ʁ e t
הסמארטפון	h i s m a ʁ t e f o n
הסעת	h i s a t
הסתובבה	h i s t o v a v a
העטרה	e e t a ʁ a
העיוות	h e i v e t
העצירה	e e t͡s i ʁ a
העתידות	h e e t i d u t
הפתעת	h i f t a a t
הצארית	h i t͡s a ʁ i t
הצווים	h i t͡s v i m
הקוצים	h i k u t͡s i m
הקטבים	h i k t a v i m
הרהור	h i ʁ h o ʁ
השבחים	h i ʃ b a χ i m
השרוול	h i ʃ ʁ a v e l
התמסר	h i t m a s e ʁ
התמצאות	h i t m a t͡s a u t
התנוחה	h i t n u χ a
התקיף	h i t k i f
ואיכותיים	v e i χ u t a j i m
והבנת	v e h a v e n e t
והעבירה	v e e v i ʁ a
וז	v a z
וזהות	v i z h u t
וחמוד	v a χ m u d
וחסרות	v a χ s a ʁ u t
וידועה	v i d u a
ויהודית	v i h u d i t
ויחי	v i χ i
וישן	v i ʃ e n
וכוכב	v e χ u χ e v
ולידו	v a l i d u
וליתר	v e l i t e ʁ
ומחיר	v i m χ i ʁ
ועידן	v e i d e n
ורבין	v a ʁ b i n
ורביעי	v a ʁ b i a j
ותצא	v i t t͡s a
חדיר	χ a d i ʁ
חוטפת	χ o t e f e t
חירשים	χ i ʁ ʃ i m
חלפון	χ a l a f o n
חלץ	χ a l a t͡s
חנוק	χ a n u k
חסידה	χ a s i d a
חפותו	χ a f u t u
טיריון	t i ʁ j o n
יגדיל	j a ɡ d i l
יקדם	j a k d a m
כוסו	k o s o
כטוב	k a t u v
כינרת	k i n e ʁ e t
כיעד	k i a d
כמוצר	k a m u t͡s a ʁ
כרייה	k ʁ i j a
כריכה	k ʁ i χ a
כשראו	k a ʃ ʁ a u
כתנועה	k a t n u a
לאתיופיה	l e e t j o f j a
לדירוג	l a d i ʁ u ɡ
להבריא	l e h a v ʁ i
להתאמה	l e h i t a m a
לידידות	l i d i d u t
ליוגה	l i j u ɡ a
ללשכה	l i l ʃ a χ a
למערת	l i m a ʁ e t
למצמץ	l i m t͡s m e t͡s
לנחלה	l i n χ a l a
לפול	l a f u l
לשבטים	l i ʃ b a t i m
לשדך	l i ʃ d e χ
לשי	l a ʃ i
מאהב	m e a h a v
מאמנה	m e a m a n a
מחצר	m a χ t͡s a ʁ
מלבי	m a l a v i
מעירה	m e i ʁ a
משברי	m i ʃ b a ʁ i
משגרים	m i ʃ ɡ a ʁ i m
משדרות	m i ʃ d a ʁ u t
מתום	m a t u m
מתעלל	m i t a l e l
מתשע	m i t ʃ a
ניקולה	n i k u l a
ניתח	n i t e a χ
נמלא	n i m l a
נמני	n i m n i
ננעלה	n i n a l a
נפגוש	n i f ɡ o ʃ
נשפטו	n i ʃ p a t u
סבלני	s a v l a n i
סולת	s o l e t
סטפ	s a t a f
סיביר	s i b i ʁ
סימוכין	s i m u χ i n
סיפונה	s i p o n a
סמלה	s a m l a
סנגור	s a n ɡ o ʁ
עודנה	o d a n a
עילאית	i l a i t
עימי	i m i
עיסקה	i s k a
עירובין	i ʁ u v i n
עמיקם	a m i k e m
ענינים	a n i n i m
עפ	a f
פאם	p a a m
פוט	p o t
פונטי	p o n t i
פיספסתי	p i s p e s t i
פיקסל	p i k s e l
פעלתי	p a a l t i
פרדיננד	p a ʁ d i n a n d
צווארי	t͡s a v a ʁ i
צריכין	t͡s ʁ i χ i n
קבלני	k a v l a n i
קוטל	k o t e l
קופיקו	k o f i k o
קורנל	k o ʁ n e l
קימל	k i m e l
קיס	k i s
קלרנס	k a l ʁ a n a s
קסטל	k a s t a l
קפסולות	k a f s u l u t
קרמי	k a ʁ m i
קרעו	k a ʁ a u
רודה	ʁ o d a
רמאים	ʁ a m a i m
שאח	ʃ a a χ
שאיכשהו	ʃ e i χ ʃ a h u
שארצות	ʃ e a ʁ t͡s u t
שבס	ʃ a v a s
שגית	ʃ a ɡ i t
שהיטלר	ʃ e h i t l e ʁ
שהצטבר	ʃ e h i t͡s t a v e ʁ
שווארמה	ʃ v a ʁ m a
שחולק	ʃ a χ u l a k
שידר	ʃ i d e ʁ
שיעצור	ʃ i a t͡s o ʁ
שכורה	ʃ χ u ʁ a
שמחליט	ʃ i m χ a l i t
שמעלים	ʃ i m a l i m
שריקה	ʃ ʁ i k a
שרקי	ʃ a ʁ k i
ששיגר	ʃ ʃ i ɡ e ʁ
תודו	t o d u
תוצג	t o t͡s e ɡ
תכנסו	t a χ n a s u
תפור	t a f u ʁ
תצורת	t a t͡s u ʁ e t
body	b o d i
sam	s a m
shop	ʃ o p
times	t i m e s
wine	w i n e
אאוץ	a u t͡s
אבוש	a v u ʃ
אגרון	a ɡ ʁ o n
אוג	o ɡ
אחא	a χ a
אלחם	a l χ a m
אלט	a l a t
אלרגי	a l ʁ a ɡ i
אמבט	a m b a t
אמט	a m a t
אמיליו	a m i l j u
אתיופית	a t j o f i t
אתלטית	a t a l t i t
באט	b a a t
בדל	b a d a l
בההוא	b e h u
בהט	b e h e t
בהתראה	b e h i t ʁ a
בורבון	b o ʁ b o n
בורקס	b o ʁ k e s
בחרם	b a χ ʁ a m
בחשוון	b a χ ʃ a v a n
בטנה	b a t a n a
בטנו	b a t a n u
בירם	b i ʁ e m
בכובע	b e χ u v a
בלימודיו	b l i m u d j u
בעית	b a i t
בעיתות	b a i t u t
ברגיל	b a ʁ ɡ i l
ברר	b a ʁ a ʁ
בשיט	b e ʃ i t
בתשוקה	b i t ʃ u k a
גמישים	ɡ m i ʃ i m
דורטמונד	d o ʁ t a m o n d
דיכטר	d i χ t e ʁ
דיש	d i ʃ
הגמישות	h i ɡ m i ʃ u t
הגנטית	h i ɡ n a t i t
ההילה	h e h i l a
ההתראה	h e h i t ʁ a
הוכשר	h o χ ʃ e ʁ
הונה	h o n a
הטיפים	h i t i f i m
הטנדר	h i t n a d e ʁ
הידוק	h i d u k
הידים	h i d i m
הכנסים	h i χ n e s i m
הכפרה	h i χ p a ʁ a
הלגיטימציה	h i l ɡ i t i m e t͡s j a
הלוק	h a l u k
המדהימות	h i m d e h i m u t
המדרשה	h i m d a ʁ ʃ a
המכרות	h i m k a ʁ u t
המלאות	h i m l a u t
המלוות	h i m l a v e t
המספרי	h i m s p a ʁ i
המצוק	h i m t͡s o k
המקשה	h i m k e ʃ a
המרחקים	h i m ʁ a χ k i m
המריבות	h i m ʁ i v u t
המשונה	h i m ʃ o n a
המשפטנים	h i m ʃ p a t a n i m
המתנקש	h i m t a n k e ʃ
הנהנים	h i n h a n i m
הנזירה	h i n z i ʁ a
הנחקר	h i n χ a k e ʁ
הנלווה	h i n l a v a
הנערכים	h i n a ʁ k i m
הסגת	h i s ɡ e t
הסיטונאי	h i s i t o n a j
הסנדלר	h i s n a d l a ʁ
הערוך	e e ʁ u χ
העשר	e e ʃ e ʁ
הפטריות	h i f t a ʁ j u t
הצעיף	h i t͡s i f
הקליפים	h i k l i f i m
הקלע	h i k l a
הקרמיקה	h i k ʁ a m i k a
הרק	h a ʁ a k
השכיחים	h i ʃ k i χ i m
השכיל	h i ʃ k i l
השתלמויות	h i ʃ t a l m u j u t
התארח	h i t a ʁ e a χ
התחקירים	h i t χ a k i ʁ i m
התחרויות	h i t χ a ʁ u j u t
התפרק	h i t p a ʁ e k
ואיסוף	v e i s u f
וד	v a d
והורג	v e h o ʁ e ɡ
והוריד	v e h o ʁ i d
והציל	v e h i t͡s i l
וועדות	w a d u t
וח	v a χ
ויהפוך	v i h a f u χ
ויחסים	v i χ s i m
וימין	v i m i n
וישם	v i ʃ e m
ומותו	v a m u t u
ומניחים	v i m n i χ i m
ומקווים	v i m k a v i m
ונוכח	v e n u χ a χ
וניכר	v e n i k e ʁ
וסלי	v a s l i
וערבי	v e a ʁ b i
ורנון	v a ʁ n o n
ושטחים	v i ʃ t a χ i m
זומם	z o m e m
זלצמן	z i l t͡s m a n
חדוה	χ a d u a
חניות	χ a n j u t
טירונים	t i ʁ o n i m
יחוד	j a χ u d
יחפשו	j a χ p a ʃ u
ייעודה	j i u d a
כבישי	k a v i ʃ i
כישות	k i ʃ u t
לארצם	l e a ʁ t͡s e m
לבגדי	l i v ɡ a d i
לברכת	l i v ʁ e χ e t
לדולר	l a d u l a ʁ
לדלות	l i d l u t
להולדת	l e h u l e d e t
להוריה	l e h o ʁ j a
להמלצות	l e h i m l a t͡s u t
להסקה	l a h a s k a
להשביע	l e h i ʃ b i a
להתברר	l e h i t b a ʁ e ʁ
לודאי	l o d a j
לווינה	l a v i n a
לומדי	l o m a d i
לזמרת	l i z m e ʁ e t
לחניה	l a χ a n j a
לחסידי	l a χ s i d i
לחתימת	l a χ t i m e t
לטיל	l a t i l
לכנסיה	l i χ n a s j a
למותג	l a m u t e ɡ
למרן	l a m ʁ a n
לסוד	l a s u d
לצוף	l a t͡s u f
לקריאות	l i k ʁ i u t
לתמונת	l i t m o n e t
מאחוז	m e a χ u z
מאיי	m a a j
מאם	m a a m
מגג	m a ɡ a ɡ
מגפות	m a ɡ f u t
מהון	m a h o n
מהימין	m e h i m i n
מהתקציב	m e h i t k a t͡s i v
מישהוא	m i ʃ h u
מלחיצה	m a l χ i t͡s a
ממלאי	m a m l a j
מסעם	m a s a m
מעייני	m a a j a n i
מרחיבים	m a ʁ χ i v i m
מרקוביץ	m a ʁ k o v i t͡s
מתבודד	m i t b u d e d
מתגרה	m i t ɡ a ʁ a
נהוגים	n e h u ɡ i m
נורווגיה	n o ʁ v a ɡ j a
ניגנו	n i ɡ a n u
נען	n a a n
נעסוק	n a a s o k
נצלו	n i t͡s l u
נצרים	n i t͡s ʁ i m
נקנו	n a k a n u
נרי	n a ʁ i
נשאלו	n i ʃ a l u
סבסוד	s a v s u d
סדור	s a d u ʁ
סיסטם	s i s t e m
סמולנסקין	s m u l a n s k i n
עגיל	a ɡ i l
עונתי	o n a t i
עופו	o f u
עיכב	i χ e v
עישן	i ʃ e n
עלובי	a l u v i
עתיקת	a t i k e t
פוליסת	p o l i s e t
פמלה	p a m l a
פתיח	p a t i a χ
צביעת	t͡s a v i a t
צדים	t͡s a d i m
צדקנו	t͡s a d k a n u
צריח	t͡s a ʁ i a χ
קולטנים	k o l t a n i m
קוצץ	k o t͡s e t͡s
קטנטנות	k t a n t a n u t
קלוזנר	k l u z a n a ʁ
קליע	k l i a
קריצה	k ʁ i t͡s a
קרישה	k ʁ i ʃ a
רוקו	ʁ o k o
ריגושים	ʁ i ɡ u ʃ i m
שבחן	ʃ a v χ a n
שהותם	ʃ a h u t e m
שהכה	ʃ a h a χ a
שהתנגד	ʃ e h i t n e ɡ e d
שהתנהלה	ʃ e h i t n a l a
שינוע	ʃ i n u a
שיקבעו	ʃ i k b a u
שלובש	ʃ a l u v a ʃ
שמדי	ʃ a m a d i
שנאבד	ʃ i n a v e d
שנישאו	ʃ n i ʃ a u
ששואלים	ʃ ʃ u a l i m
שתרצי	ʃ i t ʁ a t͡s i
תברחו	t a v ʁ a χ u
תדהמה	t a d h a m a
תדחוף	t a d χ u f
תהו	t a h u
תמרי	t a m ʁ i
תמריצים	t a m ʁ i t͡s i m
תסיימי	t a s j a m i
תפקידך	t a f k i d e χ
als	a l s
duty	d u t i
kind	k i n d
metal	m e t a l
same	s a m e
sub	s u b
um	u m
אברמוב	a v ʁ a m u v
אגרנט	a ɡ ʁ a n t
אונ	o n
אופטימלי	o f t i m e l i
אופים	o f i m
אורבן	o ʁ b a n
אטי	a t i
אכילים	a χ i l i m
אלבומה	a l b u m a
אלביט	a l b i t
אלטון	a l t o n
אנזימים	a n z i m i m
אנטנה	a n t a n a
אצה	a t͡s a
אריס	a ʁ i s
ארמי	a ʁ m i
באוהלים	b e o h e l i m
באונייה	b e o n i j a
באחיו	b e a χ j u
בגט	b a ɡ a t
בודה	b o d a
בוואלה	b a v a l a
בוואריה	b a v a ʁ j a
בורי	b o ʁ i
ביראה	b i ʁ a
ביריה	b i ʁ j a
בכיכובם	b e χ i χ u v e m
במימד	b e m i m e d
במימי	b e m i m i
במישורים	b e m i ʃ u ʁ i m
בקעה	b a k a
בריטיות	b ʁ i t j u t
בשבדיה	b i ʃ b e d j a
גלוקוז	ɡ l u k o z
גף	ɡ a f
דזמונד	d i z m o n d
דיסקרטי	d i s k a ʁ t i
דלל	d a l a l
דנין	d a n j a n
האליל	h e e l i l
האמיצה	h e e m i t͡s a
הולה	h o l a
היפנוזה	h i p n u z a
הישארות	h i ʃ a ʁ u t
היתרי	h i t ʁ i
הכבוש	h i χ b u ʃ
הכנים	h i χ n i m
הלקחים	h i l k a χ i m
המבטיחים	h i m b a t i χ i m
המחבוא	h i m χ a v u
המממ	h i m m e m
המעצמה	h i m a t͡s m a
המציל	h i m t͡s i l
המשכיר	h i m ʃ k i ʁ
הסמיכה	h i s m i χ a
הסתער	h i s t a a ʁ
העיסה	h e i s a
הערכי	e e ʁ k i
הפללה	h i f l a l a
הצילני	h i t͡s i l a n i
הקאה	h i k a
הקאתי	h i k a t i
הקלינית	h i k l i n i t
הרכים	h i ʁ k i m
הרשאות	h i ʁ ʃ a u t
השכחה	h i ʃ k a χ a
השמרים	h i ʃ m a ʁ i m
השתבש	h i ʃ t a b e ʃ
התאנה	h i t a n a
התבררה	h i t b a ʁ a ʁ a
התווסף	h i t v a s e f
התיירותי	h i t j a ʁ u t i
התנינים	h i t n i n i m
התרכזה	h i t ʁ a χ z a
ואחזקה	v e a χ z a k a
וחלונות	v a χ l o n u t
וחשיבות	v a χ ʃ i v u t
וימת	v i m e t
ויציבות	v i t͡s i v u t
וכיבוש	v e χ i b u ʃ
ולש	v a l a ʃ
וממשלה	v i m m a ʃ l a
ועקרונות	v e a k ʁ o n u t
ופיטר	v i t e ʁ
וקמה	v a k a m a
ורזה	v a ʁ z a
ורשימות	v a ʁ ʃ i m u t
ושתים	v i ʃ t i m
ותשתיות	v i t ʃ a t j u t
ותתחילו	v i t t a χ i l u
חארות	χ a a ʁ u t
חיב	χ i v
חיבב	χ i b e v
חידשו	χ i d e ʃ u
חייכה	χ a j a χ a
חשבונאות	χ a ʃ b o n a u t
חשבונה	χ a ʃ b o n a
טיי	t a j
יבשתי	j a v ʃ a t i
ייעלם	j i a l e m
ילדם	j a l d a m
יסרב	j a s ʁ a v
ישתחרר	j i ʃ t a χ ʁ e ʁ
יתחתן	j i t χ a t e n
יתרות	j i t ʁ u t
כאומה	k a u m a
כבודי	k a v u d i
ככלות	k a χ l u t
כעסה	k a a s a
לאחיך	l e a χ i χ
לארסן	l e a ʁ s a n
להתהפך	l e h i t a f e χ
להתפתות	l e h i t p a t u t
לוטה	l o t a
לידיד	l i d i d
לימוזינה	l i m u z i n a
לכלכל	l i χ l a χ e l
למתחרים	l i m t a χ a ʁ i m
לעבודתה	l e a v u d t a
לצרפתית	l i t͡s ʁ a f t i t
לרקע	l a ʁ k a
לשמיכה	l i ʃ m i χ a
לתחיה	l i t χ a j a
מגיח	m a ɡ i a χ
מדביק	m a d b i k
מוטבע	m o t b a
מוריו	m o ʁ j o
מחצבים	m a χ t͡s a v i m
מיזה	m i z a
מילתא	m i l t a
מכתיבה	m a χ t i v a
מלחי	m a l χ i
מסלק	m a s l a k
מעירים	m e i ʁ i m
מעניש	m a a n i ʃ
מקווי	m a k v i
משמיד	m i ʃ m i d
משתחררים	m i ʃ t a χ ʁ a ʁ i m
משתפי	m i ʃ t a f i
מתפקידי	m i t p a k i d i
נגזרות	n i ɡ z a ʁ u t
נזרקה	n i z ʁ a k a
נרטיב	n i ʁ t i v
נשלל	n i ʃ l a l
סובלות	s o v l u t
סולטן	s o l t a n
סילאן	s i l a n
עדו	a d u
עכשוויים	a χ ʃ a v a j i m
עמידת	a m i d e t
עקד	a k a d
ערמומי	a ʁ m u m i
פא	p a
פארמה	p e a ʁ m a
פולחני	p o l χ a n i
פוס	p o s
פילו	p i l u
פליטות	p l i t u t
פלישות	p l i ʃ u t
פסלה	p a s l a
פריימן	p ʁ a j m a n
פרימיטיבית	p ʁ i m i t i v i t
צהל	t͡s a h a l
צמות	t͡s a m u t
צריבה	t͡s ʁ i v a
קד	k a d
קדמונים	k a d m o n i m
קומיקאי	k o m i k a j
קופ	k o f
קוריס	k o ʁ i s
קירבי	k i ʁ b i
קלעי	k a l a i
קפדן	k a f d a n
רופי	ʁ o f i
רתוי	ʁ a t u j
שהעליתי	ʃ e e l i t i
שהתפקיד	ʃ e h i t p a k i d
שזרק	ʃ i z ʁ e k
שחבריה	ʃ a χ b a ʁ j a
שיכניס	ʃ i χ n i s
שיסביר	ʃ i s b i ʁ
שמסיים	ʃ i m s a j i m
שמפריד	ʃ i m p ʁ i d
שמריה	ʃ i m ʁ i j a
שצבא	ʃ a t͡s b a
שרוע	ʃ a ʁ u a
תגובתך	t a ɡ u v t e χ
תוויות	t a v j u t
תחבולות	t a χ b u l u t
תחתוני	t a χ t o n i
תיחשב	t i χ ʃ e v
תפרים	t a f ʁ i m
תרסיס	t a ʁ s i s
תרשימים	t a ʁ ʃ i m i m
תשרוד	t i ʃ ʁ u d
bi	b i
film	f i l m
ms	m e s
studio	s t u d i o
walk	w a l k
wish	w i ʃ
yam	j a m
אבידה	a v i d a
אוכמניות	u χ m a n j u t
אולטרון	o l t a ʁ o n
אורטל	o ʁ t e l
אלוקי	a l u k i
אמתיים	a m t a j i m
אנדרווד	a n d a ʁ v a d
אנזים	a n z i m
אנלוגי	a n l u ɡ i
ארמניה	a ʁ m a n j a
בגרויות	b a ɡ ʁ u j u t
בהרצאות	b e h a ʁ t͡s a u t
בואנוס	b o a n o s
ביאה	b i a
בינתים	b i n t i m
בכישלון	b e χ i ʃ e l o n
בלנדר	b a l a n d a ʁ
בנותיהם	b e n u t j a m
בניחוח	b e n i χ u a χ
בסמל	b a s m a l
בתשתיות	b i t ʃ a t j u t
גאליס	ɡ a a l i s
גופית	ɡ o f i t
גידור	ɡ i d u ʁ
גירוד	ɡ i ʁ u d
גרגור	ɡ a ʁ ɡ o ʁ
גרגירי	ɡ a ʁ ɡ i ʁ i
גרנדה	ɡ a ʁ n a d a
גש	ɡ a ʃ
דגון	d a ɡ o n
דוש	d o ʃ
דים	d i m
האוסרים	h e o s a ʁ i m
האייפד	h e e p e d
האינטרנטית	h e i n t ʁ a n t i t
האכסניה	h e e χ s a n j a
הארורים	h e e ʁ o ʁ i m
הבריאים	h i v ʁ i i m
הועסק	h o a s e k
הופל	h o f e l
הזבוב	h i z b u v
הטראנס	h i t ʁ a n e s
הכשיר	h i χ ʃ i ʁ
הלשונות	h i l ʃ o n u t
המחמאות	h i m χ a m a u t
המטעים	h i m t a i m
המצגת	h i m t͡s e ɡ e t
המתנהל	h i m t a n a l
הנגיעה	h i n ɡ i a
הנחייה	h i n χ i j a
הנפה	h i n f a
הסטארט	h i s t a ʁ t
הסלולרית	h i s l o l a ʁ i t
הסריקה	h i s ʁ i k a
העמיתים	e e m i t i m
הערימה	e e ʁ i m a
הצמודים	h i t͡s m u d i m
הצנרת	h i t͡s n a ʁ e t
הצפוף	h i t͡s p u f
הרמקולים	h i ʁ m a k o l i m
הרשם	h i ʁ ʃ e m
השוורים	h i ʃ v a ʁ i m
השעמום	h i ʃ a m u m
השערת	h i ʃ a ʁ e t
התבור	h i t b u ʁ
התחדש	h i t χ a d e ʃ
התחלף	h i t χ a l e f
התמר	h i t m e ʁ
התענית	h i t a n i t
התריע	h i t ʁ i a
התרסקה	h i t ʁ a s k a
ודל	v a d a l
והדתיים	v e h i d t a j i m
וויאט	v i a t
ויטה	v i t a
ולין	v a l i n
ולרוץ	v a l ʁ u t͡s
ומאה	v i m a
ומעשרות	v i m a ʃ a ʁ u t
ומרתק	v i m ʁ a t e k
וערכה	v e a ʁ χ a
וקצין	v a k t͡s i n
ושואלים	v e ʃ u a l i m
ותעשו	v i t a ʃ u
זליכה	z a l i χ a
חבק	χ a v a k
חובתם	χ o v t e m
חיזור	χ i z u ʁ
חיסלו	χ i s l u
חלומה	χ a l u m a
חסכוני	χ a s k o n i
חציר	χ a t͡s i ʁ
חשבוננו	χ a ʃ b o n a n u
טוחן	t o χ a n
טנקי	t a n k i
טריפה	t ʁ i f a
יוצג	j o t͡s e ɡ
יטענו	j a t a n u
ייזכר	j i z k e ʁ
ייפוי	j i p u j
יישבר	j i ʃ b e ʁ
ילש	j a l a ʃ
יעני	j a a n i
יתנגד	j i t n e ɡ e d
כורע	k o ʁ a
כיהנה	k i h a n a
כרוזים	k ʁ u z i m
לברזיל	l i v ʁ a z i l
לגרמנית	l i ɡ ʁ a m a n i t
להזדקן	l e h i z d e k a n
להניד	l a h a n i d
להפצה	l e h a f t͡s a
להשגחה	l e h i ʃ ɡ a χ a
להשמיט	l e h i ʃ m i t
להשרות	l e h i ʃ ʁ u t
להשתלטות	l e h i ʃ t a l t u t
להתמזמז	l e h i t m a z m e z
לוני	l o n i
לוסיה	l o s j a
לועס	l o a s
לחנוך	l a χ n u χ
לטיעון	l a t i o n
ליאה	l i a
ליומן	l i j u m e n
ליטאי	l i t a j
לייסוד	l a j s u d
לנביא	l i n b i
לשביל	l i ʃ b i l
לשלבים	l i ʃ l a v i m
לשליט	l i ʃ l i t
מיצירותיו	m i t͡s i ʁ u t j u
מסב	m a s a v
מסביבה	m a s b i v a
מסדרה	m i s d a ʁ a
מסניף	m a s n i f
מספרן	m i s p a ʁ a n
מסרטים	m a s ʁ a t i m
מקרוני	m a k ʁ o n i
מרחיקי	m a ʁ χ i k i
משליש	m i ʃ l i ʃ
נטתה	n i t t a
ניאוף	n i u f
ניצנה	n i t͡s a n a
נכרית	n i χ ʁ i t
נפה	n a f a
נפשנו	n i f ʃ a n u
נצפתה	n i t͡s p a t a
נשאתי	n i ʃ a t i
נשלטים	n i ʃ l a t i m
סג	s a ɡ
סגרתי	s a ɡ ʁ a t i
סומנו	s o m a n u
סורר	s o ʁ a ʁ
סליל	s a l i l
סמכותה	s a m χ u t a
סמרטוטים	s a m a ʁ t u t i m
סרטיו	s a ʁ t i v
סריג	s ʁ i ɡ
עלבונות	a l b o n u t
עמומה	a m u m a
עקיבה	a k i v a
פיטורין	p i t u ʁ i n
פלר	p a l a ʁ
פרצופו	p a ʁ t͡s o f o
פשיסטי	p ʃ i s t i
צלולים	t͡s a l u l i m
צמאים	t͡s a m a i m
קבילה	k a v i l a
קברניט	k a v ʁ a n i t
קולון	k o l o n
קופונים	k o f o n i m
קופמן	k o f m a n
קוצב	k o t͡s e v
קירל	k i ʁ e l
קראק	k a ʁ a k
קרחת	k a ʁ a χ a t
רולס	ʁ o l a s
רייף	ʁ a j a f
ריסים	ʁ i s i m
רפיק	ʁ a f i k
שגרירי	ʃ a ɡ ʁ i ʁ i
שדנה	ʃ a d a n a
שהקשה	ʃ a h a k ʃ a
שובם	ʃ o v e m
שוכנע	ʃ u χ n a
שחבריו	ʃ a χ b a ʁ j u
שייסד	ʃ a j s e d
שיצטרך	ʃ i t͡s t a ʁ a χ
שלחן	ʃ a l χ a n
שלמישהו	ʃ a l m i ʃ a h u
שלקה	ʃ a l a k a
שמית	ʃ a m i t
שנישאה	ʃ n i ʃ a
שצפו	ʃ a t͡s a f u
שראשי	ʃ a ʁ a ʃ i
שרוח	ʃ a ʁ u a χ
שרן	ʃ a ʁ a n
שתגלה	ʃ i t ɡ a l a
תברואה	t a v ʁ u a
תגים	t a ɡ i m
תדהר	t a d h a ʁ
תהילת	t e h i l e t
תחבושות	t a χ b u ʃ u t
תסיר	t a s i ʁ
תרחיק	t a ʁ χ i k
תרשמי	t a ʁ ʃ a m i
תשתף	t i ʃ t e f
add	a d
index	i n d e k s
limited	l i m i t e d
nvidia	n v i d i a
san	s a n
say	s a j
set	s e t
six	s i k s
sun	s u n
were	w e ɾ e
אהדת	a h a d e t
אולמן	o l m a n
אוסטרי	o s t a ʁ i
אורסולה	o ʁ s u l a
אזמין	a z m i n
אימתי	i m t i
אירינה	i ʁ i n a
אישורה	i ʃ u ʁ a
אנדרטת	a n d a ʁ t e t
אנדרסן	a n d a ʁ s a n
אפליית	a f l a j i t
אפרוחים	a f ʁ u χ i m
ארג	a ʁ a ɡ
ארגוניות	a ʁ ɡ o n j u t
ארגנה	a ʁ ɡ a n a
ארוז	a ʁ u z
אשירה	a ʃ i ʁ a
אשליית	a ʃ l a j i t
בהצהרות	b e h i t͡s h a ʁ u t
בהתרסקות	b e h i t ʁ a s k u t
בידיך	b i d i χ
ביק	b i k
במיתולוגיה	b e m i t u l o ɡ j a
בסירוב	b e s i ʁ u v
בריאותם	b ʁ i u t e m
בשרוול	b i ʃ ʁ a v e l
בתביעת	b i t b i a t
בתול	b a t u l
בתשלומי	b i t ʃ a l u m i
גודווין	ɡ o d v i n
גולי	ɡ o l i
גרטי	ɡ a ʁ t i
דהנה	d a h a n a
דהרי	d a h a ʁ i
דחא	d a χ a
דידן	d i d e n
האדמירל	h e e d m i ʁ e l
האיטית	h e i t i t
האתרוג	h e e t ʁ u ɡ
הבהירים	h i v h i ʁ i m
הבלוז	h i v l u z
הגלילית	h i ɡ l i l i t
הדום	h a d u m
הדרכונים	h i d ʁ a χ o n i m
הוסב	h o s e v
הזנת	h i z n e t
הטמונה	h i t m o n a
הטעון	h i t o n
היברידי	h i b ʁ i d i
היון	h i j o n
היזמים	h i z m i m
היס	h i s
הישירות	h i ʃ i ʁ u t
הכבאים	h i χ b a i m
הכשרתם	h i χ ʃ a ʁ t e m
המחקרי	h i m χ a k a ʁ i
המתאם	h i m t a m
המתגלה	h i m t a ɡ l a
הנוי	h a n u j
הנחקרים	h i n χ a k a ʁ i m
הנחתה	h i n χ a t a
הסביבתית	h i s b i v t i t
הסגולי	h i s ɡ o l i
הסדק	h i s d e k
הסדרתי	h i s d e ʁ t i
הספל	h i s p e l
הפירמידות	h i f i ʁ m i d u t
הצטערתי	h i t͡s t a ʁ t i
הציניות	h i t͡s i n j u t
הצלקת	h i t͡s l e k e t
הצרעה	h i t͡s ʁ a a
הקינות	h i k i n u t
הקשבת	h i k ʃ e v e t
הקתולי	h i k t u l i
הרגישים	h i ʁ ɡ i ʃ i m
הרחבים	h i ʁ χ a v i m
הריקות	h a ʁ i k u t
הרמיוני	h i ʁ m j o n i
השבתה	h i ʃ b a t a
השתרע	h i ʃ t a ʁ a
התאונות	h i t o n u t
התנה	h i t n a
התרחקות	h i t ʁ a χ k u t
ואיבד	v e i v e d
והוצא	v e h u t͡s a
והעמידה	v e e m i d a
וזכור	v i z k o ʁ
וזמרת	v i z m e ʁ e t
וחילוניים	v e χ i l o n j i m
וחתימה	v a χ t i m a
ויוה	v i v a
ולאף	v a l a f
ולילות	v e l i l u t
ומשנת	v i m ʃ e n e t
ומתקן	v i m t k a n
ונחיה	v i n χ i j a
וקנאה	v a k n a
ורמות	v a ʁ m u t
ורשימת	v a ʁ ʃ i m e t
ושמאלה	v i ʃ m a l a
זירא	z i ʁ a
חבוש	χ a v u ʃ
חיסולו	χ i s u l u
חישב	χ i ʃ e v
חסומים	χ a s u m i m
חסותה	χ a s u t a
חקק	χ a k a k
חשבוניות	χ a ʃ b o n j u t
טולי	t o l i
טיפשי	t i p ʃ i
יחסינו	j a χ s i n u
יכ	j a χ
ינוח	j a n u a χ
ינחם	j a n χ a m
יתגשם	j i t ɡ e ʃ e m
כיכב	k i χ e v
כסה	k a s a
כרוכות	k ʁ u χ u t
לדימוי	l a d i m u j
לדר	l a d a ʁ
להוריש	l e h o ʁ i ʃ
להניב	l a h a n i v
לזמנו	l i z m a n u
לטירת	l a t i ʁ e t
ליהי	l i h i
למסד	l i m s e d
למסירת	l i m s i ʁ e t
לנמנם	l i n m a n a m
לנתוני	l i n t o n i
לפרקליטות	l i p ʁ a k l i t u t
לשבירת	l i ʃ b i ʁ e t
לתמורה	l i t m u ʁ a
לתקנון	l i t k a n o n
מגדילים	m a ɡ d i l i m
מדות	m a d u t
מותאמות	m o t a m u t
מזנק	m i z n e k
מחבריי	m a χ b a ʁ a j
מחרוזות	m a χ ʁ u z u t
מיוצאי	m i j u t͡s a j
מיחידות	m i χ i d u t
מיעט	m i a t
מיצירות	m i t͡s i ʁ u t
מיקומים	m i k u m i m
מלחינים	m a l χ i n i m
מלשן	m a l ʃ a n
ממנים	m a m a n i m
מנגל	m i n ɡ e l
מסיח	m a s i a χ
מסקנותיה	m a s k a n u t j a
מעילי	m e i l i
מעמ	m a a m
מקיי	m a k a j
מקסיקנית	m a k s i k a n i t
מרחיקה	m a ʁ χ i k a
מרמזים	m a ʁ m a z i m
משפ	m a ʃ a f
מתאבל	m i t a b e l
מתפרנסים	m i t p a ʁ n a s i m
נגמרות	n i ɡ m a ʁ u t
נטיעה	n i t i a
נימק	n i m e k
נלקחים	n i l k a χ i m
נשללה	n i ʃ l a l a
סופגניות	s o f ɡ a n j u t
סינתטי	s i n t a t i
סירבתי	s i ʁ b a t i
סירים	s i ʁ i m
עדותם	a d u t e m
עורכות	o ʁ χ u t
עלילתי	a l i l t i
עמיתיהם	a m i t j a m
עצירים	a t͡s i ʁ i m
עקבותיהם	a k b u t j a m
עקיצות	a k i t͡s u t
ערמונים	a ʁ m o n i m
ערר	a ʁ a ʁ
עתודות	a t u d u t
עתון	a t o n
פיננסים	p i n a n s i m
פיסקה	p i s k a
פיקדון	p i k d o n
פליאה	p l i a
צבור	t͡s a v u ʁ
צובה	t͡s o v a
צוער	t͡s o a ʁ
צורכים	t͡s o ʁ χ i m
צמחוניים	t͡s a m χ o n a j i m
קבין	k a v i n
קובו	k o v o
קונדומים	k o n d u m i m
קיימברידג	k a j i m b ʁ i d e ɡ
קרוהן	k a ʁ v a n
רוגל	ʁ o ɡ e l
רוזמרי	ʁ o z m a ʁ i
רומה	ʁ o m a
רומיים	ʁ o m a j i m
שהאם	ʃ a h a m
שהעתיד	ʃ e e t i d
שהתגורר	ʃ e h i t ɡ o ʁ e ʁ
שומנים	ʃ o m a n i m
שינקין	ʃ i n k i n
שיפוע	ʃ i p u a
שלגי	ʃ a l a ɡ i
שמוצאו	ʃ m u t͡s a u
שמעתה	ʃ i m a t a
שמציגים	ʃ i m t͡s i ɡ i m
שנטען	ʃ i n t a n
שנתקל	ʃ i n t a k e l
שעזרה	ʃ a a z a ʁ a
שריטה	ʃ ʁ i t a
ששינתה	ʃ ʃ i n t a
שתספר	ʃ i t s p e ʁ
תגלי	t a ɡ l i
תגע	t a ɡ a
תוס	t o s
תימא	t i m a
תסמוך	t a s m u χ
תתקדם	t i t k a d e m
did	d i d
ep	e p
gun	ɡ u n
while	w i l e
אביהו	a v i h u
אדוקים	a d u k i m
אובחנו	o v χ a n u
אווזים	a v a z i m
אלאור	a l o ʁ
אנחה	a n a χ a
אפורות	a f u ʁ u t
אקטואליים	a k t u a l a j i m
אתל	a t a l
בדוחק	b a d u χ a k
בהיגיון	b e h i ɡ j o n
ביסודה	b i s u d a
ביצענו	b i t͡s a n u
בישובים	b i ʃ u v i m
בלחיצה	b a l χ i t͡s a
בלס	b a l a s
בניקוי	b e n i k o j
בעשן	b a a ʃ a n
בקלי	b a k l i
ברגן	b a ʁ ɡ a n
ברות	b a ʁ u t
ברקו	b a ʁ a k o
ברקיע	b a ʁ k i a
בשיש	b e ʃ i ʃ
בשקרים	b i ʃ k a ʁ i m
גבירתי	ɡ v i ʁ t i
גראנט	ɡ a ʁ a n t
גריר	ɡ ʁ i ʁ
דבלין	d a v l i n
דיזינגוף	d i z i n ɡ o f
דקיק	d k i k
דרבן	d a ʁ b a n
דרן	d a ʁ a n
האמנו	h e e m a n u
האמפרי	h e e m p a ʁ i
הגרילה	h i ɡ ʁ i l a
ההדדי	h e h a d e d i
ההורמון	h e h o ʁ m o n
הודאות	h o d a u t
הוקדשה	h o k d e ʃ a
הזימון	h i z i m o n
הזמינים	h i z m i n i m
החתומים	h i χ t u m i m
הטביעו	h i t b i u
הטלסקופ	h i t l a s k o f
היומיומיים	h i j u m j o m a j i m
הילי	h i l i
היר	h i ʁ
היתושים	h i t u ʃ i m
הכותבת	h i χ u t e v e t
המאיר	h i m i ʁ
המחסנים	h i m χ a s a n i m
המעידות	h i m i d u t
המשאלות	h i m ʃ a l u t
המשכיל	h i m ʃ k i l
המתיחה	h i m t i χ a
הנהנה	h i n h a n a
הציפורן	h i t͡s i p o ʁ a n
הקטנטן	h i k t a n t a n
הקריטי	h i k ʁ i t i
הרסט	h i ʁ s e t
השדר	h i ʃ d e ʁ
השחתת	h i ʃ χ a t e t
השיפוטי	h i ʃ i p u t i
השכילו	h i ʃ k i l u
השתיה	h i ʃ t j a
התגרות	h i t ɡ a ʁ u t
התדרדרות	h i t d a ʁ d a ʁ u t
התוודה	h i t v a d a
התחזות	h i t χ a z u t
התייחסויות	h i t j a χ s u j u t
התמרון	h i t m a ʁ o n
התעסקות	h i t a s k u t
התפרצה	h i t p a ʁ t͡s a
התקני	h i t k a n i
ודה	v a d a
ודיבור	v e d i b u ʁ
והועבר	v e h o a v e ʁ
והערים	v e e ʁ i m
ויגיעו	v i ɡ i u
וידועים	v i d u i m
ויטאל	v i t a l
ויעילה	v i i l a
ולילי	v e l i l i
וליצירת	v e l i t͡s i ʁ e t
ומספקת	v i m s p e k e t
ומפורסם	v i m p o ʁ s e m
ועמוקה	v e a m u k a
וקשים	v a k ʃ i m
ושיח	v e ʃ i a χ
ושמנים	v i ʃ m a n i m
ותפקיד	v i t p a k i d
ותשוקה	v i t ʃ u k a
זריף	z a ʁ i f
חדשותי	χ a d a ʃ u t i
חומד	χ o m e d
חטאיו	χ a t a j u
חידוד	χ i d u d
חיימוביץ	χ a j m u v i t͡s
חילקה	χ i l k a
חלוצית	χ a l u t͡s i t
חמרה	χ a m a ʁ a
חסינים	χ a s i n i m
טבור	t a v u ʁ
טווין	t a v i n
טוטאלית	t o t a l i t
טורקית	t o ʁ k i t
טיפין	t i p i n
טיק	t i k
טרחתי	t a ʁ a χ t i
טרקלין	t a ʁ k a l i n
יבנאל	j a v n a e l
יגנו	j a ɡ a n u
ידליק	j a d l i k
יוצאו	j o t͡s a u
יחוש	j a χ u ʃ
ייצוגי	j i t͡s u ɡ i
כהנה	k a h a n a
כוחנו	k o χ a n u
כיב	k i v
כמצופה	k a m t͡s u f a
כרכי	k a ʁ k i
לאחותה	l e a χ u t a
להשתוות	l e h i ʃ t a v e t
לודג	l o d e ɡ
לוועידת	l a v i d e t
ליכולות	l i χ u l u t
למזונות	l i m z o n u t
לעיניו	l a i n j u
לצער	l i t͡s a ʁ
לקווים	l a k v i m
לקחי	l a k χ i
לשחקנית	l i ʃ χ a k a n i t
לשליש	l i ʃ l i ʃ
לשעבד	l i ʃ a v e d
מגב	m a ɡ a v
מהיסוד	m e h i s u d
מוזג	m u z a ɡ
מופרע	m o f ʁ a
מחלתה	m a χ l a t a
מחפשי	m a χ p a ʃ i
מחשבתית	m a χ ʃ a v t i t
מטפלות	m i t p a l u t
מיאו	m i u
מיג	m i ɡ
מיקל	m i k e l
מלגזה	m a l ɡ a z a
ממעט	m a m a t
ממקסיקו	m a m k a s i k o
מסלע	m a s l a
מסקרה	m i s k a ʁ a
מסתוריות	m a s t o ʁ j u t
מעייפות	m a a j a f u t
מען	m a a n
מצ	m a t͡s
מקווין	m a k v i n
מרחיקת	m a ʁ χ i k e t
משעתיים	m i ʃ a t a j i m
מתאבק	m i t a b e k
נבא	n a v a
נבצר	n i v t͡s a ʁ
נהי	n a h i
נודר	n o d e ʁ
נזיד	n i z i d
ניבא	n i b a
ניגונים	n i ɡ o n i m
ניה	n i j a
ניהיה	n i h i j a
נימי	n i m i
נצנצים	n i t͡s n a t͡s i m
נקמות	n i k m u t
נשענים	n i ʃ a n i m
סביל	s a v i l
סיבובי	s i b u v i
סילבי	s i l b i
סיריוס	s i ʁ j o s
עדאלה	a d a l a
עיונית	i j o n i t
פאו	p a u
פגיון	p a ɡ j o n
פורמליים	p o ʁ m a l a j i m
פילם	p i l e m
פיקודי	p i k u d i
פלילים	p l i l i m
ציפר	t͡s i p e ʁ
צלילות	t͡s a l i l u t
קדשי	k a d a ʃ i
קונלי	k o n a l i
קידוד	k i d u d
קליר	k a l i ʁ
קנז	k a n a z
ראשיד	ʁ e ʃ i d
רדודים	ʁ a d u d i m
רווית	ʁ a v i t
רוחאני	ʁ o χ a n i
רוממה	ʁ o m a m a
רמזתי	ʁ a m z a t i
שביים	ʃ a v a j i m
שדנו	ʃ a d a n u
שחשו	ʃ a χ ʃ u
שיגרתי	ʃ i ɡ ʁ a t i
שיוצרת	ʃ i j u t͡s a ʁ a t
שיפנה	ʃ i p a n a
שיצאנו	ʃ i t͡s a n u
שירגיש	ʃ i ʁ ɡ i ʃ
שמבוססת	ʃ i m b o s e s e t
שמיום	ʃ i m j u m
שמקיים	ʃ i m k a j i m
תסמיני	t a s m i n i
beat	b e a t
stars	s t a r s
table	t a b l e
united	u n i t e d
אובחנה	o v χ a n a
אוטיס	o t i s
אולסן	o l s a n
איחרה	i χ a ʁ a
איטיות	i t j u t
אילמת	i l e m e t
אינס	i n e s
אישומים	i ʃ u m i m
אמית	a m i t
אספות	a s p u t
אפלות	a f l u t
ארגונו	a ʁ ɡ o n u
בגפו	b a ɡ a f u
בהצלחת	b e h i t͡s l a χ e t
בהקצאת	b e h i k t͡s a t
בחביות	b a χ a v j u t
בחשיפת	b a χ ʃ i f e t
ביבוא	b i b u
בילוש	b i l u ʃ
בלמי	b a l a m i
בניזרי	b e n i z a ʁ i
בנימיני	b e n i m i n i
בנפילה	b e n e f i l a
בעיירת	b a a j a ʁ e t
בענינים	b a a n i n i m
ברכבי	b a ʁ k a v i
בשמיעה	b i ʃ m i a
בשפתם	b i ʃ p a t e m
בתצוגת	b i t t͡s u ɡ e t
גבישי	ɡ v i ʃ i
גורלית	ɡ o ʁ l i t
גילון	ɡ i l o n
גימיק	ɡ i m i k
גירשו	ɡ i ʁ ʃ u
גננות	ɡ a n a n u t
דוגלת	d o ɡ e l e t
דוחקים	d o χ a k i m
דוכין	d o χ i n
דולה	d o l a
דעלמא	d a a l m a
האילנות	h e i l a n u t
האינסוף	h e i n s u f
האנרכיסטים	h e e n ʁ e χ i s t i m
הגיחה	h i ɡ i χ a
הגירת	h i ɡ i ʁ e t
הגנוזות	h i ɡ n u z u t
ההאשמה	h e e ʃ e m a
ההעדפה	h e e d e f a
ההשתלה	h e h i ʃ t e l a
הוז	h o z
החנקן	h i χ n e k a n
הטיפה	h i t i f a
הטיפולית	h i t i p u l i t
הטעינה	h i t i n a
הטרידה	h i t ʁ i d a
הלוע	h a l u a
המאסף	h i m a s e f
המזעזע	h i m z a z a
המזרקה	h i m z a ʁ k a
המעכב	h i m a χ e v
המפורטות	h i m p o ʁ t u t
המפרסם	h i m p a ʁ s e m
המרינה	h i m ʁ i n a
המשאלה	h i m ʃ a l a
המתיר	h i m t i ʁ
המתקשר	h i m t a k ʃ e ʁ
הנגוע	h i n ɡ u a
הנדיבה	h i n d i v a
הסברנו	h i s b ʁ a n u
הסגרה	h i s ɡ a ʁ a
הסילון	h i s i l o n
הסתפקה	h i s t a p e k a
העיפו	h e i f u
הפיסול	h i f i s u l
הפלאים	h i f l a i m
הציות	h i t͡s j u t
הקובני	h i k o v a n i
הקיפה	h i k i f a
הקיצור	h i k i t͡s o ʁ
הרצת	h i ʁ t͡s e t
השגויה	h i ʃ ɡ u j a
השוותה	h i ʃ v a t a
השיעים	h i ʃ i i m
השיפוצים	h i ʃ i p u t͡s i m
השרביט	h i ʃ ʁ a b i t
השתל	h i ʃ t e l
התיישנות	h i t j a ʃ a n u t
התמימה	h i t m i m a
התעסק	h i t a s e k
ואילן	v e i l e n
ואימון	v e i m o n
וורשה	v a ʁ ʃ a
ויסטה	v i s t a
וישים	v i ʃ i m
ומציל	v i m t͡s i l
ומשונות	v i m ʃ o n u t
וניצל	v e n i t͡s e l
ונס	v a n a s
ורגישות	v a ʁ ɡ i ʃ u t
חזותיים	χ a z u t a j i m
חיבקה	χ i b k a
חלליות	χ a l a l j u t
חסכונות	χ a s k o n u t
חציתי	χ a t͡s i t i
טריניטי	t ʁ i n i t i
יגון	j a ɡ o n
יישמר	j i ʃ m e ʁ
יכללו	j a χ l a l u
יעמיד	j a a m i d
יקנעם	j a k n a a m
ככול	k a χ u l
כלאו	k a l a u
כמנצח	k a m a n t͡s a χ
כמרכיב	k a m a ʁ k i v
כרונולוגית	k ʁ o n o l o ɡ i t
כשיטה	k ʃ i t a
לאחיה	l e a χ j a
להבעיר	l e h a v i ʁ
להטמיע	l e h i t m i a
להיכתב	l e h i χ t e v
להתארגנות	l e h i t a ʁ ɡ a n u t
להתמוטט	l e h i t m u t e t
להתנקות	l e h i t n a k u t
לטחון	l i t χ o n
ליצורים	l i t͡s u ʁ i m
ליריב	l i ʁ i v
לישב	l i ʃ e v
למדתם	l i m d a t e m
למענק	l i m a n e k
למתנה	l i m t a n a
לנאמנות	l i n a m a n u t
לעיקרון	l e i k a ʁ o n
לצנן	l a t͡s n a n
לרעב	l a ʁ a v
לשבתות	l i ʃ b a t u t
לתקרה	l i t k a ʁ a
מדאגה	m a d a ɡ a
מהיהדות	m e h i h a d u t
מזדהים	m i z d a h i m
מחשיבה	m a χ ʃ i v a
מיובשים	m i j u v ʃ i m
מיומנת	m i j u m e n t
מעסקי	m a a s k i
מפיה	m a f j a
מקסיקנים	m a k s i k a n i m
מרדית	m a ʁ d i t
מרכיבה	m a ʁ k i v a
משגעים	m i ʃ ɡ a i m
משמחים	m i ʃ m a χ i m
מתחזים	m i t χ a z i m
מתפנה	m i t p a n a
נחגוג	n a χ ɡ u ɡ
ניחוחות	n i χ u χ u t
נייס	n a j a s
נימול	n i m u l
ניראת	n i ʁ a t
נצחיים	n i t͡s χ a j i m
נתקף	n i t k e f
סגי	s a ɡ i
סטורי	s t u ʁ i
סטייקים	s t a j a k i m
סייגים	s a j a ɡ i m
סמו	s a m u
עגומה	a ɡ u m a
עלא	a l a
ענב	a n a v
ענייניו	a n j a n j u
עסיסית	a s i s i t
עקשנית	a k ʃ a n i t
ערלה	a ʁ l a
פוך	p o χ
פידבק	p i d b e k
פיזר	p i z e ʁ
פירסינג	p i ʁ s i ŋ ɡ
פרם	p a ʁ a m
צבאם	t͡s a v a m
קולטני	k o l t a n i
קונטיקט	k o n t i k t
קטוע	k a t u a
קידומת	k i d u m e t
קישואים	k i ʃ u i m
קרקוב	k a ʁ k o v
קשרה	k a ʃ a ʁ a
רוצי	ʁ o t͡s i
רחמנים	ʁ a χ m a n i m
שאישר	ʃ e i ʃ e ʁ
שאלתך	ʃ e e l t e χ
שגילם	ʃ ɡ i l e m
שדחה	ʃ a d χ a
שהוריהם	ʃ e h o ʁ j a m
שהותקנו	ʃ e h o t k a n u
שורשיה	ʃ o ʁ ʃ i j a
שינים	ʃ i n i m
שלוח	ʃ a l u a χ
שמאיים	ʃ a m a j i m
שמרנים	ʃ i m ʁ a n i m
שנופל	ʃ n o f e l
שקו	ʃ a k o
שקלי	ʃ a k l i
שרותים	ʃ a ʁ u t i m
ששילמה	ʃ ʃ i l m a
תבליט	t a v l i t
תוססת	t o s e s e t
תמוהה	t a m u h a
land	l a n d
said	s a i d
ta	t a
van	v a n
wi	w i
אא	a
אביהן	a v j a n
אגר	a ɡ a ʁ
אגרסיביות	a ɡ ʁ a s i v j u t
אהבתנו	a h a v t a n u
אופוריה	o f o ʁ j a
אחח	a χ a χ
איגודי	i ɡ u d i
איילים	a j a l i m
אליזה	a l i z a
אמנותיות	a m n u t j u t
אנריקה	a n ʁ i k a
אספיק	a s p i k
ארחיב	a ʁ χ i v
אשחק	a ʃ χ a k
בארבי	b e a ʁ b i
בבוליביה	b e v u l i v j a
בורגר	b o ʁ ɡ e ʁ
בחבורת	b a χ b u ʁ e t
בחד	b a χ a d
בחירתה	b e χ i ʁ t a
בידידות	b i d i d u t
ביליארד	b i l i a ʁ d
בפיך	b e f i χ
בריטיש	b ʁ i t i ʃ
גומה	ɡ o m a
גידים	ɡ i d i m
גריל	ɡ ʁ i l
דיווה	d i v a
דילוג	d i l u ɡ
דליפה	d l i f a
דרישותיו	d ʁ i ʃ u t j u
האמוניה	h e e m o n j a
האפוד	h e e f u d
הבבלים	h i v b e l i m
הבדוי	h i v d u j
הבעירה	h i v i ʁ a
הגדות	h i ɡ d u t
הדקים	h i d k i m
ההתמדה	h e h i t m e d a
הובהר	h o v a ʁ
הוס	h o s
הוקרן	h o k ʁ a n
הורדות	h o ʁ d u t
הזעירים	h i z i ʁ i m
הזרקה	h i z ʁ a k a
הידור	h i d u ʁ
הינן	h i n e n
היצירתית	h i t͡s i ʁ t i t
הכינויים	h i χ i n u j i m
הכנסתם	h i χ n e s t e m
הכנענים	h i χ n a a n i m
הלמן	h i l m e n
הלעג	h i l a ɡ
המאחד	h i m a χ e d
המגיש	h i m ɡ i ʃ
המרובה	h i m ʁ u v a
המתנקשים	h i m t a n k e ʃ i m
המתפלל	h i m t a p l e l
הנחמה	h i n χ a m a
הנייה	h i n j a
הספורטיבית	h i s p o ʁ t i v i t
העתידה	e e t i d a
הפיזיות	h i f i z j u t
הפלשתינאי	h i f l e ʃ t i n a j
הצפרדעים	h i t͡s p a ʁ d a i m
הקרי	h i k ʁ i
הקרס	h i k ʁ e s
הרגיע	h i ʁ ɡ i a
השאריות	h i ʃ a ʁ j u t
השוויצרי	h i ʃ v i t͡s a ʁ i
השמימה	h i ʃ m i m a
השקע	h i ʃ k a
השתחררה	h i ʃ t a χ ʁ a ʁ a
התאווה	h i t a v a
התאמן	h i t a m e n
התברואה	h i t b a ʁ u a
ואכזרי	v e a χ z a ʁ i
ובידו	v e v i d u
וההצלה	v e h a t͡s e l a
וויילס	v a j l a s
וזיהוי	v i z j a h u j
וחסידות	v a χ s i d u t
ויעלו	v i a l u
וישלם	v i ʃ l e m
ולוחות	v a l u χ u t
ומפעל	v i m p a a l
ומשני	v i m ʃ a n i
וקלי	v a k l i
זיגלר	z i ɡ l a ʁ
זייף	z a j a f
זימה	z i m a
חבה	χ a v a
חובט	χ o v e t
חזנים	χ a z a n i m
חיליק	χ i l i k
חליפי	χ a l i f i
חרמש	χ a ʁ m a ʃ
חרשים	χ a ʁ ʃ i m
טיראן	t i ʁ a n
ידיעתם	j a d i a t e m
יוטל	j o t e l
יחפה	j a χ a f a
ילידים	j a l i d i m
ימח	j a m a χ
ימכר	j i m k e ʁ
ימנו	j a m a n u
יעריך	j a a ʁ i χ
יראי	j a ʁ a j
יתמלא	j i t m a l a
יתערב	j i t a ʁ e v
כמקצוע	k a m a k t͡s u a
כפו	k a f u
לדרכם	l i d ʁ a χ e m
לזנק	l i z n e k
לחלשים	l a χ l a ʃ i m
לייצוב	l a j t͡s o v
לכיבוי	l e χ i b u j
לכרסם	l i χ ʁ a s e m
ללוד	l a l u d
לעצירה	l e a t͡s i ʁ a
לצליל	l i t͡s l i l
לצרכיהם	l i t͡s ʁ a χ j a m
לקרנות	l i k ʁ a n u t
לשבי	l i ʃ b i
לתארים	l i t a ʁ i m
מאמני	m e a m a n i
מגדוד	m a ɡ d u d
מהקצה	m e a k t͡s a
מולן	m o l a n
מזעזעים	m i z a z a i m
מחטא	m a χ t a
מחליקים	m a χ l i k i m
מטפטף	m i t p a t e f
מיגרנה	m i ɡ ʁ a n a
מיצה	m i t͡s a
מיקרוסקופ	m i k ʁ o s k o f
מיש	m i ʃ
מיתת	m i t e t
מלבוא	m a l b u
ממפעל	m i m p a a l
ממקרה	m a m k a ʁ a
ממקרי	m a m k a ʁ i
מנתקת	m i n t e k e t
מפצה	m a f t͡s a
מקדימות	m a k d i m u t
מקפיץ	m a k p i t͡s
מרדוק	m a ʁ d u k
מתחמי	m i t χ a m i
נבלים	n i v l i m
נגנז	n i ɡ n e z
נגררים	n i ɡ ʁ a ʁ i m
נובו	n o v o
נכרי	n i χ ʁ i
נצרות	n i t͡s ʁ u t
נשבעים	n i ʃ b a i m
נתקעו	n i t k a u
סארי	s e a ʁ i
סדריק	s a d ʁ i k
סופני	s o f a n i
סוק	s o k
סטר	s a t a ʁ
סמליות	s a m a l j u t
סתימות	s t i m u t
עלאא	a l a
עפיפונים	a f i p o n i m
עצבית	a t͡s b i t
פדיה	p a d j a
פורעים	p o ʁ a i m
פרדסים	p a ʁ d e s i m
פרייה	p ʁ i j a
פשיסטית	p ʃ i s t i t
קאס	k a a s
קוליים	k o l a j i m
קוסט	k o s t
קמיר	k a m i ʁ
קמץ	k a m a t͡s
קפצת	k a f a t͡s a t
קצבי	k a t͡s a v i
קרנף	k a ʁ n e f
קשי	k a ʃ i
רדומים	ʁ a d u m i m
רווה	ʁ a v a
רונאל	ʁ o n a e l
רכסים	ʁ a χ s i m
רמזורים	ʁ a m z u ʁ i m
שבעקבותיה	ʃ a v a k v u t j a
שברוסיה	ʃ a v ʁ o s j a
שגה	ʃ a ɡ a
שמרנו	ʃ i m ʁ a n u
שמתואר	ʃ i m t u a ʁ
שמתרחשת	ʃ i m t a ʁ χ e ʃ e t
שנגעו	ʃ i n ɡ a u
שניכנס	ʃ n i χ n e s
שנסגר	ʃ i n s e ɡ e ʁ
שנפסק	ʃ i n p a s e k
שנשרף	ʃ i n ʃ a ʁ e f
שריקי	ʃ ʁ i k i
שרע	ʃ a ʁ a
תאימות	t e i m u t
תגי	t a ɡ i
תזהה	t i z h a
תלושי	t a l u ʃ i
תלמודו	t a l m u d u
תמציתי	t a m t͡s i t i
seven	s e v e n
son	s o n
ya	j a
אבידר	a v i d e ʁ
אדיבות	a d i v u t
אדידס	a d i d e s
איראניות	i ʁ a n j u t
אלקיך	a l k i χ
אמתין	a m t i n
אנגלס	a ŋ ɡ l a s
אנדראה	a n d a ʁ a
אנלוגיה	a n l u ɡ j a
אפגש	a f ɡ e ʃ
אפלו	a f l u
אקדמאי	a k d a m a j
אקזוטי	a k z u t i
ארביב	a ʁ b i v
ארורה	a ʁ u ʁ a
ארקין	a ʁ k i n
באיפון	b e e f o n
בדירקטוריון	b e d i ʁ k t o ʁ j o n
בהונות	b e h o n u t
בהצהרת	b e h i t͡s h a ʁ e t
בחללית	b a χ l a l i t
בימיה	b i m j a
ביפנית	b i p a n i t
ביציבות	b i t͡s i v u t
בירידות	b i ʁ i d u t
בלול	b a l u l
בסירת	b e s i ʁ e t
בקרי	b a k a ʁ i
ברגישות	b a ʁ ɡ i ʃ u t
ברדוגו	b a ʁ d u ɡ o
ברוחניות	b ʁ o χ a n j u t
ברירות	b ʁ i ʁ u t
ברכס	b a ʁ k a s
בשידורי	b e ʃ i d u ʁ i
גחלים	ɡ a χ l i m
גיהינום	ɡ i h i n u m
גרייסון	ɡ ʁ a j s o n
דדו	d a d u
דיאטות	d i a t u t
האוול	h e e v e l
האורגניזם	h e o ʁ ɡ a n i z e m
האורגנית	h e o ʁ ɡ a n i t
האמי	h e e m i
האפייה	h e e f i j a
הבמאים	h i v m a i m
ההורדה	h e h o ʁ d a
הוידוי	h o j d u j
הוכנסה	h o χ n a s a
הוצבה	h o t͡s a v a
הוקלט	h o k l a t
הורחבה	h o ʁ χ a v a
הושיט	h o ʃ i t
הזפת	h i z p e t
הזקוק	h i z k o k
הטירונות	h i t i ʁ o n u t
היגינס	h i ɡ i n e s
הידידה	h i d i d a
המדריכה	h i m d ʁ i χ a
המזכה	h i m z a χ a
המחמירים	h i m χ a m i ʁ i m
המלגה	h i m l e ɡ a
המסית	h i m s i t
המעניש	h i m a n i ʃ
המציינים	h i m t͡s a j a n i m
המקיפות	h i m k i f u t
הנבטים	h i n b a t i m
הנזקקים	h i n z a k i m
הנחוצה	h i n χ u t͡s a
הנשיאותי	h i n ʃ i u t i
הסטטיסטי	h i s t a t i s t i
הסימפוניה	h i s i m p o n j a
הסצנות	h i s t͡s a n u t
הסתירות	h i s t i ʁ u t
העגילים	e e ɡ i l i m
העימותים	h e i m u t i m
הפיהרר	h i f j a ʁ e ʁ
הפנדל	h i f n a d e l
הצמיג	h i t͡s m i ɡ
הקאמבק	h i k a m b e k
הקדשת	h i k d e ʃ e t
הקלון	h i k l o n
הקשישה	h i k ʃ i ʃ a
הרבדים	h i ʁ b e d i m
הרובד	h a ʁ u v a d
הרון	h a ʁ o n
הרש	h a ʁ a ʃ
השקרן	h i ʃ k a ʁ a n
התדירות	h i t d i ʁ u t
התוואי	h i t v a j
התועבה	h i t u a v a
התחרה	h i t χ a ʁ a
התמצית	h i t m a t͡s i t
התסמונת	h i t s a m o n e t
ודר	v a d a ʁ
וחסרונות	v a χ s a ʁ o n u t
ויני	v i n i
ויתרנו	v i t ʁ a n u
ומעוררת	v i m o ʁ e ʁ e t
ועליתי	v e a l i t i
ותאכל	v i t a χ e l
ותגלה	v i t ɡ a l a
ותעשייה	v i t a ʃ i j a
ותפסו	v i t p a s u
זעמם	z a a m a m
חדי	χ a d i
חולקה	χ o l a k a
חשיפות	χ a ʃ i f u t
טלבוט	t a l b u t
טפסי	t a f s i
ידחה	j a d χ a
יוליד	j o l i d
יומת	j o m e t
יחשוף	j a χ ʃ u f
ייעשו	j i a ʃ u
ילחם	j a l χ a m
יצרניות	j a t͡s ʁ a n j u t
ירצח	j a ʁ t͡s a χ
כורדיסטן	k o ʁ d i s t a n
כחוט	k a χ u t
כיפוף	k i p u f
ככולו	k a χ u l u
כלשהיא	k a l ʃ a h i
כמצב	k a m t͡s a v
כמקרה	k a m a k a ʁ a
כריכת	k ʁ i χ e t
כשגיליתי	k a ʃ ɡ i l i t i
כשישה	k ʃ i ʃ a
לדואר	l a d u a ʁ
לדיוק	l a d j u k
לדלתות	l i d l a t u t
להתחזות	l e h i t χ a z u t
לוהים	l o h i m
לזקנה	l i z k a n a
ליידיש	l a j d i ʃ
ללוש	l a l u ʃ
לנוס	l a n u s
לסם	l a s a m
לעלי	l a a l i
לרחף	l a ʁ χ a f
לרציף	l a ʁ t͡s i f
לשלילת	l i ʃ l i l e t
לתמותה	l i t m u t a
לתתא	l i t t a
מאח	m a a χ
מאיו	m a a j u
מאיחוד	m e i χ u d
מגונן	m a ɡ o n a n
מגפי	m a ɡ f i
מדבריות	m a d b a ʁ j u t
מדינתי	m a d i n t i
מווילנה	m a v i l a n a
מולא	m o l a
מוריניו	m o ʁ i n j u
מחפיר	m a χ p i ʁ
מיטבי	m i t a v i
מירית	m i ʁ i t
מיתות	m i t u t
ממבנה	m a m b a n a
ממשרדי	m i m ʃ a ʁ d i
מנח	m a n a χ
מנתחת	m i n t a χ e t
מקראיים	m a k ʁ a j i m
מרקים	m a ʁ k i m
משמות	m i ʃ m u t
מתלהבת	m i t l a h a v e t
מתמנה	m i t m a n a
מתנתק	m i t n a t e k
נבחנה	n i v χ a n a
נגזרים	n i ɡ z a ʁ i m
נוסה	n o s a
נחלי	n a χ l i
ניצבות	n i t͡s a v u t
נקלטים	n i k l a t i m
נשמתך	n i ʃ m a t e χ
סברא	s a v ʁ a
סוזנה	s u z a n a
סורוס	s o ʁ o s
סלסה	s a l a s a
ספרת	s a f a ʁ a t
סקינר	s k i n e ʁ
סרבן	s a ʁ b a n
עיטורי	i t u ʁ i
ענינו	a n i n u
עצמינו	a t͡s m i n u
עתודה	a t u d a
עתידנו	a t i d a n u
פוטרה	p o t a ʁ a
פונקציונלי	p o n k a t͡s j o n l i
פילדס	p i l d e s
פקודי	p a k u d i
פתי	p a t i
צנחו	t͡s a n a χ u
קובל	k o v e l
קוס	k o s
קוראה	k o ʁ a
קטני	k a t a n i
קיראו	k i ʁ a u
קלישאות	k l i ʃ a u t
קמעה	k a m a
קסלר	k a s l a ʁ
קרבר	k a ʁ b a ʁ
קרעי	k a ʁ a j
רבם	ʁ a v a m
ריכוזים	ʁ i χ u z i m
רינו	ʁ i n u
רירית	ʁ i ʁ i t
רתיעה	ʁ a t i a
שאילתא	ʃ e i l t a
שארגיש	ʃ e a ʁ ɡ i ʃ
שבשני	ʃ a v ʃ a n i
שהזכרנו	ʃ a h i z k a ʁ a n u
שהחקירה	ʃ e a χ k i ʁ a
שיהי	ʃ i h i
שיוך	ʃ i j u χ
שיכנס	ʃ i χ n e s
שילון	ʃ i l o n
שימושו	ʃ i m u ʃ u
שינית	ʃ i n i t
שמסמל	ʃ i m s e m e l
שמעליו	ʃ i m a l j u
שמצפים	ʃ i m t͡s a f i m
שנרצחה	ʃ i n ʁ a t͡s a χ a
שנשארים	ʃ i n ʃ a ʁ i m
שפ	ʃ a f
שרוך	ʃ a ʁ u χ
שתפעל	ʃ i t p a a l
תגעו	t a ɡ a u
תדון	t a d o n
תחיו	t a χ j u
תיגש	t i ɡ e ʃ
תיעלם	t i a l e m
תכסיס	t a χ s i s
תלמידיה	t a l m i d j a
תמותת	t a m u t e t
תנהג	t a n h a ɡ
תקדימים	t a k d i m i m
תשישות	t ʃ i ʃ u t
תתרגש	t i t ʁ e ɡ e ʃ
capital	k a p i t a l
estate	e s t a t e
ex	e k s
haim	h a i m
item	i t e m
te	t e
these	t e s e
would	w u l d
אברדין	a v ʁ a d i n
אוגדת	o ɡ e d e t
אוד	o d
אויה	o j a
אוניה	o n j a
אוריינות	o ʁ j a n u t
אורקל	o ʁ k e l
אילין	i l i n
אינטנסיביים	i n t a n s i v a j i m
אליטה	a l i t a
אמאי	a m a j
אמלא	a m l a
אנגליים	a ŋ ɡ l a j i m
אסלות	a s l u t
אסרף	a s ʁ e f
אפחד	a f χ a d
אקווריום	a k v a ʁ j u m
ארכו	a ʁ χ u
ארע	a ʁ a
באיזון	b e i z o n
בגירושין	b e ɡ i ʁ u ʃ i n
בהפיכת	b e h e f i χ e t
בואן	b o a n
במיטות	b e m i t u t
בנתיבי	b e n t i v i
בתחלה	b i t χ a l a
בתיקונים	b e t i k o n i m
גדיא	ɡ a d i
גרבוז	ɡ a ʁ b u z
גתה	ɡ a t a
דול	d o l
דורכים	d o ʁ χ i m
דורן	d o ʁ a n
דיברתם	d i b ʁ a t e m
דירתה	d i ʁ t a
דרוכים	d ʁ u χ i m
האינסולין	h e i n s u l i n
האיץ	h e i t͡s
האסימון	h e e s i m o n
הבדווים	h i v d a v i m
הבליטה	h i v l i t a
הבנקאית	h i b n e k a i t
הגנאי	h i ɡ n a i
הדחיפה	h i d χ i f a
הדחפים	h i d χ a f i m
הדיל	h i d i l
הדפוסים	h i d p o s i m
הוברט	h o v a ʁ a t
הודיתי	h o d i t i
הורגש	h o ʁ ɡ e ʃ
הורגשה	h o ʁ ɡ e ʃ a
הורע	h o ʁ a
הזעירה	h i z i ʁ a
הכפוף	h i χ p u f
המברק	h i m b ʁ e k
המהותית	h i m h u t i t
המחליפה	h i m χ a l i f a
המחליפים	h i m χ a l i f i m
המקלע	h i m k l a
המרידה	h i m ʁ i d a
המשוכלל	h i m ʃ u χ l e l
המשכה	h i m ʃ a χ a
הנגועים	h i n ɡ u i m
הנחיל	h i n χ i l
הצבאים	h i t͡s b a i m
הצמדת	h i t͡s m e d e t
הקלידים	h i k l i d i m
הקליניקה	h i k l i n i k a
הרסניות	h i ʁ s a n j u t
השחלות	h i ʃ χ a l u t
השלישייה	h i ʃ l i ʃ i j a
השמימי	h i ʃ m i m i
השמרנות	h i ʃ m a ʁ n u t
הששי	h i ʃ ʃ i
התקיפו	h i t k i f u
ואיל	v e i l
ודע	v a d a
וואלאס	w a l a s
וחלש	v a χ l a ʃ
ויערות	v i a ʁ u t
ויצירות	v i t͡s i ʁ u t
וכולכם	v e χ o l χ e m
ומתוכם	v i m t u χ e m
ונע	v a n a
וסך	v a s a χ
וצל	v a t͡s a l
וקובי	v a k o v i
וקונה	v a k o n a
ותחנות	v i t χ a n u t
זיל	z i l
זינה	z i n a
זנזיבר	z i n z i b e ʁ
חאקי	χ a a k i
חבויה	χ a v u j a
חברם	χ a v ʁ a m
חדאד	χ a d a d
חובבנים	χ o v b a n i m
חויבו	χ a v i v u
חיטין	χ i t i n
חילו	χ i l u
חמותו	χ a m u t u
חצוצרה	χ a t͡s u t͡s a ʁ a
חשבונך	χ a ʃ b o n a χ
חשוון	χ a ʃ v a n
יובן	j o v e n
יזום	j a z u m
יחלפו	j a χ l a f u
ימיך	j a m i χ
ינוע	j a n u a
ירקוני	j a ʁ k o n i
כורה	k o ʁ a
כינויי	k i n u j
כמים	k a m i m
לדי	l a d i
להיעצר	l e h i a t͡s e ʁ
להמנון	l a h a m n o n
לורנץ	l o ʁ n e t͡s
לזקנים	l i z k a n i m
לטבעת	l i t b a a t
ליושנה	l i j u ʃ a n a
לישועה	l i ʃ u a
לכעס	l i χ a s
לל	l a l
ללאה	l a l a
ללי	l a l i
למלאך	l i m l a χ
לנעמי	l i n a m i
לנשנש	l i n ʃ a n e ʃ
לעני	l a a n i
לפיצול	l e f i t͡s u l
לצדיקים	l i t͡s d i k i m
לצוואר	l i t͡s v a ʁ
מדיח	m a d i a χ
מהורהר	m e h o ʁ a ʁ
מהיכולת	m e h i χ u l e t
מוותיקי	m a v t i k i
מוניטור	m o n i t u ʁ
מחשיפה	m a χ ʃ i f a
מילין	m i l i n
מעימות	m e i m u t
מפ	m a f
מקדוניה	m a k d o n j a
מקוונות	m a k v a n u t
מקלחות	m a k l a χ u t
מרגיעים	m a ʁ ɡ i i m
משלמות	m i ʃ l a m u t
משמחה	m i ʃ m a χ a
משמן	m i ʃ m a n
משפילה	m i ʃ p i l a
משתולל	m i ʃ t u l e l
מתמזגים	m i t m a z a ɡ i m
נאט	n a t
נוראות	n o ʁ a u t
נזהרים	n i z h a ʁ i m
נזרקו	n i z ʁ a k o
נטילה	n i t i l a
נכבדי	n i χ v a d i
נמלטת	n i m l a t e t
נמסה	n i m s a
נמתחה	n i m t a χ a
נקברה	n i k b a ʁ a
נקה	n a k a
נרצחים	n i ʁ t͡s a χ i m
נשחרר	n i ʃ χ a ʁ a ʁ
נשיונל	n i ʃ j o n e l
נשכחות	n i ʃ k a χ u t
נשלחתי	n i ʃ l a χ t i
סוון	s a v a n
סוחב	s o χ a v
סילוני	s i l o n i
סימבה	s i m b a
סרג	s a ʁ a ɡ
עבריינות	a v ʁ a j a n u t
ענד	a n a d
עצמיות	a t͡s m i j u t
ערבייה	a ʁ b i j a
פארגו	p e a ʁ ɡ o
פגועים	p a ɡ u i m
פינסק	p i n s e k
פסיכית	p s i χ i t
פראן	p a ʁ a n
פרידן	p ʁ i d e n
קוטבית	k o t a v i t
קעידה	k a i d a
קרועים	k ʁ u i m
קרטונים	k a ʁ t o n i m
קרלסן	k a ʁ l a s a n
קרמל	k a ʁ m a l
רומזים	ʁ o m z i m
רומל	ʁ o m e l
רועדות	ʁ o a d u t
רעננות	ʁ a a n a n u t
רקד	ʁ a k a d
שגדול	ʃ a ɡ d u l
שהגן	ʃ a h a ɡ a n
שז	ʃ a z
שחסרה	ʃ a χ s a ʁ a
שיחול	ʃ i χ u l
שיפרו	ʃ i p ʁ u
שכירת	ʃ χ i ʁ e t
שלוו	ʃ a l a v
שמבקר	ʃ i m b e k e ʁ
שמכילה	ʃ i m k i l a
שמכרה	ʃ i m k a ʁ a
שמלווים	ʃ i m l a v i m
שמתקבל	ʃ i m t a k b e l
שנגיד	ʃ i n ɡ i d
שנפצעו	ʃ i n p a t͡s a u
שסיפרה	ʃ a s i p a ʁ a
שתוכננו	ʃ a t u χ n a n u
שתורם	ʃ a t u ʁ a m
תחולת	t a χ u l a t
תילו	t i l u
תינוקה	t i n u k a
תיתפס	t i t p e s
תלחם	t a l χ a m
תצורה	t a t͡s u ʁ a
תקל	t a k a l
תרדו	t a ʁ d u
level	l e v e l
אחליף	a χ l i f
אינסופיות	i n s o f j u t
אירחה	i ʁ χ a
אללי	a l a l i
אמארה	a m a ʁ a
אניסטון	a n i s t o n
אסלאמית	a s l a m i t
אסעד	a s a d
אספנות	a s p a n u t
אסתמה	a s t a m a
אצבעו	a t͡s b a u
אקים	a k i m
ארצך	a ʁ t͡s a χ
אתנן	a t n a n
בביצועים	b e v i t͡s u i m
בבס	b a v a s
בגר	b a ɡ a ʁ
בהתבוננות	b e h i t b o n a n u t
בהתהוות	b e h i t h a v e t
בורגנית	b o ʁ ɡ a n i t
בזל	b a z a l
בחמצן	b a χ m a t͡s a n
בחנתי	b a χ n a t i
ביליון	b i l j o n
ברביעית	b a ʁ b i i t
בשבעת	b i ʃ b a a t
בשתיהן	b i ʃ t j a n
גורד	ɡ o ʁ e d
גחמה	ɡ a χ m a
גיליתם	ɡ i l i t e m
דחיסה	d χ i s a
דיס	d i s
האינסטינקט	h e i n s t i n k t
האמריקניות	h e e m ʁ i k a n j u t
האנכי	h e e n χ i
הגושים	h i ɡ u ʃ i m
הגיהינום	h i ɡ i h i n u m
הדרי	h i d ʁ i
ההוריקן	h e h o ʁ i k a n
הולנדר	h o l a n d e ʁ
הופרד	h o f ʁ e d
החדיש	h e χ d i ʃ
הטיפשים	h i t i p ʃ i m
הטרופית	h i t ʁ o f i t
הכיפות	h i χ i f u t
המזוהם	h i m z u a m
המחילה	h i m χ i l a
המסיתים	h i m s i t i m
המפורטת	h i m p o ʁ t e t
הנלמדים	h i n l a m a d i m
הנסיונות	h i n s j o n u t
הנפילים	h i n p i l i m
הסוערת	h i s u a ʁ e t
הסניגור	h i s n i ɡ o ʁ
הסתובבנו	h i s t o v b a n u
הציפה	h i t͡s i f a
הצלמת	h i t͡s l e m e t
הצריח	h i t͡s ʁ i a χ
הקומי	h i k u m i
הקינה	h i k i n a
הקצף	h i k t͡s e f
הרדינג	h i ʁ d i ŋ ɡ
הרפס	h i ʁ p e s
הרציפות	h i ʁ t͡s i f u t
השיטור	h i ʃ i t u ʁ
השנואה	h i ʃ n u a
התאמנתי	h i t a m e n t i
התגמולים	h i t ɡ a m u l i m
התייצבות	h i t j a t͡s e v u t
התכשיט	h i t k a ʃ i t
התרחיש	h i t ʁ a χ i ʃ
התשואה	h i t ʃ u a
והחוקים	v e h o k i m
והענין	v e e n i n
והצגת	v e h i t͡s e ɡ e t
וחמה	v a χ m a
וחמלה	v a χ m a l a
ויזות	v i z u t
ויעילות	v i i l u t
ולאנשי	v a l a n ʃ i
ומכות	v i m χ u t
ומעורבות	v i m o ʁ b u t
ומשרדי	v i m ʃ a ʁ d i
ומשרדים	v i m ʃ a ʁ d i m
וסוגי	v a s u ɡ i
ועמידה	v e a m i d a
ורענן	v a ʁ a n a n
ורשתות	v a ʁ ʃ a t u t
ושימשה	v e ʃ i m ʃ a
זחאלקה	z a χ a l a k a
זידאן	z i d a n
זיהית	z i h i t
חודשה	χ o d e ʃ a
חזיות	χ a z j u t
חילופים	χ i l u f i m
חצרים	χ a t͡s a ʁ i m
חשון	χ a ʃ o n
ידנו	j a d a n u
יהנו	j a h a n u
יוזמי	j o z a m i
ייסודה	j i s u d a
ילדנו	j a l d a n u
ינצל	j a n t͡s a l
יספקו	j a s p a k o
ירמי	j a ʁ m i
ישתפר	j i ʃ t a p e ʁ
כלהו	k a l a h u
כניסיון	k n i s j o n
כענין	k a a n i n
כרמלית	k a ʁ m a l i t
לאידאולוגיה	l e i d o l o ɡ j a
לאכיפה	l e e χ i f a
להק	l a h a k
להתקנת	l e h i t k e n e t
לובה	l o v a
לחשים	l a χ ʃ i m
לכרית	l i χ ʁ i t
ללבנים	l i l b a n i m
לנבוח	l i n b u a χ
לעזרא	l a a z a ʁ a
לשלו	l i ʃ l u
מאפים	m e a f i m
מהתפריט	m e h i t p ʁ i t
מודרך	m o d a ʁ a χ
מונטריאול	m o n t a ʁ i u l
מותקנים	m o t k a n i m
מותקף	m o t k e f
מחנאות	m a χ n a u t
מחשוף	m a χ ʃ u f
מיהרתי	m i h a ʁ t i
מימיה	m i m j a
מלבנים	m a l b a n i m
מלר	m a l a ʁ
ממצוות	m a m t͡s a v a t
מסביבי	m a s b i v i
מצדך	m a t͡s d a χ
מרחיקים	m a ʁ χ i k i m
מרפאים	m a ʁ p a i m
מתגלות	m i t ɡ a l u t
נבגד	n i v ɡ e d
נדרס	n i d ʁ a s
נדרתי	n i d ʁ a t i
ניוד	n i j u d
ניחומים	n i χ u m i m
ניטרלי	n i t ʁ a l i
נלקחת	n i l k a χ a t
נמנות	n i m n u t
נסגרים	n i s ɡ a ʁ i m
נפקא	n i f k a
נקלעתי	n i k l a a t i
נקשרים	n i k ʃ a ʁ i m
נשענה	n i ʃ a n a
סובלני	s o v l a n i
סועד	s o a d
סופם	s o f e m
סופקו	s o f a k o
סינר	s i n e ʁ
סינתיה	s i n t j a
סירא	s i ʁ a
סנס	s a n a s
סקיני	s k i n i
סרדינים	s a ʁ d i n i m
עבודתן	a v u d t a n
עגינה	a ɡ i n a
עולמך	o l a m a χ
עמודה	a m u d a
עציץ	a t͡s i t͡s
עריצות	a ʁ i t͡s u t
פגוש	p a ɡ u ʃ
פוג	p o ɡ
פולטת	p o l t e t
פירי	p i ʁ i
פיתוחה	p i t u χ a
פסטו	p a s t o
פראיירים	p ʁ a j a ʁ i m
צילינדר	t͡s i l i n d e ʁ
צימרים	t͡s i m ʁ i m
צמרות	t͡s a m ʁ u t
צעידה	t͡s e i d a
צפור	t͡s a f u ʁ
קבצנים	k a v t͡s a n i m
קדמוני	k a d m o n i
קומונה	k o m o n a
רווחיות	ʁ a v a χ j u t
רוזנבאום	ʁ o z a n b a u m
רועדים	ʁ o a d i m
רזאל	ʁ a z a e l
ריתוך	ʁ i t u χ
רמבו	ʁ a m b u
שאלונים	ʃ e e l o n i m
שבוש	ʃ a v u ʃ
שגובה	ʃ ɡ u v a
שחד	ʃ a χ a d
שחולל	ʃ a χ u l a l
שחשבתם	ʃ a χ ʃ a v t e m
שינון	ʃ i n o n
שליחה	ʃ l i χ a
שלפניה	ʃ i l p a n j a
שלראשונה	ʃ a l ʁ a ʃ o n a
שמחירי	ʃ i m χ i ʁ i
ששיטת	ʃ ʃ i t e t
תגדיל	t a ɡ d i l
תגנוב	t a ɡ n u v
תדחה	t a d χ a
תדריך	t a d ʁ i χ
תיווצר	t i v t͡s e ʁ
תיכננו	t i χ n a n u
תשקר	t i ʃ k e ʁ
ass	a s
hey	h e j
late	l a t e
studios	s t u d i o s
אדווין	a d v i n
אהנה	a h a n a
אוואנס	a v a n a s
אופרות	o f ʁ u t
אורוות	o ʁ v e t
איחולי	i χ u l i
אייכלר	a j i χ l a ʁ
אלדן	a l d a n
אלחוט	a l χ u t
אלפר	a l p a ʁ
אמורי	a m u ʁ i
אמידה	a m i d a
אמפירי	a m p i ʁ i
אמק	a m a k
אסירת	a s i ʁ e t
אסלאם	a s l a m
ארב	a ʁ a v
ארנבות	a ʁ n a v u t
ארק	a ʁ a k
בבלוק	b a v l u k
בהורדת	b e h o ʁ e d e t
בוסתן	b o s t a n
בורלא	b o ʁ l a
בחתך	b a χ t e χ
ביטולה	b i t u l a
במילות	b e m i l u t
בניכם	b e n i χ e m
בפינלנד	b e f i n l a n d
ברוטוס	b ʁ o t o s
ברטי	b a ʁ a t i
ברנן	b a ʁ n a n
בשלמותם	b i ʃ l a m u t e m
בשלשה	b i ʃ l a ʃ a
בתהילים	b i t h i l i m
גא	ɡ a
גמלאי	ɡ a m l a j
גנובים	ɡ n u v i m
גרגרים	ɡ a ʁ ɡ a ʁ i m
דואק	d o a k
דיטריך	d i t ʁ i χ
דץ	d a t͡s
האמבט	h e e m b e t
האקולוגי	h e e k o l o ɡ i
הארובה	h e e ʁ u v a
האריכה	h e e ʁ i χ a
האשלג	h e e ʃ l e ɡ
הבו	h a v u
הגותי	h i ɡ u t i
הדיוט	h i d j u t
הותקנה	h o t k a n a
הזוטר	h i z u t e ʁ
הזולות	h i z u l u t
החזותית	h i χ z u t i t
הטמעת	h i t m a a t
הטרילוגיה	h i t ʁ i l u ɡ j a
היציע	h i t͡s i a
הכשרים	h i χ ʃ a ʁ i m
המעטות	h i m a t u t
המעניקים	h i m a n i k i m
המעשר	h i m a ʃ e ʁ
המשתנות	h i m ʃ t a n u t
המתודה	h i m t u d a
המתחדש	h i m t a χ d e ʃ
המתמקד	h i m t a m k e d
הנדרים	h i n d a ʁ i m
הנוסעת	h i n u s a a t
הנלחמים	h i n l a χ m i m
הנצורה	h i n t͡s u ʁ a
הנתיבים	h i n t i v i m
הסיסמאות	h i s i s m a u t
הסיע	h i s i a
העדינות	e e d i n u t
העיט	h e i t
הפסנתרן	h i f s a n t a ʁ a n
הצטיינה	h i t͡s t a j a n a
הצניחה	h i t͡s n i χ a
הקרש	h i k ʁ e ʃ
השבטית	h i ʃ b a t i t
השדרות	h i ʃ d a ʁ u t
השיוט	h i ʃ j u t
השלמנו	h i ʃ l a m a n u
השנוא	h i ʃ n u
השעווה	h i ʃ a v a
השריעה	h i ʃ ʁ i a
השתגעו	h i ʃ t a ɡ a u
התבקשה	h i t b a k e ʃ a
התוכנות	h i t u χ n u t
התלמודי	h i t l a m u d i
התלמידה	h i t l a m i d a
התשעה	h i t ʃ a a
ואיתה	v e i t a
וביולוגיה	v i v j o l o ɡ j a
ודק	v a d a k
והייצור	v e h a j t͡s o ʁ
והעלתה	v e e l t a
והרביעית	v e a ʁ b i i t
וזכרתי	v i z k a ʁ t i
וחמאה	v a χ m a
וחפצי	v a χ p a t͡s i
וחקירה	v a χ k i ʁ a
וידעת	v i d a a t
וימצא	v i m t͡s a
וכידוע	v e χ i d u a
ומעבירים	v i m a b i ʁ i m
ומרתקת	v i m ʁ a t e k e t
ורמי	v a ʁ m i
ושבט	v i ʃ b e t
ושתיה	v i ʃ t j a
ותהילה	v i t h i l a
ותפסיק	v i t p a s i k
זיאד	z i a d
חגיגיות	χ a ɡ i ɡ j u t
חים	χ a j i m
חמימה	χ a m i m a
חסרונו	χ a s ʁ o n u
חרמנית	χ a ʁ m a n i t
טפר	t a f a ʁ
טרגית	t a ʁ ɡ i t
יועילו	j o i l u
ייהנו	j i h a n u
ייעול	j i u l
יישור	j i ʃ u ʁ
ילוו	j a l a v
יצמח	j a t͡s m a χ
כבי	k a v i
כחברי	k a χ b a ʁ i
כחומה	k a χ u m a
כיסתה	k i s t a
כיפורים	k i p u ʁ i m
כצורת	k a t͡s u ʁ e t
כקורבן	k a k o ʁ b a n
כשבני	k a ʃ b a n i
לאחרון	l e a χ a ʁ o n
לברוך	l a v ʁ u χ
לדובב	l a d u v a v
להתאפר	l e h i t a p e ʁ
להתגנב	l e h i t ɡ a n e v
לחבריי	l a χ b a ʁ a j
לחלקי	l a χ l a k i
לחנינה	l a χ n i n a
לחשבונות	l a χ ʃ a v o n u t
לטעמם	l i t a m e m
לישות	l i ʃ u t
לכמת	l i χ m e t
ללוב	l a l u v
ללחצים	l i l χ a t͡s i m
לסמינר	l i s m i n e ʁ
לפיצה	l e f i t͡s a
לרכס	l a ʁ χ a s
לשחיטה	l i ʃ χ i t a
לשלילה	l i ʃ l i l a
לשתים	l i ʃ t i m
לתצפית	l i t t͡s a f i t
מאיכות	m e i χ u t
מאמצעי	m e a m t͡s a i
מאתים	m e a t i m
מדביקים	m a d b i k i m
מהדי	m a h a d i
מהיחס	m e h i χ e s
מהימנה	m e h i m a n a
מזיהום	m i z j a h u m
מחדשים	m a χ d e ʃ i m
מחלוצי	m a χ l u t͡s i
מחליקה	m a χ l i k a
מחסניות	m a χ s a n j u t
מיוצרת	m i j u t͡s a ʁ a t
מיושם	m i j u ʃ e m
מינהלית	m i n h a l i t
מלהגיע	m a l h a ɡ i a
מממנים	m a m m a n i m
מענדל	m a a n d e l
מצג	m a t͡s a ɡ
מרעיון	m a ʁ a j o n
מרצונה	m a ʁ t͡s o n a
משדות	m i ʃ d u t
נבטל	n i v t e l
נדבקה	n i d b a k a
נואר	n o a ʁ
נובי	n o v i
ניהלתי	n i h e l t i
נייח	n i j a χ
נכשלנו	n i χ ʃ a l a n u
נלהבות	n i l h a v u t
נני	n a n i
נסחר	n i s χ a ʁ
נסמן	n i s m a n
נעליו	n a a l j u
נצבע	n i t͡s b a
נשמט	n i ʃ m e t
סיביל	s i b i l
סינכרון	s i n k a ʁ o n
סיפוריהם	s i p u ʁ j a m
סלל	s a l a l
סמול	s a m u l
עבו	a v u
עונו	o n u
עזי	a z i
עסקנו	a s k a n u
עקיצה	a k i t͡s a
ערכאות	a ʁ k a u t
עשיה	a ʃ j a
פדידה	p a d i d a
פוף	p o f
פיחות	p i χ u t
פיטבול	p i t b u l
פיפל	p i p e l
פיקטיבי	p i k t i v i
פלינט	p l i n t
צללית	t͡s a l l i t
קבב	k a v a v
קולמוס	k o l m o s
קורלציה	k o ʁ l a t͡s j a
קירותיו	k i ʁ u t a v
רוטר	ʁ o t e ʁ
רטיבות	ʁ a t i v u t
ריחני	ʁ i χ a n i
רכסי	ʁ a χ s i
שבחי	ʃ a v χ i
שגרירת	ʃ a ɡ ʁ i ʁ e t
שחט	ʃ a χ a t
שחסרים	ʃ a χ s a ʁ i m
שיועד	ʃ i j u a d
שילמנו	ʃ i l m a n u
שלאחרונה	ʃ a l a χ ʁ o n a
שמחזיקה	ʃ i m χ a z i k a
שמלווה	ʃ i m l a v a
שמקנה	ʃ i m k a n a
שסבלה	ʃ a s b a l a
שצופה	ʃ a t͡s u f a
שציפו	ʃ a t͡s i f u
שריקות	ʃ ʁ i k u t
ששתיתי	ʃ i ʃ t i t i
תורשה	t o ʁ ʃ a
תיקנה	t i k a n a
תפול	t a f u l
תשיב	t ʃ i v
also	a l s o
ap	a p
bang	b a ŋ
birds	b i r d s
ka	k a
vol	v o l
אבבה	a v a
אהובות	a h u v u t
אובדניות	o v d a n j u t
אודל	o d e l
אוזון	o z o n
אוליב	o l i v
אינטראקטיבי	i n t ʁ a k t i v i
אלאדין	a l a d i n
אלבק	a l b a k
אלכסיס	a l a χ s i s
אמוראים	a m u ʁ a j i m
אנואר	a n u a ʁ
אנוכיות	a n u χ j u t
אספניול	a s p a n j u l
אשטון	a ʃ t o n
אשמתנו	a ʃ m a t a n u
באפילה	b e e f i l a
בהריגת	b e h a ʁ i ɡ e t
בהשלמת	b e h i ʃ l e m e t
בואנו	b o a n u
בודי	b o d i
בורגני	b o ʁ ɡ a n i
בחמין	b a χ m i n
ביעור	b i u ʁ
בלועזית	b l u a z i t
בעילה	b e i l a
בעקשנות	b a a k ʃ a n u t
בפודקאסט	b e f u d k a s t
בפיתוי	b e f i t u j
בקומדיה	b e k o m e d j a
ברבר	b a ʁ b a ʁ
ברצועות	b a ʁ t͡s u a u t
בשרה	b i ʃ ʁ a
בתצפית	b i t t͡s a f i t
גובהה	ɡ o v a
גיסתי	ɡ i s t i
גלולה	ɡ l u l a
גלילאו	ɡ l i l a u
גץ	ɡ a t͡s
דוהר	d o a ʁ
דריה	d a ʁ j a
דרשן	d a ʁ ʃ a n
האורתודוקסיה	h e o ʁ t o d o k s j a
האנלוגיה	h e e n l u ɡ j a
האפריקאי	h e e f ʁ i k a j
הגזמת	h i ɡ z e m e t
הגנטיקה	h i ɡ n a t i k a
ההאקרים	h e e k a ʁ i m
ההתרעה	h e h i t ʁ a a
הונהג	h o n a ɡ
הורינו	h o ʁ i n u
הזוחלים	h i z u χ l i m
החביות	h e χ a v j u t
החמודים	h e χ m u d i m
הטירונים	h i t i ʁ o n i m
הטקטי	h i t k a t i
היבשתי	h i b ʃ e t i
הינכם	h i n χ e m
הכשרונות	h i χ ʃ a ʁ o n u t
הלבנונים	h i l b a n o n i m
הלוט	h a l u t
המלתחה	h i m l a t a χ a
הממיר	h i m m i ʁ
המצרף	h i m t͡s ʁ e f
המשפיעה	h i m ʃ p i a
הנסתרים	h i n s t a ʁ i m
הנעימות	h i n i m u t
הסיבתי	h i s i v t i
הסתלקו	h i s t a l k o
העילוי	h e i l u j
העיצובים	h e i t͡s o v i m
העממיים	e e m e m a j i m
הפלגת	h i f l e ɡ e t
הפלשתיני	h i f l e ʃ t i n i
הפתיעו	h i f t i u
הצלף	h i t͡s l e f
הצרחות	h i t͡s ʁ a χ u t
הקולית	h i k u l i t
הקלט	h i k l e t
הרגתי	h i ʁ ɡ a t i
הרכז	h i ʁ k e z
השחתה	h i ʃ χ a t a
השקים	h i ʃ k i m
השתא	h i ʃ t a
התפרקו	h i t p a ʁ k o
התצהיר	h i t t͡s a h i ʁ
התקלקל	h i t k a l k e l
ובימוי	v i m u j
ודון	v a d o n
וההלכה	v e h a l χ a
והימים	v e h i m i m
וזקנים	v i z k a n i m
ויגש	v i ɡ e ʃ
ויוכלו	v i j u χ l u
ויצוא	v i t͡s u
ויצירתי	v i t͡s i ʁ t i
ולעקוב	v a l a k o v
ומחזירים	v i m χ a z i ʁ i m
ומחנה	v i m χ a n a
ומכין	v i m k i n
ומעצב	v i m a t͡s e v
ומפנה	v i m p a n a
ומתגלה	v i m t a ɡ l a
ונח	v a n a χ
ושרידי	v i ʃ ʁ i d i
ושתהיה	v i ʃ t a j a
זור	z o ʁ
חדור	χ a d u ʁ
חורבה	χ o ʁ b a
חיתול	χ i t u l
חלקך	χ a l a k a χ
חפיסת	χ a f i s e t
חפצו	χ a f a t͡s u
חרבי	χ a ʁ b i
יאי	j a i
ידן	j a d a n
יור	j o ʁ
ייזום	j i z u m
ייכשל	j i χ ʃ e l
יישן	j i ʃ e n
ילא	j a l a
ישודר	j e ʃ u d e ʁ
כוננה	k o n a n a
כורת	k o ʁ e t
כחשוד	k a χ ʃ u d
כימים	k i m i m
כלפון	k a l a f o n
כמענה	k a m a n a
כקו	k a k o
כריזה	k ʁ i z a
כשיצאתי	k ʃ i t͡s a t i
לדימום	l a d i m u m
לדפנה	l i d p a n a
להודיה	l e h u d j a
להושיע	l e h u ʃ i a
להשלכות	l e h i ʃ l a χ u t
להתחכם	l e h i t χ a χ e m
להתפתחויות	l e h i t p a t χ u j u t
לחפצים	l a χ p a t͡s i m
לידים	l i d i m
למזוג	l i m z u ɡ
לנדוי	l i n d u j
לרסס	l a ʁ s a s
לשלט	l i ʃ l e t
לשנאת	l i ʃ n a t
מגרמנית	m a ɡ ʁ a m a n i t
מגשימים	m a ɡ ʃ i m i m
מהיחידה	m e h i χ i d a
מהתנאים	m e h i t n a i m
מוזה	m u z a
מחליש	m a χ l i ʃ
מחציתם	m a χ t͡s i t e m
מטוב	m a t u v
מידן	m i d e n
מיוני	m i j o n i
מיחסים	m i χ s i m
מימדים	m i m d i m
מינאז	m i n a z
מלבנית	m a l b a n i t
מלפניך	m a l p a n i χ
ממריא	m a m ʁ i
מקדמות	m a k d a m u t
מקי	m a k i
מרכיביה	m a ʁ k i v j a
משווע	m i ʃ v a
משכיר	m i ʃ k i ʁ
משלטון	m i ʃ l a t o n
משערי	m i ʃ a ʁ i
משתיק	m i ʃ t i k
מתחמים	m i t χ a m i m
מתחנות	m i t χ a n u t
מתמלאים	m i t m a l a j i m
נאיבית	n e i v i t
נוגדן	n o ɡ d a n
נויה	n o j a
נטבע	n i t b a
ניהולו	n i h u l u
נסביר	n i s b i ʁ
נשבו	n i ʃ b u
סמנים	s a m a n i m
סמס	s a m a s
סמר	s a m a ʁ
ספיידר	s f a j d e ʁ
סרטה	s a ʁ t a
עגונות	a ɡ o n u t
עזוז	a z u z
עיגון	i ɡ o n
עיד	i d
עניבות	a n i v u t
עניינך	a n j a n a χ
פום	p o m
פטורות	p a t u ʁ u t
פיסיקה	p i s i k a
פיקדונות	p i k d o n u t
פלוג	p a l u ɡ
פסו	p a s u
פרדה	p a ʁ d a
פרע	p a ʁ a
צרת	t͡s a ʁ a t
קובני	k o v a n i
קודקוד	k o d k o d
קולעת	k o l a a t
קומפוזיציה	k o m p o z i t͡s j a
קורדובה	k o ʁ d u v a
קורעים	k o ʁ a i m
קינואה	k i n u a
קמט	k a m a t
קמי	k a m i
קריגר	k ʁ i ɡ e ʁ
קריקט	k ʁ i k t
קרלין	k a ʁ l i n
קשיא	k a ʃ i
רולינג	ʁ o l i ŋ ɡ
רמברנדט	ʁ a m b ʁ a n d e t
רפול	ʁ a f u l
רקובה	ʁ a k u v a
שאתר	ʃ e a t e ʁ
שבאנו	ʃ a v a n u
שגרירים	ʃ a ɡ ʁ i ʁ i m
שדד	ʃ a d a d
שובת	ʃ o v e t
שכולות	ʃ χ u l u t
שלוחי	ʃ a l u χ i
שמיה	ʃ a m j a
שמכה	ʃ i m χ a
שנדבק	ʃ i n d b e k
שנדחה	ʃ i n d a χ a
שנידון	ʃ n i d o n
שנק	ʃ a n a k
שסתומים	ʃ a s t u m i m
ששואל	ʃ a ʃ u e l
ששכחת	ʃ i ʃ k a χ a t
תלמידיהם	t a l m i d j a m
תנהל	t a n h a l
תעיף	t a i f
תצורות	t a t͡s u ʁ u t
תקליטור	t a k l i t u ʁ
תשומות	t ʃ u m u t
attack	a t a k
download	d a w n l o a d
grande	ɡ r a n d e
graphics	ɡ r a f i k s
אגי	a ɡ i
אגרופים	a ɡ ʁ o f i m
אדוה	a d u a
אהרנסון	a h a ʁ n a s o n
אורסון	o ʁ s o n
אורתודוקסי	o ʁ t o d o k s i
אחיכם	a χ i χ e m
אחריותה	a χ ʁ i j u t a
אידוי	i d u j
אייד	a j a d
אילצה	i l t͡s a
אלישה	a l i ʃ a
אנצח	a n t͡s a χ
אסטוניה	a s t o n j a
אסיאתי	a s i a t i
אספנים	a s p a n i m
אפוף	a f u f
אציע	a t͡s i a
אריסון	a ʁ i s o n
בהגדלת	b e h i ɡ d e l e t
בהריגה	b e a ʁ i ɡ a
בווילה	b a v i l a
בורשה	b o ʁ ʃ a
בחוד	b a χ u d
בחטיבות	b a χ t i v u t
בחליל	b a χ l i l
ביוסטון	b i j o s t o n
ביציות	b i t͡s j u t
בלאן	b a l a n
במוניטין	b e m u n i t i n
במועדוני	b e m u a d o n i
בעיטור	b e i t u ʁ
בעתו	b a a t u
בקה	b a k a
ברמודה	b a ʁ m u d a
גנו	ɡ a n u
גריפית	ɡ ʁ i f i t
גרמא	ɡ a ʁ m a
דיווחתי	d i v a χ t i
דילון	d i l o n
האפילה	h e e f i l a
האפיק	h e e f i k
הבלגן	h i v l e ɡ e n
הברים	h i v ʁ i m
הגדת	h i ɡ d e t
הדגנים	h i d ɡ a n i m
הדליף	h i d l i f
ההופכים	h e h o f χ i m
ההמוניות	h e h m o n j u t
ההעלאה	h e e l a
הומצאו	h o m t͡s a u
הטלאי	h i t l a j
הטמונים	h i t m o n i m
היהירות	h i h i ʁ u t
היניקה	h i n i k a
היעל	h i a l
היציבה	h i t͡s i v a
היצרנית	h i t͡s ʁ a n i t
המגדירים	h i m ɡ d i ʁ i m
המדות	h i m d u t
המסיים	h i m s a j i m
המעין	h i m i n
המשיחית	h i m ʃ i χ i t
המשרתות	h i m ʃ a ʁ t u t
המתות	h i m t u t
הנעשות	h i n a ʃ u t
הסביבתיים	h i s b i v t a j i m
הסוכנת	h i s u χ e n e t
הסיומת	h i s j u m e t
הסיירים	h i s j a ʁ i m
הספיגה	h i s p i ɡ a
הסקסית	h i s k a s i t
הפגרה	h i f ɡ a ʁ a
הפקד	h i f k e d
הצביון	h i t͡s b i j o n
הצמא	h i t͡s m a
הקישון	h i k i ʃ o n
הקריקטורה	h i k ʁ i k t u ʁ a
הרדאר	h i ʁ d a ʁ
הרשמת	h i ʁ ʃ e m e t
השבתי	h i ʃ b a t i
השוודית	h i ʃ v a d i t
השטוח	h i ʃ t u a χ
התנסה	h i t n a s a
התקשרת	h i t k a ʃ e ʁ e t
והחוקרים	v e h o k a ʁ i m
והצעירים	v e h i t͡s i ʁ i m
והצעת	v e h i t͡s a a t
ווהו	w a h u
וחבריך	v a χ b a ʁ i χ
וידה	v i d a
ויליס	v i l i s
ויסקונסין	v i s k o n s i n
וירטואליים	v i ʁ t u a l a j i m
ומחנות	v i m χ a n u t
ומכשיר	v i m k ʃ i ʁ
ומצבים	v i m t͡s e v i m
ומקים	v i m k i m
ומראות	v i m ʁ a u t
ופוסק	v e f o s e k
ורצועת	v a ʁ t͡s u a t
ושותים	v e ʃ u t i m
ושימשו	v e ʃ i m ʃ u
ושישי	v e ʃ i ʃ i
ושתה	v i ʃ t a
זונת	z o n e t
חובק	χ o v e k
חזני	χ a z a n i
חייבין	χ a j a v i n
חיקויים	χ i k u j i m
חנם	χ a n a m
חפרתי	χ a f ʁ a t i
חשדן	χ a ʃ d a n
טבל	t a v a l
טווה	t a v a
טיגריס	t i ɡ ʁ i s
טיפח	t i p e a χ
יאנה	j a a n a
יוגדר	j o ɡ d e ʁ
ירחיק	j a ʁ χ i k
יתגבר	j i t ɡ a v e ʁ
יתפרסם	j i t p a ʁ s e m
כהני	k a h a n i
כותל	k o t e l
כיהנו	k i h a n u
כיצירה	k i t͡s i ʁ a
כציר	k a t͡s i ʁ
כרי	k a ʁ i
כשסיים	k a ʃ s a j i m
לבנבן	l i v n a v a n
לבקבוק	l i v k a v o k
להתכרבל	l e h i t k a ʁ b e l
לווי	l a v i
לולאות	l o l a u t
לוקוס	l o k o s
לחומת	l a χ u m e t
לידס	l i d e s
ליריד	l i ʁ i d
למח	l a m a χ
למשפחתה	l i m ʃ p a χ t a
לנעשה	l i n a ʃ a
לעריכה	l e a ʁ i χ a
לקראתם	l i k ʁ a t e m
לתגבר	l i t ɡ a v e ʁ
לתרדמת	l i t ʁ a d e m e t
מאירות	m e i ʁ u t
מגישות	m a ɡ i ʃ u t
מדבריך	m a d b a ʁ i χ
מהירויות	m e h i ʁ u j u t
מהעלייה	m e e l i j a
מוך	m o χ
מחצבות	m a χ t͡s a v u t
מחריב	m a χ ʁ i v
מידיהם	m i d j a m
מיחסי	m i χ s i
מלווין	m a l v i n
מנטל	m i n t e l
מצמרר	m i t͡s m a ʁ a ʁ
משהיה	m i ʃ h a j a
משטחה	m i ʃ t a χ a
משפע	m i ʃ p a
משקולת	m i ʃ k o l e t
מתחמקים	m i t χ a m a k i m
מתקיפים	m i t k i f i m
נגזרה	n i ɡ z a ʁ a
נולה	n o l a
נחשול	n a χ ʃ u l
נטיעת	n i t i a t
ניגנה	n i ɡ a n a
ניסיונם	n i s j o n e m
נתמכים	n i t m a χ i m
סורה	s o ʁ a
סילוקו	s i l u k o
סימל	s i m e l
סימניה	s i m a n j a
ספון	s a f o n
סקנדינביה	s k a n d i n b j a
סקנדל	s k a n d e l
עולת	o l e t
עונתיים	o n t a j i m
עמילן	a m i l a n
עציוני	a t͡s j o n i
עצמתי	a t͡s m a t i
עקא	a k a
ערנות	a ʁ n u t
עשת	a ʃ a t
פורקן	p o ʁ k a n
פיזיקאי	p i z i k a j
פילוח	p i l u a χ
פילטרים	p i l t a ʁ i m
פיסה	p i s a
פירושי	p i ʁ u ʃ i
פלק	p a l a k
פרועים	p ʁ u i m
פריסט	p ʁ i s t
צונן	t͡s o n a n
צלל	t͡s a l a l
קאלן	k a a l a n
קיסם	k i s e m
קלוז	k a l u z
קליקים	k l i k i m
קסאם	k a s a m
קפצי	k a f a t͡s i
קרחונים	k a ʁ χ o n i m
קריעה	k ʁ i a
קרשים	k a ʁ ʃ i m
קשיות	k a ʃ j u t
רוסייה	ʁ o s i j a
רייכמן	ʁ a j a χ m a n
רקב	ʁ a k a v
רקנאטי	ʁ a k n a t i
שאכלנו	ʃ e a χ l a n u
שאעזור	ʃ e a z o ʁ
שארגון	ʃ e a ʁ ɡ o n
שבדקו	ʃ a v d a k o
שהפתרון	ʃ e h i f t a ʁ o n
שהרבי	ʃ a h a ʁ b i
שונית	ʃ o n i t
שחוותה	ʃ a χ v a t a
שיקנו	ʃ i k a n u
שיתפתי	ʃ i t p a t i
שכונו	ʃ χ o n u
שמוסיף	ʃ m u s i f
שמעניקה	ʃ i m a n i k a
שמשפיע	ʃ i m ʃ p i a
שמתח	ʃ i m t e a χ
שמתיר	ʃ i m t i ʁ
שנחשפה	ʃ i n χ a ʃ e f a
שנשכח	ʃ i n ʃ a χ a χ
שתדאג	ʃ i t d a ɡ
תבדקו	t a v d a k o
תושלם	t o ʃ l a m
תזיזו	t z i z u
תיסגר	t i s ɡ e ʁ
תלד	t a l a d
תמיכות	t a m i χ u t
תקלוט	t a k l u t
תשרת	t i ʃ ʁ e t
guy	ɡ u j
sales	s a l e s
אגסים	a ɡ s i m
אובאמה	o v a m a
אוט	o t
איטה	i t a
אימתני	i m t a n i
אלייה	a l i j a
אליכן	a l i χ a n
אמל	a m a l
אמפר	a m p a ʁ
אסטבן	a s t a v a n
אקולוגיות	a k o l o ɡ j u t
אקר	a k a ʁ
אריח	a ʁ i a χ
ארעיים	a ʁ a j i m
אשרף	a ʃ ʁ e f
בבימוי	b e v i m u j
בגו	b a ɡ u
בדוחות	b a d u χ u t
בהבטחות	b e h i v t a χ u t
בהתחלת	b e h i t χ e l e t
בוערות	b o a ʁ u t
בחלבון	b a χ l a v o n
בלגים	b a l a ɡ i m
בליעה	b l i a
בלקינד	b a l k i n d
בסיציליה	b e s i t͡s i l j a
בעיטת	b a i t e t
בפיגועי	b e f i ɡ u a j
ברכתי	b a ʁ a χ t i
ברץ	b a ʁ a t͡s
גדיש	ɡ a d i ʃ
גונזלס	ɡ o n z a l a s
גורלות	ɡ o ʁ l u t
גיחות	ɡ i χ u t
דחיות	d a χ j u t
דיוויזיה	d i v i z j a
דימומים	d i m u m i m
דלתה	d a l t a
האיכותי	h e i χ u t i
הברורים	h i v ʁ o ʁ i m
הגברות	h i ɡ b a ʁ u t
הגדלות	h i ɡ d e l u t
הגשנו	h i ɡ ʃ a n u
הדגה	h i d ɡ a
הדריכה	h i d ʁ i χ a
ההדמיה	h e h a d e m j a
הוגוורטס	h o ɡ v a ʁ t e s
הוכרעה	h o χ ʁ a a
הולו	h o l u
הושט	h o ʃ e t
הטחנה	h i t χ a n a
הטיפשות	h i t i p ʃ u t
היט	h i t
הישויות	h i ʃ u j u t
הלקוי	h i l k u j
המאגד	h i m a ɡ e d
המגלם	h i m ɡ l e m
המחלק	h i m χ a l e k
המחמאה	h i m χ a m a
המסורים	h i m s o ʁ i m
המפתה	h i m p a t a
המתארות	h i m t a ʁ u t
הנדיבות	h i n d i v u t
הנכנסת	h i n χ a n e s e t
הנלוות	h i n l a v e t
הנסתרות	h i n s t a ʁ u t
הנשואה	h i n ʃ u a
הנשיקות	h i n ʃ i k u t
הנתונות	h i n t o n u t
העלתי	h e e l t i
הפטרת	h i f t e ʁ e t
הצועדים	h i t͡s u a d i m
הציטוטים	h i t͡s i t u t i m
הקצונה	h i k t͡s o n a
הקקי	h i k k i
הקריא	h i k ʁ i
הרגולציה	h i ʁ ɡ o l t͡s j a
הרצינית	h i ʁ t͡s i n i t
הרשיע	h i ʁ ʃ i a
השבתות	h i ʃ b a t u t
השוות	h i ʃ v e t
השפלת	h i ʃ p e l e t
השרוף	h i ʃ ʁ u f
הששים	h i ʃ ʃ i m
התבוננתי	h i t b o n a n t i
התחנך	h i t χ a n e χ
התקדמנו	h i t k a d m a n u
וההבנה	v e h a v a n a
והיוצר	v e h i j u t͡s e ʁ
וזמר	v i z m e ʁ
וחצר	v a χ t͡s a ʁ
וחקיקה	v a χ k i k a
וחתך	v a χ t e χ
וחתן	v a χ t a n
ויגאל	v i ɡ a e l
ויטל	v i t e l
ויץ	v i t͡s
וישיר	v i ʃ i ʁ
ומפתחות	v i m p t a χ u t
ומשעשע	v i m ʃ a ʃ a
ונופים	v e n o f i m
ונל	v a n a l
וסר	v a s a ʁ
ופורסם	v e f o ʁ s e m
וקרובים	v i k ʁ o v i m
ורגל	v a ʁ ɡ e l
ושמעו	v i ʃ m a u
ושערים	v i ʃ a ʁ i m
חדירות	χ a d i ʁ u t
חוני	χ o n i
חידושיו	χ i d u ʃ j u
חיכית	χ i χ i t
חרבך	χ a ʁ b a χ
טבוע	t a v u a
טורה	t o ʁ a
טיפסו	t i p s u
טרוור	t a ʁ v a ʁ
טרופה	t ʁ u f a
טרופים	t ʁ o f i m
ידיעתנו	j a d i a t a n u
יוסר	j o s e ʁ
ייווצר	j i v t͡s e ʁ
ייקבעו	j i k b a u
יעיש	j a i ʃ
ישחרר	j i ʃ χ a ʁ e ʁ
כאש	k a a ʃ
כדוגמא	k a d u ɡ m a
כיבושים	k i b u ʃ i m
כמשנה	k a m ʃ a n a
כעץ	k a a t͡s
כתרומה	k a t ʁ u m a
לאוסטריה	l e o s t a ʁ j a
לבניינים	l i v n a j a n i m
לדיג	l a d i ɡ
להשתקם	l e h i ʃ t e k e m
להתחנף	l e h i t χ a n e f
להתרחשות	l e h i t ʁ a χ ʃ u t
לואו	l o u
לוזרים	l o z a ʁ i m
לחבריך	l a χ b a ʁ i χ
לחללים	l a χ l a l i m
לחרדה	l a χ ʁ a d a
לייל	l a j a l
לנגר	l i n ɡ e ʁ
לנפט	l i n p e t
לעסקאות	l a a s k a u t
לפטירת	l i f t i ʁ e t
לצרכיה	l i t͡s ʁ a χ j a
לשביתה	l i ʃ b i t a
לשרוק	l i ʃ ʁ o k
לשרי	l i ʃ ʁ i
לתו	l a t u
לתזונה	l i t z o n a
לתקרית	l i t k a ʁ i t
מדרכות	m a d ʁ a χ u t
מדרס	m a d ʁ a s
מהאקדמיה	m e h a k d e m j a
מהרווחים	m a a ʁ v a χ i m
מוועדת	m a v a d e t
מוסווה	m o s v a
מופחתת	m o f a χ t e t
מופרעת	m o f ʁ a a t
מזרם	m i z ʁ a m
מחליא	m a χ l i
מחפה	m a χ f a
מטפחות	m i t p a χ u t
מיכון	m i χ o n
מלחמתית	m a l χ a m t i t
מלכין	m a l χ i n
מלמן	m a l m a n
מלצרית	m a l t͡s a ʁ i t
מלשינים	m a l ʃ i n i m
ממלאות	m a m l a u t
ממלון	m a m l o n
ממצאיו	m a m t͡s a j u
ממריץ	m a m ʁ i t͡s
מסמיך	m a s m i χ
מעצמנו	m a a t͡s m a n u
מעקף	m a a k e f
מץ	m a t͡s
מקרינה	m a k ʁ i n a
משליכה	m i ʃ l i χ a
משרים	m i ʃ ʁ i m
משתרעים	m i ʃ t a ʁ a i m
מתרחבים	m i t ʁ a χ a v i m
ןכ	n a χ
נאחזים	n e a χ a z i m
נגרמים	n i ɡ ʁ a m i m
ניד	n i d
נינוחה	n i n u χ a
ניקולא	n i k u l a
נכלאו	n i χ l a u
נכרים	n i χ ʁ i m
נשתדל	n i ʃ t a d e l
סדרן	s a d ʁ a n
סיכנו	s i χ n u
סמויות	s a m u j u t
ססיליה	s a s i l j a
סשן	s a ʃ a n
עביר	a v i ʁ
עבריינית	a v ʁ a j a n i t
עטם	a t a m
עיבוי	i b u j
עיפה	i f a
עליזים	a l i z i m
פדר	p a d a ʁ
פורענות	p o ʁ a n u t
פנימייה	p n i m i j a
פשטני	p i ʃ t a n i
צבעונים	t͡s a v o n i m
צוואת	t͡s a v a t
צופות	t͡s o f u t
צופית	t͡s o f i t
קומפטון	k o m p a t o n
קושנר	k o ʃ n a ʁ
קייטלין	k a j t a l i n
קירח	k i ʁ e a χ
קלעים	k a l a i m
קרבו	k a ʁ b u
קשיחה	k ʃ i χ a
רבד	ʁ a v a d
רדודה	ʁ a d u d a
רובץ	ʁ o v e t͡s
רמים	ʁ a m i m
רמיקסים	ʁ a m i k s i m
רעילה	ʁ a i l a
רצ	ʁ a t͡s
שהאש	ʃ a h a ʃ
שהותירה	ʃ e h o t i ʁ a
שובבים	ʃ o v e v i m
שוו	ʃ a v
שימלא	ʃ i m l a
שיציל	ʃ i t͡s i l
שישאלו	ʃ i ʃ a l u
שלחץ	ʃ a l χ a t͡s
שמסוגלים	ʃ i m s u ɡ l i m
שמפלגת	ʃ i m p l e ɡ e t
שנונה	ʃ n o n a
שריקת	ʃ ʁ i k e t
ששילמת	ʃ ʃ i l e m e t
שתפגוש	ʃ i t p a ɡ o ʃ
תגדיר	t a ɡ d i ʁ
תחבושת	t a χ b u ʃ e t
תחרותיים	t a χ ʁ u t a j i m
תיירותית	t a j a ʁ u t i t
תיתני	t i t a n i
תשרוף	t i ʃ ʁ u f
test	t e s t
waze	w a z e
אבטח	a v t a χ
אוזי	o z i
אולסון	o l s o n
אומד	o m e d
אומני	o m a n i
איפרגן	i p ʁ e ɡ a n
אירופים	i ʁ u f i m
אכסניות	a χ s a n j u t
אלגרה	a l ɡ a ʁ a
אלילי	a l i l i
אסופה	a s u f a
אסירות	a s i ʁ u t
אפית	a f i t
אקוניס	a k o n i s
אריחי	a ʁ i χ i
אריחים	a ʁ i χ i m
אשיב	a ʃ i v
בדד	b a d a d
בופ	b o f
בחטף	b a χ t e f
בכורים	b e χ o ʁ i m
בכישוף	b e χ i ʃ u f
במירון	b e m i ʁ o n
בראס	b a ʁ a s
גאנה	ɡ a a n a
דארק	d a ʁ a k
דבון	d a v o n
דילול	d i l u l
האיל	h e i l
האירוסים	h e i ʁ o s i m
הבליץ	h i v l i t͡s
הברקת	h i v ʁ e k e t
הדגימות	h i d ɡ i m u t
הדייטים	h i d j a t i m
הדלעת	h i d l a a t
ההתקפים	h e h i t k a f i m
הוקף	h o k e f
הורמונלי	h o ʁ m o n a l i
היווסדה	h i v s a d a
הירו	h i ʁ u
הכהים	h i χ h i m
הכידון	h i χ i d o n
הלגה	h i l ɡ a
המגש	h i m ɡ e ʃ
המיתר	h i m i t e ʁ
המענקים	h i m a n k i m
המתינה	h i m t i n a
המתנדב	h i m t a n d e v
הנבחן	h i n b a χ a n
הנערכת	h i n a ʁ e χ e t
הנשוי	h i n ʃ u j
העדינים	e e d i n i m
העפלה	e e f l a
הפגזים	h i f ɡ a z i m
הפציר	h i f t͡s i ʁ
הפשיזם	h i f ʃ i z e m
הצ	h a t͡s
הקטל	h i k t e l
הרעבים	h i ʁ a v i m
השבב	h i ʃ b e v
השלך	h i ʃ l e χ
השמאלנים	h i ʃ m a l a n i m
השפחה	h i ʃ p a χ a
השפלות	h i ʃ p e l u t
השקטים	h i ʃ k a t i m
השרטוט	h i ʃ ʁ a t u t
השריד	h i ʃ ʁ i d
השתרעה	h i ʃ t a ʁ a
התבערה	h i t b a a ʁ a
התחשק	h i t χ a ʃ e k
התכנסנו	h i t k a n s a n u
התנהלותם	h i t n a h e l u t e m
ואחרונה	v e a χ ʁ o n a
ודב	v a d a v
והתוכנית	v e h i t u χ n i t
וידאל	v i d a l
ולוחם	v a l u χ a m
ומחזיקים	v i m χ a z i k i m
ועניינים	v a a n j a n i m
וקרה	v a k a ʁ a
ושיחק	v e ʃ i χ e k
זירוז	z i ʁ u z
זריזים	z a ʁ i z i m
חובקת	χ o v e k e t
חוניו	χ o n j u
חקוקים	χ a k u k i m
חראם	χ a ʁ a m
יאם	j a a m
יחדל	j a χ d e l
יחדש	j a χ d e ʃ
ינהלו	j a n h a l u
יערך	j a a ʁ a χ
יפוי	j a f u j
יתעלה	j i t a l a
כאח	k a a χ
כאחוז	k e a χ u z
כניראה	k n i ʁ a
כריתות	k ʁ i t u t
כרמית	k a ʁ m i t
לדוח	l a d u a χ
להוספת	l e h o s e f e t
להיפתר	l e h i p t e ʁ
להסתגר	l e h i s t e ɡ e ʁ
להעבירם	l e h e v i ʁ e m
להרב	l a h a ʁ a v
להשקיט	l e h i ʃ k i t
להשתכנע	l e h i ʃ t a χ n a
להתענות	l e h i t a n u t
להתקף	l e h i t k e f
לווילנה	l a v i l a n a
לוטם	l o t e m
לחבוט	l a χ b u t
ליבוא	l i b u
ליעילות	l i i l u t
ללמדנו	l i l m a d a n u
למשפחתם	l i m ʃ p a χ t e m
לציונים	l i t͡s j o n i m
לקראתי	l i k ʁ a t i
לשחייה	l i ʃ χ i j a
לתאונת	l i t o n e t
לתעלת	l i t a l e t
מאגד	m e a ɡ e d
מדלגים	m a d l a ɡ i m
מזרים	m i z ʁ i m
מזרקות	m i z ʁ a k u t
מיליציה	m i l i t͡s j a
מילק	m i l e k
מינהליים	m i n h a l a j i m
מירו	m i ʁ u
מירידה	m i ʁ i d a
מיתולוגיה	m i t u l o ɡ j a
מסקס	m a s k a s
מעיקר	m e i k e ʁ
מפסוק	m a f s o k
מקצועני	m a k t͡s u a n i
מרכזה	m a ʁ k a z a
מרסי	m a ʁ s i
מרצו	m a ʁ a t͡s u
משחור	m i ʃ χ o ʁ
משלל	m i ʃ l a l
משתבש	m i ʃ t a b e ʃ
נאווה	n e a v a
נבדקת	n i v d e k e t
נבהלו	n i v h a l u
נדהמתי	n i d h a m t i
נוחר	n o χ a ʁ
נזילות	n i z i l u t
נטמא	n i t m a
ניני	n i n i
ניניו	n i n j u
נירון	n i ʁ o n
ננטש	n i n t e ʃ
נצטווה	n i t͡s t a v a
נקלעת	n i k l a a t
נשדד	n i ʃ d e d
נתחי	n i t χ i
נתקעים	n i t k a i m
סיפרנו	s i p ʁ a n u
סיריל	s i ʁ i l
עא	a
עה	a
עטיה	a t j a
עניה	a n j a
עקיפים	a k i f i m
עריץ	a ʁ i t͡s
ערמות	a ʁ m u t
פונדקאית	p o n d k a i t
פוסידון	p o s i d o n
פוסקי	p o s k i
פילבר	p i l b e ʁ
פיליס	p i l i s
פיצוח	p i t͡s u a χ
פירוז	p i ʁ u z
פלאג	p a l a ɡ
פעלנו	p a a l a n u
פרשנית	p a ʁ ʃ a n i t
ציץ	t͡s i t͡s
צפרירים	t͡s a f ʁ i ʁ i m
קונדס	k o n d e s
קורבנותיו	k o ʁ b a n u t j u
קלוי	k a l u j
קליניקה	k l i n i k a
קלנר	k a l a n a ʁ
קמבודיה	k a m b u d j a
קצובה	k a t͡s u v a
קקטוס	k a k t o s
קרבנו	k a ʁ b a n u
קרלי	k a ʁ l i
קרלסון	k a ʁ l a s o n
רטובות	ʁ a t u v u t
ריכזו	ʁ i χ z u
שארי	ʃ e a ʁ i
שבאי	ʃ a v a j
שההבדל	ʃ e h a v d e l
שחטפו	ʃ a χ t a f u
שיאכל	ʃ i a χ e l
שיאני	ʃ i a n i
שידו	ʃ i d u
שיה	ʃ i j a
שיינתן	ʃ a j a n t a n
שילובים	ʃ i l u v i m
שיעסוק	ʃ i a s o k
שיפנו	ʃ i p a n u
שלומה	ʃ a l u m a
שליה	ʃ a l j a
שמטיל	ʃ i m t i l
שמתארת	ʃ i m t a ʁ e t
שנויות	ʃ n u j u t
שרלו	ʃ a ʁ l u
תאז	t a a z
תופתע	t o f t a
תזכי	t i z k i
תח	t a χ
תחביר	t a χ b i ʁ
תחטוף	t a χ t u f
תחסר	t a χ s a ʁ
תחפור	t a χ p u ʁ
תיכננתי	t i χ n a n t i
תישרף	t i ʃ ʁ e f
תלמודית	t a l m u d i t
תמהוני	t a m h o n i
cbs	s e b e s
meet	m e e t
website	w e b s i t e
אגמי	a ɡ m i
אדוקה	a d u k a
אדריאנוס	a d ʁ i a n o s
אורבני	o ʁ b a n i
אורתודוקסית	o ʁ t o d o k s i t
אחיקם	a χ i k e m
אליבי	a l i v i
אליסיה	a l i s j a
אנגוס	a ŋ ɡ o s
אסרב	a s ʁ a v
ארשה	a ʁ ʃ a
באזורנו	b e a z o ʁ a n u
באיזורים	b e i z u ʁ i m
באכסניה	b e a χ s a n j a
בחלוק	b a χ l u k
בחץ	b a χ a t͡s
בחרתם	b a χ a ʁ t e m
ביכולתי	b i χ u l t i
בילדותם	b i l d u t e m
ביצית	b i t͡s i t
בלעג	b a l a ɡ
בסיבה	b e s i v a
בעינן	b a i n a n
בפיזור	b e f i z u ʁ
ברטוב	b a ʁ t u v
בריי	b a ʁ a j
בריסטול	b ʁ i s t u l
ברפת	b a ʁ a f a t
בשבילים	b i ʃ b i l i m
גומל	ɡ o m e l
גורמן	ɡ o ʁ m a n
גותי	ɡ o t i
גחון	ɡ a χ o n
גילויו	ɡ i l u j u
גיסה	ɡ i s a
גירושם	ɡ i ʁ u ʃ e m
גלשן	ɡ a l ʃ a n
גרגיר	ɡ a ʁ ɡ i ʁ
גשו	ɡ a ʃ u
דורגה	d o ʁ ɡ a
האוסטרים	h e o s t a ʁ i m
האידיוטים	h e i d j u t i m
האנדים	h e e n d i m
הבציר	h i v t͡s i ʁ
הבקרים	h i v k a ʁ i m
הגזירות	h i ɡ z i ʁ u t
הגייה	h i ɡ i j a
הגפנים	h i ɡ p a n i m
הגשים	h i ɡ ʃ i m
הדפנות	h i d p a n u t
ההבדלה	h e h a v d e l a
הוילון	h o j l o n
הולמות	h o l a m u t
הופסקו	h o f s a k o
הופקו	h o f a k o
הושעיה	h o ʃ a j a
היבולים	h i b u l i m
היחוד	h i χ u d
הכפוי	h i χ p u j
המאורות	h i m o ʁ u t
המדרכות	h i m d a ʁ χ u t
המכירים	h i m k i ʁ i m
המכריעים	h i m k ʁ i i m
המצוד	h i m t͡s u d
המרים	h i m ʁ i m
המשיחי	h i m ʃ i χ i
הנועד	h i n u a d
הסממנים	h i s m a m a n i m
הסמסטר	h i s m e s t e ʁ
הפגינה	h i f ɡ i n a
הפלסטית	h i f l a s t i t
הפשיסטים	h i f ʃ i s t i m
הציצי	h i t͡s i t͡s i
הצרעת	h i t͡s ʁ a a t
הקיצוצים	h i k i t͡s u t͡s i m
הקמע	h i k m a
הקשיבה	h i k ʃ i v a
הראת	h a ʁ a t
הרשתית	h i ʁ ʃ a t i t
השיפורים	h i ʃ i p o ʁ i m
השלטוני	h i ʃ l a t o n i
השנית	h i ʃ n i t
התהלך	h i t h a l e χ
התיזה	h i t i z a
התקציבי	h i t k a t͡s i v i
ודוק	v a d u k
והבנק	v e h a v a n e k
וההוצאות	v e h o t͡s a u t
והוקרה	v e h o k a ʁ a
והסתיים	v e h i s t a j i m
והערכת	v e e ʁ e χ e t
והתאמה	v e h i t a m a
וחברותיה	v a χ b a ʁ u t j a
וחנות	v a χ n u t
וחקירות	v a χ k i ʁ u t
וחרף	v a χ ʁ e f
וחשיבה	v a χ ʃ i v a
וחשף	v a χ ʃ e f
ויכלו	v i χ l u
ומחנך	v i m χ a n e χ
ומחצה	v i m χ a t͡s a
ומשיב	v i m ʃ i v
ונחשבים	v i n χ a ʃ a v i m
ועזבה	v a a z a v a
וערוץ	v e a ʁ u t͡s
ורגיש	v a ʁ ɡ i ʃ
ורמה	v a ʁ m a
ורצונו	v a ʁ t͡s o n u
ושכח	v i ʃ k a χ
ושקרים	v i ʃ k a ʁ i m
זיקת	z i k e t
חגה	χ a ɡ a
חופשייה	χ o f ʃ i j a
חזרתה	χ a z a ʁ t a
חיסונית	χ i s o n i t
חמותי	χ a m u t i
חרגה	χ a ʁ a ɡ a
חשודות	χ a ʃ u d u t
חשיכה	χ a ʃ i χ a
חשך	χ a ʃ a χ
חתר	χ a t a ʁ
טוסקנה	t o s k a n a
טיפוליות	t i p u l j u t
טרמיטים	t a ʁ m i t i m
ידיעתה	j a d i a t a
יהודאי	j e h u d a j
יוניברסל	j o n i b ʁ a s e l
יוצרה	j o t͡s a ʁ a
יחסלו	j a χ s e l u
יטיל	j a t i l
ייעץ	j i a t͡s
כבולה	k a v u l a
כבעיה	k a v a j a
כרוניקה	k ʁ o n i k a
כרקע	k a ʁ k a
כשכיר	k a ʃ k i ʁ
כשלי	k a ʃ l i
לאא	l a ʔ a
לבדן	l a v d a n
לבמאי	l i v m a j
לגביהן	l i ɡ v i j a n
לדים	l a d i m
להים	l a h i m
להיקשר	l e h i k ʃ e ʁ
להנאת	l a h a n a t
לזהותם	l i z h u t e m
לזין	l a z i n
לטפטף	l i t p a t e f
לטראומה	l i t ʁ a u m a
לימפה	l i m p a
לכחול	l i χ χ u l
לכתף	l i χ t e f
למלאות	l i m l a u t
למצער	l i m t͡s a ʁ
למתי	l a m t i
לסלאו	l i s l a u
לעזרתי	l a a z a ʁ t i
לערוף	l a a ʁ u f
לערכאות	l e a ʁ k a u t
לצלות	l i t͡s l u t
לקרון	l a k ʁ o n
לקשרי	l i k ʃ a ʁ i
לתומי	l a t u m i
לתסריט	l i t s a ʁ i t
םש	m a ʃ
מאבקה	m e a v a k a
מאקי	m a a k i
מגזרי	m a ɡ z a ʁ i
מדומים	m a d u m i m
מדרסים	m a d ʁ a s i m
מותש	m o t e ʃ
מילוליים	m i l u l a j i m
מיקרופונים	m i k ʁ o f o n i m
מלהיכנס	m a l h i χ n e s
מלת	m a l a t
מלתת	m a l t e t
ממזריטש	m a m z a ʁ i t e ʃ
ממלך	m a m l a χ
מנא	m a n a
מקטעים	m a k t a i m
משבש	m i ʃ b e ʃ
מתחילתה	m i t χ i l t a
מתרסק	m i t ʁ a s e k
ןיא	n i
נדפסה	n i d p a s a
נומה	n o m a
ניהולית	n i h u l i t
ניזוקו	n i z u k o
נקטעה	n i k t a a
נשאי	n i ʃ a j
נתיניו	n i t i n j u
סדרתיים	s a d a ʁ t a j i m
סוויט	s v i t
סימול	s i m u l
סלוצקי	s l u t͡s k i
סמוק	s a m u k
סמכותם	s a m χ u t e m
עטיפות	a t i f u t
עידנים	i d a n i m
עמודות	a m u d u t
עקבותיה	a k b u t j a
עקובה	a k u v a
עריקים	a ʁ i k i m
ערמה	a ʁ m a
פוסי	p o s i
פטירתה	p t i ʁ t a
פיזיולוגית	p i z j o l o ɡ i t
פייה	p i j a
פירוד	p i ʁ u d
פפי	p a f i
פקר	p a k a ʁ
פרושה	p ʁ u ʃ a
פרישות	p ʁ i ʃ u t
פרסיים	p a ʁ s a j i m
פשה	p a ʃ a
צובע	t͡s o v a
קונבנציונלי	k o n b e n t͡s j o n l i
קורבין	k o ʁ b i n
קיבוע	k i b u a
קימה	k i m a
קלידים	k l i d i m
קמצוץ	k a m t͡s u t͡s
קריסטן	k ʁ i s t a n
קתדרה	k a t d a ʁ a
ראשן	ʁ e ʃ e n
רורי	ʁ o ʁ i
רעך	ʁ a a χ
רקח	ʁ a k a χ
שאחוז	ʃ e a χ u z
שבבסיס	ʃ a v b a s i s
שהבנות	ʃ a h a v a n u t
שהדת	ʃ a h a d e t
שההצעה	ʃ e h a t͡s a a
שהנחה	ʃ a h a n a χ a
שוחטים	ʃ o χ t i m
שותפויות	ʃ o t p o j u t
שחלקים	ʃ a χ l a k i m
שידוכים	ʃ i d u χ i m
שינסו	ʃ i n s u
שיערות	ʃ i a ʁ u t
שיפגעו	ʃ i p ɡ a u
שירט	ʃ i ʁ t
שכינו	ʃ χ i n u
שמיכת	ʃ m i χ e t
ששתיהן	ʃ i ʃ t j a n
שתוי	ʃ a t u j
תורכי	t o ʁ k i
תורתם	t o ʁ t e m
תלולים	t a l u l i m
תעז	t a a z
תפקידיהם	t a f k i d j a m
תקיעה	t k i a
תרימי	t ʁ i m i
תתעסקו	t a t a s k o
ai	a i
any	a n i
auto	a u t o
done	d o n e
glass	ɡ l a s
hope	h o p e
magic	m a ɡ i k
med	m e d
ufc	u f s
אחותם	a χ u t e m
איסמעיל	i s m a i l
איצטדיון	i t͡s t a d j o n
אלומה	a l u m a
אלקי	a l k i
אצלן	a t͡s l a n
ארטיק	a ʁ t i k
אריגה	a ʁ i ɡ a
ארמונו	a ʁ m o n u
בהיסטריה	b e h i s t a ʁ j a
בהריסות	b e h a ʁ i s u t
בוטחים	b o t a χ i m
בולוק	b o l o k
בולס	b o l a s
בחללים	b a χ l a l i m
בטיחותי	b e t i χ u t i
בטני	b a t a n i
בלדה	b a l a d a
בלוזאן	b l u z a n
במיסים	b e m i s i m
בעסקאות	b a a s k a u t
בפיגועים	b e f i ɡ u i m
בקלה	b a k l a
בראן	b a ʁ a n
ברוכי	b ʁ u χ i
ברפורמה	b a ʁ p o ʁ m a
בשחר	b i ʃ χ a ʁ
גורג	ɡ o ʁ e ɡ
גוריה	ɡ o ʁ j a
גישוש	ɡ i ʃ u ʃ
גלאגר	ɡ l a ɡ e ʁ
דווקה	d a v a k a
דורג	d o ʁ e ɡ
דחיקת	d χ i k e t
דימיון	d i m j o n
דמתה	d i m t a
דעך	d a a χ
דרוויש	d a ʁ v i ʃ
האפוס	h e e f o s
הארכיאולוגי	h e a ʁ k i u l o ɡ i
הגיבוש	h i ɡ i b u ʃ
הגנתית	h i ɡ n a t i t
הדחיפות	h i d χ i f u t
הדמיונית	h i d m i j o n i t
הוג	h o ɡ
הוסתר	h o s t e ʁ
הזדון	h i z d o n
הזוגי	h i z u ɡ i
החדישים	h e χ d i ʃ i m
החריפות	h e χ ʁ i f u t
הטמא	h i t m a
הטמונות	h i t m o n u t
היווניות	h i v a n j u t
היציב	h i t͡s i v
היררכית	h i ʁ ʁ a χ i t
הכית	h i χ i t
הכנר	h i χ n e ʁ
הכפולים	h i χ p u l i m
הלקט	h i l k e t
המגנה	h i m ɡ a n a
המחיצות	h i m χ i t͡s u t
המחמיר	h i m χ a m i ʁ
המכל	h i m k e l
המקדימה	h i m k a d i m a
המקיימת	h i m k a j i m e t
המשודרת	h i m ʃ u d e ʁ e t
המשנית	h i m ʃ a n i t
המתוכננים	h i m t u χ n a n i m
המתנגדת	h i m t a n ɡ e d e t
הנחוצות	h i n χ u t͡s u t
הנטושים	h i n t u ʃ i m
הניה	h i n j a
הנמנים	h i n m a n i m
הנסיכות	h i n s i χ u t
הסתננות	h i s t a n a n u t
הסתרה	h i s t a ʁ a
הפלטה	h i f l a t a
הצלוב	h i t͡s l o v
הקמטים	h i k m a t i m
השבבים	h i ʃ b e v i m
השבחה	h i ʃ b a χ a
השגוי	h i ʃ ɡ u j
השגתם	h i ʃ ɡ a t e m
השמיות	h i ʃ m i j u t
השמשה	h i ʃ m e ʃ a
השנתיות	h i ʃ n a t j u t
השעיה	h i ʃ a j a
השראת	h i ʃ ʁ a t
התמלאו	h i t m a l a u
התנסויות	h i t n a s u j u t
התפנית	h i t p a n i t
התצורה	h i t t͡s u ʁ a
ואחרונים	v e a χ ʁ o n i m
וההוראה	v e h o ʁ a
והעצים	v e e t͡s i m
וויליס	v i l i s
וחלה	v a χ l a
ויהונתן	v i h o n t a n
ויוחנן	v i j u χ n a n
ויסודי	v i s u d i
ולרי	v a l a ʁ i
ומחצית	v i m χ a t͡s i t
ומענה	v i m a n a
ומפרש	v i m p ʁ e ʃ
ושמי	v i ʃ m i
ותבינו	v i t b i n u
חברית	χ a v ʁ i t
חושק	χ o ʃ e k
חנכה	χ a n a χ a
חרט	χ a ʁ a t
חשיבותן	χ a ʃ i v u t a n
טרופית	t ʁ o f i t
יווניות	j a v a n j u t
יומיומיים	j o m j o m a j i m
ייהנה	j i h a n a
ייפסק	j i p s e k
ייצאה	j i t͡s a
ינתן	j a n t a n
כבדרך	k a v d a ʁ a χ
כבולים	k a v u l i m
כיול	k i j u l
כימאי	k i m a j
כמובא	k a m u v a
כמוצא	k a m u t͡s a
כתרופה	k a t ʁ u f a
לבלוט	l a v l u t
לגזרה	l i ɡ z a ʁ a
להורה	l a h u ʁ a
להוריהם	l e h o ʁ j a m
להרצאות	l e h a ʁ t͡s a u t
להשקיה	l e h i ʃ k j a
להתאגד	l e h i t a ɡ e d
לזימון	l i z i m o n
לחבריהם	l a χ b a ʁ j a m
לחברך	l a χ b a ʁ a χ
לחנוכה	l a χ n u χ a
לטמון	l i t m o n
ליברליזם	l i b ʁ a l i z e m
ליטוש	l i t u ʃ
לימפומה	l i m p u m a
למיס	l a m i s
לנר	l a n a ʁ
לסביבות	l i s b i v u t
לסקוטלנד	l i s k o t l a n d
לסר	l a s a ʁ
לפשעים	l i f ʃ a i m
לקרני	l i k ʁ a n i
לשוא	l a ʃ u
לשערים	l i ʃ a ʁ i m
לתעל	l i t a l
מגבונים	m a ɡ v o n i m
מדינאים	m a d i n a i m
מהישיבה	m e h i ʃ i v a
מהעסקים	m e e s k i m
מהעצים	m e e t͡s i m
מועלים	m o a l i m
מופרד	m o f ʁ e d
מורשית	m o ʁ ʃ i t
מזהות	m i z h u t
מחלחל	m a χ l a χ a l
מחסידיו	m a χ s i d j u
מחתרתית	m a χ t a ʁ t i t
מיסודות	m i s u d u t
מיסטיים	m i s t a j i m
מיצירת	m i t͡s i ʁ e t
מכנסיו	m a χ n a s j u
מסדרי	m i s d a ʁ i
מקטינה	m a k t i n a
מקשי	m a k ʃ i
מתאמנת	m i t a m e n t
מתגרשים	m i t ɡ a ʁ ʃ i m
מתעללים	m i t a l a l i m
מתפתה	m i t p a t a
מתקלח	m i t k a l a χ
נוכיח	n o χ i a χ
נוקם	n o k e m
נילס	n i l a s
נילסן	n i l s a n
ניקוטין	n i k u t i n
נכחה	n i χ χ a
נכניס	n i χ n i s
נצמדים	n i t͡s m a d i m
נרגעו	n i ʁ ɡ a u
נשפכים	n i ʃ p a χ i m
נשרוד	n i ʃ ʁ u d
נתחים	n i t χ i m
נתיני	n i t i n i
סידי	s i d i
עארה	a e ʁ a
עבודותיהם	a v u d u t j a m
עזרים	a z a ʁ i m
עיסוקיו	i s u k j u
עקורים	a k o ʁ i m
ערווה	a ʁ v a
ערני	a ʁ a n i
פומביים	p o m b a j i m
פוסטרים	p o s t a ʁ i m
פורטיס	p o ʁ t i s
פינים	p i n i m
פיקציה	p i k t͡s j a
פרימה	p ʁ i m a
פרסלי	p a ʁ s a l i
פרקליטת	p a ʁ k l i t e t
צובעים	t͡s o v a i m
צוותו	t͡s a v a t u
צועני	t͡s o a n i
צורני	t͡s o ʁ a n i
צינורית	t͡s i n u ʁ i t
קביים	k a v a j i m
קלמנס	k a l m a n a s
קמיה	k a m j a
קפל	k a f a l
רדפה	ʁ a d a f a
רטוש	ʁ a t u ʃ
רלוונטים	ʁ a l v a n t i m
שאלתם	ʃ e e l t e m
שהוריד	ʃ e h o ʁ i d
שהתבטאה	ʃ e h i t b a t a
שונאות	ʃ o n a u t
שחזה	ʃ a χ z a
שחטף	ʃ a χ t e f
שחלקה	ʃ a χ l a k a
שחרב	ʃ a χ ʁ a v
שיווה	ʃ i v a
שיחררה	ʃ i χ ʁ a ʁ a
שיקף	ʃ i k e f
שיקפו	ʃ i k f u
שישיג	ʃ i ʃ i ɡ
שמשם	ʃ i m ʃ e m
שמתארים	ʃ i m t a ʁ i m
שנתבאר	ʃ i n t b a ʁ
שנתגלתה	ʃ i n t a ɡ e l t a
שנתקבלו	ʃ i n t a k b e l u
שקלה	ʃ a k l a
שרבות	ʃ a ʁ b u t
ששימוש	ʃ ʃ i m u ʃ
תורתך	t o ʁ t e χ
תחזיקי	t a χ z i k i
תחריר	t a χ ʁ i ʁ
תיכונים	t i χ o n i m
תכנסי	t a χ n a s i
תכשיר	t a χ ʃ i ʁ
תמחוי	t a m χ u j
תפגעי	t a f ɡ a i
תרמתי	t a ʁ m a t i
תשליך	t a ʃ l i χ
תתפתח	t i t p a t e a χ
guide	ɡ i d e
hi	h i
kid	k i d
אבולוציונית	a b u l o t͡s j o n i t
אדריאנה	a d ʁ i a n a
אודיע	o d i a
אורגנה	o ʁ ɡ a n a
אורתודוקסים	o ʁ t o d o k s i m
איווט	i v e t
איזמיר	i z m i ʁ
אמלי	a m l i
אמליה	a m a l j a
אנייה	a n i j a
אנתולוגיה	a n t u l o ɡ j a
אפיית	a f j a t
אראס	a ʁ a s
ארבו	a ʁ b u
ארעא	a ʁ a
אשרוף	a ʃ ʁ u f
בביצות	b e v i t͡s u t
בהשמדת	b e h i ʃ m e d e t
בהשראה	b e h i ʃ ʁ a
בהתקנת	b e h i t k e n e t
בומבה	b o m b a
ביצוא	b i t͡s u
ביצר	b i t͡s e ʁ
בכורי	b e χ u ʁ i
בריאותה	b ʁ i u t a
בריגה	b ʁ i ɡ a
ברשיון	b a ʁ ʃ a j o n
בשמותיהם	b i ʃ m u t j a m
גורקי	ɡ o ʁ k i
גירי	ɡ i ʁ i
גישתה	ɡ i ʃ t a
גלגולי	ɡ a l ɡ u l i
גנז	ɡ a n a z
גריז	ɡ ʁ i z
גרנולה	ɡ a ʁ n u l a
דוליטל	d o l i t e l
דורנר	d o ʁ n e ʁ
דורשי	d o ʁ ʃ i
דיבורי	d i b u ʁ i
דירתם	d i ʁ t e m
דעי	d a i
דקו	d a k o
האבר	h e e v e ʁ
האיגרוף	h e i ɡ ʁ u f
האלמנות	h e e l m a n u t
האמיתות	h e e m i t u t
הבנאי	h i v n a i
הברחות	h i v ʁ a χ u t
הדייט	h i d j a t
ההגשמה	h e h i ɡ ʃ e m a
הונאות	h o n a u t
הוצרך	h o t͡s a ʁ a χ
הזעיק	h i z i k
הידראולי	h i d ʁ a u l i
הימאים	h i m a i m
הימר	h i m e ʁ
הכפילה	h i χ p i l a
הלטאה	h i l t a
הלמה	h a l a m a
המבריקים	h i m b ʁ i k i m
המדגישה	h i m d e ɡ i ʃ a
המלונאות	h i m l o n a u t
המנהלה	h i m n a l a
הנואם	h i n u a m
הנווט	h i n v e t
הסיפורת	h i s i p u ʁ e t
הסנט	h i s n e t
העלם	e e l e m
הצדוקים	h i t͡s d u k i m
הצוקים	h i t͡s u k i m
הקדחת	h i k d a χ e t
הקדמות	h i k d e m u t
הקטיפה	h i k t i f a
הקיבול	h i k i b u l
הקיטוב	h i k i t u v
הקציצות	h i k t͡s i t͡s u t
הקשוחה	h i k ʃ u χ a
השמידה	h i ʃ m i d a
השנויים	h i ʃ n u j i m
התייחסת	h i t j a χ e s e t
התכופים	h i t k o f i m
התרעות	h i t ʁ a u t
והורדת	v e h o ʁ e d e t
והמתח	v e h i m t e a χ
והצבע	v e h i t͡s b a
וידידותית	v i d i d u t i t
ויומיים	v i j u m a j i m
ויונקים	v i j o n k i m
וילג	v i l e ɡ
ויסעו	v i s a u
ויקבלו	v i k b e l u
וירח	v i ʁ e a χ
ומכרה	v i m k a ʁ a
ומפלגת	v i m p l e ɡ e t
ומרד	v i m ʁ e d
ומשטרה	v i m ʃ t a ʁ a
ומתנדבים	v i m t a n d e v i m
ומתפלל	v i m t a p l e l
ומתקיים	v i m t a k a j i m
וניפגש	v e n i p e ɡ e ʃ
ורמוט	v a ʁ m u t
ורשאי	v a ʁ ʃ a j
ותעלות	v i t a l u t
זיינתי	z a j a n t i
חדלות	χ a d a l u t
חמניות	χ a m a n j u t
חסמים	χ a s a m i m
טיגון	t i ɡ o n
טמן	t a m a n
טראוויס	t ʁ a v i s
יודל	j o d e l
יורקים	j o ʁ k i m
ייבין	j i b i n
יימסר	j i m s e ʁ
ייתפס	j i t p e s
יצטער	j i t͡s t a ʁ
ירדוף	j a ʁ d u f
יתוא	j a t u
כבשר	k a v ʃ a ʁ
כורדית	k o ʁ d i t
כחו	k a χ u
כרשות	k a ʁ ʃ u t
כתריסר	k a t ʁ i s e ʁ
לאביר	l e e v i ʁ
לבדר	l i v d e ʁ
לגר	l a ɡ a ʁ
להתאפס	l e h i t a p e s
להתוות	l e h i t v e t
לובשי	l o v ʃ i
לוכי	l o χ i
לחדירה	l a χ d i ʁ a
לחלוב	l a χ l u v
לחצן	l a χ t͡s a n
לטרנד	l i t ʁ a n d
ליהוק	l i h u k
ליוויתי	l i v i t i
ליכט	l i χ t
ליסין	l i s i n
ליעדו	l i a d u
לכיסו	l e χ i s u
למאן	l a m a n
למחשבת	l i m χ a ʃ e v e t
לעגון	l a a ɡ o n
לעקוץ	l a a k u t͡s
לקיצור	l e k i t͡s o ʁ
לקראתה	l i k ʁ a t a
לקראתך	l i k ʁ a t e χ
לשעתה	l i ʃ a t a
מבע	m a v a
מהודק	m e h u d e k
מהיתרונות	m e h i t ʁ o n u t
מהעסקה	m e e s k a
מועלם	m o a l a m
מחברם	m a χ b a ʁ a m
מחליפות	m a χ l i f u t
מחנויות	m a χ n u j u t
מטבחיים	m i t b a χ a j i m
מישע	m i ʃ a
ממות	m a m u t
ממחישה	m a m χ i ʃ a
מעידן	m e i d e n
מקאן	m a k a n
משתעל	m i ʃ t a a l
מתחבאים	m i t χ a b a i m
מתיוס	m i t j o s
מתקרבות	m i t k a ʁ b u t
נוביק	n o v i k
נוחתת	n o χ t e t
נושה	n o ʃ a
ניגר	n i ɡ e ʁ
נלוות	n i l v e t
נמכרות	n i m k a ʁ u t
נסדר	n i s d e ʁ
נקרעו	n i k ʁ a u
סונדרס	s o n d a ʁ a s
סירובה	s i ʁ u v a
סלב	s a l a v
סמסון	s a m s o n
סרבני	s a ʁ b a n i
עבודותיה	a v u d u t j a
עופרי	o f ʁ i
עיקרה	i k a ʁ a
ענתבי	a n t a v i
עפרות	a f ʁ u t
פגה	p a ɡ a
פוצצה	p o t͡s a t͡s a
פזמונים	p i z m o n i m
פילד	p i l e d
פינקוס	p i n k o s
פיצל	p i t͡s e l
פלקון	p a l a k o n
פסיכוטי	p s i χ u t i
פתור	p a t u ʁ
צומצם	t͡s o m t͡s e m
צעיפים	t͡s e i f i m
קוביה	k o v j a
קובייה	k o v i j a
קוטון	k o t o n
קורטוב	k o ʁ t o v
קליאו	k a l i u
קנדיס	k a n d i s
קריינות	k ʁ a j a n u t
רצנו	ʁ a t͡s a n u
שארגן	ʃ e a ʁ ɡ a n
שברשות	ʃ a v ʁ a ʃ u t
שהגברים	ʃ a h a ɡ v a ʁ i m
שהוגדרה	ʃ e h u ɡ d a ʁ a
שהיות	ʃ a h i j u t
שהמחקר	ʃ e h i m χ a k e ʁ
שטיפלה	ʃ t i p l a
שימכור	ʃ i m k o ʁ
שיענה	ʃ i a n a
שיפוד	ʃ i p u d
שיקומי	ʃ i k u m i
שכיסה	ʃ χ i s a
שכירה	ʃ χ i ʁ a
שמודה	ʃ m u d a
שמילאה	ʃ m i l a
שמסרה	ʃ i m s a ʁ a
שמתוכם	ʃ i m t u χ e m
שניגש	ʃ n i ɡ e ʃ
שנקרה	ʃ i n k a ʁ a
שנשארתי	ʃ i n ʃ a ʁ t i
ששמרה	ʃ i ʃ m a ʁ a
שתתחילי	ʃ i t t a χ i l i
תבחין	t a v χ i n
תורין	t o ʁ i n
תחליפים	t a χ l i f i m
תחנון	t a χ n o n
תכריז	t a χ ʁ i z
תמונתה	t a m u n t a
תפגשי	t a f ɡ a ʃ i
תפיסתם	t f i s t e m
תפל	t a f a l
תצילו	t a t͡s i l u
תקופתיים	t k o f t a j i m
תקליטי	t a k l i t i
mt	m e t
su	s u
אדומי	a d u m i
אולף	o l e f
אולריך	o l ʁ i χ
אוקלנד	o k l a n d
אטה	a t a
אטית	a t i t
אלתור	a l t u ʁ
אנדה	a n d a
אעיר	a i ʁ
אקרילי	a k ʁ i l i
אתזה	a t z a
בהגירה	b e h i ɡ i ʁ a
בוזי	b u z i
בידיכם	b i d i χ e m
בכינויים	b e χ i n u j i m
בלובלין	b l u v l i n
בליי	b a l a j
במובנה	b e m u v a n a
במיזורי	b e m i z u ʁ i
ברוכות	b ʁ u χ u t
ברכבים	b a ʁ k a v i m
גיוסו	ɡ i j o s o
גיחה	ɡ i χ a
גיטל	ɡ i t e l
גירה	ɡ i ʁ a
גירשה	ɡ i ʁ ʃ a
גישתם	ɡ i ʃ t e m
גלון	ɡ a l o n
גרונה	ɡ ʁ o n a
דייני	d a j a n i
דילים	d i l i m
דילמות	d i l m u t
דמן	d a m a n
דריי	d a ʁ a j
דשמיא	d i ʃ m i
האוקינוס	h e o k i n o s
האילם	h e i l e m
האתמול	h e e t m u l
הברחה	h i v ʁ a χ a
הגביעים	h i ɡ b i i m
הגסה	h i ɡ s a
הדינמי	h i d i n e m i
הדנית	h i d n i t
הדסים	h i d s i m
הדקירה	h i d k i ʁ a
ההוגה	h e h u ɡ a
הולד	h o l a d
הוף	h o f
הזנחת	h i z n a χ e t
הטייקונים	h i t j a k o n i m
הכתות	h i χ t u t
המגוחך	h i m ɡ u χ a χ
המדגיש	h i m d e ɡ i ʃ
המזוזה	h i m z u z a
המחסנית	h i m χ a s a n i t
המכוסים	h i m k o s i m
המלאכות	h i m l a χ u t
המנורות	h i m n o ʁ u t
המסילות	h i m s i l u t
המעודד	h i m o d e d
המפתחת	h i m p a t a χ e t
המקודשת	h i m k o d e ʃ e t
המקושר	h i m k o ʃ e ʁ
המשחתת	h i m ʃ a χ t e t
המתמקדת	h i m t a m k e d e t
הנאשמת	h i n a ʃ e m e t
הנדודים	h i n d u d i m
הסידורי	h i s i d u ʁ i
הספורטאי	h i s p o ʁ t a j
העשה	e e ʃ a
הפות	h a f u t
הציצית	h i t͡s i t͡s i t
הקריטית	h i k ʁ i t i t
הקריסטל	h i k ʁ i s t e l
הרצויות	h i ʁ t͡s u j u t
התאהבת	h i t a h e v e t
התגנב	h i t ɡ a n e v
התנפל	h i t n a p e l
התפרנס	h i t p a ʁ n e s
ואדיר	v e a d i ʁ
והובילה	v e h o v i l a
והמלצות	v e h i m l a t͡s u t
והצלחת	v e h i t͡s l a χ e t
וחלוקה	v a χ l u k a
וידר	v i d e ʁ
וימשיך	v i m ʃ i χ
ויניל	v i n i l
וישיבה	v i ʃ i v a
וכיתות	v e χ i t u t
ולר	v a l a ʁ
ומסרה	v i m s a ʁ a
ומעטים	v i m a t i m
ומפחיד	v i m p a χ i d
ומשטרת	v i m ʃ t a ʁ e t
ונוהגים	v e n o h a ɡ i m
וסל	v a s a l
וצבאו	v i t͡s b a u
ושורה	v e ʃ u ʁ a
ושמונים	v i ʃ m o n i m
ותשובה	v i t ʃ u v a
חברותיים	χ a v ʁ u t a j i m
חופית	χ o f i t
חוקק	χ o k e k
חטופה	χ a t u f a
חטפת	χ a t a f a t
חידושו	χ i d u ʃ u
חלילים	χ a l i l i m
חריזה	χ a ʁ i z a
חתרנית	χ a t ʁ a n i t
טימי	t i m i
יבגניה	j i v ɡ a n j a
יוכי	j o χ i
יושג	j o ʃ e ɡ
יושן	j o ʃ e n
יעילותה	j e i l u t a
כבשן	k a v ʃ a n
כינוסים	k i n u s i m
כיסאו	k i s a u
כעיתונאי	k a i t o n a j
כצוות	k a t͡s v a t
כרוח	k a ʁ u a χ
כשטח	k a ʃ t a χ
כשתסיים	k a ʃ t a s a j i m
לאודישנים	l e o d i ʃ a n i m
לגנוז	l i ɡ n u z
להד	l a h a d
להחזירה	l e h a χ z i ʁ a
להילקח	l e h i l k e a χ
להלם	l a h a l a m
להסמיך	l e h a s m i χ
להצטבר	l e h i t͡s t a v e ʁ
להתאכזב	l e h i t a χ z e v
להתבוננות	l e h i t b o n a n u t
להתדרדר	l e h i t d a ʁ d e ʁ
לוועדות	l a v a d u t
לזכאים	l i z k a i m
לחוגי	l a χ u ɡ i
לחמישים	l a χ m i ʃ i m
לטון	l a t o n
לטיב	l a t i v
ליחה	l i χ a
לכוחו	l e χ u χ u
לכריס	l i χ ʁ i s
לעינינו	l a i n i n u
לעניני	l a a n i n i
לענן	l a a n a n
לקולא	l a k u l a
לקנה	l a k a n a
לשליטת	l i ʃ l i t e t
לשמי	l i ʃ m i
לשקרים	l i ʃ k a ʁ i m
לתחושות	l i t χ o ʃ u t
לתקיפת	l i t k i f e t
מגומי	m a ɡ u m i
מגלמים	m a ɡ l a m i m
מגניבות	m a ɡ n i v u t
מוארך	m o a ʁ a χ
מוניק	m o n i k
מיושמת	m i j u ʃ e m e t
מיכלים	m i χ l i m
מילוש	m i l u ʃ
מינימליים	m i n i m a l a j i m
מינרל	m i n ʁ e l
מירבי	m i ʁ b i
מסטיקים	m a s t i k i m
מסיט	m a s i t
מעיפה	m e i f a
מקנאים	m a k n a i m
מרביצים	m a ʁ b i t͡s i m
משפה	m i ʃ p a
משרי	m i ʃ ʁ i
משתק	m i ʃ t e k
מתארגנים	m i t a ʁ ɡ a n i m
נונה	n o n a
ניסנקורן	n i s n a k o ʁ a n
נלחצתי	n i l χ a t͡s a t i
נמ	n a m
נמהר	n i m a ʁ
נסתפק	n i s t a p e k
נקלעים	n i k l a i m
נשקים	n i ʃ k i m
סולטאן	s u l t a n
עבדיך	a v d i χ
עודם	o d e m
עופרים	o f ʁ i m
עוצמתם	o t͡s e m t e m
עימן	i m e n
עיסוקה	i s u k a
עיצובי	i t͡s u v i
עסיס	a s i s
עקביים	a k b a j i m
פדגוגי	p a d ɡ u ɡ i
פוק	p o k
פורטרט	p o ʁ t a ʁ t
פיג	p i ɡ
פליפה	p l i f a
פרטנית	p a ʁ t a n i t
צוותא	t͡s a v a t a
ציידת	t͡s a j a d e t
צמאי	t͡s a m a j
צרף	t͡s a ʁ a f
קווינסי	k v i n s i
קוט	k o t
קומר	k o m e ʁ
קטנטנה	k t a n t a n a
קישטה	k i ʃ t a
קלילות	k l i l u t
קפלי	k a f l i
קריטיות	k ʁ i t j u t
קרייזלר	k ʁ a j z a l a ʁ
רהוט	ʁ a h u t
רובינזון	ʁ o v i n z o n
רולר	ʁ o l a ʁ
רחים	ʁ a χ i m
רחפן	ʁ a χ p a n
רידג	ʁ i d e ɡ
שברית	ʃ a v ʁ i t
שהתייחס	ʃ e h i t j a χ e s
שופכין	ʃ o f χ i n
שוקד	ʃ o k e d
שזיף	ʃ a z i f
שחובר	ʃ a χ u v a ʁ
שחשבה	ʃ a χ ʃ a v a
שיבקש	ʃ i b k e ʃ
שיהווה	ʃ i h a v a
שילוט	ʃ i l u t
שיעמום	ʃ i a m u m
שיפסיקו	ʃ i p s i k o
שכולים	ʃ χ u l i m
שכונתי	ʃ χ o n a t i
שמיניות	ʃ m i n j u t
שממול	ʃ i m m u l
שמרנות	ʃ i m ʁ a n u t
שמתרחשים	ʃ i m t a ʁ a χ ʃ i m
שנוטה	ʃ n u t a
שנפלתי	ʃ i n p e l t i
שעירים	ʃ e i ʁ i m
שקיעתה	ʃ k i a t a
שרובה	ʃ a ʁ u v a
שרידיו	ʃ ʁ i d j u
שרצוי	ʃ a ʁ t͡s u j
ששתה	ʃ i ʃ t a
תטיל	t a t i l
תלחצי	t a l χ a t͡s i
תמשוך	t a m ʃ u χ
תפרוש	t a f ʁ u ʃ
תקליטורים	t a k l i t u ʁ i m
תשחקי	t i ʃ χ a k i
animals	a n i m a l s
lake	l a k e
pa	p a
sky	s k i
sur	s u r
una	u n a
wave	w a v e
אדו	a d u
אודישנים	o d i ʃ a n i m
אופיום	o f j u m
אוקטביה	o k t a v j a
אורחיו	o ʁ a χ j u
איזהו	i z a h u
איזורי	i z u ʁ i
אייך	a j a χ
אינטנסיביות	i n t a n s i v j u t
אישיותה	i ʃ j u t a
אליסטר	a l i s t e ʁ
אסטמה	a s t a m a
אסלאמי	a s l a m i
אפרסקים	a f ʁ a s k i m
אקרי	a k ʁ i
ארכאי	a ʁ k a j
אשרינו	a ʃ ʁ i n u
באמצעו	b e a m t͡s a u
באתגרים	b e a t ɡ a ʁ i m
בביטחה	b e v i t a χ a
בביקיני	b e v i k i n i
בהל	b a h a l
בהתארגנות	b e h i t a ʁ ɡ a n u t
בוו	b a v
בחריש	b a χ ʁ i ʃ
בטופ	b a t u f
בטלו	b a t a l u
ביניש	b i n i ʃ
ביעד	b i a d
במודעה	b e m u d a a
בסיסמה	b e s i s m a
בעיתוי	b a i t u j
ברלב	b a ʁ l a v
בשחקים	b i ʃ χ a k i m
בשחקן	b i ʃ χ a k a n
בשטף	b i ʃ t e f
בשיבה	b e ʃ i v a
בשיפוצים	b ʃ i p u t͡s i m
בשתיית	b i ʃ t a j i t
גאנם	ɡ a a n a m
גדג	ɡ a d a ɡ
גיוסם	ɡ i j u s e m
דונר	d o n a ʁ
דריכה	d ʁ i χ a
האינטנסיבית	h e i n t a n s i v i t
האיתות	h e i t u t
האיתנה	h e i t a n a
האמזונס	h e e m z o n e s
האשרה	h e e ʃ a ʁ a
הגזעית	h i ɡ z a i t
הגיטריסט	h i ɡ i t ʁ i s t
הגלויים	h i ɡ l u j i m
הגלומה	h i ɡ l u m a
הגרירה	h i ɡ ʁ i ʁ a
הוכתה	h o χ t a
הומרוס	h o m ʁ o s
הוצ	h o t͡s
הזקונים	h i z k o n i m
החשאיות	h i χ ʃ a j u t
הטיפשה	h i t i p ʃ a
הטפיל	h i t p i l
הייצוגית	h a j t͡s u ɡ i t
הימצאותם	h i m t͡s a u t e m
היפי	h i p i
היצרים	h i t͡s a ʁ i m
הכאה	h i χ a
הכנסותיה	h i χ n e s u t j a
הכרכרה	h i χ ʁ a χ a ʁ a
הלשנה	h i l ʃ a n a
המאיץ	h i m i t͡s
המזמין	h i m z a m i n
המטיל	h i m t i l
המכנים	h i m k a n i m
הממזר	h i m m a z e ʁ
המסטיק	h i m s t i k
המסתובב	h i m s t o v e v
המערבולת	h i m a ʁ b u l e t
המערערים	h i m a ʁ a ʁ i m
המצעים	h i m t͡s a i m
המרחבי	h i m ʁ a χ a v i
המשוערת	h i m ʃ u a ʁ e t
הנבון	h i n b o n
הנדירה	h i n d i ʁ a
הניהולי	h i n j a h u l i
הנתינים	h i n t i n i m
הסדירים	h i s d i ʁ i m
הסלטים	h i s l a t i m
הצטננות	h i t͡s t a n a n u t
הצלקות	h i t͡s l a k u t
הצפת	h i t͡s p e t
הקנאי	h i k n a i
הרדוף	h a ʁ d u f
השארית	h i ʃ a ʁ i t
השבדי	h i ʃ b e d i
השוטרת	h i ʃ u t e ʁ e t
השיפוע	h i ʃ i p u a
השנויה	h i ʃ n u j a
השנויות	h i ʃ n u j u t
השרותים	h i ʃ ʁ u t i m
התוויות	h i t v i j u t
התוצרים	h i t u t͡s a ʁ i m
התחרותי	h i t χ a ʁ u t i
התחרפן	h i t χ a ʁ p e n
התמה	h i t m a
התפרעות	h i t p a ʁ a u t
ואדריכלות	v a d ʁ i χ l u t
ואיתם	v e i t e m
וההבדל	v e h a v d e l
והשנים	v e h i ʃ n i m
וזורקים	v i z u ʁ k i m
וחסיד	v a χ s i d
ויאכל	v i a χ e l
ויחידת	v i χ i d e t
ויטני	v i t a n i
ויציבה	v i t͡s i v a
וישמש	v i ʃ m e ʃ
ויתחיל	v i t χ i l
ולאד	v a l a d
ולירות	v e l i ʁ u t
ומוכיח	v e m u χ i a χ
ומחזקים	v i m χ a z a k i m
ומעשית	v i m a ʃ i t
ומצאת	v i m t͡s a t
ומשימות	v i m ʃ i m u t
ומתמשך	v i m t a m ʃ e χ
ונוספו	v e n o s a f o
וקני	v a k a n i
וקסם	v a k s a m
ושדים	v i ʃ d i m
ושנתיים	v i ʃ n a t a j i m
ותבלינים	v i t b a l i n i m
זורה	z o ʁ a
זיוני	z i j o n i
חורשות	χ o ʁ ʃ u t
חז	χ a z
חטופים	χ a t u f i m
חיק	χ i k
טבעתי	t a v a t i
טורבינות	t o ʁ b i n u t
טכנו	t a χ n u
טפלה	t a f l a
טריקו	t ʁ i k o
יארך	j a a ʁ a χ
ידידינו	j a d i d i n u
יתבצעו	j i t b a t͡s a u
כבמאי	k a v m a j
כהוא	k a h u
כיחידים	k i χ i d i m
כמון	k a m o n
כמוס	k a m u s
כממלא	k a m a m l a
כצד	k a t͡s a d
לאביך	l e e v i χ
לגדולי	l i ɡ d u l i
להדיר	l e h a d i ʁ
להסס	l a h a s a s
לזרמים	l i z ʁ a m i m
לחניכים	l a χ n i χ i m
לטבילה	l i t b i l a
ליחד	l i χ e d
ליצרן	l i t͡s ʁ a n
ללוק	l a l u k
לנדנד	l i n d a n d
לפתרונות	l i f t a ʁ o n u t
לתחתונים	l i t χ a t o n i m
םג	m a ɡ
מאיות	m a a j u t
מגזימים	m a ɡ z i m i m
מגישי	m a ɡ i ʃ i
מהאחים	m e h e χ i m
מוחא	m o χ a
מחזותיו	m a χ z u t a v
מחלץ	m a χ l a t͡s
מחשבותיך	m a χ ʃ a v u t i χ
מטס	m a t a s
מיולי	m i j u l i
מינורי	m i n u ʁ i
מיקו	m i k u
מישו	m i ʃ u
מלאדי	m a l a d i
מלצאת	m a l t͡s a t
ממצבים	m a m t͡s a v i m
ממציאות	m a m t͡s i u t
ממשיכי	m a m ʃ i χ i
מסיה	m a s j a
מסיום	m a s j u m
מקללים	m a k l a l i m
מראי	m a ʁ a j
מרגוט	m a ʁ ɡ u t
מרסיי	m a ʁ s a j
משלט	m i ʃ l a t
משפצים	m i ʃ p a t͡s i m
מתאוששת	m i t o ʃ e ʃ e t
מתחתית	m i t χ a t i t
נאכלים	n e a χ l i m
נדלקה	n i d l a k a
נוטלה	n o t a l a
נוכרי	n o χ a ʁ i
נול	n o l
נוסו	n o s o
נושרים	n o ʃ a ʁ i m
נותקה	n o t a k a
ניהלת	n i h e l e t
ניטש	n i t e ʃ
ניסאן	n i s a n
ניפוח	n i p u a χ
נסערת	n i s a ʁ e t
נסתרה	n i s t a ʁ a
נשפים	n i ʃ p i m
נת	n a t
סבלנית	s a v l a n i t
סיאול	s i u l
סיאם	s i a m
סימבולי	s i m b u l i
סלנט	s a l a n t
ספ	s a f
עוג	o ɡ
עידון	i d o n
עיסת	i s e t
עמומים	a m u m i m
עצבן	a t͡s b a n
פגים	p a ɡ i m
פוליטיקאיות	p o l i t i k a j u t
פורמאלי	p o ʁ m a l i
פידל	p i d e l
פיענוח	p i a n u a χ
פלאות	p a l a u t
פרודיה	p ʁ u d j a
פרסקי	p a ʁ s a k i
צורנית	t͡s o ʁ a n i t
קואורדינטות	k o o ʁ d i n t u t
קינאה	k i n a
קלאן	k a l a n
קלוג	k a l u ɡ
קנאת	k a n a t
קרביות	k a ʁ b i j u t
ראיתן	ʁ a i t e n
רגעית	ʁ a ɡ i t
שאילת	ʃ e i l e t
שדווח	ʃ a d v a χ
שהיהדות	ʃ e h i h a d u t
שוויצר	ʃ v i t͡s e ʁ
שזכרתי	ʃ i z k a ʁ t i
שחלם	ʃ a χ l a m
שחשים	ʃ a χ ʃ i m
שימון	ʃ i m o n
שירותיה	ʃ i ʁ u t j a
שיריהם	ʃ i ʁ j a m
שכוחו	ʃ χ u χ u
שכנינו	ʃ a χ n i n u
שמוע	ʃ a m u a
שמכירה	ʃ i m k i ʁ a
שמצאתם	ʃ i m t͡s a t e m
שמשמשת	ʃ i m ʃ e m e ʃ e t
שמתפתח	ʃ i m t a p t e a χ
שנפגשנו	ʃ i n p a ɡ ʃ a n u
שעיניו	ʃ a i n j u
שרוט	ʃ a ʁ u t
שרונים	ʃ a ʁ o n i m
שרידן	ʃ ʁ i d e n
ששיר	ʃ a ʃ i ʁ
שתספרי	ʃ i t s p a ʁ i
שתפסה	ʃ i t p a s a
שתפקיד	ʃ i t p a k i d
תדחפי	t a d χ a f i
תובענה	t o v a n a
תותחנים	t o t χ a n i m
תחליב	t a χ l i v
תסחיף	t a s χ i f
תער	t a a ʁ
תפקודה	t a f k u d a
תקוותנו	t a k v a t a n u
תתחדש	t i t χ a d e ʃ
band	b a n d
bay	b a j
does	d o e s
hat	h a t
hod	h o d
james	d͡ʒ a m e s
netanya	n e t a n j a
photos	f o t o s
status	s t a t u s
ve	v e
wall	w a l
אבירות	a v i ʁ u t
אגפי	a ɡ f i
אדיבה	a d i v a
אוליי	o l a j
אידל	i d e l
אכזיב	a χ z i v
אנריקו	a n ʁ i k o
אסירה	a s i ʁ a
אסלה	a s l a
ארוזים	a ʁ u z i m
אריגים	a ʁ i ɡ i m
אתיות	a t j u t
באחוזי	b e a χ u z i
בארסה	b e a ʁ s a
בגידולים	b e ɡ i d u l i m
בונוסים	b o n o s i m
בורגנים	b o ʁ ɡ a n i m
בחשון	b a χ ʃ o n
בקרם	b a k ʁ a m
בריחות	b ʁ i χ u t
בריט	b ʁ i t
בריקודים	b ʁ i k o d i m
בשידורים	b e ʃ i d u ʁ i m
גנסין	ɡ a n s i n
דודך	d o d e χ
דומייה	d o m i j a
דומינוס	d o m i n o s
דינאמי	d i n a m i
דרידה	d ʁ i d a
האלקים	h e e l k i m
הבסטיליה	h i b s t i l j a
הבקע	h i v k a
הברד	h i v ʁ e d
הבשילו	h i v ʃ i l u
הגיטאות	h i ɡ i t a u t
הדגמת	h i d ɡ e m e t
ההיענות	h e h i a n u t
הוהי	h o h i
הוזלה	h o z a l a
הועילה	h o i l a
הורטון	h o ʁ t o n
הורמוני	h o ʁ m o n i
הזדעזע	h i z d a z a
הילדותית	h i l d u t i t
הילוד	h i l u d
הילך	h i l e χ
היסטרית	h i s t a ʁ i t
הלגיטימי	h i l ɡ i t i m i
המבוצע	h i m b u t͡s a
המגינה	h i m ɡ i n a
המגירה	h i m ɡ i ʁ a
המגף	h i m ɡ e f
המדכא	h i m d e χ a
המדרשים	h i m d a ʁ ʃ i m
המו	h a m u
הממלוכית	h i m m a l u χ i t
המנותק	h i m n u t e k
המפר	h i m p e ʁ
המציעה	h i m t͡s i a
המקודשים	h i m k o d e ʃ i m
המשקיפים	h i m ʃ k i f i m
המתונה	h i m t o n a
הנבדלים	h i n b a d e l i m
הנפקה	h i n p a k a
הנשארים	h i n ʃ a ʁ i m
הנשיאותית	h i n ʃ i u t i t
הנשמע	h i n ʃ e m a
הסמול	h i s m u l
העדת	h e e d e t
העילות	h e i l u t
העמידות	e e m i d u t
העקיפה	e e k i f a
העתים	h e e t i m
הפצועה	h i f t͡s u a
הקישוט	h i k i ʃ u t
הקראית	h i k ʁ a i t
הקרטון	h i k ʁ a t o n
הרדיקלית	h i ʁ d i k l i t
השוואתית	h i ʃ v a t i t
השמוק	h i ʃ m u k
התאבדויות	h i t a b d u j u t
התושב	h i t u ʃ e v
התנתק	h i t n a t e k
התסריטאי	h i t s ʁ i t a j
התעסקו	h i t a s k o
התקציר	h i t k a t͡s i ʁ
והיועץ	v e h i j u a t͡s
והימין	v e h i m i n
והצהיר	v e h i t͡s h i ʁ
והשרים	v e h i ʃ ʁ i m
וישא	v i ʃ e
ולעבד	v a l a v a d
ולתוך	v a l t u χ
ומזהיר	v i m z a h i ʁ
ומכירות	v i m k i ʁ u t
ומכירים	v i m k i ʁ i m
ומסייעים	v i m s a j i m
ונבון	v a n b o n
וסי	v a s i
וקלים	v a k l i m
ורבנן	v a ʁ b a n a n
ורטיגו	v a ʁ t i ɡ o
ותדאג	v i t d a ɡ
ותפתח	v i t p a t e a χ
זיכתה	z i χ t a
זמזום	z i m z u m
זנזונת	z i n z o n e t
זרז	z a ʁ a z
חוויתית	χ a v i t i t
חוסני	χ o s a n i
חורשה	χ o ʁ ʃ a
חילץ	χ i l e t͡s
חלוט	χ a l u t
חלולה	χ a l u l a
חצבה	χ a t͡s a v a
חריקת	χ a ʁ i k e t
חרירי	χ a ʁ i ʁ i
טיש	t i ʃ
יגעו	j a ɡ o
יהייה	j e h i j a
יודפת	j o d e f e t
יוספטל	j o s p a t e l
יופייה	j o f i j a
ייצרה	j i t͡s a ʁ a
יכבה	j a χ a v a
ימאס	j a m a s
ישמר	j i ʃ m e ʁ
יתפטר	j i t p a t e ʁ
כעבד	k a a v a d
כפרס	k a f ʁ a s
לאמצעים	l e e m t͡s a i m
לבלב	l a v l a v
לגדות	l i ɡ d u t
לגרדום	l i ɡ ʁ a d u m
לדורי	l a d u ʁ i
להחזירם	l e h a χ z i ʁ e m
להיחקר	l e h i χ k e ʁ
להימצאות	l e h i m t͡s a u t
להתוודע	l e h i t v a d a
להתפורר	l e h i t p o ʁ e ʁ
לוץ	l u t͡s
לזן	l a z a n
לחוט	l a χ u t
לחון	l a χ o n
לטרגדיה	l i t ʁ a ɡ e d j a
ליכא	l i χ a
לכהונת	l i χ h o n e t
לכיפה	l e χ i f a
למיקי	l a m i k i
לנבל	l i n b e l
לעמי	l a a m i
לעשו	l a a ʃ u
לפס	l a f a s
לצוותים	l i t͡s v a t i m
לראיות	l a ʁ a j u t
לרובם	l a ʁ u v a m
לשביתת	l i ʃ b i t e t
לשפך	l i ʃ p e χ
לשפע	l i ʃ p a
לתמר	l i t m e ʁ
לתסמונת	l i t s a m o n e t
לתעמולה	l i t a m u l a
מאכזבים	m e a χ z a v i m
מדרונות	m a d ʁ o n u t
מהירי	m e h i ʁ i
מהפכניות	m e h i p χ a n j u t
מואיז	m o i z
מוחזר	m o χ a z a ʁ
מזמנם	m i z m a n a m
מזרז	m i z ʁ e z
מחריף	m a χ ʁ i f
מיטבית	m i t a v i t
מסל	m a s a l
מעיפים	m e i f i m
מעלליו	m a a l a l j u
מעצמן	m a a t͡s m a n
מקפת	m a k a f a t
מרצפות	m a ʁ t͡s a f u t
משלבי	m i ʃ l a v i
משמחות	m i ʃ m a χ u t
משרידי	m i ʃ ʁ i d i
מתאבדת	m i t a b e d e t
מתמידים	m i t m i d i m
נבזה	n i v z a
נדין	n a d i n
נושים	n o ʃ i m
נחשוף	n a χ ʃ u f
נידוי	n i d u j
נכנעתי	n i χ n a a t i
נסתם	n i s t e m
נקדים	n i k d i m
נקלטה	n i k l a t a
נשטף	n i ʃ t e f
נשרו	n i ʃ ʁ u
סבלנו	s a v l a n u
סגנונית	s a ɡ n o n i t
סוחט	s o χ a t
סילי	s i l i
סימפוניה	s i m p o n j a
עלייהו	a l i j a h u
עמיתה	a m i t a
עניו	a n j u
עצמאותם	a t͡s m a u t e m
עקירה	a k i ʁ a
פודל	p o d e l
פולישוק	p o l i ʃ o k
פונקציונלית	p o n k a t͡s j o n l i t
פיד	p i d
פנל	p a n a l
פשטנית	p i ʃ t a n i t
פשיסטים	p ʃ i s t i m
צובא	t͡s o v a
ציבורים	t͡s i b u ʁ i m
צידד	t͡s i d e d
צלליות	t͡s a l a l j u t
צנצנות	t͡s a n t͡s a n u t
קדימות	k a d i m u t
קובלסקי	k o v l a s k i
קוצרים	k o t͡s a ʁ i m
קורבט	k o ʁ b e t
קושטא	k o ʃ t a
קירקגור	k i ʁ k e ɡ o ʁ
קלא	k a l a
קרירים	k ʁ i ʁ i m
קרישנה	k ʁ i ʃ a n a
רביקוביץ	ʁ a b i k o v i t͡s
רוביק	ʁ o v i k
רודפי	ʁ o d e f i
רוסה	ʁ o s a
ריחוף	ʁ i χ u f
ריחם	ʁ i χ e m
ריקלין	ʁ i k l i n
ריתוק	ʁ i t u k
רכבה	ʁ a χ a v a
רסקין	ʁ a s k i n
שאוהבות	ʃ e o h a v u t
שאשכח	ʃ e a ʃ χ a χ
שבדומה	ʃ a v d u m a
שהיצירה	ʃ e h i t͡s i ʁ a
שחלילה	ʃ a χ l i l a
שיכונים	ʃ i χ o n i m
שימנה	ʃ i m a n a
שישמח	ʃ i ʃ m e a χ
שלוותה	ʃ a l v a t a
שמחוני	ʃ i m χ o n i
שמחזיר	ʃ i m χ a z i ʁ
שמנעה	ʃ i m n a
שמקיף	ʃ a m k i f
שקעו	ʃ a k a u
שרווחה	ʃ a ʁ v a χ a
ששרת	ʃ i ʃ ʁ e t
שתיל	ʃ a t i l
שתסביר	ʃ i t s b i ʁ
שתפסיקי	ʃ i t p a s i k i
תבטחי	t a v t a χ i
תדליקי	t a d l i k i
תוארי	t o a ʁ i
תידרש	t i d ʁ e ʃ
תכליתית	t a χ l i t i t
תעירו	t e i ʁ u
תשברי	t i ʃ b a ʁ i
animal	a n i m a l
bit	b i t
camera	k a m e ɾ a
cell	s e l
deal	d e a l
flash	f l a ʃ
government	ɡ o v e ɾ n m e n t
int	i n t
keep	k i p
map	m a p
study	s t u d i
usd	u s d
wake	w a k e
אבישג	a v i ʃ e ɡ
אהבל	a h a v a l
אוגוסטין	o ɡ o s t i n
אוסאמה	o s a m a
אורין	o ʁ i n
אטומות	a t u m u t
איזכור	i z k o ʁ
אימבר	i m b e ʁ
אימצתי	i m t͡s a t i
אינגה	i n ɡ a
אינטראקטיבית	i n t ʁ a k t i v i t
אינסטלטורים	i n s t a l t u ʁ i m
אכחיש	a χ χ i ʃ
אמוראי	a m u ʁ a j
אריכא	a ʁ i χ a
באוב	b a u v
בהקדמת	b e h i k d e m e t
בולין	b o l i n
בחבילות	b a χ b i l u t
בידוק	b i d u k
בידית	b i d i t
ביסודי	b i s u d i
בנמיביה	b e n e m i v j a
בעיותיו	b a i j u t a v
ברווחה	b a ʁ v a χ a
בששון	b i ʃ ʃ o n
בתפיסות	b i t f i s u t
גאלי	ɡ a a l i
גוסט	ɡ o s t
גורדוניה	ɡ o ʁ d o n j a
גיסתו	ɡ i s t o
גלבר	ɡ a l b a ʁ
דאיכא	d e i χ a
דודנו	d o d a n u
דילג	d i l e ɡ
דלדול	d a l d u l
דמון	d a m o n
דריל	d ʁ i l
דתה	d a t a
האחידות	h e e χ i d u t
האלומיניום	h e e l o m i n j u m
הגאונות	h i ɡ o n u t
הגותית	h i ɡ u t i t
הגעתה	h i ɡ a t a
הדיילי	h i d j a l i
ההתקנה	h e h i t k a n a
הטבועה	h i t b u a
הטינה	h i t i n a
הטפה	h i t f a
הטרופי	h i t ʁ o f i
הטרייה	h i t ʁ i j a
הטרמינל	h i t ʁ a m i n e l
הירידים	h i ʁ i d i m
הלסינקי	h i l s i n k i
המבוצעת	h i m b u t͡s a a t
המזהיר	h i m z a h i ʁ
המטר	h i m t e ʁ
המסדיר	h i m s d i ʁ
המעלים	h i m a l i m
המתנהלת	h i m t a n h e l e t
הסגנית	h i s ɡ a n i t
הסיניות	h i s i n j u t
העיטורים	h e i t u ʁ i m
הערווה	e e ʁ v a
הפרוגרסיבית	h i f ʁ o ɡ ʁ a s i v i t
הקליעה	h i k l i a
הקרנית	h i k ʁ a n i t
השכילה	h i ʃ k i l a
השפיר	h i ʃ p i ʁ
השרף	h i ʃ ʁ e f
התבגר	h i t b e ɡ e ʁ
התבטאו	h i t b a t a u
התות	h i t u t
התיאורטי	h i t j o ʁ t i
התישב	h i t i ʃ e v
ואדים	v e a d i m
וההנהלה	v e h a n a l a
וההתיישבות	v e h i t j a ʃ e v u t
והעסקים	v e e s k i m
והפיכת	v e h e f i χ e t
וויתור	v i t u ʁ
וילר	v i l e ʁ
ומחזות	v i m χ a z u t
ומחליטים	v i m χ a l i t i m
ומעודדת	v i m o d e d e t
ומעמיד	v i m a m i d
ומשפיעים	v i m ʃ p i i m
ומשרתים	v i m ʃ a ʁ t i m
ומשתנים	v i m ʃ a t a n i m
וקורס	v a k o ʁ a s
ורסאי	v a ʁ s a j
ושברי	v i ʃ b a ʁ i
ושחורים	v i ʃ χ o ʁ i m
זועף	z o a f
זימנה	z i m a n a
זיסקינד	z i s k i n d
חבט	χ a v a t
חבים	χ a v i m
חדיד	χ a d i d
חוברה	χ o v a ʁ a
חומק	χ o m e k
חזקי	χ a z a k i
חטים	χ a t i m
חיסלה	χ i s l a
חלאת	χ a l a t
חלבוני	χ a l b o n i
חסאן	χ a s a n
חרון	χ a ʁ o n
חרישית	χ a ʁ i ʃ i t
חשבונית	χ a ʃ b o n i t
חשקה	χ a ʃ a k a
טארה	t a a ʁ a
טבולה	t a v u l a
טוש	t o ʃ
טיפאני	t i p a n i
טיפשונת	t i p ʃ o n t
טישו	t i ʃ u
יאות	j a u t
יאני	j a a n i
יבחינו	j a v χ i n u
יבשתית	j a v ʃ a t i t
יודיעו	j o d i u
יומיומיות	j o m j o m j u t
יופיה	j o f j a
יורקית	j o ʁ k i t
ימאים	j a m a i m
יעלי	j a a l i
יפ	j a f
יקיריהם	j e k i ʁ j a m
יקלל	j a k l a l
כבירים	k a v i ʁ i m
כדבעי	k a d b a i
כהגנה	k a h a ɡ a n a
כיתר	k i t e ʁ
כצאן	k a t͡s a n
כשווה	k a ʃ v a
לגננות	l i ɡ n a n u t
להיהרג	l e h i a ʁ e ɡ
להתניע	l e h i t n i a
לחללית	l a χ l a l i t
לטיפה	l a t i f a
ליפקין	l i p k i n
למסעדת	l i m s a d e t
לנטל	l i n t e l
לנטר	l i n t e ʁ
לנענע	l i n a n a
לסעד	l i s a d
לערביי	l e a ʁ b a j
לצבעים	l i t͡s b a i m
לצמד	l i t͡s m e d
לקרבנות	l i k ʁ a b a n u t
לשאלתך	l i ʃ a l t e χ
לשוויץ	l i ʃ v i t͡s
לשמלה	l i ʃ m a l a
לשרותים	l i ʃ ʁ u t i m
לשריפת	l i ʃ ʁ i f e t
לתביעת	l i t b i a t
לתבל	l i t b e l
לתערוכות	l i t a ʁ u χ u t
לתשתיות	l i t ʃ a t j u t
מאחזים	m e a χ a z i m
מאטה	m a a t a
מהוצאות	m e h u t͡s a u t
מהרגל	m e a ʁ ɡ e l
מויה	m o j a
מחלים	m a χ l i m
מחנהו	m a χ n a h u
מידיה	m i d j a
מימש	m i m e ʃ
מלחיצים	m a l χ i t͡s i m
מעמיס	m a a m i s
מקלטי	m a k l a t i
משוויץ	m i ʃ v i t͡s
משמין	m i ʃ m i n
משרטט	m i ʃ ʁ a t e t
מתבטלים	m i t b a t a l i m
מתהווה	m i t h a v a
נברר	n i v ʁ a ʁ
נגדים	n i ɡ d i m
נווט	n a v a t
נופה	n o f a
נושר	n o ʃ e ʁ
ניין	n a j a n
ניסיונה	n i s j o n a
נירית	n i ʁ i t
ניתאי	n i t a j
נסחפו	n i s χ a f u
נקנתה	n i k n a t a
נתמכה	n i t m a χ a
סבטלנה	s a v t a l a n a
סוהרים	s o a ʁ i m
סחרוב	s a χ ʁ u v
סימולציות	s i m u l t͡s j u t
סלולארי	s l u l a ʁ i
ספרון	s a f ʁ o n
עבאדי	a v a d i
עגנו	a ɡ n u
עולל	o l e l
עזבון	a z b o n
עיבור	i b u ʁ
עידכון	i d k o n
עיור	i j u ʁ
עילאה	i l a
עליכן	a l i χ a n
עריק	a ʁ i k
ערכן	a ʁ χ a n
עתים	a t i m
פוסע	p o s a
פועלם	p o a l a m
פורטרטים	p o ʁ t a ʁ t i m
פליני	p l i n i
פרידות	p ʁ i d u t
פרצופה	p a ʁ t͡s u f a
פרצת	p a ʁ a t͡s a t
פרקליטי	p a ʁ k l i t i
קיבוצית	k i b u t͡s i t
קימי	k i m i
קינת	k i n e t
קישר	k i ʃ e ʁ
קלמר	k a l m a ʁ
קשמיר	k a ʃ m i ʁ
רואנדה	ʁ o a n d a
רמזו	ʁ a m z u
שאהבו	ʃ e a h a v u
שארכה	ʃ e a ʁ χ a
שבדיעבד	ʃ a v d i a v e d
שבמדינות	ʃ a v m a d i n u t
שבסעיף	ʃ a v s a i f
שבק	ʃ a v a k
שברחה	ʃ a v ʁ a χ a
שבשימוש	ʃ a v ʃ i m u ʃ
שגודל	ʃ ɡ u d e l
שדיווח	ʃ a d i v a χ
שההלכה	ʃ e h a l χ a
שהעמידה	ʃ e e m i d a
שטופת	ʃ a t u f a t
שימלאו	ʃ i m l a u
שיעניק	ʃ i a n i k
שיערתי	ʃ i a ʁ t i
שסביבה	ʃ a s b i v a
שספגה	ʃ i s p e ɡ a
שקופות	ʃ k o f u t
שקופיות	ʃ k o f j u t
שרנסקי	ʃ a ʁ n a s k i
תבא	t a v a
תדרי	t a d ʁ i
תובא	t o v a
תחשוף	t a χ ʃ u f
תיפסק	t i p s e k
תיפתר	t i p t e ʁ
תפגשו	t a f ɡ a ʃ u
תקשה	t a k ʃ a
articles	a ɾ t i k l e s
feel	f e e l
file	f i l e
hand	h a n d
linux	l i n u k s
lot	l o t
une	u n e
אגדית	a ɡ d i t
אהובת	a h u v e t
אולפנים	o l p a n i m
אוסטר	o s t a ʁ
אמץ	a m a t͡s
אסמאעיל	a s m a i l
אפוס	a f u s
אקריליק	a k ʁ i l i k
ארמנד	a ʁ m a n d
באוניות	b e o n j u t
באימוני	b e i m o n i
בדינר	b e d i n e ʁ
בהבחנה	b e h a v χ a n a
בולעת	b o l a a t
בזרע	b i z ʁ a
בטר	b a t a ʁ
ביהלומים	b i h e l u m i m
ביטאה	b i t a
בלמה	b a l a m a
בניקיון	b e n i k j o n
בסיפורת	b e s i f u ʁ e t
בענייניה	b a a n j a n j a
בקדש	b a k d e ʃ
ברבורים	b a ʁ b u ʁ i m
בריכוזים	b ʁ i χ u z i m
ברישומים	b ʁ i ʃ u m i m
ברנה	b a ʁ a n a
בשלהם	b i ʃ l a m
גולדי	ɡ o l a d i
גנובה	ɡ n u v a
גרדן	ɡ a ʁ d a n
גרן	ɡ a ʁ a n
דיבורית	d i b u ʁ i t
דקא	d a k a
האורתודוקסים	h e o ʁ t o d o k s i m
האלק	h e e l e k
הבערה	h i v a ʁ a
הבריז	h i v ʁ i z
הבתולות	h i v t u l u t
הגוזל	h i ɡ u z e l
הגזבר	h i ɡ z a v e ʁ
ההיסטריה	h e h i s t a ʁ j a
ההשקפות	h e h i ʃ k a f u t
הוואדי	h a v a d i
הוריך	h o ʁ i χ
הושאל	h o ʃ a e l
הזאתי	h i z a t i
הכנתם	h i χ n a t e m
הלחמניות	h i l χ a m a n j u t
הלקים	h i l k i m
המאומצת	h i m o m e t͡s e t
המדורים	h i m d u ʁ i m
המחטים	h i m χ a t i m
המסבירים	h i m s b i ʁ i m
המסמר	h i m s e m e ʁ
המפרידה	h i m p ʁ i d a
המריאו	h i m ʁ i u
המרתק	h i m ʁ a t e k
המשטחים	h i m ʃ t a χ i m
הנבחנים	h i n b a χ a n i m
הנמרץ	h i n m a ʁ e t͡s
הנן	h a n a n
הסטנדרטית	h i s t a n d a ʁ t i t
הסירים	h i s i ʁ i m
הסמיכות	h i s m i χ u t
העגולה	e e ɡ u l a
הענייה	e e n i j a
העריות	e e ʁ j u t
הפשיטות	h i f ʃ i t u t
הציף	h i t͡s i f
הצלול	h i t͡s l u l
הצענו	h i t͡s a n u
הקסטל	h i k s t e l
הריונית	h i ʁ j o n i t
הרכישות	h i ʁ k i ʃ u t
הרעיל	h i ʁ i l
השיתוק	h i ʃ i t u k
השמחות	h i ʃ m a χ u t
השפיטה	h i ʃ p i t a
השתלמה	h i ʃ t a l m a
התחליף	h i t χ a l i f
התעריף	h i t a ʁ i f
התפרצו	h i t p a ʁ a t͡s u
והבניה	v e h a v a n j a
והורגים	v e h o ʁ ɡ i m
והחיות	v e h a j u t
וחתולים	v a χ t u l i m
ויוון	v i v e n
ויתחילו	v i t χ i l u
וכוכבי	v e χ u χ a v i
ומטרת	v i m t e ʁ e t
ומירי	v e m i ʁ i
ומלאות	v i m l a u t
ומפורסמים	v i m p o ʁ s e m i m
ומפעלי	v i m p a a l i
ונד	v a n a d
וסן	v a s a n
ורטה	v a ʁ t a
ושפות	v i ʃ p u t
זולו	z o l o
זעק	z a a k
חואקין	χ o a k i n
חייבי	χ a j a v i
חילקתי	χ i l e k t i
חישה	χ i ʃ a
חישוק	χ i ʃ u k
חלוציות	χ a l u t͡s j u t
חפיסות	χ a f i s u t
חפציבה	χ a f t͡s i v a
חששנו	χ a ʃ ʃ a n u
חתרני	χ a t ʁ a n i
טורדנית	t o ʁ d a n i t
טורקיז	t o ʁ k i z
טיורינג	t i j u ʁ i ŋ ɡ
יומנה	j o m a n a
יקרב	j a k ʁ a v
יר	j a ʁ
ירין	j a ʁ i n
כברירת	k a v ʁ i ʁ e t
כומתה	k o m t a
כופין	k o f i n
כיאל	k i e l
כיבה	k i v a
כישוריהם	k i ʃ u ʁ j a m
ככוכב	k a χ u χ a v
כמשחק	k a m ʃ a χ a k
כקהילה	k a k h i l a
כרכרה	k a ʁ k a ʁ a
כשב	k a ʃ a v
לאמירה	l e e m i ʁ a
לאמירת	l e e m i ʁ e t
לבגד	l i v ɡ e d
לדב	l a d a v
להזכירך	l e h i z k i ʁ e χ
להטיח	l e h a t i a χ
להיפצע	l e h i p t͡s a
להמצאת	l e h i m t͡s a t
להרתיח	l e h a ʁ t i a χ
להתאמת	l e h i t a m e t
לואל	l o e l
לוטי	l o t i
לידיעות	l i d i u t
לינו	l i n u
לכנף	l i χ n e f
לסתירה	l i s t i ʁ a
לעט	l a a t
לעיירות	l a a j a ʁ u t
לפיצוח	l e f i t͡s u a χ
לצל	l a t͡s a l
לצלילים	l i t͡s l i l i m
לקדוח	l a k d u a χ
לקציני	l i k t͡s i n i
לקראתנו	l i k ʁ a t a n u
לקרבה	l i k ʁ a v a
לרבו	l a ʁ b u
לשלש	l i ʃ l e ʃ
לשתיהן	l i ʃ t j a n
לתקנו	l i t k a n u
מגלן	m a ɡ l a n
מדמות	m a d m u t
מחליטות	m a χ l i t u t
מחקירת	m a χ k i ʁ e t
מטפחים	m i t p a χ i m
מיוונית	m i v a n i t
מיטיבה	m i t i v a
מיימון	m a j a m o n
מיסה	m i s a
מישר	m i ʃ e ʁ
מלאכתם	m a l a χ t e m
מלבב	m a l b a v
ממכה	m a m χ a
ממרא	m a m ʁ a
ממרומי	m a m ʁ u m i
ממשמר	m i m ʃ a m e ʁ
מנשקו	m i n ʃ a k o
מעיניהם	m e i n j a m
מצמצמים	m i t͡s m a t͡s m i m
מרגיזה	m a ʁ ɡ i z a
מרגרינה	m a ʁ ɡ ʁ i n a
משבחים	m i ʃ b a χ i m
נאד	n a a d
נגרמות	n i ɡ ʁ a m u t
ניסיונית	n i s j o n i t
נכר	n i χ a ʁ
נלחמות	n i l χ a m u t
נלעג	n i l a ɡ
נקש	n a k a ʃ
נרדפו	n i ʁ d e f u
נשמיד	n i ʃ m i d
סוויני	s v i n i
סופק	s o f e k
סטארגייט	s t a ʁ ɡ a j t
סילברמן	s i l b a ʁ m a n
סית	s i t
ססגוני	s a s ɡ o n i
ספוגה	s f u ɡ a
סקילה	s k i l a
סתו	s a t u
עברם	a v ʁ a m
עוואד	a v a d
עונד	o n a d
ענייניה	a n j a n j a
עקיפות	a k i f u t
עקרוניות	a k ʁ o n j u t
עשיריות	a ʃ i ʁ j u t
פב	p a v
פוגם	p o ɡ e m
פולשני	p o l ʃ a n i
פלוגתא	p l u ɡ t a
פקיעין	p k i i n
צמים	t͡s a m i m
קברט	k a v a ʁ a t
קברניטי	k a v ʁ a n i t i
קולנית	k o l a n i t
קירב	k i ʁ e v
קנדית	k a n d i t
קפאו	k a f a u
קרישי	k ʁ i ʃ i
קרעה	k a ʁ a
קרץ	k a ʁ a t͡s
רועשים	ʁ o a ʃ i m
רזות	ʁ a z u t
רחמה	ʁ a χ m a
רמזה	ʁ a m z a
רמתי	ʁ a m t i
רצחנית	ʁ a t͡s χ a n i t
שאחיה	ʃ e a χ j a
שאמת	ʃ e e m e t
שבגינה	ʃ a v ɡ i n a
שדון	ʃ a d o n
שדרנית	ʃ a d ʁ a n i t
שהמפתח	ʃ e h i m p a t e a χ
שהקיף	ʃ a h k i f
שחומר	ʃ a χ u m a ʁ
שחושף	ʃ a χ u ʃ e f
שיזכיר	ʃ i z k i ʁ
שיחותיו	ʃ i χ u t a v
שילת	ʃ i l e t
שיצחק	ʃ i t͡s χ a k
שישוב	ʃ i ʃ u v
שלבשה	ʃ a l b a ʃ a
שמלחמה	ʃ i m l a χ m a
שמצרים	ʃ i m t͡s a ʁ i m
שמשתנה	ʃ i m ʃ t a n a
שנוכח	ʃ n u χ a χ
שסועה	ʃ a s u a
שרוכים	ʃ a ʁ u χ i m
ששוחררה	ʃ e ʃ u χ ʁ a ʁ a
ששפת	ʃ i ʃ p e t
תאב	t a a v
תגרה	t a ɡ ʁ a
תחתי	t a χ t i
תטה	t a t a
תקציביות	t a k t͡s i v j u t
תקציביים	t a k t͡s i v a j i m
תשפטו	t i ʃ p a t u
תשקיע	t i ʃ k i a
cm	s e m
else	e l s e
fifa	f i f a
gta	ɡ t a
jump	d͡ʒ u m p
kit	k i t
stand	s t a n d
אבדנו	a v d a n u
אבישר	a v i ʃ e ʁ
אדא	a d a
אובה	o v a
אורבים	o ʁ b i m
אחמר	a χ m a ʁ
אירוטי	i ʁ u t i
אלמוגי	a l m u ɡ i
אלעל	a l a a l
אלקה	a l a k a
אלרואי	a l ʁ u i
אנטונינוס	a n t o n i n o s
אנן	a n a n
אפך	a f a χ
אפלק	a f l a k
אפם	a f a m
ארוטית	a ʁ u t i t
ארנקים	a ʁ n a k i m
באכיפת	b e e χ i f e t
בהבטחת	b e h i v t a χ e t
בהשפעות	b e h i ʃ p a u t
בהתמחות	b e h i t m a χ u t
בליק	b a l i k
במילת	b e m i l e t
בנימוקים	b e n i m u k i m
בעיקרן	b e i k ʁ a n
בענייניו	b a a n j a n j u
בקמח	b a k m a χ
ברביע	b a ʁ b i a
ברנסון	b a ʁ n a s o n
בתולדותיו	b e t u l d u t j u
גדילת	ɡ a d i l e t
גיב	ɡ i v
גיטריסט	ɡ i t ʁ i s t
גלידות	ɡ l i d u t
גלימות	ɡ l i m u t
גלימת	ɡ l i m e t
גליקסון	ɡ l i k s o n
גסטון	ɡ a s t o n
גריגורי	ɡ ʁ i ɡ o ʁ i
דיפו	d i f u
דיקי	d i k i
דרישותיהם	d ʁ i ʃ u t j a m
האדרת	h e e d e ʁ e t
האוקיאנוס	h e o k i a n o s
האלרגיה	h e e l ʁ e ɡ j a
האנונימי	h e e n o n i m i
הדגירה	h i d ɡ i ʁ a
הדון	h a d o n
ההברה	h e h a v a ʁ a
ההדברה	h e h a d b a ʁ a
ההוקרה	h e h o k a ʁ a
הומוריסטי	h o m o ʁ i s t i
הופתעה	h o f t a a
הושאר	h o ʃ a ʁ
הושלכה	h o ʃ l a χ a
הזכרי	h i z k a ʁ i
החנק	h a χ n a k
החתמת	h i χ t e m e t
הטהורים	h i t h o ʁ i m
הטריים	h i t ʁ a j i m
היאחזות	h i a χ a z u t
היציקה	h i t͡s i k a
הלשכות	h i l ʃ a χ u t
המדינאי	h i m d i n a j
המזקקה	h i m z a k a
המכונאי	h i m k o n a j
המסרק	h i m s ʁ e k
המעליות	h i m a l j u t
המעסיקה	h i m a s i k a
המתירים	h i m t i ʁ i m
המתמודדת	h i m t a m u d e d e t
הנאמרת	h i n a m e ʁ e t
הנואש	h i n u a ʃ
הנחישות	h i n χ i ʃ u t
הנרחבים	h i n ʁ a χ a v i m
הנשירה	h i n ʃ i ʁ a
הנתק	h i n t e k
הסבך	h i s b e χ
הסחיטה	h i s χ i t a
הסמכת	h i s m e χ e t
העשיה	e e ʃ j a
העשיל	e e ʃ i l
הפיצוצים	h i f i t͡s u t͡s i m
הצהרתי	h i t͡s h a ʁ t i
הציתה	h i t͡s i t a
הצלתם	h i t͡s l a t e m
הצפוניות	h i t͡s p o n j u t
הקלו	h i k l u
הקרחונים	h i k ʁ a χ o n i m
הריץ	h a ʁ i t͡s
הרכבל	h i ʁ k a v e l
הרמבם	h i ʁ m b e m
הרמנו	h i ʁ m a n u
הרפיה	h i ʁ p j a
הרתיחה	h i ʁ t i χ a
השטף	h i ʃ t e f
השרצים	h i ʃ ʁ a t͡s i m
התבוננו	h i t b o n a n u
התבצעו	h i t b a t͡s a u
התגרשה	h i t ɡ a ʁ ʃ a
התהודה	h i t h u d a
התמידית	h i t m i d i t
התקדמת	h i t k a d e m e t
התרעת	h i t ʁ a a t
ודודו	v a d u d u
והעדיף	v e e d i f
והפירות	v e h e f i ʁ u t
והצוואר	v e h i t͡s v a ʁ
והצעיר	v e h i t͡s i ʁ
וורת	w a ʁ a t
וחמשה	v a χ m a ʃ a
וידו	v i d u
וידיעת	v i d i a t
ויענו	v i a n u
וישוב	v i ʃ u v
וישיבות	v i ʃ i v u t
ולאי	v a l a j
ומפנים	v i m p a n i m
ומתקבל	v i m t a k b e l
ונשארים	v i n ʃ a ʁ i m
ועדינה	v e a d i n a
וקניה	v a k a n j a
ורקע	v a ʁ k a
זעקות	z a a k u t
חברויות	χ a v ʁ u j u t
חזיז	χ a z i z
חטאה	χ a t a
חלומותיהם	χ a l u m u t j a m
חצית	χ a t͡s i t
חתוכה	χ a t u χ a
טורינו	t o ʁ i n u
יבמ	j a v a m
ידוענים	j a d u a n i m
יוגי	j o ɡ i
יסדו	j a s d u
כבדיחה	k a v d i χ a
כורתים	k o ʁ t i m
כיועצת	k i j u a t͡s e t
ככלב	k a χ l a v
כמהין	k a m h i n
כמותיים	k a m u t a j i m
כמרקחה	k a m a ʁ k a χ a
כריכות	k ʁ i χ u t
כשגריר	k a ʃ ɡ ʁ i ʁ
לארצנו	l e a ʁ t͡s a n u
להפתעתי	l e h i f t a a t i
להתיידד	l e h i t j a d e d
להתרחבות	l e h i t ʁ a χ a v u t
לזרע	l i z ʁ a
לחסימה	l a χ s i m a
לימודיות	l i m u d j u t
ליעדם	l i a d e m
ליראות	l i ʁ a u t
ליריבה	l i ʁ i v a
ליתומים	l i t u m i m
לכשל	l i χ ʃ e l
למברג	l i m b ʁ e ɡ
למסעדות	l i m s a d u t
לנסר	l i n s e ʁ
לפן	l a f a n
לצוותי	l i t͡s v a t i
לצעדים	l i t͡s a d i m
לצריכת	l i t͡s ʁ i χ t
לקדמת	l i k d e m e t
לקנח	l a k n a χ
לשטיפת	l i ʃ t i f e t
לשריר	l i ʃ ʁ i ʁ
מגיה	m a ɡ j a
מהיער	m e h i a ʁ
מווינה	m a v i n a
מזדקנים	m i z d e k a n i m
מזלזלים	m i z l a z a l i m
מחצה	m a χ t͡s a
מילדיו	m i l a d j u
מילונים	m i l o n i m
מישנה	m i ʃ a n a
מכנסים	m a χ n a s i m
מלהתקיים	m a l h i t k a j i m
ממו	m a m u
ממקורביו	m a m k o ʁ b j u
מסריק	m a s ʁ i k
מעישון	m e i ʃ o n
מפז	m a f a z
מקלים	m a k l i m
מרבין	m a ʁ b i n
משדי	m i ʃ d i
משתינים	m i ʃ t i n i m
משתמט	m i ʃ t a m e t
נסחפים	n i s χ a f i m
סוחטים	s o χ t i m
סונים	s o n i m
סחלב	s a χ l a v
סמטאות	s a m t a u t
סמני	s a m a n i
סנדלי	s a n d a l i
סריגה	s ʁ i ɡ a
עזאזל	a z a z e l
עקיפת	a k i f e t
פולימר	p o l i m e ʁ
פופינס	p o f i n e s
פיתויים	p i t u j i m
פם	p a m
פסטל	p a s t a l
צביונה	t͡s a v j o n a
צדפים	t͡s a d a f i m
צליינים	t͡s a l a j a n i m
צלצולים	t͡s a l t͡s u l i m
קדרי	k a d a ʁ i
קהלני	k a h l a n i
קוגניטיביות	k o ɡ n i t i v j u t
קוסמת	k o s e m e t
קורנליוס	k o ʁ n a l j o s
קיפניס	k i p n i s
קלוגר	k l u ɡ e ʁ
קלמנט	k a l m a n t
קנר	k a n a ʁ
קסל	k a s a l
קרירות	k ʁ i ʁ u t
קשריהם	k a ʃ ʁ i j a m
רוחא	ʁ o χ a
רולף	ʁ o l e f
ריכזה	ʁ i χ z a
רמ	ʁ a m
שבלתי	ʃ a v l a t i
שהמנהל	ʃ a h m a n a l
שזוף	ʃ a z u f
שזיכה	ʃ a z i χ a
שמיא	ʃ a m i
שמערכות	ʃ i m a ʁ χ u t
שנטלה	ʃ i n t a l a
שרם	ʃ a ʁ a m
תגבה	t a ɡ v a
תושג	t o ʃ e ɡ
תרשיחא	t a ʁ ʃ i χ a
abraham	a b r a h a m
dem	d e m
many	m a n i
talk	t a l k
אבותם	a v u t e m
אביגור	a v i ɡ o ʁ
אוגו	o ɡ o
אוקונור	o k o n o ʁ
איביזה	i b i z a
איצקוביץ	i t͡s k o v i t͡s
אכרם	a χ ʁ a m
אלבי	a l a v i
אלח	a l a χ
אנליטי	a n l i t i
אסיא	a s i
באינטראקציה	b i n t ʁ a k t͡s j a
באשיר	b e a ʃ i ʁ
בהאזנה	b e h a z a n a
בהורות	b e h o ʁ u t
בהתחדשות	b e h i t χ a d e ʃ u t
בוכנה	b u χ n a
ביגון	b i ɡ o n
ביעקב	b i a k e v
בכיסי	b e χ i s i
בלשונות	b a l ʃ o n u t
במיזוג	b e m i z u ɡ
ברלוסקוני	b a ʁ l o s k o n i
בשוחד	b e ʃ u χ a d
בתאו	b a t a u
גוס	ɡ o s
גידלת	ɡ i d e l e t
גלילים	ɡ l i l i m
גמורות	ɡ a m u ʁ u t
דורסים	d o ʁ s i m
דחקה	d a χ a k a
דינאמית	d i n a m i t
דירוגים	d i ʁ u ɡ i m
האפריקני	h e e f ʁ i k a n i
הבנאים	h i v n a i m
הגבאי	h i ɡ b a j
הגידים	h i ɡ i d i m
הדוגמנות	h i d u ɡ m a n u t
הדלקה	h i d l a k a
הדנה	h a d a n a
ההעדפות	h e e d e f u t
הודף	h o d e f
הוץ	h o t͡s
הורדנו	h o ʁ d a n u
הזברה	h i z b a ʁ a
הזריקות	h i z ʁ i k u t
החסרות	h i χ s a ʁ u t
הטמאים	h i t m a i m
היבשתית	h i b ʃ a t i t
היזק	h i z e k
היתד	h i t e d
הכבשן	h i χ b e ʃ e n
הכלוא	h i χ l u
המזינים	h i m z i n i m
המנין	h i m n i n
המסובך	h i m s o v e χ
המפטון	h i m p a t o n
המצחיקים	h i m t͡s χ i k i m
המקדמים	h i m k a d e m i m
המשאבות	h i m ʃ a v u t
הנדנדה	h i n d a n d a
הנחית	h i n χ i t
הנציגה	h i n t͡s i ɡ a
הסדינים	h i s d i n i m
העיקשת	h e i k e ʃ e t
הענווה	e e n v a
העקומה	e e k u m a
הפגועה	h i f ɡ u a
הפסדי	h i f s e d i
הצהובות	h i t͡s h o v u t
הציורי	h i t͡s j o ʁ i
הצפופים	h i t͡s p o f i m
הצפיות	h i t͡s p i j u t
הקלישאה	h i k l i ʃ a
הקמיע	h i k m i a
הרדיקלים	h i ʁ d i k l i m
הרפש	h i ʁ p e ʃ
הרתיעה	h i ʁ t i a
השחלה	h i ʃ χ a l a
השיעית	h i ʃ i i t
השמאלנית	h i ʃ m a l a n i t
השפיל	h i ʃ p i l
השתכר	h i ʃ t a k e ʁ
התאמתם	h i t a m t e m
התחדשה	h i t χ a d e ʃ a
התלאות	h i t l a u t
התעמת	h i t a m e t
והבוקר	v e h a b o k e ʁ
והומור	v e h o m o ʁ
והירידה	v e h i ʁ i d a
והתיר	v e h i t i ʁ
וזיהום	v i z j a h u m
וחל	v a χ a l
וטס	v a t a s
וידידות	v i d i d u t
ויחידים	v i χ i d i m
ויער	v i a ʁ
ויקיליקס	v i k i l i k s
וכינה	v e χ i n a
ומרשים	v i m ʁ e ʃ i m
ועברנו	v e a v ʁ a n u
ועצמאי	v a a t͡s m a j
ופורץ	v e f o ʁ e t͡s
וקדוש	v a k d u ʃ
וקידושין	v e k i d u ʃ i n
ורבא	v a ʁ b a
ורגשי	v a ʁ ɡ a ʃ i
ושינו	v e ʃ i n u
ותקנה	v i t k a n a
חדלי	χ a d a l i
חופשים	χ o f ʃ i m
חותמה	χ o t e m a
חיסלנו	χ i s l a n u
חנני	χ a n a n i
חשדנות	χ a ʃ d a n u t
טוניק	t o n i k
טחול	t a χ u l
יאניס	j a a n i s
יולנדה	j o l a n d a
יוקו	j o k o
יחסיים	j a χ s a j i m
ייחשף	j i χ ʃ e f
יפסוק	j a f s o k
יתפלל	j i t p a l e l
כבנו	k a v a n u
כחדר	k a χ d a ʁ
כעבודה	k a a v u d a
כשבעה	k a ʃ b a a
כשף	k a ʃ a f
כשקוראים	k a ʃ k o ʁ a j i m
לבקתה	l i v k a t a
להוזיל	l e h u z i l
להיטהר	l e h i t a ʁ
להימנות	l e h i m a n u t
לוואלה	l a v a l a
לחלבון	l a χ l a v o n
לחמניה	l a χ m a n j a
לידידי	l i d i d i
לכרם	l i χ ʁ e m
לכתם	l i χ t e m
למצע	l i m t͡s a
לספריות	l i s p a ʁ j u t
לסרי	l i s ʁ i
לענפים	l a a n a f i m
לערוצי	l e a ʁ u t͡s i
לקיצה	l e k i t͡s a
לשאלתי	l i ʃ a l t i
לשקד	l i ʃ k e d
לשקע	l i ʃ k a
לתעשיה	l i t a ʃ j a
מאיצים	m e i t͡s i m
מגבית	m a ɡ v i t
מגיוס	m a ɡ j o s
מהתקרה	m e h i t k a ʁ a
מוג	m o ɡ
מורחבים	m o ʁ χ a v i m
מזמרים	m i z m a ʁ i m
מחליפו	m a χ l i f u
מחתה	m a χ t a
מימית	m i m i t
מסדרונות	m a s d a ʁ o n u t
מסעה	m a s a
מסתלבט	m i s t a l b e t
מסתער	m i s t a a ʁ
מעסה	m a a s a
מפץ	m a f a t͡s
מצטמצמת	m i t͡s t a m t͡s e m e t
מקראיות	m a k ʁ a j u t
מרגלי	m a ʁ ɡ a l i
מרזוק	m a ʁ z u k
מרטינס	m a ʁ t i n e s
מרלון	m a ʁ l o n
משפעת	m i ʃ p a a t
מתייעץ	m i t j a a t͡s
מתייצבת	m i t j a t͡s e v e t
מתפרסמת	m i t p a ʁ s e m e t
מתריע	m i t ʁ i a
נגררה	n i ɡ ʁ a ʁ a
נותרנו	n o t ʁ a n u
ניזוקה	n i z u k a
נסדק	n i s d e k
נסקור	n i s k o ʁ
נשלחות	n i ʃ l a χ u t
נשמותיהם	n i ʃ m u t j a m
סבתות	s a v t u t
סולט	s o l a t
סיטון	s i t o n
סילקו	s i l k o
סמכויותיה	s a m k u j u t j a
ספד	s a f a d
ספיבק	s f i b e k
עדני	a d a n i
ערניים	a ʁ n a j i m
עשיתן	a ʃ i t e n
פורז	p o ʁ e z
פחדנו	p a χ d a n u
פיטרה	p i t a ʁ a
פלאס	p a l a s
פרדות	p a ʁ d u t
פרון	p a ʁ o n
פריג	p ʁ i ɡ
פרן	p a ʁ a n
פרסומה	p a ʁ s u m a
צופיה	t͡s o f j a
צחקנו	t͡s a χ k a n u
ציאניד	t͡s i a n i d
ציפורני	t͡s i p o ʁ a n i
קג	k a ɡ
קומתיים	k o m t a j i m
קונן	k o n a n
קוקרן	k o k ʁ a n
קיטינג	k i t i ŋ ɡ
קיטס	k i t e s
קימת	k i m e t
קלם	k a l a m
קמפינג	k a m p i ŋ ɡ
ראג	ʁ a a ɡ
רהיט	ʁ a h i t
רהיטי	ʁ a h i t i
רודריק	ʁ o d ʁ i k
רוורס	ʁ a v ʁ a s
רוזנר	ʁ o z a n a ʁ
רייד	ʁ a j a d
רעבות	ʁ a a v u t
רענון	ʁ a a n o n
רתיחה	ʁ a t i χ a
שארע	ʃ e a ʁ a
שהוליד	ʃ e h u l i d
שהמתינו	ʃ a h i m t i n u
שהפה	ʃ a h a f a
שחאדה	ʃ a χ a d a
שחוקים	ʃ a χ u k i m
שיגלו	ʃ i ɡ l u
שישנת	ʃ i ʃ e n e t
שלוליות	ʃ l u l j u t
שמאליים	ʃ a m a l a j i m
שמחלקת	ʃ i m χ a l e k e t
שמיטת	ʃ m i t e t
שמיס	ʃ a m i s
שמפקד	ʃ i m p e k e d
שמציעה	ʃ i m t͡s i a
שמשרתים	ʃ i m ʃ a ʁ t i m
שמתחבר	ʃ i m t a χ b e ʁ
שקולניק	ʃ k o l a n i k
שתא	ʃ a t a
תבכו	t a v χ u
תחדל	t a χ d e l
תחוש	t a χ u ʃ
תיחום	t i χ u m
תלי	t a l i
תקוותי	t a k v a t i
תרבותה	t a ʁ b u t a
moses	m o s e s
ne	n e
qui	k i
samuel	s a m u e l
xx	k s
אביאל	a v i e l
אגתה	a ɡ t a
אומרין	o m ʁ i n
אזלה	a z a l a
אלומת	a l u m e t
אלש	a l a ʃ
אנטוניה	a n t o n j a
אסיד	a s i d
אקטיביות	a k t i v j u t
אשורי	a ʃ u ʁ i
בווין	b a v i n
ביב	b i v
ביוטה	b i j u t a
ביטויה	b i t u j a
ביצירותיהם	b i t͡s i ʁ u t j a m
ביקב	b i k e v
בכוחן	b e χ u χ a n
בכישורים	b e χ i ʃ u ʁ i m
בלאי	b a l a j
בליעת	b a l i a t
בלנק	b a l a n a k
בלנקה	b a l a n k a
במינונים	b e m i n o n i m
בסון	b a s o n
בעוף	b a u f
בקמן	b a k m a n
בתחלואה	b i t χ a l u a
בתנו	b a t a n u
בתענית	b i t a a n i t
גיהוץ	ɡ i h u t͡s
גילמה	ɡ i l m a
גרירת	ɡ ʁ i ʁ e t
דאית	d a i t
דיב	d i v
דיוואן	d i v a n
דינמיות	d i n e m j u t
דליים	d a l a j i m
דמך	d a m a χ
האבידות	h e e v i d u t
האימות	h e i m u t
האינדי	h e i n d i
הבריתות	h i v ʁ i t u t
הגבילו	h i ɡ b i l u
הדביקה	h i d b i k a
הדודות	h i d u d u t
ההזוי	h e h a z u j
הובנה	h o v a n a
הוגלה	h o ɡ l a
הושבת	h o ʃ e v e t
הות	h o t
הטבעה	h i t b a a
הטעייה	h i t a j a
היברידית	h i b ʁ i d i t
היתדות	h i t d u t
הכנתו	h i χ n a t u
הכפלה	h i χ p e l a
הלחש	h i l χ e ʃ
המבוצעים	h i m b u t͡s a i m
המחריד	h i m χ a ʁ i d
המחתרתית	h i m χ a t a ʁ t i t
הממוקמות	h i m m o k e m u t
המספרות	h i m s p a ʁ u t
המפונים	h i m p o n i m
המקדמה	h i m k a d e m a
המקנים	h i m k a n i m
המשלימה	h i m ʃ l i m a
הנדוניה	h i n d o n j a
הנמרים	h i n m a ʁ i m
הנתבעת	h i n t a b a a t
העיבודים	h e i b u d i m
העמסת	h e e m e s e t
הפסול	h i f s u l
הצאצא	h i t͡s a t͡s a
הציורית	h i t͡s j o ʁ i t
הקולה	h i k u l a
הקשתה	h i k ʃ a t a
הרעפים	h i ʁ a f i m
הרריים	h i ʁ ʁ a j i m
השכרה	h i ʃ k a ʁ a
התוכחה	h i t u χ a χ a
התעתיק	h i t a t i k
התרצה	h i t ʁ a t͡s a
ואיתור	v e i t u ʁ
והוקם	v e h o k e m
והחדש	v e χ a d e ʃ
והעשיר	v e e ʃ i ʁ
והפרקליטות	v e h i p ʁ a k l i t u t
וורהול	v a ʁ h u l
וחטף	v a χ t e f
ויגדל	v i ɡ d e l
וימות	v i m u t
וימצאו	v i m t͡s a u
ויקראו	v i k ʁ a u
וישו	v i ʃ u
ולאם	v a l a m
ולענין	v a l a n i n
ומביע	v i m b i a
ומחברת	v i m χ a v a ʁ e t
ומכונת	v i m χ o n e t
ומלכת	v i m l e χ e t
ומעין	v i m i n
ומראשי	v i m ʁ a ʃ i
וני	v a n i
ועתיקותיה	v e a t i k u t j a
וקירות	v e k i ʁ u t
וקשיי	v a k ʃ a j
ורעש	v a ʁ a ʃ
ושוד	v e ʃ u d
ושולחת	v e ʃ u l a χ a t
ותהנה	v i t h a n a
ותכנית	v i t χ a n i t
חליבה	χ a l i v a
חשיב	χ a ʃ i v
טיפוליים	t i p u l a j i m
טיפסה	t i p s a
טפלו	t a f l u
ידות	j a d u t
יטה	j a t a
יישומה	j i ʃ u m a
ינו	j a n u
ירחיב	j a ʁ χ i v
יתבע	j i t b a
יתפרק	j i t p a ʁ e k
כחיות	k a χ j u t
כחלחל	k a χ l a χ a l
כחסר	k a χ s a ʁ
כשבן	k a ʃ b a n
כשוטר	k ʃ u t e ʁ
כששואלים	k a ʃ ʃ u a l i m
לאידיוט	l e i d j u t
לבצעה	l i v t͡s a a
להעדר	l e h a d e ʁ
להעצמת	l e h a t͡s e m e t
להפלה	l e h a f l a
להשקפת	l e h i ʃ k e f e t
להת	l a h a t
להתקומם	l e h i t k o m e m
לחטאת	l a χ t a t
לטבוח	l i t b u a χ
לינדן	l i n d a n
לכודה	l e χ u d a
לכרוך	l i χ ʁ u χ
למלט	l i m l e t
למצר	l i m t͡s e ʁ
לנדור	l i n d u ʁ
לנשר	l i n ʃ e ʁ
לספרה	l i s p a ʁ a
לקברי	l i k b a ʁ i
לרקיע	l a ʁ k i a
לשדל	l i ʃ d e l
לתורם	l a t u ʁ a m
מגדלנה	m a ɡ d a l a n a
מגמתית	m a ɡ m a t i t
מדורת	m a d u ʁ e t
מהא	m a h a
מודרניזציה	m o d ʁ a n i z a t͡s j a
מועטת	m o a t e t
מופנם	m o f a n a m
מופרש	m o f ʁ e ʃ
מופשטות	m o f ʃ a t u t
מורעל	m o ʁ a l
מזמנת	m i z m e n e t
מחקרה	m a χ k a ʁ a
מחרים	m a χ ʁ i m
מילוליות	m i l u l j u t
מינויה	m i n u j a
מיסיונרית	m i s j o n a ʁ i t
מישיבות	m i ʃ i v u t
מלכוד	m a l χ u d
מלצרים	m a l t͡s a ʁ i m
ממשות	m a m ʃ u t
מסתערים	m i s t a a ʁ i m
מעיקה	m e i k a
מרגיזים	m a ʁ ɡ i z i m
משבת	m i ʃ b e t
מתבשל	m i t b a ʃ e l
מתגים	m i t ɡ i m
מתחה	m i t χ a
מתפצל	m i t p a t͡s e l
מתפצלים	m i t p a t͡s a l i m
מתקינים	m i t k i n i m
מתקלקל	m i t k a l k e l
מתשעה	m i t ʃ a a
נבער	n i v a ʁ
נועצים	n o a t͡s i m
נוקאאוט	n o k a u t
ניהוליים	n i h u l a j i m
נלווית	n i l v i t
נספק	n i s p e k
נפלנו	n i f l a n u
נשקי	n i ʃ k i
נשתף	n i ʃ t e f
סובלנית	s o v l a n i t
סופח	s o f a χ
סז	s a z
סיידי	s a j a d i
סיפח	s i p e a χ
עווית	a v i t
עיצובה	i t͡s u v a
עלומה	a l u m a
עצלנית	a t͡s l a n i t
פגזי	p a ɡ z i
פוזנר	p o z a n a ʁ
פולוק	p o l o k
פורקס	p o ʁ k e s
פיבודי	p i b u d i
פרגית	p a ʁ ɡ i t
פריטה	p ʁ i t a
צרוב	t͡s a ʁ u v
קאסט	k a a s t
קוגל	k o ɡ e l
קונצרן	k o n t͡s a ʁ a n
קיצי	k i t͡s i
קיקי	k i k i
קנא	k a n a
קק	k a k
קרוואן	k a ʁ v a n
קשובה	k a ʃ u v a
רוויות	ʁ a v j u t
ריבוני	ʁ i b o n i
ריטר	ʁ i t e ʁ
רעיונותיהם	ʁ a a j o n u t j a m
רשא	ʁ a ʃ a
שאחזה	ʃ e a χ z a
שבטית	ʃ a v t i t
שהחיה	ʃ a h a χ j a
שהלחץ	ʃ a h a l χ a t͡s
שהתביעה	ʃ e h i t b i a
שוחזר	ʃ o χ z a ʁ
שוליה	ʃ u l j a
שוקת	ʃ o k e t
שחדש	ʃ a χ d e ʃ
שחשה	ʃ a χ ʃ a
שיחיה	ʃ i χ j a
שיחפש	ʃ i χ p e ʃ
שלושתן	ʃ l u ʃ t a n
שמבדיל	ʃ i m b d i l
שמכין	ʃ i m k i n
שמציעים	ʃ i m t͡s i i m
שמתקיימת	ʃ i m t a k a j i m e t
שמתקשר	ʃ i m t a k ʃ e ʁ
שנהרגה	ʃ i n h a ʁ ɡ a
שניתנים	ʃ n i t a n i m
שפג	ʃ a f a ɡ
שפורטו	ʃ p o ʁ t o
שרתוק	ʃ a ʁ t u k
שתשכח	ʃ i t ʃ a χ a χ
תורתנו	t o ʁ t a n u
תותי	t o t i
תימוכין	t i m u χ i n
תלושים	t a l u ʃ i m
תרבית	t a ʁ b i t
תרמילים	t a ʁ m i l i m
alpha	a l f a
death	d e a t
even	e v e n
fine	f i n e
forum	f o ɾ u m
fund	f u n d
listen	l i s t e n
put	p u t
shall	ʃ a l
shift	ʃ i f t
אבותי	a v u t i
אגירת	a ɡ i ʁ e t
אדוניו	a d o n j u
אהרונוב	a h ʁ o n o v
אוהו	o h u
אווירון	a v i ʁ o n
אורטגה	o ʁ t e ɡ a
איכזב	i χ z e v
אילוסטרציה	i l u s t a ʁ t͡s j a
אליפז	a l i p e z
אסלן	a s l a n
ארסיים	a ʁ s a j i m
אשנא	a ʃ n a
באוזניות	b e u z a n j u t
בגרונו	b a ɡ ʁ o n u
בהגבלת	b e h i ɡ v e l e t
בהשלכות	b e h i ʃ l a χ u t
בהשקפת	b e h i ʃ k e f e t
בחיקוי	b e χ i k o j
ביטים	b i t i m
בישבן	b i ʃ b e n
בלוגרית	b l u ɡ ʁ i t
במיטת	b e m i t e t
בנישואי	b e n i ʃ u i
בעייני	b a a j a n i
ברברית	b a ʁ b a ʁ i t
ברוע	b a ʁ u a
בשובה	b e ʃ u v a
בשחמט	b i ʃ χ a m e t
בשחקנים	b i ʃ χ a k a n i m
בשטיח	b i ʃ t i a χ
בשישים	b e ʃ i ʃ i m
גודפרי	ɡ o d p a ʁ i
גרדה	ɡ a ʁ d a
דהאי	d a h a j
דודאי	d o d a j
דיונות	d i j o n u t
דנבר	d i n b e ʁ
דראקו	d a ʁ a k o
האודישן	h e o d i ʃ e n
הבחנו	h i v χ a n u
הבחנות	h i v χ a n u t
הגמוניה	h i ɡ m o n j a
הגנתה	h i ɡ n a t a
הגעגוע	h i ɡ a ɡ u a
הדליפה	h i d l i f a
הדריסה	h i d ʁ i s a
הוב	h o v
הוכתרה	h o χ t a ʁ a
הוליכה	h o l i χ a
הונם	h o n e m
הזנק	h i z n e k
הזריעה	h i z ʁ i a
החב	h a χ a v
החולין	h e χ u l i n
החסכונות	h i χ s k o n u t
הטבחים	h i t b a χ i m
הטרול	h i t ʁ u l
הכאת	h i χ a t
הכרתה	h i χ ʁ a t a
הכשירה	h i χ ʃ i ʁ a
המביך	h i m b i χ
המדוכאים	h i m d u χ a i m
הממלאים	h i m m a l a j i m
המנהיגה	h i m n e h i ɡ a
המסד	h i m s e d
המעוררת	h i m o ʁ e ʁ e t
המפיץ	h i m p i t͡s
המפיצים	h i m p i t͡s i m
המשגיחים	h i m ʃ ɡ i χ i m
המתיקות	h i m t i k u t
הנחלת	h i n χ e l e t
הנלמדת	h i n l a m e d e t
הסיט	h i s i t
הסמרטוט	h i s m a ʁ t u t
הסרסור	h i s ʁ a s o ʁ
העילי	h e i l i
העקירה	e e k i ʁ a
העריסה	e e ʁ i s a
הפו	h a f u
הצגנו	h i t͡s ɡ a n u
הצעתם	h i t͡s a t e m
הצפופה	h i t͡s p o f a
הקודר	h i k u d e ʁ
הקוורטרבק	h i k v e ʁ t a ʁ b e k
הקופון	h i k o f o n
הקינון	h i k i n o n
הקלת	h i k l e t
הקנאית	h i k n a i t
הקרות	h i k ʁ u t
הקשירה	h i k ʃ i ʁ a
הרטיבות	h i ʁ t i v u t
השביע	h i ʃ b i a
השמטה	h i ʃ m a t a
התורות	h i t u ʁ u t
התורים	h i t u ʁ i m
התחננה	h i t χ a n a n a
התכולה	h i t k u l a
התמזל	h i t m a z e l
התסריטים	h i t s ʁ i t i m
התעלל	h i t a l e l
התעלף	h i t a l e f
התפנו	h i t p a n u
התקריות	h i t k a ʁ j u t
ואינון	v e i n o n
ואכזרית	v e a χ z a ʁ i t
ודג	v a d a ɡ
ודיברנו	v e d i b ʁ a n u
וההיסטורי	v e h i s t o ʁ i
והחוקר	v e h o k e ʁ
והידוע	v e h i d u a
ויגד	v i ɡ e d
וידיד	v i d i d
ויספר	v i s p e ʁ
ויפל	v i p e l
וירי	v i ʁ i
וירידת	v i ʁ i d e t
ומפתה	v i m p a t a
ומשול	v i m ʃ u l
ומשפחתי	v i m ʃ p a χ t i
ונא	v a n a
וניגש	v e n i ɡ e ʃ
וסיפק	v e s i p e k
וק	v a k
ורבנו	v a ʁ b a n u
ורעיון	v a ʁ a j o n
ורציני	v a ʁ t͡s i n i
ושיחה	v e ʃ i χ a
ושיפוץ	v e ʃ i p u t͡s
ושמרה	v i ʃ m a ʁ a
זבה	z a v a
זוהרות	z o h a ʁ u t
זמם	z a m a m
זריעה	z a ʁ i a
זרת	z a ʁ a t
חברותית	χ a v ʁ u t i t
חדורי	χ a d u ʁ i
חובשת	χ o v e ʃ e t
חודשו	χ o d e ʃ u
חומריות	χ o m a ʁ j u t
חינני	χ i n a n i
חיסוני	χ i s o n i
חמוציות	χ a m u t͡s j u t
חממות	χ a m a m u t
חפציה	χ a f a t͡s j a
חשוכת	χ a ʃ u χ a t
טאונסנד	t e o n s a n d
טסי	t a s i
טרוויס	t a ʁ v i s
יידו	j i d u
ייה	j a j a
ינאש	j a n a ʃ
יעניש	j a a n i ʃ
יעף	j a a f
יפר	j a f a ʁ
יקוב	j a k u v
ישתלם	j i ʃ t a l e m
לבאי	l a v a j
לבטי	l a v a t i
לברכות	l i v ʁ a χ u t
להאי	l a h a j
להטיב	l e h a t i v
להימאס	l e h i m a s
להכתיר	l e h i χ t i ʁ
להצדיע	l e h i t͡s d i a
להתחבב	l e h i t χ a v e v
להתיש	l e h a t i ʃ
לחסידיו	l a χ s i d j u
ליזם	l i z e m
לקבצים	l i k b a t͡s i m
לשטף	l i ʃ t e f
לשלבי	l i ʃ l a v i
מאיצה	m e i t͡s a
מדלי	m a d l i
מהרגעים	m e a ʁ ɡ a i m
מהרמה	m a a ʁ m a
מהתגובות	m e h i t ɡ o v u t
מודדת	m o d e d e t
מוק	m o k
מזקני	m i z k a n i
מיגו	m i ɡ u
מידידיו	m i d i d j u
מידם	m i d e m
מיובא	m i j u v a
מיושבי	m i j u ʃ a v i
מיזמי	m i z a m i
מיכולת	m i χ u l e t
מילקי	m i l k i
מיעקב	m i a k e v
מישיבה	m i ʃ i v a
מישלן	m i ʃ l a n
מיתולוגית	m i t u l o ɡ i t
מכשירה	m a χ ʃ i ʁ a
ממלכי	m a m l a χ i
ממקרים	m a m k a ʁ i m
מקשיים	m a k ʃ a j i m
מרט	m a ʁ a t
מרכזיה	m a ʁ k a z j a
נחלאות	n a χ l a u t
נטרפה	n i t ʁ a f a
ניטעו	n i t a u
נכדי	n i χ d i
נמרצים	n i m ʁ a t͡s i m
נפגם	n i f ɡ a m
נצחה	n i t͡s χ a
נצרכים	n i t͡s ʁ a χ i m
נקו	n a k o
נשבעה	n i ʃ b a a
נשמרות	n i ʃ m a ʁ u t
סולה	s o l a
סופנית	s o f a n i t
סיבובית	s i b u v i t
סיזר	s i z e ʁ
סקיצה	s k i t͡s a
סרגון	s a ʁ ɡ o n
סריגים	s ʁ i ɡ i m
עזבונו	a z b o n u
עזמי	a z m i
עמימות	a m i m u t
עצביים	a t͡s b a j i m
עצלות	a t͡s l u t
פודה	p o d a
פולמן	p o l m a n
פזי	p a z i
פיח	p i a χ
פיטום	p i t u m
פיסק	p i s e k
פלאק	p a l a k
פרלמוטר	p a ʁ l a m u t e ʁ
פרקליטים	p a ʁ k l i t i m
פתורה	p a t u ʁ a
צפצוף	t͡s a f t͡s u f
קאסי	k a a s i
קוטה	k o t a
קורמן	k o ʁ m a n
קטעה	k a t a
קטף	k a t a f
קייפ	k a j a p
קירסטן	k i ʁ s t a n
קפלר	k a f l a ʁ
קראב	k a ʁ a v
קרבתה	k a ʁ b a t a
קרוון	k a ʁ v a n
קרליץ	k a ʁ l i t͡s
רבתא	ʁ a v t a
רועם	ʁ o a m
רוקן	ʁ o k a n
רלף	ʁ a l a f
רפיון	ʁ a f j o n
רצי	ʁ a t͡s i
רקם	ʁ a k a m
רתם	ʁ a t a m
שגידל	ʃ ɡ i d e l
שדודה	ʃ a d u d a
שהדין	ʃ a h a d i n
שהחוזה	ʃ a h u z a
שהרוויח	ʃ a h a ʁ v i a χ
שחולה	ʃ a χ u l a
שחוקה	ʃ a χ u k a
שחתמה	ʃ a χ t a m a
שידועה	ʃ i d u a
שיימינג	ʃ a j m i ŋ ɡ
שימח	ʃ i m e a χ
שיעים	ʃ i i m
שיקל	ʃ i k e l
שירשו	ʃ i ʁ ʃ u
שלפוחיות	ʃ a l p u χ j u t
שמזג	ʃ i m z e ɡ
שמחיר	ʃ i m χ i ʁ
שנוהל	ʃ n o h e l
שרידיה	ʃ ʁ i d j a
שרש	ʃ a ʁ a ʃ
תדיראן	t a d i ʁ a n
תהל	t a h a l
תועים	t o i m
תופי	t o f i
תזריע	t i z ʁ i a
תיוג	t i j u ɡ
תכליתה	t a χ l i t a
תמציתית	t a m t͡s i t i t
תסמין	t a s m i n
תקעתי	t a k a t i
תרשו	t a ʁ ʃ u
תתעשת	t i t a ʃ e t
false	f a l s e
ga	ɡ a
tell	t e l
אבבא	a v b a
אבותיכם	a v u t i χ e m
אוניברסליות	o n i b ʁ a s e l j u t
אזר	a z a ʁ
אישיותם	i ʃ j u t e m
אכלוס	a χ l o s
אלווה	a l v a
אנחל	a n χ a l
אנילביץ	a n i l b i t͡s
אסקס	a s k a s
אצטט	a t͡s t a t
אקטיב	a k t i v
באפשרותם	b e a f ʃ a ʁ u t e m
בגרם	b a ɡ ʁ a m
בדג	b a d a ɡ
בהונאה	b e h o n a
בהעמדת	b e e m e d e t
בולגרי	b u l ɡ a ʁ i
בונקרים	b o n k a ʁ i m
בחשאיות	b a χ ʃ a j u t
ביוקנן	b i j u k n a n
ביעדים	b i a d i m
בישרה	b i ʃ a ʁ a
בלות	b a l u t
בלשן	b a l ʃ a n
בנימן	b e n i m e n
בעיבודים	b e i b u d i m
בפיתה	b e f i t a
ברדלי	b a ʁ d a l i
ברודוס	b ʁ o d o s
גובי	ɡ o v i
גולגולתי	ɡ o l ɡ o l t i
גורני	ɡ o ʁ a n i
גחלת	ɡ a χ l a t
גיבשו	ɡ i b ʃ u
גלילית	ɡ l i l i t
גלינה	ɡ l i n a
גשמיים	ɡ i ʃ m a j i m
גשמית	ɡ a ʃ m i t
דוכנים	d u χ n i m
דוקטרינה	d o k t ʁ i n a
דיטר	d i t e ʁ
דימויי	d i m u j
דנדי	d a n d i
האילוצים	h e i l u t͡s i m
האינטרנטי	h e i n t ʁ a n t i
האישות	h e i ʃ u t
האסירות	h e e s i ʁ u t
הגרה	h i ɡ ʁ a
הוברמן	h o v ʁ a m a n
הוכרעו	h o χ ʁ a u
הותאם	h o t a m
הזרת	h i z ʁ e t
הטרוריסט	h i t ʁ o ʁ i s t
היתום	h i t u m
הכינים	h i χ i n i m
הכלאיים	h i χ l a j i m
הכלות	h i χ l u t
הכשירות	h i χ ʃ i ʁ u t
הלגיונות	h i l ɡ j o n u t
המיתוג	h i m i t u ɡ
המלריה	h i m l a ʁ j a
המסומנת	h i m s o m e n t
המעדיפים	h i m a d i f i m
המצוטט	h i m t͡s u t e t
המרטש	h i m ʁ a t e ʃ
המרירות	h i m ʁ i ʁ u t
המשמעתי	h i m ʃ m a a t i
המתוכננות	h i m t u χ n a n u t
הנמנה	h i n m a n a
הנמקה	h i n m a k a
הנערכות	h i n a ʁ χ u t
הנשלטת	h i n ʃ a l t e t
הספונטנית	h i s p o n t a n i t
העגינה	e e ɡ i n a
הפתיל	h i f t i l
הקייטרינג	h i k j a t ʁ i ŋ ɡ
הרמקול	h i ʁ m a k o l
הרצחני	h i ʁ t͡s a χ a n i
הרציונלי	h i ʁ t͡s j o n e l i
הרשית	h i ʁ ʃ i t
השתמר	h i ʃ t a m e ʁ
השתק	h i ʃ t e k
התאוריות	h i t o ʁ j u t
התבטלה	h i t b a t e l a
התגים	h i t ɡ i m
התווה	h i t v a
התחננתי	h i t χ a n a n t i
התיאטראות	h i t j a t ʁ a u t
התכופות	h i t k o f u t
התעלמת	h i t a l e m e t
התפרים	h i t p a ʁ i m
התרחקנו	h i t ʁ a χ k a n u
ובישול	v i ʃ u l
והותירה	v e h o t i ʁ a
והזמינה	v e h i z m i n a
והעניקה	v e e n i k a
והתיק	v e h a t i k
וזקוק	v i z k o k
וחדות	v a χ d u t
ומגורים	v i m ɡ o ʁ i m
ומחוסר	v i m χ o s e ʁ
ומיה	v i m j a
וערבות	v e a ʁ b u t
ופתרונות	v i f t a ʁ o n u t
ורבינו	v a ʁ b i n u
ורכה	v a ʁ χ a
ושפט	v i ʃ p e t
ותכניות	v i t χ a n j u t
זומר	z o m e ʁ
זונדל	z o n d e l
זינקו	z i n k o
זלוטי	z a l u t i
זעמה	z a a m a
חגו	χ a ɡ u
חורבנה	χ o ʁ b a n a
חיזוקים	χ i z u k i m
חמימים	χ a m i m i m
חציצה	χ a t͡s i t͡s a
חרוצה	χ a ʁ u t͡s a
חתיכים	χ a t i χ i m
טיזר	t i z e ʁ
טרולים	t ʁ u l i m
טרסה	t a ʁ s a
יואשם	j o a ʃ e m
יודעין	j o d a i n
ינאית	j a n a i t
ינס	j a n a s
יצירותיה	j e t͡s i ʁ u t j a
כוחני	k o χ a n i
כותר	k o t e ʁ
כיכבה	k i χ e v a
כצלם	k a t͡s l a m
כרצונה	k a ʁ t͡s o n a
כשה	k a ʃ a
כתלות	k a t a l u t
לארסון	l e a ʁ s o n
להיקבע	l e h i k b a
להיקלע	l e h i k l a
להעתקת	l e h a t e k e t
להקרנה	l e h a k ʁ a n a
להשחיל	l e h i ʃ χ i l
להתבשל	l e h i t b e ʃ e l
להתגוננות	l e h i t ɡ o n a n u t
לויה	l o j a
לוסיאן	l o s i a n
לינדון	l i n d o n
ליניארי	l i n j a ʁ i
לכרך	l i χ ʁ e χ
למבט	l i m b e t
למגמת	l i m ɡ e m e t
לנצרת	l i n t͡s a ʁ e t
לסמארטפון	l i s m a ʁ t e f o n
לסעיפים	l i s i f i m
מאגדת	m e a ɡ e d e t
מורסי	m o ʁ s i
מזדעזע	m i z d a z a
מחלונות	m a χ l o n u t
מחלצים	m a χ l a t͡s i m
מיושנות	m i j u ʃ a n u t
ממדיות	m a m a d j u t
ממכירות	m a m k i ʁ u t
ממשאית	m a m ʃ a i t
מנטרל	m i n t a ʁ a l
מנרה	m a n a ʁ a
מצליף	m a t͡s l i f
מקף	m a k a f
מראת	m a ʁ a t
מרשק	m a ʁ ʃ e k
משבץ	m i ʃ b e t͡s
משחקיה	m i ʃ χ a k j a
משט	m a ʃ a t
משפילים	m i ʃ p i l i m
משקיפה	m i ʃ k i f a
מתמצא	m i t m a t͡s a
מתנועה	m i t n u a
מתפקידיו	m i t p a k i d j u
מתפרעים	m i t p a ʁ a i m
מתקיפה	m i t k i f a
נגנבה	n i ɡ n a v a
נוצח	n o t͡s a χ
נוקה	n o k a
ניפוץ	n i p u t͡s
ניצחונה	n i t͡s χ o n a
נירים	n i ʁ i m
נקבי	n i k b i
נקל	n a k a l
נקסט	n i k s a t
נקרעת	n i k ʁ a a t
נרצע	n i ʁ t͡s a
נשרה	n i ʃ ʁ a
סבאג	s a v a ɡ
סדוק	s a d u k
סוויסה	s v i s a
סלף	s a l a f
סמבה	s a m b a
סמולוויל	s m u l v i l
ספקן	s a f a k a n
עג	a ɡ
עוונות	a v a n u t
עירני	i ʁ a n i
עמיה	a m j a
ענר	a n a ʁ
פדי	p a d i
פורקה	p o ʁ k a
פורר	p o ʁ a ʁ
פחמים	p a χ m i m
פטה	p a t a
פיז	p i z
פליסיטי	p l i s i t i
פקה	p a k a
פקודתו	p a k u d t o
פרודו	p ʁ u d u
פרלה	p a ʁ l a
פשפש	p i ʃ p e ʃ
קוקסינל	k o k s i n e l
קידש	k i d e ʃ
קיטוב	k i t u v
קירי	k i ʁ i
קמר	k a m a ʁ
קנטון	k a n t o n
קפ	k a f
קפלה	k a f l a
קראט	k a ʁ a t
קרביץ	k a ʁ b i t͡s
קריסטינה	k ʁ i s t i n a
רטבים	ʁ a t a v i m
ריגר	ʁ i ɡ e ʁ
ריכוזיות	ʁ i χ u z j u t
רימו	ʁ i m u
שאיתן	ʃ a i t e n
שבשבילו	ʃ a v ʃ a v i l u
שגבה	ʃ a ɡ v a
שהקרן	ʃ a h a k ʁ a n
שהתחתן	ʃ e h i t χ a t e n
שחג	ʃ a χ a ɡ
שחולקו	ʃ a χ u l a k o
שחלות	ʃ a χ l u t
שיובא	ʃ i j u v a
שיידעו	ʃ a j d a u
שיכלתי	ʃ i χ l a t i
שירשה	ʃ i ʁ ʃ a
שמבינה	ʃ i m b i n a
שמועצת	ʃ m u a t͡s a t
שמזמין	ʃ i m z a m i n
שמחצית	ʃ i m χ a t͡s i t
שמכאן	ʃ i m k a n
שמעליה	ʃ i m a l j a
שמשכה	ʃ i m ʃ a χ a
שנדחתה	ʃ i n d a χ t a
שנשארת	ʃ i n ʃ a ʁ e t
שריה	ʃ a ʁ j a
תבשילים	t a v ʃ i l i m
תוניסאי	t o n i s a j
תיעוב	t i u v
תישמר	t i ʃ m e ʁ
תנחומי	t a n χ u m i
תשתמשו	t i ʃ t a m ʃ u
תתפרק	t i t p a ʁ e k
bitch	b i t͡ʃ
date	d a t e
dog	d o ɡ
golden	ɡ o l d e n
itunes	i t u n e s
ps	p e s
raw	r a w
tech	t e k
ted	t e d
אבותיך	a v u t i χ
אגרסיביים	a ɡ ʁ a s i v a j i m
אהא	a h a
אוגרית	o ɡ ʁ i t
אטם	a t a m
איתני	i t a n i
אליאן	a l i a n
אנחת	a n a χ a t
אנש	a n a ʃ
אפיזודות	a f i z u d u t
אפקה	a f a k a
אקטואליות	a k t u a l j u t
אקטואלית	a k t u a l i t
ארעית	a ʁ a i t
אשיג	a ʃ i ɡ
אתיים	a t a j i m
בארקר	b e a ʁ k e ʁ
בהבעה	b e h a v a
בהגשמת	b e h i ɡ ʃ e m e t
בהתאמת	b e h i t a m e t
בזעיר	b i z i ʁ
בחילוץ	b e χ i l u t͡s
בחצאית	b a χ t͡s a i t
ביובל	b i j u v e l
ביצוען	b i t͡s u a n
ביצירתה	b i t͡s i ʁ t a
בכינון	b e χ i n o n
בכיסים	b e χ i s i m
בלומה	b a l u m a
בנון	b a n o n
בניגון	b e n i ɡ o n
ברישומי	b ʁ i ʃ u m i
בריתנו	b ʁ i t a n u
בתסמינים	b i t s a m i n i m
בתצורה	b i t t͡s u ʁ a
גזור	ɡ a z u ʁ
גנרית	ɡ a n ʁ i t
גריזלי	ɡ ʁ i z a l i
דיסנילנד	d i s n i l a n d
דיסקרטית	d i s k a ʁ t i t
דיקסי	d i k s i
דליות	d a l j u t
האהבות	h e e h a v u t
האיתן	h e i t e n
האלות	h e e l u t
האלכסנדרוני	h e e l e χ s a n d ʁ o n i
האפריקאים	h e e f ʁ i k a i m
הבינונית	h i b i n o n i t
הבלין	h i v l i n
הגזעני	h i ɡ z a a n i
ההיטל	h e h i t e l
ההצטיינות	h e h i t͡s t a j a n u t
הודאת	h o d a t
הומיה	h o m j a
הופחת	h o f a χ a t
החטיף	h e χ t i f
הטסת	h i t s e t
היהו	h i h u
היסודיות	h i s u d j u t
היססו	h i s s o
היצרות	h i t͡s a ʁ u t
הכתרים	h i χ t a ʁ i m
הלבושים	h i l b u ʃ i m
הלהבים	h i l h a v i m
הלפני	h i l p a n i
המגדירה	h i m ɡ d i ʁ a
המחוננים	h i m χ o n a n i m
המטילים	h i m t i l i m
המסת	h i m s e t
המקלטים	h i m k a l t i m
המשיחיות	h i m ʃ i χ j u t
המשנים	h i m ʃ a n i m
המשקיפה	h i m ʃ k i f a
המתלווה	h i m t a l v a
הנדירות	h i n d i ʁ u t
הנחתת	h i n χ a t e t
הנקובים	h i n k o v i m
הסוערות	h i s u a ʁ u t
הסחוס	h i s χ o s
הסן	h a s a n
הספיר	h i s p i ʁ
הסצינות	h i s t͡s i n u t
העינוי	h e i n u j
הצטער	h i t͡s t a ʁ
הציני	h i t͡s i n i
הצרעות	h i t͡s ʁ a u t
הקצבאות	h i k t͡s b a u t
הקצינה	h i k t͡s i n a
הקראה	h i k ʁ a
הקרירה	h i k ʁ i ʁ a
הרבסט	h i ʁ b e s e t
הרגשתם	h i ʁ ɡ e ʃ t e m
הריף	h a ʁ i f
הרעידה	h i ʁ i d a
הרעשים	h i ʁ a ʃ i m
התגרה	h i t ɡ a ʁ a
התמלאה	h i t m a l a
התקדמותם	h i t k a d e m u t e m
וביסוס	v e v i s o s
והביטוי	v e h a b i t u j
וההרים	v e h a ʁ i m
והורס	v e h o ʁ e s
והיהודי	v e h i h u d i
והישיבה	v e h i ʃ i v a
והעיתונות	v e e i t o n u t
והצמחים	v e h i t͡s m a χ i m
והצמיחה	v e h i t͡s m i χ a
וידויים	v i d u j i m
וירטואוז	v i ʁ t u u z
ומשכה	v i m ʃ a χ a
ומשלוח	v i m ʃ l u a χ
ומשפיעה	v i m ʃ p i a
וצאו	v a t͡s a u
וקונים	v a k o n i m
ורטהיים	v a ʁ t a j i m
ושיחים	v e ʃ i χ i m
ושליט	v i ʃ l i t
ותבקש	v i t b e k e ʃ
זועקים	z o a k i m
זיכו	z i χ u
חאל	χ a a l
חביבות	χ a v i v u t
חובי	χ o v i
חוואי	χ a v a j
חיילינו	χ a j a l i n u
חיננית	χ i n a n i t
חלומם	χ a l u m a m
חמאם	χ a m a m
חמסה	χ a m s a
חצובות	χ a t͡s u v u t
חצויה	χ a t͡s u j a
חצינו	χ a t͡s i n u
חקת	χ a k a t
חרוזי	χ a ʁ u z i
טולכרם	t o l k a ʁ a m
טולקין	t o l k i n
טחב	t a χ a v
טסיות	t a s j u t
טראש	t a ʁ a ʃ
יבאו	j a v a u
יבלה	j a v l a
יוכרז	j o χ ʁ e z
יחטא	j a χ t a
ילדותם	j a l d u t e m
ימאי	j a m a j
יעניקו	j a a n i k o
ירדפו	j a ʁ d e f u
ירפה	j a ʁ a f a
כאי	k a i
כבולות	k a v u l u t
כהזדמנות	k a h i z d e m a n u t
כיותר	k i j u t e ʁ
כמבנה	k a m b a n a
כשבעים	k a ʃ b a i m
כשהחל	k a ʃ a χ a l
כשישים	k ʃ i ʃ i m
לאחורי	l e a χ o ʁ i
להילוך	l e h i l u χ
להעשרת	l e e ʃ e ʁ e t
להשוואת	l e h i ʃ v a t
להתפתל	l e h i t p a t e l
לזיוף	l i z j u f
לחלחל	l a χ l a χ a l
לחמן	l a χ m a n
לחמצן	l a χ m a t͡s a n
לחרוץ	l a χ ʁ u t͡s
לטי	l a t i
ליוונים	l i v a n i m
לכידות	l e χ i d u t
למוט	l a m u t
לצלחת	l i t͡s l a χ e t
לקיחה	l e k i χ a
לרוחו	l a ʁ u χ u
לשדים	l i ʃ d i m
לשווי	l i ʃ v i
לתדמית	l i t d a m i t
לתעלות	l i t a l u t
מאטי	m a a t i
מאילו	m e i l u
מאץ	m a a t͡s
מגנס	m a ɡ n a s
מהירח	m e h i ʁ e a χ
מורגל	m o ʁ ɡ e l
מזי	m a z i
מחג	m a χ a ɡ
מחצב	m a χ t͡s a v
מיודד	m i j u d e d
מיירי	m a j a ʁ i
מיסיונרים	m i s j o n a ʁ i m
מישוש	m i ʃ u ʃ
מלהב	m a l h a v
ממזון	m a m z o n
ממריצים	m a m ʁ i t͡s i m
מנמק	m a n m a k
מקבים	m a k a v i m
מרמות	m a ʁ m u t
משהד	m i ʃ h a d
משטרתיים	m i ʃ t a ʁ t a j i m
משמאלו	m i ʃ m a l u
משקעי	m i ʃ k a i
משתני	m i ʃ t a n i
מתחפש	m i t χ a p e ʃ
נבחרתי	n i v χ a ʁ a t i
נבלמה	n i v l a m a
נוביל	n o v i l
נוהלו	n o h e l u
נוקבים	n o k a v i m
נזיל	n i z i l
נחתי	n a χ t i
נטעה	n i t a
נמנתה	n i m n a t a
נסגרות	n i s ɡ a ʁ u t
נסחרות	n i s χ a ʁ u t
סבח	s a v a χ
סופלה	s o f l a
סחוט	s a χ u t
סחט	s a χ a t
סטיק	s t i k
סנופ	s n u f
סניגור	s n i ɡ o ʁ
עוטפת	o t e f e t
עזרן	a z ʁ a n
עקשנות	a k ʃ a n u t
פאריש	p e a ʁ i ʃ
פורג	p o ʁ e ɡ
פושטת	p o ʃ t e t
פיפס	p i p e s
פלשה	p a l a ʃ a
פרימיטיביות	p ʁ i m i t i v j u t
פרקליטה	p a ʁ k l i t a
צחצוח	t͡s a χ t͡s u a χ
ציסטה	t͡s i s t a
צפות	t͡s a f u t
קוך	k o χ
קיבץ	k i b e t͡s
קינון	k i n o n
רדאר	ʁ a d a ʁ
רוויים	ʁ a v a j i m
רוחבה	ʁ o χ a v a
רחובותיה	ʁ a χ u v u t j a
רחשי	ʁ a χ ʃ i
ריבוא	ʁ i b u
ריכוך	ʁ i χ u χ
ריכרד	ʁ i χ ʁ e d
ריפ	ʁ e f
ריקון	ʁ i k o n
רננים	ʁ a n a n i m
שבסמוך	ʃ a v s a m u χ
שגדלים	ʃ a ɡ d a l i m
שדרוגים	ʃ a d ʁ u ɡ i m
שהאי	ʃ a h a j
שהדמויות	ʃ a h a d m u j u t
שהים	ʃ a h i m
שטיחי	ʃ t i χ i
שיחו	ʃ i χ u
שיפוטה	ʃ i p u t a
שיפוטו	ʃ i p u t u
שיצרנו	ʃ i t͡s ʁ a n u
שישפיע	ʃ i ʃ p i a
שיתרחש	ʃ i t ʁ a χ e ʃ
שלגביהם	ʃ a l ɡ e v j a m
שמוסר	ʃ a m u s a ʁ
שמותיהן	ʃ m u t j a n
שמכהן	ʃ i m χ a n
שסוג	ʃ a s u ɡ
שפיה	ʃ a f j a
שתילת	ʃ a t i l e t
תבררי	t a v ʁ a ʁ i
תומרקין	t o m a ʁ k i n
תחליפו	t a χ l i f u
תיעצר	t i a t͡s e ʁ
תמליל	t a m l i l
תשמר	t i ʃ m e ʁ
תתפטר	t i t p a t e ʁ
av	a v
az	a z
base	b a s e
dans	d a n s
golan	ɡ o l a n
main	m a i n
stone	s t o n e
vegas	v e ɡ a s
אבחן	a v χ a n
אביחיל	a v i χ i l
אביט	a v i t
אובדת	o v e d e t
אווי	a v i
אורג	o ʁ e ɡ
אחסנה	a χ s a n a
אלכסוני	a l a χ s o n i
אלל	a l a l
אנדו	a n d u
אסטר	a s t a ʁ
אסימון	a s i m o n
בביקורים	b e v i k o ʁ i m
בהשבת	b e h i ʃ b e t
בודלר	b o d l a ʁ
בולבולים	b u l b u l i m
בופה	b o f a
ביורה	b i j u ʁ a
ביטויו	b i t u j u
ביססו	b i s s o
במוטיבים	b e m u t i v i m
בקלן	b a k l a n
בראה	b a ʁ a
בשבטים	b i ʃ b a t i m
בשיווי	b e ʃ i v i
בשימוע	b e ʃ i m u a
בתיכנון	b e t i χ n o n
גועלי	ɡ o a l i
דווחה	d a v a χ a
דוויט	d v i t
דחי	d a χ i
דידו	d i d u
דיקלה	d i k l a
דירתי	d i ʁ t i
דליפות	d l i f u t
האווזים	h e e v e z i m
האינטימית	h e i n t i m i t
האריגה	h e e ʁ i ɡ a
האשורית	h e e ʃ o ʁ i t
הבשלה	h i v ʃ e l a
הגאוני	h i ɡ o n i
הגייסות	h i ɡ j a s u t
הגלילים	h i ɡ l i l i m
הדמיות	h i d m i j u t
ההארכה	h e e ʁ χ a
הוידיאו	h o j d i u
הוסדר	h o s d e ʁ
הוקר	h o k e ʁ
הושמט	h o ʃ m e t
הטקטית	h i t k a t i t
הכלולה	h i χ l u l a
הכפויה	h i χ p u j a
הלחיצה	h i l χ i t͡s a
הלסתות	h i l s t u t
המאמנת	h i m a m e n t
המדה	h i m d a
המדוכא	h i m d u χ a
המזעזעת	h i m z a z a a t
המחיקה	h i m χ i k a
המסנן	h i m s n a n
המספרה	h i m s p a ʁ a
המעניינות	h i m a n j a n u t
המעשייה	h i m a ʃ i j a
המצביעה	h i m t͡s b i a
המקורה	h i m k o ʁ a
המקסיקנים	h i m k s i k a n i m
המרקסיזם	h i m ʁ a k s i z e m
הנבנה	h i n b a n a
הנטישה	h i n t i ʃ a
הנלווית	h i n l a v i t
הנפתח	h i n p a t e a χ
הסיים	h i s j a m
הסלק	h i s l e k
הספורים	h i s p o ʁ i m
הסתימה	h i s t i m a
העמית	h e e m i t
העמסה	e e m s a
הפגיש	h i f ɡ i ʃ
הצליבה	h i t͡s l i v a
הצעידה	h i t͡s i d a
הצרכנית	h i t͡s ʁ a χ n i t
הקבצנים	h i k b a t͡s a n i m
הקלאסיקה	h i k l a s i k a
הרביעייה	h i ʁ b i a j a
הרבעה	h i ʁ b a a
השגרירים	h i ʃ ɡ ʁ i ʁ i m
השטיפה	h i ʃ t i f a
השררה	h i ʃ ʁ a ʁ a
התלול	h i t l u l
התמקם	h i t m a k e m
ודף	v a d a f
והיקר	v e h i k e ʁ
וואלי	w a l i
וזמני	v i z m a n i
וחגי	v a χ ɡ i
וחנן	v a χ n a n
ויוויאן	v i v j a n
ויסוד	v i s u d
ומחמת	v i m χ e m e t
ומכריע	v i m k ʁ i a
ומפיקים	v i m p i k i m
ומשנים	v i m ʃ a n i m
ומתחבר	v i m t a χ b e ʁ
ומתנשא	v i m t a n ʃ a
ונחמה	v i n χ a m a
ופשעים	v i f ʃ a i m
וקרי	v a k ʁ i
זוהיר	z o h i ʁ
חלומותיה	χ a l u m u t j a
חליתי	χ a l i t i
חמין	χ a m i n
חסומות	χ a s u m u t
חסל	χ a s a l
חפוז	χ a f u z
חצוב	χ a t͡s u v
חצובים	χ a t͡s u v i m
חשבי	χ a ʃ a v i
טאר	t a ʁ
טיפולו	t i p u l u
טרודה	t ʁ u d a
יומיום	j o m j u m
יוסט	j o s t
יורשע	j o ʁ ʃ a
ייסדה	j i s d a
יכבוש	j a χ b u ʃ
יכלנו	j a χ l a n u
יסודותיה	j e s u d u t j a
יק	j a k
יתחתנו	j i t χ a t a n u
כבאות	k a v a u t
כלונסאות	k l o n s a u t
כרות	k a ʁ u t
כשלונות	k a ʃ l o n u t
כשפות	k a ʃ p u t
כשקיבל	k a ʃ k i v e l
לדגמן	l i d ɡ e m e n
לדיסק	l a d i s e k
לדלל	l i d l e l
להגדלה	l e h i ɡ d e l a
להידוק	l e h i d u k
להשכיב	l e h i ʃ k i v
להשקפה	l e h i ʃ k a f a
להשתזף	l e h i ʃ t a z e f
לזכרים	l i z k a ʁ i m
לזרוס	l i z ʁ o s
לחסד	l a χ s a d
לחקיקת	l a χ k i k e t
לטינה	l a t i n a
לטיף	l a t i f
ליאנה	l i a n a
ליידן	l a j d a n
לכוחה	l e χ u χ a
לנחמה	l i n χ a m a
לציורים	l i t͡s j o ʁ i m
לרובה	l a ʁ u v a
לשלג	l i ʃ l e ɡ
לשמיעה	l i ʃ m i a
לשקיעה	l i ʃ k i a
לשקית	l i ʃ k i t
לשרירים	l i ʃ ʁ i ʁ i m
מאחי	m e a χ i
מועמדויות	m o a m d u j u t
מחבורת	m a χ b u ʁ e t
מחדשת	m a χ d e ʃ e t
מחניק	m a χ n i k
מיומנה	m i j u m a n a
מיטתה	m i t a t a
מלנסות	m a l n a s u t
מלפניו	m a l p a n j u
מסעיף	m a s i f
מעיקרא	m e i k ʁ a
מקצין	m a k t͡s i n
משבטי	m i ʃ b a t i
משהיא	m i ʃ h i
משטרי	m i ʃ t a ʁ i
משתמטים	m i ʃ t a m t i m
מתגוררות	m i t ɡ o ʁ a ʁ u t
מתחננים	m i t χ a n a n i m
מתחקה	m i t χ a k a
מתמצה	m i t m a t͡s a
מתריסר	m i t ʁ i s e ʁ
נגדן	n i ɡ d a n
נזילה	n i z i l a
נחלשו	n a χ l a ʃ u
ניסי	n i s i
נתבעים	n i t b a i m
סברתי	s a v ʁ a t i
סוב	s o v
סוויטות	s v i t u t
סוחבים	s o χ a v i m
סופרן	s o f ʁ a n
סחלבים	s a χ l a v i m
סטרימינג	s t ʁ i m i ŋ ɡ
סיפוריה	s i p u ʁ j a
סנופי	s n o f i
עוגב	o ɡ e v
עומקו	o m a k o
עינית	i n i t
ענייניהם	a n j a n j a m
עריסה	a ʁ i s a
עריף	a ʁ i f
פבל	p a v a l
פידבקים	p i d b e k i m
פירקו	p i ʁ k o
פיתחנו	p i t χ a n u
פרוגרסיבי	p ʁ u ɡ ʁ a s i v i
פרישתה	p ʁ i ʃ t a
פרשניות	p a ʁ ʃ a n j u t
קווה	k a v a
קולוניה	k o l o n j a
קולטי	k o l a t i
קליניות	k l i n j u t
קנצלר	k a n t͡s a l a ʁ
קרמה	k a ʁ m a
רוחנו	ʁ o χ a n u
רולי	ʁ o l i
רחיצה	ʁ a χ i t͡s a
רס	ʁ a s
שבקומה	ʃ a v k u m a
שהמחבר	ʃ e h i m χ a v e ʁ
שולמה	ʃ u l m a
שורשית	ʃ o ʁ ʃ i t
שחשתי	ʃ a χ ʃ a t i
שידול	ʃ i d u l
שידעת	ʃ i d a a t
שימסור	ʃ i m s o ʁ
שימר	ʃ i m e ʁ
שימשוך	ʃ i m ʃ u χ
שינינו	ʃ i n i n u
שיעיד	ʃ i i d
שליסל	ʃ l i s e l
שמידת	ʃ m i d e t
שמיש	ʃ a m i ʃ
שמלתה	ʃ i m l a t a
שמצביעים	ʃ i m t͡s b i i m
שנגד	ʃ i n ɡ e d
שנדונו	ʃ i n d o n u
שנורא	ʃ n u ʁ a
שסוכם	ʃ a s u χ a m
שסין	ʃ a s i n
שרציתם	ʃ a ʁ t͡s i t e m
תותר	t o t e ʁ
תטעו	t a t a u
תיירותיות	t a j a ʁ u t j u t
תיפוף	t i p u f
תישלח	t i ʃ l e a χ
תפיסתה	t f i s t a
תרועת	t ʁ u a t
amd	a m d
gets	ɡ e t s
hay	h a j
mark	m a r k
multi	m u l t i
op	o p
save	s a v e
tu	t u
used	u s e d
по	p o
אגיב	a ɡ i v
אדריכליים	a d ʁ i χ l a j i m
אומנו	o m a n u
אטימות	a t i m u t
איטום	i t u m
אכבד	a χ a v a d
אלוקיך	a l u k i χ
אלוש	a l u ʃ
אפריקנית	a f ʁ i k a n i t
אקצה	a k t͡s a
ארבעתם	a ʁ b a a t e m
ארח	a ʁ a χ
ארנו	a ʁ n u
בוואן	b a v a n
בזקן	b a z k a n
בזר	b a z a ʁ
בחישובים	b e χ i ʃ u v i m
בטובה	b a t u v a
ביולוגים	b i j u l u ɡ i m
ביטר	b i t e ʁ
בילויים	b i l u j i m
ביצירתם	b i t͡s i ʁ t e m
בירק	b i ʁ e k
במיליונים	b e m i l j o n i m
ברפרטואר	b a ʁ p a ʁ t u a ʁ
גאווין	ɡ a a v i n
גאר	ɡ a a ʁ
גומיות	ɡ o m j u t
גילום	ɡ i l u m
גלס	ɡ a l a s
גפרית	ɡ a f ʁ i t
גראם	ɡ a ʁ a m
דיונון	d i j o n o n
דיקטטורי	d i k t a t u ʁ i
דקלה	d a k l a
האדירות	h e e d i ʁ u t
האירה	h e i ʁ a
האפיון	h e e f j o n
הבקיעה	h i v k i a
הבתרים	h i v t a ʁ i m
הגדרתם	h i ɡ d e ʁ t e m
הגישור	h i ɡ i ʃ u ʁ
ההולכה	h e h u l χ a
ההולמת	h e h u l e m e t
הוגדל	h o ɡ d e l
הונף	h o n e f
הוצף	h o t͡s e f
החצייה	h e χ t͡s i j a
היגון	h i ɡ o n
הידידותי	h i d i d u t i
היוודע	h i v d a
הלגיטימית	h i l ɡ i t i m i t
המבקרת	h i m b e k e ʁ e t
המחוונים	h i m χ a v a n i m
המחמירה	h i m χ a m i ʁ a
המסבירה	h i m s b i ʁ a
המפורז	h i m p u ʁ e z
המקולל	h i m k o l e l
המשולשים	h i m ʃ u l ʃ i m
המתורגמן	h i m t o ʁ ɡ e m e n
המתנהלים	h i m t a n a l i m
הנאווה	h i n a v a
הניירת	h i n j a ʁ e t
הנפיחות	h i n p i χ u t
הסאגה	h i s a ɡ a
הסדין	h i s d i n
הסחות	h i s χ u t
הסליל	h i s l i l
הספדים	h i s p e d i m
הסרטנים	h i s ʁ a t a n i m
הסתייע	h i s t a j a
הסתרים	h i s t a ʁ i m
הסתרתי	h i s t a ʁ t i
העיקול	h e i k o l
העלת	h e e l e t
הפטר	h i f t e ʁ
הפטריה	h i f t a ʁ j a
הציביליזציה	h i t͡s i b i l i z a t͡s j a
הקטיף	h i k t i f
הריונות	h i ʁ j o n u t
הריר	h a ʁ i ʁ
הרשיתי	h i ʁ ʃ i t i
הרשמים	h i ʁ ʃ e m i m
השאיל	h i ʃ i l
השימורים	h i ʃ i m u ʁ i m
השמחים	h i ʃ m a χ i m
השעתה	h i ʃ a t a
התארגנויות	h i t a ʁ ɡ a n u j u t
התחדשו	h i t χ a d e ʃ u
התלווה	h i t l a v a
התמריץ	h i t m a ʁ i t͡s
התעללויות	h i t a l l u j u t
התקומה	h i t k u m a
התרד	h i t ʁ e d
והילה	v e h i l a
והעברה	v e e v a ʁ a
וזכר	v i z k e ʁ
וזכרונות	v i z k a ʁ o n u t
וחמאס	v a χ m a s
וחריף	v a χ ʁ i f
וחשבונות	v a χ ʃ a v o n u t
וחשיבותה	v a χ ʃ i v u t a
וידוא	v i d u
וידידים	v i d i d i m
ויושבת	v i j u ʃ e v e t
וייאוש	v i j u ʃ
וירק	v i ʁ e k
וכתובים	v i χ t o v i m
ולונדון	v a l o n d o n
ולעיצוב	v a l i t͡s o v
ומהירים	v i m h i ʁ i m
ומתקדמת	v i m t a k d e m e t
ונ	v a n
ונוספים	v e n o s e f i m
ורבני	v a ʁ b a n i
ורג	v a ʁ a ɡ
ושברה	v i ʃ b a ʁ a
ושיפורים	v e ʃ i p o ʁ i m
ושיקול	v e ʃ i k o l
ושמנה	v i ʃ m a n a
ושמרתם	v i ʃ m a ʁ t e m
ושנאת	v i ʃ n a t
ושרות	v i ʃ ʁ u t
ושרירים	v i ʃ ʁ i ʁ i m
חבד	χ a v a d
חטאיהם	χ a t a j a m
חטב	χ a t a v
חיצי	χ i t͡s i
חלוד	χ a l u d
חמוצה	χ a m u t͡s a
חרן	χ a ʁ a n
טא	t a
טב	t a v
טיגר	t i ɡ e ʁ
טלנסקי	t a l a n s k i
יוכרע	j o χ ʁ a
יוקי	j o k i
יזמינו	j a z m i n u
יחדור	j a χ d u ʁ
ייענו	j i a n u
ייצוגים	j i t͡s u ɡ i m
יכילו	j e χ i l u
ילדיכם	j a l d i χ e m
יללות	j a l a l u t
יסגור	j a s ɡ o ʁ
יצפו	j a t͡s a f u
יצריך	j a t͡s ʁ i χ
כבשת	k a v a ʃ a t
כבשתי	k a v ʃ a t i
כחדא	k a χ d a
כחוויה	k a χ v i j a
כלוריד	k l u ʁ i d
כמושג	k a m u ʃ e ɡ
כמייצג	k a m a j t͡s e ɡ
כמשה	k a m ʃ a
כניסתן	k n i s t a n
להזיל	l e h a z i l
להצלחות	l e h i t͡s l a χ u t
להתרפק	l e h i t ʁ a p e k
לוסטיג	l o s t i ɡ
לזרימת	l i z ʁ i m e t
לטיסת	l a t i s e t
ליונס	l i j o n e s
ליעדה	l i a d a
לנעל	l i n a l
לסחיטה	l i s χ i t a
לסלילת	l i s l i l e t
לסצנה	l i s t͡s a n a
לערבות	l e a ʁ b u t
לצבאות	l i t͡s b a u t
לקולומביה	l e k o l o m b j a
לרואה	l a ʁ u a
לתאור	l i t o ʁ
מדגימים	m a d ɡ i m i m
מהחקירה	m e a χ k i ʁ a
מהצלחת	m e h i t͡s l a χ e t
מונקו	m o n a k o
מורינו	m o ʁ i n u
מורשות	m o ʁ ʃ u t
מותקנות	m o t k a n u t
מחרידים	m a χ ʁ i d i m
מייס	m a j a s
מיסטיק	m i s t i k
מכישלון	m e χ i ʃ e l o n
מכניע	m a χ n i a
ממגילת	m a m ɡ i l e t
מעילו	m e i l u
מעליהן	m a a l j a n
מעליי	m a a l a j
מעסק	m a a s a k
מקרינים	m a k ʁ i n i m
מרוויחות	m a ʁ v i χ u t
משוואת	m i ʃ v a t
משחות	m i ʃ χ u t
משמידים	m i ʃ m i d i m
משנאה	m i ʃ n a
משפרים	m i ʃ p a ʁ i m
מתאמים	m i t a m i m
ןב	n a v
נוטרל	n o t a ʁ a l
נורים	n o ʁ i m
נושק	n o ʃ e k
נחקור	n a χ k o ʁ
ניופורט	n j o f o ʁ t
נימצא	n i m t͡s a
נמסים	n i m s i m
נקראתי	n i k ʁ a t i
נשכרים	n i ʃ k a ʁ i m
נשלים	n i ʃ l i m
נתאחד	n i t a χ a d
סיס	s i s
עראק	a ʁ a k
ערף	a ʁ a f
פארקס	p e a ʁ k e s
פולאק	p o l a k
פומפאו	p o m p a u
פיטה	p i t a
פילץ	p i l e t͡s
פירמידות	p i ʁ m i d u t
פירמידת	p i ʁ m i d e t
פלומה	p l u m a
פלופ	p a l u f
פליגי	p l i ɡ i
פריגו	p ʁ i ɡ o
פרידלנד	p ʁ i d l a n d
פרצתי	p a ʁ t͡s a t i
צובעת	t͡s o v a a t
צוו	t͡s a v
צורתן	t͡s o ʁ t a n
צנע	t͡s a n a
צרך	t͡s a ʁ a χ
קוטע	k o t a
קולאז	k o l a z
קולגן	k o l ɡ a n
קולנו	k o l a n u
קונאן	k o n a n
קונבנציונלית	k o n b e n t͡s j o n l i t
קונסטנטינופול	k o n s t a n t i n o f o l
קז	k a z
קלוב	k a l u v
ראט	ʁ a t
רובס	ʁ o v e s
רוחבי	ʁ o χ a v i
רוחן	ʁ o χ a n
רולו	ʁ o l o
רוקם	ʁ o k e m
רושל	ʁ o ʃ e l
רחיפה	ʁ a χ i f a
ריסק	ʁ i s e k
רקדני	ʁ a k d a n i
שאישרה	ʃ e i ʃ a ʁ a
שבאותם	ʃ a v a u t e m
שבחיפה	ʃ a v χ i f a
שהחדר	ʃ a χ d a ʁ
שהנו	ʃ a h a n u
שהרים	ʃ a h a ʁ i m
שהתלמיד	ʃ e h i t l a m i d
שיהדות	ʃ i h a d u t
שיחיו	ʃ i χ j u
שילווה	ʃ i l v a
שילוני	ʃ i l o n i
שיקדם	ʃ i k d e m
שירבו	ʃ i ʁ b u
שירותה	ʃ i ʁ u t a
שירותיהם	ʃ i ʁ u t j a m
שיתברר	ʃ i t b a ʁ a ʁ
שליחיו	ʃ l i χ j u
שליפה	ʃ l i f a
שמצינו	ʃ i m t͡s i n u
שמקומם	ʃ i m k o m e m
שמשאירים	ʃ i m ʃ e ʁ i m
שמתעסק	ʃ i m t a s e k
שסיבת	ʃ a s i v e t
ששהתה	ʃ i ʃ h a t a
שתשלם	ʃ i t ʃ a l a m
תחלופה	t a χ l u f a
תטא	t a t a
תיהי	t i h i
תמתין	t a m t i n
תציץ	t a t͡s i t͡s
תריסים	t ʁ i s i m
mba	m b a
pass	p a s
states	s t a t e s
title	t i t l e
אונסים	o n a s i m
אורגד	o ʁ ɡ e d
אורד	o ʁ e d
אירמה	i ʁ m a
אלכסנדרוני	a l a χ s a n d ʁ o n i
אלמא	a l m a
אמונתנו	a m o n t a n u
אנטונסקו	a n t o n s k o
אנסקי	a n s a k i
אנשל	a n ʃ a l
אפילה	a f i l a
אפרתה	a f ʁ a t a
ארביץ	a ʁ b i t͡s
ארנן	a ʁ n a n
ארקיע	a ʁ k i a
אתוון	a t v a n
אתלטיקה	a t a l t i k a
באיורים	b e j u ʁ i m
בדיחת	b e d i χ e t
בהסתר	b e h i s t e ʁ
בהשוואת	b e h i ʃ v a t
ביוזמתם	b i j u z e m t e m
ביז	b i z
ביטוחי	b i t u χ i
בימינה	b i m i n a
בלאמי	b a l a m i
במיטתה	b e m i t e t a
בנוכחותה	b e n u χ χ u t a
בעזרתן	b a a z a ʁ t a n
בערבוביה	b e a ʁ b u v j a
בפיסול	b e f i s u l
בשבר	b i ʃ b e ʁ
בשעווה	b i ʃ a v a
בתוס	b a t u s
בתוף	b a t u f
בתקציבי	b i t k a t͡s i v i
גארד	ɡ a a ʁ a d
גושפנקא	ɡ o ʃ p a n k a
גילים	ɡ i l i m
גלולת	ɡ l u l e t
גע	ɡ a
דאצילות	d e a t͡s i l u t
דברם	d a v ʁ a m
דהינו	d e h i n u
דובדבני	d o v d e v a n i
דובה	d o v a
דיקון	d i k o n
דלאו	d a l a u
דעם	d a a m
דרישתם	d ʁ i ʃ t e m
דרכיך	d a ʁ k i χ
האוטיסטי	h e o t i s t i
האינטנסיבי	h e i n t a n s i v i
הבאתו	h i b a t u
הבלונדיני	h i v l o n d i n i
הברוכה	h i v ʁ u χ a
הברונית	h i v ʁ o n i t
הגירויים	h i ɡ i ʁ u j i m
הגנבה	h i ɡ n a v a
הדחוס	h i d χ o s
הדרשן	h i d ʁ e ʃ e n
הורם	h o ʁ e m
הושעו	h o ʃ a u
החנון	h a χ n o n
החסימות	h e χ s i m u t
היהי	h i h i
היזמות	h i z m u t
הלוואת	h i l v a t
המבטל	h i m b a t e l
המדשאה	h i m d e ʃ a
המחפשת	h i m χ a p e ʃ e t
המטע	h i m t a
המטרים	h i m t a ʁ i m
המלין	h i m l i n
המנויות	h i m n u j u t
המערבים	h i m a ʁ b i m
המפולת	h i m p u l e t
המתוח	h i m t u a χ
הנברא	h i n b ʁ a
הניילון	h i n j a l o n
הסגנים	h i s ɡ a n i m
הסולמות	h i s u l m u t
העיסוקים	h e i s o k i m
העיקש	h e i k e ʃ
הפיסית	h i f i s i t
הפסילה	h i f s i l a
הצבירה	h i t͡s b i ʁ a
הציוץ	h i t͡s j u t͡s
הקטינה	h i k t i n a
הקריבה	h i k ʁ i v a
הקרנף	h i k ʁ a n e f
הרגעי	h i ʁ ɡ a i
הרננדז	h i ʁ n a n d e z
השאלת	h i ʃ a l e t
השבץ	h i ʃ b e t͡s
השגור	h i ʃ ɡ o ʁ
השטני	h i ʃ t a n i
השכרות	h i ʃ k a ʁ u t
השליכה	h i ʃ l i χ a
השמאלני	h i ʃ m a l a n i
השקופה	h i ʃ k o f a
השריקה	h i ʃ ʁ i k a
התאו	h i t a u
התחננו	h i t χ a n a n u
התמזה	h i t m a z a
התמיסה	h i t m i s a
התקררות	h i t k a ʁ a ʁ u t
התרוקן	h i t ʁ o k e n
ואמיצה	v e a m i t͡s a
ובתקופות	v i v t a k o f u t
והאופי	v e h o f i
והבטחה	v e h i v t a χ a
והוכחה	v e h o χ a χ a
והספינה	v e h i s p i n a
וחשיפה	v a χ ʃ i f a
ויזם	v i z e m
ויסוצקי	v i s u t͡s k i
ויקימדיה	v i k i m e d j a
ולארי	v a l a ʁ i
ומוח	v a m u a χ
ומשאבי	v i m ʃ a v i
ומשאיות	v i m ʃ a j u t
ונוצרת	v e n o t͡s a ʁ e t
ופן	v a f a n
ושון	v a ʃ o n
ותבונה	v i t b o n a
ותזונה	v i t z o n a
ותחושות	v i t χ o ʃ u t
זיהויו	z i h u j u
זיקית	z i k i t
חמושות	χ a m u ʃ u t
חנתה	χ a n a t a
חצופים	χ a t͡s u f i m
חריצי	χ a ʁ i t͡s i
חשות	χ a ʃ u t
חשפניות	χ a ʃ p a n j u t
טולה	t o l a
יוחלף	j o χ l e f
יוענק	j o a n a k
ייעד	j i a d
ילוא	j a l u
כאוב	k a u v
כופף	k o f e f
כיבושי	k i b u ʃ i
כיסוד	k i s u d
כמהלך	k a m a l a χ
כמזון	k a m z o n
כקשר	k a k ʃ a ʁ
כריעה	k ʁ i a
כשיחזור	k ʃ i χ z o ʁ
לבגין	l i v ɡ i n
לבות	l a v u t
לבסיסי	l i v s i s i
לברזל	l i v ʁ a z e l
להבהיל	l e h a v h i l
להצלחתה	l e h i t͡s l a χ t a
להשתיל	l e h i ʃ t i l
להתקוממות	l e h i t k o m e m u t
להתרסקות	l e h i t ʁ a s k u t
לוסיל	l o s i l
לזעזוע	l i z a z u a
ללאס	l a l a s
ללכידת	l i l k i d e t
לנשל	l i n ʃ e l
לסדרי	l i s d a ʁ i
לסלעים	l i s l a i m
לקטטה	l i k t a t a
לרבינו	l a ʁ b i n u
לרועץ	l a ʁ u a t͡s
לשבעת	l i ʃ b a a t
לשמך	l i ʃ m e χ
לשמם	l i ʃ m e m
לששת	l i ʃ ʃ e t
לתדר	l i t d e ʁ
לתרגיל	l i t ʁ a ɡ i l
מאימון	m e i m o n
מגיחים	m a ɡ i χ i m
מגשימה	m a ɡ ʃ i m a
מהיקף	m e h i k e f
מהתכונות	m e h i t k o n u t
מוטת	m o t e t
מזלנו	m i z l a n u
מחללי	m a χ l a l i
מחקריהם	m a χ k a ʁ j a m
מחרימים	m a χ ʁ i m i m
מייקי	m a j a k i
מכניקת	m a χ n i k e t
ממדיו	m a m a d j u
ממצבי	m a m t͡s a v i
מסמכות	m a s m a χ u t
מסתגל	m i s t a ɡ e l
מסתרי	m i s t a ʁ i
מצטלבים	m i t͡s t a l a v i m
מקלין	m a k l i n
מרטון	m a ʁ t o n
מרסס	m a ʁ s a s
משקלן	m i ʃ k l a n
מתמונות	m i t m o n u t
מתעדים	m i t a a d i m
נדחים	n i d χ i m
נופף	n o f e f
נטעים	n i t a i m
נידרש	n i d ʁ e ʃ
נימא	n i m a
נימים	n i m i m
נסחפה	n i s χ a f a
נפות	n a f u t
נפרע	n i f ʁ a
סיגי	s i ɡ i
סימלה	s i m l a
ספרך	s a f ʁ a χ
סרוטונין	s ʁ o t o n i n
סרסיי	s a ʁ s a j
ערמומית	a ʁ m u m i t
פארקי	p e a ʁ k i
פולית	p o l i t
פולשנית	p o l ʃ a n i t
פוקדת	p o k e d e t
פיזה	p i z a
פילאטיס	p i l a t i s
פיקה	p i k a
פיראטית	p i ʁ a t i t
פלוץ	p a l u t͡s
פסוקה	p s u k a
פקודיו	p a k u d j u
פקע	p a k a
פרננדז	p a ʁ n a n d e z
צווה	t͡s a v a
צירופו	t͡s i ʁ u f u
צמחונים	t͡s a m χ o n i m
קוטלי	k o t a l i
קידס	k i d e s
קינדר	k i n d e ʁ
קיפר	k i p e ʁ
רבכ	ʁ a v a χ
רופאו	ʁ o f a u
רידל	ʁ i d e l
ריענון	ʁ i a n o n
שארה	ʃ e a ʁ a
שבגוף	ʃ a v ɡ u f
שבגן	ʃ a v ɡ a n
שדומים	ʃ a d u m i m
שדיה	ʃ a d j a
שדם	ʃ a d a m
שהגנו	ʃ a h a ɡ a n u
שהכתיבה	ʃ e h i χ t i v a
שהסוף	ʃ a h s u f
שהתחזה	ʃ e h i t χ a z a
שוך	ʃ o χ
שוניות	ʃ o n j u t
שימורי	ʃ i m u ʁ i
שיניהם	ʃ i n j a m
שלדי	ʃ a l a d i
שמצווה	ʃ i m t͡s v a
ששטף	ʃ i ʃ t e f
שתיקן	ʃ a t i k a n
תואיל	t o i l
תומו	t o m o
תחתום	t a χ t u m
תיכשל	t i χ ʃ e l
תימסר	t i m s e ʁ
תכופה	t χ u f a
תליה	t a l j a
תמלאי	t a m l a j
תנועתי	t n u a t i
תנועתית	t n u a t i t
תרמילי	t a ʁ m i l i
alt	a l t
between	b e t w e e n
boys	b o j s
ge	ɡ e
legal	l e ɡ a l
nicht	n i x t
person	p e r s o n
sin	s i n
soul	s u l
אבטיחים	a v t i χ i m
אבריאל	a v ʁ i e l
אולר	o l a ʁ
אינפרה	i n p a ʁ a
אכיר	a χ i ʁ
אנגולה	a ŋ ɡ u l a
אנטארקטיקה	a n t a ʁ k t i k a
אפיונים	a f j o n i m
אפלייה	a f l i j a
אצור	a t͡s u ʁ
ארפ	a ʁ a f
באריה	b e a ʁ j a
בחיתולים	b e χ i t u l i m
ביומא	b i j u m a
בירידת	b i ʁ i d e t
בלוע	b a l u a
בלשונם	b a l ʃ o n a m
בנימוקי	b e n i m u k i
בעטו	b a a t u
בעיצובה	b e i t͡s u v a
בצירים	b e t͡s i ʁ i m
בקל	b a k a l
בראם	b a ʁ a m
בריגס	b ʁ i ɡ e s
ברכבה	b a ʁ k a v a
בשיחים	b e ʃ i χ i m
בשפלת	b i ʃ p e l e t
בתבוסה	b i t b u s a
בתפישה	b i t f i ʃ a
בתקציבים	b i t k a t͡s i v i m
גיתה	ɡ i t a
גרוני	ɡ ʁ o n i
דארלינג	d a ʁ l i ŋ ɡ
דופלר	d o f l a ʁ
דריוס	d a ʁ j o s
האבידה	h e e v i d a
האוסטרלים	h e o s t a ʁ l i m
האירני	h e i ʁ a n i
האמיני	h e e m i n i
הגבת	h i ɡ e v e t
הגועל	h i ɡ u a l
הדחוף	h i d χ u f
הוטרינר	h o t ʁ i n e ʁ
הומי	h o m i
הזעקה	h i z a k a
הזרקור	h i z ʁ a k o ʁ
הטעימה	h i t i m a
הטפילים	h i t p i l i m
הילר	h i l e ʁ
היתוש	h i t u ʃ
הכרס	h i χ ʁ e s
הלקויה	h i l k u j a
המביאות	h i m b i u t
המבין	h i m b i n
המבני	h i m b a n i
המבריקה	h i m b ʁ i k a
המחזיקות	h i m χ a z i k u t
המחזר	h i m χ a z e ʁ
המנוהלים	h i m n o h e l i m
המסתיים	h i m s t a j i m
המצודות	h i m t͡s u d u t
המציצה	h i m t͡s i t͡s a
המצער	h i m t͡s a a ʁ
המצריך	h i m t͡s ʁ i χ
המתחבר	h i m t a χ b e ʁ
הנוק	h a n u k
הנתיבות	h i n t i v u t
הסבוכה	h i s b u χ a
הסטת	h i s t e t
הסמלית	h i s m a l i t
הספא	h i s p a
העגלים	e e ɡ l i m
העיסוי	h e i s u j
העלונים	e e l o n i m
העמוסה	e e m u s a
העניבה	e e n i v a
העתירות	h e e t i ʁ u t
הפתיח	h i f t i a χ
הקטינים	h i k t i n i m
הקלישאות	h i k l i ʃ a u t
הקנאות	h i k n a u t
הרלן	h a ʁ l a n
השמאים	h i ʃ m a i m
השמר	h i ʃ m e ʁ
השפוי	h i ʃ p u j
התהילים	h i t h i l i m
התווכח	h i t v a χ a χ
התייעלות	h i t j a a l u t
התרדמה	h i t ʁ a d e m a
ודורון	v a d u ʁ o n
והעזרה	v e e z a ʁ a
והעלילה	v e e l i l a
והעריך	v e e ʁ i χ
והצבאי	v e h i t͡s b a j
ווטרגייט	v a t a ʁ ɡ a j t
וחמשים	v a χ m a ʃ i m
וחסידיו	v a χ s i d j u
וחתום	v a χ t u m
ויעדים	v i a d i m
ולאומי	v a l a u m i
ולאיים	v a l a j i m
ולבי	v a l a v i
ולית	v a l i t
ומוגן	v a m u ɡ a n
ומקרים	v i m k a ʁ i m
ומתחזק	v i m t a χ z e k
ועיתונאי	v i t o n a j
וצרכים	v i t͡s ʁ a χ i m
וקוץ	v a k u t͡s
וריבה	v e ʁ i v a
ורמונט	v a ʁ m o n t
ורפי	v a ʁ p i
ושלש	v i ʃ l e ʃ
ושררה	v i ʃ ʁ a ʁ a
זוהרה	z o a ʁ a
זיקים	z i k i m
חזתה	χ a z a t a
חילי	χ i l i
חמקה	χ a m a k a
חמקמק	χ a m a k m a k
חסרונה	χ a s ʁ o n a
חציבה	χ a t͡s i v a
טורנס	t o ʁ n e s
טקילה	t k i l a
טרויאני	t ʁ o j a n i
ידיהן	j a d j a n
יישומית	j i ʃ u m i t
ילן	j a l a n
יעקבסון	j a a k b a s o n
יקשיב	j a k ʃ i v
יתירות	j e t i ʁ u t
כבעלים	k a v a l i m
כונסה	k o n a s a
כישור	k i ʃ u ʁ
כמוכן	k a m u χ a n
כמיעוט	k a m i u t
כרעיון	k a ʁ a j o n
כרצון	k a ʁ a t͡s o n
כשמונים	k a ʃ m o n i m
לגאולת	l i ɡ o l e t
לדהור	l i d h o ʁ
לדידם	l a d i d e m
להעלאה	l e h a l a
להתחממות	l e h i t χ a m e m u t
להתרחשויות	l e h i t ʁ a χ ʃ u j u t
לווריד	l a v ʁ i d
לוטון	l o t o n
לולאת	l o l a t
לזהותה	l i z h u t a
לחבלה	l a χ b a l a
לחנוכת	l a χ n u χ a t
לידידים	l i d i d i m
ליהיא	l i h i
ליונים	l i j o n i m
ליטה	l i t a
ליטו	l i t u
לייעול	l a j a u l
ליקוטים	l i k u t i m
לממסד	l i m m a s e d
למרעה	l i m ʁ a
למרתון	l i m ʁ a t o n
לעקל	l a a k e l
לרמן	l a ʁ m a n
לתשתית	l i t ʃ a t i t
מגעילות	m a ɡ i l u t
מדמויות	m a d m u j u t
מהאגף	m e h a ɡ e f
מהחוקרים	m e h o k a ʁ i m
מהתלמוד	m e h i t l a m u d
מוז	m u z
מוזלי	m u z a l i
מוטעים	m u t a i m
מונוסון	m o n o s o n
מופלאות	m o f l a u t
מופרעים	m o f ʁ a i m
מזרנים	m i z ʁ a n i m
מחברותיה	m a χ b a ʁ u t j a
מחלישה	m a χ l i ʃ a
מחשבותיה	m a χ ʃ a v u t j a
מיואשים	m i j u ʃ i m
מיופה	m i j u f a
מייאש	m a j a ʃ
מינוף	m i n u f
מינות	m i n u t
מיקרון	m i k ʁ o n
מלשמוע	m a l ʃ a m u a
מסדי	m a s d i
מסמלות	m a s m a l u t
מעיסוק	m e i s o k
מעלין	m a a l i n
מקח	m a k a χ
מקסימות	m a k s i m u t
מקצצים	m a k t͡s a t͡s i m
מרבו	m a ʁ b u
מרגריט	m a ʁ ɡ ʁ i t
מרסלו	m a ʁ s a l u
מרעי	m a ʁ a j
מרתיח	m a ʁ t i a χ
משטה	m i ʃ t a
מתאפק	m i t a p e k
מתחרטים	m i t χ a ʁ a t i m
מתנסה	m i t n a s a
נבלם	n i v l a m
נדוש	n a d u ʃ
נהור	n a h u ʁ
נוזף	n o z e f
נזקף	n i z k e f
ניחושים	n i χ u ʃ i m
ניטל	n i t e l
נסללה	n i s l a l a
נפול	n a f u l
נפרק	n i f ʁ e k
נשתמר	n i ʃ t a m e ʁ
נתמוך	n i t m u χ
נתנזון	n i t n a z o n
סבין	s a v i n
סובין	s o v i n
סוניק	s o n i k
סחב	s a χ a v
סיליה	s i l j a
סלול	s a l u l
סמלו	s a m l u
עובדיהם	o v a d j a m
עולא	o l a
עצומת	a t͡s u m e t
עצל	a t͡s a l
עצלנות	a t͡s l a n u t
עשיתה	a ʃ i t a
פוטון	p o t o n
פולניות	p o l a n j u t
פורמטים	p o ʁ m a t i m
פורצלן	p o ʁ t͡s l a n
פטיט	p a t i t
פיזיולוגי	p i z j o l o ɡ i
פיפיות	p i p j u t
פיתול	p i t u l
פניצילין	p n i t͡s i l i n
פסחה	p a s χ a
פשעו	p a ʃ a u
צילצל	t͡s i l t͡s e l
צמדים	t͡s a m a d i m
קובלנה	k o v l a n a
קודמתה	k o d e m t a
קווית	k a v i t
קונוס	k o n o s
קוסמוס	k o s m o s
קורקוס	k o ʁ k o s
קיריל	k i ʁ i l
קישורי	k i ʃ u ʁ i
קמעא	k a m a
קנביס	k a n b i s
קסמה	k a s a m a
רוכל	ʁ o χ e l
רוקסי	ʁ o k s i
רפ	ʁ a f
שאכטה	ʃ e a χ t a
שבבני	ʃ a v b a n i
שדעת	ʃ a d a a t
שההשפעה	ʃ e h a ʃ p a a
שההשקעה	ʃ e h a ʃ k a
שהורשעו	ʃ e h o ʁ ʃ a u
שהרוצח	ʃ a h ʁ u t͡s a χ
שווימר	ʃ v i m e ʁ
שחוללו	ʃ a χ u l a l u
שחזרנו	ʃ a χ z a ʁ a n u
שיגמר	ʃ i ɡ m e ʁ
שיפודי	ʃ i p u d i
שיתקן	ʃ i t k a n
שמבוצע	ʃ i m b u t͡s a
שמבנה	ʃ i m b a n a
שמוכיחים	ʃ m u χ i χ i m
שמילה	ʃ m i l a
שניצחת	ʃ n i t͡s a χ a t
שנתקבל	ʃ i n t a k b e l
שרגאי	ʃ a ʁ ɡ a j
שריו	ʃ a ʁ j u
שריצה	ʃ ʁ i t͡s a
שתיקנו	ʃ a t i k a n u
תדמיתה	t a d m i t a
תומה	t o m a
תטיס	t a t i s
תיזכר	t i z k e ʁ
תכנוני	t a χ n o n i
תקדימי	t a k d i m i
תשאף	t i ʃ a f
תשווה	t i ʃ v a
pi	p i
simple	s i m p l e
size	s i z e
those	t o s e
אוגוסטה	o ɡ o s t a
אוהלי	o h e l i
אטול	a t u l
איהי	i h i
אייריס	a j a ʁ i s
אילוצי	i l u t͡s i
אלישיה	a l i ʃ j a
אמיצות	a m i t͡s u t
אנוכיים	a n u χ a j i m
אנוכית	a n u χ i t
ארמה	a ʁ m a
בארובה	b e a ʁ u v a
בהידור	b e h i d u ʁ
בוכרה	b u χ a ʁ a
בזכרים	b i z k a ʁ i m
בחידושים	b e χ i d u ʃ i m
בחפירת	b a χ p i ʁ e t
ביודעו	b i j u d a u
ביוזמתה	b i j u z e m t a
בינארי	b i n a ʁ i
במינויים	b e m i n u j i m
בנורווגיה	b e n u ʁ v a ɡ j a
בסצינה	b a s t͡s i n a
בסקירת	b a s k i ʁ e t
בעטתי	b a a t a t i
בקעו	b a k a u
בראג	b a ʁ a ɡ
ברדס	b a ʁ d e s
ברוממה	b ʁ u m m a
ברקר	b a ʁ k a ʁ
בשיגור	b e ʃ i ɡ o ʁ
בשלביה	b i ʃ l a v j a
בשלד	b i ʃ l e d
בשרטוט	b i ʃ ʁ a t u t
בתוליה	b e t u l j a
גילך	ɡ i l e χ
גמלאים	ɡ a m l a j i m
דהר	d a h a ʁ
דואמ	d o e m
דומיה	d o m j a
דוקה	d o k a
דיא	d i
דימות	d i m u t
דמדומי	d i m d u m i
דרד	d a ʁ a d
האולימפוס	h e o l i m p o s
האומנותית	h e o m a n u t i t
האלונים	h e e l o n i m
האלחוטי	h e e l χ u t i
האנסמבל	h e e n s e m b e l
האריג	h e e ʁ i ɡ
הגיליונות	h i ɡ i l j o n u t
הדלים	h i d l i m
הדמיונות	h i d m i j o n u t
הוילונות	h o j l o n u t
הוכשרה	h o χ ʃ a ʁ a
הומוריסטית	h o m o ʁ i s t i t
הושבעה	h o ʃ b a a
החותר	h e χ u t e ʁ
החסידה	h e χ s i d a
הטיימס	h i t j a m e s
הטעה	h i t a
הטרקלין	h i t ʁ a k l i n
הילת	h i l e t
היעילים	h i i l i m
הכבירה	h i χ b i ʁ a
הלמות	h i l m u t
המאפה	h i m a f a
המארז	h i m a ʁ e z
המגישים	h i m ɡ i ʃ i m
המחדלים	h i m χ a d e l i m
המכניס	h i m k a n i s
המלוח	h i m l u a χ
הממוזג	h i m m u z e ɡ
המסריחה	h i m s ʁ i χ a
המרקסיסטית	h i m ʁ a k s i s t i t
הנספחים	h i n s p a χ i m
הסברות	h i s b a ʁ u t
הסדנאות	h i s d a n a u t
הפגז	h i f ɡ e z
הצבעתם	h i t͡s b a a t e m
הצליינים	h i t͡s l a j a n i m
הקברן	h i k b a ʁ a n
הקהילייה	h i k h i l i j a
הקיוסק	h i k j o s e k
הקנתה	h i k n a t a
הקרטל	h i k ʁ a t e l
הרמטית	h i ʁ m a t i t
הרסתם	h i ʁ s t e m
הרעבה	h i ʁ a v a
הרעמים	h i ʁ a m i m
השבעת	h i ʃ b a a t
השמיכות	h i ʃ m i χ u t
השמימית	h i ʃ m i m i t
השמת	h i ʃ m e t
השקופים	h i ʃ k o f i m
התאכזב	h i t a χ z e v
התוא	h i t u
התחזה	h i t χ a z a
התמלוגים	h i t m a l u ɡ i m
ואכזריות	v e a χ z a ʁ j u t
והב	v a h a v
וההרס	v e h a ʁ e s
והוקמה	v e h o k e m a
והורשע	v e h o ʁ ʃ a
והילדות	v e h i l d u t
וזמנים	v i z m a n i m
וחבלה	v a χ b a l a
וחדרים	v a χ d a ʁ i m
וחרקים	v a χ ʁ a k i m
וחתול	v a χ t u l
וט	v a t
ומוצלחת	v e m u t͡s l a χ a t
ומכרים	v i m k a ʁ i m
ומשרה	v i m ʃ a ʁ a
ועסקי	v a a s k i
וצרכי	v i t͡s ʁ a χ i
ושוכח	v e ʃ u χ a χ
ותכלית	v i t k a l i t
ותמצאו	v i t m a t͡s a u
זהובה	z a h u v a
זיג	z i ɡ
זינו	z i n u
זיקתו	z i k t o
חבול	χ a v u l
חבלנים	χ a v l a n i m
חיטמן	χ i t m e n
חילון	χ i l o n
חסויות	χ a s u j u t
טובו	t o v o
טינקרבל	t i n k a ʁ b e l
ידרש	j a d ʁ e ʃ
יומרה	j o m a ʁ a
יחשפו	j a χ ʃ a f u
יטעה	j a t a
ייפגש	j i p e ɡ e ʃ
ייפלו	j i p l u
ילוד	j a l u d
ימניות	j a m a n j u t
יתבאר	j i t b a ʁ
ךיא	χ i
כיחס	k i χ e s
כשליט	k a ʃ l i t
כשקר	k a ʃ k a ʁ
להיגיון	l e h i ɡ j o n
לוויתנים	l a v i t a n i m
לופה	l o f a
לחמנו	l a χ m a n u
לטיילת	l i t j a l e t
ליוסטון	l i j o s t o n
לינוי	l i n u j
לישה	l i ʃ a
למודי	l a m u d i
למכרות	l i m k a ʁ u t
למצגת	l i m t͡s e ɡ e t
למתנות	l i m t a n u t
לנדר	l i n d e ʁ
לסקטור	l i s k t o ʁ
לסקירה	l i s k i ʁ a
לקיצוץ	l e k i t͡s u t͡s
לקפץ	l i k p e t͡s
לרשם	l a ʁ ʃ a m
לשנע	l i ʃ n a
לשף	l a ʃ a f
לשתיית	l i ʃ t a j i t
לשתינו	l i ʃ t i n u
לתגמול	l i t ɡ a m u l
לתלונות	l i t l o n u t
מדווחות	m a d v a χ u t
מהד	m a h a d
מהיעד	m e h i a d
מהספרייה	m a h i s p ʁ i j a
מהצעירים	m e h i t͡s i ʁ i m
מהתערבות	m e h i t a ʁ b u t
מהתקופות	m e h i t k o f u t
מופקע	m o f k a
מחטיא	m a χ t i
מחקרם	m a χ k a ʁ a m
מחשבותיהם	m a χ ʃ a v u t j a m
מינוח	m i n u a χ
מינורית	m i n u ʁ i t
מיצים	m i t͡s i m
מיצרי	m i t͡s a ʁ i
מלביש	m a l b i ʃ
מסביבם	m a s b i v e m
מסגירה	m a s ɡ i ʁ a
מסלקים	m a s l a k i m
מקאו	m a k a u
מקגיל	m a k ɡ i l
מקליד	m a k l i d
מרג	m a ʁ a ɡ
מרשויות	m a ʁ ʃ u j u t
משנהו	m i ʃ n a h u
משקרות	m i ʃ k a ʁ u t
מתבגרות	m i t b a ɡ a ʁ u t
מתחבקים	m i t χ a b a k i m
מתקנות	m i t k a n u t
נדחקה	n i d χ a k a
ניבוי	n i b u j
נייחים	n i j a χ i m
נימוסי	n i m u s i
נימר	n i m e ʁ
נצבעו	n i t͡s b a u
נקדיש	n i k d i ʃ
נרקב	n i ʁ k e v
נתבקשה	n i t b a k a ʃ a
סבים	s a v i m
סדורים	s a d u ʁ i m
סלרי	s a l a ʁ i
עוולת	a v a l a t
עורית	o ʁ i t
עח	a χ
ערוכות	a ʁ u χ u t
ערל	a ʁ a l
פרצי	p a ʁ a t͡s i
צמנט	t͡s a m a n t
קאנון	k a a n o n
קבוץ	k a v u t͡s
קבורות	k a v u ʁ u t
קבלנות	k a v l a n u t
קדים	k a d i m
קדרה	k a d a ʁ a
קורטז	k o ʁ t e z
קינר	k i n e ʁ
קיסרית	k i s ʁ i t
קיצורים	k i t͡s u ʁ i m
קלח	k a l a χ
קליה	k a l j a
קלעת	k a l a a t
קמנו	k a m a n u
קפצנו	k a f t͡s a n u
קקה	k a k a
קרדינל	k a ʁ d i n e l
קרמן	k a ʁ m a n
קרסול	k a ʁ s u l
קרקר	k a ʁ k a ʁ
רדומה	ʁ a d u m a
רוכסן	ʁ o χ s a n
רורק	ʁ o ʁ e k
ריא	ʁ i
ריט	ʁ i t
רכשנו	ʁ a χ ʃ a n u
רלי	ʁ a l i
רעלן	ʁ a a l a n
שאג	ʃ a a ɡ
שאלוקים	ʃ e e l u k i m
שבמאה	ʃ a v m a
שבסך	ʃ a v s a χ
שדינו	ʃ a d i n u
שהותה	ʃ a h u t a
שהמתין	ʃ a h a m t i n
שהקמנו	ʃ a h a k m a n u
שהתמחה	ʃ e h i t m a χ a
שומעיו	ʃ o m a j u
שחשפה	ʃ a χ ʃ a f a
שיטפלו	ʃ i t p e l u
שיכחה	ʃ i χ a χ a
שיכיל	ʃ i χ i l
שיכין	ʃ i χ i n
שיניה	ʃ i n j a
שיתמוך	ʃ i t m u χ
שמימית	ʃ m i m i t
שמציגה	ʃ i m t͡s i ɡ a
שמשנים	ʃ i m ʃ a n i m
שנג	ʃ a n a ɡ
שסידר	ʃ a s i d e ʁ
שעתא	ʃ a a t a
שצופים	ʃ a t͡s u f i m
שרווח	ʃ a ʁ v a χ
שרירותיים	ʃ ʁ i ʁ u t a j i m
ששולטים	ʃ ʃ u l t i m
שתפנה	ʃ i t p a n a
תהסס	t a h s a s
תומסון	t o m s o n
תחמיץ	t a χ m i t͡s
תימכר	t i m k e ʁ
תיקונו	t i k o n u
תלש	t a l a ʃ
תמרונים	t a m ʁ o n i m
תנודה	t n u d a
תנקוט	t a n k u t
תסתיר	t a s t i ʁ
תקיא	t a k i
תרוויח	t a ʁ v i a χ
في	f i
ana	a n a
based	b a s e d
china	t͡ʃ i n a
db	d e b e
department	d e p a r t m e n t
eyal	e j a l
jack	d͡ʒ a k
job	d͡ʒ o b
nokia	n o k i a
pu	p u
skin	s k i n
teen	t e e n
wanna	w a n a
yo	j o
zone	z o n e
אגא	a ɡ a
אדובי	a d u v i
אדנים	a d a n i m
אולמי	o l a m i
אופוס	o f o s
אורם	o ʁ e m
איזורים	i z u ʁ i m
אינדיה	i n d j a
אלד	a l a d
אליפלט	a l i p e l t
אסדות	a s d u t
אסטון	a s t o n
אפלבאום	a f l a b a u m
אפריקנים	a f ʁ i k a n i m
באחים	b e a χ i m
בגנבה	b a ɡ n a v a
בדירתם	b e d i ʁ t e m
בהוכחה	b e h u χ a χ a
בוסט	b o s t
בחשק	b a χ ʃ e k
ביזנטית	b i z a n t i t
ביססה	b i s s a
בישלה	b i ʃ l a
בלוחמה	b l u χ m a
במינסוטה	b e m i n s u t a
בניתוק	b e n i t u k
בנסיעת	b e n e s i a t
בעתון	b a a t o n
בצירי	b e t͡s i ʁ i
ברבבות	b a ʁ b a v u t
ברגלים	b a ʁ ɡ e l i m
ברומנים	b ʁ o m a n i m
ברייט	b ʁ a j a t
ברנדו	b a ʁ n a d u
בשנתם	b i ʃ n a t e m
בתחלת	b i t χ a l e t
בתלמיד	b i t l a m i d
גלורי	ɡ l u ʁ i
גרינלנד	ɡ ʁ i n l a n d
גרשו	ɡ a ʁ ʃ u
דינרים	d i n ʁ i m
דיסוננס	d i s o n a n s
דרשתי	d a ʁ ʃ a t i
האבולה	h e e v u l a
האדיוט	h e e d j u t
האיכויות	h e i χ u j u t
האנונימיות	h e e n o n i m j u t
האנטנות	h e e n t a n u t
האפית	h e e f i t
האריחים	h e e ʁ i χ i m
הבלעדיות	h i v l a d j u t
הבתר	h i v t e ʁ
הגינון	h i ɡ i n o n
הגליונות	h i ɡ l j o n u t
הגרושה	h i ɡ ʁ u ʃ a
הדיונות	h i d j o n u t
הדינמית	h i d i n e m i t
הדמעה	h i d m a a
הודג	h o d e ɡ
הוטבע	h o t b a
הולנדים	h o l a n d i m
הזהרתי	h i z h a ʁ t i
הזוכות	h i z u χ u t
הזקנות	h i z k a n u t
החביבות	h e χ b i v u t
היכלות	h i χ l u t
הכדים	h i χ d i m
הכשיל	h i χ ʃ i l
הלבד	h i l b e d
הלד	h a l a d
המבריחים	h i m b ʁ i χ i m
המגבית	h i m ɡ e v i t
המגירות	h i m ɡ i ʁ u t
המטריה	h i m t a ʁ j a
המכריז	h i m k ʁ i z
המלשין	h i m l a ʃ i n
המקטע	h i m k t a
המרוכז	h i m ʁ u χ e z
הנאת	h i n a t
הנהנין	h i n h a n i n
הניצוצות	h i n i t͡s u t͡s u t
הנלהב	h i n l a v
הנשאלים	h i n ʃ a l i m
הנשאר	h i n ʃ a ʁ
הסברא	h i s b a ʁ a
הסגורים	h i s ɡ o ʁ i m
הסיטי	h i s i t i
הקנדים	h i k n a d i m
הקקאו	h i k k a u
הקרישה	h i k ʁ i ʃ a
הרדי	h a ʁ d i
השימושי	h i ʃ i m u ʃ i
השמפניה	h i ʃ m a p a n j a
השמצות	h i ʃ m a t͡s u t
השקייה	h i ʃ k i j a
השתולל	h i ʃ t u l e l
התיישבותי	h i t j a ʃ b u t i
התמנון	h i t m a n o n
התרה	h i t ʁ a
ודוקא	v a d u k a
והיהודית	v e h i h u d i t
והצרכים	v e h i t͡s ʁ a χ i m
וואדי	w a d i
וואל	w a l
ווייד	v a j a d
ווינסטון	v i n s t o n
וורף	v a ʁ a f
וחשבנו	v a χ ʃ a v a n u
ויבר	v i b e ʁ
ויג	v i ɡ
ויגו	v i ɡ u
וילקס	v i l k e s
ולארץ	v a l a ʁ a t͡s
ולעיר	v a l i ʁ
ומחלקים	v i m χ a l a k i m
ומקורביו	v i m k o ʁ b j u
ומקצתם	v i m k a t͡s t e m
ונוזלים	v e n u z a l i m
וסוחר	v e s u χ a ʁ
ועמוקים	v e a m u k i m
ופיזית	v i f i z i t
ורגיל	v a ʁ ɡ i l
ורגשית	v a ʁ ɡ e ʃ i t
ושמנו	v i ʃ m a n u
ושמענו	v i ʃ m a n u
זהותי	z a h u t i
זוחלת	z o χ e l e t
זומנו	z o m a n u
זיהינו	z i h i n u
זיונים	z i j o n i m
זנו	z a n u
חוגר	χ o ɡ e ʁ
חישובית	χ i ʃ u v i t
חליצה	χ a l i t͡s a
חפות	χ a f u t
חשבונותיו	χ a ʃ b o n u t j u
טונים	t o n i m
טיר	t i ʁ
יוסל	j o s e l
יילחם	j i l χ a m
יקרוס	j a k ʁ o s
כבירי	k a v i ʁ i
כדבריך	k a d b a ʁ i χ
כדמויות	k a d m u j u t
כורעים	k o ʁ a i m
כחג	k a χ a ɡ
כלמוביל	k a l m u v i l
כמשיח	k a m ʃ i a χ
כסם	k a s a m
כעקרון	k a a k a ʁ o n
כפתה	k a f t a
כשיגיעו	k ʃ i ɡ i u
לדודו	l a d u d u
להדיא	l a h a d i
להיעלב	l e h i a l e v
להסכמות	l e h i s k e m u t
להשחיר	l e h i ʃ χ i ʁ
להתנצר	l e h i t n a t͡s e ʁ
להתקלקל	l e h i t k a l k e l
לזווית	l i z v i t
לזון	l a z o n
לחמים	l a χ m i m
לחסימת	l a χ s i m e t
לטשטוש	l i t ʃ a t u ʃ
לימן	l i m e n
ליקוק	l i k o k
לישן	l i ʃ e n
לכדורים	l i χ d u ʁ i m
לכוונה	l i χ v a n a
לכניעה	l i χ n i a
למחדל	l i m χ a d e l
לנצחון	l i n t͡s a χ o n
לסטטוס	l i s t a t o s
לסטנדרט	l i s t a n d a ʁ t
לקהלים	l i k h a l i m
לשיווי	l i ʃ i v i
לתבניות	l i t b a n j u t
מאכזבות	m e a χ z a v u t
מאקדח	m e a k d a χ
מדיו	m a d j o
מהחלטות	m e a χ l a t u t
מהפגיעה	m e h i p ɡ i a
מותנו	m o t a n u
מזנקת	m i z n e k e t
מיאוס	m i u s
מיליונרים	m i l j o n a ʁ i m
מישקה	m i ʃ k a
ממדיה	m a m a d j a
ממכונית	m a m χ o n i t
ממעטים	m a m a t i m
מנהגם	m i n h a ɡ e m
מנשר	m i n ʃ a ʁ
מסביבות	m a s b i v u t
מקבצים	m a k b a t͡s i m
מקדח	m a k d a χ
מקנן	m a k n a n
משבעים	m i ʃ b a i m
משמה	m i ʃ m a
מתנאים	m i t n a i m
נבהלים	n i v h a l i m
נהירה	n e h i ʁ a
נוטשת	n o t e ʃ e t
נומי	n o m i
נחלשים	n a χ l a ʃ i m
נמדדה	n i m d a d a
נרתעת	n i ʁ t a a t
נתינות	n i t i n u t
סובסידיות	s o v s i d j u t
סוררים	s o ʁ a ʁ i m
סטאלון	s t a l o n
סיחון	s i χ o n
סילוף	s i l u f
סירנה	s i ʁ n a
סמכה	s a m χ a
סקרה	s a k a ʁ a
עדית	a d i t
עוטים	o t i m
עושרה	o ʃ a ʁ a
עינך	i n e χ
עלותה	a l u t a
עננה	a n a n a
עצמותיהם	a t͡s m u t j a m
פורקו	p o ʁ k o
פזור	p a z u ʁ
פילס	p i l e s
פינית	p i n i t
פלאח	p a l a a χ
פלאן	p a l a n
צבעתי	t͡s a v a a t i
צווארם	t͡s a v a ʁ a m
ציצת	t͡s i t͡s e t
קבליים	k a v l a j i m
קבלית	k a v l i t
קהות	k a h u t
קנקנים	k a n k a n i m
ראשיכם	ʁ e ʃ i χ e m
רביצקי	ʁ a b i t͡s k i
רוקנו	ʁ o k a n u
רחיצת	ʁ a χ i t͡s e t
רייז	ʁ a j a z
רסקו	ʁ a s a k o
רפויה	ʁ a f u j a
רתומה	ʁ a t u m a
שאימצה	ʃ e i m t͡s a
שבסיפור	ʃ a v s i f o ʁ
שהיכולת	ʃ e h i χ u l e t
שהתיישב	ʃ e h i t j a ʃ e v
שהתיקון	ʃ e h a t i k o n
שחוויתי	ʃ a χ v i t i
שחטאו	ʃ a χ t a u
שחמאס	ʃ a χ m a s
שיחבר	ʃ i χ b e ʁ
שיטתיות	ʃ i t a t j u t
שילטון	ʃ i l t o n
שיקויים	ʃ i k u j i m
שישתמש	ʃ i ʃ t a m e ʃ
שכוונו	ʃ a χ v a n u
שכלולים	ʃ a χ l u l i m
שלובות	ʃ l u v u t
שלפה	ʃ a l a f a
שלפניך	ʃ a l p a n i χ
שמוש	ʃ a m u ʃ
שמחפשת	ʃ i m χ a p e ʃ e t
שמסבירה	ʃ i m s b i ʁ a
שמשמעה	ʃ i m ʃ e m a
שמשקיע	ʃ i m ʃ k i a
שמתפרסם	ʃ i m t p a ʁ s e m
שנדר	ʃ i n d e ʁ
שנונים	ʃ n o n i m
שסך	ʃ a s a χ
שרווד	ʃ a ʁ v a d
שרל	ʃ a ʁ a l
שתומכות	ʃ a t u m χ u t
תוחזר	t o χ z a ʁ
תחתונות	t a χ t o n u t
תיעדו	t i a d u
תכשירי	t a χ ʃ i ʁ i
תפרה	t a f ʁ a
תקוותם	t a k v a t e m
תשקע	t i ʃ k a
amy	a m i
bmi	b e m i
bp	b e p e
eyes	e j e s
gas	ɡ a s
pe	p e
teaching	t e a t͡ʃ i ŋ
אברח	a v ʁ a χ
אדרעי	a d ʁ a i
אהו	a h u
אוגוסטינוס	o ɡ o s t i n o s
אופטימוס	o f t i m o s
אופטימליים	o f t i m a l a j i m
אנטבה	a n t a v a
אסיאתית	a s i a t i t
אקי	a k i
ארגוס	a ʁ ɡ o s
ארונה	a ʁ o n a
ארטילרי	a ʁ t i l a ʁ i
ארטילרית	a ʁ t i l a ʁ i t
אשמות	a ʃ m u t
בארצה	b e a ʁ t͡s a
בגידולי	b e ɡ i d u l i
בוך	b u χ
בחברתנו	b a χ b a ʁ t a n u
בטול	b a t u l
בימתית	b i m t i t
ביעף	b i a f
ביצועם	b i t͡s u a m
בירכה	b i ʁ χ a
בכינרת	b e χ i n e ʁ e t
בלאדי	b a l a d i
בלאנק	b a l a n a k
במיניות	b e m i n j u t
בסו	b a s u
בסובלנות	b e s o v l a n u t
בסוללה	b e s u l a l a
בסידורים	b e s i d u ʁ i m
בפיסיקה	b e f i s i k a
בציטוטים	b e t͡s i t u t i m
בקיסרות	b e k i s a ʁ u t
ברגלי	b a ʁ ɡ a l i
ברסקי	b a ʁ s a k i
בתפילין	b i t f i l i n
גוקו	ɡ o k o
גורשה	ɡ o ʁ ʃ a
גירית	ɡ i ʁ i t
גלאקסי	ɡ l a k s i
גלמן	ɡ a l m a n
גראד	ɡ a ʁ a d
גרט	ɡ a ʁ a t
גריימס	ɡ ʁ a j m e s
גריניץ	ɡ ʁ i n i t͡s
דוחן	d o χ a n
דפו	d a f u
דרישתה	d ʁ i ʃ t a
האיראניים	h e i ʁ a n j i m
האנליטית	h e e n l i t i t
האשך	h e e ʃ e χ
הבטחתם	h i v t a χ t e m
הגזית	h i ɡ z i t
הדגמות	h i d ɡ e m u t
ההקשה	h e a k ʃ a
הוזעק	h o z a k
הוני	h o n i
הזניח	h i z n i a χ
החטיפות	h e χ t i f u t
הטהורות	h i t h o ʁ u t
הטיגריס	h i t i ɡ ʁ i s
הטרגית	h i t ʁ a ɡ i t
הטריוויה	h i t ʁ i v j a
הטרקטורים	h i t ʁ a k t o ʁ i m
הכבול	h i χ b u l
הלסביות	h i l s a v j u t
המאחזים	h i m a χ a z i m
המבטחים	h i m b a t a χ i m
המביע	h i m b i a
המבע	h i m b a
המחליט	h i m χ a l i t
המחלקת	h i m χ a l e k e t
המכולה	h i m k u l a
המלצתי	h i m l a t͡s t i
הממנה	h i m m a n a
המסוף	h i m s u f
המצחיקה	h i m t͡s χ i k a
המקרי	h i m k a ʁ i
המרב	h i m ʁ e v
המתנתי	h i m t a n t i
הנגשת	h i n ɡ e ʃ e t
הנזילות	h i n z i l u t
הנטושה	h i n t u ʃ a
הנמסר	h i n m a s e ʁ
הנשה	h i n ʃ a
הנשלח	h i n ʃ a l a χ
הסגרת	h i s ɡ a ʁ e t
הסטטיסטית	h i s t a t i s t i t
הסתמכה	h i s t a m χ a
הצילינדר	h i t͡s i l i n d e ʁ
הצמידו	h i t͡s m i d u
הקם	h a k a m
הרא	h a ʁ a
הרמאי	h i ʁ m a j
השגיח	h i ʃ ɡ i a χ
השלדה	h i ʃ l a d a
התאית	h i t a j i t
התארכה	h i t a ʁ χ a
התחוור	h i t χ a v e ʁ
התחשב	h i t χ a ʃ e v
התכנה	h i t k a n a
התמיכות	h i t m i χ u t
התעצמה	h i t a t͡s m a
התערבותה	h i t a ʁ b u t a
התקנית	h i t k a n i t
ואיטי	v e i t i
ואכלה	v e a χ l a
והידיעה	v e h i d i a
והעבר	v e e v e ʁ
והציור	v e h i t͡s j o ʁ
והשקיע	v e h i ʃ k i a
ווינה	v i n a
וזולה	v a z u l a
וזקוקים	v i z k o k i m
וחשוך	v a χ ʃ u χ
וחתיכות	v a χ t i χ u t
ויחליט	v i χ l i t
וינאי	v i n a j
ויקה	v i k a
וכובש	v e χ o v e ʃ
ומהות	v i m h u t
ומעיד	v i m i d
ומעריכים	v i m a ʁ i χ i m
ומתרבים	v i m t a ʁ b i m
וצלילים	v i t͡s l i l i m
ורגאס	v a ʁ ɡ a s
ורדו	v a ʁ d u
ורשע	v a ʁ ʃ a
ושינתה	v e ʃ i n t a
ותאמיני	v i t a m i n i
ותמנע	v i t m a n a
ותענה	v i t a n a
ותשתית	v i t ʃ a t i t
זיד	z i d
זיסו	z i s u
חופת	χ o f e t
חזנות	χ a z a n u t
חטאם	χ a t a m
חטיב	χ a t i v
חלוש	χ a l u ʃ
חסינה	χ a s i n a
חריצות	χ a ʁ i t͡s u t
חשוכות	χ a ʃ u χ u t
טעימת	t a i m e t
טרשים	t a ʁ ʃ i m
יגנוב	j a ɡ n u v
יחתוך	j a χ t u χ
ינק	j a n a k
יעדיה	j a a d j a
יקבי	j a k a v i
יתחזק	j i t χ a z e k
כהקדמה	k a h a k d e m a
כורעת	k o ʁ a a t
כחובה	k a χ u v a
כחלוץ	k a χ l u t͡s
כחלל	k a χ l a l
כידיד	k i d i d
כמרחב	k a m a ʁ χ a v
כרימון	k ʁ i m o n
כרמלו	k a ʁ m a l u
כתריאל	k a t ʁ i e l
לאחרות	l e a χ a ʁ u t
להוא	l a h u
להיפרע	l e h i p ʁ a
להשפריץ	l e h i ʃ p ʁ i t͡s
להתחסן	l e h i t χ a s e n
להתעלף	l e h i t a l e f
לואן	l o a n
לוויתור	l a v i t u ʁ
לוליטה	l o l i t a
לומיס	l o m i s
לופ	l o f
לורנה	l o ʁ a n a
לזרוח	l i z ʁ u a χ
לחזרות	l a χ z a ʁ u t
לחסידים	l a χ s i d i m
לחפוף	l a χ p u f
ליליות	l i l j u t
ליעף	l i a f
למזרן	l i m z a ʁ a n
לניב	l a n i v
לנמען	l i n m a n
לעמת	l a a m e t
לצביעת	l i t͡s b i a t
לשלומה	l i ʃ l u m a
לשלשה	l i ʃ l a ʃ a
לשנותה	l i ʃ n u t a
לתסיסה	l i t s i s a
מאחיך	m e a χ i χ
מגדיאל	m a ɡ d i e l
מדודה	m a d u d a
מורגנה	m o ʁ ɡ a n a
מיזוגים	m i z u ɡ i m
מימיהם	m i m j a m
מינרלי	m i n ʁ a l i
ממתינות	m a m t i n u t
מסבירות	m a s b i ʁ u t
מפס	m a f a s
משגרי	m i ʃ ɡ a ʁ i
משחתת	m i ʃ χ a t e t
משפות	m i ʃ p u t
מתהליכי	m i t h a l i χ i
מתחסד	m i t χ a s e d
מתלמד	m i t l a m e d
נבחין	n i v χ i n
נדחקים	n i d χ a k i m
נדים	n a d i m
נוקמת	n o k e m e t
נוריד	n o ʁ i d
ניבאו	n i b a u
ניתז	n i t e z
נשענו	n i ʃ a n u
סודיום	s o d j u m
סונה	s o n a
סיסו	s i s u
סמיון	s a m j o n
סמכותית	s a m χ u t i t
ססגונית	s a s ɡ o n i t
סק	s a k
סרף	s a ʁ a f
סרקו	s a ʁ a k o
עגילי	a ɡ i l i
עגלון	a ɡ l o n
עוויתות	a v i t u t
עינות	i n u t
עירי	i ʁ i
עסקיה	a s k i j a
עקיצת	a k i t͡s e t
עקץ	a k a t͡s
עריפת	a ʁ i f e t
פאל	p a a l
פופי	p o f i
פורמאלית	p o ʁ m a l i t
פיגמנטים	p i ɡ m a n t i m
פילוס	p i l o s
פילטוס	p i l t o s
פינקי	p i n k i
פלמנקו	p a l m a n k o
פפ	p a f
פקין	p a k i n
פראיות	p a ʁ a j u t
פשרת	p i ʃ ʁ e t
פתורות	p a t u ʁ u t
ציוויליזציה	t͡s i v i l i z a t͡s j a
צרכנית	t͡s a ʁ χ a n i t
קאנה	k a a n a
קדירה	k a d i ʁ a
קדישין	k a d i ʃ i n
קולטון	k o l t o n
קומט	k o m e t
קומיים	k o m a j i m
קונכיות	k o n a χ j u t
קינים	k i n i m
קלג	k a l a ɡ
קלילים	k l i l i m
קצינות	k a t͡s i n u t
קרדן	k a ʁ d a n
קרט	k a ʁ a t
רזון	ʁ a z o n
רחמני	ʁ a χ m a n i
ריחניים	ʁ i χ n a j i m
רמא	ʁ a m a
שגבו	ʃ a ɡ v u
שדואגת	ʃ a d u a ɡ e t
שהיקף	ʃ e h i k e f
שהספיקה	ʃ a h a s p i k a
שומאן	ʃ o m a n
שיחסי	ʃ i χ s i
שינאה	ʃ i n a
שיתבאר	ʃ i t b a ʁ
שכינתא	ʃ χ i n t a
שלימוד	ʃ l i m u d
שמכילים	ʃ i m k i l i m
שמראות	ʃ i m ʁ a u t
שנואים	ʃ n u i m
שנפלת	ʃ i n p e l e t
שנפתחת	ʃ i n p a t a χ a t
שנשאלו	ʃ i n ʃ a l u
שנתקעו	ʃ i n t a k a u
שעב	ʃ a a v
ששותה	ʃ a ʃ u t a
ששמותיהם	ʃ i ʃ m u t j a m
שתואם	ʃ a t u a m
תובענית	t o v a n i t
תורשתיות	t o ʁ ʃ e t j u t
תחמן	t a χ m a n
תידחה	t i d χ a
תיכנון	t i χ n o n
תכנונים	t a χ n o n i m
תנטוש	t a n t u ʃ
תפסידו	t a f s i d u
תקון	t a k o n
תתפרסם	t i t p a ʁ s e m
files	f i l e s
pub	p u b
sp	e s p e
sure	s u ɾ e
zur	z u r
אבלי	a v l i
אוגדן	o ɡ d a n
אולימפוס	o l i m p o s
אותותיה	o t u t j a
אחזיר	a χ z i ʁ
אירוויזיון	i ʁ v i z j o n
אישוש	i ʃ u ʃ
אלבני	a l b a n i
אלכסונית	a l a χ s o n i t
אלקינו	a l k i n u
אריאן	a ʁ i a n
באחרון	b e a χ a ʁ o n
באיה	b a a j a
בהשפעתה	b e h i ʃ p a a t a
בהשתלטות	b e h i ʃ t a l t u t
בחירתך	b e χ i ʁ t e χ
ביולוג	b i j u l u ɡ
ביצורי	b i t͡s u ʁ i
בלז	b a l a z
בליץ	b a l i t͡s
בעינים	b a i n i m
בעליונות	b a a l j o n u t
בעמדותיהם	b a a m d u t j a m
בקאן	b a k a n
בריחי	b ʁ i χ i
גאד	ɡ a a d
גובשו	ɡ o v ʃ u
גודלן	ɡ o d l a n
גוטה	ɡ o t a
גזם	ɡ a z a m
גיזום	ɡ i z u m
גירושי	ɡ i ʁ u ʃ i
גרגירים	ɡ a ʁ ɡ i ʁ i m
גריס	ɡ ʁ i s
דגירה	d ɡ i ʁ a
דלפו	d a l a f u
דס	d a s
דקיקים	d k i k i m
דרזדן	d a ʁ z a d a n
דתן	d a t a n
דתנן	d a t n a n
האדיב	h e e d i v
האודישנים	h e o d i ʃ a n i m
הבבא	h i v b e
הבלוטה	h i v l u t a
הגזעי	h i ɡ z a i
הגידי	h i ɡ i d i
הגיית	h i ɡ j a t
הדלאי	h i d l a j
הושיב	h o ʃ i v
החדישות	h e χ d i ʃ u t
החזרתם	h i χ z a ʁ t e m
הטבוע	h i t b u a
הטיטאנים	h i t i t a n i m
הכנעה	h i χ n a a
הלגונה	h i l ɡ o n a
הלחנים	h i l χ a n i m
הלס	h a l a s
המחזיר	h i m χ a z i ʁ
המחכה	h i m χ a χ a
המחרשה	h i m χ a ʁ ʃ a
המטא	h i m t a
המכבד	h i m k a v e d
המנחם	h i m n a χ e m
המעש	h i m a ʃ
המרידות	h i m ʁ i d u t
המתירה	h i m t i ʁ a
המתעדים	h i m t a a d i m
הניצנים	h i n i t͡s a n i m
הנקם	h i n k e m
הסייג	h i s j a ɡ
הסקיצה	h i s k i t͡s a
העגורים	e e ɡ o ʁ i m
הפדגוגיה	h i f d e ɡ u ɡ j a
הצעתך	h i t͡s a t e χ
הקבל	h i k b e l
הקבלת	h i k b e l e t
הקטלניות	h i k t a l a n j u t
הקנוניה	h i k n o n j a
הקראי	h i k ʁ a j
הקרוואן	h i k ʁ a v a n
השוודים	h i ʃ v a d i m
השיעול	h i ʃ i u l
השנתון	h i ʃ n a t o n
השעתיים	h i ʃ a t a j i m
השפים	h i ʃ p i m
השרעי	h i ʃ ʁ a i
התאחדה	h i t a χ d a
התוכל	h i t u χ e l
התכוננה	h i t k o n a n a
התממשה	h i t m a m ʃ a
התמרמרות	h i t m a ʁ m a ʁ u t
התעצם	h i t a t͡s e m
התרמילים	h i t ʁ a m i l i m
ואדבר	v a d b a ʁ
ואחיהם	v e a χ j a m
וגוון	v a ɡ v a n
והבסיס	v e h a v s i s
וההצעה	v e h a t͡s a a
והמתינו	v e h i m t i n u
והעשירים	v e e ʃ i ʁ i m
והעתיק	v e e t i k
והצבעים	v e h i t͡s b a i m
וואס	w a s
וחרטה	v a χ ʁ a t a
וחשיפת	v a χ ʃ i f e t
וחתימת	v a χ t i m e t
ויחל	v i χ e l
ויסר	v i s e ʁ
ומעוות	v i m a v e t
ומרחיב	v i m ʁ a χ i v
ומרכזים	v i m ʁ a χ z i m
ונוחות	v e n u χ u t
וניצחה	v e n i t͡s a χ a
וערפל	v e a ʁ p e l
ועתידה	v e a t i d a
ושיטה	v e ʃ i t a
ושישים	v e ʃ i ʃ i m
ותשאל	v i t ʃ a e l
זיידל	z a j d e l
זקף	z a k a f
חבות	χ a v u t
חבצלות	χ a v t͡s a l u t
חוזקו	χ o z a k o
חומס	χ o m e s
חופו	χ o f u
חילצה	χ i l t͡s a
חירבן	χ i ʁ b e n
חישוקים	χ i ʃ u k i m
חלילי	χ a l i l i
חמדן	χ a m d a n
חמיה	χ a m j a
חסידיות	χ a s i d j u t
טימון	t i m o n
טירחה	t i ʁ χ a
טריף	t ʁ i f
יובה	j o v a
יוולד	j a v l a d
יוניס	j o n i s
ייקרה	j i k a ʁ a
ינאו	j a n a u
יקלו	j a k l u
ישיבו	j e ʃ i v u
כאוטי	k a u t i
כגוש	k a ɡ u ʃ
כותונת	k o t o n e t
כזיב	k a z i v
כלנו	k a l a n u
כצבא	k a t͡s b a
כשבאים	k a ʃ b a i m
כשווים	k a ʃ v i m
לאיל	l a i l
לארגז	l e a ʁ ɡ e z
לארתור	l e a ʁ t o ʁ
לבנונית	l i v n o n i t
לבנם	l a v a n a m
לבריכות	l i v ʁ i χ u t
לגרשם	l i ɡ ʁ e ʃ e m
לדגמים	l i d ɡ e m i m
לדנה	l a d a n a
להתכבד	l e h i t k a v e d
לוואדי	l a v a d i
לוויות	l a v j u t
לוקו	l o k o
לחבילה	l a χ b i l a
לחברינו	l a χ b a ʁ i n u
לחטיפת	l a χ t i f e t
לטקסים	l i t k a s i m
ליניארית	l i n j a ʁ i t
לכווץ	l i χ v e t͡s
למצוקת	l i m t͡s o k e t
לנדב	l i n d e v
לסגירה	l i s ɡ i ʁ a
לסגנית	l i s ɡ a n i t
לענה	l a a n a
לעצמאים	l e a t͡s m a i m
לפר	l a f a ʁ
לצנחנים	l i t͡s n a χ a n i m
לשטחה	l i ʃ t a χ a
לתחקיר	l i t χ a k i ʁ
לתסמינים	l i t s a m i n i m
מגזיני	m a ɡ z i n i
מהאמונה	m e h a m o n a
מוץ	m u t͡s
מורטימר	m o ʁ t i m e ʁ
מחזורית	m a χ z u ʁ i t
מידיות	m i d j u t
מיטיבים	m i t i v i m
מילותיה	m i l u t j a
מירוצים	m i ʁ u t͡s i m
מלבדה	m a l b a d a
מלקחת	m a l k a χ a t
ממתיק	m a m t i k
מסמרי	m a s m a ʁ i
מקבצי	m a k b a t͡s i
מקטינים	m a k t i n i m
מקשיי	m a k ʃ a j
מרא	m a ʁ a
מרבדים	m a ʁ b a d i m
מרביתן	m a ʁ b i t e n
מרדנית	m a ʁ d a n i t
מרפקים	m a ʁ p a k i m
משווי	m i ʃ v i
משכרים	m i ʃ k a ʁ i m
משתגעים	m i ʃ t a ɡ i m
משתיים	m i ʃ t a j i m
מתנדבות	m i t n a d v u t
מתריס	m i t ʁ i s
ןאכ	n a a χ
נבדה	n i v d a
נדבן	n i d b a n
נולן	n o l a n
נושן	n o ʃ a n
נזירי	n i z i ʁ i
נזרקים	n i z ʁ a k i m
נחלצו	n a χ l a t͡s u
נחתום	n a χ t u m
נטאשה	n i t a ʃ a
נטרף	n i t ʁ e f
ניסיתם	n i s i t e m
ניצת	n i t͡s e t
נלה	n a l a
נמתחים	n i m t a χ i m
נסלל	n i s l a l
נסמכה	n i s m a χ a
נתיחה	n i t i χ a
סאי	s a i
סגנונה	s a ɡ n o n a
סומנה	s o m a n a
סונאר	s o n a ʁ
סופרנו	s o f ʁ a n u
סטולר	s t u l a ʁ
סידרנו	s i d ʁ a n u
סימולטני	s i m u l t a n i
סימטריים	s i m t a ʁ a j i m
סיקה	s i k a
סנדס	s a n d a s
סרוג	s a ʁ u ɡ
עיתים	i t i m
עציר	a t͡s i ʁ
עצלה	a t͡s l a
עקרים	a k ʁ i m
עתידני	a t i d a n i
פוטס	p o t e s
פולן	p o l a n
פומפיי	p o m p a j
פירמה	p i ʁ m a
פישוט	p i ʃ u t
פסע	p a s a
פריקים	p ʁ i k i m
צבעיו	t͡s a v a j u
צוותה	t͡s a v a t a
צמודי	t͡s a m u d i
קאסידי	k a a s i d i
קובריק	k o v ʁ i k
קופידון	k o f i d o n
קורקינט	k o ʁ k i n t
קיבוצניק	k i b u t͡s n i k
קידוחי	k i d u χ i
קישוריות	k i ʃ u ʁ j u t
קלהאן	k a l h a n
קמות	k a m u t
רוקר	ʁ o k e ʁ
רחמיך	ʁ a χ m i χ
ריחף	ʁ i χ e f
רייני	ʁ a j a n i
רקורדס	ʁ a k o ʁ d e s
שאוב	ʃ a u v
שארים	ʃ e a ʁ i m
שאריק	ʃ e a ʁ i k
שאש	ʃ a a ʃ
שבחזית	ʃ a v χ a z i t
שבלט	ʃ a v l a t
שבמרוקו	ʃ a v m a ʁ o k o
שגונב	ʃ ɡ o n e v
שדוחה	ʃ a d u χ a
שהבנו	ʃ a h a v a n u
שהירח	ʃ e h i ʁ e a χ
שחדרה	ʃ a χ d a ʁ a
שחררנו	ʃ a χ ʁ a ʁ a n u
שיהודה	ʃ i h u d a
שיחליט	ʃ i χ l i t
שיעידו	ʃ i i d u
שירתי	ʃ i ʁ t i
שלוקחת	ʃ l u k a χ a t
שלישיים	ʃ l i ʃ a j i m
שמולו	ʃ a m u l u
שמוריד	ʃ m u ʁ i d
שמכינים	ʃ i m k i n i m
שמשפיעים	ʃ i m ʃ p i i m
שנבחנו	ʃ i n b a χ a n u
שנוטים	ʃ n u t i m
שנושאת	ʃ n u ʃ a t
שנח	ʃ a n a χ
שנחקר	ʃ i n χ a k e ʁ
שנכפתה	ʃ i n χ a f t a
שנפסל	ʃ i n p a s e l
שסירבה	ʃ a s i ʁ b a
שסע	ʃ a s a
שסר	ʃ a s a ʁ
שקלול	ʃ a k l u l
שרט	ʃ a ʁ a t
שרידות	ʃ ʁ i d u t
ששכרה	ʃ i ʃ k a ʁ a
שתולה	ʃ a t u l a
שתטפל	ʃ i t t a p e l
תוצרתם	t o t͡s a ʁ t e m
תיירי	t a j a ʁ i
תמול	t a m u l
תפיסתי	t f i s t i
ah	a
che	t͡ʃ e
dd	d e d e
destiny	d e s t i n i
domain	d o m a i n
episode	e p i s o d e
isis	i s i s
mo	m o
pet	p e t
sas	s a s
sos	s o s
turn	t u r n
אדמיניסטרטיבית	a d m i n i s t a ʁ t i v i t
אוסי	o s i
אופתע	o f t a
אוצרים	o t͡s a ʁ i m
אורלנד	o ʁ l a n d
אושה	o ʃ a
אטקינס	a t k i n s
אלאן	a l a n
אמביוולנטי	a m b i v l a n t i
אנלוגית	a n l u ɡ i t
אסטל	a s t a l
אצחק	a t͡s χ a k
באפיקים	b e e f i k i m
בגפה	b a ɡ a f a
בהאיטי	b e h i t i
בונין	b o n i n
בונם	b o n a m
בוצר	b o t͡s a ʁ
בחמימות	b a χ m i m u t
בחנוכת	b a χ n u χ a t
בחנייה	b a χ n i j a
בחתול	b a χ t u l
ביגל	b i ɡ e l
ביואיק	b i j u i k
במיקרוסקופ	b e m i k ʁ o s k o f
בעירוב	b e i ʁ u v
בקדם	b a k d a m
בריף	b ʁ i f
בריר	b ʁ i ʁ
בשלטי	b i ʃ l a t i
גודר	ɡ o d e ʁ
גיטו	ɡ i t u
גנבות	ɡ a n b u t
גשור	ɡ a ʃ u ʁ
דבני	d a v a n i
דובון	d o v o n
דוגמנים	d o ɡ m a n i m
דייה	d i j a
דלג	d a l a ɡ
האבירות	h e e v i ʁ u t
האדוק	h e e d u k
האופטימלית	h e o f t i m a l i t
האנגר	h e e n ɡ e ʁ
האנליזה	h e e n l i z a
הבשרים	h i v ʃ a ʁ i m
הגידור	h i ɡ i d u ʁ
הגיחון	h i ɡ i χ o n
הוכמן	h o χ m a n
הוצאותיה	h o t͡s a u t j a
הורישה	h o ʁ i ʃ a
הטרנס	h i t ʁ a n e s
הילמן	h i l m e n
הינדה	h i n d a
המזרק	h i m z a ʁ e k
המכור	h i m k o ʁ
המכלים	h i m k e l i m
המסיבית	h i m s i v i t
המעילים	h i m i l i m
המרחף	h i m ʁ a χ e f
המשתמשות	h i m ʃ t a m ʃ u t
המתלוננות	h i m t a l o n a n u t
המתפשט	h i m t a p ʃ e t
המתקשה	h i m t a k ʃ a
המתקשים	h i m t a k ʃ i m
הנחיצות	h i n χ i t͡s u t
הנטר	h i n t e ʁ
הנעלמת	h i n a l e m e t
הנשייה	h i n ʃ i j a
הסטיגמה	h i s t i ɡ e m a
הסיד	h i s i d
הסימונים	h i s i m o n i m
העיזים	h e i z i m
העתון	h e e t o n
הפטיטיס	h i f t i t i s
הצועני	h i t͡s u a n i
הציירת	h i t͡s j a ʁ e t
הקבוץ	h i k b u t͡s
הרמאים	h i ʁ m a i m
השאילה	h i ʃ i l a
השבטי	h i ʃ b a t i
השיריון	h i ʃ i ʁ j o n
השרמוטה	h i ʃ ʁ a m u t a
השתיל	h i ʃ t i l
התארך	h i t a ʁ e χ
התזוזה	h i t z u z a
התמחתה	h i t m a χ t a
התנער	h i t n a a ʁ
התרסקו	h i t ʁ a s k o
ואילת	v e i l e t
ואפשרה	v e a f ʃ a ʁ a
וביה	v i v j a
ודינו	v a d i n u
והאורחים	v e h o ʁ a χ i m
והסכמים	v e h i s k e m i m
והסתפק	v e h i s t a p e k
והצער	v e h i t͡s a ʁ
והתאים	v e h i t a j i m
וחלון	v a χ l o n
וחנון	v a χ n o n
ויועצים	v i j u a t͡s i m
ויעד	v i a d
ויעמד	v i a m e d
ולבטא	v a l a v t a
ולדות	v a l d u t
ומסבירים	v i m s b i ʁ i m
וסבון	v a s b o n
וסיבות	v e s i v u t
ועדינות	v e a d i n u t
ופורסמו	v e f o ʁ s e m o
ורעם	v a ʁ a m
ותאוות	v i t a v e t
זויה	z u j a
זיתון	z i t o n
חובם	χ o v e m
חופות	χ o f u t
חורק	χ o ʁ e k
חילולי	χ i l u l i
חיסולים	χ i s u l i m
חששם	χ a ʃ ʃ a m
טולוז	t o l o z
טומנים	t o m a n i m
טראק	t a ʁ a k
ידעי	j a d a i
יוחסה	j o χ a s a
יחבר	j a χ b a ʁ
יחלק	j a χ l a k
ייחסה	j i χ s a
יימכר	j i m k e ʁ
ימתינו	j a m t i n u
יעדו	j a a d u
יעזו	j a a z u
יפוג	j a f u ɡ
יציבותה	j e t͡s i v u t a
יצלם	j a t͡s l a m
כינורות	k i n u ʁ u t
כמורים	k a m u ʁ i m
כמותן	k a m u t a n
כמנוף	k a m n u f
כרוצח	k ʁ u t͡s a χ
כשלך	k a ʃ l a χ
כששב	k a ʃ ʃ a v
כתער	k a t a a ʁ
לאק	l a a k
לבביים	l i v b a j i m
לההוא	l a h u
להודיעך	l e h u d i a χ
להית	l a h i t
להצניע	l e h i t͡s n i a
להשכיל	l e h i ʃ k i l
לוונציה	l a v a n t͡s j a
לורטה	l o ʁ t a
לכנר	l i χ n e ʁ
ללהיות	l i l h a j u t
לנאמר	l i n a m e ʁ
לנהלים	l i n h a l i m
לנשמות	l i n ʃ a m u t
לסנטר	l i s n a t e ʁ
לעלמא	l a a l m a
לרגישות	l a ʁ ɡ i ʃ u t
לשן	l a ʃ a n
לשרידי	l i ʃ ʁ i d i
לתפישה	l i t f i ʃ a
םתוא	m a t u
מגלח	m a ɡ l a χ
מדגישות	m a d ɡ i ʃ u t
מדון	m a d o n
מדיון	m a d j o n
מדיר	m a d i ʁ
מהוצאת	m e h u t͡s a t
מהיצירות	m e h i t͡s i ʁ u t
מהתרופות	m e h i t ʁ o f u t
מוב	m o v
מוודאים	m a v d a j i m
מומשה	m o m ʃ a
מוסברות	m o s b a ʁ u t
מורטי	m o ʁ t i
מזבחות	m i z b a χ u t
מחרמן	m a χ ʁ a m a n
מיוט	m i j u t
מיידיש	m a j d i ʃ
מיער	m i a ʁ
מלבוש	m a l b u ʃ
מלות	m a l u t
מלכותיים	m a l χ u t a j i m
מנצחות	m i n t͡s a χ u t
מסיס	m a s i s
מרטה	m a ʁ t a
מרעיונות	m a ʁ a j o n u t
מרקיע	m a ʁ k i a
משתפות	m i ʃ t a f u t
מתגלח	m i t ɡ a l a χ
מתגלית	m i t ɡ a l i t
מתחכם	m i t χ a χ e m
מתחריו	m i t χ a ʁ j u
מתעמל	m i t a m e l
מתפעלת	m i t p a a l e t
נאוו	n a a v
נאנחת	n e a n a χ a t
נושף	n o ʃ e f
ניהולה	n i h u l a
ניזונו	n i z o n u
נשקה	n i ʃ k a
נתקרב	n i t k a ʁ a v
נתרם	n i t ʁ a m
סדאן	s a d a n
סומא	s o m a
סטירות	s t i ʁ u t
סיאט	s i a t
סיגלית	s i ɡ l i t
סילה	s i l a
סימטריות	s i m t a ʁ j u t
סימפטיה	s i m p a t j a
סלחני	s a l χ a n i
סלחנית	s a l χ a n i t
סמארה	s a m a ʁ a
ספינים	s f i n i m
סרבי	s a ʁ b i
עבורינו	a v u ʁ i n u
עדס	a d a s
עובדא	o v d a
עזאי	a z a j
עליזות	a l i z u t
עמשא	a m ʃ a
עשתונות	a ʃ t o n u t
פוצע	p o t͡s a
פחדנות	p a χ d a n u t
פיון	p i j o n
פיליפה	p i l i f a
פינתי	p i n t i
פיקטיבית	p i k t i v i t
פירוקה	p i ʁ u k a
פירמות	p i ʁ m u t
פרטנרים	p a ʁ t a n a ʁ i m
פרצים	p a ʁ a t͡s i m
פשעתי	p i ʃ a t i
צדיקי	t͡s a d i k i
צהרי	t͡s a h a ʁ i
צונחים	t͡s o n a χ i m
ציוה	t͡s i v a
קולס	k o l a s
קונסטנטינוס	k o n s t a n t i n o s
קיארה	k i a ʁ a
קיסוס	k i s o s
קלנדיה	k l a n d j a
קמטי	k a m a t i
קצבית	k a t͡s b i t
רוסקו	ʁ o s k o
רועמת	ʁ o a m e t
ריגל	ʁ i ɡ e l
ריכוזית	ʁ i χ u z i t
ריקני	ʁ i k a n i
רישמית	ʁ i ʃ m i t
שאגת	ʃ e a ɡ e t
שבאחת	ʃ a v a χ a t
שבלונדון	ʃ a v l o n d o n
שבתחתית	ʃ a v t a χ t i t
שהית	ʃ a h i t
שהתמונות	ʃ e h i t m o n u t
שהתרסק	ʃ e h i t ʁ a s e k
שוג	ʃ o ɡ
שחצנות	ʃ a χ t͡s a n u t
שחרות	ʃ a χ ʁ u t
שיגיש	ʃ i ɡ i ʃ
שידועים	ʃ i d u i m
שיחררתי	ʃ i χ ʁ a ʁ a t i
שיספקו	ʃ i s p a k o
שישחק	ʃ i ʃ χ a k
שכידוע	ʃ χ i d u a
שמייצרים	ʃ m a j t͡s a ʁ i m
שמעשיו	ʃ i m a ʃ j u
שמצריך	ʃ i m t͡s ʁ i χ
שנמדד	ʃ i n m a d e d
שסופה	ʃ a s u f a
שקידם	ʃ k i d e m
תובעני	t o v a n i
תוטל	t o t e l
תיאה	t i a
תלבשו	t a l b a ʃ u
תמליץ	t a m l i t͡s
תפירת	t f i ʁ e t
תפריטים	t a f ʁ i t i m
תרבותו	t a ʁ b u t u
תשובתה	t ʃ u v t a
תשפר	t i ʃ p e ʁ
תתבטל	t i t b a t e l
hit	h i t
saga	s a ɡ a
zero	z e ɾ o
אגשים	a ɡ ʃ i m
אוביקטיבית	o v i k t i v i t
אורווה	o ʁ v a
איוו	i v
איזידור	i z i d u ʁ
אלבס	a l b a s
אליעז	a l i a z
אנלוגיות	a n l u ɡ j u t
אקזוטית	a k z u t i t
אקלקטי	a k l a k t i
ארדיטי	a ʁ d i t i
ארוץ	a ʁ u t͡s
ארזו	a ʁ z u
ארת	a ʁ a t
בהעלותך	b e e l u t e χ
בהתקשרות	b e h i t k a ʃ a ʁ u t
בולו	b o l o
בחקיקת	b a χ k i k e t
בידול	b i d u l
בירכא	b i ʁ k a
בלאנט	b a l a n t
בליון	b a l j o n
בלך	b a l a χ
במינרלים	b e m i n ʁ a l i m
בנוזלים	b e n u z a l i m
בנוסחאות	b e n u s χ a u t
בסצנות	b a s t͡s a n u t
בשיפולי	b e ʃ i p u l i
גאידמק	ɡ e i d m e k
גאנדי	ɡ a a n d i
גיזה	ɡ i z a
גילויה	ɡ i l u j a
גריג	ɡ ʁ i ɡ
גרפיקאי	ɡ a ʁ p i k a j
דאיהי	d a j a h i
דגלאס	d a ɡ l a s
דוסא	d o s e
דוקינס	d o k i n e s
דוקרני	d o k ʁ a n i
דידקטי	d i d e k t i
דיוויזיות	d i v i z j u t
דיכא	d i χ a
דלמא	d a l m a
דרוכה	d ʁ u χ a
האדיבה	h e e d i v a
האידוי	h e i d u j
האיך	h e i χ
האמידים	h e e m i d i m
הארובות	h e e ʁ o v u t
הגאלה	h i ɡ a l a
הגלימות	h i ɡ l i m u t
הגפרורים	h i ɡ p ʁ o ʁ i m
הגשמיות	h i ɡ ʃ e m j u t
הדובה	h a d u v a
ההאטה	h e h a t a
ההאצה	h e e t͡s a
ההילוך	h e h i l u χ
ההילולה	h e h i l u l a
הובה	h o v a
הוליס	h o l i s
הוללות	h o l a l u t
הוצאתה	h o t͡s a t a
הוצמד	h o t͡s m e d
הזוגית	h i z u ɡ i t
היכתה	h i χ t a
הכיתי	h i χ i t i
הלביש	h i l b i ʃ
המגעילה	h i m ɡ i l a
המדגישים	h i m d e ɡ i ʃ i m
המזימות	h i m z i m u t
המטפס	h i m t a p e s
הממש	h i m m e ʃ
המניח	h i m n i a χ
המסתיימת	h i m s t a j i m e t
המסתם	h i m s t e m
המעוגנת	h i m o ɡ e n t
המעפיל	h i m a f i l
המעריך	h i m a ʁ i χ
המריאה	h i m ʁ i a
המתועב	h i m t u a v
הנאבק	h i n a b e k
הנסי	h i n s i
הסדירות	h i s d i ʁ u t
הסה	h a s a
הסטנד	h i s t a n d
הסכרים	h i s k a ʁ i m
הסלידה	h i s l i d a
הסתגר	h i s t a ɡ e ʁ
העקידה	e e k i d a
הפגועים	h i f ɡ u i m
הפטרה	h i f t a ʁ a
הפליליות	h i f l i l j u t
הצוערים	h i t͡s u a ʁ i m
הצלחותיו	h i t͡s l a χ u t j u
הקווי	h i k v i
הקצנה	h i k t͡s a n a
השטוחה	h i ʃ t u χ a
השילטון	h i ʃ i l t o n
השתילים	h i ʃ t i l i m
התדיינות	h i t d a j a n u t
התייקרות	h i t j a k a ʁ u t
התכחש	h i t k a χ e ʃ
התנהלותה	h i t n a h e l u t a
התנורים	h i t n o ʁ i m
התערער	h i t a ʁ a ʁ
ואבירם	v e e v i ʁ e m
ובליווי	v i v l i v i
ובקו	v a v a k o
והובלת	v e h o v e l e t
והוריהם	v e h o ʁ j a m
והיווה	v e h i v a
והסכימה	v e h i s k i m a
והעלים	v e e l i m
והעמדת	v e e m e d e t
והרכבות	v e a ʁ k a v u t
והתיקון	v e h i t i k o n
וויתרה	v i t a ʁ a
וזכרון	v i z k a ʁ o n
ויילי	v a j a l i
וילמד	v i l m e d
ולהן	v a l a n
ומעולה	v i m o l a
וסמי	v a s m i
ועייפות	v a j a f u t
ורביעית	v a ʁ b i i t
ושורש	v e ʃ o ʁ e ʃ
ושושנה	v e ʃ u ʃ a n a
ושיתף	v e ʃ i t e f
ושמעת	v i ʃ m a a t
ותמונת	v i t m o n e t
ותמימה	v i t m i m a
זימר	z i m e ʁ
זלפה	z a l a f a
זריצקי	z ʁ i t͡s k i
חבישת	χ a v i ʃ e t
חוטאת	χ o t a t
חומצי	χ o m a t͡s i
חוסמי	χ o s e m i
חטוב	χ a t u v
חכ	χ a χ
חמדתי	χ a m a d t i
חפוזה	χ a f u z a
חרוטים	χ a ʁ u t i m
טאל	t a a l
טוסון	t o s o n
טיומקין	t i j u m k i n
טלז	t a l a z
טסלר	t a s l a ʁ
טסנו	t a s n u
יואיל	j o i l
יודן	j o d e n
יוסקה	j o s k a
יושקעו	j o ʃ k a u
יחצה	j a χ t͡s a
יידוע	j i d u a
ילדותיים	j a l d u t a j i m
ילון	j a l o n
ינתנו	j a n t a n u
ירחק	j a ʁ χ a k
יתמנה	j i t m a n a
ךירצ	χ i ʁ e t͡s
כחות	k a χ u t
כמנגנון	k a m a n ɡ a n o n
כע	k a
כריסטו	k ʁ i s t o
כרכב	k a ʁ χ a v
כשילד	k ʃ i l a d
כשנת	k a ʃ a n a t
כשרת	k a ʃ a ʁ a t
כתבנית	k a t b a n i t
כתלי	k a t a l i
לאכסניה	l e a χ s a n j a
לאנדי	l e a n d i
לבהמות	l i v h a m u t
לבתולה	l i v t u l a
לדום	l a d u m
להונאה	l a h o n a
להזדמנויות	l e h i z d e m a n u j u t
להטביל	l e h i t b i l
להיפוך	l e h i p u χ
להתייחד	l e h i t j a χ e d
להתעשת	l e h i t a ʃ e t
להתקשרות	l e h i t k a ʃ a ʁ u t
לוויני	l a v i n i
לולים	l o l i m
לועד	l o a d
לופטהנזה	l o f t a n z a
לחלצו	l a χ l a t͡s u
לייטון	l a j a t o n
ליפי	l i p i
לכידה	l e χ i d a
למראות	l i m ʁ a u t
לנח	l a n a χ
לנים	l a n i m
לנפות	l i n f u t
לנקר	l i n k e ʁ
לסכין	l i s k i n
לקנן	l a k n a n
לקשירת	l i k ʃ i ʁ e t
לשברים	l i ʃ b a ʁ i m
לשדרה	l i ʃ d a ʁ a
לשמיעת	l i ʃ m i a t
לשפעת	l i ʃ p a a t
לתחומה	l i t χ u m a
מאוויר	m e a v i ʁ
מגמתי	m a ɡ m a t i
מגרים	m a ɡ ʁ i m
מדחף	m a d χ a f
מדלין	m a d l i n
מהאורחים	m e h o ʁ a χ i m
מוועד	m a v a d
מוסק	m o s e k
מזכירי	m i z k i ʁ i
מחדיר	m a χ d i ʁ
מחמיצים	m a χ m i t͡s i m
מידד	m i d e d
מיהי	m i h i
מיז	m i z
מילותיי	m i l u t a j
מיסיונר	m i s j o n e ʁ
מיקם	m i k e m
מלבצע	m a l b a t͡s a
מלוויל	m a l v i l
מלכך	m a l χ a χ
מלניק	m a l n i k
מלץ	m a l a t͡s
ממחוזות	m a m χ u z u t
מסיירים	m a s j a ʁ i m
מספינות	m a s p i n u t
מעלייה	m a a l i j a
מקמילן	m a k m i l a n
משכילי	m i ʃ k i l i
מתאו	m a t a u
מתגונן	m i t ɡ o n a n
מתנו	m a t a n u
מתערבב	m i t a ʁ b e v
נדי	n a d i
נורמנדי	n o ʁ m a n d i
ניאות	n i u t
ניטע	n i t a
נישמע	n i ʃ m a
נמחקים	n i m χ a k i m
נצלה	n i t͡s l a
נקטעו	n i k t a u
נקנס	n i k n e s
נתמכות	n i t m a χ u t
נתקיים	n i t k a j i m
סגנוני	s a ɡ n o n i
סודותיה	s o d u t j a
סטניסלב	s t a n i s l a v
סינן	s i n a n
סלולריות	s l u l a ʁ j u t
סלקא	s a l a k a
סלרס	s a l ʁ a s
סקיילר	s k a j l a ʁ
עוטר	o t e ʁ
עטא	a t a
עימך	i m e χ
עיצה	i t͡s a
עליסה	a l i s a
עמומות	a m u m u t
עננו	a n a n u
עקביא	a k b i
עראי	a ʁ a j
עריכות	a ʁ i χ u t
ערפילי	a ʁ p i l i
פוליס	p o l i s
פיאה	p i a
פיטי	p i t i
פיקסאר	p i k s a ʁ
פלטי	p a l a t i
פקעה	p a k a
פרוזן	p ʁ u z a n
פרייד	p ʁ a j a d
פשיסט	p ʃ i s t
ציקלון	t͡s i k l o n
צירה	t͡s i ʁ a
צלילת	t͡s a l i l e t
קוצני	k o t͡s a n i
קורבנו	k o ʁ b a n u
קיזוז	k i z u z
קילוף	k i l u f
קינו	k i n u
קלופ	k a l u f
קרדיטים	k a ʁ d i t i m
רוהאן	ʁ o h a n
רוזלין	ʁ o z a l i n
רוזמרין	ʁ o z m a ʁ i n
ריגש	ʁ i ɡ e ʃ
שאחותו	ʃ e a χ u t u
שהוכיחה	ʃ e h u χ i χ a
שהמנהג	ʃ a h m a n a ɡ
שהקדוש	ʃ a h a k d u ʃ
שהתחרות	ʃ e h i t χ a ʁ u t
שחשפו	ʃ a χ ʃ a f u
שישלים	ʃ i ʃ l i m
שכף	ʃ a χ a f
שלידה	ʃ l i d a
שלים	ʃ a l i m
שמאס	ʃ a m a s
שמיל	ʃ a m i l
שמסרתי	ʃ i m s a ʁ t i
שמפני	ʃ i m p a n i
שמציב	ʃ i m t͡s i v
שמרד	ʃ i m ʁ e d
שמרכזה	ʃ i m ʁ a χ z a
שמתחזה	ʃ i m t a χ z a
שמתקבלת	ʃ i m t a k b e l e t
שנקשר	ʃ i n k ʃ e ʁ
שנתלה	ʃ i n t a l a
שסעיף	ʃ a s i f
שצועק	ʃ a t͡s u a k
שרבו	ʃ a ʁ b u
ששמן	ʃ i ʃ m e n
תגיות	t a ɡ j u t
תגית	t a ɡ i t
תורמי	t o ʁ m i
תחלואי	t a χ l u i
תחתיהם	t a χ t a j a m
תים	t i m
תימה	t i m a
תיסוג	t i s u ɡ
תמונותיהם	t a m u n u t j a m
תקליטנים	t a k l i t a n i m
תקשרי	t a k ʃ a ʁ i
תשנו	t i ʃ n u
five	f i v e
holiday	h o l i d a j
join	d͡ʒ o i n
leo	l e o
models	m o d e l s
sad	s a d
safety	s a f e t i
unit	u n i t
אגע	a ɡ a
אדג	a d a ɡ
אהראם	a h a ʁ a m
אושיות	o ʃ j u t
אחותנו	a χ u t a n u
אכה	a χ a
אכלי	a χ l i
אליטות	a l i t u t
אמרים	a m ʁ i m
אספרגוס	a s p a ʁ ɡ o s
אשבל	a ʃ b a l
אתנול	a t n u l
באחריותה	b e a χ ʁ i j u t a
בארעא	b e a ʁ a
בדא	b a d a
בהוכחת	b e h u χ a χ a t
בהיותך	b e h i j u t e χ
בהסדרת	b e h i s d e ʁ e t
בהפצה	b e h a f t͡s a
בהקלה	b e h a k l a
בהשפעתם	b e h i ʃ p a a t e m
בחזונו	b a χ z o n u
ביזור	b i z u ʁ
ביחסם	b i χ s e m
ביסמוט	b i s m u t
ביציה	b i t͡s j a
בישין	b i ʃ i n
בכישורי	b e χ i ʃ u ʁ i
בלינדה	b l i n d a
במומחיות	b e m u m a χ j u t
במיסטיקה	b e m i s t i k a
בסיטונות	b e s i t o n u t
בעירוי	b e i ʁ u j
בעקבותיהן	b a a k b u t j a n
בקידושין	b e k i d u ʃ i n
ברוחה	b ʁ u χ a
ברכאן	b a ʁ k a n
ברכישה	b a ʁ k i ʃ a
ברמזים	b a ʁ m a z i m
בתמר	b i t m e ʁ
גדיל	ɡ a d i l
גוז	ɡ o z
גונית	ɡ o n i t
גונתר	ɡ o n t e ʁ
גורילות	ɡ o ʁ i l u t
גטאס	ɡ a t a s
גיגי	ɡ i ɡ i
גיום	ɡ i j u m
גרוניך	ɡ ʁ o n i χ
דאנה	d a a n a
דאסטי	d a s t i
דבל	d a v a l
דגשים	d a ɡ ʃ i m
דוויד	d v i d
דינך	d i n e χ
דיפלומה	d i p l u m a
דרגא	d a ʁ ɡ a
האינטנסיביות	h e i n t a n s i v j u t
האלמותי	h e e l m u t i
האנימה	h e e n i m a
הארוטי	h e e ʁ u t i
האתית	h e e t i t
הגבילה	h i ɡ b i l a
הגירתם	h i ɡ i ʁ t e m
הגמיש	h i ɡ m i ʃ
הדהימה	h i d h i m a
ההורס	h e h o ʁ e s
הוסת	h o s e t
הזהים	h i z h i m
הזיזו	h i z i z u
הטיות	h i t j u t
הטמין	h i t m i n
הטמנת	h i t m e n e t
הטרגדיות	h i t ʁ a ɡ e d j u t
הידיות	h i d j u t
היטיבה	h i t i v a
היססה	h i s s a
היקש	h i k e ʃ
הלז	h a l a z
המגעילים	h i m ɡ i l i m
המכוננים	h i m k o n a n i m
הממשמש	h i m m a ʃ m e ʃ
המעסיקות	h i m a s i k u t
המפרידים	h i m p ʁ i d i m
המצילים	h i m t͡s i l i m
המתלה	h i m t a l a
הנותנות	h i n u t a n u t
הנחותים	h i n χ u t i m
הנכרי	h i n k a ʁ i
הנסוגים	h i n s u ɡ i m
הנעימים	h i n i m i m
הנציבים	h i n t͡s i v i m
הנרחבות	h i n ʁ a χ a v u t
הנשא	h i n ʃ a
הסמרטוטים	h i s m a ʁ t u t i m
הסנונית	h i s n o n i t
הספגטי	h i s p e ɡ t i
הסרחון	h i s ʁ a χ o n
הסרתי	h i s ʁ a t i
הסתלקה	h i s t a l k a
הפשיסטי	h i f ʃ i s t i
הקטטה	h i k t a t a
הקטרת	h i k t e ʁ e t
הקירח	h i k i ʁ e a χ
הקנקן	h i k n e k a n
הרטט	h i ʁ t e t
הרצברג	h i ʁ t͡s b a ʁ e ɡ
השאילתות	h i ʃ i l t u t
השאלונים	h i ʃ a l o n i m
השגרתית	h i ʃ ɡ a ʁ t i t
השטנית	h i ʃ t a n i t
השמדתם	h i ʃ m e d t e m
השמי	h i ʃ m i
השפתון	h i ʃ p a t o n
השרד	h i ʃ ʁ e d
השתוללות	h i ʃ t o l e l u t
השתילה	h i ʃ t i l a
השתמטות	h i ʃ t a m t u t
התבה	h i t b a
התום	h i t u m
התועה	h i t u a
התייחסנו	h i t j a χ s a n u
התכחשות	h i t k a χ ʃ u t
התממשו	h i t m a m ʃ u
התנוונות	h i t n a v a n u t
התפוררה	h i t p o ʁ a ʁ a
וגד	v a ɡ a d
והוחלף	v e h o χ l e f
והוריה	v e h o ʁ j a
והיכל	v e h i χ e l
והיסטורי	v e h i s t o ʁ i
והצבאית	v e h i t͡s b a i t
והצילו	v e h i t͡s i l u
וועידת	w a i d e t
וזרע	v i z ʁ a
וחברון	v a χ b a ʁ o n
וחדל	v a χ d e l
וחמצן	v a χ m a t͡s a n
וטד	v a t a d
וירון	v i ʁ o n
ולאסור	v a l a s o ʁ
ולובש	v a l u v a ʃ
ומחירי	v i m χ i ʁ i
ומכנה	v i m χ a n a
ומשקיעים	v i m ʃ k i i m
ומתמקד	v i m t a m k e d
וקידמה	v e k i d e m a
ותאמינו	v i t a m i n u
חווייתית	χ a v j a t i t
חולייה	χ o l i j a
חרוכה	χ a ʁ u χ a
טלביזיה	t a l b i z j a
טרון	t a ʁ o n
ידחוף	j a d χ u f
יוקדש	j o k d e ʃ
יחווה	j a χ v a
יעמידו	j a a m i d u
יקלוט	j a k l u t
ירקו	j a ʁ a k o
ככהן	k a χ a n
כעצמאי	k a a t͡s m a j
כרוניקל	k ʁ o n i k e l
כריסטוס	k ʁ i s t o s
כשבאו	k a ʃ b a u
כשתגיע	k a ʃ t a ɡ i a
לאר	l a a ʁ
לבסיסים	l i v s i s i m
להוטה	l a h u t a
להסכמת	l e h i s k e m e t
להפתעה	l e h i f t a a
להתאזר	l e h i t a z e ʁ
להתעצם	l e h i t a t͡s e m
לופס	l o f a s
לחטיבות	l a χ t i v u t
לחרוט	l a χ ʁ u t
לטרבלינקה	l i t ʁ a b l i n k a
לידל	l i d e l
ליוונית	l i v a n i t
לכתובות	l i χ t o v u t
לכתחלה	l i χ t a χ l a
למכות	l i m χ u t
למשפחתי	l i m ʃ p a χ t i
לצמחי	l i t͡s m a χ i
לצרוב	l i t͡s ʁ o v
לשטר	l i ʃ t e ʁ
לשכירות	l i ʃ k i ʁ u t
לשמאלו	l i ʃ m a l u
לשנותם	l i ʃ n u t e m
לשרתים	l i ʃ ʁ a t i m
לתהודה	l i t h u d a
לתהומות	l i t h o m u t
לתלמי	l i t l a m i
לתקנים	l i t k a n i m
מאג	m a a ɡ
מאתונה	m e a t o n a
מהחלטה	m e a χ l a t a
מהחלקים	m e a χ l a k i m
מואשמת	m o a ʃ e m e t
מודריק	m o d ʁ i k
מועתק	m o a t e k
מזדקנת	m i z d e k e n e t
מחאו	m a χ a u
מחדשות	m a χ d e ʃ u t
מחצלות	m a χ t͡s a l u t
מחריפה	m a χ ʁ i f a
מחשיך	m a χ ʃ i χ
מטל	m a t a l
מיחידה	m i χ i d a
מייעצים	m a j a t͡s i m
מיליציות	m i l i t͡s j u t
מיתי	m i t i
מיתקן	m i t k a n
מלוד	m a l u d
מלוחה	m a l u χ a
מלתחה	m a l t a χ a
ממחישים	m a m χ i ʃ i m
מנוון	m a n v a n
מנטרה	m i n t a ʁ a
מנתחי	m i n t a χ i
מספוא	m a s p u
מרלן	m a ʁ l a n
מרמזות	m a ʁ m a z u t
מרעננה	m a ʁ a n a n a
מרתפים	m a ʁ t a f i m
משביעים	m i ʃ b i i m
משתכנע	m i ʃ t a χ n a
מתעמלת	m i t a m e l e t
מתשעת	m i t ʃ a a t
נבכי	n i v χ i
נוצרייה	n o t͡s ʁ i j a
נוקבא	n o k b a
ניוט	n i j u t
נף	n a f
נצלב	n i t͡s l a v
נרצחת	n i ʁ t͡s a χ a t
נרתעו	n i ʁ t a u
נשאבים	n i ʃ a v i m
נשחט	n i ʃ χ a t
נתאר	n i t a ʁ
סטיגמות	s t i ɡ e m u t
סטירת	s t i ʁ e t
סיליקט	s i l i k t
סימפוזיון	s i m p o z j o n
סמיה	s a m j a
ספיקות	s f i k u t
סקו	s a k o
עולמן	o l m a n
עוש	o ʃ
עלובות	a l u v u t
עמא	a m a
עמיתך	a m i t e χ
עפרוני	a f ʁ o n i
ערכין	a ʁ k i n
פוליסות	p o l i s u t
פוקנר	p o k n a ʁ
פיגומים	p i ɡ u m i m
פיזיולוגיה	p i z j o l o ɡ j a
פקאן	p a k a n
צוערים	t͡s o a ʁ i m
צט	t͡s a t
צימוד	t͡s i m u d
צינה	t͡s i n a
צלייה	t͡s a l i j a
קאנו	k a a n u
קברם	k a v ʁ a m
קומאן	k o m a n
קלטי	k a l a t i
קליגולה	k l i ɡ u l a
רומיות	ʁ o m j u t
רוסיני	ʁ o s i n i
רימר	ʁ i m e ʁ
שאיי	ʃ a a j
שבתוכי	ʃ a v t u χ i
שדני	ʃ a d a n i
שהגבול	ʃ a h a ɡ v u l
שהדגיש	ʃ a h a d ɡ i ʃ
שהולידה	ʃ e h u l i d a
שהקשו	ʃ a h a k ʃ u
שהתאבד	ʃ e h i t a v e d
שזוג	ʃ a z u ɡ
שחפר	ʃ a χ p a ʁ
שיחזיקו	ʃ i χ z i k o
שיכינו	ʃ i χ i n u
שיעי	ʃ i a j
שמשת	ʃ i m ʃ e t
שניתנות	ʃ n i t a n u t
שסביבם	ʃ a s b i v e m
שע	ʃ a
שעיקרן	ʃ e i k ʁ a n
שעניינן	ʃ a a n j a n a n
שקורין	ʃ k o ʁ i n
ששלמה	ʃ i ʃ l a m a
שששש	ʃ i ʃ ʃ e ʃ
תחבר	t a χ b a ʁ
תלחץ	t a l χ a t͡s
תסעו	t a s a u
תרכיב	t a ʁ k i v
תתיר	t a t i ʁ
ag	a ɡ
asia	a s i a
bet	b e t
bible	b i b l e
fall	f a l
gift	ɡ i f t
hill	h i l
iq	i k
lol	l o l
pas	p a s
tom	t o m
אביגד	a v i ɡ e d
אגממנון	a ɡ m a m n o n
אוהלו	o h e l u
אוסטרלית	o s t a ʁ l i t
אזן	a z a n
אחאי	a χ a j
איוש	i j u ʃ
איחולים	i χ u l i m
אינדוקציה	i n d u k t͡s j a
אישונים	i ʃ o n i m
אליהוא	a l i h u
אלישמע	a l i ʃ m a
אלסטי	a l a s t i
אמריטוס	a m ʁ i t o s
אנטיגונוס	a n t i ɡ o n o s
אסורין	a s u ʁ i n
אסייתית	a s j a t i t
אסתיר	a s t i ʁ
אקדמות	a k d a m u t
ארסית	a ʁ s i t
בהגעה	b e h a ɡ a
בהיסח	b e h i s e a χ
בחיתוליו	b e χ i t u l j u
בחריצות	b a χ ʁ i t͡s u t
ביזמת	b i z e m e t
בלווי	b a l a v i
בליס	b a l i s
בלן	b a l a n
בפונקציה	b e f o n k a t͡s j a
ברבו	b a ʁ b u
בריאנט	b ʁ i a n t
בריות	b a ʁ j u t
ברכתך	b a ʁ a χ t e χ
ברנשים	b a ʁ n a ʃ i m
ברס	b a ʁ a s
בשולחנות	b e ʃ u l χ a n u t
בתהלים	b i t h a l i m
בתשעת	b i t ʃ a a t
גבירותי	ɡ v i ʁ u t i
גדה	ɡ a d a
גורלן	ɡ o ʁ l a n
גיאו	ɡ i u
גיחון	ɡ i χ o n
גינוני	ɡ i n o n i
גרזה	ɡ a ʁ z a
גריזמן	ɡ ʁ i z m a n
דאתמר	d e a t m e ʁ
דקיקות	d k i k u t
דרלינג	d a ʁ l i ŋ ɡ
האכיל	h e e χ i l
האלחוטית	h e e l χ u t i t
האנזימים	h e e n z i m i m
הבנתנו	h i v n a t a n u
הבשיל	h i v ʃ i l
הגיגים	h i ɡ i ɡ i m
הדיזל	h i d i z e l
הווא	h a v a
הוילה	h o j l a
הוליסטית	h o l i s t i t
הונצח	h o n t͡s a χ
החלשת	h i χ l e ʃ e t
הטעיות	h i t a j u t
הטרוגנית	h i t ʁ o ɡ a n i t
הישענות	h i ʃ a n u t
הכבודה	h i χ b u d a
הללי	h i l l i
הלמוט	h i l m u t
המגבילה	h i m ɡ v i l a
המגנטית	h i m ɡ a n t i t
המזין	h i m z i n
המזיקה	h i m z i k a
המכרסמים	h i m k a ʁ s e m i m
המנייה	h i m n i j a
המספרית	h i m s p a ʁ i t
המסתמן	h i m s t a m e n
המעילה	h i m i l a
המערכון	h i m a ʁ k o n
המצנפת	h i m t͡s n e f e t
המצעדים	h i m t͡s a d i m
המרדים	h i m ʁ e d i m
הנלי	h i n l i
הנשלטים	h i n ʃ a l t i m
הסגידה	h i s ɡ i d a
הסייף	h i s j a f
הסמך	h i s m e χ
הסקופ	h i s k o f
העמודה	e e m u d a
העמיקה	e e m i k a
הפגזות	h i f ɡ a z u t
הפסדתם	h i f s e d t e m
הפציע	h i f t͡s i a
הצבנו	h i t͡s b a n u
הקארמה	h i k a ʁ m a
הקיבולת	h i k i b u l e t
הקליר	h i k l i ʁ
הקראטה	h i k ʁ a t a
הקריר	h i k ʁ i ʁ
הרלי	h a ʁ l i
השלדים	h i ʃ l a d i m
השרטוטים	h i ʃ ʁ a t u t i m
התאנים	h i t a n i m
התגנבות	h i t ɡ a n b u t
התזת	h i t z e t
התפוגה	h i t p u ɡ a
התקדמתי	h i t k a d e m e t i
התקיעה	h i t k i a
ואכזר	v e a χ z a ʁ
והבטיחות	v e h i b t i χ u t
והזקנים	v e h i z k a n i m
והצעתי	v e h i t͡s a a t i
וולדן	v a l d a n
ויבשים	v i b ʃ i m
ויגן	v i ɡ e n
ויכלול	v i χ l u l
ומאתיים	v i m a t a j i m
ומהיכן	v i m h i χ e n
ומחליטה	v i m χ a l i t a
ומכינים	v i m k i n i m
ומעריצים	v i m a ʁ i t͡s i m
ומפריד	v i m p ʁ i d
ומשפיל	v i m ʃ p i l
ושורף	v e ʃ o ʁ e f
ושקרן	v i ʃ k a ʁ a n
זומבה	z o m b a
זורעים	z o ʁ a i m
זיהומי	z i h u m i
זכירה	z e χ i ʁ a
זכירת	z e χ i ʁ e t
זנדר	z i n d e ʁ
חבור	χ a v u ʁ
חיווט	χ i v e t
חייקין	χ a j a k i n
חלחול	χ a l χ u l
חרישי	χ a ʁ i ʃ i
טוטלית	t o t a l i t
טייץ	t a j a t͡s
טיפלנו	t i p l a n u
טרנדי	t a ʁ n a d i
יאנקי	j a a n k i
יהיב	j e h i v
יואיט	j o i t
יונו	j o n u
יחקור	j a χ k o ʁ
יילקח	j i l k e a χ
ייתר	j i t e ʁ
ימנים	j a m a n i m
ינ	j a n
ינחת	j a n a χ a t
ינקוט	j a n k u t
יסע	j a s a
יצעק	j a t͡s a k
יתקדש	j i t k a d e ʃ
כאלמנט	k a a l m a n t
ככישלון	k e χ i ʃ e l o n
כמאכל	k a m a χ e l
כמשימה	k a m ʃ i m a
כנישתא	k n i ʃ t a
כשיצאו	k ʃ i t͡s a u
כשרונו	k a ʃ ʁ o n u
כשרוני	k a ʃ ʁ o n i
לאונייה	l e o n i j a
להאציל	l e h a t͡s i l
להגה	l a h a ɡ a
להווי	l a h a v i
להירתם	l e h i ʁ t e m
להסברה	l e h a s b a ʁ a
להעמדת	l e h a m e d e t
להריגת	l e h a ʁ i ɡ e t
להתברג	l e h i t b a ʁ e ɡ
להתהדר	l e h i t a d e ʁ
להתחנך	l e h i t χ a n e χ
לוסון	l o s o n
לועזיות	l o a z j u t
לזרימה	l i z ʁ i m a
לחדירת	l a χ d i ʁ e t
לחנייה	l a χ n i j a
לחפירה	l a χ p i ʁ a
לייד	l a j a d
ליפנים	l i p a n i m
לכפור	l i χ f o ʁ
למך	l a m a χ
למעבדת	l i m a v e d e t
למעצב	l i m a t͡s e v
למתחרה	l i m t a χ a ʁ a
לסטארט	l i s t a ʁ t
לעיניך	l a i n i χ
לצנינים	l i t͡s n i n i m
לקומדיה	l e k o m e d j a
לרוני	l a ʁ o n i
לשרותי	l i ʃ ʁ u t i
לתאורה	l i t o ʁ a
לתארך	l i t a ʁ e χ
לתזוזה	l i t z u z a
מאהבים	m e a h a v i m
מגליציה	m a ɡ l i t͡s j a
מגרסת	m a ɡ ʁ e s e t
מהתנהלות	m e h i t n a h e l u t
מהתעשייה	m e h i t a ʃ i j a
מורעלים	m o ʁ a l i m
מזרעו	m i z ʁ a u
מחרס	m a χ ʁ a s
מירן	m i ʁ e n
מיתולוגיות	m i t u l o ɡ j u t
מכילתא	m e χ i l t a
מלעסוק	m a l a s o k
מלקקים	m a l k a k i m
ממסך	m a m s a χ
ממסעדות	m a m s a d u t
מסאלה	m a s a l a
מסקין	m a s k i n
מעיניה	m e i n j a
מקבלין	m a k b a l i n
מקדחה	m a k d a χ a
מרדה	m a ʁ d a
מרקש	m a ʁ k e ʃ
משביעה	m i ʃ b i a
משחתות	m i ʃ χ a t u t
מתארחת	m i t a ʁ a χ e t
מתחלה	m i t χ a l a
מתנסים	m i t n a s i m
מתעצמת	m i t a t͡s e m e t
מתשלומי	m i t ʃ a l u m i
נודיע	n o d i a
נוראיות	n o ʁ a j u t
נוריאל	n o ʁ i e l
נטי	n a t i
נטמעו	n i t m a u
נימוסין	n i m u s i n
נישאות	n i ʃ a u t
נמסרים	n i m s a ʁ i m
ננטשו	n i n t a ʃ u
נצב	n a t͡s a v
נשענות	n i ʃ a n u t
נשקפה	n i ʃ k a f a
סיטה	s i t a
סרבים	s a ʁ b i m
עודכנו	o d χ a n u
עיניהן	i n j a n
עלילתית	a l i l t i t
עמיטל	a m i t e l
ערבון	a ʁ b o n
ערמוני	a ʁ m o n i
פארסה	p e a ʁ s a
פגומות	p a ɡ u m u t
פודים	p o d i m
פורקי	p o ʁ k i
פטריס	p a t ʁ i s
פיברוזיס	p i b ʁ u z i s
פלייליסט	p l a j l i s t
פראוור	p a ʁ a v a ʁ
פרישתם	p ʁ i ʃ t e m
פרנויה	p a ʁ n u j a
פרסקו	p a ʁ s a k o
פתרונה	p a t ʁ o n a
קבלנית	k a v l a n i t
קדושין	k a d u ʃ i n
קודה	k o d a
קונבנציונליים	k o n b e n t͡s j o n l a j i m
קורבה	k o ʁ b a
קיבוצניקים	k i b u t͡s n i k i m
קלב	k a l a v
קמצא	k a m t͡s a
קסטר	k a s t a ʁ
קצווי	k a t͡s v i
קרטמן	k a ʁ t a m a n
קריסטי	k ʁ i s t i
רגשנות	ʁ a ɡ ʃ a n u t
רוכשי	ʁ o χ ʃ i
רזין	ʁ a z i n
ריזה	ʁ i z a
רכניץ	ʁ a χ n i t͡s
רנר	ʁ a n a ʁ
רעיוניים	ʁ a a j o n a j i m
רעלת	ʁ a a l a t
שבביתו	ʃ a v b i t u
שבסיסה	ʃ a v s i s a
שהאחד	ʃ e h a χ a d
שהתגבש	ʃ e h i t ɡ e v e ʃ
שהתקופה	ʃ e h i t k o f a
שחלים	ʃ a χ l i m
שחקניו	ʃ a χ k a n j u
שיורים	ʃ i j u ʁ i m
שילמתם	ʃ i l e m t e m
שיניח	ʃ i n i a χ
שכיהנו	ʃ a χ i h a n u
שמורידים	ʃ m u ʁ i d i m
שמותם	ʃ a m u t e m
שמחכות	ʃ i m χ a χ u t
שמציל	ʃ i m t͡s i l
שנברג	ʃ i n b ʁ e ɡ
שניחן	ʃ n i χ a n
שניסינו	ʃ n i s i n u
שסימנו	ʃ a s i m a n u
שתשאר	ʃ i t ʃ a ʁ
תבלה	t a v l a
תורתי	t o ʁ t i
תזוזת	t z u z e t
תידון	t i d o n
תיענה	t i a n a
תיקיות	t i k j u t
תלים	t a l i m
תנה	t a n a
תעיר	t e i ʁ
fashion	f a ʃ i o n
fish	f i ʃ
hold	h o l d
kitchen	k i t͡ʃ e n
lady	l a d i
linkedin	l i n k e d i n
lost	l o s t
mini	m i n i
move	m o v e
pay	p a j
plan	p l a n
psalm	p s a l m
ships	ʃ i p s
smart	s m a r t
takes	t a k e s
אהההה	a h a h a
אודותיהם	o d u t j a m
אונד	o n a d
אונסקו	o n s a k o
אינסטלציה	i n s t a l t͡s j a
אנך	a n a χ
אנליסטים	a n l i s t i m
אסאד	a s a d
אפסיים	a f s a j i m
אקרון	a k ʁ o n
אשנב	a ʃ n a v
באיכילוב	b e e χ i l o v
בוחנות	b o χ a n u t
בוטון	b o t o n
בולשביקים	b u l ʃ a v i k i m
בורחס	b o ʁ χ a s
בחידות	b e χ i d u t
ביחידים	b i χ i d i m
ביסט	b i s t
ביצועיו	b i t͡s u a j u
בלדות	b a l a d u t
בליסטי	b l i s t i
בלקט	b a l a k t
בנפילת	b e n e f i l e t
בעמדותיו	b a a m d u t j u
בפינסק	b e f i n s e k
ברחל	b a ʁ χ a l
בריטון	b ʁ i t o n
ברכיבים	b a ʁ k i v i m
בשרפה	b i ʃ ʁ a f a
גאוה	ɡ a a v a
גובש	ɡ o v e ʃ
גודס	ɡ o d e s
גומחה	ɡ o m χ a
גורדין	ɡ o ʁ d i n
גילגמש	ɡ i l ɡ e m e ʃ
גלותא	ɡ l u t a
געשית	ɡ a a ʃ i t
געתון	ɡ a a t o n
דהו	d a h u
דילמא	d i l m a
דימי	d i m i
דסק	d a s a k
דרישותיה	d ʁ i ʃ u t j a
דרסה	d a ʁ s a
האחידה	h e e χ i d a
האישונים	h e i ʃ o n i m
הבשלת	h i v ʃ e l e t
הגראנד	h i ɡ ʁ a n d
הדגשים	h i d ɡ e ʃ i m
ההודיות	h e h u d j u t
ההורית	h e h o ʁ i t
הורוס	h o ʁ o s
הושארה	h o ʃ a ʁ a
הזמרה	h i z m a ʁ a
החבטות	h i χ b a t u t
החייתי	h e χ a j a t i
הטמטום	h i t m a t u m
היווצרותה	h i v t͡s a ʁ u t a
הילדותי	h i l d u t i
הכביד	h i χ b i d
הכתומה	h i χ t u m a
הלבישו	h i l b i ʃ u
הלכידות	h i l k i d u t
המגלמת	h i m ɡ l e m e t
המהדרין	h i m a d ʁ i n
המטרידה	h i m t ʁ i d a
המסתתר	h i m s t a t e ʁ
המעמיקה	h i m a m i k a
המצדיק	h i m t͡s d i k
המקדמת	h i m k a d e m e t
המקש	h i m k e ʃ
המרחיבה	h i m ʁ a χ i v a
המשמח	h i m ʃ a m e a χ
המשתקפת	h i m ʃ t a k e f e t
הנאורים	h i n o ʁ i m
הנזלת	h i n z a l e t
הנפצים	h i n p a t͡s i m
הנצים	h i n t͡s i m
הסיגר	h i s i ɡ e ʁ
הסכך	h i s k e χ
הסתגל	h i s t a ɡ e l
הסתננו	h i s t a n a n u
העבים	e e v i m
העגבנייה	e e ɡ v a n i j a
העותמאני	h e o t m a n i
הערבוב	e e ʁ b u v
העריצה	e e ʁ i t͡s a
הצדיקה	h i t͡s d i k a
הקוטר	h i k u t e ʁ
הקטלניים	h i k t a l a n j i m
הקיט	h i k i t
הקף	h a k a f
הקפסולה	h i k p a s u l a
הקריבי	h i k ʁ i v i
הרדר	h i ʁ d e ʁ
הרזרבה	h i ʁ z a ʁ b a
השיוך	h i ʃ j u χ
השיקומי	h i ʃ i k u m i
השכפול	h i ʃ k a f u l
השתרעו	h i ʃ t a ʁ a u
התיאורטית	h i t j o ʁ t i t
התכוננתי	h i t k o n a n t i
התנזרות	h i t n i z a ʁ u t
התקשרויות	h i t k a ʃ ʁ u j u t
ובהו	v a v h u
וההנאה	v e h a n a
והועלה	v e h o a l a
והעניינים	v e e n j a n i m
והעריכה	v e e ʁ i χ a
וולמן	v a l m a n
וחיבוקים	v e χ i b u k i m
ויזניץ	v i z n i t͡s
ויכל	v i χ e l
וירץ	v i ʁ e t͡s
וכישלון	v e χ i ʃ e l o n
ומחדש	v i m χ a d e ʃ
וממון	v i m m o n
ומעניקים	v i m a n i k i m
ומשיג	v i m ʃ i ɡ
וניצן	v e n i t͡s a n
ועיסוק	v e i s o k
וריבית	v e ʁ i v i t
ורעננה	v a ʁ a n a n a
ורשימה	v a ʁ ʃ i m a
ושולי	v e ʃ u l i
ושמיעה	v i ʃ m i a
זיגוג	z i ɡ u ɡ
זריעת	z a ʁ i a t
חוצצים	χ o t͡s a t͡s i m
חזותו	χ a z u t u
חייטים	χ a j a t i m
חלולות	χ a l u l u t
חניונים	χ a n j o n i m
חקירתם	χ a k i ʁ t e m
טהון	t a h o n
טורוס	t o ʁ o s
טיפשית	t i p ʃ i t
טרטקובר	t a ʁ t a k o v a ʁ
טריאתלון	t ʁ i a t e l o n
יהירה	j e h i ʁ a
יוודע	j a v d a
יופ	j o f
יוצב	j o t͡s e v
יחדלו	j a χ d e l u
יידי	j i d i
יים	j a j i m
יסף	j a s a f
יספוג	j a s p u ɡ
יעדכן	j a a d χ a n
ירדנים	j a ʁ d a n i m
ישועת	j e ʃ u a t
יתערבו	j i t a ʁ b u
כבוגד	k a v u ɡ e d
כגשר	k a ɡ ʃ a ʁ
כהסבר	k a h a s b a ʁ
כזמרת	k i z m e ʁ e t
כרטיסיות	k a ʁ t i s j u t
לבולגריה	l e v u l ɡ a ʁ j a
לגנאי	l i ɡ n a j
להאצת	l e h a t͡s e t
להתחולל	l e h i t χ u l e l
להתעטף	l e h i t a t e f
לועידת	l o i d e t
לור	l o ʁ
לורקה	l o ʁ k a
לזרות	l i z ʁ u t
לחך	l a χ a χ
לטים	l a t i m
לידידה	l i d i d a
ליולדת	l i j u l e d e t
ליטאיות	l i t a j u t
ליריקה	l i ʁ i k a
לכרמל	l i χ ʁ a m e l
למוחו	l a m u χ u
למחזות	l i m χ a z u t
למצור	l i m t͡s o ʁ
למתלוננת	l i m t a l o n a n t
לעיקול	l e i k o l
לשלנו	l i ʃ l a n u
םאה	m a a
מאחסנים	m e a χ s a n i m
מגנוליה	m a ɡ n u l j a
מההיבט	m e h i v e t
מהזווית	m a h i z v i t
מוטס	m o t e s
מומס	m o m e s
מורחבות	m o ʁ χ a v u t
מורידות	m o ʁ i d u t
מחטי	m a χ t i
מחללים	m a χ l a l i m
מחמצת	m a χ m a t͡s a t
מיוזמי	m i j u z a m i
מיומנו	m i j u m a n u
מלבדי	m a l b a d i
מלקרוא	m a l k a ʁ u
ממלאה	m a m l a
ממקצועות	m a m k a t͡s u a u t
מסייה	m a s i j a
מעלימים	m a a l i m i m
מצטלם	m i t͡s t a l a m
מקוב	m a k u v
מרבצי	m a ʁ b a t͡s i
מרחקי	m a ʁ χ a k i
משבשים	m i ʃ b a ʃ i m
משנאת	m i ʃ n a t
משקלי	m i ʃ k a l i
מתחתי	m i t χ a t i
נבהיר	n i v h i ʁ
נות	n o t
נימת	n i m e t
ניצוד	n i t͡s u d
נפצים	n i f t͡s i m
נצ	n a t͡s
נתלים	n i t l i m
סוטר	s o t e ʁ
סינתטית	s i n t a t i t
ספירלה	s f i ʁ l a
עוגנים	o ɡ a n i m
עזיבתם	a z i v t e m
עטורי	a t u ʁ i
עימאד	i m a d
עיריה	i ʁ j a
עכבה	a χ a v a
עלותם	a l u t e m
עליתם	a l i t e m
עמאן	a m a n
עמיהוד	a m i h u d
ענדה	a n d a
פולחנית	p o l χ a n i t
פושה	p o ʃ a
פטן	p a t a n
פילר	p i l e ʁ
פיצוציה	p i t͡s u t͡s j a
פצעו	p a t͡s a u
פרחיה	p a ʁ a χ j a
פרטיזן	p a ʁ t i z a n
פרסל	p a ʁ s a l
קאיה	k a a j a
קברנה	k a v ʁ a n a
קוון	k a v a n
קונטרסים	k o n t a ʁ s i m
קונפוציוס	k o n p o t͡s j o s
קופלנד	k o f l a n d
קוש	k o ʃ
קילי	k i l i
קינסי	k i n s i
קיצה	k i t͡s a
קיקה	k i k a
קפאה	k a f a
קצרין	k a t͡s ʁ i n
קרבין	k a ʁ b i n
קרונוס	k ʁ o n o s
קרטין	k a ʁ t i n
קרקרים	k a ʁ k a ʁ i m
רבבה	ʁ a v a
רוגז	ʁ o ɡ e z
רייב	ʁ a j a v
רילקה	ʁ i l k a
רמדאן	ʁ a m d a n
רמפה	ʁ a m p a
רעיונותיה	ʁ a a j o n u t j a
שארבע	ʃ e a ʁ b a
שארגנה	ʃ e a ʁ ɡ a n a
שבעיות	ʃ a v a j u t
שברירית	ʃ a v ʁ i ʁ i t
שבתא	ʃ a v t a
שג	ʃ a ɡ
שהברית	ʃ a h a v ʁ i t
שהגשם	ʃ a h a ɡ ʃ e m
שהיחידה	ʃ e h i χ i d a
שהמנוע	ʃ a h a m n u a
שוחחה	ʃ o χ a χ a
שורי	ʃ o ʁ i
שזכר	ʃ i z k e ʁ
שחדל	ʃ a χ d e l
שחזו	ʃ a χ z u
שיחולו	ʃ i χ u l u
שיחתם	ʃ i χ t e m
שיחתנו	ʃ i χ t a n u
שיענו	ʃ i a n u
שלפניכם	ʃ i l p a n i χ e m
שמביט	ʃ i m b i t
שמונעים	ʃ m o n a i m
שמועד	ʃ a m u a d
שמייצגים	ʃ m a j t͡s e ɡ i m
שמכנה	ʃ i m χ a n a
שמתחתיה	ʃ i m t a χ t j a
שרירותיות	ʃ ʁ i ʁ u t j u t
תורגש	t o ʁ ɡ e ʃ
תורניות	t o ʁ a n j u t
תותבת	t o t e v e t
תכבוש	t a χ b u ʃ
תמורתה	t a m u ʁ t a
תפילתי	t f i l t i
תפש	t a f a ʃ
תרשימי	t a ʁ ʃ i m i
amazon	a m a z o n
bed	b e d
both	b o t
lang	l a ŋ
mean	m e a n
motion	m o t i o n
safe	s a f e
shadow	ʃ a d o w
soft	s o f t
tag	t a ɡ
wide	w i d e
אגון	a ɡ o n
אדמונית	a d m o n i t
אודט	o d e t
אורגנים	o ʁ ɡ a n i m
אורנן	o ʁ n a n
אחליט	a χ l i t
איאד	i a d
איקרוס	i k ʁ o s
אלמריה	a l m a ʁ j a
אסטה	a s t a
אפויה	a f u j a
אקדחי	a k d a χ i
באחרות	b e a χ a ʁ u t
בדיגיטל	b e d i ɡ i t e l
בהאמה	b e h a m a
בהלת	b e h e l e t
בהרכבים	b e h a ʁ k a v i m
בהתקפי	b e h i t k a f i
בוזזים	b u z a z i m
בוטני	b o t a n i
בומביי	b o m b a j
בחסרונו	b a χ s a ʁ o n u
בידיהן	b i d j a n
ביומון	b i j u m o n
ביכולתן	b i χ u l t a n
בימיהם	b i m j a m
בלואיזיאנה	b l u i z i a n a
בלולה	b a l u l a
בלעו	b a l a u
במיקומים	b e m i k u m i m
בסול	b a s u l
בעיכוב	b e i χ u v
ברחת	b a ʁ a χ a t
ברקי	b a ʁ k i
בשיריה	b e ʃ i ʁ j a
בשמונים	b i ʃ m o n i m
בתותח	b a t u t a χ
בתפירה	b i t f i ʁ a
גדילים	ɡ a d i l i m
גוטי	ɡ o t i
גוניות	ɡ o n j u t
גיני	ɡ i n i
גיסין	ɡ i s i n
גלגוליו	ɡ a l ɡ u l j u
גנס	ɡ a n a s
גרוזיה	ɡ ʁ u z j a
גרינר	ɡ ʁ i n e ʁ
דולן	d o l a n
דורם	d o ʁ e m
דיוור	d i v e ʁ
דילה	d i l a
דרמון	d a ʁ m o n
דרמתי	d a ʁ m a t i
האדוקים	h e e d u k i m
האדיבות	h e e d i v u t
האווי	h e e v i
האמפתיה	h e e m p a t j a
הגאונית	h i ɡ o n i t
הגלאי	h i ɡ l a j
הגף	h a ɡ e f
הדחליל	h i d χ a l i l
הדחקה	h i d χ a k a
הדפנה	h i d p a n a
הואר	h o a ʁ
הוקרנו	h o k ʁ a n u
הזמרות	h i z m a ʁ u t
הזריזות	h i z ʁ i z u t
החיתול	h e χ i t u l
הטאליבן	h i t a l i v e n
הטחת	h i t χ e t
הידידותית	h i d i d u t i t
הימיני	h i m i n i
היפותטית	h i p u t a t i t
הירשל	h i ʁ ʃ e l
הישאם	h i ʃ a m
הישועים	h i ʃ u i m
היתומה	h i t u m a
הכבאי	h i χ b a j
המכריעה	h i m k ʁ i a
המסיבי	h i m s i v i
המסיכות	h i m s i χ u t
המערערת	h i m a ʁ a ʁ e t
המעשנים	h i m a ʃ a n i m
המתחברים	h i m t a χ b a ʁ i m
המתכנת	h i m t a χ e n e t
המתרגמת	h i m t a ʁ ɡ e m e t
הנחושה	h i n χ u ʃ a
הנקין	h i n k i n
הנתיחה	h i n t i χ a
הסטיה	h i s t j a
הסים	h i s i m
העילאי	h e i l a j
העלאות	h e e l a u t
הפרימיטיבית	h i p ʁ i m i t i v i t
הצעיד	h i t͡s i d
הצפנים	h i t͡s p a n i m
הקאנון	h i k a n o n
הקולוניות	h i k o l o n j u t
הקוסמת	h i k o s e m e t
הקזת	h i k z e t
הקיטש	h i k i t e ʃ
הקרעים	h i k ʁ a i m
הקשיחות	h i k ʃ i χ u t
השביתות	h i ʃ b i t u t
השגרתי	h i ʃ ɡ a ʁ t i
השמיניה	h i ʃ m i n j a
השתיק	h i ʃ t i k
התלולים	h i t l u l i m
התמרה	h i t m a ʁ a
התער	h i t a ʁ
התקשרנו	h i t k a ʃ ʁ a n u
התרוקנה	h i t ʁ o k a n a
התרחשותם	h i t ʁ a χ ʃ u t e m
ובך	v a χ
והונאה	v e h o n a
והליכות	v e h e l i χ u t
והצלם	v e h i t͡s l e m
והתועלת	v e h i t u a l e t
ווינפרי	v i n p a ʁ i
וזמרים	v i z m a ʁ i m
וחיצוניים	v e χ i t͡s o n a j i m
וחלשים	v a χ l a ʃ i m
וחשבה	v a χ ʃ a v a
וידי	v i d i
ויטראז	v i t ʁ a z
וינקלר	v i n k l a ʁ
ויסודית	v i s u d i t
וישמח	v i ʃ m e a χ
ולירון	v e l i ʁ o n
ומודל	v e m u d e l
ומכוח	v i m k u a χ
ומכילים	v i m k i l i m
ומעבדות	v i m a v d u t
ומתנה	v i m t a n a
וסיני	v a s i n i
ורביה	v a ʁ b i j a
ורמלה	v a ʁ m a l a
ורעה	v a ʁ a
ורצועות	v a ʁ t͡s u a u t
ושבי	v i ʃ b i
זזות	z a z u t
חזקו	χ a z a k o
חלמון	χ a l a m o n
חסיני	χ a s i n i
חסכונית	χ a s k o n i t
חפיר	χ a f i ʁ
חתניו	χ a t a n j u
טורנירים	t o ʁ n i ʁ i m
טרוריסטית	t ʁ o ʁ i s t i t
יבטח	j a v t a χ
ידעיה	j a d a j a
יהודון	j e h u d o n
יוס	j o s
יוסה	j o s a
יוסיפון	j o s i f o n
יוקדת	j o k e d e t
יושפע	j o ʃ p a
ייטיב	j i t i v
יע	j a
ךלש	χ a l a ʃ
כדורית	k a d u ʁ i t
כוהל	k o h e l
כלשונם	k a l ʃ o n a m
כמדע	k a m d a
כמוכר	k a m u χ a ʁ
כמושא	k a m u ʃ a
כמלכה	k a m a l χ a
כמן	k a m a n
כמנה	k a m a n a
כעסים	k a a s i m
כרכרות	k a ʁ k a ʁ u t
כרתה	k a ʁ t a
לגרסאות	l i ɡ ʁ a s a u t
להא	l a h a
להימסר	l e h i m s e ʁ
להישכח	l e h i ʃ k e a χ
להתאבק	l e h i t a b e k
לווים	l a v i m
לוול	l a v a l
לטוות	l i t v e t
לטרקלין	l i t ʁ a k l i n
ליוזמת	l i j u z e m e t
ליזל	l i z e l
ליפני	l i p a n i
ליצרנים	l i t͡s ʁ a n i m
לישובים	l i ʃ u v i m
למתג	l i m t e ɡ
לסגנו	l i s ɡ a n u
לצבירת	l i t͡s b i ʁ e t
לשלווה	l i ʃ l a v a
לשרפה	l i ʃ ʁ a f a
לתפריט	l i t p ʁ i t
לתשלומי	l i t ʃ a l u m i
מאבחן	m e a v χ a n
מאחסן	m e a χ s a n
מאחרוני	m e a χ ʁ o n i
מגף	m a ɡ a f
מהאולפן	m e h o l p a n
מהאישה	m e h i ʃ a
מהאמנים	m e h a m a n i m
מהתלות	m e h i t l u t
מועמדותם	m o a m d u t e m
מחזיקת	m a χ z i k e t
מחשיבות	m a χ ʃ i v u t
מטאו	m a t a u
מיצירה	m i t͡s i ʁ a
מלקוביץ	m a l k o v i t͡s
ממכות	m a m χ u t
ממלאכה	m a m l a χ a
ממצוקה	m a m t͡s u k a
מנדה	m a n d a
מסלונים	m a s l o n i m
מסנני	m a s n a n i
מסתו	m a s t o
מעסקני	m a a s k a n i
מקסין	m a k s i n
מקשטים	m a k ʃ a t i m
מרדיפות	m a ʁ d i f u t
מרתקות	m a ʁ t a k u t
משאביה	m i ʃ a v j a
משתן	m i ʃ t a n
משתעשעים	m i ʃ t a ʃ a i m
מתכלים	m i t k a l i m
מתר	m a t a ʁ
נבראה	n i v ʁ a
נוסחא	n o s χ a
נורמטיביים	n o ʁ a m t i v a j i m
ניזונות	n i z o n u t
ניחש	n i χ e ʃ
נשלטות	n i ʃ l a t u t
נשללו	n i ʃ l a l u
סוכל	s o χ e l
סוקרה	s o k a ʁ a
סורקין	s o ʁ k i n
סינה	s i n a
סינסינטי	s i n s i n t i
סיפונים	s i p o n i m
סליי	s a l a j
סרסורים	s a ʁ s o ʁ i m
עדיני	a d i n i
עדכנתי	a d χ a n t i
עזובה	a z u v a
עזובים	a z u v i m
עצבניות	a t͡s b a n j u t
עריה	a ʁ j a
עריצים	a ʁ i t͡s i m
עתי	a t i
פוטי	p o t i
פורטונה	p o ʁ t o n a
פימה	p i m a
פסיכוטית	p s i χ u t i t
פעימת	p a i m e t
פרובינציה	p ʁ o v i n t͡s j a
פרוטונים	p ʁ o t o n i m
פריצי	p ʁ i t͡s i
פתית	p a t i t
צילו	t͡s i l u
צפונות	t͡s a f o n u t
קארט	k a a ʁ a t
קדמיות	k a d a m j u t
קולבי	k o l a v i
קולד	k o l a d
קומדי	k o m a d i
קורלי	k o ʁ l i
קיטש	k i t e ʃ
קצח	k a t͡s a χ
קצירת	k a t͡s i ʁ e t
קרשו	k a ʁ ʃ u
רווחיים	ʁ a v a χ a j i m
רוזנים	ʁ o z a n i m
רוחצים	ʁ o χ a t͡s i m
רוסק	ʁ o s e k
רושה	ʁ o ʃ a
שאחותה	ʃ e a χ u t a
שאיפתם	ʃ e i f t e m
שארעה	ʃ e a ʁ a
שבנוי	ʃ a v n u j
שבראשית	ʃ a v ʁ a ʃ i t
שגיבש	ʃ ɡ i b e ʃ
שדאגה	ʃ a d a ɡ a
שדוקא	ʃ a d u k a
שהתקציב	ʃ e h i t k a t͡s i v
שוויתר	ʃ v i t e ʁ
שחלתה	ʃ a χ l a t a
שינצל	ʃ i n t͡s e l
שישחרר	ʃ i ʃ χ a ʁ a ʁ
שישרת	ʃ i ʃ e ʁ e t
שכוחה	ʃ χ u χ a
שממית	ʃ a m m i t
שמסיבות	ʃ i m s i v u t
שמציק	ʃ i m t͡s i k
שמשפחה	ʃ i m ʃ p a χ a
שקילה	ʃ k i l a
שרמוטות	ʃ a ʁ m u t u t
שתגדל	ʃ i t ɡ a d e l
תולע	t o l a
תולש	t o l e ʃ
תכול	t a χ u l
תלמידם	t a l m i d e m
תקר	t a k a ʁ
תרז	t a ʁ a z
תריסי	t ʁ i s i
תתברר	t i t b a ʁ e ʁ
aid	a i d
bell	b e l
bottom	b o t o m
disease	d i s e a s e
ea	e a
martin	m a r t i n
po	p o
ti	t i
va	v a
אהודה	a h u d a
אהייה	a h i j a
אודונל	o d o n e l
אוורסט	a v ʁ a s t
אוזניה	o z a n j a
אולדמן	o l d a m a n
אומי	o m i
אורלוב	o ʁ l o v
אחלק	a χ l a k
אטיקוס	a t i k o s
איכותה	i χ u t a
אימרי	i m ʁ i
אסימונים	a s i m o n i m
אצ	a t͡s
אתאר	a t a ʁ
בהגיעה	b e h i ɡ i a
בזרעים	b i z ʁ a i m
בחביבות	b a χ b i v u t
בחיקה	b e χ i k a
בחלה	b a χ l a
בחלומי	b a χ l u m i
ביכלר	b i χ l e ʁ
ביקון	b i k o n
ביקוע	b i k u a
בלאומית	b a l a u m i t
בלחיים	b a l a χ a j i m
בלחן	b a l χ a n
במוקדי	b e m u k a d i
בנסיונות	b e n e s j o n u t
בעיקרי	b e i k a ʁ i
ברוזה	b ʁ u z a
בשבץ	b i ʃ b e t͡s
בתג	b a t a ɡ
גורלך	ɡ o ʁ l e χ
גידולה	ɡ i d u l a
גלגיליות	ɡ a l ɡ i l j u t
דניז	d n i z
דקיקה	d k i k a
האולפנה	h e o l p a n a
האחיינים	h e e χ a j a n i m
האלגוריתמים	h e e l ɡ o ʁ i t e m i m
האנרכיסטי	h e e n ʁ e χ i s t i
האפונה	h e e f o n a
האפרוח	h e e f ʁ u a χ
האפריקנים	h e e f ʁ i k a n i m
האתונאים	h e e t o n a i m
הגיחוך	h i ɡ i χ u χ
הגמלאות	h i ɡ m a l a u t
הגנתם	h i ɡ n a t e m
ההויה	h a h u j a
ההמחאות	h e h i m χ a u t
ההתחלות	h e h i t χ a l u t
הובי	h o v i
הוזעקו	h o z a k o
הויזה	h o j z a
הורסט	h o ʁ s e t
הזרמה	h i z ʁ a m a
החיתולים	h e χ i t u l i m
הטווס	h i t v e s
הטמנה	h i t m a n a
הירבה	h i ʁ b a
הכוון	h i χ v e n
הלשוניות	h i l ʃ o n j u t
המכורים	h i m k o ʁ i m
המכין	h i m k i n
המלוה	h i m l u a
הממוקד	h i m m u k e d
המנע	h i m n a
המסווה	h i m s v a
המסתובבים	h i m s t o v e v i m
המציאותי	h i m t͡s i u t i
המקשרות	h i m k a ʃ a ʁ u t
המרחצאות	h i m ʁ a χ t͡s a u t
המרצחים	h i m ʁ a t͡s a χ i m
המשוטט	h i m ʃ u t e t
המשיבה	h i m ʃ i v a
הנחתם	h i n χ a t e m
הנטילה	h i n t i l a
הנפתחת	h i n p a t a χ e t
הנקב	h i n k e v
הנשימות	h i n ʃ i m u t
הסאטירי	h i s a t i ʁ i
הסביבתיות	h i s b i v t i j u t
הסגורות	h i s ɡ o ʁ u t
הספונטניות	h i s p o n t a n j u t
הסריסים	h i s ʁ i s i m
הפלאי	h i f l a j
הצגתה	h i t͡s ɡ a t a
הצרכנות	h i t͡s ʁ a χ n u t
הקנין	h i k n i n
הקרדיטים	h i k ʁ a d i t i m
הקרין	h i k ʁ i n
השבתון	h i ʃ b a t o n
השגים	h i ʃ ɡ i m
השטחי	h i ʃ t a χ i
השלווים	h i ʃ l a v i m
השליחה	h i ʃ l i χ a
השקרנים	h i ʃ k a ʁ a n i m
התאמתה	h i t a m t a
התיידד	h i t j a d e d
ואכזבה	v e a χ z a v a
ובינו	v e v i n u
והאיים	v e h a j i m
והובאה	v e h o v a
והוסמך	v e h o s e m e χ
והחיפוש	v e h i p u ʃ
והעשירה	v e e ʃ i ʁ a
וורה	v a ʁ a
וזמין	v i z m i n
וחנוך	v a χ n u χ
וחסון	v a χ s o n
וחתירה	v a χ t i ʁ a
ויגלה	v i ɡ l a
ויטון	v i t o n
ויכניס	v i χ n i s
ויעבר	v i a v e ʁ
ויקינגים	v i k i n ɡ i m
וישובים	v i ʃ u v i m
ולחתוך	v a l a χ t u χ
וליבי	v e l i v i
ומלאכים	v i m l a χ i m
ומסורה	v i m s o ʁ a
ומעיל	v i m i l
ומקדשים	v i m k a d e ʃ i m
ומשיכה	v i m ʃ i χ a
ומתקשר	v i m t a k ʃ e ʁ
ורצינו	v a ʁ t͡s i n u
ושונאים	v e ʃ o n a i m
ושמרת	v i ʃ m e ʁ e t
זיגמונט	z i ɡ m o n t
זיני	z i n i
זיפי	z i p i
חודו	χ o d u
חוטר	χ o t e ʁ
חוסים	χ o s i m
חיווי	χ i v i
חפציך	χ a f t͡s i χ
חקרי	χ a k a ʁ i
טהורין	t e h o ʁ i n
טוקן	t o k a n
טיוח	t i j u a χ
יולד	j o l a d
יותיר	j o t i ʁ
יחלוק	j a χ l u k
יישות	j i ʃ u t
ינה	j a n a
יתפרש	j i t p a ʁ e ʃ
כופתאות	k o f t a u t
כות	k o t
ככולן	k a χ u l a n
ככיסוי	k e χ i s u j
כלשונה	k a l ʃ o n a
כמאן	k a m a n
כמגדל	k a m a ɡ d e l
כרישי	k ʁ i ʃ i
כשאחת	k a ʃ a χ a t
כשי	k a ʃ i
כשלנו	k a ʃ l a n u
לאיטם	l a i t e m
לבס	l a v a s
להבהרה	l e h a v a ʁ a
להתקל	l e h i t k e l
להתקנה	l e h i t k a n a
להתקרבות	l e h i t k a ʁ b u t
לחסיד	l a χ s i d
לטיס	l a t i s
ליובה	l i j u v a
ליכולתם	l i χ u l t e m
ליקח	l i k e a χ
לכיתת	l e χ i t e t
לכנופיות	l i χ n o f j u t
לכנותה	l i χ n u t a
למלאת	l i m l a t
לסחורות	l i s χ o ʁ u t
לפלוגת	l i f l u ɡ e t
לקדמה	l i k d e m a
לקוני	l a k o n i
לקללה	l i k l a l a
לרובי	l a ʁ u v i
לשלה	l i ʃ l a
לשליטים	l i ʃ l i t i m
לתאגידים	l i t a ɡ i d i m
לתחלואה	l i t χ a l u a
מאיזון	m e i z o n
מגדירות	m a ɡ d i ʁ u t
מהאגם	m e h a ɡ e m
מהבנקים	m e h a v a n k i m
מהחדרים	m e a χ d a ʁ i m
מהיצירה	m e h i t͡s i ʁ a
מהציוד	m e h i t͡s j u d
מוטבעת	m o t b a a t
מומש	m o m e ʃ
מורשי	m o ʁ ʃ i
מזחלות	m i z χ a l u t
מזרימים	m i z ʁ i m i m
מזריקים	m i z ʁ i k i m
מיא	m i
מיידים	m a j a d i m
מנסחת	m i n s a χ a t
מסגן	m a s ɡ a n
מסיימי	m a s j a m i
מסמלי	m a s m a l i
מקציני	m a k t͡s i n i
מרססים	m a ʁ s a s i m
מרקוזה	m a ʁ k u z a
מרשי	m a ʁ ʃ i
מרשתות	m a ʁ ʃ a t u t
משגיחי	m i ʃ ɡ i χ i
משנתה	m i ʃ n a t a
מתמלאות	m i t m a l a u t
מתמר	m i t m e ʁ
מתרעם	m i t ʁ a a m
מתשומת	m i t ʃ u m e t
נאק	n a a k
נברשת	n i v ʁ e ʃ e t
נופיה	n o f j a
נושאו	n o ʃ a u
נזמין	n i z m i n
נחשפות	n a χ ʃ a f u t
ניפול	n i p u l
ניפץ	n i p e t͡s
נמשים	n i m ʃ i m
ננהג	n i n h a ɡ
נסטלה	n i s t a l a
נצחונו	n i t͡s χ o n u
נרקם	n i ʁ k e m
נשלמה	n i ʃ l a m a
נשתלו	n i ʃ t a l u
נתיבה	n i t i v a
נתכנס	n i t χ a n e s
סגנונם	s a ɡ n o n a m
סודרי	s o d a ʁ i
סומו	s o m o
סופרות	s o f ʁ u t
סורת	s o ʁ e t
סיג	s i ɡ
סיכל	s i χ e l
סילקה	s i l k a
עדתיים	a d t a j i m
עוביו	o v j u
עירא	i ʁ a
עמירה	a m i ʁ a
עסיסיים	a s i s a j i m
פגסוס	p a ɡ s o s
פולוס	p o l o s
פורקים	p o ʁ k i m
פיהוק	p i h u k
פיזיקלית	p i z i k l i t
צועדות	t͡s o a d u t
צידיו	t͡s i d j u
ציים	t͡s a j i m
קארפ	k a a ʁ a f
קדמונית	k a d m o n i t
קופולה	k o f u l a
קטרת	k a t a ʁ a t
קיאנו	k i a n u
קיטל	k i t e l
קיפלינג	k i p l i ŋ ɡ
קראטין	k ʁ a t i n
קרדום	k a ʁ d u m
קתני	k a t a n i
רואין	ʁ o i n
רווחתם	ʁ a v a χ t e m
רומים	ʁ o m i m
רוממות	ʁ o m a m u t
רוקסן	ʁ o k s a n
ריקנית	ʁ i k a n i t
רמב	ʁ a m a v
רמייה	ʁ a m i j a
שבארנו	ʃ a v a ʁ a n u
שברצוני	ʃ a v ʁ a t͡s o n i
שגורלו	ʃ ɡ o ʁ l u
שהיגר	ʃ e h i ɡ e ʁ
שהכתובת	ʃ e h i χ t u v e t
שהקונה	ʃ a h k o n a
שהרבנים	ʃ a h a ʁ b a n i m
שהשתרע	ʃ e h i ʃ t a ʁ a
שהתמודד	ʃ e h i t m u d e d
שהתקשו	ʃ e h i t k e ʃ u
שומת	ʃ o m e t
שחן	ʃ a χ a n
שחרחר	ʃ a χ ʁ a χ a ʁ
שחשוד	ʃ a χ ʃ u d
שידם	ʃ i d e m
שיהו	ʃ i h u
שיווקיים	ʃ i v k a j i m
שיחזר	ʃ i χ z e ʁ
שיחתום	ʃ i χ t u m
שיכסה	ʃ i χ s a
שימחה	ʃ i m χ a
שיפיל	ʃ i p i l
שיפרש	ʃ i p ʁ e ʃ
שמכשיר	ʃ i m k ʃ i ʁ
שמלאה	ʃ i m l a
שמתחברים	ʃ i m t a χ b a ʁ i m
שנסעתי	ʃ i n s a t i
שרירית	ʃ ʁ i ʁ i t
שתתמוך	ʃ i t t a m u χ
תחות	t a χ u t
תכליתיים	t a χ l i t a j i m
תלולית	t a l u l i t
תציק	t a t͡s i k
תקשוב	t a k ʃ u v
תשכל	t i ʃ k e l
dea	d e a
dos	d o s
fitness	f i t n e s
lead	l e a d
min	m i n
pick	p i k
uh	u
wolf	w o l f
אביון	a v j o n
אגלי	a ɡ l i
אוסטן	o s t a n
אוקסנה	o k s a n a
אזמרה	a z m a ʁ a
אחוד	a χ u d
איווי	i v i
איוולת	i v e l e t
אמירים	a m i ʁ i m
אנטומית	a n t u m i t
אנקורי	a n k o ʁ i
אנקרה	a n k a ʁ a
אסימוב	a s i m u v
אספסיאנוס	a s p a s i a n o s
ארוג	a ʁ u ɡ
ארעיות	a ʁ a j u t
באחסון	b e a χ s o n
באיכותם	b e i χ u t e m
באפשרותי	b e a f ʃ a ʁ u t i
בביצועה	b e v i t͡s u a
בהפיכה	b e h e f i χ a
בהתפעלות	b e h i t p a a l u t
ביומנים	b i j u m a n i m
ביוץ	b i j u t͡s
בינכם	b i n χ e m
בירר	b i ʁ e ʁ
ביתרונות	b i t ʁ o n u t
במיזמים	b e m i z e m i m
בנוחיות	b e n u χ j u t
בנוסחת	b e n u s a χ a t
בנוסעים	b e n u s a i m
בסידורי	b e s i d u ʁ i
בריחתם	b ʁ i χ t e m
בריצות	b ʁ i t͡s u t
ברנזון	b a ʁ n a z o n
בשיתוק	b e ʃ i t u k
בשלש	b i ʃ l e ʃ
בתהום	b i t h u m
בתפישת	b i t f i ʃ e t
בתצהיר	b i t t͡s a h i ʁ
גובהם	ɡ o v a m
גולדסטון	ɡ o l d e s t o n
גטה	ɡ a t a
גלדיס	ɡ a l d i s
גפילטע	ɡ f i l t a
גרע	ɡ a ʁ a
דופרי	d o f ʁ i
דורסי	d o ʁ s i
דרבנו	d a ʁ b a n u
דרגי	d a ʁ ɡ i
דרגין	d a ʁ ɡ i n
האורגניים	h e o ʁ ɡ a n j i m
האיסלמית	h e i s l a m i t
האיצה	h e i t͡s a
הבחילה	h i v χ i l a
הדוגל	h i d u ɡ e l
הדורה	h a d u ʁ a
ההורדות	h e h o ʁ d u t
הועסקה	h o a s k a
הזדונית	h i z d o n i t
הזעירות	h i z i ʁ u t
הטבחית	h i t b a χ i t
היזמה	h i z m a
הימצאם	h i m t͡s a m
היפניות	h i p a n j u t
הכשלים	h i χ ʃ a l i m
הלעיסה	h i l i s a
המבינים	h i m b i n i m
המגיב	h i m ɡ i v
המדינאים	h i m d i n a i m
המזרון	h i m z a ʁ o n
המחכים	h i m χ a χ i m
המחסל	h i m χ a s e l
המספנה	h i m s p a n a
המקים	h i m k i m
המשודר	h i m ʃ u d e ʁ
המשענת	h i m ʃ a n e t
המשפיל	h i m ʃ p i l
המשתקף	h i m ʃ t a k e f
המתועשות	h i m t u a ʃ u t
הנאסף	h i n a s e f
הנבנית	h i n b a n i t
הנמדד	h i n m a d e d
הנתעב	h i n t a a v
הסוודר	h i s v a d e ʁ
הערנות	e e ʁ a n u t
הפלתי	h i f l a t i
הפתולוגי	h i f t o l o ɡ i
הצחיח	h i t͡s χ i a χ
הצידוק	h i t͡s i d u k
הצפנת	h i t͡s p e n e t
הקוטג	h i k u t e ɡ
הקונקרטית	h i k o n k a ʁ t i t
הקרחת	h i k ʁ a χ e t
הקרירות	h i k ʁ i ʁ u t
הרעילה	h i ʁ i l a
השאילתה	h i ʃ i l t a
השלישים	h i ʃ l i ʃ i m
השפחות	h i ʃ p a χ u t
השרוי	h i ʃ ʁ u j
התחלתית	h i t χ a l t i t
התכשיר	h i t k a ʃ i ʁ
התנך	h i t n e χ
התפלאתי	h i t p a l a t i
התקנתי	h i t k a n t i
התריעו	h i t ʁ i u
ואנושית	v a n u ʃ i t
ובידוד	v i d u d
והביצים	v e h a b i t͡s i m
וההסתה	v e h a s t a
והוגים	v e h u ɡ i m
והיציבות	v e h i t͡s i v u t
והמצאות	v e h i m t͡s a u t
והעמים	v e e m i m
וואלס	w a l a s
וור	v a ʁ
וחבלים	v a χ b a l i m
וחדרה	v a χ d a ʁ a
וחילונים	v e χ i l o n i m
וחלשה	v a χ l a ʃ a
וידיעה	v i d i a
וידעתם	v i d a a t e m
ויולדות	v i v l a d u t
וימלא	v i m l a
ויצאת	v i t͡s a t
וישועה	v i ʃ u a
וכוחה	v e χ u χ a
ולוחץ	v a l u χ a t͡s
ולולא	v a l u l a
ומאת	v i m a t
ומוזרים	v e m u z a ʁ i m
ומוצלח	v e m u t͡s l a χ
ומוקד	v a m u k a d
ומכאיב	v i m k a i v
ומע	v a m a
ומקימים	v i m k i m i m
ומתכננים	v i m t a χ n a n i m
וסירבה	v e s i ʁ b a
ופל	v a f a l
וקן	v a k a n
וריחות	v e ʁ i χ u t
ורצים	v a ʁ a t͡s i m
ותעמולה	v i t a m u l a
זבחי	z a v χ i
זומנה	z o m a n a
זיוון	z i v e n
זימים	z i m i m
זרועך	z a ʁ u a χ
חבישה	χ a v i ʃ a
חובטים	χ o v a t i m
חמאד	χ a m a d
חמותה	χ a m u t a
חמרים	χ a m a ʁ i m
חסילונים	χ a s i l o n i m
טובתם	t o v t e m
טוליפ	t o l i f
טם	t a m
טפשי	t a f ʃ i
טרזה	t a ʁ z a
טריש	t ʁ i ʃ
יוסטיניאנוס	j o s t i n j a n o s
יזע	j a z a
יטול	j a t u l
ייקראו	j i k ʁ a u
יסגיר	j a s ɡ i ʁ
ישונה	j e ʃ u n a
יתבטל	j i t b a t e l
יתבעו	j i t b a u
יתחרה	j i t χ a ʁ a
כגמול	k a ɡ m u l
כהפתעה	k a h a f t a a
כוחנית	k o χ a n i t
כיני	k i n i
כינסו	k i n s u
כיצירת	k i t͡s i ʁ e t
ככדור	k a χ d u ʁ
כמזכירה	k a m i z k i ʁ a
כמלווה	k a m a l v a
כמס	k a m a s
כמעצב	k a m a t͡s a v
כנ	k a n
כעבירה	k a a v i ʁ a
כשאף	k a ʃ a f
כשבית	k a ʃ b i t
להבליג	l e h a v l i ɡ
להירתע	l e h i ʁ t a
להספקת	l e h i s p e k e t
להפתעת	l e h i f t a a t
להרגשת	l e h a ʁ ɡ e ʃ e t
להשמידם	l e h i ʃ m i d e m
להתאשפז	l e h i t a ʃ p e z
להתיך	l e h a t i χ
להתערבב	l e h i t a ʁ b e v
להתערות	l e h i t a ʁ u t
לוויט	l a v i t
לזריקה	l i z ʁ i k a
לחלש	l a χ l a ʃ
לחצרות	l a χ t͡s a ʁ u t
ליבול	l i b u l
ליוטה	l i j u t a
ליידיס	l a j d i s
ליכנס	l i χ n e s
ליליה	l i l j a
לימפוציטים	l i m p o t͡s i t i m
ללטינית	l i l t i n i t
למולי	l a m u l i
לנתיבות	l i n t i v u t
לסול	l a s u l
לספריו	l i s p a ʁ j u
לעגלות	l e a ɡ l u t
לעינויים	l a i n u j i m
לעלים	l a a l i m
לצפיפות	l i t͡s p i f u t
לקצוות	l i k t͡s a v e t
לקצונה	l i k t͡s o n a
לרד	l a ʁ a d
לשבטי	l i ʃ b a t i
לשלשת	l i ʃ l e ʃ e t
לשמינית	l i ʃ m i n i t
לתוואי	l i t v a j
לתיאורים	l i t j o ʁ i m
מאית	m a i t
מגביה	m a ɡ v i j a
מגבילות	m a ɡ v i l u t
מדביקה	m a d b i k a
מהידיעה	m e h i d i a
מודם	m o d e m
מוניר	m o n i ʁ
מזניח	m i z n i a χ
מחסיר	m a χ s i ʁ
מיאן	m i a n
מימיות	m i m j u t
מלהיבה	m a l h i v a
מרוואן	m a ʁ v a n
משחד	m i ʃ χ a d
משתהה	m i ʃ t a h a
מתנפל	m i t n a p e l
מתרדמת	m i t ʁ a d e m e t
ןמז	n a m a z
נאווי	n e a v i
נבטי	n i v t i
נדהמים	n i d h a m i m
נהמה	n a h a m a
נודף	n o d e f
נוקו	n o k o
נותח	n o t e a χ
נזנח	n i z n a χ
נטיפים	n i t i f i m
ניחנה	n i χ a n a
ניתוחית	n i t u χ i t
נכווה	n i χ v a
נקמתה	n i k m a t a
נקמתי	n i k m a t i
נשאלים	n i ʃ a l i m
נשרי	n i ʃ ʁ i
נתקלות	n i t k a l u t
סאקה	s e a k a
סבע	s a v a
סברין	s a v ʁ i n
סלד	s a l a d
סמאל	s a m a l
ספן	s a f a n
סקין	s a k i n
עדויותיהם	a d u j u t j a m
עוקצני	o k t͡s a n i
עוקצנית	o k t͡s a n i t
עילאיים	i l a j i m
עיננו	i n a n u
עיתונאיות	i t o n a j u t
עליאן	a l i a n
עקידת	a k i d e t
פונקציונליים	p o n k a t͡s j o n l a j i m
פיאצה	p i a t͡s a
פיזרה	p i z a ʁ a
פליניוס	p l i n j o s
פלמה	p a l a m a
פרברי	p a ʁ b a ʁ i
קודשים	k o d e ʃ i m
קלאו	k a l a u
קמבל	k a m b a l
קסט	k a s a t
קצובות	k a t͡s u v u t
קרמיט	k a ʁ m i t
רגן	ʁ a ɡ a n
רובא	ʁ o v a
רחף	ʁ a χ a f
ריית	ʁ a j a t
רישומה	ʁ i ʃ u m a
רעמה	ʁ a a m a
שבחוף	ʃ a v χ u f
שבנימין	ʃ a v n i m i n
שבעיית	ʃ a v a j i t
שברשותי	ʃ a v ʁ a ʃ u t i
שדודו	ʃ a d u d u
שהעתיק	ʃ e e t i k
שהתפשט	ʃ e h i t p e ʃ e t
שחקה	ʃ a χ a k a
שחקי	ʃ a χ k i
שיבולים	ʃ i b u l i m
שימול	ʃ i m u l
שיסבול	ʃ i s b u l
שיציג	ʃ i t͡s i ɡ
שיתפסו	ʃ i t p a s u
שיתר	ʃ i t e ʁ
שמגנים	ʃ i m ɡ a n i m
שמעניקים	ʃ i m a n i k i m
שמשלב	ʃ i m ʃ l e v
שנפער	ʃ i n p a a ʁ
שפועלות	ʃ p u a l u t
שראויים	ʃ a ʁ a w a j i m
שרועה	ʃ a ʁ u a
ששיטה	ʃ ʃ i t a
ששירתה	ʃ ʃ i ʁ t a
ששרף	ʃ i ʃ ʁ e f
שתיק	ʃ a t i k
שתתחילו	ʃ i t t a χ i l u
תוכה	t o χ a
תילחמי	t i l χ a m i
תנועתה	t n u a t a
תפצה	t a f t͡s a
תרביות	t a ʁ b i j u t
תרחיב	t a ʁ χ i v
beta	b e t a
gates	ɡ a t e s
met	m e t
plastic	p l a s t i k
sim	s i m
switch	s w i t͡ʃ
zip	z i p
אבותיה	a v u t j a
אבס	a v a s
אגבה	a ɡ v a
אהובך	a h u v a χ
אורחינו	o ʁ χ i n u
אורכים	o ʁ χ i m
אחזתי	a χ a z a t i
אחיזתם	a χ i z t e m
אמביציה	a m b i t͡s j a
אסדר	a s d a ʁ
בהדיא	b e h a d i
בהלך	b e h e l e χ
ביזנטיון	b i z a n t j o n
בישולי	b i ʃ u l i
בכוכבי	b e χ u χ a v i
בלעתי	b a l a a t i
במילנו	b e m i l a n u
בפורמולה	b e f o ʁ m u l a
ברברוסה	b a ʁ b a ʁ o s a
בריזה	b ʁ i z a
ברקליס	b a ʁ k a l i s
בשבועת	b i ʃ b u a t
בשמנו	b i ʃ m a n u
בשתים	b i ʃ t i m
בתיו	b a t a j u
בתמותה	b i t m u t a
בתפר	b i t p e ʁ
גדושות	ɡ a d u ʃ u t
גוסלינג	ɡ o s l i ŋ ɡ
גננים	ɡ a n a n i m
גרוט	ɡ ʁ u t
גרידה	ɡ ʁ i d a
גרייסי	ɡ ʁ a j s i
דוקטורנטית	d o k t o ʁ a n t i t
דורבן	d o ʁ b a n
דתייה	d a t i j a
האדונית	h e e d o n i t
האלחוט	h e e l χ u t
האמל	h e e m e l
האסיפות	h e e s i f u t
האפ	h e e f
האקולוגיה	h e e k o l o ɡ j a
הארכאולוגי	h e a ʁ k a u l o ɡ i
הבזוי	h i v z u j
הבטלנים	h i v t a l a n i m
הגוססת	h i ɡ o s e s e t
הגזרים	h i ɡ z a ʁ i m
הגי	h a ɡ i
הגיטו	h i ɡ i t u
הגינוי	h i ɡ i n u j
הגלילה	h i ɡ l i l a
הגמון	h i ɡ m o n
הדיירת	h i d j a ʁ e t
הדלות	h i d l u t
הדסטארט	h i d s t a ʁ t
הדרוג	h i d ʁ u ɡ
ההשתקה	h e h i ʃ t e k a
הומני	h o m a n i
הוצת	h o t͡s e t
הור	h o ʁ
הזועמים	h i z u a m i m
הזרחן	h i z ʁ a χ a n
החסה	h a χ s a
החסיר	h i χ s i ʁ
החשיש	h e χ ʃ i ʃ
היחסיים	h i χ s a j i m
היפו	h i p u
הכנסתה	h i χ n e s t a
המגישה	h i m ɡ i ʃ a
המדרג	h i m d ʁ e ɡ
המהותיות	h i m h o t j u t
המזדקן	h i m z a d k a n
המזחלת	h i m z a χ e l e t
הממתק	h i m m a t e k
המסגר	h i m s e ɡ e ʁ
המצולמת	h i m t͡s u l e m e t
המקדיש	h i m k a d i ʃ
המרוכזת	h i m ʁ u χ e z e t
המשונים	h i m ʃ o n i m
המתקנת	h i m t a k e n e t
הנמשל	h i n m e ʃ e l
הנקל	h i n k e l
הסבוך	h i s b u χ
הפגיע	h i f ɡ i a
הפקיעה	h i f k i a
הציצה	h i t͡s i t͡s a
הצפים	h i t͡s p i m
הקידמי	h i k i d e m i
הקריקטורות	h i k ʁ i k t u ʁ u t
הרעידות	h i ʁ i d u t
הרר	h a ʁ a ʁ
הררה	h a ʁ a ʁ a
השקעים	h i ʃ k a i m
השרופים	h i ʃ ʁ o f i m
השתוללו	h i ʃ t o l e l u
השתקת	h i ʃ t e k e t
התאוצה	h i t o t͡s a
התכבד	h i t k a v e d
התנוסס	h i t n o s e s
התקינות	h i t k i n u t
ואיציק	v e i t͡s i k
ובישיבות	v i ʃ i v u t
והורדה	v e h o ʁ d a
וויתרת	v i t e ʁ e t
וזהיר	v i z h i ʁ
וכונה	v e χ o n a
ולדה	v a l a d a
ולוקה	v a l u k a
ולעג	v a l a ɡ
ומד	v a m a d
ומחסה	v i m χ a s a
ומסובב	v i m s o v e v
ומעדיפים	v i m a d i f i m
ומפריע	v i m p ʁ i a
ומפתחת	v i m p t a χ e t
ומרכזה	v i m ʁ a χ z a
ופיל	v e f i l
ורכות	v a ʁ χ u t
ורכישות	v a ʁ k i ʃ u t
ורמון	v a ʁ m o n
ושחט	v i ʃ χ a t
ושיקולים	v e ʃ i k o l i m
זוד	z o d
זיהומית	z i h u m i t
זיסל	z i s e l
זרוקים	z a ʁ u k i m
זרקורים	z a ʁ k o ʁ i m
חווינו	χ a v i n u
חוליים	χ o l a j i m
חונן	χ o n a n
חוסנו	χ o s a n u
חטאתם	χ a t a t e m
חסים	χ a s i m
חשוכי	χ a ʃ u χ i
טוסי	t o s i
טיג	t i ɡ
טייני	t a j a n i
טיף	t i f
טיפי	t i p i
טנדי	t a n d i
טרודים	t ʁ u d i m
יבלע	j a v l a
יוליאן	j o l i a n
יוליך	j o l i χ
יועז	j o a z
יחמיץ	j a χ m i t͡s
יידון	j i d o n
יידחה	j i d χ a
יימאס	j i m a s
ינחה	j a n a χ a
יעצו	j a a t͡s u
יקבים	j a k a v i m
כאבם	k a a v a m
כחלום	k a χ l u m
כיחידת	k i χ i d e t
כמדד	k a m d e d
כמקשה	k a m a k ʃ a
כמרגל	k a m a ʁ ɡ e l
כצורך	k a t͡s u ʁ a χ
כתמורה	k a t m u ʁ a
לדומה	l a d u m a
לדרי	l a d a ʁ i
לדרכנו	l i d ʁ a χ n u
להבריק	l e h a v ʁ i k
להידברות	l e h i d b a ʁ u t
להנעה	l a h a n a
לוויסות	l a v i s u t
לורין	l o ʁ i n
לחמישי	l a χ m i ʃ i
ליועצת	l i j u a t͡s e t
ליני	l i n i
לכבש	l i χ b e ʃ
לכרטיסים	l i χ ʁ a t i s i m
למהוי	l i m h u j
למסעו	l i m s a u
למתנדב	l i m t a n d e v
לנעלי	l i n a l i
לסבר	l i s b e ʁ
לסרטונים	l i s ʁ a t o n i m
לצביעה	l i t͡s b i a
לקלי	l a k l i
לרה	l a ʁ a
לשעבוד	l i ʃ a v u d
לשקוד	l i ʃ k o d
לתבשיל	l i t b a ʃ i l
לתקלות	l i t k a l u t
מאווררים	m e a v ʁ a ʁ i m
מגחך	m a ɡ χ a χ
מגננה	m a ɡ n a n a
מדרישות	m a d ʁ i ʃ u t
מהזכויות	m a h i z k u j u t
מהיכל	m e h i χ e l
מהתבוננות	m e h i t b o n a n u t
מוזילה	m u z i l a
מונא	m o n a
מזמני	m i z m a n i
מייב	m a j a v
מינויי	m i n u j
מינימאלי	m i n i m a l i
מיסד	m i s e d
מיסיון	m i s j o n
מכירתם	m e χ i ʁ t e m
מלדון	m a l d o n
מלהגיד	m a l h a ɡ i d
מלוך	m a l u χ
ממגזין	m a m ɡ a z i n
ממעשים	m a m a ʃ i m
מסרטיו	m a s ʁ a t j u
מסרטנים	m a s ʁ a t a n i m
משעמום	m i ʃ a m u m
משרתם	m i ʃ ʁ a t e m
מתאבלת	m i t a b e l e t
מתהליכים	m i t h a l i χ i m
מתיה	m i t j a
מתקצר	m i t k a t͡s a ʁ
מתרומת	m i t ʁ u m e t
מתרופות	m i t ʁ o f u t
נאי	n a i
נאס	n a a s
נגבי	n i ɡ v i
ניוונית	n i v a n i t
ניתקל	n i t k e l
נפצעתי	n i f t͡s a a t i
נצל	n a t͡s a l
נצעד	n i t͡s a d
סדורות	s a d u ʁ u t
סדקי	s a d k i
סוכך	s o χ a χ
סופים	s o f i m
סורגת	s o ʁ e ɡ e t
סטריקלנד	s t ʁ i k l a n d
סינקלר	s i n k l a ʁ
עדולם	a d u l a m
עטפו	a t a f u
עיטם	i t e m
עיתונאיים	i t o n a j i m
עכן	a χ a n
עקשנים	a k ʃ a n i m
פארלי	p e a ʁ l i
פוטונים	p o t o n i m
פושר	p o ʃ e ʁ
פיאות	p i u t
פילדינג	p i l d i ŋ ɡ
פיראטי	p i ʁ a t i
פיתיון	p i t j o n
פלאית	p a l a i t
פסיקתא	p s i k t a
פרחח	p a ʁ χ a χ
צפר	t͡s a f a ʁ
קאזה	k a a z a
קובנים	k o v a n i m
קולבר	k o l b a ʁ
קולידג	k o l i d e ɡ
קורפ	k o ʁ e f
קזנובה	k a z n u v a
קינאתי	k i n a t i
קיסרים	k i s ʁ i m
קיציס	k i t͡s i s
קמעונאות	k a m o n a u t
קראם	k a ʁ a m
קרוואנים	k a ʁ v a n i m
קריסטלים	k ʁ i s t a l i m
קתוליים	k a t u l a j i m
רומאו	ʁ o m a u
רוסלן	ʁ o s l a n
רחפנים	ʁ a χ p a n i m
רטייה	ʁ a t i j a
ריתק	ʁ i t e k
רפויים	ʁ a f u j i m
שבדין	ʃ a v d i n
שבטיים	ʃ a v t a j i m
שבשוק	ʃ a v ʃ u k
שגרירה	ʃ a ɡ ʁ i ʁ a
שהגב	ʃ a h a ɡ e v
שהישיבה	ʃ e h i ʃ i v a
שהנביא	ʃ a h a n b i
שוחקים	ʃ o χ a k i m
שומרונים	ʃ o m ʁ o n i m
שותלים	ʃ o t a l i m
שזמנו	ʃ i z m a n u
שחקרה	ʃ a χ k a ʁ a
שטינקר	ʃ t i n k e ʁ
שיגעו	ʃ i ɡ a u
שיטתיים	ʃ i t a t a j i m
שיסד	ʃ i s e d
שיעסקו	ʃ i a s k o
שכובש	ʃ χ u v e ʃ
שלזיה	ʃ a l a z j a
שמואלביץ	ʃ m u a l b i t͡s
שמילים	ʃ m i l i m
שמנצח	ʃ i m n a t͡s a χ
שמשני	ʃ i m ʃ a n i
שנבחרת	ʃ i n b a χ a ʁ e t
שסוגר	ʃ a s u ɡ a ʁ
שצירף	ʃ a t͡s i ʁ e f
שרודפים	ʃ ʁ o d e f i m
ששטחה	ʃ i ʃ t a χ a
ששילב	ʃ ʃ i l e v
שתמסור	ʃ i t m a s o ʁ
תבליטים	t a v l i t i m
תהמר	t e h a m e ʁ
תותחית	t o t χ i t
תלחצו	t a l χ a t͡s u
תנן	t a n a n
תקצירים	t a k t͡s i ʁ i m
תתחזק	t i t χ a z e k
תתייצב	t a t j a t͡s e v
della	d e l a
delta	d e l t a
final	f i n a l
gen	ɡ e n
hall	h a l
hello	h e l o
input	i n p u t
maps	m a p s
ni	n i
אבהית	a v h i t
אוהדות	o h a d u t
אומהה	o m a
אונא	o n a
אונטרמן	o n t a ʁ m a n
אירא	i ʁ a
אישרנו	i ʃ ʁ a n u
אספני	a s p a n i
אפיינה	a f j a n a
אפרון	a f ʁ o n
ארווינג	a ʁ v i ŋ ɡ
ארטיקים	a ʁ t i k i m
ארטמיס	a ʁ t a m i s
בדום	b a d u m
בהינף	b e h i n e f
בהיפנוזה	b e h i p n u z a
בהקרנה	b e h a k ʁ a n a
בוועידות	b a v i d u t
בוחריו	b o χ a ʁ j u
בוירוס	b o j ʁ o s
בורד	b o ʁ e d
בזרים	b i z ʁ i m
בחיפושי	b e χ i p u ʃ i
בחנית	b a χ n i t
בטלי	b a t a l i
ביובש	b i j u v e ʃ
ביוטי	b i j u t i
ביוכימיה	b i j u χ i m j a
ביזת	b i z e t
ביצחק	b i t͡s χ a k
בישיבתה	b i ʃ i v t a
בלופ	b a l u f
במירב	b e m i ʁ e v
בניצוח	b e n i t͡s u a χ
בסקילה	b a s k i l a
בעא	b a a
בעייפות	b a a j a f u t
בקיבולת	b e k i b u l e t
בקני	b a k a n i
בראותם	b a ʁ a u t e m
ברוצח	b ʁ u t͡s a χ
בשירתה	b e ʃ i ʁ t a
בשמיני	b i ʃ m i n i
גודלת	ɡ o d e l e t
גיליס	ɡ i l i s
גלאם	ɡ a l a m
גלשה	ɡ a l a ʃ a
גמביט	ɡ a m b i t
גנרלית	ɡ a n ʁ a l i t
גרודנה	ɡ ʁ u d a n a
גרסון	ɡ a ʁ s o n
דוהה	d o h a
דוור	d a v a ʁ
דורגו	d o ʁ ɡ o
דילי	d i l i
דלהון	d a l h o n
דנאן	d a n a n
דריכות	d ʁ i χ u t
דרשני	d a ʁ ʃ a n i
דשם	d a ʃ a m
האופטיקה	h e o f t i k a
האלר	h e e l e ʁ
האנליטי	h e e n l i t i
האשל	h e e ʃ e l
הגאי	h i ɡ a j
הגנגסטר	h i ɡ n e ɡ s t e ʁ
הגראמי	h i ɡ ʁ a m i
הדאר	h i d a ʁ
הדרש	h i d ʁ e ʃ
הולילנד	h o l i l a n d
הומניסטי	h o m a n i s t i
הזירות	h i z i ʁ u t
הזכורים	h i z k o ʁ i m
החלפתם	h i χ l e f t e m
היאכטות	h i a χ t u t
היגרה	h i ɡ ʁ a
הילולה	h i l u l a
הינום	h i n u m
היסורים	h i s u ʁ i m
הכהות	h i χ h u t
הלבשת	h i l b e ʃ e t
הלווית	h i l v i t
הלקין	h i l k i n
המאירה	h i m i ʁ a
המארינס	h i m a ʁ i n e s
המביעים	h i m b i i m
המטרידות	h i m t ʁ i d u t
המלזי	h i m l a z i
המסובכת	h i m s o v e χ e t
המסויים	h i m s u j i m
המסרב	h i m s ʁ e v
המפרטים	h i m p a ʁ t i m
המקוצרת	h i m k o t͡s a ʁ e t
הנבדלות	h i n b a d e l u t
הנחשול	h i n χ a ʃ u l
הנטוי	h i n t u j
הסטאטוס	h i s t a t o s
הסטה	h i s t a
העיתונאות	h e i t o n a u t
הערוכים	e e ʁ u χ i m
הפטריוטית	h i f t a ʁ j u t i t
הפציינט	h i f t͡s a j a n t
הפשתן	h i f ʃ a t e n
הקאדי	h i k a d i
הקומונות	h i k o m o n u t
הקטנוע	h i k t a n u a
הקיבוציות	h i k i b u t͡s j u t
השבויה	h i ʃ b u j a
השהה	h i ʃ h a
השימפנזה	h i ʃ i m p a n z a
השירי	h i ʃ i ʁ i
השלו	h i ʃ l u
השתי	h i ʃ t i
השתרש	h i ʃ t a ʁ e ʃ
התאוות	h i t a v e t
התאספנו	h i t a s p a n u
התחמם	h i t χ a m e m
התיחסות	h i t j a χ s u t
התלהבה	h i t l a h a v a
התלולה	h i t l u l a
התמקמה	h i t m a k e m a
התנתקה	h i t n a t e k a
ואדומים	v e a d u m i m
ואסטרטגיות	v a s t a ʁ t e ɡ j u t
ואתנה	v e a t a n a
ובוכים	v o v u χ i m
והטבעת	v e h i t b a a t
והיעילות	v e h i i l u t
והעדות	v e e d u t
והעוני	v e h o n i
והעיתון	v e h i t o n
והפילו	v e h e f i l u
וזכאי	v i z k a j
וחבילות	v a χ b i l u t
וחרבות	v a χ ʁ a v u t
וחשפה	v a χ ʃ a f a
וילף	v i l e f
וימינה	v i m i n a
ויסביר	v i s b i ʁ
ויפלו	v i p l u
ויציע	v i t͡s i a
ויתעלה	v i t a l a
ויתקיים	v i t k a j i m
וכיבוד	v e χ i b u d
ולאמן	v a l a m a n
ומעגל	v i m a ɡ e l
ומעיר	v i m i ʁ
ומצביעים	v i m t͡s b i i m
ומשיח	v i m ʃ i a χ
ומתקבלת	v i m t a k b e l e t
ונר	v a n a ʁ
ופורש	v e f o ʁ e ʃ
ורמזים	v a ʁ m a z i m
ושיפוט	v e ʃ i p u t
ושרידים	v i ʃ ʁ i d i m
ותביעה	v i t b i a
ותבניות	v i t b e n j u t
זיא	z i
זיס	z i s
זנד	z a n a d
חבוט	χ a v u t
חבושה	χ a v u ʃ a
חיווה	χ i v a
חלומית	χ a l u m i t
חרמנים	χ a ʁ m a n i m
חרסית	χ a ʁ s i t
חרשה	χ a ʁ ʃ a
טווחי	t a v a χ i
טוחנות	t o χ a n u t
טוניה	t o n j a
טוניסיה	t o n i s j a
טיפוחיו	t i p u χ j u
טיקטין	t i k t i n
טרן	t a ʁ a n
יגרע	j a ɡ ʁ a
יודח	j o d e a χ
יחלה	j a χ l a
יחפוץ	j a χ p u t͡s
יטילו	j a t i l u
יטעו	j a t a u
ילחץ	j a l χ a t͡s
יף	j a f
יתחשב	j i t χ a ʃ e v
כזמן	k a z m a n
כחברות	k a χ b a ʁ u t
כחטיבה	k a χ t i v a
כחמישית	k a χ m i ʃ i t
כיסויים	k i s u j i m
כלילית	k l i l i t
כמובטח	k a m u v t a χ
כמעצמה	k a m a t͡s m a
כקלף	k a k l a f
כרחך	k a ʁ χ a χ
כתמיכה	k a t m i χ a
לבאס	l a v a s
לגזרת	l i ɡ z a ʁ e t
לדיו	l a d j u
להי	l a h i
להתפרצויות	l e h i t p a ʁ t͡s u j u t
לווילה	l a v i l a
לועזית	l o a z i t
ליסק	l i s e k
ליצירתה	l i t͡s i ʁ t a
ליראה	l i ʁ a
לכיפת	l e χ i f e t
לכרתים	l i χ ʁ a t i m
לממשק	l i m m e ʃ e k
למעלת	l i m a l e t
למרמה	l i m ʁ a m a
למשתה	l i m ʃ a t a
לפוג	l a f u ɡ
לצדנו	l i t͡s d a n u
לצעירי	l i t͡s i ʁ i
לצרפו	l i t͡s ʁ a f u
לקלה	l a k l a
לשפתיים	l i ʃ p a t a j i m
לתקיפות	l i t k i f u t
מבגדאד	m i v ɡ a d a d
מגבעה	m a ɡ v a a
מגדרה	m a ɡ d a ʁ a
מהיחידות	m e h i χ i d u t
מחקריות	m a χ k a ʁ j u t
מטף	m a t a f
מילן	m i l a n
מימה	m i m a
מימושה	m i m u ʃ a
מיצרים	m i t͡s a ʁ i m
מלבישים	m a l b i ʃ i m
מלוב	m a l u v
מליה	m a l j a
ממפה	m a m p a
מקני	m a k a n i
מקפצים	m a k p a t͡s i m
מרבנים	m a ʁ b a n i m
מרגעי	m a ʁ ɡ a i
מרלי	m a ʁ l i
משבית	m i ʃ b i t
משהגיע	m i ʃ h a ɡ i a
משמונים	m i ʃ m o n i m
מתמונה	m i t m u n a
מתרחצים	m i t ʁ a χ t͡s i m
מתרצה	m i t ʁ a t͡s a
נדחפים	n i d χ a f i m
נופשים	n o f ʃ i m
נוצחה	n o t͡s a χ a
נזקו	n i z k o
ניקוס	n i k o s
נישול	n i ʃ u l
נסתיים	n i s t a j i m
נפשע	n i f ʃ a
נרשמות	n i ʁ ʃ a m u t
נשלטה	n i ʃ l a t a
נשפי	n i ʃ p i
סובלניים	s o v l a n j i m
סטונס	s t o n e s
סלילי	s a l i l i
סנטינל	s a n t i n e l
עזיבתה	a z i v t a
ענדו	a n d u
ענות	a n u t
ערגה	a ʁ ɡ a
עריקה	a ʁ i k a
פגיס	p a ɡ i s
פולטון	p o l t o n
פוליאתילן	p u l i a t i l a n
פולסון	p o l s o n
פוצה	p o t͡s a
פיתון	p i t o n
פקדון	p a k d o n
פרסון	p a ʁ s o n
צוננים	t͡s o n a n i m
צופיות	t͡s o f j u t
צייט	t͡s a j a t
צלויים	t͡s a l u j i m
קוברין	k o v ʁ i n
קוטף	k o t e f
קומבינציה	k o m b i n t͡s j a
קומיות	k o m j u t
קומיסר	k o m i s e ʁ
קורווין	k o ʁ v i n
קיללתי	k i l e l t i
קליגר	k l i ɡ e ʁ
קמצנים	k a m t͡s a n i m
קפדניות	k a f d a n j u t
קריאתה	k ʁ i a t a
קריניצי	k ʁ i n i t͡s i
רודנות	ʁ o d a n u t
רודפות	ʁ o d e f u t
רזרבי	ʁ a z ʁ a v i
שאכילת	ʃ e e χ i l e t
שבל	ʃ a v a l
שבלולים	ʃ a v l u l i m
שגילינו	ʃ ɡ i l i n u
שהגנה	ʃ a h a ɡ a n a
שהיכה	ʃ e h i χ a
שהיפנים	ʃ e h i p a n i m
שהתקין	ʃ e h i t k i n
שוטט	ʃ o t e t
שיוכח	ʃ i j u χ a χ
שיקומית	ʃ i k u m i t
שיקיים	ʃ i k a j i m
שלטוניות	ʃ a l t o n j u t
שמגדל	ʃ i m ɡ d e l
שמדד	ʃ i m d e d
שמדמה	ʃ i m d e m a
שמוט	ʃ a m u t
שמושג	ʃ a m u ʃ e ɡ
שמטבע	ʃ i m t b a
שמינו	ʃ a m i n u
שמשמאל	ʃ i m ʃ m a e l
שמשקל	ʃ i m ʃ k e l
שנטע	ʃ i n t a
שניסיון	ʃ n i s j o n
שננסה	ʃ n a n a s a
שנשר	ʃ i n ʃ e ʁ
שען	ʃ a a n
ששו	ʃ a ʃ u
ששירות	ʃ ʃ i ʁ u t
שתום	ʃ a t u m
שתסבול	ʃ i t s b u l
תאילנדית	t e i l a n d i t
תדרשו	t a d ʁ a ʃ u
תיזה	t i z a
תמהיל	t a m h i l
תצחיק	t a t͡s χ i k
תרגומיו	t a ʁ ɡ u m j u
adult	a d u l t
het	h e t
lines	l i n e s
mia	m i a
pd	p e d e
qu	k u
quality	k w a l i t i
sans	s a n s
such	s u x
theme	t e m e
val	v a l
za	z a
אדין	a d i n
אומנותם	o m a n u t e m
אורקים	o ʁ k i m
אזני	a z a n i
אירווין	i ʁ v i n
אלברטה	a l b a ʁ t a
אלגאזי	a l ɡ a z i
אלוקית	a l u k i t
אמידות	a m i d u t
אמפי	a m p i
אנדורה	a n d u ʁ a
אנזימי	a n z i m i
אפיינו	a f j a n u
אפרה	a f ʁ a
ארדון	a ʁ d o n
ארוזה	a ʁ u z a
ארונוב	a ʁ o n o v
ארלי	a ʁ l i
אשחר	a ʃ χ a ʁ
אשפוך	a ʃ p u χ
אשתף	a ʃ t e f
באפשרותך	b e a f ʃ a ʁ u t a χ
בבידור	b e v i d u ʁ
בביצת	b e v i t͡s e t
בהארכה	b e e ʁ χ a
בהאשמה	b e e ʃ e m a
בהצבעות	b e h i t͡s b a u t
בהתפוצצות	b e h i t p o t͡s a t͡s u t
בהתקוממות	b e h i t k o m e m u t
בוהר	b o a ʁ
בוכמן	b u χ m a n
בחאן	b a χ a n
בחשבונו	b a χ ʃ a v o n u
בחתיכות	b a χ t i χ u t
בידוע	b i d u a
בכינו	b e χ i n u
בלד	b a l a d
בלולאה	b l u l a
בניצב	b e n i t͡s e v
בעיתו	b a i t u
בפיסקה	b e f i s k a
בקידוח	b e k i d u a χ
בקיטור	b e k i t u ʁ
בראו	b a ʁ a u
ברטרם	b a ʁ t a ʁ a m
בריסטו	b ʁ i s t o
ברנקו	b a ʁ n a k o
גדושים	ɡ a d u ʃ i m
גירושו	ɡ i ʁ u ʃ u
גלין	ɡ l i n
גניזת	ɡ n i z e t
גרינבאום	ɡ ʁ i n b a u m
דובק	d o v e k
דליקים	d l i k i m
דקאמר	d i k a m e ʁ
האיסלמי	h e i s l a m i
האיפה	h e i f a
האפלטונית	h e e f e l t o n i t
הגעתן	h i ɡ a t e n
הדוויג	h i d v i ɡ
ההידור	h e h i d u ʁ
ההיכלות	h e h i χ l u t
הועדות	h o e d u t
הותאמה	h o t a m a
הותיקה	h o t i k a
הזמניות	h i z m a n j u t
החזקנו	h i χ z a k a n u
החציבה	h e χ t͡s i v a
הטריטוריות	h i t ʁ i t u ʁ j u t
היקבים	h i k e v i m
המגונה	h i m ɡ o n a
המדונה	h i m d o n a
המזרקות	h i m z a ʁ k u t
המחקה	h i m χ a k a
המלחמתית	h i m l a χ m e t i t
המעניקות	h i m a n i k u t
המפרטת	h i m p a ʁ t e t
המצוף	h i m t͡s u f
המצריכים	h i m t͡s ʁ i χ i m
המקח	h i m k e a χ
המשוטים	h i m ʃ u t i m
הנאבקת	h i n a b e k e t
הנגיפים	h i n ɡ i f i m
הנטיעות	h i n t i u t
הנקבי	h i n k e v i
הסטר	h i s t e ʁ
הערמה	e e ʁ m a
הפטל	h i f t e l
הפתולוגיה	h i f t o l o ɡ j a
הצפע	h i t͡s p a
הצריבה	h i t͡s ʁ i v a
הקיני	h i k i n i
הקיפול	h i k i p u l
הקרויות	h i k ʁ u j u t
הקשתית	h i k ʃ a t i t
הרגוע	h i ʁ ɡ u a
הרתיע	h i ʁ t i a
השוקל	h i ʃ u k e l
השירית	h i ʃ i ʁ i t
השכור	h i ʃ k o ʁ
השלולית	h i ʃ l u l i t
השמית	h i ʃ m i t
השען	h i ʃ a n
השריטה	h i ʃ ʁ i t a
התאם	h i t a m
התבדח	h i t b e d e a χ
התותים	h i t u t i m
התחרותית	h i t χ a ʁ u t i t
התמרדו	h i t m a ʁ d u
התפזרה	h i t p a z a ʁ a
התפללנו	h i t p a l l a n u
התפרחת	h i t p a ʁ a χ e t
התרוקנות	h i t ʁ o k a n u t
ואימוץ	v e i m u t͡s
ואימץ	v e i m e t͡s
והדיוק	v e h a d j o k
וההנחה	v e h a n a χ a
והורסים	v e h o ʁ s i m
וורטון	v a ʁ t o n
וייעץ	v a j a t͡s
ויכולתם	v i χ u l t e m
וישירה	v i ʃ i ʁ a
ולוגיסטיקה	v l u ɡ i s t i k a
ולעת	v a l a a t
ומוזיאונים	v e m u z i u n i m
ומוצגים	v e m u t͡s a ɡ i m
ומחילה	v i m χ i l a
ומל	v a m a l
ומסחריים	v i m s a χ ʁ a j i m
ומפורש	v i m p o ʁ e ʃ
ומתמחה	v i m t a m χ a
ונוסעת	v e n o s a a t
וסיבה	v e s i v a
ופ	v a f
ופס	v a f a s
וצבאי	v i t͡s b a j
וקישוטים	v e k i ʃ u t i m
ורפואת	v a ʁ p u a t
ושימושי	v e ʃ i m u ʃ i
ותבעו	v i t b a u
ותפוח	v i t p u a χ
חדרך	χ a d a ʁ a χ
חדת	χ a d a t
חווייה	χ a v i j a
חויה	χ o j a
חילה	χ i l a
חימצון	χ i m t͡s o n
חלימה	χ a l i m a
חמינאי	χ a m i n a j
חרובים	χ a ʁ u v i m
חרוך	χ a ʁ u χ
טהיטי	t e h i t i
טוחנים	t o χ a n i m
טיאן	t i a n
טיירה	t i j a ʁ a
טרולי	t ʁ u l i
ידוי	j a d u j
יופנו	j o f a n u
יחגוג	j a χ ɡ u ɡ
ייכשלו	j i χ ʃ e l u
יתפנה	j i t p a n a
כוננים	k o n a n i m
כחולי	k a χ u l i
ככלים	k a χ l i m
כמוביל	k a m u v i l
כמוסה	k a m u s a
כרעו	k a ʁ a u
כשגילה	k a ʃ ɡ i l a
כשיצאה	k ʃ i t͡s a
כשנולד	k a ʃ n u l a d
לדבש	l i d b e ʃ
להבדילו	l e h a v d i l u
להחזרה	l e h a χ z a ʁ a
להעדפת	l e h a d e f e t
להתפס	l e h i t p e s
לובין	l o v i n
לווינסון	l a v i n s o n
לוקרציה	l o k ʁ a t͡s j a
לחטיפה	l a χ t i f a
לחסלו	l a χ s a l u
ליוצרי	l i j u t͡s a ʁ i
לימא	l i m a
לימוזינות	l i m u z i n u t
לכפרה	l i χ p a ʁ a
למדרש	l i m d a ʁ e ʃ
למחבל	l i m χ a v e l
למרחבי	l i m ʁ a χ a v i
לסלקו	l i s l a k o
לעליונות	l e a l j o n u t
לפצע	l i f t͡s a
לפשרות	l i f ʃ a ʁ u t
לצבעי	l i t͡s b a i
לצרכנות	l i t͡s ʁ a χ n u t
לקרינת	l i k ʁ i n t
לרביעי	l a ʁ b i a j
לשבעים	l i ʃ b a i m
לשטרות	l i ʃ t a ʁ u t
לשיוויון	l i ʃ i v j o n
לשקיעת	l i ʃ k i a t
מאירת	m e i ʁ e t
מגולה	m a ɡ u l a
מדום	m a d u m
מדחס	m a d χ a s
מדימום	m a d i m u m
מהישג	m e h i ʃ e ɡ
מהישוב	m e h i ʃ u v
מהתל	m e h a t e l
מזכרונות	m i z k a ʁ o n u t
מזנקים	m i z n a k i m
מחדירה	m a χ d i ʁ a
מחטט	m a χ t a t
מחקירה	m a χ k i ʁ a
מחשבותי	m a χ ʃ a v u t i
מיוצרי	m i j u t͡s a ʁ i
מיכן	m i χ e n
מיקרה	m i k a ʁ a
מלכ	m a l a χ
מלנומה	m a l n u m a
ממממ	m a m m a m
ממנהיג	m a m a n h i ɡ
ממקד	m a m k a d
מסמנות	m a s m a n u t
מספנות	m i s p a n u t
מקגרגור	m a k ɡ a ʁ ɡ o ʁ
מקנס	m a k n a s
מרדן	m a ʁ d a n
מרזה	m a ʁ z a
מרטינה	m a ʁ t i n a
מרצוני	m a ʁ t͡s o n i
משגיאות	m i ʃ ɡ i u t
משגל	m i ʃ ɡ e l
משדרי	m i ʃ d a ʁ i
משמנים	m i ʃ m a n i m
משריפה	m i ʃ ʁ i f a
מתחושה	m i t χ u ʃ a
מתחנה	m i t χ a n a
מתלווים	m i t l a v i m
מתפרשים	m i t p a ʁ ʃ i m
נבחנות	n i v χ a n u t
נונו	n o n u
נוסעיה	n o s a j a
ניטה	n i t a
ניסחה	n i s χ a
ניפוי	n i p u j
נלבש	n i l b e ʃ
ננסים	n i n s i m
נספיק	n i s p i k
נפגמה	n i f ɡ a m a
נפצעים	n i f t͡s a i m
נצבר	n i t͡s b a ʁ
נקרה	n i k ʁ a
נשקול	n i ʃ k o l
סלוצק	s a l u t͡s a k
סלחת	s a l a χ a t
סמאש	s a m a ʃ
סקסיים	s a k s a j i m
עדיה	a d j a
עידכונים	i d k o n i m
עלילתיים	a l i l t a j i m
ערמונית	a ʁ m o n i t
פארדו	p e a ʁ d u
פולחנים	p o l χ a n i m
פטורין	p a t u ʁ i n
פיצי	p i t͡s i
פיתולים	p i t u l i m
פראנקל	p ʁ a n k e l
פרברים	p a ʁ b a ʁ i m
פרונט	p ʁ o n t
צז	t͡s a z
צעדות	t͡s a a d u t
צרכה	t͡s a ʁ χ a
קולדוול	k o l d v e l
קטלה	k a t a l a
קטנו	k a t a n u
קיג	k i ɡ
קיומך	k i j u m e χ
קיידי	k a j a d i
קמומיל	k a m u m i l
קרולי	k ʁ u l i
קרישת	k ʁ i ʃ e t
קרנפים	k a ʁ n a f i m
קשקשי	k a ʃ k a ʃ i
קתדרלה	k a t d a ʁ l a
רוטרי	ʁ o t a ʁ i
רולאן	ʁ o l a n
רושדי	ʁ o ʃ a d i
רותה	ʁ o t a
ריה	ʁ i j a
רמבם	ʁ a m b a m
רמוא	ʁ a m u
שבכניסה	ʃ a v χ a n i s a
שדור	ʃ a d u ʁ
שהזקן	ʃ a h a z k a n
שהחיות	ʃ a h a χ j u t
שהקריאה	ʃ a h a k ʁ i a
שוקם	ʃ o k e m
שותת	ʃ o t e t
שחצתה	ʃ a χ t͡s a t a
שיכריע	ʃ i k ʁ i a
שיקשה	ʃ i k ʃ a
שישק	ʃ i ʃ e k
שלאחריהם	ʃ a l a χ a ʁ j a m
שלישו	ʃ a l i ʃ u
שמחזק	ʃ i m χ a z e k
שמחי	ʃ i m χ i
שמחליף	ʃ i m χ a l i f
שמעסיק	ʃ i m a s i k
שמקל	ʃ i m k e l
שנפסקה	ʃ i n p a s k a
שסגן	ʃ a s ɡ a n
שקיווה	ʃ k i v a
שרודר	ʃ a ʁ u d e ʁ
ששמשו	ʃ i ʃ m e ʃ u
תודתנו	t o d t a n u
תחתיך	t a χ t i χ
תסקיר	t a s k i ʁ
תתקשה	t i t k a ʃ a
abu	a b u
brain	b r a i n
dick	d i k
feat	f e a t
half	h a l f
halo	h a l o
ins	i n s
nach	n a x
push	p u ʃ
tal	t a l
xi	ʃ i
אדוורדס	a d v a ʁ d e s
אדיס	a d i s
אדנאואר	a d n a u a ʁ
אומ	o m
אחל	a χ a l
אטיקה	a t i k a
אידאלי	i d a l i
אידיש	i d i ʃ
איזורית	i z u ʁ i t
אינדיקטורים	i n d i k t u ʁ i m
איסלאמית	i s l a m i t
אנית	a n i t
אפריים	a f ʁ a j i m
ארדה	a ʁ d a
ארכי	a ʁ χ i
בביצועי	b e v i t͡s u a j
בדון	b a d o n
בדיסני	b e d i s a n i
בהווי	b e h a v i
בוררים	b o ʁ a ʁ i m
בחגי	b a χ a ɡ i
בחידושי	b e χ i d u ʃ i
ביאכטה	b i a χ t a
ביבול	b i b u l
בירב	b i ʁ e v
בישא	b i ʃ e
ביתנים	b i t a n i m
בסוגייה	b e s u ɡ i j a
בעטיו	b a a t j u
בענייננו	b a a n j a n o
ברדק	b a ʁ d e k
ברכתה	b a ʁ a χ t a
ברמאות	b a ʁ m a u t
ברציחות	b a ʁ t͡s i χ u t
ברשע	b a ʁ ʃ a
גארדנר	ɡ a ʁ d a n a ʁ
גבירת	ɡ v i ʁ e t
גועש	ɡ o a ʃ
גנזים	ɡ a n z i m
גסי	ɡ a s i
דוי	d u j
דלקו	d a l a k o
דעל	d a a l
דרקונית	d a ʁ k o n i t
האכילו	h e e χ i l u
הבקורת	h i v k o ʁ e t
הדאו	h a d a u
הדביל	h i d b i l
הדהוד	h i d h u d
ההזיה	h e h a z j a
ההתדיינות	h e h i t d a j a n u t
הוסעו	h o s a u
הושכר	h o ʃ k a ʁ
הזהובים	h i z h o v i m
הזיופים	h i z j o f i m
החניכות	h e χ n i χ u t
הטחנות	h i t χ a n u t
הטראגית	h i t ʁ a ɡ i t
הטריקים	h i t ʁ i k i m
היבואן	h i b u a n
הינקות	h i n k u t
היצירתיים	h i t͡s i ʁ t a j i m
הכספות	h i χ s a f u t
המאגדת	h i m a ɡ e d e t
המאולתר	h i m o l t e ʁ
המארה	h i m a ʁ a
המדמים	h i m d e m i m
המטריצה	h i m t ʁ i t͡s a
המעשרות	h i m a ʃ a ʁ u t
המצאנו	h i m t͡s a n u
המריץ	h i m ʁ i t͡s
המרפקים	h i m ʁ a p e k i m
המתאמן	h i m t a m e n
המתגלים	h i m t a ɡ l i m
המתוקות	h i m t u k u t
הנפלטים	h i n p a l t i m
הנקסוס	h i n k s o s
הנקר	h i n k e ʁ
הנשאים	h i n ʃ a i m
הנשכח	h i n ʃ a χ a χ
הסיעו	h i s i u
הסליק	h i s l i k
הסעדה	h i s a d a
הספיד	h i s p i d
הספרנים	h i s p a ʁ a n i m
העמידים	e e m i d i m
הפטישים	h i f t i ʃ i m
הפליל	h i f l i l
הצופות	h i t͡s u f u t
הצרת	h i t͡s ʁ e t
הקאפו	h i k a f u
הקדשות	h i k d e ʃ u t
הקטאר	h i k t a ʁ
הקטנטונת	h i k t a n t o n t
הקשתים	h i k ʃ a t i m
הרביע	h i ʁ b i a
הרמאות	h i ʁ m a u t
הרקה	h a ʁ k a
השגרירה	h i ʃ ɡ ʁ i ʁ a
השפלים	h i ʃ p e l i m
הששית	h i ʃ ʃ i t
התאחד	h i t a χ e d
התאי	h i t a j
התמריצים	h i t m a ʁ i t͡s i m
התקומם	h i t k o m e m
התרוקנו	h i t ʁ o k a n u
ואהדה	v e a d a
והבטחתי	v e h i b t a χ t i
והעירייה	v e e ʁ i j a
והעשרה	v e e ʃ a ʁ a
והצלחנו	v e h i t͡s l a χ a n u
והצעירה	v e h i t͡s i ʁ a
וחדירה	v a χ d i ʁ a
וחסידים	v a χ s i d i m
וידידותי	v i d i d u t i
וידל	v i d e l
ויזמות	v i z m u t
ויחיאל	v i χ i e l
ויצורים	v i t͡s u ʁ i m
וכיבוי	v e χ i b u j
וכימיה	v e χ i m j a
ולים	v a l i m
ולנטוש	v a l a n t u ʃ
ומפיל	v i m p i l
ומפיצים	v i m p i t͡s i m
ומפתחים	v i m p t a χ i m
ומצהיר	v i m t͡s h i ʁ
ומקומם	v i m k o m e m
ומשחררים	v i m ʃ a χ ʁ a ʁ i m
וסירות	v e s i ʁ u t
ופורים	v e f o ʁ i m
וקיבוצים	v e k i b u t͡s i m
וקיצור	v e k i t͡s o ʁ
וקרית	v a k ʁ i t
ורבבות	v a ʁ b a v u t
ושברים	v i ʃ b a ʁ i m
ושימושים	v e ʃ i m u ʃ i m
ושפתיים	v i ʃ p a t a j i m
ושריפת	v i ʃ ʁ i f e t
זאביק	z e e v i k
זאיד	z a i d
זהרי	z a h a ʁ i
זיזים	z i z i m
חבלנית	χ a v l a n i t
חובתך	χ o v t e χ
חיבורה	χ i b u ʁ a
חכות	χ a χ u t
חמדי	χ a m a d i
חמסין	χ a m s i n
חשפנית	χ a ʃ p a n i t
טורקיים	t o ʁ k a j i m
טיטאניק	t i t a n i k
טיפסתי	t i p s a t i
טרבולטה	t a ʁ b u l t a
ידריך	j a d ʁ i χ
יודגש	j o d e ɡ e ʃ
יורחב	j o ʁ χ a v
ינקי	j a n k i
ירמוז	j a ʁ m u z
יתחדש	j i t χ a d e ʃ
יתחלק	j i t χ a l e k
כבישה	k a v i ʃ a
כגברים	k a ɡ v a ʁ i m
כיבדה	k i v d a
כיתרון	k i t ʁ o n
כנועה	k n u a
כשפניו	k a ʃ p a n j u
להינתק	l e h i n t e k
להיקרע	l e h i k ʁ a
להשלות	l e h i ʃ l u t
להשתרע	l e h i ʃ t a ʁ a
להתיישר	l e h i t j a ʃ e ʁ
להתפוצצות	l e h i t p o t͡s a t͡s u t
לוגם	l o ɡ e m
לחתונות	l a χ t o n u t
לחתנו	l a χ t a n u
לטרמפ	l i t ʁ a m e f
ליטני	l i t a n i
לימיו	l i m j u
ליריות	l i ʁ j u t
לכלבי	l i χ l a v i
לנהריה	l i n h a ʁ j a
לעס	l a a s
לקוף	l a k u f
לקחתה	l i k χ a t a
לשלישית	l i ʃ l i ʃ i t
לתקנם	l i t k a n e m
מאוננים	m e o n a n i m
מבל	m a v a l
מגרסה	m a ɡ ʁ a s a
מדומות	m a d u m u t
מדיד	m a d i d
מדליקין	m a d l i k i n
מהודקת	m e h u d e k e t
מהרבי	m a a ʁ b i
מהתקפות	m e h i t k a f u t
מוונציה	m a v n a t͡s j a
מופגן	m o f ɡ a n
מורחק	m o ʁ χ a k
מורשעים	m o ʁ ʃ a i m
מחשבתם	m a χ ʃ a v t e m
מיודע	m i j u d a
מיפה	m i f a
מיקרוסקופית	m i k ʁ o s k o f i t
מלהכיל	m a l a χ i l
מנון	m a n o n
מנמנם	m i n m a n a m
מרש	m a ʁ a ʃ
משחזרים	m i ʃ χ a z a ʁ i m
משכירים	m i ʃ k i ʁ i m
מתבטאות	m i t b a t a u t
מתגשמת	m i t ɡ a ʃ e m e t
מתקשות	m i t k a ʃ u t
נדפקה	n i d p a k a
נוטע	n o t a
נוטפת	n o t e f e t
נוס	n o s
נשמטה	n i ʃ m a t a
נתחלף	n i t χ a l e f
סדנא	s a d a n a
סובה	s o v a
סורבה	s o ʁ b a
סוריות	s o ʁ j u t
סחטנות	s a χ t a n u t
סנד	s a n a d
סנטורים	s a n t u ʁ i m
עבותים	a v u t i m
עבי	a v i
עוגמת	o ɡ e m e t
עטוי	a t u j
עטייה	a t i j a
עיוותי	i v a t i
עירה	i ʁ a
עלת	a l a t
עמלי	a m l i
עקבנו	a k b a n u
עקה	a k a
פאז	p a a z
פדן	p a d a n
פולים	p o l i m
פולינה	p o l i n a
פוליסה	p o l i s a
פולסקי	p o l s a k i
פונדקאי	p o n d k a j
פטירתם	p t i ʁ t e m
פיזיולוגיות	p i z j o l o ɡ j u t
פינויים	p i n u j i m
פיניש	p i n i ʃ
פלאנק	p a l a n a k
פלזה	p a l a z a
פרזות	p a ʁ z u t
פריקות	p ʁ i k u t
פרעתי	p a ʁ a t i
פררה	p a ʁ a ʁ a
פתורים	p a t u ʁ i m
ציטטתי	t͡s i t a t i
צילמנו	t͡s i l m a n u
צלוחית	t͡s a l u χ i t
קאב	k a a v
קווינסלנד	k v i n s l a n d
קומפני	k o m p a n i
קונטיננטל	k o n t i n a n t e l
קיסרות	k i s ʁ u t
קליפר	k l i p e ʁ
קמאי	k a m a j
קמדן	k a m d a n
ריגשי	ʁ i ɡ ʃ i
ריכוזם	ʁ i χ u z e m
רעמת	ʁ a a m e t
רפד	ʁ a f a d
שאילץ	ʃ e i l e t͡s
שאלימות	ʃ e e l i m u t
שבאב	ʃ a v a v
שבפני	ʃ a v p a n i
שדרושה	ʃ a d ʁ u ʃ a
שהידיעה	ʃ e h i d i a
שהתבקש	ʃ e h i t b e k e ʃ
שחנתה	ʃ a χ n a t a
שחס	ʃ a χ a s
שימה	ʃ i m a
שכינס	ʃ χ i n e s
שכינתה	ʃ χ i n t a
שליפת	ʃ l i f e t
שמסיבה	ʃ i m s i v a
שמסע	ʃ i m s a
שמקורות	ʃ i m k o ʁ u t
שמקרה	ʃ i m k a ʁ a
שמרוויח	ʃ i m ʁ a v i a χ
שמשיג	ʃ i m ʃ i ɡ
שנזרקו	ʃ i n z a ʁ k o
שנל	ʃ a n a l
שרבינו	ʃ a ʁ b i n u
שרובי	ʃ a ʁ u v i
ששרפו	ʃ i ʃ ʁ a f u
שתבחן	ʃ i t b a χ a n
תבשילין	t a v ʃ i l i n
תחבורת	t a χ b u ʁ e t
תכתיב	t a χ t i v
תלולות	t a l u l u t
תליא	t a l j a
תליתי	t a l i t i
תמיהות	t a m i h u t
תסע	t a s a
תקציבה	t a k t͡s i v a
תקרוס	t a k ʁ o s
תרומתן	t ʁ u m t a n
תריץ	t ʁ i t͡s
תשבחות	t i ʃ b a χ u t
aka	a k a
gone	ɡ o n e
joy	d͡ʒ o j
kill	k i l
lan	l a n
levi	l e v i
levy	l e v i
luck	l u k
mass	m a s
sale	s a l e
shot	ʃ o t
sites	s i t e s
window	w i n d o w
אבטליון	a v t a l j o n
אדירי	a d i ʁ i
אידר	i d e ʁ
איזיס	i z i s
אימאם	i m a m
אינטראקטיביות	i n t ʁ a k t i v j u t
איקונין	i k o n i n
אכניס	a χ n i s
אלגזי	a l ɡ a z i
אליפטי	a l i p t i
אמאן	a m a n
אמרין	a m ʁ i n
אנטמן	a n t a m a n
אפריקאיות	a f ʁ i k a j u t
אצן	a t͡s a n
אקזיט	a k z i t
באפשרותה	b e a f ʃ a ʁ u t a
בהוט	b e h u t
בהיצע	b e h i t͡s a
בהעתקת	b e e t e k e t
בודן	b o d e n
בוויסות	b a v i s u t
בונפרטה	b o n p a ʁ t a
בורמן	b o ʁ m a n
בחסותה	b a χ s u t a
בחרן	b a χ ʁ a n
בירגר	b i ʁ ɡ e ʁ
בירדוגו	b i ʁ d u ɡ o
בלוגיקה	b l u ɡ i k a
בליני	b a l i n i
במיסוי	b e m i s u j
בנותיהן	b e n u t j a n
בנתיבים	b e n t i v i m
בעיכול	b e i χ u l
ברואנדה	b ʁ o a n d a
בריחים	b ʁ i χ i m
ברכיב	b a ʁ k i v
בתאגידים	b i t a ɡ i d i m
גונח	ɡ o n a χ
גיבונס	ɡ i b o n e s
גרוטסקי	ɡ ʁ u t s k i
גרוניס	ɡ ʁ o n i s
גרישה	ɡ ʁ i ʃ a
דאיתא	d a i t a
דארעא	d a ʁ a
דואני	d o a n i
דילוגים	d i l u ɡ i m
דיסקוס	d i s k o s
דליי	d a l a j
דסי	d a s i
דרקוני	d a ʁ k o n i
האידיאות	h e i d i u t
האימתני	h e i m t a n i
האישון	h e i ʃ o n
האריסטוקרטיה	h e ʁ i s t o k ʁ a t j a
הבזויה	h i v z u j a
הבסת	h i v s e t
הבריאותיות	h i b ʁ i u t j u t
הגבירות	h i ɡ b i ʁ u t
הגיה	h i ɡ j a
הדביקות	h i d b i k u t
הדוקות	h i d u k u t
ההתפלה	h e h i t p e l a
הוך	h o χ
החשיפות	h e χ ʃ i f u t
היומין	h i j u m i n
הירכתיים	h i ʁ k a t a j i m
הלבבית	h i l b e v i t
הלחים	h i l χ i m
הלצה	h i l t͡s a
המביש	h i m b i ʃ
המהמר	h i m a m e ʁ
המזהירה	h i m z a h i ʁ a
המזיקות	h i m z i k u t
המחזק	h i m χ a z e k
המיים	h i m j a m
המסובכים	h i m s o v e χ i m
המצדיקה	h i m t͡s d i k a
המריצה	h i m ʁ i t͡s a
הנביטה	h i n b i t a
הנפל	h i n p e l
הסיגרים	h i s i ɡ ʁ i m
הסיפורי	h i s i p o ʁ i
הספרון	h i s p a ʁ o n
הסקטורים	h i s k t o ʁ i m
העקיצה	e e k i t͡s a
הצדפות	h i t͡s d e f u t
הצלבים	h i t͡s l a v i m
הצלי	h i t͡s l i
הצמות	h i t͡s m u t
הצמידה	h i t͡s m i d a
הצמיח	h i t͡s m i a χ
הצרוף	h i t͡s ʁ u f
הקידומת	h i k i d u m e t
הראם	h a ʁ a m
הרצופות	h i ʁ t͡s o f u t
השזורים	h i ʃ z o ʁ i m
השימושית	h i ʃ i m u ʃ i t
השיעמום	h i ʃ i a m u m
התאורטי	h i t o ʁ t i
התארכות	h i t a ʁ χ u t
התבלטה	h i t b a l t a
התבליט	h i t b a l i t
התוקפת	h i t u k e f e t
התמליל	h i t m a l i l
התנע	h i t n a
התערבותם	h i t a ʁ b u t e m
התרחשותה	h i t ʁ a χ ʃ u t a
ודואר	v a d u a ʁ
והבטחות	v e h i b t a χ u t
והולכי	v e h o l e χ i
והורתה	v e h o ʁ t a
והטיף	v e h a t i f
והעליון	v e e l j o n
וויבר	v i b e ʁ
ויז	v i z
ויישאר	v i ʃ a ʁ
ויתקון	v i t k o n
וכינון	v e χ i n o n
ומורידים	v e m u ʁ i d i m
ומחלקה	v i m χ a l a k a
ומעיינות	v i m a j a n u t
ומעשיהם	v i m a ʃ j a m
ומפריעים	v i m p ʁ i i m
ומרצ	v i m ʁ e t͡s
ומשחקת	v i m ʃ a χ e k e t
ומשכיל	v i m ʃ k i l
ונושמת	v e n o ʃ e m e t
ונעו	v a n a u
ועזריה	v a a z a ʁ j a
ורדיגר	v a ʁ d i ɡ e ʁ
ושטרות	v i ʃ t a ʁ u t
זיכרונותיה	z i k ʁ o n u t j a
זיסר	z i s e ʁ
חבירה	χ a v i ʁ a
חוויאר	χ a v i a ʁ
חומקת	χ o m e k e t
חוקתיים	χ o k t a j i m
חזאל	χ a z a e l
חפשית	χ a f ʃ i t
חקיקתו	χ a k i k t o
חר	χ a ʁ
חשדנית	χ a ʃ d a n i t
טבא	t a v a
טוקו	t o k o
טרוריסטי	t ʁ o ʁ i s t i
טרילוגיה	t ʁ i l u ɡ j a
יוגשו	j o ɡ ʃ u
ייכלל	j i χ l e l
ייעור	j i u ʁ
ירביץ	j a ʁ b i t͡s
יתעלם	j i t a l e m
יתעקש	j i t a k e ʃ
כזוכה	k a z u χ a
כילה	k i l a
כמר	k a m a ʁ
כקדוש	k a k d u ʃ
כרועה	k ʁ u a
כשבין	k a ʃ b i n
כשהופיע	k a ʃ h o f i a
כשמן	k a ʃ m a n
לאפייה	l e e f i j a
לדלי	l a d l i
להבחן	l e h a v χ a n
להודעת	l e h u d a a t
להחייאת	l e h a j a t
להיסטריה	l e h i s t a ʁ j a
להלין	l a h a l i n
להקציב	l e h a k t͡s i v
להתבשם	l e h i t b e ʃ e m
להתלות	l e h i t l u t
להתעמל	l e h i t a m e l
להתערער	l e h i t a ʁ a ʁ
לזמרים	l i z m a ʁ i m
לטרמינל	l i t ʁ a m i n e l
ליוחנן	l i j u χ n a n
ליורשים	l i j u ʁ ʃ i m
ליפטון	l i p t o n
לכספת	l i χ s e f e t
לכפרי	l i χ p a ʁ i
למרחץ	l i m ʁ a χ e t͡s
לסה	l a s a
לציווי	l i t͡s i v i
לרגיעה	l a ʁ ɡ i a
מגפן	m a ɡ f a n
מהדין	m a h a d i n
מוהלים	m o h e l i m
מוילנה	m o j l a n a
מופרדת	m o f ʁ e d e t
מזריק	m i z ʁ i k
מחלבה	m a χ l a v a
מילדיה	m i l a d j a
מילוני	m i l o n i
מימושו	m i m u ʃ u
מיניאטורות	m i n j a t u ʁ u t
מיניאטורי	m i n j a t u ʁ i
מינימליות	m i n i m a l j u t
מכיסאו	m e χ i s a u
מכניסות	m a χ n i s u t
מלאכית	m a l a χ i t
מלגלות	m a l ɡ a l u t
מלהיבים	m a l h i v i m
ממרי	m a m ʁ i
מסג	m a s a ɡ
מעינות	m e i n u t
מעמי	m a a m i
מרביצה	m a ʁ b i t͡s a
מרקיז	m a ʁ k i z
משוחררי	m e ʃ u χ ʁ a ʁ i
משמיץ	m i ʃ m i t͡s
מתאבנים	m i t a b a n i m
מתגרים	m i t ɡ a ʁ i m
מתלמיד	m i t l a m i d
נזיקית	n i z i k i t
נטשתי	n i t ʃ a t i
ניגוב	n i ɡ u v
ניגוח	n i ɡ u a χ
ניש	n i ʃ
נמלך	n i m l a χ
נמרה	n i m ʁ a
נסבול	n i s b u l
נסחט	n i s χ a t
נקברים	n i k b a ʁ i m
סוהו	s o h u
סופ	s o f
סימפטי	s i m p a t i
סירקיס	s i ʁ k i s
סמסונוב	s a m s o n o v
סמסטרים	s a m a s t a ʁ i m
סמפסון	s a m p a s o n
סרדיניה	s a ʁ d i n j a
עטי	a t i
עיבודו	i b u d u
עילגת	i l e ɡ e t
עליונותה	a l j o n u t a
עמיעד	a m i a d
עמרני	a m ʁ a n i
עצמאותן	a t͡s m a u t a n
ףא	p a
פגישותיו	p ɡ i ʃ u t j u
פוזן	p o z a n
פולטי	p o l t i
פחדנית	p a χ d a n i t
פיקוס	p i k o s
פרקין	p a ʁ k i n
פרר	p a ʁ a ʁ
פתיה	p a t j a
צולעת	t͡s o l a a t
צורבים	t͡s o ʁ b i m
ציטטות	t͡s i t a t u t
ציציות	t͡s i t͡s j u t
ציתות	t͡s i t u t
צלבני	t͡s a l b a n i
קובלט	k o v l a t
קנדים	k a n d i m
קצ	k a t͡s
קריאתם	k ʁ i a t e m
קרלוטה	k a ʁ l u t a
קתוליות	k a t u l j u t
רגשני	ʁ a ɡ ʃ a n i
רוויי	ʁ a v a j
רטורי	ʁ a t u ʁ i
ריבקין	ʁ i b k i n
ריפר	ʁ i p e ʁ
רנא	ʁ a n a
רפתות	ʁ a f t u t
שאזל	ʃ e a z e l
שארבעת	ʃ e a ʁ b a a t
שבגינו	ʃ a v ɡ i n u
שבדיקת	ʃ a v d i k e t
שבניה	ʃ a v a n j a
שהמסורת	ʃ e h i m s o ʁ e t
שהרגישה	ʃ a a ʁ ɡ i ʃ a
שהתבצעה	ʃ e h i t b a t͡s a a
שהתגשם	ʃ e h i t ɡ e ʃ e m
שוקדת	ʃ o k e d e t
שחווית	ʃ a χ v i t
שחיכתה	ʃ χ i χ t a
שלגייה	ʃ a l ɡ i j a
שמחמת	ʃ i m χ e m e t
שמסתיר	ʃ i m s t i ʁ
שנבראו	ʃ i n b ʁ a u
שנוטל	ʃ n u t e l
שניזוקו	ʃ n i z o k o
שנפסקו	ʃ i n p a s k o
שקופית	ʃ k o f i t
ששיקר	ʃ ʃ i k e ʁ
שתדלנות	ʃ i t d a l a n u t
תבצעו	t a v t͡s a u
תותב	t o t e v
תזרוק	t i z ʁ u k
תזרע	t i z ʁ a
תחא	t a χ a
תיאולוגיה	t i u l o ɡ j a
תלתא	t a l t a
תנתן	t a n t a n
תשתפר	t i ʃ t a p e ʁ
תתבע	t i t b a
fa	f a
inside	i n s i d e
miss	m i s
pack	p a k
parts	p a r t s
wait	w a i t
אבון	a v o n
אבוקה	a v u k a
אבקנים	a v k a n i m
אגאתה	a ɡ a t a
אגרו	a ɡ ʁ u
אודים	o d i m
אווניו	a v a n j u
אוקטביוס	o k t a v j o s
אורטיז	o ʁ t i z
אורנוס	o ʁ n o s
אזלת	a z a l a t
אטעה	a t a
איחודה	i χ u d a
איטון	i t o n
איף	e f
אכזרים	a χ z a ʁ i m
אלאניס	a l a n i s
אלווירה	a l v i ʁ a
אלמר	a l m a ʁ
אלקיכם	a l k i χ e m
אנין	a n i n
אסבול	a s b u l
אסטריקס	a s t ʁ i k s
אפויים	a f u j i m
אפלטונית	a f l a t o n i t
ארוטיקה	a ʁ u t i k a
אריסים	a ʁ i s i m
ארמגדון	a ʁ m a ɡ d o n
אשכנזיים	a ʃ χ a n z a j i m
באחרונים	b e a χ ʁ o n i m
באלגוריתם	b e e l ɡ o ʁ i t e m
בביקורי	b e v i k o ʁ i
בהדי	b e h a d i
בהיסוס	b e h i s o s
בהעלמת	b e e l e m e t
בהתקיים	b e h i t k a j i m
בחילול	b e χ i l u l
בחל	b a χ a l
בחרדת	b a χ ʁ e d e t
ביומנה	b i j u m a n a
ביוסף	b i j u s e f
בישובי	b i ʃ u v i
בלאד	b a l a d
במיסיסיפי	b e m i s i s i f i
במיצר	b e m i t͡s e ʁ
במיקרופון	b e m i k ʁ o f o n
בנדיקטוס	b e n d i k t o s
בנעליו	b e n a a l j u
בענייניהם	b a a n j a n j a m
ברזומה	b a ʁ z u m a
ברזנט	b a ʁ z a n t
בריאנה	b ʁ i a n a
ברכיהם	b a ʁ a χ j a m
בשיוויון	b e ʃ i v j o n
בשלוה	b i ʃ l u a
בתמיהה	b i t m i h a
גונחת	ɡ o n a χ a t
גלגוליה	ɡ a l ɡ u l j a
גליסון	ɡ l i s o n
גניחות	ɡ n i χ u t
גער	ɡ a a ʁ
גתות	ɡ a t u t
דוניה	d o n j a
דורא	d o ʁ a
דידקטית	d i d e k t i t
דיזי	d i z i
דיכאוני	d i χ a o n i
דיקינסון	d i k i n s o n
דמשיחא	d i m ʃ i χ a
דקורטיבי	d k o ʁ t i v i
דרכתי	d a ʁ a χ t i
האגירה	h e e ɡ i ʁ a
האינרציה	h e i n ʁ a t͡s j a
הבלוף	h i v l u f
הבנקאיים	h i b n e k a j i m
הבערת	h i v a ʁ e t
הגידו	h i ɡ i d u
הגרגירים	h i ɡ ʁ e ɡ i ʁ i m
הגרניט	h i ɡ ʁ a n i t
הגשומה	h i ɡ ʃ u m a
הדפסתי	h i d p e s t i
ההדרה	h e h a d a ʁ a
ההשוואות	h e h i ʃ v a u t
הובנו	h o v a n u
הווינאי	h a v i n a j
הונפקו	h o n p a k o
הושיטה	h o ʃ i t a
הטמאה	h i t m a
הידנית	h i d a n i t
היסוסים	h i s u s i m
הירץ	h i ʁ e t͡s
הכותר	h i χ u t e ʁ
המאוס	h i m o s
המזויינים	h i m z u j a n i m
המחולות	h i m χ u l u t
המחזרים	h i m χ a z a ʁ i m
המחיש	h i m χ i ʃ
הממחיש	h i m m a χ i ʃ
המפריע	h i m p ʁ i a
המקדמות	h i m k a d e m u t
המתחלפות	h i m t a χ l e f u t
הנא	h a n a
הנבטית	h i n b a t i t
הסותר	h i s u t e ʁ
הסטטיסטיקות	h i s t a t i s t i k u t
הסמנים	h i s m a n i m
העגלון	e e ɡ l o n
העיתים	h e i t i m
העכורים	e e χ o ʁ i m
הפגומים	h i f ɡ o m i m
הפינית	h i f i n i t
הפצירה	h i f t͡s i ʁ a
הצוהר	h i t͡s v a ʁ
הצטרפנו	h i t͡s t a ʁ p a n u
הצפי	h i t͡s p i
הקומץ	h i k u m e t͡s
הקושיא	h i k u ʃ i
הרעילים	h i ʁ i l i m
השדרים	h i ʃ d a ʁ i m
השחפים	h i ʃ χ a f i m
השכורה	h i ʃ k o ʁ a
השכירה	h i ʃ k i ʁ a
השמאי	h i ʃ m a j
ובידיו	v e v i d j u
והאימה	v e h i m a
והושם	v e h o ʃ e m
והידועים	v e h i d u i m
והינה	v e h i n a
והסתלק	v e h i s t a l e k
והשמים	v e h i ʃ m i m
והשקפות	v e h i ʃ k a f u t
וורדן	v a ʁ d a n
וחליל	v a χ l i l
וחסידי	v a χ s i d i
ויבינו	v i b i n u
וידאג	v i d a ɡ
וילקוקס	v i l k o k s
ויקינג	v i k i ŋ ɡ
ומזמן	v i m z a m e n
ומכריח	v i m k ʁ i a χ
ונוגה	v e n u ɡ a
ונורית	v e n o ʁ i t
ועקבי	v e a k a v i
ורדף	v a ʁ d e f
ורציף	v a ʁ t͡s i f
ושואפים	v e ʃ u a f i m
זדה	z a d a
זיה	z i j a
זיך	z e χ
זים	z i m
זכ	z a χ
חבשוש	χ a v ʃ u ʃ
חיטוט	χ i t u t
חלאס	χ a l a s
חלקלקה	χ a l a k l a k a
חסרונם	χ a s ʁ o n a m
חקי	χ a k i
חרוטה	χ a ʁ u t a
חריקה	χ a ʁ i k a
חשיפתם	χ a ʃ i f t e m
טוסו	t o s o
טופול	t o f u l
טורא	t o ʁ a
טיה	t i j a
טרדות	t a ʁ d u t
טרופות	t ʁ o f u t
יגרם	j a ɡ ʁ a m
יונדב	j o n d e v
יושי	j o ʃ i
יחטוף	j a χ t u f
יעצבן	j a a t͡s b a n
יצק	j a t͡s a k
יקדיש	j a k d i ʃ
כגבול	k a ɡ v u l
כהר	k a h a ʁ
כונני	k o n a n i
כורם	k o ʁ e m
כחסיד	k a χ s i d
כישוריה	k i ʃ u ʁ j a
כלבם	k a l b a m
כמצע	k a m t͡s a
כצל	k a t͡s a l
כשראש	k a ʃ ʁ a ʃ
לבדיחות	l i v d i χ u t
לבהירות	l i v h i ʁ u t
לבצרה	l i v t͡s a ʁ a
לגדרה	l i ɡ d a ʁ a
לגדרות	l i ɡ d a ʁ u t
לגמד	l i ɡ m e d
לדחותה	l i d χ u t a
להיחלש	l e h i χ l e ʃ
להשתהות	l e h i ʃ t a h u t
להתחמש	l e h i t χ a m e ʃ
לובו	l o v o
לוויקיפדיה	l a v i k i p e d j a
לוחשים	l o χ ʃ i m
לועגת	l o a ɡ e t
לזוועות	l i z v a u t
לזכרונות	l i z k a ʁ o n u t
לזקק	l i z k e k
לחלקיקים	l a χ l a k i k i m
לחצנו	l a χ t͡s a n u
לחרן	l a χ ʁ a n
לטעינה	l i t i n a
ליזר	l i z e ʁ
ליפסטיק	l i p s t i k
לכוונות	l i χ v a n u t
ללחן	l a l χ a n
לערוצים	l e a ʁ u t͡s i m
לצעירה	l i t͡s i ʁ a
לקערה	l i k a ʁ a
לשחקים	l i ʃ χ a k i m
לשטוח	l i ʃ t u a χ
לתאוריה	l i t o ʁ j a
לתגלית	l i t ɡ a l i t
לתנין	l i t n i n
םהל	m a h a l
מההגנה	m e h a ɡ a n a
מההצעה	m e h a t͡s a a
מהחטיבה	m e a χ t i v a
מהנהן	m a a n a n
מוחלשות	m o χ l a ʃ u t
מוטולה	m o t u l a
מונקאטש	m o n k a t e ʃ
מחסר	m a χ s a ʁ
מילדותה	m i l d u t a
מיצינו	m i t͡s i n u
מיקלה	m i k l a
מכיבוש	m e χ i b u ʃ
מלווי	m a l v i
מלעיל	m a l i l
מלקוח	m a l k u a χ
ממזרות	m a m z a ʁ u t
ממטוסי	m a m t u s i
ממטרה	m a m t a ʁ a
ממסילת	m a m s i l e t
ממרים	m a m ʁ i m
מנשות	m a n ʃ u t
מסיימות	m a s j a m u t
מרכזיותה	m a ʁ k a z j u t a
משגיחה	m i ʃ ɡ i χ a
משהיו	m i ʃ h a j u
משקיעי	m i ʃ k i a j
מתפנים	m i t p a n i m
נבאדה	n i v a d a
נהה	n a h a
נחשולים	n a χ ʃ u l i m
נטפלים	n i t p a l i m
ניט	n i t
נכנסתם	n i χ n e s t e m
נמרי	n i m ʁ i
נסללו	n i s l a l u
סגדו	s a ɡ d u
סדרנים	s a d ʁ a n i m
סוביניון	s o v i n j o n
סולידי	s u l i d i
סחטה	s a χ t a
סטואי	s t u i
סימפונית	s i m p o n i t
סירחון	s i ʁ χ o n
סקיפר	s k i p e ʁ
עברך	a v ʁ a χ
עודפות	o d e f u t
עירב	i ʁ e v
עירנית	i ʁ a n i t
עיתונו	i t o n u
עמהן	a m a n
עפרי	a f ʁ i
ערלות	a ʁ l u t
פבר	p a v a ʁ
פוסעת	p o s a a t
פורשי	p o ʁ ʃ i
פילגשים	p i l ɡ e ʃ i m
פיתום	p i t u m
פנימיה	p n i m j a
פרצנו	p a ʁ t͡s a n u
צאנו	t͡s a a n u
צייס	t͡s a j a s
קדמות	k a d a m u t
קהאן	k a h a n
קולוניזציה	k o l o n i z a t͡s j a
קומונות	k o m o n u t
קונוויי	k o n v a j
קטיעה	k t i a
קטרה	k a t a ʁ a
קיאו	k i u
קיב	k i v
קייטנות	k a j a t a n u t
קילוואט	k i l v a t
קפסולת	k a f s u l a t
קרשי	k a ʁ ʃ i
ראביט	ʁ e e v i t
ראשל	ʁ e ʃ e l
רבית	ʁ a v i t
רגר	ʁ a ɡ a ʁ
רוחבית	ʁ o χ a v i t
ריבוד	ʁ i b u d
ריקנים	ʁ i k a n i m
רעלה	ʁ a a l a
רקובות	ʁ a k o v u t
שבמוח	ʃ a v m u a χ
שבעין	ʃ a v i n
שבפניו	ʃ a v p a n j u
שבקנדה	ʃ a v k a n d a
שגרות	ʃ a ɡ ʁ u t
שהאח	ʃ a h a a χ
שהבטן	ʃ a h a v t a n
שהבמאי	ʃ a h a v m a j
שהמזון	ʃ a h a m z o n
שופמן	ʃ o f m a n
שיערוך	ʃ i a ʁ u χ
שישלוט	ʃ i ʃ l u t
שישנים	ʃ i ʃ a n i m
שיתקנו	ʃ i t k a n u
שמוצאת	ʃ m u t͡s a t
שמעוררים	ʃ i m o ʁ a ʁ i m
שניהלתי	ʃ n i h e l t i
שניזוק	ʃ n i z o k
שניתק	ʃ n i t e k
שנקנתה	ʃ i n k e n t a
שנשאלה	ʃ i n ʃ a l a
ששוגר	ʃ e ʃ u ɡ e ʁ
שתוקן	ʃ a t u k a n
תב	t a v
תסדרי	t a s d a ʁ i
תפחית	t a f χ i t
תצהירים	t a t͡s h i ʁ i m
תציעי	t a t͡s i a j
bill	b i l
diamond	d i a m o n d
dt	d e t e
espn	e s p e n
india	i n d i a
ix	i k s
md	m e d
motor	m o t o r
someone	s o m e o n e
wiki	w i k i
zion	z i o n
אדווה	a d v a
אוגי	o ɡ i
אחינועם	a χ i n u a m
אלבין	a l b i n
אלזס	a l z a s
אמאל	a m a l
אנוח	a n u a χ
אנטוליה	a n t u l j a
אנמי	a n a m i
אנציקלופדיות	a n t͡s i k l o p e d j u t
אסטלה	a s t a l a
אפואל	a f u e l
אקסטזה	a k s t a z a
ארמוני	a ʁ m o n i
אשבר	a ʃ b a ʁ
באיזורי	b e i z u ʁ i
בגלאי	b a ɡ l a j
בהבלטה	b e h a v l a t a
בהמת	b e h e m e t
בהתחלות	b e h i t χ a l u t
בחגיגיות	b a χ ɡ i ɡ j u t
בחטיפת	b a χ t i f e t
בחכירה	b a χ k i ʁ a
בטיחותית	b e t i χ u t i t
בירוקרטית	b i ʁ u k a ʁ t i t
בלוחמים	b l u χ m i m
בלימודיהם	b l i m u d j a m
בלשונה	b a l ʃ o n a
בנרטיב	b e n e ʁ t i v
בסלעי	b a s l a i
בעישון	b e i ʃ o n
בפונקציות	b e f o n k a t͡s j u t
בפיצול	b e f i t͡s u l
בצילה	b e t͡s i l a
ברודווי	b ʁ o d v i
בשברי	b i ʃ b a ʁ i
בשברים	b i ʃ b a ʁ i m
בשמנים	b i ʃ m a n i m
גולשות	ɡ o l ʃ u t
גום	ɡ o m
גוסטאב	ɡ o s t a v
גילח	ɡ i l a χ
גריסון	ɡ ʁ i s o n
דברן	d a v ʁ a n
דודינה	d o d i n a
דולאר	d o l a ʁ
דוקרן	d o k ʁ a n
דושאן	d o ʃ a n
דידס	d i d e s
דילר	d i l e ʁ
דכי	d e χ i
דליכא	d l i χ a
דראושה	d a ʁ o ʃ a
דשנה	d i ʃ n a
האדומי	h e e d u m i
האוויריות	h e e v i ʁ j u t
האופטימי	h e o f t i m i
האיכותיים	h e i χ u t a j i m
האינטראקציות	h e i n t ʁ a k t͡s j u t
האלמונית	h e e l m o n i t
האפיה	h e e f j a
הארכיאולוגים	h e a ʁ k i u l o ɡ i m
הבלוגים	h i v l u ɡ i m
הבלות	h i v l u t
הגחון	h i ɡ χ o n
הגתה	h i ɡ t a
הובלנו	h o v l a n u
הומל	h o m e l
הורטי	h o ʁ t i
הזינו	h i z i n u
הזיקוקים	h i z i k o k i m
הטיבטית	h i t i b t i t
הטיטאניק	h i t i t a n i k
היסט	h i s t
היציג	h i t͡s i ɡ
היצרני	h i t͡s ʁ a n i
המהלומה	h i m a l u m a
המחבט	h i m χ a v e t
המחבלת	h i m χ a v e l e t
המכנית	h i m k a n i t
המסתוריות	h i m s t o ʁ j u t
המפגין	h i m p a ɡ i n
הנהן	h i n a n
הניסיוני	h i n i s j o n i
הנמכת	h i n m e χ e t
הנראטיב	h i n ʁ a t i v
הסביבות	h i s b i v u t
הסביל	h i s b i l
הסטירה	h i s t i ʁ a
הסירופ	h i s i ʁ u f
הסתמן	h i s t a m e n
העירוי	h e i ʁ u j
הפיתויים	h i f i t u j i m
הפצרות	h i f t͡s a ʁ u t
הצברים	h i t͡s b a ʁ i m
הצומות	h i t͡s u m u t
הקולטנים	h i k o l t a n i m
הקליל	h i k l i l
הקמעונאי	h i k m o n a j
הקרינו	h i k ʁ i n u
הרחה	h a ʁ χ a
הריו	h a ʁ j u
השטחית	h i ʃ t a χ i t
השילוני	h i ʃ i l o n i
השכיבה	h i ʃ k i v a
השלמתה	h i ʃ l e m t a
השמטות	h i ʃ m a t u t
השעשוע	h i ʃ a ʃ u a
השקרי	h i ʃ k a ʁ i
השראתה	h i ʃ ʁ a t a
השרוכים	h i ʃ ʁ u χ i m
התדהמה	h i t d a h e m a
התועלות	h i t u a l u t
התעוררי	h i t o ʁ a ʁ i
התקינים	h i t k i n i m
ואירוח	v e i ʁ u a χ
ואשכנזים	v a ʃ χ a n z i m
ודים	v a d i m
והבדיקה	v e h a v d i k a
והודעה	v e h o d a a
והורי	v e h o ʁ i
והעין	v e h i n
והצפיפות	v e h i t͡s p i f u t
ווינטר	v i n t e ʁ
וונקה	v a n a k a
וזקנה	v i z k a n a
וזקני	v i z k a n i
וזרות	v i z ʁ u t
וחסרים	v a χ s a ʁ i m
וידיה	v i d j a
ויועצת	v i j u a t͡s e t
וייב	v a j a v
ויעילים	v i i l i m
וישעיהו	v i ʃ a j a h u
ולחטוף	v a l a χ t u f
ומזעזע	v i m z a z a
ומענקים	v i m a n k i m
ומקרא	v i m k a ʁ a
ומרצים	v i m ʁ a t͡s i m
ומתוח	v i m t u a χ
ומתמקדת	v i m t a m k e d e t
וניקי	v e n i k i
וסוכנים	v e s u χ a n i m
ורכילות	v a ʁ k i l u t
ורצינית	v a ʁ t͡s i n i t
ושכנותיה	v i ʃ χ a n u t j a
ושרית	v i ʃ ʁ i t
ותארים	v i t a ʁ i m
זהותן	z a h u t a n
זועמות	z o a m u t
זיקות	z i k u t
זמזם	z i m z e m
חבלן	χ a v l a n
חדק	χ a d a k
חוויתם	χ a v i t e m
חוצת	χ o t͡s e t
חורבותיה	χ o ʁ b u t j a
חזאי	χ a z a j
חילל	χ i l e l
חימה	χ i m a
חיקוק	χ i k o k
חלודים	χ a l u d i m
חנקה	χ a n a k a
חסויה	χ a s u j a
חפור	χ a f u ʁ
חקרנו	χ a k ʁ a n u
חרמוני	χ a ʁ m o n i
טיפחה	t i p χ a
טיקה	t i k a
טפה	t a f a
יגלם	j a ɡ l a m
יוא	j o
יושנת	j o ʃ e n e t
יחזקו	j a χ z a k o
יחשוד	j a χ ʃ u d
יידוי	j i d u j
יישפך	j i ʃ p e χ
ייתקל	j i t k e l
ינהיג	j a n h i ɡ
יצטמצם	j i t͡s t a m t͡s e m
יצעדו	j a t͡s a d u
ישימה	j e ʃ i m a
יתאר	j i t a ʁ
יתחרט	j i t χ a ʁ e t
ךא	χ a
כביום	k a v j u m
כבשנו	k a v ʃ a n u
כורסאות	k o ʁ s a u t
כיבושו	k i b u ʃ u
כיעיל	k i i l
כמדי	k a m a d i
כמציאות	k a m t͡s i u t
כסי	k a s i
כעדה	k a a d a
כשינוי	k ʃ i n u j
לביו	l a v j u
לבריסל	l i v ʁ i s e l
להבראת	l e h a v ʁ a t
להיי	l a h a j
להציגה	l e h a t͡s i ɡ a
להשתלח	l e h i ʃ t a l a χ
להתנחלויות	l e h i t n a χ l u j u t
להתקפי	l e h i t k a f i
לוותיקים	l a v t i k i m
לוחמני	l o χ m a n i
לוציוס	l o t͡s j o s
לחתך	l a χ t e χ
לטכנאי	l i t χ a n a j
לידן	l i d e n
לילנד	l i l a n d
ליציע	l i t͡s i a
לכופר	l e χ o f e ʁ
לכרטיסי	l i χ ʁ a t i s i
ללמדם	l i l m a d e m
ללשונות	l i l ʃ o n u t
למני	l a m a n i
לסבון	l i s b o n
לערימה	l e a ʁ i m a
לפון	l a f o n
לקתרין	l i k t a ʁ i n
לרסון	l a ʁ s o n
לתקומה	l i t k u m a
מהעדים	m e e d i m
מהצמחים	m e h i t͡s m a χ i m
מחדירים	m a χ d i ʁ i m
מחלתם	m a χ l a t e m
מחציתה	m a χ t͡s i t a
מחרחרי	m a χ ʁ a χ a ʁ i
מיבשת	m i b ʃ e t
מיליליטר	m i l i l i t e ʁ
מימשה	m i m ʃ a
מירידת	m i ʁ i d e t
מלקין	m a l k i n
ממקומן	m a m k o m a n
מסיור	m a s j o ʁ
מסייג	m a s j a ɡ
מקבילו	m a k b i l u
מקננים	m a k n a n i m
מראם	m a ʁ a m
מרבות	m a ʁ b u t
מרל	m a ʁ a l
מרסן	m a ʁ s a n
מרעיו	m a ʁ a j u
מרשיע	m a ʁ ʃ i a
משלטי	m i ʃ l a t i
משמיט	m i ʃ m i t
מתביעה	m i t b i a
מתגוננת	m i t ɡ o n a n t
מתחתם	m i t χ a t e m
מתמחות	m i t m a χ u t
ןמ	n a m
נבוט	n a v u t
נבטיח	n i v t i a χ
נברשות	n i v ʁ a ʃ u t
נדלקים	n i d l a k i m
נודל	n o d e l
נוכרים	n o χ a ʁ i m
נוצת	n o t͡s e t
נימולים	n i m u l i m
ניצלים	n i t͡s a l i m
ניקון	n i k o n
נכנסין	n i χ n a s i n
נלמדות	n i l m a d u t
נמסור	n i m s o ʁ
ננעלת	n i n a l e t
נסבלות	n i s b a l u t
נסתדר	n i s t a d e ʁ
נפגמת	n i f ɡ e m e t
נקרות	n i k ʁ u t
נשברות	n i ʃ b a ʁ u t
נשלחנו	n i ʃ l a χ a n u
נתבעו	n i t b a u
נתנשק	n i t n a ʃ e k
סבכי	s a v χ i
סגירות	s ɡ i ʁ u t
סווי	s a v i
סטאטי	s t a t i
סיגנל	s i ɡ n e l
סינדיקט	s i n d i k t
סיפורית	s i p u ʁ i t
סלילים	s a l i l i m
סנדברג	s a n d b a ʁ a ɡ
ספאם	s a f a m
סקופים	s k o f i m
עגבניה	a ɡ v a n j a
עודכנה	o d χ a n a
ערבוביה	a ʁ b u v j a
עריהם	a ʁ j a m
פיגר	p i ɡ e ʁ
פלץ	p a l a t͡s
פקיסטני	p k i s t a n i
פרגוס	p a ʁ ɡ o s
פרטו	p a ʁ t u
פרקה	p a ʁ a k a
צדיקה	t͡s a d i k a
צפרות	t͡s a f ʁ u t
קולחת	k o l a χ a t
קולעים	k o l a i m
קולת	k o l e t
קייק	k a j a k
קימבל	k i m b e l
קלעו	k a l a u
קשתית	k a ʃ t i t
רומם	ʁ o m e m
רונאן	ʁ o n a n
רחא	ʁ a χ a
רעיו	ʁ a a j u
שבסין	ʃ a v s i n
שבעיניו	ʃ a v i n j u
שהותקנה	ʃ e h o t k a n a
שהניעה	ʃ a h n i a
שהסתובב	ʃ e h i s t o v e v
שהשפעתם	ʃ a h i ʃ p a a t e m
שוממה	ʃ o m a m a
שחטפה	ʃ a χ t a f a
שידיו	ʃ i d j u
שיכוך	ʃ i χ u χ
שיסדר	ʃ i s d e ʁ
שיסעו	ʃ i s a u
שלטענתה	ʃ i l t a n t a
שמאלץ	ʃ i m a l e t͡s
שמנחה	ʃ i m n a χ a
שמסביבה	ʃ i m s b i v a
שמתקשרים	ʃ i m t a k ʃ a ʁ i m
שנוהגת	ʃ n o h e ɡ e t
שניתוח	ʃ n i t u a χ
שנפנה	ʃ i n p a n a
שעף	ʃ a a f
ששוכב	ʃ ʃ u χ a v
תד	t a d
תופשים	t o f ʃ i m
תוקד	t o k e d
תחלת	t a χ l a t
תיחשף	t i χ ʃ e f
תיירותיים	t a j a ʁ u t a j i m
תכסיסים	t a χ s i s i m
תפשו	t a f ʃ u
תרגומה	t a ʁ ɡ u m a
תשמיע	t i ʃ m i a
alex	a l e k s
ay	a j
blu	b l u
din	d i n
hell	h e l
japan	d͡ʒ a p a n
mid	m i d
might	m a j t
saul	s a u l
ten	t e n
yet	j e t
אבלון	a v l o n
אבריק	a v ʁ i k
אדניו	a d a n j u
אהלו	a h a l u
אוכיח	o χ i a χ
אומתנו	o m t a n u
אוס	o s
אורבניות	o ʁ b a n j u t
אטון	a t o n
אידריס	i d ʁ i s
אימפולסיבית	i m p o l s i v i t
אינטגרטיבית	i n t e ɡ ʁ a t i v i t
אירגונים	i ʁ ɡ o n i m
אלקסה	a l k a s a
אמירי	a m i ʁ i
אמיתים	a m i t i m
אפליקצית	a f l i k t͡s i t
אקטיביסטית	a k t i b i s t i t
אקסטזי	a k s t a z i
ארמן	a ʁ m a n
אשבי	a ʃ b i
אשדר	a ʃ d a ʁ
אשמן	a ʃ m a n
אשמר	a ʃ m a ʁ
באחותו	b e a χ u t u
בדוחא	b a d u χ a
בהגרלת	b e h i ɡ ʁ e l e t
בווגאס	b a v ɡ a s
בוויסקונסין	b a v i s k o n s i n
בטנם	b a t a n a m
ביהירות	b i h i ʁ u t
ביוד	b i j u d
בירדס	b i ʁ d e s
בכיפת	b e χ i f e t
בלינקולן	b l i n k o l a n
בלר	b a l a ʁ
בלשונך	b a l ʃ o n a χ
בפורמטים	b e f o ʁ m e t i m
ברומנית	b ʁ o m a n i t
בריתך	b ʁ i t e χ
בשידוך	b e ʃ i d u χ
בשרשור	b i ʃ ʁ e ʃ o ʁ
גדא	ɡ a d a
גטאות	ɡ a t a u t
גלרון	ɡ a l a ʁ o n
גניגר	ɡ n i ɡ e ʁ
גרילי	ɡ ʁ i l i
גשש	ɡ a ʃ a ʃ
דודל	d o d e l
דודן	d o d e n
דוטרטה	d o t a ʁ t a
דידיה	d i d j a
דימיוני	d i m j o n i
דרוזית	d ʁ u z i t
דרמר	d a ʁ m a ʁ
האורגניות	h e o ʁ ɡ a n j u t
האסיאתית	h e e s i a t i t
הבהונות	h i v h o n u t
הבלאק	h i v l a k
הבקיאות	h i b k i u t
הברזים	h i v ʁ a z i m
הגאלים	h i ɡ a l i m
הגלריות	h i ɡ l a ʁ j u t
הגסים	h i ɡ s i m
הגשימה	h i ɡ ʃ i m a
הדשנים	h i d ʃ a n i m
ההי	h a h i
ההין	h a h i n
ההתקנים	h e h i t k a n i m
הודבק	h o d b e k
הוטבעה	h o t b a a
הויות	h o j u t
הויתור	h o j t u ʁ
הוצפה	h o t͡s a f a
הזווג	h i z v e ɡ
הזקיף	h i z k i f
הטיגון	h i t i ɡ o n
הטרמפיסט	h i t ʁ a m p i s t
היבשתיים	h i b ʃ a t a j i m
הידות	h i d u t
הידראולית	h i d ʁ a u l i t
הילולת	h i l u l e t
הימיות	h i m j u t
היצרניות	h i t͡s ʁ a n j u t
הלהיב	h i l h i v
הלניסטית	h i l n i s t i t
המגשימה	h i m ɡ ʃ i m a
המטילה	h i m t i l a
המעוטרת	h i m o t e ʁ e t
המרתקת	h i m ʁ a t e k e t
המשוט	h i m ʃ u t
המשחתות	h i m ʃ a χ t u t
המתועד	h i m t u a d
המתחדשים	h i m t a χ d e ʃ i m
המתלוננים	h i m t a l o n a n i m
המתפשטת	h i m t a p ʃ e t e t
הנהו	h i n h u
הנעלמה	h i n a l m a
הסטטי	h i s t a t i
הסיטה	h i s i t a
הסילוק	h i s i l u k
הסריגה	h i s ʁ i ɡ a
הסתכסך	h i s t a χ s e χ
הפטריארכלית	h i f t ʁ i a ʁ k a l i t
הפיקדונות	h i f i k d o n u t
הפללת	h i f l e l e t
הצבועה	h i t͡s b u a
הצריכים	h i t͡s ʁ i χ i m
הקדרה	h i k d a ʁ a
הרסיסים	h i ʁ s i s i m
השיעבוד	h i ʃ i a v u d
השתררה	h i ʃ t a ʁ a ʁ a
התמיהה	h i t m i h a
התעמק	h i t a m e k
התרמי	h i t ʁ a m i
התשאול	h i t ʃ a u l
ואיתך	v e i t e χ
ודוב	v a d u v
והאולם	v e h o l e m
והאומנות	v e h o m a n u t
והשתא	v e h i ʃ t a
וחזיר	v a χ z i ʁ
וחנק	v a χ n a k
וילם	v i l e m
וימן	v i m e n
וכובעים	v e χ o v a i m
ולאישה	v a l i ʃ a
וליידי	v a l a j d i
ולערער	v a l a ʁ a ʁ
וממי	v i m m i
ומפגינים	v i m p a ɡ i n i m
ומקדמת	v i m k a d e m e t
ומשמיע	v i m ʃ a m i a
ומשקיף	v i m ʃ k i f
וקידם	v e k i d e m
וראי	v a ʁ a j
ורגישה	v a ʁ ɡ i ʃ a
ושואפת	v e ʃ u a f e t
ושטוח	v i ʃ t u a χ
ושילב	v e ʃ i l e v
זיכרוני	z i k ʁ o n i
חבלני	χ a v l a n i
חבס	χ a v a s
חבקין	χ a v a k i n
חוקקו	χ o k a k o
חטאות	χ a t a u t
חיצונים	χ i t͡s o n i m
חמום	χ a m u m
טבסקו	t a v s a k o
טרגיים	t a ʁ ɡ a j i m
יבל	j a v a l
יגבו	j a ɡ v u
יוזמים	j o z a m i m
יונתי	j o n a t i
יופה	j o f a
יוריק	j o ʁ i k
ייסעו	j i s a u
יכחיש	j a χ χ i ʃ
יני	j a n i
יסמוך	j a s m u χ
יעבד	j a a v a d
יעסיק	j a a s i k
ירמה	j a ʁ m a
יתקלקל	j i t k a l k e l
כדימוי	k a d i m u j
כחולת	k a χ u l a t
כחסרי	k a χ s a ʁ i
כחתן	k a χ t a n
כישלונה	k i ʃ l o n a
כלאה	k a l a
כמוות	k a m v a t
כמעמד	k a m a m e d
כשביקש	k a ʃ b i k e ʃ
לאוהבים	l e o h a v i m
לארמית	l e a ʁ m i t
לדאג	l a d a ɡ
להיעתר	l e h i a t e ʁ
להצילך	l e h a t͡s i l e χ
להריסות	l e h a ʁ i s u t
להתלקחות	l e h i t l a k a χ u t
להתפקד	l e h i t p e k e d
לורליי	l o ʁ l a j
לזמני	l i z m a n i
לחלקות	l a χ l a k u t
לחלקן	l a χ l a k a n
לטובי	l a t u v i
לטיולי	l i t j u l i
ליהודית	l i h u d i t
ליירוט	l a j a ʁ u t
ליכולתה	l i χ u l t a
ליעדי	l i a d i
ליקי	l i k i
לפנ	l a f a n
לרוז	l a ʁ u z
לתלם	l i t l e m
מגינות	m a ɡ i n u t
מדליקות	m a d l i k u t
מההליך	m e h a l i χ
מהעלות	m e e l u t
מונש	m o n e ʃ
מוסב	m o s e v
מוסקה	m o s k a
מוסת	m o s e t
מחרקים	m a χ ʁ a k i m
מחתרתיים	m a χ t a ʁ t a j i m
מיומיים	m i j u m a j i m
מיונים	m i j o n i m
מיידע	m a j d a
מיירון	m a j a ʁ o n
מירקם	m i ʁ k e m
מלמול	m a l m u l
מלמלה	m a l m a l a
ממגורשי	m a m ɡ o ʁ ʃ i
ממדעי	m a m d a i
ממטוסים	m a m t u s i m
ממצפה	m a m t͡s a f a
ממראות	m a m ʁ a u t
מרקסיסטית	m a ʁ k s i s t i t
משגה	m i ʃ ɡ a
משחקן	m i ʃ χ a k a n
משלשלים	m i ʃ l a ʃ a l i m
משפטה	m i ʃ p a t a
משקפיו	m i ʃ k a f j u
מתחתיי	m i t χ a t a j
מתנודד	m i t n u d e d
מתפללי	m i t p a l a l i
מתראה	m i t ʁ a
נבלעו	n i v l a u
נגנזה	n i ɡ n a z a
נגרע	n i ɡ ʁ a
נדחות	n i d χ u t
נדלר	n i d l a ʁ
נזכרות	n i z k a ʁ u t
נחסך	n a χ s a χ
נחתנו	n a χ t a n u
נית	n i t
נצרף	n i t͡s ʁ e f
נקרעים	n i k ʁ a i m
נרתמה	n i ʁ t a m a
נתקשר	n i t k a ʃ e ʁ
סגולית	s ɡ u l i t
סוחטת	s o χ t e t
סיט	s i t
סימביוזה	s i m b j u z a
סלילה	s l i l a
עדנים	a d a n i m
עיסוקי	i s u k i
פיא	p i
פילאר	p i l a ʁ
פיצץ	p i t͡s e t͡s
פקוחה	p a k u χ a
פרוטון	p ʁ u t o n
פרומה	p ʁ u m a
פרוספר	p ʁ o s p a ʁ
פריבילגיות	p ʁ i b i l e ɡ j u t
צדפה	t͡s a d a f a
צלצלה	t͡s a l t͡s a l a
צמחונות	t͡s a m χ o n u t
קולטר	k o l t e ʁ
קטז	k a t a z
קלטנו	k a l t a n u
קנדיל	k a n d i l
קראסוס	k a ʁ a s o s
קרבון	k a ʁ b o n
קרדיולוג	k a ʁ d j o l o ɡ
קרסי	k a ʁ s i
רורשאך	ʁ o ʁ ʃ a χ
ריינהולד	ʁ a j a n h u l a d
רלה	ʁ a l a
רעידה	ʁ a i d a
שאיבות	ʃ e i v u t
שגלו	ʃ a ɡ l u
שגמרתי	ʃ a ɡ m a ʁ t i
שהאנרגיה	ʃ e h a n ʁ e ɡ j a
שההתקפה	ʃ e h a t k a f a
שהזמנת	ʃ a h i z m e n t
שהתבצעו	ʃ e h i t b a t͡s a u
שורקים	ʃ o ʁ k i m
שזרקה	ʃ i z ʁ a k a
שיאון	ʃ i o n
שיבושי	ʃ i b u ʃ i
שיטים	ʃ i t i m
שיסתיים	ʃ i s t a j i m
שיקוע	ʃ i k u a
שירזי	ʃ i ʁ z i
שישרפו	ʃ i ʃ ʁ a f u
שכיסתה	ʃ χ i s t a
שלואי	ʃ a l u i
שמחליטים	ʃ i m χ a l i t i m
שמספרה	ʃ i m s p a ʁ a
שמשל	ʃ i m ʃ e l
שנהרסה	ʃ i n h a ʁ s a
שנוהלו	ʃ n o h e l u
שנמנעה	ʃ i n m a n a
שעזבנו	ʃ a a z b a n u
שעירות	ʃ e i ʁ u t
שעמדנו	ʃ a a m d a n u
שפול	ʃ a f u l
שצו	ʃ a t͡s u
שריא	ʃ a ʁ i
שריגים	ʃ ʁ i ɡ i m
ששמח	ʃ i ʃ m e a χ
ששמנו	ʃ i ʃ m a n u
שתבנה	ʃ i t b a n a
שתכליתם	ʃ i t k a l i t e m
שתתרחש	ʃ i t t a ʁ χ e ʃ
תזוזות	t z u z u t
תחדש	t a χ d e ʃ
תילים	t i l i m
תיתקל	t i t k e l
תנענע	t a n a n a
תפיסותיו	t f i s u t j u
תפשוט	t a f ʃ u t
תציב	t a t͡s i v
תרפא	t a ʁ p a
תשולם	t ʃ u l a m
bin	b i n
gate	ɡ a t e
jet	d͡ʒ e t
joe	d͡ʒ o e
lab	l a b
mad	m a d
mma	m a
notes	n o t e s
ronen	r o n e n
santa	s a n t a
says	s a j s
sh	ʃ e
אבולה	a v u l a
אדומת	a d u m e t
אוויל	a v i l
אונקולוגיה	o n k o l o ɡ j a
אוסקה	o s k a
אוקינאווה	o k i n a v a
אחרנין	a χ ʁ a n i n
אטלנטית	a t l a n t i t
איליץ	i l i t͡s
איפיון	i p j o n
אנטומי	a n t u m i
אספי	a s p i
אפלולי	a f l u l i
אקבע	a k b a
אקסון	a k s o n
ארוגים	a ʁ u ɡ i m
ארנבון	a ʁ n a v o n
בגנב	b a ɡ n a v
בהדחה	b e h a d a χ a
בוסל	b o s e l
בחיפושיו	b e χ i p u ʃ j u
בחיתוליה	b e χ i t u l j a
בחפצי	b a χ p a t͡s i
בחריץ	b a χ ʁ i t͡s
בטיט	b a t i t
ביאורי	b i u ʁ i
ביומני	b i j u m a n i
בילבאו	b i l b a u
בינדר	b i n d e ʁ
ביציעים	b i t͡s i i m
בליה	b a l j a
בניבים	b e n i v i m
ברולה	b ʁ u l a
ברימון	b ʁ i m o n
ברמיזה	b a ʁ m i z a
בשונית	b e ʃ o n i t
בשטן	b i ʃ t a n
בשיכונים	b e ʃ i χ o n i m
בשיניו	b e ʃ i n j u
בשעבוד	b i ʃ a v u d
גטי	ɡ a t i
גילדת	ɡ i l e d e t
גנוזים	ɡ n u z i m
גרזנים	ɡ a ʁ z a n i m
דיבון	d i b o n
דירותיהם	d i ʁ u t j a m
דמיה	d i m j a
דמתי	d i m t i
דקרא	d a k ʁ a
האיוולת	h e i v e l e t
האיכותית	h e i χ u t i t
האמות	h e e m u t
האפידרמיס	h e e f i d ʁ a m i s
הברברית	h i v ʁ a b ʁ i t
הדואגת	h i d u a ɡ e t
הדחיה	h i d χ i j a
הדליל	h i d l i l
ההיכרויות	h e h i k ʁ u j u t
ההיפנוזה	h e h i p n u z a
הודא	h o d a
הוערכה	h o e ʁ χ a
הוקדמה	h o k d e m a
הזבח	h i z b e a χ
הזרעה	h i z ʁ a a
הטיפו	h i t i f u
הטירון	h i t i ʁ o n
הטרק	h i t ʁ e k
היסק	h i s e k
הלבישה	h i l b i ʃ a
הלמודים	h i l m u d i m
הלקסיקון	h i l k s i k o n
המאורה	h i m o ʁ a
המדגים	h i m d e ɡ i m
המזוזות	h i m z u z u t
המלאח	h i m l a a χ
המליחות	h i m l i χ u t
המציקים	h i m t͡s i k i m
המקומון	h i m k o m o n
המקורים	h i m k o ʁ i m
המתורגמים	h i m t o ʁ ɡ e m i m
המתקוממים	h i m t a k o m e m i m
הנגידים	h i n ɡ i d i m
הנגיש	h i n ɡ i ʃ
הסלעי	h i s l a i
הסמנטי	h i s m a n t i
הסנאטורית	h i s n a t u ʁ i t
הסרטני	h i s ʁ a t a n i
העזת	h e e z e t
העיצור	h e i t͡s o ʁ
הערלה	e e ʁ l a
העתונות	h e e t o n u t
הפסוקה	h i f s u k a
הצטלמה	h i t͡s t a l m a
הצלבה	h i t͡s l a v a
הצללית	h i t͡s l a l i t
הצמידים	h i t͡s m i d i m
הצריחים	h i t͡s ʁ i χ i m
הקהירית	h i k h i ʁ i t
הקטינו	h i k t i n u
הקמים	h i k m i m
הקצוב	h i k t͡s o v
הרירית	h a ʁ i ʁ i t
הרעד	h i ʁ a d
השבית	h i ʃ b i t
השגחתי	h i ʃ ɡ a χ t i
השווייצרי	h i ʃ v a j t͡s a ʁ i
השפית	h i ʃ p i t
השתרשה	h i ʃ t a ʁ ʃ a
התאגידי	h i t a ɡ i d i
התאמנה	h i t a m a n a
התאסף	h i t a s e f
התגברתי	h i t ɡ a v a ʁ t i
התיאולוגיה	h i t j o l o ɡ j a
התלתן	h i t l a t e n
התנערות	h i t n a a ʁ u t
התפלת	h i t p e l e t
ואיכותית	v e i χ u t i t
ואיפור	v e i p u ʁ
ובכ	v a χ
והדלקת	v e h i d l e k e t
והוריש	v e h o ʁ i ʃ
והיוונים	v e h i v a n i m
והיחידות	v e h i χ i d u t
והיצוא	v e h i t͡s u
והישן	v e h i ʃ e n
והמסירות	v e h i m s i ʁ u t
והמקורות	v e h i m k o ʁ u t
והערה	v e e ʁ a
וויר	v i ʁ
ווסטון	v a s t o n
וזמנו	v i z m a n u
וחיצוני	v e χ i t͡s o n i
וחיצונית	v e χ i t͡s o n i t
ויגון	v i ɡ o n
ויציל	v i t͡s i l
ולוב	v a l u v
וליבו	v e l i v u
ולף	v a l a f
ומאתים	v i m a t i m
ומחנכת	v i m χ a n e χ e t
ומחציתם	v i m χ a t͡s i t e m
ומרחבי	v i m ʁ a χ a v i
ומשגיח	v i m ʃ ɡ i a χ
ומתגעגע	v i m t a ɡ a ɡ a
ומתוכננת	v i m t u χ n a n t
ומתנצל	v i m t a n t͡s e l
ועיתון	v e i t o n
ועצמאיים	v a t͡s m a j i m
ועתיר	v e a t i ʁ
ורבייה	v a ʁ b i j a
ורחוקה	v a ʁ χ u k a
ורכיבה	v a ʁ k i v a
ושווים	v i ʃ v i m
ושמשון	v i ʃ m e ʃ o n
וששים	v i ʃ ʃ i m
זייני	z a j a n i
זיכיונות	z i χ j o n u t
זמנהוף	z i m n a h u f
חבושים	χ a v u ʃ i m
חוננו	χ o n a n u
חוסנה	χ o s a n a
חחחח	χ a χ χ a χ
חלופת	χ a l u f a t
חנקו	χ a n a k u
חפיסה	χ a f i s a
חתימתם	χ a t i m t e m
טאב	t a a v
טיבטי	t i b t i
טישלר	t i ʃ l e ʁ
טלק	t a l a k
טריס	t ʁ i s
יבכו	j a v χ u
יגדילו	j a ɡ d i l u
יגרשו	j a ɡ ʁ e ʃ u
ידניות	j a d a n j u t
יושפעו	j o ʃ p a u
ילודים	j a l u d i m
ימיי	j a m a j
יסמן	j a s m a n
ירקן	j a ʁ k a n
יתאכזב	j i t a χ z e v
כבגידה	k a v ɡ i d a
כהי	k a h i
כוסמת	k o s e m e t
כוסתה	k o s t a
כימיקל	k i m i k e l
כעלבון	k a a l b o n
לבדל	l i v d e l
לבלשנות	l i v l a ʃ a n u t
להטמעת	l e h i t m a a t
לוחמנית	l o χ m a n i t
לוכטה	l u χ t a
לורדים	l o ʁ d i m
לחסינות	l a χ s i n u t
ליטראות	l i t ʁ a u t
ללטש	l i l t e ʃ
למעיל	l i m i l
למרצ	l i m ʁ e t͡s
לנתר	l i n t e ʁ
לענינים	l a a n i n i m
לציוני	l i t͡s j o n i
לקווין	l a k v i n
לרי	l a ʁ i
לשבירה	l i ʃ b i ʁ a
לשכירים	l i ʃ k i ʁ i m
לתפירה	l i t f i ʁ a
םויה	m o j a
מאמרם	m e a m ʁ a m
מגבירות	m a ɡ v i ʁ u t
מדליף	m a d l i f
מהתביעה	m e h i t b i a
מואנה	m o a n a
מוחנו	m o χ a n u
מונף	m o n e f
מזמרות	m i z m a ʁ u t
מזרעה	m i z ʁ a a
מחבקים	m a χ b a k i m
מחטיבה	m a χ t i v a
מחטף	m a χ t e f
מיגים	m i ɡ i m
מיגרנות	m i ɡ ʁ a n u t
מיובשות	m i j u v ʃ u t
מילדותי	m i l d u t i
מימשו	m i m ʃ u
מיסב	m i s e v
מיסתורין	m i s t o ʁ i n
מיערות	m i a ʁ u t
מיתיים	m i t a j i m
מכירתה	m e χ i ʁ t a
מלכותיות	m a l χ u t j u t
מלצריות	m a l t͡s a ʁ j u t
ממל	m a m a l
ממשאבי	m i m ʃ a v i
מנצלות	m i n t͡s a l u t
מקצתה	m a k t͡s a t a
מרדנות	m a ʁ d a n u t
משאלי	m i ʃ a l i
משביל	m i ʃ b i l
משמעתיים	m i ʃ m a a t a j i m
מתמונת	m i t m o n e t
מתמנים	m i t m a n i m
מתמרן	m i t m a ʁ a n
נאיף	n a i f
נבעט	n i v a t
נדגיש	n i d ɡ i ʃ
נולדות	n o l a d u t
נום	n o m
נוסתה	n o s t a
ניגב	n i ɡ e v
ניוול	n i v e l
נמען	n i m a n
נמשל	n i m ʃ e l
נסאר	n i s a ʁ
נסרין	n i s ʁ i n
נעימי	n e i m i
נצים	n a t͡s i m
נרגז	n i ʁ ɡ e z
נרכשים	n i ʁ k a ʃ i m
נשקפים	n i ʃ k a f i m
נתלתה	n i t l a t a
סוגת	s o ɡ e t
סונטות	s o n t u t
סופרסטאר	s o f ʁ e s t a ʁ
סיפוקים	s i p u k i m
סיק	s i k
סליקה	s l i k a
עבדון	a v d o n
עגילה	a ɡ i l a
עוזיה	o z j a
עוררים	o ʁ a ʁ i m
עיסקי	i s k i
פודרה	p o d a ʁ a
פולד	p o l a d
פיקודית	p i k u d i t
פירר	p i ʁ e ʁ
פסיה	p a s j a
פריכים	p ʁ i χ i m
פרסיקו	p a ʁ s i k o
פרעו	p a ʁ a u
קולסון	k o l s o n
קומם	k o m e m
קונרי	k o n a ʁ i
קטעו	k a t a u
קלהון	k a l h o n
קליעת	k l i a t
קלסית	k a l s i t
קלריס	k a l ʁ i s
קקטוסים	k a k t o s i m
קריי	k a ʁ a j
ראיינתי	ʁ a j a n t i
ראין	ʁ a i n
רואד	ʁ o a d
רואיז	ʁ o i z
רוזטה	ʁ o z a t a
ריגס	ʁ i ɡ e s
רייק	ʁ a j a k
שאכנס	ʃ e a χ n e s
שבגליציה	ʃ a v ɡ l i t͡s j a
שבחצי	ʃ a v χ a t͡s i
שבקיר	ʃ a v k i ʁ
שברנו	ʃ a v ʁ a n u
שגודלה	ʃ ɡ u d l a
שגורים	ʃ ɡ o ʁ i m
שגישה	ʃ ɡ i ʃ a
שהגאולה	ʃ a h a ɡ o l a
שההנחה	ʃ e h a n a χ a
שהורגים	ʃ e h o ʁ ɡ i m
שהיהודי	ʃ e h i h u d i
שהנבואה	ʃ a h a n b u a
שהסתירה	ʃ a h i s t i ʁ a
שהעבר	ʃ e e v e ʁ
שומט	ʃ o m e t
שיאסור	ʃ i a s o ʁ
שינקה	ʃ i n k a
שיפצו	ʃ i p t͡s u
שיפתור	ʃ i f t u ʁ
שלגביה	ʃ a l ɡ e v j a
שלוט	ʃ a l u t
שמטילה	ʃ i m t i l a
שמימין	ʃ m i m i n
שמצויה	ʃ i m t͡s u j a
שמשמיע	ʃ i m ʃ a m i a
שמתרחשות	ʃ i m t a ʁ χ a ʃ u t
שנופלת	ʃ n o f e l e t
שניראה	ʃ n i ʁ a
שסוריה	ʃ a s u ʁ j a
שסיכן	ʃ a s i χ a n
תגזימי	t a ɡ z i m i
תחזוק	t a χ z u k
תכנונית	t a χ n o n i t
תמיסות	t a m i s u t
תקוותה	t a k v a t a
תרגיעו	t a ʁ ɡ i u
תרה	t a ʁ a
chef	t͡ʃ e f
gaza	ɡ a z a
lte	l t e
mount	m a u n t
past	p a s t
photography	f o t o ɡ r a f i
solid	s o l i d
thomas	t o m a s
volume	v o l u m e
אובדנו	o v d a n u
אוטר	o t e ʁ
אומנית	o m a n i t
אוניברסיטאיים	o n i b ʁ a s i t a j i m
אוסמן	o s m a n
אטמי	a t a m i
אידיבי	i d i v i
אינטש	i n t e ʃ
אישיותי	i ʃ j u t i
אכילתם	a χ i l t e m
אלגורי	a l ɡ o ʁ i
אלפ	a l a f
אלרון	a l a ʁ o n
אנצל	a n t͡s a l
אפילוג	a f i l u ɡ
אקדיש	a k d i ʃ
אקוומן	a k v a m a n
אקוטית	a k u t i t
אקצר	a k t͡s a ʁ
ארטישוק	a ʁ t i ʃ o k
אריקסן	a ʁ i k s a n
באיו	b a a j u
בהילה	b e h i l a
בהקרנות	b e h i k ʁ a n u t
בהשקפות	b e h i ʃ k a f u t
בוורידים	b a v ʁ i d i m
בוסי	b o s i
בזקנה	b i z k a n a
בטה	b a t a
בישביל	b i ʃ b i l
בכימיקלים	b e χ i m i k l i m
בלאומי	b a l a u m i
בלחישה	b a l χ i ʃ a
במוחנו	b e m u χ a n u
במימיו	b e m i m j u
במיתון	b e m i t o n
בנורמנדי	b e n u ʁ m a n d i
בסאו	b a s a u
בסקרי	b a s k a ʁ i
בעינם	b a i n a m
בעתה	b a a t a
בעתונות	b a a t o n u t
בפיתוחה	b e f i t u χ a
בפנ	b a f a n
בצידם	b e t͡s i d e m
בקולם	b a k u l a m
ברדיפת	b a ʁ d i f e t
ברומי	b ʁ u m i
ברזני	b a ʁ z a n i
בריאותך	b ʁ i u t e χ
בריסון	b ʁ i s o n
ברעה	b a ʁ a
בתיקוני	b e t i k o n i
גופטה	ɡ o f t a
גופינו	ɡ o f i n u
דדפול	d i d f u l
דובין	d o v i n
דונש	d o n e ʃ
דחיי	d a χ a j
דמשה	d i m ʃ a
דעיכת	d e i χ e t
דרבא	d a ʁ b a
האזיקים	h e e z i k i m
האינסופיות	h e i n s o f j u t
האיתנים	h e i t a n i m
האכלוס	h e e χ l o s
האמאם	h e e m a m
האשפות	h e e ʃ p u t
הבשילה	h i v ʃ i l a
הגבאים	h i ɡ b a i m
הגונב	h i ɡ o n e v
הגזענים	h i ɡ z a a n i m
הגיזרה	h i ɡ i z a ʁ a
הדייסה	h i d j a s a
הדקויות	h i d k o j u t
הופי	h o f i
הושיעה	h o ʃ i a
הטרוגניות	h i t ʁ o ɡ a n j u t
היטהרות	h i t a ʁ u t
הינע	h i n a
הכמוס	h i χ m u s
הכנעת	h i χ n a a t
הכנתה	h i χ n a t a
המבושל	h i m b u ʃ e l
המגולל	h i m ɡ o l e l
המחשוף	h i m χ a ʃ u f
המטעמים	h i m t a m i m
המעמידה	h i m a m i d a
המעריץ	h i m a ʁ i t͡s
המפריעים	h i m p ʁ i i m
המקנות	h i m k a n u t
המרחיב	h i m ʁ a χ i v
המשוכה	h i m ʃ u χ a
הנוגדת	h i n u ɡ e d e t
הנכרים	h i n k a ʁ i m
הנציח	h i n t͡s i a χ
הנשענים	h i n ʃ a n i m
הסאה	h i s a
הסיסטינית	h i s i s t i n i t
הססמה	h i s s a m a
הספן	h i s p e n
הסקסופון	h i s k s o f o n
העכוז	e e χ u z
הפסיבי	h i f s i v i
הפסלון	h i f s e l o n
הצינית	h i t͡s i n i t
הצנחן	h i t͡s n a χ a n
הצרור	h i t͡s ʁ o ʁ
הקדירה	h i k d i ʁ a
הקובנית	h i k o v a n i t
הקטנטנים	h i k t a n t a n i m
הקיסוס	h i k i s o s
הקסים	h i k s i m
הרט	h a ʁ a t
השבדים	h i ʃ b e d i m
השגורה	h i ʃ ɡ o ʁ a
השגרירויות	h i ʃ ɡ ʁ i ʁ u j u t
השכונתית	h i ʃ k o n t i t
השמיטו	h i ʃ m i t u
השרירי	h i ʃ ʁ i ʁ i
השתתק	h i ʃ t a t e k
התבוני	h i t b o n i
התחמקה	h i t χ a m e k a
התחתי	h i t χ a t i
התיוג	h i t j u ɡ
התנפץ	h i t n a p e t͡s
התעשת	h i t a ʃ e t
התפורר	h i t p o ʁ e ʁ
התפצל	h i t p a t͡s e l
וביהודה	v i h u d a
וביערות	v i a ʁ u t
וביקורים	v i k o ʁ i m
והחירות	v e h i ʁ u t
והיותה	v e h i j u t a
והיותר	v e h i j u t e ʁ
והסכמת	v e h i s k e m e t
והסכמתי	v e h i s k e m e t i
והעלות	v e e l u t
והעני	v e e n i
והעתק	v e e t e k
והצביעה	v e h i t͡s b i a
ווילר	v i l e ʁ
וולדה	v a l a d a
וחטא	v a χ t a
וחשוף	v a χ ʃ u f
וחשפו	v a χ ʃ a f u
ויישובי	v i ʃ u v i
ולאמא	v a l a m a
ולריה	v a l a ʁ j a
ומבריקים	v i m b ʁ i k i m
ומעידים	v i m i d i m
ומעת	v i m a t
ומפסיד	v i m p s i d
ומתקשרים	v i m t a k ʃ a ʁ i m
וסף	v a s a f
ועוצרים	v o t͡s a ʁ i m
ועמיד	v e a m i d
ועמידות	v e a m i d u t
ועסיסי	v a a s i s i
וקנתה	v a k a n t a
ורנדי	v a ʁ n a d i
ושוטה	v e ʃ u t a
ושוקע	v e ʃ u k a
ושק	v a ʃ a k
וששון	v i ʃ ʃ o n
ותמותה	v i t m u t a
זוטרה	z o t a ʁ a
זילנדי	z i l a n d i
זלאטן	z a l a t a n
זרד	z a ʁ a d
חגגתי	χ a ɡ a ɡ a t i
חונכות	χ o n a χ u t
חוסאן	χ o s a n
חופיו	χ o f j u
חוקריו	χ o k a ʁ j u
חידד	χ i d e d
חלפתא	χ a l a f t a
חמדאן	χ a m d a n
חמולות	χ a m u l u t
טיקי	t i k i
טרישה	t ʁ i ʃ a
ידחפו	j a d χ a f u
יילודים	j i l u d i m
ילידות	j e l i d u t
יפרש	j a f ʁ e ʃ
יצוה	j a t͡s v a
יצירי	j e t͡s i ʁ i
ישיש	j e ʃ i ʃ
יתאהב	j i t a h e v
ךתוא	χ a t u
כבויה	k a v u j a
כבחירה	k a v χ i ʁ a
כחניך	k a χ n i χ
כיחידות	k i χ i d u t
כילתה	k i l t a
כינסה	k i n s a
כיצורים	k i t͡s u ʁ i m
כמבצע	k a m b a t͡s a
כעסק	k a a s a k
כפת	k a f a t
כרצוני	k a ʁ t͡s o n i
כשרונה	k a ʃ ʁ o n a
כתפה	k a t a f a
לאבירים	l e e v i ʁ i m
לדך	l a d a χ
להגדירה	l e h i ɡ d i ʁ a
להודאה	l e h u d a
להתכסות	l e h i t k a s u t
לובינסקי	l o v i n s k i
לוגר	l o ɡ e ʁ
לוויתורים	l a v i t u ʁ i m
לוון	l a v a n
לזינוק	l i z i n o k
לחשיבותה	l a χ ʃ i v u t a
לחת	l a χ a t
לטה	l a t a
ליוצא	l i j u t͡s a
לילידי	l i l i d i
לכיון	l i χ j o n
לכנסים	l i χ n a s i m
למרר	l i m ʁ e ʁ
לציורי	l i t͡s j o ʁ i
לצעדה	l i t͡s a d a
לרבוץ	l a ʁ b u t͡s
לרוחה	l a ʁ u χ a
לשפיות	l i ʃ p i j u t
לתדלוק	l i t d a l o k
לתקליט	l i t k a l i t
םיהולא	m i h u l a
מאחיה	m e a χ j a
מאחריו	m e a χ a ʁ j u
מגאן	m a ɡ a n
מגדול	m a ɡ d u l
מדגימות	m a d ɡ i m u t
מדדתי	m a d d a t i
מדני	m a d a n i
מהיחסים	m e h i χ s i m
מהתפקידים	m e h i t p a k i d i m
מוארות	m o a ʁ u t
מודולרית	m o d u l a ʁ i t
מוניס	m o n i s
מורסה	m o ʁ s a
מזמינות	m i z m i n u t
מזמנה	m i z m a n a
מזעיק	m i z i k
מחשיד	m a χ ʃ i d
מיושמים	m i j u ʃ e m i m
מיושר	m i j u ʃ e ʁ
מיליטריזם	m i l i t ʁ i z e m
מינימאלית	m i n i m a l i t
מלמוד	m a l m u d
ממאן	m a m a n
ממצאיה	m a m t͡s a j a
ממשלו	m a m ʃ a l u
ממשקה	m a m ʃ a k a
מסאי	m a s a j
מספירת	m a s p i ʁ e t
מעיו	m a a j u
מעיצוב	m e i t͡s o v
מעיקרי	m e i k a ʁ i
מעלימה	m a a l i m a
מקליש	m a k l i ʃ
משבחת	m i ʃ b a χ a t
משהה	m i ʃ h a
מתבהרת	m i t b a h a ʁ e t
מתקומם	m i t k o m e m
מתקלף	m i t k a l e f
נגזל	n i ɡ z a l
נדפקו	n i d p a k o
נדרסה	n i d ʁ a s a
נושב	n o ʃ e v
נחשונים	n a χ ʃ o n i m
נטבעו	n i t b a u
ניצוח	n i t͡s u a χ
נמלת	n i m l e t
ננקטה	n i n k a t a
נפצעת	n i f t͡s a a t
נצנוץ	n i t͡s n u t͡s
נשטפו	n i ʃ t a f u
סדוקה	s a d u k a
סוסקין	s o s k i n
סופקה	s o f a k a
סוקה	s o k a
סטס	s a t a s
סילונית	s i l o n i t
סימלו	s i m l u
סינטטי	s i n t a t i
סינרגיה	s i n ʁ e ɡ j a
סיתות	s i t u t
סלבריטי	s a l b ʁ i t i
ססגוניות	s a s ɡ o n j u t
ספידי	s f i d i
סרבנים	s a ʁ b a n i m
סרז	s a ʁ a z
עוקרים	o k a ʁ i m
עמיתיה	a m i t j a
עס	a s
עתידנית	a t i d a n i t
פהד	p a h a d
פולונסקי	p o l o n s k i
פותחן	p o t χ a n
פזית	p a z i t
פיגי	p i ɡ i
פירת	p i ʁ e t
פקדונות	p a k d o n u t
פרחיו	p a ʁ a χ j u
פרסונה	p a ʁ s o n a
צגים	t͡s a ɡ i m
צווחה	t͡s a v a χ a
צעקני	t͡s a a k a n i
קאים	k a i m
קבץ	k a v a t͡s
קובלנץ	k o v l a n t͡s
קוהלת	k o h e l e t
קולוניות	k o l o n j u t
קוליה	k o l j a
קיחוטה	k i χ u t a
קינטי	k i n t i
קליש	k a l i ʃ
קמלוט	k a m l u t
קמעונאי	k a m o n a j
קרטה	k a ʁ t a
קריסתה	k ʁ i s t a
רבאק	ʁ a b a k
רוזמן	ʁ o z m a n
רכיכות	ʁ e χ i χ u t
רקובר	ʁ a k o v a ʁ
רקוויאם	ʁ a k v i a m
שאחזו	ʃ e a χ z u
שבברית	ʃ a v b a ʁ i t
שגונבים	ʃ ɡ o n b i m
שדוחף	ʃ a d u χ a f
שהדרישה	ʃ a h a d ʁ i ʃ a
שההגדרה	ʃ e h a ɡ d a ʁ a
שהמשא	ʃ a h a m ʃ a
שהנם	ʃ a h a n a m
שהסב	ʃ a h s a v
שהרגל	ʃ a a ʁ ɡ e l
שודרג	ʃ o d ʁ e ɡ
שוויתרת	ʃ v i t e ʁ e t
שחמישה	ʃ a χ m i ʃ a
שטל	ʃ a t a l
שידי	ʃ i d i
שיוולד	ʃ i v l a d
שינת	ʃ i n e t
שיצביע	ʃ i t͡s b i a
שירר	ʃ i ʁ e ʁ
שכוחם	ʃ χ u χ a m
שמחוצה	ʃ i m χ u t͡s a
שמחקר	ʃ i m χ a k e ʁ
שמטילים	ʃ i m t i l i m
שמעשי	ʃ i m a ʃ i
שמשותף	ʃ i m ʃ u t e f
ששיער	ʃ ʃ i a ʁ
ששלל	ʃ i ʃ l e l
תותחן	t o t χ a n
תחלוק	t a χ l u k
תחריט	t a χ ʁ i t
תיאולוגית	t i u l o ɡ i t
תילחם	t i l χ a m
תיעדה	t i a d a
תלינו	t a l i n u
תסמונות	t a s m o n u t
תע	t a
תפה	t a f a
ak	a k
ave	a v e
blade	b l a d e
dawn	d a w n
gross	ɡ r o s
hub	h u b
pal	p a l
path	p a t
plaza	p l a z a
shape	ʃ a p e
until	u n t i l
אבידב	a v i d e v
אגדל	a ɡ d e l
אגח	a ɡ a χ
אדרש	a d ʁ e ʃ
אהלים	a h a l i m
אודיסיאה	o d i s i a
אחימעץ	a χ i m a t͡s
אידיאות	i d i u t
איחדה	i χ d a
אינז	i n e z
איניש	i n i ʃ
אלבש	a l b a ʃ
אנת	a n a t
אסלאמיות	a s l a m j u t
אפלטוני	a f l a t o n i
אפסילון	a f s i l o n
אפרם	a f ʁ a m
אקלימי	a k l i m i
ארטה	a ʁ t a
באימא	b a i m a
בגיזרה	b e ɡ i z a ʁ a
בגיליונות	b e ɡ i l j o n u t
בהרצאותיו	b e h a ʁ t͡s a u t j u
בהתרחשות	b e h i t ʁ a χ ʃ u t
בוהים	b o h i m
בוחרי	b o χ a ʁ i
בונציה	b o n t͡s j a
בופור	b o f o ʁ
בורגונדי	b o ʁ ɡ o n d i
בחמה	b a χ m a
בחסרון	b a χ s a ʁ o n
ביונים	b i j o n i m
ביתד	b i t e d
בליקוי	b l i k o j
במוטיבציה	b e m u t i v a t͡s j a
במישורי	b e m i ʃ u ʁ i
בנוצרים	b e n u t͡s a ʁ i m
בעטה	b a a t a
בקודים	b a k u d i m
ברבנים	b a ʁ b a n i m
ברייאן	b ʁ a j a n
ברישול	b ʁ i ʃ u l
ברף	b a ʁ a f
גאני	ɡ a a n i
גדלי	ɡ a d l i
גינתון	ɡ i n t o n
דאונינג	d e o n i ŋ ɡ
דדה	d a d a
דוממת	d o m e m e t
דילמת	d i l e m e t
דימו	d i m u
דיסקית	d i s k i t
האדיש	h e e d i ʃ
האנוכי	h e e n u χ i
האנרגטית	h e e n ʁ e ɡ t i t
האנרכיסט	h e e n ʁ e χ i s t
האקוסטיקה	h e e k o s t i k a
הבדויה	h i v d u j a
הגלי	h i ɡ l i
הגניבות	h i ɡ n i v u t
הדלפת	h i d l e f e t
הדפה	h i d f a
הדתה	h i d t a
ההונים	h e h o n i m
ההיפר	h e h i p e ʁ
ההתנסויות	h e h i t n a s u j u t
הובהרה	h o v a ʁ a
הוואן	h a v a n
הולדר	h o l d e ʁ
הומניות	h o m a n j u t
הומנית	h o m a n i t
הופרעה	h o f ʁ a a
הושטת	h o ʃ t e t
החולקת	h e χ u l e k e t
החטיאו	h e χ t i u
החסמים	h i χ s e m i m
הטוקבקים	h i t u k b e k i m
הטייפ	h i t j a p
הטפות	h i t f u t
היאה	h i a
היוון	h i v e n
היציעים	h i t͡s i i m
היקוק	h i k o k
הכסל	h i χ s e l
הלחה	h i l χ a
הלילך	h e l i l e χ
הלכך	h i l χ a χ
המאגיה	h i m a ɡ j a
המגולמת	h i m ɡ o l e m e t
המול	h a m u l
המזוקן	h i m z o k a n
המטס	h i m t e s
המכרים	h i m k a ʁ i m
הממזרים	h i m m a z a ʁ i m
המסובב	h i m s o v e v
המסובים	h i m s o v i m
המעונים	h i m o n i m
המציב	h i m t͡s i v
המקומונים	h i m k o m o n i m
המתגים	h i m t a ɡ i m
המתועדת	h i m t u a d e t
המתלמד	h i m t a l m e d
הנסמך	h i n s e m e χ
הנצפים	h i n t͡s a f i m
הסימבולי	h i s i m b u l i
הסקרן	h i s k a ʁ a n
הערסל	e e ʁ s e l
העשתונות	h e e ʃ t o n u t
הפגומה	h i f ɡ u m a
הצארי	h i t͡s a ʁ i
הצארים	h i t͡s a ʁ i m
הצימוקים	h i t͡s i m u k i m
הצינון	h i t͡s i n o n
הקלילה	h i k l i l a
הקמרון	h i k m a ʁ o n
הקריסטלים	h i k ʁ i s t a l i m
הרדוד	h i ʁ d u d
הריבים	h a ʁ i v i m
השברירי	h i ʃ b ʁ i ʁ i
השייטים	h i ʃ j a t i m
התגנבו	h i t ɡ a n b u
התוויית	h i t v a j i t
התחקות	h i t χ a k u t
התעסוקתית	h i t a s o k t i t
התפעלתי	h i t p a a l t i
התשדיר	h i t ʃ a d i ʁ
וארן	v a a ʁ a n
וביפו	v e v i f u
והאומה	v e h o m a
והורידה	v e h o ʁ i d a
והעמוק	v e e m o k
והצרות	v e h i t͡s ʁ u t
וזאק	v i z a k
וזבל	v i z b e l
וחמושים	v a χ m u ʃ i m
וחקירת	v a χ k i ʁ e t
ויבשות	v i b ʃ u t
ויסד	v i s e d
וכובשת	v e χ o v e ʃ e t
ולאב	v a l a v
ולנה	v a l a n a
ולשונו	v a l ʃ o n u
ומחה	v i m χ a
ומעניינים	v i m a n j a n i m
ומערת	v i m a ʁ e t
ומרתה	v i m ʁ a t a
ומשקיע	v i m ʃ k i a
ונה	v a n a
ונוהל	v e n o h e l
וסטון	v a s t o n
וסלים	v a s l i m
וסניף	v a s n i f
וצרים	v i t͡s ʁ i m
ורישומים	v e ʁ i ʃ u m i m
ושיריו	v e ʃ i ʁ j u
ותשעים	v i t ʃ a i m
זחלה	z a χ l a
חודשיות	χ o d e ʃ j u t
חומקים	χ o m a k i m
חורבנו	χ o ʁ b a n u
חיוורות	χ i v ʁ u t
חיסין	χ i s i n
חנס	χ a n a s
חריקות	χ a ʁ i k u t
חשדם	χ a ʃ d a m
חשובי	χ a ʃ u v i
טאני	t a a n i
טוברוק	t o v ʁ o k
טחן	t a χ a n
טיירי	t a j a ʁ i
טרבלסי	t a ʁ b a l a s i
טרודי	t ʁ u d i
טרוטה	t ʁ u t a
ידידם	j a d i d e m
יוו	j a v
יוצע	j o t͡s a
יטיב	j a t i v
ייענשו	j i a n ʃ u
יכוונו	j a χ v a n u
ימא	j a m a
יענש	j a a n e ʃ
יעצר	j a a t͡s a ʁ
יערער	j a a ʁ a ʁ
ירחא	j a ʁ χ a
יתלונן	j i t l o n a n
יתרחב	j i t ʁ a χ e v
כגל	k a ɡ a l
כדם	k a d a m
כהישג	k e h i ʃ e ɡ
כזר	k a z a ʁ
כמועד	k a m u a d
כמלחמה	k a m a l χ a m a
כמקדם	k a m a k d a m
כעבודת	k a a v u d e t
כשביקר	k a ʃ b i k e ʁ
כשכירים	k a ʃ k i ʁ i m
כתוש	k a t u ʃ
לאישורה	l e i ʃ u ʁ a
לבראשית	l i v ʁ a ʃ i t
לברכיים	l i v ʁ a χ a j i m
לדיר	l a d i ʁ
לדרקון	l i d ʁ a k o n
להמצאות	l e h i m t͡s a u t
להפתעתם	l e h i f t a a t e m
להצהרות	l e h i t͡s h a ʁ u t
להתאכסן	l e h i t a χ s a n
לופוס	l o f o s
לחמלה	l a χ m a l a
לחצאית	l a χ t͡s a i t
לטעמה	l i t a m a
ליבאי	l i b a j
ליבוש	l i b u ʃ
לידית	l i d i t
לינד	l i n d
לינדי	l i n d i
לינדר	l i n d e ʁ
ליצירתם	l i t͡s i ʁ t e m
ליתרונות	l i t ʁ o n u t
לכפול	l i χ f u l
לכשרות	l i χ ʃ a ʁ u t
למק	l a m a k
לנדרש	l i n d a ʁ e ʃ
לנמלי	l i n m a l i
לסגול	l i s ɡ o l
לסדנה	l i s d a n a
לסמטה	l i s m a t a
לעיסת	l a i s e t
לצה	l a t͡s a
לרך	l a ʁ a χ
לשמחתנו	l i ʃ m a χ t a n u
לשרידים	l i ʃ ʁ i d i m
לשריף	l i ʃ ʁ i f
לתפיסתם	l i t f i s t e m
לתפישת	l i t f i ʃ e t
מאביך	m e e v i χ
מגדולתה	m a ɡ d u l t a
מגוננים	m a ɡ o n a n i m
מגליל	m a ɡ l i l
מגלשות	m a ɡ l a ʃ u t
מגשש	m a ɡ ʃ e ʃ
מדיאה	m a d i a
מודריץ	m o d ʁ i t͡s
מומנה	m o m a n a
מומנו	m o m a n u
מחלקם	m a χ l a k a m
מחריבים	m a χ ʁ i v i m
מידך	m i d e χ
מילנו	m i l a n u
מיצו	m i t͡s u
מיציתי	m i t͡s i t i
מיתית	m i t i t
מכניסת	m a χ n i s e t
מלבושים	m a l b u ʃ i m
ממגן	m a m ɡ a n
מסלובקיה	m a s l o v a k j a
מעיקרה	m e i k a ʁ a
מפרו	m a f ʁ u
מקבילי	m a k b i l i
מקשות	m a k ʃ u t
מרלה	m a ʁ l a
מרצחים	m a ʁ t͡s a χ i m
משביעת	m i ʃ b i a t
משלשה	m i ʃ l a ʃ a
משעבוד	m i ʃ a v u d
משרפות	m i ʃ ʁ a f u t
משתווים	m i ʃ t a v i m
מתאגיד	m i t a ɡ i d
מתאדה	m i t a d a
מתנחלי	m i t n a χ l i
מתנשף	m i t n a ʃ e f
מתענה	m i t a n a
נאנו	n a a n u
ניסיונותיה	n i s j o n u t j a
ניקב	n i k e v
ניקולי	n i k u l i
נפתרות	n i f t a ʁ u t
נרוויח	n i ʁ v i a χ
נשיהם	n i ʃ j a m
סודך	s o d e χ
סורגי	s o ʁ ɡ i
סילוואן	s i l v a n
סימו	s i m u
סנטוריני	s a n t u ʁ i n i
ספונסר	s f o n s a ʁ
עוברה	o v a ʁ a
עורבני	o ʁ b a n i
עינם	i n e m
עיסקאות	i s k a u t
עיצומים	i t͡s u m i m
עלק	a l a k
פאג	p a a ɡ
פאד	p a a d
פוקלנד	p o k l a n d
פורסים	p o ʁ s i m
פטימה	p t i m a
פיגול	p i ɡ u l
פינטר	p i n t e ʁ
פירטה	p i ʁ t a
פיתו	p i t u
פסה	p a s a
פקחית	p a k χ i t
פרוגרמה	p ʁ u ɡ ʁ a m a
פרוקטור	p ʁ o k t o ʁ
פרחאן	p a ʁ χ a n
פרטה	p a ʁ t a
פריזאי	p ʁ i z a j
פריסקופ	p ʁ i s k o f
צאתך	t͡s e a t e χ
צורבת	t͡s o ʁ b e t
צירופם	t͡s i ʁ u f e m
צלבנית	t͡s a l b a n i t
קאסיוס	k a a s j o s
קולונוסקופיה	k o l o n o s k o f j a
קימונו	k i m o n u
קמפינסקי	k a m p i n s k i
קמרונות	k a m ʁ o n u t
קרופ	k a ʁ u f
קרטרייט	k a ʁ t a ʁ a j t
קרמית	k a ʁ m i t
קרנם	k a ʁ n a m
רואו	ʁ o u
רוגוזין	ʁ o ɡ o z i n
רחשו	ʁ a χ ʃ u
רמוז	ʁ a m u z
רקדנו	ʁ a k d a n u
שאק	ʃ a a k
שהא	ʃ a h a
שהדף	ʃ a h a d e f
שהלווה	ʃ a h a l v a
שהקדימה	ʃ a h a k d i m a
שהשכינה	ʃ a h i ʃ k i n a
שידון	ʃ i d o n
שיזמינו	ʃ i z m i n u
שיכאב	ʃ i χ a v
שילוש	ʃ i l u ʃ
שילחם	ʃ i l χ a m
שימני	ʃ i m a n i
שיפעיל	ʃ i p i l
שיצילו	ʃ i t͡s i l u
שישגיח	ʃ i ʃ ɡ i a χ
שלוחו	ʃ a l u χ u
שמגיש	ʃ i m ɡ i ʃ
שמודיע	ʃ m u d i a
שמפר	ʃ i m p e ʁ
שמקיפה	ʃ i m k i f a
שנזרקה	ʃ i n z a ʁ k a
שסבבו	ʃ a s b a v u
שסימנה	ʃ a s i m a n a
שצר	ʃ a t͡s a ʁ
שריק	ʃ a ʁ i k
שתועד	ʃ a t u a d
תדליק	t a d l i k
תוחלף	t o χ l e f
תורמוס	t o ʁ m o s
תזכר	t i z k e ʁ
תסור	t a s u ʁ
תסריטאית	t a s ʁ i t a j t
תקדיש	t a k d i ʃ
תרמיים	t a ʁ m a j i m
תתחרה	t i t χ a ʁ a
ada	a d a
af	a f
clinical	k l i n i k a l
glee	ɡ l e e
intel	i n t e l
mag	m a ɡ
ops	o p s
police	p o l i t͡s e
tube	t u b e
אולשן	o l ʃ a n
אונאה	o n a
אורגים	o ʁ ɡ i m
אורכן	o ʁ χ a n
אזנו	a z a n u
אטלנטי	a t l a n t i
איטו	i t u
אימתנית	i m t a n i t
אכסון	a χ s o n
אלקו	a l a k o
אנפה	a n a f a
אסטרטג	a s t a ʁ t e ɡ
אפונים	a f o n i m
אפסו	a f s u
ארטי	a ʁ t i
ארידור	a ʁ i d u ʁ
ארכאית	a ʁ k a i t
ארסוף	a ʁ s u f
אשרם	a ʃ ʁ a m
אתיופיות	a t j o f j u t
באחות	b e a χ u t
בגנו	b a ɡ a n u
בגפן	b a ɡ f a n
בהסכמתה	b e h i s k e m t a
בהרהורים	b e a ʁ h o ʁ i m
בהתרחשויות	b e h i t ʁ a χ ʃ u j u t
בוטס	b o t e s
בורקה	b o ʁ k a
בחיזיון	b e χ i z j o n
בחללי	b a χ l a l i
בחשמלית	b a χ ʃ a m a l i t
ביהלום	b i h e l u m
ביזבוז	b i z b u z
בילט	b i l e t
בינייהו	b i n j a h u
ביסטריצקי	b i s t ʁ i t͡s k i
ביסים	b i s i m
ביעדי	b i a d i
בכוחנו	b e χ u χ a n u
בכורסה	b e χ o ʁ s a
במונופול	b e m o n o f o l
במצגת	b i m t͡s e ɡ e t
ברחמיך	b a ʁ a χ m i χ
בריס	b ʁ i s
בררן	b a ʁ ʁ a n
גולט	ɡ o l a t
גונאר	ɡ o n a ʁ
גועשת	ɡ o a ʃ e t
גופיות	ɡ o f j u t
גות	ɡ o t
גיז	ɡ i z
גינויים	ɡ i n u j i m
גרישם	ɡ ʁ i ʃ e m
גרת	ɡ a ʁ a t
דחיקה	d χ i k a
דינן	d i n e n
דכר	d a χ a ʁ
האול	h e u l
האלקי	h e e l k i
הבהוב	h i v h o v
הבטחונית	h i b t a χ o n i t
הברנש	h i v ʁ a n e ʃ
הגלו	h i ɡ l u
הגלותי	h i ɡ l u t i
הגלעין	h i ɡ l a i n
הגשום	h i ɡ ʃ u m
הדיוקנאות	h i d j o k a n a u t
ההשקייה	h e h i ʃ k i j a
הואל	h o e l
הוסברה	h o s b a ʁ a
הופצצה	h o f t͡s a t͡s a
הוקדם	h o k d e m
הוקסם	h o k s e m
הושתל	h o ʃ t e l
הזדעזעתי	h i z d a z a a t i
הזיזה	h i z i z a
הטמינו	h i t m i n u
היאר	h i a ʁ
היוד	h i j u d
הלבטים	h i l b a t i m
הלברטל	h i l b a ʁ t e l
המבוקרים	h i m b o k a ʁ i m
המחוות	h i m χ a v e t
המחלקים	h i m χ a l a k i m
המחשת	h i m χ e ʃ e t
המיתות	h i m i t u t
המלאכיות	h i m l a χ j u t
המליטה	h i m l i t a
המליך	h i m l i χ
המסתיר	h i m s t i ʁ
המעגלי	h i m a ɡ l i
המצדיקים	h i m t͡s d i k i m
המקימים	h i m k i m i m
המתמידים	h i m t a m i d i m
הנגיעות	h i n ɡ i u t
הנחיותיו	h i n χ i j u t j u
הנמתח	h i n m a t e a χ
הנפלטת	h i n p a l t e t
הסאן	h i s a n
הסולת	h i s u l e t
הסלובקי	h i s l o v e k i
הסנדקית	h i s n a d k i t
הספונטני	h i s p o n t a n i
הספידו	h i s p i d u
הספנים	h i s p a n i m
העבאסית	h e e v a s i t
הפחידה	h i f χ i d a
הצדפה	h i t͡s d e f a
הקיאה	h i k i a
הקערות	h i k a ʁ u t
הקריירות	h i k ʁ a j a ʁ u t
הרואית	h a ʁ u i t
השאובים	h i ʃ o v i m
השמנות	h i ʃ m a n u t
השתדלנו	h i ʃ t a d l a n u
התאגידית	h i t a ɡ i d i t
התבדלות	h i t b a d e l u t
התבל	h i t b e l
התוועדות	h i t v a d u t
התותחן	h i t u t χ a n
התלמודים	h i t l a m u d i m
התמלילים	h i t m a l i l i m
התנו	h i t n u
התפרש	h i t p a ʁ e ʃ
התקרר	h i t k a ʁ e ʁ
ובינלאומיות	v i n l a u m j u t
והבטחון	v e h i b t a χ o n
וההליכה	v e h a l i χ a
והורד	v e h o ʁ e d
והחוויה	v e h a v j a
והחיצוני	v e h i t͡s o n i
והיער	v e h i a ʁ
והיקרים	v e h i k a ʁ i m
וולקנית	v a l k a n i t
וזיוף	v i z j u f
וזנות	v i z n u t
וחצרות	v a χ t͡s a ʁ u t
וחשיבותם	v a χ ʃ i v u t e m
ויכלה	v i χ l a
ויריב	v i ʁ i v
ויתומים	v i t u m i m
ולכ	v a l a χ
ומביטים	v i m b i t i m
ומטעמים	v i m t a m i m
ומתארים	v i m t a ʁ i m
ומתחשב	v i m t a χ ʃ e v
ומתרגמים	v i m t a ʁ ɡ e m i m
ועזרי	v a a z a ʁ i
ורדימון	v a ʁ d i m o n
ורדיפות	v a ʁ d i f u t
ורדן	v a ʁ d a n
ושואב	v e ʃ u a v
ושמחות	v i ʃ m a χ u t
ושרפה	v i ʃ ʁ a f a
חדריו	χ a d a ʁ j u
חופיה	χ o f j a
חלפנו	χ a l p a n u
חקירתה	χ a k i ʁ t a
חשדני	χ a ʃ d a n i
חתנה	χ a t a n a
טבחית	t a v χ i t
טורקיש	t o ʁ k i ʃ
טילרסון	t i l ʁ a s o n
טעיתם	t a i t e m
יגרש	j a ɡ ʁ e ʃ
ידיעון	j a d i o n
יהירים	j e h i ʁ i m
יוסטוס	j o s t o s
יופנה	j o f a n a
יזמית	j a z m i t
יחליש	j a χ l i ʃ
יינה	j i n a
יסתום	j a s t u m
יצווה	j a t͡s v a
יקטרינה	j a k t a ʁ i n a
יקשר	j a k ʃ a ʁ
ירגע	j a ʁ ɡ a
ישדר	j i ʃ d e ʁ
ישובה	j e ʃ u v a
כאובה	k a u v a
כבים	k a v i m
כדוד	k a d u d
כדומה	k a d u m a
כטעם	k a t a m
כינויה	k i n u j a
כמבחן	k a m b a χ a n
כמהו	k a m a h u
כמלצרית	k a m a l t͡s a ʁ i t
כמקדש	k a m a k d e ʃ
כרבו	k a ʁ b u
כרעה	k a ʁ a
כתורה	k a t u ʁ a
לאיתי	l a i t i
להצלחתם	l e h i t͡s l a χ t e m
להשמידה	l e h i ʃ m i d a
להשערות	l e h i ʃ a ʁ u t
לובל	l o v e l
לחבלים	l a χ b a l i m
לחברתי	l a χ b a ʁ a t i
לחליפה	l a χ l i f a
לחממה	l a χ m a m a
לטפוח	l i t p u a χ
לייבה	l a j a v a
לייעד	l a j a d
לכדורי	l i χ d u ʁ i
ללבנה	l i l b a n a
לנהרות	l i n h a ʁ u t
לסאן	l a s a n
לסקירת	l i s k i ʁ e t
לפשטות	l i f ʃ a t u t
לקטנה	l i k t a n a
לרדיפה	l a ʁ d i f a
לשגיאות	l i ʃ ɡ i u t
לתלמידות	l i t l a m i d u t
לתמרון	l i t m a ʁ o n
םתא	m a t a
מאכלס	m e a χ l a s
מגדריים	m a ɡ d a ʁ a j i m
מגרון	m a ɡ ʁ o n
מדיוני	m a d j o n i
מהאונייה	m e h o n i j a
מהודעת	m e h u d a a t
מהחיבור	m e h i v u ʁ
מהמשימות	m e h i m ʃ i m u t
מודחק	m o d χ a k
מוחדר	m o χ d e ʁ
מועכים	m o a χ i m
מחלבות	m a χ l a v u t
מחלקתי	m a χ l a k t i
מחרידות	m a χ ʁ i d u t
מימדית	m i m d i t
מיקרוסקופי	m i k ʁ o s k o f i
מירוצי	m i ʁ u t͡s i
מירמה	m i ʁ m a
מית	m i t
מלהביא	m a l h a v i
מלחצים	m a l χ a t͡s i m
מלכותם	m a l χ u t e m
ממנגנון	m a m a n ɡ a n o n
ממנוע	m a m n u a
ממסעו	m a m s a u
משביח	m i ʃ b i a χ
משמונת	m i ʃ m o n e t
משמינים	m i ʃ m i n i m
משתים	m i ʃ t i m
מתכחשים	m i t k a χ ʃ i m
נבה	n a v a
נבלת	n i v l e t
נבנצל	n i v n a t͡s e l
נחסוך	n a χ s u χ
נטמנו	n i t m a n u
ניזוקים	n i z u k i m
נכחתי	n i χ χ a t i
נכסף	n i χ s e f
נמכור	n i m k o ʁ
נשפטים	n i ʃ p a t i m
נתגלעו	n i t ɡ a l a u
נתעסק	n i t a s e k
סופרמרקטים	s o f ʁ a m a ʁ k t i m
סידון	s i d o n
סימפתיה	s i m p a t j a
סינק	s i n e k
סכמה	s a χ m a
סנוניות	s n o n j u t
ספורטס	s f o ʁ t e s
סתי	s a t i
עווד	a v a d
עולין	o l i n
עימהם	i m a m
עלומות	a l u m u t
פחח	p a χ a χ
פינושה	p i n u ʃ a
פלאם	p a l a m
פנר	p a n a ʁ
פסיון	p a s j o n
פרטוש	p a ʁ t u ʃ
פרטניות	p a ʁ t a n j u t
פרפרי	p a ʁ p a ʁ i
צוידו	t͡s a v i d u
צינוריות	t͡s i n u ʁ j u t
צרצרים	t͡s a ʁ t͡s a ʁ i m
קאסים	k a a s i m
קומאר	k o m a ʁ
קומפוסט	k o m p o s t
קורנית	k o ʁ a n i t
קורסו	k o ʁ s o
קורצקי	k o ʁ t͡s e k i
קטפה	k a t a f a
קלחת	k a l a χ a t
קליניק	k l i n i k
קנוניות	k n o n j u t
קסטה	k a s t a
קסיס	k a s i s
קרסים	k a ʁ s i m
קרעתי	k a ʁ a t i
קרק	k a ʁ a k
ראולי	ʁ a u l i
ראשד	ʁ e ʃ e d
רובצים	ʁ o v a t͡s i m
רוזלי	ʁ o z a l i
רוקמת	ʁ o k e m e t
רידינג	ʁ i d i ŋ ɡ
שאתחיל	ʃ e a t χ i l
שבגין	ʃ a v ɡ i n
שבסיס	ʃ a v s i s
שבקיץ	ʃ a v k i t͡s
שבשכונה	ʃ a v ʃ a χ o n a
שדנים	ʃ a d a n i m
שהבחורה	ʃ a h a v χ u ʁ a
שהגרסה	ʃ a h a ɡ ʁ a s a
שהוליך	ʃ a h u l i χ
שהורסים	ʃ e h o ʁ s i m
שהכהן	ʃ a h a χ a n
שהלשון	ʃ a h a l ʃ o n
שופרה	ʃ o f ʁ a
שוררים	ʃ o ʁ a ʁ i m
שושה	ʃ o ʃ a
שחווים	ʃ a χ v i m
שחולים	ʃ a χ u l i m
שחותך	ʃ a χ u t e χ
שחקנה	ʃ a χ k a n a
שחרף	ʃ a χ ʁ e f
שיודה	ʃ i j u d a
שיסוד	ʃ i s u d
שיצירת	ʃ i t͡s i ʁ e t
שירוץ	ʃ i ʁ u t͡s
שירתנו	ʃ i ʁ t a n u
שכותבת	ʃ χ u t e v e t
שמובן	ʃ a m u v a n
שמחקרים	ʃ i m χ a k a ʁ i m
שמעצב	ʃ i m a t͡s e v
שמתפתחת	ʃ i m t a p t a χ a t
שנלחמה	ʃ i n l a χ m a
שננטש	ʃ n a n t e ʃ
שנפסלו	ʃ i n p a s e l u
שנפרש	ʃ i n p a ʁ e ʃ
שעין	ʃ a i n
שצומח	ʃ a t͡s u m a χ
שרשויות	ʃ a ʁ ʃ u j u t
שרשימת	ʃ a ʁ ʃ i m e t
שתציג	ʃ i t t͡s i ɡ
תבשילי	t a v ʃ i l i
תכנונו	t a χ n o n u
תמאב	t a m a v
תמרוני	t a m ʁ o n i
תצק	t a t͡s a k
תשלב	t i ʃ l e v
תתרחק	t i t ʁ a χ e k
asian	a s i a n
fat	f a t
jones	d͡ʒ o n e s
pen	p e n
spot	s p o t
אבותיי	a v u t a j
אווילי	a v i l i
אחסר	a χ s a ʁ
איגלס	i ɡ l a s
איזונים	i z o n i m
אליז	a l i z
אמס	a m a s
אנגרי	a ŋ ɡ a ʁ i
אסטרה	a s t a ʁ a
אפודי	a f u d i
אפיתי	a f i t i
אפתה	a f t a
ארוזות	a ʁ u z u t
אשריכם	a ʃ ʁ i χ e m
באיל	b a i l
באילנות	b e i l a n u t
בארן	b a a ʁ a n
בגאנה	b a ɡ a n a
בדימיון	b e d i m j o n
בהולה	b e h u l a
בהיגוי	b e h i ɡ u j
בהשתאות	b e h i ʃ t a u t
בהתנגדותם	b e h i t n e ɡ d u t e m
בוסה	b o s a
ביומי	b i j u m i
ביוש	b i j u ʃ
בינ	b i n
ביריב	b i ʁ i v
בלגית	b a l a ɡ i t
בליך	b a l i χ
בלקמן	b a l a k m a n
במיתר	b e m i t e ʁ
בסקין	b a s k i n
בעטיפת	b a a t i f e t
בפיסת	b e f i s e t
בפירמה	b e f i ʁ m a
בקנדי	b a k a n d i
ברזאני	b a ʁ z a n i
ברטוק	b a ʁ t u k
ברינה	b ʁ i n a
ברמלי	b a ʁ m a l i
ברנהרד	b a ʁ n a h a ʁ a d
בשבטי	b i ʃ b a t i
בשירותם	b e ʃ i ʁ u t e m
בשעריה	b i ʃ a ʁ j a
בתירוצים	b e t i ʁ u t͡s i m
בתפאורה	b i t p a u ʁ a
גותית	ɡ o t i t
גיבוריה	ɡ i b u ʁ j a
גלונים	ɡ l o n i m
גליס	ɡ l i s
דבנפורט	d e v e n e f o ʁ t
דוקרנים	d o k ʁ a n i m
דיאב	d i a v
דמא	d a m a
דמר	d a m a ʁ
האמפירי	h e e m p i ʁ i
האריסים	h e e ʁ i s i m
הארית	h e e ʁ i t
הבקי	h i v k i
הגילדות	h i ɡ i l d u t
הדהרמה	h i d h a ʁ m a
ההתחמקות	h e h i t χ a m e k u t
הוזעקה	h o z a k a
הולברוק	h o l b a ʁ o k
הונפק	h o n p e k
הופקע	h o f k a
הוקלטה	h o k l a t a
הושמטה	h o ʃ m a t a
הזדקן	h i z d e k a n
הטריפה	h i t ʁ i f a
היבלות	h i b l u t
היזון	h i z o n
היתולי	h i t u l i
המביט	h i m b i t
המזוהות	h i m z u h u t
המחזאים	h i m χ a z a i m
המכובדות	h i m k o v d u t
המכונאים	h i m k o n a i m
המעוגל	h i m o ɡ e l
המעיק	h i m i k
המצאתם	h i m t͡s a t e m
המצריכה	h i m t͡s ʁ i χ a
המקולקל	h i m k o l k e l
המרזב	h i m ʁ a z e v
המשחקת	h i m ʃ a χ e k e t
המשיכי	h i m ʃ i χ i
הנדי	h i n d i
הנחיתו	h i n χ i t u
הנלמדות	h i n l a m d u t
הסייגים	h i s j a ɡ i m
הסלילה	h i s l i l a
הסריס	h i s ʁ i s
העניינית	h e e n j a n i t
הערבייה	e e ʁ b i j a
הצלפות	h i t͡s l a f u t
הצמחי	h i t͡s m a χ i
הצפופות	h i t͡s p o f u t
הצפרות	h i t͡s p a ʁ u t
הקיצי	h i k i t͡s i
הקלסי	h i k l a s i
הקקטוס	h i k k a t o s
הרבצת	h i ʁ b e t͡s e t
הרגיעו	h i ʁ ɡ i u
הרעלות	h i ʁ a l u t
השילוט	h i ʃ i l u t
השלישיה	h i ʃ l i ʃ j a
השפילו	h i ʃ p i l u
השקילה	h i ʃ k i l a
התגלע	h i t ɡ a l a
התדרדרה	h i t d a ʁ d a ʁ a
התודעתי	h i t u d a a t i
התיפוף	h i t i p u f
התככים	h i t k a χ i m
התכסיס	h i t k a s i s
התנים	h i t n i m
התפישות	h i t p i ʃ u t
התפריטים	h i t p ʁ i t i m
התקפתם	h i t k a f t e m
התקצוב	h i t k a t͡s o v
התרחישים	h i t ʁ a χ i ʃ i m
וארשה	v e a ʁ ʃ a
וההוראות	v e h o ʁ a u t
והילך	v e h i l e χ
והעלאה	v e e l a
והצבאיים	v e h i t͡s b a j i m
וחב	v a χ a v
וחזן	v a χ z a n
וחיכתה	v e χ i χ t a
וחליפות	v a χ l i f u t
וחללים	v a χ l a l i m
וחצה	v a χ t͡s a
וידועות	v i d u a u t
ויטי	v i t i
וכינו	v e χ i n u
וכיסה	v e χ i s a
ולדן	v a l d a n
ולוקאס	v a l u k a s
ולט	v a l a t
ומבשר	v i m b ʃ e ʁ
ומוסריים	v e m u s ʁ a j i m
ומעונות	v i m o n u t
ומעריץ	v i m a ʁ i t͡s
ומרוויח	v i m ʁ a v i a χ
ומשי	v i m ʃ i
ונולדה	v e n u l a d a
וענווה	v e a n v a
ורדיפת	v a ʁ d i f e t
ורוע	v a ʁ u a
ורעדה	v a ʁ a d a
ורעי	v a ʁ a j
ורשמי	v a ʁ ʃ a m i
ושוכן	v e ʃ u χ a n
ותאמין	v i t a m i n
ותמכה	v i t m a χ a
זיקתם	z i k t e m
זמביה	z i m b j a
חזיתו	χ a z i t u
חילים	χ i l i m
חינו	χ i n u
חינניות	χ i n a n j u t
חירותה	χ i ʁ u t a
חנוקה	χ a n u k a
חרטומים	χ a ʁ t u m i m
חתוכות	χ a t u χ u t
חתולות	χ a t u l u t
טורית	t o ʁ i t
טיפסנו	t i p s a n u
טרוורס	t a ʁ v a ʁ a s
יארק	j a a ʁ a k
יבריא	j a v ʁ i
יגזול	j a ɡ z u l
יוהאנה	j o h a n a
יוניברסיטי	j o n i b ʁ a s i t i
יורכב	j o ʁ χ e v
יטי	j a t i
יישרף	j i ʃ ʁ e f
ילצין	j a l t͡s i n
ינב	j a n a v
יסב	j a s a v
יענקל	j a a n k e l
יפלא	j a f l a
כמנחת	k a m a n a χ a t
כמסע	k a m s a
כעילה	k a i l a
כשגדל	k a ʃ ɡ a d e l
כשפתאום	k a ʃ p a t a u m
לבדידות	l i v d i d u t
לדיקן	l a d i k a n
לדמוע	l i d m u a
לדרשה	l i d ʁ a ʃ a
להתלכד	l e h i t l a χ e d
להתריס	l e h i t ʁ i s
לורשה	l o ʁ ʃ a
לחלוצים	l a χ l u t͡s i m
לטעמים	l i t a m i m
ליסטר	l i s t e ʁ
ליצירותיו	l i t͡s i ʁ u t j u
לישרים	l i ʃ a ʁ i m
לכשעצמה	l i χ ʃ a t͡s m a
לסערת	l i s a ʁ e t
לסריקת	l i s ʁ i k e t
לערבוב	l e a ʁ b u v
לצבאו	l i t͡s b a u
לצהוב	l i t͡s h o v
לצווי	l i t͡s v i
לצון	l a t͡s o n
לקמרון	l i k m a ʁ o n
לרדיפות	l a ʁ d i f u t
לרץ	l a ʁ a t͡s
לשסע	l i ʃ s a
לשעיר	l i ʃ i ʁ
לשפיכות	l i ʃ p i χ u t
לששון	l i ʃ ʃ o n
לתבונה	l i t b o n a
לתקתק	l i t k a t e k
מגבו	m a ɡ v u
מגלשה	m a ɡ l a ʃ a
מגרעת	m a ɡ ʁ a a t
מגשי	m a ɡ ʃ i
מהציור	m e h i t͡s j o ʁ
מהתחנות	m e h i t χ a n u t
מוארכים	m o a ʁ χ i m
מודולריות	m o d u l a ʁ j u t
מוול	m a v a l
מופרשים	m o f ʁ e ʃ i m
מוראות	m o ʁ a u t
מזרונים	m i z ʁ o n i m
מזרקים	m i z ʁ a k i m
מחבורה	m a χ b u ʁ a
מחליקות	m a χ l i k u t
מחלישים	m a χ l i ʃ i m
מידאס	m i d a s
מיטלמן	m i t a l m a n
מיטראן	m i t ʁ a n
מייה	m i j a
מימני	m i m a n i
מירקין	m i ʁ k i n
מלהפוך	m a l a f u χ
ממזרה	m a m z a ʁ a
מסגירים	m a s ɡ i ʁ i m
מעילות	m e i l u t
מעיקים	m e i k i m
מעלמא	m a a l m a
מקאם	m a k a m
מקלעי	m a k l a i
מרדני	m a ʁ d a n i
מרעיד	m a ʁ i d
מרעיל	m a ʁ i l
משאביו	m i ʃ a v j u
מתבררים	m i t b a ʁ a ʁ i m
נבלעת	n i v l a a t
נואמת	n o e m e t
נוקש	n o k e ʃ
ניסמן	n i s m a n
ניע	n i a
ניצולה	n i t͡s u l a
נלחצים	n i l χ a t͡s i m
ננהל	n i n h a l
נסערים	n i s a ʁ i m
נרגעים	n i ʁ ɡ a i m
נשתל	n i ʃ t e l
נתוודע	n i t v a d a
נתזים	n i t z i m
נתקנה	n i t k a n a
סוליה	s u l j a
סופוקלס	s o f o k l a s
סוצקבר	s o t͡s k a v a ʁ
סחבה	s a χ a v a
סיבוכי	s i b u χ i
סיוויק	s i v i k
סימולטנית	s i m u l t a n i t
סנדלרים	s a n d a l a ʁ i m
סריטה	s ʁ i t a
עבותה	a v u t a
עדכנה	a d χ a n a
עובריים	o v ʁ a j i m
עיטוש	i t u ʃ
עפיה	a f j a
עקצוץ	a k t͡s u t͡s
ערוצית	a ʁ u t͡s i t
פיזיקליים	p i z i k l a j i m
פינצי	p i n t͡s i
פירותיה	p i ʁ u t j a
פירשה	p i ʁ ʃ a
פקקת	p a k a k a t
פרידל	p ʁ i d e l
פריחתם	p ʁ i χ t e m
פרימוס	p ʁ i m o s
פתיר	p a t i ʁ
צאר	t͡s a a ʁ
ציביליזציה	t͡s i b i l i z a t͡s j a
ציפורניו	t͡s i p o ʁ a n j u
צרותיו	t͡s a ʁ u t a v
קאמפף	k a a m p e f
קארים	k a a ʁ i m
קדמן	k a d m a n
קוצק	k o t͡s e k
קטלן	k a t l a n
קיתונות	k i t o n u t
קלס	k a l a s
קערית	k a a ʁ i t
ראינוע	ʁ a i n u a
ראיסה	ʁ e i s a
רודין	ʁ o d i n
רוטטים	ʁ o t a t i m
ריבועיים	ʁ i b u a j i m
רידר	ʁ i d e ʁ
רישה	ʁ i ʃ a
רעיות	ʁ a a j u t
שאיתי	ʃ a i t i
שבדרון	ʃ a v d a ʁ o n
שבכיתי	ʃ a v χ i t i
שבשתי	ʃ a v ʃ a t i
שגו	ʃ a ɡ u
שגידול	ʃ ɡ i d u l
שהגביר	ʃ a h a ɡ v i ʁ
שהסתתר	ʃ e h i s t a t e ʁ
שהתאריך	ʃ e h i t a ʁ i χ
שהתמוטט	ʃ e h i t m u t e t
שותל	ʃ o t e l
שחלוקת	ʃ a χ l u k a t
שטום	ʃ a t u m
שילדס	ʃ i l d e s
שינקו	ʃ i n k o
שישבנו	ʃ i ʃ b a n u
שכיכב	ʃ χ i χ e v
שלאמא	ʃ a l a m a
שלביה	ʃ a l a v j a
שליקט	ʃ l i k t
שמבאר	ʃ i m b a ʁ
שמוזיקה	ʃ m u z i k a
שמוחו	ʃ a m u χ u
שמפנה	ʃ i m p a n a
שמתוכן	ʃ i m t u χ a n
שמתוכנן	ʃ i m t u χ n a n
שמתכנן	ʃ i m t a χ n a n
שמתמקד	ʃ i m t a m k e d
שנדרשים	ʃ i n d a ʁ ʃ i m
שנהנתה	ʃ i n h a n t a
שניזון	ʃ n i z o n
שנצרך	ʃ i n t͡s a ʁ a χ
שעץ	ʃ a a t͡s
שצוחק	ʃ a t͡s u χ a k
שקיק	ʃ k i k
שרוכב	ʃ a ʁ u χ a v
שרוכי	ʃ a ʁ u χ i
שרירות	ʃ ʁ i ʁ u t
שתועדו	ʃ a t u a d u
שתצטרף	ʃ i t t͡s t a ʁ e f
תדירה	t a d i ʁ a
תהינה	t e h i n a
תון	t o n
תוק	t o k
תחבירי	t a χ b i ʁ i
תילקח	t i l k e a χ
תיעב	t i a v
תיעול	t i u l
תמרות	t a m ʁ u t
תנע	t a n a
תסגיר	t a s ɡ i ʁ
תרדיון	t a ʁ d j o n
תרומתי	t ʁ u m t i
תרמילאים	t a ʁ m i l a j i m
תשהה	t i ʃ h a
תשושה	t ʃ u ʃ a
det	d e t
era	e ɾ a
genesis	ɡ e n e s i s
idea	i d e a
midi	m i d i
mom	m o m
null	n u l
oak	o a k
pci	p s i
tax	t a k s
texas	t e k s a s
wa	w a
wanted	w a n t e d
אאידה	e i d a
אווזה	a v a z a
אווילה	a v i l a
אולקוס	o l k o s
אותותיהם	o t u t j a m
אידיוטי	i d j u t i
איורי	i j u ʁ i
איחרתי	i χ ʁ a t i
אינ	i n
אינפיניטי	i n p i n i t i
אלבנית	a l b a n i t
אלס	a l a s
אמוציונלי	a m u t͡s j o n a l i
אמפיריות	a m p i ʁ j u t
אמתלה	a m t a l a
אסק	a s a k
אפיריון	a f i ʁ j o n
אקוטי	a k u t i
אקטיביסטים	a k t i b i s t i m
ארש	a ʁ a ʃ
אשליך	a ʃ l i χ
באוהאוס	b e o h o s
בגילופין	b e ɡ i l o f i n
בדימום	b e d i m u m
בהיכלי	b e h i χ l i
בהצבעת	b e h i t͡s b a a t
בינאריות	b i n a ʁ j u t
בירידים	b i ʁ i d i m
בלגיון	b a l a ɡ j o n
במידותיו	b e m i d u t j u
במינויו	b e m i n u j u
ברהיטים	b a ʁ h i t i m
ברוור	b a ʁ v a ʁ
ברחובה	b a ʁ χ u v a
ברכסים	b a ʁ a χ s i m
ברניס	b a ʁ n i s
בתאווה	b i t a a v a
בתאומים	b i t o m i m
בתבואה	b i t b u a
בתוצאת	b e t u t͡s a t
בתיכונים	b e t i χ o n i m
בתירא	b e t i ʁ a
גוו	ɡ a v
גווייה	ɡ v i j a
גיתית	ɡ i t i t
גריגור	ɡ ʁ i ɡ o ʁ
גרידת	ɡ ʁ i d e t
דאע	d a a
דאפשר	d e a f ʃ a ʁ
דגלם	d a ɡ l a m
דימויו	d i m u j u
דליקות	d l i k u t
דקורטיבית	d k o ʁ t i v i t
דרגש	d a ʁ ɡ e ʃ
דרלין	d a ʁ l i n
דשמא	d i ʃ m a
האבו	h e e v u
האינך	h e i n e χ
האירוני	h e i ʁ o n i
האכל	h e e χ e l
האמונית	h e e m o n i t
האמנתם	h e e m e n t e m
האנטומי	h e e n t u m i
האפיזודה	h e e f i z u d a
האריזות	h e e ʁ i z u t
הבהיל	h i v h i l
הבטחתה	h i v t a χ t a
הגדודי	h i ɡ d u d i
הגיאו	h i ɡ i u
הדחיסה	h i d χ i s a
הוברח	h o v ʁ a χ
הוחתם	h o χ t e m
הוסמכה	h o s m a χ a
הוריהן	h o ʁ j a n
הושר	h o ʃ e ʁ
הזריק	h i z ʁ i k
הטעיית	h i t a j i t
הטפל	h i t p e l
הטפרים	h i t p a ʁ i m
היתומות	h i t u m u t
הכניעו	h i χ n i u
הלחנה	h i l χ a n a
הלחשים	h i l χ a ʃ i m
המאסיבית	h i m a s i v i t
המאתיים	h i m a t a j i m
המבריקות	h i m b ʁ i k u t
המזווה	h i m z a v a
המחאת	h i m χ a t
המטהר	h i m t a ʁ
המכרסם	h i m k a ʁ s e m
הממתינה	h i m m a t i n a
המניפה	h i m n i f a
המסאי	h i m s a j
המסומנות	h i m s o m a n u t
המפסק	h i m p a s e k
המציבה	h i m t͡s i v a
המקטורן	h i m k t o ʁ a n
המשתלח	h i m ʃ t a l a χ
המתגברת	h i m t i ɡ v e ʁ e t
הנבנים	h i n b a n i m
הנועזות	h i n u a z u t
הנחילו	h i n χ i l u
הנחשק	h i n χ a ʃ e k
הנציונל	h i n t͡s j o n e l
הנתחים	h i n t a χ i m
הסינר	h i s i n e ʁ
הצמחיה	h i t͡s m a χ j a
הקמעונאות	h i k m o n a u t
הקרוסלה	h i k ʁ o s e l a
הקרוע	h i k ʁ u a
הקשיחים	h i k ʃ i χ i m
הרגנו	h i ʁ ɡ a n u
הרכבם	h i ʁ k e v e m
הרנו	h a ʁ n u
השאפתני	h i ʃ a f t a n i
השגתו	h i ʃ ɡ a t u
השלי	h i ʃ l i
השלימות	h i ʃ l i m u t
התכוונתם	h i t k a v e n t e m
התלבשתי	h i t l a b ʃ e t i
התערערה	h i t a ʁ a ʁ a
התרשימים	h i t ʁ a ʃ i m i m
התרשמנו	h i t ʁ a ʃ m a n u
ואמירת	v e a m i ʁ e t
וההיסטורית	v e h i s t u ʁ i t
והודיה	v e h u d j a
והסתיר	v e h i s t i ʁ
והעדים	v e e d i m
והעשייה	v e e ʃ i j a
והתיכון	v e h i t i χ o n
וואש	w a ʃ
וזקוקה	v i z k o k a
וחבורה	v a χ b u ʁ a
וחצים	v a χ t͡s i m
וידידי	v i d i d i
ויזת	v i z e t
ויניק	v i n i k
וישאר	v i ʃ a ʁ
ומכשור	v i m k ʃ o ʁ
ומעכב	v i m a χ e v
ומתגברת	v i m t a ɡ v a ʁ e t
ונוקב	v e n o k e v
ועינו	v e i n u
וענישה	v e a n i ʃ a
וערביות	v e a ʁ b i j u t
ועתידו	v e a t i d u
ועתיקות	v e a t i k u t
ופיזיקה	v i f i z i k a
וצפופים	v i t͡s p o f i m
ושושנים	v e ʃ u ʃ a n i m
ושיכון	v e ʃ i χ o n
ושיתפו	v e ʃ i t e f u
זהובות	z a h u v u t
זוממת	z o m e m e t
זיהויים	z i h u j i m
זיכרונה	z i k ʁ o n a
זכין	z a χ i n
זמירה	z a m i ʁ a
חולמני	χ o l m a n i
חורגין	χ o ʁ ɡ i n
חפי	χ a f i
חרץ	χ a ʁ a t͡s
חרשי	χ a ʁ ʃ i
חשפנו	χ a ʃ p a n u
טאיוואן	t a i v a n
טורנר	t o ʁ n e ʁ
טחנה	t a χ a n a
טמנה	t a m a n a
טראסק	t ʁ a s e k
טרינידד	t ʁ i n i d e d
יארח	j a a ʁ a χ
יומך	j o m e χ
יושמד	j o ʃ m e d
יטו	j a t u
יצרף	j a t͡s ʁ e f
ירכב	j a ʁ χ a v
יתארח	j i t a ʁ e a χ
יתפרץ	j i t p a ʁ e t͡s
כאולם	k a u l a m
כאסון	k a a s o n
כבא	k a v a
כבושות	k a v u ʃ u t
כגדולים	k a ɡ d u l i m
כדג	k a d a ɡ
כורזים	k o ʁ z i m
כיעילה	k i i l a
כיש	k i ʃ
ככלה	k a χ l a
כמאבטח	k a m a v t a χ
כמותיות	k a m u t j u t
כמילה	k a m i l a
כמניע	k a m a n i a
כעיקר	k e i k e ʁ
כעסם	k a a s a m
כשבידו	k a ʃ b i d u
כתליו	k a t a l j u
לאיכר	l e i χ e ʁ
לאימי	l a i m i
לברן	l a v ʁ a n
לדידה	l a d i d a
לדפנות	l i d p a n u t
לדשן	l a d ʃ a n
להדים	l a h a d i m
להיבלע	l e h i v l a
להסלים	l e h a s l i m
להסלמה	l e h a s l a m a
להציגם	l e h i t͡s i ɡ e m
להשתחל	l e h i ʃ t a χ e l
להתל	l e h a t e l
לווינסקי	l a v i n s k i
לוותיקן	l a v t i k a n
לחלוצי	l a χ l u t͡s i
לחריץ	l a χ ʁ i t͡s
לטיפות	l a t i f u t
לידיעתי	l i d i a t i
ליליא	l i l j a
לכרמים	l i χ ʁ a m i m
לנבוט	l i n b u t
לנפטר	l i n p a t e ʁ
לערימת	l e a ʁ i m e t
לפשיטות	l i f ʃ i t u t
לצאן	l a t͡s a n
לקצהו	l i k t͡s a h u
לקרמיקה	l i k ʁ a m i k a
לשלוחה	l i ʃ l u χ a
לשתיקה	l i ʃ t i k a
לתאוות	l i t a v e t
לתמיכתם	l i t m i χ t e m
לתצפת	l i t t͡s a f e t
לתתי	l i t t i
מגון	m a ɡ o n
מהיבול	m e h i b u l
מהיבשה	m e h i v ʃ a
מהתעלה	m e h i t a l a
מוניה	m o n j a
מוענקים	m o a n k i m
מוראה	m o ʁ a
מורכבותה	m o ʁ k a v u t a
מזדהות	m i z d a h u t
מחלימים	m a χ l i m i m
מחמיצה	m a χ m i t͡s a
מימיני	m i m i n i
מימרן	m i m ʁ a n
מינאס	m i n a s
מיסטיקן	m i s t i k a n
מיצירותיהם	m i t͡s i ʁ u t j a m
מירא	m i ʁ a
מלבישה	m a l b i ʃ a
מלטינית	m a l t i n i t
ממעלות	m a m a l u t
ממעצבי	m a m a t͡s a v i
ממצים	m a m t͡s i m
מסוס	m a s u s
מקריאים	m a k ʁ i i m
מרדוך	m a ʁ d u χ
מרטיט	m a ʁ t i t
משתלות	m i ʃ t a l u t
מתגמל	m i t ɡ a m e l
מתחוללים	m i t χ u l a l i m
מתשובה	m i t ʃ u v a
נבלעים	n i v l a i m
נגשים	n i ɡ ʃ i m
נדמית	n i d m i t
נהיגת	n e h i ɡ e t
נוטעים	n o t a i m
נורווגי	n o ʁ v a ɡ i
נזדמן	n i z d a m a n
נייחות	n i j a χ u t
נימקו	n i m a k o
ניתקנו	n i t k a n u
נכחדים	n i χ χ a d i m
נלמדה	n i l m a d a
נמצאנו	n i m t͡s a n u
נעיצת	n e i t͡s e t
נרגן	n i ʁ ɡ a n
נרקמת	n i ʁ k e m e t
נשאף	n i ʃ a f
נשאשיבי	n i ʃ a ʃ i v i
נתבעת	n i t b a a t
נתפסתי	n i t p a s t i
סבלי	s a v l i
סדם	s a d a m
סוויץ	s v i t͡s
סוטרה	s o t a ʁ a
סימניות	s i m a n j u t
סלאש	s a l a ʃ
סלמנקה	s a l m a n k a
סמכותיות	s a m χ u t j u t
עבודי	a v u d i
עוצבות	o t͡s a v u t
עיצובית	i t͡s u v i t
עליצות	a l i t͡s u t
עמקה	a m a k a
ענוג	a n u ɡ
עצימת	a t͡s i m e t
ערפילית	a ʁ p i l i t
פגאני	p a ɡ a n i
פולשניות	p o l ʃ a n j u t
פזו	p a z u
פיזיקלי	p i z i k l i
פילאטוס	p i l a t o s
פיסיים	p i s a j i m
פלמן	p a l m a n
פסולין	p s u l i n
פסלת	p a s a l a t
פצח	p a t͡s a χ
פרסומיו	p a ʁ s o m j u
פרסיץ	p a ʁ s i t͡s
קואן	k o a n
קינטית	k i n t i t
קיסטר	k i s t e ʁ
קמיעות	k a m i u t
קנד	k a n a d
קפיטריה	k f i t a ʁ j a
קרניבל	k a ʁ n i v e l
קרפל	k a ʁ p e l
רביה	ʁ a v j a
רובסון	ʁ o v s o n
רודמן	ʁ o d m a n
רוזני	ʁ o z a n i
רומס	ʁ o m e s
רופ	ʁ o f
ריסקין	ʁ i s k i n
רמש	ʁ a m a ʃ
רשל	ʁ a ʃ a l
שאיחד	ʃ e i χ e d
שבכוחה	ʃ a v χ u χ a
שבליל	ʃ a v l i l
שבמים	ʃ a v a m i m
שבמלחמה	ʃ a v m a l χ a m a
שבמרבית	ʃ a v m a ʁ b i t
שבסיסו	ʃ a v s i s u
שגופה	ʃ ɡ u f a
שגיתי	ʃ ɡ i t i
שהושפעה	ʃ e h o ʃ p a a
שהעדר	ʃ e e d e ʁ
שהתמקד	ʃ e h i t m a k e d
שיכנו	ʃ i χ n u
שילדיו	ʃ i l a d j u
שיפלו	ʃ i p l u
שיפץ	ʃ i p e t͡s
שיפצה	ʃ i p t͡s a
שישובו	ʃ i ʃ u v u
שישיב	ʃ i ʃ i v
שלומיאל	ʃ l u m i e l
שמחתם	ʃ i m χ a t e m
שמתוכה	ʃ i m t u χ a
שנדב	ʃ i n d e v
שנונות	ʃ n o n u t
שסוע	ʃ a s u a
שסימל	ʃ a s i m e l
שצורך	ʃ a t͡s u ʁ a χ
שקף	ʃ a k a f
שראשית	ʃ a ʁ a ʃ i t
שרידיהם	ʃ ʁ i d j a m
תובענות	t o v a n u t
תחמוצות	t a χ m u t͡s u t
תחשיבי	t a χ ʃ i v i
תישארי	t i ʃ a ʁ i
תפלתו	t a f l a t u
תקבולים	t a k b u l i m
ask	a s k
domestic	d o m e s t i k
fake	f a k e
greek	ɡ r e e k
nos	n o s
smile	s m i l e
אדנה	a d a n a
אהודים	a h u d i m
אוסטרים	o s t a ʁ i m
אוקון	o k o n
אטיה	a t j a
איכותני	i χ u t a n i
איסטון	i s t o n
אירוטית	i ʁ u t i t
אלדוס	a l d u s
אלחנני	a l χ a n a n i
אלמנטי	a l m a n t i
אלפס	a l p a s
אנוור	a n v a ʁ
אנשיל	a n ʃ i l
אפגע	a f ɡ a
אפריקניות	a f ʁ i k a n j u t
אצווה	a t͡s v a
אצי	a t͡s i
ארדוף	a ʁ d u f
ארוטיות	a ʁ u t j u t
אשמתה	a ʃ m a t a
אתקן	a t k a n
באנטארקטיקה	b a n t a ʁ k t i k a
בהתחממות	b e h i t χ a m e m u t
בהתמקדות	b e h i t m a k d u t
בויסקונסין	b o j s k o n s i n
בורגנות	b o ʁ ɡ a n u t
בזקנים	b i z k a n i m
בידורי	b i d u ʁ i
בידורית	b i d u ʁ i t
בידל	b i d e l
בידן	b i d e n
ביצעת	b i t͡s a a t
בישוע	b i ʃ u a
ביתור	b i t u ʁ
בלבואה	b a l b u a
בלמידת	b a l m i d e t
במוחות	b e m u χ u t
במומבאי	b e m u m b a j
במימדים	b e m i m e d i m
בעבודותיה	b e a v u d u t j a
בעיצובים	b e i t͡s u v i m
בענה	b a a n a
בקומפוזיציה	b e k o m p o z i t͡s j a
בקיסר	b e k i s e ʁ
ברבריות	b a ʁ b a ʁ j u t
ברלוביץ	b a ʁ l o v i t͡s
בשימושים	b e ʃ i m u ʃ i m
בשלומי	b i ʃ l u m i
בשלטים	b i ʃ l a t i m
בשפתיו	b i ʃ p a t j u
בתווים	b i t v i m
בתורתך	b e t u ʁ t e χ
בתפלת	b i t p e l e t
גודאר	ɡ o d a ʁ
גולדשמיט	ɡ o l d e ʃ m i t
גיגית	ɡ i ɡ i t
גיטרת	ɡ i t e ʁ e t
גיליאם	ɡ i l j a m
גימטריה	ɡ i m t a ʁ j a
גליליים	ɡ l i l a j i m
גפי	ɡ a f i
גרונית	ɡ ʁ o n i t
גרוף	ɡ a ʁ u f
דוודים	d a v a d i m
דורמן	d o ʁ m a n
דיעקב	d i a k e v
דריווש	d ʁ i v e ʃ
דרסי	d a ʁ s i
האוננות	h e o n a n u t
האכרים	h e e χ a ʁ i m
האנוי	h e e n u j
האריגים	h e e ʁ i ɡ i m
האתיות	h e e t j u t
האתרוגים	h e e t ʁ o ɡ i m
הבריק	h i v ʁ i k
הגווייה	h i ɡ v i j a
הגומה	h i ɡ u m a
הגירות	h i ɡ i ʁ u t
הגנגסטרים	h i ɡ n e ɡ s t a ʁ i m
הדאיה	h i d a j a
הדביר	h i d b i ʁ
הדיסקית	h i d i s k i t
ההוגנת	h e h u ɡ e n e t
ההום	h a h u m
ההעשרה	h e e ʃ a ʁ a
הוזז	h o z e z
הוטס	h o t e s
הומניסט	h o m a n i s t
הומת	h o m e t
הזועמת	h i z u a m e t
הזרז	h i z ʁ e z
החסון	h a χ s o n
הטירות	h i t i ʁ u t
הטמיעה	h i t m i a
הטרמיטים	h i t ʁ a m i t i m
הידני	h i d a n i
הישאר	h i ʃ a ʁ
הכפשות	h i χ p e ʃ u t
הכצעקתה	h i χ t͡s a k t a
הלביאה	h i l b i a
הלחמה	h i l χ a m a
המאחר	h i m a χ a ʁ
המארג	h i m a ʁ e ɡ
המבישה	h i m b i ʃ a
המדוזה	h i m d u z a
המחלף	h i m χ a l e f
המעמסה	h i m a m s a
המקושט	h i m k o ʃ e t
המשכילה	h i m ʃ k i l a
המשלטים	h i m ʃ a l t i m
המתוחכמים	h i m t u χ k e m i m
המתעלל	h i m t a a l e l
הנטוע	h i n t u a
הנרגש	h i n ʁ e ɡ e ʃ
הסיכות	h i s i χ u t
הסנטימנט	h i s n a t i m e n t
העיב	h e i v
העלימה	e e l i m a
העשירון	e e ʃ i ʁ o n
העשרות	e e ʃ a ʁ u t
הפיינל	h i f j a n e l
הפסולה	h i f s u l a
הצינורית	h i t͡s i n u ʁ i t
הקוואנטים	h i k v a n t i m
הקיצוב	h i k i t͡s o v
הקיש	h i k i ʃ
הקלדת	h i k l e d e t
הקריש	h i k ʁ i ʃ
הקשיבי	h i k ʃ i v i
הריצות	h a ʁ i t͡s u t
הרעילות	h i ʁ i l u t
הרשאת	h i ʁ ʃ a t
הרשיעו	h i ʁ ʃ i u
השיכר	h i ʃ i k e ʁ
השקועים	h i ʃ k o i m
השקרנית	h i ʃ k a ʁ a n i t
השרי	h i ʃ ʁ i
השרמוטות	h i ʃ ʁ a m u t u t
השתרר	h i ʃ t a ʁ e ʁ
התדריך	h i t d a ʁ i χ
התזונתיים	h i t z o n t a j i m
התזות	h i t z u t
התיימר	h i t j a m e ʁ
התיקיות	h i t i k j u t
התיקייה	h i t i k i j a
התכוף	h i t k u f
התנערה	h i t n a a ʁ a
התנתה	h i t n a t a
התערערות	h i t a ʁ a ʁ u t
התרועה	h i t ʁ u a
ואחמד	v e a χ m e d
ואחראים	v e a χ ʁ a j i m
ואיבה	v e i v a
ואיכותם	v e i χ u t e m
ואיכרים	v e i χ a ʁ i m
והבונים	v e h a b o n i m
והמכונות	v e h i m k o n u t
והצבעה	v e h i t͡s b a a
וולגרי	v a l ɡ a ʁ i
וזכינו	v i z k i n u
וחשה	v a χ ʃ a
וחשים	v a χ ʃ i m
וחשתי	v a χ ʃ a t i
ויאן	v i a n
ויכתב	v i χ t e v
ויציבים	v i t͡s i v i m
ויצק	v i t͡s e k
וכולה	v e χ u l a
ולעקור	v a l a k o ʁ
ולרוח	v a l ʁ u a χ
ומוליכים	v e m u l i χ i m
ומזלג	v i m z a l e ɡ
ומפרה	v i m p a ʁ a
ומצטמצם	v i m t͡s t a m t͡s e m
ומצטער	v i m t͡s t a ʁ
ומקושר	v i m k o ʃ e ʁ
ומשונה	v i m ʃ o n a
ורדיפה	v a ʁ d i f a
ורחץ	v a ʁ χ a t͡s
ושורות	v e ʃ u ʁ u t
זורקין	z o ʁ k i n
חגלה	χ a ɡ l a
חיראן	χ i ʁ a n
חפרת	χ a f a ʁ a t
חררה	χ a ʁ a ʁ a
טיאנה	t i a n a
טיטי	t i t i
טינקר	t i n k e ʁ
יגדיר	j a ɡ d i ʁ
יודין	j o d i n
יוודא	j a v a d a
יוש	j o ʃ
יישובית	j i ʃ u v i t
ילדותיות	j a l d u t j u t
ילדותנו	j a l d u t a n u
יעה	j a a
יערב	j a a ʁ a v
יתחמם	j i t χ a m e m
כבודדים	k a v u d a d i m
כדעה	k a d a a
כזיכרון	k a z i k a ʁ o n
כיחיד	k i χ i d
כמוסים	k a m u s i m
כמופת	k a m u f a t
כמידת	k a m i d e t
כמישהו	k a m i ʃ a h u
כניצחון	k n i t͡s a χ o n
כרצח	k a ʁ t͡s a χ
כשמות	k a ʃ m u t
לאחזר	l e a χ z a ʁ
לאיוב	l e a j u v
לבז	l a v a z
לדפים	l i d f i m
לדרתיכם	l i d ʁ a t i χ e m
להינזק	l e h i n z e k
להנאות	l a h a n a u t
להנדס	l a h a n d e s
להצטנן	l e h i t͡s t a n a n
להקסים	l e h a k s i m
להתארך	l e h i t a ʁ e χ
לואיסה	l o i s a
לזמנה	l i z m a n a
לחבילת	l a χ b i l e t
לחמך	l a χ m a χ
לחשודים	l a χ ʃ u d i m
לטביעת	l i t b i a t
ליינות	l a j a n u t
ללפני	l i l p a n i
למהיר	l i m h i ʁ
למובן	l a m u v a n
למחאת	l i m χ a t
למשען	l i m ʃ a n
לנחול	l i n χ u l
לעיתונאות	l a i t o n a u t
לרם	l a ʁ a m
לשחררה	l i ʃ χ a ʁ a ʁ a
לשכיר	l i ʃ k i ʁ
לשמיר	l i ʃ m i ʁ
מאחותה	m e a χ u t a
מגנזי	m a ɡ n a z i
מדאם	m a d a m
מדיניותם	m a d i n j u t e m
מהמתחרים	m e h i m t a χ a ʁ i m
מהעלילה	m e e l i l a
מהשתיים	m e h i ʃ t a j i m
מהתיאור	m e h i t j o ʁ
מהתסמינים	m e h i t s a m i n i m
מידור	m i d u ʁ
מיובאת	m i j u v a t
מיילן	m a j l a n
מימיי	m i m a j
מימיך	m i m i χ
מיניקה	m i n i k a
מלאתי	m a l a t i
מלמדי	m a l m a d i
מלק	m a l a k
ממרן	m a m ʁ a n
מנג	m a n a ɡ
מסו	m a s u
מסיירת	m a s j a ʁ e t
מסתפר	m i s t a p e ʁ
מצל	m a t͡s a l
מרזב	m a ʁ z a v
מרעילים	m a ʁ i l i m
משארית	m i ʃ a ʁ i t
משהי	m i ʃ h i
משעבד	m i ʃ a v e d
משריפת	m i ʃ ʁ i f e t
מתחלת	m i t χ a l e t
מתנפץ	m i t n a p e t͡s
מתריעים	m i t ʁ i i m
נאון	n a o n
נגדל	n i ɡ d e l
נהיתה	n e h i t a
נטלת	n i t l e t
נטענו	n i t a n u
נידאל	n i d a l
נימוקיו	n i m u k j u
ניתור	n i t u ʁ
ננוח	n a n u a χ
נקטנו	n i k t a n u
נתמלא	n i t m a l a
סוזאנה	s u z a n a
סופרנובה	s o f ʁ a n o v a
סות	s o t
סותמת	s o t e m e t
סטויקוביץ	s t o j k o v i t͡s
סימום	s i m u m
סיניור	s i n j o ʁ
סמכי	s a m χ i
סרבית	s a ʁ b i t
עודני	o d a n i
עויינים	o j a n i m
עיגולי	i ɡ u l i
עיסויים	i s u j i m
עלך	a l a χ
ערוגת	a ʁ u ɡ e t
עתידין	a t i d i n
פוליטיזציה	p o l i t i z a t͡s j a
פורטים	p o ʁ t i m
פיגורים	p i ɡ u ʁ i m
פינדר	p i n d e ʁ
פינוקים	p i n u k i m
פירו	p i ʁ u
פרגי	p a ʁ ɡ i
פרימונט	p ʁ i m o n t
פתוגנים	p a t u ɡ a n i m
צוענית	t͡s o a n i t
צחר	t͡s a χ a ʁ
צמחית	t͡s a m χ i t
קברן	k a v ʁ a n
קדחתני	k a d a χ t a n i
קודשו	k o d e ʃ u
קוהל	k o h e l
קוטפים	k o t a f i m
קולא	k o l a
קולוני	k o l o n i
קייד	k a j a d
קניבליזם	k n i b l i z e m
קראן	k a ʁ a n
קרואלה	k ʁ u a l a
קרנן	k a ʁ n a n
ראוף	ʁ a u f
רדא	ʁ a d a
רומר	ʁ o m e ʁ
ריחה	ʁ i χ a
ריטואל	ʁ i t u e l
ריקמן	ʁ i k m a n
רישי	ʁ i ʃ i
שדו	ʃ a d u
שדותיהם	ʃ a d u t j a m
שהזכר	ʃ a h i z k e ʁ
שהחוקר	ʃ a h o k e ʁ
שהתבררה	ʃ e h i t b a ʁ a ʁ a
שובצה	ʃ o v a t͡s a
שטין	ʃ a t i n
שיחשוף	ʃ i χ ʃ u f
שיטענו	ʃ i t a n u
שייש	ʃ a j a ʃ
שלחמה	ʃ a l χ a m a
שלעתיד	ʃ a l a a t i d
שמגיב	ʃ i m ɡ i v
שמוכיחה	ʃ m u χ i χ a
שמלאי	ʃ i m l a j
שמעכב	ʃ i m a χ e v
שמעשנים	ʃ i m a ʃ a n i m
שמעתתא	ʃ i m a t t a
שמתבצעת	ʃ i m t a b t͡s a a t
שנירר	ʃ n i ʁ e ʁ
שנתחבר	ʃ i n t a χ b e ʁ
שרטוטי	ʃ a ʁ t u t i
שריריו	ʃ ʁ i ʁ j u
ששירה	ʃ ʃ i ʁ a
תגמולי	t a ɡ m u l i
תוצאתה	t o t͡s a t a
תחדור	t a χ d u ʁ
תיטול	t i t u l
תישבר	t i ʃ b e ʁ
תמד	t a m a d
תעיז	t e i z
תפחדי	t a f χ a d i
תרבה	t a ʁ b a
תשוקתה	t ʃ u k t a
alone	a l o n e
ant	a n t
chip	t͡ʃ i p
dell	d e l
euro	e u̯ ɾ o
ev	e v
inn	i n
makes	m a k e s
og	o ɡ
om	o m
omg	o m ɡ
sm	e s e m
sol	s o l
toy	t o j
voip	v o i p
אגיש	a ɡ i ʃ
אדוות	a d v a t
אוואן	a v a n
אורתודוקסיה	o ʁ t o d o k s j a
אחדותה	a χ d u t a
אטען	a t a n
איטלקייה	i t a l k i j a
אינרציה	i n ʁ a t͡s j a
אלואיז	a l u i z
אמימר	a m i m e ʁ
אמינותם	a m i n u t e m
אנבל	a n b a l
אנטיתזה	a n t i t z a
אנטליה	a n t a l j a
אניד	a n i d
אסטרדה	a s t a ʁ d a
אפגני	a f ɡ a n i
ארחיק	a ʁ χ i k
אתיא	a t i
אתריה	a t ʁ i j a
באחותה	b e a χ u t a
בגאות	b a ɡ a u t
בגדודי	b a ɡ d u d i
בדיסנילנד	b e d i s n i l a n d
בווריאציות	b a v ʁ i a t͡s j u t
בזבזני	b i z b a z a n i
בחסרי	b a χ s a ʁ i
בחצים	b a χ a t͡s i m
בחתולים	b a χ t u l i m
בלדר	b a l d a ʁ
בלין	b a l i n
במוסלמים	b e m u s l a m i m
במיתה	b e m i t a
בנגישות	b e n ɡ i ʃ u t
בנורבגיה	b e n u ʁ b e ɡ j a
בפר	b a f a ʁ
ברגי	b a ʁ a ɡ i
ברלה	b a ʁ l a
ברנו	b a ʁ a n u
גוטייה	ɡ o t i j a
גולדהאר	ɡ o l d a h a ʁ
גימפל	ɡ i m p e l
גירלז	ɡ i ʁ l e z
גלד	ɡ a l a d
גרמנו	ɡ a ʁ m a n u
דאייה	d a i j a
דבה	d a v a
דבילים	d e v i l i m
דוויק	d v i k
דיאם	d i a m
דיכאו	d i χ a u
דיכאונית	d i χ a o n i t
דימת	d i m e t
דיצירה	d i t͡s i ʁ a
האידיליה	h e i d i l j a
האלגנטי	h e e l ɡ a n t i
האלילה	h e e l i l a
האמיש	h e e m i ʃ
האמניות	h e e m a n j u t
האשוח	h e e ʃ u a χ
הבריונות	h i v ʁ i j o n u t
הגזען	h i ɡ z a a n
הדות	h a d u t
הדינר	h i d i n e ʁ
הדמייה	h i d m i j a
ההישארות	h e h i ʃ a ʁ u t
ההרות	h e a ʁ u t
ההשפלות	h e h i ʃ p e l u t
הוטרד	h o t a ʁ a d
הומים	h o m i m
הועף	h o e f
הוקטן	h o k t a n
הורישו	h o ʁ i ʃ u
הושבע	h o ʃ b a
הזהרה	h i z h a ʁ a
הטוטאלית	h i t u t a l i t
הטיסו	h i t i s u
הטעמה	h i t a m a
הטפט	h i t p e t
הטקסי	h i t k a s i
הטרדת	h i t ʁ e d e t
הימצאותה	h i m t͡s a u t a
היעלמותם	h i a l m u t e m
הכיווץ	h i χ i v e t͡s
הלבונה	h i l b o n a
המטוגן	h i m t u ɡ a n
המממנים	h i m m a m a n i m
המנוולים	h i m n a v l i m
המסיק	h i m s i k
המעיט	h i m i t
המפיקות	h i m p i k u t
המפנים	h i m p a n i m
המצאי	h i m t͡s a j
המרמזים	h i m ʁ a m z i m
המשונות	h i m ʃ o n u t
המתלים	h i m t a l i m
הנאנסת	h i n a n e s e t
הנהנית	h i n h a n i t
הנקיק	h i n k i k
הסטון	h i s t o n
הסיטו	h i s i t u
הסקיצות	h i s k i t͡s u t
הסקנדינבי	h i s k a n d i n b i
הסרק	h i s ʁ e k
העגונות	e e ɡ o n u t
העפרון	e e f ʁ o n
העקיבה	e e k i v a
הפכי	h i f χ i
הפלגנו	h i f l e ɡ a n u
הפסולים	h i f s u l i m
הקצאות	h i k t͡s a u t
הרדיקליים	h i ʁ d i k l a j i m
הרפתקת	h i ʁ p a t e k e t
השיווקית	h i ʃ i v k i t
התאכסן	h i t a χ s a n
התארסה	h i t a ʁ s a
התברך	h i t b a ʁ e χ
התייתם	h i t j a t e m
התלוותה	h i t l a v a t a
התנודה	h i t n u d a
התעסקה	h i t a s k a
התעשרות	h i t a ʃ a ʁ u t
התרכך	h i t ʁ a χ e χ
ואילץ	v e i l e t͡s
ובזו	v a v a z u
וברוס	v a v ʁ o s
והושפע	v e h o ʃ p a
והטביע	v e h i t b i a
והטיח	v e h a t i a χ
והיקרה	v e h i k a ʁ a
והיתרה	v e h i t a ʁ a
והסתובב	v e h i s t o v e v
והעדויות	v e e d u j u t
והעסקה	v e e s k a
והצהרות	v e h i t͡s h a ʁ u t
והצמיד	v e h i t͡s m i d
וויצמן	v i t͡s m a n
וזווית	v i z v i t
וזן	v a z a n
וחלף	v a χ l a f
וחמודה	v a χ m u d a
וחסם	v a χ s a m
וידון	v i d o n
ויחסה	v i χ s a
ויטוריה	v i t u ʁ j a
וילו	v i l u
ויענה	v i a n a
ומגמת	v i m ɡ e m e t
ומתחרים	v i m t a χ a ʁ i m
ונוהגת	v e n o h e ɡ e t
וצדקת	v i t͡s d e k e t
וקיצוני	v e k i t͡s o n i
ורגעים	v a ʁ ɡ a i m
ושבועיים	v i ʃ b u a j i m
ושבטי	v i ʃ b a t i
ושורשים	v e ʃ o ʁ ʃ i m
ושידורים	v e ʃ i d u ʁ i m
זרועם	z a ʁ u a m
חייכן	χ a j a χ a n
חיתוכים	χ i t u χ i m
חלומותי	χ a l u m u t i
חלוצת	χ a l u t͡s a t
חסרונותיה	χ a s ʁ o n u t j a
חרכי	χ a ʁ a χ i
חרקוב	χ a ʁ k o v
טבי	t a v i
טיקטוק	t i k t u k
טענתך	t a a n t e χ
טרומבון	t ʁ o m b o n
יוכנס	j o χ n e s
יחשיך	j a χ ʃ i χ
ייענה	j i a n a
ינסן	j a n s a n
יענים	j a a n i m
יפל	j a f a l
ירגיז	j a ʁ ɡ i z
ישיבתם	j e ʃ i v t e m
כבמה	k a v a m a
כדאמרינן	k a d a m ʁ i n a n
כחדש	k a χ d e ʃ
כחמשת	k a χ m e ʃ e t
כינוסה	k i n u s a
כינוסי	k i n u s i
כירה	k i ʁ a
כמקורות	k a m k o ʁ u t
כניעתה	k n i a t a
כשסוף	k a ʃ s u f
לארנק	l e a ʁ n e k
לדרגים	l i d ʁ a ɡ i m
להחכים	l e h a χ i m
להטרדות	l e h i t ʁ a d u t
להיבדל	l e h i v d e l
להיסחר	l e h i s χ a ʁ
להנאתי	l a h a n a t i
להשפעתה	l e h i ʃ p a a t a
להתמוסס	l e h i t m o s e s
להתפרקות	l e h i t p a ʁ k u t
לזהירות	l i z h i ʁ u t
לחנק	l a χ n a k
לחריגה	l a χ ʁ i ɡ a
לחשיכה	l a χ ʃ i χ a
לטרנדים	l i t ʁ a n d i m
לינות	l i n u t
לכנותם	l i χ n u t e m
למיץ	l a m i t͡s
למכר	l i m k e ʁ
למסי	l a m s i
למצודת	l i m t͡s u d e t
לניק	l a n i k
לנצמן	l i n t͡s m a n
לעינים	l a i n i m
לעשת	l a a ʃ e t
לפטנט	l i f t a n t
לצ	l a t͡s
לצעירות	l i t͡s i ʁ u t
לקני	l a k a n i
לקציצות	l i k t͡s i t͡s u t
לקר	l a k a ʁ
לרגולציה	l a ʁ ɡ o l a t͡s j a
לרדיפת	l a ʁ d i f e t
לריי	l a ʁ a j
לשלהם	l i ʃ l a m
לתחזית	l i t χ a z i t
לתפנית	l i t p a n i t
מאביהם	m e e v j a m
מבגדי	m i v ɡ a d i
מבטחי	m i v t a χ i
מגדילות	m a ɡ d i l u t
מגששים	m a ɡ ʃ a ʃ i m
מדיות	m a d j u t
מדיחים	m a d i χ i m
מהאהבה	m e h a h a v a
מהחסידים	m e a χ s i d i m
מוניץ	m o n i t͡s
מוערכות	m o a ʁ χ u t
מוראן	m o ʁ a n
מורנינג	m o ʁ n i ŋ ɡ
מזניחים	m i z n i χ i m
מזרזים	m i z ʁ a z i m
מחביאה	m a χ b i a
מחזירות	m a χ z i ʁ u t
מחפצים	m a χ p a t͡s i m
מידידי	m i d i d i
מיובאות	m i j u v a u t
מילידי	m i l i d i
מינס	m i n e s
מיקד	m i k e d
מיריות	m i ʁ j u t
מכלילה	m a χ l i l a
מכניזם	m a χ n i z e m
מכשילה	m a χ ʃ i l a
ממכרים	m a m k a ʁ i m
מקוות	m a k v a t
משטרות	m i ʃ t a ʁ u t
משמידה	m i ʃ m i d a
משנינו	m i ʃ n i n u
מתאפקת	m i t a p e k e t
מתבצרים	m i t b a t͡s a ʁ i m
מתקיפת	m i t k i f e t
נדבנים	n i d b a n i m
נהל	n a h a l
נהם	n a h a m
נוהגי	n o h a ɡ i
נוכרית	n o χ ʁ i t
נוסטרה	n o s t a ʁ a
נופח	n o f a χ
נוצריה	n o t͡s a ʁ j a
נזרי	n i z ʁ i
נחשולי	n a χ ʃ u l i
נחשלות	n a χ ʃ a l u t
ניחנים	n i χ a n i m
נינים	n i n i m
נכחדה	n i χ χ a d a
נכסה	n i χ s a
נמאסת	n i m a s e t
נמחה	n i m χ a
נקצר	n i k t͡s a ʁ
נרתעה	n i ʁ t a a
נשאות	n i ʃ a u t
נשאית	n i ʃ a j i t
סולון	s o l o n
סיטר	s i t e ʁ
סילו	s i l u
סימונסון	s i m o n s o n
סירנות	s i ʁ n u t
סמניה	s a m a n j a
עדותי	a d u t i
עדיו	a d j u
עוור	a v a ʁ
עזריקם	a z ʁ i k e m
ען	a n
ענבה	a n a v a
ענברי	a n b a ʁ i
ענוגה	a n u ɡ a
עפת	a f a t
עצ	a t͡s
עצמותיה	a t͡s m u t j a
עקל	a k a l
פיסקת	p i s e k e t
פיקטיביות	p i k t i v j u t
פרודה	p ʁ u d a
פרטיזנית	p a ʁ t i z a n i t
פרמזן	p a ʁ m a z a n
צביונו	t͡s a v j o n u
צוהל	t͡s o h e l
צידית	t͡s i d i t
צערי	t͡s a a ʁ i
צפחה	t͡s a f χ a
קוזה	k o z a
קולח	k o l a χ
קונפורטי	k o n p o ʁ t i
קורנליה	k o ʁ n a l j a
קיצים	k i t͡s i m
קירואן	k i ʁ u a n
קכב	k a χ a v
קלושות	k l u ʃ u t
קמן	k a m a n
קראקוב	k a ʁ a k o v
רויה	ʁ o j a
רומאנו	ʁ o m a n u
ריקליס	ʁ i k l i s
ריתקה	ʁ i t k a
רעיתו	ʁ a i t u
רקק	ʁ a k a k
רתום	ʁ a t u m
שבחירת	ʃ a v χ i ʁ e t
שבעליה	ʃ a v a l j a
שבקשה	ʃ a v a k a ʃ a
שגדולה	ʃ a ɡ d u l a
שגדולי	ʃ a ɡ d u l i
שגילוי	ʃ ɡ i l u j
שדך	ʃ a d a χ
שדת	ʃ a d a t
שההר	ʃ a h a ʁ
שהמשותף	ʃ a h i m ʃ u t e f
שהתעקש	ʃ e h i t a k e ʃ
שהתקינו	ʃ e h i t k i n u
שופרא	ʃ o f ʁ a
שורדות	ʃ o ʁ d u t
שחששה	ʃ a χ ʃ a ʃ a
שיבק	ʃ i b e k
שידך	ʃ i d e χ
שיהרסו	ʃ i h a ʁ s u
שילובה	ʃ i l u v a
שיפרסם	ʃ i p ʁ a s e m
שליחותם	ʃ l i χ u t e m
שלין	ʃ a l i n
שמעדיף	ʃ a m a d i f
שמפאת	ʃ i m p a t
שמפרש	ʃ i m p ʁ e ʃ
שמשפחתה	ʃ i m ʃ p a χ t a
שמתרחקים	ʃ i m t a ʁ χ a k i m
שנורקל	ʃ n o ʁ k e l
שניתח	ʃ n i t e a χ
שעיני	ʃ a i n i
שפס	ʃ a f a s
שפק	ʃ a f a k
שקילת	ʃ k i l e t
שרלי	ʃ a ʁ l i
שרשי	ʃ a ʁ ʃ i
שתורה	ʃ a t u ʁ a
שתתנו	ʃ i t t a n u
תחלים	t a χ l i m
תחמוד	t a χ m u d
תיטיב	t i t i v
תיקונם	t i k o n e m
תך	t a χ
תכולתה	t χ u l t a
תלותו	t a l u t u
תנך	t a n a χ
baba	b a b a
database	d a t a b a s e
few	f e w
gif	ɡ i f
gmail	ɡ m a i l
imdb	i m d e b
italy	i t a l i
male	m a l e
match	m a t͡ʃ
mine	m i n e
nexus	n e k s u s
saw	s a w
shlomo	ʃ l o m o
wifi	w i f i
zum	z u m
אדגים	a d ɡ i m
אומניות	o m a n j u t
אורחא	o ʁ χ a
אורנית	o ʁ a n i t
אותכן	o t χ a n
אחרה	a χ a ʁ a
איגרא	i ɡ ʁ a
אירובית	i ʁ u v i t
אישרתי	i ʃ ʁ a t i
אליש	a l i ʃ
אמצה	a m t͡s a
אנוסי	a n u s i
אפולון	a f u l o n
ארונית	a ʁ o n i t
ארנקו	a ʁ n a k o
ארנקי	a ʁ n a k i
אתים	a t i m
באחוזות	b e a χ u z u t
באחי	b e a χ i
בהקטנת	b e h i k t a n t
בוונקובר	b a v a n k o v a ʁ
בוורמונט	b a v a ʁ m o n t
בזרמי	b i z ʁ a m i
בחיטה	b e χ i t a
בחיקי	b e χ i k i
בחרות	b a χ ʁ u t
ביקל	b i k e l
בכיתוב	b e χ i t u v
בללי	b a l a l i
בלמונט	b a l m o n t
בעיוות	b a i v e t
בפירמידה	b e f i ʁ m i d a
בקון	b a k o n
ברבעים	b a ʁ b a i m
ברדרס	b a ʁ d a ʁ a s
ברזלים	b a ʁ z a l i m
בריז	b ʁ i z
ברכילות	b a ʁ k i l u t
ברעיונותיו	b a ʁ a j o n u t j u
ברפרוף	b a ʁ p a ʁ u f
בשעתם	b i ʃ a t e m
בשרני	b i ʃ ʁ a n i
בתיל	b a t i l
גאט	ɡ a t
גונו	ɡ o n u
גוער	ɡ o a ʁ
גיאולוגיה	ɡ i u l o ɡ j a
גיזרה	ɡ i z a ʁ a
גלגולה	ɡ a l ɡ u l a
גסס	ɡ a s a s
גרופית	ɡ ʁ o f i t
גריבלדי	ɡ ʁ i b l a d i
גרימה	ɡ ʁ i m a
גריסה	ɡ ʁ i s a
דובוני	d o v o n i
דודם	d o d e m
דימון	d i m o n
דקירת	d k i ʁ e t
דראש	d a ʁ a ʃ
דרדוויל	d a ʁ d v i l
דרעא	d a ʁ a
האידאות	h e i d a u t
האילו	h e i l u
האלווין	h e e l v i n
האליבי	h e e l i v i
האלקית	h e e l k i t
הבטים	h i v t i m
הבליט	h i v l i t
הבשלות	h i v ʃ e l u t
הדואליות	h i d u a l j u t
הדוקר	h i d u k e ʁ
הדילוג	h i d i l u ɡ
הדיסקוס	h i d i s k o s
ההאקר	h e e k e ʁ
הודיני	h o d i n i
הוטב	h o t e v
הונחתה	h o n a χ t a
הזחילה	h i z χ i l a
הזיקית	h i z i k i t
הטוש	h i t u ʃ
הטסה	h i t s a
היזכרות	h i z k a ʁ u t
המאובן	h i m o v e n
המבזה	h i m b e z a
המביעה	h i m b i a
המגרה	h i m ɡ a ʁ a
המזמינים	h i m z a m i n i m
המזרחן	h i m z a ʁ χ a n
המזרנים	h i m z a ʁ a n i m
המחליטים	h i m χ a l i t i m
המחנאות	h i m χ a n a u t
המלאכית	h i m l a χ i t
המלטה	h i m l a t a
המלכת	h i m l e χ e t
המעתיק	h i m a t i k
המפורשות	h i m p o ʁ ʃ u t
המקילים	h i m k i l i m
המקרין	h i m k a ʁ i n
המרקד	h i m ʁ e k e d
המשיחה	h i m ʃ i χ a
המשלימות	h i m ʃ l i m u t
המתעסקים	h i m t a a s k i m
המתפוררת	h i m t p o ʁ e ʁ e t
המתרבים	h i m t a ʁ b i m
הנלחמת	h i n l a χ e m e t
הנעלות	h i n a l u t
הנערצים	h i n a ʁ a t͡s i m
הנקבים	h i n k e v i m
הסבות	h i s b u t
העמילן	e e m i l a n
העמלים	e e m a l i m
הערכיים	e e ʁ k a j i m
הפגזת	h i f ɡ e z e t
הפיצות	h i f i t͡s u t
הצלילות	h i t͡s l i l u t
הצמחונות	h i t͡s m a χ o n u t
הקיצון	h i k i t͡s o n
הרגיזה	h i ʁ ɡ i z a
הריתוך	h a ʁ i t u χ
הרמש	h i ʁ m e ʃ
הרני	h a ʁ a n i
השגויות	h i ʃ ɡ u j u t
השזיף	h i ʃ z i f
השיבולים	h i ʃ i b u l i m
השיבושים	h i ʃ i b u ʃ i m
השיעה	h i ʃ i a
השכליות	h i ʃ k a l j u t
השנון	h i ʃ n o n
השעם	h i ʃ a m
השראתם	h i ʃ ʁ a t e m
השרידות	h i ʃ ʁ i d u t
התאכזרות	h i t a χ z a ʁ u t
התאמצה	h i t a m t͡s a
התארס	h i t a ʁ e s
התולדות	h i t u l d u t
התלים	h i t l i m
התנדנד	h i t n a d a n d
התעלו	h i t a l u
התפתה	h i t p a t a
ואוהדים	v e o h a d i m
ואקנה	v e a k a n a
וביהדות	v i h a d u t
והבריח	v e h a v ʁ i a χ
וההומור	v e h o m o ʁ
וההסברה	v e h a s b a ʁ a
והיחידי	v e h i χ i d i
והיערות	v e h i a ʁ u t
והעמיק	v e e m i k
וואללה	w a l a l a
וויתורים	v i t u ʁ i m
וחטיבות	v a χ t i v u t
וחריפה	v a χ ʁ i f a
וחשק	v a χ ʃ e k
ויגלו	v i ɡ l u
ויותם	v i j u t e m
וילקינסון	v i l k i n s o n
וינו	v i n u
ויסלר	v i s l a ʁ
וירבו	v i ʁ b u
ולערב	v a l a ʁ a v
ומהומות	v i m h o m u t
ומחקה	v i m χ a k a
ומרגשת	v i m ʁ e ɡ e ʃ e t
ומתרחקים	v i m t a ʁ χ a k i m
ונילה	v e n i l a
וסוכנות	v e s u χ n u t
וסופות	v e s o f u t
וקורי	v a k o ʁ i
וקיי	v a k a j
ורגלי	v a ʁ ɡ a l i
ורדון	v a ʁ d o n
ורצונות	v a ʁ t͡s o n u t
ורצונם	v a ʁ t͡s o n a m
ורשעים	v a ʁ ʃ a i m
ושלטי	v i ʃ l a t i
ושמיני	v i ʃ m i n i
ותמימים	v i t m i m i m
ותעשיה	v i t a ʃ j a
זיתי	z i t i
חברוני	χ a v ʁ o n i
חדרית	χ a d a ʁ i t
חורבותיו	χ o ʁ b u t j u
חטאיה	χ a t a j a
חיצון	χ i t͡s o n
חישוביו	χ i ʃ u v j u
חישוקי	χ i ʃ u k i
חלחל	χ a l χ a l
חליטה	χ a l i t a
חליפית	χ a l i f i t
חמצת	χ a m a t͡s a t
חפני	χ a f a n i
חפרנו	χ a f ʁ a n u
חרציות	χ a ʁ a t͡s j u t
טאש	t a ʃ
טומה	t o m a
טט	t a t
טינדר	t i n d e ʁ
טיפולה	t i p u l a
טכיקרדיה	t e χ i k ʁ a d j a
טרופיות	t ʁ o f j u t
ידידת	j a d i d e t
יוגדל	j o ɡ d e l
יוצריה	j o t͡s a ʁ j a
יימח	j i m e a χ
יפתה	j a f t a
יקה	j a k a
יקטין	j a k t i n
ירחונים	j a ʁ χ o n i m
כברית	k a v ʁ i t
כדו	k a d u
כוננית	k o n a n i t
כחותם	k a χ u t e m
כידידים	k i d i d i m
כיווניות	k i v a n j u t
כימאים	k i m a i m
ככומר	k a χ u m a ʁ
כמועמדת	k a m u a m e d e t
כעצמאית	k a a t͡s m a i t
כערב	k a a ʁ a v
כפילוסוף	k f i l o s o f
כצדיק	k a t͡s d i k
כריה	k a ʁ j a
כריסי	k ʁ i s i
כשבנו	k a ʃ b a n u
כשילוב	k ʃ i l u v
לבלם	l a v l a m
לבלש	l a v l a ʃ
לגזבר	l i ɡ z a v e ʁ
לגמל	l i ɡ m e l
להחזקה	l e h a χ z a k a
להיסטוריונים	l e h i s t o ʁ j o n i m
להפיכתה	l e h e f i χ t a
להשתלמויות	l e h i ʃ t a l m u j u t
לוביה	l o v j a
לודא	l o d a
לוואן	l a v a n
לורדס	l o ʁ d e s
לזונות	l i z o n u t
לזרעים	l i z ʁ a i m
ליטף	l i t e f
לישי	l i ʃ i
ליתום	l i t u m
לכפייה	l i χ p i j a
ללול	l a l u l
ללקוחה	l i l k u χ a
למזנון	l i m z a n o n
למשרתי	l i m ʃ a ʁ t i
לסון	l a s o n
לעצמאותה	l e a t͡s m a u t a
לעקירת	l e a k i ʁ e t
לצפוי	l i t͡s p o j
לקליטתם	l i k l i t e t e m
לשבועה	l i ʃ b u a
לשעתם	l i ʃ a t e m
לשרתי	l i ʃ ʁ a t i
םדא	m a d a
מאימה	m e i m a
מגזרות	m a ɡ z a ʁ u t
מדאי	m a d a j
מהחשמל	m e a χ ʃ e m e l
מהישיבות	m e h i ʃ i v u t
מהעמים	m e e m i m
מהעקרונות	m e e k ʁ o n u t
מהתחתית	m e h i t χ a t i t
מהתמיכה	m e h i t m i χ a
מואס	m o a s
מונטאז	m o n t a z
מועמדותה	m o a m d u t a
מזבלה	m i z b a l a
מזרימה	m i z ʁ i m a
מיטלטלין	m i t a l t a l i n
מיניבוס	m i n i b o s
מסאג	m a s a ɡ
מסלעי	m a s l a i
מסף	m a s a f
מרדימים	m a ʁ d i m i m
משמעתית	m i ʃ m a a t i t
מתאדים	m i t a d i m
מתאכסן	m i t a χ s a n
מתווים	m i t v i m
מתמידה	m i t m i d a
מתענים	m i t a n i m
מתפרס	m i t p a ʁ a s
נאז	n a a z
נגלתה	n i ɡ l a t a
נחפה	n a χ a f a
ניטלה	n i t a l a
ניסיונותיהם	n i s j o n u t j a m
ניצולו	n i t͡s u l u
נכנה	n i χ n a
נפסלת	n i f s e l e t
נפסקים	n i f s a k i m
נפשיה	n i f ʃ i j a
נקבו	n i k b o
נקטתי	n i k t a t i
נקלטת	n i k l a t e t
נשמתנו	n i ʃ m a t a n u
סבאח	s a v a a χ
סגירתה	s ɡ i ʁ t a
סהדי	s a h a d i
סובסידיה	s o v s i d j a
סוסון	s o s o n
סטיג	s t i ɡ
סטניסלבסקי	s t a n i s l a b s k i
סימפוניות	s i m p o n j u t
סלקו	s a l a k o
ספקו	s a f a k o
סרטנית	s a ʁ t a n i t
עורמה	o ʁ m a
עיסאם	i s a m
עיקוב	i k u v
עמלם	a m l a m
עמרה	a m ʁ a
עקרי	a k ʁ i
עריסת	a ʁ i s e t
ערלים	a ʁ l i m
ערסים	a ʁ s i m
פונטיוס	p o n t j o s
פורטלים	p o ʁ t a l i m
פחדני	p a χ d a n i
פיום	p i j u m
פלגה	p a l a ɡ a
פקוח	p a k u a χ
פראו	p a ʁ a u
פרידום	p ʁ i d u m
פרסומן	p a ʁ s o m a n
פתולוג	p a t u l u ɡ
צדף	t͡s a d a f
צואר	t͡s o a ʁ
צונזר	t͡s o n z a ʁ
צורית	t͡s o ʁ i t
ציה	t͡s i j a
צפרא	t͡s a f ʁ a
קגן	k a ɡ a n
קודשי	k o d e ʃ i
קוטלת	k o t e l e t
קומרוב	k o m ʁ o v
קונפטי	k o n p a t i
קוסקו	k o s k o
קישטו	k i ʃ t o
קישינב	k i ʃ i n e v
קמל	k a m a l
קנ	k a n
קסת	k a s a t
קקון	k a k o n
קרימזון	k ʁ i m z o n
ראשנים	ʁ e ʃ a n i m
רודנים	ʁ o d a n i m
רוזמונד	ʁ o z m o n d
רוקנה	ʁ o k a n a
רירי	ʁ i ʁ i
רישומיו	ʁ i ʃ u m j u
רכישתם	ʁ e χ i ʃ t e m
רמתה	ʁ a m t a
שאריה	ʃ e a ʁ j a
שבם	ʃ a v a m
שבקי	ʃ a v a k i
שדינם	ʃ a d i n a m
שהושאר	ʃ e h o ʃ a ʁ
שהחתול	ʃ e h a χ t u l
שהנס	ʃ a h a n a s
שהתמיכה	ʃ e h i t m i χ a
שזרע	ʃ i z ʁ a
שחתה	ʃ a χ t a
שטיפח	ʃ t i p e a χ
שייד	ʃ a j a d
שימושה	ʃ i m u ʃ a
שיסע	ʃ i s a
שיפוי	ʃ i p u j
שירם	ʃ i ʁ e m
שיתפנו	ʃ i t p a n u
שלופה	ʃ l u f a
שמוסד	ʃ a m u s a d
שמחברת	ʃ i m χ a v a ʁ e t
שמפנים	ʃ i m p a n i m
שמשפיעה	ʃ i m ʃ p i a
שנותיי	ʃ n u t a j
שנידונה	ʃ n i d o n a
שנפצעה	ʃ i n p a t͡s a a
שנשדד	ʃ i n ʃ a d e d
שסטה	ʃ a s t a
שקדן	ʃ a k d a n
שרוצחים	ʃ ʁ u t͡s a χ i m
שריח	ʃ a ʁ i a χ
שתשאל	ʃ i t ʃ a e l
תאכזבי	t e a χ z a v i
תבהיר	t a v h i ʁ
תוהות	t o h u t
תחנם	t a χ n a m
תיאולוגי	t i u l o ɡ i
תילה	t i l a
תכו	t a χ u
תלוליות	t a l u l j u t
תלותה	t a l u t a
תלמידינו	t a l m i d i n u
תנועתיים	t n u a t a j i m
תסירו	t a s i ʁ u
תספורות	t a s p o ʁ u t
תשדורת	t i ʃ d u ʁ e t
תשלה	t i ʃ l a
תשתלב	t i ʃ t a l e v
aaron	a a r o n
abroad	a b r o a d
ago	a ɡ o
bash	b a ʃ
bis	b i s
nas	n a s
nov	n o v
ny	n i
seat	s e a t
sind	s i n d
ultimate	u l t i m a t e
weight	w e j t
yeah	j e a
אבהיר	a v h i ʁ
אבחנו	a v χ a n u
אבתיך	a v t i χ
אדס	a d a s
אוקלי	o k l i
אחמדי	a χ m a d i
אחתום	a χ t u m
אטל	a t a l
איטר	i t e ʁ
אינשי	i n ʃ i
אליאסי	a l i a s i
אליטיסטית	a l i t i s t i t
אלכימיה	a l k i m j a
אלמוניות	a l m o n j u t
אלסי	a l s i
אלרן	a l ʁ a n
אנקונה	a n k o n a
אנקור	a n k o ʁ
אנקר	a n k a ʁ
אנקרי	a n k a ʁ i
אנתרופולוג	a n t ʁ o f o l o ɡ
אקסים	a k s i m
אקסס	a k s a s
אראך	a ʁ a χ
ארית	a ʁ i t
באחיה	b e a χ j a
באחיזת	b e a χ i z e t
באטן	b a a t a n
בדאון	b a d a o n
בדיחי	b e d i χ i
בהגדרתה	b e h i ɡ d e ʁ t a
בהגשה	b e h a ɡ ʃ a
בההיא	b e h i
בהורמון	b e h o ʁ m o n
בהיקפם	b e h i k f e m
בונז	b o n e z
בוסקו	b o s k o
בזז	b a z a z
בחיסכון	b e χ i s k o n
בחיקך	b e χ i k e χ
בחישובי	b e χ i ʃ u v i
בטוש	b a t u ʃ
בטחת	b a t a χ a t
בילדותך	b i l d u t e χ
בינארית	b i n a ʁ i t
ביצועית	b i t͡s u i t
בירגיט	b i ʁ ɡ i t
בירמן	b i ʁ m e n
בישעיהו	b i ʃ a j a h u
בכייה	b e χ i j a
בנטיעות	b e n t i u t
בנסיכות	b e n e s i χ u t
בסליחות	b a s l i χ u t
בעטרה	b a a t a ʁ a
בפיענוח	b e f i a n u a χ
ברובוט	b ʁ o v u t
ברונטית	b ʁ o n t i t
בריאד	b ʁ i e d
ברסלבי	b a ʁ s a l a v i
בתירה	b e t i ʁ a
בתנך	b a t a n a χ
גגון	ɡ a ɡ o n
גדם	ɡ a d a m
גופייה	ɡ o f i j a
גוריו	ɡ o ʁ j o
גיבלי	ɡ i b l i
דדיה	d a d j a
דהויה	d e h u j a
דואו	d o u
דומב	d o m e v
דידה	d i d a
דלאוור	d a l a v a ʁ
דלילות	d l i l u t
דרורים	d ʁ o ʁ i m
האבץ	h e e v e t͡s
האולטרסאונד	h e o l t a ʁ s o n d
האמיד	h e e m i d
האנלוגי	h e e n l u ɡ i
הגברא	h i ɡ b a ʁ a
הגונות	h i ɡ o n u t
ההופכות	h e h o f χ u t
ההסטורי	h e h i s t o ʁ i
הוגאן	h o ɡ a n
