að	aː ð
með	m ɛː ð
eru	ɛː r ʏ
hefur	h ɛː v ʏ r
verið	v ɛː r ɪ ð
þetta	θ ɛ h t a
voru	v ɔː r ʏ
þeirra	θ e i rː a
einnig	e i t n ɪ ɣ
hans	h a n s
þeim	θ e iː m
getur	c ɛː t ʏ r
inn	ɪ nː
hafi	h aː v ɪ
undir	ʏ n t ɪ r
bara	p aː r a
væri	v a iː r ɪ
saman	s aː m a n
dag	t aː ɣ
kemur	cʰ ɛː m ʏ r
kom	kʰ ɔː m
skal	s k aː l
heldur	h ɛ l t ʏ r
tíma	tʰ iː m a
hafði	h a v ð ɪ
sama	s aː m a
fer	f ɛː r
sínum	s iː n ʏ m
fór	f o uː r
meira	m e iː r a
segir	s e iː j ɪ r
mun	m ʏː n
allir	a t l ɪ r
gert	c ɛ r̥ t
hvort	kʰ v ɔ r̥ t
varð	v a r ð
þann	θ a nː
alla	a t l a
bæði	p a iː ð ɪ
hennar	h ɛ nː a r
fyrsta	f ɪ r̥ s t a
hef	h ɛː v
sína	s iː n a
hins	h ɪ n s
gegn	c ɛ k n
stað	s t aː ð
henni	h ɛ nː ɪ
öðrum	œ ð r ʏ m
menn	m ɛ nː
öll	œ t l
oft	ɔ f t
tók	tʰ o uː k
alveg	a l v ɛː ɣ
auk	ø yː k
hægt	h a i x t
komið	kʰ ɔː m ɪ ð
orðið	ɔ r ð ɪ ð
öllum	œ t l ʏ m
þessum	θ ɛ sː ʏ m
fyrst	f ɪ r̥ s t
sú	s uː
vegar	v ɛː ɣ a r
árum	a uː r ʏ m
fékk	f j ɛ h k
erum	ɛː r ʏ m
annað	a nː a ð
hélt	ç ɛ l̥ t
þátt	θ a u h t
reykjavík	r e iː c a v iː k
sitt	s ɪ h t
eina	e iː n a
fyrr	f ɪ rː
fyrstu	f ɪ r̥ s t ʏ
the	tʰ ɛː
betur	p ɛː t ʏ r
finnst	f ɪ n s t
heim	h e iː m
sagði	s a ɣ ð ɪ
fleiri	f l e iː r ɪ
hluta	l̥ ʏː t a
sagt	s a x t
hverju	kʰ v ɛ r j ʏ
kannski	kʰ a nː s c ɪ
tekið	tʰ ɛː c ɪ ð
öllu	œ t l ʏ
önnur	œ nː ʏ r
hefði	h ɛ v ð ɪ
gerir	c ɛː r ɪ r
gæti	c a iː t ɪ
mín	m iː n
sín	s iː n
síðar	s iː ð a r
samt	s a m̥ t
tvö	tʰ v œː
þessu	θ ɛ sː ʏ
gegnum	c ɛ k n ʏ m
höfum	h œː v ʏ m
margir	m a r c ɪ r
vill	v ɪ t l
sett	s ɛ h t
sínu	s iː n ʏ
tekur	tʰ ɛː k ʏ r
hátt	h a u h t
höfðu	h œ v ð ʏ
nýja	n iː j a
máli	m a uː l ɪ
stendur	s t ɛ n t ʏ r
allar	a t l a r
komu	kʰ ɔː m ʏ
mikil	m ɪː c ɪ l
sex	s ɛ k s
hvers	kʰ v ɛ r̥ s
nær	n a iː r
engin	e i ɲ c ɪ n
landsins	l a n t s ɪ n s
tvær	tʰ v a iː r
nóvember	n o uː v ɛ m p ɛː r
september	s ɛ f tʰ ɛ m p ɛː r
síðustu	s iː ð ʏ s t ʏ
sögu	s œː ɣ ʏ
allan	a t l a n
jafnvel	j a p n v ɛː l
myndi	m ɪ n t ɪ
veit	v e iː t
þrátt	θ r a u h t
þótt	θ o u h t
daga	t aː ɣ a
frekar	f r ɛː k a r
lagi	l a iː j ɪ
móti	m o uː t ɪ
farið	f aː r ɪ ð
leita	l e iː t a
lengi	l e i ɲ c ɪ
lítið	l iː t ɪ ð
mörgum	m œ r k ʏ m
ágúst	a uː k u s t
árinu	a uː r ɪː n ʏ
þessa	θ ɛ sː a
fyrri	f ɪ rː ɪ
komst	kʰ ɔ m s t
nokkrum	n ɔ h k r ʏ m
apríl	aː p r iː l
besta	p ɛ s t a
eitthvað	e i h t kʰ v aː ð
erfitt	ɛ r v ɪ h t
heitir	h e iː t ɪ r
jafnframt	j a p n f r a m̥ t
komast	kʰ ɔː m a s t
komin	kʰ ɔː m ɪ n
séu	s j ɛː ʏ
tveimur	tʰ v e iː m ʏ r
undan	ʏ n t a n
áttu	a u h t ʏ
beint	p e i n̥ t
leyti	l e iː t ɪ
mikla	m ɪ h k l a
næstu	n a i s t ʏ
yrði	ɪ r ð ɪ
evrópu	ɛ v r o uː p ʏ
hverjum	kʰ v ɛ r j ʏ m
hversu	kʰ v ɛ r̥ s ʏ
miklu	m ɪ h k l ʏ
morgun	m ɔ r k ʏ n
mörg	m œ r k
aðrir	a ð r ɪ r
gekk	c ɛ h k
myndir	m ɪ n t ɪ r
viku	v ɪː k ʏ
þeirri	θ e i rː ɪ
aðrar	a ð r a r
háskóla	h a uː s k o uː l a
hætti	h a i h t ɪ
meiri	m e iː r ɪ
tveir	tʰ v e iː r
allra	a t l r a
desember	t ɛː s ɛ m p ɛː r
eldri	ɛ l t r ɪ
febrúar	f ɛː p r uː a r
fóru	f o uː r ʏ
helstu	h ɛ l s t ʏ
landinu	l a n t ɪː n ʏ
mest	m ɛ s t
seinna	s e i t n a
york	j ɔ r̥ k
öðru	œ ð r ʏ
þarf	θ a r v
þessar	θ ɛ sː a r
annarra	a nː a rː a
aðra	a ð r a
fjölda	f j œ l t a
mismunandi	m ɪ s m ʏː n a n t ɪ
nýju	n iː j ʏ
unnið	ʏ nː ɪ ð
búin	p uː ɪ n
hin	h ɪː n
notað	n ɔː t a ð
strax	s t r a k s
best	p ɛ s t
betri	p ɛː t r ɪ
liggur	l ɪ kː ʏ r
lífi	l iː v ɪ
stöðu	s t œː ð ʏ
tveggja	tʰ v ɛ cː a
frábær	f r a uː p a iː r
geti	c ɛː t ɪ
konu	kʰ ɔː n ʏ
mínum	m iː n ʏ m
nokkuð	n ɔ h k ʏ ð
sömu	s œː m ʏ
fannst	f a n s t
lét	l j ɛː t
væru	v a iː r ʏ
átta	a u h t a
illa	ɪ t l a
kann	kʰ a nː
vil	v ɪː l
vildi	v ɪ l t ɪ
ársins	a u r̥ s ɪ n s
þriðja	θ r ɪ ð j a
annan	a nː a n
flestir	f l ɛ s t ɪ r
gaf	k aː v
getum	c ɛː t ʏ m
margar	m a r k a r
mitt	m ɪ h t
akureyri	aː k ʏ r e iː r ɪ
kvenna	kʰ v ɛ nː a
lögum	l œː ɣ ʏ m
mikill	m ɪː c ɪ t l
milljónir	m ɪ l j o uː n ɪ r
sjö	s j œː
sínar	s iː n a r
síðasta	s iː ð a s t a
tvo	tʰ v ɔː
tóku	tʰ o uː k ʏ
upphafi	ʏ h p h aː v ɪ
rannsóknir	r a nː s o u h k n ɪ r
tekin	tʰ ɛː c ɪ n
upplýsingar	ʏ h p l iː s i ŋ k a r
almennt	a l m ɛ n̥ t
gamla	k a m l a
hinum	h ɪː n ʏ m
leik	l e iː k
nokkrar	n ɔ h k r a r
næst	n a i s t
sumir	s ʏː m ɪ r
vorum	v ɔː r ʏ m
kringum	kʰ r i ŋ k ʏ m
reykjavíkur	r e iː c a v iː k ʏ r
ríkisins	r iː c ɪ s ɪ n s
ýmsum	i m s ʏ m
þróun	θ r o uː ʏ n
borginni	p ɔ r c ɪ nː ɪ
skipti	s c ɪ f t ɪ
börnin	p œ r t n ɪ n
klukkan	kʰ l ʏ h k a n
störf	s t œ r v
vinnu	v ɪ nː ʏ
fengið	f e i ɲ c ɪ ð
gefur	c ɛː v ʏ r
get	c ɛː t
gær	c a iː r
mann	m a nː
urðu	ʏ r ð ʏ
áhuga	a uː h ʏː ɣ a
engu	e i ŋ k ʏ
fengu	f e i ŋ k ʏ
lagt	l a x t
mínútur	m iː n uː t ʏ r
vinstri	v ɪ n s t r ɪ
yfirleitt	ɪː v ɪ r l e i h t
bestu	p ɛ s t ʏ
fréttir	f r j ɛ h t ɪ r
inni	ɪ nː ɪ
liðið	l ɪː ð ɪ ð
norður	n ɔ r ð ʏ r
skiptir	s c ɪ f t ɪ r
staðar	s t aː ð a r
vann	v a nː
betra	p ɛː t r a
neitt	n e i h t
íslenskra	i s t l ɛ n s k r a
þremur	θ r ɛː m ʏ r
gangi	k a u ɲ c ɪ
mestu	m ɛ s t ʏ
mínu	m iː n ʏ
þessari	θ ɛ sː a r ɪ
einum	e iː n ʏ m
fari	f aː r ɪ
fremur	f r ɛː m ʏ r
haldin	h a l t ɪ n
helst	h ɛ l s t
líkt	l i x t
setti	s ɛ h t ɪ
sinnum	s ɪ nː ʏ m
svæðinu	s v a iː ð ɪ n ʏ
virðist	v ɪ r ð ɪ s t
ákveðið	a uː kʰ v ɛː ð ɪ ð
þrjú	θ r j uː
besti	p ɛ s t ɪ
dögum	t œː ɣ ʏ m
mína	m iː n a
nálægt	n a uː l a i x t
seinni	s e i t n ɪ
veg	v ɛː ɣ
vegum	v ɛː ɣ ʏ m
vilt	v ɪ l̥ t
árs	a u r̥ s
aldri	a l t r ɪ
and	a n t
barn	p a r t ⁽ʰ ⁾ n
de	t ɛː
langar	l a u ŋ k a r
skyldi	s c ɪ l t ɪ
breytt	p r e i h t
fyrirtækið	f ɪː r ɪ r tʰ a iː c ɪ ð
gerist	c ɛː r ɪ s t
lagði	l a ɣ ð ɪ
litla	l ɪ h t l a
skipta	s c ɪ f t a
suður	s ʏː ð ʏ r
verði	v ɛ r ð ɪ
íslendinga	i s t l ɛ n t i ŋ k a
íslendingar	i s t l ɛ n t i ŋ k a r
íslenskum	i s t l ɛ n s k ʏ m
þriggja	θ r ɪ cː a
þýðir	θ iː ð ɪ r
bænum	p a iː n ʏ m
eigum	e iː ɣ ʏ m
hendur	h ɛ n t ʏ r
lauk	l ø yː k
ætlar	a i h t l a r
bandaríkjunum	p a n t a r iː c ʏ n ʏ m
einhverju	e i n kʰ v ɛ r j ʏ
lokum	l ɔː k ʏ m
mönnum	m œ nː ʏ m
oftast	ɔ f t a s t
veitt	v e i h t
viljum	v ɪ l j ʏ m
ákvað	a uː kʰ v aː ð
þessara	θ ɛ sː a r a
birtist	p ɪ r̥ t ɪ s t
byrjaði	p ɪ r j aː ð ɪ
einhverjum	e i n kʰ v ɛ r j ʏ m
gerast	c ɛː r a s t
náði	n a uː ð ɪ
reyndi	r e i n t ɪ
rúmlega	r u m l ɛː ɣ a
flest	f l ɛ s t
fólks	f o u l̥ k s
hve	kʰ v ɛː
in	ɪː n
minnsta	m ɪ n s t a
miðað	m ɪː ð a ð
neðan	n ɛː ð a n
paul	pʰ ø yː l
sendi	s ɛ n t ɪ
þurfti	θ ʏ r̥ t ɪ
gerðar	c ɛ r ð a r
hefðu	h ɛ v ð ʏ
notuð	n ɔː t ʏ ð
stóra	s t o uː r a
vantar	v a n̥ t a r
þótti	θ o u h t ɪ
fleira	f l e iː r a
fólki	f o u l̥ c ɪ
gunnar	k ʏ nː a r
heimi	h e iː m ɪ
hvern	kʰ v ɛ r t ⁽ʰ ⁾ n
komi	kʰ ɔː m ɪ
myndin	m ɪ n t ɪ n
nokkra	n ɔ h k r a
degi	t e iː j ɪ
eiginlega	e iː j ɪ n l ɛː ɣ a
fullt	f ʏ l̥ t
geri	c ɛː r ɪ
lögð	l œ ɣ ð
skip	s c ɪː p
stærri	s t a i rː ɪ
talað	tʰ aː l a ð
einni	e i t n ɪ
fyrsti	f ɪ r̥ s t ɪ
gengið	c e i ɲ c ɪ ð
hingað	h i ŋ k a ð
höndum	h œ n t ʏ m
karla	kʰ a r t l a
marga	m a r k a
sambandi	s a m p a n t ɪ
síðari	s iː ð a r ɪ
yngri	i ŋ k r ɪ
breytingar	p r e iː t i ŋ k a r
eigi	e iː j ɪ
flestum	f l ɛ s t ʏ m
lista	l ɪ s t a
lýst	l i s t
vinnur	v ɪ nː ʏ r
útgáfu	uː t k a uː v ʏ
gerðu	c ɛ r ð ʏ
mikilvægt	m ɪː c ɪ l v a i x t
nemendur	n ɛː m ɛ n t ʏ r
nánast	n a uː n a s t
skóla	s k o uː l a
slíkt	s t l i x t
sumarið	s ʏː m a r ɪː ð
sýnir	s iː n ɪ r
vandamál	v a n t a m a uː l
alþingis	a l θ i ɲ c ɪ s
flutt	f l ʏ h t
framleiðslu	f r a m l e i ð s t l ʏ
harry	h a rː ɪ
huga	h ʏː ɣ a
komist	kʰ ɔː m ɪ s t
litlu	l ɪ h t l ʏ
munum	m ʏː n ʏ m
mætti	m a i h t ɪ
reynt	r e i n̥ t
skólans	s k o uː l a n s
son	s ɔː n
starfi	s t a r v ɪ
síns	s i n s
vatni	v a h t n ɪ
verkum	v ɛ r̥ k ʏ m
byggt	p ɪ x t
dr	t r ɔː
fjallar	f j a t l a r
fjögur	f j œː ɣ ʏ r
gætu	c a iː t ʏ
hug	h ʏː ɣ
james	j aː m ɛː s
löndum	l œ n t ʏ m
löngu	l ø y ŋ k ʏ
sjálfum	s j a u l v ʏ m
svæðið	s v a iː ð ɪ ð
to	tʰ ɔː
þrjár	θ r j a uː r
engar	e i ŋ k a r
helga	h ɛ l k a
hét	ç ɛː t
lést	l j ɛ s t
miklar	m ɪ h k l a r
skipt	s c ɪ f t
boðið	p ɔː ð ɪ ð
hægri	h a i ɣ r ɪ
kosti	kʰ ɔ s t ɪ
mið	m ɪː ð
orðin	ɔ r ð ɪ n
tölum	tʰ œː l ʏ m
áherslu	a uː h ɛ r̥ s t l ʏ
íbúa	iː p uː a
eigu	e iː ɣ ʏ
engan	e i ŋ k a n
fann	f a nː
hina	h ɪː n a
hugmyndir	h ʏ ɣ m ɪ n t ɪ r
lokið	l ɔː c ɪ ð
stórt	s t o u r̥ t
stöðum	s t œː ð ʏ m
síðast	s iː ð a s t
fjórum	f j o uː r ʏ m
hlaut	l̥ ø yː t
myndinni	m ɪ n t ɪ nː ɪ
málum	m a uː l ʏ m
ríkið	r iː c ɪ ð
sent	s ɛ n̥ t
snúa	s t n uː a
þekkt	θ ɛ x t
þennan	θ ɛ nː a n
þrjá	θ r j a uː
flutti	f l ʏ h t ɪ
hlut	l̥ ʏː t
leiðir	l e iː ð ɪ r
staðið	s t aː ð ɪ ð
stefnu	s t ɛ p n ʏ
stórum	s t o uː r ʏ m
séð	s j ɛː ð
þessir	θ ɛ sː ɪ r
enga	e i ŋ k a
farin	f aː r ɪ n
fjölskyldu	f j œ l s c ɪ l t ʏ
fylgjast	f ɪ l c a s t
greinar	k r e iː n a r
hitt	h ɪ h t
hættu	h a i h t ʏ
keypti	cʰ e i f t ɪ
leitt	l e i h t
nálgast	n a u l k a s t
sammála	s a mː a uː l a
sat	s aː t
skrifað	s k r ɪː v a ð
stærsta	s t a i r̥ s t a
telur	tʰ ɛː l ʏ r
verðum	v ɛ r ð ʏ m
þjónustu	θ j o uː n ʏ s t ʏ
bandaríkjanna	p a n t a r iː cʰ a nː a
bjarni	p j a r t n ɪ
bækur	p a iː k ʏ r
frábært	f r a uː p a i r̥ t
hlusta	l̥ ʏ s t a
hratt	r̥ a h t
sýnt	s i n̥ t
taldi	tʰ a l t ɪ
báðir	p a uː ð ɪ r
fjalla	f j a t l a
inniheldur	ɪ nː ɪ h ɛ l t ʏ r
kallað	kʰ a t l a ð
lætur	l a iː t ʏ r
margra	m a r k r a
mesta	m ɛ s t a
stofnað	s t ɔ p n a ð
svíþjóð	s v iː θ j o uː ð
sést	s j ɛ s t
tímum	tʰ iː m ʏ m
vissulega	v ɪ sː ʏ l ɛː ɣ a
áhyggjur	a uː h ɪ cː ʏ r
árlega	a uː r l ɛː ɣ a
aldar	a l t a r
annarri	a nː a rː ɪ
dregið	t r e iː j ɪ ð
eini	e iː n ɪ
fljótt	f l j o u h t
flokki	f l ɔ h c ɪ
notar	n ɔː t a r
spurningar	s p ʏ r t n i ŋ k a r
störfum	s t œ r v ʏ m
vissi	v ɪ sː ɪ
þitt	θ ɪ h t
augum	ø yː ɣ ʏ m
fljótlega	f l j o uː t l ɛː ɣ a
gagnvart	k a k n v a r̥ t
gerðist	c ɛ r ð ɪ s t
hinir	h ɪː n ɪ r
hinu	h ɪː n ʏ
hlutverki	l̥ ʏː t v ɛ r̥ c ɪ
lengra	l e i ŋ k r a
staðsett	s t a ð s ɛ h t
sum	s ʏː m
valdi	v a l t ɪ
vestmannaeyjum	v ɛ s t m a nː a e iː j ʏ m
washington	v aː s h i ŋ k tʰ ɔː n
árunum	a uː r ʏ n ʏ m
þætti	θ a i h t ɪ
danmörku	t a n m œ r̥ k ʏ
hinna	h ɪ nː a
hvorki	kʰ v ɔ r̥ c ɪ
kirkjunnar	cʰ ɪ r̥ c ʏ nː a r
komnir	kʰ ɔ m n ɪ r
leiki	l e iː c ɪ
lifir	l ɪː v ɪ r
lífið	l iː v ɪ ð
markmið	m a r̥ k m ɪː ð
námi	n a uː m ɪ
peter	pʰ ɛː t ɛ r
tengslum	tʰ e i ŋ k s t l ʏ m
virkilega	v ɪ r̥ c ɪ l ɛː ɣ a
berjast	p ɛ r j a s t
byrjar	p ɪ r j a r
formi	f ɔ r m ɪ
forseta	f ɔ r̥ s ɛː t a
kallast	kʰ a t l a s t
lýsir	l iː s ɪ r
metra	m ɛː t r a
myndu	m ɪ n t ʏ
mörk	m œ r̥ k
nokkru	n ɔ h k r ʏ
nærri	n a i rː ɪ
richard	r ɪː x a r t
sinnar	s ɪ nː a r
stóru	s t o uː r ʏ
sumum	s ʏː m ʏ m
alvöru	a l v œː r ʏ
borið	p ɔː r ɪ ð
einhvers	e i n kʰ v ɛ r̥ s
fáum	f a uː ʏ m
góð	k o uː ð
kjölfarið	cʰ œ l v a r ɪː ð
leikmenn	l e iː k m ɛ nː
liði	l ɪː ð ɪ
minnst	m ɪ n s t
segi	s e iː j ɪ
sjálfan	s j a u l v a n
stærstu	s t a i r̥ s t ʏ
tonn	tʰ ɔ nː
venjulega	v ɛ n j ʏ l ɛː ɣ a
völdum	v œ l t ʏ m
ýmsu	i m s ʏ
þykir	θ ɪː c ɪ r
bíl	p iː l
bókin	p o uː c ɪ n
dregur	t r ɛː ɣ ʏ r
dáin	t a uː ɪ n
einhverja	e i n kʰ v ɛ r j a
hefst	h ɛ f s t
hverja	kʰ v ɛ r j a
hætt	h a i h t
is	ɪː s
martin	m a r̥ t ɪ n
næstum	n a i s t ʏ m
tökum	tʰ œː k ʏ m
virkar	v ɪ r̥ k a r
áhrifum	a uː r̥ ɪː v ʏ m
báðum	p a uː ð ʏ m
föður	f œː ð ʏ r
la	l aː
lék	l j ɛː k
lífinu	l iː v ɪ n ʏ
mary	m aː r ɪ
muni	m ʏː n ɪ
nýjan	n iː j a n
nýrri	n i rː ɪ
samskipti	s a m s c ɪ f t ɪ
seint	s e i n̥ t
stóðu	s t o uː ð ʏ
tímabili	tʰ iː m a p ɪː l ɪ
vildu	v ɪ l t ʏ
viðkomandi	v ɪ ð kʰ ɔː m a n t ɪ
þína	θ iː n a
fengum	f e i ŋ k ʏ m
fjórða	f j o u r ð a
lenti	l ɛ n̥ t ɪ
norðan	n ɔ r ð a n
skipið	s c ɪː p ɪ ð
skráð	s k r a uː ð
slík	s t l iː k
texta	tʰ ɛ k s t a
tæplega	tʰ a iː p l ɛː ɣ a
bob	p ɔː p
fellur	f ɛ t l ʏ r
gömlu	k œ m l ʏ
jafnan	j a p n a n
liðin	l ɪː ð ɪ n
myndast	m ɪ n t a s t
nýjum	n iː j ʏ m
rannsóknum	r a nː s o u h k n ʏ m
stuðning	s t ʏ ð n i ŋ k
stærsti	s t a i r̥ s t ɪ
tegundir	tʰ ɛː ɣ ʏ n t ɪ r
telst	tʰ ɛ l s t
veldur	v ɛ l t ʏ r
vini	v ɪː n ɪ
borgarinnar	p ɔ r k a r ɪ nː a r
ferðast	f ɛ r ð a s t
fyrirtækisins	f ɪː r ɪ r tʰ a iː c ɪ s ɪ n s
hjálpar	ç a u l̥ p a r
langan	l a u ŋ k a n
mikilli	m ɪː c ɪ t l ɪ
sagan	s aː ɣ a n
sýndi	s i n t ɪ
tel	tʰ ɛː l
william	v ɪ t l ɪ aː m
ákvörðun	a uː kʰ v œ r ð ʏ n
þýskalandi	θ i s k a l a n t ɪ
byggir	p ɪ cː ɪ r
charles	x a r l ɛː s
dagar	t aː ɣ a r
einfalt	e i n f a l̥ t
fallega	f a t l ɛː ɣ a
fjögurra	f j œː ɣ ʏ rː a
fyrra	f ɪ rː a
félagar	f j ɛː l aː ɣ a r
félaginu	f j ɛː l a c ɪː n ʏ
gerst	c ɛ r̥ s t
geyma	c e iː m a
hinsvegar	h ɪ n s v ɛː ɣ a r
hverjir	kʰ v ɛ r j ɪ r
jones	j ɔː n ɛː s
kallar	kʰ a t l a r
kemst	cʰ ɛ m s t
kostar	kʰ ɔ s t a r
litið	l ɪː t ɪ ð
missti	m ɪ s t ɪ
myndum	m ɪ n t ʏ m
opinbera	ɔː p ɪ n p ɛː r a
samstarfi	s a m s t a r v ɪ
settur	s ɛ h t ʏ r
ætli	a i h t l ɪ
ætlum	a i h t l ʏ m
bill	p ɪ t l
bretlandi	p r ɛː t l a n t ɪ
frekari	f r ɛː k a r ɪ
fái	f a uː ɪ
gleyma	k l e iː m a
hamingju	h aː m i ɲ c ʏ
hreint	r̥ e i n̥ t
hverri	kʰ v ɛ rː ɪ
hópi	h o uː p ɪ
húsi	h uː s ɪ
konan	kʰ ɔː n a n
konungs	kʰ ɔː n u ŋ k s
lee	l ɛː
málinu	m a uː l ɪː n ʏ
reglur	r ɛ k l ʏ r
robert	r ɔː p ɛ r̥ t
sendir	s ɛ n t ɪ r
stuttu	s t ʏ h t ʏ
unga	u ŋ k a
vef	v ɛː v
þínum	θ iː n ʏ m
allavega	a t l a v ɛː ɣ a
augu	ø yː ɣ ʏ
burt	p ʏ r̥ t
eðli	ɛ ð l ɪ
foreldra	f ɔː r ɛ l t r a
hlutum	l̥ ʏː t ʏ m
hugsanlega	h ʏ x s a n l ɛː ɣ a
jarðar	j a r ð a r
kennslu	cʰ ɛ n s t l ʏ
landa	l a n t a
lands	l a n s
rætt	r a i h t
san	s aː n
sjó	s j o uː
vorið	v ɔː r ɪ ð
þjóðanna	θ j o uː ð a nː a
þátttöku	θ a u h t tʰ œː k ʏ
fæst	f a i s t
féll	f j ɛ t l
hafnarfirði	h a p n a r f ɪ r ð ɪ
heims	h e i m s
hendi	h ɛ n t ɪ
hitta	h ɪ h t a
konungur	kʰ ɔː n u ŋ k ʏ r
kynnast	cʰ ɪ nː a s t
kæmi	cʰ a iː m ɪ
menningu	m ɛ nː i ŋ k ʏ
mikilvæg	m ɪː c ɪ l v a iː ɣ
milljónum	m ɪ l j o uː n ʏ m
nýjar	n iː j a r
sjáum	s j a uː ʏ m
skilyrði	s c ɪː l ɪ r ð ɪ
sökum	s œː k ʏ m
sölu	s œː l ʏ
tilefni	tʰ ɪː l ɛ p n ɪ
þingmenn	θ i ŋ k m ɛ nː
búnir	p uː n ɪ r
deildinni	t e i l t ɪ nː ɪ
eignast	e i k n a s t
endaði	ɛ n t aː ð ɪ
fallegt	f a t l ɛ x t
flokksins	f l ɔ h k s ɪ n s
flott	f l ɔ h t
gerðir	c ɛ r ð ɪ r
giftist	c ɪ f t ɪ s t
heimsins	h e i m s ɪ n s
helsta	h ɛ l s t a
héldu	ç ɛ l t ʏ
kennt	cʰ ɛ n̥ t
rauða	r ø yː ð a
satt	s a h t
talsvert	tʰ a l s v ɛ r̥ t
tímabil	tʰ iː m a p ɪː l
tólf	tʰ o u l v
verkið	v ɛ r̥ c ɪ ð
vitum	v ɪː t ʏ m
þurfum	θ ʏ r v ʏ m
byggingu	p ɪ cː i ŋ k ʏ
flestar	f l ɛ s t a r
framhjá	f r a m ç a uː
fylgir	f ɪ l c ɪ r
lengri	l e i ŋ k r ɪ
lit	l ɪː t
lítur	l iː t ʏ r
niðurstöður	n ɪː ð ʏ r s t œː ð ʏ r
rétti	r j ɛ h t ɪ
rúv	r uː v
situr	s ɪː t ʏ r
skipa	s c ɪː p a
skoraði	s k ɔː r a ð ɪ
skyldu	s c ɪ l t ʏ
spyr	s p ɪː r
tengjast	tʰ e i ɲ c a s t
tom	tʰ ɔː m
yrðu	ɪ r ð ʏ
þarft	θ a r̥ t
almenna	a l m ɛ nː a
byrjað	p ɪ r j a ð
báðar	p a uː ð a r
form	f ɔ r m
gengu	c e i ŋ k ʏ
hafið	h aː v ɪ ð
heimildir	h e iː m ɪ l t ɪ r
heyrt	h e i r̥ t
kenndi	cʰ ɛ n t ɪ
las	l aː s
minnir	m ɪ nː ɪ r
mínar	m iː n a r
raunar	r ø yː n a r
reyndu	r e i n t ʏ
samstarf	s a m s t a r v
scott	s k ɔ h t
stóran	s t o uː r a n
syni	s ɪː n ɪ
talar	tʰ aː l a r
tengist	tʰ e i ɲ c ɪ s t
thomas	tʰ ɔː m a s
töluvert	tʰ œː l ʏ v ɛ r̥ t
umfjöllun	ʏ m f j œ t l ʏ n
varðandi	v a r ð a n t ɪ
vinsamlegast	v ɪ n s a m l ɛː ɣ a s t
áberandi	a uː p ɛː r a n t ɪ
íslenskri	i s t l ɛ n s k r ɪ
bæjarins	p a iː j a r ɪ n s
fallið	f a t l ɪ ð
fæddist	f a i tː ɪ s t
félaga	f j ɛː l aː ɣ a
gerum	c ɛː r ʏ m
hlotið	l̥ ɔː t ɪ ð
jóns	j o u n s
kirkjan	cʰ ɪ r̥ c a n
kirkju	cʰ ɪ r̥ c ʏ
kleift	kʰ l e i f t
kring	kʰ r i ŋ k
leiðin	l e iː ð ɪ n
rennur	r ɛ nː ʏ r
samvinnu	s a m v ɪ nː ʏ
setur	s ɛː t ʏ r
skoðað	s k ɔː ð a ð
starfaði	s t a r v aː ð ɪ
stjórnvöld	s t j o u r t n v œ l t
söng	s ø y ŋ k
tilgangi	tʰ ɪ l k a u ɲ c ɪ
uppruna	ʏ h p r ʏː n a
vakti	v a x t ɪ
almennings	a l m ɛ nː i ŋ k s
breyst	p r e i s t
formlega	f ɔ r m l ɛː ɣ a
framboð	f r a m p ɔː ð
fund	f ʏ n t
fyrrum	f ɪ rː ʏ m
hinni	h ɪ nː ɪ
iceland	ɪː s ɛː l a n t
meirihluta	m e iː r ɪ l̥ ʏː t a
réttu	r j ɛ h t ʏ
skaltu	s k a l̥ t ʏ
skammt	s k a m̥ t
skólanum	s k o uː l a n ʏ m
vatnið	v a h t n ɪ ð
vikum	v ɪː k ʏ m
áttum	a u h t ʏ m
óskar	o u s k a r
aðgerðir	a ð c ɛ r ð ɪ r
beitt	p e i h t
fullu	f ʏ t l ʏ
haldi	h a l t ɪ
heila	h e iː l a
hinar	h ɪː n a r
kaliforníu	kʰ aː l ɪ f ɔ r t n iː j ʏ
komum	kʰ ɔː m ʏ m
los	l ɔː s
margrét	m a r k r j ɛː t
orku	ɔ r̥ k ʏ
trump	tʰ r ʏ m̥ p
tímabilinu	tʰ iː m a p ɪː l ɪː n ʏ
vinir	v ɪː n ɪ r
vinum	v ɪː n ʏ m
ýmist	iː m ɪ s t
þeirrar	θ e i rː a r
þágu	θ a uː ʏ
efstu	ɛ f s t ʏ
fast	f a s t
jack	j a h k
leiddi	l e i tː ɪ
leiðandi	l e iː ð a n t ɪ
liðinu	l ɪː ð ɪ n ʏ
lokað	l ɔː k a ð
líkama	l iː kʰ aː m a
megi	m e iː j ɪ
rekur	r ɛː k ʏ r
rosalega	r ɔː s a l ɛː ɣ a
samhliða	s a m l̥ ɪː ð a
spilað	s p ɪː l a ð
tölur	tʰ œː l ʏ r
verki	v ɛ r̥ c ɪ
þekkingu	θ ɛ h c i ŋ k ʏ
þjóðarinnar	θ j o uː ð a r ɪ nː a r
ameríku	aː m ɛː r iː k ʏ
aðferðir	a ð f ɛ r ð ɪ r
baki	p aː c ɪ
baráttu	p aː r a u h t ʏ
dauða	t ø yː ð a
eigið	e iː j ɪ ð
engum	e i ŋ k ʏ m
falleg	f a t l ɛː ɣ
fjórar	f j o uː r a r
fjölskyldan	f j œ l s c ɪ l t a n
hermenn	h ɛ r m ɛ nː
háskólans	h a uː s k o uː l a n s
hærri	h a i rː ɪ
hóp	h o uː p
jónsdóttir	j o u n s t o u h t ɪ r
leikið	l e iː c ɪ ð
mátt	m a u h t
mæli	m a iː l ɪ
möguleika	m œː ɣ ʏ l e iː k a
nam	n aː m
oftar	ɔ f t a r
peninga	pʰ ɛː n i ŋ k a
settu	s ɛ h t ʏ
úrslit	u r̥ s t l ɪː t
austan	ø y s t a n
felur	f ɛː l ʏ r
leiðinni	l e iː ð ɪ nː ɪ
lofti	l ɔ f t ɪ
meir	m e iː r
mátti	m a u h t ɪ
reglulega	r ɛ k l ʏ l ɛː ɣ a
sko	s k ɔː
skömmu	s k œ mː ʏ
stundu	s t ʏ n t ʏ
svæðum	s v a iː ð ʏ m
unnu	ʏ nː ʏ
aftan	a f t a n
aðgang	a ð k a u ŋ k
aðila	aː ð ɪ l a
borgara	p ɔ r k a r a
dóttur	t o u h t ʏ r
gang	k a u ŋ k
heitið	h e iː t ɪ ð
hundruð	h ʏ n t r ʏː ð
hvarf	kʰ v a r v
háð	h a uː ð
keypt	cʰ e i f t
ljósi	l j o uː s ɪ
merkingu	m ɛ r̥ c i ŋ k ʏ
notaður	n ɔː t a ð ʏ r
reyndist	r e i n t ɪ s t
sam	s aː m
starfar	s t a r v a r
starfsmenn	s t a r v s m ɛ nː
sveitarfélög	s v e iː t a r f j ɛː l œː ɣ
tekst	tʰ ɛ x s t
vestan	v ɛ s t a n
veturinn	v ɛː t ʏ r ɪ nː
ákveðin	a uː kʰ v ɛː ð ɪ n
árangri	a uː r a u ŋ k r ɪ
áratug	a uː r a tʰ ʏː ɣ
íslenskir	i s t l ɛ n s c ɪ r
edward	ɛː t v a r t
efnið	ɛ p n ɪ ð
evrópusambandsins	ɛ v r o uː p ʏ s a m p a n t s ɪ n s
fjallað	f j a t l a ð
fært	f a i r̥ t
fætur	f a iː t ʏ r
loknu	l ɔ h k n ʏ
lögðu	l œ ɣ ð ʏ
lönd	l œ n t
mundu	m ʏ n t ʏ
mögulegt	m œː ɣ ʏ l ɛ x t
nokkurra	n ɔ h k ʏ rː a
skemmtilegt	s c ɛ m̥ t ɪ l ɛ x t
skoðanir	s k ɔː ð a n ɪ r
skuli	s k ʏː l ɪ
svarar	s v aː r a r
van	v aː n
þýðingu	θ iː ð i ŋ k ʏ
adam	aː t a m
al	aː l
breytingum	p r e iː t i ŋ k ʏ m
full	f ʏ t l
förum	f œː r ʏ m
gamli	k a m l ɪ
gríðarlega	k r iː ð a r l ɛː ɣ a
gátu	k a uː t ʏ
gögn	k œ k n
leiknum	l e i h k n ʏ m
líður	l iː ð ʏ r
miðju	m ɪ ð j ʏ
mínútu	m iː n uː t ʏ
settar	s ɛ h t a r
slíkar	s t l iː k a r
styrk	s t ɪ r̥ k
tengd	tʰ e i ŋ t
vísar	v iː s a r
ýmsa	i m s a
allri	a t l r ɪ
alþjóðlega	a l θ j o u ð l ɛː ɣ a
borgar	p ɔ r k a r
chris	kʰ r ɪː s
efst	ɛ f s t
eignir	e i k n ɪ r
fagna	f a k n a
fjarlægð	f j a r l a i ɣ ð
fjóra	f j o uː r a
frakklandi	f r a h k l a n t ɪ
fundi	f ʏ n t ɪ
fundum	f ʏ n t ʏ m
fylgdu	f ɪ l t ʏ
fékkst	f j ɛ h k s t
hærra	h a i rː a
johnson	j ɔ n s ɔː n
krefst	kʰ r ɛ f s t
lögreglan	l œ ɣ r ɛ k l a n
lýsti	l i s t ɪ
mörkum	m œ r̥ k ʏ m
niðurstöðu	n ɪː ð ʏ r s t œː ð ʏ
nánar	n a uː n a r
náðu	n a uː ð ʏ
taki	tʰ aː c ɪ
tilbúin	tʰ ɪ l p uː ɪ n
umsjón	ʏ m s j o uː n
virtist	v ɪ r̥ t ɪ s t
áhugavert	a uː h ʏː ɣ a v ɛ r̥ t
ákveðnum	a uː kʰ v ɛ ð n ʏ m
ýmsir	i m s ɪ r
þriðju	θ r ɪ ð j ʏ
þáttum	θ a u h t ʏ m
afríku	a v r iː k ʏ
annast	a nː a s t
byggist	p ɪ cː ɪ s t
dóttir	t o u h t ɪ r
egill	e iː j ɪ t l
forystu	f ɔː r ɪ s t ʏ
fylgdi	f ɪ l t ɪ
fyrirtækja	f ɪː r ɪ r tʰ a iː c a
gefst	c ɛ f s t
gildir	c ɪ l t ɪ r
gísli	c i s t l ɪ
hitti	h ɪ h t ɪ
hlýtur	l̥ iː t ʏ r
jörðinni	j œ r ð ɪ nː ɪ
leikjum	l e iː c ʏ m
leitar	l e iː t a r
liðsins	l ɪ ð s ɪ n s
mike	m ɪː c ɛ
orðum	ɔ r ð ʏ m
rannsaka	r a nː s aː k a
ríkis	r iː c ɪ s
sagðist	s a ɣ ð ɪ s t
skiptið	s c ɪ f t ɪ ð
staðnum	s t a ð n ʏ m
stórar	s t o uː r a r
sögunnar	s œː ɣ ʏ nː a r
akureyrar	aː k ʏ r e iː r a r
aðilar	aː ð ɪ l a r
ben	p ɛː n
eyjum	e iː j ʏ m
framkvæmdir	f r a m kʰ v a i m t ɪ r
heitt	h e i h t
hlutir	l̥ ʏː t ɪ r
horft	h ɔ r̥ t
inga	i ŋ k a
kirkjunni	cʰ ɪ r̥ c ʏ nː ɪ
lært	l a i r̥ t
reynslu	r e i n s t l ʏ
ríkisstjórnin	r iː c ɪ s s t j o u r t n ɪ n
samþykkti	s a m θ ɪ x t ɪ
sjálft	s j a u l̥ t
skulum	s k ʏː l ʏ m
stíl	s t iː l
svipað	s v ɪː p a ð
sögðu	s œ ɣ ð ʏ
tilfinningar	tʰ ɪ l f ɪ nː i ŋ k a r
varðar	v a r ð a r
vissu	v ɪ sː ʏ
viðskipti	v ɪ ð s c ɪ f t ɪ
áætlað	a uː a i h t l aː ð
þingi	θ i ɲ c ɪ
almenn	a l m ɛ nː
almenningi	a l m ɛ nː i ɲ c ɪ
auðvelt	ø y ð v ɛ l̥ t
birti	p ɪ r̥ t ɪ
breytast	p r e iː tʰ a s t
breytist	p r e iː t ɪ s t
bílnum	p i l n ʏ m
býður	p iː ð ʏ r
efnum	ɛ p n ʏ m
einhverjar	e i n kʰ v ɛ r j a r
endanum	ɛ n t a n ʏ m
evrópska	ɛ v r o u p s k a
felst	f ɛ l s t
guðs	k v ʏ ð s
góðan	k o uː ð a n
haldnir	h a l t n ɪ r
hópa	h o uː p a
kallaði	kʰ a t l a ð ɪ
lífs	l i f s
mikilvægur	m ɪː c ɪ l v a iː ɣ ʏ r
neinu	n e iː n ʏ
neinum	n e iː n ʏ m
nógu	n o uː ʏ
nöfn	n œ p n
opnar	ɔ h p n a r
rannsókna	r a nː s o u h k n a
ræður	r a iː ð ʏ r
sanna	s a nː a
skildi	s c ɪ l t ɪ
snýr	s t n iː r
steve	s t ɛː v ɛ
stuðla	s t ʏ ð l a
stuðningi	s t ʏ ð n i ɲ c ɪ
tekist	tʰ ɛː c ɪ s t
vikið	v ɪː c ɪ ð
víðar	v iː ð a r
vörur	v œː r ʏ r
bandaríska	p a n t a r i s k a
barst	p a r̥ s t
birt	p ɪ r̥ t
burtu	p ʏ r̥ t ʏ
endar	ɛ n t a r
framtíð	f r a m tʰ iː ð
frænda	f r a i n t a
fást	f a u s t
greinum	k r e iː n ʏ m
grunni	k r ʏ nː ɪ
hússins	h u sː ɪ n s
it	ɪː t
kallaður	kʰ a t l a ð ʏ r
komust	kʰ ɔː m ʏ s t
kynnti	cʰ ɪ n̥ t ɪ
mikils	m ɪː c ɪ l s
náms	n a u m s
plötu	pʰ l œː t ʏ
réttum	r j ɛ h t ʏ m
sigurðardóttir	s ɪː ɣ ʏ r ð a r t o u h t ɪ r
skilið	s c ɪː l ɪ ð
stjórnin	s t j o u r t n ɪ n
sögunni	s œː ɣ ʏ nː ɪ
tek	tʰ ɛː k
veitti	v e i h t ɪ
virðast	v ɪ r ð a s t
walter	v a l̥ t ɛ r
ytri	ɪː t r ɪ
bardaga	p a r t aː ɣ a
efnis	ɛ p n ɪ s
fáir	f a uː ɪ r
hljómsveitin	l̥ j o u m s v e iː t ɪ n
keflavík	cʰ ɛ p l a v iː k
lögreglu	l œ ɣ r ɛ k l ʏ
mannsins	m a nː s ɪ n s
miðjan	m ɪ ð j a n
notum	n ɔː t ʏ m
ráðast	r a uː ð a s t
ríkjum	r iː c ʏ m
sir	s ɪː r
stofnanir	s t ɔ p n a n ɪ r
svarta	s v a r̥ t a
teknar	tʰ ɛ h k n a r
tilraunir	tʰ ɪ l r ø yː n ɪ r
tónleika	tʰ o u n l e iː k a
ung	u ŋ k
vestfjörðum	v ɛ s t f j œ r ð ʏ m
vestmannaeyja	v ɛ s t m a nː a e iː j a
vísað	v iː s aː ð
ástæðan	a uː s t a iː ð a n
þessarar	θ ɛ sː a r a r
þróast	θ r o uː a s t
bekk	p ɛ h k
breska	p r ɛ s k a
einstaka	e i n s t aː k a
frændi	f r a i n t ɪ
hart	h a r̥ t
hliðar	l̥ ɪː ð a r
höfundar	h œː v ʏ n t a r
kennara	cʰ ɛ nː a r a
kölluð	kʰ œ t l ʏ ð
liðs	l ɪ ð s
lægri	l a i ɣ r ɪ
línu	l iː n ʏ
menningar	m ɛ nː i ŋ k a r
milljarða	m ɪ l j a r ð a
mætir	m a iː t ɪ r
mínir	m iː n ɪ r
opinber	ɔː p ɪ n p ɛː r
pabbi	pʰ a pː ɪ
skilningi	s c ɪ l n i ɲ c ɪ
stuðnings	s t ʏ ð n i ŋ k s
stærra	s t a i rː a
sótti	s o u h t ɪ
sömuleiðis	s œː m ʏ l e iː ð ɪ s
sýnd	s i n t
tagi	tʰ a iː j ɪ
texti	tʰ ɛ k s t ɪ
tony	tʰ ɔː n ɪ
verka	v ɛ r̥ k a
viðbótar	v ɪ ð p o uː t a r
alan	aː l a n
berst	p ɛ r̥ s t
bjarnason	p j a r t n a s ɔː n
boltann	p ɔ l̥ tʰ a nː
city	s ɪː t ɪ
deildarinnar	t e i l t a r ɪ nː a r
eiginleika	e iː j ɪ n l e iː k a
englandi	e i ŋ k l a n t ɪ
esb	ɛ s p
evrópusambandið	ɛ v r o uː p ʏ s a m p a n t ɪ ð
forðast	f ɔ r ð a s t
fínt	f i n̥ t
konungi	kʰ ɔː n u ɲ c ɪ
kynnt	cʰ ɪ n̥ t
líkist	l iː c ɪ s t
markað	m a r̥ k a ð
munt	m ʏ n̥ t
nefnist	n ɛ p n ɪ s t
reyni	r e iː n ɪ
selt	s ɛ l̥ t
st	s t
sáu	s a uː ʏ
tilfellum	tʰ ɪ l f ɛ t l ʏ m
veitir	v e iː t ɪ r
verra	v ɛ rː a
ákveður	a uː kʰ v ɛː ð ʏ r
ánægju	a uː n a iː j ʏ
beggja	p ɛ cː a
dagurinn	t aː ɣ ʏ r ɪ nː
fæddur	f a i tː ʏ r
gætir	c a iː t ɪ r
hafnað	h a p n a ð
kalt	kʰ a l̥ t
kunni	kʰ ʏ nː ɪ
kynntist	cʰ ɪ n̥ t ɪ s t
metrar	m ɛː t r a r
nemenda	n ɛː m ɛ n t a
opinberum	ɔː p ɪ n p ɛː r ʏ m
rekið	r ɛː c ɪ ð
ræðu	r a iː ð ʏ
ríkinu	r iː c ɪ n ʏ
saint	s a i n̥ t
skiptist	s c ɪ f t ɪ s t
skipuð	s c ɪː p ʏ ð
spurningu	s p ʏ r t n i ŋ k ʏ
staðan	s t aː ð a n
stjórnarskrá	s t j o u r t n a r s k r a uː
stjórnvalda	s t j o u r t n v a l t a
stöðugt	s t œː ð ʏ x t
sérstökum	s j ɛ r̥ s t œː k ʏ m
tali	tʰ aː l ɪ
tilheyrir	tʰ ɪː l h e iː r ɪ r
tíðina	tʰ iː ð ɪ n a
upplýsingum	ʏ h p l iː s i ŋ k ʏ m
almennum	a l m ɛ nː ʏ m
bent	p ɛ n̥ t
brott	p r ɔ h t
bróður	p r o uː ð ʏ r
bændur	p a i n t ʏ r
bókum	p o uː k ʏ m
datt	t a h t
em	ɛː m
flytur	f l ɪː t ʏ r
fundist	f ʏ n t ɪ s t
fót	f o uː t
gáfu	k a uː v ʏ
heimasíðu	h e iː m a s iː ð ʏ
heimsækja	h e i m s a iː c a
hlutfall	l̥ ʏː t f a t l
hugmyndum	h ʏ ɣ m ɪ n t ʏ m
hálf	h a u l v
húsavík	h uː s a v iː k
litlar	l ɪ h t l a r
létu	l j ɛː t ʏ
löngum	l ø y ŋ k ʏ m
mac	m aː k
magni	m a k n ɪ
mundi	m ʏ n t ɪ
no	n ɔː
reglum	r ɛ k l ʏ m
russell	r ʏ sː ɛ t l
samanstendur	s aː m a n s t ɛ n t ʏ r
skilur	s c ɪː l ʏ r
slíkum	s t l iː k ʏ m
stefnir	s t ɛ p n ɪ r
sýningar	s iː n i ŋ k a r
velkomin	v ɛ l kʰ ɔː m ɪ n
ýmissa	iː m ɪ sː a
þinni	θ ɪ nː ɪ
augun	ø yː ɣ ʏ n
bóndi	p o u n t ɪ
ed	ɛː t
fengi	f e i ɲ c ɪ
fjallaði	f j a t l a ð ɪ
friðrik	f r ɪ ð r ɪː k
fólkið	f o u l̥ c ɪ ð
grundvelli	k r ʏ n t v ɛ t l ɪ
hreyfingu	r̥ e iː v i ŋ k ʏ
hugmyndin	h ʏ ɣ m ɪ n t ɪ n
jane	j aː n ɛ
merkir	m ɛ r̥ c ɪ r
myndirnar	m ɪ n t ɪ r t n a r
mættu	m a i h t ʏ
mömmu	m œ mː ʏ
netinu	n ɛː t ɪ n ʏ
set	s ɛː t
sjálfir	s j a u l v ɪ r
skipulag	s c ɪː p ʏ l aː ɣ
skrifar	s k r ɪː v a r
spurt	s p ʏ r̥ t
stelpur	s t ɛ l̥ p ʏ r
sundur	s ʏ n t ʏ r
talsins	tʰ a l s ɪ n s
tímabilið	tʰ iː m a p ɪː l ɪ ð
valin	v aː l ɪ n
þingið	θ i ɲ c ɪ ð
þvert	θ v ɛ r̥ t
afleiðingar	a v l e iː ð i ŋ k a r
atkvæða	aː t kʰ v a iː ð a
aukið	ø yː c ɪ ð
borgina	p ɔ r c ɪ n a
dagsins	t a x s ɪ n s
drap	t r aː p
fresti	f r ɛ s t ɪ
frumkvæði	f r ʏ m kʰ v a iː ð ɪ
gamalt	k aː m a l̥ t
gestir	c ɛ s t ɪ r
góðu	k o uː ð ʏ
hring	r̥ i ŋ k
hæsta	h a i s t a
ka	kʰ aː
kevin	cʰ ɛː v ɪ n
kíkja	cʰ iː c a
losa	l ɔː s a
neinn	n e i t n
nýrra	n i rː a
opnað	ɔ h p n a ð
or	ɔː r
pakka	pʰ a h k a
senn	s ɛ nː
smám	s m a uː m
snýst	s t n i s t
spáni	s p a uː n ɪ
staðir	s t aː ð ɪ r
stjórnmálamenn	s t j o u r t n m a uː l a m ɛ nː
sveitarfélaga	s v e iː t a r f j ɛː l aː ɣ a
söguna	s œː ɣ ʏ n a
veru	v ɛː r ʏ
viðurkenningu	v ɪː ð ʏ r cʰ ɛ nː i ŋ k ʏ
árabil	a uː r a p ɪː l
áratugum	a uː r a tʰ ʏː ɣ ʏ m
íbúum	iː p uː ʏ m
íslenskrar	i s t l ɛ n s k r aː r
annaðhvort	a nː a ð kʰ v ɔ r̥ t
aðal	aː ð a l
blaðið	p l aː ð ɪ ð
borgin	p ɔ r c ɪ n
breytti	p r e i h t ɪ
farnir	f a r t n ɪ r
fæðingu	f a iː ð i ŋ k ʏ
fólksins	f o u l̥ k s ɪ n s
gráðu	k r a uː ð ʏ
hentar	h ɛ n̥ t a r
hreinsa	r̥ e i n s a
leikir	l e iː c ɪ r
lent	l ɛ n̥ t
mælt	m a i l̥ t
mögulega	m œː ɣ ʏ l ɛː ɣ a
sameiningu	s aː m e iː n i ŋ k ʏ
sjónum	s j o uː n ʏ m
skýrslu	s c i r̥ s t l ʏ
slæmt	s t l a i m̥ t
smátt	s m a u h t
spilar	s p ɪː l a r
staðsetningu	s t a ð s ɛ h t n i ŋ k ʏ
sterk	s t ɛ r̥ k
síðasti	s iː ð a s t ɪ
töldu	tʰ œ l t ʏ
unnin	ʏ nː ɪ n
verri	v ɛ rː ɪ
vina	v ɪː n a
vinnuna	v ɪ nː ʏ n a
ásgeir	a uː s c e iː r
ólafs	o uː l a f s
ólíkt	o uː l i x t
úrslitum	u r̥ s t l ɪː t ʏ m
þétt	θ j ɛ h t
dró	t r o uː
falli	f a t l ɪ
fulla	f ʏ t l a
fyrirtækjum	f ɪː r ɪ r tʰ a iː c ʏ m
hlutina	l̥ ʏː t ɪ n a
klukkutíma	kʰ l ʏ h k ʏ tʰ iː m a
leggjum	l ɛ cː ʏ m
lærði	l a i r ð ɪ
noregs	n ɔː r ɛ k s
rússlandi	r u sː l a n t ɪ
safnað	s a p n a ð
sameiginlegt	s aː m e iː j ɪ n l ɛ x t
seldi	s ɛ l t ɪ
steingrímur	s t e i n k r iː m ʏ r
stofnuð	s t ɔ p n ʏ ð
stundir	s t ʏ n t ɪ r
sást	s a u s t
sátu	s a uː t ʏ
viðskiptum	v ɪ ð s c ɪ f t ʏ m
óháð	o uː h a uː ð
algjör	a l c œː r
bandaríkjamenn	p a n t a r iː c a m ɛ nː
björnsson	p j œ r t n s s ɔː n
fimmta	f ɪ m̥ t a
fisk	f ɪ s k
fjölbreytt	f j œ l p r e i h t
færir	f a iː r ɪ r
gary	k aː r ɪ
giftast	c ɪ f t a s t
góðar	k o uː ð a r
góðum	k o uː ð ʏ m
hlakka	l̥ a h k a
jörðu	j œ r ð ʏ
knattspyrnu	kʰ n a h t s p ɪ r t n ʏ
markmiði	m a r̥ k m ɪː ð ɪ
mikillar	m ɪː c ɪ t l a r
misst	m ɪ s t
nauðsynlegt	n ø y ð s ɪ n l ɛ x t
næsti	n a i s t ɪ
ráðið	r a uː ð ɪ ð
skildu	s c ɪ l t ʏ
skólum	s k o uː l ʏ m
stelpurnar	s t ɛ l̥ p ʏ r t n a r
svæðisins	s v a iː ð ɪ s ɪ n s
túlkun	tʰ u l̥ k ʏ n
vinnunni	v ɪ nː ʏ nː ɪ
ágætt	a uː c a i h t
barninu	p a r t n ɪː n ʏ
byggingar	p ɪ cː i ŋ k a r
don	t ɔː n
dönsku	t œ n s k ʏ
gilda	c ɪ l t a
gömlum	k œ m l ʏ m
hæst	h a i s t
jim	j ɪː m
kafla	kʰ a p l a
kost	kʰ ɔ s t
kynlíf	cʰ ɪ n l iː v
listamenn	l ɪ s t a m ɛ nː
liða	l ɪː ð a
losna	l ɔ s t n a
látum	l a uː t ʏ m
lögunum	l œː ɣ ʏ n ʏ m
morgunblaðinu	m ɔ r k ʏ n p l aː ð ɪ n ʏ
morgunblaðið	m ɔ r k ʏ n p l aː ð ɪ ð
opið	ɔː p ɪ ð
oss	ɔ sː
samskiptum	s a m s c ɪ f t ʏ m
send	s ɛ n t
sendu	s ɛ n t ʏ
skilgreina	s c ɪ l k r e iː n a
skipum	s c ɪː p ʏ m
séum	s j ɛː ʏ m
sóttu	s o u h t ʏ
tvennt	tʰ v ɛ n̥ t
táknar	tʰ a u h k n a r
vegi	v e iː j ɪ
vettvangi	v ɛ h t v a u ɲ c ɪ
völd	v œ l t
ævintýri	a iː v ɪ n tʰ iː r ɪ
þingsins	θ i ŋ k s ɪ n s
akranesi	aː k r a n ɛː s ɪ
all	a t l
alþjóðlegum	a l θ j o u ð l ɛː ɣ ʏ m
atli	a h t l ɪ
aðdraganda	a ð t r aː ɣ a n t a
aðferðum	a ð f ɛ r ð ʏ m
carlos	kʰ a r l ɔː s
daglegu	t a ɣ l ɛː ɣ ʏ
dan	t aː n
dreift	t r e i f t
eyju	e iː j ʏ
flokk	f l ɔ h k
framundan	f r aː m ʏ n t a n
francisco	f r a n s ɪ s k ɔ
fyrirbæri	f ɪː r ɪ r p a iː r ɪ
félög	f j ɛː l œː ɣ
guðmundsdóttir	k v ʏ ð m ʏ n t s t o u h t ɪ r
guðni	k v ʏ ð n ɪ
helgason	h ɛ l k a s ɔː n
hinnar	h ɪ nː a r
háskólanum	h a uː s k o uː l a n ʏ m
hæfileika	h a iː v ɪ l e iː k a
king	cʰ i ŋ k
kosningum	kʰ ɔ s t n i ŋ k ʏ m
kröfur	kʰ r œː v ʏ r
mínútum	m iː n uː t ʏ m
peningum	pʰ ɛː n i ŋ k ʏ m
pálsson	pʰ a u l s s ɔː n
setjast	s ɛː t j a s t
skapi	s k aː p ɪ
skipi	s c ɪː p ɪ
sló	s t l o uː
sneri	s t n ɛː r ɪ
sýndu	s i n t ʏ
tungu	tʰ u ŋ k ʏ
tímar	tʰ iː m a r
tónleikum	tʰ o u n l e iː k ʏ m
uns	ʏ n s
utanríkisráðherra	ʏː t a n r iː c ɪ s r a uː ð h ɛ rː a
viðtali	v ɪ ð tʰ aː l ɪ
árnason	a u r t n a s ɔː n
þekki	θ ɛ h c ɪ
þjóðir	θ j o uː ð ɪ r
þroska	θ r ɔ s k a
aðstöðu	a ð s t œː ð ʏ
bannað	p a nː a ð
bárust	p a uː r ʏ s t
bókarinnar	p o uː k a r ɪ nː a r
dettur	t ɛ h t ʏ r
eitthvert	e i h t kʰ v ɛ r̥ t
eldra	ɛ l t r a
fjarri	f j a rː ɪ
fjölmiðlum	f j œ l m ɪ ð l ʏ m
flokkar	f l ɔ h k a r
garð	k a r ð
grindavík	k r ɪ n t a v iː k
heilsu	h e i l s ʏ
hjónin	ç o uː n ɪ n
karlar	kʰ a r t l a r
krakkarnir	kʰ r a h k a r t n ɪ r
leyst	l e i s t
lifað	l ɪː v a ð
listi	l ɪ s t ɪ
míns	m i n s
raunverulega	r ø y n v ɛː r ʏ l ɛː ɣ a
samfélaginu	s a m f j ɛː l a j ɪː n ʏ
skalt	s k a l̥ t
slíku	s t l iː k ʏ
sterkari	s t ɛ r̥ k a r ɪ
svart	s v a r̥ t
síðu	s iː ð ʏ
varlega	v a r l ɛː ɣ a
ástæðum	a uː s t a iː ð ʏ m
íslendingum	i s t l ɛ n t i ŋ k ʏ m
afleiðingum	a v l e iː ð i ŋ k ʏ m
aukin	ø yː c ɪ n
dýra	t iː r a
engir	e i ɲ c ɪ r
finn	f ɪ nː
fjölskyldunni	f j œ l s c ɪ l t ʏ nː ɪ
fullri	f ʏ t l r ɪ
horfir	h ɔ r v ɪ r
hálfu	h a u l v ʏ
höldum	h œ l t ʏ m
id	ɪː t
karlmenn	kʰ a r t l m ɛ nː
létt	l j ɛ h t
marcus	m a r̥ k ʏ s
microsoft	m ɪː k r ɔ s ɔ f t
minningar	m ɪ nː i ŋ k a r
mætt	m a i h t
nokkurs	n ɔ h k ʏ r̥ s
nútíma	n uː tʰ iː m a
red	r ɛː t
reist	r e i s t
samfylkingarinnar	s a m f ɪ l̥ c i ŋ k a r ɪ nː a r
settir	s ɛ h t ɪ r
sjást	s j a u s t
skotið	s k ɔː t ɪ ð
skyndilega	s c ɪ n t ɪ l ɛː ɣ a
snúast	s t n uː a s t
stolt	s t ɔ l̥ t
sviðum	s v ɪː ð ʏ m
viðfangsefni	v ɪ ð f a u ŋ k s ɛ p n ɪ
aðstoðar	a ð s t ɔː ð a r
big	p ɪː ɣ
byggðar	p ɪ ɣ ð a r
börnunum	p œ r t n ʏ n ʏ m
des	t ɛː s
drápu	t r a uː p ʏ
eyjunni	e iː j ʏ nː ɪ
eytt	e i h t
fyrirmynd	f ɪː r ɪ r m ɪ n t
heyrir	h e iː r ɪ r
hreinu	r̥ e iː n ʏ
hámarki	h a uː m a r̥ c ɪ
jóni	j o uː n ɪ
kennir	cʰ ɛ nː ɪ r
kyns	cʰ ɪ n s
leyfir	l e iː v ɪ r
loftið	l ɔ f t ɪ ð
maríu	m aː r i j ʏ
morgni	m ɔ r k n ɪ
náttúru	n a u h t uː r ʏ
ráðist	r a uː ð ɪ s t
samfélagi	s a m f j ɛː l aː j ɪ
selfoss	s ɛ l f ɔ sː
sjálfri	s j a u l v r ɪ
skipað	s c ɪː p a ð
skjöl	s c œː l
slíka	s t l iː k a
stigum	s t ɪː ɣ ʏ m
styttri	s t ɪ h t r ɪ
susan	s ʏː s a n
sólin	s o uː l ɪ n
tekjur	tʰ ɛː c ʏ r
verðlaunin	v ɛ r ð l ø yː n ɪ n
vi	v ɪː
white	v ɪː t ɛ
þyrfti	θ ɪ r̥ t ɪ
alex	aː l ɛ k s
auknum	ø y h k n ʏ m
barist	p aː r ɪ s t
berast	p ɛː r a s t
breta	p r ɛː t a
brotið	p r ɔː t ɪ ð
endanlega	ɛ n t a n l ɛː ɣ a
fjölmiðla	f j œ l m ɪ ð l a
fylgist	f ɪ l c ɪ s t
fædd	f a i tː
færri	f a i rː ɪ
færð	f a i r ð
greitt	k r e i h t
group	k r ø yː p
hittast	h ɪ h t a s t
howard	h ɔː v a r t
hí	ç iː
húsa	h uː s a
krists	kʰ r ɪ s t s
læt	l a iː t
lýkur	l iː k ʏ r
myrtur	m ɪ r̥ t ʏ r
neina	n e iː n a
opin	ɔː p ɪ n
ríkir	r iː c ɪ r
ríkjandi	r iː c a n t ɪ
stjórnmálum	s t j o u r t n m a uː l ʏ m
stofnaður	s t ɔ p n a ð ʏ r
street	s t r ɛː t
sumt	s ʏ m̥ t
tilheyra	tʰ ɪː l h e iː r a
tveim	tʰ v e iː m
varir	v aː r ɪ r
vart	v a r̥ t
varði	v a r ð ɪ
veiðar	v e iː ð a r
vísindamenn	v iː s ɪ n t a m ɛ nː
áfengi	a uː f e i ɲ c ɪ
þínu	θ iː n ʏ
þórir	θ o uː r ɪ r
alfarið	a l v a r ɪː ð
alþjóðlegu	a l θ j o u ð l ɛː ɣ ʏ
borist	p ɔː r ɪ s t
boði	p ɔː ð ɪ
breytir	p r e iː t ɪ r
bíla	p iː l a
búum	p uː ʏ m
deyr	t e iː r
einhverjir	e i n kʰ v ɛ r j ɪ r
eiríkur	e iː r iː k ʏ r
flokknum	f l ɔ h k n ʏ m
fundu	f ʏ n t ʏ
heimildum	h e iː m ɪ l t ʏ m
heyrði	h e i r ð ɪ
hollandi	h ɔ t l a n t ɪ
kannast	kʰ a nː a s t
kvöldi	kʰ v œ l t ɪ
kvöldin	kʰ v œ l t ɪ n
lækni	l a i h k n ɪ
meðlimir	m ɛ ð l ɪː m ɪ r
myndarinnar	m ɪ n t a r ɪ nː a r
möguleiki	m œː ɣ ʏ l e iː c ɪ
ræktun	r a i x t ʏ n
sjávar	s j a uː v a r
snorri	s t n ɔ rː ɪ
síðunni	s iː ð ʏ nː ɪ
times	tʰ ɪː m ɛː s
tölu	tʰ œː l ʏ
vekur	v ɛː k ʏ r
vélar	v j ɛː l a r
þjóða	θ j o uː ð a
ba	p aː
bræður	p r a iː ð ʏ r
deildar	t e i l t a r
efast	ɛː v a s t
einna	e i t n a
elstu	ɛ l s t ʏ
fjölmörgum	f j œ l m œ r k ʏ m
fluttu	f l ʏ h t ʏ
foreldrum	f ɔː r ɛ l t r ʏ m
framar	f r aː m a r
framleitt	f r a m l e i h t
gætum	c a iː t ʏ m
hafnarfjarðar	h a p n a r f j a r ð a r
hannað	h a nː a ð
hópar	h o uː p a r
kostnað	kʰ ɔ s t n a ð
ksí	kʰ s iː
le	l ɛː
listanum	l ɪ s t a n ʏ m
litli	l ɪ h t l ɪ
liðum	l ɪː ð ʏ m
mennta	m ɛ n̥ t a
nein	n e iː n
prófi	pʰ r o uː v ɪ
reikna	r e i h k n a
sambandsins	s a m p a n t s ɪ n s
sjái	s j a uː ɪ
sonar	s ɔː n a r
stundað	s t ʏ n t a ð
svokallaða	s v ɔː k a t l aː ð a
svör	s v œː r
syngur	s i ŋ k ʏ r
sætið	s a iː t ɪ ð
sýningu	s iː n i ŋ k ʏ
this	tʰ ɪː s
verndar	v ɛ r n t a r
vinnslu	v ɪ n s t l ʏ
ákvæði	a uː kʰ v a iː ð ɪ
ána	a uː n a
ætlast	a iː t l a s t
ólík	o uː l iː k
þurfi	θ ʏ r v ɪ
þórðarson	θ o u r ð a r s ɔː n
ann	a nː
barni	p a r t n ɪ
blóði	p l o uː ð ɪ
christian	kʰ r ɪ s t ɪ aː n
deilt	t e i l̥ t
elsta	ɛ l s t a
frið	f r ɪː ð
grunn	k r ʏ nː
guðjón	k v ʏ ð j o uː n
gíslason	c i s t l a s ɔː n
halldórsson	h a t l t o u r̥ s s ɔː n
hæstaréttar	h a i s t a r j ɛ h t a r
höfuðið	h œː v ʏ ð ɪ ð
jerry	j ɛ rː ɪ
jimmy	j ɪ mː ɪ
kim	cʰ ɪː m
kílómetra	cʰ iː l o uː m ɛː t r a
ljósmyndir	l j o uː s m ɪ n t ɪ r
lágu	l a uː ʏ
merkilegt	m ɛ r̥ c ɪ l ɛ x t
myndar	m ɪ n t a r
máls	m a u l s
nemendum	n ɛː m ɛ n t ʏ m
opnum	ɔ h p n ʏ m
pabba	pʰ a pː a
reglu	r ɛ k l ʏ
safnast	s a p n a s t
sendur	s ɛ n t ʏ r
skugga	s k ʏ kː a
smærri	s m a i rː ɪ
sönn	s œ nː
tim	tʰ ɪː m
ungum	u ŋ k ʏ m
verst	v ɛ r̥ s t
viðurkenna	v ɪː ð ʏ r cʰ ɛ nː a
will	v ɪ t l
ytra	ɪː t r a
yður	ɪː ð ʏ r
ákveðna	a uː kʰ v ɛ ð n a
ánægjulegt	a uː n a iː j ʏ l ɛ x t
íþróttir	iː θ r o u h t ɪ r
óvart	o uː v a r̥ t
ömmu	œ mː ʏ
bretar	p r ɛː t a r
carter	kʰ a r̥ t ɛ r
djúpt	t j u f t
eyddi	e i tː ɪ
ferðir	f ɛ r ð ɪ r
freyr	f r e iː r
fótbolta	f o uː t p ɔ l̥ t a
gafst	k a f s t
garðabæ	k a r ð a p a iː
hafðu	h a v ð ʏ
harris	h a rː ɪ s
helsti	h ɛ l s t ɪ
hófust	h o uː v ʏ s t
hópum	h o uː p ʏ m
jólin	j o uː l ɪ n
kirkjuna	cʰ ɪ r̥ c ʏ n a
kong	kʰ o u ŋ k
konung	kʰ ɔː n u ŋ k
læknar	l a i h k n a r
ma	m aː
minnast	m ɪ nː a s t
niðri	n ɪ ð r ɪ
norðurlandi	n ɔ r ð ʏ r l a n t ɪ
opnuð	ɔ h p n ʏ ð
ray	r a iː
ritstjóri	r ɪː t s t j o uː r ɪ
safnsins	s a p n s ɪ n s
samtímis	s a m tʰ iː m ɪ s
samtökum	s a m tʰ œː k ʏ m
skemmtun	s c ɛ m̥ t ʏ n
slapp	s t l a h p
spennt	s p ɛ n̥ t
spurningum	s p ʏ r t n i ŋ k ʏ m
starfinu	s t a r v ɪː n ʏ
stofnunarinnar	s t ɔ p n ʏ n a r ɪ nː a r
stone	s t ɔː n ɛ
sveitin	s v e iː t ɪ n
umræðu	ʏ m r a iː ð ʏ
ástæður	a uː s t a iː ð ʏ r
öryggis	œː r ɪ cː ɪ s
þáverandi	θ a uː v ɛː r a n t ɪ
anne	a nː ɛ
benjamin	p ɛ n j a m ɪː n
boltanum	p ɔ l̥ t a n ʏ m
dagana	t aː ɣ a n a
dala	t aː l a
dóma	t o uː m a
einhverri	e i n kʰ v ɛ rː ɪ
farþega	f a r θ ɛː ɣ a
framhaldi	f r a m h a l t ɪ
færði	f a i r ð ɪ
félögum	f j ɛː l œː ɣ ʏ m
hverfinu	kʰ v ɛ r v ɪː n ʏ
keppninni	cʰ ɛ h p n ɪ nː ɪ
kröfu	kʰ r œː v ʏ
leyft	l e i f t
láni	l a uː n ɪ
manninum	m a nː ɪ n ʏ m
miðjum	m ɪ ð j ʏ m
málefnum	m a uː l ɛ p n ʏ m
mínútna	m iː n u h t n a
online	ɔ n l ɪː n ɛ
orði	ɔ r ð ɪ
sameiginlega	s aː m e iː j ɪ n l ɛː ɣ a
slæm	s t l a iː m
stofnunar	s t ɔ p n ʏ n a r
talan	tʰ aː l a n
ted	tʰ ɛː t
teljum	tʰ ɛ l j ʏ m
ur	ʏː r
velkomnir	v ɛ l kʰ ɔ m n ɪ r
verslanir	v ɛ r̥ s t l aː n ɪ r
vex	v ɛ k s
vexti	v ɛ k s t ɪ
vélin	v j ɛː l ɪ n
áratugnum	a uː r a tʰ ʏ k n ʏ m
ír	iː r
útskrifaðist	uː t s k r ɪː v a ð ɪ s t
albert	a l p ɛ r̥ t
anthony	a n̥ t h ɔː n ɪ
aukist	ø yː c ɪ s t
aðstæðum	a ð s t a iː ð ʏ m
beinni	p e i t n ɪ
dó	t o uː
einföld	e i n f œ l t
elskar	ɛ l s k a r
ferðamenn	f ɛ r ð a m ɛ nː
finnlandi	f ɪ nː l a n t ɪ
fjölskylduna	f j œ l s c ɪ l t ʏ n a
gerðum	c ɛ r ð ʏ m
gísla	c i s t l a
hefjast	h ɛ v j a s t
hálfa	h a u l v a
kelly	cʰ ɛ t l ɪ
leitaði	l e iː t aː ð ɪ
matt	m a h t
mikilla	m ɪː c ɪ t l a
mikli	m ɪ h k l ɪ
munurinn	m ʏː n ʏ r ɪ nː
settist	s ɛ h t ɪ s t
skiptast	s c ɪ f tʰ a s t
skiptingu	s c ɪ f t i ŋ k ʏ
skipuleggja	s c ɪː p ʏ l ɛ cː a
stofnaði	s t ɔ p n a ð ɪ
strönd	s t r œ n t
stúlkur	s t u l̥ k ʏ r
sögð	s œ ɣ ð
tímabundið	tʰ iː m a p ʏ n t ɪ ð
ungra	u ŋ k r a
vandlega	v a n t l ɛː ɣ a
vegas	v ɛː ɣ a s
versta	v ɛ r̥ s t a
virk	v ɪ r̥ k
vonast	v ɔː n a s t
yfirvöld	ɪː v ɪ r v œ l t
ólíkar	o uː l iː k a r
þurftu	θ ʏ r̥ t ʏ
band	p a n t
blandað	p l a n t a ð
breyttist	p r e i h t ɪ s t
brown	p r ɔ uː n
báru	p a uː r ʏ
dýrum	t iː r ʏ m
eigendur	e iː j ɛ n t ʏ r
fjölmörg	f j œ l m œ r k
flokkum	f l ɔ h k ʏ m
frétta	f r j ɛ h t a
gunnarsdóttir	k ʏ nː a r s t o u h t ɪ r
helgu	h ɛ l k ʏ
hverjar	kʰ v ɛ r j a r
hátíðin	h a uː tʰ iː ð ɪ n
höfuðborgarsvæðinu	h œː v ʏ ð p ɔ r k a r s v a iː ð ɪ n ʏ
höfð	h œ v ð
kennarar	cʰ ɛ nː a r a r
krakkar	kʰ r a h k a r
kæru	cʰ a iː r ʏ
líkar	l iː k a r
líkindum	l iː c ɪ n t ʏ m
manneskju	m a nː ɛ s c ʏ
mesti	m ɛ s t ɪ
miklir	m ɪ h k l ɪ r
málsins	m a u l s ɪ n s
mörgu	m œ r k ʏ
passar	pʰ a sː a r
rauði	r ø yː ð ɪ
rekin	r ɛː c ɪ n
rænt	r a i n̥ t
samdi	s a m t ɪ
skylt	s c ɪ l̥ t
snerist	s t n ɛː r ɪ s t
sveitarinnar	s v e iː t a r ɪ nː a r
sækir	s a iː c ɪ r
sért	s j ɛ r̥ t
tilliti	tʰ ɪ t l ɪː t ɪ
trúi	tʰ r uː ɪ
umboðsmaður	ʏ m p ɔ ð s m aː ð ʏ r
vertu	v ɛ r̥ t ʏ
west	v ɛ s t
ánni	a u nː ɪ
austurlandi	ø y s t ʏ r l a n t ɪ
beinlínis	p e i n l iː n ɪ s
beðið	p ɛː ð ɪ ð
bláa	p l a uː a
braust	p r ø y s t
dreifingu	t r e iː v i ŋ k ʏ
efsta	ɛ f s t a
franklin	f r a u ŋ̊ k l ɪː n
guðmundar	k v ʏ ð m ʏ n t a r
hálft	h a u l̥ t
húsum	h uː s ʏ m
inngöngu	ɪ n k ø y ŋ k ʏ
kaupir	kʰ ø yː p ɪ r
kem	cʰ ɛː m
krafti	kʰ r a f t ɪ
laust	l ø y s t
norðurlöndunum	n ɔ r ð ʏ r l œ n t ʏ n ʏ m
opnast	ɔ h p n a s t
prósent	pʰ r o uː s ɛ n̥ t
ríkisstjórnar	r iː c ɪ s s t j o u r t n a r
sarah	s aː r a
seld	s ɛ l t
skyldur	s c ɪ l t ʏ r
stakk	s t a h k
sumrin	s ʏ m r ɪː n
suðurlandi	s ʏː ð ʏ r l a n t ɪ
velti	v ɛ l̥ t ɪ
velur	v ɛː l ʏ r
viltu	v ɪ l̥ t ʏ
vinstra	v ɪ n s t r a
vísi	v iː s ɪ
ókeypis	o uː c e iː p ɪ s
þúsundir	θ uː s ʏ n t ɪ r
aðstoða	a ð s t ɔː ð a
beið	p e iː ð
bita	p ɪː t a
breytingu	p r e iː t i ŋ k ʏ
by	p ɪː
co	kʰ ɔː
dregin	t r e iː j ɪ n
eykur	e iː k ʏ r
framleiðir	f r a m l e iː ð ɪ r
from	f r ɔː m
féllu	f j ɛ t l ʏ
gamlar	k a m l a r
getu	c ɛː t ʏ
græna	k r a iː n a
gylfi	c ɪ l v ɪ
hefðbundin	h ɛ v ð p ʏ n t ɪ n
hvoru	kʰ v ɔː r ʏ
hélst	ç ɛ l s t
hópnum	h o u h p n ʏ m
innilega	ɪ nː ɪ l ɛː ɣ a
jan	j aː n
jóhönnu	j o uː h œ nː ʏ
kennedy	cʰ ɛ nː ɛ t ɪ
kenningar	cʰ ɛ nː i ŋ k a r
krónur	kʰ r o uː n ʏ r
kópavogs	kʰ o uː p a v ɔ k s
lagðar	l a ɣ ð a r
lögun	l œː ɣ ʏ n
minnar	m ɪ nː a r
morgan	m ɔ r k a n
norðurlöndum	n ɔ r ð ʏ r l œ n t ʏ m
sigurðar	s ɪː ɣ ʏ r ð a r
sjöunda	s j œː ʏ n t a
snertir	s t n ɛ r̥ t ɪ r
stefnan	s t ɛ p n a n
stórir	s t o uː r ɪ r
takið	tʰ aː c ɪ ð
tegundum	tʰ ɛː ɣ ʏ n t ʏ m
tilbúnir	tʰ ɪ l p uː n ɪ r
tilfelli	tʰ ɪ l f ɛ t l ɪ
trausti	tʰ r ø y s t ɪ
verðlauna	v ɛ r ð l ø yː n a
veröld	v ɛː r œ l t
vinsæll	v ɪ n s a i t l
vissum	v ɪ sː ʏ m
vísir	v iː s ɪ r
ólafsdóttir	o uː l a v s t o u h t ɪ r
önnu	œ nː ʏ
adams	aː t a m s
aldrinum	a l t r ɪː n ʏ m
alþjóðleg	a l θ j o u ð l ɛː ɣ
danmerkur	t a n m ɛ r̥ k ʏ r
deginum	t e iː j ɪ n ʏ m
ferðamanna	f ɛ r ð a m a nː a
finnist	f ɪ nː ɪ s t
flestra	f l ɛ s t r a
flugi	f l ʏ iː j ɪ
friði	f r ɪː ð ɪ
fyrirmæli	f ɪː r ɪ r m a iː l ɪ
gegnir	c ɛ k n ɪ r
gjafir	c aː v ɪ r
glugga	k l ʏ kː a
greint	k r e i n̥ t
guði	k v ʏː ð ɪ
gögnum	k œ k n ʏ m
harold	h aː r ɔ l t
heimilt	h e iː m ɪ l̥ t
héldum	ç ɛ l t ʏ m
jay	j a iː
keppendur	cʰ ɛ h p ɛ n t ʏ r
legg	l ɛ kː
leiksins	l e i k s ɪ n s
lögreglunnar	l œ ɣ r ɛ k l ʏ nː a r
neyslu	n e i s t l ʏ
pening	pʰ ɛː n i ŋ k
reynst	r e i n s t
seðlabanka	s ɛ ð l a p a u ŋ̊ k a
skilgreint	s c ɪ l k r e i n̥ t
slóðum	s t l o uː ð ʏ m
so	s ɔː
steinar	s t e iː n a r
steven	s t ɛː v ɛ n
stjórnandi	s t j o u r t n a n t ɪ
styður	s t ɪː ð ʏ r
svipuð	s v ɪː p ʏ ð
teknir	tʰ ɛ h k n ɪ r
tölvur	tʰ œ l v ʏ r
victor	v ɪ x t ɔ r
viðbót	v ɪ ð p o uː t
viðskipta	v ɪ ð s c ɪ f t a
værum	v a iː r ʏ m
ætíð	a iː tʰ iː ð
þingmanna	θ i ŋ k m a nː a
þróað	θ r o uː a ð
afa	aː v a
benti	p ɛ n̥ t ɪ
bjargað	p j a r k a ð
blaðinu	p l aː ð ɪ n ʏ
dómsmálaráðherra	t o u m s m a uː l a r a uː ð h ɛ rː a
elín	ɛː l iː n
finnum	f ɪ nː ʏ m
flaug	f l ø yː ɣ
frönsku	f r œ n s k ʏ
fugla	f ʏ k l a
gegnt	c ɛ k n̥ t
gráður	k r a uː ð ʏ r
hefðbundnum	h ɛ v ð p ʏ n t n ʏ m
heil	h e iː l
heilt	h e i l̥ t
hittir	h ɪ h t ɪ r
hraðar	r̥ aː ð a r
hreyfingar	r̥ e iː v i ŋ k a r
hringdi	r̥ i ŋ t ɪ
könnun	kʰ œ nː ʏ n
leiti	l e iː t ɪ
lendir	l ɛ n t ɪ r
láti	l a uː t ɪ
mikilvægasta	m ɪː c ɪ l v a iː ɣ a s t a
miðri	m ɪ ð r ɪ
morgunblaðsins	m ɔ r k ʏ n p l a ð s ɪ n s
myrt	m ɪ r̥ t
park	pʰ a r̥ k
rauninni	r ø yː n ɪ nː ɪ
réttindum	r j ɛ h t ɪ n t ʏ m
sameinast	s aː m e iː n a s t
samgöngur	s a m k ø y ŋ k ʏ r
santa	s a n̥ t a
sjónvarpi	s j o u n v a r̥ p ɪ
sjúkdóma	s j uː k t o uː m a
skilað	s c ɪː l a ð
staði	s t aː ð ɪ
sterka	s t ɛ r̥ k a
stjórnsýslu	s t j o u r t n s i s t l ʏ
ströndinni	s t r œ n t ɪ nː ɪ
stundaði	s t ʏ n t aː ð ɪ
synir	s ɪː n ɪ r
sáum	s a uː ʏ m
tæp	tʰ a iː p
verksins	v ɛ r̥ k s ɪ n s
yfirgaf	ɪː v ɪ r k aː v
áhrifa	a uː r̥ ɪː v a
átök	a uː tʰ œː k
íþróttum	iː θ r o u h t ʏ m
óli	o uː l ɪ
þóra	θ o uː r a
þús	θ uː s
algjört	a l c œ r̥ t
atburði	aː t p ʏ r ð ɪ
athyglisvert	aː t h ɪ k l ɪ s v ɛ r̥ t
aðgerðum	a ð c ɛ r ð ʏ m
barbara	p a r p aː r a
báða	p a uː ð a
bænda	p a i n t a
del	t ɛː l
donald	t ɔː n a l t
dómara	t o uː m a r a
eykst	e i x s t
fengist	f e i ɲ c ɪ s t
fjölmiðlar	f j œ l m ɪ ð l a r
fjölskyldur	f j œ l s c ɪ l t ʏ r
flesta	f l ɛ s t a
fluttur	f l ʏ h t ʏ r
fullan	f ʏ t l a n
hafir	h aː v ɪ r
hag	h aː ɣ
hugsanir	h ʏ x s aː n ɪ r
hólum	h o uː l ʏ m
kerfinu	cʰ ɛ r v ɪː n ʏ
klippa	kʰ l ɪ h p a
leitast	l e iː tʰ a s t
lækna	l a i h k n a
markmiðið	m a r̥ k m ɪː ð ɪ ð
matvæli	m aː t v a iː l ɪ
mælti	m a i l̥ t ɪ
neðst	n ɛ ð s t
nýs	n iː s
ron	r ɔː n
ráði	r a uː ð ɪ
siglufirði	s ɪ k l ʏ f ɪ r ð ɪ
sjötta	s j œ h t a
skilgreiningu	s c ɪ l k r e iː n i ŋ k ʏ
skrif	s k r ɪː v
skrifuð	s k r ɪː v ʏ ð
skyni	s c ɪː n ɪ
slær	s t l a iː r
starfsmanna	s t a r v s m a nː a
staðsetning	s t a ð s ɛ h t n i ŋ k
stiga	s t ɪː ɣ a
ströndum	s t r œ n t ʏ m
taldir	tʰ a l t ɪ r
tilfinningu	tʰ ɪ l f ɪ nː i ŋ k ʏ
tilvist	tʰ ɪ l v ɪ s t
veist	v e i s t
vellinum	v ɛ t l ɪ n ʏ m
áætlanir	a uː a i h t l aː n ɪ r
öfugt	œː v ʏ x t
þrjátíu	θ r j a uː tʰ iː j ʏ
þýsku	θ i s k ʏ
almennilega	a l m ɛ nː ɪ l ɛː ɣ a
almenning	a l m ɛ nː i ŋ k
bad	p aː t
beinum	p e iː n ʏ m
bili	p ɪː l ɪ
biður	p ɪː ð ʏ r
borgum	p ɔ r k ʏ m
do	t ɔː
dæmdur	t a i m t ʏ r
einnar	e i t n a r
fjölskyldunnar	f j œ l s c ɪ l t ʏ nː a r
frábæra	f r a uː p a iː r a
fréttablaðinu	f r j ɛ h t a p l aː ð ɪ n ʏ
fréttum	f r j ɛ h t ʏ m
færeyjum	f a iː r e iː j ʏ m
græn	k r a iː n
gunnars	k ʏ nː a r̥ s
hafist	h aː v ɪ s t
hafnar	h a p n a r
helmingi	h ɛ l m i ɲ c ɪ
höfða	h œ v ð a
ja	j aː
konurnar	kʰ ɔː n ʏ r t n a r
lágt	l a u x t
matvæla	m aː t v a iː l a
máttu	m a u h t ʏ
neil	n e iː l
nick	n ɪ h k
niðurstaðan	n ɪː ð ʏ r s t aː ð a n
nýir	n iː ɪ r
páls	pʰ a u l s
rökum	r œː k ʏ m
sest	s ɛ s t
skiptu	s c ɪ f t ʏ
slaka	s t l aː k a
slegið	s t l e iː j ɪ ð
starfsmaður	s t a r v s m aː ð ʏ r
stöndum	s t œ n t ʏ m
sátt	s a u h t
tillögur	tʰ ɪ t l œː ɣ ʏ r
tónlistar	tʰ o u n l ɪ s t a r
umfram	ʏ m f r aː m
unglinga	u ŋ k l i ŋ k a
uppreisn	ʏ h p r e i s t n
usa	ʏː s a
vikuna	v ɪː k ʏ n a
viljið	v ɪ l j ɪ ð
viðurkennt	v ɪː ð ʏ r cʰ ɛ n̥ t
vísu	v iː s ʏ
yfirlýsingu	ɪː v ɪ r l iː s i ŋ k ʏ
ómar	o uː m a r
þunglyndi	θ u ŋ k l ɪ n t ɪ
þættinum	θ a i h t ɪ n ʏ m
aldurs	a l t ʏ r̥ s
bernard	p ɛ r t n a r t
búsetu	p uː s ɛː t ʏ
davíðs	t aː v i ð s
eignaðist	e i k n a ð ɪ s t
einingar	e iː n i ŋ k a r
eðlis	ɛ ð l ɪː s
fest	f ɛ s t
fjölmargar	f j œ l m a r k a r
fleirum	f l e iː r ʏ m
framhald	f r a m h a l t
frjálst	f r j a u l s t
fátt	f a u h t
færðu	f a i r ð ʏ
green	k r ɛː n
greiningu	k r e iː n i ŋ k ʏ
grænlandi	k r a i n l a n t ɪ
grænt	k r a i n̥ t
heiman	h e iː m a n
hljómar	l̥ j o uː m a r
hringinn	r̥ i ɲ c ɪ n
hveragerði	kʰ v ɛː r a c ɛ r ð ɪ
hæstu	h a i s t ʏ
hófu	h o uː v ʏ
keppnin	cʰ ɛ h p n ɪ n
kveður	kʰ v ɛː ð ʏ r
landsmanna	l a n t s m a nː a
marki	m a r̥ c ɪ
more	m ɔː r ɛ
mældist	m a i l t ɪ s t
nöfnum	n œ p n ʏ m
nútímans	n uː tʰ iː m a n s
nýtingu	n iː t i ŋ k ʏ
persónu	pʰ ɛ r̥ s o uː n ʏ
reykjavíkurborgar	r e iː c a v iː k ʏ r p ɔ r k a r
seldur	s ɛ l t ʏ r
selfossi	s ɛ l f ɔ sː ɪ
sigurjón	s ɪː ɣ ʏ r j o uː n
skilgreind	s c ɪ l k r e i n t
skipar	s c ɪː p a r
sprakk	s p r a h k
stutta	s t ʏ h t a
stuttum	s t ʏ h t ʏ m
taktu	tʰ a x t ʏ
tillögu	tʰ ɪ t l œː ɣ ʏ
vikunni	v ɪː k ʏ nː ɪ
virðingu	v ɪ r ð i ŋ k ʏ
æfingu	a iː v i ŋ k ʏ
þekkir	θ ɛ h c ɪ r
alvarlegt	a l v a r l ɛ x t
am	aː m
andstöðu	a n t s t œː ð ʏ
ath	aː t
bankans	p a u ŋ̊ kʰ a n s
di	t ɪː
ferðinni	f ɛ r ð ɪ nː ɪ
ford	f ɔ r t
framsóknarflokksins	f r a m s o u h k n a r f l ɔ h k s ɪ n s
fæðu	f a iː ð ʏ
fín	f iː n
gefnar	c ɛ p n a r
góðir	k o uː ð ɪ r
hersins	h ɛ r̥ s ɪ n s
hlutu	l̥ ʏː t ʏ
hálfan	h a u l v a n
illt	ɪ l̥ t
iv	ɪː v
klukkustundir	kʰ l ʏ h k ʏ s t ʏ n t ɪ r
kraft	kʰ r a f t
kveðið	kʰ v ɛː ð ɪ ð
larry	l a rː ɪ
listamanna	l ɪ s t a m a nː a
láttu	l a u h t ʏ
líkjast	l iː c a s t
mati	m aː t ɪ
may	m a iː
miðstöð	m ɪ ð s t œː ð
nái	n a uː ɪ
parker	pʰ a r̥ c ɛ r
peningar	pʰ ɛː n i ŋ k a r
plöntur	pʰ l œ n̥ t ʏ r
rautt	r ø y h t
rob	r ɔː p
ráðuneyti	r a uː ð ʏ n e iː t ɪ
sturtu	s t ʏ r̥ t ʏ
sókn	s o u h k n
treyst	tʰ r e i s t
uppfylla	ʏ h p f ɪ t l a
vegu	v ɛː ɣ ʏ
vinsælda	v ɪ n s a i l t a
vöru	v œː r ʏ
yfirmaður	ɪː v ɪ r m aː ð ʏ r
áttunda	a u h t ʏ n t a
örugg	œː r ʏ kː
útbreiðslu	uː t p r e i ð s t l ʏ
þjónar	θ j o uː n a r
þjóðin	θ j o uː ð ɪ n
algeng	a l c e i ŋ k
annarrar	a nː a rː a r
bobby	p ɔ pː ɪ
brúna	p r uː n a
bílar	p iː l a r
deildir	t e i l t ɪ r
drepið	t r ɛː p ɪ ð
einkennum	e i n cʰ ɛ nː ʏ m
einstakt	e i n s t a x t
einstök	e i n s t œː k
fiska	f ɪ s k a
fjallið	f j a t l ɪ ð
fl	f l
fyrirlestra	f ɪː r ɪ r l ɛ s t r a
glæsilegt	k l a iː s ɪ l ɛ x t
helming	h ɛ l m i ŋ k
hunda	h ʏ n t a
háum	h a uː ʏ m
komnar	kʰ ɔ m n a r
kvikmyndir	kʰ v ɪː k m ɪ n t ɪ r
leitað	l e iː t a ð
lifði	l ɪ v ð ɪ
linda	l ɪ n t a
megum	m ɛː ɣ ʏ m
merkið	m ɛ r̥ c ɪ ð
milljóna	m ɪ l j o uː n a
milljörðum	m ɪ l j œ r ð ʏ m
persónur	pʰ ɛ r̥ s o uː n ʏ r
sean	s ɛ aː n
sjálfu	s j a u l v ʏ
skilning	s c ɪ l n i ŋ k
skólar	s k o uː l a r
standi	s t a n t ɪ
topp	tʰ ɔ h p
treysti	tʰ r e i s t ɪ
trúar	tʰ r uː a r
unnt	ʏ n̥ t
upptök	ʏ h p tʰ œː k
upptöku	ʏ h p tʰ œː k ʏ
vestmannaeyjar	v ɛ s t m a nː a e iː j a r
vinsæl	v ɪ n s a iː l
vænt	v a i n̥ t
ályktun	a uː l ɪ x t ʏ n
æsku	a i s k ʏ
ótta	o u h t a
öldum	œ l t ʏ m
útliti	uː t l ɪː t ɪ
þekkingar	θ ɛ h c i ŋ k a r
þjóna	θ j o uː n a
þurft	θ ʏ r̥ t
þátta	θ a u h t a
þórs	θ o u r̥ s
aukinni	ø yː c ɪ nː ɪ
barcelona	p a r̥ s ɛː l ɔː n a
berum	p ɛː r ʏ m
bækurnar	p a iː k ʏ r t n a r
dalir	t aː l ɪ r
dölum	t œː l ʏ m
elsku	ɛ l s k ʏ
framboði	f r a m p ɔː ð ɪ
framtíðar	f r a m tʰ iː ð a r
frumvarpið	f r ʏ m v a r̥ p ɪː ð
fræðimenn	f r a iː ð ɪ m ɛ nː
gesti	c ɛ s t ɪ
greinin	k r e iː n ɪ n
greininni	k r e iː n ɪ nː ɪ
heilu	h e iː l ʏ
heimsótti	h e i m s o u h t ɪ
hong	h o u ŋ k
hugsar	h ʏ x s a r
hópsins	h o u p s ɪ n s
hönnuð	h œ nː ʏ ð
húsin	h uː s ɪ n
jákvæð	j a uː kʰ v a iː ð
jörðin	j œ r ð ɪ n
kennileiti	cʰ ɛ nː ɪ l e iː t ɪ
leikmönnum	l e iː k m œ nː ʏ m
línur	l iː n ʏ r
miðla	m ɪ ð l a
myndun	m ɪ n t ʏ n
one	ɔː n ɛ
reglurnar	r ɛ k l ʏ r t n a r
reykjavíkurborg	r e iː c a v iː k ʏ r p ɔ r k
ráðherrar	r a uː ð h ɛ rː a r
ríka	r iː k a
segjum	s e iː j ʏ m
setningu	s ɛ h t n i ŋ k ʏ
skagafirði	s k aː ɣ a f ɪ r ð ɪ
skapað	s k aː p a ð
skuldir	s k ʏ l t ɪ r
smíði	s m iː ð ɪ
spænsku	s p a i n s k ʏ
stafar	s t aː v a r
stefnt	s t ɛ p n̥ t
sumri	s ʏ m r ɪ
svíþjóðar	s v iː θ j o uː ð a r
taldar	tʰ a l t a r
tilvísun	tʰ ɪ l v iː s ʏ n
vinsælt	v ɪ n s a i l̥ t
vítamín	v iː tʰ a m iː n
vöxt	v œ k s t
wallace	v a t l a s ɛː
ákváðu	a uː kʰ v a uː ð ʏ
íhuga	iː h ʏː ɣ a
ad	aː t
afhverju	a v kʰ v ɛ r j ʏ
almenningur	a l m ɛ nː i ŋ k ʏ r
atvinnu	aː t v ɪ nː ʏ
baráttunni	p aː r a u h t ʏ nː ɪ
bjargar	p j a r k a r
bolungarvík	p ɔː l u ŋ k a r v iː k
bregðast	p r ɛ ɣ ð a s t
byggði	p ɪ ɣ ð ɪ
drepnir	t r ɛ h p n ɪ r
dóm	t o uː m
englands	e i ŋ k l a n t s
fallegar	f a t l ɛː ɣ a r
fjöll	f j œ t l
fjöllum	f j œ t l ʏ m
flokks	f l ɔ h k s
flugvélar	f l ʏ ɣ v j ɛː l a r
framtíðinni	f r a m tʰ iː ð ɪ nː ɪ
fullkomin	f ʏ t l̥ kʰ ɔː m ɪ n
fundust	f ʏ n t ʏ s t
fæti	f a iː t ɪ
fótum	f o uː t ʏ m
heillandi	h e i t l a n t ɪ
heppin	h ɛ h p ɪ n
hrein	r̥ e iː n
iðnaðar	ɪ ð n aː ð a r
jafnrétti	j a p n r j ɛ h t ɪ
jeff	j ɛ fː
jöfn	j œ p n
kalda	kʰ a l t a
kostaði	kʰ ɔ s t aː ð ɪ
læknirinn	l a i h k n ɪ r ɪ nː
merkjum	m ɛ r̥ c ʏ m
mikilvægar	m ɪː c ɪ l v a iː ɣ a r
minnkar	m i ŋ̊ k a r
myrtir	m ɪ r̥ t ɪ r
mælingar	m a iː l i ŋ k a r
norsku	n ɔ r̥ s k ʏ
nýrrar	n i rː a r
reynist	r e iː n ɪ s t
ræðst	r a i ð s t
sjáið	s j a uː ɪ ð
sjálfs	s j a u l s
skemmtileg	s c ɛ m̥ t ɪ l ɛː ɣ
skipan	s c ɪː p a n
slíkir	s t l iː c ɪ r
svaraði	s v aː r a ð ɪ
súrefni	s uː r ɛ p n ɪ
tungumálum	tʰ u ŋ k ʏ m a uː l ʏ m
tvöfalt	tʰ v œː v a l̥ t
undanfarin	ʏ n t a n f aː r ɪ n
varðveita	v a r ð v e iː t a
velli	v ɛ t l ɪ
venjulegt	v ɛ n j ʏ l ɛ x t
vinnum	v ɪ nː ʏ m
áform	a uː f ɔ r m
ákveðnu	a uː kʰ v ɛ ð n ʏ
aldir	a l t ɪ r
almennar	a l m ɛ nː a r
bankanum	p a u ŋ̊ k a n ʏ m
blaðsins	p l a ð s ɪ n s
brást	p r a u s t
drepur	t r ɛː p ʏ r
fjölmargir	f j œ l m a r c ɪ r
flutning	f l ʏ h t n i ŋ k
framleiðendur	f r a m l e iː ð ɛ n t ʏ r
fullkomna	f ʏ t l̥ kʰ ɔ m n a
gangandi	k a u ŋ k a n t ɪ
greiddi	k r e i tː ɪ
handan	h a n t a n
hendurnar	h ɛ n t ʏ r t n a r
hent	h ɛ n̥ t
hlutar	l̥ ʏː t a r
hugbúnaður	h ʏ ɣ p uː n a ð ʏ r
hundar	h ʏ n t a r
hverfur	kʰ v ɛ r v ʏ r
hátíðinni	h a uː tʰ iː ð ɪ nː ɪ
kýs	cʰ iː s
lagðist	l a ɣ ð ɪ s t
leiðtoga	l e i ð tʰ ɔː ɣ a
læknis	l a i h k n ɪ s
lýsingu	l iː s i ŋ k ʏ
minnist	m ɪ nː ɪ s t
miðbæ	m ɪ ð p a iː
námu	n a uː m ʏ
nægilega	n a iː j ɪ l ɛː ɣ a
nærliggjandi	n a i r l ɪ cː a n t ɪ
seattle	s ɛ a h t l ɛ
stuðningsmenn	s t ʏ ð n i ŋ k s m ɛ nː
sveitarfélögum	s v e iː t a r f j ɛː l œː ɣ ʏ m
sögum	s œː ɣ ʏ m
tengdar	tʰ e i ŋ t a r
ungu	u ŋ k ʏ
up	ʏː p
vinsælir	v ɪ n s a iː l ɪ r
viðurkenningar	v ɪː ð ʏ r cʰ ɛ nː i ŋ k a r
vísinda	v iː s ɪ n t a
vörum	v œː r ʏ m
yfirborði	ɪː v ɪ r p ɔ r ð ɪ
þorgils	θ ɔ r c ɪ l s
þykkt	θ ɪ x t
almennri	a l m ɛ nː r ɪ
barry	p a rː ɪ
be	p ɛː
breitt	p r e i h t
byggður	p ɪ ɣ ð ʏ r
bát	p a uː t
bæjarstjórnar	p a iː j a r s t j o u r t n a r
danir	t aː n ɪ r
deildum	t e i l t ʏ m
endalaust	ɛ n t a l ø y s t
feril	f ɛː r ɪ l
flottur	f l ɔ h t ʏ r
gamlir	k a m l ɪ r
hinsegin	h ɪ n s e iː j ɪ n
hliðina	l̥ ɪː ð ɪ n a
höfunda	h œː v ʏ n t a
kristjánsdóttir	kʰ r ɪ s t j a u n s t o u h t ɪ r
lake	l aː c ɛ
litum	l ɪː t ʏ m
loknum	l ɔ h k n ʏ m
myndað	m ɪ n t a ð
myrti	m ɪ r̥ t ɪ
náðist	n a uː ð ɪ s t
ofar	ɔː v a r
opinberar	ɔː p ɪ n p ɛː r a r
part	pʰ a r̥ t
rakst	r a x s t
ríkjanna	r iː c a nː a
sakir	s aː c ɪ r
samkomulagi	s a m kʰ ɔː m ʏ l aː j ɪ
sebastian	s ɛː p a s t ɪ aː n
sekúndur	s ɛː k u n t ʏ r
skráðar	s k r a uː ð a r
skráður	s k r a uː ð ʏ r
snorra	s t n ɔ rː a
spurningunni	s p ʏ r t n i ŋ k ʏ nː ɪ
staðsettur	s t a ð s ɛ h t ʏ r
stjórnarskrárinnar	s t j o u r t n a r s k r a uː r ɪ nː a r
trúir	tʰ r uː ɪ r
tímans	tʰ iː m a n s
tíðkast	tʰ i ð kʰ a s t
vakið	v aː c ɪ ð
vegg	v ɛ kː
vitaskuld	v ɪː t a s k ʏ l t
vélinni	v j ɛː l ɪ nː ɪ
wayne	v e iː n ɛ
yfirborð	ɪː v ɪ r p ɔ r ð
æðstu	a i ð s t ʏ
ólst	o u l s t
aðgengi	a ð c e i ɲ c ɪ
barnes	p a r t n ɛː s
beri	p ɛː r ɪ
borin	p ɔː r ɪ n
bónda	p o u n t a
dæmið	t a iː m ɪ ð
dómi	t o uː m ɪ
edda	ɛ tː a
ellen	ɛ t l ɛ n
fatlaðra	f aː t l a ð r a
framdi	f r a m t ɪ
frammistöðu	f r a mː ɪ s t œː ð ʏ
frjálsum	f r j a u l s ʏ m
gulli	k ʏ t l ɪ
heimsvísu	h e i m s v iː s ʏ
horni	h ɔ r t n ɪ
höndunum	h œ n t ʏ n ʏ m
krist	kʰ r ɪ s t
leikstjóri	l e i k s t j o uː r ɪ
loftinu	l ɔ f t ɪ n ʏ
mótmæli	m o uː t m a iː l ɪ
nokkurt	n ɔ h k ʏ r̥ t
norðmenn	n ɔ r ð m ɛ nː
náttúrulega	n a u h t uː r ʏ l ɛː ɣ a
níunda	n iː j ʏ n t a
nýjasta	n iː j a s t a
parísar	pʰ aː r iː s a r
punktur	pʰ u ŋ̊ k t ʏ r
rektor	r ɛ x t ɔ r
reynum	r e iː n ʏ m
robinson	r ɔː p ɪ n s ɔː n
segjast	s e iː j a s t
skilst	s c ɪ l s t
smíðað	s m iː ð a ð
spurninga	s p ʏ r t n i ŋ k a
staddur	s t a tː ʏ r
steini	s t e iː n ɪ
stofnana	s t ɔ p n a n a
stúdenta	s t uː t ɛ n̥ t a
stýrt	s t i r̥ t
sv	s v ɛː
sænsku	s a i n s k ʏ
top	tʰ ɔː p
tónlistin	tʰ o u n l ɪ s t ɪ n
tölvunni	tʰ œ l v ʏ nː ɪ
upplýsinga	ʏ h p l iː s i ŋ k a
uppá	ʏ h p a uː
veislu	v e i s t l ʏ
vestfjarða	v ɛ s t f j a r ð a
vinsælustu	v ɪ n s a iː l ʏ s t ʏ
vélina	v j ɛː l ɪː n a
vísbendingar	v iː s p ɛ n t i ŋ k a r
walker	v a l̥ c ɛ r
áhyggjum	a uː h ɪ cː ʏ m
árslok	a u r̥ s t l ɔː k
írak	iː r aː k
örlítið	œ r l iː t ɪ ð
afgerandi	a v c ɛː r a n t ɪ
athafnir	aː t h a p n ɪ r
bátnum	p a u h t n ʏ m
drykk	t r ɪ h k
dóms	t o u m s
einkennist	e i n cʰ ɛ nː ɪ s t
einstökum	e i n s t œː k ʏ m
fengin	f e i ɲ c ɪ n
frábærar	f r a uː p a iː r a r
fuglar	f ʏ k l a r
fullum	f ʏ t l ʏ m
fækkað	f a i h k a ð
glæsileg	k l a iː s ɪ l ɛː ɣ
gyðinga	c ɪː ð i ŋ k a
heiðar	h e iː ð a r
horfi	h ɔ r v ɪ
hörð	h œ r ð
jarðarinnar	j a r ð a r ɪ nː a r
kristin	kʰ r ɪ s t ɪ n
langaði	l a u ŋ k aː ð ɪ
legið	l e iː j ɪ ð
li	l ɪː
litur	l ɪː t ʏ r
lyfja	l ɪ v j a
lærir	l a iː r ɪ r
merkingar	m ɛ r̥ c i ŋ k a r
milljarðar	m ɪ l j a r ð a r
morgunmat	m ɔ r k ʏ n m aː t
raðað	r aː ð a ð
rock	r ɔ h k
ráðin	r a uː ð ɪ n
skatta	s k a h t a
skorað	s k ɔː r a ð
skortir	s k ɔ r̥ t ɪ r
skrifum	s k r ɪː v ʏ m
skúla	s k uː l a
slökkt	s t l œ x t
stofnunum	s t ɔ p n ʏ n ʏ m
stríðið	s t r iː ð ɪ ð
svæða	s v a iː ð a
teikningar	tʰ e i h k n i ŋ k a r
that	tʰ aː t
tíunda	tʰ iː j ʏ n t a
upprunalega	ʏ h p r ʏː n a l ɛː ɣ a
varðveislu	v a r ð v e i s t l ʏ
vefnum	v ɛ p n ʏ m
verr	v ɛ rː
vitið	v ɪː t ɪ ð
víðast	v iː ð a s t
ástandi	a uː s t a n t ɪ
æfingar	a iː v i ŋ k a r
ía	iː j a
írlandi	i r l a n t ɪ
íþrótta	iː θ r o u h t a
óvænt	o uː v a i n̥ t
úrval	u r v aː l
útgerð	uː t c ɛ r ð
þroskast	θ r ɔ s k a s t
þýddi	θ i tː ɪ
aðildarríki	aː ð ɪ l t a r r iː c ɪ
aðsetur	a ð s ɛː t ʏ r
breyttu	p r e i h t ʏ
dalvík	t a l v iː k
dugar	t ʏː ɣ a r
einbeita	e i n p e iː t a
einskonar	e i n s k ɔː n a r
emily	ɛː m ɪ l ɪ
ferðum	f ɛ r ð ʏ m
fjölgaði	f j œ l k aː ð ɪ
flutningi	f l ʏ h t n i ɲ c ɪ
framleidd	f r a m l e i tː
fyrirmælum	f ɪː r ɪ r m a iː l ʏ m
föst	f œ s t
gegndi	c ɛ k n t ɪ
greinina	k r e iː n ɪ n a
gögnin	k œ k n ɪ n
hilmar	h ɪ l m a r
hljómsveitinni	l̥ j o u m s v e iː t ɪ nː ɪ
hæðum	h a iː ð ʏ m
kallaðir	kʰ a t l a ð ɪ r
kerfisins	cʰ ɛ r v ɪ s ɪ n s
kostur	kʰ ɔ s t ʏ r
kvöldsins	kʰ v œ l t s ɪ n s
leiddu	l e i tː ʏ
luke	l ʏː c ɛ
manneskjur	m a nː ɛ s c ʏ r
mennirnir	m ɛ nː ɪ r t n ɪ r
mundir	m ʏ n t ɪ r
myndunum	m ɪ n t ʏ n ʏ m
nóv	n o uː v
prestar	pʰ r ɛ s t a r
rændi	r a i n t ɪ
róbert	r o uː p ɛ r̥ t
sauðárkróki	s ø yː ð a u r kʰ r o uː c ɪ
skiptum	s c ɪ f t ʏ m
skutu	s k ʏː t ʏ
spennu	s p ɛ nː ʏ
stjórnarformaður	s t j o u r t n a r f ɔ r m aː ð ʏ r
stofu	s t ɔː v ʏ
sveitarfélag	s v e iː t a r f j ɛː l aː ɣ
svokölluð	s v ɔː k œ t l ʏ ð
sérstöku	s j ɛ r̥ s t œː k ʏ
sýndur	s i n t ʏ r
sýrlandi	s i r l a n t ɪ
sýslumaður	s i s t l ʏ m aː ð ʏ r
túlka	tʰ u l̥ k a
veginum	v e iː j ɪ n ʏ m
verðið	v ɛ r ð ɪ ð
vináttu	v ɪː n a u h t ʏ
víðsvegar	v i ð s v ɛː ɣ a r
wall	v a t l
étur	j ɛː t ʏ r
alþjóða	a l θ j o uː ð a
are	aː r ɛ
athugasemdir	aː t h ʏː ɣ a s ɛ m t ɪ r
atkvæðagreiðslu	aː t kʰ v a iː ð a k r e i ð s t l ʏ
blöndu	p l œ n t ʏ
borgarar	p ɔ r k a r a r
botni	p ɔ h t n ɪ
bréfi	p r j ɛː v ɪ
báta	p a uː t a
clark	kʰ l a r̥ k
deildin	t e i l t ɪ n
der	t ɛː r
drauma	t r ø yː m a
einkennir	e i n cʰ ɛ nː ɪ r
frambjóðendur	f r a m p j o uː ð ɛ n t ʏ r
fræga	f r a iː ɣ a
geymir	c e iː m ɪ r
guðrúnu	k v ʏ ð r uː n ʏ
haldnar	h a l t n a r
hefðir	h ɛ v ð ɪ r
hermann	h ɛ r m a nː
heyrist	h e iː r ɪ s t
hleypt	l̥ e i f t
háttar	h a u h t a r
kent	cʰ ɛ n̥ t
keyrt	cʰ e i r̥ t
kynnst	cʰ ɪ n s t
leigu	l e iː ɣ ʏ
listaverk	l ɪ s t a v ɛ r̥ k
lof	l ɔː v
líkurnar	l iː k ʏ r t n a r
marks	m a r̥ k s
metið	m ɛː t ɪ ð
mosfellsbæ	m ɔː s f ɛ t l s p a iː
mæti	m a iː t ɪ
nefndarinnar	n ɛ p n t a r ɪ nː a r
north	n ɔ r̥ t
nánari	n a uː n a r ɪ
opinberra	ɔː p ɪ n p ɛ rː a
opinbert	ɔː p ɪ n p ɛ r̥ t
rannsakað	r a nː s aː k a ð
rauðu	r ø yː ð ʏ
ráðstefnu	r a u ð s t ɛ p n ʏ
réð	r j ɛː ð
rússa	r u sː a
setjum	s ɛː t j ʏ m
sjúkdómum	s j uː k t o uː m ʏ m
skýringar	s c iː r i ŋ k a r
spor	s p ɔː r
sport	s p ɔ r̥ t
strákar	s t r a uː k a r
stykki	s t ɪ h c ɪ
stöðugleika	s t œː ð ʏ k l e iː k a
svörtu	s v œ r̥ t ʏ
tjóni	tʰ j o uː n ɪ
uppeldi	ʏ h p ɛ l t ɪ
veldu	v ɛ l t ʏ
warren	v a rː ɛ n
álíka	a uː l iː k a
áttir	a u h t ɪ r
útbúa	uː t p uː a
útsendingu	uː t s ɛ n t i ŋ k ʏ
útvega	uː t v ɛː ɣ a
þarftu	θ a r̥ t ʏ
afrek	a v r ɛː k
baldvin	p a l t v ɪː n
billy	p ɪ t l ɪ
björnsdóttir	p j œ r t n s t o u h t ɪ r
buðu	p ʏː ð ʏ
dennis	t ɛ nː ɪ s
efta	ɛ f t a
eignum	e i k n ʏ m
fallegu	f a t l ɛː ɣ ʏ
fengju	f e i ɲ c ʏ
ferðaþjónustu	f ɛ r ð a θ j o uː n ʏ s t ʏ
forsendum	f ɔ r̥ s ɛ n t ʏ m
fort	f ɔ r̥ t
framfarir	f r a m f aː r ɪ r
framkvæmda	f r a m kʰ v a i m t a
fremstu	f r ɛ m s t ʏ
fína	f iː n a
föstu	f œ s t ʏ
greindi	k r e i n t ɪ
greiðslu	k r e i ð s t l ʏ
hafin	h aː v ɪ n
henti	h ɛ n̥ t ɪ
heyri	h e iː r ɪ
hrædd	r̥ a i tː
hundurinn	h ʏ n t ʏ r ɪ nː
indlandi	ɪ n t l a n t ɪ
ingvar	i ŋ k v aː r
jöfnu	j œ p n ʏ
kassa	kʰ a sː a
kennarinn	cʰ ɛ nː a r ɪ nː
kenningu	cʰ ɛ nː i ŋ k ʏ
keyptu	cʰ e i f t ʏ
konungurinn	kʰ ɔː n u ŋ k ʏ r ɪ nː
krafist	kʰ r aː v ɪ s t
kvæntur	kʰ v a i n̥ t ʏ r
laganna	l aː ɣ a nː a
langvarandi	l a u ŋ k v aː r a n t ɪ
litir	l ɪː t ɪ r
lýðveldisins	l i ð v ɛ l t ɪ s ɪ n s
margaret	m a r k a r ɛː t
matar	m aː t a r
my	m ɪː
mánuð	m a uː n ʏ ð
náið	n a uː ɪ ð
nálgun	n a u l k ʏ n
opinberu	ɔː p ɪ n p ɛː r ʏ
ráðandi	r a uː ð a n t ɪ
ráðgjöf	r a u ð c œː v
ráðum	r a uː ð ʏ m
sigldi	s ɪ k l t ɪ
sigurði	s ɪː ɣ ʏ r ð ɪ
sinnt	s ɪ n̥ t
skýrt	s c i r̥ t
smekk	s m ɛ h k
snertingu	s t n ɛ r̥ t i ŋ k ʏ
stjórnendur	s t j o u r t n ɛ n t ʏ r
stjórnvöldum	s t j o u r t n v œ l t ʏ m
stöðvar	s t œ ð v a r
svört	s v œ r̥ t
sérhæfir	s j ɛː r h a iː v ɪ r
tæknilega	tʰ a i h k n ɪ l ɛː ɣ a
vals	v a l s
veiðum	v e iː ð ʏ m
verslunar	v ɛ r̥ s t l ʏː n a r
veruleika	v ɛː r ʏ l e iː k a
vonum	v ɔː n ʏ m
ákveðnar	a uː kʰ v ɛ ð n a r
ísraels	iː s r a ɛ l s
ýmiss	iː m ɪ sː
þínar	θ iː n a r
þýtt	θ i h t
bandarísku	p a n t a r i s k ʏ
barnanna	p a r t n a nː a
birst	p ɪ r̥ s t
björns	p j œ r t n s
bílum	p iː l ʏ m
bíður	p iː ð ʏ r
eld	ɛ l t
ferskt	f ɛ r̥ s k t
fjórðu	f j o u r ð ʏ
fox	f ɔ k s
framfæri	f r a m f a iː r ɪ
gefi	c ɛː v ɪ
gleymt	k l e i m̥ t
grænum	k r a iː n ʏ m
halldórs	h a t l t o u r̥ s
hefðbundna	h ɛ v ð p ʏ n t n a
hefðbundnu	h ɛ v ð p ʏ n t n ʏ
heimilum	h e iː m ɪ l ʏ m
heitum	h e iː t ʏ m
jordan	j ɔ r t a n
kyni	cʰ ɪː n ɪ
lokin	l ɔː c ɪ n
léku	l j ɛː k ʏ
lína	l iː n a
med	m ɛː t
mikilvægu	m ɪː c ɪ l v a iː ɣ ʏ
minningu	m ɪ nː i ŋ k ʏ
niðurstöðum	n ɪː ð ʏ r s t œː ð ʏ m
reikning	r e i h k n i ŋ k
runnið	r ʏ nː ɪ ð
réttan	r j ɛ h t a n
réttri	r j ɛ h t r ɪ
ríkisstjórninni	r iː c ɪ s s t j o u r t n ɪ nː ɪ
ríkt	r i x t
samfellt	s a m f ɛ l̥ t
seg	s ɛː ɣ
sekúndu	s ɛː k u n t ʏ
sendum	s ɛ n t ʏ m
sigfússon	s ɪ x f u sː ɔ n
stofunni	s t ɔː v ʏ nː ɪ
stríði	s t r iː ð ɪ
stúlku	s t u l̥ k ʏ
stýrir	s t iː r ɪ r
suðurnesja	s ʏː ð ʏ r n ɛː s j a
svip	s v ɪː p
sýnis	s iː n ɪ s
tapað	tʰ aː p a ð
tengir	tʰ e i ɲ c ɪ r
trúarbrögð	tʰ r uː a r p r œ ɣ ð
trúlega	tʰ r uː l ɛː ɣ a
töluðu	tʰ œː l ʏ ð ʏ
tölvuna	tʰ œ l v ʏː n a
umræður	ʏ m r a iː ð ʏ r
vaknar	v a h k n a r
valdir	v a l t ɪ r
veik	v e iː k
viðtökur	v ɪ ð tʰ œː k ʏ r
vísindi	v iː s ɪ n t ɪ
æðsta	a i ð s t a
þingvöllum	θ i ŋ k v œ t l ʏ m
þolir	θ ɔː l ɪ r
alþjóðlegt	a l θ j o u ð l ɛ x t
atburðum	aː t p ʏ r ð ʏ m
atkvæðum	aː t kʰ v a iː ð ʏ m
augunum	ø yː ɣ ʏ n ʏ m
bay	p a iː
bekknum	p ɛ h k n ʏ m
blöð	p l œː ð
bolta	p ɔ l̥ t a
breytinga	p r e iː t i ŋ k a
colin	kʰ ɔː l ɪ n
drög	t r œː ɣ
dylan	t ɪː l a n
dætur	t a iː t ʏ r
dómarar	t o uː m a r a r
eigna	e i k n a
eldi	ɛ l t ɪ
endingu	ɛ n t i ŋ k ʏ
franskar	f r a n s k a r
frítt	f r i h t
fyrirfram	f ɪː r ɪ r f r aː m
garði	k a r ð ɪ
glæpi	k l a iː p ɪ
grikklandi	k r ɪ h k l a n t ɪ
grundvöllur	k r ʏ n t v œ t l ʏ r
haldist	h a l t ɪ s t
heimir	h e iː m ɪ r
hildur	h ɪ l t ʏ r
hugtak	h ʏ x tʰ aː k
jon	j ɔː n
kjörin	cʰ œː r ɪ n
krakka	kʰ r a h k a
kröfum	kʰ r œː v ʏ m
köku	kʰ œː k ʏ
köllum	kʰ œ t l ʏ m
leo	l ɛː ɔ
lýsingar	l iː s i ŋ k a r
maturinn	m aː t ʏ r ɪ nː
meg	m ɛː ɣ
menntamálaráðherra	m ɛ n̥ t a m a uː l a r a uː ð h ɛ rː a
móts	m o u h t s
neðar	n ɛː ð a r
náttúrufræðistofnun	n a u h t uː r ʏ f r a iː ð ɪ s t ɔ p n ʏ n
paradís	pʰ aː r a t iː s
potter	pʰ ɔ h t ɛ r
pro	pʰ r ɔː
pólitíska	pʰ o uː l ɪ tʰ i s k a
póllandi	pʰ o u t l a n t ɪ
raddir	r a tː ɪ r
raunveruleg	r ø y n v ɛː r ʏ l ɛː ɣ
ráðsins	r a u ð s ɪ n s
rósa	r o uː s a
sagður	s a ɣ ð ʏ r
samanlagt	s aː m a n l a x t
samfylkingin	s a m f ɪ l̥ c i ɲ c ɪ n
sannar	s a nː a r
si	s ɪː
sigurðardóttur	s ɪː ɣ ʏ r ð a r t o u h t ʏ r
skipin	s c ɪː p ɪ n
skotlandi	s k ɔː t l a n t ɪ
skyldum	s c ɪ l t ʏ m
state	s t aː t ɛ
steig	s t e iː ɣ
stóri	s t o uː r ɪ
sýningunni	s iː n i ŋ k ʏ nː ɪ
takmörkuð	tʰ aː k m œ r̥ k ʏ ð
talist	tʰ aː l ɪ s t
tengdum	tʰ e i ŋ t ʏ m
tilnefningar	tʰ ɪ l n ɛ p n i ŋ k a r
un	ʏː n
varðveitt	v a r ð v e i h t
veiti	v e iː t ɪ
vikna	v ɪ h k n a
ástæðu	a uː s t a iː ð ʏ
þjálfarar	θ j a u l v aː r a r
android	a n t r ɔ iː t
aukna	ø y h k n a
av	aː v
aðgerða	a ð c ɛ r ð a
aðilum	aː ð ɪ l ʏ m
bond	p ɔ n t
ca	kʰ aː
della	t ɛ t l a
dásamlega	t a uː s a m l ɛː ɣ a
fjármagna	f j a u r m a k n a
framkvæmdum	f r a m kʰ v a i m t ʏ m
fred	f r ɛː t
gef	c ɛː v
grant	k r a n̥ t
guðmundi	k v ʏ ð m ʏ n t ɪ
holu	h ɔː l ʏ
hunter	h ʏ n̥ t ɛ r
iso	ɪː s ɔ
jesse	j ɛ sː ɛ
jónsdóttur	j o u n s t o u h t ʏ r
kveikt	kʰ v e i x t
margs	m a r k s
miðast	m ɪː ð a s t
mælst	m a i l s t
mótsins	m o uː t s ɪ n s
mótum	m o uː t ʏ m
nægir	n a iː j ɪ r
nýjustu	n iː j ʏ s t ʏ
post	pʰ ɔ s t
pólitísk	pʰ o uː l ɪ tʰ i s k
pólitískum	pʰ o uː l ɪ tʰ i s k ʏ m
ramma	r a mː a
ross	r ɔ sː
ríkti	r i x t ɪ
samsvarandi	s a m s v aː r a n t ɪ
sessi	s ɛ sː ɪ
sjálfbærni	s j a u l v p a i r t n ɪ
skilar	s c ɪː l a r
skipulögð	s c ɪː p ʏ l œ ɣ ð
staðreynd	s t a ð r e i n t
stjórninni	s t j o u r t n ɪ nː ɪ
stýrði	s t i r ð ɪ
sumra	s ʏ m r a
sur	s ʏː r
sérfræðingur	s j ɛ r f r a iː ð i ŋ k ʏ r
söfn	s œ p n
sýningin	s iː n i ɲ c ɪ n
tennur	tʰ ɛ nː ʏ r
tilgang	tʰ ɪ l k a u ŋ k
tilgangurinn	tʰ ɪ l k a u ŋ k ʏ r ɪ nː
tryggði	tʰ r ɪ ɣ ð ɪ
upplifa	ʏ h p l ɪː v a
varpa	v a r̥ p a
venjulegum	v ɛ n j ʏ l ɛː ɣ ʏ m
vinsælasta	v ɪ n s a iː l a s t a
vori	v ɔː r ɪ
vísaði	v iː s aː ð ɪ
wikileaks	v ɪː c ɪ l ɛ a k s
árnadóttir	a u r t n a t o u h t ɪ r
íbúð	iː p uː ð
úrkoma	u r̥ kʰ ɔː m a
þingmönnum	θ i ŋ k m œ nː ʏ m
aðferðin	a ð f ɛ r ð ɪ n
bláu	p l a uː ʏ
borgarfirði	p ɔ r k a r f ɪ r ð ɪ
breiðablik	p r e iː ð a p l ɪː k
bresku	p r ɛ s k ʏ
drottins	t r ɔ h t ɪ n s
dýrin	t iː r ɪ n
eiginleikum	e iː j ɪ n l e iː k ʏ m
eintak	e i n tʰ aː k
elísabet	ɛː l iː s a p ɛː t
free	f r ɛː
félagsskap	f j ɛː l a x s s k aː p
fötum	f œː t ʏ m
gagnast	k a k n a s t
gefum	c ɛː v ʏ m
gjaldþrota	c a l t θ r ɔː t a
hagsmuni	h a x s m ʏː n ɪ
hausti	h ø y s t ɪ
heilan	h e iː l a n
hjálpaði	ç a u l̥ p aː ð ɪ
hugsanlegt	h ʏ x s a n l ɛ x t
hugsað	h ʏ x s aː ð
hvatti	kʰ v a h t ɪ
hæfi	h a iː v ɪ
kaupi	kʰ ø yː p ɪ
landsliðinu	l a n t s t l ɪː ð ɪ n ʏ
landsvirkjun	l a n t s v ɪ r̥ c ʏ n
lifum	l ɪː v ʏ m
látnir	l a u h t n ɪ r
lækka	l a i h k a
lögreglunni	l œ ɣ r ɛ k l ʏ nː ɪ
markmiðum	m a r̥ k m ɪː ð ʏ m
mættir	m a i h t ɪ r
norðurlands	n ɔ r ð ʏ r l a n t s
náum	n a uː ʏ m
nýtir	n iː t ɪ r
plötur	pʰ l œː t ʏ r
presta	pʰ r ɛ s t a
rúmi	r uː m ɪ
skapar	s k aː p a r
skemmdir	s c ɛ m t ɪ r
skrár	s k r a uː r
stewart	s t ɛː v a r̥ t
stuttan	s t ʏ h t a n
svörtum	s v œ r̥ t ʏ m
teymi	tʰ e iː m ɪ
tölfræði	tʰ œ l f r a iː ð ɪ
ungmenna	u ŋ k m ɛ nː a
verstu	v ɛ r̥ s t ʏ
vinnan	v ɪ nː a n
vont	v ɔ n̥ t
árangurs	a uː r a u ŋ k ʏ r̥ s
ímynda	iː m ɪ n t a
óvíst	o uː v i s t
útgáfur	uː t k a uː v ʏ r
þa	θ aː
alþingismaður	a l θ i ɲ c ɪ s m aː ð ʏ r
andlega	a n t l ɛː ɣ a
annara	a nː a r a
arnold	a r t n ɔ l t
barnsins	p a r t n s ɪ n s
birtar	p ɪ r̥ t a r
black	p l a h k
bundin	p ʏ n t ɪ n
byggjast	p ɪ cː a s t
bætir	p a iː t ɪ r
bókmenntir	p o uː k m ɛ n̥ t ɪ r
center	s ɛ n̥ t ɛ r
dallas	t a t l a s
danny	t a nː ɪ
dóra	t o uː r a
egils	e iː j ɪ l s
einsog	e i n s ɔː ɣ
erfiðleikum	ɛ r v ɪ ð l e iː k ʏ m
eyrarbakka	e iː r a r p a h k a
eyðileggja	e iː ð ɪ l ɛ cː a
felld	f ɛ l t
fjölgun	f j œ l k ʏ n
flókin	f l o uː c ɪ n
frelsa	f r ɛ l s a
friðriksson	f r ɪ ð r ɪ k s s ɔː n
frásagnir	f r a uː s a k n ɪ r
frænku	f r a i ŋ̊ k ʏ
fyndið	f ɪ n t ɪ ð
georg	c ɛː ɔ r k
greg	k r ɛː ɣ
gunnlaugsson	k ʏ nː l ø y x s s ɔː n
hlutabréf	l̥ ʏː t a p r j ɛː v
hólmi	h o u l m ɪ
innst	ɪ n s t
island	ɪ s t l a n t
kjörtímabili	cʰ œ r̥ tʰ iː m a p ɪː l ɪ
komandi	kʰ ɔː m a n t ɪ
kosin	kʰ ɔː s ɪ n
kristna	kʰ r ɪ s t n a
landsliðið	l a n t s t l ɪː ð ɪ ð
leggjast	l ɛ cː a s t
listum	l ɪ s t ʏ m
meðhöndla	m ɛː ð h œ n t l a
moskvu	m ɔ s k v ʏ
nefnir	n ɛ p n ɪ r
neinar	n e iː n a r
neitað	n e iː t a ð
njarðvík	n j a r ð v iː k
námið	n a uː m ɪː ð
opinberri	ɔː p ɪ n p ɛ rː ɪ
raforku	r aː v ɔ r̥ k ʏ
rík	r iː k
ríkisútvarpsins	r iː c ɪ s uː t v a r̥ p s ɪ n s
rússar	r u sː a r
sa	s aː
seinustu	s e iː n ʏ s t ʏ
sigurð	s ɪː ɣ ʏ r ð
skipulagt	s c ɪː p ʏ l a x t
skorið	s k ɔː r ɪ ð
skógrækt	s k o uː k r a i x t
stríðinu	s t r iː ð ɪ n ʏ
stundar	s t ʏ n t a r
sætum	s a iː t ʏ m
undarlegt	ʏ n t a r l ɛ x t
vakandi	v aː k a n t ɪ
varnir	v a r t n ɪ r
viðburðir	v ɪ ð p ʏ r ð ɪ r
ákvarða	a uː kʰ v a r ð a
áttina	a u h t ɪ n a
ísí	iː s iː
ómögulegt	o uː m œː ɣ ʏ l ɛ x t
þings	θ i ŋ k s
þróunar	θ r o uː ʏ n a r
þéttbýli	θ j ɛ h t p iː l ɪ
þörfum	θ œ r v ʏ m
afhent	a v h ɛ n̥ t
almennra	a l m ɛ nː r a
almennu	a l m ɛ nː ʏ
austin	ø y s t ɪ n
biskups	p ɪ s k ʏ p s
bug	p ʏː ɣ
bátar	p a uː t a r
bæri	p a iː r ɪ
dale	t aː l ɛ
deildina	t e i l t ɪ n a
deilur	t e iː l ʏ r
eggert	ɛ cː ɛ r̥ t
einskis	e i n s c ɪː s
endurskoðun	ɛ n t ʏ r s k ɔː ð ʏ n
express	ɛ k s p r ɛ sː
eyjólfur	e iː j o u l v ʏ r
fréttablaðið	f r j ɛ h t a p l aː ð ɪ ð
fáar	f a uː a r
fínu	f iː n ʏ
góðs	k o u ð s
hafinu	h aː v ɪ n ʏ
hallgrímur	h a t l k r iː m ʏ r
harvard	h a r v a r t
harða	h a r ð a
hornafirði	h ɔ r t n a f ɪ r ð ɪ
hrifin	r̥ ɪː v ɪ n
hringir	r̥ i ɲ c ɪ r
hráefni	r̥ a uː ɛ p n ɪ
hörpu	h œ r̥ p ʏ
jens	j ɛ n s
kalli	kʰ a t l ɪ
klárt	kʰ l a u r̥ t
komdu	kʰ ɔ m t ʏ
konuna	kʰ ɔː n ʏ n a
kosnir	kʰ ɔ s t n ɪ r
kvöldmat	kʰ v œ l t m aː t
leggst	l ɛ kː s t
leikmanna	l e iː k m a nː a
leyfis	l e iː v ɪ s
lokinni	l ɔː c ɪ nː ɪ
lítum	l iː t ʏ m
lögreglumenn	l œ ɣ r ɛ k l ʏ m ɛ nː
magnúsar	m a k n uː s a r
matnum	m a h t n ʏ m
miðjunni	m ɪ ð j ʏ nː ɪ
nauðsynleg	n ø y ð s ɪ n l ɛː ɣ
odda	ɔ tː a
pál	pʰ a uː l
röðum	r œː ð ʏ m
rússland	r u sː l a n t
safni	s a p n ɪ
sameiginleg	s aː m e iː j ɪ n l ɛː ɣ
skar	s k aː r
styrki	s t ɪ r̥ c ɪ
sárt	s a u r̥ t
sérstöðu	s j ɛ r̥ s t œː ð ʏ
takmarka	tʰ aː k m a r̥ k a
tegunda	tʰ ɛː ɣ ʏ n t a
tímabært	tʰ iː m a p a i r̥ t
umhverfinu	ʏ m kʰ v ɛ r v ɪː n ʏ
uppsetningu	ʏ h p s ɛ h t n i ŋ k ʏ
varið	v aː r ɪ ð
verkefna	v ɛ r̥ cʰ ɛ p n a
veðri	v ɛ ð r ɪ
vildum	v ɪ l t ʏ m
viðurkennd	v ɪː ð ʏ r cʰ ɛ n t
víðs	v i ð s
yndislegt	ɪ n t ɪ s l ɛ x t
ágæt	a uː c a iː t
ársbyrjun	a u r̥ s p ɪ r j ʏ n
ætlunin	a i h t l ʏ n ɪ n
ört	œ r̥ t
þjóðar	θ j o uː ð a r
aðstaða	a ð s t aː ð a
blaðamenn	p l aː ð a m ɛ nː
borgir	p ɔ r c ɪ r
boy	p ɔ iː
byrjum	p ɪ r j ʏ m
dana	t aː n a
dæmt	t a i m̥ t
einangrun	e iː n a u ŋ k r ʏ n
einfalda	e i n f a l t a
endalok	ɛ n t a l ɔː k
flotta	f l ɔ h t a
geymslu	c e i m s t l ʏ
grettir	k r ɛ h t ɪ r
gífurlega	c iː v ʏ r l ɛː ɣ a
hagsmuna	h a x s m ʏː n a
heyrðu	h e i r ð ʏ
hills	h ɪ t l s
hlaupi	l̥ ø yː p ɪ
hlutunum	l̥ ʏː t ʏ n ʏ m
hringi	r̥ i ɲ c ɪ
hverrar	kʰ v ɛ rː a r
háa	h a uː a
hættulegt	h a i h t ʏ l ɛ x t
if	ɪː v
jakobsdóttir	j aː kʰ ɔ p s t o u h t ɪ r
kolbeinn	kʰ ɔ l p e i t n
krónu	kʰ r o uː n ʏ
laggirnar	l a cː ɪ r t n a r
landamærin	l a n t a m a iː r ɪ n
landanna	l a n t a nː a
landsvísu	l a n t s v iː s ʏ
leikarar	l e iː k a r a r
lily	l ɪː l ɪ
lögmál	l œ ɣ m a uː l
lýstu	l i s t ʏ
malcolm	m a l kʰ ɔ l m
millibili	m ɪ t l ɪ p ɪː l ɪ
minnstu	m ɪ n s t ʏ
missi	m ɪ sː ɪ
mætast	m a iː tʰ a s t
mættur	m a i h t ʏ r
nemur	n ɛː m ʏ r
nákvæmni	n a uː kʰ v a i m n ɪ
prinsinn	pʰ r ɪ n s ɪ nː
réttinda	r j ɛ h t ɪ n t a
rúmum	r uː m ʏ m
sambandinu	s a m p a n t ɪː n ʏ
sigurvegari	s ɪː ɣ ʏ r v ɛː ɣ a r ɪ
sjóðsins	s j o u ð s ɪ n s
slétt	s t l j ɛ h t
starfsfólk	s t a r v s f o u l̥ k
stokkhólmi	s t ɔ h k h o u l m ɪ
svavar	s v aː v a r
sólar	s o uː l a r
söfnun	s œ p n ʏ n
sýni	s iː n ɪ
takist	tʰ aː c ɪ s t
villt	v ɪ l̥ t
winston	v ɪ n s t ɔː n
ágreiningur	a uː k r e iː n i ŋ k ʏ r
ættingja	a i h t i ɲ c a
ótal	o uː tʰ aː l
aldarinnar	a l t a r ɪ nː a r
au	ø yː
birtust	p ɪ r̥ t ʏ s t
blátt	p l a u h t
blöðum	p l œː ð ʏ m
borgarbúa	p ɔ r k a r p uː a
dásamlegt	t a uː s a m l ɛ x t
eiríksson	e iː r i k s s ɔː n
erfiðara	ɛ r v ɪː ð a r a
eyjafirði	e iː j a f ɪ r ð ɪ
farðu	f a r ð ʏ
fjármagn	f j a u r m a k n
flokkast	f l ɔ h k a s t
frumsýnd	f r ʏ m s i n t
fréttirnar	f r j ɛ h t ɪ r t n a r
greiddu	k r e i tː ʏ
gísladóttir	c i s t l a t o u h t ɪ r
harðlega	h a r ð l ɛː ɣ a
hrikalega	r̥ ɪː k a l ɛː ɣ a
jonas	j ɔː n a s
kaupum	kʰ ø yː p ʏ m
kirkjur	cʰ ɪ r̥ c ʏ r
kjósenda	cʰ o uː s ɛ n t a
kolbrún	kʰ ɔ l p r uː n
krónan	kʰ r o uː n a n
kölluðu	kʰ œ t l ʏ ð ʏ
lang	l a u ŋ k
launum	l ø yː n ʏ m
listans	l ɪ s t a n s
madison	m aː t ɪ s ɔː n
min	m ɪː n
möguleg	m œː ɣ ʏ l ɛː ɣ
múslima	m u s t l ɪː m a
neitaði	n e iː t aː ð ɪ
náttúruleg	n a u h t uː r ʏ l ɛː ɣ
nýsköpun	n iː s k œː p ʏ n
oh	ɔː
pitt	pʰ ɪ h t
rannveig	r a nː v e iː ɣ
réttar	r j ɛ h t a r
samsvarar	s a m s v aː r a r
sanngjarnt	s a nː c a r t n̥ t
sannleika	s a nː l e iː k a
sannleikurinn	s a nː l e iː k ʏ r ɪ nː
sendingu	s ɛ n t i ŋ k ʏ
seyðisfirði	s e iː ð ɪ s f ɪ r ð ɪ
sið	s ɪː ð
stöku	s t œː k ʏ
tegundar	tʰ ɛː ɣ ʏ n t a r
tilfinningum	tʰ ɪ l f ɪ nː i ŋ k ʏ m
tíðum	tʰ iː ð ʏ m
tónlistina	tʰ o u n l ɪ s t ɪː n a
tölurnar	tʰ œː l ʏ r t n a r
upptökur	ʏ h p tʰ œː k ʏ r
vert	v ɛ r̥ t
vesturlöndum	v ɛ s t ʏ r l œ n t ʏ m
vinni	v ɪ nː ɪ
vinsældir	v ɪ n s a i l t ɪ r
virkan	v ɪ r̥ k a n
viðleitni	v ɪ ð l e i h t n ɪ
viðræður	v ɪ ð r a iː ð ʏ r
vonir	v ɔː n ɪ r
vopnafirði	v ɔ h p n a f ɪ r ð ɪ
vopnum	v ɔ h p n ʏ m
vægi	v a iː j ɪ
yfirborðið	ɪː v ɪ r p ɔ r ð ɪ ð
áherslur	a uː h ɛ r̥ s t l ʏ r
ástandið	a uː s t a n t ɪː ð
þjóðum	θ j o uː ð ʏ m
þýðingar	θ iː ð i ŋ k a r
august	ø yː ɣ ʏ s t
braga	p r aː ɣ a
bregst	p r ɛ x s t
brotin	p r ɔː t ɪ n
bruno	p r ʏː n ɔ
costa	kʰ ɔ s t a
dal	t aː l
drengurinn	t r e i ŋ k ʏ r ɪ nː
efnahag	ɛ p n a h aː ɣ
emil	ɛː m ɪ l
emma	ɛ mː a
eyþór	e iː θ o uː r
farsíma	f a r̥ s iː m a
fellt	f ɛ l̥ t
fjalli	f j a t l ɪ
fluttist	f l ʏ h t ɪ s t
flótta	f l o u h t a
fólst	f o u l s t
heilaga	h e iː l aː ɣ a
heitu	h e iː t ʏ
heklu	h ɛ h k l ʏ
helgadóttir	h ɛ l k a t o u h t ɪ r
helgar	h ɛ l k a r
hill	h ɪ t l
karlsson	kʰ a r t l s s ɔː n
keflavíkur	cʰ ɛ p l a v iː k ʏ r
kjörnir	cʰ œ r t n ɪ r
kvikmyndum	kʰ v ɪː k m ɪ n t ʏ m
lagðir	l a ɣ ð ɪ r
larsen	l a r̥ s ɛ n
lauren	l ø yː r ɛ n
liturinn	l ɪː t ʏ r ɪ nː
lokuð	l ɔː k ʏ ð
lífríki	l iː v r iː c ɪ
maga	m aː ɣ a
matargerð	m aː t a r c ɛ r ð
mikilvægustu	m ɪː c ɪ l v a iː ɣ ʏ s t ʏ
mörkin	m œ r̥ c ɪ n
open	ɔː p ɛ n
opnu	ɔ h p n ʏ
oscar	ɔ s k a r
pólitískt	pʰ o uː l ɪ tʰ i s k t
reglan	r ɛ k l a n
röðinni	r œː ð ɪ nː ɪ
samantekt	s aː m a n tʰ ɛ x t
samruna	s a m r ʏː n a
skammast	s k a mː a s t
skjölum	s c œː l ʏ m
sköpun	s k œː p ʏ n
star	s t aː r
stefánsdóttir	s t ɛː v a u n s t o u h t ɪ r
stjórnmála	s t j o u r t n m a uː l a
sáttmála	s a u h t m a uː l a
sýnist	s iː n ɪ s t
tillaga	tʰ ɪ t l aː ɣ a
time	tʰ ɪː m ɛ
umboð	ʏ m p ɔː ð
valgerður	v a l c ɛ r ð ʏ r
vandræðum	v a n t r a iː ð ʏ m
verkin	v ɛ r̥ c ɪ n
ward	v a r t
æft	a i f t
ögmundur	œ ɣ m ʏ n t ʏ r
útgáfan	uː t k a uː v a n
þriðjungur	θ r ɪ ð j u ŋ k ʏ r
þúsunda	θ uː s ʏ n t a
abel	aː p ɛː l
alvarleg	a l v a r l ɛː ɣ
atburðir	aː t p ʏ r ð ɪ r
bankanna	p a u ŋ̊ kʰ a nː a
birtu	p ɪ r̥ t ʏ
bygginga	p ɪ cː i ŋ k a
bókar	p o uː k a r
da	t aː
dalnum	t a l n ʏ m
daði	t aː ð ɪ
eggin	ɛ cː ɪ n
endann	ɛ n t a nː
et	ɛː t
eyjuna	e iː j ʏ n a
fangar	f a u ŋ k a r
farþegar	f a r θ ɛː ɣ a r
flokkarnir	f l ɔ h k a r t n ɪ r
formanns	f ɔ r m a nː s
framkvæmdar	f r a m kʰ v a i m t a r
fræðslu	f r a i ð s t l ʏ
fræðum	f r a iː ð ʏ m
fundar	f ʏ n t a r
fáðu	f a uː ð ʏ
garðinum	k a r ð ɪ n ʏ m
grundvallar	k r ʏ n t v a t l a r
gríðarleg	k r iː ð a r l ɛː ɣ
hefir	h ɛː v ɪ r
hefðum	h ɛ v ð ʏ m
heimamenn	h e iː m a m ɛ nː
heimilinu	h e iː m ɪ l ɪː n ʏ
henta	h ɛ n̥ t a
himins	h ɪː m ɪ n s
hljóp	l̥ j o uː p
hörðum	h œ r ð ʏ m
jarðvegi	j a r ð v e iː j ɪ
jöfnum	j œ p n ʏ m
kostnaður	kʰ ɔ s t n aː ð ʏ r
kristjáns	kʰ r ɪ s t j a u n s
kristínu	kʰ r ɪ s t iː n ʏ
lausu	l ø yː s ʏ
lax	l a k s
leiðtogar	l e i ð tʰ ɔː ɣ a r
lifi	l ɪː v ɪ
lisa	l ɪː s a
losnar	l ɔ s t n a r
lukku	l ʏ h k ʏ
lundúnum	l ʏ n t uː n ʏ m
marco	m a r̥ k ɔ
michelle	m ɪː x ɛ t l ɛ
mikilvægum	m ɪː c ɪ l v a iː ɣ ʏ m
minnti	m ɪ n̥ t ɪ
misjafnt	m ɪː s j a p n̥ t
notalegt	n ɔː t a l ɛ x t
pan	pʰ aː n
per	pʰ ɛː r
rannsóknar	r a nː s o u h k n a r
reyndust	r e i n t ʏ s t
rosa	r ɔː s a
sal	s aː l
samanburði	s aː m a n p ʏ r ð ɪ
samsett	s a m s ɛ h t
samstöðu	s a m s t œː ð ʏ
samsæri	s a m s a iː r ɪ
samtökunum	s a m tʰ œː k ʏ n ʏ m
sanni	s a nː ɪ
sit	s ɪː t
sjómanna	s j o uː m a nː a
skemmtilega	s c ɛ m̥ t ɪ l ɛː ɣ a
spillingu	s p ɪ t l i ŋ k ʏ
spánar	s p a uː n a r
spítala	s p iː tʰ aː l a
stela	s t ɛː l a
stillt	s t ɪ l̥ t
stofnandi	s t ɔ p n a n t ɪ
stolið	s t ɔː l ɪ ð
stuart	s t ʏ a r̥ t
stykkishólmi	s t ɪ h c ɪ s h o u l m ɪ
stáli	s t a uː l ɪ
stödd	s t œ tː
stúlkan	s t u l̥ k a n
takt	tʰ a x t
tryggt	tʰ r ɪ x t
undanförnum	ʏ n t a n f œ r t n ʏ m
ungar	u ŋ k a r
valinu	v aː l ɪː n ʏ
varst	v a r̥ s t
vasa	v aː s a
veikindi	v e iː c ɪ n t ɪ
vetri	v ɛː t r ɪ
vettvang	v ɛ h t v a u ŋ k
vilhjálmsson	v ɪ l ç a u l m s s ɔː n
viljað	v ɪ l j a ð
virginíu	v ɪ r c ɪ n iː j ʏ
vitlaust	v ɪː t l ø y s t
ákveðinni	a uː kʰ v ɛː ð ɪ nː ɪ
áætlaður	a uː a i h t l aː ð ʏ r
óbreytt	o uː p r e i h t
útvarpi	uː t v a r̥ p ɪ
þorsteins	θ ɔ r̥ s t e i n s
þrýstingi	θ r i s t i ɲ c ɪ
þyngri	θ i ŋ k r ɪ
þíns	θ i n s
algengasta	a l c e i ŋ k a s t a
alger	a l c ɛ r
bankar	p a u ŋ̊ k a r
barðist	p a r ð ɪ s t
biblíunni	p ɪ p l i j ʏ nː ɪ
birni	p ɪ r t n ɪ
blandast	p l a n t a s t
boðaði	p ɔː ð a ð ɪ
brasilíu	p r aː s ɪ l iː j ʏ
detroit	t ɛː t r ɔ iː t
drengir	t r e i ɲ c ɪ r
ek	ɛː k
fallegri	f a t l ɛ ɣ r ɪ
fjörutíu	f j œː r ʏ tʰ iː j ʏ
frakka	f r a h k a
framhaldsnám	f r a m h a l t s n a uː m
galla	k a t l a
gerið	c ɛː r ɪ ð
greidd	k r e i tː
grunar	k r ʏː n a r
grétar	k r j ɛː t a r
guðrúnar	k v ʏ ð r uː n a r
gátum	k a uː t ʏ m
gæðum	c a iː ð ʏ m
hljómsveitarinnar	l̥ j o u m s v e iː t a r ɪ nː a r
huganum	h ʏː ɣ a n ʏ m
hættuleg	h a i h t ʏ l ɛː ɣ
hörku	h œ r̥ k ʏ
ingar	i ŋ k a r
jefferson	j ɛ fː ɛ r̥ s ɔː n
landsbankans	l a n t s p a u ŋ̊ kʰ a n s
leiðbeiningar	l e i ð p e iː n i ŋ k a r
listamaður	l ɪ s t a m aː ð ʏ r
ljósmyndun	l j o uː s m ɪ n t ʏ n
lít	l iː t
meiriháttar	m e iː r ɪ h a u h t a r
munn	m ʏ nː
nutu	n ʏː t ʏ
perry	pʰ ɛ rː ɪ
rafn	r a p n
raunverulegt	r ø y n v ɛː r ʏ l ɛ x t
raunverulegur	r ø y n v ɛː r ʏ l ɛː ɣ ʏ r
siðfræði	s ɪ ð f r a iː ð ɪ
sjáðu	s j a uː ð ʏ
slökkva	s t l œ h k v a
smávegis	s m a uː v e iː j ɪ s
spurði	s p ʏ r ð ɪ
stanford	s t a n f ɔ r t
stækkun	s t a i h k ʏ n
tilnefningu	tʰ ɪ l n ɛ p n i ŋ k ʏ
tímapunkti	tʰ iː m a pʰ u ŋ̊ k t ɪ
ummæli	ʏ mː a iː l ɪ
ungs	u ŋ k s
vegurinn	v ɛː ɣ ʏ r ɪ nː
veittu	v e i h t ʏ
vextir	v ɛ k s t ɪ r
yngstu	i ŋ k s t ʏ
áfanga	a uː f a u ŋ k a
ása	a uː s a
útskrifast	uː t s k r ɪː v a s t
útskrift	uː t s k r ɪ f t
þóttu	θ o u h t ʏ
algengustu	a l c e i ŋ k ʏ s t ʏ
alþjóðlegra	a l θ j o u ð l ɛ ɣ r a
bandarísk	p a n t a r i s k
beit	p e iː t
betty	p ɛ h t ɪ
bin	p ɪː n
bjarnadóttir	p j a r t n a t o u h t ɪ r
brá	p r a uː
byggingum	p ɪ cː i ŋ k ʏ m
byggða	p ɪ ɣ ð a
bókmenntum	p o uː k m ɛ n̥ t ʏ m
can	kʰ aː n
dali	t aː l ɪ
endurheimta	ɛ n t ʏ r h e i m̥ t a
evrópsku	ɛ v r o u p s k ʏ
eyjar	e iː j a r
forstjóra	f ɔ r̥ s t j o uː r a
fyrirtækis	f ɪː r ɪ r tʰ a iː c ɪ s
fól	f o uː l
fórst	f o u r̥ s t
gildum	c ɪ l t ʏ m
haldast	h a l t a s t
hefðbundið	h ɛ v ð p ʏ n t ɪ ð
heimasíðunni	h e iː m a s iː ð ʏ nː ɪ
herberginu	h ɛ r p ɛ r c ɪː n ʏ
hækkar	h a i h k a r
hæstarétti	h a i s t a r j ɛ h t ɪ
höfnina	h œ p n ɪ n a
húfi	h uː v ɪ
innanríkisráðherra	ɪ nː a n r iː c ɪ s r a uː ð h ɛ rː a
jafngildir	j a p n c ɪ l t ɪ r
jákvætt	j a uː kʰ v a i h t
jákvæða	j a uː kʰ v a iː ð a
karls	kʰ a r t l s
kate	kʰ aː t ɛ
keppninnar	cʰ ɛ h p n ɪ nː a r
kjöri	cʰ œː r ɪ
konunni	kʰ ɔː n ʏ nː ɪ
krafðist	kʰ r a v ð ɪ s t
krökkunum	kʰ r œ h k ʏ n ʏ m
kynjanna	cʰ ɪ n j a nː a
landsmenn	l a n t s m ɛ nː
led	l ɛː t
lentu	l ɛ n̥ t ʏ
liti	l ɪː t ɪ
ljósmyndari	l j o uː s m ɪ n t a r ɪ
mannanna	m a nː a nː a
mestan	m ɛ s t a n
muntu	m ʏ n̥ t ʏ
orrustu	ɔ rː ʏ s t ʏ
orðsins	ɔ r ð s ɪ n s
péturs	pʰ j ɛː t ʏ r̥ s
pör	pʰ œː r
rauð	r ø yː ð
rauðum	r ø yː ð ʏ m
refsingu	r ɛ f s i ŋ k ʏ
réttarhöld	r j ɛ h t a r h œ l t
röng	r ø y ŋ k
samsetningu	s a m s ɛ h t n i ŋ k ʏ
setningar	s ɛ h t n i ŋ k a r
skilji	s c ɪ l j ɪ
skipulagi	s c ɪː p ʏ l aː j ɪ
skorti	s k ɔ r̥ t ɪ
sprengjum	s p r e i ɲ c ʏ m
starfsmönnum	s t a r v s m œ nː ʏ m
staðreyndir	s t a ð r e i n t ɪ r
sterkum	s t ɛ r̥ k ʏ m
svæðis	s v a iː ð ɪ s
sólinni	s o uː l ɪ nː ɪ
sögurnar	s œː ɣ ʏ r t n a r
terry	tʰ ɛ rː ɪ
tilheyrandi	tʰ ɪː l h e iː r a n t ɪ
tugi	tʰ ʏ iː j ɪ
tækifærið	tʰ a iː c ɪ f a iː r ɪ ð
tölvan	tʰ œ l v a n
undirbúning	ʏ n t ɪ r p uː n i ŋ k
venjast	v ɛ n j a s t
vesturlandi	v ɛ s t ʏ r l a n t ɪ
völdin	v œ l t ɪ n
wales	v aː l ɛː s
yngsta	i ŋ k s t a
áfengis	a uː f e i ɲ c ɪ s
íran	iː r a n
ýtt	i h t
þrýstingur	θ r i s t i ŋ k ʏ r
así	aː s iː
brenndu	p r ɛ n t ʏ
bryndís	p r ɪ n t iː s
draum	t r ø yː m
du	t ʏː
fagnað	f a k n a ð
fiskurinn	f ɪ s k ʏ r ɪ nː
fluttar	f l ʏ h t a r
fluttir	f l ʏ h t ɪ r
gagnrýnt	k a k n r i n̥ t
global	k l ɔː p a l
go	k ɔː
guðmund	k v ʏ ð m ʏ n t
hall	h a t l
ham	h aː m
han	h aː n
handbolta	h a n t p ɔ l̥ t a
hálsi	h a u l s ɪ
hóps	h o u p s
höfuðstöðvar	h œː v ʏ ð s t œ ð v a r
kvikmynda	kʰ v ɪː k m ɪ n t a
kyle	cʰ ɪː l ɛ
kynslóðir	cʰ ɪ n s t l o uː ð ɪ r
landsliðsins	l a n t s t l ɪ ð s ɪ n s
leiklist	l e iː k l ɪ s t
lifðu	l ɪ v ð ʏ
line	l ɪː n ɛ
listir	l ɪ s t ɪ r
litu	l ɪː t ʏ
línunni	l iː n ʏ nː ɪ
meðgöngu	m ɛ ð k ø y ŋ k ʏ
réði	r j ɛː ð ɪ
salnum	s a l n ʏ m
sandi	s a n t ɪ
seinasta	s e iː n a s t a
seldar	s ɛ l t a r
sharon	s h aː r ɔ n
skamms	s k a m s
skemmdum	s c ɛ m t ʏ m
skemmt	s c ɛ m̥ t
skráðir	s k r a uː ð ɪ r
sms	s ɛ m s
steina	s t e iː n a
stjórnarinnar	s t j o u r t n a r ɪ nː a r
stoltur	s t ɔ l̥ t ʏ r
svarti	s v a r̥ t ɪ
svíar	s v iː j a r
sæki	s a iː c ɪ
treystir	tʰ r e i s t ɪ r
tungumáli	tʰ u ŋ k ʏ m a uː l ɪ
tímamót	tʰ iː m a m o uː t
tímanlega	tʰ iː m a n l ɛː ɣ a
umboði	ʏ m p ɔː ð ɪ
velt	v ɛ l̥ t
verjast	v ɛ r j a s t
video	v ɪː t ɛː ɔ
áin	a uː ɪ n
áreiti	a uː r e iː t ɪ
átökum	a uː tʰ œː k ʏ m
þjóðinni	θ j o uː ð ɪ nː ɪ
þvermál	θ v ɛ r m a uː l
aldamótin	a l t a m o uː t ɪ n
ameríska	aː m ɛː r i s k a
auðlindir	ø y ð l ɪ n t ɪ r
bestur	p ɛ s t ʏ r
deilum	t e iː l ʏ m
eiganda	e iː ɣ a n t a
eiginleikar	e iː j ɪ n l e iː k a r
einari	e iː n a r ɪ
feta	f ɛː t a
fjölgar	f j œ l k a r
framlög	f r a m l œː ɣ
friðar	f r ɪː ð a r
frjálsa	f r j a u l s a
frumur	f r ʏː m ʏ r
hawaii	h aː v a iː j ɪ
hendinni	h ɛ n t ɪ nː ɪ
high	h ɪː ɣ
hvorum	kʰ v ɔː r ʏ m
höfundurinn	h œː v ʏ n t ʏ r ɪ nː
höndina	h œ n t ɪ n a
ip	ɪː p
iðnaði	ɪ ð n aː ð ɪ
keflavíkurflugvelli	cʰ ɛ p l a v iː k ʏ r f l ʏ ɣ v ɛ t l ɪ
keyrir	cʰ e iː r ɪ r
konunnar	kʰ ɔː n ʏ nː a r
landsframleiðslu	l a n t s f r a m l e i ð s t l ʏ
landsvirkjunar	l a n t s v ɪ r̥ c ʏ n a r
leon	l ɛː ɔ n
leyfði	l e i v ð ɪ
listamönnum	l ɪ s t a m œ nː ʏ m
massa	m a sː a
norðri	n ɔ r ð r ɪ
páli	pʰ a uː l ɪ
re	r ɛː
riti	r ɪː t ɪ
ráðamenn	r a uː ð a m ɛ nː
ráðstefna	r a u ð s t ɛ p n a
se	s ɛː
segðu	s ɛ ɣ ð ʏ
skilyrðum	s c ɪː l ɪ r ð ʏ m
skuld	s k ʏ l t
skynsamlegt	s c ɪ n s a m l ɛ x t
skúlason	s k uː l a s ɔː n
skýringum	s c iː r i ŋ k ʏ m
stark	s t a r̥ k
stjórnaði	s t j o u r t n aː ð ɪ
tímabilsins	tʰ iː m a p ɪ l s ɪ n s
tölvum	tʰ œ l v ʏ m
upplausn	ʏ h p l ø y s t n
viktor	v ɪ x t ɔ r
walt	v a l̥ t
yfirvalda	ɪː v ɪ r v a l t a
yfirvöldum	ɪː v ɪ r v œ l t ʏ m
yngra	i ŋ k r a
áratuga	a uː r a tʰ ʏː ɣ a
þekkist	θ ɛ h c ɪ s t
þekkti	θ ɛ x t ɪ
þjást	θ j a u s t
akraness	aː k r a n ɛ sː
algengar	a l c e i ŋ k a r
austri	ø y s t r ɪ
byggðu	p ɪ ɣ ð ʏ
bændum	p a i n t ʏ m
eilífu	e iː l iː v ʏ
endurbætur	ɛ n t ʏ r p a iː t ʏ r
epli	ɛ h p l ɪ
fenginn	f e i ɲ c ɪ n
ferðaþjónusta	f ɛ r ð a θ j o uː n ʏ s t a
festist	f ɛ s t ɪ s t
fjármál	f j a u r m a uː l
fjármála	f j a u r m a uː l a
flóknari	f l o u h k n a r ɪ
fullveldi	f ʏ t l v ɛ l t ɪ
færast	f a iː r a s t
föstum	f œ s t ʏ m
gagnrýna	k a k n r iː n a
harðar	h a r ð a r
hausnum	h ø y s t n ʏ m
heimavelli	h e iː m a v ɛ t l ɪ
hittumst	h ɪ h t ʏ m s t
hreyfingarinnar	r̥ e iː v i ŋ k a r ɪ nː a r
hund	h ʏ n t
hátíðina	h a uː tʰ iː ð ɪ n a
hækkaði	h a i h k a ð ɪ
höggi	h œ cː ɪ
karlkyns	kʰ a r t l̥ cʰ ɪ n s
kaus	kʰ ø yː s
kjallara	cʰ a t l a r a
klæðast	kʰ l a iː ð a s t
kulda	kʰ ʏ l t a
kæmu	cʰ a iː m ʏ
leikara	l e iː k a r a
lektor	l ɛ x t ɔ r
líkja	l iː c a
línan	l iː n a n
margréti	m a r k r j ɛː t ɪ
mikilvæga	m ɪː c ɪ l v a iː ɣ a
myndaðist	m ɪ n t a ð ɪ s t
nova	n ɔː v a
nágrenninu	n a uː k r ɛ nː ɪ n ʏ
oliver	ɔː l ɪ v ɛː r
punkta	pʰ u ŋ̊ k t a
rangar	r a u ŋ k a r
robin	r ɔː p ɪ n
roy	r ɔ iː
rætast	r a iː tʰ a s t
rússnesku	r u sː n ɛ s k ʏ
sambúð	s a m p uː ð
samfara	s a m f aː r a
sjaldnast	s j a l t n a s t
skálholti	s k a uː l h ɔ l̥ t ɪ
slíkri	s t l iː k r ɪ
stofnuninni	s t ɔ p n ʏ n ɪ nː ɪ
stækkað	s t a i h k a ð
stórra	s t o u rː a
stöðugri	s t œː ð ʏ k r ɪ
svartir	s v a r̥ t ɪ r
sólarhring	s o uː l a r r̥ i ŋ k
sýndar	s i n t a r
umsjá	ʏ m s j a uː
vafa	v aː v a
varamaður	v aː r a m aː ð ʏ r
viðtöl	v ɪ ð tʰ œː l
vísindamanna	v iː s ɪ n t a m a nː a
vön	v œː n
öldinni	œ l t ɪ nː ɪ
öruggur	œː r ʏ kː ʏ r
þjóðirnar	θ j o uː ð ɪ r t n a r
ak	aː k
algengast	a l c e i ŋ k a s t
andstæðingar	a n t s t a iː ð i ŋ k a r
aðdáendur	a ð t a uː ɛ n t ʏ r
bönnuð	p œ nː ʏ ð
dalton	t a l̥ tʰ ɔː n
duke	t ʏː c ɛ
dyrum	t ɪː r ʏ m
eggjum	ɛ cː ʏ m
eigenda	e iː j ɛ n t a
eignarhald	e i k n a r h a l t
elsa	ɛ l s a
eðlilegt	ɛ ð l ɪ l ɛ x t
farartæki	f aː r a r tʰ a iː c ɪ
ferðin	f ɛ r ð ɪ n
fiskeldi	f ɪ s c ɛ l t ɪ
fjár	f j a uː r
forrest	f ɔ rː ɛ s t
fylgdist	f ɪ l t ɪ s t
fárra	f a u rː a
gagni	k a k n ɪ
geymd	c e i m t
gjörsamlega	c œ r̥ s a m l ɛː ɣ a
halldóra	h a t l t o uː r a
heitinu	h e iː t ɪ n ʏ
hittum	h ɪ h t ʏ m
hleypur	l̥ e iː p ʏ r
hofi	h ɔː v ɪ
holly	h ɔ t l ɪ
höfninni	h œ p n ɪ nː ɪ
höfuðborginni	h œː v ʏ ð p ɔ r c ɪ nː ɪ
kenndu	cʰ ɛ n t ʏ
kjósendur	cʰ o uː s ɛ n t ʏ r
kristnir	kʰ r ɪ s t n ɪ r
kærði	cʰ a i r ð ɪ
launin	l ø yː n ɪ n
leiðum	l e iː ð ʏ m
mataræði	m aː t a r a iː ð ɪ
matvælum	m aː t v a iː l ʏ m
menntaskólanum	m ɛ n̥ t a s k o uː l a n ʏ m
meðhöndlun	m ɛː ð h œ n t l ʏ n
misstu	m ɪ s t ʏ
nýttu	n i h t ʏ
nýttur	n i h t ʏ r
pálsdóttir	pʰ a u l s t o u h t ɪ r
rafmagni	r a v m a k n ɪ
reykjanesi	r e iː c a n ɛː s ɪ
ríkin	r iː c ɪ n
sagðir	s a ɣ ð ɪ r
samstundis	s a m s t ʏ n t ɪ s
settum	s ɛ h t ʏ m
setu	s ɛː t ʏ
seðlabankans	s ɛ ð l a p a u ŋ̊ kʰ a n s
sigga	s ɪ kː a
skrýtið	s k r iː t ɪ ð
sky	s c ɪː
skýrslur	s c i r̥ s t l ʏ r
stefnum	s t ɛ p n ʏ m
stráka	s t r a uː k a
svartan	s v a r̥ t a n
sólina	s o uː l ɪː n a
tilraunum	tʰ ɪ l r ø yː n ʏ m
trén	tʰ r j ɛː n
tísku	tʰ i s k ʏ
utanaðkomandi	ʏː t a n a ð kʰ ɔː m a n t ɪ
veikinda	v e iː c ɪ n t a
veraldar	v ɛː r a l t a r
verur	v ɛː r ʏ r
verðandi	v ɛ r ð a n t ɪ
virtust	v ɪ r̥ t ʏ s t
viðauka	v ɪː ð ø yː k a
áhrifin	a uː r̥ ɪː v ɪ n
áðan	a uː ð a n
óþarfi	o uː θ a r v ɪ
öflugt	œ v l ʏ x t
öruggan	œː r ʏ kː a n
þrem	θ r ɛː m
afnám	a p n a uː m
andliti	a n t l ɪː t ɪ
andstæðinga	a n t s t a iː ð i ŋ k a
atlanta	aː t l a n̥ t a
augað	ø yː ɣ a ð
bankann	p a u ŋ̊ kʰ a nː
boðað	p ɔː ð a ð
bragðið	p r a ɣ ð ɪ ð
bæjum	p a iː j ʏ m
class	kʰ l a sː
club	kʰ l ʏː p
day	t a iː
drottningu	t r ɔ h t n i ŋ k ʏ
efra	ɛ v r a
eiginmann	e iː j ɪ n m a nː
flottar	f l ɔ h t a r
fra	f r aː
fræg	f r a iː ɣ
fögnum	f œ k n ʏ m
geimnum	c e i m n ʏ m
getir	c ɛː t ɪ r
glæsilegur	k l a iː s ɪ l ɛː ɣ ʏ r
hagar	h aː ɣ a r
handtekin	h a n t tʰ ɛː c ɪ n
hannaður	h a nː a ð ʏ r
hauksson	h ø y k s s ɔː n
helvítis	h ɛ l v iː t ɪ s
herma	h ɛ r m a
hittust	h ɪ h t ʏ s t
hjartað	ç a r̥ t a ð
hliðum	l̥ ɪː ð ʏ m
hringbraut	r̥ i ŋ k p r ø yː t
hrunið	r̥ ʏː n ɪ ð
hugmynda	h ʏ ɣ m ɪ n t a
hvanneyri	kʰ v a nː e iː r ɪ
hvorn	kʰ v ɔ r t ⁽ʰ ⁾ n
hækkandi	h a i h k a n t ɪ
hættum	h a i h t ʏ m
kjördæmi	cʰ œ r t a iː m ɪ
kjörtímabil	cʰ œ r̥ tʰ iː m a p ɪː l
kostir	kʰ ɔ s t ɪ r
kökur	kʰ œː k ʏ r
körfubolta	kʰ œ r v ʏ p ɔ l̥ t a
landbúnaðar	l a n t p uː n a ð a r
lane	l aː n ɛ
live	l ɪː v ɛ
lögmenn	l œ ɣ m ɛ nː
merkel	m ɛ r̥ c ɛ l
metrum	m ɛː t r ʏ m
milligöngu	m ɪ t l ɪ k ø y ŋ k ʏ
na	n aː
nýjungar	n iː j u ŋ k a r
pete	pʰ ɛː t ɛ
páska	pʰ a u s k a
ragnars	r a k n a r̥ s
reis	r e iː s
rio	r ɪː j ɔ
ritstjóra	r ɪː t s t j o uː r a
ritun	r ɪː t ʏ n
ræðir	r a iː ð ɪ r
réðu	r j ɛː ð ʏ
rúma	r uː m a
skilgreining	s c ɪ l k r e iː n i ŋ k
skoðunum	s k ɔː ð ʏ n ʏ m
smíðaður	s m iː ð a ð ʏ r
stefnumótun	s t ɛ p n ʏ m o uː t ʏ n
stenst	s t ɛ n s t
stjórnmálaflokka	s t j o u r t n m a uː l a f l ɔ h k a
svari	s v aː r ɪ
sveitir	s v e iː t ɪ r
svipaðar	s v ɪː p a ð a r
svörin	s v œː r ɪ n
séns	s j ɛ n s
todd	tʰ ɔ tː
tonna	tʰ ɔ nː a
tvöfalda	tʰ v œː v a l t a
tyrklandi	tʰ ɪ r̥ k l a n t ɪ
undantekning	ʏ n t a n tʰ ɛ h k n i ŋ k
unnum	ʏ nː ʏ m
vandamálum	v a n t a m a uː l ʏ m
veturna	v ɛː t ʏ r t n a
vinn	v ɪ nː
vitna	v ɪ h t n a
vitneskju	v ɪ h t n ɛ s c ʏ
árleg	a uː r l ɛː ɣ
æviloka	a iː v ɪ l ɔː k a
óbeint	o uː p e i n̥ t
óx	o u k s
örvar	œ r v a r
útgefandi	uː t c ɛː f a n t ɪ
útlendinga	uː t l ɛ n t i ŋ k a
þjálfara	θ j a u l v aː r a
þurrt	θ ʏ r̥ t
þínir	θ iː n ɪ r
afhenti	a v h ɛ n̥ t ɪ
akstur	a x s t ʏ r
alþjóðlegri	a l θ j o u ð l ɛ ɣ r ɪ
beitir	p e iː t ɪ r
biblíunnar	p ɪ p l i j ʏ nː a r
biðu	p ɪː ð ʏ
boris	p ɔː r ɪ s
borðað	p ɔ r ð a ð
brad	p r aː t
byggi	p ɪ cː ɪ
cyrus	s ɪː r ʏ s
dvaldi	t v a l t ɪ
eintök	e i n tʰ œː k
eldurinn	ɛ l t ʏ r ɪ nː
eyjan	e iː j a n
fitu	f ɪː t ʏ
formenn	f ɔ r m ɛ nː
framboðs	f r a m p ɔ ð s
gengis	c e i ɲ c ɪ s
gesta	c ɛ s t a
gettu	c ɛ h t ʏ
geymt	c e i m̥ t
gleymdi	k l e i m t ɪ
gripið	k r ɪː p ɪ ð
gæða	c a iː ð a
harðarson	h a r ð a r s ɔː n
helling	h ɛ t l i ŋ k
hlutverkum	l̥ ʏː t v ɛ r̥ k ʏ m
hvatt	kʰ v a h t
hádegismat	h a uː t e iː j ɪ s m aː t
hæfir	h a iː v ɪ r
hæðir	h a iː ð ɪ r
hólm	h o u l m
justin	j ʏ s t ɪ n
katniss	kʰ a h t n ɪ sː
ken	cʰ ɛː n
krabbameini	kʰ r a pː a m e iː n ɪ
krafta	kʰ r a f t a
krakkana	kʰ r a h k a n a
kynningu	cʰ ɪ nː i ŋ k ʏ
kæmist	cʰ a iː m ɪ s t
laura	l ø yː r a
leifur	l e iː v ʏ r
leikföng	l e iː k f ø y ŋ k
leitum	l e iː t ʏ m
leiðina	l e iː ð ɪ n a
líkum	l iː k ʏ m
líti	l iː t ɪ
löndin	l œ n t ɪ n
málstað	m a u l s t aː ð
nöfnin	n œ p n ɪ n
orri	ɔ rː ɪ
point	pʰ ɔ i n̥ t
roland	r ɔː l a n t
ræddi	r a i tː ɪ
seldu	s ɛ l t ʏ
sjálfar	s j a u l v a r
sjónarhorni	s j o uː n a r h ɔ r t n ɪ
sjónarmið	s j o uː n a r m ɪː ð
skipanir	s c ɪː p a n ɪ r
skjá	s c a uː
skráði	s k r a uː ð ɪ
slæma	s t l a iː m a
sprengjur	s p r e i ɲ c ʏ r
sterkar	s t ɛ r̥ k a r
stuttar	s t ʏ h t a r
suma	s ʏː m a
truman	tʰ r ʏː m a n
tryggingu	tʰ r ɪ cː i ŋ k ʏ
tunglið	tʰ u ŋ l ɪː ð
tuttugustu	tʰ ʏ h t ʏ ɣ ʏ s t ʏ
töflur	tʰ œ p l ʏ r
velkomna	v ɛ l kʰ ɔ m n a
verðbólgu	v ɛ r ð p o u l k ʏ
virðingar	v ɪ r ð i ŋ k a r
viðgerðir	v ɪ ð c ɛ r ð ɪ r
ágústsson	a uː k u s t s ɔː n
ástfangin	a u s t f a u ɲ c ɪ n
þúsundum	θ uː s ʏ n t ʏ m
alvarlegum	a l v a r l ɛː ɣ ʏ m
blóma	p l o uː m a
bráðum	p r a uː ð ʏ m
byggðir	p ɪ ɣ ð ɪ r
bátum	p a uː t ʏ m
báðu	p a uː ð ʏ
bókmennta	p o uː k m ɛ n̥ t a
cameron	kʰ aː m ɛː r ɔː n
central	s ɛ n̥ t r aː l
dæmd	t a i m t
einvörðungu	e i n v œ r ð u ŋ k ʏ
embættið	ɛ m p a i h t ɪ ð
endast	ɛ n t a s t
eyði	e iː ð ɪ
fallegan	f a t l ɛː ɣ a n
fastir	f a s t ɪ r
feb	f ɛː p
festival	f ɛ s t ɪ v aː l
floyd	f l ɔ iː t
forsendur	f ɔ r̥ s ɛ n t ʏ r
framandi	f r aː m a n t ɪ
frábærir	f r a uː p a iː r ɪ r
fræðimanna	f r a iː ð ɪ m a nː a
færst	f a i r̥ s t
félaganna	f j ɛː l a k a nː a
föstudag	f œ s t ʏ t aː ɣ
gyðingar	c ɪː ð i ŋ k a r
góði	k o uː ð ɪ
hagsmunum	h a x s m ʏː n ʏ m
he	h ɛː
hengdur	h e i ŋ t ʏ r
hreinlega	r̥ e i n l ɛː ɣ a
háar	h a uː a r
hálfum	h a u l v ʏ m
hátíðarinnar	h a uː tʰ iː ð a r ɪ nː a r
hægja	h a iː j a
kenningum	cʰ ɛ nː i ŋ k ʏ m
kristi	kʰ r ɪ s t ɪ
kristnum	kʰ r ɪ s t n ʏ m
kv	kʰ v ɛː
kynnist	cʰ ɪ nː ɪ s t
kínversku	cʰ i n v ɛ r̥ s k ʏ
lars	l a r̥ s
látist	l a uː tʰ ɪ s t
léttari	l j ɛ h t a r ɪ
maka	m aː k a
miðar	m ɪː ð a r
miðöldum	m ɪː ð œ l t ʏ m
nate	n aː t ɛ
noreg	n ɔː r ɛː ɣ
november	n ɔː v ɛ m p ɛː r
náttúrulegum	n a u h t uː r ʏ l ɛː ɣ ʏ m
næringu	n a iː r i ŋ k ʏ
nýtti	n i h t ɪ
play	pʰ l a iː
reiknað	r e i h k n a ð
ráðstefnunni	r a u ð s t ɛ p n ʏ nː ɪ
réttir	r j ɛ h t ɪ r
rúmar	r uː m a r
rúminu	r uː m ɪː n ʏ
sams	s a m s
samtímans	s a m tʰ iː m a n s
sandgerði	s a n t c ɛ r ð ɪ
sept	s ɛ f t
sindri	s ɪ n t r ɪ
skín	s c iː n
syndir	s ɪ n t ɪ r
sækjast	s a iː c a s t
síðara	s iː ð a r a
tilbúnar	tʰ ɪ l p uː n a r
tonnum	tʰ ɔ nː ʏ m
töluverð	tʰ œː l ʏ v ɛ r ð
umsögn	ʏ m s œ k n
upphafið	ʏ h p h aː v ɪ ð
verkfræði	v ɛ r̥ k f r a iː ð ɪ
vindi	v ɪ n t ɪ
viðskiptaráðherra	v ɪ ð s c ɪ f t a r a uː ð h ɛ rː a
vítt	v i h t
yfirumsjón	ɪː v ɪ r ʏ m s j o uː n
ánægð	a uː n a i ɣ ð
úrslitin	u r̥ s t l ɪː t ɪ n
úrvalsdeildinni	u r v a l s t e i l t ɪ nː ɪ
bakvið	p aː k v ɪː ð
bandamenn	p a n t a m ɛ nː
bandaríski	p a n t a r i s c ɪ
bandarískum	p a n t a r i s k ʏ m
beitti	p e i h t ɪ
borgarstjóra	p ɔ r k a r s t j o uː r a
bráðabirgða	p r a uː ð a p ɪ r ɣ ð a
brýtur	p r iː t ʏ r
börðust	p œ r ð ʏ s t
den	t ɛː n
drottningar	t r ɔ h t n i ŋ k a r
efnt	ɛ p n̥ t
einstakur	e i n s t aː k ʏ r
endist	ɛ n t ɪ s t
essex	ɛ sː ɛ k s
fastar	f a s t a r
fiskar	f ɪ s k a r
flugvelli	f l ʏ ɣ v ɛ t l ɪ
flutninga	f l ʏ h t n i ŋ k a
frekara	f r ɛː k a r a
fréttin	f r j ɛ h t ɪ n
fáeinum	f a uː e iː n ʏ m
fólgin	f o u l c ɪ n
fórum	f o uː r ʏ m
gamlan	k a m l a n
gerðinni	c ɛ r ð ɪ nː ɪ
handtöku	h a n t tʰ œː k ʏ
heimasíða	h e iː m a s iː ð a
hold	h ɔ l t
hugbúnað	h ʏ ɣ p uː n a ð
hugsum	h ʏ x s ʏ m
háan	h a uː a n
hólmavík	h o u l m a v iː k
hörfa	h œ r v a
illu	ɪ t l ʏ
jarls	j a r t l s
konunglega	kʰ ɔː n u ŋ k l ɛː ɣ a
kostnaði	kʰ ɔ s t n aː ð ɪ
krefur	kʰ r ɛː v ʏ r
króatíu	kʰ r o uː a tʰ iː j ʏ
leiðar	l e iː ð a r
lendi	l ɛ n t ɪ
liðu	l ɪː ð ʏ
líst	l i s t
mestum	m ɛ s t ʏ m
minntist	m ɪ n̥ t ɪ s t
nákvæm	n a uː kʰ v a iː m
ofbeldis	ɔ v p ɛ l t ɪ s
orðunum	ɔ r ð ʏ n ʏ m
power	pʰ ɔː v ɛ r
riðli	r ɪ ð l ɪ
rut	r ʏː t
rótum	r o uː t ʏ m
sjávarútvegs	s j a uː v a r uː t v ɛ k s
skatt	s k a h t
skotum	s k ɔː t ʏ m
skoðunar	s k ɔː ð ʏ n a r
skóginum	s k o uː j ɪ n ʏ m
sprenging	s p r e i ɲ c i ŋ k
spáð	s p a uː ð
stafi	s t aː v ɪ
steingríms	s t e i n k r i m s
stigu	s t ɪː ɣ ʏ
strákunum	s t r a uː k ʏ n ʏ m
stærðum	s t a i r ð ʏ m
sums	s ʏ m s
sungu	s u ŋ k ʏ
svipaðan	s v ɪː p a ð a n
sögulega	s œː ɣ ʏ l ɛː ɣ a
sýningum	s iː n i ŋ k ʏ m
tilviki	tʰ ɪ l v ɪː c ɪ
tryggva	tʰ r ɪ kː v a
tækjum	tʰ a iː c ʏ m
tónlistarmenn	tʰ o u n l ɪ s t a r m ɛ nː
umbætur	ʏ m p a iː t ʏ r
ungfrú	u ŋ k f r uː
upprunalegu	ʏ h p r ʏː n a l ɛː ɣ ʏ
us	ʏː s
vonar	v ɔː n a r
ítarlega	iː tʰ a r l ɛː ɣ a
örugga	œː r ʏ kː a
ýmsan	i m s aː n
þekkjum	θ ɛ h c ʏ m
þekktar	θ ɛ x t a r
þjóðina	θ j o uː ð ɪ n a
alt	a l̥ t
atla	a h t l a
bart	p a r̥ t
blöðin	p l œː ð ɪ n
boðskap	p ɔ ð s k aː p
brynjar	p r ɪ n j a r
dekk	t ɛ h k
delta	t ɛ l̥ t a
derek	t ɛː r ɛː k
disk	t ɪ s k
district	t ɪ s t r ɪ x t
eddu	ɛ tː ʏ
ernest	ɛ r t n ɛ s t
eyru	e iː r ʏ
ferðalög	f ɛ r ð a l œː ɣ
first	f ɪ r̥ s t
fisher	f ɪː s h ɛː r
fjöllin	f j œ t l ɪ n
flugu	f l ʏː ɣ ʏ
fríi	f r iː j ɪ
fáið	f a uː ɪ ð
færum	f a iː r ʏ m
færður	f a i r ð ʏ r
fötin	f œː t ɪ n
gekkst	c ɛ h k s t
grænir	k r a iː n ɪ r
grænu	k r a iː n ʏ
grípur	k r iː p ʏ r
gæfu	c a iː v ʏ
helen	h ɛː l ɛ n
hetjur	h ɛː t j ʏ r
hjóna	ç o uː n a
horfðu	h ɔ r v ð ʏ
hugleiðingar	h ʏ ɣ l e iː ð i ŋ k a r
háskólum	h a uː s k o uː l ʏ m
hækkað	h a i h k a ð
höfuðborgarsvæðisins	h œː v ʏ ð p ɔ r k a r s v a iː ð ɪ s ɪ n s
ingibjörgu	i ɲ c ɪ p j œ r k ʏ
innihaldið	ɪ nː ɪ h a l t ɪ ð
kenndur	cʰ ɛ n t ʏ r
keyptum	cʰ e i f t ʏ m
köflum	kʰ œ p l ʏ m
launa	l ø yː n a
listamaðurinn	l ɪ s t a m aː ð ʏ r ɪ nː
lofar	l ɔː v a r
lokar	l ɔː k a r
líkan	l iː kʰ aː n
lítra	l iː t r a
magna	m a k n a
magnúsi	m a k n uː s ɪ
markar	m a r̥ k a r
markaðnum	m a r̥ k a ð n ʏ m
meistara	m e i s t aː r a
mikilvægara	m ɪː c ɪ l v a iː ɣ a r a
myrkri	m ɪ r̥ k r ɪ
máttur	m a u h t ʏ r
mælir	m a iː l ɪ r
mótmælt	m o uː t m a i l̥ t
neitar	n e iː t a r
norðurlandanna	n ɔ r ð ʏ r l a n t a nː a
plasti	pʰ l a s t ɪ
rannsóknin	r a nː s o u h k n ɪ n
rick	r ɪ h k
sambærileg	s a m p a iː r ɪ l ɛː ɣ
samfélög	s a m f j ɛː l œː ɣ
samkynhneigðra	s a m cʰ ɪ n n̥ e i ɣ ð r a
samskipta	s a m s c ɪ f t a
samspil	s a m s p ɪː l
samþykktu	s a m θ ɪ x t ʏ
samþykktur	s a m θ ɪ x t ʏ r
sigldu	s ɪ k l t ʏ
sjónvarpið	s j o u n v a r̥ p ɪː ð
sjúkdómsins	s j uː k t o u m s ɪ n s
skilin	s c ɪː l ɪ n
skjánum	s c a uː n ʏ m
skotin	s k ɔː t ɪ n
skrítið	s k r iː t ɪ ð
skýrslan	s c i r̥ s t l a n
sorglegt	s ɔ r k l ɛ x t
stjórnsýsla	s t j o u r t n s i s t l a
stuðlar	s t ʏ ð l a r
suðri	s ʏ ð r ɪ
svefni	s v ɛ p n ɪ
sveitina	s v e iː t ɪ n a
tennurnar	tʰ ɛ nː ʏ r t n a r
unesco	ʏː n ɛ s k ɔ
venjulegu	v ɛ n j ʏ l ɛː ɣ ʏ
vikunnar	v ɪː k ʏ nː a r
vild	v ɪ l t
vitleysu	v ɪː t l e iː s ʏ
viðreisn	v ɪ ð r e i s t n
vonbrigðum	v ɔ n p r ɪ ɣ ð ʏ m
víkur	v iː k ʏ r
óendanlega	o uː ɛ n t a n l ɛː ɣ a
ólíka	o uː l iː k a
útkoman	uː t kʰ ɔː m a n
útskýrir	uː t s c iː r ɪ r
afurðir	aː v ʏ r ð ɪ r
andrea	a n t r ɛː a
athugun	aː t h ʏː ɣ ʏ n
aukinnar	ø yː c ɪ nː a r
bakið	p aː c ɪ ð
bandaríkjamanna	p a n t a r iː c a m a nː a
bjargaði	p j a r k aː ð ɪ
bjart	p j a r̥ t
byggingunni	p ɪ cː i ŋ k ʏ nː ɪ
bókunum	p o uː k ʏ n ʏ m
búsettur	p uː s ɛ h t ʏ r
draumurinn	t r ø yː m ʏ r ɪ nː
drepin	t r ɛː p ɪ n
eftirliti	ɛ f t ɪ r l ɪː t ɪ
flokkanna	f l ɔ h k a nː a
flotanum	f l ɔː t a n ʏ m
flutningur	f l ʏ h t n i ŋ k ʏ r
flókið	f l o uː c ɪ ð
fr	f r ɔː
framfylgja	f r a m f ɪ l c a
framlengingu	f r a m l e i ɲ c i ŋ k ʏ
fyrirtækin	f ɪː r ɪ r tʰ a iː c ɪ n
greinarinnar	k r e iː n a r ɪ nː a r
grun	k r ʏː n
gunnari	k ʏ nː a r ɪ
hannaði	h a nː a ð ɪ
harðardóttir	h a r ð a r t o u h t ɪ r
heilanum	h e iː l a n ʏ m
hollustu	h ɔ t l ʏ s t ʏ
holmes	h ɔ l m ɛː s
hot	h ɔː t
hreinum	r̥ e iː n ʏ m
hunt	h ʏ n̥ t
húsgögn	h uː s k œ k n
jarðskjálftar	j a r ð s c a u l̥ t a r
jóla	j o uː l a
krossins	kʰ r ɔ sː ɪ n s
kusu	kʰ ʏː s ʏ
kvaðst	kʰ v a ð s t
kvikmyndin	kʰ v ɪː k m ɪ n t ɪ n
kynntur	cʰ ɪ n̥ t ʏ r
landslið	l a n t s t l ɪː ð
laugarvatni	l ø yː ɣ a r v a h t n ɪ
leysti	l e i s t ɪ
líki	l iː c ɪ
mein	m e iː n
meiru	m e iː r ʏ
mitchell	m ɪː t x ɛ t l
myndavélina	m ɪ n t a v j ɛː l ɪː n a
mánudag	m a uː n ʏ t aː ɣ
norsk	n ɔ r̥ s k
nottingham	n ɔ h t i ŋ k h aː m
oklahoma	ɔ h k l a h ɔː m a
old	ɔ l t
omar	ɔː m a r
orðaforða	ɔ r ð a f ɔ r ð a
owen	ɔː v ɛ n
return	r ɛː t ʏ r t ⁽ʰ ⁾ n
reykjavik	r e iː c a v ɪː k
ronald	r ɔː n a l t
royal	r ɔ iː j a l
ráðgjafa	r a u ð c aː v a
ræddum	r a i tː ʏ m
rændu	r a i n t ʏ
rúlla	r u t l a
rútu	r uː t ʏ
sjúkdómar	s j uː k t o uː m a r
skilti	s c ɪ l̥ t ɪ
skort	s k ɔ r̥ t
standast	s t a n t a s t
stefnuna	s t ɛ p n ʏ n a
sveitum	s v e iː t ʏ m
sævar	s a iː v a r
sýslumanns	s i s t l ʏ m a nː s
tafarlaust	tʰ aː v a r l ø y s t
talsverð	tʰ a l s v ɛ r ð
tengingu	tʰ e i ɲ c i ŋ k ʏ
thompson	tʰ ɔ m̥ p s ɔː n
tinni	tʰ ɪ nː ɪ
tákna	tʰ a u h k n a
tæpum	tʰ a iː p ʏ m
tónskáld	tʰ o u n s k a u l t
undirbúningi	ʏ n t ɪ r p uː n i ɲ c ɪ
vesen	v ɛː s ɛ n
vinnsla	v ɪ n s t l a
viðkomu	v ɪ ð kʰ ɔː m ʏ
vörð	v œ r ð
vöðva	v œ ð v a
wade	v aː t ɛ
ákæru	a uː cʰ a iː r ʏ
ám	a uː m
ævinni	a iː v ɪ nː ɪ
öruggari	œː r ʏ kː a r ɪ
þóru	θ o uː r ʏ
allrar	a t l r a r
athuganir	aː t h ʏː ɣ a n ɪ r
birkir	p ɪ r̥ c ɪ r
byggðist	p ɪ ɣ ð ɪ s t
bæjarstjóra	p a iː j a r s t j o uː r a
elsti	ɛ l s t ɪ
fegin	f e iː j ɪ n
flýgur	f l iː ɣ ʏ r
framkvæmdastjóra	f r a m kʰ v a i m t a s t j o uː r a
framtíðarinnar	f r a m tʰ iː ð a r ɪ nː a r
frétti	f r j ɛ h t ɪ
fáránlega	f a uː r a u n l ɛː ɣ a
færeyja	f a iː r e iː j a
grasi	k r aː s ɪ
hafður	h a v ð ʏ r
haustin	h ø y s t ɪ n
heildina	h e i l t ɪ n a
hjartanu	ç a r̥ t a n ʏ
hliðsjón	l̥ ɪ ð s j o uː n
hlutfalli	l̥ ʏː t f a t l ɪ
hlær	l̥ a iː r
horfum	h ɔ r v ʏ m
huldu	h ʏ l t ʏ
jarðveg	j a r ð v ɛː ɣ
jenny	j ɛ nː ɪ
kollinum	kʰ ɔ t l ɪ n ʏ m
kristinna	kʰ r ɪ s t ɪ nː a
kvikmyndagerð	kʰ v ɪː k m ɪ n t a c ɛ r ð
lagst	l a x s t
landbúnað	l a n t p uː n a ð
landbúnaðarráðherra	l a n t p uː n a ð a r r a uː ð h ɛ rː a
laugardag	l ø yː ɣ a r t aː ɣ
lestur	l ɛ s t ʏ r
margoft	m a r k ɔ f t
margskonar	m a r k s k ɔː n a r
mw	m ʏː
nu	n ʏː
náttúran	n a u h t uː r a n
nærveru	n a i r v ɛː r ʏ
orleans	ɔ r l ɛ a n s
pálmi	pʰ a u l m ɪ
pólitísku	pʰ o uː l ɪ tʰ i s k ʏ
reit	r e iː t
samin	s aː m ɪ n
sinnir	s ɪ nː ɪ r
sjaldgæft	s j a l t c a i f t
skiptin	s c ɪ f t ɪ n
skorts	s k ɔ r̥ t s
skáp	s k a uː p
slysið	s t l ɪː s ɪ ð
standard	s t a n t a r t
starfsemin	s t a r v s ɛː m ɪ n
stefnur	s t ɛ p n ʏ r
stigs	s t ɪ x s
stjórnmálamanna	s t j o u r t n m a uː l a m a nː a
stuðst	s t ʏ ð s t
styrkir	s t ɪ r̥ c ɪ r
stúlkurnar	s t u l̥ k ʏ r t n a r
sviðinu	s v ɪː ð ɪ n ʏ
sþ	s θ
tilhneigingu	tʰ ɪ l n̥ e iː j i ŋ k ʏ
toppi	tʰ ɔ h p ɪ
trúði	tʰ r uː ð ɪ
tæmandi	tʰ a iː m a n t ɪ
tímaritinu	tʰ iː m a r ɪː t ɪː n ʏ
umfí	ʏ m f iː
vatnsins	v a h t n s ɪ n s
venjulegur	v ɛ n j ʏ l ɛː ɣ ʏ r
virgil	v ɪ r c ɪ l
vísur	v iː s ʏ r
ávextir	a uː v ɛ k s t ɪ r
íbúðir	iː p uː ð ɪ r
þekkta	θ ɛ x t a
þjónað	θ j o uː n a ð
þrýsting	θ r i s t i ŋ k
alþjóðavettvangi	a l θ j o uː ð a v ɛ h t v a u ɲ c ɪ
aðkomu	a ð kʰ ɔː m ʏ
baltimore	p a l̥ t ɪ m ɔː r ɛ
barns	p a r t n s
bessastöðum	p ɛ sː a s t œː ð ʏ m
bilið	p ɪː l ɪ ð
borðum	p ɔ r ð ʏ m
bregður	p r ɛ ɣ ð ʏ r
business	p ʏː s ɪ n ɛ sː
drögum	t r œː ɣ ʏ m
einhverskonar	e i n kʰ v ɛ r̥ s k ɔː n a r
evans	ɛː v a n s
evrópskra	ɛ v r o u p s k r a
evrópskum	ɛ v r o u p s k ʏ m
falls	f a t l s
fleiru	f l e iː r ʏ
framkomu	f r a m kʰ ɔː m ʏ
framleiddar	f r a m l e i tː a r
fremsta	f r ɛ m s t a
fundin	f ʏ n t ɪ n
fyllir	f ɪ t l ɪ r
fæðast	f a iː ð a s t
félagsmálaráðherra	f j ɛː l a x s m a uː l a r a uː ð h ɛ rː a
guðnason	k v ʏ ð n a s ɔː n
gönguleiðir	k ø y ŋ k ʏ l e iː ð ɪ r
handteknir	h a n t tʰ ɛ h k n ɪ r
heilans	h e iː l a n s
heyrum	h e iː r ʏ m
hringrás	r̥ i ŋ k r a uː s
hugo	h ʏː ɣ ɔ
hálfs	h a u l s
hæli	h a iː l ɪ
institute	ɪ n s t ɪ tʰ ʏː t ɛ
kenndir	cʰ ɛ n t ɪ r
keppir	cʰ ɛ h p ɪ r
keppnum	cʰ ɛ h p n ʏ m
kristínar	kʰ r ɪ s t iː n a r
kunnum	kʰ ʏ nː ʏ m
kórsins	kʰ o u r̥ s ɪ n s
köldu	kʰ œ l t ʏ
lagningu	l a k n i ŋ k ʏ
laugum	l ø yː ɣ ʏ m
left	l ɛ f t
leikin	l e iː c ɪ n
leiðarljósi	l e iː ð a r l j o uː s ɪ
lena	l ɛː n a
luther	l ʏː t h ɛː r
lykla	l ɪ h k l a
lágmarki	l a u ɣ m a r̥ c ɪ
lækkaði	l a i h k a ð ɪ
meint	m e i n̥ t
metin	m ɛː t ɪ n
mikilvægir	m ɪː c ɪ l v a iː j ɪ r
mæld	m a i l t
nasa	n aː s a
nathan	n aː t h aː n
norðurlanda	n ɔ r ð ʏ r l a n t a
off	ɔ fː
rafmagns	r a v m a k n s
ragnhildur	r a k n h ɪ l t ʏ r
raunin	r ø yː n ɪ n
raðir	r aː ð ɪ r
reyðarfirði	r e iː ð a r f ɪ r ð ɪ
rifið	r ɪː v ɪ ð
rifja	r ɪ v j a
rigningu	r ɪ k n i ŋ k ʏ
samanber	s aː m a n p ɛː r
sambönd	s a m p œ n t
samþykktar	s a m θ ɪ x t a r
seinast	s e iː n a s t
siglufjarðar	s ɪ k l ʏ f j a r ð a r
skall	s k a t l
skreytt	s k r e i h t
skáldsögu	s k a u l t s œː ɣ ʏ
skóna	s k o uː n a
stefnumót	s t ɛ p n ʏ m o uː t
stelpu	s t ɛ l̥ p ʏ
strendur	s t r ɛ n t ʏ r
stéttarfélög	s t j ɛ h t a r f j ɛː l œː ɣ
stöðug	s t œː ð ʏ ɣ
sullivan	s ʏ t l ɪ v aː n
suðurs	s ʏː ð ʏ r̥ s
sætti	s a i h t ɪ
súpu	s uː p ʏ
takmörk	tʰ aː k m œ r̥ k
tilbaka	tʰ ɪ l p aː k a
tilurð	tʰ ɪː l ʏ r ð
tilvik	tʰ ɪ l v ɪː k
tryggir	tʰ r ɪ cː ɪ r
tímabils	tʰ iː m a p ɪ l s
urðum	ʏ r ð ʏ m
vegið	v e iː j ɪ ð
áratugarins	a uː r a tʰ ʏː ɣ a r ɪ n s
öflug	œ v l ʏː ɣ
útgáfunni	uː t k a uː f ʏ nː ɪ
þorsteinsdóttir	θ ɔ r̥ s t e i n s t o u h t ɪ r
þyrftu	θ ɪ r̥ t ʏ
þórarinsson	θ o uː r a r ɪ n sː ɔː n
afnema	a p n ɛː m a
andar	a n t a r
auglýsingu	ø y ɣ l iː s i ŋ k ʏ
aðgengilegt	a ð c e i ɲ c ɪ l ɛ x t
banni	p a nː ɪ
beitingu	p e iː t i ŋ k ʏ
bergur	p ɛ r k ʏ r
birtingu	p ɪ r̥ t i ŋ k ʏ
borgarstjórnar	p ɔ r k a r s t j o u r t n a r
borgurum	p ɔ r k ʏ r ʏ m
byggðum	p ɪ ɣ ð ʏ m
bókasafnið	p o uː k a s a p n ɪː ð
dauðum	t ø yː ð ʏ m
denver	t ɛ n v ɛː r
drykki	t r ɪ h c ɪ
einingu	e iː n i ŋ k ʏ
einkennandi	e i n cʰ ɛ nː a n t ɪ
eitur	e iː t ʏ r
endurheimt	ɛ n t ʏ r h e i m̥ t
erfiðar	ɛ r v ɪː ð a r
eyðir	e iː ð ɪ r
fallegum	f a t l ɛː ɣ ʏ m
ferðalag	f ɛ r ð a l aː ɣ
fjarveru	f j a r v ɛː r ʏ
flugvélin	f l ʏ ɣ v j ɛː l ɪ n
forgang	f ɔ r k a u ŋ k
foringja	f ɔː r i ɲ c a
forsenda	f ɔ r̥ s ɛ n t a
framsókn	f r a m s o u h k n
fuglum	f ʏ k l ʏ m
gestum	c ɛ s t ʏ m
gifst	c ɪ f s t
greiðslur	k r e i ð s t l ʏ r
guðmundsdóttur	k v ʏ ð m ʏ n t s t o u h t ʏ r
haltu	h a l̥ t ʏ
hefðbundinni	h ɛ v ð p ʏ n t ɪ nː ɪ
heilbrigðisþjónustu	h e i l p r ɪ ɣ ð ɪ s θ j o uː n ʏ s t ʏ
hjörtu	ç œ r̥ t ʏ
ho	h ɔː
háu	h a uː ʏ
hýsa	ç iː s a
illugi	ɪ t l ʏ iː j ɪ
kid	cʰ ɪː t
kirkjum	cʰ ɪ r̥ c ʏ m
kjöti	cʰ œː t ɪ
landsbyggðinni	l a n t s p ɪ ɣ ð ɪ nː ɪ
langflestir	l a u ŋ k f l ɛ s t ɪ r
leist	l e i s t
lág	l a uː
lútandi	l uː t a n t ɪ
mannkyns	m a nː cʰ ɪ n s
megnið	m ɛ k n ɪ ð
minnesota	m ɪ nː ɛ s ɔː t a
málunum	m a uː l ʏ n ʏ m
mótað	m o uː t a ð
neðra	n ɛ ð r a
nokkurri	n ɔ h k ʏ rː ɪ
norrænum	n ɔ rː a iː n ʏ m
norðurslóðum	n ɔ r ð ʏ r s t l o uː ð ʏ m
nýtast	n iː tʰ a s t
nýtist	n iː t ɪ s t
oddný	ɔ tː n iː
ofarlega	ɔː v a r l ɛː ɣ a
orti	ɔ r̥ t ɪ
pólitík	pʰ o uː l ɪ tʰ iː k
rakin	r aː c ɪ n
samsetning	s a m s ɛ h t n i ŋ k
sendar	s ɛ n t a r
sinnti	s ɪ n̥ t ɪ
sjónvarpinu	s j o u n v a r̥ p ɪː n ʏ
skilgreiningar	s c ɪ l k r e iː n i ŋ k a r
skips	s c ɪ p s
skjóli	s c o uː l ɪ
skoðuð	s k ɔː ð ʏ ð
skráningu	s k r a uː n i ŋ k ʏ
smára	s m a uː r a
staðarins	s t aː ð a r ɪ n s
stjórnina	s t j o u r t n ɪː n a
stopp	s t ɔ h p
stöðinni	s t œː ð ɪ nː ɪ
svarið	s v aː r ɪ ð
sykursýki	s ɪː k ʏ r s iː c ɪ
síðla	s i ð l a
sögðust	s œ ɣ ð ʏ s t
tommy	tʰ ɔ mː ɪ
trúin	tʰ r uː ɪ n
tónlistarmaður	tʰ o u n l ɪ s t a r m aː ð ʏ r
töflu	tʰ œ p l ʏ
uppfært	ʏ h p f a i r̥ t
upplýsingatækni	ʏ h p l iː s i ŋ k a tʰ a i h k n ɪ
vandræði	v a n t r a iː ð ɪ
verðbólga	v ɛ r ð p o u l k a
vinsældum	v ɪ n s a i l t ʏ m
virkir	v ɪ r̥ c ɪ r
vorin	v ɔː r ɪ n
völdu	v œ l t ʏ
yfirlýsing	ɪː v ɪ r l iː s i ŋ k
yfirvofandi	ɪː v ɪ r v ɔː v a n t ɪ
áskorun	a uː s k ɔː r ʏ n
ætlaður	a i h t l aː ð ʏ r
útgáfum	uː t k a uː v ʏ m
þættirnir	θ a i h t ɪ r t n ɪ r
þórðar	θ o u r ð a r
ab	aː p
abu	aː p ʏ
algert	a l c ɛ r̥ t
andra	a n t r a
atlögu	aː t l œː ɣ ʏ
aðstoðað	a ð s t ɔː ð a ð
bata	p aː t a
bergi	p ɛ r c ɪ
bert	p ɛ r̥ t
blönduósi	p l œ n t ʏ o uː s ɪ
brann	p r a nː
brennandi	p r ɛ nː a n t ɪ
bubbi	p ʏ pː ɪ
dansi	t a n s ɪ
deildarstjóri	t e i l t a r s t j o uː r ɪ
drengirnir	t r e i ɲ c ɪ r t n ɪ r
dreymir	t r e iː m ɪ r
drógu	t r o uː ʏ
dugleg	t ʏ ɣ l ɛː ɣ
dýrið	t iː r ɪ ð
elvis	ɛ l v ɪː s
endurspegla	ɛ n t ʏ r s p ɛ k l a
evrur	ɛ v r ʏ r
fjöllunum	f j œ t l ʏ n ʏ m
flóttamanna	f l o u h t a m a nː a
flóttamenn	f l o u h t a m ɛ nː
formleg	f ɔ r m l ɛː ɣ
fullyrðingar	f ʏ t l ɪ r ð i ŋ k a r
fyrirgefa	f ɪː r ɪ r c ɛː v a
félagsheimili	f j ɛː l a x s h e iː m ɪ l ɪ
gangan	k a u ŋ k a n
gengum	c e i ŋ k ʏ m
golden	k ɔ l t ɛ n
grísku	k r i s k ʏ
heilög	h e iː l œː ɣ
hraunið	r̥ ø yː n ɪ ð
hrundi	r̥ ʏ n t ɪ
háður	h a uː ð ʏ r
höskuldur	h œ s k ʏ l t ʏ r
im	ɪː m
katla	kʰ a h t l a
keyptur	cʰ e i f t ʏ r
kjark	cʰ a r̥ k
kolli	kʰ ɔ t l ɪ
kæri	cʰ a iː r ɪ
lausnin	l ø y s t n ɪ n
leikja	l e iː c a
leyfum	l e iː v ʏ m
leyfðu	l e i v ð ʏ
lissabon	l ɪ sː a p ɔː n
ljóðum	l j o uː ð ʏ m
lokun	l ɔː k ʏ n
lækkar	l a i h k a r
munið	m ʏː n ɪ ð
mílur	m iː l ʏ r
norðurs	n ɔ r ð ʏ r̥ s
næg	n a iː ɣ
okt	ɔ x t
palmer	pʰ a l m ɛː r
pínu	pʰ iː n ʏ
reykholti	r e iː k h ɔ l̥ t ɪ
reyndum	r e i n t ʏ m
risa	r ɪː s a
roberts	r ɔː p ɛ r̥ t s
ráðgjafar	r a u ð c aː v a r
ræktað	r a i x t a ð
réttarhöldin	r j ɛ h t a r h œ l t ɪ n
saddam	s a tː a m
sameiginlegan	s aː m e iː j ɪ n l ɛː ɣ a n
samskonar	s a m s k ɔː n a r
sannanir	s a nː a n ɪ r
sannað	s a nː a ð
skiljum	s c ɪ l j ʏ m
skilríki	s c ɪ l r iː c ɪ
smíðuð	s m iː ð ʏ ð
sporum	s p ɔː r ʏ m
sterkir	s t ɛ r̥ c ɪ r
steypt	s t e i f t
svakalega	s v aː k a l ɛː ɣ a
sáust	s a uː ʏ s t
ta	tʰ aː
taugarnar	tʰ ø yː ɣ a r t n a r
titill	tʰ ɪː t ɪ t l
trúum	tʰ r uː ʏ m
umsjónarmaður	ʏ m s j o uː n a r m aː ð ʏ r
ungan	u ŋ k a n
upptaka	ʏ h p tʰ aː k a
varast	v aː r a s t
veistu	v e i s t ʏ
vetrar	v ɛː t r a r
vinsæla	v ɪ n s a iː l a
visku	v ɪ s k ʏ
vissir	v ɪ sː ɪ r
viðkvæm	v ɪ ð kʰ v a iː m
vöktu	v œ x t ʏ
ágætis	a uː c a iː t ɪ s
áramótin	a uː r a m o uː t ɪ n
íbúðarhús	iː p uː ð a r h uː s
útkomu	uː t kʰ ɔː m ʏ
þakið	θ aː c ɪ ð
þorp	θ ɔ r̥ p
þáttunum	θ a u h t ʏ n ʏ m
alþingismenn	a l θ i ɲ c ɪ s m ɛ nː
atvikum	aː t v ɪː k ʏ m
auknu	ø y h k n ʏ
barði	p a r ð ɪ
beinan	p e iː n a n
brotnar	p r ɔ h t n a r
christine	kʰ r ɪ s t ɪ n ɛ
drakk	t r a h k
dreng	t r e i ŋ k
dönskum	t œ n s k ʏ m
einbeitt	e i n p e i h t
einhliða	e i n l̥ ɪː ð a
ekið	ɛː c ɪ ð
eleanor	ɛː l ɛ aː n ɔ r
eltir	ɛ l̥ t ɪ r
erfiðleika	ɛ r v ɪ ð l e iː k a
ferðaðist	f ɛ r ð a ð ɪ s t
film	f ɪ l m
finndu	f ɪ n t ʏ
frægu	f r a iː ɣ ʏ
fylgjandi	f ɪ l c a n t ɪ
fyrstir	f ɪ r̥ s t ɪ r
fíla	f iː l a
fórust	f o uː r ʏ s t
gestirnir	c ɛ s t ɪ r t n ɪ r
gluggar	k l ʏ kː a r
glæsilega	k l a iː s ɪ l ɛː ɣ a
greinast	k r e iː n a s t
gróðri	k r o u ð r ɪ
guðjónsdóttir	k v ʏ ð j o u n s t o u h t ɪ r
heilbrigðisráðherra	h e i l p r ɪ ɣ ð ɪ s r a uː ð h ɛ rː a
helli	h ɛ t l ɪ
helsinki	h ɛ l s i ɲ̊ c ɪ
hermennirnir	h ɛ r m ɛ nː ɪ r t n ɪ r
hermönnum	h ɛ r m œ nː ʏ m
hinrik	h ɪ n r ɪː k
hlaðið	l̥ aː ð ɪ ð
hlynur	l̥ ɪː n ʏ r
hudson	h ʏ t s ɔː n
hvorri	kʰ v ɔ rː ɪ
inní	ɪ nː i
janet	j aː n ɛː t
jarðskjálfta	j a r ð s c a u l̥ t a
kjötið	cʰ œː t ɪ ð
listasafni	l ɪ s t a s a p n ɪ
lyfin	l ɪː v ɪ n
lífræn	l iː v r a iː n
lögmann	l œ ɣ m a nː
maganum	m aː ɣ a n ʏ m
margrétar	m a r k r j ɛː t a r
messu	m ɛ sː ʏ
meðferðar	m ɛ ð f ɛ r ð a r
miðlun	m ɪ ð l ʏ n
neo	n ɛː ɔ
neytt	n e i h t
nákvæmar	n a uː kʰ v a iː m a r
næ	n a iː
palestínu	pʰ aː l ɛ s t iː n ʏ
peningana	pʰ ɛː n i ŋ k aː n a
reynolds	r e iː n ɔ l t s
riðu	r ɪː ð ʏ
sambærilegt	s a m p a iː r ɪ l ɛ x t
samfélögum	s a m f j ɛː l œː ɣ ʏ m
samhljóða	s a m l̥ j o uː ð a
samráði	s a m r a uː ð ɪ
semur	s ɛː m ʏ r
settust	s ɛ h t ʏ s t
siglir	s ɪ k l ɪ r
sigurðarson	s ɪː ɣ ʏ r ð a r s ɔː n
silfri	s ɪ l v r ɪ
sjaldnar	s j a l t n a r
sjúkrahúsi	s j uː k r a h uː s ɪ
skammar	s k a mː a r
skipunum	s c ɪː p ʏ n ʏ m
skuldabréf	s k ʏ l t a p r j ɛː v
skógi	s k o uː j ɪ
sofandi	s ɔː v a n t ɪ
staðla	s t a ð l a
sundi	s ʏ n t ɪ
syðri	s ɪ ð r ɪ
sáttir	s a u h t ɪ r
sætu	s a iː t ʏ
talandi	tʰ aː l a n t ɪ
there	tʰ ɛː r ɛ
thor	tʰ ɔː r
titil	tʰ ɪː t ɪ l
trúarbrögðum	tʰ r uː a r p r œ ɣ ð ʏ m
trúarinnar	tʰ r uː a r ɪ nː a r
tónlistinni	tʰ o u n l ɪ s t ɪ nː ɪ
umbreyta	ʏ m p r e iː t a
undantekningar	ʏ n t a n tʰ ɛ h k n i ŋ k a r
vanessa	v aː n ɛ sː a
varanlega	v aː r a n l ɛː ɣ a
varðaði	v a r ð aː ð ɪ
veikleika	v e iː k l e iː k a
vilborg	v ɪ l p ɔ r k
viðtölum	v ɪ ð tʰ œː l ʏ m
víkingar	v iː c i ŋ k a r
áramót	a uː r a m o uː t
árásir	a uː r a uː s ɪ r
ævar	a iː v a r
ævintýrum	a iː v ɪ n tʰ iː r ʏ m
ísl	i s t l
ítarlegar	iː tʰ a r l ɛː ɣ a r
íþróttamaður	iː θ r o u h t a m aː ð ʏ r
ólétt	o uː l j ɛ h t
óvenju	o uː v ɛ n j ʏ
örfáum	œ r f a uː ʏ m
úrskurð	u r̥ s k ʏ r ð
ýr	iː r
þaki	θ aː c ɪ
þarfir	θ a r v ɪ r
þorvaldsson	θ ɔ r v a l t s s ɔː n
afgreitt	a v k r e i h t
almennir	a l m ɛ nː ɪ r
alþjóðlegar	a l θ j o u ð l ɛː ɣ a r
amanda	aː m a n t a
andleg	a n t l ɛː ɣ
annari	a nː a r ɪ
arabíu	aː r a p iː j ʏ
bandarískra	p a n t a r i s k r a
bol	p ɔː l
bræðrum	p r a i ð r ʏ m
búnar	p uː n a r
caroline	kʰ aː r ɔ l ɪː n ɛ
deilir	t e iː l ɪ r
efnin	ɛ p n ɪ n
efnisins	ɛ p n ɪ s ɪ n s
eiríks	e iː r i k s
embættismanna	ɛ m p a i h t ɪ s m a nː a
enskum	ɛ n s k ʏ m
eyddu	e i tː ʏ
fa	f aː
fermetra	f ɛ r m ɛː t r a
flösku	f l œ s k ʏ
framsetningu	f r a m s ɛ h t n i ŋ k ʏ
frjálsu	f r j a u l s ʏ
geirs	c e i r̥ s
gerðust	c ɛ r ð ʏ s t
got	k ɔː t
grunnurinn	k r ʏ nː ʏ r ɪ nː
hagfræðingur	h a x f r a iː ð i ŋ k ʏ r
hallar	h a t l a r
haukar	h ø yː k a r
hauksdóttir	h ø y k s t o u h t ɪ r
hjólreiðar	ç o u l r e iː ð a r
hrauni	r̥ ø yː n ɪ
hugsi	h ʏ x s ɪ
háttað	h a u h t a ð
hættan	h a i h t a n
hæðinni	h a iː ð ɪ nː ɪ
höllinni	h œ t l ɪ nː ɪ
innlendum	ɪ nː l ɛ n t ʏ m
inná	ɪ nː a uː
jólum	j o uː l ʏ m
jósef	j o uː s ɛː v
kennurum	cʰ ɛ nː ʏ r ʏ m
klassíska	kʰ l a sː i s k a
klárast	kʰ l a uː r a s t
kökuna	kʰ œː k ʏ n a
köldum	kʰ œ l t ʏ m
lagað	l aː ɣ a ð
mannréttindum	m a nː r j ɛ h t ɪ n t ʏ m
meðlimi	m ɛ ð l ɪː m ɪ
mia	m ɪː j a
miðborg	m ɪ ð p ɔ r k
munir	m ʏː n ɪ r
myndaði	m ɪ n t aː ð ɪ
myndbönd	m ɪ n t p œ n t
mættust	m a i h t ʏ s t
neins	n e i n s
norðurlandaráðs	n ɔ r ð ʏ r l a n t a r a u ð s
opinberir	ɔː p ɪ n p ɛː r ɪ r
palli	pʰ a t l ɪ
refsingar	r ɛ f s i ŋ k a r
rækilega	r a iː c ɪ l ɛː ɣ a
réðst	r j ɛ ð s t
röngum	r ø y ŋ k ʏ m
sakar	s aː k a r
samræður	s a m r a iː ð ʏ r
sea	s ɛː a
skemmtu	s c ɛ m̥ t ʏ
skógum	s k o uː ʏ m
sköpum	s k œː p ʏ m
sonum	s ɔː n ʏ m
stefnunni	s t ɛ p n ʏ nː ɪ
steinum	s t e iː n ʏ m
stofnunina	s t ɔ p n ʏ n ɪː n a
stríðsins	s t r i ð s ɪ n s
sun	s ʏː n
svala	s v aː l a
sætir	s a iː t ɪ r
sóknarprestur	s o u h k n a r pʰ r ɛ s t ʏ r
teikningu	tʰ e i h k n i ŋ k ʏ
tekjum	tʰ ɛː c ʏ m
trúarbragða	tʰ r uː a r p r a ɣ ð a
tónleikunum	tʰ o u n l e iː k ʏ n ʏ m
umhyggju	ʏ m h ɪ cː ʏ
umsvif	ʏ m s v ɪː v
undanskildum	ʏ n t a n s c ɪ l t ʏ m
vanir	v aː n ɪ r
veikindum	v e iː c ɪ n t ʏ m
veltur	v ɛ l̥ t ʏ r
verkfall	v ɛ r̥ k f a t l
vestræna	v ɛ s t r a iː n a
vilhjálms	v ɪ l ç a u l m s
vísun	v iː s ʏ n
winter	v ɪ n̥ t ɛ r
áherslan	a uː h ɛ r̥ s t l a n
áttar	a u h t a r
ættinni	a i h t ɪ nː ɪ
þinnar	θ ɪ nː a r
þoli	θ ɔː l ɪ
þorsteini	θ ɔ r̥ s t e iː n ɪ
aldraðra	a l t r a ð r a
arnarson	a r t n a r s ɔː n
atburð	aː t p ʏ r ð
austurs	ø y s t ʏ r̥ s
austurvelli	ø y s t ʏ r v ɛ t l ɪ
auðlinda	ø y ð l ɪ n t a
bauðst	p ø y ð s t
bindandi	p ɪ n t a n t ɪ
björgun	p j œ r k ʏ n
blaði	p l aː ð ɪ
boðin	p ɔː ð ɪ n
breytileg	p r e iː t ɪ l ɛː ɣ
bræðurnir	p r a iː ð ʏ r t n ɪ r
bréfum	p r j ɛː v ʏ m
bætur	p a iː t ʏ r
búnað	p uː n a ð
clyde	kʰ l ɪː t ɛ
cole	kʰ ɔː l ɛ
daglegt	t a ɣ l ɛ x t
dansinn	t a n s ɪ nː
dróst	t r o u s t
dyra	t ɪː r a
dómstóla	t o u m s t o uː l a
efnahagsmálum	ɛ p n a h a x s m a uː l ʏ m
eignar	e i k n a r
einstein	e i n s t e iː n
endum	ɛ n t ʏ m
endurskoða	ɛ n t ʏ r s k ɔː ð a
endurtekið	ɛ n t ʏ r tʰ ɛː c ɪ ð
falin	f aː l ɪ n
felast	f ɛː l a s t
ferðamönnum	f ɛ r ð a m œ nː ʏ m
fjöru	f j œː r ʏ
fjörunni	f j œː r ʏ nː ɪ
framförum	f r a m f œː r ʏ m
fregnir	f r ɛ k n ɪ r
frábæru	f r a uː p a iː r ʏ
fundarstjóri	f ʏ n t a r s t j o uː r ɪ
færist	f a iː r ɪ s t
føroya	f œː r ɔ iː j a
gefnu	c ɛ p n ʏ
glitnis	k l ɪ h t n ɪ s
greiningar	k r e iː n i ŋ k a r
grunnskólum	k r ʏ nː s k o uː l ʏ m
góðri	k o u ð r ɪ
görðum	k œ r ð ʏ m
heilbrigðis	h e i l p r ɪ ɣ ð ɪ s
heiðra	h e i ð r a
hlaupum	l̥ ø yː p ʏ m
hundum	h ʏ n t ʏ m
hurfu	h ʏ r v ʏ
hvetur	kʰ v ɛː t ʏ r
hönnuður	h œ nː ʏ ð ʏ r
innanhúss	ɪ nː a n h u sː
innihaldi	ɪ nː ɪ h a l t ɪ
jarðhita	j a r ð h ɪː t a
jesus	j ɛː s ʏ s
jukust	j ʏː k ʏ s t
jökla	j œ h k l a
kirk	cʰ ɪ r̥ k
klukkustundum	kʰ l ʏ h k ʏ s t ʏ n t ʏ m
krökkum	kʰ r œ h k ʏ m
kunnáttu	kʰ ʏ nː a u h t ʏ
kærustu	cʰ a iː r ʏ s t ʏ
kínverjar	cʰ i n v ɛ r j a r
kúgun	kʰ uː ʏ n
lagadeild	l aː ɣ a t e i l t
laugardal	l ø yː ɣ a r t aː l
leifs	l e i f s
lesin	l ɛː s ɪ n
lestu	l ɛ s t ʏ
leystu	l e i s t ʏ
little	l ɪ h t l ɛ
lo	l ɔː
lokaður	l ɔː k a ð ʏ r
lónið	l o uː n ɪ ð
löndunum	l œ n t ʏ n ʏ m
lýðræðis	l i ð r a iː ð ɪ s
markaðssetningu	m a r̥ k a ð s s ɛ h t n i ŋ k ʏ
meistaraflokki	m e i s t a r a f l ɔ h c ɪ
miles	m ɪː l ɛː s
myndefni	m ɪ n t ɛ p n ɪ
myrtu	m ɪ r̥ t ʏ
now	n ɔ uː
náttúrulegt	n a u h t uː r ʏ l ɛ x t
orkustofnun	ɔ r̥ k ʏ s t ɔ p n ʏ n
osti	ɔ s t ɪ
oz	ɔː s
plöntum	pʰ l œ n̥ t ʏ m
pop	pʰ ɔː p
prinsessu	pʰ r ɪ n s ɛ sː ʏ
pétri	pʰ j ɛː t r ɪ
ráðstefnur	r a u ð s t ɛ p n ʏ r
ráðuneytið	r a uː ð ʏ n e iː t ɪ ð
ríkissjóðs	r iː c ɪ s s j o u ð s
safnar	s a p n a r
sameiginlegum	s aː m e iː j ɪ n l ɛː ɣ ʏ m
samgöngu	s a m k ø y ŋ k ʏ
seldir	s ɛ l t ɪ r
sjálfbæra	s j a u l v p a iː r a
sjúklingum	s j uː k l i ŋ k ʏ m
skamma	s k a mː a
smáum	s m a uː ʏ m
snéri	s t n j ɛː r ɪ
sterku	s t ɛ r̥ k ʏ
stjórnarskrár	s t j o u r t n a r s k r a uː r
studdi	s t ʏ tː ɪ
sæt	s a iː t
sætinu	s a iː t ɪ n ʏ
tapi	tʰ aː p ɪ
ti	tʰ ɪː
tillögum	tʰ ɪ t l œː ɣ ʏ m
tug	tʰ ʏː ɣ
tónleikana	tʰ o u n l e iː k aː n a
umboðsmanns	ʏ m p ɔ ð s m a nː s
ungmenni	u ŋ k m ɛ nː ɪ
vala	v aː l a
veggjum	v ɛ cː ʏ m
veitingastað	v e iː t i ŋ k a s t aː ð
veittur	v e i h t ʏ r
vesturs	v ɛ s t ʏ r̥ s
viðmið	v ɪ ð m ɪː ð
viðurkennir	v ɪː ð ʏ r cʰ ɛ nː ɪ r
vors	v ɔ r̥ s
vélum	v j ɛː l ʏ m
víking	v iː c i ŋ k
vísindum	v iː s ɪ n t ʏ m
víðari	v iː ð a r ɪ
vötnum	v œ h t n ʏ m
women	v ɔː m ɛ n
yfirmenn	ɪː v ɪ r m ɛ nː
áhöfnin	a uː h œ p n ɪ n
áranna	a uː r a nː a
íþróttamenn	iː θ r o u h t a m ɛ nː
óvenjulega	o uː v ɛ n j ʏ l ɛː ɣ a
óvenjulegt	o uː v ɛ n j ʏ l ɛ x t
útfærslu	uː t f a i r̥ s t l ʏ
ýmiskonar	iː m ɪ s k ɔː n a r
þunga	θ u ŋ k a
aa	ɔː
alfreð	a l v r ɛː ð
ali	aː l ɪ
auði	ø yː ð ɪ
aðildarfélög	aː ð ɪ l t a r f j ɛː l œː ɣ
baráttan	p aː r a u h t a n
berkeley	p ɛ r̥ c ɛ l e iː
birgitta	p ɪ r c ɪ h t a
blæ	p l a iː
borgað	p ɔ r k a ð
botninum	p ɔ h t n ɪ n ʏ m
brennt	p r ɛ n̥ t
bræðra	p r a i ð r a
bréfin	p r j ɛː v ɪ n
bænir	p a iː n ɪ r
darwin	t a r v ɪː n
drukkið	t r ʏ h c ɪ ð
dráttum	t r a u h t ʏ m
edwards	ɛː t v a r t s
englar	e i ŋ l a r
evu	ɛː v ʏ
eyrum	e iː r ʏ m
firðinum	f ɪ r ð ɪ n ʏ m
fjármagni	f j a u r m a k n ɪ
formann	f ɔ r m a nː
formúlu	f ɔ r m uː l ʏ
forsendu	f ɔ r̥ s ɛ n t ʏ
foster	f ɔ s t ɛ r
frjálsar	f r j a u l s a r
frábæran	f r a uː p a iː r a n
frændur	f r a i n t ʏ r
fundir	f ʏ n t ɪ r
fylkingar	f ɪ l̥ c i ŋ k a r
fyrirvara	f ɪː r ɪ r v aː r a
fækkaði	f a i h k a ð ɪ
fæðist	f a iː ð ɪ s t
fótspor	f o uː t s p ɔː r
gene	c ɛː n ɛ
grafin	k r aː v ɪ n
grip	k r ɪː p
hagnast	h a k n a s t
hagvöxtur	h a ɣ v œ k s t ʏ r
harrison	h a rː ɪ s ɔː n
hefðbundnar	h ɛ v ð p ʏ n t n a r
heilkenni	h e i l cʰ ɛ nː ɪ
henri	h ɛ n r ɪ
hljómsveitir	l̥ j o u m s v e iː t ɪ r
hljóti	l̥ j o uː t ɪ
hljóðið	l̥ j o uː ð ɪ ð
hlutafé	l̥ ʏː t a f j ɛː
hreiðar	r̥ e iː ð a r
hverfisgötu	kʰ v ɛ r v ɪ s k œː t ʏ
hvora	kʰ v ɔː r a
hálfleik	h a u l v l e iː k
hátíðlegur	h a uː tʰ i ð l ɛː ɣ ʏ r
höfnum	h œ p n ʏ m
höfðingja	h œ v ð i ɲ c a
ingibjargar	i ɲ c ɪ p j a r k a r
ipad	ɪː p a t
johns	j ɔ n s
kafi	kʰ aː v ɪ
kennsl	cʰ ɛ n s t l
kenny	cʰ ɛ nː ɪ
kviknaði	kʰ v ɪ h k n a ð ɪ
kært	cʰ a i r̥ t
langri	l a u ŋ k r ɪ
liðanna	l ɪː ð a nː a
ljóðið	l j o uː ð ɪ ð
ljúft	l j u f t
lynn	l ɪ nː
lífrænum	l iː v r a iː n ʏ m
lögregluna	l œ ɣ r ɛ k l ʏː n a
lýði	l iː ð ɪ
marshall	m a r̥ s h a t l
mick	m ɪ h k
mismunun	m ɪ s m ʏː n ʏ n
morris	m ɔ rː ɪ s
mælikvarða	m a iː l ɪ kʰ v a r ð a
mælikvarði	m a iː l ɪ kʰ v a r ð ɪ
mótmælum	m o uː t m a iː l ʏ m
neinni	n e i t n ɪ
non	n ɔː n
ostur	ɔ s t ʏ r
persónuleg	pʰ ɛ r̥ s o uː n ʏ l ɛː ɣ
ranglega	r a u ŋ k l ɛː ɣ a
reikninga	r e i h k n i ŋ k a
ritum	r ɪː t ʏ m
rossi	r ɔ sː ɪ
salti	s a l̥ t ɪ
samstarfs	s a m s t a r f s
sekúndum	s ɛː k u n t ʏ m
sel	s ɛː l
sigurs	s ɪː ɣ ʏ r̥ s
sjálfbær	s j a u l v p a iː r
skapandi	s k aː p a n t ɪ
skráðu	s k r a uː ð ʏ
stjörnurnar	s t j œ r t n ʏ r t n a r
stofni	s t ɔ p n ɪ
stöðin	s t œː ð ɪ n
stöður	s t œː ð ʏ r
sunnudag	s ʏ nː ʏ t aː ɣ
sveiflast	s v e i v l a s t
sönnu	s œ nː ʏ
teljist	tʰ ɛ l j ɪ s t
tengdist	tʰ e i ŋ t ɪ s t
tengslin	tʰ e i ŋ k s t l ɪː n
textum	tʰ ɛ k s t ʏ m
tilveru	tʰ ɪ l v ɛː r ʏ
trumps	tʰ r ʏ m̥ p s
trúðu	tʰ r uː ð ʏ
tunglinu	tʰ u ŋ l ɪː n ʏ
tunglsins	tʰ u ŋ l s ɪ n s
tíman	tʰ iː m a n
umræðum	ʏ m r a iː ð ʏ m
undanförnu	ʏ n t a n f œ r t n ʏ
unglingar	u ŋ k l i ŋ k a r
vangaveltur	v a u ŋ k a v ɛ l̥ t ʏ r
ve	v ɛː
veggi	v ɛ cː ɪ
veikt	v e i x t
vinsamlega	v ɪ n s a m l ɛː ɣ a
viðskiptafræði	v ɪ ð s c ɪ f t a f r a iː ð ɪ
viðstaddur	v ɪ ð s t a tː ʏ r
vonda	v ɔ n t a
vopna	v ɔ h p n a
álag	a uː l aː ɣ
áli	a uː l ɪ
árinnar	a uː r ɪ nː a r
áætluninni	a uː a i h t l ʏ n ɪ nː ɪ
ógnað	o u k n a ð
óánægju	o uː a uː n a iː j ʏ
öruggum	œː r ʏ kː ʏ m
þekktasta	θ ɛ h k tʰ a s t a
afkomendur	a v kʰ ɔː m ɛ n t ʏ r
afmælis	a v m a iː l ɪ s
aftast	a f t a s t
arfleifð	a r v l e i v ð
arnalds	a r t n a l t s
austurlöndum	ø y s t ʏ r l œ n t ʏ m
auð	ø yː ð
aðlögun	a ð l œː ɣ ʏ n
beinar	p e iː n a r
blómum	p l o uː m ʏ m
blóðið	p l o uː ð ɪ ð
borðið	p ɔ r ð ɪ ð
brenndi	p r ɛ n t ɪ
bresk	p r ɛ s k
brjótast	p r j o uː tʰ a s t
bundnar	p ʏ n t n a r
bókasafni	p o uː k a s a p n ɪ
búdda	p u tː a
búðir	p uː ð ɪ r
daily	t a iː l ɪ
data	t aː t a
dreymdi	t r e i m t ɪ
dýpri	t iː p r ɪ
einföldum	e i n f œ l t ʏ m
einingum	e iː n i ŋ k ʏ m
fe	f ɛː
fjárhættuspil	f j a uː r h a i h t ʏ s p ɪː l
fjölmargra	f j œ l m a r k r a
forsíðu	f ɔ r̥ s iː ð ʏ
framgöngu	f r a m k ø y ŋ k ʏ
frumvarpinu	f r ʏ m v a r̥ p ɪː n ʏ
fullkomið	f ʏ t l̥ kʰ ɔː m ɪ ð
færu	f a iː r ʏ
gild	c ɪ l t
gæfi	c a iː v ɪ
hafsteinn	h a v s t e i t n
heimalandi	h e iː m a l a n t ɪ
himininn	h ɪː m ɪ n ɪ nː
himnum	h ɪ m n ʏ m
hitaveitu	h ɪː t a v e iː t ʏ
hiv	h ɪː v
hleðslu	l̥ ɛ ð s t l ʏ
hliðinni	l̥ ɪː ð ɪ nː ɪ
hljómsveitina	l̥ j o u m s v e iː t ɪ n a
hvors	kʰ v ɔ r̥ s
háir	h a uː ɪ r
hárinu	h a uː r ɪː n ʏ
héldi	ç ɛ l t ɪ
jarðir	j a r ð ɪ r
jóhanns	j o uː h a n s
kaþólsku	kʰ aː θ o u l s k ʏ
klædd	kʰ l a i tː
konungsins	kʰ ɔː n u ŋ k s ɪ n s
lausir	l ø yː s ɪ r
legu	l ɛː ɣ ʏ
leiknir	l e i h k n ɪ r
leikstjóra	l e i k s t j o uː r a
lofað	l ɔː v a ð
lokuðu	l ɔː k ʏ ð ʏ
menntaskóla	m ɛ n̥ t a s k o uː l a
minniháttar	m ɪ nː ɪ h a u h t a r
plan	pʰ l aː n
plantna	pʰ l a n̥ t n a
porter	pʰ ɔ r̥ t ɛ r
price	pʰ r ɪː s ɛ
réðust	r j ɛː ð ʏ s t
sauðfé	s ø y ð f j ɛː
selst	s ɛ l s t
skiptis	s c ɪ f t ɪ s
skömmum	s k œ mː ʏ m
slæmar	s t l a iː m a r
staf	s t aː v
stend	s t ɛ n t
sýndir	s i n t ɪ r
sýru	s iː r ʏ
tapar	tʰ aː p a r
tryggingar	tʰ r ɪ cː i ŋ k a r
trúna	tʰ r uː n a
tímaritum	tʰ iː m a r ɪː t ʏ m
tíðar	tʰ iː ð a r
uppskrift	ʏ h p s k r ɪ f t
vigdísar	v ɪ ɣ t iː s a r
virt	v ɪ r̥ t
vísbending	v iː s p ɛ n t i ŋ k
vísbendingu	v iː s p ɛ n t i ŋ k ʏ
willy	v ɪ t l ɪ
yfirgefur	ɪː v ɪ r c ɛː v ʏ r
áföngum	a uː f ø y ŋ k ʏ m
ályktanir	a uː l ɪ x t aː n ɪ r
átaka	a uː tʰ aː k a
áttaði	a u h t aː ð ɪ
æðislegt	a iː ð ɪ s t l ɛ x t
ítölsku	iː tʰ œ l s k ʏ
ólíkir	o uː l iː c ɪ r
ösku	œ s k ʏ
þreyttur	θ r e i h t ʏ r
agnes	a k n ɛː s
alfa	a l v a
allison	a t l ɪ s ɔː n
alþýðu	a l θ iː ð ʏ
ar	aː r
atburða	aː t p ʏ r ð a
atvinnulíf	aː t v ɪ nː ʏ l iː v
aðildarríkja	aː ð ɪ l t a r r iː c a
bassa	p a sː a
batt	p a h t
benny	p ɛ nː ɪ
bentu	p ɛ n̥ t ʏ
berlínar	p ɛ r l iː n a r
blaðsíður	p l a ð s iː ð ʏ r
bragði	p r a ɣ ð ɪ
brennur	p r ɛ nː ʏ r
cup	kʰ ʏː p
danski	t a n s c ɪ
dáið	t a uː ɪ ð
eiginmanni	e iː j ɪ n m a nː ɪ
eignuðust	e i k n ʏ ð ʏ s t
einfaldar	e i n f a l t a r
einfaldari	e i n f a l t a r ɪ
eystri	e i s t r ɪ
eður	ɛː ð ʏ r
fallegir	f a t l e iː j ɪ r
ferðalagi	f ɛ r ð a l aː j ɪ
fitzgerald	f ɪ t s c ɛː r a l t
fjær	f j a iː r
flynn	f l ɪ nː
flytjast	f l ɪː t j a s t
framboðslista	f r a m p ɔ ð s t l ɪ s t a
framgang	f r a m k a u ŋ k
frankfurt	f r a u ŋ̊ k f ʏ r̥ t
fullorðinna	f ʏ t l ɔ r ð ɪ nː a
fyrirmyndir	f ɪː r ɪ r m ɪ n t ɪ r
gamalli	k aː m a t l ɪ
gen	c ɛː n
glæpamenn	k l a iː p a m ɛ nː
hangir	h a u ɲ c ɪ r
hannah	h a nː a
harmleikur	h a r m l e iː k ʏ r
heiða	h e iː ð a
hendir	h ɛ n t ɪ r
hlutanum	l̥ ʏː t a n ʏ m
húsavíkur	h uː s a v iː k ʏ r
innlendra	ɪ nː l ɛ n t r a
ira	ɪː r a
karlmönnum	kʰ a r t l m œ nː ʏ m
kristnu	kʰ r ɪ s t n ʏ
kíktu	cʰ i x t ʏ
landspítala	l a n t s p iː tʰ aː l a
liggi	l ɪ cː ɪ
lotu	l ɔː t ʏ
látna	l a u h t n a
lægsta	l a i x s t a
lélegt	l j ɛː l ɛ x t
línurnar	l iː n ʏ r t n a r
lýðræðislega	l i ð r a iː ð ɪ s l ɛː ɣ a
mbl	m p l
meðalhiti	m ɛː ð a l h ɪː t ɪ
munar	m ʏː n a r
myndavélar	m ɪ n t a v j ɛː l a r
myrkrinu	m ɪ r̥ k r ɪː n ʏ
mætum	m a iː t ʏ m
náin	n a uː ɪ n
næringarefni	n a iː r i ŋ k a r ɛ p n ɪ
orðspor	ɔ r ð s p ɔː r
persónuleika	pʰ ɛ r̥ s o uː n ʏ l e iː k a
prjóna	pʰ r j o uː n a
pylsur	pʰ ɪ l s ʏ r
sagðar	s a ɣ ð a r
salurinn	s aː l ʏ r ɪ nː
samstaða	s a m s t aː ð a
sannleikanum	s a nː l e iː k a n ʏ m
seth	s ɛː t
simmons	s ɪ mː ɔ n s
siðferði	s ɪ ð f ɛ r ð ɪ
skammti	s k a m̥ t ɪ
skemmir	s c ɛ mː ɪ r
skemmti	s c ɛ m̥ t ɪ
skepnur	s c ɛ h p n ʏ r
skáldsögur	s k a u l t s œː ɣ ʏ r
skóga	s k o uː a
skýrir	s c iː r ɪ r
smitast	s m ɪː tʰ a s t
spilið	s p ɪː l ɪ ð
spjall	s p j a t l
sterkasta	s t ɛ r̥ k a s t a
stevens	s t ɛː v ɛ n s
stoðum	s t ɔː ð ʏ m
stórri	s t o u rː ɪ
sumur	s ʏː m ʏ r
svarað	s v aː r a ð
svoleiðis	s v ɔː l e iː ð ɪ s
sæi	s a iː j ɪ
sérfræðingar	s j ɛ r f r a iː ð i ŋ k a r
símtöl	s i m tʰ œː l
sólrún	s o u l r uː n
teikningum	tʰ e i h k n i ŋ k ʏ m
teitur	tʰ e iː t ʏ r
tengdust	tʰ e i ŋ t ʏ s t
tengingar	tʰ e i ɲ c i ŋ k a r
tengsla	tʰ e i ŋ k s t l a
textar	tʰ ɛ k s t a r
trjám	tʰ r j a uː m
tyler	tʰ ɪː l ɛ r
tækin	tʰ a iː c ɪ n
valds	v a l t s
vandann	v a n t a nː
vatnajökli	v a h t n a j œ h k l ɪ
verksmiðju	v ɛ r̥ k s m ɪ ð j ʏ
vinnandi	v ɪ nː a n t ɪ
viðræðum	v ɪ ð r a iː ð ʏ m
viðureign	v ɪː ð ʏ r e i k n
viðurkenning	v ɪː ð ʏ r cʰ ɛ nː i ŋ k
vængi	v a i ɲ c ɪ
vísan	v iː s a n
víðtæk	v i ð tʰ a iː k
vöku	v œː k ʏ
was	v aː s
áformum	a uː f ɔ r m ʏ m
ármúla	a u r m uː l a
ódýrari	o uː t iː r a r ɪ
óttar	o u h t a r
úrslitaleik	u r̥ s t l ɪː t a l e iː k
þjóðleikhúsinu	θ j o u ð l e iː k h uː s ɪ n ʏ
þorleifur	θ ɔ r l e iː v ʏ r
þormóður	θ ɔ r m o uː ð ʏ r
þræði	θ r a iː ð ɪ
atvikið	aː t v ɪː c ɪ ð
bandarískir	p a n t a r i s c ɪ r
beinast	p e iː n a s t
blind	p l ɪ n t
brand	p r a n t
brautir	p r ø yː t ɪ r
breiðafirði	p r e iː ð a f ɪ r ð ɪ
brenda	p r ɛ n t a
brotum	p r ɔː t ʏ m
brynhildur	p r ɪː n h ɪ l t ʏ r
brúin	p r uː ɪ n
byltingu	p ɪ l̥ t i ŋ k ʏ
búðum	p uː ð ʏ m
býst	p i s t
diskinn	t ɪ s c ɪ nː
drottni	t r ɔ h t n ɪ
dæmdi	t a i m t ɪ
dýrt	t i r̥ t
embættinu	ɛ m p a i h t ɪ n ʏ
embættisins	ɛ m p a i h t ɪ s ɪ n s
fallist	f a t l ɪ s t
fengust	f e i ŋ k ʏ s t
fjarlægt	f j a r l a i x t
formlegt	f ɔ r m l ɛ x t
friðriks	f r ɪ ð r ɪ k s
gefðu	c ɛ v ð ʏ
helminginn	h ɛ l m i ɲ c ɪ n
heyr	h e iː r
heyrast	h e iː r a s t
hitann	h ɪː tʰ a nː
hlustar	l̥ ʏ s t a r
hnetur	n̥ ɛː t ʏ r
hröð	r̥ œː ð
hundruðum	h ʏ n t r ʏː ð ʏ m
hversvegna	kʰ v ɛ r̥ s v ɛ k n a
hægar	h a iː ɣ a r
húrra	h u rː a
icelandair	ɪː s ɛː l a n t a iː r
indiana	ɪ n t ɪ aː n a
jafnast	j a p n a s t
jurtir	j ʏ r̥ t ɪ r
kindur	cʰ ɪ n t ʏ r
kvikmyndinni	kʰ v ɪː k m ɪ n t ɪ nː ɪ
landsbanka	l a n t s p a u ŋ̊ k a
lausum	l ø yː s ʏ m
leystur	l e i s t ʏ r
minnihluta	m ɪ nː ɪ l̥ ʏː t a
mývatnssveit	m iː v a h t n s s v e iː t
ned	n ɛː t
nefndinni	n ɛ p n t ɪ nː ɪ
norðmanna	n ɔ r ð m a nː a
náttúruvernd	n a u h t uː r ʏ v ɛ r n t
patti	pʰ a h t ɪ
rannsökuð	r a nː s œː k ʏ ð
ræst	r a i s t
ríku	r iː k ʏ
samanburðar	s aː m a n p ʏ r ð a r
sameiginlegu	s aː m e iː j ɪ n l ɛː ɣ ʏ
samvisku	s a m v ɪ s k ʏ
sendingar	s ɛ n t i ŋ k a r
skrifstofustjóri	s k r ɪ f s t ɔː v ʏ s t j o uː r ɪ
spenntir	s p ɛ n̥ t ɪ r
spilavíti	s p ɪː l a v iː t ɪ
stærstur	s t a i r̥ s t ʏ r
sunnudögum	s ʏ nː ʏ t œː ɣ ʏ m
sveins	s v e i n s
sögulegu	s œː ɣ ʏ l ɛː ɣ ʏ
temple	tʰ ɛ m̥ p l ɛ
tengdu	tʰ e i ŋ t ʏ
teresa	tʰ ɛː r ɛː s a
travel	tʰ r aː v ɛ l
tryggvason	tʰ r ɪ kː v a s ɔː n
tækið	tʰ a iː c ɪ ð
umgangast	ʏ m k a u ŋ k a s t
undanfarna	ʏ n t a n f a r t n a
upptekin	ʏ h p tʰ ɛː c ɪ n
valdar	v a l t a r
verum	v ɛː r ʏ m
vinsælar	v ɪ n s a iː l a r
viðburði	v ɪ ð p ʏ r ð ɪ
wang	v a u ŋ k
árásina	a uː r a uː s ɪː n a
þorstein	θ ɔ r̥ s t e iː n
act	a x t
algengari	a l c e i ŋ k a r ɪ
alheimsins	aː l h e i m s ɪ n s
andann	a n t a nː
augnabliki	ø y k n a p l ɪː c ɪ
bláum	p l a uː ʏ m
borgarfjarðar	p ɔ r k a r f j a r ð a r
bragason	p r aː ɣ a s ɔː n
breið	p r e iː ð
brosa	p r ɔː s a
báti	p a uː t ɪ
dee	t ɛː
draumar	t r ø yː m a r
eldinum	ɛ l t ɪ n ʏ m
endurgreitt	ɛ n t ʏ r k r e i h t
eyjafjallajökli	e iː j a f j a t l a j œ h k l ɪ
fiskveiðar	f ɪ s k v e iː ð a r
flugvélum	f l ʏ ɣ v j ɛː l ʏ m
frama	f r aː m a
framarlega	f r aː m a r l ɛː ɣ a
framhaldsskólum	f r a m h a l t s s k o uː l ʏ m
framþróun	f r a m θ r o uː ʏ n
frægt	f r a i x t
ft	f t
fundurinn	f ʏ n t ʏ r ɪ nː
færðar	f a i r ð a r
félagarnir	f j ɛː l a k a r t n ɪ r
fórnarlömb	f o u r t n a r l œ m p
gagnrýnin	k a k n r iː n ɪ n
gamans	k aː m a n s
geislun	c e i s t l ʏ n
gleri	k l ɛː r ɪ
gleður	k l ɛː ð ʏ r
grafík	k r aː v iː k
griffin	k r ɪ fː ɪ n
harkalega	h a r̥ k a l ɛː ɣ a
health	h ɛ a l̥ t
heilum	h e iː l ʏ m
herja	h ɛ r j a
hjartarson	ç a r̥ t a r s ɔː n
hugmyndinni	h ʏ ɣ m ɪ n t ɪ nː ɪ
hvorugt	kʰ v ɔː r ʏ x t
háskólastigi	h a uː s k o uː l a s t ɪː j ɪ
illinois	ɪ t l ɪ n ɔ iː s
iðnó	ɪ ð n o uː
jarli	j a r t l ɪ
kallaðar	kʰ a t l a ð a r
keppnir	cʰ ɛ h p n ɪ r
kortin	kʰ ɔ r̥ t ɪ n
kosningarétt	kʰ ɔ s t n i ŋ k a r j ɛ h t
kristjáni	kʰ r ɪ s t j a uː n ɪ
leiðbeinandi	l e i ð p e iː n a n t ɪ
leynt	l e i n̥ t
lilju	l ɪ l j ʏ
liðsmenn	l ɪ ð s m ɛ nː
lyfti	l ɪ f t ɪ
læsi	l a iː s ɪ
lífverur	l i v v ɛː r ʏ r
milljarð	m ɪ l j a r ð
miðborginni	m ɪ ð p ɔ r c ɪ nː ɪ
mánaðarins	m a uː n a ð a r ɪ n s
mögulegar	m œː ɣ ʏ l ɛː ɣ a r
nemanda	n ɛː m a n t a
noti	n ɔː t ɪ
náttúrufræði	n a u h t uː r ʏ f r a iː ð ɪ
nítjándu	n iː t j a u n t ʏ
nýlegar	n iː l ɛː ɣ a r
orkuveitu	ɔ r̥ k ʏ v e iː t ʏ
popper	pʰ ɔ h p ɛ r
prest	pʰ r ɛ s t
pútín	pʰ uː tʰ iː n
raunverulegum	r ø y n v ɛː r ʏ l ɛː ɣ ʏ m
runnu	r ʏ nː ʏ
ráðinu	r a uː ð ɪ n ʏ
ríkari	r iː k a r ɪ
ríkisborgarar	r iː c ɪ s p ɔ r k a r a r
rökrétt	r œː k r j ɛ h t
sameiginlegri	s aː m e iː j ɪ n l ɛ ɣ r ɪ
sameinað	s aː m e iː n a ð
samúð	s aː m uː ð
samþykkir	s a m θ ɪ h c ɪ r
sand	s a n t
sandra	s a n t r a
screen	s k r ɛː n
sigmundar	s ɪ ɣ m ʏ n t a r
skiljanlegt	s c ɪ l j a n l ɛ x t
skorar	s k ɔː r a r
skýtur	s c iː t ʏ r
sleppur	s t l ɛ h p ʏ r
slæmu	s t l a iː m ʏ
sofið	s ɔː v ɪ ð
spannar	s p a nː a r
spilum	s p ɪː l ʏ m
stefnuskrá	s t ɛ p n ʏ s k r a uː
stokkunum	s t ɔ h k ʏ n ʏ m
strákana	s t r a uː kʰ aː n a
styttist	s t ɪ h t ɪ s t
stöðunni	s t œː ð ʏ nː ɪ
stúlkum	s t u l̥ k ʏ m
sveinsdóttir	s v e i n s t o u h t ɪ r
svía	s v iː j a
svölum	s v œː l ʏ m
syðra	s ɪ ð r a
sárum	s a uː r ʏ m
sýninguna	s iː n i ŋ k ʏː n a
titla	tʰ ɪ h t l a
trent	tʰ r ɛ n̥ t
tækju	tʰ a iː c ʏ
tæpa	tʰ a iː p a
tónleikarnir	tʰ o u n l e iː k a r t n ɪ r
uppgjöf	ʏ h p c œː v
uppskeru	ʏ h p s c ɛː r ʏ
vafalaust	v aː v a l ø y s t
veltir	v ɛ l̥ t ɪ r
verslunina	v ɛ r̥ s t l ʏ n ɪː n a
virkjanir	v ɪ r̥ c a n ɪ r
vitnað	v ɪ h t n a ð
viðurkenndi	v ɪː ð ʏ r cʰ ɛ n t ɪ
væntingar	v a i n̥ t i ŋ k a r
vék	v j ɛː k
ábyggilega	a uː p ɪ cː ɪ l ɛː ɣ a
árásum	a uː r a uː s ʏ m
ævinnar	a iː v ɪ nː a r
ólöglegt	o uː l œ ɣ l ɛ x t
úrkomu	u r̥ kʰ ɔː m ʏ
þjónn	θ j o u t n
þriðjung	θ r ɪ ð j u ŋ k
þunnt	θ ʏ n̥ t
aukalega	ø yː k a l ɛː ɣ a
aukningu	ø y h k n i ŋ k ʏ
batna	p a h t n a
baunir	p ø yː n ɪ r
beinist	p e iː n ɪ s t
bergen	p ɛ r k ɛ n
beta	p ɛː t a
birtir	p ɪ r̥ t ɪ r
björgvinsson	p j œ r k v ɪ n sː ɔː n
blæs	p l a iː s
breskum	p r ɛ s k ʏ m
broti	p r ɔː t ɪ
brugðið	p r ʏ ɣ ð ɪ ð
bsrb	p s r p
bæst	p a i s t
bætist	p a iː t ɪ s t
bí	p iː
bíð	p iː ð
búning	p uː n i ŋ k
capital	kʰ aː p ɪ tʰ aː l
chi	cʰ ɪː
design	t ɛː s ɪ k n
dugði	t ʏ ɣ ð ɪ
dæmdir	t a i m t ɪ r
dómstólar	t o u m s t o uː l a r
einkennast	e i n cʰ ɛ nː a s t
einkennin	e i n cʰ ɛ nː ɪ n
erfiðleikar	ɛ r v ɪ ð l e iː k a r
eyjarnar	e iː j a r t n a r
eyri	e iː r ɪ
fallast	f a t l a s t
farveg	f a r v ɛː ɣ
fifa	f ɪː v a
fjármálum	f j a u r m a uː l ʏ m
flosi	f l ɔː s ɪ
framkvæmt	f r a m kʰ v a i m̥ t
frosti	f r ɔ s t ɪ
frönskum	f r œ n s k ʏ m
fullir	f ʏ t l ɪ r
fáein	f a uː e iː n
gallar	k a t l a r
geymdar	c e i m t a r
gist	c ɪ s t
gjaldmiðla	c a l t m ɪ ð l a
grömm	k r œ mː
gulu	k ʏː l ʏ
guðna	k v ʏ ð n a
halldóri	h a t l t o uː r ɪ
haralds	h aː r a l t s
hefurðu	h ɛː v ʏ r ð ʏ
heimaey	h e iː m a e iː
heimamanna	h e iː m a m a nː a
helgað	h ɛ l k a ð
herbergin	h ɛ r p ɛ r c ɪ n
hermanna	h ɛ r m a nː a
hetjan	h ɛː t j a n
hljóði	l̥ j o uː ð ɪ
hlýnun	l̥ iː n ʏ n
hollendingar	h ɔ t l ɛ n t i ŋ k a r
hreina	r̥ e iː n a
hátíðir	h a uː tʰ iː ð ɪ r
hæsti	h a i s t ɪ
itunes	ɪː t ʏ n ɛː s
jake	j aː c ɛ
joy	j ɔ iː
juventus	j ʏː v ɛ n̥ t ʏ s
jói	j o uː ɪ
kastaði	kʰ a s t aː ð ɪ
key	cʰ e iː
kreppu	kʰ r ɛ h p ʏ
kringumstæðum	kʰ r i ŋ k ʏ m s t a iː ð ʏ m
kvk	kʰ v ɛː k
landshluta	l a n t s l̥ ʏː t a
langi	l a u ɲ c ɪ
langs	l a u ŋ k s
lat	l aː t
leggi	l ɛ cː ɪ
leikhúsinu	l e iː k h uː s ɪː n ʏ
leikina	l e iː c ɪ n a
liðnum	l ɪ ð n ʏ m
liðunum	l ɪː ð ʏ n ʏ m
ljósum	l j o uː s ʏ m
lorraine	l ɔ rː a iː n ɛ
lundúna	l ʏ n t uː n a
lyfið	l ɪː v ɪ ð
lyftu	l ɪ f t ʏ
lágum	l a uː ʏ m
línum	l iː n ʏ m
mai	m a iː
mannkynið	m a nː cʰ ɪː n ɪ ð
mikilvægari	m ɪː c ɪ l v a iː ɣ a r ɪ
mini	m ɪː n ɪ
myndbandið	m ɪ n t p a n t ɪ ð
nasista	n aː s ɪ s t a
nefnast	n ɛ p n a s t
neyta	n e iː t a
nordal	n ɔ r t aː l
nægan	n a iː ɣ a n
nægur	n a iː ɣ ʏ r
persónum	pʰ ɛ r̥ s o uː n ʏ m
pírata	pʰ iː r aː t a
records	r ɛː k ɔ r t s
rennsli	r ɛ n s t l ɪ
reynast	r e iː n a s t
rocky	r ɔ h c ɪ
ríkisborgararétt	r iː c ɪ s p ɔ r k a r a r j ɛ h t
róa	r o uː a
samanborið	s aː m a n p ɔː r ɪ ð
sitji	s ɪː t j ɪ
skert	s c ɛ r̥ t
skiptar	s c ɪ f t a r
skáldskap	s k a u l t s k aː p
slóðir	s t l o uː ð ɪ r
snerti	s t n ɛ r̥ t ɪ
sparisjóður	s p aː r ɪ s j o uː ð ʏ r
standandi	s t a n t a n t ɪ
stjórnkerfi	s t j o u r t n cʰ ɛ r v ɪ
stokkseyri	s t ɔ h k s e iː r ɪ
stuðlað	s t ʏ ð l aː ð
suðurkjördæmi	s ʏː ð ʏ r cʰ œ r t a iː m ɪ
svava	s v aː v a
sverrisdóttir	s v ɛ rː ɪ s t o u h t ɪ r
sviðið	s v ɪː ð ɪ ð
svokallaðri	s v ɔː k a t l a ð r ɪ
sérstaks	s j ɛ r̥ s t a k s
sóma	s o uː m a
söfnum	s œ p n ʏ m
sýslumanni	s i s t l ʏ m a nː ɪ
tess	tʰ ɛ sː
tillagan	tʰ ɪ t l a ɣ a n
tilstilli	tʰ ɪ l s t ɪ t l ɪ
tvennu	tʰ v ɛ nː ʏ
tóna	tʰ o uː n a
utandyra	ʏː t a n t ɪː r a
vaktina	v a x t ɪː n a
varað	v aː r a ð
vegalengd	v ɛː ɣ a l e i ŋ t
versluninni	v ɛ r̥ s t l ʏ n ɪ nː ɪ
vikulega	v ɪː k ʏ l ɛː ɣ a
vistkerfi	v ɪ s t cʰ ɛ r v ɪ
viðbætur	v ɪ ð p a iː t ʏ r
víkings	v iː c i ŋ k s
áhugamaður	a uː h ʏː ɣ a m aː ð ʏ r
ákveðins	a uː kʰ v ɛː ð ɪ n s
ákærður	a uː cʰ a i r ð ʏ r
ávarp	a uː v a r̥ p
ávöxtum	a uː v œ k s t ʏ m
öfluga	œ v l ʏː ɣ a
útlanda	uː t l a n t a
þjórsá	θ j o u r̥ s a uː
þrífst	θ r i f s t
þykk	θ ɪ h k
afgangurinn	a v k a u ŋ k ʏ r ɪ nː
algengur	a l c e i ŋ k ʏ r
april	aː p r ɪː l
atvinnugrein	aː t v ɪ nː ʏ k r e iː n
aukins	ø yː c ɪ n s
bandaríkjaforseta	p a n t a r iː c a f ɔ r̥ s ɛː t a
banks	p a u ŋ̊ k s
beinu	p e iː n ʏ
benz	p ɛ n s
bifreiðar	p ɪ v r e iː ð a r
blaða	p l aː ð a
breyti	p r e iː t ɪ
brota	p r ɔː t a
bréfinu	p r j ɛː v ɪː n ʏ
bíldudal	p i l t ʏ t aː l
bílslysi	p i l s t l ɪː s ɪ
carroll	kʰ a rː ɔ t l
cindy	s ɪ n t ɪ
dreifbýli	t r e i v p iː l ɪ
efasemdir	ɛː v a s ɛ m t ɪ r
elskum	ɛ l s k ʏ m
erni	ɛ r t n ɪ
eyrun	e iː r ʏ n
eysteinn	e i s t e i t n
farm	f a r m
fermetrar	f ɛ r m ɛː t r a r
flokkuð	f l ɔ h k ʏ ð
flottir	f l ɔ h t ɪ r
fluttum	f l ʏ h t ʏ m
frumkvöðull	f r ʏ m kʰ v œː ð ʏ t l
frábrugðin	f r a uː p r ʏ ɣ ð ɪ n
fréttamaður	f r j ɛ h t a m aː ð ʏ r
fu	f ʏː
fyllist	f ɪ t l ɪ s t
fáránlegt	f a uː r a u n l ɛ x t
gagnrýndi	k a k n r i n t ɪ
gangast	k a u ŋ k a s t
georgia	c ɛː ɔ r c ɪ a
grikkir	k r ɪ h c ɪ r
hafðir	h a v ð ɪ r
hala	h aː l a
hentaði	h ɛ n̥ t aː ð ɪ
hljómsveitum	l̥ j o u m s v e iː t ʏ m
hollendinga	h ɔ t l ɛ n t i ŋ k a
hálfri	h a u l v r ɪ
háðar	h a uː ð a r
höfundum	h œː v ʏ n t ʏ m
hött	h œ h t
inngangi	ɪ n k a u ɲ c ɪ
isis	ɪː s ɪ s
jökli	j œ h k l ɪ
jöklinum	j œ h k l ɪː n ʏ m
klúbbnum	kʰ l u pː n ʏ m
landamærum	l a n t a m a iː r ʏ m
landsfundi	l a n t s f ʏ n t ɪ
landshlutum	l a n t s l̥ ʏː t ʏ m
leidd	l e i tː
leikmann	l e iː k m a nː
lindsay	l ɪ n t s a iː
lyft	l ɪ f t
mannleg	m a nː l ɛː ɣ
meistaranám	m e i s t a r a n a uː m
mjúk	m j uː k
morguns	m ɔ r k ʏ n s
mótmælendur	m o uː t m a iː l ɛ n t ʏ r
mýrdal	m i r t aː l
neðsta	n ɛ ð s t a
nóttu	n o u h t ʏ
nýttar	n i h t a r
rithöfundar	r ɪː t h œː v ʏ n t a r
sigurvegara	s ɪː ɣ ʏ r v ɛː ɣ a r a
sjóvá	s j o uː v a uː
sjötíu	s j œː tʰ iː j ʏ
skagaströnd	s k aː ɣ a s t r œ n t
skaðleg	s k a ð l ɛː ɣ
skilgreinir	s c ɪ l k r e iː n ɪ r
skuldum	s k ʏ l t ʏ m
skólastjóra	s k o uː l a s t j o uː r a
sprengdu	s p r e i ŋ t ʏ
sprengingu	s p r e i ɲ c i ŋ k ʏ
stanslaust	s t a n s t l ø y s t
stolti	s t ɔ l̥ t ɪ
store	s t ɔː r ɛ
ströndin	s t r œ n t ɪ n
stöðugum	s t œː ð ʏ ɣ ʏ m
stöðuna	s t œː ð ʏ n a
stúdent	s t uː t ɛ n̥ t
svæðin	s v a iː ð ɪ n
sáttmálans	s a u h t m a uː l a n s
sátum	s a uː t ʏ m
sæmd	s a i m t
sérstakir	s j ɛ r̥ s t aː c ɪ r
sögulegum	s œː ɣ ʏ l ɛː ɣ ʏ m
troy	tʰ r ɔ iː
tæpar	tʰ a iː p a r
uppruni	ʏ h p r ʏː n ɪ
verkfræðingur	v ɛ r̥ k f r a iː ð i ŋ k ʏ r
veruleg	v ɛː r ʏ l ɛː ɣ
visa	v ɪː s a
vond	v ɔ n t
áfangastað	a uː f a u ŋ k a s t aː ð
óljós	o u l j o uː s
óvini	o uː v ɪː n ɪ
öflugur	œ v l ʏː ɣ ʏ r
úrslita	u r̥ s t l ɪː t a
útskýringar	uː t s c iː r i ŋ k a r
þórðardóttir	θ o u r ð a r t o u h t ɪ r
andspænis	a n t s p a iː n ɪ s
athafna	aː t h a p n a
bandaríkjaforseti	p a n t a r iː c a f ɔ r̥ s ɛː t ɪ
body	p ɔː t ɪ
boga	p ɔː ɣ a
borgarleikhúsinu	p ɔ r k a r l e iː k h uː s ɪ n ʏ
deilda	t e i l t a
eden	ɛː t ɛ n
eftirrétt	ɛ f t ɪ r r j ɛ h t
einstakir	e i n s t aː c ɪ r
eintökum	e i n tʰ œː k ʏ m
explorer	ɛ k s p l ɔː r ɛ r
fararbroddi	f aː r a r p r ɔ tː ɪ
festu	f ɛ s t ʏ
fleming	f l ɛː m i ŋ k
framleiðendum	f r a m l e iː ð ɛ n t ʏ m
fremri	f r ɛ m r ɪ
fyndin	f ɪ n t ɪ n
fæstir	f a i s t ɪ r
fögru	f œ ɣ r ʏ
fögur	f œː ɣ ʏ r
gleymir	k l e iː m ɪ r
greindist	k r e i n t ɪ s t
gripi	k r ɪː p ɪ
grjóti	k r j o uː t ɪ
grátt	k r a u h t
græni	k r a iː n ɪ
gyðingum	c ɪː ð i ŋ k ʏ m
hammond	h a mː ɔ n t
heimilanna	h e iː m ɪ l a nː a
heimsóknir	h e i m s o u h k n ɪ r
hellinum	h ɛ t l ɪ n ʏ m
herferð	h ɛ r v ɛ r ð
hlyti	l̥ ɪː t ɪ
hringdu	r̥ i ŋ t ʏ
hræddir	r̥ a i tː ɪ r
háskólanám	h a uː s k o uː l a n a uː m
höfnin	h œ p n ɪ n
höfðum	h œ v ð ʏ m
indlands	ɪ n t l a n t s
innar	ɪ nː a r
jafnaðarmenn	j a p n a ð a r m ɛ nː
kaupmenn	kʰ ø yː p m ɛ nː
kvæntist	kʰ v a i n tʰ ɪ s t
kynjum	cʰ ɪ n j ʏ m
lagast	l aː ɣ a s t
landbúnaðarins	l a n t p uː n a ð a r ɪ n s
leb	l ɛː p
levi	l ɛː v ɪ
ljóðabók	l j o uː ð a p o uː k
lloyd	t l ɔ iː t
lucy	l ʏː s ɪ
lækninga	l a i h k n i ŋ k a
læst	l a i s t
lögmæti	l œ ɣ m a iː t ɪ
lýsandi	l iː s a n t ɪ
lýðveldið	l i ð v ɛ l t ɪ ð
magann	m aː ɣ a nː
mannréttinda	m a nː r j ɛ h t ɪ n t a
michaels	m ɪː x a ɛ l s
minjar	m ɪ n j a r
mjúkt	m j u x t
myndlistar	m ɪ n t l ɪ s t a r
málað	m a uː l a ð
módel	m o uː t ɛː l
múslimar	m u s t l ɪː m a r
neyddi	n e i tː ɪ
norskum	n ɔ r̥ s k ʏ m
notaðu	n ɔː t a ð ʏ
oddi	ɔ tː ɪ
ort	ɔ r̥ t
plötum	pʰ l œː t ʏ m
pólitískar	pʰ o uː l ɪ tʰ i s k a r
rekist	r ɛː c ɪ s t
research	r ɛː s ɛ a r x
ríkislögreglustjóra	r iː c ɪ s t l œ ɣ r ɛ k l ʏ s t j o uː r a
rúms	r u m s
safnaðarins	s a p n a ð a r ɪ n s
sameinuð	s aː m e iː n ʏ ð
samræðum	s a m r a iː ð ʏ m
see	s ɛː
segið	s e iː j ɪ ð
simpson	s ɪ m̥ p s ɔː n
sjálfsvíg	s j a u l v s v iː ɣ
skáta	s k a uː t a
skýrslunni	s c i r̥ s t l ʏ nː ɪ
slysi	s t l ɪː s ɪ
slæmur	s t l a iː m ʏ r
sneru	s t n ɛː r ʏ
start	s t a r̥ t
sterkara	s t ɛ r̥ k a r a
sterkustu	s t ɛ r̥ k ʏ s t ʏ
stingur	s t i ŋ k ʏ r
stundin	s t ʏ n t ɪ n
sérðu	s j ɛ r ð ʏ
sýkingar	s iː c i ŋ k a r
sýnum	s iː n ʏ m
team	tʰ ɛː m
teiknaði	tʰ e i h k n aː ð ɪ
truflun	tʰ r ʏ p l ʏ n
tónum	tʰ o uː n ʏ m
umsagnir	ʏ m s a k n ɪ r
uppfyllir	ʏ h p f ɪ t l ɪ r
upphátt	ʏ h p h a u h t
veiktist	v e i x t ɪ s t
verksmiðjan	v ɛ r̥ k s m ɪ ð j a n
vestursins	v ɛ s t ʏ r s ɪ n s
veðrið	v ɛ ð r ɪː ð
vinar	v ɪː n a r
viðnám	v ɪ ð n a uː m
vélmenni	v j ɛ l m ɛ nː ɪ
árásin	a uː r a uː s ɪ n
átökin	a uː tʰ œː c ɪ n
óheimilt	o uː h e iː m ɪ l̥ t
ömurlegt	œː m ʏ r l ɛ x t
útlendingar	uː t l ɛ n t i ŋ k a r
útvarpinu	uː t v a r̥ p ɪː n ʏ
þorlákshöfn	θ ɔ r l a u k s h œ p n
agnar	a k n a r
arkitektúr	a r̥ c ɪ tʰ ɛ x t uː r
aðgangi	a ð k a u ɲ c ɪ
aðgerðin	a ð c ɛ r ð ɪ n
aðgreiningar	a ð k r e iː n i ŋ k a r
bandaríkjaher	p a n t a r iː c a h ɛː r
bandi	p a n t ɪ
being	p e i ŋ k
birgðir	p ɪ r ɣ ð ɪ r
bjarnasonar	p j a r t n a s ɔː n a r
brosandi	p r ɔː s a n t ɪ
brugðist	p r ʏ ɣ ð ɪ s t
crystal	kʰ r ɪ s t aː l
deildi	t e i l t ɪ
diska	t ɪ s k a
djúpum	t j uː p ʏ m
dom	t ɔː m
drasl	t r a s t l
dásamleg	t a uː s a m l ɛː ɣ
enterprise	ɛ n̥ t ɛ r̥ p r ɪː s ɛ
ferrari	f ɛ rː a r ɪ
fjöldann	f j œ l t a nː
flugvöll	f l ʏ ɣ v œ t l
flöt	f l œː t
formanni	f ɔ r m a nː ɪ
forminu	f ɔ r m ɪː n ʏ
forðum	f ɔ r ð ʏ m
fremstur	f r ɛ m s t ʏ r
frumsýnt	f r ʏ m s i n̥ t
fróðleik	f r o u ð l e iː k
gamma	k a mː a
gefnir	c ɛ p n ɪ r
geng	c e i ŋ k
gult	k ʏ l̥ t
götunum	k œː t ʏ n ʏ m
hagnýta	h a k n iː t a
harðri	h a r ð r ɪ
heilagt	h e iː l a x t
heitar	h e iː t a r
helgan	h ɛ l k a n
herman	h ɛ r m a n
hjálpi	ç a u l̥ p ɪ
hop	h ɔː p
hruni	r̥ ʏː n ɪ
hvalfirði	kʰ v a l v ɪ r ð ɪ
hýsir	ç iː s ɪ r
jafnir	j a p n ɪ r
jules	j ʏː l ɛː s
karlamagnús	kʰ a r t l a m a k n uː s
keppandi	cʰ ɛ h p a n t ɪ
klukkustunda	kʰ l ʏ h k ʏ s t ʏ n t a
kvennaflokki	kʰ v ɛ nː a f l ɔ h c ɪ
köld	kʰ œ l t
latínu	l aː tʰ iː n ʏ
leiðinlegt	l e iː ð ɪ n l ɛ x t
lengdar	l e i ŋ t a r
linux	l ɪː n ʏ x s
listar	l ɪ s t a r
lærum	l a iː r ʏ m
létum	l j ɛː t ʏ m
menntaskólans	m ɛ n̥ t a s k o uː l a n s
mikhail	m ɪː k h a iː l
morrison	m ɔ rː ɪ s ɔː n
nauðsynlegar	n ø y ð s ɪ n l ɛː ɣ a r
norma	n ɔ r m a
náminu	n a uː m ɪː n ʏ
orsökum	ɔ r̥ s œː k ʏ m
phillips	f ɪ t l ɪ p s
ragna	r a k n a
rannís	r a nː iː s
richards	r ɪː x a r t s
ronaldo	r ɔː n a l t ɔ
schengen	s c e i ɲ c ɛ n
sjúkdómnum	s j uː k t o u m n ʏ m
skuldar	s k ʏ l t a r
skáldsins	s k a u l t s ɪ n s
solid	s ɔː l ɪ t
stan	s t aː n
starfsfólki	s t a r v s f o u l̥ c ɪ
staðin	s t aː ð ɪ n
stjörnunni	s t j œ r t n ʏ nː ɪ
strandaði	s t r a n t aː ð ɪ
streitu	s t r e iː t ʏ
strák	s t r a uː k
stækkar	s t a i h k a r
stærstum	s t a i r̥ s t ʏ m
stórkostlegt	s t o u r̥ kʰ ɔ s t l ɛ x t
stóðst	s t o u ð s t
sykri	s ɪː k r ɪ
sálir	s a uː l ɪ r
sáttmálanum	s a u h t m a uː l a n ʏ m
sérhæfð	s j ɛː r h a i v ð
teygir	tʰ e iː j ɪ r
tottenham	tʰ ɔ h t ɛ n h aː m
trans	tʰ r a n s
tu	tʰ ʏː
tungumála	tʰ u ŋ k ʏ m a uː l a
töflunni	tʰ œ p l ʏ nː ɪ
undrandi	ʏ n t r a n t ɪ
ungverjalandi	u ŋ k v ɛ r j a l a n t ɪ
unni	ʏ nː ɪ
uppræta	ʏ h p r a iː t a
vanti	v a n̥ t ɪ
veltu	v ɛ l̥ t ʏ
verkstæði	v ɛ r̥ k s t a iː ð ɪ
vinsælasti	v ɪ n s a iː l a s t ɪ
viðstaddir	v ɪ ð s t a tː ɪ r
vopnahlé	v ɔ h p n a l̥ j ɛː
vændum	v a i n t ʏ m
vísindalega	v iː s ɪ n t a l ɛː ɣ a
yfirráðasvæði	ɪː v ɪ r r a uː ð a s v a iː ð ɪ
ágústa	a uː k u s t a
áleiðis	a uː l e iː ð ɪ s
árangurinn	a uː r a u ŋ k ʏ r ɪ nː
ávexti	a uː v ɛ k s t ɪ
áætluð	a uː a i h t l ʏː ð
ætlaðar	a i h t l aː ð a r
öskju	œ s c ʏ
útfærsla	uː t f a i r̥ s t l a
þjáist	θ j a uː ɪ s t
þjónaði	θ j o uː n a ð ɪ
þjóðgarðsins	θ j o u ð k a r ð s ɪ n s
þrautir	θ r ø yː t ɪ r
þrep	θ r ɛː p
þáði	θ a uː ð ɪ
afnot	a p n ɔː t
allsherjar	a t l s h ɛ r j a r
arason	aː r a s ɔː n
austfjörðum	ø y s t f j œ r ð ʏ m
aðskilnað	a ð s c ɪ l n a ð
bach	p aː x
back	p a h k
bella	p ɛ t l a
bjartrar	p j a r̥ t r a r
borðar	p ɔ r ð a r
botns	p ɔ h t n s
burns	p ʏ r t n s
bætast	p a iː tʰ a s t
böndum	p œ n t ʏ m
chester	cʰ ɛ s t ɛ r
cody	kʰ ɔː t ɪ
dönsk	t œ n s k
dýpra	t iː p r a
einhverra	e i n kʰ v ɛ rː a
endurgerð	ɛ n t ʏ r c ɛ r ð
eyðingu	e iː ð i ŋ k ʏ
fallin	f a t l ɪ n
fastan	f a s t a n
firði	f ɪ r ð ɪ
flöskur	f l œ s k ʏ r
formið	f ɔ r m ɪː ð
frambjóðandi	f r a m p j o uː ð a n t ɪ
framleiðslan	f r a m l e i ð s t l a n
framsóknar	f r a m s o u h k n a r
framtíðin	f r a m tʰ iː ð ɪ n
freistandi	f r e i s t a n t ɪ
fréttamenn	f r j ɛ h t a m ɛ nː
fyrirhöfn	f ɪː r ɪ r h œ p n
fáu	f a uː ʏ
fæði	f a iː ð ɪ
féllst	f j ɛ t l s t
gale	k aː l ɛ
garrett	k a rː ɛ h t
gifti	c ɪ f t ɪ
glatt	k l a h t
gleymi	k l e iː m ɪ
greinist	k r e iː n ɪ s t
gullið	k ʏ t l ɪ ð
gítarleikari	c iː tʰ a r l e iː k a r ɪ
hafís	h aː v iː s
heilar	h e iː l a r
heilbrigt	h e i l p r ɪ x t
heilögum	h e iː l œː ɣ ʏ m
heimildarmynd	h e iː m ɪ l t a r m ɪ n t
hitlers	h ɪː t l ɛ r̥ s
hjólandi	ç o uː l a n t ɪ
hlín	l̥ iː n
hreyft	r̥ e i f t
hugar	h ʏː ɣ a r
hundinum	h ʏ n t ɪ n ʏ m
höfuðstöðvum	h œː v ʏ ð s t œ ð v ʏ m
höfðingjar	h œ v ð i ɲ c a r
irving	ɪ r v i ŋ k
jafnar	j a p n a r
jók	j o uː k
kastar	kʰ a s t a r
kreppunni	kʰ r ɛ h p ʏ nː ɪ
kris	kʰ r ɪː s
krossinum	kʰ r ɔ sː ɪ n ʏ m
kunnu	kʰ ʏ nː ʏ
kyrrt	cʰ ɪ r̥ t
kúlu	kʰ uː l ʏ
kúlur	kʰ uː l ʏ r
lagasetningu	l aː ɣ a s ɛ h t n i ŋ k ʏ
landlæknir	l a n t l a i h k n ɪ r
lausa	l ø yː s a
link	l i ŋ̊ k
lækkað	l a i h k a ð
líkir	l iː c ɪ r
löglega	l œ ɣ l ɛː ɣ a
mennina	m ɛ nː ɪ n a
ming	m i ŋ k
minnið	m ɪ nː ɪ ð
miðflokksins	m ɪ ð f l ɔ h k s ɪ n s
mánaðar	m a uː n a ð a r
next	n ɛ k s t
patton	pʰ a h t ɔ n
perlur	pʰ ɛ r t l ʏ r
ranga	r a u ŋ k a
reykjum	r e iː c ʏ m
riddara	r ɪ tː a r a
rithöfunda	r ɪː t h œː v ʏ n t a
ráku	r a uː k ʏ
ríkisvaldsins	r iː c ɪ s v a l t s ɪ n s
róleg	r o uː l ɛː ɣ
saklaus	s aː k l ø yː s
samlokur	s a m l ɔː k ʏ r
sek	s ɛː k
seltjarnarness	s ɛ l̥ t j a r t n a r n ɛ sː
sesar	s ɛː s a r
sid	s ɪː t
skellti	s c ɛ l̥ t ɪ
skiptust	s c ɪ f t ʏ s t
skránni	s k r a u t n ɪ
skuldbindingar	s k ʏ l t p ɪ n t i ŋ k a r
skálda	s k a u l t a
sloppið	s t l ɔ h p ɪ ð
small	s m a t l
smjöri	s m j œː r ɪ
sona	s ɔː n a
sonurinn	s ɔː n ʏ r ɪ nː
spennan	s p ɛ nː a n
stjórnmálafræði	s t j o u r t n m a uː l a f r a iː ð ɪ
straum	s t r ø yː m
stuttlega	s t ʏ h t l ɛː ɣ a
svörum	s v œː r ʏ m
sækist	s a iː c ɪ s t
sæmilega	s a iː m ɪ l ɛː ɣ a
sætin	s a iː t ɪ n
söfnuðust	s œ p n ʏ ð ʏ s t
sýkingu	s iː c i ŋ k ʏ
takka	tʰ a h k a
tekna	tʰ ɛ h k n a
tilkall	tʰ ɪ l̥ kʰ a t l
tjáningarfrelsi	tʰ j a uː n i ŋ k a r f r ɛ l s ɪ
tryggðu	tʰ r ɪ ɣ ð ʏ
tréð	tʰ r j ɛː ð
tugum	tʰ ʏː ɣ ʏ m
tökur	tʰ œː k ʏ r
umfangsmikil	ʏ m f a u ŋ k s m ɪː c ɪ l
undirtektir	ʏ n t ɪ r tʰ ɛ x t ɪ r
vali	v aː l ɪ
vandamála	v a n t a m a uː l a
vanta	v a n̥ t a
vefjum	v ɛ v j ʏ m
veiðimenn	v e iː ð ɪ m ɛ nː
verkun	v ɛ r̥ k ʏ n
vikan	v ɪː k a n
vissan	v ɪ sː a n
vitleysa	v ɪː t l e iː s a
værir	v a iː r ɪ r
áferð	a uː f ɛ r ð
ákvæðum	a uː kʰ v a iː ð ʏ m
ákvörðunum	a uː kʰ v œ r ð ʏ n ʏ m
árásinni	a uː r a uː s ɪ nː ɪ
áætlunum	a uː a i h t l ʏ n ʏ m
ættingjum	a i h t i ɲ c ʏ m
ílát	iː l a uː t
ímyndað	iː m ɪ n t a ð
öflugasta	œ v l ʏ ɣ a s t a
útflutning	uː t f l ʏ h t n i ŋ k
útskýrt	uː t s c i r̥ t
þjóðleikhússins	θ j o u ð l e iː k h u sː ɪ n s
þrennt	θ r ɛ n̥ t
þýðandi	θ iː ð a n t ɪ
annt	a n̥ t
atburðarás	aː t p ʏ r ð a r a uː s
atvinnulífinu	aː t v ɪ nː ʏ l iː v ɪ n ʏ
auglýst	ø y ɣ l i s t
baby	p aː p ɪ
bandaríkjadala	p a n t a r iː c a t aː l a
beini	p e iː n ɪ
benediktssonar	p ɛː n ɛː t ɪ x t s s ɔː n a r
blái	p l a uː ɪ
bolungarvíkur	p ɔː l u ŋ k a r v iː k ʏ r
bree	p r ɛː
breiðari	p r e iː ð a r ɪ
bretum	p r ɛː t ʏ m
breytilegt	p r e iː t ɪ l ɛ x t
brýr	p r iː r
bíðum	p iː ð ʏ m
bönd	p œ n t
control	kʰ ɔ n̥ t r ɔː l
dante	t a n̥ t ɛ
dauðans	t ø yː ð a n s
dreka	t r ɛː k a
drykkir	t r ɪ h c ɪ r
dularfulla	t ʏː l a r f ʏ t l a
dæmir	t a iː m ɪ r
eilíft	e iː l i f t
einkavæðingu	e i ŋ k a v a iː ð i ŋ k ʏ
endurkomu	ɛ n t ʏ r kʰ ɔː m ʏ
ensk	ɛ n s k
eyjafjarðar	e iː j a f j a r ð a r
fatta	f a h t a
ferlinum	f ɛ r t l ɪː n ʏ m
fi	f ɪː
fjölnir	f j œ l n ɪ r
framboðið	f r a m p ɔː ð ɪ ð
framkvæmdastjórnar	f r a m kʰ v a i m t a s t j o u r t n a r
framkvæmir	f r a m kʰ v a iː m ɪ r
frjálsra	f r j a u l s r a
frægasta	f r a iː ɣ a s t a
fuller	f ʏ t l ɛ r
fullnægjandi	f ʏ t l n a iː j a n t ɪ
fyrirhugað	f ɪː r ɪ r h ʏː ɣ a ð
fætt	f a i h t
föngum	f ø y ŋ k ʏ m
gagnrýnir	k a k n r iː n ɪ r
greinilegt	k r e iː n ɪ l ɛ x t
græns	k r a i n s
grét	k r j ɛː t
gud	k ʏː t
gír	c iː r
heildar	h e i l t a r
hittu	h ɪ h t ʏ
hjólum	ç o uː l ʏ m
hleypti	l̥ e i f t ɪ
hlutföll	l̥ ʏː t f œ t l
hringnum	r̥ i ŋ k n ʏ m
húsnæðið	h uː s n a iː ð ɪ ð
húss	h u sː
innsta	ɪ n s t a
june	j ʏː n ɛ
júlía	j uː l iː j a
kaffibolla	kʰ a fː ɪ p ɔ t l a
kassanum	kʰ a sː a n ʏ m
kerfum	cʰ ɛ r v ʏ m
keyptir	cʰ e i f t ɪ r
kostað	kʰ ɔ s t a ð
kristinni	kʰ r ɪ s t ɪ nː ɪ
kærar	cʰ a iː r a r
landamærunum	l a n t a m a iː r ʏ n ʏ m
leikirnir	l e iː c ɪ r t n ɪ r
leikskóla	l e iː k s k o uː l a
leikum	l e iː k ʏ m
leitin	l e iː t ɪ n
lesendur	l ɛː s ɛ n t ʏ r
leynist	l e iː n ɪ s t
læsa	l a iː s a
lýtur	l iː t ʏ r
mannlega	m a nː l ɛː ɣ a
mannvirkja	m a nː v ɪ r̥ c a
megið	m e iː j ɪ ð
mikilvægasti	m ɪː c ɪ l v a iː ɣ a s t ɪ
misjöfn	m ɪː s j œ p n
miðlar	m ɪ ð l a r
montgomery	m ɔ n̥ t k ɔː m ɛː r ɪ
mosfellsbæjar	m ɔː s f ɛ t l s p a iː j a r
nánustu	n a uː n ʏ s t ʏ
náttúrulegu	n a u h t uː r ʏ l ɛː ɣ ʏ
orkuna	ɔ r̥ k ʏ n a
porto	pʰ ɔ r̥ t ɔ
prests	pʰ r ɛ s t s
reisti	r e i s t ɪ
ritinu	r ɪː t ɪ n ʏ
ríkissjóði	r iː c ɪ s s j o uː ð ɪ
rússum	r u sː ʏ m
safa	s aː v a
sakaður	s aː k a ð ʏ r
seríu	s ɛː r i j ʏ
sjálandi	s j a uː l a n t ɪ
sjúkdómi	s j uː k t o uː m ɪ
skýringu	s c iː r i ŋ k ʏ
sleppi	s t l ɛ h p ɪ
snúi	s t n uː ɪ
staðsettir	s t a ð s ɛ h t ɪ r
stjórnir	s t j o u r t n ɪ r
studdu	s t ʏ tː ʏ
stundaðar	s t ʏ n t aː ð a r
styðjast	s t ɪ ð j a s t
sættir	s a i h t ɪ r
sífellu	s iː f ɛ t l ʏ
sýningarinnar	s iː n i ŋ k a r ɪ nː a r
telji	tʰ ɛ l j ɪ
timbri	tʰ ɪ m p r ɪ
tvöfaldur	tʰ v œː v a l t ʏ r
tæknin	tʰ a i h k n ɪ n
töskur	tʰ œ s k ʏ r
umbótum	ʏ m p o uː t ʏ m
vegabréf	v ɛː ɣ a p r j ɛː v
veitum	v e iː t ʏ m
verðbréf	v ɛ r ð p r j ɛː v
vopni	v ɔ h p n ɪ
vísitölu	v iː s ɪ tʰ œː l ʏ
völl	v œ t l
wars	v a r̥ s
ásgeirs	a uː s c e i r̥ s
ástarsambandi	a u s t a r s a m p a n t ɪ
áætla	a uː a i h t l a
óla	o uː l a
úrelt	uː r ɛ l̥ t
þurru	θ ʏ rː ʏ
alvörunni	a l v œː r ʏ nː ɪ
angela	a u ŋ c ɛː l a
annarsvegar	a nː a r s v ɛː ɣ a r
armstrong	a r m s t r o u ŋ k
athöfnum	aː t h œ p n ʏ m
aukinna	ø yː c ɪ nː a
aðliggjandi	a ð l ɪ cː a n t ɪ
aðstandendur	a ð s t a n t ɛ n t ʏ r
beindi	p e i n t ɪ
beinir	p e iː n ɪ r
bjuggum	p j ʏ kː ʏ m
bna	p n aː
bo	p ɔː
borgi	p ɔ r c ɪ
breski	p r ɛ s c ɪ
breytingarnar	p r e iː t i ŋ k a r t n a r
bubba	p ʏ pː a
buxurnar	p ʏ x s ʏ r t n a r
duncan	t u ŋ̊ k a n
dvaldist	t v a l t ɪ s t
dómar	t o uː m a r
dót	t o uː t
eilítið	e iː l iː t ɪ ð
einróma	e i n r o uː m a
evan	ɛː v a n
fagurt	f aː ɣ ʏ r̥ t
fimmtu	f ɪ m̥ t ʏ
fiskveiða	f ɪ s k v e iː ð a
fjármunum	f j a u r m ʏː n ʏ m
flokkað	f l ɔ h k a ð
flottan	f l ɔ h t a n
framhaldsnámi	f r a m h a l t s n a uː m ɪ
framkalla	f r a m kʰ a t l a
framsetning	f r a m s ɛ h t n i ŋ k
frest	f r ɛ s t
fylkis	f ɪ l̥ c ɪ s
fækka	f a i h k a
færðist	f a i r ð ɪ s t
fæðingar	f a iː ð i ŋ k a r
gildistöku	c ɪ l t ɪ s t œː k ʏ
gilti	c ɪ l̥ t ɪ
gissur	c ɪ sː ʏ r
gleymum	k l e iː m ʏ m
gróa	k r o uː a
grófum	k r o uː v ʏ m
gufu	k ʏː v ʏ
hafnir	h a p n ɪ r
handhafi	h a n t h aː v ɪ
hangandi	h a u ŋ k a n t ɪ
heidelberg	h e iː t ɛ l p ɛ r k
heilli	h e i t l ɪ
hindrar	h ɪ n t r a r
hreyfingum	r̥ e iː v i ŋ k ʏ m
hálendinu	h a uː l ɛ n t ɪː n ʏ
hæfileikum	h a iː v ɪ l e iː k ʏ m
hétu	ç ɛː t ʏ
innleiðingu	ɪ nː l e iː ð i ŋ k ʏ
innlenda	ɪ nː l ɛ n t a
jaðri	j a ð r ɪ
járni	j a u r t n ɪ
jólatré	j o uː l a tʰ r j ɛː
karlmanna	kʰ a r t l m a nː a
kjallaranum	cʰ a t l a r aː n ʏ m
klúbbsins	kʰ l u pː s ɪ n s
konungar	kʰ ɔː n u ŋ k a r
korti	kʰ ɔ r̥ t ɪ
kostnaðar	kʰ ɔ s t n aː ð a r
kristinnar	kʰ r ɪ s t ɪ nː a r
kynntar	cʰ ɪ n̥ t a r
kínverja	cʰ i n v ɛ r j a
landnám	l a n t n a uː m
laugardalshöll	l ø yː ɣ a r t a l s h œ t l
líkamleg	l iː kʰ a m l ɛː ɣ
líkast	l iː kʰ a s t
madeline	m aː t ɛː l ɪː n ɛ
mandela	m a n t ɛː l a
mannvirkjum	m a nː v ɪ r̥ c ʏ m
mola	m ɔː l a
málningu	m a u l n i ŋ k ʏ
mótast	m o uː tʰ a s t
mönnunum	m œ nː ʏ n ʏ m
norðaustan	n ɔ r ð ø y s t a n
nást	n a u s t
nóttunni	n o u h t ʏ nː ɪ
númerið	n uː m ɛː r ɪ ð
olís	ɔː l iː s
paulo	pʰ ø yː l ɔ
prófessors	pʰ r o uː f ɛ sː ɔ r̥ s
punktar	pʰ u ŋ̊ k t a r
pálma	pʰ a u l m a
pásu	pʰ a uː s ʏ
raufarhöfn	r ø yː v a r h œ p n
raunveruleika	r ø y n v ɛː r ʏ l e iː k a
reif	r e iː v
reistur	r e i s t ʏ r
rithöfundurinn	r ɪː t h œː v ʏ n t ʏ r ɪ nː
rjóma	r j o uː m a
ræðum	r a iː ð ʏ m
réttlæta	r j ɛ h t l a iː t a
ríkisútvarpinu	r iː c ɪ s uː t v a r̥ p ɪː n ʏ
samgöngum	s a m k ø y ŋ k ʏ m
skoðana	s k ɔː ð a n a
skrefi	s k r ɛː v ɪ
skólagöngu	s k o uː l a k ø y ŋ k ʏ
sleppir	s t l ɛ h p ɪ r
smákökur	s m a uː kʰ œː k ʏ r
staðsetja	s t a ð s ɛː t j a
stjórnarskráin	s t j o u r t n a r s k r a uː ɪ n
stoð	s t ɔː ð
stytt	s t ɪ h t
stúlkna	s t u l̥ k n a
sumu	s ʏː m ʏ
sundlaugar	s ʏ n t l ø yː ɣ a r
sverði	s v ɛ r ð ɪ
svokallaðar	s v ɔː k a t l aː ð a r
sælir	s a iː l ɪ r
sætar	s a iː t a r
söguleg	s œː ɣ ʏ l ɛː ɣ
sönglög	s ø y ŋ k l œː ɣ
söngvara	s ø y ŋ k v aː r a
titlinum	tʰ ɪ h t l ɪ n ʏ m
toppnum	tʰ ɔ h p n ʏ m
trúfélög	tʰ r uː f j ɛː l œː ɣ
tösku	tʰ œ s k ʏ
upplýst	ʏ h p l i s t
upptökum	ʏ h p tʰ œː k ʏ m
valgeir	v a l c e iː r
vanlíðan	v a n l iː ð a n
viljandi	v ɪ l j a n t ɪ
vindurinn	v ɪ n t ʏ r ɪ nː
viðey	v ɪː ð ɛ i̯
vænti	v a i n̥ t ɪ
vélarnar	v j ɛː l a r t n a r
vígð	v i ɣ ð
ákveðinna	a uː kʰ v ɛː ð ɪ nː a
ófær	o uː f a iː r
ólafsdóttur	o uː l a v s t o u h t ʏ r
ólögleg	o uː l œ ɣ l ɛː ɣ
öldina	œ l t ɪ n a
acer	aː s ɛː r
akranes	aː k r a n ɛː s
algengara	a l c e i ŋ k aː r a
almenningssamgöngur	a l m ɛ nː i ŋ k s a m k ø y ŋ k ʏ r
alvarlegri	a l v a r l ɛ ɣ r ɪ
andstætt	a n t s t a i h t
annaðist	a nː a ð ɪ s t
auðar	ø yː ð a r
auðið	ø yː ð ɪ ð
berglind	p ɛ r k l ɪ n t
blómin	p l o uː m ɪ n
bringu	p r i ŋ k ʏ
byssur	p ɪ sː ʏ r
bæjarbúar	p a iː j a r p uː a r
calvin	kʰ a l v ɪː n
carmen	kʰ a r m ɛː n
color	kʰ ɔː l ɔ r
dansað	t a n s aː ð
deildu	t e i l t ʏ
dillon	t ɪ t l ɔ n
doug	t ø yː ɣ
easy	ɛː s ɪ
efnahagslegum	ɛ p n a h a x s l ɛː ɣ ʏ m
efstur	ɛ f s t ʏ r
eigendum	e iː j ɛ n t ʏ m
einkar	e i ŋ̊ k a r
end	ɛ n t
endað	ɛ n t a ð
endurreisa	ɛ n t ʏ r r e iː s a
endurtekin	ɛ n t ʏ r tʰ ɛː c ɪ n
evru	ɛ v r ʏ
finnið	f ɪ nː ɪ ð
fjölbreytileika	f j œ l p r e iː t ɪ l e iː k a
fjölmarga	f j œ l m a r k a
fjölskyldum	f j œ l s c ɪ l t ʏ m
fleti	f l ɛː t ɪ
flóknar	f l o u h k n a r
formlegum	f ɔ r m l ɛː ɣ ʏ m
framtíðina	f r a m tʰ iː ð ɪ n a
freddie	f r ɛ tː ɪ
fuglalíf	f ʏ k l a l iː v
fuglarnir	f ʏ k l a r t n ɪ r
fyrirlestrar	f ɪː r ɪ r l ɛ s t r a r
fæðst	f a i ð s t
games	k aː m ɛː s
garða	k a r ð a
genginn	c e i ɲ c ɪ n
gersamlega	c ɛ r̥ s a m l ɛː ɣ a
gerða	c ɛ r ð a
gin	c ɪː n
gjaldmiðil	c a l t m ɪː ð ɪ l
greinarnar	k r e iː n a r t n a r
grikkja	k r ɪ h c a
grundvöll	k r ʏ n t v œ t l
gróðurhúsalofttegunda	k r o uː ð ʏ r h uː s a l ɔ f t tʰ ɛː ɣ ʏ n t a
gylfason	c ɪ l v a s ɔː n
hamingjusöm	h aː m i ɲ c ʏ s œː m
hittist	h ɪ h t ɪ s t
huld	h ʏ l t
hverfum	kʰ v ɛ r v ʏ m
hámarka	h a uː m a r̥ k a
hæg	h a iː ɣ
höfund	h œː v ʏ n t
innihélt	ɪ nː ɪ h j ɛ l̥ t
iðka	ɪ ð k a
jafns	j a p n s
jo	j ɔː
kenni	cʰ ɛ nː ɪ
ketti	cʰ ɛ h t ɪ
klárar	kʰ l a uː r a r
kristinsdóttir	kʰ r ɪ s t ɪ n s t o u h t ɪ r
krónunnar	kʰ r o uː n ʏ nː a r
ku	kʰ ʏː
kunnugt	kʰ ʏ nː ʏ x t
landlæknis	l a n t l a i h k n ɪ s
lausan	l ø yː s a n
lausnar	l ø y s t n a r
leikkonan	l e i h k ɔː n a n
leyfð	l e i v ð
listahátíð	l ɪ s t a h a uː tʰ iː ð
lofts	l ɔ f t s
lykil	l ɪː c ɪ l
mannlíf	m a nː l iː v
markús	m a r̥ k uː s
meistaraflokks	m e i s t a r a f l ɔ h k s
mel	m ɛː l
melissa	m ɛː l ɪ sː a
mi	m ɪː
miðbænum	m ɪ ð p a iː n ʏ m
miðsvæðis	m ɪ ð s v a iː ð ɪ s
myndavélin	m ɪ n t a v j ɛː l ɪ n
mæður	m a iː ð ʏ r
möguleikar	m œː ɣ ʏ l e iː k a r
neti	n ɛː t ɪ
network	n ɛː t v ɔ r̥ k
om	ɔː m
opnir	ɔ h p n ɪ r
orðrétt	ɔ r ð r j ɛ h t
ost	ɔ s t
panama	pʰ aː n a m a
penny	pʰ ɛ nː ɪ
project	pʰ r ɔ j ɛ x t
prófaðu	pʰ r o uː v aː ð ʏ
rakið	r aː c ɪ ð
regluleg	r ɛ k l ʏ l ɛː ɣ
reknir	r ɛ h k n ɪ r
reyk	r e iː k
reykjanes	r e iː c a n ɛː s
ríkissjóður	r iː c ɪ s s j o uː ð ʏ r
sagna	s a k n a
samgönguráðherra	s a m k ø y ŋ k ʏ r a uː ð h ɛ rː a
samræma	s a m r a iː m a
sigurjóns	s ɪː ɣ ʏ r j o u n s
sitjum	s ɪː t j ʏ m
sjálfra	s j a u l v r a
sjónvarps	s j o u n v a r̥ p s
skaðabætur	s k aː ð a p a iː t ʏ r
skilvirkni	s c ɪ l v ɪ r̥ k n ɪ
skít	s c iː t
skógar	s k o uː a r
skógræktar	s k o uː k r a i x t a r
smáatriði	s m a uː a tʰ r ɪː ð ɪ
sovétmenn	s ɔː v j ɛː t m ɛ nː
soðið	s ɔː ð ɪ ð
spörtu	s p œ r̥ t ʏ
staðsetningar	s t a ð s ɛ h t n i ŋ k a r
stelpum	s t ɛ l̥ p ʏ m
stjórnarmaður	s t j o u r t n a r m aː ð ʏ r
stofnendum	s t ɔ p n ɛ n t ʏ m
stoltir	s t ɔ l̥ t ɪ r
strong	s t r o u ŋ k
svein	s v e iː n
sveita	s v e iː t a
svipaðri	s v ɪː p a ð r ɪ
sálina	s a uː l ɪː n a
sérhæft	s j ɛː r h a i f t
sóttur	s o u h t ʏ r
takmörkunum	tʰ aː k m œ r̥ k ʏ n ʏ m
takti	tʰ a x t ɪ
tenglar	tʰ e i ŋ l a r
trommur	tʰ r ɔ mː ʏ r
tékklandi	tʰ j ɛ h k l a n t ɪ
tíðir	tʰ iː ð ɪ r
tókust	tʰ o uː k ʏ s t
tónlistarskóla	tʰ o u n l ɪ s t a r s k o uː l a
tök	tʰ œː k
töluna	tʰ œː l ʏ n a
upplýsingarnar	ʏ h p l iː s i ŋ k a r t n a r
vannst	v a n s t
varanleg	v aː r a n l ɛː ɣ
vegagerðin	v ɛː ɣ a c ɛ r ð ɪ n
veitingastaðir	v e iː t i ŋ k a s t aː ð ɪ r
venjulegan	v ɛ n j ʏ l ɛː ɣ a n
vernon	v ɛ r t n ɔː n
verulegu	v ɛː r ʏ l ɛː ɣ ʏ
vinsælu	v ɪ n s a iː l ʏ
virkið	v ɪ r̥ c ɪ ð
virtur	v ɪ r̥ t ʏ r
viðkvæmt	v ɪ ð kʰ v a i m̥ t
vondu	v ɔ n t ʏ
vísindin	v iː s ɪ n t ɪ n
vötn	v œ h t n
vöxtum	v œ k s t ʏ m
yfirgnæfandi	ɪː v ɪ r k n a iː v a n t ɪ
yngsti	i ŋ k s t ɪ
áliti	a uː l ɪː t ɪ
ástu	a u s t ʏ
æru	a iː r ʏ
ætlaðir	a i h t l aː ð ɪ r
ættuð	a i h t ʏ ð
óvissu	o uː v ɪ sː ʏ
úrskurður	u r̥ s k ʏ r ð ʏ r
útflutnings	uː t f l ʏ h t n i ŋ k s
útskýrði	uː t s c i r ð ɪ
þekktra	θ ɛ h k t r a
þinna	θ ɪ nː a
þykist	θ ɪː c ɪ s t
þýdd	θ i tː
abc	a p s
afgreiðslu	a v k r e i ð s t l ʏ
afmörkuð	a v m œ r̥ k ʏ ð
afurð	aː v ʏ r ð
aldirnar	a l t ɪ r t n a r
almennan	a l m ɛ nː a n
als	a l s
auðlindum	ø y ð l ɪ n t ʏ m
bankastjóri	p a u ŋ̊ k a s t j o uː r ɪ
breiðum	p r e iː ð ʏ m
brekku	p r ɛ h k ʏ
but	p ʏː t
bága	p a uː a
bönkum	p ø y ŋ̊ k ʏ m
búsettir	p uː s ɛ h t ɪ r
desmond	t ɛː s m ɔ n t
drekkur	t r ɛ h k ʏ r
einstakar	e i n s t aː k a r
elena	ɛː l ɛː n a
elskaði	ɛ l s k aː ð ɪ
engri	e i ŋ k r ɪ
ferðina	f ɛ r ð ɪ n a
festir	f ɛ s t ɪ r
finnar	f ɪ nː a r
fjórðungi	f j o u r ð u ɲ c ɪ
flatt	f l a h t
flottu	f l ɔ h t ʏ
foreldrarnir	f ɔː r ɛ l t r a r t n ɪ r
frambjóðenda	f r a m p j o uː ð ɛ n t a
framleiddur	f r a m l e i tː ʏ r
frásögnum	f r a uː s œ k n ʏ m
fréttablaðsins	f r j ɛ h t a p l a ð s ɪ n s
fréttina	f r j ɛ h t ɪ n a
fróða	f r o uː ð a
fullkomnu	f ʏ t l̥ kʰ ɔ m n ʏ
fylkir	f ɪ l̥ c ɪ r
fáeinar	f a uː e iː n a r
fínar	f iː n a r
fötlun	f œ h t l ʏ n
garðabær	k a r ð a p a iː r
general	c ɛː n ɛː r aː l
gibbs	c ɪ p s
glugganum	k l ʏ kː a n ʏ m
gullfoss	k ʏ t l f ɔ sː
gólfinu	k o u l v ɪː n ʏ
hafstein	h a v s t e iː n
handleiðslu	h a n t l e i ð s t l ʏ
haraldsdóttir	h aː r a l t s t o u h t ɪ r
harðari	h a r ð a r ɪ
has	h aː s
heillar	h e i t l a r
heilögu	h e iː l œː ɣ ʏ
hellu	h ɛ t l ʏ
helmingurinn	h ɛ l m i ŋ k ʏ r ɪ nː
heppnast	h ɛ h p n a s t
hjörvar	ç œ r v a r
hreinni	r̥ e i t n ɪ
hugsaði	h ʏ x s aː ð ɪ
hári	h a uː r ɪ
hásæti	h a uː s a iː t ɪ
héraðsdómi	ç ɛː r a ð s t o uː m ɪ
höttur	h œ h t ʏ r
keisara	cʰ e iː s aː r a
kenndar	cʰ ɛ n t a r
klassískum	kʰ l a sː i s k ʏ m
kveikti	kʰ v e i x t ɪ
kynnum	cʰ ɪ nː ʏ m
lagalega	l aː ɣ a l ɛː ɣ a
landspítalans	l a n t s p iː tʰ a l a n s
lauslega	l ø yː s l ɛː ɣ a
leikjunum	l e iː c ʏ n ʏ m
lækkun	l a i h k ʏ n
lærðu	l a i r ð ʏ
léttum	l j ɛ h t ʏ m
lögfræðinga	l œ ɣ f r a iː ð i ŋ k a
löglegt	l œ ɣ l ɛ x t
maggie	m a cː ɪ
mba	m p aː
miranda	m ɪː r a n t a
miðuð	m ɪː ð ʏ ð
moses	m ɔː s ɛː s
moss	m ɔ sː
mættum	m a i h t ʏ m
möguleikann	m œː ɣ ʏ l e iː kʰ a nː
niðurstöðurnar	n ɪː ð ʏ r s t œː ð ʏ r t n a r
námsefni	n a u m s ɛ p n ɪ
náðum	n a uː ð ʏ m
nægt	n a i x t
nígeríu	n iː c ɛː r i j ʏ
ofninum	ɔ p n ɪ n ʏ m
people	pʰ ɛː ɔ h p l ɛ
rannsóknarstofu	r a nː s o u h k n a r s t ɔː v ʏ
raunverulegu	r ø y n v ɛː r ʏ l ɛː ɣ ʏ
rex	r ɛ k s
rusli	r ʏ s t l ɪ
ráðs	r a u ð s
ráðstefnan	r a u ð s t ɛ p n a n
ríkisvaldið	r iː c ɪ s v a l t ɪ ð
röðun	r œː ð ʏ n
sagnir	s a k n ɪ r
samningaviðræður	s a m n i ŋ k a v ɪ ð r a iː ð ʏ r
skjala	s c aː l a
skrefum	s k r ɛː v ʏ m
skyld	s c ɪ l t
spanna	s p a nː a
stefnunnar	s t ɛ p n ʏ nː a r
sterkan	s t ɛ r̥ k a n
stjórnmálamönnum	s t j o u r t n m a uː l a m œ nː ʏ m
straumsvík	s t r ø y m s v iː k
stéttarfélag	s t j ɛ h t a r f j ɛː l aː ɣ
sveiflur	s v e i p l ʏ r
sólarhringinn	s o uː l a r r̥ i ɲ c ɪ n
sýninga	s iː n i ŋ k a
takmörkun	tʰ aː k m œ r̥ k ʏ n
taks	tʰ a k s
text	tʰ ɛ k s t
torgi	tʰ ɔ r c ɪ
töfrandi	tʰ œ v r a n t ɪ
veika	v e iː k a
veikir	v e iː c ɪ r
veiran	v e iː r a n
verðlaunum	v ɛ r ð l ø yː n ʏ m
vesturlanda	v ɛ s t ʏ r l a n t a
villur	v ɪ t l ʏ r
vind	v ɪ n t
virðing	v ɪ r ð i ŋ k
viðurkenndur	v ɪː ð ʏ r cʰ ɛ n t ʏ r
vopnin	v ɔ h p n ɪ n
áhyggjuefni	a uː h ɪ cː ʏ ɛ p n ɪ
ævinlega	a iː v ɪ n l ɛː ɣ a
æðsti	a i ð s t ɪ
óvenjuleg	o uː v ɛ n j ʏ l ɛː ɣ
úrvinnslu	u r v ɪ n s t l ʏ
úthlutun	uː t l̥ ʏː t ʏ n
þung	θ u ŋ k
þétta	θ j ɛ h t a
þórhildur	θ o uː r h ɪ l t ʏ r
afkomu	a v kʰ ɔː m ʏ
alexis	aː l ɛ k s ɪ s
almennrar	a l m ɛ nː r a r
alvarlegar	a l v a r l ɛː ɣ a r
arf	a r v
arnardóttir	a r t n a r t o u h t ɪ r
atvinnulífi	aː t v ɪ nː ʏ l iː v ɪ
aðskilin	a ð s c ɪː l ɪ n
aðstæðna	a ð s t a i ð n a
baldurs	p a l t ʏ r̥ s
burke	p ʏ r̥ c ɛ
búseta	p uː s ɛː t a
dagarnir	t aː ɣ a r t n ɪ r
deep	t ɛː p
det	t ɛː t
donna	t ɔ nː a
dublin	t ʏ p l ɪː n
dælt	t a i l̥ t
eiginmanns	e iː j ɪ n m a nː s
fatnað	f a h t n a ð
fengnir	f e i ŋ k n ɪ r
festast	f ɛ s t a s t
fjárlög	f j a uː r l œː ɣ
flóa	f l o uː a
friðhelgi	f r ɪː ð h ɛ l c ɪ
frægir	f r a iː j ɪ r
fræjum	f r a iː j ʏ m
fullyrðingu	f ʏ t l ɪ r ð i ŋ k ʏ
færslu	f a i r̥ s t l ʏ
gengin	c e i ɲ c ɪ n
glitni	k l ɪ h t n ɪ
glæpir	k l a iː p ɪ r
grjót	k r j o uː t
gul	k ʏː l
guðanna	k v ʏː ð a nː a
hamborgara	h a m p ɔ r k aː r a
hannaðar	h a nː a ð a r
happy	h a h p ɪ
har	h aː r
hegðunar	h ɛ ɣ ð ʏ n a r
heilir	h e iː l ɪ r
heiðmörk	h e i ð m œ r̥ k
hjalta	ç a l̥ t a
hjónanna	ç o uː n a nː a
hlakkar	l̥ a h k a r
hlutabréfa	l̥ ʏː t a p r j ɛː v a
hlutabréfum	l̥ ʏː t a p r j ɛː v ʏ m
hlutafélag	l̥ ʏː t a f j ɛː l aː ɣ
hníf	n̥ iː v
hringurinn	r̥ i ŋ k ʏ r ɪ nː
hugsanleg	h ʏ x s a n l ɛː ɣ
háskólar	h a uː s k o uː l a r
indónesíu	ɪ n t o uː n ɛː s iː j ʏ
inngang	ɪ n k a u ŋ k
innleiða	ɪ nː l e iː ð a
jakobs	j aː kʰ ɔ p s
just	j ʏ s t
kannaði	kʰ a nː a ð ɪ
kant	kʰ a n̥ t
kastalann	kʰ a s t a l a nː
kettir	cʰ ɛ h t ɪ r
keyrði	cʰ e i r ð ɪ
klifra	kʰ l ɪ v r a
kröftum	kʰ r œ f t ʏ m
kynferðislegu	cʰ ɪ n f ɛ r ð ɪ s l ɛː ɣ ʏ
körfu	kʰ œ r v ʏ
kúbu	kʰ uː p ʏ
landað	l a n t a ð
landsliði	l a n t s t l ɪː ð ɪ
leikfélagi	l e iː k f j ɛː l aː j ɪ
leó	l ɛː o uː
ll	t l
lokast	l ɔː k a s t
losar	l ɔː s a r
lísu	l iː s ʏ
lögmálum	l œ ɣ m a uː l ʏ m
markaðir	m a r̥ k a ð ɪ r
marx	m a r̥ k s
meistaradeildinni	m e i s t a r a t e i l t ɪ nː ɪ
metal	m ɛː tʰ aː l
mynni	m ɪ nː ɪ
mældur	m a i l t ʏ r
mögulegum	m œː ɣ ʏ l ɛː ɣ ʏ m
nefið	n ɛː v ɪ ð
nefni	n ɛ p n ɪ
nina	n ɪː n a
nútímanum	n uː tʰ iː m aː n ʏ m
orðræðu	ɔ r ð r a iː ð ʏ
over	ɔː v ɛ r
peningarnir	pʰ ɛː n i ŋ k a r t n ɪ r
pisa	pʰ ɪː s a
prenti	pʰ r ɛ n̥ t ɪ
prufa	pʰ r ʏː v a
reykvíkinga	r e iː k v iː c i ŋ k a
riddarinn	r ɪ tː a r ɪ nː
ráðgefandi	r a u ð c ɛː v a n t ɪ
ráðherrum	r a uː ð h ɛ rː ʏ m
samtíma	s a m tʰ iː m a
secret	s ɛː k r ɛː t
sigurvegarar	s ɪː ɣ ʏ r v ɛː ɣ a r a r
simone	s ɪː m ɔː n ɛ
skandinavíu	s k a n t ɪ n a v iː j ʏ
skilum	s c ɪː l ʏ m
skriðu	s k r ɪː ð ʏ
skráða	s k r a uː ð a
sleit	s t l e iː t
sluppu	s t l ʏ h p ʏ
sniði	s t n ɪː ð ɪ
snorrason	s t n ɔ rː a s ɔː n
spilla	s p ɪ t l a
stangast	s t a u ŋ k a s t
staðist	s t aː ð ɪ s t
stjórnanda	s t j o u r t n a n t a
styrkleika	s t ɪ r̥ k l e iː k a
styttra	s t ɪ h t r a
systurnar	s ɪ s t ʏ r t n a r
sólu	s o uː l ʏ
sömdu	s œ m t ʏ
sönnunargögn	s œ nː ʏ n a r k œ k n
teiknað	tʰ e i h k n a ð
tilfinningunni	tʰ ɪ l f ɪ nː i ŋ k ʏ nː ɪ
tilvonandi	tʰ ɪ l v ɔː n a n t ɪ
toronto	tʰ ɔː r ɔ n̥ t ɔ
tékka	tʰ j ɛ h k a
umdeild	ʏ m t e i l t
uppnámi	ʏ h p n a uː m ɪ
uppreisnarmenn	ʏ h p r e i s t n a r m ɛ nː
vallarins	v a t l a r ɪ n s
verksmiðjunnar	v ɛ r̥ k s m ɪ ð j ʏ nː a r
versnandi	v ɛ r̥ s t n a n t ɪ
verðlaunanna	v ɛ r ð l ø yː n a nː a
vetrum	v ɛː t r ʏ m
vænst	v a i n s t
vélarinnar	v j ɛː l a r ɪ nː a r
war	v aː r
wendy	v ɛ n t ɪ
word	v ɔ r t
ystu	ɪ s t ʏ
ágrip	a uː k r ɪː p
áttatíu	a u h t a tʰ iː j ʏ
ættingjar	a i h t i ɲ c a r
óskir	o u s c ɪ r
öðlaðist	œ ð l a ð ɪ s t
útivistarsvæði	uː t ɪ v ɪ s t a r s v a iː ð ɪ
þakkir	θ a h c ɪ r
þat	θ aː t
þekktastur	θ ɛ h k tʰ a s t ʏ r
þjóðvegi	θ j o u ð v e iː j ɪ
þorra	θ ɔ rː a
þýsk	θ i s k
abby	a pː ɪ
afmælið	a v m a iː l ɪ ð
alvin	a l v ɪː n
aumingja	ø yː m i ɲ c a
berjum	p ɛ r j ʏ m
blautt	p l ø y h t
brúa	p r uː a
bílarnir	p iː l a r t n ɪ r
bílastæði	p iː l a s t a iː ð ɪ
chili	cʰ ɪː l ɪ
dagblöðum	t a ɣ p l œː ð ʏ m
dómkirkjunni	t o u m cʰ ɪ r̥ c ʏ nː ɪ
eistlandi	e i s t l a n t ɪ
elti	ɛ l̥ t ɪ
endanleg	ɛ n t a n l ɛː ɣ
evrópsk	ɛ v r o u p s k
fjölbrautaskóla	f j œ l p r ø yː t a s k o uː l a
flestu	f l ɛ s t ʏ
flæðir	f l a iː ð ɪ r
frammistaða	f r a mː ɪ s t aː ð a
friðlýst	f r ɪ ð l i s t
fróðleikur	f r o u ð l e iː k ʏ r
frönsk	f r œ n s k
fullar	f ʏ t l a r
fullvalda	f ʏ t l v a l t a
fáanleg	f a uː a n l ɛː ɣ
gilt	c ɪ l̥ t
gjöra	c œː r a
gluggum	k l ʏ kː ʏ m
greinst	k r e i n s t
gróflega	k r o uː v l ɛː ɣ a
gíslingu	c i s t l i ŋ k ʏ
hafs	h a f s
hagvöxt	h a ɣ v œ k s t
hal	h aː l
haraldi	h aː r a l t ɪ
hauks	h ø y k s
heimilið	h e iː m ɪ l ɪː ð
helgadóttur	h ɛ l k a t o u h t ʏ r
hi	h ɪː
hrygg	r̥ ɪ kː
hvata	kʰ v aː t a
hápunktur	h a uː pʰ u ŋ̊ k t ʏ r
högni	h œ k n ɪ
inu	ɪː n ʏ
jazz	j a t s
kannabis	kʰ a nː a p ɪː s
keisarans	cʰ e iː s a r a n s
ki	cʰ ɪː
klippingu	kʰ l ɪ h p i ŋ k ʏ
kljást	kʰ l j a u s t
klæddur	kʰ l a i tː ʏ r
korter	kʰ ɔ r̥ t ɛ r
krónum	kʰ r o uː n ʏ m
kveiktu	kʰ v e i x t ʏ
kvöldinu	kʰ v œ l t ɪ n ʏ
kvölds	kʰ v œ l t s
kynlífi	cʰ ɪ n l iː v ɪ
kynntu	cʰ ɪ n̥ t ʏ
kynslóðar	cʰ ɪ n s t l o uː ð a r
lesenda	l ɛː s ɛ n t a
ljóss	l j o u sː
loðnu	l ɔ ð n ʏ
luigi	l ʏ iː j ɪ
lyklar	l ɪ h k l a r
lánum	l a uː n ʏ m
lægi	l a iː j ɪ
lífrænt	l iː v r a i n̥ t
lífsgæði	l i v s c a iː ð ɪ
líkari	l iː k a r ɪ
löggiltur	l œ cː ɪ l̥ t ʏ r
lögmanns	l œ ɣ m a nː s
mamman	m a mː a n
manning	m a nː i ŋ k
meiðsla	m e i ð s t l a
metallica	m ɛː tʰ a t l ɪː k a
meðlima	m ɛ ð l ɪː m a
nanna	n a nː a
norðurlöndin	n ɔ r ð ʏ r l œ n t ɪ n
náunga	n a uː u ŋ k a
percy	pʰ ɛ r̥ s ɪ
persónurnar	pʰ ɛ r̥ s o uː n ʏ r t n a r
prósentum	pʰ r o uː s ɛ n̥ t ʏ m
pönnukökur	pʰ œ nː ʏ kʰ œː k ʏ r
reki	r ɛː c ɪ
restin	r ɛ s t ɪ n
reykingar	r e iː c i ŋ k a r
rolling	r ɔ t l i ŋ k
ráðstefnunnar	r a u ð s t ɛ p n ʏ nː a r
ræktunar	r a i x t ʏ n a r
rósu	r o uː s ʏ
rúman	r uː m a n
samanstóð	s aː m a n s t o uː ð
sameining	s aː m e iː n i ŋ k
sendiráðið	s ɛ n t ɪ r a uː ð ɪ ð
sjálfrar	s j a u l v r a r
sjónarhóli	s j o uː n a r h o uː l ɪ
sjónvarpsins	s j o u n v a r̥ p s ɪ n s
skipulagðar	s c ɪː p ʏ l a ɣ ð a r
skipulögðu	s c ɪː p ʏ l œ ɣ ð ʏ
skjótt	s c o u h t
skynjar	s c ɪ n j a r
spratt	s p r a h t
stefnumál	s t ɛ p n ʏ m a uː l
steikt	s t e i x t
sterklega	s t ɛ r̥ k l ɛː ɣ a
stoppar	s t ɔ h p a r
streymir	s t r e iː m ɪ r
sturlu	s t ʏ r t l ʏ
stuðningsmanna	s t ʏ ð n i ŋ k s m a nː a
sunna	s ʏ nː a
sveppi	s v ɛ h p ɪ
sættu	s a i h t ʏ
símans	s iː m a n s
söngkonan	s ø y ŋ k kʰ ɔː n a n
tilfinningalega	tʰ ɪ l f ɪ nː i ŋ k a l ɛː ɣ a
tilfinninguna	tʰ ɪ l f ɪ nː i ŋ k ʏː n a
tjöldin	tʰ j œ l t ɪ n
tott	tʰ ɔ h t
veri	v ɛː r ɪ
verðgildi	v ɛ r ð c ɪ l t ɪ
viðmót	v ɪ ð m o uː t
viðskiptin	v ɪ ð s c ɪ f t ɪ n
víkinga	v iː c i ŋ k a
víni	v iː n ɪ
vísindalegum	v iː s ɪ n t a l ɛː ɣ ʏ m
yfirburði	ɪː v ɪ r p ʏ r ð ɪ
ábyrgist	a uː p ɪ r c ɪ s t
átak	a uː tʰ aː k
áætlunarinnar	a uː a i h t l ʏ n a r ɪ nː a r
æfingum	a iː v i ŋ k ʏ m
ævintýrið	a iː v ɪ n tʰ iː r ɪ ð
ítarlegri	iː tʰ a r l ɛ ɣ r ɪ
óvissa	o uː v ɪ sː a
ökumenn	œː k ʏ m ɛ nː
örvandi	œ r v a n t ɪ
þuríði	θ ʏː r iː ð ɪ
þórði	θ o u r ð ɪ
alva	a l v a
austurhluta	ø y s t ʏ r l̥ ʏː t a
aðhyllast	aː ð h ɪ t l a s t
aþenu	aː θ ɛː n ʏ
beinin	p e iː n ɪ n
bleika	p l e iː k a
bleiku	p l e iː k ʏ
borgaranna	p ɔ r k a r a nː a
boyd	p ɔ iː t
búninga	p uː n i ŋ k a
búðardal	p uː ð a r t aː l
dauð	t ø yː ð
demókrata	t ɛː m o uː kʰ r aː t a
dragast	t r aː ɣ a s t
einangrað	e iː n a u ŋ k r aː ð
eiríkssonar	e iː r i k s s ɔː n a r
eitri	e iː t r ɪ
erfiðari	ɛ r v ɪː ð a r ɪ
eyðilagt	e iː ð ɪ l a x t
farþegum	f a r θ ɛː ɣ ʏ m
ferðalögum	f ɛ r ð a l œː ɣ ʏ m
flatarmáli	f l aː t a r m a uː l ɪ
frelsun	f r ɛ l s ʏ n
frey	f r e iː
fróði	f r o uː ð ɪ
fulls	f ʏ t l s
fylgjendur	f ɪ l c ɛ n t ʏ r
fyndist	f ɪ n t ɪ s t
félagsfræði	f j ɛː l a x s f r a iː ð ɪ
gavin	k aː v ɪ n
gerry	c ɛ rː ɪ
geymsla	c e i m s t l a
gold	k ɔ l t
gáfum	k a uː v ʏ m
gólfi	k o u l v ɪ
hagstofu	h a x s t ɔː v ʏ
hallgríms	h a t l k r i m s
hannesar	h a nː ɛː s a r
harald	h aː r a l t
hatt	h a h t
heimahúsum	h e iː m a h uː s ʏ m
hellti	h ɛ l̥ t ɪ
heyrst	h e i r̥ s t
hitanum	h ɪː t a n ʏ m
hlutann	l̥ ʏː tʰ a nː
hollt	h ɔ l̥ t
horf	h ɔ r v
hræðilegt	r̥ a iː ð ɪ l ɛ x t
hvorugur	kʰ v ɔː r ʏː ɣ ʏ r
hyggju	h ɪ cː ʏ
hæfileikar	h a iː v ɪ l e iː k a r
höfin	h œː v ɪ n
ill	ɪ t l
japana	j aː pʰ aː n a
josé	j ɔː s j ɛː
joyce	j ɔ iː s ɛ
judy	j ʏː t ɪ
kata	kʰ aː t a
kaþólska	kʰ aː θ o u l s k a
keppenda	cʰ ɛ h p ɛ n t a
klassísk	kʰ l a sː i s k
klær	kʰ l a iː r
krabbameins	kʰ r a pː a m e i n s
kvænast	kʰ v a iː n a s t
leigubíl	l e iː ɣ ʏ p iː l
leyfilegt	l e iː v ɪ l ɛ x t
ljósmyndum	l j o uː s m ɪ n t ʏ m
luku	l ʏː k ʏ
luna	l ʏː n a
líkið	l iː c ɪ ð
lóðrétt	l o u ð r j ɛ h t
mannlegt	m a nː l ɛ x t
margfalt	m a r k f a l̥ t
mb	ɛ m p
meistaragráðu	m e i s t a r a k r a uː ð ʏ
merkileg	m ɛ r̥ c ɪ l ɛː ɣ
nashville	n aː s kʰ v ɪ t l ɛ
neðstu	n ɛ ð s t ʏ
nora	n ɔː r a
nákvæma	n a uː kʰ v a iː m a
næga	n a iː ɣ a
orkugjafa	ɔ r̥ k ʏ c aː v a
orsakast	ɔ r̥ s a kʰ a s t
papa	pʰ aː p a
paula	pʰ ø yː l a
pizzu	pʰ ɪ t s ʏ
pólitískri	pʰ o uː l ɪ tʰ i s k r ɪ
riddarar	r ɪ tː a r a r
ráðstefnum	r a u ð s t ɛ p n ʏ m
réttinum	r j ɛ h t ɪ n ʏ m
rústum	r u s t ʏ m
samböndum	s a m p œ n t ʏ m
samgangna	s a m k a u ŋ k n a
samkomulaginu	s a m kʰ ɔː m ʏ l aː j ɪ n ʏ
samþykkis	s a m θ ɪ h c ɪ s
sjómaður	s j o uː m aː ð ʏ r
sjóðnum	s j o u ð n ʏ m
skoðar	s k ɔː ð a r
skrúfa	s k r uː v a
skárra	s k a u rː a
sparar	s p aː r a r
sprengju	s p r e i ɲ c ʏ
springur	s p r i ŋ k ʏ r
stafað	s t aː v a ð
staðsettar	s t a ð s ɛ h t a r
stjórnarskrána	s t j o u r t n a r s k r a uː n a
stuðningsmönnum	s t ʏ ð n i ŋ k s m œ nː ʏ m
styrktar	s t ɪ r̥ k t a r
stöðvað	s t œ ð v aː ð
sveini	s v e iː n ɪ
sádi	s a uː t ɪ
sérkenni	s j ɛ r̥ cʰ ɛ nː ɪ
síðir	s iː ð ɪ r
síðum	s iː ð ʏ m
sófa	s o uː v a
súðavík	s uː ð a v iː k
sýsla	s i s t l a
tesla	tʰ ɛ s t l a
tilkynnir	tʰ ɪ l cʰ ɪ nː ɪ r
trénu	tʰ r j ɛː n ʏ
tímabilum	tʰ iː m a p ɪː l ʏ m
usb	ʏ s p
veggir	v ɛ cː ɪ r
veljum	v ɛ l j ʏ m
venju	v ɛ n j ʏ
vestrænum	v ɛ s t r a iː n ʏ m
vonin	v ɔː n ɪ n
víðidal	v iː ð ɪ t aː l
yfirráðum	ɪː v ɪ r r a uː ð ʏ m
ábyrg	a uː p ɪ r k
áfalli	a uː f a t l ɪ
áfangi	a uː f a u ɲ c ɪ
ásökunum	a uː s œː k ʏ n ʏ m
óskum	o u s k ʏ m
óspart	o uː s p a r̥ t
útflutningi	uː t f l ʏ h t n i ɲ c ɪ
útfrá	uː t f r a uː
þjóðverjum	θ j o u ð v ɛ r j ʏ m
þættina	θ a i h t ɪ n a
þýski	θ i s c ɪ
þýskum	θ i s k ʏ m
adolf	aː t ɔ l v
afmarkað	a v m a r̥ k a ð
andre	a n t r ɛː
andstaða	a n t s t aː ð a
andstæðingum	a n t s t a iː ð i ŋ k ʏ m
bankarnir	p a u ŋ̊ k a r t n ɪ r
beygt	p e i x t
breskra	p r ɛ s k r a
brosir	p r ɔː s ɪ r
brosti	p r ɔ s t ɪ
buddy	p ʏ tː ɪ
bárðarbungu	p a u r ð a r p u ŋ k ʏ
bóluefni	p o uː l ʏ ɛ p n ɪ
bökkum	p œ h k ʏ m
böðvar	p œ ð v a r
búsett	p uː s ɛ h t
býð	p iː ð
capacent	kʰ aː p a s ɛ n̥ t
claude	kʰ l ø yː t ɛ
cnn	kʰ ɛ nː
diskurinn	t ɪ s k ʏ r ɪ nː
dog	t ɔː ɣ
dæmigerð	t a iː m ɪ c ɛ r ð
dómstólum	t o u m s t o uː l ʏ m
dóu	t o uː ʏ
dökkt	t œ x t
einfaldan	e i n f a l t a n
einfaldri	e i n f a l t r ɪ
eldingu	ɛ l t i ŋ k ʏ
eyjarinnar	e iː j a r ɪ nː a r
fingrum	f i ŋ k r ʏ m
framburði	f r a m p ʏ r ð ɪ
frumum	f r ʏː m ʏ m
fáa	f a uː a
gagnrýnendur	k a k n r iː n ɛ n t ʏ r
geira	c e iː r a
glasi	k l aː s ɪ
gosinu	k ɔː s ɪː n ʏ
grande	k r a n t ɛ
gullna	k ʏ t l n a
hafnarborg	h a p n a r p ɔ r k
hafðar	h a v ð a r
hefi	h ɛː v ɪ
heimsækir	h e i m s a iː c ɪ r
hellisheiði	h ɛ t l ɪ s h e iː ð ɪ
hip	h ɪː p
hluturinn	l̥ ʏː t ʏ r ɪ nː
hlýtt	l̥ i h t
horfnar	h ɔ r p n a r
hrifnir	r̥ ɪ p n ɪ r
human	h ʏː m a n
hvammi	kʰ v a mː ɪ
höfundi	h œː v ʏ n t ɪ
illan	ɪ t l a n
ivan	ɪː v a n
jump	j ʏ m̥ p
karlsdóttir	kʰ a r t l s t o u h t ɪ r
kjörgengi	cʰ œ r c e i ɲ c ɪ
koll	kʰ ɔ t l
kreppan	kʰ r ɛ h p a n
krúnunnar	kʰ r uː n ʏ nː a r
landamæra	l a n t a m a iː r a
leikararnir	l e iː k a r a r t n ɪ r
leitið	l e iː t ɪ ð
leysist	l e iː s ɪ s t
ljósa	l j o uː s a
ljóðin	l j o uː ð ɪ n
lois	l ɔ iː s
lögfræðingar	l œ ɣ f r a iː ð i ŋ k a r
lögðust	l œ ɣ ð ʏ s t
lúðvík	l u ð v iː k
mail	m a iː l
massachusetts	m a sː a x ʏ s ɛ h t s
maxwell	m a x s v ɛ t l
meistaraflokkur	m e i s t a r a f l ɔ h k ʏ r
menntavísindasvið	m ɛ n̥ t a v iː s ɪ n t a s v ɪː ð
málm	m a u l m
mælingum	m a iː l i ŋ k ʏ m
mílna	m i l n a
pólitískur	pʰ o uː l ɪ tʰ i s k ʏ r
rauðan	r ø yː ð a n
refsað	r ɛ f s aː ð
ráðuneytis	r a uː ð ʏ n e iː t ɪ s
rýma	r iː m a
samanburð	s aː m a n p ʏ r ð
sameiginlegur	s aː m e iː j ɪ n l ɛː ɣ ʏ r
sameinar	s aː m e iː n a r
samfleytt	s a m f l e i h t
samráð	s a m r a uː ð
seldist	s ɛ l t ɪ s t
serbíu	s ɛ r p iː j ʏ
setji	s ɛː t j ɪ
sigmund	s ɪ ɣ m ʏ n t
sigvaldi	s ɪ ɣ v a l t ɪ
silicon	s ɪː l ɪ kʰ ɔː n
sjávarútvegur	s j a uː v a r uː t v ɛː ɣ ʏ r
skilgreindur	s c ɪ l k r e i n t ʏ r
skoðaði	s k ɔː ð a ð ɪ
slíks	s t l i k s
slógu	s t l o uː ʏ
sprottið	s p r ɔ h t ɪ ð
spurningarnar	s p ʏ r t n i ŋ k a r t n a r
stjórnenda	s t j o u r t n ɛ n t a
stjórnmálanna	s t j o u r t n m a uː l a nː a
stofuhita	s t ɔː v ʏ h ɪː t a
stól	s t o uː l
sugar	s ʏː ɣ a r
svei	s v e iː
sviptur	s v ɪ f t ʏ r
svokallaður	s v ɔː k a t l aː ð ʏ r
sýnileg	s iː n ɪ l ɛː ɣ
talsverða	tʰ a l s v ɛ r ð a
thelma	tʰ ɛ l m a
tilheyri	tʰ ɪː l h e iː r ɪ
tilvísanir	tʰ ɪ l v iː s aː n ɪ r
tjáði	tʰ j a uː ð ɪ
tvímælalaust	tʰ v iː m a iː l a l ø y s t
tækist	tʰ a iː c ɪ s t
tímasetning	tʰ iː m a s ɛ h t n i ŋ k
uk	ʏː k
varning	v a r t n i ŋ k
vellíðan	v ɛ t l iː ð a n
venjulegar	v ɛ n j ʏ l ɛː ɣ a r
verðir	v ɛ r ð ɪ r
verðmætum	v ɛ r ð m a iː t ʏ m
vinnubrögð	v ɪ nː ʏ p r œ ɣ ð
viðburðum	v ɪ ð p ʏ r ð ʏ m
vísindamönnum	v iː s ɪ n t a m œ nː ʏ m
yfirbragð	ɪː v ɪ r p r a ɣ ð
yfirlýsingar	ɪː v ɪ r l iː s i ŋ k a r
yfirmanni	ɪː v ɪ r m a nː ɪ
ábendingu	a uː p ɛ n t i ŋ k ʏ
ósáttur	o uː s a u h t ʏ r
útfæra	uː t f a iː r a
úthluta	uː t l̥ ʏː t a
þjóðunum	θ j o uː ð ʏ n ʏ m
þorláksson	θ ɔ r l a u k s s ɔː n
þáttarins	θ a u h t a r ɪ n s
þórhallsson	θ o uː r h a t l s s ɔː n
aðferða	a ð f ɛ r ð a
bakgrunnur	p aː k k r ʏ nː ʏ r
baðst	p a ð s t
berin	p ɛː r ɪ n
bindur	p ɪ n t ʏ r
bit	p ɪː t
breytum	p r e iː t ʏ m
brugðust	p r ʏ ɣ ð ʏ s t
búningum	p uː n i ŋ k ʏ m
cassidy	kʰ a sː ɪ t ɪ
drykkju	t r ɪ h c ʏ
dvergar	t v ɛ r k a r
dömur	t œː m ʏ r
edmund	ɛ t m ʏ n t
empire	ɛ m̥ p ɪː r ɛ
englendingar	e i ŋ k l ɛ n t i ŋ k a r
entist	ɛ n̥ t ɪ s t
fatnaður	f a h t n a ð ʏ r
fljótir	f l j o uː t ɪ r
flúði	f l uː ð ɪ
framsóknarflokks	f r a m s o u h k n a r f l ɔ h k s
franz	f r a n s
fremi	f r ɛː m ɪ
frjálsan	f r j a u l s a n
fylgið	f ɪ l c ɪ ð
fylkisins	f ɪ l̥ c ɪ s ɪ n s
fyllast	f ɪ t l a s t
gamalla	k aː m a t l a
gissurarson	c ɪ sː ʏ r a r s ɔː n
grilla	k r ɪ t l a
gulrætur	k ʏ l r a iː t ʏ r
guðbrandur	k v ʏ ð p r a n t ʏ r
hagnýtt	h a k n i h t
heimsmynd	h e i m s m ɪ n t
helgasonar	h ɛ l k a s ɔː n a r
helgin	h ɛ l c ɪ n
hreinar	r̥ e iː n a r
hreyfir	r̥ e iː v ɪ r
hringsins	r̥ i ŋ k s ɪ n s
húsmóðir	h uː s m o uː ð ɪ r
ingimar	i ɲ c ɪ m a r
japönsku	j aː pʰ œ n s k ʏ
júda	j uː t a
katar	kʰ aː t a r
konunga	kʰ ɔː n u ŋ k a
kílómetrar	cʰ iː l o uː m ɛː t r a r
lady	l aː t ɪ
learning	l ɛ a r t n i ŋ k
lestinni	l ɛ s t ɪ nː ɪ
listaverkum	l ɪ s t a v ɛ r̥ k ʏ m
luis	l ʏ iː s
léti	l j ɛː t ɪ
mannavöldum	m a nː a v œ l t ʏ m
mis	m ɪː s
neyðist	n e iː ð ɪ s t
orlando	ɔ r l a n t ɔ
penna	pʰ ɛ nː a
peysu	pʰ e iː s ʏ
prestum	pʰ r ɛ s t ʏ m
pálssonar	pʰ a u l s s ɔː n a r
ra	r aː
ragnheiði	r a k n h e iː ð ɪ
reikningi	r e i h k n i ɲ c ɪ
rúmmál	r u mː a uː l
samanstanda	s aː m a n s t a n t a
sing	s i ŋ k
siði	s ɪː ð ɪ
sjónarsviðið	s j o uː n a r s v ɪː ð ɪ ð
skelfilega	s c ɛ l v ɪ l ɛː ɣ a
skilgreindar	s c ɪ l k r e i n t a r
skjöld	s c œ l t
skoðanakönnunum	s k ɔː ð a n a kʰ œ nː ʏ n ʏ m
skápnum	s k a u h p n ʏ m
slæmum	s t l a iː m ʏ m
smástund	s m a uː s t ʏ n t
spilin	s p ɪː l ɪ n
stjórnmálaflokkar	s t j o u r t n m a uː l a f l ɔ h k a r
stofan	s t ɔː v a n
story	s t ɔː r ɪ
stærðar	s t a i r ð a r
stúdentar	s t uː t ɛ n̥ t a r
synti	s ɪ n̥ t ɪ
sálin	s a uː l ɪ n
thors	tʰ ɔ r̥ s
tilbúna	tʰ ɪ l p uː n a
trúfrelsi	tʰ r uː v r ɛ l s ɪ
tvöföld	tʰ v œː v œ l t
tæpt	tʰ a i f t
túlkað	tʰ u l̥ k a ð
undanúrslitum	ʏ n t a n u r̥ s t l ɪː t ʏ m
undarleg	ʏ n t a r l ɛː ɣ
uppalin	ʏ h p a l ɪː n
varðveist	v a r ð v e i s t
vestfirðir	v ɛ s t f ɪ r ð ɪ r
villi	v ɪ t l ɪ
virtu	v ɪ r̥ t ʏ
vott	v ɔ h t
víkingi	v iː c i ɲ c ɪ
wagner	v a k n ɛ r
water	v aː t ɛ r
wisconsin	v ɪ s k ɔ n s ɪː n
wolf	v ɔ l v
yale	j aː l ɛ
æfir	a iː v ɪ r
æsir	a iː s ɪ r
ætlið	a i h t l ɪː ð
írska	i r̥ s k a
óháður	o uː h a uː ð ʏ r
ýtti	i h t ɪ
þegna	θ ɛ k n a
þjóðminjasafns	θ j o u ð m ɪ n j a s a p n s
þreytt	θ r e i h t
abe	aː p ɛː
akademíunnar	aː k a t ɛː m i j ʏ nː a r
arts	a r̥ t s
atvinnugreinar	aː t v ɪ nː ʏ k r e iː n a r
baldvinsson	p a l t v ɪ n sː ɔː n
beinst	p e i n s t
bikarnum	p ɪː k a r t n ʏ m
bjuggust	p j ʏ kː ʏ s t
blaut	p l ø yː t
brautin	p r ø yː t ɪ n
brjósti	p r j o u s t ɪ
bundnir	p ʏ n t n ɪ r
bylgjunni	p ɪ l c ʏ nː ɪ
bátsins	p a uː t s ɪ n s
bæjarbúa	p a iː j a r p uː a
bókhald	p o uː k h a l t
danskra	t a n s k r a
dregist	t r e iː j ɪ s t
dulnefni	t ʏ l n ɛ p n ɪ
dönum	t œː n ʏ m
eflingu	ɛ p l i ŋ k ʏ
eininga	e iː n i ŋ k a
eið	e iː ð
emmu	ɛ mː ʏ
endurspeglar	ɛ n t ʏ r s p ɛ k l a r
erlu	ɛ r t l ʏ
evrunnar	ɛ v r ʏ nː a r
eyjanna	e iː j a nː a
eyjunum	e iː j ʏ n ʏ m
fasteignir	f a s t e i k n ɪ r
ferða	f ɛ r ð a
fikta	f ɪ x t a
fjölmennasta	f j œ l m ɛ nː a s t a
flota	f l ɔː t a
flóknum	f l o u h k n ʏ m
forsvari	f ɔ r̥ s v aː r ɪ
forum	f ɔː r ʏ m
freddy	f r ɛ tː ɪ
frumflutt	f r ʏ m f l ʏ h t
frávik	f r a uː v ɪː k
fundaði	f ʏ n t aː ð ɪ
færeyjar	f a iː r e iː j a r
föruneyti	f œː r ʏ n e iː t ɪ
geymi	c e iː m ɪ
giltu	c ɪ l̥ t ʏ
glatast	k l aː tʰ a s t
glen	k l ɛː n
greiddra	k r e i tː r a
gulum	k ʏː l ʏ m
guðlaugsson	k v ʏ ð l ø y x s s ɔː n
heimsmeistaramótinu	h e i m s m e i s t a r a m o uː t ɪ n ʏ
hernaði	h ɛ r t n aː ð ɪ
hliðin	l̥ ɪː ð ɪ n
hlíðarenda	l̥ iː ð a r ɛ n t a
hressa	r̥ ɛ sː a
hugsaðu	h ʏ x s aː ð ʏ
hættulega	h a i h t ʏ l ɛː ɣ a
hæðin	h a iː ð ɪ n
illum	ɪ t l ʏ m
iðkun	ɪ ð k ʏ n
jóhanni	j o uː h a nː ɪ
karlakór	kʰ a r t l a kʰ o uː r
kárason	kʰ a uː r a s ɔː n
kærir	cʰ a iː r ɪ r
landhelgisgæslunnar	l a n t h ɛ l c ɪ s c a i s t l ʏ nː a r
lappirnar	l a h p ɪ r t n a r
laugar	l ø yː ɣ a r
leikni	l e i h k n ɪ
lentum	l ɛ n̥ t ʏ m
leynilega	l e iː n ɪ l ɛː ɣ a
lilla	l ɪ t l a
ljóða	l j o uː ð a
lyftir	l ɪ f t ɪ r
maraþon	m aː r a θ ɔː n
margsinnis	m a r k s ɪ nː ɪ s
meginlandi	m e iː j ɪ n l a n t ɪ
merka	m ɛ r̥ k a
myndist	m ɪ n t ɪ s t
nat	n aː t
nákvæmari	n a uː kʰ v a iː m a r ɪ
ollu	ɔ t l ʏ
oswald	ɔː s v a l t
peking	pʰ ɛː c i ŋ k
ragnari	r a k n a r ɪ
reglulegar	r ɛ k l ʏ l ɛː ɣ a r
reglulegum	r ɛ k l ʏ l ɛː ɣ ʏ m
ráðnir	r a u ð n ɪ r
schwartz	s k v a r̥ t s
sendiráð	s ɛ n t ɪ r a uː ð
sigurbjörg	s ɪː ɣ ʏ r p j œ r k
sigurjónsdóttir	s ɪː ɣ ʏ r j o u n s t o u h t ɪ r
sjómílur	s j o uː m iː l ʏ r
skeiði	s c e iː ð ɪ
skýringin	s c iː r i ɲ c ɪ n
slóvakíu	s t l o uː v a cʰ iː j ʏ
stekkur	s t ɛ h k ʏ r
stofnar	s t ɔ p n a r
stoðir	s t ɔː ð ɪ r
ströng	s t r ø y ŋ k
sturluson	s t ʏ r t l ʏ s ɔː n
stuttri	s t ʏ h t r ɪ
styrkjum	s t ɪ r̥ c ʏ m
styðst	s t ɪ ð s t
stærðir	s t a i r ð ɪ r
sumarhús	s ʏː m a r h uː s
svipar	s v ɪː p a r
sættast	s a i h t a s t
sérsveitin	s j ɛ r̥ s v e iː t ɪ n
söru	s œː r ʏ
tilheyrði	tʰ ɪː l h e i r ð ɪ
timbur	tʰ ɪ m p ʏ r
tolla	tʰ ɔ t l a
treystum	tʰ r e i s t ʏ m
truflar	tʰ r ʏ p l a r
type	tʰ ɪː p ɛ
tæka	tʰ a iː k a
tímariti	tʰ iː m a r ɪː t ɪ
töluð	tʰ œː l ʏ ð
tölvunarfræði	tʰ œ l v ʏ n a r f r a iː ð ɪ
umferðir	ʏ m f ɛ r ð ɪ r
umsvifalaust	ʏ m s v ɪː v a l ø y s t
vefi	v ɛː v ɪ
versna	v ɛ r̥ s t n a
vestfirði	v ɛ s t f ɪ r ð ɪ
vigdísi	v ɪ ɣ t iː s ɪ
viljir	v ɪ l j ɪ r
villandi	v ɪ t l a n t ɪ
viðburður	v ɪ ð p ʏ r ð ʏ r
viðskiptavina	v ɪ ð s c ɪ f t a v ɪː n a
viðskiptavinum	v ɪ ð s c ɪ f t a v ɪː n ʏ m
vígslu	v i x s t l ʏ
watch	v a h t x
áherslum	a uː h ɛ r̥ s t l ʏ m
áreitni	a uː r e i h t n ɪ
ódýrt	o uː t i r̥ t
óvinum	o uː v ɪː n ʏ m
öflugum	œ v l ʏː ɣ ʏ m
útivelli	uː t ɪ v ɛ t l ɪ
útvarpið	uː t v a r̥ p ɪː ð
þrífast	θ r iː v a s t
þungum	θ u ŋ k ʏ m
afmarka	a v m a r̥ k a
afrakstur	a v r a k s t ʏ r
apollo	aː pʰ ɔ t l ɔ
arkitektar	a r̥ c ɪ tʰ ɛ x t a r
avenue	aː v ɛː n ʏ ɛː
aðildarríkjum	aː ð ɪ l t a r r iː c ʏ m
björtu	p j œ r̥ t ʏ
bæja	p a iː j a
carlo	kʰ a r t l ɔ
dalur	t aː l ʏ r
doyle	t ɔ iː l ɛ
draumi	t r ø yː m ɪ
dreifist	t r e iː v ɪ s t
dæmigert	t a iː m ɪ c ɛ r̥ t
egil	e iː j ɪ l
einangra	e iː n a u ŋ k r a
einföldu	e i n f œ l t ʏ
einkenndist	e i n cʰ ɛ n t ɪ s t
einmana	e i n m aː n a
evruna	ɛ v r ʏː n a
evrópuráðsins	ɛ v r o uː p ʏ r a u ð s ɪ n s
eðlileg	ɛ ð l ɪ l ɛː ɣ
fagnar	f a k n a r
fegursta	f ɛː ɣ ʏ r̥ s t a
ferris	f ɛ rː ɪ s
flatarmál	f l aː t a r m a uː l
framhaldið	f r a m h a l t ɪ ð
franski	f r a n s c ɪ
fráköst	f r a uː kʰ œ s t
fræðilega	f r a iː ð ɪ l ɛː ɣ a
frúin	f r uː ɪ n
fullorðin	f ʏ t l ɔ r ð ɪ n
fæddir	f a i tː ɪ r
fótfestu	f o uː t f ɛ s t ʏ
gagnleg	k a k n l ɛː ɣ
garðabæjar	k a r ð a p a iː j a r
geim	c e iː m
gildandi	c ɪ l t a n t ɪ
gjöfum	c œː v ʏ m
glös	k l œː s
goða	k ɔː ð a
greiðir	k r e iː ð ɪ r
gríðarlegum	k r iː ð a r l ɛː ɣ ʏ m
grófu	k r o uː v ʏ
góðra	k o u ð r a
hamri	h a m r ɪ
handar	h a n t a r
hauk	h ø yː k
heimsótt	h e i m s o u h t
herbergjum	h ɛ r p ɛ r c ʏ m
herjólfur	h ɛ r j o u l v ʏ r
hjörleifur	ç œ r l e iː v ʏ r
hraðari	r̥ aː ð a r ɪ
hreinan	r̥ e iː n a n
hroka	r̥ ɔː k a
hálsinum	h a u l s ɪː n ʏ m
hótað	h o uː t a ð
isabel	ɪː s a p ɛː l
javascript	j aː v a s k r ɪ f t
jemen	j ɛː m ɛ n
jill	j ɪ t l
johan	j ɔː h a n
kökurnar	kʰ œː k ʏ r t n a r
kötlu	kʰ œ h t l ʏ
kúveit	kʰ uː v e iː t
laugardalsvelli	l ø yː ɣ a r t a l s v ɛ t l ɪ
leyfið	l e iː v ɪ ð
listamannsins	l ɪ s t a m a nː s ɪ n s
lyktin	l ɪ x t ɪ n
lögmanni	l œ ɣ m a nː ɪ
mengi	m e i ɲ c ɪ
myndanna	m ɪ n t a nː a
myndlistarmaður	m ɪ n t l ɪ s t a r m aː ð ʏ r
mælist	m a iː l ɪ s t
nauðgað	n ø y ð k aː ð
njóttu	n j o u h t ʏ
notfæra	n ɔː t f a iː r a
nóa	n o uː a
oil	ɔ iː l
orkan	ɔ r̥ k a n
pirrandi	pʰ ɪ rː a n t ɪ
punkt	pʰ u ŋ̊ k t
quentin	kʰ v ɛ n̥ t ɪ n
reese	r e iː s ɛ
reglulegu	r ɛ k l ʏ l ɛː ɣ ʏ
reiknuð	r e i h k n ʏ ð
ritgerðir	r ɪː t c ɛ r ð ɪ r
rústir	r u s t ɪ r
seljum	s ɛ l j ʏ m
siðum	s ɪː ð ʏ m
sjónvarpsefni	s j o u n v a r̥ p s ɛ p n ɪ
skagafjarðar	s k aː ɣ a f j a r ð a r
skelltu	s c ɛ l̥ t ʏ
skellur	s c ɛ t l ʏ r
skjali	s c aː l ɪ
snake	s t n aː c ɛ
snérist	s t n j ɛː r ɪ s t
spilara	s p ɪː l a r a
spili	s p ɪː l ɪ
spilun	s p ɪː l ʏ n
spjöld	s p j œ l t
sprungur	s p r u ŋ k ʏ r
storm	s t ɔ r m
straumi	s t r ø yː m ɪ
strákum	s t r a uː k ʏ m
studd	s t ʏ tː
stæðu	s t a iː ð ʏ
stórhöfða	s t o uː r h œ v ð a
stöfum	s t œː v ʏ m
su	s ʏː
suðu	s ʏː ð ʏ
suðurgötu	s ʏː ð ʏ r k œː t ʏ
synt	s ɪ n̥ t
sérsveit	s j ɛ r̥ s v e iː t
sögulegt	s œː ɣ ʏ l ɛ x t
sögusagnir	s œː ɣ ʏ s a k n ɪ r
tals	tʰ a l s
talsmenn	tʰ a l s m ɛ nː
tengda	tʰ e i ŋ t a
tengdi	tʰ e i ŋ t ɪ
tjáningu	tʰ j a uː n i ŋ k ʏ
tónverk	tʰ o u n v ɛ r̥ k
umfjöllunar	ʏ m f j œ t l ʏ n a r
undirliggjandi	ʏ n t ɪ r l ɪ cː a n t ɪ
upplifði	ʏ h p l ɪ v ð ɪ
uss	ʏ sː
valsmenn	v a l s m ɛ nː
varaforseti	v aː r a f ɔ r̥ s ɛː t ɪ
varma	v a r m a
varðveittar	v a r ð v e i h t a r
vegagerðarinnar	v ɛː ɣ a c ɛ r ð a r ɪ nː a r
veggnum	v ɛ kː n ʏ m
veitingu	v e iː t i ŋ k ʏ
venjan	v ɛ n j a n
verkamenn	v ɛ r̥ k a m ɛ nː
villta	v ɪ l̥ t a
villtum	v ɪ l̥ t ʏ m
vinnustofu	v ɪ nː ʏ s t ɔː v ʏ
vinsælum	v ɪ n s a iː l ʏ m
viðurkenndu	v ɪː ð ʏ r cʰ ɛ n t ʏ
víkka	v i h k a
vöðvum	v œ ð v ʏ m
yo	j ɔː
áfangastaður	a uː f a u ŋ k a s t aː ð ʏ r
ákveðnir	a uː kʰ v ɛ ð n ɪ r
álíta	a uː l iː t a
árg	a u r k
árnasonar	a u r t n a s ɔː n a r
ási	a uː s ɪ
æfði	a i v ð ɪ
útflutningur	uː t f l ʏ h t n i ŋ k ʏ r
útlendingum	uː t l ɛ n t i ŋ k ʏ m
þórsmörk	θ o u r̥ s m œ r̥ k
afneitun	a p n e iː t ʏ n
ag	aː ɣ
alast	aː l a s t
almannafæri	a l m a nː a f a iː r ɪ
andlegum	a n t l ɛː ɣ ʏ m
athugasemdum	aː t h ʏː ɣ a s ɛ m t ʏ m
augliti	ø y ɣ l ɪː t ɪ
aðalega	aː ð a l ɛː ɣ a
beittu	p e i h t ʏ
bell	p ɛ t l
bernsku	p ɛ r t n s k ʏ
birgi	p ɪ r c ɪ
biðjast	p ɪ ð j a s t
björgólfur	p j œ r k o u l v ʏ r
blog	p l ɔː ɣ
brast	p r a s t
breyttum	p r e i h t ʏ m
bryggju	p r ɪ cː ʏ
bryggjunni	p r ɪ cː ʏ nː ɪ
brúnt	p r u n̥ t
byr	p ɪː r
byssu	p ɪ sː ʏ
bágt	p a u x t
clay	kʰ l a iː
dagblöð	t a ɣ p l œː ð
dansar	t a n s a r
dark	t a r̥ k
das	t aː s
deigið	t e iː j ɪ ð
deili	t e iː l ɪ
dregnar	t r ɛ k n a r
dreymt	t r e i m̥ t
eilífa	e iː l iː v a
einkarétt	e i ŋ k a r j ɛ h t
eiturefni	e iː t ʏ r ɛ p n ɪ
elst	ɛ l s t
ennis	ɛ nː ɪ s
eyðimörkinni	e iː ð ɪ m œ r̥ c ɪ nː ɪ
fannar	f a nː a r
fiskvinnslu	f ɪ s k v ɪ n s t l ʏ
flóru	f l o uː r ʏ
fornleifar	f ɔ r t n l e iː v a r
forvitnilegt	f ɔ r v ɪ h t n ɪ l ɛ x t
framleiðanda	f r a m l e iː ð a n t a
framvindu	f r a m v ɪ n t ʏ
friðriksdóttir	f r ɪ ð r ɪ k s t o u h t ɪ r
frásögnin	f r a uː s œ k n ɪ n
fátækum	f a uː tʰ a iː k ʏ m
félögunum	f j ɛː l œː ɣ ʏ n ʏ m
fínum	f iː n ʏ m
grænar	k r a iː n a r
gríðarlegt	k r iː ð a r l ɛ x t
hafnarfjörður	h a p n a r f j œ r ð ʏ r
hefðbundinna	h ɛ v ð p ʏ n t ɪ nː a
hindranir	h ɪ n t r aː n ɪ r
hjónabandi	ç o uː n a p a n t ɪ
hlutafélög	l̥ ʏː t a f j ɛː l œː ɣ
hlíðum	l̥ iː ð ʏ m
hlýju	l̥ iː j ʏ
hrísgrjónum	r̥ iː s k r j o uː n ʏ m
hugðist	h ʏ ɣ ð ɪ s t
hæft	h a i f t
hömlur	h œ m l ʏ r
húsanna	h uː s a nː a
húðina	h uː ð ɪ n a
iðnaðarins	ɪ ð n aː ð a r ɪ n s
jurtum	j ʏ r̥ t ʏ m
jóhannesi	j o uː h a nː ɛː s ɪ
júlíu	j uː l iː j ʏ
kanínur	kʰ aː n iː n ʏ r
kaupin	kʰ ø yː p ɪ n
klæddist	kʰ l a i tː ɪ s t
knattspyrnudeild	kʰ n a h t s p ɪ r t n ʏ t e i l t
konunum	kʰ ɔː n ʏ n ʏ m
krossi	kʰ r ɔ sː ɪ
kvartanir	kʰ v a r̥ t a n ɪ r
kóði	kʰ o uː ð ɪ
kötlum	kʰ œ h t l ʏ m
laufin	l ø yː v ɪ n
laugina	l ø yː j ɪ n a
liggjandi	l ɪ cː a n t ɪ
ling	l i ŋ k
láru	l a uː r ʏ
læknum	l a i h k n ʏ m
malmö	m a l m œː
mannkynsins	m a nː cʰ ɪ n s ɪ n s
martini	m a r̥ t ɪː n ɪ
megan	m ɛː ɣ a n
megrun	m ɛ ɣ r ʏ n
metum	m ɛː t ʏ m
mit	m ɪː t
miðlum	m ɪ ð l ʏ m
myndlistarmanna	m ɪ n t l ɪ s t a r m a nː a
mánaðarlega	m a uː n a ð a r l ɛː ɣ a
nafns	n a p n s
njóti	n j o uː t ɪ
noah	n ɔː a
nágrannar	n a uː k r a nː a r
nóttin	n o u h t ɪ n
nótum	n o uː t ʏ m
plönturnar	pʰ l œ n̥ t ʏ r t n a r
pottinum	pʰ ɔ h t ɪ n ʏ m
páfa	pʰ a uː v a
rafhlöðu	r a v l̥ œː ð ʏ
rafhlöður	r a v l̥ œː ð ʏ r
rannsakar	r a nː s aː k a r
rasmussen	r aː s m ʏ sː ɛ n
rauðir	r ø yː ð ɪ r
rod	r ɔː t
rugli	r ʏ k l ɪ
ráðamanna	r a uː ð a m a nː a
ráðuneytisins	r a uː ð ʏ n e iː t ɪ s ɪ n s
rædd	r a i tː
ræddu	r a i tː ʏ
sameiginlegar	s aː m e iː j ɪ n l ɛː ɣ a r
sameinuðust	s aː m e iː n ʏ ð ʏ s t
santiago	s a n̥ t ɪ aː ɣ ɔ
santo	s a n̥ t ɔ
segði	s ɛ ɣ ð ɪ
shrek	s r̥ ɛː k
sigurvegarinn	s ɪː ɣ ʏ r v ɛː ɣ a r ɪ nː
siðareglur	s ɪː ð a r ɛ k l ʏ r
skammta	s k a m̥ t a
skipverjar	s c ɪː p v ɛ r j a r
slegin	s t l e iː j ɪ n
sorp	s ɔ r̥ p
spurðu	s p ʏ r ð ʏ
square	s k v aː r ɛ
stafir	s t aː v ɪ r
starfs	s t a r f s
staðgengill	s t a ð c e i ɲ c ɪ t l
steinunni	s t e iː n ʏ nː ɪ
styttan	s t ɪ h t a n
stök	s t œː k
stöðina	s t œː ð ɪ n a
stýrimaður	s t iː r ɪ m aː ð ʏ r
svaka	s v aː k a
svartar	s v a r̥ t a r
sólarinnar	s o uː l a r ɪ nː a r
tæknina	tʰ a i h k n ɪ n a
tómasdóttir	tʰ o uː m a s t o u h t ɪ r
túttur	tʰ u h t ʏ r
upplýsa	ʏ h p l iː s a
uppnám	ʏ h p n a uː m
vandamálin	v a n t a m a uː l ɪ n
vegagerð	v ɛː ɣ a c ɛ r ð
veikist	v e iː c ɪ s t
veislunni	v e i s t l ʏ nː ɪ
verkafólks	v ɛ r̥ k a f o u l̥ k s
verulegum	v ɛː r ʏ l ɛː ɣ ʏ m
villu	v ɪ t l ʏ
vinnuafl	v ɪ nː ʏ a p l
viðskiptavini	v ɪ ð s c ɪ f t a v ɪː n ɪ
vísindaleg	v iː s ɪ n t a l ɛː ɣ
vítamíni	v iː tʰ a m iː n ɪ
vítaspyrnu	v iː t a s p ɪ r t n ʏ
völlum	v œ t l ʏ m
wild	v ɪ l t
yfirmann	ɪː v ɪ r m a nː
áhöld	a uː h œ l t
árstíma	a u r̥ s t iː m a
ásgrímur	a uː s k r iː m ʏ r
ísak	iː s aː k
útfærslur	uː t f a i r̥ s t l ʏ r
útvarps	uː t v a r̥ p s
þurrkað	θ ʏ r̥ k aː ð
þurrum	θ ʏ rː ʏ m
þykjast	θ ɪː c a s t
þóri	θ o uː r ɪ
afnota	a p n ɔː t a
allsráðandi	a t l s r a uː ð a n t ɪ
baldri	p a l t r ɪ
baldwin	p a l t v ɪː n
blessuð	p l ɛ sː ʏ ð
blokk	p l ɔ h k
blu	p l ʏː
brandara	p r a n t a r a
brendan	p r ɛ n t a n
brotist	p r ɔː t ɪ s t
brotlenti	p r ɔː t l ɛ n̥ t ɪ
bu	p ʏː
byggingarefni	p ɪ cː i ŋ k a r ɛ p n ɪ
byggjum	p ɪ cː ʏ m
bíddu	p i tː ʏ
danskir	t a n s c ɪ r
drottin	t r ɔ h t ɪ n
dætrum	t a iː t r ʏ m
dómstólsins	t o u m s t o u l s ɪ n s
eb	ɛː p
eggi	ɛ cː ɪ
endalaus	ɛ n t a l ø yː s
erlingur	ɛ r t l i ŋ k ʏ r
eðlilegum	ɛ ð l ɪ l ɛː ɣ ʏ m
fag	f aː ɣ
ferguson	f ɛ r k ʏ s ɔː n
feður	f ɛː ð ʏ r
fire	f ɪː r ɛ
fjarðabyggðar	f j a r ð a p ɪ ɣ ð a r
fjármuni	f j a u r m ʏː n ɪ
flottasta	f l ɔ h t a s t a
flugmenn	f l ʏ ɣ m ɛ nː
flyst	f l ɪ s t
frelsið	f r ɛ l s ɪː ð
freyju	f r e iː j ʏ
frumkvöðlar	f r ʏ m kʰ v œ ð l a r
frumraun	f r ʏ m r ø yː n
fyrirmyndar	f ɪː r ɪ r m ɪ n t a r
fánanum	f a uː n a n ʏ m
fæddust	f a i tː ʏ s t
gasi	k aː s ɪ
gleðileg	k l ɛː ð ɪ l ɛː ɣ
glitnir	k l ɪ h t n ɪ r
glæpum	k l a iː p ʏ m
glímu	k l iː m ʏ
grindavíkur	k r ɪ n t a v iː k ʏ r
grunaður	k r ʏː n a ð ʏ r
gólfið	k o u l v ɪː ð
hamast	h aː m a s t
hammer	h a mː ɛ r
hamrahlíð	h a m r a l̥ iː ð
hand	h a n t
hector	h ɛ x t ɔ r
heimamönnum	h e iː m a m œ nː ʏ m
heimilda	h e iː m ɪ l t a
heimsóttu	h e i m s o u h t ʏ
hektara	h ɛ x t a r a
henrik	h ɛ n r ɪː k
herdeild	h ɛ r t e i l t
hrifningu	r̥ ɪ p n i ŋ k ʏ
hvarvetna	kʰ v a r v ɛ h t n a
hvattir	kʰ v a h t ɪ r
hárri	h a u rː ɪ
höndla	h œ n t l a
kaflar	kʰ a p l a r
kali	kʰ aː l ɪ
karlarnir	kʰ a r t l a r t n ɪ r
kea	cʰ ɛː a
kemp	cʰ ɛ m̥ p
klósettið	kʰ l o uː s ɛ h t ɪ ð
kynja	cʰ ɪ n j a
kyssast	cʰ ɪ sː a s t
kæmust	cʰ a iː m ʏ s t
kí	cʰ iː
landgræðslu	l a n t k r a i ð s t l ʏ
landnámi	l a n t n a uː m ɪ
lendingu	l ɛ n t i ŋ k ʏ
læknarnir	l a i h k n a r t n ɪ r
líðan	l iː ð a n
meistaradeild	m e i s t a r a t e i l t
meiði	m e iː ð ɪ
mer	m ɛː r
minningum	m ɪ nː i ŋ k ʏ m
mána	m a uː n a
mótmælin	m o uː t m a iː l ɪ n
mýrum	m iː r ʏ m
nesi	n ɛː s ɪ
neyddu	n e i tː ʏ
næstunni	n a i s t ʏ nː ɪ
nýjung	n iː j u ŋ k
pine	pʰ ɪː n ɛ
planet	pʰ l aː n ɛː t
pólsku	pʰ o u l s k ʏ
rifin	r ɪː v ɪ n
rutt	r ʏ h t
rækjur	r a iː c ʏ r
rómverska	r o u m v ɛ r̥ s k a
röngu	r ø y ŋ k ʏ
sambærilegar	s a m p a iː r ɪ l ɛː ɣ a r
sameiningar	s aː m e iː n i ŋ k a r
samfellda	s a m f ɛ l t a
samfylkingar	s a m f ɪ l̥ c i ŋ k a r
samherja	s a m h ɛ r j a
sjálfboðaliða	s j a u l v p ɔː ð a l ɪː ð a
skapaðist	s k aː p a ð ɪ s t
skartgripi	s k a r̥ t k r ɪː p ɪ
skipulega	s c ɪː p ʏ l ɛː ɣ a
skrefið	s k r ɛː v ɪ ð
skrifaður	s k r ɪː v a ð ʏ r
skynsamlega	s c ɪ n s a m l ɛː ɣ a
sköpuð	s k œː p ʏ ð
skýrslunnar	s c i r̥ s t l ʏ nː a r
smiðju	s m ɪ ð j ʏ
smáatriðum	s m a uː a tʰ r ɪː ð ʏ m
space	s p aː s ɛ
spillt	s p ɪ l̥ t
sprungu	s p r u ŋ k ʏ
starfsfólks	s t a r v s f o u l̥ k s
staðbundin	s t a ð p ʏ n t ɪ n
steininum	s t e iː n ɪ n ʏ m
sterkri	s t ɛ r̥ k r ɪ
stofnendur	s t ɔ p n ɛ n t ʏ r
strengi	s t r e i ɲ c ɪ
stíg	s t iː ɣ
stórveldi	s t o u r v ɛ l t ɪ
stöðuga	s t œː ð ʏː ɣ a
sumstaðar	s ʏ m s t aː ð a r
svipti	s v ɪ f t ɪ
sápu	s a uː p ʏ
sölum	s œː l ʏ m
sýkingum	s iː c i ŋ k ʏ m
talbot	tʰ a l p ɔː t
teldu	tʰ ɛ l t ʏ
tjaldinu	tʰ j a l t ɪː n ʏ
tjáð	tʰ j a uː ð
tryggi	tʰ r ɪ cː ɪ
tækja	tʰ a iː c a
tónar	tʰ o uː n a r
umslag	ʏ m s t l aː ɣ
uppfærslu	ʏ h p f a i r̥ s t l ʏ
vakta	v a x t a
vaktir	v a x t ɪ r
varanlegt	v aː r a n l ɛ x t
verksmiðjunni	v ɛ r̥ k s m ɪ ð j ʏ nː ɪ
viðskiptafræðingur	v ɪ ð s c ɪ f t a f r a iː ð i ŋ k ʏ r
volvo	v ɔ l v ɔ
vægt	v a i x t
véla	v j ɛː l a
web	v ɛː p
webb	v ɛ pː
yfirlæknir	ɪː v ɪ r l a i h k n ɪ r
áfangar	a uː f a u ŋ k a r
áhugamanna	a uː h ʏː ɣ a m a nː a
áhættan	a uː h a i h t a n
áhöfninni	a uː h œ p n ɪ nː ɪ
ástar	a u s t a r
íbúðinni	iː p uː ð ɪ nː ɪ
öflugu	œ v l ʏː ɣ ʏ
örmum	œ r m ʏ m
öxi	œ k s ɪ
úrgangur	u r k a u ŋ k ʏ r
útlöndum	uː t l œ n t ʏ m
þjóðkirkjan	θ j o u ð cʰ ɪ r̥ c a n
þriðjungi	θ r ɪ ð j u ɲ c ɪ
þyrlu	θ ɪ r t l ʏ
þáttöku	θ a u h t œː k ʏ
afþreying	a v θ r e iː j i ŋ k
allskonar	a t l s k ɔː n a r
ally	a t l ɪ
anders	a n t ɛ r̥ s
andstæða	a n t s t a iː ð a
atvinnulífs	aː t v ɪ nː ʏ l i f s
auknar	ø y h k n a r
aura	ø yː r a
aðstoðarþjálfari	a ð s t ɔː ð a r θ j a u l v a r ɪ
bankastjóra	p a u ŋ̊ k a s t j o uː r a
barnæsku	p a r t n a i s k ʏ
bjallan	p j a t l a n
blandaði	p l a n t aː ð ɪ
bílunum	p iː l ʏ n ʏ m
drengi	t r e i ɲ c ɪ
drenginn	t r e i ɲ c ɪ n
eigir	e iː j ɪ r
eldar	ɛ l t a r
erling	ɛ r t l i ŋ k
eyðileggingu	e iː ð ɪ l ɛ cː i ŋ k ʏ
fiðlu	f ɪ ð l ʏ
fjallsins	f j a t l s ɪ n s
fjarverandi	f j a r v ɛː r a n t ɪ
fjölbreyttar	f j œ l p r e i h t a r
forfeður	f ɔ r f ɛː ð ʏ r
formála	f ɔ r m a uː l a
frambúðar	f r a m p uː ð a r
framför	f r a m f œː r
framleiðsluna	f r a m l e i ð s t l ʏː n a
fremsti	f r ɛ m s t ɪ
frumvarpi	f r ʏ m v a r̥ p ɪ
fræðimönnum	f r a iː ð ɪ m œ nː ʏ m
fullyrt	f ʏ t l ɪ r̥ t
fyrirgefningu	f ɪː r ɪ r c ɛ p n i ŋ k ʏ
fátæku	f a uː tʰ a iː k ʏ
fæturna	f a iː t ʏ r t n a
föllum	f œ t l ʏ m
gatan	k aː tʰ a n
gjörðir	c œ r ð ɪ r
gráa	k r a uː a
gróttu	k r o u h t ʏ
gullnu	k ʏ t l n ʏ
gunna	k ʏ nː a
handknattleik	h a n t kʰ n a h t l e iː k
hellt	h ɛ l̥ t
heppnir	h ɛ h p n ɪ r
hinstu	h ɪ n s t ʏ
hlutföllum	l̥ ʏː t f œ t l ʏ m
hlíðar	l̥ iː ð a r
hol	h ɔː l
horfði	h ɔ r v ð ɪ
hrannar	r̥ a nː a r
hugsast	h ʏ x s a s t
hvatningu	kʰ v a h t n i ŋ k ʏ
háðir	h a uː ð ɪ r
höfuðborgarinnar	h œː v ʏ ð p ɔ r k a r ɪ nː a r
húnavatnssýslu	h uː n a v a h t n s s i s t l ʏ
japans	j aː pʰ a n s
kennslufræði	cʰ ɛ n s t l ʏ f r a iː ð ɪ
kjós	cʰ o uː s
kleyft	kʰ l e i f t
kostum	kʰ ɔ s t ʏ m
kristjánssonar	kʰ r ɪ s t j a u n s s ɔː n a r
kyrrahafi	cʰ ɪ rː a h aː v ɪ
kínversk	cʰ i n v ɛ r̥ s k
kólumbíu	kʰ o uː l ʏ m p iː j ʏ
laugaveg	l ø yː ɣ a v ɛː ɣ
leikmanni	l e iː k m a nː ɪ
leyndu	l e i n t ʏ
litar	l ɪː t a r
logan	l ɔː ɣ a n
lovísa	l ɔː v iː s a
látnar	l a u h t n a r
lækninum	l a i h k n ɪ n ʏ m
líbanon	l iː p a n ɔː n
magnus	m a k n ʏ s
matís	m aː tʰ iː s
mestmegnis	m ɛ s t m ɛ k n ɪ s
mestri	m ɛ s t r ɪ
mill	m ɪ t l
monte	m ɔ n̥ t ɛ
málsvari	m a u l s v aː r ɪ
mílanó	m iː l a n o uː
móðurmáli	m o uː ð ʏ r m a uː l ɪ
neðanjarðar	n ɛː ð a n j a r ð a r
norðanverðum	n ɔ r ð a n v ɛ r ð ʏ m
nálar	n a uː l a r
perkins	pʰ ɛ r̥ c ɪ n s
puerto	pʰ ʏ ɛ r̥ t ɔ
quinn	kʰ v ɪ nː
rannsókninni	r a nː s o u h k n ɪ nː ɪ
rottur	r ɔ h t ʏ r
ráðstefnuna	r a u ð s t ɛ p n ʏ n a
rænir	r a iː n ɪ r
ríkjunum	r iː c ʏ n ʏ m
röðin	r œː ð ɪ n
sjónarmiði	s j o uː n a r m ɪː ð ɪ
sjúkdóm	s j uː k t o uː m
skaga	s k aː ɣ a
skilaboðin	s c ɪː l a p ɔː ð ɪ n
skráir	s k r a uː ɪ r
skyldir	s c ɪ l t ɪ r
skólameistara	s k o uː l a m e i s t aː r a
skýrði	s c i r ð ɪ
smart	s m a r̥ t
snert	s t n ɛ r̥ t
sniðugt	s t n ɪː ð ʏ x t
sports	s p ɔ r̥ t s
spáði	s p a uː ð ɪ
starfsheiti	s t a r v s h e iː t ɪ
stjörnuna	s t j œ r t n ʏ n a
stjörnunnar	s t j œ r t n ʏ nː a r
strauma	s t r ø yː m a
stuðningsmaður	s t ʏ ð n i ŋ k s m aː ð ʏ r
sveitarstjórnarkosningum	s v e iː t a r s t j o u r t n a r kʰ ɔ s t n i ŋ k ʏ m
sveppir	s v ɛ h p ɪ r
sveppum	s v ɛ h p ʏ m
sósa	s o uː s a
súrt	s u r̥ t
testamentinu	tʰ ɛ s t a m ɛ n̥ t ɪː n ʏ
testamentisins	tʰ ɛ s t a m ɛ n̥ t ɪ s ɪ n s
tíðkaðist	tʰ i ð kʰ aː ð ɪ s t
töldum	tʰ œ l t ʏ m
tölublaði	tʰ œː l ʏ p l aː ð ɪ
tönnum	tʰ œ nː ʏ m
umboðsmann	ʏ m p ɔ ð s m a nː
umkringd	ʏ m kʰ r i ŋ t
umræðuefni	ʏ m r a iː ð ʏ ɛ p n ɪ
undirleik	ʏ n t ɪ r l e iː k
undirstöður	ʏ n t ɪ r s t œː ð ʏ r
unglingum	u ŋ k l i ŋ k ʏ m
utanríkisráðuneytisins	ʏː t a n r iː c ɪ s r a uː ð ʏ n e iː t ɪ s ɪ n s
varnarmaður	v a r t n a r m aː ð ʏ r
veisluna	v e i s t l ʏː n a
veiðarnar	v e iː ð a r t n a r
veiðin	v e iː ð ɪ n
verslað	v ɛ r̥ s t l aː ð
veðurs	v ɛː ð ʏ r̥ s
veðurstofu	v ɛː ð ʏ r s t ɔː v ʏ
villst	v ɪ t l s t
virst	v ɪ r̥ s t
vitur	v ɪː t ʏ r
viðreisnar	v ɪ ð r e i s t n a r
viðurkenndar	v ɪː ð ʏ r cʰ ɛ n t a r
vísindamaður	v iː s ɪ n t a m aː ð ʏ r
vísitala	v iː s ɪ tʰ aː l a
víð	v iː ð
vörslu	v œ r̥ s t l ʏ
vöðvar	v œ ð v a r
ábending	a uː p ɛ n t i ŋ k
áhættuna	a uː h a i h t ʏ n a
álykta	a uː l ɪ x t a
íf	iː v
ímyndunarafl	iː m ɪ n t ʏ n a r a p l
önnum	œ nː ʏ m
útsending	uː t s ɛ n t i ŋ k
þingmann	θ i ŋ k m a nː
þoku	θ ɔː k ʏ
afganginn	a v k a u ɲ c ɪ n
aldurinn	a l t ʏ r ɪ nː
alþjóðlegan	a l θ j o u ð l ɛː ɣ a n
arabísku	aː r a p i s k ʏ
bandaríkjamönnum	p a n t a r iː c a m œ nː ʏ m
bankahrunsins	p a u ŋ̊ k a r̥ ʏ n s ɪ n s
belgíska	p ɛ l c i s k a
bensíni	p ɛ n s iː n ɪ
boys	p ɔ iː s
broddi	p r ɔ tː ɪ
byltingin	p ɪ l̥ t i ɲ c ɪ n
búlgaríu	p u l k a r iː j ʏ
býtum	p iː t ʏ m
chen	cʰ ɛː n
clarke	kʰ l a r̥ c ɛ
dagblaðið	t a ɣ p l aː ð ɪ ð
davids	t aː v ɪ t s
diana	t ɪ aː n a
dvala	t v aː l a
dómkirkjan	t o u m cʰ ɪ r̥ c a n
dómnum	t o u m n ʏ m
eduardo	ɛː t ʏ a r t ɔ
eggið	ɛ cː ɪ ð
einhverfu	e i n kʰ v ɛ r v ʏ
eiríki	e iː r iː c ɪ
endurvinnslu	ɛ n t ʏ r v ɪ n s t l ʏ
englendinga	e i ŋ k l ɛ n t i ŋ k a
ferlum	f ɛ r t l ʏ m
fersk	f ɛ r̥ s k
fjárhæð	f j a uː r h a iː ð
fjármagnað	f j a u r m a k n a ð
fjölbreyttu	f j œ l p r e i h t ʏ
flugum	f l ʏː ɣ ʏ m
framfylgt	f r a m f ɪ l̥ t
framleiddir	f r a m l e i tː ɪ r
franskt	f r a n s k t
fréttist	f r j ɛ h t ɪ s t
fundarins	f ʏ n t a r ɪ n s
fækkun	f a i h k ʏ n
fóstureyðingar	f o u s t ʏ r e iː ð i ŋ k a r
gagnrýnd	k a k n r i n t
glæp	k l a iː p
gray	k r a iː
greiðslum	k r e i ð s t l ʏ m
grundarfirði	k r ʏ n t a r f ɪ r ð ɪ
grunna	k r ʏ nː a
gylfa	c ɪ l v a
hafliði	h a p l ɪː ð ɪ
handhafa	h a n t h aː v a
handriti	h a n t r ɪː t ɪ
heimilað	h e iː m ɪ l aː ð
heimildar	h e iː m ɪ l t a r
hjálm	ç a u l m
hliðið	l̥ ɪː ð ɪ ð
hlutleysi	l̥ ʏː t l e iː s ɪ
hléum	l̥ j ɛː ʏ m
hlíðinni	l̥ iː ð ɪ nː ɪ
hnit	n̥ ɪː t
holdi	h ɔ l t ɪ
horfnir	h ɔ r p n ɪ r
hrauninu	r̥ ø yː n ɪ n ʏ
hrund	r̥ ʏ n t
hryðjuverkum	r̥ ɪ ð j ʏ v ɛ r̥ k ʏ m
hundi	h ʏ n t ɪ
hægir	h a iː j ɪ r
hékk	ç ɛ h k
hönnunin	h œ nː ʏ n ɪ n
innandyra	ɪ nː a n t ɪː r a
innlendar	ɪ nː l ɛ n t a r
jakobsdóttur	j aː kʰ ɔ p s t o u h t ʏ r
jehóva	j ɛː h o uː v a
jin	j ɪː n
jákvæðar	j a uː kʰ v a iː ð a r
jólalög	j o uː l a l œː ɣ
jörundur	j œː r ʏ n t ʏ r
kannað	kʰ a nː a ð
keppast	cʰ ɛ h p a s t
kirkna	cʰ ɪ r̥ k n a
kjörtímabilið	cʰ œ r̥ tʰ iː m a p ɪː l ɪ ð
kvaddi	kʰ v a tː ɪ
kveikir	kʰ v e iː c ɪ r
kynin	cʰ ɪː n ɪ n
laden	l aː t ɛ n
lausafé	l ø yː s a f j ɛː
leiðbeina	l e i ð p e iː n a
lesefni	l ɛː s ɛ p n ɪ
lestir	l ɛ s t ɪ r
ljúki	l j uː c ɪ
lord	l ɔ r t
lárétt	l a uː r j ɛ h t
læknadeild	l a i h k n a t e i l t
líði	l iː ð ɪ
lúther	l uː t h ɛː r
lýsingum	l iː s i ŋ k ʏ m
magdalena	m a ɣ t a l ɛː n a
manstu	m a n s t ʏ
marcel	m a r̥ s ɛː l
metur	m ɛː t ʏ r
miðbik	m ɪ ð p ɪː k
mjúka	m j uː k a
musteri	m ʏ s t ɛː r ɪ
mílu	m iː l ʏ
mótsögn	m o uː t s œ k n
möltu	m œ l̥ t ʏ
nauðsynlega	n ø y ð s ɪ n l ɛː ɣ a
ni	n ɪː
námskeiðum	n a u m s c e iː ð ʏ m
námsmanna	n a u m s m a nː a
náðst	n a u ð s t
nýttir	n i h t ɪ r
persónulegt	pʰ ɛ r̥ s o uː n ʏ l ɛ x t
plus	pʰ l ʏː s
prýða	pʰ r iː ð a
randy	r a n t ɪ
rannsóknarinnar	r a nː s o u h k n a r ɪ nː a r
rekstrinum	r ɛ k s t r ɪː n ʏ m
richmond	r ɪ x m ɔ n t
rico	r ɪː k ɔ
rökin	r œː c ɪ n
sannreyna	s a nː r e iː n a
services	s ɛ r v ɪ s ɛː s
silver	s ɪ l v ɛː r
sjávarmáli	s j a uː v a r m a uː l ɪ
sjóði	s j o uː ð ɪ
sjúklings	s j uː k l i ŋ k s
skelli	s c ɛ t l ɪ
skilaboðum	s c ɪː l a p ɔː ð ʏ m
skorður	s k ɔ r ð ʏ r
skálanum	s k a uː l a n ʏ m
skömmtum	s k œ m̥ t ʏ m
smáralind	s m a uː r a l ɪ n t
snúning	s t n uː n i ŋ k
sokka	s ɔ h k a
sonja	s ɔ n j a
staðhæfingar	s t aː ð h a iː v i ŋ k a r
steinsteypu	s t e i n s t e iː p ʏ
stelur	s t ɛː l ʏ r
sting	s t i ŋ k
style	s t ɪː l ɛ
stóli	s t o uː l ɪ
stöðvast	s t œ ð v a s t
sus	s ʏː s
svartra	s v a r̥ t r a
sveitarfélagi	s v e iː t a r f j ɛː l aː j ɪ
svokallaðan	s v ɔː k a t l aː ð a n
sígild	s iː j ɪ l t
söngvakeppni	s ø y ŋ k v a cʰ ɛ h p n ɪ
sýslu	s i s t l ʏ
talsverður	tʰ a l s v ɛ r ð ʏ r
tegundin	tʰ ɛː ɣ ʏ n t ɪ n
tilstuðlan	tʰ ɪ l s t ʏ ð l a n
trade	tʰ r aː t ɛ
trefjar	tʰ r ɛ v j a r
treystandi	tʰ r e i s t a n t ɪ
trúfélaga	tʰ r uː f j ɛː l aː ɣ a
tímarnir	tʰ iː m a r t n ɪ r
tónlistarmanna	tʰ o u n l ɪ s t a r m a nː a
tölvuleiki	tʰ œ l v ʏ l e iː c ɪ
umferðar	ʏ m f ɛ r ð a r
umferðinni	ʏ m f ɛ r ð ɪ nː ɪ
umræðan	ʏ m r a iː ð a n
undrast	ʏ n t r a s t
versti	v ɛ r̥ s t ɪ
verðbréfa	v ɛ r ð p r j ɛː v a
veði	v ɛː ð ɪ
vinnustöðum	v ɪ nː ʏ s t œː ð ʏ m
vissar	v ɪ sː a r
vistir	v ɪ s t ɪ r
viðurkenndum	v ɪː ð ʏ r cʰ ɛ n t ʏ m
vladimir	v l aː t ɪ m ɪ r
víðum	v iː ð ʏ m
áfangastaða	a uː f a u ŋ k a s t aː ð a
ágreining	a uː k r e iː n i ŋ k
ákvarðanatöku	a uː kʰ v a r ð a n a tʰ œː k ʏ
álftanesi	a u l̥ t a n ɛː s ɪ
átu	a uː t ʏ
æfinga	a iː v i ŋ k a
ætlun	a i h t l ʏ n
ævisögu	a iː v ɪ s œː ɣ ʏ
ósáttir	o uː s a u h t ɪ r
óvinir	o uː v ɪː n ɪ r
öskra	œ s k r a
útilokað	uː t ɪ l ɔː k a ð
þingeyjarsýslu	θ i ŋ c e iː j a r s i s t l ʏ
þóttist	θ o u h t ɪ s t
þýði	θ iː ð ɪ
afnumin	a p n ʏ m ɪː n
aldamót	a l t a m o uː t
aldanna	a l t a nː a
alþjóðlegrar	a l θ j o u ð l ɛ ɣ r a r
aðstoðarmenn	a ð s t ɔː ð a r m ɛ nː
betlehem	p ɛː t l ɛ h ɛː m
breytur	p r e iː t ʏ r
camp	kʰ a m̥ p
deilu	t e iː l ʏ
demókratar	t ɛː m o uː kʰ r aː t a r
eiríksdóttir	e iː r i k s t o u h t ɪ r
erfðaefni	ɛ r v ð a ɛ p n ɪ
fljótshlíð	f l j o uː t s l̥ iː ð
flugstöð	f l ʏ x s t œː ð
formum	f ɔ r m ʏ m
frambjóðanda	f r a m p j o uː ð a n t a
framsóknarflokkinn	f r a m s o u h k n a r f l ɔ h c ɪ n
framsóknarflokknum	f r a m s o u h k n a r f l ɔ h k n ʏ m
framsóknarmanna	f r a m s o u h k n a r m a nː a
frans	f r a n s
frökkum	f r œ h k ʏ m
gest	c ɛ s t
gestsson	c ɛ s t s ɔː n
geysir	c e iː s ɪ r
gripir	k r ɪː p ɪ r
grímsnesi	k r i m s n ɛː s ɪ
gífurleg	c iː v ʏ r l ɛː ɣ
haukadal	h ø yː k a t aː l
heimildin	h e iː m ɪ l t ɪ n
heimsku	h e i m s k ʏ
helgaður	h ɛ l k a ð ʏ r
here	h ɛː r ɛ
hist	h ɪ s t
hressir	r̥ ɛ sː ɪ r
hverfisins	kʰ v ɛ r v ɪ s ɪ n s
hólmsteinn	h o u l m s t e i t n
ingvi	i ŋ k v ɪ
karlaflokki	kʰ a r t l a f l ɔ h c ɪ
keldum	cʰ ɛ l t ʏ m
keðju	cʰ ɛ ð j ʏ
kistu	cʰ ɪ s t ʏ
kormákur	kʰ ɔ r m a uː k ʏ r
kveikjan	kʰ v e iː c a n
kvikmyndina	kʰ v ɪː k m ɪ n t ɪ n a
kvæðið	kʰ v a iː ð ɪ ð
landeigenda	l a n t e iː j ɛ n t a
lettlandi	l ɛ h t l a n t ɪ
losnaði	l ɔ s t n aː ð ɪ
mannkyninu	m a nː cʰ ɪː n ɪ n ʏ
merkin	m ɛ r̥ c ɪ n
munninum	m ʏ nː ɪ n ʏ m
myndavélinni	m ɪ n t a v j ɛː l ɪ nː ɪ
mæling	m a iː l i ŋ k
nice	n ɪː s ɛ
nokkurskonar	n ɔ h k ʏ r s k ɔː n a r
os	ɔː s
pantar	pʰ a n̥ t a r
punkti	pʰ u ŋ̊ k t ɪ
reykhólum	r e iː k h o uː l ʏ m
reykjadal	r e iː c a t aː l
riðlinum	r ɪ ð l ɪː n ʏ m
rúmir	r uː m ɪ r
samfelld	s a m f ɛ l t
samfélaga	s a m f j ɛː l aː ɣ a
sjónvarpsþætti	s j o u n v a r̥ p s θ a i h t ɪ
skaftafellssýslu	s k a f t a f ɛ t l s s i s t l ʏ
skarðið	s k a r ð ɪ ð
sléttu	s t l j ɛ h t ʏ
steinunnar	s t e iː n ʏ nː a r
svissneska	s v ɪ sː n ɛ s k a
svokallaðir	s v ɔː k a t l aː ð ɪ r
síldin	s i l t ɪ n
titli	tʰ ɪ h t l ɪ
togara	tʰ ɔː ɣ a r a
torfason	tʰ ɔ r v a s ɔː n
tvennum	tʰ v ɛ nː ʏ m
tímana	tʰ iː m aː n a
uppistaðan	ʏ h p ɪ s t aː ð a n
work	v ɔ r̥ k
ósigur	o uː s ɪː ɣ ʏ r
óskars	o u s k a r̥ s
örvæntingu	œ r v a i n̥ t i ŋ k ʏ
þekkjast	θ ɛ h c a s t
þjóðminjasafni	θ j o u ð m ɪ n j a s a p n ɪ
þórðarsonar	θ o u r ð a r s ɔː n a r
afbrigðum	a v p r ɪ ɣ ð ʏ m
afdrif	a v t r ɪː v
algengir	a l c e i ɲ c ɪ r
alma	a l m a
alnæmi	a l n a iː m ɪ
ap	aː p
area	aː r ɛː a
arnarfirði	a r t n a r f ɪ r ð ɪ
auglýsti	ø y ɣ l i s t ɪ
austurvöll	ø y s t ʏ r v œ t l
aðalstræti	aː ð a l s t r a iː t ɪ
aðfangadag	a ð f a u ŋ k a t aː ɣ
bandinu	p a n t ɪː n ʏ
bannaðar	p a nː a ð a r
beindist	p e i n t ɪ s t
bindum	p ɪ n t ʏ m
biðst	p ɪ ð s t
bjarnasyni	p j a r t n a s ɪː n ɪ
bjöllur	p j œ t l ʏ r
blöndun	p l œ n t ʏ n
blönduð	p l œ n t ʏ ð
bornir	p ɔ r t n ɪ r
breiðafjörð	p r e iː ð a f j œ r ð
brenni	p r ɛ nː ɪ
brennslu	p r ɛ n s t l ʏ
brúnum	p r uː n ʏ m
bílsins	p i l s ɪ n s
búningi	p uː n i ɲ c ɪ
caine	kʰ a iː n ɛ
cat	kʰ aː t
cola	kʰ ɔː l a
draumum	t r ø yː m ʏ m
drengja	t r e i ɲ c a
drive	t r ɪː v ɛ
dropa	t r ɔː p a
dvelur	t v ɛː l ʏ r
dómsins	t o u m s ɪ n s
dýrari	t iː r a r ɪ
eftirspurnar	ɛ f t ɪ r s p ʏ r t n a r
einkenndi	e i n cʰ ɛ n t ɪ
eldhúsi	ɛ l t h uː s ɪ
erfiðum	ɛ r v ɪː ð ʏ m
erindum	ɛː r ɪ n t ʏ m
faldi	f a l t ɪ
farist	f aː r ɪ s t
fatnaði	f a h t n a ð ɪ
feit	f e iː t
ferðafélag	f ɛ r ð a f j ɛː l aː ɣ
filmu	f ɪ l m ʏ
fiskarnir	f ɪ s k a r t n ɪ r
fjölbreyttum	f j œ l p r e i h t ʏ m
fornleifafræði	f ɔ r t n l e iː v a f r a iː ð ɪ
framfara	f r a m f aː r a
framtíðarsýn	f r a m tʰ iː ð a r s iː n
frjálsir	f r j a u l s ɪ r
frjálsri	f r j a u l s r ɪ
frv	f r v
fsí	f s iː
fyrirbyggjandi	f ɪː r ɪ r p ɪ cː a n t ɪ
fyrirbærið	f ɪː r ɪ r p a iː r ɪ ð
fyrirlestrum	f ɪː r ɪ r l ɛ s t r ʏ m
gagnrýnenda	k a k n r iː n ɛ n t a
giftingu	c ɪ f t i ŋ k ʏ
ginny	c ɪ nː ɪ
glansandi	k l a n s a n t ɪ
god	k ɔː t
grandi	k r a n t ɪ
grefur	k r ɛː v ʏ r
greini	k r e iː n ɪ
gruns	k r ʏ n s
gísladóttur	c i s t l a t o u h t ʏ r
hagnað	h a k n a ð
handritum	h a n t r ɪː t ʏ m
hank	h a u ŋ̊ k
heimkynni	h e i m cʰ ɪ nː ɪ
heimshluta	h e i m s l̥ ʏː t a
heyrðist	h e i r ð ɪ s t
hjálpum	ç a u l̥ p ʏ m
hjó	ç o uː
hjóli	ç o uː l ɪ
hlaðin	l̥ aː ð ɪ n
hlutdeild	l̥ ʏː t t e i l t
hressandi	r̥ ɛ sː a n t ɪ
hrunsins	r̥ ʏ n s ɪ n s
hungri	h u ŋ k r ɪ
hunsa	h ʏ n s a
hvalveiðar	kʰ v a l v e iː ð a r
hátíðlega	h a uː tʰ i ð l ɛː ɣ a
innanborðs	ɪ nː a n p ɔ r ð s
jamal	j aː m a l
java	j aː v a
jöklar	j œ h k l a r
kafteinn	kʰ a f t e i t n
kallaðist	kʰ a t l a ð ɪ s t
keilu	cʰ e iː l ʏ
klæddir	kʰ l a i tː ɪ r
kolbeins	kʰ ɔ l p e i n s
kröfðust	kʰ r œ v ð ʏ s t
kynningar	cʰ ɪ nː i ŋ k a r
kynslóðin	cʰ ɪ n s t l o uː ð ɪ n
kát	kʰ a uː t
kópavogur	kʰ o uː p a v ɔː ɣ ʏ r
landsmót	l a n t s m o uː t
laser	l aː s ɛ r
leigir	l e iː j ɪ r
leikhúsi	l e iː k h uː s ɪ
leiðrétta	l e i ð r j ɛ h t a
lennon	l ɛ nː ɔ n
lesum	l ɛː s ʏ m
leysast	l e iː s a s t
lika	l ɪː k a
listin	l ɪ s t ɪ n
liðir	l ɪː ð ɪ r
ljót	l j o uː t
logandi	l ɔː ɣ a n t ɪ
lou	l ɔ uː
lækning	l a i h k n i ŋ k
lækningar	l a i h k n i ŋ k a r
líðandi	l iː ð a n t ɪ
löggæslu	l œ ɣ c a i s t l ʏ
made	m aː t ɛ
mannfall	m a nː f a t l
mestar	m ɛ s t a r
miss	m ɪ sː
mótstöðu	m o uː t s t œː ð ʏ
möguleikum	m œː ɣ ʏ l e iː k ʏ m
nauthólsvík	n ø yː t h o u l s v iː k
neyð	n e iː ð
njarðvíkur	n j a r ð v iː k ʏ r
nokkurrar	n ɔ h k ʏ rː a r
nýverið	n iː v ɛː r ɪ ð
ofni	ɔ p n ɪ
orðanna	ɔ r ð a nː a
pablo	pʰ a p l ɔ
para	pʰ aː r a
picasso	pʰ ɪː k a sː ɔ
prinsessan	pʰ r ɪ n s ɛ sː a n
proppé	pʰ r ɔ h p j ɛː
póst	pʰ o u s t
reed	r ɛː t
reiknar	r e i h k n a r
reykt	r e i x t
roman	r ɔː m a n
rútur	r uː t ʏ r
samantha	s aː m a n̥ t h a
samfylkingunni	s a m f ɪ l̥ c i ŋ k ʏ nː ɪ
samkomur	s a m kʰ ɔː m ʏ r
samspili	s a m s p ɪː l ɪ
samsvörun	s a m s v œː r ʏ n
sanders	s a n t ɛ r̥ s
sannfæringu	s a nː f a iː r i ŋ k ʏ
shane	s h aː n ɛ
sigurlaug	s ɪː ɣ ʏ r l ø yː ɣ
site	s ɪː t ɛ
sjóð	s j o uː ð
skeiða	s c e iː ð a
skelfingu	s c ɛ l v i ŋ k ʏ
skellt	s c ɛ l̥ t
skilnað	s c ɪ l n a ð
skilyrðin	s c ɪː l ɪ r ð ɪ n
skreytingar	s k r e iː t i ŋ k a r
skrám	s k r a uː m
skínandi	s c iː n a n t ɪ
skóg	s k o uː
skólarnir	s k o uː l a r t n ɪ r
slóveníu	s t l o uː v ɛː n iː j ʏ
smáar	s m a uː a r
sporin	s p ɔː r ɪ n
spánverjar	s p a u n v ɛ r j a r
stand	s t a n t
starfseminni	s t a r v s ɛː m ɪ nː ɪ
strangar	s t r a u ŋ k a r
strangari	s t r a u ŋ k a r ɪ
streng	s t r e i ŋ k
stundinni	s t ʏ n t ɪ nː ɪ
stækkandi	s t a i h k a n t ɪ
sultu	s ʏ l̥ t ʏ
svipt	s v ɪ f t
sænskum	s a i n s k ʏ m
sögunum	s œː ɣ ʏ n ʏ m
tate	tʰ aː t ɛ
teldi	tʰ ɛ l t ɪ
they	tʰ e iː
tommu	tʰ ɔ mː ʏ
torginu	tʰ ɔ r c ɪː n ʏ
torgið	tʰ ɔ r c ɪ ð
tryggvadóttir	tʰ r ɪ kː v a t o u h t ɪ r
trúarlega	tʰ r uː a r l ɛː ɣ a
tungumálinu	tʰ u ŋ k ʏ m a uː l ɪː n ʏ
tónlistarmönnum	tʰ o u n l ɪ s t a r m œ nː ʏ m
umboðsmanni	ʏ m p ɔ ð s m a nː ɪ
umdeilt	ʏ m t e i l̥ t
undanskildu	ʏ n t a n s c ɪ l t ʏ
uppfærð	ʏ h p f a i r ð
uppsölum	ʏ h p s œː l ʏ m
vers	v ɛ r̥ s
verðlaununum	v ɛ r ð l ø yː n ʏ n ʏ m
virkum	v ɪ r̥ k ʏ m
viðbrögðum	v ɪ ð p r œ ɣ ð ʏ m
viðkvæmar	v ɪ ð kʰ v a iː m a r
vír	v iː r
wolfgang	v ɔ l v k a u ŋ k
áhugamenn	a uː h ʏː ɣ a m ɛ nː
ánægðir	a uː n a i ɣ ð ɪ r
ígildi	iː j ɪ l t ɪ
ólíkur	o uː l iː k ʏ r
óviðeigandi	o uː v ɪː ð e iː ɣ a n t ɪ
ögrandi	œ ɣ r a n t ɪ
öldin	œ l t ɪ n
örlögum	œ r l œː ɣ ʏ m
úrgang	u r k a u ŋ k
útsendingar	uː t s ɛ n t i ŋ k a r
útúr	uː tʰ uː r
þegnar	θ ɛ k n a r
þjóðminjasafnið	θ j o u ð m ɪ n j a s a p n ɪ ð
þorpi	θ ɔ r̥ p ɪ
þróttar	θ r o u h t a r
þrótti	θ r o u h t ɪ
þunnar	θ ʏ nː a r
þverá	θ v ɛː r a uː
afhjúpa	a v ç uː p a
afurðum	aː v ʏ r ð ʏ m
ai	a iː
alþingiskosningum	a l θ i ɲ c ɪ s k ɔ s t n i ŋ k ʏ m
athugavert	aː t h ʏː ɣ a v ɛ r̥ t
austurríkis	ø y s t ʏ r r iː c ɪ s
aðdáendum	a ð t a uː ɛ n t ʏ m
aðgreina	a ð k r e iː n a
bakað	p aː k a ð
barböru	p a r p œː r ʏ
barm	p a r m
blasir	p l aː s ɪ r
bleikum	p l e iː k ʏ m
bletti	p l ɛ h t ɪ
buffalo	p ʏ fː a l ɔ
bólgu	p o u l k ʏ
com	kʰ ɔː m
donalds	t ɔː n a l t s
dreifingar	t r e iː v i ŋ k a r
dæmin	t a iː m ɪ n
dómum	t o uː m ʏ m
dýralíf	t iː r a l iː v
efnivið	ɛ p n ɪ v ɪː ð
einatt	e iː n a h t
elaine	ɛː l a iː n ɛ
evrópulöndum	ɛ v r o uː p ʏ l œ n t ʏ m
eyjafjörð	e iː j a f j œ r ð
fallnir	f a t l n ɪ r
farast	f aː r a s t
feli	f ɛː l ɪ
ferla	f ɛ r t l a
fernando	f ɛ r t n a n t ɔ
fersku	f ɛ r̥ s k ʏ
flutnings	f l ʏ h t n i ŋ k s
flóttamönnum	f l o u h t a m œ nː ʏ m
frægan	f r a iː ɣ a n
frægustu	f r a iː ɣ ʏ s t ʏ
fréttastofu	f r j ɛ h t a s t ɔː v ʏ
fyllingu	f ɪ t l i ŋ k ʏ
fyrirtækjanna	f ɪː r ɪ r tʰ a iː c a nː a
fáskrúðsfirði	f a uː s k r u ð s f ɪ r ð ɪ
fórnir	f o u r t n ɪ r
fótunum	f o uː t ʏ n ʏ m
gatnamótum	k a h t n a m o uː t ʏ m
gestina	c ɛ s t ɪ n a
gleymist	k l e iː m ɪ s t
grafar	k r aː v a r
grunnnámi	k r ʏ nː a uː m ɪ
gríms	k r i m s
gröfum	k r œː v ʏ m
handverk	h a n t v ɛ r̥ k
hara	h aː r a
harding	h a r t i ŋ k
hauka	h ø yː k a
heimilar	h e iː m ɪ l a r
herbert	h ɛ r p ɛ r̥ t
hit	h ɪː t
hjörtum	ç œ r̥ t ʏ m
hreyfast	r̥ e iː v a s t
hun	h ʏː n
hvíldar	kʰ v i l t a r
hákonar	h a uː kʰ ɔː n a r
hægari	h a iː ɣ a r ɪ
héraðsdómur	ç ɛː r a ð s t o uː m ʏ r
héraðsins	ç ɛː r a ð s ɪ n s
innganginn	ɪ n k a u ɲ c ɪ n
iðkendur	ɪ ð cʰ ɛ n t ʏ r
jakka	j a h k a
játar	j a uː t a r
kaffinu	kʰ a fː ɪ n ʏ
kaldari	kʰ a l t a r ɪ
kannanir	kʰ a nː a n ɪ r
kappa	kʰ a h p a
kjörnum	cʰ œ r t n ʏ m
klassísku	kʰ l a sː i s k ʏ
klefa	kʰ l ɛː v a
knýr	kʰ n iː r
kvartar	kʰ v a r̥ t a r
kvatt	kʰ v a h t
kviku	kʰ v ɪː k ʏ
kínverskur	cʰ i n v ɛ r̥ s k ʏ r
langtíma	l a u ŋ k tʰ iː m a
lestri	l ɛ s t r ɪ
let	l ɛː t
leynast	l e iː n a s t
leysi	l e iː s ɪ
lindu	l ɪ n t ʏ
ljósin	l j o uː s ɪ n
lykilorð	l ɪː c ɪ l ɔ r ð
lánið	l a uː n ɪ ð
lægstu	l a i x s t ʏ
líkin	l iː c ɪ n
líktist	l i x t ɪ s t
líndal	l i n t aː l
mans	m a n s
meðtöldum	m ɛ ð tʰ œ l t ʏ m
millitíðinni	m ɪ t l ɪ tʰ iː ð ɪ nː ɪ
mo	m ɔː
nasistar	n aː s ɪ s t a r
nefinu	n ɛː v ɪː n ʏ
nero	n ɛː r ɔ
neyddist	n e i tː ɪ s t
niðurbrot	n ɪː ð ʏ r p r ɔː t
norskra	n ɔ r̥ s k r a
norðanverðu	n ɔ r ð a n v ɛ r ð ʏ
nuuk	n ʏː k
nálægð	n a uː l a i ɣ ð
náungann	n a uː u ŋ k a nː
nægjanlega	n a iː j a n l ɛː ɣ a
omega	ɔː m ɛː ɣ a
palm	pʰ a l m
perluhöfn	pʰ ɛ r t l ʏ h œ p n
philippe	f ɪː l ɪ h p ɛ
presti	pʰ r ɛ s t ɪ
que	kʰ v ɛː
reglunni	r ɛ k l ʏ nː ɪ
reid	r e iː t
rekst	r ɛ x s t
reykjavíkurhöfn	r e iː c a v iː k ʏ r h œ p n
rhodes	r̥ ɔː t ɛː s
ráðningu	r a u ð n i ŋ k ʏ
ræktuð	r a i x t ʏ ð
sally	s a t l ɪ
sambærilegum	s a m p a iː r ɪ l ɛː ɣ ʏ m
sasha	s aː s h a
sauð	s ø yː ð
shell	s h ɛ t l
shelley	s h ɛ t l ɛ i̯
sigurgeir	s ɪː ɣ ʏ r c e iː r
skartar	s k a r̥ t a r
skipulagða	s c ɪː p ʏ l a ɣ ð a
skipulagði	s c ɪː p ʏ l a ɣ ð ɪ
skjöldu	s c œ l t ʏ
skjölin	s c œː l ɪ n
skota	s k ɔː t a
skotbardaga	s k ɔː t p a r t aː ɣ a
skoðanakannanir	s k ɔː ð a n a kʰ a nː a n ɪ r
skoðum	s k ɔː ð ʏ m
skírskotun	s c i r̥ s k ɔː t ʏ n
sniðganga	s t n ɪ ð k a u ŋ k a
sony	s ɔː n ɪ
spreyta	s p r e iː t a
stafsetningu	s t a v s ɛ h t n i ŋ k ʏ
staka	s t aː k a
stalín	s t aː l iː n
staðreyndum	s t a ð r e i n t ʏ m
stefan	s t ɛː v a n
stjórnendum	s t j o u r t n ɛ n t ʏ m
stræti	s t r a iː t ɪ
styttur	s t ɪ h t ʏ r
stækkaði	s t a i h k a ð ɪ
stærstan	s t a i r̥ s t a n
sumrinu	s ʏ m r ɪː n ʏ
sundlaugin	s ʏ n t l ø yː j ɪ n
suðureyri	s ʏː ð ʏ r e iː r ɪ
sænsk	s a i n s k
sætunum	s a iː t ʏ n ʏ m
takmark	tʰ aː k m a r̥ k
tilboði	tʰ ɪ l p ɔː ð ɪ
tileinka	tʰ ɪː l e i ŋ̊ k a
trevor	tʰ r ɛː v ɔ r
trjáa	tʰ r j a uː a
tunnur	tʰ ʏ nː ʏ r
táknmál	tʰ a u h k n m a uː l
umráða	ʏ m r a uː ð a
undantekningu	ʏ n t a n tʰ ɛ h k n i ŋ k ʏ
uppskriftir	ʏ h p s k r ɪ f t ɪ r
varðveitir	v a r ð v e iː t ɪ r
veittir	v e i h t ɪ r
verjandi	v ɛ r j a n t ɪ
verkfalli	v ɛ r̥ k f a t l ɪ
vesturhluta	v ɛ s t ʏ r l̥ ʏː t a
virku	v ɪ r̥ k ʏ
yrki	ɪ r̥ c ɪ
ágreinings	a uː k r e iː n i ŋ k s
áheyrendur	a uː h e iː r ɛ n t ʏ r
árnadóttur	a u r t n a t o u h t ʏ r
ársloka	a u r̥ s t l ɔː k a
átökunum	a uː tʰ œː k ʏ n ʏ m
áverka	a uː v ɛ r̥ k a
íbúafjöldi	iː p uː a f j œ l t ɪ
óvinur	o uː v ɪː n ʏ r
óþarfa	o uː θ a r v a
þjóðsögur	θ j o u ð s œː ɣ ʏ r
þorláksmessu	θ ɔ r l a u k s m ɛ sː ʏ
þorvaldsdóttir	θ ɔ r v a l t s t o u h t ɪ r
þórð	θ o u r ð
afhendir	a v h ɛ n t ɪ r
afnámi	a p n a uː m ɪ
alþýðusambands	a l θ iː ð ʏ s a m p a n t s
arkansas	a r̥ k a n s aː s
article	a r̥ t ɪ k l ɛ
aðaldal	aː ð a l t aː l
aðför	a ð f œː r
aðildarríkin	aː ð ɪ l t a r r iː c ɪ n
bannið	p a nː ɪ ð
barmi	p a r m ɪ
baráttumál	p aː r a u h t ʏ m a uː l
beitu	p e iː t ʏ
benedict	p ɛː n ɛː t ɪ x t
berist	p ɛː r ɪ s t
bjarta	p j a r̥ t a
blaðamann	p l aː ð a m a nː
bleikt	p l e i x t
borgaraleg	p ɔ r k a r a l ɛː ɣ
brady	p r aː t ɪ
britt	p r ɪ h t
bréfa	p r j ɛː v a
buck	p ʏ h k
buster	p ʏ s t ɛ r
búinu	p uː ɪː n ʏ
cross	kʰ r ɔ sː
dalvíkur	t a l v iː k ʏ r
dauðir	t ø yː ð ɪ r
development	t ɛː v ɛː l ɔ p m ɛ n̥ t
dregnir	t r ɛ k n ɪ r
dreifir	t r e iː v ɪ r
dæmum	t a iː m ʏ m
dýrasta	t iː r a s t a
einangruð	e iː n a u ŋ k r ʏː ð
einfaldasta	e i n f a l t a s t a
eisenhower	e iː s ɛ n h ɔː v ɛ r
ellegar	ɛ t l ɛː ɣ a r
ellis	ɛ t l ɪ s
elskað	ɛ l s k aː ð
endanlegt	ɛ n t a n l ɛ x t
endurtekur	ɛ n t ʏ r tʰ ɛː k ʏ r
eur	ø yː r
evrópukeppni	ɛ v r o uː p ʏ cʰ ɛ h p n ɪ
eyjunnar	e iː j ʏ nː a r
fatlaða	f aː t l aː ð a
fide	f ɪː t ɛ
fiskiskip	f ɪ s c ɪ s c ɪː p
fjarlægðar	f j a r l a i ɣ ð a r
fjarlægðir	f j a r l a i ɣ ð ɪ r
fleygt	f l e i x t
flughernum	f l ʏː ɣ h ɛ r t n ʏ m
flóknu	f l o u h k n ʏ
forskeytið	f ɔ r̥ s c e iː t ɪ ð
framburð	f r a m p ʏ r ð
frameftir	f r aː m ɛ f t ɪ r
framlagi	f r a m l aː j ɪ
framleiðenda	f r a m l e iː ð ɛ n t a
framleiðni	f r a m l e i ð n ɪ
frumvörp	f r ʏ m v œ r̥ p
fráfall	f r a uː f a t l
fræin	f r a iː j ɪ n
fullyrti	f ʏ t l ɪ r̥ t ɪ
fyrirbyggja	f ɪː r ɪ r p ɪ cː a
fáeina	f a uː e iː n a
færslur	f a i r̥ s t l ʏ r
gerard	c ɛː r a r t
geðklofa	c ɛ ð kʰ l ɔː v a
gistingu	c ɪ s t i ŋ k ʏ
grínast	k r iː n a s t
gróðursett	k r o uː ð ʏ r s ɛ h t
gunni	k ʏ nː ɪ
gus	k ʏː s
guðjóns	k v ʏ ð j o u n s
hafnarinnar	h a p n a r ɪ nː a r
hagstofa	h a x s t ɔː v a
hard	h a r t
heilsugæslu	h e i l s ʏ c a i s t l ʏ
heiðrún	h e i ð r uː n
hernað	h ɛ r t n a ð
hliðstæðu	l̥ ɪ ð s t a iː ð ʏ
hljóðum	l̥ j o uː ð ʏ m
hluthafar	l̥ ʏː t h aː v a r
hlátri	l̥ a uː t r ɪ
hneyksli	n̥ e i k s t l ɪ
hnúta	n̥ uː t a
holti	h ɔ l̥ t ɪ
holum	h ɔː l ʏ m
hugfast	h ʏ x f a s t
hughes	h ʏː ɣ h ɛː s
hugsjónir	h ʏ x s j o uː n ɪ r
hugum	h ʏː ɣ ʏ m
hundarnir	h ʏ n t a r t n ɪ r
hverfin	kʰ v ɛ r v ɪ n
hverskonar	kʰ v ɛ r̥ s k ɔː n a r
hátíðum	h a uː tʰ iː ð ʏ m
hættulegar	h a i h t ʏ l ɛː ɣ a r
húsnæðinu	h uː s n a iː ð ɪ n ʏ
húðin	h uː ð ɪ n
hýst	ç i s t
jafngildi	j a p n c ɪ l t ɪ
kasti	kʰ a s t ɪ
kay	kʰ a iː
khan	kʰ aː n
krampa	kʰ r a m̥ p a
krúnunni	kʰ r uː n ʏ nː ɪ
kváðu	kʰ v a uː ð ʏ
kynslóða	cʰ ɪ n s t l o uː ð a
kápu	kʰ a uː p ʏ
large	l a r c ɛ
leiddur	l e i tː ʏ r
leikfimi	l e iː k f ɪː m ɪ
leikunum	l e iː k ʏ n ʏ m
leikurum	l e iː k ʏ r ʏ m
leitina	l e iː t ɪ n a
leiðtogum	l e i ð tʰ ɔː ɣ ʏ m
lokka	l ɔ h k a
lokuðum	l ɔː k ʏ ð ʏ m
lélega	l j ɛː l ɛː ɣ a
líkingu	l iː c i ŋ k ʏ
lítrar	l iː t r a r
lóðinni	l o uː ð ɪ nː ɪ
lömb	l œ m p
mannskap	m a nː s k aː p
mei	m e iː
menntamálaráðuneytið	m ɛ n̥ t a m a uː l a r a uː ð ʏ n e iː t ɪ ð
metnar	m ɛ h t n a r
meðferðir	m ɛ ð f ɛ r ð ɪ r
mikilvægan	m ɪː c ɪ l v a iː ɣ a n
model	m ɔː t ɛ l
must	m ʏ s t
myndbandinu	m ɪ n t p a n t ɪː n ʏ
málanna	m a uː l a nː a
neisti	n e i s t ɪ
norski	n ɔ r̥ s c ɪ
norð	n ɔ r ð
nánum	n a uː n ʏ m
nýji	n iː j ɪ
nýjir	n iː j ɪ r
peninginn	pʰ ɛː n i ɲ c ɪ n
regluna	r ɛ k l ʏː n a
reistar	r e i s t a r
reykjanesskaga	r e iː c a n ɛ s s k aː ɣ a
rigndi	r ɪ k n t ɪ
riðið	r ɪː ð ɪ ð
rjúkandi	r j uː k a n t ɪ
ryki	r ɪː c ɪ
ráðlagt	r a u ð l a x t
ráðstöfun	r a u ð s t œː v ʏ n
rúmt	r u m̥ t
saknað	s a h k n a ð
salómon	s aː l o uː m ɔː n
sambýli	s a m p iː l ɪ
sigmundi	s ɪ ɣ m ʏ n t ɪ
sjónir	s j o uː n ɪ r
skaganum	s k aː ɣ a n ʏ m
skagfirðinga	s k a x f ɪ r ð i ŋ k a
skanna	s k a nː a
skilgreindir	s c ɪ l k r e i n t ɪ r
skinner	s c ɪ nː ɛ r
skotnir	s k ɔ h t n ɪ r
skreið	s k r e iː ð
skrifstofum	s k r ɪ f s t ɔː v ʏ m
skrái	s k r a uː ɪ
sköttum	s k œ h t ʏ m
spurður	s p ʏ r ð ʏ r
stal	s t aː l
staðlinum	s t a ð l ɪː n ʏ m
stöðvuð	s t œ ð v ʏː ð
sunnanverðum	s ʏ nː a n v ɛ r ð ʏ m
sveitarfélaganna	s v e iː t a r f j ɛː l a k a nː a
sverri	s v ɛ rː ɪ
syðst	s ɪ ð s t
sálar	s a uː l a r
sálma	s a u l m a
sölva	s œ l v a
teiknimynd	tʰ e i h k n ɪ m ɪ n t
tengiliður	tʰ e i ɲ c ɪ l ɪː ð ʏ r
tvenn	tʰ v ɛ nː
tímabundin	tʰ iː m a p ʏ n t ɪ n
umfjöllunarefni	ʏ m f j œ t l ʏ n a r ɛ p n ɪ
undirstöðu	ʏ n t ɪ r s t œː ð ʏ
ungri	u ŋ k r ɪ
uppteknir	ʏ h p tʰ ɛ h k n ɪ r
utanríkisráðuneytinu	ʏː t a n r iː c ɪ s r a uː ð ʏ n e iː t ɪ n ʏ
varin	v aː r ɪ n
verkefnisstjóri	v ɛ r̥ c ɛ p n ɪ s s t j o uː r ɪ
verslana	v ɛ r̥ s t l aː n a
verðlag	v ɛ r ð l aː ɣ
veröldin	v ɛː r œ l t ɪ n
vesturbænum	v ɛ s t ʏ r p a iː n ʏ m
vindum	v ɪ n t ʏ m
vingast	v i ŋ k a s t
vitnisburður	v ɪ h t n ɪ s p ʏ r ð ʏ r
viðauki	v ɪː ð ø yː c ɪ
viðskiptavinir	v ɪ ð s c ɪ f t a v ɪː n ɪ r
viðvarandi	v ɪ ð v aː r a n t ɪ
vondum	v ɔ n t ʏ m
vort	v ɔ r̥ t
víðtækari	v i ð tʰ a iː k a r ɪ
vöruna	v œː r ʏ n a
yfirmanns	ɪː v ɪ r m a nː s
yndislegu	ɪ n t ɪ s l ɛː ɣ ʏ
zane	s aː n ɛ
ágústsdóttir	a uː k u s t s t o u h t ɪ r
álver	a u l v ɛː r
ásgeiri	a uː s c e iː r ɪ
ástandinu	a uː s t a n t ɪː n ʏ
íbúi	iː p uː ɪ
ónæmiskerfi	o uː n a iː m ɪ s c ɛ r v ɪ
ótvírætt	o uː t v iː r a i h t
óánægja	o uː a uː n a iː j a
öxarfirði	œ k s a r f ɪ r ð ɪ
útí	uː tʰ iː
þekktasti	θ ɛ h k tʰ a s t ɪ
þjálfaði	θ j a u l v aː ð ɪ
þreytu	θ r e iː t ʏ
þrándheimi	θ r a u n t h e iː m ɪ
þróunin	θ r o uː ʏ n ɪ n
þungar	θ u ŋ k a r
þórunni	θ o uː r ʏ nː ɪ
benediktsdóttir	p ɛː n ɛː t ɪ x t s t o u h t ɪ r
bjargi	p j a r c ɪ
björnsdóttur	p j œ r t n s t o u h t ʏ r
björnssonar	p j œ r t n s s ɔː n a r
blanc	p l a u ŋ̊ k
blandar	p l a n t a r
blessi	p l ɛ sː ɪ
búsvæði	p uː s v a iː ð ɪ
danskt	t a n s k t
dreifast	t r e iː v a s t
ekur	ɛː k ʏ r
eyjafjöllum	e iː j a f j œ t l ʏ m
farir	f aː r ɪ r
felli	f ɛ t l ɪ
flýði	f l iː ð ɪ
force	f ɔ r̥ s ɛ
forsetafrú	f ɔ r̥ s ɛː t a f r uː
framkvæmdarstjóri	f r a m kʰ v a i m t a r s t j o uː r ɪ
frábrugðið	f r a uː p r ʏ ɣ ð ɪ ð
fylgjum	f ɪ l c ʏ m
fátækra	f a uː tʰ a iː k r a
greindu	k r e i n t ʏ
grundu	k r ʏ n t ʏ
hamingjan	h aː m i ɲ c a n
hannaðir	h a nː a ð ɪ r
heilagan	h e iː l a ɣ a n
hjaltason	ç a l̥ t a s ɔː n
hull	h ʏ t l
index	ɪ n t ɛ k s
jensson	j ɛ n sː ɔ n
kaldara	kʰ a l t a r a
korni	kʰ ɔ r t n ɪ
kristninnar	kʰ r ɪ s t n ɪ nː a r
kviknar	kʰ v ɪ h k n a r
kílómetrum	cʰ iː l o uː m ɛː t r ʏ m
körfuknattleik	kʰ œ r v ʏ kʰ n a h t l e iː k
leggist	l ɛ cː ɪ s t
ljúfa	l j uː v a
ljúffengt	l j u fː e i ŋ t
meðalstór	m ɛː ð a l s t o uː r
milan	m ɪː l a n
miljónir	m ɪ l j o uː n ɪ r
miðalda	m ɪː ð a l t a
morðið	m ɔ r ð ɪ ð
mælitæki	m a iː l ɪ tʰ a iː c ɪ
nálgaðist	n a u l k a ð ɪ s t
námsgagnastofnun	n a u m s k a k n a s t ɔ p n ʏ n
námsmaður	n a u m s m aː ð ʏ r
nótur	n o uː t ʏ r
ofsóknir	ɔ v s o u h k n ɪ r
reglulegt	r ɛ k l ʏ l ɛ x t
reiki	r e iː c ɪ
reknar	r ɛ h k n a r
run	r ʏː n
réðist	r j ɛː ð ɪ s t
slagorð	s t l aː ɣ ɔ r ð
slappa	s t l a h p a
straumum	s t r ø yː m ʏ m
sunnar	s ʏ nː a r
svita	s v ɪː t a
svokallaðra	s v ɔː k a t l a ð r a
tilraunin	tʰ ɪ l r ø yː n ɪ n
tja	tʰ j aː
tyrkir	tʰ ɪ r̥ c ɪ r
táknmynd	tʰ a u h k n m ɪ n t
tæpir	tʰ a iː p ɪ r
tólfta	tʰ o u l̥ t a
ubuntu	ʏː p ʏ n̥ t ʏ
veikburða	v e iː k p ʏ r ð a
vergri	v ɛ r k r ɪ
veðurfari	v ɛː ð ʏ r f aː r ɪ
vinsælli	v ɪ n s a i t l ɪ
vísindanna	v iː s ɪ n t a nː a
yndislegur	ɪ n t ɪ s l ɛː ɣ ʏ r
áætlunina	a uː a i h t l ʏ n ɪː n a
íra	iː r a
írar	iː r a r
þekkið	θ ɛ h c ɪ ð
þekkst	θ ɛ h k s t
þorrablót	θ ɔ rː a p l o uː t
þróttur	θ r o u h t ʏ r
þunn	θ ʏ nː
alist	aː l ɪ s t
alone	aː l ɔː n ɛ
atvinnuskyni	aː t v ɪ nː ʏ s c ɪː n ɪ
atvinnuvega	aː t v ɪ nː ʏ v ɛː ɣ a
aðlaga	a ð l aː ɣ a
balí	p aː l iː
benson	p ɛ n s ɔː n
beygju	p e iː j ʏ
bezt	p ɛ s t
birtur	p ɪ r̥ t ʏ r
blöðunum	p l œː ð ʏ n ʏ m
borgarbúar	p ɔ r k a r p uː a r
breiðabliki	p r e iː ð a p l ɪː c ɪ
breiðabliks	p r e iː ð a p l ɪ k s
brennd	p r ɛ n t
brúðkaupið	p r u ð kʰ ø yː p ɪ ð
byggingarinnar	p ɪ cː i ŋ k a r ɪ nː a r
café	kʰ aː f j ɛː
cap	kʰ aː p
coca	kʰ ɔː k a
connor	kʰ ɔ nː ɔ r
damon	t aː m ɔ n
darri	t a rː ɪ
daða	t aː ð a
daðason	t aː ð a s ɔː n
djúpar	t j uː p a r
doktorsprófi	t ɔ x t ɔ r̥ s p r o uː v ɪ
drauga	t r ø yː ɣ a
dómsmál	t o u m s m a uː l
eftirsjá	ɛ f t ɪ r s j a uː
einföldun	e i n f œ l t ʏ n
einkennst	e i n cʰ ɛ n s t
einnota	e i nː ɔː t a
emerson	ɛː m ɛ r̥ s ɔː n
erfingja	ɛ r v i ɲ c a
fagnandi	f a k n a n t ɪ
ferjan	f ɛ r j a n
fingri	f i ŋ k r ɪ
fiskveiðum	f ɪ s k v e iː ð ʏ m
fjármálafyrirtækja	f j a u r m a uː l a f ɪː r ɪ r tʰ a iː c a
fjórðung	f j o u r ð u ŋ k
flytjendur	f l ɪː t j ɛ n t ʏ r
formlegu	f ɔ r m l ɛː ɣ ʏ
framleiddi	f r a m l e i tː ɪ
freud	f r ø yː t
future	f ʏː t ʏ r ɛː
fyrirbrigði	f ɪː r ɪ r p r ɪ ɣ ð ɪ
fætinum	f a iː t ɪ n ʏ m
féð	f j ɛː ð
fóta	f o uː t a
gagnlegt	k a k n l ɛ x t
gakktu	k a h k t ʏ
garðarsdóttir	k a r ð a r s t o u h t ɪ r
georges	c ɛː ɔ r k ɛː s
gerald	c ɛː r a l t
gripum	k r ɪː p ʏ m
guðfinna	k v ʏ ð f ɪ nː a
gylfadóttir	c ɪ l v a t o u h t ɪ r
hagfræðingar	h a x f r a iː ð i ŋ k a r
hare	h aː r ɛ
heilsuna	h e i l s ʏː n a
heimildamynd	h e iː m ɪ l t a m ɪ n t
heimspekinnar	h e i m s p ɛː c ɪ nː a r
himmler	h ɪ m l ɛː r
hjálpuðu	ç a u l̥ p ʏː ð ʏ
hreyfingunni	r̥ e iː v i ŋ k ʏ nː ɪ
hrífandi	r̥ iː v a n t ɪ
hugans	h ʏː ɣ a n s
hvet	kʰ v ɛː t
hvítlauk	xʷ iː t l ø yː k
illsku	ɪ t l s k ʏ
india	ɪ n t ɪ a
jarðefnaeldsneyti	j a r ð ɛ p n a ɛ l t s n e iː t ɪ
jong	j o u ŋ k
krabba	kʰ r a pː a
kreml	kʰ r ɛ m l
kröflu	kʰ r œ p l ʏ
kunn	kʰ ʏ nː
kveðju	kʰ v ɛ ð j ʏ
kvið	kʰ v ɪː ð
kínverskum	cʰ i n v ɛ r̥ s k ʏ m
köfun	kʰ œː v ʏ n
lab	l aː p
leigt	l e i x t
leikar	l e iː k a r
lekið	l ɛː c ɪ ð
ljómandi	l j o uː m a n t ɪ
ljóði	l j o uː ð ɪ
ljúfur	l j uː v ʏ r
loftur	l ɔ f t ʏ r
lokatölur	l ɔː k a tʰ œː l ʏ r
lækjargötu	l a iː c a r k œː t ʏ
léttara	l j ɛ h t a r a
léttu	l j ɛ h t ʏ
mad	m aː t
mal	m aː l
mangan	m a u ŋ k a n
markinu	m a r̥ c ɪː n ʏ
meinta	m e i n̥ t a
merkilegur	m ɛ r̥ c ɪ l ɛː ɣ ʏ r
messi	m ɛ sː ɪ
mikilvægast	m ɪː c ɪ l v a iː ɣ a s t
mk	ɛ m̥ k
monty	m ɔ n̥ t ɪ
mueller	m ʏ ɛ t l ɛ r
munað	m ʏː n a ð
mótmælti	m o uː t m a i l̥ t ɪ
mútur	m uː t ʏ r
nafnlaus	n a p n l ø yː s
nemandinn	n ɛː m a n t ɪ nː
nord	n ɔ r t
norris	n ɔ rː ɪ s
nákvæmt	n a uː kʰ v a i m̥ t
núorðið	n uː ɔ r ð ɪ ð
orrustan	ɔ rː ʏ s t a n
pallinum	pʰ a t l ɪ n ʏ m
party	pʰ a r̥ t ɪ
playboy	pʰ l e iː p ɔ i̯
plöntu	pʰ l œ n̥ t ʏ
pokanum	pʰ ɔː k a n ʏ m
pope	pʰ ɔː p ɛ
press	pʰ r ɛ sː
páskum	pʰ a u s k ʏ m
ram	r aː m
raðast	r aː ð a s t
renni	r ɛ nː ɪ
reyndur	r e i n t ʏ r
rice	r ɪː s ɛ
ring	r i ŋ k
risu	r ɪː s ʏ
rofið	r ɔː v ɪ ð
rúmu	r uː m ʏ
sacramento	s aː k r a m ɛ n̥ t ɔ
safnaðist	s a p n a ð ɪ s t
samningarnir	s a m n i ŋ k a r t n ɪ r
saul	s ø yː l
seifs	s e i f s
sekir	s ɛː c ɪ r
semsagt	s ɛ m s a x t
sjálfvirk	s j a u l v v ɪ r̥ k
sjómönnum	s j o uː m œ nː ʏ m
skamman	s k a mː a n
skammtur	s k a m̥ t ʏ r
skattheimtu	s k a h t h e i m̥ t ʏ
skilmála	s c ɪ l m a uː l a
skinni	s c ɪ nː ɪ
skóm	s k o uː m
slökkvilið	s t l œ h k v ɪː l ɪ ð
solomon	s ɔː l ɔ m ɔː n
sprengingar	s p r e i ɲ c i ŋ k a r
spyrjast	s p ɪ r j a s t
spáir	s p a uː ɪ r
staddir	s t a tː ɪ r
stafni	s t a p n ɪ
starfssemi	s t a r v s s ɛː m ɪ
staðaldri	s t aː ð a l t r ɪ
stjórnarmenn	s t j o u r t n a r m ɛ nː
stofnum	s t ɔ p n ʏ m
stop	s t ɔː p
státar	s t a uː t a r
stærst	s t a i r̥ s t
stétta	s t j ɛ h t a
stöðvaði	s t œ ð v aː ð ɪ
sveik	s v e iː k
sveitarstjórnar	s v e iː t a r s t j o u r t n a r
svohljóðandi	s v ɔː l j o uː ð a n t ɪ
svörun	s v œː r ʏ n
syd	s ɪː t
systrum	s ɪ s t r ʏ m
sérhæfa	s j ɛː r h a iː v a
síð	s iː ð
síðastur	s iː ð a s t ʏ r
síðunnar	s iː ð ʏ nː a r
sögulegar	s œː ɣ ʏ l ɛː ɣ a r
sýnið	s iː n ɪ ð
talsverðum	tʰ a l s v ɛ r ð ʏ m
tampa	tʰ a m̥ p a
textarnir	tʰ ɛ k s t a r t n ɪ r
thomsen	tʰ ɔ m s ɛ n
treystu	tʰ r e i s t ʏ
tónskáldið	tʰ o u n s k a u l t ɪ ð
umfangsmiklar	ʏ m f a u ŋ k s m ɪ h k l a r
umkringdur	ʏ m kʰ r i ŋ t ʏ r
umlykur	ʏ m l ɪː k ʏ r
umræðunni	ʏ m r a iː ð ʏ nː ɪ
undanfarið	ʏ n t a n f aː r ɪ ð
undirbúin	ʏ n t ɪ r p uː ɪ n
undirbúnings	ʏ n t ɪ r p uː n i ŋ k s
unum	ʏː n ʏ m
uppsett	ʏ h p s ɛ h t
utah	ʏː t a
vandræða	v a n t r a iː ð a
vasanum	v aː s a n ʏ m
verkar	v ɛ r̥ k a r
verksmiðjur	v ɛ r̥ k s m ɪ ð j ʏ r
very	v ɛː r ɪ
virkað	v ɪ r̥ k a ð
virti	v ɪ r̥ t ɪ
viðfangsefnum	v ɪ ð f a u ŋ k s ɛ p n ʏ m
viðgerðum	v ɪ ð c ɛ r ð ʏ m
viðstöddum	v ɪ ð s t œ tː ʏ m
vonina	v ɔː n ɪ n a
wilkins	v ɪ l̥ c ɪ n s
yfirlýsingunni	ɪː v ɪ r l iː s i ŋ k ʏ nː ɪ
yfirvinnu	ɪː v ɪ r v ɪ nː ʏ
ákvarðar	a uː kʰ v a r ð a r
æfi	a iː v ɪ
æfingunni	a iː v i ŋ k ʏ nː ɪ
æskilegt	a i s c ɪ l ɛ x t
ítalskur	iː tʰ a l s k ʏ r
óbein	o uː p e iː n
ógilda	o uː c ɪ l t a
ógnar	o u k n a r
ýkja	iː c a
þorvarður	θ ɔ r v a r ð ʏ r
þáttaröð	θ a u h t a r œː ð
þórarins	θ o uː r a r ɪ n s
þýðingum	θ iː ð i ŋ k ʏ m
afleiðinga	a v l e iː ð i ŋ k a
algjöra	a l c œː r a
alpha	a l̥ p h a
alþjóðavísu	a l θ j o uː ð a v iː s ʏ
amerísku	aː m ɛː r i s k ʏ
andlegt	a n t l ɛ x t
andlegu	a n t l ɛː ɣ ʏ
arð	a r ð
athugunum	aː t h ʏː ɣ ʏ n ʏ m
athvarf	aː t kʰ v a r v
bannaði	p a nː a ð ɪ
barrow	p a rː ɔ v
bergþór	p ɛ r k θ o uː r
birtum	p ɪ r̥ t ʏ m
bla	p l aː
borgaði	p ɔ r k aː ð ɪ
bragðast	p r a ɣ ð a s t
brauði	p r ø yː ð ɪ
brenndir	p r ɛ n t ɪ r
bæi	p a iː j ɪ
chanel	x aː n ɛ l
dagsetningar	t a x s ɛ h t n i ŋ k a r
dam	t aː m
dent	t ɛ n̥ t
downs	t ɔ u n s
dyrunum	t ɪː r ʏ n ʏ m
dánartíðni	t a uː n a r tʰ i ð n ɪ
dásamlegur	t a uː s a m l ɛː ɣ ʏ r
dóminum	t o uː m ɪː n ʏ m
dýranna	t iː r a nː a
einlægur	e i n l a iː ɣ ʏ r
einstöku	e i n s t œː k ʏ
eldflaug	ɛ l t f l ø yː ɣ
eldist	ɛ l t ɪ s t
elskhuga	ɛ l s k h ʏː ɣ a
elva	ɛ l v a
elvar	ɛ l v a r
endurbótum	ɛ n t ʏ r p o uː t ʏ m
ep	ɛː p
fair	f a iː r
fangarnir	f a u ŋ k a r t n ɪ r
farþegi	f a r θ e iː j ɪ
fauk	f ø yː k
felum	f ɛː l ʏ m
feneyjum	f ɛː n e iː j ʏ m
fjarnám	f j a r t n a uː m
fjölmiðlun	f j œ l m ɪ ð l ʏ n
flugvöllum	f l ʏ ɣ v œ t l ʏ m
forgöngu	f ɔ r k ø y ŋ k ʏ
framhjáhald	f r a m ç a uː h a l t
fræðilegum	f r a iː ð ɪ l ɛː ɣ ʏ m
frítíma	f r iː tʰ iː m a
furðu	f ʏ r ð ʏ
fyrirspurnir	f ɪː r ɪ r s p ʏ r t n ɪ r
fáeinir	f a uː e iː n ɪ r
fátæk	f a uː tʰ a iː k
fátæka	f a uː tʰ a iː k a
félagsskapur	f j ɛː l a x s s k aː p ʏ r
félli	f j ɛ t l ɪ
fénu	f j ɛː n ʏ
gamals	k aː m a l s
gina	c ɪː n a
gleymast	k l e iː m a s t
gleypir	k l e iː p ɪ r
goldman	k ɔ l t m aː n
goðsögn	k ɔ ð s œ k n
gíslasonar	c i s t l a s ɔː n a r
góðrar	k o u ð r a r
hagfræðinga	h a x f r a iː ð i ŋ k a
handlegg	h a n t l ɛ kː
handsama	h a n t s aː m a
heildarfjöldi	h e i l t a r f j œ l t ɪ
heimleið	h e i m l e iː ð
heri	h ɛː r ɪ
hitnar	h ɪ h t n a r
hjólin	ç o uː l ɪ n
hleypir	l̥ e iː p ɪ r
hluthafi	l̥ ʏː t h aː v ɪ
hlýrri	l̥ i rː ɪ
hval	kʰ v aː l
hvatamaður	kʰ v aː t a m aː ð ʏ r
hækkuðu	h a i h k ʏ ð ʏ
ilm	ɪ l m
ilmandi	ɪ l m a n t ɪ
iðju	ɪ ð j ʏ
jafnóðum	j a p n o uː ð ʏ m
jóladag	j o uː l a t aː ɣ
jónasdóttir	j o uː n a s t o u h t ɪ r
jöklum	j œ h k l ʏ m
kirkjuþing	cʰ ɪ r̥ c ʏ θ i ŋ k
kjarval	cʰ a r v aː l
kjördæmum	cʰ œ r t a iː m ʏ m
kjörtímabils	cʰ œ r̥ tʰ iː m a p ɪ l s
klassískt	kʰ l a sː i s k t
klárað	kʰ l a uː r a ð
kortleggja	kʰ ɔ r̥ t l ɛ cː a
krefjandi	kʰ r ɛ v j a n t ɪ
kynþáttar	cʰ ɪ n θ a u h t a r
kíki	cʰ iː c ɪ
könnu	kʰ œ nː ʏ
landsliðsþjálfari	l a n t s t l ɪ ð s θ j a u l v a r ɪ
lausar	l ø yː s a r
leiðirnar	l e iː ð ɪ r t n a r
lester	l ɛ s t ɛ r
liv	l ɪː v
losað	l ɔː s a ð
lula	l ʏː l a
lykilatriði	l ɪː c ɪ l a tʰ r ɪː ð ɪ
lágmarka	l a u ɣ m a r̥ k a
læk	l a iː k
læðingi	l a iː ð i ɲ c ɪ
madonna	m aː t ɔ nː a
mafíunni	m aː v i j ʏ nː ɪ
margfalda	m a r k f a l t a
meintum	m e i n̥ t ʏ m
meðferðin	m ɛ ð f ɛ r ð ɪ n
milda	m ɪ l t a
moka	m ɔː k a
mp	ɛ m̥ p
mtv	ɛ m̥ t v ɛː
mynstri	m ɪ n s t r ɪ
myrku	m ɪ r̥ k ʏ
mæltu	m a i l̥ t ʏ
mótefni	m o uː tʰ ɛ p n ɪ
mótmælenda	m o uː t m a iː l ɛ n t a
neðarlega	n ɛː ð a r l ɛː ɣ a
niðurstöðuna	n ɪː ð ʏ r s t œː ð ʏ n a
norðfirði	n ɔ r ð f ɪ r ð ɪ
nánasta	n a uː n a s t a
nánu	n a uː n ʏ
náttúrufræðistofnunar	n a u h t uː r ʏ f r a iː ð ɪ s t ɔ p n ʏ n a r
náttúrulegar	n a u h t uː r ʏ l ɛː ɣ a r
náttúrustofa	n a u h t uː r ʏ s t ɔː v a
nægilegt	n a iː j ɪ l ɛ x t
nýst	n i s t
opinni	ɔː p ɪ nː ɪ
opni	ɔ h p n ɪ
peningaþvætti	pʰ ɛː n i ŋ k a θ v a i h t ɪ
pilot	pʰ ɪː l ɔː t
portland	pʰ ɔ r̥ t l a n t
postula	pʰ ɔ s t ʏ l a
pulitzer	pʰ ʏː l ɪ t s ɛː r
pólitískra	pʰ o uː l ɪ tʰ i s k r a
ranglæti	r a u ŋ k l a iː t ɪ
rannsakaði	r a nː s aː k aː ð ɪ
reitt	r e i h t
reiðir	r e iː ð ɪ r
renault	r ɛː n ø y l̥ t
reyndir	r e i n t ɪ r
reynslan	r e i n s t l a n
rifi	r ɪː v ɪ
ritgerðin	r ɪː t c ɛ r ð ɪ n
rover	r ɔː v ɛ r
réttast	r j ɛ h t a s t
réttlætis	r j ɛ h t l a iː t ɪ s
rómar	r o uː m a r
röddin	r œ tː ɪ n
rússnesk	r u sː n ɛ s k
salah	s aː l a
samansafn	s aː m a n s a p n
samfarir	s a m f aː r ɪ r
samkomu	s a m kʰ ɔː m ʏ
samræmd	s a m r a i m t
samræðu	s a m r a iː ð ʏ
seljast	s ɛ l j a s t
skala	s k aː l a
skarast	s k aː r a s t
skattar	s k a h t a r
skemmtanir	s c ɛ m̥ tʰ aː n ɪ r
skrapp	s k r a h p
skó	s k o uː
smíðum	s m iː ð ʏ m
spjaldtölvur	s p j a l t tʰ œ l v ʏ r
spítalann	s p iː t a l a nː
staðlar	s t a ð l a r
stjórnmálaflokkur	s t j o u r t n m a uː l a f l ɔ h k ʏ r
stjórnunar	s t j o u r t n ʏ n a r
stranglega	s t r a u ŋ k l ɛː ɣ a
straumurinn	s t r ø yː m ʏ r ɪ nː
stéttir	s t j ɛ h t ɪ r
sunset	s ʏ n s ɛː t
svanhildur	s v aː n h ɪ l t ʏ r
svæðunum	s v a iː ð ʏ n ʏ m
sálarinnar	s a uː l a r ɪ nː a r
sérhæfðum	s j ɛː r h a i v ð ʏ m
sérstaða	s j ɛ r̥ s t aː ð a
talsverðar	tʰ a l s v ɛ r ð a r
teiti	tʰ e iː t ɪ
tina	tʰ ɪː n a
tito	tʰ ɪː t ɔ
trúarlegum	tʰ r uː a r l ɛː ɣ ʏ m
tungan	tʰ u ŋ k a n
tungumálsins	tʰ u ŋ k ʏ m a u l s ɪ n s
tækifærinu	tʰ a iː c ɪ f a iː r ɪ n ʏ
tíðinda	tʰ iː ð ɪ n t a
unnustu	ʏ nː ʏ s t ʏ
valdandi	v a l t a n t ɪ
vandanum	v a n t a n ʏ m
varpaði	v a r̥ p aː ð ɪ
vatnsmýrinni	v a h t n s m iː r ɪ nː ɪ
veggja	v ɛ cː a
veislur	v e i s t l ʏ r
veittar	v e i h t a r
verks	v ɛ r̥ k s
vilhjálmsdóttir	v ɪ l ç a u l m s t o u h t ɪ r
vinnuafli	v ɪ nː ʏ a p l ɪ
vinstrihreyfingarinnar	v ɪ n s t r ɪ r̥ e iː v i ŋ k a r ɪ nː a r
vivian	v ɪː v ɪ aː n
viðgerð	v ɪ ð c ɛ r ð
vonlaust	v ɔ n l ø y s t
vísitalan	v iː s ɪ tʰ aː l a n
vörunum	v œː r ʏ n ʏ m
warner	v a r t n ɛ r
álfunni	a u l v ʏ nː ɪ
ásmundar	a uː s m ʏ n t a r
æxli	a i k s t l ɪ
ólína	o uː l iː n a
óþægindum	o uː θ a iː j ɪ n t ʏ m
öflugan	œ v l ʏː ɣ a n
önundarfirði	œː n ʏ n t a r f ɪ r ð ɪ
úrlausn	u r l ø y s t n
úrskurði	u r̥ s k ʏ r ð ɪ
útgerðarmaður	uː t c ɛ r ð a r m aː ð ʏ r
útgjöld	uː t c œ l t
þeira	θ e iː r a
þrælar	θ r a iː l a r
þrýst	θ r i s t
þáttanna	θ a u h t a nː a
þéttleika	θ j ɛ h t l e iː k a
þórarinsdóttir	θ o uː r a r ɪ n s t o u h t ɪ r
agli	a k l ɪ
atferlismeðferð	aː t f ɛ r l ɪ s m ɛ ð f ɛ r ð
athöfnin	aː t h œ p n ɪ n
auðveld	ø y ð v ɛ l t
aðkoma	a ð kʰ ɔː m a
bandamanna	p a n t a m a nː a
bannar	p a nː a r
barnaskóla	p a r t n a s k o uː l a
barnshafandi	p a r t n s h aː v a n t ɪ
basel	p aː s ɛ l
bitna	p ɪ h t n a
blair	p l a iː r
block	p l ɔ h k
blæðingar	p l a iː ð i ŋ k a r
blés	p l j ɛː s
breyttust	p r e i h t ʏ s t
brotthvarf	p r ɔ h t kʰ v a r v
brutu	p r ʏː t ʏ
brúnir	p r uː n ɪ r
byggðasafn	p ɪ ɣ ð a s a p n
byssum	p ɪ sː ʏ m
bátarnir	p a uː tʰ a r t n ɪ r
bætum	p a iː t ʏ m
clive	kʰ l ɪː v ɛ
dautt	t ø y h t
dekkri	t ɛ h k r ɪ
dimmu	t ɪ mː ʏ
dottið	t ɔ h t ɪ ð
efnahagslegt	ɛ p n a h a x s l ɛ x t
einkennilega	e i n cʰ ɛ nː ɪ l ɛː ɣ a
eldborg	ɛ l t p ɔ r k
embættismaður	ɛ m p a i h t ɪ s m aː ð ʏ r
enskt	ɛ n s k t
exista	ɛ k s ɪ s t a
eyjamenn	e iː j a m ɛ nː
eyvindur	e iː v ɪ n t ʏ r
feitt	f e i h t
fiskum	f ɪ s k ʏ m
fjármálaeftirlitið	f j a u r m a uː l a ɛ f t ɪ r l ɪː t ɪ ð
forstöðu	f ɔ r̥ s t œː ð ʏ
forustu	f ɔː r ʏ s t ʏ
framhlið	f r a m l̥ ɪː ð
framkvæmdi	f r a m kʰ v a i m t ɪ
framlögum	f r a m l œː ɣ ʏ m
fræðiheiti	f r a iː ð ɪ h e iː t ɪ
fyrirhuguð	f ɪː r ɪ r h ʏː ɣ ʏ ð
fátæktar	f a uː tʰ a i x t a r
færeysku	f a iː r e i s k ʏ
fínan	f iː n a n
gegni	c ɛ k n ɪ
geislar	c e i s t l a r
gildar	c ɪ l t a r
gistiheimili	c ɪ s t ɪ h e iː m ɪ l ɪ
greinileg	k r e iː n ɪ l ɛː ɣ
grætt	k r a i h t
gróft	k r o u f t
guðbjartur	k v ʏ ð p j a r̥ t ʏ r
hallgrímskirkju	h a t l k r i m s c ɪ r̥ c ʏ
hatri	h aː t r ɪ
hefjist	h ɛ v j ɪ s t
heimilisins	h e iː m ɪ l ɪ s ɪ n s
heiðursverðlaun	h e iː ð ʏ r s v ɛ r ð l ø yː n
his	h ɪː s
hlunnindi	l̥ ʏ nː ɪ n t ɪ
hnífsdal	n̥ i v s t aː l
hrafns	r̥ a p n s
hreinleika	r̥ e i n l e iː k a
hreyfinguna	r̥ e iː v i ŋ k ʏː n a
hreyfist	r̥ e iː v ɪ s t
hugað	h ʏː ɣ a ð
hveragerðis	kʰ v ɛː r a c ɛ r ð ɪ s
höfundarins	h œː v ʏ n t a r ɪ n s
hömrum	h œ m r ʏ m
illuga	ɪ t l ʏː ɣ a
jafningja	j a p n i ɲ c a
janus	j aː n ʏ s
jákvæðum	j a uː kʰ v a iː ð ʏ m
jóa	j o uː a
jörðum	j œ r ð ʏ m
kane	kʰ aː n ɛ
keim	cʰ e iː m
kfuk	kʰ f ʏː k
kit	cʰ ɪː t
kjafti	cʰ a f t ɪ
kjarnanum	cʰ a r t n a n ʏ m
kjöl	cʰ œː l
klukkuna	kʰ l ʏ h k ʏ n a
kola	kʰ ɔː l a
lagar	l aː ɣ a r
landsmönnum	l a n t s m œ nː ʏ m
leiðarvísir	l e iː ð a r v iː s ɪ r
lil	l ɪː l
litast	l ɪː tʰ a s t
ljóssins	l j o u sː ɪ n s
local	l ɔː k aː l
lost	l ɔ s t
lukaku	l ʏː k aː k ʏ
lánað	l a uː n a ð
lögreglumanna	l œ ɣ r ɛ k l ʏ m a nː a
mannréttindabrot	m a nː r j ɛ h t ɪ n t a p r ɔː t
marel	m aː r ɛ l
maya	m a iː j a
meiddist	m e i tː ɪ s t
menningarlega	m ɛ nː i ŋ k a r l ɛː ɣ a
menntamálum	m ɛ n̥ t a m a uː l ʏ m
merkis	m ɛ r̥ c ɪ s
metnað	m ɛ h t n a ð
minnsti	m ɪ n s t ɪ
myndbandi	m ɪ n t p a n t ɪ
myndlista	m ɪ n t l ɪ s t a
málma	m a u l m a
mýkri	m iː k r ɪ
nefndina	n ɛ p n t ɪː n a
norðurlönd	n ɔ r ð ʏ r l œ n t
ny	n ɪː
náttúruhamfarir	n a u h t uː r ʏ h a m f aː r ɪ r
næringarefnum	n a iː r i ŋ k a r ɛ p n ʏ m
nýlegri	n iː l ɛ ɣ r ɪ
opins	ɔː p ɪ n s
orsakað	ɔ r̥ s aː k a ð
orsökin	ɔ r̥ s œː c ɪ n
persónulegum	pʰ ɛ r̥ s o uː n ʏ l ɛː ɣ ʏ m
prófs	pʰ r o u f s
raunverulegar	r ø y n v ɛː r ʏ l ɛː ɣ a r
reglna	r ɛ k l n a
reikningnum	r e i h k n i ŋ k n ʏ m
reiti	r e iː t ɪ
reynið	r e iː n ɪ ð
rivers	r ɪː v ɛ r̥ s
rory	r ɔː r ɪ
ráðstafa	r a u ð s t aː v a
ríkisstjórna	r iː c ɪ s s t j o u r t n a
rómverjar	r o u m v ɛ r j a r
róttækar	r o u h t a iː k a r
rögnvaldsson	r œ k n v a l t s s ɔː n
samtíð	s a m tʰ iː ð
samviskubit	s a m v ɪ s k ʏ p ɪː t
sektir	s ɛ x t ɪ r
seldust	s ɛ l t ʏ s t
side	s ɪː t ɛ
sjaldgæf	s j a l t c a iː v
skjaldborg	s c a l t p ɔ r k
skjóls	s c o u l s
skuldara	s k ʏ l t a r a
skálar	s k a uː l a r
skólastarfi	s k o uː l a s t a r v ɪ
slasast	s t l aː s a s t
smásögur	s m a uː s œː ɣ ʏ r
smíðar	s m iː ð a r
snerust	s t n ɛː r ʏ s t
sniðið	s t n ɪː ð ɪ ð
soðin	s ɔː ð ɪ n
sprengdi	s p r e i ŋ t ɪ
staðbundið	s t a ð p ʏ n t ɪ ð
staðli	s t a ð l ɪ
strandir	s t r a n t ɪ r
stungu	s t u ŋ k ʏ
stóriðju	s t o uː r ɪ ð j ʏ
suzanne	s ʏː s a nː ɛ
sveitarstjóri	s v e iː t a r s t j o uː r ɪ
sveitarstjórna	s v e iː t a r s t j o u r t n a
sært	s a i r̥ t
sósur	s o uː s ʏ r
takmarki	tʰ aː k m a r̥ c ɪ
tilgreind	tʰ ɪ l k r e i n t
tilrauna	tʰ ɪ l r ø yː n a
tjöld	tʰ j œ l t
töluverða	tʰ œː l ʏ v ɛ r ð a
töluverðar	tʰ œː l ʏ v ɛ r ð a r
umburðarlyndi	ʏ m p ʏ r ð a r l ɪ n t ɪ
umfangi	ʏ m f a u ɲ c ɪ
uppfylli	ʏ h p f ɪ t l ɪ
va	v aː
vagninum	v a k n ɪ n ʏ m
varan	v aː r a n
varist	v aː r ɪ s t
vegin	v e iː j ɪ n
veislan	v e i s t l a n
veitur	v e iː t ʏ r
veltum	v ɛ l̥ t ʏ m
venjum	v ɛ n j ʏ m
vestanverðu	v ɛ s t a n v ɛ r ð ʏ
vetra	v ɛː t r a
veðurstofa	v ɛː ð ʏ r s t ɔː v a
villtir	v ɪ l̥ t ɪ r
wes	v ɛː s
wilde	v ɪ l t ɛ
yst	ɪ s t
ágreiningi	a uː k r e iː n i ɲ c ɪ
áhugaverðir	a uː h ʏː ɣ a v ɛ r ð ɪ r
árnesinga	a u r t n ɛː s i ŋ k a
áróðri	a uː r o u ð r ɪ
æðar	a iː ð a r
íþróttafélög	iː θ r o u h t a f j ɛː l œː ɣ
ódýrara	o uː t iː r a r a
óþekkta	o uː θ ɛ x t a
þessarra	θ ɛ sː a rː a
þjáningar	θ j a uː n i ŋ k a r
þjóðminjasafn	θ j o u ð m ɪ n j a s a p n
þröngum	θ r ø y ŋ k ʏ m
þórdísi	θ o u r t iː s ɪ
abba	a pː a
aflýst	a v l i s t
allah	a t l a
also	a l s ɔ
alþjóðlegs	a l θ j o u ð l ɛ k s
anti	a n̥ t ɪ
aurora	ø yː r ɔː r a
ballið	p a t l ɪ ð
bardögum	p a r t œː ɣ ʏ m
beck	p ɛ h k
belle	p ɛ t l ɛ
berger	p ɛ r k ɛ r
bilar	p ɪː l a r
bláar	p l a uː a r
byrji	p ɪ r j ɪ
china	cʰ ɪː n a
circus	s ɪ r̥ k ʏ s
dauðsföll	t ø y ð s f œ t l
diamond	t ɪː a m ɔ n t
dimmt	t ɪ m̥ t
dong	t o u ŋ k
drottningarinnar	t r ɔ h t n i ŋ k a r ɪ nː a r
dökkum	t œ h k ʏ m
einbeitingu	e i n p e iː t i ŋ k ʏ
eirík	e iː r iː k
ensím	ɛ n s iː m
epps	ɛ h p s
eye	e iː j ɛ
fjandans	f j a n t a n s
fjármálaráðuneytinu	f j a u r m a uː l a r a uː ð ʏ n e iː t ɪ n ʏ
fjöri	f j œː r ɪ
flett	f l ɛ h t
fletti	f l ɛ h t ɪ
flottum	f l ɔ h t ʏ m
flytjandi	f l ɪː t j a n t ɪ
formlegar	f ɔ r m l ɛː ɣ a r
frumkvæðið	f r ʏ m kʰ v a iː ð ɪ ð
frumsýningu	f r ʏ m s iː n i ŋ k ʏ
fréttinni	f r j ɛ h t ɪ nː ɪ
færið	f a iː r ɪ ð
garðsins	k a r ð s ɪ n s
gaus	k ø yː s
gili	c ɪː l ɪ
glæsibrag	k l a iː s ɪ p r aː ɣ
hafsvæði	h a v s v a iː ð ɪ
halldóru	h a t l t o uː r ʏ
haven	h aː v ɛ n
heimspekingar	h e i m s p ɛː c i ŋ k a r
heppilegt	h ɛ h p ɪ l ɛ x t
hillu	h ɪ t l ʏ
hjaltadal	ç a l̥ t a t aː l
hljómgrunn	l̥ j o u m k r ʏ nː
hornsteinn	h ɔ r t n s t e i t n
hröðum	r̥ œː ð ʏ m
hugga	h ʏ kː a
hv	kʰ v ɛː
hækkaður	h a i h k a ð ʏ r
héraðs	ç ɛː r a ð s
höf	h œː v
höfuðs	h œː v ʏ ð s
höfuðverk	h œː v ʏ ð v ɛ r̥ k
höllin	h œ t l ɪ n
into	ɪ n̥ t ɔ
klaka	kʰ l aː k a
knúin	kʰ n uː ɪ n
ks	kʰ s
kveðskap	kʰ v ɛ ð s k aː p
kvöldstund	kʰ v œ l t s t ʏ n t
kynþætti	cʰ ɪ n θ a i h t ɪ
kárahnjúkavirkjun	kʰ a uː r a n̥ j uː k a v ɪ r̥ c ʏ n
kýrnar	cʰ i r t n a r
lendum	l ɛ n t ʏ m
loftsson	l ɔ f t s s ɔː n
lygar	l ɪː ɣ a r
lögleg	l œ ɣ l ɛː ɣ
madame	m aː t a m ɛː
manneskjuna	m a nː ɛ s c ʏː n a
marko	m a r̥ k ɔ
misjafnar	m ɪː s j a p n a r
monk	m o u ŋ̊ k
myndlistarmenn	m ɪ n t l ɪ s t a r m ɛ nː
málmi	m a u l m ɪ
natural	n aː t ʏ r aː l
nesinu	n ɛː s ɪː n ʏ
nunna	n ʏ nː a
náðust	n a uː ð ʏ s t
nærð	n a i r ð
pall	pʰ a t l
po	pʰ ɔː
rei	r e iː
rhode	r̥ ɔː t ɛ
réttarins	r j ɛ h t a r ɪ n s
rómverja	r o u m v ɛ r j a
sein	s e iː n
seinkun	s e i ŋ̊ k ʏ n
shop	s h ɔː p
sigtryggur	s ɪ x t r ɪ kː ʏ r
sink	s i ŋ̊ k
sjáist	s j a uː ɪ s t
skorin	s k ɔː r ɪ n
sléttum	s t l j ɛ h t ʏ m
spring	s p r i ŋ k
spyrjum	s p ɪ r j ʏ m
starfsemina	s t a r v s ɛː m ɪː n a
stillti	s t ɪ l̥ t ɪ
stofnanda	s t ɔ p n a n t a
styrjöld	s t ɪ r j œ l t
styttu	s t ɪ h t ʏ
stíf	s t iː v
sálu	s a uː l ʏ
síberíu	s iː p ɛː r i j ʏ
sítt	s i h t
söfnuðurinn	s œ p n ʏ ð ʏ r ɪ nː
theresa	tʰ ɛː r ɛː s a
tilbrigði	tʰ ɪ l p r ɪ ɣ ð ɪ
tilfinningarnar	tʰ ɪ l f ɪ nː i ŋ k a r t n a r
undanfarnar	ʏ n t a n f a r t n a r
undirlagi	ʏ n t ɪ r l aː j ɪ
uppdráttar	ʏ h p t r a u h t a r
vai	v a iː
verjanda	v ɛ r j a n t a
verkamanna	v ɛ r̥ k a m a nː a
viking	v ɪː c i ŋ k
vikurnar	v ɪː k ʏ r t n a r
vinnunnar	v ɪ nː ʏ nː a r
vísindalegar	v iː s ɪ n t a l ɛː ɣ a r
vísindarannsóknir	v iː s ɪ n t a r a nː s o u h k n ɪ r
vörðu	v œ r ð ʏ
wilhelm	v ɪː l h ɛ l m
yfirferðar	ɪː v ɪ r f ɛ r ð a r
íbúðina	iː p uː ð ɪ n a
óðins	o uː ð ɪ n s
þuríðar	θ ʏː r iː ð a r
afbragðs	a v p r a ɣ ð s
afneita	a p n e iː t a
algjöru	a l c œː r ʏ
allstaðar	a t l s t aː ð a r
anita	aː n ɪː t a
annir	a nː ɪ r
astrid	a s t r ɪː t
auglýsinga	ø y ɣ l iː s i ŋ k a
auðga	ø y ð k a
auðkenni	ø y ð cʰ ɛ nː ɪ
aðgerðirnar	a ð c ɛ r ð ɪ r t n a r
aðhald	aː ð h a l t
aðstoðaði	a ð s t ɔː ð a ð ɪ
basil	p aː s ɪ l
baugi	p ø yː j ɪ
bernstein	p ɛ r t n s t e iː n
blóðflæði	p l o u ð f l a iː ð ɪ
boðum	p ɔː ð ʏ m
brennidepli	p r ɛ nː ɪ t ɛ h p l ɪ
byltingarinnar	p ɪ l̥ t i ŋ k a r ɪ nː a r
búdapest	p uː t a pʰ ɛ s t
cliff	kʰ l ɪ fː
core	kʰ ɔː r ɛ
cruise	kʰ r ʏ iː s ɛ
danmark	t a n m a r̥ k
disknum	t ɪ s k n ʏ m
dregst	t r ɛ x s t
drengnum	t r e i ŋ k n ʏ m
drukkum	t r ʏ h k ʏ m
dást	t a u s t
dómsmálaráðuneytið	t o u m s m a uː l a r a uː ð ʏ n e iː t ɪ ð
dóttirin	t o u h t ɪ r ɪː n
efling	ɛ p l i ŋ k
einhverntíma	e i n kʰ v ɛ r t n tʰ iː m a
einkennilegt	e i n cʰ ɛ nː ɪ l ɛ x t
einkennt	e i n cʰ ɛ n̥ t
endurbyggja	ɛ n t ʏ r p ɪ cː a
fellst	f ɛ t l s t
festar	f ɛ s t a r
festur	f ɛ s t ʏ r
fjölmörgu	f j œ l m œ r k ʏ
fjölskyldna	f j œ l s c ɪ l t n a
fjörðum	f j œ r ð ʏ m
flosa	f l ɔː s a
flutningar	f l ʏ h t n i ŋ k a r
flytjum	f l ɪː t j ʏ m
frumkvöðla	f r ʏ m kʰ v œ ð l a
frumurnar	f r ʏː m ʏ r t n a r
frábærum	f r a uː p a iː r ʏ m
fínasta	f iː n a s t a
gagnstæða	k a k n s t a iː ð a
gallup	k a t l ʏ p
geggjað	c ɛ cː a ð
girl	c ɪ r t l
gladdi	k l a tː ɪ
grasa	k r aː s a
greiddur	k r e i tː ʏ r
gríni	k r iː n ɪ
gunnlaugssonar	k ʏ nː l ø y x s s ɔː n a r
haag	h ɔː ɣ
hafnarfjörð	h a p n a r f j œ r ð
hagsmunir	h a x s m ʏː n ɪ r
hallormsstað	h a t l ɔ r m s s t aː ð
hannesi	h a nː ɛː s ɪ
heilsufar	h e i l s ʏː v a r
hellum	h ɛ t l ʏ m
hemil	h ɛː m ɪ l
hermanns	h ɛ r m a nː s
hestbaki	h ɛ s t p aː c ɪ
hjartanlega	ç a r̥ t a n l ɛː ɣ a
hljóðar	l̥ j o uː ð a r
hljóðs	l̥ j o u ð s
hlutskipti	l̥ ʏː t s c ɪ f t ɪ
hlýst	l̥ i s t
holm	h ɔ l m
hornströndum	h ɔ r t n s t r œ n t ʏ m
hressingu	r̥ ɛ sː i ŋ k ʏ
hræðslu	r̥ a i ð s t l ʏ
hugleiðslu	h ʏ ɣ l e i ð s t l ʏ
hundruðir	h ʏ n t r ʏː ð ɪ r
hvetjandi	kʰ v ɛː t j a n t ɪ
háskólanna	h a uː s k o uː l a nː a
háskólanámi	h a uː s k o uː l a n a uː m ɪ
hættunni	h a i h t ʏ nː ɪ
hönnu	h œ nː ʏ
hönnunar	h œ nː ʏ n a r
hönnuðir	h œ nː ʏ ð ɪ r
húmor	h uː m ɔ r
innleidd	ɪ nː l e i tː
jafnræði	j a p n r a iː ð ɪ
jeg	j ɛː ɣ
kastljósi	kʰ a s t l j o uː s ɪ
keflavíkurflugvallar	cʰ ɛ p l a v iː k ʏ r f l ʏ ɣ v a t l a r
keilir	cʰ e iː l ɪ r
kerfa	cʰ ɛ r v a
kjörum	cʰ œː r ʏ m
klein	kʰ l e iː n
klikkar	kʰ l ɪ h k a r
kraftar	kʰ r a f t a r
kristjánsdóttur	kʰ r ɪ s t j a u n s t o u h t ʏ r
krúnuna	kʰ r uː n ʏ n a
kvikmyndarinnar	kʰ v ɪː k m ɪ n t a r ɪ nː a r
kvóta	kʰ v o uː t a
kynslóðum	cʰ ɪ n s t l o uː ð ʏ m
kærður	cʰ a i r ð ʏ r
kólnar	kʰ o u l n a r
kött	kʰ œ h t
lagaleg	l aː ɣ a l ɛː ɣ
lana	l aː n a
landamæranna	l a n t a m a iː r a nː a
lesendum	l ɛː s ɛ n t ʏ m
lestin	l ɛ s t ɪ n
lin	l ɪː n
liðna	l ɪ ð n a
lokaðir	l ɔː k a ð ɪ r
lúðrasveit	l u ð r a s v e iː t
lýðræðislegum	l i ð r a iː ð ɪ s l ɛː ɣ ʏ m
magazine	m aː ɣ a t͡s ɪː n ɛ
messunni	m ɛ sː ʏ nː ɪ
meðalhita	m ɛː ð a l h ɪː t a
mickey	m ɪ h c ɛ i̯
mika	m ɪː k a
milestone	m ɪː l ɛ s t ɔː n ɛ
minneapolis	m ɪ nː ɛ a pʰ ɔː l ɪ s
múla	m uː l a
newark	n ɛː v a r̥ k
nokkura	n ɔ h k ʏ r a
nágrönnum	n a uː k r œ nː ʏ m
nægar	n a iː ɣ a r
odd	ɔ tː
ofur	ɔː v ʏ r
ofursta	ɔː v ʏ r̥ s t a
parti	pʰ a r̥ t ɪ
pink	pʰ i ŋ̊ k
primo	pʰ r ɪː m ɔ
prófum	pʰ r o uː v ʏ m
rennir	r ɛ nː ɪ r
rottum	r ɔ h t ʏ m
ráðuneytum	r a uː ð ʏ n e iː t ʏ m
ríkum	r iː k ʏ m
rögnvaldur	r œ k n v a l t ʏ r
sannfærður	s a nː f a i r ð ʏ r
sekan	s ɛː k a n
self	s ɛ l v
siðmennt	s ɪ ð m ɛ n̥ t
sja	s j aː
sjálfboðaliðar	s j a u l v p ɔː ð a l ɪː ð a r
sjálfbærri	s j a u l v p a i rː ɪ
sjálfvirka	s j a u l v v ɪ r̥ k a
sjónvarpsþáttum	s j o u n v a r̥ p s θ a u h t ʏ m
skemmdarverk	s c ɛ m t a r v ɛ r̥ k
skilmálum	s c ɪ l m a uː l ʏ m
skriftir	s k r ɪ f t ɪ r
skynsamleg	s c ɪ n s a m l ɛː ɣ
sniðum	s t n ɪː ð ʏ m
spider	s p ɪː t ɛ r
sprengjan	s p r e i ɲ c a n
spýtur	s p iː t ʏ r
stillingu	s t ɪ t l i ŋ k ʏ
stofnenda	s t ɔ p n ɛ n t a
stormi	s t ɔ r m ɪ
stríðs	s t r i ð s
ströngum	s t r ø y ŋ k ʏ m
stytti	s t ɪ h t ɪ
sveitarstjórnir	s v e iː t a r s t j o u r t n ɪ r
sveppa	s v ɛ h p a
svá	s v a uː
svöng	s v ø y ŋ k
sænski	s a i n s c ɪ
símar	s iː m a r
sýndist	s i n t ɪ s t
tillöguna	tʰ ɪ t l œː ɣ ʏ n a
tjaldsvæði	tʰ j a l t s v a iː ð ɪ
tröllaskaga	tʰ r œ t l a s k aː ɣ a
tröppur	tʰ r œ h p ʏ r
táknum	tʰ a u h k n ʏ m
tárin	tʰ a uː r ɪ n
tókum	tʰ o uː k ʏ m
tómt	tʰ o u m̥ t
töluverðum	tʰ œː l ʏ v ɛ r ð ʏ m
upplýsingamiðstöð	ʏ h p l iː s i ŋ k a m ɪ ð s t œː ð
upprennandi	ʏ h p r ɛ nː a n t ɪ
upprunalegum	ʏ h p r ʏː n a l ɛː ɣ ʏ m
uppselt	ʏ h p s ɛ l̥ t
vandað	v a n t a ð
vanrækslu	v a n r a i k s t l ʏ
vant	v a n̥ t
varaþingmaður	v aː r a θ i ŋ k m aː ð ʏ r
varpar	v a r̥ p a r
varstu	v a r̥ s t ʏ
veikst	v e i x s t
versnar	v ɛ r̥ s t n a r
veruleiki	v ɛː r ʏ l e iː c ɪ
vingjarnlegur	v i ɲ c a r t n l ɛː ɣ ʏ r
vitnar	v ɪ h t n a r
viði	v ɪː ð ɪ
viðskiptamenn	v ɪ ð s c ɪ f t a m ɛ nː
vlad	v l aː t
voruð	v ɔː r ʏ ð
vottar	v ɔ h t a r
voða	v ɔː ð a
waters	v aː t ɛ r̥ s
webber	v ɛ pː ɛ r
weiss	v e i sː
whitney	v ɪ h t n ɛ i̯
wi	v ɪː
ágætum	a uː c a iː t ʏ m
áhlaup	a uː l̥ ø yː p
áhugann	a uː h ʏː ɣ a nː
álfa	a u l v a
árlegu	a uː r l ɛː ɣ ʏ
ástarinnar	a u s t a r ɪ nː a r
ættin	a i h t ɪ n
ítalir	iː tʰ aː l ɪ r
óháðir	o uː h a uː ð ɪ r
óteljandi	o uː tʰ ɛ l j a n t ɪ
ögra	œ ɣ r a
örgjörva	œ r c œ r v a
útgáfunnar	uː t k a uː f ʏ nː a r
útsetningar	uː t s ɛ h t n i ŋ k a r
þjáningu	θ j a uː n i ŋ k ʏ
þjóðlög	θ j o u ð l œː ɣ
þjóðminjasafnsins	θ j o u ð m ɪ n j a s a p n s ɪ n s
þrifist	θ r ɪː v ɪ s t
þráð	θ r a uː ð
þéttbýlis	θ j ɛ h t p iː l ɪ s
agnir	a k n ɪ r
andrésson	a n t r j ɛ sː ɔ n
atvinnulaus	aː t v ɪ nː ʏ l ø yː s
bandalagi	p a n t a l aː j ɪ
batnar	p a h t n a r
bergþóra	p ɛ r k θ o uː r a
bjarg	p j a r k
borgaralega	p ɔ r k a r a l ɛː ɣ a
brennir	p r ɛ nː ɪ r
breskir	p r ɛ s c ɪ r
byrjunin	p ɪ r j ʏ n ɪ n
dreifði	t r e i v ð ɪ
duttu	t ʏ h t ʏ
dvöldu	t v œ l t ʏ
eyrunum	e iː r ʏ n ʏ m
flugvallarins	f l ʏ ɣ v a t l a r ɪ n s
foreldrana	f ɔː r ɛ l t r aː n a
forvera	f ɔ r v ɛː r a
fræðileg	f r a iː ð ɪ l ɛː ɣ
fylgstu	f ɪ l k s t ʏ
grótta	k r o u h t a
gröndal	k r œ n t aː l
handhafar	h a n t h aː v a r
harðir	h a r ð ɪ r
hlustum	l̥ ʏ s t ʏ m
hæstarétt	h a i s t a r j ɛ h t
kaldan	kʰ a l t a n
kolum	kʰ ɔː l ʏ m
lauginni	l ø yː j ɪ nː ɪ
leifsson	l e i v s s ɔː n
látinna	l a uː tʰ ɪ nː a
lækningu	l a i h k n i ŋ k ʏ
lífverum	l i v v ɛː r ʏ m
líkön	l iː kʰ œː n
middle	m ɪ tː l ɛ
mosfellsbær	m ɔː s f ɛ t l s p a iː r
nató	n aː tʰ o uː
niðrandi	n ɪ ð r a n t ɪ
nordisk	n ɔ r t ɪ s k
norðursins	n ɔ r ð ʏ r s ɪ n s
nyti	n ɪː t ɪ
nærast	n a iː r a s t
original	ɔː r ɪ c ɪ n aː l
palestínumanna	pʰ aː l ɛ s t iː n ʏ m a nː a
polar	pʰ ɔː l a r
pálssyni	pʰ a u l s s ɪː n ɪ
rangárþingi	r a u ŋ k a u r θ i ɲ c ɪ
rauðar	r ø yː ð a r
ritgerðinni	r ɪː t c ɛ r ð ɪ nː ɪ
ritstjórar	r ɪː t s t j o uː r a r
ríkustu	r iː k ʏ s t ʏ
sagst	s a x s t
salsa	s a l s a
sesselja	s ɛ sː ɛ l j a
sjálfsmorð	s j a u l s m ɔ r ð
skipulagður	s c ɪː p ʏ l a ɣ ð ʏ r
skrána	s k r a uː n a
spillir	s p ɪ t l ɪ r
status	s t aː t ʏ s
suzuki	s ʏː s ʏː c ɪ
svífur	s v iː v ʏ r
söngurinn	s ø y ŋ k ʏ r ɪ nː
talsverðan	tʰ a l s v ɛ r ð a n
taugakerfið	tʰ ø yː ɣ a cʰ ɛ r v ɪː ð
taumana	tʰ ø yː m aː n a
testamentið	tʰ ɛ s t a m ɛ n̥ t ɪː ð
textans	tʰ ɛ k s t a n s
tilvitnanir	tʰ ɪ l v ɪ h t n a n ɪ r
trúarleg	tʰ r uː a r l ɛː ɣ
tyrkja	tʰ ɪ r̥ c a
tæpan	tʰ a iː pʰ a n
töskunni	tʰ œ s k ʏ nː ɪ
unglingsárum	u ŋ k l i ŋ k s a uː r ʏ m
uppköst	ʏ h p kʰ œ s t
ut	ʏː t
utar	ʏː t a r
vaska	v a s k a
veiddur	v e i tː ʏ r
veiðarfæri	v e iː ð a r f a iː r ɪ
via	v ɪː j a
víkina	v iː c ɪ n a
zen	s ɛː n
áhugafólks	a uː h ʏː ɣ a f o u l̥ k s
ægi	a iː j ɪ
ægilega	a iː j ɪ l ɛː ɣ a
æt	a iː t
ísfirðinga	iː s f ɪ r ð i ŋ k a
óbreyttur	o uː p r e i h t ʏ r
óháða	o uː h a uː ð a
óperunni	o uː p ɛː r ʏ nː ɪ
öruggri	œː r ʏ kː r ɪ
þróar	θ r o uː a r
afurða	aː v ʏ r ð a
aldamótum	a l t a m o uː t ʏ m
allskyns	a t l s c ɪ n s
anastasía	aː n a s t a s iː j a
andstæð	a n t s t a iː ð
aragon	aː r a k ɔː n
askja	a s c a
athugaðu	aː t h ʏː ɣ a ð ʏ
atlason	aː t l a s ɔː n
atvinnulífið	aː t v ɪ nː ʏ l iː v ɪ ð
austen	ø y s t ɛ n
autt	ø y h t
bandaríkjahers	p a n t a r iː c a h ɛ r̥ s
barbie	p a r p ɪː
beauty	p ø yː t ɪ
bessi	p ɛ sː ɪ
beth	p ɛː t
bikarkeppni	p ɪː k a r cʰ ɛ h p n ɪ
birgis	p ɪ r c ɪ s
bishop	p ɪː s h ɔː p
bjarkar	p j a r̥ k a r
bjarnadóttur	p j a r t n a t o u h t ʏ r
blett	p l ɛ h t
blindir	p l ɪ n t ɪ r
bombay	p ɔ m p a iː
bridges	p r ɪ t c ɛː s
bráðnar	p r a u ð n a r
bárðarson	p a u r ð a r s ɔː n
bæjarráðs	p a iː j a r r a u ð s
bílaumferð	p iː l ø y m f ɛ r ð
cory	kʰ ɔː r ɪ
dagsetningu	t a x s ɛ h t n i ŋ k ʏ
danskar	t a n s k a r
detti	t ɛ h t ɪ
diskar	t ɪ s k a r
dolores	t ɔː l ɔ r ɛː s
dreifikerfi	t r e iː v ɪ cʰ ɛ r v ɪ
drengsins	t r e i ŋ k s ɪ n s
dönsum	t œ n s ʏ m
dýrsins	t i r̥ s ɪ n s
eldað	ɛ l t a ð
eldsneytis	ɛ l t s n e iː t ɪ s
eldvirkni	ɛ l t v ɪ r̥ k n ɪ
endurvinna	ɛ n t ʏ r v ɪ nː a
erfiðir	ɛ r v ɪː ð ɪ r
erfðir	ɛ r v ð ɪ r
fallbyssur	f a t l p ɪ sː ʏ r
fangavist	f a u ŋ k a v ɪ s t
feneyjar	f ɛː n e iː j a r
feng	f e i ŋ k
fengnar	f e i ŋ k n a r
ferðarinnar	f ɛ r ð a r ɪ nː a r
finnurðu	f ɪ nː ʏ r ð ʏ
fjarlægður	f j a r l a i ɣ ð ʏ r
fjarska	f j a r̥ s k a
fjölnis	f j œ l n ɪ s
flensu	f l ɛ n s ʏ
flokkunum	f l ɔ h k ʏ n ʏ m
flottari	f l ɔ h t a r ɪ
flugvélinni	f l ʏ ɣ v j ɛː l ɪ nː ɪ
fluttust	f l ʏ h t ʏ s t
flötum	f l œː t ʏ m
font	f ɔ n̥ t
fordómar	f ɔ r t o uː m a r
foreldrunum	f ɔː r ɛ l t r ʏː n ʏ m
foringjar	f ɔː r i ɲ c a r
forystumenn	f ɔː r ɪ s t ʏ m ɛ nː
friðun	f r ɪː ð ʏ n
frumna	f r ʏ m n a
fráfarandi	f r a uː v a r a n t ɪ
fullkomnar	f ʏ t l̥ kʰ ɔ m n a r
fylgdust	f ɪ l t ʏ s t
fylgis	f ɪ l c ɪ s
fyrirkomulagi	f ɪː r ɪ r kʰ ɔː m ʏ l aː j ɪ
fötunum	f œː t ʏ n ʏ m
gamal	k aː m a l
gaum	k ø yː m
gjörið	c œː r ɪ ð
grannt	k r a n̥ t
greindar	k r e i n t a r
gretti	k r ɛ h t ɪ
grundartanga	k r ʏ n t a r tʰ a u ŋ k a
grátandi	k r a uː tʰ a n t ɪ
hafsbotni	h a v s p ɔ h t n ɪ
hanns	h a n s
hatta	h a h t a
hatti	h a h t ɪ
hauki	h ø yː c ɪ
haukum	h ø yː k ʏ m
heimsmeistaramótið	h e i m s m e i s t a r a m o uː t ɪ ð
heldr	h ɛ l t r
heppnaðist	h ɛ h p n a ð ɪ s t
herðubreið	h ɛ r ð ʏ p r e iː ð
hlupu	l̥ ʏː p ʏ
hlynntur	l̥ ɪ n̥ t ʏ r
hlífar	l̥ iː v a r
hlýrra	l̥ i rː a
holding	h ɔ l t i ŋ k
hornin	h ɔ r t n ɪ n
horse	h ɔ r̥ s ɛ
hreppnum	r̥ ɛ h p n ʏ m
hrinu	r̥ ɪː n ʏ
hræðileg	r̥ a iː ð ɪ l ɛː ɣ
hugsjón	h ʏ x s j o uː n
hvolfi	kʰ v ɔ l v ɪ
hyde	h ɪː t ɛ
hyggjast	h ɪ cː a s t
högna	h œ k n a
höndin	h œ n t ɪ n
hörðu	h œ r ð ʏ
ingveldur	i ŋ k v ɛ l t ʏ r
innleitt	ɪ nː l e i h t
japönsk	j aː pʰ œ n s k
jónínu	j o uː n iː n ʏ
kanadíska	kʰ aː n a t i s k a
karlmann	kʰ a r t l m a nː
kendall	cʰ ɛ n t a t l
keppendum	cʰ ɛ h p ɛ n t ʏ m
kertum	cʰ ɛ r̥ t ʏ m
kjósendum	cʰ o uː s ɛ n t ʏ m
kjörið	cʰ œː r ɪ ð
klætt	kʰ l a i h t
kortum	kʰ ɔ r̥ t ʏ m
kunnir	kʰ ʏ nː ɪ r
kynið	cʰ ɪː n ɪ ð
kátir	kʰ a uː t ɪ r
landsliða	l a n t s t l ɪː ð a
leifarnar	l e iː v a r t n a r
leikmennirnir	l e iː k m ɛ nː ɪ r t n ɪ r
lesning	l ɛ s t n i ŋ k
listsköpun	l ɪ s t s k œː p ʏ n
living	l ɪː v i ŋ k
lága	l a uː a
lækkandi	l a i h k a n t ɪ
manneskjum	m a nː ɛ s c ʏ m
mannréttindasáttmála	m a nː r j ɛ h t ɪ n t a s a u h t m a uː l a
marty	m a r̥ t ɪ
metro	m ɛː t r ɔ
miðaði	m ɪː ð a ð ɪ
miðlað	m ɪ ð l aː ð
miðum	m ɪː ð ʏ m
money	m ɔː n ɛ i̯
morgundagurinn	m ɔ r k ʏ n t aː ɣ ʏ r ɪ nː
moskva	m ɔ s k v a
mt	ɛ m̥ t
myndasafn	m ɪ n t a s a p n
málsmeðferð	m a u l s m ɛ ð f ɛ r ð
mæðra	m a i ð r a
nauman	n ø yː m a n
návist	n a uː v ɪ s t
næringarefna	n a iː r i ŋ k a r ɛ p n a
nærist	n a iː r ɪ s t
næðu	n a iː ð ʏ
núgildandi	n uː c ɪ l t a n t ɪ
núpi	n uː p ɪ
orðræða	ɔ r ð r a iː ð a
pakkanum	pʰ a h k a n ʏ m
palace	pʰ aː l a s ɛː
passi	pʰ a sː ɪ
rannsóknirnar	r a nː s o u h k n ɪ r t n a r
raunir	r ø yː n ɪ r
reistu	r e i s t ʏ
reykir	r e iː c ɪ r
riff	r ɪ fː
rignir	r ɪ k n ɪ r
ritsins	r ɪː t s ɪ n s
robbins	r ɔ pː ɪ n s
runna	r ʏ nː a
ræðumaður	r a iː ð ʏ m aː ð ʏ r
réttlátt	r j ɛ h t l a u h t
ríður	r iː ð ʏ r
sameinaða	s aː m e iː n aː ð a
sameinaðist	s aː m e iː n a ð ɪ s t
samkynhneigðir	s a m cʰ ɪ n n̥ e i ɣ ð ɪ r
samsvara	s a m s v aː r a
sauðfjárrækt	s ø y ð f j a u r r a i x t
selda	s ɛ l t a
seríunni	s ɛː r i j ʏ nː ɪ
sigvalda	s ɪ ɣ v a l t a
singapúr	s i ŋ k a pʰ uː r
single	s i ŋ l ɛ
sjaldgæfar	s j a l t c a iː v a r
sjós	s j o uː s
sjúkrahúsum	s j uː k r a h uː s ʏ m
skarði	s k a r ð ɪ
skein	s c e iː n
skemmtum	s c ɛ m̥ t ʏ m
skilnings	s c ɪ l n i ŋ k s
skipuleggjendur	s c ɪː p ʏ l ɛ cː ɛ n t ʏ r
skipuleggur	s c ɪː p ʏ l ɛ kː ʏ r
skotmörk	s k ɔː t m œ r̥ k
skúladóttir	s k uː l a t o u h t ɪ r
slysni	s t l ɪ s t n ɪ
spron	s p r ɔː n
starfsins	s t a r v s ɪ n s
starir	s t aː r ɪ r
staðartíma	s t aː ð a r tʰ iː m a
stellu	s t ɛ t l ʏ
sterling	s t ɛ r t l i ŋ k
steypu	s t e iː p ʏ
striga	s t r ɪː ɣ a
striki	s t r ɪː c ɪ
stéttarfélaga	s t j ɛ h t a r f j ɛː l aː ɣ a
stíflu	s t i p l ʏ
stígum	s t iː ɣ ʏ m
stólnum	s t o u l n ʏ m
stöðugleiki	s t œː ð ʏ k l e iː c ɪ
svefnleysi	s v ɛ p n l e iː s ɪ
sverðið	s v ɛ r ð ɪ ð
svikin	s v ɪː c ɪ n
sviða	s v ɪː ð a
swan	s v aː n
syngjandi	s i ɲ c a n t ɪ
símtölum	s i m tʰ œː l ʏ m
söluna	s œː l ʏ n a
sönginn	s ø y ɲ c ɪ n
súpur	s uː p ʏ r
sýslumenn	s i s t l ʏ m ɛ nː
taflan	tʰ a p l a n
tai	tʰ a iː
tannlæknir	tʰ a nː l a i h k n ɪ r
tapast	tʰ aː pʰ a s t
tekjurnar	tʰ ɛː c ʏ r t n a r
terence	tʰ ɛː r ɛ n s ɛ
their	tʰ e iː r
tilefnið	tʰ ɪː l ɛ p n ɪ ð
tilfinninga	tʰ ɪ l f ɪ nː i ŋ k a
tilheyrðu	tʰ ɪː l h e i r ð ʏ
tree	tʰ r ɛː
trjánum	tʰ r j a uː n ʏ m
tungunni	tʰ u ŋ k ʏ nː ɪ
tunnu	tʰ ʏ nː ʏ
tvískipt	tʰ v iː s c ɪ f t
tárum	tʰ a uː r ʏ m
tæknileg	tʰ a i h k n ɪ l ɛː ɣ
títan	tʰ iː tʰ aː n
töfluna	tʰ œ p l ʏː n a
töfrum	tʰ œ v r ʏ m
töku	tʰ œː k ʏ
tölustafir	tʰ œː l ʏ s t aː v ɪ r
tölvukerfi	tʰ œ l v ʏ cʰ ɛ r v ɪ
tölvunnar	tʰ œ l v ʏ nː a r
umbóta	ʏ m p o uː t a
undanúrslit	ʏ n t a n u r̥ s t l ɪː t
uppsprettu	ʏ h p s p r ɛ h t ʏ
uppáhald	ʏ h p a uː h a l t
vallar	v a t l a r
vantraust	v a n̥ t r ø y s t
varirnar	v aː r ɪ r t n a r
veikjast	v e iː c a s t
veraldarvefnum	v ɛː r a l t a r v ɛ p n ʏ m
veröldinni	v ɛː r œ l t ɪ nː ɪ
vindar	v ɪ n t a r
virkjunarinnar	v ɪ r̥ c ʏ n a r ɪ nː a r
viðtöku	v ɪ ð tʰ œː k ʏ
vogum	v ɔː ɣ ʏ m
vínið	v iː n ɪ ð
vísis	v iː s ɪ s
vörnin	v œ r t n ɪ n
wilder	v ɪ l t ɛ r
yfirheyrslu	ɪː v ɪ r h e i r̥ s t l ʏ
árekstri	a uː r ɛ k s t r ɪ
ásetningi	a uː s ɛ h t n i ɲ c ɪ
æfingin	a iː v i ɲ c ɪ n
æðra	a i ð r a
æðum	a iː ð ʏ m
ísafjarðarbæjar	iː s a v j a r ð a r p a iː j a r
ítarlegt	iː tʰ a r l ɛ x t
íþróttinni	iː θ r o u h t ɪ nː ɪ
óháðra	o uː h a u ð r a
ólöglegum	o uː l œ ɣ l ɛː ɣ ʏ m
ósatt	o uː s a h t
óstöðugleika	o uː s t œː ð ʏ k l e iː k a
öldu	œ l t ʏ
öruggar	œː r ʏ kː a r
úrgangs	u r k a u ŋ k s
útgöngu	uː t k ø y ŋ k ʏ
ýtir	iː t ɪ r
þjálfaðir	θ j a u l v aː ð ɪ r
þorvaldi	θ ɔ r v a l t ɪ
þurrkar	θ ʏ r̥ k a r
þurrkun	θ ʏ r̥ k ʏ n
afrita	a v r ɪː t a
alec	aː l ɛː k
altarið	a l̥ t a r ɪː ð
astma	a s t m a
auðlind	ø y ð l ɪ n t
aðgengilegar	a ð c e i ɲ c ɪ l ɛː ɣ a r
bakaðar	p aː k a ð a r
baráttuna	p aː r a u h t ʏ n a
been	p ɛː n
bennett	p ɛ nː ɛ h t
birnir	p ɪ r t n ɪ r
björgu	p j œ r k ʏ
borgirnar	p ɔ r c ɪ r t n a r
boðar	p ɔː ð a r
brim	p r ɪː m
brosi	p r ɔː s ɪ
böndunum	p œ n t ʏ n ʏ m
býðst	p i ð s t
cal	kʰ aː l
call	kʰ a t l
colt	kʰ ɔ l̥ t
djúpið	t j uː p ɪ ð
djúpu	t j uː p ʏ
domingo	t ɔː m i ŋ k ɔ
drukknaði	t r ʏ h k n aː ð ɪ
efnasambönd	ɛ p n a s a m p œ n t
eftirnafn	ɛ f t ɪ r n a p n
einsdæmi	e i n s t a iː m ɪ
endurreist	ɛ n t ʏ r r e i s t
eyddum	e i tː ʏ m
fellir	f ɛ t l ɪ r
fjármálamarkaði	f j a u r m a uː l a m a r̥ k aː ð ɪ
fjölbreytta	f j œ l p r e i h t a
fjölbreyttari	f j œ l p r e i h t a r ɪ
fjölmiðlamenn	f j œ l m ɪ ð l a m ɛ nː
fjörur	f j œː r ʏ r
fljótum	f l j o uː t ʏ m
flokkaðar	f l ɔ h k a ð a r
flýtur	f l iː t ʏ r
fordóma	f ɔ r t o uː m a
formlegri	f ɔ r m l ɛ ɣ r ɪ
formúla	f ɔ r m uː l a
forsæti	f ɔ r̥ s a iː t ɪ
fossa	f ɔ sː a
framsal	f r a m s aː l
frumsýndur	f r ʏ m s i n t ʏ r
frumvarpsins	f r ʏ m v a r̥ p s ɪ n s
fríðu	f r iː ð ʏ
fullvissa	f ʏ t l v ɪ sː a
fyrirheit	f ɪː r ɪ r h e iː t
fátækari	f a uː tʰ a iː k a r ɪ
fílar	f iː l a r
fóstureyðingu	f o u s t ʏ r e iː ð i ŋ k ʏ
geymdi	c e i m t ɪ
geði	c ɛː ð ɪ
gjaldeyri	c a l t e iː r ɪ
gluggana	k l ʏ kː a n a
golfi	k ɔ l v ɪ
golfvöllur	k ɔ l v v œ t l ʏ r
grimm	k r ɪ mː
grunnskólakennari	k r ʏ nː s k o uː l a cʰ ɛ nː a r ɪ
gráðum	k r a uː ð ʏ m
grænmetis	k r a i n m ɛː t ɪ s
gríðarlegur	k r iː ð a r l ɛː ɣ ʏ r
hallast	h a t l a s t
heilagra	h e iː l a k r a
hjúkrunar	ç uː k r ʏː n a r
hliðsjónar	l̥ ɪ ð s j o uː n a r
hljómaði	l̥ j o uː m aː ð ɪ
hluthafa	l̥ ʏː t h aː v a
hlýjum	l̥ iː j ʏ m
hreinsað	r̥ e i n s aː ð
hristi	r̥ ɪ s t ɪ
hrundu	r̥ ʏ n t ʏ
hulið	h ʏː l ɪ ð
hvolsvelli	kʰ v ɔ l s v ɛ t l ɪ
hávegum	h a uː v ɛː ɣ ʏ m
háði	h a uː ð ɪ
hóparnir	h o uː p a r t n ɪ r
höllum	h œ t l ʏ m
ida	ɪː t a
indriða	ɪ n t r ɪː ð a
innheimtu	ɪ nː h e i m̥ t ʏ
intel	ɪ n̥ t ɛ l
jóga	j o uː a
kannt	kʰ a n̥ t
kapteinn	kʰ a f tʰ e i t n
kennarann	cʰ ɛ nː a r a nː
ketilsstöðum	cʰ ɛː t ɪ l s s t œː ð ʏ m
keyptar	cʰ e i f t a r
kjarnann	cʰ a r t n a nː
kjálka	cʰ a u l̥ k a
klukku	kʰ l ʏ h k ʏ
klárir	kʰ l a uː r ɪ r
klínískar	kʰ l iː n i s k a r
klóm	kʰ l o uː m
kollafirði	kʰ ɔ t l a f ɪ r ð ɪ
kristen	kʰ r ɪ s t ɛ n
kristins	kʰ r ɪ s t ɪ n s
kvennalið	kʰ v ɛ nː a l ɪː ð
kvikmyndahúsum	kʰ v ɪː k m ɪ n t a h uː s ʏ m
kynferði	cʰ ɪ n f ɛ r ð ɪ
kynþroska	cʰ ɪ n θ r ɔ s k a
köttum	kʰ œ h t ʏ m
lampa	l a m̥ p a
landsbanki	l a n t s p a u ŋ̊ c ɪ
langmest	l a u ŋ k m ɛ s t
leiðarinnar	l e iː ð a r ɪ nː a r
leyfðar	l e i v ð a r
leynilegt	l e iː n ɪ l ɛ x t
leðri	l ɛ ð r ɪ
ljósmyndara	l j o uː s m ɪ n t a r a
lögmáli	l œ ɣ m a uː l ɪ
magga	m a kː a
malaví	m aː l a v iː
mammút	m a mː uː t
margan	m a r k a n
meiðslum	m e i ð s t l ʏ m
mengunar	m e i ŋ k ʏ n a r
meðalaldur	m ɛː ð a l a l t ʏ r
milljarði	m ɪ l j a r ð ɪ
mjólkur	m j o u l̥ k ʏ r
mjúkum	m j uː k ʏ m
málamiðlun	m a uː l a m ɪ ð l ʏ n
nasdaq	n aː s t aː k
nefi	n ɛː v ɪ
nálinni	n a uː l ɪ nː ɪ
námsmenn	n a u m s m ɛ nː
námunda	n a uː m ʏ n t a
nýmæli	n iː m a iː l ɪ
ofaná	ɔː v a n a uː
opinberan	ɔː p ɪ n p ɛː r a n
orðalag	ɔ r ð a l aː ɣ
punktum	pʰ u ŋ̊ k t ʏ m
pálmason	pʰ a u l m a s ɔː n
rafrænum	r aː v r a iː n ʏ m
ragnheiðar	r a k n h e iː ð a r
rennandi	r ɛ nː a n t ɪ
rosenberg	r ɔː s ɛ n p ɛ r k
runólfur	r ʏː n o u l v ʏ r
rvk	r v k
ráðuneytisstjóri	r a uː ð ʏ n e iː t ɪ s s t j o uː r ɪ
rætist	r a iː t ɪ s t
réttilega	r j ɛ h t ɪ l ɛː ɣ a
samheldni	s a m h ɛ l t n ɪ
samliggjandi	s a m l ɪ cː a n t ɪ
samsetningar	s a m s ɛ h t n i ŋ k a r
samsung	s a m s u ŋ k
samtalinu	s a m̥ t a l ɪː n ʏ
sharp	s h a r̥ p
sinu	s ɪː n ʏ
sjúka	s j uː k a
skapara	s k aː p a r a
skiljið	s c ɪ l j ɪ ð
skuldabréfa	s k ʏ l t a p r j ɛː v a
skurði	s k ʏ r ð ɪ
skáldsagan	s k a u l t s aː ɣ a n
slysum	s t l ɪː s ʏ m
smáir	s m a uː ɪ r
snæfell	s t n a iː v ɛ t l
spilarar	s p ɪː l a r a r
spánverja	s p a u n v ɛ r j a
spár	s p a uː r
staðbundnum	s t a ð p ʏ n t n ʏ m
steins	s t e i n s
stjarnanna	s t j a r t n a nː a
stofnanna	s t ɔ p n a nː a
sunnanverðu	s ʏ nː a n v ɛ r ð ʏ
svalt	s v a l̥ t
sárin	s a uː r ɪ n
sérfræðingum	s j ɛ r f r a iː ð i ŋ k ʏ m
sérhæfða	s j ɛː r h a i v ð a
sérkennilegt	s j ɛ r̥ cʰ ɛ nː ɪ l ɛ x t
sígarettur	s iː ɣ a r ɛ h t ʏ r
söguþræði	s œː ɣ ʏ θ r a iː ð ɪ
sönnum	s œ nː ʏ m
takta	tʰ a x t a
theo	tʰ ɛː ɔ
tilvika	tʰ ɪ l v ɪː k a
timburhús	tʰ ɪ m p ʏ r h uː s
töflurnar	tʰ œ p l ʏ r t n a r
umboðsmenn	ʏ m p ɔ ð s m ɛ nː
umdeilda	ʏ m t e i l t a
upprisu	ʏ h p r ɪː s ʏ
vagni	v a k n ɪ
vandaða	v a n t aː ð a
varðveisla	v a r ð v e i s t l a
verksmiðjum	v ɛ r̥ k s m ɪ ð j ʏ m
verðmæta	v ɛ r ð m a iː t a
vestræn	v ɛ s t r a iː n
vigfússon	v ɪ x f u sː ɔ n
vinirnir	v ɪː n ɪ r t n ɪ r
vinninga	v ɪ nː i ŋ k a
viðfangsefnið	v ɪ ð f a u ŋ k s ɛ p n ɪ ð
vlf	v ɛ l v
vogar	v ɔː ɣ a r
væntir	v a i n̥ t ɪ r
vébanda	v j ɛː p a n t a
vélstjóri	v j ɛ l s t j o uː r ɪ
vímuefni	v iː m ʏ ɛ p n ɪ
vó	v o uː
vöktum	v œ x t ʏ m
webkit	v ɛ p cʰ ɪː t
yfirburðum	ɪː v ɪ r p ʏ r ð ʏ m
yfirmanna	ɪː v ɪ r m a nː a
yorkshire	j ɔ r̥ k s h ɪː r ɛ
álfar	a u l v a r
álfunnar	a u l v ʏ nː a r
ávalt	a uː v a l̥ t
íbúafjölda	iː p uː a f j œ l t a
ítarleg	iː tʰ a r l ɛː ɣ
ólíku	o uː l iː k ʏ
óæskileg	o uː a i s c ɪ l ɛː ɣ
ökutækja	œː k ʏ tʰ a iː c a
örfáar	œ r f a uː a r
örverur	œ r v ɛː r ʏ r
úrgangi	u r k a u ɲ c ɪ
útbreidd	uː t p r e i tː
útfærð	uː t f a i r ð
útivistar	uː t ɪ v ɪ s t a r
þorlákshafnar	θ ɔ r l a u k s h a p n a r
þorski	θ ɔ r̥ s c ɪ
þroskahömlun	θ r ɔ s k a h œ m l ʏ n
þráður	θ r a uː ð ʏ r
þyngra	θ i ŋ k r a
þörfin	θ œ r v ɪ n
alain	aː l a iː n
albaníu	a l p a n iː j ʏ
allmargir	a t l m a r c ɪ r
almennilegt	a l m ɛ nː ɪ l ɛ x t
alþýðunnar	a l θ iː ð ʏ nː a r
amerísk	aː m ɛː r i s k
arma	a r m a
aðhyllist	aː ð h ɪ t l ɪ s t
baldvins	p a l t v ɪ n s
bannaður	p a nː a ð ʏ r
belfast	p ɛ l f a s t
birmingham	p ɪ r m i ŋ k h aː m
breiðir	p r e iː ð ɪ r
búðunum	p uː ð ʏ n ʏ m
cold	kʰ ɔ l t
dansk	t a n s k
dharma	t h a r m a
drekk	t r ɛ h k
einlæg	e i n l a iː ɣ
elly	ɛ t l ɪ
enskri	ɛ n s k r ɪ
factory	f a x t ɔː r ɪ
fjarðarins	f j a r ð a r ɪ n s
flokksmenn	f l ɔ h k s m ɛ nː
forbes	f ɔ r p ɛː s
forsetakosningunum	f ɔ r̥ s ɛː t a kʰ ɔ s t n i ŋ k ʏ n ʏ m
fullviss	f ʏ t l v ɪ sː
fæddi	f a i tː ɪ
geymdur	c e i m t ʏ r
gjaldmiðils	c a l t m ɪː ð ɪ l s
grill	k r ɪ t l
grunnnám	k r ʏ nː a uː m
hafnarstræti	h a p n a r s t r a iː t ɪ
haug	h ø yː ɣ
heart	h ɛ a r̥ t
heimsveldi	h e i m s v ɛ l t ɪ
heiðina	h e iː ð ɪ n a
helgafell	h ɛ l k a f ɛ t l
helmingnum	h ɛ l m i ŋ k n ʏ m
herir	h ɛː r ɪ r
hirti	h ɪ r̥ t ɪ
hljóm	l̥ j o uː m
hrint	r̥ ɪ n̥ t
humphrey	h ʏ m̥ p r̥ e iː
hundsins	h ʏ n t s ɪ n s
hygg	h ɪ kː
hygðist	h ɪ ɣ ð ɪ s t
hómer	h o uː m ɛː r
ingadóttir	i ŋ k a t o u h t ɪ r
jarðfræðingur	j a r ð f r a iː ð i ŋ k ʏ r
keyrslu	cʰ e i r̥ s t l ʏ
kjörsókn	cʰ œ r̥ s o u h k n
kristian	kʰ r ɪ s t ɪ aː n
kuldanum	kʰ ʏ l t a n ʏ m
kíkt	cʰ i x t
lags	l a x s
lata	l aː t a
leggðu	l ɛ ɣ ð ʏ
leikriti	l e iː k r ɪː t ɪ
leiðinlegur	l e iː ð ɪ n l ɛː ɣ ʏ r
lotur	l ɔː t ʏ r
lungun	l u ŋ k ʏ n
lárusdóttir	l a uː r ʏ s t o u h t ɪ r
lærlingur	l a i r t l i ŋ k ʏ r
mannlegri	m a nː l ɛ ɣ r ɪ
maurar	m ø yː r a r
meyjar	m e iː j a r
myndaður	m ɪ n t aː ð ʏ r
málverkið	m a u l v ɛ r̥ c ɪː ð
mælum	m a iː l ʏ m
norðmönnum	n ɔ r ð m œ nː ʏ m
númeri	n uː m ɛː r ɪ
ole	ɔː l ɛ
pyntingar	pʰ ɪ n̥ t i ŋ k a r
rafnsson	r a p n s s ɔː n
rangri	r a u ŋ k r ɪ
rapp	r a h p
restinni	r ɛ s t ɪ nː ɪ
rider	r ɪː t ɛ r
samanlagður	s aː m a n l a ɣ ð ʏ r
samson	s a m s ɔː n
sjúklingsins	s j uː k l i ŋ k s ɪ n s
skafti	s k a f t ɪ
skaust	s k ø y s t
skelfileg	s c ɛ l v ɪ l ɛː ɣ
skerf	s c ɛ r v
skoska	s k ɔ s k a
skrítin	s k r iː t ɪ n
stíft	s t i f t
sundlauginni	s ʏ n t l ø yː j ɪ nː ɪ
svalbarða	s v a l p a r ð a
sviga	s v ɪː ɣ a
tegundinni	tʰ ɛː ɣ ʏ n t ɪ nː ɪ
tánum	tʰ a uː n ʏ m
unnir	ʏ nː ɪ r
vei	v e iː
verndað	v ɛ r n t aː ð
villtu	v ɪ l̥ t ʏ
vængjum	v a i ɲ c ʏ m
vísindamennirnir	v iː s ɪ n t a m ɛ nː ɪ r t n ɪ r
yngvi	i ŋ k v ɪ
áhorf	a uː h ɔ r v
árar	a uː r a r
árnasyni	a u r t n a s ɪː n ɪ
ástarsamband	a u s t a r s a m p a n t
ásthildur	a u s t h ɪ l t ʏ r
ávöxt	a uː v œ k s t
ívafi	iː v aː v ɪ
ólason	o uː l a s ɔː n
ömurlega	œː m ʏ r l ɛː ɣ a
úrvals	u r v a l s
útjaðri	uː t j a ð r ɪ
þorpsins	θ ɔ r̥ p s ɪ n s
þrennu	θ r ɛ nː ʏ
þræðir	θ r a iː ð ɪ r
þykkar	θ ɪ h k a r
þykkari	θ ɪ h k a r ɪ
þórðarsyni	θ o u r ð a r s ɪː n ɪ
þýskir	θ i s c ɪ r
algengi	a l c e i ɲ c ɪ
allmörg	a t l m œ r k
ana	aː n a
aukana	ø yː k aː n a
awards	aː v a r t s
aðgengilegur	a ð c e i ɲ c ɪ l ɛː ɣ ʏ r
aðgerðinni	a ð c ɛ r ð ɪ nː ɪ
aðildarviðræður	aː ð ɪ l t a r v ɪ ð r a iː ð ʏ r
bakgrunni	p aː k k r ʏ nː ɪ
beijing	p e iː j i ŋ k
bergið	p ɛ r c ɪ ð
bergs	p ɛ r k s
bestum	p ɛ s t ʏ m
birtingar	p ɪ r̥ t i ŋ k a r
blaðamannafundi	p l aː ð a m a nː a f ʏ n t ɪ
blaðsíðu	p l a ð s iː ð ʏ
blóðinu	p l o uː ð ɪ n ʏ
blöðrur	p l œ ð r ʏ r
buxunum	p ʏ x s ʏ n ʏ m
camilla	kʰ aː m ɪ t l a
cand	kʰ a n t
casanova	kʰ aː s a n ɔː v a
crane	kʰ r aː n ɛ
dagleg	t a ɣ l ɛː ɣ
diskum	t ɪ s k ʏ m
dómsmálaráðuneytisins	t o u m s m a uː l a r a uː ð ʏ n e iː t ɪ s ɪ n s
eignarhaldi	e i k n a r h a l t ɪ
einan	e iː n a n
einbeittur	e i n p e i h t ʏ r
einræðisherra	e i n r a iː ð ɪ s h ɛ rː a
elísabetu	ɛː l iː s a p ɛː t ʏ
endurgjalds	ɛ n t ʏ r c a l t s
erfiðlega	ɛ r v ɪ ð l ɛː ɣ a
esther	ɛ s t h ɛː r
evrópuþingsins	ɛ v r o uː p ʏ θ i ŋ k s ɪ n s
eymd	e i m t
eyna	e iː n a
farrými	f a rː iː m ɪ
feita	f e iː t a
femínisma	f ɛː m iː n ɪ s m a
ferðu	f ɛ r ð ʏ
fitusýrur	f ɪː t ʏ s iː r ʏ r
fjárhæðir	f j a uː r h a iː ð ɪ r
fljóti	f l j o uː t ɪ
florida	f l ɔː r ɪ t a
flókna	f l o u h k n a
flóknara	f l o u h k n a r a
flýtt	f l i h t
foreldrið	f ɔː r ɛ l t r ɪː ð
fornöld	f ɔ r t n œ l t
framsækið	f r a m s a iː c ɪ ð
franks	f r a u ŋ̊ k s
frægi	f r a iː j ɪ
fullorðins	f ʏ t l ɔ r ð ɪ n s
fæturnir	f a iː t ʏ r t n ɪ r
geisladiska	c e i s t l a t ɪ s k a
gildið	c ɪ l t ɪ ð
gjöfina	c œː v ɪ n a
gjörðu	c œ r ð ʏ
glímt	k l i m̥ t
gréta	k r j ɛː t a
grímsvötnum	k r i m s v œ h t n ʏ m
grímu	k r iː m ʏ
gróið	k r o uː ɪ ð
hamingjuna	h aː m i ɲ c ʏː n a
haraldar	h aː r a l t a r
heimil	h e iː m ɪ l
heimstyrjöldinni	h e i m s t ɪ r j œ l t ɪ nː ɪ
heitari	h e iː t a r ɪ
heldurðu	h ɛ l t ʏ r ð ʏ
hetju	h ɛː t j ʏ
hljótt	l̥ j o u h t
horace	h ɔː r a s ɛː
hrynur	r̥ ɪː n ʏ r
huggulegt	h ʏ kː ʏ l ɛ x t
hurðinni	h ʏ r ð ɪ nː ɪ
hvali	kʰ v aː l ɪ
hvöttu	kʰ v œ h t ʏ
hæðar	h a iː ð a r
hóli	h o uː l ɪ
húfu	h uː v ʏ
húsnæðis	h uː s n a iː ð ɪ s
illilega	ɪ t l ɪ l ɛː ɣ a
ir	ɪː r
ist	ɪ s t
jacobson	j aː k ɔ p s ɔː n
kambódíu	kʰ a m p o uː t iː j ʏ
kannist	kʰ a nː ɪ s t
kapphlaup	kʰ a h p l̥ ø yː p
kenninga	cʰ ɛ nː i ŋ k a
kjarasamningum	cʰ aː r a s a m n i ŋ k ʏ m
kjartansdóttir	cʰ a r̥ t a n s t o u h t ɪ r
kjörinna	cʰ œː r ɪ nː a
kramer	kʰ r aː m ɛ r
krýsuvík	kʰ r iː s ʏ v iː k
kynferðisbrot	cʰ ɪ n f ɛ r ð ɪ s p r ɔː t
lauda	l ø yː t a
laugardalnum	l ø yː ɣ a r t a l n ʏ m
launafólks	l ø yː n a f o u l̥ k s
leikhússins	l e iː k h u sː ɪ n s
leikskólar	l e iː k s k o uː l a r
leiðast	l e iː ð a s t
leiðrétt	l e i ð r j ɛ h t
leynileg	l e iː n ɪ l ɛː ɣ
lime	l ɪː m ɛ
linus	l ɪː n ʏ s
lungum	l u ŋ k ʏ m
lærða	l a i r ð a
lífrænar	l iː v r a iː n a r
lófa	l o uː v a
lóni	l o uː n ɪ
lögfest	l œ ɣ f ɛ s t
lýðræðislegu	l i ð r a iː ð ɪ s l ɛː ɣ ʏ
mannfjölda	m a nː f j œ l t a
mannlegrar	m a nː l ɛ ɣ r a r
marc	m a r̥ k
mart	m a r̥ t
meistaraprófi	m e i s t a r a pʰ r o uː v ɪ
minnisvarði	m ɪ nː ɪ s v a r ð ɪ
múslimum	m u s t l ɪː m ʏ m
nakin	n aː c ɪ n
ne	n ɛː
nemar	n ɛː m a r
nolan	n ɔː l a n
náttúruauðlindir	n a u h t uː r ʏ ø y ð l ɪ n t ɪ r
nínu	n iː n ʏ
nýlegum	n iː l ɛː ɣ ʏ m
ofl	ɔ p l
opinberrar	ɔː p ɪ n p ɛ rː a r
opinbers	ɔː p ɪ n p ɛ r̥ s
osta	ɔ s t a
pamela	pʰ aː m ɛː l a
persónuvernd	pʰ ɛ r̥ s o uː n ʏ v ɛ r n t
plánetu	pʰ l a uː n ɛː t ʏ
pápi	pʰ a uː p ɪ
rangárvallasýslu	r a u ŋ k a u r v a t l a s i s t l ʏ
region	r e iː j ɔ n
regis	r e iː j ɪ s
reiddist	r e i tː ɪ s t
reiknaði	r e i h k n aː ð ɪ
rest	r ɛ s t
ritar	r ɪː t a r
runnin	r ʏ nː ɪ n
ráðuneytinu	r a uː ð ʏ n e iː t ɪ n ʏ
ræsa	r a iː s a
rættist	r a i h t ɪ s t
róið	r o uː ɪ ð
rússneskum	r u sː n ɛ s k ʏ m
salöt	s aː l œː t
security	s ɛː k ʏ r ɪː t ɪ
setrið	s ɛː t r ɪː ð
sjónarmiðum	s j o uː n a r m ɪː ð ʏ m
sjónauka	s j o uː n ø yː k a
sjöttu	s j œ h t ʏ
sjúkrabíl	s j uː k r a p iː l
skotmark	s k ɔː t m a r̥ k
skrift	s k r ɪ f t
skurð	s k ʏ r ð
skálholt	s k a uː l h ɔ l̥ t
skálum	s k a uː l ʏ m
skólavörðustíg	s k o uː l a v œ r ð ʏ s t iː ɣ
skýrar	s c iː r a r
slow	s t l ɔː v
spítalans	s p iː tʰ a l a n s
stefánsdóttur	s t ɛː v a u n s t o u h t ʏ r
stjórnarráðið	s t j o u r t n a r r a uː ð ɪ ð
stjórnkerfinu	s t j o u r t n cʰ ɛ r v ɪː n ʏ
stundakennari	s t ʏ n t a cʰ ɛ nː a r ɪ
stærðin	s t a i r ð ɪ n
stúlkuna	s t u l̥ k ʏ n a
svavars	s v aː v a r̥ s
svölunum	s v œː l ʏ n ʏ m
synjað	s ɪ n j a ð
síðastliðin	s iː ð a s t l ɪː ð ɪ n
sóknir	s o u h k n ɪ r
sómalíu	s o uː m a l iː j ʏ
sósu	s o uː s ʏ
sönnunargögnum	s œ nː ʏ n a r k œ k n ʏ m
súdan	s uː t a n
sýnilegt	s iː n ɪ l ɛ x t
table	tʰ a p l ɛ
teddy	tʰ ɛ tː ɪ
tilgreina	tʰ ɪ l k r e iː n a
tilmæli	tʰ ɪ l m a iː l ɪ
tjöldum	tʰ j œ l t ʏ m
trúboð	tʰ r uː p ɔː ð
trúnaðarstörfum	tʰ r uː n a ð a r s t œ r v ʏ m
tækniþróun	tʰ a i h k n ɪ θ r o uː ʏ n
tímasetningar	tʰ iː m a s ɛ h t n i ŋ k a r
tónlistarinnar	tʰ o u n l ɪ s t a r ɪ nː a r
ultra	ʏ l̥ t r a
umbúðir	ʏ m p uː ð ɪ r
ummæla	ʏ mː a iː l a
umsvifum	ʏ m s v ɪː v ʏ m
undirbýr	ʏ n t ɪ r p iː r
uppboð	ʏ h p p ɔː ð
uppfærsla	ʏ h p f a i r̥ s t l a
uppgangur	ʏ h p k a u ŋ k ʏ r
upphafs	ʏ h p h a f s
uppákomur	ʏ h p a uː kʰ ɔː m ʏ r
vakir	v aː c ɪ r
vanmeta	v a n m ɛː t a
veiddi	v e i tː ɪ
veiðist	v e iː ð ɪ s t
veiðst	v e i ð s t
verkföll	v ɛ r̥ k f œ t l
vitnisburði	v ɪ h t n ɪ s p ʏ r ð ɪ
viðkvæmur	v ɪ ð kʰ v a iː m ʏ r
vondir	v ɔ n t ɪ r
vígt	v i x t
víðara	v iː ð a r a
víði	v iː ð ɪ
víðtækar	v i ð tʰ a iː k a r
walters	v a l̥ t ɛ r̥ s
yfirborðs	ɪː v ɪ r p ɔ r ð s
yfirlýst	ɪː v ɪ r l i s t
yfirvald	ɪː v ɪ r v a l t
álítur	a uː l iː t ʏ r
ógildingu	o uː c ɪ l t i ŋ k ʏ
óperunnar	o uː p ɛː r ʏ nː a r
óvænta	o uː v a i n̥ t a
örstutt	œ r̥ s t ʏ h t
þjóðkirkjunni	θ j o u ð cʰ ɪ r̥ c ʏ nː ɪ
þórhallsdóttir	θ o uː r h a t l s t o u h t ɪ r
þýddar	θ i tː a r
þýskra	θ i s k r a
amerískum	aː m ɛː r i s k ʏ m
amínósýrur	aː m iː n o uː s iː r ʏ r
andvígur	a n t v iː ɣ ʏ r
aðskildum	a ð s c ɪ l t ʏ m
bakarí	p aː k a r iː
bakpoka	p aː k pʰ ɔː k a
barnsaldri	p a r t n s a l t r ɪ
batnaði	p a h t n aː ð ɪ
baunum	p ø yː n ʏ m
bird	p ɪ r t
björgvinsdóttir	p j œ r k v ɪ n s t o u h t ɪ r
blaki	p l aː c ɪ
brock	p r ɔ h k
bókmenntafræði	p o uː k m ɛ n̥ t a f r a iː ð ɪ
candy	kʰ a n t ɪ
dreg	t r ɛː ɣ
dómstól	t o u m s t o uː l
eftirsótt	ɛ f t ɪ r s o u h t
eilífur	e iː l iː v ʏ r
embla	ɛ m p l a
endurhæfingu	ɛ n t ʏ r h a iː v i ŋ k ʏ
enski	ɛ n s c ɪ
everest	ɛː v ɛː r ɛ s t
falsa	f a l s a
faraday	f aː r a t a iː
feldi	f ɛ l t ɪ
feneyja	f ɛː n e iː j a
flugvéla	f l ʏ ɣ v j ɛː l a
fossum	f ɔ sː ʏ m
frumkvöðlum	f r ʏ m kʰ v œ ð l ʏ m
frysti	f r ɪ s t ɪ
frægasti	f r a iː ɣ a s t ɪ
félagana	f j ɛː l a k aː n a
fórnarlamba	f o u r t n a r l a m p a
giftar	c ɪ f t a r
giftu	c ɪ f t ʏ
gistum	c ɪ s t ʏ m
golfklúbbur	k ɔ l v kʰ l u pː ʏ r
grími	k r iː m ɪ
grísk	k r i s k
hatar	h aː t a r
hattar	h a h t a r
heimalandinu	h e iː m a l a n t ɪː n ʏ
heimkomu	h e i m kʰ ɔː m ʏ
helgasyni	h ɛ l k a s ɪː n ɪ
hengdir	h e i ŋ t ɪ r
hermir	h ɛ r m ɪ r
herskip	h ɛ r̥ s c ɪː p
hetjurnar	h ɛː t j ʏ r t n a r
himin	h ɪː m ɪ n
hituð	h ɪː t ʏ ð
hjónunum	ç o uː n ʏ n ʏ m
hlökkum	l̥ œ h k ʏ m
hnút	n̥ uː t
hrútafirði	r̥ uː t a f ɪ r ð ɪ
hálfgert	h a u l v c ɛ r̥ t
hálfrar	h a u l v r a r
hættuna	h a i h t ʏ n a
istanbúl	ɪ s t a n p uː l
jarðvegs	j a r ð v ɛ k s
jonsdottir	j ɔ n s t ɔ h t ɪ r
játandi	j a uː tʰ a n t ɪ
kensington	cʰ ɛ n s i ŋ k tʰ ɔː n
krana	kʰ r aː n a
kvillum	kʰ v ɪ t l ʏ m
kössum	kʰ œ sː ʏ m
laguna	l aː ɣ ʏ n a
langinn	l a u ɲ c ɪ n
leigði	l e i ɣ ð ɪ
letri	l ɛː t r ɪ
leynir	l e iː n ɪ r
ljóðabækur	l j o uː ð a p a iː k ʏ r
læknisins	l a i h k n ɪ s ɪ n s
marg	m a r k
marge	m a r c ɛ
meltingu	m ɛ l̥ t i ŋ k ʏ
menningarleg	m ɛ nː i ŋ k a r l ɛː ɣ
montreal	m ɔ n̥ t r ɛ aː l
málverkum	m a u l v ɛ r̥ k ʏ m
mývatni	m iː v a h t n ɪ
mývatns	m iː v a h t n s
ness	n ɛ sː
norðar	n ɔ r ð a r
norðvestan	n ɔ r ð v ɛ s t a n
nátengd	n a uː tʰ e i ŋ t
návígi	n a uː v iː j ɪ
ormurinn	ɔ r m ʏ r ɪ nː
pakkar	pʰ a h k a r
rakt	r a x t
rangá	r a u ŋ k a uː
raunverulegan	r ø y n v ɛː r ʏ l ɛː ɣ a n
richter	r ɪ x t ɛ r
rækju	r a iː c ʏ
rífur	r iː v ʏ r
saklaust	s aː k l ø y s t
seldum	s ɛ l t ʏ m
setjið	s ɛː t j ɪ ð
setrinu	s ɛː t r ɪː n ʏ
seyðisfjarðar	s e iː ð ɪ s f j a r ð a r
sjúk	s j uː k
skapaður	s k aː p a ð ʏ r
skemmtilegar	s c ɛ m̥ t ɪ l ɛː ɣ a r
skilnaði	s c ɪ l n a ð ɪ
skrifi	s k r ɪː v ɪ
skónum	s k o uː n ʏ m
sléttunni	s t l j ɛ h t ʏ nː ɪ
sprengingin	s p r e i ɲ c i ɲ c ɪ n
sprota	s p r ɔː t a
spruttu	s p r ʏ h t ʏ
sri	s r ɪː
steiktur	s t e i x t ʏ r
sterki	s t ɛ r̥ c ɪ
stigann	s t ɪː ɣ a nː
stjórnmálaflokkum	s t j o u r t n m a uː l a f l ɔ h k ʏ m
stórvirki	s t o u r v ɪ r̥ c ɪ
stýrikerfið	s t iː r ɪ cʰ ɛ r v ɪː ð
svefnherberginu	s v ɛ p n h ɛ r p ɛ r c ɪː n ʏ
sækjum	s a iː c ʏ m
sýrustig	s iː r ʏ s t ɪː ɣ
tjaldi	tʰ j a l t ɪ
tryggvagötu	tʰ r ɪ kː v a k œː t ʏ
tælandi	tʰ a iː l a n t ɪ
tímamörk	tʰ iː m a m œ r̥ k
valt	v a l̥ t
vanessu	v aː n ɛ sː ʏ
varahluti	v aː r a l̥ ʏː t ɪ
veiddist	v e i tː ɪ s t
veikari	v e iː k a r ɪ
verkalýðsfélaga	v ɛ r̥ k a l i ð s f j ɛː l aː ɣ a
vilhjálmi	v ɪ l ç a u l m ɪ
vinaleg	v ɪː n a l ɛː ɣ
volgu	v ɔ l k ʏ
vorsins	v ɔ r̥ s ɪ n s
væng	v a i ŋ k
vísindafélag	v iː s ɪ n t a f j ɛː l aː ɣ
watts	v a h t s
ákafa	a uː kʰ aː v a
ákaft	a uː kʰ a f t
áratugar	a uː r a tʰ ʏː ɣ a r
árósum	a uː r o uː s ʏ m
ættarinnar	a i h t a r ɪ nː a r
íþróttafélag	iː θ r o u h t a f j ɛː l aː ɣ
óbyggðum	o uː p ɪ ɣ ð ʏ m
óviss	o uː v ɪ sː
afhendingu	a v h ɛ n t i ŋ k ʏ
afturábak	a f t ʏ r a uː p aː k
agna	a k n a
ama	aː m a
amar	aː m a r
amber	a m p ɛː r
andmæli	a n t m a iː l ɪ
apar	aː p a r
araba	aː r a p a
arnþór	a r t n θ o uː r
att	a h t
avery	aː v ɛː r ɪ
axla	a k s t l a
aðferðirnar	a ð f ɛ r ð ɪ r t n a r
aðildarfélag	aː ð ɪ l t a r f j ɛː l aː ɣ
bandarískar	p a n t a r i s k a r
barnabörnin	p a r t n a p œ r t n ɪ n
benni	p ɛ nː ɪ
bio	p ɪː j ɔ
björgvins	p j œ r k v ɪ n s
blasti	p l a s t ɪ
blessunar	p l ɛ sː ʏ n a r
bleyti	p l e iː t ɪ
brenndur	p r ɛ n t ʏ r
breskt	p r ɛ s k t
brúar	p r uː a r
brúnu	p r uː n ʏ
brýst	p r i s t
bundu	p ʏ n t ʏ
button	p ʏ h t ɔ n
bókasafna	p o uː k a s a p n a
bókasöfn	p o uː k a s œ p n
bókmenntaverðlaun	p o uː k m ɛ n̥ t a v ɛ r ð l ø yː n
búta	p uː t a
býrð	p i r ð
car	kʰ aː r
cotton	kʰ ɔ h t ɔ n
cunningham	kʰ ʏ nː i ŋ k h aː m
dauðanum	t ø yː ð a n ʏ m
denis	t ɛː n ɪ s
djúpa	t j uː p a
drasli	t r a s t l ɪ
drengjunum	t r e i ɲ c ʏ n ʏ m
dálæti	t a uː l a iː t ɪ
dökka	t œ h k a
einangrunar	e iː n a u ŋ k r ʏː n a r
einfaldleika	e i n f a l t l e iː k a
eitrað	e iː t r aː ð
endurbyggingu	ɛ n t ʏ r p ɪ cː i ŋ k ʏ
engla	e i ŋ l a
esa	ɛː s a
esju	ɛː s j ʏ
evrópubúa	ɛ v r o uː p ʏ p uː a
falist	f aː l ɪ s t
fallna	f a t l n a
fanginn	f a u ɲ c ɪ n
feðra	f ɛ ð r a
fjárframlög	f j a u r f r a m l œː ɣ
fjárhag	f j a uː r h aː ɣ
fjölgandi	f j œ l k a n t ɪ
fjölnota	f j œ l n ɔː t a
focus	f ɔː k ʏ s
folk	f ɔ l̥ k
foreldranna	f ɔː r ɛ l t r a nː a
formerkjum	f ɔ r m ɛ r̥ c ʏ m
forsetar	f ɔ r̥ s ɛː t a r
framgangi	f r a m k a u ɲ c ɪ
framhaldsnáms	f r a m h a l t s n a u m s
framhaldsskólans	f r a m h a l t s s k o uː l a n s
framkvæmdastjórar	f r a m kʰ v a i m t a s t j o uː r a r
franco	f r a u ŋ̊ k ɔ
frátöldum	f r a uː tʰ œ l t ʏ m
fræðigreinar	f r a iː ð ɪ k r e iː n a r
fullkomnun	f ʏ t l̥ kʰ ɔ m n ʏ n
fáanlegt	f a uː a n l ɛ x t
fátækir	f a uː tʰ a iː c ɪ r
fækkandi	f a i h k a n t ɪ
færðir	f a i r ð ɪ r
fögrum	f œ ɣ r ʏ m
für	f ʏː r
gaga	k aː ɣ a
garðyrkju	k a r ð ɪ r̥ c ʏ
gerlegt	c ɛ r l ɛ x t
geysi	c e iː s ɪ
geðraskanir	c ɛ ð r a s k aː n ɪ r
giftust	c ɪ f t ʏ s t
gildin	c ɪ l t ɪ n
gjafirnar	c aː v ɪ r t n a r
gjöfin	c œː v ɪ n
glæpa	k l a iː p a
graves	k r aː v ɛː s
greiddar	k r e i tː a r
grenndinni	k r ɛ n t ɪ nː ɪ
grettis	k r ɛ h t ɪ s
grunnt	k r ʏ n̥ t
gráu	k r a uː ʏ
gráum	k r a uː ʏ m
gríðarlegu	k r iː ð a r l ɛː ɣ ʏ
gun	k ʏː n
guðnadóttir	k v ʏ ð n a t o u h t ɪ r
gáfur	k a uː v ʏ r
gæslu	c a i s t l ʏ
hades	h aː t ɛː s
hagnýtingu	h a k n iː t i ŋ k ʏ
hannar	h a nː a r
hefndum	h ɛ p n t ʏ m
heidi	h e iː t ɪ
heilmikil	h e i l m ɪː c ɪ l
heitasta	h e iː tʰ a s t a
helenu	h ɛː l ɛː n ʏ
herbergja	h ɛ r p ɛ r c a
herbúðum	h ɛ r p uː ð ʏ m
herði	h ɛ r ð ɪ
hliðarnar	l̥ ɪː ð a r t n a r
hlutastarfi	l̥ ʏː t a s t a r v ɪ
hnútar	n̥ uː t a r
hryðjuverkamenn	r̥ ɪ ð j ʏ v ɛ r̥ k a m ɛ nː
hráefnið	r̥ a uː ɛ p n ɪ ð
hrátt	r̥ a u h t
hu	h ʏː
hugmyndirnar	h ʏ ɣ m ɪ n t ɪ r t n a r
hvaðanæva	kʰ v aː ð a n a iː v a
hverfandi	kʰ v ɛ r v a n t ɪ
hverra	kʰ v ɛ rː a
hákoni	h a uː kʰ ɔː n ɪ
hættulegri	h a i h t ʏ l ɛ ɣ r ɪ
hól	h o uː l
höggum	h œ kː ʏ m
húðinni	h uː ð ɪ nː ɪ
irwin	ɪ r v ɪː n
jinnah	j ɪ nː a
jonah	j ɔː n a
jurta	j ʏ r̥ t a
jólunum	j o uː l ʏ n ʏ m
jökulsins	j œː k ʏ l s ɪ n s
kannar	kʰ a nː a r
ke	cʰ ɛː
kennararnir	cʰ ɛ nː a r a r t n ɪ r
kjarnorku	cʰ a r t n ɔ r̥ k ʏ
kjól	cʰ o uː l
klukkustundar	kʰ l ʏ h k ʏ s t ʏ n t a r
kláraðist	kʰ l a uː r a ð ɪ s t
klæðist	kʰ l a iː ð ɪ s t
klæðum	kʰ l a iː ð ʏ m
knattspyrnudeildar	kʰ n a h t s p ɪ r t n ʏ t e i l t a r
krafan	kʰ r aː v a n
kvartaði	kʰ v a r̥ t aː ð ɪ
kviknað	kʰ v ɪ h k n a ð
landeyjum	l a n t e iː j ʏ m
landsnet	l a n t s n ɛː t
laðar	l aː ð a r
lenín	l ɛː n iː n
lesnar	l ɛ s t n a r
leynilegum	l e iː n ɪ l ɛː ɣ ʏ m
lina	l ɪː n a
litnum	l ɪ h t n ʏ m
lofum	l ɔː v ʏ m
lola	l ɔː l a
lykkju	l ɪ h c ʏ
létti	l j ɛ h t ɪ
lífrænu	l iː v r a iː n ʏ
lögbann	l œ ɣ p a nː
lögreglustjóra	l œ ɣ r ɛ k l ʏ s t j o uː r a
mannlegu	m a nː l ɛː ɣ ʏ
marinó	m aː r ɪ n o uː
matarlyst	m aː t a r l ɪ s t
maureen	m ø yː r ɛː n
medicine	m ɛː t ɪ s ɪː n ɛ
menningarnótt	m ɛ nː i ŋ k a r n o u h t
mind	m ɪ n t
miðausturlöndum	m ɪː ð ø y s t ʏ r l œ n t ʏ m
miðstöðvar	m ɪ ð s t œ ð v a r
mjótt	m j o u h t
morse	m ɔ r̥ s ɛ
mosa	m ɔː s a
myndarlega	m ɪ n t a r l ɛː ɣ a
mátulega	m a uː t ʏ l ɛː ɣ a
móses	m o uː s ɛː s
mótar	m o uː t a r
mótmæltu	m o uː t m a i l̥ t ʏ
mörtu	m œ r̥ t ʏ
mýrdalsjökli	m i r t a l s j œ h k l ɪ
mýs	m iː s
nauðsynlegum	n ø y ð s ɪ n l ɛː ɣ ʏ m
nebraska	n ɛː p r a s k a
nemendurnir	n ɛː m ɛ n t ʏ r t n ɪ r
nákvæmum	n a uː kʰ v a iː m ʏ m
nánir	n a uː n ɪ r
náttúruhamfara	n a u h t uː r ʏ h a m f aː r a
nægu	n a iː ɣ ʏ
object	ɔ p j ɛ x t
ofsóknum	ɔ v s o u h k n ʏ m
orkustofnunar	ɔ r̥ k ʏ s t ɔ p n ʏ n a r
owens	ɔː v ɛ n s
palermo	pʰ aː l ɛ r m ɔ
pas	pʰ aː s
petra	pʰ ɛː t r a
plágan	pʰ l a uː a n
potti	pʰ ɔ h t ɪ
pottþétt	pʰ ɔ h t θ j ɛ h t
prestsins	pʰ r ɛ s t s ɪ n s
prufu	pʰ r ʏː v ʏ
pálmadóttir	pʰ a u l m a t o u h t ɪ r
páskana	pʰ a u s k aː n a
pöntunina	pʰ œ n̥ t ʏ n ɪː n a
ramsay	r a m s a iː
reynis	r e iː n ɪ s
rifu	r ɪː v ʏ
ráðgert	r a u ð c ɛ r̥ t
ræningjarnir	r a iː n i ɲ c a r t n ɪ r
réttmæti	r j ɛ h t m a iː t ɪ
röndum	r œ n t ʏ m
rúmast	r uː m a s t
sakað	s aː k a ð
sameign	s aː m e i k n
samleið	s a m l e iː ð
samruni	s a m r ʏː n ɪ
scotland	s k ɔː t l a n t
sendiráðinu	s ɛ n t ɪ r a uː ð ɪ n ʏ
shah	s h aː
sjóðum	s j o uː ð ʏ m
ska	s k aː
skilgreindu	s c ɪ l k r e i n t ʏ
skipulögðum	s c ɪː p ʏ l œ ɣ ð ʏ m
skrifari	s k r ɪː v a r ɪ
skyggja	s c ɪ cː a
skólahald	s k o uː l a h a l t
skúlagötu	s k uː l a k œː t ʏ
skýrist	s c iː r ɪ s t
sl	s t l
slagsmálum	s t l a x s m a uː l ʏ m
smelli	s m ɛ t l ɪ
snúningur	s t n uː n i ŋ k ʏ r
sokkar	s ɔ h k a r
som	s ɔː m
spegil	s p e iː j ɪ l
spuna	s p ʏː n a
spurðir	s p ʏ r ð ɪ r
starfsleyfi	s t a r v s t l e iː v ɪ
strandamanna	s t r a n t a m a nː a
strauk	s t r ø yː k
straumar	s t r ø yː m a r
ströngu	s t r ø y ŋ k ʏ
stærðargráðu	s t a i r ð a r k r a uː ð ʏ
stéttum	s t j ɛ h t ʏ m
stórfyrirtæki	s t o u r f ɪː r ɪ r tʰ a iː c ɪ
stökum	s t œː k ʏ m
stöðvarfirði	s t œ ð v a r v ɪ r ð ɪ
stúlkunni	s t u l̥ k ʏ nː ɪ
sumarfrí	s ʏː m a r f r iː
susanna	s ʏː s a nː a
svikum	s v ɪː k ʏ m
syngjum	s i ɲ c ʏ m
sænskra	s a i n s k r a
séreign	s j ɛː r e i k n
síðuna	s iː ð ʏ n a
takir	tʰ aː c ɪ r
taugar	tʰ ø yː ɣ a r
teheran	tʰ ɛː h ɛː r a n
them	tʰ ɛː m
tilgátu	tʰ ɪ l k a uː t ʏ
tilhögun	tʰ ɪː l h œː ɣ ʏ n
till	tʰ ɪ t l
tilnefna	tʰ ɪ l n ɛ p n a
togstreitu	tʰ ɔ x s t r e iː t ʏ
tortryggni	tʰ ɔ r̥ t r ɪ kː n ɪ
tryggjum	tʰ r ɪ cː ʏ m
túnis	tʰ uː n ɪ s
týndi	tʰ i n t ɪ
ulli	ʏ t l ɪ
umbúðum	ʏ m p uː ð ʏ m
umdæmis	ʏ m t a iː m ɪ s
umfangsmikla	ʏ m f a u ŋ k s m ɪ h k l a
umönnun	ʏː m œ nː ʏ n
undantekningum	ʏ n t a n tʰ ɛ h k n i ŋ k ʏ m
undirskriftir	ʏ n t ɪ r s k r ɪ f t ɪ r
uppfinning	ʏ h p f ɪ nː i ŋ k
uppreist	ʏ h p r e i s t
uppskera	ʏ h p s c ɛː r a
uppskriftum	ʏ h p s k r ɪ f t ʏ m
valdarán	v a l t a r a uː n
valdur	v a l t ʏ r
vanillu	v aː n ɪ t l ʏ
varamenn	v aː r a m ɛ nː
varanlegum	v aː r a n l ɛː ɣ ʏ m
varmahlíð	v a r m a l̥ iː ð
varsjá	v a r̥ s j a uː
veggirnir	v ɛ cː ɪ r t n ɪ r
veitinga	v e iː t i ŋ k a
veitingastaðnum	v e iː t i ŋ k a s t a ð n ʏ m
vermont	v ɛ r m ɔ n̥ t
verðlagi	v ɛ r ð l aː j ɪ
vestrinu	v ɛ s t r ɪː n ʏ
vik	v ɪː k
vinnumarkaði	v ɪ nː ʏ m a r̥ k aː ð ɪ
viska	v ɪ s k a
vitnis	v ɪ h t n ɪ s
viðtalið	v ɪ ð tʰ a l ɪː ð
væna	v a iː n a
væntingum	v a i n̥ t i ŋ k ʏ m
vörðuðu	v œ r ð ʏ ð ʏ
wing	v i ŋ k
yfirstandandi	ɪː v ɪ r̥ s t a n t a n t ɪ
ynni	ɪ nː ɪ
zone	s ɔː n ɛ
áleit	a uː l e iː t
ánægjuleg	a uː n a iː j ʏ l ɛː ɣ
ásgarði	a uː s k a r ð ɪ
ástir	a u s t ɪ r
ástvini	a u s t v ɪː n ɪ
ástæðurnar	a uː s t a iː ð ʏ r t n a r
ættleiddur	a i h t l e i tː ʏ r
ísafold	iː s a f ɔ l t
óbeinum	o uː p e iː n ʏ m
ólíkan	o uː l iː kʰ aː n
óttuðust	o u h t ʏ ð ʏ s t
óþægilegt	o uː θ a iː j ɪ l ɛ x t
öndverðu	œ n t v ɛ r ð ʏ
öruggara	œː r ʏ kː a r a
öruggir	œː r ʏ cː ɪ r
útbrot	uː t p r ɔː t
útkoma	uː t kʰ ɔː m a
útsett	uː t s ɛ h t
þekur	θ ɛː k ʏ r
þessvegna	θ ɛ sː v ɛ k n a
þin	θ ɪː n
þingeyjarsveit	θ i ŋ c e iː j a r s v e iː t
þingflokka	θ i ŋ k f l ɔ h k a
þingflokks	θ i ŋ k f l ɔ h k s
þingflokkur	θ i ŋ k f l ɔ h k ʏ r
þingmanni	θ i ŋ k m a nː ɪ
þorsk	θ ɔ r̥ s k
þvott	θ v ɔ h t
þáttakendur	θ a u h t a cʰ ɛ n t ʏ r
þáttar	θ a u h t a r
afreka	a v r ɛː k a
bestir	p ɛ s t ɪ r
björnssyni	p j œ r t n s s ɪː n ɪ
bleik	p l e iː k
bransa	p r a n s a
brutust	p r ʏː t ʏ s t
byggðin	p ɪ ɣ ð ɪ n
canada	kʰ aː n a t a
care	kʰ aː r ɛ
deildirnar	t e i l t ɪ r t n a r
diski	t ɪ s c ɪ
drjúgan	t r j uː a n
eignist	e i k n ɪ s t
eldsvoða	ɛ l t s v ɔː ð a
enskumælandi	ɛ n s k ʏ m a iː l a n t ɪ
erfingjar	ɛ r v i ɲ c a r
fjölbreytileiki	f j œ l p r e iː t ɪ l e iː c ɪ
flækjast	f l a iː c a s t
forveri	f ɔ r v ɛː r ɪ
fréttunum	f r j ɛ h t ʏ n ʏ m
gakk	k a h k
gore	k ɔː r ɛ
gran	k r aː n
grikkjum	k r ɪ h c ʏ m
grunninum	k r ʏ nː ɪ n ʏ m
handíðaskóla	h a n t iː ð a s k o uː l a
harmi	h a r m ɪ
hefjum	h ɛ v j ʏ m
heimsminjaskrá	h e i m s m ɪ n j a s k r a uː
hliðstæð	l̥ ɪ ð s t a iː ð
hlutarins	l̥ ʏː t a r ɪ n s
hnapp	n̥ a h p
hrafni	r̥ a p n ɪ
hreinskilni	r̥ e i n s c ɪ l n ɪ
húsafelli	h uː s a f ɛ t l ɪ
its	ɪ h t s
jarðgöng	j a r ð k ø y ŋ k
jólasveinar	j o uː l a s v e iː n a r
kynninguna	cʰ ɪ nː i ŋ k ʏː n a
kúra	kʰ uː r a
leipzig	l e i p s ɪː ɣ
lestina	l ɛ s t ɪ n a
ljósmyndarar	l j o uː s m ɪ n t a r a r
malasíu	m aː l a s iː j ʏ
manneskjunni	m a nː ɛ s c ʏ nː ɪ
meinar	m e iː n a r
melum	m ɛː l ʏ m
missum	m ɪ sː ʏ m
miðpunktur	m ɪ ð pʰ u ŋ̊ k t ʏ r
most	m ɔ s t
móðurinnar	m o uː ð ʏ r ɪ nː a r
nagla	n a k l a
neglurnar	n ɛ k l ʏ r t n a r
norðvesturkjördæmi	n ɔ r ð v ɛ s t ʏ r cʰ œ r t a iː m ɪ
nálægum	n a uː l a iː ɣ ʏ m
orrustunni	ɔ rː ʏ s t ʏ nː ɪ
photo	f ɔː t ɔ
plantað	pʰ l a n̥ t a ð
pála	pʰ a uː l a
reita	r e iː t a
ráðgjöfum	r a u ð c œː v ʏ m
ræktaðar	r a i x t aː ð a r
ríkisvaldinu	r iː c ɪ s v a l t ɪː n ʏ
samstarfsmaður	s a m s t a r v s m aː ð ʏ r
seli	s ɛː l ɪ
sinum	s ɪː n ʏ m
sitthvoru	s ɪ h t kʰ v ɔː r ʏ
skarað	s k aː r a ð
skeggi	s c ɛ cː ɪ
skildir	s c ɪ l t ɪ r
skiptingar	s c ɪ f t i ŋ k a r
snemmt	s t n ɛ m̥ t
snúum	s t n uː ʏ m
sokkum	s ɔ h k ʏ m
stakar	s t aː k a r
stakri	s t aː k r ɪ
svíum	s v iː j ʏ m
tilgátur	tʰ ɪ l k a uː t ʏ r
tíbet	tʰ iː p ɛː t
tölvurnar	tʰ œ l v ʏ r t n a r
túlkuð	tʰ u l̥ k ʏ ð
varnarmenn	v a r t n a r m ɛ nː
vatna	v a h t n a
verslunarmiðstöð	v ɛ r̥ s t l ʏ n a r m ɪ ð s t œː ð
vestanvert	v ɛ s t a n v ɛ r̥ t
vesturlönd	v ɛ s t ʏ r l œ n t
vilhjálm	v ɪ l ç a u l m
virtustu	v ɪ r̥ t ʏ s t ʏ
viðkomustaður	v ɪ ð kʰ ɔː m ʏ s t aː ð ʏ r
viðtaka	v ɪ ð tʰ aː k a
win	v ɪː n
yfirgáfu	ɪː v ɪ r k a uː v ʏ
ánægt	a uː n a i x t
íþróttagreinum	iː θ r o u h t a k r e iː n ʏ m
ókei	o uː c e iː
órói	o uː r o uː ɪ
þingsæti	θ i ŋ k s a iː t ɪ
þjófnað	θ j o u p n a ð
þéttleiki	θ j ɛ h t l e iː c ɪ
actavis	a x t a v ɪː s
afhentu	a v h ɛ n̥ t ʏ
afmarkast	a v m a r̥ k a s t
aftar	a f t a r
allmörgum	a t l m œ r k ʏ m
almannatryggingar	a l m a nː a tʰ r ɪ cː i ŋ k a r
andans	a n t a n s
andstæðing	a n t s t a iː ð i ŋ k
aðildar	aː ð ɪ l t a r
bagga	p a kː a
bandaríki	p a n t a r iː c ɪ
barnabækur	p a r t n a p a iː k ʏ r
beiting	p e iː t i ŋ k
bestar	p ɛ s t a r
bitum	p ɪː t ʏ m
blandan	p l a n t a n
blindu	p l ɪ n t ʏ
bolurinn	p ɔː l ʏ r ɪ nː
bon	p ɔː n
borgarráð	p ɔ r k a r r a uː ð
boðuðu	p ɔː ð ʏ ð ʏ
brautum	p r ø yː t ʏ m
brauðið	p r ø yː ð ɪ ð
breiðast	p r e iː ð a s t
breiðfjörð	p r e i ð f j œ r ð
brent	p r ɛ n̥ t
breytinguna	p r e iː t i ŋ k ʏː n a
bríet	p r iː j ɛː t
brögðum	p r œ ɣ ð ʏ m
báli	p a uː l ɪ
bítur	p iː t ʏ r
böll	p œ t l
böndin	p œ n t ɪ n
búningar	p uː n i ŋ k a r
búnu	p uː n ʏ
carver	kʰ a r v ɛː r
castro	kʰ a s t r ɔ
christmas	kʰ r ɪ s t m aː s
code	kʰ ɔː t ɛ
costco	kʰ ɔ s t k ɔ
dagsett	t a x s ɛ h t
dagskrána	t a x s k r a uː n a
dapurlegt	t aː p ʏ r l ɛ x t
dauðu	t ø yː ð ʏ
dekkin	t ɛ h c ɪ n
drengjum	t r e i ɲ c ʏ m
dvalar	t v aː l a r
dverga	t v ɛ r k a
dái	t a uː ɪ
dæmdu	t a i m t ʏ
dómsmála	t o u m s m a uː l a
dökku	t œ h k ʏ
dýrunum	t iː r ʏ n ʏ m
eflingar	ɛ p l i ŋ k a r
eignarhlut	e i k n a r l̥ ʏː t
einokun	e iː n ɔː k ʏ n
eiðum	e iː ð ʏ m
eldflaugar	ɛ l t f l ø yː ɣ a r
extra	ɛ k s t r a
fasteignum	f a s t e i k n ʏ m
feld	f ɛ l t
ferska	f ɛ r̥ s k a
fiskimenn	f ɪ s c ɪ m ɛ nː
fitusýrum	f ɪː t ʏ s iː r ʏ m
flakk	f l a h k
fornleifafræðingar	f ɔ r t n l e iː v a f r a iː ð i ŋ k a r
forsætisráðuneytið	f ɔ r̥ s a iː t ɪ s r a uː ð ʏ n e iː t ɪ ð
fossar	f ɔ sː a r
friðriki	f r ɪ ð r ɪː c ɪ
frændum	f r a i n t ʏ m
fréttabréf	f r j ɛ h t a p r j ɛː v
fury	f ʏː r ɪ
fyllstu	f ɪ t l s t ʏ
fyrirgefningar	f ɪː r ɪ r c ɛ p n i ŋ k a r
fyrirgefðu	f ɪː r ɪ r c ɛ v ð ʏ
fyrirrúmi	f ɪː r ɪ r r uː m ɪ
fyrirsögninni	f ɪː r ɪ r s œ k n ɪ nː ɪ
föngnum	f ø y ŋ k n ʏ m
ga	k aː
gagnrýndur	k a k n r i n t ʏ r
gay	k a iː
gefnum	c ɛ p n ʏ m
geymum	c e iː m ʏ m
geðveiki	c ɛ ð v e iː c ɪ
gilbert	c ɪ l p ɛ r̥ t
gjaldi	c a l t ɪ
gjaldmiðli	c a l t m ɪ ð l ɪ
glass	k l a sː
glenn	k l ɛ nː
gleymdist	k l e i m t ɪ s t
gleymdu	k l e i m t ʏ
glæsilegasta	k l a iː s ɪ l ɛː ɣ a s t a
gong	k o u ŋ k
gossins	k ɔ sː ɪ n s
grafir	k r aː v ɪ r
grenivík	k r ɛː n ɪ v iː k
grimma	k r ɪ mː a
grimmt	k r ɪ m̥ t
grove	k r ɔː v ɛ
grætur	k r a iː t ʏ r
gröfinni	k r œː v ɪ nː ɪ
guðjóni	k v ʏ ð j o uː n ɪ
gwen	k v ɛː n
hafsteinsdóttir	h a v s t e i n s t o u h t ɪ r
hafðist	h a v ð ɪ s t
hagstæð	h a x s t a iː ð
hamas	h aː m a s
hampton	h a m̥ p tʰ ɔː n
handahófi	h a n t a h o uː v ɪ
handtökur	h a n t tʰ œː k ʏ r
hannibal	h a nː ɪ p aː l
hartnær	h a r̥ t n a iː r
hattinum	h a h t ɪ n ʏ m
hegningarlögum	h ɛ k n i ŋ k a r l œː ɣ ʏ m
heillaðist	h e i t l a ð ɪ s t
heimabæ	h e iː m a p a iː
heimavist	h e iː m a v ɪ s t
heimspekinga	h e i m s p ɛː c i ŋ k a
heimsálfum	h e i m s a u l v ʏ m
heiðinni	h e iː ð ɪ nː ɪ
hellar	h ɛ t l a r
herpes	h ɛ r̥ p ɛː s
hicks	h ɪ k s
hliðstæður	l̥ ɪ ð s t a iː ð ʏ r
hljómsveitirnar	l̥ j o u m s v e iː t ɪ r t n a r
hlustaði	l̥ ʏ s t aː ð ɪ
hlustaðu	l̥ ʏ s t aː ð ʏ
hlutkesti	l̥ ʏː t cʰ ɛ s t ɪ
hnífa	n̥ iː v a
holuhrauni	h ɔː l ʏ r̥ ø yː n ɪ
hreyfinga	r̥ e iː v i ŋ k a
hruns	r̥ ʏ n s
hugsjónum	h ʏ x s j o uː n ʏ m
hulin	h ʏː l ɪ n
hvolpurinn	kʰ v ɔ l̥ p ʏ r ɪ nː
hægan	h a iː ɣ a n
hæstur	h a i s t ʏ r
hóla	h o uː l a
hósta	h o u s t a
illmenni	ɪ t l m ɛ nː ɪ
ingason	i ŋ k a s ɔː n
ingu	i ŋ k ʏ
innlimun	ɪ nː l ɪː m ʏ n
isabelle	ɪː s a p ɛ t l ɛ
jafnað	j a p n a ð
jafngilda	j a p n c ɪ l t a
jamm	j a mː
japanar	j aː pʰ aː n a r
jöfnuð	j œ p n ʏ ð
júni	j uː n ɪ
kaffið	kʰ a fː ɪ ð
kantinum	kʰ a n̥ t ɪ n ʏ m
karlmanni	kʰ a r t l m a nː ɪ
kaupfélag	kʰ ø yː p f j ɛː l aː ɣ
kaída	kʰ a iː t a
keisarann	cʰ e iː s a r a nː
keisaranum	cʰ e iː s a r aː n ʏ m
ketils	cʰ ɛː t ɪ l s
kirkjubæ	cʰ ɪ r̥ c ʏ p a iː
klukkutímum	kʰ l ʏ h k ʏ tʰ iː m ʏ m
kránni	kʰ r a u t n ɪ
kunningja	kʰ ʏ nː i ɲ c a
kvarða	kʰ v a r ð a
kynjafræði	cʰ ɪ n j a f r a iː ð ɪ
könnunum	kʰ œ nː ʏ n ʏ m
kúlan	kʰ uː l a n
landareign	l a n t a r e i k n
landhelgisgæslan	l a n t h ɛ l c ɪ s c a i s t l a n
landsbankann	l a n t s p a u ŋ̊ kʰ a nː
landsbjörg	l a n t s p j œ r k
langanir	l a u ŋ k a n ɪ r
leiddist	l e i tː ɪ s t
leikana	l e iː k aː n a
leikverk	l e iː k v ɛ r̥ k
leiðbeint	l e i ð p e i n̥ t
lexus	l ɛ k s ʏ s
leystir	l e i s t ɪ r
limur	l ɪː m ʏ r
losnað	l ɔ s t n a ð
lyki	l ɪː c ɪ
lækkaður	l a i h k a ð ʏ r
léttar	l j ɛ h t a r
lífeyrissjóður	l iː v e iː r ɪ s s j o uː ð ʏ r
lífræna	l iː v r a iː n a
lóðum	l o uː ð ʏ m
lögreglumönnum	l œ ɣ r ɛ k l ʏ m œ nː ʏ m
lýsingin	l iː s i ɲ c ɪ n
magnað	m a k n a ð
malt	m a l̥ t
marmara	m a r m aː r a
mask	m a s k
mats	m a h t s
menningarmálaráðherra	m ɛ nː i ŋ k a r m a uː l a r a uː ð h ɛ rː a
menntamála	m ɛ n̥ t a m a uː l a
menntamálaráðuneytinu	m ɛ n̥ t a m a uː l a r a uː ð ʏ n e iː t ɪ n ʏ
menntamálaráðuneytisins	m ɛ n̥ t a m a uː l a r a uː ð ʏ n e iː t ɪ s ɪ n s
merkilega	m ɛ r̥ c ɪ l ɛː ɣ a
merkilegar	m ɛ r̥ c ɪ l ɛː ɣ a r
merkingin	m ɛ r̥ c i ɲ c ɪ n
miklubraut	m ɪ h k l ʏ p r ø yː t
minnum	m ɪ nː ʏ m
miðjarðarhafið	m ɪ ð j a r ð a r h aː v ɪ ð
miðstöðin	m ɪ ð s t œː ð ɪ n
mjúkar	m j uː k a r
mode	m ɔː t ɛ
mona	m ɔː n a
munnurinn	m ʏ nː ʏ r ɪ nː
myndavélum	m ɪ n t a v j ɛː l ʏ m
myndskreytt	m ɪ n t s k r e i h t
myrkrið	m ɪ r̥ k r ɪː ð
músina	m uː s ɪː n a
netsins	n ɛː t s ɪ n s
nágrennis	n a uː k r ɛ nː ɪ s
nánasti	n a uː n a s t ɪ
náttúrlega	n a u h t u r l ɛː ɣ a
næturlagi	n a iː t ʏ r l aː j ɪ
nóbels	n o uː p ɛ l s
opinskátt	ɔː p ɪ n s k a u h t
orkuveita	ɔ r̥ k ʏ v e iː t a
ormar	ɔ r m a r
pass	pʰ a sː
persónan	pʰ ɛ r̥ s o uː n a n
persónulegar	pʰ ɛ r̥ s o uː n ʏ l ɛː ɣ a r
piltar	pʰ ɪ l̥ t a r
pin	pʰ ɪː n
pott	pʰ ɔ h t
potta	pʰ ɔ h t a
pressu	pʰ r ɛ sː ʏ
prufur	pʰ r ʏː v ʏ r
reikningurinn	r e i h k n i ŋ k ʏ r ɪ nː
reitir	r e iː t ɪ r
reykjaness	r e iː c a n ɛ sː
richardson	r ɪː x a r t s ɔː n
roberto	r ɔː p ɛ r̥ t ɔ
rásar	r a uː s a r
ráðamönnum	r a uː ð a m œ nː ʏ m
ráðuneyta	r a uː ð ʏ n e iː t a
réttara	r j ɛ h t a r a
ríkasti	r iː kʰ a s t ɪ
rósir	r o uː s ɪ r
rústa	r u s t a
rúður	r uː ð ʏ r
sachs	s a x s
samkeppniseftirlitið	s a m cʰ ɛ h p n ɪ s ɛ f t ɪ r l ɪː t ɪ ð
samkomum	s a m kʰ ɔː m ʏ m
sammy	s a mː ɪ
samsýningum	s a m s iː n i ŋ k ʏ m
sendingin	s ɛ n t i ɲ c ɪ n
ser	s ɛː r
series	s ɛː r ɪ ɛː s
seti	s ɛː t ɪ
seðlar	s ɛ ð l a r
sjóðir	s j o uː ð ɪ r
skili	s c ɪː l ɪ
skiljast	s c ɪ l j a s t
skipulagðir	s c ɪː p ʏ l a ɣ ð ɪ r
skjálftar	s c a u l̥ t a r
skoðanakönnun	s k ɔː ð a n a kʰ œ nː ʏ n
skrifaðu	s k r ɪː v a ð ʏ
skráningar	s k r a uː n i ŋ k a r
skuldabréfum	s k ʏ l t a p r j ɛː v ʏ m
skuldbindingu	s k ʏ l t p ɪ n t i ŋ k ʏ
skyldar	s c ɪ l t a r
skyrtu	s c ɪ r̥ t ʏ
skógræktarfélag	s k o uː k r a i x t a r f j ɛː l aː ɣ
snáka	s t n a uː k a
sovétmanna	s ɔː v j ɛː t m a nː a
sprotafyrirtæki	s p r ɔː t a f ɪː r ɪ r tʰ a iː c ɪ
spyrji	s p ɪ r j ɪ
starr	s t a rː
statt	s t a h t
staðlað	s t a ð l a ð
stevenson	s t ɛː v ɛ n s ɔː n
stjórnast	s t j o u r t n a s t
stofnaðir	s t ɔ p n a ð ɪ r
strandasýslu	s t r a n t a s i s t l ʏ
stálu	s t a uː l ʏ
suðurlandsbraut	s ʏː ð ʏ r l a n t s p r ø yː t
svars	s v a r̥ s
sveitarstjórnum	s v e iː t a r s t j o u r t n ʏ m
svikið	s v ɪː c ɪ ð
sviptir	s v ɪ f t ɪ r
svolitla	s v ɔː l ɪ h t l a
sárlega	s a uː r l ɛː ɣ a
sæmir	s a iː m ɪ r
sérhæfingu	s j ɛː r h a iː v i ŋ k ʏ
síðdegis	s i ð t e iː j ɪ s
sóa	s o uː a
sólveigu	s o u l v e iː ɣ ʏ
sögðum	s œ ɣ ð ʏ m
sökkt	s œ x t
sýnilega	s iː n ɪ l ɛː ɣ a
tei	tʰ e iː
teljandi	tʰ ɛ l j a n t ɪ
tengdra	tʰ e i ŋ t r a
tilbreyting	tʰ ɪ l p r e iː t i ŋ k
tilgreint	tʰ ɪ l k r e i n̥ t
tjalda	tʰ j a l t a
toll	tʰ ɔ t l
trust	tʰ r ʏ s t
trúmál	tʰ r uː m a uː l
tungli	tʰ u ŋ l ɪ
typpið	tʰ ɪ h p ɪ ð
tæknilegar	tʰ a i h k n ɪ l ɛː ɣ a r
tæpast	tʰ a iː pʰ a s t
umgjörð	ʏ m c œ r ð
undanhaldi	ʏ n t a n h a l t ɪ
uppleið	ʏ h p l e iː ð
upplifir	ʏ h p l ɪː v ɪ r
upplýsingagjöf	ʏ h p l iː s i ŋ k a c œː v
uppteknum	ʏ h p tʰ ɛ h k n ʏ m
utanhúss	ʏː t a n h u sː
utanum	ʏː t a n ʏ m
vaknað	v a h k n a ð
valgerði	v a l c ɛ r ð ɪ
veraldlega	v ɛː r a l t l ɛː ɣ a
verkfræðingar	v ɛ r̥ k f r a iː ð i ŋ k a r
verkjalyf	v ɛ r̥ c a l ɪː v
verulegar	v ɛː r ʏ l ɛː ɣ a r
vesturbæ	v ɛ s t ʏ r p a iː
vildir	v ɪ l t ɪ r
villtra	v ɪ l̥ t r a
virkjunum	v ɪ r̥ c ʏ n ʏ m
virðisaukaskattur	v ɪ r ð ɪ s ø yː k a s k a h t ʏ r
viðburða	v ɪ ð p ʏ r ð a
viðstödd	v ɪ ð s t œ tː
vora	v ɔː r a
vottun	v ɔ h t ʏ n
víkingum	v iː c i ŋ k ʏ m
víðtæka	v i ð tʰ a iː k a
where	v ɛː r ɛ
ágæta	a uː c a iː t a
áhrifasvæði	a uː r̥ ɪː v a s v a iː ð ɪ
álögum	a uː l œː ɣ ʏ m
árabilinu	a uː r a p ɪː l ɪː n ʏ
árlegri	a uː r l ɛ ɣ r ɪ
árlegum	a uː r l ɛː ɣ ʏ m
áttavita	a u h t a v ɪː t a
átvr	a uː t v r
ávarpi	a uː v a r̥ p ɪ
ávörp	a uː v œ r̥ p
æfðu	a i v ð ʏ
æsispennandi	a iː s ɪ s p ɛ nː a n t ɪ
ævintýra	a iː v ɪ n tʰ iː r a
íbúðalánasjóðs	iː p uː ð a l a uː n a s j o u ð s
ítalskt	iː tʰ a l s k t
ívið	iː v ɪ ð
íþróttahúsi	iː θ r o u h t a h uː s ɪ
óskýr	o uː s c iː r
óþekktum	o uː θ ɛ x t ʏ m
óþolandi	o uː θ ɔː l a n t ɪ
ögmundar	œ ɣ m ʏ n t a r
ökkla	œ h k l a
öldur	œ l t ʏ r
úlfa	u l v a
úrskeiðis	u r̥ s c e iː ð ɪ s
úrskurðaði	u r̥ s k ʏ r ð aː ð ɪ
úrslitaleiknum	u r̥ s t l ɪː t a l e i h k n ʏ m
úthverfi	uː t kʰ v ɛ r v ɪ
útkall	uː t kʰ a t l
útvíkkun	uː t v i h k ʏ n
ýsu	iː s ʏ
ýttu	i h t ʏ
þakkaði	θ a h k a ð ɪ
þegnum	θ ɛ k n ʏ m
þingmanns	θ i ŋ k m a nː s
þingvallavatn	θ i ŋ k v a t l a v a h t n
þjálfar	θ j a u l v a r
þjónustumiðstöð	θ j o uː n ʏ s t ʏ m ɪ ð s t œː ð
þjóðfélag	θ j o u ð f j ɛː l aː ɣ
þjóðsögum	θ j o u ð s œː ɣ ʏ m
þrettánda	θ r ɛ h t a u n t a
þrýstings	θ r i s t i ŋ k s
þunglyndis	θ u ŋ k l ɪ n t ɪ s
þvagi	θ v aː j ɪ
þvílíkt	θ v iː l i x t
þóttust	θ o u h t ʏ s t
afleiðingarnar	a v l e iː ð i ŋ k a r t n a r
afmörkun	a v m œ r̥ k ʏ n
ah	aː
akureyrarbæjar	aː k ʏ r e iː r a r p a iː j a r
aldraða	a l t r aː ð a
almáttugur	a l m a u h t ʏː ɣ ʏ r
asa	aː s a
athugunar	aː t h ʏː ɣ ʏ n a r
aðbúnað	a ð p uː n a ð
bambi	p a m p ɪ
beau	p ø yː
benediktssyni	p ɛː n ɛː t ɪ x t s s ɪː n ɪ
blandaða	p l a n t aː ð a
blaðamanna	p l aː ð a m a nː a
bloggsíðu	p l ɔ kː s iː ð ʏ
blús	p l uː s
borgun	p ɔ r k ʏ n
breiðu	p r e iː ð ʏ
bretton	p r ɛ h t ɔ n
brotnað	p r ɔ h t n a ð
brunnið	p r ʏ nː ɪ ð
buxum	p ʏ x s ʏ m
byrjuð	p ɪ r j ʏ ð
bæklinga	p a i h k l i ŋ k a
búfjár	p uː v j a uː r
cady	kʰ aː t ɪ
card	kʰ a r t
carmine	kʰ a r m ɪː n ɛ
caspar	kʰ a s p a r
ce	s ɛː
derry	t ɛ rː ɪ
deyi	t e iː j ɪ
drottningunni	t r ɔ h t n i ŋ k ʏ nː ɪ
drum	t r ʏː m
drægi	t r a iː j ɪ
dótturfyrirtæki	t o u h t ʏ r f ɪː r ɪ r tʰ a iː c ɪ
ebay	ɛː p a iː
efnaskiptum	ɛ p n a s c ɪ f t ʏ m
eftirtekt	ɛ f t ɪ r tʰ ɛ x t
einblína	e i n p l iː n a
einföldustu	e i n f œ l t ʏ s t ʏ
elliði	ɛ t l ɪː ð ɪ
eltu	ɛ l̥ t ʏ
endurvinnsla	ɛ n t ʏ r v ɪ n s t l a
engra	e i ŋ k r a
erfiðu	ɛ r v ɪː ð ʏ
europa	ø yː r ɔː p a
eyjafjarðarsveit	e iː j a f j a r ð a r s v e iː t
eðlilegu	ɛ ð l ɪ l ɛː ɣ ʏ
femínista	f ɛː m iː n ɪ s t a
fengjum	f e i ɲ c ʏ m
feðgarnir	f ɛ ð k a r t n ɪ r
fjárframlögum	f j a u r f r a m l œː ɣ ʏ m
fjöldan	f j œ l t a n
fjörð	f j œ r ð
flust	f l ʏ s t
flöskum	f l œ s k ʏ m
forföllum	f ɔ r f œ t l ʏ m
forgrunni	f ɔ r k r ʏ nː ɪ
forysta	f ɔː r ɪ s t a
frambjóðendum	f r a m p j o uː ð ɛ n t ʏ m
frami	f r aː m ɪ
fræðast	f r a iː ð a s t
fullnustu	f ʏ t l n ʏ s t ʏ
fullnægja	f ʏ t l n a iː j a
fyrirbærum	f ɪː r ɪ r p a iː r ʏ m
fótgangandi	f o uː t k a u ŋ k a n t ɪ
gagngert	k a k n c ɛ r̥ t
gildru	c ɪ l t r ʏ
greindir	k r e i n t ɪ r
grimes	k r ɪː m ɛː s
grænan	k r a iː n a n
gíslasyni	c i s t l a s ɪː n ɪ
hagnýt	h a k n iː t
harmleik	h a r m l e iː k
hefðbundnir	h ɛ v ð p ʏ n t n ɪ r
heilagri	h e iː l a k r ɪ
heilbrigðiskerfinu	h e i l p r ɪ ɣ ð ɪ s c ɛ r v ɪː n ʏ
helgafelli	h ɛ l k a f ɛ t l ɪ
hinsta	h ɪ n s t a
hjálparhönd	ç a u l̥ p a r h œ n t
hjólastól	ç o uː l a s t o uː l
hjónum	ç o uː n ʏ m
hljómborð	l̥ j o u m p ɔ r ð
hlýt	l̥ iː t
hrafnseyri	r̥ a p n s e iː r ɪ
hreppsins	r̥ ɛ h p s ɪ n s
hugsaður	h ʏ x s aː ð ʏ r
hvaðeina	kʰ v aː ð e iː n a
hámarks	h a uː m a r̥ k s
háttsemi	h a u h t s ɛː m ɪ
hæglega	h a i ɣ l ɛː ɣ a
hækkuð	h a i h k ʏ ð
héraðsdóms	ç ɛː r a ð s t o u m s
höfundarnir	h œː v ʏ n t a r t n ɪ r
hörgárdal	h œ r k a u r t aː l
jógúrt	j o uː k u r̥ t
júlíusdóttir	j uː l i j ʏ s t o u h t ɪ r
kaflanum	kʰ a p l a n ʏ m
kaldar	kʰ a l t a r
kaldir	kʰ a l t ɪ r
kennaranum	cʰ ɛ nː a r aː n ʏ m
kennum	cʰ ɛ nː ʏ m
keppanda	cʰ ɛ h p a n t a
kerfisbundið	cʰ ɛ r v ɪ s p ʏ n t ɪ ð
kjarvalsstöðum	cʰ a r v a l s s t œː ð ʏ m
klámi	kʰ l a uː m ɪ
koltvísýrings	kʰ ɔ l̥ t v iː s iː r i ŋ k s
krafts	kʰ r a f t s
kristbjörg	kʰ r ɪ s t p j œ r k
kvennanna	kʰ v ɛ nː a nː a
kynfærum	cʰ ɪ n f a iː r ʏ m
kælingu	cʰ a iː l i ŋ k ʏ
kúlunni	kʰ uː l ʏ nː ɪ
landhelgi	l a n t h ɛ l c ɪ
langflest	l a u ŋ k f l ɛ s t
lanka	l a u ŋ̊ k a
laumast	l ø yː m a s t
leyndum	l e i n t ʏ m
listrænn	l ɪ s t r a i t n
ljúffengur	l j u fː e i ŋ k ʏ r
lunda	l ʏ n t a
lungunum	l u ŋ k ʏ n ʏ m
lyfjameðferð	l ɪ v j a m ɛ ð f ɛ r ð
lærisveina	l a iː r ɪ s v e iː n a
lýðheilsu	l iː ð h e i l s ʏ
lýðræðisleg	l i ð r a iː ð ɪ s t l ɛː ɣ
malta	m a l̥ t a
mannlegum	m a nː l ɛː ɣ ʏ m
matvælaframleiðslu	m aː t v a iː l a f r a m l e i ð s t l ʏ
meistaradeildar	m e i s t a r a t e i l t a r
menntamál	m ɛ n̥ t a m a uː l
merkustu	m ɛ r̥ k ʏ s t ʏ
minnki	m i ɲ̊ c ɪ
mistakast	m ɪ s t a kʰ a s t
myndrænt	m ɪ n t r a i n̥ t
málþing	m a u l θ i ŋ k
mótvægi	m o uː t v a iː j ɪ
möðruvöllum	m œ ð r ʏ v œ t l ʏ m
niki	n ɪː c ɪ
nyrst	n ɪ r̥ s t
nákvæmur	n a uː kʰ v a iː m ʏ r
náðir	n a uː ð ɪ r
opnaðist	ɔ h p n a ð ɪ s t
oslo	ɔ s t l ɔ
pau	pʰ ø yː
persónulegu	pʰ ɛ r̥ s o uː n ʏ l ɛː ɣ ʏ
perur	pʰ ɛː r ʏ r
piper	pʰ ɪː p ɛ r
pistla	pʰ ɪ s t l a
pre	pʰ r ɛː
print	pʰ r ɪ n̥ t
pökkum	pʰ œ h k ʏ m
pörum	pʰ œː r ʏ m
rannsóknarstofnun	r a nː s o u h k n a r s t ɔ p n ʏ n
rauntíma	r ø y n tʰ iː m a
ref	r ɛː v
rofin	r ɔː v ɪ n
ráðhús	r a uː ð h uː s
rænd	r a i n t
ræð	r a iː ð
réttarhöldum	r j ɛ h t a r h œ l t ʏ m
rómantík	r o uː m a n tʰ iː k
sahara	s aː h aː r a
samdægurs	s a m t a iː ɣ ʏ r̥ s
samloka	s a m l ɔː k a
samstarfsaðilar	s a m s t a r v s aː ð ɪ l a r
samsíða	s a m s iː ð a
sannaði	s a nː a ð ɪ
sauðfjár	s ø y ð f j a uː r
sd	s t ɛː
seifi	s e iː v ɪ
seinasti	s e iː n a s t ɪ
sektum	s ɛ x t ʏ m
sen	s ɛː n
sennilegt	s ɛ nː ɪ l ɛ x t
short	s h ɔ r̥ t
sinntu	s ɪ n̥ t ʏ
siðgæði	s ɪ ð c a iː ð ɪ
sjálfboðavinnu	s j a u l v p ɔː ð a v ɪ nː ʏ
sjúkdóms	s j uː k t o u m s
skaðað	s k aː ð a ð
skellir	s c ɛ t l ɪ r
skákmaður	s k a uː k m aː ð ʏ r
skíðum	s c iː ð ʏ m
smygla	s m ɪ k l a
snögg	s t n œ kː
sonny	s ɔ nː ɪ
sparisjóði	s p aː r ɪ s j o uː ð ɪ
staðal	s t aː ð a l
steindir	s t e i n t ɪ r
steinefnum	s t e iː n ɛ p n ʏ m
stilltur	s t ɪ l̥ t ʏ r
stokk	s t ɔ h k
stykkishólms	s t ɪ h c ɪ s h o u l m s
stórsigur	s t o u r̥ s ɪː ɣ ʏ r
stöðlum	s t œ ð l ʏ m
stöðvum	s t œ ð v ʏ m
sumarsins	s ʏː m a r s ɪ n s
sveitirnar	s v e iː t ɪ r t n a r
sáttum	s a u h t ʏ m
sérkennilega	s j ɛ r̥ cʰ ɛ nː ɪ l ɛː ɣ a
sóknar	s o u h k n a r
sólarhringa	s o uː l a r r̥ i ŋ k a
sýnilegar	s iː n ɪ l ɛː ɣ a r
talsverðu	tʰ a l s v ɛ r ð ʏ
test	tʰ ɛ s t
tindastóll	tʰ ɪ n t a s t o u t l
tjáir	tʰ j a uː ɪ r
trausts	tʰ r ø y s t s
ty	tʰ ɪː
tæpu	tʰ a iː p ʏ
tónskálda	tʰ o u n s k a u l t a
tökin	tʰ œː c ɪ n
töluverðan	tʰ œː l ʏ v ɛ r ð a n
töskuna	tʰ œ s k ʏ n a
túni	tʰ uː n ɪ
týnt	tʰ i n̥ t
umbreytt	ʏ m p r e i h t
ummælum	ʏ mː a iː l ʏ m
umsjónarmenn	ʏ m s j o uː n a r m ɛ nː
ungverjaland	u ŋ k v ɛ r j a l a n t
uppeftir	ʏ h p ɛ f t ɪ r
urban	ʏ r p aː n
utanríkisráðuneytið	ʏː t a n r iː c ɪ s r a uː ð ʏ n e iː t ɪ ð
valgerðar	v a l c ɛ r ð a r
varar	v aː r a r
vefsins	v ɛ f s ɪ n s
vegarins	v ɛː ɣ a r ɪ n s
veiku	v e iː k ʏ
veran	v ɛː r a n
verkefnastjóri	v ɛ r̥ c ɛ p n a s t j o uː r ɪ
vid	v ɪː t
vinstrimenn	v ɪ n s t r ɪ m ɛ nː
virkari	v ɪ r̥ k a r ɪ
viðmóti	v ɪ ð m o uː t ɪ
vopnafjarðar	v ɔ h p n a f j a r ð a r
víkjandi	v iː c a n t ɪ
warriors	v a rː ɪ ɔ r̥ s
yfirhöndina	ɪː v ɪ r h œ n t ɪ n a
yfirskriftinni	ɪː v ɪ r s k r ɪ f t ɪ nː ɪ
zico	s ɪː k ɔ
áburð	a uː p ʏ r ð
ábótavant	a uː p o uː t a v a n̥ t
ánauð	a uː n ø yː ð
árekstra	a uː r ɛ k s t r a
árgangi	a u r k a u ɲ c ɪ
ásbyrgi	a uː s p ɪ r c ɪ
ásgerður	a uː s c ɛ r ð ʏ r
áskell	a uː s c ɛ t l
ávöxtun	a uː v œ k s t ʏ n
ættirðu	a i h t ɪ r ð ʏ
íraka	iː r aː k a
íss	i sː
óbreyttu	o uː p r e i h t ʏ
ógnir	o u k n ɪ r
óhugsandi	o uː h ʏ x s a n t ɪ
ósamræmi	o uː s a m r a iː m ɪ
öflun	œ p l ʏ n
öryrkja	œː r ɪ r̥ c a
öræfum	œː r a iː v ʏ m
útvegar	uː t v ɛː ɣ a r
þessarri	θ ɛ sː a rː ɪ
þjónustur	θ j o uː n ʏ s t ʏ r
þjóðfélagi	θ j o u ð f j ɛː l aː j ɪ
þjóðveginum	θ j o u ð v e iː j ɪ n ʏ m
þórisdóttir	θ o uː r ɪ s t o u h t ɪ r
þórsson	θ o u r̥ s s ɔː n
afrekum	a v r ɛː k ʏ m
alvarlegu	a l v a r l ɛː ɣ ʏ
andláti	a n t l a uː t ɪ
arfleiddi	a r v l e i tː ɪ
assad	a sː a t
atviki	aː t v ɪː c ɪ
aðdáenda	a ð t a uː ɛ n t a
bandarískri	p a n t a r i s k r ɪ
bendi	p ɛ n t ɪ
bergmál	p ɛ r k m a uː l
birtan	p ɪ r̥ t a n
blítt	p l i h t
bragadóttir	p r aː ɣ a t o u h t ɪ r
bryce	p r ɪː s ɛ
brött	p r œ h t
byltingar	p ɪ l̥ t i ŋ k a r
byltingunni	p ɪ l̥ t i ŋ k ʏ nː ɪ
bás	p a uː s
bátana	p a uː tʰ aː n a
bílskúrnum	p i l s k u r t n ʏ m
búrinu	p uː r ɪː n ʏ
conan	kʰ ɔː n a n
cristiano	kʰ r ɪ s t ɪ aː n ɔ
dagblaðinu	t a ɣ p l aː ð ɪ n ʏ
dagskráin	t a x s k r a uː ɪ n
dagskránni	t a x s k r a u t n ɪ
dansarar	t a n s aː r a r
dawes	t aː v ɛː s
deilunni	t e iː l ʏ nː ɪ
desert	t ɛː s ɛ r̥ t
dream	t r ɛː m
dreifð	t r e i v ð
duglega	t ʏ ɣ l ɛː ɣ a
dásamlegu	t a uː s a m l ɛː ɣ ʏ
dómstólnum	t o u m s t o u l n ʏ m
einkaeigu	e i ŋ k a e iː ɣ ʏ
eldgosinu	ɛ l t k ɔː s ɪː n ʏ
endurkoma	ɛ n t ʏ r kʰ ɔː m a
endurteknar	ɛ n t ʏ r tʰ ɛ h k n a r
ever	ɛː v ɛ r
faglega	f a ɣ l ɛː ɣ a
fagmenn	f a ɣ m ɛ nː
fasteignasali	f a s t e i k n a s aː l ɪ
ferðuðust	f ɛ r ð ʏ ð ʏ s t
filippus	f ɪː l ɪ h p ʏ s
flötur	f l œː t ʏ r
framlenging	f r a m l e i ɲ c i ŋ k
françois	f r a n s ɔ iː s
frjálshyggju	f r j a u l s h ɪ cː ʏ
frummálinu	f r ʏ mː a uː l ɪː n ʏ
frægum	f r a iː ɣ ʏ m
fullgildur	f ʏ t l c ɪ l t ʏ r
fylkingu	f ɪ l̥ c i ŋ k ʏ
fyrradag	f ɪ rː a t aː ɣ
fínir	f iː n ɪ r
fólksflutninga	f o u l̥ k s f l ʏ h t n i ŋ k a
fólu	f o uː l ʏ
földu	f œ l t ʏ
föstudögum	f œ s t ʏ t œː ɣ ʏ m
galdurinn	k a l t ʏ r ɪ nː
ganginn	k a u ɲ c ɪ n
gestunum	c ɛ s t ʏ n ʏ m
girls	c ɪ r t l s
girnist	c ɪ r t n ɪ s t
glímir	k l iː m ɪ r
grasinu	k r aː s ɪː n ʏ
gripa	k r ɪː p a
gripu	k r ɪː p ʏ
græjur	k r a iː j ʏ r
guðnýju	k v ʏ ð n iː j ʏ
hallgrímsdóttir	h a t l k r i m s t o u h t ɪ r
hassan	h a sː a n
hektarar	h ɛ x t a r a r
helgarinnar	h ɛ l k a r ɪ nː a r
henning	h ɛ nː i ŋ k
herald	h ɛː r a l t
hersveitir	h ɛ r̥ s v e iː t ɪ r
hildi	h ɪ l t ɪ
hitaveita	h ɪː t a v e iː t a
hljóðfæraleik	l̥ j o u ð f a iː r a l e iː k
hornafjarðar	h ɔ r t n a f j a r ð a r
howell	h ɔː v ɛ t l
hrætt	r̥ a i h t
hugarlund	h ʏː ɣ a r l ʏ n t
hugsið	h ʏ x s ɪː ð
háskólamanna	h a uː s k o uː l a m a nː a
jeppa	j ɛ h p a
kalki	kʰ a l̥ c ɪ
keppinauta	cʰ ɛ h p ɪ n ø yː t a
kerfin	cʰ ɛ r v ɪ n
kiss	cʰ ɪ sː
klassískri	kʰ l a sː i s k r ɪ
klaustri	kʰ l ø y s t r ɪ
konunglegu	kʰ ɔː n u ŋ k l ɛː ɣ ʏ
krukku	kʰ r ʏ h k ʏ
kvikan	kʰ v ɪː k a n
kvikmyndagerðar	kʰ v ɪː k m ɪ n t a c ɛ r ð a r
kynnumst	cʰ ɪ nː ʏ m s t
kínverskra	cʰ i n v ɛ r̥ s k r a
kórar	kʰ o uː r a r
landsvæða	l a n t s v a iː ð a
langanesi	l a u ŋ k a n ɛː s ɪ
langað	l a u ŋ k a ð
lasagna	l aː s a k n a
laugardögum	l ø yː ɣ a r t œː ɣ ʏ m
leggið	l ɛ cː ɪ ð
leiddir	l e i tː ɪ r
leikhlé	l e iː k l̥ j ɛː
lesi	l ɛː s ɪ
listinni	l ɪ s t ɪ nː ɪ
ljúf	l j uː v
lota	l ɔː t a
lu	l ʏː
lyktar	l ɪ x t a r
lyktina	l ɪ x t ɪ n a
lí	l iː
lífsgæða	l i v s c a iː ð a
macron	m aː k r ɔː n
manafort	m aː n a f ɔ r̥ t
mannslífum	m a nː s t l iː v ʏ m
marianne	m aː r ɪ a nː ɛ
matthildur	m a h t h ɪ l t ʏ r
meistarann	m e i s t a r a nː
minningarnar	m ɪ nː i ŋ k a r t n a r
morrow	m ɔ rː ɔ v
mosku	m ɔ s k ʏ
nafnvirði	n a p n v ɪ r ð ɪ
neglur	n ɛ k l ʏ r
neyddur	n e i tː ʏ r
pauly	pʰ ø yː l ɪ
pi	pʰ ɪː
polo	pʰ ɔː l ɔ
pálsdóttur	pʰ a u l s t o u h t ʏ r
reglunnar	r ɛ k l ʏ nː a r
reikningana	r e i h k n i ŋ k aː n a
reitnum	r e i h t n ʏ m
ritskoðun	r ɪː t s k ɔː ð ʏ n
rochelle	r ɔː x ɛ t l ɛ
roma	r ɔː m a
réttarhöldunum	r j ɛ h t a r h œ l t ʏ n ʏ m
réttvísinnar	r j ɛ h t v iː s ɪ nː a r
ríkasta	r iː kʰ a s t a
ríkisvalds	r iː c ɪ s v a l t s
rúmmetra	r u mː ɛː t r a
rússneskir	r u sː n ɛ s c ɪ r
saknaði	s a h k n a ð ɪ
setningum	s ɛ h t n i ŋ k ʏ m
severus	s ɛː v ɛː r ʏ s
siðir	s ɪː ð ɪ r
skemmtilegri	s c ɛ m̥ t ɪ l ɛ ɣ r ɪ
skerast	s c ɛː r a s t
skjöldurinn	s c œ l t ʏ r ɪ nː
skuldina	s k ʏ l t ɪː n a
skærum	s c a iː r ʏ m
skúffu	s k u fː ʏ
snædal	s t n a iː t aː l
sparifé	s p aː r ɪ f j ɛː
spilunum	s p ɪː l ʏ n ʏ m
stokkhólms	s t ɔ h k h o u l m s
strassborg	s t r a sː p ɔ r k
strauss	s t r ø y sː
summer	s ʏ mː ɛ r
svartri	s v a r̥ t r ɪ
sófanum	s o uː v a n ʏ m
söngvarar	s ø y ŋ k v aː r a r
sýslumanna	s i s t l ʏ m a nː a
taktur	tʰ a x t ʏ r
talaðu	tʰ aː l a ð ʏ
taldist	tʰ a l t ɪ s t
tang	tʰ a u ŋ k
titlar	tʰ ɪ h t l a r
tommi	tʰ ɔ mː ɪ
turni	tʰ ʏ r t n ɪ
tuttugasta	tʰ ʏ h t ʏ ɣ a s t a
táknað	tʰ a u h k n a ð
tónsmíðar	tʰ o u n s m iː ð a r
tölvuleikjum	tʰ œ l v ʏ l e iː c ʏ m
túnfiskur	tʰ u n f ɪ s k ʏ r
uxu	ʏ x s ʏ
vasann	v aː s a nː
veggina	v ɛ cː ɪ n a
veglegt	v ɛ ɣ l ɛ x t
veiru	v e iː r ʏ
vekjum	v ɛː c ʏ m
velkomnar	v ɛ l kʰ ɔ m n a r
veruleikann	v ɛː r ʏ l e iː kʰ a nː
vetrarlagi	v ɛː t r a r l aː j ɪ
visst	v ɪ s t
vöngum	v ø y ŋ k ʏ m
wu	v ʏː
years	j ɛː a r̥ s
yuri	j ʏː r ɪ
ákveðinnar	a uː kʰ v ɛː ð ɪ nː a r
áratugurinn	a uː r a tʰ ʏː ɣ ʏ r ɪ nː
ósjaldan	o uː s j a l t a n
óþökk	o uː θ œ h k
ömurleg	œː m ʏ r l ɛː ɣ
öndum	œ n t ʏ m
úrvalsdeild	u r v a l s t e i l t
útlendingur	uː t l ɛ n t i ŋ k ʏ r
þorfinnur	θ ɔ r v ɪ nː ʏ r
þorpum	θ ɔ r̥ p ʏ m
þorvaldar	θ ɔ r v a l t a r
þrepa	θ r ɛː p a
þykkum	θ ɪ h k ʏ m
afls	a p l s
allmikið	a t l m ɪː c ɪ ð
bangsa	p a u ŋ k s a
blómstrandi	p l o u m s t r a n t ɪ
bratt	p r a h t
bundnu	p ʏ n t n ʏ
cohn	kʰ ɔː n
common	kʰ ɔ mː ɔ n
dauðsföllum	t ø y ð s f œ t l ʏ m
drullu	t r ʏ t l ʏ
dæmdar	t a i m t a r
eggerts	ɛ cː ɛ r̥ t s
eggjunum	ɛ cː ʏ n ʏ m
eiginleg	e iː j ɪ n l ɛː ɣ
eintaka	e i n tʰ aː k a
endurbæta	ɛ n t ʏ r p a iː t a
evrópuríkja	ɛ v r o uː p ʏ r iː c a
flýðu	f l iː ð ʏ
franskra	f r a n s k r a
frumsýndi	f r ʏ m s i n t ɪ
fríinu	f r iː ɪ n ʏ
fugli	f ʏ k l ɪ
furu	f ʏː r ʏ
geymdir	c e i m t ɪ r
gleraugun	k l ɛː r ø yː ɣ ʏ n
glimmer	k l ɪ mː ɛ r
granada	k r aː n a t a
gróin	k r o uː ɪ n
gróðurfar	k r o uː ð ʏ r v aː r
guttormur	k ʏ h t ɔ r m ʏ r
halldórssyni	h a t l t o u r̥ s s ɪː n ɪ
heimtar	h e i m̥ t a r
help	h ɛ l̥ p
hja	ç aː
hjartsláttur	ç a r̥ t s t l a u h t ʏ r
hliðstæða	l̥ ɪ ð s t a iː ð a
hróður	r̥ o uː ð ʏ r
hákonarson	h a uː kʰ ɔː n a r s ɔː n
héti	ç ɛː t ɪ
hólaskóla	h o uː l a s k o uː l a
ina	ɪː n a
jafnmörgum	j a p n m œ r k ʏ m
job	j ɔː p
kaj	kʰ a iː
klukkunni	kʰ l ʏ h k ʏ nː ɪ
klukkur	kʰ l ʏ h k ʏ r
kreppuna	kʰ r ɛ h p ʏ n a
kreppunnar	kʰ r ɛ h p ʏ nː a r
kúrda	kʰ u r t a
lægsti	l a i x s t ɪ
lögréttu	l œ ɣ r j ɛ h t ʏ
markast	m a r̥ k a s t
merkisins	m ɛ r̥ c ɪ s ɪ n s
njáls	n j a u l s
njálu	n j a uː l ʏ
nonni	n ɔ nː ɪ
norskir	n ɔ r̥ s c ɪ r
norðurhveli	n ɔ r ð ʏ r kʰ v ɛː l ɪ
pa	pʰ aː
pen	pʰ ɛː n
primera	pʰ r ɪː m ɛː r a
pólitískir	pʰ o uː l ɪ tʰ i s c ɪ r
reitum	r e iː t ʏ m
rifjum	r ɪ v j ʏ m
rosalegt	r ɔː s a l ɛ x t
ríkisstjórnum	r iː c ɪ s s t j o u r t n ʏ m
samansett	s aː m a n s ɛ h t
samkynhneigðum	s a m cʰ ɪ n n̥ e i ɣ ð ʏ m
sannir	s a nː ɪ r
sjöundu	s j œː ʏ n t ʏ
skemmdist	s c ɛ m t ɪ s t
skifti	s c ɪ f t ɪ
slæmir	s t l a iː m ɪ r
solo	s ɔː l ɔ
sorglega	s ɔ r k l ɛː ɣ a
spurst	s p ʏ r̥ s t
stofninum	s t ɔ p n ɪ n ʏ m
stokkið	s t ɔ h c ɪ ð
stríðsárunum	s t r i ð s a uː r ʏ n ʏ m
stuttmynd	s t ʏ h t m ɪ n t
stýrðu	s t i r ð ʏ
sunday	s ʏ n t a iː
sverris	s v ɛ rː ɪ s
sértu	s j ɛ r̥ t ʏ
sóló	s o uː l o uː
sóttist	s o u h t ɪ s t
tilraunina	tʰ ɪ l r ø yː n ɪ n a
trygg	tʰ r ɪ kː
tríó	tʰ r iː j o uː
trúleysi	tʰ r uː l e iː s ɪ
tvöfaldan	tʰ v œː v a l t a n
utrecht	ʏː t r ɛ x t
valdimars	v a l t ɪ m a r̥ s
vanist	v aː n ɪ s t
verkalýðsfélag	v ɛ r̥ k a l i ð s f j ɛː l aː ɣ
verkstjóri	v ɛ r̥ k s t j o uː r ɪ
versnaði	v ɛ r̥ s t n aː ð ɪ
villast	v ɪ t l a s t
ásetningur	a uː s ɛ h t n i ŋ k ʏ r
æskunnar	a i s k ʏ nː a r
ítölsk	iː tʰ œ l s k
ítölskum	iː tʰ œ l s k ʏ m
óvörum	o uː v œː r ʏ m
þjóðfræði	θ j o u ð f r a iː ð ɪ
aflar	a p l a r
aladdín	aː l a tː iː n
alfreðsdóttir	a l v r ɛ ð s t o u h t ɪ r
amman	a mː a n
austar	ø y s t a r
auðmenn	ø y ð m ɛ nː
auðs	ø y ð s
babýlon	p aː p iː l ɔː n
beinna	p e i t n a
beirút	p e iː r uː t
belg	p ɛ l k
birting	p ɪ r̥ t i ŋ k
björgum	p j œ r k ʏ m
blaðsíðna	p l a ð s i ð n a
blindi	p l ɪ n t ɪ
boðun	p ɔː ð ʏ n
brandi	p r a n t ɪ
breiðdalsvík	p r e i ð t a l s v iː k
breiðst	p r e i ð s t
brett	p r ɛ h t
breytileika	p r e iː t ɪ l e iː k a
brugga	p r ʏ kː a
bryggjuna	p r ɪ cː ʏ n a
brynju	p r ɪ n j ʏ
burma	p ʏ r m a
bylgju	p ɪ l c ʏ
bæjarfélag	p a iː j a r f j ɛː l aː ɣ
bíltúr	p i l̥ tʰ uː r
bökuð	p œː k ʏ ð
börum	p œː r ʏ m
cappella	kʰ a h p ɛ t l a
cardiff	kʰ a r t ɪ fː
casino	kʰ aː s ɪː n ɔ
cher	cʰ ɛː r
dad	t aː t
dagbækur	t a ɣ p a iː k ʏ r
dalurinn	t aː l ʏ r ɪ nː
dollarar	t ɔ t l a r a r
draugar	t r ø yː ɣ a r
dugi	t ʏ iː j ɪ
dularfullu	t ʏː l a r f ʏ t l ʏ
dunn	t ʏ nː
dálki	t a u l̥ c ɪ
dýrar	t iː r a r
dýrinu	t iː r ɪ n ʏ
efnahagshrunið	ɛ p n a h a x s r̥ ʏː n ɪ ð
eldingar	ɛ l t i ŋ k a r
engann	e i ŋ k a nː
enskir	ɛ n s c ɪ r
erfðaskrá	ɛ r v ð a s k r a uː
erinda	ɛː r ɪ n t a
fastra	f a s t r a
feimin	f e iː m ɪ n
felipe	f ɛː l ɪ p ɛː
felldir	f ɛ l t ɪ r
fisks	f ɪ s k s
fjarlægir	f j a r l a iː j ɪ r
fjarlægðin	f j a r l a i ɣ ð ɪ n
fjárhagur	f j a uː r h aː ɣ ʏ r
fjármunir	f j a u r m ʏː n ɪ r
fjölmennari	f j œ l m ɛ nː a r ɪ
flint	f l ɪ n̥ t
fljótsdal	f l j o uː t s t aː l
flughersins	f l ʏː ɣ h ɛ r̥ s ɪ n s
fordæma	f ɔ r t a iː m a
fordómum	f ɔ r t o uː m ʏ m
forráðamanna	f ɔ rː a uː ð a m a nː a
forsaga	f ɔ r̥ s aː ɣ a
fossi	f ɔ sː ɪ
framleiðslunni	f r a m l e i ð s t l ʏ nː ɪ
framsóknarflokkur	f r a m s o u h k n a r f l ɔ h k ʏ r
frances	f r a n s ɛː s
franka	f r a u ŋ̊ k a
friðland	f r ɪ ð l a n t
fryst	f r ɪ s t
frídagur	f r iː t aː ɣ ʏ r
fullkomnum	f ʏ t l̥ kʰ ɔ m n ʏ m
fullyrðingum	f ʏ t l ɪ r ð i ŋ k ʏ m
fyrirfinnst	f ɪː r ɪ r f ɪ n s t
fyrirmyndin	f ɪː r ɪ r m ɪ n t ɪ n
fæðubótarefni	f a iː ð ʏ p o uː t a r ɛ p n ɪ
fórnarlömbum	f o u r t n a r l œ m p ʏ m
fögnuð	f œ k n ʏ ð
föstudagurinn	f œ s t ʏ t aː ɣ ʏ r ɪ nː
geimfarar	c e i m f aː r a r
geisladiski	c e i s t l a t ɪ s c ɪ
getgátur	c ɛː t k a uː t ʏ r
girðingar	c ɪ r ð i ŋ k a r
gjöld	c œ l t
gluggarnir	k l ʏ kː a r t n ɪ r
gnæfir	k n a iː v ɪ r
gosa	k ɔː s a
grétu	k r j ɛː t ʏ
gríðarlegar	k r iː ð a r l ɛː ɣ a r
gróska	k r o u s k a
gröfina	k r œː v ɪ n a
guli	k ʏː l ɪ
gáfust	k a uː f ʏ s t
gæsluvarðhaldi	c a i s t l ʏ v a r ð h a l t ɪ
gætið	c a iː t ɪ ð
gætuð	c a iː t ʏ ð
hagnaðist	h a k n a ð ɪ s t
hamingjusamt	h aː m i ɲ c ʏ s a m̥ t
hasar	h aː s a r
haítí	h a iː tʰ iː
heilbrigðisþjónusta	h e i l p r ɪ ɣ ð ɪ s θ j o uː n ʏ s t a
heimiluð	h e iː m ɪ l ʏː ð
heimssýn	h e i m s s iː n
heiðursfélaga	h e iː ð ʏ r s f j ɛː l aː ɣ a
helminga	h ɛ l m i ŋ k a
hindrað	h ɪ n t r aː ð
hipp	h ɪ h p
hjalla	ç a t l a
hlutabréfin	l̥ ʏː t a p r j ɛː v ɪ n
hlutafjár	l̥ ʏː t a f j a uː r
hlutverks	l̥ ʏː t v ɛ r̥ k s
hnetum	n̥ ɛː t ʏ m
hofinu	h ɔː v ɪ n ʏ
holan	h ɔː l a n
hreifst	r̥ e i f s t
hreyfigetu	r̥ e iː v ɪ c ɛː t ʏ
hugtaka	h ʏ x tʰ aː k a
hvalfjarðarsveit	kʰ v a l v j a r ð a r s v e iː t
hvalirnir	kʰ v aː l ɪ r t n ɪ r
hveravöllum	kʰ v ɛː r a v œ t l ʏ m
hverskyns	kʰ v ɛ r̥ s c ɪ n s
hárin	h a uː r ɪ n
hæl	h a iː l
hæstaréttarlögmaður	h a i s t a r j ɛ h t a r l œ ɣ m aː ð ʏ r
hættulegum	h a i h t ʏ l ɛː ɣ ʏ m
höfðingjum	h œ v ð i ɲ c ʏ m
hörmungar	h œ r m u ŋ k a r
indverska	ɪ n t v ɛ r̥ s k a
iðnaðarmanna	ɪ ð n aː ð a r m a nː a
ju	j ʏː
jákvæðu	j a uː kʰ v a iː ð ʏ
kai	kʰ a iː
keller	cʰ ɛ t l ɛ r
kenningunni	cʰ ɛ nː i ŋ k ʏ nː ɪ
keyri	cʰ e iː r ɪ
kili	cʰ ɪː l ɪ
klekjast	kʰ l ɛː c a s t
klæddi	kʰ l a i tː ɪ
konungsríkinu	kʰ ɔː n u ŋ k s r iː c ɪ n ʏ
kortlagningu	kʰ ɔ r̥ t l a k n i ŋ k ʏ
kreik	kʰ r e iː k
kryddi	kʰ r ɪ tː ɪ
kung	kʰ u ŋ k
kveld	kʰ v ɛ l t
kvilla	kʰ v ɪ t l a
kynferðislegt	cʰ ɪ n f ɛ r ð ɪ s t l ɛ x t
kynntir	cʰ ɪ n̥ t ɪ r
lan	l aː n
landlækni	l a n t l a i h k n ɪ
landsframleiðsla	l a n t s f r a m l e i ð s t l a
landsliðs	l a n t s t l ɪ ð s
landsteinana	l a n t s t e iː n aː n a
landsvæðum	l a n t s v a iː ð ʏ m
langstærsti	l a u ŋ k s t a i r̥ s t ɪ
laugin	l ø yː j ɪ n
lausna	l ø y s t n a
leikskólum	l e iː k s k o uː l ʏ m
listamann	l ɪ s t a m a nː
listaverka	l ɪ s t a v ɛ r̥ k a
ljóðinu	l j o uː ð ɪ n ʏ
logo	l ɔː ɣ ɔ
lucille	l ʏː s ɪ t l ɛ
lungnabólgu	l u ŋ k n a p o u l k ʏ
lyftur	l ɪ f t ʏ r
látnum	l a u h t n ʏ m
lífstíl	l i v s t iː l
lóðir	l o uː ð ɪ r
macy	m aː s ɪ
marilyn	m aː r ɪ l ɪː n
maðr	m a ð r
meginreglan	m e iː j ɪ n r ɛ k l a n
mimi	m ɪː m ɪ
minjastofnun	m ɪ n j a s t ɔ p n ʏ n
mist	m ɪ s t
mjúku	m j uː k ʏ
myndböndin	m ɪ n t p œ n t ɪ n
málaflokkum	m a uː l a f l ɔ h k ʏ m
mörgæsir	m œ r c a iː s ɪ r
mörkunum	m œ r̥ k ʏ n ʏ m
nautgripi	n ø yː t k r ɪː p ɪ
nauðga	n ø y ð k a
nel	n ɛː l
nennir	n ɛ nː ɪ r
neyddir	n e i tː ɪ r
neysluverðs	n e i s t l ʏ v ɛ r ð s
notaleg	n ɔː t a l ɛː ɣ
nágrannalöndunum	n a uː k r a nː a l œ n t ʏ n ʏ m
nóttinni	n o u h t ɪ nː ɪ
nýjungum	n iː j u ŋ k ʏ m
odessa	ɔː t ɛ sː a
orlofi	ɔ r l ɔː v ɪ
ostrur	ɔ s t r ʏ r
ping	pʰ i ŋ k
planið	pʰ l aː n ɪ ð
pottar	pʰ ɔ h t a r
prófanir	pʰ r o uː v aː n ɪ r
prófaði	pʰ r o uː v aː ð ɪ
prófin	pʰ r o uː v ɪ n
prýðir	pʰ r iː ð ɪ r
pure	pʰ ʏː r ɛ
ragnarsdóttir	r a k n a r s t o u h t ɪ r
rain	r a iː n
rakti	r a x t ɪ
rannsóknastofu	r a nː s o u h k n a s t ɔː v ʏ
rask	r a s k
rauk	r ø yː k
regluverk	r ɛ k l ʏ v ɛ r̥ k
reikningar	r e i h k n i ŋ k a r
reykjavíkurflugvelli	r e iː c a v iː k ʏ r f l ʏ ɣ v ɛ t l ɪ
reykvíkingar	r e iː k v iː c i ŋ k a r
ri	r ɪː
riga	r ɪː ɣ a
roði	r ɔː ð ɪ
réttarstöðu	r j ɛ h t a r s t œː ð ʏ
róberts	r o uː p ɛ r̥ t s
rómversk	r o u m v ɛ r̥ s k
rúna	r uː n a
rúnari	r uː n a r ɪ
salan	s aː l a n
samanlögð	s aː m a n l œ ɣ ð
sambærilega	s a m p a iː r ɪ l ɛː ɣ a
samgöngustofu	s a m k ø y ŋ k ʏ s t ɔː v ʏ
samræmdu	s a m r a i m t ʏ
sannfærir	s a nː f a iː r ɪ r
sannfærðir	s a nː f a i r ð ɪ r
satúrnus	s aː tʰ u r t n ʏ s
sendandi	s ɛ n t a n t ɪ
sera	s ɛː r a
shannon	s h a nː ɔ n
siggu	s ɪ kː ʏ
skemmdi	s c ɛ m t ɪ
skemmist	s c ɛ mː ɪ s t
skrefin	s k r ɛː v ɪ n
skráin	s k r a uː ɪ n
skrímslið	s k r i m s t l ɪː ð
skytturnar	s c ɪ h t ʏ r t n a r
skírður	s c i r ð ʏ r
skólanna	s k o uː l a nː a
skýjum	s c iː j ʏ m
skýran	s c iː r a n
sláandi	s t l a uː a n t ɪ
smiths	s m ɪ h s
smáa	s m a uː a
sonia	s ɔː n ɪ a
spjóti	s p j o uː t ɪ
sprautað	s p r ø yː t a ð
sprengingunni	s p r e i ɲ c i ŋ k ʏ nː ɪ
staldra	s t a l t r a
stalíns	s t aː l i n s
starfsmann	s t a r v s m a nː
staðbundna	s t a ð p ʏ n t n a
stillir	s t ɪ t l ɪ r
stilltu	s t ɪ l̥ t ʏ
stjörnufræðingar	s t j œ r t n ʏ f r a iː ð i ŋ k a r
stoke	s t ɔː c ɛ
strákanna	s t r a uː kʰ a nː a
stórfyrirtækja	s t o u r f ɪː r ɪ r tʰ a iː c a
stórmál	s t o u r m a uː l
sundinu	s ʏ n t ɪː n ʏ
sundlaugina	s ʏ n t l ø yː j ɪ n a
sutton	s ʏ h t ɔ n
sváfu	s v a uː v ʏ
sálmar	s a u l m a r
sættist	s a i h t ɪ s t
símskeyti	s i m s c e iː t ɪ
sögusviðið	s œː ɣ ʏ s v ɪː ð ɪ ð
söngkeppni	s ø y ŋ k cʰ ɛ h p n ɪ
súpuna	s uː p ʏː n a
tengjum	tʰ e i ɲ c ʏ m
tengla	tʰ e i ŋ l a
things	tʰ i ŋ k s
tilbúnum	tʰ ɪ l p uː n ʏ m
tilgáta	tʰ ɪ l k a uː t a
tilnefningum	tʰ ɪ l n ɛ p n i ŋ k ʏ m
tilnefnir	tʰ ɪ l n ɛ p n ɪ r
title	tʰ ɪ h t l ɛ
today	tʰ ɔː t a iː
trail	tʰ r a iː l
traustason	tʰ r ø y s t a s ɔː n
tunguna	tʰ u ŋ k ʏ n a
tvöfaldast	tʰ v œː v a l t a s t
tvöföldu	tʰ v œː v œ l t ʏ
tyson	tʰ ɪː s ɔ n
tímaröð	tʰ iː m a r œː ð
töluverðu	tʰ œː l ʏ v ɛ r ð ʏ
tú	tʰ uː
túnið	tʰ uː n ɪ ð
ungverjalands	u ŋ k v ɛ r j a l a n t s
uppreisninni	ʏ h p r e i s t n ɪ nː ɪ
uppsögn	ʏ h p s œ k n
uppákomu	ʏ h p a uː kʰ ɔː m ʏ
vafasamt	v aː v a s a m̥ t
vafrans	v a v r a n s
valdsvið	v a l t s v ɪː ð
vandamáli	v a n t a m a uː l ɪ
vantrausti	v a n̥ t r ø y s t ɪ
vatnajökul	v a h t n a j œː k ʏ l
velferðar	v ɛ l f ɛ r ð a r
verkfræðinga	v ɛ r̥ k f r a iː ð i ŋ k a
verkfærum	v ɛ r̥ k f a iː r ʏ m
verksmiðjuna	v ɛ r̥ k s m ɪ ð j ʏ n a
vestanhafs	v ɛ s t a n h a f s
vestanverðum	v ɛ s t a n v ɛ r ð ʏ m
vinnubrögðum	v ɪ nː ʏ p r œ ɣ ð ʏ m
vinnutíma	v ɪ nː ʏ tʰ iː m a
vinskap	v ɪ n s k aː p
virkri	v ɪ r̥ k r ɪ
vitir	v ɪː t ɪ r
vitneskja	v ɪ h t n ɛ s c a
vitnisburð	v ɪ h t n ɪ s p ʏ r ð
viðræðna	v ɪ ð r a i ð n a
vu	v ʏː
vængir	v a i ɲ c ɪ r
væntum	v a i n̥ t ʏ m
vöfflur	v œ fː l ʏ r
vönduð	v œ n t ʏ ð
want	v a n̥ t
ágreiningsmál	a uː k r e iː n i ŋ k s m a uː l
ágústu	a uː k u s t ʏ
áhugaverðar	a uː h ʏː ɣ a v ɛ r ð a r
álftanes	a u l̥ t a n ɛː s
áraraðir	a uː r a r aː ð ɪ r
árásar	a uː r a uː s a r
ásbrú	a uː s p r uː
ástkona	a u s t kʰ ɔː n a
átjándu	a uː t j a u n t ʏ
áætlunarflug	a uː a i h t l ʏ n a r f l ʏː ɣ
íbúða	iː p uː ð a
íbúðum	iː p uː ð ʏ m
írskur	i r̥ s k ʏ r
ísöld	iː s œ l t
óbreyttum	o uː p r e i h t ʏ m
ófærð	o uː f a i r ð
óreiðu	o uː r e iː ð ʏ
óréttlæti	o uː r j ɛ h t l a iː t ɪ
óróa	o uː r o uː a
óþekktur	o uː θ ɛ x t ʏ r
úrsögn	u r̥ s œ k n
útblæstri	uː t p l a i s t r ɪ
útgjöldum	uː t c œ l t ʏ m
þingvellir	θ i ŋ k v ɛ t l ɪ r
þjóðkirkju	θ j o u ð cʰ ɪ r̥ c ʏ
þori	θ ɔː r ɪ
þorvald	θ ɔ r v a l t
þrepi	θ r ɛː p ɪ
þrepum	θ r ɛː p ʏ m
þrot	θ r ɔː t
þráðlaust	θ r a u ð l ø y s t
þungun	θ u ŋ k ʏ n
þykkir	θ ɪ h c ɪ r
þyrlur	θ ɪ r t l ʏ r
þéttari	θ j ɛ h t a r ɪ
þórdísar	θ o u r t iː s a r
þökkum	θ œ h k ʏ m
arena	aː r ɛː n a
ask	a s k
award	aː v a r t
ban	p aː n
bitar	p ɪː t a r
björgunarsveitin	p j œ r k ʏ n a r s v e iː t ɪ n
blóðs	p l o u ð s
brautarholti	p r ø yː t a r h ɔ l̥ t ɪ
breiðan	p r e iː ð a n
byrjunarliðinu	p ɪ r j ʏ n a r l ɪː ð ɪ n ʏ
castle	kʰ a s t l ɛ
curry	kʰ ʏ rː ɪ
djöfulsins	t j œː v ʏ l s ɪ n s
dynamics	t ɪː n a m ɪ k s
dómararnir	t o uː m a r a r t n ɪ r
ebba	ɛ pː a
economics	ɛː k ɔ n ɔː m ɪ k s
efnahagslegar	ɛ p n a h a x s l ɛː ɣ a r
eldgosum	ɛ l t k ɔː s ʏ m
embætta	ɛ m p a i h t a
eso	ɛː s ɔ
evrópuþingið	ɛ v r o uː p ʏ θ i ɲ c ɪ ð
eyðileggur	e iː ð ɪ l ɛ kː ʏ r
filippseyjum	f ɪː l ɪ h p s e iː j ʏ m
fingrunum	f i ŋ k r ʏː n ʏ m
forskoti	f ɔ r̥ s k ɔː t ɪ
franskir	f r a n s c ɪ r
frumbyggja	f r ʏ m p ɪ cː a
fræðilegar	f r a iː ð ɪ l ɛː ɣ a r
fræðilegri	f r a iː ð ɪ l ɛ ɣ r ɪ
fylgismenn	f ɪ l c ɪ s m ɛ nː
fylkja	f ɪ l̥ c a
fúsi	f uː s ɪ
gests	c ɛ s t s
goðin	k ɔː ð ɪ n
guðlega	k v ʏ ð l ɛː ɣ a
hefðin	h ɛ v ð ɪ n
heljar	h ɛ l j a r
hljóðfærið	l̥ j o u ð f a iː r ɪ ð
hofsósi	h ɔ v s o uː s ɪ
hrina	r̥ ɪː n a
hrósað	r̥ o uː s aː ð
hæstaréttardómara	h a i s t a r j ɛ h t a r t o uː m a r a
irma	ɪ r m a
jótlandi	j o uː t l a n t ɪ
kafað	kʰ aː v a ð
kennslubækur	cʰ ɛ n s t l ʏ p a iː k ʏ r
klettum	kʰ l ɛ h t ʏ m
landfræðilega	l a n t f r a iː ð ɪ l ɛː ɣ a
lebron	l ɛː p r ɔː n
loftnet	l ɔ f t n ɛː t
lærður	l a i r ð ʏ r
lúthers	l uː t h ɛ r̥ s
maastricht	m ɔː s t r ɪ x t
mannfjöldi	m a nː f j œ l t ɪ
meinað	m e iː n a ð
merkingunni	m ɛ r̥ c i ŋ k ʏ nː ɪ
mjó	m j o uː
málsvara	m a u l s v aː r a
phone	f ɔː n ɛ
pólverjar	pʰ o u l v ɛ r j a r
rek	r ɛː k
rembast	r ɛ m p a s t
ríó	r iː j o uː
róttæk	r o u h t a iː k
röddina	r œ tː ɪ n a
sagnfræðingar	s a k n f r a iː ð i ŋ k a r
saklausa	s aː k l ø yː s a
samsettur	s a m s ɛ h t ʏ r
silva	s ɪ l v a
skinku	s c i ŋ̊ k ʏ
skírð	s c i r ð
spillingar	s p ɪ t l i ŋ k a r
stapa	s t aː p a
stefnumálum	s t ɛ p n ʏ m a uː l ʏ m
stelpuna	s t ɛ l̥ p ʏː n a
stofnfundur	s t ɔ p n f ʏ n t ʏ r
stones	s t ɔː n ɛː s
sturludóttir	s t ʏ r t l ʏ t o u h t ɪ r
stórmót	s t o u r m o uː t
sumrum	s ʏ m r ʏ m
support	s ʏ h p ɔ r̥ t
suðausturlandi	s ʏː ð ø y s t ʏ r l a n t ɪ
sveimi	s v e iː m ɪ
sókrates	s o uː k r a tʰ ɛː s
talk	tʰ a l̥ k
taílandi	tʰ a iː l a n t ɪ
teiknuð	tʰ e i h k n ʏ ð
tima	tʰ ɪː m a
tómasi	tʰ o uː m aː s ɪ
týndist	tʰ i n t ɪ s t
uni	ʏː n ɪ
upphafsmaður	ʏ h p h a v s m aː ð ʏ r
valla	v a t l a
verksmiðja	v ɛ r̥ k s m ɪ ð j a
zu	s ʏː
áhrifamikil	a uː r̥ ɪː v a m ɪː c ɪ l
ármanni	a u r m a nː ɪ
árstíðum	a u r̥ s t iː ð ʏ m
óbreyttir	o uː p r e i h t ɪ r
óveður	o uː v ɛː ð ʏ r
óánægðir	o uː a uː n a i ɣ ð ɪ r
örlygur	œ r l ɪː ɣ ʏ r
örvænta	œ r v a i n̥ t a
þorgerðar	θ ɔ r c ɛ r ð a r
þykka	θ ɪ h k a
þéttum	θ j ɛ h t ʏ m
ace	aː s ɛː
afhentur	a v h ɛ n̥ t ʏ r
afmarkaða	a v m a r̥ k aː ð a
afnumið	a p n ʏ m ɪː ð
aldursári	a l t ʏ r s a uː r ɪ
aleinn	aː l e i t n
algengust	a l c e i ŋ k ʏ s t
alþýðuflokksins	a l θ iː ð ʏ f l ɔ h k s ɪ n s
alþýðusamband	a l θ iː ð ʏ s a m p a n t
andvígir	a n t v iː j ɪ r
aðalvík	aː ð a l v iː k
aðildarfélaga	aː ð ɪ l t a r f j ɛː l aː ɣ a
aðils	aː ð ɪ l s
aðventu	a ð v ɛ n̥ t ʏ
barið	p aː r ɪ ð
batnað	p a h t n a ð
baunirnar	p ø yː n ɪ r t n a r
bekkir	p ɛ h c ɪ r
bekkjum	p ɛ h c ʏ m
bifreiðum	p ɪ v r e iː ð ʏ m
birkis	p ɪ r̥ c ɪ s
burtséð	p ʏ r̥ t s j ɛː ð
byrjendur	p ɪ r j ɛ n t ʏ r
bæjarbúum	p a iː j a r p uː ʏ m
bókasöfnum	p o uː k a s œ p n ʏ m
dagblaði	t a ɣ p l aː ð ɪ
darren	t a rː ɛ n
dauðan	t ø yː ð a n
deilan	t e iː l a n
dominos	t ɔː m ɪ n ɔː s
drifkraftur	t r ɪ v kʰ r a f t ʏ r
dvalist	t v aː l ɪ s t
dómsvald	t o u m s v a l t
einbeittu	e i n p e i h t ʏ
einka	e i ŋ̊ k a
einstæð	e i n s t a iː ð
eldfjöll	ɛ l t f j œ t l
eltingaleik	ɛ l̥ t i ŋ k a l e iː k
evrópskri	ɛ v r o u p s k r ɪ
evrópuþinginu	ɛ v r o uː p ʏ θ i ɲ c ɪ n ʏ
fanny	f a nː ɪ
felist	f ɛː l ɪ s t
fimleika	f ɪ m l e iː k a
fjalls	f j a t l s
fjarlægur	f j a r l a iː ɣ ʏ r
fjárhús	f j a uː r h uː s
fjárveitingar	f j a u r v e iː t i ŋ k a r
flugvallar	f l ʏ ɣ v a t l a r
flutningum	f l ʏ h t n i ŋ k ʏ m
flóttafólks	f l o u h t a f o u l̥ k s
flögur	f l œː ɣ ʏ r
forest	f ɔː r ɛ s t
framsóknarmenn	f r a m s o u h k n a r m ɛ nː
frostmark	f r ɔ s t m a r̥ k
fræðin	f r a iː ð ɪ n
fuglinum	f ʏ k l ɪː n ʏ m
fun	f ʏː n
gagnkvæmt	k a k n kʰ v a i m̥ t
galdrar	k a l t r a r
geimverur	c e i m v ɛː r ʏ r
gengist	c e i ɲ c ɪ s t
gjörninga	c œ r t n i ŋ k a
grunsemdir	k r ʏ n s ɛ m t ɪ r
grím	k r iː m
hafast	h aː v a s t
hagnaðarskyni	h a k n a ð a r s c ɪː n ɪ
handritshöfundur	h a n t r ɪː t s h œː v ʏ n t ʏ r
harðan	h a r ð a n
haustinu	h ø y s t ɪː n ʏ
hegningarlaga	h ɛ k n i ŋ k a r l aː ɣ a
heilbrigðismálum	h e i l p r ɪ ɣ ð ɪ s m a uː l ʏ m
heildstæða	h e i l t s t a iː ð a
heimasíðan	h e iː m a s iː ð a n
hein	h e iː n
heiðri	h e i ð r ɪ
heppnaða	h ɛ h p n aː ð a
heyi	h e iː j ɪ
heyrið	h e iː r ɪ ð
himinsins	h ɪː m ɪ n s ɪ n s
hjálpina	ç a u l̥ p ɪː n a
hljóðin	l̥ j o uː ð ɪ n
hljóðkerfi	l̥ j o u ð cʰ ɛ r v ɪ
hnakka	n̥ a h k a
honda	h ɔ n t a
hreinsuð	r̥ e i n s ʏː ð
hremmingum	r̥ ɛ mː i ŋ k ʏ m
hugsuðu	h ʏ x s ʏː ð ʏ
hvolpa	kʰ v ɔ l̥ p a
hvítasunnu	xʷ iː t a s ʏ nː ʏ
hyggist	h ɪ cː ɪ s t
hágæða	h a uː c a iː ð a
hákarlar	h a uː k a r t l a r
hálfgerð	h a u l v c ɛ r ð
hólar	h o uː l a r
hótar	h o uː t a r
höfrungar	h œ v r u ŋ k a r
höfðar	h œ v ð a r
höllu	h œ t l ʏ
húnaþingi	h uː n a θ i ɲ c ɪ
húni	h uː n ɪ
húsbónda	h uː s p o u n t a
ingum	i ŋ k ʏ m
inner	ɪ nː ɛ r
innlendir	ɪ nː l ɛ n t ɪ r
insúlín	ɪ n s uː l iː n
ipa	ɪː p a
iðunnar	ɪː ð ʏ nː a r
jafnréttis	j a p n r j ɛ h t ɪ s
jody	j ɔː t ɪ
kap	kʰ aː p
kassar	kʰ a sː a r
kirkjurnar	cʰ ɪ r̥ c ʏ r t n a r
kjarnans	cʰ a r t n a n s
klæðir	kʰ l a iː ð ɪ r
klínísk	kʰ l iː n i s k
krónunni	kʰ r o uː n ʏ nː ɪ
kvikindi	kʰ v ɪː c ɪ n t ɪ
kvótakerfið	kʰ v o uː t a cʰ ɛ r v ɪː ð
kynferðisofbeldi	cʰ ɪ n f ɛ r ð ɪ s ɔ v p ɛ l t ɪ
kynmök	cʰ ɪ n m œː k
kærum	cʰ a iː r ʏ m
lagaákvæði	l aː ɣ a uː kʰ v a iː ð ɪ
landhelgisgæslu	l a n t h ɛ l c ɪ s c a i s t l ʏ
landsbókasafns	l a n t s p o uː k a s a p n s
langstærsta	l a u ŋ k s t a i r̥ s t a
leikfélaga	l e iː k f j ɛː l aː ɣ a
leikstjórans	l e i k s t j o uː r a n s
leiðangri	l e iː ð a u ŋ k r ɪ
lima	l ɪː m a
listasafnið	l ɪ s t a s a p n ɪ ð
ljósar	l j o uː s a r
ljósmæður	l j o uː s m a iː ð ʏ r
loftmengun	l ɔ f t m e i ŋ k ʏ n
lungu	l u ŋ k ʏ
lægst	l a i x s t
læknisfræðilegum	l a i h k n ɪ s f r a iː ð ɪ l ɛː ɣ ʏ m
lénið	l j ɛː n ɪ ð
líkamlegar	l iː kʰ a m l ɛː ɣ a r
lítrum	l iː t r ʏ m
löggan	l œ kː a n
magns	m a k n s
markaða	m a r̥ k aː ð a
markaðs	m a r̥ k a ð s
matvörur	m aː t v œː r ʏ r
mayen	m a iː j ɛ n
megni	m ɛ k n ɪ
meistaraflokk	m e i s t a r a f l ɔ h k
mengandi	m e i ŋ k a n t ɪ
menningarlífi	m ɛ nː i ŋ k a r l iː v ɪ
merrill	m ɛ rː ɪ t l
mina	m ɪː n a
minja	m ɪ n j a
mælinga	m a iː l i ŋ k a
neista	n e i s t a
nest	n ɛ s t
niðurlægingu	n ɪː ð ʏ r l a iː j i ŋ k ʏ
norrænar	n ɔ rː a iː n a r
nálega	n a uː l ɛː ɣ a
námskrá	n a u m s k r a uː
náttúrufegurð	n a u h t uː r ʏ f ɛː ɣ ʏ r ð
náttúruverndar	n a u h t uː r ʏ v ɛ r n t a r
núlli	n u t l ɪ
nýlegt	n iː l ɛ x t
nýtingar	n iː t i ŋ k a r
pappíra	pʰ a h p iː r a
prescott	pʰ r ɛː s k ɔ h t
pressan	pʰ r ɛ sː a n
prinsessunni	pʰ r ɪ n s ɛ sː ʏ nː ɪ
rannsóknarvinnu	r a nː s o u h k n a r v ɪ nː ʏ
ratar	r aː t a r
raunsæi	r ø y n s a iː j ɪ
regan	r ɛː ɣ a n
reika	r e iː k a
ruglast	r ʏ ɣ l a s t
rusty	r ʏ s t ɪ
ráðleggingar	r a u ð l ɛ cː i ŋ k a r
ríkisendurskoðun	r iː c ɪ s ɛ n t ʏ r s k ɔː ð ʏ n
ríkisfjármálum	r iː c ɪ s f j a u r m a uː l ʏ m
rómantíska	r o uː m a n tʰ i s k a
salta	s a l̥ t a
samdrætti	s a m t r a i h t ɪ
sameinaðs	s aː m e iː n a ð s
samskiptin	s a m s c ɪ f t ɪ n
samstarfsmönnum	s a m s t a r v s m œ nː ʏ m
seglin	s ɛ k l ɪ n
sekúndna	s ɛː k u n t n a
sena	s ɛː n a
senunni	s ɛː n ʏ nː ɪ
silfurs	s ɪ l v ʏ r̥ s
skildum	s c ɪ l t ʏ m
skotfæri	s k ɔː t f a iː r ɪ
skottið	s k ɔ h t ɪ ð
skírt	s c i r̥ t
skúta	s k uː t a
skýrslum	s c i r̥ s t l ʏ m
slater	s t l aː t ɛ r
snærum	s t n a iː r ʏ m
snéru	s t n j ɛː r ʏ
sogni	s ɔ k n ɪ
sokkabuxur	s ɔ h k a p ʏ x s ʏ r
span	s p aː n
speer	s p ɛː r
sprungum	s p r u ŋ k ʏ m
standist	s t a n t ɪ s t
staðhæfingu	s t aː ð h a iː v i ŋ k ʏ
stefnumörkun	s t ɛ p n ʏ m œ r̥ k ʏ n
sterkasti	s t ɛ r̥ k a s t ɪ
still	s t ɪ t l
stoppaði	s t ɔ h p a ð ɪ
syndum	s ɪ n t ʏ m
syng	s i ŋ k
sæ	s a iː
símum	s iː m ʏ m
sómi	s o uː m ɪ
sóttar	s o u h t a r
söguþráður	s œː ɣ ʏ θ r a uː ð ʏ r
tanna	tʰ a nː a
tapaðist	tʰ aː p a ð ɪ s t
tekjuskattur	tʰ ɛː c ʏ s k a h t ʏ r
thom	tʰ ɔː m
three	tʰ r ɛː
tilfella	tʰ ɪ l f ɛ t l a
tilgreinir	tʰ ɪ l k r e iː n ɪ r
tilvera	tʰ ɪ l v ɛː r a
trausta	tʰ r ø y s t a
trúverðugleika	tʰ r uː v ɛ r ð ʏ k l e iː k a
táknræn	tʰ a u h k n r a iː n
táknrænt	tʰ a u h k n r a i n̥ t
tónlistarhátíð	tʰ o u n l ɪ s t a r h a uː tʰ iː ð
tónlistarskólanum	tʰ o u n l ɪ s t a r s k o uː l a n ʏ m
tölublöð	tʰ œː l ʏ p l œː ð
túnum	tʰ uː n ʏ m
týnd	tʰ i n t
týndu	tʰ i n t ʏ
umdeildu	ʏ m t e i l t ʏ
umferðum	ʏ m f ɛ r ð ʏ m
umsóknir	ʏ m s o u h k n ɪ r
undanskilin	ʏ n t a n s c ɪː l ɪ n
uppfærður	ʏ h p f a i r ð ʏ r
uppgangi	ʏ h p k a u ɲ c ɪ
uppskeran	ʏ h p s c ɛː r a n
vafalítið	v aː v a l iː t ɪ ð
vatnsdal	v a h t n s t aː l
vatnsveitu	v a h t n s v e iː t ʏ
vaðið	v aː ð ɪ ð
vefsetur	v ɛ f s ɛː t ʏ r
vegalengdir	v ɛː ɣ a l e i ŋ t ɪ r
vegamótum	v ɛː ɣ a m o uː t ʏ m
veitingahúsum	v e iː t i ŋ k a h uː s ʏ m
veiðimanna	v e iː ð ɪ m a nː a
verkaskiptingu	v ɛ r̥ k a s c ɪ f t i ŋ k ʏ
verkfalls	v ɛ r̥ k f a t l s
vestar	v ɛ s t a r
vilhjálmssonar	v ɪ l ç a u l m s s ɔː n a r
vindmyllur	v ɪ n t m ɪ t l ʏ r
virkjunar	v ɪ r̥ c ʏ n a r
viðgerða	v ɪ ð c ɛ r ð a
vísindavefnum	v iː s ɪ n t a v ɛ p n ʏ m
víðtækt	v i ð tʰ a i x t
vöggu	v œ kː ʏ
vökvanum	v œː k v aː n ʏ m
völu	v œː l ʏ
wong	v o u ŋ k
yeah	j ɛː a
áfrýjað	a uː f r iː j a ð
áhugaverð	a uː h ʏː ɣ a v ɛ r ð
ákall	a uː kʰ a t l
ákvæðið	a uː kʰ v a iː ð ɪ ð
ásum	a uː s ʏ m
áttust	a u h t ʏ s t
íbúðalánasjóður	iː p uː ð a l a uː n a s j o uː ð ʏ r
óeðlileg	o uː ɛ ð l ɪ l ɛː ɣ
ógrynni	o uː k r ɪ nː ɪ
óhemju	o uː h ɛ m j ʏ
óljósar	o u l j o uː s a r
ólöfu	o uː l œː v ʏ
ór	o uː r
ósköpum	o uː s k œː p ʏ m
ósátt	o uː s a u h t
óviðkomandi	o uː v ɪ ð kʰ ɔː m a n t ɪ
óánægður	o uː a uː n a i ɣ ð ʏ r
óþörf	o uː θ œ r v
öskubuska	œ s k ʏ p ʏ s k a
úrskurðaður	u r̥ s k ʏ r ð aː ð ʏ r
útbjó	uː t p j o uː
útbúin	uː t p uː ɪ n
útgerðar	uː t c ɛ r ð a r
ýkt	i x t
þingsályktun	θ i ŋ k s a uː l ɪ x t ʏ n
þingvalla	θ i ŋ k v a t l a
þjálfarinn	θ j a u l v a r ɪ nː
þorgerði	θ ɔ r c ɛ r ð ɪ
þreyttir	θ r e i h t ɪ r
þulur	θ ʏː l ʏ r
þónokkuð	θ o uː n ɔ h k ʏ ð
þörfina	θ œ r v ɪː n a
þýðingin	θ iː ð i ɲ c ɪ n
afhjúpað	a v ç uː p a ð
andré	a n t r j ɛː
athöfninni	aː t h œ p n ɪ nː ɪ
atlantshaf	aː t l a n̥ t s h aː v
augnamiði	ø y k n a m ɪː ð ɪ
austurátt	ø y s t ʏ r a u h t
aðgreiningu	a ð k r e iː n i ŋ k ʏ
bakkanum	p a h k a n ʏ m
bjartari	p j a r̥ t a r ɪ
bláir	p l a uː ɪ r
breiddist	p r e i tː ɪ s t
buenos	p ʏ ɛː n ɔː s
byggingarleyfi	p ɪ cː i ŋ k a r l e iː v ɪ
byggingarlist	p ɪ cː i ŋ k a r l ɪ s t
bylgjur	p ɪ l c ʏ r
clara	kʰ l aː r a
cyril	s ɪː r ɪ l
dalai	t aː l a i
dirty	t ɪ r̥ t ɪ
drukku	t r ʏ h k ʏ
drógust	t r o uː ʏ s t
dánarorsök	t a uː n a r ɔ r̥ s œː k
dögunum	t œː ɣ ʏ n ʏ m
eftirréttur	ɛ f t ɪ r r j ɛ h t ʏ r
eilífðar	e iː l i v ð a r
eldfjall	ɛ l t f j a t l
elur	ɛː l ʏ r
elísabetar	ɛː l iː s a p ɛː t a r
endalokum	ɛ n t a l ɔː k ʏ m
endirinn	ɛ n t ɪ r ɪ nː
erft	ɛ r̥ t
eyrinni	e iː r ɪ nː ɪ
fegurstu	f ɛː ɣ ʏ r̥ s t ʏ
fjölskyldurnar	f j œ l s c ɪ l t ʏ r t n a r
fjörður	f j œ r ð ʏ r
fjötrum	f j œː t r ʏ m
flytji	f l ɪː t j ɪ
flýr	f l iː r
forsætisráðuneytinu	f ɔ r̥ s a iː t ɪ s r a uː ð ʏ n e iː t ɪ n ʏ
fremstir	f r ɛ m s t ɪ r
frettir	f r ɛ h t ɪ r
frásögninni	f r a uː s œ k n ɪ nː ɪ
fuglana	f ʏ k l aː n a
fullnægt	f ʏ t l n a i x t
fólksfjölgun	f o u l̥ k s f j œ l k ʏ n
fólust	f o uː l ʏ s t
gangir	k a u ɲ c ɪ r
gildrur	c ɪ l t r ʏ r
gimli	c ɪ m l ɪ
ginseng	c ɪ n s e i ŋ k
glímdi	k l i m t ɪ
glóandi	k l o uː a n t ɪ
gögnunum	k œ k n ʏ n ʏ m
hanska	h a n s k a
heggur	h ɛ kː ʏ r
heildarmyndina	h e i l t a r m ɪ n t ɪ n a
heimsmeistaramóti	h e i m s m e i s t a r a m o uː t ɪ
heljarinnar	h ɛ l j a r ɪ nː a r
hitar	h ɪː t a r
hliðunum	l̥ ɪː ð ʏ n ʏ m
hljóðrita	l̥ j o u ð r ɪː t a
hlæjandi	l̥ a iː j a n t ɪ
hlés	l̥ j ɛː s
hollusta	h ɔ t l ʏ s t a
hrafnsson	r̥ a p n s s ɔː n
hrikalegt	r̥ ɪː k a l ɛ x t
hrist	r̥ ɪ s t
hrjáir	r̥ j a uː ɪ r
hvatir	kʰ v aː t ɪ r
hverir	kʰ v ɛː r ɪ r
hælum	h a iː l ʏ m
hólmar	h o u l m a r
hörmungum	h œ r m u ŋ k ʏ m
hýsti	ç i s t ɪ
innrásina	ɪ nː r a uː s ɪː n a
kaffihúsi	kʰ a fː ɪ h uː s ɪ
kanadísku	kʰ aː n a t i s k ʏ
kayla	kʰ a iː l a
kiddi	cʰ ɪ tː ɪ
kids	cʰ ɪ t s
kirkjugarði	cʰ ɪ r̥ c ʏ k a r ð ɪ
kjaft	cʰ a f t
konungsdóttir	kʰ ɔː n u ŋ k s t o u h t ɪ r
kunnugur	kʰ ʏ nː ʏː ɣ ʏ r
kvitta	kʰ v ɪ h t a
kvæðinu	kʰ v a iː ð ɪ n ʏ
kynþáttum	cʰ ɪ n θ a u h t ʏ m
leikritin	l e iː k r ɪː t ɪ n
lesbók	l ɛː s p o uː k
lestum	l ɛ s t ʏ m
leto	l ɛː t ɔ
liðsforingja	l ɪ ð s f ɔː r i ɲ c a
ljótt	l j o u h t
logar	l ɔː ɣ a r
lyfinu	l ɪː v ɪ n ʏ
lífshættu	l i v s h a i h t ʏ
mama	m aː m a
mannréttindadómstóls	m a nː r j ɛ h t ɪ n t a t o u m s t o u l s
markvert	m a r̥ k v ɛ r̥ t
martinez	m a r̥ t ɪ n ɛː s
martins	m a r̥ t ɪ n s
menningarlegu	m ɛ nː i ŋ k a r l ɛː ɣ ʏ
menningarsögu	m ɛ nː i ŋ k a r s œː ɣ ʏ
merkasta	m ɛ r̥ k a s t a
miguel	m ɪː ɣ ʏ ɛː l
málnotkun	m a u l n ɔ h t k ʏ n
mánudögum	m a uː n ʏ t œː ɣ ʏ m
mýrar	m iː r a r
naumast	n ø yː m a s t
negla	n ɛ k l a
nixons	n ɪ x s ɔ n s
noble	n ɔ p l ɛ
níutíu	n iː j ʏ tʰ iː j ʏ
orr	ɔ rː
pappírs	pʰ a h p i r̥ s
parks	pʰ a r̥ k s
persónuleiki	pʰ ɛ r̥ s o uː n ʏ l e iː c ɪ
pilta	pʰ ɪ l̥ t a
raforkuframleiðslu	r aː v ɔ r̥ k ʏ f r a m l e i ð s t l ʏ
raggi	r a cː ɪ
ramos	r aː m ɔː s
rangan	r a u ŋ k a n
rendur	r ɛ n t ʏ r
report	r ɛː pʰ ɔ r̥ t
rifnar	r ɪ p n a r
rigningunni	r ɪ k n i ŋ k ʏ nː ɪ
ringo	r i ŋ k ɔ
robertson	r ɔː p ɛ r̥ t s ɔː n
rísi	r iː s ɪ
saknar	s a h k n a r
salmon	s a l m ɔː n
samans	s aː m a n s
samkynhneigða	s a m cʰ ɪ n n̥ e i ɣ ð a
saving	s aː v i ŋ k
seglum	s ɛ k l ʏ m
selló	s ɛ t l o uː
sendan	s ɛ n t a n
sendist	s ɛ n t ɪ s t
sigurmarkið	s ɪː ɣ ʏ r m a r̥ c ɪː ð
sjáanleg	s j a uː a n l ɛː ɣ
skammstöfun	s k a mː s t œː v ʏ n
skartaði	s k a r̥ t aː ð ɪ
skautum	s k ø yː t ʏ m
skosku	s k ɔ s k ʏ
skrifaðir	s k r ɪː v a ð ɪ r
skriður	s k r ɪː ð ʏ r
skuldbinding	s k ʏ l t p ɪ n t i ŋ k
skyldra	s c ɪ l t r a
slatta	s t l a h t a
smellir	s m ɛ t l ɪ r
smellur	s m ɛ t l ʏ r
smiti	s m ɪː t ɪ
snerting	s t n ɛ r̥ t i ŋ k
sorgleg	s ɔ r k l ɛː ɣ
spjöllum	s p j œ t l ʏ m
spáðu	s p a uː ð ʏ
stuttir	s t ʏ h t ɪ r
styrkjast	s t ɪ r̥ c a s t
styrktaraðili	s t ɪ r̥ k t a r aː ð ɪ l ɪ
stúdentaráðs	s t uː t ɛ n̥ t a r a u ð s
sumarbúðir	s ʏː m a r p uː ð ɪ r
systra	s ɪ s t r a
sára	s a uː r a
sínir	s iː n ɪ r
sólarupprás	s o uː l a r ʏ h p r a uː s
sór	s o uː r
sölumenn	s œː l ʏ m ɛ nː
söngva	s ø y ŋ k v a
teningnum	tʰ ɛː n i ŋ k n ʏ m
than	tʰ aː n
these	tʰ ɛː s ɛ
tilheyrt	tʰ ɪː l h e i r̥ t
togar	tʰ ɔː ɣ a r
tugþúsundir	tʰ ʏ x θ uː s ʏ n t ɪ r
tvöföldum	tʰ v œː v œ l t ʏ m
tækifærum	tʰ a iː c ɪ f a iː r ʏ m
tímarita	tʰ iː m a r ɪː t a
tónlistarhátíðin	tʰ o u n l ɪ s t a r h a uː tʰ iː ð ɪ n
töldust	tʰ œ l t ʏ s t
týnda	tʰ i n t a
usla	ʏ s t l a
vari	v aː r ɪ
varmá	v a r m a uː
verktaki	v ɛ r̥ k tʰ aː c ɪ
vestast	v ɛ s t a s t
vindinum	v ɪ n t ɪ n ʏ m
vindátt	v ɪ n t a u h t
vip	v ɪː p
viðurkenndir	v ɪː ð ʏ r cʰ ɛ n t ɪ r
viðurkenninga	v ɪː ð ʏ r cʰ ɛ nː i ŋ k a
vörurnar	v œː r ʏ r t n a r
ágóða	a uː k o uː ð a
ágústs	a uː k u s t s
áminning	a uː m ɪ nː i ŋ k
áttundu	a u h t ʏ n t ʏ
ævarandi	a iː v a r a n t ɪ
étin	j ɛː t ɪ n
ímyndar	iː m ɪ n t a r
ísafjörður	iː s a f j œ r ð ʏ r
óperu	o uː p ɛː r ʏ
úrvalsdeildarinnar	u r v a l s t e i l t a r ɪ nː a r
útlán	uː t l a uː n
útvegað	uː t v ɛː ɣ a ð
þara	θ aː r a
þingeyjarsýslum	θ i ŋ c e iː j a r s i s t l ʏ m
þingum	θ i ŋ k ʏ m
þorsteinsdóttur	θ ɔ r̥ s t e i n s t o u h t ʏ r
þungamiðja	θ u ŋ k a m ɪ ð j a
þvílík	θ v iː l iː k
þvílíkur	θ v iː l iː k ʏ r
afmælisveislu	a v m a iː l ɪ s v e i s t l ʏ
aftari	a f t a r ɪ
algjörri	a l c œ rː ɪ
allnokkur	a t l n ɔ h k ʏ r
andlegur	a n t l ɛː ɣ ʏ r
angus	a u ŋ k ʏ s
annette	a nː ɛ h t ɛ
appelsínu	a h p ɛ l s iː n ʏ
arfgerð	a r v c ɛ r ð
athugað	aː t h ʏː ɣ a ð
athyglisverð	aː t h ɪ k l ɪ s v ɛ r ð
atkvæðagreiðsla	aː t kʰ v a iː ð a k r e i ð s t l a
augna	ø y k n a
austurríska	ø y s t ʏ r r i s k a
auðlindaráðherra	ø y ð l ɪ n t a r a uː ð h ɛ rː a
baden	p aː t ɛ n
banvæn	p a n v a iː n
bekkjar	p ɛ h c a r
bind	p ɪ n t
birtingarmyndir	p ɪ r̥ t i ŋ k a r m ɪ n t ɪ r
bitið	p ɪː t ɪ ð
björgunar	p j œ r k ʏ n a r
blautu	p l ø yː t ʏ
blóðrás	p l o u ð r a uː s
bola	p ɔː l a
borgarfjörð	p ɔ r k a r f j œ r ð
breytileiki	p r e iː t ɪ l e iː c ɪ
breyttri	p r e i h t r ɪ
bræðslu	p r a i ð s t l ʏ
brúðkaupi	p r u ð kʰ ø yː p ɪ
byssuna	p ɪ sː ʏ n a
bárðardal	p a u r ð a r t aː l
búðirnar	p uː ð ɪ r t n a r
cary	kʰ aː r ɪ
cece	s ɛː s ɛ
channel	x a nː ɛ l
daganna	t aː ɣ a nː a
dalina	t aː l ɪː n a
december	t ɛː s ɛ m p ɛː r
dulmál	t ʏ l m a uː l
dóru	t o uː r ʏ
eco	ɛː k ɔ
efsti	ɛ f s t ɪ
eftirlaunum	ɛ f t ɪ r l ø yː n ʏ m
eftirá	ɛ f t ɪ r a uː
eimskips	e i m s c ɪ p s
einbýlishús	e i n p iː l ɪ s h uː s
einvígið	e i n v iː j ɪ ð
elsu	ɛ l s ʏ
endrum	ɛ n t r ʏ m
estrógen	ɛ s t r o uː c ɛː n
eyðilagðist	e iː ð ɪ l a ɣ ð ɪ s t
festingar	f ɛ s t i ŋ k a r
five	f ɪː v ɛ
fjárhagslegan	f j a uː r h a x s l ɛː ɣ a n
fjáröflun	f j a uː r œ p l ʏ n
fjölbreyttir	f j œ l p r e i h t ɪ r
fjölmenn	f j œ l m ɛ nː
fjölmennur	f j œ l m ɛ nː ʏ r
fjöruna	f j œː r ʏ n a
flokkaðir	f l ɔ h k a ð ɪ r
flæddi	f l a i tː ɪ
flóðið	f l o uː ð ɪ ð
flúor	f l uː ɔ r
forsetakosningarnar	f ɔ r̥ s ɛː t a kʰ ɔ s t n i ŋ k a r t n a r
framkvæmdastjórnarinnar	f r a m kʰ v a i m t a s t j o u r t n a r ɪ nː a r
framleiðslunnar	f r a m l e i ð s t l ʏ nː a r
framselja	f r a m s ɛ l j a
fræi	f r a iː j ɪ
fullnægingu	f ʏ t l n a iː j i ŋ k ʏ
fullorðið	f ʏ t l ɔ r ð ɪ ð
fyrirtækjunum	f ɪː r ɪ r tʰ a iː c ʏ n ʏ m
fælist	f a iː l ɪ s t
fórnarlambið	f o u r t n a r l a m p ɪː ð
fötlunar	f œ h t l ʏ n a r
gagnagrunn	k a k n a k r ʏ nː
gagnagrunna	k a k n a k r ʏ nː a
gagnasafn	k a k n a s a p n
gagnrýnandi	k a k n r iː n a n t ɪ
gagnstætt	k a k n s t a i h t
gerðin	c ɛ r ð ɪ n
geymdu	c e i m t ʏ
geymist	c e iː m ɪ s t
geðheilsu	c ɛː ð h e i l s ʏ
gjaldþrotaskipta	c a l t θ r ɔː t a s c ɪ f t a
gjaldþroti	c a l t θ r ɔː t ɪ
gló	k l o uː
goðafoss	k ɔː ð a f ɔ sː
grískum	k r i s k ʏ m
hallandi	h a t l a n t ɪ
hamfarir	h a m f aː r ɪ r
hamraborg	h a m r a p ɔ r k
hat	h aː t
heilbrigðiskerfi	h e i l p r ɪ ɣ ð ɪ s c ɛ r v ɪ
helgum	h ɛ l k ʏ m
hellisheiðarvirkjun	h ɛ t l ɪ s h e iː ð a r v ɪ r̥ c ʏ n
hermennina	h ɛ r m ɛ nː ɪ n a
herr	h ɛ rː
hesteyri	h ɛ s t e iː r ɪ
himneska	h ɪ m n ɛ s k a
hirtu	h ɪ r̥ t ʏ
hjartslátt	ç a r̥ t s t l a u h t
hljómsveita	l̥ j o u m s v e iː t a
hljóðnema	l̥ j o u ð n ɛː m a
hlúa	l̥ uː a
hnettinum	n̥ ɛ h t ɪ n ʏ m
hnífar	n̥ iː v a r
hnútum	n̥ uː t ʏ m
holunni	h ɔː l ʏ nː ɪ
hrekkjavöku	r̥ ɛ h c a v œː k ʏ
hreyfi	r̥ e iː v ɪ
hrúgu	r̥ uː ʏ
hunangi	h ʏː n a u ɲ c ɪ
hurðir	h ʏ r ð ɪ r
hvíldi	kʰ v i l t ɪ
hálfdán	h a u l v t a uː n
háttum	h a u h t ʏ m
hæðina	h a iː ð ɪ n a
höfuðborgin	h œː v ʏ ð p ɔ r c ɪ n
húsakynni	h uː s a cʰ ɪ nː ɪ
innanríkisráðuneytið	ɪ nː a n r iː c ɪ s r a uː ð ʏ n e iː t ɪ ð
innihaldsefni	ɪ nː ɪ h a l t s ɛ p n ɪ
innstu	ɪ n s t ʏ
januar	j aː n ʏ aː r
jarðhæð	j a r ð h a iː ð
jenner	j ɛ nː ɛ r
jobs	j ɔ p s
játað	j a uː tʰ aː ð
kapítalisma	kʰ aː p iː tʰ a l ɪ s m a
karlmanns	kʰ a r t l m a nː s
karítas	kʰ aː r iː tʰ aː s
kjördæmisins	cʰ œ r t a iː m ɪ s ɪ n s
kleifarvatn	kʰ l e iː v a r v a h t n
klínískum	kʰ l iː n i s k ʏ m
knúsa	kʰ n uː s a
krakkanna	kʰ r a h k a nː a
kristrún	kʰ r ɪ s t r uː n
kynferðisleg	cʰ ɪ n f ɛ r ð ɪ s t l ɛː ɣ
kynnu	cʰ ɪ nː ʏ
kærur	cʰ a iː r ʏ r
leitarvél	l e iː t a r v j ɛː l
lilly	l ɪ t l ɪ
ljósmynda	l j o uː s m ɪ n t a
lower	l ɔː v ɛ r
lutu	l ʏː t ʏ
lyfjafræði	l ɪ v j a f r a iː ð ɪ
lygum	l ɪː ɣ ʏ m
lágmarks	l a u ɣ m a r̥ k s
lífeyrissjóða	l iː v e iː r ɪ s s j o uː ð a
lóninu	l o uː n ɪ n ʏ
lögheimili	l œː ɣ h e iː m ɪ l ɪ
magma	m a ɣ m a
magnason	m a k n a s ɔː n
magnum	m a k n ʏ m
margbreytileika	m a r k p r e iː t ɪ l e iː k a
marke	m a r̥ c ɛ
meginregla	m e iː j ɪ n r ɛ k l a
meistaradeildarinnar	m e i s t a r a t e i l t a r ɪ nː a r
messur	m ɛ sː ʏ r
meter	m ɛː t ɛ r
meðhöndlað	m ɛː ð h œ n t l aː ð
meðhöndluð	m ɛː ð h œ n t l ʏː ð
micro	m ɪː k r ɔ
mildi	m ɪ l t ɪ
minnisvarða	m ɪ nː ɪ s v a r ð a
minntu	m ɪ n̥ t ʏ
misjöfnum	m ɪː s j œ p n ʏ m
misvel	m ɪː s v ɛː l
mozzarella	m ɔ t s a r ɛ t l a
myndasögur	m ɪ n t a s œː ɣ ʏ r
myndböndum	m ɪ n t p œ n t ʏ m
málefna	m a uː l ɛ p n a
málstofu	m a u l s t ɔː v ʏ
mælingu	m a iː l i ŋ k ʏ
mælirinn	m a iː l ɪ r ɪ nː
mæðrum	m a i ð r ʏ m
mögulegu	m œː ɣ ʏ l ɛː ɣ ʏ
múra	m uː r a
nails	n a i l s
nauðsynjar	n ø y ð s ɪ n j a r
nefndarmenn	n ɛ p n t a r m ɛ nː
neysluvatn	n e i s t l ʏ v a h t n
neyðast	n e iː ð a s t
nornin	n ɔ r t n ɪ n
nornir	n ɔ r t n ɪ r
næringarfræði	n a iː r i ŋ k a r f r a iː ð ɪ
nýttist	n i h t ɪ s t
oppenheimer	ɔ h p ɛ n h e iː m ɛ r
pacino	pʰ aː s ɪː n ɔ
palestínumenn	pʰ aː l ɛ s t iː n ʏ m ɛ nː
pavel	pʰ aː v ɛ l
peggy	pʰ ɛ cː ɪ
pentagon	pʰ ɛ n̥ t a k ɔː n
phnom	pʰ n ɔː m
pizzur	pʰ ɪ t s ʏ r
pride	pʰ r ɪː t ɛ
pönnu	pʰ œ nː ʏ
rafbíla	r a v p iː l a
rafhlaðan	r a v l̥ aː ð a n
ranghugmyndir	r a u ŋ k h ʏ ɣ m ɪ n t ɪ r
reiknaður	r e i h k n aː ð ʏ r
risastór	r ɪː s a s t o uː r
rithöfund	r ɪː t h œː v ʏ n t
rokka	r ɔ h k a
ryðfríu	r ɪ ð f r iː j ʏ
rá	r a uː
ríðandi	r iː ð a n t ɪ
róandi	r o uː a n t ɪ
röðina	r œː ð ɪ n a
rýmið	r iː m ɪ ð
samdráttur	s a m t r a u h t ʏ r
sanford	s a n f ɔ r t
sas	s aː s
sendimenn	s ɛ n t ɪ m ɛ nː
siðareglum	s ɪː ð a r ɛ k l ʏ m
skaftafelli	s k a f t a f ɛ t l ɪ
skarar	s k aː r a r
skeiðum	s c e iː ð ʏ m
skemmda	s c ɛ m t a
skepnum	s c ɛ h p n ʏ m
skildist	s c ɪ l t ɪ s t
skipulagning	s c ɪː p ʏ l a k n i ŋ k
skjalasöfn	s c aː l a s œ p n
skoðaðar	s k ɔː ð a ð a r
skrásetja	s k r a uː s ɛː t j a
skyldleika	s c ɪ l t l e iː k a
ská	s k a uː
skáldverk	s k a u l t v ɛ r̥ k
skúlptúr	s k u l̥ p tʰ uː r
slakað	s t l aː k a ð
slyssins	s t l ɪ sː ɪ n s
snertu	s t n ɛ r̥ t ʏ
soðnar	s ɔ ð n a r
speglar	s p ɛ k l a r
spjótum	s p j o uː t ʏ m
spán	s p a uː n
staðlaða	s t a ð l aː ð a
staðlaðar	s t a ð l aː ð a r
steðjar	s t ɛ ð j a r
stuttmyndir	s t ʏ h t m ɪ n t ɪ r
styrks	s t ɪ r̥ k s
stækkuð	s t a i h k ʏ ð
stöðnun	s t œ ð n ʏ n
stúdentum	s t uː t ɛ n̥ t ʏ m
sveigjanlegt	s v e iː j a n l ɛ x t
sveinsdóttur	s v e i n s t o u h t ʏ r
svíkur	s v iː k ʏ r
sádí	s a uː t iː
sátta	s a u h t a
sáá	s a uː a uː
sókninni	s o u h k n ɪ nː ɪ
söfnin	s œ p n ɪ n
sögnin	s œ k n ɪ n
súrefnis	s uː r ɛ p n ɪ s
tegundirnar	tʰ ɛː ɣ ʏ n t ɪ r t n a r
textana	tʰ ɛ k s t aː n a
tilmælum	tʰ ɪ l m a iː l ʏ m
tilsettum	tʰ ɪ l s ɛ h t ʏ m
tjörninni	tʰ j œ r t n ɪ nː ɪ
togarar	tʰ ɔː ɣ a r a r
tromma	tʰ r ɔ mː a
troðið	tʰ r ɔː ð ɪ ð
trúnað	tʰ r uː n a ð
tálknafirði	tʰ a u l̥ k n a f ɪ r ð ɪ
tæknilegum	tʰ a i h k n ɪ l ɛː ɣ ʏ m
tímabundna	tʰ iː m a p ʏ n t n a
tónleikaferð	tʰ o u n l e iː k a f ɛ r ð
tónlistarnám	tʰ o u n l ɪ s t a r n a uː m
tölvuleik	tʰ œ l v ʏ l e iː k
ul	ʏː l
umfangsmikið	ʏ m f a u ŋ k s m ɪː c ɪ ð
umskipti	ʏ m s c ɪ f t ɪ
umsækjendur	ʏ m s a iː c ɛ n t ʏ r
uppdrætti	ʏ h p t r a i h t ɪ
uppfærslur	ʏ h p f a i r̥ s t l ʏ r
upplifanir	ʏ h p l ɪː v aː n ɪ r
upplýsti	ʏ h p l i s t ɪ
upplýstur	ʏ h p l i s t ʏ r
upptalningu	ʏ h p tʰ a l n i ŋ k ʏ
vafranum	v a v r a n ʏ m
varaformanns	v aː r a f ɔ r m a nː s
varaforseta	v aː r a f ɔ r̥ s ɛː t a
varningi	v a r t n i ɲ c ɪ
veiddu	v e i tː ʏ
veikin	v e iː c ɪ n
veitingastaði	v e iː t i ŋ k a s t aː ð ɪ
veitingastöðum	v e iː t i ŋ k a s t œː ð ʏ m
verandi	v ɛː r a n t ɪ
verslunarmiðstöðin	v ɛ r̥ s t l ʏ n a r m ɪ ð s t œː ð ɪ n
verðleikum	v ɛ r ð l e iː k ʏ m
vestfirðinga	v ɛ s t f ɪ r ð i ŋ k a
veðurfræðingur	v ɛː ð ʏ r f r a iː ð i ŋ k ʏ r
villigötum	v ɪ t l ɪ k œː t ʏ m
vinnuafls	v ɪ nː ʏ a p l s
virkjað	v ɪ r̥ c a ð
virta	v ɪ r̥ t a
vitnaði	v ɪ h t n a ð ɪ
viðurlög	v ɪː ð ʏ r l œː ɣ
viðurvist	v ɪː ð ʏ r v ɪ s t
vonaðist	v ɔː n a ð ɪ s t
vondar	v ɔ n t a r
vorar	v ɔː r a r
vídeó	v iː t ɛː o uː
vörunnar	v œː r ʏ nː a r
yang	j a u ŋ k
yfirheyrslur	ɪː v ɪ r h e i r̥ s t l ʏ r
yvette	ɪː v ɛ h t ɛ
ábendingar	a uː p ɛ n t i ŋ k a r
ábúendur	a uː p uː ɛ n t ʏ r
áföllum	a uː f œ t l ʏ m
ásdísi	a uː s t iː s ɪ
áskrifendur	a uː s k r ɪː v ɛ n t ʏ r
ástarsaga	a u s t a r s aː ɣ a
ástundun	a uː s t ʏ n t ʏ n
ísafjörð	iː s a f j œ r ð
óbreytta	o uː p r e i h t a
óvenjulegar	o uː v ɛ n j ʏ l ɛː ɣ a r
óðni	o u ð n ɪ
öflugar	œ v l ʏː ɣ a r
öldrun	œ l t r ʏ n
öldunum	œ l t ʏ n ʏ m
örfáir	œ r f a uː ɪ r
örvera	œ r v ɛː r a
öryggiskerfi	œː r ɪ cː ɪ s c ɛ r v ɪ
öskufall	œ s k ʏ f a t l
úrbætur	u r p a iː t ʏ r
útilegu	uː t ɪ l ɛː ɣ ʏ
útlaga	uː t l aː ɣ a
útlínur	uː t l iː n ʏ r
þoldi	θ ɔ l t ɪ
þorbergur	θ ɔ r p ɛ r k ʏ r
þrengri	θ r e i ŋ k r ɪ
þrótt	θ r o u h t
þáðu	θ a uː ð ʏ
þórunnar	θ o uː r ʏ nː a r
aftarlega	a f t a r l ɛː ɣ a
again	aː ɣ a iː n
andmæla	a n t m a iː l a
andstæðu	a n t s t a iː ð ʏ
aðalsteinsdóttir	aː ð a l s t e i n s t o u h t ɪ r
barbados	p a r p a t ɔː s
bari	p aː r ɪ
beikoni	p e iː kʰ ɔː n ɪ
blautum	p l ø yː t ʏ m
blint	p l ɪ n̥ t
blómið	p l o uː m ɪː ð
bonny	p ɔ nː ɪ
borað	p ɔː r a ð
boyle	p ɔ iː l ɛ
byron	p ɪː r ɔ n
bökum	p œː k ʏ m
cayman	kʰ e iː m a n
cho	x ɔː
dagmar	t a ɣ m a r
department	t ɛː p a r̥ t m ɛ n̥ t
drengjanna	t r e i ɲ c a nː a
efins	ɛː v ɪ n s
ekkju	ɛ h c ʏ
eldsnemma	ɛ l t s n ɛ mː a
emmanuelle	ɛ mː a n ʏ ɛ t l ɛ
endurgera	ɛ n t ʏ r c ɛː r a
ferkílómetra	f ɛ r̥ c iː l o uː m ɛː t r a
ferskan	f ɛ r̥ s k a n
fjármagnaður	f j a u r m a k n aː ð ʏ r
fjöldamörg	f j œ l t a m œ r k
flatur	f l aː t ʏ r
flaut	f l ø yː t
fléttur	f l j ɛ h t ʏ r
flúðu	f l uː ð ʏ
frelsinu	f r ɛ l s ɪː n ʏ
frumsamin	f r ʏ m s aː m ɪ n
frægari	f r a iː ɣ a r ɪ
fréttnæmt	f r j ɛ h t n a i m̥ t
fylkjum	f ɪ l̥ c ʏ m
fyrirheitna	f ɪː r ɪ r h e i h t n a
glæsilegri	k l a iː s ɪ l ɛ ɣ r ɪ
glæsilegu	k l a iː s ɪ l ɛː ɣ ʏ
guðdómlega	k v ʏ ð t o u m l ɛː ɣ a
hallgrím	h a t l k r iː m
hebresku	h ɛː p r ɛ s k ʏ
heilsulind	h e i l s ʏ l ɪ n t
heitin	h e iː t ɪ n
herb	h ɛ r p
hers	h ɛ r̥ s
hreinir	r̥ e iː n ɪ r
hugleikur	h ʏ ɣ l e iː k ʏ r
hung	h u ŋ k
háttsettur	h a u h t s ɛ h t ʏ r
húsgögnum	h uː s k œ k n ʏ m
indverja	ɪ n t v ɛ r j a
janeiro	j aː n e iː r ɔ
jarðefnaeldsneytis	j a r ð ɛ p n a ɛ l t s n e iː t ɪ s
johannes	j ɔː h a nː ɛː s
jólasveinarnir	j o uː l a s v e iː n a r t n ɪ r
jórdaníu	j o u r t a n iː j ʏ
jökul	j œː k ʏ l
kjarnorkusprengju	cʰ a r t n ɔ r̥ k ʏ s p r e i ɲ c ʏ
kletti	kʰ l ɛ h t ɪ
kolbeini	kʰ ɔ l p e iː n ɪ
króatía	kʰ r o uː a tʰ iː j a
kvaddur	kʰ v a tː ʏ r
kvenréttindafélag	kʰ v ɛ n r j ɛ h t ɪ n t a f j ɛː l aː ɣ
kvöldverð	kʰ v œ l t v ɛ r ð
kíkjum	cʰ iː c ʏ m
leikkonu	l e i h k ɔː n ʏ
leiklistar	l e iː k l ɪ s t a r
leti	l ɛː t ɪ
listasögu	l ɪ s t a s œː ɣ ʏ
litina	l ɪː t ɪ n a
lives	l ɪː v ɛː s
látni	l a u h t n ɪ
malla	m a t l a
mannlegs	m a nː l ɛ k s
marin	m aː r ɪ n
marteins	m a r̥ t e i n s
mercer	m ɛ r̥ s ɛ r
mildari	m ɪ l t a r ɪ
minnumst	m ɪ nː ʏ m s t
morgna	m ɔ r k n a
morgundagsins	m ɔ r k ʏ n t a x s ɪ n s
myndatöku	m ɪ n t a tʰ œː k ʏ
nett	n ɛ h t
nov	n ɔː v
nutum	n ʏː t ʏ m
nærir	n a iː r ɪ r
pauls	pʰ ø y l s
pelham	pʰ ɛː l h aː m
perlunni	pʰ ɛ r t l ʏ nː ɪ
pillum	pʰ ɪ t l ʏ m
plastpoka	pʰ l a s t pʰ ɔː k a
ragnhildi	r a k n h ɪ l t ɪ
rappari	r a h p a r ɪ
reiknivél	r e i h k n ɪ v j ɛː l
rithöfundarins	r ɪː t h œː v ʏ n t a r ɪ n s
rákust	r a uː k ʏ s t
rísandi	r iː s a n t ɪ
samskiptatækni	s a m s c ɪ f t a tʰ a i h k n ɪ
sendast	s ɛ n t a s t
sigti	s ɪ x t ɪ
sigursteinn	s ɪː ɣ ʏ r s t e i t n
sigurveig	s ɪː ɣ ʏ r v e iː ɣ
skartgripir	s k a r̥ t k r ɪː p ɪ r
skemmtiferðaskip	s c ɛ m̥ t ɪ f ɛ r ð a s c ɪː p
skjótum	s c o uː t ʏ m
skriðdreka	s k r ɪ ð t r ɛː k a
skynjara	s c ɪ n j a r a
spes	s p ɛː s
spotta	s p ɔ h t a
spái	s p a uː ɪ
stafurinn	s t aː v ʏ r ɪ nː
stefaníu	s t ɛː v a n iː j ʏ
styttir	s t ɪ h t ɪ r
stytturnar	s t ɪ h t ʏ r t n a r
stórs	s t o u r̥ s
sígur	s iː ɣ ʏ r
sölunni	s œː l ʏ nː ɪ
súlur	s uː l ʏ r
súpan	s uː pʰ a n
tatum	tʰ aː t ʏ m
testamenti	tʰ ɛ s t a m ɛ n̥ t ɪ
thani	tʰ aː n ɪ
ting	tʰ i ŋ k
trip	tʰ r ɪː p
tölunni	tʰ œː l ʏ nː ɪ
túlkanir	tʰ u l̥ k a n ɪ r
undirskriftum	ʏ n t ɪ r s k r ɪ f t ʏ m
uppistand	ʏ h p ɪ s t a n t
vanhæfur	v aː n h a iː v ʏ r
verkahring	v ɛ r̥ k a r̥ i ŋ k
verkunum	v ɛ r̥ k ʏ n ʏ m
veseni	v ɛː s ɛː n ɪ
vinsemd	v ɪ n s ɛ m t
vorn	v ɔ r t ⁽ʰ ⁾ n
vængnum	v a i ŋ k n ʏ m
völsungur	v œ l s u ŋ k ʏ r
vösum	v œː s ʏ m
ágætir	a uː c a iː t ɪ r
ágústi	a uː k u s t ɪ
áhrifamikill	a uː r̥ ɪː v a m ɪː c ɪ t l
ásettu	a uː s ɛ h t ʏ
ástæðuna	a uː s t a iː ð ʏ n a
æi	a iː j ɪ
ævisaga	a iː v ɪ s aː ɣ a
ímyndun	iː m ɪ n t ʏ n
írsku	i r̥ s k ʏ
ísólfur	iː s o u l v ʏ r
ítök	iː tʰ œː k
öskjuhlíð	œ s c ʏ l̥ iː ð
útilokar	uː t ɪ l ɔː k a r
þakklát	θ a h k l a uː t
þingmennirnir	θ i ŋ k m ɛ nː ɪ r t n ɪ r
þingvelli	θ i ŋ k v ɛ t l ɪ
afburða	a v p ʏ r ð a
alberts	a l p ɛ r̥ t s
algjörum	a l c œː r ʏ m
almannavarna	a l m a nː a v a r t n a
alsír	a l s iː r
andrésar	a n t r j ɛː s a r
arfur	a r v ʏ r
arnaldur	a r t n a l t ʏ r
aðgengilegri	a ð c e i ɲ c ɪ l ɛ ɣ r ɪ
aðildarríkjunum	aː ð ɪ l t a r r iː c ʏ n ʏ m
aðstoðarmann	a ð s t ɔː ð a r m a nː
aðstoðarskólastjóri	a ð s t ɔː ð a r s k o uː l a s t j o uː r ɪ
barker	p a r̥ c ɛ r
barneys	p a r t n e iː s
bindast	p ɪ n t a s t
birgittu	p ɪ r c ɪ h t ʏ
biskupstungum	p ɪ s k ʏ p s t u ŋ k ʏ m
bjartar	p j a r̥ t a r
blandaður	p l a n t aː ð ʏ r
blasa	p l aː s a
blaðamönnum	p l aː ð a m œ nː ʏ m
bleiki	p l e iː c ɪ
blettir	p l ɛ h t ɪ r
bláan	p l a uː a n
blóðrásina	p l o u ð r a uː s ɪː n a
breytilegar	p r e iː t ɪ l ɛː ɣ a r
breytta	p r e i h t a
burð	p ʏ r ð
byggðinni	p ɪ ɣ ð ɪ nː ɪ
bylgjunnar	p ɪ l c ʏ nː a r
bókasafnsins	p o uː k a s a p n s ɪ n s
bönkunum	p ø y ŋ̊ k ʏ n ʏ m
búðin	p uː ð ɪ n
casa	kʰ aː s a
choice	x ɔ iː s ɛ
cobb	kʰ ɔ pː
commons	kʰ ɔ mː ɔ n s
daglegan	t a ɣ l ɛː ɣ a n
daglegum	t a ɣ l ɛː ɣ ʏ m
dalsins	t a l s ɪ n s
daman	t aː m a n
deiginu	t e iː j ɪ n ʏ
deir	t e iː r
dell	t ɛ t l
deyjandi	t e iː j a n t ɪ
djöfla	t j œ p l a
dveljast	t v ɛ l j a s t
dáða	t a uː ð a
dótturfélag	t o u h t ʏ r f j ɛː l aː ɣ
ea	ɛː a
eddy	ɛ tː ɪ
eftirmála	ɛ f t ɪ r m a uː l a
einföldunar	e i n f œ l t ʏ n a r
einsamall	e i n s a m a t l
eistlands	e i s t l a n t s
eitruð	e iː t r ʏː ð
elds	ɛ l t s
elliða	ɛ t l ɪː ð a
elski	ɛ l s c ɪ
elínar	ɛː l iː n a r
erfðum	ɛ r v ð ʏ m
erin	ɛː r ɪ n
factor	f a x t ɔ r
fallbyssu	f a t l p ɪ sː ʏ
falska	f a l s k a
farartækjum	f aː r a r tʰ a iː c ʏ m
farrell	f a rː ɛ t l
fasteigna	f a s t e i k n a
fegurðar	f ɛː ɣ ʏ r ð a r
ferdinand	f ɛ r t ɪ n a n t
ferju	f ɛ r j ʏ
ferjunni	f ɛ r j ʏ nː ɪ
ferðaþjónustunnar	f ɛ r ð a θ j o uː n ʏ s t ʏ nː a r
fiba	f ɪː p a
find	f ɪ n t
fine	f ɪː n ɛ
fingraför	f i ŋ k r a f œː r
fjarskipta	f j a r̥ s c ɪ f t a
fjölmennum	f j œ l m ɛ nː ʏ m
flokkana	f l ɔ h k a n a
formlegur	f ɔ r m l ɛː ɣ ʏ r
framkallar	f r a m kʰ a t l a r
frumu	f r ʏː m ʏ
frægðar	f r a i ɣ ð a r
fullgildir	f ʏ t l c ɪ l t ɪ r
fullorðinsárum	f ʏ t l ɔ r ð ɪ n s a uː r ʏ m
fyrirhugaðri	f ɪː r ɪ r h ʏː ɣ a ð r ɪ
fáránleg	f a uː r a u n l ɛː ɣ
fækkar	f a i h k a r
fæðinguna	f a iː ð i ŋ k ʏː n a
fókus	f o uː k ʏ s
fólgið	f o u l c ɪ ð
fölsun	f œ l s ʏ n
gamalmenni	k aː m a l m ɛ nː ɪ
gatna	k a h t n a
gauta	k ø yː t a
geislum	c e i s t l ʏ m
gjörðum	c œ r ð ʏ m
gleymsku	k l e i m s k ʏ
glæsibæ	k l a iː s ɪ p a iː
greindust	k r e i n t ʏ s t
grunnskólakennara	k r ʏ nː s k o uː l a cʰ ɛ nː a r a
gríðarlegri	k r iː ð a r l ɛ ɣ r ɪ
gróða	k r o uː ð a
gröfin	k r œː v ɪ n
gífurlegt	c iː v ʏ r l ɛ x t
gítarleikara	c iː tʰ a r l e iː k aː r a
hafliða	h a p l ɪː ð a
harðgerð	h a r ð c ɛ r ð
haustsins	h ø y s t s ɪ n s
heilagrar	h e iː l a k r a r
heilbrigðismála	h e i l p r ɪ ɣ ð ɪ s m a uː l a
heimaslóðum	h e iː m a s l o uː ð ʏ m
heitri	h e iː t r ɪ
helíum	h ɛː l i j ʏ m
hesthús	h ɛ s t h uː s
hinriks	h ɪ n r ɪ k s
hleðsla	l̥ ɛ ð s t l a
hljómi	l̥ j o uː m ɪ
hlynntir	l̥ ɪ n̥ t ɪ r
hofið	h ɔː v ɪ ð
hrings	r̥ i ŋ k s
hrinti	r̥ ɪ n̥ t ɪ
hrjá	r̥ j a uː
hrossum	r̥ ɔ sː ʏ m
hráefnis	r̥ a uː ɛ p n ɪ s
hráefnum	r̥ a uː ɛ p n ʏ m
hugmyndafræðin	h ʏ ɣ m ɪ n t a f r a iː ð ɪ n
hvalir	kʰ v aː l ɪ r
hvolpar	kʰ v ɔ l̥ p a r
hífa	h iː v a
höfuðborgar	h œː v ʏ ð p ɔ r k a r
höfuðstaður	h œː v ʏ ð s t aː ð ʏ r
höfuðstól	h œː v ʏ ð s t o uː l
ibm	ɪ p m
indjána	ɪ n t j a uː n a
isabella	ɪː s a p ɛ t l a
johansen	j ɔː h a n s ɛ n
kastljós	kʰ a s t l j o uː s
keflavíkurflugvöll	cʰ ɛ p l a v iː k ʏ r f l ʏ ɣ v œ t l
kelduhverfi	cʰ ɛ l t ʏ kʰ v ɛ r v ɪ
keramik	cʰ ɛː r a m ɪː k
kings	cʰ i ŋ k s
kjarasamninga	cʰ aː r a s a m n i ŋ k a
kjördag	cʰ œ r t aː ɣ
kuala	kʰ ʏ aː l a
kumar	kʰ ʏː m a r
kóngurinn	kʰ o u ŋ k ʏ r ɪ nː
kórstjóri	kʰ o u r̥ s t j o uː r ɪ
kúm	kʰ uː m
lagadeildar	l aː ɣ a t e i l t a r
lagafrumvarp	l aː ɣ a f r ʏ m v a r̥ p
landaði	l a n t aː ð ɪ
landspítali	l a n t s p iː tʰ aː l ɪ
laugardagurinn	l ø yː ɣ a r t aː ɣ ʏ r ɪ nː
lausnum	l ø y s t n ʏ m
leiknar	l e i h k n a r
leiðbeiningum	l e i ð p e iː n i ŋ k ʏ m
lifun	l ɪː v ʏ n
listarinnar	l ɪ s t a r ɪ nː a r
lisu	l ɪː s ʏ
liðakeppni	l ɪː ð a cʰ ɛ h p n ɪ
loftárásum	l ɔ f t a uː r a uː s ʏ m
lokaverkefni	l ɔː k a v ɛ r̥ cʰ ɛ p n ɪ
lotum	l ɔː t ʏ m
lyfsins	l ɪ f s ɪ n s
lyftidufti	l ɪ f t ɪ t ʏ f t ɪ
lágmarkslaun	l a u ɣ m a r̥ k s t l ø yː n
lélegu	l j ɛː l ɛː ɣ ʏ
lónsins	l o u n s ɪ n s
lögráða	l œ ɣ r a uː ð a
lýgur	l iː ɣ ʏ r
lýstur	l i s t ʏ r
mannafla	m a nː a p l a
mannkyni	m a nː cʰ ɪː n ɪ
margfaldast	m a r k f a l t a s t
markaðsvirði	m a r̥ k a ð s v ɪ r ð ɪ
matti	m a h t ɪ
matvælaiðnaði	m aː t v a iː l a i ð n aː ð ɪ
menningarlegum	m ɛ nː i ŋ k a r l ɛː ɣ ʏ m
menntavísindasviði	m ɛ n̥ t a v iː s ɪ n t a s v ɪː ð ɪ
messer	m ɛ sː ɛ r
meðeigandi	m ɛː ð e iː ɣ a n t ɪ
meðganga	m ɛ ð k a u ŋ k a
meðvituð	m ɛ ð v ɪː t ʏ ð
mnd	m ɛ n t
mod	m ɔː t
mældi	m a i l t ɪ
mótin	m o uː t ɪ n
mök	m œː k
napoli	n aː pʰ ɔː l ɪ
nasaret	n aː s a r ɛː t
netum	n ɛː t ʏ m
nikki	n ɪ h c ɪ
nino	n ɪː n ɔ
norðurslóða	n ɔ r ð ʏ r s t l o uː ð a
norðurá	n ɔ r ð ʏ r a uː
námskeiða	n a u m s c e iː ð a
nýjasti	n iː j a s t ɪ
nýru	n iː r ʏ
parta	pʰ a r̥ t a
pasadena	pʰ aː s a t ɛː n a
peysan	pʰ e iː s a n
pottum	pʰ ɔ h t ʏ m
prent	pʰ r ɛ n̥ t
prestinum	pʰ r ɛ s t ɪ n ʏ m
prime	pʰ r ɪː m ɛ
prjónað	pʰ r j o uː n a ð
randall	r a n t a t l
rannsóknastofnun	r a nː s o u h k n a s t ɔ p n ʏ n
reglugerða	r ɛ k l ʏ c ɛ r ð a
rennt	r ɛ n̥ t
reyki	r e iː c ɪ
rommel	r ɔ mː ɛ l
réttlætið	r j ɛ h t l a iː t ɪ ð
réttlætt	r j ɛ h t l a i h t
ríkisendurskoðunar	r iː c ɪ s ɛ n t ʏ r s k ɔː ð ʏ n a r
ríkissjónvarpinu	r iː c ɪ s s j o u n v a r̥ p ɪː n ʏ
rótin	r o uː t ɪ n
saf	s aː v
sakamál	s aː k a m a uː l
salvör	s a l v œː r
sambærilegur	s a m p a iː r ɪ l ɛː ɣ ʏ r
samherji	s a m h ɛ r j ɪ
sandvík	s a n t v iː k
saudi	s ø yː t ɪ
sektar	s ɛ x t a r
seðla	s ɛ ð l a
sheridan	s h ɛː r ɪ t a n
sigurbjörnsdóttir	s ɪː ɣ ʏ r p j œ r t n s t o u h t ɪ r
sigurborg	s ɪː ɣ ʏ r p ɔ r k
sigurjóni	s ɪː ɣ ʏ r j o uː n ɪ
sindra	s ɪ n t r a
sitthvað	s ɪ h t kʰ v aː ð
siðferðilega	s ɪ ð f ɛ r ð ɪ l ɛː ɣ a
sjávarútveg	s j a uː v a r uː t v ɛː ɣ
sjúklingnum	s j uː k l i ŋ k n ʏ m
skallagrímur	s k a t l a k r iː m ʏ r
skapti	s k a f t ɪ
skemur	s c ɛː m ʏ r
skerðist	s c ɛ r ð ɪ s t
skiljanleg	s c ɪ l j a n l ɛː ɣ
skipulagðri	s c ɪː p ʏ l a ɣ ð r ɪ
skjalasafni	s c aː l a s a p n ɪ
skorist	s k ɔː r ɪ s t
skorradal	s k ɔ rː a t aː l
skrokk	s k r ɔ h k
skyndihjálp	s c ɪ n t ɪ ç a u l̥ p
skyrtur	s c ɪ r̥ t ʏ r
skáldsögum	s k a u l t s œː ɣ ʏ m
skáldsöguna	s k a u l t s œː ɣ ʏ n a
skátar	s k a uː t a r
sköpunar	s k œː p ʏ n a r
skýrsluna	s c i r̥ s t l ʏː n a
slysa	s t l ɪː s a
slái	s t l a uː ɪ
smábæ	s m a uː p a iː
smásölu	s m a uː s œː l ʏ
sniðin	s t n ɪː ð ɪ n
spori	s p ɔː r ɪ
spænsk	s p a i n s k
stall	s t a t l
starfseminnar	s t a r v s ɛː m ɪ nː a r
starfsævi	s t a r v s a iː v ɪ
stebbi	s t ɛ pː ɪ
stjórnskipan	s t j o u r t n s c ɪː p a n
strandar	s t r a n t a r
straumnum	s t r ø y m n ʏ m
stundirnar	s t ʏ n t ɪ r t n a r
stuttgart	s t ʏ h t k a r̥ t
stuðlaði	s t ʏ ð l aː ð ɪ
styr	s t ɪː r
stúkunni	s t uː k ʏ nː ɪ
svakalegt	s v aː k a l ɛ x t
svanurinn	s v aː n ʏ r ɪ nː
sveigjanleika	s v e iː j a n l e iː k a
sverrisdóttur	s v ɛ rː ɪ s t o u h t ʏ r
svosem	s v ɔː s ɛ m
sæmundar	s a iː m ʏ n t a r
sænskt	s a i n s k t
símenntun	s iː m ɛ n̥ t ʏ n
sönnur	s œ nː ʏ r
sörla	s œ r t l a
sörli	s œ r t l ɪ
sýningarstjóri	s iː n i ŋ k a r s t j o uː r ɪ
tappa	tʰ a h p a
teiknimyndir	tʰ e i h k n ɪ m ɪ n t ɪ r
tekjuskatt	tʰ ɛː c ʏ s k a h t
teygði	tʰ e i ɣ ð ɪ
tilrauninni	tʰ ɪ l r ø yː n ɪ nː ɪ
titlum	tʰ ɪ h t l ʏ m
truflandi	tʰ r ʏ p l a n t ɪ
tungum	tʰ u ŋ k ʏ m
tvíþætt	tʰ v iː θ a i h t
tæknilegu	tʰ a i h k n ɪ l ɛː ɣ ʏ
tækninni	tʰ a i h k n ɪ nː ɪ
tæringu	tʰ a iː r i ŋ k ʏ
tónlistarlífi	tʰ o u n l ɪ s t a r l iː v ɪ
tónlistarverðlaunanna	tʰ o u n l ɪ s t a r v ɛ r ð l ø yː n a nː a
tónsmíðum	tʰ o u n s m iː ð ʏ m
umsýslu	ʏ m s i s t l ʏ
undrum	ʏ n t r ʏ m
upphæðin	ʏ h p h a iː ð ɪ n
upprifjun	ʏ h p r ɪ v j ʏ n
uppákoma	ʏ h p a uː kʰ ɔː m a
vagna	v a k n a
valdsins	v a l t s ɪ n s
vantrú	v a n̥ t r uː
veirur	v e iː r ʏ r
veiðileyfi	v e iː ð ɪ l e iː v ɪ
verkafólk	v ɛ r̥ k a f o u l̥ k
verkalýðsins	v ɛ r̥ k a l i ð s ɪ n s
verkamannaflokksins	v ɛ r̥ k a m a nː a f l ɔ h k s ɪ n s
verksvið	v ɛ r̥ k s v ɪː ð
verpir	v ɛ r̥ p ɪ r
verslunarmanna	v ɛ r̥ s t l ʏ n a r m a nː a
verðbréfaviðskipti	v ɛ r ð p r j ɛː v a v ɪ ð s c ɪ f t ɪ
verðmæt	v ɛ r ð m a iː t
vestrænu	v ɛ s t r a iː n ʏ
veðmál	v ɛ ð m a uː l
vinnustað	v ɪ nː ʏ s t aː ð
vissara	v ɪ sː a r a
viðskiptaráðs	v ɪ ð s c ɪ f t a r a u ð s
vonaði	v ɔː n a ð ɪ
vopnuð	v ɔ h p n ʏ ð
væn	v a iː n
vísum	v iː s ʏ m
vöktun	v œ x t ʏ n
wanda	v a n t a
watford	v aː t f ɔ r t
yfirlýsingin	ɪː v ɪ r l iː s i ɲ c ɪ n
yfirmönnum	ɪː v ɪ r m œ nː ʏ m
zero	s ɛː r ɔ
áhugamálum	a uː h ʏː ɣ a m a uː l ʏ m
ákærðir	a uː cʰ a i r ð ɪ r
álög	a uː l œː ɣ
árdaga	a u r t aː ɣ a
áskoranir	a uː s k ɔː r a n ɪ r
ásu	a uː s ʏ
ættleiða	a i h t l e iː ð a
æða	a iː ð a
íþróttafélaga	iː θ r o u h t a f j ɛː l aː ɣ a
íþróttamanna	iː θ r o u h t a m a nː a
ódýru	o uː t iː r ʏ
óhefðbundnar	o uː h ɛ v ð p ʏ n t n a r
óhjákvæmilega	o uː ç a uː kʰ v a iː m ɪ l ɛː ɣ a
ólífuolíu	o uː l iː v ʏ ɔː l iː j ʏ
óðum	o uː ð ʏ m
öfuga	œː v ʏː ɣ a
örum	œː r ʏ m
útgefnum	uː t c ɛ p n ʏ m
útskýringu	uː t s c iː r i ŋ k ʏ
þingflokki	θ i ŋ k f l ɔ h c ɪ
þingvallavatni	θ i ŋ k v a t l a v a h t n ɪ
þrándur	θ r a u n t ʏ r
þráðum	θ r a uː ð ʏ m
þungu	θ u ŋ k ʏ
þversögn	θ v ɛ r̥ s œ k n
þægilegt	θ a iː j ɪ l ɛ x t
þéttir	θ j ɛ h t ɪ r
abstrakt	a p s t r a x t
afleiðingu	a v l e iː ð i ŋ k ʏ
almennari	a l m ɛ nː a r ɪ
alonso	aː l ɔ n s ɔ
analysis	aː n a l ɪː s ɪ s
beygir	p e iː j ɪ r
breyttir	p r e i h t ɪ r
brúninni	p r uː n ɪ nː ɪ
cover	kʰ ɔː v ɛ r
dauðsfalla	t ø y ð s f a t l a
drekann	t r ɛː kʰ a nː
eiginlegt	e iː j ɪ n l ɛ x t
einbeitir	e i n p e iː t ɪ r
ernst	ɛ r t n s t
events	ɛː v ɛ n̥ s
evrópubúar	ɛ v r o uː p ʏ p uː a r
farsímum	f a r̥ s iː m ʏ m
feðga	f ɛ ð k a
fimmvörðuhálsi	f ɪ mː v œ r ð ʏ h a u l s ɪ
flóði	f l o uː ð ɪ
forfeðra	f ɔ r f ɛ ð r a
forvali	f ɔ r v aː l ɪ
frárennsli	f r a uː r ɛ n s t l ɪ
fæðingardagur	f a iː ð i ŋ k a r t aː ɣ ʏ r
gagnagrunninum	k a k n a k r ʏ nː ɪ n ʏ m
gagnslaus	k a k n s t l ø yː s
gjöfinni	c œː v ɪ nː ɪ
glasinu	k l aː s ɪː n ʏ
gljáandi	k l j a uː a n t ɪ
greinunum	k r e iː n ʏ n ʏ m
græjurnar	k r a iː j ʏ r t n a r
hefðinni	h ɛ v ð ɪ nː ɪ
heimilaði	h e iː m ɪ l aː ð ɪ
hertóku	h ɛ r̥ tʰ o uː k ʏ
hlotnast	l̥ ɔ h t n a s t
holuna	h ɔː l ʏ n a
höggvið	h œ kː v ɪː ð
húnaflóa	h uː n a f l o uː a
ingólfi	i ŋ k o u l v ɪ
innihéldu	ɪ nː ɪ h j ɛ l t ʏ
jájá	j a uː j a uː
kaldalóns	kʰ a l t a l o u n s
katta	kʰ a h t a
kaupmönnum	kʰ ø yː p m œ nː ʏ m
keppinautar	cʰ ɛ h p ɪ n ø yː t a r
kirkjukór	cʰ ɪ r̥ c ʏ kʰ o uː r
kunningi	kʰ ʏ nː i ɲ c ɪ
kynlífs	cʰ ɪ n l i f s
kórónu	kʰ o uː r o uː n ʏ
laugarvatn	l ø yː ɣ a r v a h t n
leiddar	l e i tː a r
leikskáld	l e iː k s k a u l t
ljónið	l j o uː n ɪ ð
látnu	l a u h t n ʏ
lærin	l a iː r ɪ n
lífshlaup	l i v s l̥ ø yː p
löggjöfin	l œ ɣ c œː v ɪ n
manor	m aː n ɔ r
map	m aː p
masters	m a s t ɛ r̥ s
meintra	m e i n̥ t r a
menningarlegt	m ɛ nː i ŋ k a r l ɛ x t
menningarmiðstöð	m ɛ nː i ŋ k a r m ɪ ð s t œː ð
miðbaug	m ɪ ð p ø yː ɣ
miðstjórnar	m ɪ ð s t j o u r t n a r
note	n ɔː t ɛ
oddsdóttir	ɔ tː s t o u h t ɪ r
pauli	pʰ ø yː l ɪ
pillur	pʰ ɪ t l ʏ r
pinna	pʰ ɪ nː a
plastefni	pʰ l a s t ɛ p n ɪ
reisir	r e iː s ɪ r
retro	r ɛː t r ɔ
rökræðum	r œː k r a iː ð ʏ m
rússneskra	r u sː n ɛ s k r a
safari	s aː v a r ɪ
siglufjörð	s ɪ k l ʏ f j œ r ð
skeljungs	s c ɛ l j u ŋ k s
skemmtistaðnum	s c ɛ m̥ t ɪ s t a ð n ʏ m
skiptingin	s c ɪ f t i ɲ c ɪ n
skotar	s k ɔː t a r
skógræktin	s k o uː k r a i x t ɪ n
sleppum	s t l ɛ h p ʏ m
slæmri	s t l a i m r ɪ
spillis	s p ɪ t l ɪ s
sprautu	s p r ø yː t ʏ
starfsheitið	s t a r v s h e iː t ɪ ð
stjórnmálaflokk	s t j o u r t n m a uː l a f l ɔ h k
stykkishólmur	s t ɪ h c ɪ s h o u l m ʏ r
stórfé	s t o u r f j ɛː
stúku	s t uː k ʏ
stúlkunum	s t u l̥ k ʏ n ʏ m
sumarlagi	s ʏː m a r l aː j ɪ
swansea	s v a n s ɛː a
sætis	s a iː t ɪ s
sérhæfðar	s j ɛː r h a i v ð a r
sérkennileg	s j ɛ r̥ cʰ ɛ nː ɪ l ɛː ɣ
sólkerfinu	s o u l̥ cʰ ɛ r v ɪː n ʏ
taugum	tʰ ø yː ɣ ʏ m
territory	tʰ ɛ rː ɪ tʰ ɔː r ɪ
tvøroyri	tʰ v œː r ɔ iː r ɪ
táknmáli	tʰ a u h k n m a uː l ɪ
undirbjó	ʏ n t ɪ r p j o uː
valdhafa	v a l t h aː v a
varðist	v a r ð ɪ s t
veskinu	v ɛ s c ɪː n ʏ
vest	v ɛ s t
vesturgötu	v ɛ s t ʏ r k œː t ʏ
vinalegt	v ɪː n a l ɛ x t
virkjuð	v ɪ r̥ c ʏ ð
vélbúnað	v j ɛ l p uː n a ð
vötnin	v œ h t n ɪ n
walk	v a l̥ k
woman	v ɔː m a n
ævintýrinu	a iː v ɪ n tʰ iː r ɪ n ʏ
óperan	o uː p ɛː r a n
ósætti	o uː s a i h t ɪ
ósýnilega	o uː s iː n ɪ l ɛː ɣ a
úrtak	u r̥ tʰ aː k
útsetning	uː t s ɛ h t n i ŋ k
þjófur	θ j o uː v ʏ r
against	aː ɣ a i n s t
aldo	a l t ɔ
altarinu	a l̥ t a r ɪː n ʏ
alþekkt	a l θ ɛ x t
annarar	a nː a r a r
arngrímur	a r t n k r iː m ʏ r
auðun	ø yː ð ʏ n
aðskilið	a ð s c ɪː l ɪ ð
bardagar	p a r t aː ɣ a r
barðaströnd	p a r ð a s t r œ n t
battle	p a h t l ɛ
bene	p ɛː n ɛ
berki	p ɛ r̥ c ɪ
berry	p ɛ rː ɪ
berð	p ɛ r ð
berðu	p ɛ r ð ʏ
better	p ɛ h t ɛ r
beygjum	p e iː j ʏ m
bila	p ɪː l a
biðjum	p ɪ ð j ʏ m
bjóðum	p j o uː ð ʏ m
bjöllu	p j œ t l ʏ
blade	p l aː t ɛ
bravo	p r aː v ɔ
brothætt	p r ɔː t h a i h t
brotnir	p r ɔ h t n ɪ r
bæturnar	p a iː t ʏ r t n a r
bökur	p œː k ʏ r
búðina	p uː ð ɪ n a
chandler	x a n t l ɛː r
deng	t e i ŋ k
did	t ɪː t
doktorspróf	t ɔ x t ɔ r̥ s p r o uː v
drepist	t r ɛː p ɪ s t
drífur	t r iː v ʏ r
dómkirkjunnar	t o u m cʰ ɪ r̥ c ʏ nː a r
eftirlíkingar	ɛ f t ɪ r l iː c i ŋ k a r
eftirlíkingu	ɛ f t ɪ r l iː c i ŋ k ʏ
eftirminnilegt	ɛ f t ɪ r m ɪ nː ɪ l ɛ x t
eiginlegu	e iː j ɪ n l ɛː ɣ ʏ
erlingsdóttir	ɛ r t l i ŋ k s t o u h t ɪ r
eyðilagði	e iː ð ɪ l a ɣ ð ɪ
fallinu	f a t l ɪː n ʏ
falt	f a l̥ t
feldurinn	f ɛ l t ʏ r ɪ nː
ferils	f ɛː r ɪ l s
ferst	f ɛ r̥ s t
filmur	f ɪ l m ʏ r
fjallanna	f j a t l a nː a
fjármálin	f j a u r m a uː l ɪ n
fjörum	f j œː r ʏ m
flokkunarkerfi	f l ɔ h k ʏ n a r cʰ ɛ r v ɪ
flótti	f l o u h t ɪ
flöskuna	f l œ s k ʏ n a
flúðir	f l uː ð ɪ r
frigg	f r ɪ kː
fráleitt	f r a uː l e i h t
frænkur	f r a i ŋ̊ k ʏ r
fötu	f œː t ʏ
galíleu	k aː l iː l ø yː
gardens	k a r t ɛ n s
gengju	c e i ɲ c ʏ
gibbons	c ɪ pː ɔ n s
glitrandi	k l ɪː t r a n t ɪ
gullverðlaun	k ʏ t l v ɛ r ð l ø yː n
guðbjartsson	k v ʏ ð p j a r̥ t s s ɔː n
göfugt	k œː v ʏ x t
had	h aː t
halls	h a t l s
hallsson	h a t l s s ɔː n
hamförum	h a m f œː r ʏ m
hamlet	h a m l ɛː t
heillast	h e i t l a s t
heimkynnum	h e i m cʰ ɪ nː ʏ m
heimspekileg	h e i m s p ɛː c ɪ l ɛː ɣ
heitara	h e iː t a r a
heiðursfélagi	h e iː ð ʏ r s f j ɛː l aː j ɪ
heller	h ɛ t l ɛ r
herafla	h ɛː r a p l a
hermanni	h ɛ r m a nː ɪ
hinriksson	h ɪ n r ɪ k s s ɔː n
hirt	h ɪ r̥ t
hjónabönd	ç o uː n a p œ n t
hlegið	l̥ e iː j ɪ ð
hoffman	h ɔ fː m a n
homo	h ɔː m ɔ
hressilega	r̥ ɛ sː ɪ l ɛː ɣ a
hringjum	r̥ i ɲ c ʏ m
hristir	r̥ ɪ s t ɪ r
hrá	r̥ a uː
hvarfi	kʰ v a r v ɪ
hvatar	kʰ v aː t a r
hvolft	kʰ v ɔ l̥ t
hádegis	h a uː t e iː j ɪ s
hápunkti	h a uː pʰ u ŋ̊ k t ɪ
hæf	h a iː v
högum	h œː ɣ ʏ m
húnaþings	h uː n a θ i ŋ k s
japanski	j aː pʰ a n s c ɪ
jude	j ʏː t ɛ
járnum	j a u r t n ʏ m
kallið	kʰ a t l ɪ ð
kanski	kʰ a n s c ɪ
kenninguna	cʰ ɛ nː i ŋ k ʏː n a
kitty	cʰ ɪ h t ɪ
klasa	kʰ l aː s a
klaustrinu	kʰ l ø y s t r ɪː n ʏ
klúbb	kʰ l u pː
krossa	kʰ r ɔ sː a
kærðir	cʰ a i r ð ɪ r
kínverskt	cʰ i n v ɛ r̥ s k t
köst	kʰ œ s t
landmælingar	l a n t m a iː l i ŋ k a r
landsdóm	l a n t s t o uː m
langvinn	l a u ŋ k v ɪ nː
lava	l aː v a
leaf	l ɛː v
leeds	l ɛː t s
leiðist	l e iː ð ɪ s t
liza	l ɪː z a
liðnir	l ɪ ð n ɪ r
liðsmaður	l ɪ ð s m aː ð ʏ r
lyftistöng	l ɪ f t ɪ s t ø y ŋ k
lásum	l a uː s ʏ m
lékum	l j ɛː k ʏ m
lélegar	l j ɛː l ɛː ɣ a r
líkamshluta	l iː kʰ a m s l̥ ʏː t a
löt	l œː t
meginhluta	m e iː j ɪ n l̥ ʏː t a
meiningu	m e iː n i ŋ k ʏ
menningararf	m ɛ nː i ŋ k a r a r v
menningarheimum	m ɛ nː i ŋ k a r h e iː m ʏ m
millimetra	m ɪ t l ɪ m ɛː t r a
minningunni	m ɪ nː i ŋ k ʏ nː ɪ
miðfirði	m ɪ ð f ɪ r ð ɪ
morales	m ɔː r a l ɛː s
morgunverð	m ɔ r k ʏ n v ɛ r ð
málar	m a uː l a r
möguleikarnir	m œː ɣ ʏ l e iː k a r t n ɪ r
nautgripir	n ø yː t k r ɪː p ɪ r
neitandi	n e iː t a n t ɪ
neydd	n e i tː
neðansjávar	n ɛː ð a n s j a uː v a r
nils	n ɪ l s
norðurslóðir	n ɔ r ð ʏ r s t l o uː ð ɪ r
nyrðri	n ɪ r ð r ɪ
náungans	n a uː u ŋ k a n s
oddssyni	ɔ tː s s ɪː n ɪ
orkunni	ɔ r̥ k ʏ nː ɪ
ormum	ɔ r m ʏ m
pantanir	pʰ a n̥ t a n ɪ r
peru	pʰ ɛː r ʏ
prófað	pʰ r o uː v a ð
pólverja	pʰ o u l v ɛ r j a
reginald	r e iː j ɪ n a l t
rekum	r ɛː k ʏ m
reyðarfjarðar	r e iː ð a r f j a r ð a r
riðilsins	r ɪː ð ɪ l s ɪ n s
ruben	r ʏː p ɛː n
réttlætir	r j ɛ h t l a iː t ɪ r
rímar	r iː m a r
rúanda	r uː a n t a
sameinist	s aː m e iː n ɪ s t
samloku	s a m l ɔː k ʏ
samsýning	s a m s iː n i ŋ k
sannast	s a nː a s t
seilingar	s e iː l i ŋ k a r
selji	s ɛ l j ɪ
selárdal	s ɛː l a u r t aː l
sentimetra	s ɛ n̥ t ɪ m ɛː t r a
sevilla	s ɛː v ɪ t l a
silungsveiði	s ɪː l u ŋ k s v e iː ð ɪ
skakka	s k a h k a
skerpa	s c ɛ r̥ p a
skildinum	s c ɪ l t ɪ n ʏ m
skilmálar	s c ɪ l m a uː l a r
skoðaðu	s k ɔː ð a ð ʏ
skrúðgöngu	s k r u ð k ø y ŋ k ʏ
skuldinni	s k ʏ l t ɪ nː ɪ
skáldin	s k a u l t ɪ n
skörp	s k œ r̥ p
slátrun	s t l a uː t r ʏ n
sláturhús	s t l a uː t ʏ r h uː s
slöngur	s t l ø y ŋ k ʏ r
sníkjudýr	s t n iː c ʏ t iː r
sonarsonur	s ɔː n a r s ɔː n ʏ r
sorgin	s ɔ r c ɪ n
spin	s p ɪː n
sprengjuárás	s p r e i ɲ c ʏ a uː r a uː s
sprett	s p r ɛ h t
spunnið	s p ʏ nː ɪ ð
spöl	s p œː l
starfsferil	s t a r v s f ɛː r ɪ l
stars	s t a r̥ s
stofnsins	s t ɔ p n s ɪ n s
svima	s v ɪː m a
swift	s v ɪ f t
sálinni	s a uː l ɪ nː ɪ
sæju	s a iː j ʏ
sígarettu	s iː ɣ a r ɛ h t ʏ
sólarorku	s o uː l a r ɔ r̥ k ʏ
thing	tʰ i ŋ k
thunder	tʰ ʏ n t ɛ r
tilfinningaleg	tʰ ɪ l f ɪ nː i ŋ k a l ɛː ɣ
tilganginn	tʰ ɪ l k a u ɲ c ɪ n
tilkomið	tʰ ɪ l kʰ ɔː m ɪ ð
trúarlegu	tʰ r uː a r l ɛː ɣ ʏ
tæknimenn	tʰ a i h k n ɪ m ɛ nː
uppreisnarmönnum	ʏ h p r e i s t n a r m œ nː ʏ m
uppskriftina	ʏ h p s k r ɪ f t ɪ n a
valdatíð	v a l t a tʰ iː ð
value	v aː l ʏ ɛː
vegnar	v ɛ k n a r
velji	v ɛ l j ɪ
verdi	v ɛ r t ɪ
verkalýðsfélög	v ɛ r̥ k a l i ð s f j ɛː l œː ɣ
verslaði	v ɛ r̥ s t l aː ð ɪ
villutrú	v ɪ t l ʏ tʰ r uː
vinnuveitandi	v ɪ nː ʏ v e iː t a n t ɪ
vistarverur	v ɪ s t a r v ɛː r ʏ r
vörninni	v œ r t n ɪ nː ɪ
willow	v ɪ t l ɔ v
wolfsburg	v ɔ l v s p ʏ r k
working	v ɔ r̥ c i ŋ k
worth	v ɔ r̥ t
yfirhöndinni	ɪː v ɪ r h œ n t ɪ nː ɪ
yrðum	ɪ r ð ʏ m
ábyrgan	a uː p ɪ r k a n
ábyrgir	a uː p ɪ r c ɪ r
áreiðanlega	a uː r e iː ð a n l ɛː ɣ a
árlegar	a uː r l ɛː ɣ a r
áríðandi	a uː r iː ð a n t ɪ
ásetning	a uː s ɛ h t n i ŋ k
íhugun	iː h ʏː ɣ ʏ n
ívars	iː v a r̥ s
íþróttagreinar	iː θ r o u h t a k r e iː n a r
íþróttina	iː θ r o u h t ɪ n a
ógnvekjandi	o u k n v ɛː c a n t ɪ
ólöglegar	o uː l œ ɣ l ɛː ɣ a r
ónæmi	o uː n a iː m ɪ
ósköp	o uː s k œː p
ölgerðin	œ l c ɛ r ð ɪ n
öruggu	œː r ʏ kː ʏ
öryggismála	œː r ɪ cː ɪ s m a uː l a
öskrandi	œ s k r a n t ɪ
útborgun	uː t p ɔ r k ʏ n
þjóðhöfðingja	θ j o uː ð h œ v ð i ɲ c a
þurfir	θ ʏ r v ɪ r
þáttaröðin	θ a u h t a r œː ð ɪ n
þórbergur	θ o u r p ɛ r k ʏ r
þýðendur	θ iː ð ɛ n t ʏ r
amínósýra	aː m iː n o uː s iː r a
andvana	a n t v aː n a
appelsínur	a h p ɛ l s iː n ʏ r
auðveldast	ø y ð v ɛ l t a s t
aðgangs	a ð k a u ŋ k s
beindust	p e i n t ʏ s t
bersýnilega	p ɛ r̥ s iː n ɪ l ɛː ɣ a
beðin	p ɛː ð ɪ n
bikarsins	p ɪː k a r s ɪ n s
biluð	p ɪː l ʏ ð
birgisdóttir	p ɪ r c ɪ s t o u h t ɪ r
birtingarmynd	p ɪ r̥ t i ŋ k a r m ɪ n t
björgunarsveitir	p j œ r k ʏ n a r s v e iː t ɪ r
björtum	p j œ r̥ t ʏ m
bleikju	p l e iː c ʏ
bliss	p l ɪ sː
blómgast	p l o u m k a s t
blóðþrýsting	p l o u ð θ r i s t i ŋ k
bono	p ɔː n ɔ
breiðafjarðar	p r e iː ð a f j a r ð a r
brest	p r ɛ s t
breyttar	p r e i h t a r
brýnt	p r i n̥ t
byggðastofnun	p ɪ ɣ ð a s t ɔ p n ʏ n
bættri	p a i h t r ɪ
bókstaf	p o uː k s t aː v
bólur	p o uː l ʏ r
cadillac	kʰ aː t ɪ t l aː k
ci	s ɪː
coco	kʰ ɔː k ɔ
conference	kʰ ɔ n f ɛː r ɛ n s ɛ
dalasýslu	t aː l a s i s t l ʏ
dansaði	t a n s aː ð ɪ
date	t aː t ɛ
deildarforseti	t e i l t a r f ɔ r̥ s ɛː t ɪ
dettifoss	t ɛ h t ɪ f ɔ sː
dig	t ɪː ɣ
djúpan	t j uː pʰ a n
drepi	t r ɛː p ɪ
drepst	t r ɛ p s t
dvergarnir	t v ɛ r k a r t n ɪ r
dæmigerður	t a iː m ɪ c ɛ r ð ʏ r
dæturnar	t a iː t ʏ r t n a r
dýrkeypt	t i r̥ c e i f t
efnahagsmála	ɛ p n a h a x s m a uː l a
eilíf	e iː l iː v
einskorðast	e i n s k ɔ r ð a s t
einsöng	e i n s ø y ŋ k
eintaki	e i n tʰ aː c ɪ
eiturlyfja	e iː t ʏ r l ɪ v j a
eiða	e iː ð a
endurspegli	ɛ n t ʏ r s p ɛ k l ɪ
erfiðra	ɛ r v ɪ ð r a
ester	ɛ s t ɛ r
fagurlega	f aː ɣ ʏ r l ɛː ɣ a
fangaklefa	f a u ŋ k a kʰ l ɛː v a
farmi	f a r m ɪ
farsælan	f a r̥ s a iː l a n
fartölvur	f a r̥ tʰ œ l v ʏ r
farvegi	f a r v e iː j ɪ
fastri	f a s t r ɪ
faðmi	f a ð m ɪ
feitum	f e iː t ʏ m
fermingu	f ɛ r m i ŋ k ʏ
ferðalaginu	f ɛ r ð a l aː j ɪ n ʏ
ferðamannastaður	f ɛ r ð a m a nː a s t aː ð ʏ r
fetum	f ɛː t ʏ m
fiji	f ɪ iː j ɪ
fingurinn	f i ŋ k ʏ r ɪ nː
fjarlægum	f j a r l a iː ɣ ʏ m
fjármálakerfið	f j a u r m a uː l a cʰ ɛ r v ɪː ð
fjölgunin	f j œ l k ʏ n ɪ n
fjölnismenn	f j œ l n ɪ s m ɛ nː
fljótari	f l j o uː t a r ɪ
flokkaður	f l ɔ h k a ð ʏ r
flutningurinn	f l ʏ h t n i ŋ k ʏ r ɪ nː
flóttamaður	f l o u h t a m aː ð ʏ r
flúðum	f l uː ð ʏ m
forritsins	f ɔ rː ɪ t s ɪ n s
forsögu	f ɔ r̥ s œː ɣ ʏ
foxtrot	f ɔ k s t r ɔː t
framdráttar	f r a m t r a u h t a r
framsækin	f r a m s a iː c ɪ n
friðgeir	f r ɪ ð c e iː r
friðjón	f r ɪ ð j o uː n
fullkomnasta	f ʏ t l̥ kʰ ɔ m n a s t a
fullyrðir	f ʏ t l ɪ r ð ɪ r
fyr	f ɪː r
fyrirlestri	f ɪː r ɪ r l ɛ s t r ɪ
fæli	f a iː l ɪ
færar	f a iː r a r
færðust	f a i r ð ʏ s t
fíll	f i t l
gagnagrunni	k a k n a k r ʏ nː ɪ
ganganna	k a u ŋ k a nː a
garret	k a rː ɛː t
gersemar	c ɛ r̥ s ɛː m a r
glöð	k l œː ð
graf	k r aː v
graut	k r ø yː t
grátur	k r a uː t ʏ r
grímseyjar	k r i m s e iː j a r
grófa	k r o uː v a
guðnýjar	k v ʏ ð n iː j a r
gæðin	c a iː ð ɪ n
hafþór	h a v θ o uː r
hagfræðideild	h a x f r a iː ð ɪ t e i l t
hallað	h a t l a ð
handlegginn	h a n t l ɛ cː ɪ n
harðgerður	h a r ð c ɛ r ð ʏ r
hefða	h ɛ v ð a
hefðbundinnar	h ɛ v ð p ʏ n t ɪ nː a r
heilbrigðum	h e i l p r ɪ ɣ ð ʏ m
heilsugæslan	h e i l s ʏ c a i s t l a n
heimilistæki	h e iː m ɪ l ɪ s t a iː c ɪ
heimis	h e iː m ɪ s
heimshornum	h e i m s h ɔ r t n ʏ m
heimskur	h e i m s k ʏ r
heimsmeistaramót	h e i m s m e i s t a r a m o uː t
heiðraður	h e i ð r aː ð ʏ r
heiðursmerki	h e iː ð ʏ r s m ɛ r̥ c ɪ
hert	h ɛ r̥ t
hirði	h ɪ r ð ɪ
hjálmars	ç a u l m a r̥ s
hjólað	ç o uː l a ð
hjólinu	ç o uː l ɪː n ʏ
hjólreiða	ç o u l r e iː ð a
hljóðaði	l̥ j o uː ð a ð ɪ
hlutaðeigandi	l̥ ʏː t a ð e iː ɣ a n t ɪ
hollendingum	h ɔ t l ɛ n t i ŋ k ʏ m
holurnar	h ɔː l ʏ r t n a r
hrapaði	r̥ aː p a ð ɪ
hreysti	r̥ e i s t ɪ
hryðjuverka	r̥ ɪ ð j ʏ v ɛ r̥ k a
hugsanlegum	h ʏ x s a n l ɛː ɣ ʏ m
hussein	h ʏ sː e iː n
hvorttveggja	kʰ v ɔ r̥ t v ɛ cː a
háskólaráði	h a uː s k o uː l a r a uː ð ɪ
hástöfum	h a uː s t œː v ʏ m
hátíðleg	h a uː tʰ i ð l ɛː ɣ
hávarður	h a uː v a r ð ʏ r
hægum	h a iː ɣ ʏ m
hægðir	h a i ɣ ð ɪ r
héraðsdóm	ç ɛː r a ð s t o uː m
hótelum	h o uː tʰ ɛː l ʏ m
hörmulega	h œ r m ʏ l ɛː ɣ a
höttunum	h œ h t ʏ n ʏ m
ingvars	i ŋ k v a r̥ s
innanverðu	ɪ nː a n v ɛ r ð ʏ
iva	ɪː v a
jarðarbúa	j a r ð a r p uː a
jákvæður	j a uː kʰ v a iː ð ʏ r
jólasveinn	j o uː l a s v e i t n
jökulsár	j œː k ʏ l s a uː r
júli	j uː l ɪ
keppnisrétt	cʰ ɛ h p n ɪ s r j ɛ h t
ketil	cʰ ɛː t ɪ l
kindum	cʰ ɪ n t ʏ m
klasanum	kʰ l aː s a n ʏ m
klassík	kʰ l a sː iː k
krabbameinið	kʰ r a pː a m e iː n ɪ ð
krúttlegt	kʰ r u h t l ɛ x t
kynjajafnrétti	cʰ ɪ n j a j a p n r j ɛ h t ɪ
körfur	kʰ œ r v ʏ r
kúlurnar	kʰ uː l ʏ r t n a r
lagalegum	l aː ɣ a l ɛː ɣ ʏ m
lakari	l aː k a r ɪ
landvernd	l a n t v ɛ r n t
laumi	l ø yː m ɪ
laurel	l ø yː r ɛ l
legði	l ɛ ɣ ð ɪ
leikritum	l e iː k r ɪː t ʏ m
leiðara	l e iː ð a r a
lek	l ɛː k
leyndarmáli	l e i n t a r m a uː l ɪ
lichtenstein	l ɪ x t ɛ n s t e iː n
lifanda	l ɪː v a n t a
lippe	l ɪ h p ɛ
listamennirnir	l ɪ s t a m ɛ nː ɪ r t n ɪ r
ljóma	l j o uː m a
ljóta	l j o uː t a
ljóðsins	l j o u ð s ɪ n s
loftbelg	l ɔ f t p ɛ l k
loftárásir	l ɔ f t a uː r a uː s ɪ r
lot	l ɔː t
lyfleysu	l ɪ v l e iː s ʏ
látlaust	l a uː t l ø y s t
lækkuð	l a i h k ʏ ð
lærisveinar	l a iː r ɪ s v e iː n a r
léni	l j ɛː n ɪ
lífeyrissjóðs	l iː v e iː r ɪ s s j o u ð s
lífum	l iː v ʏ m
löglegur	l œ ɣ l ɛː ɣ ʏ r
lögmanna	l œ ɣ m a nː a
lögmálinu	l œ ɣ m a uː l ɪː n ʏ
mahatma	m aː h a h t m a
male	m aː l ɛ
manager	m aː n a c ɛː r
mannvirkjagerð	m a nː v ɪ r̥ c a c ɛ r ð
mansal	m a n s aː l
many	m aː n ɪ
markaðsverð	m a r̥ k a ð s v ɛ r ð
marvel	m a r v ɛː l
matarsóda	m aː t a r s o uː t a
meinti	m e i n̥ t ɪ
menningarheima	m ɛ nː i ŋ k a r h e iː m a
mild	m ɪ l t
milo	m ɪː l ɔ
misserin	m ɪ sː ɛː r ɪ n
miðborgarinnar	m ɪ ð p ɔ r k a r ɪ nː a r
mjólkin	m j o u l̥ c ɪ n
mjöli	m j œː l ɪ
myndefnið	m ɪ n t ɛ p n ɪ ð
myndmál	m ɪ n t m a uː l
mynstrið	m ɪ n s t r ɪː ð
mótmælendum	m o uː t m a iː l ɛ n t ʏ m
mömmur	m œ mː ʏ r
möppur	m œ h p ʏ r
nafnbótina	n a p n p o uː t ɪ n a
nautgripa	n ø yː t k r ɪː p a
niðurrif	n ɪː ð ʏ r r ɪː v
niðurskurð	n ɪː ð ʏ r s k ʏ r ð
nonna	n ɔ nː a
norðfjörð	n ɔ r ð f j œ r ð
number	n ʏ m p ɛː r
nálum	n a uː l ʏ m
námsgreinar	n a u m s k r e iː n a r
námunni	n a uː m ʏ nː ɪ
nánara	n a uː n a r a
nægjanlegt	n a iː j a n l ɛ x t
næstir	n a i s t ɪ r
níundu	n iː j ʏ n t ʏ
nýbreytni	n iː p r e i h t n ɪ
nýliðar	n iː l ɪː ð a r
nýlunda	n iː l ʏ n t a
patty	pʰ a h t ɪ
pauline	pʰ ø yː l ɪː n ɛ
pet	pʰ ɛː t
pressunni	pʰ r ɛ sː ʏ nː ɪ
prost	pʰ r ɔ s t
rai	r a iː
rangárvöllum	r a u ŋ k a u r v œ t l ʏ m
reiðar	r e iː ð a r
reri	r ɛː r ɪ
reykholt	r e iː k h ɔ l̥ t
rigningar	r ɪ k n i ŋ k a r
ruv	r ʏː v
ræðan	r a iː ð a n
rómantísk	r o uː m a n tʰ i s k
rúmmáli	r u mː a uː l ɪ
saltað	s a l̥ t a ð
salómons	s aː l o uː m ɔ n s
samhæfingu	s a m h a iː v i ŋ k ʏ
samræmast	s a m r a iː m a s t
samræmt	s a m r a i m̥ t
samþjöppun	s a m θ j œ h p ʏ n
sandurinn	s a n t ʏ r ɪ nː
sement	s ɛː m ɛ n̥ t
senu	s ɛː n ʏ
setjist	s ɛː t j ɪ s t
sim	s ɪː m
siv	s ɪː v
sjálfboðaliðum	s j a u l v p ɔː ð a l ɪː ð ʏ m
skatti	s k a h t ɪ
skemmdirnar	s c ɛ m t ɪ r t n a r
skerið	s c ɛː r ɪ ð
skift	s c ɪ f t
skilyrt	s c ɪː l ɪ r̥ t
skipverjum	s c ɪː p v ɛ r j ʏ m
skornir	s k ɔ r t n ɪ r
skoðaður	s k ɔː ð a ð ʏ r
skrásett	s k r a uː s ɛ h t
skríður	s k r iː ð ʏ r
skuggar	s k ʏ kː a r
skynjað	s c ɪ n j a ð
skútu	s k uː t ʏ
skýrari	s c iː r a r ɪ
sléttar	s t l j ɛ h t a r
smurt	s m ʏ r̥ t
snæ	s t n a iː
sprottin	s p r ɔ h t ɪ n
spurningakeppni	s p ʏ r t n i ŋ k a cʰ ɛ h p n ɪ
spurðist	s p ʏ r ð ɪ s t
starfrækja	s t a r f r a iː c a
starfsstöðvar	s t a r v s s t œ ð v a r
stay	s t a iː
staðbundnar	s t a ð p ʏ n t n a r
stjórnartíð	s t j o u r t n a r tʰ iː ð
stjórnvald	s t j o u r t n v a l t
streymdi	s t r e i m t ɪ
stráð	s t r a uː ð
strætisvagna	s t r a iː t ɪ s v a k n a
studdist	s t ʏ tː ɪ s t
stuðli	s t ʏ ð l ɪ
sundra	s ʏ n t r a
svig	s v ɪː ɣ
sviðs	s v ɪ ð s
sy	s ɪː
særst	s a i r̥ s t
sætari	s a iː t a r ɪ
sígilt	s iː j ɪ l̥ t
sólóplötu	s o uː l o uː pʰ l œː t ʏ
söndru	s œ n t r ʏ
söngkonu	s ø y ŋ k kʰ ɔː n ʏ
talsverðri	tʰ a l s v ɛ r ð r ɪ
teldist	tʰ ɛ l t ɪ s t
tengingin	tʰ e i ɲ c i ɲ c ɪ n
tengið	tʰ e i ɲ c ɪ ð
tertu	tʰ ɛ r̥ t ʏ
tilverunnar	tʰ ɪ l v ɛː r ʏ nː a r
tinto	tʰ ɪ n̥ t ɔ
tommur	tʰ ɔ mː ʏ r
trading	tʰ r aː t i ŋ k
truflað	tʰ r ʏ p l aː ð
trónir	tʰ r o uː n ɪ r
tvöfaldri	tʰ v œː v a l t r ɪ
tíkur	tʰ iː k ʏ r
umbreytingu	ʏ m p r e iː t i ŋ k ʏ
undirgangast	ʏ n t ɪ r k a u ŋ k a s t
unglingsaldri	u ŋ k l i ŋ k s a l t r ɪ
uppfærslum	ʏ h p f a i r̥ s t l ʏ m
uppistaða	ʏ h p ɪ s t aː ð a
upplýsandi	ʏ h p l iː s a n t ɪ
upplýsingakerfi	ʏ h p l iː s i ŋ k a cʰ ɛ r v ɪ
vafið	v aː v ɪ ð
vale	v aː l ɛ
vandaðar	v a n t aː ð a r
vanskil	v a n s c ɪː l
varnarmála	v a r t n a r m a uː l a
veitna	v e i h t n a
veiðisvæði	v e iː ð ɪ s v a iː ð ɪ
versnað	v ɛ r̥ s t n aː ð
verulegan	v ɛː r ʏ l ɛː ɣ a n
verðmætt	v ɛ r ð m a i h t
vic	v ɪː k
vindorku	v ɪ n t ɔ r̥ k ʏ
viðkvæmum	v ɪ ð kʰ v a iː m ʏ m
viðskiptalífinu	v ɪ ð s c ɪ f t a l iː v ɪ n ʏ
viðunandi	v ɪː ð ʏ n a n t ɪ
votlendis	v ɔː t l ɛ n t ɪ s
vár	v a uː r
vígtennur	v i x tʰ ɛ nː ʏ r
vörumerkið	v œː r ʏ m ɛ r̥ c ɪ ð
why	v ɪː
wiley	v ɪː l ɛ i̯
wittgenstein	v ɪ h t c ɛ n s t e iː n
áföll	a uː f œ t l
áhöldum	a uː h œ l t ʏ m
áletrun	a uː l ɛː t r ʏ n
álnir	a u l n ɪ r
álversins	a u l v ɛ r̥ s ɪ n s
ályktaði	a uː l ɪ x t aː ð ɪ
áreynslu	a uː r e i n s t l ʏ
ásmundi	a uː s m ʏ n t ɪ
ávarpaði	a uː v a r̥ p aː ð ɪ
ættleiðingar	a i h t l e iː ð i ŋ k a r
óháðum	o uː h a uː ð ʏ m
ójöfnuð	o uː j œ p n ʏ ð
ómars	o uː m a r̥ s
óttarr	o u h t a rː
óvin	o uː v ɪ n
óvirk	o uː v ɪ r̥ k
ölfusá	œ l v ʏ s a uː
ölpunum	œ l̥ p ʏː n ʏ m
öndvegi	œ n t v e iː j ɪ
öræfajökli	œː r a iː v a j œ h k l ɪ
útfært	uː t f a i r̥ t
útgerðarmenn	uː t c ɛ r ð a r m ɛ nː
útskrifuðust	uː t s k r ɪː v ʏ ð ʏ s t
þjappa	θ j a h p a
þjónustar	θ j o uː n ʏ s t a r
þjóðernishyggju	θ j o uː ð ɛ r t n ɪ s h ɪ cː ʏ
þjóðernum	θ j o uː ð ɛ r t n ʏ m
þjóðveg	θ j o u ð v ɛː ɣ
þorði	θ ɔ r ð ɪ
þrívídd	θ r iː v i tː
þyri	θ ɪː r ɪ
þáttaröðinni	θ a u h t a r œː ð ɪ nː ɪ
þéttni	θ j ɛ h t n ɪ
addi	a tː ɪ
algengasti	a l c e i ŋ k a s t ɪ
allavegana	a t l a v ɛː ɣ aː n a
andlegan	a n t l ɛː ɣ a n
asíska	aː s i s k a
aðlöguð	a ð l œː ɣ ʏ ð
bacon	p aː k ɔ n
barnlaus	p a r t n l ø yː s
basalt	p aː s a l̥ t
beinunum	p e iː n ʏ n ʏ m
belgar	p ɛ l k a r
bitur	p ɪː t ʏ r
bjöllum	p j œ t l ʏ m
borgarastyrjöld	p ɔ r k a r a s t ɪ r j œ l t
borgarbúum	p ɔ r k a r p uː ʏ m
bowen	p ɔː v ɛ n
brekkuna	p r ɛ h k ʏ n a
bremen	p r ɛː m ɛ n
brunnu	p r ʏ nː ʏ
bráðlega	p r a u ð l ɛː ɣ a
bræðranna	p r a i ð r a nː a
byggingarnar	p ɪ cː i ŋ k a r t n a r
clement	kʰ l ɛː m ɛ n̥ t
cullen	kʰ ʏ t l ɛ n
davidson	t aː v ɪ t s ɔː n
dirk	t ɪ r̥ k
discovery	t ɪ s k ɔː v ɛː r ɪ
doctor	t ɔ x t ɔ r
dularfull	t ʏː l a r f ʏ t l
eggertsdóttir	ɛ cː ɛ r̥ t s t o u h t ɪ r
einfaldir	e i n f a l t ɪ r
einhverntíman	e i n kʰ v ɛ r t n tʰ iː m a n
else	ɛ l s ɛ
evrópumálum	ɛ v r o uː p ʏ m a uː l ʏ m
fellibylurinn	f ɛ t l ɪ p ɪː l ʏ r ɪ nː
file	f ɪː l ɛ
fjöldans	f j œ l t a n s
fjörinu	f j œː r ɪ n ʏ
forystunni	f ɔː r ɪ s t ʏ nː ɪ
framrás	f r a m r a uː s
fransisco	f r a n s ɪ s k ɔ
front	f r ɔ n̥ t
frábærri	f r a uː p a i rː ɪ
fyrirsagnir	f ɪː r ɪ r s a k n ɪ r
förinni	f œː r ɪ nː ɪ
gangstétt	k a u ŋ k s t j ɛ h t
geirsdóttir	c e i r̥ s t o u h t ɪ r
geislavirkni	c e i s t l a v ɪ r̥ k n ɪ
geitur	c e iː t ʏ r
gnúpverjahreppi	k n uː p v ɛ r j a r̥ ɛ h p ɪ
grimmilega	k r ɪ mː ɪ l ɛː ɣ a
hale	h aː l ɛ
hallarinnar	h a t l a r ɪ nː a r
havel	h aː v ɛ l
heimspekilega	h e i m s p ɛː c ɪ l ɛː ɣ a
heimspekin	h e i m s p ɛː c ɪ n
heitins	h e iː t ɪ n s
helginni	h ɛ l c ɪ nː ɪ
hermt	h ɛ r m̥ t
hlekki	l̥ ɛ h c ɪ
hlemm	l̥ ɛ mː
hliða	l̥ ɪː ð a
homma	h ɔ mː a
hriflu	r̥ ɪ p l ʏ
hrikaleg	r̥ ɪː k a l ɛː ɣ
hrunamannahreppi	r̥ ʏː n a m a nː a r̥ ɛ h p ɪ
hut	h ʏː t
höldnu	h œ l t n ʏ
ingimundarson	i ɲ c ɪ m ʏ n t a r s ɔː n
iðrum	ɪ ð r ʏ m
joshua	j ɔː s h ʏː a
july	j ʏː l ɪ
jökulsárlón	j œː k ʏ l s a u r l o uː n
keep	cʰ ɛː p
keyrðu	cʰ e i r ð ʏ
klaus	kʰ l ø yː s
klukkurnar	kʰ l ʏ h k ʏ r t n a r
kodda	kʰ ɔ tː a
kolbein	kʰ ɔ l p e iː n
konungleg	kʰ ɔː n u ŋ k l ɛː ɣ
króata	kʰ r o uː aː t a
kvenfélag	kʰ v ɛ n f j ɛː l aː ɣ
kvikmyndahátíð	kʰ v ɪː k m ɪ n t a h a uː tʰ iː ð
kvikmyndirnar	kʰ v ɪː k m ɪ n t ɪ r t n a r
kölska	kʰ œ l s k a
köstum	kʰ œ s t ʏ m
lagafrumvörp	l aː ɣ a f r ʏ m v œ r̥ p
leikstjórar	l e i k s t j o uː r a r
leitandi	l e iː t a n t ɪ
leysum	l e iː s ʏ m
listamanninum	l ɪ s t a m a nː ɪ n ʏ m
log	l ɔː ɣ
lone	l ɔː n ɛ
lánsöm	l a u n s œː m
læs	l a iː s
löguð	l œː ɣ ʏ ð
maja	m a iː j a
malone	m aː l ɔː n ɛ
mannfólk	m a nː f o u l̥ k
matvöruverslun	m aː t v œː r ʏ v ɛ r̥ s t l ʏ n
megas	m ɛː ɣ a s
meistarapróf	m e i s t a r a pʰ r o uː v
mette	m ɛ h t ɛ
molum	m ɔː l ʏ m
myers	m ɪː ɛ r̥ s
myntum	m ɪ n̥ t ʏ m
mæting	m a iː t i ŋ k
nautgripum	n ø yː t k r ɪː p ʏ m
neiti	n e iː t ɪ
neyðst	n e i ð s t
norðurþing	n ɔ r ð ʏ r θ i ŋ k
nýtni	n i h t n ɪ
pari	pʰ aː r ɪ
parsons	pʰ a r̥ s ɔ n s
penn	pʰ ɛ nː
planinu	pʰ l aː n ɪ n ʏ
plágu	pʰ l a uː ʏ
prestarnir	pʰ r ɛ s t a r t n ɪ r
páskarnir	pʰ a u s k a r t n ɪ r
reich	r e iː ç
rithöfundum	r ɪː t h œː v ʏ n t ʏ m
ritverk	r ɪː t v ɛ r̥ k
riðlakeppni	r ɪ ð l a cʰ ɛ h p n ɪ
rofa	r ɔː v a
rolls	r ɔ l s
ruddist	r ʏ tː ɪ s t
rákum	r a uː k ʏ m
ræktaður	r a i x t aː ð ʏ r
ræðuna	r a iː ð ʏ n a
réttað	r j ɛ h t a ð
ríkar	r iː k a r
sakaðir	s aː k a ð ɪ r
sameindir	s aː m e i n t ɪ r
samfelldri	s a m f ɛ t l t r ɪ
second	s ɛː k ɔ n t
sigma	s ɪ ɣ m a
sigurför	s ɪː ɣ ʏ r f œː r
sinnis	s ɪ nː ɪ s
sjónvörp	s j o u n v œ r̥ p
sjúku	s j uː k ʏ
skildinga	s c ɪ l t i ŋ k a
skálds	s k a u l t s
smárason	s m a uː r a s ɔː n
sný	s t n iː
soft	s ɔ f t
sol	s ɔː l
spurja	s p ʏ r j a
steinsnar	s t e i n s t n a r
stjórnstöð	s t j o u r t n s t œː ð
stofnfundi	s t ɔ p n f ʏ n t ɪ
stoppað	s t ɔ h p a ð
stríðsmenn	s t r i ð s m ɛ nː
styttuna	s t ɪ h t ʏ n a
stæl	s t a iː l
stöfunum	s t œː v ʏ n ʏ m
stökki	s t œ h c ɪ
stöðuvatn	s t œː ð ʏ v a h t n
sumardagurinn	s ʏː m a r t aː ɣ ʏ r ɪ nː
summa	s ʏ mː a
svefns	s v ɛ p n s
syndin	s ɪ n t ɪ n
sálum	s a uː l ʏ m
súkkulaðið	s u h k ʏ l aː ð ɪ ð
tank	tʰ a u ŋ̊ k
tannlækni	tʰ a nː l a i h k n ɪ
tech	tʰ ɛː x
tegundarinnar	tʰ ɛː ɣ ʏ n t a r ɪ nː a r
tex	tʰ ɛ k s
think	tʰ i ŋ̊ k
tind	tʰ ɪ n t
trúarbrögðin	tʰ r uː a r p r œ ɣ ð ɪ n
tví	tʰ v iː
tóbaki	tʰ o uː p aː c ɪ
umm	ʏ mː
unun	ʏː n ʏ n
valdamikill	v a l t a m ɪː c ɪ t l
valens	v aː l ɛ n s
vanga	v a u ŋ k a
varúð	v aː r uː ð
veidd	v e i tː
verönd	v ɛː r œ n t
villum	v ɪ t l ʏ m
vinnufélaga	v ɪ nː ʏ f j ɛː l aː ɣ a
vitja	v ɪː t j a
vitro	v ɪː t r ɔ
vonlaus	v ɔ n l ø yː s
vélunum	v j ɛː l ʏ n ʏ m
vésteinn	v j ɛː s t e i t n
vísanir	v iː s aː n ɪ r
vítaspyrnukeppni	v iː t a s p ɪ r t n ʏ cʰ ɛ h p n ɪ
völundarhús	v œː l ʏ n t a r h uː s
wallis	v a t l ɪ s
yvonne	ɪː v ɔ nː ɛ
áhangendur	a uː h a u ŋ c ɛ n t ʏ r
áhrifavaldar	a uː r̥ ɪː v a v a l t a r
álftafirði	a u l̥ t a f ɪ r ð ɪ
ásar	a uː s a r
ásmund	a uː s m ʏ n t
áttað	a u h t a ð
áverkar	a uː v ɛ r̥ k a r
ættina	a i h t ɪ n a
ævintýrin	a iː v ɪ n tʰ iː r ɪ n
íraks	iː r a k s
írans	iː r a n s
ömmur	œ mː ʏ r
önundur	œː n ʏ n t ʏ r
öskrar	œ s k r a r
öskraði	œ s k r aː ð ɪ
þakin	θ aː c ɪ n
þjóðlega	θ j o u ð l ɛː ɣ a
þorvalds	θ ɔ r v a l t s
þunna	θ ʏ nː a
þörmum	θ œ r m ʏ m
þýðinga	θ iː ð i ŋ k a
aflans	a p l a n s
aftureldingu	a f t ʏ r ɛ l t i ŋ k ʏ
aldarfjórðung	a l t a r f j o u r ð u ŋ k
algilt	a l c ɪ l̥ t
alþingismanna	a l θ i ɲ c ɪ s m a nː a
andskoti	a n t s k ɔː t ɪ
arkitekta	a r̥ c ɪ tʰ ɛ x t a
armand	a r m a n t
arnarstapa	a r t n a r s t aː p a
arons	aː r ɔ n s
atvinnuleysis	aː t v ɪ nː ʏ l e iː s ɪ s
atvinnumenn	aː t v ɪ nː ʏ m ɛ nː
aðferðinni	a ð f ɛ r ð ɪ nː ɪ
aðstandenda	a ð s t a n t ɛ n t a
aðstæðurnar	a ð s t a iː ð ʏ r t n a r
bandaríkjaþings	p a n t a r iː c a θ i ŋ k s
bankastræti	p a u ŋ̊ k a s t r a iː t ɪ
barnakór	p a r t n a kʰ o uː r
barts	p a r̥ t s
bessastaði	p ɛ sː a s t aː ð ɪ
blanca	p l a u ŋ̊ k a
bologna	p ɔː l ɔ k n a
borgunum	p ɔ r k ʏ n ʏ m
born	p ɔ r t ⁽ʰ ⁾ n
boðaður	p ɔː ð a ð ʏ r
brennu	p r ɛ nː ʏ
breyttur	p r e i h t ʏ r
brody	p r ɔː t ɪ
brugðu	p r ʏ ɣ ð ʏ
bundist	p ʏ n t ɪ s t
burði	p ʏ r ð ɪ
byggðarinnar	p ɪ ɣ ð a r ɪ nː a r
bylgjan	p ɪ l c a n
bærum	p a iː r ʏ m
bólusetningu	p o uː l ʏ s ɛ h t n i ŋ k ʏ
carla	kʰ a r t l a
corp	kʰ ɔ r̥ p
dagskrár	t a x s k r a uː r
dagskrárgerð	t a x s k r a u r c ɛ r ð
ding	t i ŋ k
dreifðu	t r e i v ð ʏ
drep	t r ɛː p
dress	t r ɛ sː
dytti	t ɪ h t ɪ
dásamlegar	t a uː s a m l ɛː ɣ a r
efnahagshrunsins	ɛ p n a h a x s r̥ ʏ n s ɪ n s
efnasamsetningu	ɛ p n a s a m s ɛ h t n i ŋ k ʏ
efniviður	ɛ p n ɪ v ɪː ð ʏ r
eftirmaður	ɛ f t ɪ r m aː ð ʏ r
eftirmyndir	ɛ f t ɪ r m ɪ n t ɪ r
eftirspurnin	ɛ f t ɪ r s p ʏ r t n ɪ n
eftirsóttur	ɛ f t ɪ r s o u h t ʏ r
egginu	ɛ cː ɪ n ʏ
einblínir	e i n p l iː n ɪ r
einkafyrirtæki	e i ŋ k a f ɪː r ɪ r tʰ a iː c ɪ
einkennileg	e i n cʰ ɛ nː ɪ l ɛː ɣ
eldun	ɛ l t ʏ n
elliheimili	ɛ t l ɪ h e iː m ɪ l ɪ
elínu	ɛː l iː n ʏ
emilía	ɛː m ɪ l iː j a
erfir	ɛ r v ɪ r
erkibiskupsins	ɛ r̥ c ɪ p ɪ s k ʏ p s ɪ n s
est	ɛ s t
eyþórsson	e iː θ o u r̥ s s ɔː n
fallandi	f a t l a n t ɪ
fan	f aː n
fatlaðs	f aː t l a ð s
ferskum	f ɛ r̥ s k ʏ m
fjármálaeftirlitinu	f j a u r m a uː l a ɛ f t ɪ r l ɪː t ɪ n ʏ
fjölbreytileg	f j œ l p r e iː t ɪ l ɛː ɣ
fjöldanum	f j œ l t a n ʏ m
fjölmenni	f j œ l m ɛ nː ɪ
fjölmiðill	f j œ l m ɪː ð ɪ t l
fjölskyldumeðlimir	f j œ l s c ɪ l t ʏ m ɛ ð l ɪː m ɪ r
flata	f l aː t a
flugvélarnar	f l ʏ ɣ v j ɛː l a r t n a r
flækist	f l a iː c ɪ s t
flóki	f l o uː c ɪ
flóðum	f l o uː ð ʏ m
flýtti	f l i h t ɪ
forgjöf	f ɔ r c œː v
forsetakosningum	f ɔ r̥ s ɛː t a kʰ ɔ s t n i ŋ k ʏ m
forstöðumanns	f ɔ r̥ s t œː ð ʏ m a nː s
fortíðarinnar	f ɔ r̥ tʰ iː ð a r ɪ nː a r
framkvæmdin	f r a m kʰ v a i m t ɪ n
framleiðslufyrirtæki	f r a m l e i ð s t l ʏ f ɪː r ɪ r tʰ a iː c ɪ
freys	f r e iː s
friðrikssonar	f r ɪ ð r ɪ k s s ɔː n a r
frumherja	f r ʏ m h ɛ r j a
frumlegt	f r ʏ m l ɛ x t
frumsamið	f r ʏ m s aː m ɪː ð
fræðilegt	f r a iː ð ɪ l ɛ x t
fundarmenn	f ʏ n t a r m ɛ nː
fyrirliða	f ɪː r ɪ r l ɪː ð a
fyrirsætu	f ɪː r ɪ r s a iː t ʏ
fyrirsögn	f ɪː r ɪ r s œ k n
fátækustu	f a uː tʰ a iː k ʏ s t ʏ
fæðingarorlof	f a iː ð i ŋ k a r ɔ r l ɔː v
fæðunni	f a iː ð ʏ nː ɪ
fölskum	f œ l s k ʏ m
förgun	f œ r k ʏ n
fötluðum	f œ h t l ʏː ð ʏ m
gagnlegar	k a k n l ɛː ɣ a r
galt	k a l̥ t
garni	k a r t n ɪ
geranda	c ɛː r a n t a
geymsluþol	c e i m s t l ʏ θ ɔː l
gilinu	c ɪː l ɪː n ʏ
girt	c ɪ r̥ t
girðingu	c ɪ r ð i ŋ k ʏ
gjaldmiðlum	c a l t m ɪ ð l ʏ m
gjaldþrots	c a l t θ r ɔ h t s
glerið	k l ɛː r ɪ ð
grafnir	k r a p n ɪ r
greiðlega	k r e i ð l ɛː ɣ a
greta	k r ɛː t a
græddi	k r a i tː ɪ
grímuna	k r iː m ʏː n a
gróðursetja	k r o uː ð ʏ r s ɛː t j a
gunn	k ʏ nː
guðir	k v ʏː ð ɪ r
gíneu	c iː n ø yː
göllum	k œ t l ʏ m
gönguleiðin	k ø y ŋ k ʏ l e iː ð ɪ n
hagnýtri	h a k n iː t r ɪ
hagvexti	h a ɣ v ɛ k s t ɪ
handleggi	h a n t l ɛ cː ɪ
hausts	h ø y s t s
hegðar	h ɛ ɣ ð a r
heildsala	h e i l t s aː l a
heildsölu	h e i l t s œː l ʏ
hektor	h ɛ x t ɔ r
hellissandi	h ɛ t l ɪ s s a n t ɪ
hengdi	h e i ŋ t ɪ
heppnuð	h ɛ h p n ʏ ð
herjar	h ɛ r j a r
hildar	h ɪ l t a r
hjartardóttir	ç a r̥ t a r t o u h t ɪ r
hlusti	l̥ ʏ s t ɪ
hraust	r̥ ø y s t
hraðast	r̥ aː ð a s t
hreinsaður	r̥ e i n s aː ð ʏ r
hreppstjóri	r̥ ɛ h p s t j o uː r ɪ
hrifsa	r̥ ɪ f s a
hryggnum	r̥ ɪ kː n ʏ m
huldufólk	h ʏ l t ʏ f o u l̥ k
hundraði	h ʏ n t r aː ð ɪ
hvelli	kʰ v ɛ t l ɪ
hámarkshraða	h a uː m a r̥ k s r̥ aː ð a
hárra	h a u rː a
háskólanema	h a uː s k o uː l a n ɛː m a
hæfileikaríkur	h a iː v ɪ l e iː k a r iː k ʏ r
hó	h o uː
hómers	h o uː m ɛ r̥ s
hótunum	h o uː t ʏ n ʏ m
illi	ɪ t l ɪ
ingjaldur	i ɲ c a l t ʏ r
innanríkisráðuneytinu	ɪ nː a n r iː c ɪ s r a uː ð ʏ n e iː t ɪ n ʏ
innleiðing	ɪ nː l e iː ð i ŋ k
isk	ɪ s k
jafnmörg	j a p n m œ r k
jansen	j a n s ɛ n
juni	j ʏː n ɪ
jákvæðari	j a uː kʰ v a iː ð a r ɪ
jákvæðra	j a uː kʰ v a i ð r a
júl	j uː l
kappakstur	kʰ a h p a k s t ʏ r
kennslustundir	cʰ ɛ n s t l ʏ s t ʏ n t ɪ r
kerfisbundin	cʰ ɛ r v ɪ s p ʏ n t ɪ n
kjánalegt	cʰ a uː n a l ɛ x t
kjörorð	cʰ œː r ɔ r ð
klæðnað	kʰ l a i ð n a ð
klínískri	kʰ l iː n i s k r ɪ
knattspyrnustjóri	kʰ n a h t s p ɪ r t n ʏ s t j o uː r ɪ
knút	kʰ n uː t
ko	kʰ ɔː
kostnaðarsamt	kʰ ɔ s t n a ð a r s a m̥ t
krossgötum	kʰ r ɔ sː k œː t ʏ m
kröfuhafa	kʰ r œː v ʏ h aː v a
kröfunni	kʰ r œː v ʏ nː ɪ
kröfurnar	kʰ r œː v ʏ r t n a r
kunningjar	kʰ ʏ nː i ɲ c a r
kveðst	kʰ v ɛ ð s t
kvikmyndastjarna	kʰ v ɪː k m ɪ n t a s t j a r t n a
kóra	kʰ o uː r a
langjökli	l a u ŋ c œ h k l ɪ
lappir	l a h p ɪ r
laugardalshöllinni	l ø yː ɣ a r t a l s h œ t l ɪ nː ɪ
leary	l ɛː r ɪ
lego	l ɛː ɣ ɔ
lendur	l ɛ n t ʏ r
lengir	l e i ɲ c ɪ r
leyndarmálum	l e i n t a r m a uː l ʏ m
leynilegar	l e iː n ɪ l ɛː ɣ a r
lifrarbólgu	l ɪ v r a r p o u l k ʏ
linsur	l ɪ n s ʏ r
liðar	l ɪː ð a r
liðast	l ɪː ð a s t
liðlega	l ɪ ð l ɛː ɣ a
ljósinu	l j o uː s ɪː n ʏ
loftfar	l ɔ f t f aː r
lokaðar	l ɔː k a ð a r
lummur	l ʏ mː ʏ r
lykli	l ɪ h k l ɪ
læsir	l a iː s ɪ r
lélegri	l j ɛː l ɛ ɣ r ɪ
lélegum	l j ɛː l ɛː ɣ ʏ m
léna	l j ɛː n a
línunnar	l iː n ʏ nː a r
lögaðila	l œː ɣ a ð ɪː l a
madagaskar	m aː t a k a s k a r
mannslífa	m a nː s t l iː v a
markmiða	m a r̥ k m ɪː ð a
marlon	m a r l ɔː n
mass	m a sː
menningarminjar	m ɛ nː i ŋ k a r m ɪ n j a r
mentor	m ɛ n̥ t ɔ r
messuna	m ɛ sː ʏ n a
minjum	m ɪ n j ʏ m
miröndu	m ɪː r œ n t ʏ
miðaldra	m ɪː ð a l t r a
morgunmaturinn	m ɔ r k ʏ n m aː t ʏ r ɪ nː
munnlega	m ʏ nː l ɛː ɣ a
myndskeið	m ɪ n t s c e iː ð
málaflokka	m a uː l a f l ɔ h k a
málara	m a uː l a r a
málmum	m a u l m ʏ m
málverkin	m a u l v ɛ r̥ c ɪ n
mótmælunum	m o uː t m a iː l ʏ n ʏ m
möppu	m œ h p ʏ
nafngift	n a p n c ɪ f t
niðurhal	n ɪː ð ʏ r h aː l
norðursjó	n ɔ r ð ʏ r s j o uː
novak	n ɔː v aː k
nóbelsverðlaunin	n o uː p ɛ l s v ɛ r ð l ø yː n ɪ n
offitu	ɔ fː ɪː t ʏ
opinna	ɔː p ɪ nː a
opnuðust	ɔ h p n ʏ ð ʏ s t
orkufyrirtæki	ɔ r̥ k ʏ f ɪː r ɪ r tʰ a iː c ɪ
persónanna	pʰ ɛ r̥ s o uː n a nː a
pga	pʰ k aː
punjab	pʰ ʏ n j a p
páskadag	pʰ a u s k a t aː ɣ
rafrænu	r aː v r a iː n ʏ
raktar	r a x t a r
rangárþing	r a u ŋ k a u r θ i ŋ k
record	r ɛː k ɔ r t
ritgerðum	r ɪː t c ɛ r ð ʏ m
rokkið	r ɔ h c ɪ ð
rudy	r ʏː t ɪ
ræðunni	r a iː ð ʏ nː ɪ
rétthafa	r j ɛ h t h aː v a
ríkislögreglustjóri	r iː c ɪ s t l œ ɣ r ɛ k l ʏ s t j o uː r ɪ
rósar	r o uː s a r
róta	r o uː t a
röddinni	r œ tː ɪ nː ɪ
sambærilegra	s a m p a iː r ɪ l ɛ ɣ r a
sambærilegri	s a m p a iː r ɪ l ɛ ɣ r ɪ
sameiginlegs	s aː m e iː j ɪ n l ɛ k s
samneyti	s a m n e iː t ɪ
samskip	s a m s c ɪː p
samþykkta	s a m θ ɪ x t a
sandgerðis	s a n t c ɛ r ð ɪ s
sannleiksgildi	s a nː l e i k s c ɪ l t ɪ
segulband	s ɛː ɣ ʏ l p a n t
seljendur	s ɛ l j ɛ n t ʏ r
senur	s ɛː n ʏ r
shark	s h a r̥ k
sigurrós	s ɪː ɣ ʏ r r o uː s
sjálfbærrar	s j a u l v p a i rː a r
sjálfvirkar	s j a u l v v ɪ r̥ k a r
sjávarafurðum	s j a uː v a r a f ʏ r ð ʏ m
sjósókn	s j o uː s o u h k n
sjóðandi	s j o uː ð a n t ɪ
sjúklingarnir	s j uː k l i ŋ k a r t n ɪ r
skemmast	s c ɛ mː a s t
skemmtir	s c ɛ m̥ t ɪ r
skepnu	s c ɛ h p n ʏ
skipuleggjandi	s c ɪː p ʏ l ɛ cː a n t ɪ
skipverja	s c ɪː p v ɛ r j a
skrökva	s k r œː k v a
skurðaðgerðir	s k ʏ r ð a ð c ɛ r ð ɪ r
skyndi	s c ɪ n t ɪ
skákir	s k a uː c ɪ r
skíðasvæði	s c iː ð a s v a iː ð ɪ
skíðasvæðið	s c iː ð a s v a iː ð ɪ ð
skólamálum	s k o uː l a m a uː l ʏ m
skólastarf	s k o uː l a s t a r v
skólastigum	s k o uː l a s t ɪː ɣ ʏ m
slim	s t l ɪː m
slæman	s t l a iː m a n
slæst	s t l a i s t
snúru	s t n uː r ʏ
sorpi	s ɔ r̥ p ɪ
sort	s ɔ r̥ t
sos	s ɔː s
spegli	s p ɛ k l ɪ
spilandi	s p ɪː l a n t ɪ
spora	s p ɔː r a
starfshætti	s t a r v s h a i h t ɪ
starfsár	s t a r v s a uː r
staðalsins	s t aː ð a l s ɪ n s
steingrími	s t e i n k r iː m ɪ
stigahæsti	s t ɪː ɣ a h a i s t ɪ
stjórnarflokkanna	s t j o u r t n a r f l ɔ h k a nː a
stjórnarmyndun	s t j o u r t n a r m ɪ n t ʏ n
stjórnmálaflokkanna	s t j o u r t n m a uː l a f l ɔ h k a nː a
stjórnmálin	s t j o u r t n m a uː l ɪ n
stjórnskipunar	s t j o u r t n s c ɪː p ʏː n a r
stráknum	s t r a u h k n ʏ m
stundaður	s t ʏ n t aː ð ʏ r
styrktist	s t ɪ r̥ k t ɪ s t
stærðfræðinnar	s t a i r ð f r a iː ð ɪ nː a r
stéttar	s t j ɛ h t a r
stólar	s t o uː l a r
stúka	s t uː k a
stúlknanna	s t u l̥ k n a nː a
stýrið	s t iː r ɪ ð
svifryk	s v ɪ v r ɪː k
svipaðir	s v ɪː p a ð ɪ r
svövu	s v œː v ʏ
símun	s iː m ʏ n
síríus	s iː r i j ʏ s
sólarljósi	s o uː l a r l j o uː s ɪ
sölumaður	s œː l ʏ m aː ð ʏ r
söngleiknum	s ø y ŋ k l e i h k n ʏ m
tannlækningar	tʰ a nː l a i h k n i ŋ k a r
teikningarnar	tʰ e i h k n i ŋ k a r t n a r
tilboðinu	tʰ ɪ l p ɔː ð ɪ n ʏ
tildrög	tʰ ɪ l t r œː ɣ
tilfallandi	tʰ ɪ l f a t l a n t ɪ
tinu	tʰ ɪː n ʏ
tjaldstæði	tʰ j a l t s t a iː ð ɪ
tobbi	tʰ ɔ pː ɪ
togari	tʰ ɔː ɣ a r ɪ
tower	tʰ ɔː v ɛ r
trek	tʰ r ɛː k
treyju	tʰ r e iː j ʏ
trjánna	tʰ r j a u t n a
tryggingamálaráðherra	tʰ r ɪ cː i ŋ k a m a uː l a r a uː ð h ɛ rː a
tröppurnar	tʰ r œ h p ʏ r t n a r
tungur	tʰ u ŋ k ʏ r
tunnum	tʰ ʏ nː ʏ m
tvíbura	tʰ v iː p ʏː r a
tvíburarnir	tʰ v iː p ʏ r a r t n ɪ r
tvöföldun	tʰ v œː v œ l t ʏ n
tækisins	tʰ a iː c ɪ s ɪ n s
tímabundnar	tʰ iː m a p ʏ n t n a r
tóbaks	tʰ o uː p a k s
tómötum	tʰ o uː m œː t ʏ m
töfrar	tʰ œ v r a r
umdeildar	ʏ m t e i l t a r
umferðaröryggi	ʏ m f ɛ r ð a r œː r ɪ cː ɪ
umhugað	ʏ m h ʏː ɣ a ð
umsóknar	ʏ m s o u h k n a r
undanskilinni	ʏ n t a n s c ɪː l ɪ nː ɪ
undi	ʏ n t ɪ
upphæðir	ʏ h p h a iː ð ɪ r
upptækt	ʏ h p tʰ a i x t
valdbeitingu	v a l t p e iː t i ŋ k ʏ
vefir	v ɛː v ɪ r
veglega	v ɛ ɣ l ɛː ɣ a
veikum	v e iː k ʏ m
veislum	v e i s t l ʏ m
veitingastaðinn	v e iː t i ŋ k a s t aː ð ɪ n
vellir	v ɛ t l ɪ r
veraldlegum	v ɛː r a l t l ɛː ɣ ʏ m
verkalýðshreyfingarinnar	v ɛ r̥ k a l i ð s r̥ e iː v i ŋ k a r ɪ nː a r
veðurstofan	v ɛː ð ʏ r s t ɔː v a n
vilberg	v ɪ l p ɛ r k
viðloðandi	v ɪ ð l ɔː ð a n t ɪ
viðræðurnar	v ɪ ð r a iː ð ʏ r t n a r
viðskiptalífi	v ɪ ð s c ɪ f t a l iː v ɪ
vma	v m aː
vorra	v ɔ rː a
vottorð	v ɔ h t ɔ r ð
vélbúnaðar	v j ɛ l p uː n a ð a r
vörubíl	v œː r ʏ p iː l
weaver	v ɛː v ɛ r
weinstein	v e i n s t e iː n
were	v ɛː r ɛ
willum	v ɪ t l ʏ m
wine	v ɪː n ɛ
winnipeg	v ɪ nː ɪ pʰ ɛː ɣ
yfirforingi	ɪː v ɪ r f ɔː r i ɲ c ɪ
yfirlýsingum	ɪː v ɪ r l iː s i ŋ k ʏ m
áburðar	a uː p ʏ r ð a r
ákvörðunar	a uː kʰ v œ r ð ʏ n a r
áls	a u l s
áreiðanleika	a uː r e iː ð a n l e iː k a
ástríðu	a uː s t r iː ð ʏ
ástæðna	a uː s t a i ð n a
ástþór	a u s t θ o uː r
ávinning	a uː v ɪ nː i ŋ k
ávík	a uː v iː k
ættleitt	a i h t l e i h t
íslending	i s t l ɛ n t i ŋ k
ítalski	iː tʰ a l s c ɪ
ódýrum	o uː t iː r ʏ m
óhreinindum	o uː r̥ e iː n ɪ n t ʏ m
ólafsdal	o uː l a v s t aː l
ósennilegt	o uː s ɛ nː ɪ l ɛ x t
óð	o uː ð
öndina	œ n t ɪ n a
úrvali	u r v aː l ɪ
útboð	uː t p ɔː ð
útgeislun	uː t c e i s t l ʏ n
þemað	θ ɛː m a ð
þemu	θ ɛː m ʏ
þingflokksformaður	θ i ŋ k f l ɔ h k s f ɔ r m aː ð ʏ r
þjónustuna	θ j o uː n ʏ s t ʏː n a
þjóðríki	θ j o u ð r iː c ɪ
þormar	θ ɔ r m a r
þorsta	θ ɔ r̥ s t a
þrælahald	θ r a iː l a h a l t
þrýsti	θ r i s t ɪ
þónokkur	θ o uː n ɔ h k ʏ r
afkomenda	a v kʰ ɔː m ɛ n t a
allsherjarþingi	a t l s h ɛ r j a r θ i ɲ c ɪ
amd	a m t
andlitum	a n t l ɪː t ʏ m
askan	a s k a n
asnalegt	a s t n a l ɛ x t
austurlanda	ø y s t ʏ r l a n t a
bandamönnum	p a n t a m œ nː ʏ m
beckham	p ɛ h k h aː m
blóta	p l o uː t a
boltar	p ɔ l̥ t a r
bulli	p ʏ t l ɪ
byggðust	p ɪ ɣ ð ʏ s t
bæjaralandi	p a iː j a r a l a n t ɪ
bókmenntafélag	p o uː k m ɛ n̥ t a f j ɛː l aː ɣ
býlið	p iː l ɪ ð
crazy	kʰ r aː z ɪ
dansara	t a n s aː r a
deilna	t e i l n a
drifin	t r ɪː v ɪ n
eli	ɛː l ɪ
elís	ɛː l iː s
esja	ɛː s j a
evrópulanda	ɛ v r o uː p ʏ l a n t a
fangaði	f a u ŋ k aː ð ɪ
fel	f ɛː l
flyt	f l ɪː t
flöskunni	f l œ s k ʏ nː ɪ
fornleifafræðingur	f ɔ r t n l e iː v a f r a iː ð i ŋ k ʏ r
fyndi	f ɪ n t ɪ
færra	f a i rː a
genum	c ɛː n ʏ m
gerjast	c ɛ r j a s t
gildra	c ɪ l t r a
goðsagnir	k ɔ ð s a k n ɪ r
grímsdóttir	k r i m s t o u h t ɪ r
gunnsteinn	k ʏ nː s t e i t n
gyllt	c ɪ l̥ t
hallir	h a t l ɪ r
heimilisföng	h e iː m ɪ l ɪ s f ø y ŋ k
heimtaði	h e i m tʰ aː ð ɪ
hleyp	l̥ e iː p
hlöðu	l̥ œː ð ʏ
hnén	n̥ j ɛː n
hornauga	h ɔ r t n ø yː ɣ a
hröðun	r̥ œː ð ʏ n
hundunum	h ʏ n t ʏ n ʏ m
hönnuðu	h œ nː ʏ ð ʏ
húna	h uː n a
ilmar	ɪ l m a r
innöndun	ɪ nː œ n t ʏ n
jarðveginum	j a r ð v e iː j ɪ n ʏ m
kaþólskum	kʰ aː θ o u l s k ʏ m
keppinautum	cʰ ɛ h p ɪ n ø yː t ʏ m
keyrum	cʰ e iː r ʏ m
knúti	kʰ n uː t ɪ
konungum	kʰ ɔː n u ŋ k ʏ m
kunnuglegt	kʰ ʏ nː ʏ k l ɛ x t
kynslóðarinnar	cʰ ɪ n s t l o uː ð a r ɪ nː a r
landbúnaðarsvæði	l a n t p uː n a ð a r s v a iː ð ɪ
langflestar	l a u ŋ k f l ɛ s t a r
leigan	l e iː ɣ a n
lifna	l ɪ p n a
lætin	l a iː t ɪ n
marínó	m aː r iː n o uː
meistarans	m e i s t a r a n s
motor	m ɔː t ɔ r
nafnlaust	n a p n l ø y s t
nefnum	n ɛ p n ʏ m
norskri	n ɔ r̥ s k r ɪ
norskt	n ɔ r̥ s k t
nothæft	n ɔː t h a i f t
nægði	n a i ɣ ð ɪ
næm	n a iː m
reiddi	r e i tː ɪ
ríkra	r iː k r a
saklausu	s aː k l ø yː s ʏ
sería	s ɛː r i j a
serían	s ɛː r i aː n
seríuna	s ɛː r i j ʏː n a
skeljar	s c ɛ l j a r
skógarins	s k o uː a r ɪ n s
skúlasonar	s k uː l a s ɔː n a r
spillti	s p ɪ l̥ t ɪ
split	s p l ɪː t
spænskum	s p a i n s k ʏ m
stjórnskipun	s t j o u r t n s c ɪː p ʏ n
stofnstærð	s t ɔ p n s t a i r ð
stífar	s t iː v a r
stíflur	s t i p l ʏ r
stýrikerfinu	s t iː r ɪ cʰ ɛ r v ɪː n ʏ
sænskir	s a i n s c ɪ r
sólkerfið	s o u l̥ cʰ ɛ r v ɪː ð
sýkt	s i x t
tilsögn	tʰ ɪ l s œ k n
trygga	tʰ r ɪ kː a
tölvuleikir	tʰ œ l v ʏ l e iː c ɪ r
undarlegu	ʏ n t a r l ɛː ɣ ʏ
unu	ʏː n ʏ
upprunnin	ʏ h p r ʏ nː ɪ n
varnarmál	v a r t n a r m a uː l
wear	v ɛː r
áráttu	a uː r a u h t ʏ
ættað	a i h t a ð
ísaldar	iː s a l t a r
ísold	iː s ɔ l t
ógildir	o uː c ɪ l t ɪ r
óvinurinn	o uː v ɪː n ʏ r ɪ nː
öxlinni	œ k s l ɪ nː ɪ
útsölu	uː t s œː l ʏ
þjáðist	θ j a uː ð ɪ s t
adela	aː t ɛː l a
afgreiddi	a v k r e i tː ɪ
afleiður	a v l e iː ð ʏ r
afmá	a v m a uː
agnesi	a k n ɛː s ɪ
alheims	aː l h e i m s
almannaheill	a l m a nː a h e i t l
alpa	a l̥ p a
amos	aː m ɔː s
andstæðum	a n t s t a iː ð ʏ m
angra	a u ŋ k r a
animal	aː n ɪ m aː l
aqua	aː k v a
argos	a r k ɔː s
asísk	aː s i s k
aux	ø y k s
bandaríkjastjórnar	p a n t a r iː c a s t j o u r t n a r
barin	p aː r ɪ n
bauhaus	p ø yː h ø yː s
bindið	p ɪ n t ɪ ð
blönduós	p l œ n t ʏ o uː s
borgaralegum	p ɔ r k a r a l ɛː ɣ ʏ m
brabant	p r aː p a n̥ t
bragðbæta	p r a ɣ ð p a iː t a
breiðist	p r e iː ð ɪ s t
brink	p r i ŋ̊ k
buckingham	p ʏ h c i ŋ k h aː m
cid	s ɪː t
complete	kʰ ɔ m̥ p l ɛː t ɛ
dagsbirtu	t a x s p ɪ r̥ t ʏ
dakota	t aː kʰ ɔː t a
danaveldi	t aː n a v ɛ l t ɪ
devon	t ɛː v ɔ n
dimmum	t ɪ mː ʏ m
din	t ɪː n
djörf	t j œ r v
dragon	t r aː ɣ ɔ n
dufti	t ʏ f t ɪ
dug	t ʏː ɣ
dálitla	t a uː l ɪ h t l a
dótinu	t o uː t ɪː n ʏ
döpur	t œː p ʏ r
dúk	t uː k
eduard	ɛː t ʏ a r t
efnishyggju	ɛ p n ɪ s h ɪ cː ʏ
ekk	ɛ h k
elínborg	ɛː l i n p ɔ r k
erfða	ɛ r v ð a
ergo	ɛ r k ɔ
eri	ɛː r ɪ
farangri	f aː r a u ŋ k r ɪ
fasti	f a s t ɪ
fleygir	f l e iː j ɪ r
flokksmanna	f l ɔ h k s m a nː a
flottustu	f l ɔ h t ʏ s t ʏ
fornt	f ɔ r t n̥ t
forsendan	f ɔ r̥ s ɛ n t a n
framkvæmdavaldið	f r a m kʰ v a i m t a v a l t ɪ ð
franskan	f r a n s k a n
frelsisins	f r ɛ l s ɪ s ɪ n s
frystinum	f r ɪ s t ɪ n ʏ m
fræðirit	f r a iː ð ɪ r ɪː t
frömdu	f r œ m t ʏ
fullgild	f ʏ t l c ɪ l t
fullkomni	f ʏ t l̥ kʰ ɔ m n ɪ
fylgjendum	f ɪ l c ɛ n t ʏ m
fyrrasumar	f ɪ rː a s ʏː m a r
færustu	f a iː r ʏ s t ʏ
föllnu	f œ t l n ʏ
gagnrýnendum	k a k n r iː n ɛ n t ʏ m
gaulle	k ø y t l ɛ
girnilegt	c ɪ r t n ɪ l ɛ x t
gleðilega	k l ɛː ð ɪ l ɛː ɣ a
glæsilegar	k l a iː s ɪ l ɛː ɣ a r
grafreitur	k r aː v r e iː t ʏ r
granna	k r a nː a
grannar	k r a nː a r
greiðslustöðvun	k r e i ð s t l ʏ s t œ ð v ʏ n
grenjandi	k r ɛ n j a n t ɪ
grænlendinga	k r a i n l ɛ n t i ŋ k a
grískri	k r i s k r ɪ
guðirnir	k v ʏː ð ɪ r t n ɪ r
gígnum	c i k n ʏ m
gíslum	c i s t l ʏ m
hamrinum	h a m r ɪː n ʏ m
heilindum	h e iː l ɪ n t ʏ m
heimildaskrá	h e iː m ɪ l t a s k r a uː
heimkomuna	h e i m kʰ ɔː m ʏː n a
heimsmeistarakeppninni	h e i m s m e i s t a r a cʰ ɛ h p n ɪ nː ɪ
hindúa	h ɪ n t uː a
hinumegin	h ɪː n ʏ m ɛː j ɪ n
hjálpaðu	ç a u l̥ p aː ð ʏ
hnjánum	n̥ j a uː n ʏ m
hopper	h ɔ h p ɛ r
horror	h ɔ rː ɔ r
hrakið	r̥ aː c ɪ ð
hringið	r̥ i ɲ c ɪ ð
hugleitt	h ʏ ɣ l e i h t
hugsandi	h ʏ x s a n t ɪ
hurðin	h ʏ r ð ɪ n
hálfmánans	h a u l v m a uː n a n s
háska	h a u s k a
hátíðarhöld	h a uː tʰ iː ð a r h œ l t
háværari	h a uː v a iː r a r ɪ
hæfari	h a iː v a r ɪ
hæfustu	h a iː v ʏ s t ʏ
hæga	h a iː ɣ a
héldust	ç ɛ l t ʏ s t
höskuldsson	h œ s k ʏ l t s s ɔː n
hýðið	ç iː ð ɪ ð
indverjar	ɪ n t v ɛ r j a r
josef	j ɔː s ɛː v
jósefs	j o uː s ɛ f s
katharine	kʰ aː t h a r ɪː n ɛ
kfí	kʰ f iː
kjarri	cʰ a rː ɪ
klikka	kʰ l ɪ h k a
klikkað	kʰ l ɪ h k a ð
klæddu	kʰ l a i tː ʏ
klúbbum	kʰ l u pː ʏ m
komir	kʰ ɔː m ɪ r
konunganna	kʰ ɔː n u ŋ k a nː a
kristilega	kʰ r ɪ s t ɪ l ɛː ɣ a
kveiki	kʰ v e iː c ɪ
kíkti	cʰ i x t ɪ
kínverjum	cʰ i n v ɛ r j ʏ m
kópavog	kʰ o uː p a v ɔː ɣ
laurent	l ø yː r ɛ n̥ t
leikstjóranum	l e i k s t j o uː r a n ʏ m
lev	l ɛː v
leystist	l e i s t ɪ s t
lirfur	l ɪ r v ʏ r
listahátíðar	l ɪ s t a h a uː tʰ iː ð a r
litróf	l ɪː t r o uː v
liðsinnis	l ɪ ð s ɪ nː ɪ s
ludwig	l ʏː t v ɪː ɣ
lyfjafræðingur	l ɪ v j a f r a iː ð i ŋ k ʏ r
lágar	l a uː a r
léttast	l j ɛ h t a s t
líkamsleifar	l iː kʰ a m s l e iː v a r
líkti	l i x t ɪ
lögbergi	l œ ɣ p ɛ r c ɪ
magnast	m a k n a s t
mannkynssögunni	m a nː cʰ ɪ n s s œː ɣ ʏ nː ɪ
manson	m a n s ɔː n
mara	m aː r a
markahæsti	m a r̥ k a h a i s t ɪ
markaðsfræði	m a r̥ k a ð s f r a iː ð ɪ
massimo	m a sː ɪ m ɔ
metz	m ɛ h t s
morðinginn	m ɔ r ð i ɲ c ɪ n
mrs	m r̥ s
myndræn	m ɪ n t r a iː n
máttum	m a u h t ʏ m
nemendafélag	n ɛː m ɛ n t a f j ɛː l aː ɣ
niðurbroti	n ɪː ð ʏ r p r ɔː t ɪ
niðurlögum	n ɪː ð ʏ r l œː ɣ ʏ m
nordplus	n ɔ r t pʰ l ʏː s
normal	n ɔ r m aː l
norðanvert	n ɔ r ð a n v ɛ r̥ t
nægi	n a iː j ɪ
nægum	n a iː ɣ ʏ m
nærgætni	n a i r c a i h t n ɪ
nútímalegri	n uː tʰ iː m a l ɛ ɣ r ɪ
ofsa	ɔ f s a
orustu	ɔː r ʏ s t ʏ
pakistans	pʰ aː c ɪ s t a n s
parade	pʰ aː r a t ɛː
peck	pʰ ɛ h k
píanóið	pʰ iː j a n o uː ɪ ð
pútíns	pʰ uː tʰ i n s
rafeindir	r aː v e i n t ɪ r
regina	r e iː j ɪ n a
regni	r ɛ k n ɪ
riddararnir	r ɪ tː a r a r t n ɪ r
rifjast	r ɪ v j a s t
romeo	r ɔː m ɛː ɔ
rosaleg	r ɔː s a l ɛː ɣ
runnar	r ʏ nː a r
rásir	r a uː s ɪ r
ráðlagði	r a u ð l a ɣ ð ɪ
réttindin	r j ɛ h t ɪ n t ɪ n
réttra	r j ɛ h t r a
ríma	r iː m a
rímur	r iː m ʏ r
rúllar	r u t l a r
rúmmetrar	r u mː ɛː t r a r
rúsínur	r uː s iː n ʏ r
rýrt	r i r̥ t
samastað	s aː m a s t aː ð
samba	s a m p a
sannfært	s a nː f a i r̥ t
selmu	s ɛ l m ʏ
singh	s i ŋ k
sjáir	s j a uː ɪ r
skrifin	s k r ɪː v ɪ n
skuldirnar	s k ʏ l t ɪ r t n a r
skálinni	s k a uː l ɪ nː ɪ
skírast	s c iː r a s t
skömmtun	s k œ m̥ t ʏ n
slekkur	s t l ɛ h k ʏ r
slysförum	s t l ɪː s f œː r ʏ m
sofnar	s ɔ p n a r
sovéska	s ɔː v j ɛ s k a
sparks	s p a r̥ k s
spenntar	s p ɛ n̥ t a r
spilari	s p ɪː l a r ɪ
spreng	s p r e i ŋ k
sprengisandi	s p r e i ɲ c ɪ s a n t ɪ
springsteen	s p r i ŋ k s t ɛː n
spánverjum	s p a u n v ɛ r j ʏ m
steele	s t ɛː l ɛ
steiktu	s t e i x t ʏ
sterar	s t ɛː r a r
sterum	s t ɛː r ʏ m
stilli	s t ɪ t l ɪ
stjórnmálafræðingur	s t j o u r t n m a uː l a f r a iː ð i ŋ k ʏ r
streymdu	s t r e i m t ʏ
strái	s t r a uː ɪ
stríðum	s t r iː ð ʏ m
stukku	s t ʏ h k ʏ
stöddu	s t œ tː ʏ
störfin	s t œ r v ɪ n
sussex	s ʏ sː ɛ k s
svölu	s v œː l ʏ
sóknin	s o u h k n ɪ n
sögusvið	s œː ɣ ʏ s v ɪː ð
teiknar	tʰ e i h k n a r
teresu	tʰ ɛː r ɛː s ʏ
then	tʰ ɛː n
tripp	tʰ r ɪ h p
tónlistarlíf	tʰ o u n l ɪ s t a r l iː v
tölvutækni	tʰ œ l v ʏ tʰ a i h k n ɪ
töp	tʰ œː p
umlykja	ʏ m l ɪː c a
ummál	ʏ mː a uː l
umsátur	ʏ m s a uː t ʏ r
undirheimum	ʏ n t ɪ r h e iː m ʏ m
ungmennafélag	u ŋ k m ɛ nː a f j ɛː l aː ɣ
uppgefin	ʏ h p c ɛː v ɪ n
uppreisnar	ʏ h p r e i s t n a r
uppsveitum	ʏ h p s v e iː t ʏ m
uppvexti	ʏ h p v ɛ k s t ɪ
using	ʏː s i ŋ k
vafasama	v aː v a s aː m a
vandans	v a n t a n s
varanlegan	v aː r a n l ɛː ɣ a n
varnarliðsins	v a r t n a r l ɪ ð s ɪ n s
vatnsmýri	v a h t n s m iː r ɪ
veitingahúsi	v e iː t i ŋ k a h uː s ɪ
veiðast	v e iː ð a s t
verde	v ɛ r t ɛ
vesti	v ɛ s t ɪ
vinnst	v ɪ n s t
viðurnefni	v ɪː ð ʏ r n ɛ p n ɪ
voldemort	v ɔ l t ɛ m ɔ r̥ t
vægast	v a iː ɣ a s t
vísitölunnar	v iː s ɪ tʰ œː l ʏ nː a r
vötnunum	v œ h t n ʏ n ʏ m
wilkinson	v ɪ l̥ c ɪ n s ɔː n
willis	v ɪ t l ɪ s
yes	j ɛː s
yfirbuga	ɪː v ɪ r p ʏː ɣ a
zola	s ɔː l a
áhrifamesta	a uː r̥ ɪː v a m ɛ s t a
ákærum	a uː cʰ a iː r ʏ m
ánum	a uː n ʏ m
árita	a uː r ɪː t a
árásirnar	a uː r a uː s ɪ r t n a r
ásgríms	a uː s k r i m s
ástríkur	a uː s t r iː k ʏ r
ávinna	a uː v ɪ nː a
ættbálki	a i h t p a u l̥ c ɪ
ættleiddi	a i h t l e i tː ɪ
ævistarf	a iː v ɪ s t a r v
æxlun	a i k s t l ʏ n
æðisleg	a iː ð ɪ s t l ɛː ɣ
íhaldsflokksins	iː h a l t s f l ɔ h k s ɪ n s
írsk	i r̥ s k
íþróttagrein	iː θ r o u h t a k r e iː n
íþróttakennari	iː θ r o u h t a cʰ ɛ nː a r ɪ
óhrædd	o uː r̥ a i tː
öldurnar	œ l t ʏ r t n a r
öndverðum	œ n t v ɛ r ð ʏ m
öskunni	œ s k ʏ nː ɪ
þjáðst	θ j a u ð s t
þjóðlegum	θ j o u ð l ɛː ɣ ʏ m
þorbirni	θ ɔ r p ɪ r t n ɪ
þræl	θ r a iː l
þróunarlöndum	θ r o uː ʏ n a r l œ n t ʏ m
þröngan	θ r ø y ŋ k a n
þurftum	θ ʏ r̥ t ʏ m
þvotta	θ v ɔ h t a
þyrftum	θ ɪ r̥ t ʏ m
þök	θ œː k
abbott	a pː ɔ h t
afkoma	a v kʰ ɔː m a
alein	aː l e iː n
algera	a l c ɛː r a
alþýðusambandsins	a l θ iː ð ʏ s a m p a n t s ɪ n s
ambátt	a m p a u h t
andlegar	a n t l ɛː ɣ a r
annarskonar	a nː a r s k ɔː n a r
appelsínugult	a h p ɛ l s iː n ʏ k ʏ l̥ t
arabi	aː r a p ɪ
asnar	a s t n a r
ast	a s t
athugana	aː t h ʏː ɣ aː n a
atkvæðagreiðsluna	aː t kʰ v a iː ð a k r e i ð s t l ʏː n a
atkvæðisrétt	aː t kʰ v a iː ð ɪ s r j ɛ h t
audi	ø yː t ɪ
aukaefni	ø yː k a ɛ p n ɪ
aukum	ø yː k ʏ m
austfjarða	ø y s t f j a r ð a
auðlegð	ø y ð l ɛ ɣ ð
bakar	p aː k a r
barneignir	p a r t n e i k n ɪ r
beittar	p e i h t a r
beygjur	p e iː j ʏ r
beðnir	p ɛ ð n ɪ r
bjóðast	p j o uː ð a s t
bjöllunni	p j œ t l ʏ nː ɪ
blaðs	p l a ð s
bleki	p l ɛː c ɪ
blekkingu	p l ɛ h c i ŋ k ʏ
blettum	p l ɛ h t ʏ m
blokkir	p l ɔ h c ɪ r
blæðingum	p l a iː ð i ŋ k ʏ m
borgaralegu	p ɔ r k a r a l ɛː ɣ ʏ
borgarleikhússins	p ɔ r k a r l e iː k h u sː ɪ n s
borgaryfirvöld	p ɔ r k a r ɪː v ɪ r v œ l t
borgið	p ɔ r c ɪ ð
borun	p ɔː r ʏ n
brjóstakrabbamein	p r j o uː s t a kʰ r a pː a m e iː n
brjóti	p r j o uː t ɪ
bunny	p ʏ nː ɪ
buy	p ʏ iː
byggðarlög	p ɪ ɣ ð a r l œː ɣ
byrgi	p ɪ r c ɪ
byssan	p ɪ sː a n
bæjarráð	p a iː j a r r a uː ð
bíls	p i l s
bóga	p o uː a
bókstöfum	p o uː k s t œː v ʏ m
bóndans	p o u n t a n s
bóta	p o uː t a
búningurinn	p uː n i ŋ k ʏ r ɪ nː
cedar	s ɛː t a r
col	kʰ ɔː l
dafnað	t a p n a ð
dagatalinu	t aː ɣ a tʰ aː l ɪː n ʏ
davíðsdóttir	t aː v i ð s t o u h t ɪ r
delgado	t ɛ l k a t ɔ
demantar	t ɛː m a n̥ t a r
depurð	t ɛː p ʏ r ð
djúpinu	t j uː p ɪː n ʏ
drulla	t r ʏ t l a
dustin	t ʏ s t ɪ n
dæi	t a iː j ɪ
dómsmálaráðuneytinu	t o u m s m a uː l a r a uː ð ʏ n e iː t ɪ n ʏ
efasemdum	ɛː v a s ɛ m t ʏ m
eftirherma	ɛ f t ɪ r h ɛ r m a
eftirleiðis	ɛ f t ɪ r l e iː ð ɪ s
einangraðir	e iː n a u ŋ k r aː ð ɪ r
einbeiting	e i n p e iː t i ŋ k
eindæmum	e i n t a iː m ʏ m
einlægt	e i n l a i x t
elg	ɛ l k
elskhugi	ɛ l s k h ʏ iː j ɪ
elt	ɛ l̥ t
emmanuel	ɛ mː a n ʏ ɛː l
endanlegur	ɛ n t a n l ɛː ɣ ʏ r
endurmenntun	ɛ n t ʏ r m ɛ n̥ t ʏ n
endurupptöku	ɛ n t ʏ r ʏ h p tʰ œː k ʏ
enter	ɛ n̥ t ɛ r
erfiðasta	ɛ r v ɪː ð a s t a
erfðabreytt	ɛ r v ð a p r e i h t
euro	ø yː r ɔ
evrum	ɛ v r ʏ m
falskar	f a l s k a r
fatlaðir	f aː t l aː ð ɪ r
ferskar	f ɛ r̥ s k a r
ferðamála	f ɛ r ð a m a uː l a
ferðar	f ɛ r ð a r
festum	f ɛ s t ʏ m
finnir	f ɪ nː ɪ r
fjarlæg	f j a r l a iː ɣ
fjármuna	f j a u r m ʏː n a
fjármálastjóri	f j a u r m a uː l a s t j o uː r ɪ
fjöðrun	f j œ ð r ʏ n
flaskan	f l a s k a n
flot	f l ɔː t
flóttafólki	f l o u h t a f o u l̥ c ɪ
fornleifafræðinga	f ɔ r t n l e iː v a f r a iː ð i ŋ k a
fornleifarannsóknir	f ɔ r t n l e iː v a r a nː s o u h k n ɪ r
forráðamenn	f ɔ rː a uː ð a m ɛ nː
forsendurnar	f ɔ r̥ s ɛ n t ʏ r t n a r
forskrift	f ɔ r̥ s k r ɪ f t
framarar	f r aː m a r a r
franskri	f r a n s k r ɪ
friðuð	f r ɪː ð ʏ ð
frjálsrar	f r j a u l s r a r
frosta	f r ɔ s t a
frumvarps	f r ʏ m v a r̥ p s
frásögnina	f r a uː s œ k n ɪ n a
fréttaflutning	f r j ɛ h t a f l ʏ h t n i ŋ k
fréttamönnum	f r j ɛ h t a m œ nː ʏ m
fréttu	f r j ɛ h t ʏ
frýs	f r iː s
fulham	f ʏː l h aː m
fullgilt	f ʏ t l c ɪ l̥ t
fyrirfara	f ɪː r ɪ r f aː r a
fyrirliggjandi	f ɪː r ɪ r l ɪ cː a n t ɪ
félagsþjónustu	f j ɛː l a x s θ j o uː n ʏ s t ʏ
föðurnum	f œː ð ʏ r t n ʏ m
gagnagrunnum	k a k n a k r ʏ nː ʏ m
gagnrýndu	k a k n r i n t ʏ
gagnvirk	k a k n v ɪ r̥ k
gegndu	c ɛ k n t ʏ
geimflaug	c e i m f l ø yː ɣ
geneva	c ɛː n ɛː v a
gervihnetti	c ɛ r v ɪ n̥ ɛ h t ɪ
gervihnött	c ɛ r v ɪ n̥ œ h t
gerðuberg	c ɛ r ð ʏ p ɛ r k
geysilega	c e iː s ɪ l ɛː ɣ a
gildis	c ɪ l t ɪ s
gill	c ɪ t l
giovanni	c ɪː ɔ v a nː ɪ
gjörning	c œ r t n i ŋ k
gjörningur	c œ r t n i ŋ k ʏ r
gljáa	k l j a uː a
gotham	k ɔː t h aː m
grafískri	k r aː v i s k r ɪ
gregg	k r ɛ kː
greiningardeild	k r e iː n i ŋ k a r t e i l t
grær	k r a iː r
gufar	k ʏː v a r
gullfossi	k ʏ t l f ɔ sː ɪ
gunnhildi	k ʏ nː h ɪ l t ɪ
gyllta	c ɪ l̥ t a
hafnabolta	h a p n a p ɔ l̥ t a
hagað	h aː ɣ a ð
hallaði	h a t l a ð ɪ
handrita	h a n t r ɪː t a
handverks	h a n t v ɛ r̥ k s
heavy	h ɛː v ɪ
heildarmynd	h e i l t a r m ɪ n t
heildstæð	h e i l t s t a iː ð
heimar	h e iː m a r
heimilismenn	h e iː m ɪ l ɪ s m ɛ nː
hestamanna	h ɛ s t a m a nː a
hetjuna	h ɛː t j ʏ n a
heyrðust	h e i r ð ʏ s t
hirðar	h ɪ r ð a r
hliðinu	l̥ ɪː ð ɪ n ʏ
hliðstætt	l̥ ɪ ð s t a i h t
hljómsveitar	l̥ j o u m s v e iː t a r
hljóðfærum	l̥ j o u ð f a iː r ʏ m
hlíðina	l̥ iː ð ɪ n a
hlý	l̥ iː
hnefa	n̥ ɛː v a
hnefaleika	n̥ ɛː v a l e iː k a
hnekkt	n̥ ɛ x t
holiday	h ɔː l ɪ t a iː
hraðri	r̥ a ð r ɪ
hrekkjavaka	r̥ ɛ h c a v aː k a
hreyfanleika	r̥ e iː v a n l e iː k a
hringferð	r̥ i ŋ k f ɛ r ð
hrossa	r̥ ɔ sː a
hrossarækt	r̥ ɔ sː a r a i x t
hruninu	r̥ ʏː n ɪ n ʏ
hryllingi	r̥ ɪ t l i ɲ c ɪ
hrós	r̥ o uː s
hrósaði	r̥ o uː s aː ð ɪ
hugleiðing	h ʏ ɣ l e iː ð i ŋ k
hugleiðingum	h ʏ ɣ l e iː ð i ŋ k ʏ m
huglægt	h ʏ ɣ l a i x t
hugrakkur	h ʏ ɣ r a h k ʏ r
hvíldu	kʰ v i l t ʏ
háaleitisbraut	h a uː a l e iː t ɪ s p r ø yː t
hættið	h a i h t ɪ ð
hópanna	h o uː pʰ a nː a
höfundarrétt	h œː v ʏ n t a r r j ɛ h t
húsráð	h uː s r a uː ð
ing	i ŋ k
jaffa	j a fː a
jakkafötum	j a h k a f œː t ʏ m
jarðvarma	j a r ð v a r m a
jet	j ɛː t
juli	j ʏː l ɪ
jákvæðri	j a uː kʰ v a i ð r ɪ
kanti	kʰ a n̥ t ɪ
kanínu	kʰ aː n iː n ʏ
kat	kʰ aː t
kaupverðið	kʰ ø yː p v ɛ r ð ɪ ð
keflinu	cʰ ɛ p l ɪː n ʏ
keflvíkingar	cʰ ɛ p l v iː c i ŋ k a r
keðjur	cʰ ɛ ð j ʏ r
kjöraðstæður	cʰ œː r a ð s t a iː ð ʏ r
kjörtímabilsins	cʰ œ r̥ tʰ iː m a p ɪ l s ɪ n s
klassískur	kʰ l a sː i s k ʏ r
knock	kʰ n ɔ h k
koltvísýringi	kʰ ɔ l̥ t v iː s iː r i ɲ c ɪ
kormáks	kʰ ɔ r m a u k s
krabbi	kʰ r a pː ɪ
kveðjur	kʰ v ɛ ð j ʏ r
kvóti	kʰ v o uː t ɪ
kárahnjúka	kʰ a uː r a n̥ j uː k a
lagabreytingu	l aː ɣ a p r e iː t i ŋ k ʏ
laganámi	l aː ɣ a n a uː m ɪ
lagasetningar	l aː ɣ a s ɛ h t n i ŋ k a r
landeiganda	l a n t e iː ɣ a n t a
landgræðsla	l a n t k r a i ð s t l a
landnámu	l a n t n a uː m ʏ
lando	l a n t ɔ
landslög	l a n t s l œː ɣ
landsrétt	l a n t s r j ɛ h t
landsþingi	l a n t s θ i ɲ c ɪ
langflestum	l a u ŋ k f l ɛ s t ʏ m
langlífi	l a u ŋ k l iː v ɪ
langmestu	l a u ŋ k m ɛ s t ʏ
langvinna	l a u ŋ k v ɪ nː a
latex	l aː tʰ ɛ k s
leikarans	l e iː k a r a n s
leiðsagnar	l e i ð s a k n a r
lendingar	l ɛ n t i ŋ k a r
leynilegu	l e iː n ɪ l ɛː ɣ ʏ
listgreinar	l ɪ s t k r e iː n a r
ljósu	l j o uː s ʏ
lokaumferðinni	l ɔː k ø y m f ɛ r ð ɪ nː ɪ
losunar	l ɔː s ʏ n a r
luang	l ʏ a u ŋ k
lyfjafyrirtæki	l ɪ v j a f ɪː r ɪ r tʰ a iː c ɪ
lykilmaður	l ɪː c ɪ l m aː ð ʏ r
lykkjur	l ɪ h c ʏ r
lánstraust	l a u n s t r ø y s t
líkinu	l iː c ɪ n ʏ
líttu	l i h t ʏ
lóðina	l o uː ð ɪ n a
lögreglumann	l œ ɣ r ɛ k l ʏ m a nː
lögreglustjórans	l œ ɣ r ɛ k l ʏ s t j o uː r a n s
löndun	l œ n t ʏ n
mannlífi	m a nː l iː v ɪ
mannslíf	m a nː s t l iː v
markmiðin	m a r̥ k m ɪː ð ɪ n
melinda	m ɛː l ɪ n t a
menningarmálaráðuneytið	m ɛ nː i ŋ k a r m a uː l a r a uː ð ʏ n e iː t ɪ ð
menningarmálum	m ɛ nː i ŋ k a r m a uː l ʏ m
menningunni	m ɛ nː i ŋ k ʏ nː ɪ
menntavísindasviðs	m ɛ n̥ t a v iː s ɪ n t a s v ɪ ð s
mesa	m ɛː s a
millj	m ɪ l j
minninu	m ɪ nː ɪ n ʏ
misseri	m ɪ sː ɛː r ɪ
miðlungs	m ɪ ð l u ŋ k s
mjóafirði	m j o uː a f ɪ r ð ɪ
mjórri	m j o u rː ɪ
morten	m ɔ r̥ t ɛ n
mosfellsdal	m ɔː s f ɛ t l s t aː l
málþroska	m a u l θ r ɔ s k a
máttar	m a u h t a r
mælast	m a iː l a s t
míla	m iː l a
mótlæti	m o uː t l a iː t ɪ
mögulegan	m œː ɣ ʏ l ɛː ɣ a n
nasisti	n aː s ɪ s t ɪ
nico	n ɪː k ɔ
norðausturlandi	n ɔ r ð ø y s t ʏ r l a n t ɪ
null	n ʏ t l
námsbrautir	n a u m s p r ø yː t ɪ r
námsins	n a u m s ɪ n s
námsárangur	n a u m s a uː r a u ŋ k ʏ r
nána	n a uː n a
nýjunga	n iː j u ŋ k a
nýrum	n iː r ʏ m
oddnýju	ɔ tː n iː j ʏ
oddson	ɔ tː s ɔː n
ofangreindra	ɔː v a u ŋ k r e i n t r a
organista	ɔ r k a n ɪ s t a
orkubú	ɔ r̥ k ʏ p uː
orkuframleiðslu	ɔ r̥ k ʏ f r a m l e i ð s t l ʏ
orkugjöfum	ɔ r̥ k ʏ c œː v ʏ m
orkumál	ɔ r̥ k ʏ m a uː l
orkunnar	ɔ r̥ k ʏ nː a r
ostar	ɔ s t a r
pakkað	pʰ a h k a ð
pappa	pʰ a h p a
paulus	pʰ ø yː l ʏ s
pilla	pʰ ɪ t l a
plóg	pʰ l o uː
prestastefnu	pʰ r ɛ s t a s t ɛ p n ʏ
products	pʰ r ɔː t ʏ x t s
prófinu	pʰ r o uː v ɪː n ʏ
pussy	pʰ ʏ sː ɪ
píanóleik	pʰ iː j a n o uː l e iː k
pósti	pʰ o u s t ɪ
racing	r aː s i ŋ k
rafhlöðum	r a v l̥ œː ð ʏ m
rannsóknarefni	r a nː s o u h k n a r ɛ p n ɪ
rannveigu	r a nː v e iː ɣ ʏ
rasisma	r aː s ɪ s m a
raðaði	r aː ð a ð ɪ
refsingin	r ɛ f s i ɲ c ɪ n
refsivert	r ɛ f s ɪ v ɛ r̥ t
reiknaðar	r e i h k n aː ð a r
reikningum	r e i h k n i ŋ k ʏ m
rekkju	r ɛ h c ʏ
reykjavíkurflugvöll	r e iː c a v iː k ʏ r f l ʏ ɣ v œ t l
riddarans	r ɪ tː a r a n s
ritlist	r ɪː t l ɪ s t
rokki	r ɔ h c ɪ
roses	r ɔː s ɛː s
royce	r ɔ iː s ɛ
ruglinu	r ʏ k l ɪː n ʏ
ríkissjónvarpsins	r iː c ɪ s s j o u n v a r̥ p s ɪ n s
samfylkingu	s a m f ɪ l̥ c i ŋ k ʏ
samhjálp	s a m ç a u l̥ p
samkeppnin	s a m cʰ ɛ h p n ɪ n
samráðs	s a m r a u ð s
samræmist	s a m r a iː m ɪ s t
samstarfsvettvangur	s a m s t a r v s v ɛ h t v a u ŋ k ʏ r
samþættingu	s a m θ a i h t i ŋ k ʏ
sang	s a u ŋ k
say	s a iː
seig	s e iː ɣ
sendiráðsins	s ɛ n t ɪ r a u ð s ɪ n s
ses	s ɛː s
seta	s ɛː t a
siglufjörður	s ɪ k l ʏ f j œ r ð ʏ r
sinnið	s ɪ nː ɪ ð
sins	s ɪ n s
siðferðileg	s ɪ ð f ɛ r ð ɪ l ɛː ɣ
siðferðis	s ɪ ð f ɛ r ð ɪ s
sjálfbærar	s j a u l v p a iː r a r
sjávarsíðuna	s j a uː v a r s iː ð ʏ n a
sjóvár	s j o uː v a uː r
skammir	s k a mː ɪ r
skartgripum	s k a r̥ t k r ɪː p ʏ m
skerðingu	s c ɛ r ð i ŋ k ʏ
skifta	s c ɪ f t a
skilyrðið	s c ɪː l ɪ r ð ɪ ð
skinnið	s c ɪ nː ɪ ð
skordýrum	s k ɔ r t iː r ʏ m
skrauti	s k r ø yː t ɪ
skógræktarinnar	s k o uː k r a i x t a r ɪ nː a r
slæmrar	s t l a i m r a r
smásala	s m a uː s aː l a
snerpu	s t n ɛ r̥ p ʏ
sola	s ɔː l a
sorginni	s ɔ r c ɪ nː ɪ
sparað	s p aː r a ð
stakir	s t aː c ɪ r
starfsmanns	s t a r v s m a nː s
steinsteypt	s t e i n s t e i f t
stellingu	s t ɛ t l i ŋ k ʏ
stimpla	s t ɪ m̥ p l a
stjórnarráð	s t j o u r t n a r r a uː ð
stjórnarráðsins	s t j o u r t n a r r a u ð s ɪ n s
stjórnkerfið	s t j o u r t n cʰ ɛ r v ɪː ð
stjórnlaust	s t j o u r t n l ø y s t
stjórnmálaflokki	s t j o u r t n m a uː l a f l ɔ h c ɪ
stofnfélagar	s t ɔ p n f j ɛː l aː ɣ a r
stranga	s t r a u ŋ k a
strætisvagni	s t r a iː t ɪ s v a k n ɪ
stundarinnar	s t ʏ n t a r ɪ nː a r
stundi	s t ʏ n t ɪ
styrkþegi	s t ɪ r̥ k θ e iː j ɪ
styðji	s t ɪ ð j ɪ
stækkunar	s t a i h k ʏ n a r
stærðinni	s t a i r ð ɪ nː ɪ
stökkbreytingar	s t œ h k p r e iː t i ŋ k a r
stökkt	s t œ x t
stýringu	s t iː r i ŋ k ʏ
sunnudagurinn	s ʏ nː ʏ t aː ɣ ʏ r ɪ nː
sveigjanlegur	s v e iː j a n l ɛː ɣ ʏ r
sveinar	s v e iː n a r
sveitarfélögunum	s v e iː t a r f j ɛː l œː ɣ ʏ n ʏ m
svipmyndir	s v ɪː p m ɪ n t ɪ r
svolitlu	s v ɔː l ɪ h t l ʏ
svína	s v iː n a
sættum	s a i h t ʏ m
sætuefni	s a iː t ʏ ɛ p n ɪ
sérkennslu	s j ɛ r̥ cʰ ɛ n s t l ʏ
síbs	s i p s
síur	s iː ʏ r
sólríkum	s o u l r iː k ʏ m
söguþráð	s œː ɣ ʏ θ r a uː ð
sýningarnar	s iː n i ŋ k a r t n a r
taflfélag	tʰ a p l f j ɛː l aː ɣ
tammy	tʰ a mː ɪ
taps	tʰ a p s
tengil	tʰ e i ɲ c ɪ l
thule	tʰ ʏː l ɛ
tilfærslu	tʰ ɪ l f a i r̥ s t l ʏ
tilveran	tʰ ɪ l v ɛː r a n
tinnu	tʰ ɪ nː ʏ
tjáningar	tʰ j a uː n i ŋ k a r
toro	tʰ ɔː r ɔ
total	tʰ ɔː tʰ aː l
traustum	tʰ r ø y s t ʏ m
tryggingastofnun	tʰ r ɪ cː i ŋ k a s t ɔ p n ʏ n
tryggður	tʰ r ɪ ɣ ð ʏ r
tvennar	tʰ v ɛ nː a r
tónlistaratriði	tʰ o u n l ɪ s t a r a tʰ r ɪː ð ɪ
tóta	tʰ o uː t a
umrætt	ʏ m r a i h t
umræðuna	ʏ m r a iː ð ʏ n a
undarlegur	ʏ n t a r l ɛː ɣ ʏ r
upplýsir	ʏ h p l iː s ɪ r
uppsala	ʏ h p s aː l a
uppsprettur	ʏ h p s p r ɛ h t ʏ r
valmöguleika	v a l m œː ɣ ʏ l e iː k a
veggspjöld	v ɛ kː s p j œ l t
veigamiklu	v e iː ɣ a m ɪ h k l ʏ
veiðimönnum	v e iː ð ɪ m œ nː ʏ m
velferðarkerfi	v ɛ l f ɛ r ð a r cʰ ɛ r v ɪ
veraldleg	v ɛː r a l t l ɛː ɣ
verkanna	v ɛ r̥ k a nː a
verkefnastjórnun	v ɛ r̥ c ɛ p n a s t j o u r t n ʏ n
verslar	v ɛ r̥ s t l a r
verðlagningu	v ɛ r ð l a k n i ŋ k ʏ
verðmætari	v ɛ r ð m a iː t a r ɪ
vestmannaeyjabær	v ɛ s t m a nː a e iː j a p a iː r
vetrarins	v ɛː t r a r ɪ n s
veðurstofunnar	v ɛː ð ʏ r s t ɔː v ʏ nː a r
vinsælla	v ɪ n s a i t l a
virknin	v ɪ r̥ k n ɪ n
viðarsdóttir	v ɪː ð a r s t o u h t ɪ r
viðmiðum	v ɪ ð m ɪː ð ʏ m
viðmiðun	v ɪ ð m ɪː ð ʏ n
viðmælanda	v ɪ ð m a iː l a n t a
viðskiptabanka	v ɪ ð s c ɪ f t a p a u ŋ̊ k a
viðskiptaráð	v ɪ ð s c ɪ f t a r a uː ð
viðtekin	v ɪ ð tʰ ɛː c ɪ n
viðurkennda	v ɪː ð ʏ r cʰ ɛ n t a
váru	v a uː r ʏ
vægari	v a iː ɣ a r ɪ
vært	v a i r̥ t
vígstöðvum	v i x s t œ ð v ʏ m
vígvelli	v i ɣ v ɛ t l ɪ
vínyl	v iː n ɪː l
vísindalegt	v iː s ɪ n t a l ɛ x t
vörubíla	v œː r ʏ p iː l a
waldo	v a l t ɔ
wheel	v iː l
yfirbyggingu	ɪː v ɪ r p ɪ cː i ŋ k ʏ
yfirgangi	ɪː v ɪ r k a u ɲ c ɪ
yfirhöfuð	ɪː v ɪ r h œː v ʏ ð
áburði	a uː p ʏ r ð ɪ
áhrifavalda	a uː r̥ ɪː v a v a l t a
áhrifavaldur	a uː r̥ ɪː v a v a l t ʏ r
ákært	a uː cʰ a i r̥ t
árása	a uː r a uː s a
áss	a u sː
éti	j ɛː t ɪ
óeðlilega	o uː ɛ ð l ɪ l ɛː ɣ a
ógerlegt	o uː c ɛ r l ɛ x t
ógnin	o u k n ɪ n
óhöpp	o uː h œ h p
ójafnvægi	o uː j a p n v a iː j ɪ
ókleift	o uː k l e i f t
óleyst	o uː l e i s t
ómögulega	o uː m œː ɣ ʏ l ɛː ɣ a
ósi	o uː s ɪ
óumdeilt	o uː ʏ m t e i l̥ t
öfgar	œ v k a r
öruggasta	œː r ʏ kː a s t a
örvum	œ r v ʏ m
örófi	œː r o uː v ɪ
úlfalda	u l v a l t a
úrkoman	u r̥ kʰ ɔː m a n
útgefnu	uː t c ɛ p n ʏ
útvarpsstjóri	uː t v a r̥ p s s t j o uː r ɪ
þeyta	θ e iː t a
þiggur	θ ɪ kː ʏ r
þjófnaði	θ j o u p n aː ð ɪ
þjóðgarða	θ j o u ð k a r ð a
þroskaþjálfi	θ r ɔ s k a θ j a u l v ɪ
þröngu	θ r ø y ŋ k ʏ
þungan	θ u ŋ k a n
þyngdar	θ i ŋ t a r
þægilega	θ a iː j ɪ l ɛː ɣ a
þúfur	θ uː v ʏ r
þýddur	θ i tː ʏ r
afrika	a v r ɪː k a
aftengja	a f t e i ɲ c a
akra	aː k r a
almennileg	a l m ɛ nː ɪ l ɛː ɣ
andstaðan	a n t s t aː ð a n
atkvæðagreiðslunnar	aː t kʰ v a iː ð a k r e i ð s t l ʏ nː a r
aðalbjörg	aː ð a l p j œ r k
bangladess	p a u ŋ k l a t ɛ sː
bei	p e iː
blindni	p l ɪ n t n ɪ
blund	p l ʏ n t
boðinu	p ɔː ð ɪ n ʏ
bragðefni	p r a ɣ ð ɛ p n ɪ
breytu	p r e iː t ʏ
cell	s ɛ t l
dagblaðsins	t a ɣ p l a ð s ɪ n s
dapur	t aː p ʏ r
deigi	t e iː j ɪ
dortmund	t ɔ r̥ t m ʏ n t
draumnum	t r ø y m n ʏ m
einbeitti	e i n p e i h t ɪ
eldgosi	ɛ l t k ɔː s ɪ
eldum	ɛ l t ʏ m
every	ɛː v ɛː r ɪ
february	f ɛː p r ʏ aː r ɪ
fimleikum	f ɪ m l e iː k ʏ m
finland	f ɪ n l a n t
fiskimið	f ɪ s c ɪ m ɪː ð
fjármagnar	f j a u r m a k n a r
flaggað	f l a kː a ð
flykkjast	f l ɪ h c a s t
forsetakosningar	f ɔ r̥ s ɛː t a kʰ ɔ s t n i ŋ k a r
forystumönnum	f ɔː r ɪ s t ʏ m œ nː ʏ m
framsækna	f r a m s a i h k n a
frelsað	f r ɛ l s aː ð
geirvörtur	c e i r v œ r̥ t ʏ r
hafliðason	h a p l ɪː ð a s ɔː n
hamburg	h a m p ʏ r k
helmut	h ɛ l m ʏː t
herþjónustu	h ɛ r θ j o uː n ʏ s t ʏ
hlutlausa	l̥ ʏː t l ø yː s a
hlöðum	l̥ œː ð ʏ m
iðunni	ɪː ð ʏ nː ɪ
kaffisopa	kʰ a fː ɪ s ɔː p a
kletta	kʰ l ɛ h t a
klofnaði	kʰ l ɔ p n a ð ɪ
krýndur	kʰ r i n t ʏ r
kvennalandsliðið	kʰ v ɛ nː a l a n t s t l ɪː ð ɪ ð
kólnaði	kʰ o u l n aː ð ɪ
landsbókasafn	l a n t s p o uː k a s a p n
langoftast	l a u ŋ k ɔ f t a s t
langstökki	l a u ŋ k s t œ h c ɪ
leikmanns	l e iː k m a nː s
lumpur	l ʏ m̥ p ʏ r
læki	l a iː c ɪ
lóu	l o uː ʏ
mannanöfn	m a nː a n œ p n
mannvirkið	m a nː v ɪ r̥ c ɪ ð
miljón	m ɪ l j o uː n
miðborgar	m ɪ ð p ɔ r k a r
málaferli	m a uː l a f ɛ r t l ɪ
nafnsins	n a p n s ɪ n s
njörður	n j œ r ð ʏ r
noise	n ɔ iː s ɛ
notfært	n ɔː t f a i r̥ t
nytu	n ɪː t ʏ
náir	n a uː ɪ r
nöglum	n œ k l ʏ m
pilturinn	pʰ ɪ l̥ t ʏ r ɪ nː
progress	pʰ r ɔː k r ɛ sː
pylsu	pʰ ɪ l s ʏ
rassinum	r a sː ɪ n ʏ m
rauðri	r ø y ð r ɪ
reddast	r ɛ tː a s t
results	r ɛː s ʏ l̥ t s
ríkisborgurum	r iː c ɪ s p ɔ r k ʏ r ʏ m
ríkissjónvarpið	r iː c ɪ s s j o u n v a r̥ p ɪː ð
saklausir	s aː k l ø yː s ɪ r
sambandsríki	s a m p a n t s r iː c ɪ
samherjar	s a m h ɛ r j a r
sankti	s a u ŋ̊ k t ɪ
sarajevo	s aː r a j ɛː v ɔ
seka	s ɛː k a
sendiráði	s ɛ n t ɪ r a uː ð ɪ
skilgreindi	s c ɪ l k r e i n t ɪ
skottinu	s k ɔ h t ɪ n ʏ
skáldsögunni	s k a u l t s œː ɣ ʏ nː ɪ
slagorðið	s t l aː ɣ ɔ r ð ɪ ð
slakar	s t l aː k a r
smjörlíki	s m j œ r l iː c ɪ
smæstu	s m a i s t ʏ
snertiskjá	s t n ɛ r̥ t ɪ s c a uː
snúðu	s t n uː ð ʏ
sokkið	s ɔ h c ɪ ð
spendýra	s p ɛ n t iː r a
spyrð	s p ɪ r ð
stigahæstu	s t ɪː ɣ a h a i s t ʏ
sunnanvert	s ʏ nː a n v ɛ r̥ t
svæðanna	s v a iː ð a nː a
sópran	s o uː p r aː n
söm	s œː m
theresu	tʰ ɛː r ɛː s ʏ
tindastól	tʰ ɪ n t a s t o uː l
tortíma	tʰ ɔ r̥ tʰ iː m a
trafford	tʰ r a fː ɔ r t
tvíburar	tʰ v iː p ʏː r a r
tvískiptur	tʰ v iː s c ɪ f t ʏ r
tært	tʰ a i r̥ t
tónleikaferðalag	tʰ o u n l e iː k a f ɛ r ð a l aː ɣ
ungarnir	u ŋ k a r t n ɪ r
uppgang	ʏ h p k a u ŋ k
uppörvandi	ʏ h p œ r v a n t ɪ
varalit	v aː r a l ɪː t
vesturheimi	v ɛ s t ʏ r h e iː m ɪ
vindhraði	v ɪ n t r̥ aː ð ɪ
volta	v ɔ l̥ t a
vífill	v iː v ɪ t l
yfirtekið	ɪː v ɪ r tʰ ɛː c ɪ ð
ábyrgst	a uː p ɪ r k s t
áratugur	a uː r a tʰ ʏː ɣ ʏ r
ætlunarverk	a i h t l ʏ n a r v ɛ r̥ k
ítala	iː tʰ aː l a
óskarsverðlauna	o u s k a r s v ɛ r ð l ø yː n a
ögmundi	œ ɣ m ʏ n t ɪ
útvíkka	uː t v i h k a
þingfundi	θ i ŋ k f ʏ n t ɪ
þjóðlífi	θ j o u ð l iː v ɪ
þjóðvegum	θ j o u ð v ɛː ɣ ʏ m
þórsdóttir	θ o u r̥ s t o u h t ɪ r
afdráttarlaust	a v t r a u h t a r l ø y s t
afgang	a v k a u ŋ k
algerri	a l c ɛ rː ɪ
allmargar	a t l m a r k a r
alto	a l̥ t ɔ
amir	aː m ɪ r
andorra	a n t ɔ rː a
andsvar	a n t s v aː r
angist	a u ɲ c ɪ s t
athugar	aː t h ʏː ɣ a r
atvinnuleit	aː t v ɪ nː ʏ l e iː t
augans	ø yː ɣ a n s
aðlögunarhæfni	a ð l œː ɣ ʏ n a r h a i p n ɪ
barrett	p a rː ɛ h t
baráttumaður	p aː r a u h t ʏ m aː ð ʏ r
batni	p a h t n ɪ
beautiful	p ø yː t ɪ f ʏː l
beinustu	p e iː n ʏ s t ʏ
bengal	p e i ŋ k aː l
bergljót	p ɛ r k l j o uː t
bergþóru	p ɛ r k θ o uː r ʏ
bermúda	p ɛ r m uː t a
blikka	p l ɪ h k a
blómstraði	p l o u m s t r aː ð ɪ
borgarbókasafn	p ɔ r k a r p o uː k a s a p n
breiðar	p r e iː ð a r
brotnu	p r ɔ h t n ʏ
bráðri	p r a u ð r ɪ
bræðralag	p r a i ð r a l aː ɣ
brúnna	p r u t n a
byggju	p ɪ cː ʏ
byggðasafnið	p ɪ ɣ ð a s a p n ɪ ð
bárum	p a uː r ʏ m
bændurnir	p a i n t ʏ r t n ɪ r
bærilega	p a iː r ɪ l ɛː ɣ a
bókmenntaverðlaunin	p o uː k m ɛ n̥ t a v ɛ r ð l ø yː n ɪ n
búðinni	p uː ð ɪ nː ɪ
cam	kʰ aː m
cats	kʰ a h t s
compton	kʰ ɔ m̥ p tʰ ɔː n
custer	kʰ ʏ s t ɛ r
daddy	t a tː ɪ
dawn	t a uː n
donaldson	t ɔː n a l t s ɔː n
drekanum	t r ɛː k a n ʏ m
drekar	t r ɛː k a r
dreyfus	t r e iː v ʏ s
efnavopn	ɛ p n a v ɔ h p n
einfaldað	e i n f a l t a ð
einhverrar	e i n kʰ v ɛ rː a r
einrúmi	e i n r uː m ɪ
eldflaugum	ɛ l t f l ø yː ɣ ʏ m
elstur	ɛ l s t ʏ r
endilöngu	ɛ n t ɪ l ø y ŋ k ʏ
ethel	ɛː t h ɛː l
evil	ɛː v ɪ l
evrópuríki	ɛ v r o uː p ʏ r iː c ɪ
exi	ɛ k s ɪ
ferskir	f ɛ r̥ s c ɪ r
ferðahandbók	f ɛ r ð a h a n t p o uː k
fjögra	f j œ ɣ r a
fjölmennustu	f j œ l m ɛ nː ʏ s t ʏ
flóahreppi	f l o uː a r̥ ɛ h p ɪ
fontaine	f ɔ n̥ t a iː n ɛ
formgerð	f ɔ r m c ɛ r ð
forms	f ɔ r m s
formúlunni	f ɔ r m uː l ʏ nː ɪ
fossinum	f ɔ sː ɪ n ʏ m
foxy	f ɔ k s ɪ
framleiddu	f r a m l e i tː ʏ
framlengingar	f r a m l e i ɲ c i ŋ k a r
friðað	f r ɪː ð a ð
frum	f r ʏː m
frásagna	f r a uː s a k n a
fría	f r iː j a
fullvíst	f ʏ t l v i s t
fyrirmyndum	f ɪː r ɪ r m ɪ n t ʏ m
fyrirsætur	f ɪː r ɪ r s a iː t ʏ r
fínustu	f iː n ʏ s t ʏ
garðari	k a r ð a r ɪ
geisaði	c e iː s aː ð ɪ
gestgjafar	c ɛ s t c aː v a r
getnaðarvarnir	c ɛ h t n a ð a r v a r t n ɪ r
gjörbreytt	c œ r p r e i h t
gremju	k r ɛ m j ʏ
gulan	k ʏː l a n
gular	k ʏː l a r
gunter	k ʏ n̥ t ɛ r
gutti	k ʏ h t ɪ
gylltu	c ɪ l̥ t ʏ
gylltur	c ɪ l̥ t ʏ r
gíg	c iː ɣ
hamingjusamari	h aː m i ɲ c ʏ s aː m a r ɪ
hansson	h a n sː ɔ n
hartford	h a r̥ t f ɔ r t
harðræði	h a r ð r a iː ð ɪ
heights	h e i x t s
heilmikið	h e i l m ɪː c ɪ ð
heilsan	h e i l s a n
heimshlutum	h e i m s l̥ ʏː t ʏ m
herjum	h ɛ r j ʏ m
hershöfðingja	h ɛ r̥ s h œ v ð i ɲ c a
hjálplegt	ç a u l̥ p l ɛ x t
hjólbarða	ç o u l p a r ð a
hlaupin	l̥ ø yː p ɪ n
hljóðfærin	l̥ j o u ð f a iː r ɪ n
hlutastarf	l̥ ʏː t a s t a r v
hlýjan	l̥ iː j a n
holl	h ɔ t l
hreim	r̥ e iː m
hreinsdóttir	r̥ e i n s t o u h t ɪ r
hugræn	h ʏ ɣ r a iː n
hárum	h a uː r ʏ m
hælunum	h a iː l ʏ n ʏ m
hörmung	h œ r m u ŋ k
innanverðum	ɪ nː a n v ɛ r ð ʏ m
japanskar	j aː pʰ a n s k a r
japönum	j aː pʰ œː n ʏ m
jarðskjálftum	j a r ð s c a u l̥ t ʏ m
jeanne	j ɛ a nː ɛ
joss	j ɔ sː
jung	j u ŋ k
jørgen	j œ r k ɛ n
júlíana	j uː l i aː n a
kafka	kʰ a f k a
kanadískur	kʰ aː n a t i s k ʏ r
kanslara	kʰ a n s t l aː r a
keppendurnir	cʰ ɛ h p ɛ n t ʏ r t n ɪ r
kiel	cʰ ɪː l
kippir	cʰ ɪ h p ɪ r
kjötinu	cʰ œː t ɪ n ʏ
klárlega	kʰ l a uː r l ɛː ɣ a
kortunum	kʰ ɔ r̥ t ʏ n ʏ m
kristilegt	kʰ r ɪ s t ɪ l ɛ x t
kristnar	kʰ r ɪ s t n a r
krukkuna	kʰ r ʏ h k ʏ n a
krók	kʰ r o uː k
kunnuglega	kʰ ʏ nː ʏ k l ɛː ɣ a
kýla	cʰ iː l a
labbar	l a pː a r
landakoti	l a n t a kʰ ɔː t ɪ
latte	l a h t ɛ
leitir	l e iː t ɪ r
letrið	l ɛː t r ɪː ð
leyfisbréf	l e iː v ɪ s p r j ɛː v
ljósmyndunar	l j o uː s m ɪ n t ʏ n a r
ljúffeng	l j u fː e i ŋ k
ljúffengar	l j u fː e i ŋ k a r
lorca	l ɔ r̥ k a
lánar	l a uː n a r
lóðréttum	l o u ð r j ɛ h t ʏ m
lögmönnum	l œ ɣ m œ nː ʏ m
malbiki	m a l p ɪː c ɪ
manual	m aː n ʏ aː l
marseille	m a r̥ s e i t l ɛ
matsalnum	m aː t s a l n ʏ m
meini	m e iː n ɪ
mengað	m e i ŋ k a ð
miskunnarlaust	m ɪ s k ʏ nː a r l ø y s t
much	m ʏː x
munaðarlaus	m ʏː n a ð a r l ø yː s
munuð	m ʏː n ʏ ð
mónakó	m o uː n a kʰ o uː
möguleikana	m œː ɣ ʏ l e iː k aː n a
niðjar	n ɪ ð j a r
noir	n ɔ iː r
normanna	n ɔ r m a nː a
norðfjarðar	n ɔ r ð f j a r ð a r
nunnur	n ʏ nː ʏ r
nálgumst	n a u l k ʏ m̥ s t
næringargildi	n a iː r i ŋ k a r c ɪ l t ɪ
núðlur	n u ð l ʏ r
oddgeir	ɔ tː c e iː r
omx	ɔ m k s
opnunina	ɔ h p n ʏ n ɪː n a
orðasambönd	ɔ r ð a s a m p œ n t
oswalt	ɔː s v a l̥ t
perlum	pʰ ɛ r t l ʏ m
plön	pʰ l œː n
plötunum	pʰ l œː t ʏ n ʏ m
prodi	pʰ r ɔː t ɪ
pápa	pʰ a uː p a
pípu	pʰ iː p ʏ
rabbit	r a pː ɪ t
rakkar	r a h k a r
rannsakaðar	r a nː s aː k aː ð a r
renndi	r ɛ n t ɪ
rey	r e iː
risk	r ɪ s k
ritstörf	r ɪː t s t œ r v
rjúpur	r j uː p ʏ r
rofnar	r ɔ p n a r
ræktar	r a i x t a r
réttlætinu	r j ɛ h t l a iː t ɪ n ʏ
ríktu	r i x t ʏ
ríkulega	r iː k ʏ l ɛː ɣ a
samsettar	s a m s ɛ h t a r
shandong	s h a n t o u ŋ k
sigldum	s ɪ k l t ʏ m
sigurmark	s ɪː ɣ ʏ r m a r̥ k
sjúkrahússins	s j uː k r a h u sː ɪ n s
skemmtikraftur	s c ɛ m̥ t ɪ kʰ r a f t ʏ r
skemmtistöðum	s c ɛ m̥ t ɪ s t œː ð ʏ m
skiptanna	s c ɪ f tʰ a nː a
skjalasafn	s c aː l a s a p n
skjálfta	s c a u l̥ t a
skriðuklaustri	s k r ɪː ð ʏ kʰ l ø y s t r ɪ
skuldin	s k ʏ l t ɪ n
skákmanna	s k a uː k m a nː a
skóp	s k o uː p
skömmin	s k œ mː ɪ n
skúra	s k uː r a
slam	s t l aː m
slög	s t l œː ɣ
smíðaðar	s m iː ð a ð a r
sorry	s ɔ rː ɪ
spjalli	s p j a t l ɪ
sprengd	s p r e i ŋ t
steypti	s t e i f t ɪ
stiganum	s t ɪː ɣ a n ʏ m
stillingar	s t ɪ t l i ŋ k a r
stjórnmálaflokks	s t j o u r t n m a uː l a f l ɔ h k s
stofnaðar	s t ɔ p n a ð a r
stríðandi	s t r iː ð a n t ɪ
stundaskrá	s t ʏ n t a s k r a uː
stystu	s t ɪ s t ʏ
stínu	s t iː n ʏ
stöðluðu	s t œ ð l ʏː ð ʏ
suðurströnd	s ʏː ð ʏ r s t r œ n t
suðursveit	s ʏː ð ʏ r s v e iː t
svarfdæla	s v a r v t a iː l a
svartsengi	s v a r̥ t s e i ɲ c ɪ
svokallaði	s v ɔː k a t l aː ð ɪ
sæmdur	s a i m t ʏ r
sæmundsdóttir	s a iː m ʏ n t s t o u h t ɪ r
sænskar	s a i n s k a r
særður	s a i r ð ʏ r
sóknum	s o u h k n ʏ m
sökuð	s œː k ʏ ð
sørensen	s œː r ɛ n s ɛ n
tafir	tʰ aː v ɪ r
tannlæknis	tʰ a nː l a i h k n ɪ s
tea	tʰ ɛː a
terre	tʰ ɛ rː ɛ
thrones	tʰ r ɔː n ɛː s
tilfinningalegt	tʰ ɪ l f ɪ nː i ŋ k a l ɛ x t
tillitssemi	tʰ ɪ t l ɪ t s s ɛː m ɪ
toni	tʰ ɔː n ɪ
trúarlegar	tʰ r uː a r l ɛː ɣ a r
trúarlegt	tʰ r uː a r l ɛ x t
turbo	tʰ ʏ r p ɔ
tvöfaldar	tʰ v œː v a l t a r
tækniframfarir	tʰ a i h k n ɪ f r a m f aː r ɪ r
tætt	tʰ a i h t
tímatal	tʰ iː m a tʰ aː l
tölunum	tʰ œː l ʏ n ʏ m
uggi	ʏ cː ɪ
uglu	ʏ k l ʏ
umbreyting	ʏ m p r e iː t i ŋ k
umráð	ʏ m r a uː ð
uppfinningu	ʏ h p f ɪ nː i ŋ k ʏ
upplag	ʏ h p l aː ɣ
upplifi	ʏ h p l ɪː v ɪ
upplifum	ʏ h p l ɪː v ʏ m
uppsiglingu	ʏ h p s ɪ k l i ŋ k ʏ
upptæk	ʏ h p tʰ a iː k
valdatíma	v a l t a tʰ iː m a
varnarmálaráðherra	v a r t n a r m a uː l a r a uː ð h ɛ rː a
vegalengdin	v ɛː ɣ a l e i ŋ t ɪ n
vegamót	v ɛː ɣ a m o uː t
velkomið	v ɛ l kʰ ɔː m ɪ ð
velvet	v ɛ l v ɛː t
venst	v ɛ n s t
verkfærin	v ɛ r̥ k f a iː r ɪ n
verslunarstjóri	v ɛ r̥ s t l ʏ n a r s t j o uː r ɪ
vesalings	v ɛː s a l i ŋ k s
veðurfars	v ɛː ð ʏ r f a r̥ s
villisvín	v ɪ t l ɪ s v iː n
vitar	v ɪː t a r
volgt	v ɔ l k t
vonarstræti	v ɔː n a r s t r a iː t ɪ
vélaverkfræði	v j ɛː l a v ɛ r̥ k f r a iː ð ɪ
víninu	v iː n ɪ n ʏ
ádeila	a uː t e iː l a
ágætar	a uː c a iː t a r
ágætu	a uː c a iː t ʏ
áhafnar	a uː h a p n a r
ákváðum	a uː kʰ v a uː ð ʏ m
ákærur	a uː cʰ a iː r ʏ r
ásberg	a uː s p ɛ r k
ástkæra	a u s t cʰ a iː r a
íþróttamót	iː θ r o u h t a m o uː t
ólust	o uː l ʏ s t
óvirkur	o uː v ɪ r̥ k ʏ r
önnina	œ nː ɪ n a
öryggismál	œː r ɪ cː ɪ s m a uː l
útgefnar	uː t c ɛ p n a r
þorbjörgu	θ ɔ r p j œ r k ʏ
þorir	θ ɔː r ɪ r
þrotum	θ r ɔː t ʏ m
afgreidd	a v k r e i tː
afhentar	a v h ɛ n̥ t a r
akademíuna	aː k a t ɛː m i j ʏː n a
albertsson	a l p ɛ r̥ t s s ɔː n
algengum	a l c e i ŋ k ʏ m
algild	a l c ɪ l t
alta	a l̥ t a
alvarlegasta	a l v a r l ɛː ɣ a s t a
andoxunarefni	a n t ɔ k s ʏ n a r ɛ p n ɪ
andrá	a n t r a uː
andvara	a n t v aː r a
arasonar	aː r a s ɔː n a r
aristótelesar	aː r ɪ s t o uː tʰ ɛː l ɛː s a r
arnars	a r t n a r̥ s
athafnasvæði	aː t h a p n a s v a iː ð ɪ
atvinnuleysisbætur	aː t v ɪ nː ʏ l e iː s ɪ s p a iː t ʏ r
atvinnurekstur	aː t v ɪ nː ʏ r ɛ k s t ʏ r
auglýstur	ø y ɣ l i s t ʏ r
aukningar	ø y h k n i ŋ k a r
auðir	ø yː ð ɪ r
aðalatriðum	aː ð a l a tʰ r ɪː ð ʏ m
aðalfundur	aː ð a l f ʏ n t ʏ r
aðalmaður	aː ð a l m aː ð ʏ r
aðildarumsókn	aː ð ɪ l t a r ʏ m s o u h k n
aðjúnkt	a ð j u ŋ̊ k t
aðlögunar	a ð l œː ɣ ʏ n a r
aðstoðuðu	a ð s t ɔː ð ʏ ð ʏ
aðstöðuna	a ð s t œː ð ʏ n a
banner	p a nː ɛ r
bartlett	p a r̥ t l ɛ h t
beindu	p e i n t ʏ
berið	p ɛː r ɪ ð
beztu	p ɛ s t ʏ
bing	p i ŋ k
bjórar	p j o uː r a r
bjössi	p j œ sː ɪ
blaðsíðum	p l a ð s iː ð ʏ m
boðorðin	p ɔː ð ɔ r ð ɪ n
break	p r ɛː aː k
brekkum	p r ɛ h k ʏ m
breytilegum	p r e iː t ɪ l ɛː ɣ ʏ m
bridget	p r ɪ t c ɛː t
brottrekstur	p r ɔ h t r ɛ k s t ʏ r
bryson	p r ɪː s ɔ n
bræddi	p r a i tː ɪ
bréfsins	p r j ɛ f s ɪ n s
burbank	p ʏ r p a u ŋ̊ k
byko	p ɪː k ɔ
byssunni	p ɪ sː ʏ nː ɪ
bæjunum	p a iː j ʏ n ʏ m
bæklingi	p a i h k l i ɲ c ɪ
bítandi	p iː tʰ a n t ɪ
bólusetningar	p o uː l ʏ s ɛ h t n i ŋ k a r
búningnum	p uː n i ŋ k n ʏ m
cabo	kʰ aː p ɔ
carbon	kʰ a r p ɔː n
commander	kʰ ɔ mː a n t ɛ r
connors	kʰ ɔ nː ɔ r̥ s
cork	kʰ ɔ r̥ k
djúpstæð	t j uː p s t a iː ð
dos	t ɔː s
drag	t r aː ɣ
drif	t r ɪː v
drykkjar	t r ɪ h c a r
dubrovnik	t ʏ p r ɔ v n ɪː k
dvalarheimili	t v aː l a r h e iː m ɪ l ɪ
dvínandi	t v iː n a n t ɪ
dyrhólaey	t ɪ r h o uː l a e iː
dálitlu	t a uː l ɪ h t l ʏ
dálk	t a u l̥ k
dámar	t a uː m a r
dæmdan	t a i m t a n
dómsmálum	t o u m s m a uː l ʏ m
dómstóls	t o u m s t o u l s
dúfur	t uː v ʏ r
efnistök	ɛ p n ɪ s t œː k
einkageiranum	e i ŋ k a c e iː r a n ʏ m
eintölu	e i n tʰ œː l ʏ
ekrur	ɛː k r ʏ r
eldgosa	ɛ l t k ɔː s a
embættisprófi	ɛ m p a i h t ɪ s p r o uː v ɪ
engilbert	e i ɲ c ɪ l p ɛ r̥ t
ennið	ɛ nː ɪ ð
environmental	ɛ n v ɪː r ɔ n m ɛ n̥ t aː l
eplum	ɛ h p l ʏ m
erfðagreiningar	ɛ r v ð a k r e iː n i ŋ k a r
eyfirðinga	e iː v ɪ r ð i ŋ k a
eyjólfi	e iː j o u l v ɪ
eyrað	e iː r a ð
eyðast	e iː ð a s t
farga	f a r k a
farsælt	f a r̥ s a i l̥ t
fasisma	f aː s ɪ s m a
fegurri	f ɛː ɣ ʏ rː ɪ
feldman	f ɛ l t m aː n
ferðalaga	f ɛ r ð a l aː ɣ a
ferðalangar	f ɛ r ð a l a u ŋ k a r
fingurna	f i ŋ k ʏ r t n a
fiskistofna	f ɪ s c ɪ s t ɔ p n a
fjármálaráðuneytisins	f j a u r m a uː l a r a uː ð ʏ n e iː t ɪ s ɪ n s
fjármálaþjónustu	f j a u r m a uː l a θ j o uː n ʏ s t ʏ
fjölmennt	f j œ l m ɛ n̥ t
flakki	f l a h c ɪ
flettir	f l ɛ h t ɪ r
flóttamannabúðum	f l o u h t a m a nː a p uː ð ʏ m
forstöðumenn	f ɔ r̥ s t œː ð ʏ m ɛ nː
forsætis	f ɔ r̥ s a iː t ɪ s
framfærslu	f r a m f a i r̥ s t l ʏ
framkvæmdaraðili	f r a m kʰ v a i m t a r aː ð ɪ l ɪ
framkvæmdinni	f r a m kʰ v a i m t ɪ nː ɪ
frelsarans	f r ɛ l s a r a n s
frumleg	f r ʏ m l ɛː ɣ
fuglunum	f ʏ k l ʏ n ʏ m
fullgilda	f ʏ t l c ɪ l t a
fullkominni	f ʏ t l̥ kʰ ɔː m ɪ nː ɪ
fyrirskipun	f ɪː r ɪ r s c ɪː p ʏ n
fyrirvörum	f ɪː r ɪ r v œː r ʏ m
fæðingarorlofi	f a iː ð i ŋ k a r ɔ r l ɔː v ɪ
félagsfælni	f j ɛː l a x s f a i t n ɪ
félagsstarfi	f j ɛː l a x s s t a r v ɪ
fí	f iː
fórnarlömbin	f o u r t n a r l œ m p ɪ n
føroysk	f œː r ɔ i s k
gagns	k a k n s
gagnsæi	k a k n s a iː j ɪ
gail	k a iː l
gamanmynd	k aː m a n m ɪ n t
geislameðferð	c e i s t l a m ɛ ð f ɛ r ð
gellir	c ɛ t l ɪ r
georgs	c ɛː ɔ r k s
geysis	c e iː s ɪ s
geðlyf	c ɛ ð l ɪː v
gilið	c ɪː l ɪ ð
gimsteinum	c ɪ m s t e iː n ʏ m
glötuð	k l œː t ʏ ð
grafarholti	k r aː v a r h ɔ l̥ t ɪ
greið	k r e iː ð
greiðan	k r e iː ð a n
gráan	k r a uː a n
grænlendingar	k r a i n l ɛ n t i ŋ k a r
grímsvötn	k r i m s v œ h t n
gríðarstór	k r iː ð a r s t o uː r
grófari	k r o uː v a r ɪ
gunnlaugssyni	k ʏ nː l ø y x s s ɪː n ɪ
guðbjargar	k v ʏ ð p j a r k a r
guðsþjónustu	k v ʏ ð s θ j o uː n ʏ s t ʏ
guðsþjónustur	k v ʏ ð s θ j o uː n ʏ s t ʏ r
gys	c ɪː s
gæsku	c a i s k ʏ
hallærislegt	h a t l a iː r ɪ s t l ɛ x t
hefðar	h ɛ v ð a r
heilbrigðismál	h e i l p r ɪ ɣ ð ɪ s m a uː l
heildarinnar	h e i l t a r ɪ nː a r
heildstætt	h e i l t s t a i h t
heimaleik	h e iː m a l e iː k
heimaleiki	h e iː m a l e iː c ɪ
heimsendi	h e i m s ɛ n t ɪ
hernaðar	h ɛ r t n aː ð a r
hetti	h ɛ h t ɪ
hjaltadóttir	ç a l̥ t a t o u h t ɪ r
hjálma	ç a u l m a
hjónabandinu	ç o uː n a p a n t ɪː n ʏ
hlemmi	l̥ ɛ mː ɪ
hlutafélagi	l̥ ʏː t a f j ɛː l aː j ɪ
hlýnunar	l̥ iː n ʏ n a r
hogarth	h ɔː ɣ a r̥ t
hraunsins	r̥ ø y n s ɪ n s
hreinna	r̥ e i t n a
hreins	r̥ e i n s
hudgens	h ʏ t c ɛ n s
hugleikin	h ʏ ɣ l e iː c ɪ n
hugræna	h ʏ ɣ r a iː n a
hugrún	h ʏ ɣ r uː n
hvolp	kʰ v ɔ l̥ p
hvorir	kʰ v ɔː r ɪ r
hvíldartíma	xʷ i l t a r tʰ iː m a
hybrid	h ɪː p r ɪ t
hyggur	h ɪ kː ʏ r
háskólaráðs	h a uː s k o uː l a r a u ð s
hátækni	h a uː tʰ a i h k n ɪ
hæfilega	h a iː v ɪ l ɛː ɣ a
hækkaðir	h a i h k a ð ɪ r
höfundinum	h œː v ʏ n t ɪ n ʏ m
húsakynnum	h uː s a cʰ ɪ nː ʏ m
húsgögnin	h uː s k œ k n ɪ n
indian	ɪ n t ɪ aː n
ingileif	i ɲ c ɪ l e iː v
ingunni	i ŋ k ʏ nː ɪ
ingólf	i ŋ k o u l v
innheimt	ɪ nː h e i m̥ t
innkomu	ɪ n kʰ ɔː m ʏ
innlifun	ɪ nː l ɪː v ʏ n
isla	ɪ s t l a
iðu	ɪː ð ʏ
jafnri	j a p n r ɪ
japönskum	j aː pʰ œ n s k ʏ m
jes	j ɛː s
kafbáta	kʰ a v p a uː t a
kaffihúsum	kʰ a fː ɪ h uː s ʏ m
karlalið	kʰ a r t l a l ɪː ð
kato	kʰ aː t ɔ
katrina	kʰ aː t r ɪː n a
kaíró	kʰ a iː r o uː
kirby	cʰ ɪ r p ɪ
kjósi	cʰ o uː s ɪ
klassískar	kʰ l a sː i s k a r
kleinur	kʰ l e iː n ʏ r
klæðnaði	kʰ l a i ð n aː ð ɪ
klósettinu	kʰ l o uː s ɛ h t ɪ n ʏ
klúbbar	kʰ l u pː a r
komur	kʰ ɔː m ʏ r
konráðsdóttir	kʰ ɔ n r a u ð s t o u h t ɪ r
konsert	kʰ ɔ n s ɛ r̥ t
konungsríkið	kʰ ɔː n u ŋ k s r iː c ɪ ð
krónuna	kʰ r o uː n ʏ n a
kunnar	kʰ ʏ nː a r
kveðin	kʰ v ɛː ð ɪ n
kvikmyndamiðstöð	kʰ v ɪː k m ɪ n t a m ɪ ð s t œː ð
kvikmyndar	kʰ v ɪː k m ɪ n t a r
kvæðum	kʰ v a iː ð ʏ m
kylfingur	cʰ ɪ l v i ŋ k ʏ r
kyrru	cʰ ɪ rː ʏ
kápunni	kʰ a uː pʰ ʏ nː ɪ
kælir	cʰ a iː l ɪ r
kælt	cʰ a i l̥ t
kærð	cʰ a i r ð
kærðu	cʰ a i r ð ʏ
könnuð	kʰ œ nː ʏ ð
lagasetning	l aː ɣ a s ɛ h t n i ŋ k
lamba	l a m p a
landeigandi	l a n t e iː ɣ a n t ɪ
landnámsöld	l a n t n a u m s œ l t
lau	l ø yː
laufum	l ø yː v ʏ m
laðast	l aː ð a s t
leikhópnum	l e iː k h o u h p n ʏ m
leiknis	l e i h k n ɪ s
leiðarenda	l e iː ð a r ɛ n t a
leland	l ɛː l a n t
lestarstöðinni	l ɛ s t a r s t œː ð ɪ nː ɪ
lifrin	l ɪ v r ɪː n
liljur	l ɪ l j ʏ r
listrænum	l ɪ s t r a iː n ʏ m
ljúfan	l j uː v a n
loftsins	l ɔ f t s ɪ n s
lokapróf	l ɔː k a pʰ r o uː v
losaði	l ɔː s aː ð ɪ
lyftum	l ɪ f t ʏ m
lánsfé	l a u n s f j ɛː
lánveitandi	l a u n v e iː t a n t ɪ
látast	l a uː tʰ a s t
læknað	l a i h k n a ð
lærdóm	l a i r t o uː m
lífsgæðum	l i v s c a iː ð ʏ m
líkneski	l iː k n ɛ s c ɪ
manga	m a u ŋ k a
mangó	m a u ŋ k o uː
mannverur	m a nː v ɛː r ʏ r
matarins	m aː t a r ɪ n s
matvöru	m aː t v œː r ʏ
meginefni	m e iː j ɪ n ɛ p n ɪ
meistaranámi	m e i s t a r a n a uː m ɪ
meisturum	m e i s t ʏ r ʏ m
menningarlíf	m ɛ nː i ŋ k a r l iː v
menntamálaráðuneytis	m ɛ n̥ t a m a uː l a r a uː ð ʏ n e iː t ɪ s
meðferðis	m ɛ ð f ɛ r ð ɪ s
meðmæli	m ɛ ð m a iː l ɪ
millum	m ɪ t l ʏ m
miðvikudögum	m ɪ ð v ɪː k ʏ t œː ɣ ʏ m
mogensen	m ɔː c ɛ n s ɛ n
moira	m ɔ iː r a
morning	m ɔ r t n i ŋ k
musterinu	m ʏ s t ɛː r ɪː n ʏ
myndunar	m ɪ n t ʏ n a r
myrkurs	m ɪ r̥ k ʏ r̥ s
málefnið	m a uː l ɛ p n ɪ ð
mígreni	m iː k r ɛː n ɪ
mótandi	m o uː tʰ a n t ɪ
músum	m uː s ʏ m
nagar	n aː ɣ a r
nauðganir	n ø y ð k aː n ɪ r
neon	n ɛː ɔ n
námskeiði	n a u m s c e iː ð ɪ
nægjanleg	n a iː j a n l ɛː ɣ
næringar	n a iː r i ŋ k a r
nóttum	n o u h t ʏ m
nöp	n œː p
nýbura	n iː p ʏː r a
nýliðun	n iː l ɪː ð ʏ n
nýrnabilun	n i r t n a p ɪː l ʏ n
opnari	ɔ h p n a r ɪ
orlofs	ɔ r l ɔ f s
orra	ɔ rː a
orðfæri	ɔ r ð f a iː r ɪ
persónulegur	pʰ ɛ r̥ s o uː n ʏ l ɛː ɣ ʏ r
prentsmiðju	pʰ r ɛ n̥ t s m ɪ ð j ʏ
pólitískrar	pʰ o uː l ɪ tʰ i s k r aː r
póstþjónustu	pʰ o u s t θ j o uː n ʏ s t ʏ
rafverktaka	r a v v ɛ r̥ k tʰ aː k a
rakastig	r aː k a s t ɪː ɣ
rammar	r a mː a r
rangárþings	r a u ŋ k a u r θ i ŋ k s
raunveruleiki	r ø y n v ɛː r ʏ l e iː c ɪ
raðar	r aː ð a r
reiner	r e iː n ɛ r
reiss	r e i sː
reru	r ɛː r ʏ
reykhólahrepps	r e iː k h o uː l a r̥ ɛ h p s
rift	r ɪ f t
réttláta	r j ɛ h t l a uː t a
ríkissjóð	r iː c ɪ s s j o uː ð
róbertsdóttir	r o uː p ɛ r̥ t s t o u h t ɪ r
rýrnun	r i r t n ʏ n
saddams	s a tː a m s
sakborningur	s aː k p ɔ r t n i ŋ k ʏ r
saklausum	s aː k l ø yː s ʏ m
sambandsríkisins	s a m p a n t s r iː c ɪ s ɪ n s
samdir	s a m t ɪ r
samhæft	s a m h a i f t
samkvæmi	s a m kʰ v a iː m ɪ
samkynhneigður	s a m cʰ ɪ n n̥ e i ɣ ð ʏ r
samræmingu	s a m r a iː m i ŋ k ʏ
samþætting	s a m θ a i h t i ŋ k
saunders	s ø y n t ɛ r̥ s
scotty	s k ɔ h t ɪ
seðlum	s ɛ ð l ʏ m
siðan	s ɪː ð a n
siðferðislega	s ɪ ð f ɛ r ð ɪ s l ɛː ɣ a
sjer	s j ɛː r
sjálfboðaliði	s j a u l v p ɔː ð a l ɪː ð ɪ
sjávarfangi	s j a uː v a r f a u ɲ c ɪ
skepnurnar	s c ɛ h p n ʏ r t n a r
skeytt	s c e i h t
skiltum	s c ɪ l̥ t ʏ m
skilvirkari	s c ɪ l v ɪ r̥ k a r ɪ
skjölunum	s c œː l ʏ n ʏ m
skriflegar	s k r ɪ v l ɛː ɣ a r
skráðum	s k r a uː ð ʏ m
skrúfur	s k r uː v ʏ r
skuldbinda	s k ʏ l t p ɪ n t a
skynjunar	s c ɪ n j ʏ n a r
skáru	s k a uː r ʏ
skólastjórar	s k o uː l a s t j o uː r a r
skúlptúra	s k u l̥ p tʰ uː r a
skýringa	s c iː r i ŋ k a
slökkviliðsmenn	s t l œ h k v ɪː l ɪ ð s m ɛ nː
smokka	s m ɔ h k a
sogast	s ɔː ɣ a s t
sopa	s ɔː p a
sparisjóðs	s p aː r ɪ s j o u ð s
spilltur	s p ɪ l̥ t ʏ r
stakt	s t a x t
stangir	s t a u ɲ c ɪ r
starfsframa	s t a r v s f r aː m a
starfsráðgjöf	s t a r v s r a u ð c œː v
starfsári	s t a r v s a uː r ɪ
stattu	s t a h t ʏ
steiktum	s t e i x t ʏ m
steinarnir	s t e iː n a r t n ɪ r
sterkra	s t ɛ r̥ k r a
steðja	s t ɛ ð j a
stjórnlagaráð	s t j o u r t n l aː ɣ a r a uː ð
straums	s t r ø y m s
streymi	s t r e iː m ɪ
streymt	s t r e i m̥ t
stuðlaberg	s t ʏ ð l a p ɛ r k
styrkingu	s t ɪ r̥ c i ŋ k ʏ
stígar	s t iː ɣ a r
stöðvaður	s t œ ð v aː ð ʏ r
summers	s ʏ mː ɛ r̥ s
sveiflu	s v e i p l ʏ
sveinbjörnsdóttir	s v e i n p j œ r t n s t o u h t ɪ r
svikara	s v ɪː k a r a
svipan	s v ɪː p a n
svöl	s v œː l
syrpu	s ɪ r̥ p ʏ
syðsta	s ɪ ð s t a
sáttmálar	s a u h t m a uː l a r
sígilda	s iː j ɪ l t a
síðri	s i ð r ɪ
síðumúla	s iː ð ʏ m uː l a
síðust	s iː ð ʏ s t
sóknarmaður	s o u h k n a r m aː ð ʏ r
sólveigar	s o u l v e iː ɣ a r
söguhetjan	s œː ɣ ʏ h ɛː t j a n
sögulok	s œː ɣ ʏ l ɔː k
söngnum	s ø y ŋ k n ʏ m
sýkla	s i h k l a
sýnast	s iː n a s t
sýslumannsins	s i s t l ʏ m a nː s ɪ n s
thorn	tʰ ɔ r t ⁽ʰ ⁾ n
tilbeiðslu	tʰ ɪ l p e i ð s t l ʏ
tilboðið	tʰ ɪ l p ɔː ð ɪ ð
tilbúningur	tʰ ɪ l p uː n i ŋ k ʏ r
tilnefning	tʰ ɪ l n ɛ p n i ŋ k
tindastóls	tʰ ɪ n t a s t o u l s
tjónið	tʰ j o uː n ɪ ð
tjóns	tʰ j o u n s
togurum	tʰ ɔː ɣ ʏ r ʏ m
traustadóttir	tʰ r ø y s t a t o u h t ɪ r
traustari	tʰ r ø y s t a r ɪ
trudy	tʰ r ʏː t ɪ
trölli	tʰ r œ t l ɪ
tæri	tʰ a iː r ɪ
tætlur	tʰ a i h t l ʏ r
tímasetningu	tʰ iː m a s ɛ h t n i ŋ k ʏ
tómarúmi	tʰ o uː m a r uː m ɪ
tómata	tʰ o uː m aː t a
tönnunum	tʰ œ nː ʏ n ʏ m
túlkar	tʰ u l̥ k a r
ufsa	ʏ f s a
umbreytir	ʏ m p r e iː t ɪ r
undanþegnir	ʏ n t a n θ ɛ k n ɪ r
undirstöðum	ʏ n t ɪ r s t œː ð ʏ m
ungmennum	u ŋ k m ɛ nː ʏ m
uv	ʏː v
vafasöm	v aː v a s œː m
vandamálinu	v a n t a m a uː l ɪː n ʏ
varðveittur	v a r ð v e i h t ʏ r
vað	v aː ð
vefmyndavél	v ɛ v m ɪ n t a v j ɛː l
veggfóður	v ɛ kː f o uː ð ʏ r
vegleg	v ɛ ɣ l ɛː ɣ
veikan	v e iː k a n
veiðir	v e iː ð ɪ r
verkfæra	v ɛ r̥ k f a iː r a
verkir	v ɛ r̥ c ɪ r
verkjum	v ɛ r̥ c ʏ m
verndum	v ɛ r n t ʏ m
veðráttu	v ɛ ð r a u h t ʏ
vilborgu	v ɪ l p ɔ r k ʏ
vinnustofur	v ɪ nː ʏ s t ɔː v ʏ r
virkin	v ɪ r̥ c ɪ n
viðamiklar	v ɪː ð a m ɪ h k l a r
viðaukum	v ɪː ð ø yː k ʏ m
viðmælendur	v ɪ ð m a iː l ɛ n t ʏ r
viðskiptablaðið	v ɪ ð s c ɪ f t a p l aː ð ɪ ð
viðureignar	v ɪː ð ʏ r e i k n a r
vonleysi	v ɔ n l e iː s ɪ
væg	v a iː ɣ
vélstjóra	v j ɛ l s t j o uː r a
víga	v iː ɣ a
víðis	v iː ð ɪ s
víðtæku	v i ð tʰ a iː k ʏ
works	v ɔ r̥ k s
yfirfæra	ɪː v ɪ r f a iː r a
yfirsterkari	ɪː v ɪ r̥ s t ɛ r̥ k a r ɪ
yorker	j ɔ r̥ c ɛ r
ábata	a uː p aː t a
áhrifamestu	a uː r̥ ɪː v a m ɛ s t ʏ
áhyggjufull	a uː h ɪ cː ʏ f ʏ t l
ákvörðunina	a uː kʰ v œ r ð ʏ n ɪː n a
álegg	a uː l ɛ kː
áreita	a uː r e iː t a
árgangar	a u r k a u ŋ k a r
árgerði	a u r c ɛ r ð ɪ
ársfundi	a u r̥ s f ʏ n t ɪ
árásargirni	a uː r a uː s a r c ɪ r t n ɪ
ávinnings	a uː v ɪ nː i ŋ k s
ávísanir	a uː v iː s aː n ɪ r
áþekk	a uː θ ɛ h k
étnir	j ɛ h t n ɪ r
íhaldsmenn	iː h a l t s m ɛ nː
íshokkí	iː s h ɔ h c i
íslendingarnir	i s t l ɛ n t i ŋ k a r t n ɪ r
íslendings	i s t l ɛ n t i ŋ k s
óbeina	o uː p e iː n a
ódýrar	o uː t iː r a r
ógnandi	o u k n a n t ɪ
óhefðbundnum	o uː h ɛ v ð p ʏ n t n ʏ m
óhjákvæmilegt	o uː ç a uː kʰ v a iː m ɪ l ɛ x t
ólafsvíkur	o uː l a v s v iː k ʏ r
ónýtt	o uː n i h t
óvenjulegur	o uː v ɛ n j ʏ l ɛː ɣ ʏ r
ökumanna	œː k ʏ m a nː a
örin	œː r ɪ n
úthlutar	uː t l̥ ʏː t a r
útsvar	uː t s v aː r
þakkað	θ a h k a ð
þarfa	θ a r v a
þjappað	θ j a h p a ð
þjálfi	θ j a u l v ɪ
þjón	θ j o uː n
þjóðarframleiðslu	θ j o uː ð a r f r a m l e i ð s t l ʏ
þjóðkirkja	θ j o u ð cʰ ɪ r̥ c a
þokkabót	θ ɔ h k a p o uː t
þroskuð	θ r ɔ s k ʏ ð
þunnu	θ ʏ nː ʏ
þvera	θ v ɛː r a
þvermáli	θ v ɛ r m a uː l ɪ
þéttist	θ j ɛ h t ɪ s t
afkvæmum	a v kʰ v a iː m ʏ m
aðgreining	a ð k r e iː n i ŋ k
aðskildar	a ð s c ɪ l t a r
bachelor	p aː x ɛː l ɔ r
bakkafirði	p a h k a f ɪ r ð ɪ
berjist	p ɛ r j ɪ s t
blæðir	p l a iː ð ɪ r
borholum	p ɔː r h ɔː l ʏ m
bragðs	p r a ɣ ð s
brestir	p r ɛ s t ɪ r
brúarinnar	p r uː a r ɪ nː a r
bylgjum	p ɪ l c ʏ m
bókmenntafræðingur	p o uː k m ɛ n̥ t a f r a iː ð i ŋ k ʏ r
conte	kʰ ɔ n̥ t ɛ
danakonungs	t aː n a kʰ ɔː n u ŋ k s
dreifðust	t r e i v ð ʏ s t
dulkóðun	t ʏ l̥ kʰ o uː ð ʏ n
dúkkur	t u h k ʏ r
dýragarðurinn	t iː r a k a r ð ʏ r ɪ nː
eiríksdóttur	e iː r i k s t o u h t ʏ r
endurminningar	ɛ n t ʏ r m ɪ nː i ŋ k a r
ermarnar	ɛ r m a r t n a r
fallegasti	f a t l ɛ ɣ a s t ɪ
feitir	f e iː t ɪ r
femínismi	f ɛː m iː n ɪ s m ɪ
fjölmennir	f j œ l m ɛ nː ɪ r
fjöður	f j œː ð ʏ r
formlegrar	f ɔ r m l ɛ ɣ r a r
fornminjar	f ɔ r t n m ɪ n j a r
franklín	f r a u ŋ̊ kʰ l iː n
frábæri	f r a uː p a iː r ɪ
fuglanna	f ʏ ɣ l a nː a
fylgjenda	f ɪ l c ɛ n t a
fyrirbæra	f ɪː r ɪ r p a iː r a
fyrirmæla	f ɪː r ɪ r m a iː l a
fágun	f a uː ʏ n
fánum	f a uː n ʏ m
fátítt	f a uː tʰ i h t
fæðir	f a iː ð ɪ r
féllust	f j ɛ t l ʏ s t
grafarvogs	k r aː v a r v ɔ k s
greipum	k r e iː p ʏ m
guns	k ʏ n s
guðfræðingar	k v ʏ ð f r a iː ð i ŋ k a r
gýs	c iː s
haldir	h a l t ɪ r
handviss	h a n t v ɪ sː
heimildamyndir	h e iː m ɪ l t a m ɪ n t ɪ r
heimskulegt	h e i m s k ʏ l ɛ x t
hentu	h ɛ n̥ t ʏ
herferðin	h ɛ r v ɛ r ð ɪ n
hertz	h ɛ r̥ t s
hestbak	h ɛ s t p aː k
hornstrandir	h ɔ r t n s t r a n t ɪ r
hrafnagili	r̥ a p n a c ɪː l ɪ
hraðað	r̥ aː ð a ð
hægrimenn	h a i ɣ r ɪ m ɛ nː
hópfimleikum	h o uː p f ɪ m l e iː k ʏ m
illviðri	ɪ t l v ɪ ð r ɪ
jakarta	j aː kʰ a r̥ t a
jósep	j o uː s ɛː p
jökuls	j œː k ʏ l s
koju	kʰ ɔ iː ʏ
kuldann	kʰ ʏ l t a nː
kvittanir	kʰ v ɪ h t a n ɪ r
kvöldum	kʰ v œ l t ʏ m
kólnandi	kʰ o u l n a n t ɪ
kýrin	cʰ iː r ɪ n
landamerki	l a n t a m ɛ r̥ c ɪ
lasin	l aː s ɪ n
leyfist	l e iː v ɪ s t
lim	l ɪː m
litist	l ɪː t ɪ s t
lol	l ɔː l
lyftiduft	l ɪ f t ɪ t ʏ f t
lyftist	l ɪ f t ɪ s t
lífmassa	l i v m a sː a
mag	m aː ɣ
mali	m aː l ɪ
maradona	m aː r a t ɔː n a
meginland	m e iː j ɪ n l a n t
merk	m ɛ r̥ k
miðstýringu	m ɪ ð s t iː r i ŋ k ʏ
notaðist	n ɔː t a ð ɪ s t
nyrsta	n ɪ r̥ s t a
nálgist	n a u l c ɪ s t
orkneyjum	ɔ r̥ k n e iː j ʏ m
por	pʰ ɔː r
próteina	pʰ r o uː tʰ e iː n a
ride	r ɪː t ɛ
runnum	r ʏ nː ʏ m
réttina	r j ɛ h t ɪ n a
rólegir	r o uː l e iː j ɪ r
rökkva	r œ h k v a
setningunni	s ɛ h t n i ŋ k ʏ nː ɪ
sigli	s ɪ k l ɪ
sitthvorum	s ɪ h t kʰ v ɔː r ʏ m
skagafjörð	s k aː ɣ a f j œ r ð
skagafjörður	s k aː ɣ a f j œ r ð ʏ r
skalanum	s k aː l a n ʏ m
smiðir	s m ɪː ð ɪ r
smárra	s m a u rː a
spaða	s p aː ð a
spegilmynd	s p e iː j ɪ l m ɪ n t
spennuna	s p ɛ nː ʏ n a
spýta	s p iː t a
stalli	s t a t l ɪ
steinda	s t e i n t a
stelpnanna	s t ɛ l̥ p n a nː a
stígnum	s t i k n ʏ m
stórslys	s t o u r̥ s t l ɪː s
stöðugra	s t œː ð ʏ k r a
syndanna	s ɪ n t a nː a
sæbraut	s a iː p r ø yː t
sérhæfði	s j ɛː r h a i v ð ɪ
sýkinga	s iː c i ŋ k a
sýrur	s iː r ʏ r
tenór	tʰ ɛː n o uː r
tungumáls	tʰ u ŋ k ʏ m a u l s
tíundu	tʰ iː j ʏ n t ʏ
undarlegum	ʏ n t a r l ɛː ɣ ʏ m
upprisa	ʏ h p r ɪː s a
veggjunum	v ɛ cː ʏ n ʏ m
vek	v ɛː k
vinurinn	v ɪː n ʏ r ɪ nː
viðskiptabann	v ɪ ð s c ɪ f t a p a nː
viðureignir	v ɪː ð ʏ r e i k n ɪ r
vísindalegu	v iː s ɪ n t a l ɛː ɣ ʏ
wind	v ɪ n t
ynnu	ɪ nː ʏ
ólífuolía	o uː l iː v ʏ ɔː l i j a
útfyrir	uː t f ɪː r ɪ r
þorbjarnar	θ ɔ r p j a r t n a r
þurrkaðar	θ ʏ r̥ k aː ð a r
þéttar	θ j ɛ h t a r
afturhvarf	a f t ʏ r kʰ v a r v
alfreðs	a l v r ɛ ð s
algarve	a l k a r v ɛː
amerískir	aː m ɛː r i s c ɪ r
andóf	a n t o uː v
appelsínusafa	a h p ɛ l s iː n ʏ s aː v a
arnarhóli	a r t n a r h o uː l ɪ
arnórs	a r t n o u r̥ s
atkins	aː t cʰ ɪ n s
auf	ø yː v
beinbrot	p e i n p r ɔː t
belga	p ɛ l k a
berlusconi	p ɛ r t l ʏ s k ɔː n ɪ
biblíu	p ɪ p l iː j ʏ
blanka	p l a u ŋ̊ k a
blaðagrein	p l aː ð a k r e iː n
blokkinni	p l ɔ h c ɪ nː ɪ
blökkumenn	p l œ h k ʏ m ɛ nː
boca	p ɔː k a
brenndum	p r ɛ n t ʏ m
bretarnir	p r ɛː tʰ a r t n ɪ r
brúnan	p r uː n a n
byrjið	p ɪ r j ɪ ð
bátunum	p a uː t ʏ n ʏ m
bækling	p a i h k l i ŋ k
capitol	kʰ aː p ɪ tʰ ɔː l
carolina	kʰ aː r ɔ l ɪː n a
carr	kʰ a rː
cent	s ɛ n̥ t
christ	kʰ r ɪ s t
clint	kʰ l ɪ n̥ t
cost	kʰ ɔ s t
dansinum	t a n s ɪː n ʏ m
dauðvona	t ø y ð v ɔː n a
dekra	t ɛː k r a
dre	t r ɛː
drekkt	t r ɛ x t
dvelst	t v ɛ l s t
dátar	t a uː t a r
edwin	ɛː t v ɪː n
eftirrétti	ɛ f t ɪ r r j ɛ h t ɪ
eiffel	e i fː ɛ l
eldsins	ɛ l t s ɪ n s
englendingum	e i ŋ k l ɛ n t i ŋ k ʏ m
enskar	ɛ n s k a r
evrópumenn	ɛ v r o uː p ʏ m ɛ nː
evrópuþjóða	ɛ v r o uː p ʏ θ j o uː ð a
farsímar	f a r̥ s iː m a r
ferðamannastaði	f ɛ r ð a m a nː a s t aː ð ɪ
films	f ɪ l m s
fisksins	f ɪ s k s ɪ n s
fjárins	f j a uː r ɪ n s
fjölmiðlaumfjöllun	f j œ l m ɪ ð l ø y m f j œ t l ʏ n
fjörið	f j œː r ɪ ð
flautu	f l ø yː t ʏ
flugan	f l ʏː ɣ a n
flugmanna	f l ʏ ɣ m a nː a
flugumýri	f l ʏː ɣ ʏ m iː r ɪ
flutningaskip	f l ʏ h t n i ŋ k a s c ɪː p
fo	f ɔː
fraus	f r ø yː s
froska	f r ɔ s k a
fríar	f r iː j a r
fullvissu	f ʏ t l v ɪ sː ʏ
fylkið	f ɪ l̥ c ɪ ð
fálka	f a u l̥ k a
fæðan	f a iː ð a n
fóstbræður	f o u s t p r a iː ð ʏ r
fýlu	f iː l ʏ
gagnárás	k a k n a uː r a uː s
gangstéttum	k a u ŋ k s t j ɛ h t ʏ m
geggjaður	c ɛ cː a ð ʏ r
geimfara	c e i m f aː r a
gestsdóttir	c ɛ s t s t o u h t ɪ r
gjafa	c aː v a
gjörgæslu	c œ r c a i s t l ʏ
glampandi	k l a m̥ p a n t ɪ
glæpamanna	k l a iː p a m a nː a
glæsilegan	k l a iː s ɪ l ɛː ɣ a n
glösum	k l œː s ʏ m
greifa	k r e iː v a
grimmi	k r ɪ mː ɪ
grænmetisætur	k r a i n m ɛː t ɪ s a iː t ʏ r
grískur	k r i s k ʏ r
gullni	k ʏ t l n ɪ
göldrum	k œ l t r ʏ m
hair	h a iː r
halanum	h aː l a n ʏ m
hallgrími	h a t l k r iː m ɪ
handtók	h a n t tʰ o uː k
hanks	h a u ŋ̊ k s
hari	h aː r ɪ
harla	h a r t l a
hausverk	h ø yː s v ɛ r̥ k
hawk	h a uː k
heilsuhæli	h e i l s ʏ h a iː l ɪ
heilsunni	h e i l s ʏ nː ɪ
heimahöfn	h e iː m a h œ p n
heimildirnar	h e iː m ɪ l t ɪ r t n a r
heinrich	h e i n r ɪ ç
heldri	h ɛ l t r ɪ
hernám	h ɛ r t n a uː m
herrans	h ɛ rː a n s
hitaeiningar	h ɪː t a e iː n i ŋ k a r
hljóðlega	l̥ j o u ð l ɛː ɣ a
hlutföllin	l̥ ʏː t f œ t l ɪ n
hlutnum	l̥ ʏ h t n ʏ m
hnefaleikum	n̥ ɛː v a l e iː k ʏ m
hood	h ɔː t
horst	h ɔ r̥ s t
hreinasta	r̥ e iː n a s t a
hreppa	r̥ ɛ h p a
hrollvekjandi	r̥ ɔ t l v ɛː c a n t ɪ
hrífast	r̥ iː v a s t
hrópuðu	r̥ o uː p ʏː ð ʏ
hubble	h ʏ pː l ɛ
hvalveiðum	kʰ v a l v e iː ð ʏ m
hvílíkt	xʷ iː l i x t
hársbreidd	h a u r̥ s p r e i tː
indverskum	ɪ n t v ɛ r̥ s k ʏ m
iss	ɪ sː
jagger	j a cː ɛ r
jarðirnar	j a r ð ɪ r t n a r
jenna	j ɛ nː a
juku	j ʏː k ʏ
jörðunni	j œ r ð ʏ nː ɪ
kanadamenn	kʰ aː n a t a m ɛ nː
kannaðu	kʰ a nː a ð ʏ
katli	kʰ a h t l ɪ
keene	cʰ ɛː n ɛ
kennaramenntun	cʰ ɛ nː a r a m ɛ n̥ t ʏ n
kenningarinnar	cʰ ɛ nː i ŋ k a r ɪ nː a r
keppnisgrein	cʰ ɛ h p n ɪ s k r e iː n
keppnistímabilið	cʰ ɛ h p n ɪ s t iː m a p ɪː l ɪ ð
kjarnorkuvopn	cʰ a r t n ɔ r̥ k ʏ v ɔ h p n
kjarvals	cʰ a r v a l s
klasann	kʰ l aː s a nː
klaufa	kʰ l ø yː v a
klípu	kʰ l iː p ʏ
klúbbi	kʰ l u pː ɪ
krossfestur	kʰ r ɔ sː f ɛ s t ʏ r
krímskaga	kʰ r i m s k aː ɣ a
kvikmyndagerðarmanna	kʰ v ɪː k m ɪ n t a c ɛ r ð a r m a nː a
kvíðaröskun	kʰ v iː ð a r œ s k ʏ n
landar	l a n t a r
langston	l a u ŋ k s t ɔː n
leikarana	l e iː k a r aː n a
leikhluta	l e iː k l̥ ʏː t a
leikhúsum	l e iː k h uː s ʏ m
leikkonur	l e i h k ɔː n ʏ r
leyndardómur	l e i n t a r t o uː m ʏ r
leynilegan	l e iː n ɪ l ɛː ɣ a n
lili	l ɪː l ɪ
liðagigt	l ɪː ð a c ɪ x t
liðsstjóri	l ɪ ð s s t j o uː r ɪ
lokunar	l ɔː k ʏ n a r
lotta	l ɔ h t a
lotus	l ɔː t ʏ s
loðvík	l ɔ ð v iː k
luca	l ʏː k a
lyftingar	l ɪ f t i ŋ k a r
lánaðan	l a uː n a ð a n
látir	l a uː t ɪ r
léttist	l j ɛ h t ɪ s t
lögfræðileg	l œ ɣ f r a iː ð ɪ l ɛː ɣ
mall	m a t l
mannheim	m a nː h e iː m
matvöruverslanir	m aː t v œː r ʏ v ɛ r̥ s t l aː n ɪ r
maura	m ø yː r a
meistaradeildina	m e i s t a r a t e i l t ɪ n a
merkasti	m ɛ r̥ k a s t ɪ
merkilegasta	m ɛ r̥ c ɪ l ɛː ɣ a s t a
miskunnar	m ɪ s k ʏ nː a r
miðhálendinu	m ɪː ð h a uː l ɛ n t ɪ n ʏ
mjólkurframleiðslu	m j o u l̥ k ʏ r f r a m l e i ð s t l ʏ
mundum	m ʏ n t ʏ m
munkar	m u ŋ̊ k a r
mussolini	m ʏ sː ɔ l ɪː n ɪ
nafnleynd	n a p n l e i n t
nebúkadnesar	n ɛː p uː k a t n ɛː s a r
neinir	n e iː n ɪ r
nell	n ɛ t l
neville	n ɛː v ɪ t l ɛ
norðlægum	n ɔ r ð l a iː ɣ ʏ m
nothæf	n ɔː t h a iː v
nálæg	n a uː l a iː ɣ
náttfari	n a u h t f aː r ɪ
næturinnar	n a iː t ʏ r ɪ nː a r
nútíðar	n uː tʰ iː ð a r
ofanálag	ɔː v a n a uː l aː ɣ
ofsækja	ɔ v s a iː c a
oracle	ɔː r a kʰ l ɛː
orrustur	ɔ rː ʏ s t ʏ r
papriku	pʰ aː p r ɪː k ʏ
plássi	pʰ l a u sː ɪ
poppi	pʰ ɔ h p ɪ
pot	pʰ ɔː t
pratt	pʰ r a h t
prinsins	pʰ r ɪ n s ɪ n s
píanóleikara	pʰ iː j a n o uː l e iː k aː r a
quebec	kʰ v ɛː p ɛː k
qui	kʰ v ɪː
racine	r aː s ɪː n ɛ
raddböndin	r a tː p œ n t ɪ n
rafbílar	r a v p iː l a r
rafnsdóttir	r a p n s t o u h t ɪ r
rand	r a n t
random	r a n t ɔː m
rapid	r aː p ɪ t
ritmál	r ɪː t m a uː l
ruddust	r ʏ tː ʏ s t
ránum	r a uː n ʏ m
ræðumenn	r a iː ð ʏ m ɛ nː
réttarhalda	r j ɛ h t a r h a l t a
rússneski	r u sː n ɛ s c ɪ
saltvatn	s a l̥ t v a h t n
saxlandi	s a x s l a n t ɪ
seiglu	s e i k l ʏ
sigurvegararnir	s ɪː ɣ ʏ r v ɛː ɣ a r a r t n ɪ r
silla	s ɪ t l a
simmi	s ɪ mː ɪ
sjáanlegur	s j a uː a n l ɛː ɣ ʏ r
sjávarfang	s j a uː v a r f a u ŋ k
sjónvarpsþáttunum	s j o u n v a r̥ p s θ a u h t ʏ n ʏ m
sjúkra	s j uː k r a
sjúkraliði	s j uː k r a l ɪː ð ɪ
skeiðar	s c e iː ð a r
skikkju	s c ɪ h c ʏ
skjöldum	s c œ l t ʏ m
skorta	s k ɔ r̥ t a
skothríð	s k ɔː t r̥ iː ð
skreyttur	s k r e i h t ʏ r
skrifast	s k r ɪː v a s t
skrýtin	s k r iː t ɪ n
skuldaði	s k ʏ l t aː ð ɪ
skut	s k ʏː t
skyndileg	s c ɪ n t ɪ l ɛː ɣ
skönnun	s k œ nː ʏ n
sláðu	s t l a uː ð ʏ
snillingar	s t n ɪ t l i ŋ k a r
snúninga	s t n uː n i ŋ k a
somerset	s ɔː m ɛ r̥ s ɛː t
sora	s ɔː r a
sovétmönnum	s ɔː v j ɛː t m œ nː ʏ m
spendýrum	s p ɛ n t iː r ʏ m
stuð	s t ʏː ð
styttunni	s t ɪ h t ʏ nː ɪ
styð	s t ɪː ð
stórmóti	s t o u r m o uː t ɪ
stöðvaðist	s t œ ð v aː ð ɪ s t
such	s ʏː x
sundrast	s ʏ n t r a s t
sunnudaga	s ʏ nː ʏ t aː ɣ a
síf	s iː v
sögulegur	s œː ɣ ʏ l ɛː ɣ ʏ r
sökktu	s œ x t ʏ
sölurnar	s œː l ʏ r t n a r
söngleik	s ø y ŋ k l e iː k
taco	tʰ aː k ɔ
third	tʰ ɪ r t
tilgangs	tʰ ɪ l k a u ŋ k s
tilheyrum	tʰ ɪː l h e iː r ʏ m
tunnuna	tʰ ʏ nː ʏ n a
tæknilegt	tʰ a i h k n ɪ l ɛ x t
tíkin	tʰ iː c ɪ n
tímafrekt	tʰ iː m a f r ɛ x t
tímaspursmál	tʰ iː m a s p ʏ r̥ s m a uː l
töpum	tʰ œː p ʏ m
töskurnar	tʰ œ s k ʏ r t n a r
undirheima	ʏ n t ɪ r h e iː m a
uppfinningar	ʏ h p f ɪ nː i ŋ k a r
upplagt	ʏ h p l a x t
upprunnið	ʏ h p r ʏ nː ɪ ð
vanrækt	v a n r a i x t
vanskilum	v a n s c ɪː l ʏ m
veirunni	v e iː r ʏ nː ɪ
verðskulda	v ɛ r ð s k ʏ l t a
virkisins	v ɪ r̥ c ɪ s ɪ n s
vondan	v ɔ n t a n
vögnum	v œ k n ʏ m
ylli	ɪ t l ɪ
áfanginn	a uː f a u ɲ c ɪ n
áfrýjunarnefnd	a uː f r iː j ʏ n a r n ɛ p n t
áhyggjurnar	a uː h ɪ cː ʏ r t n a r
ásakana	a uː s a kʰ aː n a
ásrún	a uː s r uː n
ástvinum	a u s t v ɪː n ʏ m
ávana	a uː v aː n a
æfingarnar	a iː v i ŋ k a r t n a r
ævisögur	a iː v ɪ s œː ɣ ʏ r
ófullkomin	o uː v ʏ t l̥ kʰ ɔː m ɪ n
óreglulega	o uː r ɛ k l ʏ l ɛː ɣ a
óstöðugt	o uː s t œː ð ʏ x t
ósýnileg	o uː s iː n ɪ l ɛː ɣ
örverum	œ r v ɛː r ʏ m
útlimi	uː t l ɪː m ɪ
útnefningu	uː t n ɛ p n i ŋ k ʏ
þingsæta	θ i ŋ k s a iː t a
þorlákssonar	θ ɔ r l a u k s s ɔː n a r
þotur	θ ɔː t ʏ r
þykkan	θ ɪ h k a n
þýðanda	θ iː ð a n t a
afhendi	a v h ɛ n t ɪ
aflann	a p l a nː
afrennsli	a v r ɛ n s t l ɪ
aftra	a f t r a
akademíunni	aː k a t ɛː m i j ʏ nː ɪ
aldan	a l t a n
allsherjarreglu	a t l s h ɛ r j a r r ɛ k l ʏ
alþjóðaviðskiptum	a l θ j o uː ð a v ɪ ð s c ɪ f t ʏ m
amöndu	aː m œ n t ʏ
andast	a n t a s t
andlegs	a n t l ɛ k s
andvíg	a n t v iː ɣ
aníta	aː n iː t a
atacama	aː t a kʰ aː m a
atbeina	aː t p e iː n a
atburðirnir	aː t p ʏ r ð ɪ r t n ɪ r
athugasemda	aː t h ʏː ɣ a s ɛ m t a
augustine	ø yː ɣ ʏ s t ɪː n ɛ
aurar	ø yː r a r
auroracoin	ø yː r ɔː r a kʰ ɔ iː n
aurum	ø yː r ʏ m
auðkenna	ø y ð cʰ ɛ nː a
auðlindamála	ø y ð l ɪ n t a m a uː l a
axlar	a k s t l a r
aðalsteins	aː ð a l s t e i n s
aðalstöðvar	aː ð a l s t œ ð v a r
aðildarfélögum	aː ð ɪ l t a r f j ɛː l œː ɣ ʏ m
aðspurður	a ð s p ʏ r ð ʏ r
bakaði	p aː k a ð ɪ
bakkar	p a h k a r
bangsímon	p a u ŋ k s iː m ɔː n
banvænt	p a n v a i n̥ t
barentshafi	p aː r ɛ n̥ t s h aː v ɪ
beinið	p e iː n ɪ ð
beiskt	p e i s k t
bergman	p ɛ r k m aː n
betrumbæta	p ɛː t r ʏ m p a iː t a
bezta	p ɛ s t a
bikarmeistarar	p ɪː k a r m e i s t aː r a r
birgðum	p ɪ r ɣ ð ʏ m
bjargaðist	p j a r k a ð ɪ s t
bjarti	p j a r̥ t ɪ
bjartri	p j a r̥ t r ɪ
bjóra	p j o uː r a
bjórnum	p j o u r t n ʏ m
blikur	p l ɪː k ʏ r
boltum	p ɔ l̥ t ʏ m
borders	p ɔ r t ɛ r̥ s
borgarráðs	p ɔ r k a r r a u ð s
boðuð	p ɔː ð ʏ ð
brautar	p r ø yː t a r
bresti	p r ɛ s t ɪ
bretagne	p r ɛː tʰ a k n ɛ
brottnám	p r ɔ h t n a uː m
bud	p ʏː t
bílastæðum	p iː l a s t a iː ð ʏ m
bítlarnir	p iː t l a r t n ɪ r
búkarest	p uː k a r ɛ s t
búninginn	p uː n i ɲ c ɪ n
calendar	kʰ aː l ɛ n t a r
catalina	kʰ aː t a l ɪː n a
cinema	s ɪː n ɛː m a
crown	kʰ r ɔ uː n
cuba	kʰ ʏː p a
cummings	kʰ ʏ mː i ŋ k s
dagblaða	t a ɣ p l aː ð a
debra	t ɛː p r a
deildunum	t e i l t ʏ n ʏ m
deilurnar	t e iː l ʏ r t n a r
demanta	t ɛː m a n̥ t a
dilka	t ɪ l̥ k a
djákna	t j a u h k n a
djöflinum	t j œ p l ɪː n ʏ m
dreifðist	t r e i v ð ɪ s t
driver	t r ɪː v ɛ r
dry	t r ɪː
drykkjum	t r ɪ h c ʏ m
dularfullur	t ʏː l a r f ʏ t l ʏ r
dálka	t a u l̥ k a
dálkur	t a u l̥ k ʏ r
dæmda	t a i m t a
dætra	t a iː t r a
dótturina	t o u h t ʏ r ɪː n a
dúsa	t uː s a
dýrara	t iː r a r a
dýrmæt	t i r m a iː t
dýrmæta	t i r m a iː t a
ec	ɛː k
efir	ɛː v ɪ r
efnileg	ɛ p n ɪ l ɛː ɣ
eftirminnilega	ɛ f t ɪ r m ɪ nː ɪ l ɛː ɣ a
eftirsóknarvert	ɛ f t ɪ r s o u h k n a r v ɛ r̥ t
eiginmenn	e iː j ɪ n m ɛ nː
eilífs	e iː l i f s
einkenndust	e i n cʰ ɛ n t ʏ s t
einleik	e i n l e iː k
ellu	ɛ t l ʏ
engrar	e i ŋ k r a r
esbjerg	ɛː s p j ɛ r k
evrópumál	ɛ v r o uː p ʏ m a uː l
eyðist	e iː ð ɪ s t
fanney	f a nː ɛ i̯
ferlar	f ɛ r t l a r
firma	f ɪ r m a
fjandskap	f j a n t s k aː p
fjarlæga	f j a r l a iː ɣ a
fjárhæðum	f j a uː r h a iː ð ʏ m
fjölbreyttan	f j œ l p r e i h t a n
fljótar	f l j o uː t a r
flokkinum	f l ɔ h c ɪ n ʏ m
flokksdeild	f l ɔ h k s t e i l t
flottara	f l ɔ h t a r a
flow	f l ɔː v
flær	f l a iː r
fortíðina	f ɔ r̥ tʰ iː ð ɪ n a
forverar	f ɔ r v ɛː r a r
forystumanna	f ɔː r ɪ s t ʏ m a nː a
frakkanum	f r a h k a n ʏ m
frakkarnir	f r a h k a r t n ɪ r
framherja	f r a m h ɛ r j a
framkvæmdastjórnin	f r a m kʰ v a i m t a s t j o u r t n ɪ n
fresco	f r ɛ s k ɔ
frátekin	f r a uː tʰ ɛː c ɪ n
fræðasvið	f r a iː ð a s v ɪː ð
fræðasviðum	f r a iː ð a s v ɪː ð ʏ m
fræðsluefni	f r a i ð s t l ʏ ɛ p n ɪ
fræðsluráðs	f r a i ð s t l ʏ r a u ð s
fullkomnari	f ʏ t l̥ kʰ ɔ m n a r ɪ
furðulega	f ʏ r ð ʏ l ɛː ɣ a
furðulegt	f ʏ r ð ʏ l ɛ x t
fyri	f ɪː r ɪ
fyrirfinnast	f ɪː r ɪ r f ɪ nː a s t
fáanlegar	f a uː a n l ɛː ɣ a r
fáanlegur	f a uː a n l ɛː ɣ ʏ r
fádæma	f a uː t a iː m a
félagsheimilinu	f j ɛː l a x s h e iː m ɪ l ɪː n ʏ
fósturs	f o u s t ʏ r̥ s
fúsum	f uː s ʏ m
garðskaga	k a r ð s k aː ɣ a
gate	k aː t ɛ
gati	k aː t ɪ
genin	c ɛː n ɪ n
gerplu	c ɛ r̥ p l ʏ
getty	c ɛ h t ɪ
geymslum	c e i m s t l ʏ m
gini	c ɪː n ɪ
gljúfrasteini	k l j uː v r a s t e iː n ɪ
glósur	k l o uː s ʏ r
glösin	k l œː s ɪ n
grafískur	k r aː v i s k ʏ r
greer	k r ɛː r
greiddum	k r e i tː ʏ m
greipar	k r e iː p a r
grundarfjarðar	k r ʏ n t a r f j a r ð a r
grundvallarréttindi	k r ʏ n t v a t l a r r j ɛ h t ɪ n t ɪ
grát	k r a uː t
grímunnar	k r iː m ʏ nː a r
grönn	k r œ nː
grös	k r œː s
guðbjörgu	k v ʏ ð p j œ r k ʏ
gym	c ɪː m
gyðu	c ɪː ð ʏ
gæfist	c a iː v ɪ s t
gæsluvarðhald	c a i s t l ʏ v a r ð h a l t
hafni	h a p n ɪ
hafsbotn	h a v s p ɔ h t n
hagsbóta	h a x s p o uː t a
hamlandi	h a m l a n t ɪ
hampað	h a m̥ p a ð
hamrar	h a m r a r
harmleikurinn	h a r m l e iː k ʏ r ɪ nː
heildinni	h e i l t ɪ nː ɪ
heilsugæsla	h e i l s ʏ c a i s t l a
heimildarmenn	h e iː m ɪ l t a r m ɛ nː
heimildina	h e iː m ɪ l t ɪː n a
heimsenda	h e i m s ɛ n t a
heimsmeistaramótsins	h e i m s m e i s t a r a m o uː t s ɪ n s
heimsmeistarar	h e i m s m e i s t aː r a r
heimsæki	h e i m s a iː c ɪ
heiðnum	h e i ð n ʏ m
hellunum	h ɛ t l ʏ n ʏ m
heppna	h ɛ h p n a
herbúðir	h ɛ r p uː ð ɪ r
hernandez	h ɛ r t n a n t ɛː s
hestamenn	h ɛ s t a m ɛ nː
hetjulega	h ɛː t j ʏ l ɛː ɣ a
hex	h ɛ k s
heðin	h ɛː ð ɪ n
him	h ɪː m
hjólreiðum	ç o u l r e iː ð ʏ m
hlekkir	l̥ ɛ h c ɪ r
hljóðfæra	l̥ j o u ð f a iː r a
hlunninda	l̥ ʏ nː ɪ n t a
hléi	l̥ j ɛː ɪ
hlíft	l̥ i f t
hnattræn	n̥ a h t r a iː n
hoppi	h ɔ h p ɪ
hraðan	r̥ aː ð a n
hrindir	r̥ ɪ n t ɪ r
hrólf	r̥ o u l v
hugðust	h ʏ ɣ ð ʏ s t
hvattur	kʰ v a h t ʏ r
hveli	kʰ v ɛː l ɪ
hversdagslega	kʰ v ɛ r̥ s t a x s l ɛː ɣ a
hægist	h a iː j ɪ s t
hækkunar	h a i h k ʏ n a r
hólfi	h o u l v ɪ
hólmavíkur	h o u l m a v iː k ʏ r
höfundarétt	h œː v ʏ n t a r j ɛ h t
höfundarétti	h œː v ʏ n t a r j ɛ h t ɪ
höfuðstað	h œː v ʏ ð s t aː ð
höfðatölu	h œ v ð a tʰ œː l ʏ
húmanista	h uː m a n ɪ s t a
húsfreyjan	h uː s f r e iː j a n
húsfreyju	h uː s f r e iː j ʏ
húsgagna	h uː s k a k n a
húðarinnar	h uː ð a r ɪ nː a r
indversku	ɪ n t v ɛ r̥ s k ʏ
inngangurinn	ɪ n k a u ŋ k ʏ r ɪ nː
jafnvægis	j a p n v a iː j ɪ s
jafnvægið	j a p n v a iː j ɪ ð
jarðvísindastofnun	j a r ð v iː s ɪ n t a s t ɔ p n ʏ n
johnsons	j ɔ n s ɔ n s
joly	j ɔː l ɪ
játningu	j a u h t n i ŋ k ʏ
kennsluaðferðir	cʰ ɛ n s t l ʏ a ð f ɛ r ð ɪ r
kerlingin	cʰ ɛ r t l i ɲ c ɪ n
kill	cʰ ɪ t l
kindle	cʰ ɪ n t l ɛ
klettinum	kʰ l ɛ h t ɪ n ʏ m
klifið	kʰ l ɪː v ɪ ð
kláða	kʰ l a uː ð a
knattspyrnusamband	kʰ n a h t s p ɪ r t n ʏ s a m p a n t
kolvetnum	kʰ ɔ l v ɛ h t n ʏ m
kostnaðarsöm	kʰ ɔ s t n a ð a r s œː m
krabbameinsvaldandi	kʰ r a pː a m e i n s v a l t a n t ɪ
kreiki	kʰ r e iː c ɪ
krypplingur	kʰ r ɪ h p l i ŋ k ʏ r
króka	kʰ r o uː k a
kubba	kʰ ʏ pː a
kvikmyndagerðarmaður	kʰ v ɪː k m ɪ n t a c ɛ r ð a r m aː ð ʏ r
kyrrstöðu	cʰ ɪ rː s t œː ð ʏ
kínverski	cʰ i n v ɛ r̥ s c ɪ
kínverskir	cʰ i n v ɛ r̥ s c ɪ r
kólnun	kʰ o u l n ʏ n
kóng	kʰ o u ŋ k
kúlum	kʰ uː l ʏ m
lagalegu	l aː ɣ a l ɛː ɣ ʏ
lalli	l a t l ɪ
lamar	l aː m a r
landsbjargar	l a n t s p j a r k a r
landsliðum	l a n t s t l ɪː ð ʏ m
landsmóti	l a n t s m o uː t ɪ
larson	l a r̥ s ɔː n
launþega	l ø y n θ ɛː ɣ a
leggir	l ɛ cː ɪ r
leifi	l e iː v ɪ
leigðu	l e i ɣ ð ʏ
leikarnir	l e iː k a r t n ɪ r
leiðarljós	l e iː ð a r l j o uː s
lem	l ɛː m
lengdur	l e i ŋ t ʏ r
lenny	l ɛ nː ɪ
less	l ɛ sː
leyfður	l e i v ð ʏ r
listgrein	l ɪ s t k r e iː n
liðsmönnum	l ɪ ð s m œ nː ʏ m
ljóshærð	l j o uː s h a i r ð
ljósmyndasafn	l j o uː s m ɪ n t a s a p n
ljóðagerð	l j o uː ð a c ɛ r ð
lokakeppni	l ɔː k a cʰ ɛ h p n ɪ
lux	l ʏ x s
lykilmenn	l ɪː c ɪ l m ɛ nː
lynda	l ɪ n t a
lánaður	l a uː n a ð ʏ r
lásu	l a uː s ʏ
lægðir	l a i ɣ ð ɪ r
læknisfræðinnar	l a i h k n ɪ s f r a iː ð ɪ nː a r
lærisveinum	l a iː r ɪ s v e iː n ʏ m
lélegir	l j ɛː l e iː j ɪ r
líkamar	l iː kʰ aː m a r
líkkistu	l i h c ɪ s t ʏ
löggilt	l œ cː ɪ l̥ t
lögregluforingi	l œ ɣ r ɛ k l ʏ f ɔː r i ɲ c ɪ
lýðræðið	l i ð r a iː ð ɪ ð
mannrán	m a nː r a uː n
mare	m aː r ɛ
marek	m aː r ɛː k
mast	m a s t
matargerðar	m aː t a r c ɛ r ð a r
meginlands	m e iː j ɪ n l a n t s
meinum	m e iː n ʏ m
menninguna	m ɛ nː i ŋ k ʏː n a
merkingarlaus	m ɛ r̥ c i ŋ k a r l ø yː s
meðfylgjandi	m ɛ ð f ɪ l c a n t ɪ
meðförum	m ɛ ð f œː r ʏ m
mikin	m ɪː c ɪ n
milk	m ɪ l̥ k
misheppnaða	m ɪː s h ɛ h p n aː ð a
mismununar	m ɪ s m ʏː n ʏ n a r
misserum	m ɪ sː ɛː r ʏ m
misvísandi	m ɪ s v iː s a n t ɪ
miðbær	m ɪ ð p a iː r
mjólkursamsalan	m j o u l̥ k ʏ r s a m s aː l a n
myndarleg	m ɪ n t a r l ɛː ɣ
myndavélarnar	m ɪ n t a v j ɛː l a r t n a r
myndskreytingar	m ɪ n t s k r e iː t i ŋ k a r
myrkum	m ɪ r̥ k ʏ m
mystery	m ɪ s t ɛː r ɪ
málstefnu	m a u l s t ɛ p n ʏ
mótspyrnu	m o uː t s p ɪ r t n ʏ
móðurfélag	m o uː ð ʏ r f j ɛː l aː ɣ
mögulegri	m œː ɣ ʏ l ɛ ɣ r ɪ
mýkja	m iː c a
mýrasýslu	m iː r a s i s t l ʏ
nasistum	n aː s ɪ s t ʏ m
nefndarmanna	n ɛ p n t a r m a nː a
nikótín	n ɪː k o uː tʰ iː n
niðurleið	n ɪː ð ʏ r l e iː ð
niðurstöðunum	n ɪː ð ʏ r s t œː ð ʏ n ʏ m
nágrannalöndum	n a uː k r a nː a l œ n t ʏ m
námsgreinum	n a u m s k r e iː n ʏ m
náttúruhamförum	n a u h t uː r ʏ h a m f œː r ʏ m
náttúruvætti	n a u h t uː r ʏ v a i h t ɪ
ní	n iː
nútímalegt	n uː tʰ iː m a l ɛ x t
nýmyndun	n iː m ɪ n t ʏ n
ofið	ɔː v ɪ ð
opnunar	ɔ h p n ʏ n a r
orðað	ɔ r ð a ð
partners	pʰ a r̥ t n ɛ r̥ s
pe	pʰ ɛː
pearce	pʰ ɛː a r̥ s ɛ
peysuna	pʰ e iː s ʏ n a
peysur	pʰ e iː s ʏ r
pole	pʰ ɔː l ɛ
prinsessuna	pʰ r ɪ n s ɛ sː ʏ n a
product	pʰ r ɔː t ʏ x t
prudhomme	pʰ r ʏː t h ɔ mː ɛ
prófessorar	pʰ r o uː f ɛ sː ɔː r a r
pundum	pʰ ʏ n t ʏ m
python	pʰ ɪː t h ɔː n
pælingar	pʰ a iː l i ŋ k a r
póstnúmer	pʰ o u s t n uː m ɛː r
qi	cʰ ɪː
rannsakandi	r a nː s aː k a n t ɪ
rannsakaðir	r a nː s aː k aː ð ɪ r
refsinga	r ɛ f s i ŋ k a
refsingum	r ɛ f s i ŋ k ʏ m
reno	r ɛː n ɔ
rené	r ɛː n j ɛː
reykfjörð	r e iː k f j œ r ð
riðil	r ɪː ð ɪ l
roll	r ɔ t l
rumsfeld	r ʏ m s f ɛ l t
runavík	r ʏː n a v iː k
rynni	r ɪ nː ɪ
ráðherrarnir	r a uː ð h ɛ rː a r t n ɪ r
ráðlegt	r a u ð l ɛ x t
rækjurnar	r a iː c ʏ r t n a r
ræmur	r a iː m ʏ r
réttaráhrif	r j ɛ h t a r a uː r̥ ɪː v
réttlæting	r j ɛ h t l a iː t i ŋ k
réttmæt	r j ɛ h t m a iː t
róttækum	r o u h t a iː k ʏ m
róðri	r o u ð r ɪ
sainte	s a i n̥ t ɛ
sakamálum	s aː k a m a uː l ʏ m
sameinda	s aː m e i n t a
samfelldu	s a m f ɛ l t ʏ
samgöngumála	s a m k ø y ŋ k ʏ m a uː l a
samstarfsaðili	s a m s t a r v s aː ð ɪ l ɪ
sanngjarna	s a nː c a r t n a
sennilegast	s ɛ nː ɪ l ɛː ɣ a s t
seyðisfjörð	s e iː ð ɪ s f j œ r ð
shen	s h ɛː n
should	s h ø y l t
sic	s ɪː k
sik	s ɪː k
silfurverðlaun	s ɪ l v ʏ r v ɛ r ð l ø yː n
siðmenntar	s ɪ ð m ɛ n̥ t a r
sje	s j ɛː
sjávarafurða	s j a uː v a r a f ʏ r ð a
sjúkrahúsa	s j uː k r a h uː s a
skaftið	s k a f t ɪ ð
skallagríms	s k a t l a k r i m s
skammhlaup	s k a mː l̥ ø yː p
skarta	s k a r̥ t a
skemmtiatriði	s c ɛ m̥ t ɪ a tʰ r ɪː ð ɪ
skepnan	s c ɛ h p n a n
skilgreindum	s c ɪ l k r e i n t ʏ m
skimun	s c ɪː m ʏ n
skrifta	s k r ɪ f t a
skrokknum	s k r ɔ h k n ʏ m
skráðra	s k r a u ð r a
skuldbindingum	s k ʏ l t p ɪ n t i ŋ k ʏ m
skynsamur	s c ɪ n s aː m ʏ r
skyttur	s c ɪ h t ʏ r
skákmönnum	s k a uː k m œ nː ʏ m
skánar	s k a uː n a r
skáni	s k a uː n ɪ
skírði	s c i r ð ɪ
skýrleika	s c i r l e iː k a
skýrr	s c i rː
slökun	s t l œː k ʏ n
slöngu	s t l ø y ŋ k ʏ
sneiðar	s t n e iː ð a r
sparisjóð	s p aː r ɪ s j o uː ð
spilarinn	s p ɪː l a r ɪ nː
sprautar	s p r ø yː t a r
spurningarmerki	s p ʏ r t n i ŋ k a r m ɛ r̥ c ɪ
starfsgrein	s t a r v s k r e iː n
starfstíma	s t a r v s t iː m a
steiktar	s t e i x t a r
stera	s t ɛː r a
stjórnarfundi	s t j o u r t n a r f ʏ n t ɪ
stjórnarháttum	s t j o u r t n a r h a u h t ʏ m
stjórnmálaskoðanir	s t j o u r t n m a uː l a s k ɔː ð a n ɪ r
stjórntæki	s t j o u r t n tʰ a iː c ɪ
stjörnumenn	s t j œ r t n ʏ m ɛ nː
stjörnunum	s t j œ r t n ʏ n ʏ m
stofnfé	s t ɔ p n f j ɛː
strickland	s t r ɪ h k l a n t
strympa	s t r ɪ m̥ p a
sul	s ʏː l
sully	s ʏ t l ɪ
suðurhluti	s ʏː ð ʏ r l̥ ʏː t ɪ
suðurkjördæmis	s ʏː ð ʏ r cʰ œ r t a iː m ɪ s
svakaleg	s v aː k a l ɛː ɣ
svana	s v aː n a
svaraðu	s v aː r a ð ʏ
sveigjanleg	s v e iː j a n l ɛː ɣ
sveitt	s v e i h t
svenska	s v ɛ n s k a
svissnesku	s v ɪ sː n ɛ s k ʏ
sync	s i ŋ̊ k
sáttmálum	s a u h t m a uː l ʏ m
særandi	s a iː r a n t ɪ
særir	s a iː r ɪ r
síun	s iː j ʏ n
sólarhrings	s o uː l a r r̥ i ŋ k s
sögnum	s œ k n ʏ m
súlu	s uː l ʏ
sýnilegur	s iː n ɪ l ɛː ɣ ʏ r
sýslumanninum	s i s t l ʏ m a nː ɪ n ʏ m
tafli	tʰ a p l ɪ
tag	tʰ aː ɣ
tauga	tʰ ø yː ɣ a
tegundina	tʰ ɛː ɣ ʏ n t ɪː n a
titra	tʰ ɪː t r a
togstreita	tʰ ɔ x s t r e iː t a
ton	tʰ ɔː n
tori	tʰ ɔː r ɪ
traustar	tʰ r ø y s t a r
tregðu	tʰ r ɛ ɣ ð ʏ
troll	tʰ r ɔ t l
tryggvasonar	tʰ r ɪ kː v a s ɔː n a r
tróð	tʰ r o uː ð
trúnaðarmaður	tʰ r uː n a ð a r m aː ð ʏ r
tækninnar	tʰ a i h k n ɪ nː a r
tónlistarhús	tʰ o u n l ɪ s t a r h uː s
tónskáldsins	tʰ o u n s k a u l t s ɪ n s
túnfisk	tʰ u n f ɪ s k
ullin	ʏ t l ɪ n
umfangsmesta	ʏ m f a u ŋ k s m ɛ s t a
umrædd	ʏ m r a i tː
undirgefni	ʏ n t ɪ r c ɛ p n ɪ
ungfrúin	u ŋ k f r uː ɪ n
uppröðun	ʏ h p r œː ð ʏ n
utanríkisráðuneyti	ʏː t a n r iː c ɪ s r a uː ð ʏ n e iː t ɪ
vangaveltum	v a u ŋ k a v ɛ l̥ t ʏ m
varúðar	v aː r uː ð a r
vatnsból	v a h t n s p o uː l
vegirnir	v e iː j ɪ r t n ɪ r
veiðiferð	v e iː ð ɪ f ɛ r ð
verkfræðideild	v ɛ r̥ k f r a iː ð ɪ t e i l t
vestmanneyjum	v ɛ s t m a nː e iː j ʏ m
viggo	v ɪ kː ɔ
vila	v ɪː l a
vinnukonu	v ɪ nː ʏ kʰ ɔː n ʏ
vinstrimanna	v ɪ n s t r ɪ m a nː a
vissra	v ɪ sː r a
viðbrögðin	v ɪ ð p r œ ɣ ð ɪ n
viðbygging	v ɪ ð p ɪ cː i ŋ k
viðbótum	v ɪ ð p o uː t ʏ m
viðfangsefna	v ɪ ð f a u ŋ k s ɛ p n a
viðkvæma	v ɪ ð kʰ v a iː m a
viðskiptadeild	v ɪ ð s c ɪ f t a t e i l t
viðskiptamaður	v ɪ ð s c ɪ f t a m aː ð ʏ r
viðvart	v ɪ ð v a r̥ t
vopnið	v ɔ h p n ɪ ð
vágum	v a uː ʏ m
vélbyssur	v j ɛ l p ɪ sː ʏ r
vísbendingum	v iː s p ɛ n t i ŋ k ʏ m
vísindarannsókna	v iː s ɪ n t a r a nː s o u h k n a
vísitölunni	v iː s ɪ tʰ œː l ʏ nː ɪ
vítamínum	v iː tʰ a m iː n ʏ m
víðan	v iː ð a n
víðtækum	v i ð tʰ a iː k ʏ m
walden	v a l t ɛ n
wiltshire	v ɪ l̥ t s h ɪː r ɛ
workshop	v ɔ r̥ k s h ɔː p
yfirbragði	ɪː v ɪ r p r a ɣ ð ɪ
yfirskrift	ɪː v ɪ r s k r ɪ f t
áfallið	a uː f a t l ɪː ð
áformað	a uː f ɔ r m aː ð
áformin	a uː f ɔ r m ɪː n
áheyrenda	a uː h e iː r ɛ n t a
áhugamönnum	a uː h ʏː ɣ a m œ nː ʏ m
áhugaverða	a uː h ʏː ɣ a v ɛ r ð a
ákvörðuð	a uː kʰ v œ r ð ʏ ð
ákærðu	a uː cʰ a i r ð ʏ
ásjónu	a uː s j o uː n ʏ
áskorunum	a uː s k ɔː r ʏ n ʏ m
íbúðalánasjóð	iː p uː ð a l a uː n a s j o uː ð
ínn	i t n
ófært	o uː f a i r̥ t
ógæfu	o uː c a iː v ʏ
ómetanleg	o uː m ɛː tʰ a n l ɛː ɣ
ósigrandi	o uː s ɪ k r a n t ɪ
óskaplega	o u s k a pʰ l ɛː ɣ a
ögmund	œ ɣ m ʏ n t
ökutækjum	œː k ʏ tʰ a iː c ʏ m
öldruðum	œ l t r ʏː ð ʏ m
ölgerðarinnar	œ l c ɛ r ð a r ɪ nː a r
ölvir	œ l v ɪ r
örlátur	œ r l a uː t ʏ r
örsmá	œ r̥ s m a uː
öðlist	œ ð l ɪ s t
úlf	u l v
úrskurða	u r̥ s k ʏ r ð a
úrskurðar	u r̥ s k ʏ r ð a r
útsetningum	uː t s ɛ h t n i ŋ k ʏ m
útskýrð	uː t s c i r ð
ýkjur	iː c ʏ r
þe	θ ɛː
þegjandi	θ e iː j a n t ɪ
þokka	θ ɔ h k a
þokkalega	θ ɔ h k a l ɛː ɣ a
þrekvirki	θ r ɛː k v ɪ r̥ c ɪ
þrif	θ r ɪː v
þroskahjálp	θ r ɔ s k a ç a u l̥ p
þykku	θ ɪ h k ʏ
þórarni	θ o uː r a r t n ɪ
always	a l v e iː s
alþingismanns	a l θ i ɲ c ɪ s m a nː s
alþjóðasamskiptum	a l θ j o uː ð a s a m s c ɪ f t ʏ m
alþýðublaðið	a l θ iː ð ʏ p l aː ð ɪ ð
andstæðingarnir	a n t s t a iː ð i ŋ k a r t n ɪ r
aum	ø yː m
bandaríkjadali	p a n t a r iː c a t aː l ɪ
bersi	p ɛ r̥ s ɪ
bitru	p ɪː t r ʏ
blank	p l a u ŋ̊ k
borðeyri	p ɔ r ð e iː r ɪ
brasilíska	p r aː s ɪ l i s k a
brüssel	p r ʏ sː ɛ l
bækistöð	p a iː c ɪ s t œː ð
bókmenntaverðlaunanna	p o uː k m ɛ n̥ t a v ɛ r ð l ø yː n a nː a
bólu	p o uː l ʏ
börðu	p œ r ð ʏ
christensen	kʰ r ɪ s t ɛ n s ɛ n
dalsmynni	t a l s m ɪ nː ɪ
dei	t e iː
dragðu	t r a ɣ ð ʏ
dramatík	t r aː m a tʰ iː k
dælir	t a iː l ɪ r
dómkirkja	t o u m cʰ ɪ r̥ c a
dúlla	t u t l a
efnislegt	ɛ p n ɪ s t l ɛ x t
eplið	ɛ h p l ɪː ð
era	ɛː r a
erindagjörðum	ɛː r ɪ n t a c œ r ð ʏ m
fallegi	f a t l e iː j ɪ
falskt	f a l s k t
farangurinn	f aː r a u ŋ k ʏ r ɪ nː
fix	f ɪ k s
flatir	f l aː t ɪ r
fold	f ɔ l t
forsætisráðherrans	f ɔ r̥ s a iː t ɪ s r a uː ð h ɛ rː a n s
fræðigreina	f r a iː ð ɪ k r e iː n a
fuglalífi	f ʏ k l a l iː v ɪ
fuji	f ʏ iː j ɪ
fárviðri	f a u r v ɪ ð r ɪ
föll	f œ t l
gangsett	k a u ŋ k s ɛ h t
gear	c ɛː r
geislunar	c e i s t l ʏː n a r
grunnmenntun	k r ʏ nː m ɛ n̥ t ʏ n
gróðursettar	k r o uː ð ʏ r s ɛ h t a r
guðfræðideild	k v ʏ ð f r a iː ð ɪ t e i l t
gætilega	c a iː t ɪ l ɛː ɣ a
gói	k o uː ɪ
góu	k o uː ʏ
hefðbundnari	h ɛ v ð p ʏ n t n a r ɪ
heimaland	h e iː m a l a n t
heimalands	h e iː m a l a n t s
heimsmarkaði	h e i m s m a r̥ k aː ð ɪ
heimspekideild	h e i m s p ɛː c ɪ t e i l t
heimum	h e iː m ʏ m
hikar	h ɪː k a r
hlaust	l̥ ø y s t
hlaðnir	l̥ a ð n ɪ r
hljóðveri	l̥ j o u ð v ɛː r ɪ
hlustir	l̥ ʏ s t ɪ r
hnekki	n̥ ɛ h c ɪ
hrifnari	r̥ ɪ p n a r ɪ
hryllilega	r̥ ɪ t l ɪ l ɛː ɣ a
hugmyndar	h ʏ ɣ m ɪ n t a r
huldar	h ʏ l t a r
institut	ɪ n s t ɪ tʰ ʏː t
isle	ɪ s t l ɛ
istanbul	ɪ s t a n p ʏː l
jungle	j u ŋ l ɛ
jósefsson	j o uː s ɛ f s s ɔː n
kaffistofunni	kʰ a fː ɪ s t ɔː f ʏ nː ɪ
karlssonar	kʰ a r t l s s ɔː n a r
kirkjumálaráðherra	cʰ ɪ r̥ c ʏ m a uː l a r a uː ð h ɛ rː a
kosningakerfi	kʰ ɔ s t n i ŋ k a cʰ ɛ r v ɪ
krútt	kʰ r u h t
letter	l ɛ h t ɛ r
leyndarmálið	l e i n t a r m a uː l ɪ ð
ljubljana	l j ʏ p l j aː n a
látrum	l a uː t r ʏ m
lækjartorgi	l a iː c a r tʰ ɔ r c ɪ
lóðrétta	l o u ð r j ɛ h t a
lögreglustöðina	l œ ɣ r ɛ k l ʏ s t œː ð ɪ n a
midi	m ɪː t ɪ
mittið	m ɪ h t ɪ ð
miðaður	m ɪː ð a ð ʏ r
miðjarðarhafi	m ɪ ð j a r ð a r h aː v ɪ
málverki	m a u l v ɛ r̥ c ɪ
ofveiði	ɔ v v e iː ð ɪ
pale	pʰ aː l ɛ
portúgölsku	pʰ ɔ r̥ t u k œ l s k ʏ
pípur	pʰ iː p ʏ r
rannsakaður	r a nː s aː k aː ð ʏ r
refa	r ɛː v a
reiknirit	r e i h k n ɪ r ɪː t
reykjavíkurkjördæmi	r e iː c a v iː k ʏ r cʰ œ r t a iː m ɪ
rómversku	r o u m v ɛ r̥ s k ʏ
rómönsku	r o uː m œ n s k ʏ
rúsínan	r uː s iː n a n
samræða	s a m r a iː ð a
samviska	s a m v ɪ s k a
selir	s ɛː l ɪ r
serbía	s ɛ r p iː j a
sjávarmál	s j a uː v a r m a uː l
sjúkt	s j u x t
skattsvik	s k a h t s v ɪː k
skeggja	s c ɛ cː a
skrauts	s k r ø y t s
skugganum	s k ʏ kː a n ʏ m
skynfæri	s c ɪ n f a iː r ɪ
skáldum	s k a u l t ʏ m
skírnir	s c i r t n ɪ r
slegist	s t l e iː j ɪ s t
smita	s m ɪː t a
smáríki	s m a uː r iː c ɪ
sn	s t n
stafirnir	s t aː v ɪ r t n ɪ r
starfsferli	s t a r v s f ɛ r t l ɪ
steikur	s t e iː k ʏ r
stjórnmálaleg	s t j o u r t n m a uː l a l ɛː ɣ
styrjaldir	s t ɪ r j a l t ɪ r
stóriðja	s t o uː r ɪ ð j a
stönginni	s t ø y ɲ c ɪ nː ɪ
sultur	s ʏ l̥ t ʏ r
svefnlyf	s v ɛ p n l ɪː v
sveina	s v e iː n a
sveitunum	s v e iː t ʏ n ʏ m
svokallaðrar	s v ɔː k a t l a ð r a r
söfnuð	s œ p n ʏ ð
tansaníu	tʰ a n s a n iː j ʏ
töluverðri	tʰ œː l ʏ v ɛ r ð r ɪ
ulf	ʏ l v
umheimsins	ʏ m h e i m s ɪ n s
uppgufun	ʏ h p k ʏː v ʏ n
verknaður	v ɛ r̥ k n aː ð ʏ r
verðlaunahafa	v ɛ r ð l ø yː n a h aː v a
virgin	v ɪ r c ɪ n
visual	v ɪː s ʏ aː l
vitlausir	v ɪː t l ø yː s ɪ r
viðfang	v ɪ ð f a u ŋ k
viðskila	v ɪ ð s c ɪː l a
vígði	v i ɣ ð ɪ
vísindagreinar	v iː s ɪ n t a k r e iː n a r
yfirlögregluþjónn	ɪː v ɪ r l œ ɣ r ɛ k l ʏ θ j o u t n
yrsa	ɪ r̥ s a
áhrifamesti	a uː r̥ ɪː v a m ɛ s t ɪ
ályktunin	a uː l ɪ x t ʏ n ɪ n
ásdísar	a uː s t iː s a r
ástvin	a u s t v ɪː n
æskan	a i s k a n
íhaldsmanna	iː h a l t s m a nː a
óformlegt	o uː f ɔ r m l ɛ x t
ólöglegu	o uː l œ ɣ l ɛː ɣ ʏ
ósa	o uː s a
óveðri	o uː v ɛ ð r ɪ
óvina	o uː v ɪː n a
óákveðin	o uː a uː kʰ v ɛː ð ɪ n
ögrun	œ ɣ r ʏ n
ökrum	œː k r ʏ m
útvarpsþætti	uː t v a r̥ p s θ a i h t ɪ
útvegum	uː t v ɛː ɣ ʏ m
þegnanna	θ ɛ k n a nː a
þjóðarmorð	θ j o uː ð a r m ɔ r ð
þytur	θ ɪː t ʏ r
þórhalli	θ o uː r h a t l ɪ
þögul	θ œː ɣ ʏ l
þörunga	θ œː r u ŋ k a
afganginum	a v k a u ɲ c ɪ n ʏ m
afhroð	a v r̥ ɔː ð
aldamótunum	a l t a m o uː t ʏ n ʏ m
alþjóðalögum	a l θ j o uː ð a l œː ɣ ʏ m
andrésdóttir	a n t r j ɛː s t o u h t ɪ r
arfs	a r f s
atkvæðin	aː t kʰ v a iː ð ɪ n
auðugt	ø yː ð ʏ x t
beittum	p e i h t ʏ m
bern	p ɛ r t ⁽ʰ ⁾ n
bjartmar	p j a r̥ t m a r
blaðanna	p l aː ð a nː a
brain	p r a iː n
bæjarfélög	p a iː j a r f j ɛː l œː ɣ
bæjarlistamaður	p a iː j a r l ɪ s t a m aː ð ʏ r
bíðið	p iː ð ɪ ð
búningsklefa	p uː n i ŋ k s k l ɛː v a
bút	p uː t
captain	kʰ a f t a iː n
congress	kʰ o u ŋ k r ɛ sː
corbyn	kʰ ɔ r p ɪː n
darling	t a r t l i ŋ k
derrida	t ɛ rː ɪ t a
djamma	t j a mː a
drekki	t r ɛ h c ɪ
dvöldust	t v œ l t ʏ s t
dæmigerða	t a iː m ɪ c ɛ r ð a
dökkar	t œ h k a r
eignað	e i k n a ð
einfölduð	e i n f œ l t ʏ ð
elskendur	ɛ l s c ɛ n t ʏ r
erfði	ɛ r v ð ɪ
esjunni	ɛː s j ʏ nː ɪ
evrópski	ɛ v r o u p s c ɪ
eyjólf	e iː j o u l v
farnast	f a r t n a s t
ferskvatni	f ɛ r̥ s k v a h t n ɪ
ferðasögu	f ɛ r ð a s œː ɣ ʏ
fjaðrir	f j a ð r ɪ r
fjármagnaðar	f j a u r m a k n aː ð a r
flottri	f l ɔ h t r ɪ
flóka	f l o uː k a
fordæmt	f ɔ r t a i m̥ t
format	f ɔ r m aː t
forsetatíð	f ɔ r̥ s ɛː t a tʰ iː ð
fullkomnir	f ʏ t l̥ kʰ ɔ m n ɪ r
fólksfjölda	f o u l̥ k s f j œ l t a
fúlt	f u l̥ t
gleypt	k l e i f t
glími	k l iː m ɪ
grunnvatn	k r ʏ nː v a h t n
grófar	k r o uː v a r
gulir	k ʏː l ɪ r
hafþórsson	h a v θ o u r̥ s s ɔː n
heimspekilegar	h e i m s p ɛː c ɪ l ɛː ɣ a r
helgafells	h ɛ l k a f ɛ t l s
heru	h ɛː r ʏ
hetjum	h ɛː t j ʏ m
hitastigs	h ɪː t a s t ɪ x s
hliðanna	l̥ ɪː ð a nː a
hliði	l̥ ɪː ð ɪ
hljóðblöndun	l̥ j o u ð p l œ n t ʏ n
hlægilegt	l̥ a iː j ɪ l ɛ x t
hoyvík	h ɔ iː v iː k
hreinsaði	r̥ e i n s aː ð ɪ
hversdagslegum	kʰ v ɛ r̥ s t a x s l ɛː ɣ ʏ m
hættulegasta	h a i h t ʏ l ɛː ɣ a s t a
iran	ɪː r a n
jafngild	j a p n c ɪ l t
jarðolíu	j a r ð ɔ l iː j ʏ
játningar	j a u h t n i ŋ k a r
jökuldal	j œː k ʏ l t aː l
júlíusar	j uː l i j ʏː s a r
kaldra	kʰ a l t r a
kenía	cʰ ɛː n i j a
kerlingar	cʰ ɛ r t l i ŋ k a r
kettinum	cʰ ɛ h t ɪ n ʏ m
klefanum	kʰ l ɛː v a n ʏ m
klessu	kʰ l ɛ sː ʏ
klettunum	kʰ l ɛ h t ʏ n ʏ m
klikkaður	kʰ l ɪ h k a ð ʏ r
koltvísýringur	kʰ ɔ l̥ t v iː s iː r i ŋ k ʏ r
kulusuk	kʰ ʏː l ʏ s ʏː k
kvikmyndagerðarmenn	kʰ v ɪː k m ɪ n t a c ɛ r ð a r m ɛ nː
kviði	kʰ v ɪː ð ɪ
kútnum	kʰ u h t n ʏ m
ligg	l ɪ kː
lyftuna	l ɪ f t ʏ n a
læddist	l a i tː ɪ s t
lækningum	l a i h k n i ŋ k ʏ m
lýðveldis	l i ð v ɛ l t ɪ s
manst	m a n s t
md	ɛ m t
meet	m ɛː t
megir	m e iː j ɪ r
meistaranna	m e i s t a r a nː a
merkar	m ɛ r̥ k a r
messað	m ɛ sː a ð
meðhöndlaður	m ɛː ð h œ n t l aː ð ʏ r
mjúkan	m j uː k a n
mosfellssveit	m ɔː s f ɛ t l s s v e iː t
málvísindum	m a u l v iː s ɪ n t ʏ m
mósambík	m o uː s a m p iː k
neymar	n e iː m a r
norskar	n ɔ r̥ s k a r
norðlendinga	n ɔ r ð l ɛ n t i ŋ k a
nt	ɛ n̥ t
náttúrufræðibraut	n a u h t uː r ʏ f r a iː ð ɪ p r ø yː t
opera	ɔː p ɛː r a
orkar	ɔ r̥ k a r
prentar	pʰ r ɛ n̥ t a r
prentaður	pʰ r ɛ n̥ t aː ð ʏ r
púertó	pʰ uː ɛ r̥ t o uː
raddirnar	r a tː ɪ r t n a r
rafal	r aː v aː l
rafbók	r a v p o uː k
rannsóknarstofum	r a nː s o u h k n a r s t ɔː v ʏ m
ritgerða	r ɪː t c ɛ r ð a
réttarkerfi	r j ɛ h t a r cʰ ɛ r v ɪ
röskvu	r œ s k v ʏ
safnist	s a p n ɪ s t
said	s a iː t
samdar	s a m t a r
samkomuhús	s a m kʰ ɔː m ʏ h uː s
samkynja	s a m cʰ ɪ n j a
sannri	s a nː r ɪ
sant	s a n̥ t
sigfúsar	s ɪ x f uː s a r
siðaskiptin	s ɪː ð a s c ɪ f t ɪ n
skólafélaga	s k o uː l a f j ɛː l aː ɣ a
slakt	s t l a x t
sleep	s t l ɛː p
slitnar	s t l ɪ h t n a r
spólu	s p o uː l ʏ
spón	s p o uː n
stories	s t ɔː r ɪ ɛː s
strengir	s t r e i ɲ c ɪ r
stækkaður	s t a i h k a ð ʏ r
stíla	s t iː l a
sundhöll	s ʏ n t h œ t l
sænskri	s a i n s k r ɪ
símonarson	s iː m ɔː n a r s ɔː n
sóttust	s o u h t ʏ s t
tannbursta	tʰ a nː p ʏ r̥ s t a
techno	tʰ ɛ x n ɔ
textagerð	tʰ ɛ k s t a c ɛ r ð
tjarnir	tʰ j a r t n ɪ r
trölla	tʰ r œ t l a
táknuð	tʰ a u h k n ʏ ð
tæru	tʰ a iː r ʏ
tónlistarmyndband	tʰ o u n l ɪ s t a r m ɪ n t p a n t
undanfara	ʏ n t a n f aː r a
uppreisnarmanna	ʏ h p r e i s t n a r m a nː a
utanverðu	ʏː t a n v ɛ r ð ʏ
utanverðum	ʏː t a n v ɛ r ð ʏ m
vagnar	v a k n a r
valgarður	v a l k a r ð ʏ r
varðhaldi	v a r ð h a l t ɪ
varðveitti	v a r ð v e i h t ɪ
vesturlandabúa	v ɛ s t ʏ r l a n t a p uː a
ví	v iː
vörubíll	v œː r ʏ p i t l
wonder	v ɔ n t ɛ r
árstíðir	a u r̥ s t iː ð ɪ r
ætlarðu	a i h t l a r ð ʏ
óaðskiljanlegur	o uː a ð s c ɪ l j a n l ɛː ɣ ʏ r
ólínu	o uː l iː n ʏ
óþekktar	o uː θ ɛ x t a r
öfunda	œː v ʏ n t a
öxará	œ k s a r a uː
þorleifsdóttir	θ ɔ r l e i v s t o u h t ɪ r
þorvarðardóttir	θ ɔ r v a r ð a r t o u h t ɪ r
þrenn	θ r ɛ nː
þykkri	θ ɪ h k r ɪ
afhjúpar	a v ç uː p a r
afhjúpaði	a v ç uː p aː ð ɪ
aflögu	a v l œː ɣ ʏ
agndofa	a k n t ɔː v a
altaris	a l̥ t a r ɪː s
alþjóðasambands	a l θ j o uː ð a s a m p a n t s
anatoly	aː n a tʰ ɔː l ɪ
artist	a r̥ t ɪ s t
ass	a sː
ava	aː v a
aðalritari	aː ð a l r ɪː t a r ɪ
aðskilur	a ð s c ɪː l ʏ r
bakslag	p aː k s t l aː ɣ
balkanskaga	p a l̥ k a n s k aː ɣ a
bandaríkjamaður	p a n t a r iː c a m aː ð ʏ r
barnaefni	p a r t n a ɛ p n ɪ
barnaskólanum	p a r t n a s k o uː l a n ʏ m
beitar	p e iː t a r
bela	p ɛː l a
bet	p ɛː t
bi	p ɪː
bilað	p ɪː l a ð
binni	p ɪ nː ɪ
blaka	p l aː k a
blekkjast	p l ɛ h c a s t
blindum	p l ɪ n t ʏ m
bold	p ɔ l t
bone	p ɔː n ɛ
borgarfulltrúum	p ɔ r k a r f ʏ t l̥ tʰ r uː ʏ m
borðspil	p ɔ r ð s p ɪː l
brag	p r aː ɣ
brattar	p r a h t a r
bremsur	p r ɛ m s ʏ r
brenndar	p r ɛ n t a r
bretta	p r ɛ h t a
brownsville	p r ɔ u n s v ɪ t l ɛ
butler	p ʏ h t l ɛ r
bæna	p a iː n a
bítlana	p iː t l aː n a
börk	p œ r̥ k
búðu	p uː ð ʏ
cecily	s ɛː s ɪ l ɪ
cherry	cʰ ɛ rː ɪ
cicero	s ɪː s ɛː r ɔ
cod	kʰ ɔː t
como	kʰ ɔː m ɔ
cut	kʰ ʏː t
daglegar	t a ɣ l ɛː ɣ a r
dalirnir	t aː l ɪ r t n ɪ r
danni	t a nː ɪ
dansandi	t a n s a n t ɪ
deilumál	t e iː l ʏ m a uː l
dekki	t ɛ h c ɪ
dundee	t ʏ n t ɛː
duo	t ʏː ɔ
duran	t ʏː r a n
díönu	t iː œː n ʏ
dölunum	t œː l ʏ n ʏ m
dúbaí	t uː p a iː
edison	ɛː t ɪ s ɔː n
eds	ɛ t s
einangraður	e iː n a u ŋ k r aː ð ʏ r
einmanaleika	e i n m aː n a l e iː k a
einsleit	e i n s t l e iː t
elskurnar	ɛ l s k ʏ r t n a r
endurheimti	ɛ n t ʏ r h e i m̥ t ɪ
endurskrifa	ɛ n t ʏ r s k r ɪː v a
enskra	ɛ n s k r a
esteban	ɛ s t ɛ p aː n
etanól	ɛː t a n o uː l
evrópumótið	ɛ v r o uː p ʏ m o uː t ɪ ð
eyvindar	e iː v ɪ n t a r
farartækja	f aː r a r tʰ a iː c a
feitar	f e iː t a r
files	f ɪː l ɛː s
fingurnir	f i ŋ k ʏ r t n ɪ r
fjaran	f j aː r a n
fjórtánda	f j o u r̥ tʰ a u n t a
fjölbrautaskóli	f j œ l p r ø yː t a s k o uː l ɪ
fjörugt	f j œː r ʏ x t
flugvélina	f l ʏ ɣ v j ɛː l ɪː n a
flóða	f l o uː ð a
forni	f ɔ r t n ɪ
fornri	f ɔ r t n r ɪ
fossá	f ɔ sː a uː
framhaldsmenntun	f r a m h a l t s m ɛ n̥ t ʏ n
frankar	f r a u ŋ̊ k a r
fransk	f r a n s k
frelsar	f r ɛ l s a r
frumbyggjar	f r ʏ m p ɪ cː a r
frídagar	f r iː t aː ɣ a r
frír	f r iː r
fríum	f r iː j ʏ m
fyir	f ɪː ɪ r
fyrrakvöld	f ɪ rː a kʰ v œ l t
fágætt	f a uː c a i h t
fánar	f a uː n a r
fígúrur	f iː k uː r ʏ r
fóstureyðingum	f o u s t ʏ r e iː ð i ŋ k ʏ m
gadus	k aː t ʏ s
gamanleikur	k aː m a n l e iː k ʏ r
gautland	k ø yː t l a n t
gefins	c ɛː v ɪ n s
geimfarið	c e i m f aː r ɪ ð
germain	c ɛ r m a iː n
gl	k l
glatar	k l aː t a r
glotti	k l ɔ h t ɪ
glæsileika	k l a iː s ɪ l e iː k a
gotti	k ɔ h t ɪ
grammy	k r a mː ɪ
greiddir	k r e i tː ɪ r
greifynja	k r e iː v ɪ n j a
gráir	k r a uː ɪ r
græjum	k r a iː j ʏ m
grænlensku	k r a i n l ɛ n s k ʏ
gríns	k r i n s
grískt	k r i s k t
guggenheim	k ʏ cː ɛ n h e iː m
guðspjöllunum	k v ʏ ð s p j œ t l ʏ n ʏ m
gyðingahatur	c ɪː ð i ŋ k a h aː t ʏ r
gæddur	c a i tː ʏ r
gæsir	c a iː s ɪ r
gætur	c a iː t ʏ r
gífurlegu	c iː v ʏ r l ɛː ɣ ʏ
hagalín	h aː ɣ a l iː n
hakim	h aː c ɪ m
hammerstein	h a mː ɛ r̥ s t e iː n
haturs	h aː t ʏ r̥ s
hefðuð	h ɛ v ð ʏ ð
heildarlengd	h e i l t a r l e i ŋ t
heimsmeistara	h e i m s m e i s t aː r a
heinesen	h e iː n ɛː s ɛ n
heiðingja	h e iː ð i ɲ c a
herbergjunum	h ɛ r p ɛ r c ʏ n ʏ m
herdísar	h ɛ r t iː s a r
herlög	h ɛ r l œː ɣ
hermönnunum	h ɛ r m œ nː ʏ n ʏ m
hersir	h ɛ r̥ s ɪ r
herstöð	h ɛ r̥ s t œː ð
heyrðum	h e i r ð ʏ m
hljómplötur	l̥ j o u m pʰ l œː t ʏ r
hljóðritun	l̥ j o u ð r ɪː t ʏ n
hlupum	l̥ ʏː p ʏ m
hló	l̥ o uː
hnífum	n̥ iː v ʏ m
hollan	h ɔ t l a n
honey	h ɔː n ɛ i̯
hoppar	h ɔ h p a r
hraðanum	r̥ aː ð a n ʏ m
hringbrautar	r̥ i ŋ k p r ø yː t a r
hvötum	kʰ v œː t ʏ m
háttsettir	h a u h t s ɛ h t ɪ r
hö	h œː
höfuðstaðnum	h œː v ʏ ð s t a ð n ʏ m
hönnunina	h œ nː ʏ n ɪː n a
illri	ɪ t l r ɪ
illvirki	ɪ t l v ɪ r̥ c ɪ
inum	ɪː n ʏ m
jöfnuna	j œ p n ʏ n a
kaldbak	kʰ a l t p aː k
kennitölu	cʰ ɛ nː ɪ tʰ œː l ʏ
kerfisbundnum	cʰ ɛ r v ɪ s p ʏ n t n ʏ m
keyrsla	cʰ e i r̥ s t l a
khashoggi	kʰ aː s h ɔ cː ɪ
kirkjubóli	cʰ ɪ r̥ c ʏ p o uː l ɪ
klikk	kʰ l ɪ h k
kokkar	kʰ ɔ h k a r
kolkis	kʰ ɔ l̥ c ɪ s
kraftmikill	kʰ r a f t m ɪː c ɪ t l
kubb	kʰ ʏ pː
kvaddir	kʰ v a tː ɪ r
kvefi	kʰ v ɛː v ɪ
kvennaskólanum	kʰ v ɛ nː a s k o uː l a n ʏ m
kvikmyndatöku	kʰ v ɪː k m ɪ n t a tʰ œː k ʏ
kynningunni	cʰ ɪ nː i ŋ k ʏ nː ɪ
kynþátta	cʰ ɪ n θ a u h t a
kókaín	kʰ o uː k a iː n
kút	kʰ uː t
langadal	l a u ŋ k a t aː l
langskip	l a u ŋ k s c ɪː p
lauka	l ø yː k a
lay	l a iː
legi	l e iː j ɪ
leifum	l e iː v ʏ m
leikföngum	l e iː k f ø y ŋ k ʏ m
lemon	l ɛː m ɔ n
lifrina	l ɪ v r ɪː n a
listaverkin	l ɪ s t a v ɛ r̥ c ɪ n
listfræðingur	l ɪ s t f r a iː ð i ŋ k ʏ r
litin	l ɪː t ɪ n
lotningu	l ɔ h t n i ŋ k ʏ
lyktaði	l ɪ x t aː ð ɪ
lyndon	l ɪ n t ɔ n
lystir	l ɪ s t ɪ r
lærið	l a iː r ɪ ð
lífshætti	l i v s h a i h t ɪ
lögmaðurinn	l œ ɣ m aː ð ʏ r ɪ nː
manitoba	m aː n ɪ tʰ ɔː p a
mannfalli	m a nː f a t l ɪ
matseld	m aː t s ɛ l t
miki	m ɪː c ɪ
milla	m ɪ t l a
minnis	m ɪ nː ɪ s
minnt	m ɪ n̥ t
minntir	m ɪ n̥ t ɪ r
mirror	m ɪ rː ɔ r
mitterrand	m ɪ h t ɛ r r a n t
miðdal	m ɪ ð t aː l
mohr	m ɔː r
morgnanna	m ɔ r k n a nː a
myndataka	m ɪ n t a tʰ aː k a
mág	m a uː
nana	n aː n a
napalm	n aː pʰ a l m
niðurgangi	n ɪː ð ʏ r k a u ɲ c ɪ
norðurströnd	n ɔ r ð ʏ r s t r œ n t
notalega	n ɔː t a l ɛː ɣ a
nálganir	n a u l k a n ɪ r
næststærsta	n a i s t s t a i r̥ s t a
númerum	n uː m ɛː r ʏ m
nýkomin	n iː kʰ ɔː m ɪ n
omaha	ɔː m a h a
opnist	ɔ h p n ɪ s t
osama	ɔː s aː m a
pela	pʰ ɛː l a
pennanum	pʰ ɛ nː a n ʏ m
persíu	pʰ ɛ r̥ s iː j ʏ
pilsi	pʰ ɪ l s ɪ
platna	pʰ l a h t n a
plötusamning	pʰ l œː t ʏ s a m n i ŋ k
pong	pʰ o u ŋ k
prabang	pʰ r aː p a u ŋ k
póló	pʰ o uː l o uː
rafmagnslaust	r a v m a k n s t l ø y s t
reeves	r ɛː v ɛː s
renndu	r ɛ n t ʏ
repúblíkana	r ɛː p u p l iː kʰ aː n a
reykhólahreppi	r e iː k h o uː l a r̥ ɛ h p ɪ
reykingum	r e iː c i ŋ k ʏ m
riddaranum	r ɪ tː a r aː n ʏ m
rifist	r ɪː v ɪ s t
riðils	r ɪː ð ɪ l s
riðlakeppninni	r ɪ ð l a cʰ ɛ h p n ɪ nː ɪ
robb	r ɔ pː
rosenborg	r ɔː s ɛ n p ɔ r k
row	r ɔː v
runner	r ʏ nː ɛ r
ruslinu	r ʏ s t l ɪː n ʏ
rómaveldi	r o uː m a v ɛ l t ɪ
rómaveldis	r o uː m a v ɛ l t ɪ s
rúmin	r uː m ɪ n
rússneskri	r u sː n ɛ s k r ɪ
samir	s aː m ɪ r
samrunann	s a m r ʏ n a nː
sardínur	s a r t iː n ʏ r
sautjándu	s ø yː t j a u n t ʏ
sendingunni	s ɛ n t i ŋ k ʏ nː ɪ
sentimetrar	s ɛ n̥ t ɪ m ɛː t r a r
seven	s ɛː v ɛ n
simms	s ɪ m s
sjáanlegt	s j a uː a n l ɛ x t
skaftá	s k a f t a uː
skilvirkara	s c ɪ l v ɪ r̥ k aː r a
skoruð	s k ɔː r ʏ ð
skuggalega	s k ʏ kː a l ɛː ɣ a
skutulsfirði	s k ʏː t ʏ l s f ɪ r ð ɪ
skyndibita	s c ɪ n t ɪ p ɪː t a
skátarnir	s k a uː tʰ a r t n ɪ r
skíðagöngu	s c iː ð a k ø y ŋ k ʏ
skórnir	s k o u r t n ɪ r
sköpunargáfu	s k œː p ʏ n a r k a uː v ʏ
skúrnum	s k u r t n ʏ m
slide	s t l ɪː t ɛ
smakkast	s m a h k a s t
smelltu	s m ɛ l̥ t ʏ
smáatriðin	s m a uː a tʰ r ɪː ð ɪ n
smáskífu	s m a uː s c iː v ʏ
snögga	s t n œ kː a
sonarins	s ɔː n a r ɪ n s
spunnust	s p ʏ nː ʏ s t
staðháttum	s t aː ð h a u h t ʏ m
stellingar	s t ɛ t l i ŋ k a r
sterkju	s t ɛ r̥ c ʏ
steyptar	s t e i f t a r
stjórnlaus	s t j o u r t n l ø yː s
stoppum	s t ɔ h p ʏ m
sturlusonar	s t ʏ r t l ʏ s ɔː n a r
stuði	s t ʏː ð ɪ
stærðfræðingur	s t a i r ð f r a iː ð i ŋ k ʏ r
stæðist	s t a iː ð ɪ s t
stöðugir	s t œː ð ʏ j ɪ r
stöðuhækkun	s t œː ð ʏ h a i h k ʏ n
stúkan	s t uː k a n
svenni	s v ɛ nː ɪ
svíakonungs	s v iː j a kʰ ɔː n u ŋ k s
særði	s a i r ð ɪ
sérsveitir	s j ɛ r̥ s v e iː t ɪ r
sökina	s œː c ɪ n a
tafar	tʰ aː v a r
taugaveiki	tʰ ø yː ɣ a v e iː c ɪ
terra	tʰ ɛ rː a
teygist	tʰ e iː j ɪ s t
tilraunastofu	tʰ ɪ l r ø yː n a s t ɔː v ʏ
tindastóli	tʰ ɪ n t a s t o uː l ɪ
tjái	tʰ j a uː ɪ
tnt	tʰ ɛ n̥ t
tolli	tʰ ɔ t l ɪ
trey	tʰ r e iː
trésins	tʰ r j ɛː s ɪ n s
tyrkjum	tʰ ɪ r̥ c ʏ m
tímon	tʰ iː m ɔː n
tóndæmi	tʰ o u n t a iː m ɪ
tónlistarmennirnir	tʰ o u n l ɪ s t a r m ɛ nː ɪ r t n ɪ r
tónlistarverðlaunin	tʰ o u n l ɪ s t a r v ɛ r ð l ø yː n ɪ n
túrista	tʰ uː r ɪ s t a
undirflokka	ʏ n t ɪ r f l ɔ h k a
uno	ʏː n ɔ
uppréttur	ʏ h p r j ɛ h t ʏ r
valnum	v a l n ʏ m
vandræðalegt	v a n t r a iː ð a l ɛ x t
vegakerfið	v ɛː ɣ a cʰ ɛ r v ɪː ð
veirum	v e iː r ʏ m
veitingarnar	v e iː t i ŋ k a r t n a r
verjum	v ɛ r j ʏ m
verktaka	v ɛ r̥ k tʰ aː k a
verðmætasta	v ɛ r ð m a iː tʰ a s t a
vesturbæjar	v ɛ s t ʏ r p a iː j a r
vesturátt	v ɛ s t ʏ r a u h t
veturnar	v ɛː t ʏ r t n a r
vinning	v ɪ nː i ŋ k
vitlausa	v ɪː t l ø yː s a
vitleysan	v ɪː t l e iː s a n
volume	v ɔː l ʏ m ɛː
voðalega	v ɔː ð a l ɛː ɣ a
vísindagrein	v iː s ɪ n t a k r e iː n
ágreiningurinn	a uː k r e iː n i ŋ k ʏ r ɪ nː
áhrifarík	a uː r̥ ɪː v a r iː k
ályktunum	a uː l ɪ x t ʏ n ʏ m
árekstrum	a uː r ɛ k s t r ʏ m
ástatt	a uː s t a h t
ávarpar	a uː v a r̥ p a r
æfum	a iː v ʏ m
ættfræði	a i h t f r a iː ð ɪ
ísa	iː s a
íslendingi	i s t l ɛ n t i ɲ c ɪ
ívan	iː v a n
íþróttamannvirki	iː θ r o u h t a m a nː v ɪ r̥ c ɪ
ökum	œː k ʏ m
öldungadeildar	œ l t u ŋ k a t e i l t a r
öndinni	œ n t ɪ nː ɪ
öryggið	œː r ɪ cː ɪ ð
útskýrðu	uː t s c i r ð ʏ
útvalda	uː t v a l t a
þjóðsaga	θ j o u ð s aː ɣ a
þjöppun	θ j œ h p ʏ n
þorbjarnardóttir	θ ɔ r p j a r t n a r t o u h t ɪ r
þrældóm	θ r a i l t o uː m
þrælum	θ r a iː l ʏ m
þéttu	θ j ɛ h t ʏ
þórbergs	θ o u r p ɛ r k s
þýð	θ iː ð
aarhus	ɔː r h ʏː s
afmælisdag	a v m a iː l ɪ s t aː ɣ
afrin	a v r ɪː n
afurðirnar	aː v ʏ r ð ɪ r t n a r
algerum	a l c ɛː r ʏ m
almenni	a l m ɛ nː ɪ
alvarlegan	a l v a r l ɛː ɣ a n
alþingismönnum	a l θ i ɲ c ɪ s m œ nː ʏ m
amazing	aː m a t͡s i ŋ k
andstæðar	a n t s t a iː ð a r
andstæðinganna	a n t s t a iː ð i ŋ k a nː a
annarstaðar	a nː a r s t aː ð a r
atkvæðagreiðslan	aː t kʰ v a iː ð a k r e i ð s t l a n
atkvæðagreiðslunni	aː t kʰ v a iː ð a k r e i ð s t l ʏ nː ɪ
aukagrein	ø yː k a k r e iː n
aukinheldur	ø yː c ɪ n h ɛ l t ʏ r
austurbæjarskóla	ø y s t ʏ r p a iː j a r s k o uː l a
auðkennd	ø y ð cʰ ɛ n t
auðmanna	ø y ð m a nː a
aðalatriðið	aː ð a l a tʰ r ɪː ð ɪ ð
aðalmarkmið	aː ð a l m a r̥ k m ɪː ð
aðalnámskrá	aː ð a l n a u m s k r a uː
aðgerðunum	a ð c ɛ r ð ʏ n ʏ m
aðstandendum	a ð s t a n t ɛ n t ʏ m
bakland	p aː k l a n t
baldvini	p a l t v ɪː n ɪ
bandaríkjum	p a n t a r iː c ʏ m
bankaráði	p a u ŋ̊ k a r a uː ð ɪ
bankaráðs	p a u ŋ̊ k a r a u ð s
baráttunnar	p aː r a u h t ʏ nː a r
basa	p aː s a
bath	p aː t
batnandi	p a h t n a n t ɪ
bekki	p ɛ h c ɪ
björgunaraðgerðir	p j œ r k ʏ n a r a ð c ɛ r ð ɪ r
björgunarmenn	p j œ r k ʏ n a r m ɛ nː
björgunarsveit	p j œ r k ʏ n a r s v e iː t
blíð	p l iː ð
blómstrað	p l o u m s t r aː ð
blóðsykur	p l o u ð s ɪː k ʏ r
blóðþrýstingi	p l o u ð θ r i s t i ɲ c ɪ
bogason	p ɔː ɣ a s ɔː n
bollum	p ɔ t l ʏ m
bolnum	p ɔ l n ʏ m
borgartúni	p ɔ r k a r tʰ uː n ɪ
borgþór	p ɔ r k θ o uː r
bralla	p r a t l a
breytingunni	p r e iː t i ŋ k ʏ nː ɪ
brotsins	p r ɔː t s ɪ n s
bryndísi	p r ɪ n t iː s ɪ
bus	p ʏː s
byggðarlögum	p ɪ ɣ ð a r l œː ɣ ʏ m
byrjunarreit	p ɪ r j ʏ n a r r e iː t
bænin	p a iː n ɪ n
bílstjóra	p i l s t j o uː r a
bókhaldi	p o uː k h a l t ɪ
bókmenntasögu	p o uː k m ɛ n̥ t a s œː ɣ ʏ
bókmenntaverðlauna	p o uː k m ɛ n̥ t a v ɛ r ð l ø yː n a
bókun	p o uː k ʏ n
búða	p uː ð a
camera	kʰ aː m ɛː r a
cara	kʰ aː r a
cargo	kʰ a r k ɔ
carlson	kʰ a r t l s ɔː n
cartagena	kʰ a r̥ t a c ɛː n a
claus	kʰ l ø yː s
cora	kʰ ɔː r a
daglegri	t a ɣ l ɛ ɣ r ɪ
dem	t ɛː m
dim	t ɪː m
dina	t ɪː n a
djurhuus	t j ʏ r h ʏː s
djúpir	t j uː p ɪ r
dramatísk	t r aː m a tʰ i s k
draug	t r ø yː ɣ
draumana	t r ø yː m aː n a
dreifingaraðili	t r e iː v i ŋ k a r aː ð ɪ l ɪ
driscoll	t r ɪ s k ɔ t l
drukkin	t r ʏ h c ɪ n
dráttarvélar	t r a u h t a r v j ɛː l a r
drögin	t r œː j ɪ n
dub	t ʏː p
dugnað	t ʏ k n a ð
dáleiðslu	t a uː l e i ð s t l ʏ
dælur	t a iː l ʏ r
dómaranum	t o uː m a r aː n ʏ m
efnilega	ɛ p n ɪ l ɛː ɣ a
eigandann	e iː ɣ a n t a nː
eileen	e iː l ɛː n
einstaki	e i n s t aː c ɪ
eitrið	e iː t r ɪː ð
ekkjan	ɛ h c a n
eldfimt	ɛ l t f ɪ m̥ t
eldjárns	ɛ l t j a u r t n s
element	ɛː l ɛ m ɛ n̥ t
ellinni	ɛ t l ɪ nː ɪ
elmar	ɛ l m a r
elmer	ɛ l m ɛː r
emilsson	ɛː m ɪ l s s ɔː n
endanlegan	ɛ n t a n l ɛː ɣ a n
endurgreiðslu	ɛ n t ʏ r k r e i ð s t l ʏ
englum	e i ŋ l ʏ m
enst	ɛ n s t
erpur	ɛ r̥ p ʏ r
ev	ɛː v
evrusvæðið	ɛ v r ʏ s v a iː ð ɪ ð
eyjamanna	e iː j a m a nː a
eyðslu	e i ð s t l ʏ
eyður	e iː ð ʏ r
eðlilegan	ɛ ð l ɪ l ɛː ɣ a n
faldar	f a l t a r
farsældar	f a r̥ s a i l t a r
fasa	f aː s a
fastari	f a s t a r ɪ
fasteignalán	f a s t e i k n a l a uː n
faxa	f a k s a
fegurst	f ɛː ɣ ʏ r̥ s t
fengnum	f e i ŋ k n ʏ m
feðrum	f ɛ ð r ʏ m
fiskiskipa	f ɪ s c ɪ s c ɪː p a
fjárstyrk	f j a u r̥ s t ɪ r̥ k
fjórðungnum	f j o u r ð u ŋ k n ʏ m
fjósi	f j o uː s ɪ
fjölmenna	f j œ l m ɛ nː a
fjölþætt	f j œ l θ a i h t
flaggi	f l a cː ɪ
fleyg	f l e iː ɣ
flytjenda	f l ɪː t j ɛ n t a
fléttu	f l j ɛ h t ʏ
flíkur	f l iː k ʏ r
flýti	f l iː t ɪ
foreldraorlof	f ɔː r ɛ l t r a ɔ r l ɔː v
framboðsins	f r a m p ɔ ð s ɪ n s
framkvæmdirnar	f r a m kʰ v a i m t ɪ r t n a r
framkvæmdu	f r a m kʰ v a i m t ʏ
framleiðslugetu	f r a m l e i ð s t l ʏ c ɛː t ʏ
friðrikssyni	f r ɪ ð r ɪ k s s ɪː n ɪ
frostmarki	f r ɔ s t m a r̥ c ɪ
frægastur	f r a iː ɣ a s t ʏ r
fræðslustjóri	f r a i ð s t l ʏ s t j o uː r ɪ
fullbúin	f ʏ t l p uː ɪ n
fullrar	f ʏ t l r a r
fylkinga	f ɪ l̥ c i ŋ k a
fyndna	f ɪ n t n a
fámennt	f a uː m ɛ n̥ t
fæstum	f a i s t ʏ m
félagsstörfum	f j ɛː l a x s s t œ r v ʏ m
fíl	f iː l
fóðra	f o u ð r a
gagnkvæm	k a k n kʰ v a iː m
gagnkvæma	k a k n kʰ v a iː m a
gangtegundir	k a u ŋ k tʰ ɛː ɣ ʏ n t ɪ r
gaza	k aː z a
geimvera	c e i m v ɛː r a
geymast	c e iː m a s t
gistu	c ɪ s t ʏ
gling	k l i ŋ k
gluggagægir	k l ʏ kː a c a iː j ɪ r
goðsögnin	k ɔ ð s œ k n ɪ n
grafarvogur	k r aː v a r v ɔː ɣ ʏ r
grafíska	k r aː v i s k a
gramsa	k r a m s a
grennast	k r ɛ nː a s t
grunnskólanum	k r ʏ nː s k o uː l a n ʏ m
grímsstöðum	k r i m s s t œː ð ʏ m
gríðarlegan	k r iː ð a r l ɛː ɣ a n
gu	k ʏː
gunnlaugi	k ʏ nː l ø yː j ɪ
gífurlegur	c iː v ʏ r l ɛː ɣ ʏ r
góma	k o uː m a
half	h a l v
hanskann	h a n s k a nː
heilbrigð	h e i l p r ɪ ɣ ð
heilbrigðisvísindum	h e i l p r ɪ ɣ ð ɪ s v iː s ɪ n t ʏ m
heildarfjölda	h e i l t a r f j œ l t a
heildarkostnaður	h e i l t a r kʰ ɔ s t n aː ð ʏ r
heilræði	h e i l r a iː ð ɪ
heimasíður	h e iː m a s iː ð ʏ r
heimsathygli	h e i m s a t h ɪ k l ɪ
heimsóknum	h e i m s o u h k n ʏ m
hell	h ɛ t l
hellana	h ɛ t l a n a
hjallastefnunnar	ç a t l a s t ɛ p n ʏ nː a r
hjer	ç ɛː r
hjálparstarf	ç a u l̥ p a r s t a r v
hjólreiðamanna	ç o u l r e iː ð a m a nː a
hlaðast	l̥ aː ð a s t
hlaðnar	l̥ a ð n a r
hlutabréfamarkaði	l̥ ʏː t a p r j ɛː v a m a r̥ k aː ð ɪ
hlutlausum	l̥ ʏː t l ø yː s ʏ m
hlóð	l̥ o uː ð
hlýddi	l̥ i tː ɪ
hlýnandi	l̥ iː n a n t ɪ
horfist	h ɔ r v ɪ s t
hrafnar	r̥ a p n a r
hrapar	r̥ aː p a r
hraunum	r̥ ø yː n ʏ m
hreinlætis	r̥ e i n l a iː t ɪ s
hreinskilin	r̥ e i n s c ɪː l ɪ n
hreyfðu	r̥ e i v ð ʏ
hrossagaukur	r̥ ɔ sː a k ø yː k ʏ r
hryllingsmynd	r̥ ɪ t l i ŋ k s m ɪ n t
hrært	r̥ a i r̥ t
hræðast	r̥ a iː ð a s t
hrói	r̥ o uː ɪ
hugarfóstur	h ʏː ɣ a r f o u s t ʏ r
huglæg	h ʏ ɣ l a iː ɣ
hugrökk	h ʏ ɣ r œ h k
hálfgerður	h a u l v c ɛ r ð ʏ r
háskólana	h a uː s k o uː l aː n a
hátta	h a u h t a
hátíðarhöldin	h a uː tʰ iː ð a r h œ l t ɪ n
hátíðarhöldum	h a uː tʰ iː ð a r h œ l t ʏ m
hægara	h a iː ɣ a r a
hægði	h a i ɣ ð ɪ
hófi	h o uː v ɪ
höfrunga	h œ v r u ŋ k a
húsnæðismál	h uː s n a iː ð ɪ s m a uː l
innleiddi	ɪ nː l e i tː ɪ
investment	ɪ n v ɛ s t m ɛ n̥ t
isaiah	ɪː s a iː j a
iðnskólanum	ɪ ð n s k o uː l a n ʏ m
jafnmarga	j a p n m a r k a
jafnskjótt	j a p n s c o u h t
jarðhitasvæði	j a r ð h ɪː t a s v a iː ð ɪ
jónsi	j o u n s ɪ
jósúa	j o uː s uː a
kaflarnir	kʰ a p l a r t n ɪ r
kanínan	kʰ aː n iː n a n
keppi	cʰ ɛ h p ɪ
keppnistímabil	cʰ ɛ h p n ɪ s t iː m a p ɪː l
keyrð	cʰ e i r ð
kingston	cʰ i ŋ k s t ɔː n
kisi	cʰ ɪː s ɪ
kjósandi	cʰ o uː s a n t ɪ
klíníska	kʰ l iː n i s k a
kolmunna	kʰ ɔ l m ʏ nː a
konungr	kʰ ɔː n u ŋ k r
kraftlyftingum	kʰ r a f t l ɪ f t i ŋ k ʏ m
kraftmikil	kʰ r a f t m ɪː c ɪ l
kraka	kʰ r aː k a
kraki	kʰ r aː c ɪ
kringlótt	kʰ r i ŋ k l o u h t
kristallar	kʰ r ɪ s t a t l a r
kryddaður	kʰ r ɪ tː a ð ʏ r
kröftug	kʰ r œ f t ʏː ɣ
kvikmyndaskóla	kʰ v ɪː k m ɪ n t a s k o uː l a
kynningarefni	cʰ ɪ nː i ŋ k a r ɛ p n ɪ
kynslóðina	cʰ ɪ n s t l o uː ð ɪ n a
kyssir	cʰ ɪ sː ɪ r
kökum	kʰ œː k ʏ m
lagagildi	l aː ɣ a c ɪ l t ɪ
lagaður	l aː ɣ a ð ʏ r
lambi	l a m p ɪ
lampar	l a m̥ p a r
landhelgisgæslunni	l a n t h ɛ l c ɪ s c a i s t l ʏ nː ɪ
landmannalaugum	l a n t m a nː a l ø yː ɣ ʏ m
landsdómi	l a n t s t o uː m ɪ
landslögum	l a n t s l œː ɣ ʏ m
landsþing	l a n t s θ i ŋ k
landverndar	l a n t v ɛ r n t a r
langvinnum	l a u ŋ k v ɪ nː ʏ m
leigð	l e i ɣ ð
leikaranna	l e iː k a r a nː a
leirvík	l e i r v iː k
leiðsögumenn	l e i ð s œː ɣ ʏ m ɛ nː
lengist	l e i ɲ c ɪ s t
leyndi	l e i n t ɪ
leytið	l e iː t ɪ ð
lifrinni	l ɪ v r ɪ nː ɪ
linden	l ɪ n t ɛ n
listamanni	l ɪ s t a m a nː ɪ
liðnu	l ɪ ð n ʏ
liðsinni	l ɪ ð s ɪ nː ɪ
ljósan	l j o uː s a n
ljósmyndarinn	l j o uː s m ɪ n t a r ɪ nː
loftfara	l ɔ f t f aː r a
lofthelgi	l ɔ f t h ɛ l c ɪ
loftleiðir	l ɔ f t l e iː ð ɪ r
logum	l ɔː ɣ ʏ m
lundar	l ʏ n t a r
lviv	l v ɪː v
lykilþáttur	l ɪː c ɪ l θ a u h t ʏ r
lægstur	l a i x s t ʏ r
læknismeðferð	l a i h k n ɪ s m ɛ ð f ɛ r ð
læsti	l a i s t ɪ
lífdaga	l i v t aː ɣ a
lífeyri	l iː v e iː r ɪ
lífeyrissjóði	l iː v e iː r ɪ s s j o uː ð ɪ
línurit	l iː n ʏ r ɪː t
lítla	l i h t l a
lögaldri	l œː ɣ a l t r ɪ
lögfræðing	l œ ɣ f r a iː ð i ŋ k
lögleiða	l œ ɣ l e iː ð a
lömbum	l œ m p ʏ m
lúpínu	l uː pʰ iː n ʏ
lútherska	l uː t h ɛ r̥ s k a
makar	m aː k a r
malaga	m aː l aː ɣ a
malibu	m aː l ɪ p ʏ
mané	m aː n j ɛː
menningarhús	m ɛ nː i ŋ k a r h uː s
menntamálaráðuneyti	m ɛ n̥ t a m a uː l a r a uː ð ʏ n e iː t ɪ
metnir	m ɛ h t n ɪ r
mikilvægis	m ɪː c ɪ l v a iː j ɪ s
miljarða	m ɪ l j a r ð a
minnisblað	m ɪ nː ɪ s p l aː ð
mismunurinn	m ɪ s m ʏː n ʏ r ɪ nː
miðasölu	m ɪː ð a s œː l ʏ
mjódd	m j o u tː
myrka	m ɪ r̥ k a
mánudaga	m a uː n ʏ t aː ɣ a
mælitækjum	m a iː l ɪ tʰ a iː c ʏ m
mótmælir	m o uː t m a iː l ɪ r
móðurinni	m o uː ð ʏ r ɪ nː ɪ
narrows	n a rː ɔ uː s
netkerfi	n ɛː t cʰ ɛ r v ɪ
nike	n ɪː c ɛ
niðja	n ɪ ð j a
niðurskurði	n ɪː ð ʏ r s k ʏ r ð ɪ
niðurstaðna	n ɪː ð ʏ r s t a ð n a
njálsson	n j a u l s s ɔː n
norðurenda	n ɔ r ð ʏ r ɛ n t a
notist	n ɔː t ɪ s t
nálægðar	n a uː l a i ɣ ð a r
námsgrein	n a u m s k r e iː n
námskeiðin	n a u m s c e iː ð ɪ n
námsmönnum	n a u m s m œ nː ʏ m
námsárum	n a u m s a uː r ʏ m
námurnar	n a uː m ʏ r t n a r
næmt	n a i m̥ t
númerin	n uː m ɛː r ɪ n
nútímaleg	n uː tʰ iː m a l ɛː ɣ
nýbyggingu	n iː p ɪ cː i ŋ k ʏ
nýlenda	n iː l ɛ n t a
ofangreindu	ɔː v a u ŋ k r e i n t ʏ
oki	ɔː c ɪ
olíunni	ɔː l i j ʏ nː ɪ
opinberað	ɔː p ɪ n p ɛː r a ð
orkubús	ɔ r̥ k ʏ p uː s
pam	pʰ aː m
panthers	pʰ a n̥ t h ɛ r̥ s
paper	pʰ aː p ɛ r
paprika	pʰ aː p r ɪː k a
parinu	pʰ aː r ɪː n ʏ
parmesan	pʰ a r m ɛː s a n
paulsen	pʰ ø y l s ɛ n
perseifur	pʰ ɛ r̥ s e iː v ʏ r
perth	pʰ ɛ r̥ t
pilt	pʰ ɪ l̥ t
platt	pʰ l a h t
plánetum	pʰ l a uː n ɛː t ʏ m
prada	pʰ r aː t a
pub	pʰ ʏː p
punk	pʰ u ŋ̊ k
rakka	r a h k a
rannsóknarfulltrúi	r a nː s o u h k n a r f ʏ t l̥ t r uː ɪ
raungengi	r ø y ŋ c e i ɲ c ɪ
reg	r ɛː ɣ
reglubundnum	r ɛ k l ʏ p ʏ n t n ʏ m
reikningsskil	r e i h k n i ŋ k s s c ɪː l
resort	r ɛː s ɔ r̥ t
ritgerðar	r ɪː t c ɛ r ð a r
rithöfundi	r ɪː t h œː v ʏ n t ɪ
ritstýrt	r ɪː t s t i r̥ t
rokkar	r ɔ h k a r
ruglar	r ʏ k l a r
ryder	r ɪː t ɛ r
ráfa	r a uː v a
ráninu	r a uː n ɪ n ʏ
ráðleggja	r a u ð l ɛ cː a
ráðleggur	r a u ð l ɛ kː ʏ r
rækjum	r a iː c ʏ m
ræningjar	r a iː n i ɲ c a r
rólegri	r o uː l ɛ ɣ r ɪ
rólegt	r o uː l ɛ x t
rósum	r o uː s ʏ m
safe	s aː v ɛ
sagnfræðinga	s a k n f r a iː ð i ŋ k a
samfylking	s a m f ɪ l̥ c i ŋ k
samgöngustofa	s a m k ø y ŋ k ʏ s t ɔː v a
samhæfa	s a m h a iː v a
samræmis	s a m r a iː m ɪ s
samskipa	s a m s c ɪː p a
sankara	s a u ŋ̊ k a r a
seinan	s e iː n a n
seinnipart	s e i t n ɪ pʰ a r̥ t
seljan	s ɛ l j a n
semi	s ɛː m ɪ
sense	s ɛ n s ɛ
sestur	s ɛ s t ʏ r
seðlabankann	s ɛ ð l a p a u ŋ̊ kʰ a nː
sign	s ɪ k n
sjaldgæfir	s j a l t c a iː v ɪ r
sjaldgæfum	s j a l t c a iː v ʏ m
sjálfbært	s j a u l v p a i r̥ t
sjávarins	s j a uː v a r ɪ n s
skagamenn	s k aː ɣ a m ɛ nː
skekkju	s c ɛ h c ʏ
skeljungur	s c ɛ l j u ŋ k ʏ r
skerðing	s c ɛ r ð i ŋ k
skilvirk	s c ɪ l v ɪ r̥ k
skipanirnar	s c ɪː p a n ɪ r t n a r
skipunina	s c ɪː p ʏ n ɪː n a
skipverji	s c ɪː p v ɛ r j ɪ
skjótast	s c o uː tʰ a s t
skoðaðir	s k ɔː ð a ð ɪ r
skoðuðu	s k ɔː ð ʏ ð ʏ
skrifstofustjóra	s k r ɪ f s t ɔː v ʏ s t j o uː r a
skuldbundið	s k ʏ l t p ʏ n t ɪ ð
skype	s c ɪː p ɛ
skyri	s c ɪː r ɪ
skákum	s k a uː k ʏ m
skálans	s k a uː l a n s
sköpunarverk	s k œː p ʏ n a r v ɛ r̥ k
skýrum	s c iː r ʏ m
slegnir	s t l ɛ k n ɪ r
smygl	s m ɪ k l
smáu	s m a uː ʏ
snákar	s t n a uː k a r
snældu	s t n a i l t ʏ
sorpu	s ɔ r̥ p ʏ
speglun	s p ɛ k l ʏ n
sprautur	s p r ø yː t ʏ r
sprengir	s p r e i ɲ c ɪ r
spretti	s p r ɛ h t ɪ
spurð	s p ʏ r ð
starfsfólkið	s t a r v s f o u l̥ c ɪ ð
starfslok	s t a r v s t l ɔː k
starfsnám	s t a r v s n a uː m
staðreynda	s t a ð r e i n t a
stigagjöf	s t ɪː ɣ a c œː v
stjórnlagaráðs	s t j o u r t n l aː ɣ a r a u ð s
stjórnsýslulög	s t j o u r t n s i s t l ʏ l œː ɣ
strandað	s t r a n t a ð
stubbur	s t ʏ pː ʏ r
styst	s t ɪ s t
styttingu	s t ɪ h t i ŋ k ʏ
stéttarfélögum	s t j ɛ h t a r f j ɛː l œː ɣ ʏ m
stígandi	s t iː ɣ a n t ɪ
stökkbreyting	s t œ h k p r e iː t i ŋ k
stöðugan	s t œː ð ʏ ɣ a n
sub	s ʏː p
sundföt	s ʏ n t f œː t
suðurenda	s ʏː ð ʏ r ɛ n t a
suðvesturs	s ʏː ð v ɛ s t ʏ r̥ s
svan	s v aː n
sveinsprófi	s v e i n s p r o uː v ɪ
svipu	s v ɪː p ʏ
sykurs	s ɪː k ʏ r̥ s
sárinu	s a uː r ɪː n ʏ
særðust	s a i r ð ʏ s t
sérhæfðir	s j ɛː r h a i v ð ɪ r
síldar	s i l t a r
súrsson	s u r̥ s s ɔː n
súsanna	s uː s a nː a
sýgur	s iː ɣ ʏ r
teygt	tʰ e i x t
tillögurnar	tʰ ɪ t l œː ɣ ʏ r t n a r
tilsvarandi	tʰ ɪ l s v aː r a n t ɪ
togarann	tʰ ɔː ɣ a r a nː
togaranum	tʰ ɔː ɣ a r aː n ʏ m
tong	tʰ o u ŋ k
tryggingastofnunar	tʰ r ɪ cː i ŋ k a s t ɔ p n ʏ n a r
tryggvadóttur	tʰ r ɪ kː v a t o u h t ʏ r
trássi	tʰ r a u sː ɪ
tusku	tʰ ʏ s k ʏ
tzu	tʰ s ʏː
tækjabúnað	tʰ a iː c a p uː n a ð
tímafrek	tʰ iː m a f r ɛː k
tíðari	tʰ iː ð a r ɪ
tölvupósti	tʰ œ l v ʏ pʰ o u s t ɪ
tölvuskjá	tʰ œ l v ʏ s c a uː
ullar	ʏ t l a r
ultimate	ʏ l̥ t ɪ m aː t ɛ
umferðin	ʏ m f ɛ r ð ɪ n
umkringir	ʏ m kʰ r i ɲ c ɪ r
ummælin	ʏ mː a iː l ɪ n
undirfylki	ʏ n t ɪ r f ɪ l̥ c ɪ
undu	ʏ n t ʏ
ungana	u ŋ k aː n a
unglingarnir	u ŋ k l i ŋ k a r t n ɪ r
upprétt	ʏ h p r j ɛ h t
upptökin	ʏ h p tʰ œː c ɪ n
ups	ʏ h p s
vaki	v aː c ɪ
valdatöku	v a l t a tʰ œː k ʏ
valfrjálst	v a l v r j a u l s t
vandkvæðum	v a n t kʰ v a iː ð ʏ m
vani	v aː n ɪ
varanlegar	v aː r a n l ɛː ɣ a r
varanlegu	v aː r a n l ɛː ɣ ʏ
varnarmálum	v a r t n a r m a uː l ʏ m
vatnsleysuströnd	v a h t n s t l e iː s ʏ s t r œ n t
veiddust	v e i tː ʏ s t
veitingar	v e iː t i ŋ k a r
verkamaður	v ɛ r̥ k a m aː ð ʏ r
verslanirnar	v ɛ r̥ s t l a n ɪ r t n a r
verulegt	v ɛː r ʏ l ɛ x t
verðmætar	v ɛ r ð m a iː t a r
vestfirska	v ɛ s t f ɪ r̥ s k a
vesturheims	v ɛ s t ʏ r h e i m s
vetursetu	v ɛː t ʏ r s ɛː t ʏ
vilyrði	v ɪː l ɪ r ð ɪ
vinnuvélar	v ɪ nː ʏ v j ɛː l a r
virkjunina	v ɪ r̥ c ʏ n ɪː n a
virtasti	v ɪ r̥ t a s t ɪ
virtual	v ɪ r̥ t ʏ aː l
vistkerfa	v ɪ s t cʰ ɛ r v a
viðbragða	v ɪ ð p r a ɣ ð a
viðjum	v ɪ ð j ʏ m
viðmiðunar	v ɪ ð m ɪː ð ʏ n a r
vorri	v ɔ rː ɪ
vírusinn	v iː r ʏ s ɪ nː
vúdú	v uː t uː
walls	v a t l s
weight	v e i x t
wheeler	v iː l ɛ r
while	v ɪː l ɛ
yfirferð	ɪː v ɪ r f ɛ r ð
yfirgang	ɪː v ɪ r k a u ŋ k
yfirskriftina	ɪː v ɪ r s k r ɪ f t ɪ n a
yrkir	ɪ r̥ c ɪ r
zoega	s ɔ iː ɣ a
ábyrgjast	a uː p ɪ r c a s t
ábyrgðar	a uː p ɪ r ɣ ð a r
ábúð	a uː p uː ð
áheyrnarfulltrúa	a uː h e i r t n a r f ʏ t l̥ t r uː a
áhugaleysi	a uː h ʏː ɣ a l e iː s ɪ
ákvarðast	a uː kʰ v a r ð a s t
álfum	a u l v ʏ m
ánægjan	a uː n a iː j a n
áramótum	a uː r a m o uː t ʏ m
áreiðanlegar	a uː r e iː ð a n l ɛː ɣ a r
ársreikningi	a u r̥ s r e i h k n i ɲ c ɪ
árviss	a u r v ɪ sː
ástarsorg	a u s t a r s ɔ r k
átekta	a uː tʰ ɛ x t a
áunnið	a uː ʏ nː ɪ ð
áætlana	a uː a i h t l aː n a
ægis	a iː j ɪ s
æst	a i s t
ættleidd	a i h t l e i tː
æðakerfi	a iː ð a cʰ ɛ r v ɪ
ímyndaða	iː m ɪ n t aː ð a
íslendingasögurnar	i s t l ɛ n t i ŋ k a s œː ɣ ʏ r t n a r
ítarlegum	iː tʰ a r l ɛː ɣ ʏ m
íþróttafólk	iː θ r o u h t a f o u l̥ k
íþróttamönnum	iː θ r o u h t a m œ nː ʏ m
íþróttarinnar	iː θ r o u h t a r ɪ nː a r
óeðlilegt	o uː ɛ ð l ɪ l ɛ x t
óháðar	o uː h a uː ð a r
ómöguleg	o uː m œː ɣ ʏ l ɛː ɣ
ónýt	o uː n iː t
óviljandi	o uː v ɪ l j a n t ɪ
ömurlegu	œː m ʏ r l ɛː ɣ ʏ
örfáa	œ r f a uː a
örfárra	œ r f a u rː a
útblástur	uː t p l a u s t ʏ r
útihús	uː t ɪ h uː s
þagga	θ a kː a
þenna	θ ɛ nː a
þjóni	θ j o uː n ɪ
þjónustunnar	θ j o uː n ʏ s t ʏ nː a r
þjóðfylkingin	θ j o u ð f ɪ l̥ c i ɲ c ɪ n
þolað	θ ɔː l a ð
þorgríms	θ ɔ r k r i m s
þrautin	θ r ø yː t ɪ n
þrefalt	θ r ɛː v a l̥ t
þráhyggju	θ r a uː h ɪ cː ʏ
þráði	θ r a uː ð ɪ
þríþraut	θ r iː θ r ø yː t
þróttarar	θ r o u h t a r a r
þurrar	θ ʏ rː a r
þurrkaður	θ ʏ r̥ k aː ð ʏ r
þverrandi	θ v ɛ rː a n t ɪ
þórarin	θ o uː r a r ɪː n
þórólfi	θ o uː r o u l v ɪ
þýðingunni	θ iː ð i ŋ k ʏ nː ɪ
afbrotum	a v p r ɔː t ʏ m
aflífa	a v l iː v a
allsherjarþing	a t l s h ɛ r j a r θ i ŋ k
austanvert	ø y s t a n v ɛ r̥ t
auðgað	ø y ð k aː ð
aðalpersóna	aː ð a l pʰ ɛ r̥ s o uː n a
aðgreind	a ð k r e i n t
bakara	p aː k a r a
beins	p e i n s
beitum	p e iː t ʏ m
biddu	p ɪ tː ʏ
bj	p j ɔː
borganna	p ɔ r k a nː a
breiðdal	p r e i ð t aː l
brennisteini	p r ɛ nː ɪ s t e iː n ɪ
byggðarlaginu	p ɪ ɣ ð a r l aː j ɪ n ʏ
bárðar	p a u r ð a r
bændablaðið	p a i n t a p l aː ð ɪ ð
bönnuðu	p œ nː ʏ ð ʏ
committee	kʰ ɔ mː ɪ h t ɛː
dauðra	t ø y ð r a
deildarkeppninni	t e i l t a r cʰ ɛ h p n ɪ nː ɪ
diskana	t ɪ s k aː n a
dramatískt	t r aː m a tʰ i s k t
drifum	t r ɪː v ʏ m
dynjandi	t ɪ n j a n t ɪ
economy	ɛː k ɔ n ɔː m ɪ
efnahagsstefnu	ɛ p n a h a x s s t ɛ p n ʏ
emils	ɛː m ɪ l s
endurreisnar	ɛ n t ʏ r r e i s t n a r
endursögn	ɛ n t ʏ r s œ k n
fjólublátt	f j o uː l ʏ p l a u h t
fjölmiðlafræði	f j œ l m ɪ ð l a f r a iː ð ɪ
fjölrit	f j œ l r ɪː t
formlegan	f ɔ r m l ɛː ɣ a n
forval	f ɔ r v aː l
framkvæmdavald	f r a m kʰ v a i m t a v a l t
framkvæmdavaldsins	f r a m kʰ v a i m t a v a l t s ɪ n s
framleiðandans	f r a m l e iː ð a n t a n s
fremra	f r ɛ m r a
frægar	f r a iː ɣ a r
fuck	f ʏ h k
fyrirgefur	f ɪː r ɪ r c ɛː v ʏ r
fáfnir	f a u p n ɪ r
fálkaorðu	f a u l̥ k a ɔ r ð ʏ
gall	k a t l
gerðan	c ɛ r ð a n
getting	c ɛ h t i ŋ k
geymslunni	c e i m s t l ʏ nː ɪ
griða	k r ɪː ð a
góm	k o uː m
hagaskóla	h aː ɣ a s k o uː l a
hamborgarar	h a m p ɔ r k a r a r
hangi	h a u ɲ c ɪ
heimsækjum	h e i m s a iː c ʏ m
heiðum	h e iː ð ʏ m
herbertsson	h ɛ r p ɛ r̥ t s s ɔː n
herdísi	h ɛ r t iː s ɪ
hilmari	h ɪ l m a r ɪ
hlutverka	l̥ ʏː t v ɛ r̥ k a
hommar	h ɔ mː a r
hugsjóna	h ʏ x s j o uː n a
hundraða	h ʏ n t r aː ð a
hvalveiða	kʰ v a l v e iː ð a
hyrfi	h ɪ r v ɪ
háskólanáms	h a uː s k o uː l a n a u m s
hástökki	h a uː s t œ h c ɪ
höku	h œː k ʏ
húnvetninga	h u n v ɛ h t n i ŋ k a
ibsen	ɪ p s ɛː n
jarðfræðingar	j a r ð f r a iː ð i ŋ k a r
jedi	j ɛː t ɪ
járns	j a u r t n s
kalman	kʰ a l m a n
kennaranám	cʰ ɛ nː a r a n a uː m
kepptust	cʰ ɛ h p tʰ ʏ s t
kertin	cʰ ɛ r̥ t ɪ n
kjördæma	cʰ œ r t a iː m a
klofin	kʰ l ɔː v ɪ n
knattspyrnumenn	kʰ n a h t s p ɪ r t n ʏ m ɛ nː
kátt	kʰ a u h t
kókaíni	kʰ o uː k a iː n ɪ
könnuðu	kʰ œ nː ʏ ð ʏ
kúluvarpi	kʰ uː l ʏ v a r̥ p ɪ
lagahöfundur	l aː ɣ a h œː v ʏ n t ʏ r
landsbókasafni	l a n t s p o uː k a s a p n ɪ
leitaðist	l e iː t a ð ɪ s t
lemur	l ɛː m ʏ r
leyniþjónustu	l e iː n ɪ θ j o uː n ʏ s t ʏ
listakona	l ɪ s t a kʰ ɔː n a
loftleiða	l ɔ f t l e iː ð a
lovísu	l ɔː v iː s ʏ
líku	l iː k ʏ
menningarverðlaun	m ɛ nː i ŋ k a r v ɛ r ð l ø yː n
meyvant	m e iː v a n̥ t
misheppnuð	m ɪː s h ɛ h p n ʏ ð
mon	m ɔː n
monsters	m ɔ n s t ɛ r̥ s
mönnuð	m œ nː ʏ ð
napólí	n aː pʰ o uː l iː
njarðar	n j a r ð a r
náttúrulyf	n a u h t uː r ʏ l ɪː v
næstsíðasta	n a i s t s iː ð a s t a
nýlendu	n iː l ɛ n t ʏ
observer	ɔ p s ɛ r v ɛː r
orðasambandið	ɔ r ð a s a m p a n t ɪ ð
pistlahöfundur	pʰ ɪ s t l a h œː v ʏ n t ʏ r
portugal	pʰ ɔ r̥ t ʏ ɣ aː l
reyktu	r e i x t ʏ
reyðarfjörð	r e iː ð a r f j œ r ð
ræktaðir	r a i x t aː ð ɪ r
rómantísku	r o uː m a n tʰ i s k ʏ
rúnir	r uː n ɪ r
salman	s a l m a n
samfelldar	s a m f ɛ l t a r
samnefnari	s a m n ɛ p n a r ɪ
seilast	s e iː l a s t
sementi	s ɛː m ɛ n̥ t ɪ
simple	s ɪ m̥ p l ɛ
skyggir	s c ɪ cː ɪ r
skynsemina	s c ɪ n s ɛː m ɪː n a
slagverk	s t l aː ɣ v ɛ r̥ k
slítur	s t l iː t ʏ r
smíðuðu	s m iː ð ʏ ð ʏ
sogn	s ɔ k n
soho	s ɔː h ɔ
spilurum	s p ɪː l ʏ r ʏ m
starfsbraut	s t a r v s p r ø yː t
steinhús	s t e iː n h uː s
stofnsett	s t ɔ p n s ɛ h t
strandlengju	s t r a n t l e i ɲ c ʏ
strenginn	s t r e i ɲ c ɪ n
strengjum	s t r e i ɲ c ʏ m
stórmótum	s t o u r m o uː t ʏ m
stökkið	s t œ h c ɪ ð
suða	s ʏː ð a
suðurnes	s ʏː ð ʏ r n ɛː s
svisslendingar	s v ɪ sː l ɛ n t i ŋ k a r
sæktu	s a i x t ʏ
sættust	s a i h t ʏ s t
síldveiðar	s i l t v e iː ð a r
síle	s iː l ɛ
sögulegan	s œː ɣ ʏ l ɛː ɣ a n
söknuður	s œ h k n ʏ ð ʏ r
söngvurum	s ø y ŋ k v ʏː r ʏ m
teikninga	tʰ e i h k n i ŋ k a
tindi	tʰ ɪ n t ɪ
torfadóttir	tʰ ɔ r v a t o u h t ɪ r
tvíbýli	tʰ v iː p iː l ɪ
ufa	ʏː v a
vegakerfi	v ɛː ɣ a cʰ ɛ r v ɪ
veikar	v e iː k a r
verðurðu	v ɛ r ð ʏ r ð ʏ
vistaðir	v ɪ s t aː ð ɪ r
vitrari	v ɪː t r a r ɪ
vænan	v a iː n a n
vírus	v iː r ʏ s
yoko	j ɔː k ɔ
ásmegin	a uː s m e iː j ɪ n
ættkvíslir	a i h t kʰ v i s t l ɪ r
íslendingasagna	i s t l ɛ n t i ŋ k a s a k n a
óeirðir	o uː e i r ð ɪ r
óttars	o u h t a r̥ s
örlæti	œ r l a iː t ɪ
útsýn	uː t s iː n
þenjast	θ ɛ n j a s t
þinga	θ i ŋ k a
þjóðleg	θ j o u ð l ɛː ɣ
þrengsli	θ r e i ŋ k s t l ɪ
þráin	θ r a uː ɪ n
þvottaefni	θ v ɔ h t a ɛ p n ɪ
þónokkrar	θ o uː n ɔ h k r a r
þórðardóttur	θ o u r ð a r t o u h t ʏ r
afganistans	a v k a n ɪ s t a n s
afhentir	a v h ɛ n̥ t ɪ r
alberto	a l p ɛ r̥ t ɔ
algjöran	a l c œː r a n
algjörir	a l c œː r ɪ r
alistair	aː l ɪ s t a iː r
almanna	a l m a nː a
alsæl	a l s a iː l
ameríski	aː m ɛː r i s c ɪ
arm	a r m
arms	a r m s
balli	p a t l ɪ
basli	p a s t l ɪ
beinagrindur	p e iː n a k r ɪ n t ʏ r
bergsveinn	p ɛ r k s v e i t n
beru	p ɛː r ʏ
bikarkeppninni	p ɪː k a r cʰ ɛ h p n ɪ nː ɪ
bitnar	p ɪ h t n a r
björguðust	p j œ r k ʏ ð ʏ s t
blekkingar	p l ɛ h c i ŋ k a r
blendingurinn	p l ɛ n t i ŋ k ʏ r ɪ nː
blæða	p l a iː ð a
bolabítur	p ɔː l a p iː t ʏ r
bragga	p r a kː a
breiddargráðu	p r e i tː a r k r a uː ð ʏ
breiðabólstað	p r e iː ð a p o u l s t aː ð
brjáluð	p r j a uː l ʏ ð
brottfarar	p r ɔ h t f aː r a r
brotthvarfi	p r ɔ h t kʰ v a r v ɪ
brussels	p r ʏ sː ɛ l s
brögð	p r œ ɣ ð
brúm	p r uː m
brúsa	p r uː s a
brútus	p r uː t ʏ s
byrjandi	p ɪ r j a n t ɪ
bókmenntaverk	p o uː k m ɛ n̥ t a v ɛ r̥ k
bölva	p œ l v a
búk	p uː k
bútum	p uː t ʏ m
cahill	kʰ aː h ɪ t l
camille	kʰ aː m ɪ t l ɛ
cathedral	kʰ aː t h ɛː t r aː l
celeste	s ɛː l ɛ s t ɛ
clare	kʰ l aː r ɛ
cornell	kʰ ɔ r t n ɛ t l
dals	t a l s
dar	t aː r
dekkjum	t ɛ h c ʏ m
details	t ɛː t a i l s
dimm	t ɪ mː
draco	t r aː k ɔ
dragan	t r aː ɣ a n
dreifðum	t r e i v ð ʏ m
drullusokkar	t r ʏ t l ʏ s ɔ h k a r
duffy	t ʏ fː ɪ
dulspeki	t ʏ l s p ɛː c ɪ
dvölina	t v œː l ɪ n a
dyggilega	t ɪ cː ɪ l ɛː ɣ a
dökkir	t œ h c ɪ r
dúett	t uː ɛ h t
dýpsta	t i p s t a
efaðist	ɛː v a ð ɪ s t
eignirnar	e i k n ɪ r t n a r
eiríkssyni	e iː r i k s s ɪː n ɪ
engil	e i ɲ c ɪ l
evrópukeppninni	ɛ v r o uː p ʏ cʰ ɛ h p n ɪ nː ɪ
eyjur	e iː j ʏ r
faglegt	f a ɣ l ɛ x t
fangans	f a u ŋ k a n s
firðir	f ɪ r ð ɪ r
fjársvik	f j a u r̥ s v ɪː k
fjölskyldufyrirtæki	f j œ l s c ɪ l t ʏ f ɪː r ɪ r tʰ a iː c ɪ
fjörugur	f j œː r ʏː ɣ ʏ r
flakið	f l aː c ɪ ð
flakkari	f l a h k a r ɪ
flanders	f l a n t ɛ r̥ s
flutningabíl	f l ʏ h t n i ŋ k a p iː l
fly	f l ɪː
flögu	f l œː ɣ ʏ
fokka	f ɔ h k a
framsóknarflokki	f r a m s o u h k n a r f l ɔ h c ɪ
freistar	f r e i s t a r
fráhrindandi	f r a uː r̥ ɪ n t a n t ɪ
frávísun	f r a uː v iː s ʏ n
frægri	f r a i ɣ r ɪ
fréttatímanum	f r j ɛ h t a tʰ iː m aː n ʏ m
fákeppni	f a uː cʰ ɛ h p n ɪ
fálkanum	f a u l̥ k a n ʏ m
færari	f a iː r a r ɪ
félagshyggju	f j ɛː l a x s h ɪ cː ʏ
fólksfækkun	f o u l̥ k s f a i h k ʏ n
gaddavír	k a tː a v iː r
galdramenn	k a l t r a m ɛ nː
geislandi	c e i s t l a n t ɪ
gissurardóttir	c ɪ sː ʏ r a r t o u h t ɪ r
gogg	k ɔ kː
golíat	k ɔː l i aː t
gosdrykki	k ɔː s t r ɪ h c ɪ
grade	k r aː t ɛ
grafhvelfingu	k r a v kʰ v ɛ l v i ŋ k ʏ
greinandi	k r e iː n a n t ɪ
gufan	k ʏː v a n
gátur	k a uː t ʏ r
góðgerðarmála	k o u ð c ɛ r ð a r m a uː l a
göngubrú	k ø y ŋ k ʏ p r uː
hafsteins	h a v s t e i n s
hastings	h a s t i ŋ k s
heils	h e i l s
heimildarmyndin	h e iː m ɪ l t a r m ɪ n t ɪ n
heimsfrægur	h e i m s f r a iː ɣ ʏ r
heimspekilegum	h e i m s p ɛː c ɪ l ɛː ɣ ʏ m
heimsveldisins	h e i m s v ɛ l t ɪ s ɪ n s
henriks	h ɛ n r ɪ k s
herdeildin	h ɛ r t e i l t ɪ n
het	h ɛː t
hjálpast	ç a u l̥ pʰ a s t
hjört	ç œ r̥ t
hljóðver	l̥ j o u ð v ɛː r
hlustendur	l̥ ʏ s t ɛ n t ʏ r
hnjám	n̥ j a uː m
hrakti	r̥ a x t ɪ
hraðann	r̥ aː ð a nː
hrylling	r̥ ɪ t l i ŋ k
hugsuðum	h ʏ x s ʏː ð ʏ m
hugvísinda	h ʏ ɣ v iː s ɪ n t a
hvalurinn	kʰ v aː l ʏ r ɪ nː
hákonardóttir	h a uː kʰ ɔː n a r t o u h t ɪ r
hænur	h a iː n ʏ r
ilmi	ɪ l m ɪ
innheimtur	ɪ nː h e i m̥ t ʏ r
invest	ɪ n v ɛ s t
játning	j a u h t n i ŋ k
kappakstrinum	kʰ a h p a k s t r ɪː n ʏ m
kari	kʰ aː r ɪ
kattarnef	kʰ a h t a r n ɛː v
keynes	cʰ e iː n ɛː s
kirkjunum	cʰ ɪ r̥ c ʏ n ʏ m
kjarnorkuvopna	cʰ a r t n ɔ r̥ k ʏ v ɔ h p n a
kjúklingnum	cʰ uː k l i ŋ k n ʏ m
klan	kʰ l aː n
klett	kʰ l ɛ h t
klettar	kʰ l ɛ h t a r
klút	kʰ l uː t
kofi	kʰ ɔː v ɪ
kostgæfni	kʰ ɔ s t c a i p n ɪ
krossar	kʰ r ɔ sː a r
krúnan	kʰ r uː n a n
kunnug	kʰ ʏ nː ʏ ɣ
kyrrahafs	cʰ ɪ rː a h a f s
kálfa	kʰ a u l v a
kárahnjúkavirkjunar	kʰ a uː r a n̥ j uː k a v ɪ r̥ c ʏ n a r
kínverskar	cʰ i n v ɛ r̥ s k a r
kísil	cʰ iː s ɪ l
körlunum	kʰ œ r t l ʏ n ʏ m
landsvæðis	l a n t s v a iː ð ɪ s
langbest	l a u ŋ k p ɛ s t
launaskrá	l ø yː n a s k r a uː
laununum	l ø yː n ʏ n ʏ m
legur	l ɛː ɣ ʏ r
leyndist	l e i n t ɪ s t
leynilegri	l e iː n ɪ l ɛ ɣ r ɪ
limburg	l ɪ m p ʏ r k
lindy	l ɪ n t ɪ
listfræði	l ɪ s t f r a iː ð ɪ
liðsmanna	l ɪ ð s m a nː a
lungna	l u ŋ k n a
lyfjagjöf	l ɪ v j a c œː v
lyktandi	l ɪ x t a n t ɪ
lækir	l a iː c ɪ r
lærist	l a iː r ɪ s t
lífveru	l i v v ɛː r ʏ
lúterska	l uː tʰ ɛ r̥ s k a
malaríu	m aː l a r iː j ʏ
margfaldað	m a r k f a l t a ð
markahæstur	m a r̥ k a h a i s t ʏ r
mastercard	m a s t ɛ r̥ k a r t
meistarakeppni	m e i s t a r a cʰ ɛ h p n ɪ
messenger	m ɛ sː e i ɲ c ɛ r
metsölubók	m ɛː t s œː l ʏ p o uː k
misbeitingu	m ɪ s p e iː t i ŋ k ʏ
misha	m ɪː s h a
montini	m ɔ n̥ t ɪː n ɪ
moran	m ɔː r a n
morðin	m ɔ r ð ɪ n
morðingja	m ɔ r ð i ɲ c a
munkarnir	m u ŋ̊ k a r t n ɪ r
myrtar	m ɪ r̥ t a r
málsókn	m a u l s o u h k n
mætavel	m a iː t a v ɛː l
múlasýslu	m uː l a s i s t l ʏ
nirvana	n ɪ r v aː n a
nostra	n ɔ s t r a
nuddi	n ʏ tː ɪ
nyu	n ɪː ʏ
næmur	n a iː m ʏ r
nýt	n iː t
orm	ɔ r m
orms	ɔ r m s
oro	ɔː r ɔ
orrustuna	ɔ rː ʏ s t ʏː n a
ottawa	ɔ h t a v a
peder	pʰ ɛː t ɛ r
peirce	pʰ e i r̥ s ɛ
peninganna	pʰ ɛː n i ŋ k a nː a
perlu	pʰ ɛ r t l ʏ
philips	f ɪː l ɪ p s
pier	pʰ ɪː r
pilates	pʰ ɪː l a tʰ ɛː s
pola	pʰ ɔː l a
pops	pʰ ɔ p s
process	pʰ r ɔː s ɛ sː
programme	pʰ r ɔ k r a mː ɛ
pumpa	pʰ ʏ m̥ p a
put	pʰ ʏː t
rauðra	r ø y ð r a
reiknaðir	r e i h k n aː ð ɪ r
reina	r e iː n a
riðlum	r ɪ ð l ʏ m
rodin	r ɔː t ɪ n
roki	r ɔː c ɪ
ruddu	r ʏ tː ʏ
ruskin	r ʏ s c ɪː n
rutland	r ʏː t l a n t
rákumst	r a uː k ʏ m̥ s t
ræki	r a iː c ɪ
ræningja	r a iː n i ɲ c a
rómeó	r o uː m ɛː o uː
rölti	r œ l̥ t ɪ
rústirnar	r u s t ɪ r t n a r
salarins	s aː l a r ɪ n s
sali	s aː l ɪ
samkeppnina	s a m cʰ ɛ h p n ɪː n a
samsteypu	s a m s t e iː p ʏ
samsæriskenningar	s a m s a iː r ɪ s c ɛ nː i ŋ k a r
sans	s a n s
setustofu	s ɛː t ʏ s t ɔː v ʏ
sigi	s ɪ iː j ɪ
silung	s ɪː l u ŋ k
sjónarsviðinu	s j o uː n a r s v ɪː ð ɪ n ʏ
skalf	s k a l v
skarpa	s k a r̥ p a
skelfilegu	s c ɛ l v ɪ l ɛː ɣ ʏ
skelinni	s c ɛː l ɪ nː ɪ
skeljarnar	s c ɛ l j a r t n a r
skerjafirði	s c ɛ r j a f ɪ r ð ɪ
skjalanna	s c aː l a nː a
skolast	s k ɔː l a s t
skrúbba	s k r u pː a
skvettu	s k v ɛ h t ʏ
skært	s c a i r̥ t
skítsama	s c iː t s aː m a
sléttuna	s t l j ɛ h t ʏ n a
slök	s t l œː k
smáræði	s m a uː r a iː ð ɪ
snoop	s t n ɔː p
sofðu	s ɔ v ð ʏ
soga	s ɔː ɣ a
sovéski	s ɔː v j ɛ s c ɪ
spekingur	s p ɛː c i ŋ k ʏ r
spena	s p ɛː n a
spurningarinnar	s p ʏ r t n i ŋ k a r ɪ nː a r
starfsferill	s t a r v s f ɛː r ɪ t l
starta	s t a r̥ t a
stelpna	s t ɛ l̥ p n a
stinningu	s t ɪ nː i ŋ k ʏ
stockholm	s t ɔ h k h ɔ l m
strengina	s t r e i ɲ c ɪː n a
stuttbuxur	s t ʏ h t p ʏ x s ʏ r
styles	s t ɪː l ɛː s
styttast	s t ɪ h t a s t
stórkostleg	s t o u r̥ kʰ ɔ s t l ɛː ɣ
stöðvaðir	s t œ ð v aː ð ɪ r
sunshine	s ʏ n s h ɪː n ɛ
suðurhveli	s ʏː ð ʏ r kʰ v ɛː l ɪ
svalirnar	s v aː l ɪ r t n a r
sveinbjarnardóttir	s v e i n p j a r t n a r t o u h t ɪ r
sven	s v ɛː n
svokallaðs	s v ɔː k a t l a ð s
sálarlíf	s a uː l a r l iː v
sáran	s a uː r a n
sári	s a uː r ɪ
sælu	s a iː l ʏ
símanúmerið	s iː m a n uː m ɛː r ɪ ð
sökin	s œː c ɪ n
söngvum	s ø y ŋ k v ʏ m
teiknari	tʰ e i h k n a r ɪ
teri	tʰ ɛː r ɪ
togarans	tʰ ɔː ɣ a r a n s
train	tʰ r a iː n
tryggum	tʰ r ɪ kː ʏ m
tímabundinn	tʰ iː m a p ʏ n t ɪ nː
tímor	tʰ iː m ɔ r
tíund	tʰ iː j ʏ n t
umkringdi	ʏ m kʰ r i ŋ t ɪ
undirbúnir	ʏ n t ɪ r p uː n ɪ r
undrunar	ʏ n t r ʏː n a r
uppfyllingu	ʏ h p f ɪ t l i ŋ k ʏ
upptækar	ʏ h p tʰ a iː k a r
urður	ʏ r ð ʏ r
vafasamar	v aː v a s aː m a r
veiðarfærum	v e iː ð a r f a iː r ʏ m
velvild	v ɛ l v ɪ l t
verkalýðsfélaganna	v ɛ r̥ k a l i ð s f j ɛː l a k a nː a
viljann	v ɪ l j a nː
vinningur	v ɪ nː i ŋ k ʏ r
vinnufélagar	v ɪ nː ʏ f j ɛː l aː ɣ a r
vinnufélagi	v ɪ nː ʏ f j ɛː l aː j ɪ
vitann	v ɪː tʰ a nː
viðbjóður	v ɪ ð p j o uː ð ʏ r
viðurkenni	v ɪː ð ʏ r cʰ ɛ nː ɪ
waldorf	v a l t ɔ r v
yfirfara	ɪː v ɪ r f aː r a
ágiskanir	a uː c ɪ s k aː n ɪ r
áhættusöm	a uː h a i h t ʏ s œː m
álfabakka	a u l v a p a h k a
árnes	a u r t n ɛː s
ástvina	a u s t v ɪː n a
æfingunum	a iː v i ŋ k ʏ n ʏ m
íhugar	iː h ʏː ɣ a r
írskum	i r̥ s k ʏ m
íþróttakeppni	iː θ r o u h t a cʰ ɛ h p n ɪ
ólgu	o u l k ʏ
ögri	œ ɣ r ɪ
öngum	ø y ŋ k ʏ m
örkinni	œ r̥ c ɪ nː ɪ
úlpu	u l̥ p ʏ
úrslitaleikur	u r̥ s t l ɪː t a l e iː k ʏ r
úthald	uː t h a l t
útsendingum	uː t s ɛ n t i ŋ k ʏ m
útvarpsins	uː t v a r̥ p s ɪ n s
þjófar	θ j o uː v a r
þjórfé	θ j o u r f j ɛː
þjóðhöfðingi	θ j o uː ð h œ v ð i ɲ c ɪ
þunnum	θ ʏ nː ʏ m
þurrkaðir	θ ʏ r̥ k aː ð ɪ r
aha	aː h a
almennilegan	a l m ɛ nː ɪ l ɛː ɣ a n
alþjóðalög	a l θ j o uː ð a l œː ɣ
armi	a r m ɪ
arnarfjörð	a r t n a r f j œ r ð
auma	ø yː m a
aumt	ø y m̥ t
aðgreinir	a ð k r e iː n ɪ r
ballinu	p a t l ɪː n ʏ
baltasars	p a l̥ t a s a r̥ s
beer	p ɛː r
bjargast	p j a r k a s t
brautryðjendur	p r ø yː t r ɪ ð j ɛ n t ʏ r
breiddi	p r e i tː ɪ
breskri	p r ɛ s k r ɪ
breytilega	p r e iː t ɪ l ɛː ɣ a
bronsverðlaun	p r ɔ n s v ɛ r ð l ø yː n
burðarás	p ʏ r ð a r a uː s
bægisá	p a iː j ɪ s a uː
bókstafi	p o uː k s t aː v ɪ
concept	kʰ ɔ n s ɛ f t
davos	t aː v ɔː s
diet	t ɪː t
dofnar	t ɔ p n a r
dreifst	t r e i f s t
dróg	t r o uː
dyggðir	t ɪ ɣ ð ɪ r
dómarans	t o uː m a r a n s
eignaraðild	e i k n a r aː ð ɪ l t
eldmóð	ɛ l t m o uː ð
engineering	e i ɲ c ɪ n e ɛː r i ŋ k
erminni	ɛ r m ɪ nː ɪ
expo	ɛ k s p ɔ
farinu	f aː r ɪː n ʏ
fattar	f a h t a r
ferðalangur	f ɛ r ð a l a u ŋ k ʏ r
fiðluleikari	f ɪ ð l ʏ l e iː k a r ɪ
flatar	f l aː t a r
foreign	f ɔː r e i k n
fornaldar	f ɔ r t n a l t a r
forystumaður	f ɔː r ɪ s t ʏ m aː ð ʏ r
freiburg	f r e iː p ʏ r k
freistaði	f r e i s t aː ð ɪ
friðarverðlaun	f r ɪː ð a r v ɛ r ð l ø yː n
friðsamlega	f r ɪ ð s a m l ɛː ɣ a
frumgerð	f r ʏ m c ɛ r ð
fyrrihluta	f ɪ rː ɪ l̥ ʏː t a
gengdi	c e i ŋ t ɪ
genið	c ɛː n ɪ ð
gerrard	c ɛ rː a r t
gigg	c ɪ kː
gluggunum	k l ʏ kː ʏ n ʏ m
gullinu	k ʏ t l ɪː n ʏ
handafli	h a n t a p l ɪ
hayek	h a iː j ɛː k
heaven	h ɛː v ɛ n
heildarafla	h e i l t a r a p l a
heimspekingsins	h e i m s p ɛː c i ŋ k s ɪ n s
hero	h ɛː r ɔ
herrar	h ɛ rː a r
hirðmenn	h ɪ r ð m ɛ nː
hlytu	l̥ ɪː t ʏ
hlítur	l̥ iː t ʏ r
hreif	r̥ e iː v
háhitasvæði	h a uː h ɪː t a s v a iː ð ɪ
hálsaskógi	h a u l s a s k o uː j ɪ
hátíðahöld	h a uː tʰ iː ð a h œ l t
hæfði	h a i v ð ɪ
hólnum	h o u l n ʏ m
jarðhitasvæðum	j a r ð h ɪː t a s v a iː ð ʏ m
kauptu	kʰ ø y f t ʏ
kaþólskir	kʰ aː θ o u l s c ɪ r
kaþólskra	kʰ aː θ o u l s k r a
klemmu	kʰ l ɛ mː ʏ
klifrað	kʰ l ɪ v r aː ð
kling	kʰ l i ŋ k
klofið	kʰ l ɔː v ɪ ð
klárum	kʰ l a uː r ʏ m
klöru	kʰ l œː r ʏ
kofanum	kʰ ɔː v a n ʏ m
kortagerð	kʰ ɔ r̥ t a c ɛ r ð
krossfesta	kʰ r ɔ sː f ɛ s t a
kverkfjöll	kʰ v ɛ r̥ k f j œ t l
kyndil	cʰ ɪ n t ɪ l
kúa	kʰ uː a
landflótta	l a n t f l o u h t a
landfræðilegum	l a n t f r a iː ð ɪ l ɛː ɣ ʏ m
landsdómur	l a n t s t o uː m ʏ r
laugalandi	l ø yː ɣ a l a n t ɪ
leiguna	l e iː ɣ ʏ n a
lindgren	l ɪ n t k r ɛː n
listmálara	l ɪ s t m a uː l a r a
líkömum	l iː kʰ œː m ʏ m
lúðvíksson	l u ð v i k s s ɔː n
lýsis	l iː s ɪ s
lýðræðislegar	l i ð r a iː ð ɪ s l ɛː ɣ a r
macbook	m a k p uː k
madeira	m aː t e iː r a
magdalenu	m a ɣ t a l ɛː n ʏ
malað	m aː l a ð
markúsar	m a r̥ k uː s a r
matarvenjur	m aː t a r v ɛ n j ʏ r
minnisleysi	m ɪ nː ɪ s t l e iː s ɪ
miðborgin	m ɪ ð p ɔ r c ɪ n
mjólkurafurðir	m j o u l̥ k ʏ r aː v ʏ r ð ɪ r
málgagn	m a u l k a k n
neyddust	n e i tː ʏ s t
námsferð	n a u m s f ɛ r ð
náttúruminjaskrá	n a u h t uː r ʏ m ɪ n j a s k r a uː
nærðu	n a i r ð ʏ
pack	pʰ a h k
portable	pʰ ɔ r̥ t a p l ɛ
president	pʰ r ɛː s ɪ t ɛ n̥ t
prjónar	pʰ r j o uː n a r
prjónunum	pʰ r j o uː n ʏ n ʏ m
raunsæ	r ø y n s a iː
raunvísinda	r ø y n v iː s ɪ n t a
reikistjörnur	r e iː c ɪ s t j œ r t n ʏ r
rise	r ɪː s ɛ
ritstýrði	r ɪː t s t i r ð ɪ
rosalegur	r ɔː s a l ɛː ɣ ʏ r
ráðhússins	r a uː ð h u sː ɪ n s
ríkisvald	r iː c ɪ s v a l t
sameininguna	s aː m e iː n i ŋ k ʏː n a
sandfell	s a n t f ɛ t l
siðbót	s ɪ ð p o uː t
sjónvarpsþættinum	s j o u n v a r̥ p s θ a i h t ɪ n ʏ m
skagann	s k aː ɣ a nː
ski	s c ɪː
skiptumst	s c ɪ f t ʏ m̥ s t
skipuleggjendum	s c ɪː p ʏ l ɛ cː ɛ n t ʏ m
skulir	s k ʏː l ɪ r
skyldan	s c ɪ l t a n
sleipnir	s t l e i h p n ɪ r
smán	s m a uː n
snérust	s t n j ɛː r ʏ s t
spyrðu	s p ɪ r ð ʏ
staff	s t a fː
steinsdóttir	s t e i n s t o u h t ɪ r
strandsvæðum	s t r a n t s v a iː ð ʏ m
stressandi	s t r ɛ sː a n t ɪ
stysta	s t ɪ s t a
sumarliði	s ʏː m a r l ɪː ð ɪ
sundin	s ʏ n t ɪ n
suðvesturhorni	s ʏː ð v ɛ s t ʏ r h ɔ r t n ɪ
svæðisbundnum	s v a iː ð ɪ s p ʏ n t n ʏ m
sólkerfi	s o u l̥ cʰ ɛ r v ɪ
söngnám	s ø y ŋ k n a uː m
sýkingin	s iː c i ɲ c ɪ n
tan	tʰ aː n
ten	tʰ ɛː n
tilnefni	tʰ ɪ l n ɛ p n ɪ
titringi	tʰ ɪː t r i ɲ c ɪ
tjarnargötu	tʰ j a r t n a r k œː t ʏ
traustsins	tʰ r ø y s t s ɪ n s
tryllt	tʰ r ɪ l̥ t
trúmálum	tʰ r uː m a uː l ʏ m
tungudal	tʰ u ŋ k ʏ t aː l
tunna	tʰ ʏ nː a
tyrknesk	tʰ ɪ r̥ k n ɛ s k
tékkar	tʰ j ɛ h k a r
tóftir	tʰ o u f t ɪ r
tómasdóttur	tʰ o uː m a s t o u h t ʏ r
týndum	tʰ i n t ʏ m
umbreytist	ʏ m p r e iː t ɪ s t
vatnaskil	v a h t n a s c ɪː l
vatnsfirði	v a h t n s f ɪ r ð ɪ
vefrit	v ɛ v r ɪː t
veiðihús	v e iː ð ɪ h uː s
viðbúin	v ɪ ð p uː ɪ n
void	v ɔ iː t
volt	v ɔ l̥ t
vorkenni	v ɔ r̥ cʰ ɛ nː ɪ
vága	v a uː a
vímu	v iː m ʏ
wise	v ɪː s ɛ
yellow	j ɛ t l ɔ v
yfirlýsingarinnar	ɪː v ɪ r l iː s i ŋ k a r ɪ nː a r
yngstur	i ŋ k s t ʏ r
áratugir	a uː r a tʰ ʏː j ɪ r
íhaldssemi	iː h a l t s s ɛː m ɪ
íþróttafélagi	iː θ r o u h t a f j ɛː l aː j ɪ
óbeit	o uː p e iː t
óperur	o uː p ɛː r ʏ r
örnefnum	œ r t n ɛ p n ʏ m
öruggast	œː r ʏ kː a s t
úrvalslið	u r v a l s t l ɪː ð
úthverfum	uː t kʰ v ɛ r v ʏ m
þingeyrum	θ i ŋ c e iː r ʏ m
þjóðminjavörður	θ j o u ð m ɪ n j a v œ r ð ʏ r
þjóðviljanum	θ j o u ð v ɪ l j a n ʏ m
þrastardóttir	θ r a s t a r t o u h t ɪ r
þráins	θ r a uː ɪ n s
þurrk	θ ʏ r̥ k
þórhalls	θ o uː r h a t l s
add	a tː
afgangs	a v k a u ŋ k s
afgirt	a v c ɪ r̥ t
afhjúpun	a v ç uː p ʏ n
afhjúpuð	a v ç uː p ʏ ð
alert	aː l ɛ r̥ t
alkóhól	a l kʰ o uː h o uː l
allnokkrum	a t l n ɔ h k r ʏ m
aloe	aː l ɔ ɛː
alþýða	a l θ iː ð a
amerískar	aː m ɛː r i s k a r
anand	aː n a n t
andes	a n t ɛː s
annika	a nː ɪː k a
aradóttir	aː r a t o u h t ɪ r
arfleið	a r v l e iː ð
armeníu	a r m ɛː n i j ʏ
arðsemi	a r ð s ɛː m ɪ
atburðar	aː t p ʏ r ð a r
atburðarásin	aː t p ʏ r ð a r a uː s ɪ n
athyglin	aː t h ɪ k l ɪ n
atvinnufrelsi	aː t v ɪ nː ʏ f r ɛ l s ɪ
atvinnugreinum	aː t v ɪ nː ʏ k r e iː n ʏ m
atvinnumálum	aː t v ɪ nː ʏ m a uː l ʏ m
aukaverkunum	ø yː k a v ɛ r̥ k ʏ n ʏ m
auðæfum	ø yː ð a iː v ʏ m
aðföng	a ð f ø y ŋ k
aðildarviðræðum	aː ð ɪ l t a r v ɪ ð r a iː ð ʏ m
aðskildir	a ð s c ɪ l t ɪ r
aðstoðarmanns	a ð s t ɔː ð a r m a nː s
barnabarni	p a r t n a p a r t n ɪ
barónsstíg	p aː r o u n s s t iː ɣ
bauka	p ø yː k a
becky	p ɛ h c ɪ
beinþynningu	p e i n θ ɪ nː i ŋ k ʏ
bekele	p ɛː cʰ ɛː l ɛ
belmont	p ɛ l m ɔ n̥ t
benji	p ɛ n j ɪ
bjarka	p j a r̥ k a
bjarts	p j a r̥ t s
björgunarsveita	p j œ r k ʏ n a r s v e iː t a
björgvini	p j œ r k v ɪː n ɪ
blandaðan	p l a n t a ð a n
blandaðri	p l a n t a ð r ɪ
blauta	p l ø yː t a
bloggi	p l ɔ cː ɪ
blæðingu	p l a iː ð i ŋ k ʏ
blíðu	p l iː ð ʏ
bobs	p ɔ p s
borgarráði	p ɔ r k a r r a uː ð ɪ
brattur	p r a h t ʏ r
breiddin	p r e i tː ɪ n
brekkan	p r ɛ h k a n
brekkunni	p r ɛ h k ʏ nː ɪ
brekkur	p r ɛ h k ʏ r
brewery	p r ɛː v ɛː r ɪ
brilliant	p r ɪ t l j a n̥ t
bringunni	p r i ŋ k ʏ nː ɪ
brotinu	p r ɔː t ɪ n ʏ
brunni	p r ʏ nː ɪ
brynhildi	p r ɪː n h ɪ l t ɪ
brynjarsdóttir	p r ɪ n j a r s t o u h t ɪ r
bráðnun	p r a u ð n ʏ n
brætt	p r a i h t
byggðastofnunar	p ɪ ɣ ð a s t ɔ p n ʏ n a r
byrjendum	p ɪ r j ɛ n t ʏ m
byrjunarliði	p ɪ r j ʏ n a r l ɪː ð ɪ
byssukúlur	p ɪ sː ʏ kʰ uː l ʏ r
byssumenn	p ɪ sː ʏ m ɛ nː
bása	p a uː s a
báts	p a u h t s
bægja	p a iː j a
bærist	p a iː r ɪ s t
bæru	p a iː r ʏ
bætiefni	p a iː t ɪ ɛ p n ɪ
coraline	kʰ ɔː r a l ɪː n ɛ
cosmos	kʰ ɔː s m ɔː s
ct	kʰ t
cultural	kʰ ʏ l̥ t ʏ r aː l
dafnar	t a p n a r
dagbjört	t a ɣ p j œ r̥ t
dauðsfall	t ø y ð s f a t l
deirdre	t e i r t r ɛː
diy	t ɪ iː
djúpavík	t j uː p a v iː k
djúpri	t j uː p r ɪ
doddi	t ɔ tː ɪ
doppur	t ɔ h p ʏ r
dori	t ɔː r ɪ
dramatíska	t r aː m a tʰ i s k a
drangsnesi	t r a u ŋ k s n ɛː s ɪ
draugurinn	t r ø yː ɣ ʏ r ɪ nː
dreifi	t r e iː v ɪ
dreifðir	t r e i v ð ɪ r
drukknir	t r ʏ h k n ɪ r
dugnaði	t ʏ k n aː ð ɪ
durango	t ʏː r a u ŋ k ɔ
dvalarstað	t v aː l a r s t aː ð
dósir	t o uː s ɪ r
dósum	t o uː s ʏ m
dönsuðu	t œ n s ʏː ð ʏ
dýpið	t iː p ɪ ð
dýpstu	t i p s t ʏ
dýralífi	t iː r a l iː v ɪ
dýrustu	t iː r ʏ s t ʏ
early	ɛː a r l ɪ
efnir	ɛ p n ɪ r
eftirláta	ɛ f t ɪ r l a uː t a
eftirlæti	ɛ f t ɪ r l a iː t ɪ
eigast	e iː ɣ a s t
eignarréttur	e i k n a r r j ɛ h t ʏ r
einfaldast	e i n f a l t a s t
einingarnar	e iː n i ŋ k a r t n a r
ekkjur	ɛ h c ʏ r
elfar	ɛ l v a r
endanlegar	ɛ n t a n l ɛː ɣ a r
endurteknum	ɛ n t ʏ r tʰ ɛ h k n ʏ m
erfiðan	ɛ r v ɪː ð a n
eriksson	ɛː r ɪ k s s ɔː n
erindisbréf	ɛː r ɪ n t ɪ s p r j ɛː v
este	ɛ s t ɛ
export	ɛ k s p ɔ r̥ t
eyfjörð	e iː v j œ r ð
eðlilegri	ɛ ð l ɪ l ɛ ɣ r ɪ
eðlisfari	ɛ ð l ɪ s f aː r ɪ
fagið	f aː j ɪ ð
falast	f aː l a s t
fangana	f a u ŋ k aː n a
farsæll	f a r̥ s a i t l
farvegur	f a r v ɛː ɣ ʏ r
fasista	f aː s ɪ s t a
feimni	f e i m n ɪ
ferilsins	f ɛː r ɪ l s ɪ n s
fjarðar	f j a r ð a r
fjármálastofnana	f j a u r m a uː l a s t ɔ p n aː n a
fjárstuðning	f j a u r̥ s t ʏ ð n i ŋ k
fjósinu	f j o uː s ɪː n ʏ
fjölbreyttri	f j œ l p r e i h t r ɪ
fjölmiðlafólk	f j œ l m ɪ ð l a f o u l̥ k
fleka	f l ɛː k a
flex	f l ɛ k s
flugvalla	f l ʏ ɣ v a t l a
foreldris	f ɔː r ɛ l t r ɪː s
forgangsröð	f ɔ r k a u ŋ k s r œː ð
foringjarnir	f ɔː r i ɲ c a r t n ɪ r
formönnum	f ɔ r m œ nː ʏ m
fornra	f ɔ r t n r a
forráðamaður	f ɔ rː a uː ð a m aː ð ʏ r
forstjórar	f ɔ r̥ s t j o uː r a r
framboða	f r a m p ɔː ð a
framboðslisti	f r a m p ɔ ð s t l ɪ s t ɪ
framganga	f r a m k a u ŋ k a
framhjáhaldi	f r a m ç a uː h a l t ɪ
fran	f r aː n
frjálshyggjunnar	f r j a u l s h ɪ cː ʏ nː a r
frumspeki	f r ʏ m s p ɛː c ɪ
frádrátt	f r a uː t r a u h t
frídag	f r iː t aː ɣ
fundargerð	f ʏ n t a r c ɛ r ð
fundnar	f ʏ n t n a r
fyndnasta	f ɪ n t n a s t a
fyrirferðarmikil	f ɪː r ɪ r f ɛ r ð a r m ɪː c ɪ l
fyrirhugaðra	f ɪː r ɪ r h ʏː ɣ a ð r a
fyrirlitningu	f ɪː r ɪ r l ɪ h t n i ŋ k ʏ
fámennum	f a uː m ɛ nː ʏ m
færibandi	f a iː r ɪ p a n t ɪ
færslunni	f a i r̥ s t l ʏ nː ɪ
fæðingardag	f a iː ð i ŋ k a r t aː ɣ
fæðuval	f a iː ð ʏ v aː l
fólksbíla	f o u l̥ k s p iː l a
fósturlát	f o u s t ʏ r l a uː t
fögum	f œː ɣ ʏ m
fölsku	f œ l s k ʏ
förin	f œː r ɪ n
gagnanna	k a k n a nː a
gdansk	k t a n s k
geimverum	c e i m v ɛː r ʏ m
geirum	c e iː r ʏ m
gekko	c ɛ h k ɔ
gena	c ɛː n a
gengust	c e i ŋ k ʏ s t
gestgjafa	c ɛ s t c aː v a
geymslur	c e i m s t l ʏ r
geðræn	c ɛ ð r a iː n
gjár	c a uː r
gjörgæsludeild	c œ r c a i s t l ʏ t e i l t
gjörða	c œ r ð a
goldstein	k ɔ l t s t e iː n
government	k ɔː v ɛ r t n m ɛ n̥ t
gram	k r aː m
grettisgötu	k r ɛ h t ɪ s k œː t ʏ
gruber	k r ʏː p ɛː r
grundvölluð	k r ʏ n t v œ t l ʏ ð
grunnskólastigi	k r ʏ nː s k o uː l a s t ɪː j ɪ
grái	k r a uː ɪ
grípum	k r iː p ʏ m
grósku	k r o u s k ʏ
gróðursetningu	k r o uː ð ʏ r s ɛ h t n i ŋ k ʏ
grýlu	k r iː l ʏ
gump	k ʏ m̥ p
guðbrandsdóttir	k v ʏ ð p r a n t s t o u h t ɪ r
guðríði	k v ʏ ð r iː ð ɪ
gylltum	c ɪ l̥ t ʏ m
gælunöfn	c a iː l ʏ n œ p n
gífurlegum	c iː v ʏ r l ɛː ɣ ʏ m
gönguferðir	k ø y ŋ k ʏ f ɛ r ð ɪ r
hafnfirðinga	h a p n f ɪ r ð i ŋ k a
hafrar	h a v r a r
hagsmunamál	h a x s m ʏː n a m a uː l
hagstæðar	h a x s t a iː ð a r
halds	h a l t s
hallfríður	h a t l f r iː ð ʏ r
hallgrímskirkja	h a t l k r i m s c ɪ r̥ c a
hallveig	h a t l v e iː ɣ
handanna	h a n t a nː a
handverki	h a n t v ɛ r̥ c ɪ
haraldsdóttur	h aː r a l t s t o u h t ʏ r
haraldssyni	h aː r a l t s s ɪː n ɪ
harkaleg	h a r̥ k a l ɛː ɣ
hati	h aː t ɪ
hauksdóttur	h ø y k s t o u h t ʏ r
hefðbundins	h ɛ v ð p ʏ n t ɪ n s
heillað	h e i t l a ð
heilsufars	h e i l s ʏ f a r̥ s
heimleiðinni	h e i m l e iː ð ɪ nː ɪ
heimsmælikvarða	h e i m s m a iː l ɪ kʰ v a r ð a
heiðu	h e iː ð ʏ
helgihald	h ɛ l c ɪ h a l t
hengingu	h e i ɲ c i ŋ k ʏ
heppileg	h ɛ h p ɪ l ɛː ɣ
herðum	h ɛ r ð ʏ m
hestafla	h ɛ s t a p l a
hetjunni	h ɛː t j ʏ nː ɪ
hide	h ɪː t ɛ
hjartabilun	ç a r̥ t a p ɪː l ʏ n
hjálparlaust	ç a u l̥ p a r l ø y s t
hlaupari	l̥ ø yː p a r ɪ
hlekkjum	l̥ ɛ h c ʏ m
hleður	l̥ ɛː ð ʏ r
hljómsveitunum	l̥ j o u m s v e iː t ʏ n ʏ m
hlýddu	l̥ i tː ʏ
holtum	h ɔ l̥ t ʏ m
hormóna	h ɔ r m o uː n a
hrafnistu	r̥ a p n ɪ s t ʏ
hreyfingarnar	r̥ e iː v i ŋ k a r t n a r
hringar	r̥ i ŋ k a r
hrossið	r̥ ɔ sː ɪ ð
hrífur	r̥ iː v ʏ r
hugtaki	h ʏ x tʰ aː c ɪ
hugverk	h ʏ ɣ v ɛ r̥ k
huldi	h ʏ l t ɪ
hversdagslegt	kʰ v ɛ r̥ s t a x s l ɛ x t
hvöss	kʰ v œ sː
hylkjum	h ɪ l̥ c ʏ m
hálogalandi	h a uː l ɔː ɣ a l a n t ɪ
hátíða	h a uː tʰ iː ð a
hátíðlegan	h a uː tʰ i ð l ɛː ɣ a n
háðu	h a uː ð ʏ
hæfileikakeppni	h a iː v ɪ l e iː k a cʰ ɛ h p n ɪ
héra	ç ɛː r a
hólfum	h o u l v ʏ m
höft	h œ f t
höfundaréttur	h œː v ʏ n t a r j ɛ h t ʏ r
höskuldi	h œ s k ʏ l t ɪ
húsvörður	h uː s v œ r ð ʏ r
húðar	h uː ð a r
ibby	ɪ pː ɪ
ikea	ɪː c ɛː a
innu	ɪ nː ʏ
jafnréttismálaráðherra	j a p n r j ɛ h t ɪ s m a uː l a r a uː ð h ɛ rː a
jaðrinum	j a ð r ɪː n ʏ m
jed	j ɛː t
jfk	j ɛ f k
joni	j ɔː n ɪ
jonny	j ɔ nː ɪ
jürgen	j ʏ r c ɛ n
kafbáti	kʰ a v p a uː t ɪ
kafbátnum	kʰ a v p a u h t n ʏ m
kaldasta	kʰ a l t a s t a
kaldasti	kʰ a l t a s t ɪ
kana	kʰ aː n a
kaplakrika	kʰ a h p l a kʰ r ɪː k a
kerruna	cʰ ɛ rː ʏ n a
kerry	cʰ ɛ rː ɪ
keyrður	cʰ e i r ð ʏ r
killer	cʰ ɪ t l ɛ r
kipp	cʰ ɪ h p
kirkjugarða	cʰ ɪ r̥ c ʏ k a r ð a
kjarnorkustyrjöld	cʰ a r t n ɔ r̥ k ʏ s t ɪ r j œ l t
kjörstað	cʰ œ r̥ s t aː ð
klæddust	kʰ l a i tː ʏ s t
klúbba	kʰ l u pː a
klúðraði	kʰ l u ð r aː ð ɪ
koltvísýring	kʰ ɔ l̥ t v iː s iː r i ŋ k
kool	kʰ ɔː l
kraftmikla	kʰ r a f t m ɪ h k l a
kryddað	kʰ r ɪ tː a ð
kryddið	kʰ r ɪ tː ɪ ð
kundalini	kʰ ʏ n t a l ɪː n ɪ
kunnað	kʰ ʏ nː a ð
kvennadeild	kʰ v ɛ nː a t e i l t
kváðust	kʰ v a uː ð ʏ s t
kynbundnu	cʰ ɪ n p ʏ n t n ʏ
kílóa	cʰ iː l o uː a
kólesteról	kʰ o uː l ɛ s t ɛː r o uː l
kóngsins	kʰ o u ŋ k s ɪ n s
kössunum	kʰ œ sː ʏ n ʏ m
kúna	kʰ uː n a
lagabreytingar	l aː ɣ a p r e iː t i ŋ k a r
landbúnaðarvörur	l a n t p uː n a ð a r v œː r ʏ r
landmannalaugar	l a n t m a nː a l ø yː ɣ a r
landsfundur	l a n t s f ʏ n t ʏ r
landsrétti	l a n t s r j ɛ h t ɪ
landsréttur	l a n t s r j ɛ h t ʏ r
langafa	l a u ŋ k aː v a
langleiðina	l a u ŋ k l e iː ð ɪ n a
langsum	l a u ŋ k s ʏ m
launað	l ø yː n a ð
leikhópsins	l e iː k h o u p s ɪ n s
leiðbeinanda	l e i ð p e iː n a n t a
leiðréttingar	l e i ð r j ɛ h t i ŋ k a r
lerner	l ɛ r t n ɛ r
lestarstöðin	l ɛ s t a r s t œː ð ɪ n
leyfinu	l e iː v ɪ n ʏ
leynilegur	l e iː n ɪ l ɛː ɣ ʏ r
lilli	l ɪ t l ɪ
linsu	l ɪ n s ʏ
litbrigði	l ɪː t p r ɪ ɣ ð ɪ
lizzy	l ɪ t s ɪ
liðsfélaga	l ɪ ð s f j ɛː l aː ɣ a
ljósmyndin	l j o uː s m ɪ n t ɪ n
ljóðskáldið	l j o u ð s k a u l t ɪ ð
ljúfu	l j uː v ʏ
loco	l ɔː k ɔ
lokkar	l ɔ h k a r
loku	l ɔː k ʏ
lon	l ɔː n
lyklaborði	l ɪ h k l a p ɔ r ð ɪ
láninu	l a uː n ɪ n ʏ
lánshæfismat	l a u n s h a iː v ɪ s m aː t
lárétta	l a uː r j ɛ h t a
lægju	l a iː j ʏ
lækkuðu	l a i h k ʏ ð ʏ
læknast	l a i h k n a s t
léki	l j ɛː c ɪ
líkamlegan	l iː kʰ a m l ɛː ɣ a n
línuleg	l iː n ʏ l ɛː ɣ
lóðin	l o uː ð ɪ n
lögfræðingi	l œ ɣ f r a iː ð i ɲ c ɪ
lögmæta	l œ ɣ m a iː t a
lögreglumanni	l œ ɣ r ɛ k l ʏ m a nː ɪ
löngunum	l ø y ŋ k ʏ n ʏ m
lýðræðisins	l i ð r a iː ð ɪ s ɪ n s
mads	m a t s
mafíunnar	m aː v i j ʏ nː a r
mannlegar	m a nː l ɛː ɣ a r
mannréttindabrotum	m a nː r j ɛ h t ɪ n t a p r ɔː t ʏ m
mannréttindadómstóll	m a nː r j ɛ h t ɪ n t a t o u m s t o u t l
margfeldi	m a r k f ɛ l t ɪ
marglyttur	m a r k l ɪ h t ʏ r
margvíslegri	m a r k v i s t l ɛ ɣ r ɪ
markaðssetningar	m a r̥ k a ð s s ɛ h t n i ŋ k a r
markaðsverði	m a r̥ k a ð s v ɛ r ð ɪ
menningararfi	m ɛ nː i ŋ k a r a r v ɪ
menningarinnar	m ɛ nː i ŋ k a r ɪ nː a r
menningarmál	m ɛ nː i ŋ k a r m a uː l
menntastofnunum	m ɛ n̥ t a s t ɔ p n ʏ n ʏ m
merkingum	m ɛ r̥ c i ŋ k ʏ m
messína	m ɛ sː iː n a
meðaltekjur	m ɛː ð a l tʰ ɛː c ʏ r
meðferðum	m ɛ ð f ɛ r ð ʏ m
mikkelsen	m ɪ h c ɛ l s ɛ n
minnstur	m ɪ n s t ʏ r
miðgildi	m ɪ ð c ɪ l t ɪ
miðilsins	m ɪː ð ɪ l s ɪ n s
miðlæg	m ɪ ð l a iː ɣ
miðlægt	m ɪ ð l a i x t
movement	m ɔː v ɛ m ɛ n̥ t
munnleg	m ʏ nː l ɛː ɣ
myglu	m ɪ k l ʏ
málmar	m a u l m a r
málsgreinar	m a u l s k r e iː n a r
málskostnað	m a u l s k ɔ s t n aː ð
málun	m a uː l ʏ n
mældar	m a i l t a r
mílum	m iː l ʏ m
mörkuð	m œ r̥ k ʏ ð
möðrudal	m œ ð r ʏ t aː l
nad	n aː t
nasistarnir	n aː s ɪ s t a r t n ɪ r
nemarnir	n ɛː m a r t n ɪ r
netþjónum	n ɛː t θ j o uː n ʏ m
niðurlag	n ɪː ð ʏ r l aː ɣ
norah	n ɔː r a
noru	n ɔː r ʏ
norðausturs	n ɔ r ð ø y s t ʏ r̥ s
norðurárdal	n ɔ r ð ʏ r a u r t aː l
nytja	n ɪː t j a
náttúrulegan	n a u h t uː r ʏ l ɛː ɣ a n
nöfnunum	n œ p n ʏ n ʏ m
nútímalegum	n uː tʰ iː m a l ɛː ɣ ʏ m
nútímatækni	n uː tʰ iː m a tʰ a i h k n ɪ
nýfædd	n iː f a i tː
nýttust	n i h t ʏ s t
oddvita	ɔ tː v ɪː t a
ofangreind	ɔː v a u ŋ k r e i n t
ofbeldið	ɔ v p ɛ l t ɪ ð
ofvirkni	ɔ v v ɪ r̥ k n ɪ
org	ɔ r k
orðabókar	ɔ r ð a p o uː k a r
palla	pʰ a t l a
pallborðið	pʰ a t l p ɔ r ð ɪ ð
paradise	pʰ aː r a t ɪː s ɛ
passað	pʰ a sː a ð
pepper	pʰ ɛ h p ɛ r
persónuverndar	pʰ ɛ r̥ s o uː n ʏ v ɛ r n t a r
pinball	pʰ ɪ n p a t l
pirringur	pʰ ɪ rː i ŋ k ʏ r
platform	pʰ l aː t f ɔ r m
polka	pʰ ɔ l̥ k a
poppins	pʰ ɔ h p ɪ n s
portrait	pʰ ɔ r̥ t r a iː t
prýtt	pʰ r i h t
pu	pʰ ʏː
pól	pʰ o uː l
rafeindatækni	r aː v e i n t a tʰ a i h k n ɪ
rafvirkja	r a v v ɪ r̥ c a
ragnhildar	r a k n h ɪ l t a r
raj	r a iː
rannsóknamiðstöð	r a nː s o u h k n a m ɪ ð s t œː ð
rannsóknaraðferðir	r a nː s o u h k n a r a ð f ɛ r ð ɪ r
refir	r ɛː v ɪ r
refsiábyrgð	r ɛ f s ɪ a uː p ɪ r ɣ ð
reglugerðin	r ɛ k l ʏ c ɛ r ð ɪ n
reglugerðinni	r ɛ k l ʏ c ɛ r ð ɪ nː ɪ
regluverki	r ɛ k l ʏ v ɛ r̥ c ɪ
reimar	r e iː m a r
reykti	r e i x t ɪ
rhein	r̥ e iː n
rifbein	r ɪ v p e iː n
risastórt	r ɪː s a s t o u r̥ t
rjúpu	r j uː p ʏ
rokkari	r ɔ h k a r ɪ
rukkað	r ʏ h k a ð
ráðfæra	r a u ð f a iː r a
ráðningar	r a u ð n i ŋ k a r
ráðuneytisstjóra	r a uː ð ʏ n e iː t ɪ s s t j o uː r a
ræddir	r a i tː ɪ r
réttarríki	r j ɛ h t a r r iː c ɪ
réttlátu	r j ɛ h t l a uː t ʏ
réttlætingu	r j ɛ h t l a iː t i ŋ k ʏ
ríkisútgjöld	r iː c ɪ s u t c œ l t
rómantískt	r o uː m a n tʰ i s k t
röddu	r œ tː ʏ
rúmri	r u m r ɪ
safns	s a p n s
samferða	s a m f ɛ r ð a
samræmdum	s a m r a i m t ʏ m
samrýmist	s a m r iː m ɪ s t
samtengingu	s a m tʰ e i ɲ c i ŋ k ʏ
samþætta	s a m θ a i h t a
sauðfjárbænda	s ø y ð f j a u r p a i n t a
seif	s e iː v
seljandi	s ɛ l j a n t ɪ
sendingum	s ɛ n t i ŋ k ʏ m
setninga	s ɛ h t n i ŋ k a
setursins	s ɛː t ʏ r s ɪ n s
share	s h aː r ɛ
sigtinu	s ɪ x t ɪ n ʏ
silfurfati	s ɪ l v ʏ r f aː t ɪ
silju	s ɪ l j ʏ
sirka	s ɪ r̥ k a
siðferðilegum	s ɪ ð f ɛ r ð ɪ l ɛː ɣ ʏ m
sjónarhornum	s j o uː n a r h ɔ r t n ʏ m
sjónarmiða	s j o uː n a r m ɪː ð a
sjóðs	s j o u ð s
skaftárhreppi	s k a f t a u r r̥ ɛ h p ɪ
skerinu	s c ɛː r ɪː n ʏ
skilgreinda	s c ɪ l k r e i n t a
skills	s c ɪ t l s
skilyrða	s c ɪː l ɪ r ð a
skipasmíðastöð	s c ɪː p a s m iː ð a s t œː ð
skor	s k ɔː r
skordýra	s k ɔ r t iː r a
skotmarki	s k ɔː t m a r̥ c ɪ
skákin	s k a uː c ɪ n
skírdag	s c i r t aː ɣ
skólabarna	s k o uː l a p a r t n a
skólavist	s k o uː l a v ɪ s t
slade	s t l aː t ɛ
sleitulaust	s t l e iː t ʏ l ø y s t
slepptum	s t l ɛ h p t ʏ m
smitar	s m ɪː t a r
smiðjan	s m ɪ ð j a n
smurði	s m ʏ r ð ɪ
smábær	s m a uː p a iː r
smáforrit	s m a uː f ɔ rː ɪː t
smávægilegar	s m a uː v a iː j ɪ l ɛː ɣ a r
snæs	s t n a iː s
snætt	s t n a i h t
snú	s t n uː
sonu	s ɔː n ʏ
sorps	s ɔ r̥ p s
sparisjóðanna	s p aː r ɪ s j o uː ð a nː a
spennunni	s p ɛ nː ʏ nː ɪ
spilavítið	s p ɪː l a v iː t ɪ ð
sprengjuna	s p r e i ɲ c ʏ n a
spölur	s p œː l ʏ r
ssd	s ɛ s t
stangveiði	s t a u ŋ k v e iː ð ɪ
starfsstöð	s t a r v s s t œː ð
starfssvið	s t a r v s s v ɪː ð
starfssvæði	s t a r v s s v a iː ð ɪ
starfsvettvangur	s t a r v s v ɛ h t v a u ŋ k ʏ r
staðhæfingum	s t aː ð h a iː v i ŋ k ʏ m
steinana	s t e iː n a n a
stjórnarformanns	s t j o u r t n a r f ɔ r m a nː s
stjórnarmönnum	s t j o u r t n a r m œ nː ʏ m
stjórnlagaráði	s t j o u r t n l aː ɣ a r a uː ð ɪ
stolnum	s t ɔ l n ʏ m
strítt	s t r i h t
strýkur	s t r iː k ʏ r
studdar	s t ʏ tː a r
stuðmenn	s t ʏ ð m ɛ nː
styrkirnir	s t ɪ r̥ c ɪ r t n ɪ r
styrmi	s t ɪ r m ɪ
stéttarfélagi	s t j ɛ h t a r f j ɛː l aː j ɪ
stígamót	s t iː ɣ a m o uː t
stóraukið	s t o uː r ø yː c ɪ ð
stóðust	s t o uː ð ʏ s t
stöðluðum	s t œ ð l ʏː ð ʏ m
stúfur	s t uː v ʏ r
sumarleyfi	s ʏː m a r l e iː v ɪ
svangir	s v a u ɲ c ɪ r
svefnpoka	s v ɛ p n pʰ ɔː k a
sveinbjörg	s v e i n p j œ r k
sveinspróf	s v e i n s p r o uː v
sveltur	s v ɛ l̥ t ʏ r
svifryks	s v ɪ v r ɪ k s
svimi	s v ɪː m ɪ
svínum	s v iː n ʏ m
syngi	s i ɲ c ɪ
sáir	s a uː ɪ r
sérhæfðra	s j ɛː r h a i v ð r a
sérhæfðu	s j ɛː r h a i v ð ʏ
sérsveitinni	s j ɛ r̥ s v e iː t ɪ nː ɪ
síldinni	s i l t ɪ nː ɪ
sítrónusafa	s iː tʰ r o uː n ʏ s aː v a
sízt	s i s t
sóleyjar	s o uː l e iː j a r
sóti	s o uː t ɪ
súrum	s uː r ʏ m
sýnileika	s iː n ɪ l e iː k a
sýnin	s iː n ɪ n
talast	tʰ aː l a s t
tale	tʰ aː l ɛ
tango	tʰ a u ŋ k ɔ
tarsan	tʰ a r̥ s a n
taívan	tʰ a iː v a n
tekjuhæstu	tʰ ɛː c ʏ h a i s t ʏ
tempo	tʰ ɛ m̥ p ɔ
tiki	tʰ ɪː c ɪ
tilbúnu	tʰ ɪ l p uː n ʏ
tilraunastöð	tʰ ɪ l r ø yː n a s t œː ð
tilvalið	tʰ ɪ l v a l ɪː ð
tobba	tʰ ɔ pː a
tollar	tʰ ɔ t l a r
tortilla	tʰ ɔ r̥ t ɪ t l a
track	tʰ r a h k
trang	tʰ r a u ŋ k
trommurnar	tʰ r ɔ mː ʏ r t n a r
try	tʰ r ɪː
trúfélögum	tʰ r uː f j ɛː l œː ɣ ʏ m
tuma	tʰ ʏː m a
tækifæra	tʰ a iː c ɪ f a iː r a
tæknideild	tʰ a i h k n ɪ t e i l t
tímabundnum	tʰ iː m a p ʏ n t n ʏ m
tímasetja	tʰ iː m a s ɛː t j a
tímasett	tʰ iː m a s ɛ h t
tíðin	tʰ iː ð ɪ n
tónleikanna	tʰ o u n l e iː kʰ a nː a
tónlistarfólk	tʰ o u n l ɪ s t a r f o u l̥ k
tónlistarhátíðum	tʰ o u n l ɪ s t a r h a uː tʰ iː ð ʏ m
umbera	ʏ m p ɛː r a
umbreytingar	ʏ m p r e iː t i ŋ k a r
umfangsmiklu	ʏ m f a u ŋ k s m ɪ h k l ʏ
umrædda	ʏ m r a i tː a
umræðuefnið	ʏ m r a iː ð ʏ ɛ p n ɪ ð
umsóknum	ʏ m s o u h k n ʏ m
undanfarandi	ʏ n t a n f aː r a n t ɪ
undanþága	ʏ n t a n θ a uː a
undirgrein	ʏ n t ɪ r k r e iː n
ungling	u ŋ k l i ŋ k
uppeldisfræði	ʏ h p ɛ l t ɪ s f r a iː ð ɪ
upphefja	ʏ h p h ɛ v j a
uppihald	ʏ h p ɪ h a l t
upplestur	ʏ h p l ɛ s t ʏ r
upplýsingamiðlun	ʏ h p l iː s i ŋ k a m ɪ ð l ʏ n
uppreisnarmönnunum	ʏ h p r e i s t n a r m œ nː ʏ n ʏ m
uppvakninga	ʏ h p v a h k n i ŋ k a
uppákomum	ʏ h p a uː kʰ ɔː m ʏ m
usd	ʏ s t
varasamt	v aː r a s a m̥ t
varnarliðið	v a r t n a r l ɪː ð ɪ ð
varningur	v a r t n i ŋ k ʏ r
vatnsmagn	v a h t n s m a k n
vefverslun	v ɛ v v ɛ r̥ s t l ʏ n
veigar	v e iː ɣ a r
verklegt	v ɛ r̥ k l ɛ x t
verslunarmiðstöðinni	v ɛ r̥ s t l ʏ n a r m ɪ ð s t œː ð ɪ nː ɪ
veröldina	v ɛː r œ l t ɪ n a
vestmanna	v ɛ s t m a nː a
vindla	v ɪ n t l a
virkra	v ɪ r̥ k r a
virðisaukaskatt	v ɪ r ð ɪ s ø yː k a s k a h t
vistmenn	v ɪ s t m ɛ nː
vitri	v ɪː t r ɪ
viðareiði	v ɪː ð a r e iː ð ɪ
viðdvöl	v ɪ ð t v œː l
viðfangs	v ɪ ð f a u ŋ k s
viðkemur	v ɪ ð cʰ ɛː m ʏ r
viðkvæmir	v ɪ ð kʰ v a iː m ɪ r
viðræðunum	v ɪ ð r a iː ð ʏ n ʏ m
viðskiptalegum	v ɪ ð s c ɪ f t a l ɛː ɣ ʏ m
viðsnúningur	v ɪ ð s n uː n i ŋ k ʏ r
vændiskona	v a i n t ɪ s k ɔː n a
víddir	v i tː ɪ r
víxla	v i k s t l a
víðavangi	v iː ð a v a u ɲ c ɪ
vöknuðu	v œ h k n ʏ ð ʏ
vörumerkja	v œː r ʏ m ɛ r̥ c a
vörðum	v œ r ð ʏ m
whip	v ɪː p
wide	v ɪː t ɛ
yard	j a r t
yfirburða	ɪː v ɪ r p ʏ r ð a
yfirburðir	ɪː v ɪ r p ʏ r ð ɪ r
yfirgefi	ɪː v ɪ r c ɛː v ɪ
yrkisefni	ɪ r̥ c ɪ s ɛ p n ɪ
áfangastaði	a uː f a u ŋ k a s t aː ð ɪ
ágengar	a uː c e i ŋ k a r
áhafnir	a uː h a p n ɪ r
ákærurnar	a uː cʰ a iː r ʏ r t n a r
álita	a uː l ɪː t a
ámóta	a uː m o uː t a
árlegrar	a uː r l ɛ ɣ r a r
ársgrundvelli	a u r̥ s k r ʏ n t v ɛ t l ɪ
áskorunina	a uː s k ɔː r ʏ n ɪː n a
ásmundsdóttir	a uː s m ʏ n t s t o u h t ɪ r
ástráður	a uː s t r a uː ð ʏ r
áverkum	a uː v ɛ r̥ k ʏ m
áætlaða	a uː a i h t l aː ð a
áætlunar	a uː a i h t l ʏː n a r
ævars	a iː v a r̥ s
æðarnar	a iː ð a r t n a r
íláti	iː l a uː t ɪ
íþyngjandi	iː θ i ɲ c a n t ɪ
óbyggðir	o uː p ɪ ɣ ð ɪ r
óeðlilegum	o uː ɛ ð l ɪ l ɛː ɣ ʏ m
ógleymdum	o u k l e i m t ʏ m
óheimil	o uː h e iː m ɪ l
ójöfnuði	o uː j œ p n ʏː ð ɪ
óliver	o uː l ɪ v ɛː r
ólæknandi	o uː l a i h k n a n t ɪ
ólögmæt	o uː l œ ɣ m a iː t
óreglu	o uː r ɛ k l ʏ
órofa	o uː r ɔː v a
óviðunandi	o uː v ɪː ð ʏ n a n t ɪ
óþreytandi	o uː θ r e iː t a n t ɪ
óþægilega	o uː θ a iː j ɪ l ɛː ɣ a
öbí	œː p iː
ölmusu	œ l m ʏː s ʏ
önnuðust	œ nː ʏ ð ʏ s t
öpp	œ h p
öryggismálum	œː r ɪ cː ɪ s m a uː l ʏ m
útbreitt	uː t p r e i h t
útdrátt	uː t t r a u h t
ýmir	iː m ɪ r
þinghaldi	θ i ŋ k h a l t ɪ
þjóðareign	θ j o uː ð a r e i k n
þorað	θ ɔː r a ð
þorláks	θ ɔ r l a u k s
þorskurinn	θ ɔ r̥ s k ʏ r ɪ nː
þorðu	θ ɔ r ð ʏ
þrifum	θ r ɪː v ʏ m
þrumur	θ r ʏː m ʏ r
þríhyrning	θ r iː h ɪ r t n i ŋ k
þröngar	θ r ø y ŋ k a r
þröngva	θ r ø y ŋ k v a
þvingað	θ v i ŋ k a ð
þýskri	θ i s k r ɪ
þýðenda	θ iː ð ɛ n t a
afglöp	a v k l œː p
aflögð	a v l œ ɣ ð
algenga	a l c e i ŋ k a
arnórsson	a r t n o u r̥ s s ɔː n
austurríkismenn	ø y s t ʏ r r iː c ɪ s m ɛ nː
bannaðir	p a nː a ð ɪ r
banninu	p a nː ɪ n ʏ
barnsmóður	p a r t n s m o uː ð ʏ r
berta	p ɛ r̥ t a
blikkandi	p l ɪ h k a n t ɪ
blómaskeið	p l o uː m a s c e iː ð
blót	p l o uː t
blöndur	p l œ n t ʏ r
brunanum	p r ʏː n a n ʏ m
bílaframleiðendur	p iː l a f r a m l e iː ð ɛ n t ʏ r
calais	kʰ aː l a iː s
dagblöðin	t a ɣ p l œː ð ɪ n
danshöfundur	t a n s h œː v ʏ n t ʏ r
dómkirkjuna	t o u m cʰ ɪ r̥ c ʏ n a
dömu	t œː m ʏ
dýrasti	t iː r a s t ɪ
eldgoss	ɛ l t k ɔ sː
els	ɛ l s
endurvakið	ɛ n t ʏ r v aː c ɪ ð
evrópuráðið	ɛ v r o uː p ʏ r a uː ð ɪ ð
falk	f a l̥ k
ferjur	f ɛ r j ʏ r
framlengd	f r a m l e i ŋ t
fyndnar	f ɪ n t n a r
gallabuxum	k a t l a p ʏ x s ʏ m
gass	k a sː
geðhvörf	c ɛ ð kʰ v œ r v
gríp	k r iː p
gríski	k r i s c ɪ
gædd	c a i tː
gífurlegar	c iː v ʏ r l ɛː ɣ a r
hagfræðinnar	h a x f r a iː ð ɪ nː a r
hebron	h ɛː p r ɔː n
heilsubrests	h e i l s ʏ p r ɛ s t s
heimsálfu	h e i m s a u l v ʏ
hello	h ɛ t l ɔ
hemma	h ɛ mː a
hendrik	h ɛ n t r ɪː k
hengd	h e i ŋ t
hillunni	h ɪ t l ʏ nː ɪ
hrauns	r̥ ø y n s
hreiðrið	r̥ e i ð r ɪː ð
hroll	r̥ ɔ t l
hræringar	r̥ a iː r i ŋ k a r
hömlun	h œ m l ʏ n
ibiza	ɪː p ɪː z a
innarlega	ɪ nː a r l ɛː ɣ a
iðkað	ɪ ð kʰ aː ð
jarðgas	j a r ð k aː s
jarðmyndanir	j a r ð m ɪ n t a n ɪ r
jórunni	j o uː r ʏ nː ɪ
karlinum	kʰ a r t l ɪː n ʏ m
kjafta	cʰ a f t a
kjarnorkuvopnum	cʰ a r t n ɔ r̥ k ʏ v ɔ h p n ʏ m
klink	kʰ l i ŋ̊ k
kröftugum	kʰ r œ f t ʏː ɣ ʏ m
kvarðanum	kʰ v a r ð a n ʏ m
langanes	l a u ŋ k a n ɛː s
lech	l ɛː x
leigunni	l e iː ɣ ʏ nː ɪ
leiðangrinum	l e iː ð a u ŋ k r ɪː n ʏ m
loforði	l ɔː v ɔ r ð ɪ
loftför	l ɔ f t f œː r
lokaleik	l ɔː k a l e iː k
lögleiðingu	l œ ɣ l e iː ð i ŋ k ʏ
magnúss	m a k n u sː
mannaðar	m a nː a ð a r
matter	m a h t ɛ r
meintar	m e i n̥ t a r
memory	m ɛː m ɔː r ɪ
monde	m ɔ n t ɛ
musik	m ʏː s ɪː k
myndmáli	m ɪ n t m a uː l ɪ
myntir	m ɪ n̥ t ɪ r
mótherja	m o uː t h ɛ r j a
möguleikanum	m œː ɣ ʏ l e iː k a n ʏ m
novi	n ɔː v ɪ
náttúruvísindi	n a u h t uː r ʏ v iː s ɪ n t ɪ
náttúruvísindum	n a u h t uː r ʏ v iː s ɪ n t ʏ m
nærbuxur	n a i r p ʏ x s ʏ r
opnið	ɔ h p n ɪ ð
pörtum	pʰ œ r̥ t ʏ m
pössum	pʰ œ sː ʏ m
rannsóknarstofur	r a nː s o u h k n a r s t ɔː v ʏ r
ræsir	r a iː s ɪ r
ríkulegt	r iː k ʏ l ɛ x t
río	r iː j ɔ
rómverskum	r o u m v ɛ r̥ s k ʏ m
rótgróin	r o uː t k r o uː ɪ n
salir	s aː l ɪ r
samfelldur	s a m f ɛ l t ʏ r
sela	s ɛː l a
sjóræningja	s j o uː r a iː n i ɲ c a
skilgreinum	s c ɪ l k r e iː n ʏ m
skotist	s k ɔː t ɪ s t
snara	s t n aː r a
sovét	s ɔː v j ɛː t
spjöldin	s p j œ l t ɪ n
spíral	s p iː r aː l
starri	s t a rː ɪ
stofnskrá	s t ɔ p n s k r a uː
stækkuðu	s t a i h k ʏ ð ʏ
stórmeistara	s t o u r m e i s t aː r a
suite	s ʏ iː t ɛ
sunnanverðri	s ʏ nː a n v ɛ r ð r ɪ
sverðum	s v ɛ r ð ʏ m
sváfum	s v a uː v ʏ m
sælingsdal	s a iː l i ŋ k s t aː l
síauknum	s iː ø y h k n ʏ m
tindinum	tʰ ɪ n t ɪ n ʏ m
treg	tʰ r ɛː ɣ
trúarbragðanna	tʰ r uː a r p r a ɣ ð a nː a
trúboði	tʰ r uː p ɔː ð ɪ
tækniþróunar	tʰ a i h k n ɪ θ r o uː ʏ n a r
tímatalinu	tʰ iː m a tʰ aː l ɪː n ʏ
tónleikaferðalagi	tʰ o u n l e iː k a f ɛ r ð a l aː j ɪ
tónstiga	tʰ o u n s t ɪː ɣ a
tökumst	tʰ œː k ʏ m̥ s t
uppfrá	ʏ h p f r a uː
vanmat	v a n m aː t
vesturbakkanum	v ɛ s t ʏ r p a h k a n ʏ m
vinsamleg	v ɪ n s a m l ɛː ɣ
virkjuninni	v ɪ r̥ c ʏ n ɪ nː ɪ
vífilsstöðum	v iː v ɪ l s s t œː ð ʏ m
walking	v a l̥ c i ŋ k
áfangastaðir	a uː f a u ŋ k a s t aː ð ɪ r
áhrifamikið	a uː r̥ ɪː v a m ɪː c ɪ ð
áletruninni	a uː l ɛː t r ʏ n ɪ nː ɪ
álfuna	a u l v ʏː n a
ógnaði	o u k n aː ð ɪ
óhæfur	o uː h a iː v ʏ r
ópera	o uː p ɛː r a
óskylt	o uː s c ɪ l̥ t
öpum	œː p ʏ m
örvænting	œ r v a i n̥ t i ŋ k
öryrkjabandalag	œː r ɪ r̥ c a p a n t a l aː ɣ
þekktast	θ ɛ h k tʰ a s t
þingeyrar	θ i ŋ c e iː r a r
þingræði	θ i ŋ k r a iː ð ɪ
þjálfarateymi	θ j a u l v a r a tʰ e iː m ɪ
þjóðarétti	θ j o uː ð a r j ɛ h t ɪ
amfetamín	a m f ɛː t a m iː n
andstæðingsins	a n t s t a iː ð i ŋ k s ɪ n s
argentínska	a r c ɛ n tʰ i n s k a
athafnamaður	aː t h a p n a m aː ð ʏ r
auglýstu	ø y ɣ l i s t ʏ
austfirðinga	ø y s t f ɪ r ð i ŋ k a
aðalstarf	aː ð a l s t a r v
aðferðar	a ð f ɛ r ð a r
aðstoðarframkvæmdastjóri	a ð s t ɔː ð a r f r a m kʰ v a i m t a s t j o uː r ɪ
bag	p aː ɣ
bass	p a sː
bassaleikara	p a sː a l e iː k aː r a
belgum	p ɛ l k ʏ m
bergsteinn	p ɛ r k s t e i t n
bjuggumst	p j ʏ kː ʏ m s t
blæddi	p l a i tː ɪ
brandenburg	p r a n t ɛ n p ʏ r k
bruggaður	p r ʏ kː a ð ʏ r
centro	s ɛ n̥ t r ɔ
codex	kʰ ɔː t ɛ k s
cuxhaven	kʰ ʏ x s h aː v ɛ n
danmarks	t a n m a r̥ k s
dett	t ɛ h t
dilk	t ɪ l̥ k
dragið	t r aː j ɪ ð
drekkum	t r ɛ h k ʏ m
drug	t r ʏː ɣ
dundu	t ʏ n t ʏ
dömurnar	t œː m ʏ r t n a r
dýpst	t i p s t
dýrategundir	t iː r a tʰ ɛː ɣ ʏ n t ɪ r
efnafræðilega	ɛ p n a f r a iː ð ɪ l ɛː ɣ a
efnahagshruninu	ɛ p n a h a x s r̥ ʏː n ɪ n ʏ
efnunum	ɛ p n ʏ n ʏ m
endalokin	ɛ n t a l ɔː c ɪ n
englarnir	e i ŋ l a r t n ɪ r
ensemble	ɛ n s ɛ m p l ɛ
error	ɛ rː ɔ r
essen	ɛ sː ɛ n
eyðibýli	e iː ð ɪ p iː l ɪ
fjallabaki	f j a t l a p aː c ɪ
fjandanum	f j a n t a n ʏ m
fjárskorts	f j a u r̥ s k ɔ r̥ t s
fjöðrum	f j œ ð r ʏ m
flokksþingi	f l ɔ h k s θ i ɲ c ɪ
flugvellir	f l ʏ ɣ v ɛ t l ɪ r
flutningaskipið	f l ʏ h t n i ŋ k a s c ɪː p ɪ ð
forstöðukona	f ɔ r̥ s t œː ð ʏ kʰ ɔː n a
framseldur	f r a m s ɛ l t ʏ r
friday	f r ɪː t a iː
fundnir	f ʏ n t n ɪ r
fyrirmælin	f ɪː r ɪ r m a iː l ɪ n
fóstureyðinga	f o u s t ʏ r e iː ð i ŋ k a
gagnasöfn	k a k n a s œ p n
gagnfræðaskóla	k a k n f r a iː ð a s k o uː l a
galin	k aː l ɪ n
giskað	c ɪ s k aː ð
gistir	c ɪ s t ɪ r
gleymd	k l e i m t
goðorð	k ɔː ð ɔ r ð
granít	k r aː n iː t
grunnvatni	k r ʏ nː v a h t n ɪ
handbókin	h a n t p o uː c ɪ n
hannyrðir	h a nː ɪ r ð ɪ r
hausa	h ø yː s a
hettu	h ɛ h t ʏ
hjuggu	ç ʏ kː ʏ
hjörtun	ç œ r̥ t ʏ n
hreyfimyndir	r̥ e iː v ɪ m ɪ n t ɪ r
hryllingur	r̥ ɪ t l i ŋ k ʏ r
hva	kʰ v aː
hylkin	h ɪ l̥ c ɪ n
hámæli	h a uː m a iː l ɪ
hættulegustu	h a i h t ʏ l ɛː ɣ ʏ s t ʏ
hæðirnar	h a iː ð ɪ r t n a r
höfðanum	h œ v ð a n ʏ m
illir	ɪ t l ɪ r
jarlar	j a r t l a r
júdó	j uː t o uː
kaldri	kʰ a l t r ɪ
kapphlaupi	kʰ a h p l̥ ø yː p ɪ
kasparov	kʰ a s p a r ɔː v
kinda	cʰ ɪ n t a
kistur	cʰ ɪ s t ʏ r
kjallarann	cʰ a t l a r a nː
kreisti	kʰ r e i s t ɪ
kristilegu	kʰ r ɪ s t ɪ l ɛː ɣ ʏ
kröpp	kʰ r œ h p
kynþættir	cʰ ɪ n θ a i h t ɪ r
kærustunni	cʰ a iː r ʏ s t ʏ nː ɪ
kúreka	kʰ uː r ɛː k a
leikanna	l e iː kʰ a nː a
lestar	l ɛ s t a r
leyfisleysi	l e iː v ɪ s t l e iː s ɪ
león	l ɛː o uː n
lindargötu	l ɪ n t a r k œː t ʏ
ljómar	l j o uː m a r
loforðið	l ɔː v ɔ r ð ɪ ð
luka	l ʏː k a
lyftingum	l ɪ f t i ŋ k ʏ m
mannabreytingar	m a nː a p r e iː t i ŋ k a r
mela	m ɛː l a
minningargrein	m ɪ nː i ŋ k a r k r e iː n
misgengi	m ɪ s c e i ɲ c ɪ
miðaðist	m ɪː ð a ð ɪ s t
mosfelli	m ɔː s f ɛ t l ɪ
nasir	n aː s ɪ r
once	ɔ n s ɛ
orðabækur	ɔ r ð a p a iː k ʏ r
peningurinn	pʰ ɛː n i ŋ k ʏ r ɪ nː
petersburg	pʰ ɛː t ɛ r̥ s p ʏ r k
peysunni	pʰ e iː s ʏ nː ɪ
plain	pʰ l a iː n
rica	r ɪː k a
rósin	r o uː s ɪ n
sap	s aː p
sextugur	s ɛ k s t ʏː ɣ ʏ r
skakkaföllum	s k a h k a f œ t l ʏ m
skandinavísku	s k a n t ɪ n a v i s k ʏ
skipunar	s c ɪː p ʏː n a r
skothylki	s k ɔː t h ɪ l̥ c ɪ
skyldmenni	s c ɪ l t m ɛ nː ɪ
skálavík	s k a uː l a v iː k
skólahljómsveit	s k o uː l a l̥ j o u m s v e iː t
skýringarmynd	s c iː r i ŋ k a r m ɪ n t
slitlag	s t l ɪː t l aː ɣ
smærra	s m a i rː a
snertingar	s t n ɛ r̥ t i ŋ k a r
sons	s ɔ n s
spurs	s p ʏ r̥ s
staðbundinna	s t a ð p ʏ n t ɪ nː a
step	s t ɛː p
stuttmyndin	s t ʏ h t m ɪ n t ɪ n
stórfyrirtækjum	s t o u r f ɪː r ɪ r tʰ a iː c ʏ m
stórveldanna	s t o u r v ɛ l t a nː a
sundmenn	s ʏ n t m ɛ nː
sveitabæ	s v e iː t a p a iː
svæðisbundin	s v a iː ð ɪ s p ʏ n t ɪ n
sáttari	s a u h t a r ɪ
sósum	s o uː s ʏ m
sýnilegu	s iː n ɪ l ɛː ɣ ʏ
tafist	tʰ aː v ɪ s t
takturinn	tʰ a x t ʏ r ɪ nː
talmáli	tʰ a l m a uː l ɪ
teitsson	tʰ e i t s s ɔː n
tekjulind	tʰ ɛː c ʏ l ɪ n t
tröllum	tʰ r œ t l ʏ m
tæknimaður	tʰ a i h k n ɪ m aː ð ʏ r
uppgöngu	ʏ h p k ø y ŋ k ʏ
upphófst	ʏ h p h o u f s t
uppköstum	ʏ h p kʰ œ s t ʏ m
varnarlaus	v a r t n a r l ø yː s
varðveittir	v a r ð v e i h t ɪ r
vatnasvæði	v a h t n a s v a iː ð ɪ
vatnsenda	v a h t n s ɛ n t a
vatnslitamyndir	v a h t n s t l ɪː t a m ɪ n t ɪ r
verðlaunahafar	v ɛ r ð l ø yː n a h aː v a r
vindhraða	v ɪ n t r̥ aː ð a
vistkerfum	v ɪ s t cʰ ɛ r v ʏ m
walcott	v a l kʰ ɔ h t
ágeng	a uː c e i ŋ k
áhugalaus	a uː h ʏː ɣ a l ø yː s
áhyggjulaus	a uː h ɪ cː ʏ l ø yː s
álitu	a uː l ɪː t ʏ
ártalið	a u r̥ t a l ɪː ð
æsar	a iː s a r
ér	j ɛː r
íbúðarhúsi	iː p uː ð a r h uː s ɪ
óstöðug	o uː s t œː ð ʏ ɣ
öldungadeild	œ l t u ŋ k a t e i l t
úrvinda	u r v ɪ n t a
þangi	θ a u ɲ c ɪ
þjóðríkja	θ j o u ð r iː c a
þurrki	θ ʏ r̥ c ɪ
þykkvabæ	θ ɪ h k v a p a iː
þáttastjórnandi	θ a u h t a s t j o u r t n a n t ɪ
þórhildi	θ o uː r h ɪ l t ɪ
þýskan	θ i s k a n
adele	aː t ɛː l ɛ
afhendingar	a v h ɛ n t i ŋ k a r
afþví	a v θ v iː
alberta	a l p ɛ r̥ t a
alheimi	aː l h e iː m ɪ
allmikil	a t l m ɪː c ɪ l
andstæðingi	a n t s t a iː ð i ɲ c ɪ
appelsínugula	a h p ɛ l s iː n ʏ k ʏː l a
armando	a r m a n t ɔ
arnarsonar	a r t n a r s ɔː n a r
arnóri	a r t n o uː r ɪ
atvinnulausir	aː t v ɪ nː ʏ l ø yː s ɪ r
augabrúnir	ø yː ɣ a p r uː n ɪ r
augustus	ø yː ɣ ʏ s t ʏ s
aukavinnu	ø yː k a v ɪ nː ʏ
authority	ø yː t h ɔː r ɪ t ɪ
auðug	ø yː ð ʏ ɣ
aðaleigandi	aː ð a l e iː ɣ a n t ɪ
bakgrunninum	p aː k k r ʏ nː ɪ n ʏ m
baldvinsdóttir	p a l t v ɪ n s t o u h t ɪ r
bankareikning	p a u ŋ̊ k a r e i h k n i ŋ k
bat	p aː t
beittir	p e i h t ɪ r
bekkjarins	p ɛ h c a r ɪ n s
bend	p ɛ n t
benna	p ɛ nː a
berman	p ɛ r m a n
berserksgang	p ɛ r̥ s ɛ r̥ k s k a u ŋ k
bjartara	p j a r̥ t a r a
bogdan	p ɔ ɣ t a n
bolir	p ɔː l ɪ r
bollurnar	p ɔ t l ʏ r t n a r
bones	p ɔː n ɛː s
borgarana	p ɔ r k a r aː n a
boruð	p ɔː r ʏ ð
bra	p r aː
brendu	p r ɛ n t ʏ
brimi	p r ɪː m ɪ
brjálað	p r j a uː l a ð
brottfarir	p r ɔ h t f aː r ɪ r
bæklingnum	p a i h k l i ŋ k n ʏ m
bókhaldið	p o uː k h a l t ɪ ð
bóndann	p o u n t a nː
búddisma	p u tː ɪ s m a
búrum	p uː r ʏ m
darwins	t a r v ɪ n s
debetkort	t ɛː p ɛː t kʰ ɔ r̥ t
domain	t ɔː m a iː n
dreifið	t r e iː v ɪ ð
drekans	t r ɛː k a n s
drápust	t r a uː pʰ ʏ s t
dur	t ʏː r
durant	t ʏː r a n̥ t
durham	t ʏ r h aː m
dáta	t a uː t a
dímun	t iː m ʏ n
dínamít	t iː n a m iː t
döfinni	t œː v ɪ nː ɪ
dögunar	t œː ɣ ʏ n a r
dúndur	t u n t ʏ r
eftirlitinu	ɛ f t ɪ r l ɪː t ɪ n ʏ
eftirlét	ɛ f t ɪ r l j ɛː t
elle	ɛ t l ɛ
endalausar	ɛ n t a l ø yː s a r
endalausu	ɛ n t a l ø yː s ʏ
endranær	ɛ n t r a n a iː r
environment	ɛ n v ɪː r ɔ n m ɛ n̥ t
erfurt	ɛ r v ʏ r̥ t
erfðabreyttar	ɛ r v ð a p r e i h t a r
erfðafræðilega	ɛ r v ð a f r a iː ð ɪ l ɛː ɣ a
fagleg	f a ɣ l ɛː ɣ
fattaði	f a h t a ð ɪ
feldinum	f ɛ l t ɪ n ʏ m
felicity	f ɛː l ɪ s ɪː t ɪ
fellum	f ɛ t l ʏ m
fisknum	f ɪ s k n ʏ m
fjárhættuspilum	f j a uː r h a i h t ʏ s p ɪː l ʏ m
fjármagnaði	f j a u r m a k n aː ð ɪ
fjölskrúðugt	f j œ l s k r uː ð ʏ x t
flat	f l aː t
flugvélarinnar	f l ʏ ɣ v j ɛː l a r ɪ nː a r
flækjum	f l a iː c ʏ m
fola	f ɔː l a
fordæmd	f ɔ r t a i m t
fornleifa	f ɔ r t n l e iː v a
framkvæmi	f r a m kʰ v a iː m ɪ
framyfir	f r aː m ɪː v ɪ r
frjóvgun	f r j o u v k ʏ n
froskar	f r ɔ s k a r
frætt	f r a i h t
fræðigreinum	f r a iː ð ɪ k r e iː n ʏ m
fréttastjóri	f r j ɛ h t a s t j o uː r ɪ
fréttavefur	f r j ɛ h t a v ɛː v ʏ r
fuglategundir	f ʏ k l a tʰ ɛː ɣ ʏ n t ɪ r
fullnægir	f ʏ t l n a iː j ɪ r
fyllsta	f ɪ t l s t a
fyrirsjáanlegt	f ɪː r ɪ r s j a uː a n l ɛ x t
fyrirtaks	f ɪː r ɪ r tʰ a k s
fátækasta	f a uː tʰ a iː kʰ a s t a
fæðuna	f a iː ð ʏ n a
fógeta	f o uː c ɛː t a
gamallar	k aː m a t l a r
gaumgæfilega	k ø y m c a iː v ɪ l ɛː ɣ a
gautlandi	k ø yː t l a n t ɪ
gerd	c ɛ r t
getuleysi	c ɛː t ʏ l e iː s ɪ
giftir	c ɪ f t ɪ r
glaumbæ	k l ø y m p a iː
grafhýsi	k r aː v h iː s ɪ
grani	k r aː n ɪ
grillveislu	k r ɪ t l v e i s t l ʏ
gripin	k r ɪː p ɪ n
grunsamlega	k r ʏ n s a m l ɛː ɣ a
gryffindor	k r ɪ fː ɪ n t ɔ r
gröfunum	k r œː v ʏ n ʏ m
gunnvör	k ʏ nː v œː r
guðbergur	k v ʏ ð p ɛ r k ʏ r
gám	k a uː m
gæfunnar	c a iː v ʏ nː a r
gæsla	c a i s t l a
göring	k œː r i ŋ k
hafragraut	h a v r a k r ø yː t
hauptmann	h ø y f t m a nː
hefndu	h ɛ p n t ʏ
hefnt	h ɛ p n̥ t
heidegger	h e iː t ɛ cː ɛ r
heilablóðfalli	h e iː l a p l o u ð f a t l ɪ
heimavöllur	h e iː m a v œ t l ʏ r
heimstyrjaldarinnar	h e i m s t ɪ r j a l t a r ɪ nː a r
heiðnir	h e i ð n ɪ r
heppnin	h ɛ h p n ɪ n
hertogaynjan	h ɛ r̥ tʰ ɔː ɣ a i n j a n
heyerdahl	h e iː ɛ r t a l
hikandi	h ɪː k a n t ɪ
hjákona	ç a uː kʰ ɔː n a
hjálpræðishersins	ç a u l̥ p r a iː ð ɪ s h ɛ r̥ s ɪ n s
hleðst	l̥ ɛ ð s t
hljómborðsleikari	l̥ j o u m p ɔ r ð s t l e iː k a r ɪ
hljótum	l̥ j o uː t ʏ m
hlutverkin	l̥ ʏː t v ɛ r̥ c ɪ n
hnéð	n̥ j ɛː ð
hraktir	r̥ a x t ɪ r
hreiðri	r̥ e i ð r ɪ
hrifist	r̥ ɪː v ɪ s t
hringveginum	r̥ i ŋ k v e iː j ɪ n ʏ m
hrökklaðist	r̥ œ h k l a ð ɪ s t
hugin	h ʏ iː j ɪ n
hugmyndarinnar	h ʏ ɣ m ɪ n t a r ɪ nː a r
háttvísi	h a u h t v iː s ɪ
hæfan	h a iː v a n
hæfilegri	h a iː v ɪ l ɛ ɣ r ɪ
hæfileikaríku	h a iː v ɪ l e iː k a r iː k ʏ
hælis	h a iː l ɪ s
hætturnar	h a i h t ʏ r t n a r
hítardal	h iː tʰ a r t aː l
höfundaréttar	h œː v ʏ n t a r j ɛ h t a r
höfuðhögg	h œː v ʏ ð h œ kː
húsafell	h uː s a f ɛ t l
indjánar	ɪ n t j a uː n a r
indíum	ɪ n t iː j ʏ m
innifalin	ɪ nː ɪ f aː l ɪ n
iris	ɪː r ɪ s
jade	j aː t ɛ
jamaíku	j aː m a iː k ʏ
jd	j t
jenni	j ɛ nː ɪ
jeppanum	j ɛ h p a n ʏ m
jólasveina	j o uː l a s v e iː n a
júlíusi	j uː l i j ʏː s ɪ
kaiser	kʰ a iː s ɛ r
kapal	kʰ aː pʰ aː l
kappar	kʰ a h p a r
karamellu	kʰ aː r a m ɛ t l ʏ
karfi	kʰ a r v ɪ
kass	kʰ a sː
kima	cʰ ɪː m a
kjalar	cʰ aː l a r
kjóla	cʰ o uː l a
klassa	kʰ l a sː a
kleppi	kʰ l ɛ h p ɪ
klukkutímar	kʰ l ʏ h k ʏ tʰ iː m a r
klux	kʰ l ʏ x s
klári	kʰ l a uː r ɪ
klæddar	kʰ l a i tː a r
konfekt	kʰ ɔ n f ɛ x t
kontrabassa	kʰ ɔ n̥ t r a p a sː a
konungsríkisins	kʰ ɔː n u ŋ k s r iː c ɪ s ɪ n s
krassandi	kʰ r a sː a n t ɪ
krukkur	kʰ r ʏ h k ʏ r
krár	kʰ r a uː r
krúnu	kʰ r uː n ʏ
krúttleg	kʰ r u h t l ɛː ɣ
kvennaskólans	kʰ v ɛ nː a s k o uː l a n s
kveð	kʰ v ɛː ð
kylfu	cʰ ɪ l v ʏ
kyrra	cʰ ɪ rː a
kímni	cʰ i m n ɪ
körfuknattleiksdeild	kʰ œ r v ʏ kʰ n a h t l e i k s t e i l t
lagnir	l a k n ɪ r
langra	l a u ŋ k r a
lehman	l ɛː m a n
leikna	l e i h k n a
levitt	l ɛː v ɪ h t
leyndri	l e i n t r ɪ
leynst	l e i n s t
lillu	l ɪ t l ʏ
lindin	l ɪ n t ɪ n
liðsauka	l ɪ ð s ø yː k a
ljósir	l j o uː s ɪ r
lofthjúp	l ɔ f t ç uː p
lokbrá	l ɔː k p r a uː
losni	l ɔ s t n ɪ
loðin	l ɔː ð ɪ n
lyfi	l ɪː v ɪ
lynch	l ɪ n x
læstum	l a i s t ʏ m
lífsháttum	l i v s h a u h t ʏ m
lífsspeki	l i f s s p ɛː c ɪ
löglegan	l œ ɣ l ɛː ɣ a n
lömunarveiki	l œː m ʏ n a r v e iː c ɪ
mack	m a h k
makann	m aː kʰ a nː
making	m aː c i ŋ k
marcos	m a r̥ k ɔː s
margmenni	m a r k m ɛ nː ɪ
matast	m aː tʰ a s t
medúsa	m ɛː t uː s a
megineinkenni	m e iː j ɪ n e i n cʰ ɛ nː ɪ
merkilegu	m ɛ r̥ c ɪ l ɛː ɣ ʏ
metrana	m ɛː t r aː n a
mir	m ɪː r
miðjarðarhafinu	m ɪ ð j a r ð a r h aː v ɪ n ʏ
miðnættis	m ɪ ð n a i h t ɪ s
miðuðu	m ɪː ð ʏ ð ʏ
mjóum	m j o uː ʏ m
moines	m ɔ iː n ɛː s
muddy	m ʏ tː ɪ
myndirðu	m ɪ n t ɪ r ð ʏ
myndlistinni	m ɪ n t l ɪ s t ɪ nː ɪ
mældu	m a i l t ʏ
mó	m o uː
naglar	n a k l a r
namibíu	n aː m ɪ p iː j ʏ
nikola	n ɪː kʰ ɔː l a
norðaustri	n ɔ r ð ø y s t r ɪ
námum	n a uː m ʏ m
náskyld	n a uː s c ɪ l t
ofurefli	ɔː v ʏ r ɛ p l ɪ
okinawa	ɔː c ɪ n aː v a
ola	ɔː l a
ord	ɔ r t
panther	pʰ a n̥ t h ɛː r
pappírum	pʰ a h p iː r ʏ m
picard	pʰ ɪː k a r t
pictures	pʰ ɪ x t ʏ r ɛː s
piltum	pʰ ɪ l̥ t ʏ m
pirraður	pʰ ɪ rː a ð ʏ r
pondicherry	pʰ ɔ n t ɪ ç ɛ rː ɪ
popptónlist	pʰ ɔ h p tʰ o u n l ɪ s t
pressuna	pʰ r ɛ sː ʏ n a
prinsi	pʰ r ɪ n s ɪ
prédika	pʰ r j ɛː t ɪː k a
prívat	pʰ r iː v aː t
prófessora	pʰ r o uː f ɛ sː ɔː r a
pt	pʰ t
pung	pʰ u ŋ k
punta	pʰ ʏ n̥ t a
pönnur	pʰ œ nː ʏ r
pössun	pʰ œ sː ʏ n
radda	r a tː a
ralf	r a l v
rammanum	r a mː a n ʏ m
ramon	r aː m ɔ n
rana	r aː n a
reistir	r e i s t ɪ r
reynsluna	r e i n s t l ʏː n a
ricardo	r ɪː k a r t ɔ
rip	r ɪː p
ristir	r ɪ s t ɪ r
ritdómur	r ɪː t t o uː m ʏ r
riðlast	r ɪ ð l a s t
rolf	r ɔ l v
romero	r ɔː m ɛː r ɔ
ryans	r ɪː a n s
rándýra	r a u n t iː r a
rása	r a uː s a
rásum	r a uː s ʏ m
rækjan	r a iː c a n
ræktaði	r a i x t aː ð ɪ
róttækari	r o u h t a iː k a r ɪ
röddum	r œ tː ʏ m
rögnvaldar	r œ k n v a l t a r
rökvísi	r œː k v iː s ɪ
salem	s aː l ɛ m
salinas	s aː l ɪ n aː s
sampson	s a m̥ p s ɔː n
samvinnufélaga	s a m v ɪ nː ʏ f j ɛː l aː ɣ a
sark	s a r̥ k
sartre	s a r̥ t r ɛː
sautjánda	s ø yː t j a u n t a
senditæki	s ɛ n t ɪ tʰ a iː c ɪ
senta	s ɛ n̥ t a
sesars	s ɛː s a r̥ s
sextánda	s ɛ k s t a u n t a
shasta	s h a s t a
sienna	s ɪ ɛ nː a
sjarma	s j a r m a
sjálfvirku	s j a u l v v ɪ r̥ k ʏ
sjúkum	s j uː k ʏ m
skaftafell	s k a f t a f ɛ t l
skattinum	s k a h t ɪ n ʏ m
skelfilegar	s c ɛ l v ɪ l ɛː ɣ a r
skell	s c ɛ t l
skemmdu	s c ɛ m t ʏ
skemmtilegu	s c ɛ m̥ t ɪ l ɛː ɣ ʏ
skemmtilegum	s c ɛ m̥ t ɪ l ɛː ɣ ʏ m
skjaldbökur	s c a l t p œː k ʏ r
skorum	s k ɔː r ʏ m
skuldi	s k ʏ l t ɪ
skynjum	s c ɪ n j ʏ m
skáldsagnahöfundur	s k a u l t s a k n a h œː v ʏ n t ʏ r
skálholts	s k a uː l h ɔ l̥ t s
skápum	s k a uː p ʏ m
skírara	s c iː r a r a
slettist	s t l ɛ h t ɪ s t
slöpp	s t l œ h p
smakkað	s m a h k a ð
smokkfiskur	s m ɔ h k f ɪ s k ʏ r
snilldar	s t n ɪ l t a r
snilldin	s t n ɪ l t ɪ n
snúin	s t n uː ɪ n
sorgir	s ɔ r c ɪ r
sovésk	s ɔː v j ɛ s k
staðarbakka	s t aː ð a r p a h k a
steyptu	s t e i f t ʏ
stigahæsta	s t ɪː ɣ a h a i s t a
stjá	s t j a uː
stoppi	s t ɔ h p ɪ
stressuð	s t r ɛ sː ʏ ð
strokið	s t r ɔː c ɪ ð
sumba	s ʏ m p a
sval	s v aː l
svartfjallalandi	s v a r̥ t f j a t l a l a n t ɪ
svavari	s v aː v a r ɪ
sveppirnir	s v ɛ h p ɪ r t n ɪ r
sámur	s a uː m ʏ r
sólstafir	s o u l s t aː v ɪ r
sögubækurnar	s œː ɣ ʏ p a iː k ʏ r t n a r
sötra	s œː t r a
sýslumann	s i s t l ʏ m a nː
tahítí	tʰ aː h iː tʰ iː
takkar	tʰ a h k a r
tannanna	tʰ a nː a nː a
teiknara	tʰ e i h k n a r a
teiknimyndasögur	tʰ e i h k n ɪ m ɪ n t a s œː ɣ ʏ r
tengdason	tʰ e i ŋ t a s ɔː n
tidende	tʰ ɪː t ɛ n t ɛ
tilraunirnar	tʰ ɪ l r ø yː n ɪ r t n a r
tjörnesi	tʰ j œ r t n ɛː s ɪ
toppa	tʰ ɔ h p a
tor	tʰ ɔː r
towers	tʰ ɔː v ɛ r̥ s
traustir	tʰ r ø y s t ɪ r
traustvekjandi	tʰ r ø y s t v ɛː c a n t ɪ
tri	tʰ r ɪː
trufli	tʰ r ʏ p l ɪ
tryggingum	tʰ r ɪ cː i ŋ k ʏ m
tröppunum	tʰ r œ h p ʏ n ʏ m
trúnaðarmál	tʰ r uː n a ð a r m a uː l
tudor	tʰ ʏː t ɔ r
twain	tʰ w a iː n
tyrki	tʰ ɪ r̥ c ɪ
tyrknesku	tʰ ɪ r̥ k n ɛ s k ʏ
tækjunum	tʰ a iː c ʏ n ʏ m
tæpri	tʰ a iː p r ɪ
töpuðust	tʰ œː p ʏ ð ʏ s t
túlk	tʰ u l̥ k
umspil	ʏ m s p ɪː l
undirmenn	ʏ n t ɪ r m ɛ nː
ungviði	u ŋ k v ɪː ð ɪ
utarlega	ʏː t a r l ɛː ɣ a
vakni	v a h k n ɪ
vaktar	v a x t a r
varnings	v a r t n i ŋ k s
varðveittu	v a r ð v e i h t ʏ
veiddir	v e i tː ɪ r
veikindin	v e iː c ɪ n t ɪ n
veirunnar	v e iː r ʏ nː a r
verslunarmiðstöðvar	v ɛ r̥ s t l ʏ n a r m ɪ ð s t œ ð v a r
verslunarskóla	v ɛ r̥ s t l ʏ n a r s k o uː l a
verðskuldar	v ɛ r ð s k ʏ l t a r
vetrarbrautinni	v ɛː t r a r p r ø yː t ɪ nː ɪ
vextirnir	v ɛ k s t ɪ r t n ɪ r
victory	v ɪ x t ɔː r ɪ
vienna	v ɪ ɛ nː a
viljugur	v ɪ l j ʏː ɣ ʏ r
vistum	v ɪ s t ʏ m
vægan	v a iː ɣ a n
væl	v a iː l
vélanna	v j ɛː l a nː a
vémundur	v j ɛː m ʏ n t ʏ r
víra	v iː r a
vísunda	v iː s ʏ n t a
vökvar	v œː k v a r
vöntun	v œ n̥ t ʏ n
vöruhús	v œː r ʏ h uː s
werner	v ɛ r t n ɛ r
wessex	v ɛ sː ɛ k s
whitehall	v ɪː t ɛ h a t l
wozniak	v ɔ s t n ɪ aː k
yfirlitum	ɪː v ɪ r l ɪː t ʏ m
yfirlýstur	ɪː v ɪ r l i s t ʏ r
ylja	ɪ l j a
yong	j o u ŋ k
zac	s aː k
zhang	t͡s h a u ŋ k
zip	s ɪː p
áfallahjálp	a uː f a t l a ç a u l̥ p
áhafnarinnar	a uː h a p n a r ɪ nː a r
áhættunni	a uː h a i h t ʏ nː ɪ
ákæruvaldsins	a uː cʰ a iː r ʏ v a l t s ɪ n s
ákærð	a uː cʰ a i r ð
árekstrar	a uː r ɛ k s t r a r
ættbálk	a i h t p a u l̥ k
ættbálkur	a i h t p a u l̥ k ʏ r
ættirnar	a i h t ɪ r t n a r
æxlast	a i x s l a s t
íbúðin	iː p uː ð ɪ n
írum	iː r ʏ m
ísi	iː s ɪ
ókunnuga	o uː k ʏ nː ʏː ɣ a
óvissuferð	o uː v ɪ sː ʏ f ɛ r ð
úlfi	u l v ɪ
úlfum	u l v ʏ m
útdeila	uː t t e iː l a
útistandandi	uː t ɪ s t a n t a n t ɪ
útspil	uː t s p ɪː l
þakkar	θ a h k a r
þelamörk	θ ɛː l a m œ r̥ k
þilfar	θ ɪ l v a r
þjóðlíf	θ j o u ð l iː v
þjóðlögum	θ j o u ð l œː ɣ ʏ m
þremenningarnir	θ r ɛː m ɛ nː i ŋ k a r t n ɪ r
þungarokk	θ u ŋ k a r ɔ h k
þyrlan	θ ɪ r t l a n
þökum	θ œː k ʏ m
aflausn	a p l ø y s t n
aflýsa	a v l iː s a
afmarkaðar	a v m a r̥ k aː ð a r
afmælisári	a v m a iː l ɪ s a uː r ɪ
afnáms	a p n a u m s
afs	a f s
afturenda	a f t ʏ r ɛ n t a
agnesar	a k n ɛː s a r
aki	aː c ɪ
almanak	a l m a n aː k
almenningssamgöngum	a l m ɛ nː i ŋ k s a m k ø y ŋ k ʏ m
alræmda	a l r a i m t a
alsælu	a l s a iː l ʏ
alvarleika	a l v a r l e iː k a
alþjóðagjaldeyrissjóðnum	a l θ j o uː ð a c a l t e iː r ɪ s s j o u ð n ʏ m
alþjóðamál	a l θ j o uː ð a m a uː l
ames	aː m ɛː s
andersson	a n t ɛ r̥ s s ɔː n
andmælendur	a n t m a iː l ɛ n t ʏ r
andspyrnu	a n t s p ɪ r t n ʏ
angantýr	a u ŋ k a n tʰ iː r
angar	a u ŋ k a r
apparat	a h p a r aː t
aragrúa	aː r a k r uː a
arturo	a r̥ t ʏ r ɔ
arðbær	a r ð p a iː r
atburðunum	aː t p ʏ r ð ʏ n ʏ m
athyglisbrest	aː t h ɪ k l ɪ s p r ɛ s t
atkvæðagreiðslur	aː t kʰ v a iː ð a k r e i ð s t l ʏ r
atkvæðavægi	aː t kʰ v a iː ð a v a iː j ɪ
atlaga	aː t l aː ɣ a
atvinnugreina	aː t v ɪ nː ʏ k r e iː n a
atvinnuleysið	aː t v ɪ nː ʏ l e iː s ɪ ð
atvinnuþróun	aː t v ɪ nː ʏ θ r o uː ʏ n
atóm	aː tʰ o uː m
augastað	ø yː ɣ a s t aː ð
augljósa	ø y ɣ l j o uː s a
austurveg	ø y s t ʏ r v ɛː ɣ
austurvegi	ø y s t ʏ r v e iː j ɪ
auðlindaráðuneytið	ø y ð l ɪ n t a r a uː ð ʏ n e iː t ɪ ð
aðfanga	a ð f a u ŋ k a
aðgerðaleysi	a ð c ɛ r ð a l e iː s ɪ
aðilans	aː ð ɪ l a n s
aðstaðan	a ð s t aː ð a n
aðstoðarmönnum	a ð s t ɔː ð a r m œ nː ʏ m
baglar	p a k l a r
banaslys	p aː n a s t l ɪː s
bandamann	p a n t a m a nː
bankakerfinu	p a u ŋ̊ k a cʰ ɛ r v ɪː n ʏ
baði	p aː ð ɪ
beiðnin	p e i ð n ɪ n
belvedere	p ɛ l v ɛː t ɛː r ɛ
bendla	p ɛ n t l a
bjóði	p j o uː ð ɪ
blaðamannafund	p l aː ð a m a nː a f ʏ n t
bleikar	p l e iː k a r
blessað	p l ɛ sː a ð
blikar	p l ɪː k a r
blikuna	p l ɪː k ʏ n a
blæbrigði	p l a iː p r ɪ ɣ ð ɪ
blómlegt	p l o uː m l ɛ x t
bomba	p ɔ m p a
borgarahreyfingarinnar	p ɔ r k a r a r̥ e iː v i ŋ k a r ɪ nː a r
borholu	p ɔː r h ɔː l ʏ
borðuð	p ɔ r ð ʏ ð
bottom	p ɔ h t ɔ m
bowman	p ɔ uː m a n
boz	p ɔː s
brandarar	p r a n t a r a r
bratta	p r a h t a
breiddina	p r e i tː ɪ n a
breskar	p r ɛ s k a r
breyttra	p r e i h t r a
brottflutningur	p r ɔ h t f l ʏ h t n i ŋ k ʏ r
bráðið	p r a uː ð ɪ ð
bréfaskipti	p r j ɛː v a s c ɪ f t ɪ
brúni	p r uː n ɪ
byggingariðnaði	p ɪ cː i ŋ k a r ɪ ð n aː ð ɪ
byssukúlu	p ɪ sː ʏ kʰ uː l ʏ
bág	p a uː
bæjarfélagi	p a iː j a r f j ɛː l aː j ɪ
bílstjórar	p i l s t j o uː r a r
bío	p iː j ɔ
cass	kʰ a sː
cesar	s ɛː s a r
cheddar	cʰ ɛ tː a r
cisco	s ɪ s k ɔ
corinne	kʰ ɔː r ɪ nː ɛ
cult	kʰ ʏ l̥ t
current	kʰ ʏ rː ɛ n̥ t
curt	kʰ ʏ r̥ t
dauðar	t ø yː ð a r
diskarnir	t ɪ s k a r t n ɪ r
django	t j a u ŋ k ɔ
dns	t ɛ n s
dodd	t ɔ tː
done	t ɔː n ɛ
dredd	t r ɛ tː
drifið	t r ɪː v ɪ ð
dröfn	t r œ p n
dæmigerðum	t a iː m ɪ c ɛ r ð ʏ m
díla	t iː l a
dómaranna	t o uː m a r a nː a
dýrategund	t iː r a tʰ ɛː ɣ ʏ n t
dýrs	t i r̥ s
dýrðar	t i r ð a r
edna	ɛ t n a
eflir	ɛ p l ɪ r
efnilegir	ɛ p n ɪ l e iː j ɪ r
eftirminnilegasta	ɛ f t ɪ r m ɪ nː ɪ l ɛː ɣ a s t a
eigandans	e iː ɣ a n t a n s
eignuð	e i k n ʏ ð
einblínt	e i n p l i n̥ t
eine	e iː n ɛ
einhleypur	e i n l̥ e iː p ʏ r
einkafyrirtækja	e i ŋ k a f ɪː r ɪ r tʰ a iː c a
einleikari	e i n l e iː k a r ɪ
eiturefnum	e iː t ʏ r ɛ p n ʏ m
eldana	ɛ l t a n a
elísa	ɛː l iː s a
endurgjald	ɛ n t ʏ r c a l t
endurtekna	ɛ n t ʏ r tʰ ɛ h k n a
enninu	ɛ nː ɪ n ʏ
ens	ɛ n s
ensíma	ɛ n s iː m a
ensími	ɛ n s iː m ɪ
erfist	ɛ r v ɪ s t
erfðagreining	ɛ r v ð a k r e iː n i ŋ k
ertingu	ɛ r̥ t i ŋ k ʏ
evrópumótsins	ɛ v r o uː p ʏ m o uː t s ɪ n s
evrópuþjóðir	ɛ v r o uː p ʏ θ j o uː ð ɪ r
ewing	ɛː v i ŋ k
eysturoy	e i s t ʏ r ɔ iː
eyðilögð	e iː ð ɪ l œ ɣ ð
eðlilegar	ɛ ð l ɪ l ɛː ɣ a r
fagnaðarlæti	f a k n a ð a r l a iː t ɪ
fanganna	f a u ŋ k a nː a
fantasíu	f a n̥ t a s iː j ʏ
fantasíur	f a n̥ t a s iː j ʏ r
fararstjóri	f aː r a r s t j o uː r ɪ
fargað	f a r k a ð
farsæla	f a r̥ s a iː l a
farþegaflutninga	f a r θ ɛː ɣ a f l ʏ h t n i ŋ k a
fay	f a iː
fegurðin	f ɛː ɣ ʏ r ð ɪ n
feitu	f e iː t ʏ
fender	f ɛ n t ɛ r
fermingar	f ɛ r m i ŋ k a r
ferðamannastöðum	f ɛ r ð a m a nː a s t œː ð ʏ m
fin	f ɪː n
fingra	f i ŋ k r a
fink	f i ŋ̊ k
fjarskiptum	f j a r̥ s c ɪ f t ʏ m
fjárhagslegar	f j a uː r h a x s l ɛː ɣ a r
fjármálafyrirtækjum	f j a u r m a uː l a f ɪː r ɪ r tʰ a iː c ʏ m
fjárveitingum	f j a u r v e iː t i ŋ k ʏ m
fjáröflunar	f j a uː r œ p l ʏː n a r
fjölbrautaskólans	f j œ l p r ø yː t a s k o uː l a n s
fljótavík	f l j o uː t a v iː k
flyttu	f l ɪ h t ʏ
flætt	f l a i h t
flísar	f l iː s a r
flötu	f l œː t ʏ
fokið	f ɔː c ɪ ð
forleikur	f ɔ r l e iː k ʏ r
forláta	f ɔ r l a uː t a
formin	f ɔ r m ɪː n
formúlan	f ɔ r m uː l a n
forsætisráðuneytisins	f ɔ r̥ s a iː t ɪ s r a uː ð ʏ n e iː t ɪ s ɪ n s
forvarnir	f ɔ r v a r t n ɪ r
framboðslistum	f r a m p ɔ ð s t l ɪ s t ʏ m
framhalds	f r a m h a l t s
framkvæmdaráð	f r a m kʰ v a i m t a r a uː ð
frelsaði	f r ɛ l s aː ð ɪ
friðlýsingu	f r ɪ ð l iː s i ŋ k ʏ
friðlýstur	f r ɪ ð l i s t ʏ r
friðriksdóttur	f r ɪ ð r ɪ k s t o u h t ʏ r
friðsamlegum	f r ɪ ð s a m l ɛː ɣ ʏ m
frummælendur	f r ʏ mː a iː l ɛ n t ʏ r
frumskóginum	f r ʏ m s k o uː j ɪ n ʏ m
frásögur	f r a uː s œː ɣ ʏ r
fræðandi	f r a iː ð a n t ɪ
fræðilegu	f r a iː ð ɪ l ɛː ɣ ʏ
fræðirita	f r a iː ð ɪ r ɪː t a
fræðslumiðstöð	f r a i ð s t l ʏ m ɪ ð s t œː ð
fræðunum	f r a iː ð ʏ n ʏ m
fríð	f r iː ð
fylgdarliði	f ɪ l t a r l ɪː ð ɪ
fylgikvilla	f ɪ l c ɪ kʰ v ɪ t l a
fylktu	f ɪ l̥ k t ʏ
fyrirhugaðrar	f ɪː r ɪ r h ʏː ɣ a ð r a r
fyrirlestrinum	f ɪː r ɪ r l ɛ s t r ɪː n ʏ m
fyrirsætan	f ɪː r ɪ r s a iː t a n
fágætur	f a uː c a iː t ʏ r
fæstar	f a i s t a r
félagsfundi	f j ɛː l a x s f ʏ n t ɪ
fóðri	f o u ð r ɪ
fóðurs	f o uː ð ʏ r̥ s
fölsk	f œ l s k
föngunum	f ø y ŋ k ʏ n ʏ m
föðurins	f œː ð ʏ r ɪ n s
gagnasafni	k a k n a s a p n ɪ
gagnlega	k a k n l ɛː ɣ a
gagnrýnum	k a k n r iː n ʏ m
geimverurnar	c e i m v ɛː r ʏ r t n a r
geisar	c e iː s a r
geisladiskum	c e i s t l a t ɪ s k ʏ m
georgi	c ɛː ɔ r c ɪ
geronimo	c ɛː r ɔ n ɪ m ɔ
gervihnettinum	c ɛ r v ɪ n̥ ɛ h t ɪ n ʏ m
gjaldkera	c a l t cʰ ɛː r a
gjaldmiðlar	c a l t m ɪ ð l a r
gjöldum	c œ l t ʏ m
gluggatjöld	k l ʏ kː a tʰ j œ l t
glundroða	k l ʏ n t r ɔː ð a
goldberg	k ɔ l t p ɛ r k
goðsagnakennda	k ɔ ð s a k n a cʰ ɛ n t a
grafreit	k r aː v r e iː t
greinanna	k r e iː n a nː a
greiðari	k r e iː ð a r ɪ
grunnavík	k r ʏ nː a v iː k
græddu	k r a i tː ʏ
græjunum	k r a iː j ʏ n ʏ m
gríman	k r iː m a n
grónu	k r o uː n ʏ
gummi	k ʏ mː ɪ
gunnarsholti	k ʏ nː a r s h ɔ l̥ t ɪ
guðmann	k v ʏ ð m a nː
gáð	k a uː ð
gæfan	c a iː v a n
gíslar	c i s t l a r
hack	h a h k
hafnarborgar	h a p n a r p ɔ r k a r
hafnarsvæði	h a p n a r s v a iː ð ɪ
hagstætt	h a x s t a i h t
hagstæðum	h a x s t a iː ð ʏ m
handtökuna	h a n t tʰ œː k ʏ n a
harm	h a r m
harðasta	h a r ð a s t a
harðsperrur	h a r ð s p ɛ rː ʏ r
hazel	h aː z ɛ l
heilbrigðisvísindasviðs	h e i l p r ɪ ɣ ð ɪ s v iː s ɪ n t a s v ɪ ð s
heimfæra	h e i m f a iː r a
heimildarmyndir	h e iː m ɪ l t a r m ɪ n t ɪ r
heimilisfangið	h e iː m ɪ l ɪ s f a u ɲ c ɪ ð
heimilisfólk	h e iː m ɪ l ɪ s f o u l̥ k
heimsfræga	h e i m s f r a iː ɣ a
heimsk	h e i m s k
heimskringlu	h e i m s k r i ŋ l ʏ
heimsóknin	h e i m s o u h k n ɪ n
heiðarlega	h e iː ð a r l ɛː ɣ a
helgast	h ɛ l k a s t
helmings	h ɛ l m i ŋ k s
hemmi	h ɛ mː ɪ
henrys	h ɛ n r ɪː s
hessen	h ɛ sː ɛ n
heyranda	h e iː r a n t a
hilda	h ɪ l t a
hilmars	h ɪ l m a r̥ s
hiroshima	h ɪː r ɔ s h ɪː m a
hjálpartæki	ç a u l̥ p a r tʰ a iː c ɪ
hjálpir	ç a u l̥ p ɪ r
hjólreiðamenn	ç o u l r e iː ð a m ɛ nː
hjörðinni	ç œ r ð ɪ nː ɪ
hlotist	l̥ ɔː t ɪ s t
hlustendum	l̥ ʏ s t ɛ n t ʏ m
hlutast	l̥ ʏː tʰ a s t
hlutlausan	l̥ ʏː t l ø yː s a n
hlutleysis	l̥ ʏː t l e iː s ɪ s
hlýðir	l̥ iː ð ɪ r
hnattvæðingar	n̥ a h t v a iː ð i ŋ k a r
hobbs	h ɔ p s
hofs	h ɔ f s
holden	h ɔ l t ɛ n
hraðbanka	r̥ a ð p a u ŋ̊ k a
hreinnar	r̥ e i t n a r
hringsjá	r̥ i ŋ k s j a uː
hráum	r̥ a uː ʏ m
hrólfi	r̥ o u l v ɪ
hubbard	h ʏ pː a r t
hugarfari	h ʏː ɣ a r f aː r ɪ
hugsanlegar	h ʏ x s a n l ɛː ɣ a r
hugði	h ʏ ɣ ð ɪ
hvítasunnudag	xʷ iː t a s ʏ nː ʏ t aː ɣ
hvönn	kʰ v œ nː
hvött	kʰ v œ h t
hylma	h ɪ l m a
hálendisins	h a uː l ɛ n t ɪ s ɪ n s
hálku	h a u l̥ k ʏ
hátignar	h a uː tʰ ɪ k n a r
hólmsheiði	h o u l m s h e iː ð ɪ
igor	ɪː ɣ ɔ r
indefence	ɪ n t ɛ f ɛ n s ɛ
indriðadóttir	ɪ n t r ɪː ð a t o u h t ɪ r
innihalds	ɪ nː ɪ h a l t s
ins	ɪ n s
insúlíni	ɪ n s uː l iː n ɪ
interpol	ɪ n̥ t ɛ r̥ pʰ ɔː l
iðnaðarsvæði	ɪ ð n aː ð a r s v a iː ð ɪ
iðnaðarverkfræði	ɪ ð n aː ð a r v ɛ r̥ k f r a iː ð ɪ
jafnaldra	j a p n a l t r a
jafnari	j a p n a r ɪ
jafnfram	j a p n f r aː m
jafnmargir	j a p n m a r c ɪ r
jafnmikið	j a p n m ɪː c ɪ ð
jafnréttismála	j a p n r j ɛ h t ɪ s m a uː l a
jafnréttismálum	j a p n r j ɛ h t ɪ s m a uː l ʏ m
jafnsléttu	j a p n s t l j ɛ h t ʏ
jarðlög	j a r ð l œː ɣ
jenný	j ɛ nː i
jere	j ɛː r ɛ
jets	j ɛ h t s
jákvæðan	j a uː kʰ v a iː ð a n
jákvæðni	j a uː kʰ v a i ð n ɪ
jó	j o uː
jökulsárgljúfur	j œː k ʏ l s a u r k l j uː v ʏ r
kafbát	kʰ a v p a uː t
kallaðu	kʰ a t l a ð ʏ
kef	cʰ ɛː v
keili	cʰ e iː l ɪ
keitel	cʰ e iː t ɛ l
kimi	cʰ ɪː m ɪ
kirkjuþingi	cʰ ɪ r̥ c ʏ θ i ɲ c ɪ
kjaran	cʰ aː r a n
kjölfesta	cʰ œ l f ɛ s t a
klandri	kʰ l a n t r ɪ
klæðaburði	kʰ l a iː ð a p ʏ r ð ɪ
kortlagning	kʰ ɔ r̥ t l a k n i ŋ k
kossar	kʰ ɔ sː a r
kossi	kʰ ɔ sː ɪ
kowalski	kʰ ɔː v a l s c ɪ
krabbameinum	kʰ r a pː a m e iː n ʏ m
krafna	kʰ r a p n a
kristina	kʰ r ɪ s t ɪ n a
kropp	kʰ r ɔ h p
kryddjurtir	kʰ r ɪ tː j ʏ r̥ t ɪ r
krána	kʰ r a uː n a
kvenfólk	kʰ v ɛ n f o u l̥ k
kverkfjöllum	kʰ v ɛ r̥ k f j œ t l ʏ m
kvöldmatnum	kʰ v œ l t m a h t n ʏ m
kylfingar	cʰ ɪ l v i ŋ k a r
kynbundið	cʰ ɪ n p ʏ n t ɪ ð
kynferðis	cʰ ɪ n f ɛ r ð ɪ s
kyninu	cʰ ɪː n ɪ n ʏ
káta	kʰ a uː t a
kölluðum	kʰ œ t l ʏ ð ʏ m
könnum	kʰ œ nː ʏ m
könnunar	kʰ œ nː ʏ n a r
kúabænda	kʰ uː a p a i n t a
kúreki	kʰ uː r ɛː c ɪ
laganema	l aː ɣ a n ɛː m a
lagasmíðar	l aː ɣ a s m iː ð a r
lam	l aː m
lamdi	l a m t ɪ
langjökul	l a u ŋ c œː k ʏ l
larkin	l a r̥ c ɪ n
latabæ	l aː t a p a iː
late	l aː t ɛ
latnesku	l aː t n ɛ s k ʏ
lausafjár	l ø yː s a f j a uː r
leikaranum	l e iː k a r aː n ʏ m
leiðarvísi	l e iː ð a r v iː s ɪ
leiðrétti	l e i ð r j ɛ h t ɪ
leiðtogarnir	l e i ð tʰ ɔː ɣ a r t n ɪ r
lennox	l ɛ nː ɔ x s
lesblindu	l ɛː s p l ɪ n t ʏ
leyfileg	l e iː v ɪ l ɛː ɣ
leyfðir	l e i v ð ɪ r
listform	l ɪ s t f ɔ r m
lists	l ɪ s t s
liðnar	l ɪ ð n a r
lobo	l ɔː p ɔ
lofthjúpsins	l ɔ f t ç u p s ɪ n s
loftmyndir	l ɔ f t m ɪ n t ɪ r
loire	l ɔ iː r ɛ
lokaorð	l ɔː k a ɔ r ð
lowell	l ɔː v ɛ t l
lundum	l ʏ n t ʏ m
lyftan	l ɪ f t a n
lánuð	l a uː n ʏ ð
lækkaðir	l a i h k a ð ɪ r
læknanema	l a i h k n a n ɛː m a
læknisfræðileg	l a i h k n ɪ s f r a iː ð ɪ l ɛː ɣ
lærðir	l a i r ð ɪ r
læðist	l a iː ð ɪ s t
lélegan	l j ɛː l ɛː ɣ a n
lénum	l j ɛː n ʏ m
lífríkið	l iː v r iː c ɪ ð
líknar	l i h k n a r
löglegum	l œ ɣ l ɛː ɣ ʏ m
lögmætur	l œ ɣ m a iː t ʏ r
lýðræðisríkjum	l i ð r a iː ð ɪ s r iː c ʏ m
magnar	m a k n a r
mahal	m aː h aː l
makalaust	m aː k a l ø y s t
mannsmynd	m a nː s m ɪ n t
mansali	m a n s aː l ɪ
markatölu	m a r̥ k a tʰ œː l ʏ
markus	m a r̥ k ʏ s
mastersgráðu	m a s t ɛ r̥ s k r a uː ð ʏ
matsskýrslu	m aː t s s c i r̥ s t l ʏ
matvælastofnun	m aː t v a iː l a s t ɔ p n ʏ n
mavericks	m aː v ɛː r ɪ k s
meintri	m e i n̥ t r ɪ
meintur	m e i n̥ t ʏ r
meistaramót	m e i s t a r a m o uː t
menntamálastofnun	m ɛ n̥ t a m a uː l a s t ɔ p n ʏ n
merku	m ɛ r̥ k ʏ
messum	m ɛ sː ʏ m
meðhöndlunar	m ɛː ð h œ n t l ʏː n a r
mikaels	m ɪː k a ɛ l s
mikilvægust	m ɪː c ɪ l v a iː ɣ ʏ s t
milano	m ɪː l a n ɔ
mildum	m ɪ l t ʏ m
minecraft	m ɪː n ɛ kʰ r a f t
miðið	m ɪː ð ɪ ð
miðlaði	m ɪ ð l aː ð ɪ
mohammed	m ɔː h a m ɛ t
moment	m ɔː m ɛ n̥ t
munnlegri	m ʏ nː l ɛ ɣ r ɪ
munnlegum	m ʏ nː l ɛː ɣ ʏ m
myndhöggvara	m ɪ n t h œ kː v aː r a
málsmeðferðar	m a u l s m ɛ ð f ɛ r ð a r
málþingum	m a u l θ i ŋ k ʏ m
mælanleg	m a iː l a n l ɛː ɣ
mæðgurnar	m a i ð k ʏ r t n a r
mímir	m iː m ɪ r
mítt	m i h t
mótaðist	m o uː t a ð ɪ s t
mótor	m o uː t ɔ r
móðurmálinu	m o uː ð ʏ r m a uː l ɪː n ʏ
mötuneyti	m œː t ʏ n e iː t ɪ
mýrdalsjökul	m i r t a l s j œː k ʏ l
nafla	n a p l a
nautið	n ø yː t ɪ ð
nauðugur	n ø yː ð ʏː ɣ ʏ r
netin	n ɛː t ɪ n
neyðarkall	n e iː ð a r kʰ a t l
niðurfellingu	n ɪː ð ʏ r f ɛ t l i ŋ k ʏ
niðurlagi	n ɪː ð ʏ r l aː j ɪ
norm	n ɔ r m
normu	n ɔ r m ʏ
norðurfirði	n ɔ r ð ʏ r f ɪ r ð ɪ
notandann	n ɔː t a n t a nː
nuna	n ʏː n a
nákvæmri	n a uː kʰ v a i m r ɪ
námuvinnslu	n a uː m ʏ v ɪ n s t l ʏ
náttúrulögmál	n a u h t uː r ʏ l œ ɣ m a uː l
nærföt	n a i r f œː t
næðist	n a iː ð ɪ s t
nýliða	n iː l ɪː ð a
nýlokið	n iː l ɔː c ɪ ð
nýti	n iː t ɪ
nýárs	n iː a u r̥ s
odense	ɔː t ɛ n s ɛ
ofangreindum	ɔː v a u ŋ k r e i n t ʏ m
omsk	ɔ m s k
opnunarhátíð	ɔ h p n ʏ n a r h a uː tʰ iː ð
orkunýtingu	ɔ r̥ k ʏ n iː t i ŋ k ʏ
orlofshús	ɔ r l ɔ v s h uː s
orminum	ɔ r m ɪː n ʏ m
orðabókin	ɔ r ð a p o uː c ɪ n
orðbragð	ɔ r ð p r a ɣ ð
osaka	ɔː s aː k a
palma	pʰ a l m a
pepe	pʰ ɛː p ɛ
persónulegan	pʰ ɛ r̥ s o uː n ʏ l ɛː ɣ a n
persónunum	pʰ ɛ r̥ s o uː n ʏ n ʏ m
planað	pʰ l aː n a ð
plani	pʰ l aː n ɪ
plöntunum	pʰ l œ n̥ t ʏ n ʏ m
pont	pʰ ɔ n̥ t
prentsmiðjan	pʰ r ɛ n̥ t s m ɪ ð j a n
pá	pʰ a uː
pólitísks	pʰ o uː l ɪ tʰ i s k s
rabbíni	r a pː iː n ɪ
rad	r aː t
rannsóknarsvið	r a nː s o u h k n a r s v ɪː ð
rannsóknastofa	r a nː s o u h k n a s t ɔː v a
rannsóknunum	r a nː s o u h k n ʏ n ʏ m
rannveigar	r a nː v e iː ɣ a r
rauðasandi	r ø yː ð a s a n t ɪ
ravi	r aː v ɪ
refi	r ɛː v ɪ
reggie	r ɛ cː ɪ
reggio	r ɛ cː ɪ ɔ
reglubundnar	r ɛ k l ʏ p ʏ n t n a r
regnboga	r ɛ k n p ɔː ɣ a
reikistjörnu	r e iː c ɪ s t j œ r t n ʏ
reimt	r e i m̥ t
reiðubúnir	r e iː ð ʏ p uː n ɪ r
reykinga	r e iː c i ŋ k a
reyktur	r e i x t ʏ r
riddarann	r ɪ tː a r a nː
rifnum	r ɪ p n ʏ m
risastórum	r ɪː s a s t o uː r ʏ m
ritgerðarinnar	r ɪː t c ɛ r ð a r ɪ nː a r
rosen	r ɔː s ɛ n
ránfugl	r a u n f ʏ k l
réttlát	r j ɛ h t l a uː t
ríkisfyrirtæki	r iː c ɪ s f ɪː r ɪ r tʰ a iː c ɪ
ríkri	r iː k r ɪ
rólegu	r o uː l ɛː ɣ ʏ
rögnu	r œ k n ʏ
rökræða	r œː k r a iː ð a
rökræður	r œː k r a iː ð ʏ r
saari	s ɔː r ɪ
safneign	s a p n e i k n
sagnanna	s a k n a nː a
sakamála	s aː k a m a uː l a
samankomnir	s aː m a n kʰ ɔ m n ɪ r
samdrátt	s a m t r a u h t
samfélagsþjónustu	s a m f j ɛː l a x s θ j o uː n ʏ s t ʏ
samgöngumálum	s a m k ø y ŋ k ʏ m a uː l ʏ m
samkeppnishæfni	s a m cʰ ɛ h p n ɪ s h a i p n ɪ
samstæðu	s a m s t a iː ð ʏ
sanda	s a n t a
sannan	s a nː a n
saumaði	s ø yː m aː ð ɪ
seinkar	s e i ŋ̊ k a r
sekk	s ɛ h k
sens	s ɛ n s
sep	s ɛː p
seðlabankar	s ɛ ð l a p a u ŋ̊ k a r
sigmundsdóttir	s ɪ ɣ m ʏ n t s t o u h t ɪ r
sigurgöngu	s ɪː ɣ ʏ r k ø y ŋ k ʏ
sigurvin	s ɪː ɣ ʏ r v ɪː n
sigvaldason	s ɪ ɣ v a l t a s ɔː n
silent	s ɪː l ɛ n̥ t
silfurbergi	s ɪ l v ʏ r p ɛ r c ɪ
sinar	s ɪː n a r
sirrý	s ɪ rː i
siðar	s ɪː ð a r
sjeik	s j e iː k
sjálfsmark	s j a u l s m a r̥ k
sjálfsskoðun	s j a u l s s k ɔː ð ʏ n
skaftfells	s k a f t f ɛ t l s
skarst	s k a r̥ s t
skattaskjólum	s k a h t a s c o uː l ʏ m
skaðlegar	s k a ð l ɛː ɣ a r
skaðlegt	s k a ð l ɛ x t
skaðlegum	s k a ð l ɛː ɣ ʏ m
skeifunni	s c e iː v ʏ nː ɪ
skellum	s c ɛ t l ʏ m
skemman	s c ɛ mː a n
skilnaðar	s c ɪ l n a ð a r
skipasmíðastöðinni	s c ɪː p a s m iː ð a s t œː ð ɪ nː ɪ
skipulagsskrá	s c ɪː p ʏ l a x s s k r a uː
skipuleg	s c ɪː p ʏ l ɛː ɣ
skipunin	s c ɪː p ʏ n ɪ n
skjalinu	s c aː l ɪː n ʏ
skotnar	s k ɔ h t n a r
skotvopna	s k ɔː t v ɔ h p n a
skráa	s k r a uː a
skrímslin	s k r i m s t l ɪː n
skrúfu	s k r uː v ʏ
skuldbindinga	s k ʏ l t p ɪ n t i ŋ k a
skyggnast	s c ɪ kː n a s t
skyttu	s c ɪ h t ʏ
skáka	s k a uː k a
skólaganga	s k o uː l a k a u ŋ k a
skólagjöld	s k o uː l a c œ l t
skólakerfinu	s k o uː l a cʰ ɛ r v ɪː n ʏ
skólakerfið	s k o uː l a cʰ ɛ r v ɪː ð
sköpuðust	s k œː p ʏ ð ʏ s t
skörun	s k œː r ʏ n
sleggju	s t l ɛ cː ʏ
sleða	s t l ɛː ð a
slæms	s t l a i m s
slóðinni	s t l o uː ð ɪ nː ɪ
slökkviliðið	s t l œ h k v ɪː l ɪː ð ɪ ð
slönguna	s t l ø y ŋ k ʏ n a
smellt	s m ɛ l̥ t
smábáta	s m a uː p a uː t a
smávægilegum	s m a uː v a iː j ɪ l ɛː ɣ ʏ m
smæð	s m a iː ð
sniper	s t n ɪː p ɛ r
snákum	s t n a uː k ʏ m
snævar	s t n a iː v a r
snúð	s t n uː ð
sorpa	s ɔ r̥ p a
spa	s p aː
sparisjóðir	s p aː r ɪ s j o uː ð ɪ r
sparisjóðirnir	s p aː r ɪ s j o uː ð ɪ r t n ɪ r
spartverjar	s p a r̥ t v ɛ r j a r
spjaldtölvum	s p j a l t tʰ œ l v ʏ m
spock	s p ɔ h k
starfshópi	s t a r v s h o uː p ɪ
starfslið	s t a r v s t l ɪː ð
starfsliði	s t a r v s t l ɪː ð ɪ
starfsmannastjóri	s t a r v s m a nː a s t j o uː r ɪ
starfsþjálfun	s t a r v s θ j a u l v ʏ n
staðbundinni	s t a ð p ʏ n t ɪ nː ɪ
staðirnir	s t aː ð ɪ r t n ɪ r
stefnubreytingu	s t ɛ p n ʏ p r e iː t i ŋ k ʏ
steyptur	s t e i f t ʏ r
stikur	s t ɪː k ʏ r
stingandi	s t i ŋ k a n t ɪ
stjórnartíðindum	s t j o u r t n a r tʰ iː ð ɪ n t ʏ m
stjórnmálamann	s t j o u r t n m a uː l a m a nː
stjórnvalds	s t j o u r t n v a l t s
stofnanirnar	s t ɔ p n a n ɪ r t n a r
stormurinn	s t ɔ r m ʏ r ɪ nː
strandlengjunni	s t r a n t l e i ɲ c ʏ nː ɪ
straumhvörfum	s t r ø y m kʰ v œ r v ʏ m
strikið	s t r ɪː c ɪ ð
string	s t r i ŋ k
strom	s t r ɔː m
stríðsglæpi	s t r i ð s k l a iː p ɪ
stuttbuxum	s t ʏ h t p ʏ x s ʏ m
styrktarfélag	s t ɪ r̥ k t a r f j ɛː l aː ɣ
stálinu	s t a uː l ɪː n ʏ
stærðfræðikennslu	s t a i r ð f r a iː ð ɪ cʰ ɛ n s t l ʏ
stílnum	s t i l n ʏ m
stólum	s t o uː l ʏ m
stóraukist	s t o uː r ø yː c ɪ s t
stórkostlega	s t o u r̥ kʰ ɔ s t l ɛː ɣ a
stöðlun	s t œ ð l ʏ n
stúdentaráð	s t uː t ɛ n̥ t a r a uː ð
stýring	s t iː r i ŋ k
stýrivextir	s t iː r ɪ v ɛ k s t ɪ r
sumarhúsum	s ʏː m a r h uː s ʏ m
sundahöfn	s ʏ n t a h œ p n
sunneva	s ʏ nː ɛː v a
suðuroy	s ʏː ð ʏ r ɔ iː
sveitafélög	s v e iː t a f j ɛː l œː ɣ
sveitarstjóra	s v e iː t a r s t j o uː r a
sveitarstjórnarráðuneytið	s v e iː t a r s t j o u r t n a r r a uː ð ʏ n e iː t ɪ ð
sviðsins	s v ɪ ð s ɪ n s
sylvía	s ɪ l v iː j a
syninum	s ɪː n ɪ n ʏ m
sámsstöðum	s a u m s s t œː ð ʏ m
sæland	s a iː l a n t
sæþór	s a iː θ o uː r
síðastliðnum	s iː ð a s t l ɪ ð n ʏ m
síðkastið	s i ð kʰ a s t ɪː ð
sóla	s o uː l a
sólskini	s o u l s c ɪː n ɪ
sögufræga	s œː ɣ ʏ f r a iː ɣ a
sölku	s œ l̥ k ʏ
söngs	s ø y ŋ k s
söngvakeppninni	s ø y ŋ k v a cʰ ɛ h p n ɪ nː ɪ
sönnuð	s œ nː ʏ ð
súlurnar	s uː l ʏ r t n a r
sýndarveruleika	s i n t a r v ɛː r ʏ l e iː k a
teflir	tʰ ɛ p l ɪ r
tefur	tʰ ɛː v ʏ r
teig	tʰ e iː ɣ
teinunum	tʰ e iː n ʏ n ʏ m
tekjuskatti	tʰ ɛː c ʏ s k a h t ɪ
teldust	tʰ ɛ l t ʏ s t
tengdri	tʰ e i ŋ t r ɪ
tengslanet	tʰ e i ŋ k s t l a n ɛː t
teygjanlegt	tʰ e iː j a n l ɛ x t
teymið	tʰ e iː m ɪ ð
thai	tʰ a iː
tildæmis	tʰ ɪ l t a iː m ɪ s
tilvitnunum	tʰ ɪ l v ɪ h t n ʏ n ʏ m
titan	tʰ ɪː tʰ aː n
titring	tʰ ɪː t r i ŋ k
truflaði	tʰ r ʏ p l aː ð ɪ
trygginga	tʰ r ɪ cː i ŋ k a
trúnaðarmenn	tʰ r uː n a ð a r m ɛ nː
trúnaðarstarfa	tʰ r uː n a ð a r s t a r v a
tulsa	tʰ ʏ l s a
tungumálakennslu	tʰ u ŋ k ʏ m a uː l a cʰ ɛ n s t l ʏ
turk	tʰ ʏ r̥ k
táknmyndir	tʰ a u h k n m ɪ n t ɪ r
táknræna	tʰ a u h k n r a iː n a
tæknifrjóvgun	tʰ a i h k n ɪ f r j o u v k ʏ n
tímabila	tʰ iː m a p ɪː l a
tímaramma	tʰ iː m a r a mː a
tónlistarmanninum	tʰ o u n l ɪ s t a r m a nː ɪ n ʏ m
tölulegar	tʰ œː l ʏ l ɛː ɣ a r
týnst	tʰ i n s t
umboðið	ʏ m p ɔː ð ɪ ð
umboðssvik	ʏ m p ɔ ð s s v ɪː k
umsk	ʏ m s k
umsækjenda	ʏ m s a iː c ɛ n t a
umsóknarferli	ʏ m s o u h k n a r f ɛ r t l ɪ
umsögnum	ʏ m s œ k n ʏ m
undanfarinna	ʏ n t a n f aː r ɪ nː a
undantekninga	ʏ n t a n tʰ ɛ h k n i ŋ k a
undirbúningsvinnu	ʏ n t ɪ r p uː n i ŋ k s v ɪ nː ʏ
undirheimanna	ʏ n t ɪ r h e iː m a nː a
undirleikari	ʏ n t ɪ r l e iː k a r ɪ
unglingsárin	u ŋ k l i ŋ k s a uː r ɪ n
ungrar	u ŋ k r a r
unnist	ʏ nː ɪ s t
uppgjöri	ʏ h p c œː r ɪ
upplestri	ʏ h p l ɛ s t r ɪ
upplýsingaflæði	ʏ h p l iː s i ŋ k a f l a iː ð ɪ
upplýstir	ʏ h p l i s t ɪ r
uppsetningar	ʏ h p s ɛ h t n i ŋ k a r
uppsöfnun	ʏ h p s œ p n ʏ n
vafrann	v a v r a nː
valdinu	v a l t ɪː n ʏ
valsa	v a l s a
vandasamt	v a n t a s a m̥ t
vantað	v a n̥ t aː ð
vefaukandi	v ɛː v ø yː k a n t ɪ
vegagerðinni	v ɛː ɣ a c ɛ r ð ɪ nː ɪ
veiddum	v e i tː ʏ m
veigamikill	v e iː ɣ a m ɪː c ɪ t l
veikinni	v e iː c ɪ nː ɪ
veiðunum	v e iː ð ʏ n ʏ m
verg	v ɛ r k
verkjastillandi	v ɛ r̥ c a s t ɪ t l a n t ɪ
verklega	v ɛ r̥ k l ɛː ɣ a
veruna	v ɛː r ʏ n a
verðbréfaviðskiptum	v ɛ r ð p r j ɛː v a v ɪ ð s c ɪ f t ʏ m
verðbréfum	v ɛ r ð p r j ɛː v ʏ m
verðlaunafé	v ɛ r ð l ø yː n a f j ɛː
verðskuldaða	v ɛ r ð s k ʏ l t aː ð a
veðrum	v ɛ ð r ʏ m
vicky	v ɪ h c ɪ
vikapiltur	v ɪː k a pʰ ɪ l̥ t ʏ r
vilborgar	v ɪ l p ɔ r k a r
villti	v ɪ l̥ t ɪ
vinina	v ɪː n ɪ n a
vinningum	v ɪ nː i ŋ k ʏ m
virtar	v ɪ r̥ t a r
virtum	v ɪ r̥ t ʏ m
viðamikil	v ɪː ð a m ɪː c ɪ l
viðari	v ɪː ð a r ɪ
viðfangsefnin	v ɪ ð f a u ŋ k s ɛ p n ɪ n
viðhengi	v ɪ ð h e i ɲ c ɪ
viðraði	v ɪ ð r aː ð ɪ
viðskiptablaðinu	v ɪ ð s c ɪ f t a p l aː ð ɪ n ʏ
viðskiptafræðideild	v ɪ ð s c ɪ f t a f r a iː ð ɪ t e i l t
viðskiptahætti	v ɪ ð s c ɪ f t a h a i h t ɪ
viðskiptunum	v ɪ ð s c ɪ f t ʏ n ʏ m
viðvörunar	v ɪ ð v œː r ʏ n a r
vordögum	v ɔ r t œː ɣ ʏ m
voss	v ɔ sː
vw	v ʏː
vægu	v a iː ɣ ʏ
vægum	v a iː ɣ ʏ m
vændiskonur	v a i n t ɪ s k ɔː n ʏ r
vætu	v a iː t ʏ
víddum	v i tː ʏ m
víðsjá	v i ð s j a uː
wills	v ɪ t l s
yamaha	j aː m a h a
yfirheyra	ɪː v ɪ r h e iː r a
yfirstjórnar	ɪː v ɪ r̥ s t j o u r t n a r
yfirvaldi	ɪː v ɪ r v a l t ɪ
zlatan	s t l aː tʰ a n
ábyrga	a uː p ɪ r k a
ádeilu	a uː t e iː l ʏ
áfanganum	a uː f a u ŋ k a n ʏ m
ágiskun	a uː c ɪ s k ʏ n
ágreiningsefni	a uː k r e iː n i ŋ k s ɛ p n ɪ
ákæran	a uː cʰ a iː r a n
ákærði	a uː cʰ a i r ð ɪ
áköf	a uː kʰ œː v
álitnir	a uː l ɪ h t n ɪ r
álít	a uː l iː t
álögur	a uː l œː ɣ ʏ r
ámæli	a uː m a iː l ɪ
árarnar	a uː r a r t n a r
ársfjórðungslega	a u r̥ s f j o u r ð u ŋ k s l ɛː ɣ a
áskilin	a uː s c ɪː l ɪ n
áskynja	a uː s c ɪ n j a
ástríða	a uː s t r iː ð a
átaki	a uː tʰ aː c ɪ
áætlanirnar	a uː a i h t l a n ɪ r t n a r
æpti	a i f t ɪ
íbúðar	iː p uː ð a r
íhluti	iː l̥ ʏː t ɪ
íhugað	iː h ʏː ɣ a ð
íkornar	iː kʰ ɔ r t n a r
ílátum	iː l a uː t ʏ m
íslamista	i s t l a m ɪ s t a
ítalskan	iː tʰ a l s k aː n
ítrasta	iː tʰ r a s t a
íþróttin	iː θ r o u h t ɪ n
óbreyttri	o uː p r e i h t r ɪ
óhefðbundin	o uː h ɛ v ð p ʏ n t ɪ n
ókomna	o uː kʰ ɔ m n a
ókostur	o uː kʰ ɔ s t ʏ r
óku	o uː k ʏ
ókunnugt	o uː k ʏ nː ʏ x t
ólögmætum	o uː l œ ɣ m a iː t ʏ m
ólögráða	o uː l œ ɣ r a uː ð a
ómari	o uː m a r ɪ
óróleika	o uː r o uː l e iː k a
óskipt	o uː s c ɪ f t
óveðurs	o uː v ɛː ð ʏ r̥ s
óvígðri	o uː v i ɣ ð r ɪ
óþarft	o uː θ a r̥ f t
ökutækis	œː k ʏ tʰ a iː c ɪ s
öndunarfærum	œ n t ʏ n a r f a iː r ʏ m
örsjaldan	œ r̥ s j a l t a n
úlfarnir	u l v a r t n ɪ r
úrskurðum	u r̥ s k ʏ r ð ʏ m
útbúnað	uː t p uː n a ð
útbúnaður	uː t p uː n a ð ʏ r
útbýr	uː t p iː r
útdrætti	uː t t r a i h t ɪ
útfærslum	uː t f a i r̥ s t l ʏ m
útgefna	uː t c ɛ p n a
útgerðir	uː t c ɛ r ð ɪ r
útisundlaug	uː t ɪ s ʏ n t l ø yː ɣ
útlagar	uː t l aː ɣ a r
útlendum	uː t l ɛ n t ʏ m
útsetningu	uː t s ɛ h t n i ŋ k ʏ
útskýringum	uː t s c iː r i ŋ k ʏ m
þaula	θ ø yː l a
þenslu	θ ɛ n s t l ʏ
þeytti	θ e i h t ɪ
þingsályktunar	θ i ŋ k s a uː l ɪ x t ʏ n a r
þingvallavatns	θ i ŋ k v a t l a v a h t n s
þjóðaröryggi	θ j o uː ð a r œː r ɪ cː ɪ
þjóðkirkjuna	θ j o u ð cʰ ɪ r̥ c ʏ n a
þrettándanum	θ r ɛ h t a u n t a n ʏ m
þrumuveður	θ r ʏː m ʏ v ɛː ð ʏ r
þrándheim	θ r a u n t h e iː m
þræða	θ r a iː ð a
þrífist	θ r iː v ɪ s t
þróuninni	θ r o uː ʏ n ɪ nː ɪ
þrýstir	θ r i s t ɪ r
þvottavél	θ v ɔ h t a v j ɛː l
þyki	θ ɪː c ɪ
þyngdin	θ i ŋ t ɪ n
þögnin	θ œ k n ɪ n
þúfu	θ uː v ʏ
þýddu	θ i tː ʏ
þýskar	θ i s k a r
aalborg	ɔː l p ɔ r k
afrískum	a v r i s k ʏ m
alþýðufylkingin	a l θ iː ð ʏ f ɪ l̥ c i ɲ c ɪ n
appelsínugulum	a h p ɛ l s iː n ʏ k ʏː l ʏ m
aumingjar	ø yː m i ɲ c a r
aðaláhersla	aː ð a l a uː h ɛ r̥ s t l a
aðgreint	a ð k r e i n̥ t
aðstoðarmanni	a ð s t ɔː ð a r m a nː ɪ
ađ	aː ð
bandamaður	p a n t a m aː ð ʏ r
bjórs	p j o u r̥ s
blaðagreinar	p l aː ð a k r e iː n a r
blóðugt	p l o uː ð ʏ x t
brasil	p r aː s ɪ l
bugast	p ʏː ɣ a s t
bárði	p a u r ð ɪ
bækistöðvar	p a iː c ɪ s t œ ð v a r
coli	kʰ ɔː l ɪ
coventry	kʰ ɔː v ɛ n̥ t r ɪ
dagbókum	t a ɣ p o uː k ʏ m
different	t ɪ fː ɛ r ɛ n̥ t
drukknað	t r ʏ h k n a ð
dátt	t a u h t
dómsvaldið	t o u m s v a l t ɪ ð
dóp	t o uː p
dýft	t i f t
eignarréttar	e i k n a r r j ɛ h t a r
eller	ɛ t l ɛ r
elliðaey	ɛ t l ɪː ð a e iː
elskulega	ɛ l s k ʏ l ɛː ɣ a
epic	ɛː p ɪ k
esperanto	ɛ s p ɛː r a n̥ t ɔ
etanóli	ɛː t a n o uː l ɪ
fatahönnuður	f aː t a h œ nː ʏ ð ʏ r
ferry	f ɛ rː ɪ
ferðafrelsi	f ɛ r ð a f r ɛ l s ɪ
fimi	f ɪː m ɪ
fiskvinnsla	f ɪ s k v ɪ n s t l a
fjalar	f j aː l a r
flottasti	f l ɔ h t a s t ɪ
flækir	f l a iː c ɪ r
fons	f ɔ n s
fornleifum	f ɔ r t n l e iː v ʏ m
framburðar	f r a m p ʏ r ð a r
friðlýstar	f r ɪ ð l i s t a r
frábrugðnar	f r a uː p r ʏ ɣ ð n a r
félagsskapar	f j ɛː l a x s s k aː p a r
fóstbróðir	f o u s t p r o uː ð ɪ r
fúl	f uː l
gefna	c ɛ p n a
geyst	c e i s t
geðröskun	c ɛ ð r œ s k ʏ n
giftingar	c ɪ f t i ŋ k a r
glæpasögur	k l a iː p a s œː ɣ ʏ r
græt	k r a iː t
grösum	k r œː s ʏ m
gæðavottun	c a iː ð a v ɔ h t ʏ n
haldandi	h a l t a n t ɪ
handleggnum	h a n t l ɛ kː n ʏ m
harðkjarna	h a r ð cʰ a r t n a
hei	h e iː
heiðin	h e iː ð ɪ n
helgafellssveit	h ɛ l k a f ɛ t l s s v e iː t
herti	h ɛ r̥ t ɪ
hertu	h ɛ r̥ t ʏ
himnanna	h ɪ m n a nː a
hjörleifs	ç œ r l e i f s
hlaðist	l̥ aː ð ɪ s t
hljómsveitarstjóri	l̥ j o u m s v e iː t a r s t j o uː r ɪ
hlustandi	l̥ ʏ s t a n t ɪ
hlöðver	l̥ œ ð v ɛː r
holy	h ɔː l ɪ
hoppandi	h ɔ h p a n t ɪ
hættulegan	h a i h t ʏ l ɛː ɣ a n
ingimars	i ɲ c ɪ m a r̥ s
iðrunar	ɪ ð r ʏː n a r
jarðgöngum	j a r ð k ø y ŋ k ʏ m
jarðlögum	j a r ð l œː ɣ ʏ m
johanna	j ɔː h a nː a
jurtin	j ʏ r̥ t ɪ n
jöfnur	j œ p n ʏ r
kabarett	kʰ aː p a r ɛ h t
keldudal	cʰ ɛ l t ʏ t aː l
kirkjulega	cʰ ɪ r̥ c ʏ l ɛː ɣ a
kjarki	cʰ a r̥ c ɪ
kjarvalsstaðir	cʰ a r v a l s s t aː ð ɪ r
knúði	kʰ n uː ð ɪ
kompás	kʰ ɔ m̥ p a uː s
króatíska	kʰ r o uː a tʰ i s k a
kálf	kʰ a u l v
kúlulaga	kʰ uː l ʏ l aː ɣ a
lagning	l a k n i ŋ k
lago	l aː ɣ ɔ
landbúnaðarafurðir	l a n t p uː n a ð a r a f ʏ r ð ɪ r
landbúnaðarráðuneytið	l a n t p uː n a ð a r r a uː ð ʏ n e iː t ɪ ð
laupana	l ø yː pʰ aː n a
leikurunum	l e iː k ʏ r ʏː n ʏ m
leyniþjónustunnar	l e iː n ɪ θ j o uː n ʏ s t ʏ nː a r
lánsamur	l a u n s aː m ʏ r
látunum	l a uː t ʏ n ʏ m
læknablaðið	l a i h k n a p l aː ð ɪ ð
límdi	l i m t ɪ
mannfræðingur	m a nː f r a iː ð i ŋ k ʏ r
margmiðlun	m a r k m ɪ ð l ʏ n
menningararfs	m ɛ nː i ŋ k a r a r f s
miracle	m ɪː r a kʰ l ɛː
myrtle	m ɪ r̥ t l ɛ
mátann	m a uː tʰ a nː
mænu	m a iː n ʏ
mótsagnir	m o uː t s a k n ɪ r
mönnuðu	m œ nː ʏ ð ʏ
müller	m ʏ t l ɛ r
mýrinni	m iː r ɪ nː ɪ
niro	n ɪː r ɔ
nrk	n r̥ k
nýlistasafnið	n iː l ɪ s t a s a p n ɪ ð
opinberi	ɔː p ɪ n p ɛː r ɪ
paprikur	pʰ aː p r ɪː k ʏ r
pest	pʰ ɛ s t
postularnir	pʰ ɔ s t ʏ l a r t n ɪ r
pressunnar	pʰ r ɛ sː ʏ nː a r
quest	kʰ v ɛ s t
ritstörfum	r ɪː t s t œ r v ʏ m
running	r ʏ nː i ŋ k
ráðsmaður	r a u ð s m aː ð ʏ r
rómverjum	r o u m v ɛ r j ʏ m
róttækni	r o u h t a i h k n ɪ
sakirnar	s aː c ɪ r t n a r
sakramenti	s aː k r a m ɛ n̥ t ɪ
samsafn	s a m s a p n
samsettum	s a m s ɛ h t ʏ m
saratov	s aː r a tʰ ɔː v
seinir	s e iː n ɪ r
seinnihluta	s e i t n ɪ l̥ ʏː t a
sexy	s ɛ k s ɪ
siðs	s ɪ ð s
sjaldgæfari	s j a l t c a iː v a r ɪ
skattheimta	s k a h t h e i m̥ t a
skrítna	s k r i h t n a
slitu	s t l ɪː t ʏ
sléttir	s t l j ɛ h t ɪ r
snöggvast	s t n œ kː v a s t
speglum	s p ɛ k l ʏ m
spice	s p ɪː s ɛ
sporting	s p ɔ r̥ t i ŋ k
spyrst	s p ɪ r̥ s t
spænski	s p a i n s c ɪ
sterkrar	s t ɛ r̥ k r a r
stoltenberg	s t ɔ l̥ t ɛ n p ɛ r k
studdur	s t ʏ tː ʏ r
stígvélum	s t i ɣ v j ɛː l ʏ m
sunderland	s ʏ n t ɛ r l a n t
sveitunga	s v e iː t u ŋ k a
svínadal	s v iː n a t aː l
símana	s iː m aː n a
símarnir	s iː m a r t n ɪ r
símonar	s iː m ɔː n a r
sýslumönnum	s i s t l ʏ m œ nː ʏ m
toy	tʰ ɔ iː
trefil	tʰ r ɛː v ɪ l
tvennir	tʰ v ɛ nː ɪ r
tónlistarmyndbönd	tʰ o u n l ɪ s t a r m ɪ n t p œ n t
tónlistarsögu	tʰ o u n l ɪ s t a r s œː ɣ ʏ
une	ʏː n ɛ
upphafsárum	ʏ h p h a v s a uː r ʏ m
vegunum	v ɛː ɣ ʏ n ʏ m
veraldlegu	v ɛː r a l t l ɛː ɣ ʏ
verðlaunaður	v ɛ r ð l ø yː n a ð ʏ r
veröndinni	v ɛː r œ n t ɪ nː ɪ
vetnis	v ɛ h t n ɪ s
vissuð	v ɪ sː ʏ ð
vógu	v o uː ʏ
vöfrum	v œ v r ʏ m
vörpuðu	v œ r̥ p ʏː ð ʏ
áhaldafimleikum	a uː h a l t a f ɪ m l e iː k ʏ m
árstímum	a u r̥ s t iː m ʏ m
árvakurs	a u r v aː k ʏ r̥ s
átum	a uː t ʏ m
ætlir	a i h t l ɪ r
ísbirnir	iː s p ɪ r t n ɪ r
íslendingasögunum	i s t l ɛ n t i ŋ k a s œː ɣ ʏ n ʏ m
íþróttasvæði	iː θ r o u h t a s v a iː ð ɪ
óafvitandi	o uː a v v ɪː t a n t ɪ
örmagna	œ r m a k n a
þenst	θ ɛ n s t
þjóðmál	θ j o u ð m a uː l
þjóðþing	θ j o u ð θ i ŋ k
þorvaldsdóttur	θ ɔ r v a l t s t o u h t ʏ r
þrefaldur	θ r ɛː v a l t ʏ r
þvegin	θ v e iː j ɪ n
þórarinsdóttur	θ o uː r a r ɪ n s t o u h t ʏ r
škoda	ʃ k ɔː t a
afeitrun	aː v e iː t r ʏ n
africa	a v r ɪː k a
album	a l p ʏ m
aldraður	a l t r aː ð ʏ r
allnokkuð	a t l n ɔ h k ʏ ð
anno	a nː ɔ
atorku	aː tʰ ɔ r̥ k ʏ
avon	aː v ɔ n
aðalsteini	aː ð a l s t e iː n ɪ
aðdragandinn	a ð t r aː ɣ a n t ɪ nː
aðvífandi	a ð v iː v a n t ɪ
bankastjórar	p a u ŋ̊ k a s t j o uː r a r
baráttudagur	p aː r a u h t ʏ t aː ɣ ʏ r
bis	p ɪː s
bitarnir	p ɪː tʰ a r t n ɪ r
blöndum	p l œ n t ʏ m
borholur	p ɔː r h ɔː l ʏ r
brasa	p r aː s a
bremsa	p r ɛ m s a
bræðurna	p r a iː ð ʏ r t n a
bunka	p u ŋ̊ k a
bændasamtökum	p a i n t a s a m tʰ œː k ʏ m
dapurleg	t aː p ʏ r l ɛː ɣ
deildarleik	t e i l t a r l e iː k
dilla	t ɪ t l a
dimmalætting	t ɪ mː a l a i h t i ŋ k
dot	t ɔː t
drengilega	t r e i ɲ c ɪ l ɛː ɣ a
drop	t r ɔː p
dvína	t v iː n a
dáðist	t a uː ð ɪ s t
dægurlög	t a iː ɣ ʏ r l œː ɣ
egin	e iː j ɪ n
erfingjum	ɛ r v i ɲ c ʏ m
evrópskur	ɛ v r o u p s k ʏ r
eyjafjallajökuls	e iː j a f j a t l a j œː k ʏ l s
eyðimerkur	e iː ð ɪ m ɛ r̥ k ʏ r
faraós	f aː r a o uː s
fellið	f ɛ t l ɪ ð
fjólubláa	f j o uː l ʏ p l a uː a
fjölmennasti	f j œ l m ɛ nː a s t ɪ
fjölmiðlamaður	f j œ l m ɪ ð l a m aː ð ʏ r
flautar	f l ø yː t a r
fljúgum	f l j uː ʏ m
flugleiðir	f l ʏ ɣ l e iː ð ɪ r
flóðinu	f l o uː ð ɪ n ʏ
fordæmdi	f ɔ r t a i m t ɪ
fruit	f r ʏ iː t
frátöldu	f r a uː tʰ œ l t ʏ
fylgju	f ɪ l c ʏ
fæðunnar	f a iː ð ʏ nː a r
föðurbróður	f œː ð ʏ r p r o uː ð ʏ r
gauja	k ø yː j a
grunnum	k r ʏ nː ʏ m
grónum	k r o uː n ʏ m
grýtt	k r i h t
guðríðar	k v ʏ ð r iː ð a r
hafsvæðum	h a v s v a iː ð ʏ m
hallbera	h a t l p ɛː r a
hallsteinn	h a t l s t e i t n
handfangi	h a n t f a u ɲ c ɪ
hegðunarmynstur	h ɛ ɣ ð ʏ n a r m ɪ n s t ʏ r
heilagir	h e iː l a j ɪ r
heimahögum	h e iː m a h œː ɣ ʏ m
heimilislausa	h e iː m ɪ l ɪ s t l ø yː s a
heimskuleg	h e i m s k ʏ l ɛː ɣ
heimsmetið	h e i m s m ɛː t ɪ ð
hekl	h ɛ h k l
helle	h ɛ t l ɛ
hjálmari	ç a u l m a r ɪ
hjólsins	ç o u l s ɪ n s
hljóðupptökur	l̥ j o uː ð ʏ h p tʰ œː k ʏ r
holstein	h ɔ l s t e iː n
hrafna	r̥ a p n a
hrakin	r̥ aː c ɪ n
hróa	r̥ o uː a
huglæga	h ʏ ɣ l a iː ɣ a
hvalba	kʰ v a l p a
hásætinu	h a uː s a iː t ɪ n ʏ
hættulegu	h a i h t ʏ l ɛː ɣ ʏ
héraðsdómslögmaður	ç ɛː r a ð s t o u m s l œ ɣ m aː ð ʏ r
hólmfríði	h o u l m f r iː ð ɪ
húmanisma	h uː m a n ɪ s m a
illar	ɪ t l a r
indversk	ɪ n t v ɛ r̥ s k
jensdóttir	j ɛ n s t o u h t ɪ r
jólanótt	j o uː l a n o u h t
jónatans	j o uː n a tʰ a n s
kaflaskil	kʰ a p l a s c ɪː l
kain	kʰ a iː n
keðjuverkun	cʰ ɛ ð j ʏ v ɛ r̥ k ʏ n
kisu	cʰ ɪː s ʏ
kitlar	cʰ ɪ h t l a r
kjölfestu	cʰ œ l f ɛ s t ʏ
knappur	kʰ n a h p ʏ r
knattspyrnunnar	kʰ n a h t s p ɪ r t n ʏ nː a r
kraga	kʰ r aː ɣ a
kvenfrelsi	kʰ v ɛ n f r ɛ l s ɪ
kvikmyndanna	kʰ v ɪː k m ɪ n t a nː a
kórs	kʰ o u r̥ s
landbúnaðarafurða	l a n t p uː n a ð a r a f ʏ r ð a
landnámsmenn	l a n t n a u m s m ɛ nː
langstærstur	l a u ŋ k s t a i r̥ s t ʏ r
langá	l a u ŋ k a uː
leikhússtjóri	l e iː k h u s s t j o uː r ɪ
limi	l ɪː m ɪ
listnám	l ɪ s t n a uː m
litninga	l ɪ h t n i ŋ k a
ljósára	l j o uː s a uː r a
loftbólur	l ɔ f t p o uː l ʏ r
loftleiðum	l ɔ f t l e iː ð ʏ m
lokaðu	l ɔː k a ð ʏ
látrabjarg	l a uː t r a p j a r k
lækjum	l a iː c ʏ m
læknadeildar	l a i h k n a t e i l t a r
lærdóms	l a i r t o u m s
lögsagnarumdæmi	l œ ɣ s a k n a r ʏ m t a iː m ɪ
mannfjöldann	m a nː f j œ l t a nː
markalaust	m a r̥ k a l ø y s t
matteo	m a h t ɛː ɔ
meeting	m e iː t i ŋ k
meistaranum	m e i s t a r aː n ʏ m
meðmælendur	m ɛ ð m a iː l ɛ n t ʏ r
milliliður	m ɪ t l ɪ l ɪː ð ʏ r
millur	m ɪ t l ʏ r
mjanmar	m j a n m a r
myndasögu	m ɪ n t a s œː ɣ ʏ
mysql	m ɪ s k l
málmgrýti	m a u l m k r iː t ɪ
málþóf	m a u l θ o uː v
mánuðirnir	m a uː n ʏ ð ɪ r t n ɪ r
múhameðs	m uː h a m ɛ ð s
nem	n ɛː m
netþjóna	n ɛː t θ j o uː n a
norrköping	n ɔ rː kʰ œː p i ŋ k
norðurlandaráði	n ɔ r ð ʏ r l a n t a r a uː ð ɪ
næturlíf	n a iː t ʏ r l iː v
ora	ɔː r a
pinot	pʰ ɪː n ɔː t
plant	pʰ l a n̥ t
pokana	pʰ ɔː k a n a
punktana	pʰ u ŋ̊ k tʰ aː n a
rafnar	r a p n a r
randi	r a n t ɪ
reikistjarnan	r e iː c ɪ s t j a r t n a n
repúblikanaflokksins	r ɛː p u p l ɪː k a n a f l ɔ h k s ɪ n s
romagna	r ɔː m a k n a
rótargrænmeti	r o uː t a r k r a i n m ɛː t ɪ
sakborningar	s aː k p ɔ r t n i ŋ k a r
saltfiski	s a l̥ t f ɪ s c ɪ
sambandsþingið	s a m p a n t s θ i ɲ c ɪ ð
samtíðar	s a m tʰ iː ð a r
sendiherrar	s ɛ n t ɪ h ɛ rː a r
serbar	s ɛ r p a r
siðmenningu	s ɪ ð m ɛ nː i ŋ k ʏ
sjáandi	s j a uː a n t ɪ
sjónvarpsþátt	s j o u n v a r̥ p s θ a u h t
sjúklingunum	s j uː k l i ŋ k ʏ n ʏ m
skagastrandar	s k aː ɣ a s t r a n t a r
skemmdust	s c ɛ m t ʏ s t
skerst	s c ɛ r̥ s t
skilorðsbundið	s c ɪː l ɔ r ð s p ʏ n t ɪ ð
skiptinemi	s c ɪ f t ɪ n ɛː m ɪ
skynsöm	s c ɪ n s œː m
skálholtskirkju	s k a uː l h ɔ l̥ t s c ɪ r̥ c ʏ
skörð	s k œ r ð
skúlasyni	s k uː l a s ɪː n ɪ
slökktu	s t l œ x t ʏ
slökkvið	s t l œ h k v ɪː ð
smáskífan	s m a uː s c iː v a n
sneggri	s t n ɛ kː r ɪ
solveig	s ɔ l v e iː ɣ
sporöskjulaga	s p ɔː r œ s c ʏ l aː ɣ a
steindi	s t e i n t ɪ
strætisvagnar	s t r a iː t ɪ s v a k n a r
stórsveit	s t o u r̥ s v e iː t
stýrikerfum	s t iː r ɪ cʰ ɛ r v ʏ m
summu	s ʏ mː ʏ
sveinki	s v e i ɲ̊ c ɪ
sála	s a uː l a
síþreytu	s iː θ r e iː t ʏ
sódómu	s o uː t o uː m ʏ
söngkonunni	s ø y ŋ k kʰ ɔː n ʏ nː ɪ
söngleikurinn	s ø y ŋ k l e iː k ʏ r ɪ nː
talmál	tʰ a l m a uː l
term	tʰ ɛ r m
tilraunar	tʰ ɪ l r ø yː n a r
tilraunaskyni	tʰ ɪ l r ø yː n a s c ɪː n ɪ
tilvistar	tʰ ɪ l v ɪ s t a r
tindar	tʰ ɪ n t a r
tungunnar	tʰ u ŋ k ʏ nː a r
tímatali	tʰ iː m a tʰ aː l ɪ
töffari	tʰ œ fː a r ɪ
tölvuleikja	tʰ œ l v ʏ l e iː c a
töskum	tʰ œ s k ʏ m
týról	tʰ iː r o uː l
ungmennafélaga	u ŋ k m ɛ nː a f j ɛː l aː ɣ a
ungviðið	u ŋ k v ɪː ð ɪ ð
uppvísir	ʏ h p v iː s ɪ r
vanþóknun	v a n θ o u h k n ʏ n
varann	v aː r a nː
verkföllum	v ɛ r̥ k f œ t l ʏ m
verknaði	v ɛ r̥ k n aː ð ɪ
vestnorræna	v ɛ s t n ɔ r r a iː n a
vhs	v a s
vinskapur	v ɪ n s k aː p ʏ r
vinunum	v ɪː n ʏ n ʏ m
vladimír	v l aː t ɪ m iː r
vofir	v ɔː v ɪ r
válista	v a uː l ɪ s t a
vænginn	v a i ɲ c ɪ n
væruð	v a iː r ʏ ð
víkingarnir	v iː c i ŋ k a r t n ɪ r
árgangs	a u r k a u ŋ k s
árásarinnar	a uː r a uː s a r ɪ nː a r
íslendingasögur	i s t l ɛ n t i ŋ k a s œː ɣ ʏ r
óbreyttra	o uː p r e i h t r a
ókunnum	o uː k ʏ nː ʏ m
ósvipuð	o uː s v ɪː p ʏ ð
ölmu	œ l m ʏ
útlítandi	uː t l iː tʰ a n t ɪ
þurrari	θ ʏ rː a r ɪ
þurrir	θ ʏ rː ɪ r
þyngstu	θ i ŋ k s t ʏ
þéttbýlið	θ j ɛ h t p iː l ɪ ð
þýskumælandi	θ i s k ʏ m a iː l a n t ɪ
adler	a t l ɛː r
afgangi	a v k a u ɲ c ɪ
aflgjafa	a p l c aː v a
afnuminn	a p n ʏ m ɪ nː
afríkubúa	a v r iː k ʏ p uː a
afurðin	aː v ʏ r ð ɪ n
alexa	aː l ɛ k s a
algengra	a l c e i ŋ k r a
alkunna	a l̥ k ʏ nː a
allstór	a t l s t o uː r
altman	a l̥ t m aː n
andstæðan	a n t s t a iː ð a n
angelu	a u ŋ c ɛː l ʏ
annarinnar	a nː a r ɪ nː a r
annist	a nː ɪ s t
aski	a s c ɪ
atlantshafs	aː t l a n̥ t s h a f s
atti	a h t ɪ
augnablikið	ø y k n a p l ɪː c ɪ ð
augnabliksins	ø y k n a p l ɪ k s ɪ n s
auðgast	ø y ð k a s t
aðilann	aː ð ɪ l a nː
bandsins	p a n t s ɪ n s
barnauppeldi	p a r t n ø y h p ɛ l t ɪ
barnsförum	p a r t n s f œː r ʏ m
bertrand	p ɛ r̥ t r a n t
bible	p ɪ p l ɛ
blautir	p l ø yː t ɪ r
blokkin	p l ɔ h c ɪ n
blárri	p l a u rː ɪ
boganum	p ɔː ɣ a n ʏ m
bos	p ɔː s
bossa	p ɔ sː a
boðefni	p ɔː ð ɛ p n ɪ
braun	p r ø yː n
breiðri	p r e i ð r ɪ
bræðslumark	p r a i ð s t l ʏ m a r̥ k
buff	p ʏ fː
bullandi	p ʏ t l a n t ɪ
bunu	p ʏː n ʏ
bæklinginn	p a i h k l i ɲ c ɪ n
bænina	p a iː n ɪ n a
bílanna	p iː l a nː a
búumst	p uː ʏ m s t
castillo	kʰ a s t ɪ t l ɔ
cla	kʰ l aː
cru	kʰ r ʏː
danstónlist	t a n s t o u n l ɪ s t
dapurt	t aː p ʏ r̥ t
dauf	t ø yː v
delí	t ɛː l iː
dicks	t ɪ k s
dino	t ɪː n ɔ
djarfa	t j a r v a
ducati	t ʏː k aː t ɪ
dularfullan	t ʏː l a r f ʏ t l a n
durrell	t ʏ rː ɛ t l
dverg	t v ɛ r k
dóti	t o uː t ɪ
dökkan	t œ h k a n
efnahagsþróun	ɛ p n a h a x s θ r o uː ʏ n
efnahagurinn	ɛ p n a h aː ɣ ʏ r ɪ nː
eftirdragi	ɛ f t ɪ r t r aː j ɪ
eftirlýstur	ɛ f t ɪ r l i s t ʏ r
eiginlegri	e iː j ɪ n l ɛ ɣ r ɪ
einblíndi	e i n p l i n t ɪ
einkennismerki	e i n cʰ ɛ nː ɪ s m ɛ r̥ c ɪ
einsöngvarar	e i n s ø y ŋ k v aː r a r
elskuleg	ɛ l s k ʏ l ɛː ɣ
endalausa	ɛ n t a l ø yː s a
erindinu	ɛː r ɪ n t ɪː n ʏ
evrópumeistaramótinu	ɛ v r o uː p ʏ m e i s t a r a m o uː t ɪ n ʏ
evrópumót	ɛ v r o uː p ʏ m o uː t
ezra	ɛ z r a
faglegu	f a ɣ l ɛː ɣ ʏ
fanning	f a nː i ŋ k
fasteignasölu	f a s t e i k n a s œː l ʏ
fataskápnum	f aː t a s k a u h p n ʏ m
fengir	f e i ɲ c ɪ r
ferskvatn	f ɛ r̥ s k v a h t n
fiskabúr	f ɪ s k a p uː r
fisktegundir	f ɪ s k tʰ ɛː ɣ ʏ n t ɪ r
fjarlægu	f j a r l a iː ɣ ʏ
fljótinu	f l j o uː t ɪː n ʏ
flugmönnum	f l ʏ ɣ m œ nː ʏ m
flækjur	f l a iː c ʏ r
flísarnar	f l iː s a r t n a r
flögum	f l œː ɣ ʏ m
foringjum	f ɔː r i ɲ c ʏ m
framfleyta	f r a m f l e iː t a
framsögn	f r a m s œ k n
frumsamda	f r ʏ m s a m t a
frumstæð	f r ʏ m s t a iː ð
fréttar	f r j ɛ h t a r
fur	f ʏː r
fyndni	f ɪ n t n ɪ
fágað	f a uː a ð
fáheyrt	f a uː h e i r̥ t
fáránlegu	f a uː r a u n l ɛː ɣ ʏ
fátæklingar	f a uː tʰ a i h k l i ŋ k a r
fæðingarstað	f a iː ð i ŋ k a r s t aː ð
fæðingarár	f a iː ð i ŋ k a r a uː r
gagnist	k a k n ɪ s t
gangverk	k a u ŋ k v ɛ r̥ k
garland	k a r l a n t
gaurar	k ø yː r a r
german	c ɛ r m a n
getz	c ɛ h t s
geðveik	c ɛ ð v e iː k
gjörningar	c œ r t n i ŋ k a r
glory	k l ɔː r ɪ
glæ	k l a iː
glæpamönnum	k l a iː p a m œ nː ʏ m
glæsilegum	k l a iː s ɪ l ɛː ɣ ʏ m
glæsilegustu	k l a iː s ɪ l ɛː ɣ ʏ s t ʏ
grafi	k r aː v ɪ
grauta	k r ø yː t a
greinasafn	k r e iː n a s a p n
grenada	k r ɛː n a t a
greri	k r ɛː r ɪ
grin	k r ɪː n
græðir	k r a iː ð ɪ r
gróðurhúsalofttegundir	k r o uː ð ʏ r h uː s a l ɔ f t tʰ ɛː ɣ ʏ n t ɪ r
gufað	k ʏː v a ð
gullin	k ʏ t l ɪ n
gæddu	c a i tː ʏ
hals	h a l s
hamingjusamir	h aː m i ɲ c ʏ s aː m ɪ r
hampa	h a m̥ p a
handknattleiksdeild	h a n t kʰ n a h t l e i k s t e i l t
heimsmeistarakeppnin	h e i m s m e i s t a r a cʰ ɛ h p n ɪ n
heiðinna	h e iː ð ɪ nː a
helg	h ɛ l k
hervaldi	h ɛ r v a l t ɪ
hjákonu	ç a uː kʰ ɔː n ʏ
hluthöfum	l̥ ʏː t h œː v ʏ m
hnappar	n̥ a h p a r
hnattvæðingu	n̥ a h t v a iː ð i ŋ k ʏ
hnetti	n̥ ɛ h t ɪ
hneykslun	n̥ e i k s t l ʏ n
hobart	h ɔː p a r̥ t
horfurnar	h ɔ r v ʏ r t n a r
hraustir	r̥ ø y s t ɪ r
hraðferð	r̥ a ð f ɛ r ð
hreyfla	r̥ e i p l a
hrossin	r̥ ɔ sː ɪ n
hrökk	r̥ œ h k
hrökklast	r̥ œ h k l a s t
hröktu	r̥ œ x t ʏ
huggunar	h ʏ kː ʏ n a r
hugleiða	h ʏ ɣ l e iː ð a
hugsuður	h ʏ x s ʏː ð ʏ r
humlum	h ʏ m l ʏ m
hvassar	kʰ v a sː a r
hvorrar	kʰ v ɔ rː a r
hvölum	kʰ v œː l ʏ m
háhitasvæðum	h a uː h ɪː t a s v a iː ð ʏ m
hákonarsonar	h a uː kʰ ɔː n a r s ɔː n a r
hálfleiks	h a u l v l e i k s
háloftunum	h a uː l ɔ f t ʏ n ʏ m
háttalag	h a u h t a l aː ɣ
háværar	h a uː v a iː r a r
hægi	h a iː j ɪ
hænurnar	h a iː n ʏ r t n a r
hæstaréttardómari	h a i s t a r j ɛ h t a r t o uː m a r ɪ
hólmgöngu	h o u l m k ø y ŋ k ʏ
höggmynd	h œ kː m ɪ n t
hörmulegt	h œ r m ʏ l ɛ x t
húnaþing	h uː n a θ i ŋ k
húsasmíði	h uː s a s m iː ð ɪ
inneign	ɪ nː e i k n
irvine	ɪ r v ɪː n ɛ
jakobsen	j aː kʰ ɔ p s ɛː n
kallinu	kʰ a t l ɪː n ʏ
kastalans	kʰ a s t a l a n s
keita	cʰ e iː t a
keppinaut	cʰ ɛ h p ɪ n ø yː t
kerru	cʰ ɛ rː ʏ
keys	cʰ e iː s
khalid	kʰ aː l ɪ t
kinnarnar	cʰ ɪ nː a r t n a r
kipling	cʰ ɪ h p l i ŋ k
kjúklingum	cʰ uː k l i ŋ k ʏ m
kleifum	kʰ l e iː v ʏ m
klippir	kʰ l ɪ h p ɪ r
klámstjarna	kʰ l a u m s t j a r t n a
klæðin	kʰ l a iː ð ɪ n
kolur	kʰ ɔː l ʏ r
kommúnisminn	kʰ ɔ mː uː n ɪ s m ɪ nː
konunglegt	kʰ ɔː n u ŋ k l ɛ x t
kraftmeiri	kʰ r a f t m e iː r ɪ
kristal	kʰ r ɪ s t aː l
kristninni	kʰ r ɪ s t n ɪ nː ɪ
krákur	kʰ r a uː k ʏ r
krám	kʰ r a uː m
krækjur	kʰ r a iː c ʏ r
kubbar	kʰ ʏ pː a r
kvennalista	kʰ v ɛ nː a l ɪ s t a
kvennalistinn	kʰ v ɛ nː a l ɪ s t ɪ nː
kyrrahaf	cʰ ɪ rː a h aː v
kælingar	cʰ a iː l i ŋ k a r
kóraninum	kʰ o uː r a n ɪː n ʏ m
köll	kʰ œ t l
kölski	kʰ œ l s c ɪ
köngulær	kʰ ø y ŋ k ʏ l a iː r
kúba	kʰ uː p a
lagarfljót	l aː ɣ a r f l j o uː t
landnemar	l a n t n ɛː m a r
laufabrauð	l ø yː v a p r ø yː ð
laufi	l ø yː v ɪ
leggöngin	l ɛ ɣ k ø y ɲ c ɪ n
leigi	l e iː j ɪ
leikræna	l e iː k r a iː n a
leiksýningum	l e iː k s iː n i ŋ k ʏ m
lengdir	l e i ŋ t ɪ r
lindum	l ɪ n t ʏ m
lirfurnar	l ɪ r v ʏ r t n a r
ljóti	l j o uː t ɪ
ljúfar	l j uː v a r
loftkælingu	l ɔ f t cʰ a iː l i ŋ k ʏ
loftmynd	l ɔ f t m ɪ n t
lyfjanna	l ɪ v j a nː a
látlaus	l a uː t l ø yː s
láði	l a uː ð ɪ
lögregluofbeldi	l œ ɣ r ɛ k l ʏ ɔ v p ɛ l t ɪ
lúin	l uː ɪ n
lúmskt	l u m s x t
lýsið	l iː s ɪ ð
manny	m a nː ɪ
marti	m a r̥ t ɪ
method	m ɛː t h ɔː t
meti	m ɛː t ɪ
millifærslu	m ɪ t l ɪ f a i r̥ s t l ʏ
mistur	m ɪ s t ʏ r
mjóa	m j o uː a
mombasa	m ɔ m p aː s a
mors	m ɔ r̥ s
morðum	m ɔ r ð ʏ m
mottu	m ɔ h t ʏ
munna	m ʏ nː a
myntu	m ɪ n̥ t ʏ
málsvarar	m a u l s v aː r a r
máttlaus	m a u h t l ø yː s
mærin	m a iː r ɪ n
mættar	m a i h t a r
múrnum	m u r t n ʏ m
nagasaki	n aː ɣ a s aː c ɪ
naumindum	n ø yː m ɪ n t ʏ m
navajo	n aː v a j ɔ
nemendanna	n ɛː m ɛ n t a nː a
njótum	n j o uː t ʏ m
nokk	n ɔ h k
norðarlega	n ɔ r ð a r l ɛː ɣ a
norðurhöfum	n ɔ r ð ʏ r h œː v ʏ m
næststærsti	n a i s t s t a i r̥ s t ɪ
nítjánda	n iː t j a u n t a
níðast	n iː ð a s t
númi	n uː m ɪ
oddvitar	ɔ tː v ɪː t a r
ofanverðri	ɔː v a n v ɛ r ð r ɪ
orkneyja	ɔ r̥ k n e iː j a
ormarnir	ɔ r m a r t n ɪ r
orrustum	ɔ rː ʏ s t ʏ m
orsakavaldur	ɔ r̥ s aː k a v a l t ʏ r
otho	ɔː t h ɔ
pakk	pʰ a h k
palazzo	pʰ aː l a t s ɔ
parturinn	pʰ a r̥ t ʏ r ɪ nː
pietro	pʰ ɪː t r ɔ
plc	pʰ l̥ s
portrett	pʰ ɔ r̥ t r ɛ h t
pretty	pʰ r ɛ h t ɪ
prima	pʰ r ɪː m a
pípulagnir	pʰ iː p ʏ l a k n ɪ r
rafrænn	r a v r a i t n
rakakrem	r aː k a kʰ r ɛː m
rama	r aː m a
rannsóknarsetur	r a nː s o u h k n a r s ɛː t ʏ r
rasa	r aː s a
rasta	r a s t a
reddað	r ɛ tː a ð
reynda	r e i n t a
rifflum	r ɪ fː l ʏ m
risaeðlur	r ɪː s a ɛ ð l ʏ r
risavaxna	r ɪː s a v a k s t n a
rokksins	r ɔ h k s ɪ n s
rosenbaum	r ɔː s ɛ n p ø yː m
rudda	r ʏ tː a
röfla	r œ p l a
rúdolf	r uː t ɔ l v
rúnt	r u n̥ t
samfellu	s a m f ɛ t l ʏ
samlagning	s a m l a k n i ŋ k
samstillt	s a m s t ɪ l̥ t
sanngjörnum	s a nː c œ r t n ʏ m
scarlett	s k a r l ɛ h t
seinka	s e i ŋ̊ k a
senan	s ɛː n a n
shore	s h ɔː r ɛ
silverman	s ɪ l v ɛ r m aː n
sjaldgæfa	s j a l t c a iː v a
sjúkir	s j uː c ɪ r
skaffa	s k a fː a
skapinu	s k aː p ɪː n ʏ
skemmdur	s c ɛ m t ʏ r
skemmtilegan	s c ɛ m̥ t ɪ l ɛː ɣ a n
skipunarbréf	s c ɪː p ʏ n a r p r j ɛː v
skjaldbakan	s c a l t p aː k a n
skjátlast	s c a uː t l a s t
skorpu	s k ɔ r̥ p ʏ
skotvopnum	s k ɔː t v ɔ h p n ʏ m
skrapa	s k r aː p a
skuldbundin	s k ʏ l t p ʏ n t ɪ n
skíðin	s c iː ð ɪ n
slaufu	s t l ø yː v ʏ
slysin	s t l ɪː s ɪ n
slökkvitæki	s t l œ h k v ɪ tʰ a iː c ɪ
slöku	s t l œː k ʏ
snilling	s t n ɪ t l i ŋ k
sorgar	s ɔ r k a r
spilakassa	s p ɪː l a kʰ a sː a
spiro	s p ɪː r ɔ
splæsa	s p l a iː s a
spáin	s p a uː ɪ n
stafnum	s t a p n ʏ m
starfsreglum	s t a r v s r ɛ k l ʏ m
starfsreglur	s t a r v s r ɛ k l ʏ r
staðsetur	s t a ð s ɛː t ʏ r
steinöld	s t e iː n œ l t
stofnfrumur	s t ɔ p n f r ʏː m ʏ r
stormar	s t ɔ r m a r
straight	s t r a i x t
strandsvæði	s t r a n t s v a iː ð ɪ
streep	s t r ɛː p
strika	s t r ɪː k a
stundvísi	s t ʏ n t v iː s ɪ
styrjöldum	s t ɪ r j œ l t ʏ m
stíflar	s t i p l a r
stökkur	s t œ h k ʏ r
stöðuvötn	s t œː ð ʏ v œ h t n
sumpart	s ʏ m̥ p a r̥ t
sungum	s u ŋ k ʏ m
sunnudagar	s ʏ nː ʏ t aː ɣ a r
suðurströndinni	s ʏː ð ʏ r s t r œ n t ɪ nː ɪ
svarthöfði	s v a r̥ t h œ v ð ɪ
sviðsett	s v ɪ ð s ɛ h t
svörunum	s v œː r ʏ n ʏ m
sykurlaust	s ɪː k ʏ r l ø y s t
sáda	s a uː t a
sápur	s a uː p ʏ r
sæfari	s a iː v a r ɪ
sæst	s a i s t
sérhæfðari	s j ɛː r h a i v ð a r ɪ
sígildu	s iː j ɪ l t ʏ
sölsa	s œ l s a
söngleikur	s ø y ŋ k l e iː k ʏ r
sönnunar	s œ nː ʏ n a r
sönnunargagna	s œ nː ʏ n a r k a k n a
súlan	s uː l a n
tam	tʰ aː m
tendra	tʰ ɛ n t r a
tengdamóður	tʰ e i ŋ t a m o uː ð ʏ r
teygju	tʰ e iː j ʏ
thames	tʰ aː m ɛː s
tiller	tʰ ɪ t l ɛ r
tilviljanir	tʰ ɪ l v ɪ l j aː n ɪ r
tjáskipti	tʰ j a uː s c ɪ f t ɪ
tjörnin	tʰ j œ r t n ɪ n
tregir	tʰ r e iː j ɪ r
trönuber	tʰ r œː n ʏ p ɛː r
trúleysingjar	tʰ r uː l e iː s i ɲ c a r
tyne	tʰ ɪː n ɛ
tækifærin	tʰ a iː c ɪ f a iː r ɪ n
tæmist	tʰ a iː m ɪ s t
tímabilin	tʰ iː m a p ɪː l ɪ n
tónlistarverðlaununum	tʰ o u n l ɪ s t a r v ɛ r ð l ø yː n ʏ n ʏ m
töflum	tʰ œ p l ʏ m
tökunum	tʰ œː k ʏ n ʏ m
undirskrifta	ʏ n t ɪ r s k r ɪ f t a
ungbörnum	u ŋ k p œ r t n ʏ m
upper	ʏ h p ɛ r
uppfull	ʏ h p f ʏ t l
uppreisnina	ʏ h p r e i s t n ɪː n a
vafrar	v a v r a r
valdalaus	v a l t a l ø yː s
valdamesti	v a l t a m ɛ s t ɪ
valdastöðu	v a l t a s t œː ð ʏ
vandamenn	v a n t a m ɛ nː
varðhald	v a r ð h a l t
varðveiti	v a r ð v e iː t ɪ
vatnsgufu	v a h t n s k ʏː v ʏ
vatnsorku	v a h t n s ɔ r̥ k ʏ
veislunnar	v e i s t l ʏ nː a r
veitist	v e iː t ɪ s t
verkalýðs	v ɛ r̥ k a l i ð s
verndandi	v ɛ r n t a n t ɪ
vesturveldanna	v ɛ s t ʏ r v ɛ l t a nː a
vice	v ɪː s ɛ
vidal	v ɪː t aː l
vinnudagur	v ɪ nː ʏ t aː ɣ ʏ r
vináttuna	v ɪː n a u h t ʏ n a
virðir	v ɪ r ð ɪ r
vitnum	v ɪ h t n ʏ m
voninni	v ɔː n ɪ nː ɪ
víkjum	v iː c ʏ m
vísast	v iː s a s t
vísitölur	v iː s ɪ tʰ œː l ʏ r
wa	v aː
wilbur	v ɪ l p ʏ r
willard	v ɪ t l a r t
wolves	v ɔ l v ɛː s
áheyrnarprufu	a uː h e i r t n a r pʰ r ʏː v ʏ
áhugasöm	a uː h ʏː ɣ a s œː m
áminningu	a uː m ɪ nː i ŋ k ʏ
ánægjulega	a uː n a iː j ʏ l ɛː ɣ a
árla	a u r t l a
árátta	a uː r a u h t a
ástralskur	a u s t r a l s k ʏ r
ástvinir	a u s t v ɪː n ɪ r
ástæðulaust	a uː s t a iː ð ʏ l ø y s t
ásættanlegt	a uː s a i h t a n l ɛ x t
áætlar	a uː a i h t l a r
ættaðir	a i h t a ð ɪ r
ævistarfi	a iː v ɪ s t a r v ɪ
óflekkað	o uː v l ɛ h k a ð
öfgamenn	œ v k a m ɛ nː
ökumann	œː k ʏ m a nː
ökumönnum	œː k ʏ m œ nː ʏ m
önninni	œ nː ɪ nː ɪ
þegi	θ e iː j ɪ
þjóðfræðingur	θ j o u ð f r a iː ð i ŋ k ʏ r
þorbjargar	θ ɔ r p j a r k a r
þrettándu	θ r ɛ h t a u n t ʏ
þroskun	θ r ɔ s k ʏ n
þráir	θ r a uː ɪ r
þversum	θ v ɛ r̥ s ʏ m
þéttan	θ j ɛ h t a n
þétting	θ j ɛ h t i ŋ k
þórhallssonar	θ o uː r h a t l s s ɔː n a r
þörungar	θ œː r u ŋ k a r
abs	a p s
afborgunum	a v p ɔ r k ʏ n ʏ m
afhenta	a v h ɛ n̥ t a
afríska	a v r i s k a
ahmet	aː m ɛː t
akureyrarbær	aː k ʏ r e iː r a r p a iː r
alamos	aː l a m ɔː s
albúm	a l p uː m
aldraðir	a l t r aː ð ɪ r
alefli	aː l ɛ p l ɪ
algengastar	a l c e i ŋ k a s t a r
algleymingi	a l k l e iː m i ɲ c ɪ
allnokkrar	a t l n ɔ h k r a r
allvíða	a t l v iː ð a
almannavarnir	a l m a nː a v a r t n ɪ r
alvarlegrar	a l v a r l ɛ ɣ r a r
alvarlegs	a l v a r l ɛ k s
alviðru	a l v ɪ ð r ʏ
alþjóðastofnunum	a l θ j o uː ð a s t ɔ p n ʏ n ʏ m
alþýðusambandi	a l θ iː ð ʏ s a m p a n t ɪ
amboð	a m p ɔː ð
anon	aː n ɔ n
appið	a h p ɪ ð
arði	a r ð ɪ
asískum	aː s i s k ʏ m
atburðarásinni	aː t p ʏ r ð a r a uː s ɪ nː ɪ
atvika	aː t v ɪː k a
auglýsingunni	ø y ɣ l iː s i ŋ k ʏ nː ɪ
aukaspyrnu	ø yː k a s p ɪ r t n ʏ
austurbæ	ø y s t ʏ r p a iː
auðlindafræði	ø y ð l ɪ n t a f r a iː ð ɪ
az	aː s
aðalgrein	aː ð a l k r e iː n
aðgengilegan	a ð c e i ɲ c ɪ l ɛː ɣ a n
aðstoðarskólameistari	a ð s t ɔː ð a r s k o uː l a m e i s t a r ɪ
bacall	p aː k a t l
bal	p aː l
bandaríkjadal	p a n t a r iː c a t aː l
bankakerfið	p a u ŋ̊ k a cʰ ɛ r v ɪː ð
bardagans	p a r t a ɣ a n s
barka	p a r̥ k a
baráttumálum	p aː r a u h t ʏ m a uː l ʏ m
baug	p ø yː ɣ
beiðninni	p e i ð n ɪ nː ɪ
beiðnir	p e i ð n ɪ r
bernadette	p ɛ r t n a t ɛ h t ɛ
binding	p ɪ n t i ŋ k
binna	p ɪ nː a
bjargvættur	p j a r k v a i h t ʏ r
bjöllurnar	p j œ t l ʏ r t n a r
blaðamanns	p l aː ð a m a nː s
blindra	p l ɪ n t r a
blomkvist	p l ɔ m kʰ v ɪ s t
blóðsins	p l o u ð s ɪ n s
blöndunni	p l œ n t ʏ nː ɪ
bollakökur	p ɔ t l a kʰ œː k ʏ r
borgarastríð	p ɔ r k a r a s t r iː ð
borgfirðinga	p ɔ r k f ɪ r ð i ŋ k a
borghildur	p ɔ r k h ɪ l t ʏ r
brautirnar	p r ø yː t ɪ r t n a r
breivik	p r e iː v ɪː k
breiðara	p r e iː ð a r a
brennisteinsvetni	p r ɛ nː ɪ s t e i n s v ɛ h t n ɪ
bret	p r ɛː t
bretaprins	p r ɛː t a pʰ r ɪ n s
breytinganna	p r e iː t i ŋ k a nː a
brots	p r ɔ h t s
bryggjan	p r ɪ cː a n
bráðabana	p r a uː ð a p aː n a
bubble	p ʏ pː l ɛ
buðust	p ʏː ð ʏ s t
bæjarfélögum	p a iː j a r f j ɛː l œː ɣ ʏ m
bæjarstjórnarfundi	p a iː j a r s t j o u r t n a r f ʏ n t ɪ
bólgum	p o u l k ʏ m
bólusetja	p o uː l ʏ s ɛː t j a
böðvars	p œ ð v a r̥ s
búnaðarsamband	p uː n a ð a r s a m p a n t
callahan	kʰ a t l a h aː n
campo	kʰ a m̥ p ɔ
canetti	kʰ aː n ɛ h t ɪ
chia	cʰ ɪː j a
clöru	kʰ l œː r ʏ
cop	kʰ ɔː p
cordell	kʰ ɔ r t ɛ t l
dagatali	t aː ɣ a tʰ aː l ɪ
dalamanna	t aː l a m a nː a
davenport	t aː v ɛ n pʰ ɔ r̥ t
dir	t ɪː r
djúpi	t j uː p ɪ
dl	t l
doha	t ɔː h a
donner	t ɔ nː ɛ r
dorset	t ɔ r̥ s ɛː t
draumsins	t r ø y m s ɪ n s
drei	t r e iː
drungalegt	t r u ŋ k a l ɛ x t
dræm	t r a iː m
drífandi	t r iː v a n t ɪ
dugðu	t ʏ ɣ ð ʏ
dularfullum	t ʏː l a r f ʏ t l ʏ m
dygð	t ɪ ɣ ð
dyranna	t ɪː r a nː a
dánarbú	t a uː n a r p uː
dæmisögur	t a iː m ɪ s œː ɣ ʏ r
dómgreind	t o u m k r e i n t
dómgæslu	t o u m c a i s t l ʏ
dómkirkju	t o u m cʰ ɪ r̥ c ʏ
dómsmáli	t o u m s m a uː l ɪ
dótturfélög	t o u h t ʏ r f j ɛː l œː ɣ
dúkkan	t u h k a n
düsseldorf	t ʏ sː ɛ l t ɔ r v
dýnur	t iː n ʏ r
dýru	t iː r ʏ
edinborgar	ɛː t ɪ n p ɔ r k a r
ee	ɛː
efnahagslegan	ɛ p n a h a x s l ɛː ɣ a n
eftirvæntingu	ɛ f t ɪ r v a i n̥ t i ŋ k ʏ
eggaldin	ɛ kː a l t ɪ n
eignarnám	e i k n a r n a uː m
einhugur	e i n h ʏː ɣ ʏ r
einning	e i t n i ŋ k
einsleitt	e i n s t l e i h t
einsömul	e i n s œː m ʏ l
eldfjalla	ɛ l t f j a t l a
eldgossins	ɛ l t k ɔ sː ɪ n s
eldstöðinni	ɛ l t s t œː ð ɪ nː ɪ
elo	ɛː l ɔ
elskulegur	ɛ l s k ʏ l ɛː ɣ ʏ r
ema	ɛː m a
endanlegu	ɛ n t a n l ɛː ɣ ʏ
endor	ɛ n t ɔ r
endurfundir	ɛ n t ʏ r f ʏ n t ɪ r
endurgjöf	ɛ n t ʏ r c œː v
eng	e i ŋ k
equipment	ɛː k v ɪ p m ɛ n̥ t
erfðabreyttum	ɛ r v ð a p r e i h t ʏ m
ermum	ɛ r m ʏ m
esjan	ɛː s j a n
event	ɛː v ɛ n̥ t
evrusvæðinu	ɛ v r ʏ s v a iː ð ɪ n ʏ
evrusvæðisins	ɛ v r ʏ s v a iː ð ɪ s ɪ n s
evrópumanna	ɛ v r o uː p ʏ m a nː a
evrópuríkjum	ɛ v r o uː p ʏ r iː c ʏ m
eyjafjallajökul	e iː j a f j a t l a j œː k ʏ l
eyrar	e iː r a r
eysteinsdóttir	e i s t e i n s t o u h t ɪ r
eyþórs	e iː θ o u r̥ s
fab	f aː p
farms	f a r m s
faroe	f aː r ɔ ɛː
ferðafélagi	f ɛ r ð a f j ɛː l aː j ɪ
ferðalanga	f ɛ r ð a l a u ŋ k a
figure	f ɪː ɣ ʏ r ɛː
fingrinum	f i ŋ k r ɪː n ʏ m
fiskjar	f ɪ s c a r
fiskverkun	f ɪ s k v ɛ r̥ k ʏ n
fjarlægjast	f j a r l a iː j a s t
fjarnámi	f j a r t n a uː m ɪ
fjármálakerfi	f j a u r m a uː l a cʰ ɛ r v ɪ
fjármálakerfinu	f j a u r m a uː l a cʰ ɛ r v ɪː n ʏ
fjármálakreppan	f j a u r m a uː l a kʰ r ɛ h p a n
fjölbrautaskólanum	f j œ l p r ø yː t a s k o uː l a n ʏ m
fjölbýlishúsi	f j œ l p iː l ɪ s h uː s ɪ
fjölmiðlanna	f j œ l m ɪ ð l a nː a
fjölskyldulíf	f j œ l s c ɪ l t ʏ l iː v
flagga	f l a kː a
fleirri	f l e i rː ɪ
fletir	f l ɛː t ɪ r
flipa	f l ɪː p a
flokkunar	f l ɔ h k ʏ n a r
flosason	f l ɔː s a s ɔː n
flugumferð	f l ʏː ɣ ʏ m f ɛ r ð
flutningsmaður	f l ʏ h t n i ŋ k s m aː ð ʏ r
flytjanda	f l ɪː t j a n t a
flækt	f l a i x t
flæktist	f l a i x t ɪ s t
fléttað	f l j ɛ h t a ð
forgörðum	f ɔ r k œ r ð ʏ m
formanna	f ɔ r m a nː a
formúlur	f ɔ r m uː l ʏ r
forsetaframbjóðandi	f ɔ r̥ s ɛː t a f r a m p j o uː ð a n t ɪ
forsetakosninganna	f ɔ r̥ s ɛː t a kʰ ɔ s t n i ŋ k a nː a
framboðum	f r a m p ɔː ð ʏ m
framework	f r aː m ɛ v ɔ r̥ k
framlengdur	f r a m l e i ŋ t ʏ r
framselt	f r a m s ɛ l̥ t
framsetningar	f r a m s ɛ h t n i ŋ k a r
franklins	f r a u ŋ̊ k l ɪ n s
fresno	f r ɛ s t n ɔ
friðleifsdóttir	f r ɪ ð l e i v s t o u h t ɪ r
friðsamleg	f r ɪ ð s a m l ɛː ɣ
frjálshyggjumenn	f r j a u l s h ɪ cː ʏ m ɛ nː
frjálsræði	f r j a u l s r a iː ð ɪ
frjóan	f r j o uː a n
frumkvöðlastarf	f r ʏ m kʰ v œ ð l a s t a r v
frumstætt	f r ʏ m s t a i h t
frystingu	f r ɪ s t i ŋ k ʏ
frádregnum	f r a uː t r ɛ k n ʏ m
fræðasetur	f r a iː ð a s ɛː t ʏ r
fræðasviði	f r a iː ð a s v ɪː ð ɪ
frést	f r j ɛ s t
fréttamanna	f r j ɛ h t a m a nː a
frídegi	f r iː t e iː j ɪ
fróðleiks	f r o u ð l e i k s
frönskumælandi	f r œ n s k ʏ m a iː l a n t ɪ
fsa	f s aː
fullgildingu	f ʏ t l c ɪ l t i ŋ k ʏ
fullveldis	f ʏ t l v ɛ l t ɪ s
fyrirboði	f ɪː r ɪ r p ɔː ð ɪ
fyrirgaf	f ɪː r ɪ r k aː v
fyrirlestrarnir	f ɪː r ɪ r l ɛ s t r a r t n ɪ r
fyrirrennara	f ɪː r ɪ r r ɛ nː a r a
fyrirspurnum	f ɪː r ɪ r s p ʏ r t n ʏ m
fámennari	f a uː m ɛ nː a r ɪ
færeysk	f a iː r e i s k
fæðinga	f a iː ð i ŋ k a
fæðingardeild	f a iː ð i ŋ k a r t e i l t
félagsgjöld	f j ɛː l a x s c œ l t
félagsstarf	f j ɛː l a x s s t a r v
fótanna	f o uː tʰ a nː a
gafli	k a p l ɪ
gagnasöfnun	k a k n a s œ p n ʏ n
gagngerar	k a k n c ɛː r a r
galdrakarlsins	k a l t r a kʰ a r t l s ɪ n s
gamanmál	k aː m a n m a uː l
gar	k aː r
garðaskóla	k a r ð a s k o uː l a
gasinu	k aː s ɪː n ʏ
gegnsæi	c ɛ k n s a iː j ɪ
geirans	c e iː r a n s
gerðina	c ɛ r ð ɪ n a
gif	c ɪː v
gildismat	c ɪ l t ɪ s m aː t
gjaldmiðilsins	c a l t m ɪː ð ɪ l s ɪ n s
gjöful	c œː v ʏ l
gjörningi	c œ r t n i ɲ c ɪ
glassúr	k l a sː uː r
gleðjast	k l ɛ ð j a s t
glíman	k l iː m a n
glímdu	k l i m t ʏ
glímunni	k l iː m ʏ nː ɪ
grana	k r aː n a
græsku	k r a i s k ʏ
gróðurhúsum	k r o uː ð ʏ r h uː s ʏ m
gróðurs	k r o uː ð ʏ r̥ s
gróðursetning	k r o uː ð ʏ r s ɛ h t n i ŋ k
gullverðlauna	k ʏ t l v ɛ r ð l ø yː n a
gulrótum	k ʏ l r o uː t ʏ m
gunnþór	k ʏ nː θ o uː r
gunther	k ʏ n̥ t h ɛː r
gupta	k ʏ f t a
guðmunds	k v ʏ ð m ʏ n t s
gáttir	k a u h t ɪ r
gæðaflokki	c a iː ð a f l ɔ h c ɪ
góðgæti	k o u ð c a iː t ɪ
góðvild	k o u ð v ɪ l t
hafmeyjar	h a v m e iː j a r
hafnarfjarðarbæjar	h a p n a r f j a r ð a r p a iː j a r
hafra	h a v r a
hafsteinsstöðum	h a v s t e i n s s t œː ð ʏ m
hafta	h a f t a
hagnýtar	h a k n iː t a r
hagsmunamálum	h a x s m ʏː n a m a uː l ʏ m
hagstofan	h a x s t ɔː v a n
hallæri	h a t l a iː r ɪ
hamborgar	h a m p ɔ r k a r
hamingjunnar	h aː m i ɲ c ʏ nː a r
hamlað	h a m l aː ð
handbendi	h a n t p ɛ n t ɪ
handbækur	h a n t p a iː k ʏ r
handtekið	h a n t tʰ ɛː c ɪ ð
handtekur	h a n t tʰ ɛː k ʏ r
harkan	h a r̥ k a n
harri	h a rː ɪ
harðara	h a r ð a r a
hass	h a sː
hbo	pʰ ɔː
heilaskaða	h e iː l a s k aː ð a
heilbrigðir	h e i l p r ɪ ɣ ð ɪ r
heilbrigðu	h e i l p r ɪ ɣ ð ʏ
heildartekjur	h e i l t a r tʰ ɛː c ʏ r
heilhveiti	h e i l kʰ v e iː t ɪ
heilkennið	h e i l cʰ ɛ nː ɪ ð
heilmikill	h e i l m ɪː c ɪ t l
heilsaði	h e i l s aː ð ɪ
heilsuvernd	h e i l s ʏ v ɛ r n t
heimafyrir	h e iː m a f ɪː r ɪ r
heimilislaus	h e iː m ɪ l ɪ s t l ø yː s
heimilisnota	h e iː m ɪ l ɪ s n ɔː t a
heimkoma	h e i m kʰ ɔː m a
heiðraði	h e i ð r aː ð ɪ
heiðraðir	h e i ð r aː ð ɪ r
heiðruð	h e i ð r ʏː ð
helt	h ɛ l̥ t
heppnað	h ɛ h p n a ð
herjað	h ɛ r j a ð
heródes	h ɛː r o uː t ɛː s
hestvagni	h ɛ s t v a k n ɪ
hillum	h ɪ t l ʏ m
himnaríkis	h ɪ m n a r iː c ɪ s
hindraði	h ɪ n t r aː ð ɪ
hippar	h ɪ h p a r
hliðstæðar	l̥ ɪ ð s t a iː ð a r
hljóðan	l̥ j o uː ð a n
hlutlausir	l̥ ʏː t l ø yː s ɪ r
hlynnt	l̥ ɪ n̥ t
hlíðarnar	l̥ iː ð a r t n a r
hnappa	n̥ a h p a
hnjaski	n̥ j a s c ɪ
hnífi	n̥ iː v ɪ
hon	h ɔː n
horfna	h ɔ r p n a
hrekur	r̥ ɛː k ʏ r
hreppstjóra	r̥ ɛ h p s t j o uː r a
hreyflar	r̥ e i p l a r
hrjáð	r̥ j a uː ð
hryggurinn	r̥ ɪ kː ʏ r ɪ nː
hryssu	r̥ ɪ sː ʏ
hræðilegu	r̥ a iː ð ɪ l ɛː ɣ ʏ
hrópar	r̥ o uː p a r
hua	h ʏː a
hugleiðsla	h ʏ ɣ l e i ð s t l a
hugmyndaflug	h ʏ ɣ m ɪ n t a f l ʏː ɣ
hugrakka	h ʏ ɣ r a h k a
hugsaðar	h ʏ x s aː ð a r
hulu	h ʏː l ʏ
hurðum	h ʏ r ð ʏ m
hvassviðri	kʰ v a sː v ɪ ð r ɪ
hvössum	kʰ v œ sː ʏ m
háannatíma	h a uː a nː a tʰ iː m a
hái	h a uː ɪ
háskólarnir	h a uː s k o uː l a r t n ɪ r
hátíðarsal	h a uː tʰ iː ð a r s aː l
hátíðlegt	h a uː tʰ i ð l ɛ x t
hóflega	h o uː v l ɛː ɣ a
hótela	h o uː tʰ ɛː l a
höfrungum	h œ v r u ŋ k ʏ m
höfundarréttur	h œː v ʏ n t a r r j ɛ h t ʏ r
höfuðstóll	h œː v ʏ ð s t o u t l
höggið	h œ cː ɪ ð
hönnuða	h œ nː ʏ ð a
húsnæðislán	h uː s n a iː ð ɪ s t l a uː n
húðlit	h u ð l ɪː t
indælt	ɪ n t a i l̥ t
innanbæjar	ɪ nː a n p a iː j a r
innanhús	ɪ nː a n h uː s
innganginum	ɪ n k a u ɲ c ɪ n ʏ m
innlendu	ɪ nː l ɛ n t ʏ
innlánum	ɪ nː l a uː n ʏ m
isabellu	ɪː s a p ɛ t l ʏ
iðrast	ɪ ð r a s t
jafnaldrar	j a p n a l t r a r
jafngilti	j a p n c ɪ l̥ t ɪ
jafnöldrum	j a p n œ l t r ʏ m
jesaja	j ɛː s a j a
jocelyn	j ɔː s ɛː l ɪː n
játast	j a uː tʰ a s t
jónatansson	j o uː n a tʰ a n sː ɔː n
jökulfjörðum	j œː k ʏ l f j œ r ð ʏ m
jönköping	j ø y ŋ kʰ œː p i ŋ k
jörund	j œː r ʏ n t
kaftein	kʰ a f t e iː n
kamb	kʰ a m p
kans	kʰ a n s
kappreiðar	kʰ a h p r e iː ð a r
karlsefni	kʰ a r t l s ɛ p n ɪ
karlssyni	kʰ a r t l s s ɪː n ɪ
kastast	kʰ a s t a s t
kaups	kʰ ø y p s
keilulaga	cʰ e iː l ʏ l aː ɣ a
kemba	cʰ ɛ m p a
kennaradeild	cʰ ɛ nː a r a t e i l t
kennitölur	cʰ ɛ nː ɪ tʰ œː l ʏ r
kepler	cʰ ɛ h p l ɛ r
keppnistímabili	cʰ ɛ h p n ɪ s t iː m a p ɪː l ɪ
kerfisbundna	cʰ ɛ r v ɪ s p ʏ n t n a
kerið	cʰ ɛː r ɪ ð
kindurnar	cʰ ɪ n t ʏ r t n a r
kirknanna	cʰ ɪ r̥ k n a nː a
kjarasamningar	cʰ aː r a s a m n i ŋ k a r
kjálkann	cʰ a u l̥ kʰ a nː
kjólnum	cʰ o u l n ʏ m
kjörís	cʰ œː r iː s
kjötvörur	cʰ œː t v œː r ʏ r
klappir	kʰ l a h p ɪ r
klifraði	kʰ l ɪ v r aː ð ɪ
klofningur	kʰ l ɔ p n i ŋ k ʏ r
klöppum	kʰ l œ h p ʏ m
kolbrúnar	kʰ ɔ l p r uː n a r
kommu	kʰ ɔ mː ʏ
komna	kʰ ɔ m n a
kornrækt	kʰ ɔ r t n r a i x t
kosningunni	kʰ ɔ s t n i ŋ k ʏ nː ɪ
kraftaverki	kʰ r a f t a v ɛ r̥ c ɪ
kranavatn	kʰ r aː n a v a h t n
krav	kʰ r aː v
kristmundur	kʰ r ɪ s t m ʏ n t ʏ r
króknum	kʰ r o u h k n ʏ m
kunningjum	kʰ ʏ nː i ɲ c ʏ m
kvarði	kʰ v a r ð ɪ
kvaðir	kʰ v aː ð ɪ r
kvikmyndahátíðum	kʰ v ɪː k m ɪ n t a h a uː tʰ iː ð ʏ m
kvosinni	kʰ v ɔː s ɪ nː ɪ
kynfræðslu	cʰ ɪ n f r a i ð s t l ʏ
kynnin	cʰ ɪ nː ɪ n
kyrrir	cʰ ɪ rː ɪ r
kysi	cʰ ɪː s ɪ
kálfar	kʰ a u l v a r
kænsku	cʰ a i n s k ʏ
kæran	cʰ a iː r a n
kórfélagar	kʰ o u r f j ɛː l aː ɣ a r
kórum	kʰ o uː r ʏ m
könnuninni	kʰ œ nː ʏ n ɪ nː ɪ
körfuknattleiksdeildar	kʰ œ r v ʏ kʰ n a h t l e i k s t e i l t a r
kúrekum	kʰ uː r ɛː k ʏ m
lagaheimild	l aː ɣ a h e iː m ɪ l t
laglínur	l a ɣ l iː n ʏ r
lamarr	l aː m a rː
lambið	l a m p ɪː ð
landbúnaðinn	l a n t p uː n a ð ɪ n
landnáms	l a n t n a u m s
landsteinanna	l a n t s t e iː n a nː a
landsvæðið	l a n t s v a iː ð ɪ ð
langholti	l a u ŋ k h ɔ l̥ t ɪ
langrar	l a u ŋ k r a r
langspil	l a u ŋ k s p ɪː l
languedoc	l a u ŋ k v ɛː t ɔː k
lappa	l a h p a
lasalle	l aː s a t l ɛ
lauru	l ø yː r ʏ
lausri	l ø yː s r ɪ
legt	l ɛ x t
lei	l e iː
leifsstöð	l e i v s s t œː ð
leikarann	l e iː k a r a nː
leikmennina	l e iː k m ɛ nː ɪ n a
leikreglurnar	l e iː k r ɛ k l ʏ r t n a r
leikslok	l e i k s t l ɔː k
leiðarar	l e iː ð a r a r
leiðréttingu	l e i ð r j ɛ h t i ŋ k ʏ
leiðsögumanna	l e i ð s œː ɣ ʏ m a nː a
leiðunum	l e iː ð ʏ n ʏ m
lengdin	l e i ŋ t ɪ n
lestrar	l ɛ s t r a r
leysiefni	l e iː s ɪ ɛ p n ɪ
liddell	l ɪ tː ɛ t l
lifrar	l ɪ v r a r
lila	l ɪː l a
lindir	l ɪ n t ɪ r
lips	l ɪ p s
listasafnsins	l ɪ s t a s a p n s ɪ n s
liðinni	l ɪː ð ɪ nː ɪ
liðsafla	l ɪ ð s a p l a
liðsfélagi	l ɪ ð s f j ɛː l aː j ɪ
ljósanótt	l j o uː s a n o u h t
ljósara	l j o uː s aː r a
ljótu	l j o uː t ʏ
ljóðabókin	l j o uː ð a p o uː c ɪ n
londonderry	l ɔ n t ɔ n t ɛ rː ɪ
losunarheimildir	l ɔː s ʏ n a r h e iː m ɪ l t ɪ r
luxor	l ʏ x s ɔ r
lyklarnir	l ɪː k l a r t n ɪ r
lyman	l ɪː m a n
lánasjóður	l a uː n a s j o uː ð ʏ r
lárusdóttur	l a uː r ʏ s t o u h t ʏ r
lærðum	l a i r ð ʏ m
lélegrar	l j ɛː l ɛ ɣ r a r
lífeyrissjóðir	l iː v e iː r ɪ s s j o uː ð ɪ r
lífríkis	l iː v r iː c ɪ s
lóðréttu	l o u ð r j ɛ h t ʏ
lögbundin	l œ ɣ p ʏ n t ɪ n
lögbundið	l œ ɣ p ʏ n t ɪ ð
lögbýli	l œ ɣ p iː l ɪ
lögreglustöðinni	l œ ɣ r ɛ k l ʏ s t œː ð ɪ nː ɪ
lögsækja	l œ ɣ s a iː c a
madden	m a tː ɛ n
magnaðist	m a k n a ð ɪ s t
mannamáli	m a nː a m a uː l ɪ
mannað	m a nː a ð
mannvera	m a nː v ɛː r a
mannvinur	m a nː v ɪː n ʏ r
margföld	m a r k f œ l t
margin	m a r c ɪ n
margþætt	m a r k θ a i h t
markmiðinu	m a r̥ k m ɪː ð ɪ n ʏ
markverði	m a r̥ k v ɛ r ð ɪ
markviss	m a r̥ k v ɪ sː
marín	m aː r iː n
matvöruverslunum	m aː t v œː r ʏ v ɛ r̥ s t l ʏː n ʏ m
maus	m ø yː s
mayo	m a iː j ɔ
mediterranean	m ɛː t ɪ tʰ ɛ rː a n ɛː a n
medúsu	m ɛː t uː s ʏ
meghan	m ɛː ɣ h aː n
meiningar	m e iː n i ŋ k a r
meintu	m e i n̥ t ʏ
meltingarfærum	m ɛ l̥ t i ŋ k a r f a iː r ʏ m
menningarmála	m ɛ nː i ŋ k a r m a uː l a
menningarsjóðs	m ɛ nː i ŋ k a r s j o u ð s
mera	m ɛː r a
messan	m ɛ sː a n
meðalþyngd	m ɛː ð a l θ i ŋ t
millimetrum	m ɪ t l ɪ m ɛː t r ʏ m
milner	m ɪ l n ɛ r
minningarsjóður	m ɪ nː i ŋ k a r s j o uː ð ʏ r
misferli	m ɪ s f ɛ r t l ɪ
misjafna	m ɪː s j a p n a
miðbæjar	m ɪ ð p a iː j a r
miðhálendi	m ɪː ð h a uː l ɛ n t ɪ
miðil	m ɪː ð ɪ l
miðunum	m ɪː ð ʏ n ʏ m
mjólkursamsölunnar	m j o u l̥ k ʏ r s a m s œː l ʏ nː a r
mjólkurvörur	m j o u l̥ k ʏ r v œː r ʏ r
mori	m ɔː r ɪ
mort	m ɔ r̥ t
moskur	m ɔ s k ʏ r
multi	m ʏ l̥ t ɪ
mumma	m ʏ mː a
munaðarnesi	m ʏː n a ð a r n ɛː s ɪ
muninum	m ʏː n ɪ n ʏ m
myndaðar	m ɪ n t aː ð a r
myndbrot	m ɪ n t p r ɔː t
myndlistamaður	m ɪ n t l ɪ s t a m aː ð ʏ r
myndlistarsýningu	m ɪ n t l ɪ s t a r s iː n i ŋ k ʏ
mágs	m a u k s
málaflokks	m a uː l a f l ɔ h k s
mán	m a uː n
mánuðunum	m a uː n ʏ ð ʏ n ʏ m
máttleysi	m a u h t l e iː s ɪ
mælingarnar	m a iː l i ŋ k a r t n a r
mótþróa	m o uː t θ r o uː a
móðgun	m o u ð k ʏ n
múlakvísl	m uː l a kʰ v i s t l
mútum	m uː t ʏ m
nauta	n ø yː t a
nauðsynlegu	n ø y ð s ɪ n l ɛː ɣ ʏ
nets	n ɛ h t s
netverslun	n ɛː t v ɛ r̥ s t l ʏ n
neyðir	n e iː ð ɪ r
nið	n ɪː ð
niðr	n ɪ ð r
niðurstöðunni	n ɪː ð ʏ r s t œː ð ʏ nː ɪ
norðurlandameistari	n ɔ r ð ʏ r l a n t a m e i s t a r ɪ
nunnurnar	n ʏ nː ʏ r t n a r
nutella	n ʏː tʰ ɛ t l a
náman	n a uː m a n
námsbrautar	n a u m s p r ø yː t a r
námsefnið	n a u m s ɛ p n ɪ ð
námskeiðið	n a u m s c e iː ð ɪ ð
náttúrufræðingur	n a u h t uː r ʏ f r a iː ð i ŋ k ʏ r
nægileg	n a iː j ɪ l ɛː ɣ
næstbesta	n a i s t p ɛ s t a
næstkomandi	n a i s t kʰ ɔː m a n t ɪ
nönnu	n œ nː ʏ
núllið	n u t l ɪ ð
nýbyggingar	n iː p ɪ cː i ŋ k a r
nýnema	n iː n ɛː m a
oddnýjar	ɔ tː n iː j a r
ofnum	ɔ p n ʏ m
ofsókna	ɔ v s o u h k n a
oftsinnis	ɔ f t s ɪ nː ɪ s
ofurliði	ɔː v ʏ r l ɪː ð ɪ
ol	ɔː l
opi	ɔː p ɪ
orkulindir	ɔ r̥ k ʏ l ɪ n t ɪ r
orðalagi	ɔ r ð a l aː j ɪ
paddy	pʰ a tː ɪ
panel	pʰ aː n ɛ l
panorama	pʰ aː n ɔ r aː m a
paradísar	pʰ aː r a t iː s a r
paragvæ	pʰ aː r a ɣ v a iː
peningamálum	pʰ ɛː n i ŋ k a m a uː l ʏ m
peningastefnu	pʰ ɛː n i ŋ k a s t ɛ p n ʏ
persson	pʰ ɛ r̥ s s ɔː n
pig	pʰ ɪː ɣ
pip	pʰ ɪː p
plum	pʰ l ʏː m
plánetur	pʰ l a uː n ɛː t ʏ r
popular	pʰ ɔː p ʏ l a r
postulanna	pʰ ɔ s t ʏ l a nː a
píku	pʰ iː k ʏ
pílagrímur	pʰ iː l a k r iː m ʏ r
pólsk	pʰ o u l s k
pöddur	pʰ œ tː ʏ r
quang	kʰ v a u ŋ k
rafeinda	r aː v e i n t a
raflagnir	r a v l a k n ɪ r
rafleiðni	r a v l e i ð n ɪ
rafns	r a p n s
rakleitt	r aː k l e i h t
ransom	r a n s ɔː m
raskar	r a s k a r
raw	r aː u
reikningshald	r e i h k n i ŋ k s h a l t
reilly	r e i t l ɪ
reitina	r e iː t ɪ n a
reiðina	r e iː ð ɪ n a
reiðubúin	r e iː ð ʏ p uː ɪ n
reykjavíkurflugvallar	r e iː c a v iː k ʏ r f l ʏ ɣ v a t l a r
reynisdóttir	r e iː n ɪ s t o u h t ɪ r
riding	r ɪː t i ŋ k
rifust	r ɪː v ʏ s t
rikk	r ɪ h k
risar	r ɪː s a r
ritföng	r ɪː t f ø y ŋ k
rithöfundasambands	r ɪː t h œː v ʏ n t a s a m p a n t s
ro	r ɔː
ronja	r ɔ n j a
ronny	r ɔ nː ɪ
rosalyn	r ɔː s a l ɪː n
rum	r ʏː m
russo	r ʏ sː ɔ
rykið	r ɪː c ɪ ð
ryðfrítt	r ɪ ð f r i h t
réttarstaða	r j ɛ h t a r s t aː ð a
réttlátur	r j ɛ h t l a uː t ʏ r
róli	r o uː l ɪ
rómantískum	r o uː m a n tʰ i s k ʏ m
rúllur	r u t l ʏ r
rýmum	r iː m ʏ m
safnaða	s a p n aː ð a
sagafilm	s aː ɣ a f ɪ l m
sakborninga	s aː k p ɔ r t n i ŋ k a
sale	s aː l ɛ
saltfisk	s a l̥ t f ɪ s k
samantektir	s aː m a n tʰ ɛ x t ɪ r
sambanda	s a m p a n t a
sambærilegu	s a m p a iː r ɪ l ɛː ɣ ʏ
sameignar	s aː m e i k n a r
samfloti	s a m f l ɔː t ɪ
samlíking	s a m l iː c i ŋ k
samræði	s a m r a iː ð ɪ
samsetta	s a m s ɛ h t a
samsýninga	s a m s iː n i ŋ k a
samvistir	s a m v ɪ s t ɪ r
samþætt	s a m θ a i h t
sankt	s a u ŋ̊ k t
sauðanesi	s ø yː ð a n ɛː s ɪ
scale	s k aː l ɛ
selen	s ɛː l ɛ n
seljaskóla	s ɛ l j a s k o uː l a
seltu	s ɛ l̥ t ʏ
sendiför	s ɛ n t ɪ f œː r
serrano	s ɛ rː a n ɔ
sestu	s ɛ s t ʏ
setta	s ɛ h t a
sheila	s h e iː l a
shorty	s h ɔ r̥ t ɪ
sigurbirni	s ɪː ɣ ʏ r p ɪ r t n ɪ
silk	s ɪ l̥ k
siðfræðistofnun	s ɪ ð f r a iː ð ɪ s t ɔ p n ʏ n
sjaldséð	s j a l t s j ɛː ð
sjanghæ	s j a u ŋ k h a iː
sjálfbæran	s j a u l v p a iː r a n
sjálfbærum	s j a u l v p a iː r ʏ m
sjálfvirkan	s j a u l v v ɪ r̥ k a n
sjálfvirkur	s j a u l v v ɪ r̥ k ʏ r
sjávarfangs	s j a uː v a r f a u ŋ k s
sjóminjasafnið	s j o uː m ɪ n j a s a p n ɪ ð
sjósund	s j o uː s ʏ n t
sjóðanna	s j o uː ð a nː a
sjúkraþjálfari	s j uː k r a θ j a u l v a r ɪ
sjúkraþjálfun	s j uː k r a θ j a u l v ʏ n
skaftfell	s k a f t f ɛ t l
skammarlegt	s k a mː a r l ɛ x t
skattbyrði	s k a h t p ɪ r ð ɪ
skatttekjum	s k a h t tʰ ɛː c ʏ m
skaðar	s k aː ð a r
skeggið	s c ɛ cː ɪ ð
skemmu	s c ɛ mː ʏ
skerta	s c ɛ r̥ t a
skeytum	s c e iː t ʏ m
skipast	s c ɪː p a s t
skjals	s c a l s
skjái	s c a uː ɪ
skjólstæðinga	s c o u l s t a iː ð i ŋ k a
skollið	s k ɔ t l ɪ ð
skorpulifur	s k ɔ r̥ p ʏ l ɪː v ʏ r
skorðum	s k ɔ r ð ʏ m
skoðunarferð	s k ɔː ð ʏ n a r f ɛ r ð
skreyttar	s k r e i h t a r
skreyttu	s k r e i h t ʏ
skringilega	s k r i ɲ c ɪ l ɛː ɣ a
skuldavanda	s k ʏ l t a v a n t a
skynsamir	s c ɪ n s aː m ɪ r
skífum	s c iː v ʏ m
skírnarnafn	s c i r t n a r n a p n
skógræktarfélagi	s k o uː k r a i x t a r f j ɛː l aː j ɪ
skólabekk	s k o uː l a p ɛ h k
skólunum	s k o uː l ʏ n ʏ m
skúladóttur	s k uː l a t o u h t ʏ r
skýrð	s c i r ð
slappaðu	s t l a h p a ð ʏ
slyss	s t l ɪ sː
slátt	s t l a u h t
slóða	s t l o uː ð a
slökkviliðs	s t l œ h k v ɪː l ɪ ð s
smáranum	s m a uː r a n ʏ m
smásögu	s m a uː s œː ɣ ʏ
smíðinni	s m iː ð ɪ nː ɪ
snertimark	s t n ɛ r̥ t ɪ m a r̥ k
sokkana	s ɔ h k a n a
sparisjóða	s p aː r ɪ s j o uː ð a
sparisjóðsins	s p aː r ɪ s j o u ð s ɪ n s
sparisjóðum	s p aː r ɪ s j o uː ð ʏ m
sparkað	s p a r̥ k a ð
sprengdur	s p r e i ŋ t ʏ r
spunaspil	s p ʏː n a s p ɪː l
spádóma	s p a uː t o uː m a
stanga	s t a u ŋ k a
starfshóp	s t a r v s h o uː p
starfsloka	s t a r v s t l ɔː k a
staðalmyndir	s t aː ð a l m ɪ n t ɪ r
staðalímyndir	s t aː ð a l iː m ɪ n t ɪ r
staðlaráð	s t a ð l a r a uː ð
stefnis	s t ɛ p n ɪ s
steindum	s t e i n t ʏ m
steinunum	s t e iː n ʏ n ʏ m
steyptir	s t e i f t ɪ r
stjórnarráðinu	s t j o u r t n a r r a uː ð ɪ n ʏ
stjórnarsetu	s t j o u r t n a r s ɛː t ʏ
stjórnmálaafl	s t j o u r t n m a uː l a a p l
stokka	s t ɔ h k a
stráið	s t r a uː ɪ ð
stríðslok	s t r i ð s t l ɔː k
stu	s t ʏː
stuðul	s t ʏː ð ʏ l
styrkveitingar	s t ɪ r̥ k v e iː t i ŋ k a r
stærðarinnar	s t a i r ð a r ɪ nː a r
stífum	s t iː v ʏ m
stórkostlegu	s t o u r̥ kʰ ɔ s t l ɛː ɣ ʏ
stórmenni	s t o u r m ɛ nː ɪ
stöngum	s t ø y ŋ k ʏ m
stöðuvatns	s t œː ð ʏ v a h t n s
stúkuna	s t uː k ʏ n a
sundabraut	s ʏ n t a p r ø yː t
sundrung	s ʏ n t r u ŋ k
sundrungu	s ʏ n t r u ŋ k ʏ
sunnlendinga	s ʏ nː l ɛ n t i ŋ k a
suðaustri	s ʏː ð ø y s t r ɪ
suðurlandsvegar	s ʏː ð ʏ r l a n t s v ɛː ɣ a r
svelti	s v ɛ l̥ t ɪ
svend	s v ɛ n t
sviðsstjóri	s v ɪ ð s s t j o uː r ɪ
svíður	s v iː ð ʏ r
swayze	s v e iː z ɛ
swiss	s v ɪ sː
swissair	s v ɪ sː a iː r
synjar	s ɪ n j a r
syntu	s ɪ n̥ t ʏ
sálm	s a u l m
sálræn	s a u l r a iː n
sæberg	s a iː p ɛ r k
sælar	s a iː l a r
sængur	s a i ŋ k ʏ r
sæstrengur	s a i s t r e i ŋ k ʏ r
sókratesar	s o uː k r a tʰ ɛː s a r
sólarhringum	s o uː l a r r̥ i ŋ k ʏ m
sólgleraugu	s o u l k l ɛː r ø yː ɣ ʏ
sósan	s o uː s a n
söluverð	s œː l ʏ v ɛ r ð
söndum	s œ n t ʏ m
sýnar	s iː n a r
taj	tʰ a iː
talsmanna	tʰ a l s m a nː a
talstöð	tʰ a l s t œː ð
tanja	tʰ a n j a
tanka	tʰ a u ŋ̊ k a
taum	tʰ ø yː m
teiknimyndasögu	tʰ e i h k n ɪ m ɪ n t a s œː ɣ ʏ
teknu	tʰ ɛ h k n ʏ
tengdan	tʰ e i ŋ t a n
tenglum	tʰ e i ŋ l ʏ m
tilboðum	tʰ ɪ l p ɔː ð ʏ m
tilgreindir	tʰ ɪ l k r e i n t ɪ r
tjáðu	tʰ j a uː ð ʏ
tomas	tʰ ɔː m a s
tortrygginn	tʰ ɔ r̥ t r ɪ cː ɪ n
transport	tʰ r a n s p ɔ r̥ t
trúarbragðafræði	tʰ r uː a r p r a ɣ ð a f r a iː ð ɪ
tuga	tʰ ʏː ɣ a
táar	tʰ a uː a r
táninga	tʰ a uː n i ŋ k a
tæknilegri	tʰ a i h k n ɪ l ɛ ɣ r ɪ
tæmt	tʰ a i m̥ t
tæringarþol	tʰ a iː r i ŋ k a r θ ɔː l
tímaflakk	tʰ iː m a f l a h k
tímalengd	tʰ iː m a l e i ŋ t
tímamótum	tʰ iː m a m o uː t ʏ m
tímanna	tʰ iː m a nː a
tíða	tʰ iː ð a
tíðindin	tʰ iː ð ɪ n t ɪ n
tíðindum	tʰ iː ð ɪ n t ʏ m
tólum	tʰ o uː l ʏ m
tómarúm	tʰ o uː m a r uː m
tómstunda	tʰ o u m s t ʏ n t a
tónleikahald	tʰ o u n l e iː k a h a l t
tónlistarskólans	tʰ o u n l ɪ s t a r s k o uː l a n s
tónlistarstjóri	tʰ o u n l ɪ s t a r s t j o uː r ɪ
tónmennt	tʰ o u n m ɛ n̥ t
túlkunar	tʰ u l̥ k ʏ n a r
túristi	tʰ uː r ɪ s t ɪ
týpu	tʰ iː p ʏ
umboðsmönnum	ʏ m p ɔ ð s m œ nː ʏ m
umbreytast	ʏ m p r e iː tʰ a s t
umfangsmikilli	ʏ m f a u ŋ k s m ɪː c ɪ t l ɪ
ummyndun	ʏ mː ɪ n t ʏ n
umræddum	ʏ m r a i tː ʏ m
undanúrslitin	ʏ n t a n u r̥ s t l ɪː t ɪ n
undirforingja	ʏ n t ɪ r f ɔː r i ɲ c a
unglingsárunum	u ŋ k l i ŋ k s a uː r ʏ n ʏ m
ungverjar	u ŋ k v ɛ r j a r
upphæðum	ʏ h p h a iː ð ʏ m
uppl	ʏ h p l
upplifðu	ʏ h p l ɪ v ð ʏ
upplýsingaskyldu	ʏ h p l iː s i ŋ k a s c ɪ l t ʏ
upptæka	ʏ h p tʰ a iː k a
uppvís	ʏ h p v iː s
vafasömum	v aː v a s œː m ʏ m
vail	v a iː l
vakningu	v a h k n i ŋ k ʏ
valdamenn	v a l t a m ɛ nː
valdhafar	v a l t h aː v a r
valdhöfum	v a l t h œː v ʏ m
valdníðslu	v a l t n i ð s t l ʏ
vandaðri	v a n t a ð r ɪ
varmalæk	v a r m a l a iː k
varnarkerfi	v a r t n a r cʰ ɛ r v ɪ
varðbergi	v a r ð p ɛ r c ɪ
vaði	v aː ð ɪ
vefjagigt	v ɛ v j a c ɪ x t
vefjarins	v ɛ v j a r ɪ n s
vefjast	v ɛ v j a s t
vegabréfi	v ɛː ɣ a p r j ɛː v ɪ
veggspjald	v ɛ kː s p j a l t
veigamikil	v e iː ɣ a m ɪː c ɪ l
veitingasala	v e iː t i ŋ k a s aː l a
vektor	v ɛ x t ɔ r
vent	v ɛ n̥ t
verkafólki	v ɛ r̥ k a f o u l̥ c ɪ
verkfalla	v ɛ r̥ k f a t l a
verklag	v ɛ r̥ k l aː ɣ
verkleg	v ɛ r̥ k l ɛː ɣ
verstur	v ɛ r̥ s t ʏ r
verðbreytingar	v ɛ r ð p r e iː t i ŋ k a r
verðbætur	v ɛ r ð p a iː t ʏ r
verðbólgan	v ɛ r ð p o u l k a n
vestmannaeyjabæ	v ɛ s t m a nː a e iː j a p a iː
vestrænar	v ɛ s t r a iː n a r
vestrænir	v ɛ s t r a iː n ɪ r
vetrarbrautarinnar	v ɛː t r a r p r ø yː t a r ɪ nː a r
veðjaði	v ɛ ð j a ð ɪ
veðurspá	v ɛː ð ʏ r s p a uː
vilhjálmssyni	v ɪ l ç a u l m s s ɪː n ɪ
villtar	v ɪ l̥ t a r
vingjarnlegt	v i ɲ c a r t n l ɛ x t
vinnustofa	v ɪ nː ʏ s t ɔː v a
violet	v ɪː j ɔ l ɛː t
virkasta	v ɪ r̥ k a s t a
virkjar	v ɪ r̥ c a r
virkrar	v ɪ r̥ k r a r
virus	v ɪː r ʏ s
vissri	v ɪ sː r ɪ
vitinu	v ɪː t ɪ n ʏ
viðameiri	v ɪː ð a m e iː r ɪ
viðburð	v ɪ ð p ʏ r ð
viðbyggingar	v ɪ ð p ɪ cː i ŋ k a r
viðbyggingu	v ɪ ð p ɪ cː i ŋ k ʏ
viðmiðunarreglur	v ɪ ð m ɪː ð ʏ n a r r ɛ k l ʏ r
viðureignum	v ɪː ð ʏ r e i k n ʏ m
voldugur	v ɔ l t ʏː ɣ ʏ r
vændiskonu	v a i n t ɪ s k ɔː n ʏ
vélbyssa	v j ɛ l p ɪ sː a
vélbyssu	v j ɛ l p ɪ sː ʏ
víkkað	v i h k a ð
vína	v iː n a
vísindasjóðs	v iː s ɪ n t a s j o u ð s
vísurnar	v iː s ʏ r t n a r
víðfræga	v i ð f r a iː ɣ a
víðsýnt	v i ð s i n̥ t
víðu	v iː ð ʏ
vörina	v œː r ɪ n a
vöruþróun	v œː r ʏ θ r o uː ʏ n
waco	v aː k ɔ
wah	v aː
weston	v ɛ s t ɔ n
yfirheyrður	ɪː v ɪ r h e i r ð ʏ r
yfirliti	ɪː v ɪ r l ɪː t ɪ
yoda	j ɔː t a
yr	ɪː r
yrsu	ɪ r̥ s ʏ
zulu	s ʏː l ʏ
ábendinguna	a uː p ɛ n t i ŋ k ʏː n a
ábyrgðarmaður	a uː p ɪ r k ð a r m aː ð ʏ r
ábúandi	a uː p uː a n t ɪ
áfalla	a uː f a t l a
áfengisneysla	a uː f e i ɲ c ɪ s t n e i s t l a
ágústssonar	a uː k u s t s ɔː n a r
áheit	a uː h e iː t
áheyrendum	a uː h e iː r ɛ n t ʏ m
áhrifamenn	a uː r̥ ɪː v a m ɛ nː
áhrifunum	a uː r̥ ɪː v ʏ n ʏ m
áhugafólki	a uː h ʏː ɣ a f o u l̥ c ɪ
áhugasamir	a uː h ʏː ɣ a s aː m ɪ r
áhugasvið	a uː h ʏː ɣ a s v ɪː ð
ákjósanleg	a uː cʰ o uː s a n l ɛː ɣ
ákv	a uː k v
álftaness	a u l̥ t a n ɛ sː
ánægjuna	a uː n a iː j ʏ n a
árinni	a uː r ɪ nː ɪ
árlegan	a uː r l ɛː ɣ a n
árlegi	a uː r l e iː j ɪ
árnesi	a u r t n ɛː s ɪ
árslaun	a u r̥ s t l ø yː n
ástfóstri	a u s t f o u s t r ɪ
ástrós	a uː s t r o uː s
ástunda	a uː s t ʏ n t a
átrúnað	a uː tʰ r uː n a ð
áveitu	a uː v e iː t ʏ
áætluðum	a uː a i h t l ʏː ð ʏ m
áþreifanleg	a uː θ r e iː v a n l ɛː ɣ
æfingaleik	a iː v i ŋ k a l e iː k
ærið	a iː r ɪ ð
æskileg	a i s c ɪ l ɛː ɣ
æskuheimili	a i s k ʏ h e iː m ɪ l ɪ
æskulýðs	a i s k ʏ l i ð s
æðruleysi	a i ð r ʏ l e iː s ɪ
íhlutir	iː l̥ ʏː t ɪ r
íhlutum	iː l̥ ʏː t ʏ m
ímyndaði	iː m ɪ n t aː ð ɪ
ímyndum	iː m ɪ n t ʏ m
ímynduðum	iː m ɪ n t ʏː ð ʏ m
ísabella	iː s a p ɛ t l a
ístak	iː s t aː k
ítr	iː t r
íþróttamiðstöð	iː θ r o u h t a m ɪ ð s t œː ð
óbeinar	o uː p e iː n a r
ódýra	o uː t iː r a
ódýrasta	o uː t iː r a s t a
ófærir	o uː f a iː r ɪ r
ógert	o uː c ɛ r̥ t
ógurlega	o uː ʏ r l ɛː ɣ a
ógæfa	o uː c a iː v a
óreglulegar	o uː r ɛ k l ʏ l ɛː ɣ a r
óstöðugleiki	o uː s t œː ð ʏ k l e iː c ɪ
óvenjulegum	o uː v ɛ n j ʏ l ɛː ɣ ʏ m
óverulega	o uː v ɛː r ʏ l ɛː ɣ a
óvissan	o uː v ɪ sː a n
óvíða	o uː v iː ð a
óþægileg	o uː θ a iː j ɪ l ɛː ɣ
óþægilegar	o uː θ a iː j ɪ l ɛː ɣ a r
öftustu	œ f t ʏ s t ʏ
öldungadeildinni	œ l t u ŋ k a t e i l t ɪ nː ɪ
öldungaráð	œ l t u ŋ k a r a uː ð
ölgerðinni	œ l c ɛ r ð ɪ nː ɪ
ölvaður	œ l v aː ð ʏ r
örbirgð	œ r p ɪ r ɣ ð
örðugt	œ r ð ʏ x t
ösnum	œ s t n ʏ m
öxin	œ k s ɪ n
úlfljótsvatn	u l v l j o uː t s v a h t n
úreltar	uː r ɛ l̥ t a r
útbúnar	uː t p uː n a r
útferð	uː t f ɛ r ð
útfærslan	uː t f a i r̥ s t l a n
útganga	uː t k a u ŋ k a
útgerðarmanna	uː t c ɛ r ð a r m a nː a
úthýst	uː t h i s t
útilokun	uː t ɪ l ɔː k ʏ n
útkljá	uː t kʰ l j a uː
útleigu	uː t l e iː ɣ ʏ
útlendingastofnun	uː t l ɛ n t i ŋ k a s t ɔ p n ʏ n
útlánum	uː t l a uː n ʏ m
útskriftina	uː t s k r ɪ f t ɪ n a
útskúfun	uː t s k uː v ʏ n
útvarpsmaður	uː t v a r̥ p s m aː ð ʏ r
útvarpsþættinum	uː t v a r̥ p s θ a i h t ɪ n ʏ m
útveggir	uː t v ɛ cː ɪ r
útvortis	uː t v ɔ r̥ t ɪ s
þekju	θ ɛː c ʏ
þekktri	θ ɛ h k t r ɪ
þjálfaranum	θ j a u l v a r aː n ʏ m
þjálfaður	θ j a u l v aː ð ʏ r
þjáning	θ j a uː n i ŋ k
þjónustufólk	θ j o uː n ʏ s t ʏ f o u l̥ k
þjónustusamning	θ j o uː n ʏ s t ʏ s a m n i ŋ k
þjóðarsátt	θ j o uː ð a r s a u h t
þjóðskrár	θ j o u ð s k r a uː r
þolmörk	θ ɔ l m œ r̥ k
þormóð	θ ɔ r m o uː ð
þrautar	θ r ø yː t a r
þriðjudögum	θ r ɪ ð j ʏ t œː ɣ ʏ m
þróunaraðstoð	θ r o uː ʏ n a r a ð s t ɔː ð
þróunarstarf	θ r o uː ʏ n a r s t a r v
þurra	θ ʏ rː a
þurrkaði	θ ʏ r̥ k aː ð ɪ
þvínæst	θ v iː n a i s t
þykknar	θ ɪ h k n a r
þyrnirós	θ ɪ r t n ɪ r o uː s
þægileg	θ a iː j ɪ l ɛː ɣ
þæginda	θ a iː j ɪ n t a
þéttingu	θ j ɛ h t i ŋ k ʏ
не	n ɛː
afkvæmin	a v kʰ v a iː m ɪ n
afráðið	a v r a uː ð ɪ ð
alsace	a l s a s ɛː
andrési	a n t r j ɛː s ɪ
andstæðingnum	a n t s t a iː ð i ŋ k n ʏ m
arnarfjarðar	a r t n a r f j a r ð a r
arnljótur	a r t n l j o uː t ʏ r
atburðanna	aː t p ʏ r ð a nː a
athafnar	aː t h a p n a r
augabrúnirnar	ø yː ɣ a p r uː n ɪ r t n a r
auða	ø yː ð a
bassaleikarinn	p a sː a l e iː k a r ɪ nː
binst	p ɪ n s t
biskupsins	p ɪ s k ʏ p s ɪ n s
bjarnarfirði	p j a r t n a r f ɪ r ð ɪ
brynjólfi	p r ɪ n j o u l v ɪ
brúará	p r uː a r a uː
brúnar	p r uː n a r
bólivíu	p o uː l ɪ v iː j ʏ
búsvæðum	p uː s v a iː ð ʏ m
dow	t ɔ uː
drykknum	t r ɪ h k n ʏ m
dynjandisheiði	t ɪ n j a n t ɪ s h e iː ð ɪ
efnasamböndum	ɛ p n a s a m p œ n t ʏ m
eftirköst	ɛ f t ɪ r kʰ œ s t
eignunum	e i k n ʏ n ʏ m
einbeiti	e i n p e iː t ɪ
einbeitum	e i n p e iː t ʏ m
einskærri	e i n s c a i rː ɪ
eldfjöllum	ɛ l t f j œ t l ʏ m
eldingum	ɛ l t i ŋ k ʏ m
elliðavatni	ɛ t l ɪː ð a v a h t n ɪ
evrópskrar	ɛ v r o u p s k r aː r
fjarlægði	f j a r l a i ɣ ð ɪ
fjarlægðu	f j a r l a i ɣ ð ʏ
flakkar	f l a h k a r
fluguna	f l ʏː ɣ ʏ n a
framkvæmum	f r a m kʰ v a iː m ʏ m
frosna	f r ɔ s t n a
frosnar	f r ɔ s t n a r
furðulegar	f ʏ r ð ʏ l ɛː ɣ a r
fífli	f i p l ɪ
fótboltamaður	f o uː t p ɔ l̥ t a m aː ð ʏ r
gagnkvæman	k a k n kʰ v a iː m a n
gagnslaust	k a k n s t l ø y s t
gatnamótin	k a h t n a m o uː t ɪ n
geldur	c ɛ l t ʏ r
gender	c ɛ n t ɛ r
girnileg	c ɪ r t n ɪ l ɛː ɣ
gissurar	c ɪ sː ʏ r a r
gjósku	c o u s k ʏ
glært	k l a i r̥ t
glímum	k l iː m ʏ m
goðum	k ɔː ð ʏ m
grafísk	k r aː v i s k
grandagarði	k r a n t a k a r ð ɪ
hallgerði	h a t l c ɛ r ð ɪ
handleggjum	h a n t l ɛ cː ʏ m
heimspekinginn	h e i m s p ɛː c i ɲ c ɪ n
hendum	h ɛ n t ʏ m
herferðir	h ɛ r v ɛ r ð ɪ r
hernámi	h ɛ r t n a uː m ɪ
hidden	h ɪ tː ɛ n
hjónabandsins	ç o uː n a p a n t s ɪ n s
hljóðfæraleikurum	l̥ j o u ð f a iː r a l e iː k ʏ r ʏ m
hlustenda	l̥ ʏ s t ɛ n t a
hofsjökli	h ɔ v s j œ h k l ɪ
hryggir	r̥ ɪ cː ɪ r
hugbúnaðarins	h ʏ ɣ p uː n a ð a r ɪ n s
hugnaðist	h ʏ k n a ð ɪ s t
hvolparnir	kʰ v ɔ l̥ p a r t n ɪ r
hópast	h o uː pʰ a s t
höfuðstöðva	h œː v ʏ ð s t œ ð v a
höfðaströnd	h œ v ð a s t r œ n t
höggmyndir	h œ kː m ɪ n t ɪ r
ib	ɪː p
ingimundar	i ɲ c ɪ m ʏ n t a r
jam	j aː m
kampavíni	kʰ a m̥ p a v iː n ɪ
kanínum	kʰ aː n iː n ʏ m
kaupstað	kʰ ø y p s t aː ð
keilur	cʰ e iː l ʏ r
keppnisgreinar	cʰ ɛ h p n ɪ s k r e iː n a r
kirkjulegu	cʰ ɪ r̥ c ʏ l ɛː ɣ ʏ
kolka	kʰ ɔ l̥ k a
kvikmyndahátíðin	kʰ v ɪː k m ɪ n t a h a uː tʰ iː ð ɪ n
kvödd	kʰ v œ tː
káli	kʰ a uː l ɪ
kínverskri	cʰ i n v ɛ r̥ s k r ɪ
learn	l ɛ a r t ⁽ʰ ⁾ n
leiftri	l e i f t r ɪ
leikjanna	l e iː c a nː a
leikmannsins	l e iː k m a nː s ɪ n s
leiðbeindi	l e i ð p e i n t ɪ
lestarstöð	l ɛ s t a r s t œː ð
lille	l ɪ t l ɛ
ljúfir	l j uː v ɪ r
loðið	l ɔː ð ɪ ð
lækningatæki	l a i h k n i ŋ k a tʰ a iː c ɪ
lífshættir	l i v s h a i h t ɪ r
lútersku	l uː tʰ ɛ r̥ s k ʏ
lúthersku	l uː t h ɛ r̥ s k ʏ
mannfjöldanum	m a nː f j œ l t a n ʏ m
marteinsdóttir	m a r̥ t e i n s t o u h t ɪ r
martraðir	m a r̥ t r aː ð ɪ r
matvælafræði	m aː t v a iː l a f r a iː ð ɪ
menningarsetur	m ɛ nː i ŋ k a r s ɛː t ʏ r
menntamanna	m ɛ n̥ t a m a nː a
metorða	m ɛː tʰ ɔ r ð a
mid	m ɪː t
mislingum	m ɪ s t l i ŋ k ʏ m
mu	m ʏː
murakami	m ʏː r a kʰ aː m ɪ
myllu	m ɪ t l ʏ
myndarlegum	m ɪ n t a r l ɛː ɣ ʏ m
móðurætt	m o uː ð ʏ r a i h t
nafnlausa	n a p n l ø yː s a
nasismans	n aː s ɪ s m a n s
nesjum	n ɛː s j ʏ m
nha	n̥ aː
norte	n ɔ r̥ t ɛ
norðanverðri	n ɔ r ð a n v ɛ r ð r ɪ
norðurlandaráð	n ɔ r ð ʏ r l a n t a r a uː ð
notir	n ɔː t ɪ r
nágrannarnir	n a uː k r a nː a r t n ɪ r
náttúruperla	n a u h t uː r ʏ pʰ ɛ r t l a
nýlendur	n iː l ɛ n t ʏ r
olíuleit	ɔː l i j ʏ l e iː t
persónunni	pʰ ɛ r̥ s o uː n ʏ nː ɪ
ponte	pʰ ɔ n̥ t ɛ
prédikaði	pʰ r j ɛː t ɪ kʰ aː ð ɪ
randver	r a n t v ɛː r
ras	r aː s
rawls	r a u l s
reynslulausn	r e i n s t l ʏ l ø y s t n
rándýrum	r a u n t iː r ʏ m
ræsi	r a iː s ɪ
samfelldum	s a m f ɛ l t ʏ m
samviskunni	s a m v ɪ s k ʏ nː ɪ
sannfærði	s a nː f a i r ð ɪ
serba	s ɛ r p a
sextándu	s ɛ k s t a u n t ʏ
seyðisfjörður	s e iː ð ɪ s f j œ r ð ʏ r
sjálfsvíga	s j a u l v s v iː ɣ a
sjómannafélag	s j o uː m a nː a f j ɛː l aː ɣ
skilríkin	s c ɪ l r iː c ɪ n
skipuleggjum	s c ɪː p ʏ l ɛ cː ʏ m
skrautleg	s k r ø yː t l ɛː ɣ
skáldi	s k a u l t ɪ
skúffunni	s k u fː ʏ nː ɪ
sléttan	s t l j ɛ h t a n
slökum	s t l œː k ʏ m
smið	s m ɪː ð
snúningum	s t n uː n i ŋ k ʏ m
sorgmædd	s ɔ r k m a i tː
spilafíkn	s p ɪː l a f i h k n
sprækur	s p r a iː k ʏ r
stjórnmálasögu	s t j o u r t n m a uː l a s œː ɣ ʏ
svipaðra	s v ɪː p a ð r a
syrgir	s ɪ r c ɪ r
sáðlát	s a u ð l a uː t
sérkennilegu	s j ɛ r̥ cʰ ɛ nː ɪ l ɛː ɣ ʏ
séður	s j ɛː ð ʏ r
söfnunum	s œ p n ʏ n ʏ m
søren	s œː r ɛ n
sýrður	s i r ð ʏ r
tanga	tʰ a u ŋ k a
teið	tʰ e iː ð
tell	tʰ ɛ t l
tindum	tʰ ɪ n t ʏ m
tjarnarinnar	tʰ j a r t n a r ɪ nː a r
trjátegundir	tʰ r j a uː tʰ ɛː ɣ ʏ n t ɪ r
tunnurnar	tʰ ʏ nː ʏ r t n a r
tógó	tʰ o uː k o uː
tónverka	tʰ o u n v ɛ r̥ k a
umdeildum	ʏ m t e i l t ʏ m
umss	ʏ m sː
undursamlega	ʏ n t ʏ r s a m l ɛː ɣ a
universe	ʏː n ɪ v ɛ r̥ s ɛ
unnust	ʏ nː ʏ s t
valddreifingu	v a l t t r e iː v i ŋ k ʏ
verinu	v ɛː r ɪ n ʏ
vermundur	v ɛ r m ʏ n t ʏ r
vesturveldin	v ɛ s t ʏ r v ɛ l t ɪ n
vinsælast	v ɪ n s a iː l a s t
vitlausum	v ɪː t l ø yː s ʏ m
vocal	v ɔː k aː l
vondi	v ɔ n t ɪ
yfirvalds	ɪː v ɪ r v a l t s
yves	ɪː v ɛː s
áreitið	a uː r e iː t ɪ ð
ársrit	a u r̥ s r ɪː t
áttræður	a u h t r a iː ð ʏ r
æji	a iː j ɪ
íþróttafréttamaður	iː θ r o u h t a f r j ɛ h t a m aː ð ʏ r
óhugnanlega	o uː h ʏ k n a n l ɛː ɣ a
ókunnur	o uː k ʏ nː ʏ r
óvinarins	o uː v ɪː n a r ɪ n s
öldutúnsskóla	œ l t ʏ tʰ u n s s k o uː l a
örnólfur	œ r t n o u l v ʏ r
útgangur	uː t k a u ŋ k ʏ r
útistöðum	uː t ɪ s t œː ð ʏ m
þarmeð	θ a r m ɛː ð
þingstörfum	θ i ŋ k s t œ r v ʏ m
þoldu	θ ɔ l t ʏ
þorvaldseyri	θ ɔ r v a l t s e iː r ɪ
þreps	θ r ɛ p s
þunglyndur	θ u ŋ k l ɪ n t ʏ r
þæfa	θ a iː v a
aftasta	a f t a s t a
akademíu	aː k a t ɛː m iː j ʏ
allmikill	a t l m ɪː c ɪ t l
alþjóðamálum	a l θ j o uː ð a m a uː l ʏ m
andardrátt	a n t a r t r a u h t
anja	a n j a
aus	ø yː s
auðnum	ø y ð n ʏ m
auðuns	ø yː ð ʏ n s
bandaríkja	p a n t a r iː c a
bee	p ɛː
bernskunnar	p ɛ r t n s k ʏ nː a r
bjarnarhöfn	p j a r t n a r h œ p n
blossa	p l ɔ sː a
brostu	p r ɔ s t ʏ
brunar	p r ʏː n a r
cæsar	s a iː s a r
dómskerfinu	t o u m s c ɛ r v ɪː n ʏ
dúkkuna	t u h k ʏ n a
dýrategunda	t iː r a tʰ ɛː ɣ ʏ n t a
efnasambanda	ɛ p n a s a m p a n t a
einangruðum	e iː n a u ŋ k r ʏː ð ʏ m
einkenndu	e i n cʰ ɛ n t ʏ
einstætt	e i n s t a i h t
eiðs	e i ð s
endurgjalda	ɛ n t ʏ r c a l t a
endurvakin	ɛ n t ʏ r v aː c ɪ n
evrópulönd	ɛ v r o uː p ʏ l œ n t
farfugla	f a r f ʏ k l a
fastagestur	f a s t a c ɛ s t ʏ r
ferðabók	f ɛ r ð a p o uː k
fjarlægri	f j a r l a i ɣ r ɪ
fjólublá	f j o uː l ʏ p l a uː
fletinum	f l ɛː t ɪ n ʏ m
flettu	f l ɛ h t ʏ
flutningnum	f l ʏ h t n i ŋ k n ʏ m
fléttum	f l j ɛ h t ʏ m
forsetaframboð	f ɔ r̥ s ɛː t a f r a m p ɔː ð
framboðinu	f r a m p ɔː ð ɪ n ʏ
framkvæmdur	f r a m kʰ v a i m t ʏ r
framleiðslugeta	f r a m l e i ð s t l ʏ c ɛː t a
fréttaefni	f r j ɛ h t a ɛ p n ɪ
fullnæging	f ʏ t l n a iː j i ŋ k
fíflum	f i p l ʏ m
ge	c ɛː
gerðirnar	c ɛ r ð ɪ r t n a r
gilli	c ɪ t l ɪ
gleymdum	k l e i m t ʏ m
grunsamlegt	k r ʏ n s a m l ɛ x t
grískra	k r i s k r a
grønland	k r œ n l a n t
guðfinnu	k v ʏ ð f ɪ nː ʏ
guðnasonar	k v ʏ ð n a s ɔː n a r
hefðbundum	h ɛ v ð p ʏ n t ʏ m
heimkynna	h e i m cʰ ɪ nː a
heimsvaldastefnu	h e i m s v a l t a s t ɛ p n ʏ
heiðveig	h e i ð v e iː ɣ
hitamet	h ɪː t a m ɛː t
hole	h ɔː l ɛ
hornafjörð	h ɔ r t n a f j œ r ð
hryðjuverkin	r̥ ɪ ð j ʏ v ɛ r̥ c ɪ n
hráa	r̥ a uː a
hundraðshluta	h ʏ n t r a ð s l̥ ʏː t a
hus	h ʏː s
hvalfjarðar	kʰ v a l v j a r ð a r
jónsmessu	j o u n s m ɛ sː ʏ
jörundar	j œː r ʏ n t a r
karabíska	kʰ aː r a p i s k a
kaþólsk	kʰ aː θ o u l s k
kemstu	cʰ ɛ m s t ʏ
kerrunni	cʰ ɛ rː ʏ nː ɪ
klæðaburð	kʰ l a iː ð a p ʏ r ð
knattspyrnunni	kʰ n a h t s p ɪ r t n ʏ nː ɪ
kortlagt	kʰ ɔ r̥ t l a x t
króki	kʰ r o uː c ɪ
kærastann	cʰ a iː r a s t a nː
lagalegt	l aː ɣ a l ɛ x t
lalla	l a t l a
landnámabók	l a n t n a uː m a p o uː k
lenu	l ɛː n ʏ
libor	l ɪː p ɔ r
ljósgjafa	l j o uː s c aː v a
luf	l ʏː v
læstar	l a i s t a r
líkunum	l iː k ʏ n ʏ m
lögreglumennirnir	l œ ɣ r ɛ k l ʏ m ɛ nː ɪ r t n ɪ r
malo	m aː l ɔ
markarfljót	m a r̥ k a r f l j o uː t
meiddir	m e i tː ɪ r
metani	m ɛː tʰ aː n ɪ
meða	m ɛː ð a
millistétt	m ɪ t l ɪ s t j ɛ h t
minjasafnið	m ɪ n j a s a p n ɪ ð
monti	m ɔ n̥ t ɪ
mótmælaskyni	m o uː t m a iː l a s c ɪː n ɪ
múrsins	m u r̥ s ɪ n s
norskan	n ɔ r̥ s k a n
náttúrufyrirbæri	n a u h t uː r ʏ f ɪː r ɪ r p a iː r ɪ
nótu	n o uː t ʏ
núningi	n uː n i ɲ c ɪ
past	pʰ a s t
pilsner	pʰ ɪ l s t n ɛː r
pjetur	pʰ j ɛː t ʏ r
prentaðir	pʰ r ɛ n̥ t aː ð ɪ r
puebla	pʰ ʏ ɛ p l a
pósts	pʰ o u s t s
reykhólasveit	r e iː k h o uː l a s v e iː t
ritin	r ɪː t ɪ n
ruglaður	r ʏ k l aː ð ʏ r
ryður	r ɪː ð ʏ r
ráðunautur	r a uː ð ʏ n ø yː t ʏ r
sambandsþing	s a m p a n t s θ i ŋ k
samgöngukerfi	s a m k ø y ŋ k ʏ cʰ ɛ r v ɪ
samhljóma	s a m l̥ j o uː m a
samhygð	s a m h ɪ ɣ ð
sei	s e iː
seigju	s e iː j ʏ
sjávarstöðu	s j a uː v a r s t œː ð ʏ
skelfilegur	s c ɛ l v ɪ l ɛː ɣ ʏ r
skiljir	s c ɪ l j ɪ r
skilningarvit	s c ɪ l n i ŋ k a r v ɪː t
skrifræði	s k r ɪː v r a iː ð ɪ
skífan	s c iː v a n
skírari	s c iː r a r ɪ
slakaðu	s t l aː k a ð ʏ
stefano	s t ɛː v a n ɔ
steind	s t e i n t
stillum	s t ɪ t l ʏ m
stjörnuskoðun	s t j œ r t n ʏ s k ɔː ð ʏ n
stáls	s t a u l s
stöllum	s t œ t l ʏ m
summit	s ʏ mː ɪː t
sveitakeppni	s v e iː t a cʰ ɛ h p n ɪ
sviðin	s v ɪː ð ɪ n
sérhæfður	s j ɛː r h a i v ð ʏ r
söngstjóri	s ø y ŋ k s t j o uː r ɪ
súru	s uː r ʏ
toppaði	tʰ ɔ h p a ð ɪ
tékk	tʰ j ɛ h k
tölvunarfræðingur	tʰ œ l v ʏ n a r f r a iː ð i ŋ k ʏ r
týndust	tʰ i n t ʏ s t
umferða	ʏ m f ɛ r ð a
upplýsingarinnar	ʏ h p l iː s i ŋ k a r ɪ nː a r
uppstreymi	ʏ h p s t r e iː m ɪ
utanlandsferðir	ʏː t a n l a n t s f ɛ r ð ɪ r
valsmanna	v a l s m a nː a
vatnasvið	v a h t n a s v ɪː ð
veikra	v e iː k r a
verkalýðshreyfingar	v ɛ r̥ k a l i ð s r̥ e iː v i ŋ k a r
verndi	v ɛ r n t ɪ
vga	v k aː
vinfengi	v ɪ n f e i ɲ c ɪ
vorarlberg	v ɔː r a r t l p ɛ r k
welding	v ɛ l t i ŋ k
yfirráða	ɪː v ɪ r r a uː ð a
áhrifamikla	a uː r̥ ɪː v a m ɪ h k l a
ólöglegan	o uː l œ ɣ l ɛː ɣ a n
öndunar	œ n t ʏ n a r
þingsætum	θ i ŋ k s a iː t ʏ m
þjóðsönginn	θ j o u ð s ø y ɲ c ɪ n
þjóðþingsins	θ j o u ð θ i ŋ k s ɪ n s
adolfs	aː t ɔ l f s
afkvæma	a v kʰ v a iː m a
aftursætinu	a f t ʏ r s a iː t ɪ n ʏ
almannatengslum	a l m a nː a tʰ e i ŋ k s t l ʏ m
amerískan	aː m ɛː r i s k aː n
andskotanum	a n t s k ɔː t a n ʏ m
atkinson	aː t cʰ ɪ n s ɔː n
bauga	p ø yː ɣ a
billjónir	p ɪ l j o uː n ɪ r
birkið	p ɪ r̥ c ɪ ð
björgin	p j œ r c ɪ n
blandaðir	p l a n t aː ð ɪ r
blautar	p l ø yː t a r
blaðamanninum	p l aː ð a m a nː ɪ n ʏ m
blikkar	p l ɪ h k a r
blóðugum	p l o uː ð ʏː ɣ ʏ m
boranir	p ɔː r a n ɪ r
breytilegu	p r e iː t ɪ l ɛː ɣ ʏ
brodda	p r ɔ tː a
byrjuninni	p ɪ r j ʏ n ɪ nː ɪ
cars	kʰ a r̥ s
catch	kʰ a h t x
diðrik	t ɪ ð r ɪː k
djúpavogs	t j uː p a v ɔ k s
dásamlegan	t a uː s a m l ɛː ɣ a n
een	ɛː n
efnainnihald	ɛ p n a i nː ɪ h a l t
ego	ɛː ɣ ɔ
eiginmannsins	e iː j ɪ n m a nː s ɪ n s
einleikur	e i n l e iː k ʏ r
elskur	ɛ l s k ʏ r
ensímum	ɛ n s iː m ʏ m
eystrasalt	e i s t r a s a l̥ t
falsað	f a l s aː ð
farangrinum	f aː r a u ŋ k r ɪː n ʏ m
fear	f ɛː r
feitari	f e iː t a r ɪ
filippseyjar	f ɪː l ɪ h p s e iː j a r
foringinn	f ɔː r i ɲ c ɪ n
forneskju	f ɔ r t n ɛ s c ʏ
forsetaembættisins	f ɔ r̥ s ɛː t a ɛ m p a i h t ɪ s ɪ n s
framkvæmdasjóður	f r a m kʰ v a i m t a s j o uː ð ʏ r
frosnu	f r ɔ s t n ʏ
frumherji	f r ʏ m h ɛ r j ɪ
frystihús	f r ɪ s t ɪ h uː s
fuglsins	f ʏ k l s ɪ n s
fyrirgef	f ɪː r ɪ r c ɛː v
fyrirrennari	f ɪː r ɪ r r ɛ nː a r ɪ
fávitar	f a uː v ɪː t a r
fólksflutningar	f o u l̥ k s f l ʏ h t n i ŋ k a r
gangstéttinni	k a u ŋ k s t j ɛ h t ɪ nː ɪ
gast	k a s t
gervigreindar	c ɛ r v ɪ k r e i n t a r
geymsluna	c e i m s t l ʏː n a
gleypti	k l e i f t ɪ
grundar	k r ʏ n t a r
gullit	k ʏ t l ɪː t
götuhorni	k œː t ʏ h ɔ r t n ɪ
hamingjunni	h aː m i ɲ c ʏ nː ɪ
heillengi	h e i t l e i ɲ c ɪ
heimslistanum	h e i m s t l ɪ s t aː n ʏ m
hemm	h ɛ mː
heroes	h ɛː r ɔ ɛː s
himnesk	h ɪ m n ɛ s k
hljómum	l̥ j o uː m ʏ m
hljóðinu	l̥ j o uː ð ɪ n ʏ
hlóðu	l̥ o uː ð ʏ
hnekkja	n̥ ɛ h c a
hnignandi	n̥ ɪ k n a n t ɪ
holtavörðuheiði	h ɔ l̥ t a v œ r ð ʏ h e iː ð ɪ
horses	h ɔ r̥ s ɛː s
hrafnista	r̥ a p n ɪ s t a
hreiðrinu	r̥ e i ð r ɪː n ʏ
hræddar	r̥ a i tː a r
hrærir	r̥ a iː r ɪ r
hugleiddi	h ʏ ɣ l e i tː ɪ
hugvekja	h ʏ ɣ v ɛː c a
hugverka	h ʏ ɣ v ɛ r̥ k a
hæfileikana	h a iː v ɪ l e iː k aː n a
höfðingjarnir	h œ v ð i ɲ c a r t n ɪ r
högnason	h œ k n a s ɔː n
innlima	ɪ nː l ɪː m a
innrásinni	ɪ nː r a uː s ɪ nː ɪ
innsti	ɪ n s t ɪ
jarðanna	j a r ð a nː a
jarðefni	j a r ð ɛ p n ɪ
jebb	j ɛ pː
jibbí	j ɪ pː i
keldur	cʰ ɛ l t ʏ r
kennslubókum	cʰ ɛ n s t l ʏ p o uː k ʏ m
kjánaleg	cʰ a uː n a l ɛː ɣ
kjötsúpa	cʰ œː t s uː p a
klofning	kʰ l ɔ p n i ŋ k
knattspyrnulið	kʰ n a h t s p ɪ r t n ʏ l ɪː ð
knattspyrnusambandið	kʰ n a h t s p ɪ r t n ʏ s a m p a n t ɪ ð
knud	kʰ n ʏː t
krananum	kʰ r aː n a n ʏ m
kristniboð	kʰ r ɪ s t n ɪ p ɔː ð
krossum	kʰ r ɔ sː ʏ m
kveikjum	kʰ v e iː c ʏ m
kven	kʰ v ɛː n
kvik	kʰ v ɪː k
kvölda	kʰ v œ l t a
kóngar	kʰ o u ŋ k a r
kúamjólk	kʰ uː a m j o u l̥ k
landbúnaðarstofnun	l a n t p uː n a ð a r s t ɔ p n ʏ n
landins	l a n t ɪ n s
landrými	l a n t r iː m ɪ
langdvölum	l a u ŋ t v œː l ʏ m
laugalækjarskóla	l ø yː ɣ a l a iː c a r s k o uː l a
leigubílar	l e iː ɣ ʏ p iː l a r
leiðangra	l e iː ð a u ŋ k r a
láréttum	l a uː r j ɛ h t ʏ m
lífstíðar	l i v s t iː ð a r
lúðvíks	l u ð v i k s
lýsigögn	l iː s ɪ k œ k n
mannfólki	m a nː f o u l̥ c ɪ
meitt	m e i h t
meðhöfundur	m ɛː ð h œː v ʏ n t ʏ r
meðstjórnanda	m ɛ ð s t j o u r t n a n t a
millilandaflug	m ɪ t l ɪ l a n t a f l ʏː ɣ
mjöð	m j œː ð
molar	m ɔː l a r
moldu	m ɔ l t ʏ
mykinesi	m ɪː c ɪ n ɛː s ɪ
máltæki	m a u l tʰ a iː c ɪ
mótaður	m o uː t aː ð ʏ r
neta	n ɛː t a
novosibirsk	n ɔː v ɔː s ɪ p ɪ r̥ s k
náttúruvísinda	n a u h t uː r ʏ v iː s ɪ n t a
nórr	n o u rː
ota	ɔː t a
palestínumönnum	pʰ aː l ɛ s t iː n ʏ m œ nː ʏ m
palmas	pʰ a l m aː s
paz	pʰ aː s
prump	pʰ r ʏ m̥ p
res	r ɛː s
reykjavíkurkjördæmis	r e iː c a v iː k ʏ r cʰ œ r t a iː m ɪ s
ritmáli	r ɪː t m a uː l ɪ
rom	r ɔː m
rákir	r a uː c ɪ r
samræðurnar	s a m r a iː ð ʏ r t n a r
sarpsborg	s a r̥ p s p ɔ r k
seine	s e iː n ɛ
siðmenningar	s ɪ ð m ɛ nː i ŋ k a r
skagans	s k aː ɣ a n s
skotinu	s k ɔː t ɪ n ʏ
skriðum	s k r ɪː ð ʏ m
skráum	s k r a uː ʏ m
skrúð	s k r uː ð
skynjarar	s c ɪ n j a r a r
skólavörðuholti	s k o uː l a v œ r ð ʏ h ɔ l̥ t ɪ
skýja	s c iː j a
slegnar	s t l ɛ k n a r
smádýr	s m a uː t iː r
solar	s ɔː l a r
spilltu	s p ɪ l̥ t ʏ
spurninganna	s p ʏ r t n i ŋ k a nː a
stafs	s t a f s
staðarsveit	s t aː ð a r s v e iː t
staðgengil	s t a ð c e i ɲ c ɪ l
steyptist	s t e i f t ɪ s t
stjörnusjónauka	s t j œ r t n ʏ s j o uː n ø yː k a
stokkseyrar	s t ɔ h k s e iː r a r
straumhvörf	s t r ø y m kʰ v œ r v
strengurinn	s t r e i ŋ k ʏ r ɪ nː
stríðsátaka	s t r i ð s a uː tʰ aː k a
stríðsátökum	s t r i ð s a uː tʰ œː k ʏ m
styddi	s t ɪ tː ɪ
subaru	s ʏː p aː r ʏ
svartá	s v a r̥ t a uː
syrpa	s ɪ r̥ p a
sálarlífi	s a uː l a r l iː v ɪ
sæmundi	s a iː m ʏ n t ɪ
sérverkefni	s j ɛ r v ɛ r̥ cʰ ɛ p n ɪ
símonardóttir	s iː m ɔː n a r t o u h t ɪ r
sólarhringur	s o uː l a r r̥ i ŋ k ʏ r
sömdum	s œ m t ʏ m
tartu	tʰ a r̥ t ʏ
tjörvi	tʰ j œ r v ɪ
tröllin	tʰ r œ t l ɪ n
trúarlegri	tʰ r uː a r l ɛ ɣ r ɪ
ufo	ʏː v ɔ
umstang	ʏ m s t a u ŋ k
uppfullur	ʏ h p f ʏ t l ʏ r
uppnefni	ʏ h p n ɛ p n ɪ
utanáliggjandi	ʏː t a n a uː l ɪ cː a n t ɪ
uxa	ʏ x s a
valdakerfi	v a l t a cʰ ɛ r v ɪ
valskonur	v a l s k ɔː n ʏ r
varaborgarfulltrúi	v aː r a p ɔ r k a r f ʏ t l̥ t r uː ɪ
vatnsafli	v a h t n s a p l ɪ
vatnsglas	v a h t n s k l aː s
vaðlaheiðargöng	v a ð l a h e iː ð a r k ø y ŋ k
veraldlegar	v ɛː r a l t l ɛː ɣ a r
verðlaus	v ɛ r ð l ø yː s
veðjað	v ɛ ð j a ð
vináttuleik	v ɪː n a u h t ʏ l e iː k
vígamenn	v iː ɣ a m ɛ nː
vöknum	v œ h k n ʏ m
words	v ɔ r t s
yfirhafnir	ɪː v ɪ r h a p n ɪ r
yfirvaldið	ɪː v ɪ r v a l t ɪ ð
yrðir	ɪ r ð ɪ r
ys	ɪː s
ábreiðu	a uː p r e iː ð ʏ
áeggjan	a uː ɛ cː a n
áhyggjufullur	a uː h ɪ cː ʏ f ʏ t l ʏ r
áreitt	a uː r e i h t
æptu	a i f t ʏ
óformlegar	o uː v ɔ r m l ɛː ɣ a r
óðin	o uː ð ɪ n
öfugum	œː v ʏː ɣ ʏ m
ölfusár	œ l v ʏ s a uː r
öræfi	œː r a iː v ɪ
úrgangsefni	u r k a u ŋ k s ɛ p n ɪ
úthellt	uː t h ɛ l̥ t
útidyrnar	uː t ɪ t ɪ r t n a r
þekkingarfræði	θ ɛ h c i ŋ k a r f r a iː ð ɪ
þjóðarleiðtoga	θ j o uː ð a r l e i ð tʰ ɔː ɣ a
þjóðfélög	θ j o u ð f j ɛː l œː ɣ
þjóðlegu	θ j o u ð l ɛː ɣ ʏ
þorvaldssonar	θ ɔ r v a l t s s ɔː n a r
þríhyrningar	θ r iː h ɪ r t n i ŋ k a r
þríleiknum	θ r iː l e i h k n ʏ m
þverpólitísk	θ v ɛ r̥ p o uː l ɪ tʰ i s k
adriana	a t r ɪ aː n a
afganga	a v k a u ŋ k a
afneitar	a p n e iː t a r
agatha	aː ɣ a t h a
albrecht	a l p r ɛ x t
alræmdur	a l r a i m t ʏ r
annmarka	a nː m a r̥ k a
arcade	a r̥ k a t ɛː
augnabliks	ø y k n a p l ɪ k s
austari	ø y s t a r ɪ
austra	ø y s t r a
austurlönd	ø y s t ʏ r l œ n t
azur	aː s ʏ r
aðskotaefni	a ð s k ɔː t a ɛ p n ɪ
baba	p aː p a
bakkelsi	p a h c ɛ l s ɪ
baksviðs	p aː k s v ɪ ð s
bandarísks	p a n t a r i s k s
banvænum	p a n v a iː n ʏ m
barents	p aː r ɛ n̥ s
barnaherbergi	p a r t n a h ɛ r p ɛ r c ɪ
baron	p aː r ɔ n
bed	p ɛː t
berkla	p ɛ r̥ k l a
bernd	p ɛ r n t
bessa	p ɛ sː a
billund	p ɪ t l ʏ n t
bitastætt	p ɪː t a s t a i h t
biðum	p ɪː ð ʏ m
bjargir	p j a r c ɪ r
björgunarbáta	p j œ r k ʏ n a r p a uː t a
blandaðist	p l a n t a ð ɪ s t
blekkingum	p l ɛ h c i ŋ k ʏ m
blessunarlega	p l ɛ sː ʏ n a r l ɛː ɣ a
blindar	p l ɪ n t a r
blákalt	p l a uː kʰ a l̥ t
blöðru	p l œ ð r ʏ
bok	p ɔː k
boraðar	p ɔː r a ð a r
borgarastyrjöldinni	p ɔ r k a r a s t ɪ r j œ l t ɪ nː ɪ
brasilískt	p r aː s ɪ l i s k t
brottrekstri	p r ɔ h t r ɛ k s t r ɪ
brunnar	p r ʏ nː a r
brutus	p r ʏː t ʏ s
bröndurum	p r œ n t ʏ r ʏ m
buskann	p ʏ s k a nː
bílageymslu	p iː l a c e i m s t l ʏ
bítum	p iː t ʏ m
búsvæða	p uː s v a iː ð a
clemens	kʰ l ɛː m ɛ n s
clifford	kʰ l ɪ fː ɔ r t
corvinus	kʰ ɔ r v ɪː n ʏ s
crusher	kʰ r ʏː s h ɛː r
dekkið	t ɛ h c ɪ ð
dellu	t ɛ t l ʏ
demi	t ɛː m ɪ
derbyshire	t ɛ r p ɪː s h ɪː r ɛ
deyjum	t e iː j ʏ m
doo	t oː
drengskap	t r e i ŋ k s k aː p
dreymi	t r e iː m ɪ
drætti	t r a i h t ɪ
dásamlegum	t a uː s a m l ɛː ɣ ʏ m
dísu	t iː s ʏ
efist	ɛː v ɪ s t
eftirmæli	ɛ f t ɪ r m a iː l ɪ
egon	ɛː ɣ ɔ n
eikur	e iː k ʏ r
einhyrningsins	e i n h ɪ r t n i ŋ k s ɪ n s
einlæga	e i n l a iː ɣ a
einlæglega	e i n l a i ɣ l ɛː ɣ a
einsteins	e i n s t e i n s
endimörk	ɛ n t ɪ m œ r̥ k
endurheimtu	ɛ n t ʏ r h e i m̥ t ʏ
endurhæfing	ɛ n t ʏ r h a iː v i ŋ k
endurlífga	ɛ n t ʏ r l i v k a
eystrasalti	e i s t r a s a l̥ t ɪ
fangabúðum	f a u ŋ k a p uː ð ʏ m
fantasía	f a n̥ t a s iː j a
felustað	f ɛː l ʏ s t aː ð
ferrara	f ɛ rː a r a
festust	f ɛ s t ʏ s t
filman	f ɪ l m a n
fjórðunga	f j o u r ð u ŋ k a
flytjendum	f l ɪː t j ɛ n t ʏ m
flöskurnar	f l œ s k ʏ r t n a r
foreldar	f ɔː r ɛ l t a r
forvitnast	f ɔ r v ɪ h t n a s t
forviða	f ɔ r v ɪː ð a
forðaðist	f ɔ r ð a ð ɪ s t
framköllun	f r a m kʰ œ t l ʏ n
frelsara	f r ɛ l s aː r a
frían	f r iː j a n
fríið	f r iː ɪ ð
fullorðinsár	f ʏ t l ɔ r ð ɪ n s a uː r
funk	f u ŋ̊ k
fylgdar	f ɪ l t a r
fyndnir	f ɪ n t n ɪ r
fyrirsögnin	f ɪː r ɪ r s œ k n ɪ n
fyrirvari	f ɪː r ɪ r v aː r ɪ
fæturnar	f a iː t ʏ r t n a r
fótboltalið	f o uː t p ɔ l̥ t a l ɪː ð
gallana	k a t l a n a
gasa	k aː s a
gautaborgar	k ø yː t a p ɔ r k a r
geimskutlan	c e i m s k ʏ h t l a n
ghana	k h aː n a
giljum	c ɪ l j ʏ m
gistiheimilinu	c ɪ s t ɪ h e iː m ɪ l ɪː n ʏ
gjöldin	c œ l t ɪ n
glans	k l a n s
glastonbury	k l a s t ɔ n p ʏː r ɪ
glaðning	k l a ð n i ŋ k
glock	k l ɔ h k
gosbrunnur	k ɔː s p r ʏ nː ʏ r
goss	k ɔ sː
goðsögnum	k ɔ ð s œ k n ʏ m
grafalvarlegt	k r aː v a l v a r l ɛ x t
grafnar	k r a p n a r
gregor	k r ɛː ɣ ɔ r
greidda	k r e i tː a
greindum	k r e i n t ʏ m
greininguna	k r e iː n i ŋ k ʏː n a
grunuð	k r ʏː n ʏ ð
gráti	k r a uː t ɪ
grípi	k r iː p ɪ
gróu	k r o uː ʏ
gáfaðri	k a uː v a ð r ɪ
hallvarður	h a t l v a r ð ʏ r
handavinnu	h a n t a v ɪ nː ʏ
harmon	h a r m ɔː n
haukssyni	h ø y k s s ɪː n ɪ
heft	h ɛ f t
heftir	h ɛ f t ɪ r
heilun	h e iː l ʏ n
heimaliðið	h e iː m a l ɪː ð ɪ ð
heimavinnu	h e iː m a v ɪ nː ʏ
heimavinnuna	h e iː m a v ɪ nː ʏ n a
heimskautsbaug	h e i m s k ø y t s p ø yː ɣ
heimspekinni	h e i m s p ɛː c ɪ nː ɪ
heimsveldið	h e i m s v ɛ l t ɪ ð
heitast	h e iː tʰ a s t
hellunni	h ɛ t l ʏ nː ɪ
heppilegur	h ɛ h p ɪ l ɛː ɣ ʏ r
hernaðarlegum	h ɛ r t n aː ð a r l ɛː ɣ ʏ m
herstöðinni	h ɛ r̥ s t œː ð ɪ nː ɪ
hertók	h ɛ r̥ tʰ o uː k
higgins	h ɪ cː ɪ n s
hiksta	h ɪ x s t a
hlutdrægni	l̥ ʏː t t r a i k n ɪ
hlífir	l̥ iː v ɪ r
hneig	n̥ e iː ɣ
hnetusmjöri	n̥ ɛː t ʏ s m j œː r ɪ
hnöttum	n̥ œ h t ʏ m
hollara	h ɔ t l a r a
holst	h ɔ l s t
hraustlega	r̥ ø y s t l ɛː ɣ a
hrekkjusvín	r̥ ɛ h c ʏ s v iː n
hressum	r̥ ɛ sː ʏ m
hrukkur	r̥ ʏ h k ʏ r
hryllingsmyndir	r̥ ɪ t l i ŋ k s m ɪ n t ɪ r
hugnast	h ʏ k n a s t
hugsanlegan	h ʏ x s a n l ɛː ɣ a n
hádegisverð	h a uː t e iː j ɪ s v ɛ r ð
háhýsi	h a uː h iː s ɪ
hægðarauka	h a i ɣ ð a r ø yː k a
höfunum	h œː v ʏ n ʏ m
hörðalandi	h œ r ð a l a n t ɪ
indverskt	ɪ n t v ɛ r̥ s k t
innherja	ɪ nː h ɛ r j a
innilegar	ɪ nː ɪ l ɛː ɣ a r
jabbar	j a pː a r
jamaíka	j aː m a iː k a
jameson	j aː m ɛː s ɔː n
jeffs	j ɛ f s
jeter	j ɛː t ɛ r
ji	j ɪː
jovi	j ɔː v ɪ
jórvík	j o u r v iː k
kaldal	kʰ a l t aː l
kallinum	kʰ a t l ɪ n ʏ m
kanni	kʰ a nː ɪ
kattarins	kʰ a h t a r ɪ n s
kaupstaður	kʰ ø y p s t aː ð ʏ r
kendra	cʰ ɛ n t r a
kennurunum	cʰ ɛ nː ʏ r ʏː n ʏ m
kinnar	cʰ ɪ nː a r
kinney	cʰ ɪ nː ɛ i̯
kippi	cʰ ɪ h p ɪ
kjördæmis	cʰ œ r t a iː m ɪ s
klakann	kʰ l aː kʰ a nː
klerk	kʰ l ɛ r̥ k
klikkaði	kʰ l ɪ h k a ð ɪ
kolskeggur	kʰ ɔ l s c ɛ kː ʏ r
konunglegum	kʰ ɔː n u ŋ k l ɛː ɣ ʏ m
konungnum	kʰ ɔː n u ŋ k n ʏ m
kraftaverkin	kʰ r a f t a v ɛ r̥ c ɪ n
krefjist	kʰ r ɛ v j ɪ s t
kun	kʰ ʏː n
kvikmyndunum	kʰ v ɪː k m ɪ n t ʏ n ʏ m
kvænst	kʰ v a i n s t
kylfum	cʰ ɪ l v ʏ m
kylfur	cʰ ɪ l v ʏ r
kynjamisrétti	cʰ ɪ n j a m ɪ s r j ɛ h t ɪ
kápan	kʰ a uː pʰ a n
kölluðust	kʰ œ t l ʏ ð ʏ s t
köru	kʰ œː r ʏ
lamast	l aː m a s t
lambert	l a m p ɛ r̥ t
langbesta	l a u ŋ k p ɛ s t a
leikritahöfundur	l e iː k r ɪː t a h œː v ʏ n t ʏ r
liðsauki	l ɪ ð s ø yː c ɪ
ljúfum	l j uː v ʏ m
lock	l ɔ h k
lofttegunda	l ɔ f t tʰ ɛː ɣ ʏ n t a
lp	ɛ l̥ p
læsingar	l a iː s i ŋ k a r
léttilega	l j ɛ h t ɪ l ɛː ɣ a
límdur	l i m t ʏ r
línanna	l iː n a nː a
lögregluþjónar	l œ ɣ r ɛ k l ʏ θ j o uː n a r
lögðum	l œ ɣ ð ʏ m
lúsífer	l uː s iː v ɛː r
mannlegan	m a nː l ɛː ɣ a n
maple	m a h p l ɛ
marcusi	m a r̥ k ʏː s ɪ
mastrinu	m a s t r ɪː n ʏ
maxim	m a x s ɪ m
melkorku	m ɛ l kʰ ɔ r̥ k ʏ
melville	m ɛ l v ɪ t l ɛ
mengar	m e i ŋ k a r
menningarhátíð	m ɛ nː i ŋ k a r h a uː tʰ iː ð
merkilegri	m ɛ r̥ c ɪ l ɛ ɣ r ɪ
mikka	m ɪ h k a
mile	m ɪː l ɛ
miljónum	m ɪ l j o uː n ʏ m
millistríðsárunum	m ɪ t l ɪ s t r i ð s a uː r ʏ n ʏ m
minsk	m ɪ n s k
misheppnast	m ɪː s h ɛ h p n a s t
miðana	m ɪː ð a n a
miðgarði	m ɪ ð k a r ð ɪ
miðskóla	m ɪ ð s k o uː l a
moby	m ɔː p ɪ
morfíni	m ɔ r v iː n ɪ
moro	m ɔː r ɔ
morði	m ɔ r ð ɪ
mottunni	m ɔ h t ʏ nː ɪ
myndletur	m ɪ n t l ɛː t ʏ r
málninguna	m a u l n i ŋ k ʏː n a
mögnuð	m œ k n ʏ ð
nafngiftir	n a p n c ɪ f t ɪ r
naglalakk	n a k l a l a h k
nauðum	n ø yː ð ʏ m
nelsons	n ɛ l s ɔ n s
nemendurna	n ɛː m ɛ n t ʏ r t n a
nic	n ɪː k
norðvestri	n ɔ r ð v ɛ s t r ɪ
notalegur	n ɔː t a l ɛː ɣ ʏ r
næmari	n a iː m a r ɪ
nílar	n iː l a r
nóbelsverðlaun	n o uː p ɛ l s v ɛ r ð l ø yː n
oddaleik	ɔ tː a l e iː k
ofbeldisverk	ɔ v p ɛ l t ɪ s v ɛ r̥ k
ofmetin	ɔ v m ɛː t ɪ n
okei	ɔː c e iː
oliveira	ɔː l ɪ v e iː r a
oní	ɔː n iː
orðabókum	ɔ r ð a p o uː k ʏ m
oskar	ɔ s k a r
ostinum	ɔ s t ɪ n ʏ m
ostrum	ɔ s t r ʏ m
pavarotti	pʰ aː v a r ɔ h t ɪ
pillan	pʰ ɪ t l a n
prímata	pʰ r iː m aː t a
prísundinni	pʰ r iː s ʏ n t ɪ nː ɪ
prýðilegt	pʰ r iː ð ɪ l ɛ x t
pylsum	pʰ ɪ l s ʏ m
pylsurnar	pʰ ɪ l s ʏ r t n a r
pínulítið	pʰ iː n ʏ l iː t ɪ ð
pósthússtræti	pʰ o u s t h u s s t r a iː t ɪ
pönnukökurnar	pʰ œ nː ʏ kʰ œː k ʏ r t n a r
pöntunin	pʰ œ n̥ t ʏ n ɪ n
quan	kʰ v aː n
rati	r aː t ɪ
raunsætt	r ø y n s a i h t
rausnarlega	r ø y s t n a r l ɛː ɣ a
rebekka	r ɛː p ɛ h k a
regnbogans	r ɛ k n p ɔː ɣ a n s
regnið	r ɛ k n ɪ ð
rispur	r ɪ s p ʏ r
rosy	r ɔː s ɪ
ráðalaus	r a uː ð a l ø yː s
rænu	r a iː n ʏ
ræði	r a iː ð ɪ
réttlætisins	r j ɛ h t l a iː t ɪ s ɪ n s
réttmæta	r j ɛ h t m a iː t a
réttmætt	r j ɛ h t m a i h t
réttsælis	r j ɛ h t s a iː l ɪ s
rófur	r o uː v ʏ r
rússneskar	r u sː n ɛ s k a r
rýfur	r iː v ʏ r
sak	s aː k
salina	s aː l ɪː n a
salle	s a t l ɛ
samgöngubót	s a m k ø y ŋ k ʏ p o uː t
samkenndar	s a m cʰ ɛ n t a r
samlagningu	s a m l a k n i ŋ k ʏ
samvinnan	s a m v ɪ nː a n
sankað	s a u ŋ̊ k a ð
sannreynt	s a nː r e i n̥ t
sart	s a r̥ t
segli	s ɛ k l ɪ
segðir	s ɛ ɣ ð ɪ r
seinfeld	s e i n f ɛ l t
sesselju	s ɛ sː ɛ l j ʏ
setningarnar	s ɛ h t n i ŋ k a r t n a r
setustofa	s ɛː t ʏ s t ɔː v a
sextugt	s ɛ k s t ʏ x t
sjarmerandi	s j a r m ɛː r a n t ɪ
sjoppunni	s j ɔ h p ʏ nː ɪ
sjúkrasögu	s j uː k r a s œː ɣ ʏ
skelin	s c ɛː l ɪ n
skildingur	s c ɪ l t i ŋ k ʏ r
skilríkjum	s c ɪ l r iː c ʏ m
skinninu	s c ɪ nː ɪ n ʏ
skoppar	s k ɔ h p a r
skreytir	s k r e iː t ɪ r
skreyttir	s k r e i h t ɪ r
skrifandi	s k r ɪː v a n t ɪ
skriðan	s k r ɪː ð a n
skápa	s k a uː p a
skátastarf	s k a uː t a s t a r v
skífunni	s c iː v ʏ nː ɪ
skóflu	s k o u p l ʏ
skólahaldi	s k o uː l a h a l t ɪ
slitin	s t l ɪː t ɪ n
sléttunum	s t l j ɛ h t ʏ n ʏ m
slóðina	s t l o uː ð ɪ n a
smitið	s m ɪː t ɪ ð
smurningu	s m ʏ r t n i ŋ k ʏ
smáskilaboð	s m a uː s c ɪː l a p ɔː ð
snefil	s t n ɛː v ɪ l
snillinga	s t n ɪ t l i ŋ k a
sorbonne	s ɔ r p ɔ nː ɛ
spokane	s p ɔː k a n ɛː
spánverjarnir	s p a u n v ɛ r j a r t n ɪ r
stafsetning	s t a v s ɛ h t n i ŋ k
steingervingur	s t e i n c ɛ r v i ŋ k ʏ r
steinsteypa	s t e i n s t e iː p a
stigar	s t ɪː ɣ a r
stillið	s t ɪ t l ɪ ð
stjórnarmyndunarviðræður	s t j o u r t n a r m ɪ n t ʏ n a r v ɪ ð r a iː ð ʏ r
stofur	s t ɔː v ʏ r
strandarinnar	s t r a n t a r ɪ nː a r
stratford	s t r aː t f ɔ r t
strokkur	s t r ɔ h k ʏ r
stríðir	s t r iː ð ɪ r
stríðsrekstur	s t r i ð s r ɛ k s t ʏ r
ströngustu	s t r ø y ŋ k ʏ s t ʏ
styttum	s t ɪ h t ʏ m
sté	s t j ɛː
stéttaskiptingu	s t j ɛ h t a s c ɪ f t i ŋ k ʏ
stórhættulegt	s t o uː r h a i h t ʏ l ɛ x t
stórmeistarar	s t o u r m e i s t aː r a r
stökkbreytingu	s t œ h k p r e iː t i ŋ k ʏ
stöngin	s t ø y ɲ c ɪ n
suðausturs	s ʏː ð ø y s t ʏ r̥ s
svalandi	s v aː l a n t ɪ
sveig	s v e iː ɣ
sveigt	s v e i x t
sveitar	s v e iː t a r
svika	s v ɪː k a
svindli	s v ɪ n t l ɪ
sviðslistir	s v ɪ ð s t l ɪ s t ɪ r
sérsveitarmenn	s j ɛ r̥ s v e iː t a r m ɛ nː
södd	s œ tː
sögninni	s œ k n ɪ nː ɪ
sögusögnum	s œː ɣ ʏ s œ k n ʏ m
sýrlenska	s i r l ɛ n s k a
tamara	tʰ aː m a r a
tannlækna	tʰ a nː l a i h k n a
tengdaföður	tʰ e i ŋ t a f œː ð ʏ r
thin	tʰ ɪː n
tilstyrk	tʰ ɪ l s t ɪ r̥ k
titans	tʰ ɪː tʰ a n s
tríton	tʰ r iː tʰ ɔː n
tuk	tʰ ʏː k
tungutak	tʰ u ŋ k ʏ tʰ aː k
tur	tʰ ʏː r
tævan	tʰ a iː v a n
tímasóun	tʰ iː m a s o uː ʏ n
tíndi	tʰ i n t ɪ
tókuð	tʰ o uː k ʏ ð
túlkunum	tʰ u l̥ k ʏ n ʏ m
ugg	ʏ kː
umferðarstofa	ʏ m f ɛ r ð a r s t ɔː v a
umskiptin	ʏ m s c ɪ f t ɪ n
uncle	ʏ ŋ̊ k l ɛː
undarlegan	ʏ n t a r l ɛː ɣ a n
undirbúningurinn	ʏ n t ɪ r p uː n i ŋ k ʏ r ɪ nː
ungversku	u ŋ k v ɛ r̥ s k ʏ
upplífgandi	ʏ h p l i v k a n t ɪ
uppreisnin	ʏ h p r e i s t n ɪ n
uppástungur	ʏ h p a u s t u ŋ k ʏ r
uri	ʏː r ɪ
vafans	v aː v a n s
vafin	v aː v ɪ n
vakin	v aː c ɪ n
valgarð	v a l k a r ð
valkosturinn	v a l̥ kʰ ɔ s t ʏ r ɪ nː
valsmönnum	v a l s m œ nː ʏ m
vanderbilt	v a n t ɛ r p ɪ l̥ t
vanrækir	v a n r a iː c ɪ r
vappi	v a h p ɪ
varsjár	v a r̥ s j a uː r
vasar	v aː s a r
vasari	v aː s a r ɪ
vaughan	v ø yː ɣ h aː n
vefgátt	v ɛ v k a u h t
veitingarekstur	v e iː t i ŋ k a r ɛ k s t ʏ r
veiðivötn	v e iː ð ɪ v œ h t n
velsæld	v ɛ l s a i l t
versi	v ɛ r̥ s ɪ
verðmætustu	v ɛ r ð m a iː t ʏ s t ʏ
verðu	v ɛ r ð ʏ
vigta	v ɪ x t a
vinnið	v ɪ nː ɪ ð
virtir	v ɪ r̥ t ɪ r
vistarverum	v ɪ s t a r v ɛː r ʏ m
vopnabúr	v ɔ h p n a p uː r
vopnaðra	v ɔ h p n a ð r a
væga	v a iː ɣ a
vængirnir	v a i ɲ c ɪ r t n ɪ r
væntingarnar	v a i n̥ t i ŋ k a r t n a r
vænum	v a iː n ʏ m
vínar	v iː n a r
wat	v aː t
wilmington	v ɪ l m i ŋ k tʰ ɔː n
witt	v ɪ h t
yfirgefna	ɪː v ɪ r c ɛ p n a
yfirstíga	ɪː v ɪ r̥ s t iː ɣ a
zelda	s ɛ l t a
ákveð	a uː kʰ v ɛː ð
ástkonu	a u s t kʰ ɔː n ʏ
ávextina	a uː v ɛ k s t ɪː n a
ætið	a iː t ɪ ð
ísjaka	iː s j aː k a
ítalskir	iː tʰ a l s c ɪ r
ítölum	iː tʰ œː l ʏ m
ófarir	o uː v a r ɪ r
ógildur	o uː c ɪ l t ʏ r
óheppilegt	o uː h ɛ h p ɪ l ɛ x t
óhræddur	o uː r̥ a i tː ʏ r
ókum	o uː k ʏ m
ókvæða	o uː kʰ v a iː ð a
óstöðvandi	o uː s t œ ð v a n t ɪ
óttist	o u h t ɪ s t
óðaverðbólgu	o uː ð a v ɛ r ð p o u l k ʏ
ögurvík	œː ɣ ʏ r v iː k
öldunga	œ l t u ŋ k a
öskrað	œ s k r aː ð
úps	u p s
útdautt	uː t t ø y h t
útdauð	uː t t ø yː ð
útheimtir	uː t h e i m̥ t ɪ r
útilegur	uː t ɪ l ɛː ɣ ʏ r
útnefna	uː t n ɛ p n a
útum	uː t ʏ m
ýktar	i x t a r
þingsetningu	θ i ŋ k s ɛ h t n i ŋ k ʏ
þjóðsöng	θ j o u ð s ø y ŋ k
þorleifi	θ ɔ r l e iː v ɪ
þríleik	θ r iː l e iː k
þula	θ ʏː l a
þyrstir	θ ɪ r̥ s t ɪ r
þörungum	θ œː r u ŋ k ʏ m
acrobat	aː k r ɔ p aː t
adsl	a t s t l
afbrota	a v p r ɔː t a
afmælishátíð	a v m a iː l ɪ s h a uː tʰ iː ð
akademísk	aː k a t ɛː m i s k
akureyringar	aː k ʏ r e iː r i ŋ k a r
aldaraðir	a l t a r aː ð ɪ r
aleiguna	aː l e iː ɣ ʏ n a
algengastur	a l c e i ŋ k a s t ʏ r
alhæfa	aː l h a iː v a
allajafna	a t l a j a p n a
allende	a t l ɛ n t ɛ
allverulega	a t l v ɛː r ʏ l ɛː ɣ a
almannafé	a l m a nː a f j ɛː
almannagjá	a l m a nː a c a uː
almenningssamgangna	a l m ɛ nː i ŋ k s a m k a u ŋ k n a
alræmdu	a l r a i m t ʏ
alstaðar	a l s t aː ð a r
alvarlegustu	a l v a r l ɛː ɣ ʏ s t ʏ
alþjóðasamninga	a l θ j o uː ð a s a m n i ŋ k a
alþjóðasamningum	a l θ j o uː ð a s a m n i ŋ k ʏ m
alþýðan	a l θ iː ð a n
alþýðusambandið	a l θ iː ð ʏ s a m p a n t ɪ ð
amínósýrum	aː m iː n o uː s iː r ʏ m
andhverfu	a n t kʰ v ɛ r v ʏ
andres	a n t r ɛː s
andrúmslofts	a n t r u m s l ɔ f t s
andsnúnir	a n t s n uː n ɪ r
anka	a u ŋ̊ k a
appelsínugulu	a h p ɛ l s iː n ʏ k ʏː l ʏ
asnalega	a s t n a l ɛː ɣ a
atviks	aː t v ɪ k s
atvinnumál	aː t v ɪ nː ʏ m a uː l
avalon	aː v a l ɔː n
aðalfund	aː ð a l f ʏ n t
aðalheiði	aː ð a l h e iː ð ɪ
aðalstein	aː ð a l s t e iː n
aðalástæðan	aː ð a l a uː s t a iː ð a n
aðbúnaðar	a ð p uː n a ð a r
aðbúnaður	a ð p uː n a ð ʏ r
aðgangseyrir	a ð k a u ŋ k s e iː r ɪ r
aðgerðarinnar	a ð c ɛ r ð a r ɪ nː a r
aðkallandi	a ð kʰ a t l a n t ɪ
aðspurðra	a ð s p ʏ r ð r a
aðstoðarmanna	a ð s t ɔː ð a r m a nː a
bachman	p a x m aː n
bachs	p a x s
backman	p a h k m a n
bankaleynd	p a u ŋ̊ k a l e i n t
banvænn	p a n v a i t n
barir	p aː r ɪ r
barnabókum	p a r t n a p o uː k ʏ m
barnsburð	p a r t n s p ʏ r ð
basilíku	p aː s ɪ l iː k ʏ
belgísku	p ɛ l c i s k ʏ
bells	p ɛ t l s
beltin	p ɛ l̥ t ɪ n
benjamíns	p ɛ n j a m i n s
berar	p ɛː r a r
berserkir	p ɛ r̥ s ɛ r̥ c ɪ r
bindingu	p ɪ n t i ŋ k ʏ
birds	p ɪ r t s
bjarndýr	p j a r t n t iː r
bjórsins	p j o u r̥ s ɪ n s
björgunarsveitarinnar	p j œ r k ʏ n a r s v e iː t a r ɪ nː a r
bl	p l
blandist	p l a n t ɪ s t
blockchain	p l ɔ h k x a iː n
blokkar	p l ɔ h k a r
blésu	p l j ɛː s ʏ
blómgun	p l o u m k ʏ n
blómi	p l o uː m ɪ
blóðgjöf	p l o u ð c œː v
blóðskilun	p l o u ð s c ɪː l ʏ n
blöskraði	p l œ s k r aː ð ɪ
bolungavík	p ɔː l u ŋ k a v iː k
borgaralegt	p ɔ r k a r a l ɛ x t
borgarbókasafnið	p ɔ r k a r p o uː k a s a p n ɪ ð
borgurunum	p ɔ r k ʏ r ʏː n ʏ m
boðaðar	p ɔː ð a ð a r
boðnir	p ɔ ð n ɪ r
braki	p r aː c ɪ
brautskráðir	p r ø yː t s k r a uː ð ɪ r
brauðinu	p r ø yː ð ɪ n ʏ
breslin	p r ɛ s t l ɪ n
brettinu	p r ɛ h t ɪ n ʏ
brottflutning	p r ɔ h t f l ʏ h t n i ŋ k
brunna	p r ʏ nː a
brák	p r a uː k
bráðar	p r a uː ð a r
bráðnaði	p r a u ð n aː ð ɪ
bræðir	p r a iː ð ɪ r
budapest	p ʏː t a pʰ ɛ s t
budget	p ʏ t c ɛː t
burðarvirki	p ʏ r ð a r v ɪ r̥ c ɪ
busla	p ʏ s t l a
byggingarvinnu	p ɪ cː i ŋ k a r v ɪ nː ʏ
byggðaþróun	p ɪ ɣ ð a θ r o uː ʏ n
báran	p a uː r a n
bárðarbunga	p a u r ð a r p u ŋ k a
bæjarfélaga	p a iː j a r f j ɛː l aː ɣ a
bæjarstjórans	p a iː j a r s t j o uː r a n s
bæklingum	p a i h k l i ŋ k ʏ m
bítið	p iː t ɪ ð
bókaflokknum	p o uː k a f l ɔ h k n ʏ m
bókari	p o uː k a r ɪ
bólusett	p o uː l ʏ s ɛ h t
bóndabæ	p o u n t a p a iː
bóndanum	p o u n t a n ʏ m
bótum	p o uː t ʏ m
bölvað	p œ l v aː ð
bönn	p œ nː
bönnum	p œ nː ʏ m
búmm	p u mː
búningana	p uː n i ŋ k aː n a
búningarnir	p uː n i ŋ k a r t n ɪ r
býlinu	p iː l ɪː n ʏ
catarina	kʰ aː t a r ɪː n a
chino	cʰ ɪː n ɔ
click	kʰ l ɪ h k
cort	kʰ ɔ r̥ t
cray	kʰ r a iː
cu	kʰ ʏː
culver	kʰ ʏ l v ɛː r
cv	kʰ v ɛː
dagatöl	t aː ɣ a tʰ œː l
dansaðu	t a n s aː ð ʏ
deildarkeppni	t e i l t a r cʰ ɛ h p n ɪ
deildarstjóra	t e i l t a r s t j o uː r a
delano	t ɛː l a n ɔ
depot	t ɛː pʰ ɔː t
digger	t ɪ cː ɛ r
dimmir	t ɪ mː ɪ r
domus	t ɔː m ʏ s
drekasvæðinu	t r ɛː k a s v a iː ð ɪ n ʏ
drepnar	t r ɛ h p n a r
drops	t r ɔ p s
dráttarvextir	t r a u h t a r v ɛ k s t ɪ r
drægni	t r a i k n ɪ
duftið	t ʏ f t ɪ ð
dularfulli	t ʏː l a r f ʏ t l ɪ
dvalarleyfi	t v aː l a r l e iː v ɪ
dvölin	t v œː l ɪ n
dylans	t ɪː l a n s
dáinu	t a uː ɪ n ʏ
dómaframkvæmd	t o uː m a f r a m kʰ v a i m t
dómsvalds	t o u m s v a l t s
dómsúrskurði	t o u m s u r̥ s k ʏ r ð ɪ
efstaleiti	ɛ f s t a l e iː t ɪ
eftirmann	ɛ f t ɪ r m a nː
eftirrit	ɛ f t ɪ r r ɪː t
eggertssonar	ɛ cː ɛ r̥ t s s ɔː n a r
eglu	ɛ k l ʏ
eiginlegum	e iː j ɪ n l ɛː ɣ ʏ m
eiginmanninum	e iː j ɪ n m a nː ɪ n ʏ m
eignarinnar	e i k n a r ɪ nː a r
eilífi	e iː l iː v ɪ
einhleyp	e i n l̥ e iː p
einkafyrirtækjum	e i ŋ k a f ɪː r ɪ r tʰ a iː c ʏ m
einstæða	e i n s t a iː ð a
eistu	e i s t ʏ
eiturlyfjasala	e iː t ʏ r l ɪ v j a s aː l a
eldis	ɛ l t ɪ s
eldsneytið	ɛ l t s n e iː t ɪ ð
elin	ɛː l ɪ n
emmett	ɛ mː ɛ h t
endanlegum	ɛ n t a n l ɛː ɣ ʏ m
endaþarm	ɛ n t a θ a r m
endurbóta	ɛ n t ʏ r p o uː t a
endurgreiða	ɛ n t ʏ r k r e iː ð a
endurmat	ɛ n t ʏ r m aː t
endurmeta	ɛ n t ʏ r m ɛː t a
episode	ɛː p ɪ s ɔː t ɛ
erfiðis	ɛ r v ɪː ð ɪ s
erfiðri	ɛ r v ɪ ð r ɪ
erics	ɛː r ɪ k s
eureka	ø yː r ɛː k a
evrunni	ɛ v r ʏ nː ɪ
eyrarbakki	e iː r a r p a h c ɪ
eyðilögðu	e iː ð ɪ l œ ɣ ð ʏ
eðlilegast	ɛ ð l ɪ l ɛː ɣ a s t
fagaðila	f aː ɣ a ð ɪː l a
fagfélög	f a x f j ɛː l œː ɣ
faglegri	f a ɣ l ɛ ɣ r ɪ
faglegum	f a ɣ l ɛː ɣ ʏ m
fallujah	f a t l ʏ j a
false	f a l s ɛ
fargi	f a r c ɪ
fargjöld	f a r c œ l t
fartölvuna	f a r̥ tʰ œ l v ʏː n a
fastrar	f a s t r a r
fatahönnun	f aː t a h œ nː ʏ n
fekk	f ɛ h k
ferm	f ɛ r m
fermast	f ɛ r m a s t
ferðafólks	f ɛ r ð a f o u l̥ k s
ferðamannastaða	f ɛ r ð a m a nː a s t aː ð a
ferðamannastaðir	f ɛ r ð a m a nː a s t aː ð ɪ r
ferðist	f ɛ r ð ɪ s t
fetar	f ɛː t a r
filippseyja	f ɪː l ɪ h p s e iː j a
fimmtug	f ɪ m̥ tʰ ʏː ɣ
fiskimiðum	f ɪ s c ɪ m ɪː ð ʏ m
fiskunum	f ɪ s k ʏ n ʏ m
fitch	f ɪ h t x
fjandmenn	f j a n t m ɛ nː
fjandsamleg	f j a n t s a m l ɛː ɣ
fjarlægari	f j a r l a iː ɣ a r ɪ
fjármálakreppunnar	f j a u r m a uː l a kʰ r ɛ h p ʏ nː a r
fjármálastjóra	f j a u r m a uː l a s t j o uː r a
fjárveitingu	f j a u r v e iː t i ŋ k ʏ
fjóni	f j o uː n ɪ
fjölbreytilegum	f j œ l p r e iː t ɪ l ɛː ɣ ʏ m
fjöldaframleiðslu	f j œ l t a f r a m l e i ð s t l ʏ
fjölmiðlunar	f j œ l m ɪ ð l ʏː n a r
fjölskyldumál	f j œ l s c ɪ l t ʏ m a uː l
fjölsótt	f j œ l s o u h t
flokksmönnum	f l ɔ h k s m œ nː ʏ m
flugurnar	f l ʏː ɣ ʏ r t n a r
fléttast	f l j ɛ h t a s t
flókinna	f l o uː c ɪ nː a
flóttafólk	f l o u h t a f o u l̥ k
forgangs	f ɔ r k a u ŋ k s
formsatriði	f ɔ r m s a tʰ r ɪː ð ɪ
forsetum	f ɔ r̥ s ɛː t ʏ m
forstöðumann	f ɔ r̥ s t œː ð ʏ m a nː
forsíðuna	f ɔ r̥ s iː ð ʏ n a
framboðin	f r a m p ɔː ð ɪ n
framdir	f r a m t ɪ r
framkvæmdarinnar	f r a m kʰ v a i m t a r ɪ nː a r
framkvæmdavaldinu	f r a m kʰ v a i m t a v a l t ɪː n ʏ
framkvæmdunum	f r a m kʰ v a i m t ʏ n ʏ m
friðlandinu	f r ɪ ð l a n t ɪː n ʏ
frjálsi	f r j a u l s ɪ
frjótt	f r j o u h t
frobisher	f r ɔː p ɪ s h ɛː r
frumlega	f r ʏ m l ɛː ɣ a
frumsýning	f r ʏ m s iː n i ŋ k
fræðanna	f r a iː ð a nː a
fræðilegan	f r a iː ð ɪ l ɛː ɣ a n
fréttamiðlum	f r j ɛ h t a m ɪ ð l ʏ m
fuglaskoðun	f ʏ k l a s k ɔː ð ʏ n
fullyrðinga	f ʏ t l ɪ r ð i ŋ k a
fundarstaður	f ʏ n t a r s t aː ð ʏ r
furstans	f ʏ r̥ s t a n s
furðuleg	f ʏ r ð ʏ l ɛː ɣ
fylgdarmenn	f ɪ l t a r m ɛ nː
fyrirlítur	f ɪː r ɪ r l iː t ʏ r
fyrirskipa	f ɪː r ɪ r s c ɪː p a
fyrirætlun	f ɪː r ɪ r a i h t l ʏ n
fáfræði	f a uː f r a iː ð ɪ
fámennur	f a uː m ɛ nː ʏ r
fædda	f a i tː a
færsluna	f a i r̥ s t l ʏː n a
fæðutegundir	f a iː ð ʏ tʰ ɛː ɣ ʏ n t ɪ r
félagsfærni	f j ɛː l a x s f a i r t n ɪ
félagsmálaráðuneytisins	f j ɛː l a x s m a uː l a r a uː ð ʏ n e iː t ɪ s ɪ n s
fénað	f j ɛː n a ð
fólksflutningum	f o u l̥ k s f l ʏ h t n i ŋ k ʏ m
fórnarlambanna	f o u r t n a r l a m p a nː a
fóstru	f o u s t r ʏ
fótboltanum	f o uː t p ɔ l̥ t a n ʏ m
föstudaga	f œ s t ʏ t aː ɣ a
gagnagrunnurinn	k a k n a k r ʏ nː ʏ r ɪ nː
gagnkvæmu	k a k n kʰ v a iː m ʏ
gagnkvæmum	k a k n kʰ v a iː m ʏ m
gagnrýndir	k a k n r i n t ɪ r
gammageislun	k a mː a c e i s t l ʏ n
garrison	k a rː ɪ s ɔː n
garðarsdóttur	k a r ð a r s t o u h t ʏ r
gautur	k ø yː t ʏ r
geimskipi	c e i m s c ɪː p ɪ
geitin	c e iː t ɪ n
generator	c ɛː n ɛː r aː t ɔ r
genesis	c ɛː n ɛː s ɪ s
geni	c ɛː n ɪ
georgina	c ɛː ɔ r c ɪː n a
gerendur	c ɛː r ɛ n t ʏ r
gerðubergi	c ɛ r ð ʏ p ɛ r c ɪ
gettysburg	c ɛ h t ɪ s p ʏ r k
geðlæknar	c ɛ ð l a i h k n a r
geðrænum	c ɛ ð r a iː n ʏ m
giftum	c ɪ f t ʏ m
gilly	c ɪ t l ɪ
gjaldeyrishöft	c a l t e iː r ɪ s h œ f t
gjaldfrjáls	c a l t f r j a u l s
gjánni	c a u t n ɪ
glæps	k l a i p s
glæpsamlegt	k l a i p s a m l ɛ x t
gnúpverjahrepps	k n uː p v ɛ r j a r̥ ɛ h p s
gnýr	k n iː r
godzilla	k ɔ t s ɪ t l a
golfklúbbs	k ɔ l v kʰ l u pː s
golfvöll	k ɔ l v v œ t l
gora	k ɔː r a
grafreiturinn	k r aː v r e iː t ʏ r ɪ nː
greiddan	k r e i tː a n
greinaskrif	k r e iː n a s k r ɪː v
greiðast	k r e iː ð a s t
grindur	k r ɪ n t ʏ r
gripnum	k r ɪ h p n ʏ m
griðastaður	k r ɪː ð a s t aː ð ʏ r
grunnatriði	k r ʏ nː a tʰ r ɪː ð ɪ
grínista	k r iː n ɪ s t a
grömmum	k r œ mː ʏ m
guest	k v ɛ s t
gullmerki	k ʏ t l m ɛ r̥ c ɪ
gumma	k ʏ mː a
gítarleik	c iː tʰ a r l e iː k
göngudeild	k ø y ŋ k ʏ t e i l t
hafnafirði	h a p n a f ɪ r ð ɪ
hafró	h a v r o uː
hafíss	h aː v i sː
hagstæðari	h a x s t a iː ð a r ɪ
halden	h a l t ɛ n
harðardóttur	h a r ð a r t o u h t ʏ r
harðfiskur	h a r ð f ɪ s k ʏ r
hatursorðræðu	h aː t ʏ r s ɔ r ð r a iː ð ʏ
having	h aː v i ŋ k
heftið	h ɛ f t ɪ ð
heilbrigðra	h e i l p r ɪ ɣ ð r a
heilbrigðri	h e i l p r ɪ ɣ ð r ɪ
heildarupphæð	h e i l t a r ʏ h p h a iː ð
heilsast	h e i l s a s t
heilsugæslustöð	h e i l s ʏ c a i s t l ʏ s t œː ð
heimalöndum	h e iː m a l œ n t ʏ m
heimasvæði	h e iː m a s v a iː ð ɪ
heimdallar	h e i m t a t l a r
heimsóknar	h e i m s o u h k n a r
heini	h e iː n ɪ
heiðarleika	h e iː ð a r l e iː k a
heiðursgestur	h e iː ð ʏ r s c ɛ s t ʏ r
helguvík	h ɛ l k ʏ v iː k
hellman	h ɛ t l m aː n
helmingunartími	h ɛ l m i ŋ k ʏ n a r̥ tʰ iː m ɪ
helstar	h ɛ l s t a r
henna	h ɛ nː a
herafli	h ɛː r a p l ɪ
herbergisfélagi	h ɛ r p ɛ r c ɪ s f j ɛː l aː j ɪ
herfilega	h ɛ r v ɪ l ɛː ɣ a
hjartar	ç a r̥ t a r
hjartarætur	ç a r̥ t a r a iː t ʏ r
hjartastopp	ç a r̥ t a s t ɔ h p
hjálpsamur	ç a u l̥ p s aː m ʏ r
hlaðinu	l̥ aː ð ɪ n ʏ
hljóðvinnslu	l̥ j o u ð v ɪ n s t l ʏ
hlotnaðist	l̥ ɔ h t n a ð ɪ s t
hlustun	l̥ ʏ s t ʏ n
hlíðunum	l̥ iː ð ʏ n ʏ m
hlýnar	l̥ iː n a r
hnoðað	n̥ ɔː ð a ð
holdings	h ɔ l t i ŋ k s
holi	h ɔː l ɪ
holunum	h ɔː l ʏ n ʏ m
hopa	h ɔː p a
hopar	h ɔː p a r
hoppað	h ɔ h p a ð
hornspyrnu	h ɔ r t n s p ɪ r t n ʏ
hoskins	h ɔ s c ɪ n s
hrakað	r̥ aː k a ð
hrauna	r̥ ø yː n a
hreindýra	r̥ e i n t iː r a
hreinsunar	r̥ e i n s ʏː n a r
hrygningar	r̥ ɪ k n i ŋ k a r
hræðist	r̥ a iː ð ɪ s t
hröðu	r̥ œː ð ʏ
hugbúnaðargerð	h ʏ ɣ p uː n a ð a r c ɛ r ð
hugmyndafræðilega	h ʏ ɣ m ɪ n t a f r a iː ð ɪ l ɛː ɣ a
hugsana	h ʏ x s aː n a
hugðarefni	h ʏ ɣ ð a r ɛ p n ɪ
hvad	kʰ v aː t
hvalina	kʰ v aː l ɪː n a
hvelfingu	kʰ v ɛ l v i ŋ k ʏ
hvelfingunni	kʰ v ɛ l v i ŋ k ʏ nː ɪ
hversdagsleg	kʰ v ɛ r̥ s t a x s l ɛː ɣ
hvoli	kʰ v ɔː l ɪ
hvítlauks	xʷ iː t l ø y k s
hygla	h ɪ k l a
hált	h a u l̥ t
háskólaprófi	h a uː s k o uː l a pʰ r o uː v ɪ
hækkanir	h a i h k a n ɪ r
hækki	h a i h c ɪ
hættara	h a i h t a r a
hættulaust	h a i h t ʏ l ø y s t
héraðsdómara	ç ɛː r a ð s t o uː m a r a
héraðsdómari	ç ɛː r a ð s t o uː m a r ɪ
hólakirkju	h o uː l a cʰ ɪ r̥ c ʏ
hólmfríðar	h o u l m f r iː ð a r
höfrum	h œ v r ʏ m
höfundalögum	h œː v ʏ n t a l œː ɣ ʏ m
höfuðáverka	h œː v ʏ ð a uː v ɛ r̥ k a
höggin	h œ cː ɪ n
höggs	h œ kː s
höndinni	h œ n t ɪ nː ɪ
hörðustu	h œ r ð ʏ s t ʏ
höskuld	h œ s k ʏ l t
húsmæður	h uː s m a iː ð ʏ r
húsnæðislána	h uː s n a iː ð ɪ s t l a uː n a
húsnæðismálum	h uː s n a iː ð ɪ s m a uː l ʏ m
hýðinu	ç iː ð ɪ n ʏ
ikke	ɪ h c ɛ
illkynja	ɪ t l̥ cʰ ɪ n j a
illmögulegt	ɪ t l m œː ɣ ʏ l ɛ x t
ilo	ɪː l ɔ
ingigerði	i ɲ c ɪ c ɛ r ð ɪ
ingram	i ŋ k r aː m
innheimtir	ɪ nː h e i m̥ t ɪ r
innistæður	ɪ nː ɪ s t a iː ð ʏ r
innlendri	ɪ nː l ɛ n t r ɪ
iðkenda	ɪ ð cʰ ɛ n t a
iðnbyltingarinnar	ɪ ð n p ɪ l̥ t i ŋ k a r ɪ nː a r
jafningjar	j a p n i ɲ c a r
jafnræðisreglu	j a p n r a iː ð ɪ s r ɛ k l ʏ
jenis	j ɛː n ɪ s
jeppe	j ɛ h p ɛ
jesu	j ɛː s ʏ
jewel	j ɛː v ɛ l
jinping	j ɪ n̥ p i ŋ k
join	j ɔ iː n
jolly	j ɔ t l ɪ
jákvæðir	j a uː kʰ v a iː ð ɪ r
jóhan	j o uː h aː n
jólafrí	j o uː l a f r iː
jólakort	j o uː l a kʰ ɔ r̥ t
jólanna	j o uː l a nː a
jólatónleika	j o uː l a tʰ o u n l e iː k a
kallaðr	kʰ a t l a ð r
kapítalismi	kʰ aː p iː tʰ a l ɪ s m ɪ
kaunas	kʰ ø yː n a s
kaupanna	kʰ ø yː pʰ a nː a
kauprétt	kʰ ø yː p r j ɛ h t
keilis	cʰ e iː l ɪ s
kennaranema	cʰ ɛ nː a r a n ɛː m a
kennileita	cʰ ɛ nː ɪ l e iː t a
kennileitið	cʰ ɛ nː ɪ l e iː t ɪ ð
kennileitum	cʰ ɛ nː ɪ l e iː t ʏ m
kennsluhætti	cʰ ɛ n s t l ʏ h a i h t ɪ
kertið	cʰ ɛ r̥ t ɪ ð
kettlingar	cʰ ɛ h t l i ŋ k a r
kia	cʰ ɪː j a
kiki	cʰ ɪː c ɪ
kinnina	cʰ ɪ nː ɪ n a
kirkjugarð	cʰ ɪ r̥ c ʏ k a r ð
kjara	cʰ aː r a
kjósanda	cʰ o uː s a n t a
kjörinu	cʰ œː r ɪ n ʏ
klapparstíg	kʰ l a h p a r s t iː ɣ
klifrar	kʰ l ɪ v r a r
klondike	kʰ l ɔ n t ɪ cʰ ɛː
klopp	kʰ l ɔ h p
klíku	kʰ l iː k ʏ
kolvetna	kʰ ɔ l v ɛ h t n a
kommuna	kʰ ɔ mː ʏ n a
kransæðasjúkdóma	kʰ r a n s a iː ð a s j uː k t o uː m a
kray	kʰ r a iː
kringlu	kʰ r i ŋ l ʏ
krufningu	kʰ r ʏ p n i ŋ k ʏ
krumma	kʰ r ʏ mː a
kubbi	kʰ ʏ pː ɪ
kubbum	kʰ ʏ pː ʏ m
kvennablaðið	kʰ v ɛ nː a p l aː ð ɪ ð
kvennablaðsins	kʰ v ɛ nː a p l a ð s ɪ n s
kvennaliðið	kʰ v ɛ nː a l ɪː ð ɪ ð
kvikunni	kʰ v ɪː k ʏ nː ɪ
kvænist	kʰ v a iː n ɪ s t
kvótakerfi	kʰ v o uː t a cʰ ɛ r v ɪ
kvótanum	kʰ v o uː t a n ʏ m
kvöðum	kʰ v œː ð ʏ m
kynheilbrigði	cʰ ɪː n h e i l p r ɪ ɣ ð ɪ
kynsegin	cʰ ɪ n s e iː j ɪ n
kynstofn	cʰ ɪ n s t ɔ p n
kyrrum	cʰ ɪ rː ʏ m
kysst	cʰ ɪ s t
kæling	cʰ a iː l i ŋ k
kímnigáfu	cʰ i m n ɪ k a uː v ʏ
kólnað	kʰ o u l n a ð
kópaskeri	kʰ o uː p a s c ɛː r ɪ
kóralrif	kʰ o uː r a l r ɪː v
köldustu	kʰ œ l t ʏ s t ʏ
kúnum	kʰ uː n ʏ m
lagafrumvarpi	l aː ɣ a f r ʏ m v a r̥ p ɪ
lagalegar	l aː ɣ a l ɛː ɣ a r
lagaprófessor	l aː ɣ a pʰ r o uː f ɛ sː ɔ r
lampann	l a m̥ pʰ a nː
landmælinga	l a n t m a iː l i ŋ k a
landsdóms	l a n t s t o u m s
landskika	l a n t s c ɪː k a
landsmótum	l a n t s m o uː t ʏ m
laugarvatns	l ø yː ɣ a r v a h t n s
launakjör	l ø yː n a cʰ œː r
launalaust	l ø yː n a l ø y s t
leggöngum	l ɛ ɣ k ø y ŋ k ʏ m
leifsdóttir	l e i v s t o u h t ɪ r
leikskólans	l e iː k s k o uː l a n s
leiðbeinendur	l e i ð p e iː n ɛ n t ʏ r
leiðtogafundi	l e i ð tʰ ɔː ɣ a f ʏ n t ɪ
leiðtogans	l e i ð tʰ ɔː ɣ a n s
lesanda	l ɛː s a n t a
leyniskyttu	l e iː n ɪ s c ɪ h t ʏ
limum	l ɪː m ʏ m
linear	l ɪː n ɛː a r
listakonan	l ɪ s t a kʰ ɔː n a n
listamannanna	l ɪ s t a m a nː a nː a
listarnir	l ɪ s t a r t n ɪ r
listaverki	l ɪ s t a v ɛ r̥ c ɪ
listilega	l ɪ s t ɪ l ɛː ɣ a
litunum	l ɪː t ʏ n ʏ m
livingston	l ɪː v i ŋ k s t ɔː n
liðsfélagar	l ɪ ð s f j ɛː l aː ɣ a r
ljúfasta	l j uː v a s t a
loforðum	l ɔː v ɔ r ð ʏ m
loftflæði	l ɔ f t f l a iː ð ɪ
lokahóf	l ɔː k a h o uː v
lokahófi	l ɔː k a h o uː v ɪ
lokaðist	l ɔː k a ð ɪ s t
lokaðri	l ɔː k a ð r ɪ
losta	l ɔ s t a
loðnan	l ɔ ð n a n
lundann	l ʏ n t a nː
lutz	l ʏ h t s
lykkjan	l ɪ h c a n
lyons	l ɪː ɔ n s
lystarleysi	l ɪ s t a r l e iː s ɪ
lágs	l a u k s
láns	l a u n s
lántöku	l a u n tʰ œː k ʏ
lánveitingar	l a u n v e iː t i ŋ k a r
lánþega	l a u n θ ɛː ɣ a
lár	l a uː r
lægðin	l a i ɣ ð ɪ n
læknablaðinu	l a i h k n a p l aː ð ɪ n ʏ
læknavísindum	l a i h k n a v iː s ɪ n t ʏ m
léttasta	l j ɛ h t a s t a
léttvín	l j ɛ h t v iː n
lífstíð	l i v s t iː ð
líkönum	l iː kʰ œː n ʏ m
lími	l iː m ɪ
lógó	l o uː k o uː
lögaðili	l œː ɣ a ð ɪː l ɪ
lögfestur	l œ ɣ f ɛ s t ʏ r
lögfræðinnar	l œ ɣ f r a iː ð ɪ nː a r
löggjöfina	l œ ɣ c œː v ɪ n a
löglegar	l œ ɣ l ɛː ɣ a r
lögreglurannsókn	l œ ɣ r ɛ k l ʏ r a nː s o u h k n
lúk	l uː k
lúterstrúar	l uː tʰ ɛ r̥ s t r uː a r
magda	m a ɣ t a
magnara	m a k n a r a
mango	m a u ŋ k ɔ
manneskjurnar	m a nː ɛ s c ʏ r t n a r
mannlífinu	m a nː l iː v ɪ n ʏ
mannlífs	m a nː l i f s
mannsæmandi	m a nː s a iː m a n t ɪ
margbreytileg	m a r k p r e iː t ɪ l ɛː ɣ
markvissar	m a r̥ k v ɪ sː a r
martein	m a r̥ t e iː n
medan	m ɛː t a n
meistaranema	m e i s t a r a n ɛː m a
meistararitgerð	m e i s t a r a r ɪː t c ɛ r ð
merar	m ɛː r a r
merkum	m ɛ r̥ k ʏ m
metnaðarfullur	m ɛ h t n a ð a r f ʏ t l ʏ r
metnaði	m ɛ h t n a ð ɪ
metrunum	m ɛː t r ʏ n ʏ m
mettuð	m ɛ h t ʏ ð
meðalhraða	m ɛː ð a l r̥ aː ð a
meðalstórra	m ɛː ð a l s t o u rː a
meðferðarinnar	m ɛ ð f ɛ r ð a r ɪ nː a r
meðferðarúrræði	m ɛ ð f ɛ r ð a r u r r a iː ð ɪ
meðmælenda	m ɛ ð m a iː l ɛ n t a
meðmælum	m ɛ ð m a iː l ʏ m
mfa	m f aː
mildu	m ɪ l t ʏ
milligrömm	m ɪ t l ɪ k r œ mː
milliliðalaust	m ɪ t l ɪ l ɪː ð a l ø y s t
minjagripi	m ɪ n j a k r ɪː p ɪ
minkar	m i ŋ̊ k a r
minnisblaðinu	m ɪ nː ɪ s p l aː ð ɪ n ʏ
minniskort	m ɪ nː ɪ s k ɔ r̥ t
mislíkar	m ɪ s t l iː k a r
miðhálendisins	m ɪː ð h a uː l ɛ n t ɪ s ɪ n s
miðin	m ɪː ð ɪ n
miðli	m ɪ ð l ɪ
miðlunar	m ɪ ð l ʏː n a r
miðlæga	m ɪ ð l a iː ɣ a
mjúkir	m j uː c ɪ r
mokað	m ɔː k a ð
moldinni	m ɔ l t ɪ nː ɪ
morgunmatnum	m ɔ r k ʏ n m a h t n ʏ m
morðingjann	m ɔ r ð i ɲ c a nː
mundo	m ʏ n t ɔ
musk	m ʏ s k
myndarlegan	m ɪ n t a r l ɛː ɣ a n
myndaðir	m ɪ n t aː ð ɪ r
myndbanda	m ɪ n t p a n t a
myndbandsins	m ɪ n t p a n t s ɪ n s
myndlistarmönnum	m ɪ n t l ɪ s t a r m œ nː ʏ m
myndlíking	m ɪ n t l iː c i ŋ k
myndræna	m ɪ n t r a iː n a
myndver	m ɪ n t v ɛː r
mynta	m ɪ n̥ t a
málaflokkar	m a uː l a f l ɔ h k a r
málagjöld	m a uː l a c œ l t
málshöfðun	m a u l s h œ v ð ʏ n
mánaðamótin	m a uː n a ð a m o uː t ɪ n
mánaðarlegum	m a uː n a ð a r l ɛː ɣ ʏ m
mánudagurinn	m a uː n ʏ t aː ɣ ʏ r ɪ nː
mældust	m a i l t ʏ s t
mælikvarðar	m a iː l ɪ kʰ v a r ð a r
mími	m iː m ɪ
míni	m iː n ɪ
mótvægis	m o uː t v a iː j ɪ s
múm	m uː m
mýrin	m iː r ɪ n
nafnlausar	n a p n l ø yː s a r
nafnspjald	n a p n s p j a l t
nano	n aː n ɔ
nautin	n ø yː t ɪ n
nauðsynjum	n ø y ð s ɪ n j ʏ m
negldi	n ɛ k l t ɪ
nettengingu	n ɛ h t e i ɲ c i ŋ k ʏ
neysluvatni	n e i s t l ʏ v a h t n ɪ
neytandi	n e iː t a n t ɪ
neytir	n e iː t ɪ r
neytti	n e i h t ɪ
neyðarlögin	n e iː ð a r l œː j ɪ n
neyðartilvik	n e iː ð a r tʰ ɪ l v ɪː k
niðurgreiðslu	n ɪː ð ʏ r k r e i ð s t l ʏ
nokkurar	n ɔ h k ʏ r a r
norðanverðan	n ɔ r ð a n v ɛ r ð a n
norðurþings	n ɔ r ð ʏ r θ i ŋ k s
norðvesturs	n ɔ r ð v ɛ s t ʏ r̥ s
nuddar	n ʏ tː a r
nuevo	n ʏ ɛː v ɔ
num	n ʏː m
nyrstu	n ɪ r̥ s t ʏ
nytsamlegt	n ɪː t s a m l ɛ x t
nágrannalönd	n a uː k r a nː a l œ n t
námsbækur	n a u m s p a iː k ʏ r
námsframboð	n a u m s f r a m p ɔː ð
námskeiðinu	n a u m s c e iː ð ɪ n ʏ
námslán	n a u m s t l a uː n
námsárunum	n a u m s a uː r ʏ n ʏ m
námunum	n a uː m ʏː n ʏ m
náttúrustofu	n a u h t uː r ʏ s t ɔː v ʏ
nærbuxum	n a i r p ʏ x s ʏ m
næringarríkum	n a iː r i ŋ k a r r iː k ʏ m
nærst	n a i r̥ s t
næstsíðustu	n a i s t s iː ð ʏ s t ʏ
nöktum	n œ x t ʏ m
nýjabæ	n iː j a p a iː
nýlegur	n iː l ɛː ɣ ʏ r
nýlendum	n iː l ɛ n t ʏ m
nýlistasafnsins	n iː l ɪ s t a s a p n s ɪ n s
nýrna	n i r t n a
ofaukið	ɔː v ø yː c ɪ ð
ofbeldisfull	ɔ v p ɛ l t ɪ s f ʏ t l
ofgnótt	ɔ v k n o u h t
orkugjafar	ɔ r̥ k ʏ c aː v a r
orkulindum	ɔ r̥ k ʏ l ɪ n t ʏ m
orkumála	ɔ r̥ k ʏ m a uː l a
orkuþörf	ɔ r̥ k ʏ θ œ r v
otis	ɔː t ɪ s
padre	pʰ aː t r ɛː
pair	pʰ a iː r
parent	pʰ aː r ɛ n̥ t
paso	pʰ aː s ɔ
paulu	pʰ ø yː l ʏ
peningamál	pʰ ɛː n i ŋ k a m a uː l
peningi	pʰ ɛː n i ɲ c ɪ
pep	pʰ ɛː p
peretti	pʰ ɛː r ɛ h t ɪ
persónusköpun	pʰ ɛ r̥ s o uː n ʏ s k œː p ʏ n
pia	pʰ ɪː j a
pillu	pʰ ɪ t l ʏ
pillunni	pʰ ɪ t l ʏ nː ɪ
plasma	pʰ l a s m a
plasts	pʰ l a s t s
platínu	pʰ l aː tʰ iː n ʏ
platón	pʰ l aː tʰ o uː n
pol	pʰ ɔː l
porti	pʰ ɔ r̥ t ɪ
postulíni	pʰ ɔ s t ʏ l iː n ɪ
prjónum	pʰ r j o uː n ʏ m
prímtölur	pʰ r i m tʰ œː l ʏ r
punktarnir	pʰ u ŋ̊ k tʰ a r t n ɪ r
pálmatré	pʰ a u l m a tʰ r j ɛː
pítsu	pʰ i h t s ʏ
pólskum	pʰ o u l s k ʏ m
púðri	pʰ u ð r ɪ
quad	kʰ v aː t
rafvæðingu	r a v v a iː ð i ŋ k ʏ
rakar	r aː k a r
rammleik	r a mː l e iː k
rannsóknarstofnunar	r a nː s o u h k n a r s t ɔ p n ʏ n a r
raspberry	r a s p p ɛ rː ɪ
rate	r aː t ɛ
raunveruleikans	r ø y n v ɛː r ʏ l e iː k a n s
reap	r ɛ aː p
refsiaðgerðir	r ɛ f s ɪ a ð c ɛ r ð ɪ r
regin	r e iː j ɪ n
reglugerðar	r ɛ k l ʏ c ɛ r ð a r
reiðist	r e iː ð ɪ s t
reyndin	r e i n t ɪ n
riffla	r ɪ fː l a
ritstýra	r ɪː t s t iː r a
robby	r ɔ pː ɪ
roddy	r ɔ tː ɪ
rokkstjarna	r ɔ h k s t j a r t n a
rottan	r ɔ h t a n
rsí	r̥ s iː
ráðhúsi	r a uː ð h uː s ɪ
ræddar	r a i tː a r
rændur	r a i n t ʏ r
ræningjana	r a iː n i ɲ c aː n a
ræsti	r a i s t ɪ
ræstur	r a i s t ʏ r
ræðustól	r a iː ð ʏ s t o uː l
réttarkerfið	r j ɛ h t a r cʰ ɛ r v ɪː ð
ríkisendurskoðanda	r iː c ɪ s ɛ n t ʏ r s k ɔː ð a n t a
ríkisskattstjóri	r iː c ɪ s s k a h t s t j o uː r ɪ
römmum	r œ mː ʏ m
rörin	r œː r ɪ n
röðuðu	r œː ð ʏ ð ʏ
rússarnir	r u sː a r t n ɪ r
rúðu	r uː ð ʏ
rýmri	r i m r ɪ
sade	s aː t ɛ
safnstjóri	s a p n s t j o uː r ɪ
samanlögðum	s aː m a n l œ ɣ ð ʏ m
samara	s aː m a r a
samdráttar	s a m t r a u h t a r
samferðamenn	s a m f ɛ r ð a m ɛ nː
samhljóm	s a m l̥ j o uː m
samlanda	s a m l a n t a
samræmda	s a m r a i m t a
samræmdar	s a m r a i m t a r
samtvinnuð	s a m̥ t v ɪ nː ʏ ð
samverkandi	s a m v ɛ r̥ k a n t ɪ
samveru	s a m v ɛː r ʏ
samúels	s aː m u ɛ l s
samþykkur	s a m θ ɪ h k ʏ r
sannfæring	s a nː f a iː r i ŋ k
saturday	s aː t ʏ r t a iː
score	s k ɔː r ɛ
scully	s k ʏ t l ɪ
seki	s ɛː c ɪ
seljanda	s ɛ l j a n t a
senum	s ɛː n ʏ m
serra	s ɛ rː a
seville	s ɛː v ɪ t l ɛ
seytlar	s e i h t l a r
simpsons	s ɪ m̥ p s ɔ n s
sims	s ɪ m s
sitr	s ɪː t r
sitthvort	s ɪ h t kʰ v ɔ r̥ t
siðferðilegu	s ɪ ð f ɛ r ð ɪ l ɛː ɣ ʏ
sjávarbotni	s j a uː v a r p ɔ h t n ɪ
sjóleiðina	s j o uː l e iː ð ɪ n a
sjónar	s j o uː n a r
sjónræna	s j o u n r a iː n a
sjónrænt	s j o u n r a i n̥ t
sjónvarpsefnis	s j o u n v a r̥ p s ɛ p n ɪ s
sjónvarpsþátta	s j o u n v a r̥ p s θ a u h t a
sjóvar	s j o uː v a r
sjúkdómsgreiningu	s j uː k t o u m s k r e iː n i ŋ k ʏ
sjúklingana	s j uː k l i ŋ k aː n a
sjúkraliða	s j uː k r a l ɪː ð a
sjúkraliðar	s j uː k r a l ɪː ð a r
sjúkraþjálfarar	s j uː k r a θ j a u l v aː r a r
skafta	s k a f t a
skapaðar	s k aː p a ð a r
skapaðir	s k aː p a ð ɪ r
skattleggja	s k a h t l ɛ cː a
skeeter	s c ɛː t ɛ r
skeiðið	s c e iː ð ɪ ð
skelfingar	s c ɛ l v i ŋ k a r
skelfur	s c ɛ l v ʏ r
skeljum	s c ɛ l j ʏ m
skerðingar	s c ɛ r ð i ŋ k a r
skeð	s c ɛː ð
skildar	s c ɪ l t a r
skildust	s c ɪ l t ʏ s t
skilgreiningunni	s c ɪ l k r e iː n i ŋ k ʏ nː ɪ
skilt	s c ɪ l̥ t
skipulegum	s c ɪː p ʏ l ɛː ɣ ʏ m
skjalsins	s c a l s ɪ n s
skjákort	s c a uː kʰ ɔ r̥ t
skjálftavirkni	s c a u l̥ t a v ɪ r̥ k n ɪ
skoda	s k ɔː t a
skolar	s k ɔː l a r
skondin	s k ɔ n t ɪ n
skordýraeitur	s k ɔ r t iː r a e iː t ʏ r
skrautið	s k r ø yː t ɪ ð
skreytingum	s k r e iː t i ŋ k ʏ m
skriðið	s k r ɪː ð ɪ ð
skrúða	s k r uː ð a
skyndilegt	s c ɪ n t ɪ l ɛ x t
skífu	s c iː v ʏ
skúrir	s k uː r ɪ r
skýrslutöku	s c i r̥ s t l ʏ tʰ œː k ʏ
sleppið	s t l ɛ h p ɪ ð
slöngum	s t l ø y ŋ k ʏ m
smalað	s m aː l a ð
smeykur	s m e iː k ʏ r
smyril	s m ɪː r ɪ l
smápeningum	s m a uː pʰ ɛː n i ŋ k ʏ m
smáskífa	s m a uː s c iː v a
smæðar	s m a iː ð a r
smíðina	s m iː ð ɪ n a
snefilefni	s t n ɛː v ɪ l ɛ p n ɪ
snöru	s t n œː r ʏ
sonarson	s ɔː n a r s ɔː n
sonju	s ɔ n j ʏ
sonoma	s ɔː n ɔː m a
sox	s ɔ k s
spaghetti	s p aː ɣ h ɛ h t ɪ
sparnaði	s p a r t n aː ð ɪ
spelt	s p ɛ l̥ t
spjöldum	s p j œ l t ʏ m
springi	s p r i ɲ c ɪ
spurningamerki	s p ʏ r t n i ŋ k a m ɛ r̥ c ɪ
starfsmanni	s t a r v s m a nː ɪ
starfsmennirnir	s t a r v s m ɛ nː ɪ r t n ɪ r
staðhæft	s t aː ð h a i f t
staðráðnir	s t a ð r a u ð n ɪ r
stebba	s t ɛ pː a
stefnubreyting	s t ɛ p n ʏ p r e iː t i ŋ k
stefnumótandi	s t ɛ p n ʏ m o uː t a n t ɪ
steikjandi	s t e iː c a n t ɪ
steinari	s t e iː n a r ɪ
steinberg	s t e i n p ɛ r k
steinefna	s t e iː n ɛ p n a
stenberg	s t ɛ n p ɛ r k
steypir	s t e iː p ɪ r
stilltir	s t ɪ l̥ t ɪ r
stjórnarflokkarnir	s t j o u r t n a r f l ɔ h k a r t n ɪ r
stjórnarformann	s t j o u r t n a r f ɔ r m a nː
stjórnarhátta	s t j o u r t n a r h a u h t a
stjórnarmanna	s t j o u r t n a r m a nː a
stjórnarsáttmála	s t j o u r t n a r s a u h t m a uː l a
stjórnartíðinda	s t j o u r t n a r tʰ iː ð ɪ n t a
stjórnartíðindi	s t j o u r t n a r tʰ iː ð ɪ n t ɪ
stjórnmálaskoðana	s t j o u r t n m a uː l a s k ɔː ð a n a
stofunnar	s t ɔː v ʏ nː a r
stríddi	s t r i tː ɪ
stuðningurinn	s t ʏ ð n i ŋ k ʏ r ɪ nː
styddu	s t ɪ tː ʏ
stykkjum	s t ɪ h c ʏ m
styrkjanna	s t ɪ r̥ c a nː a
stílum	s t iː l ʏ m
stólpa	s t o u l̥ p a
stórvelda	s t o u r v ɛ l t a
stökkar	s t œ h k a r
stöðvarnar	s t œ ð v a r t n a r
sundlaugum	s ʏ n t l ø yː ɣ ʏ m
sunny	s ʏ nː ɪ
superman	s ʏː p ɛ r m aː n
sure	s ʏː r ɛ
svani	s v aː n ɪ
svans	s v a n s
svansins	s v a n s ɪ n s
svartskeggur	s v a r̥ t s c ɛ kː ʏ r
sveitarstjórnarráðherra	s v e iː t a r s t j o u r t n a r r a uː ð h ɛ rː a
sviðsetningu	s v ɪ ð s ɛ h t n i ŋ k ʏ
svínin	s v iː n ɪ n
sykursjúkra	s ɪː k ʏ r s j uː k r a
syn	s ɪː n
sáningu	s a uː n i ŋ k ʏ
sáttamiðlun	s a u h t a m ɪ ð l ʏ n
sáði	s a uː ð ɪ
sæmdar	s a i m t a r
særðir	s a i r ð ɪ r
sætri	s a iː t r ɪ
sævars	s a iː v a r̥ s
sérdeild	s j ɛ r t e i l t
sérhönnuð	s j ɛː r h œ nː ʏ ð
síldveiða	s i l t v e iː ð a
símalínu	s iː m a l iː n ʏ
sítrónu	s iː tʰ r o uː n ʏ
sítrónur	s iː tʰ r o uː n ʏ r
síðna	s i ð n a
síðurnar	s iː ð ʏ r t n a r
sóknarprests	s o u h k n a r pʰ r ɛ s t s
sólborg	s o u l p ɔ r k
sómasamlega	s o uː m a s a m l ɛː ɣ a
söfnunar	s œ p n ʏ n a r
súlum	s uː l ʏ m
súðavíkur	s uː ð a v iː k ʏ r
sýningarskrá	s iː n i ŋ k a r s k r a uː
sýður	s iː ð ʏ r
takkanum	tʰ a h k a n ʏ m
takki	tʰ a h c ɪ
talsmanni	tʰ a l s m a nː ɪ
tanner	tʰ a nː ɛ r
taugakerfinu	tʰ ø yː ɣ a cʰ ɛ r v ɪː n ʏ
tekíla	tʰ ɛː c iː l a
thorne	tʰ ɔ r t n ɛ
tilboða	tʰ ɪ l p ɔː ð a
tilbrigðum	tʰ ɪ l p r ɪ ɣ ð ʏ m
tilburði	tʰ ɪ l p ʏ r ð ɪ
tilgreindar	tʰ ɪ l k r e i n t a r
tiltrú	tʰ ɪ l̥ t r uː
tilverknað	tʰ ɪ l v ɛ r̥ k n a ð
tino	tʰ ɪː n ɔ
tips	tʰ ɪ p s
togað	tʰ ɔː ɣ a ð
toms	tʰ ɔ m s
torkil	tʰ ɔ r̥ c ɪ l
torre	tʰ ɔ rː ɛ
triple	tʰ r ɪ h p l ɛ
trjárækt	tʰ r j a uː r a i x t
tromsö	tʰ r ɔ m s œː
tryggingafélög	tʰ r ɪ cː i ŋ k a f j ɛː l œː ɣ
tróðu	tʰ r o uː ð ʏ
trúarskoðanir	tʰ r uː a r s k ɔː ð a n ɪ r
tum	tʰ ʏː m
tungumálin	tʰ u ŋ k ʏ m a uː l ɪ n
tvífara	tʰ v iː v aː r a
tvímælis	tʰ v iː m a iː l ɪ s
tyrkneskra	tʰ ɪ r̥ k n ɛ s k r a
tækniskólans	tʰ a i h k n ɪ s k o uː l a n s
tækniskólanum	tʰ a i h k n ɪ s k o uː l a n ʏ m
tældi	tʰ a i l t ɪ
tékknesku	tʰ j ɛ h k n ɛ s k ʏ
tínir	tʰ iː n ɪ r
tíðnin	tʰ i ð n ɪ n
tómum	tʰ o uː m ʏ m
tónleikahaldi	tʰ o u n l e iː k a h a l t ɪ
tónlistardeild	tʰ o u n l ɪ s t a r t e i l t
tónlistarflutning	tʰ o u n l ɪ s t a r f l ʏ h t n i ŋ k
tónlistarfólki	tʰ o u n l ɪ s t a r f o u l̥ c ɪ
tónskóla	tʰ o u n s k o uː l a
töfralæknir	tʰ œ v r a l a i h k n ɪ r
tölustöfum	tʰ œː l ʏ s t œː v ʏ m
tölvukerfum	tʰ œ l v ʏ cʰ ɛ r v ʏ m
tölvunarfræðideild	tʰ œ l v ʏ n a r f r a iː ð ɪ t e i l t
túnin	tʰ uː n ɪ n
týnist	tʰ iː n ɪ s t
týpa	tʰ iː p a
umboðsaðili	ʏ m p ɔ ð s aː ð ɪ l ɪ
umbrella	ʏ m p r ɛ t l a
umdæmisstjóri	ʏ m t a iː m ɪ s s t j o uː r ɪ
umfangsmeiri	ʏ m f a u ŋ k s m e iː r ɪ
umsagna	ʏ m s a k n a
umsókninni	ʏ m s o u h k n ɪ nː ɪ
umsögnin	ʏ m s œ k n ɪ n
undarlegar	ʏ n t a r l ɛː ɣ a r
unglingurinn	u ŋ k l i ŋ k ʏ r ɪ nː
uppfylling	ʏ h p f ɪ t l i ŋ k
uppiskroppa	ʏ h p ɪ s k r ɔ h p a
upplýsingaskilti	ʏ h p l iː s i ŋ k a s c ɪ l̥ t ɪ
upplýsingaveita	ʏ h p l iː s i ŋ k a v e iː t a
upplýsingu	ʏ h p l iː s i ŋ k ʏ
vaktin	v a x t ɪ n
valhallar	v aː l h a t l a r
valka	v a l̥ k a
valle	v a t l ɛ
vandamálunum	v a n t a m a uː l ʏ n ʏ m
vandræðin	v a n t r a iː ð ɪ n
vantrúar	v a n̥ t r uː a r
varaformann	v aː r a f ɔ r m a nː
varfærni	v a r f a i r t n ɪ
varhluta	v a r l̥ ʏː t a
vaxnir	v a k s t n ɪ r
vefútgáfu	v ɛː v u t k a uː v ʏ
veglegan	v ɛ ɣ l ɛː ɣ a n
veitingahúsa	v e iː t i ŋ k a h uː s a
veitingasölu	v e iː t i ŋ k a s œː l ʏ
veki	v ɛː c ɪ
velvilja	v ɛ l v ɪ l j a
vere	v ɛː r ɛ
verkalýðsfélagi	v ɛ r̥ k a l i ð s f j ɛː l aː j ɪ
verkfræðistofa	v ɛ r̥ k f r a iː ð ɪ s t ɔː v a
verklegar	v ɛ r̥ k l ɛː ɣ a r
verkmenntaskóla	v ɛ r̥ k m ɛ n̥ t a s k o uː l a
verknað	v ɛ r̥ k n a ð
verkstjóra	v ɛ r̥ k s t j o uː r a
verona	v ɛː r ɔː n a
verðbréfaviðskipta	v ɛ r ð p r j ɛː v a v ɪ ð s c ɪ f t a
verðlagning	v ɛ r ð l a k n i ŋ k
verðlaunað	v ɛ r ð l ø yː n a ð
veðrinu	v ɛ ð r ɪː n ʏ
veðsetja	v ɛ ð s ɛː t j a
veðurspár	v ɛː ð ʏ r s p a uː r
veðurstöð	v ɛː ð ʏ r s t œː ð
vilhjálmsdóttur	v ɪ l ç a u l m s t o u h t ʏ r
villibráð	v ɪ t l ɪ p r a uː ð
vinalega	v ɪː n a l ɛː ɣ a
vinnustaðir	v ɪ nː ʏ s t aː ð ɪ r
vinnustaður	v ɪ nː ʏ s t aː ð ʏ r
vistar	v ɪ s t a r
vistaður	v ɪ s t aː ð ʏ r
vistin	v ɪ s t ɪ n
vitra	v ɪː t r a
viv	v ɪː v
viviane	v ɪː v ɪ aː n ɛ
viðamikið	v ɪː ð a m ɪː c ɪ ð
viðaukanum	v ɪː ð ø yː k a n ʏ m
viðburðaríkt	v ɪ ð p ʏ r ð a r i x t
viðbótin	v ɪ ð p o uː t ɪ n
viðgang	v ɪ ð k a u ŋ k
viðmiði	v ɪ ð m ɪː ð ɪ
viðræðnanna	v ɪ ð r a i ð n a nː a
viðskiptabankanna	v ɪ ð s c ɪ f t a p a u ŋ̊ kʰ a nː a
viðskiptaráðsins	v ɪ ð s c ɪ f t a r a u ð s ɪ n s
viðskiptavild	v ɪ ð s c ɪ f t a v ɪ l t
viðstaddra	v ɪ ð s t a tː r a
viðstöddu	v ɪ ð s t œ tː ʏ
vorrar	v ɔ rː a r
voðaverk	v ɔː ð a v ɛ r̥ k
víet	v iː j ɛː t
vígið	v iː j ɪ ð
víglundur	v i ɣ l ʏ n t ʏ r
vígðir	v i ɣ ð ɪ r
víkkar	v i h k a r
vísindamanni	v iː s ɪ n t a m a nː ɪ
vítis	v iː t ɪ s
völvan	v œ l v a n
vörunni	v œː r ʏ nː ɪ
wifi	v ɪː v ɪ
wilsons	v ɪ l s ɔ n s
wir	v ɪː r
wittenberg	v ɪ h t ɛ n p ɛ r k
yell	j ɛ t l
yfirfærslu	ɪː v ɪ r f a i r̥ s t l ʏ
yfirlækni	ɪː v ɪ r l a i h k n ɪ
yfirlýsta	ɪː v ɪ r l i s t a
ylfa	ɪ l v a
yori	j ɔː r ɪ
áa	a uː a
áfangastöðum	a uː f a u ŋ k a s t œː ð ʏ m
áhafna	a uː h a p n a
áhalda	a uː h a l t a
áherslumál	a uː h ɛ r̥ s t l ʏ m a uː l
áhlaupi	a uː l̥ ø yː p ɪ
áhrifamátt	a uː r̥ ɪː v a m a u h t
áhugafólk	a uː h ʏː ɣ a f o u l̥ k
áhugaverðra	a uː h ʏː ɣ a v ɛ r ð r a
ákveðni	a uː kʰ v ɛ ð n ɪ
álfi	a u l v ɪ
álframleiðslu	a u l v r a m l e i ð s t l ʏ
áralanga	a uː r a l a u ŋ k a
áreiðanleg	a uː r e iː ð a n l ɛː ɣ
árstíðirnar	a u r̥ s t iː ð ɪ r t n a r
áræðni	a uː r a i ð n ɪ
áróðurs	a uː r o uː ð ʏ r̥ s
ástæðunum	a uː s t a iː ð ʏ n ʏ m
átjánda	a uː t j a u n t a
áætlaðar	a uː a i h t l aː ð a r
áætlunarferðir	a uː a i h t l ʏ n a r f ɛ r ð ɪ r
ævintýralegt	a iː v ɪ n tʰ iː r a l ɛ x t
æviskeið	a iː v ɪ s c e iː ð
æðakölkun	a iː ð a kʰ œ l̥ k ʏ n
íbúðarhúsa	iː p uː ð a r h uː s a
íbúðarhúss	iː p uː ð a r h u sː
ísberg	iː s p ɛ r k
íþróttasal	iː θ r o u h t a s aː l
óbirt	o uː p ɪ r̥ t
óhag	o uː h aː ɣ
óheppileg	o uː h ɛ h p ɪ l ɛː ɣ
óhugnanlegt	o uː h ʏ k n a n l ɛ x t
óháðan	o uː h a uː ð a n
óháðu	o uː h a uː ð ʏ
óljósa	o u l j o uː s a
ólokið	o uː l ɔː c ɪ ð
ólsen	o u l s ɛ n
óláfs	o uː l a u f s
óláni	o uː l a uː n ɪ
ólögmætt	o uː l œ ɣ m a i h t
ónæmiskerfinu	o uː n a iː m ɪ s c ɛ r v ɪː n ʏ
óorði	o uː ɔ r ð ɪ
óskarinn	o u s k a r ɪ nː
óski	o u s c ɪ
óskipta	o uː s c ɪ f t a
óttans	o u h t a n s
ótæmandi	o uː tʰ a iː m a n t ɪ
óumdeild	o uː ʏ m t e i l t
óvenjulegu	o uː v ɛ n j ʏ l ɛː ɣ ʏ
óvæntum	o uː v a i n̥ t ʏ m
óánægð	o uː a uː n a i ɣ ð
óæskilegar	o uː a i s c ɪ l ɛː ɣ a r
óæskilegt	o uː a i s c ɪ l ɛ x t
óæskilegum	o uː a i s c ɪ l ɛː ɣ ʏ m
óðfluga	o u ð f l ʏː ɣ a
óþol	o uː θ ɔː l
óþrjótandi	o uː θ r j o uː t a n t ɪ
öfugu	œː v ʏː ɣ ʏ
öndverðri	œ n t v ɛ r ð r ɪ
örskömmum	œ r̥ s k œ mː ʏ m
örvhentur	œ r v h ɛ n̥ t ʏ r
össuri	œ sː ʏ r ɪ
úrbótum	u r p o uː t ʏ m
úrskurðarvald	u r̥ s k ʏ r ð a r v a l t
úrsúlu	u r̥ s uː l ʏ
útbrotum	uː t p r ɔː t ʏ m
útbyrðis	uː t p ɪ r ð ɪ s
útgerðin	uː t c ɛ r ð ɪ n
útgöngubann	uː t k ø y ŋ k ʏ p a nː
útibúi	uː t ɪ p uː ɪ
útibúum	uː t ɪ p uː ʏ m
útihátíð	uː t ɪ h a uː tʰ iː ð
útsaum	uː t s ø yː m
útsjónarsemi	uː t s j o uː n a r s ɛː m ɪ
úða	uː ð a
ýjað	iː j a ð
þeytt	θ e i h t
þingeyjarsveitar	θ i ŋ c e iː j a r s v e iː t a r
þingheimur	θ i ŋ k h e iː m ʏ r
þinglýst	θ i ŋ k l i s t
þingsköp	θ i ŋ k s k œː p
þjónustunni	θ j o uː n ʏ s t ʏ nː ɪ
þjóðfélögum	θ j o u ð f j ɛː l œː ɣ ʏ m
þjóðlöndum	θ j o u ð l œ n t ʏ m
þolendur	θ ɔː l ɛ n t ʏ r
þorkatli	θ ɔ r̥ k a h t l ɪ
þrautseigju	θ r ø yː t s e iː j ʏ
þrautum	θ r ø yː t ʏ m
þroskahjálpar	θ r ɔ s k a ç a u l̥ p a r
þroskist	θ r ɔ s c ɪ s t
þráhyggja	θ r a uː h ɪ cː a
þróunina	θ r o uː ʏ n ɪː n a
þröskuld	θ r œ s k ʏ l t
þungmálma	θ u ŋ k m a u l m a
þvagsýrugigt	θ v a x s iː r ʏ c ɪ x t
þvegið	θ v e iː j ɪ ð
þverár	θ v ɛː r a uː r
þveröfugt	θ v ɛː r œ f ʏ x t
þvinguð	θ v i ŋ k ʏ ð
þyngdinni	θ i ŋ t ɪ nː ɪ
þátttakan	θ a u h t tʰ aː k a n
þægilegan	θ a iː j ɪ l ɛː ɣ a n
þéna	θ j ɛː n a
þéttara	θ j ɛ h t a r a
adult	aː t ʏ l̥ t
afbrigða	a v p r ɪ ɣ ð a
afleysingum	a v l e iː s i ŋ k ʏ m
aflíðandi	a v l iː ð a n t ɪ
along	aː l o u ŋ k
atvinnusvæði	aː t v ɪ nː ʏ s v a iː ð ɪ
augsburg	ø y x s p ʏ r k
avant	aː v a n̥ t
baksíðu	p aː k s iː ð ʏ
bandalög	p a n t a l œː ɣ
barnalegt	p a r t n a l ɛ x t
bergrún	p ɛ r k r uː n
bikarkeppninnar	p ɪː k a r cʰ ɛ h p n ɪ nː a r
bolt	p ɔ l̥ t
boss	p ɔ sː
ceres	s ɛː r ɛː s
complex	kʰ ɔ m̥ p l ɛ k s
dauft	t ø y f t
djakarta	t j aː kʰ a r̥ t a
dreams	t r ɛː a m s
eddi	ɛ tː ɪ
eftirlætis	ɛ f t ɪ r l a iː t ɪ s
eineggja	e iː n ɛ cː a
einfaldra	e i n f a l t r a
eltum	ɛ l̥ t ʏ m
emmy	ɛ mː ɪ
engidal	e i ɲ c ɪ t aː l
erfi	ɛ r v ɪ
evrópuráðinu	ɛ v r o uː p ʏ r a uː ð ɪ n ʏ
eyvind	e iː v ɪ n t
eyðilagst	e iː ð ɪ l a x s t
fegrun	f ɛ ɣ r ʏ n
feluleik	f ɛː l ʏ l e iː k
ferðasaga	f ɛ r ð a s aː ɣ a
filmuna	f ɪ l m ʏː n a
fljúgi	f l j uː j ɪ
forfeðrum	f ɔ r f ɛ ð r ʏ m
frumlegur	f r ʏ m l ɛː ɣ ʏ r
fríverslun	f r iː v ɛ r̥ s t l ʏ n
frúnni	f r u t n ɪ
fyrirlestrana	f ɪː r ɪ r l ɛ s t r aː n a
færis	f a iː r ɪ s
földum	f œ l t ʏ m
getnað	c ɛ h t n a ð
hamingjusama	h aː m i ɲ c ʏ s aː m a
heilmiklu	h e i l m ɪ h k l ʏ
heimavöll	h e iː m a v œ t l
heimsþekkt	h e i m s θ ɛ x t
hitaveitur	h ɪː t a v e iː t ʏ r
hreppum	r̥ ɛ h p ʏ m
hristu	r̥ ɪ s t ʏ
hruna	r̥ ʏː n a
hugleik	h ʏ ɣ l e iː k
hugrekkis	h ʏ ɣ r ɛ h c ɪ s
háskólunum	h a uː s k o uː l ʏ n ʏ m
háttvirtur	h a u h t v ɪ r̥ t ʏ r
hávetur	h a uː v ɛː t ʏ r
héldist	ç ɛ l t ɪ s t
höfundanna	h œː v ʏ n t a nː a
hörmulegum	h œ r m ʏ l ɛː ɣ ʏ m
ingólfshöfða	i ŋ k o u l v s h œ v ð a
innleiddur	ɪ nː l e i tː ʏ r
iðngreinar	ɪ ð n k r e iː n a r
joint	j ɔ i n̥ t
jonna	j ɔ nː a
kanadíski	kʰ aː n a t i s c ɪ
kanntu	kʰ a n̥ t ʏ
karlamagnúsi	kʰ a r t l a m a k n uː s ɪ
kettirnir	cʰ ɛ h t ɪ r t n ɪ r
kjánalega	cʰ a uː n a l ɛː ɣ a
klassískrar	kʰ l a sː i s k r aː r
krækti	kʰ r a i x t ɪ
kvennalistans	kʰ v ɛ nː a l ɪ s t a n s
kveðjustund	kʰ v ɛ ð j ʏ s t ʏ n t
kynbætur	cʰ ɪ n p a iː t ʏ r
kynhegðun	cʰ ɪː n h ɛ ɣ ð ʏ n
kætir	cʰ a iː t ɪ r
kólumbía	kʰ o uː l ʏ m p iː j a
könnuna	kʰ œ nː ʏ n a
kúrdar	kʰ u r t a r
laglínu	l a ɣ l iː n ʏ
lambastöðum	l a m p a s t œː ð ʏ m
landmælingum	l a n t m a iː l i ŋ k ʏ m
landupplýsingar	l a n t ʏ h p l iː s i ŋ k a r
laugavegurinn	l ø yː ɣ a v ɛː ɣ ʏ r ɪ nː
leiknu	l e i h k n ʏ
leturgerð	l ɛː t ʏ r c ɛ r ð
leyfin	l e iː v ɪ n
leðju	l ɛ ð j ʏ
listaskóla	l ɪ s t a s k o uː l a
listasöfn	l ɪ s t a s œ p n
litarefnum	l ɪː t a r ɛ p n ʏ m
lofthita	l ɔ f t h ɪː t a
loftin	l ɔ f t ɪ n
lugano	l ʏː ɣ a n ɔ
löngumýri	l ø y ŋ k ʏ m iː r ɪ
mannamál	m a nː a m a uː l
mannréttindadómstól	m a nː r j ɛ h t ɪ n t a t o u m s t o uː l
markan	m a r̥ k a n
menntamenn	m ɛ n̥ t a m ɛ nː
mestir	m ɛ s t ɪ r
miklubrautar	m ɪ h k l ʏ p r ø yː t a r
minutes	m ɪː n ʏ tʰ ɛː s
miðflokkinn	m ɪ ð f l ɔ h c ɪ n
miðflokknum	m ɪ ð f l ɔ h k n ʏ m
month	m ɔ n̥ t
myndskreytingum	m ɪ n t s k r e iː t i ŋ k ʏ m
mósaík	m o uː s a iː k
mótfallnir	m o uː t f a t l n ɪ r
múrar	m uː r a r
niðarósi	n ɪː ð a r o uː s ɪ
niðurrifi	n ɪː ð ʏ r r ɪː v ɪ
náttföt	n a u h t f œː t
pad	pʰ aː t
penguin	pʰ e i ŋ k v ɪː n
pirrar	pʰ ɪ rː a r
rammur	r a mː ʏ r
raunum	r ø yː n ʏ m
reveal	r ɛː v ɛ aː l
risotto	r ɪː s ɔ h t ɔ
rithöfundasamband	r ɪː t h œː v ʏ n t a s a m p a n t
ritstjórum	r ɪː t s t j o uː r ʏ m
ræðumanna	r a iː ð ʏ m a nː a
sameiningunni	s aː m e iː n i ŋ k ʏ nː ɪ
samskeytin	s a m s c e iː t ɪ n
samviskan	s a m v ɪ s k a n
sigfúsi	s ɪ x f uː s ɪ
sjálfheldu	s j a u l v h ɛ l t ʏ
skattana	s k a h t a n a
skákmótum	s k a uː k m o uː t ʏ m
snarpa	s t n a r̥ p a
sofum	s ɔː v ʏ m
sparkar	s p a r̥ k a r
spilsins	s p ɪ l s ɪ n s
spriklandi	s p r ɪː k l a n t ɪ
steingrímsfjörð	s t e i n k r i m s f j œ r ð
stjórnarskipti	s t j o u r t n a r s c ɪ f t ɪ
strendurnar	s t r ɛ n t ʏ r t n a r
stutti	s t ʏ h t ɪ
stíganda	s t iː ɣ a n t a
stórrar	s t o u rː a r
sviku	s v ɪː k ʏ
svuntu	s v ʏ n̥ t ʏ
svífandi	s v iː v a n t ɪ
sæmdi	s a i m t ɪ
sódóma	s o uː t o uː m a
söltum	s œ l̥ t ʏ m
tok	tʰ ɔː k
trident	tʰ r ɪː t ɛ n̥ t
trio	tʰ r ɪː j ɔ
tryggingarnar	tʰ r ɪ cː i ŋ k a r t n a r
tungumálanám	tʰ u ŋ k ʏ m a uː l a n a uː m
umfangsmikill	ʏ m f a u ŋ k s m ɪː c ɪ t l
ummerkjum	ʏ mː ɛ r̥ c ʏ m
undarlegri	ʏ n t a r l ɛ ɣ r ɪ
undraverðum	ʏ n t r a v ɛ r ð ʏ m
uppþot	ʏ h p θ ɔː t
vannæringu	v a nː a iː r i ŋ k ʏ
veikinnar	v e iː c ɪ nː a r
viljastyrk	v ɪ l j a s t ɪ r̥ k
vígsla	v i x s t l a
víkin	v iː c ɪ n
víkingaöld	v iː c i ŋ k a œ l t
áfyllingu	a uː f ɪ t l i ŋ k ʏ
áhald	a uː h a l t
álandseyjum	a uː l a n t s e iː j ʏ m
árvakur	a u r v aː k ʏ r
ásgarð	a uː s k a r ð
ástvinur	a u s t v ɪː n ʏ r
ásælni	a uː s a i t n ɪ
ítalskar	iː tʰ a l s k a r
íþróttakona	iː θ r o u h t a kʰ ɔː n a
óhlýðnast	o uː l̥ i ð n a s t
öxlunum	œ k s t l ʏ n ʏ m
útilistaverk	uː t ɪ l ɪ s t a v ɛ r̥ k
útsendingin	uː t s ɛ n t i ɲ c ɪ n
þinganes	θ i ŋ k a n ɛː s
þorleikur	θ ɔ r l e iː k ʏ r
þorvarðarson	θ ɔ r v a r ð a r s ɔː n
þreföld	θ r ɛː v œ l t
þroskaðir	θ r ɔ s k aː ð ɪ r
þríhyrningur	θ r iː h ɪ r t n i ŋ k ʏ r
afbrigðið	a v p r ɪ ɣ ð ɪ ð
afmælisrit	a v m a iː l ɪ s r ɪː t
afvopnun	a v v ɔ h p n ʏ n
akademískum	aː k a t ɛː m i s k ʏ m
alberti	a l p ɛ r̥ t ɪ
alþingismann	a l θ i ɲ c ɪ s m a nː
amerískri	aː m ɛː r i s k r ɪ
argento	a r c ɛ n̥ t ɔ
argentínumenn	a r c ɛ n tʰ iː n ʏ m ɛ nː
armar	a r m a r
arrow	a rː ɔ v
athafnamenn	aː t h a p n a m ɛ nː
austfirði	ø y s t f ɪ r ð ɪ
aðalstyrktaraðili	aː ð a l s t ɪ r̥ k t a r aː ð ɪ l ɪ
aðferðarinnar	a ð f ɛ r ð a r ɪ nː a r
aðskilda	a ð s c ɪ l t a
barnsfaðir	p a r t n s f aː ð ɪ r
bestun	p ɛ s t ʏ n
björgólfi	p j œ r k o u l v ɪ
blandaðar	p l a n t aː ð a r
borgarhluta	p ɔ r k a r l̥ ʏː t a
brellur	p r ɛ t l ʏ r
bretlandseyja	p r ɛː t l a n t s e iː j a
bárð	p a u r ð
bænirnar	p a iː n ɪ r t n a r
christi	kʰ r ɪ s t ɪ
crime	kʰ r ɪː m ɛ
dalað	t aː l a ð
daufum	t ø yː v ʏ m
dauðarefsingu	t ø yː ð a r ɛ f s i ŋ k ʏ
deilunnar	t e iː l ʏ nː a r
dimman	t ɪ mː a n
dora	t ɔː r a
dordrecht	t ɔ r t r ɛ x t
duff	t ʏ fː
during	t ʏː r i ŋ k
dvalarstaður	t v aː l a r s t aː ð ʏ r
dálitlum	t a uː l ɪ h t l ʏ m
dómsmálaráðuneyti	t o u m s m a uː l a r a uː ð ʏ n e iː t ɪ
efahyggju	ɛː v a h ɪ cː ʏ
eignarfalli	e i k n a r f a t l ɪ
eita	e iː t a
endurminningum	ɛ n t ʏ r m ɪ nː i ŋ k ʏ m
espn	ɛ s p n
eðvarð	ɛ ð v a r ð
fagmann	f a ɣ m a nː
faraldsfræði	f aː r a l t s f r a iː ð ɪ
fastamaður	f a s t a m aː ð ʏ r
fed	f ɛː t
festingu	f ɛ s t i ŋ k ʏ
fil	f ɪː l
fiskana	f ɪ s k aː n a
fjandann	f j a n t a nː
fjarða	f j a r ð a
flugfarþega	f l ʏ x f a r θ ɛː ɣ a
forfaðir	f ɔ r v aː ð ɪ r
forlag	f ɔ r l aː ɣ
forlög	f ɔ r l œː ɣ
framfylgir	f r a m f ɪ l c ɪ r
framleiddum	f r a m l e i tː ʏ m
framreiddur	f r a m r e i tː ʏ r
freistni	f r e i s t n ɪ
friðaður	f r ɪː ð a ð ʏ r
friðþægja	f r ɪ ð θ a iː j a
fullvel	f ʏ t l v ɛː l
fyrirgert	f ɪː r ɪ r c ɛ r̥ t
fáki	f a uː c ɪ
fásinna	f a uː s ɪ nː a
færeyskum	f a iː r e i s k ʏ m
félagsstörf	f j ɛː l a x s s t œ r v
föðurætt	f œː ð ʏ r a i h t
gelti	c ɛ l̥ t ɪ
gent	c ɛ n̥ t
gifsi	c ɪ f s ɪ
gosum	k ɔː s ʏ m
greinilegar	k r e iː n ɪ l ɛː ɣ a r
grimmari	k r ɪ mː a r ɪ
grindavíkurbær	k r ɪ n t a v iː k ʏ r p a iː r
gríðarmikið	k r iː ð a r m ɪː c ɪ ð
gríðarstórt	k r iː ð a r s t o u r̥ t
gæska	c a i s k a
harvest	h a r v ɛ s t
heimslistans	h e i m s t l ɪ s t a n s
hellisgerði	h ɛ t l ɪ s c ɛ r ð ɪ
heppnar	h ɛ h p n a r
herrum	h ɛ rː ʏ m
himnu	h ɪ m n ʏ
hjartsláttartíðni	ç a r̥ t s t l a u h t a r tʰ i ð n ɪ
hjálparefni	ç a u l̥ p a r ɛ p n ɪ
hnénu	n̥ j ɛː n ʏ
hnýtt	n̥ i h t
holdsins	h ɔ l t s ɪ n s
horns	h ɔ r t n s
hringdum	r̥ i ŋ t ʏ m
hryðjuverkamanna	r̥ ɪ ð j ʏ v ɛ r̥ k a m a nː a
hráar	r̥ a uː a r
hugguleg	h ʏ kː ʏ l ɛː ɣ
humes	h ʏː m ɛː s
hveragerðisbær	kʰ v ɛː r a c ɛ r ð ɪ s p a iː r
hálfgerðri	h a u l v c ɛ r ð r ɪ
hættar	h a i h t a r
höfðust	h œ v ð ʏ s t
hökuna	h œː k ʏ n a
húsabakka	h uː s a p a h k a
impossible	ɪ m pʰ ɔ sː ɪ p l ɛ
indlandshafi	ɪ n t l a n t s h aː v ɪ
jafnhátt	j a p n h a u h t
jarðeðlisfræði	j a r ð ɛ ð l ɪ s f r a iː ð ɪ
jólasveinanna	j o uː l a s v e iː n a nː a
jórunnar	j o uː r ʏ nː a r
kamerún	kʰ aː m ɛː r uː n
kamilla	kʰ aː m ɪ t l a
karlmennirnir	kʰ a r t l m ɛ nː ɪ r t n ɪ r
kaþólikkar	kʰ aː θ o uː l ɪ h k a r
keflavíkurflugvöllur	cʰ ɛ p l a v iː k ʏ r f l ʏ ɣ v œ t l ʏ r
kenndum	cʰ ɛ n t ʏ m
kirkjugörðum	cʰ ɪ r̥ c ʏ k œ r ð ʏ m
kirkjustaður	cʰ ɪ r̥ c ʏ s t aː ð ʏ r
kjörsvið	cʰ œ r̥ s v ɪː ð
klettana	kʰ l ɛ h t a n a
klikkuð	kʰ l ɪ h k ʏ ð
kláran	kʰ l a uː r a n
knettinum	kʰ n ɛ h t ɪ n ʏ m
kosnar	kʰ ɔ s t n a r
kringlukasti	kʰ r i ŋ k l ʏ kʰ a s t ɪ
kristileg	kʰ r ɪ s t ɪ l ɛː ɣ
krókum	kʰ r o uː k ʏ m
kvikmyndasýningar	kʰ v ɪː k m ɪ n t a s iː n i ŋ k a r
kviðnum	kʰ v ɪ ð n ʏ m
kvæðin	kʰ v a iː ð ɪ n
kvíar	kʰ v iː j a r
kynþáttafordóma	cʰ ɪ n θ a u h t a f ɔ r t o uː m a
lagagreinar	l aː ɣ a k r e iː n a r
landamerkjum	l a n t a m ɛ r̥ c ʏ m
landhelginnar	l a n t h ɛ l c ɪ nː a r
landstjóri	l a n t s t j o uː r ɪ
landvinninga	l a n t v ɪ nː i ŋ k a
leiru	l e iː r ʏ
lesna	l ɛ s t n a
ljósár	l j o uː s a uː r
ljóðræn	l j o u ð r a iː n
lykkjuna	l ɪ h c ʏ n a
láka	l a uː k a
lása	l a uː s a
lífeldsneyti	l iː v ɛ l t s n e iː t ɪ
lýs	l iː s
lýsu	l iː s ʏ
magasín	m aː ɣ a s iː n
malti	m a l̥ t ɪ
mannbjörg	m a nː p j œ r k
minjasafn	m ɪ n j a s a p n
minnismerkið	m ɪ nː ɪ s m ɛ r̥ c ɪ ð
misheppnað	m ɪː s h ɛ h p n a ð
moral	m ɔː r a l
nasisma	n aː s ɪ s m a
nautasteik	n ø yː t a s t e iː k
neinei	n e iː n e iː
neitunarvaldi	n e iː t ʏ n a r v a l t ɪ
nitur	n ɪː t ʏ r
nordland	n ɔ r t l a n t
notfærir	n ɔː t f a iː r ɪ r
nytjar	n ɪː t j a r
nágrannaríkjum	n a uː k r a nː a r iː c ʏ m
nælt	n a i l̥ t
nóturnar	n o uː t ʏ r t n a r
nýlegir	n iː l e iː j ɪ r
oder	ɔː t ɛ r
ofurhetjur	ɔː v ʏ r h ɛː t j ʏ r
opinnar	ɔː p ɪ nː a r
opus	ɔː p ʏ s
ormi	ɔ r m ɪ
pabbar	pʰ a pː a r
parts	pʰ a r̥ t s
pei	pʰ e iː
persónunnar	pʰ ɛ r̥ s o uː n ʏ nː a r
perunni	pʰ ɛː r ʏ nː ɪ
plenty	pʰ l ɛ n̥ t ɪ
poppið	pʰ ɔ h p ɪ ð
puma	pʰ ʏː m a
punt	pʰ ʏ n̥ t
pörin	pʰ œː r ɪ n
rannsóknasjóðs	r a nː s o u h k n a s j o u ð s
rappi	r a h p ɪ
rauðalæk	r ø yː ð a l a iː k
rekki	r ɛ h c ɪ
rithöfundarnir	r ɪː t h œː v ʏ n t a r t n ɪ r
rokktónlist	r ɔ h k tʰ o u n l ɪ s t
root	r ɔː t
rules	r ʏː l ɛː s
russia	r ʏ sː ɪ a
russian	r ʏ sː ɪ aː n
rutar	r ʏː t a r
ræktunin	r a i x t ʏ n ɪ n
réttsýni	r j ɛ h t s iː n ɪ
ríkisfyrirtækja	r iː c ɪ s f ɪː r ɪ r tʰ a iː c a
ríkissáttasemjari	r iː c ɪ s s a u h t a s ɛ m j a r ɪ
róttækir	r o u h t a iː c ɪ r
safnara	s a p n a r a
saklausan	s aː k l ø yː s a n
samkynhneigðar	s a m cʰ ɪ n n̥ e i ɣ ð a r
samtímalist	s a m tʰ iː m a l ɪ s t
sektaður	s ɛ x t aː ð ʏ r
selá	s ɛː l a uː
shades	s h aː t ɛː s
siemens	s ɪː m ɛ n s
sigurlaugu	s ɪː ɣ ʏ r l ø yː ɣ ʏ
sigurvinsson	s ɪː ɣ ʏ r v ɪ n sː ɔː n
simbabve	s ɪ m p a p v ɛː
siðaskipti	s ɪː ð a s c ɪ f t ɪ
sjávarþorp	s j a uː v a r θ ɔ r̥ p
skagfirðingar	s k a x f ɪ r ð i ŋ k a r
skannar	s k a nː a r
skrifstofustörf	s k r ɪ f s t ɔː v ʏ s t œ r v
skriðsundi	s k r ɪ ð s ʏ n t ɪ
skriðuföll	s k r ɪː ð ʏ f œ t l
skurðum	s k ʏ r ð ʏ m
skók	s k o uː k
skólahalds	s k o uː l a h a l t s
skörungur	s k œː r u ŋ k ʏ r
sláturfélag	s t l a uː t ʏ r f j ɛː l aː ɣ
snemmsumars	s t n ɛ m s ʏː m a r̥ s
spectrum	s p ɛ x t r ʏ m
spenntari	s p ɛ n̥ t a r ɪ
spjótkasti	s p j o uː t kʰ a s t ɪ
spítölum	s p iː tʰ œː l ʏ m
staðardagskrá	s t aː ð a r t a x s k r a uː
stick	s t ɪ h k
stjórnmálaskoðunum	s t j o u r t n m a uː l a s k ɔː ð ʏ n ʏ m
strandlengjuna	s t r a n t l e i ɲ c ʏː n a
stuff	s t ʏ fː
stuttra	s t ʏ h t r a
stöðvuðu	s t œ ð v ʏː ð ʏ
subject	s ʏ p j ɛ x t
sundlauga	s ʏ n t l ø yː ɣ a
sunnarlega	s ʏ nː a r l ɛː ɣ a
sæbjörg	s a iː p j œ r k
sæbóli	s a iː p o uː l ɪ
söknum	s œ h k n ʏ m
talnanna	tʰ a l n a nː a
tegundanna	tʰ ɛː ɣ ʏ n t a nː a
teiknimyndum	tʰ e i h k n ɪ m ɪ n t ʏ m
treystið	tʰ r e i s t ɪ ð
tryggvasyni	tʰ r ɪ kː v a s ɪː n ɪ
trúarhópa	tʰ r uː a r h o uː p a
tónlistarmann	tʰ o u n l ɪ s t a r m a nː
uppleyst	ʏ h p l e i s t
uppsprettum	ʏ h p s p r ɛ h t ʏ m
uva	ʏː v a
valborg	v a l p ɔ r k
vatnsfalla	v a h t n s f a t l a
veritas	v ɛː r ɪ tʰ aː s
vinds	v ɪ n t s
vistinni	v ɪ s t ɪ nː ɪ
vitlausar	v ɪː t l ø yː s a r
viðskiptasamninga	v ɪ ð s c ɪ f t a s a m n i ŋ k a
vogaskóla	v ɔː ɣ a s k o uː l a
vísindagreinum	v iː s ɪ n t a k r e iː n ʏ m
víðri	v i ð r ɪ
vörðust	v œ r ð ʏ s t
yfirstétt	ɪː v ɪ r̥ s t j ɛ h t
zuma	s ʏː m a
ábúenda	a uː p uː ɛ n t a
ágústar	a uː k u s t a r
ágústus	a uː k u s t ʏ s
áhyggjufullir	a uː h ɪ cː ʏ f ʏ t l ɪ r
áhættusamt	a uː h a i h t ʏ s a m̥ t
árdal	a u r t aː l
árnastofnun	a u r t n a s t ɔ p n ʏ n
áru	a uː r ʏ
ásbjarnar	a uː s p j a r t n a r
áströlsku	a uː s t r œ l s k ʏ
ástvaldur	a u s t v a l t ʏ r
ítalskri	iː tʰ a l s k r ɪ
íþróttasambands	iː θ r o u h t a s a m p a n t s
ónákvæm	o uː n a uː kʰ v a iː m
óvininum	o uː v ɪː n ɪ n ʏ m
önundar	œː n ʏ n t a r
öryggisráðs	œː r ɪ cː ɪ s r a u ð s
útlendir	uː t l ɛ n t ɪ r
þingmanninum	θ i ŋ k m a nː ɪ n ʏ m
þjóðfána	θ j o u ð f a uː n a
þrennum	θ r ɛ nː ʏ m
þrestir	θ r ɛ s t ɪ r
þrýstinginn	θ r i s t i ɲ c ɪ n
þurrara	θ ʏ rː a r a
þversnið	θ v ɛ r̥ s t n ɪː ð
þyrftir	θ ɪ r̥ t ɪ r
þóranna	θ o uː r a nː a
þórberg	θ o u r p ɛ r k
þórhalla	θ o uː r h a t l a
þýtur	θ iː t ʏ r
